Task 67/214: --problem vanderpol --model stiff --profile fast --seed 13 --pretraining derivmatch --training shapovalova
Logging to /home/txenakis/projects/BVPsolver/logs/run_main_20252509_67.log
vanderpol  model=stiff d=2 tlen=151 profile=fast seed=13  solver=Kvaerno5  N=268
  derivmatch lr=0.01 iter=170/3400 loss=7.275
  derivmatch lr=0.01 iter=340/3400 loss=6.09
  derivmatch lr=0.01 iter=510/3400 loss=5.31
  derivmatch lr=0.01 iter=680/3400 loss=5.26
  derivmatch lr=0.01 iter=850/3400 loss=3.776
  derivmatch lr=0.01 iter=1020/3400 loss=2.87
  derivmatch lr=0.01 iter=1190/3400 loss=4.754
  derivmatch lr=0.01 iter=1360/3400 loss=3.178
  derivmatch lr=0.01 iter=1530/3400 loss=4.882
  derivmatch lr=0.01 iter=1700/3400 loss=3.287
  derivmatch lr=0.01 iter=1870/3400 loss=3.656
  derivmatch lr=0.01 iter=2040/3400 loss=1.685
  derivmatch lr=0.01 iter=2210/3400 loss=2.439
  derivmatch lr=0.01 iter=2380/3400 loss=0.3166
  derivmatch lr=0.01 iter=2550/3400 loss=2.282
  derivmatch lr=0.01 iter=2720/3400 loss=1.798
  derivmatch lr=0.01 iter=2890/3400 loss=3.575
  derivmatch lr=0.01 iter=3060/3400 loss=1.321
  derivmatch lr=0.01 iter=3230/3400 loss=2.439
  derivmatch lr=0.01 iter=3400/3400 loss=1.559
  derivmatch lr=0.01 iter=3400/3400 loss=0.1035
  derivmatch lr=0.003 iter=125/2500 loss=0.06883
  derivmatch lr=0.003 iter=250/2500 loss=0.07628
  derivmatch lr=0.003 iter=375/2500 loss=0.06855
  derivmatch lr=0.003 iter=500/2500 loss=0.06521
  derivmatch lr=0.003 iter=625/2500 loss=0.05897
  derivmatch lr=0.003 iter=750/2500 loss=0.05623
  derivmatch lr=0.003 iter=875/2500 loss=0.05072
  derivmatch lr=0.003 iter=1000/2500 loss=0.04955
  derivmatch lr=0.003 iter=1125/2500 loss=0.04548
  derivmatch lr=0.003 iter=1250/2500 loss=0.0453
  derivmatch lr=0.003 iter=1375/2500 loss=0.0456
  derivmatch lr=0.003 iter=1500/2500 loss=0.04242
  derivmatch lr=0.003 iter=1625/2500 loss=0.03998
  derivmatch lr=0.003 iter=1750/2500 loss=0.04075
  derivmatch lr=0.003 iter=1875/2500 loss=0.04088
  derivmatch lr=0.003 iter=2000/2500 loss=0.03898
  derivmatch lr=0.003 iter=2125/2500 loss=0.03591
  derivmatch lr=0.003 iter=2250/2500 loss=0.03763
  derivmatch lr=0.003 iter=2375/2500 loss=0.03351
  derivmatch lr=0.003 iter=2500/2500 loss=0.03788
  derivmatch lr=0.003 iter=2500/2500 loss=0.03144
  derivmatch lr=0.001 iter=125/2500 loss=0.01367
  derivmatch lr=0.001 iter=250/2500 loss=0.01335
  derivmatch lr=0.001 iter=375/2500 loss=0.01299
  derivmatch lr=0.001 iter=500/2500 loss=0.01261
  derivmatch lr=0.001 iter=625/2500 loss=0.01611
  derivmatch lr=0.001 iter=750/2500 loss=0.01532
  derivmatch lr=0.001 iter=875/2500 loss=0.01481
  derivmatch lr=0.001 iter=1000/2500 loss=0.01464
  derivmatch lr=0.001 iter=1125/2500 loss=0.0144
  derivmatch lr=0.001 iter=1250/2500 loss=0.01397
  derivmatch lr=0.001 iter=1375/2500 loss=0.01369
  derivmatch lr=0.001 iter=1500/2500 loss=0.01327
  derivmatch lr=0.001 iter=1625/2500 loss=0.01301
  derivmatch lr=0.001 iter=1750/2500 loss=0.01261
  derivmatch lr=0.001 iter=1875/2500 loss=0.01237
  derivmatch lr=0.001 iter=2000/2500 loss=0.012
  derivmatch lr=0.001 iter=2125/2500 loss=0.01179
  derivmatch lr=0.001 iter=2250/2500 loss=0.01146
  derivmatch lr=0.001 iter=2375/2500 loss=0.01129
  derivmatch lr=0.001 iter=2500/2500 loss=0.01099
  derivmatch lr=0.001 iter=2500/2500 loss=0.01099
  derivmatch lr=0.0003 iter=80/1600 loss=0.00734
  derivmatch lr=0.0003 iter=160/1600 loss=0.007305
  derivmatch lr=0.0003 iter=240/1600 loss=0.007269
  derivmatch lr=0.0003 iter=320/1600 loss=0.007227
  derivmatch lr=0.0003 iter=400/1600 loss=0.007179
  derivmatch lr=0.0003 iter=480/1600 loss=0.007127
  derivmatch lr=0.0003 iter=560/1600 loss=0.00707
  derivmatch lr=0.0003 iter=640/1600 loss=0.007009
  derivmatch lr=0.0003 iter=720/1600 loss=0.006945
  derivmatch lr=0.0003 iter=800/1600 loss=0.006878
  derivmatch lr=0.0003 iter=880/1600 loss=0.006807
  derivmatch lr=0.0003 iter=960/1600 loss=0.006733
  derivmatch lr=0.0003 iter=1040/1600 loss=0.006657
  derivmatch lr=0.0003 iter=1120/1600 loss=0.006579
  derivmatch lr=0.0003 iter=1200/1600 loss=0.006498
  derivmatch lr=0.0003 iter=1280/1600 loss=0.006445
  derivmatch lr=0.0003 iter=1360/1600 loss=0.006342
  derivmatch lr=0.0003 iter=1440/1600 loss=0.006265
  derivmatch lr=0.0003 iter=1520/1600 loss=0.006187
  derivmatch lr=0.0003 iter=1600/1600 loss=0.006155
  derivmatch lr=0.0003 iter=1600/1600 loss=0.006114
derivative matching [32s]  fitloss=0.00611
  [derivative matching]  nrmse=0.38  l2=325.5

******************************************************************************
This program contains Ipopt, a library for large-scale nonlinear optimization.
 Ipopt is released as open source code under the Eclipse Public License (EPL).
         For more information visit https://github.com/coin-or/Ipopt
******************************************************************************

This is Ipopt version 3.14.19, running with linear solver MUMPS 5.9.0.

Number of nonzeros in equality constraint Jacobian...:   126842
Number of nonzeros in inequality constraint Jacobian.:        0
Number of nonzeros in Lagrangian Hessian.............:        0

Total number of variables............................:      570
                     variables with only lower bounds:        0
                variables with lower and upper bounds:        0
                     variables with only upper bounds:        0
Total number of equality constraints.................:      304
Total number of inequality constraints...............:        0
        inequality constraints with only lower bounds:        0
   inequality constraints with lower and upper bounds:        0
        inequality constraints with only upper bounds:        0

iter    objective    inf_pr   inf_du lg(mu)  ||d||  lg(rg) alpha_du alpha_pr  ls
   0  2.1332331e-04 1.26e+00 7.60e-06   0.0 0.00e+00    -  0.00e+00 0.00e+00   0
   1  1.0097386e-02 1.23e+00 6.05e-01 -11.0 1.84e+00    -  1.00e+00 3.12e-02h  6
   2  1.2942158e-01 2.19e+00 2.38e+00 -11.0 1.41e+00    -  1.00e+00 1.25e-01h  4
   3  6.2626786e-01 5.66e+00 2.59e+01 -11.0 1.12e+00    -  1.00e+00 2.50e-01h  3
   4  8.6521630e-01 6.20e+00 9.93e+00 -11.0 7.76e-01    -  1.00e+00 1.25e-01h  4
   5  9.7947077e-01 6.14e+00 1.07e+01 -11.0 7.24e-01    -  1.00e+00 6.25e-02h  5
   6  1.0327189e+00 6.04e+00 1.28e+01 -11.0 6.66e-01    -  1.00e+00 3.12e-02h  6
   7  1.0865380e+00 5.95e+00 1.51e+01 -11.0 6.49e-01    -  1.00e+00 3.12e-02h  6
   8  1.1076445e+00 5.90e+00 1.75e+01 -11.0 9.94e-01    -  1.00e+00 1.56e-02h  7
   9  1.1287186e+00 5.85e+00 2.02e+01 -11.0 9.10e-01    -  1.00e+00 1.56e-02h  7
iter    objective    inf_pr   inf_du lg(mu)  ||d||  lg(rg) alpha_du alpha_pr  ls
  10  1.1386617e+00 5.82e+00 2.16e+01 -11.0 8.51e-01    -  1.00e+00 7.81e-03h  8
  11  4.0655765e+00 7.42e+02 1.29e+02 -11.0 5.67e-01    -  1.00e+00 1.00e+00w  1
  12  3.4581978e+00 1.67e+02 1.19e+03 -11.0 8.70e-01    -  1.00e+00 1.00e+00w  1
  13  3.3029095e+00 4.54e+01 2.49e+02 -11.0 3.70e-01    -  1.00e+00 1.00e+00w  1
  14  1.6928261e+00 5.83e+00 2.92e+01 -11.0 4.31e-01    -  1.00e+00 2.50e-01h  2
  15  1.8698921e+00 5.13e+00 3.96e+01 -11.0 3.15e-01    -  1.00e+00 1.25e-01h  4
  16  2.0065361e+00 4.43e+00 5.29e+01 -11.0 3.00e-01    -  1.00e+00 1.25e-01h  4
  17  2.0201577e+00 4.18e+00 6.19e+01 -11.0 2.91e-01    -  1.00e+00 6.25e-02h  5
  18  2.0196133e+00 3.96e+00 7.14e+01 -11.0 2.57e-01    -  1.00e+00 6.25e-02h  5
  19  1.9965043e+00 3.72e+00 9.21e+01 -11.0 2.37e-01    -  1.00e+00 1.25e-01h  4
iter    objective    inf_pr   inf_du lg(mu)  ||d||  lg(rg) alpha_du alpha_pr  ls
  20  1.9513672e+00 3.60e+00 1.04e+02 -11.0 3.92e-01    -  1.00e+00 6.25e-02h  5
  21  1.8568225e+00 3.66e+00 1.27e+02 -11.0 4.43e-01    -  1.00e+00 1.25e-01h  4
  22  1.8088451e+00 3.63e+00 1.33e+02 -11.0 1.41e+00    -  1.00e+00 1.56e-02h  7
  23  1.7357280e+00 3.61e+00 1.42e+02 -11.0 1.17e+00    -  1.00e+00 3.12e-02h  6
  24  2.2067450e+00 4.31e+01 1.38e+02 -11.0 8.31e-01    -  1.00e+00 1.00e+00w  1
  25  2.0103079e+00 2.55e+01 1.81e+01 -11.0 1.00e+00    -  1.00e+00 1.00e+00w  1
  26  1.1058671e+00 1.94e+00 3.78e+01 -11.0 3.62e-01    -  1.00e+00 1.00e+00h  1
  27  1.2413398e+00 2.26e+00 2.70e+01 -11.0 3.93e-01    -  1.00e+00 1.00e+00h  1
  28  9.3820983e-01 1.69e+00 4.59e+01 -11.0 1.60e-01    -  1.00e+00 1.00e+00h  1
  29  5.2992894e-01 3.27e+00 6.12e+01 -11.0 5.48e-01    -  1.00e+00 1.00e+00h  1
iter    objective    inf_pr   inf_du lg(mu)  ||d||  lg(rg) alpha_du alpha_pr  ls
  30  6.1404642e-01 5.82e-01 6.01e+01 -11.0 1.57e-01    -  1.00e+00 1.00e+00h  1
  31  5.6263998e-01 3.05e-01 3.47e+01 -11.0 3.26e-01    -  1.00e+00 5.00e-01h  2
  32  5.2277174e-01 2.63e-01 3.08e+01 -11.0 1.82e-01    -  1.00e+00 5.00e-01h  2
  33  5.2190915e-01 2.46e-01 2.65e+01 -11.0 1.65e-01    -  1.00e+00 1.25e-01h  4
  34  5.2115048e-01 2.28e-01 2.16e+01 -11.0 1.75e-01    -  1.00e+00 1.25e-01h  4
  35  5.2162387e-01 2.17e-01 1.91e+01 -11.0 1.79e-01    -  1.00e+00 6.25e-02h  5
  36  3.6998945e-01 5.74e-01 4.53e+01 -11.0 3.51e-01    -  1.00e+00 5.00e-01h  2
  37  2.7989331e-01 6.56e-01 4.76e+01 -11.0 4.19e-01    -  1.00e+00 1.00e+00h  1
  38  2.7196567e-01 2.58e-01 3.53e+01 -11.0 1.30e-01    -  1.00e+00 1.00e+00h  1
  39  2.0317469e-01 4.85e-01 1.47e+02 -11.0 1.60e-01    -  1.00e+00 1.00e+00h  1
iter    objective    inf_pr   inf_du lg(mu)  ||d||  lg(rg) alpha_du alpha_pr  ls
  40  1.3891697e-01 5.95e-02 4.24e+01 -11.0 6.59e-02    -  1.00e+00 1.00e+00h  1
  41  1.2636346e-01 1.06e-01 8.38e+01 -11.0 7.05e-02    -  1.00e+00 1.00e+00h  1
  42  1.3125408e-01 8.17e-02 7.41e+01 -11.0 5.56e-02    -  1.00e+00 2.50e-01h  3
  43  1.3528898e-01 6.54e-02 6.14e+01 -11.0 5.58e-02    -  1.00e+00 2.50e-01h  3
  44  1.2596186e-01 6.53e-02 5.59e+01 -11.0 1.43e-01    -  1.00e+00 2.50e-01h  3
  45  1.2036375e-01 1.56e-01 5.90e+01 -11.0 3.83e+00    -  1.00e+00 1.56e-02h  7
  46  1.1609774e-01 1.44e-01 4.84e+01 -11.0 7.91e-02    -  1.00e+00 2.50e-01h  3
  47  1.1532109e-01 2.09e-01 2.71e+01 -11.0 2.79e-01    -  1.00e+00 1.25e-01h  4
  48  1.0237977e-01 3.13e-01 4.42e+01 -11.0 1.10e+00    -  1.00e+00 6.25e-02h  5
  49  1.0170939e-01 3.69e-01 4.73e+01 -11.0 1.71e+01    -  1.00e+00 1.95e-03h 10
iter    objective    inf_pr   inf_du lg(mu)  ||d||  lg(rg) alpha_du alpha_pr  ls
  50  9.8797693e-02 3.88e-01 4.90e+01 -11.0 2.23e+01    -  1.00e+00 9.77e-04h 11
  51  9.8791467e-02 3.90e-01 4.92e+01 -11.0 2.42e+00    -  1.00e+00 3.91e-03h  9
  52  1.0516054e-01 6.63e-02 4.59e+00 -11.0 2.52e-02    -  1.00e+00 1.00e+00h  1
  53  1.2843887e-01 5.66e-02 7.61e+01 -11.0 5.81e-02    -  1.00e+00 1.00e+00h  1
  54  1.2274611e-01 4.04e-02 1.32e+01 -11.0 4.27e-02    -  1.00e+00 1.00e+00H  1
  55  9.7479645e-02 3.81e-02 7.61e+01 -11.0 2.18e-02    -  1.00e+00 1.00e+00h  1
  56  9.6785486e-02 2.64e-02 4.51e+01 -11.0 2.53e-02    -  1.00e+00 5.00e-01h  2
  57  6.1257304e-02 4.76e-01 5.82e+01 -11.0 5.60e-02    -  1.00e+00 1.00e+00h  1
  58  5.2596204e-02 1.04e-01 2.17e+01 -11.0 2.83e-02    -  1.00e+00 1.00e+00h  1
  59  4.8569818e-02 1.83e-02 1.23e+01 -11.0 2.50e-02    -  1.00e+00 1.00e+00h  1
iter    objective    inf_pr   inf_du lg(mu)  ||d||  lg(rg) alpha_du alpha_pr  ls
  60  4.5420710e-02 5.65e-02 3.98e+00 -11.0 4.78e-02    -  1.00e+00 5.00e-01h  2
  61  3.8514929e-02 1.61e-01 9.75e+00 -11.0 1.06e-01    -  1.00e+00 5.00e-01h  2
  62  3.3044331e-02 3.67e-01 1.03e+01 -11.0 2.55e+00    -  1.00e+00 3.12e-02h  6
  63  3.1026090e-02 1.13e-01 1.16e+01 -11.0 5.62e-02    -  1.00e+00 1.00e+00h  1
  64  2.4150640e-02 1.21e-01 8.24e+00 -11.0 5.52e-02    -  1.00e+00 1.00e+00h  1
  65  2.1799327e-02 7.85e-02 6.11e+00 -11.0 4.76e-02    -  1.00e+00 1.00e+00h  1
  66  2.4520197e-02 5.57e-02 2.11e+00 -11.0 3.44e-02    -  1.00e+00 1.00e+00h  1
  67  2.2364104e-02 4.32e-02 4.62e+00 -11.0 1.31e-01    -  1.00e+00 5.00e-01h  2
  68  1.9234170e-02 1.13e-01 1.45e+01 -11.0 6.83e-02    -  1.00e+00 5.00e-01h  2
  69  1.7277097e-02 2.28e-02 3.83e+00 -11.0 2.19e-02    -  1.00e+00 1.00e+00h  1
iter    objective    inf_pr   inf_du lg(mu)  ||d||  lg(rg) alpha_du alpha_pr  ls
  70  1.6945654e-02 2.33e-02 1.95e+00 -11.0 3.29e-02    -  1.00e+00 1.00e+00h  1
  71  1.6499215e-02 8.08e-03 1.53e+00 -11.0 2.55e-02    -  1.00e+00 1.00e+00h  1
  72  1.5424251e-02 6.69e-03 2.61e+00 -11.0 1.51e-02    -  1.00e+00 1.00e+00h  1
  73  1.5161977e-02 3.10e-03 3.98e-01 -11.0 1.17e-02    -  1.00e+00 1.00e+00h  1
  74  1.4944146e-02 1.61e-01 3.40e+00 -11.0 6.95e-02    -  1.00e+00 1.00e+00h  1
  75  1.4944869e-02 1.60e-01 2.77e+00 -11.0 1.37e-01    -  1.00e+00 1.25e-01h  4
  76  1.3382353e-02 5.66e-02 1.22e+00 -11.0 2.74e-02    -  1.00e+00 1.00e+00h  1
  77  1.3261999e-02 5.82e-02 1.33e+00 -11.0 1.04e-01    -  1.00e+00 1.25e-01h  4
  78  1.3213452e-02 7.93e-02 1.55e+00 -11.0 6.58e-02    -  1.00e+00 5.00e-01h  2
  79  1.2830258e-02 1.54e-01 1.27e+00 -11.0 6.27e-02    -  1.00e+00 1.00e+00h  1
iter    objective    inf_pr   inf_du lg(mu)  ||d||  lg(rg) alpha_du alpha_pr  ls
  80  1.2837433e-02 1.46e-01 1.40e+00 -11.0 4.40e-01    -  1.00e+00 3.12e-02h  6
  81  1.2200777e-02 1.34e+00 2.03e+00 -11.0 1.37e-01    -  1.00e+00 1.00e+00h  1
  82  1.2042919e-02 1.28e+00 2.63e+00 -11.0 3.43e-01    -  1.00e+00 1.25e-01h  4
  83  1.1861025e-02 1.15e+00 2.74e+00 -11.0 2.08e-01    -  1.00e+00 1.25e-01h  4
  84  1.2345808e-02 6.16e-01 2.02e+00 -11.0 6.59e-02    -  1.00e+00 5.00e-01h  2
  85  1.1935402e-02 5.30e-01 1.66e+00 -11.0 1.22e-01    -  1.00e+00 5.00e-01h  2
  86  1.2828719e-02 3.95e-01 1.45e+00 -11.0 9.58e-02    -  1.00e+00 2.50e-01h  3
  87  1.1529314e-02 5.37e-02 3.44e-01 -11.0 3.25e-02    -  1.00e+00 1.00e+00h  1
  88  1.2706268e-02 1.51e-02 7.97e-01 -11.0 1.69e-02    -  1.00e+00 1.00e+00h  1
  89  1.1745970e-02 5.73e-02 4.44e-01 -11.0 2.87e-02    -  1.00e+00 1.00e+00h  1
iter    objective    inf_pr   inf_du lg(mu)  ||d||  lg(rg) alpha_du alpha_pr  ls
  90  1.2285647e-02 3.17e-02 1.28e+00 -11.0 3.07e-02    -  1.00e+00 1.00e+00h  1
  91  1.1911801e-02 4.27e-02 1.54e+00 -11.0 7.75e-02    -  1.00e+00 2.50e-01h  3
  92  1.1551745e-02 4.12e-02 9.57e-01 -11.0 5.37e-02    -  1.00e+00 5.00e-01h  2
  93  1.2067898e-02 2.23e-02 5.64e-01 -11.0 2.12e-02    -  1.00e+00 1.00e+00h  1
  94  1.1105316e-02 7.80e-03 3.66e-01 -11.0 1.52e-02    -  1.00e+00 1.00e+00h  1
  95  1.1293593e-02 1.13e-02 8.29e-01 -11.0 2.86e-02    -  1.00e+00 1.00e+00H  1
  96  1.1134273e-02 6.44e-03 1.81e-01 -11.0 1.09e-02    -  1.00e+00 1.00e+00h  1
  97  1.0993127e-02 2.93e-03 9.62e-02 -11.0 8.41e-03    -  1.00e+00 1.00e+00h  1
  98  1.0981212e-02 4.83e-04 8.99e-02 -11.0 1.99e-03    -  1.00e+00 1.00e+00h  1
  99  1.0947885e-02 3.67e-04 4.41e-02 -11.0 2.11e-03    -  1.00e+00 1.00e+00h  1
iter    objective    inf_pr   inf_du lg(mu)  ||d||  lg(rg) alpha_du alpha_pr  ls
 100  1.0924629e-02 6.23e-04 4.82e-02 -11.0 4.51e-03    -  1.00e+00 1.00e+00h  1
 101  1.0903467e-02 3.67e-03 1.83e-01 -11.0 8.94e-02    -  1.00e+00 1.25e-01h  4
 102  1.0823658e-02 4.55e-02 6.65e-01 -11.0 8.91e-02    -  1.00e+00 5.00e-01h  2
 103  1.0792893e-02 9.47e-02 1.24e+00 -11.0 2.81e+00    -  1.00e+00 1.56e-02h  7
 104  1.0686093e-02 1.24e-01 1.65e+00 -11.0 6.12e-01    -  1.00e+00 6.25e-02h  5
 105  1.0650713e-02 5.13e-01 2.79e+00 -11.0 9.92e-01    -  1.00e+00 1.25e-01h  4
 106  1.0601341e-02 5.41e-01 3.11e+00 -11.0 1.76e+00    -  1.00e+00 1.56e-02h  7
 107  1.0520436e-02 5.57e-01 3.32e+00 -11.0 4.77e-01    -  1.00e+00 6.25e-02h  5
 108  1.0419600e-02 9.75e-01 4.28e+00 -11.0 8.37e-01    -  1.00e+00 1.25e-01h  4
 109  1.0400372e-02 1.06e+00 4.78e+00 -11.0 5.94e+00    -  1.00e+00 7.81e-03h  8
iter    objective    inf_pr   inf_du lg(mu)  ||d||  lg(rg) alpha_du alpha_pr  ls
 110  1.0302419e-02 1.08e+00 4.85e+00 -11.0 5.03e-01    -  1.00e+00 1.25e-01h  4
 111  1.3971586e-01 2.68e+01 6.20e+00 -11.0 8.91e-01    -  1.00e+00 1.00e+00w  1
 112  1.0406706e-01 1.06e+01 6.89e+01 -11.0 3.55e-01    -  1.00e+00 1.00e+00w  1
 113  2.2117084e-01 1.78e+01 9.93e+01 -11.0 1.10e+00    -  1.00e+00 1.00e+00w  1
 114  1.0253438e-02 1.08e+00 4.98e+00 -11.0 9.59e-01    -  1.00e+00 3.12e-02h  5
 115  1.0353277e-02 9.18e-01 3.54e+00 -11.0 1.99e-01    -  1.00e+00 2.50e-01h  3
 116  1.0519181e-02 9.14e-01 3.55e+00 -11.0 5.43e-01    -  1.00e+00 6.25e-02h  5
 117  1.0408262e-02 6.97e-01 2.63e+00 -11.0 5.23e-02    -  1.00e+00 2.50e-01h  3
 118  1.0320537e-02 3.88e-02 1.81e+00 -11.0 3.47e-02    -  1.00e+00 1.00e+00h  1
 119  1.0094806e-02 1.99e-02 1.14e+00 -11.0 4.69e-02    -  1.00e+00 5.00e-01h  2
iter    objective    inf_pr   inf_du lg(mu)  ||d||  lg(rg) alpha_du alpha_pr  ls
 120  9.9806324e-03 7.46e-02 6.87e-01 -11.0 8.10e-02    -  1.00e+00 5.00e-01h  2
 121  9.9628686e-03 7.24e-02 5.61e-01 -11.0 6.58e-02    -  1.00e+00 1.25e-01h  4
 122  9.9512432e-03 2.75e-02 2.27e-01 -11.0 3.11e-02    -  1.00e+00 1.00e+00h  1
 123  1.0270264e-02 6.03e-03 1.52e-01 -11.0 3.57e-02    -  1.00e+00 1.00e+00H  1
 124  1.0117596e-02 1.30e-02 3.16e-01 -11.0 2.21e-02    -  1.00e+00 1.00e+00h  1
 125  9.9209800e-03 2.60e-02 1.73e-01 -11.0 4.48e-02    -  1.00e+00 5.00e-01h  2
 126  9.9074800e-03 1.80e-02 1.05e-01 -11.0 1.75e-02    -  1.00e+00 2.50e-01h  3
 127  9.8599910e-03 1.25e-03 3.40e-02 -11.0 4.31e-03    -  1.00e+00 1.00e+00h  1
 128  9.8488260e-03 8.91e-03 3.62e-02 -11.0 1.18e-02    -  1.00e+00 1.00e+00h  1
 129  9.9157764e-03 9.58e-04 5.19e-02 -11.0 1.92e-02    -  1.00e+00 1.00e+00H  1
iter    objective    inf_pr   inf_du lg(mu)  ||d||  lg(rg) alpha_du alpha_pr  ls
 130  9.8901476e-03 1.96e-03 1.23e-01 -11.0 2.51e-02    -  1.00e+00 1.00e+00H  1
 131  9.8461478e-03 7.44e-04 1.61e-01 -11.0 2.81e-02    -  1.00e+00 2.50e-01h  3
 132  9.7691369e-03 7.93e-03 1.07e-01 -11.0 1.09e-02    -  1.00e+00 1.00e+00h  1
 133  9.8859830e-03 7.66e-04 4.24e-02 -11.0 7.20e-03    -  1.00e+00 1.00e+00h  1
 134  9.7289988e-03 1.00e-03 5.35e-02 -11.0 5.48e-03    -  1.00e+00 1.00e+00h  1
 135  9.7192433e-03 3.07e-03 1.17e-02 -11.0 6.96e-03    -  1.00e+00 1.00e+00h  1
 136  9.7094404e-03 2.52e-01 1.28e-01 -11.0 1.00e+00    -  1.00e+00 6.25e-02h  5
 137  9.6999540e-03 2.81e-01 1.48e-01 -11.0 5.89e+00    -  1.00e+00 3.91e-03h  9
 138  9.6820128e-03 2.90e-01 1.17e-01 -11.0 3.48e-01    -  1.00e+00 6.25e-02h  5
 139  9.6619450e-03 4.44e-01 1.42e-01 -11.0 8.24e-01    -  1.00e+00 6.25e-02h  5
iter    objective    inf_pr   inf_du lg(mu)  ||d||  lg(rg) alpha_du alpha_pr  ls
 140  9.6467576e-03 7.33e-01 1.50e-01 -11.0 6.31e-01    -  1.00e+00 1.25e-01h  4
 141  9.6025874e-03 7.43e-01 2.52e-01 -11.0 1.42e+00    -  1.00e+00 1.56e-02h  7
 142  9.5284679e-03 9.62e-01 4.60e-01 -11.0 1.31e+00    -  1.00e+00 6.25e-02h  5
 143  9.5089854e-03 8.92e-01 4.71e-01 -11.0 3.53e-01    -  1.00e+00 6.25e-02h  5
 144  9.4359295e-03 8.09e-01 3.01e-01 -11.0 1.10e-01    -  1.00e+00 1.25e-01h  4
 145  9.7087649e-03 1.25e-01 2.24e-01 -11.0 2.86e-02    -  1.00e+00 1.00e+00h  1
 146  9.4189838e-03 4.95e-02 2.10e-01 -11.0 5.49e-02    -  1.00e+00 5.00e-01h  2
 147  9.3884042e-03 9.41e-02 1.22e-01 -11.0 3.21e-02    -  1.00e+00 5.00e-01h  2
 148  9.4589643e-03 6.81e-02 1.73e-01 -11.0 1.23e-02    -  1.00e+00 1.00e+00h  1
 149  9.2087105e-03 2.74e-02 1.10e-01 -11.0 6.26e-03    -  1.00e+00 1.00e+00h  1
iter    objective    inf_pr   inf_du lg(mu)  ||d||  lg(rg) alpha_du alpha_pr  ls
 150  9.1883273e-03 8.92e-04 5.40e-02 -11.0 3.37e-03    -  1.00e+00 1.00e+00h  1
 151  9.1559382e-03 3.98e-04 7.19e-02 -11.0 2.17e-03    -  1.00e+00 1.00e+00h  1
 152  9.4454176e-03 2.45e-04 2.11e-01 -11.0 1.96e-02    -  1.00e+00 1.00e+00H  1
 153  9.0677128e-03 1.73e-02 2.09e-01 -11.0 8.33e-03    -  1.00e+00 1.00e+00h  1
 154  9.0161322e-03 5.15e-03 1.40e-01 -11.0 4.85e-03    -  1.00e+00 1.00e+00h  1
 155  8.9765290e-03 2.38e-03 3.78e-02 -11.0 2.66e-03    -  1.00e+00 1.00e+00h  1
 156  8.9610865e-03 1.22e-03 3.77e-02 -11.0 2.57e-03    -  1.00e+00 1.00e+00h  1
 157  8.9303631e-03 2.84e-02 1.09e-01 -11.0 9.32e-03    -  1.00e+00 1.00e+00h  1
 158  8.8946905e-03 1.04e-01 1.32e-01 -11.0 7.00e-02    -  1.00e+00 2.50e-01h  3
 159  8.8650515e-03 1.33e-01 1.59e-01 -11.0 1.68e-01    -  1.00e+00 6.25e-02h  5
iter    objective    inf_pr   inf_du lg(mu)  ||d||  lg(rg) alpha_du alpha_pr  ls
 160  8.8429101e-03 1.48e-01 1.86e-01 -11.0 1.45e-01    -  1.00e+00 6.25e-02h  5
 161  8.8613770e-03 1.01e-01 1.20e-01 -11.0 2.49e-02    -  1.00e+00 5.00e-01h  2
 162  8.8338112e-03 1.01e-01 1.25e-01 -11.0 5.40e-02    -  1.00e+00 1.25e-01h  4
 163  8.8611725e-03 5.68e-02 2.22e-01 -11.0 1.24e-02    -  1.00e+00 5.00e-01h  2
 164  8.7753842e-03 2.29e-02 1.13e-01 -11.0 8.45e-03    -  1.00e+00 1.00e+00h  1
 165  8.7696897e-03 1.72e-02 1.15e-01 -11.0 1.02e-02    -  1.00e+00 1.00e+00h  1
 166  8.7304753e-03 1.08e-01 6.59e-01 -11.0 5.34e-02    -  1.00e+00 5.00e-01h  2
 167  8.7122762e-03 1.96e-01 1.12e+00 -11.0 2.41e-01    -  1.00e+00 1.25e-01h  4
 168  8.6573378e-03 1.43e-01 1.03e+00 -11.0 1.38e-01    -  1.00e+00 1.25e-01h  4
 169  8.4602717e-03 1.15e-01 6.78e-01 -11.0 1.52e-01    -  1.00e+00 2.50e-01h  3
iter    objective    inf_pr   inf_du lg(mu)  ||d||  lg(rg) alpha_du alpha_pr  ls
 170  8.4473234e-03 1.59e-01 7.28e-01 -11.0 3.00e-01    -  1.00e+00 6.25e-02h  5
 171  8.4356856e-03 2.05e-01 9.48e-01 -11.0 2.05e-01    -  1.00e+00 1.25e-01h  4
 172  8.3674247e-03 3.43e-01 1.27e+00 -11.0 3.60e-01    -  1.00e+00 1.25e-01h  4
 173  8.3374682e-03 3.31e-01 1.26e+00 -11.0 3.28e-01    -  1.00e+00 6.25e-02h  5
 174  8.1396220e-03 1.52e+00 1.73e+00 -11.0 6.22e-01    -  1.00e+00 2.50e-01h  3
 175  8.1782839e-03 1.16e+00 1.13e+00 -11.0 5.84e-02    -  1.00e+00 2.50e-01h  3
 176  8.4288183e-03 1.31e-01 5.70e-01 -11.0 2.56e-02    -  1.00e+00 1.00e+00h  1
 177  8.2304052e-03 8.81e-02 8.75e-01 -11.0 2.74e-02    -  1.00e+00 5.00e-01h  2
 178  8.1143915e-03 3.49e-02 7.13e-01 -11.0 2.63e-02    -  1.00e+00 5.00e-01h  2
 179  8.5941072e-03 5.14e-02 4.43e+00 -11.0 3.52e-02    -  1.00e+00 5.00e-01h  2
iter    objective    inf_pr   inf_du lg(mu)  ||d||  lg(rg) alpha_du alpha_pr  ls
 180  8.6923603e-03 4.25e-02 3.22e+00 -11.0 2.78e-02    -  1.00e+00 5.00e-01h  2
 181  8.7956197e-03 1.04e-02 7.05e+00 -11.0 1.36e-02    -  1.00e+00 1.00e+00H  1
 182  8.2872094e-03 2.47e-02 9.87e+00 -11.0 1.39e-02    -  1.00e+00 5.00e-01h  2
 183  8.0960123e-03 4.31e-03 4.63e+00 -11.0 1.11e-02    -  1.00e+00 1.00e+00h  1
 184  7.8477003e-03 2.70e-02 2.71e+00 -11.0 2.80e-02    -  1.00e+00 5.00e-01h  2
 185  7.8080184e-03 1.41e-02 7.32e-01 -11.0 1.39e-02    -  1.00e+00 5.00e-01h  2
 186  7.7265249e-03 1.31e-02 9.10e-01 -11.0 6.87e-03    -  1.00e+00 1.00e+00h  1
 187  7.6480665e-03 2.36e-02 6.31e-01 -11.0 9.15e-03    -  1.00e+00 1.00e+00h  1
 188  7.6507818e-03 1.54e-02 9.13e-01 -11.0 7.85e-03    -  1.00e+00 1.00e+00h  1
 189  7.5912086e-03 2.75e-03 4.60e-01 -11.0 5.01e-03    -  1.00e+00 1.00e+00h  1
iter    objective    inf_pr   inf_du lg(mu)  ||d||  lg(rg) alpha_du alpha_pr  ls
 190  7.5817696e-03 4.47e-04 7.96e-02 -11.0 2.07e-03    -  1.00e+00 1.00e+00h  1
 191  7.5730971e-03 7.97e-04 1.21e-01 -11.0 4.01e-03    -  1.00e+00 1.00e+00h  1
 192  7.5826478e-03 9.45e-05 3.22e-01 -11.0 1.79e-02    -  1.00e+00 1.00e+00H  1
 193  7.5706406e-03 1.18e-03 2.95e-01 -11.0 1.25e-02    -  1.00e+00 1.25e-01h  4
 194  7.5398346e-03 8.32e-03 2.67e-01 -11.0 1.14e-02    -  1.00e+00 1.00e+00h  1
 195  7.5510969e-03 5.00e-03 7.06e-02 -11.0 6.30e-03    -  1.00e+00 5.00e-01h  2
 196  7.5261348e-03 1.15e-03 3.63e-02 -11.0 2.73e-03    -  1.00e+00 1.00e+00h  1
 197  7.5240520e-03 1.60e-03 3.45e-02 -11.0 4.51e-03    -  1.00e+00 1.00e+00h  1
 198  7.5413381e-03 2.92e-04 1.46e-01 -11.0 1.46e-02    -  1.00e+00 1.00e+00H  1
 199  7.5342308e-03 1.87e-03 1.36e-01 -11.0 5.74e-02    -  1.00e+00 3.12e-02h  6
iter    objective    inf_pr   inf_du lg(mu)  ||d||  lg(rg) alpha_du alpha_pr  ls
 200  7.5204026e-03 3.27e-02 6.67e-01 -11.0 4.62e-02    -  1.00e+00 5.00e-01h  2
 201  7.5143007e-03 3.61e-02 7.77e-01 -11.0 1.23e+00    -  1.00e+00 3.91e-03h  9
 202  7.5053548e-03 2.40e-02 1.23e-01 -11.0 2.17e-02    -  1.00e+00 5.00e-01h  2
 203  7.4891930e-03 3.11e-02 1.29e-01 -11.0 7.62e-02    -  1.00e+00 6.25e-02h  5
 204  7.4938221e-03 4.33e-02 3.77e-01 -11.0 2.93e-02    -  1.00e+00 2.50e-01h  3
 205  7.4842557e-03 5.40e-02 6.77e-01 -11.0 5.60e-02    -  1.00e+00 1.25e-01h  4
 206  7.4687547e-03 5.48e-02 8.24e-01 -11.0 8.28e-02    -  1.00e+00 6.25e-02h  5
 207  7.4732677e-03 5.91e-02 6.97e-01 -11.0 3.35e-02    -  1.00e+00 1.25e-01h  4
 208  7.4848454e-03 3.22e-02 4.33e-01 -11.0 8.05e-03    -  1.00e+00 5.00e-01h  2
 209  7.7596966e-03 2.36e-02 1.31e+00 -11.0 2.09e-02    -  1.00e+00 1.00e+00w  1
iter    objective    inf_pr   inf_du lg(mu)  ||d||  lg(rg) alpha_du alpha_pr  ls
 210  7.5617928e-03 1.95e-02 1.37e+00 -11.0 1.64e-02    -  1.00e+00 1.00e+00w  1
 211  7.5592372e-03 1.43e-01 3.31e-01 -11.0 1.38e-02    -  1.00e+00 1.00e+00w  1
 212  7.4831003e-03 2.36e-02 4.30e-01 -11.0 1.33e-02    -  1.00e+00 2.50e-01h  2
 213  7.4934545e-03 2.16e-02 5.49e-01 -11.0 2.16e-02    -  1.00e+00 1.25e-01h  4
 214  7.5161855e-03 3.53e-03 8.68e-01 -11.0 3.43e-03    -  1.00e+00 1.00e+00h  1
 215  7.5119132e-03 8.42e-03 5.70e-01 -11.0 3.75e-03    -  1.00e+00 1.00e+00h  1
 216  7.4974175e-03 2.66e-02 1.38e+00 -11.0 6.40e-03    -  1.00e+00 1.00e+00h  1
 217  7.4592766e-03 2.01e-02 3.50e-01 -11.0 6.38e-03    -  1.00e+00 1.00e+00h  1
 218  7.4817666e-03 2.38e-02 2.46e-01 -11.0 9.08e-03    -  1.00e+00 5.00e-01h  2
 219  7.4642485e-03 1.95e-02 1.62e-01 -11.0 6.58e-03    -  1.00e+00 5.00e-01h  2
iter    objective    inf_pr   inf_du lg(mu)  ||d||  lg(rg) alpha_du alpha_pr  ls
 220  7.4522234e-03 2.74e-03 1.21e-01 -11.0 5.41e-03    -  1.00e+00 1.00e+00h  1
 221  7.4408377e-03 5.71e-04 3.70e-02 -11.0 2.06e-03    -  1.00e+00 1.00e+00h  1
 222  7.4393361e-03 4.24e-04 3.72e-02 -11.0 7.47e-04    -  1.00e+00 1.00e+00h  1
 223  7.4389371e-03 2.58e-03 1.38e-01 -11.0 6.14e-03    -  1.00e+00 2.50e-01h  3
 224  7.4339899e-03 4.70e-03 2.74e-01 -11.0 2.28e-03    -  1.00e+00 1.00e+00h  1
 225  7.4317278e-03 5.27e-03 2.10e-01 -11.0 1.16e-02    -  1.00e+00 1.25e-01h  4
 226  7.4310496e-03 4.10e-04 1.26e-01 -11.0 1.93e-03    -  1.00e+00 1.00e+00h  1
 227  7.4262581e-03 7.91e-03 6.99e-01 -11.0 7.15e-03    -  1.00e+00 1.00e+00h  1
 228  7.4239015e-03 7.70e-03 6.87e-01 -11.0 2.07e-02    -  1.00e+00 6.25e-02h  5
 229  7.4270995e-03 2.63e-03 7.55e-02 -11.0 2.88e-03    -  1.00e+00 1.00e+00h  1
iter    objective    inf_pr   inf_du lg(mu)  ||d||  lg(rg) alpha_du alpha_pr  ls
 230  7.4199467e-03 4.64e-03 3.09e-01 -11.0 3.15e-03    -  1.00e+00 1.00e+00h  1
 231  7.4274747e-03 8.97e-04 1.87e-01 -11.0 5.02e-03    -  1.00e+00 1.00e+00H  1
 232  7.4531344e-03 7.20e-05 3.97e-01 -11.0 6.06e-03    -  1.00e+00 1.00e+00H  1
 233  7.4319622e-03 6.02e-04 2.70e-01 -11.0 3.67e-03    -  1.00e+00 1.00e+00H  1
 234  7.4158100e-03 1.63e-03 2.17e-01 -11.0 2.37e-03    -  1.00e+00 1.00e+00h  1
 235  7.4095515e-03 2.11e-04 2.81e-02 -11.0 1.66e-03    -  1.00e+00 1.00e+00h  1
 236  7.4107317e-03 2.13e-05 1.49e-01 -11.0 2.21e-03    -  1.00e+00 1.00e+00H  1
 237  7.4086159e-03 2.86e-04 8.84e-02 -11.0 1.93e-03    -  1.00e+00 1.00e+00h  1
 238  7.4083167e-03 7.74e-06 1.31e-01 -11.0 1.78e-03    -  1.00e+00 1.00e+00H  1
 239  7.3998600e-03 2.23e-04 2.69e-02 -11.0 1.59e-03    -  1.00e+00 1.00e+00h  1
iter    objective    inf_pr   inf_du lg(mu)  ||d||  lg(rg) alpha_du alpha_pr  ls
 240  7.3956039e-03 8.98e-04 3.70e-02 -11.0 3.06e-03    -  1.00e+00 1.00e+00h  1
 241  7.3894366e-03 6.54e-03 7.97e-02 -11.0 7.60e-02    -  1.00e+00 1.25e-01h  4
 242  7.3762275e-03 2.78e-02 1.35e-01 -11.0 5.84e-01    -  1.00e+00 3.12e-02h  6
 243  7.3660938e-03 4.11e-02 2.06e-01 -11.0 3.92e+00    -  1.00e+00 3.91e-03h  9
 244  7.3515913e-03 7.26e-02 4.18e-01 -11.0 2.99e+00    -  1.00e+00 7.81e-03h  8
 245  7.3487684e-03 7.09e-02 3.72e-01 -11.0 6.08e-01    -  1.00e+00 7.81e-03h  8
 246  7.3281230e-03 4.31e-03 2.55e-01 -11.0 7.17e-03    -  1.00e+00 1.00e+00h  1
 247  7.3164024e-03 4.36e-03 4.66e-01 -11.0 6.26e-02    -  1.00e+00 6.25e-02h  5
 248  7.3404564e-03 2.23e-03 5.15e-01 -11.0 2.85e-02    -  1.00e+00 1.00e+00H  1
 249  7.3131622e-03 1.17e-01 9.25e-01 -11.0 6.77e-01    -  1.00e+00 6.25e-02h  5
iter    objective    inf_pr   inf_du lg(mu)  ||d||  lg(rg) alpha_du alpha_pr  ls
 250  7.2983674e-03 1.84e-01 9.69e-01 -11.0 4.23e+00    -  1.00e+00 7.81e-03h  8
 251  7.2961821e-03 1.88e-01 1.05e+00 -11.0 1.31e+00    -  1.00e+00 7.81e-03h  8
 252  7.2963593e-03 1.63e-01 9.16e-01 -11.0 5.09e-02    -  1.00e+00 1.25e-01h  4
 253  7.3006988e-03 1.18e-01 8.88e-01 -11.0 4.07e-02    -  1.00e+00 2.50e-01h  3
 254  7.2805872e-03 1.23e-01 7.23e-01 -11.0 6.91e-02    -  1.00e+00 2.50e-01h  3
 255  7.2777489e-03 1.65e-01 4.14e-01 -11.0 7.57e-01    -  1.00e+00 3.12e-02h  6
 256  7.2759750e-03 1.59e-01 2.16e-01 -11.0 2.13e-01    -  1.00e+00 3.12e-02h  6
 257  7.2781587e-03 1.19e-01 2.02e-01 -11.0 1.70e-02    -  1.00e+00 2.50e-01h  3
 258  7.2604391e-03 4.03e-02 1.60e-01 -11.0 2.16e-02    -  1.00e+00 1.00e+00h  1
 259  7.2599338e-03 4.06e-02 3.06e-01 -11.0 1.46e-01    -  1.00e+00 3.12e-02h  6
iter    objective    inf_pr   inf_du lg(mu)  ||d||  lg(rg) alpha_du alpha_pr  ls
 260  7.2916667e-03 6.83e-03 4.03e-01 -11.0 5.88e-03    -  1.00e+00 1.00e+00h  1
 261  7.2704597e-03 6.78e-03 3.73e-01 -11.0 2.22e-02    -  1.00e+00 1.00e+00H  1
 262  7.3012484e-03 4.90e-03 8.76e-01 -11.0 7.08e-02    -  1.00e+00 6.25e-02h  5
 263  7.2356687e-03 1.95e-02 2.66e-01 -11.0 1.28e-02    -  1.00e+00 1.00e+00h  1
 264  7.2346764e-03 1.94e-02 2.44e-01 -11.0 5.51e-02    -  1.00e+00 6.25e-02h  5
 265  7.3011702e-03 8.92e-03 3.01e-01 -11.0 4.62e-02    -  1.00e+00 1.00e+00H  1
 266  7.2928154e-03 9.00e-03 3.12e-01 -11.0 3.97e-01    -  1.00e+00 1.56e-02h  7
 267  7.2855099e-03 9.01e-03 2.95e-01 -11.0 8.48e-02    -  1.00e+00 1.56e-02h  7
 268  7.2118524e-03 9.67e-02 9.44e-01 -11.0 1.84e-01    -  1.00e+00 1.25e-01h  4
 269  7.2145328e-03 7.83e-02 7.92e-01 -11.0 3.17e-01    -  1.00e+00 3.12e-02h  6
iter    objective    inf_pr   inf_du lg(mu)  ||d||  lg(rg) alpha_du alpha_pr  ls
 270  7.1839474e-03 5.71e-02 4.86e-01 -11.0 5.92e-02    -  1.00e+00 2.50e-01h  3
 271  7.1691812e-03 5.62e-02 4.68e-01 -11.0 1.11e-01    -  1.00e+00 1.25e-01h  4
 272  7.1272413e-03 8.42e-02 7.25e-01 -11.0 6.13e-01    -  1.00e+00 3.12e-02h  6
 273  7.1148746e-03 1.50e-01 1.21e+00 -11.0 2.81e+00    -  1.00e+00 1.56e-02h  7
 274  7.0843981e-03 1.43e-01 1.17e+00 -11.0 8.09e-02    -  1.00e+00 6.25e-02h  5
 275  7.0875245e-03 1.27e-01 1.12e+00 -11.0 5.69e-02    -  1.00e+00 1.25e-01h  4
 276  7.2658486e-02 5.34e+00 1.13e+01 -11.0 2.05e-01    -  1.00e+00 1.00e+00w  1
 277  1.2119974e-01 9.74e+00 1.14e+01 -11.0 2.41e-01    -  1.00e+00 1.00e+00w  1
 278  6.5879496e-02 5.09e+00 1.25e+01 -11.0 2.51e-01    -  1.00e+00 1.00e+00w  1
 279  7.0377584e-03 1.26e-01 7.50e-01 -11.0 1.26e-01    -  1.00e+00 3.12e-02h  5
iter    objective    inf_pr   inf_du lg(mu)  ||d||  lg(rg) alpha_du alpha_pr  ls
 280  7.0631839e-03 1.12e-01 9.02e-01 -11.0 3.69e-02    -  1.00e+00 1.25e-01h  4
 281  7.0762513e-03 1.01e-01 7.24e-01 -11.0 3.89e-02    -  1.00e+00 1.25e-01h  4
 282  7.1405766e-03 7.70e-02 5.16e-01 -11.0 1.70e-02    -  1.00e+00 2.50e-01h  3
 283  7.2108085e-03 3.82e-02 4.33e-01 -11.0 7.88e-03    -  1.00e+00 5.00e-01h  2
 284  7.2124075e-03 2.88e-02 5.77e-01 -11.0 7.21e-03    -  1.00e+00 2.50e-01h  3
 285  7.5434051e-03 1.79e-02 1.20e+00 -11.0 1.90e-02    -  1.00e+00 1.00e+00H  1
 286  7.1971584e-03 6.43e-03 8.04e-01 -11.0 7.70e-03    -  1.00e+00 1.00e+00h  1
 287  7.2346315e-03 6.87e-04 1.90e+00 -11.0 5.23e-03    -  1.00e+00 1.00e+00H  1
 288  7.1918707e-03 4.80e-04 1.37e+00 -11.0 1.97e-03    -  1.00e+00 1.00e+00h  1
 289  7.1936813e-03 1.40e-04 4.37e-01 -11.0 9.42e-04    -  1.00e+00 1.00e+00h  1
iter    objective    inf_pr   inf_du lg(mu)  ||d||  lg(rg) alpha_du alpha_pr  ls
 290  7.1799925e-03 2.33e-03 1.63e-01 -11.0 9.88e-03    -  1.00e+00 2.50e-01h  3
 291  7.1797289e-03 2.40e-02 9.91e-01 -11.0 1.32e-02    -  1.00e+00 5.00e-01h  2
 292  7.1708689e-03 1.81e-02 1.18e+00 -11.0 9.46e-03    -  1.00e+00 2.50e-01h  3
 293  7.1665083e-03 3.88e-03 2.52e-01 -11.0 2.87e-03    -  1.00e+00 1.00e+00h  1
 294  7.1336185e-03 3.50e-03 1.06e+00 -11.0 2.60e-03    -  1.00e+00 1.00e+00h  1
 295  7.1201197e-03 7.69e-04 4.29e-01 -11.0 1.57e-03    -  1.00e+00 1.00e+00h  1
 296  7.1189945e-03 2.31e-03 2.28e-01 -11.0 5.60e-03    -  1.00e+00 2.50e-01h  3
 297  7.1116859e-03 2.71e-04 2.13e-01 -11.0 1.90e-03    -  1.00e+00 1.00e+00h  1
 298  7.1163851e-03 4.12e-05 3.52e-01 -11.0 2.59e-03    -  1.00e+00 1.00e+00H  1
 299  7.1030750e-03 8.00e-04 2.78e-01 -11.0 3.18e-03    -  1.00e+00 1.00e+00h  1
iter    objective    inf_pr   inf_du lg(mu)  ||d||  lg(rg) alpha_du alpha_pr  ls
 300  7.0980520e-03 1.04e-03 2.41e-01 -11.0 4.76e-03    -  1.00e+00 2.50e-01h  3
 301  7.0919703e-03 1.39e-03 7.65e-02 -11.0 1.64e-03    -  1.00e+00 1.00e+00h  1
 302  7.0864086e-03 3.27e-03 1.20e-01 -11.0 4.92e-03    -  1.00e+00 1.00e+00h  1
 303  7.0818793e-03 7.81e-03 3.50e-01 -11.0 2.95e-02    -  1.00e+00 2.50e-01h  3
 304  7.0814668e-03 8.94e-03 4.69e-01 -11.0 1.18e-01    -  1.00e+00 3.12e-02h  6
 305  7.0779132e-03 8.84e-03 5.73e-01 -11.0 1.98e-02    -  1.00e+00 2.50e-01h  3
 306  7.0742727e-03 8.46e-03 5.34e-01 -11.0 2.05e-02    -  1.00e+00 1.25e-01h  4
 307  7.0701686e-03 1.71e-03 1.40e-01 -11.0 3.63e-03    -  1.00e+00 1.00e+00h  1
 308  7.0649186e-03 2.27e-03 2.08e-01 -11.0 1.53e-02    -  1.00e+00 1.25e-01h  4
 309  7.1017870e-03 6.54e-04 5.57e-01 -11.0 3.78e-03    -  1.00e+00 1.00e+00H  1
iter    objective    inf_pr   inf_du lg(mu)  ||d||  lg(rg) alpha_du alpha_pr  ls
 310  7.0593371e-03 6.60e-03 3.20e-01 -11.0 4.86e-03    -  1.00e+00 1.00e+00h  1
 311  7.0559701e-03 6.06e-03 3.83e-01 -11.0 6.77e-03    -  1.00e+00 2.50e-01h  3
 312  7.0525530e-03 1.19e-03 8.19e-02 -11.0 1.77e-03    -  1.00e+00 1.00e+00h  1
 313  7.1384912e-03 6.33e-06 2.01e-01 -11.0 5.47e-03    -  1.00e+00 1.00e+00H  1
 314  7.0442012e-03 3.52e-03 9.94e-02 -11.0 3.64e-03    -  1.00e+00 1.00e+00h  1
 315  7.0457531e-03 1.51e-04 7.58e-02 -11.0 1.79e-03    -  1.00e+00 1.00e+00h  1
 316  7.0387465e-03 9.04e-04 7.37e-02 -11.0 4.58e-03    -  1.00e+00 1.00e+00h  1
 317  7.0358075e-03 3.16e-03 1.45e-01 -11.0 9.37e-02    -  1.00e+00 6.25e-02h  5
 318  7.0297080e-03 7.68e-03 6.03e-01 -11.0 8.82e-02    -  1.00e+00 1.25e-01h  4
 319  7.0263794e-03 8.68e-03 8.08e-01 -11.0 1.45e-01    -  1.00e+00 3.12e-02h  6
iter    objective    inf_pr   inf_du lg(mu)  ||d||  lg(rg) alpha_du alpha_pr  ls
 320  7.0220719e-03 5.19e-02 1.38e-01 -11.0 6.60e-02    -  1.00e+00 5.00e-01h  2
 321  7.0159865e-03 5.34e-02 1.47e-01 -11.0 8.94e-01    -  1.00e+00 7.81e-03h  8
 322  7.0077084e-03 1.40e-01 1.45e-01 -11.0 1.44e+00    -  1.00e+00 3.12e-02h  6
 323  7.0034993e-03 1.45e-01 4.85e-01 -11.0 3.28e+00    -  1.00e+00 3.91e-03h  9
 324  6.9908355e-03 1.55e-01 9.27e-01 -11.0 1.80e+00    -  1.00e+00 7.81e-03h  8
 325  6.9816365e-03 1.57e-01 1.14e+00 -11.0 7.48e-01    -  1.00e+00 1.56e-02h  7
 326  6.9689963e-03 2.72e-01 1.66e+00 -11.0 1.81e+00    -  1.00e+00 3.12e-02h  6
 327  3.5693321e+01 3.45e+06 1.17e+07 -11.0 2.20e+01    -  1.00e+00 1.00e+00w  1
 328  6.9541525e+02 3.91e+06 2.80e+06 -11.0 1.19e+02    -  1.00e+00 1.00e+00w  1
 329  1.1917299e+07 7.63e+06 3.23e+05 -11.0 9.80e+02    -  1.00e+00 1.00e+00w  1
iter    objective    inf_pr   inf_du lg(mu)  ||d||  lg(rg) alpha_du alpha_pr  ls
 330  6.9368629e-03 2.96e-01 1.46e+00 -11.0 5.43e+07    -  1.00e+00 9.77e-04h 10
 331  6.9495180e-03 2.25e-01 1.20e+00 -11.0 3.15e-02    -  1.00e+00 2.50e-01h  3
 332  6.9267193e-03 2.49e-01 5.86e-01 -11.0 1.62e+00    -  1.00e+00 1.56e-02h  7
 333  6.9238090e-03 2.59e-01 7.76e-01 -11.0 8.55e+00    -  1.00e+00 1.95e-03h 10
 334  6.9171343e-03 2.85e-01 2.74e-01 -11.0 9.91e+01    -  1.00e+00 2.44e-04h 13
 335  6.9123248e-03 2.92e-01 3.97e-01 -11.0 5.61e+01    -  1.00e+00 2.44e-04h 13
 336  6.9104122e-03 2.96e-01 2.46e-01 -11.0 3.83e+01    -  1.00e+00 2.44e-04h 13
 337  6.9437237e-03 6.09e-04 4.49e-01 -11.0 1.30e-03    -  1.00e+00 1.00e+00h  1
 338  6.9415647e-03 3.47e-04 2.51e-01 -11.0 1.61e-03    -  1.00e+00 1.00e+00h  1
 339  6.9229088e-03 4.46e-04 1.22e-01 -11.0 6.95e-04    -  1.00e+00 1.00e+00h  1
iter    objective    inf_pr   inf_du lg(mu)  ||d||  lg(rg) alpha_du alpha_pr  ls
 340  6.9073255e-03 2.51e-03 3.38e-01 -11.0 1.59e-03    -  1.00e+00 1.00e+00h  1
 341  6.9066887e-03 4.49e-04 3.81e-01 -11.0 3.76e-03    -  1.00e+00 1.00e+00H  1
 342  6.9128767e-03 9.53e-05 1.20e+00 -11.0 4.07e-03    -  1.00e+00 1.00e+00H  1
 343  6.8879474e-03 2.48e-03 1.79e-01 -11.0 3.07e-03    -  1.00e+00 1.00e+00h  1
 344  6.8820668e-03 6.91e-05 1.94e-01 -11.0 5.74e-04    -  1.00e+00 1.00e+00h  1
 345  6.8796923e-03 2.15e-05 2.28e-02 -11.0 5.20e-04    -  1.00e+00 1.00e+00h  1
 346  6.8756161e-03 1.93e-03 1.07e-01 -11.0 8.68e-03    -  1.00e+00 5.00e-01h  2
 347  6.8752858e-03 3.49e-03 1.30e-01 -11.0 2.83e-02    -  1.00e+00 1.25e-01h  4
 348  6.9041637e-03 1.47e-05 5.02e-01 -11.0 7.05e-03    -  1.00e+00 1.00e+00H  1
 349  6.9103087e-03 4.60e-06 5.52e-01 -11.0 3.52e-03    -  1.00e+00 1.00e+00H  1
iter    objective    inf_pr   inf_du lg(mu)  ||d||  lg(rg) alpha_du alpha_pr  ls
 350  6.8741075e-03 5.43e-03 3.28e-01 -11.0 4.39e-03    -  1.00e+00 1.00e+00h  1
 351  6.8562254e-03 2.30e-03 1.98e-02 -11.0 5.41e-03    -  1.00e+00 1.00e+00h  1
 352  6.8593301e-03 2.29e-03 5.40e-02 -11.0 7.09e-03    -  1.00e+00 2.50e-01h  3
 353  6.8543561e-03 4.38e-04 1.35e-01 -11.0 1.44e-03    -  1.00e+00 1.00e+00h  1
 354  6.8509751e-03 4.98e-04 3.61e-02 -11.0 1.24e-03    -  1.00e+00 1.00e+00h  1
 355  6.8462087e-03 5.32e-04 2.09e-02 -11.0 1.68e-03    -  1.00e+00 1.00e+00h  1
 356  6.8816126e-03 2.34e-05 3.87e-01 -11.0 6.63e-03    -  1.00e+00 1.00e+00H  1
 357  6.8412510e-03 1.65e-03 2.79e-01 -11.0 4.50e-03    -  1.00e+00 1.00e+00h  1
 358  6.8359235e-03 1.38e-03 1.91e-01 -11.0 4.34e-03    -  1.00e+00 5.00e-01h  2
 359  6.8275223e-03 5.93e-04 7.31e-02 -11.0 1.77e-03    -  1.00e+00 1.00e+00h  1
iter    objective    inf_pr   inf_du lg(mu)  ||d||  lg(rg) alpha_du alpha_pr  ls
 360  6.8242479e-03 4.51e-03 1.61e-01 -11.0 5.22e-03    -  1.00e+00 1.00e+00h  1
 361  6.8222023e-03 2.59e-02 3.37e-01 -11.0 9.51e-02    -  1.00e+00 1.25e-01h  4
 362  6.8131379e-03 1.85e-01 4.83e-01 -11.0 2.35e-01    -  1.00e+00 1.25e-01h  4
 363  6.8074745e-03 2.15e-01 5.78e-01 -11.0 8.87e-01    -  1.00e+00 1.56e-02h  7
 364  6.8033576e-03 2.32e-01 6.26e-01 -11.0 3.64e-01    -  1.00e+00 3.12e-02h  6
 365  6.8028437e-03 2.24e-01 7.30e-01 -11.0 9.04e-02    -  1.00e+00 6.25e-02h  5
 366  6.7845725e-03 2.24e-01 9.39e-01 -11.0 1.11e-01    -  1.00e+00 1.25e-01h  4
 367  6.7761488e-03 2.26e-01 1.50e+00 -11.0 7.90e-01    -  1.00e+00 7.81e-03h  8
 368  6.8051248e-03 1.73e-01 9.69e-01 -11.0 1.86e-02    -  1.00e+00 2.50e-01h  3
 369  6.7926523e-03 1.88e-01 7.47e-01 -11.0 1.19e-01    -  1.00e+00 1.25e-01h  4
iter    objective    inf_pr   inf_du lg(mu)  ||d||  lg(rg) alpha_du alpha_pr  ls
 370  6.7801202e-03 2.05e-01 7.83e-01 -11.0 2.52e+00    -  1.00e+00 3.91e-03h  9
 371  2.4575331e-02 1.81e+01 6.83e+01 -11.0 2.81e-01    -  1.00e+00 1.00e+00w  1
 372  2.5931577e+01 4.43e+02 1.64e+02 -11.0 1.30e+00    -  1.00e+00 1.00e+00w  1
 373  3.7047337e+05 3.89e+06 3.27e+06 -11.0 1.89e+02    -  1.00e+00 1.00e+00w  1
 374  6.7729523e-03 2.13e-01 8.48e-01 -11.0 1.46e+03    -  1.00e+00 3.12e-02h  5
 375  6.8021092e-03 8.24e-05 1.61e+01 -11.0 9.91e-04    -  1.00e+00 1.00e+00h  1
 376  6.8091789e-03 1.04e-05 1.41e+00 -11.0 4.03e-04    -  1.00e+00 1.00e+00h  1
 377  6.7922059e-03 3.40e-04 8.41e-01 -11.0 9.34e-04    -  1.00e+00 1.00e+00h  1
 378  6.7861038e-03 4.61e-04 6.75e-01 -11.0 1.21e-03    -  1.00e+00 1.00e+00h  1
 379  6.7822886e-03 1.51e-03 8.88e-01 -11.0 1.46e-03    -  1.00e+00 1.00e+00h  1
iter    objective    inf_pr   inf_du lg(mu)  ||d||  lg(rg) alpha_du alpha_pr  ls
 380  6.7732333e-03 9.71e-05 6.08e-01 -11.0 6.29e-04    -  1.00e+00 1.00e+00h  1
 381  6.7706922e-03 4.81e-05 2.81e-01 -11.0 3.02e-04    -  1.00e+00 1.00e+00h  1
 382  6.7694548e-03 1.16e-04 3.49e-02 -11.0 7.66e-04    -  1.00e+00 1.00e+00h  1
 383  6.7683150e-03 5.42e-05 6.34e-02 -11.0 3.78e-04    -  1.00e+00 1.00e+00h  1
 384  6.7695371e-03 2.04e-05 1.59e-01 -11.0 1.89e-03    -  1.00e+00 1.00e+00H  1
 385  6.7650138e-03 1.98e-03 2.56e-01 -11.0 3.09e-03    -  1.00e+00 1.00e+00h  1
 386  6.7634156e-03 1.43e-03 4.50e-02 -11.0 7.08e-03    -  1.00e+00 2.50e-01h  3
 387  6.7594745e-03 3.17e-04 1.24e-01 -11.0 9.19e-04    -  1.00e+00 1.00e+00h  1
 388  6.7563745e-03 1.41e-04 4.83e-02 -11.0 7.49e-04    -  1.00e+00 1.00e+00h  1
 389  6.7535306e-03 2.20e-03 1.44e-01 -11.0 2.45e-03    -  1.00e+00 1.00e+00h  1
iter    objective    inf_pr   inf_du lg(mu)  ||d||  lg(rg) alpha_du alpha_pr  ls
 390  6.7504542e-03 4.16e-02 6.31e-01 -11.0 4.41e-02    -  1.00e+00 2.50e-01h  3
 391  6.7491396e-03 7.95e-02 1.14e+00 -11.0 1.92e-01    -  1.00e+00 6.25e-02h  5
 392  6.7436658e-03 8.59e-02 1.47e+00 -11.0 2.86e-01    -  1.00e+00 1.56e-02h  7
 393  6.7360027e-03 9.45e-02 1.71e+00 -11.0 1.97e-01    -  1.00e+00 3.12e-02h  6
 394  6.7320565e-03 9.58e-02 2.01e+00 -11.0 1.47e-01    -  1.00e+00 3.12e-02h  6
 395  6.7458506e-03 7.12e-02 2.19e+00 -11.0 1.80e-02    -  1.00e+00 2.50e-01h  3
 396  6.7431330e-03 7.01e-02 1.92e+00 -11.0 3.87e-02    -  1.00e+00 6.25e-02h  5
 397  6.7289815e-03 9.44e-02 1.14e+00 -11.0 4.38e-02    -  1.00e+00 1.25e-01h  4
 398  6.7277313e-03 8.08e-02 4.07e-01 -11.0 1.81e-02    -  1.00e+00 2.50e-01h  3
 399  6.7194436e-03 3.07e-02 4.09e-01 -11.0 1.01e-02    -  1.00e+00 1.00e+00h  1
iter    objective    inf_pr   inf_du lg(mu)  ||d||  lg(rg) alpha_du alpha_pr  ls
 400  6.7128003e-03 3.78e-02 7.47e-01 -11.0 8.72e-02    -  1.00e+00 6.25e-02h  5
 401  6.7137645e-03 3.86e-02 6.46e-01 -11.0 4.78e-02    -  1.00e+00 1.25e-01h  4
 402  6.7255318e-03 2.69e-02 2.51e-01 -11.0 1.02e-02    -  1.00e+00 5.00e-01h  2
 403  6.7179252e-03 1.70e-02 2.01e-01 -11.0 9.72e-03    -  1.00e+00 5.00e-01h  2
 404  6.7323352e-03 1.60e-02 7.65e-02 -11.0 1.43e-02    -  1.00e+00 5.00e-01h  2
 405  6.7177758e-03 1.24e-02 2.34e-01 -11.0 1.54e-02    -  1.00e+00 5.00e-01h  2
 406  6.7070879e-03 7.36e-03 2.72e-01 -11.0 7.80e-02    -  1.00e+00 1.25e-01h  4
 407  6.7020376e-03 6.20e-03 1.56e-01 -11.0 6.75e-02    -  1.00e+00 6.25e-02h  5
 408  6.6940939e-03 8.17e-03 1.28e-01 -11.0 1.19e-02    -  1.00e+00 2.50e-01h  3
 409  6.6893625e-03 7.89e-03 7.49e-02 -11.0 8.72e-03    -  1.00e+00 2.50e-01h  3
iter    objective    inf_pr   inf_du lg(mu)  ||d||  lg(rg) alpha_du alpha_pr  ls
 410  6.6931726e-03 1.61e-02 1.65e-01 -11.0 4.83e-03    -  1.00e+00 1.00e+00w  1
 411  8.8515892e-03 1.21e+00 3.05e+00 -11.0 9.17e-02    -  1.00e+00 1.00e+00w  1
 412  1.8228333e-01 1.62e+01 2.48e+00 -11.0 2.72e-01    -  1.00e+00 1.00e+00w  1
 413  6.6791079e-03 5.59e-03 8.04e-02 -11.0 2.77e-01    -  1.00e+00 5.00e-01h  1
 414  6.6821009e-03 4.07e-03 1.69e-01 -11.0 3.80e-03    -  1.00e+00 1.00e+00h  1
 415  6.6812940e-03 2.81e-03 2.61e-01 -11.0 6.86e-03    -  1.00e+00 5.00e-01h  2
 416  6.7097191e-03 8.58e-04 2.39e-01 -11.0 5.70e-03    -  1.00e+00 1.00e+00H  1
 417  6.6837428e-03 3.46e-03 2.24e-01 -11.0 4.72e-03    -  1.00e+00 5.00e-01h  2
 418  6.6519850e-03 4.31e-03 6.90e-02 -11.0 2.61e-03    -  1.00e+00 1.00e+00h  1
 419  6.6436956e-03 4.15e-04 4.95e-02 -11.0 1.66e-03    -  1.00e+00 1.00e+00h  1
iter    objective    inf_pr   inf_du lg(mu)  ||d||  lg(rg) alpha_du alpha_pr  ls
 420  6.6498436e-03 1.11e-04 1.62e-01 -11.0 4.99e-03    -  1.00e+00 1.00e+00H  1
 421  6.6425143e-03 2.76e-03 2.01e-01 -11.0 1.43e-02    -  1.00e+00 2.50e-01h  3
 422  6.6333922e-03 4.44e-03 9.76e-02 -11.0 2.69e-02    -  1.00e+00 1.25e-01h  4
 423  6.6264769e-03 4.64e-03 1.47e-01 -11.0 1.62e-02    -  1.00e+00 2.50e-01h  3
 424  6.6344242e-03 4.07e-03 1.52e-01 -11.0 8.49e-03    -  1.00e+00 2.50e-01h  3
 425  6.6174568e-03 3.37e-03 9.56e-02 -11.0 3.38e-03    -  1.00e+00 1.00e+00h  1
 426  6.6551782e-03 8.04e-05 1.97e-01 -11.0 8.34e-03    -  1.00e+00 1.00e+00H  1
 427  6.6325459e-03 2.71e-03 1.21e-01 -11.0 2.00e-02    -  1.00e+00 2.50e-01h  3
 428  6.6222515e-03 2.87e-03 7.15e-02 -11.0 8.25e-02    -  1.00e+00 1.56e-02h  7
 429  6.6183311e-03 1.55e-03 1.17e-01 -11.0 3.16e-03    -  1.00e+00 1.00e+00h  1
iter    objective    inf_pr   inf_du lg(mu)  ||d||  lg(rg) alpha_du alpha_pr  ls
 430  6.6029620e-03 4.96e-04 7.27e-02 -11.0 1.75e-03    -  1.00e+00 1.00e+00h  1
 431  6.5966340e-03 2.09e-03 1.90e-02 -11.0 4.66e-03    -  1.00e+00 1.00e+00h  1
 432  6.5992749e-03 2.01e-03 3.99e-02 -11.0 1.43e-02    -  1.00e+00 2.50e-01h  3
 433  6.5853075e-03 1.14e-02 1.20e-01 -11.0 2.45e-02    -  1.00e+00 5.00e-01h  2
 434  6.5796847e-03 1.26e-02 2.13e-01 -11.0 3.89e-01    -  1.00e+00 1.56e-02h  7
 435  6.5741750e-03 1.54e-02 2.13e-01 -11.0 2.46e-01    -  1.00e+00 3.12e-02h  6
 436  6.5716410e-03 1.60e-02 1.63e-01 -11.0 1.61e-01    -  1.00e+00 3.12e-02h  6
 437  6.5696897e-03 1.43e-02 4.52e-01 -11.0 3.80e-02    -  1.00e+00 1.25e-01h  4
 438  6.5659235e-03 2.01e-02 8.62e-01 -11.0 1.63e-01    -  1.00e+00 6.25e-02h  5
 439  6.5572812e-03 1.94e-02 1.22e+00 -11.0 1.91e-01    -  1.00e+00 3.12e-02h  6
iter    objective    inf_pr   inf_du lg(mu)  ||d||  lg(rg) alpha_du alpha_pr  ls
 440  6.5511036e-03 1.89e-02 1.25e+00 -11.0 6.60e-02    -  1.00e+00 6.25e-02h  5
 441  6.5439664e-03 2.23e-02 9.49e-01 -11.0 9.24e-02    -  1.00e+00 1.25e-01h  4
 442  2.2058266e-02 4.70e+00 1.30e+01 -11.0 9.42e-02    -  1.00e+00 1.00e+00w  1
 443  1.3980048e+01 4.90e+02 2.87e+02 -11.0 1.56e+00    -  1.00e+00 1.00e+00w  1
 444  7.5061457e+00 1.75e+02 7.62e+02 -11.0 5.71e-01    -  1.00e+00 1.00e+00w  1
 445  6.5373288e-03 1.93e-02 1.13e+00 -11.0 2.16e-01    -  1.00e+00 3.12e-02h  5
 446  6.5637778e-03 1.48e-02 5.79e-01 -11.0 8.85e-03    -  1.00e+00 2.50e-01h  3
 447  6.5673027e-03 1.29e-02 4.87e-01 -11.0 5.23e-03    -  1.00e+00 1.25e-01h  4
 448  6.5667633e-03 1.22e-02 3.45e-01 -11.0 9.04e-02    -  1.00e+00 6.25e-02h  5
 449  6.5841026e-03 1.81e-03 2.55e-01 -11.0 2.28e-03    -  1.00e+00 1.00e+00h  1
iter    objective    inf_pr   inf_du lg(mu)  ||d||  lg(rg) alpha_du alpha_pr  ls
 450  6.5757959e-03 1.44e-04 2.04e-01 -11.0 1.57e-03    -  1.00e+00 1.00e+00h  1
 451  6.5565328e-03 9.50e-05 1.70e-01 -11.0 5.63e-04    -  1.00e+00 1.00e+00h  1
 452  6.5181584e-03 1.24e-03 1.08e-01 -11.0 1.89e-03    -  1.00e+00 1.00e+00h  1
 453  6.5099186e-03 1.80e-03 8.83e-02 -11.0 1.58e-03    -  1.00e+00 1.00e+00h  1
 454  6.5032899e-03 7.63e-04 1.21e-01 -11.0 1.49e-03    -  1.00e+00 1.00e+00h  1
 455  6.5005838e-03 2.50e-05 9.42e-02 -11.0 4.79e-04    -  1.00e+00 1.00e+00h  1
 456  6.4985395e-03 1.34e-04 5.87e-02 -11.0 7.55e-04    -  1.00e+00 1.00e+00h  1
 457  6.5026929e-03 2.32e-06 3.43e-01 -11.0 5.21e-03    -  1.00e+00 1.00e+00H  1
 458  6.4950927e-03 3.87e-03 4.31e-01 -11.0 9.00e-03    -  1.00e+00 5.00e-01h  2
 459  6.4960610e-03 3.24e-03 3.49e-01 -11.0 8.50e-03    -  1.00e+00 2.50e-01h  3
iter    objective    inf_pr   inf_du lg(mu)  ||d||  lg(rg) alpha_du alpha_pr  ls
 460  6.4888676e-03 1.32e-03 8.73e-02 -11.0 3.25e-03    -  1.00e+00 1.00e+00h  1
 461  6.5108589e-03 1.36e-06 3.85e-02 -11.0 2.13e-03    -  1.00e+00 1.00e+00H  1
 462  6.4867254e-03 1.93e-03 6.20e-03 -11.0 2.68e-03    -  1.00e+00 1.00e+00h  1
 463  6.4866200e-03 4.70e-05 7.45e-03 -11.0 5.99e-04    -  1.00e+00 1.00e+00h  1
 464  6.4847230e-03 1.20e-02 1.05e-01 -11.0 4.02e-02    -  1.00e+00 2.50e-01h  3
 465  6.4839259e-03 1.20e-02 1.09e-01 -11.0 6.12e-02    -  1.00e+00 3.12e-02h  6
 466  6.4926882e-03 5.82e-06 5.15e-01 -11.0 9.95e-03    -  1.00e+00 1.00e+00H  1
 467  6.4826145e-03 1.14e-03 4.97e-01 -11.0 3.21e-02    -  1.00e+00 1.25e-01h  4
 468  6.4730196e-03 3.20e-03 1.85e-01 -11.0 1.38e-02    -  1.00e+00 2.50e-01h  3
 469  6.4572240e-03 7.50e-03 1.94e-01 -11.0 1.42e-02    -  1.00e+00 5.00e-01h  2
iter    objective    inf_pr   inf_du lg(mu)  ||d||  lg(rg) alpha_du alpha_pr  ls
 470  6.4506871e-03 7.26e-03 1.94e-01 -11.0 2.42e-02    -  1.00e+00 1.25e-01h  4
 471  6.4406474e-03 1.92e-02 9.20e-02 -11.0 3.56e-02    -  1.00e+00 5.00e-01h  2
 472  6.4318463e-03 3.54e-02 6.64e-02 -11.0 5.49e-01    -  1.00e+00 3.12e-02h  6
 473  6.4208973e-03 9.99e-02 2.03e-01 -11.0 2.26e+00    -  1.00e+00 1.56e-02h  7
 474  6.3989104e-03 1.37e-01 2.02e-01 -11.0 7.34e+00    -  1.00e+00 3.91e-03h  9
 475  6.3934292e-03 1.38e-01 2.13e-01 -11.0 4.39e+00    -  1.00e+00 3.91e-03h  9
 476  6.4300813e-03 1.39e-01 4.56e-01 -11.0 5.33e-01    -  1.00e+00 6.25e-02h  5
 477  6.1045126e-02 7.11e+00 6.85e+00 -11.0 2.65e-01    -  1.00e+00 1.00e+00w  1
 478  3.9780482e-02 3.66e+00 1.49e+01 -11.0 1.83e-01    -  1.00e+00 1.00e+00w  1
 479  2.4802566e-02 9.73e-01 3.24e+00 -11.0 7.52e-02    -  1.00e+00 1.00e+00w  1
iter    objective    inf_pr   inf_du lg(mu)  ||d||  lg(rg) alpha_du alpha_pr  ls
 480  6.4178809e-03 1.38e-01 5.38e-01 -11.0 1.20e-01    -  1.00e+00 1.56e-02h  6
 481  6.4291122e-03 1.37e-01 1.08e+00 -11.0 3.58e-01    -  1.00e+00 6.25e-02h  5
 482  6.4064262e-03 1.32e-01 8.30e-01 -11.0 7.52e-02    -  1.00e+00 6.25e-02h  5
 483  6.4082397e-03 7.59e-03 2.74e-01 -11.0 1.04e-02    -  1.00e+00 1.00e+00h  1
 484  6.3733613e-03 7.35e-03 3.06e-01 -11.0 5.58e-02    -  1.00e+00 1.25e-01h  4
 485  6.3613162e-03 2.50e-02 2.85e-01 -11.0 5.96e-02    -  1.00e+00 2.50e-01h  3
 486  6.3423413e-03 4.69e-02 3.10e-01 -11.0 1.09e-01    -  1.00e+00 1.25e-01h  4
 487  6.3387335e-03 4.43e-02 4.18e-01 -11.0 3.68e-02    -  1.00e+00 1.25e-01h  4
 488  6.3322257e-03 1.40e-02 1.67e-01 -11.0 9.16e-03    -  1.00e+00 1.00e+00h  1
 489  6.3151301e-03 2.33e-02 2.77e-01 -11.0 3.98e-02    -  1.00e+00 2.50e-01h  3
iter    objective    inf_pr   inf_du lg(mu)  ||d||  lg(rg) alpha_du alpha_pr  ls
 490  6.3210994e-03 2.15e-02 5.09e-01 -11.0 1.92e-02    -  1.00e+00 1.25e-01h  4
 491  6.2986665e-03 6.61e-03 4.83e-02 -11.0 7.87e-03    -  1.00e+00 1.00e+00h  1
 492  6.2949364e-03 7.11e-03 6.50e-02 -11.0 4.98e-02    -  1.00e+00 6.25e-02h  5
 493  6.3834982e-03 7.38e-03 3.91e-01 -11.0 1.42e-02    -  1.00e+00 1.00e+00H  1
 494  6.2778738e-03 9.42e-02 1.68e-01 -11.0 2.38e-02    -  1.00e+00 1.00e+00h  1
 495  6.2567050e-03 1.01e-01 2.79e-01 -11.0 1.27e-01    -  1.00e+00 6.25e-02h  5
 496  6.2591898e-03 7.63e-02 2.05e-01 -11.0 8.87e-03    -  1.00e+00 2.50e-01h  3
 497  6.2511319e-03 2.93e-02 2.63e-01 -11.0 1.16e-02    -  1.00e+00 1.00e+00h  1
 498  6.2715031e-03 2.73e-02 1.19e-01 -11.0 8.72e-02    -  1.00e+00 1.25e-01h  4
 499  6.2660751e-03 1.58e-02 9.33e-02 -11.0 7.63e-03    -  1.00e+00 5.00e-01h  2
iter    objective    inf_pr   inf_du lg(mu)  ||d||  lg(rg) alpha_du alpha_pr  ls
 500  6.3289482e-03 6.04e-03 1.96e-01 -11.0 2.55e-02    -  1.00e+00 1.00e+00H  1
 501  6.3191855e-03 6.31e-03 1.95e-01 -11.0 4.20e-02    -  1.00e+00 3.12e-02h  6
 502  6.3137010e-03 6.44e-03 2.05e-01 -11.0 1.14e-01    -  1.00e+00 7.81e-03h  8
 503  6.2948890e-03 1.07e-02 2.84e-01 -11.0 5.13e-01    -  1.00e+00 7.81e-03h  8
 504  6.2786696e-03 1.62e-02 3.58e-01 -11.0 2.27e+00    -  1.00e+00 1.95e-03h 10
 505  6.2542495e-03 1.75e-02 2.64e-01 -11.0 1.12e-01    -  1.00e+00 1.25e-01h  4
 506  6.2338603e-03 2.26e-02 4.33e-01 -11.0 1.48e-01    -  1.00e+00 6.25e-02h  5
 507  6.2239012e-03 2.31e-02 4.02e-01 -11.0 5.44e-01    -  1.00e+00 7.81e-03h  8
 508  6.2181446e-03 3.39e-02 6.67e-01 -11.0 1.34e-01    -  1.00e+00 6.25e-02h  5
 509  6.1985676e-03 3.33e-02 7.61e-01 -11.0 2.34e-01    -  1.00e+00 1.56e-02h  7
iter    objective    inf_pr   inf_du lg(mu)  ||d||  lg(rg) alpha_du alpha_pr  ls
 510  6.1698748e-03 6.42e-02 8.62e-01 -11.0 5.29e-02    -  1.00e+00 2.50e-01h  3
 511  4.7064354e-02 2.80e+01 1.72e+01 -11.0 4.19e-01    -  1.00e+00 1.00e+00w  1
 512  3.7328856e-01 9.24e+01 5.20e+01 -11.0 2.93e-01    -  1.00e+00 1.00e+00w  1
 513  7.3315645e+04 3.96e+06 2.86e+06 -11.0 1.18e+02    -  1.00e+00 1.00e+00w  1
 514  6.1546793e-03 9.74e-02 1.30e+00 -11.0 4.73e+03    -  1.00e+00 3.12e-02h  5
 515  6.1549014e-03 6.70e-02 2.52e+00 -11.0 1.78e-02    -  1.00e+00 5.00e-01h  2
 516  6.1654524e-03 4.09e-03 2.94e-01 -11.0 4.18e-03    -  1.00e+00 1.00e+00h  1
 517  6.1648890e-03 4.76e-04 2.27e-01 -11.0 1.83e-03    -  1.00e+00 1.00e+00h  1
 518  6.1451541e-03 6.73e-05 6.72e-02 -11.0 8.95e-04    -  1.00e+00 1.00e+00h  1
 519  6.1444108e-03 8.73e-06 1.66e-02 -11.0 1.86e-04    -  1.00e+00 1.00e+00h  1
iter    objective    inf_pr   inf_du lg(mu)  ||d||  lg(rg) alpha_du alpha_pr  ls
 520  6.1431149e-03 3.98e-04 1.95e-01 -11.0 7.83e-03    -  1.00e+00 1.00e+00H  1
 521  6.1372214e-03 3.03e-03 2.55e-01 -11.0 1.80e-02    -  1.00e+00 2.50e-01h  3
 522  6.1285580e-03 2.41e-03 5.63e-01 -11.0 5.21e-03    -  1.00e+00 5.00e-01h  2
 523  6.1221773e-03 2.76e-03 1.48e-01 -11.0 3.75e-03    -  1.00e+00 1.00e+00h  1
 524  6.1241872e-03 1.81e-03 1.54e-01 -11.0 3.38e-03    -  1.00e+00 5.00e-01h  2
 525  6.1177034e-03 8.63e-04 6.05e-02 -11.0 2.21e-03    -  1.00e+00 1.00e+00h  1
 526  6.1229600e-03 6.31e-05 9.37e-02 -11.0 3.42e-03    -  1.00e+00 1.00e+00H  1
 527  6.1126737e-03 1.09e-03 1.88e-01 -11.0 3.76e-03    -  1.00e+00 1.00e+00h  1
 528  6.1130827e-03 1.23e-03 6.67e-02 -11.0 6.48e-03    -  1.00e+00 2.50e-01h  3
 529  6.1085394e-03 3.73e-04 5.77e-02 -11.0 1.00e-03    -  1.00e+00 1.00e+00h  1
iter    objective    inf_pr   inf_du lg(mu)  ||d||  lg(rg) alpha_du alpha_pr  ls
 530  6.1061384e-03 2.57e-04 3.88e-02 -11.0 2.37e-03    -  1.00e+00 1.00e+00h  1
 531  6.1060715e-03 2.77e-03 1.56e-01 -11.0 6.25e-02    -  1.00e+00 1.25e-01h  4
 532  6.1036992e-03 6.74e-03 2.99e-01 -11.0 1.50e-01    -  1.00e+00 6.25e-02h  5
 533  6.0985137e-03 8.52e-03 2.52e-01 -11.0 9.62e-02    -  1.00e+00 6.25e-02h  5
 534  6.0964014e-03 8.64e-03 3.01e-01 -11.0 4.98e-02    -  1.00e+00 6.25e-02h  5
 535  6.0913080e-03 1.11e-02 2.61e-01 -11.0 1.53e-02    -  1.00e+00 5.00e-01h  2
 536  6.0924971e-03 1.08e-02 1.55e-01 -11.0 2.86e-02    -  1.00e+00 1.25e-01h  4
 537  6.0891856e-03 6.72e-03 2.52e-01 -11.0 9.36e-03    -  1.00e+00 1.00e+00h  1
 538  6.1044319e-03 5.07e-03 3.49e-01 -11.0 1.17e-02    -  1.00e+00 2.50e-01h  3
 539  6.0806391e-03 2.88e-03 8.00e-02 -11.0 6.07e-03    -  1.00e+00 1.00e+00h  1
iter    objective    inf_pr   inf_du lg(mu)  ||d||  lg(rg) alpha_du alpha_pr  ls
 540  6.1004293e-03 2.97e-03 1.07e-01 -11.0 8.02e-03    -  1.00e+00 5.00e-01h  2
 541  6.0792637e-03 1.04e-03 4.30e-02 -11.0 2.67e-03    -  1.00e+00 1.00e+00h  1
 542  6.0777761e-03 1.21e-04 5.79e-02 -11.0 8.37e-04    -  1.00e+00 1.00e+00h  1
 543  6.0755740e-03 3.76e-05 9.39e-03 -11.0 4.37e-04    -  1.00e+00 1.00e+00h  1
 544  6.0741213e-03 1.40e-04 3.46e-02 -11.0 9.45e-04    -  1.00e+00 1.00e+00h  1
 545  6.0728061e-03 2.60e-03 4.00e-02 -11.0 1.45e-02    -  1.00e+00 2.50e-01h  3
 546  6.0712126e-03 4.58e-03 6.79e-02 -11.0 1.53e-02    -  1.00e+00 2.50e-01h  3
 547  6.0649882e-03 1.01e-02 1.64e-01 -11.0 2.79e-02    -  1.00e+00 2.50e-01h  3
 548  6.0602820e-03 1.93e-02 2.66e-01 -11.0 1.34e-01    -  1.00e+00 6.25e-02h  5
 549  6.0585447e-03 1.73e-02 2.59e-01 -11.0 2.50e-02    -  1.00e+00 1.25e-01h  4
iter    objective    inf_pr   inf_du lg(mu)  ||d||  lg(rg) alpha_du alpha_pr  ls
 550  6.0540195e-03 1.45e-02 2.14e-01 -11.0 2.49e-02    -  1.00e+00 2.50e-01h  3
 551  6.0468922e-03 1.57e-02 1.89e-01 -11.0 3.82e-02    -  1.00e+00 1.25e-01h  4
 552  6.0342363e-03 3.94e-02 2.12e-01 -11.0 1.02e-01    -  1.00e+00 1.25e-01h  4
 553  6.0328973e-03 3.77e-02 1.88e-01 -11.0 8.11e-01    -  1.00e+00 1.56e-02h  7
 554  6.0239950e-03 4.51e-02 3.45e-01 -11.0 1.21e-01    -  1.00e+00 6.25e-02h  5
 555  8.7940629e-02 4.78e+02 6.64e+02 -11.0 1.65e+00    -  1.00e+00 1.00e+00w  1
 556  7.9298720e-02 1.70e+02 1.68e+01 -11.0 5.04e-01    -  1.00e+00 1.00e+00w  1
 557  1.3726767e-01 6.17e+01 4.94e+01 -11.0 2.24e-01    -  1.00e+00 1.00e+00w  1
 558  6.0200194e-03 4.37e-01 1.29e+00 -11.0 2.29e-01    -  1.00e+00 3.12e-02h  5
 559  5.9920298e-03 2.80e-03 2.03e-01 -11.0 5.96e-03    -  1.00e+00 1.00e+00h  1
iter    objective    inf_pr   inf_du lg(mu)  ||d||  lg(rg) alpha_du alpha_pr  ls
 560  5.9857662e-03 8.46e-03 8.30e-02 -11.0 2.69e-02    -  1.00e+00 2.50e-01h  3
 561  5.9670398e-03 2.11e-02 3.87e-01 -11.0 2.51e-02    -  1.00e+00 2.50e-01h  3
 562  5.9429749e-03 2.62e-02 8.60e-01 -11.0 1.20e-02    -  1.00e+00 5.00e-01h  2
 563  5.9346854e-03 1.41e-02 5.88e-01 -11.0 4.57e-03    -  1.00e+00 5.00e-01h  2
 564  5.9235196e-03 1.79e-03 1.23e-01 -11.0 3.85e-03    -  1.00e+00 1.00e+00h  1
 565  5.9319750e-03 6.65e-05 1.11e-01 -11.0 1.26e-02    -  1.00e+00 1.00e+00H  1
 566  5.9290316e-03 1.72e-04 1.45e-01 -11.0 1.65e-01    -  1.00e+00 7.81e-03h  8
 567  5.9145943e-03 1.71e-02 2.84e-01 -11.0 1.80e-01    -  1.00e+00 6.25e-02h  5
 568  5.9048717e-03 3.05e-02 5.60e-01 -11.0 2.44e+00    -  1.00e+00 3.91e-03h  9
 569  5.8934585e-03 5.66e-02 7.91e-01 -11.0 1.92e-01    -  1.00e+00 6.25e-02h  5
iter    objective    inf_pr   inf_du lg(mu)  ||d||  lg(rg) alpha_du alpha_pr  ls
 570  5.8869887e-03 7.75e-02 8.52e-01 -11.0 1.81e-01    -  1.00e+00 6.25e-02h  5
 571  5.8809519e-03 6.92e-02 9.47e-01 -11.0 4.93e-02    -  1.00e+00 1.25e-01h  4
 572  5.8843358e-03 5.81e-02 6.37e-01 -11.0 2.71e-02    -  1.00e+00 2.50e-01h  3
 573  5.8697536e-03 4.04e-02 1.19e+00 -11.0 1.99e-02    -  1.00e+00 1.00e+00h  1
 574  5.8720626e-03 3.78e-02 1.35e+00 -11.0 4.39e-02    -  1.00e+00 6.25e-02h  5
 575  5.8293209e-03 8.03e-03 1.03e-01 -11.0 5.50e-03    -  1.00e+00 1.00e+00h  1
 576  5.8198759e-03 7.07e-03 2.18e-01 -11.0 1.81e-02    -  1.00e+00 1.25e-01h  4
 577  5.8606092e-03 5.34e-03 2.30e-01 -11.0 1.88e-02    -  1.00e+00 1.00e+00H  1
 578  5.8456824e-03 2.78e-03 3.78e-01 -11.0 1.56e-01    -  1.00e+00 3.12e-02h  6
 579  5.8282388e-03 1.67e-03 4.60e-01 -11.0 8.16e-01    -  1.00e+00 7.81e-03h  8
iter    objective    inf_pr   inf_du lg(mu)  ||d||  lg(rg) alpha_du alpha_pr  ls
 580  5.7703141e-03 1.86e-01 1.38e+00 -11.0 1.44e+00    -  1.00e+00 3.12e-02h  6
 581  5.7668655e-03 1.98e-01 1.43e+00 -11.0 8.70e-01    -  1.00e+00 1.56e-02h  7
 582  5.7474873e-03 2.48e-01 1.63e+00 -11.0 7.15e-01    -  1.00e+00 3.12e-02h  6
 583  5.7317898e-03 3.20e-01 1.80e+00 -11.0 6.83e+00    -  1.00e+00 3.91e-03h  9
 584  5.7374169e-03 3.18e-01 1.49e+00 -11.0 4.42e-01    -  1.00e+00 7.81e-03h  8
 585  5.8048581e-03 1.59e-01 1.02e+00 -11.0 7.81e-03    -  1.00e+00 5.00e-01h  2
 586  5.7343830e-03 9.23e-03 1.55e-01 -11.0 1.17e-02    -  1.00e+00 1.00e+00h  1
 587  5.7188629e-03 1.84e-02 1.54e-01 -11.0 1.47e-01    -  1.00e+00 6.25e-02h  5
 588  5.7161357e-03 2.44e-02 1.55e-01 -11.0 2.62e-01    -  1.00e+00 3.12e-02h  6
 589  5.7137013e-03 5.99e-02 1.80e-01 -11.0 1.36e+00    -  1.00e+00 1.56e-02h  7
iter    objective    inf_pr   inf_du lg(mu)  ||d||  lg(rg) alpha_du alpha_pr  ls
 590  5.7090033e-03 8.58e-02 2.09e-01 -11.0 7.87e+00    -  1.00e+00 1.95e-03h 10
 591  5.7037729e-03 9.65e-02 2.27e-01 -11.0 2.90e+00    -  1.00e+00 3.91e-03h  9
 592  5.7033789e-03 1.13e-01 2.52e-01 -11.0 3.04e+00    -  1.00e+00 3.91e-03h  9
 593  5.7015347e-03 1.22e-01 2.50e-01 -11.0 3.10e+02    -  1.00e+00 3.05e-05h 16
 594  5.7013729e-03 1.24e-01 2.57e-01 -11.0 6.80e+01    -  1.00e+00 6.10e-05h 15
 595  5.7010119e-03 1.26e-01 2.52e-01 -11.0 1.47e+02    -  1.00e+00 3.05e-05h 16
 596  5.7023647e-03 8.99e-04 1.46e-01 -11.0 1.86e-03    -  1.00e+00 1.00e+00h  1
 597  5.6898266e-03 1.04e-04 7.37e-02 -11.0 8.44e-04    -  1.00e+00 1.00e+00h  1
 598  5.6867586e-03 1.36e-04 3.62e-02 -11.0 2.68e-04    -  1.00e+00 1.00e+00h  1
 599  5.6857375e-03 5.05e-05 4.06e-02 -11.0 2.31e-04    -  1.00e+00 1.00e+00h  1
iter    objective    inf_pr   inf_du lg(mu)  ||d||  lg(rg) alpha_du alpha_pr  ls
 600  5.6838685e-03 1.90e-04 6.99e-02 -11.0 6.25e-04    -  1.00e+00 1.00e+00h  1
 601  5.6799808e-03 9.76e-03 6.07e-01 -11.0 7.45e-03    -  1.00e+00 1.00e+00h  1
 602  5.6761853e-03 1.15e-02 9.66e-01 -11.0 6.16e-02    -  1.00e+00 6.25e-02h  5
 603  5.6693017e-03 9.26e-03 1.07e+00 -11.0 1.38e-02    -  1.00e+00 2.50e-01h  3
 604  5.6754918e-03 5.27e-03 5.40e-01 -11.0 4.00e-03    -  1.00e+00 5.00e-01h  2
 605  5.6610657e-03 2.20e-03 6.51e-02 -11.0 2.91e-03    -  1.00e+00 1.00e+00h  1
 606  5.6661643e-03 1.47e-03 1.64e-01 -11.0 2.52e-03    -  1.00e+00 1.00e+00h  1
 607  5.6601427e-03 1.26e-03 4.73e-02 -11.0 1.78e-03    -  1.00e+00 1.00e+00h  1
 608  5.6596356e-03 4.42e-04 1.51e-01 -11.0 3.15e-03    -  1.00e+00 1.00e+00H  1
 609  5.6730284e-03 1.69e-04 5.32e-02 -11.0 2.57e-03    -  1.00e+00 1.00e+00H  1
iter    objective    inf_pr   inf_du lg(mu)  ||d||  lg(rg) alpha_du alpha_pr  ls
 610  5.6549947e-03 1.40e-03 9.64e-02 -11.0 2.12e-03    -  1.00e+00 1.00e+00h  1
 611  5.6529219e-03 6.43e-04 3.32e-02 -11.0 1.60e-03    -  1.00e+00 1.00e+00h  1
 612  5.6541832e-03 1.20e-05 2.22e-02 -11.0 1.65e-03    -  1.00e+00 1.00e+00H  1
 613  5.6518687e-03 3.37e-04 4.99e-02 -11.0 1.23e-03    -  1.00e+00 1.00e+00h  1
 614  5.6508872e-03 1.67e-04 4.81e-02 -11.0 8.07e-04    -  1.00e+00 1.00e+00h  1
 615  5.6495984e-03 6.83e-05 2.31e-02 -11.0 6.14e-04    -  1.00e+00 1.00e+00h  1
 616  5.6485757e-03 1.74e-04 3.59e-02 -11.0 1.09e-03    -  1.00e+00 1.00e+00h  1
 617  5.6513224e-03 6.61e-06 4.60e-02 -11.0 3.96e-03    -  1.00e+00 1.00e+00H  1
 618  5.6472220e-03 3.38e-03 7.98e-02 -11.0 2.09e-02    -  1.00e+00 2.50e-01h  3
 619  5.6434282e-03 4.86e-03 1.50e-01 -11.0 4.95e-02    -  1.00e+00 6.25e-02h  5
iter    objective    inf_pr   inf_du lg(mu)  ||d||  lg(rg) alpha_du alpha_pr  ls
 620  5.6383875e-03 8.78e-03 1.44e-01 -11.0 7.61e-02    -  1.00e+00 6.25e-02h  5
 621  5.6355229e-03 1.02e-02 1.07e-01 -11.0 1.23e-01    -  1.00e+00 3.12e-02h  6
 622  5.6369661e-03 1.31e-02 1.25e-01 -11.0 2.12e-02    -  1.00e+00 2.50e-01h  3
 623  5.6316648e-03 2.14e-02 1.29e-01 -11.0 5.14e-02    -  1.00e+00 1.25e-01h  4
 624  5.6257157e-03 1.11e-01 4.22e-01 -11.0 1.65e-01    -  1.00e+00 1.25e-01h  4
 625  5.6238258e-03 1.10e-01 5.74e-01 -11.0 2.29e-01    -  1.00e+00 1.56e-02h  7
 626  5.6282666e-03 1.00e-01 7.76e-01 -11.0 5.37e-02    -  1.00e+00 1.25e-01h  4
 627  5.6210010e-03 9.63e-02 7.98e-01 -11.0 1.49e-01    -  1.00e+00 3.12e-02h  6
 628  6.4681387e-03 1.22e-01 4.16e-01 -11.0 3.12e-02    -  1.00e+00 1.00e+00w  1
 629  9.3494049e-03 3.00e+00 2.32e+00 -11.0 1.08e-01    -  1.00e+00 1.00e+00w  1
iter    objective    inf_pr   inf_du lg(mu)  ||d||  lg(rg) alpha_du alpha_pr  ls
 630  2.7393724e-01 2.65e+01 5.56e+00 -11.0 3.81e-01    -  1.00e+00 1.00e+00w  1
 631  5.6193917e-03 7.99e-02 5.00e-01 -11.0 2.18e-01    -  1.00e+00 2.50e-01h  2
 632  5.6062116e-03 1.10e-01 2.85e-01 -11.0 1.79e-01    -  1.00e+00 6.25e-02h  5
 633  5.6141640e-03 1.05e-01 2.89e-01 -11.0 1.38e-01    -  1.00e+00 3.12e-02h  6
 634  5.5963631e-03 1.52e-02 3.40e-02 -11.0 7.78e-03    -  1.00e+00 1.00e+00h  1
 635  5.5865298e-03 1.65e-02 4.70e-02 -11.0 4.96e-02    -  1.00e+00 6.25e-02h  5
 636  5.6341675e-03 8.98e-03 2.82e-01 -11.0 1.55e-02    -  1.00e+00 1.00e+00H  1
 637  5.6338168e-03 5.71e-03 1.05e-01 -11.0 1.79e-02    -  1.00e+00 2.50e-01h  3
 638  5.6016035e-03 6.73e-03 7.30e-02 -11.0 5.28e-03    -  1.00e+00 1.00e+00h  1
 639  5.6311418e-03 2.27e-04 2.26e-01 -11.0 6.33e-03    -  1.00e+00 1.00e+00H  1
iter    objective    inf_pr   inf_du lg(mu)  ||d||  lg(rg) alpha_du alpha_pr  ls
 640  5.5826041e-03 1.34e-02 8.36e-02 -11.0 7.04e-03    -  1.00e+00 1.00e+00h  1
 641  5.5714260e-03 1.54e-02 1.29e-01 -11.0 1.82e-02    -  1.00e+00 2.50e-01h  3
 642  5.5749038e-03 9.12e-03 5.71e-02 -11.0 5.65e-03    -  1.00e+00 5.00e-01h  2
 643  5.5719442e-03 5.81e-04 2.72e-01 -11.0 2.41e-03    -  1.00e+00 1.00e+00h  1
 644  5.5593735e-03 6.19e-04 5.00e-02 -11.0 1.33e-03    -  1.00e+00 1.00e+00h  1
 645  5.5565524e-03 6.97e-04 4.01e-02 -11.0 1.55e-03    -  1.00e+00 1.00e+00h  1
 646  5.5511264e-03 4.78e-02 1.39e-01 -11.0 1.20e-02    -  1.00e+00 1.00e+00h  1
 647  5.5468418e-03 6.48e-02 2.21e-01 -11.0 8.78e-01    -  1.00e+00 7.81e-03h  8
 648  5.5394841e-03 1.12e-01 4.31e-01 -11.0 3.34e-01    -  1.00e+00 3.12e-02h  6
 649  5.5189623e-03 8.00e-01 7.92e-01 -11.0 2.45e+00    -  1.00e+00 1.56e-02h  7
iter    objective    inf_pr   inf_du lg(mu)  ||d||  lg(rg) alpha_du alpha_pr  ls
 650  5.4245450e-03 8.08e-01 8.75e-01 -11.0 1.14e+00    -  1.00e+00 3.91e-03h  9
 651  5.5020805e-03 5.00e-01 8.78e-01 -11.0 2.62e-02    -  1.00e+00 5.00e-01h  2
 652  5.4760834e-03 4.92e-01 8.58e-01 -11.0 7.75e-02    -  1.00e+00 1.25e-01h  4
 653  5.4374147e-03 5.07e-01 7.86e-01 -11.0 2.53e-01    -  1.00e+00 3.12e-02h  6
 654  5.4361984e-03 5.72e-01 8.57e-01 -11.0 3.98e-01    -  1.00e+00 3.12e-02h  6
 655  5.4359162e-03 5.71e-01 7.56e-01 -11.0 1.82e-01    -  1.00e+00 3.12e-02h  6
 656  5.4365197e-03 5.62e-01 7.48e-01 -11.0 6.35e-02    -  1.00e+00 1.56e-02h  7
 657  5.6687767e-03 1.50e-03 1.43e-01 -11.0 5.08e-03    -  1.00e+00 1.00e+00w  1
 658  5.5958044e-03 3.77e-03 1.14e+00 -11.0 8.92e-03    -  1.00e+00 1.00e+00h  1
 659  5.5035379e-03 6.28e-04 3.24e-01 -11.0 2.84e-03    -  1.00e+00 1.00e+00h  1
iter    objective    inf_pr   inf_du lg(mu)  ||d||  lg(rg) alpha_du alpha_pr  ls
 660  5.4950416e-03 3.39e-04 9.35e-02 -11.0 8.19e-04    -  1.00e+00 1.00e+00h  1
 661  5.4867041e-03 5.89e-04 4.00e-02 -11.0 1.24e-03    -  1.00e+00 1.00e+00h  1
 662  5.4877916e-03 5.64e-05 8.26e-02 -11.0 3.14e-03    -  1.00e+00 1.00e+00H  1
 663  5.4820640e-03 8.16e-04 1.59e-01 -11.0 2.71e-03    -  1.00e+00 1.00e+00h  1
 664  5.4753843e-03 4.75e-04 3.83e-02 -11.0 1.91e-03    -  1.00e+00 1.00e+00h  1
 665  5.4807759e-03 7.10e-05 9.44e-02 -11.0 1.15e-03    -  1.00e+00 1.00e+00h  1
 666  5.4730040e-03 5.44e-05 1.52e-02 -11.0 8.63e-04    -  1.00e+00 1.00e+00h  1
 667  5.4717399e-03 3.07e-05 7.44e-03 -11.0 4.99e-04    -  1.00e+00 1.00e+00h  1
 668  5.4711949e-03 1.81e-03 1.42e-01 -11.0 3.63e-02    -  1.00e+00 1.25e-01h  4
 669  5.4949117e-03 9.24e-06 1.51e-01 -11.0 9.31e-03    -  1.00e+00 1.00e+00H  1
iter    objective    inf_pr   inf_du lg(mu)  ||d||  lg(rg) alpha_du alpha_pr  ls
 670  5.4924597e-03 1.10e-05 1.54e-01 -11.0 1.34e-02    -  1.00e+00 1.56e-02h  7
 671  5.4784772e-03 2.24e-05 5.48e-02 -11.0 4.26e-03    -  1.00e+00 1.00e+00H  1
 672  5.4572119e-03 1.86e-03 1.39e-01 -11.0 3.57e-03    -  1.00e+00 1.00e+00h  1
 673  5.4807611e-03 9.02e-07 6.58e-02 -11.0 4.83e-03    -  1.00e+00 1.00e+00H  1
 674  5.4531113e-03 1.52e-03 7.11e-02 -11.0 3.75e-03    -  1.00e+00 1.00e+00h  1
 675  5.4455216e-03 2.91e-04 6.29e-02 -11.0 1.47e-03    -  1.00e+00 1.00e+00h  1
 676  5.4440740e-03 2.34e-05 1.23e-02 -11.0 3.81e-04    -  1.00e+00 1.00e+00h  1
 677  5.4425117e-03 1.37e-04 2.50e-02 -11.0 8.92e-04    -  1.00e+00 1.00e+00h  1
 678  5.4395236e-03 1.21e-02 1.42e-01 -11.0 1.53e-02    -  1.00e+00 5.00e-01h  2
 679  5.4379509e-03 1.25e-02 1.20e-01 -11.0 4.85e-02    -  1.00e+00 3.12e-02h  6
iter    objective    inf_pr   inf_du lg(mu)  ||d||  lg(rg) alpha_du alpha_pr  ls
 680  5.4318443e-03 1.66e-02 3.43e-02 -11.0 7.66e-03    -  1.00e+00 1.00e+00h  1
 681  5.4358386e-03 1.47e-02 2.21e-01 -11.0 2.24e-02    -  1.00e+00 2.50e-01h  3
 682  5.4231413e-03 1.10e-02 3.72e-01 -11.0 1.24e-02    -  1.00e+00 5.00e-01h  2
 683  5.4170704e-03 3.94e-03 1.16e-01 -11.0 6.01e-03    -  1.00e+00 5.00e-01h  2
 684  5.4147146e-03 8.41e-04 8.29e-02 -11.0 2.23e-03    -  1.00e+00 1.00e+00h  1
 685  5.4094775e-03 7.49e-03 3.43e-02 -11.0 4.87e-03    -  1.00e+00 1.00e+00h  1
 686  5.4071546e-03 1.02e-02 4.14e-02 -11.0 2.37e-02    -  1.00e+00 1.25e-01h  4
 687  5.4049265e-03 3.03e-02 1.95e-01 -11.0 3.40e-02    -  1.00e+00 2.50e-01h  3
 688  5.4009742e-03 3.79e-02 4.13e-01 -11.0 1.03e-01    -  1.00e+00 6.25e-02h  5
 689  5.3917848e-03 4.56e-02 5.54e-01 -11.0 6.32e-02    -  1.00e+00 1.25e-01h  4
iter    objective    inf_pr   inf_du lg(mu)  ||d||  lg(rg) alpha_du alpha_pr  ls
 690  5.3753076e-03 7.35e-02 4.45e-01 -11.0 1.70e-01    -  1.00e+00 6.25e-02h  5
 691  5.3752407e-03 7.72e-02 2.69e-01 -11.0 7.15e-02    -  1.00e+00 1.25e-01h  4
 692  5.3441672e-03 3.65e-01 8.22e-01 -11.0 9.17e-02    -  1.00e+00 5.00e-01h  2
 693  5.3235145e-03 3.94e-01 9.13e-01 -11.0 5.94e-01    -  1.00e+00 3.12e-02h  6
 694  5.2921331e-03 4.69e-01 1.25e+00 -11.0 4.88e-01    -  1.00e+00 6.25e-02h  5
 695  5.2818952e-03 4.64e-01 1.37e+00 -11.0 3.36e-01    -  1.00e+00 1.56e-02h  7
 696  5.8028909e-03 5.75e-02 3.78e-01 -11.0 1.69e-02    -  1.00e+00 1.00e+00w  1
 697  5.6193893e-03 2.02e-02 1.69e-01 -11.0 1.38e-02    -  1.00e+00 1.00e+00w  1
 698  5.5513705e-03 3.73e-01 5.59e-01 -11.0 4.61e-02    -  1.00e+00 1.00e+00w  1
 699  5.3698231e-03 2.46e-01 8.65e-01 -11.0 1.77e-01    -  1.00e+00 5.00e-01h  1
iter    objective    inf_pr   inf_du lg(mu)  ||d||  lg(rg) alpha_du alpha_pr  ls
 700  5.3347246e-03 3.32e-01 4.25e-01 -11.0 2.65e-01    -  1.00e+00 1.25e-01h  4
 701  5.3104658e-03 3.42e-01 3.94e-01 -11.0 3.36e-01    -  1.00e+00 3.12e-02h  6
 702  5.3053747e-03 2.95e-01 3.65e-01 -11.0 6.12e-02    -  1.00e+00 2.50e-01h  3
 703  5.2992184e-03 2.28e-01 2.50e-01 -11.0 3.07e-02    -  1.00e+00 2.50e-01h  3
 704  5.3021127e-03 1.25e-01 4.24e-01 -11.0 2.97e-02    -  1.00e+00 5.00e-01h  2
 705  5.2832006e-03 1.62e-01 6.46e-01 -11.0 9.57e-02    -  1.00e+00 2.50e-01h  3
 706  5.2824795e-03 1.56e-01 6.21e-01 -11.0 7.21e-02    -  1.00e+00 6.25e-02h  5
 707  5.3337785e-03 9.40e-03 3.23e-01 -11.0 5.59e-03    -  1.00e+00 1.00e+00h  1
 708  5.2668717e-03 1.84e-03 1.19e-01 -11.0 5.31e-03    -  1.00e+00 1.00e+00h  1
 709  5.2578410e-03 2.60e-03 1.09e-01 -11.0 6.46e-03    -  1.00e+00 1.00e+00h  1
iter    objective    inf_pr   inf_du lg(mu)  ||d||  lg(rg) alpha_du alpha_pr  ls
 710  5.2627297e-03 1.20e-03 9.30e-02 -11.0 6.40e-03    -  1.00e+00 5.00e-01h  2
 711  5.2498707e-03 7.08e-04 1.83e-02 -11.0 1.66e-03    -  1.00e+00 1.00e+00h  1
 712  5.2461156e-03 1.35e-04 4.69e-02 -11.0 1.22e-03    -  1.00e+00 1.00e+00h  1
 713  5.2391235e-03 4.68e-04 6.75e-02 -11.0 3.56e-03    -  1.00e+00 1.00e+00h  1
 714  5.2274336e-03 2.45e-02 5.94e-02 -11.0 5.04e-02    -  1.00e+00 5.00e-01h  2
 715  5.2180217e-03 2.51e-02 6.71e-02 -11.0 2.73e-01    -  1.00e+00 3.12e-02h  6
 716  5.2158432e-03 4.66e-02 3.45e-01 -11.0 4.69e-01    -  1.00e+00 6.25e-02h  5
 717  5.2102905e-03 4.55e-02 4.60e-01 -11.0 1.65e-01    -  1.00e+00 3.12e-02h  6
 718  5.2058723e-03 3.92e-02 4.73e-01 -11.0 1.66e-02    -  1.00e+00 1.25e-01h  4
 719  5.2048868e-03 1.66e-02 1.56e-01 -11.0 1.91e-02    -  1.00e+00 1.00e+00h  1
iter    objective    inf_pr   inf_du lg(mu)  ||d||  lg(rg) alpha_du alpha_pr  ls
 720  5.1909227e-03 2.64e-02 1.34e-01 -11.0 6.26e-01    -  1.00e+00 3.12e-02h  6
 721  5.1800817e-03 2.67e-02 1.14e-01 -11.0 3.31e-01    -  1.00e+00 1.56e-02h  7
 722  5.1803417e-03 1.95e-02 1.85e-01 -11.0 1.18e-02    -  1.00e+00 2.50e-01h  3
 723  5.1841100e-03 1.68e-02 1.11e-01 -11.0 2.13e-02    -  1.00e+00 1.00e+00h  1
 724  5.1807928e-03 1.77e-02 1.73e-01 -11.0 1.86e-01    -  1.00e+00 3.12e-02h  6
 725  5.1724623e-03 8.80e-03 1.58e-01 -11.0 1.50e-02    -  1.00e+00 5.00e-01h  2
 726  5.3238433e-03 1.02e-05 1.64e-01 -11.0 7.02e-03    -  1.00e+00 1.00e+00H  1
 727  5.1601009e-03 8.34e-03 1.02e-01 -11.0 7.38e-03    -  1.00e+00 1.00e+00h  1
 728  5.1759213e-03 5.26e-03 2.43e-01 -11.0 9.26e-03    -  1.00e+00 1.00e+00h  1
 729  5.2391060e-03 4.11e-04 2.58e-01 -11.0 1.90e-02    -  1.00e+00 1.00e+00H  1
iter    objective    inf_pr   inf_du lg(mu)  ||d||  lg(rg) alpha_du alpha_pr  ls
 730  5.2085871e-03 1.36e-03 2.31e-01 -11.0 1.12e-01    -  1.00e+00 6.25e-02h  5
 731  5.1783582e-03 2.70e-03 1.48e-01 -11.0 9.31e-02    -  1.00e+00 3.12e-02h  6
 732  5.1396107e-03 4.70e-03 1.43e-01 -11.0 4.63e-02    -  1.00e+00 2.50e-01h  3
 733  5.1278655e-03 4.69e-03 6.63e-02 -11.0 5.47e-02    -  1.00e+00 6.25e-02h  5
 734  5.1101043e-03 2.62e-03 2.28e-02 -11.0 7.49e-03    -  1.00e+00 1.00e+00h  1
 735  5.1056876e-03 1.55e-03 4.85e-02 -11.0 2.18e-02    -  1.00e+00 2.50e-01h  3
 736  5.0867441e-03 3.35e-02 1.12e-01 -11.0 1.26e-01    -  1.00e+00 2.50e-01h  3
 737  5.0515821e-03 8.93e-02 2.42e-01 -11.0 2.61e+00    -  1.00e+00 1.56e-02h  7
 738  5.0339033e-03 1.01e-01 2.57e-01 -11.0 4.80e+00    -  1.00e+00 3.91e-03h  9
 739  5.0307920e-03 1.09e-01 3.40e-01 -11.0 1.14e+00    -  1.00e+00 1.56e-02h  7
iter    objective    inf_pr   inf_du lg(mu)  ||d||  lg(rg) alpha_du alpha_pr  ls
 740  5.0208120e-03 1.09e-01 3.46e-01 -11.0 7.68e-01    -  1.00e+00 7.81e-03h  8
 741  5.0107443e-03 9.80e-02 4.54e-01 -11.0 9.50e-02    -  1.00e+00 1.25e-01h  4
 742  5.0065549e-03 9.63e-02 3.75e-01 -11.0 1.55e-01    -  1.00e+00 3.12e-02h  6
 743  5.0131653e-03 5.93e-02 1.69e-01 -11.0 4.49e-02    -  1.00e+00 5.00e-01h  2
 744  4.9986822e-03 5.94e-02 2.21e-01 -11.0 2.97e-01    -  1.00e+00 3.12e-02h  6
 745  1.5966997e-02 8.68e-01 1.25e+00 -11.0 9.04e-02    -  1.00e+00 1.00e+00w  1
 746  1.9646262e+01 8.90e+02 5.34e+03 -11.0 3.04e+00    -  1.00e+00 1.00e+00w  1
 747  9.1222132e+00 5.45e+02 9.46e+02 -11.0 1.85e+00    -  1.00e+00 1.00e+00w  1
 748  4.9902260e-03 5.78e-02 2.06e-01 -11.0 3.28e-01    -  1.00e+00 3.12e-02h  5
 749  4.9941389e-03 5.43e-03 1.81e-01 -11.0 1.43e-02    -  1.00e+00 1.00e+00h  1
iter    objective    inf_pr   inf_du lg(mu)  ||d||  lg(rg) alpha_du alpha_pr  ls
 750  4.9866002e-03 5.40e-03 9.68e-02 -11.0 1.07e-01    -  1.00e+00 3.12e-02h  6
 751  4.9732201e-03 1.20e-03 7.76e-02 -11.0 2.61e-03    -  1.00e+00 1.00e+00h  1
 752  4.9585070e-03 2.01e-03 7.49e-02 -11.0 6.72e-03    -  1.00e+00 1.00e+00h  1
 753  4.9542813e-03 1.95e-03 7.08e-02 -11.0 2.51e-02    -  1.00e+00 6.25e-02h  5
 754  4.9523209e-03 2.00e-03 1.01e-01 -11.0 8.40e-03    -  1.00e+00 1.00e+00h  1
 755  4.9483332e-03 5.56e-03 8.39e-02 -11.0 3.77e-02    -  1.00e+00 2.50e-01h  3
 756  4.9423172e-03 5.63e-03 7.91e-02 -11.0 4.93e-02    -  1.00e+00 6.25e-02h  5
 757  4.9639718e-03 7.77e-04 1.75e-01 -11.0 5.89e-03    -  1.00e+00 1.00e+00H  1
 758  4.9666495e-03 3.64e-04 7.42e-02 -11.0 8.80e-03    -  1.00e+00 1.00e+00H  1
 759  4.9317193e-03 2.16e-03 3.02e-02 -11.0 1.31e-02    -  1.00e+00 5.00e-01h  2
iter    objective    inf_pr   inf_du lg(mu)  ||d||  lg(rg) alpha_du alpha_pr  ls
 760  5.1483172e-03 5.15e-04 9.82e-02 -11.0 8.14e-03    -  1.00e+00 1.00e+00H  1
 761  4.9115906e-03 8.29e-03 4.18e-02 -11.0 6.77e-03    -  1.00e+00 1.00e+00h  1
 762  4.9081885e-03 1.66e-04 2.71e-02 -11.0 1.52e-03    -  1.00e+00 1.00e+00h  1
 763  4.9026029e-03 9.43e-05 2.16e-02 -11.0 1.00e-03    -  1.00e+00 1.00e+00h  1
 764  4.9232782e-03 4.38e-05 1.16e-01 -11.0 4.99e-03    -  1.00e+00 1.00e+00H  1
 765  4.8942209e-03 3.73e-04 3.99e-02 -11.0 2.58e-03    -  1.00e+00 1.00e+00h  1
 766  4.9008307e-03 1.46e-04 5.51e-02 -11.0 2.78e-03    -  1.00e+00 1.00e+00H  1
 767  4.8825924e-03 7.16e-04 1.52e-02 -11.0 2.23e-03    -  1.00e+00 1.00e+00h  1
 768  4.8938538e-03 9.20e-05 5.70e-02 -11.0 4.90e-03    -  1.00e+00 1.00e+00H  1
 769  4.8826788e-03 4.84e-05 6.48e-02 -11.0 6.81e-03    -  1.00e+00 1.00e+00H  1
iter    objective    inf_pr   inf_du lg(mu)  ||d||  lg(rg) alpha_du alpha_pr  ls
 770  4.8688748e-03 2.24e-03 3.79e-02 -11.0 3.42e-02    -  1.00e+00 1.25e-01h  4
 771  4.8602267e-03 1.80e-03 2.65e-02 -11.0 1.15e-02    -  1.00e+00 2.50e-01h  3
 772  4.8539632e-03 7.98e-03 7.63e-02 -11.0 1.62e-02    -  1.00e+00 5.00e-01h  2
 773  4.8510691e-03 8.57e-03 8.52e-02 -11.0 5.42e-02    -  1.00e+00 6.25e-02h  5
 774  4.8453662e-03 7.73e-03 1.26e-01 -11.0 1.67e-02    -  1.00e+00 1.25e-01h  4
 775  4.8346249e-03 5.33e-03 3.36e-02 -11.0 8.03e-03    -  1.00e+00 1.00e+00h  1
 776  4.8244083e-03 1.52e-02 1.40e-01 -11.0 7.01e-02    -  1.00e+00 2.50e-01h  3
 777  4.8147301e-03 4.01e-02 1.42e-01 -11.0 5.50e-01    -  1.00e+00 3.12e-02h  6
 778  4.8128856e-03 4.01e-02 1.16e-01 -11.0 1.80e-01    -  1.00e+00 7.81e-03h  8
 779  4.8329741e-03 6.55e-03 2.30e-01 -11.0 7.34e-03    -  1.00e+00 1.00e+00h  1
iter    objective    inf_pr   inf_du lg(mu)  ||d||  lg(rg) alpha_du alpha_pr  ls
 780  4.7874292e-03 1.21e-02 2.98e-01 -11.0 5.48e-03    -  1.00e+00 1.00e+00h  1
 781  4.7760766e-03 8.28e-03 1.28e-01 -11.0 1.31e-02    -  1.00e+00 1.00e+00h  1
 782  4.7588553e-03 8.30e-03 1.02e-01 -11.0 7.09e-02    -  1.00e+00 1.25e-01h  4
 783  4.7455907e-03 3.14e-02 9.93e-02 -11.0 1.24e+00    -  1.00e+00 1.56e-02h  7
 784  4.7386717e-03 3.02e-02 1.23e-01 -11.0 1.71e+00    -  1.00e+00 3.91e-03h  9
 785  4.7238602e-03 2.82e-02 2.49e-01 -11.0 2.08e-01    -  1.00e+00 3.12e-02h  6
 786  4.7100552e-03 2.66e-02 3.37e-01 -11.0 6.21e-02    -  1.00e+00 6.25e-02h  5
 787  4.7074544e-03 2.60e-02 8.30e-02 -11.0 3.31e-02    -  1.00e+00 5.00e-01h  2
 788  4.7061203e-03 2.73e-02 4.83e-02 -11.0 5.32e-01    -  1.00e+00 1.56e-02h  7
 789  4.7004905e-03 2.68e-02 1.38e-01 -11.0 7.82e-02    -  1.00e+00 6.25e-02h  5
iter    objective    inf_pr   inf_du lg(mu)  ||d||  lg(rg) alpha_du alpha_pr  ls
 790  4.6919235e-03 3.14e-02 1.46e-01 -11.0 1.31e-01    -  1.00e+00 6.25e-02h  5
 791  4.6880131e-03 2.76e-02 1.32e-01 -11.0 4.94e-02    -  1.00e+00 2.50e-01h  3
 792  6.6139540e-03 8.56e-01 1.16e+00 -11.0 7.40e-02    -  1.00e+00 1.00e+00w  1
 793  1.0942802e-02 8.08e-01 1.68e+00 -11.0 5.47e-02    -  1.00e+00 1.00e+00w  1
 794  6.2321254e-03 2.74e-01 9.82e-01 -11.0 4.13e-02    -  1.00e+00 1.00e+00w  1
 795  4.6606731e-03 3.34e-02 2.87e-01 -11.0 1.60e-02    -  1.00e+00 1.25e-01h  3
 796  4.6523787e-03 2.47e-02 1.63e-01 -11.0 1.50e-02    -  1.00e+00 2.50e-01h  3
 797  4.6688232e-03 1.09e-02 1.88e-01 -11.0 1.10e-02    -  1.00e+00 1.00e+00h  1
 798  4.7006849e-03 1.40e-02 1.32e-01 -11.0 2.45e-02    -  1.00e+00 2.50e-01h  3
 799  4.6045536e-03 9.13e-03 5.63e-02 -11.0 3.58e-03    -  1.00e+00 1.00e+00h  1
iter    objective    inf_pr   inf_du lg(mu)  ||d||  lg(rg) alpha_du alpha_pr  ls
 800  4.5950596e-03 3.71e-04 6.78e-02 -11.0 2.12e-03    -  1.00e+00 1.00e+00h  1
 801  4.5889385e-03 1.36e-03 2.87e-02 -11.0 2.94e-03    -  1.00e+00 1.00e+00h  1
 802  4.5829074e-03 4.83e-02 1.37e-01 -11.0 7.10e-02    -  1.00e+00 2.50e-01h  3
 803  4.5793522e-03 5.00e-02 1.45e-01 -11.0 1.89e+00    -  1.00e+00 1.95e-03h 10
 804  4.5725412e-03 5.74e-02 8.88e-02 -11.0 2.00e-01    -  1.00e+00 6.25e-02h  5
 805  4.5590006e-03 6.47e-02 7.27e-02 -11.0 4.44e-01    -  1.00e+00 3.12e-02h  6
 806  4.5535465e-03 1.15e-01 2.01e-01 -11.0 1.49e+00    -  1.00e+00 1.56e-02h  7
 807  4.5437144e-03 1.24e-01 3.08e-01 -11.0 1.61e+00    -  1.00e+00 7.81e-03h  8
 808  4.5262987e-03 9.79e-02 3.81e-01 -11.0 2.78e-01    -  1.00e+00 6.25e-02h  5
 809  4.5008026e-03 1.20e-01 2.48e-01 -11.0 3.43e-01    -  1.00e+00 3.12e-02h  6
iter    objective    inf_pr   inf_du lg(mu)  ||d||  lg(rg) alpha_du alpha_pr  ls
 810  4.4896551e-03 1.47e-01 4.04e-01 -11.0 2.30e+00    -  1.00e+00 7.81e-03h  8
 811  4.4825833e-03 1.50e-01 3.05e-01 -11.0 3.70e-01    -  1.00e+00 1.56e-02h  7
 812  4.6192600e-03 3.49e-03 3.82e-01 -11.0 5.73e-03    -  1.00e+00 1.00e+00w  1
 813  4.5999651e-03 4.70e-03 1.54e+00 -11.0 1.26e-02    -  1.00e+00 1.00e+00w  1
 814  4.5233671e-03 1.67e-03 4.06e-01 -11.0 3.45e-03    -  1.00e+00 1.00e+00h  1
 815  4.5030076e-03 2.51e-04 6.06e-02 -11.0 1.43e-03    -  1.00e+00 1.00e+00h  1
 816  4.4860564e-03 2.36e-02 1.92e-01 -11.0 1.34e-02    -  1.00e+00 1.00e+00h  1
 817  4.4625217e-03 1.12e-02 2.53e-01 -11.0 7.68e-03    -  1.00e+00 5.00e-01h  2
 818  4.4294595e-03 3.44e-03 7.84e-02 -11.0 4.26e-03    -  1.00e+00 1.00e+00h  1
 819  4.4267299e-03 5.50e-04 4.13e-02 -11.0 1.79e-03    -  1.00e+00 1.00e+00h  1
iter    objective    inf_pr   inf_du lg(mu)  ||d||  lg(rg) alpha_du alpha_pr  ls
 820  4.4196746e-03 5.22e-04 4.09e-02 -11.0 1.60e-03    -  1.00e+00 1.00e+00h  1
 821  4.4234868e-03 2.91e-04 2.80e-01 -11.0 8.88e-03    -  1.00e+00 1.00e+00H  1
 822  4.4175513e-03 1.27e-03 3.15e-01 -11.0 2.32e-02    -  1.00e+00 1.25e-01h  4
 823  4.4105416e-03 4.29e-03 7.40e-02 -11.0 3.59e-03    -  1.00e+00 1.00e+00h  1
 824  4.4079522e-03 1.36e-03 7.44e-02 -11.0 3.27e-03    -  1.00e+00 1.00e+00h  1
 825  4.3975811e-03 2.15e-04 2.27e-02 -11.0 2.10e-03    -  1.00e+00 1.00e+00h  1
 826  4.4022669e-03 5.51e-06 3.63e-02 -11.0 2.95e-03    -  1.00e+00 1.00e+00H  1
 827  4.3920499e-03 6.00e-04 1.18e-02 -11.0 1.53e-03    -  1.00e+00 1.00e+00h  1
 828  4.3901849e-03 3.34e-04 2.10e-02 -11.0 2.48e-03    -  1.00e+00 1.00e+00h  1
 829  4.3797356e-03 5.42e-03 1.44e-01 -11.0 7.67e-03    -  1.00e+00 1.00e+00h  1
iter    objective    inf_pr   inf_du lg(mu)  ||d||  lg(rg) alpha_du alpha_pr  ls
 830  4.3721992e-03 2.50e-02 2.62e-01 -11.0 2.48e-01    -  1.00e+00 6.25e-02h  5
 831  4.3728228e-03 2.49e-02 1.47e-01 -11.0 7.99e-02    -  1.00e+00 3.12e-02h  6
 832  4.3850443e-03 1.59e-03 5.14e-02 -11.0 3.50e-03    -  1.00e+00 1.00e+00h  1
 833  4.3592485e-03 1.34e-02 9.75e-02 -11.0 1.24e-02    -  1.00e+00 1.00e+00h  1
 834  4.3556487e-03 1.34e-02 2.06e-01 -11.0 2.11e-02    -  1.00e+00 2.50e-01h  3
 835  4.3710847e-03 8.62e-03 2.06e-01 -11.0 7.85e-03    -  1.00e+00 1.00e+00h  1
 836  4.3576125e-03 4.87e-03 3.26e-01 -11.0 5.77e-03    -  1.00e+00 5.00e-01h  2
 837  4.3355042e-03 3.31e-03 1.63e-01 -11.0 4.10e-03    -  1.00e+00 1.00e+00h  1
 838  4.3401893e-03 5.06e-04 7.98e-02 -11.0 2.84e-03    -  1.00e+00 1.00e+00h  1
 839  4.3196618e-03 1.15e-03 2.90e-02 -11.0 3.04e-03    -  1.00e+00 1.00e+00h  1
iter    objective    inf_pr   inf_du lg(mu)  ||d||  lg(rg) alpha_du alpha_pr  ls
 840  4.3244200e-03 6.68e-05 5.32e-02 -11.0 3.18e-03    -  1.00e+00 1.00e+00H  1
 841  4.3098334e-03 6.93e-03 6.25e-02 -11.0 5.85e-03    -  1.00e+00 1.00e+00h  1
 842  4.3007792e-03 8.63e-03 8.81e-02 -11.0 4.99e-02    -  1.00e+00 6.25e-02h  5
 843  4.3024048e-03 7.37e-03 2.02e-01 -11.0 8.73e-03    -  1.00e+00 2.50e-01h  3
 844  4.2944404e-03 1.14e-03 1.52e-01 -11.0 2.36e-03    -  1.00e+00 1.00e+00h  1
 845  4.2885442e-03 1.23e-03 1.21e-01 -11.0 2.19e-03    -  1.00e+00 1.00e+00h  1
 846  4.2824402e-03 5.66e-03 8.80e-02 -11.0 9.41e-03    -  1.00e+00 5.00e-01h  2
 847  4.2805840e-03 1.13e-02 1.02e-01 -11.0 4.14e-02    -  1.00e+00 1.25e-01h  4
 848  4.2760147e-03 6.91e-02 4.35e-01 -11.0 5.76e-02    -  1.00e+00 2.50e-01h  3
 849  4.2744902e-03 6.94e-02 4.68e-01 -11.0 2.04e+00    -  1.00e+00 4.88e-04h 12
iter    objective    inf_pr   inf_du lg(mu)  ||d||  lg(rg) alpha_du alpha_pr  ls
 850  4.2550980e-03 9.30e-02 4.79e-01 -11.0 4.66e-02    -  1.00e+00 2.50e-01h  3
 851  4.2546220e-03 9.64e-02 4.23e-01 -11.0 1.72e+00    -  1.00e+00 1.95e-03h 10
 852  4.2476201e-03 9.89e-02 7.11e-01 -11.0 2.44e-01    -  1.00e+00 1.56e-02h  7
 853  4.2450320e-03 1.02e-01 4.59e-01 -11.0 2.17e-01    -  1.00e+00 1.56e-02h  7
 854  4.2412440e-03 1.08e-01 5.53e-01 -11.0 1.76e-01    -  1.00e+00 3.12e-02h  6
 855  4.2408293e-03 1.14e-01 6.59e-01 -11.0 1.76e+01    -  1.00e+00 2.44e-04h 13
 856  1.8026805e+01 4.05e+05 2.36e+06 -11.0 9.82e+00    -  1.00e+00 1.00e+00w  1
 857  2.9421142e+03 3.90e+06 2.81e+09 -11.0 1.70e+02    -  1.00e+00 1.00e+00w  1
 858  1.5281034e+12 1.67e+09 4.82e+14 -11.0 4.38e+05    -  1.00e+00 1.00e+00w  1
 859  4.2400185e-03 1.22e-01 4.42e-01 -11.0 4.28e+06    -  1.00e+00 4.88e-04h 11
iter    objective    inf_pr   inf_du lg(mu)  ||d||  lg(rg) alpha_du alpha_pr  ls
 860  4.2622755e-03 7.05e-02 6.99e-01 -11.0 1.18e-02    -  1.00e+00 5.00e-01h  2
 861  4.2424974e-03 4.00e-04 2.15e+00 -11.0 1.65e-03  -0.1 1.00e+00 1.00e+00h  1
 862  4.2225908e-03 1.15e-03 9.37e-01 -11.0 3.24e-03  -0.5 1.00e+00 1.00e+00h  1
 863  4.2204228e-03 9.19e-04 5.62e+01 -11.0 1.97e-03    -  1.00e+00 1.00e+00h  1
 864  4.2046125e-03 3.51e-03 2.17e+00 -11.0 5.01e-03    -  1.00e+00 1.00e+00h  1
 865  4.2079006e-03 5.89e-04 9.72e-01 -11.0 8.14e-03    -  1.00e+00 1.00e+00H  1
 866  4.2381640e-03 1.04e-04 5.74e-01 -11.0 6.44e-03    -  1.00e+00 1.00e+00H  1
 867  4.2218853e-03 2.62e-04 4.59e-01 -11.0 2.12e-02    -  1.00e+00 6.25e-02h  5
 868  4.5147413e-03 1.21e-06 2.45e-01 -11.0 6.88e-03    -  1.00e+00 1.00e+00H  1
 869  4.1551791e-03 2.80e-03 5.10e-02 -11.0 5.82e-03    -  1.00e+00 1.00e+00h  1
iter    objective    inf_pr   inf_du lg(mu)  ||d||  lg(rg) alpha_du alpha_pr  ls
 870  4.1529329e-03 3.04e-04 4.51e-02 -11.0 1.79e-03    -  1.00e+00 1.00e+00h  1
 871  4.1458933e-03 2.21e-02 3.76e-01 -11.0 3.44e-02    -  1.00e+00 5.00e-01h  2
 872  4.1423969e-03 5.90e-02 7.53e-01 -11.0 3.30e-01    -  1.00e+00 6.25e-02h  5
 873  4.1283624e-03 7.26e-02 9.77e-01 -11.0 8.94e-01    -  1.00e+00 1.56e-02h  7
 874  4.1169949e-03 7.89e-02 1.22e+00 -11.0 6.85e-01    -  1.00e+00 1.56e-02h  7
 875  4.0924799e-03 9.04e-02 1.37e+00 -11.0 1.40e-01    -  1.00e+00 1.25e-01h  4
 876  4.0757728e-03 1.13e-01 1.29e+00 -11.0 3.04e-01    -  1.00e+00 6.25e-02h  5
 877  4.0574643e-03 1.19e-01 1.45e+00 -11.0 3.56e-01    -  1.00e+00 3.12e-02h  6
 878  4.0489603e-03 1.25e-01 1.37e+00 -11.0 3.72e-01    -  1.00e+00 3.12e-02h  6
 879  4.0351638e-03 1.22e-01 1.08e+00 -11.0 1.18e-01    -  1.00e+00 6.25e-02h  5
iter    objective    inf_pr   inf_du lg(mu)  ||d||  lg(rg) alpha_du alpha_pr  ls
 880  4.0646615e-03 9.16e-02 8.08e-01 -11.0 2.22e-02    -  1.00e+00 2.50e-01h  3
 881  4.0402084e-03 1.98e-02 1.22e-01 -11.0 1.29e-02    -  1.00e+00 1.00e+00h  1
 882  4.0402416e-03 1.49e-02 2.26e-01 -11.0 1.56e-02    -  1.00e+00 2.50e-01h  3
 883  4.0127254e-03 3.84e-03 3.26e-01 -11.0 4.62e-03    -  1.00e+00 1.00e+00h  1
 884  4.0191000e-03 2.43e-04 1.01e-01 -11.0 6.75e-03    -  1.00e+00 1.00e+00H  1
 885  4.0554272e-03 5.38e-04 2.62e-01 -11.0 5.27e-03    -  1.00e+00 1.00e+00H  1
 886  3.9863493e-03 4.14e-03 7.59e-02 -11.0 5.18e-03    -  1.00e+00 1.00e+00h  1
 887  3.9922498e-03 1.14e-03 1.74e-01 -11.0 2.80e-03    -  1.00e+00 1.00e+00h  1
 888  3.9782101e-03 2.45e-04 1.06e-02 -11.0 1.48e-03    -  1.00e+00 1.00e+00h  1
 889  3.9752594e-03 1.73e-04 3.28e-02 -11.0 1.03e-03    -  1.00e+00 1.00e+00h  1
iter    objective    inf_pr   inf_du lg(mu)  ||d||  lg(rg) alpha_du alpha_pr  ls
 890  3.9645247e-03 1.16e-02 1.43e-01 -11.0 1.81e-02    -  1.00e+00 5.00e-01h  2
 891  3.9630833e-03 1.42e-02 2.27e-01 -11.0 7.57e-02    -  1.00e+00 6.25e-02h  5
 892  3.9574155e-03 1.03e-02 2.45e-01 -11.0 1.10e-02    -  1.00e+00 5.00e-01h  2
 893  3.9430287e-03 9.70e-03 1.89e-01 -11.0 1.92e-02    -  1.00e+00 2.50e-01h  3
 894  3.9555064e-03 7.66e-03 3.02e-01 -11.0 1.28e-02    -  1.00e+00 5.00e-01h  2
 895  3.9585346e-03 6.65e-03 1.29e-01 -11.0 5.69e-03    -  1.00e+00 1.00e+00h  1
 896  4.0142513e-03 4.46e-04 8.64e-02 -11.0 6.44e-03    -  1.00e+00 1.00e+00H  1
 897  3.9245706e-03 8.43e-03 1.11e-01 -11.0 5.51e-03    -  1.00e+00 1.00e+00h  1
 898  3.9334043e-03 8.09e-04 1.27e-01 -11.0 2.24e-03    -  1.00e+00 1.00e+00h  1
 899  3.9198343e-03 2.27e-04 4.00e-02 -11.0 1.51e-03    -  1.00e+00 1.00e+00h  1
iter    objective    inf_pr   inf_du lg(mu)  ||d||  lg(rg) alpha_du alpha_pr  ls
 900  3.9184568e-03 4.03e-05 3.63e-03 -11.0 6.28e-04    -  1.00e+00 1.00e+00h  1
 901  3.9176982e-03 2.87e-03 2.85e-01 -11.0 2.13e-02    -  1.00e+00 2.50e-01h  3
 902  3.9138745e-03 3.90e-03 3.95e-01 -11.0 3.06e-02    -  1.00e+00 1.25e-01h  4
 903  3.9116804e-03 3.54e-02 8.16e-01 -11.0 1.34e-01    -  1.00e+00 1.25e-01h  4
 904  3.9047493e-03 3.43e-02 7.09e-01 -11.0 4.69e-02    -  1.00e+00 6.25e-02h  5
 905  3.9109972e-03 2.65e-02 4.90e-01 -11.0 2.15e-02    -  1.00e+00 2.50e-01h  3
 906  3.8926498e-03 1.37e-02 3.42e-01 -11.0 5.96e-03    -  1.00e+00 5.00e-01h  2
 907  3.8921903e-03 8.95e-03 3.18e-01 -11.0 8.24e-03    -  1.00e+00 1.00e+00h  1
 908  3.8806568e-03 2.28e-02 1.63e-01 -11.0 4.67e-02    -  1.00e+00 2.50e-01h  3
 909  3.8742553e-03 3.84e-02 6.35e-02 -11.0 2.98e+00    -  1.00e+00 3.91e-03h  9
iter    objective    inf_pr   inf_du lg(mu)  ||d||  lg(rg) alpha_du alpha_pr  ls
 910  3.8735854e-03 6.82e-02 1.58e-01 -11.0 3.96e+00    -  1.00e+00 3.91e-03h  9
 911  3.8682760e-03 1.31e-01 2.53e-01 -11.0 1.56e+00    -  1.00e+00 1.56e-02h  7
 912  3.8666729e-03 1.45e-01 4.10e-01 -11.0 4.77e-01    -  1.00e+00 3.12e-02h  6
 913  3.8530098e-03 1.44e-01 7.20e-01 -11.0 1.72e-01    -  1.00e+00 3.12e-02h  6
 914  3.8355028e-03 1.09e-01 3.98e-01 -11.0 1.85e-02    -  1.00e+00 2.50e-01h  3
 915  3.8875920e-03 4.35e-03 6.86e-01 -11.0 3.19e-03    -  1.00e+00 1.00e+00h  1
 916  3.8790418e-03 4.46e-03 5.33e-01 -11.0 4.75e-03    -  1.00e+00 1.00e+00H  1
 917  3.8179596e-03 1.53e-02 4.19e-01 -11.0 9.47e-03    -  1.00e+00 1.00e+00h  1
 918  3.7591223e-03 2.56e-02 2.37e-01 -11.0 1.46e-02    -  1.00e+00 2.50e-01h  3
 919  3.8461059e-03 9.34e-03 4.26e-01 -11.0 5.71e-03    -  1.00e+00 1.00e+00h  1
iter    objective    inf_pr   inf_du lg(mu)  ||d||  lg(rg) alpha_du alpha_pr  ls
 920  3.7870029e-03 2.92e-03 3.12e-01 -11.0 3.70e-03    -  1.00e+00 1.00e+00h  1
 921  3.7721073e-03 1.52e-03 4.32e-01 -11.0 2.27e-03    -  1.00e+00 1.00e+00h  1
 922  3.7605567e-03 1.46e-03 2.33e-01 -11.0 1.41e-03    -  1.00e+00 1.00e+00h  1
 923  3.7644052e-03 9.62e-04 6.76e-01 -11.0 4.07e-03    -  1.00e+00 1.00e+00H  1
 924  3.7491912e-03 4.29e-04 5.23e-01 -11.0 3.45e-03    -  1.00e+00 1.00e+00h  1
 925  3.7457123e-03 1.03e-03 1.26e-01 -11.0 2.62e-03    -  1.00e+00 1.00e+00h  1
 926  3.7355060e-03 3.03e-04 4.67e-02 -11.0 1.24e-03    -  1.00e+00 1.00e+00h  1
 927  3.7328009e-03 1.80e-04 1.96e-02 -11.0 9.71e-04    -  1.00e+00 1.00e+00h  1
 928  3.7286140e-03 4.55e-04 5.27e-02 -11.0 2.09e-02    -  1.00e+00 1.25e-01h  4
 929  3.7233045e-03 2.40e-03 2.38e-01 -11.0 1.14e-02    -  1.00e+00 2.50e-01h  3
iter    objective    inf_pr   inf_du lg(mu)  ||d||  lg(rg) alpha_du alpha_pr  ls
 930  3.7215304e-03 4.17e-03 2.29e-01 -11.0 1.01e-02    -  1.00e+00 2.50e-01h  3
 931  3.7221382e-03 1.46e-03 8.82e-02 -11.0 5.28e-03    -  1.00e+00 1.00e+00h  1
 932  3.7178374e-03 1.91e-03 2.97e-01 -11.0 1.86e-02    -  1.00e+00 2.50e-01h  3
 933  3.7184460e-03 2.10e-03 3.15e-01 -11.0 4.20e-03    -  1.00e+00 5.00e-01h  2
 934  3.7037791e-03 8.19e-03 1.32e-01 -11.0 3.56e-03    -  1.00e+00 1.00e+00h  1
 935  3.7031539e-03 5.30e-03 2.00e-01 -11.0 5.04e-03    -  1.00e+00 5.00e-01h  2
 936  3.7020687e-03 2.32e-03 1.06e-01 -11.0 9.05e-03    -  1.00e+00 1.00e+00h  1
 937  3.6969709e-03 3.12e-03 4.95e-02 -11.0 6.47e-02    -  1.00e+00 1.25e-01h  4
 938  3.7001632e-03 2.91e-03 4.54e-01 -11.0 5.53e-02    -  1.00e+00 1.25e-01h  4
 939  3.6885184e-03 3.91e-03 5.41e-01 -11.0 9.19e-03    -  1.00e+00 5.00e-01h  2
iter    objective    inf_pr   inf_du lg(mu)  ||d||  lg(rg) alpha_du alpha_pr  ls
 940  3.6756698e-03 6.58e-03 1.56e-01 -11.0 1.70e-02    -  1.00e+00 2.50e-01h  3
 941  3.6780061e-03 9.97e-03 4.74e-01 -11.0 2.61e-02    -  1.00e+00 5.00e-01h  2
 942  3.6601562e-03 1.07e-02 4.01e-01 -11.0 2.43e-01    -  1.00e+00 6.25e-02h  5
 943  3.6544522e-03 1.11e-02 3.08e-01 -11.0 7.21e-01    -  1.00e+00 7.81e-03h  8
 944  3.6481203e-03 1.22e-02 1.40e-01 -11.0 1.36e-01    -  1.00e+00 6.25e-02h  5
 945  3.6456011e-03 1.35e-02 8.50e-02 -11.0 9.10e-02    -  1.00e+00 1.25e-01h  4
 946  3.6448693e-03 1.49e-02 4.35e-01 -11.0 1.01e-01    -  1.00e+00 1.25e-01h  4
 947  6.9013540e-02 1.34e+01 4.13e+01 -11.0 4.70e-01    -  1.00e+00 1.00e+00w  1
 948  5.0833160e-02 2.72e+00 2.07e+01 -11.0 2.38e-01    -  1.00e+00 1.00e+00w  1
 949  1.5607486e-01 5.08e+00 4.96e+00 -11.0 1.85e-01    -  1.00e+00 1.00e+00w  1
iter    objective    inf_pr   inf_du lg(mu)  ||d||  lg(rg) alpha_du alpha_pr  ls
 950  3.6433299e-03 1.69e-02 3.34e-01 -11.0 1.39e-01    -  1.00e+00 1.56e-02h  6
 951  3.6347990e-03 1.61e-02 5.81e-01 -11.0 3.80e-02    -  1.00e+00 6.25e-02h  5
 952  3.6379214e-03 6.01e-03 2.28e-01 -11.0 3.31e-03    -  1.00e+00 1.00e+00h  1
 953  3.6346257e-03 4.10e-03 4.75e-01 -11.0 6.15e-03    -  1.00e+00 5.00e-01h  2
 954  3.6123660e-03 3.02e-03 6.21e-02 -11.0 3.33e-03    -  1.00e+00 1.00e+00h  1
 955  3.6305050e-03 1.92e-03 6.86e-01 -11.0 2.90e-03    -  1.00e+00 1.00e+00h  1
 956  3.6028319e-03 4.43e-04 2.07e-01 -11.0 1.65e-03    -  1.00e+00 1.00e+00h  1
 957  3.6012541e-03 7.51e-05 2.71e-02 -11.0 4.02e-04    -  1.00e+00 1.00e+00h  1
 958  3.5954228e-03 1.21e-03 2.70e-01 -11.0 2.44e-03    -  1.00e+00 1.00e+00h  1
 959  3.5892493e-03 5.94e-03 8.27e-01 -11.0 3.76e-02    -  1.00e+00 1.25e-01h  4
iter    objective    inf_pr   inf_du lg(mu)  ||d||  lg(rg) alpha_du alpha_pr  ls
 960  3.5847905e-03 1.24e-02 6.67e-01 -11.0 2.32e-02    -  1.00e+00 2.50e-01h  3
 961  3.5841239e-03 2.22e-02 7.81e-01 -11.0 5.50e-02    -  1.00e+00 1.25e-01h  4
 962  3.5669954e-03 1.87e-02 2.11e-01 -11.0 1.65e-02    -  1.00e+00 5.00e-01h  2
 963  3.5572198e-03 1.60e-02 6.68e-01 -11.0 1.52e-02    -  1.00e+00 2.50e-01h  3
 964  3.5387882e-03 8.60e-03 1.12e+00 -11.0 8.28e-03    -  1.00e+00 5.00e-01h  2
 965  3.5375478e-03 1.45e-03 3.18e-01 -11.0 1.85e-03    -  1.00e+00 1.00e+00h  1
 966  3.5310331e-03 6.20e-03 2.30e-02 -11.0 5.11e-03    -  1.00e+00 1.00e+00h  1
 967  3.5272765e-03 3.44e-02 3.55e-01 -11.0 1.85e-01    -  1.00e+00 6.25e-02h  5
 968  3.5249097e-03 3.82e-02 3.58e-01 -11.0 5.85e-01    -  1.00e+00 7.81e-03h  8
 969  3.5241465e-03 3.45e-02 4.05e-01 -11.0 3.37e-02    -  1.00e+00 1.25e-01h  4
iter    objective    inf_pr   inf_du lg(mu)  ||d||  lg(rg) alpha_du alpha_pr  ls
 970  3.5209186e-03 2.63e-02 3.99e-01 -11.0 1.12e-02    -  1.00e+00 2.50e-01h  3
 971  3.5224745e-03 1.36e-02 1.06e-01 -11.0 6.68e-03    -  1.00e+00 5.00e-01h  2
 972  3.5714162e-03 2.65e-04 9.06e-01 -11.0 1.17e-02    -  1.00e+00 1.00e+00H  1
 973  3.5280587e-03 6.37e-03 7.68e-01 -11.0 1.45e-02    -  1.00e+00 5.00e-01h  2
 974  3.5099102e-03 7.04e-03 2.85e-01 -11.0 1.39e-02    -  1.00e+00 2.50e-01h  3
 975  3.5018688e-03 5.57e-03 1.79e-01 -11.0 5.02e-03    -  1.00e+00 1.00e+00h  1
 976  3.4968324e-03 2.79e-03 1.45e-01 -11.0 4.58e-03    -  1.00e+00 5.00e-01h  2
 977  3.4910154e-03 3.39e-03 8.97e-02 -11.0 2.90e-03    -  1.00e+00 1.00e+00h  1
 978  3.4990215e-03 9.33e-04 2.14e-01 -11.0 2.89e-03    -  1.00e+00 1.00e+00h  1
 979  3.4865057e-03 3.12e-04 6.17e-02 -11.0 2.26e-03    -  1.00e+00 1.00e+00h  1
iter    objective    inf_pr   inf_du lg(mu)  ||d||  lg(rg) alpha_du alpha_pr  ls
 980  3.4845257e-03 2.10e-05 2.87e-02 -11.0 5.62e-04    -  1.00e+00 1.00e+00h  1
 981  3.4819544e-03 7.47e-05 4.36e-02 -11.0 2.18e-03    -  1.00e+00 1.00e+00h  1
 982  3.4802730e-03 2.11e-02 4.80e-01 -11.0 2.80e-01    -  1.00e+00 1.25e-01h  4
 983  3.4738428e-03 2.33e-02 5.66e-01 -11.0 8.64e-01    -  1.00e+00 1.56e-02h  7
 984  3.4706787e-03 2.38e-02 6.20e-01 -11.0 1.82e-01    -  1.00e+00 6.25e-02h  5
 985  3.4682878e-03 2.26e-02 1.01e+00 -11.0 6.67e-02    -  1.00e+00 1.25e-01h  4
 986  3.4615239e-03 2.44e-02 6.25e-01 -11.0 1.10e-01    -  1.00e+00 1.25e-01h  4
 987  3.4355628e-03 3.59e-02 3.62e-01 -11.0 2.35e-01    -  1.00e+00 1.25e-01h  4
 988  3.4227347e-03 3.67e-02 1.66e-01 -11.0 2.99e-01    -  1.00e+00 3.12e-02h  6
 989  3.4116736e-03 2.97e-02 1.80e-01 -11.0 3.92e-02    -  1.00e+00 2.50e-01h  3
iter    objective    inf_pr   inf_du lg(mu)  ||d||  lg(rg) alpha_du alpha_pr  ls
 990  3.4182133e-03 2.43e-02 2.09e-01 -11.0 4.15e-02    -  1.00e+00 2.50e-01h  3
 991  3.4070045e-03 4.40e-02 1.91e-01 -11.0 1.41e-01    -  1.00e+00 2.50e-01h  3
 992  6.3210544e+00 1.81e+05 2.97e+05 -11.0 7.09e+00    -  1.00e+00 1.00e+00w  1
 993  2.0294225e+06 4.97e+06 7.92e+02 -11.0 5.16e+02    -  1.00e+00 1.00e+00w  1
 994  3.8511699e+09 1.67e+08 3.29e+06 -11.0 3.32e+05    -  1.00e+00 1.00e+00w  1
 995  3.4021213e-03 4.49e-02 2.07e-01 -11.0 1.28e+06    -  1.00e+00 9.77e-04h 10
 996  3.3947879e-03 4.90e-02 2.78e-01 -11.0 3.56e+00    -  1.00e+00 3.91e-03h  9
 997  3.3911273e-03 5.06e-02 3.08e-01 -11.0 9.66e+00    -  1.00e+00 9.77e-04h 11
 998  3.3901857e-03 5.18e-02 3.35e-01 -11.0 1.29e+02    -  1.00e+00 6.10e-05h 15
 999  3.3897689e-03 5.20e-02 3.22e-01 -11.0 1.09e+02    -  1.00e+00 3.05e-05h 16
iter    objective    inf_pr   inf_du lg(mu)  ||d||  lg(rg) alpha_du alpha_pr  ls
1000  3.3892214e-03 5.23e-02 3.36e-01 -11.0 3.15e+01    -  1.00e+00 1.22e-04h 14
1001  3.4050171e-03 7.31e-04 2.52e-01 -11.0 2.19e-03    -  1.00e+00 1.00e+00h  1
1002  3.4438479e-03 3.26e-04 5.13e-01 -11.0 2.72e-03    -  1.00e+00 1.00e+00h  1
1003  3.4115787e-03 3.50e-04 4.49e-01 -11.0 2.56e-03    -  1.00e+00 1.00e+00h  1
1004  3.4071839e-03 2.02e-04 3.13e-01 -11.0 1.55e-03    -  1.00e+00 1.00e+00h  1
1005  3.4028761e-03 8.71e-05 1.26e-01 -11.0 4.91e-04    -  1.00e+00 1.00e+00h  1
1006  3.3998063e-03 9.03e-05 1.71e-01 -11.0 6.12e-04    -  1.00e+00 1.00e+00h  1
1007  3.3983925e-03 4.13e-04 3.00e-01 -11.0 1.33e-03    -  1.00e+00 1.00e+00h  1
1008  3.3972694e-03 7.85e-04 1.23e-01 -11.0 1.79e-03    -  1.00e+00 1.00e+00h  1
1009  3.3884348e-03 1.06e-03 7.95e-01 -11.0 2.11e-03    -  1.00e+00 1.00e+00h  1
iter    objective    inf_pr   inf_du lg(mu)  ||d||  lg(rg) alpha_du alpha_pr  ls
1010  3.3867642e-03 1.46e-04 1.25e-01 -11.0 9.31e-04    -  1.00e+00 1.00e+00h  1
1011  3.3829782e-03 2.67e-04 1.05e-01 -11.0 1.55e-03    -  1.00e+00 1.00e+00h  1
1012  3.4024917e-03 1.82e-05 5.09e-01 -11.0 6.07e-03    -  1.00e+00 1.00e+00H  1
1013  3.3951636e-03 1.45e-04 3.59e-01 -11.0 8.41e-03    -  1.00e+00 1.25e-01h  4
1014  3.3866443e-03 4.03e-04 1.92e-01 -11.0 2.17e-02    -  1.00e+00 6.25e-02h  5
1015  3.3753094e-03 4.36e-04 7.66e-01 -11.0 7.06e-03    -  1.00e+00 2.50e-01h  3
1016  3.3707400e-03 1.87e-03 3.16e-01 -11.0 4.17e-03    -  1.00e+00 1.00e+00h  1
1017  3.3682447e-03 1.89e-03 3.59e-01 -11.0 2.20e-02    -  1.00e+00 6.25e-02h  5
1018  3.3751873e-03 1.36e-03 2.96e-01 -11.0 2.78e-03    -  1.00e+00 1.00e+00h  1
1019  3.3626616e-03 1.80e-04 7.59e-01 -11.0 1.41e-03    -  1.00e+00 1.00e+00h  1
iter    objective    inf_pr   inf_du lg(mu)  ||d||  lg(rg) alpha_du alpha_pr  ls
1020  3.3643860e-03 7.51e-05 2.56e-01 -11.0 2.35e-03    -  1.00e+00 1.00e+00H  1
1021  3.3615413e-03 2.89e-03 3.97e-01 -11.0 3.00e-03    -  1.00e+00 1.00e+00h  1
1022  3.3537092e-03 1.41e-03 5.52e-01 -11.0 4.04e-03    -  1.00e+00 1.00e+00h  1
1023  3.3492349e-03 1.27e-03 7.24e-01 -11.0 5.07e-03    -  1.00e+00 5.00e-01h  2
1024  3.3443942e-03 9.75e-04 5.92e-01 -11.0 1.74e-03    -  1.00e+00 1.00e+00h  1
1025  3.3397227e-03 6.93e-04 2.43e-01 -11.0 2.12e-03    -  1.00e+00 1.00e+00h  1
1026  3.3679050e-03 2.64e-05 6.73e-01 -11.0 7.80e-03    -  1.00e+00 1.00e+00H  1
1027  3.3522123e-03 4.83e-04 2.34e-01 -11.0 5.63e-03    -  1.00e+00 1.00e+00H  1
1028  3.3328465e-03 7.13e-04 1.32e-01 -11.0 6.04e-03    -  1.00e+00 2.50e-01h  3
1029  3.3255023e-03 3.04e-04 2.76e-01 -11.0 2.03e-03    -  1.00e+00 1.00e+00h  1
iter    objective    inf_pr   inf_du lg(mu)  ||d||  lg(rg) alpha_du alpha_pr  ls
1030  3.3205995e-03 4.29e-04 7.56e-02 -11.0 1.95e-03    -  1.00e+00 1.00e+00h  1
1031  3.3174931e-03 2.16e-03 2.18e-01 -11.0 1.67e-02    -  1.00e+00 2.50e-01h  3
1032  3.3163340e-03 3.24e-03 3.17e-01 -11.0 6.81e-02    -  1.00e+00 6.25e-02h  5
1033  3.3153721e-03 1.84e-02 5.12e-01 -11.0 5.27e-02    -  1.00e+00 2.50e-01h  3
1034  3.3113273e-03 2.31e-02 8.25e-01 -11.0 7.80e-01    -  1.00e+00 7.81e-03h  8
1035  3.3047366e-03 3.75e-02 1.03e+00 -11.0 1.79e-01    -  1.00e+00 6.25e-02h  5
1036  3.3000718e-03 4.22e-02 1.10e+00 -11.0 3.88e-01    -  1.00e+00 1.56e-02h  7
1037  3.2992550e-03 4.19e-02 1.05e+00 -11.0 1.21e-01    -  1.00e+00 7.81e-03h  8
1038  3.2981946e-03 2.38e-02 7.35e-01 -11.0 1.08e-02    -  1.00e+00 5.00e-01h  2
1039  3.3145452e-03 2.30e-02 3.93e-01 -11.0 1.50e-01    -  1.00e+00 1.56e-02h  7
iter    objective    inf_pr   inf_du lg(mu)  ||d||  lg(rg) alpha_du alpha_pr  ls
1040  3.2988468e-03 6.60e-03 1.52e-01 -11.0 9.39e-03    -  1.00e+00 1.00e+00h  1
1041  3.2931588e-03 1.13e-02 2.71e-01 -11.0 1.05e-01    -  1.00e+00 6.25e-02h  5
1042  3.2943158e-03 9.04e-03 4.94e-01 -11.0 1.11e-02    -  1.00e+00 1.25e-01h  4
1043  3.2856433e-03 4.31e-04 1.71e-01 -11.0 1.52e-03    -  1.00e+00 1.00e+00h  1
1044  3.2816793e-03 2.80e-04 1.66e-01 -11.0 9.44e-04    -  1.00e+00 1.00e+00h  1
1045  3.2789077e-03 2.06e-04 1.55e-01 -11.0 1.86e-03    -  1.00e+00 1.00e+00h  1
1046  3.3062414e-03 4.67e-05 8.96e-01 -11.0 1.29e-02    -  1.00e+00 1.00e+00H  1
1047  3.3039912e-03 1.18e-05 8.86e-01 -11.0 3.12e-02    -  1.00e+00 1.56e-02h  7
1048  3.2981133e-03 4.68e-05 7.74e-01 -11.0 1.82e-02    -  1.00e+00 3.12e-02h  6
1049  3.2703526e-03 4.50e-03 5.24e-01 -11.0 2.57e-02    -  1.00e+00 2.50e-01h  3
iter    objective    inf_pr   inf_du lg(mu)  ||d||  lg(rg) alpha_du alpha_pr  ls
1050  3.2572703e-03 2.10e-03 3.26e-01 -11.0 5.01e-03    -  1.00e+00 5.00e-01h  2
1051  3.2683692e-03 3.29e-04 5.67e-01 -11.0 7.48e-03    -  1.00e+00 1.00e+00H  1
1052  3.2600015e-03 2.85e-03 4.92e-01 -11.0 2.04e-02    -  1.00e+00 2.50e-01h  3
1053  3.2562996e-03 7.38e-03 6.23e-01 -11.0 9.45e-02    -  1.00e+00 6.25e-02h  5
1054  3.2555830e-03 9.39e-03 5.77e-02 -11.0 4.51e-02    -  1.00e+00 1.25e-01h  4
1055  3.2514167e-03 8.60e-03 1.18e-01 -11.0 1.95e-02    -  1.00e+00 2.50e-01h  3
1056  3.2434520e-03 5.95e-03 3.75e-01 -11.0 1.05e-02    -  1.00e+00 5.00e-01h  2
1057  3.2382218e-03 3.04e-03 8.21e-02 -11.0 3.57e-03    -  1.00e+00 5.00e-01h  2
1058  3.2293110e-03 1.36e-03 1.81e-01 -11.0 3.80e-03    -  1.00e+00 1.00e+00h  1
1059  3.2282232e-03 1.69e-03 1.88e-01 -11.0 1.12e-02    -  1.00e+00 2.50e-01h  3
iter    objective    inf_pr   inf_du lg(mu)  ||d||  lg(rg) alpha_du alpha_pr  ls
1060  3.2262718e-03 2.67e-02 6.01e-01 -11.0 3.64e-02    -  1.00e+00 5.00e-01h  2
1061  3.2178590e-03 9.26e-02 1.30e+00 -11.0 4.75e-01    -  1.00e+00 6.25e-02h  5
1062  3.2080287e-03 1.18e-01 1.22e+00 -11.0 1.02e+00    -  1.00e+00 1.56e-02h  7
1063  3.2072283e-03 1.18e-01 1.28e+00 -11.0 1.18e+00    -  1.00e+00 1.95e-03h 10
1064  3.1963925e-03 1.27e-01 1.31e+00 -11.0 2.04e-01    -  1.00e+00 6.25e-02h  5
1065  3.1943781e-03 1.41e-01 1.65e+00 -11.0 7.96e-01    -  1.00e+00 1.56e-02h  7
1066  3.1938550e-03 1.42e-01 1.62e+00 -11.0 4.87e-01    -  1.00e+00 7.81e-03h  8
1067  3.1841695e-03 1.63e-01 9.62e-01 -11.0 2.03e+00    -  1.00e+00 7.81e-03h  8
1068  3.1795682e-03 1.93e-01 8.61e-01 -11.0 8.09e+00    -  1.00e+00 1.95e-03h 10
1069  3.1540953e-02 8.97e+01 8.65e+01 -11.0 5.65e-01    -  1.00e+00 1.00e+00w  1
iter    objective    inf_pr   inf_du lg(mu)  ||d||  lg(rg) alpha_du alpha_pr  ls
1070  4.0356797e-01 2.00e+01 3.02e+01 -11.0 2.41e-01    -  1.00e+00 1.00e+00w  1
1071  1.0020349e-01 1.83e+01 5.76e+01 -11.0 2.11e-01    -  1.00e+00 1.00e+00w  1
1072  3.1765011e-03 1.98e-01 1.05e+00 -11.0 1.96e-01    -  1.00e+00 1.56e-02h  6
1073  3.1856095e-03 1.56e-01 5.20e-01 -11.0 3.50e-02    -  1.00e+00 2.50e-01h  3
1074  3.2175525e-03 1.47e-03 2.77e-01 -11.0 1.96e-03    -  1.00e+00 1.00e+00h  1
1075  3.2030448e-03 1.76e-04 5.84e-02 -11.0 1.07e-03    -  1.00e+00 1.00e+00h  1
1076  3.1984698e-03 4.30e-04 2.46e-02 -11.0 6.42e-04    -  1.00e+00 1.00e+00h  1
1077  3.1970249e-03 9.46e-05 3.59e-02 -11.0 2.81e-04    -  1.00e+00 1.00e+00h  1
1078  3.1930526e-03 4.63e-03 2.14e-01 -11.0 2.89e-03    -  1.00e+00 1.00e+00h  1
1079  3.1877217e-03 5.43e-03 4.87e-01 -11.0 7.56e-03    -  1.00e+00 2.50e-01h  3
iter    objective    inf_pr   inf_du lg(mu)  ||d||  lg(rg) alpha_du alpha_pr  ls
1080  3.1817478e-03 3.71e-03 4.78e-01 -11.0 5.64e-03    -  1.00e+00 5.00e-01h  2
1081  3.1814773e-03 1.98e-03 1.58e-01 -11.0 3.01e-03    -  1.00e+00 5.00e-01h  2
1082  3.1743298e-03 2.48e-04 9.80e-02 -11.0 8.17e-04    -  1.00e+00 1.00e+00h  1
1083  3.1736928e-03 1.61e-04 7.22e-02 -11.0 6.92e-04    -  1.00e+00 1.00e+00h  1
1084  3.1724232e-03 6.32e-04 2.03e-02 -11.0 2.18e-03    -  1.00e+00 1.00e+00h  1
1085  3.1690441e-03 3.13e-03 3.68e-02 -11.0 1.83e-02    -  1.00e+00 2.50e-01h  3
1086  3.1665348e-03 4.25e-03 6.11e-02 -11.0 4.18e-02    -  1.00e+00 6.25e-02h  5
1087  3.1635794e-03 6.07e-03 1.51e-01 -11.0 2.33e-02    -  1.00e+00 1.25e-01h  4
1088  3.1616887e-03 6.12e-03 3.30e-01 -11.0 7.42e-03    -  1.00e+00 2.50e-01h  3
1089  3.1541962e-03 3.50e-03 2.21e-01 -11.0 3.18e-03    -  1.00e+00 1.00e+00h  1
iter    objective    inf_pr   inf_du lg(mu)  ||d||  lg(rg) alpha_du alpha_pr  ls
1090  3.1717575e-03 1.57e-03 2.45e-01 -11.0 3.97e-03    -  1.00e+00 1.00e+00h  1
1091  3.1547364e-03 2.20e-03 3.98e-01 -11.0 3.26e-03    -  1.00e+00 1.00e+00h  1
1092  3.1532783e-03 1.26e-03 3.20e-01 -11.0 2.72e-03    -  1.00e+00 1.00e+00h  1
1093  3.1453462e-03 3.69e-03 7.43e-02 -11.0 3.86e-03    -  1.00e+00 1.00e+00h  1
1094  3.1430754e-03 3.59e-03 8.79e-02 -11.0 1.83e-02    -  1.00e+00 6.25e-02h  5
1095  3.1447170e-03 3.25e-04 1.26e-01 -11.0 1.15e-03    -  1.00e+00 1.00e+00h  1
1096  3.1414168e-03 1.49e-04 3.28e-02 -11.0 8.14e-04    -  1.00e+00 1.00e+00h  1
1097  3.1391478e-03 5.20e-04 1.10e-01 -11.0 2.34e-03    -  1.00e+00 1.00e+00h  1
1098  3.1390598e-03 1.07e-03 6.38e-02 -11.0 2.66e-02    -  1.00e+00 1.25e-01h  4
1099  3.1374258e-03 8.23e-03 7.23e-02 -11.0 3.57e-02    -  1.00e+00 2.50e-01h  3
iter    objective    inf_pr   inf_du lg(mu)  ||d||  lg(rg) alpha_du alpha_pr  ls
1100  3.1315271e-03 1.08e-02 7.47e-02 -11.0 7.65e-02    -  1.00e+00 1.25e-01h  4
1101  3.1234191e-03 1.77e-02 4.33e-01 -11.0 3.67e-01    -  1.00e+00 3.12e-02h  6
1102  3.1220529e-03 1.80e-02 5.08e-01 -11.0 3.98e-01    -  1.00e+00 7.81e-03h  8
1103  3.1204371e-03 1.82e-02 4.41e-01 -11.0 1.87e-01    -  1.00e+00 1.56e-02h  7
1104  3.1206014e-03 1.60e-02 3.48e-01 -11.0 1.74e-02    -  1.00e+00 1.25e-01h  4
1105  3.1201938e-03 1.58e-02 3.72e-01 -11.0 4.49e-02    -  1.00e+00 1.25e-01h  4
1106  3.1192226e-03 1.87e-02 6.87e-01 -11.0 7.49e-02    -  1.00e+00 1.25e-01h  4
1107  3.1192993e-03 1.60e-02 5.78e-01 -11.0 1.80e-02    -  1.00e+00 2.50e-01h  3
1108  3.1398830e-03 8.35e-03 4.18e-01 -11.0 6.00e-03    -  1.00e+00 1.00e+00w  1
1109  3.1344647e-03 1.95e-02 2.29e-01 -11.0 1.88e-02    -  1.00e+00 1.00e+00w  1
iter    objective    inf_pr   inf_du lg(mu)  ||d||  lg(rg) alpha_du alpha_pr  ls
1110  4.1709395e-03 8.59e-02 5.10e-01 -11.0 3.25e-02    -  1.00e+00 1.00e+00w  1
1111  3.1050896e-03 9.29e-03 8.95e-02 -11.0 2.84e-02    -  1.00e+00 5.00e-01h  1
1112  3.1041636e-03 1.04e-02 8.29e-02 -11.0 1.30e-01    -  1.00e+00 3.12e-02h  6
1113  3.1464397e-03 1.06e-04 1.65e-01 -11.0 1.11e-02    -  1.00e+00 1.00e+00H  1
1114  3.1257452e-03 7.60e-04 2.90e-01 -11.0 9.82e-03    -  1.00e+00 2.50e-01h  3
1115  3.1250350e-03 4.24e-04 2.38e-01 -11.0 6.73e-03    -  1.00e+00 1.00e+00H  1
1116  3.1130948e-03 7.91e-04 3.96e-01 -11.0 7.58e-03    -  1.00e+00 2.50e-01h  3
1117  3.1051565e-03 1.49e-03 2.18e-01 -11.0 3.03e-03    -  1.00e+00 1.00e+00h  1
1118  3.1090816e-03 7.35e-04 1.83e-01 -11.0 3.27e-03    -  1.00e+00 1.00e+00h  1
1119  3.0980365e-03 4.89e-04 5.87e-02 -11.0 1.26e-03    -  1.00e+00 1.00e+00h  1
iter    objective    inf_pr   inf_du lg(mu)  ||d||  lg(rg) alpha_du alpha_pr  ls
1120  3.0963730e-03 1.58e-04 3.12e-02 -11.0 6.29e-04    -  1.00e+00 1.00e+00h  1
1121  3.0955718e-03 2.13e-05 1.65e-02 -11.0 3.37e-04    -  1.00e+00 1.00e+00h  1
1122  3.0951211e-03 2.61e-05 8.17e-03 -11.0 4.22e-04    -  1.00e+00 1.00e+00h  1
1123  3.0932463e-03 1.70e-03 6.28e-02 -11.0 1.45e-02    -  1.00e+00 2.50e-01h  3
1124  3.0924284e-03 3.71e-03 1.62e-01 -11.0 3.33e-02    -  1.00e+00 1.25e-01h  4
1125  3.0909577e-03 3.62e-03 2.38e-01 -11.0 1.22e-02    -  1.00e+00 1.25e-01h  4
1126  3.0840938e-03 7.17e-03 1.07e-01 -11.0 1.14e-02    -  1.00e+00 5.00e-01h  2
1127  3.0805973e-03 7.37e-03 6.45e-02 -11.0 3.58e-02    -  1.00e+00 6.25e-02h  5
1128  3.0776338e-03 6.04e-03 7.55e-02 -11.0 1.04e-02    -  1.00e+00 2.50e-01h  3
1129  3.0737947e-03 7.48e-03 5.78e-02 -11.0 3.40e-02    -  1.00e+00 1.25e-01h  4
iter    objective    inf_pr   inf_du lg(mu)  ||d||  lg(rg) alpha_du alpha_pr  ls
1130  3.0704448e-03 1.65e-02 7.09e-02 -11.0 1.31e-01    -  1.00e+00 6.25e-02h  5
1131  3.0690323e-03 2.52e-02 1.99e-01 -11.0 5.45e-01    -  1.00e+00 1.56e-02h  7
1132  3.0680715e-03 2.50e-02 2.48e-01 -11.0 7.61e-02    -  1.00e+00 3.12e-02h  6
1133  3.1250428e-03 3.92e-02 5.42e-01 -11.0 2.30e-02    -  1.00e+00 1.00e+00w  1
1134  5.4691793e-03 2.23e-01 1.01e+00 -11.0 5.82e-02    -  1.00e+00 1.00e+00w  1
1135  5.6696989e-03 6.78e-01 6.26e-01 -11.0 9.54e-02    -  1.00e+00 1.00e+00w  1
1136  3.0628743e-03 2.04e-02 3.34e-01 -11.0 1.85e-01    -  1.00e+00 2.50e-01h  2
1137  3.0608449e-03 1.87e-02 1.86e-01 -11.0 3.32e-02    -  1.00e+00 6.25e-02h  5
1138  3.0836498e-03 2.00e-03 1.04e-01 -11.0 4.15e-03    -  1.00e+00 1.00e+00h  1
1139  3.0608534e-03 1.11e-03 1.02e-01 -11.0 1.76e-03    -  1.00e+00 1.00e+00h  1
iter    objective    inf_pr   inf_du lg(mu)  ||d||  lg(rg) alpha_du alpha_pr  ls
1140  3.0574469e-03 4.43e-04 8.77e-02 -11.0 1.61e-03    -  1.00e+00 1.00e+00h  1
1141  3.0542927e-03 4.95e-04 4.08e-02 -11.0 1.61e-03    -  1.00e+00 1.00e+00h  1
1142  3.0712182e-03 7.70e-05 2.24e-01 -11.0 3.94e-03    -  1.00e+00 1.00e+00H  1
1143  3.0490027e-03 1.17e-03 6.37e-02 -11.0 2.23e-03    -  1.00e+00 1.00e+00h  1
1144  3.0476730e-03 2.00e-04 5.14e-02 -11.0 1.42e-03    -  1.00e+00 1.00e+00h  1
1145  3.0444061e-03 1.66e-04 2.51e-02 -11.0 1.21e-03    -  1.00e+00 1.00e+00h  1
1146  3.0432968e-03 1.55e-03 2.82e-02 -11.0 5.32e-03    -  1.00e+00 1.00e+00h  1
1147  3.0393149e-03 2.74e-03 7.11e-02 -11.0 2.32e-02    -  1.00e+00 2.50e-01h  3
1148  3.0321616e-03 2.76e-02 3.49e-01 -11.0 1.81e-01    -  1.00e+00 1.25e-01h  4
1149  3.0289197e-03 2.93e-02 3.75e-01 -11.0 5.05e-01    -  1.00e+00 1.56e-02h  7
iter    objective    inf_pr   inf_du lg(mu)  ||d||  lg(rg) alpha_du alpha_pr  ls
1150  3.0279183e-03 4.02e-02 3.26e-01 -11.0 2.84e-01    -  1.00e+00 6.25e-02h  5
1151  3.0246041e-03 4.90e-02 3.37e-01 -11.0 2.10e+00    -  1.00e+00 7.81e-03h  8
1152  3.0145867e-03 4.94e-02 3.57e-01 -11.0 7.06e-01    -  1.00e+00 7.81e-03h  8
1153  3.0061559e-03 4.65e-02 3.92e-01 -11.0 1.52e-01    -  1.00e+00 6.25e-02h  5
1154  2.9912529e-03 4.86e-02 7.35e-01 -11.0 2.44e-01    -  1.00e+00 6.25e-02h  5
1155  2.9769605e-03 4.98e-02 7.30e-01 -11.0 1.66e-01    -  1.00e+00 6.25e-02h  5
1156  2.9675446e-03 5.02e-02 7.56e-01 -11.0 1.64e-01    -  1.00e+00 6.25e-02h  5
1157  5.6608415e-02 1.00e+01 3.98e+01 -11.0 5.59e-01    -  1.00e+00 1.00e+00w  1
1158  4.2950501e+02 1.52e+04 1.22e+03 -11.0 5.88e+00    -  1.00e+00 1.00e+00w  1
1159  1.9701087e+07 6.40e+06 1.01e+04 -11.0 1.39e+03    -  1.00e+00 1.00e+00w  1
iter    objective    inf_pr   inf_du lg(mu)  ||d||  lg(rg) alpha_du alpha_pr  ls
1160  2.9628634e-03 6.10e-02 7.28e-01 -11.0 5.12e+04    -  1.00e+00 3.12e-02h  5
1161  3.0042084e-03 3.25e-02 1.43e+00 -11.0 8.04e-03    -  1.00e+00 5.00e-01h  2
1162  3.0073030e-03 1.68e-02 8.74e-01 -11.0 8.47e-03    -  1.00e+00 5.00e-01h  2
1163  2.9649568e-03 8.51e-03 1.22e+00 -11.0 6.93e-03    -  1.00e+00 5.00e-01h  2
1164  2.9179408e-03 2.30e-03 1.14e+00 -11.0 1.67e-03    -  1.00e+00 1.00e+00h  1
1165  2.8886768e-03 9.92e-04 7.67e-01 -11.0 3.63e-03    -  1.00e+00 1.00e+00h  1
1166  2.8759006e-03 2.41e-04 1.78e-01 -11.0 7.29e-04    -  1.00e+00 1.00e+00h  1
1167  2.8672647e-03 2.35e-04 1.06e-01 -11.0 7.00e-04    -  1.00e+00 1.00e+00h  1
1168  2.8575420e-03 1.21e-03 5.16e-02 -11.0 1.85e-03    -  1.00e+00 1.00e+00h  1
1169  2.8709716e-03 2.07e-04 1.00e-01 -11.0 2.31e-03    -  1.00e+00 1.00e+00H  1
iter    objective    inf_pr   inf_du lg(mu)  ||d||  lg(rg) alpha_du alpha_pr  ls
1170  2.8523203e-03 8.02e-04 2.37e-02 -11.0 2.22e-03    -  1.00e+00 1.00e+00h  1
1171  2.8516694e-03 1.81e-05 1.21e-02 -11.0 2.32e-04    -  1.00e+00 1.00e+00h  1
1172  2.8503888e-03 5.46e-05 1.85e-03 -11.0 4.88e-04    -  1.00e+00 1.00e+00h  1
1173  2.8497110e-03 5.59e-03 3.86e-02 -11.0 9.79e-03    -  1.00e+00 5.00e-01h  2
1174  2.8476675e-03 5.39e-03 3.80e-02 -11.0 1.38e-02    -  1.00e+00 1.25e-01h  4
1175  2.8373107e-03 1.67e-02 1.58e-01 -11.0 6.70e-03    -  1.00e+00 1.00e+00h  1
1176  2.8341333e-03 1.61e-02 1.17e-01 -11.0 2.02e-02    -  1.00e+00 1.25e-01h  4
1177  2.8357836e-03 8.12e-03 4.11e-02 -11.0 3.41e-03    -  1.00e+00 5.00e-01h  2
1178  2.8217272e-03 8.04e-04 1.21e-02 -11.0 1.17e-03    -  1.00e+00 1.00e+00h  1
1179  2.8195013e-03 1.82e-03 2.51e-02 -11.0 2.75e-03    -  1.00e+00 1.00e+00h  1
iter    objective    inf_pr   inf_du lg(mu)  ||d||  lg(rg) alpha_du alpha_pr  ls
1180  2.8194621e-03 1.84e-02 9.38e-02 -11.0 3.02e-01    -  1.00e+00 3.12e-02h  6
1181  2.8175245e-03 1.88e-02 1.02e-01 -11.0 2.04e-01    -  1.00e+00 1.56e-02h  7
1182  2.8132112e-03 1.77e-02 1.02e-01 -11.0 1.75e-01    -  1.00e+00 3.12e-02h  6
1183  2.8126965e-03 1.41e-02 1.40e-01 -11.0 1.75e-01    -  1.00e+00 3.12e-02h  6
1184  2.8100313e-03 1.09e-02 1.72e-01 -11.0 3.02e-02    -  1.00e+00 1.25e-01h  4
1185  2.8182751e-03 1.20e-02 1.18e-01 -11.0 3.99e-02    -  1.00e+00 2.50e-01h  3
1186  2.8014559e-03 1.17e-02 1.41e-01 -11.0 2.61e-02    -  1.00e+00 2.50e-01h  3
1187  2.7937144e-03 2.57e-02 1.96e-01 -11.0 2.93e-02    -  1.00e+00 2.50e-01h  3
1188  2.7805346e-03 2.03e-02 2.19e-01 -11.0 1.61e-02    -  1.00e+00 2.50e-01h  3
1189  2.7740605e-03 1.33e-02 8.20e-02 -11.0 2.61e-02    -  1.00e+00 2.50e-01h  3
iter    objective    inf_pr   inf_du lg(mu)  ||d||  lg(rg) alpha_du alpha_pr  ls
1190  3.0752506e-03 1.13e-01 6.40e-01 -11.0 2.48e-02    -  1.00e+00 1.00e+00w  1
1191  8.2805862e-03 7.15e-01 1.76e+00 -11.0 4.40e-02    -  1.00e+00 1.00e+00w  1
1192  3.7274195e-03 3.96e-01 1.86e-01 -11.0 3.26e-02    -  1.00e+00 1.00e+00w  1
1193  2.7645801e-03 1.71e-02 9.64e-02 -11.0 2.96e-02    -  1.00e+00 2.50e-01h  2
1194  2.7570313e-03 2.26e-02 3.45e-02 -11.0 1.49e-01    -  1.00e+00 3.12e-02h  6
1195  2.7625809e-03 1.80e-02 3.23e-02 -11.0 4.39e-02    -  1.00e+00 1.25e-01h  4
1196  2.7568339e-03 1.61e-02 6.03e-02 -11.0 1.24e-02    -  1.00e+00 1.25e-01h  4
1197  2.7484055e-03 1.85e-03 4.82e-02 -11.0 3.67e-03    -  1.00e+00 1.00e+00h  1
1198  2.7775619e-03 9.55e-05 1.27e-01 -11.0 5.14e-03    -  1.00e+00 1.00e+00H  1
1199  2.7448331e-03 3.95e-03 7.65e-02 -11.0 4.24e-03    -  1.00e+00 1.00e+00h  1
iter    objective    inf_pr   inf_du lg(mu)  ||d||  lg(rg) alpha_du alpha_pr  ls
1200  2.7545801e-03 9.04e-04 2.13e-01 -11.0 4.14e-03    -  1.00e+00 1.00e+00H  1
1201  2.7304933e-03 1.37e-03 5.78e-02 -11.0 5.06e-03    -  1.00e+00 1.00e+00h  1
1202  2.7265072e-03 1.63e-03 6.47e-02 -11.0 1.40e-02    -  1.00e+00 2.50e-01h  3
1203  2.7419666e-03 4.27e-05 1.14e-01 -11.0 5.88e-03    -  1.00e+00 1.00e+00H  1
1204  2.7301553e-03 3.49e-04 2.16e-01 -11.0 7.18e-03    -  1.00e+00 1.00e+00H  1
1205  2.7160635e-03 1.51e-03 2.53e-01 -11.0 7.69e-03    -  1.00e+00 2.50e-01h  3
1206  2.6995121e-03 4.06e-03 5.33e-02 -11.0 2.74e-03    -  1.00e+00 1.00e+00h  1
1207  2.6950010e-03 7.74e-03 1.10e-01 -11.0 8.94e-03    -  1.00e+00 1.00e+00h  1
1208  2.6894110e-03 1.24e-02 6.28e-02 -11.0 6.77e-02    -  1.00e+00 1.25e-01h  4
1209  2.6831062e-03 4.45e-02 8.09e-02 -11.0 2.15e-01    -  1.00e+00 1.25e-01h  4
iter    objective    inf_pr   inf_du lg(mu)  ||d||  lg(rg) alpha_du alpha_pr  ls
1210  2.6792134e-03 5.00e-02 1.38e-01 -11.0 1.48e+00    -  1.00e+00 7.81e-03h  8
1211  2.6777750e-03 4.54e-02 3.00e-01 -11.0 2.78e-01    -  1.00e+00 6.25e-02h  5
1212  2.6734122e-03 4.71e-02 3.42e-01 -11.0 8.24e-01    -  1.00e+00 1.56e-02h  7
1213  2.6651467e-03 4.86e-02 2.38e-01 -11.0 3.60e-01    -  1.00e+00 3.12e-02h  6
1214  2.6587173e-03 4.52e-02 2.33e-01 -11.0 1.19e-01    -  1.00e+00 6.25e-02h  5
1215  2.6302738e-03 1.51e-01 1.50e-01 -11.0 2.55e-01    -  1.00e+00 2.50e-01h  3
1216  2.6202360e-03 1.56e-01 2.86e-01 -11.0 1.38e+01    -  1.00e+00 9.77e-04h 11
1217  2.6191687e-03 1.62e-01 1.44e-01 -11.0 3.82e-01    -  1.00e+00 3.12e-02h  6
1218  3.1477105e-02 1.74e+01 1.82e+01 -11.0 7.84e-01    -  1.00e+00 1.00e+00w  1
1219  3.0510268e-01 4.41e+01 8.18e+01 -11.0 5.25e-01    -  1.00e+00 1.00e+00w  1
iter    objective    inf_pr   inf_du lg(mu)  ||d||  lg(rg) alpha_du alpha_pr  ls
1220  5.6665811e-01 2.63e+02 2.67e+01 -11.0 7.06e-01    -  1.00e+00 1.00e+00w  1
1221  2.5952683e-03 1.71e-01 4.16e-01 -11.0 5.24e-01    -  1.00e+00 3.12e-02h  5
1222  2.5712002e-03 1.49e-01 2.62e-01 -11.0 3.88e-02    -  1.00e+00 1.25e-01h  4
1223  2.5958601e-03 7.64e-02 4.21e-01 -11.0 4.92e-03    -  1.00e+00 5.00e-01h  2
1224  2.6200879e-03 5.89e-02 1.62e-01 -11.0 3.20e-02    -  1.00e+00 2.50e-01h  3
1225  2.6286931e-03 5.64e-02 3.10e-01 -11.0 5.24e-02    -  1.00e+00 6.25e-02h  5
1226  2.6886577e-03 2.88e-02 1.36e-01 -11.0 7.18e-03    -  1.00e+00 5.00e-01h  2
1227  2.8576808e-03 1.61e-02 2.03e-01 -11.0 5.33e-03    -  1.00e+00 1.00e+00h  1
1228  2.7229453e-03 1.74e-03 4.86e-01 -11.0 4.06e-03    -  1.00e+00 1.00e+00h  1
1229  2.6595185e-03 1.87e-03 4.93e-01 -11.0 2.07e-03    -  1.00e+00 1.00e+00h  1
iter    objective    inf_pr   inf_du lg(mu)  ||d||  lg(rg) alpha_du alpha_pr  ls
1230  2.5626152e-03 3.19e-02 2.74e-01 -11.0 9.65e-03    -  1.00e+00 1.00e+00h  1
1231  2.5691819e-03 2.86e-02 2.19e-01 -11.0 5.23e-02    -  1.00e+00 6.25e-02h  5
1232  2.5559788e-03 2.72e-03 1.09e-01 -11.0 4.11e-03    -  1.00e+00 1.00e+00h  1
1233  2.6074192e-03 4.35e-03 1.48e-01 -11.0 5.96e-03    -  1.00e+00 1.00e+00H  1
1234  2.6050572e-03 4.35e-03 1.28e-01 -11.0 4.45e-02    -  1.00e+00 7.81e-03h  8
1235  2.5549973e-03 1.82e-03 1.53e-01 -11.0 6.13e-03    -  1.00e+00 1.00e+00H  1
1236  2.5782340e-03 9.84e-04 6.82e-02 -11.0 4.45e-03    -  1.00e+00 1.00e+00H  1
1237  2.5415853e-03 4.16e-03 9.56e-02 -11.0 3.10e-03    -  1.00e+00 1.00e+00h  1
1238  2.5464994e-03 2.08e-03 1.16e-01 -11.0 2.99e-03    -  1.00e+00 1.00e+00h  1
1239  2.5324690e-03 5.89e-04 3.36e-02 -11.0 1.32e-03    -  1.00e+00 1.00e+00h  1
iter    objective    inf_pr   inf_du lg(mu)  ||d||  lg(rg) alpha_du alpha_pr  ls
1240  2.5294545e-03 4.48e-05 2.34e-02 -11.0 3.58e-04    -  1.00e+00 1.00e+00h  1
1241  2.5287962e-03 6.79e-06 1.59e-02 -11.0 2.06e-04    -  1.00e+00 1.00e+00h  1
1242  2.5263554e-03 2.93e-04 1.63e-02 -11.0 1.42e-03    -  1.00e+00 1.00e+00h  1
1243  2.5221023e-03 2.07e-03 1.16e-01 -11.0 1.33e-02    -  1.00e+00 2.50e-01h  3
1244  2.5200984e-03 2.67e-03 6.91e-02 -11.0 2.80e-02    -  1.00e+00 1.25e-01h  4
1245  2.6189496e-03 9.66e-06 8.41e-02 -11.0 1.52e-02    -  1.00e+00 1.00e+00H  1
1246  2.6168850e-03 9.28e-06 8.41e-02 -11.0 7.69e-03    -  1.00e+00 7.81e-03h  8
1247  2.5138374e-03 4.85e-03 3.62e-02 -11.0 9.22e-03    -  1.00e+00 5.00e-01h  2
1248  2.4936971e-03 7.93e-04 1.43e-01 -11.0 3.36e-03    -  1.00e+00 1.00e+00h  1
1249  2.4944431e-03 3.35e-04 1.14e-01 -11.0 1.72e-03    -  1.00e+00 1.00e+00h  1
iter    objective    inf_pr   inf_du lg(mu)  ||d||  lg(rg) alpha_du alpha_pr  ls
1250  2.4862682e-03 9.92e-05 3.46e-02 -11.0 1.02e-03    -  1.00e+00 1.00e+00h  1
1251  2.4847562e-03 3.96e-05 1.54e-02 -11.0 1.05e-03    -  1.00e+00 1.00e+00h  1
1252  2.5162208e-03 3.73e-05 1.83e-01 -11.0 2.30e-02    -  1.00e+00 1.00e+00H  1
1253  2.5148348e-03 4.24e-05 1.76e-01 -11.0 1.89e-01    -  1.00e+00 3.91e-03h  9
1254  2.5139960e-03 4.62e-05 1.77e-01 -11.0 3.59e-01    -  1.00e+00 9.77e-04h 11
1255  2.5130262e-03 5.22e-05 1.83e-01 -11.0 3.59e-01    -  1.00e+00 9.77e-04h 11
1256  2.5125411e-03 5.41e-05 1.83e-01 -11.0 5.77e-01    -  1.00e+00 2.44e-04h 13
1257  2.5121325e-03 5.56e-05 1.84e-01 -11.0 1.62e+01    -  1.00e+00 7.63e-06h 18
1258  2.4880773e-03 2.20e-02 2.47e-01 -11.0 1.57e+01    -  1.00e+00 9.77e-04h 11
1259  2.4812331e-03 2.38e-02 1.66e-01 -11.0 1.23e+00    -  1.00e+00 3.91e-03h  9
iter    objective    inf_pr   inf_du lg(mu)  ||d||  lg(rg) alpha_du alpha_pr  ls
1260  2.4802815e-03 2.87e-02 1.55e-01 -11.0 1.34e+00    -  1.00e+00 1.56e-02h  7
1261  2.4782146e-03 2.79e-02 1.09e-01 -11.0 2.53e-01    -  1.00e+00 1.56e-02h  7
1262  2.4735721e-03 2.76e-02 1.30e-01 -11.0 9.18e-02    -  1.00e+00 3.12e-02h  6
1263  3.2808332e-03 7.06e-02 1.85e-01 -11.0 1.46e-02    -  1.00e+00 1.00e+00w  1
1264  2.6150745e-03 1.46e-01 1.69e-01 -11.0 2.02e-02    -  1.00e+00 1.00e+00w  1
1265  9.4851686e-03 2.21e-01 1.77e-01 -11.0 8.21e-02    -  1.00e+00 1.00e+00w  1
1266  2.4714059e-03 2.53e-02 1.29e-01 -11.0 5.03e-02    -  1.00e+00 1.25e-01h  3
1267  2.5089412e-03 1.92e-02 5.57e-01 -11.0 8.92e-03    -  1.00e+00 5.00e-01h  2
1268  2.4724845e-03 1.34e-02 1.60e-01 -11.0 6.69e-03    -  1.00e+00 1.00e+00h  1
1269  2.4702423e-03 1.12e-02 2.18e-01 -11.0 8.86e-03    -  1.00e+00 2.50e-01h  3
iter    objective    inf_pr   inf_du lg(mu)  ||d||  lg(rg) alpha_du alpha_pr  ls
1270  2.4707289e-03 7.52e-04 9.02e-02 -11.0 1.08e-03    -  1.00e+00 1.00e+00h  1
1271  2.4563758e-03 6.93e-04 1.70e-01 -11.0 1.85e-03    -  1.00e+00 1.00e+00h  1
1272  2.4537453e-03 2.44e-04 3.04e-02 -11.0 1.07e-03    -  1.00e+00 1.00e+00h  1
1273  2.4495444e-03 4.58e-04 1.42e-02 -11.0 9.24e-04    -  1.00e+00 1.00e+00h  1
1274  2.4486015e-03 1.33e-04 2.59e-02 -11.0 1.11e-03    -  1.00e+00 1.00e+00h  1
1275  2.4771842e-03 1.91e-04 2.44e-01 -11.0 1.40e-02    -  1.00e+00 1.00e+00H  1
1276  2.4735511e-03 2.12e-04 2.40e-01 -11.0 7.60e-02    -  1.00e+00 1.56e-02h  7
1277  2.4725298e-03 2.14e-04 2.38e-01 -11.0 5.28e+00    -  1.00e+00 6.10e-05h 15
1278  2.4715352e-03 2.17e-04 2.36e-01 -11.0 5.13e+00    -  1.00e+00 6.10e-05h 15
1279  2.4710480e-03 2.17e-04 2.36e-01 -11.0 4.99e+00    -  1.00e+00 3.05e-05h 16
iter    objective    inf_pr   inf_du lg(mu)  ||d||  lg(rg) alpha_du alpha_pr  ls
1280  2.4624402e-03 2.94e-05 4.09e-01 -11.0 2.94e-03    -  1.00e+00 1.00e+00H  1
1281  2.4342862e-03 2.96e-04 1.93e-02 -11.0 1.51e-03    -  1.00e+00 1.00e+00h  1
1282  2.4333471e-03 1.56e-05 7.20e-03 -11.0 1.97e-04    -  1.00e+00 1.00e+00h  1
1283  2.4309928e-03 3.99e-04 4.48e-02 -11.0 1.04e-03    -  1.00e+00 1.00e+00h  1
1284  2.4339003e-03 2.07e-05 1.29e-01 -11.0 2.48e-03    -  1.00e+00 1.00e+00H  1
1285  2.4282350e-03 8.24e-04 4.79e-02 -11.0 8.68e-04    -  1.00e+00 1.00e+00h  1
1286  2.4265435e-03 7.91e-05 3.64e-02 -11.0 6.08e-04    -  1.00e+00 1.00e+00h  1
1287  2.4258585e-03 1.20e-05 1.17e-02 -11.0 3.29e-04    -  1.00e+00 1.00e+00h  1
1288  2.4252837e-03 3.65e-04 3.35e-02 -11.0 1.99e-03    -  1.00e+00 1.00e+00h  1
1289  2.4347305e-03 2.61e-06 1.27e-01 -11.0 8.00e-03    -  1.00e+00 1.00e+00H  1
iter    objective    inf_pr   inf_du lg(mu)  ||d||  lg(rg) alpha_du alpha_pr  ls
1290  2.4343989e-03 2.71e-06 1.28e-01 -11.0 1.96e-02    -  1.00e+00 3.91e-03h  9
1291  2.4211514e-03 3.41e-03 3.00e-02 -11.0 2.96e-03    -  1.00e+00 1.00e+00h  1
1292  2.4158275e-03 1.78e-03 2.24e-02 -11.0 2.18e-03    -  1.00e+00 5.00e-01h  2
1293  2.4141543e-03 3.92e-04 9.56e-03 -11.0 8.68e-04    -  1.00e+00 1.00e+00h  1
1294  2.4140060e-03 1.87e-04 4.83e-02 -11.0 1.69e-03    -  1.00e+00 1.00e+00h  1
1295  2.4151057e-03 1.10e-04 6.74e-02 -11.0 1.08e-02    -  1.00e+00 1.00e+00H  1
1296  2.4125256e-03 4.74e-03 1.58e-01 -11.0 1.41e-01    -  1.00e+00 6.25e-02h  5
1297  2.4107843e-03 4.79e-03 1.22e-01 -11.0 1.11e-01    -  1.00e+00 3.12e-02h  6
1298  2.4084897e-03 3.95e-03 7.17e-02 -11.0 1.44e-02    -  1.00e+00 2.50e-01h  3
1299  2.4004126e-03 5.31e-03 7.18e-02 -11.0 1.16e-02    -  1.00e+00 5.00e-01h  2
iter    objective    inf_pr   inf_du lg(mu)  ||d||  lg(rg) alpha_du alpha_pr  ls
1300  2.4015388e-03 3.70e-03 1.67e-01 -11.0 7.93e-03    -  1.00e+00 5.00e-01h  2
1301  2.4114519e-03 6.44e-05 1.32e-01 -11.0 5.70e-03    -  1.00e+00 1.00e+00H  1
1302  2.3959270e-03 4.21e-03 8.31e-02 -11.0 2.92e-02    -  1.00e+00 2.50e-01h  3
1303  2.3904869e-03 6.91e-03 1.34e-01 -11.0 2.88e-02    -  1.00e+00 1.25e-01h  4
1304  2.3844778e-03 3.96e-03 2.45e-01 -11.0 1.58e-02    -  1.00e+00 5.00e-01h  2
1305  2.3830469e-03 3.64e-03 1.96e-01 -11.0 9.00e-02    -  1.00e+00 1.25e-01h  4
1306  2.3803951e-03 3.35e-03 8.30e-02 -11.0 2.09e-02    -  1.00e+00 6.25e-02h  5
1307  2.3712120e-03 1.48e-03 1.59e-02 -11.0 7.03e-03    -  1.00e+00 1.00e+00h  1
1308  2.3662646e-03 2.69e-03 6.23e-02 -11.0 8.95e-02    -  1.00e+00 1.25e-01h  4
1309  2.3609874e-03 8.45e-03 1.13e-01 -11.0 3.77e-01    -  1.00e+00 6.25e-02h  5
iter    objective    inf_pr   inf_du lg(mu)  ||d||  lg(rg) alpha_du alpha_pr  ls
1310  2.3598147e-03 8.58e-03 1.81e-01 -11.0 1.35e+00    -  1.00e+00 3.91e-03h  9
1311  2.3556843e-03 9.30e-03 1.36e-01 -11.0 1.75e-01    -  1.00e+00 6.25e-02h  5
1312  2.3473059e-03 1.02e-02 1.05e-01 -11.0 1.79e+00    -  1.00e+00 7.81e-03h  8
1313  2.3433508e-03 2.09e-02 7.59e-02 -11.0 9.79e-01    -  1.00e+00 3.12e-02h  6
1314  2.3373794e-03 2.15e-02 8.02e-02 -11.0 2.54e+00    -  1.00e+00 3.91e-03h  9
1315  2.3362865e-03 2.28e-02 7.74e-02 -11.0 3.19e+00    -  1.00e+00 3.91e-03h  9
1316  2.3337264e-03 2.39e-02 8.61e-02 -11.0 1.09e+02    -  1.00e+00 1.22e-04h 14
1317  2.3334614e-03 2.41e-02 9.08e-02 -11.0 1.02e+03    -  1.00e+00 3.81e-06h 19
1318  6.7681295e+01 3.89e+06 1.78e+07 -11.0 5.80e+01    -  1.00e+00 1.00e+00w  1
1319  6.4186978e+04 4.33e+06 5.11e+05 -11.0 2.55e+02    -  1.00e+00 1.00e+00w  1
iter    objective    inf_pr   inf_du lg(mu)  ||d||  lg(rg) alpha_du alpha_pr  ls
1320  1.8180314e+12 3.50e+09 2.43e+11 -11.0 1.85e+06    -  1.00e+00 1.00e+00w  1
1321  2.3326150e-03 2.44e-02 9.23e-02 -11.0 2.16e+06    -  1.00e+00 1.22e-04h 13
1322  2.3238768e-03 2.14e-02 1.09e-01 -11.0 1.69e-02    -  1.00e+00 1.25e-01h  4
1323  2.3358828e-03 2.37e-04 7.12e-02 -11.0 1.11e-03    -  1.00e+00 1.00e+00h  1
1324  2.3344368e-03 3.07e-05 5.30e-02 -11.0 3.73e-04    -  1.00e+00 1.00e+00h  1
1325  2.3247656e-03 1.42e-04 2.27e-02 -11.0 6.47e-04    -  1.00e+00 1.00e+00h  1
1326  2.3232372e-03 1.87e-05 1.18e-02 -11.0 3.37e-04    -  1.00e+00 1.00e+00h  1
1327  2.3156541e-03 1.37e-03 9.46e-02 -11.0 4.22e-03    -  1.00e+00 1.00e+00h  1
1328  2.3117536e-03 1.60e-03 1.05e-01 -11.0 2.15e-02    -  1.00e+00 1.25e-01h  4
1329  2.3220077e-03 2.95e-03 2.21e-01 -11.0 4.36e-03    -  1.00e+00 1.00e+00h  1
iter    objective    inf_pr   inf_du lg(mu)  ||d||  lg(rg) alpha_du alpha_pr  ls
1330  2.3023981e-03 1.60e-03 4.71e-02 -11.0 1.40e-03    -  1.00e+00 1.00e+00h  1
1331  2.3000293e-03 1.71e-04 6.38e-02 -11.0 5.76e-04    -  1.00e+00 1.00e+00h  1
1332  2.2970936e-03 2.83e-04 5.83e-02 -11.0 1.47e-03    -  1.00e+00 1.00e+00h  1
1333  2.2914625e-03 5.57e-03 1.98e-01 -11.0 2.24e-02    -  1.00e+00 2.50e-01h  3
1334  2.2905528e-03 1.37e-02 3.16e-01 -11.0 6.01e-02    -  1.00e+00 1.25e-01h  4
1335  2.2880319e-03 1.35e-02 2.97e-01 -11.0 3.80e-02    -  1.00e+00 6.25e-02h  5
1336  2.2825662e-03 7.14e-03 1.83e-01 -11.0 3.86e-03    -  1.00e+00 5.00e-01h  2
1337  2.3181966e-03 9.44e-05 2.27e-01 -11.0 6.79e-03    -  1.00e+00 1.00e+00H  1
1338  2.2854299e-03 1.97e-03 1.49e-01 -11.0 2.93e-03    -  1.00e+00 1.00e+00h  1
1339  2.2727623e-03 8.78e-03 7.41e-02 -11.0 6.65e-03    -  1.00e+00 1.00e+00h  1
iter    objective    inf_pr   inf_du lg(mu)  ||d||  lg(rg) alpha_du alpha_pr  ls
1340  2.2740010e-03 7.31e-03 9.80e-02 -11.0 7.75e-03    -  1.00e+00 2.50e-01h  3
1341  2.2726181e-03 1.55e-03 5.52e-02 -11.0 3.24e-03    -  1.00e+00 1.00e+00h  1
1342  2.3071823e-03 7.52e-06 7.15e-02 -11.0 4.03e-03    -  1.00e+00 1.00e+00H  1
1343  2.2682776e-03 1.02e-03 3.06e-02 -11.0 2.85e-03    -  1.00e+00 1.00e+00h  1
1344  2.2704713e-03 5.09e-04 4.89e-02 -11.0 1.69e-03    -  1.00e+00 1.00e+00h  1
1345  2.2664141e-03 4.07e-04 8.64e-03 -11.0 1.52e-03    -  1.00e+00 1.00e+00h  1
1346  2.2877013e-03 2.10e-04 1.08e-01 -11.0 6.06e-03    -  1.00e+00 1.00e+00H  1
1347  2.2759545e-03 1.16e-04 5.49e-02 -11.0 4.47e-03    -  1.00e+00 1.00e+00H  1
1348  2.2779252e-03 1.49e-05 1.54e-01 -11.0 4.37e-03    -  1.00e+00 1.00e+00H  1
1349  2.2576169e-03 2.43e-03 1.04e-01 -11.0 3.57e-03    -  1.00e+00 1.00e+00h  1
iter    objective    inf_pr   inf_du lg(mu)  ||d||  lg(rg) alpha_du alpha_pr  ls
1350  2.2528399e-03 4.17e-04 1.64e-02 -11.0 2.32e-03    -  1.00e+00 1.00e+00h  1
1351  2.2571760e-03 4.50e-04 1.22e-01 -11.0 2.35e-03    -  1.00e+00 1.00e+00h  1
1352  2.2514877e-03 1.54e-04 1.67e-02 -11.0 1.55e-03    -  1.00e+00 1.00e+00h  1
1353  2.2500290e-03 1.33e-04 2.02e-02 -11.0 8.37e-04    -  1.00e+00 1.00e+00h  1
1354  2.2487499e-03 5.37e-05 2.89e-02 -11.0 1.63e-03    -  1.00e+00 1.00e+00h  1
1355  2.2471338e-03 6.06e-04 1.74e-02 -11.0 5.94e-02    -  1.00e+00 1.25e-01h  4
1356  2.2466931e-03 6.59e-04 8.50e-02 -11.0 8.60e-02    -  1.00e+00 6.25e-02h  5
1357  2.2457655e-03 6.42e-04 9.46e-02 -11.0 3.19e-02    -  1.00e+00 6.25e-02h  5
1358  2.2319661e-03 8.50e-03 2.39e-02 -11.0 1.96e-02    -  1.00e+00 1.00e+00h  1
1359  2.2300235e-03 8.79e-03 2.69e-02 -11.0 4.79e-01    -  1.00e+00 7.81e-03h  8
iter    objective    inf_pr   inf_du lg(mu)  ||d||  lg(rg) alpha_du alpha_pr  ls
1360  2.2384966e-03 7.76e-03 5.96e-02 -11.0 1.48e-02    -  1.00e+00 5.00e-01h  2
1361  2.2366751e-03 8.91e-03 2.38e-01 -11.0 3.37e-02    -  1.00e+00 2.50e-01h  3
1362  2.2337865e-03 8.66e-03 2.52e-01 -11.0 5.09e-02    -  1.00e+00 1.25e-01h  4
1363  2.2269189e-03 1.26e-02 1.73e-01 -11.0 1.68e-01    -  1.00e+00 1.25e-01h  4
1364  2.2252438e-03 1.19e-02 1.62e-01 -11.0 2.54e-01    -  1.00e+00 3.12e-02h  6
1365  2.2282131e-03 8.91e-03 6.19e-02 -11.0 7.56e-03    -  1.00e+00 2.50e-01h  3
1366  2.2189739e-03 2.41e-03 5.08e-02 -11.0 1.68e-02    -  1.00e+00 1.00e+00h  1
1367  2.2179003e-03 2.42e-03 8.93e-02 -11.0 3.42e-02    -  1.00e+00 1.56e-02h  7
1368  2.2169255e-03 6.67e-05 2.14e-02 -11.0 3.39e-03    -  1.00e+00 1.00e+00h  1
1369  2.2166220e-03 4.54e-04 5.39e-02 -11.0 1.20e-01    -  1.00e+00 6.25e-02h  5
iter    objective    inf_pr   inf_du lg(mu)  ||d||  lg(rg) alpha_du alpha_pr  ls
1370  2.2155116e-03 1.75e-03 7.22e-02 -11.0 2.28e-01    -  1.00e+00 6.25e-02h  5
1371  2.2128552e-03 1.74e-03 1.21e-01 -11.0 9.97e-02    -  1.00e+00 6.25e-02h  5
1372  2.2025670e-03 1.76e-02 2.71e-01 -11.0 8.82e-02    -  1.00e+00 1.25e-01h  4
1373  2.2061624e-03 1.78e-02 1.95e-01 -11.0 5.22e-02    -  1.00e+00 1.25e-01h  4
1374  2.1958520e-03 1.30e-02 1.04e-01 -11.0 2.74e-02    -  1.00e+00 2.50e-01h  3
1375  2.1819551e-03 4.54e-02 1.50e-01 -11.0 4.03e-01    -  1.00e+00 1.25e-01h  4
1376  2.1672144e-03 5.13e-02 1.47e-01 -11.0 5.17e-01    -  1.00e+00 1.56e-02h  7
1377  2.1487785e-03 5.66e-02 1.37e-01 -11.0 1.42e-01    -  1.00e+00 1.25e-01h  4
1378  2.1431281e-03 5.38e-02 1.68e-01 -11.0 6.03e-01    -  1.00e+00 6.25e-02h  5
1379  7.8988286e-02 4.51e+01 1.49e+01 -11.0 1.38e+00    -  1.00e+00 1.00e+00w  1
iter    objective    inf_pr   inf_du lg(mu)  ||d||  lg(rg) alpha_du alpha_pr  ls
1380  6.2852823e+02 1.26e+04 3.18e+03 -11.0 1.59e+01    -  1.00e+00 1.00e+00w  1
1381  1.7131233e+07 1.15e+07 6.02e+03 -11.0 3.03e+03    -  1.00e+00 1.00e+00w  1
1382  2.1297501e-03 5.87e-02 2.04e-01 -11.0 2.51e+06    -  1.00e+00 1.56e-02h  6
1383  2.1306409e-03 8.02e-04 1.00e-01 -11.0 1.62e-03    -  1.00e+00 1.00e+00h  1
1384  2.1320761e-03 2.64e-04 1.81e-01 -11.0 1.15e-03    -  1.00e+00 1.00e+00h  1
1385  2.1190735e-03 4.15e-04 7.33e-02 -11.0 1.17e-03    -  1.00e+00 1.00e+00h  1
1386  2.1185819e-03 5.94e-03 1.75e-01 -11.0 5.14e-03    -  1.00e+00 1.00e+00h  1
1387  2.0997470e-03 3.63e-03 2.05e-01 -11.0 2.67e-03    -  1.00e+00 1.00e+00h  1
1388  2.0836299e-03 1.12e-03 4.81e-02 -11.0 1.85e-03    -  1.00e+00 1.00e+00h  1
1389  2.0825681e-03 3.23e-04 2.17e-02 -11.0 6.92e-04    -  1.00e+00 1.00e+00h  1
iter    objective    inf_pr   inf_du lg(mu)  ||d||  lg(rg) alpha_du alpha_pr  ls
1390  2.0810389e-03 4.15e-05 4.42e-03 -11.0 3.42e-04    -  1.00e+00 1.00e+00h  1
1391  2.0802289e-03 4.75e-05 3.04e-03 -11.0 3.71e-04    -  1.00e+00 1.00e+00h  1
1392  2.0895594e-03 7.88e-06 1.38e-01 -11.0 4.51e-03    -  1.00e+00 1.00e+00H  1
1393  2.0822188e-03 1.03e-06 2.84e-02 -11.0 3.77e-03    -  1.00e+00 1.00e+00H  1
1394  2.1019232e-03 1.21e-06 1.19e-01 -11.0 3.05e-03    -  1.00e+00 1.00e+00H  1
1395  2.0710855e-03 2.13e-03 3.43e-02 -11.0 1.83e-03    -  1.00e+00 1.00e+00h  1
1396  2.0704815e-03 1.05e-04 1.86e-02 -11.0 8.66e-04    -  1.00e+00 1.00e+00h  1
1397  2.0764667e-03 4.73e-05 1.11e-01 -11.0 1.11e-02    -  1.00e+00 1.00e+00H  1
1398  2.0753548e-03 3.76e-05 1.16e-01 -11.0 4.76e-02    -  1.00e+00 1.56e-02h  7
1399  2.0746317e-03 3.58e-05 1.14e-01 -11.0 3.91e-02    -  1.00e+00 7.81e-03h  8
iter    objective    inf_pr   inf_du lg(mu)  ||d||  lg(rg) alpha_du alpha_pr  ls
1400  2.0739684e-03 3.61e-05 1.15e-01 -11.0 2.49e-02    -  1.00e+00 7.81e-03h  8
1401  2.0645695e-03 6.49e-03 9.27e-02 -11.0 7.21e-03    -  1.00e+00 5.00e-01h  2
1402  2.0588178e-03 6.10e-03 3.42e-02 -11.0 1.98e-02    -  1.00e+00 1.25e-01h  4
1403  2.0614370e-03 4.51e-03 5.33e-02 -11.0 8.20e-03    -  1.00e+00 2.50e-01h  3
1404  2.0580082e-03 2.24e-03 4.40e-02 -11.0 6.58e-03    -  1.00e+00 1.00e+00h  1
1405  2.0574887e-03 1.76e-03 1.38e-01 -11.0 1.52e-02    -  1.00e+00 1.25e-01h  4
1406  2.0543025e-03 2.49e-03 2.27e-02 -11.0 4.03e-03    -  1.00e+00 1.00e+00h  1
1407  2.0641302e-03 1.60e-03 1.65e-01 -11.0 3.35e-03    -  1.00e+00 1.00e+00H  1
1408  2.0578689e-03 6.45e-04 1.62e-01 -11.0 5.90e-03    -  1.00e+00 1.00e+00H  1
1409  2.0514212e-03 1.06e-03 1.50e-01 -11.0 1.26e-02    -  1.00e+00 2.50e-01h  3
iter    objective    inf_pr   inf_du lg(mu)  ||d||  lg(rg) alpha_du alpha_pr  ls
1410  2.0476028e-03 1.65e-03 3.13e-02 -11.0 9.14e-03    -  1.00e+00 5.00e-01h  2
1411  2.0462459e-03 1.78e-03 8.45e-02 -11.0 8.83e-03    -  1.00e+00 2.50e-01h  3
1412  2.0432372e-03 4.30e-03 5.72e-02 -11.0 4.27e-03    -  1.00e+00 1.00e+00h  1
1413  2.0435779e-03 2.92e-03 1.01e-01 -11.0 3.87e-03    -  1.00e+00 5.00e-01h  2
1414  2.0384595e-03 7.44e-04 6.27e-02 -11.0 3.51e-03    -  1.00e+00 1.00e+00h  1
1415  2.0364807e-03 7.43e-04 1.61e-02 -11.0 1.39e-02    -  1.00e+00 1.25e-01h  4
1416  2.0592125e-03 4.92e-05 1.03e-01 -11.0 3.98e-03    -  1.00e+00 1.00e+00H  1
1417  2.0351245e-03 2.25e-03 3.88e-02 -11.0 3.13e-03    -  1.00e+00 1.00e+00h  1
1418  2.0496041e-03 2.23e-03 1.49e-01 -11.0 2.01e-03    -  1.00e+00 1.00e+00h  1
1419  2.0333029e-03 1.34e-03 1.95e-02 -11.0 1.91e-03    -  1.00e+00 1.00e+00h  1
iter    objective    inf_pr   inf_du lg(mu)  ||d||  lg(rg) alpha_du alpha_pr  ls
1420  2.0324364e-03 1.63e-05 1.32e-02 -11.0 6.79e-04    -  1.00e+00 1.00e+00h  1
1421  2.0313615e-03 2.71e-03 2.73e-01 -11.0 1.74e-02    -  1.00e+00 1.00e+00H  1
1422  2.0182533e-03 1.37e-03 2.06e-01 -11.0 5.24e-03    -  1.00e+00 5.00e-01h  2
1423  2.0230572e-03 8.11e-05 7.88e-02 -11.0 4.03e-03    -  1.00e+00 1.00e+00H  1
1424  2.0249735e-03 8.74e-06 1.28e-01 -11.0 4.67e-03    -  1.00e+00 1.00e+00H  1
1425  2.0217410e-03 1.43e-04 6.45e-02 -11.0 2.31e-02    -  1.00e+00 1.25e-01h  4
1426  2.0201295e-03 2.62e-04 4.80e-02 -11.0 1.92e-02    -  1.00e+00 1.25e-01h  4
1427  2.0177490e-03 1.10e-03 1.18e-01 -11.0 2.15e-02    -  1.00e+00 2.50e-01h  3
1428  2.0123440e-03 5.90e-03 1.52e-01 -11.0 1.79e-01    -  1.00e+00 6.25e-02h  5
1429  2.0100804e-03 6.16e-03 1.25e-01 -11.0 8.95e-02    -  1.00e+00 6.25e-02h  5
iter    objective    inf_pr   inf_du lg(mu)  ||d||  lg(rg) alpha_du alpha_pr  ls
1430  2.0058446e-03 7.02e-03 1.21e-01 -11.0 7.08e-02    -  1.00e+00 6.25e-02h  5
1431  1.9955890e-03 1.88e-02 1.60e-01 -11.0 2.01e-01    -  1.00e+00 1.25e-01h  4
1432  1.9950995e-03 1.93e-02 1.29e-01 -11.0 6.32e-02    -  1.00e+00 1.25e-01h  4
1433  1.9908158e-03 1.95e-02 2.29e-01 -11.0 6.25e-02    -  1.00e+00 3.12e-02h  6
1434  1.9847447e-03 1.99e-02 2.81e-01 -11.0 8.91e-02    -  1.00e+00 6.25e-02h  5
1435  5.3577193e-03 5.27e-01 2.97e+00 -11.0 7.32e-02    -  1.00e+00 1.00e+00w  1
1436  3.6133800e-03 1.14e-01 9.15e-01 -11.0 4.12e-02    -  1.00e+00 1.00e+00w  1
1437  2.6239033e-03 2.36e-01 1.25e+00 -11.0 2.89e-02    -  1.00e+00 1.00e+00w  1
1438  1.9791093e-03 2.06e-02 4.54e-01 -11.0 1.15e-01    -  1.00e+00 6.25e-02h  4
1439  1.9764545e-03 1.94e-02 1.44e-01 -11.0 2.87e-02    -  1.00e+00 6.25e-02h  5
iter    objective    inf_pr   inf_du lg(mu)  ||d||  lg(rg) alpha_du alpha_pr  ls
1440  2.0017705e-03 2.23e-04 3.48e-02 -11.0 1.28e-03    -  1.00e+00 1.00e+00h  1
1441  1.9928692e-03 5.01e-04 7.40e-02 -11.0 3.39e-03    -  1.00e+00 1.00e+00h  1
1442  1.9897576e-03 3.31e-03 1.31e-01 -11.0 2.61e-02    -  1.00e+00 2.50e-01h  3
1443  1.9897377e-03 4.23e-03 1.82e-01 -11.0 9.94e-03    -  1.00e+00 2.50e-01h  3
1444  1.9811953e-03 4.95e-04 1.16e-01 -11.0 2.34e-03    -  1.00e+00 1.00e+00h  1
1445  1.9741107e-03 2.05e-03 3.73e-02 -11.0 4.84e-03    -  1.00e+00 1.00e+00h  1
1446  1.9729583e-03 1.94e-03 6.88e-02 -11.0 1.13e-02    -  1.00e+00 1.25e-01h  4
1447  1.9684613e-03 1.30e-03 1.14e-01 -11.0 7.28e-03    -  1.00e+00 1.00e+00h  1
1448  1.9646207e-03 2.21e-03 1.07e-01 -11.0 1.89e-01    -  1.00e+00 6.25e-02h  5
1449  1.9587682e-03 3.37e-03 9.83e-02 -11.0 2.49e-01    -  1.00e+00 6.25e-02h  5
iter    objective    inf_pr   inf_du lg(mu)  ||d||  lg(rg) alpha_du alpha_pr  ls
1450  1.9578988e-03 4.50e-03 1.31e-01 -11.0 7.51e-01    -  1.00e+00 1.56e-02h  7
1451  1.9583041e-03 3.77e-03 1.19e-01 -11.0 1.41e-02    -  1.00e+00 1.25e-01h  4
1452  1.9536403e-03 2.67e-03 9.34e-02 -11.0 7.77e-03    -  1.00e+00 1.00e+00h  1
1453  1.9421184e-03 2.25e-03 5.15e-02 -11.0 2.70e-02    -  1.00e+00 2.50e-01h  3
1454  1.9372217e-03 1.73e-03 7.04e-02 -11.0 1.44e-02    -  1.00e+00 1.25e-01h  4
1455  1.9294691e-03 4.89e-03 7.04e-02 -11.0 3.27e-02    -  1.00e+00 5.00e-01h  2
1456  1.9270828e-03 6.44e-03 4.36e-02 -11.0 1.35e+00    -  1.00e+00 7.81e-03h  8
1457  1.9330464e-03 4.01e-03 9.07e-02 -11.0 1.58e-01    -  1.00e+00 6.25e-02h  5
1458  1.9171206e-03 2.74e-02 1.32e-01 -11.0 3.81e-01    -  1.00e+00 1.25e-01h  4
1459  1.9118182e-03 2.57e-02 2.62e-01 -11.0 1.21e+00    -  1.00e+00 3.12e-02h  6
iter    objective    inf_pr   inf_du lg(mu)  ||d||  lg(rg) alpha_du alpha_pr  ls
1460  1.9036722e-03 5.41e-02 1.66e-01 -11.0 1.19e+01    -  1.00e+00 3.91e-03h  9
1461  1.9013332e-03 5.43e-02 1.44e-01 -11.0 1.38e+00    -  1.00e+00 7.81e-03h  8
1462  1.8934227e-03 5.16e-02 1.53e-01 -11.0 4.57e-02    -  1.00e+00 6.25e-02h  5
1463  2.0380217e-03 1.37e-01 1.35e-01 -11.0 5.61e-02    -  1.00e+00 1.00e+00w  1
1464  1.9124251e-01 2.03e+03 1.45e+03 -11.0 5.91e+00    -  1.00e+00 1.00e+00w  1
1465  2.3004496e+00 2.75e+02 2.49e+02 -11.0 1.47e+00    -  1.00e+00 1.00e+00w  1
1466  1.9057190e-03 6.03e-02 1.49e-01 -11.0 8.13e+00    -  1.00e+00 5.00e-01h  1
1467  1.8857002e-03 6.61e-04 9.58e-02 -11.0 3.00e-03    -  1.00e+00 1.00e+00h  1
1468  1.8878261e-03 1.02e-03 5.56e-02 -11.0 1.14e-03    -  1.00e+00 1.00e+00h  1
1469  1.8817848e-03 2.17e-04 3.65e-02 -11.0 1.16e-03    -  1.00e+00 1.00e+00h  1
iter    objective    inf_pr   inf_du lg(mu)  ||d||  lg(rg) alpha_du alpha_pr  ls
1470  1.9536774e-03 1.07e-04 9.02e-02 -11.0 3.64e-03    -  1.00e+00 1.00e+00H  1
1471  1.8770505e-03 9.59e-04 1.34e-02 -11.0 2.50e-03    -  1.00e+00 1.00e+00h  1
1472  1.8762007e-03 7.22e-05 4.82e-03 -11.0 9.44e-04    -  1.00e+00 1.00e+00h  1
1473  1.8741321e-03 2.10e-04 1.52e-02 -11.0 9.78e-04    -  1.00e+00 1.00e+00h  1
1474  1.8722900e-03 1.70e-03 3.53e-02 -11.0 2.18e-02    -  1.00e+00 1.25e-01h  4
1475  1.9536461e-03 2.43e-05 2.45e-01 -11.0 1.25e-02    -  1.00e+00 1.00e+00H  1
1476  1.9134802e-03 2.68e-04 1.28e-01 -11.0 4.08e-03    -  1.00e+00 1.00e+00H  1
1477  1.8648575e-03 4.56e-03 1.36e-01 -11.0 6.24e-03    -  1.00e+00 1.00e+00h  1
1478  1.8651964e-03 2.32e-03 7.17e-02 -11.0 2.20e-03    -  1.00e+00 5.00e-01h  2
1479  1.8605882e-03 2.81e-04 8.17e-03 -11.0 1.77e-03    -  1.00e+00 1.00e+00h  1
iter    objective    inf_pr   inf_du lg(mu)  ||d||  lg(rg) alpha_du alpha_pr  ls
1480  1.8594727e-03 8.35e-04 2.02e-02 -11.0 3.30e-03    -  1.00e+00 1.00e+00h  1
1481  1.8566566e-03 1.20e-02 6.09e-02 -11.0 4.60e-02    -  1.00e+00 2.50e-01h  3
1482  1.8538281e-03 1.34e-02 9.56e-02 -11.0 1.64e-01    -  1.00e+00 3.12e-02h  6
1483  1.8509195e-03 1.83e-02 7.79e-02 -11.0 1.37e-01    -  1.00e+00 6.25e-02h  5
1484  1.8497791e-03 1.87e-02 6.56e-02 -11.0 1.07e-01    -  1.00e+00 3.12e-02h  6
1485  1.8492835e-03 1.44e-02 4.43e-02 -11.0 8.82e-03    -  1.00e+00 2.50e-01h  3
1486  1.8482978e-03 7.25e-03 7.32e-02 -11.0 6.71e-03    -  1.00e+00 5.00e-01h  2
1487  1.8709386e-03 1.22e-04 1.33e-01 -11.0 1.96e-02    -  1.00e+00 1.00e+00H  1
1488  1.8679351e-03 1.60e-04 1.30e-01 -11.0 9.84e-03    -  1.00e+00 6.25e-02h  5
1489  1.8459690e-03 1.25e-02 6.16e-02 -11.0 1.57e-02    -  1.00e+00 1.00e+00h  1
iter    objective    inf_pr   inf_du lg(mu)  ||d||  lg(rg) alpha_du alpha_pr  ls
1490  1.8458109e-03 1.21e-02 7.13e-02 -11.0 2.23e-02    -  1.00e+00 3.12e-02h  6
1491  1.8441527e-03 6.71e-05 2.34e-02 -11.0 5.20e-04    -  1.00e+00 1.00e+00h  1
1492  1.8483446e-03 2.98e-06 9.72e-02 -11.0 8.10e-04    -  1.00e+00 1.00e+00H  1
1493  1.8431435e-03 4.82e-05 2.88e-03 -11.0 6.88e-04    -  1.00e+00 1.00e+00h  1
1494  1.8430268e-03 1.67e-06 2.76e-03 -11.0 1.11e-04    -  1.00e+00 1.00e+00h  1
1495  1.8424115e-03 1.57e-03 6.78e-02 -11.0 2.91e-02    -  1.00e+00 1.25e-01h  4
1496  1.8419012e-03 2.13e-03 8.20e-02 -11.0 2.06e-02    -  1.00e+00 1.25e-01h  4
1497  1.8409605e-03 3.96e-03 1.25e-01 -11.0 2.06e-02    -  1.00e+00 2.50e-01h  3
1498  1.8401271e-03 4.55e-03 1.72e-01 -11.0 5.97e-02    -  1.00e+00 6.25e-02h  5
1499  1.8381643e-03 4.43e-03 1.48e-01 -11.0 2.37e-02    -  1.00e+00 1.25e-01h  4
iter    objective    inf_pr   inf_du lg(mu)  ||d||  lg(rg) alpha_du alpha_pr  ls
1500  1.8360357e-03 5.07e-03 1.45e-01 -11.0 2.40e-02    -  1.00e+00 1.25e-01h  4
1501  1.8342277e-03 5.39e-03 6.95e-02 -11.0 1.47e-02    -  1.00e+00 2.50e-01h  3
1502  1.8329751e-03 4.86e-03 6.52e-02 -11.0 1.16e-02    -  1.00e+00 2.50e-01h  3
1503  1.8307931e-03 3.62e-03 9.54e-02 -11.0 6.33e-03    -  1.00e+00 5.00e-01h  2
1504  1.8265081e-03 3.21e-03 7.29e-02 -11.0 7.88e-03    -  1.00e+00 5.00e-01h  2
1505  1.8551744e-03 2.49e-02 1.29e-01 -11.0 1.77e-02    -  1.00e+00 1.00e+00w  1
1506  9.5126742e-03 5.43e+00 1.93e+00 -11.0 2.23e-01    -  1.00e+00 1.00e+00w  1
1507  2.9908469e-02 3.61e+00 2.05e+00 -11.0 1.71e-01    -  1.00e+00 1.00e+00w  1
1508  1.8249427e-03 7.80e-03 4.12e-02 -11.0 2.20e-01    -  1.00e+00 5.00e-01h  1
1509  1.8243065e-03 2.57e-03 6.74e-02 -11.0 5.36e-03    -  1.00e+00 1.00e+00h  1
iter    objective    inf_pr   inf_du lg(mu)  ||d||  lg(rg) alpha_du alpha_pr  ls
1510  1.8201287e-03 3.60e-03 6.64e-02 -11.0 2.95e-02    -  1.00e+00 1.25e-01h  4
1511  1.8173772e-03 3.96e-03 1.07e-01 -11.0 2.12e-02    -  1.00e+00 1.25e-01h  4
1512  1.8250100e-03 1.79e-03 8.82e-02 -11.0 1.05e-02    -  1.00e+00 1.00e+00H  1
1513  1.8188805e-03 8.98e-04 1.88e-02 -11.0 3.20e-02    -  1.00e+00 1.25e-01h  4
1514  1.8166846e-03 2.43e-03 1.67e-01 -11.0 1.51e-02    -  1.00e+00 2.50e-01h  3
1515  1.8059868e-03 3.54e-03 1.31e-01 -11.0 8.25e-03    -  1.00e+00 5.00e-01h  2
1516  1.8078529e-03 4.05e-03 1.69e-01 -11.0 1.27e-02    -  1.00e+00 5.00e-01h  2
1517  1.8046289e-03 3.63e-03 1.79e-01 -11.0 1.55e-02    -  1.00e+00 2.50e-01h  3
1518  1.8009951e-03 8.74e-03 7.68e-02 -11.0 3.84e-02    -  1.00e+00 2.50e-01h  3
1519  1.7988451e-03 9.76e-03 5.78e-02 -11.0 1.41e-01    -  1.00e+00 3.12e-02h  6
iter    objective    inf_pr   inf_du lg(mu)  ||d||  lg(rg) alpha_du alpha_pr  ls
1520  1.7994590e-03 9.34e-03 1.18e-01 -11.0 2.64e-02    -  1.00e+00 6.25e-02h  5
1521  1.7994156e-03 2.24e-03 4.67e-02 -11.0 4.87e-03    -  1.00e+00 1.00e+00h  1
1522  1.8076856e-03 1.79e-03 1.64e-01 -11.0 7.89e-03    -  1.00e+00 5.00e-01h  2
1523  1.7922832e-03 2.14e-02 5.89e-02 -11.0 4.02e-02    -  1.00e+00 5.00e-01h  2
1524  1.7966211e-03 2.36e-02 5.79e-02 -11.0 5.53e-01    -  1.00e+00 1.56e-02h  7
1525  1.7896327e-03 2.34e-02 7.79e-02 -11.0 6.16e-02    -  1.00e+00 1.25e-01h  4
1526  1.7835414e-03 2.21e-02 1.15e-01 -11.0 3.97e-02    -  1.00e+00 6.25e-02h  5
1527  1.7784731e-03 1.68e-02 1.57e-01 -11.0 1.22e-02    -  1.00e+00 2.50e-01h  3
1528  1.7789836e-03 1.10e-02 8.27e-02 -11.0 8.57e-03    -  1.00e+00 5.00e-01h  2
1529  1.7739477e-03 8.59e-03 7.84e-02 -11.0 9.83e-03    -  1.00e+00 2.50e-01h  3
iter    objective    inf_pr   inf_du lg(mu)  ||d||  lg(rg) alpha_du alpha_pr  ls
1530  1.7669231e-03 3.25e-02 5.82e-02 -11.0 2.37e-02    -  1.00e+00 1.00e+00h  1
1531  1.7642423e-03 3.23e-02 6.82e-02 -11.0 1.15e-01    -  1.00e+00 7.81e-03h  8
1532  1.7668614e-03 9.70e-03 3.14e-02 -11.0 1.02e-02    -  1.00e+00 1.00e+00h  1
1533  1.7639739e-03 9.87e-03 4.47e-02 -11.0 4.51e-02    -  1.00e+00 6.25e-02h  5
1534  1.7620587e-03 8.52e-03 3.45e-02 -11.0 1.84e-02    -  1.00e+00 2.50e-01h  3
1535  1.7608811e-03 1.58e-02 8.06e-02 -11.0 7.39e-01    -  1.00e+00 1.56e-02h  7
1536  1.7606180e-03 2.28e-02 8.79e-02 -11.0 2.23e+00    -  1.00e+00 3.91e-03h  9
1537  1.7595763e-03 2.30e-02 8.09e-02 -11.0 8.32e-02    -  1.00e+00 3.12e-02h  6
1538  1.7594927e-03 2.31e-02 1.38e-01 -11.0 7.92e-02    -  1.00e+00 1.56e-02h  7
1539  1.7604903e-03 1.53e-02 9.30e-02 -11.0 1.27e-02    -  1.00e+00 5.00e-01h  2
iter    objective    inf_pr   inf_du lg(mu)  ||d||  lg(rg) alpha_du alpha_pr  ls
1540  1.7584651e-03 1.54e-02 5.21e-02 -11.0 8.68e-02    -  1.00e+00 7.81e-03h  8
1541  1.7583947e-03 1.54e-02 4.98e-02 -11.0 4.50e-02    -  1.00e+00 6.25e-02h  5
1542  1.7567305e-03 1.72e-02 6.85e-02 -11.0 9.40e-01    -  1.00e+00 3.91e-03h  9
1543  1.9654757e-03 7.73e-03 1.54e-01 -11.0 6.44e-03    -  1.00e+00 1.00e+00w  1
1544  1.7571739e-03 2.76e-02 2.82e-02 -11.0 1.20e-02    -  1.00e+00 1.00e+00w  1
1545  1.9872657e-03 3.22e-01 9.81e-02 -11.0 4.95e-02    -  1.00e+00 1.00e+00w  1
1546  1.7573164e-03 1.51e-02 7.82e-02 -11.0 9.68e-02    -  1.00e+00 1.25e-01h  3
1547  1.7784942e-03 4.66e-03 6.62e-02 -11.0 1.36e-02    -  1.00e+00 1.00e+00H  1
1548  1.7651503e-03 5.07e-03 1.11e-01 -11.0 2.57e-03    -  1.00e+00 1.00e+00h  1
1549  1.7536683e-03 2.79e-04 1.62e-02 -11.0 1.06e-03    -  1.00e+00 1.00e+00h  1
iter    objective    inf_pr   inf_du lg(mu)  ||d||  lg(rg) alpha_du alpha_pr  ls
1550  1.7532293e-03 3.36e-05 1.17e-02 -11.0 1.75e-04    -  1.00e+00 1.00e+00h  1
1551  1.7525544e-03 1.58e-04 1.57e-02 -11.0 3.35e-04    -  1.00e+00 1.00e+00h  1
1552  1.7526682e-03 2.87e-06 3.00e-02 -11.0 6.16e-04    -  1.00e+00 1.00e+00H  1
1553  1.7518421e-03 2.81e-05 2.88e-03 -11.0 2.22e-04    -  1.00e+00 1.00e+00h  1
1554  1.7515619e-03 9.80e-06 1.00e-02 -11.0 2.80e-04    -  1.00e+00 1.00e+00h  1
1555  1.7510246e-03 2.21e-04 2.05e-02 -11.0 1.35e-03    -  1.00e+00 1.00e+00h  1
1556  1.7791684e-03 1.12e-06 1.34e-01 -11.0 9.17e-03    -  1.00e+00 1.00e+00H  1
1557  1.7585785e-03 4.58e-07 8.64e-02 -11.0 4.33e-03    -  1.00e+00 1.00e+00H  1
1558  1.7624772e-03 1.16e-07 9.73e-02 -11.0 3.42e-03    -  1.00e+00 1.00e+00H  1
1559  1.7494509e-03 5.22e-04 2.01e-02 -11.0 2.31e-03    -  1.00e+00 1.00e+00h  1
iter    objective    inf_pr   inf_du lg(mu)  ||d||  lg(rg) alpha_du alpha_pr  ls
1560  1.7487556e-03 7.59e-04 2.96e-02 -11.0 1.27e-03    -  1.00e+00 1.00e+00h  1
1561  1.7476115e-03 1.56e-04 5.14e-03 -11.0 7.25e-04    -  1.00e+00 1.00e+00h  1
1562  1.7468792e-03 4.32e-05 4.34e-03 -11.0 4.14e-04    -  1.00e+00 1.00e+00h  1
1563  1.7467361e-03 2.41e-06 1.47e-03 -11.0 1.66e-04    -  1.00e+00 1.00e+00h  1
1564  1.7535397e-03 5.73e-08 2.23e-02 -11.0 5.59e-03    -  1.00e+00 1.00e+00H  1
1565  1.7537713e-03 4.33e-09 2.69e-03 -11.0 4.65e-03    -  1.00e+00 1.00e+00H  1
1566  1.7533775e-03 4.65e-07 2.65e-03 -11.0 3.10e-03    -  1.00e+00 7.81e-03h  8
1567  1.7423523e-03 1.46e-03 2.01e-02 -11.0 2.55e-03    -  1.00e+00 1.00e+00h  1
1568  1.7431111e-03 3.00e-05 2.39e-02 -11.0 5.87e-04    -  1.00e+00 1.00e+00h  1
1569  1.7417710e-03 4.48e-05 4.13e-03 -11.0 6.78e-04    -  1.00e+00 1.00e+00h  1
iter    objective    inf_pr   inf_du lg(mu)  ||d||  lg(rg) alpha_du alpha_pr  ls
1570  1.7440641e-03 2.38e-05 7.40e-02 -11.0 3.57e-03    -  1.00e+00 1.00e+00H  1
1571  1.7408411e-03 6.04e-03 3.57e-02 -11.0 3.12e-02    -  1.00e+00 2.50e-01h  3
1572  1.7400425e-03 6.94e-03 3.49e-02 -11.0 1.97e-01    -  1.00e+00 1.56e-02h  7
1573  1.7392256e-03 7.12e-03 7.33e-02 -11.0 2.80e-02    -  1.00e+00 1.25e-01h  4
1574  1.7388899e-03 6.37e-03 8.18e-02 -11.0 8.61e-03    -  1.00e+00 1.25e-01h  4
1575  1.7367592e-03 3.79e-03 2.71e-02 -11.0 5.99e-03    -  1.00e+00 1.00e+00h  1
1576  1.7389397e-03 3.72e-03 1.77e-02 -11.0 3.35e-02    -  1.00e+00 6.25e-02h  5
1577  1.7361402e-03 4.50e-03 3.11e-02 -11.0 6.15e-03    -  1.00e+00 1.00e+00h  1
1578  1.7353430e-03 4.71e-03 4.70e-02 -11.0 6.55e-02    -  1.00e+00 3.12e-02h  6
1579  1.7374123e-03 2.40e-03 1.25e-02 -11.0 1.98e-03    -  1.00e+00 5.00e-01h  2
iter    objective    inf_pr   inf_du lg(mu)  ||d||  lg(rg) alpha_du alpha_pr  ls
1580  1.7333110e-03 3.83e-04 1.75e-02 -11.0 2.04e-03    -  1.00e+00 1.00e+00h  1
1581  1.7390266e-03 3.46e-04 3.57e-02 -11.0 2.89e-03    -  1.00e+00 5.00e-01h  2
1582  1.7327147e-03 3.52e-04 9.07e-03 -11.0 1.94e-03    -  1.00e+00 1.00e+00h  1
1583  1.7345576e-03 1.30e-04 5.69e-02 -11.0 4.80e-03    -  1.00e+00 1.00e+00H  1
1584  1.7325815e-03 4.23e-03 5.18e-02 -11.0 5.64e-02    -  1.00e+00 1.25e-01h  4
1585  1.7311166e-03 7.62e-03 3.20e-02 -11.0 8.25e-01    -  1.00e+00 7.81e-03h  8
1586  1.7287803e-03 9.75e-03 8.03e-02 -11.0 4.02e-01    -  1.00e+00 1.56e-02h  7
1587  1.7314225e-03 9.61e-03 1.05e-01 -11.0 9.29e-02    -  1.00e+00 3.12e-02h  6
1588  1.7319893e-03 2.99e-03 1.14e-02 -11.0 5.16e-03    -  1.00e+00 1.00e+00h  1
1589  1.7313967e-03 5.20e-03 6.26e-02 -11.0 4.07e-02    -  1.00e+00 1.25e-01h  4
iter    objective    inf_pr   inf_du lg(mu)  ||d||  lg(rg) alpha_du alpha_pr  ls
1590  1.7307032e-03 4.87e-03 6.48e-02 -11.0 9.86e-03    -  1.00e+00 6.25e-02h  5
1591  1.7287990e-03 4.66e-03 4.13e-02 -11.0 6.60e-03    -  1.00e+00 1.00e+00h  1
1592  1.7276990e-03 5.54e-03 3.11e-02 -11.0 2.07e-01    -  1.00e+00 1.56e-02h  7
1593  1.7277825e-03 5.96e-03 1.93e-02 -11.0 3.26e-02    -  1.00e+00 1.25e-01h  4
1594  1.7284034e-03 6.29e-03 3.30e-02 -11.0 2.51e-02    -  1.00e+00 1.25e-01h  4
1595  1.7259732e-03 8.31e-03 3.52e-02 -11.0 1.63e-02    -  1.00e+00 5.00e-01h  2
1596  1.7267272e-03 2.99e-02 4.75e-02 -11.0 3.93e-01    -  1.00e+00 6.25e-02h  5
1597  1.7241554e-03 3.35e-02 5.23e-02 -11.0 7.10e-01    -  1.00e+00 1.56e-02h  7
1598  1.7179880e-03 3.18e-02 6.93e-02 -11.0 2.49e-01    -  1.00e+00 3.12e-02h  6
1599  1.7157336e-03 3.12e-02 8.44e-02 -11.0 1.31e-01    -  1.00e+00 1.56e-02h  7
iter    objective    inf_pr   inf_du lg(mu)  ||d||  lg(rg) alpha_du alpha_pr  ls
1600  1.7147515e-03 2.64e-02 7.79e-02 -11.0 2.86e-02    -  1.00e+00 2.50e-01h  3
1601  1.7105533e-03 2.78e-02 7.15e-02 -11.0 2.59e-01    -  1.00e+00 3.12e-02h  6
1602  4.6829325e-02 1.05e+02 1.81e+01 -11.0 1.00e+00    -  1.00e+00 1.00e+00w  1
1603  9.9704170e-01 5.12e+01 1.22e+01 -11.0 3.10e-01    -  1.00e+00 1.00e+00w  1
1604  2.6756283e-01 2.57e+01 2.51e+02 -11.0 2.38e-01    -  1.00e+00 1.00e+00w  1
1605  1.7081870e-03 2.99e-02 8.42e-02 -11.0 2.98e-01    -  1.00e+00 7.81e-03h  7
1606  1.7264704e-03 1.29e-03 5.66e-02 -11.0 1.57e-03    -  1.00e+00 1.00e+00h  1
1607  1.7102008e-03 1.06e-03 3.75e-02 -11.0 4.95e-03    -  1.00e+00 1.00e+00h  1
1608  1.7082547e-03 1.01e-03 1.52e-02 -11.0 7.75e-03    -  1.00e+00 1.25e-01h  4
1609  1.7161287e-03 3.43e-05 1.24e-01 -11.0 5.06e-03    -  1.00e+00 1.00e+00H  1
iter    objective    inf_pr   inf_du lg(mu)  ||d||  lg(rg) alpha_du alpha_pr  ls
1610  1.7135121e-03 1.22e-04 1.52e-01 -11.0 2.99e-02    -  1.00e+00 3.12e-02h  6
1611  1.7073607e-03 3.38e-04 9.41e-02 -11.0 3.41e-03    -  1.00e+00 2.50e-01h  3
1612  1.7005424e-03 3.20e-04 2.47e-02 -11.0 1.89e-03    -  1.00e+00 1.00e+00h  1
1613  1.6996677e-03 9.81e-05 1.77e-02 -11.0 7.66e-04    -  1.00e+00 1.00e+00h  1
1614  1.6987659e-03 5.29e-05 1.85e-02 -11.0 6.56e-04    -  1.00e+00 1.00e+00h  1
1615  1.6979618e-03 1.39e-05 4.60e-03 -11.0 2.68e-04    -  1.00e+00 1.00e+00h  1
1616  1.6976296e-03 9.52e-06 2.08e-03 -11.0 3.21e-04    -  1.00e+00 1.00e+00h  1
1617  1.6949950e-03 9.71e-03 5.12e-02 -11.0 1.08e-02    -  1.00e+00 1.00e+00h  1
1618  1.6916307e-03 1.56e-02 6.63e-02 -11.0 5.57e-01    -  1.00e+00 1.56e-02h  7
1619  1.6892617e-03 1.82e-02 1.11e-01 -11.0 2.10e-01    -  1.00e+00 3.12e-02h  6
iter    objective    inf_pr   inf_du lg(mu)  ||d||  lg(rg) alpha_du alpha_pr  ls
1620  1.6883589e-03 2.26e-02 1.32e-01 -11.0 2.53e-01    -  1.00e+00 3.12e-02h  6
1621  1.6870586e-03 2.22e-02 1.04e-01 -11.0 6.65e-02    -  1.00e+00 3.12e-02h  6
1622  1.6852279e-03 1.98e-02 1.32e-01 -11.0 2.13e-02    -  1.00e+00 1.25e-01h  4
1623  1.6863921e-03 1.54e-02 1.10e-01 -11.0 1.38e-02    -  1.00e+00 2.50e-01h  3
1624  1.6827623e-03 1.54e-02 6.76e-02 -11.0 2.71e-02    -  1.00e+00 2.50e-01h  3
1625  1.6807296e-03 1.67e-02 2.91e-02 -11.0 1.23e-01    -  1.00e+00 3.12e-02h  6
1626  1.6852686e-03 1.52e-02 3.79e-02 -11.0 1.38e-02    -  1.00e+00 1.25e-01h  4
1627  1.6790032e-03 7.83e-04 1.28e-02 -11.0 2.76e-03    -  1.00e+00 1.00e+00h  1
1628  1.6890964e-03 2.13e-03 2.27e-02 -11.0 3.30e-03    -  1.00e+00 1.00e+00h  1
1629  1.6786673e-03 1.35e-03 1.53e-02 -11.0 1.29e-03    -  1.00e+00 1.00e+00h  1
iter    objective    inf_pr   inf_du lg(mu)  ||d||  lg(rg) alpha_du alpha_pr  ls
1630  1.6782850e-03 7.43e-04 1.60e-02 -11.0 8.24e-04    -  1.00e+00 1.00e+00h  1
1631  1.6770624e-03 1.38e-04 4.94e-03 -11.0 5.34e-04    -  1.00e+00 1.00e+00h  1
1632  1.6768849e-03 7.98e-06 2.73e-03 -11.0 1.41e-04    -  1.00e+00 1.00e+00h  1
1633  1.6766748e-03 1.93e-05 4.82e-03 -11.0 3.19e-04    -  1.00e+00 1.00e+00h  1
1634  1.6832267e-03 5.59e-07 7.71e-02 -11.0 5.78e-03    -  1.00e+00 1.00e+00H  1
1635  1.6831061e-03 1.76e-06 7.68e-02 -11.0 1.42e-02    -  1.00e+00 3.91e-03h  9
1636  1.6893067e-03 7.28e-07 5.11e-02 -11.0 2.32e-03    -  1.00e+00 1.00e+00H  1
1637  1.6746549e-03 7.91e-04 1.27e-02 -11.0 1.06e-03    -  1.00e+00 1.00e+00h  1
1638  1.6722505e-03 1.18e-03 1.32e-02 -11.0 1.92e-03    -  1.00e+00 1.00e+00h  1
1639  1.6715915e-03 2.78e-03 1.25e-02 -11.0 1.83e-02    -  1.00e+00 1.25e-01h  4
iter    objective    inf_pr   inf_du lg(mu)  ||d||  lg(rg) alpha_du alpha_pr  ls
1640  1.6715411e-03 4.93e-03 2.21e-02 -11.0 8.39e-02    -  1.00e+00 3.12e-02h  6
1641  1.6708257e-03 9.63e-03 2.88e-02 -11.0 6.43e-02    -  1.00e+00 6.25e-02h  5
1642  1.6702329e-03 1.47e-02 3.70e-02 -11.0 2.74e-01    -  1.00e+00 1.56e-02h  7
1643  1.6692736e-03 1.51e-02 3.31e-02 -11.0 1.25e-01    -  1.00e+00 1.56e-02h  7
1644  1.6685620e-03 1.38e-02 3.36e-02 -11.0 3.13e-02    -  1.00e+00 1.25e-01h  4
1645  1.6661269e-03 1.58e-02 3.39e-02 -11.0 8.35e-02    -  1.00e+00 6.25e-02h  5
1646  1.6649855e-03 1.70e-02 2.13e-02 -11.0 2.52e-01    -  1.00e+00 1.56e-02h  7
1647  1.6637599e-03 1.83e-02 2.01e-02 -11.0 5.71e-02    -  1.00e+00 6.25e-02h  5
1648  1.6621168e-03 1.92e-02 2.93e-02 -11.0 2.12e-01    -  1.00e+00 1.56e-02h  7
1649  5.4997450e-03 9.74e-01 5.00e-01 -11.0 8.03e-02    -  1.00e+00 1.00e+00w  1
iter    objective    inf_pr   inf_du lg(mu)  ||d||  lg(rg) alpha_du alpha_pr  ls
1650  3.4227206e-03 5.52e-01 3.63e-01 -11.0 5.56e-02    -  1.00e+00 1.00e+00w  1
1651  7.9879113e-03 1.60e+00 5.89e-01 -11.0 1.03e-01    -  1.00e+00 1.00e+00w  1
1652  1.6614813e-03 1.95e-02 3.24e-02 -11.0 1.52e-01    -  1.00e+00 3.12e-02h  5
1653  1.6596407e-03 1.90e-02 2.97e-02 -11.0 3.02e-02    -  1.00e+00 1.25e-01h  4
1654  1.6600398e-03 1.84e-02 2.34e-02 -11.0 3.03e-02    -  1.00e+00 3.12e-02h  6
1655  1.6617809e-03 1.56e-03 3.13e-02 -11.0 2.44e-03    -  1.00e+00 1.00e+00h  1
1656  1.6594824e-03 2.85e-03 3.19e-02 -11.0 2.00e-02    -  1.00e+00 1.25e-01h  4
1657  1.6599239e-03 2.55e-03 1.42e-02 -11.0 6.26e-03    -  1.00e+00 1.25e-01h  4
1658  1.6558401e-03 6.10e-04 5.91e-03 -11.0 2.00e-03    -  1.00e+00 1.00e+00h  1
1659  1.6626395e-03 4.68e-04 4.70e-02 -11.0 7.76e-03    -  1.00e+00 1.00e+00H  1
iter    objective    inf_pr   inf_du lg(mu)  ||d||  lg(rg) alpha_du alpha_pr  ls
1660  1.6611724e-03 5.09e-04 4.95e-02 -11.0 7.98e-02    -  1.00e+00 3.12e-02h  6
1661  1.6540622e-03 8.58e-02 4.25e-02 -11.0 7.10e-01    -  1.00e+00 3.12e-02h  6
1662  1.6508948e-03 8.45e-02 3.12e-02 -11.0 4.28e-02    -  1.00e+00 1.56e-02h  7
1663  1.6502274e-03 6.79e-03 1.93e-02 -11.0 5.75e-03    -  1.00e+00 1.00e+00h  1
1664  1.6486687e-03 6.57e-03 4.00e-02 -11.0 2.17e-02    -  1.00e+00 6.25e-02h  5
1665  1.6508744e-03 1.73e-03 2.59e-02 -11.0 6.94e-03    -  1.00e+00 1.00e+00H  1
1666  1.6476626e-03 3.57e-03 1.73e-02 -11.0 4.79e-02    -  1.00e+00 1.25e-01h  4
1667  1.6420287e-03 1.28e-02 3.14e-02 -11.0 1.27e-01    -  1.00e+00 6.25e-02h  5
1668  1.6384130e-03 1.58e-02 2.33e-02 -11.0 1.39e-01    -  1.00e+00 3.12e-02h  6
1669  1.6370805e-03 1.56e-02 3.98e-02 -11.0 4.12e-02    -  1.00e+00 6.25e-02h  5
iter    objective    inf_pr   inf_du lg(mu)  ||d||  lg(rg) alpha_du alpha_pr  ls
1670  1.6366935e-03 2.61e-02 3.38e-02 -11.0 3.62e-02    -  1.00e+00 2.50e-01h  3
1671  1.6346899e-03 2.53e-02 3.52e-02 -11.0 2.40e-02    -  1.00e+00 3.12e-02h  6
1672  1.6313863e-03 1.45e-02 3.06e-02 -11.0 8.56e-03    -  1.00e+00 1.00e+00h  1
1673  1.6301809e-03 1.44e-02 1.83e-02 -11.0 3.84e-02    -  1.00e+00 3.12e-02h  6
1674  1.6380728e-03 1.58e-03 2.20e-02 -11.0 3.54e-03    -  1.00e+00 1.00e+00h  1
1675  1.6403960e-03 7.27e-04 1.35e-02 -11.0 6.68e-03    -  1.00e+00 1.00e+00H  1
1676  1.6337419e-03 3.74e-03 3.28e-02 -11.0 4.28e-02    -  1.00e+00 1.25e-01h  4
1677  1.6343433e-03 3.81e-03 3.12e-02 -11.0 1.12e-02    -  1.00e+00 1.25e-01h  4
1678  1.6272967e-03 1.32e-03 1.91e-02 -11.0 2.82e-03    -  1.00e+00 1.00e+00h  1
1679  1.6639560e-03 7.65e-05 1.33e-01 -11.0 2.94e-03    -  1.00e+00 1.00e+00H  1
iter    objective    inf_pr   inf_du lg(mu)  ||d||  lg(rg) alpha_du alpha_pr  ls
1680  1.6257833e-03 4.39e-03 2.76e-03 -11.0 2.54e-03    -  1.00e+00 1.00e+00h  1
1681  1.6256575e-03 2.78e-05 1.93e-03 -11.0 5.41e-04    -  1.00e+00 1.00e+00h  1
1682  1.6246220e-03 1.11e-02 2.71e-02 -11.0 7.18e-02    -  1.00e+00 1.25e-01h  4
1683  1.6218649e-03 7.01e-02 8.02e-02 -11.0 1.26e+00    -  1.00e+00 1.56e-02h  7
1684  1.6192825e-03 9.73e-02 1.05e-01 -11.0 3.37e+00    -  1.00e+00 3.91e-03h  9
1685  1.6191083e-03 1.06e-01 1.10e-01 -11.0 9.51e-01    -  1.00e+00 7.81e-03h  8
1686  1.6181706e-03 1.06e-01 1.03e-01 -11.0 1.92e-01    -  1.00e+00 3.12e-02h  6
1687  1.6171177e-03 1.14e-01 8.39e-02 -11.0 3.81e-01    -  1.00e+00 3.12e-02h  6
1688  1.6132258e-03 1.21e-01 5.58e-02 -11.0 6.52e-01    -  1.00e+00 1.56e-02h  7
1689  1.6083892e-03 1.33e-01 8.80e-02 -11.0 1.47e+00    -  1.00e+00 7.81e-03h  8
iter    objective    inf_pr   inf_du lg(mu)  ||d||  lg(rg) alpha_du alpha_pr  ls
1690  1.6070298e-03 1.37e-01 9.89e-02 -11.0 9.40e-01    -  1.00e+00 7.81e-03h  8
1691  1.6046127e-03 1.36e-01 1.03e-01 -11.0 1.11e-01    -  1.00e+00 3.12e-02h  6
1692  1.6179113e-03 3.96e-02 9.14e-02 -11.0 1.79e-02    -  1.00e+00 1.00e+00h  1
1693  1.6157572e-03 3.99e-02 1.03e-01 -11.0 1.55e-01    -  1.00e+00 1.56e-02h  7
1694  1.6145890e-03 3.51e-02 8.26e-02 -11.0 1.42e-02    -  1.00e+00 1.25e-01h  4
1695  1.6058794e-03 8.05e-03 1.55e-02 -11.0 8.19e-03    -  1.00e+00 1.00e+00h  1
1696  1.6198856e-03 7.59e-03 3.81e-02 -11.0 1.21e-02    -  1.00e+00 1.25e-01h  4
1697  1.5983489e-03 7.99e-04 9.97e-03 -11.0 1.98e-03    -  1.00e+00 1.00e+00h  1
1698  1.5980751e-03 1.88e-05 5.66e-03 -11.0 3.64e-04    -  1.00e+00 1.00e+00h  1
1699  1.5977290e-03 1.37e-05 6.55e-03 -11.0 2.44e-04    -  1.00e+00 1.00e+00h  1
iter    objective    inf_pr   inf_du lg(mu)  ||d||  lg(rg) alpha_du alpha_pr  ls
1700  1.5975636e-03 2.35e-04 1.09e-02 -11.0 7.81e-04    -  1.00e+00 1.00e+00h  1
1701  1.5970426e-03 2.91e-04 1.88e-02 -11.0 1.87e-03    -  1.00e+00 1.00e+00h  1
1702  1.6286921e-03 7.08e-06 6.72e-02 -11.0 5.24e-03    -  1.00e+00 1.00e+00H  1
1703  1.5979662e-03 1.46e-06 9.70e-03 -11.0 3.89e-03    -  1.00e+00 1.00e+00H  1
1704  1.6234598e-03 6.78e-07 2.85e-02 -11.0 2.78e-03    -  1.00e+00 1.00e+00H  1
1705  1.5948988e-03 6.48e-04 5.26e-03 -11.0 2.28e-03    -  1.00e+00 1.00e+00h  1
1706  1.5953031e-03 3.19e-04 1.93e-02 -11.0 5.11e-04    -  1.00e+00 1.00e+00h  1
1707  1.5943214e-03 5.27e-05 3.17e-03 -11.0 2.97e-04    -  1.00e+00 1.00e+00h  1
1708  1.5941728e-03 8.52e-06 8.35e-04 -11.0 1.26e-04    -  1.00e+00 1.00e+00h  1
1709  1.5935563e-03 1.98e-04 7.47e-03 -11.0 1.15e-03    -  1.00e+00 1.00e+00h  1
iter    objective    inf_pr   inf_du lg(mu)  ||d||  lg(rg) alpha_du alpha_pr  ls
1710  1.5934764e-03 1.11e-03 3.44e-02 -11.0 1.82e-02    -  1.00e+00 1.25e-01h  4
1711  1.5931426e-03 1.12e-03 2.47e-02 -11.0 1.17e-02    -  1.00e+00 6.25e-02h  5
1712  1.5984529e-03 1.54e-06 4.13e-02 -11.0 5.88e-03    -  1.00e+00 1.00e+00H  1
1713  1.5983388e-03 1.84e-06 4.15e-02 -11.0 2.96e-02    -  1.00e+00 1.95e-03h 10
1714  1.5982021e-03 2.03e-06 4.08e-02 -11.0 2.27e-02    -  1.00e+00 1.95e-03h 10
1715  1.5928578e-03 3.29e-03 4.91e-02 -11.0 3.26e-02    -  1.00e+00 1.25e-01h  4
1716  1.5911423e-03 3.83e-03 1.21e-02 -11.0 1.09e-02    -  1.00e+00 2.50e-01h  3
1717  1.5894278e-03 1.51e-02 3.69e-02 -11.0 1.70e-02    -  1.00e+00 5.00e-01h  2
1718  1.5903010e-03 1.37e-02 3.04e-02 -11.0 1.67e-02    -  1.00e+00 1.25e-01h  4
1719  1.5870841e-03 1.20e-02 3.31e-02 -11.0 1.26e-02    -  1.00e+00 5.00e-01h  2
iter    objective    inf_pr   inf_du lg(mu)  ||d||  lg(rg) alpha_du alpha_pr  ls
1720  1.5847345e-03 1.14e-02 3.17e-02 -11.0 2.49e-02    -  1.00e+00 6.25e-02h  5
1721  1.5875403e-03 5.88e-03 5.80e-02 -11.0 3.28e-03    -  1.00e+00 5.00e-01h  2
1722  1.5809171e-03 2.53e-04 1.76e-02 -11.0 1.35e-03    -  1.00e+00 1.00e+00h  1
1723  1.5816264e-03 2.66e-04 1.71e-02 -11.0 1.67e-03    -  1.00e+00 1.00e+00h  1
1724  1.5875586e-03 1.90e-05 3.36e-02 -11.0 4.18e-03    -  1.00e+00 1.00e+00H  1
1725  1.5860098e-03 3.16e-05 2.89e-02 -11.0 1.23e-02    -  1.00e+00 6.25e-02h  5
1726  1.5835856e-03 1.49e-04 3.21e-02 -11.0 1.77e-02    -  1.00e+00 6.25e-02h  5
1727  1.5913479e-03 2.38e-05 1.08e-01 -11.0 1.84e-03    -  1.00e+00 1.00e+00H  1
1728  1.5795441e-03 1.03e-03 2.01e-02 -11.0 1.66e-03    -  1.00e+00 1.00e+00h  1
1729  1.5808952e-03 1.34e-04 1.68e-02 -11.0 1.04e-03    -  1.00e+00 1.00e+00h  1
iter    objective    inf_pr   inf_du lg(mu)  ||d||  lg(rg) alpha_du alpha_pr  ls
1730  1.5787407e-03 6.89e-05 9.42e-03 -11.0 5.12e-04    -  1.00e+00 1.00e+00h  1
1731  1.5786182e-03 2.71e-05 9.37e-03 -11.0 2.37e-04    -  1.00e+00 1.00e+00h  1
1732  1.5785172e-03 2.06e-06 2.05e-03 -11.0 8.61e-05    -  1.00e+00 1.00e+00h  1
1733  1.5784204e-03 1.04e-05 1.09e-03 -11.0 1.56e-04    -  1.00e+00 1.00e+00h  1
1734  1.5783225e-03 3.57e-04 1.38e-02 -11.0 1.03e-03    -  1.00e+00 1.00e+00h  1
1735  1.5881146e-03 1.76e-07 7.04e-02 -11.0 3.01e-03    -  1.00e+00 1.00e+00H  1
1736  1.5791077e-03 2.63e-06 1.13e-02 -11.0 1.82e-03    -  1.00e+00 1.00e+00H  1
1737  1.5887614e-03 6.22e-08 1.70e-03 -11.0 1.98e-03    -  1.00e+00 1.00e+00H  1
1738  1.5771271e-03 1.52e-03 1.13e-02 -11.0 1.82e-03    -  1.00e+00 1.00e+00h  1
1739  1.5772377e-03 8.97e-04 8.76e-03 -11.0 1.30e-03    -  1.00e+00 5.00e-01h  2
iter    objective    inf_pr   inf_du lg(mu)  ||d||  lg(rg) alpha_du alpha_pr  ls
1740  1.5768681e-03 6.79e-05 9.38e-03 -11.0 9.06e-04    -  1.00e+00 1.00e+00h  1
1741  1.5857162e-03 3.48e-08 2.63e-03 -11.0 2.38e-03    -  1.00e+00 1.00e+00H  1
1742  1.5767432e-03 3.45e-04 6.07e-03 -11.0 1.55e-03    -  1.00e+00 1.00e+00h  1
1743  1.5759553e-03 1.76e-04 1.21e-02 -11.0 9.16e-04    -  1.00e+00 5.00e-01h  2
1744  1.5756511e-03 3.63e-05 7.46e-03 -11.0 5.92e-04    -  1.00e+00 1.00e+00h  1
1745  1.5755550e-03 1.18e-04 9.25e-03 -11.0 6.76e-03    -  1.00e+00 1.25e-01h  4
1746  1.5755380e-03 1.73e-03 1.12e-02 -11.0 1.34e-02    -  1.00e+00 2.50e-01h  3
1747  1.5751932e-03 3.18e-03 1.71e-02 -11.0 5.90e-02    -  1.00e+00 6.25e-02h  5
1748  1.5748271e-03 3.57e-03 2.31e-02 -11.0 7.29e-02    -  1.00e+00 3.12e-02h  6
1749  1.5746539e-03 3.48e-03 2.41e-02 -11.0 1.93e-02    -  1.00e+00 3.12e-02h  6
iter    objective    inf_pr   inf_du lg(mu)  ||d||  lg(rg) alpha_du alpha_pr  ls
1750  1.5748717e-03 1.96e-03 1.17e-02 -11.0 1.41e-03    -  1.00e+00 5.00e-01h  2
1751  1.5738571e-03 1.19e-03 1.67e-02 -11.0 3.27e-03    -  1.00e+00 1.00e+00h  1
1752  1.5736855e-03 1.19e-03 1.12e-02 -11.0 1.72e-02    -  1.00e+00 3.12e-02h  6
1753  1.5757832e-03 1.97e-05 3.65e-02 -11.0 3.64e-03    -  1.00e+00 1.00e+00H  1
1754  1.5752119e-03 4.11e-04 2.94e-02 -11.0 2.97e-02    -  1.00e+00 6.25e-02h  5
1755  1.5746969e-03 9.26e-04 2.45e-02 -11.0 1.33e-01    -  1.00e+00 1.56e-02h  7
1756  1.5742880e-03 1.02e-03 2.57e-02 -11.0 1.40e-01    -  1.00e+00 7.81e-03h  8
1757  1.5733900e-03 1.48e-03 1.16e-02 -11.0 1.63e-01    -  1.00e+00 1.56e-02h  7
1758  1.5732599e-03 1.57e-03 2.16e-02 -11.0 4.76e-02    -  1.00e+00 3.12e-02h  6
1759  1.5728487e-03 1.55e-03 2.29e-02 -11.0 9.94e-03    -  1.00e+00 1.25e-01h  4
iter    objective    inf_pr   inf_du lg(mu)  ||d||  lg(rg) alpha_du alpha_pr  ls
1760  1.5726230e-03 5.60e-03 2.04e-02 -11.0 9.41e-02    -  1.00e+00 6.25e-02h  5
1761  1.5722412e-03 5.67e-03 3.34e-02 -11.0 3.26e-01    -  1.00e+00 3.91e-03h  9
1762  1.5717007e-03 5.82e-03 4.24e-02 -11.0 5.14e-02    -  1.00e+00 6.25e-02h  5
1763  1.5716863e-03 9.30e-03 6.33e-02 -11.0 2.84e-01    -  1.00e+00 3.12e-02h  6
1764  2.1397062e-02 1.35e+01 3.18e+00 -11.0 3.02e-01    -  1.00e+00 1.00e+00w  1
1765  4.3131056e-02 1.71e+01 6.73e+00 -11.0 1.72e-01    -  1.00e+00 1.00e+00w  1
1766  6.0234361e-02 6.26e+00 8.27e-01 -11.0 1.75e-01    -  1.00e+00 1.00e+00w  1
1767  1.5706862e-03 9.32e-03 7.06e-02 -11.0 1.21e-01    -  1.00e+00 7.81e-03h  7
1768  1.5744011e-03 1.76e-03 3.01e-02 -11.0 1.37e-03    -  1.00e+00 1.00e+00h  1
1769  1.5740268e-03 7.65e-04 3.06e-02 -11.0 5.18e-03    -  1.00e+00 5.00e-01h  2
iter    objective    inf_pr   inf_du lg(mu)  ||d||  lg(rg) alpha_du alpha_pr  ls
1770  1.5728880e-03 2.42e-03 2.62e-02 -11.0 1.32e-02    -  1.00e+00 2.50e-01h  3
1771  1.5721455e-03 2.40e-03 1.85e-02 -11.0 1.20e-02    -  1.00e+00 6.25e-02h  5
1772  1.5734174e-03 1.24e-03 6.38e-02 -11.0 1.30e-03    -  1.00e+00 1.00e+00h  1
1773  1.5683918e-03 1.86e-03 6.48e-03 -11.0 1.07e-03    -  1.00e+00 1.00e+00h  1
1774  1.5705092e-03 4.81e-04 2.68e-02 -11.0 7.03e-04    -  1.00e+00 1.00e+00h  1
1775  1.5681136e-03 3.09e-04 1.53e-03 -11.0 5.73e-04    -  1.00e+00 1.00e+00h  1
1776  1.5680050e-03 1.40e-06 9.92e-04 -11.0 9.47e-05    -  1.00e+00 1.00e+00h  1
1777  1.5704239e-03 1.10e-06 3.86e-02 -11.0 3.44e-03    -  1.00e+00 1.00e+00H  1
1778  1.6020301e-03 1.15e-08 3.65e-03 -11.0 2.84e-03    -  1.00e+00 1.00e+00H  1
1779  1.5676094e-03 2.15e-03 2.68e-02 -11.0 4.22e-03    -  1.00e+00 1.00e+00h  1
iter    objective    inf_pr   inf_du lg(mu)  ||d||  lg(rg) alpha_du alpha_pr  ls
1780  1.5673803e-03 1.62e-03 2.87e-02 -11.0 1.74e-03    -  1.00e+00 2.50e-01h  3
1781  1.5671458e-03 8.42e-05 1.24e-02 -11.0 8.06e-04    -  1.00e+00 1.00e+00h  1
1782  1.5670413e-03 8.52e-05 1.94e-02 -11.0 3.28e-03    -  1.00e+00 6.25e-02h  5
1783  1.5664065e-03 2.62e-05 2.89e-03 -11.0 6.14e-04    -  1.00e+00 1.00e+00h  1
1784  1.5661241e-03 4.78e-04 4.28e-03 -11.0 1.99e-02    -  1.00e+00 1.25e-01h  4
1785  1.5659208e-03 5.41e-04 6.31e-03 -11.0 1.62e-02    -  1.00e+00 6.25e-02h  5
1786  1.5801018e-03 4.71e-07 3.17e-02 -11.0 9.89e-03    -  1.00e+00 1.00e+00H  1
1787  1.5800181e-03 4.71e-07 3.17e-02 -11.0 2.20e-02    -  1.00e+00 1.95e-03h 10
1788  1.5799834e-03 4.87e-07 3.18e-02 -11.0 5.04e-02    -  1.00e+00 2.44e-04h 13
1789  1.5799334e-03 4.97e-07 3.18e-02 -11.0 2.78e-02    -  1.00e+00 2.44e-04h 13
iter    objective    inf_pr   inf_du lg(mu)  ||d||  lg(rg) alpha_du alpha_pr  ls
1790  1.5798677e-03 5.05e-07 3.17e-02 -11.0 5.13e-03    -  1.00e+00 1.95e-03h 10
1791  1.5747545e-03 1.40e-03 2.66e-02 -11.0 2.46e-02    -  1.00e+00 1.25e-01h  4
1792  1.5693991e-03 7.24e-04 2.08e-02 -11.0 2.19e-03    -  1.00e+00 5.00e-01h  2
1793  1.5650877e-03 1.57e-03 1.97e-02 -11.0 1.08e-03    -  1.00e+00 1.00e+00h  1
1794  1.5631836e-03 8.66e-05 1.06e-02 -11.0 4.82e-04    -  1.00e+00 1.00e+00h  1
1795  1.5631257e-03 3.17e-06 3.32e-03 -11.0 1.15e-04    -  1.00e+00 1.00e+00h  1
1796  1.5628008e-03 4.90e-05 9.18e-03 -11.0 7.29e-04    -  1.00e+00 1.00e+00h  1
1797  1.5624099e-03 8.55e-04 1.70e-02 -11.0 2.26e-02    -  1.00e+00 1.25e-01h  4
1798  1.5622932e-03 8.00e-04 2.24e-02 -11.0 6.59e-03    -  1.00e+00 1.25e-01h  4
1799  1.5622687e-03 5.00e-04 1.22e-02 -11.0 1.96e-03    -  1.00e+00 5.00e-01h  2
iter    objective    inf_pr   inf_du lg(mu)  ||d||  lg(rg) alpha_du alpha_pr  ls
1800  1.5622012e-03 2.67e-04 1.29e-02 -11.0 9.19e-04    -  1.00e+00 5.00e-01h  2
1801  1.5616925e-03 8.69e-05 3.24e-03 -11.0 7.68e-04    -  1.00e+00 1.00e+00h  1
1802  1.5626589e-03 9.24e-07 2.04e-02 -11.0 5.43e-04    -  1.00e+00 1.00e+00H  1
1803  1.5616146e-03 9.19e-05 6.06e-04 -11.0 5.52e-04    -  1.00e+00 1.00e+00h  1
1804  1.5615563e-03 2.14e-06 2.04e-03 -11.0 1.37e-04    -  1.00e+00 1.00e+00h  1
1805  1.5630722e-03 4.49e-07 4.93e-02 -11.0 5.24e-03    -  1.00e+00 1.00e+00H  1
1806  1.5630227e-03 3.20e-07 4.97e-02 -11.0 4.30e-02    -  1.00e+00 1.95e-03h 10
1807  1.5819348e-03 1.45e-07 3.55e-02 -11.0 3.70e-03    -  1.00e+00 1.00e+00H  1
1808  1.5683742e-03 1.93e-07 4.14e-02 -11.0 3.58e-03    -  1.00e+00 1.00e+00H  1
1809  1.5682854e-03 1.91e-07 4.12e-02 -11.0 6.11e-03    -  1.00e+00 1.95e-03h 10
iter    objective    inf_pr   inf_du lg(mu)  ||d||  lg(rg) alpha_du alpha_pr  ls
1810  1.5681922e-03 2.41e-07 4.09e-02 -11.0 6.98e-03    -  1.00e+00 3.91e-03h  9
1811  1.5681811e-03 2.41e-07 4.09e-02 -11.0 1.50e-02    -  1.00e+00 1.22e-04h 14
1812  1.5681725e-03 2.41e-07 4.08e-02 -11.0 8.66e-03    -  1.00e+00 2.44e-04h 13
1813  1.5643036e-03 4.57e-04 1.98e-02 -11.0 1.85e-02    -  1.00e+00 1.25e-01h  4
1814  1.5641109e-03 1.17e-03 2.62e-02 -11.0 1.20e-02    -  1.00e+00 2.50e-01h  3
1815  1.5628224e-03 1.03e-03 2.33e-02 -11.0 3.55e-03    -  1.00e+00 1.25e-01h  4
1816  1.5596884e-03 1.12e-03 9.21e-03 -11.0 3.65e-03    -  1.00e+00 1.00e+00h  1
1817  1.5597190e-03 1.07e-03 1.35e-02 -11.0 1.43e-02    -  1.00e+00 6.25e-02h  5
1818  1.5635789e-03 8.39e-04 4.25e-02 -11.0 5.12e-03    -  1.00e+00 5.00e-01h  2
1819  1.5616177e-03 4.98e-04 3.50e-02 -11.0 2.51e-03    -  1.00e+00 1.00e+00h  1
iter    objective    inf_pr   inf_du lg(mu)  ||d||  lg(rg) alpha_du alpha_pr  ls
1820  1.5628450e-03 2.37e-03 6.94e-02 -11.0 2.16e-03    -  1.00e+00 5.00e-01h  2
1821  1.5586798e-03 5.80e-04 1.16e-02 -11.0 1.09e-03    -  1.00e+00 1.00e+00h  1
1822  1.5586491e-03 3.36e-04 1.47e-02 -11.0 7.32e-04    -  1.00e+00 1.00e+00h  1
1823  1.5580941e-03 8.56e-05 1.77e-03 -11.0 3.38e-04    -  1.00e+00 1.00e+00h  1
1824  1.5580490e-03 2.56e-06 9.41e-04 -11.0 1.65e-04    -  1.00e+00 1.00e+00h  1
1825  1.5578098e-03 1.83e-04 3.36e-03 -11.0 1.24e-02    -  1.00e+00 1.25e-01h  4
1826  1.5577859e-03 3.05e-04 1.41e-02 -11.0 4.63e-02    -  1.00e+00 3.12e-02h  6
1827  1.5576664e-03 8.31e-04 2.96e-02 -11.0 2.38e-02    -  1.00e+00 1.25e-01h  4
1828  1.5575067e-03 8.64e-04 3.96e-02 -11.0 7.51e-02    -  1.00e+00 1.56e-02h  7
1829  1.5573382e-03 9.64e-04 5.55e-02 -11.0 2.64e-02    -  1.00e+00 1.25e-01h  4
iter    objective    inf_pr   inf_du lg(mu)  ||d||  lg(rg) alpha_du alpha_pr  ls
1830  1.5566624e-03 2.18e-03 7.25e-02 -11.0 3.45e-01    -  1.00e+00 1.56e-02h  7
1831  1.5567934e-03 2.13e-03 6.25e-02 -11.0 1.37e-01    -  1.00e+00 1.56e-02h  7
1832  1.5562161e-03 2.04e-03 5.56e-02 -11.0 1.26e-02    -  1.00e+00 6.25e-02h  5
1833  1.5603941e-03 1.50e-06 2.70e-02 -11.0 3.62e-03    -  1.00e+00 1.00e+00H  1
1834  1.5569697e-03 1.80e-03 2.51e-02 -11.0 2.13e-02    -  1.00e+00 2.50e-01h  3
1835  1.5551879e-03 4.44e-03 2.06e-02 -11.0 2.40e-01    -  1.00e+00 3.12e-02h  6
1836  1.5529986e-03 9.60e-03 3.09e-02 -11.0 3.19e-01    -  1.00e+00 3.12e-02h  6
1837  1.5518334e-03 9.81e-03 4.08e-02 -11.0 2.81e-01    -  1.00e+00 7.81e-03h  8
1838  1.5522684e-03 8.51e-03 4.88e-02 -11.0 5.00e-02    -  1.00e+00 1.25e-01h  4
1839  1.5505247e-03 8.19e-03 4.97e-02 -11.0 8.87e-02    -  1.00e+00 3.12e-02h  6
iter    objective    inf_pr   inf_du lg(mu)  ||d||  lg(rg) alpha_du alpha_pr  ls
1840  1.5489560e-03 9.97e-03 5.06e-02 -11.0 1.59e-01    -  1.00e+00 6.25e-02h  5
1841  1.5485819e-03 1.40e-02 5.49e-02 -11.0 1.69e+00    -  1.00e+00 7.81e-03h  8
1842  1.5467373e-03 1.44e-02 3.75e-02 -11.0 1.97e+00    -  1.00e+00 1.95e-03h 10
1843  1.5453331e-03 1.41e-02 3.38e-02 -11.0 2.48e-02    -  1.00e+00 6.25e-02h  5
1844  1.6094533e-03 1.26e-02 1.32e-01 -11.0 2.19e-02    -  1.00e+00 1.00e+00w  1
1845  6.1792535e-03 6.18e-01 1.01e+00 -11.0 9.08e-02    -  1.00e+00 1.00e+00w  1
1846  1.2478932e-02 8.24e-01 8.98e-01 -11.0 6.94e-02    -  1.00e+00 1.00e+00w  1
1847  1.5548781e-03 7.84e-03 5.17e-02 -11.0 1.19e+00    -  1.00e+00 5.00e-01h  1
1848  1.5532721e-03 7.82e-03 3.46e-02 -11.0 1.38e-01    -  1.00e+00 1.56e-02h  7
1849  1.5488785e-03 4.09e-03 4.13e-02 -11.0 2.83e-03    -  1.00e+00 5.00e-01h  2
iter    objective    inf_pr   inf_du lg(mu)  ||d||  lg(rg) alpha_du alpha_pr  ls
1850  1.5423284e-03 6.94e-04 2.68e-02 -11.0 2.89e-03    -  1.00e+00 1.00e+00h  1
1851  1.5434526e-03 1.03e-05 2.08e-02 -11.0 3.70e-03    -  1.00e+00 1.00e+00H  1
1852  1.5876548e-03 1.81e-07 6.98e-02 -11.0 6.17e-03    -  1.00e+00 1.00e+00H  1
1853  1.5421357e-03 8.59e-04 5.44e-02 -11.0 4.10e-03    -  1.00e+00 1.00e+00h  1
1854  1.5653976e-03 2.28e-07 1.34e-01 -11.0 2.28e-03    -  1.00e+00 1.00e+00H  1
1855  1.5367383e-03 1.15e-03 1.02e-02 -11.0 2.40e-03    -  1.00e+00 1.00e+00h  1
1856  1.5366089e-03 2.09e-05 8.36e-03 -11.0 5.41e-04    -  1.00e+00 1.00e+00h  1
1857  1.5358848e-03 1.19e-04 2.23e-02 -11.0 2.02e-03    -  1.00e+00 1.00e+00h  1
1858  1.5354354e-03 2.70e-03 3.24e-02 -11.0 6.45e-02    -  1.00e+00 1.25e-01h  4
1859  1.5353571e-03 3.26e-03 3.31e-02 -11.0 1.09e-01    -  1.00e+00 3.12e-02h  6
iter    objective    inf_pr   inf_du lg(mu)  ||d||  lg(rg) alpha_du alpha_pr  ls
1860  1.5348912e-03 3.38e-03 3.92e-02 -11.0 3.98e-02    -  1.00e+00 6.25e-02h  5
1861  1.5325671e-03 4.41e-03 5.09e-02 -11.0 2.35e-02    -  1.00e+00 2.50e-01h  3
1862  1.5309010e-03 5.56e-03 6.55e-02 -11.0 1.69e-01    -  1.00e+00 3.12e-02h  6
1863  1.5247059e-03 1.96e-02 1.36e-01 -11.0 5.93e-01    -  1.00e+00 3.12e-02h  6
1864  1.5240124e-03 2.40e-02 1.79e-01 -11.0 2.64e+00    -  1.00e+00 3.91e-03h  9
1865  1.5234177e-03 2.37e-02 1.79e-01 -11.0 5.10e-02    -  1.00e+00 1.56e-02h  7
1866  1.5263981e-03 9.35e-04 3.44e-02 -11.0 1.52e-03    -  1.00e+00 1.00e+00h  1
1867  1.5219061e-03 1.52e-03 3.00e-02 -11.0 6.40e-03    -  1.00e+00 1.00e+00h  1
1868  1.5227210e-03 1.43e-03 4.01e-02 -11.0 3.53e-02    -  1.00e+00 6.25e-02h  5
1869  1.5217234e-03 1.12e-03 1.78e-02 -11.0 1.57e-02    -  1.00e+00 1.00e+00H  1
iter    objective    inf_pr   inf_du lg(mu)  ||d||  lg(rg) alpha_du alpha_pr  ls
1870  1.5201527e-03 7.52e-04 3.94e-02 -11.0 7.23e-01    -  1.00e+00 7.81e-03h  8
1871  1.5189713e-03 1.32e-03 5.35e-02 -11.0 2.75e-01    -  1.00e+00 1.56e-02h  7
1872  1.5184328e-03 2.71e-03 4.09e-02 -11.0 3.98e-01    -  1.00e+00 1.56e-02h  7
1873  1.5175618e-03 2.67e-03 2.79e-02 -11.0 7.67e-02    -  1.00e+00 3.12e-02h  6
1874  1.5152674e-03 2.21e-03 2.84e-02 -11.0 3.01e-02    -  1.00e+00 2.50e-01h  3
1875  1.5143667e-03 5.67e-03 2.86e-02 -11.0 1.48e-01    -  1.00e+00 6.25e-02h  5
1876  1.5135504e-03 5.60e-03 3.70e-02 -11.0 8.07e-02    -  1.00e+00 1.56e-02h  7
1877  1.5139817e-03 1.05e-03 3.41e-02 -11.0 2.69e-03    -  1.00e+00 1.00e+00h  1
1878  1.5477320e-03 1.40e-06 1.78e-01 -11.0 1.08e-02    -  1.00e+00 1.00e+00H  1
1879  1.5470270e-03 1.56e-06 1.77e-01 -11.0 2.41e-02    -  1.00e+00 7.81e-03h  8
iter    objective    inf_pr   inf_du lg(mu)  ||d||  lg(rg) alpha_du alpha_pr  ls
1880  1.5292101e-03 2.85e-04 1.40e-01 -11.0 1.82e-02    -  1.00e+00 1.25e-01h  4
1881  1.5230880e-03 2.88e-04 1.03e-01 -11.0 1.38e-02    -  1.00e+00 6.25e-02h  5
1882  1.5122516e-03 1.34e-03 3.25e-02 -11.0 6.68e-03    -  1.00e+00 1.00e+00h  1
1883  1.5121084e-03 1.26e-03 1.22e-02 -11.0 8.74e-03    -  1.00e+00 1.25e-01h  4
1884  1.5088012e-03 3.76e-04 7.28e-03 -11.0 2.11e-03    -  1.00e+00 1.00e+00h  1
1885  1.5212814e-03 5.44e-06 2.46e-02 -11.0 1.70e-03    -  1.00e+00 1.00e+00H  1
1886  1.5085310e-03 8.89e-04 1.17e-03 -11.0 1.31e-03    -  1.00e+00 1.00e+00h  1
1887  1.5083939e-03 1.76e-06 2.24e-03 -11.0 2.08e-04    -  1.00e+00 1.00e+00h  1
1888  1.5054709e-03 3.62e-03 2.37e-02 -11.0 4.33e-02    -  1.00e+00 2.50e-01h  3
1889  1.5043862e-03 3.98e-03 3.65e-02 -11.0 1.97e+00    -  1.00e+00 1.95e-03h 10
iter    objective    inf_pr   inf_du lg(mu)  ||d||  lg(rg) alpha_du alpha_pr  ls
1890  1.5037924e-03 4.01e-03 3.73e-02 -11.0 1.38e-01    -  1.00e+00 1.56e-02h  7
1891  1.5048454e-03 3.91e-03 4.42e-02 -11.0 3.82e-02    -  1.00e+00 6.25e-02h  5
1892  1.5072154e-03 5.77e-03 4.05e-02 -11.0 2.11e-03    -  1.00e+00 1.00e+00h  1
1893  1.5039201e-03 4.35e-03 3.24e-02 -11.0 8.49e-03    -  1.00e+00 5.00e-01h  2
1894  1.5017900e-03 5.03e-03 4.70e-02 -11.0 1.20e-02    -  1.00e+00 6.25e-02h  5
1895  1.4992905e-03 4.29e-04 2.58e-02 -11.0 7.01e-04    -  1.00e+00 1.00e+00h  1
1896  1.4982721e-03 3.65e-05 2.01e-03 -11.0 5.69e-04    -  1.00e+00 1.00e+00h  1
1897  1.4986344e-03 3.21e-06 1.53e-02 -11.0 1.23e-03    -  1.00e+00 1.00e+00H  1
1898  1.5008309e-03 2.04e-08 5.71e-02 -11.0 4.13e-03    -  1.00e+00 1.00e+00H  1
1899  1.5007335e-03 3.60e-07 5.80e-02 -11.0 1.38e-02    -  1.00e+00 3.91e-03h  9
iter    objective    inf_pr   inf_du lg(mu)  ||d||  lg(rg) alpha_du alpha_pr  ls
1900  1.5042510e-03 1.10e-08 1.50e-03 -11.0 1.79e-03    -  1.00e+00 1.00e+00H  1
1901  1.4992686e-03 2.62e-07 3.05e-02 -11.0 1.97e-03    -  1.00e+00 1.00e+00H  1
1902  1.5020357e-03 6.08e-08 5.48e-02 -11.0 1.25e-03    -  1.00e+00 1.00e+00H  1
1903  1.4966437e-03 4.88e-04 1.46e-02 -11.0 6.67e-04    -  1.00e+00 1.00e+00h  1
1904  1.4965881e-03 1.80e-05 6.25e-03 -11.0 2.42e-04    -  1.00e+00 1.00e+00h  1
1905  1.4964750e-03 8.05e-06 4.97e-03 -11.0 1.73e-04    -  1.00e+00 1.00e+00h  1
1906  1.4964288e-03 4.98e-05 6.74e-03 -11.0 6.53e-04    -  1.00e+00 1.00e+00h  1
1907  1.4962017e-03 4.51e-05 3.06e-03 -11.0 6.66e-04    -  1.00e+00 1.00e+00h  1
1908  1.4981704e-03 3.84e-07 3.99e-02 -11.0 1.64e-03    -  1.00e+00 1.00e+00H  1
1909  1.4958168e-03 1.62e-04 9.67e-03 -11.0 5.31e-04    -  1.00e+00 1.00e+00h  1
iter    objective    inf_pr   inf_du lg(mu)  ||d||  lg(rg) alpha_du alpha_pr  ls
1910  1.4954389e-03 5.04e-05 5.98e-03 -11.0 4.92e-04    -  1.00e+00 1.00e+00h  1
1911  1.4953086e-03 5.34e-05 5.98e-03 -11.0 9.36e-04    -  1.00e+00 1.00e+00h  1
1912  1.4952215e-03 1.11e-04 1.49e-02 -11.0 7.34e-03    -  1.00e+00 1.25e-01h  4
1913  1.4950988e-03 2.51e-04 2.71e-02 -11.0 1.07e-02    -  1.00e+00 1.25e-01h  4
1914  1.4950346e-03 2.47e-04 2.00e-02 -11.0 6.23e-03    -  1.00e+00 3.12e-02h  6
1915  1.4947706e-03 3.89e-05 3.83e-03 -11.0 4.44e-04    -  1.00e+00 1.00e+00h  1
1916  1.4982818e-03 5.26e-09 1.71e-03 -11.0 1.23e-03    -  1.00e+00 1.00e+00H  1
1917  1.4945394e-03 1.48e-04 5.04e-03 -11.0 9.31e-04    -  1.00e+00 1.00e+00h  1
1918  1.4947780e-03 6.44e-05 8.86e-03 -11.0 6.58e-04    -  1.00e+00 1.00e+00h  1
1919  1.4943932e-03 2.75e-05 1.94e-03 -11.0 4.52e-04    -  1.00e+00 1.00e+00h  1
iter    objective    inf_pr   inf_du lg(mu)  ||d||  lg(rg) alpha_du alpha_pr  ls
1920  1.4962045e-03 6.64e-07 1.14e-02 -11.0 9.84e-04    -  1.00e+00 1.00e+00H  1
1921  1.4941947e-03 4.07e-05 2.71e-03 -11.0 7.21e-04    -  1.00e+00 1.00e+00h  1
1922  1.4942100e-03 4.39e-06 4.01e-03 -11.0 1.52e-04    -  1.00e+00 1.00e+00h  1
1923  1.4941082e-03 2.67e-06 9.06e-04 -11.0 3.32e-04    -  1.00e+00 1.00e+00h  1
1924  1.4939681e-03 6.75e-05 1.48e-02 -11.0 2.03e-02    -  1.00e+00 6.25e-02h  5
1925  1.4938803e-03 6.72e-05 1.71e-02 -11.0 1.05e-02    -  1.00e+00 6.25e-02h  5
1926  1.4937241e-03 9.50e-05 1.38e-02 -11.0 1.05e-02    -  1.00e+00 1.25e-01h  4
1927  1.4931309e-03 1.96e-03 3.76e-02 -11.0 4.14e-02    -  1.00e+00 2.50e-01h  3
1928  1.4928315e-03 4.16e-03 7.03e-02 -11.0 1.46e+00    -  1.00e+00 7.81e-03h  8
1929  1.4919744e-03 6.31e-03 8.58e-02 -11.0 1.40e+00    -  1.00e+00 7.81e-03h  8
iter    objective    inf_pr   inf_du lg(mu)  ||d||  lg(rg) alpha_du alpha_pr  ls
1930  1.4910799e-03 7.29e-03 8.74e-02 -11.0 1.81e+00    -  1.00e+00 3.91e-03h  9
1931  1.4894364e-03 1.05e-02 1.27e-01 -11.0 1.67e+00    -  1.00e+00 7.81e-03h  8
1932  1.4893970e-03 1.12e-02 1.13e-01 -11.0 3.30e+00    -  1.00e+00 1.95e-03h 10
1933  1.4892222e-03 1.31e-02 1.22e-01 -11.0 6.63e-01    -  1.00e+00 1.56e-02h  7
1934  1.9980337e-01 9.24e+01 6.29e+01 -11.0 2.04e+00    -  1.00e+00 1.00e+00w  1
1935  1.7851211e+00 7.97e+01 6.93e+00 -11.0 8.37e-01    -  1.00e+00 1.00e+00w  1
1936  9.4648961e-01 3.81e+01 5.97e+00 -11.0 8.63e-01    -  1.00e+00 1.00e+00w  1
1937  1.4891461e-03 1.41e-02 1.06e-01 -11.0 4.51e-01    -  1.00e+00 3.91e-03h  8
1938  1.4876827e-03 1.07e-02 8.80e-02 -11.0 7.42e-03    -  1.00e+00 2.50e-01h  3
1939  1.4880118e-03 9.56e-03 8.30e-02 -11.0 2.79e-02    -  1.00e+00 1.25e-01h  4
iter    objective    inf_pr   inf_du lg(mu)  ||d||  lg(rg) alpha_du alpha_pr  ls
1940  1.4907729e-03 8.36e-03 5.05e-02 -11.0 1.17e-02    -  1.00e+00 1.25e-01h  4
1941  1.4862298e-03 1.14e-03 7.50e-02 -11.0 4.72e-03    -  1.00e+00 1.00e+00h  1
1942  1.4866216e-03 1.10e-03 7.71e-02 -11.0 2.19e-02    -  1.00e+00 6.25e-02h  5
1943  1.4844146e-03 7.06e-04 3.66e-02 -11.0 2.05e-03    -  1.00e+00 1.00e+00h  1
1944  1.4889963e-03 3.58e-04 5.15e-02 -11.0 1.13e-03    -  1.00e+00 1.00e+00h  1
1945  1.4813996e-03 1.53e-04 1.29e-02 -11.0 8.17e-04    -  1.00e+00 1.00e+00h  1
1946  1.4809170e-03 2.45e-05 7.67e-03 -11.0 9.04e-04    -  1.00e+00 1.00e+00h  1
1947  1.4822974e-03 6.40e-06 3.13e-02 -11.0 1.00e-02    -  1.00e+00 1.00e+00H  1
1948  1.4819463e-03 1.50e-05 3.27e-02 -11.0 3.37e-01    -  1.00e+00 1.95e-03h 10
1949  1.4816279e-03 2.42e-05 3.21e-02 -11.0 4.79e-02    -  1.00e+00 7.81e-03h  8
iter    objective    inf_pr   inf_du lg(mu)  ||d||  lg(rg) alpha_du alpha_pr  ls
1950  1.4797302e-03 8.61e-04 2.66e-02 -11.0 5.15e-02    -  1.00e+00 6.25e-02h  5
1951  1.4778624e-03 1.81e-03 4.75e-02 -11.0 7.17e-02    -  1.00e+00 3.12e-02h  6
1952  1.4772880e-03 1.83e-03 5.10e-02 -11.0 1.63e-02    -  1.00e+00 6.25e-02h  5
1953  1.4779854e-03 1.72e-03 4.57e-02 -11.0 6.83e-03    -  1.00e+00 2.50e-01h  3
1954  1.4768592e-03 3.22e-03 2.27e-02 -11.0 1.96e-02    -  1.00e+00 2.50e-01h  3
1955  1.4766519e-03 3.19e-03 2.83e-02 -11.0 4.09e-02    -  1.00e+00 1.56e-02h  7
1956  1.4771494e-03 1.34e-04 5.08e-02 -11.0 1.89e-03    -  1.00e+00 1.00e+00h  1
1957  1.4853405e-03 2.06e-06 5.10e-02 -11.0 2.90e-03    -  1.00e+00 1.00e+00H  1
1958  1.4776886e-03 1.05e-03 1.67e-02 -11.0 1.84e-03    -  1.00e+00 1.00e+00h  1
1959  1.4770422e-03 3.99e-04 2.08e-02 -11.0 1.93e-03    -  1.00e+00 1.00e+00h  1
iter    objective    inf_pr   inf_du lg(mu)  ||d||  lg(rg) alpha_du alpha_pr  ls
1960  1.4764528e-03 1.85e-04 1.52e-02 -11.0 1.01e-03    -  1.00e+00 1.00e+00h  1
1961  1.4752118e-03 1.14e-04 1.35e-02 -11.0 5.14e-04    -  1.00e+00 1.00e+00h  1
1962  1.4747256e-03 2.60e-05 7.38e-03 -11.0 2.48e-04    -  1.00e+00 1.00e+00h  1
1963  1.4746402e-03 4.40e-06 2.46e-03 -11.0 1.03e-04    -  1.00e+00 1.00e+00h  1
1964  1.4745940e-03 1.15e-06 1.29e-03 -11.0 8.16e-05    -  1.00e+00 1.00e+00h  1
1965  1.4750645e-03 2.09e-07 4.27e-02 -11.0 1.98e-03    -  1.00e+00 1.00e+00H  1
1966  1.4750321e-03 5.52e-07 4.32e-02 -11.0 1.20e-02    -  1.00e+00 3.91e-03h  9
1967  1.4742555e-03 6.92e-04 3.81e-02 -11.0 1.25e-02    -  1.00e+00 1.25e-01h  4
1968  1.4738126e-03 3.07e-03 7.35e-02 -11.0 5.13e-02    -  1.00e+00 6.25e-02h  5
1969  1.4740024e-03 3.04e-03 7.51e-02 -11.0 1.39e-02    -  1.00e+00 6.25e-02h  5
iter    objective    inf_pr   inf_du lg(mu)  ||d||  lg(rg) alpha_du alpha_pr  ls
1970  1.4732746e-03 1.58e-04 8.47e-03 -11.0 1.20e-03    -  1.00e+00 1.00e+00h  1
1971  1.4840214e-03 3.92e-08 5.21e-02 -11.0 2.10e-03    -  1.00e+00 1.00e+00H  1
1972  1.4726583e-03 1.41e-03 9.61e-03 -11.0 1.19e-03    -  1.00e+00 1.00e+00h  1
1973  1.4718407e-03 1.12e-04 2.34e-02 -11.0 7.64e-04    -  1.00e+00 1.00e+00h  1
1974  1.4713334e-03 6.86e-05 1.22e-02 -11.0 4.29e-04    -  1.00e+00 1.00e+00h  1
1975  1.4709458e-03 6.60e-05 9.67e-03 -11.0 4.66e-04    -  1.00e+00 1.00e+00h  1
1976  1.4707783e-03 1.71e-05 6.27e-03 -11.0 2.79e-04    -  1.00e+00 1.00e+00h  1
1977  1.4705525e-03 3.28e-05 8.10e-03 -11.0 3.34e-04    -  1.00e+00 1.00e+00h  1
1978  1.4724070e-03 5.87e-06 3.24e-02 -11.0 1.72e-03    -  1.00e+00 1.00e+00H  1
1979  1.4712231e-03 1.68e-06 2.17e-02 -11.0 2.06e-03    -  1.00e+00 1.00e+00H  1
iter    objective    inf_pr   inf_du lg(mu)  ||d||  lg(rg) alpha_du alpha_pr  ls
1980  1.4703860e-03 1.29e-04 3.85e-02 -11.0 3.66e-03    -  1.00e+00 1.25e-01h  4
1981  1.4695078e-03 1.17e-04 1.18e-02 -11.0 4.92e-04    -  1.00e+00 1.00e+00h  1
1982  1.4693888e-03 2.50e-05 1.50e-02 -11.0 5.65e-04    -  1.00e+00 1.00e+00h  1
1983  1.4689660e-03 2.39e-04 6.81e-03 -11.0 8.69e-04    -  1.00e+00 1.00e+00h  1
1984  1.4688760e-03 2.95e-04 1.03e-02 -11.0 8.34e-03    -  1.00e+00 6.25e-02h  5
1985  1.4705043e-03 8.37e-06 1.86e-02 -11.0 6.00e-03    -  1.00e+00 1.00e+00H  1
1986  1.4704271e-03 1.54e-05 1.86e-02 -11.0 2.26e-01    -  1.00e+00 9.77e-04h 11
1987  1.4703955e-03 1.68e-05 1.90e-02 -11.0 3.09e+00    -  1.00e+00 3.05e-05h 16
1988  1.4703899e-03 1.68e-05 1.90e-02 -11.0 2.67e-01    -  1.00e+00 6.10e-05h 15
1989  1.4685851e-03 1.12e-02 2.78e-02 -11.0 2.03e+00    -  1.00e+00 3.91e-03h  9
iter    objective    inf_pr   inf_du lg(mu)  ||d||  lg(rg) alpha_du alpha_pr  ls
1990  1.4677336e-03 1.73e-02 4.01e-02 -11.0 2.52e+01    -  1.00e+00 2.44e-04h 13
1991  1.4673817e-03 1.75e-02 4.81e-02 -11.0 6.04e-01    -  1.00e+00 1.95e-03h 10
1992  1.4667363e-03 2.46e-02 5.28e-02 -11.0 2.19e-01    -  1.00e+00 3.12e-02h  6
1993  1.4665283e-03 2.55e-02 4.87e-02 -11.0 2.93e-01    -  1.00e+00 7.81e-03h  8
1994  1.4661619e-03 3.08e-02 6.38e-02 -11.0 2.84e+00    -  1.00e+00 1.95e-03h 10
1995  1.4660795e-03 3.19e-02 6.17e-02 -11.0 1.22e-01    -  1.00e+00 3.12e-02h  6
1996  9.1757390e-02 5.34e+02 9.55e+01 -11.0 1.89e+00    -  1.00e+00 1.00e+00w  1
1997  5.8561943e+03 1.46e+05 5.27e+02 -11.0 3.73e+01    -  1.00e+00 1.00e+00w  1
1998  1.4053316e+03 3.10e+06 8.85e+05 -11.0 4.99e+01    -  1.00e+00 1.00e+00w  1
1999  1.4659445e-03 3.46e-02 4.81e-02 -11.0 1.24e+05    -  1.00e+00 1.95e-03h  9
iter    objective    inf_pr   inf_du lg(mu)  ||d||  lg(rg) alpha_du alpha_pr  ls
2000  1.4664157e-03 2.59e-02 3.57e-02 -11.0 1.47e-03    -  1.00e+00 2.50e-01h  3
2001  1.4660197e-03 1.98e-02 8.15e-02 -11.0 6.20e-03    -  1.00e+00 2.50e-01h  3
2002  1.4663803e-03 9.84e-03 2.87e-02 -11.0 9.93e-04    -  1.00e+00 5.00e-01h  2
2003  1.4670020e-03 9.57e-05 1.70e-02 -11.0 4.92e-04    -  1.00e+00 1.00e+00h  1
2004  1.4654361e-03 3.29e-05 2.76e-02 -11.0 2.49e-04    -  1.00e+00 1.00e+00h  1
2005  1.4646847e-03 1.31e-04 1.02e-02 -11.0 6.26e-04    -  1.00e+00 1.00e+00h  1
2006  1.4645551e-03 1.30e-04 1.23e-02 -11.0 1.02e-03    -  1.00e+00 5.00e-01h  2
2007  1.4658435e-03 1.31e-06 3.48e-02 -11.0 1.06e-03    -  1.00e+00 1.00e+00H  1
2008  1.4650524e-03 3.72e-04 1.98e-02 -11.0 6.52e-04    -  1.00e+00 1.00e+00h  1
2009  1.4640616e-03 1.23e-04 7.11e-03 -11.0 5.86e-04    -  1.00e+00 1.00e+00h  1
iter    objective    inf_pr   inf_du lg(mu)  ||d||  lg(rg) alpha_du alpha_pr  ls
2010  1.4640008e-03 8.88e-06 9.64e-03 -11.0 3.82e-04    -  1.00e+00 1.00e+00h  1
2011  1.4636615e-03 1.68e-05 1.93e-03 -11.0 3.69e-04    -  1.00e+00 1.00e+00h  1
2012  1.4638435e-03 5.79e-08 6.23e-03 -11.0 7.71e-04    -  1.00e+00 1.00e+00H  1
2013  1.4635011e-03 3.16e-04 2.06e-02 -11.0 2.34e-03    -  1.00e+00 1.00e+00h  1
2014  1.4633177e-03 5.61e-04 1.38e-02 -11.0 3.43e-02    -  1.00e+00 6.25e-02h  5
2015  1.4630442e-03 6.62e-04 2.82e-02 -11.0 2.91e-02    -  1.00e+00 6.25e-02h  5
2016  1.4628069e-03 6.28e-04 1.83e-02 -11.0 1.28e-02    -  1.00e+00 6.25e-02h  5
2017  1.4626323e-03 5.05e-04 1.72e-02 -11.0 5.94e-03    -  1.00e+00 2.50e-01h  3
2018  1.4620871e-03 5.26e-04 1.54e-02 -11.0 2.07e-02    -  1.00e+00 6.25e-02h  5
2019  1.4611047e-03 1.37e-03 2.82e-02 -11.0 8.03e-02    -  1.00e+00 6.25e-02h  5
iter    objective    inf_pr   inf_du lg(mu)  ||d||  lg(rg) alpha_du alpha_pr  ls
2020  1.4613678e-03 1.36e-03 3.01e-02 -11.0 9.19e-02    -  1.00e+00 1.56e-02h  7
2021  1.4607787e-03 1.67e-03 2.12e-02 -11.0 1.88e-02    -  1.00e+00 2.50e-01h  3
2022  1.4601738e-03 4.05e-03 3.84e-02 -11.0 1.11e+00    -  1.00e+00 7.81e-03h  8
2023  1.4599213e-03 4.22e-03 4.18e-02 -11.0 2.66e-01    -  1.00e+00 7.81e-03h  8
2024  1.6003750e-03 8.88e-02 1.31e-01 -11.0 2.83e-02    -  1.00e+00 1.00e+00w  1
2025  1.7839019e-03 4.41e-02 1.09e-01 -11.0 1.45e-02    -  1.00e+00 1.00e+00w  1
2026  1.6620491e-03 8.44e-02 1.48e-01 -11.0 2.62e-02    -  1.00e+00 1.00e+00w  1
2027  1.4594060e-03 4.91e-03 3.55e-02 -11.0 7.80e-02    -  1.00e+00 1.25e-01h  3
2028  1.4581166e-03 5.13e-03 4.10e-02 -11.0 7.92e-02    -  1.00e+00 6.25e-02h  5
2029  1.4576088e-03 5.23e-03 3.80e-02 -11.0 2.36e-01    -  1.00e+00 7.81e-03h  8
iter    objective    inf_pr   inf_du lg(mu)  ||d||  lg(rg) alpha_du alpha_pr  ls
2030  1.4565702e-03 4.06e-03 1.99e-02 -11.0 8.77e-03    -  1.00e+00 2.50e-01h  3
2031  1.4552425e-03 3.70e-03 2.40e-02 -11.0 2.72e-02    -  1.00e+00 1.25e-01h  4
2032  1.4542411e-03 4.82e-03 2.84e-02 -11.0 1.04e-01    -  1.00e+00 6.25e-02h  5
2033  1.4535583e-03 4.97e-03 2.55e-02 -11.0 3.20e-01    -  1.00e+00 1.56e-02h  7
2034  1.4529848e-03 5.74e-03 3.16e-02 -11.0 1.10e+00    -  1.00e+00 7.81e-03h  8
2035  1.4519660e-03 8.79e-03 2.10e-02 -11.0 1.03e+00    -  1.00e+00 1.56e-02h  7
2036  1.4505738e-03 1.33e-02 2.36e-02 -11.0 1.03e+01    -  1.00e+00 1.95e-03h 10
2037  1.6661384e+00 6.27e+04 1.91e+05 -11.0 1.12e+01    -  1.00e+00 1.00e+00w  1
2038  6.2398063e+03 3.90e+06 1.24e+08 -11.0 4.30e+01    -  1.00e+00 1.00e+00w  1
2039  2.3850933e+07 7.64e+06 4.35e+08 -11.0 2.10e+03    -  1.00e+00 1.00e+00w  1
iter    objective    inf_pr   inf_du lg(mu)  ||d||  lg(rg) alpha_du alpha_pr  ls
2040  1.4492819e-03 1.47e-02 3.28e-02 -11.0 1.65e+05    -  1.00e+00 9.77e-04h 10
2041  1.4605814e-03 1.32e-03 7.27e-02 -11.0 4.03e-03    -  1.00e+00 1.00e+00h  1
2042  1.4575890e-03 9.92e-04 4.19e-02 -11.0 5.37e-02    -  1.00e+00 6.25e-02h  5
2043  1.4566098e-03 1.87e-03 4.89e-02 -11.0 5.47e-02    -  1.00e+00 6.25e-02h  5
2044  1.4501478e-03 3.56e-04 3.45e-02 -11.0 1.28e-03  -0.6 1.00e+00 1.00e+00h  1
2045  1.4442783e-03 2.28e-04 1.79e-02 -11.0 1.86e-03    -  1.00e+00 1.00e+00h  1
2046  1.4479732e-03 2.61e-06 2.45e-02 -11.0 1.04e-03    -  1.00e+00 1.00e+00H  1
2047  1.4436384e-03 1.55e-04 1.06e-02 -11.0 9.49e-04    -  1.00e+00 1.00e+00h  1
2048  1.4440675e-03 2.93e-04 1.26e-02 -11.0 5.91e-04    -  1.00e+00 1.00e+00h  1
2049  1.4429248e-03 1.69e-04 2.30e-03 -11.0 4.66e-04    -  1.00e+00 1.00e+00h  1
iter    objective    inf_pr   inf_du lg(mu)  ||d||  lg(rg) alpha_du alpha_pr  ls
2050  1.4425320e-03 9.66e-05 1.02e-02 -11.0 5.09e-04    -  1.00e+00 1.00e+00h  1
2051  1.4419005e-03 4.31e-04 2.22e-02 -11.0 1.19e-03    -  1.00e+00 1.00e+00h  1
2052  1.4407175e-03 1.70e-03 1.54e-02 -11.0 9.09e-03    -  1.00e+00 2.50e-01h  3
2053  1.4404301e-03 1.62e-03 1.54e-02 -11.0 1.00e-02    -  1.00e+00 6.25e-02h  5
2054  1.4410392e-03 5.32e-04 1.05e-02 -11.0 1.31e-03    -  1.00e+00 1.00e+00h  1
2055  1.4402855e-03 1.12e-04 2.06e-02 -11.0 7.81e-04    -  1.00e+00 1.00e+00h  1
2056  1.4392573e-03 1.34e-04 7.17e-03 -11.0 4.01e-04    -  1.00e+00 1.00e+00h  1
2057  1.4391441e-03 9.15e-06 4.82e-03 -11.0 2.62e-04    -  1.00e+00 1.00e+00h  1
2058  1.4391327e-03 3.83e-04 6.23e-03 -11.0 1.80e-03    -  1.00e+00 1.00e+00h  1
2059  1.4574346e-03 3.84e-06 1.50e-01 -11.0 1.27e-02    -  1.00e+00 1.00e+00H  1
iter    objective    inf_pr   inf_du lg(mu)  ||d||  lg(rg) alpha_du alpha_pr  ls
2060  1.4572394e-03 3.78e-06 1.50e-01 -11.0 1.05e-02    -  1.00e+00 3.91e-03h  9
2061  1.4567396e-03 4.02e-06 1.48e-01 -11.0 1.23e-02    -  1.00e+00 7.81e-03h  8
2062  1.4563936e-03 3.64e-06 1.46e-01 -11.0 2.59e-02    -  1.00e+00 3.91e-03h  9
2063  1.4562360e-03 3.48e-06 1.46e-01 -11.0 2.94e-02    -  1.00e+00 1.95e-03h 10
2064  1.4503478e-03 1.00e-03 7.11e-02 -11.0 1.46e-02    -  1.00e+00 1.25e-01h  4
2065  1.4401930e-03 1.90e-03 4.84e-02 -11.0 6.04e-03    -  1.00e+00 1.00e+00h  1
2066  1.4404949e-03 1.66e-03 1.22e-02 -11.0 6.36e-03    -  1.00e+00 2.50e-01h  3
2067  1.4380039e-03 1.76e-04 9.36e-03 -11.0 1.05e-03    -  1.00e+00 1.00e+00h  1
2068  1.4378728e-03 6.71e-04 1.50e-02 -11.0 1.05e-03    -  1.00e+00 1.00e+00h  1
2069  1.4373048e-03 1.02e-04 8.56e-03 -11.0 4.25e-04    -  1.00e+00 1.00e+00h  1
iter    objective    inf_pr   inf_du lg(mu)  ||d||  lg(rg) alpha_du alpha_pr  ls
2070  1.4372461e-03 3.03e-05 1.04e-02 -11.0 2.43e-04    -  1.00e+00 1.00e+00h  1
2071  1.4371336e-03 3.60e-06 4.19e-03 -11.0 7.17e-05    -  1.00e+00 1.00e+00h  1
2072  1.4371202e-03 1.27e-07 1.32e-03 -11.0 3.47e-05    -  1.00e+00 1.00e+00h  1
2073  1.4370987e-03 6.11e-07 5.54e-04 -11.0 6.55e-05    -  1.00e+00 1.00e+00h  1
2074  1.4389929e-03 5.37e-09 1.87e-03 -11.0 2.61e-03    -  1.00e+00 1.00e+00H  1
2075  1.4408774e-03 4.65e-09 1.11e-03 -11.0 1.06e-03    -  1.00e+00 1.00e+00H  1
2076  1.4367581e-03 4.50e-04 1.46e-02 -11.0 2.04e-03    -  1.00e+00 1.00e+00h  1
2077  1.4370079e-03 2.19e-04 5.96e-03 -11.0 4.73e-04    -  1.00e+00 5.00e-01h  2
2078  1.4365687e-03 3.89e-05 2.51e-03 -11.0 5.71e-04    -  1.00e+00 1.00e+00h  1
2079  1.4368829e-03 4.95e-06 8.47e-03 -11.0 2.70e-03    -  1.00e+00 1.00e+00H  1
iter    objective    inf_pr   inf_du lg(mu)  ||d||  lg(rg) alpha_du alpha_pr  ls
2080  1.4368240e-03 7.13e-06 6.83e-03 -11.0 1.90e-02    -  1.00e+00 1.56e-02h  7
2081  1.4367435e-03 1.46e-05 7.10e-03 -11.0 7.47e-03    -  1.00e+00 3.12e-02h  6
2082  1.4365028e-03 1.34e-04 8.53e-03 -11.0 1.94e-02    -  1.00e+00 6.25e-02h  5
2083  1.4362477e-03 3.31e-04 5.77e-03 -11.0 6.75e-03    -  1.00e+00 1.25e-01h  4
2084  1.4361643e-03 4.18e-04 8.56e-03 -11.0 6.07e-03    -  1.00e+00 1.25e-01h  4
2085  1.4364372e-03 2.60e-04 1.68e-02 -11.0 7.79e-04    -  1.00e+00 5.00e-01h  2
2086  1.4358638e-03 2.99e-04 7.62e-03 -11.0 1.53e-03    -  1.00e+00 1.00e+00h  1
2087  1.4358404e-03 3.07e-04 6.85e-03 -11.0 8.34e-03    -  1.00e+00 1.25e-01h  4
2088  1.4357386e-03 2.92e-04 6.52e-03 -11.0 5.63e-03    -  1.00e+00 6.25e-02h  5
2089  1.4362976e-03 3.20e-06 1.01e-02 -11.0 1.02e-03    -  1.00e+00 1.00e+00H  1
iter    objective    inf_pr   inf_du lg(mu)  ||d||  lg(rg) alpha_du alpha_pr  ls
2090  1.4374507e-03 2.71e-08 6.75e-02 -11.0 4.88e-03    -  1.00e+00 1.00e+00H  1
2091  1.4374277e-03 2.77e-08 6.74e-02 -11.0 5.59e-03    -  1.00e+00 1.95e-03h 10
2092  1.4348243e-03 7.09e-03 7.74e-03 -11.0 6.03e-03    -  1.00e+00 1.00e+00h  1
2093  1.4349475e-03 7.03e-03 7.13e-03 -11.0 3.65e-02    -  1.00e+00 3.12e-02h  6
2094  1.4352706e-03 1.43e-03 7.80e-03 -11.0 2.14e-03    -  1.00e+00 1.00e+00h  1
2095  1.4348028e-03 2.58e-03 2.21e-02 -11.0 3.65e-02    -  1.00e+00 6.25e-02h  5
2096  1.4346747e-03 2.62e-03 2.27e-02 -11.0 5.09e-02    -  1.00e+00 3.12e-02h  6
2097  1.4344246e-03 2.55e-03 2.04e-02 -11.0 2.15e-02    -  1.00e+00 6.25e-02h  5
2098  1.4343424e-03 2.51e-03 1.28e-02 -11.0 1.90e-02    -  1.00e+00 6.25e-02h  5
2099  1.4337952e-03 3.02e-03 2.48e-02 -11.0 2.36e-02    -  1.00e+00 1.25e-01h  4
iter    objective    inf_pr   inf_du lg(mu)  ||d||  lg(rg) alpha_du alpha_pr  ls
2100  1.4312924e-03 8.68e-03 1.89e-02 -11.0 4.56e-01    -  1.00e+00 3.12e-02h  6
2101  1.4308128e-03 9.53e-03 1.64e-02 -11.0 2.09e+00    -  1.00e+00 1.95e-03h 10
2102  1.4305792e-03 1.01e-02 2.36e-02 -11.0 5.10e-01    -  1.00e+00 7.81e-03h  8
2103  1.4301009e-03 1.19e-02 2.95e-02 -11.0 1.97e+00    -  1.00e+00 3.91e-03h  9
2104  1.4299618e-03 1.23e-02 3.48e-02 -11.0 8.89e-01    -  1.00e+00 1.95e-03h 10
2105  1.9175138e-03 1.40e-01 9.32e-01 -11.0 2.76e-02    -  1.00e+00 1.00e+00w  1
2106  1.4336321e-03 7.17e-02 2.09e-01 -11.0 1.85e-02    -  1.00e+00 1.00e+00w  1
2107  1.7502337e-03 8.17e-02 4.98e-01 -11.0 1.39e-02    -  1.00e+00 1.00e+00w  1
2108  1.4305617e-03 1.21e-02 5.05e-02 -11.0 4.64e-02    -  1.00e+00 6.25e-02h  4
2109  1.4305919e-03 9.83e-03 6.66e-02 -11.0 8.57e-03    -  1.00e+00 2.50e-01h  3
iter    objective    inf_pr   inf_du lg(mu)  ||d||  lg(rg) alpha_du alpha_pr  ls
2110  1.4306507e-03 9.93e-03 1.05e-01 -11.0 2.06e-02    -  1.00e+00 1.25e-01h  4
2111  1.4315769e-03 9.46e-03 7.55e-02 -11.0 2.59e-02    -  1.00e+00 1.25e-01h  4
2112  1.4313550e-03 7.36e-03 2.45e-02 -11.0 1.43e-02    -  1.00e+00 2.50e-01h  3
2113  1.4295229e-03 5.48e-03 2.09e-02 -11.0 6.95e-03    -  1.00e+00 2.50e-01h  3
2114  1.4298707e-03 3.13e-03 2.79e-02 -11.0 3.40e-03    -  1.00e+00 5.00e-01h  2
2115  1.4292049e-03 1.88e-03 7.88e-03 -11.0 1.41e-03    -  1.00e+00 5.00e-01h  2
2116  1.4268871e-03 7.25e-04 2.26e-02 -11.0 2.21e-03    -  1.00e+00 1.00e+00h  1
2117  1.4268697e-03 6.83e-04 3.19e-02 -11.0 5.37e-03    -  1.00e+00 1.25e-01h  4
2118  1.4272785e-03 2.80e-04 5.58e-03 -11.0 2.01e-03    -  1.00e+00 1.00e+00h  1
2119  1.4267847e-03 1.07e-03 2.95e-02 -11.0 1.33e-02    -  1.00e+00 2.50e-01h  3
iter    objective    inf_pr   inf_du lg(mu)  ||d||  lg(rg) alpha_du alpha_pr  ls
2120  1.4264201e-03 1.07e-03 2.28e-02 -11.0 1.31e-02    -  1.00e+00 6.25e-02h  5
2121  1.4256290e-03 5.73e-04 1.25e-02 -11.0 2.57e-03    -  1.00e+00 5.00e-01h  2
2122  1.4250693e-03 5.28e-04 4.19e-02 -11.0 4.20e-03    -  1.00e+00 2.50e-01h  3
2123  1.4249199e-03 7.09e-04 5.08e-02 -11.0 4.11e-03    -  1.00e+00 2.50e-01h  3
2124  1.4248079e-03 8.12e-04 3.79e-02 -11.0 6.63e-03    -  1.00e+00 2.50e-01h  3
2125  1.4243385e-03 9.86e-04 2.74e-02 -11.0 1.36e-02    -  1.00e+00 1.25e-01h  4
2126  1.4238575e-03 1.97e-03 8.96e-03 -11.0 5.45e-02    -  1.00e+00 6.25e-02h  5
2127  1.4238471e-03 4.21e-03 8.64e-03 -11.0 6.92e-02    -  1.00e+00 6.25e-02h  5
2128  1.4234435e-03 7.39e-03 1.88e-02 -11.0 6.57e-02    -  1.00e+00 6.25e-02h  5
2129  2.8169518e-03 4.55e+00 1.67e+00 -11.0 1.59e-01    -  1.00e+00 1.00e+00w  1
iter    objective    inf_pr   inf_du lg(mu)  ||d||  lg(rg) alpha_du alpha_pr  ls
2130  3.6239261e-02 4.19e+01 7.46e+00 -11.0 3.47e-01    -  1.00e+00 1.00e+00w  1
2131  2.6149517e-01 1.12e+01 1.72e+01 -11.0 2.20e-01    -  1.00e+00 1.00e+00w  1
2132  1.4228489e-03 1.24e-02 6.26e-02 -11.0 2.52e-01    -  1.00e+00 3.12e-02h  5
2133  1.4225762e-03 1.37e-02 3.32e-02 -11.0 9.94e-02    -  1.00e+00 3.12e-02h  6
2134  1.4223376e-03 1.68e-02 6.64e-02 -11.0 2.25e-01    -  1.00e+00 1.56e-02h  7
2135  1.4216497e-03 1.63e-02 6.54e-02 -11.0 1.22e-02    -  1.00e+00 3.12e-02h  6
2136  1.4206513e-03 1.44e-04 8.58e-03 -11.0 4.53e-04    -  1.00e+00 1.00e+00h  1
2137  1.4198248e-03 1.97e-04 1.12e-02 -11.0 8.97e-04    -  1.00e+00 1.00e+00h  1
2138  1.4238061e-03 3.04e-05 4.40e-02 -11.0 9.71e-03    -  1.00e+00 1.00e+00H  1
2139  1.4237374e-03 4.31e-05 4.34e-02 -11.0 2.11e-01    -  1.00e+00 9.77e-04h 11
iter    objective    inf_pr   inf_du lg(mu)  ||d||  lg(rg) alpha_du alpha_pr  ls
2140  1.4237099e-03 4.49e-05 4.31e-02 -11.0 1.01e+01    -  1.00e+00 7.63e-06h 18
2141  1.4236822e-03 4.68e-05 4.29e-02 -11.0 1.02e+01    -  1.00e+00 7.63e-06h 18
2142  1.4236682e-03 4.72e-05 4.28e-02 -11.0 1.02e+01    -  1.00e+00 3.81e-06h 19
2143  1.4222499e-03 1.67e-04 6.82e-02 -11.0 1.83e-03    -  1.00e+00 1.00e+00h  1
2144  1.4186806e-03 4.10e-05 7.41e-03 -11.0 8.97e-04    -  1.00e+00 1.00e+00h  1
2145  1.4185675e-03 3.97e-06 4.48e-03 -11.0 1.12e-04    -  1.00e+00 1.00e+00h  1
2146  1.4175969e-03 1.12e-04 1.62e-02 -11.0 9.65e-04    -  1.00e+00 1.00e+00h  1
2147  1.4215060e-03 3.20e-06 3.36e-02 -11.0 1.57e-03    -  1.00e+00 1.00e+00H  1
2148  1.4168150e-03 1.24e-04 2.74e-02 -11.0 7.33e-04    -  1.00e+00 1.00e+00h  1
2149  1.4166384e-03 3.16e-05 3.85e-03 -11.0 2.41e-04    -  1.00e+00 1.00e+00h  1
iter    objective    inf_pr   inf_du lg(mu)  ||d||  lg(rg) alpha_du alpha_pr  ls
2150  1.4163663e-03 7.31e-06 9.64e-03 -11.0 4.14e-04    -  1.00e+00 1.00e+00h  1
2151  1.4161360e-03 2.39e-04 3.56e-02 -11.0 1.54e-02    -  1.00e+00 1.25e-01h  4
2152  1.4161527e-03 2.86e-04 4.65e-02 -11.0 6.28e-03    -  1.00e+00 2.50e-01h  3
2153  1.4154650e-03 3.46e-04 4.78e-02 -11.0 5.04e-03    -  1.00e+00 2.50e-01h  3
2154  1.4342403e-03 3.19e-06 1.80e-01 -11.0 3.63e-03    -  1.00e+00 1.00e+00H  1
2155  1.4188974e-03 1.67e-06 2.47e-02 -11.0 2.99e-03    -  1.00e+00 1.00e+00H  1
2156  1.4152767e-03 2.76e-04 1.09e-02 -11.0 7.74e-03    -  1.00e+00 2.50e-01h  3
2157  1.4180922e-03 9.01e-07 4.33e-02 -11.0 1.47e-03    -  1.00e+00 1.00e+00H  1
2158  1.4143282e-03 8.90e-04 7.63e-03 -11.0 1.13e-03    -  1.00e+00 1.00e+00h  1
2159  1.4143526e-03 1.57e-06 1.27e-03 -11.0 6.58e-05    -  1.00e+00 1.00e+00h  1
iter    objective    inf_pr   inf_du lg(mu)  ||d||  lg(rg) alpha_du alpha_pr  ls
2160  1.4143314e-03 8.06e-07 3.18e-04 -11.0 4.21e-05    -  1.00e+00 1.00e+00h  1
2161  1.4142419e-03 1.85e-04 1.13e-02 -11.0 8.13e-04    -  1.00e+00 1.00e+00h  1
2162  1.4245732e-03 1.71e-07 1.60e-01 -11.0 4.10e-03    -  1.00e+00 1.00e+00H  1
2163  1.4199598e-03 3.43e-08 4.25e-02 -11.0 1.84e-03    -  1.00e+00 1.00e+00H  1
2164  1.4156026e-03 9.65e-08 3.36e-02 -11.0 2.43e-03    -  1.00e+00 1.00e+00H  1
2165  1.4185314e-03 1.27e-08 1.08e-03 -11.0 8.62e-04    -  1.00e+00 1.00e+00H  1
2166  1.4136735e-03 9.55e-04 1.04e-02 -11.0 1.09e-03    -  1.00e+00 1.00e+00h  1
2167  1.4137644e-03 2.84e-05 7.70e-03 -11.0 2.26e-04    -  1.00e+00 1.00e+00h  1
2168  1.4136093e-03 1.09e-05 1.82e-03 -11.0 1.51e-04    -  1.00e+00 1.00e+00h  1
2169  1.4135818e-03 9.01e-07 8.11e-04 -11.0 4.73e-05    -  1.00e+00 1.00e+00h  1
iter    objective    inf_pr   inf_du lg(mu)  ||d||  lg(rg) alpha_du alpha_pr  ls
2170  1.4139341e-03 1.00e-07 1.38e-02 -11.0 1.22e-03    -  1.00e+00 1.00e+00H  1
2171  1.4139077e-03 2.33e-07 1.33e-02 -11.0 3.82e-03    -  1.00e+00 7.81e-03h  8
2172  1.4137938e-03 3.76e-07 1.68e-02 -11.0 6.14e-04    -  1.00e+00 1.00e+00H  1
2173  1.4149983e-03 5.86e-08 1.38e-03 -11.0 7.05e-04    -  1.00e+00 1.00e+00H  1
2174  1.4127423e-03 2.18e-04 3.76e-03 -11.0 6.17e-04    -  1.00e+00 1.00e+00h  1
2175  1.4127249e-03 4.36e-05 2.23e-03 -11.0 3.51e-04    -  1.00e+00 1.00e+00h  1
2176  1.4125426e-03 1.02e-03 1.36e-02 -11.0 5.11e-02    -  1.00e+00 3.12e-02h  6
2177  1.4117795e-03 7.70e-03 1.20e-02 -11.0 1.35e-01    -  1.00e+00 3.12e-02h  6
2178  1.4113276e-03 9.06e-03 1.35e-02 -11.0 5.63e-01    -  1.00e+00 3.91e-03h  9
2179  1.4109786e-03 1.09e-02 1.75e-02 -11.0 3.17e-01    -  1.00e+00 7.81e-03h  8
iter    objective    inf_pr   inf_du lg(mu)  ||d||  lg(rg) alpha_du alpha_pr  ls
2180  1.4108697e-03 1.09e-02 1.93e-02 -11.0 7.85e-02    -  1.00e+00 1.56e-02h  7
2181  1.4105291e-03 1.22e-02 2.24e-02 -11.0 7.69e-02    -  1.00e+00 3.12e-02h  6
2182  1.4104142e-03 1.39e-02 3.97e-02 -11.0 2.35e-01    -  1.00e+00 1.56e-02h  7
2183  1.4102390e-03 1.50e-02 4.49e-02 -11.0 1.54e-01    -  1.00e+00 1.56e-02h  7
2184  1.4100264e-03 1.49e-02 4.43e-02 -11.0 6.66e-02    -  1.00e+00 3.91e-03h  9
2185  1.4097550e-03 3.88e-03 5.41e-03 -11.0 4.30e-03    -  1.00e+00 1.00e+00h  1
2186  1.4095682e-03 3.98e-03 1.09e-02 -11.0 1.32e-01    -  1.00e+00 7.81e-03h  8
2187  1.4092829e-03 7.90e-03 1.26e-02 -11.0 8.67e-02    -  1.00e+00 6.25e-02h  5
2188  1.4089917e-03 8.20e-03 1.58e-02 -11.0 4.44e-01    -  1.00e+00 3.91e-03h  9
2189  1.4087860e-03 8.63e-03 2.84e-02 -11.0 8.76e-02    -  1.00e+00 3.12e-02h  6
iter    objective    inf_pr   inf_du lg(mu)  ||d||  lg(rg) alpha_du alpha_pr  ls
2190  1.4091552e-03 8.06e-03 3.49e-02 -11.0 2.30e-02    -  1.00e+00 6.25e-02h  5
2191  1.4085924e-03 6.21e-03 4.10e-02 -11.0 8.40e-03    -  1.00e+00 2.50e-01h  3
2192  1.4079287e-03 5.82e-03 4.08e-02 -11.0 1.77e-02    -  1.00e+00 6.25e-02h  5
2193  1.4073026e-03 6.64e-03 2.88e-02 -11.0 1.67e-02    -  1.00e+00 2.50e-01h  3
2194  1.4069401e-03 8.06e-03 1.66e-02 -11.0 1.12e-01    -  1.00e+00 3.12e-02h  6
2195  1.4065657e-03 8.36e-03 1.78e-02 -11.0 6.32e-02    -  1.00e+00 3.12e-02h  6
2196  2.4371775e-03 1.28e+00 1.20e+00 -11.0 1.27e-01    -  1.00e+00 1.00e+00w  1
2197  1.4461888e-02 4.29e+00 4.10e+00 -11.0 2.12e-01    -  1.00e+00 1.00e+00w  1
2198  2.1996169e+03 1.80e+05 5.07e+05 -11.0 1.67e+01    -  1.00e+00 1.00e+00w  1
2199  1.4063163e-03 9.42e-03 1.76e-02 -11.0 1.52e+01    -  1.00e+00 3.12e-02h  5
iter    objective    inf_pr   inf_du lg(mu)  ||d||  lg(rg) alpha_du alpha_pr  ls
2200  1.4059602e-03 2.72e-04 4.17e-03 -11.0 1.06e-03    -  1.00e+00 1.00e+00h  1
2201  1.4062855e-03 4.27e-05 2.06e-02 -11.0 1.20e-03  -0.2 1.00e+00 1.00e+00h  1
2202  1.4046774e-03 8.16e-06 2.80e-03 -11.0 6.32e-04    -  1.00e+00 1.00e+00h  1
2203  1.4045798e-03 1.01e-06 4.20e-03 -11.0 1.26e-04    -  1.00e+00 1.00e+00h  1
2204  1.4046727e-03 1.12e-06 6.38e-03 -11.0 5.59e-04    -  1.00e+00 1.00e+00H  1
2205  1.4046466e-03 1.30e-07 1.42e-02 -11.0 3.52e-04    -  1.00e+00 1.00e+00H  1
2206  1.4042473e-03 1.80e-05 7.93e-03 -11.0 2.86e-04    -  1.00e+00 1.00e+00h  1
2207  1.4041907e-03 2.28e-06 1.66e-03 -11.0 1.85e-04    -  1.00e+00 1.00e+00h  1
2208  1.4057952e-03 1.87e-09 1.33e-03 -11.0 3.55e-03    -  1.00e+00 1.00e+00H  1
2209  1.4057872e-03 7.92e-09 1.33e-03 -11.0 1.09e-02    -  1.00e+00 9.77e-04h 11
iter    objective    inf_pr   inf_du lg(mu)  ||d||  lg(rg) alpha_du alpha_pr  ls
2210  1.4057786e-03 8.52e-09 1.33e-03 -11.0 8.77e-03    -  1.00e+00 4.88e-04h 12
2211  1.4057686e-03 8.99e-09 1.33e-03 -11.0 3.98e-03    -  1.00e+00 9.77e-04h 11
2212  1.4038529e-03 3.06e-04 2.05e-02 -11.0 2.47e-03    -  1.00e+00 1.00e+00h  1
2213  1.4034971e-03 2.24e-04 1.69e-02 -11.0 1.74e-03    -  1.00e+00 5.00e-01h  2
2214  1.4030874e-03 3.90e-05 9.95e-03 -11.0 5.67e-04    -  1.00e+00 1.00e+00h  1
2215  1.4029911e-03 2.15e-05 3.49e-03 -11.0 4.26e-04    -  1.00e+00 1.00e+00h  1
2216  1.4028450e-03 1.41e-05 1.23e-03 -11.0 3.35e-04    -  1.00e+00 1.00e+00h  1
2217  1.4027700e-03 2.16e-05 2.50e-03 -11.0 2.03e-04    -  1.00e+00 1.00e+00h  1
2218  1.4026500e-03 2.05e-05 4.67e-03 -11.0 4.17e-04    -  1.00e+00 1.00e+00h  1
2219  1.4024051e-03 1.55e-04 3.35e-02 -11.0 4.25e-03    -  1.00e+00 2.50e-01h  3
iter    objective    inf_pr   inf_du lg(mu)  ||d||  lg(rg) alpha_du alpha_pr  ls
2220  1.4022847e-03 2.12e-04 4.66e-02 -11.0 9.30e-03    -  1.00e+00 1.25e-01h  4
2221  1.4020904e-03 3.49e-04 3.92e-02 -11.0 7.01e-03    -  1.00e+00 2.50e-01h  3
2222  1.4019767e-03 4.07e-04 4.14e-02 -11.0 1.37e-02    -  1.00e+00 1.25e-01h  4
2223  1.4018041e-03 4.85e-04 5.38e-02 -11.0 2.19e-02    -  1.00e+00 6.25e-02h  5
2224  1.4016778e-03 4.29e-04 5.50e-02 -11.0 7.27e-03    -  1.00e+00 1.25e-01h  4
2225  1.4034931e-03 2.19e-06 4.39e-02 -11.0 3.14e-03    -  1.00e+00 1.00e+00H  1
2226  1.4025251e-03 9.76e-05 2.89e-02 -11.0 1.31e-02    -  1.00e+00 1.25e-01h  4
2227  1.4014488e-03 1.83e-04 2.85e-02 -11.0 4.33e-02    -  1.00e+00 6.25e-02h  5
2228  1.4003718e-03 3.79e-04 2.45e-02 -11.0 6.18e-02    -  1.00e+00 6.25e-02h  5
2229  1.3992020e-03 8.57e-04 1.60e-02 -11.0 1.75e-01    -  1.00e+00 3.12e-02h  6
iter    objective    inf_pr   inf_du lg(mu)  ||d||  lg(rg) alpha_du alpha_pr  ls
2230  1.3989709e-03 1.03e-03 1.65e-02 -11.0 8.98e-02    -  1.00e+00 3.12e-02h  6
2231  1.3986664e-03 1.01e-03 1.22e-02 -11.0 2.82e-02    -  1.00e+00 6.25e-02h  5
2232  1.3979211e-03 2.14e-03 2.73e-02 -11.0 7.74e-02    -  1.00e+00 1.25e-01h  4
2233  1.3974742e-03 2.58e-03 2.37e-02 -11.0 1.35e+00    -  1.00e+00 3.91e-03h  9
2234  1.3973482e-03 3.00e-03 3.59e-02 -11.0 2.62e-01    -  1.00e+00 1.56e-02h  7
2235  1.3971012e-03 3.05e-03 5.02e-02 -11.0 6.70e-02    -  1.00e+00 3.12e-02h  6
2236  1.7337938e-03 1.14e-01 2.09e-01 -11.0 3.47e-02    -  1.00e+00 1.00e+00w  1
2237  1.4050427e-03 1.01e-01 6.34e-02 -11.0 3.62e-02    -  1.00e+00 1.00e+00w  1
2238  1.2638187e-02 1.85e+00 2.03e+00 -11.0 2.50e-01    -  1.00e+00 1.00e+00w  1
2239  1.3969718e-03 2.95e-03 5.08e-02 -11.0 1.07e-01    -  1.00e+00 3.12e-02h  5
iter    objective    inf_pr   inf_du lg(mu)  ||d||  lg(rg) alpha_du alpha_pr  ls
2240  1.3983513e-03 1.98e-03 3.24e-02 -11.0 3.71e-03    -  1.00e+00 2.50e-01h  3
2241  1.3973774e-03 4.27e-04 2.21e-02 -11.0 3.00e-03    -  1.00e+00 1.00e+00h  1
2242  1.3996433e-03 1.22e-03 3.46e-02 -11.0 3.89e-03    -  1.00e+00 2.50e-01h  3
2243  1.3962952e-03 8.35e-04 1.45e-02 -11.0 1.77e-03    -  1.00e+00 1.00e+00h  1
2244  1.4023382e-03 1.26e-03 3.59e-02 -11.0 2.17e-03    -  1.00e+00 1.00e+00h  1
2245  1.3960140e-03 9.38e-04 6.94e-04 -11.0 1.20e-03    -  1.00e+00 1.00e+00h  1
2246  1.3961529e-03 2.55e-05 1.32e-03 -11.0 3.27e-04    -  1.00e+00 1.00e+00h  1
2247  1.3959295e-03 1.37e-05 2.00e-03 -11.0 2.12e-04    -  1.00e+00 1.00e+00h  1
2248  1.3958478e-03 1.65e-06 1.78e-03 -11.0 2.63e-04    -  1.00e+00 1.00e+00h  1
2249  1.3957581e-03 2.61e-05 2.64e-03 -11.0 1.27e-02    -  1.00e+00 6.25e-02h  5
iter    objective    inf_pr   inf_du lg(mu)  ||d||  lg(rg) alpha_du alpha_pr  ls
2250  1.3968546e-03 2.55e-08 1.74e-02 -11.0 6.10e-03    -  1.00e+00 1.00e+00H  1
2251  1.3955996e-03 4.08e-03 2.47e-02 -11.0 1.16e-01    -  1.00e+00 6.25e-02h  5
2252  1.3952603e-03 4.46e-03 3.39e-02 -11.0 3.28e-01    -  1.00e+00 7.81e-03h  8
2253  1.3948243e-03 4.44e-03 4.60e-02 -11.0 3.63e-02    -  1.00e+00 6.25e-02h  5
2254  1.3954597e-03 4.34e-03 5.42e-02 -11.0 2.18e-02    -  1.00e+00 1.25e-01h  4
2255  1.3949593e-03 4.28e-03 5.48e-02 -11.0 2.53e-02    -  1.00e+00 6.25e-02h  5
2256  1.3946291e-03 3.25e-03 4.20e-02 -11.0 2.06e-03    -  1.00e+00 2.50e-01h  3
2257  1.3937072e-03 1.07e-02 2.11e-02 -11.0 1.23e-02    -  1.00e+00 1.00e+00h  1
2258  1.3935921e-03 1.06e-02 2.56e-02 -11.0 4.73e-02    -  1.00e+00 7.81e-03h  8
2259  1.3934760e-03 2.84e-03 6.75e-03 -11.0 6.36e-03    -  1.00e+00 1.00e+00h  1
iter    objective    inf_pr   inf_du lg(mu)  ||d||  lg(rg) alpha_du alpha_pr  ls
2260  1.3933597e-03 2.96e-03 1.48e-02 -11.0 3.19e-01    -  1.00e+00 3.91e-03h  9
2261  1.3931647e-03 3.43e-03 2.08e-02 -11.0 2.27e-02    -  1.00e+00 1.25e-01h  4
2262  1.3928716e-03 5.98e-03 2.08e-02 -11.0 1.75e-01    -  1.00e+00 3.12e-02h  6
2263  1.3926036e-03 6.49e-03 3.41e-02 -11.0 1.27e-01    -  1.00e+00 1.56e-02h  7
2264  1.3922796e-03 6.28e-03 5.86e-02 -11.0 2.52e-02    -  1.00e+00 6.25e-02h  5
2265  1.3921205e-03 5.57e-03 5.40e-02 -11.0 1.41e-02    -  1.00e+00 1.25e-01h  4
2266  1.3916878e-03 5.79e-03 5.10e-02 -11.0 4.19e-02    -  1.00e+00 6.25e-02h  5
2267  1.3915207e-03 5.67e-03 5.42e-02 -11.0 4.26e-02    -  1.00e+00 3.12e-02h  6
2268  1.3911204e-03 6.17e-03 6.13e-02 -11.0 2.30e-02    -  1.00e+00 2.50e-01h  3
2269  1.3908805e-03 6.16e-03 6.27e-02 -11.0 1.10e-01    -  1.00e+00 7.81e-03h  8
iter    objective    inf_pr   inf_du lg(mu)  ||d||  lg(rg) alpha_du alpha_pr  ls
2270  1.3944139e-03 1.19e-03 5.53e-02 -11.0 4.42e-03    -  1.00e+00 1.00e+00h  1
2271  1.3914827e-03 1.70e-03 6.57e-02 -11.0 6.15e-03    -  1.00e+00 5.00e-01h  2
2272  1.3913057e-03 1.77e-03 9.27e-02 -11.0 1.27e-02    -  1.00e+00 1.25e-01h  4
2273  1.3925336e-03 3.09e-03 5.23e-02 -11.0 1.90e-03    -  1.00e+00 1.00e+00h  1
2274  1.3901896e-03 2.45e-03 6.88e-02 -11.0 5.73e-03    -  1.00e+00 5.00e-01h  2
2275  1.3894624e-03 2.11e-03 2.74e-02 -11.0 3.45e-03    -  1.00e+00 2.50e-01h  3
2276  1.3880928e-03 1.30e-03 2.01e-02 -11.0 1.06e-03    -  1.00e+00 1.00e+00h  1
2277  1.3898905e-03 6.00e-04 2.52e-02 -11.0 1.24e-03    -  1.00e+00 1.00e+00h  1
2278  1.3872607e-03 1.61e-04 1.92e-02 -11.0 7.16e-04    -  1.00e+00 1.00e+00h  1
2279  1.3870158e-03 3.67e-05 1.04e-02 -11.0 5.55e-04    -  1.00e+00 1.00e+00h  1
iter    objective    inf_pr   inf_du lg(mu)  ||d||  lg(rg) alpha_du alpha_pr  ls
2280  1.3870031e-03 3.17e-05 5.14e-03 -11.0 3.53e-04    -  1.00e+00 1.00e+00h  1
2281  1.3866825e-03 1.71e-05 5.44e-03 -11.0 3.54e-04    -  1.00e+00 1.00e+00h  1
2282  1.3866174e-03 3.57e-05 8.61e-03 -11.0 4.09e-04    -  1.00e+00 1.00e+00h  1
2283  1.3861177e-03 5.06e-05 9.04e-03 -11.0 1.10e-03    -  1.00e+00 1.00e+00h  1
2284  1.3857973e-03 1.39e-04 1.54e-02 -11.0 8.14e-03    -  1.00e+00 1.25e-01h  4
2285  1.3856954e-03 1.81e-04 1.73e-02 -11.0 7.26e-03    -  1.00e+00 1.25e-01h  4
2286  1.3956423e-03 1.01e-06 6.67e-02 -11.0 5.60e-03    -  1.00e+00 1.00e+00H  1
2287  1.4009871e-03 3.31e-08 1.95e-03 -11.0 1.71e-03    -  1.00e+00 1.00e+00H  1
2288  1.3856620e-03 2.25e-03 3.77e-02 -11.0 4.21e-03    -  1.00e+00 1.00e+00h  1
2289  1.3851616e-03 1.97e-03 2.45e-02 -11.0 2.06e-03    -  1.00e+00 1.25e-01h  4
iter    objective    inf_pr   inf_du lg(mu)  ||d||  lg(rg) alpha_du alpha_pr  ls
2290  1.3847045e-03 1.37e-04 5.65e-03 -11.0 1.12e-03    -  1.00e+00 1.00e+00h  1
2291  1.3846530e-03 1.54e-04 1.12e-02 -11.0 9.13e-03    -  1.00e+00 6.25e-02h  5
2292  1.3844412e-03 6.22e-04 7.64e-03 -11.0 1.01e-02    -  1.00e+00 2.50e-01h  3
2293  1.3843760e-03 1.01e-03 9.98e-03 -11.0 7.87e-02    -  1.00e+00 3.12e-02h  6
2294  1.3842095e-03 1.39e-03 2.21e-02 -11.0 4.63e-02    -  1.00e+00 6.25e-02h  5
2295  1.3839923e-03 1.38e-03 3.29e-02 -11.0 3.76e-02    -  1.00e+00 3.12e-02h  6
2296  1.3839113e-03 1.39e-03 4.55e-02 -11.0 3.06e-02    -  1.00e+00 6.25e-02h  5
2297  1.3841022e-03 1.17e-03 7.58e-02 -11.0 8.33e-03    -  1.00e+00 1.25e-01h  4
2298  1.3842583e-03 7.91e-04 5.10e-02 -11.0 3.26e-03    -  1.00e+00 5.00e-01h  2
2299  1.3897810e-03 4.48e-06 5.61e-02 -11.0 7.55e-03    -  1.00e+00 1.00e+00H  1
iter    objective    inf_pr   inf_du lg(mu)  ||d||  lg(rg) alpha_du alpha_pr  ls
2300  1.3893744e-03 8.31e-06 5.62e-02 -11.0 1.63e-02    -  1.00e+00 1.56e-02h  7
2301  1.3892028e-03 8.93e-06 5.59e-02 -11.0 1.55e-02    -  1.00e+00 7.81e-03h  8
2302  1.3873071e-03 1.14e-03 4.09e-02 -11.0 7.70e-02    -  1.00e+00 6.25e-02h  5
2303  1.3864441e-03 1.27e-03 3.02e-02 -11.0 3.05e-02    -  1.00e+00 6.25e-02h  5
2304  1.4761221e-03 5.01e-06 1.21e-01 -11.0 5.87e-03    -  1.00e+00 1.00e+00H  1
2305  1.3847490e-03 1.29e-02 4.90e-02 -11.0 5.43e-03    -  1.00e+00 1.00e+00h  1
2306  1.3835856e-03 1.15e-03 3.14e-02 -11.0 4.06e-03    -  1.00e+00 1.00e+00h  1
2307  1.3833272e-03 1.11e-03 4.41e-02 -11.0 2.05e-02    -  1.00e+00 6.25e-02h  5
2308  1.3829474e-03 1.08e-03 5.61e-02 -11.0 1.60e-02    -  1.00e+00 1.25e-01h  4
2309  1.3824951e-03 1.20e-03 5.29e-02 -11.0 7.24e-02    -  1.00e+00 3.12e-02h  6
iter    objective    inf_pr   inf_du lg(mu)  ||d||  lg(rg) alpha_du alpha_pr  ls
2310  1.3822395e-03 1.50e-03 6.96e-02 -11.0 4.98e-02    -  1.00e+00 6.25e-02h  5
2311  1.3818467e-03 1.42e-03 4.31e-02 -11.0 9.52e-03    -  1.00e+00 6.25e-02h  5
2312  1.3837018e-03 1.07e-03 2.58e-02 -11.0 2.40e-03    -  1.00e+00 1.00e+00h  1
2313  1.3820085e-03 9.46e-04 1.74e-02 -11.0 1.46e-02    -  1.00e+00 2.50e-01h  3
2314  1.3804449e-03 4.39e-03 2.18e-02 -11.0 2.64e-01    -  1.00e+00 3.12e-02h  6
2315  1.3798111e-03 4.69e-03 1.38e-02 -11.0 1.89e-01    -  1.00e+00 1.56e-02h  7
2316  1.3796730e-03 4.96e-03 1.51e-02 -11.0 5.66e-02    -  1.00e+00 6.25e-02h  5
2317  1.3785120e-03 6.46e-03 9.23e-03 -11.0 1.80e-01    -  1.00e+00 3.12e-02h  6
2318  1.3782696e-03 6.44e-03 9.76e-03 -11.0 1.11e-01    -  1.00e+00 7.81e-03h  8
2319  1.3782262e-03 2.57e-02 7.14e-02 -11.0 4.19e-02    -  1.00e+00 5.00e-01h  2
iter    objective    inf_pr   inf_du lg(mu)  ||d||  lg(rg) alpha_du alpha_pr  ls
2320  1.3774489e-03 3.27e-02 1.08e-01 -11.0 2.94e+00    -  1.00e+00 3.91e-03h  9
2321  1.3759574e-03 3.27e-02 1.32e-01 -11.0 4.17e-01    -  1.00e+00 3.91e-03h  9
2322  1.3753455e-03 3.21e-02 1.11e-01 -11.0 4.69e-02    -  1.00e+00 2.50e-01h  3
2323  1.7775544e-02 6.53e+00 1.72e+00 -11.0 2.57e-01    -  1.00e+00 1.00e+00w  1
2324  6.0252531e-02 1.12e+01 3.89e+00 -11.0 1.30e-01    -  1.00e+00 1.00e+00w  1
2325  1.9346553e-02 3.99e+00 1.08e+01 -11.0 7.25e-02    -  1.00e+00 1.00e+00w  1
2326  1.3742339e-03 3.33e-02 8.75e-02 -11.0 1.08e-01    -  1.00e+00 1.56e-02h  6
2327  1.3741861e-03 3.11e-02 6.46e-02 -11.0 1.94e-02    -  1.00e+00 6.25e-02h  5
2328  1.3762956e-03 4.88e-04 2.00e-02 -11.0 3.27e-03    -  1.00e+00 1.00e+00h  1
2329  1.5746641e-03 2.85e-05 3.73e-01 -11.0 3.67e-03    -  1.00e+00 1.00e+00H  1
iter    objective    inf_pr   inf_du lg(mu)  ||d||  lg(rg) alpha_du alpha_pr  ls
2330  1.3721086e-03 1.27e-02 8.86e-03 -11.0 3.64e-03    -  1.00e+00 1.00e+00h  1
2331  1.3731817e-03 1.74e-05 2.35e-02 -11.0 3.65e-04    -  1.00e+00 1.00e+00h  1
2332  1.3727069e-03 2.91e-05 6.34e-03 -11.0 4.24e-04    -  1.00e+00 1.00e+00h  1
2333  1.3729861e-03 9.68e-06 9.69e-03 -11.0 1.82e-03    -  1.00e+00 1.00e+00H  1
2334  1.3865756e-03 1.63e-06 4.75e-02 -11.0 2.94e-03    -  1.00e+00 1.00e+00H  1
2335  1.3737774e-03 2.29e-05 3.02e-02 -11.0 2.12e-03    -  1.00e+00 1.00e+00H  1
2336  1.3703633e-03 8.38e-04 1.54e-02 -11.0 1.75e-03    -  1.00e+00 1.00e+00h  1
2337  1.3720675e-03 4.68e-04 2.61e-02 -11.0 1.49e-03    -  1.00e+00 5.00e-01h  2
2338  1.3694297e-03 1.56e-04 8.80e-03 -11.0 6.42e-04    -  1.00e+00 1.00e+00h  1
2339  1.3691131e-03 6.49e-05 1.33e-02 -11.0 7.79e-04    -  1.00e+00 1.00e+00h  1
iter    objective    inf_pr   inf_du lg(mu)  ||d||  lg(rg) alpha_du alpha_pr  ls
2340  1.3698403e-03 1.42e-05 1.50e-01 -11.0 7.45e-03    -  1.00e+00 1.00e+00H  1
2341  1.3684414e-03 1.38e-03 1.87e-01 -11.0 1.19e-01    -  1.00e+00 3.12e-02h  6
2342  1.3681916e-03 1.77e-03 2.00e-01 -11.0 5.11e-02    -  1.00e+00 3.12e-02h  6
2343  1.4270397e-03 8.17e-07 7.12e-02 -11.0 5.48e-03    -  1.00e+00 1.00e+00H  1
2344  1.3674182e-03 8.14e-03 2.06e-02 -11.0 7.65e-03    -  1.00e+00 1.00e+00h  1
2345  1.3674832e-03 6.90e-03 2.41e-02 -11.0 6.97e-03    -  1.00e+00 2.50e-01h  3
2346  1.3684451e-03 1.52e-03 2.29e-02 -11.0 2.92e-03    -  1.00e+00 1.00e+00h  1
2347  1.3718077e-03 7.08e-05 1.86e-02 -11.0 2.20e-03    -  1.00e+00 1.00e+00H  1
2348  1.3733067e-03 6.34e-06 2.16e-02 -11.0 1.80e-03    -  1.00e+00 1.00e+00H  1
2349  1.3644183e-03 5.57e-04 9.79e-03 -11.0 1.32e-03    -  1.00e+00 1.00e+00h  1
iter    objective    inf_pr   inf_du lg(mu)  ||d||  lg(rg) alpha_du alpha_pr  ls
2350  1.3648381e-03 1.54e-04 9.50e-03 -11.0 4.13e-04    -  1.00e+00 1.00e+00h  1
2351  1.3643058e-03 2.87e-05 9.70e-04 -11.0 2.88e-04    -  1.00e+00 1.00e+00h  1
2352  1.3642572e-03 1.46e-06 1.02e-03 -11.0 1.44e-04    -  1.00e+00 1.00e+00h  1
2353  1.3651873e-03 1.08e-06 1.30e-02 -11.0 5.68e-03    -  1.00e+00 1.00e+00H  1
2354  1.3651462e-03 1.41e-06 1.35e-02 -11.0 4.51e-02    -  1.00e+00 1.95e-03h 10
2355  1.3840204e-03 6.58e-07 5.70e-02 -11.0 7.14e-03    -  1.00e+00 1.00e+00H  1
2356  1.3808087e-03 3.26e-07 3.82e-02 -11.0 1.58e-03    -  1.00e+00 1.00e+00H  1
2357  1.3625166e-03 4.27e-04 1.54e-02 -11.0 1.90e-03    -  1.00e+00 1.00e+00h  1
2358  1.3624121e-03 2.08e-04 7.65e-03 -11.0 4.06e-04    -  1.00e+00 1.00e+00h  1
2359  1.3619591e-03 1.78e-05 2.85e-03 -11.0 2.38e-04    -  1.00e+00 1.00e+00h  1
iter    objective    inf_pr   inf_du lg(mu)  ||d||  lg(rg) alpha_du alpha_pr  ls
2360  1.3619212e-03 1.07e-06 3.44e-03 -11.0 8.36e-05    -  1.00e+00 1.00e+00h  1
2361  1.3618738e-03 4.27e-07 1.65e-03 -11.0 1.29e-04    -  1.00e+00 1.00e+00h  1
2362  1.3625233e-03 2.87e-07 1.49e-02 -11.0 2.96e-03    -  1.00e+00 1.00e+00H  1
2363  1.3624964e-03 2.65e-07 1.45e-02 -11.0 1.31e-02    -  1.00e+00 3.91e-03h  9
2364  1.3617123e-03 2.12e-04 2.07e-02 -11.0 4.02e-02    -  1.00e+00 6.25e-02h  5
2365  1.3616798e-03 2.27e-04 3.65e-02 -11.0 2.66e-02    -  1.00e+00 6.25e-02h  5
2366  1.3613613e-03 2.47e-04 3.95e-02 -11.0 6.88e-03    -  1.00e+00 1.25e-01h  4
2367  1.3714093e-03 1.33e-07 5.92e-02 -11.0 4.77e-03    -  1.00e+00 1.00e+00H  1
2368  1.3610220e-03 7.66e-04 1.51e-02 -11.0 4.72e-03    -  1.00e+00 1.00e+00h  1
2369  1.3959248e-03 8.39e-08 9.42e-02 -11.0 3.69e-03    -  1.00e+00 1.00e+00H  1
iter    objective    inf_pr   inf_du lg(mu)  ||d||  lg(rg) alpha_du alpha_pr  ls
2370  1.3606594e-03 9.76e-04 1.41e-02 -11.0 4.27e-03    -  1.00e+00 1.00e+00h  1
2371  1.3608310e-03 4.99e-04 2.01e-02 -11.0 1.22e-03    -  1.00e+00 5.00e-01h  2
2372  1.3600842e-03 6.73e-06 8.30e-04 -11.0 3.00e-04    -  1.00e+00 1.00e+00h  1
2373  1.3601159e-03 1.83e-07 6.11e-04 -11.0 8.74e-05    -  1.00e+00 1.00e+00h  1
2374  1.3599687e-03 2.69e-05 3.64e-03 -11.0 1.23e-03    -  1.00e+00 1.00e+00h  1
2375  1.3597501e-03 1.10e-04 6.25e-03 -11.0 7.87e-02    -  1.00e+00 3.12e-02h  6
2376  1.3597284e-03 1.90e-04 1.07e-02 -11.0 8.30e-02    -  1.00e+00 3.12e-02h  6
2377  1.3596865e-03 2.42e-04 1.01e-02 -11.0 3.30e-02    -  1.00e+00 6.25e-02h  5
2378  1.3596074e-03 2.75e-04 1.64e-02 -11.0 2.42e-02    -  1.00e+00 6.25e-02h  5
2379  1.3593648e-03 7.15e-04 2.06e-02 -11.0 8.59e-02    -  1.00e+00 6.25e-02h  5
iter    objective    inf_pr   inf_du lg(mu)  ||d||  lg(rg) alpha_du alpha_pr  ls
2380  1.3580659e-03 4.59e-03 3.92e-02 -11.0 1.01e+00    -  1.00e+00 1.56e-02h  7
2381  1.3580261e-03 4.71e-03 4.40e-02 -11.0 3.69e-01    -  1.00e+00 7.81e-03h  8
2382  1.3576875e-03 4.51e-03 4.42e-02 -11.0 3.70e-02    -  1.00e+00 1.25e-01h  4
2383  1.3584423e-03 4.01e-03 3.19e-02 -11.0 7.69e-03    -  1.00e+00 1.25e-01h  4
2384  1.3575615e-03 7.22e-04 2.17e-02 -11.0 5.27e-03    -  1.00e+00 1.00e+00h  1
2385  1.3584030e-03 7.31e-04 3.53e-02 -11.0 3.32e-02    -  1.00e+00 1.25e-01h  4
2386  1.3568608e-03 1.13e-03 2.29e-02 -11.0 1.15e-02    -  1.00e+00 5.00e-01h  2
2387  1.3562538e-03 2.63e-03 2.57e-02 -11.0 1.70e-01    -  1.00e+00 6.25e-02h  5
2388  1.3564344e-03 2.98e-03 2.86e-02 -11.0 3.40e-01    -  1.00e+00 1.56e-02h  7
2389  1.3563094e-03 2.87e-03 1.43e-02 -11.0 2.19e-02    -  1.00e+00 3.12e-02h  6
iter    objective    inf_pr   inf_du lg(mu)  ||d||  lg(rg) alpha_du alpha_pr  ls
2390  1.3560916e-03 4.53e-03 3.60e-02 -11.0 1.32e-02    -  1.00e+00 1.00e+00h  1
2391  1.3556250e-03 4.57e-03 4.37e-02 -11.0 5.40e-01    -  1.00e+00 7.81e-03h  8
2392  1.3559229e-03 4.08e-03 6.02e-02 -11.0 1.29e-01    -  1.00e+00 6.25e-02h  5
2393  1.3554270e-03 3.94e-03 5.26e-02 -11.0 6.15e-02    -  1.00e+00 6.25e-02h  5
2394  1.3548311e-03 4.05e-03 4.61e-02 -11.0 1.46e-01    -  1.00e+00 3.12e-02h  6
2395  1.3541892e-03 4.17e-03 3.49e-02 -11.0 2.47e-01    -  1.00e+00 1.56e-02h  7
2396  1.3532628e-03 4.63e-03 5.92e-02 -11.0 9.74e-02    -  1.00e+00 3.12e-02h  6
2397  1.3527946e-03 4.26e-03 4.76e-02 -11.0 1.45e-02    -  1.00e+00 1.25e-01h  4
2398  1.3527579e-03 4.59e-03 4.84e-02 -11.0 4.46e-02    -  1.00e+00 2.50e-01h  3
2399  1.3526786e-03 5.09e-03 6.34e-02 -11.0 1.96e+00    -  1.00e+00 3.91e-03h  9
iter    objective    inf_pr   inf_du lg(mu)  ||d||  lg(rg) alpha_du alpha_pr  ls
2400  1.3525919e-03 5.26e-03 5.96e-02 -11.0 1.59e+01    -  1.00e+00 2.44e-04h 13
2401  8.0952661e-03 2.08e+00 1.04e+00 -11.0 4.81e-01    -  1.00e+00 1.00e+00w  1
2402  3.3104659e+01 3.73e+03 2.40e+02 -11.0 2.14e+00    -  1.00e+00 1.00e+00w  1
2403  2.6925105e+01 3.19e+03 5.99e+01 -11.0 3.68e+00    -  1.00e+00 1.00e+00w  1
2404  1.3525048e-03 5.27e-03 5.76e-02 -11.0 1.45e+00    -  1.00e+00 3.91e-03h  8
2405  1.3567345e-03 6.04e-05 2.80e-02 -11.0 3.23e-04    -  1.00e+00 1.00e+00h  1
2406  1.3588007e-03 3.11e-05 1.98e-02 -11.0 1.50e-04    -  1.00e+00 5.00e-01h  2
2407  1.3587205e-03 1.54e-07 2.65e-02 -11.0 5.57e-04    -  1.00e+00 1.00e+00H  1
2408  1.3550582e-03 1.76e-04 5.33e-03 -11.0 6.37e-04    -  1.00e+00 1.00e+00h  1
2409  1.3723155e-03 1.92e-08 1.03e-01 -11.0 2.56e-03    -  1.00e+00 1.00e+00H  1
iter    objective    inf_pr   inf_du lg(mu)  ||d||  lg(rg) alpha_du alpha_pr  ls
2410  1.3532402e-03 4.49e-04 5.21e-02 -11.0 1.24e-03    -  1.00e+00 1.00e+00h  1
2411  1.3500840e-03 1.86e-04 1.18e-02 -11.0 6.71e-04    -  1.00e+00 1.00e+00h  1
2412  1.3498618e-03 4.88e-05 7.27e-03 -11.0 1.80e-04    -  1.00e+00 1.00e+00h  1
2413  1.3497850e-03 7.58e-06 1.08e-03 -11.0 8.96e-05    -  1.00e+00 1.00e+00h  1
2414  1.3497409e-03 2.61e-06 1.76e-03 -11.0 8.05e-05    -  1.00e+00 1.00e+00h  1
2415  1.3497752e-03 3.53e-07 9.67e-03 -11.0 3.55e-04    -  1.00e+00 1.00e+00H  1
2416  1.3496342e-03 3.06e-05 7.08e-03 -11.0 3.27e-04    -  1.00e+00 1.00e+00h  1
2417  1.3500239e-03 8.18e-09 6.29e-04 -11.0 4.47e-04    -  1.00e+00 1.00e+00H  1
2418  1.3494129e-03 2.03e-05 2.11e-03 -11.0 2.76e-04    -  1.00e+00 1.00e+00h  1
2419  1.3493638e-03 1.85e-05 9.51e-04 -11.0 1.65e-04    -  1.00e+00 1.00e+00h  1
iter    objective    inf_pr   inf_du lg(mu)  ||d||  lg(rg) alpha_du alpha_pr  ls
2420  1.3492259e-03 7.63e-05 9.02e-03 -11.0 7.36e-04    -  1.00e+00 1.00e+00h  1
2421  1.3491114e-03 3.06e-04 2.45e-02 -11.0 2.02e-02    -  1.00e+00 6.25e-02h  5
2422  1.3490724e-03 4.49e-04 2.64e-02 -11.0 2.10e-02    -  1.00e+00 6.25e-02h  5
2423  1.3489364e-03 3.85e-04 2.56e-02 -11.0 4.21e-03    -  1.00e+00 1.25e-01h  4
2424  1.3487892e-03 2.67e-04 2.68e-02 -11.0 2.85e-03    -  1.00e+00 2.50e-01h  3
2425  1.3489241e-03 1.34e-04 1.84e-02 -11.0 8.86e-04    -  1.00e+00 5.00e-01h  2
2426  1.3484488e-03 2.44e-05 4.22e-03 -11.0 5.77e-04    -  1.00e+00 1.00e+00h  1
2427  1.3492654e-03 3.69e-06 8.52e-03 -11.0 8.43e-04    -  1.00e+00 1.00e+00H  1
2428  1.3481970e-03 5.74e-05 1.12e-02 -11.0 1.48e-03    -  1.00e+00 1.00e+00h  1
2429  1.3478178e-03 7.91e-05 8.20e-03 -11.0 6.42e-03    -  1.00e+00 1.25e-01h  4
iter    objective    inf_pr   inf_du lg(mu)  ||d||  lg(rg) alpha_du alpha_pr  ls
2430  1.3483193e-03 4.01e-06 1.95e-02 -11.0 2.43e-03    -  1.00e+00 1.00e+00H  1
2431  1.3479334e-03 6.08e-05 1.31e-02 -11.0 9.46e-03    -  1.00e+00 1.25e-01h  4
2432  1.3472920e-03 8.94e-04 1.18e-02 -11.0 7.38e-02    -  1.00e+00 6.25e-02h  5
2433  1.3470218e-03 9.48e-04 1.37e-02 -11.0 9.01e-02    -  1.00e+00 1.56e-02h  7
2434  1.3468999e-03 1.10e-03 2.19e-02 -11.0 2.07e-02    -  1.00e+00 1.25e-01h  4
2435  1.3466411e-03 1.27e-03 2.65e-02 -11.0 7.42e-02    -  1.00e+00 3.12e-02h  6
2436  1.3465565e-03 1.22e-03 2.59e-02 -11.0 2.43e-02    -  1.00e+00 6.25e-02h  5
2437  1.3465527e-03 3.85e-03 1.98e-02 -11.0 1.75e-02    -  1.00e+00 5.00e-01h  2
2438  1.3463677e-03 7.61e-03 2.36e-02 -11.0 3.07e-01    -  1.00e+00 3.12e-02h  6
2439  1.3459960e-03 8.34e-03 2.60e-02 -11.0 5.26e-01    -  1.00e+00 7.81e-03h  8
iter    objective    inf_pr   inf_du lg(mu)  ||d||  lg(rg) alpha_du alpha_pr  ls
2440  1.3452940e-03 9.69e-03 2.52e-02 -11.0 1.79e-01    -  1.00e+00 3.12e-02h  6
2441  3.2383222e-03 7.60e-01 6.09e-01 -11.0 9.82e-02    -  1.00e+00 1.00e+00w  1
2442  3.1685893e-03 5.74e-01 4.95e-01 -11.0 5.81e-02    -  1.00e+00 1.00e+00w  1
2443  8.1315268e-03 6.15e-01 1.35e+00 -11.0 1.71e-01    -  1.00e+00 1.00e+00w  1
2444  1.3446412e-03 1.01e-02 1.79e-02 -11.0 3.34e-01    -  1.00e+00 3.12e-02h  5
2445  1.3429808e-03 8.98e-03 1.76e-02 -11.0 1.12e-02    -  1.00e+00 1.25e-01h  4
2446  1.3430095e-03 6.78e-03 3.50e-02 -11.0 3.50e-03    -  1.00e+00 2.50e-01h  3
2447  1.3420969e-03 1.05e-04 1.76e-02 -11.0 8.07e-04    -  1.00e+00 1.00e+00h  1
2448  1.3413853e-03 8.02e-05 4.25e-03 -11.0 7.22e-04    -  1.00e+00 1.00e+00h  1
2449  1.3419042e-03 1.71e-04 1.21e-02 -11.0 6.80e-04    -  1.00e+00 1.00e+00h  1
iter    objective    inf_pr   inf_du lg(mu)  ||d||  lg(rg) alpha_du alpha_pr  ls
2450  1.3410204e-03 1.75e-04 5.16e-03 -11.0 6.09e-04    -  1.00e+00 1.00e+00h  1
2451  1.3415649e-03 1.65e-07 3.56e-02 -11.0 5.79e-04    -  1.00e+00 1.00e+00H  1
2452  1.3406734e-03 3.09e-05 2.65e-03 -11.0 1.87e-04    -  1.00e+00 1.00e+00h  1
2453  1.3405215e-03 4.48e-06 2.71e-03 -11.0 4.44e-04    -  1.00e+00 1.00e+00h  1
2454  1.3404635e-03 1.55e-04 1.55e-02 -11.0 3.49e-02    -  1.00e+00 6.25e-02h  5
2455  1.3402478e-03 2.73e-04 1.72e-02 -11.0 1.55e-02    -  1.00e+00 1.25e-01h  4
2456  1.3396910e-03 6.07e-04 1.70e-02 -11.0 2.68e-02    -  1.00e+00 1.25e-01h  4
2457  1.3386862e-03 1.39e-03 2.00e-02 -11.0 9.11e-02    -  1.00e+00 6.25e-02h  5
2458  1.3385986e-03 2.10e-03 1.60e-02 -11.0 1.75e-01    -  1.00e+00 3.12e-02h  6
2459  1.3385179e-03 2.12e-03 1.64e-02 -11.0 4.69e-02    -  1.00e+00 6.25e-02h  5
iter    objective    inf_pr   inf_du lg(mu)  ||d||  lg(rg) alpha_du alpha_pr  ls
2460  1.3380166e-03 1.84e-03 1.70e-02 -11.0 1.24e-02    -  1.00e+00 1.25e-01h  4
2461  1.3377938e-03 1.96e-03 2.25e-02 -11.0 1.94e-02    -  1.00e+00 2.50e-01h  3
2462  1.3375700e-03 2.02e-03 1.74e-02 -11.0 4.41e-02    -  1.00e+00 6.25e-02h  5
2463  1.3371981e-03 2.19e-03 1.97e-02 -11.0 9.55e-02    -  1.00e+00 3.12e-02h  6
2464  2.1129922e-03 4.38e-01 2.48e-01 -11.0 9.00e-02    -  1.00e+00 1.00e+00w  1
2465  5.4462299e-03 5.33e-01 1.60e+00 -11.0 1.05e-01    -  1.00e+00 1.00e+00w  1
2466  3.9400571e+01 1.48e+03 1.01e+03 -11.0 2.17e+00    -  1.00e+00 1.00e+00w  1
2467  1.3369499e-03 2.44e-03 1.52e-02 -11.0 3.88e+00    -  1.00e+00 3.12e-02h  5
2468  1.3372746e-03 1.66e-03 1.02e-02 -11.0 7.17e-03    -  1.00e+00 5.00e-01h  2
2469  1.3370602e-03 1.96e-03 1.39e-02 -11.0 3.71e-01    -  1.00e+00 7.81e-03h  8
iter    objective    inf_pr   inf_du lg(mu)  ||d||  lg(rg) alpha_du alpha_pr  ls
2470  1.3368011e-03 1.93e-03 2.41e-02 -11.0 1.98e-02    -  1.00e+00 1.56e-02h  7
2471  1.3359940e-03 8.15e-04 2.88e-03 -11.0 4.38e-03    -  1.00e+00 1.00e+00h  1
2472  1.3358065e-03 8.51e-04 5.05e-03 -11.0 5.70e-02    -  1.00e+00 1.56e-02h  7
2473  1.3365203e-03 6.55e-04 6.26e-03 -11.0 4.36e-03    -  1.00e+00 5.00e-01h  2
2474  1.3362106e-03 7.04e-04 6.12e-03 -11.0 1.51e-02    -  1.00e+00 1.25e-01h  4
2475  1.3359647e-03 7.94e-04 1.08e-02 -11.0 5.93e-02    -  1.00e+00 3.12e-02h  6
2476  1.3363956e-03 6.32e-04 7.15e-03 -11.0 3.80e-03    -  1.00e+00 2.50e-01h  3
2477  1.3358524e-03 2.67e-04 1.53e-02 -11.0 8.86e-04    -  1.00e+00 1.00e+00h  1
2478  1.3366579e-03 5.17e-04 2.79e-02 -11.0 7.58e-04    -  1.00e+00 1.00e+00h  1
2479  1.3347471e-03 1.15e-04 1.67e-03 -11.0 1.32e-03    -  1.00e+00 1.00e+00h  1
iter    objective    inf_pr   inf_du lg(mu)  ||d||  lg(rg) alpha_du alpha_pr  ls
2480  1.3346865e-03 1.55e-04 1.32e-02 -11.0 3.01e-03    -  1.00e+00 1.00e+00h  1
2481  1.3343961e-03 1.11e-03 2.03e-02 -11.0 1.23e-01    -  1.00e+00 6.25e-02h  5
2482  1.3343841e-03 3.37e-03 1.77e-02 -11.0 8.05e-01    -  1.00e+00 1.56e-02h  7
2483  1.3338105e-03 6.84e-03 4.59e-02 -11.0 2.23e+00    -  1.00e+00 7.81e-03h  8
2484  1.3332366e-03 7.11e-03 5.24e-02 -11.0 3.21e+00    -  1.00e+00 1.95e-03h 10
2485  1.3327855e-03 7.24e-03 5.29e-02 -11.0 7.91e-01    -  1.00e+00 7.81e-03h  8
2486  1.3320838e-03 7.65e-03 5.97e-02 -11.0 1.14e+00    -  1.00e+00 7.81e-03h  8
2487  1.3313012e-03 7.62e-03 5.19e-02 -11.0 1.06e+00    -  1.00e+00 3.91e-03h  9
2488  1.3320285e-03 8.07e-03 3.39e-02 -11.0 3.37e-02    -  1.00e+00 1.25e-01h  4
2489  1.3310575e-03 8.05e-03 3.72e-02 -11.0 4.47e-02    -  1.00e+00 6.25e-02h  5
iter    objective    inf_pr   inf_du lg(mu)  ||d||  lg(rg) alpha_du alpha_pr  ls
2490  1.3302067e-03 8.10e-03 2.70e-02 -11.0 7.20e-02    -  1.00e+00 1.25e-01h  4
2491  1.2447958e-02 7.15e-01 1.01e+00 -11.0 1.32e-01    -  1.00e+00 1.00e+00w  1
2492  3.2337267e-03 4.03e-01 7.26e-01 -11.0 4.21e-02    -  1.00e+00 1.00e+00w  1
2493  2.6829053e-02 7.37e+00 6.23e+00 -11.0 6.58e-01    -  1.00e+00 1.00e+00w  1
2494  1.3307765e-03 7.87e-03 3.71e-02 -11.0 3.37e+00    -  1.00e+00 1.56e-02h  6
2495  1.3304252e-03 7.90e-03 3.61e-02 -11.0 1.43e+00    -  1.00e+00 1.95e-03h 10
2496  1.3297632e-03 8.18e-03 3.52e-02 -11.0 4.39e-01    -  1.00e+00 7.81e-03h  8
2497  1.3292518e-03 8.16e-03 3.45e-02 -11.0 2.65e-02    -  1.00e+00 3.12e-02h  6
2498  1.3317311e-03 6.27e-03 4.95e-02 -11.0 1.32e-02    -  1.00e+00 2.50e-01h  3
2499  1.3337918e-03 3.81e-03 1.31e-02 -11.0 1.03e-02    -  1.00e+00 5.00e-01h  2
iter    objective    inf_pr   inf_du lg(mu)  ||d||  lg(rg) alpha_du alpha_pr  ls
2500  1.3339316e-03 2.33e-03 3.90e-02 -11.0 1.10e-02    -  1.00e+00 5.00e-01h  2
2501  1.3316012e-03 2.03e-03 6.30e-02 -11.0 4.22e-02    -  1.00e+00 1.25e-01h  4
2502  1.3294205e-03 2.52e-03 2.68e-02 -11.0 6.92e-02    -  1.00e+00 1.25e-01h  4
2503  1.3282216e-03 2.48e-03 3.71e-02 -11.0 1.18e-01    -  1.00e+00 3.12e-02h  6
2504  1.6576214e-03 7.33e-02 3.68e-01 -11.0 5.56e-02    -  1.00e+00 1.00e+00w  1
2505  1.5877362e-03 6.36e-02 1.73e-01 -11.0 7.79e-03    -  1.00e+00 1.00e+00w  1
2506  1.3882144e-03 3.77e-02 1.76e-01 -11.0 1.23e-02    -  1.00e+00 1.00e+00w  1
2507  1.3275772e-03 2.58e-03 2.97e-02 -11.0 5.43e-03    -  1.00e+00 6.25e-02h  4
2508  1.3265187e-03 2.63e-03 2.52e-02 -11.0 2.10e-01    -  1.00e+00 1.56e-02h  7
2509  1.3271841e-03 2.49e-03 4.72e-02 -11.0 6.88e-03    -  1.00e+00 1.25e-01h  4
iter    objective    inf_pr   inf_du lg(mu)  ||d||  lg(rg) alpha_du alpha_pr  ls
2510  1.3254715e-03 2.47e-04 1.60e-02 -11.0 4.17e-03    -  1.00e+00 1.00e+00h  1
2511  1.3254656e-03 4.16e-04 1.50e-02 -11.0 2.64e-02    -  1.00e+00 1.25e-01h  4
2512  1.3252702e-03 4.02e-04 9.20e-03 -11.0 1.65e-02    -  1.00e+00 1.25e-01h  4
2513  1.3244336e-03 2.93e-03 3.83e-02 -11.0 5.21e-02    -  1.00e+00 2.50e-01h  3
2514  1.3236983e-03 3.87e-03 4.13e-02 -11.0 1.08e+00    -  1.00e+00 7.81e-03h  8
2515  1.3236132e-03 4.91e-03 5.78e-02 -11.0 1.19e+00    -  1.00e+00 7.81e-03h  8
2516  1.3235014e-03 5.57e-03 6.49e-02 -11.0 3.54e-01    -  1.00e+00 3.12e-02h  6
2517  1.3230026e-03 7.58e-03 6.27e-02 -11.0 3.53e+00    -  1.00e+00 3.91e-03h  9
2518  1.3229170e-03 8.06e-03 7.93e-02 -11.0 8.57e-01    -  1.00e+00 7.81e-03h  8
2519  1.3225871e-03 8.24e-03 7.34e-02 -11.0 1.76e-01    -  1.00e+00 3.12e-02h  6
iter    objective    inf_pr   inf_du lg(mu)  ||d||  lg(rg) alpha_du alpha_pr  ls
2520  1.3222187e-03 8.30e-03 3.75e-02 -11.0 5.39e-01    -  1.00e+00 7.81e-03h  8
2521  1.3919628e-03 2.89e-02 1.61e-01 -11.0 2.11e-02    -  1.00e+00 1.00e+00w  1
2522  1.8362830e-03 1.29e-01 3.44e-01 -11.0 9.08e-02    -  1.00e+00 1.00e+00w  1
2523  2.0583720e-01 4.74e+01 2.25e+01 -11.0 1.52e+00    -  1.00e+00 1.00e+00w  1
2524  1.3216133e-03 7.71e-03 3.97e-02 -11.0 4.97e+00    -  1.00e+00 1.25e-01h  3
2525  1.3212485e-03 1.33e-04 2.67e-02 -11.0 5.39e-04    -  1.00e+00 1.00e+00h  1
2526  1.3207911e-03 1.98e-05 7.03e-03 -11.0 1.87e-04    -  1.00e+00 1.00e+00h  1
2527  1.3206898e-03 3.87e-06 1.44e-03 -11.0 7.24e-05    -  1.00e+00 1.00e+00h  1
2528  1.3203498e-03 4.01e-05 4.00e-03 -11.0 3.63e-04    -  1.00e+00 1.00e+00h  1
2529  1.3238558e-03 1.92e-06 5.20e-02 -11.0 1.42e-03    -  1.00e+00 1.00e+00H  1
iter    objective    inf_pr   inf_du lg(mu)  ||d||  lg(rg) alpha_du alpha_pr  ls
2530  1.3199455e-03 3.14e-04 7.72e-03 -11.0 7.70e-04    -  1.00e+00 1.00e+00h  1
2531  1.3198889e-03 1.07e-05 8.13e-03 -11.0 2.16e-04    -  1.00e+00 1.00e+00h  1
2532  1.3197691e-03 3.94e-06 2.96e-03 -11.0 1.02e-04    -  1.00e+00 1.00e+00h  1
2533  1.3195619e-03 2.91e-05 6.50e-03 -11.0 4.59e-04    -  1.00e+00 1.00e+00h  1
2534  1.3193533e-03 4.25e-04 7.45e-03 -11.0 1.44e-02    -  1.00e+00 1.25e-01h  4
2535  1.3190616e-03 5.20e-04 1.39e-02 -11.0 8.92e-03    -  1.00e+00 1.25e-01h  4
2536  1.3371968e-03 1.03e-06 6.77e-02 -11.0 6.54e-03    -  1.00e+00 1.00e+00H  1
2537  1.3227680e-03 1.43e-06 4.39e-02 -11.0 1.84e-03    -  1.00e+00 1.00e+00H  1
2538  1.3162862e-03 4.31e-04 3.99e-02 -11.0 1.08e-03    -  1.00e+00 1.00e+00h  1
2539  1.3156085e-03 1.80e-04 5.86e-03 -11.0 1.24e-03    -  1.00e+00 1.00e+00h  1
iter    objective    inf_pr   inf_du lg(mu)  ||d||  lg(rg) alpha_du alpha_pr  ls
2540  1.3154454e-03 3.21e-04 1.41e-02 -11.0 1.04e-02    -  1.00e+00 1.25e-01h  4
2541  1.3153653e-03 2.24e-03 1.56e-02 -11.0 1.59e-02    -  1.00e+00 2.50e-01h  3
2542  1.3150910e-03 3.19e-03 2.54e-02 -11.0 9.16e-02    -  1.00e+00 3.12e-02h  6
2543  1.3148597e-03 2.89e-03 3.03e-02 -11.0 8.63e-03    -  1.00e+00 1.25e-01h  4
2544  1.3149375e-03 2.84e-03 4.41e-02 -11.0 9.49e-03    -  1.00e+00 2.50e-01h  3
2545  1.3141416e-03 2.17e-03 5.97e-02 -11.0 6.09e-03    -  1.00e+00 2.50e-01h  3
2546  1.3137385e-03 1.64e-03 5.77e-02 -11.0 2.56e-03    -  1.00e+00 2.50e-01h  3
2547  1.3130525e-03 7.31e-04 4.74e-03 -11.0 1.35e-03    -  1.00e+00 1.00e+00h  1
2548  1.3216626e-03 1.20e-06 3.55e-02 -11.0 1.88e-03    -  1.00e+00 1.00e+00H  1
2549  1.3129549e-03 7.86e-04 3.83e-03 -11.0 1.43e-03    -  1.00e+00 1.00e+00h  1
iter    objective    inf_pr   inf_du lg(mu)  ||d||  lg(rg) alpha_du alpha_pr  ls
2550  1.3138407e-03 6.34e-05 9.05e-03 -11.0 5.89e-04    -  1.00e+00 1.00e+00h  1
2551  1.3127615e-03 2.08e-05 1.10e-03 -11.0 4.20e-04    -  1.00e+00 1.00e+00h  1
2552  1.3127286e-03 2.80e-06 1.68e-03 -11.0 6.21e-05    -  1.00e+00 1.00e+00h  1
2553  1.3126594e-03 8.54e-06 4.88e-03 -11.0 1.85e-04    -  1.00e+00 1.00e+00h  1
2554  1.3123079e-03 5.25e-04 1.03e-02 -11.0 1.35e-02    -  1.00e+00 1.25e-01h  4
2555  1.3122291e-03 5.94e-04 1.39e-02 -11.0 4.54e-02    -  1.00e+00 1.56e-02h  7
2556  1.3120857e-03 9.55e-04 1.09e-02 -11.0 6.90e-03    -  1.00e+00 2.50e-01h  3
2557  1.3119429e-03 3.02e-03 2.59e-02 -11.0 5.31e-02    -  1.00e+00 6.25e-02h  5
2558  1.3118011e-03 3.36e-03 3.72e-02 -11.0 4.69e-02    -  1.00e+00 3.12e-02h  6
2559  1.3117235e-03 3.45e-03 4.23e-02 -11.0 1.89e-02    -  1.00e+00 6.25e-02h  5
iter    objective    inf_pr   inf_du lg(mu)  ||d||  lg(rg) alpha_du alpha_pr  ls
2560  1.3116661e-03 3.15e-03 2.08e-02 -11.0 8.24e-03    -  1.00e+00 1.25e-01h  4
2561  1.3111607e-03 2.85e-03 9.96e-03 -11.0 6.19e-03    -  1.00e+00 2.50e-01h  3
2562  1.3113894e-03 2.82e-03 2.21e-02 -11.0 9.55e-03    -  1.00e+00 1.25e-01h  4
2563  1.3112930e-03 1.48e-03 2.09e-02 -11.0 2.28e-03    -  1.00e+00 5.00e-01h  2
2564  1.3129816e-03 6.46e-04 4.21e-02 -11.0 1.40e-03    -  1.00e+00 1.00e+00w  1
2565  1.3113857e-03 1.69e-03 5.31e-03 -11.0 3.07e-03    -  1.00e+00 1.00e+00w  1
2566  1.4238699e-03 3.57e-02 6.77e-02 -11.0 1.19e-02    -  1.00e+00 1.00e+00w  1
2567  1.3110050e-03 8.94e-04 1.06e-02 -11.0 6.18e-03    -  1.00e+00 5.00e-01h  1
2568  1.3113192e-03 2.61e-04 7.33e-03 -11.0 1.16e-03    -  1.00e+00 1.00e+00h  1
2569  1.3167086e-03 1.62e-07 5.81e-02 -11.0 2.49e-03    -  1.00e+00 1.00e+00H  1
iter    objective    inf_pr   inf_du lg(mu)  ||d||  lg(rg) alpha_du alpha_pr  ls
2570  1.3133549e-03 1.73e-06 3.05e-02 -11.0 1.57e-03    -  1.00e+00 1.00e+00H  1
2571  1.3121530e-03 1.76e-05 1.41e-02 -11.0 2.08e-03    -  1.00e+00 1.00e+00H  1
2572  1.3151265e-03 1.81e-07 2.35e-02 -11.0 1.29e-03    -  1.00e+00 1.00e+00H  1
2573  1.3104325e-03 2.34e-04 4.99e-03 -11.0 1.06e-03    -  1.00e+00 1.00e+00h  1
2574  1.3102767e-03 1.86e-05 3.46e-03 -11.0 2.22e-04    -  1.00e+00 1.00e+00h  1
2575  1.3102217e-03 1.97e-05 2.63e-03 -11.0 1.02e-04    -  1.00e+00 1.00e+00h  1
2576  1.3101891e-03 3.85e-06 1.19e-03 -11.0 1.10e-04    -  1.00e+00 1.00e+00h  1
2577  1.3103177e-03 1.15e-07 8.18e-03 -11.0 4.45e-04    -  1.00e+00 1.00e+00H  1
2578  1.3099437e-03 3.07e-05 3.50e-03 -11.0 5.38e-04    -  1.00e+00 1.00e+00h  1
2579  1.3192549e-03 3.32e-08 9.63e-02 -11.0 2.33e-03    -  1.00e+00 1.00e+00H  1
iter    objective    inf_pr   inf_du lg(mu)  ||d||  lg(rg) alpha_du alpha_pr  ls
2580  1.3097421e-03 1.87e-04 8.59e-03 -11.0 1.01e-03    -  1.00e+00 1.00e+00h  1
2581  1.3098525e-03 1.91e-04 1.04e-02 -11.0 5.25e-04    -  1.00e+00 1.00e+00h  1
2582  1.3092487e-03 6.54e-05 4.86e-03 -11.0 6.91e-04    -  1.00e+00 1.00e+00h  1
2583  1.3175134e-03 1.81e-08 2.01e-03 -11.0 4.40e-03    -  1.00e+00 1.00e+00H  1
2584  1.3121273e-03 1.39e-07 1.80e-02 -11.0 1.46e-03    -  1.00e+00 1.00e+00H  1
2585  1.3093176e-03 2.66e-05 2.20e-02 -11.0 1.62e-03    -  1.00e+00 1.00e+00H  1
2586  1.3102870e-03 3.56e-06 1.51e-02 -11.0 8.24e-04    -  1.00e+00 1.00e+00H  1
2587  1.3081978e-03 6.93e-05 5.98e-03 -11.0 8.80e-04    -  1.00e+00 1.00e+00h  1
2588  1.3083577e-03 2.34e-06 4.01e-03 -11.0 1.06e-03    -  1.00e+00 1.00e+00H  1
2589  1.3122506e-03 3.33e-09 1.53e-03 -11.0 5.53e-03    -  1.00e+00 1.00e+00H  1
iter    objective    inf_pr   inf_du lg(mu)  ||d||  lg(rg) alpha_du alpha_pr  ls
2590  1.3122442e-03 1.95e-08 1.53e-03 -11.0 4.16e-02    -  1.00e+00 2.44e-04h 13
2591  1.3122339e-03 5.25e-08 1.53e-03 -11.0 2.50e-01    -  1.00e+00 6.10e-05h 15
2592  1.3122314e-03 5.30e-08 1.53e-03 -11.0 3.44e-02    -  1.00e+00 6.10e-05h 15
2593  1.3122262e-03 5.38e-08 1.53e-03 -11.0 1.07e-02    -  1.00e+00 2.44e-04h 13
2594  1.3114176e-03 2.85e-03 2.16e-02 -11.0 8.27e-02    -  1.00e+00 6.25e-02h  5
2595  1.3102856e-03 8.86e-03 3.70e-02 -11.0 1.04e-01    -  1.00e+00 6.25e-02h  5
2596  1.3100101e-03 1.63e-02 3.79e-02 -11.0 4.74e-01    -  1.00e+00 1.56e-02h  7
2597  1.3099561e-03 1.83e-02 4.08e-02 -11.0 5.39e-01    -  1.00e+00 7.81e-03h  8
2598  1.3096003e-03 1.79e-02 3.38e-02 -11.0 4.16e-02    -  1.00e+00 3.12e-02h  6
2599  1.3083479e-03 5.54e-02 7.67e-02 -11.0 7.21e-02    -  1.00e+00 2.50e-01h  3
iter    objective    inf_pr   inf_du lg(mu)  ||d||  lg(rg) alpha_du alpha_pr  ls
2600  1.4534699e-03 4.61e-01 3.31e-01 -11.0 5.86e-02    -  1.00e+00 1.00e+00w  1
2601  7.5936037e-03 1.54e+00 6.75e-01 -11.0 4.68e-02    -  1.00e+00 1.00e+00w  1
2602  2.5128792e-03 1.64e+00 2.48e-01 -11.0 3.95e-02    -  1.00e+00 1.00e+00w  1
2603  1.3075141e-03 5.56e-02 4.99e-02 -11.0 7.62e-02    -  1.00e+00 1.25e-01h  3
2604  1.3072130e-03 5.33e-02 6.57e-02 -11.0 4.06e-02    -  1.00e+00 6.25e-02h  5
2605  1.3081875e-03 2.82e-02 4.55e-02 -11.0 7.76e-03    -  1.00e+00 5.00e-01h  2
2606  1.3089626e-03 2.71e-02 3.59e-02 -11.0 2.58e-02    -  1.00e+00 2.50e-01h  3
2607  1.3082187e-03 2.74e-02 3.40e-02 -11.0 1.35e-01    -  1.00e+00 1.56e-02h  7
2608  1.3083795e-03 2.59e-02 3.48e-02 -11.0 1.95e-02    -  1.00e+00 6.25e-02h  5
2609  1.3112376e-03 4.70e-03 6.37e-02 -11.0 4.90e-03    -  1.00e+00 1.00e+00h  1
iter    objective    inf_pr   inf_du lg(mu)  ||d||  lg(rg) alpha_du alpha_pr  ls
2610  1.3091597e-03 4.58e-03 9.39e-02 -11.0 1.48e-02    -  1.00e+00 1.25e-01h  4
2611  1.3071370e-03 3.76e-03 5.70e-02 -11.0 2.66e-03    -  1.00e+00 2.50e-01h  3
2612  1.3020843e-03 2.41e-04 1.42e-02 -11.0 7.26e-04    -  1.00e+00 1.00e+00h  1
2613  1.3020527e-03 3.93e-05 1.17e-02 -11.0 3.96e-04    -  1.00e+00 1.00e+00h  1
2614  1.3018001e-03 1.63e-05 1.44e-02 -11.0 6.09e-04    -  1.00e+00 1.00e+00h  1
2615  1.3025413e-03 8.53e-06 1.20e-02 -11.0 1.74e-03    -  1.00e+00 1.00e+00H  1
2616  1.3106551e-03 2.24e-05 3.40e-02 -11.0 1.69e-03    -  1.00e+00 1.00e+00H  1
2617  1.3016473e-03 2.10e-03 3.22e-02 -11.0 1.32e-03    -  1.00e+00 1.00e+00h  1
2618  1.3005704e-03 1.07e-03 1.04e-02 -11.0 8.31e-04    -  1.00e+00 5.00e-01h  2
2619  1.3002185e-03 5.85e-05 1.32e-03 -11.0 7.70e-04    -  1.00e+00 1.00e+00h  1
iter    objective    inf_pr   inf_du lg(mu)  ||d||  lg(rg) alpha_du alpha_pr  ls
2620  1.3108146e-03 2.03e-06 6.51e-02 -11.0 8.53e-03    -  1.00e+00 1.00e+00H  1
2621  1.3103216e-03 6.51e-06 5.97e-02 -11.0 1.59e-02    -  1.00e+00 1.56e-02h  7
2622  1.3099253e-03 7.63e-06 5.78e-02 -11.0 2.95e-02    -  1.00e+00 3.91e-03h  9
2623  1.3094676e-03 7.71e-06 5.68e-02 -11.0 9.85e-03    -  1.00e+00 7.81e-03h  8
2624  1.3070977e-03 1.17e-06 3.98e-02 -11.0 3.81e-03    -  1.00e+00 1.00e+00H  1
2625  1.3707297e-03 3.05e-06 9.15e-02 -11.0 4.91e-03    -  1.00e+00 1.00e+00H  1
2626  1.2949455e-03 1.46e-02 7.44e-03 -11.0 4.93e-03    -  1.00e+00 1.00e+00h  1
2627  1.2987135e-03 8.59e-03 2.24e-02 -11.0 3.17e-03    -  1.00e+00 5.00e-01h  2
2628  1.2981822e-03 5.32e-04 7.92e-03 -11.0 1.25e-03    -  1.00e+00 1.00e+00h  1
2629  1.2992450e-03 8.95e-05 1.53e-02 -11.0 4.30e-04    -  1.00e+00 1.00e+00h  1
iter    objective    inf_pr   inf_du lg(mu)  ||d||  lg(rg) alpha_du alpha_pr  ls
2630  1.2979810e-03 7.18e-05 5.45e-04 -11.0 3.43e-04    -  1.00e+00 1.00e+00h  1
2631  1.2979462e-03 2.97e-07 6.70e-04 -11.0 3.81e-05    -  1.00e+00 1.00e+00h  1
2632  1.2993293e-03 8.56e-07 3.28e-02 -11.0 2.61e-03    -  1.00e+00 1.00e+00H  1
2633  1.3125984e-03 1.04e-06 4.26e-02 -11.0 3.86e-03    -  1.00e+00 1.00e+00H  1
2634  1.3022749e-03 4.25e-08 2.05e-02 -11.0 4.47e-03    -  1.00e+00 1.00e+00H  1
2635  1.3021331e-03 1.39e-07 2.04e-02 -11.0 4.34e-03    -  1.00e+00 3.91e-03h  9
2636  1.2977054e-03 3.41e-03 2.08e-02 -11.0 1.38e-03    -  1.00e+00 1.00e+00h  1
2637  1.2970815e-03 2.99e-04 2.24e-02 -11.0 8.45e-04    -  1.00e+00 1.00e+00h  1
2638  1.2965623e-03 1.85e-05 4.33e-03 -11.0 4.63e-04    -  1.00e+00 1.00e+00h  1
2639  1.2965633e-03 4.66e-07 5.66e-04 -11.0 7.05e-05    -  1.00e+00 1.00e+00h  1
iter    objective    inf_pr   inf_du lg(mu)  ||d||  lg(rg) alpha_du alpha_pr  ls
2640  1.2965412e-03 5.54e-05 1.23e-02 -11.0 7.87e-04    -  1.00e+00 1.00e+00h  1
2641  1.3038931e-03 3.56e-08 3.47e-02 -11.0 6.85e-03    -  1.00e+00 1.00e+00H  1
2642  1.3038880e-03 3.68e-08 3.47e-02 -11.0 1.41e-02    -  1.00e+00 2.44e-04h 13
2643  1.3038619e-03 3.78e-08 3.47e-02 -11.0 7.07e-03    -  1.00e+00 4.88e-04h 12
2644  1.2974336e-03 5.22e-07 1.95e-02 -11.0 2.20e-03    -  1.00e+00 1.00e+00H  1
2645  1.3023972e-03 1.59e-09 1.17e-03 -11.0 8.43e-04    -  1.00e+00 1.00e+00H  1
2646  1.2955210e-03 1.97e-04 1.81e-03 -11.0 8.94e-04    -  1.00e+00 1.00e+00h  1
2647  1.2954713e-03 3.74e-06 4.31e-03 -11.0 2.69e-04    -  1.00e+00 1.00e+00h  1
2648  1.2956010e-03 3.11e-06 8.54e-03 -11.0 3.36e-03    -  1.00e+00 1.00e+00H  1
2649  1.2954710e-03 6.10e-05 8.75e-03 -11.0 6.72e-02    -  1.00e+00 1.56e-02h  7
iter    objective    inf_pr   inf_du lg(mu)  ||d||  lg(rg) alpha_du alpha_pr  ls
2650  1.2952863e-03 3.41e-04 8.74e-03 -11.0 7.12e-02    -  1.00e+00 3.12e-02h  6
2651  1.2950973e-03 7.37e-04 8.81e-03 -11.0 8.13e-02    -  1.00e+00 3.12e-02h  6
2652  1.2947260e-03 1.95e-03 1.06e-02 -11.0 1.41e-01    -  1.00e+00 3.12e-02h  6
2653  1.2945205e-03 2.59e-03 7.69e-03 -11.0 2.18e-01    -  1.00e+00 1.56e-02h  7
2654  1.2939173e-03 4.84e-03 9.14e-03 -11.0 1.94e-01    -  1.00e+00 3.12e-02h  6
2655  1.2938627e-03 4.92e-03 1.34e-02 -11.0 1.36e-01    -  1.00e+00 7.81e-03h  8
2656  1.2940525e-03 2.64e-03 2.76e-02 -11.0 3.21e-03    -  1.00e+00 5.00e-01h  2
2657  1.2939562e-03 1.45e-03 2.22e-02 -11.0 2.88e-03    -  1.00e+00 5.00e-01h  2
2658  1.2937221e-03 1.28e-03 1.23e-02 -11.0 4.87e-03    -  1.00e+00 2.50e-01h  3
2659  1.2961256e-03 1.05e-03 1.94e-02 -11.0 8.58e-04    -  1.00e+00 1.00e+00w  1
iter    objective    inf_pr   inf_du lg(mu)  ||d||  lg(rg) alpha_du alpha_pr  ls
2660  1.2926143e-03 9.61e-04 3.36e-03 -11.0 2.60e-03    -  1.00e+00 1.00e+00h  1
2661  1.2929787e-03 7.51e-04 6.95e-03 -11.0 3.07e-03    -  1.00e+00 2.50e-01h  3
2662  1.2923618e-03 8.24e-05 2.66e-03 -11.0 5.03e-04    -  1.00e+00 1.00e+00h  1
2663  1.2949038e-03 1.67e-06 3.75e-02 -11.0 7.44e-04    -  1.00e+00 1.00e+00H  1
2664  1.2919737e-03 1.11e-04 4.73e-03 -11.0 5.70e-04    -  1.00e+00 1.00e+00h  1
2665  1.2919914e-03 4.16e-06 7.39e-03 -11.0 2.82e-04    -  1.00e+00 1.00e+00h  1
2666  1.2919207e-03 7.19e-04 7.71e-03 -11.0 3.55e-03    -  1.00e+00 1.00e+00h  1
2667  1.2914854e-03 1.30e-03 6.65e-03 -11.0 1.06e-01    -  1.00e+00 3.12e-02h  6
2668  1.2913509e-03 1.36e-03 9.00e-03 -11.0 8.93e-02    -  1.00e+00 1.56e-02h  7
2669  1.2912862e-03 1.36e-03 1.43e-02 -11.0 1.19e-02    -  1.00e+00 1.25e-01h  4
iter    objective    inf_pr   inf_du lg(mu)  ||d||  lg(rg) alpha_du alpha_pr  ls
2670  1.2910479e-03 1.33e-03 1.75e-02 -11.0 1.38e-02    -  1.00e+00 6.25e-02h  5
2671  1.2908177e-03 1.38e-03 2.71e-02 -11.0 2.24e-02    -  1.00e+00 6.25e-02h  5
2672  1.2909829e-03 1.27e-03 3.63e-02 -11.0 4.75e-03    -  1.00e+00 1.25e-01h  4
2673  1.2913274e-03 3.21e-05 1.08e-02 -11.0 5.75e-03    -  1.00e+00 1.00e+00H  1
2674  1.2911632e-03 1.45e-04 2.18e-02 -11.0 1.15e-01    -  1.00e+00 1.56e-02h  7
2675  1.2910832e-03 2.62e-04 1.35e-02 -11.0 4.56e-03    -  1.00e+00 1.25e-01h  4
2676  1.2903249e-03 2.12e-03 2.17e-02 -11.0 5.64e-03    -  1.00e+00 1.00e+00h  1
2677  1.2902790e-03 2.70e-03 8.98e-03 -11.0 2.17e-01    -  1.00e+00 1.56e-02h  7
2678  1.2901730e-03 2.72e-03 1.04e-02 -11.0 3.84e-02    -  1.00e+00 3.12e-02h  6
2679  1.2899507e-03 2.85e-03 1.57e-02 -11.0 2.84e-02    -  1.00e+00 6.25e-02h  5
iter    objective    inf_pr   inf_du lg(mu)  ||d||  lg(rg) alpha_du alpha_pr  ls
2680  1.2896329e-03 3.87e-03 1.89e-02 -11.0 9.42e-02    -  1.00e+00 3.12e-02h  6
2681  1.2888084e-03 7.62e-03 2.49e-02 -11.0 1.20e-01    -  1.00e+00 3.12e-02h  6
2682  1.2886277e-03 8.50e-03 2.70e-02 -11.0 1.21e-01    -  1.00e+00 1.56e-02h  7
2683  1.2883659e-03 8.35e-03 3.26e-02 -11.0 2.08e-02    -  1.00e+00 6.25e-02h  5
2684  1.2885087e-03 7.90e-03 3.22e-02 -11.0 1.43e-02    -  1.00e+00 6.25e-02h  5
2685  1.2890245e-03 5.49e-04 1.17e-02 -11.0 2.10e-03    -  1.00e+00 1.00e+00h  1
2686  1.2879464e-03 5.55e-04 1.22e-02 -11.0 8.12e-03    -  1.00e+00 2.50e-01h  3
2687  1.2877159e-03 5.14e-04 1.93e-02 -11.0 1.50e-02    -  1.00e+00 6.25e-02h  5
2688  1.2876006e-03 3.89e-03 2.06e-02 -11.0 1.54e-02    -  1.00e+00 2.50e-01h  3
2689  1.2872707e-03 5.11e-03 3.16e-02 -11.0 1.62e-01    -  1.00e+00 1.56e-02h  7
iter    objective    inf_pr   inf_du lg(mu)  ||d||  lg(rg) alpha_du alpha_pr  ls
2690  1.2870603e-03 5.39e-03 1.99e-02 -11.0 5.06e-02    -  1.00e+00 3.12e-02h  6
2691  1.2860408e-03 8.98e-03 1.92e-02 -11.0 1.76e-01    -  1.00e+00 3.12e-02h  6
2692  1.2855940e-03 5.71e-02 1.94e-02 -11.0 6.65e-01    -  1.00e+00 3.12e-02h  6
2693  1.2853759e-03 5.98e-02 2.51e-02 -11.0 2.52e+00    -  1.00e+00 1.95e-03h 10
2694  1.2853580e-03 5.97e-02 4.00e-02 -11.0 1.93e-01    -  1.00e+00 1.56e-02h  7
2695  1.2852377e-03 5.92e-02 4.32e-02 -11.0 8.97e-02    -  1.00e+00 3.12e-02h  6
2696  3.1009597e-03 1.69e+00 1.32e+00 -11.0 1.13e-01    -  1.00e+00 1.00e+00w  1
2697  9.0315355e-03 3.93e-01 1.39e+00 -11.0 5.20e-02    -  1.00e+00 1.00e+00w  1
2698  2.2412109e-03 4.96e-01 3.18e+00 -11.0 4.18e-02    -  1.00e+00 1.00e+00w  1
2699  1.2852772e-03 5.89e-02 2.29e-02 -11.0 4.47e-02    -  1.00e+00 3.12e-02h  5
iter    objective    inf_pr   inf_du lg(mu)  ||d||  lg(rg) alpha_du alpha_pr  ls
2700  1.2846108e-03 5.72e-02 3.11e-02 -11.0 2.94e-02    -  1.00e+00 3.12e-02h  6
2701  1.2874740e-03 2.11e-03 4.89e-02 -11.0 3.80e-03    -  1.00e+00 1.00e+00h  1
2702  1.2864560e-03 2.00e-03 3.85e-02 -11.0 7.19e-03    -  1.00e+00 1.25e-01h  4
2703  1.2854774e-03 2.26e-03 3.28e-02 -11.0 3.34e-03    -  1.00e+00 1.00e+00h  1
2704  1.2842453e-03 2.31e-03 1.21e-02 -11.0 6.22e-03    -  1.00e+00 1.25e-01h  4
2705  1.2834502e-03 1.30e-03 1.50e-02 -11.0 2.82e-03    -  1.00e+00 1.00e+00h  1
2706  1.2832561e-03 1.83e-03 1.21e-02 -11.0 1.54e-02    -  1.00e+00 1.25e-01h  4
2707  1.2831185e-03 1.69e-03 1.01e-02 -11.0 6.25e-03    -  1.00e+00 1.25e-01h  4
2708  1.2858565e-03 4.12e-04 4.30e-02 -11.0 1.05e-03    -  1.00e+00 1.00e+00h  1
2709  1.2823400e-03 2.23e-04 1.61e-02 -11.0 1.44e-03    -  1.00e+00 1.00e+00h  1
iter    objective    inf_pr   inf_du lg(mu)  ||d||  lg(rg) alpha_du alpha_pr  ls
2710  1.2837849e-03 1.63e-04 1.71e-02 -11.0 8.30e-04    -  1.00e+00 1.00e+00h  1
2711  1.2821246e-03 3.61e-05 3.97e-03 -11.0 5.40e-04    -  1.00e+00 1.00e+00h  1
2712  1.2821262e-03 5.81e-05 6.84e-03 -11.0 3.69e-04    -  1.00e+00 1.00e+00h  1
2713  1.2819400e-03 8.27e-06 7.43e-03 -11.0 2.45e-04    -  1.00e+00 1.00e+00h  1
2714  1.2818856e-03 6.34e-06 4.46e-03 -11.0 1.36e-04    -  1.00e+00 1.00e+00h  1
2715  1.2818238e-03 3.23e-06 9.98e-04 -11.0 1.56e-04    -  1.00e+00 1.00e+00h  1
2716  1.2900791e-03 1.99e-06 8.23e-02 -11.0 8.48e-03    -  1.00e+00 1.00e+00H  1
2717  1.2899704e-03 2.16e-06 8.15e-02 -11.0 2.37e-02    -  1.00e+00 3.91e-03h  9
2718  1.2896239e-03 2.83e-06 8.15e-02 -11.0 7.67e-03    -  1.00e+00 7.81e-03h  8
2719  1.2841480e-03 1.76e-06 4.73e-02 -11.0 3.05e-03    -  1.00e+00 1.00e+00H  1
iter    objective    inf_pr   inf_du lg(mu)  ||d||  lg(rg) alpha_du alpha_pr  ls
2720  1.2932109e-03 2.72e-08 2.22e-02 -11.0 1.93e-03    -  1.00e+00 1.00e+00H  1
2721  1.2800138e-03 3.71e-04 8.18e-03 -11.0 1.78e-03    -  1.00e+00 1.00e+00h  1
2722  1.2800683e-03 6.91e-06 4.55e-03 -11.0 1.75e-04    -  1.00e+00 1.00e+00h  1
2723  1.2799545e-03 9.69e-05 5.78e-03 -11.0 6.39e-04    -  1.00e+00 1.00e+00h  1
2724  1.2798066e-03 1.67e-04 7.88e-03 -11.0 4.79e-03    -  1.00e+00 1.25e-01h  4
2725  1.2796719e-03 4.52e-04 1.45e-02 -11.0 9.09e-03    -  1.00e+00 1.25e-01h  4
2726  1.2795642e-03 4.51e-04 1.53e-02 -11.0 6.77e-03    -  1.00e+00 6.25e-02h  5
2727  1.2806645e-03 1.00e-06 2.22e-02 -11.0 1.40e-03    -  1.00e+00 1.00e+00H  1
2728  1.2824224e-03 6.24e-07 2.63e-02 -11.0 2.16e-03    -  1.00e+00 1.00e+00H  1
2729  1.2840397e-03 6.54e-09 1.03e-03 -11.0 1.47e-03    -  1.00e+00 1.00e+00H  1
iter    objective    inf_pr   inf_du lg(mu)  ||d||  lg(rg) alpha_du alpha_pr  ls
2730  1.2790472e-03 5.15e-04 1.66e-02 -11.0 1.48e-03    -  1.00e+00 1.00e+00h  1
2731  1.2790633e-03 2.58e-04 7.88e-03 -11.0 6.00e-04    -  1.00e+00 5.00e-01h  2
2732  1.2787996e-03 1.36e-05 1.39e-03 -11.0 1.33e-04    -  1.00e+00 1.00e+00h  1
2733  1.2787756e-03 4.56e-07 3.41e-04 -11.0 4.52e-05    -  1.00e+00 1.00e+00h  1
2734  1.2786129e-03 1.04e-04 6.19e-03 -11.0 5.18e-03    -  1.00e+00 1.25e-01h  4
2735  1.2785410e-03 1.35e-04 7.52e-03 -11.0 6.24e-03    -  1.00e+00 6.25e-02h  5
2736  1.2806283e-03 5.09e-08 1.87e-02 -11.0 2.73e-03    -  1.00e+00 1.00e+00H  1
2737  1.2805924e-03 1.32e-07 1.82e-02 -11.0 7.96e-03    -  1.00e+00 3.91e-03h  9
2738  1.2980520e-03 4.01e-08 2.72e-03 -11.0 2.21e-03    -  1.00e+00 1.00e+00H  1
2739  1.2775474e-03 5.08e-03 1.79e-02 -11.0 2.48e-03    -  1.00e+00 1.00e+00h  1
iter    objective    inf_pr   inf_du lg(mu)  ||d||  lg(rg) alpha_du alpha_pr  ls
2740  1.2797037e-03 7.33e-08 2.67e-02 -11.0 1.78e-03    -  1.00e+00 1.00e+00H  1
2741  1.2833483e-03 3.14e-09 9.13e-04 -11.0 1.37e-03    -  1.00e+00 1.00e+00H  1
2742  1.2805469e-03 1.08e-07 4.12e-02 -11.0 1.45e-03    -  1.00e+00 1.00e+00H  1
2743  1.2796300e-03 1.93e-07 2.34e-02 -11.0 8.60e-04    -  1.00e+00 1.00e+00H  1
2744  1.2778985e-03 2.37e-04 1.20e-02 -11.0 5.08e-04    -  1.00e+00 1.00e+00h  1
2745  1.2778578e-03 2.23e-05 5.79e-03 -11.0 3.71e-04    -  1.00e+00 1.00e+00h  1
2746  1.2777205e-03 2.00e-05 3.88e-03 -11.0 2.63e-04    -  1.00e+00 1.00e+00h  1
2747  1.2776620e-03 4.95e-06 9.96e-04 -11.0 1.00e-04    -  1.00e+00 1.00e+00h  1
2748  1.2776383e-03 5.67e-07 2.61e-03 -11.0 6.58e-05    -  1.00e+00 1.00e+00h  1
2749  1.2775905e-03 1.03e-05 1.39e-03 -11.0 2.35e-04    -  1.00e+00 1.00e+00h  1
iter    objective    inf_pr   inf_du lg(mu)  ||d||  lg(rg) alpha_du alpha_pr  ls
2750  1.2775791e-03 1.29e-04 5.77e-03 -11.0 6.45e-03    -  1.00e+00 1.25e-01h  4
2751  1.2774930e-03 2.37e-04 8.07e-03 -11.0 6.84e-03    -  1.00e+00 1.25e-01h  4
2752  1.2773783e-03 3.38e-04 1.28e-02 -11.0 2.64e-02    -  1.00e+00 3.12e-02h  6
2753  1.2772817e-03 4.19e-04 1.57e-02 -11.0 1.36e-02    -  1.00e+00 6.25e-02h  5
2754  1.2772672e-03 5.28e-04 2.66e-02 -11.0 1.64e-02    -  1.00e+00 6.25e-02h  5
2755  1.2766305e-03 7.09e-03 3.91e-02 -11.0 9.54e-02    -  1.00e+00 6.25e-02h  5
2756  1.2765514e-03 7.13e-03 3.67e-02 -11.0 8.94e-02    -  1.00e+00 7.81e-03h  8
2757  1.2763612e-03 1.06e-02 4.41e-02 -11.0 3.83e-02    -  1.00e+00 1.25e-01h  4
2758  1.2762435e-03 1.69e-02 5.54e-02 -11.0 7.35e-01    -  1.00e+00 7.81e-03h  8
2759  1.2760115e-03 1.69e-02 5.14e-02 -11.0 1.36e-01    -  1.00e+00 3.91e-03h  9
iter    objective    inf_pr   inf_du lg(mu)  ||d||  lg(rg) alpha_du alpha_pr  ls
2760  1.2787854e-03 1.09e-02 3.40e-02 -11.0 8.10e-03    -  1.00e+00 1.00e+00w  1
2761  3.7031839e-03 1.14e-01 6.11e-01 -11.0 2.43e-02    -  1.00e+00 1.00e+00w  1
2762  1.3869358e-03 1.16e-01 1.14e-01 -11.0 2.95e-02    -  1.00e+00 1.00e+00w  1
2763  1.2761282e-03 1.12e-02 2.29e-02 -11.0 2.13e-01    -  1.00e+00 5.00e-01h  1
2764  1.2758563e-03 1.14e-02 1.68e-02 -11.0 9.96e-02    -  1.00e+00 1.56e-02h  7
2765  1.2756346e-03 9.97e-03 1.39e-02 -11.0 8.19e-03    -  1.00e+00 1.25e-01h  4
2766  1.2752635e-03 5.69e-03 2.53e-02 -11.0 4.25e-03    -  1.00e+00 5.00e-01h  2
2767  1.2753576e-03 5.65e-03 1.92e-02 -11.0 1.78e-02    -  1.00e+00 1.25e-01h  4
2768  1.2754771e-03 5.24e-03 2.72e-02 -11.0 1.30e-02    -  1.00e+00 2.50e-01h  3
2769  1.2751528e-03 6.11e-03 2.86e-02 -11.0 4.77e-02    -  1.00e+00 6.25e-02h  5
iter    objective    inf_pr   inf_du lg(mu)  ||d||  lg(rg) alpha_du alpha_pr  ls
2770  1.2745225e-03 9.05e-03 2.99e-02 -11.0 7.81e-02    -  1.00e+00 6.25e-02h  5
2771  1.2741673e-03 9.07e-03 2.91e-02 -11.0 6.89e-02    -  1.00e+00 1.56e-02h  7
2772  1.2735045e-03 8.99e-03 2.43e-02 -11.0 2.26e-02    -  1.00e+00 1.25e-01h  4
2773  1.2726724e-03 1.48e-02 2.47e-02 -11.0 2.20e-01    -  1.00e+00 3.12e-02h  6
2774  1.0060712e-02 4.74e+01 8.53e+01 -11.0 9.63e-01    -  1.00e+00 1.00e+00w  1
2775  6.7400841e-02 1.57e+01 6.92e+00 -11.0 1.78e-01    -  1.00e+00 1.00e+00w  1
2776  2.4179446e-01 3.87e+01 4.66e+01 -11.0 1.71e-01    -  1.00e+00 1.00e+00w  1
2777  1.2709242e-03 4.24e-02 3.84e-02 -11.0 2.26e-01    -  1.00e+00 1.56e-02h  6
2778  1.2714049e-03 3.71e-02 3.62e-02 -11.0 4.70e-03    -  1.00e+00 1.25e-01h  4
2779  1.2702325e-03 5.65e-04 1.61e-02 -11.0 2.18e-03    -  1.00e+00 1.00e+00h  1
iter    objective    inf_pr   inf_du lg(mu)  ||d||  lg(rg) alpha_du alpha_pr  ls
2780  1.2698975e-03 6.63e-04 8.67e-03 -11.0 3.63e-02    -  1.00e+00 3.12e-02h  6
2781  1.2698278e-03 6.45e-04 8.35e-03 -11.0 1.09e-02    -  1.00e+00 3.12e-02h  6
2782  1.2704943e-03 4.94e-05 1.20e-02 -11.0 5.28e-04    -  1.00e+00 1.00e+00h  1
2783  1.2695442e-03 3.45e-05 1.10e-02 -11.0 5.61e-04    -  1.00e+00 1.00e+00h  1
2784  1.2696483e-03 8.49e-08 2.22e-02 -11.0 9.37e-04    -  1.00e+00 1.00e+00H  1
2785  1.2730496e-03 2.76e-08 5.61e-02 -11.0 4.45e-03    -  1.00e+00 1.00e+00H  1
2786  1.2730225e-03 3.60e-08 5.59e-02 -11.0 1.17e-02    -  1.00e+00 1.95e-03h 10
2787  1.2730156e-03 3.80e-08 5.59e-02 -11.0 3.85e-02    -  1.00e+00 1.22e-04h 14
2788  1.2730034e-03 4.13e-08 5.59e-02 -11.0 2.49e-02    -  1.00e+00 2.44e-04h 13
2789  1.2729933e-03 4.23e-08 5.58e-02 -11.0 6.60e-03    -  1.00e+00 4.88e-04h 12
iter    objective    inf_pr   inf_du lg(mu)  ||d||  lg(rg) alpha_du alpha_pr  ls
2790  1.2729908e-03 4.25e-08 5.58e-02 -11.0 2.50e-02    -  1.00e+00 6.10e-05h 15
2791  1.2710550e-03 1.02e-03 2.25e-02 -11.0 2.27e-01    -  1.00e+00 1.56e-02h  7
2792  1.2693517e-03 8.12e-03 1.99e-02 -11.0 5.76e-01    -  1.00e+00 1.56e-02h  7
2793  1.2689249e-03 8.30e-03 2.26e-02 -11.0 4.14e-01    -  1.00e+00 3.91e-03h  9
2794  1.2687197e-03 7.37e-03 2.04e-02 -11.0 9.84e-03    -  1.00e+00 1.25e-01h  4
2795  1.2674566e-03 5.83e-03 1.71e-02 -11.0 6.97e-03    -  1.00e+00 2.50e-01h  3
2796  1.3571098e-03 1.10e-02 1.42e-01 -11.0 8.04e-03    -  1.00e+00 1.00e+00w  1
2797  1.2609979e-03 1.14e-02 2.18e-02 -11.0 9.77e-03    -  1.00e+00 1.00e+00h  1
2798  1.2657898e-03 1.15e-02 3.70e-02 -11.0 2.30e-02    -  1.00e+00 2.50e-01h  3
2799  1.2658662e-03 1.09e-02 8.30e-02 -11.0 1.91e-02    -  1.00e+00 6.25e-02h  5
iter    objective    inf_pr   inf_du lg(mu)  ||d||  lg(rg) alpha_du alpha_pr  ls
2800  1.2704550e-03 1.53e-03 1.36e-02 -11.0 3.50e-03    -  1.00e+00 1.00e+00h  1
2801  1.2698847e-03 1.88e-03 2.46e-02 -11.0 3.84e-03    -  1.00e+00 2.50e-01h  3
2802  1.2656805e-03 3.95e-04 3.36e-03 -11.0 1.50e-03    -  1.00e+00 1.00e+00h  1
2803  1.2651864e-03 4.86e-04 2.06e-02 -11.0 5.86e-03    -  1.00e+00 2.50e-01h  3
2804  1.2817429e-03 9.20e-09 2.50e-03 -11.0 5.30e-03    -  1.00e+00 1.00e+00H  1
2805  1.2690578e-03 2.04e-03 2.24e-02 -11.0 1.71e-03    -  1.00e+00 1.00e+00h  1
2806  1.2639382e-03 3.89e-04 1.40e-02 -11.0 9.83e-04    -  1.00e+00 1.00e+00h  1
2807  1.2637676e-03 7.48e-05 6.28e-03 -11.0 2.88e-04    -  1.00e+00 1.00e+00h  1
2808  1.2635035e-03 5.27e-05 3.60e-03 -11.0 8.01e-04    -  1.00e+00 1.00e+00h  1
2809  1.2634807e-03 6.24e-04 1.10e-02 -11.0 2.43e-02    -  1.00e+00 1.25e-01h  4
iter    objective    inf_pr   inf_du lg(mu)  ||d||  lg(rg) alpha_du alpha_pr  ls
2810  1.2631171e-03 1.40e-03 1.16e-02 -11.0 1.17e-01    -  1.00e+00 3.12e-02h  6
2811  1.2630429e-03 2.27e-03 1.13e-02 -11.0 2.56e-01    -  1.00e+00 1.56e-02h  7
2812  1.2627418e-03 3.43e-03 1.06e-02 -11.0 3.26e-01    -  1.00e+00 1.56e-02h  7
2813  1.2621338e-03 5.72e-03 1.33e-02 -11.0 1.75e+00    -  1.00e+00 3.91e-03h  9
2814  1.2607734e-03 1.28e-02 2.14e-02 -11.0 6.04e+00    -  1.00e+00 1.95e-03h 10
2815  1.2621128e-03 4.45e-04 1.33e-02 -11.0 1.10e-03  -0.7 1.00e+00 1.00e+00h  1
2816  1.2584098e-03 1.72e-03 4.94e-03 -11.0 5.39e-03    -  1.00e+00 1.00e+00h  1
2817  1.2580331e-03 1.99e-03 1.87e-02 -11.0 3.24e-01    -  1.00e+00 7.81e-03h  8
2818  1.2576922e-03 9.63e-03 2.28e-02 -11.0 8.00e-01    -  1.00e+00 1.56e-02h  7
2819  1.2574838e-03 9.77e-03 2.18e-02 -11.0 8.26e-01    -  1.00e+00 1.95e-03h 10
iter    objective    inf_pr   inf_du lg(mu)  ||d||  lg(rg) alpha_du alpha_pr  ls
2820  1.2574064e-03 9.18e-03 2.10e-02 -11.0 8.46e-03    -  1.00e+00 6.25e-02h  5
2821  1.2571573e-03 6.93e-03 1.62e-02 -11.0 3.36e-03    -  1.00e+00 2.50e-01h  3
2822  1.2559134e-03 9.27e-04 1.49e-02 -11.0 2.90e-03    -  1.00e+00 1.00e+00h  1
2823  1.2557802e-03 8.77e-04 6.91e-03 -11.0 9.74e-03    -  1.00e+00 6.25e-02h  5
2824  1.2550050e-03 1.92e-04 1.08e-02 -11.0 2.16e-03    -  1.00e+00 1.00e+00h  1
2825  1.2547103e-03 2.40e-04 1.65e-02 -11.0 1.55e-02    -  1.00e+00 6.25e-02h  5
2826  1.2554565e-03 9.43e-06 1.28e-02 -11.0 3.22e-03    -  1.00e+00 1.00e+00H  1
2827  1.2543519e-03 7.65e-04 1.72e-02 -11.0 2.73e-02    -  1.00e+00 1.25e-01h  4
2828  1.2537829e-03 5.26e-03 2.90e-02 -11.0 2.98e-01    -  1.00e+00 3.12e-02h  6
2829  1.2536014e-03 6.55e-03 2.68e-02 -11.0 6.66e-01    -  1.00e+00 7.81e-03h  8
iter    objective    inf_pr   inf_du lg(mu)  ||d||  lg(rg) alpha_du alpha_pr  ls
2830  1.2531137e-03 6.50e-03 3.08e-02 -11.0 1.89e-01    -  1.00e+00 3.12e-02h  6
2831  1.2528186e-03 6.49e-03 3.02e-02 -11.0 4.30e-01    -  1.00e+00 7.81e-03h  8
2832  1.2526828e-03 1.23e-02 4.55e-02 -11.0 8.45e-01    -  1.00e+00 1.56e-02h  7
2833  1.2523350e-03 1.26e-02 4.55e-02 -11.0 1.38e+00    -  1.00e+00 1.95e-03h 10
2834  1.2520249e-03 1.32e-02 5.12e-02 -11.0 3.69e-01    -  1.00e+00 1.56e-02h  7
2835  1.2499706e-03 1.34e-02 5.94e-02 -11.0 1.92e-01    -  1.00e+00 7.81e-03h  8
2836  1.2480822e-03 1.33e-02 5.49e-02 -11.0 5.11e-02    -  1.00e+00 1.25e-01h  4
2837  3.1508395e-02 4.27e+01 1.61e+01 -11.0 9.03e-01    -  1.00e+00 1.00e+00w  1
2838  1.9446718e+00 1.38e+02 4.73e+01 -11.0 6.04e-01    -  1.00e+00 1.00e+00w  1
2839  1.1087534e+00 6.15e+01 1.93e+01 -11.0 5.52e-01    -  1.00e+00 1.00e+00w  1
iter    objective    inf_pr   inf_du lg(mu)  ||d||  lg(rg) alpha_du alpha_pr  ls
2840  1.2463228e-03 1.48e-02 4.57e-02 -11.0 2.92e-01    -  1.00e+00 7.81e-03h  7
2841  1.2450346e-03 1.39e-02 6.36e-02 -11.0 1.40e-02    -  1.00e+00 6.25e-02h  5
2842  1.2462146e-03 8.72e-04 9.77e-03 -11.0 1.47e-03    -  1.00e+00 1.00e+00h  1
2843  1.2482508e-03 3.66e-04 2.14e-02 -11.0 1.06e-03    -  1.00e+00 1.00e+00h  1
2844  1.2439894e-03 1.78e-04 2.24e-02 -11.0 6.93e-04    -  1.00e+00 1.00e+00h  1
2845  1.2435952e-03 3.19e-05 1.39e-02 -11.0 3.40e-04    -  1.00e+00 1.00e+00h  1
2846  1.2431045e-03 1.32e-05 7.37e-03 -11.0 3.30e-04    -  1.00e+00 1.00e+00h  1
2847  1.2430612e-03 1.60e-05 5.64e-03 -11.0 3.40e-04    -  1.00e+00 1.00e+00h  1
2848  1.2427957e-03 9.23e-05 4.83e-03 -11.0 5.95e-04    -  1.00e+00 1.00e+00h  1
2849  1.2454337e-03 2.44e-06 1.98e-02 -11.0 2.65e-03    -  1.00e+00 1.00e+00H  1
iter    objective    inf_pr   inf_du lg(mu)  ||d||  lg(rg) alpha_du alpha_pr  ls
2850  1.2485384e-03 2.25e-07 4.85e-02 -11.0 1.44e-03    -  1.00e+00 1.00e+00H  1
2851  1.2418178e-03 4.11e-04 6.97e-03 -11.0 1.19e-03    -  1.00e+00 1.00e+00h  1
2852  1.2421124e-03 1.44e-05 1.29e-02 -11.0 3.38e-04    -  1.00e+00 1.00e+00h  1
2853  1.2415334e-03 3.54e-05 1.69e-03 -11.0 3.77e-04    -  1.00e+00 1.00e+00h  1
2854  1.2413792e-03 2.91e-05 1.86e-03 -11.0 5.49e-04    -  1.00e+00 1.00e+00h  1
2855  1.2411377e-03 1.79e-04 7.00e-03 -11.0 4.35e-02    -  1.00e+00 3.12e-02h  6
2856  1.2410857e-03 2.10e-04 8.92e-03 -11.0 1.68e-02    -  1.00e+00 6.25e-02h  5
2857  1.2439652e-03 2.27e-06 4.25e-02 -11.0 4.43e-03    -  1.00e+00 1.00e+00H  1
2858  1.2658065e-03 3.01e-08 4.78e-02 -11.0 7.62e-03    -  1.00e+00 1.00e+00H  1
2859  1.2474153e-03 1.29e-06 3.98e-02 -11.0 9.69e-03    -  1.00e+00 1.00e+00H  1
iter    objective    inf_pr   inf_du lg(mu)  ||d||  lg(rg) alpha_du alpha_pr  ls
2860  1.2472949e-03 1.29e-06 3.97e-02 -11.0 3.33e-02    -  1.00e+00 9.77e-04h 11
2861  1.2474397e-03 4.87e-07 3.23e-02 -11.0 1.40e-03    -  1.00e+00 1.00e+00H  1
2862  1.2408835e-03 2.22e-03 2.01e-02 -11.0 1.30e-03    -  1.00e+00 1.00e+00h  1
2863  1.2403202e-03 1.12e-04 6.36e-03 -11.0 5.03e-04    -  1.00e+00 1.00e+00h  1
2864  1.2402474e-03 3.11e-05 3.39e-03 -11.0 1.26e-04    -  1.00e+00 1.00e+00h  1
2865  1.2401963e-03 1.42e-06 1.29e-03 -11.0 9.85e-05    -  1.00e+00 1.00e+00h  1
2866  1.2401755e-03 8.88e-07 6.87e-04 -11.0 1.02e-04    -  1.00e+00 1.00e+00h  1
2867  1.2406005e-03 9.13e-08 1.22e-02 -11.0 2.58e-03    -  1.00e+00 1.00e+00H  1
2868  1.2405707e-03 2.38e-07 1.20e-02 -11.0 1.01e-02    -  1.00e+00 7.81e-03h  8
2869  1.2415490e-03 3.24e-08 2.89e-02 -11.0 4.64e-03    -  1.00e+00 1.00e+00H  1
iter    objective    inf_pr   inf_du lg(mu)  ||d||  lg(rg) alpha_du alpha_pr  ls
2870  1.2415273e-03 4.59e-08 2.89e-02 -11.0 9.03e-03    -  1.00e+00 1.95e-03h 10
2871  1.2396209e-03 1.08e-03 4.22e-03 -11.0 1.66e-03    -  1.00e+00 1.00e+00h  1
2872  1.2502450e-03 5.96e-09 2.09e-03 -11.0 3.46e-03    -  1.00e+00 1.00e+00H  1
2873  1.2407081e-03 3.67e-08 1.74e-02 -11.0 1.86e-03    -  1.00e+00 1.00e+00H  1
2874  1.2431907e-03 1.02e-08 1.39e-03 -11.0 9.87e-04    -  1.00e+00 1.00e+00H  1
2875  1.2389439e-03 2.79e-04 3.50e-03 -11.0 7.64e-04    -  1.00e+00 1.00e+00h  1
2876  1.2389192e-03 3.38e-06 1.78e-03 -11.0 2.17e-04    -  1.00e+00 1.00e+00h  1
2877  1.2395881e-03 4.46e-07 7.28e-03 -11.0 1.91e-03    -  1.00e+00 1.00e+00H  1
2878  1.2394524e-03 3.22e-08 3.15e-02 -11.0 7.00e-03    -  1.00e+00 1.00e+00H  1
2879  1.2394082e-03 4.48e-07 3.18e-02 -11.0 1.05e-01    -  1.00e+00 9.77e-04h 11
iter    objective    inf_pr   inf_du lg(mu)  ||d||  lg(rg) alpha_du alpha_pr  ls
2880  1.2393090e-03 2.27e-06 3.32e-02 -11.0 2.45e-02    -  1.00e+00 7.81e-03h  8
2881  1.2391277e-03 8.85e-06 3.05e-02 -11.0 6.24e-03    -  1.00e+00 3.12e-02h  6
2882  1.2388523e-03 2.85e-04 1.94e-02 -11.0 2.35e-03    -  1.00e+00 1.00e+00h  1
2883  1.2384426e-03 2.62e-04 8.61e-03 -11.0 3.21e-03    -  1.00e+00 1.25e-01h  4
2884  1.2377417e-03 2.67e-04 1.13e-02 -11.0 2.49e-03    -  1.00e+00 1.00e+00h  1
2885  1.2376875e-03 2.63e-04 1.01e-02 -11.0 9.13e-03    -  1.00e+00 3.12e-02h  6
2886  1.2381953e-03 1.71e-04 8.04e-03 -11.0 6.02e-04    -  1.00e+00 1.00e+00h  1
2887  1.2377893e-03 8.22e-05 1.74e-02 -11.0 4.24e-04    -  1.00e+00 1.00e+00h  1
2888  1.2374471e-03 6.43e-05 1.03e-02 -11.0 6.59e-04    -  1.00e+00 1.00e+00h  1
2889  1.2378137e-03 5.70e-07 6.24e-03 -11.0 1.61e-03    -  1.00e+00 1.00e+00H  1
iter    objective    inf_pr   inf_du lg(mu)  ||d||  lg(rg) alpha_du alpha_pr  ls
2890  1.2398759e-03 1.43e-08 9.38e-04 -11.0 3.79e-03    -  1.00e+00 1.00e+00H  1
2891  1.2398628e-03 2.75e-08 9.36e-04 -11.0 1.12e-02    -  1.00e+00 9.77e-04h 11
2892  1.2398541e-03 3.30e-08 9.35e-04 -11.0 4.91e-03    -  1.00e+00 4.88e-04h 12
2893  1.2375954e-03 7.07e-06 4.87e-03 -11.0 8.13e-04    -  1.00e+00 1.00e+00H  1
2894  1.2376000e-03 4.53e-06 1.36e-02 -11.0 1.48e-03    -  1.00e+00 1.00e+00H  1
2895  1.2391064e-03 8.08e-07 1.71e-02 -11.0 1.24e-03    -  1.00e+00 1.00e+00H  1
2896  1.2374255e-03 5.32e-04 1.97e-02 -11.0 8.07e-04    -  1.00e+00 1.00e+00h  1
2897  1.2364672e-03 2.95e-05 5.69e-03 -11.0 4.04e-04    -  1.00e+00 1.00e+00h  1
2898  1.2364323e-03 7.99e-06 2.01e-03 -11.0 1.26e-04    -  1.00e+00 1.00e+00h  1
2899  1.2363499e-03 2.80e-05 2.15e-03 -11.0 3.33e-04    -  1.00e+00 1.00e+00h  1
iter    objective    inf_pr   inf_du lg(mu)  ||d||  lg(rg) alpha_du alpha_pr  ls
2900  1.2395713e-03 9.98e-09 1.07e-03 -11.0 1.97e-03    -  1.00e+00 1.00e+00H  1
2901  1.2378072e-03 1.25e-06 2.10e-02 -11.0 1.22e-03    -  1.00e+00 1.00e+00H  1
2902  1.2417111e-03 4.33e-09 8.46e-04 -11.0 1.82e-03    -  1.00e+00 1.00e+00H  1
2903  1.2366268e-03 1.77e-07 1.04e-02 -11.0 8.80e-04    -  1.00e+00 1.00e+00H  1
2904  1.2359616e-03 6.74e-05 3.65e-03 -11.0 5.56e-04    -  1.00e+00 1.00e+00h  1
2905  1.2361249e-03 1.06e-04 1.29e-02 -11.0 6.79e-04    -  1.00e+00 1.00e+00h  1
2906  1.2363361e-03 9.18e-05 6.15e-03 -11.0 7.52e-04    -  1.00e+00 1.00e+00h  1
2907  1.2362057e-03 2.26e-06 5.86e-03 -11.0 5.70e-04    -  1.00e+00 1.00e+00H  1
2908  1.2356295e-03 7.58e-05 7.99e-03 -11.0 3.50e-04    -  1.00e+00 1.00e+00h  1
2909  1.2354901e-03 2.12e-05 5.38e-03 -11.0 3.34e-04    -  1.00e+00 1.00e+00h  1
iter    objective    inf_pr   inf_du lg(mu)  ||d||  lg(rg) alpha_du alpha_pr  ls
2910  1.2354055e-03 3.11e-05 7.84e-03 -11.0 6.92e-04    -  1.00e+00 1.00e+00h  1
2911  1.2353004e-03 1.27e-04 1.42e-02 -11.0 7.57e-03    -  1.00e+00 1.25e-01h  4
2912  1.2350928e-03 3.00e-04 2.06e-02 -11.0 2.18e-02    -  1.00e+00 6.25e-02h  5
2913  1.2349749e-03 3.58e-04 1.84e-02 -11.0 4.14e-02    -  1.00e+00 3.12e-02h  6
2914  1.2346331e-03 6.55e-04 3.42e-02 -11.0 4.34e-02    -  1.00e+00 6.25e-02h  5
2915  1.2345618e-03 7.20e-04 3.78e-02 -11.0 8.33e-02    -  1.00e+00 1.56e-02h  7
2916  1.2341723e-03 1.67e-03 3.80e-02 -11.0 1.49e-01    -  1.00e+00 3.12e-02h  6
2917  1.2340527e-03 3.22e-03 5.36e-02 -11.0 3.71e-01    -  1.00e+00 1.56e-02h  7
2918  1.2338994e-03 4.32e-03 4.88e-02 -11.0 6.64e-01    -  1.00e+00 7.81e-03h  8
2919  1.2333402e-03 1.65e-02 2.16e-02 -11.0 4.96e-01    -  1.00e+00 3.12e-02h  6
iter    objective    inf_pr   inf_du lg(mu)  ||d||  lg(rg) alpha_du alpha_pr  ls
2920  1.2337230e-03 1.65e-02 1.85e-02 -11.0 2.12e-01    -  1.00e+00 3.91e-03h  9
2921  1.2339258e-03 6.13e-03 3.97e-02 -11.0 1.02e-02    -  1.00e+00 1.00e+00h  1
2922  1.2334194e-03 7.39e-03 1.67e-02 -11.0 3.19e-01    -  1.00e+00 1.56e-02h  7
2923  1.2331362e-03 7.64e-03 1.49e-02 -11.0 3.08e-01    -  1.00e+00 7.81e-03h  8
2924  1.2326589e-03 8.75e-03 1.52e-02 -11.0 1.76e-01    -  1.00e+00 3.12e-02h  6
2925  1.2324104e-03 9.15e-03 1.44e-02 -11.0 1.64e+00    -  1.00e+00 1.95e-03h 10
2926  1.2320486e-03 1.00e-02 1.18e-02 -11.0 5.68e-01    -  1.00e+00 7.81e-03h  8
2927  1.2317634e-03 1.01e-02 1.22e-02 -11.0 2.55e-01    -  1.00e+00 7.81e-03h  8
2928  1.2315029e-03 1.00e-02 1.43e-02 -11.0 9.52e-02    -  1.00e+00 3.12e-02h  6
2929  1.2312055e-03 9.43e-03 8.95e-03 -11.0 1.50e-02    -  1.00e+00 6.25e-02h  5
iter    objective    inf_pr   inf_du lg(mu)  ||d||  lg(rg) alpha_du alpha_pr  ls
2930  1.2326986e-03 3.39e-03 1.24e-02 -11.0 9.43e-03    -  1.00e+00 1.00e+00h  1
2931  1.2321153e-03 3.36e-03 2.91e-02 -11.0 1.90e-01    -  1.00e+00 1.56e-02h  7
2932  1.2317892e-03 4.08e-03 1.79e-02 -11.0 2.74e-02    -  1.00e+00 1.25e-01h  4
2933  1.2315606e-03 3.88e-03 2.56e-02 -11.0 1.37e-02    -  1.00e+00 6.25e-02h  5
2934  1.2295864e-03 9.85e-04 1.19e-02 -11.0 4.31e-03    -  1.00e+00 1.00e+00h  1
2935  1.2288384e-03 1.08e-03 3.15e-02 -11.0 6.16e-02    -  1.00e+00 3.12e-02h  6
2936  1.2287792e-03 2.31e-03 2.23e-02 -11.0 4.58e-02    -  1.00e+00 1.25e-01h  4
2937  1.2284019e-03 3.44e-03 2.69e-02 -11.0 3.81e-01    -  1.00e+00 1.56e-02h  7
2938  1.2283887e-03 4.48e-03 4.34e-02 -11.0 7.74e-01    -  1.00e+00 7.81e-03h  8
2939  1.2280831e-03 5.25e-03 4.43e-02 -11.0 6.15e-01    -  1.00e+00 7.81e-03h  8
iter    objective    inf_pr   inf_du lg(mu)  ||d||  lg(rg) alpha_du alpha_pr  ls
2940  1.2280576e-03 7.63e-03 6.25e-02 -11.0 9.08e-01    -  1.00e+00 7.81e-03h  8
2941  1.2278914e-03 7.62e-03 6.17e-02 -11.0 6.55e-02    -  1.00e+00 3.91e-03h  9
2942  1.2265132e-03 1.96e-03 1.06e-02 -11.0 6.86e-03    -  1.00e+00 1.00e+00h  1
2943  1.2263220e-03 3.71e-03 9.59e-03 -11.0 8.48e-01    -  1.00e+00 7.81e-03h  8
2944  1.2261988e-03 3.74e-03 8.57e-03 -11.0 1.07e-01    -  1.00e+00 3.91e-03h  9
2945  1.2268658e-03 4.61e-04 2.16e-02 -11.0 1.69e-02    -  1.00e+00 1.00e+00H  1
2946  1.2261193e-03 2.51e-03 2.37e-02 -11.0 3.50e+00    -  1.00e+00 1.95e-03h 10
2947  1.2259949e-03 3.67e-03 3.03e-02 -11.0 1.93e+00    -  1.00e+00 1.95e-03h 10
2948  1.2258398e-03 4.37e-03 3.32e-02 -11.0 1.96e-01    -  1.00e+00 1.56e-02h  7
2949  1.2255693e-03 6.83e-03 2.99e-02 -11.0 2.08e-01    -  1.00e+00 3.12e-02h  6
iter    objective    inf_pr   inf_du lg(mu)  ||d||  lg(rg) alpha_du alpha_pr  ls
2950  1.2255149e-03 1.19e-02 3.82e-02 -11.0 2.09e+00    -  1.00e+00 3.91e-03h  9
2951  1.2251585e-03 1.25e-02 4.26e-02 -11.0 3.19e-01    -  1.00e+00 7.81e-03h  8
2952  1.2250996e-03 2.45e-02 2.92e-02 -11.0 9.10e-01    -  1.00e+00 1.56e-02h  7
2953  1.2248190e-03 2.46e-02 2.68e-02 -11.0 5.10e-01    -  1.00e+00 3.91e-03h  9
2954  1.2246145e-03 2.42e-02 2.46e-02 -11.0 8.79e-02    -  1.00e+00 3.12e-02h  6
2955  1.2251316e-03 2.30e-02 2.91e-02 -11.0 5.06e-02    -  1.00e+00 6.25e-02h  5
2956  1.3596439e-03 8.32e-02 9.85e-02 -11.0 3.80e-02    -  1.00e+00 1.00e+00w  1
2957  6.8089941e-03 1.82e+00 9.97e-01 -11.0 1.61e-01    -  1.00e+00 1.00e+00w  1
2958  7.7031566e-03 1.45e+00 4.44e-01 -11.0 9.29e-02    -  1.00e+00 1.00e+00w  1
2959  1.2245397e-03 2.18e-02 2.81e-02 -11.0 1.22e-01    -  1.00e+00 6.25e-02h  4
iter    objective    inf_pr   inf_du lg(mu)  ||d||  lg(rg) alpha_du alpha_pr  ls
2960  1.2239698e-03 2.05e-02 2.67e-02 -11.0 5.02e-03    -  1.00e+00 6.25e-02h  5
2961  1.2228179e-03 2.44e-04 1.49e-02 -11.0 7.48e-04    -  1.00e+00 1.00e+00h  1
2962  1.2230196e-03 3.54e-06 7.22e-03 -11.0 4.12e-03    -  1.00e+00 1.00e+00H  1
2963  1.2229214e-03 8.11e-05 6.30e-03 -11.0 3.93e-02    -  1.00e+00 3.12e-02h  6
2964  1.2226337e-03 1.98e-04 1.11e-02 -11.0 3.44e-03    -  1.00e+00 1.25e-01h  4
2965  1.2226305e-03 6.87e-04 6.70e-03 -11.0 3.35e-03    -  1.00e+00 1.00e+00h  1
2966  1.2224884e-03 8.61e-04 5.22e-03 -11.0 4.05e-02    -  1.00e+00 6.25e-02h  5
2967  1.2225524e-03 8.46e-04 5.77e-03 -11.0 1.78e-02    -  1.00e+00 6.25e-02h  5
2968  1.2222579e-03 6.02e-04 4.96e-03 -11.0 2.19e-03    -  1.00e+00 5.00e-01h  2
2969  1.2223296e-03 6.88e-04 2.11e-02 -11.0 7.13e-03    -  1.00e+00 2.50e-01h  3
iter    objective    inf_pr   inf_du lg(mu)  ||d||  lg(rg) alpha_du alpha_pr  ls
2970  1.2220335e-03 7.72e-04 1.78e-02 -11.0 9.49e-03    -  1.00e+00 1.25e-01h  4
2971  1.2220916e-03 7.00e-04 1.99e-02 -11.0 5.63e-03    -  1.00e+00 1.25e-01h  4
2972  1.2213144e-03 4.29e-04 7.56e-03 -11.0 2.88e-03    -  1.00e+00 1.00e+00h  1
2973  1.2211388e-03 4.57e-04 5.08e-03 -11.0 2.63e-02    -  1.00e+00 3.12e-02h  6
2974  1.2333878e-03 4.97e-06 2.81e-02 -11.0 1.74e-03    -  1.00e+00 1.00e+00H  1
2975  1.2209713e-03 2.53e-04 1.80e-03 -11.0 1.34e-03    -  1.00e+00 1.00e+00h  1
2976  1.2208345e-03 2.63e-05 3.05e-03 -11.0 5.53e-04    -  1.00e+00 1.00e+00h  1
2977  1.2206978e-03 3.40e-05 3.26e-03 -11.0 9.96e-04    -  1.00e+00 1.00e+00h  1
2978  1.2205653e-03 2.60e-04 4.19e-03 -11.0 1.35e-02    -  1.00e+00 1.25e-01h  4
2979  1.2205050e-03 2.98e-04 3.82e-03 -11.0 1.15e-02    -  1.00e+00 6.25e-02h  5
iter    objective    inf_pr   inf_du lg(mu)  ||d||  lg(rg) alpha_du alpha_pr  ls
2980  1.2276654e-03 5.55e-07 2.82e-02 -11.0 3.64e-03    -  1.00e+00 1.00e+00H  1
2981  1.2211592e-03 3.87e-05 9.11e-03 -11.0 1.46e-03    -  1.00e+00 1.00e+00H  1
2982  1.2225249e-03 2.75e-05 1.99e-02 -11.0 8.44e-04    -  1.00e+00 1.00e+00H  1
2983  1.2196879e-03 7.41e-04 7.24e-03 -11.0 9.48e-04    -  1.00e+00 1.00e+00h  1
2984  1.2201044e-03 1.15e-04 1.06e-02 -11.0 2.86e-04    -  1.00e+00 1.00e+00h  1
2985  1.2196676e-03 6.98e-05 3.71e-04 -11.0 1.71e-04    -  1.00e+00 1.00e+00h  1
2986  1.2196517e-03 5.64e-07 1.10e-03 -11.0 5.77e-05    -  1.00e+00 1.00e+00h  1
2987  1.2198129e-03 4.05e-08 4.76e-03 -11.0 1.34e-03    -  1.00e+00 1.00e+00H  1
2988  1.2373899e-03 2.76e-08 2.20e-03 -11.0 4.87e-03    -  1.00e+00 1.00e+00H  1
2989  1.2373145e-03 2.98e-08 2.20e-03 -11.0 4.03e-03    -  1.00e+00 1.95e-03h 10
iter    objective    inf_pr   inf_du lg(mu)  ||d||  lg(rg) alpha_du alpha_pr  ls
2990  1.2371624e-03 3.03e-08 2.19e-03 -11.0 9.69e-03    -  1.00e+00 1.95e-03h 10
2991  1.2371144e-03 3.08e-08 2.19e-03 -11.0 5.99e-03    -  1.00e+00 9.77e-04h 11
2992  1.2370720e-03 3.18e-08 2.19e-03 -11.0 9.37e-03    -  1.00e+00 4.88e-04h 12
2993  1.2370297e-03 3.20e-08 2.18e-03 -11.0 3.65e-03    -  1.00e+00 9.77e-04h 11
2994  1.2351378e-03 1.93e-03 3.47e-02 -11.0 6.02e-03    -  1.00e+00 5.00e-01h  2
2995  1.2253176e-03 7.43e-04 2.11e-02 -11.0 2.65e-03    -  1.00e+00 1.00e+00h  1
2996  1.2188427e-03 1.71e-04 1.37e-02 -11.0 9.63e-04    -  1.00e+00 1.00e+00h  1
2997  1.2187925e-03 1.09e-04 7.87e-03 -11.0 2.05e-04    -  1.00e+00 1.00e+00h  1
2998  1.2187002e-03 4.15e-06 1.09e-03 -11.0 9.50e-05    -  1.00e+00 1.00e+00h  1
2999  1.2186894e-03 1.79e-06 5.19e-04 -11.0 3.24e-05    -  1.00e+00 1.00e+00h  1
iter    objective    inf_pr   inf_du lg(mu)  ||d||  lg(rg) alpha_du alpha_pr  ls
3000  1.2186607e-03 1.43e-06 5.05e-04 -11.0 8.86e-05    -  1.00e+00 1.00e+00h  1

Number of Iterations....: 3000

                                   (scaled)                 (unscaled)
Objective...............:   1.2186607352466915e-03    1.2186607352466915e-03
Dual infeasibility......:   5.0464051213922805e-04    5.0464051213922805e-04
Constraint violation....:   1.4255505809135371e-06    1.4255505809135371e-06
Variable bound violation:   0.0000000000000000e+00    0.0000000000000000e+00
Complementarity.........:   0.0000000000000000e+00    0.0000000000000000e+00
Overall NLP error.......:   5.0464051213922805e-04    5.0464051213922805e-04


Number of objective function evaluations             = 13012
Number of objective gradient evaluations             = 3001
Number of equality constraint evaluations            = 13358
Number of inequality constraint evaluations          = 0
Number of equality constraint Jacobian evaluations   = 3001
Number of inequality constraint Jacobian evaluations = 0
Number of Lagrangian Hessian evaluations             = 0
Total seconds in IPOPT                               = 6201.714

EXIT: Maximum Number of Iterations Exceeded.
shapovalova [6212s]  loss=0.00122
  rollout FAILED: Unstable at t=74.6010905626912 of 200.0
  [final]  nrmse=Inf  l2=Inf
saved /orcd/home/002/txenakis/projects/BVPsolver/src/../data/runs/run_q3YhPjyJ/vanderpol_fit.png
saved /orcd/home/002/txenakis/projects/BVPsolver/src/../data/runs/run_q3YhPjyJ/vanderpol_spectral_fit.png
┌ Warning: Attempting to store StiffNN.var"#14#15"{Float64}.
│ JLD2 only stores functions by name.
│  This may not be useful for anonymous functions.
└ @ JLD2 ~/.julia/packages/JLD2/ADycq/src/data/writing_datatypes.jl:447
saved run → /orcd/home/002/txenakis/projects/BVPsolver/src/../data/runs/run_q3YhPjyJ
--------------------------------------
Done: Wed Aug 12 10:26:53 EDT 2026
