Task 79/214: --problem vanderpol --model mlp --profile fast --seed 15 --pretraining derivmatch --training shapovalova
Logging to /home/txenakis/projects/BVPsolver/logs/run_main_20252509_79.log
vanderpol  model=mlp d=2 tlen=151 profile=fast seed=15  solver=Kvaerno5  N=218
  derivmatch lr=0.01 iter=170/3400 loss=3.201
  derivmatch lr=0.01 iter=340/3400 loss=2.416
  derivmatch lr=0.01 iter=510/3400 loss=2.053
  derivmatch lr=0.01 iter=680/3400 loss=1.838
  derivmatch lr=0.01 iter=850/3400 loss=1.673
  derivmatch lr=0.01 iter=1020/3400 loss=1.57
  derivmatch lr=0.01 iter=1190/3400 loss=1.472
  derivmatch lr=0.01 iter=1360/3400 loss=1.383
  derivmatch lr=0.01 iter=1530/3400 loss=1.32
  derivmatch lr=0.01 iter=1700/3400 loss=1.264
  derivmatch lr=0.01 iter=1870/3400 loss=1.189
  derivmatch lr=0.01 iter=2040/3400 loss=1.152
  derivmatch lr=0.01 iter=2210/3400 loss=1.107
  derivmatch lr=0.01 iter=2380/3400 loss=1.064
  derivmatch lr=0.01 iter=2550/3400 loss=1.03
  derivmatch lr=0.01 iter=2720/3400 loss=1.007
  derivmatch lr=0.01 iter=2890/3400 loss=0.9707
  derivmatch lr=0.01 iter=3060/3400 loss=0.9467
  derivmatch lr=0.01 iter=3230/3400 loss=0.9185
  derivmatch lr=0.01 iter=3400/3400 loss=0.905
  derivmatch lr=0.01 iter=3400/3400 loss=0.897
  derivmatch lr=0.003 iter=125/2500 loss=0.8878
  derivmatch lr=0.003 iter=250/2500 loss=0.8788
  derivmatch lr=0.003 iter=375/2500 loss=0.8696
  derivmatch lr=0.003 iter=500/2500 loss=0.8605
  derivmatch lr=0.003 iter=625/2500 loss=0.8513
  derivmatch lr=0.003 iter=750/2500 loss=0.8422
  derivmatch lr=0.003 iter=875/2500 loss=0.8332
  derivmatch lr=0.003 iter=1000/2500 loss=0.8242
  derivmatch lr=0.003 iter=1125/2500 loss=0.8152
  derivmatch lr=0.003 iter=1250/2500 loss=0.807
  derivmatch lr=0.003 iter=1375/2500 loss=0.7988
  derivmatch lr=0.003 iter=1500/2500 loss=0.7908
  derivmatch lr=0.003 iter=1625/2500 loss=0.7837
  derivmatch lr=0.003 iter=1750/2500 loss=0.7756
  derivmatch lr=0.003 iter=1875/2500 loss=0.7683
  derivmatch lr=0.003 iter=2000/2500 loss=0.7619
  derivmatch lr=0.003 iter=2125/2500 loss=0.7548
  derivmatch lr=0.003 iter=2250/2500 loss=0.7472
  derivmatch lr=0.003 iter=2375/2500 loss=0.7424
  derivmatch lr=0.003 iter=2500/2500 loss=0.7343
  derivmatch lr=0.003 iter=2500/2500 loss=0.7343
  derivmatch lr=0.001 iter=125/2500 loss=0.7321
  derivmatch lr=0.001 iter=250/2500 loss=0.7299
  derivmatch lr=0.001 iter=375/2500 loss=0.7276
  derivmatch lr=0.001 iter=500/2500 loss=0.7252
  derivmatch lr=0.001 iter=625/2500 loss=0.7227
  derivmatch lr=0.001 iter=750/2500 loss=0.7201
  derivmatch lr=0.001 iter=875/2500 loss=0.7175
  derivmatch lr=0.001 iter=1000/2500 loss=0.7148
  derivmatch lr=0.001 iter=1125/2500 loss=0.712
  derivmatch lr=0.001 iter=1250/2500 loss=0.7093
  derivmatch lr=0.001 iter=1375/2500 loss=0.7064
  derivmatch lr=0.001 iter=1500/2500 loss=0.7036
  derivmatch lr=0.001 iter=1625/2500 loss=0.7009
  derivmatch lr=0.001 iter=1750/2500 loss=0.7005
  derivmatch lr=0.001 iter=1875/2500 loss=0.6955
  derivmatch lr=0.001 iter=2000/2500 loss=0.6929
  derivmatch lr=0.001 iter=2125/2500 loss=0.6903
  derivmatch lr=0.001 iter=2250/2500 loss=0.6877
  derivmatch lr=0.001 iter=2375/2500 loss=0.6852
  derivmatch lr=0.001 iter=2500/2500 loss=0.6837
  derivmatch lr=0.001 iter=2500/2500 loss=0.6828
  derivmatch lr=0.0003 iter=80/1600 loss=0.6824
  derivmatch lr=0.0003 iter=160/1600 loss=0.682
  derivmatch lr=0.0003 iter=240/1600 loss=0.6816
  derivmatch lr=0.0003 iter=320/1600 loss=0.6811
  derivmatch lr=0.0003 iter=400/1600 loss=0.6806
  derivmatch lr=0.0003 iter=480/1600 loss=0.6801
  derivmatch lr=0.0003 iter=560/1600 loss=0.6795
  derivmatch lr=0.0003 iter=640/1600 loss=0.679
  derivmatch lr=0.0003 iter=720/1600 loss=0.6784
  derivmatch lr=0.0003 iter=800/1600 loss=0.6778
  derivmatch lr=0.0003 iter=880/1600 loss=0.6772
  derivmatch lr=0.0003 iter=960/1600 loss=0.6765
  derivmatch lr=0.0003 iter=1040/1600 loss=0.6759
  derivmatch lr=0.0003 iter=1120/1600 loss=0.6752
  derivmatch lr=0.0003 iter=1200/1600 loss=0.6746
  derivmatch lr=0.0003 iter=1280/1600 loss=0.6739
  derivmatch lr=0.0003 iter=1360/1600 loss=0.6732
  derivmatch lr=0.0003 iter=1440/1600 loss=0.6725
  derivmatch lr=0.0003 iter=1520/1600 loss=0.6717
  derivmatch lr=0.0003 iter=1600/1600 loss=0.671
  derivmatch lr=0.0003 iter=1600/1600 loss=0.671
derivative matching [25s]  fitloss=0.671
  [derivative matching]  nrmse=0.3569  l2=325.3

******************************************************************************
This program contains Ipopt, a library for large-scale nonlinear optimization.
 Ipopt is released as open source code under the Eclipse Public License (EPL).
         For more information visit https://github.com/coin-or/Ipopt
******************************************************************************

This is Ipopt version 3.14.19, running with linear solver MUMPS 5.9.0.

Number of nonzeros in equality constraint Jacobian...:   111742
Number of nonzeros in inequality constraint Jacobian.:        0
Number of nonzeros in Lagrangian Hessian.............:        0

Total number of variables............................:      520
                     variables with only lower bounds:        0
                variables with lower and upper bounds:        0
                     variables with only upper bounds:        0
Total number of equality constraints.................:      304
Total number of inequality constraints...............:        0
        inequality constraints with only lower bounds:        0
   inequality constraints with lower and upper bounds:        0
        inequality constraints with only upper bounds:        0

iter    objective    inf_pr   inf_du lg(mu)  ||d||  lg(rg) alpha_du alpha_pr  ls
   0  9.6777656e-03 1.26e+00 8.30e-05   0.0 0.00e+00    -  0.00e+00 0.00e+00   0
   1  1.7909117e-02 1.23e+00 1.85e-01 -11.0 1.99e+00    -  1.00e+00 3.12e-02h  6
   2  6.3641420e-02 1.18e+00 8.68e-01 -11.0 1.60e+00    -  1.00e+00 6.25e-02h  5
   3  9.0747773e-02 1.15e+00 7.07e-01 -11.0 1.12e+00    -  1.00e+00 3.12e-02h  6
   4  1.0671826e-01 1.13e+00 7.89e-01 -11.0 1.14e+00    -  1.00e+00 1.56e-02h  7
   5  1.2501637e-01 1.11e+00 7.74e-01 -11.0 1.22e+00    -  1.00e+00 1.56e-02h  7
   6  1.4492979e-01 1.10e+00 8.48e-01 -11.0 1.21e+00    -  1.00e+00 1.56e-02h  7
   7  1.6656790e-01 1.08e+00 8.87e-01 -11.0 1.23e+00    -  1.00e+00 1.56e-02h  7
   8  1.8963884e-01 1.06e+00 9.65e-01 -11.0 1.21e+00    -  1.00e+00 1.56e-02h  7
   9  2.4030460e-01 1.03e+00 1.24e+00 -11.0 1.22e+00    -  1.00e+00 3.12e-02h  6
iter    objective    inf_pr   inf_du lg(mu)  ||d||  lg(rg) alpha_du alpha_pr  ls
  10  3.5726637e-01 1.07e+00 2.51e+00 -11.0 1.16e+00    -  1.00e+00 6.25e-02h  5
  11  5.1114527e+00 2.71e+02 1.14e+02 -11.0 1.07e+00    -  1.00e+00 1.00e+00w  1
  12  6.6950393e+01 2.69e+02 1.37e+02 -11.0 7.44e+00    -  1.00e+00 1.00e+00w  1
  13  2.4183858e+01 1.74e+02 4.05e+02 -11.0 6.60e+00    -  1.00e+00 1.00e+00w  1
  14  3.8792217e-01 1.06e+00 2.89e+00 -11.0 5.04e+00    -  1.00e+00 1.56e-02h  6
  15  3.9521794e-01 1.06e+00 3.25e+00 -11.0 3.94e+00    -  1.00e+00 3.91e-03h  9
  16  4.1052963e-01 1.05e+00 3.87e+00 -11.0 4.63e+00    -  1.00e+00 7.81e-03h  8
  17  4.4058716e-01 1.06e+00 5.66e+00 -11.0 3.32e+00    -  1.00e+00 1.56e-02h  7
  18  4.4098059e-01 1.06e+00 6.02e+00 -11.0 1.56e+01    -  1.00e+00 4.88e-04h 12
  19  4.6858415e-01 1.11e+00 9.56e+00 -11.0 4.58e+00    -  1.00e+00 1.56e-02h  7
iter    objective    inf_pr   inf_du lg(mu)  ||d||  lg(rg) alpha_du alpha_pr  ls
  20  4.6680897e-01 1.14e+00 1.09e+01 -11.0 1.03e+02    -  1.00e+00 2.44e-04h 13
  21  4.6535674e-01 1.15e+00 1.19e+01 -11.0 6.97e+01    -  1.00e+00 2.44e-04h 13
  22  4.6498681e-01 1.15e+00 1.22e+01 -11.0 5.95e+01    -  1.00e+00 6.10e-05h 15
  23  5.3380026e-01 1.24e+00 1.21e+01 -11.0 9.25e-01    -  1.00e+00 3.12e-02h  6
  24  5.2721193e+00 2.61e+02 4.91e+01 -11.0 9.38e-01    -  1.00e+00 1.00e+00w  1
  25  5.3775538e+00 1.83e+02 2.38e+01 -11.0 1.16e+00    -  1.00e+00 1.00e+00w  1
  26  3.4402823e+00 2.63e+02 6.35e+01 -11.0 7.60e-01    -  1.00e+00 1.00e+00w  1
  27  6.0344647e-01 1.29e+00 1.24e+01 -11.0 8.89e-01    -  1.00e+00 3.12e-02h  5
  28  6.3795114e-01 1.32e+00 1.32e+01 -11.0 1.02e+00    -  1.00e+00 1.56e-02h  7
  29  6.7179525e-01 1.34e+00 1.36e+01 -11.0 1.00e+00    -  1.00e+00 1.56e-02h  7
iter    objective    inf_pr   inf_du lg(mu)  ||d||  lg(rg) alpha_du alpha_pr  ls
  30  6.8763672e-01 1.34e+00 1.42e+01 -11.0 1.37e+00    -  1.00e+00 7.81e-03h  8
  31  7.0352520e-01 1.34e+00 1.49e+01 -11.0 1.42e+00    -  1.00e+00 7.81e-03h  8
  32  7.1943610e-01 1.34e+00 1.55e+01 -11.0 1.47e+00    -  1.00e+00 7.81e-03h  8
  33  7.5743267e-01 1.35e+00 1.54e+01 -11.0 7.66e-01    -  1.00e+00 1.56e-02h  7
  34  7.9392487e-01 1.37e+00 1.56e+01 -11.0 7.85e-01    -  1.00e+00 1.56e-02h  7
  35  8.2908795e-01 1.38e+00 1.60e+01 -11.0 7.37e-01    -  1.00e+00 1.56e-02h  7
  36  8.4655065e-01 1.38e+00 1.61e+01 -11.0 7.15e-01    -  1.00e+00 7.81e-03h  8
  37  5.2813582e+00 2.75e+02 3.55e+01 -11.0 7.24e-01    -  1.00e+00 1.00e+00w  1
  38  1.3166065e+02 2.20e+02 2.49e+02 -11.0 9.87e+00    -  1.00e+00 1.00e+00w  1
  39  1.7484706e+02 1.19e+02 7.20e+02 -11.0 1.08e+01    -  1.00e+00 1.00e+00w  1
iter    objective    inf_pr   inf_du lg(mu)  ||d||  lg(rg) alpha_du alpha_pr  ls
  40  8.6401280e-01 1.37e+00 1.63e+01 -11.0 2.43e+01    -  1.00e+00 7.81e-03h  7
  41  8.7029118e-01 1.36e+00 1.80e+01 -11.0 2.51e+00    -  1.00e+00 7.81e-03h  8
  42  8.7305444e-01 1.35e+00 1.87e+01 -11.0 2.45e+00    -  1.00e+00 3.91e-03h  9
  43  8.7366556e-01 1.35e+00 1.89e+01 -11.0 2.40e+00    -  1.00e+00 9.77e-04h 11
  44  1.0301694e+00 1.82e+00 1.86e+01 -11.0 6.48e-01    -  1.00e+00 6.25e-02h  5
  45  1.1769505e+00 2.08e+00 1.97e+01 -11.0 6.47e-01    -  1.00e+00 6.25e-02h  5
  46  1.2060743e+00 2.06e+00 2.04e+01 -11.0 7.21e-01    -  1.00e+00 1.56e-02h  7
  47  1.2023222e+00 2.06e+00 2.13e+01 -11.0 3.30e+00    -  1.00e+00 1.95e-03h 10
  48  1.1980229e+00 2.06e+00 2.23e+01 -11.0 3.59e+00    -  1.00e+00 1.95e-03h 10
  49  1.1956099e+00 2.06e+00 2.28e+01 -11.0 4.15e+00    -  1.00e+00 9.77e-04h 11
iter    objective    inf_pr   inf_du lg(mu)  ||d||  lg(rg) alpha_du alpha_pr  ls
  50  5.3359153e+00 2.70e+02 5.49e+01 -11.0 6.02e-01    -  1.00e+00 1.00e+00w  1
  51  1.3713127e+02 1.59e+02 6.46e+03 -11.0 8.09e+00    -  1.00e+00 1.00e+00w  1
  52  5.0021313e+01 2.47e+02 9.26e+02 -11.0 8.90e+00    -  1.00e+00 1.00e+00w  1
  53  1.1979014e+00 2.06e+00 2.28e+01 -11.0 4.24e+00    -  1.00e+00 9.77e-04h 10
  54  1.1979714e+00 2.06e+00 2.28e+01 -11.0 6.63e-01    -  1.00e+00 3.05e-05h 16
  55  1.2285352e+00 2.04e+00 2.34e+01 -11.0 7.18e-01    -  1.00e+00 1.56e-02h  7
  56  1.2912410e+00 2.02e+00 2.44e+01 -11.0 6.86e-01    -  1.00e+00 3.12e-02h  6
  57  1.4220367e+00 2.16e+00 2.62e+01 -11.0 6.53e-01    -  1.00e+00 6.25e-02h  5
  58  1.5727748e+00 2.22e+00 2.59e+01 -11.0 5.24e-01    -  1.00e+00 6.25e-02h  5
  59  1.6371778e+00 2.21e+00 2.64e+01 -11.0 5.38e-01    -  1.00e+00 3.12e-02h  6
iter    objective    inf_pr   inf_du lg(mu)  ||d||  lg(rg) alpha_du alpha_pr  ls
  60  1.6652777e+00 2.19e+00 2.70e+01 -11.0 6.05e-01    -  1.00e+00 1.56e-02h  7
  61  1.6699620e+00 2.18e+00 2.75e+01 -11.0 9.55e-01    -  1.00e+00 3.91e-03h  9
  62  1.6747225e+00 2.17e+00 2.79e+01 -11.0 9.68e-01    -  1.00e+00 3.91e-03h  9
  63  6.1304058e+00 2.27e+02 6.63e+01 -11.0 9.78e-01    -  1.00e+00 1.00e+00w  1
  64  5.9059192e+00 1.55e+02 4.94e+02 -11.0 1.11e+00    -  1.00e+00 1.00e+00w  1
  65  3.4081419e+00 4.06e+01 3.04e+02 -11.0 1.14e+00    -  1.00e+00 1.00e+00w  1
  66  1.6795488e+00 2.16e+00 2.83e+01 -11.0 5.08e-01    -  1.00e+00 3.91e-03h  8
  67  1.6774697e+00 2.16e+00 2.90e+01 -11.0 3.77e+00    -  1.00e+00 1.95e-03h 10
  68  1.6742518e+00 2.16e+00 2.94e+01 -11.0 1.68e+01    -  1.00e+00 2.44e-04h 13
  69  1.6683534e+00 2.16e+00 3.01e+01 -11.0 1.60e+01    -  1.00e+00 4.88e-04h 12
iter    objective    inf_pr   inf_du lg(mu)  ||d||  lg(rg) alpha_du alpha_pr  ls
  70  1.6632871e+00 2.16e+00 3.09e+01 -11.0 1.44e+01    -  1.00e+00 4.88e-04h 12
  71  1.8042264e+00 2.17e+00 3.05e+01 -11.0 4.49e-01    -  1.00e+00 6.25e-02h  5
  72  1.9210580e+00 2.17e+00 3.16e+01 -11.0 4.33e-01    -  1.00e+00 6.25e-02h  5
  73  1.9402836e+00 2.14e+00 3.29e+01 -11.0 8.11e-01    -  1.00e+00 1.56e-02h  7
  74  1.9175399e+00 2.16e+00 3.57e+01 -11.0 2.22e+01    -  1.00e+00 9.77e-04h 11
  75  1.9055342e+00 2.16e+00 3.72e+01 -11.0 2.27e+01    -  1.00e+00 4.88e-04h 12
  76  1.4371531e+03 2.51e+02 8.00e+02 -11.0 2.22e+01    -  1.00e+00 1.00e+00w  1
  77  1.4857369e+03 1.17e+02 6.62e+03 -11.0 2.39e+01    -  1.00e+00 1.00e+00w  1
  78  1.2011906e+03 1.85e+01 9.35e+02 -11.0 2.18e+01    -  1.00e+00 1.00e+00w  1
  79  1.8937412e+00 2.17e+00 3.86e+01 -11.0 6.65e+00    -  1.00e+00 4.88e-04h 11
iter    objective    inf_pr   inf_du lg(mu)  ||d||  lg(rg) alpha_du alpha_pr  ls
  80  1.8659866e+00 2.20e+00 4.21e+01 -11.0 5.84e+00    -  1.00e+00 7.81e-03h  8
  81  1.8518062e+00 2.20e+00 4.36e+01 -11.0 5.10e+00    -  1.00e+00 3.91e-03h  9
  82  1.6904906e+00 8.33e+00 9.13e+01 -11.0 4.72e+00    -  1.00e+00 1.25e-01h  4
  83  1.6704934e+00 1.67e+01 1.32e+02 -11.0 3.89e-01    -  1.00e+00 1.00e+00h  1
  84  1.4769476e+00 5.76e+00 5.91e+01 -11.0 6.85e-01    -  1.00e+00 5.00e-01h  2
  85  1.6471034e+00 4.46e+00 4.82e+01 -11.0 2.95e-01    -  1.00e+00 2.50e-01h  3
  86  1.7271464e+00 3.50e+00 4.29e+01 -11.0 2.89e-01    -  1.00e+00 2.50e-01h  3
  87  1.7852301e+00 2.69e+00 4.14e+01 -11.0 2.22e-01    -  1.00e+00 2.50e-01h  3
  88  1.7134947e+00 2.07e+00 4.17e+01 -11.0 7.02e-01    -  1.00e+00 2.50e-01h  3
  89  1.8457660e+00 3.97e+00 4.46e+01 -11.0 2.53e-01    -  1.00e+00 5.00e-01h  2
iter    objective    inf_pr   inf_du lg(mu)  ||d||  lg(rg) alpha_du alpha_pr  ls
  90  1.6658543e+00 4.07e+00 4.79e+01 -11.0 1.04e+00    -  1.00e+00 2.50e-01h  3
  91  1.5491351e+00 3.33e+00 3.70e+01 -11.0 1.04e+00    -  1.00e+00 2.50e-01h  3
  92  1.5460100e+00 1.40e+00 3.97e+01 -11.0 2.44e-01    -  1.00e+00 5.00e-01h  2
  93  1.6430107e+00 5.99e-01 4.01e+01 -11.0 3.78e-01    -  1.00e+00 5.00e-01h  2
  94  1.6604314e+00 5.86e-01 4.14e+01 -11.0 1.78e-01    -  1.00e+00 1.00e+00h  1
  95  1.3427806e+00 1.00e+00 5.21e+01 -11.0 1.49e-01    -  1.00e+00 1.00e+00h  1
  96  1.0523413e+00 7.90e-01 1.76e+01 -11.0 1.98e-01    -  1.00e+00 1.00e+00h  1
  97  8.7930824e-01 8.80e-01 1.64e+01 -11.0 3.90e-01    -  1.00e+00 1.00e+00h  1
  98  6.5565194e-01 9.47e-02 1.23e+01 -11.0 2.48e-01    -  1.00e+00 1.00e+00h  1
  99  6.3696694e-01 1.89e-01 8.89e+00 -11.0 3.26e-01    -  1.00e+00 5.00e-01h  2
iter    objective    inf_pr   inf_du lg(mu)  ||d||  lg(rg) alpha_du alpha_pr  ls
 100  6.2686915e-01 6.14e-01 2.68e+01 -11.0 1.47e-01    -  1.00e+00 1.00e+00h  1
 101  5.0276780e-01 3.44e-01 1.25e+01 -11.0 1.37e-01    -  1.00e+00 1.00e+00h  1
 102  4.3582891e-01 8.59e-02 1.35e+01 -11.0 7.53e-02    -  1.00e+00 1.00e+00h  1
 103  3.4636399e-01 6.44e-01 1.04e+01 -11.0 1.04e-01    -  1.00e+00 1.00e+00h  1
 104  3.3467814e-01 6.48e-02 3.54e+00 -11.0 3.10e-02    -  1.00e+00 1.00e+00h  1
 105  3.2632667e-01 2.87e-01 6.77e+00 -11.0 5.02e-01    -  1.00e+00 2.50e-01h  3
 106  2.3293754e-01 3.97e-01 8.76e+00 -11.0 1.19e-01    -  1.00e+00 1.00e+00h  1
 107  1.9377093e-01 1.39e-01 4.61e+00 -11.0 1.07e-01    -  1.00e+00 1.00e+00h  1
 108  1.3106059e-01 8.20e-02 6.18e+00 -11.0 1.15e-01    -  1.00e+00 1.00e+00h  1
 109  1.0691315e-01 2.66e-01 5.64e+00 -11.0 2.61e-01    -  1.00e+00 5.00e-01h  2
iter    objective    inf_pr   inf_du lg(mu)  ||d||  lg(rg) alpha_du alpha_pr  ls
 110  9.6614468e-02 1.52e-01 2.22e+00 -11.0 6.99e-02    -  1.00e+00 1.00e+00h  1
 111  1.1706164e-01 1.80e-01 4.59e+00 -11.0 9.80e-02    -  1.00e+00 1.00e+00H  1
 112  6.8393897e-02 5.12e-02 2.22e+00 -11.0 7.82e-02    -  1.00e+00 1.00e+00h  1
 113  4.8642502e-02 3.91e-02 4.69e+00 -11.0 5.91e-02    -  1.00e+00 1.00e+00h  1
 114  4.4362215e-02 2.86e-02 1.14e+00 -11.0 3.84e-02    -  1.00e+00 1.00e+00h  1
 115  3.9996728e-02 1.46e-02 2.27e-01 -11.0 3.53e-02    -  1.00e+00 1.00e+00h  1
 116  3.7137631e-02 1.44e-02 2.81e-01 -11.0 3.38e-02    -  1.00e+00 1.00e+00h  1
 117  3.5905855e-02 1.40e-02 2.72e-01 -11.0 6.59e-02    -  1.00e+00 5.00e-01h  2
 118  3.5713726e-02 2.44e-02 9.86e-01 -11.0 1.05e-01    -  1.00e+00 5.00e-01h  2
 119  3.1943992e-02 6.60e-03 3.10e-01 -11.0 2.25e-02    -  1.00e+00 1.00e+00h  1
iter    objective    inf_pr   inf_du lg(mu)  ||d||  lg(rg) alpha_du alpha_pr  ls
 120  3.1099247e-02 3.46e-03 1.49e-01 -11.0 1.04e-02    -  1.00e+00 1.00e+00h  1
 121  3.0478280e-02 2.90e-03 1.21e-01 -11.0 1.81e-02    -  1.00e+00 1.00e+00h  1
 122  3.0409757e-02 1.36e-02 2.68e-01 -11.0 8.78e-02    -  1.00e+00 5.00e-01h  2
 123  2.9842056e-02 9.18e-03 2.82e-01 -11.0 4.15e-02    -  1.00e+00 5.00e-01h  2
 124  3.0464286e-02 1.08e-02 3.22e-01 -11.0 3.59e-02    -  1.00e+00 1.00e+00h  1
 125  2.9040346e-02 1.25e-03 2.92e-01 -11.0 1.33e-02    -  1.00e+00 1.00e+00h  1
 126  2.8816552e-02 1.86e-03 4.63e-02 -11.0 1.48e-02    -  1.00e+00 1.00e+00h  1
 127  2.8359157e-02 8.63e-03 2.07e-01 -11.0 3.48e-02    -  1.00e+00 1.00e+00h  1
 128  2.7312801e-02 7.08e-02 1.41e+00 -11.0 4.82e-01    -  1.00e+00 2.50e-01h  3
 129  2.7052688e-02 7.64e-02 2.25e+00 -11.0 7.41e-01    -  1.00e+00 1.25e-01h  4
iter    objective    inf_pr   inf_du lg(mu)  ||d||  lg(rg) alpha_du alpha_pr  ls
 130  2.6213530e-02 7.60e-02 3.32e+00 -11.0 6.89e-01    -  1.00e+00 1.25e-01h  4
 131  2.6188139e-02 5.76e-02 2.67e+00 -11.0 1.53e-01    -  1.00e+00 2.50e-01h  3
 132  2.5049309e-02 5.74e-02 9.25e-01 -11.0 3.67e-02    -  1.00e+00 1.00e+00h  1
 133  2.8022170e-02 1.31e-02 2.12e-01 -11.0 3.60e-02    -  1.00e+00 1.00e+00h  1
 134  2.4464821e-02 9.51e-03 2.74e-01 -11.0 3.06e-02    -  1.00e+00 1.00e+00h  1
 135  2.4129946e-02 4.88e-03 6.66e-02 -11.0 3.24e-02    -  1.00e+00 1.00e+00h  1
 136  2.3592574e-02 8.94e-02 1.58e+00 -11.0 3.58e-01    -  1.00e+00 5.00e-01h  2
 137  2.3012760e-02 1.84e-01 3.59e+00 -11.0 2.77e+00    -  1.00e+00 6.25e-02h  5
 138  2.2889329e-02 3.06e-01 5.91e+00 -11.0 3.07e+00    -  1.00e+00 6.25e-02h  5
 139  2.2384859e-02 3.41e-01 7.36e+00 -11.0 1.70e+00    -  1.00e+00 6.25e-02h  5
iter    objective    inf_pr   inf_du lg(mu)  ||d||  lg(rg) alpha_du alpha_pr  ls
 140  2.1674194e-02 3.50e-01 8.01e+00 -11.0 7.93e-01    -  1.00e+00 1.25e-01h  4
 141  2.1129357e-02 3.46e-01 8.51e+00 -11.0 1.05e+00    -  1.00e+00 6.25e-02h  5
 142  2.1181592e-02 2.59e-01 6.75e+00 -11.0 6.70e-02    -  1.00e+00 2.50e-01h  3
 143  2.1045831e-02 6.26e-02 1.67e+00 -11.0 1.01e-01    -  1.00e+00 1.00e+00h  1
 144  2.2865189e-02 3.87e-02 1.61e+00 -11.0 1.43e-01    -  1.00e+00 2.50e-01h  3
 145  2.1012043e-02 5.82e-02 5.59e-01 -11.0 9.64e-02    -  1.00e+00 1.00e+00h  1
 146  2.1647956e-02 4.11e-02 3.84e-01 -11.0 8.42e-02    -  1.00e+00 2.50e-01h  3
 147  2.0385276e-02 4.54e-03 4.66e-01 -11.0 3.59e-02    -  1.00e+00 1.00e+00h  1
 148  2.1737134e-02 1.25e-03 5.36e-01 -11.0 3.86e-02    -  1.00e+00 1.00e+00H  1
 149  2.0105568e-02 1.65e-03 2.21e-01 -11.0 2.43e-02    -  1.00e+00 1.00e+00h  1
iter    objective    inf_pr   inf_du lg(mu)  ||d||  lg(rg) alpha_du alpha_pr  ls
 150  2.0102489e-02 1.64e-04 1.28e-01 -11.0 3.95e-03    -  1.00e+00 1.00e+00h  1
 151  2.0053900e-02 5.57e-05 3.99e-02 -11.0 4.13e-03    -  1.00e+00 1.00e+00h  1
 152  2.0037181e-02 9.22e-05 8.84e-03 -11.0 3.69e-03    -  1.00e+00 1.00e+00h  1
 153  2.0017421e-02 1.13e-02 4.51e-01 -11.0 3.86e-02    -  1.00e+00 1.00e+00h  1
 154  2.0006806e-02 1.10e-02 5.98e-01 -11.0 1.17e-01    -  1.00e+00 1.25e-01h  4
 155  1.9953352e-02 2.49e-03 1.05e-01 -11.0 1.09e-02    -  1.00e+00 1.00e+00h  1
 156  2.0028381e-02 1.21e-03 1.88e-01 -11.0 1.49e-02    -  1.00e+00 1.00e+00h  1
 157  1.9923584e-02 1.36e-03 4.04e-02 -11.0 1.20e-02    -  1.00e+00 1.00e+00h  1
 158  1.9944875e-02 3.96e-04 7.43e-02 -11.0 7.96e-03    -  1.00e+00 1.00e+00h  1
 159  1.9887240e-02 1.76e-04 7.61e-02 -11.0 5.61e-03    -  1.00e+00 1.00e+00h  1
iter    objective    inf_pr   inf_du lg(mu)  ||d||  lg(rg) alpha_du alpha_pr  ls
 160  1.9881061e-02 2.46e-04 6.65e-02 -11.0 4.62e-03    -  1.00e+00 1.00e+00h  1
 161  1.9864281e-02 6.74e-05 8.39e-02 -11.0 3.59e-03    -  1.00e+00 1.00e+00h  1
 162  2.0045450e-02 3.61e-05 4.93e-01 -11.0 2.28e-02    -  1.00e+00 1.00e+00H  1
 163  1.9819685e-02 1.22e-03 1.62e-01 -11.0 1.27e-02    -  1.00e+00 1.00e+00h  1
 164  1.9815825e-02 2.36e-04 4.44e-02 -11.0 4.33e-03    -  1.00e+00 1.00e+00h  1
 165  1.9789494e-02 1.94e-04 1.18e-01 -11.0 5.54e-03    -  1.00e+00 1.00e+00h  1
 166  1.9788183e-02 8.98e-04 1.45e-01 -11.0 1.38e-02    -  1.00e+00 1.00e+00h  1
 167  1.9767259e-02 5.87e-03 6.24e-01 -11.0 2.48e-01    -  1.00e+00 1.25e-01h  4
 168  1.9755725e-02 7.11e-03 8.04e-01 -11.0 9.92e-01    -  1.00e+00 1.56e-02h  7
 169  1.9753459e-02 7.58e-03 8.64e-01 -11.0 2.58e-01    -  1.00e+00 6.25e-02h  5
iter    objective    inf_pr   inf_du lg(mu)  ||d||  lg(rg) alpha_du alpha_pr  ls
 170  1.9762778e-02 6.13e-03 7.18e-01 -11.0 7.23e-02    -  1.00e+00 2.50e-01h  3
 171  1.9739653e-02 4.54e-03 6.94e-01 -11.0 3.96e-02    -  1.00e+00 2.50e-01h  3
 172  1.9721465e-02 2.16e-02 1.21e+00 -11.0 1.88e-01    -  1.00e+00 2.50e-01h  3
 173  1.9684050e-02 1.98e-02 9.89e-01 -11.0 2.82e-01    -  1.00e+00 6.25e-02h  5
 174  1.9699883e-02 1.49e-02 6.70e-01 -11.0 2.15e-02    -  1.00e+00 2.50e-01h  3
 175  1.9673061e-02 4.01e-03 8.72e-02 -11.0 1.86e-02    -  1.00e+00 1.00e+00h  1
 176  1.9710063e-02 3.21e-03 1.26e-01 -11.0 2.70e-02    -  1.00e+00 2.50e-01h  3
 177  1.9602196e-02 8.15e-04 1.37e-01 -11.0 8.90e-03    -  1.00e+00 1.00e+00h  1
 178  1.9596745e-02 1.81e-03 1.95e-01 -11.0 1.79e-02    -  1.00e+00 1.00e+00h  1
 179  1.9579733e-02 3.40e-03 5.07e-01 -11.0 6.31e-01    -  1.00e+00 3.12e-02h  6
iter    objective    inf_pr   inf_du lg(mu)  ||d||  lg(rg) alpha_du alpha_pr  ls
 180  1.9574876e-02 3.85e-03 7.90e-01 -11.0 5.92e-01    -  1.00e+00 3.12e-02h  6
 181  1.9565166e-02 4.12e-03 9.77e-01 -11.0 1.86e-01    -  1.00e+00 1.25e-01h  4
 182  1.9539195e-02 7.66e-03 1.74e+00 -11.0 1.43e+00    -  1.00e+00 3.12e-02h  6
 183  1.9526380e-02 7.94e-03 2.00e+00 -11.0 2.92e+00    -  1.00e+00 7.81e-03h  8
 184  1.9516781e-02 7.94e-03 2.15e+00 -11.0 1.01e+00    -  1.00e+00 1.56e-02h  7
 185  1.9515198e-02 8.40e-03 2.40e+00 -11.0 4.29e-01    -  1.00e+00 6.25e-02h  5
 186  1.9503617e-02 8.52e-03 2.74e+00 -11.0 7.13e-01    -  1.00e+00 3.12e-02h  6
 187  1.9540422e-02 7.96e-03 2.88e+00 -11.0 2.48e-01    -  1.00e+00 3.12e-02h  6
 188  1.9481439e-02 3.06e-03 3.52e-01 -11.0 3.33e-02    -  1.00e+00 1.00e+00h  1
 189  1.9462489e-02 2.85e-03 1.31e-01 -11.0 5.44e-01    -  1.00e+00 3.12e-02h  6
iter    objective    inf_pr   inf_du lg(mu)  ||d||  lg(rg) alpha_du alpha_pr  ls
 190  1.9459606e-02 2.70e-03 1.43e-01 -11.0 3.25e-01    -  1.00e+00 3.12e-02h  6
 191  1.9457816e-02 4.07e-03 1.08e+00 -11.0 1.85e-01    -  1.00e+00 2.50e-01h  3
 192  1.9433482e-02 7.82e-03 2.13e+00 -11.0 3.08e+00    -  1.00e+00 1.56e-02h  7
 193  1.9422585e-02 8.38e-03 2.39e+00 -11.0 2.50e+00    -  1.00e+00 7.81e-03h  8
 194  1.9434664e-02 7.77e-03 2.33e+00 -11.0 1.75e-01    -  1.00e+00 6.25e-02h  5
 195  1.9448467e-02 6.87e-03 1.58e+00 -11.0 4.86e-02    -  1.00e+00 5.00e-01h  2
 196  1.9422951e-02 6.08e-03 1.14e+00 -11.0 5.84e-02    -  1.00e+00 1.25e-01h  4
 197  1.9393961e-02 5.07e-03 4.98e-01 -11.0 6.33e-02    -  1.00e+00 2.50e-01h  3
 198  1.9368479e-02 5.42e-03 1.57e-01 -11.0 1.05e-01    -  1.00e+00 1.25e-01h  4
 199  2.2020293e-02 5.11e-02 2.92e+00 -11.0 1.03e-01    -  1.00e+00 1.00e+00w  1
iter    objective    inf_pr   inf_du lg(mu)  ||d||  lg(rg) alpha_du alpha_pr  ls
 200  1.9764988e-02 1.72e-02 3.67e-01 -11.0 6.76e-02    -  1.00e+00 1.00e+00w  1
 201  2.3067099e-02 4.78e-02 7.46e-01 -11.0 1.03e-01    -  1.00e+00 1.00e+00w  1
 202  1.9371667e-02 5.52e-03 1.35e-01 -11.0 5.36e-02    -  1.00e+00 1.25e-01h  3
 203  1.9549581e-02 4.75e-04 6.69e-02 -11.0 1.18e-02    -  1.00e+00 1.00e+00h  1
 204  1.9353359e-02 2.31e-04 7.59e-02 -11.0 6.21e-03    -  1.00e+00 1.00e+00h  1
 205  1.9350424e-02 1.24e-05 1.56e-02 -11.0 1.56e-03    -  1.00e+00 1.00e+00h  1
 206  1.9350126e-02 4.40e-05 4.97e-02 -11.0 1.79e-03    -  1.00e+00 1.00e+00h  1
 207  1.9342791e-02 2.48e-04 1.51e-01 -11.0 4.42e-03    -  1.00e+00 1.00e+00h  1
 208  1.9328439e-02 1.50e-03 4.01e-01 -11.0 9.19e-02    -  1.00e+00 1.25e-01h  4
 209  1.9317812e-02 2.40e-03 3.98e-01 -11.0 1.86e-01    -  1.00e+00 6.25e-02h  5
iter    objective    inf_pr   inf_du lg(mu)  ||d||  lg(rg) alpha_du alpha_pr  ls
 210  1.9316566e-02 2.73e-03 3.04e-01 -11.0 1.32e-01    -  1.00e+00 6.25e-02h  5
 211  1.9314182e-02 2.97e-03 3.11e-01 -11.0 5.67e-02    -  1.00e+00 1.25e-01h  4
 212  1.9286870e-02 1.02e-02 1.75e-01 -11.0 5.54e-02    -  1.00e+00 5.00e-01h  2
 213  1.9277932e-02 1.08e-02 2.35e-01 -11.0 5.34e-01    -  1.00e+00 1.56e-02h  7
 214  1.9277013e-02 9.49e-03 1.05e-01 -11.0 2.73e-02    -  1.00e+00 1.25e-01h  4
 215  1.9248615e-02 3.30e-04 2.82e-02 -11.0 3.54e-03    -  1.00e+00 1.00e+00h  1
 216  1.9239225e-02 3.10e-03 1.85e-02 -11.0 2.10e-02    -  1.00e+00 1.00e+00h  1
 217  1.9227675e-02 9.18e-03 5.62e-02 -11.0 1.65e+00    -  1.00e+00 1.56e-02h  7
 218  1.9224902e-02 9.42e-03 6.29e-02 -11.0 1.11e+00    -  1.00e+00 7.81e-03h  8
 219  1.9212111e-02 9.90e-03 9.29e-02 -11.0 1.91e-01    -  1.00e+00 1.25e-01h  4
iter    objective    inf_pr   inf_du lg(mu)  ||d||  lg(rg) alpha_du alpha_pr  ls
 220  1.9190462e-02 1.82e-02 1.00e-01 -11.0 2.58e+00    -  1.00e+00 1.56e-02h  7
 221  1.9178239e-02 1.92e-02 9.61e-02 -11.0 2.50e+00    -  1.00e+00 7.81e-03h  8
 222  1.9176347e-02 1.80e-02 1.32e-01 -11.0 1.30e-01    -  1.00e+00 6.25e-02h  5
 223  1.9166536e-02 1.60e-02 1.53e-01 -11.0 3.30e-02    -  1.00e+00 1.25e-01h  4
 224  1.9171896e-02 1.97e-03 2.67e-02 -11.0 9.86e-03    -  1.00e+00 1.00e+00h  1
 225  1.9166092e-02 2.03e-03 1.05e-01 -11.0 1.93e-02    -  1.00e+00 5.00e-01h  2
 226  1.9191386e-02 6.51e-04 1.94e-01 -11.0 5.57e-03    -  1.00e+00 1.00e+00h  1
 227  1.9134720e-02 3.10e-04 4.58e-02 -11.0 7.01e-03    -  1.00e+00 1.00e+00h  1
 228  1.9137022e-02 8.05e-05 7.17e-02 -11.0 2.10e-03    -  1.00e+00 1.00e+00h  1
 229  1.9130440e-02 2.52e-05 7.32e-03 -11.0 1.37e-03    -  1.00e+00 1.00e+00h  1
iter    objective    inf_pr   inf_du lg(mu)  ||d||  lg(rg) alpha_du alpha_pr  ls
 230  1.9129411e-02 2.59e-05 2.76e-02 -11.0 7.63e-04    -  1.00e+00 1.00e+00h  1
 231  1.9126428e-02 9.04e-05 1.45e-02 -11.0 2.04e-03    -  1.00e+00 1.00e+00h  1
 232  1.9114508e-02 9.53e-03 2.80e-01 -11.0 1.70e-01    -  1.00e+00 1.25e-01h  4
 233  1.9113699e-02 9.62e-03 3.76e-01 -11.0 1.61e-01    -  1.00e+00 3.12e-02h  6
 234  1.9120307e-02 5.74e-03 2.67e-01 -11.0 2.69e-02    -  1.00e+00 5.00e-01h  2
 235  1.9114733e-02 4.35e-03 2.43e-01 -11.0 5.19e-02    -  1.00e+00 2.50e-01h  3
 236  1.9102934e-02 4.03e-03 1.80e-01 -11.0 6.20e-02    -  1.00e+00 1.25e-01h  4
 237  1.9117674e-02 2.95e-03 1.37e-01 -11.0 2.16e-02    -  1.00e+00 5.00e-01h  2
 238  1.9125744e-02 1.92e-03 1.13e-01 -11.0 9.67e-03    -  1.00e+00 5.00e-01h  2
 239  1.9081797e-02 9.71e-04 5.86e-02 -11.0 5.47e-03    -  1.00e+00 1.00e+00h  1
iter    objective    inf_pr   inf_du lg(mu)  ||d||  lg(rg) alpha_du alpha_pr  ls
 240  1.9084683e-02 1.40e-04 1.17e-01 -11.0 2.14e-03    -  1.00e+00 1.00e+00h  1
 241  1.9073677e-02 3.70e-05 6.51e-03 -11.0 1.38e-03    -  1.00e+00 1.00e+00h  1
 242  1.9072535e-02 8.01e-06 3.47e-03 -11.0 8.37e-04    -  1.00e+00 1.00e+00h  1
 243  1.9067521e-02 9.64e-05 6.60e-02 -11.0 4.09e-03    -  1.00e+00 1.00e+00h  1
 244  1.9057906e-02 2.42e-03 5.32e-01 -11.0 3.20e-01    -  1.00e+00 6.25e-02h  5
 245  1.9054044e-02 2.60e-03 5.53e-01 -11.0 2.05e-01    -  1.00e+00 3.12e-02h  6
 246  1.9058333e-02 3.84e-03 7.20e-01 -11.0 1.32e-01    -  1.00e+00 1.25e-01h  4
 247  1.9053556e-02 3.48e-03 6.54e-01 -11.0 3.00e-02    -  1.00e+00 1.25e-01h  4
 248  1.9043952e-02 3.84e-03 6.75e-01 -11.0 8.91e-02    -  1.00e+00 1.25e-01h  4
 249  1.9034997e-02 3.36e-03 6.28e-01 -11.0 3.60e-02    -  1.00e+00 1.25e-01h  4
iter    objective    inf_pr   inf_du lg(mu)  ||d||  lg(rg) alpha_du alpha_pr  ls
 250  1.9075664e-02 6.53e-06 6.56e-01 -11.0 2.49e-02    -  1.00e+00 1.00e+00H  1
 251  1.9050162e-02 1.74e-03 6.49e-01 -11.0 2.93e-02    -  1.00e+00 2.50e-01h  3
 252  1.9026434e-02 3.48e-03 3.51e-01 -11.0 6.15e-02    -  1.00e+00 2.50e-01h  3
 253  1.9011319e-02 6.05e-03 2.43e-01 -11.0 1.40e-01    -  1.00e+00 1.25e-01h  4
 254  1.9022260e-02 4.68e-03 2.15e-01 -11.0 6.47e-02    -  1.00e+00 2.50e-01h  3
 255  1.9012525e-02 3.81e-03 1.75e-01 -11.0 1.35e-02    -  1.00e+00 2.50e-01h  3
 256  1.8985670e-02 2.66e-03 1.26e-02 -11.0 1.71e-02    -  1.00e+00 1.00e+00h  1
 257  1.8979317e-02 2.60e-03 4.12e-02 -11.0 6.16e-02    -  1.00e+00 6.25e-02h  5
 258  1.8978085e-02 2.07e-02 3.61e-01 -11.0 8.22e-02    -  1.00e+00 5.00e-01h  2
 259  1.8973823e-02 2.45e-02 4.83e-01 -11.0 9.27e+00    -  1.00e+00 1.95e-03h 10
iter    objective    inf_pr   inf_du lg(mu)  ||d||  lg(rg) alpha_du alpha_pr  ls
 260  1.8969189e-02 2.52e-02 5.73e-01 -11.0 1.75e+00    -  1.00e+00 7.81e-03h  8
 261  1.8956750e-02 2.82e-02 7.51e-01 -11.0 2.02e+00    -  1.00e+00 1.56e-02h  7
 262  1.8951763e-02 2.78e-02 7.73e-01 -11.0 6.15e-01    -  1.00e+00 7.81e-03h  8
 263  1.8933987e-02 1.57e-02 5.18e-01 -11.0 3.97e-02    -  1.00e+00 5.00e-01h  2
 264  1.8918921e-02 1.80e-02 7.14e-01 -11.0 5.67e-01    -  1.00e+00 3.12e-02h  6
 265  1.8917690e-02 2.16e-02 6.87e-01 -11.0 3.72e-01    -  1.00e+00 6.25e-02h  5
 266  1.8905927e-02 2.08e-02 6.41e-01 -11.0 2.34e-01    -  1.00e+00 3.12e-02h  6
 267  2.1396822e-02 1.53e-01 9.07e-01 -11.0 1.48e-01    -  1.00e+00 1.00e+00w  1
 268  6.8068468e-02 1.65e+01 4.07e+02 -11.0 1.15e+00    -  1.00e+00 1.00e+00w  1
 269  2.0656525e-01 7.62e+00 4.06e+02 -11.0 1.08e+00    -  1.00e+00 1.00e+00w  1
iter    objective    inf_pr   inf_du lg(mu)  ||d||  lg(rg) alpha_du alpha_pr  ls
 270  1.8900042e-02 2.09e-02 4.60e-01 -11.0 1.32e+00    -  1.00e+00 1.25e-01h  3
 271  1.8915559e-02 1.06e-02 3.26e-01 -11.0 9.87e-03    -  1.00e+00 5.00e-01h  2
 272  1.8945127e-02 5.21e-03 4.64e-01 -11.0 9.79e-03    -  1.00e+00 5.00e-01h  2
 273  1.8941143e-02 3.16e-04 2.97e-01 -11.0 5.94e-03    -  1.00e+00 1.00e+00h  1
 274  1.8929338e-02 5.85e-04 3.45e-01 -11.0 5.08e-02    -  1.00e+00 1.25e-01h  4
 275  1.8924330e-02 6.03e-04 4.00e-01 -11.0 1.55e-02    -  1.00e+00 1.25e-01h  4
 276  1.8915732e-02 1.04e-04 3.58e-01 -11.0 2.72e-03    -  1.00e+00 1.00e+00h  1
 277  1.8906169e-02 2.33e-04 3.39e-02 -11.0 6.00e-03    -  1.00e+00 1.00e+00h  1
 278  1.8925285e-02 2.38e-05 1.72e-01 -11.0 1.17e-02    -  1.00e+00 1.00e+00H  1
 279  1.8904213e-02 6.76e-04 5.64e-02 -11.0 3.50e-02    -  1.00e+00 2.50e-01h  3
iter    objective    inf_pr   inf_du lg(mu)  ||d||  lg(rg) alpha_du alpha_pr  ls
 280  1.8894709e-02 8.29e-04 1.42e-01 -11.0 4.03e-02    -  1.00e+00 1.25e-01h  4
 281  1.9016318e-02 5.37e-06 2.34e-01 -11.0 8.29e-03    -  1.00e+00 1.00e+00H  1
 282  1.8878453e-02 2.13e-03 3.76e-02 -11.0 7.74e-03    -  1.00e+00 1.00e+00h  1
 283  1.8888991e-02 1.97e-05 1.57e-02 -11.0 1.70e-03    -  1.00e+00 1.00e+00h  1
 284  1.8876533e-02 2.64e-05 2.52e-02 -11.0 1.63e-03    -  1.00e+00 1.00e+00h  1
 285  1.8875838e-02 2.97e-05 6.19e-03 -11.0 1.07e-03    -  1.00e+00 1.00e+00h  1
 286  1.8875329e-02 4.17e-03 1.13e-01 -11.0 1.95e-01    -  1.00e+00 6.25e-02h  5
 287  1.8875182e-02 4.32e-03 1.71e-01 -11.0 4.90e-02    -  1.00e+00 6.25e-02h  5
 288  1.8874640e-02 2.45e-03 1.41e-01 -11.0 4.98e-03    -  1.00e+00 5.00e-01h  2
 289  1.8875712e-02 1.72e-03 1.45e-02 -11.0 9.23e-03    -  1.00e+00 1.00e+00h  1
iter    objective    inf_pr   inf_du lg(mu)  ||d||  lg(rg) alpha_du alpha_pr  ls
 290  1.8872591e-02 1.62e-03 2.01e-02 -11.0 2.31e-02    -  1.00e+00 1.25e-01h  4
 291  1.8869817e-02 1.52e-03 5.90e-02 -11.0 1.33e-02    -  1.00e+00 2.50e-01h  3
 292  1.8868581e-02 1.34e-03 4.43e-02 -11.0 1.47e-02    -  1.00e+00 2.50e-01h  3
 293  1.8864469e-02 2.10e-03 1.33e-02 -11.0 2.16e-02    -  1.00e+00 2.50e-01h  3
 294  1.8863711e-02 4.14e-03 1.07e-01 -11.0 1.34e-01    -  1.00e+00 6.25e-02h  5
 295  1.8863045e-02 4.02e-03 1.00e-01 -11.0 3.04e-02    -  1.00e+00 3.12e-02h  6
 296  1.8858482e-02 1.04e-03 6.94e-02 -11.0 9.96e-03    -  1.00e+00 1.00e+00h  1
 297  1.8856843e-02 1.93e-03 5.00e-02 -11.0 9.47e-02    -  1.00e+00 6.25e-02h  5
 298  1.8855266e-02 2.04e-03 9.42e-02 -11.0 4.65e-02    -  1.00e+00 6.25e-02h  5
 299  1.8851129e-02 1.81e-03 1.59e-01 -11.0 5.89e-02    -  1.00e+00 1.25e-01h  4
iter    objective    inf_pr   inf_du lg(mu)  ||d||  lg(rg) alpha_du alpha_pr  ls
 300  1.8849026e-02 1.92e-03 1.77e-01 -11.0 4.83e-02    -  1.00e+00 6.25e-02h  5
 301  1.8839944e-02 5.88e-03 2.54e-01 -11.0 2.21e-01    -  1.00e+00 1.25e-01h  4
 302  1.8833401e-02 7.60e-03 3.06e-01 -11.0 1.02e+00    -  1.00e+00 1.56e-02h  7
 303  1.8832142e-02 8.06e-03 2.80e-01 -11.0 3.05e-01    -  1.00e+00 3.12e-02h  6
 304  1.8827498e-02 7.98e-03 1.80e-01 -11.0 1.24e-01    -  1.00e+00 6.25e-02h  5
 305  1.8819773e-02 1.07e-02 1.09e-01 -11.0 5.81e-01    -  1.00e+00 3.12e-02h  6
 306  1.8818933e-02 1.06e-02 9.21e-02 -11.0 2.12e-01    -  1.00e+00 3.12e-02h  6
 307  1.8895075e-02 4.61e-02 7.62e-02 -11.0 3.59e-02    -  1.00e+00 1.00e+00w  1
 308  8.4905893e-02 1.26e+01 3.44e+02 -11.0 7.39e-01    -  1.00e+00 1.00e+00w  1
 309  1.6470928e+02 2.59e+02 2.47e+01 -11.0 7.24e+00    -  1.00e+00 1.00e+00w  1
iter    objective    inf_pr   inf_du lg(mu)  ||d||  lg(rg) alpha_du alpha_pr  ls
 310  1.8816500e-02 1.65e-02 5.74e-02 -11.0 3.33e+01    -  1.00e+00 5.00e-01h  1
 311  1.8806170e-02 8.45e-04 9.19e-02 -11.0 4.52e-03    -  1.00e+00 1.00e+00h  1
 312  1.8804771e-02 8.76e-04 1.08e-01 -11.0 4.58e-02    -  1.00e+00 3.12e-02h  6
 313  1.8818653e-02 2.92e-04 4.96e-02 -11.0 7.92e-03    -  1.00e+00 1.00e+00h  1
 314  1.8808740e-02 2.27e-05 2.77e-01 -11.0 9.79e-03    -  1.00e+00 1.00e+00H  1
 315  1.8787311e-02 1.73e-04 4.50e-01 -11.0 4.60e-02    -  1.00e+00 1.25e-01h  4
 316  1.8780927e-02 2.22e-03 4.26e-01 -11.0 3.48e-02    -  1.00e+00 2.50e-01h  3
 317  1.8772287e-02 3.53e-03 3.58e-01 -11.0 1.25e-01    -  1.00e+00 6.25e-02h  5
 318  1.8761288e-02 4.58e-03 2.27e-01 -11.0 1.30e-01    -  1.00e+00 6.25e-02h  5
 319  1.8760676e-02 4.91e-03 1.95e-01 -11.0 1.62e-01    -  1.00e+00 6.25e-02h  5
iter    objective    inf_pr   inf_du lg(mu)  ||d||  lg(rg) alpha_du alpha_pr  ls
 320  1.8750527e-02 1.43e-02 3.02e-01 -11.0 2.40e-01    -  1.00e+00 1.25e-01h  4
 321  1.8740514e-02 2.25e-02 5.67e-01 -11.0 2.01e+00    -  1.00e+00 1.56e-02h  7
 322  1.8731841e-02 2.67e-02 5.57e-01 -11.0 2.56e+00    -  1.00e+00 7.81e-03h  8
 323  1.8720863e-02 3.03e-02 6.77e-01 -11.0 7.43e-01    -  1.00e+00 3.12e-02h  6
 324  1.8708697e-02 3.55e-02 8.31e-01 -11.0 3.97e+00    -  1.00e+00 7.81e-03h  8
 325  1.2519484e-01 3.93e+01 1.03e+02 -11.0 1.81e+00    -  1.00e+00 1.00e+00w  1
 326  1.4664678e+00 3.64e+01 1.24e+03 -11.0 7.31e-01    -  1.00e+00 1.00e+00w  1
 327  5.4868555e+01 8.34e+01 1.98e+02 -11.0 1.95e+00    -  1.00e+00 1.00e+00w  1
 328  1.8691117e-02 3.69e-02 8.35e-01 -11.0 2.08e+00    -  1.00e+00 1.56e-02h  6
 329  1.8709126e-02 1.88e-03 3.15e-01 -11.0 1.11e-02    -  1.00e+00 1.00e+00h  1
iter    objective    inf_pr   inf_du lg(mu)  ||d||  lg(rg) alpha_du alpha_pr  ls
 330  1.8695257e-02 2.33e-03 4.30e-01 -11.0 3.70e+00    -  1.00e+00 1.95e-03h 10
 331  1.8689157e-02 2.21e-03 4.66e-01 -11.0 1.14e-01    -  1.00e+00 6.25e-02h  5
 332  1.8675938e-02 7.10e-03 5.17e-01 -11.0 2.73e-01    -  1.00e+00 6.25e-02h  5
 333  1.8660119e-02 1.44e-02 8.04e-01 -11.0 7.79e-01    -  1.00e+00 3.12e-02h  6
 334  1.8626046e-02 3.86e-02 9.48e-01 -11.0 6.50e-01    -  1.00e+00 6.25e-02h  5
 335  1.8582936e-02 4.61e-02 1.12e+00 -11.0 1.56e+00    -  1.00e+00 1.56e-02h  7
 336  1.8565464e-02 4.48e-02 1.09e+00 -11.0 5.18e-01    -  1.00e+00 3.12e-02h  6
 337  1.8568487e-02 2.51e-02 1.73e-01 -11.0 3.32e-02    -  1.00e+00 5.00e-01h  2
 338  1.8587352e-02 1.44e-02 6.98e-02 -11.0 1.73e-02    -  1.00e+00 5.00e-01h  2
 339  1.8614482e-02 4.57e-04 2.61e-01 -11.0 8.29e-03    -  1.00e+00 1.00e+00h  1
iter    objective    inf_pr   inf_du lg(mu)  ||d||  lg(rg) alpha_du alpha_pr  ls
 340  1.8433356e-02 7.05e-04 1.64e-01 -11.0 5.65e-03    -  1.00e+00 1.00e+00h  1
 341  1.8418751e-02 2.87e-04 8.52e-02 -11.0 3.57e-03    -  1.00e+00 1.00e+00h  1
 342  1.8454948e-02 2.03e-04 4.91e-01 -11.0 2.60e-02    -  1.00e+00 1.00e+00H  1
 343  1.8445467e-02 2.67e-04 5.33e-01 -11.0 1.28e-01    -  1.00e+00 1.56e-02h  7
 344  1.8418566e-02 4.92e-04 5.91e-01 -11.0 3.40e-02    -  1.00e+00 1.25e-01h  4
 345  1.8755731e-02 1.65e-04 1.92e-01 -11.0 1.60e-02    -  1.00e+00 1.00e+00H  1
 346  1.8401248e-02 4.13e-03 3.95e-02 -11.0 1.58e-02    -  1.00e+00 1.00e+00h  1
 347  1.8369905e-02 3.34e-03 4.91e-02 -11.0 1.41e-02    -  1.00e+00 2.50e-01h  3
 348  1.8352262e-02 1.05e-04 7.06e-02 -11.0 2.64e-03    -  1.00e+00 1.00e+00h  1
 349  1.8356112e-02 8.39e-05 2.49e-02 -11.0 2.43e-03    -  1.00e+00 1.00e+00h  1
iter    objective    inf_pr   inf_du lg(mu)  ||d||  lg(rg) alpha_du alpha_pr  ls
 350  1.8347938e-02 4.53e-05 7.04e-03 -11.0 1.62e-03    -  1.00e+00 1.00e+00h  1
 351  1.8346060e-02 6.74e-06 8.29e-03 -11.0 6.47e-04    -  1.00e+00 1.00e+00h  1
 352  1.8339642e-02 1.53e-04 3.32e-02 -11.0 5.09e-03    -  1.00e+00 1.00e+00h  1
 353  1.8337349e-02 1.69e-04 1.78e-02 -11.0 4.52e-02    -  1.00e+00 6.25e-02h  5
 354  1.8398174e-02 3.40e-06 1.18e-01 -11.0 3.69e-02    -  1.00e+00 1.00e+00H  1
 355  1.8396987e-02 3.81e-06 1.19e-01 -11.0 3.01e-01    -  1.00e+00 1.95e-03h 10
 356  1.8395926e-02 4.22e-06 1.18e-01 -11.0 9.81e-01    -  1.00e+00 4.88e-04h 12
 357  1.8394732e-02 4.67e-06 1.17e-01 -11.0 1.05e+00    -  1.00e+00 4.88e-04h 12
 358  1.8331717e-02 1.50e-02 7.33e-01 -11.0 3.88e+00    -  1.00e+00 1.56e-02h  7
 359  1.8294001e-02 1.96e-02 1.34e+00 -11.0 2.63e+00    -  1.00e+00 1.56e-02h  7
iter    objective    inf_pr   inf_du lg(mu)  ||d||  lg(rg) alpha_du alpha_pr  ls
 360  1.8269183e-02 2.03e-02 1.72e+00 -11.0 1.53e+00    -  1.00e+00 1.56e-02h  7
 361  1.8256113e-02 2.10e-02 1.17e+00 -11.0 1.53e-01    -  1.00e+00 1.25e-01h  4
 362  1.8235780e-02 2.04e-02 1.13e+00 -11.0 3.04e-01    -  1.00e+00 6.25e-02h  5
 363  1.8194709e-02 2.75e-02 1.33e+00 -11.0 8.44e-01    -  1.00e+00 6.25e-02h  5
 364  1.8135402e-02 3.66e-02 1.71e+00 -11.0 7.17e+00    -  1.00e+00 7.81e-03h  8
 365  9.9944940e-01 2.31e+01 5.51e+01 -11.0 3.34e+00    -  1.00e+00 1.00e+00w  1
 366  5.6160329e+00 1.64e+02 3.92e+02 -11.0 2.20e+00    -  1.00e+00 1.00e+00w  1
 367  1.5576408e+03 2.21e+02 4.68e+02 -11.0 1.26e+01    -  1.00e+00 1.00e+00w  1
 368  1.8121684e-02 3.80e-02 1.84e+00 -11.0 3.15e+01    -  1.00e+00 7.81e-03h  7
 369  1.8140278e-02 3.34e-02 1.44e+00 -11.0 9.02e-02    -  1.00e+00 1.25e-01h  4
iter    objective    inf_pr   inf_du lg(mu)  ||d||  lg(rg) alpha_du alpha_pr  ls
 370  1.8168677e-02 3.12e-02 1.34e+00 -11.0 1.59e-01    -  1.00e+00 2.50e-01h  3
 371  1.8173522e-02 3.00e-02 1.38e+00 -11.0 1.41e-01    -  1.00e+00 6.25e-02h  5
 372  1.8219981e-02 1.18e-03 2.62e-01 -11.0 7.52e-03    -  1.00e+00 1.00e+00h  1
 373  1.8053260e-02 2.20e-03 2.79e-01 -11.0 1.38e-02    -  1.00e+00 1.00e+00h  1
 374  1.8256113e-02 9.78e-04 2.54e-01 -11.0 1.06e-02    -  1.00e+00 1.00e+00h  1
 375  1.8040711e-02 5.26e-04 8.69e-02 -11.0 5.93e-03    -  1.00e+00 1.00e+00h  1
 376  1.8033536e-02 1.47e-05 3.90e-02 -11.0 9.29e-04    -  1.00e+00 1.00e+00h  1
 377  1.8030401e-02 2.77e-05 1.64e-02 -11.0 1.21e-03    -  1.00e+00 1.00e+00h  1
 378  1.8013966e-02 5.05e-03 9.55e-02 -11.0 6.76e-02    -  1.00e+00 2.50e-01h  3
 379  1.8008190e-02 5.57e-03 8.82e-02 -11.0 1.80e-01    -  1.00e+00 3.12e-02h  6
iter    objective    inf_pr   inf_du lg(mu)  ||d||  lg(rg) alpha_du alpha_pr  ls
 380  1.8007640e-02 8.36e-03 1.63e-01 -11.0 6.30e-02    -  1.00e+00 2.50e-01h  3
 381  1.7970745e-02 1.70e-02 2.92e-01 -11.0 1.95e-01    -  1.00e+00 1.25e-01h  4
 382  1.7963116e-02 1.73e-02 2.22e-01 -11.0 2.83e-01    -  1.00e+00 3.12e-02h  6
 383  1.7962262e-02 2.18e-02 1.53e-01 -11.0 1.10e-01    -  1.00e+00 2.50e-01h  3
 384  1.7955621e-02 2.05e-02 1.48e-01 -11.0 1.81e-02    -  1.00e+00 6.25e-02h  5
 385  1.7917276e-02 6.37e-03 1.50e-01 -11.0 2.19e-02    -  1.00e+00 1.00e+00h  1
 386  1.7914683e-02 7.26e-03 1.53e-01 -11.0 1.32e-01    -  1.00e+00 6.25e-02h  5
 387  1.7908872e-02 8.89e-03 1.29e-01 -11.0 1.57e-01    -  1.00e+00 6.25e-02h  5
 388  1.7903530e-02 1.26e-02 1.15e-01 -11.0 2.37e-01    -  1.00e+00 6.25e-02h  5
 389  1.7900403e-02 1.36e-02 3.00e-01 -11.0 2.09e-01    -  1.00e+00 6.25e-02h  5
iter    objective    inf_pr   inf_du lg(mu)  ||d||  lg(rg) alpha_du alpha_pr  ls
 390  1.7879859e-02 1.31e-02 2.93e-01 -11.0 1.46e-01    -  1.00e+00 6.25e-02h  5
 391  1.7868699e-02 1.12e-02 3.19e-01 -11.0 9.91e-02    -  1.00e+00 1.25e-01h  4
 392  1.7846026e-02 1.02e-02 5.68e-01 -11.0 1.70e-01    -  1.00e+00 1.25e-01h  4
 393  1.7825837e-02 9.83e-03 7.39e-01 -11.0 2.44e-01    -  1.00e+00 6.25e-02h  5
 394  1.7820995e-02 9.43e-03 7.79e-01 -11.0 6.27e-02    -  1.00e+00 6.25e-02h  5
 395  1.7815563e-02 2.79e-03 1.34e-01 -11.0 1.77e-02    -  1.00e+00 1.00e+00h  1
 396  1.7860262e-02 3.62e-03 2.82e-01 -11.0 5.88e-02    -  1.00e+00 2.50e-01h  3
 397  1.7831249e-02 9.61e-04 7.63e-02 -11.0 8.61e-03    -  1.00e+00 1.00e+00h  1
 398  1.7848240e-02 1.42e-04 2.03e-01 -11.0 1.08e-02    -  1.00e+00 1.00e+00H  1
 399  1.7885392e-02 1.23e-04 2.93e-01 -11.0 9.24e-03    -  1.00e+00 1.00e+00H  1
iter    objective    inf_pr   inf_du lg(mu)  ||d||  lg(rg) alpha_du alpha_pr  ls
 400  1.7757994e-02 2.92e-03 9.76e-02 -11.0 8.16e-03    -  1.00e+00 1.00e+00h  1
 401  1.7736786e-02 4.36e-05 2.42e-02 -11.0 1.73e-03    -  1.00e+00 1.00e+00h  1
 402  1.7733451e-02 1.25e-05 8.85e-03 -11.0 1.14e-03    -  1.00e+00 1.00e+00h  1
 403  1.7800145e-02 9.20e-06 6.66e-01 -11.0 1.77e-02    -  1.00e+00 1.00e+00H  1
 404  1.7959678e-02 1.98e-06 8.88e-01 -11.0 8.63e-03    -  1.00e+00 1.00e+00H  1
 405  1.7731420e-02 1.78e-03 7.48e-02 -11.0 1.17e-02    -  1.00e+00 1.00e+00h  1
 406  1.7709913e-02 1.05e-03 1.04e-01 -11.0 5.96e-03    -  1.00e+00 5.00e-01h  2
 407  1.7699977e-02 2.55e-04 1.49e-01 -11.0 4.54e-03    -  1.00e+00 1.00e+00h  1
 408  1.7761910e-02 4.14e-06 5.05e-01 -11.0 2.04e-02    -  1.00e+00 1.00e+00H  1
 409  1.7758396e-02 5.94e-06 5.15e-01 -11.0 4.95e-02    -  1.00e+00 1.56e-02h  7
iter    objective    inf_pr   inf_du lg(mu)  ||d||  lg(rg) alpha_du alpha_pr  ls
 410  1.7753418e-02 6.09e-06 5.23e-01 -11.0 6.36e-02    -  1.00e+00 7.81e-03h  8
 411  1.7719782e-02 5.13e-05 4.59e-01 -11.0 1.32e-02    -  1.00e+00 1.25e-01h  4
 412  1.7756046e-02 6.08e-06 2.97e-01 -11.0 1.27e-02    -  1.00e+00 1.00e+00H  1
 413  1.7695317e-02 9.47e-04 1.86e-02 -11.0 7.12e-03    -  1.00e+00 1.00e+00h  1
 414  1.7700891e-02 3.45e-05 1.54e-01 -11.0 1.18e-02    -  1.00e+00 1.00e+00H  1
 415  1.7683756e-02 1.25e-03 1.28e-01 -11.0 5.41e-03    -  1.00e+00 1.00e+00h  1
 416  1.7655913e-02 2.68e-04 8.72e-02 -11.0 3.21e-03    -  1.00e+00 1.00e+00h  1
 417  1.7648807e-02 7.81e-05 3.93e-02 -11.0 1.72e-03    -  1.00e+00 1.00e+00h  1
 418  1.7647998e-02 2.29e-05 1.01e-02 -11.0 1.45e-03    -  1.00e+00 1.00e+00h  1
 419  1.7642477e-02 7.99e-05 5.00e-02 -11.0 2.45e-03    -  1.00e+00 1.00e+00h  1
iter    objective    inf_pr   inf_du lg(mu)  ||d||  lg(rg) alpha_du alpha_pr  ls
 420  1.7714301e-02 6.05e-06 4.50e-02 -11.0 7.96e-03    -  1.00e+00 1.00e+00H  1
 421  1.7631055e-02 9.22e-05 1.94e-02 -11.0 3.11e-03    -  1.00e+00 1.00e+00h  1
 422  1.7622661e-02 8.29e-05 6.80e-02 -11.0 3.08e-03    -  1.00e+00 1.00e+00h  1
 423  1.7617850e-02 1.27e-03 2.18e-01 -11.0 4.61e-02    -  1.00e+00 2.50e-01h  3
 424  1.7600435e-02 6.30e-03 5.59e-01 -11.0 3.98e-01    -  1.00e+00 6.25e-02h  5
 425  1.7597118e-02 9.36e-03 8.54e-01 -11.0 2.52e+00    -  1.00e+00 7.81e-03h  8
 426  1.7595304e-02 9.94e-03 1.05e+00 -11.0 2.20e-01    -  1.00e+00 6.25e-02h  5
 427  1.7577888e-02 1.01e-02 1.24e+00 -11.0 1.60e-01    -  1.00e+00 6.25e-02h  5
 428  1.7566900e-02 1.01e-02 1.35e+00 -11.0 2.62e-01    -  1.00e+00 3.12e-02h  6
 429  1.7526541e-02 2.38e-02 1.58e+00 -11.0 1.25e-01    -  1.00e+00 2.50e-01h  3
iter    objective    inf_pr   inf_du lg(mu)  ||d||  lg(rg) alpha_du alpha_pr  ls
 430  1.7528494e-02 2.72e-02 1.48e+00 -11.0 2.40e-01    -  1.00e+00 6.25e-02h  5
 431  1.7575295e-02 2.01e-02 1.36e+00 -11.0 5.83e-02    -  1.00e+00 5.00e-01h  2
 432  1.7549826e-02 2.04e-02 1.54e+00 -11.0 3.59e-01    -  1.00e+00 3.12e-02h  6
 433  8.1137543e-02 8.57e+00 1.08e+02 -11.0 6.26e-01    -  1.00e+00 1.00e+00w  1
 434  4.6819582e-01 3.40e+01 9.22e+00 -11.0 4.58e-01    -  1.00e+00 1.00e+00w  1
 435  1.0720345e+00 1.09e+02 3.47e+03 -11.0 8.01e-01    -  1.00e+00 1.00e+00w  1
 436  1.7522814e-02 2.31e-02 1.57e+00 -11.0 2.03e+00    -  1.00e+00 3.12e-02h  5
 437  1.7524950e-02 2.20e-02 1.49e+00 -11.0 7.32e-02    -  1.00e+00 1.25e-01h  4
 438  1.7482405e-02 2.03e-02 1.12e+00 -11.0 5.11e-02    -  1.00e+00 1.25e-01h  4
 439  1.7520848e-02 3.80e-04 1.17e-01 -11.0 4.78e-03    -  1.00e+00 1.00e+00h  1
iter    objective    inf_pr   inf_du lg(mu)  ||d||  lg(rg) alpha_du alpha_pr  ls
 440  1.7445967e-02 1.00e-04 8.35e-01 -11.0 3.16e-03    -  1.00e+00 1.00e+00h  1
 441  1.7437412e-02 6.00e-05 9.70e-01 -11.0 3.05e-03    -  1.00e+00 1.00e+00h  1
 442  1.7426557e-02 2.12e-05 8.23e-02 -11.0 8.03e-04    -  1.00e+00 1.00e+00h  1
 443  1.7421085e-02 1.31e-05 2.56e-02 -11.0 8.19e-04    -  1.00e+00 1.00e+00h  1
 444  1.7412764e-02 1.30e-04 6.94e-02 -11.0 3.73e-03    -  1.00e+00 1.00e+00h  1
 445  1.7464458e-02 9.16e-07 2.82e-01 -11.0 1.05e-02    -  1.00e+00 1.00e+00H  1
 446  1.7413137e-02 9.32e-06 2.39e-01 -11.0 4.29e-03    -  1.00e+00 1.00e+00H  1
 447  1.7392800e-02 1.30e-04 1.90e-02 -11.0 3.48e-03    -  1.00e+00 1.00e+00h  1
 448  1.7389333e-02 1.06e-04 5.50e-02 -11.0 1.83e-03    -  1.00e+00 1.00e+00h  1
 449  1.7382517e-02 3.41e-05 5.70e-03 -11.0 1.38e-03    -  1.00e+00 1.00e+00h  1
iter    objective    inf_pr   inf_du lg(mu)  ||d||  lg(rg) alpha_du alpha_pr  ls
 450  1.7380970e-02 4.44e-05 1.37e-02 -11.0 2.38e-03    -  1.00e+00 1.00e+00h  1
 451  1.7377275e-02 3.17e-04 1.40e-01 -11.0 2.32e-02    -  1.00e+00 2.50e-01h  3
 452  1.7375556e-02 3.36e-04 2.08e-01 -11.0 6.01e-02    -  1.00e+00 6.25e-02h  5
 453  1.7423416e-02 2.97e-07 1.08e-01 -11.0 7.38e-03    -  1.00e+00 1.00e+00H  1
 454  1.7371071e-02 1.17e-04 7.66e-02 -11.0 3.76e-03    -  1.00e+00 1.00e+00h  1
 455  1.7364526e-02 3.57e-05 4.92e-02 -11.0 1.23e-03    -  1.00e+00 1.00e+00h  1
 456  1.7362765e-02 1.08e-05 1.15e-02 -11.0 1.03e-03    -  1.00e+00 1.00e+00h  1
 457  1.7360801e-02 1.89e-05 3.36e-03 -11.0 1.33e-03    -  1.00e+00 1.00e+00h  1
 458  1.7369649e-02 4.08e-07 2.64e-02 -11.0 1.77e-02    -  1.00e+00 1.00e+00H  1
 459  1.7368865e-02 2.05e-06 2.65e-02 -11.0 9.93e-02    -  1.00e+00 3.91e-03h  9
iter    objective    inf_pr   inf_du lg(mu)  ||d||  lg(rg) alpha_du alpha_pr  ls
 460  1.7360339e-02 5.31e-04 3.84e-02 -11.0 5.00e-02    -  1.00e+00 1.25e-01h  4
 461  1.7339798e-02 1.19e-03 1.15e-01 -11.0 3.92e-02    -  1.00e+00 2.50e-01h  3
 462  1.7322920e-02 1.85e-03 6.14e-02 -11.0 1.45e-01    -  1.00e+00 6.25e-02h  5
 463  1.7316599e-02 1.95e-03 7.59e-02 -11.0 9.33e-02    -  1.00e+00 6.25e-02h  5
 464  1.7314996e-02 1.47e-03 8.13e-02 -11.0 2.19e-02    -  1.00e+00 2.50e-01h  3
 465  1.7300653e-02 2.88e-03 1.10e-01 -11.0 5.67e-02    -  1.00e+00 2.50e-01h  3
 466  1.7292299e-02 9.30e-03 1.53e-01 -11.0 8.02e-01    -  1.00e+00 3.12e-02h  6
 467  1.7285862e-02 9.87e-03 1.74e-01 -11.0 2.48e-01    -  1.00e+00 3.12e-02h  6
 468  1.7276933e-02 1.06e-02 2.52e-01 -11.0 1.30e-01    -  1.00e+00 6.25e-02h  5
 469  2.4159498e-02 1.65e+00 2.26e+00 -11.0 2.66e-01    -  1.00e+00 1.00e+00w  1
iter    objective    inf_pr   inf_du lg(mu)  ||d||  lg(rg) alpha_du alpha_pr  ls
 470  4.1659805e-02 3.09e-01 4.00e+00 -11.0 1.40e-01    -  1.00e+00 1.00e+00w  1
 471  3.7107155e-02 2.06e+00 1.27e+00 -11.0 2.51e-01    -  1.00e+00 1.00e+00w  1
 472  1.7270666e-02 1.63e-02 4.12e-01 -11.0 8.06e-01    -  1.00e+00 6.25e-02h  4
 473  1.7299014e-02 7.46e-03 2.36e-01 -11.0 2.31e-02    -  1.00e+00 5.00e-01h  2
 474  1.7260444e-02 6.34e-03 1.57e-01 -11.0 1.56e-02    -  1.00e+00 1.00e+00h  1
 475  1.7289780e-02 4.71e-03 9.51e-02 -11.0 4.32e-02    -  1.00e+00 1.25e-01h  4
 476  1.7222473e-02 1.52e-04 1.17e-01 -11.0 4.65e-03    -  1.00e+00 1.00e+00h  1
 477  1.7219953e-02 1.77e-04 3.68e-02 -11.0 2.88e-03    -  1.00e+00 1.00e+00h  1
 478  1.7208574e-02 8.65e-05 1.31e-02 -11.0 1.81e-03    -  1.00e+00 1.00e+00h  1
 479  1.7209245e-02 5.32e-06 8.21e-02 -11.0 4.22e-03    -  1.00e+00 1.00e+00H  1
iter    objective    inf_pr   inf_du lg(mu)  ||d||  lg(rg) alpha_du alpha_pr  ls
 480  1.7196875e-02 7.43e-03 2.35e-01 -11.0 7.04e-02    -  1.00e+00 2.50e-01h  3
 481  1.7190182e-02 1.34e-02 3.45e-01 -11.0 2.10e+00    -  1.00e+00 7.81e-03h  8
 482  1.7185638e-02 1.45e-02 4.46e-01 -11.0 5.64e-01    -  1.00e+00 1.56e-02h  7
 483  1.7180313e-02 1.49e-02 5.25e-01 -11.0 4.15e-01    -  1.00e+00 1.56e-02h  7
 484  1.7175368e-02 1.76e-02 6.33e-01 -11.0 2.63e-01    -  1.00e+00 6.25e-02h  5
 485  1.7172110e-02 1.96e-02 7.22e-01 -11.0 4.70e-01    -  1.00e+00 3.12e-02h  6
 486  1.7168339e-02 4.80e-02 1.04e+00 -11.0 7.71e-01    -  1.00e+00 6.25e-02h  5
 487  1.7166972e-02 4.75e-02 1.01e+00 -11.0 5.30e-01    -  1.00e+00 7.81e-03h  8
 488  1.7147619e-02 2.80e-02 6.16e-01 -11.0 3.36e-02    -  1.00e+00 5.00e-01h  2
 489  1.7140787e-02 2.39e-02 4.82e-01 -11.0 2.25e-01    -  1.00e+00 3.12e-02h  6
iter    objective    inf_pr   inf_du lg(mu)  ||d||  lg(rg) alpha_du alpha_pr  ls
 490  1.7214752e-02 8.86e-03 8.99e-02 -11.0 2.56e-02    -  1.00e+00 1.00e+00w  1
 491  1.8194540e-02 5.06e-01 1.41e+00 -11.0 1.72e-01    -  1.00e+00 1.00e+00w  1
 492  5.3617385e-01 4.57e+00 2.92e+01 -11.0 4.58e-01    -  1.00e+00 1.00e+00w  1
 493  1.7131929e-02 1.42e-02 1.99e-01 -11.0 4.17e-01    -  1.00e+00 5.00e-01h  1
 494  1.7107000e-02 1.93e-02 2.89e-01 -11.0 1.81e-01    -  1.00e+00 1.25e-01h  4
 495  1.7105483e-02 2.09e-02 3.86e-01 -11.0 7.20e-01    -  1.00e+00 1.56e-02h  7
 496  1.7105298e-02 2.12e-02 5.20e-01 -11.0 1.22e-01    -  1.00e+00 1.25e-01h  4
 497  1.7102070e-02 2.07e-02 5.46e-01 -11.0 1.95e-01    -  1.00e+00 3.12e-02h  6
 498  1.7115303e-02 1.57e-02 6.84e-01 -11.0 5.67e-02    -  1.00e+00 5.00e-01h  2
 499  1.7091504e-02 1.69e-02 6.95e-01 -11.0 4.65e-01    -  1.00e+00 3.12e-02h  6
iter    objective    inf_pr   inf_du lg(mu)  ||d||  lg(rg) alpha_du alpha_pr  ls
 500  1.7084873e-02 1.70e-02 6.41e-01 -11.0 3.99e-01    -  1.00e+00 3.12e-02h  6
 501  1.7067141e-02 1.70e-02 6.49e-01 -11.0 1.19e-01    -  1.00e+00 1.25e-01h  4
 502  1.7037827e-02 2.74e-02 7.77e-01 -11.0 5.64e-01    -  1.00e+00 6.25e-02h  5
 503  1.7029744e-02 3.16e-02 8.73e-01 -11.0 1.52e+00    -  1.00e+00 1.56e-02h  7
 504  4.1779511e-02 1.52e+00 3.61e+00 -11.0 5.48e-01    -  1.00e+00 1.00e+00w  1
 505  3.9234240e-02 4.20e-01 4.57e+00 -11.0 1.09e-01    -  1.00e+00 1.00e+00w  1
 506  2.4273320e-02 1.69e-01 2.66e+00 -11.0 1.90e-01    -  1.00e+00 1.00e+00w  1
 507  1.7018907e-02 3.24e-02 8.75e-01 -11.0 3.67e-01    -  1.00e+00 3.12e-02h  5
 508  1.7007522e-02 3.30e-02 9.46e-01 -11.0 8.23e-01    -  1.00e+00 1.56e-02h  7
 509  1.7009589e-02 3.21e-02 9.51e-01 -11.0 2.54e-01    -  1.00e+00 6.25e-02h  5
iter    objective    inf_pr   inf_du lg(mu)  ||d||  lg(rg) alpha_du alpha_pr  ls
 510  1.7041435e-02 2.82e-02 8.18e-01 -11.0 4.20e-02    -  1.00e+00 1.25e-01h  4
 511  1.6986181e-02 1.38e-04 5.64e-02 -11.0 4.92e-03    -  1.00e+00 1.00e+00h  1
 512  1.6976774e-02 3.51e-04 3.09e-02 -11.0 2.99e-03    -  1.00e+00 1.00e+00h  1
 513  1.6963375e-02 2.41e-04 1.32e-02 -11.0 4.58e-03    -  1.00e+00 1.00e+00h  1
 514  1.7036188e-02 4.91e-05 7.39e-02 -11.0 1.21e-02    -  1.00e+00 1.00e+00H  1
 515  1.6948148e-02 1.11e-03 3.54e-02 -11.0 7.99e-03    -  1.00e+00 1.00e+00h  1
 516  1.6962739e-02 3.78e-05 3.90e-02 -11.0 2.26e-03    -  1.00e+00 1.00e+00h  1
 517  1.6945690e-02 1.02e-05 5.34e-03 -11.0 1.77e-03    -  1.00e+00 1.00e+00h  1
 518  1.6944725e-02 7.95e-07 2.75e-03 -11.0 5.61e-04    -  1.00e+00 1.00e+00h  1
 519  1.6943412e-02 1.39e-04 4.00e-02 -11.0 1.33e-01    -  1.00e+00 6.25e-02h  5
iter    objective    inf_pr   inf_du lg(mu)  ||d||  lg(rg) alpha_du alpha_pr  ls
 520  1.6941060e-02 2.50e-04 2.62e-02 -11.0 5.66e-02    -  1.00e+00 1.25e-01h  4
 521  1.6930885e-02 4.99e-04 3.40e-02 -11.0 7.15e-02    -  1.00e+00 1.25e-01h  4
 522  1.6916827e-02 9.94e-04 4.68e-02 -11.0 1.57e-01    -  1.00e+00 6.25e-02h  5
 523  1.6901300e-02 3.23e-03 2.75e-02 -11.0 2.94e-01    -  1.00e+00 6.25e-02h  5
 524  1.6896642e-02 4.57e-03 8.64e-02 -11.0 7.48e-01    -  1.00e+00 3.12e-02h  6
 525  1.6888891e-02 6.31e-03 9.83e-02 -11.0 2.30e-01    -  1.00e+00 6.25e-02h  5
 526  1.6888099e-02 6.75e-03 6.86e-02 -11.0 9.83e-02    -  1.00e+00 1.25e-01h  4
 527  1.6840848e-02 9.29e-03 8.03e-02 -11.0 8.45e-02    -  1.00e+00 2.50e-01h  3
 528  1.6872892e-02 8.50e-03 2.46e-01 -11.0 1.12e-01    -  1.00e+00 6.25e-02h  5
 529  1.6797782e-02 1.69e-03 7.82e-02 -11.0 5.93e-03    -  1.00e+00 1.00e+00h  1
iter    objective    inf_pr   inf_du lg(mu)  ||d||  lg(rg) alpha_du alpha_pr  ls
 530  1.6788598e-02 5.95e-04 2.56e-02 -11.0 1.17e-02    -  1.00e+00 1.00e+00h  1
 531  1.6788527e-02 1.78e-03 4.53e-02 -11.0 5.18e-02    -  1.00e+00 2.50e-01h  3
 532  1.6779935e-02 1.77e-03 3.37e-02 -11.0 1.06e-01    -  1.00e+00 6.25e-02h  5
 533  1.6767012e-02 1.89e-03 1.61e-01 -11.0 4.76e-02    -  1.00e+00 2.50e-01h  3
 534  1.6766567e-02 1.79e-03 1.44e-01 -11.0 3.24e-02    -  1.00e+00 6.25e-02h  5
 535  1.6749426e-02 4.20e-04 2.23e-02 -11.0 8.10e-03    -  1.00e+00 1.00e+00h  1
 536  1.6747501e-02 4.51e-04 3.86e-02 -11.0 5.50e-02    -  1.00e+00 6.25e-02h  5
 537  1.6743764e-02 7.57e-04 5.91e-02 -11.0 1.31e-01    -  1.00e+00 6.25e-02h  5
 538  1.6741439e-02 1.99e-03 6.92e-02 -11.0 5.24e-01    -  1.00e+00 3.12e-02h  6
 539  1.6741085e-02 3.08e-03 1.35e-01 -11.0 5.54e-01    -  1.00e+00 3.12e-02h  6
iter    objective    inf_pr   inf_du lg(mu)  ||d||  lg(rg) alpha_du alpha_pr  ls
 540  1.6737913e-02 3.48e-03 1.81e-01 -11.0 6.68e-01    -  1.00e+00 1.56e-02h  7
 541  1.6736686e-02 4.25e-03 1.96e-01 -11.0 9.42e-01    -  1.00e+00 1.56e-02h  7
 542  1.6732747e-02 4.33e-03 2.25e-01 -11.0 4.24e-01    -  1.00e+00 1.56e-02h  7
 543  1.6720126e-02 6.68e-03 2.88e-01 -11.0 4.99e-01    -  1.00e+00 6.25e-02h  5
 544  1.6706136e-02 1.10e-02 3.03e-01 -11.0 5.31e+00    -  1.00e+00 7.81e-03h  8
 545  1.6703529e-02 1.26e-02 2.89e-01 -11.0 3.71e+00    -  1.00e+00 7.81e-03h  8
 546  5.6911973e-02 2.84e+00 2.06e+01 -11.0 9.14e-01    -  1.00e+00 1.00e+00w  1
 547  8.1702370e+02 2.79e+02 1.65e+02 -11.0 1.54e+01    -  1.00e+00 1.00e+00w  1
 548  2.8245147e+02 1.14e+02 6.13e+02 -11.0 1.87e+01    -  1.00e+00 1.00e+00w  1
 549  1.6682535e-02 1.48e-02 2.73e-01 -11.0 2.19e+01    -  1.00e+00 3.12e-02h  5
iter    objective    inf_pr   inf_du lg(mu)  ||d||  lg(rg) alpha_du alpha_pr  ls
 550  1.6668561e-02 1.42e-02 2.97e-01 -11.0 1.34e-01    -  1.00e+00 6.25e-02h  5
 551  1.6666374e-02 1.24e-02 3.27e-01 -11.0 1.83e-02    -  1.00e+00 1.25e-01h  4
 552  1.6660189e-02 1.59e-04 2.37e-01 -11.0 2.46e-03    -  1.00e+00 1.00e+00h  1
 553  1.6653224e-02 6.61e-05 4.57e-02 -11.0 2.20e-03    -  1.00e+00 1.00e+00h  1
 554  1.6651399e-02 9.16e-05 8.57e-03 -11.0 3.45e-03    -  1.00e+00 1.00e+00h  1
 555  1.6664478e-02 2.39e-05 2.92e-02 -11.0 1.15e-02    -  1.00e+00 1.00e+00H  1
 556  1.6648425e-02 3.04e-04 3.34e-02 -11.0 2.95e-02    -  1.00e+00 1.25e-01h  4
 557  1.6635423e-02 9.11e-04 1.29e-01 -11.0 8.67e-03    -  1.00e+00 1.00e+00h  1
 558  1.6618845e-02 6.91e-04 6.37e-02 -11.0 5.77e-03    -  1.00e+00 5.00e-01h  2
 559  1.6589100e-02 1.09e-04 1.78e-02 -11.0 3.84e-03    -  1.00e+00 1.00e+00h  1
iter    objective    inf_pr   inf_du lg(mu)  ||d||  lg(rg) alpha_du alpha_pr  ls
 560  1.6587026e-02 2.32e-04 2.69e-02 -11.0 5.98e-03    -  1.00e+00 1.00e+00h  1
 561  1.6624349e-02 4.91e-05 9.54e-02 -11.0 3.94e-02    -  1.00e+00 1.00e+00H  1
 562  1.6618278e-02 3.58e-05 9.80e-02 -11.0 2.69e-01    -  1.00e+00 7.81e-03h  8
 563  1.6608509e-02 4.10e-05 9.86e-02 -11.0 7.10e-02    -  1.00e+00 3.12e-02h  6
 564  1.6616256e-02 4.93e-06 1.04e-01 -11.0 2.16e-02    -  1.00e+00 1.00e+00H  1
 565  1.6581187e-02 1.78e-04 9.88e-02 -11.0 4.40e-02    -  1.00e+00 1.25e-01h  4
 566  1.6560229e-02 1.03e-03 3.74e-02 -11.0 6.22e-03    -  1.00e+00 1.00e+00h  1
 567  1.6543144e-02 5.67e-04 2.67e-02 -11.0 7.70e-03    -  1.00e+00 1.00e+00h  1
 568  1.6530812e-02 5.13e-04 3.87e-02 -11.0 5.14e-03    -  1.00e+00 5.00e-01h  2
 569  1.6517749e-02 1.33e-04 1.09e-02 -11.0 3.07e-03    -  1.00e+00 1.00e+00h  1
iter    objective    inf_pr   inf_du lg(mu)  ||d||  lg(rg) alpha_du alpha_pr  ls
 570  1.6530149e-02 3.77e-06 6.55e-02 -11.0 5.08e-03    -  1.00e+00 1.00e+00H  1
 571  1.6509568e-02 3.42e-04 5.11e-03 -11.0 2.68e-03    -  1.00e+00 1.00e+00h  1
 572  1.6511755e-02 1.71e-04 7.53e-02 -11.0 1.88e-03    -  1.00e+00 1.00e+00h  1
 573  1.6503047e-02 5.11e-05 1.93e-02 -11.0 1.46e-03    -  1.00e+00 1.00e+00h  1
 574  1.6499817e-02 2.99e-04 1.17e-02 -11.0 3.60e-03    -  1.00e+00 1.00e+00h  1
 575  1.6499350e-02 1.22e-02 6.18e-02 -11.0 8.93e-02    -  1.00e+00 2.50e-01h  3
 576  1.6497951e-02 1.27e-02 4.37e-02 -11.0 3.06e-01    -  1.00e+00 1.56e-02h  7
 577  1.6496570e-02 1.14e-02 3.92e-02 -11.0 2.28e-02    -  1.00e+00 1.25e-01h  4
 578  1.6492925e-02 1.85e-04 4.59e-02 -11.0 5.82e-03    -  1.00e+00 1.00e+00h  1
 579  1.6480936e-02 1.23e-04 7.46e-02 -11.0 6.80e-03    -  1.00e+00 5.00e-01h  2
iter    objective    inf_pr   inf_du lg(mu)  ||d||  lg(rg) alpha_du alpha_pr  ls
 580  1.6474489e-02 2.18e-05 2.22e-02 -11.0 1.59e-03    -  1.00e+00 1.00e+00h  1
 581  1.6474323e-02 1.14e-04 1.48e-02 -11.0 2.25e-03    -  1.00e+00 1.00e+00h  1
 582  1.6480383e-02 1.02e-05 3.23e-02 -11.0 1.00e-02    -  1.00e+00 1.00e+00H  1
 583  1.6479405e-02 1.51e-05 3.27e-02 -11.0 1.05e-01    -  1.00e+00 7.81e-03h  8
 584  1.6478427e-02 1.85e-05 3.50e-02 -11.0 7.13e-02    -  1.00e+00 7.81e-03h  8
 585  1.6470373e-02 1.68e-04 2.85e-02 -11.0 5.13e-02    -  1.00e+00 1.25e-01h  4
 586  1.6470338e-02 6.29e-04 3.33e-02 -11.0 1.10e-01    -  1.00e+00 1.25e-01h  4
 587  1.6465363e-02 6.56e-04 4.12e-02 -11.0 5.38e-02    -  1.00e+00 6.25e-02h  5
 588  1.6457891e-02 1.05e-03 4.06e-02 -11.0 5.47e-02    -  1.00e+00 1.25e-01h  4
 589  1.6457832e-02 1.40e-02 1.66e-01 -11.0 2.24e-01    -  1.00e+00 1.25e-01h  4
iter    objective    inf_pr   inf_du lg(mu)  ||d||  lg(rg) alpha_du alpha_pr  ls
 590  1.6453152e-02 1.36e-02 1.26e-01 -11.0 1.16e-01    -  1.00e+00 3.12e-02h  6
 591  1.6438828e-02 1.06e-02 4.44e-02 -11.0 2.17e-02    -  1.00e+00 2.50e-01h  3
 592  1.6426486e-02 7.18e-03 3.12e-02 -11.0 1.64e-02    -  1.00e+00 5.00e-01h  2
 593  1.7428595e-02 4.68e-03 8.18e-02 -11.0 2.22e-02    -  1.00e+00 1.00e+00w  1
 594  1.6434187e-02 4.70e-03 1.14e-01 -11.0 1.53e-02    -  1.00e+00 1.00e+00h  1
 595  1.6423759e-02 7.78e-04 4.57e-02 -11.0 7.61e-03    -  1.00e+00 1.00e+00h  1
 596  1.6413593e-02 1.27e-03 7.78e-02 -11.0 2.89e-02    -  1.00e+00 2.50e-01h  3
 597  1.6420592e-02 9.13e-04 1.63e-01 -11.0 3.85e-02    -  1.00e+00 2.50e-01h  3
 598  1.6415456e-02 6.96e-04 1.54e-01 -11.0 1.51e-02    -  1.00e+00 2.50e-01h  3
 599  1.6416982e-02 9.83e-04 6.57e-02 -11.0 1.14e-02    -  1.00e+00 1.00e+00h  1
iter    objective    inf_pr   inf_du lg(mu)  ||d||  lg(rg) alpha_du alpha_pr  ls
 600  1.6403484e-02 1.29e-03 5.60e-02 -11.0 3.00e-02    -  1.00e+00 2.50e-01h  3
 601  1.6390950e-02 1.60e-03 2.52e-02 -11.0 2.56e-02    -  1.00e+00 2.50e-01h  3
 602  1.6383809e-02 1.65e-03 2.35e-02 -11.0 7.21e-02    -  1.00e+00 1.25e-01h  4
 603  1.6376802e-02 1.40e-03 6.23e-02 -11.0 7.71e-02    -  1.00e+00 1.25e-01h  4
 604  1.6368473e-02 1.67e-03 9.12e-02 -11.0 2.27e-01    -  1.00e+00 3.12e-02h  6
 605  1.6370118e-02 1.52e-03 1.06e-01 -11.0 5.26e-02    -  1.00e+00 1.25e-01h  4
 606  1.6326589e-02 8.87e-02 1.06e+00 -11.0 2.46e-01    -  1.00e+00 5.00e-01h  2
 607  1.6289540e-02 1.13e-01 1.41e+00 -11.0 1.29e+01    -  1.00e+00 3.91e-03h  9
 608  1.6264009e-02 1.30e-01 1.64e+00 -11.0 4.06e+01    -  1.00e+00 9.77e-04h 11
 609  1.6247669e-02 1.44e-01 1.83e+00 -11.0 5.27e+00    -  1.00e+00 7.81e-03h  8
iter    objective    inf_pr   inf_du lg(mu)  ||d||  lg(rg) alpha_du alpha_pr  ls
 610  3.6685716e-01 1.02e+02 3.80e+02 -11.0 2.59e+00    -  1.00e+00 1.00e+00w  1
 611  1.5747345e+04 4.37e+02 1.22e+02 -11.0 6.91e+01    -  1.00e+00 1.00e+00w  1
 612  2.0338258e+02 2.37e+01 4.26e+02 -11.0 1.14e+02    -  1.00e+00 1.00e+00w  1
 613  1.6242257e-02 1.44e-01 1.82e+00 -11.0 1.73e+01    -  1.00e+00 3.91e-03h  8
 614  1.6180106e-02 1.56e-01 1.93e+00 -11.0 2.44e+00    -  1.00e+00 1.56e-02h  7
 615  1.6238205e-02 1.54e-01 1.94e+00 -11.0 3.86e-01    -  1.00e+00 1.56e-02h  7
 616  1.6249236e-02 7.43e-04 1.97e+00 -11.0 4.43e-03    -  1.00e+00 1.00e+00h  1
 617  1.6275932e-02 5.84e-04 6.86e-01 -11.0 3.30e-02    -  1.00e+00 1.00e+00H  1
 618  1.6244415e-02 9.89e-04 6.12e-01 -11.0 1.93e+00    -  1.00e+00 7.81e-03h  8
 619  1.6237551e-02 2.02e-03 5.65e-01 -11.0 4.22e-01    -  1.00e+00 3.12e-02h  6
iter    objective    inf_pr   inf_du lg(mu)  ||d||  lg(rg) alpha_du alpha_pr  ls
 620  1.6230662e-02 1.98e-03 5.28e-01 -11.0 8.06e-02    -  1.00e+00 6.25e-02h  5
 621  1.6223145e-02 1.75e-03 4.84e-01 -11.0 1.91e-02    -  1.00e+00 1.25e-01h  4
 622  1.6218071e-02 6.01e-04 3.52e-02 -11.0 9.77e-03    -  1.00e+00 1.00e+00h  1
 623  1.6213720e-02 7.85e-04 1.93e-02 -11.0 9.50e-02    -  1.00e+00 6.25e-02h  5
 624  1.6209712e-02 9.47e-04 2.83e-02 -11.0 1.04e-01    -  1.00e+00 6.25e-02h  5
 625  1.6202639e-02 3.08e-03 4.14e-02 -11.0 8.69e-02    -  1.00e+00 2.50e-01h  3
 626  1.6191179e-02 1.03e-02 1.45e-01 -11.0 2.73e+00    -  1.00e+00 1.56e-02h  7
 627  1.6172074e-02 1.08e-02 1.49e-01 -11.0 3.00e+00    -  1.00e+00 7.81e-03h  8
 628  1.6163326e-02 1.13e-02 1.39e-01 -11.0 2.05e+00    -  1.00e+00 7.81e-03h  8
 629  1.6151220e-02 1.47e-02 1.70e-01 -11.0 2.52e+00    -  1.00e+00 1.56e-02h  7
iter    objective    inf_pr   inf_du lg(mu)  ||d||  lg(rg) alpha_du alpha_pr  ls
 630  1.6150769e-02 1.66e-02 1.63e-01 -11.0 4.40e+00    -  1.00e+00 7.81e-03h  8
 631  1.6149343e-02 1.74e-02 1.72e-01 -11.0 1.65e+00    -  1.00e+00 1.56e-02h  7
 632  1.6136744e-02 1.75e-02 1.48e-01 -11.0 1.22e+00    -  1.00e+00 7.81e-03h  8
 633  3.7140601e-02 6.28e-01 1.27e+01 -11.0 4.35e-01    -  1.00e+00 1.00e+00w  1
 634  1.0170382e-01 1.25e+00 5.13e+00 -11.0 4.34e-01    -  1.00e+00 1.00e+00w  1
 635  1.3149342e-01 2.09e+00 3.50e+00 -11.0 1.90e-01    -  1.00e+00 1.00e+00w  1
 636  1.6125954e-02 1.82e-02 1.15e-01 -11.0 1.92e-01    -  1.00e+00 6.25e-02h  4
 637  1.6122966e-02 1.59e-02 1.14e-01 -11.0 2.79e-02    -  1.00e+00 1.25e-01h  4
 638  1.6068298e-02 1.19e-04 3.24e-01 -11.0 3.87e-03    -  1.00e+00 1.00e+00h  1
 639  1.6111934e-02 1.02e-05 1.47e-01 -11.0 1.58e-02    -  1.00e+00 1.00e+00H  1
iter    objective    inf_pr   inf_du lg(mu)  ||d||  lg(rg) alpha_du alpha_pr  ls
 640  1.6396717e-02 9.76e-06 2.08e-01 -11.0 1.10e-02    -  1.00e+00 1.00e+00H  1
 641  1.6050649e-02 1.18e-03 6.45e-02 -11.0 1.03e-02    -  1.00e+00 1.00e+00h  1
 642  1.6060420e-02 9.29e-05 6.93e-02 -11.0 2.79e-03    -  1.00e+00 1.00e+00h  1
 643  1.6033881e-02 5.10e-05 3.57e-03 -11.0 1.99e-03    -  1.00e+00 1.00e+00h  1
 644  1.6031948e-02 3.77e-06 1.24e-02 -11.0 5.12e-04    -  1.00e+00 1.00e+00h  1
 645  1.6023330e-02 9.22e-04 2.09e-02 -11.0 4.73e-03    -  1.00e+00 1.00e+00h  1
 646  1.6020155e-02 9.08e-04 2.96e-02 -11.0 1.91e-02    -  1.00e+00 1.25e-01h  4
 647  1.6023671e-02 7.12e-04 5.80e-02 -11.0 1.13e-02    -  1.00e+00 5.00e-01h  2
 648  1.6019372e-02 5.25e-04 4.98e-02 -11.0 3.52e-03    -  1.00e+00 5.00e-01h  2
 649  1.6012763e-02 2.34e-04 3.94e-02 -11.0 3.68e-03    -  1.00e+00 1.00e+00h  1
iter    objective    inf_pr   inf_du lg(mu)  ||d||  lg(rg) alpha_du alpha_pr  ls
 650  1.6014411e-02 8.24e-05 3.28e-02 -11.0 1.39e-03    -  1.00e+00 1.00e+00h  1
 651  1.6006262e-02 2.24e-04 5.72e-03 -11.0 2.32e-03    -  1.00e+00 1.00e+00h  1
 652  1.6013024e-02 1.79e-04 1.78e-02 -11.0 2.60e-03    -  1.00e+00 1.00e+00h  1
 653  1.6003052e-02 3.30e-05 1.15e-02 -11.0 1.80e-03    -  1.00e+00 1.00e+00h  1
 654  1.6001806e-02 9.64e-06 6.19e-03 -11.0 7.33e-04    -  1.00e+00 1.00e+00h  1
 655  1.5999582e-02 8.32e-05 9.04e-03 -11.0 3.28e-03    -  1.00e+00 1.00e+00h  1
 656  1.5996048e-02 8.88e-04 3.71e-02 -11.0 6.90e-02    -  1.00e+00 1.25e-01h  4
 657  1.5994719e-02 9.86e-04 4.79e-02 -11.0 1.21e-01    -  1.00e+00 3.12e-02h  6
 658  1.5993146e-02 7.12e-04 5.87e-02 -11.0 1.73e-02    -  1.00e+00 2.50e-01h  3
 659  1.6061477e-02 6.20e-07 1.28e-01 -11.0 2.46e-02    -  1.00e+00 1.00e+00H  1
iter    objective    inf_pr   inf_du lg(mu)  ||d||  lg(rg) alpha_du alpha_pr  ls
 660  1.6055414e-02 1.03e-05 1.29e-01 -11.0 1.26e-02    -  1.00e+00 3.12e-02h  6
 661  1.5995710e-02 6.20e-04 6.04e-02 -11.0 9.94e-03    -  1.00e+00 5.00e-01h  2
 662  1.5985620e-02 1.06e-03 4.02e-02 -11.0 9.78e-02    -  1.00e+00 1.25e-01h  4
 663  1.5984458e-02 1.11e-03 3.54e-02 -11.0 1.28e-01    -  1.00e+00 3.12e-02h  6
 664  1.5981792e-02 1.14e-03 2.29e-02 -11.0 2.22e-02    -  1.00e+00 2.50e-01h  3
 665  1.5982638e-02 1.04e-03 2.71e-02 -11.0 1.07e-02    -  1.00e+00 1.25e-01h  4
 666  1.5979374e-02 3.93e-04 1.23e-02 -11.0 6.93e-03    -  1.00e+00 1.00e+00h  1
 667  1.5980011e-02 3.73e-04 3.38e-02 -11.0 9.48e-02    -  1.00e+00 6.25e-02h  5
 668  1.5978461e-02 6.24e-04 5.35e-02 -11.0 4.05e-02    -  1.00e+00 2.50e-01h  3
 669  1.5973922e-02 2.14e-03 1.26e-01 -11.0 1.33e-01    -  1.00e+00 1.25e-01h  4
iter    objective    inf_pr   inf_du lg(mu)  ||d||  lg(rg) alpha_du alpha_pr  ls
 670  1.5968914e-02 2.51e-03 1.66e-01 -11.0 5.24e-01    -  1.00e+00 1.56e-02h  7
 671  1.5965910e-02 2.52e-03 1.85e-01 -11.0 1.50e-01    -  1.00e+00 3.12e-02h  6
 672  1.5963151e-02 1.89e-02 1.15e-01 -11.0 5.83e-02    -  1.00e+00 5.00e-01h  2
 673  1.5916179e-02 5.44e-02 2.84e-01 -11.0 3.44e+00    -  1.00e+00 1.56e-02h  7
 674  1.5911234e-02 6.17e-02 2.71e-01 -11.0 9.28e+00    -  1.00e+00 3.91e-03h  9
 675  1.5908532e-02 6.08e-02 2.84e-01 -11.0 2.80e-01    -  1.00e+00 1.56e-02h  7
 676  1.5887686e-02 2.26e-03 7.61e-01 -11.0 1.16e-02    -  1.00e+00 1.00e+00h  1
 677  1.5836185e-02 3.26e-02 5.31e-01 -11.0 1.45e-01    -  1.00e+00 5.00e-01h  2
 678  1.5817093e-02 3.57e-02 6.35e-01 -11.0 1.40e+01    -  1.00e+00 1.95e-03h 10
 679  1.5805537e-02 3.57e-02 6.85e-01 -11.0 2.78e+00    -  1.00e+00 3.91e-03h  9
iter    objective    inf_pr   inf_du lg(mu)  ||d||  lg(rg) alpha_du alpha_pr  ls
 680  1.5798069e-02 3.05e-02 5.46e-01 -11.0 6.78e-02    -  1.00e+00 1.25e-01h  4
 681  1.5776879e-02 2.82e-02 5.68e-01 -11.0 1.30e-01    -  1.00e+00 2.50e-01h  3
 682  1.5770353e-02 2.91e-02 6.31e-01 -11.0 3.74e+00    -  1.00e+00 3.91e-03h  9
 683  1.5772829e-02 2.81e-02 5.62e-01 -11.0 2.24e-01    -  1.00e+00 6.25e-02h  5
 684  1.5812542e-02 2.79e-02 6.54e-01 -11.0 3.65e-01    -  1.00e+00 3.12e-02h  6
 685  1.5802299e-02 2.52e-02 4.15e-01 -11.0 1.24e-01    -  1.00e+00 2.50e-01h  3
 686  1.5786398e-02 2.59e-02 4.57e-01 -11.0 4.69e+01    -  1.00e+00 2.44e-04h 13
 687  9.6382052e-01 1.44e+01 6.10e+01 -11.0 9.52e-01    -  1.00e+00 1.00e+00w  1
 688  1.2862430e+05 4.91e+02 4.28e+02 -11.0 2.15e+02    -  1.00e+00 1.00e+00w  1
 689  2.2933533e+02 3.81e+01 9.01e+02 -11.0 2.13e+02    -  1.00e+00 1.00e+00w  1
iter    objective    inf_pr   inf_du lg(mu)  ||d||  lg(rg) alpha_du alpha_pr  ls
 690  1.5745428e-02 2.64e-02 4.46e-01 -11.0 1.63e+01    -  1.00e+00 7.81e-03h  7
 691  1.5740037e-02 2.69e-02 5.22e-01 -11.0 1.52e+00    -  1.00e+00 7.81e-03h  8
 692  1.5766808e-02 2.54e-02 5.11e-01 -11.0 8.06e-02    -  1.00e+00 6.25e-02h  5
 693  1.5803983e-02 1.67e-02 1.56e-01 -11.0 5.34e-02    -  1.00e+00 1.00e+00h  1
 694  1.5800882e-02 1.66e-02 1.13e-01 -11.0 1.96e-01    -  1.00e+00 1.56e-02h  7
 695  1.5722005e-02 4.05e-03 1.10e-01 -11.0 2.61e-02    -  1.00e+00 1.00e+00h  1
 696  1.5718276e-02 4.98e-03 1.47e-01 -11.0 4.35e-01    -  1.00e+00 3.12e-02h  6
 697  1.5718053e-02 4.99e-03 1.78e-01 -11.0 1.50e-01    -  1.00e+00 6.25e-02h  5
 698  1.5714437e-02 4.57e-03 1.75e-01 -11.0 2.54e-02    -  1.00e+00 1.25e-01h  4
 699  1.5700238e-02 3.81e-03 9.95e-02 -11.0 2.25e-02    -  1.00e+00 5.00e-01h  2
iter    objective    inf_pr   inf_du lg(mu)  ||d||  lg(rg) alpha_du alpha_pr  ls
 700  1.5686541e-02 4.73e-03 1.21e-01 -11.0 2.71e-01    -  1.00e+00 3.12e-02h  6
 701  1.5735095e-02 3.35e-03 1.50e-01 -11.0 3.67e-02    -  1.00e+00 2.50e-01h  3
 702  1.5695600e-02 3.02e-03 6.19e-02 -11.0 2.01e-02    -  1.00e+00 1.00e+00h  1
 703  1.5683728e-02 2.67e-03 1.67e-01 -11.0 4.75e-02    -  1.00e+00 1.25e-01h  4
 704  1.5698385e-02 2.05e-03 6.25e-02 -11.0 4.54e-03    -  1.00e+00 1.00e+00h  1
 705  1.5630372e-02 1.22e-03 2.07e-02 -11.0 3.83e-03    -  1.00e+00 1.00e+00h  1
 706  1.5622676e-02 1.65e-04 3.82e-02 -11.0 5.28e-03    -  1.00e+00 1.00e+00h  1
 707  1.5602957e-02 1.76e-02 1.06e-01 -11.0 4.48e-01    -  1.00e+00 1.25e-01h  4
 708  1.5597366e-02 1.80e-02 1.32e-01 -11.0 1.31e+00    -  1.00e+00 7.81e-03h  8
 709  1.5580381e-02 1.76e-02 2.15e-01 -11.0 1.98e-01    -  1.00e+00 6.25e-02h  5
iter    objective    inf_pr   inf_du lg(mu)  ||d||  lg(rg) alpha_du alpha_pr  ls
 710  1.5596756e-02 1.71e-02 2.70e-01 -11.0 1.96e-01    -  1.00e+00 1.25e-01h  4
 711  1.5576476e-02 1.73e-02 3.54e-01 -11.0 2.70e-01    -  1.00e+00 1.25e-01h  4
 712  1.5565827e-02 1.69e-02 4.00e-01 -11.0 3.48e-01    -  1.00e+00 3.12e-02h  6
 713  1.5523659e-02 1.58e-02 3.11e-01 -11.0 5.92e-02    -  1.00e+00 2.50e-01h  3
 714  1.5500682e-02 1.75e-02 2.50e-01 -11.0 2.55e-01    -  1.00e+00 6.25e-02h  5
 715  1.5590577e-02 1.52e-02 2.11e-01 -11.0 5.74e-02    -  1.00e+00 2.50e-01h  3
 716  1.5538992e-02 8.21e-03 1.52e-01 -11.0 1.46e-02    -  1.00e+00 5.00e-01h  2
 717  1.5619199e-02 4.74e-03 1.62e-01 -11.0 2.01e-02    -  1.00e+00 1.00e+00h  1
 718  1.5588741e-02 3.64e-03 7.49e-02 -11.0 1.21e-02    -  1.00e+00 2.50e-01h  3
 719  1.5512253e-02 2.12e-03 8.05e-02 -11.0 1.38e-02    -  1.00e+00 1.00e+00h  1
iter    objective    inf_pr   inf_du lg(mu)  ||d||  lg(rg) alpha_du alpha_pr  ls
 720  1.5919794e-02 2.77e-05 9.10e-02 -11.0 1.17e-02    -  1.00e+00 1.00e+00H  1
 721  1.5492689e-02 5.31e-03 1.60e-02 -11.0 1.06e-02    -  1.00e+00 1.00e+00h  1
 722  1.5497319e-02 2.00e-05 9.66e-02 -11.0 1.80e-03    -  1.00e+00 1.00e+00h  1
 723  1.5487080e-02 1.14e-05 2.88e-02 -11.0 8.08e-04    -  1.00e+00 1.00e+00h  1
 724  1.5483612e-02 2.19e-05 2.10e-02 -11.0 9.83e-04    -  1.00e+00 1.00e+00h  1
 725  1.5506858e-02 1.31e-05 1.09e-01 -11.0 1.03e-02    -  1.00e+00 1.00e+00H  1
 726  1.5494606e-02 9.49e-07 5.93e-02 -11.0 7.88e-03    -  1.00e+00 1.00e+00H  1
 727  1.5593480e-02 7.42e-07 1.45e-01 -11.0 8.93e-03    -  1.00e+00 1.00e+00H  1
 728  1.5461195e-02 2.06e-04 1.52e-02 -11.0 7.27e-03    -  1.00e+00 1.00e+00h  1
 729  1.5459897e-02 2.01e-05 7.00e-03 -11.0 8.85e-04    -  1.00e+00 1.00e+00h  1
iter    objective    inf_pr   inf_du lg(mu)  ||d||  lg(rg) alpha_du alpha_pr  ls
 730  1.5452257e-02 1.91e-03 4.10e-02 -11.0 6.93e-03    -  1.00e+00 1.00e+00h  1
 731  1.5448708e-02 3.95e-03 4.80e-02 -11.0 1.19e-01    -  1.00e+00 6.25e-02h  5
 732  1.5446597e-02 1.02e-02 9.09e-02 -11.0 1.09e-01    -  1.00e+00 1.25e-01h  4
 733  1.5442416e-02 1.06e-02 1.13e-01 -11.0 2.41e-01    -  1.00e+00 1.56e-02h  7
 734  1.5442469e-02 8.04e-03 9.73e-02 -11.0 1.05e-02    -  1.00e+00 2.50e-01h  3
 735  1.5437374e-02 4.29e-03 3.58e-02 -11.0 5.99e-03    -  1.00e+00 5.00e-01h  2
 736  1.5448384e-02 2.71e-03 4.89e-02 -11.0 8.08e-03    -  1.00e+00 1.00e+00h  1
 737  1.5445775e-02 2.33e-03 3.70e-02 -11.0 1.24e-02    -  1.00e+00 2.50e-01h  3
 738  1.5439291e-02 2.96e-03 7.46e-02 -11.0 8.34e-03    -  1.00e+00 1.00e+00h  1
 739  1.5442417e-02 1.45e-03 3.62e-02 -11.0 4.63e-03    -  1.00e+00 5.00e-01h  2
iter    objective    inf_pr   inf_du lg(mu)  ||d||  lg(rg) alpha_du alpha_pr  ls
 740  1.5427533e-02 6.95e-04 8.00e-03 -11.0 4.29e-03    -  1.00e+00 1.00e+00h  1
 741  1.5449913e-02 3.58e-04 6.84e-02 -11.0 4.09e-03    -  1.00e+00 1.00e+00h  1
 742  1.5424931e-02 5.22e-04 1.08e-02 -11.0 3.73e-03    -  1.00e+00 1.00e+00h  1
 743  1.5428026e-02 1.61e-04 7.64e-03 -11.0 2.19e-03    -  1.00e+00 1.00e+00h  1
 744  1.5424234e-02 8.19e-05 3.90e-02 -11.0 2.44e-03    -  1.00e+00 1.00e+00h  1
 745  1.5423798e-02 1.95e-04 1.78e-02 -11.0 2.54e-03    -  1.00e+00 1.00e+00h  1
 746  1.5418258e-02 2.83e-05 2.68e-02 -11.0 1.31e-03    -  1.00e+00 1.00e+00h  1
 747  1.5415228e-02 6.10e-05 2.71e-03 -11.0 2.01e-03    -  1.00e+00 1.00e+00h  1
 748  1.5414645e-02 2.30e-04 2.45e-02 -11.0 5.05e-03    -  1.00e+00 1.00e+00h  1
 749  1.5456415e-02 8.65e-06 7.93e-02 -11.0 2.63e-02    -  1.00e+00 1.00e+00H  1
iter    objective    inf_pr   inf_du lg(mu)  ||d||  lg(rg) alpha_du alpha_pr  ls
 750  1.5454630e-02 5.96e-06 7.90e-02 -11.0 2.01e-01    -  1.00e+00 3.91e-03h  9
 751  1.5452320e-02 5.81e-06 8.16e-02 -11.0 3.99e-02    -  1.00e+00 7.81e-03h  8
 752  1.5425419e-02 7.01e-06 3.77e-02 -11.0 1.42e-02    -  1.00e+00 1.00e+00H  1
 753  1.5401621e-02 1.20e-03 4.09e-02 -11.0 7.99e-02    -  1.00e+00 1.25e-01h  4
 754  1.5391619e-02 1.13e-02 3.97e-02 -11.0 1.14e-01    -  1.00e+00 2.50e-01h  3
 755  1.5378969e-02 1.29e-02 6.21e-02 -11.0 4.70e-01    -  1.00e+00 3.12e-02h  6
 756  1.5370776e-02 1.33e-02 5.35e-02 -11.0 2.18e-01    -  1.00e+00 6.25e-02h  5
 757  1.5363145e-02 1.30e-02 9.42e-02 -11.0 1.99e-01    -  1.00e+00 6.25e-02h  5
 758  1.5357616e-02 1.27e-02 1.25e-01 -11.0 6.94e-02    -  1.00e+00 3.12e-02h  6
 759  1.5348775e-02 2.33e-03 1.49e-02 -11.0 1.61e-02    -  1.00e+00 1.00e+00h  1
iter    objective    inf_pr   inf_du lg(mu)  ||d||  lg(rg) alpha_du alpha_pr  ls
 760  1.5347819e-02 2.40e-03 4.76e-02 -11.0 1.67e-01    -  1.00e+00 3.12e-02h  6
 761  1.5342642e-02 3.08e-03 1.41e-01 -11.0 5.75e-02    -  1.00e+00 2.50e-01h  3
 762  1.5333900e-02 9.00e-03 1.30e-01 -11.0 2.63e-01    -  1.00e+00 6.25e-02h  5
 763  1.5320798e-02 2.49e-02 1.90e-01 -11.0 1.70e+00    -  1.00e+00 1.56e-02h  7
 764  1.5317217e-02 2.93e-02 1.70e-01 -11.0 3.48e+00    -  1.00e+00 3.91e-03h  9
 765  1.5312393e-02 3.07e-02 2.13e-01 -11.0 3.38e-01    -  1.00e+00 3.12e-02h  6
 766  1.5308057e-02 3.82e-02 2.15e-01 -11.0 3.19e-01    -  1.00e+00 6.25e-02h  5
 767  1.5300535e-02 3.83e-02 1.79e-01 -11.0 2.86e-01    -  1.00e+00 3.12e-02h  6
 768  1.5307835e-02 3.68e-02 1.15e-01 -11.0 1.60e-01    -  1.00e+00 6.25e-02h  5
 769  1.5298375e-02 3.21e-02 2.28e-01 -11.0 9.95e-02    -  1.00e+00 1.25e-01h  4
iter    objective    inf_pr   inf_du lg(mu)  ||d||  lg(rg) alpha_du alpha_pr  ls
 770  1.7959830e-02 9.39e-02 6.63e-01 -11.0 6.75e-02    -  1.00e+00 1.00e+00w  1
 771  2.7169533e-02 2.93e-01 1.27e+00 -11.0 1.71e-01    -  1.00e+00 1.00e+00w  1
 772  1.2170739e-01 1.08e+01 1.95e+01 -11.0 7.50e-01    -  1.00e+00 1.00e+00w  1
 773  1.5290373e-02 2.89e-02 1.89e-01 -11.0 4.29e-01    -  1.00e+00 1.25e-01h  3
 774  1.5279573e-02 3.21e-02 1.82e-01 -11.0 1.77e+00    -  1.00e+00 7.81e-03h  8
 775  1.5278674e-02 3.18e-02 2.01e-01 -11.0 5.59e-01    -  1.00e+00 7.81e-03h  8
 776  1.5275335e-02 3.38e-02 2.07e-01 -11.0 1.56e+00    -  1.00e+00 7.81e-03h  8
 777  1.5273709e-02 3.48e-02 2.21e-01 -11.0 2.34e+00    -  1.00e+00 3.91e-03h  9
 778  1.5272799e-02 3.56e-02 2.16e-01 -11.0 1.11e+00    -  1.00e+00 7.81e-03h  8
 779  1.5282084e-02 1.42e-04 1.83e-01 -11.0 2.36e-03    -  1.00e+00 1.00e+00h  1
iter    objective    inf_pr   inf_du lg(mu)  ||d||  lg(rg) alpha_du alpha_pr  ls
 780  1.5292107e-02 1.29e-05 1.03e-01 -11.0 1.27e-03    -  1.00e+00 1.00e+00h  1
 781  1.5277148e-02 2.90e-05 1.94e-02 -11.0 1.30e-03    -  1.00e+00 1.00e+00h  1
 782  1.5273566e-02 1.89e-05 1.52e-02 -11.0 6.70e-04    -  1.00e+00 1.00e+00h  1
 783  1.5267062e-02 2.98e-04 6.42e-02 -11.0 2.65e-03    -  1.00e+00 1.00e+00h  1
 784  1.5273719e-02 1.52e-05 8.78e-02 -11.0 3.69e-03    -  1.00e+00 1.00e+00H  1
 785  1.5261247e-02 4.47e-05 1.03e-01 -11.0 1.38e-03    -  1.00e+00 1.00e+00h  1
 786  1.5256027e-02 3.35e-05 1.47e-02 -11.0 1.06e-03    -  1.00e+00 1.00e+00h  1
 787  1.5254561e-02 1.76e-05 8.49e-03 -11.0 8.50e-04    -  1.00e+00 1.00e+00h  1
 788  1.5257225e-02 1.02e-05 7.19e-02 -11.0 4.22e-03    -  1.00e+00 1.00e+00H  1
 789  1.5256869e-02 1.84e-05 4.86e-02 -11.0 6.12e-03    -  1.00e+00 1.00e+00H  1
iter    objective    inf_pr   inf_du lg(mu)  ||d||  lg(rg) alpha_du alpha_pr  ls
 790  1.5252721e-02 1.15e-04 3.37e-02 -11.0 8.10e-03    -  1.00e+00 2.50e-01h  3
 791  1.5246667e-02 1.39e-04 1.10e-02 -11.0 2.20e-03    -  1.00e+00 1.00e+00h  1
 792  1.5250190e-02 7.40e-05 1.39e-02 -11.0 2.42e-03    -  1.00e+00 1.00e+00h  1
 793  1.5242698e-02 3.49e-05 5.19e-03 -11.0 1.64e-03    -  1.00e+00 1.00e+00h  1
 794  1.5242846e-02 2.90e-06 1.70e-02 -11.0 3.28e-03    -  1.00e+00 1.00e+00H  1
 795  1.5245376e-02 9.20e-07 2.44e-02 -11.0 1.24e-02    -  1.00e+00 1.00e+00H  1
 796  1.5234012e-02 2.33e-03 3.54e-02 -11.0 1.96e-01    -  1.00e+00 6.25e-02h  5
 797  1.5230350e-02 2.63e-03 3.84e-02 -11.0 3.00e-01    -  1.00e+00 1.56e-02h  7
 798  1.5227411e-02 2.46e-03 4.64e-02 -11.0 2.93e-02    -  1.00e+00 1.25e-01h  4
 799  1.5223701e-02 1.73e-03 7.78e-02 -11.0 1.67e-02    -  1.00e+00 5.00e-01h  2
iter    objective    inf_pr   inf_du lg(mu)  ||d||  lg(rg) alpha_du alpha_pr  ls
 800  1.5225905e-02 1.46e-03 5.19e-02 -11.0 1.85e-02    -  1.00e+00 2.50e-01h  3
 801  1.5238612e-02 4.16e-04 9.33e-02 -11.0 2.85e-02    -  1.00e+00 1.00e+00H  1
 802  1.5230340e-02 1.28e-03 1.04e-01 -11.0 1.42e-01    -  1.00e+00 6.25e-02h  5
 803  1.5228168e-02 1.04e-03 9.55e-02 -11.0 1.44e-02    -  1.00e+00 1.25e-01h  4
 804  1.5187613e-02 1.26e-03 5.21e-02 -11.0 1.16e-02    -  1.00e+00 1.00e+00h  1
 805  1.5186014e-02 1.57e-03 2.91e-02 -11.0 5.07e-02    -  1.00e+00 1.25e-01h  4
 806  1.5224946e-02 8.36e-04 8.07e-02 -11.0 6.00e-03    -  1.00e+00 5.00e-01h  2
 807  1.5180671e-02 6.35e-04 1.88e-02 -11.0 5.41e-03    -  1.00e+00 1.00e+00h  1
 808  1.5202338e-02 8.05e-05 6.34e-02 -11.0 2.29e-03    -  1.00e+00 1.00e+00h  1
 809  1.5178907e-02 2.74e-05 3.75e-03 -11.0 1.39e-03    -  1.00e+00 1.00e+00h  1
iter    objective    inf_pr   inf_du lg(mu)  ||d||  lg(rg) alpha_du alpha_pr  ls
 810  1.5178312e-02 3.21e-06 3.80e-03 -11.0 3.34e-04    -  1.00e+00 1.00e+00h  1
 811  1.5175263e-02 2.38e-04 2.52e-02 -11.0 2.26e-02    -  1.00e+00 1.25e-01h  4
 812  1.5173707e-02 3.90e-04 2.85e-02 -11.0 2.35e-02    -  1.00e+00 1.25e-01h  4
 813  1.5170626e-02 8.98e-04 4.60e-02 -11.0 3.45e-02    -  1.00e+00 1.25e-01h  4
 814  1.5166608e-02 5.64e-03 8.12e-02 -11.0 1.02e-01    -  1.00e+00 1.25e-01h  4
 815  1.5162068e-02 6.22e-03 1.01e-01 -11.0 3.04e-01    -  1.00e+00 1.56e-02h  7
 816  1.5159735e-02 6.26e-03 1.06e-01 -11.0 1.74e-01    -  1.00e+00 1.56e-02h  7
 817  1.5156451e-02 6.72e-03 9.81e-02 -11.0 9.46e-02    -  1.00e+00 6.25e-02h  5
 818  1.5154754e-02 1.12e-02 1.48e-01 -11.0 2.67e-01    -  1.00e+00 6.25e-02h  5
 819  1.5151761e-02 1.59e-02 1.97e-01 -11.0 5.48e+00    -  1.00e+00 3.91e-03h  9
iter    objective    inf_pr   inf_du lg(mu)  ||d||  lg(rg) alpha_du alpha_pr  ls
 820  1.5144490e-02 1.62e-02 2.09e-01 -11.0 3.51e+00    -  1.00e+00 1.95e-03h 10
 821  3.8781734e-02 1.95e+00 8.22e+00 -11.0 3.00e-01    -  1.00e+00 1.00e+00w  1
 822  4.6856704e+01 1.43e+02 1.39e+02 -11.0 2.75e+00    -  1.00e+00 1.00e+00w  1
 823  7.7426023e+00 1.91e+02 2.03e+02 -11.0 3.52e+00    -  1.00e+00 1.00e+00w  1
 824  1.5131409e-02 1.69e-02 2.55e-01 -11.0 2.12e+00    -  1.00e+00 3.12e-02h  5
 825  1.5165561e-02 2.08e-04 9.96e-02 -11.0 5.09e-03    -  1.00e+00 1.00e+00h  1
 826  1.5152787e-02 1.56e-04 1.22e-01 -11.0 2.17e-03    -  1.00e+00 1.00e+00h  1
 827  1.5135228e-02 5.66e-06 1.02e-02 -11.0 8.25e-04    -  1.00e+00 1.00e+00h  1
 828  1.5128805e-02 1.68e-05 1.84e-02 -11.0 7.65e-04    -  1.00e+00 1.00e+00h  1
 829  1.5112323e-02 4.73e-04 2.09e-02 -11.0 3.92e-03    -  1.00e+00 1.00e+00h  1
iter    objective    inf_pr   inf_du lg(mu)  ||d||  lg(rg) alpha_du alpha_pr  ls
 830  1.5112224e-02 4.69e-04 1.26e-01 -11.0 8.68e-03    -  1.00e+00 2.50e-01h  3
 831  1.5102526e-02 6.15e-06 4.21e-02 -11.0 8.91e-04    -  1.00e+00 1.00e+00h  1
 832  1.5100083e-02 1.22e-05 7.66e-03 -11.0 1.24e-03    -  1.00e+00 1.00e+00h  1
 833  1.5108715e-02 3.15e-06 2.94e-02 -11.0 4.39e-03    -  1.00e+00 1.00e+00H  1
 834  1.5095049e-02 7.78e-05 4.00e-02 -11.0 2.77e-03    -  1.00e+00 1.00e+00h  1
 835  1.5091319e-02 4.15e-05 1.72e-02 -11.0 2.43e-03    -  1.00e+00 5.00e-01h  2
 836  1.5089296e-02 1.55e-05 1.19e-02 -11.0 4.73e-04    -  1.00e+00 1.00e+00h  1
 837  1.5088062e-02 7.85e-06 6.80e-03 -11.0 1.24e-03    -  1.00e+00 1.00e+00h  1
 838  1.5149011e-02 2.63e-07 7.76e-02 -11.0 1.53e-02    -  1.00e+00 1.00e+00H  1
 839  1.5140293e-02 2.90e-06 7.54e-02 -11.0 5.98e-03    -  1.00e+00 6.25e-02h  5
iter    objective    inf_pr   inf_du lg(mu)  ||d||  lg(rg) alpha_du alpha_pr  ls
 840  1.5090346e-02 1.13e-06 6.17e-02 -11.0 1.22e-02    -  1.00e+00 1.00e+00H  1
 841  1.5086310e-02 1.07e-05 4.85e-02 -11.0 6.09e-03    -  1.00e+00 1.25e-01h  4
 842  1.5080362e-02 7.45e-05 2.07e-03 -11.0 3.89e-03    -  1.00e+00 1.00e+00h  1
 843  1.5079936e-02 7.09e-05 1.04e-02 -11.0 1.13e-02    -  1.00e+00 1.25e-01h  4
 844  1.5092778e-02 1.82e-07 8.70e-02 -11.0 1.10e-02    -  1.00e+00 1.00e+00H  1
 845  1.5092066e-02 2.30e-06 8.65e-02 -11.0 5.12e-02    -  1.00e+00 7.81e-03h  8
 846  1.5091624e-02 2.89e-06 8.60e-02 -11.0 9.59e-02    -  1.00e+00 1.95e-03h 10
 847  1.5067285e-02 5.19e-03 7.56e-02 -11.0 2.72e-01    -  1.00e+00 6.25e-02h  5
 848  1.5061474e-02 8.46e-03 6.01e-02 -11.0 5.16e-01    -  1.00e+00 3.12e-02h  6
 849  1.5061375e-02 8.04e-03 5.55e-02 -11.0 4.80e-02    -  1.00e+00 6.25e-02h  5
iter    objective    inf_pr   inf_du lg(mu)  ||d||  lg(rg) alpha_du alpha_pr  ls
 850  1.5051598e-02 1.34e-03 2.61e-02 -11.0 8.61e-03    -  1.00e+00 1.00e+00h  1
 851  1.5046340e-02 4.01e-03 5.69e-02 -11.0 2.12e-01    -  1.00e+00 6.25e-02h  5
 852  1.5048883e-02 3.95e-03 7.74e-02 -11.0 1.48e-01    -  1.00e+00 1.56e-02h  7
 853  1.5045300e-02 3.61e-03 6.55e-02 -11.0 2.64e-02    -  1.00e+00 2.50e-01h  3
 854  1.5038866e-02 5.13e-03 6.32e-02 -11.0 3.66e-01    -  1.00e+00 3.12e-02h  6
 855  1.5035693e-02 5.19e-03 6.60e-02 -11.0 1.44e-01    -  1.00e+00 3.12e-02h  6
 856  1.5037379e-02 4.55e-03 5.88e-02 -11.0 4.28e-02    -  1.00e+00 1.25e-01h  4
 857  1.5072037e-02 1.73e-03 1.18e-01 -11.0 1.85e-02    -  1.00e+00 5.00e-01h  2
 858  1.5043947e-02 5.06e-03 9.51e-02 -11.0 3.82e-02    -  1.00e+00 5.00e-01h  2
 859  1.5032012e-02 7.73e-03 1.02e-01 -11.0 4.65e-01    -  1.00e+00 3.12e-02h  6
iter    objective    inf_pr   inf_du lg(mu)  ||d||  lg(rg) alpha_du alpha_pr  ls
 860  1.5028618e-02 1.03e-02 9.78e-02 -11.0 4.71e-01    -  1.00e+00 3.12e-02h  6
 861  2.0079725e-01 8.10e+01 9.37e+01 -11.0 2.88e+00    -  1.00e+00 1.00e+00w  1
 862  4.6859093e+02 2.22e+02 5.30e+01 -11.0 8.15e+00    -  1.00e+00 1.00e+00w  1
 863  2.1376223e+02 1.43e+02 8.70e+03 -11.0 2.05e+01    -  1.00e+00 1.00e+00w  1
 864  1.5026866e-02 1.17e-02 1.02e-01 -11.0 1.80e+01    -  1.00e+00 3.91e-03h  8
 865  1.5032505e-02 4.09e-04 6.04e-02 -11.0 6.00e-03    -  1.00e+00 1.00e+00h  1
 866  1.5057072e-02 2.08e-04 1.07e-01 -11.0 3.25e-03    -  1.00e+00 5.00e-01h  2
 867  1.5022259e-02 2.34e-04 3.09e-02 -11.0 4.43e-03    -  1.00e+00 1.00e+00h  1
 868  1.5043873e-02 2.81e-06 9.11e-02 -11.0 4.48e-03    -  1.00e+00 1.00e+00H  1
 869  1.5006559e-02 8.14e-05 2.41e-02 -11.0 2.67e-03    -  1.00e+00 1.00e+00h  1
iter    objective    inf_pr   inf_du lg(mu)  ||d||  lg(rg) alpha_du alpha_pr  ls
 870  1.5001888e-02 7.74e-06 1.64e-02 -11.0 6.11e-04    -  1.00e+00 1.00e+00h  1
 871  1.4999709e-02 3.55e-06 8.63e-03 -11.0 1.01e-03    -  1.00e+00 1.00e+00h  1
 872  1.4997482e-02 4.53e-05 4.46e-02 -11.0 5.33e-02    -  1.00e+00 6.25e-02h  5
 873  1.4993258e-02 2.14e-04 6.28e-02 -11.0 2.68e-02    -  1.00e+00 2.50e-01h  3
 874  1.4991215e-02 1.05e-03 1.04e-01 -11.0 1.17e-01    -  1.00e+00 1.25e-01h  4
 875  1.4979698e-02 2.12e-03 1.22e-01 -11.0 3.14e-01    -  1.00e+00 6.25e-02h  5
 876  1.4977174e-02 2.11e-03 1.27e-01 -11.0 3.11e-01    -  1.00e+00 1.56e-02h  7
 877  1.4988007e-02 2.06e-03 1.14e-01 -11.0 6.22e-02    -  1.00e+00 1.25e-01h  4
 878  1.4981943e-02 7.17e-04 8.67e-02 -11.0 3.32e-02    -  1.00e+00 5.00e-01h  2
 879  1.4968243e-02 1.19e-03 1.49e-01 -11.0 2.88e-01    -  1.00e+00 6.25e-02h  5
iter    objective    inf_pr   inf_du lg(mu)  ||d||  lg(rg) alpha_du alpha_pr  ls
 880  1.4953970e-02 1.07e-03 1.56e-01 -11.0 8.26e-02    -  1.00e+00 6.25e-02h  5
 881  1.4950213e-02 1.20e-03 7.31e-02 -11.0 2.85e-02    -  1.00e+00 2.50e-01h  3
 882  1.5020103e-02 3.03e-03 1.01e-01 -11.0 1.40e-02    -  1.00e+00 1.00e+00w  1
 883  1.5018746e-02 5.47e-03 1.51e-01 -11.0 3.71e-02    -  1.00e+00 1.00e+00w  1
 884  2.7823325e-02 1.74e-01 3.96e+00 -11.0 2.30e-01    -  1.00e+00 1.00e+00w  1
 885  1.4923493e-02 1.33e-03 4.08e-02 -11.0 1.67e-01    -  1.00e+00 5.00e-01h  1
 886  1.4920784e-02 1.30e-03 2.56e-02 -11.0 3.91e-01    -  1.00e+00 7.81e-03h  8
 887  1.4949390e-02 9.22e-04 7.93e-02 -11.0 3.14e-02    -  1.00e+00 2.50e-01h  3
 888  1.4885368e-02 2.10e-03 6.15e-02 -11.0 1.76e-02    -  1.00e+00 1.00e+00h  1
 889  1.4876253e-02 1.93e-03 6.53e-02 -11.0 5.94e-02    -  1.00e+00 6.25e-02h  5
iter    objective    inf_pr   inf_du lg(mu)  ||d||  lg(rg) alpha_du alpha_pr  ls
 890  1.4999934e-02 2.08e-06 1.04e-01 -11.0 2.64e-02    -  1.00e+00 1.00e+00H  1
 891  1.4942979e-02 8.66e-04 6.59e-02 -11.0 3.74e-02    -  1.00e+00 2.50e-01h  3
 892  1.4882233e-02 8.93e-04 4.99e-02 -11.0 3.74e-02    -  1.00e+00 2.50e-01h  3
 893  1.4827953e-02 1.30e-03 4.93e-02 -11.0 3.56e-02    -  1.00e+00 2.50e-01h  3
 894  1.4843010e-02 4.45e-04 6.98e-02 -11.0 8.68e-03    -  1.00e+00 1.00e+00h  1
 895  1.4964054e-02 2.88e-05 2.66e-01 -11.0 1.23e-02    -  1.00e+00 1.00e+00H  1
 896  1.4829952e-02 6.32e-04 3.62e-02 -11.0 7.61e-03    -  1.00e+00 1.00e+00h  1
 897  1.4785647e-02 4.52e-04 1.20e-01 -11.0 9.07e-03    -  1.00e+00 1.00e+00h  1
 898  1.4949686e-02 2.07e-04 3.04e-01 -11.0 2.05e-02    -  1.00e+00 1.00e+00H  1
 899  1.4879628e-02 7.45e-05 9.16e-02 -11.0 1.02e-02    -  1.00e+00 1.00e+00H  1
iter    objective    inf_pr   inf_du lg(mu)  ||d||  lg(rg) alpha_du alpha_pr  ls
 900  1.4961626e-02 2.18e-05 1.25e-01 -11.0 8.67e-03    -  1.00e+00 1.00e+00H  1
 901  1.4733391e-02 1.53e-03 1.89e-02 -11.0 7.09e-03    -  1.00e+00 1.00e+00h  1
 902  1.4735045e-02 1.40e-04 2.76e-02 -11.0 5.16e-03    -  1.00e+00 1.00e+00h  1
 903  1.4720713e-02 9.00e-05 3.94e-02 -11.0 1.99e-03    -  1.00e+00 1.00e+00h  1
 904  1.4732286e-02 8.43e-07 2.46e-02 -11.0 4.63e-03    -  1.00e+00 1.00e+00H  1
 905  1.4707279e-02 1.73e-04 1.99e-02 -11.0 2.36e-03    -  1.00e+00 1.00e+00h  1
 906  1.4702349e-02 3.00e-05 2.24e-02 -11.0 2.71e-03    -  1.00e+00 1.00e+00h  1
 907  1.4686613e-02 3.10e-03 8.37e-02 -11.0 1.23e-01    -  1.00e+00 2.50e-01h  3
 908  1.4669408e-02 4.81e-03 1.82e-01 -11.0 3.42e+00    -  1.00e+00 7.81e-03h  8
 909  1.4662363e-02 5.00e-03 1.97e-01 -11.0 1.55e+00    -  1.00e+00 7.81e-03h  8
iter    objective    inf_pr   inf_du lg(mu)  ||d||  lg(rg) alpha_du alpha_pr  ls
 910  1.4654619e-02 5.32e-03 2.15e-01 -11.0 8.95e-01    -  1.00e+00 1.56e-02h  7
 911  1.4654249e-02 5.82e-03 2.29e-01 -11.0 3.35e-01    -  1.00e+00 6.25e-02h  5
 912  1.4640334e-02 6.89e-03 2.69e-01 -11.0 1.20e+00    -  1.00e+00 1.56e-02h  7
 913  1.4584665e-02 1.61e-02 4.81e-01 -11.0 7.90e+00    -  1.00e+00 7.81e-03h  8
 914  1.4569834e-02 1.65e-02 4.45e-01 -11.0 1.42e+00    -  1.00e+00 7.81e-03h  8
 915  1.4539704e-02 1.61e-02 4.24e-01 -11.0 1.88e-01    -  1.00e+00 3.12e-02h  6
 916  1.4539827e-02 1.13e-02 3.48e-01 -11.0 5.21e-02    -  1.00e+00 2.50e-01h  3
 917  1.5444362e-02 2.26e-02 4.77e-01 -11.0 9.23e-02    -  1.00e+00 1.00e+00w  1
 918  2.9244782e-01 1.87e+00 2.45e+01 -11.0 6.34e-01    -  1.00e+00 1.00e+00w  1
 919  1.0532435e+03 3.12e+02 1.72e+02 -11.0 2.31e+01    -  1.00e+00 1.00e+00w  1
iter    objective    inf_pr   inf_du lg(mu)  ||d||  lg(rg) alpha_du alpha_pr  ls
 920  1.4555425e-02 9.62e-03 3.28e-01 -11.0 5.20e+01    -  1.00e+00 2.50e-01h  2
 921  1.4682907e-02 9.52e-04 1.16e-01 -11.0 1.35e-02    -  1.00e+00 1.00e+00h  1
 922  1.4639557e-02 1.35e-03 3.41e-01 -11.0 2.48e-02    -  1.00e+00 1.00e+00h  1
 923  1.4590686e-02 1.28e-03 3.19e-01 -11.0 2.02e-01    -  1.00e+00 6.25e-02h  5
 924  1.4518271e-02 2.58e-03 1.94e-01 -11.0 1.59e-01    -  1.00e+00 1.25e-01h  4
 925  1.4476931e-02 3.23e-03 2.53e-01 -11.0 3.51e-01    -  1.00e+00 3.12e-02h  6
 926  1.4460122e-02 4.97e-03 1.78e-01 -11.0 6.95e-02    -  1.00e+00 2.50e-01h  3
 927  1.4425727e-02 4.46e-03 1.62e-01 -11.0 3.48e-02    -  1.00e+00 1.25e-01h  4
 928  1.4426089e-02 6.50e-04 2.64e-01 -11.0 1.17e-02    -  1.00e+00 1.00e+00h  1
 929  1.4412863e-02 3.11e-03 2.48e-01 -11.0 2.11e-02    -  1.00e+00 1.00e+00h  1
iter    objective    inf_pr   inf_du lg(mu)  ||d||  lg(rg) alpha_du alpha_pr  ls
 930  1.4385110e-02 5.29e-03 2.52e-01 -11.0 1.52e-01    -  1.00e+00 1.25e-01h  4
 931  1.4356060e-02 1.10e-02 1.33e-01 -11.0 8.69e-01    -  1.00e+00 3.12e-02h  6
 932  1.4340156e-02 1.22e-02 1.81e-01 -11.0 1.66e+00    -  1.00e+00 7.81e-03h  8
 933  1.4350905e-02 1.17e-02 1.99e-01 -11.0 8.85e-02    -  1.00e+00 6.25e-02h  5
 934  1.4488479e-02 2.06e-03 1.81e-01 -11.0 9.03e-03    -  1.00e+00 1.00e+00h  1
 935  1.4298936e-02 1.86e-03 1.09e-01 -11.0 1.38e-02    -  1.00e+00 1.00e+00h  1
 936  1.4269625e-02 5.37e-03 1.05e-01 -11.0 9.36e-02    -  1.00e+00 2.50e-01h  3
 937  1.4262557e-02 5.94e-03 1.25e-01 -11.0 6.39e-01    -  1.00e+00 1.56e-02h  7
 938  1.4245124e-02 1.77e-02 2.64e-01 -11.0 3.55e-01    -  1.00e+00 1.25e-01h  4
 939  1.4230107e-02 2.40e-02 3.63e-01 -11.0 4.12e+00    -  1.00e+00 7.81e-03h  8
iter    objective    inf_pr   inf_du lg(mu)  ||d||  lg(rg) alpha_du alpha_pr  ls
 940  1.4205115e-02 2.71e-02 5.20e-01 -11.0 7.12e+00    -  1.00e+00 3.91e-03h  9
 941  1.4200042e-02 3.45e-02 7.02e-01 -11.0 4.88e+00    -  1.00e+00 7.81e-03h  8
 942  1.4196428e-02 3.45e-02 7.37e-01 -11.0 1.59e+00    -  1.00e+00 3.91e-03h  9
 943  1.4186978e-02 3.39e-02 8.01e-01 -11.0 4.54e-01    -  1.00e+00 1.56e-02h  7
 944  1.4164740e-02 3.26e-02 7.61e-01 -11.0 5.42e-01    -  1.00e+00 3.12e-02h  6
 945  1.4161240e-02 3.06e-02 7.36e-01 -11.0 3.98e-02    -  1.00e+00 6.25e-02h  5
 946  1.4150077e-02 1.90e-03 6.58e-02 -11.0 1.80e-02    -  1.00e+00 1.00e+00h  1
 947  1.4200661e-02 1.59e-03 5.17e-02 -11.0 1.18e-01    -  1.00e+00 6.25e-02h  5
 948  1.4139427e-02 9.92e-04 3.01e-02 -11.0 5.63e-03    -  1.00e+00 1.00e+00h  1
 949  1.4146936e-02 2.17e-04 4.87e-02 -11.0 3.65e-03    -  1.00e+00 1.00e+00h  1
iter    objective    inf_pr   inf_du lg(mu)  ||d||  lg(rg) alpha_du alpha_pr  ls
 950  1.4105578e-02 5.88e-05 2.47e-02 -11.0 1.97e-03    -  1.00e+00 1.00e+00h  1
 951  1.4104062e-02 2.52e-06 5.14e-03 -11.0 9.67e-04    -  1.00e+00 1.00e+00h  1
 952  1.4097776e-02 1.16e-04 3.69e-02 -11.0 4.56e-02    -  1.00e+00 1.25e-01h  4
 953  1.4090147e-02 5.68e-04 1.16e-01 -11.0 1.86e-01    -  1.00e+00 6.25e-02h  5
 954  1.4084651e-02 5.87e-04 1.04e-01 -11.0 5.13e-02    -  1.00e+00 1.25e-01h  4
 955  1.4080152e-02 5.66e-04 1.13e-01 -11.0 5.18e-02    -  1.00e+00 6.25e-02h  5
 956  1.4134059e-02 2.14e-06 1.63e-01 -11.0 8.95e-03    -  1.00e+00 1.00e+00H  1
 957  1.4160358e-02 5.23e-07 8.27e-02 -11.0 1.43e-02    -  1.00e+00 1.00e+00H  1
 958  1.4079383e-02 7.94e-04 6.40e-02 -11.0 2.57e-02    -  1.00e+00 5.00e-01h  2
 959  1.4080768e-02 7.37e-04 1.03e-01 -11.0 3.96e-02    -  1.00e+00 1.25e-01h  4
iter    objective    inf_pr   inf_du lg(mu)  ||d||  lg(rg) alpha_du alpha_pr  ls
 960  1.4067352e-02 1.56e-04 3.74e-02 -11.0 4.36e-03    -  1.00e+00 1.00e+00h  1
 961  1.4059337e-02 7.26e-05 2.60e-02 -11.0 4.29e-03    -  1.00e+00 1.00e+00h  1
 962  1.4136480e-02 8.55e-07 1.17e-01 -11.0 1.37e-02    -  1.00e+00 1.00e+00H  1
 963  1.4087092e-02 1.69e-05 8.96e-02 -11.0 7.74e-03    -  1.00e+00 1.00e+00H  1
 964  1.4138811e-02 1.85e-07 1.38e-01 -11.0 1.20e-02    -  1.00e+00 1.00e+00H  1
 965  1.4067782e-02 4.56e-05 6.62e-02 -11.0 6.13e-03    -  1.00e+00 1.00e+00H  1
 966  1.4051278e-02 2.15e-04 3.51e-02 -11.0 3.30e-03    -  1.00e+00 1.00e+00h  1
 967  1.4052922e-02 3.20e-04 4.87e-02 -11.0 2.44e-03    -  1.00e+00 1.00e+00h  1
 968  1.4040331e-02 9.04e-05 1.58e-02 -11.0 1.10e-03    -  1.00e+00 1.00e+00h  1
 969  1.4038755e-02 2.12e-06 1.48e-02 -11.0 5.41e-04    -  1.00e+00 1.00e+00h  1
iter    objective    inf_pr   inf_du lg(mu)  ||d||  lg(rg) alpha_du alpha_pr  ls
 970  1.4038018e-02 7.38e-06 1.36e-02 -11.0 7.77e-04    -  1.00e+00 1.00e+00h  1
 971  1.4034951e-02 7.88e-05 1.25e-02 -11.0 2.20e-03    -  1.00e+00 1.00e+00h  1
 972  1.4034002e-02 7.24e-04 2.26e-02 -11.0 5.08e-02    -  1.00e+00 1.25e-01h  4
 973  1.4030835e-02 8.63e-04 1.82e-02 -11.0 3.52e-02    -  1.00e+00 1.25e-01h  4
 974  1.4030320e-02 6.88e-04 1.99e-02 -11.0 9.59e-03    -  1.00e+00 2.50e-01h  3
 975  1.4025305e-02 4.09e-04 2.03e-02 -11.0 6.68e-03    -  1.00e+00 5.00e-01h  2
 976  1.4122173e-02 7.27e-08 9.24e-02 -11.0 8.58e-03    -  1.00e+00 1.00e+00H  1
 977  1.4020577e-02 8.13e-04 1.36e-02 -11.0 7.14e-03    -  1.00e+00 1.00e+00h  1
 978  1.4023549e-02 4.06e-04 1.27e-02 -11.0 2.59e-03    -  1.00e+00 5.00e-01h  2
 979  1.4015825e-02 3.68e-05 5.73e-03 -11.0 1.96e-03    -  1.00e+00 1.00e+00h  1
iter    objective    inf_pr   inf_du lg(mu)  ||d||  lg(rg) alpha_du alpha_pr  ls
 980  1.4012943e-02 1.43e-04 1.50e-02 -11.0 5.57e-03    -  1.00e+00 1.00e+00h  1
 981  1.4001463e-02 3.74e-03 1.86e-02 -11.0 4.09e-01    -  1.00e+00 6.25e-02h  5
 982  1.3998949e-02 3.91e-03 3.63e-02 -11.0 1.77e+00    -  1.00e+00 3.91e-03h  9
 983  1.4002743e-02 3.88e-03 4.42e-02 -11.0 6.42e-02    -  1.00e+00 1.25e-01h  4
 984  1.3993139e-02 3.63e-03 6.33e-02 -11.0 3.91e-02    -  1.00e+00 2.50e-01h  3
 985  1.3979920e-02 4.37e-03 1.46e-01 -11.0 2.32e-01    -  1.00e+00 6.25e-02h  5
 986  1.3967504e-02 5.51e-03 1.69e-01 -11.0 5.80e-01    -  1.00e+00 3.12e-02h  6
 987  1.3960450e-02 5.42e-03 1.72e-01 -11.0 2.46e-01    -  1.00e+00 1.56e-02h  7
 988  1.3967427e-02 4.37e-03 1.36e-01 -11.0 3.78e-02    -  1.00e+00 2.50e-01h  3
 989  1.3961864e-02 3.04e-03 1.25e-01 -11.0 2.46e-02    -  1.00e+00 2.50e-01h  3
iter    objective    inf_pr   inf_du lg(mu)  ||d||  lg(rg) alpha_du alpha_pr  ls
 990  1.3960416e-02 2.69e-03 1.04e-01 -11.0 5.49e-02    -  1.00e+00 1.25e-01h  4
 991  1.4170589e-02 2.61e-03 6.97e-02 -11.0 1.24e-02    -  1.00e+00 1.00e+00w  1
 992  1.3959747e-02 3.14e-03 7.76e-02 -11.0 2.03e-02    -  1.00e+00 1.00e+00h  1
 993  1.3948380e-02 2.98e-03 5.36e-02 -11.0 3.08e-02    -  1.00e+00 1.25e-01h  4
 994  1.3954432e-02 1.86e-04 2.76e-02 -11.0 5.06e-03    -  1.00e+00 1.00e+00h  1
 995  1.3988836e-02 3.95e-05 9.32e-02 -11.0 1.40e-02    -  1.00e+00 1.00e+00H  1
 996  1.3979361e-02 3.30e-05 7.98e-02 -11.0 3.93e-02    -  1.00e+00 6.25e-02h  5
 997  1.3966576e-02 4.78e-05 9.93e-02 -11.0 2.41e-02    -  1.00e+00 6.25e-02h  5
 998  1.3944787e-02 9.41e-04 7.71e-02 -11.0 6.72e-03    -  1.00e+00 1.00e+00h  1
 999  1.3946521e-02 1.40e-04 6.42e-02 -11.0 2.68e-03    -  1.00e+00 1.00e+00h  1
iter    objective    inf_pr   inf_du lg(mu)  ||d||  lg(rg) alpha_du alpha_pr  ls
1000  1.3933480e-02 1.26e-04 4.01e-02 -11.0 2.22e-03    -  1.00e+00 1.00e+00h  1
1001  1.3932581e-02 1.07e-05 2.11e-02 -11.0 9.29e-04    -  1.00e+00 1.00e+00h  1
1002  1.3931036e-02 1.48e-05 5.22e-03 -11.0 7.92e-04    -  1.00e+00 1.00e+00h  1
1003  1.3932866e-02 5.56e-06 4.38e-02 -11.0 4.08e-03    -  1.00e+00 1.00e+00H  1
1004  1.3992529e-02 4.05e-07 9.67e-02 -11.0 8.67e-03    -  1.00e+00 1.00e+00H  1
1005  1.3928118e-02 2.60e-04 3.43e-02 -11.0 4.58e-03    -  1.00e+00 1.00e+00h  1
1006  1.3921966e-02 7.71e-05 2.01e-02 -11.0 2.36e-03    -  1.00e+00 1.00e+00h  1
1007  1.3920109e-02 2.07e-05 5.07e-02 -11.0 1.25e-03    -  1.00e+00 1.00e+00h  1
1008  1.3917661e-02 2.20e-05 1.32e-02 -11.0 9.70e-04    -  1.00e+00 1.00e+00h  1
1009  1.3917379e-02 6.27e-06 4.13e-02 -11.0 1.18e-03    -  1.00e+00 1.00e+00h  1
iter    objective    inf_pr   inf_du lg(mu)  ||d||  lg(rg) alpha_du alpha_pr  ls
1010  1.3914037e-02 2.57e-05 7.00e-03 -11.0 1.70e-03    -  1.00e+00 1.00e+00h  1
1011  1.3958642e-02 2.71e-07 8.05e-02 -11.0 7.58e-03    -  1.00e+00 1.00e+00H  1
1012  1.3910378e-02 8.31e-04 6.55e-02 -11.0 4.55e-03    -  1.00e+00 1.00e+00h  1
1013  1.3902362e-02 8.35e-05 2.53e-02 -11.0 2.39e-03    -  1.00e+00 1.00e+00h  1
1014  1.3906413e-02 4.70e-06 5.85e-02 -11.0 4.47e-03    -  1.00e+00 1.00e+00H  1
1015  1.3896759e-02 1.21e-03 3.98e-02 -11.0 9.54e-03    -  1.00e+00 1.00e+00h  1
1016  1.3891672e-02 1.34e-03 5.00e-02 -11.0 1.04e-01    -  1.00e+00 3.12e-02h  6
1017  1.3891710e-02 1.30e-03 6.75e-02 -11.0 2.50e-02    -  1.00e+00 1.25e-01h  4
1018  1.3890891e-02 7.43e-04 7.08e-02 -11.0 8.49e-03    -  1.00e+00 1.00e+00h  1
1019  1.3886705e-02 7.49e-04 2.55e-02 -11.0 3.25e-02    -  1.00e+00 6.25e-02h  5
iter    objective    inf_pr   inf_du lg(mu)  ||d||  lg(rg) alpha_du alpha_pr  ls
1020  1.3890643e-02 6.00e-04 1.05e-01 -11.0 9.62e-03    -  1.00e+00 5.00e-01h  2
1021  1.3884504e-02 1.65e-03 8.32e-02 -11.0 3.36e-02    -  1.00e+00 2.50e-01h  3
1022  1.3882983e-02 1.93e-03 5.74e-02 -11.0 9.52e-02    -  1.00e+00 6.25e-02h  5
1023  1.3874348e-02 1.66e-03 5.05e-02 -11.0 2.95e-02    -  1.00e+00 2.50e-01h  3
1024  1.3870990e-02 1.77e-03 4.66e-02 -11.0 1.15e-01    -  1.00e+00 3.12e-02h  6
1025  1.3868741e-02 1.96e-03 4.03e-02 -11.0 8.26e-02    -  1.00e+00 6.25e-02h  5
1026  1.3869006e-02 1.96e-03 4.37e-02 -11.0 7.49e-02    -  1.00e+00 3.12e-02h  6
1027  1.3871782e-02 1.09e-03 5.59e-02 -11.0 9.20e-03    -  1.00e+00 1.00e+00h  1
1028  1.3869673e-02 1.11e-03 8.35e-02 -11.0 4.95e-02    -  1.00e+00 6.25e-02h  5
1029  1.3927207e-02 2.50e-06 1.04e-01 -11.0 1.34e-02    -  1.00e+00 1.00e+00H  1
iter    objective    inf_pr   inf_du lg(mu)  ||d||  lg(rg) alpha_du alpha_pr  ls
1030  1.3892193e-02 7.54e-05 1.16e-01 -11.0 1.14e-02    -  1.00e+00 2.50e-01h  3
1031  1.3887632e-02 9.36e-05 8.89e-02 -11.0 1.21e-02    -  1.00e+00 1.00e+00H  1
1032  1.3870685e-02 4.51e-04 9.14e-02 -11.0 1.07e-02    -  1.00e+00 2.50e-01h  3
1033  1.3878501e-02 1.83e-05 5.88e-02 -11.0 1.11e-02    -  1.00e+00 1.00e+00H  1
1034  1.4060629e-02 2.60e-07 2.85e-01 -11.0 1.24e-02    -  1.00e+00 1.00e+00H  1
1035  1.3847070e-02 2.65e-03 1.31e-01 -11.0 9.45e-03    -  1.00e+00 1.00e+00h  1
1036  1.3831452e-02 1.67e-03 2.10e-02 -11.0 5.36e-03    -  1.00e+00 5.00e-01h  2
1037  1.3827611e-02 9.08e-05 1.18e-02 -11.0 2.56e-03    -  1.00e+00 1.00e+00h  1
1038  1.3861095e-02 7.14e-06 9.91e-02 -11.0 8.23e-03    -  1.00e+00 1.00e+00H  1
1039  1.3825258e-02 4.53e-04 9.35e-02 -11.0 2.28e-03    -  1.00e+00 1.00e+00h  1
iter    objective    inf_pr   inf_du lg(mu)  ||d||  lg(rg) alpha_du alpha_pr  ls
1040  1.3818774e-02 3.25e-04 8.69e-02 -11.0 1.76e-03    -  1.00e+00 1.00e+00h  1
1041  1.3813452e-02 6.88e-05 1.64e-02 -11.0 2.13e-03    -  1.00e+00 1.00e+00h  1
1042  1.3831999e-02 8.22e-06 1.29e-01 -11.0 1.04e-02    -  1.00e+00 1.00e+00H  1
1043  1.3829141e-02 1.00e-05 1.27e-01 -11.0 4.29e-02    -  1.00e+00 3.12e-02h  6
1044  1.3808883e-02 6.10e-03 3.20e-01 -11.0 6.03e-01    -  1.00e+00 6.25e-02h  5
1045  1.3807851e-02 6.07e-03 3.36e-01 -11.0 2.49e-01    -  1.00e+00 1.56e-02h  7
1046  1.3799332e-02 5.38e-03 3.43e-01 -11.0 2.97e-02    -  1.00e+00 1.25e-01h  4
1047  1.3787327e-02 2.72e-03 1.75e-01 -11.0 8.66e-03    -  1.00e+00 5.00e-01h  2
1048  1.3792735e-02 5.30e-04 1.17e-01 -11.0 1.21e-02    -  1.00e+00 1.00e+00h  1
1049  1.3790801e-02 5.11e-04 1.40e-01 -11.0 3.15e-02    -  1.00e+00 1.25e-01h  4
iter    objective    inf_pr   inf_du lg(mu)  ||d||  lg(rg) alpha_du alpha_pr  ls
1050  1.3799130e-02 4.48e-04 8.33e-02 -11.0 9.08e-03    -  1.00e+00 1.00e+00h  1
1051  1.3783756e-02 5.51e-04 1.22e-01 -11.0 2.54e-02    -  1.00e+00 2.50e-01h  3
1052  1.3782326e-02 4.52e-04 9.85e-02 -11.0 1.08e-02    -  1.00e+00 2.50e-01h  3
1053  1.3762924e-02 1.08e-04 1.44e-02 -11.0 2.56e-03    -  1.00e+00 1.00e+00h  1
1054  1.3766559e-02 4.49e-05 2.58e-02 -11.0 2.69e-03    -  1.00e+00 1.00e+00h  1
1055  1.3763804e-02 2.18e-06 2.32e-02 -11.0 5.93e-03    -  1.00e+00 1.00e+00H  1
1056  1.3760592e-02 1.03e-04 6.45e-02 -11.0 3.61e-02    -  1.00e+00 1.25e-01h  4
1057  1.3759189e-02 1.58e-04 6.62e-02 -11.0 2.13e-02    -  1.00e+00 1.25e-01h  4
1058  1.3759736e-02 1.34e-04 4.02e-02 -11.0 7.09e-03    -  1.00e+00 5.00e-01h  2
1059  1.3758203e-02 3.14e-04 9.37e-02 -11.0 8.42e-03    -  1.00e+00 1.00e+00h  1
iter    objective    inf_pr   inf_du lg(mu)  ||d||  lg(rg) alpha_du alpha_pr  ls
1060  1.3754464e-02 2.88e-04 4.02e-02 -11.0 2.90e-02    -  1.00e+00 1.25e-01h  4
1061  1.3763155e-02 1.82e-05 7.82e-02 -11.0 2.43e-02    -  1.00e+00 1.00e+00H  1
1062  1.3754197e-02 1.65e-03 1.22e-01 -11.0 6.86e-01    -  1.00e+00 3.12e-02h  6
1063  1.3748796e-02 2.10e-03 1.57e-01 -11.0 7.47e-01    -  1.00e+00 1.56e-02h  7
1064  1.3745409e-02 2.53e-03 1.65e-01 -11.0 4.02e-01    -  1.00e+00 3.12e-02h  6
1065  1.3732560e-02 4.62e-03 2.01e-01 -11.0 9.06e-01    -  1.00e+00 3.12e-02h  6
1066  1.3739971e-02 5.89e-03 2.14e-01 -11.0 4.81e-01    -  1.00e+00 3.12e-02h  6
1067  1.3728547e-02 2.30e-02 3.80e-01 -11.0 1.17e+00    -  1.00e+00 6.25e-02h  5
1068  1.3723850e-02 2.32e-02 3.74e-01 -11.0 7.29e+00    -  1.00e+00 9.77e-04h 11
1069  1.3715840e-02 2.27e-02 3.61e-01 -11.0 1.99e-01    -  1.00e+00 3.12e-02h  6
iter    objective    inf_pr   inf_du lg(mu)  ||d||  lg(rg) alpha_du alpha_pr  ls
1070  1.3720452e-02 1.11e-02 9.91e-02 -11.0 9.89e-03    -  1.00e+00 5.00e-01h  2
1071  1.3702932e-02 6.02e-03 8.37e-02 -11.0 2.27e-02    -  1.00e+00 5.00e-01h  2
1072  1.5774757e-02 4.29e-02 3.10e+00 -11.0 1.09e-01    -  1.00e+00 1.00e+00w  1
1073  1.7581225e-02 3.20e-02 1.15e+00 -11.0 2.50e-02    -  1.00e+00 1.00e+00w  1
1074  1.3928959e-02 2.83e-02 2.30e+00 -11.0 6.61e-02    -  1.00e+00 1.00e+00w  1
1075  1.3694468e-02 5.96e-03 1.91e-01 -11.0 4.35e-02    -  1.00e+00 1.25e-01h  3
1076  1.3676427e-02 1.42e-02 1.83e-01 -11.0 9.95e-01    -  1.00e+00 3.12e-02h  6
1077  1.3670416e-02 3.87e-02 3.01e-01 -11.0 1.24e+01    -  1.00e+00 3.91e-03h  9
1078  1.3669342e-02 3.89e-02 3.78e-01 -11.0 2.37e+00    -  1.00e+00 1.95e-03h 10
1079  1.3674955e-02 9.60e-04 4.76e-01 -11.0 9.88e-03    -  1.00e+00 1.00e+00h  1
iter    objective    inf_pr   inf_du lg(mu)  ||d||  lg(rg) alpha_du alpha_pr  ls
1080  1.3654697e-02 2.60e-03 3.29e-01 -11.0 1.35e-02    -  1.00e+00 1.00e+00h  1
1081  1.3644653e-02 1.11e-02 1.77e-01 -11.0 1.35e-01    -  1.00e+00 2.50e-01h  3
1082  1.3635818e-02 1.11e-02 2.38e-01 -11.0 2.00e-01    -  1.00e+00 1.56e-02h  7
1083  1.3613247e-02 6.83e-03 7.97e-02 -11.0 2.46e-02    -  1.00e+00 1.00e+00h  1
1084  1.3600273e-02 6.97e-03 3.85e-02 -11.0 1.82e-01    -  1.00e+00 3.12e-02h  6
1085  1.3596481e-02 8.22e-03 2.12e-01 -11.0 7.12e-02    -  1.00e+00 2.50e-01h  3
1086  1.3588696e-02 1.22e-02 2.58e-01 -11.0 8.12e-01    -  1.00e+00 3.12e-02h  6
1087  1.3578875e-02 1.42e-02 2.02e-01 -11.0 2.70e+00    -  1.00e+00 7.81e-03h  8
1088  1.3573055e-02 1.38e-02 1.33e-01 -11.0 1.52e+00    -  1.00e+00 1.56e-02h  7
1089  1.3566231e-02 1.43e-02 1.25e-01 -11.0 2.54e-01    -  1.00e+00 1.56e-02h  7
iter    objective    inf_pr   inf_du lg(mu)  ||d||  lg(rg) alpha_du alpha_pr  ls
1090  1.3570037e-02 1.05e-02 1.22e-01 -11.0 1.23e-02    -  1.00e+00 1.00e+00h  1
1091  1.3601813e-02 4.26e-03 4.16e-01 -11.0 9.73e-02    -  1.00e+00 2.50e-01h  3
1092  1.3598716e-02 4.25e-03 3.98e-01 -11.0 8.96e-01    -  1.00e+00 3.91e-03h  9
1093  1.3592330e-02 4.30e-03 4.53e-01 -11.0 9.35e-01    -  1.00e+00 3.91e-03h  9
1094  1.3819633e-02 4.16e-04 1.37e-01 -11.0 5.66e-02    -  1.00e+00 1.00e+00H  1
1095  1.3754711e-02 1.02e-03 1.42e-01 -11.0 2.24e-01    -  1.00e+00 6.25e-02h  5
1096  1.3704725e-02 1.04e-03 1.48e-01 -11.0 1.38e-01    -  1.00e+00 3.12e-02h  6
1097  1.3581974e-02 1.03e-02 2.63e-01 -11.0 1.66e-02    -  1.00e+00 5.00e-01h  2
1098  1.3647147e-02 9.91e-04 2.45e-01 -11.0 1.46e-02    -  1.00e+00 1.00e+00h  1
1099  1.3508297e-02 1.19e-03 8.22e-02 -11.0 7.97e-03    -  1.00e+00 1.00e+00h  1
iter    objective    inf_pr   inf_du lg(mu)  ||d||  lg(rg) alpha_du alpha_pr  ls
1100  1.3465118e-02 1.74e-04 1.66e-01 -11.0 2.31e-03    -  1.00e+00 1.00e+00h  1
1101  1.3457733e-02 1.22e-04 6.58e-02 -11.0 3.03e-03    -  1.00e+00 1.00e+00h  1
1102  1.3470899e-02 3.34e-07 2.45e-02 -11.0 4.38e-03    -  1.00e+00 1.00e+00H  1
1103  1.3452420e-02 1.20e-04 9.05e-03 -11.0 1.71e-03    -  1.00e+00 1.00e+00h  1
1104  1.3449592e-02 3.97e-05 8.98e-03 -11.0 1.43e-03    -  1.00e+00 1.00e+00h  1
1105  1.3446587e-02 6.49e-05 5.44e-02 -11.0 3.29e-03    -  1.00e+00 1.00e+00h  1
1106  1.3443905e-02 1.10e-03 5.14e-02 -11.0 2.95e-02    -  1.00e+00 5.00e-01h  2
1107  1.3438149e-02 1.80e-03 7.06e-02 -11.0 4.02e-01    -  1.00e+00 3.12e-02h  6
1108  1.3435523e-02 1.89e-03 4.28e-02 -11.0 1.70e-01    -  1.00e+00 3.12e-02h  6
1109  1.3431553e-02 1.76e-03 3.21e-02 -11.0 3.09e-02    -  1.00e+00 1.25e-01h  4
iter    objective    inf_pr   inf_du lg(mu)  ||d||  lg(rg) alpha_du alpha_pr  ls
1110  1.3428095e-02 1.27e-03 6.47e-02 -11.0 2.11e-02    -  1.00e+00 2.50e-01h  3
1111  1.3417860e-02 2.31e-03 7.94e-02 -11.0 1.27e-01    -  1.00e+00 1.25e-01h  4
1112  1.3416945e-02 2.59e-03 9.85e-02 -11.0 3.59e-01    -  1.00e+00 3.12e-02h  6
1113  1.3423622e-02 2.14e-03 1.87e-01 -11.0 3.34e-02    -  1.00e+00 1.25e-01h  4
1114  1.3406495e-02 3.19e-04 6.84e-02 -11.0 7.82e-03    -  1.00e+00 1.00e+00h  1
1115  1.3416902e-02 2.82e-04 5.89e-02 -11.0 1.62e-02    -  1.00e+00 2.50e-01h  3
1116  1.3401714e-02 4.32e-04 4.91e-02 -11.0 8.06e-03    -  1.00e+00 1.00e+00h  1
1117  1.3401044e-02 4.60e-04 1.45e-02 -11.0 3.86e-02    -  1.00e+00 1.25e-01h  4
1118  1.3408179e-02 6.20e-05 6.05e-02 -11.0 4.15e-03    -  1.00e+00 1.00e+00h  1
1119  1.3402295e-02 1.36e-05 2.26e-02 -11.0 5.17e-03    -  1.00e+00 1.00e+00H  1
iter    objective    inf_pr   inf_du lg(mu)  ||d||  lg(rg) alpha_du alpha_pr  ls
1120  1.3392153e-02 6.14e-04 3.50e-02 -11.0 2.74e-03    -  1.00e+00 1.00e+00h  1
1121  1.3381681e-02 4.77e-05 1.36e-02 -11.0 3.38e-03    -  1.00e+00 1.00e+00h  1
1122  1.3388793e-02 4.53e-06 3.15e-02 -11.0 8.14e-03    -  1.00e+00 1.00e+00H  1
1123  1.3385543e-02 1.02e-05 3.09e-02 -11.0 3.38e-02    -  1.00e+00 6.25e-02h  5
1124  1.3374063e-02 5.68e-04 6.41e-02 -11.0 1.83e-01    -  1.00e+00 6.25e-02h  5
1125  1.3366069e-02 6.65e-04 4.31e-02 -11.0 2.06e-01    -  1.00e+00 3.12e-02h  6
1126  1.3355636e-02 7.76e-04 8.65e-02 -11.0 1.13e-01    -  1.00e+00 6.25e-02h  5
1127  1.3355362e-02 7.52e-04 8.31e-02 -11.0 7.27e-02    -  1.00e+00 6.25e-02h  5
1128  1.3351257e-02 8.00e-04 8.64e-02 -11.0 1.23e-01    -  1.00e+00 6.25e-02h  5
1129  1.3349091e-02 2.58e-03 1.32e-01 -11.0 4.76e-01    -  1.00e+00 6.25e-02h  5
iter    objective    inf_pr   inf_du lg(mu)  ||d||  lg(rg) alpha_du alpha_pr  ls
1130  1.3346127e-02 2.85e-03 1.33e-01 -11.0 2.89e+00    -  1.00e+00 3.91e-03h  9
1131  1.3347047e-02 2.71e-03 8.36e-02 -11.0 3.82e-02    -  1.00e+00 6.25e-02h  5
1132  1.3331209e-02 1.86e-04 1.32e-01 -11.0 6.00e-03    -  1.00e+00 1.00e+00h  1
1133  1.3328339e-02 3.17e-04 8.37e-02 -11.0 2.70e-02    -  1.00e+00 2.50e-01h  3
1134  1.3353353e-02 1.86e-04 1.39e-01 -11.0 3.49e-02    -  1.00e+00 1.00e+00H  1
1135  1.3345873e-02 1.04e-04 1.40e-01 -11.0 8.83e-01    -  1.00e+00 7.81e-03h  8
1136  1.3339910e-02 4.98e-05 1.49e-01 -11.0 3.17e+00    -  1.00e+00 1.95e-03h 10
1137  1.3335163e-02 6.73e-05 1.62e-01 -11.0 7.78e-01    -  1.00e+00 7.81e-03h  8
1138  1.3328181e-02 2.70e-04 1.75e-01 -11.0 3.40e-01    -  1.00e+00 3.12e-02h  6
1139  1.3321161e-02 6.85e-03 2.50e-01 -11.0 1.10e+00    -  1.00e+00 6.25e-02h  5
iter    objective    inf_pr   inf_du lg(mu)  ||d||  lg(rg) alpha_du alpha_pr  ls
1140  1.3307454e-02 1.84e-02 3.58e-01 -11.0 2.23e+01    -  1.00e+00 3.91e-03h  9
1141  1.3292654e-02 1.85e-02 3.31e-01 -11.0 9.74e+00    -  1.00e+00 9.77e-04h 11
1142  1.3294636e-02 1.12e-02 1.48e-01 -11.0 6.03e-02    -  1.00e+00 5.00e-01h  2
1143  1.3266329e-02 1.12e-02 1.98e-01 -11.0 7.74e-01    -  1.00e+00 3.12e-02h  6
1144  1.3248553e-02 1.54e-02 3.63e-01 -11.0 3.52e+00    -  1.00e+00 1.56e-02h  7
1145  3.9009790e+00 8.76e+01 1.47e+02 -11.0 3.80e+00    -  1.00e+00 1.00e+00w  1
1146  9.9968249e+00 1.61e+02 6.20e+01 -11.0 1.51e+00    -  1.00e+00 1.00e+00w  1
1147  4.0751517e+06 4.39e+02 1.16e+03 -11.0 5.78e+02    -  1.00e+00 1.00e+00w  1
1148  1.3236879e-02 1.54e-02 4.19e-01 -11.0 5.79e+02    -  1.00e+00 1.95e-03h  9
1149  1.3205376e-02 7.06e-04 1.94e-01 -11.0 1.42e-02    -  1.00e+00 1.00e+00h  1
iter    objective    inf_pr   inf_du lg(mu)  ||d||  lg(rg) alpha_du alpha_pr  ls
1150  1.3204533e-02 7.46e-03 3.31e-01 -11.0 1.07e+00    -  1.00e+00 6.25e-02h  5
1151  1.3199154e-02 8.10e-03 4.05e-01 -11.0 5.64e+00    -  1.00e+00 3.91e-03h  9
1152  1.3194783e-02 8.55e-03 4.06e-01 -11.0 4.24e+00    -  1.00e+00 3.91e-03h  9
1153  1.3168385e-02 1.90e-02 5.90e-01 -11.0 1.45e+00    -  1.00e+00 6.25e-02h  5
1154  1.3144600e-02 2.36e-02 7.63e-01 -11.0 2.93e+01    -  1.00e+00 1.95e-03h 10
1155  1.3138033e-02 2.38e-02 7.92e-01 -11.0 6.88e+00    -  1.00e+00 1.95e-03h 10
1156  1.3134745e-02 2.40e-02 7.40e-01 -11.0 9.82e-01    -  1.00e+00 1.56e-02h  7
1157  1.3122370e-02 2.39e-02 6.86e-01 -11.0 8.01e-01    -  1.00e+00 1.56e-02h  7
1158  1.3119348e-02 2.32e-02 5.66e-01 -11.0 2.08e-01    -  1.00e+00 6.25e-02h  5
1159  1.3113711e-02 2.30e-02 5.28e-01 -11.0 3.34e-01    -  1.00e+00 3.12e-02h  6
iter    objective    inf_pr   inf_du lg(mu)  ||d||  lg(rg) alpha_du alpha_pr  ls
1160  2.2090156e-02 1.20e+00 5.19e+00 -11.0 5.94e-01    -  1.00e+00 1.00e+00w  1
1161  2.2762036e-01 2.13e+00 2.30e+01 -11.0 9.59e-01    -  1.00e+00 1.00e+00w  1
1162  8.7954637e-01 8.28e+00 5.94e+01 -11.0 5.55e-01    -  1.00e+00 1.00e+00w  1
1163  1.3098154e-02 2.55e-02 3.28e-01 -11.0 2.04e+00    -  1.00e+00 6.25e-02h  4
1164  1.3126442e-02 3.27e-03 1.47e-01 -11.0 2.60e-02    -  1.00e+00 1.00e+00h  1
1165  1.3121743e-02 3.44e-03 1.51e-01 -11.0 1.30e+00    -  1.00e+00 7.81e-03h  8
1166  1.3116860e-02 3.55e-03 1.41e-01 -11.0 6.76e-01    -  1.00e+00 7.81e-03h  8
1167  1.3135916e-02 2.93e-03 1.41e-01 -11.0 2.45e-02    -  1.00e+00 2.50e-01h  3
1168  1.3224179e-02 1.20e-03 1.61e-01 -11.0 2.37e-02    -  1.00e+00 1.00e+00H  1
1169  1.3188411e-02 1.08e-03 1.91e-01 -11.0 5.32e-02    -  1.00e+00 6.25e-02h  5
iter    objective    inf_pr   inf_du lg(mu)  ||d||  lg(rg) alpha_du alpha_pr  ls
1170  1.3110580e-02 5.15e-03 5.78e-02 -11.0 1.80e-02    -  1.00e+00 1.00e+00h  1
1171  1.3108656e-02 4.74e-03 8.63e-02 -11.0 5.91e-02    -  1.00e+00 1.25e-01h  4
1172  1.3088610e-02 6.28e-04 9.22e-02 -11.0 7.11e-03    -  1.00e+00 1.00e+00h  1
1173  1.3074378e-02 1.24e-03 4.57e-02 -11.0 2.82e-02    -  1.00e+00 2.50e-01h  3
1174  1.3279321e-02 4.14e-04 2.78e-01 -11.0 1.94e-02    -  1.00e+00 1.00e+00H  1
1175  1.3172894e-02 8.05e-04 1.87e-01 -11.0 2.49e-02    -  1.00e+00 2.50e-01h  3
1176  1.3119975e-02 8.03e-04 1.85e-01 -11.0 4.04e-02    -  1.00e+00 6.25e-02h  5
1177  1.3047814e-02 1.09e-03 3.47e-02 -11.0 8.65e-03    -  1.00e+00 1.00e+00h  1
1178  1.3300664e-02 2.00e-04 3.20e-01 -11.0 1.00e-02    -  1.00e+00 1.00e+00H  1
1179  1.3039904e-02 7.53e-04 3.86e-02 -11.0 6.80e-03    -  1.00e+00 1.00e+00h  1
iter    objective    inf_pr   inf_du lg(mu)  ||d||  lg(rg) alpha_du alpha_pr  ls
1180  1.3091533e-02 6.44e-04 7.21e-02 -11.0 2.78e-03    -  1.00e+00 1.00e+00h  1
1181  1.3032345e-02 2.93e-04 4.92e-03 -11.0 2.51e-03    -  1.00e+00 1.00e+00h  1
1182  1.3031416e-02 6.91e-06 7.40e-03 -11.0 8.14e-04    -  1.00e+00 1.00e+00h  1
1183  1.3029297e-02 1.90e-04 6.10e-02 -11.0 3.25e-02    -  1.00e+00 1.25e-01h  4
1184  1.3028505e-02 3.34e-04 1.07e-01 -11.0 5.67e-02    -  1.00e+00 6.25e-02h  5
1185  1.3184846e-02 1.32e-06 1.84e-01 -11.0 1.40e-02    -  1.00e+00 1.00e+00H  1
1186  1.3060813e-02 2.95e-06 5.48e-02 -11.0 8.26e-03    -  1.00e+00 1.00e+00H  1
1187  1.3030342e-02 4.21e-04 2.52e-02 -11.0 1.61e-02    -  1.00e+00 2.50e-01h  3
1188  1.3156604e-02 3.07e-07 7.74e-02 -11.0 6.75e-03    -  1.00e+00 1.00e+00H  1
1189  1.3018372e-02 1.79e-03 3.82e-02 -11.0 6.39e-03    -  1.00e+00 1.00e+00h  1
iter    objective    inf_pr   inf_du lg(mu)  ||d||  lg(rg) alpha_du alpha_pr  ls
1190  1.3020311e-02 2.72e-05 3.75e-02 -11.0 9.53e-04    -  1.00e+00 1.00e+00h  1
1191  1.3016711e-02 3.99e-06 6.71e-03 -11.0 7.64e-04    -  1.00e+00 1.00e+00h  1
1192  1.3016326e-02 4.93e-07 1.61e-03 -11.0 1.54e-04    -  1.00e+00 1.00e+00h  1
1193  1.3014908e-02 3.81e-05 1.24e-02 -11.0 2.00e-03    -  1.00e+00 1.00e+00h  1
1194  1.3081037e-02 3.67e-07 1.50e-01 -11.0 1.32e-02    -  1.00e+00 1.00e+00H  1
1195  1.3078377e-02 4.78e-07 1.48e-01 -11.0 1.09e-02    -  1.00e+00 1.56e-02h  7
1196  1.3231075e-02 1.53e-07 1.39e-01 -11.0 9.67e-03    -  1.00e+00 1.00e+00H  1
1197  1.3008304e-02 1.37e-03 5.99e-02 -11.0 7.67e-03    -  1.00e+00 1.00e+00h  1
1198  1.3003086e-02 7.90e-04 6.22e-02 -11.0 8.83e-03    -  1.00e+00 1.00e+00h  1
1199  1.2996456e-02 8.82e-04 4.80e-02 -11.0 3.17e-02    -  1.00e+00 2.50e-01h  3
iter    objective    inf_pr   inf_du lg(mu)  ||d||  lg(rg) alpha_du alpha_pr  ls
1200  1.2992010e-02 1.38e-03 4.58e-02 -11.0 1.83e-01    -  1.00e+00 6.25e-02h  5
1201  1.2984080e-02 1.54e-03 5.82e-02 -11.0 2.36e-01    -  1.00e+00 3.12e-02h  6
1202  1.2981611e-02 1.51e-03 6.75e-02 -11.0 1.04e-01    -  1.00e+00 3.12e-02h  6
1203  1.2987692e-02 1.16e-03 3.35e-02 -11.0 2.20e-02    -  1.00e+00 2.50e-01h  3
1204  1.2982094e-02 8.96e-04 3.11e-02 -11.0 1.40e-02    -  1.00e+00 2.50e-01h  3
1205  1.2978984e-02 4.57e-04 4.25e-02 -11.0 6.87e-03    -  1.00e+00 5.00e-01h  2
1206  1.2974732e-02 6.33e-04 4.03e-02 -11.0 7.78e-03    -  1.00e+00 1.00e+00h  1
1207  1.2971984e-02 6.24e-04 4.08e-02 -11.0 1.09e-02    -  1.00e+00 6.25e-02h  5
1208  1.2964827e-02 1.52e-04 5.53e-03 -11.0 4.47e-03    -  1.00e+00 1.00e+00h  1
1209  1.3039822e-02 4.24e-07 6.52e-02 -11.0 1.10e-02    -  1.00e+00 1.00e+00H  1
iter    objective    inf_pr   inf_du lg(mu)  ||d||  lg(rg) alpha_du alpha_pr  ls
1210  1.2965070e-02 1.56e-04 7.42e-02 -11.0 5.56e-03    -  1.00e+00 1.00e+00H  1
1211  1.3003496e-02 2.12e-06 1.08e-01 -11.0 5.17e-03    -  1.00e+00 1.00e+00H  1
1212  1.2956421e-02 6.76e-05 1.28e-02 -11.0 3.65e-03    -  1.00e+00 1.00e+00h  1
1213  1.2955805e-02 5.46e-07 2.13e-03 -11.0 1.55e-04    -  1.00e+00 1.00e+00h  1
1214  1.2955638e-02 3.47e-04 8.69e-02 -11.0 9.31e-03    -  1.00e+00 5.00e-01h  2
1215  1.2953245e-02 4.83e-04 5.77e-02 -11.0 3.18e-02    -  1.00e+00 1.25e-01h  4
1216  1.2949832e-02 6.62e-04 9.38e-02 -11.0 4.03e-02    -  1.00e+00 1.25e-01h  4
1217  1.2946187e-02 1.08e-03 7.48e-02 -11.0 1.10e-01    -  1.00e+00 6.25e-02h  5
1218  1.2945331e-02 1.06e-03 8.82e-02 -11.0 3.65e-02    -  1.00e+00 3.12e-02h  6
1219  1.2946296e-02 1.02e-03 2.66e-02 -11.0 1.78e-02    -  1.00e+00 2.50e-01h  3
iter    objective    inf_pr   inf_du lg(mu)  ||d||  lg(rg) alpha_du alpha_pr  ls
1220  1.2946582e-02 8.01e-04 3.02e-02 -11.0 1.89e-02    -  1.00e+00 2.50e-01h  3
1221  1.2942032e-02 6.87e-04 3.97e-02 -11.0 8.09e-03    -  1.00e+00 2.50e-01h  3
1222  1.2936698e-02 7.51e-04 5.18e-02 -11.0 9.02e-03    -  1.00e+00 5.00e-01h  2
1223  1.2934664e-02 7.06e-04 2.32e-02 -11.0 1.74e-02    -  1.00e+00 2.50e-01h  3
1224  1.3460997e-02 1.27e-01 6.08e-01 -11.0 1.25e-01    -  1.00e+00 1.00e+00w  1
1225  2.8170684e-01 1.19e+01 1.91e+01 -11.0 8.99e-01    -  1.00e+00 1.00e+00w  1
1226  2.8621343e-01 1.29e+01 2.78e+01 -11.0 2.90e-01    -  1.00e+00 1.00e+00w  1
1227  1.2930772e-02 2.32e-03 2.48e-02 -11.0 4.26e-01    -  1.00e+00 1.25e-01h  3
1228  1.2931946e-02 1.90e-03 9.07e-02 -11.0 1.21e-02    -  1.00e+00 2.50e-01h  3
1229  1.2928813e-02 1.67e-03 1.14e-01 -11.0 1.27e-02    -  1.00e+00 1.25e-01h  4
iter    objective    inf_pr   inf_du lg(mu)  ||d||  lg(rg) alpha_du alpha_pr  ls
1230  1.2927431e-02 2.63e-04 5.24e-02 -11.0 5.77e-03    -  1.00e+00 1.00e+00h  1
1231  1.2930178e-02 2.44e-04 7.42e-02 -11.0 2.86e-02    -  1.00e+00 1.25e-01h  4
1232  1.2946493e-02 3.59e-04 7.20e-02 -11.0 5.24e-03    -  1.00e+00 1.00e+00h  1
1233  1.2933369e-02 2.41e-05 1.01e-01 -11.0 6.03e-03    -  1.00e+00 1.00e+00H  1
1234  1.3327645e-02 4.14e-08 4.83e-01 -11.0 6.17e-03    -  1.00e+00 1.00e+00H  1
1235  1.2910694e-02 1.11e-03 1.45e-01 -11.0 8.53e-03    -  1.00e+00 1.00e+00h  1
1236  1.2913645e-02 7.84e-05 3.17e-02 -11.0 3.63e-03    -  1.00e+00 1.00e+00h  1
1237  1.2911776e-02 1.42e-04 3.15e-02 -11.0 4.92e-02    -  1.00e+00 1.25e-01h  4
1238  1.2909197e-02 1.00e-03 6.37e-02 -11.0 4.14e-01    -  1.00e+00 6.25e-02h  5
1239  1.2894645e-02 2.60e-03 1.22e-01 -11.0 2.40e+00    -  1.00e+00 1.56e-02h  7
iter    objective    inf_pr   inf_du lg(mu)  ||d||  lg(rg) alpha_du alpha_pr  ls
1240  1.2890391e-02 3.25e-03 1.33e-01 -11.0 5.16e+00    -  1.00e+00 3.91e-03h  9
1241  1.2885886e-02 3.42e-03 1.32e-01 -11.0 7.56e-01    -  1.00e+00 1.56e-02h  7
1242  1.2882353e-02 6.95e-03 1.61e-01 -11.0 1.19e+00    -  1.00e+00 3.12e-02h  6
1243  1.2873911e-02 2.99e-02 2.79e-01 -11.0 5.41e+00    -  1.00e+00 1.56e-02h  7
1244  1.2871105e-02 3.00e-02 2.81e-01 -11.0 3.51e+00    -  1.00e+00 1.95e-03h 10
1245  1.2868114e-02 2.91e-02 2.62e-01 -11.0 9.31e-02    -  1.00e+00 3.12e-02h  6
1246  1.2860297e-02 4.65e-03 7.74e-02 -11.0 3.30e-02    -  1.00e+00 1.00e+00h  1
1247  1.2850175e-02 4.67e-03 1.49e-01 -11.0 3.70e-01    -  1.00e+00 1.56e-02h  7
1248  1.2850408e-02 2.01e-03 7.54e-02 -11.0 1.32e-02    -  1.00e+00 1.00e+00h  1
1249  1.2817952e-02 1.80e-03 1.23e-01 -11.0 9.21e-02    -  1.00e+00 2.50e-01h  3
iter    objective    inf_pr   inf_du lg(mu)  ||d||  lg(rg) alpha_du alpha_pr  ls
1250  1.2796960e-02 2.29e-03 1.52e-01 -11.0 8.05e-01    -  1.00e+00 3.12e-02h  6
1251  1.2782093e-02 4.00e-03 2.03e-01 -11.0 1.03e+00    -  1.00e+00 3.12e-02h  6
1252  1.2765736e-02 4.47e-03 2.65e-01 -11.0 2.09e+00    -  1.00e+00 7.81e-03h  8
1253  1.2763098e-02 4.64e-03 3.17e-01 -11.0 4.98e-01    -  1.00e+00 3.12e-02h  6
1254  1.2763032e-02 4.47e-03 3.42e-01 -11.0 9.59e-02    -  1.00e+00 6.25e-02h  5
1255  1.2900876e-02 6.32e-04 1.47e-01 -11.0 4.80e-02    -  1.00e+00 1.00e+00H  1
1256  1.2880538e-02 6.08e-04 3.20e-01 -11.0 3.88e-01    -  1.00e+00 1.56e-02h  7
1257  1.2818181e-02 7.29e-04 4.90e-02 -11.0 2.44e-02    -  1.00e+00 2.50e-01h  3
1258  1.3361718e-02 2.64e-04 6.68e-01 -11.0 4.05e-02    -  1.00e+00 1.00e+00H  1
1259  1.3270064e-02 3.05e-04 5.90e-01 -11.0 9.45e-02    -  1.00e+00 6.25e-02h  5
iter    objective    inf_pr   inf_du lg(mu)  ||d||  lg(rg) alpha_du alpha_pr  ls
1260  1.3133772e-02 5.24e-04 5.07e-01 -11.0 7.53e-01    -  1.00e+00 1.56e-02h  7
1261  1.3102652e-02 5.39e-04 4.81e-01 -11.0 9.70e-01    -  1.00e+00 3.91e-03h  9
1262  1.3088421e-02 5.41e-04 4.70e-01 -11.0 5.10e-01    -  1.00e+00 3.91e-03h  9
1263  1.3069466e-02 5.48e-04 4.67e-01 -11.0 1.42e+00    -  1.00e+00 1.95e-03h 10
1264  1.2866640e-02 1.55e-02 4.37e-01 -11.0 5.18e+00    -  1.00e+00 1.56e-02h  7
1265  1.2819523e-02 1.65e-02 5.30e-01 -11.0 6.78e+00    -  1.00e+00 3.91e-03h  9
1266  1.2813186e-02 1.61e-02 5.27e-01 -11.0 3.39e-01    -  1.00e+00 3.12e-02h  6
1267  1.3004305e-02 1.02e-02 2.79e-01 -11.0 8.32e-02    -  1.00e+00 5.00e-01h  2
1268  1.2961984e-02 1.14e-02 3.33e-01 -11.0 9.61e-01    -  1.00e+00 3.12e-02h  6
1269  2.7764689e+00 1.44e+02 2.80e+02 -11.0 3.85e+00    -  1.00e+00 1.00e+00w  1
iter    objective    inf_pr   inf_du lg(mu)  ||d||  lg(rg) alpha_du alpha_pr  ls
1270  2.8228584e+05 2.33e+03 3.26e+02 -11.0 4.26e+02    -  1.00e+00 1.00e+00w  1
1271  1.4673095e+02 7.25e+00 5.65e+02 -11.0 3.86e+02    -  1.00e+00 1.00e+00w  1
1272  1.2936271e-02 1.52e-02 3.87e-01 -11.0 1.85e+01    -  1.00e+00 7.81e-03h  7
1273  1.2843609e-02 1.57e-02 4.89e-01 -11.0 1.28e+00    -  1.00e+00 1.56e-02h  7
1274  1.2811451e-02 1.61e-02 4.79e-01 -11.0 9.12e-01    -  1.00e+00 3.12e-02h  6
1275  1.2764631e-02 1.59e-02 5.50e-01 -11.0 3.16e-01    -  1.00e+00 3.12e-02h  6
1276  1.2857813e-02 5.53e-04 1.50e-01 -11.0 8.36e-03    -  1.00e+00 1.00e+00h  1
1277  1.2794323e-02 4.02e-04 6.78e-01 -11.0 2.68e-02    -  1.00e+00 5.00e-01h  2
1278  1.3622520e-02 1.51e-04 2.20e-01 -11.0 3.39e-02    -  1.00e+00 1.00e+00H  1
1279  1.3526845e-02 5.22e-04 9.29e-01 -11.0 1.82e-02    -  1.00e+00 1.00e+00H  1
iter    objective    inf_pr   inf_du lg(mu)  ||d||  lg(rg) alpha_du alpha_pr  ls
1280  1.2698693e-02 1.79e-03 2.86e-01 -11.0 2.56e-02    -  1.00e+00 1.00e+00h  1
1281  1.2980368e-02 1.40e-03 2.42e-01 -11.0 8.61e-03    -  1.00e+00 1.00e+00h  1
1282  1.2675450e-02 1.03e-03 8.83e-02 -11.0 7.69e-03    -  1.00e+00 1.00e+00h  1
1283  1.2673527e-02 2.94e-06 4.63e-02 -11.0 5.39e-04    -  1.00e+00 1.00e+00h  1
1284  1.2672280e-02 2.54e-06 2.98e-03 -11.0 5.39e-04    -  1.00e+00 1.00e+00h  1
1285  1.2673401e-02 1.11e-06 2.23e-01 -11.0 4.96e-03    -  1.00e+00 1.00e+00H  1
1286  1.2669169e-02 8.59e-05 1.96e-01 -11.0 1.66e-02    -  1.00e+00 2.50e-01h  3
1287  1.2664042e-02 2.29e-04 1.10e-01 -11.0 1.95e-02    -  1.00e+00 2.50e-01h  3
1288  1.2665049e-02 1.69e-04 1.24e-01 -11.0 3.99e-03    -  1.00e+00 2.50e-01h  3
1289  1.2659319e-02 8.58e-05 2.77e-02 -11.0 2.47e-03    -  1.00e+00 1.00e+00h  1
iter    objective    inf_pr   inf_du lg(mu)  ||d||  lg(rg) alpha_du alpha_pr  ls
1290  1.2672027e-02 3.18e-05 1.43e-02 -11.0 1.54e-03    -  1.00e+00 1.00e+00h  1
1291  1.2658245e-02 2.83e-05 2.58e-03 -11.0 1.49e-03    -  1.00e+00 1.00e+00h  1
1292  1.2657867e-02 6.04e-07 5.09e-03 -11.0 4.70e-04    -  1.00e+00 1.00e+00h  1
1293  1.2653607e-02 3.23e-04 3.11e-02 -11.0 4.52e-02    -  1.00e+00 2.50e-01h  3
1294  1.2652566e-02 4.50e-04 4.93e-02 -11.0 4.29e-01    -  1.00e+00 1.56e-02h  7
1295  1.2649573e-02 4.75e-04 4.68e-02 -11.0 5.33e-02    -  1.00e+00 1.25e-01h  4
1296  1.2646946e-02 5.21e-04 4.66e-02 -11.0 1.29e-01    -  1.00e+00 6.25e-02h  5
1297  1.2645464e-02 5.82e-04 7.18e-02 -11.0 7.73e-02    -  1.00e+00 1.25e-01h  4
1298  1.2642690e-02 1.04e-03 4.36e-02 -11.0 2.34e-01    -  1.00e+00 6.25e-02h  5
1299  1.2640797e-02 1.12e-03 1.04e-01 -11.0 2.34e-01    -  1.00e+00 3.12e-02h  6
iter    objective    inf_pr   inf_du lg(mu)  ||d||  lg(rg) alpha_du alpha_pr  ls
1300  1.2644691e-02 8.95e-04 2.46e-02 -11.0 1.95e-02    -  1.00e+00 2.50e-01h  3
1301  1.2637694e-02 3.26e-04 1.54e-02 -11.0 1.61e-02    -  1.00e+00 1.00e+00h  1
1302  1.2634927e-02 3.24e-04 1.82e-02 -11.0 6.40e-02    -  1.00e+00 3.12e-02h  6
1303  1.2638557e-02 2.56e-05 6.37e-02 -11.0 1.53e-02    -  1.00e+00 1.00e+00H  1
1304  1.2637079e-02 4.49e-04 4.74e-02 -11.0 2.19e-01    -  1.00e+00 6.25e-02h  5
1305  1.2636640e-02 5.54e-04 3.88e-02 -11.0 3.98e-01    -  1.00e+00 1.56e-02h  7
1306  1.2636187e-02 6.10e-04 2.81e-02 -11.0 5.81e-02    -  1.00e+00 1.25e-01h  4
1307  1.2633821e-02 5.80e-04 8.77e-02 -11.0 3.08e-02    -  1.00e+00 1.25e-01h  4
1308  1.2626577e-02 5.31e-04 9.07e-02 -11.0 1.42e-02    -  1.00e+00 5.00e-01h  2
1309  1.2623826e-02 4.88e-04 7.92e-02 -11.0 2.19e-02    -  1.00e+00 1.25e-01h  4
iter    objective    inf_pr   inf_du lg(mu)  ||d||  lg(rg) alpha_du alpha_pr  ls
1310  1.2615157e-02 2.75e-04 2.75e-02 -11.0 5.88e-03    -  1.00e+00 1.00e+00h  1
1311  1.2611230e-02 2.48e-04 2.62e-02 -11.0 4.30e-02    -  1.00e+00 1.25e-01h  4
1312  1.2608498e-02 2.40e-04 3.02e-02 -11.0 1.42e-01    -  1.00e+00 3.12e-02h  6
1313  1.2604514e-02 4.33e-04 3.31e-02 -11.0 1.41e-01    -  1.00e+00 6.25e-02h  5
1314  1.2601843e-02 7.85e-04 6.23e-02 -11.0 2.59e-01    -  1.00e+00 3.12e-02h  6
1315  1.2592413e-02 3.52e-03 5.90e-02 -11.0 7.32e-01    -  1.00e+00 3.12e-02h  6
1316  1.2588682e-02 2.21e-02 1.09e-01 -11.0 3.76e+00    -  1.00e+00 1.56e-02h  7
1317  1.2584376e-02 2.35e-02 1.39e-01 -11.0 2.05e+00    -  1.00e+00 7.81e-03h  8
1318  1.2583023e-02 2.31e-02 1.63e-01 -11.0 2.34e-01    -  1.00e+00 1.56e-02h  7
1319  1.2586835e-02 2.02e-02 1.51e-01 -11.0 2.14e-02    -  1.00e+00 1.25e-01h  4
iter    objective    inf_pr   inf_du lg(mu)  ||d||  lg(rg) alpha_du alpha_pr  ls
1320  1.2583986e-02 1.24e-02 6.56e-02 -11.0 4.05e-02    -  1.00e+00 5.00e-01h  2
1321  4.3222169e-01 2.76e+01 2.01e+01 -11.0 1.90e+00    -  1.00e+00 1.00e+00w  1
1322  2.1872639e+00 1.23e+01 2.44e+01 -11.0 1.06e+00    -  1.00e+00 1.00e+00w  1
1323  1.2401069e+01 8.82e+01 1.30e+03 -11.0 1.64e+00    -  1.00e+00 1.00e+00w  1
1324  1.2582774e-02 1.33e-02 1.04e-01 -11.0 1.01e+00    -  1.00e+00 7.81e-03h  7
1325  1.2587101e-02 6.80e-03 4.36e-02 -11.0 1.29e-02    -  1.00e+00 5.00e-01h  2
1326  1.2589373e-02 5.19e-03 7.72e-02 -11.0 1.53e-02    -  1.00e+00 2.50e-01h  3
1327  1.2585721e-02 4.57e-03 1.28e-01 -11.0 2.19e-02    -  1.00e+00 1.25e-01h  4
1328  1.2588383e-02 2.40e-03 3.69e-01 -11.0 1.44e-02    -  1.00e+00 5.00e-01h  2
1329  1.2588997e-02 1.35e-03 3.21e-01 -11.0 6.78e-03    -  1.00e+00 5.00e-01h  2
iter    objective    inf_pr   inf_du lg(mu)  ||d||  lg(rg) alpha_du alpha_pr  ls
1330  1.2555569e-02 5.72e-04 1.91e-02 -11.0 6.91e-03    -  1.00e+00 1.00e+00h  1
1331  1.2607571e-02 2.29e-04 3.77e-02 -11.0 4.32e-03    -  1.00e+00 1.00e+00h  1
1332  1.2555356e-02 2.15e-04 2.99e-03 -11.0 3.95e-03    -  1.00e+00 1.00e+00h  1
1333  1.2554978e-02 3.27e-06 3.27e-03 -11.0 4.94e-04    -  1.00e+00 1.00e+00h  1
1334  1.2553884e-02 7.57e-06 5.45e-03 -11.0 6.93e-04    -  1.00e+00 1.00e+00h  1
1335  1.2595434e-02 4.63e-07 7.77e-02 -11.0 1.31e-02    -  1.00e+00 1.00e+00H  1
1336  1.2609826e-02 2.55e-07 1.29e-01 -11.0 8.31e-03    -  1.00e+00 1.00e+00H  1
1337  1.2607676e-02 3.15e-07 1.27e-01 -11.0 1.48e-02    -  1.00e+00 7.81e-03h  8
1338  1.2547287e-02 2.63e-04 3.00e-02 -11.0 3.78e-03    -  1.00e+00 1.00e+00h  1
1339  1.2541104e-02 1.91e-04 2.90e-02 -11.0 2.33e-03    -  1.00e+00 1.00e+00h  1
iter    objective    inf_pr   inf_du lg(mu)  ||d||  lg(rg) alpha_du alpha_pr  ls
1340  1.2534175e-02 3.74e-05 2.43e-02 -11.0 2.28e-03    -  1.00e+00 1.00e+00h  1
1341  1.2554114e-02 2.26e-06 3.15e-02 -11.0 3.00e-03    -  1.00e+00 1.00e+00H  1
1342  1.2530731e-02 6.91e-05 2.54e-02 -11.0 1.93e-03    -  1.00e+00 1.00e+00h  1
1343  1.2528494e-02 6.97e-06 2.78e-02 -11.0 8.15e-04    -  1.00e+00 1.00e+00h  1
1344  1.2526752e-02 6.14e-05 2.96e-02 -11.0 2.18e-03    -  1.00e+00 1.00e+00h  1
1345  1.2524657e-02 3.21e-04 5.45e-02 -11.0 4.12e-02    -  1.00e+00 1.25e-01h  4
1346  1.2522269e-02 3.57e-04 6.69e-02 -11.0 8.42e-02    -  1.00e+00 6.25e-02h  5
1347  1.2520781e-02 4.92e-04 6.59e-02 -11.0 1.68e-01    -  1.00e+00 3.12e-02h  6
1348  1.2517051e-02 1.57e-03 9.42e-02 -11.0 1.85e-01    -  1.00e+00 6.25e-02h  5
1349  1.2513741e-02 2.42e-03 1.02e-01 -11.0 5.71e-01    -  1.00e+00 1.56e-02h  7
iter    objective    inf_pr   inf_du lg(mu)  ||d||  lg(rg) alpha_du alpha_pr  ls
1350  1.2511789e-02 3.98e-03 1.51e-01 -11.0 8.90e-01    -  1.00e+00 1.56e-02h  7
1351  1.2511556e-02 4.14e-03 1.72e-01 -11.0 3.52e-01    -  1.00e+00 1.56e-02h  7
1352  1.2512701e-02 3.90e-03 1.80e-01 -11.0 3.43e-02    -  1.00e+00 6.25e-02h  5
1353  1.2508551e-02 1.30e-03 5.01e-02 -11.0 9.57e-03    -  1.00e+00 1.00e+00h  1
1354  1.2506614e-02 1.87e-03 1.25e-02 -11.0 1.90e-01    -  1.00e+00 3.12e-02h  6
1355  1.2507373e-02 1.83e-03 1.29e-02 -11.0 2.33e-02    -  1.00e+00 1.25e-01h  4
1356  1.2513181e-02 1.43e-04 4.79e-02 -11.0 1.99e-02    -  1.00e+00 1.00e+00H  1
1357  1.2509515e-02 1.36e-03 6.34e-02 -11.0 4.71e-01    -  1.00e+00 3.12e-02h  6
1358  1.2506966e-02 1.82e-03 7.49e-02 -11.0 1.03e+00    -  1.00e+00 7.81e-03h  8
1359  1.2505337e-02 1.83e-03 8.16e-02 -11.0 2.44e-01    -  1.00e+00 1.56e-02h  7
iter    objective    inf_pr   inf_du lg(mu)  ||d||  lg(rg) alpha_du alpha_pr  ls
1360  1.2499174e-02 1.71e-03 8.48e-02 -11.0 5.18e-02    -  1.00e+00 2.50e-01h  3
1361  1.2492244e-02 2.15e-03 8.43e-02 -11.0 2.98e-01    -  1.00e+00 3.12e-02h  6
1362  1.2478475e-02 3.31e-03 1.19e-01 -11.0 4.80e-01    -  1.00e+00 6.25e-02h  5
1363  1.2465873e-02 4.82e-03 1.07e-01 -11.0 1.65e+00    -  1.00e+00 1.56e-02h  7
1364  1.2458294e-02 6.76e-03 1.27e-01 -11.0 3.79e+00    -  1.00e+00 7.81e-03h  8
1365  1.2454640e-02 6.91e-03 1.47e-01 -11.0 2.42e+00    -  1.00e+00 3.91e-03h  9
1366  1.2451508e-02 7.42e-03 1.53e-01 -11.0 5.28e-01    -  1.00e+00 3.12e-02h  6
1367  6.1620055e-02 6.53e-01 1.39e+00 -11.0 2.01e-01    -  1.00e+00 1.00e+00w  1
1368  7.7953811e-02 8.79e-01 1.23e+00 -11.0 1.66e-01    -  1.00e+00 1.00e+00w  1
1369  5.4703655e-02 1.95e-01 1.81e+00 -11.0 1.63e-01    -  1.00e+00 1.00e+00w  1
iter    objective    inf_pr   inf_du lg(mu)  ||d||  lg(rg) alpha_du alpha_pr  ls
1370  1.2444164e-02 7.44e-03 1.32e-01 -11.0 2.36e-01    -  1.00e+00 1.56e-02h  6
1371  1.2441353e-02 4.21e-03 4.82e-02 -11.0 1.45e-02    -  1.00e+00 5.00e-01h  2
1372  1.2442196e-02 3.75e-03 3.86e-02 -11.0 2.37e-02    -  1.00e+00 2.50e-01h  3
1373  1.2442121e-02 2.97e-03 2.59e-02 -11.0 9.84e-03    -  1.00e+00 2.50e-01h  3
1374  1.2423204e-02 7.52e-04 3.15e-02 -11.0 6.32e-03    -  1.00e+00 1.00e+00h  1
1375  1.2496512e-02 1.87e-05 6.62e-02 -11.0 9.90e-03    -  1.00e+00 1.00e+00H  1
1376  1.2427502e-02 5.73e-04 1.81e-02 -11.0 6.62e-03    -  1.00e+00 1.00e+00h  1
1377  1.2421139e-02 5.50e-04 1.42e-02 -11.0 1.04e-02    -  1.00e+00 2.50e-01h  3
1378  1.2420323e-02 6.99e-05 1.51e-02 -11.0 1.70e-03    -  1.00e+00 1.00e+00h  1
1379  1.2415395e-02 4.65e-05 9.42e-03 -11.0 1.81e-03    -  1.00e+00 1.00e+00h  1
iter    objective    inf_pr   inf_du lg(mu)  ||d||  lg(rg) alpha_du alpha_pr  ls
1380  1.2419615e-02 3.40e-05 1.14e-02 -11.0 1.50e-03    -  1.00e+00 1.00e+00h  1
1381  1.2413166e-02 2.57e-05 4.02e-03 -11.0 9.16e-04    -  1.00e+00 1.00e+00h  1
1382  1.2411971e-02 2.48e-05 1.63e-02 -11.0 1.14e-03    -  1.00e+00 1.00e+00h  1
1383  1.2411029e-02 1.34e-03 5.34e-02 -11.0 9.60e-03    -  1.00e+00 1.00e+00h  1
1384  1.2408779e-02 1.54e-03 4.77e-02 -11.0 8.04e-02    -  1.00e+00 6.25e-02h  5
1385  1.2408447e-02 1.37e-03 4.73e-02 -11.0 1.55e-02    -  1.00e+00 1.25e-01h  4
1386  1.2404963e-02 1.69e-04 2.54e-02 -11.0 3.15e-03    -  1.00e+00 1.00e+00h  1
1387  1.2435204e-02 7.75e-06 3.62e-02 -11.0 2.64e-03    -  1.00e+00 1.00e+00H  1
1388  1.2397484e-02 2.76e-04 6.93e-03 -11.0 4.34e-03    -  1.00e+00 1.00e+00h  1
1389  1.2402933e-02 2.29e-05 2.78e-02 -11.0 1.64e-03    -  1.00e+00 1.00e+00h  1
iter    objective    inf_pr   inf_du lg(mu)  ||d||  lg(rg) alpha_du alpha_pr  ls
1390  1.2396472e-02 2.26e-05 1.26e-02 -11.0 1.62e-03    -  1.00e+00 1.00e+00h  1
1391  1.2396130e-02 4.31e-06 8.84e-03 -11.0 4.06e-04    -  1.00e+00 1.00e+00h  1
1392  1.2395221e-02 6.42e-06 3.62e-03 -11.0 6.31e-04    -  1.00e+00 1.00e+00h  1
1393  1.2531371e-02 1.23e-06 2.63e-01 -11.0 1.48e-02    -  1.00e+00 1.00e+00H  1
1394  1.2409542e-02 9.94e-07 5.65e-02 -11.0 8.25e-03    -  1.00e+00 1.00e+00H  1
1395  1.2405151e-02 2.41e-06 5.06e-02 -11.0 1.30e-02    -  1.00e+00 3.12e-02h  6
1396  1.2405409e-02 1.72e-06 4.77e-02 -11.0 4.84e-03    -  1.00e+00 1.00e+00H  1
1397  1.2394251e-02 1.06e-04 1.27e-02 -11.0 1.92e-03    -  1.00e+00 1.00e+00h  1
1398  1.2390661e-02 2.58e-05 6.48e-03 -11.0 1.03e-03    -  1.00e+00 1.00e+00h  1
1399  1.2390634e-02 3.70e-06 8.26e-03 -11.0 4.45e-04    -  1.00e+00 1.00e+00h  1
iter    objective    inf_pr   inf_du lg(mu)  ||d||  lg(rg) alpha_du alpha_pr  ls
1400  1.2390155e-02 2.26e-06 4.58e-03 -11.0 1.97e-04    -  1.00e+00 1.00e+00h  1
1401  1.2389975e-02 2.18e-07 1.82e-03 -11.0 1.85e-04    -  1.00e+00 1.00e+00h  1
1402  1.2395942e-02 5.21e-09 1.50e-03 -11.0 6.24e-03    -  1.00e+00 1.00e+00H  1
1403  1.2426193e-02 2.75e-09 3.30e-03 -11.0 7.96e-03    -  1.00e+00 1.00e+00H  1
1404  1.2425800e-02 1.26e-08 3.28e-03 -11.0 5.05e-03    -  1.00e+00 3.91e-03h  9
1405  1.2425590e-02 1.78e-08 3.28e-03 -11.0 8.66e-03    -  1.00e+00 1.95e-03h 10
1406  1.2425357e-02 3.05e-08 3.27e-03 -11.0 5.27e-03    -  1.00e+00 1.95e-03h 10
1407  1.2387303e-02 7.16e-04 4.22e-02 -11.0 3.51e-03    -  1.00e+00 1.00e+00h  1
1408  1.2388843e-02 3.91e-05 2.85e-02 -11.0 1.66e-03    -  1.00e+00 1.00e+00h  1
1409  1.2383157e-02 2.68e-05 4.23e-03 -11.0 9.45e-04    -  1.00e+00 1.00e+00h  1
iter    objective    inf_pr   inf_du lg(mu)  ||d||  lg(rg) alpha_du alpha_pr  ls
1410  1.2382974e-02 1.16e-07 1.20e-03 -11.0 1.05e-04    -  1.00e+00 1.00e+00h  1
1411  1.2382152e-02 4.70e-05 1.06e-02 -11.0 2.18e-03    -  1.00e+00 1.00e+00h  1
1412  1.2382043e-02 9.51e-05 2.70e-02 -11.0 1.09e-02    -  1.00e+00 2.50e-01h  3
1413  1.2403692e-02 7.31e-09 2.42e-03 -11.0 8.41e-03    -  1.00e+00 1.00e+00H  1
1414  1.2386024e-02 5.56e-08 3.23e-02 -11.0 4.10e-03    -  1.00e+00 1.00e+00H  1
1415  1.2404250e-02 4.84e-09 2.96e-03 -11.0 3.80e-03    -  1.00e+00 1.00e+00H  1
1416  1.2374966e-02 3.65e-04 1.67e-02 -11.0 3.69e-03    -  1.00e+00 1.00e+00h  1
1417  1.2380969e-02 7.95e-05 2.96e-02 -11.0 3.90e-03    -  1.00e+00 1.00e+00h  1
1418  1.2374896e-02 5.95e-05 3.48e-02 -11.0 5.45e-03    -  1.00e+00 1.00e+00h  1
1419  1.2372363e-02 1.10e-04 3.34e-02 -11.0 2.95e-02    -  1.00e+00 1.25e-01h  4
iter    objective    inf_pr   inf_du lg(mu)  ||d||  lg(rg) alpha_du alpha_pr  ls
1420  1.2374810e-02 1.83e-06 4.26e-02 -11.0 2.59e-03    -  1.00e+00 1.00e+00H  1
1421  1.2368336e-02 6.80e-05 2.65e-02 -11.0 2.49e-03    -  1.00e+00 1.00e+00h  1
1422  1.2373410e-02 3.85e-06 3.72e-02 -11.0 6.56e-03    -  1.00e+00 1.00e+00H  1
1423  1.2385814e-02 4.01e-08 3.09e-03 -11.0 1.14e-02    -  1.00e+00 1.00e+00H  1
1424  1.2385500e-02 3.67e-08 3.07e-03 -11.0 5.42e-02    -  1.00e+00 1.95e-03h 10
1425  1.2385215e-02 3.30e-08 3.05e-03 -11.0 9.07e-02    -  1.00e+00 9.77e-04h 11
1426  1.2362262e-02 2.35e-04 3.59e-02 -11.0 2.46e-02    -  1.00e+00 5.00e-01h  2
1427  1.2349865e-02 3.86e-04 5.25e-02 -11.0 1.24e-01    -  1.00e+00 6.25e-02h  5
1428  1.2347308e-02 3.83e-04 6.26e-02 -11.0 4.47e-02    -  1.00e+00 6.25e-02h  5
1429  1.2344828e-02 4.45e-04 5.27e-02 -11.0 5.71e-02    -  1.00e+00 1.25e-01h  4
iter    objective    inf_pr   inf_du lg(mu)  ||d||  lg(rg) alpha_du alpha_pr  ls
1430  1.2344080e-02 2.48e-03 1.14e-01 -11.0 5.26e-01    -  1.00e+00 6.25e-02h  5
1431  1.2343895e-02 6.42e-03 2.25e-01 -11.0 3.23e+00    -  1.00e+00 1.56e-02h  7
1432  1.2339286e-02 2.39e-02 4.86e-01 -11.0 1.27e+01    -  1.00e+00 7.81e-03h  8
1433  1.2336245e-02 2.45e-02 5.11e-01 -11.0 3.47e+01    -  1.00e+00 4.88e-04h 12
1434  1.0248628e-01 1.05e+01 9.03e+01 -11.0 2.26e+00    -  1.00e+00 1.00e+00w  1
1435  3.4947055e+00 1.36e+02 5.79e+01 -11.0 1.10e+00    -  1.00e+00 1.00e+00w  1
1436  3.8199816e+00 7.51e+01 4.79e+02 -11.0 3.93e+00    -  1.00e+00 1.00e+00w  1
1437  1.2331782e-02 2.47e-02 5.27e-01 -11.0 5.57e+00    -  1.00e+00 7.81e-03h  7
1438  1.2317013e-02 2.52e-02 5.98e-01 -11.0 2.51e+00    -  1.00e+00 7.81e-03h  8
1439  1.2320745e-02 2.48e-02 6.40e-01 -11.0 4.68e-01    -  1.00e+00 3.12e-02h  6
iter    objective    inf_pr   inf_du lg(mu)  ||d||  lg(rg) alpha_du alpha_pr  ls
1440  1.2338207e-02 2.18e-02 6.02e-01 -11.0 3.95e-02    -  1.00e+00 1.25e-01h  4
1441  1.2339229e-02 1.61e-03 1.61e-01 -11.0 2.14e-02    -  1.00e+00 1.00e+00h  1
1442  1.2324989e-02 1.72e-03 1.87e-01 -11.0 1.92e-01    -  1.00e+00 6.25e-02h  5
1443  1.2316005e-02 1.65e-03 1.82e-01 -11.0 1.87e-01    -  1.00e+00 6.25e-02h  5
1444  1.2306376e-02 2.05e-03 2.06e-01 -11.0 4.34e-01    -  1.00e+00 6.25e-02h  5
1445  1.2297403e-02 2.29e-03 2.02e-01 -11.0 9.31e-01    -  1.00e+00 1.56e-02h  7
1446  1.2293422e-02 2.42e-03 2.43e-01 -11.0 4.62e-01    -  1.00e+00 3.12e-02h  6
1447  1.2293761e-02 2.49e-03 2.31e-01 -11.0 2.71e-01    -  1.00e+00 6.25e-02h  5
1448  1.2300169e-02 2.30e-03 2.19e-01 -11.0 5.50e-02    -  1.00e+00 6.25e-02h  5
1449  1.2278018e-02 2.80e-04 2.96e-02 -11.0 3.58e-03    -  1.00e+00 1.00e+00h  1
iter    objective    inf_pr   inf_du lg(mu)  ||d||  lg(rg) alpha_du alpha_pr  ls
1450  1.2250131e-02 1.04e-04 2.15e-01 -11.0 3.92e-03    -  1.00e+00 1.00e+00h  1
1451  1.2249475e-02 3.63e-05 1.84e-02 -11.0 6.47e-03    -  1.00e+00 1.00e+00h  1
1452  1.2268525e-02 2.52e-05 7.26e-02 -11.0 2.60e-02    -  1.00e+00 1.00e+00H  1
1453  1.2263506e-02 2.07e-05 6.83e-02 -11.0 3.45e-01    -  1.00e+00 1.56e-02h  7
1454  1.2260006e-02 3.08e-05 7.23e-02 -11.0 4.06e-01    -  1.00e+00 7.81e-03h  8
1455  1.2252773e-02 1.00e-04 8.28e-02 -11.0 1.92e-01    -  1.00e+00 3.12e-02h  6
1456  1.2246967e-02 2.94e-04 8.37e-02 -11.0 2.75e-01    -  1.00e+00 6.25e-02h  5
1457  1.2238447e-02 3.40e-04 8.60e-02 -11.0 7.21e-01    -  1.00e+00 3.12e-02h  6
1458  1.2236376e-02 1.85e-03 1.70e-01 -11.0 2.25e+00    -  1.00e+00 3.12e-02h  6
1459  1.2237107e-02 1.82e-03 1.69e-01 -11.0 1.17e+00    -  1.00e+00 7.81e-03h  8
iter    objective    inf_pr   inf_du lg(mu)  ||d||  lg(rg) alpha_du alpha_pr  ls
1460  1.2234762e-02 1.11e-03 1.02e-01 -11.0 3.24e-02    -  1.00e+00 1.00e+00h  1
1461  1.2217803e-02 2.85e-03 2.16e-01 -11.0 8.84e-01    -  1.00e+00 6.25e-02h  5
1462  1.2210609e-02 3.05e-03 1.95e-01 -11.0 6.67e-01    -  1.00e+00 1.56e-02h  7
1463  1.2201415e-02 2.37e-03 1.08e-01 -11.0 3.56e-02    -  1.00e+00 2.50e-01h  3
1464  1.2182771e-02 1.93e-03 8.49e-02 -11.0 4.94e-02    -  1.00e+00 2.50e-01h  3
1465  1.2207613e-02 1.71e-03 9.34e-02 -11.0 2.74e-02    -  1.00e+00 2.50e-01h  3
1466  1.2163659e-02 8.15e-04 5.36e-02 -11.0 5.26e-03    -  1.00e+00 1.00e+00h  1
1467  1.2195852e-02 7.62e-04 7.98e-02 -11.0 9.71e-03    -  1.00e+00 1.00e+00h  1
1468  1.2145804e-02 8.42e-04 1.82e-02 -11.0 4.75e-03    -  1.00e+00 1.00e+00h  1
1469  1.2176991e-02 3.58e-04 5.44e-02 -11.0 3.05e-03    -  1.00e+00 1.00e+00h  1
iter    objective    inf_pr   inf_du lg(mu)  ||d||  lg(rg) alpha_du alpha_pr  ls
1470  1.2136261e-02 1.66e-04 1.82e-02 -11.0 2.27e-03    -  1.00e+00 1.00e+00h  1
1471  1.2135043e-02 1.36e-06 2.57e-03 -11.0 6.43e-04    -  1.00e+00 1.00e+00h  1
1472  1.2133096e-02 2.84e-03 1.07e-01 -11.0 2.59e-02    -  1.00e+00 1.00e+00h  1
1473  1.2131805e-02 3.03e-03 1.55e-01 -11.0 5.20e-01    -  1.00e+00 1.56e-02h  7
1474  1.2131255e-02 2.73e-03 1.81e-01 -11.0 5.44e-02    -  1.00e+00 1.25e-01h  4
1475  1.2127629e-02 2.40e-03 1.82e-01 -11.0 2.11e-02    -  1.00e+00 1.25e-01h  4
1476  1.2122809e-02 1.42e-03 8.46e-02 -11.0 8.51e-03    -  1.00e+00 1.00e+00h  1
1477  1.2118044e-02 1.24e-03 7.17e-02 -11.0 1.28e-02    -  1.00e+00 1.25e-01h  4
1478  1.2102967e-02 6.49e-04 1.52e-02 -11.0 1.11e-02    -  1.00e+00 1.00e+00h  1
1479  1.2099739e-02 6.79e-04 2.82e-02 -11.0 1.40e-01    -  1.00e+00 3.12e-02h  6
iter    objective    inf_pr   inf_du lg(mu)  ||d||  lg(rg) alpha_du alpha_pr  ls
1480  1.2166549e-02 8.09e-08 6.53e-02 -11.0 2.94e-02    -  1.00e+00 1.00e+00H  1
1481  1.2166187e-02 1.94e-07 6.55e-02 -11.0 2.12e-01    -  1.00e+00 9.77e-04h 11
1482  1.2165750e-02 3.17e-07 6.57e-02 -11.0 9.18e-01    -  1.00e+00 2.44e-04h 13
1483  1.2165101e-02 4.32e-07 6.58e-02 -11.0 6.18e-01    -  1.00e+00 4.88e-04h 12
1484  1.2164449e-02 5.39e-07 6.60e-02 -11.0 1.14e+00    -  1.00e+00 2.44e-04h 13
1485  1.2162580e-02 7.38e-04 1.36e-01 -11.0 1.46e+00    -  1.00e+00 1.56e-02h  7
1486  1.2152967e-02 1.30e-03 1.75e-01 -11.0 2.04e-01    -  1.00e+00 1.25e-01h  4
1487  1.2127901e-02 2.08e-03 2.40e-01 -11.0 4.88e-01    -  1.00e+00 6.25e-02h  5
1488  1.2114546e-02 2.70e-03 2.16e-01 -11.0 5.78e-01    -  1.00e+00 3.12e-02h  6
1489  1.2081006e-02 4.22e-03 2.80e-01 -11.0 3.39e-01    -  1.00e+00 1.25e-01h  4
iter    objective    inf_pr   inf_du lg(mu)  ||d||  lg(rg) alpha_du alpha_pr  ls
1490  1.2058076e-02 5.38e-03 3.19e-01 -11.0 4.19e+00    -  1.00e+00 7.81e-03h  8
1491  5.6096345e-02 9.20e-01 4.38e+00 -11.0 7.04e-01    -  1.00e+00 1.00e+00w  1
1492  1.0117294e-01 7.96e-01 6.10e+00 -11.0 3.36e-01    -  1.00e+00 1.00e+00w  1
1493  1.9343733e-01 4.50e+00 4.52e+00 -11.0 4.89e-01    -  1.00e+00 1.00e+00w  1
1494  1.2053353e-02 6.12e-03 3.95e-01 -11.0 6.97e-01    -  1.00e+00 3.12e-02h  5
1495  1.2037528e-02 3.22e-03 1.63e-01 -11.0 2.35e-02    -  1.00e+00 5.00e-01h  2
1496  1.2072566e-02 4.73e-03 1.60e-01 -11.0 1.26e-02    -  1.00e+00 5.00e-01h  2
1497  1.2060006e-02 9.00e-04 2.32e-01 -11.0 1.41e-02    -  1.00e+00 1.00e+00h  1
1498  1.2035675e-02 7.72e-04 7.53e-02 -11.0 1.54e-02    -  1.00e+00 2.50e-01h  3
1499  1.2025391e-02 2.11e-04 8.51e-02 -11.0 8.49e-03    -  1.00e+00 1.00e+00h  1
iter    objective    inf_pr   inf_du lg(mu)  ||d||  lg(rg) alpha_du alpha_pr  ls
1500  1.2089332e-02 1.16e-04 2.05e-01 -11.0 5.78e-03    -  1.00e+00 1.00e+00H  1
1501  1.2010033e-02 5.69e-04 6.67e-02 -11.0 7.37e-03    -  1.00e+00 1.00e+00h  1
1502  1.2078138e-02 6.60e-05 2.15e-01 -11.0 4.35e-03    -  1.00e+00 1.00e+00H  1
1503  1.2002079e-02 9.16e-04 1.01e-02 -11.0 3.38e-03    -  1.00e+00 1.00e+00h  1
1504  1.2001499e-02 1.29e-04 7.94e-03 -11.0 8.54e-04    -  1.00e+00 1.00e+00h  1
1505  1.1999303e-02 2.07e-05 8.06e-03 -11.0 4.15e-04    -  1.00e+00 1.00e+00h  1
1506  1.1997670e-02 2.39e-05 3.04e-03 -11.0 9.18e-04    -  1.00e+00 1.00e+00h  1
1507  1.2022826e-02 9.77e-07 1.28e-01 -11.0 1.14e-02    -  1.00e+00 1.00e+00H  1
1508  1.2033619e-02 8.10e-08 2.86e-01 -11.0 5.63e-03    -  1.00e+00 1.00e+00H  1
1509  1.1993150e-02 2.35e-04 9.66e-02 -11.0 6.39e-03    -  1.00e+00 1.00e+00h  1
iter    objective    inf_pr   inf_du lg(mu)  ||d||  lg(rg) alpha_du alpha_pr  ls
1510  1.1991567e-02 7.06e-05 3.91e-02 -11.0 2.46e-03    -  1.00e+00 1.00e+00h  1
1511  1.1980791e-02 6.62e-05 5.39e-02 -11.0 3.34e-03    -  1.00e+00 1.00e+00h  1
1512  1.1985857e-02 1.55e-05 4.76e-02 -11.0 7.46e-03    -  1.00e+00 1.00e+00H  1
1513  1.1983235e-02 3.42e-05 6.82e-02 -11.0 1.51e-02    -  1.00e+00 1.25e-01h  4
1514  1.2039297e-02 1.72e-07 1.79e-01 -11.0 9.85e-03    -  1.00e+00 1.00e+00H  1
1515  1.2038724e-02 1.91e-07 1.78e-01 -11.0 8.75e-03    -  1.00e+00 3.91e-03h  9
1516  1.2038484e-02 1.98e-07 1.78e-01 -11.0 2.09e-02    -  1.00e+00 9.77e-04h 11
1517  1.2038464e-02 1.98e-07 1.78e-01 -11.0 5.21e-02    -  1.00e+00 6.10e-05h 15
1518  1.2036759e-02 1.45e-03 7.62e-02 -11.0 3.87e-02    -  1.00e+00 2.50e-01h  3
1519  1.2003654e-02 2.34e-03 4.04e-02 -11.0 3.04e-02    -  1.00e+00 2.50e-01h  3
iter    objective    inf_pr   inf_du lg(mu)  ||d||  lg(rg) alpha_du alpha_pr  ls
1520  1.2026899e-02 1.62e-03 9.74e-02 -11.0 1.00e-02    -  1.00e+00 5.00e-01h  2
1521  1.1987018e-02 4.65e-04 3.72e-02 -11.0 5.61e-03    -  1.00e+00 1.00e+00h  1
1522  1.2012353e-02 7.15e-04 1.57e-01 -11.0 3.05e-03    -  1.00e+00 1.00e+00h  1
1523  1.1973313e-02 3.24e-04 8.57e-03 -11.0 2.87e-03    -  1.00e+00 1.00e+00h  1
1524  1.1971944e-02 8.09e-07 3.63e-03 -11.0 2.63e-04    -  1.00e+00 1.00e+00h  1
1525  1.1971679e-02 1.10e-06 2.68e-03 -11.0 1.32e-04    -  1.00e+00 1.00e+00h  1
1526  1.1971155e-02 5.22e-06 6.39e-03 -11.0 6.74e-04    -  1.00e+00 1.00e+00h  1
1527  1.2002353e-02 2.02e-07 1.10e-01 -11.0 1.13e-02    -  1.00e+00 1.00e+00H  1
1528  1.2000134e-02 7.75e-07 8.08e-02 -11.0 3.40e-03    -  1.00e+00 1.00e+00H  1
1529  1.1967407e-02 1.42e-04 5.38e-02 -11.0 4.03e-03    -  1.00e+00 1.00e+00h  1
iter    objective    inf_pr   inf_du lg(mu)  ||d||  lg(rg) alpha_du alpha_pr  ls
1530  1.1966138e-02 8.58e-05 1.75e-02 -11.0 2.76e-03    -  1.00e+00 5.00e-01h  2
1531  1.1966012e-02 1.91e-04 3.24e-02 -11.0 4.48e-03    -  1.00e+00 1.00e+00h  1
1532  1.1964127e-02 3.06e-04 4.40e-02 -11.0 3.87e-02    -  1.00e+00 1.25e-01h  4
1533  1.1960611e-02 9.97e-04 5.73e-02 -11.0 1.72e-01    -  1.00e+00 6.25e-02h  5
1534  1.1958708e-02 2.55e-03 9.39e-02 -11.0 5.38e-01    -  1.00e+00 3.12e-02h  6
1535  1.1957734e-02 2.85e-03 9.68e-02 -11.0 3.87e-01    -  1.00e+00 1.56e-02h  7
1536  1.1954785e-02 3.06e-03 1.19e-01 -11.0 2.48e-01    -  1.00e+00 3.12e-02h  6
1537  1.1953683e-02 3.10e-03 1.28e-01 -11.0 2.73e-01    -  1.00e+00 1.56e-02h  7
1538  1.1952570e-02 3.05e-03 1.07e-01 -11.0 8.42e-02    -  1.00e+00 3.12e-02h  6
1539  1.1958493e-02 1.96e-03 1.30e-01 -11.0 1.98e-02    -  1.00e+00 5.00e-01h  2
iter    objective    inf_pr   inf_du lg(mu)  ||d||  lg(rg) alpha_du alpha_pr  ls
1540  1.1953822e-02 1.96e-03 8.71e-02 -11.0 7.52e-02    -  1.00e+00 6.25e-02h  5
1541  1.1952832e-02 1.95e-03 8.23e-02 -11.0 4.84e-02    -  1.00e+00 1.25e-01h  4
1542  1.2630278e-02 1.31e-02 2.55e-01 -11.0 2.30e-02    -  1.00e+00 1.00e+00w  1
1543  1.2086085e-02 1.18e-02 5.30e-01 -11.0 1.81e-02    -  1.00e+00 1.00e+00w  1
1544  1.2196541e-02 3.70e-03 1.44e+00 -11.0 1.18e-02    -  1.00e+00 1.00e+00w  1
1545  1.1952111e-02 3.67e-03 5.70e-02 -11.0 9.80e-03    -  1.00e+00 1.00e+00h  1
1546  1.1937308e-02 1.87e-03 7.16e-02 -11.0 3.97e-03    -  1.00e+00 5.00e-01h  2
1547  1.1941137e-02 1.13e-04 3.55e-02 -11.0 1.96e-03    -  1.00e+00 1.00e+00h  1
1548  1.1941188e-02 2.94e-05 5.22e-02 -11.0 9.46e-04    -  1.00e+00 1.00e+00h  1
1549  1.1939138e-02 3.95e-06 1.71e-02 -11.0 6.51e-04    -  1.00e+00 1.00e+00h  1
iter    objective    inf_pr   inf_du lg(mu)  ||d||  lg(rg) alpha_du alpha_pr  ls
1550  1.1938927e-02 6.51e-07 5.06e-03 -11.0 1.48e-04    -  1.00e+00 1.00e+00h  1
1551  1.1938528e-02 1.96e-06 2.60e-03 -11.0 2.74e-04    -  1.00e+00 1.00e+00h  1
1552  1.2004493e-02 1.91e-07 1.19e-01 -11.0 1.00e-02    -  1.00e+00 1.00e+00H  1
1553  1.1974633e-02 1.19e-08 2.56e-03 -11.0 4.09e-03    -  1.00e+00 1.00e+00H  1
1554  1.1943555e-02 1.17e-07 3.87e-02 -11.0 6.62e-03    -  1.00e+00 1.00e+00H  1
1555  1.1937477e-02 1.05e-04 4.69e-02 -11.0 8.39e-03    -  1.00e+00 2.50e-01h  3
1556  1.1935721e-02 7.90e-05 3.99e-02 -11.0 1.98e-03    -  1.00e+00 2.50e-01h  3
1557  1.1933916e-02 2.83e-05 9.36e-03 -11.0 1.26e-03    -  1.00e+00 1.00e+00h  1
1558  1.1935267e-02 5.54e-07 6.18e-03 -11.0 2.03e-03    -  1.00e+00 1.00e+00H  1
1559  1.1934529e-02 1.66e-06 1.83e-02 -11.0 3.66e-03    -  1.00e+00 1.00e+00H  1
iter    objective    inf_pr   inf_du lg(mu)  ||d||  lg(rg) alpha_du alpha_pr  ls
1560  1.1932270e-02 1.13e-04 3.00e-02 -11.0 1.33e-02    -  1.00e+00 1.25e-01h  4
1561  1.1953105e-02 1.17e-08 2.11e-03 -11.0 4.77e-03    -  1.00e+00 1.00e+00H  1
1562  1.1929758e-02 3.78e-04 3.84e-02 -11.0 3.47e-03    -  1.00e+00 1.00e+00h  1
1563  1.1928794e-02 2.88e-04 1.12e-02 -11.0 2.23e-03    -  1.00e+00 2.50e-01h  3
1564  1.1927809e-02 4.05e-05 4.05e-03 -11.0 1.29e-03    -  1.00e+00 1.00e+00h  1
1565  1.1927485e-02 6.59e-05 8.58e-03 -11.0 1.13e-02    -  1.00e+00 1.25e-01h  4
1566  1.1927331e-02 1.20e-04 3.99e-02 -11.0 1.62e-02    -  1.00e+00 2.50e-01h  3
1567  1.1927135e-02 1.84e-04 5.96e-02 -11.0 6.40e-02    -  1.00e+00 6.25e-02h  5
1568  1.1926240e-02 4.43e-04 8.86e-02 -11.0 3.75e-02    -  1.00e+00 2.50e-01h  3
1569  1.1925149e-02 4.88e-04 8.47e-02 -11.0 1.84e-01    -  1.00e+00 3.12e-02h  6
iter    objective    inf_pr   inf_du lg(mu)  ||d||  lg(rg) alpha_du alpha_pr  ls
1570  1.1924333e-02 4.89e-04 8.48e-02 -11.0 9.08e-02    -  1.00e+00 3.12e-02h  6
1571  1.1923383e-02 4.72e-04 9.53e-02 -11.0 4.74e-02    -  1.00e+00 6.25e-02h  5
1572  1.1920856e-02 4.29e-04 9.32e-02 -11.0 2.36e-02    -  1.00e+00 2.50e-01h  3
1573  1.1917990e-02 5.57e-04 8.86e-02 -11.0 7.41e-02    -  1.00e+00 1.25e-01h  4
1574  1.1914493e-02 8.43e-04 1.09e-01 -11.0 1.82e-01    -  1.00e+00 6.25e-02h  5
1575  2.1476473e-02 1.46e+00 7.10e+00 -11.0 6.58e-01    -  1.00e+00 1.00e+00w  1
1576  2.0997982e-01 5.09e+00 1.91e+01 -11.0 2.74e-01    -  1.00e+00 1.00e+00w  1
1577  9.9822821e-02 3.29e+00 1.31e+01 -11.0 2.30e-01    -  1.00e+00 1.00e+00w  1
1578  1.1911357e-02 1.89e-03 1.35e-01 -11.0 1.60e-01    -  1.00e+00 3.12e-02h  5
1579  1.1909498e-02 1.78e-03 1.20e-01 -11.0 2.29e-02    -  1.00e+00 6.25e-02h  5
iter    objective    inf_pr   inf_du lg(mu)  ||d||  lg(rg) alpha_du alpha_pr  ls
1580  1.1907528e-02 1.13e-03 7.55e-02 -11.0 2.30e-02    -  1.00e+00 5.00e-01h  2
1581  1.1904296e-02 1.11e-03 9.92e-02 -11.0 1.93e-01    -  1.00e+00 3.12e-02h  6
1582  1.1902407e-02 1.06e-03 1.08e-01 -11.0 6.27e-02    -  1.00e+00 6.25e-02h  5
1583  1.1900296e-02 1.01e-03 1.01e-01 -11.0 5.18e-02    -  1.00e+00 1.25e-01h  4
1584  1.1897801e-02 1.20e-03 1.14e-01 -11.0 3.54e-01    -  1.00e+00 3.12e-02h  6
1585  1.1896401e-02 2.02e-03 1.44e-01 -11.0 1.53e+00    -  1.00e+00 1.56e-02h  7
1586  1.1894974e-02 2.06e-03 1.65e-01 -11.0 1.28e+00    -  1.00e+00 7.81e-03h  8
1587  1.1892412e-02 3.10e-03 1.85e-01 -11.0 1.02e+00    -  1.00e+00 3.12e-02h  6
1588  4.6423513e-01 2.03e+01 7.57e+01 -11.0 9.14e+00    -  1.00e+00 1.00e+00w  1
1589  1.9258689e+01 2.84e+01 1.95e+02 -11.0 4.47e+00    -  1.00e+00 1.00e+00w  1
iter    objective    inf_pr   inf_du lg(mu)  ||d||  lg(rg) alpha_du alpha_pr  ls
1590  7.3181619e+08 5.16e+04 2.00e+04 -11.0 9.98e+03    -  1.00e+00 1.00e+00w  1
1591  1.1889522e-02 4.19e-03 2.33e-01 -11.0 9.98e+03    -  1.00e+00 3.91e-03h  8
1592  1.1888139e-02 3.95e-03 7.66e-02 -11.0 8.11e-02    -  1.00e+00 5.00e-01h  2
1593  1.1884274e-02 3.98e-03 9.91e-02 -11.0 1.81e+01    -  1.00e+00 4.88e-04h 12
1594  1.1891736e-02 3.70e-03 1.60e-01 -11.0 2.42e-01    -  1.00e+00 6.25e-02h  5
1595  1.1889530e-02 3.45e-03 1.22e-01 -11.0 8.04e-02    -  1.00e+00 6.25e-02h  5
1596  1.1887953e-02 2.84e-03 1.00e-01 -11.0 1.54e-01    -  1.00e+00 1.25e-01h  4
1597  1.1885651e-02 2.34e-03 8.58e-02 -11.0 7.74e-01    -  1.00e+00 6.25e-02h  5
1598  1.1867685e-02 3.13e-03 7.12e-02 -11.0 6.44e+00    -  1.00e+00 7.81e-03h  8
1599  1.1865993e-02 3.19e-03 5.37e-02 -11.0 4.28e+00    -  1.00e+00 3.91e-03h  9
iter    objective    inf_pr   inf_du lg(mu)  ||d||  lg(rg) alpha_du alpha_pr  ls
1600  1.1877274e-02 3.13e-03 2.77e-01 -11.0 5.28e-01    -  1.00e+00 3.12e-02h  6
1601  1.3261823e-02 1.87e-01 1.97e+00 -11.0 5.73e-01    -  1.00e+00 1.00e+00w  1
1602  1.8554610e-01 5.06e+00 1.09e+02 -11.0 3.49e+00    -  1.00e+00 1.00e+00w  1
1603  1.1766617e+00 6.34e+01 1.71e+02 -11.0 2.42e+00    -  1.00e+00 1.00e+00w  1
1604  1.1869703e-02 3.11e-03 1.76e-01 -11.0 4.72e+00    -  1.00e+00 6.25e-02h  4
1605  1.1883317e-02 3.19e-03 2.60e-01 -11.0 2.48e+00    -  1.00e+00 1.56e-02h  7
1606  1.1882340e-02 3.33e-03 2.56e-01 -11.0 2.15e-01    -  1.00e+00 3.12e-02h  6
1607  1.1868159e-02 3.49e-03 1.43e-01 -11.0 2.88e-01    -  1.00e+00 1.25e-01h  4
1608  1.1860265e-02 4.29e-03 1.06e-01 -11.0 2.54e+00    -  1.00e+00 1.56e-02h  7
1609  1.1855545e-02 4.35e-03 5.93e-02 -11.0 1.75e+00    -  1.00e+00 7.81e-03h  8
iter    objective    inf_pr   inf_du lg(mu)  ||d||  lg(rg) alpha_du alpha_pr  ls
1610  1.1855656e-02 4.21e-03 6.45e-02 -11.0 1.69e-01    -  1.00e+00 6.25e-02h  5
1611  1.1836703e-02 4.48e-03 2.19e-01 -11.0 2.91e-01    -  1.00e+00 2.50e-01h  3
1612  1.1823369e-02 5.31e-03 1.75e-01 -11.0 1.31e+01    -  1.00e+00 3.91e-03h  9
1613  1.1803127e-02 7.23e-03 2.60e-01 -11.0 5.30e+00    -  1.00e+00 1.56e-02h  7
1614  2.4249812e+00 4.49e+01 8.35e+01 -11.0 1.86e+01    -  1.00e+00 1.00e+00w  1
1615  1.0924134e+06 2.05e+03 8.89e+02 -11.0 4.45e+02    -  1.00e+00 1.00e+00w  1
1616  6.8340672e+01 8.55e+00 1.23e+03 -11.0 4.45e+02    -  1.00e+00 1.00e+00w  1
1617  1.1787333e-02 9.25e-03 3.40e-01 -11.0 5.45e+00    -  1.00e+00 3.91e-03h  8
1618  1.1775999e-02 8.89e-03 3.23e-01 -11.0 3.17e-01    -  1.00e+00 3.12e-02h  6
1619  1.1775156e-02 7.85e-03 2.54e-01 -11.0 5.58e-02    -  1.00e+00 1.25e-01h  4
iter    objective    inf_pr   inf_du lg(mu)  ||d||  lg(rg) alpha_du alpha_pr  ls
1620  1.1861511e-02 9.63e-04 2.53e-01 -11.0 1.18e-02    -  1.00e+00 1.00e+00h  1
1621  1.1749097e-02 2.31e-04 8.35e-02 -11.0 3.39e-03    -  1.00e+00 1.00e+00h  1
1622  1.1729063e-02 1.38e-04 2.07e-02 -11.0 3.93e-03    -  1.00e+00 1.00e+00h  1
1623  1.1727828e-02 1.00e-04 3.64e-02 -11.0 1.17e-02    -  1.00e+00 1.00e+00h  1
1624  1.1720175e-02 3.98e-04 3.84e-02 -11.0 7.89e-02    -  1.00e+00 2.50e-01h  3
1625  1.1718283e-02 9.92e-04 7.97e-02 -11.0 4.50e-01    -  1.00e+00 6.25e-02h  5
1626  1.1714178e-02 1.05e-03 9.36e-02 -11.0 3.12e-01    -  1.00e+00 3.12e-02h  6
1627  1.1708178e-02 8.45e-04 1.79e-01 -11.0 4.82e-02    -  1.00e+00 2.50e-01h  3
1628  1.1698818e-02 7.78e-04 1.57e-01 -11.0 7.23e-02    -  1.00e+00 1.25e-01h  4
1629  1.1684107e-02 1.35e-03 1.98e-01 -11.0 3.67e-01    -  1.00e+00 1.25e-01h  4
iter    objective    inf_pr   inf_du lg(mu)  ||d||  lg(rg) alpha_du alpha_pr  ls
1630  1.1675210e-02 1.38e-03 2.11e-01 -11.0 1.21e+00    -  1.00e+00 1.56e-02h  7
1631  1.1662885e-02 1.53e-03 2.30e-01 -11.0 6.24e-01    -  1.00e+00 3.12e-02h  6
1632  1.1632291e-02 4.95e-03 2.42e-01 -11.0 1.00e+00    -  1.00e+00 6.25e-02h  5
1633  1.1616741e-02 6.21e-03 3.04e-01 -11.0 6.23e+00    -  1.00e+00 7.81e-03h  8
1634  1.1093317e-01 3.93e+00 1.68e+01 -11.0 1.95e+00    -  1.00e+00 1.00e+00w  1
1635  1.6120814e-01 2.02e+00 9.91e+00 -11.0 1.05e+00    -  1.00e+00 1.00e+00w  1
1636  3.0984826e+00 1.13e+01 1.29e+02 -11.0 2.46e+00    -  1.00e+00 1.00e+00w  1
1637  1.1614772e-02 6.46e-03 2.82e-01 -11.0 1.93e+00    -  1.00e+00 1.56e-02h  6
1638  1.1614041e-02 5.89e-03 2.85e-01 -11.0 1.03e-01    -  1.00e+00 1.25e-01h  4
1639  1.1610573e-02 5.58e-03 2.09e-01 -11.0 3.78e-02    -  1.00e+00 6.25e-02h  5
iter    objective    inf_pr   inf_du lg(mu)  ||d||  lg(rg) alpha_du alpha_pr  ls
1640  1.1627282e-02 6.84e-04 1.30e-01 -11.0 2.19e-02    -  1.00e+00 1.00e+00h  1
1641  1.1617999e-02 9.10e-04 1.94e-01 -11.0 1.06e-01    -  1.00e+00 1.25e-01h  4
1642  1.1606167e-02 1.04e-03 1.98e-01 -11.0 2.68e-02    -  1.00e+00 6.25e-02h  5
1643  1.1575345e-02 3.56e-04 2.88e-02 -11.0 1.82e-02    -  1.00e+00 1.00e+00h  1
1644  1.1573102e-02 3.55e-04 9.05e-02 -11.0 6.11e-02    -  1.00e+00 3.12e-02h  6
1645  1.1571322e-02 1.24e-05 4.02e-02 -11.0 1.15e-03    -  1.00e+00 1.00e+00h  1
1646  1.1569521e-02 4.21e-06 2.44e-02 -11.0 7.22e-04    -  1.00e+00 1.00e+00h  1
1647  1.1567915e-02 1.02e-05 1.28e-02 -11.0 3.11e-03    -  1.00e+00 1.00e+00h  1
1648  1.1689515e-02 2.23e-06 3.38e-01 -11.0 4.32e-02    -  1.00e+00 1.00e+00H  1
1649  1.1684246e-02 3.86e-06 3.55e-01 -11.0 9.06e-02    -  1.00e+00 1.56e-02h  7
iter    objective    inf_pr   inf_du lg(mu)  ||d||  lg(rg) alpha_du alpha_pr  ls
1650  1.1675319e-02 5.28e-06 3.47e-01 -11.0 3.09e-02    -  1.00e+00 1.56e-02h  7
1651  1.1661836e-02 6.95e-06 3.18e-01 -11.0 2.72e-02    -  1.00e+00 3.12e-02h  6
1652  1.1837230e-02 3.40e-07 2.39e-01 -11.0 2.47e-02    -  1.00e+00 1.00e+00H  1
1653  1.1831237e-02 3.81e-07 2.39e-01 -11.0 2.90e-02    -  1.00e+00 7.81e-03h  8
1654  1.1714130e-02 1.72e-03 9.98e-02 -11.0 6.82e-02    -  1.00e+00 5.00e-01h  2
1655  1.1627961e-02 1.57e-03 7.49e-02 -11.0 8.88e-02    -  1.00e+00 2.50e-01h  3
1656  1.1634752e-02 1.23e-03 5.29e-02 -11.0 2.30e-02    -  1.00e+00 2.50e-01h  3
1657  1.1546759e-02 3.83e-04 4.73e-02 -11.0 1.64e-02    -  1.00e+00 1.00e+00h  1
1658  1.1545939e-02 3.73e-04 3.82e-02 -11.0 1.95e-02    -  1.00e+00 1.25e-01h  4
1659  1.1540321e-02 5.42e-06 1.76e-02 -11.0 1.75e-03    -  1.00e+00 1.00e+00h  1
iter    objective    inf_pr   inf_du lg(mu)  ||d||  lg(rg) alpha_du alpha_pr  ls
1660  1.1544164e-02 4.65e-07 3.15e-02 -11.0 2.99e-03    -  1.00e+00 1.00e+00H  1
1661  1.1537563e-02 8.82e-06 1.25e-02 -11.0 7.37e-04    -  1.00e+00 1.00e+00h  1
1662  1.1536460e-02 2.97e-06 1.00e-02 -11.0 4.62e-04    -  1.00e+00 1.00e+00h  1
1663  1.1535278e-02 5.54e-06 7.06e-03 -11.0 1.34e-03    -  1.00e+00 1.00e+00h  1
1664  1.1534630e-02 4.48e-04 6.35e-02 -11.0 6.05e-02    -  1.00e+00 2.50e-01h  3
1665  1.1533533e-02 4.57e-04 7.16e-02 -11.0 2.07e-01    -  1.00e+00 1.56e-02h  7
1666  1.1533017e-02 4.00e-04 6.31e-02 -11.0 1.87e-02    -  1.00e+00 1.25e-01h  4
1667  1.1530328e-02 2.49e-04 3.07e-02 -11.0 8.53e-03    -  1.00e+00 1.00e+00h  1
1668  1.1528585e-02 2.43e-04 1.86e-02 -11.0 1.90e-02    -  1.00e+00 1.25e-01h  4
1669  1.1529283e-02 4.02e-05 5.89e-02 -11.0 2.49e-03    -  1.00e+00 1.00e+00h  1
iter    objective    inf_pr   inf_du lg(mu)  ||d||  lg(rg) alpha_du alpha_pr  ls
1670  1.1523858e-02 8.47e-05 5.34e-02 -11.0 2.27e-03    -  1.00e+00 1.00e+00h  1
1671  1.1519894e-02 3.23e-05 5.28e-02 -11.0 5.90e-03    -  1.00e+00 1.00e+00h  1
1672  1.1518512e-02 3.61e-05 3.44e-02 -11.0 2.37e-02    -  1.00e+00 1.25e-01h  4
1673  1.1518688e-02 4.80e-05 4.11e-02 -11.0 2.64e-02    -  1.00e+00 1.25e-01h  4
1674  1.1522993e-02 1.19e-06 2.67e-02 -11.0 5.95e-03    -  1.00e+00 1.00e+00H  1
1675  1.1583386e-02 6.17e-08 1.31e-01 -11.0 9.24e-03    -  1.00e+00 1.00e+00H  1
1676  1.1522966e-02 6.17e-05 7.44e-02 -11.0 5.05e-03    -  1.00e+00 1.00e+00H  1
1677  1.1554351e-02 3.13e-08 8.62e-02 -11.0 9.83e-03    -  1.00e+00 1.00e+00H  1
1678  1.1530039e-02 1.86e-06 1.58e-01 -11.0 4.81e-03    -  1.00e+00 1.00e+00H  1
1679  1.1525058e-02 1.82e-07 1.89e-01 -11.0 2.62e-03    -  1.00e+00 1.00e+00H  1
iter    objective    inf_pr   inf_du lg(mu)  ||d||  lg(rg) alpha_du alpha_pr  ls
1680  1.1501000e-02 4.56e-05 1.79e-02 -11.0 1.48e-03    -  1.00e+00 1.00e+00h  1
1681  1.1500453e-02 9.43e-06 5.84e-03 -11.0 1.31e-03    -  1.00e+00 1.00e+00h  1
1682  1.1505606e-02 1.26e-06 1.56e-02 -11.0 1.09e-02    -  1.00e+00 1.00e+00H  1
1683  1.1504887e-02 2.13e-06 1.75e-02 -11.0 1.15e-01    -  1.00e+00 7.81e-03h  8
1684  1.1498473e-02 5.06e-04 3.87e-02 -11.0 3.19e-01    -  1.00e+00 6.25e-02h  5
1685  1.1493987e-02 7.51e-04 3.27e-02 -11.0 1.86e+00    -  1.00e+00 7.81e-03h  8
1686  1.1492273e-02 8.00e-04 4.51e-02 -11.0 3.04e-01    -  1.00e+00 3.12e-02h  6
1687  1.1489412e-02 8.78e-04 8.39e-02 -11.0 4.04e-01    -  1.00e+00 3.12e-02h  6
1688  1.1483592e-02 1.42e-03 6.72e-02 -11.0 5.57e-01    -  1.00e+00 6.25e-02h  5
1689  1.1482483e-02 1.64e-03 7.62e-02 -11.0 1.83e+00    -  1.00e+00 1.56e-02h  7
iter    objective    inf_pr   inf_du lg(mu)  ||d||  lg(rg) alpha_du alpha_pr  ls
1690  1.1473987e-02 1.93e-03 7.45e-02 -11.0 1.96e+00    -  1.00e+00 1.56e-02h  7
1691  1.1464357e-02 1.14e-02 2.09e-01 -11.0 1.09e+01    -  1.00e+00 1.56e-02h  7
1692  1.1455577e-02 1.18e-02 2.36e-01 -11.0 3.31e+01    -  1.00e+00 9.77e-04h 11
1693  2.7079374e-01 5.99e+00 1.49e+01 -11.0 3.22e+00    -  1.00e+00 1.00e+00w  1
1694  5.3203295e+00 4.05e+01 5.14e+01 -11.0 1.53e+00    -  1.00e+00 1.00e+00w  1
1695  5.2336763e+00 1.39e+02 2.43e+02 -11.0 1.31e+00    -  1.00e+00 1.00e+00w  1
1696  1.1452934e-02 1.18e-02 2.79e-01 -11.0 1.25e+00    -  1.00e+00 7.81e-03h  7
1697  1.1443341e-02 1.04e-02 2.11e-01 -11.0 1.20e-02    -  1.00e+00 1.25e-01h  4
1698  1.1473790e-02 3.98e-04 1.35e-01 -11.0 5.48e-03    -  1.00e+00 1.00e+00h  1
1699  1.1444803e-02 2.06e-04 1.98e-01 -11.0 3.88e-03    -  1.00e+00 1.00e+00h  1
iter    objective    inf_pr   inf_du lg(mu)  ||d||  lg(rg) alpha_du alpha_pr  ls
1700  1.1458156e-02 4.30e-04 9.90e-02 -11.0 3.53e-03    -  1.00e+00 1.00e+00h  1
1701  1.1407701e-02 2.86e-05 3.01e-02 -11.0 3.96e-03    -  1.00e+00 1.00e+00h  1
1702  1.1403118e-02 4.44e-05 2.31e-02 -11.0 1.56e-03    -  1.00e+00 1.00e+00h  1
1703  1.1391427e-02 7.55e-05 2.26e-02 -11.0 2.12e-03    -  1.00e+00 1.00e+00h  1
1704  1.1473555e-02 7.38e-07 4.93e-02 -11.0 1.21e-02    -  1.00e+00 1.00e+00H  1
1705  1.1381186e-02 1.03e-04 2.89e-02 -11.0 4.03e-03    -  1.00e+00 1.00e+00h  1
1706  1.1370755e-02 2.99e-04 1.52e-02 -11.0 2.39e-03    -  1.00e+00 1.00e+00h  1
1707  1.1369349e-02 4.74e-05 8.94e-03 -11.0 1.03e-03    -  1.00e+00 1.00e+00h  1
1708  1.1364061e-02 3.81e-05 1.19e-02 -11.0 2.01e-03    -  1.00e+00 1.00e+00h  1
1709  1.1491871e-02 2.55e-07 1.05e-01 -11.0 1.33e-02    -  1.00e+00 1.00e+00H  1
iter    objective    inf_pr   inf_du lg(mu)  ||d||  lg(rg) alpha_du alpha_pr  ls
1710  1.1457183e-02 3.78e-05 1.32e-01 -11.0 6.08e-03    -  1.00e+00 1.00e+00H  1
1711  1.1360313e-02 4.43e-04 5.83e-02 -11.0 4.86e-03    -  1.00e+00 1.00e+00h  1
1712  1.1363518e-02 1.41e-05 1.97e-02 -11.0 2.30e-03    -  1.00e+00 1.00e+00h  1
1713  1.1354518e-02 1.18e-05 4.72e-03 -11.0 1.69e-03    -  1.00e+00 1.00e+00h  1
1714  1.1353920e-02 1.00e-06 1.20e-03 -11.0 1.94e-04    -  1.00e+00 1.00e+00h  1
1715  1.1351441e-02 1.73e-03 6.46e-02 -11.0 9.48e-03    -  1.00e+00 1.00e+00h  1
1716  1.1350082e-02 1.73e-03 8.02e-02 -11.0 6.13e-02    -  1.00e+00 3.12e-02h  6
1717  1.1364170e-02 9.99e-08 1.12e-01 -11.0 1.07e-02    -  1.00e+00 1.00e+00H  1
1718  1.1363755e-02 2.18e-07 1.13e-01 -11.0 3.02e-02    -  1.00e+00 3.91e-03h  9
1719  1.1350960e-02 8.04e-05 1.02e-01 -11.0 7.69e-03    -  1.00e+00 2.50e-01h  3
iter    objective    inf_pr   inf_du lg(mu)  ||d||  lg(rg) alpha_du alpha_pr  ls
1720  1.1339445e-02 2.36e-04 1.16e-01 -11.0 2.56e-03    -  1.00e+00 1.00e+00h  1
1721  1.1340071e-02 2.46e-05 2.04e-02 -11.0 1.71e-03    -  1.00e+00 1.00e+00h  1
1722  1.1335010e-02 2.15e-05 9.82e-03 -11.0 1.16e-03    -  1.00e+00 1.00e+00h  1
1723  1.1333586e-02 2.44e-05 1.05e-02 -11.0 1.64e-03    -  1.00e+00 1.00e+00h  1
1724  1.1330031e-02 1.72e-03 1.07e-01 -11.0 2.17e-01    -  1.00e+00 6.25e-02h  5
1725  1.1329749e-02 1.76e-03 1.19e-01 -11.0 1.81e-01    -  1.00e+00 1.56e-02h  7
1726  1.1328716e-02 9.34e-04 9.17e-02 -11.0 4.11e-03    -  1.00e+00 5.00e-01h  2
1727  1.1326218e-02 8.06e-04 5.87e-02 -11.0 8.93e-03    -  1.00e+00 5.00e-01h  2
1728  1.1483945e-02 1.35e-07 1.76e-01 -11.0 1.55e-02    -  1.00e+00 1.00e+00H  1
1729  1.1335228e-02 7.22e-05 1.03e-01 -11.0 5.93e-03    -  1.00e+00 1.00e+00H  1
iter    objective    inf_pr   inf_du lg(mu)  ||d||  lg(rg) alpha_du alpha_pr  ls
1730  1.1331553e-02 2.54e-05 1.44e-01 -11.0 9.79e-03    -  1.00e+00 1.00e+00H  1
1731  1.1328149e-02 1.92e-04 8.65e-02 -11.0 1.32e-02    -  1.00e+00 1.25e-01h  4
1732  1.1324422e-02 5.85e-04 1.46e-02 -11.0 7.14e-03    -  1.00e+00 1.00e+00h  1
1733  1.1582941e-02 1.48e-06 1.45e-01 -11.0 1.35e-02    -  1.00e+00 1.00e+00H  1
1734  1.1324947e-02 1.92e-04 1.70e-02 -11.0 1.13e-02    -  1.00e+00 1.00e+00H  1
1735  1.1464742e-02 5.12e-06 1.03e-01 -11.0 6.95e-03    -  1.00e+00 1.00e+00H  1
1736  1.1317226e-02 7.29e-04 1.37e-02 -11.0 5.64e-03    -  1.00e+00 1.00e+00h  1
1737  1.1317261e-02 3.75e-04 1.93e-02 -11.0 1.93e-03    -  1.00e+00 5.00e-01h  2
1738  1.1316815e-02 1.49e-06 4.61e-03 -11.0 3.16e-04    -  1.00e+00 1.00e+00h  1
1739  1.1316520e-02 8.08e-07 5.48e-03 -11.0 2.23e-04    -  1.00e+00 1.00e+00h  1
iter    objective    inf_pr   inf_du lg(mu)  ||d||  lg(rg) alpha_du alpha_pr  ls
1740  1.1316149e-02 1.42e-06 5.14e-03 -11.0 5.31e-04    -  1.00e+00 1.00e+00h  1
1741  1.1314519e-02 1.37e-04 1.74e-02 -11.0 7.22e-02    -  1.00e+00 6.25e-02h  5
1742  1.1314205e-02 1.46e-04 2.45e-02 -11.0 8.26e-02    -  1.00e+00 3.12e-02h  6
1743  1.1314009e-02 1.40e-04 2.32e-02 -11.0 2.77e-02    -  1.00e+00 1.25e-01h  4
1744  1.1312324e-02 2.27e-04 3.06e-02 -11.0 4.30e-02    -  1.00e+00 1.25e-01h  4
1745  1.1311320e-02 2.94e-04 4.18e-02 -11.0 2.12e-01    -  1.00e+00 3.12e-02h  6
1746  1.1309768e-02 4.01e-04 4.22e-02 -11.0 2.70e-01    -  1.00e+00 3.12e-02h  6
1747  1.1305583e-02 9.31e-04 3.49e-02 -11.0 3.37e-01    -  1.00e+00 6.25e-02h  5
1748  1.1305322e-02 9.74e-04 3.34e-02 -11.0 8.62e-01    -  1.00e+00 7.81e-03h  8
1749  1.1304796e-02 9.69e-04 3.68e-02 -11.0 1.82e-01    -  1.00e+00 3.12e-02h  6
iter    objective    inf_pr   inf_du lg(mu)  ||d||  lg(rg) alpha_du alpha_pr  ls
1750  1.1304642e-02 9.87e-04 4.53e-02 -11.0 1.54e-01    -  1.00e+00 6.25e-02h  5
1751  1.3483246e-02 5.11e-02 3.95e-01 -11.0 1.19e-01    -  1.00e+00 1.00e+00w  1
1752  1.1789781e-02 4.18e-02 2.81e-01 -11.0 7.52e-02    -  1.00e+00 1.00e+00w  1
1753  5.8051184e-02 2.45e-01 4.33e+00 -11.0 4.29e-01    -  1.00e+00 1.00e+00w  1
1754  1.1304443e-02 1.02e-03 4.99e-02 -11.0 2.46e-01    -  1.00e+00 6.25e-02h  4
1755  1.1305330e-02 8.91e-04 2.24e-02 -11.0 2.43e-02    -  1.00e+00 2.50e-01h  3
1756  1.1299773e-02 1.17e-03 4.33e-02 -11.0 7.29e-02    -  1.00e+00 1.25e-01h  4
1757  1.1297887e-02 1.38e-03 4.91e-02 -11.0 4.89e-01    -  1.00e+00 1.56e-02h  7
1758  1.1297374e-02 1.33e-03 3.27e-02 -11.0 4.48e-02    -  1.00e+00 6.25e-02h  5
1759  1.1571827e-02 5.24e-07 2.36e-01 -11.0 1.16e-02    -  1.00e+00 1.00e+00H  1
iter    objective    inf_pr   inf_du lg(mu)  ||d||  lg(rg) alpha_du alpha_pr  ls
1760  1.1293158e-02 1.29e-03 2.38e-02 -11.0 1.08e-02    -  1.00e+00 1.00e+00h  1
1761  1.1296685e-02 1.78e-05 3.56e-02 -11.0 1.04e-03    -  1.00e+00 1.00e+00h  1
1762  1.1291319e-02 5.49e-06 4.60e-03 -11.0 8.45e-04    -  1.00e+00 1.00e+00h  1
1763  1.1291146e-02 3.16e-07 2.35e-03 -11.0 5.22e-04    -  1.00e+00 1.00e+00h  1
1764  1.1292705e-02 2.07e-07 3.04e-02 -11.0 1.31e-02    -  1.00e+00 1.00e+00H  1
1765  1.1292560e-02 1.96e-07 2.97e-02 -11.0 3.51e-01    -  1.00e+00 9.77e-04h 11
1766  1.1289629e-02 1.19e-04 2.35e-02 -11.0 2.01e-01    -  1.00e+00 6.25e-02h  5
1767  1.1289556e-02 3.64e-04 5.10e-02 -11.0 1.56e+00    -  1.00e+00 1.56e-02h  7
1768  1.1288091e-02 3.78e-04 6.05e-02 -11.0 6.55e-01    -  1.00e+00 7.81e-03h  8
1769  1.1271129e-02 3.96e-03 1.52e-01 -11.0 2.92e+00    -  1.00e+00 3.12e-02h  6
iter    objective    inf_pr   inf_du lg(mu)  ||d||  lg(rg) alpha_du alpha_pr  ls
1770  1.1268275e-02 5.04e-03 2.12e-01 -11.0 2.23e+01    -  1.00e+00 1.95e-03h 10
1771  1.1255511e-02 5.91e-03 1.73e-01 -11.0 5.25e+00    -  1.00e+00 7.81e-03h  8
1772  1.1253678e-02 1.23e-02 2.05e-01 -11.0 2.49e+01    -  1.00e+00 3.91e-03h  9
1773  1.1244082e-02 1.29e-02 2.19e-01 -11.0 5.69e+01    -  1.00e+00 4.88e-04h 12
1774  1.1247149e-02 1.31e-02 2.20e-01 -11.0 2.95e+00    -  1.00e+00 7.81e-03h  8
1775  2.4369190e-02 1.42e-01 3.95e-01 -11.0 5.74e-01    -  1.00e+00 1.00e+00w  1
1776  1.0384611e-01 2.50e+00 1.39e+01 -11.0 1.02e+00    -  1.00e+00 1.00e+00w  1
1777  5.2819712e-01 4.43e+00 1.39e+01 -11.0 8.95e-01    -  1.00e+00 1.00e+00w  1
1778  1.1238421e-02 1.29e-02 2.29e-01 -11.0 4.42e-01    -  1.00e+00 3.12e-02h  5
1779  1.1259368e-02 7.02e-03 2.12e-01 -11.0 3.92e-02    -  1.00e+00 5.00e-01h  2
iter    objective    inf_pr   inf_du lg(mu)  ||d||  lg(rg) alpha_du alpha_pr  ls
1780  1.1269168e-02 5.42e-03 1.80e-01 -11.0 1.78e-02    -  1.00e+00 2.50e-01h  3
1781  1.1253306e-02 3.36e-04 1.09e-01 -11.0 8.30e-03    -  1.00e+00 1.00e+00h  1
1782  1.1241729e-02 4.52e-04 9.86e-02 -11.0 4.96e-03    -  1.00e+00 1.00e+00h  1
1783  1.1198465e-02 1.56e-04 2.61e-01 -11.0 5.75e-03    -  1.00e+00 1.00e+00h  1
1784  1.1201557e-02 7.98e-07 7.07e-02 -11.0 3.28e-03    -  1.00e+00 1.00e+00H  1
1785  1.1189172e-02 1.64e-04 6.55e-02 -11.0 5.79e-03    -  1.00e+00 1.00e+00h  1
1786  1.1310456e-02 3.54e-08 5.22e-01 -11.0 8.39e-03    -  1.00e+00 1.00e+00H  1
1787  1.1180435e-02 3.29e-04 2.52e-02 -11.0 6.74e-03    -  1.00e+00 1.00e+00h  1
1788  1.1180441e-02 1.70e-05 1.91e-02 -11.0 1.25e-03    -  1.00e+00 1.00e+00h  1
1789  1.1174392e-02 1.13e-05 1.57e-02 -11.0 6.91e-04    -  1.00e+00 1.00e+00h  1
iter    objective    inf_pr   inf_du lg(mu)  ||d||  lg(rg) alpha_du alpha_pr  ls
1790  1.1173233e-02 2.65e-06 9.98e-03 -11.0 6.73e-04    -  1.00e+00 1.00e+00h  1
1791  1.1171768e-02 1.58e-04 6.58e-02 -11.0 3.50e-02    -  1.00e+00 1.25e-01h  4
1792  1.1170619e-02 1.57e-04 7.95e-02 -11.0 1.64e-02    -  1.00e+00 6.25e-02h  5
1793  1.1167450e-02 2.98e-04 4.76e-02 -11.0 2.56e-03    -  1.00e+00 1.00e+00h  1
1794  1.1170762e-02 1.67e-04 3.98e-02 -11.0 2.52e-03    -  1.00e+00 5.00e-01h  2
1795  1.1163884e-02 8.28e-05 1.05e-02 -11.0 1.07e-03    -  1.00e+00 1.00e+00h  1
1796  1.1163711e-02 3.19e-05 1.26e-02 -11.0 6.56e-04    -  1.00e+00 1.00e+00h  1
1797  1.1162995e-02 3.25e-06 5.61e-03 -11.0 4.49e-04    -  1.00e+00 1.00e+00h  1
1798  1.1162317e-02 1.79e-05 1.40e-02 -11.0 1.73e-03    -  1.00e+00 1.00e+00h  1
1799  1.1169914e-02 7.58e-08 6.22e-02 -11.0 1.53e-02    -  1.00e+00 1.00e+00H  1
iter    objective    inf_pr   inf_du lg(mu)  ||d||  lg(rg) alpha_du alpha_pr  ls
1800  1.1169270e-02 9.35e-07 6.44e-02 -11.0 1.29e-01    -  1.00e+00 3.91e-03h  9
1801  1.1168500e-02 1.03e-06 6.47e-02 -11.0 1.04e-02    -  1.00e+00 1.56e-02h  7
1802  1.1156423e-02 2.21e-04 2.71e-02 -11.0 3.75e-03    -  1.00e+00 1.00e+00h  1
1803  1.1155225e-02 1.41e-04 4.84e-02 -11.0 3.34e-03    -  1.00e+00 5.00e-01h  2
1804  1.1145755e-02 1.31e-04 1.16e-02 -11.0 4.42e-03    -  1.00e+00 1.00e+00h  1
1805  1.1145649e-02 1.39e-04 5.16e-02 -11.0 1.36e-02    -  1.00e+00 2.50e-01h  3
1806  1.1143604e-02 3.09e-04 4.09e-02 -11.0 3.53e-02    -  1.00e+00 2.50e-01h  3
1807  1.1139978e-02 1.10e-03 6.28e-02 -11.0 5.09e-01    -  1.00e+00 3.12e-02h  6
1808  1.1138339e-02 1.20e-03 5.57e-02 -11.0 7.22e-01    -  1.00e+00 7.81e-03h  8
1809  1.1138096e-02 1.19e-03 4.42e-02 -11.0 6.29e-02    -  1.00e+00 6.25e-02h  5
iter    objective    inf_pr   inf_du lg(mu)  ||d||  lg(rg) alpha_du alpha_pr  ls
1810  1.1136365e-02 1.09e-03 4.81e-02 -11.0 2.65e-02    -  1.00e+00 1.25e-01h  4
1811  1.1141656e-02 8.59e-04 3.54e-02 -11.0 1.17e-02    -  1.00e+00 2.50e-01h  3
1812  1.1132503e-02 3.50e-04 2.11e-02 -11.0 8.00e-03    -  1.00e+00 1.00e+00h  1
1813  1.1134354e-02 3.37e-04 7.51e-02 -11.0 2.27e-02    -  1.00e+00 6.25e-02h  5
1814  1.1129909e-02 4.52e-05 8.75e-03 -11.0 2.08e-03    -  1.00e+00 1.00e+00h  1
1815  1.1133551e-02 4.00e-05 9.67e-03 -11.0 1.85e-03    -  1.00e+00 1.00e+00h  1
1816  1.1127467e-02 1.78e-05 9.00e-03 -11.0 1.40e-03    -  1.00e+00 1.00e+00h  1
1817  1.1126923e-02 1.83e-05 2.86e-02 -11.0 1.45e-03    -  1.00e+00 1.00e+00h  1
1818  1.1126756e-02 1.85e-04 3.46e-02 -11.0 6.23e-03    -  1.00e+00 1.00e+00h  1
1819  1.1125769e-02 1.78e-04 2.53e-02 -11.0 2.63e-02    -  1.00e+00 6.25e-02h  5
iter    objective    inf_pr   inf_du lg(mu)  ||d||  lg(rg) alpha_du alpha_pr  ls
1820  1.1124813e-02 3.45e-04 3.84e-02 -11.0 1.87e-02    -  1.00e+00 2.50e-01h  3
1821  1.1123183e-02 3.89e-04 3.49e-02 -11.0 3.59e-02    -  1.00e+00 6.25e-02h  5
1822  1.1171722e-02 1.20e-07 1.57e-01 -11.0 9.46e-03    -  1.00e+00 1.00e+00H  1
1823  1.1191197e-02 4.69e-08 1.06e-01 -11.0 8.09e-03    -  1.00e+00 1.00e+00H  1
1824  1.1153124e-02 1.06e-05 4.35e-02 -11.0 6.42e-03    -  1.00e+00 1.00e+00H  1
1825  1.1141308e-02 2.82e-06 3.53e-02 -11.0 3.20e-03    -  1.00e+00 1.00e+00H  1
1826  1.1117277e-02 1.86e-04 2.35e-02 -11.0 2.17e-03    -  1.00e+00 1.00e+00h  1
1827  1.1114017e-02 6.98e-06 4.41e-03 -11.0 5.34e-04    -  1.00e+00 1.00e+00h  1
1828  1.1113494e-02 2.80e-06 7.54e-03 -11.0 3.93e-04    -  1.00e+00 1.00e+00h  1
1829  1.1113557e-02 9.68e-08 3.05e-02 -11.0 2.36e-03    -  1.00e+00 1.00e+00H  1
iter    objective    inf_pr   inf_du lg(mu)  ||d||  lg(rg) alpha_du alpha_pr  ls
1830  1.1157315e-02 1.80e-08 3.71e-02 -11.0 1.23e-02    -  1.00e+00 1.00e+00H  1
1831  1.1150265e-02 2.56e-08 2.21e-03 -11.0 4.04e-03    -  1.00e+00 1.00e+00H  1
1832  1.1116436e-02 6.57e-08 4.07e-02 -11.0 1.10e-02    -  1.00e+00 1.00e+00H  1
1833  1.1113035e-02 1.62e-05 3.61e-02 -11.0 9.40e-03    -  1.00e+00 6.25e-02h  5
1834  1.1108787e-02 2.73e-05 1.10e-02 -11.0 2.97e-03    -  1.00e+00 1.00e+00h  1
1835  1.1131566e-02 2.07e-08 8.46e-02 -11.0 1.55e-02    -  1.00e+00 1.00e+00H  1
1836  1.1131320e-02 3.19e-08 8.51e-02 -11.0 2.58e-02    -  1.00e+00 3.91e-03h  9
1837  1.1130901e-02 2.91e-08 8.47e-02 -11.0 1.81e-02    -  1.00e+00 1.95e-03h 10
1838  1.1130221e-02 4.50e-08 8.36e-02 -11.0 5.84e-03    -  1.00e+00 7.81e-03h  8
1839  1.1109497e-02 3.07e-06 2.56e-02 -11.0 4.30e-03    -  1.00e+00 1.00e+00H  1
iter    objective    inf_pr   inf_du lg(mu)  ||d||  lg(rg) alpha_du alpha_pr  ls
1840  1.1112863e-02 5.32e-07 3.30e-02 -11.0 2.11e-03    -  1.00e+00 1.00e+00H  1
1841  1.1103707e-02 2.77e-05 7.63e-03 -11.0 1.46e-03    -  1.00e+00 1.00e+00h  1
1842  1.1103446e-02 3.86e-06 6.87e-03 -11.0 3.05e-04    -  1.00e+00 1.00e+00h  1
1843  1.1103065e-02 4.55e-07 3.77e-03 -11.0 2.69e-04    -  1.00e+00 1.00e+00h  1
1844  1.1105783e-02 2.69e-07 3.45e-02 -11.0 2.52e-03    -  1.00e+00 1.00e+00H  1
1845  1.1103269e-02 9.55e-08 5.90e-02 -11.0 1.29e-03    -  1.00e+00 1.00e+00H  1
1846  1.1105448e-02 3.89e-08 4.17e-02 -11.0 1.49e-03    -  1.00e+00 1.00e+00H  1
1847  1.1100313e-02 9.01e-05 5.22e-03 -11.0 7.64e-04    -  1.00e+00 1.00e+00h  1
1848  1.1100146e-02 5.68e-07 3.50e-03 -11.0 3.52e-04    -  1.00e+00 1.00e+00h  1
1849  1.1099972e-02 2.35e-05 1.95e-02 -11.0 1.78e-02    -  1.00e+00 1.25e-01h  4
iter    objective    inf_pr   inf_du lg(mu)  ||d||  lg(rg) alpha_du alpha_pr  ls
1850  1.1173329e-02 4.59e-08 1.74e-01 -11.0 1.89e-02    -  1.00e+00 1.00e+00H  1
1851  1.1122705e-02 4.45e-08 1.19e-01 -11.0 7.65e-03    -  1.00e+00 1.00e+00H  1
1852  1.1122448e-02 4.78e-08 1.19e-01 -11.0 1.46e-02    -  1.00e+00 1.95e-03h 10
1853  1.1124529e-02 1.33e-08 3.12e-03 -11.0 7.96e-03    -  1.00e+00 1.00e+00H  1
1854  1.1123452e-02 5.03e-08 3.06e-03 -11.0 1.03e-02    -  1.00e+00 7.81e-03h  8
1855  1.1097131e-02 6.56e-05 3.39e-02 -11.0 3.83e-03    -  1.00e+00 1.00e+00h  1
1856  1.1096257e-02 4.58e-05 3.03e-02 -11.0 1.65e-03    -  1.00e+00 5.00e-01h  2
1857  1.1095266e-02 3.29e-06 1.06e-02 -11.0 4.65e-04    -  1.00e+00 1.00e+00h  1
1858  1.1095118e-02 1.49e-06 1.22e-02 -11.0 2.41e-04    -  1.00e+00 1.00e+00h  1
1859  1.1094891e-02 9.96e-08 7.83e-04 -11.0 1.68e-04    -  1.00e+00 1.00e+00h  1
iter    objective    inf_pr   inf_du lg(mu)  ||d||  lg(rg) alpha_du alpha_pr  ls
1860  1.1094458e-02 2.94e-06 8.59e-03 -11.0 8.02e-04    -  1.00e+00 1.00e+00h  1
1861  1.1100835e-02 1.86e-07 5.13e-02 -11.0 7.59e-03    -  1.00e+00 1.00e+00H  1
1862  1.1136346e-02 2.32e-08 2.56e-03 -11.0 3.39e-03    -  1.00e+00 1.00e+00H  1
1863  1.1092952e-02 4.82e-04 1.41e-02 -11.0 6.51e-03    -  1.00e+00 1.00e+00h  1
1864  1.1092393e-02 3.66e-04 1.24e-02 -11.0 2.47e-03    -  1.00e+00 2.50e-01h  3
1865  1.1091067e-02 2.08e-05 1.52e-02 -11.0 1.82e-03    -  1.00e+00 1.00e+00h  1
1866  1.1090607e-02 9.62e-05 1.86e-02 -11.0 5.40e-02    -  1.00e+00 6.25e-02h  5
1867  1.1090207e-02 1.15e-04 1.99e-02 -11.0 5.59e-02    -  1.00e+00 3.12e-02h  6
1868  1.1089870e-02 2.59e-04 3.75e-02 -11.0 4.19e-02    -  1.00e+00 1.25e-01h  4
1869  1.1089505e-02 2.74e-04 4.02e-02 -11.0 7.89e-02    -  1.00e+00 3.12e-02h  6
iter    objective    inf_pr   inf_du lg(mu)  ||d||  lg(rg) alpha_du alpha_pr  ls
1870  1.1088983e-02 3.46e-04 4.73e-02 -11.0 5.70e-02    -  1.00e+00 1.25e-01h  4
1871  1.1086956e-02 3.38e-04 5.19e-02 -11.0 1.80e-01    -  1.00e+00 3.12e-02h  6
1872  1.1085675e-02 3.11e-04 4.63e-02 -11.0 1.75e-01    -  1.00e+00 6.25e-02h  5
1873  1.1083403e-02 3.41e-04 4.87e-02 -11.0 2.41e-01    -  1.00e+00 3.12e-02h  6
1874  1.1083129e-02 7.76e-04 1.19e-01 -11.0 3.30e-01    -  1.00e+00 1.25e-01h  4
1875  1.1078757e-02 3.78e-03 6.23e-02 -11.0 3.31e+00    -  1.00e+00 1.56e-02h  7
1876  4.4949399e-01 2.29e+01 6.82e+01 -11.0 1.27e+01    -  1.00e+00 1.00e+00w  1
1877  3.5850705e+04 2.90e+02 2.21e+02 -11.0 1.11e+02    -  1.00e+00 1.00e+00w  1
1878  1.3878604e+02 1.20e+01 2.00e+03 -11.0 1.12e+02    -  1.00e+00 1.00e+00w  1
1879  1.1058316e-02 1.56e-02 3.39e-02 -11.0 3.64e+00    -  1.00e+00 7.81e-03h  7
iter    objective    inf_pr   inf_du lg(mu)  ||d||  lg(rg) alpha_du alpha_pr  ls
1880  1.1053715e-02 1.51e-02 1.07e-01 -11.0 1.62e-01    -  1.00e+00 3.12e-02h  6
1881  1.1062964e-02 8.01e-03 7.04e-02 -11.0 2.26e-02    -  1.00e+00 5.00e-01h  2
1882  1.1042487e-02 5.84e-03 6.18e-02 -11.0 9.12e-02    -  1.00e+00 2.50e-01h  3
1883  1.1037953e-02 5.57e-03 6.67e-02 -11.0 1.40e-01    -  1.00e+00 6.25e-02h  5
1884  1.1029691e-02 2.99e-03 7.71e-02 -11.0 2.83e-02    -  1.00e+00 5.00e-01h  2
1885  1.1692496e-02 7.70e-04 5.20e-01 -11.0 2.00e-02    -  1.00e+00 1.00e+00H  1
1886  1.1098820e-02 9.22e-04 2.92e-01 -11.0 8.97e-03    -  1.00e+00 1.00e+00h  1
1887  1.1010056e-02 6.47e-04 3.02e-01 -11.0 5.82e-03    -  1.00e+00 1.00e+00h  1
1888  1.0983269e-02 7.78e-05 4.52e-02 -11.0 4.40e-03    -  1.00e+00 1.00e+00h  1
1889  1.0990933e-02 6.49e-05 8.62e-02 -11.0 5.30e-03    -  1.00e+00 1.00e+00h  1
iter    objective    inf_pr   inf_du lg(mu)  ||d||  lg(rg) alpha_du alpha_pr  ls
1890  1.0983523e-02 5.92e-05 3.26e-02 -11.0 4.28e-03    -  1.00e+00 1.00e+00h  1
1891  1.1006717e-02 4.96e-06 4.24e-02 -11.0 2.68e-03    -  1.00e+00 1.00e+00H  1
1892  1.0976704e-02 1.98e-04 1.46e-02 -11.0 1.90e-03    -  1.00e+00 1.00e+00h  1
1893  1.0975236e-02 7.68e-07 3.95e-03 -11.0 1.26e-03    -  1.00e+00 1.00e+00h  1
1894  1.0972738e-02 3.23e-04 8.98e-02 -11.0 4.61e-01    -  1.00e+00 6.25e-02h  5
1895  1.0971675e-02 3.75e-04 1.10e-01 -11.0 1.89e+00    -  1.00e+00 7.81e-03h  8
1896  1.0970035e-02 3.79e-04 1.33e-01 -11.0 5.32e-01    -  1.00e+00 1.56e-02h  7
1897  1.0969204e-02 4.90e-04 7.97e-02 -11.0 1.11e+00    -  1.00e+00 1.56e-02h  7
1898  1.0965328e-02 5.77e-04 1.12e-01 -11.0 6.20e-01    -  1.00e+00 3.12e-02h  6
1899  1.0957922e-02 1.51e-03 1.41e-01 -11.0 7.53e+00    -  1.00e+00 7.81e-03h  8
iter    objective    inf_pr   inf_du lg(mu)  ||d||  lg(rg) alpha_du alpha_pr  ls
1900  1.0954516e-02 1.90e-03 1.91e-01 -11.0 9.65e+00    -  1.00e+00 3.91e-03h  9
1901  1.0952783e-02 2.02e-03 1.74e-01 -11.0 4.37e-01    -  1.00e+00 7.81e-03h  8
1902  1.0939646e-02 3.17e-04 9.77e-02 -11.0 5.37e-03    -  1.00e+00 1.00e+00h  1
1903  1.1008664e-02 1.35e-06 1.53e-01 -11.0 4.00e-02    -  1.00e+00 1.00e+00H  1
1904  1.1007089e-02 2.48e-06 1.52e-01 -11.0 4.10e-01    -  1.00e+00 3.91e-03h  9
1905  1.1005371e-02 2.67e-06 1.48e-01 -11.0 1.25e+00    -  1.00e+00 2.44e-04h 13
1906  1.1003303e-02 2.71e-06 1.49e-01 -11.0 2.70e-01    -  1.00e+00 3.91e-03h  9
1907  1.0969924e-02 1.00e-04 1.22e-01 -11.0 4.25e+00    -  1.00e+00 3.91e-03h  9
1908  1.0945361e-02 7.49e-04 1.96e-01 -11.0 5.27e+00    -  1.00e+00 7.81e-03h  8
1909  1.0929126e-02 1.05e-03 1.87e-01 -11.0 4.33e+00    -  1.00e+00 7.81e-03h  8
iter    objective    inf_pr   inf_du lg(mu)  ||d||  lg(rg) alpha_du alpha_pr  ls
1910  1.0903700e-02 3.06e-02 1.21e-01 -11.0 2.02e+01    -  1.00e+00 1.56e-02h  7
1911  1.0924316e-02 3.00e-02 5.50e-02 -11.0 3.86e+00    -  1.00e+00 1.95e-03h 10
1912  1.0854595e-02 1.81e-02 1.01e-01 -11.0 2.24e-01    -  1.00e+00 1.00e+00h  1
1913  1.0847006e-02 1.81e-02 9.54e-02 -11.0 9.10e+00    -  1.00e+00 3.91e-03h  9
1914  1.0822035e-02 1.78e-02 1.39e-01 -11.0 1.06e+00    -  1.00e+00 6.25e-02h  5
1915  1.0808601e-02 4.24e-02 2.58e-01 -11.0 2.24e+01    -  1.00e+00 1.56e-02h  7
1916  1.0799323e-02 4.60e-02 3.52e-01 -11.0 1.56e+02    -  1.00e+00 9.77e-04h 11
1917  1.0771319e-02 4.85e-02 2.93e-01 -11.0 1.85e+01    -  1.00e+00 1.95e-03h 10
1918  1.0734143e-02 4.83e-02 3.66e-01 -11.0 1.17e+01    -  1.00e+00 1.56e-02h  7
1919  1.0697684e-02 4.93e-02 2.71e-01 -11.0 4.24e+01    -  1.00e+00 9.77e-04h 11
iter    objective    inf_pr   inf_du lg(mu)  ||d||  lg(rg) alpha_du alpha_pr  ls
1920  1.0651077e-02 4.95e-02 2.67e-01 -11.0 4.73e+00    -  1.00e+00 7.81e-03h  8
1921  1.0623011e-02 5.45e-02 2.69e-01 -11.0 7.02e+00    -  1.00e+00 1.56e-02h  7
1922  1.0564167e-02 6.25e-02 3.14e-01 -11.0 1.05e+02    -  1.00e+00 9.77e-04h 11
1923  1.4947696e+01 3.10e+01 6.63e+01 -11.0 2.15e+01    -  1.00e+00 1.00e+00w  1
1924  4.2691443e+01 1.35e+01 9.97e+00 -11.0 7.93e+00    -  1.00e+00 1.00e+00w  1
1925  6.4643240e+01 5.50e+00 1.97e+01 -11.0 4.28e+00    -  1.00e+00 1.00e+00w  1
1926  1.0562054e-02 6.44e-02 2.80e-01 -11.0 2.03e+00    -  1.00e+00 1.95e-03h  9
1927  1.0549463e-02 6.44e-02 3.00e-01 -11.0 2.67e+00    -  1.00e+00 3.91e-03h  9
1928  1.0617312e-02 5.50e-02 1.07e-01 -11.0 7.98e-02    -  1.00e+00 1.25e-01h  4
1929  1.0663973e-02 2.91e-02 8.90e-02 -11.0 8.83e-02    -  1.00e+00 5.00e-01h  2
iter    objective    inf_pr   inf_du lg(mu)  ||d||  lg(rg) alpha_du alpha_pr  ls
1930  1.0648412e-02 2.77e-02 1.11e-01 -11.0 3.08e-01    -  1.00e+00 3.12e-02h  6
1931  1.0687127e-02 1.39e-02 1.85e-01 -11.0 3.26e-02    -  1.00e+00 5.00e-01h  2
1932  1.0949640e-02 5.70e-03 1.94e-01 -11.0 3.77e-02    -  1.00e+00 1.00e+00h  1
1933  1.1670885e-02 1.83e-03 5.18e-01 -11.0 5.62e-02    -  1.00e+00 5.00e-01h  2
1934  1.0881481e-02 2.26e-03 9.81e-01 -11.0 2.02e-02    -  1.00e+00 1.00e+00h  1
1935  1.1277549e-02 2.20e-03 8.28e-01 -11.0 1.38e-02    -  1.00e+00 1.00e+00h  1
1936  1.0625646e-02 1.15e-03 4.12e-01 -11.0 9.15e-03    -  1.00e+00 1.00e+00h  1
1937  1.0631467e-02 1.15e-04 2.52e-01 -11.0 3.59e-03    -  1.00e+00 1.00e+00h  1
1938  1.0620157e-02 1.62e-05 1.25e-01 -11.0 1.15e-03    -  1.00e+00 1.00e+00h  1
1939  1.0615691e-02 1.96e-05 1.08e-02 -11.0 1.48e-03    -  1.00e+00 1.00e+00h  1
iter    objective    inf_pr   inf_du lg(mu)  ||d||  lg(rg) alpha_du alpha_pr  ls
1940  1.0608763e-02 2.63e-04 6.02e-02 -11.0 5.68e-03    -  1.00e+00 1.00e+00h  1
1941  1.0599908e-02 7.21e-04 1.43e-01 -11.0 5.48e-02    -  1.00e+00 1.25e-01h  4
1942  1.0593600e-02 9.52e-04 1.13e-01 -11.0 3.23e-02    -  1.00e+00 1.25e-01h  4
1943  1.0589649e-02 9.91e-04 1.25e-01 -11.0 4.12e-02    -  1.00e+00 6.25e-02h  5
1944  1.0596646e-02 2.22e-04 1.74e-01 -11.0 1.05e-02    -  1.00e+00 1.00e+00H  1
1945  1.0588414e-02 4.16e-04 2.81e-01 -11.0 7.79e-02    -  1.00e+00 6.25e-02h  5
1946  1.0576556e-02 4.09e-04 1.34e-01 -11.0 4.15e-02    -  1.00e+00 1.25e-01h  4
1947  1.0571443e-02 2.68e-04 6.02e-02 -11.0 1.68e-02    -  1.00e+00 2.50e-01h  3
1948  1.0579639e-02 2.23e-04 3.06e-01 -11.0 6.38e-03    -  1.00e+00 1.00e+00h  1
1949  1.0574778e-02 5.98e-06 1.63e-01 -11.0 5.12e-03    -  1.00e+00 1.00e+00H  1
iter    objective    inf_pr   inf_du lg(mu)  ||d||  lg(rg) alpha_du alpha_pr  ls
1950  1.0574379e-02 1.00e-05 6.61e-02 -11.0 3.13e-03    -  1.00e+00 1.00e+00H  1
1951  1.0554940e-02 1.06e-04 1.32e-02 -11.0 2.48e-03    -  1.00e+00 1.00e+00h  1
1952  1.0554628e-02 2.13e-05 2.19e-02 -11.0 8.10e-04    -  1.00e+00 1.00e+00h  1
1953  1.0552987e-02 1.65e-06 6.31e-03 -11.0 3.89e-04    -  1.00e+00 1.00e+00h  1
1954  1.0552480e-02 3.07e-06 4.77e-03 -11.0 2.98e-04    -  1.00e+00 1.00e+00h  1
1955  1.0550825e-02 1.01e-04 3.58e-02 -11.0 2.82e-03    -  1.00e+00 1.00e+00h  1
1956  1.0549106e-02 1.75e-04 4.82e-02 -11.0 4.27e-02    -  1.00e+00 6.25e-02h  5
1957  1.0547637e-02 2.10e-04 7.03e-02 -11.0 1.54e-02    -  1.00e+00 1.25e-01h  4
1958  1.0546496e-02 2.16e-04 8.64e-02 -11.0 2.36e-02    -  1.00e+00 6.25e-02h  5
1959  1.0581001e-02 1.23e-07 1.12e-01 -11.0 9.74e-03    -  1.00e+00 1.00e+00H  1
iter    objective    inf_pr   inf_du lg(mu)  ||d||  lg(rg) alpha_du alpha_pr  ls
1960  1.0579128e-02 1.54e-06 1.05e-01 -11.0 2.28e-02    -  1.00e+00 1.56e-02h  7
1961  1.0578858e-02 1.56e-06 1.06e-01 -11.0 4.37e-02    -  1.00e+00 9.77e-04h 11
1962  1.0578675e-02 1.56e-06 1.06e-01 -11.0 4.67e-02    -  1.00e+00 4.88e-04h 12
1963  1.0577856e-02 1.62e-06 1.06e-01 -11.0 2.09e-02    -  1.00e+00 3.91e-03h  9
1964  1.0570632e-02 2.16e-03 5.02e-02 -11.0 1.25e-02    -  1.00e+00 1.00e+00h  1
1965  1.0564172e-02 1.64e-03 1.52e-01 -11.0 9.78e-03    -  1.00e+00 2.50e-01h  3
1966  1.0537283e-02 5.94e-04 1.07e-01 -11.0 6.46e-03    -  1.00e+00 1.00e+00h  1
1967  1.0550788e-02 3.26e-04 1.84e-01 -11.0 4.05e-03    -  1.00e+00 1.00e+00h  1
1968  1.0537311e-02 6.07e-04 4.66e-02 -11.0 2.03e-03    -  1.00e+00 1.00e+00h  1
1969  1.0538722e-02 6.04e-05 1.44e-01 -11.0 1.23e-03    -  1.00e+00 1.00e+00h  1
iter    objective    inf_pr   inf_du lg(mu)  ||d||  lg(rg) alpha_du alpha_pr  ls
1970  1.0529717e-02 1.38e-05 7.25e-03 -11.0 6.63e-04    -  1.00e+00 1.00e+00h  1
1971  1.0529392e-02 5.34e-07 5.44e-03 -11.0 2.82e-04    -  1.00e+00 1.00e+00h  1
1972  1.0527615e-02 1.14e-04 9.04e-03 -11.0 4.26e-03    -  1.00e+00 1.00e+00h  1
1973  1.0526196e-02 2.21e-04 4.02e-02 -11.0 2.68e-01    -  1.00e+00 1.56e-02h  7
1974  1.0526106e-02 4.63e-04 2.97e-02 -11.0 1.06e-01    -  1.00e+00 6.25e-02h  5
1975  1.0524727e-02 5.36e-04 2.89e-02 -11.0 2.32e-01    -  1.00e+00 1.56e-02h  7
1976  1.0524083e-02 5.39e-04 2.76e-02 -11.0 5.67e-02    -  1.00e+00 3.12e-02h  6
1977  1.0522897e-02 5.78e-04 3.05e-02 -11.0 1.06e-01    -  1.00e+00 3.12e-02h  6
1978  1.0522558e-02 7.50e-04 3.46e-02 -11.0 1.91e-01    -  1.00e+00 3.12e-02h  6
1979  1.0520644e-02 8.53e-04 4.95e-02 -11.0 5.76e-02    -  1.00e+00 1.25e-01h  4
iter    objective    inf_pr   inf_du lg(mu)  ||d||  lg(rg) alpha_du alpha_pr  ls
1980  1.0519001e-02 8.94e-04 6.17e-02 -11.0 2.30e-01    -  1.00e+00 1.56e-02h  7
1981  1.0518240e-02 1.00e-03 4.63e-02 -11.0 7.40e-02    -  1.00e+00 6.25e-02h  5
1982  1.0517909e-02 1.08e-03 3.80e-02 -11.0 1.19e-01    -  1.00e+00 3.12e-02h  6
1983  1.0622203e-02 1.97e-03 8.03e-02 -11.0 1.46e-02    -  1.00e+00 1.00e+00w  1
1984  1.0630647e-02 2.59e-03 1.90e-01 -11.0 3.19e-02    -  1.00e+00 1.00e+00w  1
1985  1.6460018e-02 3.89e-01 4.06e+00 -11.0 2.44e-01    -  1.00e+00 1.00e+00w  1
1986  1.0518659e-02 8.63e-04 3.96e-02 -11.0 1.59e-01    -  1.00e+00 2.50e-01h  2
1987  1.0520096e-02 8.15e-04 1.97e-02 -11.0 4.35e-02    -  1.00e+00 6.25e-02h  5
1988  1.0519136e-02 8.80e-05 7.49e-02 -11.0 9.76e-03    -  1.00e+00 1.00e+00h  1
1989  1.0518213e-02 1.17e-04 1.38e-01 -11.0 3.07e-02    -  1.00e+00 1.25e-01h  4
iter    objective    inf_pr   inf_du lg(mu)  ||d||  lg(rg) alpha_du alpha_pr  ls
1990  1.0515506e-02 3.34e-04 3.74e-02 -11.0 2.03e-02    -  1.00e+00 5.00e-01h  2
1991  1.0512973e-02 9.98e-04 5.11e-02 -11.0 1.23e-01    -  1.00e+00 1.25e-01h  4
1992  1.0514689e-02 1.09e-03 2.27e-02 -11.0 4.03e-02    -  1.00e+00 6.25e-02h  5
1993  1.0504392e-02 1.93e-04 1.50e-02 -11.0 1.00e-02    -  1.00e+00 1.00e+00h  1
1994  1.0509218e-02 2.80e-04 3.25e-02 -11.0 3.76e-02    -  1.00e+00 1.25e-01h  4
1995  1.0519216e-02 1.12e-05 4.70e-02 -11.0 1.24e-02    -  1.00e+00 1.00e+00H  1
1996  1.0511541e-02 5.43e-05 4.75e-02 -11.0 1.11e-01    -  1.00e+00 6.25e-02h  5
1997  1.0507471e-02 1.23e-04 2.43e-02 -11.0 5.04e-01    -  1.00e+00 1.56e-02h  7
1998  1.0503191e-02 2.66e-04 4.31e-02 -11.0 2.44e-01    -  1.00e+00 3.12e-02h  6
1999  1.0498255e-02 3.45e-04 3.54e-02 -11.0 9.44e-02    -  1.00e+00 6.25e-02h  5
iter    objective    inf_pr   inf_du lg(mu)  ||d||  lg(rg) alpha_du alpha_pr  ls
2000  1.0492803e-02 4.98e-04 7.26e-02 -11.0 2.54e-01    -  1.00e+00 6.25e-02h  5
2001  1.0488646e-02 1.76e-03 2.80e-02 -11.0 1.17e+00    -  1.00e+00 3.12e-02h  6
2002  1.0486441e-02 1.70e-03 3.86e-02 -11.0 1.64e+00    -  1.00e+00 7.81e-03h  8
2003  1.0483798e-02 1.73e-03 7.16e-02 -11.0 1.19e+00    -  1.00e+00 1.56e-02h  7
2004  1.0483469e-02 2.55e-03 1.49e-01 -11.0 4.73e+00    -  1.00e+00 7.81e-03h  8
2005  1.0481727e-02 2.78e-03 9.97e-02 -11.0 1.07e+01    -  1.00e+00 1.95e-03h 10
2006  2.1521741e-01 7.52e+00 3.18e+01 -11.0 3.73e+00    -  1.00e+00 1.00e+00w  1
2007  1.7601797e+00 2.06e+01 2.27e+01 -11.0 7.13e-01    -  1.00e+00 1.00e+00w  1
2008  1.6447995e+00 9.96e+00 4.56e+02 -11.0 7.46e-01    -  1.00e+00 1.00e+00w  1
2009  1.0480135e-02 2.75e-03 8.64e-02 -11.0 6.40e-01    -  1.00e+00 3.91e-03h  8
iter    objective    inf_pr   inf_du lg(mu)  ||d||  lg(rg) alpha_du alpha_pr  ls
2010  1.0477642e-02 2.59e-03 9.43e-02 -11.0 4.73e-02    -  1.00e+00 6.25e-02h  5
2011  1.0481911e-02 2.01e-03 6.42e-02 -11.0 3.33e-02    -  1.00e+00 2.50e-01h  3
2012  1.0484629e-02 1.82e-03 4.44e-02 -11.0 2.89e-02    -  1.00e+00 1.25e-01h  4
2013  1.0480548e-02 9.44e-04 7.52e-02 -11.0 1.28e-02    -  1.00e+00 5.00e-01h  2
2014  1.0835137e-02 1.14e-03 3.04e-01 -11.0 3.74e-02    -  1.00e+00 1.00e+00H  1
2015  1.0889561e-02 4.99e-05 2.58e-01 -11.0 7.36e-03    -  1.00e+00 1.00e+00H  1
2016  1.0460628e-02 2.67e-03 8.29e-02 -11.0 3.17e-02    -  1.00e+00 1.00e+00h  1
2017  1.0475221e-02 2.32e-03 8.06e-01 -11.0 3.71e-02    -  1.00e+00 1.25e-01h  4
2018  1.0512881e-02 2.57e-04 3.32e-01 -11.0 8.48e-03    -  1.00e+00 1.00e+00h  1
2019  1.0500625e-02 2.66e-04 6.16e-01 -11.0 2.33e-02    -  1.00e+00 1.25e-01h  4
iter    objective    inf_pr   inf_du lg(mu)  ||d||  lg(rg) alpha_du alpha_pr  ls
2020  1.0456611e-02 1.44e-04 1.76e-01 -11.0 1.62e-03    -  1.00e+00 1.00e+00h  1
2021  1.0452454e-02 5.60e-05 9.66e-02 -11.0 1.87e-03    -  1.00e+00 1.00e+00h  1
2022  1.0450842e-02 2.52e-05 4.28e-02 -11.0 1.66e-03    -  1.00e+00 1.00e+00h  1
2023  1.0450885e-02 1.06e-04 1.14e-02 -11.0 2.55e-03    -  1.00e+00 1.00e+00h  1
2024  1.0452769e-02 1.50e-07 9.12e-02 -11.0 1.72e-03    -  1.00e+00 1.00e+00H  1
2025  1.0445985e-02 5.54e-05 1.82e-02 -11.0 1.38e-03    -  1.00e+00 1.00e+00h  1
2026  1.0443950e-02 1.45e-05 2.57e-02 -11.0 1.83e-03    -  1.00e+00 1.00e+00h  1
2027  1.0458766e-02 6.36e-09 2.07e-03 -11.0 8.79e-03    -  1.00e+00 1.00e+00H  1
2028  1.0458310e-02 8.42e-08 2.82e-03 -11.0 1.84e-02    -  1.00e+00 7.81e-03h  8
2029  1.0443257e-02 4.04e-04 4.01e-02 -11.0 1.33e-01    -  1.00e+00 6.25e-02h  5
iter    objective    inf_pr   inf_du lg(mu)  ||d||  lg(rg) alpha_du alpha_pr  ls
2030  1.0441584e-02 4.28e-04 7.26e-02 -11.0 3.09e-02    -  1.00e+00 6.25e-02h  5
2031  1.0429242e-02 2.94e-04 8.87e-02 -11.0 8.44e-03    -  1.00e+00 1.00e+00h  1
2032  1.0427045e-02 2.89e-04 1.48e-02 -11.0 4.44e-02    -  1.00e+00 6.25e-02h  5
2033  1.0435588e-02 2.17e-06 1.47e-01 -11.0 6.31e-03    -  1.00e+00 1.00e+00H  1
2034  1.0427269e-02 1.52e-04 1.64e-01 -11.0 2.47e-02    -  1.00e+00 2.50e-01h  3
2035  1.0420402e-02 1.07e-03 8.08e-02 -11.0 2.95e-01    -  1.00e+00 6.25e-02h  5
2036  1.0416708e-02 1.09e-03 6.82e-02 -11.0 1.86e-01    -  1.00e+00 3.12e-02h  6
2037  1.0418832e-02 9.98e-04 1.11e-01 -11.0 3.68e-02    -  1.00e+00 1.25e-01h  4
2038  1.0413056e-02 1.43e-03 6.01e-02 -11.0 6.87e-02    -  1.00e+00 2.50e-01h  3
2039  1.0408164e-02 1.51e-03 6.91e-02 -11.0 2.62e-01    -  1.00e+00 3.12e-02h  6
iter    objective    inf_pr   inf_du lg(mu)  ||d||  lg(rg) alpha_du alpha_pr  ls
2040  1.0390547e-02 1.69e-02 2.70e-01 -11.0 5.85e-01    -  1.00e+00 1.25e-01h  4
2041  1.0388810e-02 1.71e-02 1.98e-01 -11.0 2.93e+00    -  1.00e+00 3.91e-03h  9
2042  1.0384942e-02 1.68e-02 2.08e-01 -11.0 4.43e-01    -  1.00e+00 3.12e-02h  6
2043  1.0384683e-02 1.67e-02 1.82e-01 -11.0 4.64e-01    -  1.00e+00 1.56e-02h  7
2044  1.0495742e-02 1.53e-02 2.64e-01 -11.0 2.84e-02    -  1.00e+00 1.00e+00w  1
2045  1.4961914e-02 1.62e-01 6.51e-01 -11.0 2.09e-01    -  1.00e+00 1.00e+00w  1
2046  1.9882064e-02 2.10e-01 2.07e+00 -11.0 3.34e-01    -  1.00e+00 1.00e+00w  1
2047  1.0393231e-02 1.22e-02 1.10e-01 -11.0 7.37e-01    -  1.00e+00 5.00e-01h  1
2048  1.0388025e-02 1.21e-02 7.87e-02 -11.0 2.86e-01    -  1.00e+00 7.81e-03h  8
2049  1.0373469e-02 3.37e-04 1.02e-01 -11.0 7.79e-03    -  1.00e+00 1.00e+00h  1
iter    objective    inf_pr   inf_du lg(mu)  ||d||  lg(rg) alpha_du alpha_pr  ls
2050  1.0367151e-02 3.64e-04 9.45e-02 -11.0 4.78e-02    -  1.00e+00 1.25e-01h  4
2051  1.0387203e-02 6.12e-04 5.74e-02 -11.0 1.53e-02    -  1.00e+00 5.00e-01h  2
2052  1.0394804e-02 2.17e-05 1.19e-01 -11.0 1.20e-02    -  1.00e+00 1.00e+00H  1
2053  1.0376564e-02 1.05e-04 9.34e-02 -11.0 3.67e-02    -  1.00e+00 1.25e-01h  4
2054  1.0371893e-02 9.40e-05 3.99e-02 -11.0 1.26e-02    -  1.00e+00 1.25e-01h  4
2055  1.0354283e-02 1.38e-04 1.50e-02 -11.0 4.27e-03    -  1.00e+00 1.00e+00h  1
2056  1.0364738e-02 3.26e-05 6.66e-02 -11.0 1.10e-03    -  1.00e+00 1.00e+00h  1
2057  1.0352922e-02 5.12e-06 7.22e-03 -11.0 6.68e-04    -  1.00e+00 1.00e+00h  1
2058  1.0352363e-02 9.69e-07 2.41e-03 -11.0 8.47e-04    -  1.00e+00 1.00e+00h  1
2059  1.0349063e-02 3.88e-04 3.35e-02 -11.0 1.25e-01    -  1.00e+00 1.25e-01h  4
iter    objective    inf_pr   inf_du lg(mu)  ||d||  lg(rg) alpha_du alpha_pr  ls
2060  1.0347602e-02 5.22e-04 5.04e-02 -11.0 4.77e-01    -  1.00e+00 1.56e-02h  7
2061  1.0346834e-02 5.20e-04 6.00e-02 -11.0 7.62e-02    -  1.00e+00 3.12e-02h  6
2062  1.0337225e-02 7.39e-04 7.43e-02 -11.0 1.46e-02    -  1.00e+00 1.00e+00h  1
2063  1.0331338e-02 3.35e-03 5.93e-02 -11.0 9.21e-01    -  1.00e+00 3.12e-02h  6
2064  1.0330983e-02 3.43e-03 7.27e-02 -11.0 5.29e-01    -  1.00e+00 1.56e-02h  7
2065  1.0323426e-02 4.76e-03 9.07e-02 -11.0 1.48e+00    -  1.00e+00 1.56e-02h  7
2066  1.0330943e-02 4.79e-03 9.94e-02 -11.0 2.99e-01    -  1.00e+00 1.56e-02h  7
2067  1.0324102e-02 2.70e-03 7.47e-02 -11.0 2.29e-02    -  1.00e+00 5.00e-01h  2
2068  1.0324348e-02 2.61e-03 5.72e-02 -11.0 4.21e-02    -  1.00e+00 6.25e-02h  5
2069  1.0319756e-02 7.28e-05 1.06e-01 -11.0 4.62e-03    -  1.00e+00 1.00e+00h  1
iter    objective    inf_pr   inf_du lg(mu)  ||d||  lg(rg) alpha_du alpha_pr  ls
2070  1.0318628e-02 9.65e-05 1.80e-01 -11.0 6.69e-03    -  1.00e+00 2.50e-01h  3
2071  1.0309717e-02 3.21e-05 6.32e-03 -11.0 1.61e-03    -  1.00e+00 1.00e+00h  1
2072  1.0312480e-02 1.42e-05 1.79e-02 -11.0 1.20e-03    -  1.00e+00 1.00e+00h  1
2073  1.0307891e-02 9.58e-06 4.72e-03 -11.0 6.24e-04    -  1.00e+00 1.00e+00h  1
2074  1.0307187e-02 2.75e-06 7.76e-03 -11.0 5.96e-04    -  1.00e+00 1.00e+00h  1
2075  1.0307113e-02 1.88e-04 3.50e-02 -11.0 1.87e-02    -  1.00e+00 2.50e-01h  3
2076  1.0394908e-02 2.74e-06 1.96e-01 -11.0 1.16e-02    -  1.00e+00 1.00e+00H  1
2077  1.0304162e-02 4.08e-04 1.25e-01 -11.0 4.96e-03    -  1.00e+00 1.00e+00h  1
2078  1.0301044e-02 2.16e-04 5.12e-02 -11.0 2.07e-03    -  1.00e+00 5.00e-01h  2
2079  1.0298215e-02 1.34e-05 1.55e-02 -11.0 9.07e-04    -  1.00e+00 1.00e+00h  1
iter    objective    inf_pr   inf_du lg(mu)  ||d||  lg(rg) alpha_du alpha_pr  ls
2080  1.0298031e-02 3.96e-05 3.07e-02 -11.0 1.87e-03    -  1.00e+00 1.00e+00h  1
2081  1.0319213e-02 4.05e-07 2.67e-02 -11.0 7.32e-03    -  1.00e+00 1.00e+00H  1
2082  1.0304193e-02 5.03e-06 2.76e-02 -11.0 3.38e-03    -  1.00e+00 1.00e+00H  1
2083  1.0303916e-02 4.84e-06 2.53e-02 -11.0 7.69e-03    -  1.00e+00 1.00e+00H  1
2084  1.0302643e-02 4.77e-06 2.58e-02 -11.0 4.99e-03    -  1.00e+00 1.00e+00H  1
2085  1.0301892e-02 5.34e-06 2.50e-02 -11.0 1.62e-02    -  1.00e+00 1.56e-02h  7
2086  1.0317497e-02 1.17e-05 2.95e-02 -11.0 3.53e-03    -  1.00e+00 1.00e+00H  1
2087  1.0296014e-02 7.08e-04 1.38e-02 -11.0 2.29e-03    -  1.00e+00 1.00e+00h  1
2088  1.0295536e-02 9.07e-06 2.23e-02 -11.0 5.32e-04    -  1.00e+00 1.00e+00h  1
2089  1.0295057e-02 2.83e-06 5.44e-03 -11.0 2.91e-04    -  1.00e+00 1.00e+00h  1
iter    objective    inf_pr   inf_du lg(mu)  ||d||  lg(rg) alpha_du alpha_pr  ls
2090  1.0294911e-02 2.05e-06 4.44e-03 -11.0 5.20e-04    -  1.00e+00 1.00e+00h  1
2091  1.0313116e-02 1.64e-07 1.38e-01 -11.0 2.21e-02    -  1.00e+00 1.00e+00H  1
2092  1.0312915e-02 4.10e-07 1.39e-01 -11.0 1.39e-01    -  1.00e+00 1.95e-03h 10
2093  1.0312293e-02 8.17e-07 1.39e-01 -11.0 1.45e-02    -  1.00e+00 7.81e-03h  8
2094  1.0308938e-02 1.52e-07 5.18e-02 -11.0 1.55e-02    -  1.00e+00 1.00e+00H  1
2095  1.0308491e-02 2.45e-07 5.18e-02 -11.0 8.52e-02    -  1.00e+00 1.95e-03h 10
2096  1.0305678e-02 2.05e-05 5.18e-02 -11.0 1.37e-02    -  1.00e+00 1.25e-01h  4
2097  1.0293419e-02 9.24e-05 2.34e-02 -11.0 3.14e-03    -  1.00e+00 1.00e+00h  1
2098  1.0294525e-02 1.99e-04 3.28e-02 -11.0 2.39e-03    -  1.00e+00 1.00e+00h  1
2099  1.0290086e-02 3.46e-05 1.91e-02 -11.0 2.61e-03    -  1.00e+00 1.00e+00h  1
iter    objective    inf_pr   inf_du lg(mu)  ||d||  lg(rg) alpha_du alpha_pr  ls
2100  1.0296330e-02 2.51e-06 4.35e-02 -11.0 2.64e-03    -  1.00e+00 1.00e+00H  1
2101  1.0288369e-02 1.52e-04 1.18e-02 -11.0 2.48e-03    -  1.00e+00 1.00e+00h  1
2102  1.0289530e-02 1.66e-04 1.80e-02 -11.0 1.75e-03    -  1.00e+00 5.00e-01h  2
2103  1.0287783e-02 3.51e-05 4.28e-03 -11.0 6.40e-04    -  1.00e+00 1.00e+00h  1
2104  1.0287646e-02 2.69e-06 9.16e-03 -11.0 2.47e-04    -  1.00e+00 1.00e+00h  1
2105  1.0287458e-02 7.29e-07 9.62e-03 -11.0 2.55e-04    -  1.00e+00 1.00e+00h  1
2106  1.0287241e-02 4.98e-05 1.55e-02 -11.0 3.24e-03    -  1.00e+00 1.00e+00h  1
2107  1.0286916e-02 5.18e-05 2.55e-02 -11.0 2.05e-02    -  1.00e+00 6.25e-02h  5
2108  1.0292165e-02 5.70e-08 5.84e-02 -11.0 8.98e-03    -  1.00e+00 1.00e+00H  1
2109  1.0291985e-02 8.70e-08 5.76e-02 -11.0 2.74e-02    -  1.00e+00 3.91e-03h  9
iter    objective    inf_pr   inf_du lg(mu)  ||d||  lg(rg) alpha_du alpha_pr  ls
2110  1.0285887e-02 7.07e-05 8.97e-02 -11.0 3.90e-02    -  1.00e+00 1.25e-01h  4
2111  1.0282430e-02 1.33e-04 9.87e-02 -11.0 6.72e-02    -  1.00e+00 6.25e-02h  5
2112  1.0280042e-02 1.90e-04 6.54e-02 -11.0 8.42e-02    -  1.00e+00 6.25e-02h  5
2113  1.0274203e-02 8.35e-04 1.31e-01 -11.0 2.49e-01    -  1.00e+00 6.25e-02h  5
2114  1.0272782e-02 8.76e-04 1.47e-01 -11.0 4.85e-01    -  1.00e+00 7.81e-03h  8
2115  1.0271356e-02 1.07e-03 1.69e-01 -11.0 1.49e-01    -  1.00e+00 6.25e-02h  5
2116  1.0270870e-02 1.23e-03 2.27e-01 -11.0 1.10e+00    -  1.00e+00 7.81e-03h  8
2117  1.0270062e-02 1.28e-03 2.46e-01 -11.0 1.82e-01    -  1.00e+00 3.12e-02h  6
2118  1.0269146e-02 1.56e-03 3.01e-01 -11.0 3.25e-01    -  1.00e+00 3.12e-02h  6
2119  1.4581395e-02 3.08e-02 7.22e-01 -11.0 5.77e-02    -  1.00e+00 1.00e+00w  1
iter    objective    inf_pr   inf_du lg(mu)  ||d||  lg(rg) alpha_du alpha_pr  ls
2120  1.0669177e-02 3.22e-02 3.73e-01 -11.0 5.64e-02    -  1.00e+00 1.00e+00w  1
2121  1.2283850e-02 8.68e-03 1.02e+00 -11.0 4.71e-02    -  1.00e+00 1.00e+00w  1
2122  1.0267751e-02 1.51e-03 2.99e-01 -11.0 3.93e-02    -  1.00e+00 3.12e-02h  5
2123  1.0265935e-02 1.07e-03 2.07e-01 -11.0 1.51e-02    -  1.00e+00 2.50e-01h  3
2124  1.0260271e-02 8.12e-04 1.45e-01 -11.0 1.01e-02    -  1.00e+00 5.00e-01h  2
2125  1.0262322e-02 7.32e-04 1.75e-01 -11.0 1.21e-02    -  1.00e+00 2.50e-01h  3
2126  1.0253194e-02 1.48e-04 3.38e-02 -11.0 3.54e-03    -  1.00e+00 1.00e+00h  1
2127  1.0261247e-02 5.93e-04 1.15e-01 -11.0 1.94e-03    -  1.00e+00 1.00e+00h  1
2128  1.0247166e-02 1.62e-04 1.33e-02 -11.0 1.26e-03    -  1.00e+00 1.00e+00h  1
2129  1.0246892e-02 3.75e-06 2.29e-02 -11.0 4.96e-04    -  1.00e+00 1.00e+00h  1
iter    objective    inf_pr   inf_du lg(mu)  ||d||  lg(rg) alpha_du alpha_pr  ls
2130  1.0246037e-02 8.00e-06 8.27e-03 -11.0 1.55e-03    -  1.00e+00 1.00e+00h  1
2131  1.0245248e-02 3.07e-05 2.50e-02 -11.0 8.96e-02    -  1.00e+00 3.12e-02h  6
2132  1.0244468e-02 7.11e-05 3.17e-02 -11.0 8.62e-02    -  1.00e+00 3.12e-02h  6
2133  1.0244249e-02 8.48e-05 3.87e-02 -11.0 4.08e-02    -  1.00e+00 6.25e-02h  5
2134  1.0243510e-02 8.23e-05 3.10e-02 -11.0 2.56e-02    -  1.00e+00 1.25e-01h  4
2135  1.0242595e-02 9.21e-04 4.74e-02 -11.0 6.80e-02    -  1.00e+00 2.50e-01h  3
2136  1.0239785e-02 1.17e-03 9.90e-02 -11.0 6.30e-01    -  1.00e+00 1.56e-02h  7
2137  1.0238884e-02 1.75e-03 1.63e-01 -11.0 4.12e-01    -  1.00e+00 3.12e-02h  6
2138  1.0237287e-02 1.97e-03 2.07e-01 -11.0 2.61e-01    -  1.00e+00 3.12e-02h  6
2139  1.0232863e-02 2.05e-03 1.86e-01 -11.0 1.43e-01    -  1.00e+00 6.25e-02h  5
iter    objective    inf_pr   inf_du lg(mu)  ||d||  lg(rg) alpha_du alpha_pr  ls
2140  1.0230295e-02 2.10e-03 2.37e-01 -11.0 2.15e-01    -  1.00e+00 3.12e-02h  6
2141  1.2914794e-02 1.74e-02 4.77e-01 -11.0 4.88e-02    -  1.00e+00 1.00e+00w  1
2142  1.0317238e-02 1.31e-02 4.06e-01 -11.0 8.10e-02    -  1.00e+00 1.00e+00w  1
2143  1.9611385e-02 4.69e-02 3.18e+00 -11.0 9.25e-02    -  1.00e+00 1.00e+00w  1
2144  1.0233136e-02 1.98e-03 1.79e-01 -11.0 6.28e-02    -  1.00e+00 6.25e-02h  4
2145  1.0228596e-02 3.97e-04 8.30e-02 -11.0 9.93e-03    -  1.00e+00 1.00e+00h  1
2146  1.0224785e-02 4.81e-04 9.24e-02 -11.0 7.16e-02    -  1.00e+00 6.25e-02h  5
2147  1.0225311e-02 3.47e-04 1.22e-01 -11.0 7.21e-03    -  1.00e+00 2.50e-01h  3
2148  1.0220587e-02 1.15e-04 4.22e-02 -11.0 6.56e-03    -  1.00e+00 1.00e+00h  1
2149  1.0220019e-02 1.28e-04 5.24e-02 -11.0 9.96e-03    -  1.00e+00 1.25e-01h  4
iter    objective    inf_pr   inf_du lg(mu)  ||d||  lg(rg) alpha_du alpha_pr  ls
2150  1.0215947e-02 2.58e-05 1.10e-02 -11.0 1.03e-03    -  1.00e+00 1.00e+00h  1
2151  1.0216425e-02 1.36e-07 6.57e-02 -11.0 8.80e-04    -  1.00e+00 1.00e+00H  1
2152  1.0213849e-02 3.34e-05 3.56e-03 -11.0 1.43e-03    -  1.00e+00 1.00e+00h  1
2153  1.0212436e-02 1.12e-04 8.63e-03 -11.0 5.57e-03    -  1.00e+00 2.50e-01h  3
2154  1.0215689e-02 7.95e-06 7.27e-02 -11.0 9.10e-03    -  1.00e+00 1.00e+00H  1
2155  1.0211716e-02 2.13e-04 8.56e-02 -11.0 1.17e-01    -  1.00e+00 6.25e-02h  5
2156  1.0209386e-02 3.91e-04 1.62e-01 -11.0 4.33e-01    -  1.00e+00 1.56e-02h  7
2157  1.0208864e-02 4.26e-04 1.77e-01 -11.0 9.32e-02    -  1.00e+00 3.12e-02h  6
2158  1.0208947e-02 2.03e-04 3.70e-02 -11.0 9.95e-03    -  1.00e+00 5.00e-01h  2
2159  1.0202301e-02 5.55e-04 9.09e-02 -11.0 1.59e-02    -  1.00e+00 2.50e-01h  3
iter    objective    inf_pr   inf_du lg(mu)  ||d||  lg(rg) alpha_du alpha_pr  ls
2160  1.0201594e-02 5.52e-04 1.08e-01 -11.0 4.82e-02    -  1.00e+00 1.25e-01h  4
2161  1.0198991e-02 5.60e-04 1.62e-01 -11.0 1.76e-01    -  1.00e+00 1.25e-01h  4
2162  1.0197034e-02 6.09e-04 9.15e-02 -11.0 9.37e-01    -  1.00e+00 7.81e-03h  8
2163  1.0190687e-02 2.93e-03 7.02e-02 -11.0 4.11e-01    -  1.00e+00 6.25e-02h  5
2164  1.0187250e-02 3.34e-03 6.74e-02 -11.0 2.48e+00    -  1.00e+00 3.91e-03h  9
2165  4.0556537e-02 5.00e+00 7.01e+01 -11.0 1.76e+00    -  1.00e+00 1.00e+00w  1
2166  1.2542662e+00 9.39e+00 9.73e+01 -11.0 1.07e+00    -  1.00e+00 1.00e+00w  1
2167  1.7071488e+00 9.26e+00 9.90e+01 -11.0 6.41e-01    -  1.00e+00 1.00e+00w  1
2168  1.0183243e-02 5.23e-03 7.79e-02 -11.0 6.67e+00    -  1.00e+00 1.56e-02h  6
2169  1.0183938e-02 5.15e-03 1.35e-01 -11.0 8.99e-02    -  1.00e+00 3.12e-02h  6
iter    objective    inf_pr   inf_du lg(mu)  ||d||  lg(rg) alpha_du alpha_pr  ls
2170  1.0178428e-02 3.89e-03 4.26e-02 -11.0 2.21e-02    -  1.00e+00 2.50e-01h  3
2171  1.0185736e-02 3.67e-03 1.19e-01 -11.0 1.42e-01    -  1.00e+00 1.25e-01h  4
2172  1.0185791e-02 3.50e-03 4.61e-02 -11.0 7.03e-02    -  1.00e+00 6.25e-02h  5
2173  1.0178448e-02 2.19e-03 6.92e-02 -11.0 2.82e-02    -  1.00e+00 5.00e-01h  2
2174  1.0172133e-02 2.39e-03 9.44e-02 -11.0 7.74e-02    -  1.00e+00 1.25e-01h  4
2175  1.0162619e-02 2.33e-03 9.46e-02 -11.0 7.21e-02    -  1.00e+00 1.25e-01h  4
2176  1.0152742e-02 2.50e-03 1.13e-01 -11.0 2.71e-01    -  1.00e+00 6.25e-02h  5
2177  1.0147990e-02 2.55e-03 1.25e-01 -11.0 7.25e-01    -  1.00e+00 1.56e-02h  7
2178  2.8883145e-02 2.07e+00 1.32e+01 -11.0 1.38e+00    -  1.00e+00 1.00e+00w  1
2179  8.1112116e-01 4.07e+00 2.43e+01 -11.0 1.45e+00    -  1.00e+00 1.00e+00w  1
iter    objective    inf_pr   inf_du lg(mu)  ||d||  lg(rg) alpha_du alpha_pr  ls
2180  1.1619523e+00 6.85e+00 4.04e+01 -11.0 9.40e-01    -  1.00e+00 1.00e+00w  1
2181  1.0136110e-02 4.50e-03 2.22e-01 -11.0 1.90e+00    -  1.00e+00 3.12e-02h  5
2182  1.0140132e-02 3.95e-03 1.83e-01 -11.0 8.82e-02    -  1.00e+00 1.25e-01h  4
2183  1.0134031e-02 5.49e-03 2.52e-01 -11.0 6.87e-01    -  1.00e+00 6.25e-02h  5
2184  1.0133988e-02 5.57e-03 2.59e-01 -11.0 5.02e+00    -  1.00e+00 1.95e-03h 10
2185  1.0133692e-02 5.39e-03 2.97e-01 -11.0 3.10e-01    -  1.00e+00 6.25e-02h  5
2186  1.0129897e-02 5.71e-03 3.37e-01 -11.0 1.22e+00    -  1.00e+00 1.56e-02h  7
2187  1.0104937e-02 7.02e-03 3.04e-01 -11.0 1.34e+00    -  1.00e+00 3.12e-02h  6
2188  1.0092703e-02 8.97e-03 4.78e-01 -11.0 6.73e+00    -  1.00e+00 7.81e-03h  8
2189  1.0086668e-02 1.05e-02 5.81e-01 -11.0 5.81e+00    -  1.00e+00 7.81e-03h  8
iter    objective    inf_pr   inf_du lg(mu)  ||d||  lg(rg) alpha_du alpha_pr  ls
2190  1.0083997e-02 1.07e-02 6.68e-01 -11.0 2.18e+01    -  1.00e+00 9.77e-04h 11
2191  9.8918981e-02 1.16e+00 1.08e+01 -11.0 1.55e+00    -  1.00e+00 1.00e+00w  1
2192  2.0066150e-01 3.11e+00 2.45e+01 -11.0 1.38e+00    -  1.00e+00 1.00e+00w  1
2193  1.1703711e+01 4.01e+01 2.79e+02 -11.0 9.89e+00    -  1.00e+00 1.00e+00w  1
2194  1.0078866e-02 1.09e-02 7.21e-01 -11.0 5.83e+00    -  1.00e+00 1.56e-02h  6
2195  1.0078894e-02 1.06e-02 7.90e-01 -11.0 2.68e-01    -  1.00e+00 3.12e-02h  6
2196  1.0075529e-02 9.72e-03 5.98e-01 -11.0 1.88e-01    -  1.00e+00 1.25e-01h  4
2197  1.0072261e-02 1.00e-02 5.19e-01 -11.0 1.66e+00    -  1.00e+00 1.56e-02h  7
2198  1.0064022e-02 9.90e-03 5.86e-01 -11.0 1.03e+00    -  1.00e+00 1.56e-02h  7
2199  1.0062742e-02 9.69e-03 5.85e-01 -11.0 8.06e-01    -  1.00e+00 3.12e-02h  6
iter    objective    inf_pr   inf_du lg(mu)  ||d||  lg(rg) alpha_du alpha_pr  ls
2200  1.0063723e-02 9.54e-03 6.48e-01 -11.0 1.19e-01    -  1.00e+00 3.12e-02h  6
2201  1.0106989e-02 2.18e-04 9.84e-02 -11.0 1.67e-02    -  1.00e+00 1.00e+00h  1
2202  1.0092801e-02 2.09e-04 2.05e-01 -11.0 5.54e-02    -  1.00e+00 6.25e-02h  5
2203  1.0083805e-02 9.31e-04 1.90e-01 -11.0 1.61e-02    -  1.00e+00 1.00e+00h  1
2204  1.0074893e-02 1.78e-03 2.54e-01 -11.0 5.84e-02    -  1.00e+00 1.25e-01h  4
2205  1.0112512e-02 4.40e-05 4.85e-01 -11.0 1.05e-02    -  1.00e+00 1.00e+00H  1
2206  1.0187189e-02 2.62e-05 2.71e-01 -11.0 3.36e-02    -  1.00e+00 1.00e+00H  1
2207  1.0170371e-02 3.59e-05 2.62e-01 -11.0 1.09e-01    -  1.00e+00 1.56e-02h  7
2208  1.0154333e-02 4.95e-05 2.45e-01 -11.0 2.48e-02    -  1.00e+00 3.12e-02h  6
2209  1.0111503e-02 3.82e-05 2.42e-01 -11.0 1.14e-02    -  1.00e+00 1.00e+00H  1
iter    objective    inf_pr   inf_du lg(mu)  ||d||  lg(rg) alpha_du alpha_pr  ls
2210  1.0164469e-02 8.37e-05 3.11e-01 -11.0 6.06e-03    -  1.00e+00 1.00e+00H  1
2211  1.0027901e-02 4.26e-04 5.36e-02 -11.0 9.24e-03    -  1.00e+00 1.00e+00h  1
2212  1.0033839e-02 7.40e-05 4.44e-02 -11.0 2.12e-03    -  1.00e+00 1.00e+00h  1
2213  1.0019160e-02 3.24e-05 1.32e-02 -11.0 1.97e-03    -  1.00e+00 1.00e+00h  1
2214  1.0018308e-02 7.08e-06 1.84e-02 -11.0 4.22e-04    -  1.00e+00 1.00e+00h  1
2215  1.0016976e-02 6.29e-06 6.48e-03 -11.0 5.31e-04    -  1.00e+00 1.00e+00h  1
2216  1.0013855e-02 1.18e-03 7.09e-02 -11.0 1.34e-02    -  1.00e+00 5.00e-01h  2
2217  1.0012797e-02 1.13e-03 1.03e-01 -11.0 1.64e-02    -  1.00e+00 1.25e-01h  4
2218  1.0001343e-02 2.47e-04 6.03e-02 -11.0 3.58e-03    -  1.00e+00 1.00e+00h  1
2219  1.0129602e-02 2.17e-06 1.01e-01 -11.0 9.26e-03    -  1.00e+00 1.00e+00H  1
iter    objective    inf_pr   inf_du lg(mu)  ||d||  lg(rg) alpha_du alpha_pr  ls
2220  9.9973835e-03 3.75e-04 2.19e-02 -11.0 4.58e-03    -  1.00e+00 1.00e+00h  1
2221  9.9906509e-03 1.26e-04 9.56e-02 -11.0 3.05e-03    -  1.00e+00 1.00e+00h  1
2222  9.9908035e-03 4.15e-05 3.30e-02 -11.0 4.18e-03    -  1.00e+00 1.00e+00H  1
2223  1.0012878e-02 2.37e-06 5.03e-02 -11.0 1.05e-02    -  1.00e+00 1.00e+00H  1
2224  1.0131961e-02 2.18e-07 2.09e-01 -11.0 6.91e-03    -  1.00e+00 1.00e+00H  1
2225  9.9788971e-03 8.60e-04 1.87e-02 -11.0 5.72e-03    -  1.00e+00 1.00e+00h  1
2226  9.9796576e-03 6.17e-05 5.79e-02 -11.0 1.65e-03    -  1.00e+00 1.00e+00h  1
2227  9.9770460e-03 3.33e-05 1.07e-02 -11.0 1.24e-03    -  1.00e+00 1.00e+00h  1
2228  9.9892965e-03 1.93e-05 3.31e-02 -11.0 6.21e-03    -  1.00e+00 1.00e+00H  1
2229  9.9856306e-03 4.28e-06 4.96e-02 -11.0 4.19e-03    -  1.00e+00 1.00e+00H  1
iter    objective    inf_pr   inf_du lg(mu)  ||d||  lg(rg) alpha_du alpha_pr  ls
2230  1.0008319e-02 2.41e-06 1.01e-01 -11.0 2.39e-03    -  1.00e+00 1.00e+00H  1
2231  9.9672706e-03 8.45e-04 1.86e-02 -11.0 2.01e-03    -  1.00e+00 1.00e+00h  1
2232  9.9667893e-03 4.48e-05 3.64e-03 -11.0 1.42e-03    -  1.00e+00 1.00e+00h  1
2233  9.9617795e-03 6.98e-03 6.09e-02 -11.0 3.07e-01    -  1.00e+00 6.25e-02h  5
2234  9.9604596e-03 6.97e-03 5.49e-02 -11.0 2.63e-01    -  1.00e+00 7.81e-03h  8
2235  9.9603106e-03 3.69e-03 6.44e-02 -11.0 1.37e-02    -  1.00e+00 5.00e-01h  2
2236  9.9583471e-03 3.46e-03 9.11e-02 -11.0 4.36e-02    -  1.00e+00 1.25e-01h  4
2237  9.9575985e-03 2.93e-03 1.15e-01 -11.0 1.21e-02    -  1.00e+00 2.50e-01h  3
2238  9.9556798e-03 1.48e-03 9.53e-02 -11.0 8.59e-03    -  1.00e+00 1.00e+00h  1
2239  9.9555168e-03 1.46e-03 8.45e-02 -11.0 1.38e-02    -  1.00e+00 2.50e-01h  3
iter    objective    inf_pr   inf_du lg(mu)  ||d||  lg(rg) alpha_du alpha_pr  ls
2240  9.9494423e-03 8.39e-04 6.10e-02 -11.0 3.45e-03    -  1.00e+00 5.00e-01h  2
2241  9.9435984e-03 2.58e-04 5.23e-02 -11.0 2.04e-03    -  1.00e+00 1.00e+00h  1
2242  9.9489426e-03 1.90e-04 2.74e-02 -11.0 2.35e-03    -  1.00e+00 1.00e+00h  1
2243  9.9408059e-03 1.71e-05 1.88e-02 -11.0 1.58e-03    -  1.00e+00 1.00e+00h  1
2244  9.9422078e-03 1.79e-07 6.10e-02 -11.0 1.30e-03    -  1.00e+00 1.00e+00H  1
2245  9.9386593e-03 2.21e-05 4.34e-03 -11.0 6.77e-04    -  1.00e+00 1.00e+00h  1
2246  9.9382212e-03 9.50e-07 3.68e-03 -11.0 4.71e-04    -  1.00e+00 1.00e+00h  1
2247  9.9372765e-03 2.87e-05 2.79e-02 -11.0 8.47e-02    -  1.00e+00 3.12e-02h  6
2248  9.9366624e-03 3.48e-05 4.49e-02 -11.0 2.02e-02    -  1.00e+00 6.25e-02h  5
2249  9.9363166e-03 7.53e-04 5.32e-02 -11.0 2.64e-02    -  1.00e+00 5.00e-01h  2
iter    objective    inf_pr   inf_du lg(mu)  ||d||  lg(rg) alpha_du alpha_pr  ls
2250  9.9341913e-03 1.14e-03 1.27e-01 -11.0 3.45e-01    -  1.00e+00 3.12e-02h  6
2251  9.9339176e-03 1.25e-03 1.48e-01 -11.0 1.77e-01    -  1.00e+00 3.12e-02h  6
2252  9.9337822e-03 1.18e-03 1.29e-01 -11.0 3.10e-02    -  1.00e+00 1.25e-01h  4
2253  9.9323183e-03 1.05e-03 1.41e-01 -11.0 1.45e-02    -  1.00e+00 1.25e-01h  4
2254  9.9287782e-03 5.28e-04 9.57e-02 -11.0 2.62e-03    -  1.00e+00 5.00e-01h  2
2255  9.9250051e-03 7.71e-04 4.27e-02 -11.0 1.37e-02    -  1.00e+00 1.00e+00h  1
2256  9.9253621e-03 7.71e-04 5.13e-02 -11.0 9.31e-02    -  1.00e+00 1.56e-02h  7
2257  9.9224776e-03 3.81e-04 1.97e-02 -11.0 9.87e-03    -  1.00e+00 1.00e+00h  1
2258  9.9210952e-03 6.95e-04 3.85e-02 -11.0 1.03e+00    -  1.00e+00 7.81e-03h  8
2259  9.9201162e-03 7.46e-04 3.56e-02 -11.0 1.88e-01    -  1.00e+00 1.56e-02h  7
iter    objective    inf_pr   inf_du lg(mu)  ||d||  lg(rg) alpha_du alpha_pr  ls
2260  9.9196234e-03 7.48e-04 4.09e-02 -11.0 5.65e-02    -  1.00e+00 6.25e-02h  5
2261  9.9191868e-03 5.77e-04 1.79e-02 -11.0 1.78e-02    -  1.00e+00 2.50e-01h  3
2262  9.9181770e-03 7.28e-04 3.99e-02 -11.0 5.69e-02    -  1.00e+00 1.25e-01h  4
2263  9.9155043e-03 1.34e-03 5.42e-02 -11.0 1.64e-01    -  1.00e+00 6.25e-02h  5
2264  9.9174824e-03 1.36e-03 3.79e-02 -11.0 9.55e-02    -  1.00e+00 3.12e-02h  6
2265  9.9178448e-03 7.17e-04 7.04e-02 -11.0 5.29e-03    -  1.00e+00 5.00e-01h  2
2266  9.9242201e-03 1.02e-04 1.09e-01 -11.0 1.73e-02    -  1.00e+00 1.00e+00H  1
2267  9.9248263e-03 5.56e-05 1.30e-01 -11.0 7.06e-02    -  1.00e+00 6.25e-02h  5
2268  9.9334600e-03 2.19e-05 8.73e-02 -11.0 8.61e-03    -  1.00e+00 1.00e+00H  1
2269  9.9236298e-03 5.76e-04 2.96e-02 -11.0 3.38e-02    -  1.00e+00 2.50e-01h  3
iter    objective    inf_pr   inf_du lg(mu)  ||d||  lg(rg) alpha_du alpha_pr  ls
2270  9.9160840e-03 1.19e-03 3.01e-02 -11.0 1.44e-01    -  1.00e+00 6.25e-02h  5
2271  9.9118862e-03 1.17e-03 4.78e-02 -11.0 7.34e-02    -  1.00e+00 3.12e-02h  6
2272  9.9370928e-03 1.01e-05 5.11e-02 -11.0 1.06e-02    -  1.00e+00 1.00e+00H  1
2273  9.9629052e-03 1.15e-07 2.56e-01 -11.0 4.53e-03    -  1.00e+00 1.00e+00H  1
2274  9.9072632e-03 3.51e-04 3.59e-02 -11.0 4.40e-03    -  1.00e+00 1.00e+00h  1
2275  9.9073951e-03 5.77e-05 2.74e-02 -11.0 2.30e-03    -  1.00e+00 1.00e+00h  1
2276  9.9041584e-03 1.95e-05 2.62e-02 -11.0 1.70e-03    -  1.00e+00 1.00e+00h  1
2277  9.9043825e-03 1.20e-05 9.88e-03 -11.0 5.13e-04    -  1.00e+00 1.00e+00h  1
2278  9.9030152e-03 6.41e-06 3.51e-03 -11.0 4.47e-04    -  1.00e+00 1.00e+00h  1
2279  9.9028489e-03 1.28e-07 5.37e-03 -11.0 2.38e-04    -  1.00e+00 1.00e+00h  1
iter    objective    inf_pr   inf_du lg(mu)  ||d||  lg(rg) alpha_du alpha_pr  ls
2280  9.9023770e-03 1.28e-04 5.90e-02 -11.0 6.90e-03    -  1.00e+00 1.00e+00h  1
2281  9.9016782e-03 1.35e-04 5.07e-02 -11.0 1.17e-01    -  1.00e+00 1.56e-02h  7
2282  9.9099338e-03 1.54e-08 8.04e-02 -11.0 6.21e-03    -  1.00e+00 1.00e+00H  1
2283  9.9097718e-03 2.83e-08 8.03e-02 -11.0 8.93e-03    -  1.00e+00 3.91e-03h  9
2284  9.9094605e-03 6.21e-08 7.92e-02 -11.0 9.91e-03    -  1.00e+00 3.91e-03h  9
2285  9.8960473e-03 3.38e-04 1.61e-02 -11.0 4.49e-03    -  1.00e+00 1.00e+00h  1
2286  9.8948482e-03 2.99e-04 2.41e-02 -11.0 7.64e-03    -  1.00e+00 2.50e-01h  3
2287  9.8968342e-03 8.22e-05 4.58e-02 -11.0 4.73e-03    -  1.00e+00 1.00e+00h  1
2288  9.8946644e-03 8.14e-05 2.38e-02 -11.0 6.06e-03    -  1.00e+00 2.50e-01h  3
2289  9.8909363e-03 4.65e-05 1.07e-02 -11.0 1.87e-03    -  1.00e+00 1.00e+00h  1
iter    objective    inf_pr   inf_du lg(mu)  ||d||  lg(rg) alpha_du alpha_pr  ls
2290  9.8993145e-03 9.08e-05 5.19e-02 -11.0 1.30e-03    -  1.00e+00 1.00e+00h  1
2291  9.8893089e-03 5.57e-05 3.30e-03 -11.0 1.68e-03    -  1.00e+00 1.00e+00h  1
2292  9.8886587e-03 2.45e-05 3.19e-03 -11.0 1.82e-03    -  1.00e+00 1.00e+00h  1
2293  9.8868741e-03 4.02e-04 1.34e-02 -11.0 2.65e-01    -  1.00e+00 3.12e-02h  6
2294  9.8863572e-03 8.09e-04 2.60e-02 -11.0 6.54e-01    -  1.00e+00 1.56e-02h  7
2295  9.8861044e-03 8.22e-04 2.87e-02 -11.0 1.58e-01    -  1.00e+00 1.56e-02h  7
2296  9.8856358e-03 7.30e-04 3.49e-02 -11.0 2.74e-02    -  1.00e+00 1.25e-01h  4
2297  9.8850265e-03 5.62e-04 4.55e-02 -11.0 1.19e-02    -  1.00e+00 2.50e-01h  3
2298  9.8812679e-03 1.16e-03 5.06e-02 -11.0 1.11e-01    -  1.00e+00 1.25e-01h  4
2299  9.8801286e-03 1.27e-03 9.13e-02 -11.0 1.10e-01    -  1.00e+00 3.12e-02h  6
iter    objective    inf_pr   inf_du lg(mu)  ||d||  lg(rg) alpha_du alpha_pr  ls
2300  9.8776605e-03 1.44e-03 1.12e-01 -11.0 1.63e-02    -  1.00e+00 2.50e-01h  3
2301  9.8741462e-03 1.21e-03 1.38e-01 -11.0 1.23e-01    -  1.00e+00 1.25e-01h  4
2302  9.8715054e-03 1.31e-03 2.20e-01 -11.0 1.31e+00    -  1.00e+00 1.56e-02h  7
2303  2.2357888e-01 1.06e+01 8.90e+01 -11.0 3.68e+00    -  1.00e+00 1.00e+00w  1
2304  1.8540042e+00 3.22e+01 3.37e+01 -11.0 3.72e+00    -  1.00e+00 1.00e+00w  1
2305  2.6277507e+01 2.89e+01 1.30e+02 -11.0 7.62e+00    -  1.00e+00 1.00e+00w  1
2306  9.8682454e-03 1.27e-03 2.71e-01 -11.0 7.15e+00    -  1.00e+00 3.91e-03h  8
2307  9.8675771e-03 1.21e-03 2.19e-01 -11.0 6.26e-02    -  1.00e+00 6.25e-02h  5
2308  9.8668581e-03 1.14e-03 1.72e-01 -11.0 5.42e-02    -  1.00e+00 6.25e-02h  5
2309  9.8692802e-03 8.96e-04 1.19e-01 -11.0 1.38e-02    -  1.00e+00 2.50e-01h  3
iter    objective    inf_pr   inf_du lg(mu)  ||d||  lg(rg) alpha_du alpha_pr  ls
2310  9.8781689e-03 6.46e-05 7.70e-02 -11.0 3.08e-03    -  1.00e+00 1.00e+00h  1
2311  9.8964876e-03 3.83e-06 1.94e-01 -11.0 7.85e-03    -  1.00e+00 1.00e+00H  1
2312  9.8840650e-03 6.95e-05 1.42e-01 -11.0 2.03e-02    -  1.00e+00 1.25e-01h  4
2313  9.8805750e-03 9.23e-06 3.31e-02 -11.0 1.32e-02    -  1.00e+00 1.00e+00H  1
2314  9.8744205e-03 4.01e-05 3.23e-02 -11.0 1.40e-02    -  1.00e+00 1.25e-01h  4
2315  9.8588032e-03 1.81e-04 2.79e-02 -11.0 5.60e-03    -  1.00e+00 1.00e+00h  1
2316  9.8613191e-03 1.62e-04 7.69e-02 -11.0 9.22e-03    -  1.00e+00 2.50e-01h  3
2317  9.8574734e-03 9.27e-05 4.84e-02 -11.0 9.16e-04    -  1.00e+00 1.00e+00h  1
2318  9.8554156e-03 2.95e-05 2.26e-02 -11.0 1.46e-03    -  1.00e+00 1.00e+00h  1
2319  9.8550930e-03 1.82e-05 1.10e-02 -11.0 1.71e-03    -  1.00e+00 1.00e+00h  1
iter    objective    inf_pr   inf_du lg(mu)  ||d||  lg(rg) alpha_du alpha_pr  ls
2320  9.8603342e-03 1.76e-06 7.16e-02 -11.0 4.63e-03    -  1.00e+00 1.00e+00H  1
2321  9.8716251e-03 1.88e-06 1.96e-01 -11.0 1.05e-02    -  1.00e+00 1.00e+00H  1
2322  9.8693064e-03 1.55e-06 1.99e-01 -11.0 5.75e-03    -  1.00e+00 3.12e-02h  6
2323  9.8503380e-03 2.93e-04 5.06e-02 -11.0 6.64e-03    -  1.00e+00 1.00e+00h  1
2324  9.8508009e-03 2.42e-04 3.77e-02 -11.0 5.50e-03    -  1.00e+00 2.50e-01h  3
2325  9.8502713e-03 1.30e-05 1.52e-02 -11.0 9.25e-04    -  1.00e+00 1.00e+00h  1
2326  9.8492894e-03 2.22e-05 3.21e-02 -11.0 8.38e-04    -  1.00e+00 1.00e+00h  1
2327  9.8482559e-03 2.34e-06 8.27e-03 -11.0 4.57e-04    -  1.00e+00 1.00e+00h  1
2328  9.8476596e-03 7.37e-06 7.39e-03 -11.0 1.57e-03    -  1.00e+00 1.00e+00h  1
2329  9.8462837e-03 9.62e-05 4.11e-02 -11.0 4.39e-02    -  1.00e+00 1.25e-01h  4
iter    objective    inf_pr   inf_du lg(mu)  ||d||  lg(rg) alpha_du alpha_pr  ls
2330  9.8456173e-03 1.12e-04 6.24e-02 -11.0 1.57e-01    -  1.00e+00 1.56e-02h  7
2331  9.8452290e-03 1.28e-04 7.13e-02 -11.0 2.44e-02    -  1.00e+00 1.25e-01h  4
2332  9.8445328e-03 1.33e-04 9.81e-02 -11.0 3.93e-02    -  1.00e+00 6.25e-02h  5
2333  9.8436394e-03 1.10e-03 9.24e-02 -11.0 4.02e-02    -  1.00e+00 5.00e-01h  2
2334  9.8391162e-03 1.56e-03 1.34e-01 -11.0 1.78e+00    -  1.00e+00 7.81e-03h  8
2335  9.8372285e-03 1.56e-03 1.61e-01 -11.0 5.84e-01    -  1.00e+00 7.81e-03h  8
2336  9.8346528e-03 1.74e-03 1.69e-01 -11.0 3.16e-01    -  1.00e+00 3.12e-02h  6
2337  9.8332335e-03 1.73e-03 1.12e-01 -11.0 4.82e-01    -  1.00e+00 1.56e-02h  7
2338  9.8305870e-03 1.77e-03 1.73e-01 -11.0 2.74e-01    -  1.00e+00 6.25e-02h  5
2339  9.7182019e-02 2.32e+01 9.86e+01 -11.0 2.15e+00    -  1.00e+00 1.00e+00w  1
iter    objective    inf_pr   inf_du lg(mu)  ||d||  lg(rg) alpha_du alpha_pr  ls
2340  1.7473776e+03 2.59e+02 4.37e+01 -11.0 2.20e+01    -  1.00e+00 1.00e+00w  1
2341  2.5253139e+02 4.75e+01 2.34e+02 -11.0 3.67e+01    -  1.00e+00 1.00e+00w  1
2342  9.8286028e-03 2.23e-03 1.99e-01 -11.0 1.87e+01    -  1.00e+00 7.81e-03h  7
2343  9.8278716e-03 1.99e-03 2.24e-01 -11.0 4.47e-02    -  1.00e+00 1.25e-01h  4
2344  9.8268455e-03 1.93e-03 2.46e-01 -11.0 3.46e-02    -  1.00e+00 3.12e-02h  6
2345  9.8312027e-03 6.46e-05 4.86e-02 -11.0 4.40e-03    -  1.00e+00 1.00e+00h  1
2346  9.8292625e-03 8.98e-05 1.47e-01 -11.0 1.69e-01    -  1.00e+00 1.56e-02h  7
2347  9.8283588e-03 7.55e-05 1.32e-01 -11.0 4.23e-03    -  1.00e+00 2.50e-01h  3
2348  9.8229096e-03 3.25e-05 6.76e-02 -11.0 1.54e-03    -  1.00e+00 1.00e+00h  1
2349  9.8470033e-03 7.08e-06 7.38e-02 -11.0 4.63e-03    -  1.00e+00 1.00e+00H  1
iter    objective    inf_pr   inf_du lg(mu)  ||d||  lg(rg) alpha_du alpha_pr  ls
2350  9.8211272e-03 1.45e-04 7.97e-03 -11.0 2.32e-03    -  1.00e+00 1.00e+00h  1
2351  9.8239266e-03 1.61e-05 1.27e-02 -11.0 1.32e-03    -  1.00e+00 1.00e+00h  1
2352  9.8195916e-03 5.78e-06 4.18e-03 -11.0 8.38e-04    -  1.00e+00 1.00e+00h  1
2353  9.8192964e-03 1.85e-06 5.04e-03 -11.0 4.26e-04    -  1.00e+00 1.00e+00h  1
2354  9.8178228e-03 2.60e-04 1.39e-02 -11.0 6.89e-02    -  1.00e+00 6.25e-02h  5
2355  9.8172952e-03 4.17e-04 3.01e-02 -11.0 9.25e-02    -  1.00e+00 3.12e-02h  6
2356  9.8168380e-03 1.22e-03 6.14e-02 -11.0 2.22e-02    -  1.00e+00 2.50e-01h  3
2357  9.8164314e-03 1.15e-03 5.53e-02 -11.0 1.09e-02    -  1.00e+00 6.25e-02h  5
2358  9.8137051e-03 1.71e-04 3.13e-02 -11.0 2.07e-03    -  1.00e+00 1.00e+00h  1
2359  9.8127436e-03 2.59e-04 5.25e-02 -11.0 2.49e-02    -  1.00e+00 1.25e-01h  4
iter    objective    inf_pr   inf_du lg(mu)  ||d||  lg(rg) alpha_du alpha_pr  ls
2360  9.8123630e-03 2.88e-04 3.31e-02 -11.0 2.81e-02    -  1.00e+00 3.12e-02h  6
2361  9.8121160e-03 3.18e-04 3.60e-02 -11.0 1.52e-02    -  1.00e+00 1.25e-01h  4
2362  9.8119781e-03 3.83e-04 5.08e-02 -11.0 3.42e-02    -  1.00e+00 6.25e-02h  5
2363  9.8118049e-03 3.78e-04 5.39e-02 -11.0 1.78e-02    -  1.00e+00 6.25e-02h  5
2364  9.8114482e-03 2.00e-04 2.13e-02 -11.0 4.26e-03    -  1.00e+00 5.00e-01h  2
2365  9.8595650e-03 3.08e-07 1.53e-01 -11.0 7.03e-03    -  1.00e+00 1.00e+00H  1
2366  9.8111898e-03 4.44e-04 2.17e-02 -11.0 5.58e-03    -  1.00e+00 1.00e+00h  1
2367  9.8107313e-03 3.67e-04 1.15e-02 -11.0 2.14e-03    -  1.00e+00 2.50e-01h  3
2368  9.8098452e-03 5.00e-06 3.13e-03 -11.0 7.27e-04    -  1.00e+00 1.00e+00h  1
2369  9.8118204e-03 5.69e-08 2.00e-02 -11.0 1.56e-03    -  1.00e+00 1.00e+00H  1
iter    objective    inf_pr   inf_du lg(mu)  ||d||  lg(rg) alpha_du alpha_pr  ls
2370  9.8091860e-03 7.80e-06 7.20e-03 -11.0 4.52e-04    -  1.00e+00 1.00e+00h  1
2371  9.8089587e-03 7.47e-07 9.45e-03 -11.0 3.14e-04    -  1.00e+00 1.00e+00h  1
2372  9.8085042e-03 7.02e-06 4.07e-03 -11.0 1.14e-03    -  1.00e+00 1.00e+00h  1
2373  9.8073702e-03 2.38e-04 1.35e-02 -11.0 2.11e-01    -  1.00e+00 3.12e-02h  6
2374  9.8071571e-03 5.14e-04 3.89e-02 -11.0 2.55e-01    -  1.00e+00 3.12e-02h  6
2375  9.8069358e-03 5.78e-04 4.38e-02 -11.0 1.45e-01    -  1.00e+00 3.12e-02h  6
2376  9.8059344e-03 6.15e-04 4.69e-02 -11.0 7.46e-02    -  1.00e+00 6.25e-02h  5
2377  9.8036841e-03 5.67e-03 9.28e-02 -11.0 1.05e+00    -  1.00e+00 3.12e-02h  6
2378  9.8030888e-03 5.84e-03 1.01e-01 -11.0 1.83e+00    -  1.00e+00 3.91e-03h  9
2379  9.8030480e-03 5.49e-03 8.19e-02 -11.0 5.54e-02    -  1.00e+00 6.25e-02h  5
iter    objective    inf_pr   inf_du lg(mu)  ||d||  lg(rg) alpha_du alpha_pr  ls
2380  9.8016312e-03 5.23e-03 7.12e-02 -11.0 3.56e-02    -  1.00e+00 2.50e-01h  3
2381  9.8011987e-03 5.29e-03 8.59e-02 -11.0 1.15e-01    -  1.00e+00 3.12e-02h  6
2382  9.8027605e-03 4.42e-03 9.16e-02 -11.0 2.13e-02    -  1.00e+00 2.50e-01h  3
2383  9.8700549e-03 5.90e-03 3.11e-01 -11.0 1.89e-02    -  1.00e+00 1.00e+00w  1
2384  1.0323081e-02 1.31e-02 4.32e-01 -11.0 6.89e-02    -  1.00e+00 1.00e+00w  1
2385  1.3137816e-02 4.94e-01 1.28e+00 -11.0 2.86e-01    -  1.00e+00 1.00e+00w  1
2386  9.7978368e-03 3.68e-03 1.10e-01 -11.0 2.39e+00    -  1.00e+00 2.50e-01h  2
2387  9.7972365e-03 3.78e-03 8.54e-02 -11.0 3.85e+01    -  1.00e+00 1.22e-04h 14
2388  9.7965483e-03 3.75e-03 7.25e-02 -11.0 1.42e-01    -  1.00e+00 1.56e-02h  7
2389  9.8010552e-03 3.51e-03 3.63e-02 -11.0 3.23e-02    -  1.00e+00 1.25e-01h  4
iter    objective    inf_pr   inf_du lg(mu)  ||d||  lg(rg) alpha_du alpha_pr  ls
2390  9.8028917e-03 2.04e-03 3.54e-02 -11.0 1.75e-02    -  1.00e+00 5.00e-01h  2
2391  9.8000686e-03 1.82e-03 4.66e-02 -11.0 2.75e-02    -  1.00e+00 1.25e-01h  4
2392  9.8018119e-03 8.80e-04 4.01e-02 -11.0 8.39e-03    -  1.00e+00 1.00e+00h  1
2393  9.7990196e-03 7.78e-04 3.61e-02 -11.0 7.24e-03    -  1.00e+00 1.25e-01h  4
2394  9.7894652e-03 2.50e-04 2.41e-02 -11.0 4.13e-03    -  1.00e+00 1.00e+00h  1
2395  9.7890232e-03 2.32e-04 1.18e-02 -11.0 1.52e-02    -  1.00e+00 1.25e-01h  4
2396  9.7959299e-03 6.03e-05 2.30e-02 -11.0 3.80e-03    -  1.00e+00 1.00e+00h  1
2397  9.7879691e-03 4.64e-05 3.52e-02 -11.0 3.62e-03    -  1.00e+00 1.00e+00h  1
2398  9.8179101e-03 4.64e-08 5.04e-02 -11.0 3.00e-03    -  1.00e+00 1.00e+00H  1
2399  9.7837396e-03 5.99e-04 2.27e-02 -11.0 1.99e-03    -  1.00e+00 1.00e+00h  1
iter    objective    inf_pr   inf_du lg(mu)  ||d||  lg(rg) alpha_du alpha_pr  ls
2400  9.7819871e-03 5.61e-06 1.74e-02 -11.0 2.53e-03    -  1.00e+00 1.00e+00h  1
2401  9.7808137e-03 7.02e-04 6.41e-02 -11.0 2.24e-01    -  1.00e+00 1.25e-01h  4
2402  9.7682337e-03 6.07e-03 1.56e-01 -11.0 5.06e+00    -  1.00e+00 1.56e-02h  7
2403  9.7583935e-03 8.82e-03 3.85e-01 -11.0 1.17e+02    -  1.00e+00 4.88e-04h 12
2404  9.7530161e-03 1.15e-02 3.37e-01 -11.0 3.00e+01    -  1.00e+00 1.95e-03h 10
2405  9.7475263e-03 1.35e-02 4.11e-01 -11.0 1.28e+01    -  1.00e+00 3.91e-03h  9
2406  9.7402189e-03 1.47e-02 4.70e-01 -11.0 5.16e+00    -  1.00e+00 7.81e-03h  8
2407  9.7380954e-03 1.55e-02 6.08e-01 -11.0 4.05e+00    -  1.00e+00 7.81e-03h  8
2408  9.7325085e-03 1.54e-02 6.36e-01 -11.0 3.04e-01    -  1.00e+00 7.81e-03h  8
2409  9.7309415e-03 1.05e-02 3.78e-01 -11.0 1.01e-01    -  1.00e+00 5.00e-01h  2
iter    objective    inf_pr   inf_du lg(mu)  ||d||  lg(rg) alpha_du alpha_pr  ls
2410  9.7244112e-03 1.20e-02 4.74e-01 -11.0 1.13e+01    -  1.00e+00 3.91e-03h  9
2411  1.2094951e-01 2.12e+00 1.00e+01 -11.0 1.81e+00    -  1.00e+00 1.00e+00w  1
2412  1.6747544e+00 5.97e+01 1.48e+02 -11.0 1.23e+00    -  1.00e+00 1.00e+00w  1
2413  5.0052901e+00 2.51e+01 5.25e+01 -11.0 3.75e+00    -  1.00e+00 1.00e+00w  1
2414  9.7201584e-03 1.21e-02 5.26e-01 -11.0 4.48e+00    -  1.00e+00 7.81e-03h  7
2415  9.7438392e-03 6.05e-03 1.83e-01 -11.0 1.25e-02    -  1.00e+00 5.00e-01h  2
2416  9.7392044e-03 1.02e-03 7.13e-02 -11.0 3.17e-03    -  1.00e+00 1.00e+00h  1
2417  9.7099094e-03 9.75e-05 3.00e-02 -11.0 1.45e-03    -  1.00e+00 1.00e+00h  1
2418  9.7084577e-03 8.77e-07 2.26e-02 -11.0 2.59e-04    -  1.00e+00 1.00e+00h  1
2419  9.7015137e-03 7.88e-05 3.40e-02 -11.0 2.07e-03    -  1.00e+00 1.00e+00h  1
iter    objective    inf_pr   inf_du lg(mu)  ||d||  lg(rg) alpha_du alpha_pr  ls
2420  9.6986908e-03 9.68e-05 8.27e-02 -11.0 1.15e-02    -  1.00e+00 1.25e-01h  4
2421  9.6918859e-03 3.53e-04 1.09e-01 -11.0 5.18e-03    -  1.00e+00 1.00e+00h  1
2422  9.6870418e-03 6.57e-04 1.93e-01 -11.0 3.07e-02    -  1.00e+00 1.25e-01h  4
2423  9.6849342e-03 6.16e-04 1.92e-01 -11.0 9.58e-03    -  1.00e+00 2.50e-01h  3
2424  9.6842790e-03 4.67e-04 1.20e-01 -11.0 4.12e-03    -  1.00e+00 1.00e+00h  1
2425  9.6823071e-03 5.28e-04 1.72e-01 -11.0 1.05e-02    -  1.00e+00 1.00e+00H  1
2426  9.6729920e-03 4.86e-04 1.63e-01 -11.0 2.04e-02    -  1.00e+00 1.25e-01h  4
2427  9.6591898e-03 1.10e-03 1.34e-01 -11.0 9.52e-03    -  1.00e+00 5.00e-01h  2
2428  9.6595846e-03 5.18e-04 1.29e-01 -11.0 4.43e-03    -  1.00e+00 5.00e-01h  2
2429  9.6481221e-03 2.20e-04 1.93e-02 -11.0 2.29e-03    -  1.00e+00 1.00e+00h  1
iter    objective    inf_pr   inf_du lg(mu)  ||d||  lg(rg) alpha_du alpha_pr  ls
2430  9.6525595e-03 3.53e-05 1.47e-01 -11.0 1.15e-03    -  1.00e+00 1.00e+00h  1
2431  9.6463867e-03 1.30e-05 1.06e-02 -11.0 9.34e-04    -  1.00e+00 1.00e+00h  1
2432  9.6454886e-03 6.45e-06 1.78e-02 -11.0 6.23e-04    -  1.00e+00 1.00e+00h  1
2433  9.6485083e-03 5.04e-06 8.92e-02 -11.0 4.95e-03    -  1.00e+00 1.00e+00H  1
2434  9.6477133e-03 2.90e-06 8.61e-02 -11.0 1.05e-02    -  1.00e+00 3.12e-02h  6
2435  9.6628971e-03 1.66e-07 1.27e-01 -11.0 8.27e-03    -  1.00e+00 1.00e+00H  1
2436  9.7288265e-03 1.41e-07 2.76e-01 -11.0 5.25e-03    -  1.00e+00 1.00e+00H  1
2437  9.6391398e-03 1.08e-03 3.08e-02 -11.0 5.96e-03    -  1.00e+00 1.00e+00h  1
2438  9.6401709e-03 9.57e-05 4.10e-02 -11.0 1.92e-03    -  1.00e+00 1.00e+00h  1
2439  9.6399349e-03 8.02e-05 4.24e-02 -11.0 1.65e-03    -  1.00e+00 1.00e+00h  1
iter    objective    inf_pr   inf_du lg(mu)  ||d||  lg(rg) alpha_du alpha_pr  ls
2440  9.6488565e-03 2.04e-06 5.32e-02 -11.0 2.39e-03    -  1.00e+00 1.00e+00H  1
2441  9.6373045e-03 1.51e-04 1.28e-02 -11.0 1.97e-03    -  1.00e+00 1.00e+00h  1
2442  9.6388795e-03 9.87e-06 2.94e-02 -11.0 7.67e-04    -  1.00e+00 1.00e+00h  1
2443  9.6367153e-03 6.98e-06 5.73e-03 -11.0 5.19e-04    -  1.00e+00 1.00e+00h  1
2444  9.6365565e-03 9.97e-07 2.35e-03 -11.0 2.66e-04    -  1.00e+00 1.00e+00h  1
2445  9.6362836e-03 4.79e-04 2.01e-02 -11.0 4.87e-02    -  1.00e+00 1.25e-01h  4
2446  9.6361055e-03 4.75e-04 2.78e-02 -11.0 3.61e-02    -  1.00e+00 3.12e-02h  6
2447  9.6349418e-03 2.65e-04 2.57e-02 -11.0 4.40e-03    -  1.00e+00 5.00e-01h  2
2448  9.6922606e-03 2.15e-07 7.62e-02 -11.0 7.24e-03    -  1.00e+00 1.00e+00H  1
2449  9.6401092e-03 3.29e-07 1.59e-02 -11.0 2.75e-03    -  1.00e+00 1.00e+00H  1
iter    objective    inf_pr   inf_du lg(mu)  ||d||  lg(rg) alpha_du alpha_pr  ls
2450  9.6317352e-03 1.22e-04 1.91e-02 -11.0 1.88e-03    -  1.00e+00 1.00e+00h  1
2451  9.6306964e-03 8.98e-06 1.24e-02 -11.0 9.24e-04    -  1.00e+00 1.00e+00h  1
2452  9.6326452e-03 1.11e-05 1.88e-02 -11.0 8.32e-04    -  1.00e+00 1.00e+00h  1
2453  9.6301556e-03 5.19e-06 4.19e-03 -11.0 6.37e-04    -  1.00e+00 1.00e+00h  1
2454  9.6300237e-03 9.54e-07 3.00e-03 -11.0 2.03e-04    -  1.00e+00 1.00e+00h  1
2455  9.6297265e-03 4.47e-05 1.40e-02 -11.0 1.20e-02    -  1.00e+00 1.25e-01h  4
2456  9.6294497e-03 4.65e-05 1.54e-02 -11.0 8.62e-03    -  1.00e+00 1.25e-01h  4
2457  9.6399671e-03 9.41e-08 1.35e-01 -11.0 1.69e-02    -  1.00e+00 1.00e+00H  1
2458  9.6397929e-03 1.51e-07 1.36e-01 -11.0 1.03e-01    -  1.00e+00 1.95e-03h 10
2459  9.6395233e-03 2.13e-07 1.37e-01 -11.0 3.81e-02    -  1.00e+00 3.91e-03h  9
iter    objective    inf_pr   inf_du lg(mu)  ||d||  lg(rg) alpha_du alpha_pr  ls
2460  9.6387054e-03 3.81e-07 1.36e-01 -11.0 9.38e-03    -  1.00e+00 1.56e-02h  7
2461  9.6381785e-03 4.21e-07 1.35e-01 -11.0 1.78e-02    -  1.00e+00 7.81e-03h  8
2462  9.6326320e-03 3.00e-05 1.05e-01 -11.0 2.58e-02    -  1.00e+00 1.25e-01h  4
2463  9.6606351e-03 2.59e-07 1.61e-01 -11.0 4.68e-03    -  1.00e+00 1.00e+00H  1
2464  9.6281163e-03 4.85e-04 4.22e-02 -11.0 8.48e-03    -  1.00e+00 1.00e+00h  1
2465  9.6237594e-03 4.04e-04 3.17e-02 -11.0 9.30e-03    -  1.00e+00 2.50e-01h  3
2466  9.6261770e-03 3.28e-05 6.17e-02 -11.0 1.73e-03    -  1.00e+00 1.00e+00h  1
2467  9.6204259e-03 2.05e-05 8.68e-03 -11.0 1.63e-03    -  1.00e+00 1.00e+00h  1
2468  9.6231894e-03 4.07e-05 4.64e-02 -11.0 1.64e-03    -  1.00e+00 1.00e+00h  1
2469  9.6191973e-03 9.28e-06 1.29e-02 -11.0 8.11e-04    -  1.00e+00 1.00e+00h  1
iter    objective    inf_pr   inf_du lg(mu)  ||d||  lg(rg) alpha_du alpha_pr  ls
2470  9.6190139e-03 2.17e-06 1.19e-02 -11.0 4.93e-04    -  1.00e+00 1.00e+00h  1
2471  9.6184152e-03 1.80e-06 1.06e-02 -11.0 9.52e-04    -  1.00e+00 1.00e+00h  1
2472  9.6170105e-03 6.87e-05 4.84e-02 -11.0 2.39e-02    -  1.00e+00 2.50e-01h  3
2473  9.6166263e-03 7.13e-05 5.62e-02 -11.0 6.12e-02    -  1.00e+00 3.12e-02h  6
2474  9.6336888e-03 2.17e-08 6.81e-02 -11.0 1.19e-02    -  1.00e+00 1.00e+00H  1
2475  9.6330837e-03 1.83e-07 6.81e-02 -11.0 3.92e-02    -  1.00e+00 7.81e-03h  8
2476  9.6326551e-03 2.49e-07 6.77e-02 -11.0 4.19e-01    -  1.00e+00 4.88e-04h 12
2477  9.6322830e-03 3.41e-07 6.80e-02 -11.0 4.98e-01    -  1.00e+00 4.88e-04h 12
2478  9.6318992e-03 4.47e-07 6.72e-02 -11.0 2.28e-01    -  1.00e+00 9.77e-04h 11
2479  9.6245329e-03 3.55e-04 7.58e-02 -11.0 2.14e-01    -  1.00e+00 6.25e-02h  5
iter    objective    inf_pr   inf_du lg(mu)  ||d||  lg(rg) alpha_du alpha_pr  ls
2480  9.6185716e-03 9.38e-04 9.34e-02 -11.0 1.13e+00    -  1.00e+00 1.56e-02h  7
2481  9.6108336e-03 8.13e-03 1.60e-01 -11.0 2.01e+00    -  1.00e+00 3.12e-02h  6
2482  9.6073612e-03 8.12e-03 1.88e-01 -11.0 5.62e-01    -  1.00e+00 1.95e-03h 10
2483  9.5993890e-03 5.02e-03 6.59e-02 -11.0 5.17e-02    -  1.00e+00 1.00e+00h  1
2484  9.5962828e-03 5.37e-03 6.65e-02 -11.0 3.60e+00    -  1.00e+00 3.91e-03h  9
2485  9.5931723e-03 7.56e-03 1.14e-01 -11.0 2.14e+00    -  1.00e+00 1.56e-02h  7
2486  9.5896092e-03 7.59e-03 1.30e-01 -11.0 1.21e+00    -  1.00e+00 1.95e-03h 10
2487  9.5938141e-03 3.85e-03 4.41e-02 -11.0 7.69e-03    -  1.00e+00 5.00e-01h  2
2488  9.5955363e-03 2.92e-03 3.72e-02 -11.0 1.17e-02    -  1.00e+00 2.50e-01h  3
2489  9.6054806e-03 5.53e-04 3.35e-02 -11.0 4.89e-03    -  1.00e+00 1.00e+00h  1
iter    objective    inf_pr   inf_du lg(mu)  ||d||  lg(rg) alpha_du alpha_pr  ls
2490  9.6001888e-03 5.62e-04 9.67e-02 -11.0 2.69e-02    -  1.00e+00 2.50e-01h  3
2491  9.6045520e-03 4.39e-04 7.19e-02 -11.0 1.09e-02    -  1.00e+00 2.50e-01h  3
2492  9.5848934e-03 1.53e-04 1.04e-01 -11.0 2.40e-03    -  1.00e+00 1.00e+00h  1
2493  9.5869737e-03 3.13e-05 6.98e-02 -11.0 1.63e-03    -  1.00e+00 1.00e+00h  1
2494  9.5829059e-03 1.50e-05 2.05e-02 -11.0 1.05e-03    -  1.00e+00 1.00e+00h  1
2495  9.5830621e-03 3.63e-07 2.70e-02 -11.0 1.29e-03    -  1.00e+00 1.00e+00H  1
2496  9.5809809e-03 2.88e-05 6.03e-02 -11.0 1.81e-03    -  1.00e+00 1.00e+00h  1
2497  9.5870637e-03 7.12e-07 5.55e-02 -11.0 5.29e-03    -  1.00e+00 1.00e+00H  1
2498  9.5826766e-03 1.79e-06 8.43e-02 -11.0 2.15e-03    -  1.00e+00 1.00e+00H  1
2499  9.5779886e-03 1.63e-05 1.15e-01 -11.0 1.18e-03    -  1.00e+00 1.00e+00h  1
iter    objective    inf_pr   inf_du lg(mu)  ||d||  lg(rg) alpha_du alpha_pr  ls
2500  9.5734108e-03 2.57e-05 1.19e-02 -11.0 2.06e-03    -  1.00e+00 1.00e+00h  1
2501  9.5736146e-03 6.44e-07 1.52e-02 -11.0 2.93e-03    -  1.00e+00 1.00e+00H  1
2502  9.5835194e-03 1.16e-07 6.21e-02 -11.0 1.63e-02    -  1.00e+00 1.00e+00H  1
2503  9.5832448e-03 5.12e-08 6.33e-02 -11.0 1.00e-01    -  1.00e+00 1.95e-03h 10
2504  9.5830406e-03 7.44e-08 6.35e-02 -11.0 4.23e-02    -  1.00e+00 1.95e-03h 10
2505  9.5828030e-03 1.03e-07 6.34e-02 -11.0 2.90e-02    -  1.00e+00 1.95e-03h 10
2506  9.5722719e-03 3.51e-04 9.69e-02 -11.0 3.06e-02    -  1.00e+00 2.50e-01h  3
2507  9.5669798e-03 4.15e-04 1.29e-01 -11.0 3.94e-02    -  1.00e+00 1.25e-01h  4
2508  9.5634172e-03 4.52e-04 9.39e-02 -11.0 4.52e-02    -  1.00e+00 1.25e-01h  4
2509  9.5587495e-03 5.23e-04 9.50e-02 -11.0 6.96e-02    -  1.00e+00 1.25e-01h  4
iter    objective    inf_pr   inf_du lg(mu)  ||d||  lg(rg) alpha_du alpha_pr  ls
2510  9.5571773e-03 5.37e-04 9.60e-02 -11.0 2.13e-01    -  1.00e+00 1.56e-02h  7
2511  9.5629668e-03 2.61e-04 6.51e-02 -11.0 5.00e-03    -  1.00e+00 5.00e-01h  2
2512  9.5553223e-03 1.14e-04 3.46e-02 -11.0 4.44e-03    -  1.00e+00 1.00e+00h  1
2513  9.5832854e-03 1.60e-08 2.90e-03 -11.0 6.96e-03    -  1.00e+00 1.00e+00H  1
2514  9.5704837e-03 7.54e-04 2.44e-02 -11.0 5.83e-03    -  1.00e+00 1.00e+00h  1
2515  9.5839634e-03 7.89e-09 2.81e-03 -11.0 6.79e-03    -  1.00e+00 1.00e+00H  1
2516  9.5528217e-03 2.12e-04 8.03e-02 -11.0 2.10e-03    -  1.00e+00 1.00e+00h  1
2517  9.5479048e-03 3.07e-04 5.37e-02 -11.0 2.26e-03    -  1.00e+00 1.00e+00h  1
2518  9.5467798e-03 8.20e-06 1.96e-02 -11.0 4.91e-04    -  1.00e+00 1.00e+00h  1
2519  9.5457708e-03 2.12e-05 9.15e-03 -11.0 4.91e-04    -  1.00e+00 1.00e+00h  1
iter    objective    inf_pr   inf_du lg(mu)  ||d||  lg(rg) alpha_du alpha_pr  ls
2520  9.5452768e-03 2.19e-06 5.24e-03 -11.0 5.80e-04    -  1.00e+00 1.00e+00h  1
2521  9.5528309e-03 1.32e-07 7.80e-02 -11.0 9.24e-03    -  1.00e+00 1.00e+00H  1
2522  9.5523680e-03 1.10e-06 8.09e-02 -11.0 4.21e-02    -  1.00e+00 7.81e-03h  8
2523  9.5520196e-03 1.54e-06 8.26e-02 -11.0 1.00e-01    -  1.00e+00 1.95e-03h 10
2524  9.5515719e-03 1.82e-06 8.33e-02 -11.0 4.85e-02    -  1.00e+00 3.91e-03h  9
2525  9.5443763e-03 3.06e-04 1.23e-01 -11.0 4.29e-02    -  1.00e+00 1.25e-01h  4
2526  9.5405432e-03 4.73e-04 1.46e-01 -11.0 7.67e-02    -  1.00e+00 6.25e-02h  5
2527  9.5391678e-03 4.89e-04 1.52e-01 -11.0 2.18e-02    -  1.00e+00 1.25e-01h  4
2528  9.5414290e-03 3.79e-05 1.02e-01 -11.0 1.75e-02    -  1.00e+00 1.00e+00H  1
2529  9.5401588e-03 2.87e-05 8.32e-02 -11.0 2.09e-02    -  1.00e+00 3.12e-02h  6
iter    objective    inf_pr   inf_du lg(mu)  ||d||  lg(rg) alpha_du alpha_pr  ls
2530  9.5337298e-03 1.55e-03 4.80e-02 -11.0 1.31e-02    -  1.00e+00 1.00e+00h  1
2531  9.5336676e-03 1.54e-03 5.93e-02 -11.0 4.52e-02    -  1.00e+00 3.12e-02h  6
2532  9.5359663e-03 7.72e-05 5.29e-02 -11.0 2.82e-03    -  1.00e+00 1.00e+00h  1
2533  9.5350973e-03 2.40e-04 7.11e-02 -11.0 8.47e-03    -  1.00e+00 1.00e+00h  1
2534  9.5330784e-03 2.57e-04 5.45e-02 -11.0 7.54e-02    -  1.00e+00 6.25e-02h  5
2535  9.5325888e-03 3.28e-04 4.20e-02 -11.0 9.36e-03    -  1.00e+00 1.25e-01h  4
2536  9.5287300e-03 1.11e-04 9.59e-03 -11.0 3.87e-03    -  1.00e+00 1.00e+00h  1
2537  9.5282413e-03 1.18e-04 1.34e-02 -11.0 1.21e-02    -  1.00e+00 1.25e-01h  4
2538  9.5289882e-03 4.81e-05 1.24e-02 -11.0 5.29e-03    -  1.00e+00 1.00e+00h  1
2539  9.5260216e-03 1.70e-04 4.90e-02 -11.0 7.47e-02    -  1.00e+00 1.25e-01h  4
iter    objective    inf_pr   inf_du lg(mu)  ||d||  lg(rg) alpha_du alpha_pr  ls
2540  9.5251497e-03 3.72e-04 5.10e-02 -11.0 7.57e-01    -  1.00e+00 1.56e-02h  7
2541  9.5244881e-03 3.93e-04 3.31e-02 -11.0 3.23e-01    -  1.00e+00 1.56e-02h  7
2542  9.5244652e-03 3.77e-04 2.60e-02 -11.0 5.04e-02    -  1.00e+00 6.25e-02h  5
2543  9.5220174e-03 4.32e-04 3.27e-02 -11.0 6.51e-02    -  1.00e+00 1.25e-01h  4
2544  9.5044331e-03 1.02e-02 1.22e-01 -11.0 1.27e+00    -  1.00e+00 6.25e-02h  5
2545  9.4993588e-03 1.05e-02 1.42e-01 -11.0 8.31e+00    -  1.00e+00 1.95e-03h 10
2546  9.4914343e-03 1.09e-02 1.36e-01 -11.0 1.50e+00    -  1.00e+00 1.56e-02h  7
2547  9.4887886e-03 1.10e-02 1.43e-01 -11.0 1.67e+00    -  1.00e+00 7.81e-03h  8
2548  9.4652158e-03 4.34e-02 2.98e-01 -11.0 9.38e+00    -  1.00e+00 1.56e-02h  7
2549  4.7830416e-01 3.20e+01 1.35e+02 -11.0 4.70e+00    -  1.00e+00 1.00e+00w  1
iter    objective    inf_pr   inf_du lg(mu)  ||d||  lg(rg) alpha_du alpha_pr  ls
2550  4.8401410e+03 8.63e+02 1.00e+02 -11.0 1.77e+02    -  1.00e+00 1.00e+00w  1
2551  4.1686217e+03 5.60e+02 3.04e+05 -11.0 1.94e+02    -  1.00e+00 1.00e+00w  1
2552  9.4478881e-03 4.55e-02 2.62e-01 -11.0 2.17e+02    -  1.00e+00 7.81e-03h  7
2553  9.4495571e-03 4.27e-02 2.15e-01 -11.0 8.58e-02    -  1.00e+00 6.25e-02h  5
2554  9.4962242e-03 2.80e-04 1.10e-01 -11.0 1.35e-02    -  1.00e+00 1.00e+00h  1
2555  9.4698337e-03 2.50e-04 8.44e-02 -11.0 2.05e-02    -  1.00e+00 5.00e-01h  2
2556  9.4453656e-03 2.18e-04 4.17e-02 -11.0 7.68e-03    -  1.00e+00 2.50e-01h  3
2557  9.4472210e-03 3.73e-05 9.61e-02 -11.0 2.97e-03    -  1.00e+00 1.00e+00h  1
2558  9.4432208e-03 4.72e-05 3.23e-02 -11.0 1.21e-03    -  1.00e+00 1.00e+00h  1
2559  9.4407655e-03 1.17e-06 3.89e-02 -11.0 6.82e-04    -  1.00e+00 1.00e+00h  1
iter    objective    inf_pr   inf_du lg(mu)  ||d||  lg(rg) alpha_du alpha_pr  ls
2560  9.4389641e-03 6.44e-07 1.18e-02 -11.0 2.79e-04    -  1.00e+00 1.00e+00h  1
2561  9.4383025e-03 7.05e-07 5.06e-03 -11.0 3.21e-04    -  1.00e+00 1.00e+00h  1
2562  9.4347921e-03 1.41e-04 2.31e-02 -11.0 2.73e-03    -  1.00e+00 1.00e+00h  1
2563  9.4331483e-03 2.09e-04 1.93e-02 -11.0 1.80e-02    -  1.00e+00 1.25e-01h  4
2564  9.4985350e-03 5.55e-07 3.02e-01 -11.0 1.37e-02    -  1.00e+00 1.00e+00H  1
2565  9.4843808e-03 1.18e-07 1.02e-01 -11.0 3.58e-03    -  1.00e+00 1.00e+00H  1
2566  9.4197363e-03 3.82e-04 1.06e-01 -11.0 5.70e-03    -  1.00e+00 1.00e+00h  1
2567  9.4308438e-03 4.07e-05 1.14e-01 -11.0 1.46e-03    -  1.00e+00 1.00e+00h  1
2568  9.4190163e-03 1.64e-05 1.21e-02 -11.0 9.01e-04    -  1.00e+00 1.00e+00h  1
2569  9.4179156e-03 3.39e-06 2.14e-02 -11.0 5.84e-04    -  1.00e+00 1.00e+00h  1
iter    objective    inf_pr   inf_du lg(mu)  ||d||  lg(rg) alpha_du alpha_pr  ls
2570  9.4151073e-03 8.04e-04 1.66e-01 -11.0 8.04e-03    -  1.00e+00 1.00e+00h  1
2571  9.4133060e-03 8.66e-04 1.82e-01 -11.0 7.16e-02    -  1.00e+00 3.12e-02h  6
2572  9.4143597e-03 7.61e-04 1.86e-01 -11.0 1.21e-02    -  1.00e+00 2.50e-01h  3
2573  9.4158276e-03 2.35e-04 1.59e-01 -11.0 3.67e-03    -  1.00e+00 1.00e+00h  1
2574  9.4123613e-03 1.35e-04 9.29e-02 -11.0 2.81e-03    -  1.00e+00 5.00e-01h  2
2575  9.4068230e-03 1.71e-04 2.66e-02 -11.0 3.43e-03    -  1.00e+00 1.00e+00h  1
2576  9.4127902e-03 2.37e-05 5.53e-02 -11.0 1.37e-03    -  1.00e+00 1.00e+00h  1
2577  9.4050399e-03 1.02e-05 8.73e-03 -11.0 1.18e-03    -  1.00e+00 1.00e+00h  1
2578  9.4047117e-03 4.58e-07 8.33e-03 -11.0 2.84e-04    -  1.00e+00 1.00e+00h  1
2579  9.4161461e-03 2.46e-08 3.17e-02 -11.0 8.16e-03    -  1.00e+00 1.00e+00H  1
iter    objective    inf_pr   inf_du lg(mu)  ||d||  lg(rg) alpha_du alpha_pr  ls
2580  9.4154202e-03 5.91e-07 3.12e-02 -11.0 2.09e-02    -  1.00e+00 1.56e-02h  7
2581  9.4113104e-03 3.52e-07 8.77e-02 -11.0 3.13e-03    -  1.00e+00 1.00e+00H  1
2582  9.4326422e-03 4.59e-08 2.21e-01 -11.0 3.00e-03    -  1.00e+00 1.00e+00H  1
2583  9.4008573e-03 1.32e-04 1.44e-02 -11.0 3.05e-03    -  1.00e+00 1.00e+00h  1
2584  9.4019297e-03 1.81e-05 1.39e-02 -11.0 1.16e-03    -  1.00e+00 1.00e+00h  1
2585  9.4000908e-03 2.88e-06 1.84e-02 -11.0 6.11e-04    -  1.00e+00 1.00e+00h  1
2586  9.3997307e-03 5.69e-06 5.37e-03 -11.0 2.74e-04    -  1.00e+00 1.00e+00h  1
2587  9.3995886e-03 3.28e-07 1.75e-03 -11.0 1.45e-04    -  1.00e+00 1.00e+00h  1
2588  9.3993466e-03 1.72e-05 6.66e-03 -11.0 1.66e-03    -  1.00e+00 1.00e+00h  1
2589  9.3991234e-03 5.81e-05 3.45e-02 -11.0 1.57e-02    -  1.00e+00 2.50e-01h  3
iter    objective    inf_pr   inf_du lg(mu)  ||d||  lg(rg) alpha_du alpha_pr  ls
2590  9.3986863e-03 6.51e-05 6.81e-02 -11.0 3.79e-02    -  1.00e+00 6.25e-02h  5
2591  9.3985630e-03 7.58e-05 4.87e-02 -11.0 2.56e-02    -  1.00e+00 1.25e-01h  4
2592  9.3981743e-03 8.54e-05 4.96e-02 -11.0 1.86e-02    -  1.00e+00 1.25e-01h  4
2593  9.3977001e-03 1.55e-04 6.73e-02 -11.0 4.06e-02    -  1.00e+00 1.25e-01h  4
2594  9.3961861e-03 5.37e-04 1.45e-01 -11.0 2.02e-01    -  1.00e+00 6.25e-02h  5
2595  9.3952746e-03 5.63e-04 1.41e-01 -11.0 2.41e-01    -  1.00e+00 1.56e-02h  7
2596  9.3940677e-03 1.27e-03 2.34e-01 -11.0 2.43e-01    -  1.00e+00 6.25e-02h  5
2597  9.3916574e-03 1.42e-03 2.37e-01 -11.0 4.93e-01    -  1.00e+00 1.56e-02h  7
2598  9.3868614e-03 9.69e-04 2.01e-01 -11.0 1.22e-01    -  1.00e+00 3.12e-02h  6
2599  1.0317260e-02 2.67e-02 1.06e+00 -11.0 4.98e-02    -  1.00e+00 1.00e+00w  1
iter    objective    inf_pr   inf_du lg(mu)  ||d||  lg(rg) alpha_du alpha_pr  ls
2600  9.3636092e-03 1.17e-02 1.77e-01 -11.0 4.55e-02    -  1.00e+00 1.00e+00h  1
2601  9.3012093e-03 7.55e-03 2.34e-01 -11.0 6.34e-01    -  1.00e+00 6.25e-02h  5
2602  9.3696829e-03 9.03e-03 4.24e-01 -11.0 3.27e+00    -  1.00e+00 1.56e-02h  7
2603  9.3318759e-03 9.07e-03 5.24e-01 -11.0 5.41e-01    -  1.00e+00 1.56e-02h  7
2604  9.3088883e-03 8.13e-03 3.12e-01 -11.0 1.30e-01    -  1.00e+00 2.50e-01h  3
2605  9.2912196e-03 8.83e-03 2.16e-01 -11.0 1.13e+00    -  1.00e+00 3.12e-02h  6
2606  9.2890481e-03 8.28e-03 1.22e-01 -11.0 9.73e-02    -  1.00e+00 6.25e-02h  5
2607  9.3468905e-03 3.88e-03 3.34e-01 -11.0 3.22e-02    -  1.00e+00 1.00e+00h  1
2608  9.3444853e-03 3.66e-03 2.60e-01 -11.0 2.58e-02    -  1.00e+00 6.25e-02h  5
2609  9.3899476e-03 6.82e-04 1.39e-01 -11.0 1.52e-02    -  1.00e+00 1.00e+00h  1
iter    objective    inf_pr   inf_du lg(mu)  ||d||  lg(rg) alpha_du alpha_pr  ls
2610  9.3823844e-03 6.82e-04 1.25e-01 -11.0 4.81e-02    -  1.00e+00 1.25e-01h  4
2611  9.3755488e-03 1.00e-03 1.08e-01 -11.0 9.76e-02    -  1.00e+00 1.25e-01h  4
2612  9.3725202e-03 1.03e-03 1.45e-01 -11.0 2.07e-01    -  1.00e+00 3.12e-02h  6
2613  9.3696554e-03 9.91e-04 3.00e-01 -11.0 2.36e-02    -  1.00e+00 1.25e-01h  4
2614  9.3770956e-03 6.58e-04 2.79e-01 -11.0 7.55e-03    -  1.00e+00 5.00e-01h  2
2615  9.3585030e-03 5.04e-04 2.60e-01 -11.0 8.39e-03    -  1.00e+00 1.00e+00h  1
2616  9.3590775e-03 4.84e-04 1.39e-01 -11.0 8.00e-03    -  1.00e+00 1.25e-01h  4
2617  9.3539131e-03 4.21e-05 2.89e-02 -11.0 2.38e-03    -  1.00e+00 1.00e+00h  1
2618  9.3643007e-03 1.23e-06 3.30e-02 -11.0 3.82e-03    -  1.00e+00 1.00e+00H  1
2619  9.3527360e-03 5.15e-05 2.30e-02 -11.0 1.67e-03    -  1.00e+00 1.00e+00h  1
iter    objective    inf_pr   inf_du lg(mu)  ||d||  lg(rg) alpha_du alpha_pr  ls
2620  9.3548864e-03 2.22e-05 3.84e-02 -11.0 1.09e-03    -  1.00e+00 1.00e+00h  1
2621  9.3510805e-03 8.62e-06 2.07e-03 -11.0 8.46e-04    -  1.00e+00 1.00e+00h  1
2622  9.3505552e-03 5.67e-07 1.32e-02 -11.0 7.68e-04    -  1.00e+00 1.00e+00h  1
2623  9.3501745e-03 4.22e-04 6.09e-02 -11.0 8.12e-02    -  1.00e+00 2.50e-01h  3
2624  9.3495341e-03 4.27e-04 6.05e-02 -11.0 1.80e-01    -  1.00e+00 1.56e-02h  7
2625  9.3491488e-03 7.51e-04 8.35e-02 -11.0 2.70e-02    -  1.00e+00 5.00e-01h  2
2626  9.3443105e-03 2.14e-03 1.33e-01 -11.0 2.95e-01    -  1.00e+00 6.25e-02h  5
2627  9.3435583e-03 2.39e-03 1.05e-01 -11.0 1.98e-01    -  1.00e+00 3.12e-02h  6
2628  9.3365328e-03 3.57e-03 1.21e-01 -11.0 2.78e-01    -  1.00e+00 1.25e-01h  4
2629  9.3355738e-03 3.64e-03 1.09e-01 -11.0 1.09e+00    -  1.00e+00 7.81e-03h  8
iter    objective    inf_pr   inf_du lg(mu)  ||d||  lg(rg) alpha_du alpha_pr  ls
2630  9.3332617e-03 4.60e-03 1.61e-01 -11.0 4.08e-01    -  1.00e+00 6.25e-02h  5
2631  9.3306082e-03 4.73e-03 1.19e-01 -11.0 1.26e+00    -  1.00e+00 7.81e-03h  8
2632  9.3275475e-03 4.90e-03 1.20e-01 -11.0 6.24e-01    -  1.00e+00 1.56e-02h  7
2633  2.4998631e-02 7.65e-01 5.28e+00 -11.0 5.43e-01    -  1.00e+00 1.00e+00w  1
2634  6.9173040e+01 6.07e+01 2.31e+02 -11.0 2.79e+00    -  1.00e+00 1.00e+00w  1
2635  2.8180079e+01 8.14e+01 5.91e+02 -11.0 2.29e+00    -  1.00e+00 1.00e+00w  1
2636  9.3250846e-03 5.56e-03 1.11e-01 -11.0 2.44e+00    -  1.00e+00 3.12e-02h  5
2637  9.3502680e-03 3.54e-04 1.75e-01 -11.0 6.87e-03    -  1.00e+00 1.00e+00h  1
2638  9.3261700e-03 1.43e-04 4.97e-02 -11.0 6.27e-03    -  1.00e+00 1.00e+00h  1
2639  9.3169080e-03 1.35e-04 2.70e-02 -11.0 1.13e-02    -  1.00e+00 2.50e-01h  3
iter    objective    inf_pr   inf_du lg(mu)  ||d||  lg(rg) alpha_du alpha_pr  ls
2640  9.3367377e-03 1.03e-04 1.55e-01 -11.0 1.99e-03    -  1.00e+00 1.00e+00h  1
2641  9.3084336e-03 6.45e-05 1.02e-02 -11.0 1.67e-03    -  1.00e+00 1.00e+00h  1
2642  9.3078076e-03 1.68e-06 1.82e-02 -11.0 4.81e-04    -  1.00e+00 1.00e+00h  1
2643  9.3048987e-03 7.42e-05 2.47e-02 -11.0 3.17e-03    -  1.00e+00 1.00e+00h  1
2644  9.3012401e-03 3.17e-04 7.94e-02 -11.0 9.06e-02    -  1.00e+00 6.25e-02h  5
2645  9.3004403e-03 3.33e-04 8.96e-02 -11.0 6.14e-02    -  1.00e+00 3.12e-02h  6
2646  9.3008001e-03 2.64e-04 6.66e-02 -11.0 6.30e-03    -  1.00e+00 2.50e-01h  3
2647  9.2998284e-03 2.67e-05 5.50e-02 -11.0 9.02e-04    -  1.00e+00 1.00e+00h  1
2648  9.2985860e-03 2.20e-05 6.91e-02 -11.0 6.99e-04    -  1.00e+00 1.00e+00h  1
2649  9.2982545e-03 1.31e-05 3.04e-02 -11.0 1.13e-03    -  1.00e+00 1.00e+00h  1
iter    objective    inf_pr   inf_du lg(mu)  ||d||  lg(rg) alpha_du alpha_pr  ls
2650  9.2981644e-03 8.20e-06 1.18e-02 -11.0 1.04e-03    -  1.00e+00 1.00e+00h  1
2651  9.2998202e-03 1.87e-07 2.92e-02 -11.0 2.26e-03    -  1.00e+00 1.00e+00H  1
2652  9.2987773e-03 1.08e-07 3.29e-02 -11.0 7.90e-04    -  1.00e+00 1.00e+00H  1
2653  9.2965156e-03 8.16e-06 9.50e-03 -11.0 9.14e-04    -  1.00e+00 1.00e+00h  1
2654  9.2963205e-03 1.79e-06 1.55e-02 -11.0 4.65e-04    -  1.00e+00 1.00e+00h  1
2655  9.2959304e-03 2.24e-05 1.64e-02 -11.0 1.80e-03    -  1.00e+00 1.00e+00h  1
2656  9.2952081e-03 2.49e-04 6.45e-02 -11.0 2.63e-02    -  1.00e+00 2.50e-01h  3
2657  9.2948428e-03 3.02e-04 7.84e-02 -11.0 8.69e-02    -  1.00e+00 3.12e-02h  6
2658  9.2942782e-03 3.80e-04 5.63e-02 -11.0 2.79e-02    -  1.00e+00 1.25e-01h  4
2659  9.2938946e-03 3.59e-04 6.30e-02 -11.0 1.14e-02    -  1.00e+00 1.25e-01h  4
iter    objective    inf_pr   inf_du lg(mu)  ||d||  lg(rg) alpha_du alpha_pr  ls
2660  9.2927165e-03 2.77e-04 9.12e-02 -11.0 3.33e-03    -  1.00e+00 2.50e-01h  3
2661  9.2930082e-03 1.08e-04 3.97e-02 -11.0 3.76e-03    -  1.00e+00 1.00e+00h  1
2662  9.2949964e-03 1.54e-04 1.07e-01 -11.0 5.80e-03    -  1.00e+00 5.00e-01h  2
2663  9.2922584e-03 1.01e-04 6.91e-02 -11.0 3.87e-03    -  1.00e+00 5.00e-01h  2
2664  9.2955897e-03 3.26e-05 1.63e-02 -11.0 6.33e-03    -  1.00e+00 1.00e+00H  1
2665  9.2942820e-03 3.57e-05 5.38e-02 -11.0 1.76e-02    -  1.00e+00 6.25e-02h  5
2666  9.2947107e-03 2.31e-06 2.74e-02 -11.0 3.86e-03    -  1.00e+00 1.00e+00H  1
2667  9.2910242e-03 1.07e-04 3.53e-02 -11.0 1.39e-02    -  1.00e+00 2.50e-01h  3
2668  9.3383527e-03 7.23e-08 1.30e-01 -11.0 2.42e-03    -  1.00e+00 1.00e+00H  1
2669  9.2870512e-03 1.60e-04 1.27e-02 -11.0 3.45e-03    -  1.00e+00 1.00e+00h  1
iter    objective    inf_pr   inf_du lg(mu)  ||d||  lg(rg) alpha_du alpha_pr  ls
2670  9.2873397e-03 1.02e-05 1.20e-02 -11.0 2.63e-04    -  1.00e+00 1.00e+00h  1
2671  9.2871114e-03 4.32e-07 4.74e-03 -11.0 2.32e-04    -  1.00e+00 1.00e+00h  1
2672  9.2868164e-03 4.65e-06 9.71e-03 -11.0 8.07e-04    -  1.00e+00 1.00e+00h  1
2673  9.2879224e-03 1.94e-07 4.39e-02 -11.0 4.02e-03    -  1.00e+00 1.00e+00H  1
2674  9.2878004e-03 1.68e-07 4.34e-02 -11.0 1.60e-02    -  1.00e+00 7.81e-03h  8
2675  9.2969802e-03 1.16e-08 3.29e-02 -11.0 3.80e-03    -  1.00e+00 1.00e+00H  1
2676  9.2942835e-03 1.24e-08 5.20e-02 -11.0 1.03e-03    -  1.00e+00 1.00e+00H  1
2677  9.2829912e-03 3.66e-05 2.21e-02 -11.0 9.03e-04    -  1.00e+00 1.00e+00h  1
2678  9.2823677e-03 1.06e-05 1.39e-02 -11.0 1.07e-03    -  1.00e+00 1.00e+00h  1
2679  9.2822327e-03 1.34e-05 3.12e-02 -11.0 1.52e-02    -  1.00e+00 6.25e-02h  5
iter    objective    inf_pr   inf_du lg(mu)  ||d||  lg(rg) alpha_du alpha_pr  ls
2680  9.2883430e-03 3.86e-08 9.98e-02 -11.0 1.62e-02    -  1.00e+00 1.00e+00H  1
2681  9.2882701e-03 6.69e-08 1.01e-01 -11.0 2.64e-01    -  1.00e+00 4.88e-04h 12
2682  9.2882089e-03 7.12e-08 1.02e-01 -11.0 6.96e-02    -  1.00e+00 9.77e-04h 11
2683  9.2867059e-03 3.69e-06 1.11e-01 -11.0 1.68e-02    -  1.00e+00 3.12e-02h  6
2684  9.2846760e-03 8.03e-06 1.16e-01 -11.0 2.17e-02    -  1.00e+00 3.12e-02h  6
2685  9.2837154e-03 8.98e-04 8.65e-02 -11.0 4.72e-02    -  1.00e+00 2.50e-01h  3
2686  9.2823796e-03 8.09e-04 5.02e-02 -11.0 2.44e-02    -  1.00e+00 1.25e-01h  4
2687  9.3101382e-03 5.61e-07 2.39e-01 -11.0 6.76e-03    -  1.00e+00 1.00e+00H  1
2688  9.2809957e-03 1.11e-03 6.43e-02 -11.0 1.18e-02    -  1.00e+00 1.00e+00h  1
2689  9.2768850e-03 1.05e-03 1.67e-01 -11.0 5.03e-02    -  1.00e+00 6.25e-02h  5
iter    objective    inf_pr   inf_du lg(mu)  ||d||  lg(rg) alpha_du alpha_pr  ls
2690  9.2760052e-03 5.48e-04 6.86e-02 -11.0 2.66e-03    -  1.00e+00 5.00e-01h  2
2691  9.2732897e-03 6.63e-05 2.00e-02 -11.0 1.99e-03    -  1.00e+00 1.00e+00h  1
2692  9.2851280e-03 4.71e-06 1.34e-01 -11.0 4.17e-03    -  1.00e+00 1.00e+00H  1
2693  9.2736509e-03 4.84e-05 6.88e-02 -11.0 2.48e-03    -  1.00e+00 1.00e+00h  1
2694  9.2820050e-03 7.50e-06 1.42e-01 -11.0 5.05e-03    -  1.00e+00 1.00e+00H  1
2695  9.2785378e-03 1.12e-04 6.59e-02 -11.0 2.52e-03    -  1.00e+00 1.00e+00h  1
2696  9.2684516e-03 4.73e-05 2.58e-02 -11.0 1.80e-03    -  1.00e+00 1.00e+00h  1
2697  9.2689953e-03 1.90e-05 1.67e-02 -11.0 6.19e-04    -  1.00e+00 1.00e+00h  1
2698  9.2680571e-03 6.18e-06 6.15e-03 -11.0 4.11e-04    -  1.00e+00 1.00e+00h  1
2699  9.2679068e-03 2.77e-07 3.80e-03 -11.0 3.09e-04    -  1.00e+00 1.00e+00h  1
iter    objective    inf_pr   inf_du lg(mu)  ||d||  lg(rg) alpha_du alpha_pr  ls
2700  9.2671509e-03 4.55e-05 1.73e-02 -11.0 4.00e-03    -  1.00e+00 1.00e+00h  1
2701  9.2667681e-03 6.32e-05 1.36e-02 -11.0 8.23e-02    -  1.00e+00 3.12e-02h  6
2702  9.3007975e-03 9.30e-08 1.89e-01 -11.0 1.37e-02    -  1.00e+00 1.00e+00H  1
2703  9.2984246e-03 8.81e-08 1.15e-01 -11.0 1.39e-02    -  1.00e+00 1.00e+00H  1
2704  9.2967833e-03 1.44e-06 1.16e-01 -11.0 2.61e-02    -  1.00e+00 3.91e-03h  9
2705  9.2540955e-03 4.25e-04 6.90e-02 -11.0 7.87e-03    -  1.00e+00 1.00e+00h  1
2706  9.2581712e-03 3.30e-04 5.16e-02 -11.0 1.29e-02    -  1.00e+00 2.50e-01h  3
2707  9.2484452e-03 2.41e-05 2.11e-02 -11.0 2.43e-03    -  1.00e+00 1.00e+00h  1
2708  9.2551712e-03 1.90e-06 5.48e-02 -11.0 3.71e-03    -  1.00e+00 1.00e+00H  1
2709  9.2483512e-03 3.91e-05 7.50e-02 -11.0 3.39e-03    -  1.00e+00 1.00e+00h  1
iter    objective    inf_pr   inf_du lg(mu)  ||d||  lg(rg) alpha_du alpha_pr  ls
2710  9.2661598e-03 6.07e-07 1.15e-01 -11.0 2.71e-03    -  1.00e+00 1.00e+00H  1
2711  9.2403708e-03 2.62e-04 2.18e-02 -11.0 2.16e-03    -  1.00e+00 1.00e+00h  1
2712  9.2387942e-03 1.00e-05 1.11e-02 -11.0 2.34e-03    -  1.00e+00 1.00e+00h  1
2713  9.2357955e-03 3.64e-04 4.43e-02 -11.0 1.79e-01    -  1.00e+00 6.25e-02h  5
2714  9.2340848e-03 8.82e-04 3.77e-02 -11.0 1.67e+00    -  1.00e+00 7.81e-03h  8
2715  9.2327343e-03 9.99e-04 6.95e-02 -11.0 1.73e+00    -  1.00e+00 3.91e-03h  9
2716  9.2306113e-03 1.21e-03 1.17e-01 -11.0 5.60e-01    -  1.00e+00 1.56e-02h  7
2717  9.2281955e-03 1.49e-03 1.71e-01 -11.0 1.32e+00    -  1.00e+00 7.81e-03h  8
2718  9.2253100e-03 1.93e-03 2.64e-01 -11.0 1.63e+00    -  1.00e+00 7.81e-03h  8
2719  9.2201467e-03 3.39e-03 3.08e-01 -11.0 2.78e+00    -  1.00e+00 7.81e-03h  8
iter    objective    inf_pr   inf_du lg(mu)  ||d||  lg(rg) alpha_du alpha_pr  ls
2720  9.2174099e-03 3.46e-03 4.13e-01 -11.0 1.67e+00    -  1.00e+00 3.91e-03h  9
2721  9.2158326e-03 3.09e-03 3.33e-01 -11.0 2.49e-02    -  1.00e+00 1.25e-01h  4
2722  9.2138697e-03 5.06e-03 2.36e-01 -11.0 2.23e-01    -  1.00e+00 1.25e-01h  4
2723  5.5127545e-01 4.45e+00 1.14e+01 -11.0 4.03e-01    -  1.00e+00 1.00e+00w  1
2724  2.8383739e-01 2.16e+00 2.88e+01 -11.0 2.51e-01    -  1.00e+00 1.00e+00w  1
2725  4.4346021e-01 1.01e+01 2.57e+02 -11.0 4.05e-01    -  1.00e+00 1.00e+00w  1
2726  9.2104344e-03 5.03e-03 2.25e-01 -11.0 1.16e+00    -  1.00e+00 3.91e-03h  8
2727  9.2080368e-03 4.40e-03 1.87e-01 -11.0 1.39e-02    -  1.00e+00 1.25e-01h  4
2728  9.2050383e-03 3.38e-03 1.31e-01 -11.0 3.18e-02    -  1.00e+00 2.50e-01h  3
2729  9.2039043e-03 2.53e-03 7.99e-02 -11.0 1.77e-02    -  1.00e+00 2.50e-01h  3
iter    objective    inf_pr   inf_du lg(mu)  ||d||  lg(rg) alpha_du alpha_pr  ls
2730  9.2127596e-03 1.26e-03 1.32e-01 -11.0 5.20e-03    -  1.00e+00 5.00e-01h  2
2731  9.1869025e-03 4.68e-04 3.47e-02 -11.0 6.75e-03    -  1.00e+00 1.00e+00h  1
2732  9.7460982e-03 3.81e-04 1.68e-01 -11.0 1.53e-02    -  1.00e+00 1.00e+00H  1
2733  9.1959381e-03 6.17e-04 3.98e-01 -11.0 1.41e-02    -  1.00e+00 1.00e+00H  1
2734  9.5335705e-03 2.79e-04 1.02e+00 -11.0 9.02e-03    -  1.00e+00 1.00e+00h  1
2735  9.1773572e-03 2.58e-04 2.78e-01 -11.0 6.24e-03    -  1.00e+00 1.00e+00h  1
2736  9.1802473e-03 4.43e-06 8.63e-02 -11.0 1.21e-03    -  1.00e+00 1.00e+00h  1
2737  9.1803328e-03 4.06e-07 1.55e-02 -11.0 2.36e-04    -  1.00e+00 1.00e+00h  1
2738  9.1800622e-03 1.12e-06 5.09e-03 -11.0 1.58e-04    -  1.00e+00 1.00e+00h  1
2739  9.1837428e-03 2.89e-07 8.44e-02 -11.0 3.66e-03    -  1.00e+00 1.00e+00H  1
iter    objective    inf_pr   inf_du lg(mu)  ||d||  lg(rg) alpha_du alpha_pr  ls
2740  9.1861434e-03 1.85e-07 5.05e-02 -11.0 3.06e-03    -  1.00e+00 1.00e+00H  1
2741  9.1846309e-03 2.69e-08 2.04e-03 -11.0 2.07e-03    -  1.00e+00 1.00e+00H  1
2742  9.1747488e-03 1.17e-05 2.12e-02 -11.0 1.03e-03    -  1.00e+00 1.00e+00h  1
2743  9.1744759e-03 1.02e-05 1.87e-02 -11.0 7.70e-04    -  1.00e+00 1.00e+00h  1
2744  9.1740510e-03 3.11e-04 5.96e-02 -11.0 2.30e-02    -  1.00e+00 2.50e-01h  3
2745  9.1737714e-03 3.27e-04 8.11e-02 -11.0 6.39e-02    -  1.00e+00 6.25e-02h  5
2746  9.1728992e-03 2.99e-04 9.08e-02 -11.0 1.37e-02    -  1.00e+00 1.25e-01h  4
2747  9.1710863e-03 1.99e-04 7.60e-02 -11.0 4.34e-03    -  1.00e+00 5.00e-01h  2
2748  9.1692227e-03 1.87e-04 4.71e-02 -11.0 5.70e-03    -  1.00e+00 2.50e-01h  3
2749  9.1698791e-03 1.59e-04 6.52e-02 -11.0 7.12e-03    -  1.00e+00 5.00e-01h  2
iter    objective    inf_pr   inf_du lg(mu)  ||d||  lg(rg) alpha_du alpha_pr  ls
2750  9.1807094e-03 2.99e-07 1.92e-01 -11.0 2.13e-03    -  1.00e+00 1.00e+00H  1
2751  9.1644064e-03 9.09e-05 6.17e-02 -11.0 2.31e-03    -  1.00e+00 1.00e+00h  1
2752  9.1680630e-03 6.82e-07 3.81e-02 -11.0 1.66e-03    -  1.00e+00 1.00e+00H  1
2753  9.1642611e-03 2.35e-05 1.27e-02 -11.0 9.97e-04    -  1.00e+00 1.00e+00h  1
2754  9.1637927e-03 1.85e-05 2.26e-02 -11.0 1.46e-03    -  1.00e+00 1.00e+00h  1
2755  9.1620289e-03 4.08e-04 6.35e-02 -11.0 9.19e-03    -  1.00e+00 1.00e+00h  1
2756  9.1575829e-03 1.53e-03 1.03e-01 -11.0 4.82e-01    -  1.00e+00 3.12e-02h  6
2757  9.1570841e-03 1.69e-03 1.34e-01 -11.0 2.00e-01    -  1.00e+00 3.12e-02h  6
2758  9.1544385e-03 2.22e-03 1.78e-01 -11.0 1.73e-01    -  1.00e+00 6.25e-02h  5
2759  9.1533988e-03 2.28e-03 1.93e-01 -11.0 1.83e-01    -  1.00e+00 3.12e-02h  6
iter    objective    inf_pr   inf_du lg(mu)  ||d||  lg(rg) alpha_du alpha_pr  ls
2760  9.1534692e-03 2.26e-03 1.96e-01 -11.0 9.18e-02    -  1.00e+00 6.25e-02h  5
2761  9.1510440e-03 1.74e-03 1.68e-01 -11.0 9.44e-03    -  1.00e+00 2.50e-01h  3
2762  9.1596323e-03 1.02e-03 1.61e-01 -11.0 8.08e-03    -  1.00e+00 5.00e-01h  2
2763  9.1470034e-03 5.31e-04 1.48e-01 -11.0 7.31e-03    -  1.00e+00 5.00e-01h  2
2764  9.1626477e-03 4.74e-04 1.26e-01 -11.0 2.35e-02    -  1.00e+00 1.00e+00H  1
2765  9.1572858e-03 5.50e-04 1.03e-01 -11.0 1.61e-01    -  1.00e+00 3.12e-02h  6
2766  9.1545895e-03 6.29e-04 1.81e-01 -11.0 1.29e-02    -  1.00e+00 2.50e-01h  3
2767  9.1328473e-03 2.18e-03 6.15e-02 -11.0 1.56e-02    -  1.00e+00 1.00e+00h  1
2768  9.1332830e-03 1.89e-03 8.68e-02 -11.0 1.13e-02    -  1.00e+00 1.25e-01h  4
2769  9.1248804e-03 3.73e-04 3.44e-02 -11.0 7.90e-03    -  1.00e+00 1.00e+00h  1
iter    objective    inf_pr   inf_du lg(mu)  ||d||  lg(rg) alpha_du alpha_pr  ls
2770  9.1606864e-03 3.48e-04 9.84e-02 -11.0 1.30e-02    -  1.00e+00 5.00e-01h  2
2771  9.1235817e-03 1.48e-04 2.18e-02 -11.0 3.35e-03    -  1.00e+00 1.00e+00h  1
2772  9.1236937e-03 1.45e-05 8.19e-03 -11.0 1.06e-03    -  1.00e+00 1.00e+00h  1
2773  9.1217272e-03 3.02e-05 1.20e-02 -11.0 5.15e-04    -  1.00e+00 1.00e+00h  1
2774  9.1213868e-03 3.66e-06 1.23e-02 -11.0 9.55e-04    -  1.00e+00 1.00e+00h  1
2775  9.1206303e-03 2.30e-04 7.72e-02 -11.0 4.86e-02    -  1.00e+00 1.25e-01h  4
2776  9.1189490e-03 7.78e-04 5.72e-02 -11.0 3.18e-01    -  1.00e+00 3.12e-02h  6
2777  9.1177708e-03 8.96e-04 7.06e-02 -11.0 2.97e-01    -  1.00e+00 1.56e-02h  7
2778  9.1141364e-03 1.39e-03 5.64e-02 -11.0 1.54e-01    -  1.00e+00 6.25e-02h  5
2779  9.1105035e-03 2.09e-03 6.99e-02 -11.0 6.72e-01    -  1.00e+00 1.56e-02h  7
iter    objective    inf_pr   inf_du lg(mu)  ||d||  lg(rg) alpha_du alpha_pr  ls
2780  9.1062954e-03 8.45e-03 1.60e-01 -11.0 2.25e+00    -  1.00e+00 1.56e-02h  7
2781  9.1059355e-03 1.26e-02 1.86e-01 -11.0 1.74e+00    -  1.00e+00 1.56e-02h  7
2782  9.1019881e-03 1.27e-02 2.17e-01 -11.0 6.04e-01    -  1.00e+00 1.56e-02h  7
2783  9.1010752e-03 1.91e-02 2.28e-01 -11.0 3.06e-01    -  1.00e+00 1.25e-01h  4
2784  9.0917929e-03 2.17e-02 2.50e-01 -11.0 1.66e+00    -  1.00e+00 1.56e-02h  7
2785  2.5445580e-01 2.18e+01 1.07e+02 -11.0 3.12e+00    -  1.00e+00 1.00e+00w  1
2786  1.2555370e+03 3.25e+02 2.78e+01 -11.0 1.42e+01    -  1.00e+00 1.00e+00w  1
2787  2.2288246e+02 4.85e+01 8.41e+02 -11.0 1.32e+01    -  1.00e+00 1.00e+00w  1
2788  9.0776633e-03 2.40e-02 2.88e-01 -11.0 7.54e+00    -  1.00e+00 7.81e-03h  7
2789  9.0738996e-03 1.81e-02 2.56e-01 -11.0 1.99e-02    -  1.00e+00 2.50e-01h  3
iter    objective    inf_pr   inf_du lg(mu)  ||d||  lg(rg) alpha_du alpha_pr  ls
2790  9.0759558e-03 1.37e-02 2.11e-01 -11.0 1.80e-02    -  1.00e+00 2.50e-01h  3
2791  9.1057668e-03 6.92e-03 1.23e-01 -11.0 7.20e-03    -  1.00e+00 5.00e-01h  2
2792  9.0426078e-03 1.23e-04 9.78e-02 -11.0 3.00e-03    -  1.00e+00 1.00e+00h  1
2793  9.0347938e-03 2.06e-05 3.85e-02 -11.0 1.13e-03    -  1.00e+00 1.00e+00h  1
2794  9.0316979e-03 7.55e-05 2.82e-02 -11.0 2.14e-03    -  1.00e+00 1.00e+00h  1
2795  9.1120791e-03 2.10e-05 1.10e-01 -11.0 1.32e-02    -  1.00e+00 1.00e+00H  1
2796  9.0864017e-03 2.00e-05 1.60e-01 -11.0 1.11e-02    -  1.00e+00 1.00e+00H  1
2797  9.0771904e-03 1.89e-05 1.45e-01 -11.0 8.40e-03    -  1.00e+00 3.12e-02h  6
2798  9.0173226e-03 1.42e-03 2.85e-02 -11.0 8.49e-03    -  1.00e+00 1.00e+00h  1
2799  9.0117598e-03 1.10e-03 4.74e-02 -11.0 5.61e-03    -  1.00e+00 2.50e-01h  3
iter    objective    inf_pr   inf_du lg(mu)  ||d||  lg(rg) alpha_du alpha_pr  ls
2800  9.0047353e-03 3.69e-05 3.10e-02 -11.0 2.04e-03    -  1.00e+00 1.00e+00h  1
2801  9.0070194e-03 8.77e-07 3.72e-02 -11.0 3.98e-03    -  1.00e+00 1.00e+00H  1
2802  9.0022325e-03 7.77e-04 7.33e-02 -11.0 1.82e-02    -  1.00e+00 5.00e-01h  2
2803  9.0004238e-03 8.11e-04 6.17e-02 -11.0 5.21e-02    -  1.00e+00 6.25e-02h  5
2804  8.9977954e-03 6.38e-04 3.52e-02 -11.0 8.38e-03    -  1.00e+00 2.50e-01h  3
2805  8.9984409e-03 2.91e-04 7.01e-02 -11.0 4.57e-03    -  1.00e+00 5.00e-01h  2
2806  8.9967992e-03 1.49e-04 3.24e-02 -11.0 3.90e-03    -  1.00e+00 1.00e+00h  1
2807  9.0105725e-03 3.35e-08 6.63e-02 -11.0 3.14e-03    -  1.00e+00 1.00e+00H  1
2808  8.9929733e-03 1.75e-04 8.44e-03 -11.0 4.43e-03    -  1.00e+00 1.00e+00h  1
2809  8.9935572e-03 1.67e-04 1.86e-02 -11.0 6.20e-03    -  1.00e+00 2.50e-01h  3
iter    objective    inf_pr   inf_du lg(mu)  ||d||  lg(rg) alpha_du alpha_pr  ls
2810  8.9905843e-03 3.69e-05 1.93e-02 -11.0 1.42e-03    -  1.00e+00 1.00e+00h  1
2811  8.9903851e-03 2.00e-05 2.36e-02 -11.0 1.53e-03    -  1.00e+00 1.00e+00h  1
2812  8.9888648e-03 1.24e-05 1.12e-02 -11.0 5.25e-04    -  1.00e+00 1.00e+00h  1
2813  8.9879105e-03 6.80e-06 1.25e-02 -11.0 6.24e-04    -  1.00e+00 1.00e+00h  1
2814  8.9893433e-03 9.93e-07 4.16e-02 -11.0 2.95e-03    -  1.00e+00 1.00e+00H  1
2815  8.9875363e-03 6.51e-04 9.25e-02 -11.0 7.69e-03    -  1.00e+00 1.00e+00h  1
2816  8.9837796e-03 7.83e-04 1.17e-01 -11.0 7.13e-02    -  1.00e+00 6.25e-02h  5
2817  8.9855776e-03 6.09e-04 9.44e-02 -11.0 8.65e-03    -  1.00e+00 2.50e-01h  3
2818  8.9773574e-03 4.34e-05 2.07e-02 -11.0 1.89e-03    -  1.00e+00 1.00e+00h  1
2819  8.9784908e-03 2.89e-06 4.41e-02 -11.0 1.79e-03    -  1.00e+00 1.00e+00H  1
iter    objective    inf_pr   inf_du lg(mu)  ||d||  lg(rg) alpha_du alpha_pr  ls
2820  8.9754658e-03 5.40e-05 2.19e-02 -11.0 2.44e-03    -  1.00e+00 1.00e+00h  1
2821  8.9745593e-03 4.89e-05 3.05e-02 -11.0 6.13e-03    -  1.00e+00 1.25e-01h  4
2822  8.9751778e-03 5.18e-05 3.44e-02 -11.0 2.32e-03    -  1.00e+00 1.00e+00h  1
2823  8.9720257e-03 1.99e-05 3.01e-02 -11.0 8.85e-04    -  1.00e+00 1.00e+00h  1
2824  8.9792574e-03 1.73e-06 5.14e-02 -11.0 2.74e-03    -  1.00e+00 1.00e+00H  1
2825  8.9696920e-03 4.35e-05 5.98e-02 -11.0 2.16e-03    -  1.00e+00 1.00e+00h  1
2826  8.9684988e-03 1.08e-04 4.82e-02 -11.0 4.10e-03    -  1.00e+00 5.00e-01h  2
2827  8.9679651e-03 1.41e-04 8.03e-02 -11.0 2.94e-03    -  1.00e+00 1.00e+00h  1
2828  8.9862274e-03 1.78e-07 5.79e-02 -11.0 4.97e-03    -  1.00e+00 1.00e+00H  1
2829  8.9840818e-03 4.77e-07 5.61e-02 -11.0 4.94e-03    -  1.00e+00 3.12e-02h  6
iter    objective    inf_pr   inf_du lg(mu)  ||d||  lg(rg) alpha_du alpha_pr  ls
2830  8.9675961e-03 3.93e-04 4.97e-02 -11.0 3.18e-03    -  1.00e+00 1.00e+00h  1
2831  8.9594581e-03 9.67e-05 3.78e-02 -11.0 2.91e-03    -  1.00e+00 1.00e+00h  1
2832  8.9730454e-03 2.83e-06 2.85e-02 -11.0 2.59e-03    -  1.00e+00 1.00e+00H  1
2833  8.9551932e-03 1.40e-04 1.92e-02 -11.0 1.58e-03    -  1.00e+00 1.00e+00h  1
2834  8.9538212e-03 3.22e-05 4.49e-03 -11.0 7.60e-04    -  1.00e+00 1.00e+00h  1
2835  8.9537072e-03 2.01e-05 8.16e-03 -11.0 1.25e-03    -  1.00e+00 1.00e+00h  1
2836  8.9544062e-03 7.52e-06 1.13e-01 -11.0 7.36e-03    -  1.00e+00 1.00e+00H  1
2837  8.9508260e-03 5.73e-04 8.83e-02 -11.0 1.34e-01    -  1.00e+00 6.25e-02h  5
2838  8.9469064e-03 2.03e-03 1.75e-01 -11.0 7.93e-01    -  1.00e+00 1.56e-02h  7
2839  8.9461345e-03 2.62e-03 2.46e-01 -11.0 5.12e-01    -  1.00e+00 1.56e-02h  7
iter    objective    inf_pr   inf_du lg(mu)  ||d||  lg(rg) alpha_du alpha_pr  ls
2840  8.9419397e-03 3.59e-03 3.22e-01 -11.0 7.24e-01    -  1.00e+00 1.56e-02h  7
2841  8.9409672e-03 3.61e-03 3.43e-01 -11.0 2.60e-01    -  1.00e+00 1.56e-02h  7
2842  8.9344207e-03 3.10e-03 3.10e-01 -11.0 6.00e-02    -  1.00e+00 2.50e-01h  3
2843  8.9268115e-03 3.16e-03 3.77e-01 -11.0 5.59e-01    -  1.00e+00 1.56e-02h  7
2844  8.9231314e-03 3.30e-03 4.89e-01 -11.0 2.29e-01    -  1.00e+00 3.12e-02h  6
2845  8.9197799e-03 3.57e-03 5.81e-01 -11.0 3.26e-01    -  1.00e+00 3.12e-02h  6
2846  8.9183069e-03 3.58e-03 6.27e-01 -11.0 6.39e-01    -  1.00e+00 7.81e-03h  8
2847  1.3446102e-02 4.12e-01 2.39e+00 -11.0 3.76e-01    -  1.00e+00 1.00e+00w  1
2848  4.9341329e+01 3.67e+01 8.14e+01 -11.0 2.53e+00    -  1.00e+00 1.00e+00w  1
2849  2.1466509e+01 1.21e+02 4.70e+02 -11.0 3.30e+00    -  1.00e+00 1.00e+00w  1
iter    objective    inf_pr   inf_du lg(mu)  ||d||  lg(rg) alpha_du alpha_pr  ls
2850  8.9162512e-03 3.83e-03 7.16e-01 -11.0 3.50e+00    -  1.00e+00 3.12e-02h  5
2851  8.9117313e-03 6.58e-06 1.80e-02 -11.0 7.36e-04    -  1.00e+00 1.00e+00h  1
2852  8.9145008e-03 9.04e-07 1.20e-01 -11.0 1.51e-03    -  1.00e+00 1.00e+00H  1
2853  8.9081116e-03 9.72e-05 2.75e-02 -11.0 9.16e-04    -  1.00e+00 1.00e+00h  1
2854  8.9082033e-03 1.49e-07 5.69e-02 -11.0 1.05e-03    -  1.00e+00 1.00e+00H  1
2855  8.9046229e-03 1.63e-05 2.38e-02 -11.0 7.28e-04    -  1.00e+00 1.00e+00h  1
2856  8.9029776e-03 2.49e-05 1.75e-02 -11.0 1.11e-03    -  1.00e+00 1.00e+00h  1
2857  8.9047197e-03 8.87e-07 1.82e-02 -11.0 6.00e-03    -  1.00e+00 1.00e+00H  1
2858  8.9024678e-03 5.96e-05 2.64e-02 -11.0 2.36e-02    -  1.00e+00 1.25e-01h  4
2859  8.9043205e-03 7.73e-06 7.57e-02 -11.0 3.61e-03    -  1.00e+00 1.00e+00H  1
iter    objective    inf_pr   inf_du lg(mu)  ||d||  lg(rg) alpha_du alpha_pr  ls
2860  8.8963223e-03 7.22e-05 3.33e-02 -11.0 1.91e-03    -  1.00e+00 1.00e+00h  1
2861  8.8913129e-03 6.63e-05 1.26e-02 -11.0 1.74e-03    -  1.00e+00 1.00e+00h  1
2862  8.8921601e-03 2.06e-05 2.53e-02 -11.0 1.68e-03    -  1.00e+00 1.00e+00h  1
2863  8.8890224e-03 2.43e-05 1.13e-02 -11.0 1.47e-03    -  1.00e+00 1.00e+00h  1
2864  8.8998635e-03 1.98e-06 5.83e-02 -11.0 2.63e-03    -  1.00e+00 1.00e+00H  1
2865  8.8863499e-03 5.64e-05 1.98e-02 -11.0 1.26e-03    -  1.00e+00 1.00e+00h  1
2866  8.8851133e-03 8.43e-06 2.47e-02 -11.0 1.16e-03    -  1.00e+00 1.00e+00h  1
2867  8.8830556e-03 4.17e-04 2.07e-02 -11.0 7.35e-03    -  1.00e+00 1.00e+00h  1
2868  8.8819420e-03 5.11e-04 2.77e-02 -11.0 2.30e-01    -  1.00e+00 1.56e-02h  7
2869  8.8812124e-03 4.85e-04 3.58e-02 -11.0 3.21e-02    -  1.00e+00 6.25e-02h  5
iter    objective    inf_pr   inf_du lg(mu)  ||d||  lg(rg) alpha_du alpha_pr  ls
2870  8.8818950e-03 4.09e-04 4.59e-02 -11.0 2.03e-02    -  1.00e+00 2.50e-01h  3
2871  8.8796019e-03 1.84e-03 6.39e-02 -11.0 3.08e-02    -  1.00e+00 2.50e-01h  3
2872  8.8757816e-03 2.03e-03 1.40e-01 -11.0 1.27e-01    -  1.00e+00 3.12e-02h  6
2873  8.8738786e-03 1.82e-03 1.86e-01 -11.0 2.21e-02    -  1.00e+00 1.25e-01h  4
2874  8.8769622e-03 9.34e-04 1.27e-01 -11.0 8.69e-03    -  1.00e+00 5.00e-01h  2
2875  8.8769752e-03 4.07e-04 2.91e-02 -11.0 3.55e-03    -  1.00e+00 1.00e+00h  1
2876  8.8702334e-03 2.12e-04 2.09e-02 -11.0 2.21e-03    -  1.00e+00 5.00e-01h  2
2877  8.8647577e-03 1.77e-04 1.54e-02 -11.0 2.87e-03    -  1.00e+00 1.00e+00h  1
2878  8.8774924e-03 5.58e-06 2.70e-02 -11.0 1.66e-03    -  1.00e+00 1.00e+00H  1
2879  8.8632516e-03 2.85e-04 5.87e-03 -11.0 1.26e-03    -  1.00e+00 1.00e+00h  1
iter    objective    inf_pr   inf_du lg(mu)  ||d||  lg(rg) alpha_du alpha_pr  ls
2880  8.8623783e-03 6.56e-06 6.96e-03 -11.0 5.99e-04    -  1.00e+00 1.00e+00h  1
2881  8.8735407e-03 1.56e-06 4.75e-02 -11.0 1.37e-02    -  1.00e+00 1.00e+00H  1
2882  8.8730083e-03 2.37e-06 5.02e-02 -11.0 2.70e-02    -  1.00e+00 7.81e-03h  8
2883  8.8716038e-03 2.64e-06 5.11e-02 -11.0 5.54e-03    -  1.00e+00 1.00e+00H  1
2884  8.8691378e-03 6.68e-06 4.82e-02 -11.0 1.07e-02    -  1.00e+00 3.12e-02h  6
2885  8.8551864e-03 2.09e-04 3.93e-02 -11.0 2.51e-03    -  1.00e+00 1.00e+00h  1
2886  8.8558975e-03 3.94e-05 5.96e-02 -11.0 1.24e-03    -  1.00e+00 1.00e+00h  1
2887  8.8531781e-03 1.29e-05 1.33e-02 -11.0 8.32e-04    -  1.00e+00 1.00e+00h  1
2888  8.8526525e-03 1.13e-05 1.57e-02 -11.0 3.52e-04    -  1.00e+00 1.00e+00h  1
2889  8.8522509e-03 3.29e-06 9.96e-03 -11.0 3.51e-04    -  1.00e+00 1.00e+00h  1
iter    objective    inf_pr   inf_du lg(mu)  ||d||  lg(rg) alpha_du alpha_pr  ls
2890  8.8522170e-03 3.05e-05 4.46e-03 -11.0 1.69e-03    -  1.00e+00 1.00e+00h  1
2891  8.8704245e-03 5.29e-07 6.49e-02 -11.0 6.44e-03    -  1.00e+00 1.00e+00H  1
2892  8.8583634e-03 3.41e-06 2.50e-02 -11.0 2.22e-03    -  1.00e+00 1.00e+00H  1
2893  8.8485082e-03 8.15e-05 4.62e-02 -11.0 1.99e-03    -  1.00e+00 1.00e+00h  1
2894  8.8481094e-03 8.98e-05 1.86e-02 -11.0 1.48e-03    -  1.00e+00 1.00e+00h  1
2895  8.8473758e-03 1.98e-04 1.93e-02 -11.0 4.56e-03    -  1.00e+00 1.00e+00h  1
2896  8.8471857e-03 1.96e-04 1.43e-02 -11.0 2.39e-02    -  1.00e+00 1.25e-01h  4
2897  8.8445575e-03 1.89e-04 1.80e-02 -11.0 1.50e-02    -  1.00e+00 2.50e-01h  3
2898  8.8454843e-03 2.21e-04 4.67e-02 -11.0 2.31e-02    -  1.00e+00 1.25e-01h  4
2899  8.8415829e-03 1.83e-04 4.02e-02 -11.0 4.40e-03    -  1.00e+00 5.00e-01h  2
iter    objective    inf_pr   inf_du lg(mu)  ||d||  lg(rg) alpha_du alpha_pr  ls
2900  8.8382434e-03 1.42e-04 2.44e-02 -11.0 8.88e-03    -  1.00e+00 2.50e-01h  3
2901  8.8346932e-03 2.60e-04 3.55e-02 -11.0 4.27e-02    -  1.00e+00 1.25e-01h  4
2902  8.8329184e-03 1.49e-03 9.08e-02 -11.0 2.47e-01    -  1.00e+00 6.25e-02h  5
2903  8.8297641e-03 3.01e-03 1.26e-01 -11.0 1.21e+00    -  1.00e+00 1.56e-02h  7
2904  8.8271379e-03 3.71e-03 1.59e-01 -11.0 8.82e-01    -  1.00e+00 1.56e-02h  7
2905  8.8218203e-03 4.70e-03 2.13e-01 -11.0 2.00e+00    -  1.00e+00 7.81e-03h  8
2906  7.1278474e-02 4.87e+00 7.10e+00 -11.0 1.14e+00    -  1.00e+00 1.00e+00w  1
2907  5.1985615e-01 4.44e+00 2.53e+01 -11.0 4.84e-01    -  1.00e+00 1.00e+00w  1
2908  4.7657636e-01 2.92e+00 3.37e+01 -11.0 5.99e-01    -  1.00e+00 1.00e+00w  1
2909  8.8202457e-03 4.98e-03 2.16e-01 -11.0 4.06e-01    -  1.00e+00 7.81e-03h  7
iter    objective    inf_pr   inf_du lg(mu)  ||d||  lg(rg) alpha_du alpha_pr  ls
2910  8.8172881e-03 4.94e-03 2.08e-01 -11.0 1.71e-01    -  1.00e+00 3.12e-02h  6
2911  8.8136180e-03 5.12e-03 1.97e-01 -11.0 9.58e-01    -  1.00e+00 7.81e-03h  8
2912  8.8153647e-03 4.96e-03 1.70e-01 -11.0 5.06e-02    -  1.00e+00 3.12e-02h  6
2913  8.8123289e-03 1.04e-04 7.43e-02 -11.0 4.26e-03    -  1.00e+00 1.00e+00h  1
2914  8.8119401e-03 2.45e-04 2.26e-01 -11.0 8.88e-02    -  1.00e+00 6.25e-02h  5
2915  8.8083312e-03 3.08e-04 9.83e-02 -11.0 4.12e-02    -  1.00e+00 1.25e-01h  4
2916  8.7992215e-03 1.05e-03 7.95e-02 -11.0 1.27e-01    -  1.00e+00 1.25e-01h  4
2917  8.7980467e-03 1.91e-03 9.50e-02 -11.0 1.11e+00    -  1.00e+00 1.56e-02h  7
2918  8.7956396e-03 1.96e-03 1.77e-01 -11.0 1.44e-01    -  1.00e+00 6.25e-02h  5
2919  8.7875797e-03 2.25e-03 8.76e-02 -11.0 1.39e-01    -  1.00e+00 1.25e-01h  4
iter    objective    inf_pr   inf_du lg(mu)  ||d||  lg(rg) alpha_du alpha_pr  ls
2920  8.7785002e-03 2.45e-03 1.26e-01 -11.0 2.71e-01    -  1.00e+00 3.12e-02h  6
2921  8.7720390e-03 2.37e-03 1.32e-01 -11.0 6.71e-02    -  1.00e+00 6.25e-02h  5
2922  8.7600028e-03 2.81e-03 1.71e-01 -11.0 2.72e-01    -  1.00e+00 6.25e-02h  5
2923  8.7567115e-03 3.91e-03 2.74e-01 -11.0 1.54e+00    -  1.00e+00 1.56e-02h  7
2924  4.7472855e-02 6.46e-02 5.67e+00 -11.0 7.75e-02    -  1.00e+00 1.00e+00w  1
2925  1.8725647e-02 1.36e-01 1.24e+00 -11.0 7.18e-02    -  1.00e+00 1.00e+00w  1
2926  1.4978903e-02 6.98e-02 2.38e+00 -11.0 8.09e-02    -  1.00e+00 1.00e+00w  1
2927  8.7566326e-03 3.86e-03 3.10e-01 -11.0 1.67e-01    -  1.00e+00 1.56e-02h  6
2928  8.7591499e-03 2.91e-03 3.18e-01 -11.0 2.27e-02    -  1.00e+00 2.50e-01h  3
2929  8.7664172e-03 3.57e-03 2.50e-01 -11.0 3.75e-02    -  1.00e+00 2.50e-01h  3
iter    objective    inf_pr   inf_du lg(mu)  ||d||  lg(rg) alpha_du alpha_pr  ls
2930  8.7676665e-03 3.19e-03 1.80e-01 -11.0 2.00e-02    -  1.00e+00 1.25e-01h  4
2931  8.7516298e-03 1.46e-04 1.77e-01 -11.0 1.78e-03    -  1.00e+00 1.00e+00h  1
2932  8.7387395e-03 2.03e-05 4.04e-02 -11.0 7.29e-04    -  1.00e+00 1.00e+00h  1
2933  8.7365454e-03 2.43e-05 1.87e-02 -11.0 1.00e-03    -  1.00e+00 1.00e+00h  1
2934  8.8015420e-03 3.71e-06 1.18e-01 -11.0 1.49e-02    -  1.00e+00 1.00e+00H  1
2935  8.7979307e-03 2.80e-06 7.11e-02 -11.0 5.64e-03    -  1.00e+00 1.00e+00H  1
2936  8.7315344e-03 1.09e-03 1.12e-01 -11.0 6.81e-03    -  1.00e+00 1.00e+00h  1
2937  8.7277762e-03 6.80e-04 5.29e-02 -11.0 3.78e-03    -  1.00e+00 5.00e-01h  2
2938  8.7273882e-03 1.58e-04 2.86e-02 -11.0 2.70e-03    -  1.00e+00 1.00e+00h  1
2939  8.7291408e-03 1.23e-04 4.46e-02 -11.0 1.95e-03    -  1.00e+00 1.00e+00h  1
iter    objective    inf_pr   inf_du lg(mu)  ||d||  lg(rg) alpha_du alpha_pr  ls
2940  8.7241183e-03 1.15e-04 2.25e-02 -11.0 2.21e-03    -  1.00e+00 1.00e+00h  1
2941  8.7300559e-03 6.10e-05 1.05e-01 -11.0 1.66e-03    -  1.00e+00 1.00e+00h  1
2942  8.7227048e-03 6.91e-05 6.87e-03 -11.0 2.00e-03    -  1.00e+00 1.00e+00h  1
2943  8.7231124e-03 1.34e-05 1.11e-02 -11.0 1.24e-03    -  1.00e+00 1.00e+00h  1
2944  8.7213091e-03 2.06e-05 6.56e-03 -11.0 1.87e-03    -  1.00e+00 1.00e+00h  1
2945  8.7201752e-03 2.30e-05 8.48e-03 -11.0 7.39e-03    -  1.00e+00 1.25e-01h  4
2946  8.7273942e-03 5.30e-07 6.42e-02 -11.0 3.14e-03    -  1.00e+00 1.00e+00H  1
2947  8.7191097e-03 1.30e-04 4.66e-02 -11.0 4.26e-03    -  1.00e+00 1.00e+00h  1
2948  8.7138269e-03 1.20e-04 2.57e-02 -11.0 1.54e-02    -  1.00e+00 1.25e-01h  4
2949  8.7150139e-03 2.22e-04 7.26e-02 -11.0 2.20e-03    -  1.00e+00 1.00e+00h  1
iter    objective    inf_pr   inf_du lg(mu)  ||d||  lg(rg) alpha_du alpha_pr  ls
2950  8.7089077e-03 7.48e-05 2.82e-02 -11.0 5.13e-03    -  1.00e+00 1.00e+00h  1
2951  8.7107483e-03 8.98e-05 2.14e-02 -11.0 2.41e-02    -  1.00e+00 1.25e-01h  4
2952  8.7042198e-03 4.83e-05 8.39e-02 -11.0 3.23e-03    -  1.00e+00 1.00e+00h  1
2953  8.7021911e-03 7.34e-05 1.04e-01 -11.0 2.07e-02    -  1.00e+00 1.25e-01h  4
2954  8.7052477e-03 5.68e-06 6.28e-02 -11.0 5.79e-03    -  1.00e+00 1.00e+00H  1
2955  8.7032512e-03 6.75e-05 1.64e-01 -11.0 3.71e-02    -  1.00e+00 1.25e-01h  4
2956  8.7003917e-03 1.08e-04 1.95e-01 -11.0 4.56e-02    -  1.00e+00 6.25e-02h  5
2957  8.6981620e-03 3.13e-04 2.67e-01 -11.0 6.28e-02    -  1.00e+00 1.25e-01h  4
2958  8.6969430e-03 3.22e-04 3.05e-01 -11.0 7.05e-02    -  1.00e+00 3.12e-02h  6
2959  8.7136045e-03 1.63e-06 1.53e-01 -11.0 4.03e-03    -  1.00e+00 1.00e+00H  1
iter    objective    inf_pr   inf_du lg(mu)  ||d||  lg(rg) alpha_du alpha_pr  ls
2960  8.7168163e-03 3.59e-08 7.03e-02 -11.0 4.90e-03    -  1.00e+00 1.00e+00H  1
2961  8.6973410e-03 9.24e-04 3.69e-02 -11.0 4.15e-03    -  1.00e+00 5.00e-01h  2
2962  8.6883000e-03 1.10e-04 3.86e-02 -11.0 1.21e-03    -  1.00e+00 1.00e+00h  1
2963  8.6872661e-03 3.42e-06 8.14e-03 -11.0 6.08e-04    -  1.00e+00 1.00e+00h  1
2964  8.6864700e-03 2.32e-05 2.42e-02 -11.0 1.01e-03    -  1.00e+00 1.00e+00h  1
2965  8.6862792e-03 1.42e-04 4.12e-02 -11.0 9.33e-03    -  1.00e+00 2.50e-01h  3
2966  8.6857906e-03 2.27e-04 6.73e-02 -11.0 9.92e-03    -  1.00e+00 2.50e-01h  3
2967  8.6844672e-03 2.60e-04 5.25e-02 -11.0 8.63e-03    -  1.00e+00 2.50e-01h  3
2968  8.7144105e-03 7.28e-08 1.46e-01 -11.0 4.11e-03    -  1.00e+00 1.00e+00H  1
2969  8.6827699e-03 2.11e-04 2.47e-02 -11.0 3.94e-03    -  1.00e+00 1.00e+00h  1
iter    objective    inf_pr   inf_du lg(mu)  ||d||  lg(rg) alpha_du alpha_pr  ls
2970  8.6818562e-03 1.17e-04 6.94e-03 -11.0 2.16e-03    -  1.00e+00 5.00e-01h  2
2971  8.6796185e-03 2.29e-05 1.43e-02 -11.0 1.35e-03    -  1.00e+00 1.00e+00h  1
2972  8.6890064e-03 1.40e-06 6.47e-02 -11.0 7.11e-03    -  1.00e+00 1.00e+00H  1
2973  8.6854352e-03 1.40e-05 5.83e-02 -11.0 1.42e-02    -  1.00e+00 1.25e-01h  4
2974  8.6785853e-03 2.07e-04 4.72e-02 -11.0 1.23e-02    -  1.00e+00 2.50e-01h  3
2975  8.7031584e-03 3.20e-06 1.83e-01 -11.0 7.29e-03    -  1.00e+00 1.00e+00H  1
2976  8.6731901e-03 2.92e-04 2.42e-02 -11.0 3.51e-03    -  1.00e+00 1.00e+00h  1
2977  8.6712358e-03 4.33e-05 3.43e-02 -11.0 2.13e-03    -  1.00e+00 1.00e+00h  1
2978  8.6735332e-03 3.78e-05 6.32e-02 -11.0 2.27e-03    -  1.00e+00 1.00e+00h  1
2979  8.6704151e-03 5.28e-05 3.44e-02 -11.0 2.17e-03    -  1.00e+00 1.00e+00h  1
iter    objective    inf_pr   inf_du lg(mu)  ||d||  lg(rg) alpha_du alpha_pr  ls
2980  8.6712423e-03 8.97e-05 1.61e-02 -11.0 8.93e-04    -  1.00e+00 1.00e+00h  1
2981  8.6676064e-03 5.19e-05 4.87e-03 -11.0 6.49e-04    -  1.00e+00 1.00e+00h  1
2982  8.6671305e-03 3.26e-06 2.58e-03 -11.0 7.92e-04    -  1.00e+00 1.00e+00h  1
2983  8.6650980e-03 5.56e-04 6.79e-02 -11.0 3.34e-01    -  1.00e+00 3.12e-02h  6
2984  8.6641598e-03 6.31e-04 1.22e-01 -11.0 5.50e-01    -  1.00e+00 7.81e-03h  8
2985  8.6633119e-03 6.58e-04 1.51e-01 -11.0 1.95e-01    -  1.00e+00 1.56e-02h  7
2986  8.6628760e-03 6.56e-04 1.25e-01 -11.0 5.54e-02    -  1.00e+00 6.25e-02h  5
2987  8.6612342e-03 9.05e-04 1.18e-01 -11.0 4.60e-02    -  1.00e+00 2.50e-01h  3
2988  8.6520541e-03 4.50e-03 2.79e-01 -11.0 1.83e+00    -  1.00e+00 1.56e-02h  7
2989  8.6495652e-03 5.00e-03 3.26e-01 -11.0 3.03e+00    -  1.00e+00 3.91e-03h  9
iter    objective    inf_pr   inf_du lg(mu)  ||d||  lg(rg) alpha_du alpha_pr  ls
2990  8.6466625e-03 4.96e-03 3.33e-01 -11.0 1.98e-01    -  1.00e+00 7.81e-03h  8
2991  8.6493731e-03 2.48e-03 2.80e-01 -11.0 3.74e-03    -  1.00e+00 5.00e-01h  2
2992  8.6451284e-03 1.43e-03 2.72e-01 -11.0 1.69e-02    -  1.00e+00 5.00e-01h  2
2993  9.5049279e-03 2.02e-02 2.36e-01 -11.0 5.82e-02    -  1.00e+00 1.00e+00w  1
2994  8.9799583e-03 2.40e-02 4.60e-01 -11.0 6.18e-02    -  1.00e+00 1.00e+00w  1
2995  1.0757051e-01 8.92e-01 3.95e+00 -11.0 2.45e-01    -  1.00e+00 1.00e+00w  1
2996  8.6439614e-03 1.49e-03 2.44e-01 -11.0 1.39e-01    -  1.00e+00 1.25e-01h  3
2997  8.6410734e-03 1.37e-03 2.37e-01 -11.0 2.35e-02    -  1.00e+00 2.50e-01h  3
2998  8.6396566e-03 1.39e-03 2.49e-01 -11.0 8.49e-02    -  1.00e+00 6.25e-02h  5
2999  8.6356646e-03 1.01e-03 1.58e-01 -11.0 1.55e-02    -  1.00e+00 2.50e-01h  3
iter    objective    inf_pr   inf_du lg(mu)  ||d||  lg(rg) alpha_du alpha_pr  ls
3000  8.6351561e-03 5.06e-04 4.23e-02 -11.0 1.23e-02    -  1.00e+00 5.00e-01h  2

Number of Iterations....: 3000

                                   (scaled)                 (unscaled)
Objective...............:   8.6351561338862109e-03    8.6351561338862109e-03
Dual infeasibility......:   4.2345763676710842e-02    4.2345763676710842e-02
Constraint violation....:   5.0330558883427724e-04    5.0558389071344266e-04
Variable bound violation:   0.0000000000000000e+00    0.0000000000000000e+00
Complementarity.........:   0.0000000000000000e+00    0.0000000000000000e+00
Overall NLP error.......:   4.2345763676710842e-02    4.2345763676710842e-02


Number of objective function evaluations             = 13592
Number of objective gradient evaluations             = 3001
Number of equality constraint evaluations            = 13645
Number of inequality constraint evaluations          = 0
Number of equality constraint Jacobian evaluations   = 3001
Number of inequality constraint Jacobian evaluations = 0
Number of Lagrangian Hessian evaluations             = 0
Total seconds in IPOPT                               = 3908.748

EXIT: Maximum Number of Iterations Exceeded.
shapovalova [3916s]  loss=0.00864
  [final]  nrmse=0.3758  l2=325.5
saved /orcd/home/002/txenakis/projects/BVPsolver/src/../data/runs/run_367mVpMi/vanderpol_fit.png
saved /orcd/home/002/txenakis/projects/BVPsolver/src/../data/runs/run_367mVpMi/vanderpol_spectral_fit.png
┌ Warning: Attempting to store StiffNN.var"#14#15"{Float64}.
│ JLD2 only stores functions by name.
│  This may not be useful for anonymous functions.
└ @ JLD2 ~/.julia/packages/JLD2/ADycq/src/data/writing_datatypes.jl:447
saved run → /orcd/home/002/txenakis/projects/BVPsolver/src/../data/runs/run_367mVpMi
--------------------------------------
Done: Wed Aug 12 12:14:29 EDT 2026
