Task 74/214: --problem vanderpol --model mlp --profile fast --seed 15 --pretraining none --training shapovalova
Logging to /home/txenakis/projects/BVPsolver/logs/run_main_20252509_74.log
vanderpol  model=mlp d=2 tlen=151 profile=fast seed=15  solver=Kvaerno5  N=218

******************************************************************************
This program contains Ipopt, a library for large-scale nonlinear optimization.
 Ipopt is released as open source code under the Eclipse Public License (EPL).
         For more information visit https://github.com/coin-or/Ipopt
******************************************************************************

This is Ipopt version 3.14.19, running with linear solver MUMPS 5.9.0.

Number of nonzeros in equality constraint Jacobian...:   111742
Number of nonzeros in inequality constraint Jacobian.:        0
Number of nonzeros in Lagrangian Hessian.............:        0

Total number of variables............................:      520
                     variables with only lower bounds:        0
                variables with lower and upper bounds:        0
                     variables with only upper bounds:        0
Total number of equality constraints.................:      304
Total number of inequality constraints...............:        0
        inequality constraints with only lower bounds:        0
   inequality constraints with lower and upper bounds:        0
        inequality constraints with only upper bounds:        0

iter    objective    inf_pr   inf_du lg(mu)  ||d||  lg(rg) alpha_du alpha_pr  ls
   0  7.4885271e-05 1.49e+00 3.58e-06   0.0 0.00e+00    -  0.00e+00 0.00e+00   0
   1  1.6336893e+00 1.08e+00 7.31e+00 -11.0 2.53e+00    -  1.00e+00 2.50e-01h  3
   2  5.4793264e+00 1.28e+00 8.91e+00 -11.0 1.84e+00    -  1.00e+00 5.00e-01h  2
   3  5.7253185e+00 8.85e-01 1.10e+01 -11.0 8.98e-01    -  1.00e+00 2.50e-01h  3
   4  5.0520121e+00 6.77e-01 1.05e+01 -11.0 1.04e+00    -  1.00e+00 2.50e-01h  3
   5  3.7982878e+00 9.12e-01 7.83e+00 -11.0 2.09e+02    -  1.00e+00 1.95e-03f 10
   6  5.4258725e+00 6.00e-01 1.31e+01 -11.0 6.75e-01    -  1.00e+00 1.00e+00H  1
   7  4.3795166e+00 4.63e-01 3.44e+00 -11.0 3.64e-01    -  1.00e+00 1.00e+00h  1
   8  3.3786844e+00 1.43e-01 3.17e+00 -11.0 2.16e-01    -  1.00e+00 1.00e+00h  1
   9  2.6802955e+00 2.93e-01 5.13e+00 -11.0 5.47e-01    -  1.00e+00 5.00e-01h  2
iter    objective    inf_pr   inf_du lg(mu)  ||d||  lg(rg) alpha_du alpha_pr  ls
  10  2.1040277e+00 3.37e-01 7.82e+00 -11.0 6.88e-01    -  1.00e+00 2.50e-01h  3
  11  1.2689109e+00 1.25e+00 1.47e+01 -11.0 1.52e+00    -  1.00e+00 2.50e-01h  3
  12  1.1855354e+00 1.49e+00 1.11e+01 -11.0 8.02e-01    -  1.00e+00 1.00e+00h  1
  13  9.4374549e-01 4.31e-01 1.04e+01 -11.0 5.62e-01    -  1.00e+00 1.00e+00H  1
  14  7.2408499e-01 4.61e-01 1.82e+00 -11.0 2.36e-01    -  1.00e+00 1.00e+00h  1
  15  4.6713801e-01 2.16e-01 3.62e+00 -11.0 1.82e-01    -  1.00e+00 1.00e+00h  1
  16  3.2628335e-01 4.96e-01 4.21e+00 -11.0 3.71e-01    -  1.00e+00 5.00e-01h  2
  17  2.2401826e-01 5.09e-01 1.93e+00 -11.0 1.44e-01    -  1.00e+00 1.00e+00h  1
  18  1.7695040e-01 2.92e-01 1.18e+00 -11.0 1.26e-01    -  1.00e+00 1.00e+00h  1
  19  2.2317640e-01 9.83e-02 2.16e+01 -11.0 1.56e-01    -  1.00e+00 1.00e+00H  1
iter    objective    inf_pr   inf_du lg(mu)  ||d||  lg(rg) alpha_du alpha_pr  ls
  20  1.2665516e-01 1.28e-01 9.01e+00 -11.0 1.30e-01    -  1.00e+00 1.00e+00h  1
  21  1.0439828e-01 1.02e-01 3.82e+00 -11.0 1.02e-01    -  1.00e+00 1.00e+00h  1
  22  9.5910712e-02 1.23e-01 9.56e+00 -11.0 1.01e-01    -  1.00e+00 1.00e+00h  1
  23  7.2082681e-02 1.77e-01 6.04e+00 -11.0 3.22e-01    -  1.00e+00 5.00e-01h  2
  24  9.1764752e-02 1.10e-01 3.93e+00 -11.0 1.12e-01    -  1.00e+00 1.00e+00h  1
  25  6.5359053e-02 3.06e-02 1.45e+02 -11.0 7.97e-02    -  1.00e+00 1.00e+00h  1
  26  6.9384635e-02 1.79e-02 4.93e+01 -11.0 5.93e-02    -  1.00e+00 1.00e+00h  1
  27  7.3279767e-02 4.79e-02 3.24e+01 -11.0 3.92e-02    -  1.00e+00 1.00e+00h  1
  28  7.9495658e-02 1.20e-02 1.99e+01 -11.0 2.64e-02    -  1.00e+00 1.00e+00h  1
  29  7.5104896e-02 1.39e-02 3.17e+01 -11.0 7.60e-02    -  1.00e+00 5.00e-01h  2
iter    objective    inf_pr   inf_du lg(mu)  ||d||  lg(rg) alpha_du alpha_pr  ls
  30  8.0988468e-02 7.13e-03 1.27e+01 -11.0 4.22e-02    -  1.00e+00 1.00e+00h  1
  31  7.3925943e-02 8.36e-03 1.91e+01 -11.0 3.94e-02    -  1.00e+00 1.00e+00h  1
  32  6.7355168e-02 1.75e-02 9.92e+00 -11.0 3.46e-02    -  1.00e+00 1.00e+00h  1
  33  6.7932045e-02 1.53e-02 1.38e+01 -11.0 4.67e-02    -  1.00e+00 2.50e-01h  3
  34  8.0690870e-02 6.77e-03 2.97e+01 -11.0 2.49e-02    -  1.00e+00 1.00e+00h  1
  35  7.9093636e-02 1.99e-03 9.20e+00 -11.0 1.15e-02    -  1.00e+00 1.00e+00h  1
  36  7.7829432e-02 4.79e-03 6.81e+00 -11.0 1.50e-02    -  1.00e+00 1.00e+00h  1
  37  7.4036393e-02 4.04e-03 8.98e+00 -11.0 1.21e-01    -  1.00e+00 1.25e-01h  4
  38  7.2134328e-02 4.95e-03 1.42e+01 -11.0 2.26e-01    -  1.00e+00 3.12e-02h  6
  39  7.1126302e-02 5.00e-03 1.60e+01 -11.0 1.59e-01    -  1.00e+00 3.12e-02h  6
iter    objective    inf_pr   inf_du lg(mu)  ||d||  lg(rg) alpha_du alpha_pr  ls
  40  7.0162142e-02 4.74e-03 1.63e+01 -11.0 8.06e-02    -  1.00e+00 6.25e-02h  5
  41  6.3582771e-02 6.92e-02 9.18e+00 -11.0 1.58e-01    -  1.00e+00 5.00e-01h  2
  42  5.4466860e-02 5.00e-02 8.41e+00 -11.0 2.54e-01    -  1.00e+00 2.50e-01h  3
  43  5.0150297e-02 5.19e-02 1.33e+01 -11.0 2.13e+00    -  1.00e+00 1.56e-02h  7
  44  5.2323811e-02 5.00e-02 1.36e+01 -11.0 5.13e-01    -  1.00e+00 6.25e-02h  5
  45  6.1951217e-02 7.95e-02 9.70e+00 -11.0 1.85e+00    -  1.00e+00 3.12e-02h  6
  46  5.1942094e-02 1.15e-01 8.41e+00 -11.0 1.96e+01    -  1.00e+00 1.95e-03h 10
  47  1.0027227e+02 8.79e+00 9.55e+01 -11.0 3.79e+00    -  1.00e+00 1.00e+00w  1
  48  2.7514389e+01 1.03e+01 1.22e+02 -11.0 5.22e+00    -  1.00e+00 1.00e+00w  1
  49  1.8847756e+01 5.09e+00 7.95e+01 -11.0 2.35e+00    -  1.00e+00 1.00e+00w  1
iter    objective    inf_pr   inf_du lg(mu)  ||d||  lg(rg) alpha_du alpha_pr  ls
  50  5.0696094e-02 1.16e-01 8.20e+00 -11.0 1.24e+00    -  1.00e+00 1.95e-03h  9
  51  5.3061570e-02 9.44e-02 1.69e+01 -11.0 1.96e-01    -  1.00e+00 2.50e-01h  3
  52  4.5537107e-02 9.67e-02 7.20e+00 -11.0 6.20e-01    -  1.00e+00 6.25e-02h  5
  53  4.5424974e-02 9.73e-02 9.34e+00 -11.0 2.37e+00    -  1.00e+00 3.91e-03h  9
  54  4.5388493e-02 9.78e-02 7.17e+00 -11.0 2.37e+00    -  1.00e+00 3.91e-03h  9
  55  4.5304083e-02 9.83e-02 9.19e+00 -11.0 2.27e+00    -  1.00e+00 3.91e-03h  9
  56  4.6774044e-02 3.23e-02 6.04e-01 -11.0 3.81e-02    -  1.00e+00 1.00e+00h  1
  57  4.9470302e-02 1.61e-02 8.02e+00 -11.0 4.04e-02    -  1.00e+00 5.00e-01h  2
  58  5.0173753e-02 1.31e-02 1.61e+00 -11.0 8.67e-02    -  1.00e+00 2.50e-01h  3
  59  6.4652566e-02 5.98e-03 1.21e+01 -11.0 4.81e-02    -  1.00e+00 1.00e+00H  1
iter    objective    inf_pr   inf_du lg(mu)  ||d||  lg(rg) alpha_du alpha_pr  ls
  60  6.3255992e-02 2.43e-03 5.00e+00 -11.0 1.21e-02    -  1.00e+00 1.00e+00h  1
  61  6.4906366e-02 3.33e-04 5.95e+00 -11.0 1.14e-02    -  1.00e+00 1.00e+00H  1
  62  6.3752578e-02 1.01e-03 2.75e+00 -11.0 9.81e-03    -  1.00e+00 1.00e+00h  1
  63  6.3116146e-02 2.59e-04 1.96e+00 -11.0 6.60e-03    -  1.00e+00 1.00e+00h  1
  64  6.2183161e-02 1.24e-03 1.24e+00 -11.0 1.47e-02    -  1.00e+00 1.00e+00h  1
  65  6.1798347e-02 1.84e-03 3.09e+00 -11.0 9.74e-02    -  1.00e+00 1.25e-01h  4
  66  6.0737002e-02 3.80e-03 5.27e+00 -11.0 3.96e-02    -  1.00e+00 1.00e+00h  1
  67  5.8673464e-02 3.74e-03 3.25e+00 -11.0 1.97e-02    -  1.00e+00 5.00e-01h  2
  68  5.9343871e-02 1.44e-03 2.64e+00 -11.0 1.49e-02    -  1.00e+00 5.00e-01h  2
  69  5.9319826e-02 1.47e-03 2.33e+00 -11.0 5.23e-02    -  1.00e+00 2.50e-01h  3
iter    objective    inf_pr   inf_du lg(mu)  ||d||  lg(rg) alpha_du alpha_pr  ls
  70  5.8735775e-02 1.54e-03 5.53e+00 -11.0 3.18e-02    -  1.00e+00 2.50e-01h  3
  71  5.8632980e-02 1.41e-03 5.64e+00 -11.0 2.80e-02    -  1.00e+00 5.00e-01h  2
  72  5.7944133e-02 2.71e-03 3.47e+00 -11.0 1.83e-01    -  1.00e+00 1.25e-01h  4
  73  5.7506922e-02 5.39e-03 4.56e+00 -11.0 3.33e-01    -  1.00e+00 3.12e-02h  6
  74  5.6974266e-02 6.46e-03 5.60e+00 -11.0 1.36e+00    -  1.00e+00 7.81e-03h  8
  75  5.6722769e-02 7.80e-03 8.10e+00 -11.0 2.90e+00    -  1.00e+00 3.91e-03h  9
  76  5.6705188e-02 8.80e-03 1.03e+01 -11.0 3.29e+03    -  1.00e+00 3.81e-06h 19
  77  1.1692773e+06 6.46e+02 1.10e+03 -11.0 6.43e+02    -  1.00e+00 1.00e+00w  1
  78  8.9030278e+01 2.60e+00 3.84e+02 -11.0 6.42e+02    -  1.00e+00 1.00e+00w  1
  79  8.1514590e+02 1.10e+01 2.08e+02 -11.0 8.00e+00    -  1.00e+00 1.00e+00w  1
iter    objective    inf_pr   inf_du lg(mu)  ||d||  lg(rg) alpha_du alpha_pr  ls
  80  5.6397940e-02 8.14e-03 9.50e+00 -11.0 6.45e+00    -  1.00e+00 1.53e-05h 16
  81  5.5305953e-02 2.68e-03 2.09e+01 -11.0 4.34e-02    -  1.00e+00 1.00e+00H  1
  82  5.4017246e-02 1.62e-03 1.52e+01 -11.0 4.00e-02    -  1.00e+00 2.50e-01h  3
  83  4.8751926e-02 4.43e-03 2.68e+00 -11.0 2.72e-01    -  1.00e+00 6.25e-02h  5
  84  5.1540909e-02 3.70e-03 6.83e+00 -11.0 2.79e-02    -  1.00e+00 5.00e-01h  2
  85  5.1102821e-02 4.09e-03 8.27e+00 -11.0 9.38e-02    -  1.00e+00 1.25e-01h  4
  86  5.7075433e-02 1.57e-03 5.65e+00 -11.0 4.72e-02    -  1.00e+00 1.00e+00H  1
  87  5.6724827e-02 4.09e-04 5.07e+00 -11.0 2.09e-02    -  1.00e+00 1.00e+00h  1
  88  5.6657933e-02 1.00e-03 7.61e-01 -11.0 4.91e-03    -  1.00e+00 1.00e+00h  1
  89  5.6554265e-02 6.20e-04 2.51e+00 -11.0 1.03e-01    -  1.00e+00 6.25e-02h  5
iter    objective    inf_pr   inf_du lg(mu)  ||d||  lg(rg) alpha_du alpha_pr  ls
  90  5.6146311e-02 2.04e-04 1.13e+00 -11.0 3.73e-03    -  1.00e+00 1.00e+00h  1
  91  5.6517288e-02 4.65e-05 9.93e-01 -11.0 2.59e-03    -  1.00e+00 1.00e+00h  1
  92  5.6383513e-02 3.15e-05 4.35e-01 -11.0 1.51e-03    -  1.00e+00 1.00e+00h  1
  93  5.6300235e-02 1.15e-04 4.68e-01 -11.0 2.11e-02    -  1.00e+00 1.25e-01h  4
  94  5.6267236e-02 1.26e-04 6.04e-01 -11.0 8.77e-02    -  1.00e+00 1.56e-02h  7
  95  5.6125379e-02 5.41e-04 1.12e+00 -11.0 9.62e-02    -  1.00e+00 6.25e-02h  5
  96  5.6064434e-02 7.30e-04 1.30e+00 -11.0 1.01e-01    -  1.00e+00 3.12e-02h  6
  97  5.6004921e-02 4.99e-05 3.22e+00 -11.0 2.01e-03    -  1.00e+00 1.00e+00h  1
  98  5.5995099e-02 1.30e-05 3.58e-01 -11.0 1.20e-03    -  1.00e+00 1.00e+00h  1
  99  5.5964059e-02 9.02e-06 4.72e-01 -11.0 1.32e-03    -  1.00e+00 1.00e+00h  1
iter    objective    inf_pr   inf_du lg(mu)  ||d||  lg(rg) alpha_du alpha_pr  ls
 100  5.5509885e-02 2.11e-04 2.11e+00 -11.0 1.22e-02    -  1.00e+00 1.00e+00H  1
 101  5.5321423e-02 3.70e-04 1.18e+00 -11.0 5.26e-01    -  1.00e+00 1.56e-02h  7
 102  5.5140957e-02 9.13e-04 1.08e+00 -11.0 2.36e+00    -  1.00e+00 3.91e-03h  9
 103  5.4978190e-02 1.01e-03 9.76e-01 -11.0 5.76e-02    -  1.00e+00 1.25e-01h  4
 104  5.4889981e-02 1.07e-03 1.09e+00 -11.0 2.62e+01    -  1.00e+00 1.22e-04h 14
 105  5.4381182e-02 2.11e-02 8.20e+00 -11.0 1.44e+01  -4.0 1.00e+00 3.91e-03h  9
 106  5.4063195e-02 3.61e-02 6.88e+00 -11.0 1.15e-01    -  1.00e+00 5.00e-01h  2
 107  5.0898936e-02 2.66e-02 4.48e+00 -11.0 2.91e-01    -  1.00e+00 1.25e-01h  4
 108  5.2103494e-02 2.45e-02 1.17e+01 -11.0 3.52e-02    -  1.00e+00 1.00e+00h  1
 109  5.4120481e-02 1.05e-02 3.65e+00 -11.0 2.20e-02    -  1.00e+00 1.00e+00h  1
iter    objective    inf_pr   inf_du lg(mu)  ||d||  lg(rg) alpha_du alpha_pr  ls
 110  5.3852464e-02 1.51e-02 2.79e+00 -11.0 5.28e-02    -  1.00e+00 5.00e-01h  2
 111  5.3281143e-02 1.18e-02 7.56e+00 -11.0 1.09e-01    -  1.00e+00 2.50e-01h  3
 112  5.2992872e-02 6.36e-03 6.18e+00 -11.0 1.12e-01    -  1.00e+00 2.50e-01h  3
 113  5.2966336e-02 6.81e-03 6.87e+00 -11.0 3.10e-01    -  1.00e+00 3.12e-02h  6
 114  5.2584782e-02 7.62e-03 4.11e+00 -11.0 7.32e-01    -  1.00e+00 3.12e-02h  6
 115  5.2494554e-02 7.47e-03 4.93e+00 -11.0 3.98e-02    -  1.00e+00 5.00e-01h  2
 116  5.1725014e-02 1.14e-02 3.79e+00 -11.0 1.57e-01    -  1.00e+00 1.25e-01h  4
 117  5.1625830e-02 1.17e-02 3.72e+00 -11.0 7.87e-01    -  1.00e+00 7.81e-03h  8
 118  5.1592583e-02 1.23e-02 3.72e+00 -11.0 1.56e+00    -  1.00e+00 3.91e-03h  9
 119  5.1506102e-02 1.26e-02 3.74e+00 -11.0 7.03e-01    -  1.00e+00 7.81e-03h  8
iter    objective    inf_pr   inf_du lg(mu)  ||d||  lg(rg) alpha_du alpha_pr  ls
 120  5.2041515e-02 2.01e-03 1.27e+00 -11.0 1.24e-02    -  1.00e+00 1.00e+00h  1
 121  5.1999006e-02 6.93e-04 4.33e+00 -11.0 5.41e-03    -  1.00e+00 1.00e+00h  1
 122  5.1328093e-02 3.44e-04 1.29e+00 -11.0 6.32e-03    -  1.00e+00 1.00e+00h  1
 123  5.1142274e-02 1.43e-03 3.33e+00 -11.0 6.34e-03    -  1.00e+00 1.00e+00h  1
 124  5.0645660e-02 5.94e-04 1.32e+00 -11.0 7.19e-03    -  1.00e+00 1.00e+00h  1
 125  5.0690768e-02 5.38e-04 2.11e+00 -11.0 5.23e-03    -  1.00e+00 1.00e+00h  1
 126  5.0828165e-02 2.70e-04 2.47e+00 -11.0 5.36e-03    -  1.00e+00 1.00e+00h  1
 127  5.0735453e-02 3.92e-04 2.21e-01 -11.0 1.71e-02    -  1.00e+00 2.50e-01h  3
 128  5.0529764e-02 1.46e-03 2.50e+00 -11.0 1.05e-02    -  1.00e+00 1.00e+00h  1
 129  5.0364278e-02 1.50e-03 1.02e+00 -11.0 8.89e-02    -  1.00e+00 1.25e-01h  4
iter    objective    inf_pr   inf_du lg(mu)  ||d||  lg(rg) alpha_du alpha_pr  ls
 130  5.1837153e-02 3.94e-04 1.27e+01 -11.0 3.78e-02    -  1.00e+00 1.00e+00H  1
 131  5.1640413e-02 4.07e-04 1.20e+01 -11.0 6.62e-02    -  1.00e+00 3.12e-02h  6
 132  5.0318733e-02 8.93e-03 5.20e+00 -11.0 5.88e-02    -  1.00e+00 5.00e-01h  2
 133  4.3030714e-02 1.29e-02 9.83e+00 -11.0 3.96e-02    -  1.00e+00 1.00e+00h  1
 134  4.2534058e-02 2.72e-02 1.43e+01 -11.0 2.63e-01    -  1.00e+00 1.25e-01h  4
 135  4.2490255e-02 2.39e-02 1.29e+01 -11.0 6.63e-02    -  1.00e+00 2.50e-01h  3
 136  4.3977956e-02 1.20e-02 2.73e+00 -11.0 3.21e-02    -  1.00e+00 5.00e-01h  2
 137  4.6401126e-02 6.54e-03 2.08e+00 -11.0 2.32e-02    -  1.00e+00 5.00e-01h  2
 138  4.8256853e-02 4.48e-03 4.33e+00 -11.0 1.93e-02    -  1.00e+00 5.00e-01h  2
 139  4.8565500e-02 3.82e-03 2.10e+00 -11.0 3.01e-02    -  1.00e+00 2.50e-01h  3
iter    objective    inf_pr   inf_du lg(mu)  ||d||  lg(rg) alpha_du alpha_pr  ls
 140  4.8248197e-02 3.83e-03 5.30e+00 -11.0 8.78e-02    -  1.00e+00 1.25e-01h  4
 141  4.9188239e-02 3.23e-03 5.06e+00 -11.0 2.15e-02    -  1.00e+00 5.00e-01h  2
 142  4.9352721e-02 2.35e-03 5.00e+00 -11.0 3.72e-02    -  1.00e+00 5.00e-01h  2
 143  4.9897245e-02 1.87e-03 2.55e+00 -11.0 1.91e-02    -  1.00e+00 5.00e-01h  2
 144  6.0493439e-02 1.09e-02 2.30e+01 -11.0 4.58e-02    -  1.00e+00 1.00e+00w  1
 145  5.2488204e-02 2.36e-01 3.01e+01 -11.0 1.81e-01    -  1.00e+00 1.00e+00w  1
 146  4.6707950e-02 2.78e-02 9.36e+00 -11.0 7.42e-02    -  1.00e+00 1.00e+00w  1
 147  5.0056210e-02 1.85e-03 5.18e+00 -11.0 9.51e-02    -  1.00e+00 2.50e-01h  2
 148  5.0819258e-02 4.97e-04 4.38e+00 -11.0 2.00e-02    -  1.00e+00 1.00e+00H  1
 149  5.0374744e-02 3.62e-04 2.22e+00 -11.0 1.95e-02    -  1.00e+00 2.50e-01h  3
iter    objective    inf_pr   inf_du lg(mu)  ||d||  lg(rg) alpha_du alpha_pr  ls
 150  4.9764375e-02 2.22e-03 6.55e+00 -11.0 1.29e-02    -  1.00e+00 1.00e+00h  1
 151  4.9288823e-02 1.69e-03 7.22e+00 -11.0 2.01e-02    -  1.00e+00 1.00e+00h  1
 152  4.9358057e-02 9.69e-04 3.41e+00 -11.0 1.38e-02    -  1.00e+00 5.00e-01h  2
 153  4.9146969e-02 1.38e-03 1.48e+00 -11.0 2.05e-02    -  1.00e+00 2.50e-01h  3
 154  4.9087189e-02 1.41e-03 3.15e+00 -11.0 3.79e-02    -  1.00e+00 2.50e-01h  3
 155  4.9299911e-02 3.94e-04 3.91e+00 -11.0 6.59e-03    -  1.00e+00 1.00e+00h  1
 156  4.9119430e-02 6.81e-04 4.53e+00 -11.0 2.28e-01    -  1.00e+00 6.25e-02h  5
 157  4.9034366e-02 1.42e-03 3.30e+00 -11.0 2.38e-01    -  1.00e+00 1.25e-01h  4
 158  4.8619600e-02 3.44e-03 1.66e+00 -11.0 2.55e-01    -  1.00e+00 1.25e-01h  4
 159  4.8464228e-02 3.68e-03 2.21e+00 -11.0 1.90e+00    -  1.00e+00 3.91e-03h  9
iter    objective    inf_pr   inf_du lg(mu)  ||d||  lg(rg) alpha_du alpha_pr  ls
 160  4.8202886e-02 4.59e-03 3.38e+00 -11.0 3.53e+03    -  1.00e+00 3.81e-06h 19
 161  4.8053359e-02 5.05e-03 3.64e+00 -11.0 1.46e+02    -  1.00e+00 6.10e-05h 15
 162  4.7925218e-02 5.15e-03 3.03e+00 -11.0 9.14e-01    -  1.00e+00 7.81e-03h  8
 163  4.7518136e-02 4.25e-02 3.38e+00 -11.0 4.60e+00    -  1.00e+00 3.12e-02h  6
 164  4.6866344e-02 4.81e-02 7.65e+00 -11.0 2.92e+01    -  1.00e+00 9.77e-04h 11
 165  4.6566120e-02 4.88e-02 5.62e+00 -11.0 6.92e+00    -  1.00e+00 1.95e-03h 10
 166  1.2803454e+01 1.20e+01 1.32e+02 -11.0 6.00e+00    -  1.00e+00 1.00e+00w  1
 167  8.7697240e+04 1.70e+02 1.87e+03 -11.0 8.09e+01    -  1.00e+00 1.00e+00w  1
 168  1.6723035e+02 1.14e+01 6.38e+02 -11.0 7.98e+01    -  1.00e+00 1.00e+00w  1
 169  4.5550876e-02 5.99e-02 9.65e+00 -11.0 8.71e+00    -  1.00e+00 1.56e-02h  6
iter    objective    inf_pr   inf_du lg(mu)  ||d||  lg(rg) alpha_du alpha_pr  ls
 170  3.9635576e-02 7.63e-02 9.29e+00 -11.0 2.21e-01    -  1.00e+00 5.00e-01h  2
 171  3.9315393e-02 8.83e-02 1.22e+01 -11.0 1.31e+00    -  1.00e+00 6.25e-02h  5
 172  3.8854621e-02 1.01e-01 1.10e+01 -11.0 4.03e+01    -  1.00e+00 1.95e-03h 10
 173  3.7465761e-02 1.23e-01 1.37e+01 -11.0 4.47e+01    -  1.00e+00 1.95e-03h 10
 174  3.7008189e-02 1.27e-01 1.29e+01 -11.0 2.15e+01    -  1.00e+00 1.95e-03h 10
 175  3.6291128e-02 8.18e-03 7.60e-01 -11.0 2.20e-02    -  1.00e+00 1.00e+00h  1
 176  4.7560053e-02 1.84e-02 2.00e+01 -11.0 4.13e-02    -  1.00e+00 1.00e+00H  1
 177  4.6484813e-02 2.86e-03 6.64e+00 -11.0 1.47e-02    -  1.00e+00 1.00e+00h  1
 178  4.9150068e-02 5.34e-04 1.31e+00 -11.0 1.18e-02    -  1.00e+00 1.00e+00h  1
 179  4.8835499e-02 5.55e-04 1.48e+00 -11.0 1.37e-01    -  1.00e+00 1.56e-02h  7
iter    objective    inf_pr   inf_du lg(mu)  ||d||  lg(rg) alpha_du alpha_pr  ls
 180  4.8428817e-02 5.36e-04 1.66e+00 -11.0 1.75e-02    -  1.00e+00 1.25e-01h  4
 181  4.6284389e-02 1.05e-02 2.62e+00 -11.0 1.91e-02    -  1.00e+00 1.00e+00h  1
 182  4.5794948e-02 1.04e-02 3.50e+00 -11.0 8.36e-01    -  1.00e+00 3.91e-03h  9
 183  4.4981478e-02 3.46e-03 4.48e+00 -11.0 1.75e-02    -  1.00e+00 1.00e+00h  1
 184  4.4622778e-02 3.62e-03 9.12e+00 -11.0 6.78e-02    -  1.00e+00 2.50e-01h  3
 185  4.4278480e-02 4.58e-03 3.46e+00 -11.0 1.19e-01    -  1.00e+00 1.25e-01h  4
 186  4.6033753e-02 4.26e-03 1.36e+00 -11.0 2.34e-02    -  1.00e+00 1.00e+00H  1
 187  4.5509300e-02 3.87e-03 3.16e+00 -11.0 1.81e-02    -  1.00e+00 1.00e+00h  1
 188  4.4227243e-02 5.43e-03 1.01e+01 -11.0 1.00e-01    -  1.00e+00 1.25e-01h  4
 189  4.2941823e-02 6.21e-03 8.93e+00 -11.0 1.85e-01    -  1.00e+00 1.25e-01h  4
iter    objective    inf_pr   inf_du lg(mu)  ||d||  lg(rg) alpha_du alpha_pr  ls
 190  4.1247738e-02 1.00e-02 1.58e+01 -11.0 1.32e-01    -  1.00e+00 1.25e-01h  4
 191  3.6401025e-02 4.84e-03 2.25e+01 -11.0 5.98e-02    -  1.00e+00 5.00e-01h  2
 192  4.1088793e-02 3.45e-03 7.64e+00 -11.0 4.44e-02    -  1.00e+00 5.00e-01h  2
 193  4.3060135e-02 2.75e-03 2.76e+00 -11.0 3.76e-02    -  1.00e+00 2.50e-01h  3
 194  4.4605755e-02 2.13e-03 1.05e+01 -11.0 3.58e-02    -  1.00e+00 2.50e-01h  3
 195  4.5194302e-02 2.38e-03 1.18e+01 -11.0 9.63e-02    -  1.00e+00 1.25e-01h  4
 196  4.7883068e-02 4.21e-04 2.33e+01 -11.0 9.46e-03    -  1.00e+00 1.00e+00h  1
 197  4.7494459e-02 3.88e-04 1.92e+01 -11.0 1.18e-02    -  1.00e+00 1.25e-01h  4
 198  4.7403059e-02 4.03e-04 1.75e+01 -11.0 2.54e-01    -  1.00e+00 3.91e-03h  9
 199  4.7326211e-02 4.13e-04 1.56e+01 -11.0 6.56e-02    -  1.00e+00 1.56e-02h  7
iter    objective    inf_pr   inf_du lg(mu)  ||d||  lg(rg) alpha_du alpha_pr  ls
 200  4.7304344e-02 4.14e-04 1.53e+01 -11.0 5.91e+00    -  1.00e+00 6.10e-05h 15
 201  4.7262378e-02 4.14e-04 1.61e+01 -11.0 2.56e-01    -  1.00e+00 9.77e-04h 11
 202  4.6637335e-02 6.98e-03 2.70e+01 -11.0 2.36e-02    -  1.00e+00 5.00e-01h  2
 203  4.6436022e-02 5.62e-03 1.49e+01 -11.0 2.21e-02    -  1.00e+00 2.50e-01h  3
 204  4.6367196e-02 5.71e-03 1.95e+01 -11.0 4.91e-01    -  1.00e+00 7.81e-03h  8
 205  4.6371491e-02 5.48e-03 1.60e+01 -11.0 6.45e-02    -  1.00e+00 6.25e-02h  5
 206  4.6303617e-02 5.55e-03 1.92e+01 -11.0 4.31e-01    -  1.00e+00 7.81e-03h  8
 207  4.6113369e-02 2.91e-04 1.17e+00 -11.0 3.50e-03    -  1.00e+00 1.00e+00h  1
 208  4.6057801e-02 9.40e-04 3.12e+00 -11.0 4.09e-02    -  1.00e+00 1.25e-01h  4
 209  4.5602588e-02 1.43e-04 1.34e+00 -11.0 3.09e-03    -  1.00e+00 1.00e+00h  1
iter    objective    inf_pr   inf_du lg(mu)  ||d||  lg(rg) alpha_du alpha_pr  ls
 210  4.5189658e-02 1.60e-04 9.05e-01 -11.0 3.60e-03    -  1.00e+00 1.00e+00h  1
 211  4.4929969e-02 3.72e-03 4.71e+00 -11.0 1.97e-02    -  1.00e+00 1.00e+00h  1
 212  4.3875400e-02 1.00e-03 1.95e+00 -11.0 9.79e-03    -  1.00e+00 1.00e+00h  1
 213  4.4634402e-02 9.94e-05 1.55e-01 -11.0 3.88e-03    -  1.00e+00 1.00e+00h  1
 214  4.4828830e-02 1.17e-05 4.37e-01 -11.0 9.15e-04    -  1.00e+00 1.00e+00h  1
 215  4.4791801e-02 5.59e-06 3.53e-01 -11.0 5.04e-04    -  1.00e+00 1.00e+00h  1
 216  4.4742769e-02 3.78e-05 5.48e-01 -11.0 1.22e-02    -  1.00e+00 1.25e-01h  4
 217  4.4711980e-02 5.68e-05 7.87e-01 -11.0 3.37e-02    -  1.00e+00 3.12e-02h  6
 218  4.4562619e-02 1.06e-03 7.00e-01 -11.0 3.29e-02    -  1.00e+00 2.50e-01h  3
 219  4.4526861e-02 1.09e-03 7.38e-01 -11.0 6.54e-02    -  1.00e+00 3.12e-02h  6
iter    objective    inf_pr   inf_du lg(mu)  ||d||  lg(rg) alpha_du alpha_pr  ls
 220  4.4487740e-02 1.14e-03 8.67e-01 -11.0 2.29e+00    -  1.00e+00 9.77e-04h 11
 221  4.4281416e-02 2.52e-02 3.06e+00 -11.0 3.30e+00    -  1.00e+00 1.56e-02h  7
 222  4.4224193e-02 2.59e-02 3.45e+00 -11.0 3.12e+00    -  1.00e+00 3.91e-03h  9
 223  4.4002371e-02 1.86e-02 2.55e+00 -11.0 4.93e-02    -  1.00e+00 5.00e-01h  2
 224  4.3885056e-02 1.10e-02 4.28e+00 -11.0 2.85e-02    -  1.00e+00 5.00e-01h  2
 225  4.3797111e-02 1.25e-02 3.31e+00 -11.0 7.46e-02    -  1.00e+00 2.50e-01h  3
 226  7.4728319e-02 2.65e-01 3.13e+00 -11.0 1.20e-01    -  1.00e+00 1.00e+00w  1
 227  4.8055001e-02 1.34e-01 1.95e+00 -11.0 1.05e-01    -  1.00e+00 1.00e+00w  1
 228  4.9580898e-02 7.91e-02 3.81e+00 -11.0 9.55e-02    -  1.00e+00 1.00e+00w  1
 229  4.3871231e-02 1.15e-02 3.03e+00 -11.0 4.15e-01    -  1.00e+00 1.25e-01h  3
iter    objective    inf_pr   inf_du lg(mu)  ||d||  lg(rg) alpha_du alpha_pr  ls
 230  4.3727163e-02 1.22e-02 3.36e+00 -11.0 3.51e-01    -  1.00e+00 3.12e-02h  6
 231  4.3623896e-02 1.21e-02 2.22e+00 -11.0 6.75e-02    -  1.00e+00 1.25e-01h  4
 232  4.3608236e-02 1.30e-02 2.63e+00 -11.0 5.99e-01    -  1.00e+00 1.56e-02h  7
 233  4.3547292e-02 1.05e-02 1.57e+00 -11.0 2.35e-02    -  1.00e+00 5.00e-01h  2
 234  4.3400183e-02 1.12e-02 4.35e+00 -11.0 2.05e+00    -  1.00e+00 7.81e-03h  8
 235  4.3399466e-02 2.00e-02 2.25e+00 -11.0 1.59e-01    -  1.00e+00 1.25e-01h  4
 236  4.1899880e-02 2.25e-02 1.27e+01 -11.0 2.33e-01    -  1.00e+00 1.25e-01h  4
 237  4.1713282e-02 2.27e-02 9.92e+00 -11.0 1.12e-01    -  1.00e+00 1.25e-01h  4
 238  4.1649426e-02 2.17e-02 4.85e+00 -11.0 1.45e-01    -  1.00e+00 1.25e-01h  4
 239  6.8060408e-01 2.86e+00 7.61e+01 -11.0 3.53e-01    -  1.00e+00 1.00e+00w  1
iter    objective    inf_pr   inf_du lg(mu)  ||d||  lg(rg) alpha_du alpha_pr  ls
 240  5.2093392e+01 1.63e+01 1.89e+02 -11.0 2.91e+00    -  1.00e+00 1.00e+00w  1
 241  1.6190605e+01 5.41e+00 6.12e+01 -11.0 1.56e+00    -  1.00e+00 1.00e+00w  1
 242  4.1065750e-02 3.64e-02 1.40e+01 -11.0 1.55e+01    -  1.00e+00 6.25e-02h  4
 243  3.9170110e-02 3.48e-02 1.18e+01 -11.0 1.23e-01    -  1.00e+00 2.50e-01h  3
 244  3.5672960e-02 4.03e-02 1.45e+01 -11.0 8.31e-01    -  1.00e+00 3.12e-02h  6
 245  3.3990970e-02 4.62e-02 1.44e+01 -11.0 9.56e-01    -  1.00e+00 3.12e-02h  6
 246  3.3896281e-02 4.99e-02 1.57e+01 -11.0 2.21e+00    -  1.00e+00 7.81e-03h  8
 247  3.4746216e-02 8.17e-03 1.19e+00 -11.0 4.53e-02    -  1.00e+00 1.00e+00h  1
 248  3.4619345e-02 7.07e-03 1.24e+00 -11.0 3.84e-02    -  1.00e+00 1.25e-01h  4
 249  3.4643972e-02 6.84e-03 1.22e+00 -11.0 5.27e-02    -  1.00e+00 3.12e-02h  6
iter    objective    inf_pr   inf_du lg(mu)  ||d||  lg(rg) alpha_du alpha_pr  ls
 250  3.4647716e-02 6.73e-03 1.21e+00 -11.0 5.36e-02    -  1.00e+00 1.56e-02h  7
 251  3.4643084e-02 6.62e-03 1.19e+00 -11.0 5.60e-02    -  1.00e+00 1.56e-02h  7
 252  3.4423167e-02 5.86e-03 1.29e+00 -11.0 5.62e-02    -  1.00e+00 2.50e-01h  3
 253  3.3564017e-02 7.28e-03 2.59e+00 -11.0 5.52e-01    -  1.00e+00 3.12e-02h  6
 254  3.2795448e-02 7.32e-03 1.90e+00 -11.0 4.97e-01    -  1.00e+00 1.56e-02h  7
 255  3.3563546e-02 6.15e-03 2.68e+00 -11.0 3.94e-02    -  1.00e+00 5.00e-01h  2
 256  3.4216092e-02 5.13e-03 2.59e+00 -11.0 2.76e-02    -  1.00e+00 5.00e-01h  2
 257  3.3819249e-02 5.38e-03 2.95e+00 -11.0 6.78e-02    -  1.00e+00 1.25e-01h  4
 258  3.9313658e-02 8.11e-02 1.70e+00 -11.0 1.11e-01    -  1.00e+00 1.00e+00w  1
 259  5.1680953e-02 1.62e-01 5.83e+00 -11.0 7.20e-02    -  1.00e+00 1.00e+00w  1
iter    objective    inf_pr   inf_du lg(mu)  ||d||  lg(rg) alpha_du alpha_pr  ls
 260  4.4326709e-02 1.43e-02 2.92e+00 -11.0 5.51e-02    -  1.00e+00 1.00e+00w  1
 261  3.3394166e-02 6.06e-03 3.30e+00 -11.0 1.90e-01    -  1.00e+00 1.25e-01h  3
 262  3.5386602e-02 5.09e-04 2.13e+00 -11.0 4.80e-02    -  1.00e+00 1.00e+00H  1
 263  3.4971663e-02 6.74e-04 1.53e+00 -11.0 5.93e-02    -  1.00e+00 1.25e-01h  4
 264  3.4335796e-02 2.52e-03 1.81e+00 -11.0 8.32e-02    -  1.00e+00 1.25e-01h  4
 265  3.4158395e-02 4.51e-03 9.83e-01 -11.0 1.66e-02    -  1.00e+00 1.00e+00h  1
 266  3.3676079e-02 1.48e-02 1.76e+00 -11.0 1.56e-01    -  1.00e+00 2.50e-01h  3
 267  3.3586350e-02 2.34e-02 1.28e+00 -11.0 1.54e-01    -  1.00e+00 2.50e-01h  3
 268  3.3499661e-02 2.14e-02 1.66e+00 -11.0 2.77e-01    -  1.00e+00 3.12e-02h  6
 269  3.3023144e-02 1.93e-02 1.75e+00 -11.0 5.92e-02    -  1.00e+00 5.00e-01h  2
iter    objective    inf_pr   inf_du lg(mu)  ||d||  lg(rg) alpha_du alpha_pr  ls
 270  3.3012443e-02 1.65e-02 8.34e-01 -11.0 9.67e-02    -  1.00e+00 2.50e-01h  3
 271  3.2623271e-02 1.80e-02 4.69e-01 -11.0 9.17e-02    -  1.00e+00 2.50e-01h  3
 272  3.2322040e-02 2.15e-02 1.24e+00 -11.0 4.46e-01    -  1.00e+00 6.25e-02h  5
 273  3.2228585e-02 2.37e-02 1.04e+00 -11.0 9.72e-02    -  1.00e+00 5.00e-01h  2
 274  3.2618700e-02 2.07e-02 2.01e+00 -11.0 3.86e-01    -  1.00e+00 6.25e-02h  5
 275  3.2121835e-02 1.89e-02 2.16e+00 -11.0 8.05e-02    -  1.00e+00 2.50e-01h  3
 276  8.0327865e-02 3.54e-01 3.36e+00 -11.0 1.65e-01    -  1.00e+00 1.00e+00w  1
 277  1.0695874e-01 3.08e-01 7.91e+00 -11.0 1.55e-01    -  1.00e+00 1.00e+00w  1
 278  1.6673518e-01 4.70e-01 2.77e+01 -11.0 2.14e-01    -  1.00e+00 1.00e+00w  1
 279  3.1194274e-02 1.90e-02 1.49e+00 -11.0 2.42e-01    -  1.00e+00 1.25e-01h  3
iter    objective    inf_pr   inf_du lg(mu)  ||d||  lg(rg) alpha_du alpha_pr  ls
 280  3.1499717e-02 9.21e-03 5.39e-01 -11.0 4.89e-02    -  1.00e+00 5.00e-01h  2
 281  3.2093984e-02 7.43e-03 8.00e-01 -11.0 4.81e-02    -  1.00e+00 5.00e-01h  2
 282  3.1394574e-02 5.95e-03 6.17e-01 -11.0 2.02e-02    -  1.00e+00 1.00e+00h  1
 283  3.1058421e-02 4.53e-03 9.79e-01 -11.0 3.95e-02    -  1.00e+00 5.00e-01h  2
 284  3.1904000e-02 4.31e-03 1.11e+00 -11.0 1.83e-02    -  1.00e+00 1.00e+00h  1
 285  3.0966737e-02 1.44e-03 2.67e-01 -11.0 1.11e-02    -  1.00e+00 1.00e+00h  1
 286  3.0603416e-02 4.50e-04 1.75e+00 -11.0 8.21e-03    -  1.00e+00 1.00e+00h  1
 287  3.0502788e-02 1.01e-03 8.83e-01 -11.0 7.91e-03    -  1.00e+00 1.00e+00h  1
 288  3.0365824e-02 7.06e-04 4.53e-01 -11.0 7.73e-03    -  1.00e+00 1.00e+00h  1
 289  3.0301868e-02 2.93e-03 1.58e+00 -11.0 1.86e-02    -  1.00e+00 1.00e+00h  1
iter    objective    inf_pr   inf_du lg(mu)  ||d||  lg(rg) alpha_du alpha_pr  ls
 290  2.9990379e-02 6.34e-04 4.13e-01 -11.0 9.90e-03    -  1.00e+00 1.00e+00h  1
 291  3.0024693e-02 4.92e-04 6.10e-01 -11.0 9.24e-03    -  1.00e+00 1.00e+00h  1
 292  2.9733454e-02 2.85e-03 2.64e-01 -11.0 2.54e-02    -  1.00e+00 1.00e+00h  1
 293  2.9660771e-02 5.33e-03 2.91e-01 -11.0 5.84e-01    -  1.00e+00 3.12e-02h  6
 294  2.9689854e-02 4.97e-03 8.94e-01 -11.0 2.88e-01    -  1.00e+00 6.25e-02h  5
 295  2.9536034e-02 1.09e-02 1.32e+00 -11.0 8.33e-02    -  1.00e+00 5.00e-01h  2
 296  2.9363921e-02 9.98e-03 1.53e+00 -11.0 1.37e-01    -  1.00e+00 6.25e-02h  5
 297  2.9211620e-02 4.82e-03 7.98e-01 -11.0 2.33e-02    -  1.00e+00 5.00e-01h  2
 298  2.9121771e-02 3.54e-03 3.29e-01 -11.0 5.93e-02    -  1.00e+00 2.50e-01h  3
 299  2.9207355e-02 2.37e-03 7.89e-01 -11.0 9.57e-03    -  1.00e+00 1.00e+00h  1
iter    objective    inf_pr   inf_du lg(mu)  ||d||  lg(rg) alpha_du alpha_pr  ls
 300  2.8725734e-02 7.09e-03 5.48e-01 -11.0 4.09e-02    -  1.00e+00 1.00e+00h  1
 301  2.8593587e-02 5.34e-03 5.79e-01 -11.0 1.62e-01    -  1.00e+00 1.25e-01h  4
 302  2.8375783e-02 3.76e-03 6.84e-01 -11.0 8.35e-02    -  1.00e+00 2.50e-01h  3
 303  2.8291006e-02 6.94e-03 1.47e+00 -11.0 1.25e-01    -  1.00e+00 2.50e-01h  3
 304  2.8169545e-02 2.13e-02 5.92e-01 -11.0 2.55e-01    -  1.00e+00 2.50e-01h  3
 305  2.7896279e-02 2.56e-02 7.88e-01 -11.0 1.05e+00    -  1.00e+00 6.25e-02h  5
 306  2.7751574e-02 2.65e-02 1.11e+00 -11.0 1.48e+00    -  1.00e+00 1.56e-02h  7
 307  2.7584632e-02 2.67e-02 1.24e+00 -11.0 8.18e-01    -  1.00e+00 3.12e-02h  6
 308  2.7250643e-02 2.50e-02 1.16e+00 -11.0 2.29e-01    -  1.00e+00 1.25e-01h  4
 309  2.7175792e-02 2.18e-02 1.19e+00 -11.0 1.97e-01    -  1.00e+00 1.25e-01h  4
iter    objective    inf_pr   inf_du lg(mu)  ||d||  lg(rg) alpha_du alpha_pr  ls
 310  2.7040669e-02 1.90e-02 1.46e+00 -11.0 1.07e-01    -  1.00e+00 1.25e-01h  4
 311  2.6531300e-02 3.19e-03 2.06e-01 -11.0 1.55e-02    -  1.00e+00 1.00e+00h  1
 312  2.6508053e-02 4.08e-03 2.88e-01 -11.0 3.06e-02    -  1.00e+00 5.00e-01h  2
 313  2.6800158e-02 5.41e-03 4.21e-01 -11.0 2.46e-02    -  1.00e+00 1.00e+00h  1
 314  2.7046146e-02 1.95e-03 6.86e-01 -11.0 3.71e-02    -  1.00e+00 1.00e+00H  1
 315  2.6409747e-02 2.36e-03 1.59e-01 -11.0 2.55e-02    -  1.00e+00 2.50e-01h  3
 316  2.5617481e-02 4.01e-03 6.95e-01 -11.0 1.49e-02    -  1.00e+00 1.00e+00h  1
 317  2.5606028e-02 2.75e-03 2.77e-01 -11.0 1.42e-02    -  1.00e+00 1.00e+00h  1
 318  2.5409075e-02 1.39e-03 1.08e-01 -11.0 1.15e-02    -  1.00e+00 1.00e+00h  1
 319  2.5343989e-02 1.07e-03 2.30e-01 -11.0 9.93e-03    -  1.00e+00 1.00e+00h  1
iter    objective    inf_pr   inf_du lg(mu)  ||d||  lg(rg) alpha_du alpha_pr  ls
 320  2.5195326e-02 4.93e-03 1.70e-01 -11.0 1.70e-02    -  1.00e+00 1.00e+00h  1
 321  2.5057663e-02 5.83e-03 2.08e-01 -11.0 3.90e-02    -  1.00e+00 2.50e-01h  3
 322  2.6394282e-02 1.72e-03 3.59e-01 -11.0 2.21e-02    -  1.00e+00 1.00e+00H  1
 323  2.4937132e-02 1.04e-02 8.29e-02 -11.0 1.32e-02    -  1.00e+00 1.00e+00h  1
 324  2.4831939e-02 1.57e-03 7.82e-02 -11.0 9.78e-03    -  1.00e+00 1.00e+00h  1
 325  2.4779670e-02 5.72e-03 1.29e-01 -11.0 7.39e-02    -  1.00e+00 2.50e-01h  3
 326  2.4756097e-02 1.65e-02 3.52e-01 -11.0 2.83e-01    -  1.00e+00 1.25e-01h  4
 327  2.4711079e-02 1.71e-02 4.10e-01 -11.0 3.74e-01    -  1.00e+00 3.12e-02h  6
 328  2.4678948e-02 1.38e-02 2.78e-01 -11.0 4.44e-02    -  1.00e+00 2.50e-01h  3
 329  2.4929839e-02 1.48e-03 8.28e-01 -11.0 6.68e-02    -  1.00e+00 1.00e+00H  1
iter    objective    inf_pr   inf_du lg(mu)  ||d||  lg(rg) alpha_du alpha_pr  ls
 330  2.4785521e-02 2.85e-03 6.82e-01 -11.0 1.23e-01    -  1.00e+00 1.25e-01h  4
 331  2.4464454e-02 2.49e-03 6.48e-01 -11.0 2.72e-02    -  1.00e+00 2.50e-01h  3
 332  2.4397462e-02 6.14e-03 2.03e-01 -11.0 2.45e-02    -  1.00e+00 1.00e+00h  1
 333  2.4801548e-02 2.92e-04 4.99e-01 -11.0 2.15e-02    -  1.00e+00 1.00e+00H  1
 334  2.4288922e-02 4.49e-03 2.97e-01 -11.0 1.82e-02    -  1.00e+00 1.00e+00h  1
 335  2.4477493e-02 1.87e-03 4.06e-01 -11.0 2.33e-02    -  1.00e+00 1.00e+00H  1
 336  2.4203735e-02 1.97e-03 1.21e-01 -11.0 2.08e-02    -  1.00e+00 1.00e+00H  1
 337  2.4653086e-02 1.12e-03 3.38e-01 -11.0 1.52e-02    -  1.00e+00 1.00e+00H  1
 338  2.4104032e-02 3.47e-03 3.60e-02 -11.0 1.47e-02    -  1.00e+00 1.00e+00h  1
 339  2.4172745e-02 8.32e-04 1.02e-01 -11.0 6.51e-03    -  1.00e+00 1.00e+00h  1
iter    objective    inf_pr   inf_du lg(mu)  ||d||  lg(rg) alpha_du alpha_pr  ls
 340  2.4015459e-02 4.56e-04 7.21e-02 -11.0 4.22e-03    -  1.00e+00 1.00e+00h  1
 341  2.4004765e-02 3.53e-06 1.88e-02 -11.0 7.71e-04    -  1.00e+00 1.00e+00h  1
 342  2.3959423e-02 6.02e-04 9.25e-02 -11.0 1.34e-02    -  1.00e+00 1.00e+00h  1
 343  2.3928098e-02 8.26e-04 6.95e-02 -11.0 1.51e-01    -  1.00e+00 6.25e-02h  5
 344  2.3896749e-02 1.08e-03 1.68e-01 -11.0 3.57e-02    -  1.00e+00 2.50e-01h  3
 345  2.3880017e-02 2.43e-03 2.07e-01 -11.0 1.21e-01    -  1.00e+00 1.25e-01h  4
 346  2.3824272e-02 4.86e-03 1.56e-01 -11.0 3.31e-02    -  1.00e+00 5.00e-01h  2
 347  2.3758500e-02 4.77e-03 1.19e-01 -11.0 6.16e-02    -  1.00e+00 1.25e-01h  4
 348  2.3738899e-02 5.59e-03 2.96e-01 -11.0 3.02e-02    -  1.00e+00 5.00e-01h  2
 349  2.3701940e-02 7.35e-03 3.17e-01 -11.0 4.13e-02    -  1.00e+00 5.00e-01h  2
iter    objective    inf_pr   inf_du lg(mu)  ||d||  lg(rg) alpha_du alpha_pr  ls
 350  2.3696462e-02 8.89e-03 5.06e-01 -11.0 6.36e-02    -  1.00e+00 2.50e-01h  3
 351  2.3770768e-02 1.96e-03 3.26e-01 -11.0 1.21e-02    -  1.00e+00 1.00e+00h  1
 352  2.3472798e-02 7.71e-03 2.00e-01 -11.0 2.64e-02    -  1.00e+00 1.00e+00h  1
 353  2.3438950e-02 6.99e-03 5.73e-02 -11.0 2.21e-02    -  1.00e+00 2.50e-01h  3
 354  2.3296491e-02 3.05e-03 1.11e-01 -11.0 1.18e-02    -  1.00e+00 1.00e+00h  1
 355  2.3711233e-02 1.41e-03 5.03e-01 -11.0 5.07e-02    -  1.00e+00 1.00e+00H  1
 356  2.3634171e-02 1.52e-03 4.86e-01 -11.0 3.31e-01    -  1.00e+00 3.12e-02h  6
 357  2.3513319e-02 1.52e-03 4.69e-01 -11.0 3.15e-01    -  1.00e+00 3.12e-02h  6
 358  2.3206761e-02 5.16e-03 4.47e-01 -11.0 4.68e+00    -  1.00e+00 7.81e-03h  8
 359  2.3056381e-02 6.20e-03 3.42e-01 -11.0 4.67e-01    -  1.00e+00 3.12e-02h  6
iter    objective    inf_pr   inf_du lg(mu)  ||d||  lg(rg) alpha_du alpha_pr  ls
 360  2.2943234e-02 6.26e-03 2.56e-01 -11.0 9.67e-02    -  1.00e+00 1.25e-01h  4
 361  2.2867128e-02 6.94e-03 1.47e-01 -11.0 1.49e-01    -  1.00e+00 6.25e-02h  5
 362  2.2943332e-02 3.70e-03 6.44e-02 -11.0 2.63e-02    -  1.00e+00 5.00e-01h  2
 363  2.2863347e-02 1.00e-02 5.97e-02 -11.0 1.73e-01    -  1.00e+00 2.50e-01h  3
 364  2.2754026e-02 2.43e-02 3.03e-01 -11.0 8.45e-01    -  1.00e+00 6.25e-02h  5
 365  2.2680808e-02 5.54e-02 2.84e-01 -11.0 1.39e+00    -  1.00e+00 6.25e-02h  5
 366  6.9128518e-01 7.62e+00 2.27e+01 -11.0 2.29e+00    -  1.00e+00 1.00e+00w  1
 367  5.4306823e+00 1.08e+01 4.36e+01 -11.0 1.62e+00    -  1.00e+00 1.00e+00w  1
 368  3.2543547e+00 3.73e+00 7.16e+01 -11.0 1.34e+00    -  1.00e+00 1.00e+00w  1
 369  2.2573999e-02 6.10e-02 2.66e-01 -11.0 1.33e+00    -  1.00e+00 1.56e-02h  6
iter    objective    inf_pr   inf_du lg(mu)  ||d||  lg(rg) alpha_du alpha_pr  ls
 370  2.2601802e-02 4.80e-02 2.01e-01 -11.0 8.83e-02    -  1.00e+00 2.50e-01h  3
 371  2.2429531e-02 3.61e-02 2.32e-01 -11.0 2.99e-02    -  1.00e+00 2.50e-01h  3
 372  2.2302682e-02 1.52e-03 1.47e-01 -11.0 1.53e-02    -  1.00e+00 1.00e+00h  1
 373  2.2705314e-02 7.99e-04 7.95e-02 -11.0 8.38e-03    -  1.00e+00 1.00e+00h  1
 374  2.2157944e-02 1.37e-03 3.81e-02 -11.0 1.25e-02    -  1.00e+00 1.00e+00h  1
 375  2.2231794e-02 3.39e-04 1.00e-01 -11.0 6.09e-03    -  1.00e+00 1.00e+00h  1
 376  2.2095919e-02 3.41e-05 1.10e-02 -11.0 3.83e-03    -  1.00e+00 1.00e+00h  1
 377  2.2083381e-02 7.84e-06 4.08e-03 -11.0 9.92e-04    -  1.00e+00 1.00e+00h  1
 378  2.2080460e-02 2.44e-03 1.37e-01 -11.0 1.43e-02    -  1.00e+00 1.00e+00h  1
 379  2.2050886e-02 2.27e-03 1.06e-01 -11.0 2.71e-02    -  1.00e+00 1.25e-01h  4
iter    objective    inf_pr   inf_du lg(mu)  ||d||  lg(rg) alpha_du alpha_pr  ls
 380  2.2001942e-02 2.34e-04 8.46e-02 -11.0 7.42e-03    -  1.00e+00 1.00e+00h  1
 381  2.1956735e-02 3.33e-04 1.63e-01 -11.0 4.53e-03    -  1.00e+00 1.00e+00h  1
 382  2.1896744e-02 1.35e-04 2.18e-02 -11.0 2.97e-03    -  1.00e+00 1.00e+00h  1
 383  2.1898293e-02 2.97e-05 1.06e-01 -11.0 1.11e-02    -  1.00e+00 1.00e+00H  1
 384  2.1830363e-02 1.33e-03 6.93e-02 -11.0 3.43e-02    -  1.00e+00 5.00e-01h  2
 385  2.1684908e-02 7.34e-03 1.45e-01 -11.0 3.29e-01    -  1.00e+00 1.25e-01h  4
 386  2.1672583e-02 7.93e-03 1.38e-01 -11.0 4.27e-01    -  1.00e+00 3.12e-02h  6
 387  2.1688139e-02 6.24e-03 1.53e-01 -11.0 3.37e-02    -  1.00e+00 2.50e-01h  3
 388  2.1576468e-02 1.42e-03 7.32e-02 -11.0 7.49e-03    -  1.00e+00 1.00e+00h  1
 389  2.1567594e-02 1.27e-04 4.33e-02 -11.0 4.79e-03    -  1.00e+00 1.00e+00h  1
iter    objective    inf_pr   inf_du lg(mu)  ||d||  lg(rg) alpha_du alpha_pr  ls
 390  2.1523878e-02 2.32e-04 5.40e-02 -11.0 6.70e-03    -  1.00e+00 1.00e+00h  1
 391  2.1850720e-02 6.03e-05 1.67e-01 -11.0 2.18e-02    -  1.00e+00 1.00e+00H  1
 392  2.1531769e-02 1.11e-04 3.22e-02 -11.0 9.59e-03    -  1.00e+00 1.00e+00H  1
 393  2.1539185e-02 4.56e-05 4.17e-02 -11.0 5.01e-03    -  1.00e+00 1.00e+00H  1
 394  2.1426240e-02 1.42e-04 1.40e-02 -11.0 4.88e-03    -  1.00e+00 1.00e+00h  1
 395  2.1405268e-02 2.30e-04 4.70e-03 -11.0 4.24e-03    -  1.00e+00 1.00e+00h  1
 396  2.1333033e-02 4.94e-02 1.49e-01 -11.0 4.98e-01    -  1.00e+00 1.25e-01h  4
 397  2.1290818e-02 7.50e-02 2.21e-01 -11.0 2.90e+00    -  1.00e+00 1.56e-02h  7
 398  2.1198496e-02 1.12e-01 3.10e-01 -11.0 3.21e+00    -  1.00e+00 1.56e-02h  7
 399  2.1151565e-02 1.17e-01 3.23e-01 -11.0 1.24e+00    -  1.00e+00 1.56e-02h  7
iter    objective    inf_pr   inf_du lg(mu)  ||d||  lg(rg) alpha_du alpha_pr  ls
 400  2.1085434e-02 1.17e-01 3.25e-01 -11.0 5.43e-01    -  1.00e+00 3.12e-02h  6
 401  2.1042339e-02 1.04e-01 3.08e-01 -11.0 1.68e-01    -  1.00e+00 1.25e-01h  4
 402  2.0877450e-02 8.04e-02 2.47e-01 -11.0 6.71e-02    -  1.00e+00 2.50e-01h  3
 403  2.1084202e-02 6.95e-02 9.91e-02 -11.0 6.57e-02    -  1.00e+00 5.00e-01h  2
 404  2.0944568e-02 7.73e-02 1.29e-01 -11.0 2.90e-01    -  1.00e+00 1.25e-01h  4
 405  2.0780498e-02 8.50e-02 1.97e-01 -11.0 2.87e+00    -  1.00e+00 1.56e-02h  7
 406  2.1992331e-01 1.14e+00 4.05e+00 -11.0 4.15e-01    -  1.00e+00 1.00e+00w  1
 407  9.6156880e-02 2.77e-01 2.60e+00 -11.0 1.29e-01    -  1.00e+00 1.00e+00w  1
 408  1.9147561e-01 2.19e+00 6.30e+00 -11.0 2.35e-01    -  1.00e+00 1.00e+00w  1
 409  2.0663372e-02 8.30e-02 2.01e-01 -11.0 1.49e-01    -  1.00e+00 3.12e-02h  5
iter    objective    inf_pr   inf_du lg(mu)  ||d||  lg(rg) alpha_du alpha_pr  ls
 410  2.0711123e-02 8.25e-02 1.88e-01 -11.0 9.57e-01    -  1.00e+00 1.56e-02h  7
 411  2.0641250e-02 7.77e-02 1.84e-01 -11.0 1.40e-01    -  1.00e+00 6.25e-02h  5
 412  2.0631383e-02 2.37e-03 2.27e-01 -11.0 1.95e-02    -  1.00e+00 1.00e+00h  1
 413  2.0643791e-02 2.22e-03 1.35e-01 -11.0 1.92e-02    -  1.00e+00 5.00e-01h  2
 414  2.0370789e-02 1.23e-03 1.61e-01 -11.0 1.29e-02    -  1.00e+00 1.00e+00h  1
 415  2.0470477e-02 1.00e-03 1.69e-01 -11.0 6.96e-03    -  1.00e+00 1.00e+00h  1
 416  2.0234921e-02 2.90e-04 5.88e-02 -11.0 4.42e-03    -  1.00e+00 1.00e+00h  1
 417  2.0206805e-02 3.81e-05 2.26e-02 -11.0 1.87e-03    -  1.00e+00 1.00e+00h  1
 418  2.0152293e-02 3.94e-04 9.40e-02 -11.0 5.59e-03    -  1.00e+00 1.00e+00h  1
 419  2.0104179e-02 9.39e-04 2.07e-01 -11.0 1.43e-01    -  1.00e+00 6.25e-02h  5
iter    objective    inf_pr   inf_du lg(mu)  ||d||  lg(rg) alpha_du alpha_pr  ls
 420  2.0093396e-02 1.25e-03 2.05e-01 -11.0 5.40e-02    -  1.00e+00 1.25e-01h  4
 421  2.0308467e-02 3.06e-05 1.64e-01 -11.0 4.22e-02    -  1.00e+00 1.00e+00H  1
 422  2.0283022e-02 8.44e-05 1.71e-01 -11.0 1.90e-01    -  1.00e+00 1.56e-02h  7
 423  2.0195858e-02 4.59e-04 1.98e-01 -11.0 9.61e-02    -  1.00e+00 6.25e-02h  5
 424  2.0953286e-02 2.79e-05 6.91e-02 -11.0 2.02e-02    -  1.00e+00 1.00e+00H  1
 425  2.0038981e-02 4.39e-03 1.27e-01 -11.0 1.02e-02    -  1.00e+00 1.00e+00h  1
 426  1.9913669e-02 2.26e-04 5.59e-02 -11.0 5.68e-03    -  1.00e+00 1.00e+00h  1
 427  1.9865818e-02 1.50e-04 2.10e-02 -11.0 5.49e-03    -  1.00e+00 1.00e+00h  1
 428  1.9873233e-02 2.00e-05 3.38e-02 -11.0 1.43e-02    -  1.00e+00 1.00e+00H  1
 429  1.9799720e-02 1.80e-03 1.09e-01 -11.0 9.78e-02    -  1.00e+00 2.50e-01h  3
iter    objective    inf_pr   inf_du lg(mu)  ||d||  lg(rg) alpha_du alpha_pr  ls
 430  1.9769081e-02 2.28e-03 1.38e-01 -11.0 2.13e-01    -  1.00e+00 6.25e-02h  5
 431  1.9719862e-02 2.08e-03 7.20e-02 -11.0 4.18e-02    -  1.00e+00 2.50e-01h  3
 432  1.9605817e-02 1.05e-02 1.12e-01 -11.0 1.59e-01    -  1.00e+00 2.50e-01h  3
 433  1.9599985e-02 1.97e-02 1.20e-01 -11.0 6.37e-01    -  1.00e+00 6.25e-02h  5
 434  1.9576803e-02 2.02e-02 1.50e-01 -11.0 3.46e-01    -  1.00e+00 6.25e-02h  5
 435  1.9462669e-02 4.30e-02 2.20e-01 -11.0 7.02e-01    -  1.00e+00 1.25e-01h  4
 436  1.9401581e-02 4.44e-02 2.54e-01 -11.0 2.39e+00    -  1.00e+00 7.81e-03h  8
 437  1.9210877e-02 7.07e-02 3.18e-01 -11.0 1.53e+00    -  1.00e+00 6.25e-02h  5
 438  1.9188934e-02 7.21e-02 3.26e-01 -11.0 1.99e+00    -  1.00e+00 1.56e-02h  7
 439  3.4589892e-02 6.06e-02 8.05e-01 -11.0 1.16e-01    -  1.00e+00 1.00e+00w  1
iter    objective    inf_pr   inf_du lg(mu)  ||d||  lg(rg) alpha_du alpha_pr  ls
 440  2.3460436e-02 1.05e-01 2.77e-01 -11.0 6.44e-02    -  1.00e+00 1.00e+00w  1
 441  2.4872766e-02 2.90e-02 1.25e+00 -11.0 6.24e-02    -  1.00e+00 1.00e+00w  1
 442  1.9176618e-02 6.32e-02 2.72e-01 -11.0 3.69e-02    -  1.00e+00 1.25e-01h  3
 443  1.9185107e-02 1.45e-02 5.12e-02 -11.0 6.44e-02    -  1.00e+00 1.00e+00h  1
 444  1.9144426e-02 1.61e-02 5.75e-02 -11.0 4.83e-01    -  1.00e+00 6.25e-02h  5
 445  1.9574680e-02 1.19e-02 1.46e-01 -11.0 3.71e-02    -  1.00e+00 2.50e-01h  3
 446  1.8983343e-02 5.30e-03 6.13e-02 -11.0 4.49e-02    -  1.00e+00 1.00e+00h  1
 447  1.9528608e-02 5.15e-03 4.19e-01 -11.0 5.14e-02    -  1.00e+00 2.50e-01h  3
 448  1.8862010e-02 6.70e-04 1.17e-01 -11.0 9.98e-03    -  1.00e+00 1.00e+00h  1
 449  1.8872503e-02 1.37e-04 5.51e-02 -11.0 2.84e-03    -  1.00e+00 1.00e+00h  1
iter    objective    inf_pr   inf_du lg(mu)  ||d||  lg(rg) alpha_du alpha_pr  ls
 450  1.8861117e-02 8.68e-06 6.97e-03 -11.0 1.72e-03    -  1.00e+00 1.00e+00h  1
 451  1.8903465e-02 8.56e-06 3.76e-02 -11.0 1.46e-02    -  1.00e+00 1.00e+00H  1
 452  1.8934771e-02 3.72e-05 7.48e-02 -11.0 3.67e-02    -  1.00e+00 1.00e+00H  1
 453  1.8932131e-02 3.73e-05 7.50e-02 -11.0 3.07e-01    -  1.00e+00 9.77e-04h 11
 454  1.8836237e-02 3.96e-04 6.83e-02 -11.0 4.64e-02    -  1.00e+00 2.50e-01h  3
 455  1.8767384e-02 4.90e-04 7.28e-02 -11.0 4.83e-02    -  1.00e+00 2.50e-01h  3
 456  1.8734958e-02 1.47e-03 1.04e-01 -11.0 2.07e-02    -  1.00e+00 5.00e-01h  2
 457  1.8689568e-02 2.31e-03 4.00e-02 -11.0 4.04e-02    -  1.00e+00 5.00e-01h  2
 458  1.8629110e-02 2.30e-03 7.70e-02 -11.0 1.77e-01    -  1.00e+00 1.25e-01h  4
 459  1.8572932e-02 3.74e-03 6.50e-02 -11.0 9.99e-01    -  1.00e+00 3.12e-02h  6
iter    objective    inf_pr   inf_du lg(mu)  ||d||  lg(rg) alpha_du alpha_pr  ls
 460  1.8543015e-02 4.16e-03 7.37e-02 -11.0 1.87e+00    -  1.00e+00 7.81e-03h  8
 461  1.8522064e-02 7.17e-03 1.09e-01 -11.0 1.05e-01    -  1.00e+00 2.50e-01h  3
 462  1.8496433e-02 7.13e-03 1.51e-01 -11.0 4.29e-01    -  1.00e+00 3.12e-02h  6
 463  2.2827093e-02 1.37e-01 9.30e-01 -11.0 1.04e-01    -  1.00e+00 1.00e+00w  1
 464  2.0598189e-02 4.38e-02 3.67e-01 -11.0 1.30e-01    -  1.00e+00 1.00e+00w  1
 465  1.9328095e-01 6.06e-01 1.35e+00 -11.0 2.04e-01    -  1.00e+00 1.00e+00w  1
 466  1.8456238e-02 6.41e-03 2.01e-01 -11.0 1.69e-01    -  1.00e+00 1.25e-01h  3
 467  1.8607499e-02 2.22e-04 1.90e-01 -11.0 1.89e-02    -  1.00e+00 1.00e+00H  1
 468  1.8477518e-02 3.70e-04 1.67e-01 -11.0 4.51e-02    -  1.00e+00 2.50e-01h  3
 469  1.8381754e-02 9.55e-04 1.63e-01 -11.0 6.28e-02    -  1.00e+00 2.50e-01h  3
iter    objective    inf_pr   inf_du lg(mu)  ||d||  lg(rg) alpha_du alpha_pr  ls
 470  1.8364366e-02 2.92e-03 6.81e-02 -11.0 1.72e-02    -  1.00e+00 5.00e-01h  2
 471  1.8304232e-02 1.65e-03 6.25e-02 -11.0 9.60e-03    -  1.00e+00 5.00e-01h  2
 472  1.8215533e-02 9.94e-04 3.87e-02 -11.0 4.77e-03    -  1.00e+00 1.00e+00h  1
 473  1.8212075e-02 1.31e-04 1.99e-02 -11.0 5.32e-03    -  1.00e+00 1.00e+00h  1
 474  1.8177200e-02 1.81e-03 5.52e-02 -11.0 3.18e-02    -  1.00e+00 1.00e+00h  1
 475  1.8154882e-02 3.16e-03 1.05e-01 -11.0 9.07e-01    -  1.00e+00 3.12e-02h  6
 476  1.8134209e-02 3.58e-03 1.46e-01 -11.0 5.54e-01    -  1.00e+00 3.12e-02h  6
 477  1.8078770e-02 4.89e-03 2.29e-01 -11.0 2.63e-01    -  1.00e+00 1.25e-01h  4
 478  1.8044393e-02 6.18e-03 3.76e-01 -11.0 9.09e-01    -  1.00e+00 3.12e-02h  6
 479  1.8020897e-02 6.18e-03 4.07e-01 -11.0 3.55e-01    -  1.00e+00 3.12e-02h  6
iter    objective    inf_pr   inf_du lg(mu)  ||d||  lg(rg) alpha_du alpha_pr  ls
 480  1.7946139e-02 8.29e-03 5.11e-01 -11.0 6.09e-01    -  1.00e+00 6.25e-02h  5
 481  1.7932876e-02 1.49e-02 6.98e-01 -11.0 1.31e+00    -  1.00e+00 6.25e-02h  5
 482  1.7854166e-02 1.50e-02 7.24e-01 -11.0 2.53e+00    -  1.00e+00 7.81e-03h  8
 483  1.7797674e-02 2.39e-02 7.16e-01 -11.0 3.21e-01    -  1.00e+00 2.50e-01h  3
 484  1.7727904e-02 2.49e-02 7.67e-01 -11.0 1.93e+00    -  1.00e+00 1.56e-02h  7
 485  3.4272279e-02 1.12e-01 2.95e-01 -11.0 3.02e-01    -  1.00e+00 1.00e+00w  1
 486  4.6965530e-02 2.13e-01 8.78e-01 -11.0 8.54e-02    -  1.00e+00 1.00e+00w  1
 487  2.3594024e-02 1.02e-01 2.79e+00 -11.0 1.78e-01    -  1.00e+00 1.00e+00w  1
 488  1.7739715e-02 2.21e-02 7.34e-01 -11.0 7.38e-01    -  1.00e+00 1.25e-01h  3
 489  1.7579049e-02 1.96e-02 6.63e-01 -11.0 7.42e-02    -  1.00e+00 1.25e-01h  4
iter    objective    inf_pr   inf_du lg(mu)  ||d||  lg(rg) alpha_du alpha_pr  ls
 490  1.8017890e-02 1.98e-03 4.67e-01 -11.0 2.11e-02    -  1.00e+00 1.00e+00h  1
 491  1.8392222e-02 6.78e-04 3.78e-01 -11.0 2.09e-02    -  1.00e+00 1.00e+00H  1
 492  1.7976939e-02 1.90e-03 3.58e-01 -11.0 1.35e-02    -  1.00e+00 1.00e+00h  1
 493  1.7321809e-02 3.33e-04 1.38e-01 -11.0 6.04e-03    -  1.00e+00 1.00e+00h  1
 494  1.7297361e-02 2.11e-05 2.45e-02 -11.0 2.35e-03    -  1.00e+00 1.00e+00h  1
 495  1.7261917e-02 8.47e-05 4.74e-02 -11.0 5.62e-03    -  1.00e+00 1.00e+00h  1
 496  1.7257705e-02 1.60e-03 2.37e-01 -11.0 6.17e-02    -  1.00e+00 5.00e-01h  2
 497  1.7207013e-02 2.38e-03 3.43e-01 -11.0 1.73e-01    -  1.00e+00 1.25e-01h  4
 498  1.7183620e-02 1.76e-03 3.10e-01 -11.0 3.79e-02    -  1.00e+00 2.50e-01h  3
 499  1.7225901e-02 1.77e-03 5.59e-02 -11.0 1.69e-02    -  1.00e+00 1.00e+00h  1
iter    objective    inf_pr   inf_du lg(mu)  ||d||  lg(rg) alpha_du alpha_pr  ls
 500  1.7162614e-02 1.19e-03 8.32e-02 -11.0 1.04e-02    -  1.00e+00 1.00e+00h  1
 501  1.7097455e-02 9.91e-04 4.65e-02 -11.0 1.41e-02    -  1.00e+00 1.00e+00h  1
 502  1.7090232e-02 5.09e-04 5.73e-02 -11.0 5.98e-03    -  1.00e+00 5.00e-01h  2
 503  1.7069502e-02 2.27e-04 5.44e-03 -11.0 6.18e-03    -  1.00e+00 1.00e+00h  1
 504  1.7075254e-02 1.82e-04 2.30e-02 -11.0 4.57e-03    -  1.00e+00 1.00e+00h  1
 505  1.7057482e-02 5.07e-05 1.15e-02 -11.0 2.49e-03    -  1.00e+00 1.00e+00h  1
 506  1.7058007e-02 1.89e-06 2.76e-02 -11.0 2.99e-03    -  1.00e+00 1.00e+00H  1
 507  1.7034499e-02 4.67e-04 7.54e-02 -11.0 7.86e-03    -  1.00e+00 1.00e+00h  1
 508  1.7025810e-02 1.06e-03 1.02e-01 -11.0 6.69e-02    -  1.00e+00 1.25e-01h  4
 509  1.7022886e-02 1.10e-03 6.95e-02 -11.0 2.20e-02    -  1.00e+00 2.50e-01h  3
iter    objective    inf_pr   inf_du lg(mu)  ||d||  lg(rg) alpha_du alpha_pr  ls
 510  1.7002514e-02 1.03e-03 1.46e-02 -11.0 1.02e-02    -  1.00e+00 1.00e+00h  1
 511  1.6998826e-02 1.39e-03 5.10e-02 -11.0 3.28e-02    -  1.00e+00 2.50e-01h  3
 512  1.7247577e-02 1.09e-06 1.68e-01 -11.0 1.89e-02    -  1.00e+00 1.00e+00H  1
 513  1.6988390e-02 9.53e-04 1.05e-01 -11.0 8.02e-03    -  1.00e+00 1.00e+00h  1
 514  1.6961712e-02 8.26e-05 2.30e-02 -11.0 2.69e-03    -  1.00e+00 1.00e+00h  1
 515  1.6954631e-02 2.48e-05 1.41e-02 -11.0 1.69e-03    -  1.00e+00 1.00e+00h  1
 516  1.6950664e-02 8.02e-06 3.22e-03 -11.0 6.28e-04    -  1.00e+00 1.00e+00h  1
 517  1.6944367e-02 1.45e-05 5.98e-03 -11.0 1.62e-03    -  1.00e+00 1.00e+00h  1
 518  1.6990251e-02 3.61e-07 6.23e-02 -11.0 1.77e-02    -  1.00e+00 1.00e+00H  1
 519  1.6987137e-02 1.03e-06 6.12e-02 -11.0 8.51e-02    -  1.00e+00 7.81e-03h  8
iter    objective    inf_pr   inf_du lg(mu)  ||d||  lg(rg) alpha_du alpha_pr  ls
 520  1.6985873e-02 1.20e-06 6.11e-02 -11.0 2.32e-01    -  1.00e+00 9.77e-04h 11
 521  1.6985589e-02 1.21e-06 6.10e-02 -11.0 1.72e-01    -  1.00e+00 2.44e-04h 13
 522  1.6890851e-02 8.46e-03 1.77e-01 -11.0 2.98e-01    -  1.00e+00 1.25e-01h  4
 523  1.6884738e-02 9.92e-03 1.91e-01 -11.0 7.09e-01    -  1.00e+00 3.12e-02h  6
 524  1.6872306e-02 9.34e-03 2.01e-01 -11.0 9.13e-02    -  1.00e+00 6.25e-02h  5
 525  1.6829176e-02 9.22e-03 1.03e-01 -11.0 5.19e-02    -  1.00e+00 5.00e-01h  2
 526  1.6775392e-02 1.13e-02 2.05e-01 -11.0 8.65e-01    -  1.00e+00 3.12e-02h  6
 527  1.6759888e-02 1.13e-02 2.01e-01 -11.0 3.69e-01    -  1.00e+00 3.12e-02h  6
 528  1.6730790e-02 1.43e-02 2.61e-01 -11.0 5.40e-01    -  1.00e+00 6.25e-02h  5
 529  6.0123262e-02 1.44e+00 1.23e+01 -11.0 7.21e-01    -  1.00e+00 1.00e+00w  1
iter    objective    inf_pr   inf_du lg(mu)  ||d||  lg(rg) alpha_du alpha_pr  ls
 530  8.0054021e-02 9.07e-01 6.85e+00 -11.0 1.88e-01    -  1.00e+00 1.00e+00w  1
 531  2.3858812e-01 7.50e-01 2.82e+00 -11.0 3.01e-01    -  1.00e+00 1.00e+00w  1
 532  1.6717185e-02 1.50e-02 3.10e-01 -11.0 1.67e-01    -  1.00e+00 3.12e-02h  5
 533  1.6719264e-02 7.79e-03 1.25e-01 -11.0 1.02e-02    -  1.00e+00 5.00e-01h  2
 534  1.6691531e-02 3.29e-04 5.89e-02 -11.0 3.91e-03    -  1.00e+00 1.00e+00h  1
 535  1.6659852e-02 3.56e-04 1.37e-01 -11.0 7.00e-03    -  1.00e+00 1.00e+00h  1
 536  1.6723542e-02 1.36e-04 4.08e-02 -11.0 5.90e-03    -  1.00e+00 1.00e+00h  1
 537  1.6632611e-02 7.89e-05 5.30e-03 -11.0 3.77e-03    -  1.00e+00 1.00e+00h  1
 538  1.6625788e-02 2.26e-05 9.06e-03 -11.0 1.88e-03    -  1.00e+00 1.00e+00h  1
 539  1.6613004e-02 1.25e-03 6.13e-02 -11.0 1.31e-02    -  1.00e+00 1.00e+00h  1
iter    objective    inf_pr   inf_du lg(mu)  ||d||  lg(rg) alpha_du alpha_pr  ls
 540  1.6610095e-02 1.23e-03 9.76e-02 -11.0 1.08e-01    -  1.00e+00 1.25e-01h  4
 541  1.6600646e-02 8.96e-04 7.33e-02 -11.0 1.78e-02    -  1.00e+00 2.50e-01h  3
 542  1.6657772e-02 1.74e-05 4.44e-02 -11.0 1.57e-02    -  1.00e+00 1.00e+00H  1
 543  1.6612039e-02 5.99e-04 3.28e-02 -11.0 2.46e-02    -  1.00e+00 2.50e-01h  3
 544  1.6562914e-02 5.99e-04 4.14e-02 -11.0 5.49e-03    -  1.00e+00 5.00e-01h  2
 545  1.6531334e-02 8.93e-04 3.04e-02 -11.0 1.57e-02    -  1.00e+00 1.00e+00h  1
 546  1.6539533e-02 9.91e-04 1.74e-02 -11.0 7.11e-02    -  1.00e+00 1.25e-01h  4
 547  1.6535864e-02 5.31e-04 3.32e-02 -11.0 1.70e-02    -  1.00e+00 5.00e-01h  2
 548  1.6501265e-02 7.79e-04 2.30e-02 -11.0 5.75e-02    -  1.00e+00 2.50e-01h  3
 549  1.6500057e-02 9.24e-04 2.61e-02 -11.0 2.50e-01    -  1.00e+00 6.25e-02h  5
iter    objective    inf_pr   inf_du lg(mu)  ||d||  lg(rg) alpha_du alpha_pr  ls
 550  1.6903893e-02 2.42e-05 1.06e-01 -11.0 3.18e-02    -  1.00e+00 1.00e+00H  1
 551  1.6771885e-02 1.52e-04 1.10e-01 -11.0 2.54e-02    -  1.00e+00 1.00e+00H  1
 552  1.6825526e-02 3.46e-05 1.30e-01 -11.0 1.60e-02    -  1.00e+00 1.00e+00H  1
 553  1.6425879e-02 1.01e-02 4.45e-02 -11.0 1.31e-02    -  1.00e+00 1.00e+00h  1
 554  1.6557505e-02 1.18e-03 7.06e-02 -11.0 1.76e-02    -  1.00e+00 1.00e+00h  1
 555  1.6406338e-02 1.17e-03 3.75e-02 -11.0 7.26e-03    -  1.00e+00 1.00e+00h  1
 556  1.6349886e-02 5.52e-04 2.12e-02 -11.0 3.89e-03    -  1.00e+00 1.00e+00h  1
 557  1.6327695e-02 1.20e-04 1.20e-02 -11.0 3.34e-03    -  1.00e+00 1.00e+00h  1
 558  1.6324562e-02 3.11e-04 1.06e-02 -11.0 5.99e-03    -  1.00e+00 1.00e+00h  1
 559  1.6357549e-02 2.19e-05 2.60e-02 -11.0 2.10e-02    -  1.00e+00 1.00e+00H  1
iter    objective    inf_pr   inf_du lg(mu)  ||d||  lg(rg) alpha_du alpha_pr  ls
 560  1.6319755e-02 1.62e-03 5.32e-02 -11.0 1.32e-01    -  1.00e+00 2.50e-01h  3
 561  1.6317479e-02 4.13e-03 5.31e-02 -11.0 2.31e-01    -  1.00e+00 6.25e-02h  5
 562  1.6308842e-02 3.27e-03 4.04e-02 -11.0 3.58e-02    -  1.00e+00 2.50e-01h  3
 563  1.6314014e-02 4.11e-03 4.68e-02 -11.0 1.43e-02    -  1.00e+00 1.00e+00h  1
 564  1.6603721e-02 6.69e-06 1.15e-01 -11.0 1.74e-02    -  1.00e+00 1.00e+00H  1
 565  1.6296291e-02 1.53e-03 4.16e-02 -11.0 2.74e-02    -  1.00e+00 1.00e+00h  1
 566  1.6246828e-02 1.38e-03 1.50e-02 -11.0 3.40e-02    -  1.00e+00 1.25e-01h  4
 567  1.6229230e-02 3.28e-04 1.45e-02 -11.0 4.08e-03    -  1.00e+00 1.00e+00h  1
 568  1.6212487e-02 1.56e-04 8.85e-03 -11.0 3.21e-03    -  1.00e+00 1.00e+00h  1
 569  1.6219315e-02 9.24e-05 2.13e-02 -11.0 1.48e-03    -  1.00e+00 1.00e+00h  1
iter    objective    inf_pr   inf_du lg(mu)  ||d||  lg(rg) alpha_du alpha_pr  ls
 570  1.6208065e-02 3.99e-05 3.08e-03 -11.0 1.60e-03    -  1.00e+00 1.00e+00h  1
 571  1.6205379e-02 4.47e-05 5.86e-03 -11.0 1.64e-03    -  1.00e+00 1.00e+00h  1
 572  1.6204466e-02 8.20e-05 4.87e-02 -11.0 2.51e-02    -  1.00e+00 1.00e+00H  1
 573  1.6199973e-02 6.65e-05 6.76e-02 -11.0 1.94e-01    -  1.00e+00 3.12e-02h  6
 574  1.6235266e-02 8.47e-06 5.89e-02 -11.0 1.92e-02    -  1.00e+00 1.00e+00H  1
 575  1.6229511e-02 8.08e-06 6.10e-02 -11.0 3.54e-02    -  1.00e+00 1.56e-02h  7
 576  1.6218069e-02 9.09e-06 2.87e-02 -11.0 7.74e-03    -  1.00e+00 1.00e+00H  1
 577  1.6181409e-02 5.25e-04 5.66e-02 -11.0 1.50e-02    -  1.00e+00 1.00e+00h  1
 578  1.6210531e-02 3.72e-06 3.00e-02 -11.0 5.49e-03    -  1.00e+00 1.00e+00H  1
 579  1.6119151e-02 4.16e-04 7.37e-03 -11.0 3.13e-03    -  1.00e+00 1.00e+00h  1
iter    objective    inf_pr   inf_du lg(mu)  ||d||  lg(rg) alpha_du alpha_pr  ls
 580  1.6114446e-02 2.38e-04 8.55e-03 -11.0 2.71e-03    -  1.00e+00 1.00e+00h  1
 581  1.6106301e-02 3.69e-05 1.71e-02 -11.0 2.56e-03    -  1.00e+00 1.00e+00h  1
 582  1.6210244e-02 2.58e-05 5.20e-02 -11.0 1.24e-02    -  1.00e+00 1.00e+00H  1
 583  1.6100153e-02 1.19e-03 1.71e-02 -11.0 5.08e-03    -  1.00e+00 1.00e+00h  1
 584  1.6086593e-02 1.94e-04 6.85e-03 -11.0 2.84e-03    -  1.00e+00 1.00e+00h  1
 585  1.6082522e-02 5.60e-04 1.13e-02 -11.0 7.56e-03    -  1.00e+00 1.00e+00h  1
 586  1.6074965e-02 1.42e-03 3.63e-02 -11.0 1.24e-01    -  1.00e+00 1.25e-01h  4
 587  1.6052768e-02 4.32e-03 8.31e-02 -11.0 1.05e+00    -  1.00e+00 3.12e-02h  6
 588  1.6050459e-02 4.38e-03 7.90e-02 -11.0 1.77e+00    -  1.00e+00 3.91e-03h  9
 589  1.6057264e-02 3.53e-03 2.49e-02 -11.0 4.10e-02    -  1.00e+00 2.50e-01h  3
iter    objective    inf_pr   inf_du lg(mu)  ||d||  lg(rg) alpha_du alpha_pr  ls
 590  1.6039943e-02 6.93e-03 1.24e-01 -11.0 1.17e-01    -  1.00e+00 2.50e-01h  3
 591  1.5999950e-02 1.16e-02 2.01e-01 -11.0 1.22e+00    -  1.00e+00 3.12e-02h  6
 592  1.5990865e-02 1.26e-02 1.98e-01 -11.0 1.30e+00    -  1.00e+00 1.56e-02h  7
 593  1.5989458e-02 1.90e-02 2.73e-01 -11.0 1.40e+00    -  1.00e+00 3.12e-02h  6
 594  1.5979087e-02 1.91e-02 2.34e-01 -11.0 3.10e-01    -  1.00e+00 7.81e-03h  8
 595  1.5950503e-02 5.62e-03 2.26e-02 -11.0 3.93e-02    -  1.00e+00 1.00e+00h  1
 596  1.5944515e-02 6.03e-03 2.38e-02 -11.0 1.32e+00    -  1.00e+00 7.81e-03h  8
 597  1.5939239e-02 5.87e-03 3.15e-02 -11.0 1.20e-01    -  1.00e+00 6.25e-02h  5
 598  1.5933055e-02 5.50e-03 4.92e-02 -11.0 1.60e-01    -  1.00e+00 1.25e-01h  4
 599  1.5922511e-02 5.96e-03 3.04e-02 -11.0 1.06e+00    -  1.00e+00 1.56e-02h  7
iter    objective    inf_pr   inf_du lg(mu)  ||d||  lg(rg) alpha_du alpha_pr  ls
 600  1.5917293e-02 6.12e-03 4.01e-02 -11.0 1.26e+00    -  1.00e+00 7.81e-03h  8
 601  1.5910804e-02 6.40e-03 7.37e-02 -11.0 5.58e-01    -  1.00e+00 3.12e-02h  6
 602  1.5905178e-02 6.79e-03 9.58e-02 -11.0 1.73e+00    -  1.00e+00 7.81e-03h  8
 603  1.5899713e-02 7.12e-03 1.05e-01 -11.0 8.11e-01    -  1.00e+00 1.56e-02h  7
 604  1.5892359e-02 7.36e-03 1.03e-01 -11.0 5.36e-01    -  1.00e+00 3.12e-02h  6
 605  1.5899577e-02 7.39e-03 6.62e-02 -11.0 5.10e-01    -  1.00e+00 1.56e-02h  7
 606  1.5903310e-02 1.24e-03 8.54e-03 -11.0 1.05e-02    -  1.00e+00 1.00e+00h  1
 607  1.6366222e-02 9.85e-06 6.82e-02 -11.0 1.76e-02    -  1.00e+00 1.00e+00H  1
 608  1.5892235e-02 3.19e-03 8.80e-03 -11.0 1.61e-02    -  1.00e+00 1.00e+00h  1
 609  1.5932023e-02 1.83e-03 1.45e-02 -11.0 3.09e-02    -  1.00e+00 5.00e-01h  2
iter    objective    inf_pr   inf_du lg(mu)  ||d||  lg(rg) alpha_du alpha_pr  ls
 610  1.5909375e-02 1.66e-03 1.26e-02 -11.0 4.12e-02    -  1.00e+00 1.25e-01h  4
 611  1.5889439e-02 2.23e-03 2.19e-02 -11.0 9.95e-02    -  1.00e+00 1.25e-01h  4
 612  1.5854370e-02 2.92e-03 2.66e-02 -11.0 7.88e-02    -  1.00e+00 1.25e-01h  4
 613  1.6181741e-02 1.73e-04 9.69e-02 -11.0 1.79e-02    -  1.00e+00 1.00e+00H  1
 614  1.5838422e-02 2.12e-03 3.68e-02 -11.0 1.49e-02    -  1.00e+00 1.00e+00h  1
 615  1.5971614e-02 7.80e-04 5.89e-02 -11.0 7.83e-03    -  1.00e+00 1.00e+00h  1
 616  1.5814422e-02 4.47e-04 4.40e-03 -11.0 5.52e-03    -  1.00e+00 1.00e+00h  1
 617  1.5813584e-02 9.36e-05 1.41e-02 -11.0 3.08e-03    -  1.00e+00 1.00e+00h  1
 618  1.5807263e-02 1.24e-04 1.32e-02 -11.0 3.51e-03    -  1.00e+00 1.00e+00h  1
 619  1.5840162e-02 2.42e-05 1.23e-02 -11.0 6.50e-03    -  1.00e+00 1.00e+00H  1
iter    objective    inf_pr   inf_du lg(mu)  ||d||  lg(rg) alpha_du alpha_pr  ls
 620  1.5830967e-02 6.83e-06 8.72e-03 -11.0 3.83e-03    -  1.00e+00 1.00e+00H  1
 621  1.5782887e-02 5.73e-05 5.75e-03 -11.0 2.31e-03    -  1.00e+00 1.00e+00h  1
 622  1.5775695e-02 4.97e-05 1.73e-03 -11.0 3.48e-03    -  1.00e+00 1.00e+00h  1
 623  1.5769860e-02 1.96e-04 1.37e-02 -11.0 1.03e-01    -  1.00e+00 6.25e-02h  5
 624  1.5764952e-02 1.48e-03 6.78e-02 -11.0 2.87e-01    -  1.00e+00 6.25e-02h  5
 625  1.5759013e-02 1.56e-03 8.09e-02 -11.0 1.96e-01    -  1.00e+00 3.12e-02h  6
 626  1.5766672e-02 2.54e-03 9.36e-02 -11.0 5.24e-02    -  1.00e+00 1.25e-01h  4
 627  1.5750100e-02 2.13e-03 1.22e-01 -11.0 1.83e-02    -  1.00e+00 2.50e-01h  3
 628  1.5736445e-02 2.02e-03 1.21e-01 -11.0 5.57e-02    -  1.00e+00 1.25e-01h  4
 629  1.5732069e-02 1.83e-03 1.07e-01 -11.0 6.33e-02    -  1.00e+00 1.25e-01h  4
iter    objective    inf_pr   inf_du lg(mu)  ||d||  lg(rg) alpha_du alpha_pr  ls
 630  1.5715988e-02 1.41e-03 4.47e-02 -11.0 8.73e-03    -  1.00e+00 5.00e-01h  2
 631  1.5764848e-02 1.59e-03 4.30e-02 -11.0 8.28e-03    -  1.00e+00 1.00e+00h  1
 632  1.5768314e-02 3.75e-04 1.17e-01 -11.0 1.07e-02    -  1.00e+00 1.00e+00h  1
 633  1.5729411e-02 5.31e-04 1.01e-01 -11.0 1.04e-02    -  1.00e+00 2.50e-01h  3
 634  1.5695545e-02 2.81e-04 7.47e-03 -11.0 4.11e-03    -  1.00e+00 1.00e+00h  1
 635  1.5695951e-02 2.38e-04 1.84e-02 -11.0 2.80e-03    -  1.00e+00 1.00e+00h  1
 636  1.5687403e-02 3.40e-05 7.24e-03 -11.0 1.91e-03    -  1.00e+00 1.00e+00h  1
 637  1.5690306e-02 2.18e-06 1.92e-02 -11.0 3.04e-03    -  1.00e+00 1.00e+00H  1
 638  1.5681964e-02 6.72e-05 2.08e-02 -11.0 2.50e-03    -  1.00e+00 1.00e+00h  1
 639  1.5688641e-02 7.36e-06 2.42e-02 -11.0 5.04e-03    -  1.00e+00 1.00e+00H  1
iter    objective    inf_pr   inf_du lg(mu)  ||d||  lg(rg) alpha_du alpha_pr  ls
 640  1.5693514e-02 1.28e-07 4.08e-02 -11.0 2.96e-03    -  1.00e+00 1.00e+00H  1
 641  1.5666832e-02 7.99e-04 1.89e-02 -11.0 3.35e-03    -  1.00e+00 1.00e+00h  1
 642  1.5659215e-02 1.35e-04 2.40e-02 -11.0 4.20e-03    -  1.00e+00 1.00e+00h  1
 643  1.5689790e-02 3.03e-06 3.12e-02 -11.0 1.07e-02    -  1.00e+00 1.00e+00H  1
 644  1.5680759e-02 3.42e-05 2.77e-02 -11.0 3.25e-02    -  1.00e+00 6.25e-02h  5
 645  1.5649828e-02 5.15e-04 2.22e-02 -11.0 4.34e-02    -  1.00e+00 2.50e-01h  3
 646  1.5639298e-02 1.20e-03 3.61e-02 -11.0 2.02e-02    -  1.00e+00 1.25e-01h  4
 647  1.5633652e-02 1.44e-04 6.81e-02 -11.0 3.98e-03    -  1.00e+00 1.00e+00h  1
 648  1.5631462e-02 6.64e-04 3.32e-02 -11.0 4.44e-03    -  1.00e+00 1.00e+00h  1
 649  1.5651726e-02 8.10e-04 4.46e-02 -11.0 5.51e-03    -  1.00e+00 1.00e+00h  1
iter    objective    inf_pr   inf_du lg(mu)  ||d||  lg(rg) alpha_du alpha_pr  ls
 650  1.5626410e-02 8.84e-04 1.65e-02 -11.0 6.87e-03    -  1.00e+00 1.00e+00h  1
 651  1.5615642e-02 4.70e-04 4.31e-02 -11.0 3.65e-03    -  1.00e+00 5.00e-01h  2
 652  1.5600884e-02 1.20e-04 6.51e-03 -11.0 1.72e-03    -  1.00e+00 1.00e+00h  1
 653  1.5599577e-02 1.02e-05 6.95e-03 -11.0 2.51e-03    -  1.00e+00 1.00e+00h  1
 654  1.5609806e-02 8.04e-06 1.53e-01 -11.0 2.66e-02    -  1.00e+00 1.00e+00H  1
 655  1.5607877e-02 8.44e-06 1.60e-01 -11.0 7.03e-01    -  1.00e+00 1.95e-03h 10
 656  1.5605566e-02 9.20e-06 1.62e-01 -11.0 2.11e-01    -  1.00e+00 7.81e-03h  8
 657  1.5594196e-02 2.36e-04 1.59e-01 -11.0 4.05e-01    -  1.00e+00 3.12e-02h  6
 658  1.5589433e-02 6.01e-04 1.62e-01 -11.0 4.57e-01    -  1.00e+00 3.12e-02h  6
 659  1.5587716e-02 2.52e-03 2.43e-01 -11.0 4.81e-01    -  1.00e+00 6.25e-02h  5
iter    objective    inf_pr   inf_du lg(mu)  ||d||  lg(rg) alpha_du alpha_pr  ls
 660  1.5579950e-02 2.64e-03 2.65e-01 -11.0 5.81e-01    -  1.00e+00 1.56e-02h  7
 661  1.5571650e-02 2.84e-03 2.14e-01 -11.0 3.37e-01    -  1.00e+00 3.12e-02h  6
 662  1.5576985e-02 2.73e-03 1.95e-01 -11.0 6.37e-02    -  1.00e+00 6.25e-02h  5
 663  1.5577747e-02 3.95e-04 4.07e-02 -11.0 1.16e-02    -  1.00e+00 1.00e+00h  1
 664  1.5585321e-02 5.77e-04 1.16e-01 -11.0 7.20e-03    -  1.00e+00 5.00e-01h  2
 665  1.5528341e-02 2.16e-04 1.22e-02 -11.0 2.73e-03    -  1.00e+00 1.00e+00h  1
 666  1.5522084e-02 4.55e-05 6.22e-03 -11.0 4.00e-03    -  1.00e+00 1.00e+00h  1
 667  1.5504623e-02 2.88e-03 3.30e-02 -11.0 2.04e-01    -  1.00e+00 1.25e-01h  4
 668  1.5504605e-02 5.25e-03 1.29e-01 -11.0 1.69e+00    -  1.00e+00 1.56e-02h  7
 669  1.5497729e-02 5.89e-03 1.67e-01 -11.0 9.69e-01    -  1.00e+00 1.56e-02h  7
iter    objective    inf_pr   inf_du lg(mu)  ||d||  lg(rg) alpha_du alpha_pr  ls
 670  1.5487789e-02 7.12e-03 2.07e-01 -11.0 7.40e-01    -  1.00e+00 3.12e-02h  6
 671  1.5467410e-02 1.15e-02 2.08e-01 -11.0 1.75e+00    -  1.00e+00 3.12e-02h  6
 672  1.5448674e-02 1.55e-02 1.68e-01 -11.0 5.93e+00    -  1.00e+00 7.81e-03h  8
 673  1.5424169e-02 1.94e-02 1.42e-01 -11.0 5.85e+00    -  1.00e+00 7.81e-03h  8
 674  1.5410503e-02 2.08e-02 1.06e-01 -11.0 4.51e+00    -  1.00e+00 7.81e-03h  8
 675  1.5407713e-02 2.03e-02 6.06e-02 -11.0 3.04e-01    -  1.00e+00 3.12e-02h  6
 676  1.5392145e-02 1.24e-02 8.05e-02 -11.0 8.54e-02    -  1.00e+00 5.00e-01h  2
 677  7.5077866e-02 7.87e-01 9.24e-01 -11.0 5.46e-01    -  1.00e+00 1.00e+00w  1
 678  1.5141403e-01 1.75e+00 1.69e+00 -11.0 1.70e-01    -  1.00e+00 1.00e+00w  1
 679  2.5716731e-01 1.54e+00 2.89e+01 -11.0 1.82e-01    -  1.00e+00 1.00e+00w  1
iter    objective    inf_pr   inf_du lg(mu)  ||d||  lg(rg) alpha_du alpha_pr  ls
 680  1.5388037e-02 1.24e-02 1.11e-01 -11.0 2.90e-01    -  1.00e+00 3.12e-02h  5
 681  1.5398456e-02 6.52e-03 3.77e-02 -11.0 9.66e-03    -  1.00e+00 5.00e-01h  2
 682  1.5402542e-02 1.58e-03 6.04e-02 -11.0 9.78e-03    -  1.00e+00 1.00e+00h  1
 683  1.5472966e-02 3.46e-04 4.28e-02 -11.0 8.26e-03    -  1.00e+00 1.00e+00h  1
 684  1.5325359e-02 3.08e-04 2.74e-02 -11.0 5.66e-03    -  1.00e+00 1.00e+00h  1
 685  1.5317875e-02 2.75e-04 1.51e-02 -11.0 1.76e-03    -  1.00e+00 1.00e+00h  1
 686  1.5314097e-02 6.20e-05 2.15e-03 -11.0 5.95e-04    -  1.00e+00 1.00e+00h  1
 687  1.5309638e-02 8.18e-05 3.22e-03 -11.0 1.28e-03    -  1.00e+00 1.00e+00h  1
 688  1.5345010e-02 9.16e-07 6.97e-02 -11.0 1.13e-02    -  1.00e+00 1.00e+00H  1
 689  1.5404032e-02 4.32e-07 6.73e-02 -11.0 8.03e-03    -  1.00e+00 1.00e+00H  1
iter    objective    inf_pr   inf_du lg(mu)  ||d||  lg(rg) alpha_du alpha_pr  ls
 690  1.5303827e-02 2.57e-03 1.27e-02 -11.0 1.02e-02    -  1.00e+00 1.00e+00h  1
 691  1.5301680e-02 1.32e-03 8.69e-03 -11.0 4.35e-03    -  1.00e+00 5.00e-01h  2
 692  1.5280214e-02 3.00e-04 3.38e-03 -11.0 3.46e-03    -  1.00e+00 1.00e+00h  1
 693  1.5282088e-02 2.89e-06 2.06e-02 -11.0 5.16e-03    -  1.00e+00 1.00e+00H  1
 694  1.5288483e-02 4.42e-06 8.20e-02 -11.0 2.35e-02    -  1.00e+00 1.00e+00H  1
 695  1.5277168e-02 1.99e-03 1.16e-01 -11.0 1.70e-01    -  1.00e+00 6.25e-02h  5
 696  1.5261973e-02 1.58e-03 1.46e-01 -11.0 2.34e-02    -  1.00e+00 2.50e-01h  3
 697  1.5254714e-02 2.26e-03 1.42e-01 -11.0 1.18e-02    -  1.00e+00 5.00e-01h  2
 698  1.5257178e-02 3.08e-04 1.43e-02 -11.0 4.09e-03    -  1.00e+00 1.00e+00h  1
 699  1.5240155e-02 5.63e-04 3.31e-02 -11.0 2.39e-03    -  1.00e+00 1.00e+00h  1
iter    objective    inf_pr   inf_du lg(mu)  ||d||  lg(rg) alpha_du alpha_pr  ls
 700  1.5236033e-02 7.00e-05 8.28e-03 -11.0 1.87e-03    -  1.00e+00 1.00e+00h  1
 701  1.5234787e-02 5.65e-05 1.60e-02 -11.0 9.97e-04    -  1.00e+00 1.00e+00h  1
 702  1.5232318e-02 3.61e-05 7.44e-03 -11.0 1.01e-03    -  1.00e+00 1.00e+00h  1
 703  1.5229755e-02 8.59e-05 4.05e-02 -11.0 2.01e-03    -  1.00e+00 1.00e+00h  1
 704  1.5228644e-02 1.20e-04 4.17e-02 -11.0 2.02e-03    -  1.00e+00 1.00e+00h  1
 705  1.5225926e-02 6.05e-04 4.92e-02 -11.0 7.29e-03    -  1.00e+00 1.00e+00h  1
 706  1.5224557e-02 5.75e-04 6.55e-02 -11.0 2.85e-02    -  1.00e+00 1.25e-01h  4
 707  1.5219845e-02 9.68e-04 4.92e-02 -11.0 4.82e-03    -  1.00e+00 5.00e-01h  2
 708  1.5220176e-02 3.10e-04 4.47e-02 -11.0 3.82e-03    -  1.00e+00 1.00e+00h  1
 709  1.5206692e-02 1.13e-04 7.54e-03 -11.0 1.57e-03    -  1.00e+00 1.00e+00h  1
iter    objective    inf_pr   inf_du lg(mu)  ||d||  lg(rg) alpha_du alpha_pr  ls
 710  1.5210652e-02 5.74e-06 2.36e-02 -11.0 2.13e-03    -  1.00e+00 1.00e+00H  1
 711  1.5201846e-02 2.29e-04 7.55e-03 -11.0 2.07e-03    -  1.00e+00 1.00e+00h  1
 712  1.5209804e-02 5.07e-06 3.45e-02 -11.0 2.32e-03    -  1.00e+00 1.00e+00H  1
 713  1.5194326e-02 1.80e-04 6.22e-03 -11.0 1.66e-03    -  1.00e+00 1.00e+00h  1
 714  1.5190512e-02 1.95e-05 6.10e-03 -11.0 1.41e-03    -  1.00e+00 1.00e+00h  1
 715  1.5195468e-02 1.45e-05 2.95e-02 -11.0 1.60e-02    -  1.00e+00 1.00e+00H  1
 716  1.5187243e-02 2.77e-03 5.56e-02 -11.0 6.22e-01    -  1.00e+00 3.12e-02h  6
 717  1.5185282e-02 3.48e-03 4.84e-02 -11.0 8.02e-01    -  1.00e+00 1.56e-02h  7
 718  1.5186695e-02 3.58e-03 5.77e-02 -11.0 1.77e-01    -  1.00e+00 3.12e-02h  6
 719  1.5184330e-02 3.05e-03 4.86e-02 -11.0 2.13e-02    -  1.00e+00 2.50e-01h  3
iter    objective    inf_pr   inf_du lg(mu)  ||d||  lg(rg) alpha_du alpha_pr  ls
 720  1.5163372e-02 2.99e-03 1.49e-02 -11.0 1.61e-02    -  1.00e+00 5.00e-01h  2
 721  1.5149224e-02 2.34e-03 1.20e-02 -11.0 4.93e-02    -  1.00e+00 1.25e-01h  4
 722  1.5140733e-02 2.43e-03 2.56e-02 -11.0 4.04e-02    -  1.00e+00 1.25e-01h  4
 723  1.5147984e-02 3.06e-03 8.24e-02 -11.0 5.05e-02    -  1.00e+00 2.50e-01h  3
 724  1.5139474e-02 3.17e-03 1.15e-01 -11.0 2.18e-01    -  1.00e+00 6.25e-02h  5
 725  1.5136633e-02 3.24e-03 1.35e-01 -11.0 7.41e-01    -  1.00e+00 1.56e-02h  7
 726  2.5149799e-02 5.83e-01 6.12e-01 -11.0 3.59e-01    -  1.00e+00 1.00e+00w  1
 727  3.9133610e-02 1.27e-01 6.67e-01 -11.0 1.17e-01    -  1.00e+00 1.00e+00w  1
 728  4.4425657e-02 1.99e-01 1.44e+00 -11.0 1.01e-01    -  1.00e+00 1.00e+00w  1
 729  1.5130906e-02 3.53e-03 1.33e-01 -11.0 1.13e-01    -  1.00e+00 3.12e-02h  5
iter    objective    inf_pr   inf_du lg(mu)  ||d||  lg(rg) alpha_du alpha_pr  ls
 730  1.5120361e-02 3.46e-03 7.55e-02 -11.0 7.52e-02    -  1.00e+00 6.25e-02h  5
 731  1.5113039e-02 4.27e-03 2.34e-02 -11.0 8.55e-02    -  1.00e+00 1.25e-01h  4
 732  1.5107176e-02 4.66e-03 6.10e-02 -11.0 5.43e-02    -  1.00e+00 3.12e-02h  6
 733  1.5099158e-02 3.34e-04 1.86e-02 -11.0 2.41e-03    -  1.00e+00 1.00e+00h  1
 734  1.5114716e-02 3.35e-05 5.96e-02 -11.0 8.77e-03    -  1.00e+00 1.00e+00H  1
 735  1.5174269e-02 5.48e-06 1.15e-01 -11.0 3.39e-02    -  1.00e+00 1.00e+00H  1
 736  1.5172827e-02 6.44e-06 1.14e-01 -11.0 4.53e-01    -  1.00e+00 9.77e-04h 11
 737  1.5171259e-02 7.51e-06 1.13e-01 -11.0 1.93e+00    -  1.00e+00 2.44e-04h 13
 738  1.5170442e-02 7.98e-06 1.12e-01 -11.0 1.24e+00    -  1.00e+00 2.44e-04h 13
 739  1.5170110e-02 8.02e-06 1.12e-01 -11.0 1.77e-01    -  1.00e+00 4.88e-04h 12
iter    objective    inf_pr   inf_du lg(mu)  ||d||  lg(rg) alpha_du alpha_pr  ls
 740  1.5169705e-02 8.10e-06 1.12e-01 -11.0 8.65e-01    -  1.00e+00 1.22e-04h 14
 741  1.5158186e-02 9.49e-02 4.08e-01 -11.0 7.71e+00    -  1.00e+00 1.56e-02h  7
 742  1.5145196e-02 9.46e-02 3.90e-01 -11.0 6.57e-01    -  1.00e+00 3.91e-03h  9
 743  1.5019667e-02 1.91e-02 1.05e-01 -11.0 5.40e-02    -  1.00e+00 1.00e+00h  1
 744  1.4969995e-02 1.95e-02 6.08e-02 -11.0 1.06e+00    -  1.00e+00 7.81e-03h  8
 745  1.4955396e-02 2.15e-02 3.65e-02 -11.0 1.96e-01    -  1.00e+00 1.25e-01h  4
 746  1.4933291e-02 1.11e-01 4.00e-01 -11.0 3.56e+00    -  1.00e+00 3.12e-02h  6
 747  1.4920645e-02 1.12e-01 4.62e-01 -11.0 7.00e+00    -  1.00e+00 1.95e-03h 10
 748  1.4950576e-02 1.07e-01 5.23e-01 -11.0 2.06e-01    -  1.00e+00 6.25e-02h  5
 749  1.4932287e-02 9.41e-02 4.43e-01 -11.0 7.10e-02    -  1.00e+00 1.25e-01h  4
iter    objective    inf_pr   inf_du lg(mu)  ||d||  lg(rg) alpha_du alpha_pr  ls
 750  1.4905372e-02 8.83e-02 4.11e-01 -11.0 4.37e-02    -  1.00e+00 6.25e-02h  5
 751  1.4932705e-02 1.96e-02 1.67e-01 -11.0 5.32e-02    -  1.00e+00 1.00e+00h  1
 752  1.4943759e-02 1.93e-02 2.10e-01 -11.0 1.83e-01    -  1.00e+00 1.56e-02h  7
 753  1.4889049e-02 1.79e-03 6.31e-02 -11.0 1.39e-02    -  1.00e+00 1.00e+00h  1
 754  1.4877116e-02 1.71e-03 7.91e-02 -11.0 2.89e-02    -  1.00e+00 6.25e-02h  5
 755  1.4872441e-02 3.01e-04 2.74e-02 -11.0 6.44e-03    -  1.00e+00 1.00e+00h  1
 756  1.4867140e-02 2.40e-03 6.95e-02 -11.0 7.08e-02    -  1.00e+00 2.50e-01h  3
 757  1.4863100e-02 4.01e-03 7.99e-02 -11.0 5.33e-01    -  1.00e+00 3.12e-02h  6
 758  1.4851577e-02 5.25e-03 8.43e-02 -11.0 4.78e-01    -  1.00e+00 3.12e-02h  6
 759  1.4838538e-02 5.56e-03 1.01e-01 -11.0 6.37e-01    -  1.00e+00 1.56e-02h  7
iter    objective    inf_pr   inf_du lg(mu)  ||d||  lg(rg) alpha_du alpha_pr  ls
 760  1.4822951e-02 5.64e-03 1.42e-01 -11.0 3.36e-01    -  1.00e+00 3.12e-02h  6
 761  1.4800373e-02 5.86e-03 2.86e-01 -11.0 3.68e-01    -  1.00e+00 6.25e-02h  5
 762  1.4785873e-02 8.48e-03 4.96e-01 -11.0 1.27e+00    -  1.00e+00 3.12e-02h  6
 763  1.4774140e-02 8.50e-03 5.35e-01 -11.0 3.84e-01    -  1.00e+00 1.56e-02h  7
 764  1.4752228e-02 7.21e-03 5.56e-01 -11.0 4.94e-02    -  1.00e+00 2.50e-01h  3
 765  1.4780205e-02 6.69e-03 5.79e-01 -11.0 1.29e-01    -  1.00e+00 1.25e-01h  4
 766  1.4967269e-02 2.70e-03 1.02e-01 -11.0 1.25e-02    -  1.00e+00 1.00e+00w  1
 767  1.4809248e-02 2.23e-03 6.22e-02 -11.0 1.03e-02    -  1.00e+00 1.00e+00h  1
 768  1.4705706e-02 9.25e-04 5.28e-02 -11.0 1.17e-02    -  1.00e+00 1.00e+00h  1
 769  1.4727090e-02 2.60e-05 4.94e-02 -11.0 9.12e-03    -  1.00e+00 1.00e+00H  1
iter    objective    inf_pr   inf_du lg(mu)  ||d||  lg(rg) alpha_du alpha_pr  ls
 770  1.4703415e-02 5.97e-04 2.91e-02 -11.0 4.42e-03    -  1.00e+00 1.00e+00h  1
 771  1.4671800e-02 1.29e-03 2.63e-02 -11.0 6.57e-03    -  1.00e+00 1.00e+00h  1
 772  1.4657688e-02 9.74e-05 1.07e-02 -11.0 1.99e-03    -  1.00e+00 1.00e+00h  1
 773  1.4651184e-02 2.64e-04 7.78e-03 -11.0 1.68e-03    -  1.00e+00 1.00e+00h  1
 774  1.4644942e-02 9.55e-05 1.22e-02 -11.0 1.69e-03    -  1.00e+00 1.00e+00h  1
 775  1.4635611e-02 2.82e-04 2.55e-02 -11.0 3.28e-03    -  1.00e+00 1.00e+00h  1
 776  1.4673807e-02 1.16e-04 9.75e-02 -11.0 9.58e-03    -  1.00e+00 1.00e+00H  1
 777  1.4802420e-02 3.12e-06 1.54e-01 -11.0 1.39e-02    -  1.00e+00 1.00e+00H  1
 778  1.4786510e-02 1.24e-05 3.34e-02 -11.0 7.71e-03    -  1.00e+00 1.00e+00H  1
 779  1.4580674e-02 1.24e-03 2.82e-02 -11.0 4.72e-03    -  1.00e+00 1.00e+00h  1
iter    objective    inf_pr   inf_du lg(mu)  ||d||  lg(rg) alpha_du alpha_pr  ls
 780  1.4573232e-02 2.06e-04 3.10e-02 -11.0 2.33e-03    -  1.00e+00 1.00e+00h  1
 781  1.4568422e-02 4.25e-05 1.36e-02 -11.0 1.85e-03    -  1.00e+00 1.00e+00h  1
 782  1.4562963e-02 8.22e-05 1.66e-02 -11.0 2.55e-03    -  1.00e+00 1.00e+00h  1
 783  1.4563251e-02 7.04e-06 4.16e-02 -11.0 4.13e-03    -  1.00e+00 1.00e+00H  1
 784  1.4544214e-02 9.30e-04 5.35e-02 -11.0 1.01e-02    -  1.00e+00 1.00e+00h  1
 785  1.4535791e-02 1.18e-03 5.92e-02 -11.0 2.77e-02    -  1.00e+00 1.25e-01h  4
 786  1.4593735e-02 3.98e-07 4.11e-02 -11.0 1.42e-02    -  1.00e+00 1.00e+00H  1
 787  1.4546088e-02 4.73e-04 3.47e-02 -11.0 1.06e-02    -  1.00e+00 5.00e-01h  2
 788  1.4510433e-02 2.91e-04 6.09e-02 -11.0 6.75e-03    -  1.00e+00 5.00e-01h  2
 789  1.4487374e-02 5.91e-05 1.70e-02 -11.0 2.74e-03    -  1.00e+00 1.00e+00h  1
iter    objective    inf_pr   inf_du lg(mu)  ||d||  lg(rg) alpha_du alpha_pr  ls
 790  1.4484618e-02 3.69e-04 1.65e-02 -11.0 5.57e-03    -  1.00e+00 1.00e+00h  1
 791  1.4480646e-02 5.86e-03 9.02e-02 -11.0 7.90e-02    -  1.00e+00 2.50e-01h  3
 792  1.4443310e-02 5.08e-02 2.82e-01 -11.0 8.71e-01    -  1.00e+00 6.25e-02h  5
 793  1.4429738e-02 5.33e-02 3.45e-01 -11.0 1.76e+00    -  1.00e+00 7.81e-03h  8
 794  1.4428630e-02 8.34e-02 5.83e-01 -11.0 7.70e-01    -  1.00e+00 6.25e-02h  5
 795  1.4420768e-02 8.22e-02 5.89e-01 -11.0 2.61e-01    -  1.00e+00 1.56e-02h  7
 796  1.4426471e-02 6.22e-02 5.18e-01 -11.0 3.14e-02    -  1.00e+00 2.50e-01h  3
 797  1.4365451e-02 5.19e-02 1.56e-01 -11.0 7.51e-02    -  1.00e+00 5.00e-01h  2
 798  1.4337340e-02 5.27e-02 9.05e-02 -11.0 6.37e-01    -  1.00e+00 1.56e-02h  7
 799  1.4415091e-02 4.82e-02 1.32e-01 -11.0 9.89e-02    -  1.00e+00 2.50e-01h  3
iter    objective    inf_pr   inf_du lg(mu)  ||d||  lg(rg) alpha_du alpha_pr  ls
 800  1.4443767e-02 4.70e-02 6.48e-02 -11.0 2.14e-01    -  1.00e+00 6.25e-02h  5
 801  1.4712092e-02 1.20e-01 1.27e-01 -11.0 9.70e-02    -  1.00e+00 1.00e+00w  1
 802  1.3552775e-01 3.12e+00 2.43e+00 -11.0 5.50e-01    -  1.00e+00 1.00e+00w  1
 803  9.4980839e-02 2.61e+00 4.73e+00 -11.0 5.49e-01    -  1.00e+00 1.00e+00w  1
 804  1.4386523e-02 5.34e-02 8.37e-02 -11.0 6.03e-01    -  1.00e+00 5.00e-01h  1
 805  1.4369956e-02 3.03e-02 1.43e-01 -11.0 3.52e-02    -  1.00e+00 5.00e-01h  2
 806  1.4330520e-02 3.00e-02 1.10e-01 -11.0 1.56e-01    -  1.00e+00 6.25e-02h  5
 807  1.4304365e-02 3.30e-02 1.43e-01 -11.0 3.42e-01    -  1.00e+00 6.25e-02h  5
 808  1.4259724e-02 3.32e-02 1.49e-01 -11.0 6.50e-01    -  1.00e+00 1.56e-02h  7
 809  1.4192517e-02 4.00e-02 1.82e-01 -11.0 1.86e-01    -  1.00e+00 2.50e-01h  3
iter    objective    inf_pr   inf_du lg(mu)  ||d||  lg(rg) alpha_du alpha_pr  ls
 810  1.4166361e-02 4.03e-02 2.78e-01 -11.0 6.80e-01    -  1.00e+00 1.56e-02h  7
 811  1.4236700e-02 2.59e-02 3.36e-01 -11.0 5.03e-02    -  1.00e+00 5.00e-01h  2
 812  1.4159582e-02 3.10e-02 4.20e-01 -11.0 1.66e-01    -  1.00e+00 2.50e-01h  3
 813  1.4084394e-02 3.82e-02 4.52e-01 -11.0 2.27e+00    -  1.00e+00 1.56e-02h  7
 814  1.4049690e-02 3.99e-02 3.75e-01 -11.0 1.25e+00    -  1.00e+00 1.56e-02h  7
 815  3.1285909e-02 5.33e-01 1.67e+00 -11.0 3.22e-01    -  1.00e+00 1.00e+00w  1
 816  5.5729332e-01 3.55e+00 1.49e+01 -11.0 3.36e-01    -  1.00e+00 1.00e+00w  1
 817  3.4463759e-01 2.84e+00 8.04e+00 -11.0 3.90e-01    -  1.00e+00 1.00e+00w  1
 818  1.3995379e-02 3.97e-02 2.90e-01 -11.0 4.64e-01    -  1.00e+00 6.25e-02h  4
 819  1.4073189e-02 2.46e-03 1.40e-01 -11.0 1.94e-02    -  1.00e+00 1.00e+00h  1
iter    objective    inf_pr   inf_du lg(mu)  ||d||  lg(rg) alpha_du alpha_pr  ls
 820  1.4063604e-02 3.24e-03 1.85e-01 -11.0 3.92e-01    -  1.00e+00 3.12e-02h  6
 821  1.4030416e-02 3.57e-03 1.51e-01 -11.0 1.53e-01    -  1.00e+00 6.25e-02h  5
 822  1.3957030e-02 7.87e-03 4.80e-02 -11.0 1.26e-01    -  1.00e+00 2.50e-01h  3
 823  1.3952711e-02 8.80e-03 7.47e-02 -11.0 3.64e-01    -  1.00e+00 6.25e-02h  5
 824  1.3909781e-02 8.91e-03 1.20e-01 -11.0 2.90e-01    -  1.00e+00 6.25e-02h  5
 825  1.3890925e-02 1.01e-02 1.99e-01 -11.0 4.48e-01    -  1.00e+00 6.25e-02h  5
 826  1.3844835e-02 1.53e-02 1.97e-01 -11.0 6.83e-01    -  1.00e+00 6.25e-02h  5
 827  1.3819113e-02 1.77e-02 2.12e-01 -11.0 1.76e+00    -  1.00e+00 1.56e-02h  7
 828  1.3791449e-02 2.27e-02 2.71e-01 -11.0 7.90e-01    -  1.00e+00 6.25e-02h  5
 829  1.3743351e-02 3.04e-02 3.37e-01 -11.0 3.20e+00    -  1.00e+00 1.56e-02h  7
iter    objective    inf_pr   inf_du lg(mu)  ||d||  lg(rg) alpha_du alpha_pr  ls
 830  8.4058871e-02 7.02e+00 1.73e+01 -11.0 1.11e+00    -  1.00e+00 1.00e+00w  1
 831  1.3967178e+00 6.27e+00 8.71e+00 -11.0 8.44e-01    -  1.00e+00 1.00e+00w  1
 832  4.8779461e-01 3.60e+00 9.95e+00 -11.0 8.28e-01    -  1.00e+00 1.00e+00w  1
 833  1.3719145e-02 3.56e-02 3.40e-01 -11.0 1.01e+00    -  1.00e+00 3.12e-02h  5
 834  1.3736016e-02 3.17e-02 2.97e-01 -11.0 1.05e-01    -  1.00e+00 1.25e-01h  4
 835  1.3694275e-02 2.38e-02 2.29e-01 -11.0 2.82e-02    -  1.00e+00 2.50e-01h  3
 836  1.3806699e-02 6.57e-03 4.38e-02 -11.0 1.54e-02    -  1.00e+00 1.00e+00h  1
 837  1.3843029e-02 1.06e-03 1.12e-01 -11.0 8.69e-03    -  1.00e+00 1.00e+00h  1
 838  1.3597100e-02 9.48e-04 6.02e-02 -11.0 7.59e-03    -  1.00e+00 1.00e+00h  1
 839  1.3620645e-02 5.09e-04 3.53e-02 -11.0 4.74e-03    -  1.00e+00 1.00e+00h  1
iter    objective    inf_pr   inf_du lg(mu)  ||d||  lg(rg) alpha_du alpha_pr  ls
 840  1.3560955e-02 2.96e-04 1.48e-02 -11.0 3.72e-03    -  1.00e+00 1.00e+00h  1
 841  1.3544817e-02 2.65e-04 2.60e-02 -11.0 3.95e-03    -  1.00e+00 1.00e+00h  1
 842  1.3538449e-02 7.75e-04 1.79e-01 -11.0 3.31e-02    -  1.00e+00 1.00e+00H  1
 843  1.3534947e-02 1.67e-03 2.34e-01 -11.0 1.77e-01    -  1.00e+00 6.25e-02h  5
 844  1.3533734e-02 4.98e-03 8.85e-02 -11.0 9.90e-03    -  1.00e+00 1.00e+00h  1
 845  1.3506593e-02 4.43e-03 9.20e-02 -11.0 2.15e-02    -  1.00e+00 5.00e-01h  2
 846  1.3432792e-02 2.24e-03 1.00e-01 -11.0 7.72e-03    -  1.00e+00 5.00e-01h  2
 847  1.3373155e-02 3.47e-03 1.00e-01 -11.0 1.75e-02    -  1.00e+00 1.00e+00h  1
 848  1.3382659e-02 3.37e-03 1.38e-01 -11.0 3.71e-02    -  1.00e+00 1.25e-01h  4
 849  1.3339093e-02 7.78e-04 3.92e-02 -11.0 3.94e-03    -  1.00e+00 1.00e+00h  1
iter    objective    inf_pr   inf_du lg(mu)  ||d||  lg(rg) alpha_du alpha_pr  ls
 850  1.3524413e-02 7.98e-05 1.49e-01 -11.0 8.14e-03    -  1.00e+00 1.00e+00H  1
 851  1.3306017e-02 1.75e-03 3.69e-02 -11.0 4.63e-03    -  1.00e+00 1.00e+00h  1
 852  1.3304119e-02 7.25e-04 5.07e-02 -11.0 6.28e-03    -  1.00e+00 1.00e+00h  1
 853  1.3249389e-02 3.77e-04 3.30e-02 -11.0 8.47e-03    -  1.00e+00 1.00e+00h  1
 854  1.4445206e-02 9.89e-05 9.45e-02 -11.0 4.03e-02    -  1.00e+00 1.00e+00H  1
 855  1.4423993e-02 9.83e-05 9.36e-02 -11.0 2.02e-02    -  1.00e+00 7.81e-03h  8
 856  1.4372736e-02 9.71e-05 9.19e-02 -11.0 2.30e-02    -  1.00e+00 1.56e-02h  7
 857  1.3135949e-02 6.42e-03 4.72e-01 -11.0 1.38e-02    -  1.00e+00 1.00e+00h  1
 858  1.3167621e-02 4.67e-04 1.88e-01 -11.0 6.61e-03    -  1.00e+00 1.00e+00h  1
 859  1.3039688e-02 1.75e-04 7.41e-02 -11.0 3.18e-03    -  1.00e+00 1.00e+00h  1
iter    objective    inf_pr   inf_du lg(mu)  ||d||  lg(rg) alpha_du alpha_pr  ls
 860  1.3026963e-02 1.44e-05 1.57e-02 -11.0 1.50e-03    -  1.00e+00 1.00e+00h  1
 861  1.3041286e-02 5.02e-06 9.09e-02 -11.0 2.29e-02    -  1.00e+00 1.00e+00H  1
 862  1.2997246e-02 1.25e-03 1.17e-01 -11.0 2.34e-01    -  1.00e+00 6.25e-02h  5
 863  1.2956054e-02 2.24e-03 1.08e-01 -11.0 1.12e-01    -  1.00e+00 1.25e-01h  4
 864  1.2929782e-02 1.21e-02 1.01e-01 -11.0 3.04e-01    -  1.00e+00 1.25e-01h  4
 865  1.2884367e-02 1.32e-02 2.33e-01 -11.0 3.23e-01    -  1.00e+00 6.25e-02h  5
 866  1.2778789e-02 2.15e-02 3.91e-01 -11.0 6.33e-01    -  1.00e+00 6.25e-02h  5
 867  1.2715911e-02 2.20e-02 4.05e-01 -11.0 1.19e+00    -  1.00e+00 1.56e-02h  7
 868  1.2714184e-02 2.04e-02 3.04e-01 -11.0 1.50e-01    -  1.00e+00 6.25e-02h  5
 869  1.2771892e-02 1.03e-02 2.20e-01 -11.0 1.60e-02    -  1.00e+00 5.00e-01h  2
iter    objective    inf_pr   inf_du lg(mu)  ||d||  lg(rg) alpha_du alpha_pr  ls
 870  1.2779780e-02 8.51e-03 1.78e-01 -11.0 5.12e-02    -  1.00e+00 2.50e-01h  3
 871  1.2780117e-02 8.21e-03 1.42e-01 -11.0 9.34e-02    -  1.00e+00 3.12e-02h  6
 872  2.1362730e-02 4.40e-02 2.44e+01 -11.0 8.60e-02    -  1.00e+00 1.00e+00w  1
 873  2.8079415e-01 8.01e+00 1.44e+01 -11.0 6.69e-01    -  1.00e+00 1.00e+00w  1
 874  1.8405722e+00 5.44e+00 1.62e+01 -11.0 7.07e-01    -  1.00e+00 1.00e+00w  1
 875  1.2841677e-02 8.01e-03 2.17e-01 -11.0 5.68e-01    -  1.00e+00 3.12e-02h  5
 876  1.2874219e-02 7.88e-03 2.72e-01 -11.0 4.15e-02    -  1.00e+00 1.56e-02h  7
 877  1.2882294e-02 7.85e-03 2.74e-01 -11.0 3.94e-02    -  1.00e+00 3.91e-03h  9
 878  1.2884264e-02 7.84e-03 2.74e-01 -11.0 3.64e-02    -  1.00e+00 9.77e-04h 11
 879  1.2884325e-02 7.84e-03 2.74e-01 -11.0 3.59e-02    -  1.00e+00 3.05e-05h 16
iter    objective    inf_pr   inf_du lg(mu)  ||d||  lg(rg) alpha_du alpha_pr  ls
 880  1.9116683e-02 7.13e-03 6.89e+01 -11.0 3.46e-02    -  1.00e+00 1.00e+00h  1
 881  1.3772372e-02 1.62e-02 2.79e+00 -11.0 4.21e-02    -  1.00e+00 1.00e+00h  1
 882  1.3430508e-02 7.75e-03 1.40e+00 -11.0 2.79e-02    -  1.00e+00 1.00e+00h  1
 883  1.2707110e-02 2.33e-03 6.96e-01 -11.0 1.73e-02    -  1.00e+00 1.00e+00h  1
 884  1.2657092e-02 2.03e-04 4.19e-01 -11.0 6.71e-03    -  1.00e+00 1.00e+00h  1
 885  1.2593189e-02 1.04e-04 2.22e-01 -11.0 3.90e-03    -  1.00e+00 1.00e+00h  1
 886  1.2577592e-02 5.75e-05 5.94e-02 -11.0 1.59e-03    -  1.00e+00 1.00e+00h  1
 887  1.2559719e-02 7.80e-05 5.73e-02 -11.0 1.83e-03    -  1.00e+00 1.00e+00h  1
 888  1.2561666e-02 4.45e-05 1.34e-01 -11.0 1.27e-02    -  1.00e+00 1.00e+00H  1
 889  1.2699696e-02 1.66e-05 1.83e-01 -11.0 2.06e-02    -  1.00e+00 1.00e+00H  1
iter    objective    inf_pr   inf_du lg(mu)  ||d||  lg(rg) alpha_du alpha_pr  ls
 890  1.2575969e-02 2.19e-05 2.65e-01 -11.0 8.57e-03    -  1.00e+00 1.00e+00H  1
 891  1.2411275e-02 1.41e-03 1.75e-01 -11.0 5.20e-03    -  1.00e+00 1.00e+00h  1
 892  1.2391202e-02 1.87e-04 1.50e-01 -11.0 5.03e-03    -  1.00e+00 1.00e+00h  1
 893  1.2346621e-02 5.94e-04 2.86e-02 -11.0 1.20e-02    -  1.00e+00 1.00e+00h  1
 894  1.2303406e-02 2.70e-03 9.61e-02 -11.0 4.00e-01    -  1.00e+00 6.25e-02h  5
 895  1.2297557e-02 2.84e-03 1.13e-01 -11.0 1.52e-01    -  1.00e+00 1.25e-01h  4
 896  1.2289527e-02 2.99e-03 8.18e-02 -11.0 7.49e-02    -  1.00e+00 2.50e-01h  3
 897  1.2224717e-02 1.07e-02 1.67e-01 -11.0 1.31e-01    -  1.00e+00 5.00e-01h  2
 898  1.2226514e-02 1.38e-02 2.07e-01 -11.0 4.90e-01    -  1.00e+00 6.25e-02h  5
 899  1.2216557e-02 1.02e-02 8.13e-02 -11.0 5.23e-02    -  1.00e+00 5.00e-01h  2
iter    objective    inf_pr   inf_du lg(mu)  ||d||  lg(rg) alpha_du alpha_pr  ls
 900  1.2092536e-02 1.04e-02 7.57e-02 -11.0 1.22e-01    -  1.00e+00 2.50e-01h  3
 901  1.2029583e-02 9.04e-03 9.59e-02 -11.0 7.27e-02    -  1.00e+00 1.25e-01h  4
 902  1.2071426e-02 5.82e-03 9.17e-02 -11.0 4.13e-02    -  1.00e+00 1.00e+00h  1
 903  1.2055169e-02 5.15e-03 9.20e-02 -11.0 7.26e-02    -  1.00e+00 1.25e-01h  4
 904  1.2040464e-02 2.09e-03 8.54e-02 -11.0 1.06e-02    -  1.00e+00 1.00e+00h  1
 905  1.1912535e-02 2.17e-03 1.03e-01 -11.0 1.86e-02    -  1.00e+00 1.00e+00h  1
 906  1.2312174e-02 1.95e-03 1.12e-01 -11.0 1.03e-02    -  1.00e+00 1.00e+00h  1
 907  1.1779687e-02 2.90e-03 2.31e-02 -11.0 1.77e-02    -  1.00e+00 1.00e+00h  1
 908  1.1742466e-02 8.14e-04 2.48e-02 -11.0 1.90e-02    -  1.00e+00 1.00e+00h  1
 909  1.1659477e-02 4.20e-02 1.35e-01 -11.0 5.51e-01    -  1.00e+00 2.50e-01h  3
iter    objective    inf_pr   inf_du lg(mu)  ||d||  lg(rg) alpha_du alpha_pr  ls
 910  1.1585181e-02 4.50e-02 1.20e-01 -11.0 5.02e+00    -  1.00e+00 7.81e-03h  8
 911  1.1563165e-02 4.71e-02 1.72e-01 -11.0 1.13e+00    -  1.00e+00 3.12e-02h  6
 912  1.1708652e-02 4.59e-02 3.53e-01 -11.0 2.87e-01    -  1.00e+00 2.50e-01h  3
 913  1.1387342e-02 5.11e-02 7.30e-01 -11.0 7.67e-01    -  1.00e+00 1.25e-01h  4
 914  1.0961423e-02 5.59e-02 1.17e+00 -11.0 2.79e+00    -  1.00e+00 3.12e-02h  6
 915  1.1044032e-02 5.69e-02 1.53e+00 -11.0 1.21e+00    -  1.00e+00 6.25e-02h  5
 916  1.0834584e-02 7.70e-02 2.17e+00 -11.0 1.11e+00    -  1.00e+00 1.25e-01h  4
 917  1.0555086e-02 7.79e-02 2.23e+00 -11.0 1.52e+00    -  1.00e+00 1.56e-02h  7
 918  1.1052344e-02 5.25e-02 7.32e-01 -11.0 6.97e-02    -  1.00e+00 5.00e-01h  2
 919  1.4970308e-02 3.56e-02 8.41e-01 -11.0 9.82e-02    -  1.00e+00 1.00e+00w  1
iter    objective    inf_pr   inf_du lg(mu)  ||d||  lg(rg) alpha_du alpha_pr  ls
 920  1.5043136e-02 7.58e-02 6.71e+00 -11.0 9.59e-02    -  1.00e+00 1.00e+00w  1
 921  1.9335600e-02 5.08e-02 5.91e+00 -11.0 7.32e-02    -  1.00e+00 1.00e+00w  1
 922  1.0945341e-02 3.50e-02 2.92e-01 -11.0 1.15e-01    -  1.00e+00 5.00e-01h  1
 923  1.1611193e-02 1.43e-01 2.27e+00 -11.0 1.35e-01    -  1.00e+00 1.00e+00h  1
 924  1.1193583e-02 1.24e-01 2.15e+00 -11.0 1.05e-01    -  1.00e+00 1.25e-01h  4
 925  1.0190485e-02 1.76e-02 1.14e+00 -11.0 4.45e-02    -  1.00e+00 1.00e+00h  1
 926  9.9153259e-03 1.40e-02 9.46e-01 -11.0 9.44e-02    -  1.00e+00 2.50e-01h  3
 927  1.0041283e-02 5.51e-03 4.01e-01 -11.0 2.02e-02    -  1.00e+00 1.00e+00h  1
 928  9.4990259e-03 3.08e-03 2.43e-01 -11.0 1.56e-02    -  1.00e+00 1.00e+00h  1
 929  9.4245449e-03 1.04e-03 7.72e-02 -11.0 6.52e-03    -  1.00e+00 1.00e+00h  1
iter    objective    inf_pr   inf_du lg(mu)  ||d||  lg(rg) alpha_du alpha_pr  ls
 930  9.3478300e-03 3.40e-04 5.53e-02 -11.0 4.91e-03    -  1.00e+00 1.00e+00h  1
 931  9.2922601e-03 2.17e-04 3.53e-02 -11.0 7.53e-03    -  1.00e+00 1.00e+00h  1
 932  9.0852832e-03 8.19e-03 2.46e-01 -11.0 1.96e-01    -  1.00e+00 2.50e-01h  3
 933  9.0725737e-03 1.21e-02 4.77e-01 -11.0 5.64e-01    -  1.00e+00 6.25e-02h  5
 934  8.9776612e-03 9.74e-03 4.84e-01 -11.0 1.01e-01    -  1.00e+00 5.00e-01h  2
 935  8.8834040e-03 3.18e-02 5.95e-01 -11.0 3.72e-01    -  1.00e+00 2.50e-01h  3
 936  8.8156064e-03 4.35e-02 5.23e-01 -11.0 4.80e-01    -  1.00e+00 1.25e-01h  4
 937  8.6068458e-03 6.20e-02 7.57e-01 -11.0 1.10e+00    -  1.00e+00 6.25e-02h  5
 938  8.4036267e-03 6.01e-02 7.52e-01 -11.0 1.91e-01    -  1.00e+00 6.25e-02h  5
 939  8.3774824e-03 3.19e-02 1.31e+00 -11.0 4.21e-02    -  1.00e+00 5.00e-01h  2
iter    objective    inf_pr   inf_du lg(mu)  ||d||  lg(rg) alpha_du alpha_pr  ls
 940  8.5320869e-03 3.06e-02 9.88e-01 -11.0 8.04e-02    -  1.00e+00 5.00e-01h  2
 941  8.5059939e-03 3.01e-02 9.11e-01 -11.0 1.67e-01    -  1.00e+00 1.25e-01h  4
 942  9.3486806e-03 1.30e-02 1.76e+00 -11.0 1.67e-02    -  1.00e+00 1.00e+00w  1
 943  8.6215360e-03 1.38e-02 3.27e+00 -11.0 2.07e-02    -  1.00e+00 1.00e+00h  1
 944  9.0000600e-03 2.17e-03 3.96e+00 -11.0 2.53e-02    -  1.00e+00 1.00e+00H  1
 945  8.0658522e-03 8.21e-03 1.15e+00 -11.0 1.88e-02    -  1.00e+00 1.00e+00h  1
 946  7.9699884e-03 1.93e-03 2.25e-01 -11.0 6.06e-03    -  1.00e+00 1.00e+00h  1
 947  7.8672006e-03 6.08e-04 1.60e-01 -11.0 3.82e-03    -  1.00e+00 1.00e+00h  1
 948  7.8488993e-03 1.49e-04 2.00e-02 -11.0 1.20e-03    -  1.00e+00 1.00e+00h  1
 949  7.8406996e-03 1.73e-05 3.66e-02 -11.0 8.88e-04    -  1.00e+00 1.00e+00h  1
iter    objective    inf_pr   inf_du lg(mu)  ||d||  lg(rg) alpha_du alpha_pr  ls
 950  7.8316648e-03 1.73e-03 3.57e-01 -11.0 2.13e-02    -  1.00e+00 5.00e-01h  2
 951  7.8092079e-03 2.00e-03 4.04e-01 -11.0 3.79e-02    -  1.00e+00 1.25e-01h  4
 952  7.7578403e-03 2.05e-03 4.09e-01 -11.0 1.73e-02    -  1.00e+00 5.00e-01h  2
 953  7.7196231e-03 2.97e-03 3.27e-01 -11.0 2.25e-02    -  1.00e+00 2.50e-01h  3
 954  7.7063559e-03 2.07e-03 1.42e-01 -11.0 1.82e-02    -  1.00e+00 5.00e-01h  2
 955  7.6512615e-03 7.37e-04 3.74e-01 -11.0 1.23e-02    -  1.00e+00 1.00e+00h  1
 956  7.5790849e-03 1.42e-03 2.81e-01 -11.0 3.08e-02    -  1.00e+00 2.50e-01h  3
 957  7.4978028e-03 5.25e-03 1.61e-01 -11.0 4.85e-02    -  1.00e+00 5.00e-01h  2
 958  7.4559806e-03 6.65e-03 1.49e-01 -11.0 2.85e-01    -  1.00e+00 6.25e-02h  5
 959  7.4223218e-03 7.60e-03 1.86e-01 -11.0 1.78e-01    -  1.00e+00 1.25e-01h  4
iter    objective    inf_pr   inf_du lg(mu)  ||d||  lg(rg) alpha_du alpha_pr  ls
 960  7.3217802e-03 1.16e-02 2.56e-01 -11.0 4.64e-01    -  1.00e+00 6.25e-02h  5
 961  7.2451297e-03 2.02e-02 5.27e-01 -11.0 4.30e-01    -  1.00e+00 6.25e-02h  5
 962  7.0590066e-03 2.92e-02 9.05e-01 -11.0 4.55e-01    -  1.00e+00 1.25e-01h  4
 963  6.8783772e-03 5.46e-02 1.76e+00 -11.0 2.64e+00    -  1.00e+00 3.12e-02h  6
 964  6.8491692e-03 6.77e-02 2.62e+00 -11.0 6.84e-01    -  1.00e+00 1.25e-01h  4
 965  6.7451767e-03 6.86e-02 2.42e+00 -11.0 6.02e+00    -  1.00e+00 3.91e-03h  9
 966  2.7801093e-02 5.37e-01 4.19e+00 -11.0 5.60e-01    -  1.00e+00 1.00e+00w  1
 967  1.6674173e-01 3.85e+00 6.88e+00 -11.0 1.94e-01    -  1.00e+00 1.00e+00w  1
 968  1.5776367e-01 1.98e+00 3.66e+01 -11.0 3.47e-01    -  1.00e+00 1.00e+00w  1
 969  6.5402003e-03 6.46e-02 1.31e+00 -11.0 2.52e-01    -  1.00e+00 1.25e-01h  3
iter    objective    inf_pr   inf_du lg(mu)  ||d||  lg(rg) alpha_du alpha_pr  ls
 970  6.2743145e-03 5.43e-02 6.40e-01 -11.0 1.40e-01    -  1.00e+00 2.50e-01h  3
 971  6.1575708e-03 5.17e-02 6.38e-01 -11.0 4.55e-01    -  1.00e+00 6.25e-02h  5
 972  6.9795416e-03 4.58e-02 5.50e-01 -11.0 1.16e-01    -  1.00e+00 2.50e-01h  3
 973  6.7897656e-03 4.51e-02 5.19e-01 -11.0 4.79e-01    -  1.00e+00 6.25e-02h  5
 974  6.5030992e-03 2.56e-02 4.05e-01 -11.0 5.87e-02    -  1.00e+00 5.00e-01h  2
 975  7.2407348e-03 3.23e-02 6.27e-01 -11.0 1.27e-01    -  1.00e+00 1.25e-01h  4
 976  6.6588774e-03 5.69e-03 9.11e-01 -11.0 1.97e-02    -  1.00e+00 1.00e+00h  1
 977  6.6050964e-03 9.93e-03 1.38e+00 -11.0 3.67e-02    -  1.00e+00 1.00e+00h  1
 978  6.6410981e-03 2.72e-02 4.80e-01 -11.0 2.84e-02    -  1.00e+00 1.00e+00h  1
 979  6.5004981e-03 2.53e-02 5.18e-01 -11.0 3.98e-02    -  1.00e+00 5.00e-01h  2
iter    objective    inf_pr   inf_du lg(mu)  ||d||  lg(rg) alpha_du alpha_pr  ls
 980  6.3446236e-03 1.91e-02 4.85e-01 -11.0 3.59e-02    -  1.00e+00 5.00e-01h  2
 981  6.7097302e-03 4.64e-03 2.43e-01 -11.0 9.70e-03    -  1.00e+00 1.00e+00h  1
 982  6.0531477e-03 5.48e-04 1.88e-01 -11.0 5.05e-03    -  1.00e+00 1.00e+00h  1
 983  5.9931109e-03 2.07e-04 4.90e-01 -11.0 2.29e-03    -  1.00e+00 1.00e+00h  1
 984  5.9591715e-03 1.24e-03 1.58e-01 -11.0 4.50e-03    -  1.00e+00 1.00e+00h  1
 985  5.9321645e-03 9.44e-04 2.71e-01 -11.0 3.99e-02    -  1.00e+00 2.50e-01h  3
 986  5.8772501e-03 1.78e-03 1.80e-01 -11.0 9.27e-02    -  1.00e+00 2.50e-01h  3
 987  5.8418629e-03 4.74e-03 6.37e-01 -11.0 3.57e-01    -  1.00e+00 6.25e-02h  5
 988  5.8550989e-03 4.66e-03 6.87e-01 -11.0 1.14e-01    -  1.00e+00 1.25e-01h  4
 989  5.8325249e-03 4.82e-03 7.01e-01 -11.0 4.94e-02    -  1.00e+00 2.50e-01h  3
iter    objective    inf_pr   inf_du lg(mu)  ||d||  lg(rg) alpha_du alpha_pr  ls
 990  5.8154114e-03 4.20e-03 6.60e-01 -11.0 5.76e-02    -  1.00e+00 2.50e-01h  3
 991  5.7480818e-03 3.44e-03 4.98e-01 -11.0 4.54e-02    -  1.00e+00 2.50e-01h  3
 992  5.6801479e-03 3.23e-03 3.07e-01 -11.0 3.86e-02    -  1.00e+00 2.50e-01h  3
 993  6.4235019e-03 1.78e-04 8.90e-01 -11.0 1.41e-02    -  1.00e+00 1.00e+00H  1
 994  5.7028683e-03 9.98e-03 4.27e-01 -11.0 1.19e-02    -  1.00e+00 1.00e+00h  1
 995  5.6830903e-03 4.71e-03 5.97e-01 -11.0 1.22e-02    -  1.00e+00 5.00e-01h  2
 996  5.6763469e-03 8.94e-04 1.81e-01 -11.0 5.42e-03    -  1.00e+00 1.00e+00h  1
 997  5.7389270e-03 1.95e-03 1.47e+00 -11.0 5.21e-03    -  1.00e+00 1.00e+00h  1
 998  5.5676934e-03 3.35e-04 3.75e-01 -11.0 3.68e-03    -  1.00e+00 1.00e+00h  1
 999  5.5628310e-03 7.92e-05 1.25e-01 -11.0 2.68e-03    -  1.00e+00 1.00e+00h  1
iter    objective    inf_pr   inf_du lg(mu)  ||d||  lg(rg) alpha_du alpha_pr  ls
1000  5.5980117e-03 5.05e-05 4.10e-01 -11.0 2.46e-02    -  1.00e+00 1.00e+00H  1
1001  5.5536007e-03 6.92e-04 7.21e-01 -11.0 1.65e-01    -  1.00e+00 1.25e-01h  4
1002  5.5135710e-03 1.86e-02 7.82e-01 -11.0 1.13e+00    -  1.00e+00 6.25e-02h  5
1003  5.5020432e-03 1.82e-02 1.54e+00 -11.0 1.41e+00    -  1.00e+00 1.56e-02h  7
1004  5.5300226e-03 1.51e-02 7.12e-01 -11.0 1.27e-01    -  1.00e+00 2.50e-01h  3
1005  5.4796382e-03 1.31e-02 8.98e-01 -11.0 3.76e-02    -  1.00e+00 2.50e-01h  3
1006  5.4095471e-03 3.97e-03 2.07e-01 -11.0 1.78e-02    -  1.00e+00 1.00e+00h  1
1007  5.4127551e-03 1.50e-03 4.71e-01 -11.0 8.08e-03    -  1.00e+00 1.00e+00h  1
1008  5.2736583e-03 2.45e-04 8.51e-01 -11.0 3.27e-03    -  1.00e+00 1.00e+00h  1
1009  5.2408898e-03 1.17e-04 8.50e-01 -11.0 7.84e-03    -  1.00e+00 1.00e+00h  1
iter    objective    inf_pr   inf_du lg(mu)  ||d||  lg(rg) alpha_du alpha_pr  ls
1010  5.2774572e-03 5.17e-05 1.77e+00 -11.0 4.16e-03    -  1.00e+00 1.00e+00H  1
1011  5.1862706e-03 1.71e-04 1.17e+00 -11.0 4.74e-03    -  1.00e+00 1.00e+00h  1
1012  5.1661977e-03 1.25e-04 1.57e-01 -11.0 4.50e-03    -  1.00e+00 1.00e+00h  1
1013  5.2580613e-03 2.41e-05 4.20e-01 -11.0 1.80e-02    -  1.00e+00 1.00e+00H  1
1014  5.2370359e-03 6.76e-05 6.43e-01 -11.0 5.22e-02    -  1.00e+00 6.25e-02h  5
1015  5.2169408e-03 9.02e-05 5.58e-01 -11.0 1.03e-01    -  1.00e+00 1.56e-02h  7
1016  5.1455038e-03 9.25e-04 4.68e-01 -11.0 3.11e-02    -  1.00e+00 2.50e-01h  3
1017  5.1012653e-03 1.19e-03 5.57e-01 -11.0 3.95e-02    -  1.00e+00 2.50e-01h  3
1018  5.0900664e-03 6.72e-04 2.45e-01 -11.0 1.26e-02    -  1.00e+00 5.00e-01h  2
1019  5.0900411e-03 6.23e-04 4.75e-01 -11.0 1.83e-02    -  1.00e+00 5.00e-01h  2
iter    objective    inf_pr   inf_du lg(mu)  ||d||  lg(rg) alpha_du alpha_pr  ls
1020  5.0678548e-03 9.32e-04 2.11e-01 -11.0 1.56e-02    -  1.00e+00 2.50e-01h  3
1021  5.0555900e-03 6.81e-04 1.04e-01 -11.0 2.09e-02    -  1.00e+00 2.50e-01h  3
1022  5.0485832e-03 5.59e-04 8.82e-02 -11.0 1.61e-02    -  1.00e+00 2.50e-01h  3
1023  5.0222887e-03 4.26e-04 1.61e-01 -11.0 3.91e-03    -  1.00e+00 1.00e+00h  1
1024  5.0820273e-03 3.81e-05 3.44e-01 -11.0 1.31e-02    -  1.00e+00 1.00e+00H  1
1025  5.0794742e-03 1.02e-04 3.79e-01 -11.0 6.27e-03    -  1.00e+00 1.00e+00H  1
1026  5.0007849e-03 5.44e-04 4.09e-01 -11.0 4.69e-03    -  1.00e+00 1.00e+00h  1
1027  4.9713200e-03 1.70e-04 3.22e-01 -11.0 5.43e-03    -  1.00e+00 1.00e+00h  1
1028  5.0527908e-03 4.70e-05 3.24e-01 -11.0 1.63e-02    -  1.00e+00 1.00e+00H  1
1029  5.0251667e-03 4.84e-05 4.88e-01 -11.0 1.60e-02    -  1.00e+00 1.25e-01h  4
iter    objective    inf_pr   inf_du lg(mu)  ||d||  lg(rg) alpha_du alpha_pr  ls
1030  4.9400273e-03 9.08e-04 2.08e-01 -11.0 1.43e-02    -  1.00e+00 5.00e-01h  2
1031  4.9155810e-03 1.00e-03 7.29e-01 -11.0 1.09e-02    -  1.00e+00 1.00e+00h  1
1032  4.8752129e-03 2.84e-04 3.69e-01 -11.0 4.01e-03    -  1.00e+00 1.00e+00h  1
1033  4.8944104e-03 1.01e-03 2.31e-01 -11.0 1.11e-02    -  1.00e+00 1.00e+00h  1
1034  4.8742664e-03 1.54e-03 1.82e-01 -11.0 3.04e-02    -  1.00e+00 1.00e+00h  1
1035  4.8688168e-03 1.57e-03 2.80e-01 -11.0 4.77e-01    -  1.00e+00 1.56e-02h  7
1036  4.8611363e-03 5.31e-03 8.00e-01 -11.0 1.75e-01    -  1.00e+00 2.50e-01h  3
1037  4.8405867e-03 5.38e-03 6.10e-01 -11.0 5.95e-01    -  1.00e+00 1.56e-02h  7
1038  4.7812274e-03 5.27e-03 5.39e-01 -11.0 1.91e-01    -  1.00e+00 1.25e-01h  4
1039  4.7471011e-03 5.02e-03 1.67e-01 -11.0 1.46e-01    -  1.00e+00 1.25e-01h  4
iter    objective    inf_pr   inf_du lg(mu)  ||d||  lg(rg) alpha_du alpha_pr  ls
1040  4.6988022e-03 5.68e-03 5.99e-01 -11.0 3.72e-01    -  1.00e+00 6.25e-02h  5
1041  4.6155232e-03 5.40e-03 2.34e-01 -11.0 4.42e-02    -  1.00e+00 1.25e-01h  4
1042  4.5798020e-03 4.51e-03 6.92e-01 -11.0 5.42e-02    -  1.00e+00 2.50e-01h  3
1043  4.5765091e-03 4.48e-03 8.89e-01 -11.0 3.99e-02    -  1.00e+00 1.25e-01h  4
1044  4.7200550e-03 4.69e-03 1.09e+00 -11.0 2.72e-02    -  1.00e+00 1.00e+00h  1
1045  4.6654012e-03 2.39e-03 1.17e+00 -11.0 4.03e-02    -  1.00e+00 5.00e-01h  2
1046  4.5750438e-03 3.34e-03 1.48e+00 -11.0 2.01e-01    -  1.00e+00 6.25e-02h  5
1047  4.5543790e-03 3.78e-03 1.84e+00 -11.0 1.64e+01    -  1.00e+00 9.77e-04h 11
1048  4.5014600e-03 2.89e-03 2.04e+00 -11.0 2.31e-01    -  1.00e+00 3.12e-02h  6
1049  4.4874695e-03 4.03e-03 1.08e+00 -11.0 5.62e-01    -  1.00e+00 6.25e-02h  5
iter    objective    inf_pr   inf_du lg(mu)  ||d||  lg(rg) alpha_du alpha_pr  ls
1050  4.4676467e-03 4.06e-03 1.50e+00 -11.0 4.19e-01    -  1.00e+00 7.81e-03h  8
1051  4.7173389e-03 2.51e-03 5.56e-01 -11.0 1.49e-02    -  1.00e+00 1.00e+00h  1
1052  4.5117103e-03 5.72e-03 3.59e-01 -11.0 1.79e-02    -  1.00e+00 1.00e+00h  1
1053  4.4860823e-03 4.75e-03 1.05e+00 -11.0 2.43e-01    -  1.00e+00 1.25e-01h  4
1054  4.4676657e-03 4.75e-03 9.40e-01 -11.0 1.18e-01    -  1.00e+00 3.12e-02h  6
1055  4.3759590e-03 1.05e-03 1.72e-01 -11.0 3.56e-03    -  1.00e+00 1.00e+00h  1
1056  4.5034369e-03 3.77e-04 1.59e+00 -11.0 2.24e-03    -  1.00e+00 1.00e+00h  1
1057  4.4686453e-03 7.29e-05 4.77e-01 -11.0 5.71e-03    -  1.00e+00 1.00e+00h  1
1058  4.4531146e-03 1.55e-04 1.28e+00 -11.0 1.12e-01    -  1.00e+00 6.25e-02h  5
1059  4.4468601e-03 1.67e-04 1.54e+00 -11.0 8.31e-01    -  1.00e+00 3.91e-03h  9
iter    objective    inf_pr   inf_du lg(mu)  ||d||  lg(rg) alpha_du alpha_pr  ls
1060  4.4394403e-03 1.91e-04 1.84e+00 -11.0 1.00e+00    -  1.00e+00 3.91e-03h  9
1061  4.4330219e-03 2.14e-04 2.10e+00 -11.0 3.42e+00    -  1.00e+00 9.77e-04h 11
1062  4.4288742e-03 2.24e-04 2.25e+00 -11.0 2.23e+00    -  1.00e+00 9.77e-04h 11
1063  4.4133597e-03 4.52e-03 5.27e+00 -11.0 4.89e+01    -  1.00e+00 9.77e-04h 11
1064  4.4054304e-03 4.61e-03 3.76e+00 -11.0 4.42e+00    -  1.00e+00 9.77e-04h 11
1065  4.3325201e-03 3.60e-04 5.62e-01 -11.0 3.08e-03    -  1.00e+00 1.00e+00h  1
1066  4.3294508e-03 1.84e-02 1.02e+00 -11.0 1.96e-01    -  1.00e+00 5.00e-01h  2
1067  4.3093212e-03 1.86e-02 1.01e+00 -11.0 3.11e+00    -  1.00e+00 3.91e-03h  9
1068  4.3020759e-03 1.83e-02 6.75e-01 -11.0 1.65e-01    -  1.00e+00 1.25e-01h  4
1069  4.3233435e-03 1.63e-02 6.80e-01 -11.0 1.09e-01    -  1.00e+00 1.25e-01h  4
iter    objective    inf_pr   inf_du lg(mu)  ||d||  lg(rg) alpha_du alpha_pr  ls
1070  4.2719714e-03 1.52e-02 8.61e-01 -11.0 1.91e-01    -  1.00e+00 1.25e-01h  4
1071  4.2186591e-03 1.42e-02 1.32e+00 -11.0 1.34e-01    -  1.00e+00 6.25e-02h  5
1072  4.1606560e-03 8.45e-03 7.97e-01 -11.0 2.77e-02    -  1.00e+00 5.00e-01h  2
1073  4.0916512e-03 4.47e-03 1.47e+00 -11.0 2.13e-02    -  1.00e+00 5.00e-01h  2
1074  4.2608357e-03 2.37e-03 2.49e+00 -11.0 1.39e-02    -  1.00e+00 1.00e+00h  1
1075  4.1455051e-03 7.00e-03 6.76e-01 -11.0 1.02e-02    -  1.00e+00 1.00e+00h  1
1076  4.0008417e-03 1.07e-03 6.70e-01 -11.0 5.29e-03    -  1.00e+00 1.00e+00h  1
1077  3.9797116e-03 1.21e-04 2.88e-01 -11.0 1.91e-03    -  1.00e+00 1.00e+00h  1
1078  3.9736685e-03 1.98e-05 6.17e-02 -11.0 6.35e-04    -  1.00e+00 1.00e+00h  1
1079  3.9690962e-03 2.58e-05 3.99e-02 -11.0 1.17e-03    -  1.00e+00 1.00e+00h  1
iter    objective    inf_pr   inf_du lg(mu)  ||d||  lg(rg) alpha_du alpha_pr  ls
1080  4.0491965e-03 2.14e-05 4.69e-01 -11.0 1.43e-02    -  1.00e+00 1.00e+00H  1
1081  4.0339317e-03 1.45e-05 5.15e-01 -11.0 1.49e-02    -  1.00e+00 6.25e-02h  5
1082  4.1042231e-03 1.13e-05 7.17e-01 -11.0 7.74e-03    -  1.00e+00 1.00e+00H  1
1083  3.9608115e-03 1.31e-03 1.76e-01 -11.0 4.99e-03    -  1.00e+00 1.00e+00h  1
1084  3.9350241e-03 4.23e-04 1.38e-01 -11.0 4.83e-03    -  1.00e+00 1.00e+00h  1
1085  3.9610641e-03 2.47e-05 4.73e-01 -11.0 6.42e-03    -  1.00e+00 1.00e+00H  1
1086  3.9517428e-03 3.32e-05 3.13e-01 -11.0 4.67e-03    -  1.00e+00 1.00e+00H  1
1087  3.9594091e-03 3.47e-05 4.61e-01 -11.0 6.16e-03    -  1.00e+00 1.00e+00H  1
1088  3.9632550e-03 6.14e-06 1.47e-01 -11.0 2.72e-03    -  1.00e+00 1.00e+00H  1
1089  3.9064034e-03 4.13e-04 9.09e-02 -11.0 4.03e-03    -  1.00e+00 1.00e+00h  1
iter    objective    inf_pr   inf_du lg(mu)  ||d||  lg(rg) alpha_du alpha_pr  ls
1090  3.9042324e-03 1.67e-04 1.55e-01 -11.0 4.69e-03    -  1.00e+00 1.00e+00h  1
1091  3.8988028e-03 1.18e-03 5.86e-01 -11.0 5.19e-02    -  1.00e+00 2.50e-01h  3
1092  3.8837378e-03 3.50e-03 1.09e+00 -11.0 3.74e-01    -  1.00e+00 6.25e-02h  5
1093  3.8783787e-03 3.76e-03 1.32e+00 -11.0 5.08e-01    -  1.00e+00 3.12e-02h  6
1094  3.8606739e-03 3.88e-03 1.61e+00 -11.0 3.10e-01    -  1.00e+00 6.25e-02h  5
1095  3.8377620e-03 4.26e-03 1.99e+00 -11.0 8.57e-01    -  1.00e+00 1.56e-02h  7
1096  3.8164364e-03 5.05e-03 2.55e+00 -11.0 1.05e+00    -  1.00e+00 1.56e-02h  7
1097  3.7910754e-03 7.55e-03 3.36e+00 -11.0 9.26e-01    -  1.00e+00 3.12e-02h  6
1098  3.7710497e-03 1.05e-02 3.41e+00 -11.0 1.74e+00    -  1.00e+00 1.56e-02h  7
1099  3.7475921e-03 1.36e-02 3.47e+00 -11.0 1.76e+00    -  1.00e+00 1.56e-02h  7
iter    objective    inf_pr   inf_du lg(mu)  ||d||  lg(rg) alpha_du alpha_pr  ls
1100  3.7300718e-03 1.41e-02 3.40e+00 -11.0 2.63e+00    -  1.00e+00 3.91e-03h  9
1101  8.0135967e-03 5.44e-02 6.67e+00 -11.0 9.42e-02    -  1.00e+00 1.00e+00w  1
1102  1.0455211e-02 1.60e-01 2.68e+00 -11.0 8.11e-02    -  1.00e+00 1.00e+00w  1
1103  3.0491594e-02 1.57e+00 4.82e+01 -11.0 5.21e-01    -  1.00e+00 1.00e+00w  1
1104  3.7322517e-03 1.22e-02 2.55e+00 -11.0 5.24e+00    -  1.00e+00 1.25e-01h  3
1105  3.7217386e-03 1.44e-02 2.04e+00 -11.0 3.54e-01    -  1.00e+00 6.25e-02h  5
1106  3.7154826e-03 1.41e-02 1.81e+00 -11.0 1.39e-01    -  1.00e+00 3.12e-02h  6
1107  3.8803397e-03 2.39e-03 8.29e-01 -11.0 1.69e-02    -  1.00e+00 1.00e+00h  1
1108  3.7880549e-03 1.65e-03 2.48e-01 -11.0 3.97e-02    -  1.00e+00 5.00e-01h  2
1109  3.7444120e-03 6.77e-03 1.05e+00 -11.0 5.82e-01    -  1.00e+00 6.25e-02h  5
iter    objective    inf_pr   inf_du lg(mu)  ||d||  lg(rg) alpha_du alpha_pr  ls
1110  3.7204649e-03 6.95e-03 8.44e-01 -11.0 5.50e-01    -  1.00e+00 1.56e-02h  7
1111  3.7248832e-03 5.82e-03 1.18e+00 -11.0 4.95e-02    -  1.00e+00 1.25e-01h  4
1112  3.6929121e-03 3.11e-03 2.08e-01 -11.0 1.20e-02    -  1.00e+00 5.00e-01h  2
1113  3.7324218e-03 2.73e-03 1.88e-01 -11.0 3.12e-02    -  1.00e+00 5.00e-01h  2
1114  3.7201637e-03 2.24e-03 8.47e-01 -11.0 4.34e-02    -  1.00e+00 2.50e-01h  3
1115  3.6835493e-03 2.55e-03 1.25e+00 -11.0 6.93e-02    -  1.00e+00 2.50e-01h  3
1116  3.6700286e-03 3.65e-03 1.29e+00 -11.0 6.76e-01    -  1.00e+00 3.12e-02h  6
1117  3.6692157e-03 4.18e-03 9.90e-01 -11.0 2.66e-01    -  1.00e+00 6.25e-02h  5
1118  1.1394920e-02 7.32e-02 3.53e+00 -11.0 5.59e-02    -  1.00e+00 1.00e+00w  1
1119  3.0751128e+01 1.43e+01 1.41e+02 -11.0 6.75e+00    -  1.00e+00 1.00e+00w  1
iter    objective    inf_pr   inf_du lg(mu)  ||d||  lg(rg) alpha_du alpha_pr  ls
1120  2.2519475e+01 9.54e+00 1.68e+02 -11.0 3.11e+00    -  1.00e+00 1.00e+00w  1
1121  3.6698056e-03 4.00e-03 6.99e-01 -11.0 2.72e+00    -  1.00e+00 6.25e-02h  4
1122  3.6650910e-03 3.91e-03 9.06e-01 -11.0 8.60e-02    -  1.00e+00 3.12e-02h  6
1123  3.7796688e-03 1.46e-03 3.42e-01 -11.0 7.65e-03    -  1.00e+00 1.00e+00h  1
1124  3.8992005e-03 3.45e-04 3.27e-01 -11.0 2.24e-02    -  1.00e+00 1.00e+00H  1
1125  3.8165627e-03 3.91e-04 3.97e-01 -11.0 7.11e-02    -  1.00e+00 6.25e-02h  5
1126  4.0812368e-03 4.70e-04 2.28e-01 -11.0 5.10e-02    -  1.00e+00 1.00e+00H  1
1127  4.0403803e-03 5.34e-04 3.37e-01 -11.0 2.65e-01    -  1.00e+00 1.56e-02h  7
1128  4.0016434e-03 5.71e-04 4.78e-01 -11.0 4.78e-01    -  1.00e+00 7.81e-03h  8
1129  3.9488671e-03 5.16e-04 7.17e-01 -11.0 8.24e-02    -  1.00e+00 3.12e-02h  6
iter    objective    inf_pr   inf_du lg(mu)  ||d||  lg(rg) alpha_du alpha_pr  ls
1130  3.7465886e-03 1.02e-03 1.27e+00 -11.0 4.88e-02    -  1.00e+00 2.50e-01h  3
1131  3.6840169e-03 2.77e-03 6.13e-01 -11.0 2.14e-02    -  1.00e+00 2.50e-01h  3
1132  3.6755185e-03 2.18e-03 3.37e-01 -11.0 4.84e-03    -  1.00e+00 1.00e+00h  1
1133  3.6160665e-03 3.37e-04 5.41e-01 -11.0 3.99e-03    -  1.00e+00 1.00e+00h  1
1134  3.6201242e-03 1.25e-03 5.98e-01 -11.0 1.16e-02    -  1.00e+00 5.00e-01h  2
1135  3.7010106e-03 8.94e-05 7.19e-01 -11.0 9.78e-03    -  1.00e+00 1.00e+00H  1
1136  3.6111812e-03 2.41e-04 1.07e-01 -11.0 5.83e-03    -  1.00e+00 1.00e+00H  1
1137  3.6484475e-03 3.62e-04 1.20e+00 -11.0 5.41e-03    -  1.00e+00 1.00e+00H  1
1138  3.5965312e-03 3.14e-04 1.90e-01 -11.0 4.53e-03    -  1.00e+00 1.00e+00h  1
1139  3.6425840e-03 1.94e-04 7.93e-02 -11.0 5.96e-03    -  1.00e+00 1.00e+00H  1
iter    objective    inf_pr   inf_du lg(mu)  ||d||  lg(rg) alpha_du alpha_pr  ls
1140  3.5792912e-03 2.89e-04 1.39e-01 -11.0 2.68e-03    -  1.00e+00 1.00e+00h  1
1141  3.5790358e-03 1.74e-05 8.62e-02 -11.0 6.17e-04    -  1.00e+00 1.00e+00h  1
1142  3.5735814e-03 2.07e-04 5.98e-02 -11.0 5.19e-03    -  1.00e+00 1.00e+00h  1
1143  3.5717728e-03 6.56e-03 7.25e-01 -11.0 4.93e-01    -  1.00e+00 6.25e-02h  5
1144  3.5670829e-03 7.14e-03 1.00e+00 -11.0 1.23e+00    -  1.00e+00 7.81e-03h  8
1145  3.5624831e-03 7.28e-03 1.04e+00 -11.0 6.43e-01    -  1.00e+00 1.56e-02h  7
1146  3.5543414e-03 7.01e-03 6.15e-01 -11.0 2.09e-01    -  1.00e+00 6.25e-02h  5
1147  3.5444078e-03 7.45e-03 3.70e-01 -11.0 4.09e-01    -  1.00e+00 3.12e-02h  6
1148  3.5313396e-03 5.90e-02 1.18e+00 -11.0 2.88e+00    -  1.00e+00 3.12e-02h  6
1149  3.5193057e-03 5.86e-02 8.21e-01 -11.0 3.54e-01    -  1.00e+00 1.56e-02h  7
iter    objective    inf_pr   inf_du lg(mu)  ||d||  lg(rg) alpha_du alpha_pr  ls
1150  3.5147010e-03 2.97e-02 4.39e-01 -11.0 2.71e-02    -  1.00e+00 5.00e-01h  2
1151  3.4926041e-03 2.60e-02 5.10e-01 -11.0 2.72e-02    -  1.00e+00 1.25e-01h  4
1152  3.4665819e-03 3.31e-04 1.40e-01 -11.0 2.56e-03    -  1.00e+00 1.00e+00h  1
1153  3.4203962e-03 1.17e-04 1.68e-01 -11.0 4.04e-03    -  1.00e+00 1.00e+00h  1
1154  3.4194443e-03 1.64e-03 2.41e-01 -11.0 1.80e-02    -  1.00e+00 1.00e+00h  1
1155  3.4121848e-03 1.96e-03 3.74e-01 -11.0 1.09e-01    -  1.00e+00 1.25e-01h  4
1156  3.3900840e-03 1.87e-03 4.30e-01 -11.0 5.46e-02    -  1.00e+00 1.25e-01h  4
1157  3.3802275e-03 1.40e-03 7.71e-01 -11.0 1.46e-02    -  1.00e+00 2.50e-01h  3
1158  3.3639145e-03 6.75e-04 1.46e-01 -11.0 4.23e-03    -  1.00e+00 1.00e+00h  1
1159  3.3362542e-03 3.86e-04 1.92e-01 -11.0 2.03e-03    -  1.00e+00 1.00e+00h  1
iter    objective    inf_pr   inf_du lg(mu)  ||d||  lg(rg) alpha_du alpha_pr  ls
1160  3.3218342e-03 1.67e-04 1.92e-01 -11.0 5.62e-03    -  1.00e+00 1.00e+00h  1
1161  3.3826976e-03 4.23e-05 1.21e+00 -11.0 1.45e-02    -  1.00e+00 1.00e+00H  1
1162  3.3936910e-03 4.20e-05 8.34e-01 -11.0 1.58e-02    -  1.00e+00 1.00e+00H  1
1163  3.3515999e-03 1.26e-04 4.79e-01 -11.0 1.31e-02    -  1.00e+00 1.25e-01h  4
1164  3.2917684e-03 8.16e-04 2.37e-01 -11.0 4.74e-03    -  1.00e+00 1.00e+00h  1
1165  3.3065359e-03 2.85e-04 1.44e-01 -11.0 5.05e-03    -  1.00e+00 1.00e+00h  1
1166  3.2844982e-03 1.04e-04 4.17e-01 -11.0 2.78e-03    -  1.00e+00 1.00e+00h  1
1167  3.2797955e-03 4.77e-04 1.67e-01 -11.0 3.66e-03    -  1.00e+00 1.00e+00h  1
1168  3.2702301e-03 1.34e-04 1.69e-01 -11.0 3.68e-03    -  1.00e+00 1.00e+00h  1
1169  3.2891353e-03 4.46e-05 4.70e-01 -11.0 6.16e-03    -  1.00e+00 1.00e+00H  1
iter    objective    inf_pr   inf_du lg(mu)  ||d||  lg(rg) alpha_du alpha_pr  ls
1170  3.2665440e-03 5.61e-04 2.58e-01 -11.0 3.56e-03    -  1.00e+00 1.00e+00h  1
1171  3.2519492e-03 5.12e-04 5.29e-01 -11.0 3.96e-03    -  1.00e+00 1.00e+00h  1
1172  3.2363460e-03 2.31e-04 1.06e-01 -11.0 4.50e-03    -  1.00e+00 1.00e+00h  1
1173  3.2342546e-03 2.58e-04 2.98e-01 -11.0 2.08e-02    -  1.00e+00 2.50e-01h  3
1174  3.2844296e-03 8.84e-05 3.33e-01 -11.0 2.71e-02    -  1.00e+00 1.00e+00H  1
1175  3.2777878e-03 8.86e-05 2.87e-01 -11.0 1.16e-01    -  1.00e+00 1.56e-02h  7
1176  3.2638121e-03 1.05e-04 2.86e-01 -11.0 8.13e-02    -  1.00e+00 3.12e-02h  6
1177  3.2250375e-03 1.14e-03 9.36e-01 -11.0 6.57e-01    -  1.00e+00 1.56e-02h  7
1178  3.2151546e-03 1.24e-03 1.15e+00 -11.0 5.41e-01    -  1.00e+00 3.91e-03h  9
1179  3.2175140e-03 1.39e-03 2.17e-01 -11.0 1.59e-02    -  1.00e+00 5.00e-01h  2
iter    objective    inf_pr   inf_du lg(mu)  ||d||  lg(rg) alpha_du alpha_pr  ls
1180  3.1852307e-03 2.26e-03 2.70e-01 -11.0 5.63e-02    -  1.00e+00 2.50e-01h  3
1181  3.1783058e-03 2.20e-03 2.62e-01 -11.0 2.07e-02    -  1.00e+00 6.25e-02h  5
1182  3.1769215e-03 8.85e-04 8.38e-01 -11.0 4.02e-03    -  1.00e+00 1.00e+00h  1
1183  3.1689420e-03 1.34e-03 2.26e-01 -11.0 4.28e-02    -  1.00e+00 2.50e-01h  3
1184  3.1667171e-03 2.40e-03 2.32e-01 -11.0 3.75e-01    -  1.00e+00 3.12e-02h  6
1185  3.1629480e-03 2.32e-03 2.80e-01 -11.0 4.63e-02    -  1.00e+00 6.25e-02h  5
1186  3.1676892e-03 1.57e-03 6.18e-01 -11.0 7.60e-03    -  1.00e+00 1.00e+00h  1
1187  3.1681285e-03 1.15e-03 5.84e-01 -11.0 9.80e-03    -  1.00e+00 2.50e-01h  3
1188  3.1379476e-03 5.74e-04 2.13e-01 -11.0 3.76e-03    -  1.00e+00 1.00e+00h  1
1189  3.1350826e-03 6.32e-04 5.29e-02 -11.0 2.22e-02    -  1.00e+00 2.50e-01h  3
iter    objective    inf_pr   inf_du lg(mu)  ||d||  lg(rg) alpha_du alpha_pr  ls
1190  3.1329260e-03 7.95e-04 2.13e-01 -11.0 4.28e-02    -  1.00e+00 1.25e-01h  4
1191  3.1293812e-03 1.26e-03 1.39e-01 -11.0 6.99e-02    -  1.00e+00 1.25e-01h  4
1192  3.1225092e-03 2.41e-03 1.92e-01 -11.0 4.01e-01    -  1.00e+00 3.12e-02h  6
1193  3.1170994e-03 3.98e-03 1.70e-01 -11.0 8.97e-01    -  1.00e+00 1.56e-02h  7
1194  3.1133189e-03 4.23e-03 1.76e-01 -11.0 2.26e-01    -  1.00e+00 3.12e-02h  6
1195  3.1032174e-03 4.16e-03 1.46e-01 -11.0 9.78e-02    -  1.00e+00 6.25e-02h  5
1196  3.1173546e-03 3.62e-03 1.39e-01 -11.0 2.71e-02    -  1.00e+00 2.50e-01h  3
1197  3.1231473e-03 2.01e-03 5.56e-01 -11.0 8.99e-03    -  1.00e+00 5.00e-01h  2
1198  3.1446422e-03 2.48e-03 1.77e-01 -11.0 6.35e-03    -  1.00e+00 1.00e+00h  1
1199  3.0781000e-03 2.34e-03 1.22e-01 -11.0 5.12e-03    -  1.00e+00 1.00e+00h  1
iter    objective    inf_pr   inf_du lg(mu)  ||d||  lg(rg) alpha_du alpha_pr  ls
1200  3.0882292e-03 2.09e-04 1.48e-01 -11.0 3.07e-03    -  1.00e+00 1.00e+00h  1
1201  3.0797740e-03 1.63e-04 1.64e-01 -11.0 2.79e-03    -  1.00e+00 1.00e+00h  1
1202  3.1188331e-03 2.26e-05 1.22e-01 -11.0 2.61e-03    -  1.00e+00 1.00e+00H  1
1203  3.0756966e-03 2.43e-04 3.25e-02 -11.0 2.15e-03    -  1.00e+00 1.00e+00h  1
1204  3.0750921e-03 2.28e-06 2.10e-02 -11.0 4.91e-04    -  1.00e+00 1.00e+00h  1
1205  3.0776633e-03 5.87e-07 1.06e-01 -11.0 8.77e-03    -  1.00e+00 1.00e+00H  1
1206  3.0742268e-03 3.92e-05 8.54e-02 -11.0 2.66e-02    -  1.00e+00 1.25e-01h  4
1207  3.0689080e-03 1.59e-04 5.92e-02 -11.0 4.04e-02    -  1.00e+00 1.25e-01h  4
1208  3.0677665e-03 1.78e-04 8.20e-02 -11.0 1.07e-02    -  1.00e+00 1.25e-01h  4
1209  3.0637304e-03 1.40e-04 4.63e-02 -11.0 2.53e-03    -  1.00e+00 1.00e+00h  1
iter    objective    inf_pr   inf_du lg(mu)  ||d||  lg(rg) alpha_du alpha_pr  ls
1210  3.0800774e-03 6.01e-07 9.54e-02 -11.0 1.96e-03    -  1.00e+00 1.00e+00H  1
1211  3.0604030e-03 3.23e-04 5.22e-02 -11.0 1.63e-03    -  1.00e+00 1.00e+00h  1
1212  3.0601255e-03 7.03e-06 2.35e-02 -11.0 1.01e-03    -  1.00e+00 1.00e+00h  1
1213  3.0718177e-03 7.43e-06 2.34e-01 -11.0 1.19e-02    -  1.00e+00 1.00e+00H  1
1214  3.0707900e-03 7.04e-06 2.49e-01 -11.0 1.05e-01    -  1.00e+00 7.81e-03h  8
1215  3.0700139e-03 7.55e-06 2.54e-01 -11.0 3.05e-01    -  1.00e+00 1.95e-03h 10
1216  3.0694592e-03 8.02e-06 2.58e-01 -11.0 4.32e-01    -  1.00e+00 9.77e-04h 11
1217  3.0586755e-03 9.10e-04 3.97e-01 -11.0 8.97e-01    -  1.00e+00 1.56e-02h  7
1218  3.0498289e-03 1.45e-03 5.57e-01 -11.0 1.92e+00    -  1.00e+00 7.81e-03h  8
1219  3.0461362e-03 1.70e-03 5.81e-01 -11.0 1.07e+00    -  1.00e+00 7.81e-03h  8
iter    objective    inf_pr   inf_du lg(mu)  ||d||  lg(rg) alpha_du alpha_pr  ls
1220  3.0443129e-03 1.79e-03 4.70e-01 -11.0 5.00e-01    -  1.00e+00 1.56e-02h  7
1221  3.0434432e-03 2.35e-03 4.96e-01 -11.0 5.32e-01    -  1.00e+00 1.56e-02h  7
1222  3.0425343e-03 2.29e-03 4.83e-01 -11.0 3.78e-02    -  1.00e+00 3.12e-02h  6
1223  3.0486808e-03 6.22e-04 1.52e-01 -11.0 8.90e-03    -  1.00e+00 1.00e+00h  1
1224  3.0452410e-03 5.66e-04 1.45e-01 -11.0 3.60e-02    -  1.00e+00 1.25e-01h  4
1225  3.0399612e-03 5.12e-04 1.98e-01 -11.0 1.36e-02    -  1.00e+00 1.25e-01h  4
1226  3.0499399e-03 1.74e-04 1.41e-01 -11.0 8.08e-03    -  1.00e+00 1.00e+00H  1
1227  3.0367635e-03 4.71e-04 6.85e-02 -11.0 6.92e-03    -  1.00e+00 1.00e+00h  1
1228  3.0301144e-03 4.81e-04 1.23e-01 -11.0 9.05e-03    -  1.00e+00 2.50e-01h  3
1229  3.0463921e-03 3.44e-05 5.59e-02 -11.0 1.17e-02    -  1.00e+00 1.00e+00H  1
iter    objective    inf_pr   inf_du lg(mu)  ||d||  lg(rg) alpha_du alpha_pr  ls
1230  3.0409002e-03 1.29e-04 1.23e-01 -11.0 2.53e-02    -  1.00e+00 1.25e-01h  4
1231  3.0279958e-03 3.34e-04 2.10e-01 -11.0 2.04e-02    -  1.00e+00 2.50e-01h  3
1232  3.0273393e-03 3.20e-04 1.45e-01 -11.0 1.74e-02    -  1.00e+00 1.25e-01h  4
1233  3.0199038e-03 6.01e-04 6.15e-02 -11.0 6.62e-03    -  1.00e+00 1.00e+00h  1
1234  3.0274609e-03 5.03e-04 5.16e-02 -11.0 9.51e-03    -  1.00e+00 2.50e-01h  3
1235  3.0132307e-03 1.60e-04 1.66e-02 -11.0 4.52e-03    -  1.00e+00 1.00e+00h  1
1236  3.0109621e-03 1.66e-04 2.27e-02 -11.0 1.21e-02    -  1.00e+00 1.25e-01h  4
1237  3.0172827e-03 2.65e-05 1.16e-01 -11.0 8.39e-03    -  1.00e+00 1.00e+00H  1
1238  3.0157345e-03 4.71e-05 1.24e-01 -11.0 1.00e-01    -  1.00e+00 1.56e-02h  7
1239  3.0093089e-03 7.90e-04 1.30e-01 -11.0 5.81e-01    -  1.00e+00 1.56e-02h  7
iter    objective    inf_pr   inf_du lg(mu)  ||d||  lg(rg) alpha_du alpha_pr  ls
1240  3.0063842e-03 1.16e-03 1.63e-01 -11.0 7.97e-01    -  1.00e+00 7.81e-03h  8
1241  3.0060593e-03 1.48e-03 1.30e-01 -11.0 9.91e-02    -  1.00e+00 6.25e-02h  5
1242  3.0054596e-03 3.11e-03 1.33e-01 -11.0 2.26e-01    -  1.00e+00 6.25e-02h  5
1243  3.0031827e-03 3.80e-03 9.29e-02 -11.0 5.67e-01    -  1.00e+00 1.56e-02h  7
1244  3.0031122e-03 3.82e-03 1.88e-01 -11.0 1.08e-01    -  1.00e+00 3.12e-02h  6
1245  2.9971375e-03 3.02e-03 2.10e-01 -11.0 5.35e-03    -  1.00e+00 2.50e-01h  3
1246  2.9924336e-03 6.36e-04 5.54e-02 -11.0 8.72e-03    -  1.00e+00 1.00e+00h  1
1247  2.9946978e-03 7.26e-04 2.01e-01 -11.0 3.14e-02    -  1.00e+00 6.25e-02h  5
1248  2.9842147e-03 3.99e-04 1.52e-01 -11.0 6.20e-03    -  1.00e+00 1.00e+00h  1
1249  2.9821950e-03 5.04e-04 8.00e-02 -11.0 6.15e-02    -  1.00e+00 6.25e-02h  5
iter    objective    inf_pr   inf_du lg(mu)  ||d||  lg(rg) alpha_du alpha_pr  ls
1250  2.9818908e-03 1.32e-03 2.55e-01 -11.0 4.10e-02    -  1.00e+00 2.50e-01h  3
1251  2.9815519e-03 2.90e-03 3.09e-01 -11.0 3.52e-01    -  1.00e+00 3.12e-02h  6
1252  2.9777879e-03 3.11e-03 2.37e-01 -11.0 1.76e-01    -  1.00e+00 3.12e-02h  6
1253  2.9769260e-03 3.36e-03 1.56e-01 -11.0 1.59e-01    -  1.00e+00 3.12e-02h  6
1254  2.9756900e-03 3.12e-03 1.77e-01 -11.0 2.55e-02    -  1.00e+00 1.25e-01h  4
1255  2.9902856e-03 3.75e-04 1.43e-01 -11.0 7.39e-03    -  1.00e+00 1.00e+00h  1
1256  2.9952070e-03 4.12e-04 9.52e-02 -11.0 4.53e-03    -  1.00e+00 1.00e+00H  1
1257  2.9741316e-03 8.27e-04 9.09e-02 -11.0 7.31e-03    -  1.00e+00 1.00e+00h  1
1258  2.9763941e-03 4.49e-04 5.65e-02 -11.0 4.96e-03    -  1.00e+00 5.00e-01h  2
1259  2.9580252e-03 1.53e-04 3.01e-02 -11.0 1.96e-03    -  1.00e+00 1.00e+00h  1
iter    objective    inf_pr   inf_du lg(mu)  ||d||  lg(rg) alpha_du alpha_pr  ls
1260  2.9575963e-03 2.85e-05 1.59e-02 -11.0 6.63e-04    -  1.00e+00 1.00e+00h  1
1261  2.9557504e-03 3.16e-05 2.38e-02 -11.0 1.60e-03    -  1.00e+00 1.00e+00h  1
1262  2.9540003e-03 8.61e-05 8.95e-02 -11.0 1.60e-02    -  1.00e+00 1.25e-01h  4
1263  2.9828609e-03 8.12e-07 9.37e-02 -11.0 8.73e-03    -  1.00e+00 1.00e+00H  1
1264  2.9708337e-03 5.55e-06 1.28e-01 -11.0 3.15e-03    -  1.00e+00 1.00e+00H  1
1265  2.9574717e-03 4.81e-05 5.76e-02 -11.0 7.75e-03    -  1.00e+00 1.00e+00H  1
1266  2.9550679e-03 1.46e-04 8.82e-02 -11.0 8.72e-03    -  1.00e+00 2.50e-01h  3
1267  2.9523009e-03 1.18e-04 4.45e-02 -11.0 2.03e-03    -  1.00e+00 5.00e-01h  2
1268  2.9512262e-03 7.09e-05 2.54e-02 -11.0 2.77e-03    -  1.00e+00 1.00e+00h  1
1269  2.9588085e-03 2.94e-06 3.21e-02 -11.0 2.54e-03    -  1.00e+00 1.00e+00H  1
iter    objective    inf_pr   inf_du lg(mu)  ||d||  lg(rg) alpha_du alpha_pr  ls
1270  2.9508167e-03 1.33e-04 4.77e-02 -11.0 2.50e-03    -  1.00e+00 1.00e+00h  1
1271  2.9502921e-03 1.07e-04 2.06e-02 -11.0 1.38e-03    -  1.00e+00 5.00e-01h  2
1272  2.9492462e-03 3.75e-06 1.27e-02 -11.0 5.98e-04    -  1.00e+00 1.00e+00h  1
1273  2.9492263e-03 9.42e-06 2.25e-02 -11.0 5.00e-04    -  1.00e+00 1.00e+00h  1
1274  2.9486948e-03 1.81e-05 2.80e-02 -11.0 8.97e-04    -  1.00e+00 1.00e+00h  1
1275  2.9608568e-03 6.20e-07 6.67e-02 -11.0 6.38e-03    -  1.00e+00 1.00e+00H  1
1276  2.9546990e-03 2.25e-06 9.50e-02 -11.0 1.45e-03    -  1.00e+00 1.00e+00H  1
1277  2.9476194e-03 1.33e-04 1.03e-01 -11.0 1.64e-03    -  1.00e+00 1.00e+00h  1
1278  2.9464627e-03 2.05e-05 1.54e-02 -11.0 1.19e-03    -  1.00e+00 1.00e+00h  1
1279  2.9458806e-03 1.50e-05 1.88e-02 -11.0 1.21e-03    -  1.00e+00 1.00e+00h  1
iter    objective    inf_pr   inf_du lg(mu)  ||d||  lg(rg) alpha_du alpha_pr  ls
1280  2.9527915e-03 3.50e-06 4.78e-02 -11.0 3.22e-03    -  1.00e+00 1.00e+00H  1
1281  2.9458148e-03 1.26e-06 5.79e-02 -11.0 1.46e-03    -  1.00e+00 1.00e+00H  1
1282  2.9455483e-03 5.50e-06 5.01e-02 -11.0 1.12e-03    -  1.00e+00 1.00e+00H  1
1283  2.9444152e-03 2.23e-05 3.66e-03 -11.0 5.89e-04    -  1.00e+00 1.00e+00h  1
1284  2.9443320e-03 1.58e-05 2.42e-02 -11.0 1.06e-03    -  1.00e+00 1.00e+00h  1
1285  2.9436230e-03 4.40e-04 9.03e-02 -11.0 9.44e-03    -  1.00e+00 1.00e+00h  1
1286  2.9427834e-03 5.16e-04 1.14e-01 -11.0 6.23e-01    -  1.00e+00 7.81e-03h  8
1287  2.9424452e-03 5.16e-04 1.15e-01 -11.0 1.09e-01    -  1.00e+00 1.56e-02h  7
1288  2.9419287e-03 4.67e-04 1.28e-01 -11.0 1.63e-02    -  1.00e+00 1.25e-01h  4
1289  2.9408553e-03 4.33e-04 1.87e-01 -11.0 1.96e-02    -  1.00e+00 1.25e-01h  4
iter    objective    inf_pr   inf_du lg(mu)  ||d||  lg(rg) alpha_du alpha_pr  ls
1290  2.9407014e-03 6.04e-04 2.54e-01 -11.0 4.08e-02    -  1.00e+00 1.25e-01h  4
1291  2.9387409e-03 8.26e-04 3.20e-01 -11.0 1.11e-01    -  1.00e+00 6.25e-02h  5
1292  2.9365828e-03 1.37e-03 4.04e-01 -11.0 3.94e-01    -  1.00e+00 3.12e-02h  6
1293  2.9336490e-03 1.78e-03 3.47e-01 -11.0 5.66e-01    -  1.00e+00 1.56e-02h  7
1294  2.9316197e-03 1.99e-03 3.00e-01 -11.0 3.55e-01    -  1.00e+00 1.56e-02h  7
1295  2.9308855e-03 1.99e-03 2.83e-01 -11.0 1.06e-01    -  1.00e+00 3.12e-02h  6
1296  3.0860984e-03 1.10e-02 4.63e-01 -11.0 1.46e-02    -  1.00e+00 1.00e+00w  1
1297  3.6588089e-03 1.44e-02 6.15e-01 -11.0 1.18e-02    -  1.00e+00 1.00e+00w  1
1298  3.0891688e-03 1.34e-02 7.06e-01 -11.0 2.21e-02    -  1.00e+00 1.00e+00w  1
1299  2.9285354e-03 1.72e-03 1.23e-01 -11.0 7.06e-02    -  1.00e+00 2.50e-01h  2
iter    objective    inf_pr   inf_du lg(mu)  ||d||  lg(rg) alpha_du alpha_pr  ls
1300  2.9241250e-03 1.34e-03 7.85e-02 -11.0 5.38e-03    -  1.00e+00 2.50e-01h  3
1301  2.9154913e-03 5.79e-04 4.43e-02 -11.0 2.32e-03    -  1.00e+00 1.00e+00h  1
1302  2.9143605e-03 3.09e-05 2.35e-02 -11.0 9.37e-04    -  1.00e+00 1.00e+00h  1
1303  2.9128331e-03 7.74e-05 1.96e-02 -11.0 1.08e-03    -  1.00e+00 1.00e+00h  1
1304  2.9107363e-03 6.77e-05 3.01e-02 -11.0 1.37e-03    -  1.00e+00 1.00e+00h  1
1305  2.9109354e-03 9.07e-05 2.01e-02 -11.0 1.26e-03    -  1.00e+00 1.00e+00h  1
1306  2.9095684e-03 3.72e-05 1.08e-02 -11.0 1.06e-03    -  1.00e+00 1.00e+00h  1
1307  2.9077597e-03 5.29e-05 1.23e-02 -11.0 9.97e-04    -  1.00e+00 1.00e+00h  1
1308  2.9069663e-03 4.35e-06 5.48e-03 -11.0 4.29e-04    -  1.00e+00 1.00e+00h  1
1309  2.9064844e-03 7.83e-06 8.27e-03 -11.0 5.68e-04    -  1.00e+00 1.00e+00h  1
iter    objective    inf_pr   inf_du lg(mu)  ||d||  lg(rg) alpha_du alpha_pr  ls
1310  2.9306554e-03 7.95e-07 1.25e-01 -11.0 6.63e-03    -  1.00e+00 1.00e+00H  1
1311  2.9224858e-03 6.40e-06 1.28e-01 -11.0 3.45e-03    -  1.00e+00 1.00e+00H  1
1312  2.9159051e-03 2.35e-07 6.77e-02 -11.0 4.52e-03    -  1.00e+00 1.00e+00H  1
1313  2.9142474e-03 3.43e-06 6.48e-02 -11.0 7.66e-03    -  1.00e+00 3.12e-02h  6
1314  2.9143192e-03 6.91e-06 1.20e-01 -11.0 3.01e-03    -  1.00e+00 1.00e+00H  1
1315  2.9028510e-03 1.49e-04 3.42e-02 -11.0 1.76e-03    -  1.00e+00 1.00e+00h  1
1316  2.9024389e-03 2.81e-05 1.56e-02 -11.0 4.45e-04    -  1.00e+00 1.00e+00h  1
1317  2.9017926e-03 6.59e-06 4.15e-03 -11.0 2.64e-04    -  1.00e+00 1.00e+00h  1
1318  2.9016276e-03 9.77e-07 1.17e-03 -11.0 1.65e-04    -  1.00e+00 1.00e+00h  1
1319  2.9006337e-03 3.54e-05 1.21e-02 -11.0 1.62e-03    -  1.00e+00 1.00e+00h  1
iter    objective    inf_pr   inf_du lg(mu)  ||d||  lg(rg) alpha_du alpha_pr  ls
1320  2.8997647e-03 9.89e-05 3.83e-02 -11.0 8.33e-02    -  1.00e+00 3.12e-02h  6
1321  2.8996205e-03 1.28e-04 3.87e-02 -11.0 4.03e-02    -  1.00e+00 6.25e-02h  5
1322  2.8992995e-03 1.43e-04 4.76e-02 -11.0 3.15e-02    -  1.00e+00 6.25e-02h  5
1323  2.8980289e-03 1.20e-04 9.94e-02 -11.0 1.21e-02    -  1.00e+00 2.50e-01h  3
1324  2.8958839e-03 3.82e-04 2.00e-01 -11.0 2.05e-01    -  1.00e+00 3.12e-02h  6
1325  2.8946480e-03 4.88e-04 3.00e-01 -11.0 3.39e-01    -  1.00e+00 1.56e-02h  7
1326  2.8951707e-03 4.56e-04 3.26e-01 -11.0 1.94e-02    -  1.00e+00 6.25e-02h  5
1327  2.8962724e-03 1.38e-04 9.38e-02 -11.0 3.91e-03    -  1.00e+00 1.00e+00h  1
1328  2.8945860e-03 1.75e-04 6.98e-02 -11.0 1.33e-02    -  1.00e+00 1.25e-01h  4
1329  2.8935552e-03 1.60e-04 2.56e-02 -11.0 4.92e-03    -  1.00e+00 1.25e-01h  4
iter    objective    inf_pr   inf_du lg(mu)  ||d||  lg(rg) alpha_du alpha_pr  ls
1330  2.8926897e-03 1.39e-04 1.17e-01 -11.0 5.46e-03    -  1.00e+00 1.00e+00h  1
1331  2.8923308e-03 1.36e-04 1.31e-01 -11.0 2.54e-02    -  1.00e+00 3.12e-02h  6
1332  2.8987581e-03 2.67e-04 8.35e-02 -11.0 1.74e-03    -  1.00e+00 1.00e+00h  1
1333  2.8904962e-03 9.72e-05 6.45e-03 -11.0 2.29e-03    -  1.00e+00 1.00e+00h  1
1334  2.8935317e-03 6.61e-05 4.39e-02 -11.0 2.08e-03    -  1.00e+00 1.00e+00h  1
1335  2.8896225e-03 1.23e-04 5.12e-02 -11.0 1.68e-03    -  1.00e+00 1.00e+00h  1
1336  2.8885631e-03 1.25e-04 1.19e-02 -11.0 5.68e-03    -  1.00e+00 1.25e-01h  4
1337  2.8885084e-03 3.00e-05 6.68e-02 -11.0 1.86e-03    -  1.00e+00 1.00e+00h  1
1338  2.8878430e-03 2.06e-04 9.69e-02 -11.0 1.17e-02    -  1.00e+00 5.00e-01h  2
1339  2.8866820e-03 7.13e-04 1.31e-01 -11.0 1.75e-01    -  1.00e+00 6.25e-02h  5
iter    objective    inf_pr   inf_du lg(mu)  ||d||  lg(rg) alpha_du alpha_pr  ls
1340  2.8849360e-03 9.05e-04 2.00e-01 -11.0 2.32e-01    -  1.00e+00 3.12e-02h  6
1341  2.8840411e-03 9.55e-04 2.26e-01 -11.0 2.72e-01    -  1.00e+00 3.12e-02h  6
1342  2.8827981e-03 1.24e-03 2.71e-01 -11.0 5.58e-01    -  1.00e+00 1.56e-02h  7
1343  2.8822615e-03 1.22e-03 2.29e-01 -11.0 1.19e-01    -  1.00e+00 1.56e-02h  7
1344  2.8809147e-03 1.10e-03 2.49e-01 -11.0 3.55e-02    -  1.00e+00 1.25e-01h  4
1345  2.8789839e-03 1.09e-03 2.97e-01 -11.0 1.56e-01    -  1.00e+00 1.56e-02h  7
1346  2.8786384e-03 7.13e-04 1.42e-01 -11.0 1.02e-02    -  1.00e+00 5.00e-01h  2
1347  2.8770854e-03 1.19e-03 6.13e-02 -11.0 3.51e-02    -  1.00e+00 1.25e-01h  4
1348  3.0468544e-03 4.79e-03 3.65e-01 -11.0 2.21e-02    -  1.00e+00 1.00e+00w  1
1349  2.9303804e-03 4.25e-03 6.54e-02 -11.0 2.45e-02    -  1.00e+00 1.00e+00w  1
iter    objective    inf_pr   inf_du lg(mu)  ||d||  lg(rg) alpha_du alpha_pr  ls
1350  8.1685364e-03 2.11e-01 5.44e+00 -11.0 1.61e-01    -  1.00e+00 1.00e+00w  1
1351  2.8759835e-03 1.09e-03 3.24e-02 -11.0 2.45e-01    -  1.00e+00 1.25e-01h  3
1352  2.8801082e-03 1.01e-03 2.86e-02 -11.0 1.50e-02    -  1.00e+00 2.50e-01h  3
1353  2.8823866e-03 1.03e-03 1.04e-01 -11.0 6.50e-03    -  1.00e+00 5.00e-01h  2
1354  2.8781782e-03 8.83e-04 1.42e-01 -11.0 1.26e-02    -  1.00e+00 2.50e-01h  3
1355  2.8867869e-03 8.50e-04 9.37e-02 -11.0 6.67e-03    -  1.00e+00 5.00e-01h  2
1356  2.8765683e-03 2.92e-04 5.69e-02 -11.0 4.09e-03    -  1.00e+00 1.00e+00h  1
1357  2.8737271e-03 3.79e-04 5.08e-02 -11.0 8.54e-03    -  1.00e+00 2.50e-01h  3
1358  2.8769408e-03 3.02e-04 3.77e-02 -11.0 1.46e-03    -  1.00e+00 1.00e+00h  1
1359  2.8718521e-03 1.04e-04 9.57e-03 -11.0 1.20e-03    -  1.00e+00 1.00e+00h  1
iter    objective    inf_pr   inf_du lg(mu)  ||d||  lg(rg) alpha_du alpha_pr  ls
1360  2.8721263e-03 3.85e-05 5.22e-03 -11.0 5.17e-04    -  1.00e+00 1.00e+00h  1
1361  2.8711734e-03 1.48e-05 1.92e-03 -11.0 3.88e-04    -  1.00e+00 1.00e+00h  1
1362  2.8711194e-03 4.61e-07 2.57e-03 -11.0 1.05e-04    -  1.00e+00 1.00e+00h  1
1363  2.8708947e-03 2.54e-06 5.71e-03 -11.0 2.94e-04    -  1.00e+00 1.00e+00h  1
1364  2.8696561e-03 5.66e-04 7.68e-02 -11.0 6.85e-02    -  1.00e+00 6.25e-02h  5
1365  2.8692654e-03 6.09e-04 8.59e-02 -11.0 4.42e-02    -  1.00e+00 3.12e-02h  6
1366  2.8688727e-03 6.24e-04 6.46e-02 -11.0 1.63e-02    -  1.00e+00 1.25e-01h  4
1367  2.8681210e-03 6.20e-04 4.88e-02 -11.0 2.16e-02    -  1.00e+00 6.25e-02h  5
1368  2.8677808e-03 6.57e-04 6.58e-02 -11.0 3.05e-02    -  1.00e+00 6.25e-02h  5
1369  2.8675480e-03 7.01e-04 7.55e-02 -11.0 3.51e-02    -  1.00e+00 6.25e-02h  5
iter    objective    inf_pr   inf_du lg(mu)  ||d||  lg(rg) alpha_du alpha_pr  ls
1370  2.8675286e-03 6.42e-04 9.66e-02 -11.0 9.02e-03    -  1.00e+00 1.25e-01h  4
1371  2.8689013e-03 1.51e-04 8.11e-02 -11.0 1.40e-03    -  1.00e+00 1.00e+00h  1
1372  2.8660929e-03 1.52e-04 3.19e-02 -11.0 1.80e-03    -  1.00e+00 1.00e+00h  1
1373  2.8988043e-03 6.79e-07 2.67e-01 -11.0 3.83e-03    -  1.00e+00 1.00e+00H  1
1374  2.8657835e-03 1.51e-04 1.51e-02 -11.0 3.70e-03    -  1.00e+00 1.00e+00H  1
1375  2.8683080e-03 9.04e-05 1.28e-02 -11.0 2.08e-03    -  1.00e+00 5.00e-01h  2
1376  2.8650452e-03 1.79e-05 2.58e-02 -11.0 6.60e-04    -  1.00e+00 1.00e+00h  1
1377  2.8650772e-03 1.39e-05 2.36e-02 -11.0 3.06e-04    -  1.00e+00 1.00e+00h  1
1378  2.8647797e-03 4.44e-06 6.44e-04 -11.0 2.07e-04    -  1.00e+00 1.00e+00h  1
1379  2.8646683e-03 5.15e-07 1.39e-02 -11.0 2.57e-04    -  1.00e+00 1.00e+00h  1
iter    objective    inf_pr   inf_du lg(mu)  ||d||  lg(rg) alpha_du alpha_pr  ls
1380  2.8644228e-03 6.21e-05 1.22e-01 -11.0 3.89e-03    -  1.00e+00 1.00e+00h  1
1381  2.8643654e-03 6.20e-05 1.34e-01 -11.0 1.55e-02    -  1.00e+00 6.25e-02h  5
1382  2.8637637e-03 5.67e-05 9.91e-02 -11.0 1.72e-03    -  1.00e+00 1.00e+00h  1
1383  2.8783532e-03 5.52e-07 5.57e-02 -11.0 4.64e-03    -  1.00e+00 1.00e+00H  1
1384  2.8632262e-03 4.08e-04 1.22e-02 -11.0 2.37e-03    -  1.00e+00 1.00e+00h  1
1385  2.8622720e-03 3.06e-05 1.28e-02 -11.0 8.76e-04    -  1.00e+00 1.00e+00h  1
1386  2.8608356e-03 2.44e-05 9.95e-03 -11.0 1.67e-03    -  1.00e+00 1.00e+00h  1
1387  2.8613336e-03 1.20e-07 3.21e-02 -11.0 2.40e-03    -  1.00e+00 1.00e+00H  1
1388  2.8632470e-03 1.25e-07 1.42e-01 -11.0 1.24e-02    -  1.00e+00 1.00e+00H  1
1389  2.8631894e-03 9.71e-08 1.42e-01 -11.0 2.27e-01    -  1.00e+00 4.88e-04h 12
iter    objective    inf_pr   inf_du lg(mu)  ||d||  lg(rg) alpha_du alpha_pr  ls
1390  2.8631205e-03 1.10e-07 1.43e-01 -11.0 1.19e-01    -  1.00e+00 9.77e-04h 11
1391  2.8630483e-03 1.14e-07 1.42e-01 -11.0 4.27e-02    -  1.00e+00 1.95e-03h 10
1392  2.8606649e-03 5.39e-05 1.17e-01 -11.0 1.71e-02    -  1.00e+00 1.25e-01h  4
1393  2.8588393e-03 9.08e-05 1.02e-01 -11.0 1.71e-02    -  1.00e+00 1.25e-01h  4
1394  2.8569030e-03 1.86e-04 1.27e-01 -11.0 3.12e-02    -  1.00e+00 2.50e-01h  3
1395  2.8561877e-03 2.27e-04 1.28e-01 -11.0 1.03e-01    -  1.00e+00 3.12e-02h  6
1396  2.8550709e-03 3.50e-04 9.10e-02 -11.0 6.42e-02    -  1.00e+00 1.25e-01h  4
1397  2.8543514e-03 6.05e-04 5.25e-02 -11.0 3.50e-01    -  1.00e+00 3.12e-02h  6
1398  2.8524767e-03 9.97e-04 1.08e-01 -11.0 7.50e-01    -  1.00e+00 1.56e-02h  7
1399  3.3961391e-02 3.96e+00 4.45e+01 -11.0 1.21e+00    -  1.00e+00 1.00e+00w  1
iter    objective    inf_pr   inf_du lg(mu)  ||d||  lg(rg) alpha_du alpha_pr  ls
1400  2.8886850e-01 4.73e+00 2.98e+01 -11.0 4.78e-01    -  1.00e+00 1.00e+00w  1
1401  1.1340388e+00 1.26e+01 3.70e+01 -11.0 4.18e-01    -  1.00e+00 1.00e+00w  1
1402  2.8508159e-03 1.72e-03 9.57e-02 -11.0 8.82e-01    -  1.00e+00 1.56e-02h  6
1403  2.8517714e-03 1.53e-03 7.71e-02 -11.0 1.78e-02    -  1.00e+00 1.25e-01h  4
1404  2.8480595e-03 9.43e-04 3.25e-02 -11.0 2.03e-02    -  1.00e+00 5.00e-01h  2
1405  2.8430947e-03 9.98e-04 5.33e-02 -11.0 9.68e-02    -  1.00e+00 3.12e-02h  6
1406  2.8507673e-03 1.36e-03 3.84e-02 -11.0 3.98e-02    -  1.00e+00 2.50e-01h  3
1407  2.8479512e-03 1.28e-03 3.84e-02 -11.0 1.57e-02    -  1.00e+00 6.25e-02h  5
1408  2.8361340e-03 2.95e-04 9.48e-03 -11.0 8.00e-03    -  1.00e+00 1.00e+00h  1
1409  2.8337256e-03 3.05e-04 4.29e-02 -11.0 1.68e-02    -  1.00e+00 6.25e-02h  5
iter    objective    inf_pr   inf_du lg(mu)  ||d||  lg(rg) alpha_du alpha_pr  ls
1410  2.8291374e-03 3.09e-04 1.30e-02 -11.0 1.23e-02    -  1.00e+00 1.00e+00h  1
1411  2.8263139e-03 8.09e-04 2.08e-02 -11.0 1.03e+00    -  1.00e+00 1.56e-02h  7
1412  2.8243318e-03 9.89e-04 5.26e-02 -11.0 1.15e+00    -  1.00e+00 7.81e-03h  8
1413  2.8225623e-03 1.02e-03 1.18e-01 -11.0 2.74e-01    -  1.00e+00 1.56e-02h  7
1414  2.8207822e-03 1.02e-03 1.52e-01 -11.0 6.96e-02    -  1.00e+00 6.25e-02h  5
1415  2.8143511e-03 2.04e-03 2.48e-01 -11.0 1.39e+00    -  1.00e+00 1.56e-02h  7
1416  2.8098926e-03 2.69e-03 3.00e-01 -11.0 9.04e+00    -  1.00e+00 1.95e-03h 10
1417  2.8083000e-03 2.92e-03 2.70e-01 -11.0 2.99e+00    -  1.00e+00 3.91e-03h  9
1418  2.8076347e-03 2.92e-03 2.24e-01 -11.0 2.43e-01    -  1.00e+00 3.91e-03h  9
1419  2.8092441e-03 4.05e-04 1.75e-02 -11.0 1.29e-02    -  1.00e+00 1.00e+00h  1
iter    objective    inf_pr   inf_du lg(mu)  ||d||  lg(rg) alpha_du alpha_pr  ls
1420  2.8083768e-03 4.04e-04 4.01e-02 -11.0 6.59e-01    -  1.00e+00 3.91e-03h  9
1421  2.8075845e-03 5.24e-04 2.16e-02 -11.0 5.28e-02    -  1.00e+00 2.50e-01h  3
1422  2.8060803e-03 6.11e-04 3.86e-02 -11.0 8.93e-01    -  1.00e+00 1.56e-02h  7
1423  2.8036446e-03 8.90e-04 4.05e-02 -11.0 2.25e+00    -  1.00e+00 7.81e-03h  8
1424  2.8023873e-03 9.99e-04 3.40e-02 -11.0 1.49e+00    -  1.00e+00 7.81e-03h  8
1425  2.7990560e-03 1.27e-03 9.98e-02 -11.0 1.26e+00    -  1.00e+00 1.56e-02h  7
1426  2.7959633e-03 1.39e-03 1.30e-01 -11.0 1.22e+00    -  1.00e+00 7.81e-03h  8
1427  2.7935616e-03 1.36e-03 1.10e-01 -11.0 1.01e+00    -  1.00e+00 7.81e-03h  8
1428  2.7907647e-03 1.41e-03 8.59e-02 -11.0 6.01e-01    -  1.00e+00 7.81e-03h  8
1429  2.7900346e-03 5.34e-03 4.65e-02 -11.0 2.23e-01    -  1.00e+00 2.50e-01h  3
iter    objective    inf_pr   inf_du lg(mu)  ||d||  lg(rg) alpha_du alpha_pr  ls
1430  2.2182751e+00 3.95e+01 2.14e+01 -11.0 6.81e+00    -  1.00e+00 1.00e+00w  1
1431  3.2358722e+06 1.27e+03 1.64e+03 -11.0 8.21e+02    -  1.00e+00 1.00e+00w  1
1432  1.1673611e+02 5.98e+00 1.43e+03 -11.0 8.21e+02    -  1.00e+00 1.00e+00w  1
1433  2.7881414e-03 5.85e-03 1.04e-01 -11.0 5.99e+00    -  1.00e+00 1.95e-03h  9
1434  2.7921786e-03 4.18e-04 3.22e-02 -11.0 1.72e-02    -  1.00e+00 1.00e+00h  1
1435  2.7889057e-03 5.20e-04 1.73e-02 -11.0 2.29e+00    -  1.00e+00 3.91e-03h  9
1436  2.7871640e-03 5.08e-04 2.93e-02 -11.0 3.04e-01    -  1.00e+00 1.56e-02h  7
1437  2.7871714e-03 5.00e-04 1.29e-02 -11.0 8.96e-02    -  1.00e+00 3.12e-02h  6
1438  2.7988915e-03 5.87e-04 6.88e-02 -11.0 5.03e-03    -  1.00e+00 1.00e+00h  1
1439  2.7973114e-03 3.55e-04 9.25e-02 -11.0 5.69e-03    -  1.00e+00 5.00e-01h  2
iter    objective    inf_pr   inf_du lg(mu)  ||d||  lg(rg) alpha_du alpha_pr  ls
1440  2.7809411e-03 3.96e-04 1.53e-02 -11.0 4.22e-03    -  1.00e+00 1.00e+00h  1
1441  2.9550598e-03 1.28e-03 3.87e-01 -11.0 1.43e-02    -  1.00e+00 1.00e+00H  1
1442  2.7859242e-03 1.08e-03 1.51e-01 -11.0 5.29e-03    -  1.00e+00 1.00e+00H  1
1443  2.8510829e-03 5.30e-05 2.78e-01 -11.0 4.40e-03    -  1.00e+00 1.00e+00H  1
1444  2.7731000e-03 2.83e-04 8.81e-02 -11.0 3.70e-03    -  1.00e+00 1.00e+00h  1
1445  2.7730985e-03 2.67e-05 2.87e-02 -11.0 6.12e-04    -  1.00e+00 1.00e+00h  1
1446  2.7719651e-03 6.80e-06 1.20e-02 -11.0 2.67e-04    -  1.00e+00 1.00e+00h  1
1447  2.7716530e-03 8.54e-07 2.43e-03 -11.0 2.46e-04    -  1.00e+00 1.00e+00h  1
1448  2.7696435e-03 1.59e-04 5.09e-02 -11.0 3.63e-03    -  1.00e+00 1.00e+00h  1
1449  2.7688885e-03 3.34e-04 1.37e-01 -11.0 5.09e-02    -  1.00e+00 6.25e-02h  5
iter    objective    inf_pr   inf_du lg(mu)  ||d||  lg(rg) alpha_du alpha_pr  ls
1450  2.7680540e-03 4.12e-04 1.60e-01 -11.0 1.66e-02    -  1.00e+00 1.25e-01h  4
1451  2.7662496e-03 4.02e-04 1.08e-01 -11.0 9.49e-03    -  1.00e+00 2.50e-01h  3
1452  2.7661749e-03 7.71e-04 6.27e-02 -11.0 2.30e-02    -  1.00e+00 2.50e-01h  3
1453  2.7635921e-03 8.70e-04 1.15e-01 -11.0 5.02e-02    -  1.00e+00 6.25e-02h  5
1454  2.7612226e-03 1.03e-03 1.50e-01 -11.0 5.01e-02    -  1.00e+00 6.25e-02h  5
1455  2.7603655e-03 8.87e-04 1.32e-01 -11.0 1.29e-02    -  1.00e+00 2.50e-01h  3
1456  2.7572842e-03 2.83e-03 2.07e-01 -11.0 8.50e-02    -  1.00e+00 1.25e-01h  4
1457  2.7561270e-03 2.91e-03 2.14e-01 -11.0 1.56e-01    -  1.00e+00 1.56e-02h  7
1458  2.7563475e-03 2.58e-03 2.01e-01 -11.0 1.72e-02    -  1.00e+00 1.25e-01h  4
1459  2.7730521e-03 5.21e-03 6.36e-02 -11.0 1.65e-02    -  1.00e+00 1.00e+00w  1
iter    objective    inf_pr   inf_du lg(mu)  ||d||  lg(rg) alpha_du alpha_pr  ls
1460  5.4580559e-03 6.66e-02 7.16e-01 -11.0 4.90e-02    -  1.00e+00 1.00e+00w  1
1461  4.1566049e-03 9.93e-02 2.86e-01 -11.0 5.87e-02    -  1.00e+00 1.00e+00w  1
1462  2.7567973e-03 2.58e-03 7.40e-02 -11.0 1.40e-01    -  1.00e+00 5.00e-01h  1
1463  2.7565465e-03 1.94e-03 4.75e-02 -11.0 9.80e-03    -  1.00e+00 5.00e-01h  2
1464  2.7593269e-03 1.74e-03 4.68e-02 -11.0 1.08e-02    -  1.00e+00 1.25e-01h  4
1465  2.7507726e-03 1.57e-03 4.22e-02 -11.0 8.54e-03    -  1.00e+00 1.00e+00h  1
1466  2.7502323e-03 1.57e-03 3.98e-02 -11.0 7.52e-02    -  1.00e+00 1.56e-02h  7
1467  2.7643089e-03 5.57e-04 8.50e-02 -11.0 4.40e-03    -  1.00e+00 1.00e+00h  1
1468  2.7511135e-03 2.38e-04 2.08e-02 -11.0 1.77e-03    -  1.00e+00 1.00e+00h  1
1469  2.7522219e-03 5.07e-05 1.58e-02 -11.0 7.78e-04    -  1.00e+00 1.00e+00h  1
iter    objective    inf_pr   inf_du lg(mu)  ||d||  lg(rg) alpha_du alpha_pr  ls
1470  2.7493473e-03 4.02e-05 6.27e-03 -11.0 5.24e-04    -  1.00e+00 1.00e+00h  1
1471  2.7492269e-03 1.18e-05 4.07e-03 -11.0 7.70e-04    -  1.00e+00 1.00e+00h  1
1472  2.7537172e-03 4.44e-06 2.19e-02 -11.0 5.08e-03    -  1.00e+00 1.00e+00H  1
1473  2.7532726e-03 4.81e-06 2.09e-02 -11.0 4.04e-02    -  1.00e+00 1.56e-02h  7
1474  2.7530166e-03 5.44e-06 1.83e-02 -11.0 1.47e-01    -  1.00e+00 1.95e-03h 10
1475  2.7525387e-03 6.64e-06 1.49e-02 -11.0 2.62e-02    -  1.00e+00 1.56e-02h  7
1476  2.7517449e-03 6.68e-06 1.16e-02 -11.0 6.85e-03    -  1.00e+00 3.12e-02h  6
1477  2.7493949e-03 2.29e-04 3.19e-02 -11.0 1.84e-02    -  1.00e+00 2.50e-01h  3
1478  2.7480401e-03 2.26e-04 2.92e-02 -11.0 1.23e-02    -  1.00e+00 6.25e-02h  5
1479  2.7479527e-03 3.78e-04 4.02e-02 -11.0 6.76e-03    -  1.00e+00 1.00e+00h  1
iter    objective    inf_pr   inf_du lg(mu)  ||d||  lg(rg) alpha_du alpha_pr  ls
1480  2.7473962e-03 3.71e-04 4.87e-02 -11.0 3.08e-02    -  1.00e+00 3.12e-02h  6
1481  2.7472664e-03 2.65e-04 3.80e-02 -11.0 3.96e-03    -  1.00e+00 2.50e-01h  3
1482  2.7457537e-03 1.78e-04 1.22e-02 -11.0 4.07e-03    -  1.00e+00 1.00e+00h  1
1483  2.7485718e-03 1.61e-04 3.66e-02 -11.0 8.70e-03    -  1.00e+00 1.25e-01h  4
1484  2.7447517e-03 4.32e-05 6.42e-03 -11.0 2.34e-03    -  1.00e+00 1.00e+00h  1
1485  2.7932505e-03 3.05e-05 1.07e-01 -11.0 5.06e-03    -  1.00e+00 1.00e+00H  1
1486  2.7443887e-03 2.75e-04 4.65e-03 -11.0 4.89e-03    -  1.00e+00 1.00e+00h  1
1487  2.7444008e-03 2.20e-04 9.36e-03 -11.0 2.30e-03    -  1.00e+00 2.50e-01h  3
1488  2.7442360e-03 4.71e-06 1.98e-03 -11.0 3.56e-04    -  1.00e+00 1.00e+00h  1
1489  2.7442898e-03 3.49e-06 1.22e-02 -11.0 3.29e-04    -  1.00e+00 1.00e+00h  1
iter    objective    inf_pr   inf_du lg(mu)  ||d||  lg(rg) alpha_du alpha_pr  ls
1490  2.7441034e-03 5.09e-06 7.88e-03 -11.0 2.47e-04    -  1.00e+00 1.00e+00h  1
1491  2.7445304e-03 1.88e-07 1.86e-02 -11.0 5.43e-04    -  1.00e+00 1.00e+00H  1
1492  2.7439162e-03 3.49e-06 7.56e-03 -11.0 2.40e-04    -  1.00e+00 1.00e+00h  1
1493  2.7438232e-03 5.10e-07 1.14e-03 -11.0 2.98e-04    -  1.00e+00 1.00e+00h  1
1494  2.7437060e-03 3.88e-05 1.07e-02 -11.0 1.07e-02    -  1.00e+00 2.50e-01h  3
1495  2.7435580e-03 4.35e-05 1.49e-02 -11.0 8.07e-02    -  1.00e+00 1.56e-02h  7
1496  2.7434099e-03 4.16e-05 2.77e-02 -11.0 2.16e-02    -  1.00e+00 6.25e-02h  5
1497  2.7431182e-03 3.66e-05 4.26e-02 -11.0 1.35e-02    -  1.00e+00 1.25e-01h  4
1498  2.7429564e-03 2.29e-04 4.54e-02 -11.0 3.47e-02    -  1.00e+00 1.25e-01h  4
1499  2.7426038e-03 1.73e-04 7.30e-02 -11.0 2.54e-01    -  1.00e+00 3.12e-02h  6
iter    objective    inf_pr   inf_du lg(mu)  ||d||  lg(rg) alpha_du alpha_pr  ls
1500  2.7422065e-03 1.81e-04 8.38e-02 -11.0 2.65e-01    -  1.00e+00 7.81e-03h  8
1501  2.7419863e-03 2.06e-04 6.16e-02 -11.0 8.71e-02    -  1.00e+00 6.25e-02h  5
1502  2.7416880e-03 2.42e-04 6.40e-02 -11.0 2.11e-01    -  1.00e+00 3.12e-02h  6
1503  2.7408662e-03 3.15e-04 1.84e-01 -11.0 2.13e-01    -  1.00e+00 3.12e-02h  6
1504  4.6356977e-03 2.08e-01 4.20e+00 -11.0 1.80e-01    -  1.00e+00 1.00e+00w  1
1505  8.1595024e-03 1.26e-01 2.13e+00 -11.0 4.55e-02    -  1.00e+00 1.00e+00w  1
1506  4.6808764e-03 1.72e-01 3.12e+00 -11.0 8.77e-02    -  1.00e+00 1.00e+00w  1
1507  2.7391497e-03 3.71e-04 2.49e-01 -11.0 5.74e-02    -  1.00e+00 3.12e-02h  5
1508  2.7382704e-03 5.76e-04 3.18e-01 -11.0 6.91e-02    -  1.00e+00 6.25e-02h  5
1509  2.7372842e-03 5.16e-04 2.61e-01 -11.0 1.20e-02    -  1.00e+00 1.25e-01h  4
iter    objective    inf_pr   inf_du lg(mu)  ||d||  lg(rg) alpha_du alpha_pr  ls
1510  2.7358349e-03 2.60e-04 2.12e-01 -11.0 3.95e-03    -  1.00e+00 1.00e+00h  1
1511  2.7349097e-03 2.45e-04 2.55e-01 -11.0 7.32e-03    -  1.00e+00 1.25e-01h  4
1512  2.7349869e-03 1.75e-04 1.69e-02 -11.0 2.15e-03    -  1.00e+00 1.00e+00h  1
1513  2.7363705e-03 5.93e-06 1.20e-01 -11.0 7.34e-03    -  1.00e+00 1.00e+00H  1
1514  2.7359058e-03 7.08e-05 1.61e-01 -11.0 4.85e-02    -  1.00e+00 6.25e-02h  5
1515  2.7348432e-03 8.27e-05 1.84e-01 -11.0 1.22e-02    -  1.00e+00 1.25e-01h  4
1516  2.7346462e-03 1.92e-04 1.47e-01 -11.0 3.97e-03    -  1.00e+00 5.00e-01h  2
1517  2.7390801e-03 1.61e-06 1.51e-01 -11.0 3.10e-03    -  1.00e+00 1.00e+00H  1
1518  2.7414913e-03 7.28e-08 1.14e-01 -11.0 2.53e-03    -  1.00e+00 1.00e+00H  1
1519  2.7309242e-03 1.45e-03 7.70e-02 -11.0 4.80e-03    -  1.00e+00 1.00e+00h  1
iter    objective    inf_pr   inf_du lg(mu)  ||d||  lg(rg) alpha_du alpha_pr  ls
1520  2.7323931e-03 1.16e-03 8.34e-02 -11.0 3.11e-03    -  1.00e+00 2.50e-01h  3
1521  2.7306204e-03 8.25e-05 9.69e-03 -11.0 1.31e-03    -  1.00e+00 1.00e+00h  1
1522  2.7317861e-03 3.06e-05 1.72e-02 -11.0 4.21e-04    -  1.00e+00 1.00e+00h  1
1523  2.7304233e-03 1.73e-05 1.43e-03 -11.0 3.18e-04    -  1.00e+00 1.00e+00h  1
1524  2.7304072e-03 1.83e-07 1.97e-03 -11.0 1.53e-04    -  1.00e+00 1.00e+00h  1
1525  2.7298814e-03 8.39e-06 6.97e-03 -11.0 2.28e-03    -  1.00e+00 1.00e+00h  1
1526  2.7297875e-03 3.99e-05 3.71e-02 -11.0 1.30e-01    -  1.00e+00 3.12e-02h  6
1527  2.7296869e-03 5.46e-05 2.40e-02 -11.0 3.52e-02    -  1.00e+00 6.25e-02h  5
1528  2.7293746e-03 1.02e-04 4.33e-02 -11.0 1.78e-02    -  1.00e+00 1.25e-01h  4
1529  2.7290099e-03 1.25e-04 1.21e-01 -11.0 1.89e-02    -  1.00e+00 1.25e-01h  4
iter    objective    inf_pr   inf_du lg(mu)  ||d||  lg(rg) alpha_du alpha_pr  ls
1530  2.7282548e-03 1.87e-04 1.67e-01 -11.0 1.03e-01    -  1.00e+00 6.25e-02h  5
1531  2.7277536e-03 2.04e-04 1.94e-01 -11.0 1.62e-01    -  1.00e+00 1.56e-02h  7
1532  2.7425420e-03 3.23e-08 2.51e-01 -11.0 1.12e-02    -  1.00e+00 1.00e+00H  1
1533  2.7422052e-03 5.25e-08 2.51e-01 -11.0 1.39e-02    -  1.00e+00 7.81e-03h  8
1534  2.7294489e-03 1.40e-04 6.21e-02 -11.0 9.98e-03    -  1.00e+00 2.50e-01h  3
1535  2.7251896e-03 1.36e-04 1.20e-02 -11.0 6.69e-03    -  1.00e+00 2.50e-01h  3
1536  2.7267766e-03 2.15e-06 1.53e-02 -11.0 3.52e-03    -  1.00e+00 1.00e+00H  1
1537  2.7397153e-03 7.52e-07 2.70e-02 -11.0 4.69e-03    -  1.00e+00 1.00e+00H  1
1538  2.7291754e-03 6.67e-07 5.73e-02 -11.0 2.57e-03    -  1.00e+00 1.00e+00H  1
1539  2.7243896e-03 1.17e-04 2.15e-02 -11.0 1.77e-03    -  1.00e+00 1.00e+00h  1
iter    objective    inf_pr   inf_du lg(mu)  ||d||  lg(rg) alpha_du alpha_pr  ls
1540  2.7228565e-03 3.77e-05 1.99e-02 -11.0 1.85e-03    -  1.00e+00 1.00e+00h  1
1541  2.7243714e-03 1.07e-06 2.27e-02 -11.0 2.78e-03    -  1.00e+00 1.00e+00H  1
1542  2.7247010e-03 6.24e-07 2.55e-02 -11.0 1.66e-03    -  1.00e+00 1.00e+00H  1
1543  2.7213920e-03 3.21e-05 8.93e-03 -11.0 1.40e-03    -  1.00e+00 1.00e+00h  1
1544  2.7210819e-03 3.48e-05 4.27e-03 -11.0 7.31e-04    -  1.00e+00 1.00e+00h  1
1545  2.7203425e-03 8.54e-06 6.66e-03 -11.0 9.26e-04    -  1.00e+00 1.00e+00h  1
1546  2.7202290e-03 2.27e-05 6.60e-03 -11.0 2.09e-03    -  1.00e+00 1.00e+00h  1
1547  2.7200097e-03 5.99e-05 1.77e-02 -11.0 2.11e-02    -  1.00e+00 1.25e-01h  4
1548  2.7191407e-03 1.58e-04 4.64e-02 -11.0 3.25e-02    -  1.00e+00 1.25e-01h  4
1549  2.7184203e-03 2.56e-04 6.12e-02 -11.0 2.65e-01    -  1.00e+00 1.56e-02h  7
iter    objective    inf_pr   inf_du lg(mu)  ||d||  lg(rg) alpha_du alpha_pr  ls
1550  2.7183094e-03 2.88e-04 5.98e-02 -11.0 9.60e-02    -  1.00e+00 3.12e-02h  6
1551  2.7181414e-03 2.77e-04 5.97e-02 -11.0 2.44e-02    -  1.00e+00 6.25e-02h  5
1552  2.7178179e-03 4.12e-04 7.74e-02 -11.0 1.05e-01    -  1.00e+00 6.25e-02h  5
1553  2.7175362e-03 3.90e-04 4.87e-02 -11.0 6.55e-02    -  1.00e+00 6.25e-02h  5
1554  2.7171655e-03 3.93e-04 2.74e-02 -11.0 1.49e-01    -  1.00e+00 6.25e-02h  5
1555  2.7167405e-03 5.80e-04 3.82e-02 -11.0 3.16e-01    -  1.00e+00 3.12e-02h  6
1556  2.7157784e-03 6.81e-04 7.23e-02 -11.0 4.39e-01    -  1.00e+00 1.56e-02h  7
1557  4.9761462e-03 4.38e-01 1.19e+00 -11.0 4.80e-01    -  1.00e+00 1.00e+00w  1
1558  8.6483338e+00 1.79e+01 2.05e+01 -11.0 2.72e+00    -  1.00e+00 1.00e+00w  1
1559  9.3299532e+00 1.12e+01 1.35e+02 -11.0 3.01e+00    -  1.00e+00 1.00e+00w  1
iter    objective    inf_pr   inf_du lg(mu)  ||d||  lg(rg) alpha_du alpha_pr  ls
1560  2.7136598e-03 1.05e-03 1.50e-01 -11.0 2.82e+00    -  1.00e+00 3.12e-02h  5
1561  2.7131749e-03 7.86e-04 1.17e-01 -11.0 1.08e-02    -  1.00e+00 2.50e-01h  3
1562  2.7160834e-03 5.64e-04 7.69e-02 -11.0 1.11e-02    -  1.00e+00 5.00e-01h  2
1563  2.7154161e-03 6.58e-04 6.51e-02 -11.0 1.24e-02    -  1.00e+00 1.25e-01h  4
1564  2.7126961e-03 3.55e-04 1.39e-02 -11.0 4.80e-03    -  1.00e+00 1.00e+00h  1
1565  2.7108641e-03 3.69e-04 1.39e-02 -11.0 1.69e-02    -  1.00e+00 1.25e-01h  4
1566  2.7138853e-03 1.75e-04 2.05e-02 -11.0 2.12e-03    -  1.00e+00 5.00e-01h  2
1567  2.7089755e-03 4.92e-05 6.47e-03 -11.0 2.63e-03    -  1.00e+00 1.00e+00h  1
1568  2.7099179e-03 3.67e-05 1.11e-02 -11.0 4.90e-04    -  1.00e+00 1.00e+00h  1
1569  2.7085570e-03 1.74e-05 7.14e-03 -11.0 5.09e-04    -  1.00e+00 1.00e+00h  1
iter    objective    inf_pr   inf_du lg(mu)  ||d||  lg(rg) alpha_du alpha_pr  ls
1570  2.7084711e-03 1.12e-06 1.14e-03 -11.0 3.27e-04    -  1.00e+00 1.00e+00h  1
1571  2.7080946e-03 9.82e-06 5.13e-03 -11.0 1.53e-03    -  1.00e+00 1.00e+00h  1
1572  2.7079943e-03 4.47e-05 1.11e-02 -11.0 4.50e-02    -  1.00e+00 6.25e-02h  5
1573  2.7077971e-03 4.78e-05 1.77e-02 -11.0 1.54e-02    -  1.00e+00 1.25e-01h  4
1574  2.7076241e-03 1.65e-04 4.50e-02 -11.0 1.86e-02    -  1.00e+00 2.50e-01h  3
1575  2.7073144e-03 2.04e-04 7.26e-02 -11.0 3.93e-02    -  1.00e+00 1.25e-01h  4
1576  2.7065418e-03 2.11e-04 7.16e-02 -11.0 1.24e-01    -  1.00e+00 3.12e-02h  6
1577  2.7063769e-03 2.04e-04 4.73e-02 -11.0 2.74e-02    -  1.00e+00 6.25e-02h  5
1578  2.7058450e-03 1.59e-04 6.55e-03 -11.0 2.18e-03    -  1.00e+00 5.00e-01h  2
1579  2.7133338e-03 1.24e-06 2.17e-02 -11.0 7.11e-03    -  1.00e+00 1.00e+00H  1
iter    objective    inf_pr   inf_du lg(mu)  ||d||  lg(rg) alpha_du alpha_pr  ls
1580  2.7110511e-03 5.37e-07 3.49e-02 -11.0 3.17e-03    -  1.00e+00 1.00e+00H  1
1581  2.7101703e-03 6.21e-07 1.40e-02 -11.0 3.50e-03    -  1.00e+00 1.00e+00H  1
1582  2.7051726e-03 1.92e-04 1.51e-02 -11.0 4.71e-03    -  1.00e+00 1.00e+00h  1
1583  2.7478232e-03 2.30e-08 4.01e-03 -11.0 5.36e-03    -  1.00e+00 1.00e+00H  1
1584  2.7040528e-03 5.43e-04 1.22e-02 -11.0 4.95e-03    -  1.00e+00 1.00e+00h  1
1585  2.7063681e-03 3.31e-05 5.84e-03 -11.0 1.02e-03    -  1.00e+00 1.00e+00h  1
1586  2.7039190e-03 1.31e-05 1.14e-03 -11.0 7.30e-04    -  1.00e+00 1.00e+00h  1
1587  2.7038917e-03 3.15e-07 5.95e-04 -11.0 3.70e-05    -  1.00e+00 1.00e+00h  1
1588  2.7036606e-03 9.86e-06 6.75e-03 -11.0 5.62e-04    -  1.00e+00 1.00e+00h  1
1589  2.7147103e-03 6.55e-08 5.86e-02 -11.0 5.24e-03    -  1.00e+00 1.00e+00H  1
iter    objective    inf_pr   inf_du lg(mu)  ||d||  lg(rg) alpha_du alpha_pr  ls
1590  2.7038254e-03 4.47e-06 2.80e-02 -11.0 1.90e-03    -  1.00e+00 1.00e+00H  1
1591  2.7039012e-03 3.25e-08 4.97e-04 -11.0 7.29e-04    -  1.00e+00 1.00e+00H  1
1592  2.7026144e-03 6.82e-06 6.14e-03 -11.0 5.10e-04    -  1.00e+00 1.00e+00h  1
1593  2.7025172e-03 2.61e-06 3.59e-03 -11.0 3.24e-04    -  1.00e+00 1.00e+00h  1
1594  2.7023895e-03 2.30e-06 2.68e-03 -11.0 2.19e-04    -  1.00e+00 1.00e+00h  1
1595  2.7028253e-03 7.70e-07 1.48e-02 -11.0 5.83e-04    -  1.00e+00 1.00e+00H  1
1596  2.7022401e-03 3.14e-05 1.27e-02 -11.0 4.94e-04    -  1.00e+00 1.00e+00h  1
1597  2.7020872e-03 1.70e-06 2.91e-03 -11.0 2.10e-04    -  1.00e+00 1.00e+00h  1
1598  2.7020035e-03 2.01e-06 4.55e-03 -11.0 4.86e-04    -  1.00e+00 1.00e+00h  1
1599  2.7018335e-03 1.24e-05 1.16e-02 -11.0 1.13e-02    -  1.00e+00 1.25e-01h  4
iter    objective    inf_pr   inf_du lg(mu)  ||d||  lg(rg) alpha_du alpha_pr  ls
1600  2.7017438e-03 1.37e-05 1.36e-02 -11.0 4.19e-02    -  1.00e+00 1.56e-02h  7
1601  2.7016256e-03 2.86e-05 1.57e-02 -11.0 1.10e-02    -  1.00e+00 1.25e-01h  4
1602  2.7015450e-03 8.34e-05 2.30e-02 -11.0 3.95e-02    -  1.00e+00 6.25e-02h  5
1603  2.7014307e-03 8.70e-05 2.92e-02 -11.0 4.24e-02    -  1.00e+00 3.12e-02h  6
1604  2.7011514e-03 1.07e-04 2.42e-02 -11.0 2.44e-02    -  1.00e+00 1.25e-01h  4
1605  2.7010718e-03 2.90e-04 1.18e-02 -11.0 9.61e-02    -  1.00e+00 6.25e-02h  5
1606  2.7002407e-03 3.44e-04 1.02e-02 -11.0 1.03e-01    -  1.00e+00 3.12e-02h  6
1607  2.6993352e-03 3.93e-04 2.54e-02 -11.0 1.20e-01    -  1.00e+00 3.12e-02h  6
1608  2.6988966e-03 4.04e-04 3.13e-02 -11.0 1.36e-01    -  1.00e+00 3.12e-02h  6
1609  3.0873023e-03 8.16e-03 4.51e-01 -11.0 5.25e-02    -  1.00e+00 1.00e+00w  1
iter    objective    inf_pr   inf_du lg(mu)  ||d||  lg(rg) alpha_du alpha_pr  ls
1610  3.2338855e-03 1.68e-02 7.61e-01 -11.0 4.24e-02    -  1.00e+00 1.00e+00w  1
1611  1.3729052e-02 2.11e-01 9.33e-01 -11.0 9.76e-02    -  1.00e+00 1.00e+00w  1
1612  2.6988541e-03 3.69e-04 3.20e-02 -11.0 4.35e-02    -  1.00e+00 6.25e-02h  4
1613  2.6967112e-03 7.07e-05 2.01e-02 -11.0 3.07e-03    -  1.00e+00 1.00e+00h  1
1614  2.6965134e-03 9.12e-05 1.68e-02 -11.0 1.21e-02    -  1.00e+00 6.25e-02h  5
1615  2.6968802e-03 9.33e-05 4.55e-02 -11.0 9.21e-04    -  1.00e+00 1.00e+00h  1
1616  2.6959932e-03 4.66e-05 4.25e-02 -11.0 7.39e-04    -  1.00e+00 1.00e+00h  1
1617  2.6956957e-03 8.08e-06 8.21e-03 -11.0 9.11e-04    -  1.00e+00 1.00e+00h  1
1618  2.6972067e-03 1.26e-06 4.69e-02 -11.0 2.24e-03    -  1.00e+00 1.00e+00H  1
1619  2.6980626e-03 9.39e-07 5.70e-02 -11.0 4.32e-03    -  1.00e+00 1.00e+00H  1
iter    objective    inf_pr   inf_du lg(mu)  ||d||  lg(rg) alpha_du alpha_pr  ls
1620  2.6971803e-03 2.63e-06 5.99e-02 -11.0 1.09e-02    -  1.00e+00 3.12e-02h  6
1621  2.6954643e-03 4.80e-05 5.32e-02 -11.0 2.43e-03    -  1.00e+00 2.50e-01h  3
1622  2.6937612e-03 5.32e-05 2.76e-02 -11.0 1.04e-03    -  1.00e+00 1.00e+00h  1
1623  2.6930089e-03 3.74e-05 2.16e-02 -11.0 1.28e-03    -  1.00e+00 1.00e+00h  1
1624  2.6953647e-03 6.29e-07 2.52e-02 -11.0 3.23e-03    -  1.00e+00 1.00e+00H  1
1625  2.7069810e-03 1.72e-08 2.83e-03 -11.0 5.74e-03    -  1.00e+00 1.00e+00H  1
1626  2.7038891e-03 3.55e-07 1.15e-01 -11.0 2.80e-03    -  1.00e+00 1.00e+00H  1
1627  2.7032624e-03 4.85e-07 1.12e-01 -11.0 2.80e-03    -  1.00e+00 1.56e-02h  7
1628  2.6910900e-03 2.95e-04 1.05e-02 -11.0 1.93e-03    -  1.00e+00 1.00e+00h  1
1629  2.6923513e-03 2.17e-05 1.62e-02 -11.0 1.96e-03    -  1.00e+00 1.00e+00h  1
iter    objective    inf_pr   inf_du lg(mu)  ||d||  lg(rg) alpha_du alpha_pr  ls
1630  2.6917600e-03 4.57e-05 1.51e-02 -11.0 2.63e-03    -  1.00e+00 1.00e+00h  1
1631  2.6913083e-03 3.83e-05 1.26e-02 -11.0 5.25e-03    -  1.00e+00 2.50e-01h  3
1632  2.6904624e-03 2.37e-05 5.82e-03 -11.0 6.64e-04    -  1.00e+00 1.00e+00h  1
1633  2.6900533e-03 4.05e-05 4.44e-03 -11.0 8.05e-04    -  1.00e+00 1.00e+00h  1
1634  2.6895607e-03 1.01e-05 2.05e-03 -11.0 9.56e-04    -  1.00e+00 1.00e+00h  1
1635  2.6904044e-03 3.66e-07 1.41e-02 -11.0 3.51e-03    -  1.00e+00 1.00e+00H  1
1636  2.6893917e-03 7.14e-05 3.47e-02 -11.0 2.31e-02    -  1.00e+00 2.50e-01h  3
1637  2.6880623e-03 1.14e-04 4.45e-02 -11.0 4.57e-01    -  1.00e+00 1.56e-02h  7
1638  2.6873034e-03 1.28e-04 4.60e-02 -11.0 5.32e-01    -  1.00e+00 7.81e-03h  8
1639  2.6867769e-03 1.36e-04 4.28e-02 -11.0 1.92e-01    -  1.00e+00 1.56e-02h  7
iter    objective    inf_pr   inf_du lg(mu)  ||d||  lg(rg) alpha_du alpha_pr  ls
1640  2.6862635e-03 1.64e-04 3.53e-02 -11.0 9.24e-02    -  1.00e+00 6.25e-02h  5
1641  2.6856179e-03 1.81e-04 3.42e-02 -11.0 2.46e-01    -  1.00e+00 1.56e-02h  7
1642  2.6854143e-03 3.27e-04 1.95e-02 -11.0 3.38e-01    -  1.00e+00 3.12e-02h  6
1643  2.6851511e-03 5.84e-04 3.66e-02 -11.0 8.89e-01    -  1.00e+00 1.56e-02h  7
1644  2.6848990e-03 6.77e-04 6.15e-02 -11.0 1.00e+00    -  1.00e+00 7.81e-03h  8
1645  2.6842237e-03 8.96e-04 8.13e-02 -11.0 8.62e-01    -  1.00e+00 1.56e-02h  7
1646  6.3504582e-02 4.13e+00 2.56e+01 -11.0 1.93e+00    -  1.00e+00 1.00e+00w  1
1647  2.2496304e+03 7.37e+01 1.18e+02 -11.0 2.31e+01    -  1.00e+00 1.00e+00w  1
1648  2.8640590e+02 7.90e+00 1.19e+02 -11.0 2.40e+01    -  1.00e+00 1.00e+00w  1
1649  2.6840442e-03 1.20e-03 6.84e-02 -11.0 1.45e+01    -  1.00e+00 7.81e-03h  7
iter    objective    inf_pr   inf_du lg(mu)  ||d||  lg(rg) alpha_du alpha_pr  ls
1650  2.6850854e-03 3.79e-05 2.72e-02 -11.0 1.01e-03    -  1.00e+00 1.00e+00h  1
1651  2.6836683e-03 2.72e-05 7.36e-02 -11.0 2.30e-03    -  1.00e+00 1.00e+00h  1
1652  2.6822051e-03 8.39e-05 2.13e-01 -11.0 1.52e-02    -  1.00e+00 1.25e-01h  4
1653  2.6961729e-03 6.83e-07 3.87e-01 -11.0 4.33e-03    -  1.00e+00 1.00e+00H  1
1654  2.6829941e-03 6.31e-06 1.23e-01 -11.0 3.11e-03    -  1.00e+00 1.00e+00H  1
1655  2.6960239e-03 2.96e-07 1.19e-01 -11.0 2.51e-03    -  1.00e+00 1.00e+00H  1
1656  2.6780792e-03 1.29e-04 3.58e-02 -11.0 2.04e-03    -  1.00e+00 1.00e+00h  1
1657  2.6783612e-03 3.93e-05 7.54e-03 -11.0 9.06e-04    -  1.00e+00 1.00e+00h  1
1658  2.6774492e-03 1.74e-05 5.31e-03 -11.0 4.12e-04    -  1.00e+00 1.00e+00h  1
1659  2.6771886e-03 1.99e-05 6.45e-03 -11.0 3.65e-04    -  1.00e+00 1.00e+00h  1
iter    objective    inf_pr   inf_du lg(mu)  ||d||  lg(rg) alpha_du alpha_pr  ls
1660  2.6765664e-03 2.42e-06 2.94e-03 -11.0 3.04e-04    -  1.00e+00 1.00e+00h  1
1661  2.6821970e-03 9.84e-07 2.76e-02 -11.0 2.42e-03    -  1.00e+00 1.00e+00H  1
1662  2.6752496e-03 4.00e-04 1.21e-02 -11.0 1.97e-03    -  1.00e+00 1.00e+00h  1
1663  2.6740794e-03 2.54e-04 4.92e-03 -11.0 1.53e-03    -  1.00e+00 5.00e-01h  2
1664  2.6738359e-03 1.87e-06 8.17e-03 -11.0 1.40e-04    -  1.00e+00 1.00e+00h  1
1665  2.6736798e-03 3.19e-06 2.00e-03 -11.0 3.75e-04    -  1.00e+00 1.00e+00h  1
1666  2.6735939e-03 2.41e-05 4.23e-03 -11.0 7.87e-03    -  1.00e+00 1.25e-01h  4
1667  2.6735071e-03 2.51e-05 7.88e-03 -11.0 1.07e-02    -  1.00e+00 6.25e-02h  5
1668  2.6815231e-03 1.73e-07 4.89e-02 -11.0 4.04e-03    -  1.00e+00 1.00e+00H  1
1669  2.6802608e-03 2.73e-06 5.58e-02 -11.0 3.04e-03    -  1.00e+00 6.25e-02h  5
iter    objective    inf_pr   inf_du lg(mu)  ||d||  lg(rg) alpha_du alpha_pr  ls
1670  2.6792971e-03 4.11e-06 5.65e-02 -11.0 2.95e-03    -  1.00e+00 3.12e-02h  6
1671  2.6727404e-03 1.29e-04 2.03e-02 -11.0 1.43e-03    -  1.00e+00 1.00e+00h  1
1672  2.6728266e-03 6.44e-05 1.24e-02 -11.0 1.11e-03    -  1.00e+00 5.00e-01h  2
1673  2.6724677e-03 9.40e-06 3.33e-03 -11.0 5.63e-04    -  1.00e+00 1.00e+00h  1
1674  2.6731012e-03 1.66e-07 5.22e-03 -11.0 4.46e-04    -  1.00e+00 1.00e+00H  1
1675  2.6722270e-03 3.77e-06 1.98e-03 -11.0 2.83e-04    -  1.00e+00 1.00e+00h  1
1676  2.6721930e-03 3.13e-07 2.93e-03 -11.0 7.97e-05    -  1.00e+00 1.00e+00h  1
1677  2.6721407e-03 2.81e-07 2.45e-03 -11.0 1.44e-04    -  1.00e+00 1.00e+00h  1
1678  2.6798409e-03 9.83e-08 3.85e-02 -11.0 3.59e-03    -  1.00e+00 1.00e+00H  1
1679  2.6718259e-03 1.30e-04 8.75e-03 -11.0 2.28e-03    -  1.00e+00 1.00e+00h  1
iter    objective    inf_pr   inf_du lg(mu)  ||d||  lg(rg) alpha_du alpha_pr  ls
1680  2.6716436e-03 1.00e-04 8.78e-03 -11.0 1.04e-03    -  1.00e+00 2.50e-01h  3
1681  2.6718398e-03 1.64e-06 6.35e-03 -11.0 2.06e-04    -  1.00e+00 1.00e+00h  1
1682  2.6718085e-03 3.95e-07 1.06e-03 -11.0 2.70e-04    -  1.00e+00 1.00e+00h  1
1683  2.6719035e-03 1.03e-08 2.48e-04 -11.0 8.20e-04    -  1.00e+00 1.00e+00H  1
1684  2.6716241e-03 3.37e-06 2.15e-03 -11.0 9.35e-04    -  1.00e+00 1.00e+00h  1
1685  2.6811783e-03 5.94e-09 1.63e-03 -11.0 2.58e-03    -  1.00e+00 1.00e+00H  1
1686  2.6713393e-03 1.95e-04 1.79e-02 -11.0 9.80e-04    -  1.00e+00 1.00e+00h  1
1687  2.6712852e-03 6.13e-06 2.02e-03 -11.0 1.08e-03    -  1.00e+00 1.00e+00h  1
1688  2.6716202e-03 9.92e-08 2.75e-02 -11.0 4.43e-03    -  1.00e+00 1.00e+00H  1
1689  2.6712567e-03 1.66e-04 5.91e-02 -11.0 6.56e-02    -  1.00e+00 1.25e-01h  4
iter    objective    inf_pr   inf_du lg(mu)  ||d||  lg(rg) alpha_du alpha_pr  ls
1690  2.6709872e-03 1.71e-04 6.93e-02 -11.0 2.94e-01    -  1.00e+00 7.81e-03h  8
1691  2.6708533e-03 1.58e-04 8.01e-02 -11.0 3.41e-02    -  1.00e+00 6.25e-02h  5
1692  2.6703299e-03 1.42e-04 6.92e-02 -11.0 1.44e-02    -  1.00e+00 1.25e-01h  4
1693  2.6696937e-03 1.28e-04 5.38e-02 -11.0 1.35e-02    -  1.00e+00 1.25e-01h  4
1694  2.6692502e-03 3.39e-04 7.93e-02 -11.0 8.02e-02    -  1.00e+00 1.25e-01h  4
1695  2.6688418e-03 3.51e-04 8.24e-02 -11.0 2.78e-01    -  1.00e+00 1.56e-02h  7
1696  2.6685915e-03 5.99e-04 1.01e-01 -11.0 2.32e-01    -  1.00e+00 6.25e-02h  5
1697  2.6680105e-03 6.35e-04 1.23e-01 -11.0 8.95e-01    -  1.00e+00 7.81e-03h  8
1698  2.6676589e-03 6.14e-04 1.49e-01 -11.0 2.22e-01    -  1.00e+00 3.12e-02h  6
1699  4.2918599e-03 9.82e-02 3.62e-01 -11.0 7.30e-02    -  1.00e+00 1.00e+00w  1
iter    objective    inf_pr   inf_du lg(mu)  ||d||  lg(rg) alpha_du alpha_pr  ls
1700  3.4349590e-03 5.64e-02 3.45e-01 -11.0 2.55e-02    -  1.00e+00 1.00e+00w  1
1701  7.0158479e-03 5.84e-02 3.18e+00 -11.0 3.05e-02    -  1.00e+00 1.00e+00w  1
1702  2.6673708e-03 6.89e-04 1.33e-01 -11.0 1.77e-01    -  1.00e+00 3.12e-02h  5
1703  2.6682214e-03 5.67e-04 4.99e-02 -11.0 1.89e-02    -  1.00e+00 5.00e-01h  2
1704  2.6677101e-03 6.03e-04 1.96e-02 -11.0 9.68e-02    -  1.00e+00 6.25e-02h  5
1705  2.6671704e-03 5.96e-04 3.01e-02 -11.0 6.36e-02    -  1.00e+00 6.25e-02h  5
1706  2.6674088e-03 5.51e-04 2.92e-02 -11.0 1.11e-02    -  1.00e+00 1.25e-01h  4
1707  2.6651613e-03 3.66e-04 1.71e-02 -11.0 1.19e-02    -  1.00e+00 1.00e+00h  1
1708  2.6644370e-03 3.70e-04 1.82e-02 -11.0 2.81e-01    -  1.00e+00 1.56e-02h  7
1709  2.6647558e-03 3.79e-04 1.99e-02 -11.0 1.63e-02    -  1.00e+00 6.25e-02h  5
iter    objective    inf_pr   inf_du lg(mu)  ||d||  lg(rg) alpha_du alpha_pr  ls
1710  2.6641093e-03 6.37e-05 1.45e-02 -11.0 3.79e-03    -  1.00e+00 1.00e+00h  1
1711  2.6635863e-03 6.93e-05 7.01e-03 -11.0 3.88e-02    -  1.00e+00 6.25e-02h  5
1712  2.6635655e-03 7.01e-05 1.24e-02 -11.0 1.51e-02    -  1.00e+00 6.25e-02h  5
1713  2.6639148e-03 9.61e-05 1.03e-02 -11.0 5.85e-03    -  1.00e+00 5.00e-01h  2
1714  2.6634259e-03 1.32e-04 7.71e-03 -11.0 2.58e-02    -  1.00e+00 1.25e-01h  4
1715  2.6632448e-03 1.35e-04 1.22e-02 -11.0 1.34e-01    -  1.00e+00 3.12e-02h  6
1716  2.6632416e-03 1.58e-04 1.41e-02 -11.0 8.64e-02    -  1.00e+00 3.12e-02h  6
1717  2.6624305e-03 1.46e-04 1.26e-02 -11.0 5.05e-02    -  1.00e+00 1.25e-01h  4
1718  2.6623623e-03 1.56e-04 1.11e-02 -11.0 1.30e-01    -  1.00e+00 1.56e-02h  7
1719  2.6616082e-03 2.92e-04 1.23e-02 -11.0 1.15e-01    -  1.00e+00 6.25e-02h  5
iter    objective    inf_pr   inf_du lg(mu)  ||d||  lg(rg) alpha_du alpha_pr  ls
1720  2.6610633e-03 3.96e-04 1.36e-02 -11.0 5.86e-01    -  1.00e+00 1.56e-02h  7
1721  2.3059557e-02 1.57e+00 4.10e+00 -11.0 1.19e+00    -  1.00e+00 1.00e+00w  1
1722  9.9740669e-02 1.16e+00 3.57e+00 -11.0 7.61e-01    -  1.00e+00 1.00e+00w  1
1723  1.0581721e+00 1.19e+01 1.98e+01 -11.0 8.00e-01    -  1.00e+00 1.00e+00w  1
1724  2.6607774e-03 4.06e-04 1.16e-02 -11.0 6.03e-01    -  1.00e+00 3.91e-03h  8
1725  2.6611422e-03 1.35e-04 2.36e-02 -11.0 2.23e-03    -  1.00e+00 1.00e+00h  1
1726  2.6607338e-03 1.89e-04 3.11e-02 -11.0 2.45e-02    -  1.00e+00 1.25e-01h  4
1727  2.6602168e-03 1.83e-04 2.63e-02 -11.0 9.45e-02    -  1.00e+00 3.12e-02h  6
1728  2.6596401e-03 1.81e-04 1.68e-02 -11.0 7.50e-02    -  1.00e+00 6.25e-02h  5
1729  2.6589196e-03 1.84e-04 1.95e-02 -11.0 7.49e-02    -  1.00e+00 3.12e-02h  6
iter    objective    inf_pr   inf_du lg(mu)  ||d||  lg(rg) alpha_du alpha_pr  ls
1730  2.6583426e-03 2.46e-04 3.66e-02 -11.0 8.09e-02    -  1.00e+00 6.25e-02h  5
1731  2.6578061e-03 2.49e-04 4.29e-02 -11.0 2.66e-01    -  1.00e+00 1.56e-02h  7
1732  2.6569280e-03 3.96e-04 6.81e-02 -11.0 4.12e-01    -  1.00e+00 3.12e-02h  6
1733  2.6557614e-03 1.36e-03 1.25e-01 -11.0 3.65e+00    -  1.00e+00 7.81e-03h  8
1734  2.6537903e-03 2.60e-03 1.85e-01 -11.0 1.56e+01    -  1.00e+00 1.95e-03h 10
1735  2.6532294e-03 3.61e-03 2.25e-01 -11.0 1.50e+01    -  1.00e+00 1.95e-03h 10
1736  1.7605035e-01 2.10e+01 6.37e+00 -11.0 6.43e+00    -  1.00e+00 1.00e+00w  1
1737  4.8936186e+04 2.02e+02 1.19e+02 -11.0 1.25e+02    -  1.00e+00 1.00e+00w  1
1738  8.6782763e+01 4.70e+00 3.14e+02 -11.0 1.35e+02    -  1.00e+00 1.00e+00w  1
1739  2.6516355e-03 4.31e-03 2.33e-01 -11.0 6.21e+00    -  1.00e+00 3.91e-03h  8
iter    objective    inf_pr   inf_du lg(mu)  ||d||  lg(rg) alpha_du alpha_pr  ls
1740  2.6574261e-03 3.50e-04 5.12e-02 -11.0 6.54e-03    -  1.00e+00 1.00e+00h  1
1741  2.6532699e-03 2.47e-04 9.88e-02 -11.0 9.48e-03    -  1.00e+00 2.50e-01h  3
1742  2.6474581e-03 2.94e-04 1.21e-01 -11.0 3.63e-02    -  1.00e+00 2.50e-01h  3
1743  2.6470583e-03 3.02e-04 9.39e-02 -11.0 6.46e-02    -  1.00e+00 3.12e-02h  6
1744  2.6471709e-03 7.14e-05 5.19e-02 -11.0 5.85e-03    -  1.00e+00 1.00e+00h  1
1745  2.6468831e-03 7.99e-05 6.30e-02 -11.0 3.60e-02    -  1.00e+00 1.25e-01h  4
1746  2.6462559e-03 7.91e-05 7.72e-02 -11.0 3.73e-02    -  1.00e+00 1.25e-01h  4
1747  2.6444999e-03 1.62e-04 4.00e-02 -11.0 8.55e-02    -  1.00e+00 6.25e-02h  5
1748  2.6440955e-03 1.57e-04 1.38e-02 -11.0 8.62e-02    -  1.00e+00 3.12e-02h  6
1749  2.6432334e-03 1.48e-04 5.91e-02 -11.0 7.20e-03    -  1.00e+00 2.50e-01h  3
iter    objective    inf_pr   inf_du lg(mu)  ||d||  lg(rg) alpha_du alpha_pr  ls
1750  2.6407001e-03 1.47e-04 7.15e-02 -11.0 6.43e-02    -  1.00e+00 1.25e-01h  4
1751  2.6395056e-03 2.79e-04 9.06e-02 -11.0 3.95e-01    -  1.00e+00 3.12e-02h  6
1752  2.6383114e-03 4.22e-04 1.02e-01 -11.0 7.07e-01    -  1.00e+00 1.56e-02h  7
1753  2.6373971e-03 6.75e-04 1.11e-01 -11.0 2.00e+00    -  1.00e+00 7.81e-03h  8
1754  2.6366717e-03 8.96e-04 1.08e-01 -11.0 1.46e+00    -  1.00e+00 7.81e-03h  8
1755  3.0282146e-02 5.15e+00 1.46e+01 -11.0 1.95e+00    -  1.00e+00 1.00e+00w  1
1756  2.0651691e+00 1.89e+01 2.22e+01 -11.0 6.85e-01    -  1.00e+00 1.00e+00w  1
1757  1.5330055e+00 1.28e+01 5.67e+01 -11.0 1.10e+00    -  1.00e+00 1.00e+00w  1
1758  2.6356886e-03 1.28e-03 1.66e-01 -11.0 5.25e+00    -  1.00e+00 7.81e-03h  7
1759  2.6352792e-03 3.48e-05 2.63e-02 -11.0 3.94e-03    -  1.00e+00 1.00e+00h  1
iter    objective    inf_pr   inf_du lg(mu)  ||d||  lg(rg) alpha_du alpha_pr  ls
1760  2.6340716e-03 3.69e-05 5.25e-02 -11.0 1.05e-02    -  1.00e+00 1.25e-01h  4
1761  2.6327744e-03 2.71e-05 6.16e-02 -11.0 2.59e-02    -  1.00e+00 1.25e-01h  4
1762  2.6314023e-03 3.96e-05 5.18e-02 -11.0 5.05e-02    -  1.00e+00 6.25e-02h  5
1763  2.6303871e-03 1.33e-04 5.13e-02 -11.0 4.12e-02    -  1.00e+00 1.25e-01h  4
1764  2.6300583e-03 1.49e-04 3.48e-02 -11.0 1.76e-02    -  1.00e+00 1.25e-01h  4
1765  2.6353522e-03 1.89e-05 6.08e-02 -11.0 4.65e-03    -  1.00e+00 1.00e+00H  1
1766  2.6323525e-03 2.59e-05 7.18e-02 -11.0 1.79e-02    -  1.00e+00 1.25e-01h  4
1767  2.6295976e-03 1.82e-04 6.63e-02 -11.0 7.05e-03    -  1.00e+00 2.50e-01h  3
1768  2.6388223e-03 3.48e-05 5.94e-02 -11.0 3.38e-03    -  1.00e+00 1.00e+00H  1
1769  2.6266441e-03 4.73e-04 7.54e-03 -11.0 2.85e-03    -  1.00e+00 1.00e+00h  1
iter    objective    inf_pr   inf_du lg(mu)  ||d||  lg(rg) alpha_du alpha_pr  ls
1770  2.6270814e-03 2.40e-04 1.10e-02 -11.0 2.14e-03    -  1.00e+00 5.00e-01h  2
1771  2.6242117e-03 2.91e-05 6.13e-03 -11.0 1.50e-03    -  1.00e+00 1.00e+00h  1
1772  2.6244175e-03 1.52e-07 6.64e-03 -11.0 1.96e-03    -  1.00e+00 1.00e+00H  1
1773  2.6238361e-03 3.12e-05 3.11e-02 -11.0 1.33e-02    -  1.00e+00 2.50e-01h  3
1774  2.6217234e-03 2.47e-04 7.98e-02 -11.0 1.19e-01    -  1.00e+00 6.25e-02h  5
1775  2.6201784e-03 3.46e-04 1.09e-01 -11.0 5.67e-01    -  1.00e+00 7.81e-03h  8
1776  2.6199989e-03 4.84e-04 1.28e-01 -11.0 1.38e-01    -  1.00e+00 3.12e-02h  6
1777  2.6181514e-03 6.13e-04 1.14e-01 -11.0 1.04e-01    -  1.00e+00 6.25e-02h  5
1778  2.6171094e-03 6.49e-04 1.15e-01 -11.0 4.85e-01    -  1.00e+00 7.81e-03h  8
1779  2.6162985e-03 6.49e-04 1.30e-01 -11.0 2.30e-01    -  1.00e+00 3.12e-02h  6
iter    objective    inf_pr   inf_du lg(mu)  ||d||  lg(rg) alpha_du alpha_pr  ls
1780  2.6178236e-03 6.54e-04 1.35e-01 -11.0 1.50e-01    -  1.00e+00 1.56e-02h  7
1781  2.6213822e-03 5.59e-04 1.39e-01 -11.0 2.04e-02    -  1.00e+00 5.00e-01h  2
1782  2.6183931e-03 6.16e-04 1.88e-01 -11.0 1.14e-01    -  1.00e+00 3.12e-02h  6
1783  3.7846086e-03 1.15e-02 4.39e-01 -11.0 6.14e-02    -  1.00e+00 1.00e+00w  1
1784  3.0914969e-03 2.27e-02 2.80e-01 -11.0 3.40e-02    -  1.00e+00 1.00e+00w  1
1785  1.0742767e-02 7.97e-02 4.60e+00 -11.0 4.33e-02    -  1.00e+00 1.00e+00w  1
1786  2.6175734e-03 5.89e-04 2.10e-01 -11.0 2.50e-02    -  1.00e+00 6.25e-02h  4
1787  2.6109611e-03 2.40e-04 3.51e-02 -11.0 7.61e-03    -  1.00e+00 1.00e+00h  1
1788  2.6105505e-03 2.36e-04 3.67e-02 -11.0 5.09e-02    -  1.00e+00 1.56e-02h  7
1789  2.6105996e-03 1.09e-04 1.34e-02 -11.0 1.54e-03    -  1.00e+00 1.00e+00h  1
iter    objective    inf_pr   inf_du lg(mu)  ||d||  lg(rg) alpha_du alpha_pr  ls
1790  2.6085724e-03 1.51e-04 4.17e-02 -11.0 6.06e-03    -  1.00e+00 1.00e+00h  1
1791  2.6079804e-03 1.50e-04 7.62e-02 -11.0 1.08e-01    -  1.00e+00 3.12e-02h  6
1792  2.6076443e-03 1.48e-04 9.63e-02 -11.0 5.32e-02    -  1.00e+00 6.25e-02h  5
1793  2.6073012e-03 1.56e-04 9.90e-02 -11.0 6.60e-02    -  1.00e+00 6.25e-02h  5
1794  2.6059831e-03 1.71e-04 9.04e-02 -11.0 5.74e-02    -  1.00e+00 6.25e-02h  5
1795  2.6043444e-03 2.36e-04 1.03e-01 -11.0 1.74e-01    -  1.00e+00 3.12e-02h  6
1796  2.6033587e-03 1.12e-03 1.95e-01 -11.0 4.22e-01    -  1.00e+00 6.25e-02h  5
1797  2.5997779e-03 1.21e-03 2.55e-01 -11.0 3.42e+00    -  1.00e+00 3.91e-03h  9
1798  2.5972659e-03 1.38e-03 2.99e-01 -11.0 2.74e+00    -  1.00e+00 3.91e-03h  9
1799  2.5961368e-03 1.40e-03 3.13e-01 -11.0 1.52e+00    -  1.00e+00 3.91e-03h  9
iter    objective    inf_pr   inf_du lg(mu)  ||d||  lg(rg) alpha_du alpha_pr  ls
1800  2.5957697e-03 1.39e-03 3.24e-01 -11.0 2.86e-01    -  1.00e+00 7.81e-03h  8
1801  2.6638004e-03 2.69e-03 6.85e-02 -11.0 7.27e-03    -  1.00e+00 1.00e+00w  1
1802  2.8678179e-03 3.24e-03 8.22e-02 -11.0 1.49e-02    -  1.00e+00 1.00e+00w  1
1803  2.7495783e-03 4.64e-03 1.17e-01 -11.0 4.20e-02    -  1.00e+00 1.00e+00w  1
1804  2.5960201e-03 1.16e-03 2.39e-01 -11.0 2.36e-01    -  1.00e+00 2.50e-01h  2
1805  2.5931969e-03 8.81e-04 1.74e-01 -11.0 3.55e-02    -  1.00e+00 2.50e-01h  3
1806  2.5910911e-03 8.75e-04 1.62e-01 -11.0 6.64e-01    -  1.00e+00 7.81e-03h  8
1807  2.5979989e-03 8.01e-04 1.34e-01 -11.0 4.76e-02    -  1.00e+00 6.25e-02h  5
1808  2.6083192e-03 6.72e-04 4.18e-02 -11.0 3.84e-03    -  1.00e+00 1.00e+00h  1
1809  2.6188721e-03 1.97e-05 4.29e-02 -11.0 4.48e-03    -  1.00e+00 1.00e+00H  1
iter    objective    inf_pr   inf_du lg(mu)  ||d||  lg(rg) alpha_du alpha_pr  ls
1810  2.5888618e-03 8.73e-04 4.33e-02 -11.0 3.27e-03    -  1.00e+00 1.00e+00h  1
1811  2.5894651e-03 3.57e-05 1.95e-02 -11.0 1.82e-03    -  1.00e+00 1.00e+00h  1
1812  2.5946185e-03 1.37e-06 4.38e-02 -11.0 1.98e-03    -  1.00e+00 1.00e+00H  1
1813  2.5889705e-03 9.86e-05 3.69e-02 -11.0 1.44e-03    -  1.00e+00 1.00e+00h  1
1814  2.5948149e-03 2.79e-07 3.30e-02 -11.0 1.91e-03    -  1.00e+00 1.00e+00H  1
1815  2.5879580e-03 8.87e-05 2.34e-02 -11.0 1.03e-03    -  1.00e+00 1.00e+00h  1
1816  2.5884335e-03 5.88e-05 1.70e-02 -11.0 6.28e-04    -  1.00e+00 1.00e+00h  1
1817  2.5871633e-03 2.05e-05 3.74e-03 -11.0 3.43e-04    -  1.00e+00 1.00e+00h  1
1818  2.5870982e-03 1.21e-06 3.50e-03 -11.0 1.21e-04    -  1.00e+00 1.00e+00h  1
1819  2.5869681e-03 9.35e-07 6.27e-03 -11.0 1.58e-04    -  1.00e+00 1.00e+00h  1
iter    objective    inf_pr   inf_du lg(mu)  ||d||  lg(rg) alpha_du alpha_pr  ls
1820  2.5866521e-03 8.19e-05 4.72e-02 -11.0 6.51e-03    -  1.00e+00 2.50e-01h  3
1821  2.5866343e-03 1.03e-04 4.79e-02 -11.0 8.81e-03    -  1.00e+00 6.25e-02h  5
1822  2.5854255e-03 6.10e-05 3.81e-02 -11.0 1.04e-03    -  1.00e+00 1.00e+00h  1
1823  2.5851418e-03 6.26e-05 4.74e-02 -11.0 4.41e-03    -  1.00e+00 6.25e-02h  5
1824  2.5852615e-03 5.12e-05 2.71e-02 -11.0 1.04e-03    -  1.00e+00 1.00e+00h  1
1825  2.5908659e-03 9.28e-08 3.23e-02 -11.0 2.18e-03    -  1.00e+00 1.00e+00H  1
1826  2.5862485e-03 2.38e-05 2.16e-02 -11.0 2.37e-03    -  1.00e+00 1.00e+00H  1
1827  2.5848886e-03 2.71e-05 1.60e-02 -11.0 2.88e-03    -  1.00e+00 1.25e-01h  4
1828  2.5842969e-03 5.43e-05 4.98e-03 -11.0 9.17e-04    -  1.00e+00 1.00e+00h  1
1829  2.5990408e-03 1.43e-07 7.87e-02 -11.0 3.77e-03    -  1.00e+00 1.00e+00H  1
iter    objective    inf_pr   inf_du lg(mu)  ||d||  lg(rg) alpha_du alpha_pr  ls
1830  2.5847402e-03 3.32e-05 1.65e-02 -11.0 2.97e-03    -  1.00e+00 1.00e+00H  1
1831  2.5839458e-03 2.92e-05 5.61e-03 -11.0 2.85e-03    -  1.00e+00 1.25e-01h  4
1832  2.5838863e-03 5.71e-06 1.43e-02 -11.0 2.49e-04    -  1.00e+00 1.00e+00h  1
1833  2.5837183e-03 2.89e-06 4.44e-03 -11.0 2.10e-04    -  1.00e+00 1.00e+00h  1
1834  2.5837194e-03 2.58e-06 2.39e-03 -11.0 2.11e-04    -  1.00e+00 1.00e+00h  1
1835  2.5835445e-03 1.28e-06 1.93e-03 -11.0 2.01e-04    -  1.00e+00 1.00e+00h  1
1836  2.5857485e-03 2.52e-08 8.55e-04 -11.0 1.51e-03    -  1.00e+00 1.00e+00H  1
1837  2.5832025e-03 5.63e-05 8.96e-03 -11.0 6.17e-04    -  1.00e+00 1.00e+00h  1
1838  2.5828479e-03 9.44e-06 7.12e-03 -11.0 4.26e-04    -  1.00e+00 1.00e+00h  1
1839  2.5826283e-03 1.03e-05 2.99e-03 -11.0 7.44e-04    -  1.00e+00 1.00e+00h  1
iter    objective    inf_pr   inf_du lg(mu)  ||d||  lg(rg) alpha_du alpha_pr  ls
1840  2.5822196e-03 8.30e-05 1.34e-02 -11.0 2.40e-02    -  1.00e+00 1.25e-01h  4
1841  2.5821360e-03 9.56e-05 1.46e-02 -11.0 8.27e-02    -  1.00e+00 1.56e-02h  7
1842  2.5821199e-03 1.12e-04 2.09e-02 -11.0 2.70e-02    -  1.00e+00 6.25e-02h  5
1843  2.5819147e-03 1.54e-04 2.78e-02 -11.0 9.68e-03    -  1.00e+00 1.25e-01h  4
1844  2.5817145e-03 1.54e-04 2.41e-02 -11.0 1.24e-02    -  1.00e+00 6.25e-02h  5
1845  2.5812961e-03 2.49e-04 2.56e-02 -11.0 5.27e-02    -  1.00e+00 6.25e-02h  5
1846  2.5814473e-03 2.60e-04 1.71e-02 -11.0 1.58e-02    -  1.00e+00 3.12e-02h  6
1847  2.5811404e-03 8.92e-05 2.34e-02 -11.0 2.94e-03    -  1.00e+00 1.00e+00h  1
1848  2.5817691e-03 8.93e-05 6.08e-02 -11.0 1.05e-02    -  1.00e+00 6.25e-02h  5
1849  2.5807937e-03 6.32e-05 3.12e-02 -11.0 2.50e-03    -  1.00e+00 1.00e+00h  1
iter    objective    inf_pr   inf_du lg(mu)  ||d||  lg(rg) alpha_du alpha_pr  ls
1850  2.5808419e-03 6.36e-05 1.30e-02 -11.0 5.50e-03    -  1.00e+00 6.25e-02h  5
1851  2.5804106e-03 3.31e-06 1.66e-03 -11.0 3.48e-04    -  1.00e+00 1.00e+00h  1
1852  2.5804300e-03 2.51e-08 1.56e-04 -11.0 4.90e-04    -  1.00e+00 1.00e+00H  1
1853  2.5802028e-03 1.27e-05 4.26e-02 -11.0 1.03e-03    -  1.00e+00 1.00e+00h  1
1854  2.5800338e-03 2.43e-05 5.23e-02 -11.0 4.56e-03    -  1.00e+00 2.50e-01h  3
1855  2.5861835e-03 2.34e-09 1.13e-03 -11.0 5.64e-03    -  1.00e+00 1.00e+00H  1
1856  2.5861197e-03 1.36e-08 1.12e-03 -11.0 5.90e-03    -  1.00e+00 3.91e-03h  9
1857  2.5860253e-03 3.56e-08 1.12e-03 -11.0 1.01e-02    -  1.00e+00 1.95e-03h 10
1858  2.5859502e-03 5.39e-08 1.11e-03 -11.0 3.28e-03    -  1.00e+00 3.91e-03h  9
1859  2.5832461e-03 4.33e-08 1.43e-03 -11.0 3.23e-03    -  1.00e+00 1.00e+00H  1
iter    objective    inf_pr   inf_du lg(mu)  ||d||  lg(rg) alpha_du alpha_pr  ls
1860  2.5897239e-03 5.03e-09 2.43e-03 -11.0 1.71e-03    -  1.00e+00 1.00e+00H  1
1861  2.5786852e-03 1.12e-04 8.41e-03 -11.0 1.84e-03    -  1.00e+00 1.00e+00h  1
1862  2.5799426e-03 4.41e-05 1.42e-02 -11.0 5.95e-04    -  1.00e+00 1.00e+00h  1
1863  2.5786984e-03 3.09e-05 7.93e-04 -11.0 4.77e-04    -  1.00e+00 1.00e+00h  1
1864  2.5786950e-03 1.51e-07 3.77e-04 -11.0 5.93e-05    -  1.00e+00 1.00e+00h  1
1865  2.5829227e-03 3.63e-08 1.41e-03 -11.0 5.62e-03    -  1.00e+00 1.00e+00H  1
1866  2.5827420e-03 7.30e-08 1.38e-03 -11.0 3.82e-03    -  1.00e+00 1.56e-02h  7
1867  2.5797771e-03 7.85e-08 2.03e-02 -11.0 3.58e-03    -  1.00e+00 1.00e+00H  1
1868  2.5797200e-03 6.92e-08 2.06e-02 -11.0 6.07e-03    -  1.00e+00 3.91e-03h  9
1869  2.5785917e-03 2.82e-05 9.57e-03 -11.0 1.20e-03    -  1.00e+00 1.00e+00h  1
iter    objective    inf_pr   inf_du lg(mu)  ||d||  lg(rg) alpha_du alpha_pr  ls
1870  2.5820509e-03 1.90e-08 1.14e-03 -11.0 2.30e-03    -  1.00e+00 1.00e+00H  1
1871  2.5786002e-03 3.42e-05 5.48e-03 -11.0 8.44e-04    -  1.00e+00 1.00e+00h  1
1872  2.5775793e-03 1.03e-05 8.25e-03 -11.0 5.74e-04    -  1.00e+00 1.00e+00h  1
1873  2.5775956e-03 3.59e-07 1.12e-02 -11.0 3.89e-04    -  1.00e+00 1.00e+00H  1
1874  2.5774272e-03 4.12e-06 8.24e-03 -11.0 4.44e-04    -  1.00e+00 1.00e+00h  1
1875  2.5776825e-03 1.63e-08 3.14e-04 -11.0 1.59e-03    -  1.00e+00 1.00e+00H  1
1876  2.5817121e-03 8.35e-10 7.96e-04 -11.0 3.10e-03    -  1.00e+00 1.00e+00H  1
1877  2.5789116e-03 1.25e-08 7.40e-04 -11.0 1.47e-03    -  1.00e+00 1.00e+00H  1
1878  2.5797248e-03 1.34e-09 6.05e-04 -11.0 1.37e-03    -  1.00e+00 1.00e+00H  1
1879  2.5765699e-03 1.74e-05 9.53e-03 -11.0 1.54e-03    -  1.00e+00 1.00e+00h  1
iter    objective    inf_pr   inf_du lg(mu)  ||d||  lg(rg) alpha_du alpha_pr  ls
1880  2.5783908e-03 1.74e-08 1.52e-03 -11.0 3.39e-03    -  1.00e+00 1.00e+00H  1
1881  2.5783643e-03 1.91e-08 1.50e-03 -11.0 7.77e-03    -  1.00e+00 3.91e-03h  9
1882  2.5768648e-03 1.48e-05 1.32e-02 -11.0 3.49e-02    -  1.00e+00 6.25e-02h  5
1883  2.5763171e-03 1.94e-04 1.42e-02 -11.0 4.84e-02    -  1.00e+00 6.25e-02h  5
1884  2.5759609e-03 1.79e-04 1.42e-02 -11.0 1.19e-02    -  1.00e+00 1.25e-01h  4
1885  2.5757756e-03 9.63e-05 2.71e-02 -11.0 7.13e-03    -  1.00e+00 5.00e-01h  2
1886  2.5756744e-03 8.00e-05 4.29e-02 -11.0 2.73e-02    -  1.00e+00 1.25e-01h  4
1887  2.5753260e-03 1.59e-04 2.57e-02 -11.0 6.59e-02    -  1.00e+00 1.25e-01h  4
1888  2.5745702e-03 2.21e-04 4.61e-02 -11.0 3.97e-01    -  1.00e+00 1.56e-02h  7
1889  2.5737461e-03 2.49e-04 7.67e-02 -11.0 7.01e-01    -  1.00e+00 7.81e-03h  8
iter    objective    inf_pr   inf_du lg(mu)  ||d||  lg(rg) alpha_du alpha_pr  ls
1890  2.5724689e-03 8.05e-04 1.01e-01 -11.0 1.28e+00    -  1.00e+00 1.56e-02h  7
1891  2.0845225e-01 1.08e+01 2.83e+01 -11.0 4.18e+00    -  1.00e+00 1.00e+00w  1
1892  1.2321515e+01 1.39e+01 1.10e+01 -11.0 1.22e+00    -  1.00e+00 1.00e+00w  1
1893  2.7917681e+00 1.82e+01 3.53e+02 -11.0 9.50e-01    -  1.00e+00 1.00e+00w  1
1894  2.5717488e-03 8.91e-04 1.13e-01 -11.0 1.22e+00    -  1.00e+00 1.95e-03h  9
1895  2.5721744e-03 8.54e-04 1.01e-01 -11.0 3.93e-02    -  1.00e+00 6.25e-02h  5
1896  2.5718321e-03 8.27e-04 8.81e-02 -11.0 6.31e-02    -  1.00e+00 6.25e-02h  5
1897  2.5718055e-03 8.22e-04 8.44e-02 -11.0 2.06e-01    -  1.00e+00 1.56e-02h  7
1898  2.5721572e-03 7.69e-04 5.05e-02 -11.0 2.40e-02    -  1.00e+00 1.25e-01h  4
1899  2.5731801e-03 6.06e-04 3.32e-02 -11.0 6.29e-03    -  1.00e+00 2.50e-01h  3
iter    objective    inf_pr   inf_du lg(mu)  ||d||  lg(rg) alpha_du alpha_pr  ls
1900  2.5713277e-03 3.45e-04 4.04e-02 -11.0 8.33e-03    -  1.00e+00 5.00e-01h  2
1901  2.5698498e-03 3.89e-04 2.49e-02 -11.0 4.91e-02    -  1.00e+00 1.25e-01h  4
1902  2.5694259e-03 3.97e-04 1.44e-02 -11.0 8.73e-02    -  1.00e+00 6.25e-02h  5
1903  2.5693060e-03 3.74e-04 1.03e-02 -11.0 1.91e-02    -  1.00e+00 6.25e-02h  5
1904  2.5825901e-03 2.18e-04 4.58e-02 -11.0 3.36e-03    -  1.00e+00 1.00e+00w  1
1905  2.5777178e-03 1.16e-04 3.65e-02 -11.0 1.78e-03    -  1.00e+00 1.00e+00w  1
1906  2.5679734e-03 1.41e-04 2.71e-02 -11.0 2.83e-03    -  1.00e+00 1.00e+00h  1
1907  2.5725647e-03 1.27e-04 3.44e-02 -11.0 4.33e-03    -  1.00e+00 1.00e+00h  1
1908  2.5767561e-03 4.98e-05 5.62e-02 -11.0 4.11e-03    -  1.00e+00 1.00e+00H  1
1909  2.5682952e-03 3.22e-04 1.43e-02 -11.0 4.03e-03    -  1.00e+00 5.00e-01h  2
iter    objective    inf_pr   inf_du lg(mu)  ||d||  lg(rg) alpha_du alpha_pr  ls
1910  2.5726805e-03 9.95e-05 5.59e-02 -11.0 3.13e-03    -  1.00e+00 1.00e+00h  1
1911  2.5685682e-03 3.55e-04 1.76e-02 -11.0 2.12e-03    -  1.00e+00 1.00e+00h  1
1912  2.5650319e-03 1.82e-04 1.89e-02 -11.0 1.17e-03    -  1.00e+00 1.00e+00h  1
1913  2.5653492e-03 1.85e-05 1.32e-02 -11.0 4.59e-04    -  1.00e+00 1.00e+00h  1
1914  2.5642003e-03 1.07e-05 3.32e-03 -11.0 2.44e-04    -  1.00e+00 1.00e+00h  1
1915  2.5641398e-03 5.14e-07 2.12e-03 -11.0 1.09e-04    -  1.00e+00 1.00e+00h  1
1916  2.5638772e-03 8.26e-06 1.26e-02 -11.0 5.78e-04    -  1.00e+00 1.00e+00h  1
1917  2.5632957e-03 1.23e-04 4.17e-02 -11.0 1.87e-02    -  1.00e+00 1.25e-01h  4
1918  2.5631274e-03 1.41e-04 4.95e-02 -11.0 3.52e-02    -  1.00e+00 3.12e-02h  6
1919  2.5630074e-03 1.42e-04 5.33e-02 -11.0 7.68e-03    -  1.00e+00 1.25e-01h  4
iter    objective    inf_pr   inf_du lg(mu)  ||d||  lg(rg) alpha_du alpha_pr  ls
1920  2.5622897e-03 1.54e-04 3.24e-02 -11.0 7.99e-03    -  1.00e+00 2.50e-01h  3
1921  2.5614436e-03 2.82e-04 6.13e-02 -11.0 7.41e-02    -  1.00e+00 3.12e-02h  6
1922  2.5603680e-03 6.54e-04 1.08e-01 -11.0 1.55e-01    -  1.00e+00 3.12e-02h  6
1923  2.5599852e-03 6.52e-04 9.68e-02 -11.0 3.26e-02    -  1.00e+00 1.56e-02h  7
1924  2.5602881e-03 5.67e-05 2.13e-02 -11.0 1.39e-03    -  1.00e+00 1.00e+00h  1
1925  2.5775104e-03 3.84e-07 6.00e-02 -11.0 2.03e-03    -  1.00e+00 1.00e+00H  1
1926  2.5588989e-03 1.60e-04 9.31e-03 -11.0 1.62e-03    -  1.00e+00 1.00e+00h  1
1927  2.5589677e-03 2.19e-05 3.23e-02 -11.0 5.05e-04    -  1.00e+00 1.00e+00h  1
1928  2.5584326e-03 8.36e-06 3.67e-03 -11.0 5.04e-04    -  1.00e+00 1.00e+00h  1
1929  2.5589283e-03 1.74e-07 7.76e-03 -11.0 4.73e-04    -  1.00e+00 1.00e+00H  1
iter    objective    inf_pr   inf_du lg(mu)  ||d||  lg(rg) alpha_du alpha_pr  ls
1930  2.5582035e-03 6.78e-06 1.75e-02 -11.0 2.34e-04    -  1.00e+00 1.00e+00h  1
1931  2.5581134e-03 2.33e-06 7.64e-03 -11.0 1.55e-04    -  1.00e+00 1.00e+00h  1
1932  2.5580086e-03 2.31e-06 6.11e-03 -11.0 3.16e-04    -  1.00e+00 1.00e+00h  1
1933  2.5575589e-03 1.25e-04 6.02e-02 -11.0 1.23e-02    -  1.00e+00 2.50e-01h  3
1934  2.5574223e-03 1.43e-04 8.61e-02 -11.0 8.67e-02    -  1.00e+00 1.56e-02h  7
1935  2.5573258e-03 1.31e-04 8.38e-02 -11.0 8.41e-03    -  1.00e+00 1.25e-01h  4
1936  2.5742247e-03 7.60e-08 6.17e-02 -11.0 6.50e-03    -  1.00e+00 1.00e+00H  1
1937  2.5736271e-03 1.07e-07 6.05e-02 -11.0 2.19e-03    -  1.00e+00 1.56e-02h  7
1938  2.5585132e-03 4.56e-07 1.54e-02 -11.0 5.32e-03    -  1.00e+00 1.00e+00H  1
1939  2.5573499e-03 1.18e-05 1.12e-02 -11.0 1.52e-02    -  1.00e+00 6.25e-02h  5
iter    objective    inf_pr   inf_du lg(mu)  ||d||  lg(rg) alpha_du alpha_pr  ls
1940  2.5627610e-03 1.29e-07 3.69e-02 -11.0 1.14e-03    -  1.00e+00 1.00e+00H  1
1941  2.5565634e-03 1.46e-04 3.44e-03 -11.0 1.48e-03    -  1.00e+00 1.00e+00h  1
1942  2.5568926e-03 7.85e-06 5.08e-03 -11.0 2.91e-04    -  1.00e+00 1.00e+00h  1
1943  2.5565614e-03 2.71e-06 1.15e-03 -11.0 1.61e-04    -  1.00e+00 1.00e+00h  1
1944  2.5565444e-03 4.49e-08 8.71e-04 -11.0 5.34e-05    -  1.00e+00 1.00e+00h  1
1945  2.5569061e-03 5.40e-09 1.06e-03 -11.0 2.87e-03    -  1.00e+00 1.00e+00H  1
1946  2.5568737e-03 3.03e-08 1.04e-03 -11.0 5.02e-02    -  1.00e+00 1.95e-03h 10
1947  2.5568549e-03 3.65e-08 1.05e-03 -11.0 1.99e-02    -  1.00e+00 1.95e-03h 10
1948  2.5568311e-03 4.46e-08 1.03e-03 -11.0 1.92e-02    -  1.00e+00 1.95e-03h 10
1949  2.5562744e-03 2.60e-05 1.17e-02 -11.0 7.72e-03    -  1.00e+00 2.50e-01h  3
iter    objective    inf_pr   inf_du lg(mu)  ||d||  lg(rg) alpha_du alpha_pr  ls
1950  2.5550830e-03 8.03e-05 1.72e-02 -11.0 1.62e-01    -  1.00e+00 3.12e-02h  6
1951  2.5544092e-03 1.06e-04 4.78e-02 -11.0 2.97e-01    -  1.00e+00 7.81e-03h  8
1952  2.5540242e-03 1.55e-04 7.19e-02 -11.0 1.44e-01    -  1.00e+00 3.12e-02h  6
1953  2.5536809e-03 1.84e-04 8.58e-02 -11.0 8.91e-01    -  1.00e+00 3.91e-03h  9
1954  2.5532237e-03 2.26e-04 1.27e-01 -11.0 6.58e-01    -  1.00e+00 7.81e-03h  8
1955  2.5528788e-03 2.30e-04 1.57e-01 -11.0 2.30e-01    -  1.00e+00 7.81e-03h  8
1956  6.8611477e-03 1.34e-01 2.31e+00 -11.0 1.32e-01    -  1.00e+00 1.00e+00w  1
1957  5.7834264e-03 1.80e-01 7.51e-01 -11.0 1.26e-01    -  1.00e+00 1.00e+00w  1
1958  3.0814640e-01 5.29e+00 2.90e+00 -11.0 2.77e-01    -  1.00e+00 1.00e+00w  1
1959  2.5523766e-03 2.37e-04 1.85e-01 -11.0 1.88e-01    -  1.00e+00 1.56e-02h  6
iter    objective    inf_pr   inf_du lg(mu)  ||d||  lg(rg) alpha_du alpha_pr  ls
1960  2.5546425e-03 2.43e-04 4.59e-02 -11.0 4.52e-03    -  1.00e+00 1.00e+00h  1
1961  2.5541573e-03 2.38e-04 4.69e-02 -11.0 3.64e-02    -  1.00e+00 3.12e-02h  6
1962  2.5528985e-03 1.74e-04 6.84e-02 -11.0 5.54e-03    -  1.00e+00 2.50e-01h  3
1963  2.5538206e-03 1.21e-05 5.23e-02 -11.0 5.67e-03    -  1.00e+00 1.00e+00H  1
1964  2.5531542e-03 9.56e-05 3.06e-02 -11.0 2.96e-02    -  1.00e+00 6.25e-02h  5
1965  2.5522670e-03 1.06e-04 2.14e-02 -11.0 2.51e-02    -  1.00e+00 1.25e-01h  4
1966  2.5517334e-03 2.72e-04 7.01e-02 -11.0 8.86e-02    -  1.00e+00 6.25e-02h  5
1967  2.5497021e-03 3.30e-04 8.92e-02 -11.0 2.05e-01    -  1.00e+00 3.12e-02h  6
1968  2.5485638e-03 3.43e-04 9.53e-02 -11.0 4.38e-01    -  1.00e+00 7.81e-03h  8
1969  2.5479359e-03 3.69e-04 8.78e-02 -11.0 1.91e-01    -  1.00e+00 1.56e-02h  7
iter    objective    inf_pr   inf_du lg(mu)  ||d||  lg(rg) alpha_du alpha_pr  ls
1970  2.5472502e-03 8.83e-04 1.58e-01 -11.0 2.95e-01    -  1.00e+00 6.25e-02h  5
1971  2.5468623e-03 1.08e-03 1.75e-01 -11.0 9.58e+00    -  1.00e+00 9.77e-04h 11
1972  2.5471877e-03 1.10e-03 1.24e-01 -11.0 4.78e-01    -  1.00e+00 7.81e-03h  8
1973  2.5457851e-03 1.11e-03 1.07e-01 -11.0 1.36e-01    -  1.00e+00 3.12e-02h  6
1974  4.6052792e-03 1.59e-01 1.10e+00 -11.0 1.68e-01    -  1.00e+00 1.00e+00w  1
1975  5.9168030e+00 2.41e+01 5.60e+01 -11.0 1.69e+00    -  1.00e+00 1.00e+00w  1
1976  2.3585158e+00 2.26e+01 3.46e+01 -11.0 9.51e-01    -  1.00e+00 1.00e+00w  1
1977  2.5452924e-03 1.08e-03 1.08e-01 -11.0 1.33e+00    -  1.00e+00 3.12e-02h  5
1978  2.5448142e-03 1.05e-03 8.06e-02 -11.0 2.94e-02    -  1.00e+00 3.12e-02h  6
1979  2.5463371e-03 1.09e-04 2.02e-02 -11.0 1.67e-03    -  1.00e+00 1.00e+00h  1
iter    objective    inf_pr   inf_du lg(mu)  ||d||  lg(rg) alpha_du alpha_pr  ls
1980  2.5454173e-03 1.03e-04 1.53e-02 -11.0 2.70e-03    -  1.00e+00 2.50e-01h  3
1981  2.5442535e-03 2.79e-05 6.43e-03 -11.0 4.17e-04    -  1.00e+00 1.00e+00h  1
1982  2.5434625e-03 1.37e-05 6.35e-03 -11.0 3.11e-04    -  1.00e+00 1.00e+00h  1
1983  2.5430732e-03 2.32e-06 4.85e-03 -11.0 3.20e-04    -  1.00e+00 1.00e+00h  1
1984  2.5505361e-03 1.23e-06 5.94e-02 -11.0 3.18e-03    -  1.00e+00 1.00e+00H  1
1985  2.5476108e-03 1.22e-06 3.63e-02 -11.0 4.36e-03    -  1.00e+00 1.00e+00H  1
1986  2.5467987e-03 1.13e-06 3.41e-02 -11.0 4.41e-03    -  1.00e+00 3.12e-02h  6
1987  2.5454955e-03 3.25e-06 3.52e-02 -11.0 6.03e-03    -  1.00e+00 6.25e-02h  5
1988  2.5452608e-03 3.31e-06 3.36e-02 -11.0 1.12e-02    -  1.00e+00 7.81e-03h  8
1989  2.5427103e-03 5.84e-05 2.29e-02 -11.0 6.82e-03    -  1.00e+00 2.50e-01h  3
iter    objective    inf_pr   inf_du lg(mu)  ||d||  lg(rg) alpha_du alpha_pr  ls
1990  2.5417847e-03 6.21e-05 1.63e-02 -11.0 2.50e-03    -  1.00e+00 2.50e-01h  3
1991  2.5402621e-03 4.69e-05 8.28e-03 -11.0 9.98e-04    -  1.00e+00 1.00e+00h  1
1992  2.5423033e-03 4.86e-06 2.97e-02 -11.0 8.06e-04    -  1.00e+00 1.00e+00H  1
1993  2.5400304e-03 1.32e-04 1.99e-03 -11.0 7.50e-04    -  1.00e+00 1.00e+00h  1
1994  2.5400500e-03 7.25e-07 2.07e-03 -11.0 1.61e-04    -  1.00e+00 1.00e+00h  1
1995  2.5397752e-03 8.49e-05 1.86e-02 -11.0 1.47e-03    -  1.00e+00 1.00e+00h  1
1996  2.5392993e-03 2.80e-04 6.16e-02 -11.0 2.41e-02    -  1.00e+00 1.25e-01h  4
1997  2.5392588e-03 4.55e-04 9.70e-02 -11.0 8.24e-02    -  1.00e+00 3.12e-02h  6
1998  2.5388525e-03 4.82e-04 1.06e-01 -11.0 1.33e-02    -  1.00e+00 1.25e-01h  4
1999  2.5384455e-03 4.85e-04 1.14e-01 -11.0 1.59e-02    -  1.00e+00 6.25e-02h  5
iter    objective    inf_pr   inf_du lg(mu)  ||d||  lg(rg) alpha_du alpha_pr  ls
2000  2.5384792e-03 4.12e-04 1.14e-01 -11.0 5.16e-03    -  1.00e+00 2.50e-01h  3
2001  2.5391667e-03 3.27e-04 1.23e-01 -11.0 4.30e-03    -  1.00e+00 2.50e-01h  3
2002  2.5378946e-03 4.07e-04 2.65e-02 -11.0 3.21e-03    -  1.00e+00 1.00e+00h  1
2003  2.5377729e-03 4.19e-04 7.28e-02 -11.0 1.65e-02    -  1.00e+00 6.25e-02h  5
2004  2.5385320e-03 2.16e-04 1.88e-02 -11.0 2.81e-03    -  1.00e+00 1.00e+00h  1
2005  2.5380486e-03 3.93e-04 4.51e-02 -11.0 2.01e-02    -  1.00e+00 1.25e-01h  4
2006  2.5378784e-03 3.79e-04 5.43e-02 -11.0 8.72e-03    -  1.00e+00 6.25e-02h  5
2007  2.5394302e-03 1.90e-04 1.48e-02 -11.0 2.08e-03    -  1.00e+00 1.00e+00h  1
2008  2.5381363e-03 2.00e-04 3.39e-02 -11.0 4.16e-03    -  1.00e+00 2.50e-01h  3
2009  2.5380582e-03 1.55e-04 2.68e-02 -11.0 2.13e-03    -  1.00e+00 2.50e-01h  3
iter    objective    inf_pr   inf_du lg(mu)  ||d||  lg(rg) alpha_du alpha_pr  ls
2010  2.5363914e-03 7.09e-05 7.42e-03 -11.0 1.39e-03    -  1.00e+00 1.00e+00h  1
2011  2.5363286e-03 6.29e-05 6.04e-03 -11.0 2.52e-03    -  1.00e+00 1.25e-01h  4
2012  2.5362259e-03 2.01e-06 5.18e-03 -11.0 2.72e-04    -  1.00e+00 1.00e+00h  1
2013  2.5368619e-03 1.83e-07 2.11e-02 -11.0 1.11e-03    -  1.00e+00 1.00e+00H  1
2014  2.5370733e-03 2.37e-08 4.43e-04 -11.0 3.49e-04    -  1.00e+00 1.00e+00H  1
2015  2.5360293e-03 1.63e-05 1.07e-02 -11.0 6.26e-04    -  1.00e+00 1.00e+00h  1
2016  2.5360905e-03 6.09e-06 4.36e-03 -11.0 2.54e-04    -  1.00e+00 1.00e+00h  1
2017  2.5359163e-03 2.68e-06 5.07e-03 -11.0 3.58e-04    -  1.00e+00 1.00e+00h  1
2018  2.5363983e-03 3.58e-07 2.14e-02 -11.0 6.69e-04    -  1.00e+00 1.00e+00H  1
2019  2.5358016e-03 5.78e-06 3.09e-03 -11.0 2.33e-04    -  1.00e+00 1.00e+00h  1
iter    objective    inf_pr   inf_du lg(mu)  ||d||  lg(rg) alpha_du alpha_pr  ls
2020  2.5357515e-03 7.24e-06 3.87e-03 -11.0 1.54e-04    -  1.00e+00 1.00e+00h  1
2021  2.5356947e-03 9.69e-07 2.13e-03 -11.0 1.14e-04    -  1.00e+00 1.00e+00h  1
2022  2.5357040e-03 6.43e-09 1.49e-04 -11.0 4.50e-04    -  1.00e+00 1.00e+00H  1
2023  2.5362933e-03 2.28e-09 7.36e-04 -11.0 3.29e-03    -  1.00e+00 1.00e+00H  1
2024  2.5362885e-03 2.66e-09 7.34e-04 -11.0 2.72e-02    -  1.00e+00 4.88e-04h 12
2025  2.5362833e-03 2.76e-09 7.37e-04 -11.0 6.65e-03    -  1.00e+00 9.77e-04h 11
2026  2.5362794e-03 2.77e-09 7.35e-04 -11.0 1.93e-03    -  1.00e+00 9.77e-04h 11
2027  2.5358888e-03 1.18e-09 3.75e-04 -11.0 1.85e-03    -  1.00e+00 1.00e+00H  1
2028  2.5376037e-03 4.10e-10 1.09e-03 -11.0 1.90e-03    -  1.00e+00 1.00e+00H  1
2029  2.5375879e-03 8.03e-10 1.09e-03 -11.0 1.82e-03    -  1.00e+00 1.95e-03h 10
iter    objective    inf_pr   inf_du lg(mu)  ||d||  lg(rg) alpha_du alpha_pr  ls
2030  2.5366533e-03 2.41e-09 6.86e-04 -11.0 8.97e-04    -  1.00e+00 1.00e+00H  1
2031  2.5347304e-03 3.50e-05 8.93e-03 -11.0 5.56e-04    -  1.00e+00 1.00e+00h  1
2032  2.5346523e-03 1.64e-06 2.08e-03 -11.0 1.72e-04    -  1.00e+00 1.00e+00h  1
2033  2.5346221e-03 4.76e-06 1.40e-02 -11.0 6.86e-04    -  1.00e+00 1.00e+00h  1
2034  2.5344100e-03 4.82e-05 5.93e-02 -11.0 8.26e-03    -  1.00e+00 2.50e-01h  3
2035  2.5343978e-03 5.70e-05 5.84e-02 -11.0 2.23e-02    -  1.00e+00 6.25e-02h  5
2036  2.5342727e-03 6.48e-05 5.96e-02 -11.0 1.37e-02    -  1.00e+00 1.25e-01h  4
2037  2.5339809e-03 6.86e-05 7.97e-02 -11.0 2.34e-02    -  1.00e+00 6.25e-02h  5
2038  2.5338287e-03 7.00e-05 9.81e-02 -11.0 1.80e-02    -  1.00e+00 6.25e-02h  5
2039  2.5337635e-03 6.88e-05 1.08e-01 -11.0 1.32e-02    -  1.00e+00 6.25e-02h  5
iter    objective    inf_pr   inf_du lg(mu)  ||d||  lg(rg) alpha_du alpha_pr  ls
2040  2.5340385e-03 4.04e-05 9.77e-02 -11.0 2.95e-03    -  1.00e+00 5.00e-01h  2
2041  2.5340010e-03 7.74e-05 6.86e-02 -11.0 3.53e-03    -  1.00e+00 5.00e-01h  2
2042  2.5333531e-03 7.98e-05 1.21e-02 -11.0 5.13e-03    -  1.00e+00 2.50e-01h  3
2043  2.5331203e-03 7.39e-05 3.34e-02 -11.0 3.58e-03    -  1.00e+00 1.25e-01h  4
2044  2.5324420e-03 4.78e-05 8.16e-03 -11.0 1.89e-03    -  1.00e+00 1.00e+00h  1
2045  2.5323395e-03 4.71e-05 1.54e-02 -11.0 1.87e-02    -  1.00e+00 3.12e-02h  6
2046  2.5339252e-03 3.94e-05 1.65e-02 -11.0 4.05e-03    -  1.00e+00 5.00e-01h  2
2047  2.5333726e-03 3.42e-05 3.22e-02 -11.0 3.50e-03    -  1.00e+00 5.00e-01h  2
2048  2.5324485e-03 1.61e-04 3.82e-02 -11.0 1.43e-02    -  1.00e+00 1.25e-01h  4
2049  2.5318539e-03 1.37e-04 4.54e-02 -11.0 6.37e-03    -  1.00e+00 1.25e-01h  4
iter    objective    inf_pr   inf_du lg(mu)  ||d||  lg(rg) alpha_du alpha_pr  ls
2050  2.5324597e-03 1.03e-04 2.72e-02 -11.0 1.24e-03    -  1.00e+00 2.50e-01h  3
2051  2.5313267e-03 1.87e-05 5.08e-03 -11.0 3.58e-04    -  1.00e+00 1.00e+00h  1
2052  2.5312241e-03 1.89e-06 1.70e-03 -11.0 5.37e-04    -  1.00e+00 1.00e+00h  1
2053  2.5311361e-03 1.05e-03 3.92e-02 -11.0 1.17e-01    -  1.00e+00 1.25e-01h  4
2054  2.5306850e-03 1.46e-03 6.90e-02 -11.0 4.38e+00    -  1.00e+00 1.95e-03h 10
2055  2.5303300e-03 1.59e-03 8.54e-02 -11.0 1.26e+00    -  1.00e+00 3.91e-03h  9
2056  2.5300975e-03 1.68e-03 9.21e-02 -11.0 5.62e-01    -  1.00e+00 7.81e-03h  8
2057  2.5300747e-03 1.70e-03 9.44e-02 -11.0 3.00e-01    -  1.00e+00 7.81e-03h  8
2058  2.5298128e-03 2.45e-03 1.19e-01 -11.0 7.28e-01    -  1.00e+00 1.56e-02h  7
2059  2.5289651e-03 3.13e-03 1.37e-01 -11.0 6.09e+00    -  1.00e+00 1.95e-03h 10
iter    objective    inf_pr   inf_du lg(mu)  ||d||  lg(rg) alpha_du alpha_pr  ls
2060  2.5283753e-03 3.47e-03 1.02e-01 -11.0 3.93e+00    -  1.00e+00 1.95e-03h 10
2061  2.5279765e-03 3.86e-03 7.35e-02 -11.0 7.86e+00    -  1.00e+00 9.77e-04h 11
2062  2.5283007e-03 3.88e-03 6.32e-02 -11.0 2.83e-01    -  1.00e+00 7.81e-03h  8
2063  2.6693170e-03 6.69e-03 3.08e-01 -11.0 4.14e-02    -  1.00e+00 1.00e+00w  1
2064  5.6008558e-03 6.00e-02 3.39e-01 -11.0 3.39e-02    -  1.00e+00 1.00e+00w  1
2065  2.8252229e-03 1.35e-01 3.58e-01 -11.0 1.20e-01    -  1.00e+00 1.00e+00w  1
2066  2.5283035e-03 3.50e-03 8.90e-02 -11.0 2.93e-01    -  1.00e+00 1.25e-01h  3
2067  2.5270219e-03 3.59e-03 9.43e-02 -11.0 1.46e+01    -  1.00e+00 4.88e-04h 12
2068  2.5265649e-03 3.53e-03 9.66e-02 -11.0 3.58e-02    -  1.00e+00 1.56e-02h  7
2069  2.5295187e-03 5.30e-04 2.65e-02 -11.0 1.09e-02    -  1.00e+00 1.00e+00h  1
iter    objective    inf_pr   inf_du lg(mu)  ||d||  lg(rg) alpha_du alpha_pr  ls
2070  2.5305109e-03 5.18e-04 2.34e-02 -11.0 1.18e-01    -  1.00e+00 1.56e-02h  7
2071  2.5274674e-03 2.55e-04 1.46e-02 -11.0 8.65e-03    -  1.00e+00 1.00e+00h  1
2072  2.5261807e-03 9.30e-04 4.39e-02 -11.0 4.19e-01    -  1.00e+00 3.12e-02h  6
2073  2.5255311e-03 9.74e-04 4.72e-02 -11.0 4.79e-01    -  1.00e+00 7.81e-03h  8
2074  2.5252909e-03 9.62e-04 5.05e-02 -11.0 1.48e-01    -  1.00e+00 1.56e-02h  7
2075  2.5246989e-03 8.00e-04 3.88e-02 -11.0 2.37e-02    -  1.00e+00 2.50e-01h  3
2076  2.5226995e-03 1.36e-03 3.68e-02 -11.0 4.79e-01    -  1.00e+00 3.12e-02h  6
2077  2.5208399e-03 1.63e-03 4.33e-02 -11.0 2.78e+00    -  1.00e+00 3.91e-03h  9
2078  2.5218756e-03 1.64e-03 5.40e-02 -11.0 3.64e-01    -  1.00e+00 7.81e-03h  8
2079  2.5216032e-03 1.23e-03 4.18e-02 -11.0 2.46e-03    -  1.00e+00 2.50e-01h  3
iter    objective    inf_pr   inf_du lg(mu)  ||d||  lg(rg) alpha_du alpha_pr  ls
2080  2.5227442e-03 3.11e-04 1.12e-02 -11.0 5.21e-03    -  1.00e+00 1.00e+00h  1
2081  2.5220942e-03 3.24e-04 1.49e-02 -11.0 8.22e-02    -  1.00e+00 6.25e-02h  5
2082  2.5217381e-03 3.20e-04 2.18e-02 -11.0 2.88e-02    -  1.00e+00 1.56e-02h  7
2083  2.5187206e-03 5.71e-05 2.04e-02 -11.0 4.12e-03    -  1.00e+00 1.00e+00h  1
2084  2.5185456e-03 6.09e-05 1.55e-02 -11.0 1.08e-01    -  1.00e+00 1.56e-02h  7
2085  2.5183744e-03 6.06e-05 1.86e-02 -11.0 1.99e-02    -  1.00e+00 6.25e-02h  5
2086  2.5177392e-03 1.24e-04 1.32e-02 -11.0 4.46e-02    -  1.00e+00 1.25e-01h  4
2087  2.5171084e-03 2.42e-04 2.20e-02 -11.0 8.81e-01    -  1.00e+00 7.81e-03h  8
2088  2.5161587e-03 9.33e-04 9.99e-02 -11.0 2.46e+00    -  1.00e+00 7.81e-03h  8
2089  2.5155686e-03 1.03e-03 1.27e-01 -11.0 3.43e+00    -  1.00e+00 1.95e-03h 10
iter    objective    inf_pr   inf_du lg(mu)  ||d||  lg(rg) alpha_du alpha_pr  ls
2090  2.5150219e-03 1.12e-03 1.39e-01 -11.0 8.40e-01    -  1.00e+00 7.81e-03h  8
2091  2.5147380e-03 1.26e-03 1.60e-01 -11.0 9.53e-01    -  1.00e+00 7.81e-03h  8
2092  2.5141843e-03 1.54e-03 1.82e-01 -11.0 2.72e+00    -  1.00e+00 3.91e-03h  9
2093  2.5133706e-03 1.89e-03 2.09e-01 -11.0 5.98e+00    -  1.00e+00 1.95e-03h 10
2094  7.8050644e-02 1.62e+00 5.22e+00 -11.0 7.56e-01    -  1.00e+00 1.00e+00w  1
2095  1.0771683e-01 1.71e+00 1.17e+01 -11.0 1.65e-01    -  1.00e+00 1.00e+00w  1
2096  1.7441937e-01 1.50e+00 2.08e+01 -11.0 1.52e-01    -  1.00e+00 1.00e+00w  1
2097  2.5131495e-03 1.89e-03 2.11e-01 -11.0 4.64e-01    -  1.00e+00 1.95e-03h  9
2098  2.5140369e-03 1.77e-03 1.91e-01 -11.0 8.19e-03    -  1.00e+00 6.25e-02h  5
2099  2.5137761e-03 9.43e-04 8.01e-02 -11.0 1.06e-02    -  1.00e+00 5.00e-01h  2
iter    objective    inf_pr   inf_du lg(mu)  ||d||  lg(rg) alpha_du alpha_pr  ls
2100  2.5122057e-03 9.60e-04 5.31e-02 -11.0 1.50e-01    -  1.00e+00 3.12e-02h  6
2101  2.5117326e-03 9.72e-04 1.08e-01 -11.0 1.40e-01    -  1.00e+00 3.12e-02h  6
2102  2.5115455e-03 9.50e-04 1.32e-01 -11.0 6.31e-02    -  1.00e+00 3.12e-02h  6
2103  2.5127803e-03 6.86e-04 9.73e-02 -11.0 1.18e-02    -  1.00e+00 2.50e-01h  3
2104  2.5127348e-03 4.95e-04 5.02e-02 -11.0 9.75e-03    -  1.00e+00 2.50e-01h  3
2105  2.5104727e-03 5.46e-04 2.24e-01 -11.0 2.00e-02    -  1.00e+00 5.00e-01h  2
2106  2.5093059e-03 5.80e-04 3.01e-01 -11.0 8.09e-02    -  1.00e+00 3.12e-02h  6
2107  2.5995163e-03 2.32e-03 1.38e-01 -11.0 7.14e-03    -  1.00e+00 1.00e+00w  1
2108  2.5084977e-03 1.96e-03 2.16e-02 -11.0 8.21e-03    -  1.00e+00 1.00e+00h  1
2109  2.5090356e-03 1.49e-03 7.38e-02 -11.0 8.52e-03    -  1.00e+00 2.50e-01h  3
iter    objective    inf_pr   inf_du lg(mu)  ||d||  lg(rg) alpha_du alpha_pr  ls
2110  2.5068156e-03 9.29e-05 4.19e-02 -11.0 2.31e-03    -  1.00e+00 1.00e+00h  1
2111  2.5320098e-03 1.88e-06 1.31e-01 -11.0 7.24e-03    -  1.00e+00 1.00e+00H  1
2112  2.5208781e-03 2.34e-05 1.13e-01 -11.0 2.57e-03    -  1.00e+00 2.50e-01h  3
2113  2.5049688e-03 3.88e-04 5.65e-02 -11.0 5.03e-03    -  1.00e+00 1.00e+00h  1
2114  2.5046247e-03 2.79e-04 6.72e-02 -11.0 2.64e-03    -  1.00e+00 2.50e-01h  3
2115  2.5030448e-03 2.50e-05 1.41e-02 -11.0 1.34e-03    -  1.00e+00 1.00e+00h  1
2116  2.5170034e-03 6.21e-06 9.71e-02 -11.0 6.34e-03    -  1.00e+00 1.00e+00H  1
2117  2.5078175e-03 2.19e-05 3.06e-02 -11.0 2.62e-03    -  1.00e+00 1.00e+00H  1
2118  2.5204377e-03 6.80e-06 9.71e-02 -11.0 4.10e-03    -  1.00e+00 1.00e+00H  1
2119  2.5080282e-03 3.67e-06 6.80e-02 -11.0 1.63e-03    -  1.00e+00 1.00e+00H  1
iter    objective    inf_pr   inf_du lg(mu)  ||d||  lg(rg) alpha_du alpha_pr  ls
2120  2.4999449e-03 8.39e-05 1.74e-02 -11.0 3.23e-03    -  1.00e+00 1.00e+00h  1
2121  2.5278675e-03 2.54e-07 4.67e-02 -11.0 4.56e-03    -  1.00e+00 1.00e+00H  1
2122  2.4995032e-03 5.06e-04 4.90e-03 -11.0 2.63e-03    -  1.00e+00 1.00e+00h  1
2123  2.4998011e-03 2.35e-05 1.58e-02 -11.0 4.25e-04    -  1.00e+00 1.00e+00h  1
2124  2.4990730e-03 7.05e-06 1.77e-03 -11.0 2.94e-04    -  1.00e+00 1.00e+00h  1
2125  2.4990092e-03 8.07e-08 9.37e-04 -11.0 1.55e-04    -  1.00e+00 1.00e+00h  1
2126  2.4989101e-03 8.23e-05 2.82e-02 -11.0 2.42e-02    -  1.00e+00 2.50e-01h  3
2127  2.4987334e-03 9.14e-05 3.13e-02 -11.0 1.02e-01    -  1.00e+00 1.56e-02h  7
2128  2.4985134e-03 9.01e-05 2.81e-02 -11.0 1.03e-02    -  1.00e+00 1.25e-01h  4
2129  2.5199311e-03 5.49e-08 5.57e-02 -11.0 8.28e-03    -  1.00e+00 1.00e+00H  1
iter    objective    inf_pr   inf_du lg(mu)  ||d||  lg(rg) alpha_du alpha_pr  ls
2130  2.5196514e-03 5.06e-08 5.62e-02 -11.0 1.31e-02    -  1.00e+00 3.91e-03h  9
2131  2.5194704e-03 6.12e-08 5.63e-02 -11.0 6.08e-02    -  1.00e+00 9.77e-04h 11
2132  2.5193734e-03 6.60e-08 5.62e-02 -11.0 1.64e-01    -  1.00e+00 2.44e-04h 13
2133  2.5192989e-03 6.69e-08 5.63e-02 -11.0 2.49e-01    -  1.00e+00 1.22e-04h 14
2134  2.5153559e-03 1.18e-04 3.17e-02 -11.0 1.69e-01    -  1.00e+00 3.12e-02h  6
2135  2.5115632e-03 8.38e-04 4.08e-02 -11.0 2.09e-01    -  1.00e+00 6.25e-02h  5
2136  2.5041073e-03 3.31e-03 2.06e-01 -11.0 1.11e+00    -  1.00e+00 3.12e-02h  6
2137  2.5030087e-03 3.34e-03 2.39e-01 -11.0 5.36e-01    -  1.00e+00 3.91e-03h  9
2138  2.4926081e-03 2.69e-03 1.32e-01 -11.0 2.51e-02    -  1.00e+00 5.00e-01h  2
2139  2.4878241e-03 2.68e-03 1.12e-01 -11.0 2.58e-01    -  1.00e+00 1.56e-02h  7
iter    objective    inf_pr   inf_du lg(mu)  ||d||  lg(rg) alpha_du alpha_pr  ls
2140  3.4732233e-03 5.35e-02 4.90e-01 -11.0 1.23e-01    -  1.00e+00 1.00e+00w  1
2141  2.6052641e-02 5.53e-01 3.92e-01 -11.0 1.99e-01    -  1.00e+00 1.00e+00w  1
2142  9.6616115e-03 1.54e-01 2.73e+00 -11.0 2.20e-01    -  1.00e+00 1.00e+00w  1
2143  2.4846777e-03 2.68e-03 1.41e-01 -11.0 2.45e-01    -  1.00e+00 6.25e-02h  4
2144  2.4833087e-03 2.65e-03 1.36e-01 -11.0 1.19e-01    -  1.00e+00 3.12e-02h  6
2145  2.4921810e-03 2.59e-03 8.12e-02 -11.0 1.07e-01    -  1.00e+00 3.12e-02h  6
2146  2.4910713e-03 1.43e-03 8.57e-02 -11.0 1.34e-02    -  1.00e+00 5.00e-01h  2
2147  2.4862747e-03 1.48e-03 1.40e-01 -11.0 8.39e-02    -  1.00e+00 1.25e-01h  4
2148  2.4861853e-03 1.47e-03 1.26e-01 -11.0 1.38e-01    -  1.00e+00 3.12e-02h  6
2149  2.4929504e-03 1.14e-03 1.17e-01 -11.0 5.57e-03    -  1.00e+00 2.50e-01h  3
iter    objective    inf_pr   inf_du lg(mu)  ||d||  lg(rg) alpha_du alpha_pr  ls
2150  2.4817105e-03 2.57e-04 1.84e-02 -11.0 8.83e-03    -  1.00e+00 1.00e+00h  1
2151  2.4812542e-03 2.82e-04 4.96e-02 -11.0 8.01e-02    -  1.00e+00 3.12e-02h  6
2152  2.4979784e-03 1.95e-05 6.17e-02 -11.0 1.20e-02    -  1.00e+00 1.00e+00H  1
2153  2.4940066e-03 1.74e-04 9.55e-02 -11.0 3.87e-02    -  1.00e+00 1.25e-01h  4
2154  2.4862600e-03 3.05e-04 9.70e-02 -11.0 2.22e-01    -  1.00e+00 3.12e-02h  6
2155  2.4842982e-03 3.09e-04 8.22e-02 -11.0 2.20e-01    -  1.00e+00 7.81e-03h  8
2156  2.4821384e-03 2.99e-04 4.41e-02 -11.0 1.22e-02    -  1.00e+00 6.25e-02h  5
2157  2.5122163e-03 2.71e-05 1.36e-01 -11.0 3.06e-03    -  1.00e+00 1.00e+00H  1
2158  2.4838800e-03 6.01e-05 5.14e-02 -11.0 2.36e-03    -  1.00e+00 1.00e+00H  1
2159  2.4800563e-03 1.16e-04 6.37e-02 -11.0 2.25e-03    -  1.00e+00 1.00e+00h  1
iter    objective    inf_pr   inf_du lg(mu)  ||d||  lg(rg) alpha_du alpha_pr  ls
2160  2.4762127e-03 2.69e-05 1.56e-02 -11.0 1.11e-03    -  1.00e+00 1.00e+00h  1
2161  2.4751874e-03 2.75e-05 2.67e-02 -11.0 5.26e-04    -  1.00e+00 1.00e+00h  1
2162  2.4744992e-03 1.19e-05 1.16e-02 -11.0 3.13e-04    -  1.00e+00 1.00e+00h  1
2163  2.4743918e-03 3.98e-07 3.47e-03 -11.0 1.66e-04    -  1.00e+00 1.00e+00h  1
2164  2.4740260e-03 6.80e-06 6.15e-03 -11.0 1.03e-03    -  1.00e+00 1.00e+00h  1
2165  2.4965195e-03 6.64e-07 1.46e-01 -11.0 1.09e-02    -  1.00e+00 1.00e+00H  1
2166  2.4957261e-03 6.39e-07 1.44e-01 -11.0 2.28e-03    -  1.00e+00 1.56e-02h  7
2167  2.4731781e-03 4.99e-04 3.48e-02 -11.0 7.18e-03    -  1.00e+00 1.00e+00h  1
2168  2.4725323e-03 3.75e-04 4.02e-02 -11.0 2.05e-03    -  1.00e+00 2.50e-01h  3
2169  2.4715564e-03 2.51e-05 1.02e-02 -11.0 1.38e-03    -  1.00e+00 1.00e+00h  1
iter    objective    inf_pr   inf_du lg(mu)  ||d||  lg(rg) alpha_du alpha_pr  ls
2170  2.4726479e-03 2.51e-05 3.45e-02 -11.0 1.25e-03    -  1.00e+00 1.00e+00h  1
2171  2.4711333e-03 9.13e-06 3.52e-02 -11.0 4.39e-04    -  1.00e+00 1.00e+00h  1
2172  2.4709791e-03 4.32e-06 6.11e-03 -11.0 3.54e-04    -  1.00e+00 1.00e+00h  1
2173  2.4707141e-03 6.96e-06 2.22e-02 -11.0 1.18e-03    -  1.00e+00 1.00e+00h  1
2174  2.4705234e-03 4.52e-05 6.23e-02 -11.0 4.34e-02    -  1.00e+00 6.25e-02h  5
2175  2.4704543e-03 4.79e-05 7.75e-02 -11.0 3.15e-02    -  1.00e+00 6.25e-02h  5
2176  2.4701489e-03 6.99e-05 7.20e-02 -11.0 1.99e-02    -  1.00e+00 1.25e-01h  4
2177  2.4698860e-03 7.90e-05 8.41e-02 -11.0 5.98e-02    -  1.00e+00 3.12e-02h  6
2178  2.4695797e-03 1.03e-04 1.31e-01 -11.0 7.86e-02    -  1.00e+00 3.12e-02h  6
2179  2.4693468e-03 1.34e-04 1.74e-01 -11.0 7.35e-02    -  1.00e+00 3.12e-02h  6
iter    objective    inf_pr   inf_du lg(mu)  ||d||  lg(rg) alpha_du alpha_pr  ls
2180  2.4691778e-03 1.28e-04 2.01e-01 -11.0 1.11e-02    -  1.00e+00 6.25e-02h  5
2181  2.4784735e-03 3.66e-07 6.06e-02 -11.0 4.89e-03    -  1.00e+00 1.00e+00H  1
2182  2.4781231e-03 1.71e-07 4.58e-02 -11.0 3.87e-03    -  1.00e+00 1.00e+00H  1
2183  2.4775427e-03 6.77e-07 4.49e-02 -11.0 1.43e-02    -  1.00e+00 1.56e-02h  7
2184  2.4775118e-03 6.81e-07 4.48e-02 -11.0 5.12e-02    -  1.00e+00 4.88e-04h 12
2185  2.4771788e-03 2.63e-04 4.08e-02 -11.0 2.47e-02    -  1.00e+00 2.50e-01h  3
2186  2.4731207e-03 2.41e-04 4.29e-02 -11.0 2.30e-02    -  1.00e+00 1.25e-01h  4
2187  2.5339896e-03 3.62e-07 1.89e-01 -11.0 4.18e-03    -  1.00e+00 1.00e+00H  1
2188  2.4679267e-03 8.88e-04 3.22e-02 -11.0 3.15e-03    -  1.00e+00 1.00e+00h  1
2189  2.4682718e-03 1.42e-05 7.51e-03 -11.0 3.77e-04    -  1.00e+00 1.00e+00h  1
iter    objective    inf_pr   inf_du lg(mu)  ||d||  lg(rg) alpha_du alpha_pr  ls
2190  2.4675475e-03 4.66e-06 2.38e-03 -11.0 2.35e-04    -  1.00e+00 1.00e+00h  1
2191  2.4675235e-03 1.08e-07 2.11e-03 -11.0 3.63e-05    -  1.00e+00 1.00e+00h  1
2192  2.4674021e-03 1.25e-05 1.90e-02 -11.0 4.85e-04    -  1.00e+00 1.00e+00h  1
2193  2.4718259e-03 2.71e-08 1.65e-03 -11.0 2.48e-03    -  1.00e+00 1.00e+00H  1
2194  2.4681997e-03 4.01e-09 4.37e-04 -11.0 1.07e-03    -  1.00e+00 1.00e+00H  1
2195  2.4690158e-03 1.89e-09 7.95e-04 -11.0 1.34e-03    -  1.00e+00 1.00e+00H  1
2196  2.4673200e-03 4.12e-05 1.10e-02 -11.0 8.03e-04    -  1.00e+00 1.00e+00h  1
2197  2.4670287e-03 2.46e-05 5.79e-03 -11.0 1.12e-03    -  1.00e+00 5.00e-01h  2
2198  2.4668778e-03 4.35e-06 8.63e-03 -11.0 1.48e-04    -  1.00e+00 1.00e+00h  1
2199  2.4668255e-03 6.15e-07 3.57e-03 -11.0 1.07e-04    -  1.00e+00 1.00e+00h  1
iter    objective    inf_pr   inf_du lg(mu)  ||d||  lg(rg) alpha_du alpha_pr  ls
2200  2.4667732e-03 6.96e-08 7.75e-04 -11.0 8.84e-05    -  1.00e+00 1.00e+00h  1
2201  2.4672907e-03 4.41e-08 1.55e-02 -11.0 8.97e-04    -  1.00e+00 1.00e+00H  1
2202  2.4673556e-03 7.17e-08 1.37e-02 -11.0 1.28e-03    -  1.00e+00 1.00e+00H  1
2203  2.4672587e-03 1.09e-07 1.40e-02 -11.0 1.75e-03    -  1.00e+00 1.56e-02h  7
2204  2.4665910e-03 7.68e-06 1.19e-02 -11.0 5.89e-04    -  1.00e+00 1.00e+00h  1
2205  2.4661104e-03 1.35e-05 4.96e-03 -11.0 3.97e-04    -  1.00e+00 1.00e+00h  1
2206  2.4663010e-03 8.63e-07 1.26e-02 -11.0 7.11e-04    -  1.00e+00 1.00e+00H  1
2207  2.4673604e-03 5.01e-09 4.73e-04 -11.0 2.34e-03    -  1.00e+00 1.00e+00H  1
2208  2.4673446e-03 7.08e-09 4.68e-04 -11.0 9.02e-03    -  1.00e+00 1.95e-03h 10
2209  2.4673055e-03 3.92e-08 6.73e-04 -11.0 1.35e-02    -  1.00e+00 1.95e-03h 10
iter    objective    inf_pr   inf_du lg(mu)  ||d||  lg(rg) alpha_du alpha_pr  ls
2210  2.4672503e-03 5.67e-08 1.40e-03 -11.0 3.77e-03    -  1.00e+00 7.81e-03h  8
2211  2.4671943e-03 7.81e-08 1.40e-03 -11.0 2.73e-03    -  1.00e+00 7.81e-03h  8
2212  2.4693720e-03 4.85e-08 3.50e-02 -11.0 2.93e-03    -  1.00e+00 1.00e+00H  1
2213  2.4704503e-03 1.36e-08 1.38e-03 -11.0 2.36e-03    -  1.00e+00 1.00e+00H  1
2214  2.4702702e-03 1.13e-07 1.30e-03 -11.0 4.20e-03    -  1.00e+00 7.81e-03h  8
2215  2.4650350e-03 3.74e-05 7.25e-03 -11.0 1.47e-03    -  1.00e+00 1.00e+00h  1
2216  2.4655514e-03 2.65e-05 2.39e-02 -11.0 1.12e-03    -  1.00e+00 1.00e+00h  1
2217  2.4654231e-03 1.81e-05 2.45e-02 -11.0 1.20e-03    -  1.00e+00 1.00e+00h  1
2218  2.4704660e-03 1.73e-08 1.72e-03 -11.0 1.31e-03    -  1.00e+00 1.00e+00H  1
2219  2.4649764e-03 1.07e-04 1.88e-02 -11.0 1.18e-03    -  1.00e+00 1.00e+00h  1
iter    objective    inf_pr   inf_du lg(mu)  ||d||  lg(rg) alpha_du alpha_pr  ls
2220  2.4657002e-03 9.89e-06 1.27e-02 -11.0 4.88e-04    -  1.00e+00 1.00e+00h  1
2221  2.4645122e-03 4.25e-06 1.23e-03 -11.0 2.66e-04    -  1.00e+00 1.00e+00h  1
2222  2.4644610e-03 6.20e-07 2.44e-03 -11.0 2.50e-04    -  1.00e+00 1.00e+00h  1
2223  2.4642844e-03 4.39e-04 2.63e-02 -11.0 1.98e-02    -  1.00e+00 5.00e-01h  2
2224  2.4640315e-03 6.33e-04 3.41e-02 -11.0 1.94e+00    -  1.00e+00 3.91e-03h  9
2225  2.4638908e-03 6.33e-04 3.05e-02 -11.0 3.88e-01    -  1.00e+00 3.91e-03h  9
2226  2.4637429e-03 6.22e-04 3.63e-02 -11.0 7.38e-02    -  1.00e+00 3.12e-02h  6
2227  2.4635676e-03 5.95e-04 7.06e-02 -11.0 6.33e-02    -  1.00e+00 6.25e-02h  5
2228  2.4629449e-03 7.04e-04 8.96e-02 -11.0 3.85e-01    -  1.00e+00 1.56e-02h  7
2229  2.4624066e-03 1.04e-03 1.22e-01 -11.0 1.04e+00    -  1.00e+00 7.81e-03h  8
iter    objective    inf_pr   inf_du lg(mu)  ||d||  lg(rg) alpha_du alpha_pr  ls
2230  2.4617321e-03 1.03e-03 1.25e-01 -11.0 2.94e-01    -  1.00e+00 1.56e-02h  7
2231  2.4616373e-03 1.31e-03 1.31e-01 -11.0 8.58e-02    -  1.00e+00 6.25e-02h  5
2232  2.4610523e-03 1.21e-03 1.30e-01 -11.0 7.16e-02    -  1.00e+00 1.25e-01h  4
2233  3.6663884e-02 9.68e+00 2.08e+01 -11.0 1.23e+00    -  1.00e+00 1.00e+00w  1
2234  9.7807081e+02 4.77e+01 1.91e+01 -11.0 1.60e+01    -  1.00e+00 1.00e+00w  1
2235  6.9979562e+01 1.51e+01 5.44e+01 -11.0 1.58e+01    -  1.00e+00 1.00e+00w  1
2236  2.4601691e-03 1.29e-03 1.46e-01 -11.0 9.99e+00    -  1.00e+00 7.81e-03h  7
2237  2.4583097e-03 9.15e-04 8.15e-02 -11.0 4.29e-03    -  1.00e+00 5.00e-01h  2
2238  2.4612375e-03 8.94e-04 5.21e-02 -11.0 1.72e-02    -  1.00e+00 2.50e-01h  3
2239  2.4615602e-03 8.02e-04 4.46e-02 -11.0 6.22e-03    -  1.00e+00 2.50e-01h  3
iter    objective    inf_pr   inf_du lg(mu)  ||d||  lg(rg) alpha_du alpha_pr  ls
2240  2.4620947e-03 2.12e-04 9.48e-02 -11.0 3.35e-03    -  1.00e+00 1.00e+00h  1
2241  2.4597581e-03 2.18e-04 2.06e-02 -11.0 3.59e-03    -  1.00e+00 5.00e-01h  2
2242  2.4574424e-03 1.11e-04 1.50e-02 -11.0 2.18e-03    -  1.00e+00 5.00e-01h  2
2243  2.4593899e-03 1.48e-04 2.06e-02 -11.0 2.59e-03    -  1.00e+00 1.00e+00h  1
2244  2.4565216e-03 1.17e-04 1.94e-02 -11.0 1.04e-03    -  1.00e+00 1.00e+00h  1
2245  2.4577138e-03 1.06e-04 2.33e-02 -11.0 8.89e-04    -  1.00e+00 1.00e+00h  1
2246  2.4556194e-03 3.31e-05 4.25e-03 -11.0 5.70e-04    -  1.00e+00 1.00e+00h  1
2247  2.4555480e-03 1.51e-06 3.53e-03 -11.0 9.63e-05    -  1.00e+00 1.00e+00h  1
2248  2.4554805e-03 1.07e-06 3.82e-03 -11.0 1.69e-04    -  1.00e+00 1.00e+00h  1
2249  2.4560365e-03 1.64e-07 4.82e-02 -11.0 3.17e-03    -  1.00e+00 1.00e+00H  1
iter    objective    inf_pr   inf_du lg(mu)  ||d||  lg(rg) alpha_du alpha_pr  ls
2250  2.4559585e-03 4.86e-07 5.12e-02 -11.0 1.63e-02    -  1.00e+00 7.81e-03h  8
2251  2.4559414e-03 4.89e-07 5.15e-02 -11.0 8.56e-03    -  1.00e+00 1.95e-03h 10
2252  2.4551569e-03 2.62e-05 5.44e-02 -11.0 2.94e-03    -  1.00e+00 2.50e-01h  3
2253  2.4549840e-03 4.10e-05 6.98e-02 -11.0 5.36e-03    -  1.00e+00 2.50e-01h  3
2254  2.4548341e-03 6.03e-05 8.62e-02 -11.0 4.70e-03    -  1.00e+00 2.50e-01h  3
2255  2.4567224e-03 1.31e-08 7.10e-04 -11.0 1.42e-03    -  1.00e+00 1.00e+00H  1
2256  2.4584976e-03 1.62e-08 1.15e-03 -11.0 8.77e-04    -  1.00e+00 1.00e+00H  1
2257  2.4537592e-03 1.02e-04 1.03e-02 -11.0 9.40e-04    -  1.00e+00 1.00e+00h  1
2258  2.4539581e-03 6.89e-06 1.31e-02 -11.0 5.09e-04    -  1.00e+00 1.00e+00h  1
2259  2.4535941e-03 1.38e-05 3.64e-03 -11.0 4.42e-04    -  1.00e+00 1.00e+00h  1
iter    objective    inf_pr   inf_du lg(mu)  ||d||  lg(rg) alpha_du alpha_pr  ls
2260  2.4538732e-03 9.45e-08 1.10e-02 -11.0 4.52e-04    -  1.00e+00 1.00e+00H  1
2261  2.4534530e-03 1.27e-05 5.58e-03 -11.0 2.75e-04    -  1.00e+00 1.00e+00h  1
2262  2.4533808e-03 6.69e-07 1.64e-03 -11.0 2.44e-04    -  1.00e+00 1.00e+00h  1
2263  2.4534164e-03 1.18e-07 8.48e-03 -11.0 3.26e-03    -  1.00e+00 1.00e+00H  1
2264  2.4532264e-03 1.03e-04 1.70e-02 -11.0 7.94e-02    -  1.00e+00 6.25e-02h  5
2265  2.4531248e-03 1.24e-04 2.58e-02 -11.0 1.44e-01    -  1.00e+00 1.56e-02h  7
2266  2.4529460e-03 1.21e-04 4.06e-02 -11.0 1.74e-02    -  1.00e+00 6.25e-02h  5
2267  2.4525120e-03 2.16e-04 8.16e-02 -11.0 1.25e-02    -  1.00e+00 1.25e-01h  4
2268  2.4522136e-03 2.31e-04 9.38e-02 -11.0 5.41e-02    -  1.00e+00 3.12e-02h  6
2269  2.4523502e-03 2.12e-04 1.13e-01 -11.0 1.26e-02    -  1.00e+00 6.25e-02h  5
iter    objective    inf_pr   inf_du lg(mu)  ||d||  lg(rg) alpha_du alpha_pr  ls
2270  2.4520073e-03 1.81e-04 8.27e-02 -11.0 9.81e-03    -  1.00e+00 2.50e-01h  3
2271  2.4518292e-03 2.03e-04 6.81e-02 -11.0 1.75e-01    -  1.00e+00 1.56e-02h  7
2272  2.4517255e-03 2.01e-04 6.00e-02 -11.0 3.13e-02    -  1.00e+00 3.12e-02h  6
2273  2.4527080e-03 1.81e-04 4.45e-02 -11.0 4.01e-03    -  1.00e+00 5.00e-01h  2
2274  2.4584812e-03 9.49e-04 7.63e-02 -11.0 1.36e-02    -  1.00e+00 1.00e+00w  1
2275  4.1423517e-03 8.59e-02 7.63e-01 -11.0 1.01e-01    -  1.00e+00 1.00e+00w  1
2276  4.0656879e-03 5.90e-02 8.99e-01 -11.0 9.70e-02    -  1.00e+00 1.00e+00w  1
2277  2.4517024e-03 1.71e-04 5.27e-02 -11.0 4.47e-01    -  1.00e+00 2.50e-01h  2
2278  2.4512186e-03 2.43e-04 8.11e-02 -11.0 1.01e-01    -  1.00e+00 3.12e-02h  6
2279  2.4507985e-03 3.17e-04 1.41e-01 -11.0 8.50e-02    -  1.00e+00 3.12e-02h  6
iter    objective    inf_pr   inf_du lg(mu)  ||d||  lg(rg) alpha_du alpha_pr  ls
2280  2.4504153e-03 3.41e-04 1.65e-01 -11.0 6.96e-02    -  1.00e+00 3.12e-02h  6
2281  2.4502694e-03 3.36e-04 1.73e-01 -11.0 5.87e-02    -  1.00e+00 1.56e-02h  7
2282  2.4508618e-03 1.63e-04 1.59e-01 -11.0 4.72e-03    -  1.00e+00 5.00e-01h  2
2283  2.4498977e-03 1.44e-04 1.83e-01 -11.0 1.43e-02    -  1.00e+00 1.25e-01h  4
2284  2.4494606e-03 1.35e-04 1.56e-01 -11.0 7.91e-03    -  1.00e+00 1.25e-01h  4
2285  2.4493174e-03 1.07e-04 4.61e-02 -11.0 2.52e-03    -  1.00e+00 1.00e+00h  1
2286  2.4489301e-03 8.36e-05 1.90e-02 -11.0 9.89e-03    -  1.00e+00 2.50e-01h  3
2287  2.4488305e-03 6.08e-05 3.79e-02 -11.0 1.03e-02    -  1.00e+00 2.50e-01h  3
2288  2.4484483e-03 9.88e-05 7.78e-02 -11.0 2.46e-02    -  1.00e+00 1.25e-01h  4
2289  2.4480913e-03 7.37e-05 1.22e-01 -11.0 5.22e-02    -  1.00e+00 6.25e-02h  5
iter    objective    inf_pr   inf_du lg(mu)  ||d||  lg(rg) alpha_du alpha_pr  ls
2290  2.4480105e-03 9.27e-05 1.46e-01 -11.0 1.76e-02    -  1.00e+00 1.25e-01h  4
2291  2.4477417e-03 8.80e-05 1.42e-01 -11.0 1.70e-02    -  1.00e+00 1.25e-01h  4
2292  2.4464688e-03 1.51e-04 1.71e-01 -11.0 5.73e-02    -  1.00e+00 1.25e-01h  4
2293  2.4460982e-03 2.31e-04 1.95e-01 -11.0 5.19e-01    -  1.00e+00 1.56e-02h  7
2294  2.4457659e-03 4.04e-04 2.08e-01 -11.0 6.84e-01    -  1.00e+00 1.56e-02h  7
2295  2.4453932e-03 4.76e-04 1.99e-01 -11.0 7.31e-01    -  1.00e+00 7.81e-03h  8
2296  1.4418808e-02 2.69e+00 2.49e+01 -11.0 1.23e+00    -  1.00e+00 1.00e+00w  1
2297  3.9940092e+02 1.25e+02 1.75e+01 -11.0 8.75e+00    -  1.00e+00 1.00e+00w  1
2298  4.0686565e+01 2.10e+01 1.61e+02 -11.0 9.19e+00    -  1.00e+00 1.00e+00w  1
2299  2.4451863e-03 1.21e-03 1.85e-01 -11.0 3.34e+00    -  1.00e+00 1.56e-02h  6
iter    objective    inf_pr   inf_du lg(mu)  ||d||  lg(rg) alpha_du alpha_pr  ls
2300  2.4438662e-03 9.64e-04 1.50e-01 -11.0 2.22e-02    -  1.00e+00 2.50e-01h  3
2301  2.4435070e-03 9.68e-04 1.55e-01 -11.0 3.33e-01    -  1.00e+00 7.81e-03h  8
2302  2.4433666e-03 9.98e-04 1.69e-01 -11.0 3.52e-01    -  1.00e+00 1.56e-02h  7
2303  2.4431067e-03 1.01e-03 1.77e-01 -11.0 2.30e-01    -  1.00e+00 1.56e-02h  7
2304  2.4430141e-03 1.11e-03 1.86e-01 -11.0 3.20e-01    -  1.00e+00 1.56e-02h  7
2305  2.4427295e-03 1.11e-03 1.85e-01 -11.0 7.38e-02    -  1.00e+00 1.56e-02h  7
2306  2.4437608e-03 8.57e-04 1.52e-01 -11.0 8.51e-03    -  1.00e+00 2.50e-01h  3
2307  2.4439757e-03 5.26e-04 6.02e-02 -11.0 1.44e-02    -  1.00e+00 5.00e-01h  2
2308  2.4426250e-03 5.87e-04 4.88e-02 -11.0 2.08e-01    -  1.00e+00 3.12e-02h  6
2309  1.3981980e-02 8.13e-01 2.15e+00 -11.0 4.38e-01    -  1.00e+00 1.00e+00w  1
iter    objective    inf_pr   inf_du lg(mu)  ||d||  lg(rg) alpha_du alpha_pr  ls
2310  3.9188601e-02 1.96e+00 1.28e+01 -11.0 1.44e-01    -  1.00e+00 1.00e+00w  1
2311  2.5896450e-02 1.95e+00 9.85e+00 -11.0 1.91e-01    -  1.00e+00 1.00e+00w  1
2312  2.4422257e-03 6.37e-04 4.50e-02 -11.0 1.45e-01    -  1.00e+00 7.81e-03h  7
2313  2.4414883e-03 2.68e-05 1.56e-02 -11.0 2.02e-03    -  1.00e+00 1.00e+00h  1
2314  2.4410961e-03 2.55e-05 1.84e-02 -11.0 1.68e-02    -  1.00e+00 3.12e-02h  6
2315  2.4415407e-03 1.01e-06 3.92e-02 -11.0 8.33e-04    -  1.00e+00 1.00e+00H  1
2316  2.4413529e-03 2.52e-05 2.61e-02 -11.0 1.00e-03    -  1.00e+00 1.00e+00h  1
2317  2.4411842e-03 1.57e-07 3.17e-02 -11.0 7.11e-04    -  1.00e+00 1.00e+00H  1
2318  2.4406160e-03 1.03e-05 1.59e-02 -11.0 2.96e-04    -  1.00e+00 1.00e+00h  1
2319  2.4404630e-03 3.83e-06 7.30e-03 -11.0 1.87e-04    -  1.00e+00 1.00e+00h  1
iter    objective    inf_pr   inf_du lg(mu)  ||d||  lg(rg) alpha_du alpha_pr  ls
2320  2.4404164e-03 2.21e-07 2.52e-03 -11.0 1.19e-04    -  1.00e+00 1.00e+00h  1
2321  2.4402853e-03 1.19e-06 6.88e-03 -11.0 4.00e-04    -  1.00e+00 1.00e+00h  1
2322  2.4544999e-03 1.44e-08 1.64e-03 -11.0 7.03e-03    -  1.00e+00 1.00e+00H  1
2323  2.4543819e-03 1.23e-07 2.05e-03 -11.0 2.67e-03    -  1.00e+00 1.00e+00H  1
2324  2.4458339e-03 6.34e-07 4.66e-02 -11.0 5.88e-03    -  1.00e+00 1.00e+00H  1
2325  2.4454312e-03 6.56e-07 4.43e-02 -11.0 8.33e-03    -  1.00e+00 7.81e-03h  8
2326  2.4404402e-03 4.29e-08 4.69e-04 -11.0 3.38e-03    -  1.00e+00 1.00e+00H  1
2327  2.5014813e-03 5.94e-08 3.77e-03 -11.0 2.43e-03    -  1.00e+00 1.00e+00H  1
2328  2.4383533e-03 2.31e-04 9.08e-03 -11.0 2.17e-03    -  1.00e+00 1.00e+00h  1
2329  2.4384425e-03 2.96e-06 3.01e-03 -11.0 2.16e-04    -  1.00e+00 1.00e+00h  1
iter    objective    inf_pr   inf_du lg(mu)  ||d||  lg(rg) alpha_du alpha_pr  ls
2330  2.4386871e-03 2.50e-07 5.05e-02 -11.0 1.75e-03    -  1.00e+00 1.00e+00H  1
2331  2.4386272e-03 3.06e-07 5.46e-02 -11.0 1.49e-02    -  1.00e+00 1.56e-02h  7
2332  2.4384054e-03 3.29e-05 6.46e-02 -11.0 3.94e-02    -  1.00e+00 6.25e-02h  5
2333  2.4380221e-03 7.29e-05 4.62e-02 -11.0 8.52e-02    -  1.00e+00 3.12e-02h  6
2334  2.4377737e-03 9.25e-05 3.38e-02 -11.0 1.13e-01    -  1.00e+00 1.56e-02h  7
2335  2.4376354e-03 9.03e-05 3.77e-02 -11.0 1.79e-02    -  1.00e+00 6.25e-02h  5
2336  2.4380026e-03 7.19e-05 1.94e-02 -11.0 8.42e-03    -  1.00e+00 2.50e-01h  3
2337  2.4377912e-03 7.82e-05 1.12e-02 -11.0 5.38e-03    -  1.00e+00 2.50e-01h  3
2338  2.4365808e-03 5.79e-05 3.77e-02 -11.0 4.47e-03    -  1.00e+00 5.00e-01h  2
2339  2.4355573e-03 8.61e-05 5.83e-02 -11.0 4.37e-02    -  1.00e+00 6.25e-02h  5
iter    objective    inf_pr   inf_du lg(mu)  ||d||  lg(rg) alpha_du alpha_pr  ls
2340  2.4352530e-03 9.09e-05 4.51e-02 -11.0 3.85e-02    -  1.00e+00 3.12e-02h  6
2341  2.4679334e-03 1.82e-03 2.93e-01 -11.0 1.87e-02    -  1.00e+00 1.00e+00w  1
2342  3.0666766e-03 4.26e-02 7.53e-01 -11.0 7.28e-02    -  1.00e+00 1.00e+00w  1
2343  5.6788163e-03 1.05e-01 6.56e-01 -11.0 1.23e-01    -  1.00e+00 1.00e+00w  1
2344  2.4349337e-03 9.93e-05 1.41e-02 -11.0 1.24e-01    -  1.00e+00 1.25e-01h  3
2345  2.4345496e-03 1.33e-04 1.63e-02 -11.0 1.77e-01    -  1.00e+00 1.56e-02h  7
2346  2.4344243e-03 3.16e-04 4.46e-02 -11.0 8.01e-02    -  1.00e+00 6.25e-02h  5
2347  2.4339046e-03 3.85e-04 1.85e-02 -11.0 1.10e-01    -  1.00e+00 3.12e-02h  6
2348  2.4332050e-03 5.64e-04 3.45e-02 -11.0 1.79e-01    -  1.00e+00 3.12e-02h  6
2349  2.4328709e-03 1.07e-03 6.98e-02 -11.0 5.64e-01    -  1.00e+00 1.56e-02h  7
iter    objective    inf_pr   inf_du lg(mu)  ||d||  lg(rg) alpha_du alpha_pr  ls
2350  2.4319274e-03 1.95e-03 1.33e-01 -11.0 8.10e-01    -  1.00e+00 1.56e-02h  7
2351  2.4315963e-03 2.05e-03 1.53e-01 -11.0 1.18e+00    -  1.00e+00 3.91e-03h  9
2352  2.4313056e-03 2.05e-03 1.41e-01 -11.0 2.82e-01    -  1.00e+00 7.81e-03h  8
2353  2.4303790e-03 2.05e-03 1.34e-01 -11.0 2.95e-01    -  1.00e+00 7.81e-03h  8
2354  2.6468682e-03 3.21e-03 2.54e-01 -11.0 4.88e-03    -  1.00e+00 1.00e+00w  1
2355  2.4300983e-03 2.54e-03 4.50e-02 -11.0 9.84e-03    -  1.00e+00 1.00e+00h  1
2356  2.4348749e-03 2.67e-04 1.05e-01 -11.0 1.04e-03    -  1.00e+00 1.00e+00h  1
2357  2.4292170e-03 1.35e-04 1.22e-02 -11.0 9.24e-04    -  1.00e+00 1.00e+00h  1
2358  2.4290660e-03 1.35e-06 1.24e-03 -11.0 1.37e-04    -  1.00e+00 1.00e+00h  1
2359  2.4301746e-03 1.00e-06 5.99e-02 -11.0 2.24e-03    -  1.00e+00 1.00e+00H  1
iter    objective    inf_pr   inf_du lg(mu)  ||d||  lg(rg) alpha_du alpha_pr  ls
2360  2.4300614e-03 1.24e-06 6.31e-02 -11.0 6.92e-03    -  1.00e+00 1.56e-02h  7
2361  2.4360014e-03 1.99e-07 5.60e-02 -11.0 3.78e-03    -  1.00e+00 1.00e+00H  1
2362  2.4390187e-03 3.39e-08 2.18e-03 -11.0 1.94e-03    -  1.00e+00 1.00e+00H  1
2363  2.4283929e-03 3.63e-04 4.80e-02 -11.0 1.54e-03    -  1.00e+00 1.00e+00h  1
2364  2.4283616e-03 9.84e-05 4.59e-02 -11.0 8.96e-04    -  1.00e+00 1.00e+00h  1
2365  2.4281030e-03 2.47e-05 3.24e-02 -11.0 7.06e-04    -  1.00e+00 1.00e+00h  1
2366  2.4276859e-03 1.20e-05 1.32e-02 -11.0 4.40e-04    -  1.00e+00 1.00e+00h  1
2367  2.4274534e-03 4.26e-06 8.16e-03 -11.0 2.05e-04    -  1.00e+00 1.00e+00h  1
2368  2.4273559e-03 1.01e-06 2.92e-03 -11.0 1.67e-04    -  1.00e+00 1.00e+00h  1
2369  2.4272393e-03 3.67e-06 7.37e-03 -11.0 3.37e-04    -  1.00e+00 1.00e+00h  1
iter    objective    inf_pr   inf_du lg(mu)  ||d||  lg(rg) alpha_du alpha_pr  ls
2370  2.4271204e-03 6.58e-05 2.78e-02 -11.0 1.10e-02    -  1.00e+00 1.25e-01h  4
2371  2.4269009e-03 7.29e-05 3.77e-02 -11.0 8.54e-03    -  1.00e+00 1.25e-01h  4
2372  2.4267092e-03 1.17e-04 6.62e-02 -11.0 2.28e-02    -  1.00e+00 6.25e-02h  5
2373  2.4266268e-03 1.39e-04 7.14e-02 -11.0 9.74e-03    -  1.00e+00 1.25e-01h  4
2374  2.4347676e-03 5.75e-08 3.15e-02 -11.0 2.71e-03    -  1.00e+00 1.00e+00H  1
2375  2.4268134e-03 3.57e-05 7.60e-02 -11.0 2.20e-03    -  1.00e+00 1.00e+00H  1
2376  2.4264624e-03 8.81e-05 6.97e-02 -11.0 2.15e-03    -  1.00e+00 2.50e-01h  3
2377  2.4258430e-03 1.03e-04 1.37e-02 -11.0 2.05e-03    -  1.00e+00 1.00e+00h  1
2378  2.4258952e-03 1.02e-04 2.26e-02 -11.0 8.82e-03    -  1.00e+00 6.25e-02h  5
2379  2.4257039e-03 8.09e-06 8.04e-03 -11.0 3.70e-04    -  1.00e+00 1.00e+00h  1
iter    objective    inf_pr   inf_du lg(mu)  ||d||  lg(rg) alpha_du alpha_pr  ls
2380  2.4258242e-03 3.48e-07 4.22e-02 -11.0 6.18e-04    -  1.00e+00 1.00e+00H  1
2381  2.4254570e-03 7.96e-06 1.44e-02 -11.0 4.30e-04    -  1.00e+00 1.00e+00h  1
2382  2.4260791e-03 2.52e-08 2.59e-02 -11.0 9.94e-04    -  1.00e+00 1.00e+00H  1
2383  2.4252996e-03 1.14e-05 1.08e-02 -11.0 1.03e-03    -  1.00e+00 1.00e+00h  1
2384  2.4314535e-03 3.17e-08 1.90e-03 -11.0 1.38e-03    -  1.00e+00 1.00e+00H  1
2385  2.4250429e-03 1.26e-04 2.06e-02 -11.0 1.02e-03    -  1.00e+00 1.00e+00h  1
2386  2.4250643e-03 3.70e-06 9.98e-03 -11.0 3.71e-04    -  1.00e+00 1.00e+00h  1
2387  2.4250041e-03 3.11e-06 6.32e-03 -11.0 6.35e-04    -  1.00e+00 1.00e+00h  1
2388  2.4248439e-03 2.28e-05 3.40e-02 -11.0 1.20e-02    -  1.00e+00 1.25e-01h  4
2389  2.4248404e-03 4.90e-05 6.30e-02 -11.0 5.50e-02    -  1.00e+00 3.12e-02h  6
iter    objective    inf_pr   inf_du lg(mu)  ||d||  lg(rg) alpha_du alpha_pr  ls
2390  2.4247638e-03 4.84e-05 7.09e-02 -11.0 9.34e-03    -  1.00e+00 6.25e-02h  5
2391  2.4245762e-03 6.37e-05 9.71e-02 -11.0 1.47e-02    -  1.00e+00 1.25e-01h  4
2392  2.4244092e-03 7.74e-05 1.12e-01 -11.0 8.98e-02    -  1.00e+00 1.56e-02h  7
2393  2.4237598e-03 5.40e-04 2.01e-01 -11.0 2.44e-01    -  1.00e+00 3.12e-02h  6
2394  2.4236632e-03 5.46e-04 2.06e-01 -11.0 4.92e-01    -  1.00e+00 1.95e-03h 10
2395  2.4240385e-03 4.80e-04 1.37e-01 -11.0 6.44e-03    -  1.00e+00 1.25e-01h  4
2396  2.4234480e-03 2.91e-05 4.09e-02 -11.0 1.64e-03    -  1.00e+00 1.00e+00h  1
2397  2.4233083e-03 3.00e-05 2.20e-02 -11.0 1.70e-02    -  1.00e+00 6.25e-02h  5
2398  2.4232582e-03 2.96e-05 1.16e-02 -11.0 8.95e-03    -  1.00e+00 6.25e-02h  5
2399  2.4231330e-03 3.12e-05 1.54e-02 -11.0 1.16e-02    -  1.00e+00 1.25e-01h  4
iter    objective    inf_pr   inf_du lg(mu)  ||d||  lg(rg) alpha_du alpha_pr  ls
2400  2.4228779e-03 6.13e-05 3.28e-02 -11.0 1.06e-01    -  1.00e+00 3.12e-02h  6
2401  2.4227148e-03 1.18e-04 4.65e-02 -11.0 3.21e-01    -  1.00e+00 1.56e-02h  7
2402  2.4221917e-03 2.35e-04 2.83e-02 -11.0 4.72e-01    -  1.00e+00 1.56e-02h  7
2403  2.4219411e-03 3.04e-04 2.51e-02 -11.0 1.31e+00    -  1.00e+00 3.91e-03h  9
2404  2.4216757e-03 3.93e-04 3.11e-02 -11.0 6.73e-01    -  1.00e+00 7.81e-03h  8
2405  2.4213880e-03 5.11e-04 4.63e-02 -11.0 7.72e-01    -  1.00e+00 7.81e-03h  8
2406  2.4210186e-03 5.33e-04 4.54e-02 -11.0 3.80e-01    -  1.00e+00 7.81e-03h  8
2407  4.2778353e-03 1.77e-01 5.77e-01 -11.0 2.27e-01    -  1.00e+00 1.00e+00w  1
2408  6.4925124e-03 6.60e-02 1.78e+00 -11.0 2.60e-02    -  1.00e+00 1.00e+00w  1
2409  3.3334089e-03 2.94e-02 1.39e+00 -11.0 5.94e-02    -  1.00e+00 1.00e+00w  1
iter    objective    inf_pr   inf_du lg(mu)  ||d||  lg(rg) alpha_du alpha_pr  ls
2410  2.4208071e-03 5.68e-04 4.71e-02 -11.0 1.74e-01    -  1.00e+00 1.56e-02h  6
2411  2.4203826e-03 6.31e-04 5.72e-02 -11.0 2.59e-01    -  1.00e+00 1.56e-02h  7
2412  2.4200687e-03 6.44e-04 8.32e-02 -11.0 1.46e-01    -  1.00e+00 1.56e-02h  7
2413  2.4197513e-03 6.37e-04 8.09e-02 -11.0 5.12e-02    -  1.00e+00 3.12e-02h  6
2414  2.4194267e-03 6.31e-04 7.09e-02 -11.0 3.44e-02    -  1.00e+00 6.25e-02h  5
2415  2.4186454e-03 1.04e-03 8.30e-02 -11.0 1.46e-01    -  1.00e+00 6.25e-02h  5
2416  2.4181877e-03 1.20e-03 7.46e-02 -11.0 1.18e+00    -  1.00e+00 3.91e-03h  9
2417  2.4177029e-03 1.48e-03 7.46e-02 -11.0 2.40e-01    -  1.00e+00 3.12e-02h  6
2418  2.4174776e-03 1.99e-03 8.11e-02 -11.0 1.28e+00    -  1.00e+00 7.81e-03h  8
2419  2.4172213e-03 2.13e-03 7.76e-02 -11.0 7.07e-01    -  1.00e+00 7.81e-03h  8
iter    objective    inf_pr   inf_du lg(mu)  ||d||  lg(rg) alpha_du alpha_pr  ls
2420  8.5119573e-03 2.96e+00 4.06e+00 -11.0 8.86e-01    -  1.00e+00 1.00e+00w  1
2421  2.6143519e+02 2.79e+01 1.56e+02 -11.0 8.36e+00    -  1.00e+00 1.00e+00w  1
2422  5.4661848e+01 1.37e+01 1.95e+02 -11.0 9.45e+00    -  1.00e+00 1.00e+00w  1
2423  2.4167525e-03 2.95e-03 7.76e-02 -11.0 2.60e+00    -  1.00e+00 1.56e-02h  6
2424  2.4192329e-03 4.97e-04 1.85e-02 -11.0 9.20e-03    -  1.00e+00 1.00e+00h  1
2425  2.4188838e-03 4.98e-04 2.04e-02 -11.0 7.01e-02    -  1.00e+00 1.56e-02h  7
2426  2.4191559e-03 4.20e-04 2.45e-02 -11.0 5.24e-03    -  1.00e+00 2.50e-01h  3
2427  2.4161631e-03 2.55e-04 3.33e-02 -11.0 7.10e-03    -  1.00e+00 5.00e-01h  2
2428  2.4150847e-03 2.62e-04 1.87e-02 -11.0 2.33e-02    -  1.00e+00 1.25e-01h  4
2429  2.4144920e-03 3.34e-04 1.15e-02 -11.0 6.10e-02    -  1.00e+00 6.25e-02h  5
iter    objective    inf_pr   inf_du lg(mu)  ||d||  lg(rg) alpha_du alpha_pr  ls
2430  2.4141022e-03 3.57e-04 1.89e-02 -11.0 6.64e-02    -  1.00e+00 3.12e-02h  6
2431  2.4137520e-03 3.83e-04 1.10e-02 -11.0 5.76e-02    -  1.00e+00 6.25e-02h  5
2432  2.4136672e-03 3.93e-04 2.10e-02 -11.0 1.01e-01    -  1.00e+00 3.12e-02h  6
2433  2.4130160e-03 2.55e-03 6.60e-02 -11.0 2.13e-01    -  1.00e+00 1.25e-01h  4
2434  2.4129248e-03 2.67e-03 8.81e-02 -11.0 1.70e+00    -  1.00e+00 3.91e-03h  9
2435  1.2612580e-02 2.86e-01 2.45e+00 -11.0 1.19e-01    -  1.00e+00 1.00e+00w  1
2436  4.7756670e-03 6.28e-01 4.81e-01 -11.0 2.07e-01    -  1.00e+00 1.00e+00w  1
2437  2.9191090e-01 7.73e+00 6.17e+00 -11.0 1.55e+00    -  1.00e+00 1.00e+00w  1
2438  2.4126510e-03 2.65e-03 1.10e-01 -11.0 8.26e-01    -  1.00e+00 7.81e-03h  7
2439  2.4124208e-03 2.88e-03 8.19e-02 -11.0 1.04e+00    -  1.00e+00 7.81e-03h  8
iter    objective    inf_pr   inf_du lg(mu)  ||d||  lg(rg) alpha_du alpha_pr  ls
2440  2.4110369e-03 2.86e-03 9.75e-02 -11.0 6.35e-02    -  1.00e+00 7.81e-03h  8
2441  2.4132716e-03 1.57e-04 2.11e-02 -11.0 6.26e-03    -  1.00e+00 1.00e+00h  1
2442  2.4126677e-03 1.59e-04 5.97e-02 -11.0 1.42e-01    -  1.00e+00 7.81e-03h  8
2443  2.4294436e-03 8.69e-08 9.57e-02 -11.0 4.11e-03    -  1.00e+00 1.00e+00H  1
2444  2.4115054e-03 4.35e-04 3.04e-02 -11.0 8.90e-03    -  1.00e+00 1.00e+00h  1
2445  2.4114669e-03 3.81e-04 4.10e-02 -11.0 9.10e-03    -  1.00e+00 1.25e-01h  4
2446  2.4089244e-03 4.45e-05 1.34e-02 -11.0 8.53e-04    -  1.00e+00 1.00e+00h  1
2447  2.4086061e-03 4.00e-05 2.24e-02 -11.0 1.26e-03    -  1.00e+00 1.00e+00h  1
2448  2.4099256e-03 5.30e-05 7.04e-02 -11.0 7.98e-04    -  1.00e+00 1.00e+00h  1
2449  2.4074474e-03 3.20e-05 2.96e-02 -11.0 4.08e-04    -  1.00e+00 1.00e+00h  1
iter    objective    inf_pr   inf_du lg(mu)  ||d||  lg(rg) alpha_du alpha_pr  ls
2450  2.4070440e-03 6.08e-06 1.80e-03 -11.0 4.38e-04    -  1.00e+00 1.00e+00h  1
2451  2.4071267e-03 7.33e-06 7.02e-02 -11.0 3.11e-03    -  1.00e+00 1.00e+00H  1
2452  2.4061722e-03 1.70e-04 1.61e-01 -11.0 5.92e-02    -  1.00e+00 6.25e-02h  5
2453  2.4058048e-03 1.78e-04 2.00e-01 -11.0 1.07e-01    -  1.00e+00 1.56e-02h  7
2454  2.4058149e-03 1.60e-04 1.81e-01 -11.0 7.07e-03    -  1.00e+00 1.25e-01h  4
2455  2.4051731e-03 4.64e-04 1.97e-02 -11.0 2.03e-03    -  1.00e+00 1.00e+00h  1
2456  2.4054038e-03 2.22e-04 3.18e-02 -11.0 1.36e-03    -  1.00e+00 5.00e-01h  2
2457  2.4034852e-03 2.80e-05 2.02e-02 -11.0 4.80e-04    -  1.00e+00 1.00e+00h  1
2458  2.4032516e-03 1.48e-05 1.92e-02 -11.0 9.39e-04    -  1.00e+00 1.00e+00h  1
2459  2.4062551e-03 8.28e-06 7.59e-02 -11.0 6.45e-03    -  1.00e+00 1.00e+00H  1
iter    objective    inf_pr   inf_du lg(mu)  ||d||  lg(rg) alpha_du alpha_pr  ls
2460  2.4060020e-03 5.50e-06 7.41e-02 -11.0 5.21e-02    -  1.00e+00 7.81e-03h  8
2461  2.4057252e-03 6.08e-06 7.27e-02 -11.0 1.02e-01    -  1.00e+00 3.91e-03h  9
2462  2.4047424e-03 1.11e-05 7.50e-02 -11.0 1.03e-02    -  1.00e+00 6.25e-02h  5
2463  2.4027096e-03 3.63e-04 1.72e-01 -11.0 1.59e-02    -  1.00e+00 2.50e-01h  3
2464  2.4029545e-03 3.24e-04 2.01e-01 -11.0 1.90e-02    -  1.00e+00 1.25e-01h  4
2465  2.4126319e-03 3.00e-07 1.04e-01 -11.0 3.68e-03    -  1.00e+00 1.00e+00H  1
2466  2.4114263e-03 9.40e-07 9.84e-02 -11.0 7.78e-03    -  1.00e+00 3.12e-02h  6
2467  2.4104963e-03 1.29e-06 9.37e-02 -11.0 5.61e-03    -  1.00e+00 1.56e-02h  7
2468  2.4108682e-03 7.17e-07 1.52e-02 -11.0 2.19e-03    -  1.00e+00 1.00e+00H  1
2469  2.3988017e-03 2.58e-04 3.04e-02 -11.0 2.47e-03    -  1.00e+00 1.00e+00h  1
iter    objective    inf_pr   inf_du lg(mu)  ||d||  lg(rg) alpha_du alpha_pr  ls
2470  2.3992450e-03 1.26e-04 1.50e-02 -11.0 7.41e-04    -  1.00e+00 5.00e-01h  2
2471  2.3983570e-03 2.07e-05 1.87e-03 -11.0 3.13e-04    -  1.00e+00 1.00e+00h  1
2472  2.3983235e-03 1.21e-07 1.92e-03 -11.0 6.59e-05    -  1.00e+00 1.00e+00h  1
2473  2.3998957e-03 1.29e-08 6.88e-04 -11.0 2.72e-03    -  1.00e+00 1.00e+00H  1
2474  2.3998627e-03 4.05e-08 6.75e-04 -11.0 5.73e-03    -  1.00e+00 3.91e-03h  9
2475  2.3981398e-03 2.33e-04 2.33e-02 -11.0 3.13e-03    -  1.00e+00 5.00e-01h  2
2476  2.3975060e-03 1.76e-04 1.55e-02 -11.0 1.29e-03    -  1.00e+00 2.50e-01h  3
2477  2.3969111e-03 1.64e-05 1.78e-02 -11.0 4.51e-04    -  1.00e+00 1.00e+00h  1
2478  2.3968827e-03 3.89e-06 8.56e-03 -11.0 2.87e-04    -  1.00e+00 1.00e+00h  1
2479  2.3967234e-03 8.80e-06 1.97e-02 -11.0 4.06e-04    -  1.00e+00 1.00e+00h  1
iter    objective    inf_pr   inf_du lg(mu)  ||d||  lg(rg) alpha_du alpha_pr  ls
2480  2.3971024e-03 2.26e-07 1.39e-02 -11.0 7.21e-04    -  1.00e+00 1.00e+00H  1
2481  2.3970036e-03 1.37e-06 1.52e-02 -11.0 5.73e-04    -  1.00e+00 1.00e+00H  1
2482  2.3965285e-03 3.32e-05 2.12e-02 -11.0 7.35e-04    -  1.00e+00 1.00e+00h  1
2483  2.3964821e-03 5.08e-06 7.48e-03 -11.0 2.87e-04    -  1.00e+00 1.00e+00h  1
2484  2.3963024e-03 4.26e-06 7.31e-03 -11.0 2.43e-04    -  1.00e+00 1.00e+00h  1
2485  2.3962947e-03 2.65e-06 2.08e-02 -11.0 3.57e-04    -  1.00e+00 1.00e+00h  1
2486  2.3961398e-03 1.84e-05 8.38e-02 -11.0 1.22e-03    -  1.00e+00 1.00e+00h  1
2487  2.3960878e-03 2.02e-05 1.13e-01 -11.0 7.69e-03    -  1.00e+00 1.25e-01h  4
2488  2.3959658e-03 2.06e-05 1.15e-01 -11.0 6.68e-03    -  1.00e+00 1.25e-01h  4
2489  2.4009171e-03 4.64e-09 7.32e-04 -11.0 4.96e-03    -  1.00e+00 1.00e+00H  1
iter    objective    inf_pr   inf_du lg(mu)  ||d||  lg(rg) alpha_du alpha_pr  ls
2490  2.4008675e-03 7.09e-09 7.25e-04 -11.0 2.18e-03    -  1.00e+00 3.91e-03h  9
2491  2.3993261e-03 1.14e-07 7.96e-02 -11.0 1.47e-03    -  1.00e+00 1.00e+00H  1
2492  2.3961277e-03 1.23e-06 8.06e-03 -11.0 7.99e-04    -  1.00e+00 1.00e+00H  1
2493  2.3953269e-03 1.89e-05 5.76e-03 -11.0 4.01e-04    -  1.00e+00 1.00e+00h  1
2494  2.3952634e-03 3.00e-06 8.89e-03 -11.0 1.75e-04    -  1.00e+00 1.00e+00h  1
2495  2.3951086e-03 7.59e-06 9.96e-03 -11.0 5.17e-04    -  1.00e+00 1.00e+00h  1
2496  2.3984387e-03 7.87e-08 1.04e-03 -11.0 2.46e-03    -  1.00e+00 1.00e+00H  1
2497  2.3987397e-03 3.78e-09 7.09e-04 -11.0 2.48e-03    -  1.00e+00 1.00e+00H  1
2498  2.3986893e-03 4.81e-09 7.06e-04 -11.0 4.03e-03    -  1.00e+00 3.91e-03h  9
2499  2.3986516e-03 7.71e-09 7.05e-04 -11.0 8.26e-03    -  1.00e+00 1.95e-03h 10
iter    objective    inf_pr   inf_du lg(mu)  ||d||  lg(rg) alpha_du alpha_pr  ls
2500  2.3985983e-03 1.54e-08 7.01e-04 -11.0 3.84e-03    -  1.00e+00 3.91e-03h  9
2501  2.3983730e-03 1.18e-07 1.11e-03 -11.0 4.71e-03    -  1.00e+00 1.56e-02h  7
2502  2.3981681e-03 1.23e-07 2.10e-03 -11.0 2.49e-03    -  1.00e+00 1.56e-02h  7
2503  2.3968734e-03 1.66e-04 2.67e-02 -11.0 2.81e-03    -  1.00e+00 1.00e+00h  1
2504  2.3953949e-03 9.28e-05 2.94e-02 -11.0 1.55e-03    -  1.00e+00 5.00e-01h  2
2505  2.3941819e-03 2.48e-05 6.34e-03 -11.0 8.96e-04    -  1.00e+00 1.00e+00h  1
2506  2.3942513e-03 3.58e-06 6.20e-03 -11.0 1.24e-04    -  1.00e+00 1.00e+00h  1
2507  2.3941604e-03 2.35e-06 2.26e-03 -11.0 1.15e-04    -  1.00e+00 1.00e+00h  1
2508  2.3941415e-03 7.13e-07 2.53e-03 -11.0 8.53e-05    -  1.00e+00 1.00e+00h  1
2509  2.3940707e-03 3.46e-05 1.31e-02 -11.0 7.37e-04    -  1.00e+00 1.00e+00h  1
iter    objective    inf_pr   inf_du lg(mu)  ||d||  lg(rg) alpha_du alpha_pr  ls
2510  2.3985722e-03 3.07e-08 7.91e-04 -11.0 3.67e-03    -  1.00e+00 1.00e+00H  1
2511  2.3947444e-03 1.94e-07 3.27e-02 -11.0 2.48e-03    -  1.00e+00 1.00e+00H  1
2512  2.3941251e-03 2.07e-05 1.03e-02 -11.0 2.69e-03    -  1.00e+00 2.50e-01h  3
2513  2.3939483e-03 3.37e-05 3.00e-02 -11.0 5.66e-04    -  1.00e+00 1.00e+00h  1
2514  2.3938083e-03 2.42e-05 6.17e-03 -11.0 8.14e-04    -  1.00e+00 1.00e+00h  1
2515  2.3955948e-03 1.30e-07 2.38e-02 -11.0 8.80e-04    -  1.00e+00 1.00e+00H  1
2516  2.3937102e-03 1.10e-04 6.70e-03 -11.0 5.86e-04    -  1.00e+00 1.00e+00h  1
2517  2.3936950e-03 1.45e-07 3.45e-03 -11.0 7.50e-05    -  1.00e+00 1.00e+00h  1
2518  2.3936092e-03 6.91e-06 2.16e-02 -11.0 5.15e-04    -  1.00e+00 1.00e+00h  1
2519  2.3935735e-03 9.05e-05 1.04e-01 -11.0 3.17e-02    -  1.00e+00 6.25e-02h  5
iter    objective    inf_pr   inf_du lg(mu)  ||d||  lg(rg) alpha_du alpha_pr  ls
2520  2.3935428e-03 2.35e-04 1.26e-01 -11.0 2.74e-02    -  1.00e+00 1.25e-01h  4
2521  2.3934727e-03 5.49e-04 1.75e-01 -11.0 1.68e-01    -  1.00e+00 3.12e-02h  6
2522  2.3933899e-03 5.94e-04 1.70e-01 -11.0 7.63e-02    -  1.00e+00 3.12e-02h  6
2523  2.3932164e-03 6.19e-04 1.92e-01 -11.0 1.11e-01    -  1.00e+00 1.56e-02h  7
2524  2.3928934e-03 8.68e-04 2.34e-01 -11.0 3.20e-01    -  1.00e+00 1.56e-02h  7
2525  2.3927796e-03 8.72e-04 2.52e-01 -11.0 9.89e-02    -  1.00e+00 1.56e-02h  7
2526  2.3931318e-03 8.35e-04 2.24e-01 -11.0 1.49e-02    -  1.00e+00 6.25e-02h  5
2527  2.3928127e-03 7.49e-04 1.41e-01 -11.0 1.29e-02    -  1.00e+00 2.50e-01h  3
2528  2.3924831e-03 8.11e-04 1.01e-01 -11.0 1.72e-01    -  1.00e+00 1.56e-02h  7
2529  4.0646616e-03 5.42e-01 4.60e+00 -11.0 2.05e-01    -  1.00e+00 1.00e+00w  1
iter    objective    inf_pr   inf_du lg(mu)  ||d||  lg(rg) alpha_du alpha_pr  ls
2530  6.3312656e-03 5.82e-01 4.67e+00 -11.0 2.14e-01    -  1.00e+00 1.00e+00w  1
2531  4.0088492e-01 1.25e+01 8.83e+00 -11.0 2.06e+00    -  1.00e+00 1.00e+00w  1
2532  2.3923526e-03 9.22e-04 4.25e-02 -11.0 8.76e-01    -  1.00e+00 1.56e-02h  6
2533  2.3923227e-03 1.09e-03 9.82e-02 -11.0 2.51e-01    -  1.00e+00 1.56e-02h  7
2534  2.3921702e-03 1.09e-03 1.02e-01 -11.0 1.67e-01    -  1.00e+00 3.91e-03h  9
2535  2.3921190e-03 9.55e-04 7.61e-02 -11.0 4.70e-03    -  1.00e+00 1.25e-01h  4
2536  2.3919489e-03 9.23e-04 7.49e-02 -11.0 2.47e-02    -  1.00e+00 6.25e-02h  5
2537  2.3918470e-03 8.98e-04 8.82e-02 -11.0 2.56e-02    -  1.00e+00 6.25e-02h  5
2538  2.3915825e-03 1.13e-03 1.48e-01 -11.0 8.51e-02    -  1.00e+00 6.25e-02h  5
2539  2.3910837e-03 1.61e-03 2.19e-01 -11.0 9.04e-01    -  1.00e+00 7.81e-03h  8
iter    objective    inf_pr   inf_du lg(mu)  ||d||  lg(rg) alpha_du alpha_pr  ls
2540  2.3905096e-03 2.23e-03 2.98e-01 -11.0 1.06e+00    -  1.00e+00 7.81e-03h  8
2541  2.3900177e-03 2.62e-03 2.95e-01 -11.0 1.64e+00    -  1.00e+00 3.91e-03h  9
2542  2.5419544e-02 8.89e+00 6.63e+00 -11.0 1.27e+00    -  1.00e+00 1.00e+00w  1
2543  1.1481007e+00 6.15e+00 3.03e+00 -11.0 6.41e-01    -  1.00e+00 1.00e+00w  1
2544  2.6473886e-01 4.72e+00 7.12e+01 -11.0 3.38e-01    -  1.00e+00 1.00e+00w  1
2545  2.3897135e-03 3.54e-03 2.57e-01 -11.0 1.85e-01    -  1.00e+00 7.81e-03h  7
2546  2.3935161e-03 4.76e-04 3.03e-02 -11.0 2.97e-03    -  1.00e+00 1.00e+00h  1
2547  2.3913012e-03 7.04e-04 5.67e-02 -11.0 2.51e-02    -  1.00e+00 2.50e-01h  3
2548  2.3932395e-03 1.52e-03 8.13e-02 -11.0 1.15e-01    -  1.00e+00 1.56e-02h  7
2549  2.3882353e-03 4.72e-04 3.01e-02 -11.0 5.06e-03    -  1.00e+00 1.00e+00h  1
iter    objective    inf_pr   inf_du lg(mu)  ||d||  lg(rg) alpha_du alpha_pr  ls
2550  2.3879928e-03 4.85e-04 1.43e-02 -11.0 1.80e-02    -  1.00e+00 6.25e-02h  5
2551  2.3892111e-03 3.03e-05 1.23e-02 -11.0 4.50e-04    -  1.00e+00 1.00e+00h  1
2552  2.3873253e-03 1.25e-05 3.53e-03 -11.0 3.94e-04    -  1.00e+00 1.00e+00h  1
2553  2.3872090e-03 7.15e-06 4.19e-03 -11.0 9.78e-04    -  1.00e+00 1.00e+00h  1
2554  2.3869541e-03 7.96e-04 6.63e-02 -11.0 2.68e+00    -  1.00e+00 3.91e-03h  9
2555  2.3865021e-03 1.90e-03 1.16e-01 -11.0 1.71e+00    -  1.00e+00 7.81e-03h  8
2556  2.3863809e-03 2.53e-03 1.25e-01 -11.0 2.83e+00    -  1.00e+00 3.91e-03h  9
2557  2.3862782e-03 2.54e-03 1.00e-01 -11.0 3.56e-01    -  1.00e+00 7.81e-03h  8
2558  2.3857566e-03 2.38e-03 5.15e-02 -11.0 1.95e-02    -  1.00e+00 6.25e-02h  5
2559  2.3854248e-03 2.44e-03 8.37e-02 -11.0 5.93e-02    -  1.00e+00 1.25e-01h  4
iter    objective    inf_pr   inf_du lg(mu)  ||d||  lg(rg) alpha_du alpha_pr  ls
2560  2.3847824e-03 2.73e-03 1.22e-01 -11.0 9.01e-01    -  1.00e+00 7.81e-03h  8
2561  2.3844653e-03 2.75e-03 1.06e-01 -11.0 5.85e-01    -  1.00e+00 3.91e-03h  9
2562  2.3840953e-03 2.79e-03 8.45e-02 -11.0 1.33e-01    -  1.00e+00 3.12e-02h  6
2563  2.3838471e-03 2.94e-03 6.19e-02 -11.0 5.96e-01    -  1.00e+00 7.81e-03h  8
2564  3.9832730e-03 7.97e-02 5.99e-01 -11.0 5.03e-02    -  1.00e+00 1.00e+00w  1
2565  2.6372526e-03 5.39e-02 3.41e-01 -11.0 1.99e-02    -  1.00e+00 1.00e+00w  1
2566  2.9288857e-03 7.91e-02 7.41e+00 -11.0 2.75e-02    -  1.00e+00 1.00e+00w  1
2567  2.3836685e-03 2.90e-03 5.13e-02 -11.0 1.04e-02    -  1.00e+00 1.56e-02h  6
2568  2.3833803e-03 2.92e-05 3.52e-02 -11.0 1.75e-03    -  1.00e+00 1.00e+00h  1
2569  2.3832044e-03 2.75e-05 7.15e-02 -11.0 1.97e-03    -  1.00e+00 1.25e-01h  4
iter    objective    inf_pr   inf_du lg(mu)  ||d||  lg(rg) alpha_du alpha_pr  ls
2570  2.3828285e-03 1.99e-05 3.80e-02 -11.0 8.19e-04    -  1.00e+00 1.00e+00h  1
2571  2.3859815e-03 1.05e-06 3.19e-02 -11.0 1.55e-03    -  1.00e+00 1.00e+00H  1
2572  2.3826523e-03 6.21e-05 2.16e-02 -11.0 1.19e-03    -  1.00e+00 1.00e+00h  1
2573  2.3825483e-03 3.34e-05 1.14e-02 -11.0 7.90e-04    -  1.00e+00 5.00e-01h  2
2574  2.3823622e-03 1.91e-06 7.09e-03 -11.0 2.60e-04    -  1.00e+00 1.00e+00h  1
2575  2.3823381e-03 9.51e-06 1.04e-02 -11.0 5.50e-04    -  1.00e+00 1.00e+00h  1
2576  2.3822638e-03 2.68e-05 2.54e-02 -11.0 1.51e-03    -  1.00e+00 1.00e+00h  1
2577  2.3821290e-03 3.57e-05 4.09e-02 -11.0 1.05e-02    -  1.00e+00 1.25e-01h  4
2578  2.3985088e-03 7.75e-08 1.42e-03 -11.0 3.23e-03    -  1.00e+00 1.00e+00H  1
2579  2.3821191e-03 1.84e-05 2.25e-02 -11.0 4.00e-03    -  1.00e+00 1.00e+00H  1
iter    objective    inf_pr   inf_du lg(mu)  ||d||  lg(rg) alpha_du alpha_pr  ls
2580  2.4140650e-03 1.29e-08 5.68e-03 -11.0 3.32e-03    -  1.00e+00 1.00e+00H  1
2581  2.3818765e-03 2.74e-04 4.02e-03 -11.0 2.93e-03    -  1.00e+00 1.00e+00h  1
2582  2.3816646e-03 1.67e-06 5.98e-03 -11.0 3.87e-04    -  1.00e+00 1.00e+00h  1
2583  2.3852508e-03 2.25e-07 3.62e-02 -11.0 7.60e-03    -  1.00e+00 1.00e+00H  1
2584  2.3851516e-03 5.94e-07 3.84e-02 -11.0 2.97e-02    -  1.00e+00 7.81e-03h  8
2585  2.3849041e-03 1.05e-06 4.09e-02 -11.0 1.53e-02    -  1.00e+00 7.81e-03h  8
2586  2.3846303e-03 1.27e-06 3.90e-02 -11.0 1.10e-02    -  1.00e+00 1.56e-02h  7
2587  2.3844159e-03 1.51e-06 3.52e-02 -11.0 2.36e-02    -  1.00e+00 7.81e-03h  8
2588  2.3844046e-03 1.51e-06 3.50e-02 -11.0 5.02e-02    -  1.00e+00 2.44e-04h 13
2589  2.3876140e-03 4.14e-07 4.91e-02 -11.0 7.34e-03    -  1.00e+00 1.00e+00H  1
iter    objective    inf_pr   inf_du lg(mu)  ||d||  lg(rg) alpha_du alpha_pr  ls
2590  2.3872044e-03 6.16e-07 4.91e-02 -11.0 2.30e-02    -  1.00e+00 7.81e-03h  8
2591  2.4029517e-03 8.24e-07 1.05e-01 -11.0 1.86e-03    -  1.00e+00 1.00e+00H  1
2592  2.3805802e-03 7.87e-04 3.93e-02 -11.0 2.13e-03    -  1.00e+00 1.00e+00h  1
2593  2.3813787e-03 2.13e-05 1.35e-02 -11.0 1.63e-03    -  1.00e+00 1.00e+00h  1
2594  2.3806951e-03 3.32e-05 1.09e-02 -11.0 5.86e-04    -  1.00e+00 1.00e+00h  1
2595  2.3801919e-03 6.79e-06 4.86e-03 -11.0 8.19e-04    -  1.00e+00 1.00e+00h  1
2596  2.3803093e-03 2.67e-06 1.13e-02 -11.0 2.26e-04    -  1.00e+00 1.00e+00h  1
2597  2.3801179e-03 1.52e-06 2.29e-03 -11.0 1.88e-04    -  1.00e+00 1.00e+00h  1
2598  2.3801052e-03 1.16e-07 9.28e-04 -11.0 3.51e-05    -  1.00e+00 1.00e+00h  1
2599  2.3800332e-03 1.00e-06 8.62e-03 -11.0 2.30e-04    -  1.00e+00 1.00e+00h  1
iter    objective    inf_pr   inf_du lg(mu)  ||d||  lg(rg) alpha_du alpha_pr  ls
2600  2.3799882e-03 1.15e-05 3.01e-02 -11.0 1.21e-02    -  1.00e+00 6.25e-02h  5
2601  2.3838349e-03 1.49e-08 1.13e-03 -11.0 3.13e-03    -  1.00e+00 1.00e+00H  1
2602  2.3837518e-03 3.17e-08 1.11e-03 -11.0 4.33e-03    -  1.00e+00 7.81e-03h  8
2603  2.3836334e-03 4.75e-08 1.11e-03 -11.0 3.24e-03    -  1.00e+00 3.91e-03h  9
2604  2.3792893e-03 9.40e-05 3.29e-02 -11.0 1.03e-03    -  1.00e+00 1.00e+00h  1
2605  2.3795902e-03 2.34e-05 1.92e-02 -11.0 6.05e-04    -  1.00e+00 1.00e+00h  1
2606  2.3790489e-03 5.16e-06 1.08e-02 -11.0 1.99e-04    -  1.00e+00 1.00e+00h  1
2607  2.3789464e-03 3.59e-06 5.84e-03 -11.0 7.74e-05    -  1.00e+00 1.00e+00h  1
2608  2.3789112e-03 1.84e-07 1.39e-03 -11.0 1.20e-04    -  1.00e+00 1.00e+00h  1
2609  2.3792997e-03 1.10e-07 7.92e-02 -11.0 4.61e-03    -  1.00e+00 1.00e+00H  1
iter    objective    inf_pr   inf_du lg(mu)  ||d||  lg(rg) alpha_du alpha_pr  ls
2610  2.3792553e-03 1.94e-07 8.34e-02 -11.0 3.91e-02    -  1.00e+00 3.91e-03h  9
2611  2.3792200e-03 2.02e-07 8.44e-02 -11.0 8.85e-03    -  1.00e+00 7.81e-03h  8
2612  2.3785177e-03 3.81e-05 1.24e-01 -11.0 2.19e-02    -  1.00e+00 1.25e-01h  4
2613  2.3783074e-03 3.82e-05 1.36e-01 -11.0 1.80e-02    -  1.00e+00 6.25e-02h  5
2614  2.3780252e-03 3.56e-05 1.27e-01 -11.0 8.19e-03    -  1.00e+00 1.25e-01h  4
2615  2.3782891e-03 3.53e-05 4.35e-02 -11.0 2.69e-03    -  1.00e+00 2.50e-01h  3
2616  2.3777058e-03 1.83e-05 3.62e-02 -11.0 1.72e-03    -  1.00e+00 1.00e+00h  1
2617  2.3898264e-03 5.30e-09 1.81e-03 -11.0 1.69e-03    -  1.00e+00 1.00e+00H  1
2618  2.3771637e-03 1.76e-04 4.34e-02 -11.0 1.35e-03    -  1.00e+00 1.00e+00h  1
2619  2.3769615e-03 4.90e-06 8.08e-03 -11.0 5.74e-04    -  1.00e+00 1.00e+00h  1
iter    objective    inf_pr   inf_du lg(mu)  ||d||  lg(rg) alpha_du alpha_pr  ls
2620  2.3770247e-03 6.11e-06 1.01e-01 -11.0 4.15e-03    -  1.00e+00 1.00e+00H  1
2621  2.3768074e-03 7.65e-05 1.70e-01 -11.0 1.17e-01    -  1.00e+00 3.12e-02h  6
2622  2.3764673e-03 3.03e-04 2.48e-01 -11.0 1.54e-01    -  1.00e+00 3.12e-02h  6
2623  2.3764555e-03 5.13e-04 3.68e-01 -11.0 2.96e-01    -  1.00e+00 1.56e-02h  7
2624  2.3761847e-03 5.30e-04 4.25e-01 -11.0 1.38e-01    -  1.00e+00 1.56e-02h  7
2625  2.3758922e-03 5.58e-04 4.75e-01 -11.0 2.13e-01    -  1.00e+00 1.56e-02h  7
2626  2.3755711e-03 6.58e-04 5.05e-01 -11.0 1.28e-01    -  1.00e+00 3.12e-02h  6
2627  2.3754021e-03 6.56e-04 4.90e-01 -11.0 1.50e-01    -  1.00e+00 1.56e-02h  7
2628  2.3754737e-03 6.95e-04 4.17e-01 -11.0 6.50e-03    -  1.00e+00 1.25e-01h  4
2629  2.3747598e-03 5.97e-04 1.38e-01 -11.0 6.42e-03    -  1.00e+00 1.00e+00h  1
iter    objective    inf_pr   inf_du lg(mu)  ||d||  lg(rg) alpha_du alpha_pr  ls
2630  2.3746332e-03 5.95e-04 2.31e-01 -11.0 8.35e-02    -  1.00e+00 1.56e-02h  7
2631  2.3758512e-03 3.55e-04 2.28e-01 -11.0 6.52e-03    -  1.00e+00 5.00e-01h  2
2632  2.3747221e-03 3.20e-04 1.29e-01 -11.0 1.91e-02    -  1.00e+00 2.50e-01h  3
2633  2.3731993e-03 4.33e-04 2.62e-02 -11.0 5.06e-01    -  1.00e+00 1.56e-02h  7
2634  2.3729790e-03 4.84e-04 7.08e-02 -11.0 5.55e-01    -  1.00e+00 7.81e-03h  8
2635  2.3729203e-03 4.69e-04 7.36e-02 -11.0 3.93e-02    -  1.00e+00 3.12e-02h  6
2636  2.3737389e-03 3.28e-04 7.39e-02 -11.0 5.41e-03    -  1.00e+00 5.00e-01h  2
2637  2.3731205e-03 3.09e-04 3.27e-02 -11.0 2.07e-02    -  1.00e+00 1.25e-01h  4
2638  2.3721891e-03 7.96e-04 2.49e-02 -11.0 1.12e-01    -  1.00e+00 1.25e-01h  4
2639  2.3717708e-03 1.02e-03 4.18e-02 -11.0 2.36e+00    -  1.00e+00 3.91e-03h  9
iter    objective    inf_pr   inf_du lg(mu)  ||d||  lg(rg) alpha_du alpha_pr  ls
2640  2.9822961e-02 1.79e+00 5.27e+00 -11.0 8.79e-01    -  1.00e+00 1.00e+00w  1
2641  6.7797531e-01 4.77e+00 7.39e+00 -11.0 9.83e-01    -  1.00e+00 1.00e+00w  1
2642  1.0425788e+00 1.19e+01 8.02e+01 -11.0 7.61e-01    -  1.00e+00 1.00e+00w  1
2643  2.3716341e-03 1.04e-03 5.02e-02 -11.0 3.12e-01    -  1.00e+00 3.91e-03h  8
2644  2.3714054e-03 7.85e-04 3.83e-02 -11.0 4.64e-03    -  1.00e+00 2.50e-01h  3
2645  2.3716153e-03 7.02e-04 8.11e-02 -11.0 7.18e-03    -  1.00e+00 1.25e-01h  4
2646  2.3755288e-03 4.35e-05 5.30e-02 -11.0 1.15e-03    -  1.00e+00 1.00e+00h  1
2647  2.3709795e-03 6.28e-05 1.24e-02 -11.0 1.10e-03    -  1.00e+00 1.00e+00h  1
2648  2.3718971e-03 2.40e-05 3.63e-02 -11.0 5.06e-04    -  1.00e+00 1.00e+00h  1
2649  2.3704205e-03 1.14e-05 1.22e-02 -11.0 6.00e-04    -  1.00e+00 1.00e+00h  1
iter    objective    inf_pr   inf_du lg(mu)  ||d||  lg(rg) alpha_du alpha_pr  ls
2650  2.3703681e-03 1.09e-06 4.21e-03 -11.0 1.45e-04    -  1.00e+00 1.00e+00h  1
2651  2.3701358e-03 3.70e-06 2.29e-02 -11.0 3.42e-04    -  1.00e+00 1.00e+00h  1
2652  2.3700661e-03 2.52e-05 8.90e-02 -11.0 9.54e-03    -  1.00e+00 1.25e-01h  4
2653  2.3783845e-03 1.55e-07 1.82e-01 -11.0 6.37e-03    -  1.00e+00 1.00e+00H  1
2654  2.3781737e-03 1.92e-07 1.82e-01 -11.0 1.04e-02    -  1.00e+00 7.81e-03h  8
2655  2.3775887e-03 4.41e-07 1.75e-01 -11.0 5.45e-03    -  1.00e+00 1.56e-02h  7
2656  2.3706754e-03 2.34e-07 5.51e-02 -11.0 3.47e-03    -  1.00e+00 1.00e+00H  1
2657  2.3854257e-03 9.03e-09 2.55e-03 -11.0 1.57e-03    -  1.00e+00 1.00e+00H  1
2658  2.3683432e-03 3.43e-04 1.12e-02 -11.0 1.35e-03    -  1.00e+00 1.00e+00h  1
2659  2.3684467e-03 1.81e-06 3.90e-03 -11.0 3.25e-04    -  1.00e+00 1.00e+00h  1
iter    objective    inf_pr   inf_du lg(mu)  ||d||  lg(rg) alpha_du alpha_pr  ls
2660  2.3687371e-03 4.91e-07 1.67e-02 -11.0 1.38e-03    -  1.00e+00 1.00e+00H  1
2661  2.3714061e-03 1.40e-07 1.01e-03 -11.0 2.62e-03    -  1.00e+00 1.00e+00H  1
2662  2.3718049e-03 3.41e-08 8.77e-04 -11.0 1.78e-03    -  1.00e+00 1.00e+00H  1
2663  2.3712411e-03 6.28e-08 5.56e-02 -11.0 1.79e-03    -  1.00e+00 1.00e+00H  1
2664  2.3714788e-03 1.01e-08 6.69e-04 -11.0 1.34e-03    -  1.00e+00 1.00e+00H  1
2665  2.3681131e-03 1.04e-04 2.84e-02 -11.0 1.56e-03    -  1.00e+00 1.00e+00h  1
2666  2.3682005e-03 5.46e-05 3.98e-02 -11.0 9.88e-04    -  1.00e+00 5.00e-01h  2
2667  2.3677947e-03 7.45e-06 6.56e-03 -11.0 1.98e-04    -  1.00e+00 1.00e+00h  1
2668  2.3677629e-03 4.90e-07 5.03e-03 -11.0 1.14e-04    -  1.00e+00 1.00e+00h  1
2669  2.3677277e-03 1.77e-07 6.15e-04 -11.0 5.57e-05    -  1.00e+00 1.00e+00h  1
iter    objective    inf_pr   inf_du lg(mu)  ||d||  lg(rg) alpha_du alpha_pr  ls
2670  2.3677025e-03 1.03e-07 1.40e-03 -11.0 9.30e-05    -  1.00e+00 1.00e+00h  1
2671  2.3682522e-03 1.61e-08 5.43e-04 -11.0 2.32e-03    -  1.00e+00 1.00e+00H  1
2672  2.3726553e-03 5.49e-09 1.23e-03 -11.0 1.32e-03    -  1.00e+00 1.00e+00H  1
2673  2.3673899e-03 2.83e-05 8.70e-03 -11.0 1.69e-03    -  1.00e+00 1.00e+00h  1
2674  2.3676355e-03 1.88e-05 4.12e-02 -11.0 9.89e-04    -  1.00e+00 1.00e+00h  1
2675  2.3673234e-03 3.42e-05 1.59e-02 -11.0 1.56e-03    -  1.00e+00 1.00e+00h  1
2676  2.3671920e-03 5.70e-05 1.93e-02 -11.0 9.32e-03    -  1.00e+00 2.50e-01h  3
2677  2.3669052e-03 6.81e-05 1.60e-02 -11.0 2.69e-02    -  1.00e+00 6.25e-02h  5
2678  2.3667594e-03 6.80e-05 1.48e-02 -11.0 1.56e-02    -  1.00e+00 6.25e-02h  5
2679  2.3662598e-03 8.79e-05 2.00e-02 -11.0 9.56e-03    -  1.00e+00 2.50e-01h  3
iter    objective    inf_pr   inf_du lg(mu)  ||d||  lg(rg) alpha_du alpha_pr  ls
2680  2.3658672e-03 1.06e-04 4.04e-02 -11.0 6.43e-02    -  1.00e+00 3.12e-02h  6
2681  2.3657713e-03 1.21e-04 5.83e-02 -11.0 3.18e-02    -  1.00e+00 6.25e-02h  5
2682  2.3654448e-03 2.21e-04 6.91e-02 -11.0 6.92e-02    -  1.00e+00 6.25e-02h  5
2683  2.3652922e-03 6.16e-04 7.63e-02 -11.0 4.50e-01    -  1.00e+00 1.56e-02h  7
2684  2.3650394e-03 7.09e-04 6.47e-02 -11.0 2.33e-01    -  1.00e+00 1.56e-02h  7
2685  2.3648834e-03 7.40e-04 6.26e-02 -11.0 1.27e-01    -  1.00e+00 1.56e-02h  7
2686  2.5668551e-03 7.30e-02 7.72e-01 -11.0 8.67e-02    -  1.00e+00 1.00e+00w  1
2687  1.1157117e-02 7.61e-01 7.02e+00 -11.0 3.50e-01    -  1.00e+00 1.00e+00w  1
2688  1.7984737e-02 4.49e-01 8.75e+00 -11.0 6.71e-02    -  1.00e+00 1.00e+00w  1
2689  2.3646316e-03 9.87e-04 8.96e-02 -11.0 1.45e-01    -  1.00e+00 6.25e-02h  4
iter    objective    inf_pr   inf_du lg(mu)  ||d||  lg(rg) alpha_du alpha_pr  ls
2690  2.3642684e-03 9.96e-04 8.08e-02 -11.0 1.51e-01    -  1.00e+00 7.81e-03h  8
2691  2.3646027e-03 7.60e-04 5.50e-02 -11.0 8.49e-03    -  1.00e+00 2.50e-01h  3
2692  2.3648576e-03 7.12e-04 5.63e-02 -11.0 1.73e-02    -  1.00e+00 1.25e-01h  4
2693  2.3651431e-03 4.27e-04 7.13e-02 -11.0 5.14e-03    -  1.00e+00 5.00e-01h  2
2694  2.3642460e-03 3.70e-04 5.89e-02 -11.0 6.12e-03    -  1.00e+00 1.25e-01h  4
2695  2.3634404e-03 3.14e-04 3.45e-02 -11.0 5.43e-03    -  1.00e+00 2.50e-01h  3
2696  2.3633920e-03 3.69e-04 3.37e-02 -11.0 1.21e-02    -  1.00e+00 2.50e-01h  3
2697  2.3631447e-03 3.59e-04 4.85e-02 -11.0 2.14e-02    -  1.00e+00 6.25e-02h  5
2698  2.3628138e-03 3.15e-04 3.26e-02 -11.0 6.38e-03    -  1.00e+00 1.25e-01h  4
2699  2.3643714e-03 5.59e-05 2.78e-02 -11.0 1.19e-03    -  1.00e+00 1.00e+00h  1
iter    objective    inf_pr   inf_du lg(mu)  ||d||  lg(rg) alpha_du alpha_pr  ls
2700  2.3636554e-03 1.01e-04 3.74e-02 -11.0 7.32e-04    -  1.00e+00 1.00e+00h  1
2701  2.3622073e-03 7.62e-05 2.22e-02 -11.0 1.82e-03    -  1.00e+00 1.00e+00h  1
2702  2.3642279e-03 4.40e-05 3.33e-02 -11.0 8.37e-04    -  1.00e+00 5.00e-01h  2
2703  2.3619181e-03 1.68e-05 1.47e-03 -11.0 5.95e-04    -  1.00e+00 1.00e+00h  1
2704  2.3619009e-03 2.56e-07 3.96e-03 -11.0 1.03e-04    -  1.00e+00 1.00e+00h  1
2705  2.3617669e-03 3.66e-06 5.80e-03 -11.0 3.17e-04    -  1.00e+00 1.00e+00h  1
2706  2.3616769e-03 1.10e-05 7.64e-03 -11.0 6.34e-03    -  1.00e+00 6.25e-02h  5
2707  2.3623429e-03 2.68e-07 4.71e-02 -11.0 1.84e-03    -  1.00e+00 1.00e+00H  1
2708  2.3623198e-03 2.53e-07 4.80e-02 -11.0 9.34e-03    -  1.00e+00 3.91e-03h  9
2709  2.3622125e-03 2.45e-07 4.53e-02 -11.0 2.06e-03    -  1.00e+00 3.12e-02h  6
iter    objective    inf_pr   inf_du lg(mu)  ||d||  lg(rg) alpha_du alpha_pr  ls
2710  2.3619176e-03 6.66e-07 4.49e-02 -11.0 7.27e-04    -  1.00e+00 1.00e+00H  1
2711  2.3616393e-03 2.04e-05 2.89e-02 -11.0 3.27e-04    -  1.00e+00 1.00e+00h  1
2712  2.3612683e-03 5.52e-06 9.08e-03 -11.0 3.03e-04    -  1.00e+00 1.00e+00h  1
2713  2.3612457e-03 2.24e-06 3.80e-03 -11.0 1.02e-04    -  1.00e+00 1.00e+00h  1
2714  2.3612016e-03 3.07e-07 3.25e-03 -11.0 1.13e-04    -  1.00e+00 1.00e+00h  1
2715  2.3611522e-03 1.40e-06 2.23e-03 -11.0 2.71e-04    -  1.00e+00 1.00e+00h  1
2716  2.3615292e-03 1.31e-07 2.12e-02 -11.0 9.08e-04    -  1.00e+00 1.00e+00H  1
2717  2.3611225e-03 4.86e-05 3.72e-02 -11.0 1.22e-03    -  1.00e+00 1.00e+00h  1
2718  2.3609246e-03 4.69e-05 4.44e-02 -11.0 2.91e-03    -  1.00e+00 1.25e-01h  4
2719  2.3608742e-03 3.44e-06 2.03e-02 -11.0 3.00e-04    -  1.00e+00 1.00e+00h  1
iter    objective    inf_pr   inf_du lg(mu)  ||d||  lg(rg) alpha_du alpha_pr  ls
2720  2.3607941e-03 1.32e-05 1.33e-02 -11.0 1.52e-04    -  1.00e+00 1.00e+00h  1
2721  2.3606983e-03 4.16e-06 1.48e-03 -11.0 4.43e-04    -  1.00e+00 1.00e+00h  1
2722  2.3614462e-03 2.32e-07 1.71e-02 -11.0 1.39e-03    -  1.00e+00 1.00e+00H  1
2723  2.3605710e-03 2.54e-05 2.20e-02 -11.0 1.01e-03    -  1.00e+00 1.00e+00h  1
2724  2.3603591e-03 2.23e-05 2.43e-02 -11.0 2.16e-03    -  1.00e+00 1.25e-01h  4
2725  2.3602401e-03 5.00e-06 4.66e-03 -11.0 3.00e-04    -  1.00e+00 1.00e+00h  1
2726  2.3601771e-03 1.96e-05 1.46e-02 -11.0 1.50e-03    -  1.00e+00 1.00e+00h  1
2727  2.3600740e-03 2.90e-05 1.87e-02 -11.0 2.59e-02    -  1.00e+00 6.25e-02h  5
2728  2.3599800e-03 3.79e-05 2.13e-02 -11.0 2.25e-02    -  1.00e+00 6.25e-02h  5
2729  2.3594431e-03 3.44e-04 6.60e-02 -11.0 6.10e-02    -  1.00e+00 1.25e-01h  4
iter    objective    inf_pr   inf_du lg(mu)  ||d||  lg(rg) alpha_du alpha_pr  ls
2730  2.3588662e-03 5.42e-04 1.30e-01 -11.0 1.72e+00    -  1.00e+00 3.91e-03h  9
2731  2.3584195e-03 6.47e-04 1.70e-01 -11.0 1.32e+00    -  1.00e+00 3.91e-03h  9
2732  2.3581331e-03 6.94e-04 1.83e-01 -11.0 8.66e-01    -  1.00e+00 3.91e-03h  9
2733  2.3577539e-03 7.30e-04 1.95e-01 -11.0 1.56e-01    -  1.00e+00 3.12e-02h  6
2734  2.3574568e-03 7.47e-04 2.25e-01 -11.0 4.19e-01    -  1.00e+00 7.81e-03h  8
2735  2.3573051e-03 2.28e-03 3.41e-01 -11.0 1.23e+00    -  1.00e+00 1.56e-02h  7
2736  2.3570540e-03 2.28e-03 3.28e-01 -11.0 1.05e+00    -  1.00e+00 1.95e-03h 10
2737  7.9961131e-03 2.78e-01 2.51e+00 -11.0 2.21e-01    -  1.00e+00 1.00e+00w  1
2738  1.2784589e-02 9.53e-02 1.99e+00 -11.0 2.98e-02    -  1.00e+00 1.00e+00w  1
2739  6.1071346e-03 2.55e-01 7.74e+00 -11.0 1.48e-01    -  1.00e+00 1.00e+00w  1
iter    objective    inf_pr   inf_du lg(mu)  ||d||  lg(rg) alpha_du alpha_pr  ls
2740  2.3570498e-03 2.32e-03 2.89e-01 -11.0 7.10e-01    -  1.00e+00 1.56e-02h  6
2741  2.3566733e-03 2.32e-03 3.06e-01 -11.0 1.66e-01    -  1.00e+00 1.56e-02h  7
2742  2.3556187e-03 2.44e-03 2.90e-01 -11.0 2.39e-01    -  1.00e+00 1.56e-02h  7
2743  2.3553783e-03 2.28e-03 2.94e-01 -11.0 6.19e-03    -  1.00e+00 6.25e-02h  5
2744  2.3550331e-03 3.92e-05 2.12e-02 -11.0 2.37e-03    -  1.00e+00 1.00e+00h  1
2745  2.3561540e-03 4.14e-05 4.27e-02 -11.0 1.28e-02    -  1.00e+00 6.25e-02h  5
2746  2.3548314e-03 1.53e-05 9.26e-03 -11.0 4.95e-04    -  1.00e+00 1.00e+00h  1
2747  2.3550097e-03 1.38e-06 1.83e-02 -11.0 9.39e-04    -  1.00e+00 1.00e+00H  1
2748  2.3548102e-03 1.57e-06 2.04e-02 -11.0 1.12e-03    -  1.00e+00 1.00e+00H  1
2749  2.3545846e-03 8.21e-06 3.32e-02 -11.0 3.97e-03    -  1.00e+00 1.25e-01h  4
iter    objective    inf_pr   inf_du lg(mu)  ||d||  lg(rg) alpha_du alpha_pr  ls
2750  2.3543359e-03 1.34e-05 3.99e-03 -11.0 4.90e-04    -  1.00e+00 1.00e+00h  1
2751  2.3561704e-03 5.42e-07 2.67e-02 -11.0 1.12e-03    -  1.00e+00 1.00e+00H  1
2752  2.3541738e-03 3.31e-05 5.82e-03 -11.0 5.98e-04    -  1.00e+00 1.00e+00h  1
2753  2.3541745e-03 1.93e-06 1.71e-02 -11.0 1.63e-04    -  1.00e+00 1.00e+00h  1
2754  2.3540326e-03 8.23e-07 1.38e-02 -11.0 1.43e-04    -  1.00e+00 1.00e+00h  1
2755  2.3539420e-03 9.64e-06 8.95e-03 -11.0 8.19e-04    -  1.00e+00 1.00e+00h  1
2756  2.3565957e-03 7.11e-08 5.88e-02 -11.0 5.55e-03    -  1.00e+00 1.00e+00H  1
2757  2.3565468e-03 1.15e-07 5.86e-02 -11.0 1.88e-02    -  1.00e+00 3.91e-03h  9
2758  2.3564862e-03 1.37e-07 5.82e-02 -11.0 2.52e-02    -  1.00e+00 1.95e-03h 10
2759  2.3563617e-03 1.46e-07 5.81e-02 -11.0 3.32e-03    -  1.00e+00 7.81e-03h  8
iter    objective    inf_pr   inf_du lg(mu)  ||d||  lg(rg) alpha_du alpha_pr  ls
2760  2.3544980e-03 4.11e-07 4.30e-02 -11.0 1.81e-03    -  1.00e+00 1.00e+00H  1
2761  2.3538566e-03 8.66e-05 1.19e-02 -11.0 2.84e-03    -  1.00e+00 1.00e+00h  1
2762  2.3537541e-03 7.02e-05 4.88e-02 -11.0 2.18e-03    -  1.00e+00 2.50e-01h  3
2763  2.3522232e-03 3.08e-05 1.27e-02 -11.0 1.32e-03    -  1.00e+00 1.00e+00h  1
2764  2.3527907e-03 1.92e-05 1.80e-02 -11.0 9.34e-04    -  1.00e+00 1.00e+00h  1
2765  2.3522402e-03 2.87e-05 6.09e-02 -11.0 1.04e-03    -  1.00e+00 1.00e+00h  1
2766  2.3581097e-03 3.52e-08 9.76e-04 -11.0 1.93e-03    -  1.00e+00 1.00e+00H  1
2767  2.3550148e-03 7.05e-07 7.77e-02 -11.0 1.13e-03    -  1.00e+00 1.00e+00H  1
2768  2.3507967e-03 6.09e-05 3.90e-02 -11.0 7.17e-04    -  1.00e+00 1.00e+00h  1
2769  2.3506465e-03 3.69e-06 1.25e-02 -11.0 5.72e-04    -  1.00e+00 1.00e+00h  1
iter    objective    inf_pr   inf_du lg(mu)  ||d||  lg(rg) alpha_du alpha_pr  ls
2770  2.3506072e-03 1.06e-05 2.52e-02 -11.0 4.90e-03    -  1.00e+00 1.25e-01h  4
2771  2.3517055e-03 8.88e-06 1.93e-01 -11.0 5.94e-03    -  1.00e+00 1.00e+00H  1
2772  2.3516180e-03 9.50e-06 2.01e-01 -11.0 1.41e-01    -  1.00e+00 1.95e-03h 10
2773  2.3515144e-03 9.99e-06 2.08e-01 -11.0 7.80e-02    -  1.00e+00 3.91e-03h  9
2774  2.3506063e-03 1.56e-04 2.75e-01 -11.0 1.14e-01    -  1.00e+00 3.12e-02h  6
2775  2.3503556e-03 2.33e-04 3.43e-01 -11.0 2.86e-01    -  1.00e+00 7.81e-03h  8
2776  2.3502059e-03 2.65e-04 4.02e-01 -11.0 1.37e-01    -  1.00e+00 1.56e-02h  7
2777  2.3499544e-03 5.26e-04 5.00e-01 -11.0 1.59e-01    -  1.00e+00 3.12e-02h  6
2778  2.3493945e-03 6.05e-04 4.55e-01 -11.0 1.01e-01    -  1.00e+00 1.56e-02h  7
2779  2.3489266e-03 1.19e-03 5.51e-01 -11.0 7.49e-02    -  1.00e+00 1.25e-01h  4
iter    objective    inf_pr   inf_du lg(mu)  ||d||  lg(rg) alpha_du alpha_pr  ls
2780  2.3480301e-03 1.46e-03 4.94e-01 -11.0 3.70e-01    -  1.00e+00 1.56e-02h  7
2781  2.3476749e-03 1.49e-03 3.67e-01 -11.0 8.91e-02    -  1.00e+00 1.56e-02h  7
2782  2.4385122e-03 5.43e-03 3.63e-01 -11.0 2.21e-02    -  1.00e+00 1.00e+00w  1
2783  2.9438088e-03 5.11e-03 1.29e+00 -11.0 8.35e-03    -  1.00e+00 1.00e+00w  1
2784  2.3463555e-03 6.63e-03 2.09e-01 -11.0 1.60e-02    -  1.00e+00 1.00e+00h  1
2785  2.3465626e-03 3.35e-03 9.51e-02 -11.0 1.46e-03    -  1.00e+00 5.00e-01h  2
2786  2.3447915e-03 1.44e-04 2.85e-02 -11.0 1.26e-03    -  1.00e+00 1.00e+00h  1
2787  2.3472550e-03 5.66e-05 5.14e-02 -11.0 8.07e-04    -  1.00e+00 1.00e+00h  1
2788  2.3438428e-03 6.19e-05 1.10e-02 -11.0 5.65e-04    -  1.00e+00 1.00e+00h  1
2789  2.3437058e-03 3.19e-06 9.93e-03 -11.0 1.20e-04    -  1.00e+00 1.00e+00h  1
iter    objective    inf_pr   inf_du lg(mu)  ||d||  lg(rg) alpha_du alpha_pr  ls
2790  2.3435816e-03 1.45e-06 3.21e-03 -11.0 1.92e-04    -  1.00e+00 1.00e+00h  1
2791  2.3434652e-03 5.73e-06 1.11e-02 -11.0 4.42e-03    -  1.00e+00 1.25e-01h  4
2792  2.3434742e-03 4.80e-06 1.82e-02 -11.0 1.60e-03    -  1.00e+00 1.00e+00H  1
2793  2.3494597e-03 3.75e-07 3.48e-02 -11.0 2.13e-03    -  1.00e+00 1.00e+00H  1
2794  2.3436661e-03 1.18e-06 5.08e-02 -11.0 2.02e-03    -  1.00e+00 1.00e+00H  1
2795  2.3465025e-03 2.30e-07 5.91e-02 -11.0 1.64e-03    -  1.00e+00 1.00e+00H  1
2796  2.3429194e-03 4.70e-05 1.92e-02 -11.0 1.21e-03    -  1.00e+00 1.00e+00h  1
2797  2.3428541e-03 2.67e-05 7.09e-03 -11.0 5.59e-04    -  1.00e+00 5.00e-01h  2
2798  2.3427162e-03 1.65e-06 4.93e-03 -11.0 1.15e-04    -  1.00e+00 1.00e+00h  1
2799  2.3426834e-03 4.09e-07 3.69e-03 -11.0 8.02e-05    -  1.00e+00 1.00e+00h  1
iter    objective    inf_pr   inf_du lg(mu)  ||d||  lg(rg) alpha_du alpha_pr  ls
2800  2.3425855e-03 9.01e-06 8.29e-03 -11.0 4.67e-04    -  1.00e+00 1.00e+00h  1
2801  2.3424931e-03 1.48e-04 4.13e-02 -11.0 1.35e-02    -  1.00e+00 1.25e-01h  4
2802  2.3424544e-03 1.44e-04 4.01e-02 -11.0 7.76e-03    -  1.00e+00 3.12e-02h  6
2803  2.3425153e-03 1.66e-05 2.66e-02 -11.0 8.67e-04    -  1.00e+00 1.00e+00h  1
2804  2.3461744e-03 7.72e-08 1.14e-01 -11.0 2.97e-03    -  1.00e+00 1.00e+00H  1
2805  2.3624131e-03 2.58e-08 1.74e-03 -11.0 2.33e-03    -  1.00e+00 1.00e+00H  1
2806  2.3420732e-03 3.74e-04 3.22e-02 -11.0 2.58e-03    -  1.00e+00 1.00e+00h  1
2807  2.3421751e-03 2.39e-04 5.04e-02 -11.0 1.64e-03    -  1.00e+00 5.00e-01h  2
2808  2.3413005e-03 7.56e-05 1.77e-02 -11.0 9.50e-04    -  1.00e+00 1.00e+00h  1
2809  2.3457848e-03 7.26e-07 7.73e-02 -11.0 1.29e-03    -  1.00e+00 1.00e+00H  1
iter    objective    inf_pr   inf_du lg(mu)  ||d||  lg(rg) alpha_du alpha_pr  ls
2810  2.3411721e-03 9.94e-05 2.22e-03 -11.0 8.22e-04    -  1.00e+00 1.00e+00h  1
2811  2.3413308e-03 8.21e-06 1.63e-02 -11.0 2.01e-04    -  1.00e+00 1.00e+00h  1
2812  2.3410956e-03 3.23e-06 9.38e-04 -11.0 1.02e-04    -  1.00e+00 1.00e+00h  1
2813  2.3410545e-03 1.72e-07 1.36e-03 -11.0 1.19e-04    -  1.00e+00 1.00e+00h  1
2814  2.3409002e-03 1.83e-05 1.19e-02 -11.0 9.87e-03    -  1.00e+00 1.25e-01h  4
2815  2.3408444e-03 2.15e-05 1.03e-02 -11.0 1.39e-02    -  1.00e+00 3.12e-02h  6
2816  2.3430483e-03 3.95e-08 6.20e-02 -11.0 5.75e-03    -  1.00e+00 1.00e+00H  1
2817  2.3430038e-03 6.06e-08 6.19e-02 -11.0 5.05e-02    -  1.00e+00 1.95e-03h 10
2818  2.3429658e-03 9.24e-08 6.15e-02 -11.0 7.63e-02    -  1.00e+00 9.77e-04h 11
2819  2.3429365e-03 1.35e-07 6.10e-02 -11.0 1.35e-01    -  1.00e+00 4.88e-04h 12
iter    objective    inf_pr   inf_du lg(mu)  ||d||  lg(rg) alpha_du alpha_pr  ls
2820  2.3429274e-03 1.37e-07 6.11e-02 -11.0 1.34e-01    -  1.00e+00 1.22e-04h 14
2821  2.3423635e-03 1.12e-04 4.87e-02 -11.0 1.18e-01    -  1.00e+00 3.12e-02h  6
2822  2.3412653e-03 4.28e-04 2.29e-02 -11.0 1.02e-01    -  1.00e+00 6.25e-02h  5
2823  2.3396697e-03 4.86e-04 2.25e-02 -11.0 5.81e-02    -  1.00e+00 3.12e-02h  6
2824  2.3487007e-03 5.49e-08 4.19e-02 -11.0 9.14e-03    -  1.00e+00 1.00e+00H  1
2825  2.3486488e-03 6.18e-08 4.11e-02 -11.0 7.80e-02    -  1.00e+00 9.77e-04h 11
2826  2.3485813e-03 1.18e-07 4.14e-02 -11.0 2.95e-01    -  1.00e+00 2.44e-04h 13
2827  2.3485178e-03 1.48e-07 4.11e-02 -11.0 8.58e-02    -  1.00e+00 4.88e-04h 12
2828  2.3484901e-03 1.55e-07 4.12e-02 -11.0 2.56e-01    -  1.00e+00 1.22e-04h 14
2829  2.3460171e-03 1.50e-03 1.18e-01 -11.0 7.41e-01    -  1.00e+00 1.56e-02h  7
iter    objective    inf_pr   inf_du lg(mu)  ||d||  lg(rg) alpha_du alpha_pr  ls
2830  2.3436847e-03 1.52e-03 1.16e-01 -11.0 1.72e-01    -  1.00e+00 1.56e-02h  7
2831  2.3417048e-03 4.57e-03 1.07e-01 -11.0 8.42e-02    -  1.00e+00 2.50e-01h  3
2832  2.3414074e-03 4.74e-03 1.53e-01 -11.0 6.37e-01    -  1.00e+00 7.81e-03h  8
2833  2.3406958e-03 4.59e-03 1.77e-01 -11.0 2.54e-02    -  1.00e+00 3.12e-02h  6
2834  2.3358089e-03 3.52e-03 3.49e-02 -11.0 2.07e-02    -  1.00e+00 1.00e+00h  1
2835  2.3363665e-03 3.50e-03 4.26e-02 -11.0 2.05e-01    -  1.00e+00 7.81e-03h  8
2836  2.3371731e-03 6.47e-05 8.68e-02 -11.0 2.40e-03    -  1.00e+00 1.00e+00h  1
2837  2.3356968e-03 7.75e-05 5.92e-02 -11.0 8.85e-03    -  1.00e+00 2.50e-01h  3
2838  2.3351206e-03 4.09e-04 4.61e-02 -11.0 4.71e-02    -  1.00e+00 1.25e-01h  4
2839  2.3345883e-03 4.60e-04 8.70e-02 -11.0 7.96e-02    -  1.00e+00 3.12e-02h  6
iter    objective    inf_pr   inf_du lg(mu)  ||d||  lg(rg) alpha_du alpha_pr  ls
2840  2.3337997e-03 4.96e-04 1.42e-01 -11.0 2.89e-02    -  1.00e+00 6.25e-02h  5
2841  2.3333619e-03 4.42e-04 1.33e-01 -11.0 1.82e-02    -  1.00e+00 1.25e-01h  4
2842  2.3326404e-03 4.12e-04 9.99e-02 -11.0 1.99e-02    -  1.00e+00 1.25e-01h  4
2843  2.3323763e-03 6.49e-04 6.42e-02 -11.0 5.66e-02    -  1.00e+00 1.25e-01h  4
2844  2.3319315e-03 1.02e-03 1.83e-02 -11.0 4.39e-01    -  1.00e+00 1.56e-02h  7
2845  2.3307214e-03 2.11e-03 6.22e-02 -11.0 3.54e-01    -  1.00e+00 3.12e-02h  6
2846  2.3301793e-03 2.27e-03 5.34e-02 -11.0 6.24e-01    -  1.00e+00 7.81e-03h  8
2847  3.0724747e-03 3.78e-02 7.82e-01 -11.0 7.29e-02    -  1.00e+00 1.00e+00w  1
2848  2.9283469e-03 1.31e-02 9.12e-01 -11.0 3.76e-02    -  1.00e+00 1.00e+00w  1
2849  1.0882356e-02 9.25e-01 1.90e+00 -11.0 6.74e-02    -  1.00e+00 1.00e+00w  1
iter    objective    inf_pr   inf_du lg(mu)  ||d||  lg(rg) alpha_du alpha_pr  ls
2850  2.3298201e-03 2.23e-03 1.01e-01 -11.0 3.79e-02    -  1.00e+00 6.25e-02h  4
2851  2.3277461e-03 2.17e-03 1.02e-01 -11.0 4.41e-02    -  1.00e+00 1.25e-01h  4
2852  2.3275048e-03 2.26e-03 1.23e-01 -11.0 2.65e-02    -  1.00e+00 3.12e-02h  6
2853  2.3270106e-03 6.84e-05 3.26e-02 -11.0 1.29e-03    -  1.00e+00 1.00e+00h  1
2854  2.3282646e-03 9.84e-06 8.87e-02 -11.0 1.17e-03    -  1.00e+00 1.00e+00H  1
2855  2.3251301e-03 5.09e-05 2.44e-02 -11.0 1.37e-03    -  1.00e+00 1.00e+00h  1
2856  2.3261261e-03 1.29e-05 1.47e-02 -11.0 2.06e-03    -  1.00e+00 1.00e+00H  1
2857  2.3272796e-03 1.61e-06 6.04e-02 -11.0 5.12e-03    -  1.00e+00 1.00e+00H  1
2858  2.3266791e-03 2.66e-06 5.30e-02 -11.0 2.56e-02    -  1.00e+00 1.56e-02h  7
2859  2.3250948e-03 4.51e-05 5.47e-02 -11.0 2.49e-02    -  1.00e+00 6.25e-02h  5
iter    objective    inf_pr   inf_du lg(mu)  ||d||  lg(rg) alpha_du alpha_pr  ls
2860  2.3242699e-03 5.01e-05 4.57e-02 -11.0 1.06e-02    -  1.00e+00 1.25e-01h  4
2861  2.3298181e-03 3.34e-07 1.01e-01 -11.0 7.44e-03    -  1.00e+00 1.00e+00H  1
2862  2.3291447e-03 1.52e-06 9.39e-02 -11.0 1.41e-02    -  1.00e+00 1.56e-02h  7
2863  2.3255405e-03 5.07e-06 3.45e-02 -11.0 1.62e-03    -  1.00e+00 1.00e+00H  1
2864  2.3214131e-03 2.39e-04 3.09e-02 -11.0 9.26e-04    -  1.00e+00 1.00e+00h  1
2865  2.3199697e-03 3.18e-05 8.41e-03 -11.0 7.79e-04    -  1.00e+00 1.00e+00h  1
2866  2.3197936e-03 6.11e-06 5.12e-03 -11.0 1.25e-03    -  1.00e+00 1.00e+00h  1
2867  2.3196556e-03 1.03e-04 3.22e-02 -11.0 9.20e-02    -  1.00e+00 6.25e-02h  5
2868  2.3191495e-03 1.53e-04 4.20e-02 -11.0 3.19e-01    -  1.00e+00 1.56e-02h  7
2869  2.3186803e-03 3.49e-04 1.11e-01 -11.0 6.01e-01    -  1.00e+00 1.56e-02h  7
iter    objective    inf_pr   inf_du lg(mu)  ||d||  lg(rg) alpha_du alpha_pr  ls
2870  2.3183136e-03 4.28e-04 1.68e-01 -11.0 6.71e-01    -  1.00e+00 7.81e-03h  8
2871  2.3181428e-03 5.42e-04 2.17e-01 -11.0 1.59e-01    -  1.00e+00 3.12e-02h  6
2872  2.3172543e-03 6.30e-04 2.25e-01 -11.0 1.35e-01    -  1.00e+00 3.12e-02h  6
2873  2.3165821e-03 9.09e-04 2.04e-01 -11.0 2.41e-01    -  1.00e+00 3.12e-02h  6
2874  2.3166148e-03 9.14e-04 1.72e-01 -11.0 1.04e-01    -  1.00e+00 3.12e-02h  6
2875  2.3149397e-03 1.08e-03 2.13e-01 -11.0 2.04e-01    -  1.00e+00 3.12e-02h  6
2876  2.3148270e-03 1.13e-03 1.52e-01 -11.0 1.62e-01    -  1.00e+00 1.56e-02h  7
2877  2.3533858e-03 2.26e-03 3.75e-01 -11.0 1.71e-02    -  1.00e+00 1.00e+00w  1
2878  2.7389057e-03 2.43e-02 5.27e-01 -11.0 3.52e-02    -  1.00e+00 1.00e+00w  1
2879  3.0341859e-03 4.91e-02 9.90e-01 -11.0 8.00e-02    -  1.00e+00 1.00e+00w  1
iter    objective    inf_pr   inf_du lg(mu)  ||d||  lg(rg) alpha_du alpha_pr  ls
2880  2.3138304e-03 9.35e-04 2.78e-02 -11.0 5.76e-01    -  1.00e+00 2.50e-01h  2
2881  2.3140852e-03 8.22e-04 8.55e-02 -11.0 9.61e-03    -  1.00e+00 5.00e-01h  2
2882  2.3130623e-03 8.05e-04 7.67e-02 -11.0 5.27e-02    -  1.00e+00 6.25e-02h  5
2883  2.3126953e-03 7.91e-04 7.19e-02 -11.0 4.23e-02    -  1.00e+00 3.12e-02h  6
2884  2.3230923e-03 1.20e-05 1.15e-01 -11.0 9.66e-03    -  1.00e+00 1.00e+00H  1
2885  2.3196479e-03 9.20e-05 1.12e-01 -11.0 4.35e-02    -  1.00e+00 1.25e-01h  4
2886  2.3169474e-03 4.80e-04 9.05e-02 -11.0 1.69e-01    -  1.00e+00 6.25e-02h  5
2887  2.3153055e-03 5.07e-04 6.87e-02 -11.0 3.75e-01    -  1.00e+00 7.81e-03h  8
2888  2.3121662e-03 9.10e-04 9.90e-02 -11.0 2.06e-01    -  1.00e+00 6.25e-02h  5
2889  2.3112908e-03 1.45e-03 1.78e-01 -11.0 3.93e-01    -  1.00e+00 3.12e-02h  6
iter    objective    inf_pr   inf_du lg(mu)  ||d||  lg(rg) alpha_du alpha_pr  ls
2890  2.3100851e-03 1.70e-03 1.90e-01 -11.0 2.90e-02    -  1.00e+00 6.25e-02h  5
2891  2.3059537e-03 9.44e-04 7.73e-02 -11.0 1.33e-02    -  1.00e+00 5.00e-01h  2
2892  2.3025247e-03 1.17e-03 1.04e-01 -11.0 1.74e-01    -  1.00e+00 6.25e-02h  5
2893  2.3001316e-03 1.32e-03 1.21e-01 -11.0 5.53e-01    -  1.00e+00 1.56e-02h  7
2894  2.2984079e-03 2.15e-03 1.92e-01 -11.0 1.25e+00    -  1.00e+00 1.56e-02h  7
2895  9.2999196e-01 1.77e+01 3.86e+01 -11.0 8.38e+00    -  1.00e+00 1.00e+00w  1
2896  8.9891522e+05 2.56e+03 8.65e+02 -11.0 4.33e+02    -  1.00e+00 1.00e+00w  1
2897  9.5451698e+01 1.34e+01 9.80e+03 -11.0 4.32e+02    -  1.00e+00 1.00e+00w  1
2898  2.2976482e-03 2.28e-03 2.29e-01 -11.0 5.46e+00    -  1.00e+00 9.77e-04h 10
2899  2.2984911e-03 2.36e-04 9.96e-03 -11.0 1.02e-02    -  1.00e+00 1.00e+00h  1
iter    objective    inf_pr   inf_du lg(mu)  ||d||  lg(rg) alpha_du alpha_pr  ls
2900  2.2979257e-03 2.38e-04 1.87e-02 -11.0 3.59e-01    -  1.00e+00 3.91e-03h  9
2901  2.2975539e-03 2.47e-04 2.76e-02 -11.0 2.75e-02    -  1.00e+00 1.25e-01h  4
2902  2.2969547e-03 2.80e-04 5.15e-02 -11.0 2.47e-01    -  1.00e+00 1.56e-02h  7
2903  2.2962737e-03 6.22e-04 1.03e-01 -11.0 1.96e-01    -  1.00e+00 6.25e-02h  5
2904  2.2953245e-03 1.28e-03 1.65e-01 -11.0 1.97e+00    -  1.00e+00 7.81e-03h  8
2905  2.2946931e-03 1.40e-03 1.87e-01 -11.0 1.75e+00    -  1.00e+00 3.91e-03h  9
2906  2.2939643e-03 1.78e-03 2.21e-01 -11.0 8.37e-01    -  1.00e+00 1.56e-02h  7
2907  2.2936004e-03 1.95e-03 2.44e-01 -11.0 2.44e+00    -  1.00e+00 3.91e-03h  9
2908  2.2930517e-03 1.94e-03 2.49e-01 -11.0 2.53e-01    -  1.00e+00 1.56e-02h  7
2909  2.2920626e-03 2.20e-03 2.90e-01 -11.0 3.39e-01    -  1.00e+00 3.12e-02h  6
iter    objective    inf_pr   inf_du lg(mu)  ||d||  lg(rg) alpha_du alpha_pr  ls
2910  2.1700368e-02 6.32e-01 3.27e+00 -11.0 1.51e-01    -  1.00e+00 1.00e+00w  1
2911  7.0302746e-03 2.01e-01 1.54e+00 -11.0 1.50e-01    -  1.00e+00 1.00e+00w  1
2912  5.1478804e-01 1.02e+01 1.96e+01 -11.0 8.53e-01    -  1.00e+00 1.00e+00w  1
2913  2.2920058e-03 2.12e-03 2.96e-01 -11.0 3.05e+00    -  1.00e+00 1.56e-02h  6
2914  2.2918123e-03 1.59e-03 2.37e-01 -11.0 8.20e-03    -  1.00e+00 2.50e-01h  3
2915  2.2959850e-03 7.84e-04 1.54e-01 -11.0 2.15e-03    -  1.00e+00 5.00e-01h  2
2916  2.2906252e-03 6.93e-05 4.83e-03 -11.0 7.89e-04    -  1.00e+00 1.00e+00h  1
2917  2.2896286e-03 5.81e-05 7.41e-02 -11.0 4.47e-04    -  1.00e+00 1.00e+00h  1
2918  2.2885103e-03 6.87e-06 7.96e-03 -11.0 1.87e-04    -  1.00e+00 1.00e+00h  1
2919  2.2880443e-03 3.87e-06 9.71e-03 -11.0 2.91e-04    -  1.00e+00 1.00e+00h  1
iter    objective    inf_pr   inf_du lg(mu)  ||d||  lg(rg) alpha_du alpha_pr  ls
2920  2.2877762e-03 4.80e-05 3.66e-02 -11.0 9.18e-04    -  1.00e+00 1.00e+00h  1
2921  2.2902842e-03 5.18e-06 5.58e-02 -11.0 2.32e-03    -  1.00e+00 1.00e+00H  1
2922  2.2926611e-03 1.03e-06 8.46e-02 -11.0 1.87e-03    -  1.00e+00 1.00e+00H  1
2923  2.2895767e-03 2.90e-06 8.17e-03 -11.0 2.21e-03    -  1.00e+00 1.00e+00H  1
2924  2.2983670e-03 7.66e-07 3.28e-02 -11.0 1.83e-03    -  1.00e+00 1.00e+00H  1
2925  2.2854917e-03 2.42e-04 2.48e-02 -11.0 2.28e-03    -  1.00e+00 1.00e+00h  1
2926  2.2859516e-03 1.25e-04 3.99e-02 -11.0 1.24e-03    -  1.00e+00 5.00e-01h  2
2927  2.2848908e-03 1.32e-05 1.37e-02 -11.0 3.66e-04    -  1.00e+00 1.00e+00h  1
2928  2.2845206e-03 2.19e-05 6.18e-03 -11.0 3.35e-04    -  1.00e+00 1.00e+00h  1
2929  2.2840008e-03 3.25e-05 2.60e-02 -11.0 1.18e-03    -  1.00e+00 1.00e+00h  1
iter    objective    inf_pr   inf_du lg(mu)  ||d||  lg(rg) alpha_du alpha_pr  ls
2930  2.2838445e-03 3.26e-04 5.41e-02 -11.0 2.39e-02    -  1.00e+00 2.50e-01h  3
2931  2.2831165e-03 5.25e-04 1.18e-01 -11.0 1.51e-01    -  1.00e+00 3.12e-02h  6
2932  2.2827111e-03 5.50e-04 1.60e-01 -11.0 5.46e-02    -  1.00e+00 3.12e-02h  6
2933  2.2812348e-03 7.01e-04 2.63e-01 -11.0 3.37e-02    -  1.00e+00 1.25e-01h  4
2934  2.2797601e-03 1.11e-03 3.26e-01 -11.0 3.53e-01    -  1.00e+00 1.56e-02h  7
2935  2.2793127e-03 1.10e-03 3.25e-01 -11.0 4.28e-02    -  1.00e+00 3.12e-02h  6
2936  2.2796966e-03 5.83e-04 1.65e-01 -11.0 5.38e-03    -  1.00e+00 5.00e-01h  2
2937  2.2788223e-03 7.75e-04 3.81e-02 -11.0 2.05e-02    -  1.00e+00 2.50e-01h  3
2938  2.2782689e-03 8.81e-04 3.26e-02 -11.0 1.04e-01    -  1.00e+00 3.12e-02h  6
2939  2.2783962e-03 8.14e-04 4.55e-02 -11.0 1.84e-02    -  1.00e+00 1.25e-01h  4
iter    objective    inf_pr   inf_du lg(mu)  ||d||  lg(rg) alpha_du alpha_pr  ls
2940  2.3027094e-03 6.38e-03 3.75e-01 -11.0 2.65e-02    -  1.00e+00 1.00e+00w  1
2941  1.2081184e-02 1.24e+00 3.91e+00 -11.0 3.94e-01    -  1.00e+00 1.00e+00w  1
2942  3.5053475e-02 1.88e+00 2.81e+00 -11.0 1.38e-01    -  1.00e+00 1.00e+00w  1
2943  2.2760848e-03 1.01e-03 1.26e-01 -11.0 1.04e-01    -  1.00e+00 2.50e-01h  2
2944  2.2751758e-03 1.14e-03 1.51e-01 -11.0 2.59e-01    -  1.00e+00 1.56e-02h  7
2945  2.2744574e-03 1.19e-03 1.46e-01 -11.0 1.77e-01    -  1.00e+00 1.56e-02h  7
2946  2.2749087e-03 1.17e-03 1.06e-01 -11.0 4.79e-02    -  1.00e+00 3.12e-02h  6
2947  2.2742853e-03 6.28e-05 3.53e-02 -11.0 1.29e-03    -  1.00e+00 1.00e+00h  1
2948  2.2775635e-03 1.36e-06 4.98e-02 -11.0 8.99e-04    -  1.00e+00 1.00e+00H  1
2949  2.2730997e-03 7.97e-05 8.42e-03 -11.0 6.87e-04    -  1.00e+00 1.00e+00h  1
iter    objective    inf_pr   inf_du lg(mu)  ||d||  lg(rg) alpha_du alpha_pr  ls
2950  2.2730857e-03 4.94e-06 9.55e-03 -11.0 4.66e-04    -  1.00e+00 1.00e+00h  1
2951  2.2728557e-03 3.90e-06 1.12e-02 -11.0 5.66e-04    -  1.00e+00 1.00e+00h  1
2952  2.2727178e-03 5.91e-06 1.91e-02 -11.0 9.31e-03    -  1.00e+00 6.25e-02h  5
2953  2.2735429e-03 8.94e-07 3.16e-02 -11.0 3.65e-03    -  1.00e+00 1.00e+00H  1
2954  2.2980698e-03 2.23e-07 4.74e-02 -11.0 1.36e-02    -  1.00e+00 1.00e+00H  1
2955  2.2975418e-03 2.20e-07 4.70e-02 -11.0 1.08e-02    -  1.00e+00 7.81e-03h  8
2956  2.2967440e-03 2.20e-07 4.64e-02 -11.0 8.01e-03    -  1.00e+00 7.81e-03h  8
2957  2.2964449e-03 2.20e-07 4.61e-02 -11.0 1.02e-02    -  1.00e+00 3.91e-03h  9
2958  2.2962775e-03 2.25e-07 4.62e-02 -11.0 1.55e-02    -  1.00e+00 1.95e-03h 10
2959  2.2958521e-03 2.56e-07 4.48e-02 -11.0 4.57e-03    -  1.00e+00 3.91e-03h  9
iter    objective    inf_pr   inf_du lg(mu)  ||d||  lg(rg) alpha_du alpha_pr  ls
2960  2.2710524e-03 5.68e-04 2.97e-02 -11.0 6.35e-03    -  1.00e+00 1.00e+00h  1
2961  2.3165918e-03 2.48e-07 7.00e-02 -11.0 3.39e-03    -  1.00e+00 1.00e+00H  1
2962  2.2690111e-03 7.58e-04 8.52e-03 -11.0 3.12e-03    -  1.00e+00 1.00e+00h  1
2963  2.2697076e-03 5.37e-05 5.57e-03 -11.0 4.49e-04    -  1.00e+00 1.00e+00h  1
2964  2.2695490e-03 1.82e-06 2.45e-03 -11.0 1.25e-04    -  1.00e+00 1.00e+00h  1
2965  2.2695176e-03 6.13e-08 2.56e-03 -11.0 6.98e-05    -  1.00e+00 1.00e+00h  1
2966  2.2695564e-03 9.09e-09 4.35e-04 -11.0 1.05e-03    -  1.00e+00 1.00e+00H  1
2967  2.2692524e-03 9.66e-06 3.97e-02 -11.0 5.37e-03    -  1.00e+00 2.50e-01h  3
2968  2.2691069e-03 9.32e-06 4.12e-02 -11.0 7.78e-03    -  1.00e+00 6.25e-02h  5
2969  2.2703572e-03 2.82e-09 9.13e-04 -11.0 1.94e-03    -  1.00e+00 1.00e+00H  1
iter    objective    inf_pr   inf_du lg(mu)  ||d||  lg(rg) alpha_du alpha_pr  ls
2970  2.2689614e-03 5.08e-05 3.62e-02 -11.0 1.95e-03    -  1.00e+00 5.00e-01h  2
2971  2.2685800e-03 5.66e-05 1.78e-02 -11.0 1.93e-03    -  1.00e+00 5.00e-01h  2
2972  2.2683991e-03 2.02e-05 3.21e-02 -11.0 1.58e-03    -  1.00e+00 1.00e+00h  1
2973  2.2678318e-03 2.46e-05 3.33e-02 -11.0 5.60e-03    -  1.00e+00 2.50e-01h  3
2974  2.2675119e-03 2.60e-05 4.48e-02 -11.0 5.16e-03    -  1.00e+00 1.25e-01h  4
2975  2.2694285e-03 8.53e-07 5.04e-02 -11.0 2.52e-03    -  1.00e+00 1.00e+00H  1
2976  2.2685913e-03 1.60e-05 7.11e-02 -11.0 7.05e-03    -  1.00e+00 1.25e-01h  4
2977  2.2676454e-03 3.33e-05 7.73e-02 -11.0 1.51e-03    -  1.00e+00 5.00e-01h  2
2978  2.2663330e-03 9.85e-05 4.13e-02 -11.0 8.02e-04    -  1.00e+00 1.00e+00h  1
2979  2.2665024e-03 1.72e-07 3.67e-02 -11.0 1.75e-03    -  1.00e+00 1.00e+00H  1
iter    objective    inf_pr   inf_du lg(mu)  ||d||  lg(rg) alpha_du alpha_pr  ls
2980  2.2694159e-03 1.11e-08 1.11e-03 -11.0 3.49e-03    -  1.00e+00 1.00e+00H  1
2981  2.2693080e-03 5.55e-08 1.45e-03 -11.0 3.96e-03    -  1.00e+00 7.81e-03h  8
2982  2.2691595e-03 1.42e-07 3.31e-03 -11.0 3.38e-03    -  1.00e+00 7.81e-03h  8
2983  2.2645512e-03 2.05e-04 2.49e-02 -11.0 1.74e-03    -  1.00e+00 1.00e+00h  1
2984  2.2647398e-03 1.14e-04 3.29e-02 -11.0 1.46e-03    -  1.00e+00 5.00e-01h  2
2985  2.2639668e-03 2.39e-05 1.57e-03 -11.0 1.11e-03    -  1.00e+00 1.00e+00h  1
2986  2.2638448e-03 2.08e-05 1.29e-02 -11.0 5.65e-03    -  1.00e+00 1.25e-01h  4
2987  2.2636857e-03 1.95e-05 8.27e-03 -11.0 1.95e-03    -  1.00e+00 1.00e+00h  1
2988  2.2633305e-03 4.61e-05 2.63e-02 -11.0 1.97e-02    -  1.00e+00 1.25e-01h  4
2989  2.2628503e-03 9.46e-05 5.49e-02 -11.0 5.25e-02    -  1.00e+00 6.25e-02h  5
iter    objective    inf_pr   inf_du lg(mu)  ||d||  lg(rg) alpha_du alpha_pr  ls
2990  2.2628426e-03 2.01e-04 6.94e-02 -11.0 9.05e-02    -  1.00e+00 6.25e-02h  5
2991  2.2627123e-03 2.29e-04 7.27e-02 -11.0 9.62e-02    -  1.00e+00 3.12e-02h  6
2992  2.2624549e-03 2.46e-04 7.07e-02 -11.0 6.03e-02    -  1.00e+00 3.12e-02h  6
2993  2.2613759e-03 1.09e-03 1.01e-01 -11.0 2.23e-01    -  1.00e+00 6.25e-02h  5
2994  2.2612278e-03 1.54e-03 1.06e-01 -11.0 1.36e+00    -  1.00e+00 7.81e-03h  8
2995  2.2607442e-03 1.86e-03 7.20e-02 -11.0 1.19e+00    -  1.00e+00 7.81e-03h  8
2996  2.2602335e-03 2.16e-03 4.62e-02 -11.0 5.43e-01    -  1.00e+00 1.56e-02h  7
2997  2.2605521e-03 2.18e-03 9.25e-02 -11.0 1.35e-01    -  1.00e+00 1.56e-02h  7
2998  2.2656511e-03 1.20e-03 1.02e-01 -11.0 1.52e-02    -  1.00e+00 1.00e+00w  1
2999  4.9107018e-03 1.09e-01 1.31e+00 -11.0 1.00e-01    -  1.00e+00 1.00e+00w  1
iter    objective    inf_pr   inf_du lg(mu)  ||d||  lg(rg) alpha_du alpha_pr  ls
3000  2.7596294e-03 4.87e-02 9.41e-01 -11.0 7.67e-02    -  1.00e+00 1.00e+00w  1

Number of Iterations....: 3000

                                   (scaled)                 (unscaled)
Objective...............:   2.2605521084212445e-03    2.2605521084212445e-03
Dual infeasibility......:   9.2496188936089241e-02    9.2496188936089241e-02
Constraint violation....:   2.1805773308225321e-03    2.1805773308225321e-03
Variable bound violation:   0.0000000000000000e+00    0.0000000000000000e+00
Complementarity.........:   0.0000000000000000e+00    0.0000000000000000e+00
Overall NLP error.......:   9.2496188936089241e-02    9.2496188936089241e-02


Number of objective function evaluations             = 13621
Number of objective gradient evaluations             = 3001
Number of equality constraint evaluations            = 13635
Number of inequality constraint evaluations          = 0
Number of equality constraint Jacobian evaluations   = 3001
Number of inequality constraint Jacobian evaluations = 0
Number of Lagrangian Hessian evaluations             = 0
Total seconds in IPOPT                               = 3686.962

EXIT: Maximum Number of Iterations Exceeded.
shapovalova [3696s]  loss=0.00226
  [final]  nrmse=568.1  l2=39590.0
saved /orcd/home/002/txenakis/projects/BVPsolver/src/../data/runs/run_O3Zo2Zqg/vanderpol_fit.png
saved /orcd/home/002/txenakis/projects/BVPsolver/src/../data/runs/run_O3Zo2Zqg/vanderpol_spectral_fit.png
┌ Warning: Attempting to store StiffNN.var"#14#15"{Float64}.
│ JLD2 only stores functions by name.
│  This may not be useful for anonymous functions.
└ @ JLD2 ~/.julia/packages/JLD2/ADycq/src/data/writing_datatypes.jl:447
saved run → /orcd/home/002/txenakis/projects/BVPsolver/src/../data/runs/run_O3Zo2Zqg
--------------------------------------
Done: Wed Aug 12 11:30:29 EDT 2026
