Task 70/214: --problem vanderpol --model mlp --profile fast --seed 11 --pretraining none --training shapovalova
Logging to /home/txenakis/projects/BVPsolver/logs/run_main_20252509_70.log
vanderpol  model=mlp d=2 tlen=151 profile=fast seed=11  solver=Kvaerno5  N=218

******************************************************************************
This program contains Ipopt, a library for large-scale nonlinear optimization.
 Ipopt is released as open source code under the Eclipse Public License (EPL).
         For more information visit https://github.com/coin-or/Ipopt
******************************************************************************

This is Ipopt version 3.14.19, running with linear solver MUMPS 5.9.0.

Number of nonzeros in equality constraint Jacobian...:   111742
Number of nonzeros in inequality constraint Jacobian.:        0
Number of nonzeros in Lagrangian Hessian.............:        0

Total number of variables............................:      520
                     variables with only lower bounds:        0
                variables with lower and upper bounds:        0
                     variables with only upper bounds:        0
Total number of equality constraints.................:      304
Total number of inequality constraints...............:        0
        inequality constraints with only lower bounds:        0
   inequality constraints with lower and upper bounds:        0
        inequality constraints with only upper bounds:        0

iter    objective    inf_pr   inf_du lg(mu)  ||d||  lg(rg) alpha_du alpha_pr  ls
   0  6.0553993e-05 2.20e+00 3.42e-06   0.0 0.00e+00    -  0.00e+00 0.00e+00   0
   1  2.4769780e+01 6.82e-01 4.48e+01 -11.0 2.15e+00    -  1.00e+00 1.00e+00h  1
   2  1.4702442e+01 3.54e+00 2.22e+01 -11.0 2.09e+00    -  1.00e+00 1.00e+00f  1
   3  4.2355965e+00 1.02e+00 1.00e+01 -11.0 7.14e-01    -  1.00e+00 1.00e+00f  1
   4  6.2833009e+00 1.19e+00 1.19e+01 -11.0 9.37e-01    -  1.00e+00 1.00e+00h  1
   5  2.9548037e+00 4.58e-01 1.41e+01 -11.0 8.22e-01    -  1.00e+00 1.00e+00f  1
   6  2.1232668e+00 5.58e-01 4.16e+00 -11.0 3.85e-01    -  1.00e+00 1.00e+00h  1
   7  1.7077519e+00 3.53e-01 3.11e+00 -11.0 2.59e-01    -  1.00e+00 1.00e+00h  1
   8  1.2352218e+00 8.58e-01 8.74e+00 -11.0 2.05e+00    -  1.00e+00 2.50e-01f  3
   9  9.2225280e-01 2.53e-01 6.19e+00 -11.0 3.61e-01    -  1.00e+00 1.00e+00h  1
iter    objective    inf_pr   inf_du lg(mu)  ||d||  lg(rg) alpha_du alpha_pr  ls
  10  5.8725512e-01 1.09e-01 4.07e+00 -11.0 4.26e-01    -  1.00e+00 5.00e-01h  2
  11  5.6698966e-01 1.32e-01 3.38e+00 -11.0 3.17e-01    -  1.00e+00 1.00e+00h  1
  12  4.4753247e-01 1.31e-01 3.65e+00 -11.0 2.21e-01    -  1.00e+00 1.00e+00h  1
  13  3.8552566e-01 2.17e-01 1.99e+01 -11.0 2.54e-01    -  1.00e+00 1.00e+00h  1
  14  3.0090442e-01 7.55e-02 1.76e+01 -11.0 1.45e-01    -  1.00e+00 1.00e+00h  1
  15  2.4667575e-01 1.34e-01 4.97e+00 -11.0 1.40e-01    -  1.00e+00 1.00e+00h  1
  16  1.9973738e-01 9.24e-02 4.69e+00 -11.0 1.77e-01    -  1.00e+00 5.00e-01h  2
  17  1.6715392e-01 9.02e-02 3.29e+00 -11.0 1.42e-01    -  1.00e+00 5.00e-01h  2
  18  1.3668738e-01 1.72e-01 2.50e+00 -11.0 2.08e-01    -  1.00e+00 5.00e-01h  2
  19  1.1816516e-01 1.94e-01 4.43e+00 -11.0 3.67e-01    -  1.00e+00 2.50e-01h  3
iter    objective    inf_pr   inf_du lg(mu)  ||d||  lg(rg) alpha_du alpha_pr  ls
  20  1.2020048e-01 1.76e-01 3.76e+00 -11.0 1.92e-01    -  1.00e+00 5.00e-01h  2
  21  1.2220960e-01 3.59e-02 1.65e+00 -11.0 7.08e-02    -  1.00e+00 1.00e+00h  1
  22  1.1801914e-01 7.47e-03 9.58e-01 -11.0 4.13e-02    -  1.00e+00 1.00e+00h  1
  23  9.8179567e-02 1.37e-02 1.92e+00 -11.0 4.70e-02    -  1.00e+00 1.00e+00h  1
  24  8.9008609e-02 2.84e-02 7.86e-01 -11.0 8.70e-02    -  1.00e+00 1.00e+00h  1
  25  9.7839316e-02 1.24e-02 1.03e+00 -11.0 1.61e-01    -  1.00e+00 1.00e+00H  1
  26  8.6107748e-02 1.91e-02 1.50e+00 -11.0 6.80e-02    -  1.00e+00 1.00e+00h  1
  27  8.1293126e-02 1.23e-02 8.50e-01 -11.0 4.75e-02    -  1.00e+00 1.00e+00h  1
  28  7.5902096e-02 9.25e-04 3.80e-01 -11.0 1.51e-02    -  1.00e+00 1.00e+00h  1
  29  7.7161396e-02 2.50e-04 5.46e-01 -11.0 3.06e-02    -  1.00e+00 1.00e+00H  1
iter    objective    inf_pr   inf_du lg(mu)  ||d||  lg(rg) alpha_du alpha_pr  ls
  30  7.5444532e-02 3.08e-03 4.92e-01 -11.0 2.81e-02    -  1.00e+00 1.00e+00h  1
  31  7.4140448e-02 1.12e-02 6.99e-01 -11.0 9.62e-02    -  1.00e+00 5.00e-01h  2
  32  6.8626394e-02 9.23e-02 1.67e+00 -11.0 1.37e-01    -  1.00e+00 1.00e+00h  1
  33  6.5105088e-02 1.08e-01 1.91e+00 -11.0 1.03e+00    -  1.00e+00 6.25e-02h  5
  34  6.1323468e-02 1.03e-01 2.76e+00 -11.0 3.58e-01    -  1.00e+00 2.50e-01h  3
  35  5.8257755e-02 9.18e-02 2.71e+00 -11.0 3.31e-01    -  1.00e+00 1.25e-01h  4
  36  6.9782962e-02 1.04e-02 4.68e+00 -11.0 1.26e-01    -  1.00e+00 1.00e+00H  1
  37  6.3984739e-02 2.69e-02 4.60e+00 -11.0 3.69e-01    -  1.00e+00 1.25e-01h  4
  38  5.8990103e-02 4.23e-02 2.84e+00 -11.0 1.73e-01    -  1.00e+00 5.00e-01h  2
  39  5.5793393e-02 4.95e-02 2.47e+00 -11.0 3.19e-01    -  1.00e+00 2.50e-01h  3
iter    objective    inf_pr   inf_du lg(mu)  ||d||  lg(rg) alpha_du alpha_pr  ls
  40  5.5646414e-02 6.23e-02 3.92e+00 -11.0 7.54e-01    -  1.00e+00 6.25e-02h  5
  41  5.4258036e-02 3.16e-01 7.64e+00 -11.0 4.71e-01    -  1.00e+00 5.00e-01h  2
  42  4.6587161e-02 2.34e-01 4.75e+00 -11.0 1.88e-01    -  1.00e+00 2.50e-01h  3
  43  5.3173892e-02 4.44e-02 1.12e+00 -11.0 8.44e-02    -  1.00e+00 1.00e+00h  1
  44  5.1611847e-02 2.19e-02 6.34e+00 -11.0 8.81e-02    -  1.00e+00 5.00e-01h  2
  45  5.5749080e-02 1.59e-02 7.80e+01 -11.0 5.74e-02    -  1.00e+00 1.00e+00h  1
  46  5.8900231e-02 1.80e-02 7.50e+01 -11.0 7.80e-02    -  1.00e+00 1.00e+00H  1
  47  5.0799082e-02 2.58e-02 3.45e+00 -11.0 7.39e-02    -  1.00e+00 1.00e+00h  1
  48  5.0111857e-02 1.85e-02 2.61e+01 -11.0 7.73e-02    -  1.00e+00 1.00e+00h  1
  49  4.5528875e-02 1.08e-02 8.62e+00 -11.0 3.87e-02    -  1.00e+00 1.00e+00h  1
iter    objective    inf_pr   inf_du lg(mu)  ||d||  lg(rg) alpha_du alpha_pr  ls
  50  4.6476614e-02 9.33e-03 8.01e+00 -11.0 2.94e-02    -  1.00e+00 1.00e+00h  1
  51  4.6613837e-02 1.04e-03 1.31e+00 -11.0 3.89e-02    -  1.00e+00 1.00e+00h  1
  52  4.6080008e-02 3.92e-03 5.20e+00 -11.0 2.00e-02    -  1.00e+00 1.00e+00h  1
  53  4.4537952e-02 9.17e-03 2.93e+00 -11.0 3.22e-02    -  1.00e+00 1.00e+00h  1
  54  4.4027626e-02 7.71e-03 2.54e+00 -11.0 1.19e-01    -  1.00e+00 1.25e-01h  4
  55  4.3971421e-02 8.29e-04 7.53e-01 -11.0 9.20e-03    -  1.00e+00 1.00e+00h  1
  56  4.3901743e-02 7.97e-04 8.59e-01 -11.0 2.21e-02    -  1.00e+00 1.00e+00h  1
  57  4.2796697e-02 1.49e-02 7.98e-01 -11.0 1.94e-02    -  1.00e+00 1.00e+00h  1
  58  4.3591589e-02 1.04e-02 2.11e+00 -11.0 2.85e-02    -  1.00e+00 1.00e+00H  1
  59  4.2624547e-02 2.19e-03 1.10e+00 -11.0 1.50e-02    -  1.00e+00 1.00e+00h  1
iter    objective    inf_pr   inf_du lg(mu)  ||d||  lg(rg) alpha_du alpha_pr  ls
  60  4.1616942e-02 5.82e-04 1.68e+00 -11.0 1.44e-02    -  1.00e+00 1.00e+00h  1
  61  4.1416760e-02 2.76e-04 1.55e-01 -11.0 9.51e-03    -  1.00e+00 1.00e+00h  1
  62  4.1033808e-02 5.52e-04 2.72e-01 -11.0 7.26e-03    -  1.00e+00 1.00e+00h  1
  63  4.0245101e-02 9.85e-03 4.01e-01 -11.0 2.89e-02    -  1.00e+00 1.00e+00h  1
  64  3.9970694e-02 1.06e-02 5.66e-01 -11.0 1.29e-01    -  1.00e+00 1.25e-01h  4
  65  3.9427067e-02 1.64e-02 6.12e-01 -11.0 1.07e-01    -  1.00e+00 2.50e-01h  3
  66  3.9304986e-02 3.61e-02 4.73e-01 -11.0 2.17e-01    -  1.00e+00 2.50e-01h  3
  67  3.8859895e-02 4.03e-02 1.46e+00 -11.0 1.89e-01    -  1.00e+00 2.50e-01h  3
  68  3.8264365e-02 4.14e-02 1.70e+00 -11.0 2.05e-01    -  1.00e+00 1.25e-01h  4
  69  3.7848962e-02 3.16e-02 1.61e+00 -11.0 6.51e-02    -  1.00e+00 2.50e-01h  3
iter    objective    inf_pr   inf_du lg(mu)  ||d||  lg(rg) alpha_du alpha_pr  ls
  70  3.7833737e-02 1.11e-02 7.21e-01 -11.0 2.74e-02    -  1.00e+00 1.00e+00h  1
  71  3.7794113e-02 3.57e-03 5.18e-01 -11.0 2.17e-02    -  1.00e+00 1.00e+00h  1
  72  3.6900001e-02 2.83e-04 6.33e-01 -11.0 7.74e-03    -  1.00e+00 1.00e+00h  1
  73  3.6752737e-02 4.64e-04 2.11e-01 -11.0 3.59e-03    -  1.00e+00 1.00e+00h  1
  74  3.6572315e-02 4.85e-03 2.63e-01 -11.0 1.54e-02    -  1.00e+00 1.00e+00h  1
  75  3.6476896e-02 6.88e-03 5.91e-01 -11.0 4.42e-01    -  1.00e+00 3.12e-02h  6
  76  3.6344883e-02 8.88e-03 1.47e+00 -11.0 1.87e-01    -  1.00e+00 1.25e-01h  4
  77  3.6304579e-02 1.48e-02 3.74e+00 -11.0 1.47e-01    -  1.00e+00 2.50e-01h  3
  78  3.6432113e-02 1.05e-02 5.10e+00 -11.0 8.32e-02    -  1.00e+00 2.50e-01h  3
  79  3.6096711e-02 5.44e-03 3.68e+00 -11.0 2.01e-02    -  1.00e+00 5.00e-01h  2
iter    objective    inf_pr   inf_du lg(mu)  ||d||  lg(rg) alpha_du alpha_pr  ls
  80  3.6072797e-02 1.84e-03 1.67e+00 -11.0 1.70e-02    -  1.00e+00 1.00e+00h  1
  81  3.6532493e-02 1.37e-03 2.26e+00 -11.0 2.56e-02    -  1.00e+00 1.00e+00H  1
  82  3.6047267e-02 2.48e-03 1.29e+00 -11.0 2.55e-02    -  1.00e+00 1.00e+00h  1
  83  3.5851588e-02 2.68e-03 1.06e+00 -11.0 4.38e-02    -  1.00e+00 2.50e-01h  3
  84  3.6453195e-02 1.24e-03 1.47e+00 -11.0 2.33e-02    -  1.00e+00 1.00e+00H  1
  85  3.5992970e-02 1.93e-03 6.87e-01 -11.0 3.37e-02    -  1.00e+00 5.00e-01h  2
  86  3.5797086e-02 3.54e-03 3.97e-01 -11.0 2.75e-02    -  1.00e+00 5.00e-01h  2
  87  3.5643812e-02 3.83e-03 5.49e-01 -11.0 1.48e-02    -  1.00e+00 1.00e+00h  1
  88  3.5951923e-02 3.05e-03 1.54e+00 -11.0 1.47e-02    -  1.00e+00 1.00e+00h  1
  89  3.5609143e-02 2.34e-03 2.93e-01 -11.0 8.27e-03    -  1.00e+00 1.00e+00h  1
iter    objective    inf_pr   inf_du lg(mu)  ||d||  lg(rg) alpha_du alpha_pr  ls
  90  3.5573526e-02 9.13e-04 7.49e-01 -11.0 6.40e-03    -  1.00e+00 1.00e+00h  1
  91  3.5402211e-02 2.46e-04 3.07e-01 -11.0 3.26e-03    -  1.00e+00 1.00e+00h  1
  92  3.5366746e-02 2.57e-05 1.13e-01 -11.0 3.87e-03    -  1.00e+00 1.00e+00h  1
  93  3.5333256e-02 6.53e-04 1.32e+00 -11.0 1.76e-02    -  1.00e+00 1.00e+00h  1
  94  3.5301802e-02 2.53e-03 2.35e+00 -11.0 7.20e-02    -  1.00e+00 5.00e-01h  2
  95  3.5251785e-02 2.66e-03 1.75e+00 -11.0 1.35e-01    -  1.00e+00 6.25e-02h  5
  96  3.5206011e-02 1.33e-03 3.09e-01 -11.0 1.13e-02    -  1.00e+00 1.00e+00h  1
  97  3.5337992e-02 7.71e-04 1.43e+00 -11.0 1.41e-02    -  1.00e+00 1.00e+00h  1
  98  3.5253420e-02 7.50e-04 1.16e+00 -11.0 4.54e-02    -  1.00e+00 6.25e-02h  5
  99  3.5021267e-02 6.65e-04 1.34e+00 -11.0 7.44e-02    -  1.00e+00 1.25e-01h  4
iter    objective    inf_pr   inf_du lg(mu)  ||d||  lg(rg) alpha_du alpha_pr  ls
 100  3.4819891e-02 2.00e-03 1.16e+00 -11.0 1.02e-01    -  1.00e+00 2.50e-01h  3
 101  3.4818190e-02 1.70e-03 1.08e+00 -11.0 1.81e-01    -  1.00e+00 3.12e-02h  6
 102  3.4810733e-02 2.00e-04 3.89e-01 -11.0 5.07e-03    -  1.00e+00 1.00e+00h  1
 103  3.4721226e-02 3.70e-05 2.86e-01 -11.0 3.16e-03    -  1.00e+00 1.00e+00h  1
 104  3.4681156e-02 3.21e-04 2.18e-01 -11.0 1.10e-02    -  1.00e+00 1.00e+00h  1
 105  3.4621642e-02 4.11e-03 8.88e-01 -11.0 3.06e-01    -  1.00e+00 1.25e-01h  4
 106  3.4565937e-02 6.23e-03 1.11e+00 -11.0 1.45e+00    -  1.00e+00 1.56e-02h  7
 107  3.4467477e-02 1.32e-02 1.06e+00 -11.0 4.08e-01    -  1.00e+00 1.25e-01h  4
 108  3.4508557e-02 1.32e-02 1.29e+00 -11.0 3.35e+00    -  1.00e+00 3.91e-03h  9
 109  3.4412585e-02 1.34e-02 1.61e+00 -11.0 1.98e-01    -  1.00e+00 1.25e-01h  4
iter    objective    inf_pr   inf_du lg(mu)  ||d||  lg(rg) alpha_du alpha_pr  ls
 110  3.4385754e-02 2.13e-02 2.78e+00 -11.0 1.42e+00    -  1.00e+00 3.12e-02h  6
 111  3.4407692e-02 2.12e-02 3.36e+00 -11.0 1.18e+00    -  1.00e+00 1.56e-02h  7
 112  3.4372356e-02 1.93e-02 2.92e+00 -11.0 9.68e-02    -  1.00e+00 6.25e-02h  5
 113  3.4394584e-02 1.85e-02 2.40e+00 -11.0 2.14e-01    -  1.00e+00 1.25e-01h  4
 114  3.4456178e-02 1.69e-02 2.41e+00 -11.0 1.38e-01    -  1.00e+00 1.25e-01h  4
 115  5.3652961e-02 2.90e-01 2.44e+00 -11.0 3.19e-01    -  1.00e+00 1.00e+00w  1
 116  7.1886236e-02 7.05e-01 3.66e+01 -11.0 4.74e-01    -  1.00e+00 1.00e+00w  1
 117  1.4480292e+00 2.45e+00 8.81e+01 -11.0 6.31e-01    -  1.00e+00 1.00e+00w  1
 118  3.4437288e-02 1.70e-02 2.18e+00 -11.0 5.68e-01    -  1.00e+00 6.25e-02h  4
 119  3.4494722e-02 1.50e-02 1.87e+00 -11.0 4.20e-02    -  1.00e+00 1.25e-01h  4
iter    objective    inf_pr   inf_du lg(mu)  ||d||  lg(rg) alpha_du alpha_pr  ls
 120  3.4534038e-02 1.34e-02 1.56e+00 -11.0 7.74e-02    -  1.00e+00 1.25e-01h  4
 121  3.4549355e-02 1.26e-02 1.41e+00 -11.0 5.00e-02    -  1.00e+00 6.25e-02h  5
 122  3.4553736e-02 1.22e-02 1.35e+00 -11.0 6.57e-02    -  1.00e+00 3.12e-02h  6
 123  3.4556430e-02 1.21e-02 1.33e+00 -11.0 3.56e-01    -  1.00e+00 1.56e-02h  7
 124  3.4555595e-02 1.21e-02 1.33e+00 -11.0 1.04e+01    -  1.00e+00 2.44e-04h 13
 125  3.4554861e-02 1.21e-02 1.33e+00 -11.0 3.37e+01    -  1.00e+00 1.53e-05h 17
 126  3.4553630e-02 1.21e-02 1.33e+00 -11.0 2.56e+01    -  1.00e+00 6.10e-05h 15
 127  3.4560744e-02 1.19e-02 1.33e+00 -11.0 5.02e-03    -  1.00e+00 1.56e-02h  7
 128  3.5362384e-02 1.35e-04 2.67e+00 -11.0 5.31e-03    -  1.00e+00 1.00e+00w  1
 129  3.5491942e-02 3.98e-04 7.20e+01 -11.0 7.27e-03    -  1.00e+00 1.00e+00w  1
iter    objective    inf_pr   inf_du lg(mu)  ||d||  lg(rg) alpha_du alpha_pr  ls
 130  3.4781267e-02 4.73e-05 5.49e+00 -11.0 4.04e-03    -  1.00e+00 1.00e+00h  1
 131  3.4497010e-02 9.20e-05 4.35e+00 -11.0 4.01e-03    -  1.00e+00 1.00e+00h  1
 132  3.4439123e-02 9.16e-05 1.02e+00 -11.0 1.83e-03    -  1.00e+00 1.00e+00h  1
 133  3.4418188e-02 1.35e-04 4.06e-01 -11.0 6.99e-03    -  1.00e+00 1.00e+00H  1
 134  3.4341130e-02 5.10e-05 9.68e-01 -11.0 3.54e-03    -  1.00e+00 1.00e+00h  1
 135  3.4323267e-02 2.29e-05 3.64e-01 -11.0 1.99e-03    -  1.00e+00 1.00e+00h  1
 136  3.4310798e-02 8.68e-05 5.79e-01 -11.0 1.55e-02    -  1.00e+00 2.50e-01h  3
 137  3.4291709e-02 2.18e-04 1.07e+00 -11.0 1.96e-02    -  1.00e+00 2.50e-01h  3
 138  3.4274130e-02 3.71e-04 7.34e-01 -11.0 5.86e-02    -  1.00e+00 6.25e-02h  5
 139  3.4274125e-02 3.89e-04 3.84e-01 -11.0 2.61e-02    -  1.00e+00 1.25e-01h  4
iter    objective    inf_pr   inf_du lg(mu)  ||d||  lg(rg) alpha_du alpha_pr  ls
 140  3.4218826e-02 3.22e-04 1.60e-01 -11.0 2.98e-03    -  1.00e+00 1.00e+00h  1
 141  3.4195589e-02 1.26e-04 1.19e-01 -11.0 3.76e-03    -  1.00e+00 1.00e+00h  1
 142  3.4183031e-02 3.03e-04 2.37e-01 -11.0 1.62e-02    -  1.00e+00 2.50e-01h  3
 143  3.4170000e-02 5.57e-04 2.94e-01 -11.0 4.64e-02    -  1.00e+00 1.25e-01h  4
 144  3.4166033e-02 6.19e-04 1.51e-01 -11.0 1.30e+00    -  1.00e+00 1.95e-03h 10
 145  3.4233251e-02 9.84e-05 5.65e-01 -11.0 2.27e-02    -  1.00e+00 1.00e+00H  1
 146  3.4231387e-02 9.84e-05 5.09e-01 -11.0 8.62e-01    -  1.00e+00 9.77e-04h 11
 147  3.4176864e-02 4.01e-04 2.37e-01 -11.0 9.42e-03    -  1.00e+00 5.00e-01h  2
 148  3.4127569e-02 1.61e-03 1.51e-01 -11.0 7.78e-02    -  1.00e+00 1.25e-01h  4
 149  3.4084119e-02 1.87e-03 1.79e-01 -11.0 1.48e-01    -  1.00e+00 6.25e-02h  5
iter    objective    inf_pr   inf_du lg(mu)  ||d||  lg(rg) alpha_du alpha_pr  ls
 150  3.4068729e-02 1.69e-03 1.25e-01 -11.0 3.41e-02    -  1.00e+00 1.25e-01h  4
 151  3.4058916e-02 8.52e-04 1.05e-01 -11.0 9.17e-03    -  1.00e+00 5.00e-01h  2
 152  3.4050974e-02 1.21e-04 7.47e-01 -11.0 4.33e-03    -  1.00e+00 1.00e+00h  1
 153  3.4036560e-02 5.85e-04 1.54e-01 -11.0 6.03e-03    -  1.00e+00 1.00e+00h  1
 154  3.4030002e-02 1.60e-03 6.78e-01 -11.0 2.29e-02    -  1.00e+00 5.00e-01h  2
 155  3.4024937e-02 1.33e-03 8.51e-01 -11.0 1.69e-02    -  1.00e+00 1.25e-01h  4
 156  3.4018241e-02 3.81e-04 3.50e-01 -11.0 6.79e-03    -  1.00e+00 1.00e+00h  1
 157  3.3998418e-02 3.61e-04 8.15e-01 -11.0 2.44e-02    -  1.00e+00 1.25e-01h  4
 158  3.3984479e-02 5.38e-04 2.14e-01 -11.0 7.30e-03    -  1.00e+00 1.00e+00h  1
 159  3.3979305e-02 9.17e-04 2.27e-01 -11.0 4.06e-02    -  1.00e+00 1.25e-01h  4
iter    objective    inf_pr   inf_du lg(mu)  ||d||  lg(rg) alpha_du alpha_pr  ls
 160  3.3978157e-02 6.30e-04 4.28e-01 -11.0 1.10e-02    -  1.00e+00 2.50e-01h  3
 161  3.3998093e-02 4.17e-04 4.42e-01 -11.0 7.28e-03    -  1.00e+00 1.00e+00h  1
 162  3.3965626e-02 4.58e-04 1.00e-01 -11.0 7.30e-03    -  1.00e+00 1.00e+00h  1
 163  3.4026673e-02 3.48e-04 1.72e+00 -11.0 1.49e-02    -  1.00e+00 1.00e+00H  1
 164  3.3991316e-02 2.62e-04 1.30e+00 -11.0 9.68e-03    -  1.00e+00 2.50e-01h  3
 165  3.3955254e-02 2.24e-04 3.64e-01 -11.0 9.73e-03    -  1.00e+00 5.00e-01h  2
 166  3.3951591e-02 4.06e-04 2.66e-01 -11.0 2.18e-02    -  1.00e+00 1.25e-01h  4
 167  3.4138561e-02 1.96e-04 3.23e-01 -11.0 9.94e-03    -  1.00e+00 1.00e+00H  1
 168  3.3915254e-02 1.43e-03 1.61e+00 -11.0 9.21e-03    -  1.00e+00 1.00e+00H  1
 169  3.3838571e-02 9.76e-04 6.98e-01 -11.0 9.81e-03    -  1.00e+00 5.00e-01h  2
iter    objective    inf_pr   inf_du lg(mu)  ||d||  lg(rg) alpha_du alpha_pr  ls
 170  3.3929905e-02 4.72e-04 1.06e+00 -11.0 4.29e-03    -  1.00e+00 1.00e+00h  1
 171  3.3967062e-02 5.83e-05 3.64e-01 -11.0 2.21e-03    -  1.00e+00 1.00e+00h  1
 172  3.3936403e-02 1.14e-04 4.89e-01 -11.0 1.84e-03    -  1.00e+00 1.00e+00h  1
 173  3.3954799e-02 3.07e-05 1.07e+00 -11.0 3.57e-03    -  1.00e+00 1.00e+00H  1
 174  3.3927803e-02 1.74e-04 5.11e-01 -11.0 3.22e-03    -  1.00e+00 1.00e+00h  1
 175  3.3917773e-02 4.11e-06 7.05e-02 -11.0 1.32e-03    -  1.00e+00 1.00e+00h  1
 176  3.3913220e-02 6.27e-06 5.25e-02 -11.0 4.78e-04    -  1.00e+00 1.00e+00h  1
 177  3.3911594e-02 8.94e-06 2.20e-02 -11.0 6.00e-04    -  1.00e+00 1.00e+00h  1
 178  3.3908293e-02 1.18e-04 1.84e-01 -11.0 8.68e-03    -  1.00e+00 2.50e-01h  3
 179  3.3902143e-02 3.73e-04 1.95e-01 -11.0 1.29e-02    -  1.00e+00 2.50e-01h  3
iter    objective    inf_pr   inf_du lg(mu)  ||d||  lg(rg) alpha_du alpha_pr  ls
 180  3.3899271e-02 3.74e-04 1.90e-01 -11.0 8.97e-02    -  1.00e+00 7.81e-03h  8
 181  3.3895309e-02 3.77e-04 1.79e-01 -11.0 9.24e-01    -  1.00e+00 9.77e-04h 11
 182  3.3893431e-02 3.78e-04 1.71e-01 -11.0 8.50e-01    -  1.00e+00 4.88e-04h 12
 183  3.3892001e-02 3.78e-04 1.66e-01 -11.0 1.65e+02    -  1.00e+00 1.91e-06h 20
 184  3.3890510e-02 3.79e-04 1.54e-01 -11.0 2.29e+01    -  1.00e+00 1.53e-05h 17
 185  3.3882458e-02 5.30e-04 2.09e-01 -11.0 1.83e+00    -  1.00e+00 1.95e-03h 10
 186  3.3881708e-02 6.04e-04 1.59e-01 -11.0 2.39e-01    -  1.00e+00 7.81e-03h  8
 187  3.3881126e-02 6.13e-04 1.14e-01 -11.0 4.14e-02    -  1.00e+00 3.12e-02h  6
 188  3.4258196e-02 2.57e-03 2.99e+00 -11.0 2.14e-02    -  1.00e+00 1.00e+00w  1
 189  3.4154958e-02 6.06e-03 1.20e+00 -11.0 1.32e-02    -  1.00e+00 1.00e+00w  1
iter    objective    inf_pr   inf_du lg(mu)  ||d||  lg(rg) alpha_du alpha_pr  ls
 190  3.7729747e-02 1.64e-02 7.20e+00 -11.0 3.55e-02    -  1.00e+00 1.00e+00w  1
 191  3.3881344e-02 4.56e-04 6.97e-01 -11.0 2.66e-02    -  1.00e+00 2.50e-01h  2
 192  3.3878733e-02 4.92e-04 4.54e-01 -11.0 4.77e-02    -  1.00e+00 3.12e-02h  6
 193  3.4329597e-02 4.19e-04 1.49e+00 -11.0 1.34e-02    -  1.00e+00 1.00e+00H  1
 194  3.4176420e-02 6.98e-04 5.52e-01 -11.0 2.43e-02    -  1.00e+00 2.50e-01h  3
 195  3.4074509e-02 7.28e-04 5.00e-01 -11.0 5.49e-02    -  1.00e+00 3.12e-02h  6
 196  3.4274360e-02 3.93e-04 6.01e-01 -11.0 9.90e-03    -  1.00e+00 1.00e+00H  1
 197  3.4209087e-02 4.64e-04 4.84e-01 -11.0 2.48e-02    -  1.00e+00 6.25e-02h  5
 198  3.4137599e-02 5.60e-04 4.79e-01 -11.0 1.77e-01    -  1.00e+00 1.56e-02h  7
 199  3.3883368e-02 1.61e-03 5.87e-01 -11.0 1.65e-02    -  1.00e+00 1.00e+00H  1
iter    objective    inf_pr   inf_du lg(mu)  ||d||  lg(rg) alpha_du alpha_pr  ls
 200  3.3965935e-02 7.83e-04 7.59e-01 -11.0 1.51e-02    -  1.00e+00 5.00e-01h  2
 201  3.3806231e-02 7.12e-04 1.51e-01 -11.0 6.11e-03    -  1.00e+00 1.00e+00h  1
 202  3.3827702e-02 5.94e-05 6.34e-01 -11.0 3.14e-03    -  1.00e+00 1.00e+00h  1
 203  3.3807687e-02 8.93e-05 3.23e-02 -11.0 2.09e-03    -  1.00e+00 1.00e+00h  1
 204  3.3796537e-02 5.18e-05 6.18e-02 -11.0 2.46e-03    -  1.00e+00 1.00e+00h  1
 205  3.3771628e-02 1.81e-03 4.68e-01 -11.0 2.27e-01    -  1.00e+00 6.25e-02h  5
 206  3.3756226e-02 2.41e-03 5.50e-01 -11.0 3.13e-01    -  1.00e+00 3.12e-02h  6
 207  3.3728518e-02 3.26e-03 2.13e-01 -11.0 7.39e-01    -  1.00e+00 1.56e-02h  7
 208  3.3725411e-02 3.34e-03 1.73e-01 -11.0 2.80e-01    -  1.00e+00 1.56e-02h  7
 209  3.3709452e-02 6.90e-03 7.83e-01 -11.0 2.66e-02    -  1.00e+00 1.00e+00h  1
iter    objective    inf_pr   inf_du lg(mu)  ||d||  lg(rg) alpha_du alpha_pr  ls
 210  3.3671714e-02 1.85e-02 1.84e+00 -11.0 6.61e-01    -  1.00e+00 6.25e-02h  5
 211  3.3655861e-02 1.83e-02 1.84e+00 -11.0 1.08e+00    -  1.00e+00 3.91e-03h  9
 212  3.3547366e-02 9.15e-03 5.67e-01 -11.0 3.28e-02    -  1.00e+00 1.00e+00h  1
 213  3.3527700e-02 9.37e-03 3.93e-01 -11.0 4.36e-01    -  1.00e+00 1.56e-02h  7
 214  3.3523195e-02 8.78e-03 4.27e-01 -11.0 9.73e-02    -  1.00e+00 1.25e-01h  4
 215  3.3506648e-02 8.96e-03 4.18e-01 -11.0 2.48e-01    -  1.00e+00 6.25e-02h  5
 216  3.3464762e-02 1.29e-02 4.08e-01 -11.0 1.49e-01    -  1.00e+00 1.25e-01h  4
 217  3.3410041e-02 2.30e-02 5.25e-01 -11.0 4.78e-01    -  1.00e+00 6.25e-02h  5
 218  3.3399298e-02 3.32e-02 8.73e-01 -11.0 4.09e+00    -  1.00e+00 7.81e-03h  8
 219  3.3370096e-02 3.31e-02 1.17e+00 -11.0 6.99e-01    -  1.00e+00 7.81e-03h  8
iter    objective    inf_pr   inf_du lg(mu)  ||d||  lg(rg) alpha_du alpha_pr  ls
 220  3.3623515e-02 2.87e-03 2.45e-01 -11.0 2.13e-02    -  1.00e+00 1.00e+00h  1
 221  3.3522123e-02 2.72e-03 5.28e-01 -11.0 5.63e-02    -  1.00e+00 2.50e-01h  3
 222  3.3281648e-02 1.30e-02 6.25e-01 -11.0 5.57e-02    -  1.00e+00 5.00e-01h  2
 223  3.3224961e-02 1.32e-02 8.89e-01 -11.0 8.78e-02    -  1.00e+00 1.25e-01h  4
 224  3.3168830e-02 1.24e-02 3.93e-01 -11.0 5.11e-02    -  1.00e+00 5.00e-01h  2
 225  3.3100877e-02 1.31e-02 3.48e-01 -11.0 4.82e-01    -  1.00e+00 3.12e-02h  6
 226  3.3043769e-02 1.40e-02 2.90e-01 -11.0 2.57e-01    -  1.00e+00 6.25e-02h  5
 227  3.2998631e-02 1.39e-02 3.14e-01 -11.0 2.49e-01    -  1.00e+00 1.25e-01h  4
 228  3.2976782e-02 1.28e-02 3.37e-01 -11.0 8.27e-02    -  1.00e+00 1.25e-01h  4
 229  3.2958099e-02 3.07e-02 9.67e-01 -11.0 9.68e-02    -  1.00e+00 5.00e-01h  2
iter    objective    inf_pr   inf_du lg(mu)  ||d||  lg(rg) alpha_du alpha_pr  ls
 230  3.2940785e-02 2.98e-02 1.17e+00 -11.0 1.45e-01    -  1.00e+00 3.12e-02h  6
 231  3.3413762e-02 1.03e-02 2.79e-01 -11.0 4.00e-02    -  1.00e+00 1.00e+00w  1
 232  1.0199573e-01 9.06e-01 3.36e+01 -11.0 3.39e-01    -  1.00e+00 1.00e+00w  1
 233  3.1111813e+00 2.79e+00 1.11e+01 -11.0 1.29e+00    -  1.00e+00 1.00e+00w  1
 234  3.2847977e-02 1.68e-02 6.62e-01 -11.0 9.69e-01    -  1.00e+00 5.00e-01h  1
 235  3.2821562e-02 2.83e-03 1.33e-01 -11.0 1.44e-02    -  1.00e+00 1.00e+00h  1
 236  3.3125960e-02 2.08e-03 1.03e-01 -11.0 2.10e-02    -  1.00e+00 5.00e-01h  2
 237  3.2810541e-02 3.62e-03 7.96e-01 -11.0 2.03e-02    -  1.00e+00 1.00e+00h  1
 238  3.2724523e-02 3.18e-03 5.07e-01 -11.0 4.28e-02    -  1.00e+00 1.25e-01h  4
 239  3.2685314e-02 3.35e-04 5.72e-01 -11.0 4.04e-03    -  1.00e+00 1.00e+00h  1
iter    objective    inf_pr   inf_du lg(mu)  ||d||  lg(rg) alpha_du alpha_pr  ls
 240  3.2640343e-02 4.14e-05 2.53e-01 -11.0 2.72e-03    -  1.00e+00 1.00e+00h  1
 241  3.2611837e-02 1.37e-04 3.48e-01 -11.0 2.57e-03    -  1.00e+00 1.00e+00h  1
 242  3.2577278e-02 5.42e-04 3.19e-01 -11.0 5.97e-03    -  1.00e+00 1.00e+00h  1
 243  3.2540326e-02 6.71e-03 1.81e+00 -11.0 3.07e-01    -  1.00e+00 6.25e-02h  5
 244  3.2498866e-02 9.55e-03 2.64e+00 -11.0 2.73e-01    -  1.00e+00 6.25e-02h  5
 245  3.2477126e-02 2.61e-02 3.92e+00 -11.0 3.07e-01    -  1.00e+00 1.25e-01h  4
 246  3.2409745e-02 2.59e-02 3.91e+00 -11.0 1.94e-01    -  1.00e+00 6.25e-02h  5
 247  3.2303625e-02 2.86e-02 4.52e+00 -11.0 3.60e-01    -  1.00e+00 6.25e-02h  5
 248  3.2298597e-02 2.75e-02 4.34e+00 -11.0 1.40e-01    -  1.00e+00 6.25e-02h  5
 249  3.2417586e-02 1.59e-02 1.07e+00 -11.0 3.10e-02    -  1.00e+00 5.00e-01h  2
iter    objective    inf_pr   inf_du lg(mu)  ||d||  lg(rg) alpha_du alpha_pr  ls
 250  3.2349447e-02 1.54e-02 5.09e-01 -11.0 1.30e-01    -  1.00e+00 6.25e-02h  5
 251  3.2218477e-02 1.59e-02 6.26e-01 -11.0 3.98e-02    -  1.00e+00 5.00e-01h  2
 252  3.2197809e-02 1.36e-02 6.07e-01 -11.0 6.36e-02    -  1.00e+00 1.25e-01h  4
 253  3.2625154e-02 2.00e-03 9.30e-01 -11.0 1.16e-02    -  1.00e+00 1.00e+00w  1
 254  3.2682831e-02 3.29e-03 1.20e+00 -11.0 1.24e-02    -  1.00e+00 1.00e+00w  1
 255  3.4778123e-02 1.26e-02 1.12e+01 -11.0 2.83e-02    -  1.00e+00 1.00e+00w  1
 256  3.2209686e-02 6.89e-03 6.28e-01 -11.0 2.53e-02    -  1.00e+00 5.00e-01h  1
 257  3.2201886e-02 6.73e-03 1.03e+00 -11.0 9.86e-02    -  1.00e+00 3.12e-02h  6
 258  3.2194433e-02 6.71e-03 6.00e-01 -11.0 1.11e-01    -  1.00e+00 3.12e-02h  6
 259  3.2187751e-02 6.62e-03 6.09e-01 -11.0 1.11e-01    -  1.00e+00 1.56e-02h  7
iter    objective    inf_pr   inf_du lg(mu)  ||d||  lg(rg) alpha_du alpha_pr  ls
 260  3.2495870e-02 2.35e-04 9.88e-01 -11.0 4.01e-03    -  1.00e+00 1.00e+00h  1
 261  3.2638270e-02 3.68e-05 9.68e+00 -11.0 5.77e-03    -  1.00e+00 1.00e+00H  1
 262  3.2391135e-02 9.86e-05 5.43e-01 -11.0 1.76e-03    -  1.00e+00 1.00e+00h  1
 263  3.2026373e-02 1.77e-03 1.59e+00 -11.0 6.15e-03    -  1.00e+00 1.00e+00h  1
 264  3.1986540e-02 3.33e-05 8.02e-01 -11.0 1.72e-03    -  1.00e+00 1.00e+00h  1
 265  3.1991028e-02 8.56e-07 6.16e-01 -11.0 1.67e-03    -  1.00e+00 1.00e+00H  1
 266  3.1968381e-02 6.87e-04 5.00e-01 -11.0 4.49e-03    -  1.00e+00 1.00e+00h  1
 267  3.1940821e-02 6.97e-05 4.98e-01 -11.0 2.18e-03    -  1.00e+00 1.00e+00h  1
 268  3.1930621e-02 3.81e-05 9.02e-01 -11.0 2.13e-03    -  1.00e+00 1.00e+00h  1
 269  3.1919002e-02 4.44e-05 6.43e-02 -11.0 1.39e-03    -  1.00e+00 1.00e+00h  1
iter    objective    inf_pr   inf_du lg(mu)  ||d||  lg(rg) alpha_du alpha_pr  ls
 270  3.1912592e-02 5.37e-04 4.41e-01 -11.0 5.21e-03    -  1.00e+00 1.00e+00h  1
 271  3.1938967e-02 2.36e-05 4.51e-01 -11.0 4.28e-03    -  1.00e+00 1.00e+00H  1
 272  3.1887039e-02 1.03e-04 4.25e-02 -11.0 1.99e-03    -  1.00e+00 1.00e+00h  1
 273  3.1876999e-02 7.79e-05 1.73e-01 -11.0 1.86e-03    -  1.00e+00 1.00e+00h  1
 274  3.1830098e-02 1.04e-02 6.63e-01 -11.0 4.03e-02    -  1.00e+00 5.00e-01h  2
 275  3.1794283e-02 1.11e-02 7.56e-01 -11.0 9.08e-02    -  1.00e+00 1.25e-01h  4
 276  3.1767710e-02 1.42e-02 2.74e-01 -11.0 2.12e-01    -  1.00e+00 6.25e-02h  5
 277  3.1720884e-02 2.80e-02 3.73e-01 -11.0 2.31e-01    -  1.00e+00 1.25e-01h  4
 278  3.1675246e-02 2.50e-02 5.88e-01 -11.0 6.98e-02    -  1.00e+00 1.25e-01h  4
 279  3.1658612e-02 2.52e-02 7.01e-01 -11.0 1.04e-01    -  1.00e+00 1.25e-01h  4
iter    objective    inf_pr   inf_du lg(mu)  ||d||  lg(rg) alpha_du alpha_pr  ls
 280  3.1591141e-02 2.41e-02 5.15e-01 -11.0 6.16e-02    -  1.00e+00 1.25e-01h  4
 281  3.1566393e-02 3.15e-02 7.04e-01 -11.0 3.49e-01    -  1.00e+00 6.25e-02h  5
 282  3.1501801e-02 2.65e-02 2.22e+00 -11.0 4.31e-02    -  1.00e+00 2.50e-01h  3
 283  3.1451785e-02 4.41e-02 2.91e+00 -11.0 4.15e-01    -  1.00e+00 6.25e-02h  5
 284  7.9827034e-02 1.38e-01 3.07e+01 -11.0 1.02e-01    -  1.00e+00 1.00e+00w  1
 285  3.8510115e-02 1.53e-01 7.56e+00 -11.0 8.84e-02    -  1.00e+00 1.00e+00w  1
 286  3.5343860e-02 7.72e-02 2.08e+00 -11.0 4.93e-02    -  1.00e+00 1.00e+00w  1
 287  3.1417690e-02 4.12e-02 1.78e+00 -11.0 5.68e-02    -  1.00e+00 6.25e-02h  4
 288  3.1463761e-02 2.08e-02 5.39e-01 -11.0 1.89e-02    -  1.00e+00 5.00e-01h  2
 289  3.1530455e-02 1.03e-02 1.52e+00 -11.0 8.85e-03    -  1.00e+00 5.00e-01h  2
iter    objective    inf_pr   inf_du lg(mu)  ||d||  lg(rg) alpha_du alpha_pr  ls
 290  3.1703751e-02 5.46e-03 3.71e+00 -11.0 6.29e-03    -  1.00e+00 5.00e-01h  2
 291  3.1711702e-02 5.79e-04 1.04e+00 -11.0 3.79e-03    -  1.00e+00 1.00e+00h  1
 292  3.1643535e-02 8.55e-04 1.92e+00 -11.0 3.01e-02    -  1.00e+00 1.25e-01h  4
 293  3.1497410e-02 1.29e-04 6.07e-01 -11.0 4.83e-03    -  1.00e+00 1.00e+00h  1
 294  3.1455723e-02 2.85e-04 9.62e-01 -11.0 1.52e-02    -  1.00e+00 2.50e-01h  3
 295  3.1462484e-02 2.71e-04 5.22e-01 -11.0 5.89e-03    -  1.00e+00 1.00e+00h  1
 296  3.1438180e-02 3.44e-04 1.51e+00 -11.0 4.77e-03    -  1.00e+00 1.00e+00h  1
 297  3.1365890e-02 2.06e-04 3.14e-01 -11.0 3.09e-03    -  1.00e+00 1.00e+00h  1
 298  3.1345391e-02 4.20e-05 8.20e-02 -11.0 1.57e-03    -  1.00e+00 1.00e+00h  1
 299  3.1327028e-02 9.93e-05 8.67e-02 -11.0 4.01e-03    -  1.00e+00 1.00e+00h  1
iter    objective    inf_pr   inf_du lg(mu)  ||d||  lg(rg) alpha_du alpha_pr  ls
 300  3.1315646e-02 1.52e-03 7.42e-01 -11.0 4.44e-02    -  1.00e+00 2.50e-01h  3
 301  3.1299562e-02 1.65e-03 8.91e-01 -11.0 1.12e-01    -  1.00e+00 6.25e-02h  5
 302  3.1379637e-02 2.52e-05 9.88e-01 -11.0 1.69e-02    -  1.00e+00 1.00e+00H  1
 303  3.1340383e-02 1.32e-04 1.22e+00 -11.0 1.82e-02    -  1.00e+00 2.50e-01h  3
 304  3.1282508e-02 4.38e-04 5.45e-01 -11.0 1.68e-02    -  1.00e+00 5.00e-01h  2
 305  3.1261879e-02 7.87e-04 1.78e+00 -11.0 1.69e-01    -  1.00e+00 3.12e-02h  6
 306  3.1219764e-02 6.14e-04 2.58e+00 -11.0 1.87e-02    -  1.00e+00 5.00e-01h  2
 307  3.1219157e-02 5.13e-04 4.48e-01 -11.0 9.73e-03    -  1.00e+00 5.00e-01h  2
 308  3.1189044e-02 9.24e-04 1.40e+00 -11.0 7.90e-03    -  1.00e+00 1.00e+00h  1
 309  3.1174231e-02 9.84e-04 8.33e-01 -11.0 3.23e-02    -  1.00e+00 2.50e-01h  3
iter    objective    inf_pr   inf_du lg(mu)  ||d||  lg(rg) alpha_du alpha_pr  ls
 310  3.1137731e-02 1.82e-03 1.11e+00 -11.0 2.21e-02    -  1.00e+00 5.00e-01h  2
 311  3.1124848e-02 1.95e-03 1.76e+00 -11.0 1.68e-02    -  1.00e+00 2.50e-01h  3
 312  3.1112351e-02 1.72e-03 1.82e+00 -11.0 6.31e-03    -  1.00e+00 1.00e+00h  1
 313  3.1093142e-02 1.60e-03 1.32e+00 -11.0 1.42e-02    -  1.00e+00 2.50e-01h  3
 314  3.1077227e-02 1.70e-03 2.76e-01 -11.0 1.26e-02    -  1.00e+00 1.00e+00h  1
 315  3.1063044e-02 4.96e-03 1.09e+00 -11.0 8.39e-01    -  1.00e+00 1.56e-02h  7
 316  3.1075185e-02 2.22e-03 3.55e+00 -11.0 1.63e-02    -  1.00e+00 1.00e+00h  1
 317  3.1013514e-02 7.35e-03 5.49e+00 -11.0 1.10e-01    -  1.00e+00 2.50e-01h  3
 318  3.0988671e-02 8.25e-03 3.31e+00 -11.0 8.86e-02    -  1.00e+00 2.50e-01h  3
 319  3.0932957e-02 5.52e-03 5.05e+00 -11.0 2.37e-02    -  1.00e+00 5.00e-01h  2
iter    objective    inf_pr   inf_du lg(mu)  ||d||  lg(rg) alpha_du alpha_pr  ls
 320  3.0919575e-02 4.41e-03 4.57e+00 -11.0 3.84e-02    -  1.00e+00 2.50e-01h  3
 321  3.0744265e-02 4.22e-03 4.14e+00 -11.0 3.93e-02    -  1.00e+00 2.50e-01h  3
 322  3.0627222e-02 4.98e-03 4.82e+00 -11.0 5.07e+00    -  1.00e+00 3.91e-03h  9
 323  3.0555054e-02 3.28e-02 1.33e+01 -11.0 5.09e-01    -  1.00e+00 1.25e-01h  4
 324  3.0471310e-02 3.32e-02 1.20e+01 -11.0 3.29e+01    -  1.00e+00 2.44e-04h 13
 325  3.0400067e-02 3.63e-02 1.73e+01 -11.0 4.47e-01    -  1.00e+00 6.25e-02h  5
 326  3.0379571e-02 3.66e-02 1.55e+01 -11.0 1.17e+01    -  1.00e+00 4.88e-04h 12
 327  2.2616016e+02 3.27e+01 4.65e+04 -11.0 2.42e+01    -  1.00e+00 1.00e+00w  1
 328  4.4950669e+07 3.18e+03 2.82e+03 -11.0 2.76e+03    -  1.00e+00 1.00e+00w  1
 329  3.7741688e+07 9.83e+02 2.07e+04 -11.0 2.28e+03    -  1.00e+00 1.00e+00w  1
iter    objective    inf_pr   inf_du lg(mu)  ||d||  lg(rg) alpha_du alpha_pr  ls
 330  3.0371933e-02 3.75e-02 1.83e+01 -11.0 8.64e+02    -  1.00e+00 4.88e-04h 11
 331  2.9743048e-02 3.29e-03 2.00e-01 -11.0 1.91e-02    -  1.00e+00 1.00e+00h  1
 332  3.0370418e-02 2.47e-03 2.49e+00 -11.0 7.98e-03    -  1.00e+00 1.00e+00h  1
 333  3.0235853e-02 5.02e-04 1.24e+01 -11.0 6.52e-03    -  1.00e+00 1.00e+00h  1
 334  3.0266513e-02 4.69e-04 1.13e+01 -11.0 6.73e-03    -  1.00e+00 1.25e-01h  4
 335  3.0567541e-02 4.18e-04 9.59e+00 -11.0 9.27e-03    -  1.00e+00 1.00e+00H  1
 336  3.0453360e-02 2.44e-04 1.04e+01 -11.0 9.52e-03    -  1.00e+00 5.00e-01h  2
 337  3.0363638e-02 9.51e-05 3.13e+00 -11.0 3.46e-03    -  1.00e+00 1.00e+00h  1
 338  3.0350212e-02 6.41e-05 1.34e+00 -11.0 3.43e-03    -  1.00e+00 1.00e+00H  1
 339  3.0302982e-02 4.22e-05 1.24e+00 -11.0 2.23e-03    -  1.00e+00 1.00e+00h  1
iter    objective    inf_pr   inf_du lg(mu)  ||d||  lg(rg) alpha_du alpha_pr  ls
 340  3.0284344e-02 5.64e-05 8.59e-01 -11.0 2.54e-03    -  1.00e+00 1.00e+00h  1
 341  3.0268164e-02 1.38e-04 1.11e+00 -11.0 3.23e-03    -  1.00e+00 1.00e+00h  1
 342  3.0252489e-02 2.01e-04 1.65e+00 -11.0 1.42e-02    -  1.00e+00 2.50e-01h  3
 343  3.0234305e-02 1.89e-04 3.42e-01 -11.0 1.05e-02    -  1.00e+00 2.50e-01h  3
 344  3.0186308e-02 1.87e-04 1.87e+00 -11.0 6.98e-03    -  1.00e+00 1.00e+00h  1
 345  3.0184338e-02 4.07e-04 4.45e+00 -11.0 5.74e-02    -  1.00e+00 1.25e-01h  4
 346  3.0172260e-02 3.73e-04 3.88e+00 -11.0 2.57e-02    -  1.00e+00 1.25e-01h  4
 347  3.0170955e-02 2.67e-04 9.49e-01 -11.0 6.41e-03    -  1.00e+00 5.00e-01h  2
 348  3.0116491e-02 2.63e-04 4.53e-01 -11.0 6.52e-03    -  1.00e+00 5.00e-01h  2
 349  3.0112359e-02 2.48e-04 3.88e-01 -11.0 2.62e-02    -  1.00e+00 1.25e-01h  4
iter    objective    inf_pr   inf_du lg(mu)  ||d||  lg(rg) alpha_du alpha_pr  ls
 350  3.0100993e-02 2.71e-04 1.39e+00 -11.0 3.76e-02    -  1.00e+00 1.25e-01h  4
 351  3.0093392e-02 3.52e-04 1.02e+00 -11.0 3.14e-01    -  1.00e+00 7.81e-03h  8
 352  3.0030942e-02 1.15e-03 2.68e+00 -11.0 2.25e-01    -  1.00e+00 6.25e-02h  5
 353  3.0022107e-02 1.15e-03 1.41e+00 -11.0 6.74e-01    -  1.00e+00 1.95e-03h 10
 354  3.0003113e-02 1.80e-03 4.22e+00 -11.0 6.22e-02    -  1.00e+00 2.50e-01h  3
 355  2.8874840e-01 2.04e+00 1.05e+02 -11.0 6.55e-01    -  1.00e+00 1.00e+00w  1
 356  3.6070450e+02 1.66e+01 3.55e+01 -11.0 8.14e+00    -  1.00e+00 1.00e+00w  1
 357  2.8148994e+01 5.76e+00 5.20e+01 -11.0 8.73e+00    -  1.00e+00 1.00e+00w  1
 358  2.9960351e-02 2.30e-03 2.81e+00 -11.0 2.15e+00    -  1.00e+00 1.56e-02h  6
 359  3.0027353e-02 1.35e-03 7.56e+00 -11.0 9.61e-03    -  1.00e+00 1.00e+00h  1
iter    objective    inf_pr   inf_du lg(mu)  ||d||  lg(rg) alpha_du alpha_pr  ls
 360  3.0069420e-02 2.63e-04 4.00e+00 -11.0 1.57e-02    -  1.00e+00 1.00e+00H  1
 361  2.9965793e-02 3.36e-04 5.43e+00 -11.0 3.11e-02    -  1.00e+00 1.25e-01h  4
 362  2.9849843e-02 8.35e-05 1.31e+00 -11.0 3.23e-03    -  1.00e+00 1.00e+00h  1
 363  2.9673502e-02 6.34e-03 4.17e+01 -11.0 1.15e-02    -  1.00e+00 1.00e+00H  1
 364  2.9518095e-02 1.97e-03 5.13e+00 -11.0 9.16e-03    -  1.00e+00 1.00e+00h  1
 365  2.9460471e-02 1.52e-03 8.40e+00 -11.0 1.99e-02    -  1.00e+00 2.50e-01h  3
 366  2.9483201e-02 1.13e-03 6.39e+00 -11.0 1.88e-02    -  1.00e+00 2.50e-01h  3
 367  2.9594051e-02 7.96e-04 8.34e+00 -11.0 7.97e-03    -  1.00e+00 5.00e-01h  2
 368  2.9680237e-02 6.79e-04 7.82e-01 -11.0 5.01e-03    -  1.00e+00 5.00e-01h  2
 369  2.9791079e-02 1.78e-04 2.00e+00 -11.0 1.55e-02    -  1.00e+00 1.00e+00H  1
iter    objective    inf_pr   inf_du lg(mu)  ||d||  lg(rg) alpha_du alpha_pr  ls
 370  2.9734858e-02 1.54e-04 2.50e+00 -11.0 1.97e-02    -  1.00e+00 1.25e-01h  4
 371  2.9628337e-02 1.25e-04 8.20e-01 -11.0 2.57e-03    -  1.00e+00 1.00e+00h  1
 372  2.9576065e-02 4.66e-04 5.67e+00 -11.0 1.65e-02    -  1.00e+00 1.00e+00h  1
 373  2.9475267e-02 4.93e-04 5.42e+00 -11.0 1.40e-02    -  1.00e+00 5.00e-01h  2
 374  2.9496926e-02 2.77e-04 1.49e+00 -11.0 7.84e-03    -  1.00e+00 5.00e-01h  2
 375  2.9489700e-02 2.83e-04 2.70e+00 -11.0 1.75e-01    -  1.00e+00 7.81e-03h  8
 376  2.9487877e-02 2.17e-04 2.18e+00 -11.0 1.80e-02    -  1.00e+00 2.50e-01h  3
 377  2.9464650e-02 6.66e-04 6.70e+00 -11.0 1.29e-01    -  1.00e+00 3.12e-02h  6
 378  2.9454516e-02 9.08e-04 1.01e+00 -11.0 9.88e-03    -  1.00e+00 1.00e+00h  1
 379  2.9411686e-02 3.05e-04 1.80e+00 -11.0 6.58e-03    -  1.00e+00 1.00e+00h  1
iter    objective    inf_pr   inf_du lg(mu)  ||d||  lg(rg) alpha_du alpha_pr  ls
 380  2.9356811e-02 2.93e-04 1.32e+00 -11.0 3.16e-02    -  1.00e+00 2.50e-01h  3
 381  2.9305167e-02 3.07e-04 3.59e+00 -11.0 1.17e-02    -  1.00e+00 5.00e-01h  2
 382  2.9235002e-02 1.17e-03 2.22e+00 -11.0 1.06e-02    -  1.00e+00 5.00e-01h  2
 383  2.9254166e-02 1.71e-03 8.63e+00 -11.0 2.43e-02    -  1.00e+00 5.00e-01h  2
 384  2.9229726e-02 1.72e-03 1.02e+01 -11.0 1.87e-01    -  1.00e+00 1.56e-02h  7
 385  2.9180402e-02 1.72e-03 8.70e+00 -11.0 7.94e-02    -  1.00e+00 3.12e-02h  6
 386  2.9178213e-02 1.88e-03 5.35e+00 -11.0 9.37e-02    -  1.00e+00 6.25e-02h  5
 387  2.9273821e-02 2.03e-03 1.28e+01 -11.0 4.40e-02    -  1.00e+00 2.50e-01h  3
 388  2.9233511e-02 1.99e-03 1.16e+01 -11.0 6.49e-02    -  1.00e+00 3.12e-02h  6
 389  2.9166450e-02 1.39e-03 5.32e-01 -11.0 4.77e-03    -  1.00e+00 1.00e+00h  1
iter    objective    inf_pr   inf_du lg(mu)  ||d||  lg(rg) alpha_du alpha_pr  ls
 390  2.9261757e-02 9.34e-04 1.12e+00 -11.0 6.16e-03    -  1.00e+00 5.00e-01h  2
 391  2.9345426e-02 5.75e-04 2.84e+00 -11.0 3.95e-03    -  1.00e+00 5.00e-01h  2
 392  2.9363533e-02 3.45e-04 4.36e+00 -11.0 3.63e-03    -  1.00e+00 5.00e-01h  2
 393  2.9316795e-02 5.15e-05 4.76e+00 -11.0 2.23e-03    -  1.00e+00 1.00e+00h  1
 394  2.9236517e-02 3.84e-05 3.36e+00 -11.0 2.33e-03    -  1.00e+00 1.00e+00h  1
 395  2.9222783e-02 9.94e-06 1.80e+00 -11.0 1.27e-03    -  1.00e+00 1.00e+00h  1
 396  2.9209306e-02 1.34e-04 2.36e+00 -11.0 3.57e-03    -  1.00e+00 1.00e+00h  1
 397  2.9202119e-02 3.71e-04 4.84e+00 -11.0 6.28e-02    -  1.00e+00 6.25e-02h  5
 398  2.9188044e-02 3.45e-04 3.59e+00 -11.0 4.80e-02    -  1.00e+00 6.25e-02h  5
 399  2.9147692e-02 2.45e-04 5.11e-01 -11.0 2.70e-03    -  1.00e+00 1.00e+00h  1
iter    objective    inf_pr   inf_du lg(mu)  ||d||  lg(rg) alpha_du alpha_pr  ls
 400  2.9214461e-02 6.43e-05 2.92e+00 -11.0 1.98e-03    -  1.00e+00 1.00e+00h  1
 401  2.9171745e-02 5.33e-06 9.33e-01 -11.0 7.87e-04    -  1.00e+00 1.00e+00h  1
 402  2.9132752e-02 1.49e-05 3.54e-01 -11.0 1.17e-03    -  1.00e+00 1.00e+00h  1
 403  2.9114401e-02 4.90e-05 1.55e+00 -11.0 2.87e-03    -  1.00e+00 1.00e+00h  1
 404  2.9082227e-02 7.12e-04 9.18e-01 -11.0 1.50e-01    -  1.00e+00 6.25e-02h  5
 405  2.8971779e-02 1.70e-03 5.92e+00 -11.0 3.28e-02    -  1.00e+00 5.00e-01h  2
 406  2.8914090e-02 2.89e-03 1.23e+00 -11.0 3.04e-02    -  1.00e+00 2.50e-01h  3
 407  2.8993149e-02 1.08e-03 1.54e+00 -11.0 1.33e-02    -  1.00e+00 1.00e+00h  1
 408  2.8678484e-02 1.23e-03 5.15e+00 -11.0 3.69e-02    -  1.00e+00 1.00e+00H  1
 409  2.8644968e-02 2.12e-03 1.44e+00 -11.0 9.07e+00    -  1.00e+00 9.77e-04h 11
iter    objective    inf_pr   inf_du lg(mu)  ||d||  lg(rg) alpha_du alpha_pr  ls
 410  2.8579207e-02 5.17e-03 3.43e+00 -11.0 1.34e+00    -  1.00e+00 1.56e-02h  7
 411  2.8565089e-02 6.53e-03 2.28e+00 -11.0 7.86e-01    -  1.00e+00 1.56e-02h  7
 412  2.8515784e-02 9.13e-03 6.09e+00 -11.0 5.47e+00    -  1.00e+00 3.91e-03h  9
 413  2.8482580e-02 1.14e-02 5.95e+00 -11.0 2.39e+00    -  1.00e+00 7.81e-03h  8
 414  2.8457615e-02 1.14e-02 2.07e+00 -11.0 1.67e-01    -  1.00e+00 1.56e-02h  7
 415  2.8401076e-02 1.18e-02 2.24e+00 -11.0 7.63e-02    -  1.00e+00 2.50e-01h  3
 416  2.8393606e-02 1.38e-02 1.92e+00 -11.0 1.01e+01    -  1.00e+00 1.95e-03h 10
 417  2.8326529e-02 1.56e-02 4.46e+00 -11.0 4.20e+00    -  1.00e+00 3.91e-03h  9
 418  2.8317624e-02 1.60e-02 7.78e+00 -11.0 4.01e-01    -  1.00e+00 3.12e-02h  6
 419  2.9352577e-01 9.39e+00 1.06e+02 -11.0 1.79e+00    -  1.00e+00 1.00e+00w  1
iter    objective    inf_pr   inf_du lg(mu)  ||d||  lg(rg) alpha_du alpha_pr  ls
 420  1.6480750e+01 9.90e+00 8.55e+01 -11.0 1.82e+00    -  1.00e+00 1.00e+00w  1
 421  1.9622631e+01 8.65e+00 1.47e+02 -11.0 3.03e+00    -  1.00e+00 1.00e+00w  1
 422  2.8254215e-02 2.17e-02 8.23e+00 -11.0 4.08e+01    -  1.00e+00 1.56e-02h  6
 423  2.8252815e-02 2.47e-02 1.17e+01 -11.0 6.17e-01    -  1.00e+00 3.12e-02h  6
 424  2.7939791e-02 1.20e-03 2.11e+01 -11.0 1.60e-02    -  1.00e+00 1.00e+00h  1
 425  2.7862488e-02 8.71e-04 1.53e+01 -11.0 1.25e-02    -  1.00e+00 2.50e-01h  3
 426  2.8150157e-02 1.33e-03 2.49e+01 -11.0 8.83e-03    -  1.00e+00 5.00e-01h  2
 427  2.8045314e-02 1.25e-03 2.02e+01 -11.0 1.40e-02    -  1.00e+00 6.25e-02h  5
 428  2.8009779e-02 9.62e-04 1.09e+01 -11.0 6.61e-03    -  1.00e+00 2.50e-01h  3
 429  2.7873149e-02 8.90e-04 4.61e+00 -11.0 2.52e-02    -  1.00e+00 1.25e-01h  4
iter    objective    inf_pr   inf_du lg(mu)  ||d||  lg(rg) alpha_du alpha_pr  ls
 430  2.7827629e-02 1.10e-03 1.83e+01 -11.0 1.52e-02    -  1.00e+00 2.50e-01h  3
 431  2.7842076e-02 9.83e-04 1.34e+01 -11.0 4.43e-03    -  1.00e+00 1.25e-01h  4
 432  2.7846736e-02 8.65e-04 8.27e+00 -11.0 6.03e-03    -  1.00e+00 1.25e-01h  4
 433  2.7853890e-02 8.13e-04 6.08e+00 -11.0 5.63e-03    -  1.00e+00 6.25e-02h  5
 434  2.7858297e-02 7.88e-04 5.10e+00 -11.0 5.23e-03    -  1.00e+00 3.12e-02h  6
 435  2.8067110e-02 3.75e-04 1.97e+01 -11.0 4.57e-03    -  1.00e+00 1.00e+00w  1
 436  2.8141070e-02 5.34e-05 1.45e+00 -11.0 1.42e-03    -  1.00e+00 1.00e+00h  1
 437  2.8050709e-02 2.01e-04 1.33e+00 -11.0 3.41e-03    -  1.00e+00 1.00e+00h  1
 438  2.7986713e-02 3.24e-04 1.65e+00 -11.0 5.06e-03    -  1.00e+00 1.00e+00h  1
 439  2.7935472e-02 3.53e-04 5.55e+00 -11.0 9.71e-03    -  1.00e+00 5.00e-01h  2
iter    objective    inf_pr   inf_du lg(mu)  ||d||  lg(rg) alpha_du alpha_pr  ls
 440  2.7999833e-02 1.07e-04 1.12e+00 -11.0 7.25e-03    -  1.00e+00 1.00e+00H  1
 441  2.7839160e-02 1.82e-03 1.64e+00 -11.0 6.31e-03    -  1.00e+00 1.00e+00H  1
 442  2.7782601e-02 7.32e-04 4.43e+00 -11.0 1.13e-02    -  1.00e+00 5.00e-01h  2
 443  2.7716983e-02 1.71e-04 7.99e+00 -11.0 4.05e-03    -  1.00e+00 1.00e+00h  1
 444  2.7857982e-02 9.27e-05 3.13e+00 -11.0 8.55e-03    -  1.00e+00 1.00e+00H  1
 445  2.7824740e-02 1.01e-04 8.76e+00 -11.0 2.22e-02    -  1.00e+00 1.25e-01h  4
 446  2.7807086e-02 2.06e-04 9.78e+00 -11.0 3.31e-03    -  1.00e+00 1.00e+00h  1
 447  2.7791318e-02 2.91e-05 3.80e-01 -11.0 1.54e-03    -  1.00e+00 1.00e+00h  1
 448  2.7771129e-02 2.04e-04 3.13e+00 -11.0 3.01e-03    -  1.00e+00 1.00e+00h  1
 449  2.7752017e-02 3.13e-04 4.25e+00 -11.0 1.19e-02    -  1.00e+00 2.50e-01h  3
iter    objective    inf_pr   inf_du lg(mu)  ||d||  lg(rg) alpha_du alpha_pr  ls
 450  2.7671442e-02 3.20e-03 1.39e+00 -11.0 1.36e-02    -  1.00e+00 1.00e+00h  1
 451  2.7594096e-02 5.74e-03 8.77e+00 -11.0 1.04e-01    -  1.00e+00 1.25e-01h  4
 452  2.7577334e-02 5.34e-03 1.13e+01 -11.0 3.68e-02    -  1.00e+00 1.25e-01h  4
 453  2.7521824e-02 5.07e-03 5.84e+00 -11.0 8.95e-02    -  1.00e+00 6.25e-02h  5
 454  2.7490016e-02 3.42e-03 7.48e+00 -11.0 1.48e-02    -  1.00e+00 1.00e+00h  1
 455  2.7516660e-02 3.31e-03 1.56e+01 -11.0 7.55e-02    -  1.00e+00 1.25e-01h  4
 456  2.7488225e-02 4.06e-03 1.56e+01 -11.0 4.42e-01    -  1.00e+00 1.56e-02h  7
 457  2.7459949e-02 5.01e-03 2.25e+01 -11.0 1.57e-01    -  1.00e+00 6.25e-02h  5
 458  2.7453519e-02 5.00e-03 2.10e+01 -11.0 2.08e-01    -  1.00e+00 1.56e-02h  7
 459  2.7458628e-02 4.86e-03 2.16e+01 -11.0 7.79e-02    -  1.00e+00 3.12e-02h  6
iter    objective    inf_pr   inf_du lg(mu)  ||d||  lg(rg) alpha_du alpha_pr  ls
 460  2.7675601e-02 2.84e-04 1.49e+00 -11.0 5.18e-03    -  1.00e+00 1.00e+00h  1
 461  2.7689148e-02 1.66e-04 3.83e+00 -11.0 2.11e-03    -  1.00e+00 1.00e+00h  1
 462  2.7547730e-02 1.20e-04 3.59e+00 -11.0 2.20e-03    -  1.00e+00 1.00e+00h  1
 463  2.7539568e-02 1.11e-05 1.06e+00 -11.0 9.16e-04    -  1.00e+00 1.00e+00h  1
 464  2.7514473e-02 3.11e-05 5.82e+00 -11.0 1.81e-03    -  1.00e+00 1.00e+00h  1
 465  2.7509192e-02 1.07e-04 7.64e+00 -11.0 5.11e-03    -  1.00e+00 1.00e+00h  1
 466  2.7497842e-02 2.16e-04 5.24e+00 -11.0 7.62e-03    -  1.00e+00 1.00e+00h  1
 467  2.7287778e-02 4.32e-04 1.00e+00 -11.0 6.28e-03    -  1.00e+00 1.00e+00h  1
 468  2.7359125e-02 2.98e-04 7.01e-01 -11.0 6.90e-03    -  1.00e+00 5.00e-01h  2
 469  2.7468976e-02 1.27e-04 2.10e+00 -11.0 4.26e-03    -  1.00e+00 1.00e+00h  1
iter    objective    inf_pr   inf_du lg(mu)  ||d||  lg(rg) alpha_du alpha_pr  ls
 470  2.7435915e-02 2.58e-04 1.84e+00 -11.0 3.99e-03    -  1.00e+00 1.00e+00h  1
 471  2.7449862e-02 1.10e-04 9.35e+00 -11.0 4.44e-03    -  1.00e+00 1.00e+00h  1
 472  2.7444651e-02 9.56e-05 1.89e+00 -11.0 5.81e-03    -  1.00e+00 5.00e-01h  2
 473  2.7370649e-02 1.27e-04 2.98e+00 -11.0 6.60e-03    -  1.00e+00 1.00e+00H  1
 474  2.7388651e-02 7.14e-05 4.00e+00 -11.0 7.41e-03    -  1.00e+00 5.00e-01h  2
 475  2.7445694e-02 6.92e-05 7.04e-01 -11.0 1.50e-03    -  1.00e+00 1.00e+00h  1
 476  2.7394098e-02 3.59e-05 2.13e+00 -11.0 1.54e-03    -  1.00e+00 1.00e+00h  1
 477  2.7424559e-02 1.15e-05 2.89e+00 -11.0 3.23e-03    -  1.00e+00 1.00e+00H  1
 478  2.7378225e-02 3.30e-04 8.11e+00 -11.0 3.89e-03    -  1.00e+00 1.00e+00h  1
 479  2.7351149e-02 2.07e-04 1.11e+01 -11.0 7.55e-03    -  1.00e+00 5.00e-01h  2
iter    objective    inf_pr   inf_du lg(mu)  ||d||  lg(rg) alpha_du alpha_pr  ls
 480  2.7348379e-02 1.54e-04 1.33e+01 -11.0 6.26e-03    -  1.00e+00 5.00e-01h  2
 481  2.7328251e-02 1.54e-04 3.38e+00 -11.0 4.25e-03    -  1.00e+00 1.00e+00h  1
 482  2.7305438e-02 1.90e-04 4.66e+00 -11.0 2.91e-02    -  1.00e+00 1.25e-01h  4
 483  2.7289401e-02 3.41e-04 1.12e+00 -11.0 9.92e-02    -  1.00e+00 3.12e-02h  6
 484  2.7272863e-02 1.21e-03 1.30e+01 -11.0 5.87e-02    -  1.00e+00 2.50e-01h  3
 485  2.7243211e-02 3.30e-03 1.04e+01 -11.0 2.33e-01    -  1.00e+00 6.25e-02h  5
 486  2.7199464e-02 6.78e-03 3.39e+01 -11.0 3.94e-02    -  1.00e+00 5.00e-01h  2
 487  2.7167446e-02 5.42e-03 4.26e+01 -11.0 3.20e-02    -  1.00e+00 5.00e-01h  2
 488  2.7221413e-02 5.12e-03 6.05e+01 -11.0 1.14e-01    -  1.00e+00 1.25e-01h  4
 489  2.7183328e-02 5.08e-03 6.12e+01 -11.0 2.39e+00    -  1.00e+00 1.95e-03h 10
iter    objective    inf_pr   inf_du lg(mu)  ||d||  lg(rg) alpha_du alpha_pr  ls
 490  2.7110363e-02 1.22e-02 7.61e+01 -11.0 2.66e-01    -  1.00e+00 1.25e-01h  4
 491  2.7080399e-02 1.18e-02 5.65e+01 -11.0 9.98e-02    -  1.00e+00 1.25e-01h  4
 492  4.8090030e-02 9.36e-02 1.02e+01 -11.0 1.06e-01    -  1.00e+00 1.00e+00w  1
 493  1.3293458e+00 5.89e+00 8.63e+01 -11.0 5.64e-01    -  1.00e+00 1.00e+00w  1
 494  1.1253710e+00 2.46e+00 1.73e+02 -11.0 6.47e-01    -  1.00e+00 1.00e+00w  1
 495  2.7164705e-02 1.12e-02 4.99e+01 -11.0 9.17e-01    -  1.00e+00 1.25e-01h  3
 496  2.7096346e-02 9.35e-03 5.48e+01 -11.0 4.13e-02    -  1.00e+00 2.50e-01h  3
 497  2.7021738e-02 8.85e-03 5.35e+01 -11.0 7.74e-02    -  1.00e+00 1.25e-01h  4
 498  2.7165107e-02 4.27e-03 3.24e+01 -11.0 2.44e-02    -  1.00e+00 5.00e-01h  2
 499  2.7008725e-02 2.76e-04 3.14e+00 -11.0 8.94e-03    -  1.00e+00 1.00e+00h  1
iter    objective    inf_pr   inf_du lg(mu)  ||d||  lg(rg) alpha_du alpha_pr  ls
 500  2.6975493e-02 1.08e-04 1.45e+01 -11.0 2.96e-03    -  1.00e+00 1.00e+00h  1
 501  2.6931559e-02 1.74e-04 8.83e+00 -11.0 2.43e-03    -  1.00e+00 1.00e+00h  1
 502  2.6921545e-02 1.59e-04 6.51e+00 -11.0 5.14e-02    -  1.00e+00 6.25e-02h  5
 503  2.6900310e-02 2.27e-03 4.02e+00 -11.0 3.27e-02    -  1.00e+00 5.00e-01h  2
 504  2.6879619e-02 2.16e-03 1.17e+01 -11.0 4.67e-02    -  1.00e+00 1.25e-01h  4
 505  2.6833834e-02 7.47e-04 2.19e+01 -11.0 7.37e-03    -  1.00e+00 1.00e+00h  1
 506  2.6906267e-02 7.42e-04 1.57e+01 -11.0 1.59e-02    -  1.00e+00 1.00e+00H  1
 507  2.6916910e-02 7.02e-04 2.12e+01 -11.0 1.33e-01    -  1.00e+00 6.25e-02h  5
 508  2.6882282e-02 6.38e-04 2.08e+01 -11.0 4.67e-01    -  1.00e+00 7.81e-03h  8
 509  2.6829010e-02 4.97e-04 1.51e+01 -11.0 2.91e-02    -  1.00e+00 1.25e-01h  4
iter    objective    inf_pr   inf_du lg(mu)  ||d||  lg(rg) alpha_du alpha_pr  ls
 510  2.6661477e-02 3.86e-03 1.37e+01 -11.0 1.64e-02    -  1.00e+00 1.00e+00h  1
 511  2.6577507e-02 3.81e-03 2.93e+01 -11.0 1.65e-01    -  1.00e+00 6.25e-02h  5
 512  2.6557007e-02 3.99e-03 3.66e+01 -11.0 6.39e+00    -  1.00e+00 9.77e-04h 11
 513  2.6475657e-02 3.99e-03 5.07e+01 -11.0 7.83e-01    -  1.00e+00 7.81e-03h  8
 514  2.6450570e-02 4.64e-03 4.52e+01 -11.0 3.08e-01    -  1.00e+00 1.56e-02h  7
 515  2.6845929e-02 4.20e-04 2.14e+01 -11.0 6.37e-03    -  1.00e+00 1.00e+00h  1
 516  2.6876521e-02 2.18e-04 7.07e+00 -11.0 3.95e-03    -  1.00e+00 5.00e-01h  2
 517  2.6709117e-02 4.55e-04 7.59e+00 -11.0 1.35e-02    -  1.00e+00 2.50e-01h  3
 518  2.6909639e-02 7.18e-05 4.84e+00 -11.0 2.01e-03    -  1.00e+00 1.00e+00h  1
 519  2.6835602e-02 6.12e-05 6.31e+00 -11.0 1.31e-03    -  1.00e+00 1.00e+00h  1
iter    objective    inf_pr   inf_du lg(mu)  ||d||  lg(rg) alpha_du alpha_pr  ls
 520  2.6573587e-02 1.85e-03 1.14e+01 -11.0 5.88e-03    -  1.00e+00 1.00e+00H  1
 521  2.6609580e-02 8.24e-04 3.29e+00 -11.0 7.88e-03    -  1.00e+00 5.00e-01h  2
 522  2.6603695e-02 4.81e-04 1.95e+00 -11.0 6.55e-03    -  1.00e+00 5.00e-01h  2
 523  2.6462700e-02 2.63e-03 2.46e+01 -11.0 1.22e-02    -  1.00e+00 1.00e+00H  1
 524  2.6155063e-02 1.96e-03 5.31e+00 -11.0 1.54e-02    -  1.00e+00 1.00e+00h  1
 525  2.6108647e-02 1.55e-03 1.19e+01 -11.0 2.60e-02    -  1.00e+00 2.50e-01h  3
 526  2.6053759e-02 2.07e-03 1.12e+01 -11.0 4.40e-02    -  1.00e+00 6.25e-02h  5
 527  2.6086011e-02 1.66e-03 1.06e+01 -11.0 2.54e-02    -  1.00e+00 1.25e-01h  4
 528  2.6079158e-02 1.50e-03 9.52e+00 -11.0 1.31e-02    -  1.00e+00 1.25e-01h  4
 529  2.6073663e-02 1.45e-03 9.23e+00 -11.0 3.35e-02    -  1.00e+00 6.25e-02h  5
iter    objective    inf_pr   inf_du lg(mu)  ||d||  lg(rg) alpha_du alpha_pr  ls
 530  2.6100503e-02 1.37e-03 8.92e+00 -11.0 1.42e-02    -  1.00e+00 1.25e-01h  4
 531  2.6101391e-02 1.32e-03 8.48e+00 -11.0 1.92e-02    -  1.00e+00 6.25e-02h  5
 532  2.6093883e-02 1.32e-03 8.65e+00 -11.0 3.39e-02    -  1.00e+00 3.12e-02h  6
 533  2.6092311e-02 1.31e-03 8.88e+00 -11.0 2.75e-02    -  1.00e+00 3.12e-02h  6
 534  2.6072486e-02 1.43e-03 9.76e+00 -11.0 1.59e-01    -  1.00e+00 1.56e-02h  7
 535  6.4016940e+00 8.26e+00 2.48e+02 -11.0 2.52e+00    -  1.00e+00 1.00e+00w  1
 536  1.9682313e+01 6.78e+00 3.36e+02 -11.0 2.12e+00    -  1.00e+00 1.00e+00w  1
 537  1.1184885e+01 2.27e+00 3.49e+01 -11.0 9.06e-01    -  1.00e+00 1.00e+00w  1
 538  2.6049730e-02 1.60e-03 1.14e+01 -11.0 1.16e+00    -  1.00e+00 1.95e-03h  9
 539  2.6051101e-02 1.56e-03 1.14e+01 -11.0 1.59e-02    -  1.00e+00 3.12e-02h  6
iter    objective    inf_pr   inf_du lg(mu)  ||d||  lg(rg) alpha_du alpha_pr  ls
 540  2.6046873e-02 2.54e-03 1.29e+01 -11.0 1.11e-01    -  1.00e+00 6.25e-02h  5
 541  2.6027915e-02 2.53e-03 1.33e+01 -11.0 2.64e-01    -  1.00e+00 1.56e-02h  7
 542  2.6027290e-02 3.94e-03 1.39e+01 -11.0 3.02e-01    -  1.00e+00 3.12e-02h  6
 543  2.6018593e-02 3.89e-03 1.34e+01 -11.0 1.09e-01    -  1.00e+00 3.12e-02h  6
 544  2.6012744e-02 3.92e-03 1.36e+01 -11.0 1.63e+03    -  1.00e+00 1.91e-06h 20
 545  2.6002711e-02 4.06e-03 1.31e+01 -11.0 1.68e+01    -  1.00e+00 2.44e-04h 13
 546  2.6003629e-02 3.65e-03 1.29e+01 -11.0 5.19e-02    -  1.00e+00 1.25e-01h  4
 547  2.6010139e-02 3.20e-03 1.36e+01 -11.0 2.19e-02    -  1.00e+00 1.25e-01h  4
 548  2.8708638e-02 2.37e-02 1.77e+01 -11.0 4.82e-02    -  1.00e+00 1.00e+00w  1
 549  4.6635157e-02 5.07e-02 5.14e+00 -11.0 8.19e-02    -  1.00e+00 1.00e+00w  1
iter    objective    inf_pr   inf_du lg(mu)  ||d||  lg(rg) alpha_du alpha_pr  ls
 550  3.4255588e-02 5.67e-02 4.82e+00 -11.0 8.95e-02    -  1.00e+00 1.00e+00w  1
 551  2.6013526e-02 3.06e-03 1.35e+01 -11.0 2.01e-01    -  1.00e+00 6.25e-02h  4
 552  2.6021733e-02 2.96e-03 1.33e+01 -11.0 7.17e-03    -  1.00e+00 3.12e-02h  6
 553  2.6025775e-02 2.92e-03 1.33e+01 -11.0 2.16e-02    -  1.00e+00 1.56e-02h  7
 554  2.6259920e-02 4.30e-03 1.43e+01 -11.0 2.07e-02    -  1.00e+00 5.00e-01h  2
 555  2.6263610e-02 4.02e-03 1.33e+01 -11.0 4.80e-02    -  1.00e+00 6.25e-02h  5
 556  2.6926341e-02 3.50e-04 1.37e+01 -11.0 4.12e-03    -  1.00e+00 1.00e+00h  1
 557  2.7112721e-02 4.58e-04 1.03e+01 -11.0 9.55e-03    -  1.00e+00 2.50e-01h  3
 558  2.7017038e-02 5.39e-04 3.74e+00 -11.0 8.69e-03    -  1.00e+00 5.00e-01h  2
 559  2.7067708e-02 4.98e-04 3.84e+00 -11.0 7.08e-03    -  1.00e+00 1.25e-01h  4
iter    objective    inf_pr   inf_du lg(mu)  ||d||  lg(rg) alpha_du alpha_pr  ls
 560  2.7107302e-02 4.53e-04 4.19e+00 -11.0 6.24e-03    -  1.00e+00 1.25e-01h  4
 561  2.7110612e-02 4.46e-04 4.26e+00 -11.0 5.37e-03    -  1.00e+00 1.56e-02h  7
 562  2.7345066e-02 4.87e-05 2.59e+01 -11.0 3.93e-03    -  1.00e+00 1.00e+00H  1
 563  2.7239156e-02 5.60e-05 2.51e+01 -11.0 8.56e-03    -  1.00e+00 2.50e-01h  3
 564  2.7039912e-02 2.16e-04 3.65e+00 -11.0 2.85e-03    -  1.00e+00 1.00e+00h  1
 565  2.6917092e-02 4.29e-04 4.67e+00 -11.0 1.17e-02    -  1.00e+00 2.50e-01h  3
 566  2.6860794e-02 7.05e-05 3.20e+00 -11.0 1.81e-03    -  1.00e+00 1.00e+00h  1
 567  2.6832421e-02 8.66e-05 3.60e+00 -11.0 3.49e-03    -  1.00e+00 1.00e+00h  1
 568  2.6767676e-02 3.48e-04 9.68e+00 -11.0 8.45e-03    -  1.00e+00 5.00e-01h  2
 569  2.6737914e-02 1.02e-03 1.60e+01 -11.0 1.39e-02    -  1.00e+00 5.00e-01h  2
iter    objective    inf_pr   inf_du lg(mu)  ||d||  lg(rg) alpha_du alpha_pr  ls
 570  2.6729887e-02 1.22e-03 2.31e+01 -11.0 1.39e-02    -  1.00e+00 2.50e-01h  3
 571  2.6733703e-02 1.08e-03 5.57e+00 -11.0 9.55e-03    -  1.00e+00 1.00e+00h  1
 572  2.6727507e-02 3.00e-03 1.19e+01 -11.0 1.88e-02    -  1.00e+00 5.00e-01h  2
 573  2.6492747e-02 2.71e-03 2.66e+01 -11.0 1.02e-02    -  1.00e+00 1.00e+00h  1
 574  2.6465613e-02 3.16e-03 1.60e+01 -11.0 1.88e-01    -  1.00e+00 6.25e-02h  5
 575  2.6342132e-02 2.88e-03 8.13e+00 -11.0 1.67e-01    -  1.00e+00 6.25e-02h  5
 576  2.5917497e-02 5.33e-03 1.18e+01 -11.0 4.94e-02    -  1.00e+00 2.50e-01h  3
 577  2.6282478e-02 3.46e-03 8.63e+00 -11.0 1.57e-02    -  1.00e+00 5.00e-01h  2
 578  2.5948316e-02 3.32e-03 7.85e+00 -11.0 3.45e-02    -  1.00e+00 2.50e-01h  3
 579  2.5833816e-02 5.14e-03 1.65e+01 -11.0 4.88e-01    -  1.00e+00 1.56e-02h  7
iter    objective    inf_pr   inf_du lg(mu)  ||d||  lg(rg) alpha_du alpha_pr  ls
 580  2.5762685e-02 4.91e-03 1.39e+01 -11.0 3.49e-02    -  1.00e+00 1.25e-01h  4
 581  2.5683465e-02 4.89e-03 1.18e+01 -11.0 4.16e-02    -  1.00e+00 1.25e-01h  4
 582  2.5681644e-02 4.68e-03 1.12e+01 -11.0 3.38e-02    -  1.00e+00 6.25e-02h  5
 583  2.5815627e-02 4.44e-03 7.16e+00 -11.0 2.65e-02    -  1.00e+00 2.50e-01h  3
 584  2.6160904e-02 5.73e-04 4.71e+00 -11.0 7.04e-03    -  1.00e+00 1.00e+00h  1
 585  2.6159578e-02 3.62e-03 7.97e+01 -11.0 1.37e-02    -  1.00e+00 1.00e+00h  1
 586  2.5866703e-02 8.82e-04 1.58e+00 -11.0 5.30e-03    -  1.00e+00 1.00e+00h  1
 587  2.5978010e-02 7.23e-04 1.17e+01 -11.0 6.08e-03    -  1.00e+00 5.00e-01h  2
 588  2.6227686e-02 8.85e-04 9.93e+00 -11.0 6.18e-03    -  1.00e+00 5.00e-01h  2
 589  2.6899395e-02 7.16e-06 1.43e+01 -11.0 5.23e-03    -  1.00e+00 1.00e+00H  1
iter    objective    inf_pr   inf_du lg(mu)  ||d||  lg(rg) alpha_du alpha_pr  ls
 590  2.6894966e-02 2.67e-05 3.33e+00 -11.0 5.28e-03    -  1.00e+00 1.00e+00H  1
 591  2.6778581e-02 2.01e-04 1.04e+01 -11.0 4.33e-03    -  1.00e+00 1.00e+00h  1
 592  2.6817974e-02 6.04e-05 9.47e+00 -11.0 6.01e-03    -  1.00e+00 1.00e+00H  1
 593  2.6745692e-02 6.78e-05 1.03e+01 -11.0 1.66e-02    -  1.00e+00 1.25e-01h  4
 594  2.6666997e-02 1.19e-04 7.02e+00 -11.0 1.08e-02    -  1.00e+00 2.50e-01h  3
 595  2.6645609e-02 1.89e-04 3.45e+00 -11.0 3.97e-03    -  1.00e+00 1.00e+00h  1
 596  2.6631773e-02 3.10e-04 1.90e+01 -11.0 4.39e-03    -  1.00e+00 1.00e+00h  1
 597  2.6594310e-02 5.62e-05 1.06e+00 -11.0 3.74e-03    -  1.00e+00 1.00e+00h  1
 598  2.6591495e-02 4.89e-05 2.06e+00 -11.0 8.83e-03    -  1.00e+00 1.25e-01h  4
 599  2.6588610e-02 3.80e-04 4.32e+00 -11.0 3.88e-03    -  1.00e+00 1.00e+00h  1
iter    objective    inf_pr   inf_du lg(mu)  ||d||  lg(rg) alpha_du alpha_pr  ls
 600  2.6581470e-02 3.90e-04 7.06e+00 -11.0 1.14e-02    -  1.00e+00 1.25e-01h  4
 601  2.6573086e-02 3.44e-05 2.12e+00 -11.0 3.41e-03    -  1.00e+00 1.00e+00H  1
 602  2.6554719e-02 1.10e-04 1.63e+00 -11.0 2.56e-03    -  1.00e+00 1.00e+00h  1
 603  2.6548607e-02 1.52e-04 2.43e+00 -11.0 1.20e-02    -  1.00e+00 1.25e-01h  4
 604  2.6528384e-02 5.67e-05 1.58e+00 -11.0 1.93e-03    -  1.00e+00 1.00e+00h  1
 605  2.6521441e-02 1.46e-04 6.83e-01 -11.0 1.67e-02    -  1.00e+00 1.25e-01h  4
 606  2.6520610e-02 1.42e-04 2.37e+00 -11.0 1.78e-02    -  1.00e+00 6.25e-02h  5
 607  2.6510365e-02 3.63e-04 6.15e+00 -11.0 4.05e-03    -  1.00e+00 1.00e+00h  1
 608  2.6500227e-02 3.60e-04 5.06e+00 -11.0 1.10e-01    -  1.00e+00 1.56e-02h  7
 609  2.6493174e-02 3.74e-04 7.48e+00 -11.0 1.26e-01    -  1.00e+00 1.56e-02h  7
iter    objective    inf_pr   inf_du lg(mu)  ||d||  lg(rg) alpha_du alpha_pr  ls
 610  2.6487204e-02 3.69e-04 6.80e+00 -11.0 1.52e+00    -  1.00e+00 9.77e-04h 11
 611  2.6480724e-02 3.64e-04 7.16e+00 -11.0 6.99e-02    -  1.00e+00 1.56e-02h  7
 612  2.6475230e-02 3.63e-04 6.99e+00 -11.0 6.74e-02    -  1.00e+00 1.56e-02h  7
 613  2.6445105e-02 3.61e-03 2.25e+01 -11.0 3.90e-01    -  1.00e+00 6.25e-02h  5
 614  2.6444881e-02 8.18e-03 5.06e+01 -11.0 5.03e-01    -  1.00e+00 3.12e-02h  6
 615  2.6392229e-02 1.01e-02 2.98e+01 -11.0 5.19e-01    -  1.00e+00 1.56e-02h  7
 616  2.6371708e-02 1.19e-02 4.50e+01 -11.0 6.40e-01    -  1.00e+00 1.56e-02h  7
 617  2.6346413e-02 1.26e-02 3.31e+01 -11.0 7.24e-01    -  1.00e+00 7.81e-03h  8
 618  2.6266652e-02 2.95e-04 1.11e+01 -11.0 4.91e-03    -  1.00e+00 1.00e+00h  1
 619  2.6037459e-02 1.23e-03 7.55e+00 -11.0 7.84e-03    -  1.00e+00 1.00e+00h  1
iter    objective    inf_pr   inf_du lg(mu)  ||d||  lg(rg) alpha_du alpha_pr  ls
 620  2.6122746e-02 6.36e-04 7.09e+00 -11.0 4.69e-03    -  1.00e+00 5.00e-01h  2
 621  2.6210105e-02 4.49e-04 2.69e+00 -11.0 4.78e-03    -  1.00e+00 5.00e-01h  2
 622  2.6342194e-02 1.74e-04 1.81e+00 -11.0 3.59e-03    -  1.00e+00 1.00e+00H  1
 623  2.6339270e-02 4.82e-05 3.63e+00 -11.0 3.71e-03    -  1.00e+00 1.00e+00H  1
 624  2.6290802e-02 8.57e-05 1.80e+00 -11.0 2.44e-03    -  1.00e+00 1.00e+00h  1
 625  2.6272500e-02 2.84e-05 2.35e-01 -11.0 1.35e-03    -  1.00e+00 1.00e+00h  1
 626  2.6259892e-02 8.07e-05 1.33e+00 -11.0 5.72e-03    -  1.00e+00 5.00e-01h  2
 627  2.6245165e-02 2.35e-04 2.16e+00 -11.0 1.85e-02    -  1.00e+00 2.50e-01h  3
 628  2.6292076e-02 3.81e-06 9.82e-01 -11.0 1.07e-02    -  1.00e+00 1.00e+00H  1
 629  2.6266867e-02 3.21e-05 8.50e-01 -11.0 1.70e-02    -  1.00e+00 1.25e-01h  4
iter    objective    inf_pr   inf_du lg(mu)  ||d||  lg(rg) alpha_du alpha_pr  ls
 630  2.6251273e-02 6.09e-05 1.29e+00 -11.0 1.62e-01    -  1.00e+00 1.56e-02h  7
 631  2.6249210e-02 6.33e-05 5.97e-01 -11.0 8.97e-02    -  1.00e+00 1.56e-02h  7
 632  2.6217179e-02 1.31e-04 4.28e-01 -11.0 3.23e-02    -  1.00e+00 6.25e-02h  5
 633  2.6222676e-02 1.39e-04 1.99e+00 -11.0 3.54e-03    -  1.00e+00 1.00e+00h  1
 634  2.6002358e-02 1.76e-04 1.85e+00 -11.0 4.01e-03    -  1.00e+00 1.00e+00h  1
 635  2.6239457e-02 1.53e-04 6.53e-01 -11.0 4.53e-03    -  1.00e+00 1.00e+00h  1
 636  2.6168601e-02 4.70e-05 3.62e-01 -11.0 2.84e-03    -  1.00e+00 1.00e+00h  1
 637  2.6145531e-02 3.03e-05 1.12e+00 -11.0 1.28e-03    -  1.00e+00 1.00e+00h  1
 638  2.6153177e-02 1.69e-05 5.53e-01 -11.0 2.09e-03    -  1.00e+00 1.00e+00H  1
 639  2.6107460e-02 1.29e-04 2.20e+00 -11.0 3.14e-03    -  1.00e+00 1.00e+00H  1
iter    objective    inf_pr   inf_du lg(mu)  ||d||  lg(rg) alpha_du alpha_pr  ls
 640  2.6121060e-02 3.37e-05 1.82e-01 -11.0 1.45e-03    -  1.00e+00 1.00e+00h  1
 641  2.6109788e-02 2.92e-05 5.98e-01 -11.0 2.73e-03    -  1.00e+00 1.00e+00h  1
 642  2.6102219e-02 4.65e-05 1.35e-01 -11.0 2.52e-02    -  1.00e+00 6.25e-02h  5
 643  2.6089581e-02 8.36e-05 1.48e+00 -11.0 1.73e-02    -  1.00e+00 1.25e-01h  4
 644  2.6076190e-02 1.29e-04 2.22e+00 -11.0 7.86e-02    -  1.00e+00 3.12e-02h  6
 645  2.6068546e-02 1.41e-04 3.48e+00 -11.0 3.84e-01    -  1.00e+00 3.91e-03h  9
 646  2.6063044e-02 1.51e-04 4.22e+00 -11.0 1.06e+00    -  1.00e+00 9.77e-04h 11
 647  2.6036329e-02 1.03e-03 9.82e+00 -11.0 2.07e-01    -  1.00e+00 6.25e-02h  5
 648  2.6044008e-02 1.03e-03 9.14e+00 -11.0 5.58e-01    -  1.00e+00 1.95e-03h 10
 649  2.5981168e-02 4.76e-03 6.51e+00 -11.0 2.60e-02    -  1.00e+00 1.00e+00h  1
iter    objective    inf_pr   inf_du lg(mu)  ||d||  lg(rg) alpha_du alpha_pr  ls
 650  2.5962817e-02 4.87e-03 1.00e+01 -11.0 3.91e-01    -  1.00e+00 1.56e-02h  7
 651  2.5907336e-02 5.09e-03 1.18e+01 -11.0 1.78e-01    -  1.00e+00 6.25e-02h  5
 652  2.5887277e-02 4.26e-03 1.11e+01 -11.0 2.04e-01    -  1.00e+00 6.25e-02h  5
 653  2.5887085e-02 5.02e-03 1.35e+01 -11.0 3.16e-01    -  1.00e+00 6.25e-02h  5
 654  2.5862394e-02 5.44e-03 1.80e+01 -11.0 8.70e-01    -  1.00e+00 1.56e-02h  7
 655  2.5829881e-02 5.27e-03 1.13e+01 -11.0 1.81e-01    -  1.00e+00 1.56e-02h  7
 656  2.5944480e-02 2.10e-03 2.82e+00 -11.0 2.45e-02    -  1.00e+00 1.00e+00h  1
 657  2.5740396e-02 3.96e-03 3.06e+00 -11.0 1.64e-01    -  1.00e+00 2.50e-01h  3
 658  2.5785253e-02 3.76e-03 2.76e+00 -11.0 1.29e-01    -  1.00e+00 1.25e-01h  4
 659  2.5810407e-02 4.24e-03 2.90e+00 -11.0 1.43e-01    -  1.00e+00 6.25e-02h  5
iter    objective    inf_pr   inf_du lg(mu)  ||d||  lg(rg) alpha_du alpha_pr  ls
 660  2.5710798e-02 3.85e-03 2.12e+00 -11.0 8.07e-02    -  1.00e+00 1.25e-01h  4
 661  2.5683865e-02 4.04e-03 2.02e+00 -11.0 1.04e-01    -  1.00e+00 3.12e-02h  6
 662  2.5668702e-02 4.22e-03 1.90e+00 -11.0 4.25e-01    -  1.00e+00 7.81e-03h  8
 663  2.5660504e-02 4.35e-03 1.95e+00 -11.0 4.91e+00    -  1.00e+00 4.88e-04h 12
 664  2.5649795e-02 4.46e-03 1.90e+00 -11.0 3.33e-01    -  1.00e+00 7.81e-03h  8
 665  2.5950166e-02 5.35e-04 2.17e+01 -11.0 7.24e-03    -  1.00e+00 1.00e+00h  1
 666  2.5612038e-02 5.72e-05 4.05e+00 -11.0 3.37e-03    -  1.00e+00 1.00e+00h  1
 667  2.5568235e-02 2.23e-05 7.14e-02 -11.0 1.39e-03    -  1.00e+00 1.00e+00h  1
 668  2.5553295e-02 4.92e-05 2.88e-01 -11.0 1.40e-03    -  1.00e+00 1.00e+00h  1
 669  2.5538205e-02 1.44e-04 2.58e+00 -11.0 2.97e-03    -  1.00e+00 1.00e+00h  1
iter    objective    inf_pr   inf_du lg(mu)  ||d||  lg(rg) alpha_du alpha_pr  ls
 670  2.5526322e-02 2.05e-04 2.35e+00 -11.0 5.20e-03    -  1.00e+00 1.00e+00h  1
 671  2.5591739e-02 4.76e-06 5.46e-01 -11.0 8.30e-03    -  1.00e+00 1.00e+00H  1
 672  2.5495556e-02 7.25e-05 1.57e+00 -11.0 1.98e-03    -  1.00e+00 1.00e+00h  1
 673  2.5478045e-02 6.71e-05 1.12e+00 -11.0 1.70e-03    -  1.00e+00 1.00e+00h  1
 674  2.5466042e-02 6.42e-05 8.62e-01 -11.0 2.39e-03    -  1.00e+00 1.00e+00h  1
 675  2.5442199e-02 7.16e-04 1.04e+00 -11.0 8.07e-03    -  1.00e+00 1.00e+00h  1
 676  2.5411396e-02 2.84e-03 4.32e+00 -11.0 1.27e-01    -  1.00e+00 1.25e-01h  4
 677  2.5394028e-02 3.32e-03 6.21e+00 -11.0 3.35e-01    -  1.00e+00 3.12e-02h  6
 678  2.5353994e-02 3.31e-03 7.80e-01 -11.0 4.05e-02    -  1.00e+00 5.00e-01h  2
 679  2.5334989e-02 6.57e-03 3.14e+00 -11.0 2.34e-01    -  1.00e+00 1.25e-01h  4
iter    objective    inf_pr   inf_du lg(mu)  ||d||  lg(rg) alpha_du alpha_pr  ls
 680  2.5298901e-02 6.61e-03 5.96e+00 -11.0 3.04e-01    -  1.00e+00 3.12e-02h  6
 681  2.5326101e-02 6.11e-03 6.31e+00 -11.0 8.12e-02    -  1.00e+00 6.25e-02h  5
 682  2.5334540e-02 2.61e-03 6.95e+00 -11.0 1.73e-02    -  1.00e+00 5.00e-01h  2
 683  2.5292654e-02 6.98e-03 3.99e+00 -11.0 2.27e-01    -  1.00e+00 1.25e-01h  4
 684  2.5269059e-02 1.34e-02 2.72e+00 -11.0 9.20e-01    -  1.00e+00 3.12e-02h  6
 685  2.5206288e-02 1.41e-02 4.40e+00 -11.0 5.08e-01    -  1.00e+00 3.12e-02h  6
 686  2.7622043e-02 7.43e-02 2.24e+01 -11.0 1.40e-01    -  1.00e+00 1.00e+00w  1
 687  3.8996681e-02 1.32e-01 2.30e+01 -11.0 1.24e-01    -  1.00e+00 1.00e+00w  1
 688  4.1197034e-02 7.35e-02 4.66e+01 -11.0 9.33e-02    -  1.00e+00 1.00e+00w  1
 689  2.5112678e-02 1.10e-02 9.03e+00 -11.0 1.74e-01    -  1.00e+00 2.50e-01h  2
iter    objective    inf_pr   inf_du lg(mu)  ||d||  lg(rg) alpha_du alpha_pr  ls
 690  2.5179502e-02 1.01e-02 4.37e+00 -11.0 1.31e-01    -  1.00e+00 6.25e-02h  5
 691  2.5073567e-02 1.05e-02 1.00e+01 -11.0 2.49e-01    -  1.00e+00 1.25e-01h  4
 692  2.5019262e-02 1.12e-02 1.19e+01 -11.0 5.65e-01    -  1.00e+00 3.12e-02h  6
 693  2.5050784e-02 1.06e-02 8.55e+00 -11.0 1.30e-01    -  1.00e+00 1.25e-01h  4
 694  2.5015503e-02 3.17e-04 2.32e-01 -11.0 6.67e-03    -  1.00e+00 1.00e+00h  1
 695  2.5179374e-02 2.52e-05 1.11e+00 -11.0 4.52e-03    -  1.00e+00 1.00e+00H  1
 696  2.5139891e-02 1.95e-04 8.89e-01 -11.0 3.12e-03    -  1.00e+00 1.00e+00h  1
 697  2.5091416e-02 1.85e-04 2.44e+00 -11.0 2.62e-03    -  1.00e+00 1.00e+00h  1
 698  2.5011210e-02 8.12e-04 4.75e+00 -11.0 8.87e-03    -  1.00e+00 1.00e+00H  1
 699  2.4948382e-02 1.17e-03 4.64e+00 -11.0 1.50e-02    -  1.00e+00 5.00e-01h  2
iter    objective    inf_pr   inf_du lg(mu)  ||d||  lg(rg) alpha_du alpha_pr  ls
 700  2.4981820e-02 1.00e-03 3.13e+00 -11.0 6.85e-03    -  1.00e+00 1.00e+00h  1
 701  2.4962238e-02 8.74e-04 1.75e+00 -11.0 6.83e-03    -  1.00e+00 1.00e+00h  1
 702  2.4929150e-02 2.63e-03 2.05e+00 -11.0 1.08e-01    -  1.00e+00 1.25e-01h  4
 703  2.4904733e-02 6.31e-03 6.50e+00 -11.0 2.92e-01    -  1.00e+00 6.25e-02h  5
 704  2.4913182e-02 3.46e-03 2.39e+00 -11.0 8.61e-03    -  1.00e+00 5.00e-01h  2
 705  2.4877838e-02 3.07e-03 8.42e-01 -11.0 2.27e-02    -  1.00e+00 5.00e-01h  2
 706  2.4870149e-02 3.33e-03 1.93e+00 -11.0 9.11e-02    -  1.00e+00 6.25e-02h  5
 707  2.4946971e-02 1.68e-03 1.82e+00 -11.0 8.39e-03    -  1.00e+00 5.00e-01h  2
 708  2.4882732e-02 1.27e-03 1.46e+00 -11.0 9.72e-03    -  1.00e+00 1.00e+00h  1
 709  2.4859187e-02 1.30e-03 1.24e+00 -11.0 3.43e-02    -  1.00e+00 2.50e-01h  3
iter    objective    inf_pr   inf_du lg(mu)  ||d||  lg(rg) alpha_du alpha_pr  ls
 710  2.4850183e-02 1.14e-03 6.23e-01 -11.0 1.95e-02    -  1.00e+00 2.50e-01h  3
 711  2.4838811e-02 1.08e-03 1.93e+00 -11.0 3.96e-02    -  1.00e+00 1.25e-01h  4
 712  2.4835395e-02 1.18e-03 1.49e+00 -11.0 2.21e-01    -  1.00e+00 1.56e-02h  7
 713  2.4833016e-02 1.18e-03 1.18e+00 -11.0 6.11e-02    -  1.00e+00 3.12e-02h  6
 714  2.4878713e-02 1.09e-03 2.59e-01 -11.0 8.43e-02    -  1.00e+00 2.50e-01h  3
 715  2.4871465e-02 1.07e-03 3.30e-01 -11.0 1.61e-01    -  1.00e+00 3.12e-02h  6
 716  2.4781760e-02 1.36e-03 1.58e+00 -11.0 2.08e-02    -  1.00e+00 2.50e-01h  3
 717  2.4773815e-02 1.30e-03 3.06e-01 -11.0 5.12e-02    -  1.00e+00 1.25e-01h  4
 718  2.4726551e-02 1.03e-03 9.16e-01 -11.0 3.62e-02    -  1.00e+00 2.50e-01h  3
 719  2.4781389e-02 4.72e-04 8.42e-01 -11.0 4.46e-03    -  1.00e+00 1.00e+00h  1
iter    objective    inf_pr   inf_du lg(mu)  ||d||  lg(rg) alpha_du alpha_pr  ls
 720  2.4704653e-02 4.30e-05 3.52e-01 -11.0 3.00e-03    -  1.00e+00 1.00e+00h  1
 721  2.4696766e-02 4.66e-05 3.59e-01 -11.0 4.44e-03    -  1.00e+00 1.00e+00h  1
 722  2.4686624e-02 5.79e-04 1.09e+00 -11.0 2.18e-01    -  1.00e+00 6.25e-02h  5
 723  2.4680765e-02 6.13e-04 4.98e-01 -11.0 1.04e-01    -  1.00e+00 3.12e-02h  6
 724  2.4677216e-02 8.55e-04 2.34e-01 -11.0 3.12e-02    -  1.00e+00 5.00e-01h  2
 725  2.4668469e-02 3.60e-03 4.13e-01 -11.0 1.19e-01    -  1.00e+00 2.50e-01h  3
 726  2.4645501e-02 4.47e-03 5.12e-01 -11.0 5.77e-01    -  1.00e+00 3.12e-02h  6
 727  2.4614718e-02 4.54e-03 1.05e+00 -11.0 1.45e-01    -  1.00e+00 1.25e-01h  4
 728  2.4585412e-02 9.03e-03 1.13e+00 -11.0 4.07e-01    -  1.00e+00 1.25e-01h  4
 729  2.4535395e-02 1.04e-02 1.24e+00 -11.0 3.41e+00    -  1.00e+00 7.81e-03h  8
iter    objective    inf_pr   inf_du lg(mu)  ||d||  lg(rg) alpha_du alpha_pr  ls
 730  2.4478702e-02 1.27e-02 2.03e+00 -11.0 1.93e+00    -  1.00e+00 1.56e-02h  7
 731  2.4429310e-02 1.47e-02 3.45e+00 -11.0 1.95e+00    -  1.00e+00 1.56e-02h  7
 732  2.1233654e-01 1.51e+00 1.19e+02 -11.0 4.73e-01    -  1.00e+00 1.00e+00w  1
 733  3.2496927e+02 4.35e+01 8.18e+01 -11.0 8.50e+00    -  1.00e+00 1.00e+00w  1
 734  5.2576375e+01 9.45e+00 6.81e+01 -11.0 8.66e+00    -  1.00e+00 1.00e+00w  1
 735  2.4424395e-02 1.51e-02 6.38e+00 -11.0 3.21e+00    -  1.00e+00 3.12e-02h  5
 736  2.4165059e-02 1.09e-02 4.63e+00 -11.0 5.92e-02    -  1.00e+00 5.00e-01h  2
 737  2.4082340e-02 1.28e-02 4.82e+00 -11.0 4.39e-01    -  1.00e+00 6.25e-02h  5
 738  2.4066703e-02 1.48e-02 5.78e+00 -11.0 8.13e-02    -  1.00e+00 1.25e-01h  4
 739  2.3702152e-02 1.55e-03 1.34e+00 -11.0 1.55e-02    -  1.00e+00 1.00e+00h  1
iter    objective    inf_pr   inf_du lg(mu)  ||d||  lg(rg) alpha_du alpha_pr  ls
 740  2.4112289e-02 8.67e-04 8.43e-01 -11.0 1.87e-02    -  1.00e+00 1.00e+00H  1
 741  2.3396579e-02 1.93e-03 4.45e-01 -11.0 1.26e-02    -  1.00e+00 1.00e+00h  1
 742  2.3775536e-02 6.83e-04 9.16e-01 -11.0 2.80e-02    -  1.00e+00 1.00e+00H  1
 743  2.3093282e-02 1.37e-03 6.18e-01 -11.0 1.24e-02    -  1.00e+00 1.00e+00h  1
 744  2.3042137e-02 1.28e-03 2.57e-01 -11.0 1.16e-02    -  1.00e+00 1.00e+00h  1
 745  2.2707643e-02 2.83e-03 4.48e-01 -11.0 1.34e-02    -  1.00e+00 1.00e+00h  1
 746  2.2580722e-02 3.75e-03 4.75e-01 -11.0 5.59e-02    -  1.00e+00 2.50e-01h  3
 747  2.2452781e-02 4.04e-03 3.55e-01 -11.0 3.05e-02    -  1.00e+00 5.00e-01h  2
 748  2.2369691e-02 4.30e-03 4.14e-01 -11.0 5.09e-02    -  1.00e+00 2.50e-01h  3
 749  2.2179430e-02 8.87e-03 4.76e-01 -11.0 9.04e-02    -  1.00e+00 2.50e-01h  3
iter    objective    inf_pr   inf_du lg(mu)  ||d||  lg(rg) alpha_du alpha_pr  ls
 750  2.2000511e-02 2.10e-02 4.38e-01 -11.0 6.02e-01    -  1.00e+00 6.25e-02h  5
 751  2.1887033e-02 2.54e-02 4.63e-01 -11.0 5.36e-01    -  1.00e+00 3.12e-02h  6
 752  2.1691860e-02 2.71e-02 4.25e-01 -11.0 1.47e-01    -  1.00e+00 1.25e-01h  4
 753  2.1656893e-02 3.52e-02 3.94e-01 -11.0 4.08e-01    -  1.00e+00 6.25e-02h  5
 754  2.1555619e-02 3.25e-02 3.42e-01 -11.0 1.28e-01    -  1.00e+00 1.25e-01h  4
 755  2.1669650e-02 3.04e-02 4.68e-01 -11.0 1.03e-01    -  1.00e+00 1.25e-01h  4
 756  2.2388828e-02 6.55e-03 3.89e-01 -11.0 1.88e-02    -  1.00e+00 1.00e+00w  1
 757  2.2494875e-02 1.56e-02 6.02e-01 -11.0 1.75e-02    -  1.00e+00 1.00e+00w  1
 758  2.1252264e-02 1.07e-02 8.37e-02 -11.0 2.33e-02    -  1.00e+00 1.00e+00h  1
 759  2.1327168e-02 5.08e-04 8.75e-02 -11.0 8.69e-03    -  1.00e+00 1.00e+00h  1
iter    objective    inf_pr   inf_du lg(mu)  ||d||  lg(rg) alpha_du alpha_pr  ls
 760  2.1187541e-02 4.00e-04 3.42e-02 -11.0 5.09e-03    -  1.00e+00 1.00e+00h  1
 761  2.1147725e-02 9.06e-05 1.58e-02 -11.0 2.53e-03    -  1.00e+00 1.00e+00h  1
 762  2.1092063e-02 5.86e-03 4.72e-02 -11.0 4.11e-02    -  1.00e+00 5.00e-01h  2
 763  2.1077836e-02 6.47e-03 1.93e-01 -11.0 7.20e-02    -  1.00e+00 2.50e-01h  3
 764  2.0947401e-02 4.95e-03 2.63e-01 -11.0 5.28e-02    -  1.00e+00 2.50e-01h  3
 765  2.0921985e-02 7.38e-03 1.85e-01 -11.0 5.93e-02    -  1.00e+00 2.50e-01h  3
 766  2.0808267e-02 1.25e-03 3.45e-01 -11.0 1.13e-02    -  1.00e+00 1.00e+00h  1
 767  2.0633601e-02 1.42e-03 1.17e-01 -11.0 7.27e-03    -  1.00e+00 1.00e+00h  1
 768  2.0598092e-02 8.57e-04 1.14e-01 -11.0 8.97e-03    -  1.00e+00 1.00e+00h  1
 769  2.0718761e-02 5.12e-04 1.57e-01 -11.0 2.33e-02    -  1.00e+00 1.00e+00H  1
iter    objective    inf_pr   inf_du lg(mu)  ||d||  lg(rg) alpha_du alpha_pr  ls
 770  2.1489991e-02 6.03e-05 3.10e-01 -11.0 3.28e-02    -  1.00e+00 1.00e+00H  1
 771  2.0585982e-02 2.53e-03 3.05e-01 -11.0 1.55e-02    -  1.00e+00 5.00e-01h  2
 772  2.0135683e-02 2.32e-03 1.44e-01 -11.0 1.27e-02    -  1.00e+00 1.00e+00h  1
 773  2.0096463e-02 1.44e-03 4.02e-02 -11.0 9.39e-03    -  1.00e+00 1.00e+00h  1
 774  1.9969859e-02 1.50e-02 1.59e-01 -11.0 6.73e-02    -  1.00e+00 5.00e-01h  2
 775  1.9886479e-02 1.97e-02 2.58e-01 -11.0 6.86e-01    -  1.00e+00 3.12e-02h  6
 776  1.9812473e-02 1.88e-02 2.79e-01 -11.0 2.49e-01    -  1.00e+00 6.25e-02h  5
 777  1.9740784e-02 1.82e-02 2.71e-01 -11.0 1.14e-01    -  1.00e+00 2.50e-01h  3
 778  1.9639980e-02 2.42e-02 2.54e-01 -11.0 2.94e-01    -  1.00e+00 1.25e-01h  4
 779  1.9572755e-02 2.48e-02 1.59e-01 -11.0 1.78e-01    -  1.00e+00 1.25e-01h  4
iter    objective    inf_pr   inf_du lg(mu)  ||d||  lg(rg) alpha_du alpha_pr  ls
 780  1.9566321e-02 1.97e-02 1.68e-01 -11.0 7.56e-02    -  1.00e+00 2.50e-01h  3
 781  1.9944228e-02 1.38e-02 2.78e-01 -11.0 5.17e-02    -  1.00e+00 1.00e+00H  1
 782  1.9625274e-02 9.53e-03 1.91e-01 -11.0 9.29e-02    -  1.00e+00 2.50e-01h  3
 783  1.9133779e-02 2.20e-02 3.60e-01 -11.0 1.03e-01    -  1.00e+00 5.00e-01h  2
 784  1.8884614e-02 2.33e-02 1.93e-01 -11.0 4.53e-01    -  1.00e+00 6.25e-02h  5
 785  1.9559844e-02 2.11e-02 3.05e-01 -11.0 1.96e-01    -  1.00e+00 2.50e-01h  3
 786  1.9605338e-02 1.55e-02 5.87e-01 -11.0 7.27e-02    -  1.00e+00 5.00e-01h  2
 787  1.9502778e-02 1.67e-02 2.77e-01 -11.0 5.93e-02    -  1.00e+00 5.00e-01h  2
 788  1.8928970e-02 6.22e-03 2.43e-01 -11.0 1.72e-02    -  1.00e+00 1.00e+00h  1
 789  1.8527852e-02 3.02e-03 3.32e-01 -11.0 1.40e-02    -  1.00e+00 1.00e+00h  1
iter    objective    inf_pr   inf_du lg(mu)  ||d||  lg(rg) alpha_du alpha_pr  ls
 790  1.8370349e-02 2.85e-03 1.61e-01 -11.0 1.77e-02    -  1.00e+00 1.00e+00h  1
 791  1.8475705e-02 3.18e-03 3.13e-01 -11.0 2.83e-02    -  1.00e+00 1.00e+00h  1
 792  1.8855624e-02 8.02e-04 2.62e-01 -11.0 4.12e-02    -  1.00e+00 1.00e+00H  1
 793  1.9144109e-02 1.71e-03 2.57e-01 -11.0 2.30e-02    -  1.00e+00 1.00e+00H  1
 794  1.7884886e-02 2.61e-03 1.27e-01 -11.0 1.45e-02    -  1.00e+00 1.00e+00h  1
 795  1.7647243e-02 1.57e-03 2.14e-02 -11.0 1.87e-02    -  1.00e+00 1.00e+00h  1
 796  1.7587203e-02 2.16e-03 4.30e-02 -11.0 9.29e-02    -  1.00e+00 1.25e-01h  4
 797  1.7458629e-02 2.04e-02 1.33e-01 -11.0 1.34e-01    -  1.00e+00 5.00e-01h  2
 798  1.7343540e-02 5.37e-02 3.38e-01 -11.0 3.53e+00    -  1.00e+00 3.12e-02h  6
 799  1.7304044e-02 6.32e-02 5.39e-01 -11.0 1.78e+01    -  1.00e+00 3.91e-03h  9
iter    objective    inf_pr   inf_du lg(mu)  ||d||  lg(rg) alpha_du alpha_pr  ls
 800  1.7159246e-02 6.69e-02 6.04e-01 -11.0 1.82e+00    -  1.00e+00 3.12e-02h  6
 801  1.7100233e-02 7.01e-02 4.26e-01 -11.0 1.22e+00    -  1.00e+00 6.25e-02h  5
 802  1.6865349e-02 7.31e-02 2.23e-01 -11.0 1.39e+00    -  1.00e+00 6.25e-02h  5
 803  1.6563866e-02 8.34e-02 2.77e-01 -11.0 1.65e+00    -  1.00e+00 6.25e-02h  5
 804  1.6537032e-02 8.13e-02 4.57e-01 -11.0 2.03e+00    -  1.00e+00 3.12e-02h  6
 805  1.6801095e-02 6.25e-02 5.96e-01 -11.0 3.21e-01    -  1.00e+00 1.25e-01h  4
 806  1.6413815e-02 3.17e-02 6.08e-01 -11.0 7.28e-02    -  1.00e+00 1.00e+00h  1
 807  1.6875741e-02 2.13e-02 4.98e-01 -11.0 5.18e-02    -  1.00e+00 5.00e-01h  2
 808  1.5477093e-02 1.28e-02 4.78e-01 -11.0 7.45e-02    -  1.00e+00 1.00e+00h  1
 809  1.5110731e-02 1.24e-02 7.53e-01 -11.0 1.37e-01    -  1.00e+00 1.25e-01h  4
iter    objective    inf_pr   inf_du lg(mu)  ||d||  lg(rg) alpha_du alpha_pr  ls
 810  1.5158119e-02 3.16e-03 1.84e-01 -11.0 1.11e-02    -  1.00e+00 1.00e+00h  1
 811  1.5125245e-02 3.66e-03 8.65e-01 -11.0 1.42e-02    -  1.00e+00 1.00e+00h  1
 812  1.4853889e-02 1.21e-02 3.62e-01 -11.0 3.72e-02    -  1.00e+00 5.00e-01h  2
 813  1.4558138e-02 9.73e-04 1.35e-01 -11.0 1.06e-02    -  1.00e+00 1.00e+00h  1
 814  1.4388522e-02 1.13e-03 1.09e-01 -11.0 1.95e-02    -  1.00e+00 1.00e+00h  1
 815  1.4402454e-02 1.73e-03 1.02e-01 -11.0 3.25e-02    -  1.00e+00 1.00e+00h  1
 816  1.4288673e-02 3.35e-03 2.10e-01 -11.0 9.71e-02    -  1.00e+00 5.00e-01h  2
 817  1.4127757e-02 4.35e-03 2.22e-01 -11.0 9.21e-02    -  1.00e+00 2.50e-01h  3
 818  1.4585373e-02 3.70e-04 2.20e-01 -11.0 4.50e-02    -  1.00e+00 1.00e+00H  1
 819  1.4396736e-02 2.61e-03 3.28e-01 -11.0 3.66e-02    -  1.00e+00 1.00e+00H  1
iter    objective    inf_pr   inf_du lg(mu)  ||d||  lg(rg) alpha_du alpha_pr  ls
 820  1.3377143e-02 1.53e-02 3.89e-01 -11.0 4.59e-02    -  1.00e+00 1.00e+00h  1
 821  1.3346325e-02 1.24e-02 2.11e-01 -11.0 1.52e-01    -  1.00e+00 2.50e-01h  3
 822  1.3328992e-02 4.99e-03 4.01e-01 -11.0 1.11e-01    -  1.00e+00 1.00e+00h  1
 823  1.2900465e-02 2.76e-02 6.57e-01 -11.0 1.14e+00    -  1.00e+00 1.25e-01h  4
 824  1.2629500e-02 5.33e-02 1.61e+00 -11.0 3.85e+00    -  1.00e+00 3.12e-02h  6
 825  1.2284449e-02 1.47e-01 2.84e+00 -11.0 4.38e+00    -  1.00e+00 6.25e-02h  5
 826  1.2129675e-02 1.45e-01 2.79e+00 -11.0 3.62e+00    -  1.00e+00 3.12e-02h  6
 827  1.2050380e-02 1.44e-01 2.62e+00 -11.0 9.65e-01    -  1.00e+00 6.25e-02h  5
 828  1.2009426e-02 1.40e-01 1.29e+00 -11.0 2.24e-01    -  1.00e+00 2.50e-01h  3
 829  1.1548300e-02 1.14e-01 1.25e+00 -11.0 5.58e-01    -  1.00e+00 2.50e-01h  3
iter    objective    inf_pr   inf_du lg(mu)  ||d||  lg(rg) alpha_du alpha_pr  ls
 830  1.1212828e-02 1.09e-01 1.27e+00 -11.0 2.56e-01    -  1.00e+00 6.25e-02h  5
 831  1.0361979e-02 1.79e-02 2.51e-01 -11.0 1.41e-02    -  1.00e+00 1.00e+00h  1
 832  1.0557237e-02 4.27e-02 2.68e-01 -11.0 2.07e-02    -  1.00e+00 1.00e+00h  1
 833  9.8689198e-03 1.66e-02 3.54e-01 -11.0 2.53e-02    -  1.00e+00 1.00e+00h  1
 834  9.8074164e-03 1.57e-02 2.84e-01 -11.0 2.29e-02    -  1.00e+00 5.00e-01h  2
 835  9.7045242e-03 2.66e-03 7.07e-02 -11.0 1.87e-02    -  1.00e+00 1.00e+00h  1
 836  9.5719545e-03 2.22e-02 1.10e-01 -11.0 8.17e-02    -  1.00e+00 5.00e-01h  2
 837  9.3197499e-03 2.15e-02 3.02e-01 -11.0 7.68e-02    -  1.00e+00 2.50e-01h  3
 838  9.0141105e-03 3.24e-02 6.00e-01 -11.0 2.03e-01    -  1.00e+00 1.25e-01h  4
 839  8.9019774e-03 3.00e-02 5.64e-01 -11.0 1.08e-01    -  1.00e+00 1.25e-01h  4
iter    objective    inf_pr   inf_du lg(mu)  ||d||  lg(rg) alpha_du alpha_pr  ls
 840  9.0463245e-03 2.79e-02 2.69e-01 -11.0 4.46e-02    -  1.00e+00 5.00e-01h  2
 841  9.1582783e-03 5.23e-03 2.31e-01 -11.0 3.35e-02    -  1.00e+00 1.00e+00H  1
 842  8.9202178e-03 8.04e-03 7.63e-01 -11.0 2.54e-02    -  1.00e+00 5.00e-01h  2
 843  8.5007924e-03 3.46e-03 3.45e-01 -11.0 1.08e-02    -  1.00e+00 1.00e+00h  1
 844  8.2925729e-03 1.77e-03 8.13e-02 -11.0 5.54e-03    -  1.00e+00 1.00e+00h  1
 845  8.2487271e-03 7.28e-04 4.24e-02 -11.0 6.48e-03    -  1.00e+00 1.00e+00h  1
 846  8.2071789e-03 2.62e-03 1.10e-01 -11.0 2.70e-02    -  1.00e+00 5.00e-01h  2
 847  8.1140354e-03 4.64e-03 5.13e-01 -11.0 1.24e-01    -  1.00e+00 2.50e-01h  3
 848  8.0048836e-03 9.07e-03 7.98e-01 -11.0 5.03e-01    -  1.00e+00 6.25e-02h  5
 849  7.8940072e-03 1.19e-02 7.63e-01 -11.0 8.32e-01    -  1.00e+00 3.12e-02h  6
iter    objective    inf_pr   inf_du lg(mu)  ||d||  lg(rg) alpha_du alpha_pr  ls
 850  7.8125646e-03 1.21e-02 6.98e-01 -11.0 3.10e-01    -  1.00e+00 6.25e-02h  5
 851  7.7916738e-03 1.79e-02 9.65e-01 -11.0 3.23e-01    -  1.00e+00 1.25e-01h  4
 852  7.6468362e-03 1.91e-02 1.17e+00 -11.0 8.33e-01    -  1.00e+00 6.25e-02h  5
 853  7.5013301e-03 2.52e-02 8.49e-01 -11.0 1.23e+00    -  1.00e+00 3.12e-02h  6
 854  7.5818598e-03 2.19e-02 7.68e-01 -11.0 2.21e-01    -  1.00e+00 1.25e-01h  4
 855  8.0312812e-03 2.61e-02 8.27e-01 -11.0 3.84e-02    -  1.00e+00 5.00e-01h  2
 856  7.4546737e-03 1.50e-02 3.82e-01 -11.0 5.92e-02    -  1.00e+00 1.00e+00h  1
 857  7.3646110e-03 1.35e-02 6.08e-01 -11.0 8.75e-02    -  1.00e+00 6.25e-02h  5
 858  7.1112830e-03 1.29e-03 2.57e-01 -11.0 9.00e-03    -  1.00e+00 1.00e+00h  1
 859  7.0865518e-03 2.95e-03 3.47e-01 -11.0 2.53e-02    -  1.00e+00 1.00e+00h  1
iter    objective    inf_pr   inf_du lg(mu)  ||d||  lg(rg) alpha_du alpha_pr  ls
 860  7.0295319e-03 2.12e-03 4.39e-01 -11.0 1.13e-01    -  1.00e+00 1.25e-01h  4
 861  6.9113700e-03 8.00e-03 2.76e-01 -11.0 1.24e-01    -  1.00e+00 2.50e-01h  3
 862  6.8218766e-03 9.17e-03 2.38e-01 -11.0 2.20e-01    -  1.00e+00 6.25e-02h  5
 863  6.8013839e-03 7.36e-03 1.67e-01 -11.0 6.59e-02    -  1.00e+00 2.50e-01h  3
 864  7.0260904e-03 2.26e-03 2.35e-01 -11.0 4.95e-02    -  1.00e+00 1.00e+00H  1
 865  6.8376901e-03 5.57e-03 2.15e-01 -11.0 3.11e-01    -  1.00e+00 1.25e-01h  4
 866  6.7983981e-03 8.16e-03 2.49e-01 -11.0 3.63e-01    -  1.00e+00 1.25e-01h  4
 867  6.7597623e-03 1.52e-02 2.80e-01 -11.0 1.90e-01    -  1.00e+00 2.50e-01h  3
 868  6.5807960e-03 1.17e-02 3.47e-01 -11.0 2.56e-01    -  1.00e+00 1.25e-01h  4
 869  6.4229531e-03 9.61e-03 1.96e-01 -11.0 3.48e-02    -  1.00e+00 2.50e-01h  3
iter    objective    inf_pr   inf_du lg(mu)  ||d||  lg(rg) alpha_du alpha_pr  ls
 870  6.2043512e-03 3.32e-03 4.59e-01 -11.0 7.91e-03    -  1.00e+00 1.00e+00h  1
 871  6.1603132e-03 9.10e-04 1.03e-01 -11.0 2.27e-02    -  1.00e+00 1.00e+00h  1
 872  6.1066719e-03 2.16e-03 2.64e-01 -11.0 2.36e-01    -  1.00e+00 1.25e-01h  4
 873  6.0955165e-03 6.07e-03 4.83e-01 -11.0 7.36e-01    -  1.00e+00 6.25e-02h  5
 874  6.0567828e-03 1.42e-02 6.46e-01 -11.0 5.44e-01    -  1.00e+00 1.25e-01h  4
 875  5.9447040e-03 1.99e-02 7.38e-01 -11.0 1.76e+00    -  1.00e+00 3.12e-02h  6
 876  6.0677239e-03 1.60e-02 7.62e-01 -11.0 8.12e-01    -  1.00e+00 6.25e-02h  5
 877  5.9496146e-03 1.69e-02 7.67e-01 -11.0 7.10e-01    -  1.00e+00 6.25e-02h  5
 878  5.8229193e-03 1.82e-02 6.67e-01 -11.0 2.02e+00    -  1.00e+00 1.56e-02h  7
 879  5.6924513e-03 2.16e-02 7.87e-01 -11.0 7.14e-01    -  1.00e+00 1.25e-01h  4
iter    objective    inf_pr   inf_du lg(mu)  ||d||  lg(rg) alpha_du alpha_pr  ls
 880  5.6911404e-03 1.54e-02 6.40e-01 -11.0 5.07e-01    -  1.00e+00 3.12e-02h  6
 881  5.5156970e-03 9.48e-03 2.01e-01 -11.0 3.22e-02    -  1.00e+00 5.00e-01h  2
 882  5.5168161e-03 5.66e-03 8.88e-02 -11.0 9.29e-03    -  1.00e+00 1.00e+00h  1
 883  5.4013166e-03 8.98e-04 8.68e-02 -11.0 1.45e-02    -  1.00e+00 1.00e+00h  1
 884  5.3332710e-03 3.18e-03 4.16e-01 -11.0 4.09e-02    -  1.00e+00 5.00e-01h  2
 885  5.3075565e-03 1.12e-02 3.47e-01 -11.0 5.92e-02    -  1.00e+00 2.50e-01h  3
 886  5.2179708e-03 5.23e-03 2.48e-01 -11.0 7.29e-03    -  1.00e+00 5.00e-01h  2
 887  5.1707400e-03 1.37e-03 8.76e-02 -11.0 6.43e-03    -  1.00e+00 1.00e+00h  1
 888  5.1652530e-03 3.19e-04 7.50e-02 -11.0 3.33e-03    -  1.00e+00 1.00e+00h  1
 889  5.1319010e-03 3.06e-04 5.16e-02 -11.0 7.26e-03    -  1.00e+00 1.00e+00h  1
iter    objective    inf_pr   inf_du lg(mu)  ||d||  lg(rg) alpha_du alpha_pr  ls
 890  5.2908591e-03 1.62e-04 1.74e-01 -11.0 3.14e-02    -  1.00e+00 1.00e+00H  1
 891  5.2398910e-03 1.50e-04 1.55e-01 -11.0 1.48e-02    -  1.00e+00 1.25e-01h  4
 892  5.2762839e-03 4.03e-05 5.27e-01 -11.0 1.09e-02    -  1.00e+00 1.00e+00H  1
 893  5.0683221e-03 2.55e-03 1.97e-01 -11.0 1.01e-02    -  1.00e+00 1.00e+00h  1
 894  5.0961891e-03 1.81e-03 9.62e-02 -11.0 9.64e-03    -  1.00e+00 1.00e+00h  1
 895  5.0327268e-03 2.68e-04 1.26e-02 -11.0 6.30e-03    -  1.00e+00 1.00e+00h  1
 896  5.0396098e-03 1.42e-04 6.02e-02 -11.0 3.41e-03    -  1.00e+00 1.00e+00H  1
 897  5.0066351e-03 4.92e-04 6.33e-03 -11.0 2.38e-03    -  1.00e+00 1.00e+00h  1
 898  4.9968894e-03 1.70e-04 7.08e-02 -11.0 6.85e-03    -  1.00e+00 1.00e+00h  1
 899  5.0181472e-03 8.18e-05 6.46e-02 -11.0 4.33e-02    -  1.00e+00 1.00e+00H  1
iter    objective    inf_pr   inf_du lg(mu)  ||d||  lg(rg) alpha_du alpha_pr  ls
 900  4.9510006e-03 9.41e-03 2.08e-01 -11.0 7.68e-01    -  1.00e+00 6.25e-02h  5
 901  4.9274774e-03 1.48e-02 3.32e-01 -11.0 1.95e+00    -  1.00e+00 1.56e-02h  7
 902  4.9129882e-03 1.62e-02 2.63e-01 -11.0 2.80e-01    -  1.00e+00 6.25e-02h  5
 903  4.8921691e-03 1.95e-02 2.38e-01 -11.0 2.54e-01    -  1.00e+00 1.25e-01h  4
 904  4.7759312e-03 4.91e-02 5.05e-01 -11.0 2.47e+00    -  1.00e+00 3.12e-02h  6
 905  4.7677513e-03 4.97e-02 8.77e-01 -11.0 8.00e-01    -  1.00e+00 3.12e-02h  6
 906  4.8288335e-03 4.70e-02 1.26e+00 -11.0 8.50e-02    -  1.00e+00 1.25e-01h  4
 907  4.8850741e-03 5.10e-03 4.99e-01 -11.0 3.16e-02    -  1.00e+00 1.00e+00h  1
 908  4.6742870e-03 2.58e-02 3.43e-01 -11.0 8.50e-02    -  1.00e+00 5.00e-01h  2
 909  4.6136063e-03 3.08e-02 2.37e-01 -11.0 3.48e-01    -  1.00e+00 1.25e-01h  4
iter    objective    inf_pr   inf_du lg(mu)  ||d||  lg(rg) alpha_du alpha_pr  ls
 910  4.5244491e-03 4.90e-02 2.23e-01 -11.0 9.73e-01    -  1.00e+00 6.25e-02h  5
 911  4.4775376e-03 5.63e-02 3.31e-01 -11.0 2.85e+00    -  1.00e+00 1.56e-02h  7
 912  4.4690375e-03 6.04e-02 5.02e-01 -11.0 2.45e+00    -  1.00e+00 1.56e-02h  7
 913  4.4544640e-03 6.96e-02 6.49e-01 -11.0 8.35e-01    -  1.00e+00 6.25e-02h  5
 914  4.4343807e-03 8.39e-02 8.58e-01 -11.0 3.70e+00    -  1.00e+00 1.56e-02h  7
 915  4.4181231e-03 7.86e-02 9.82e-01 -11.0 6.50e-01    -  1.00e+00 3.12e-02h  6
 916  4.3214627e-03 7.70e-02 9.87e-01 -11.0 3.79e-01    -  1.00e+00 1.25e-01h  4
 917  4.2370834e-03 8.81e-02 8.71e-01 -11.0 1.84e+00    -  1.00e+00 3.12e-02h  6
 918  1.3632948e+00 7.45e+00 1.17e+01 -11.0 2.51e+00    -  1.00e+00 1.00e+00w  1
 919  1.3243668e+04 6.21e+01 1.22e+02 -11.0 4.16e+01    -  1.00e+00 1.00e+00w  1
iter    objective    inf_pr   inf_du lg(mu)  ||d||  lg(rg) alpha_du alpha_pr  ls
 920  1.8463551e+02 8.78e+00 3.77e+01 -11.0 4.19e+01    -  1.00e+00 1.00e+00w  1
 921  4.1747445e-03 9.09e-02 6.39e-01 -11.0 3.81e+00    -  1.00e+00 1.56e-02h  6
 922  4.4427654e-03 1.89e-02 7.97e-01 -11.0 7.33e-02    -  1.00e+00 1.00e+00h  1
 923  4.4115083e-03 1.85e-02 6.38e-01 -11.0 1.97e-01    -  1.00e+00 6.25e-02h  5
 924  4.3560568e-03 3.01e-02 2.13e-01 -11.0 2.09e-01    -  1.00e+00 2.50e-01h  3
 925  4.3303788e-03 6.55e-02 1.13e+00 -11.0 1.40e+00    -  1.00e+00 6.25e-02h  5
 926  4.3300113e-03 7.69e-02 1.91e+00 -11.0 3.55e+00    -  1.00e+00 1.56e-02h  7
 927  4.2396667e-03 7.52e-02 1.81e+00 -11.0 2.29e-01    -  1.00e+00 3.12e-02h  6
 928  4.1583972e-03 5.70e-02 9.66e-01 -11.0 7.44e-02    -  1.00e+00 2.50e-01h  3
 929  4.1708189e-03 5.10e-02 2.52e-01 -11.0 1.77e-01    -  1.00e+00 1.25e-01h  4
iter    objective    inf_pr   inf_du lg(mu)  ||d||  lg(rg) alpha_du alpha_pr  ls
 930  4.1581631e-03 6.13e-02 7.91e-01 -11.0 3.27e+00    -  1.00e+00 1.56e-02h  7
 931  4.1384587e-03 6.27e-02 2.89e-01 -11.0 1.12e+00    -  1.00e+00 3.12e-02h  6
 932  4.1012782e-03 6.76e-02 7.03e-01 -11.0 3.81e+01    -  1.00e+00 9.77e-04h 11
 933  3.7929582e+01 4.46e+01 9.71e+01 -11.0 2.60e+01    -  1.00e+00 1.00e+00w  1
 934  8.3773878e+01 7.70e+00 2.80e+01 -11.0 1.55e+01    -  1.00e+00 1.00e+00w  1
 935  4.0601572e+06 2.21e+03 8.73e+02 -11.0 7.55e+02    -  1.00e+00 1.00e+00w  1
 936  4.0899946e-03 6.88e-02 2.90e-01 -11.0 7.49e+02    -  1.00e+00 9.77e-04h 10
 937  4.3772713e-03 4.06e-03 2.62e-01 -11.0 2.81e-02    -  1.00e+00 1.00e+00h  1
 938  4.3706914e-03 3.85e-03 3.45e-01 -11.0 6.55e-02    -  1.00e+00 1.25e-01h  4
 939  4.3570413e-03 1.14e-02 5.79e-01 -11.0 4.50e-02    -  1.00e+00 5.00e-01h  2
iter    objective    inf_pr   inf_du lg(mu)  ||d||  lg(rg) alpha_du alpha_pr  ls
 940  4.2313011e-03 1.59e-02 8.95e-01 -11.0 8.78e-02    -  1.00e+00 1.25e-01h  4
 941  4.2318599e-03 1.91e-02 6.84e-01 -11.0 2.43e-02    -  1.00e+00 5.00e-01h  2
 942  4.1796853e-03 1.83e-02 8.24e-01 -11.0 1.34e-02    -  1.00e+00 1.00e+00h  1
 943  4.0282898e-03 8.05e-03 2.74e-01 -11.0 6.47e-03    -  1.00e+00 1.00e+00h  1
 944  4.0291610e-03 5.86e-04 3.51e-01 -11.0 2.20e-03    -  1.00e+00 1.00e+00h  1
 945  3.9929027e-03 1.62e-03 1.65e-01 -11.0 5.96e-03    -  1.00e+00 1.00e+00h  1
 946  4.0257178e-03 4.42e-04 1.68e-01 -11.0 6.36e-03    -  1.00e+00 1.00e+00H  1
 947  3.9487130e-03 6.00e-04 1.68e-01 -11.0 3.63e-03    -  1.00e+00 1.00e+00h  1
 948  3.9134365e-03 5.44e-04 6.87e-02 -11.0 2.42e-03    -  1.00e+00 1.00e+00h  1
 949  3.9039167e-03 8.62e-04 1.24e-01 -11.0 3.16e-03    -  1.00e+00 1.00e+00h  1
iter    objective    inf_pr   inf_du lg(mu)  ||d||  lg(rg) alpha_du alpha_pr  ls
 950  3.8959905e-03 1.82e-03 2.55e-01 -11.0 4.38e-02    -  1.00e+00 6.25e-02h  5
 951  3.8912018e-03 2.71e-03 5.06e-01 -11.0 3.23e-02    -  1.00e+00 1.25e-01h  4
 952  3.8767066e-03 2.03e-03 5.95e-01 -11.0 1.02e-02    -  1.00e+00 5.00e-01h  2
 953  3.8788719e-03 3.93e-03 4.46e-01 -11.0 4.96e-03    -  1.00e+00 1.00e+00h  1
 954  3.8310115e-03 8.52e-04 2.16e-01 -11.0 2.52e-03    -  1.00e+00 1.00e+00h  1
 955  3.8233967e-03 1.13e-04 1.13e-01 -11.0 1.29e-03    -  1.00e+00 1.00e+00h  1
 956  3.8151983e-03 3.45e-03 3.68e-01 -11.0 7.13e-03    -  1.00e+00 1.00e+00h  1
 957  3.8162408e-03 3.15e-03 4.90e-01 -11.0 1.10e-02    -  1.00e+00 2.50e-01h  3
 958  3.7963239e-03 4.56e-04 2.71e-01 -11.0 2.10e-03    -  1.00e+00 1.00e+00h  1
 959  3.7800472e-03 3.94e-04 1.01e-01 -11.0 1.47e-03    -  1.00e+00 1.00e+00h  1
iter    objective    inf_pr   inf_du lg(mu)  ||d||  lg(rg) alpha_du alpha_pr  ls
 960  3.7763616e-03 9.12e-05 1.13e-01 -11.0 9.24e-04    -  1.00e+00 1.00e+00h  1
 961  3.7724094e-03 1.09e-04 1.90e-01 -11.0 2.45e-03    -  1.00e+00 1.00e+00h  1
 962  3.7981712e-03 4.01e-05 7.56e-01 -11.0 1.50e-02    -  1.00e+00 1.00e+00H  1
 963  3.7946777e-03 3.85e-05 7.56e-01 -11.0 3.78e-02    -  1.00e+00 1.56e-02h  7
 964  3.7628817e-03 5.72e-04 5.58e-01 -11.0 1.89e-02    -  1.00e+00 2.50e-01h  3
 965  3.7477530e-03 1.68e-03 1.20e-01 -11.0 5.80e-03    -  1.00e+00 5.00e-01h  2
 966  3.7294159e-03 7.02e-04 4.99e-02 -11.0 5.56e-03    -  1.00e+00 1.00e+00h  1
 967  3.7626102e-03 6.18e-04 1.49e-01 -11.0 4.20e-03    -  1.00e+00 1.00e+00h  1
 968  3.7076391e-03 4.43e-04 3.49e-02 -11.0 2.10e-03    -  1.00e+00 1.00e+00h  1
 969  3.7042256e-03 7.62e-05 4.99e-02 -11.0 1.96e-03    -  1.00e+00 1.00e+00h  1
iter    objective    inf_pr   inf_du lg(mu)  ||d||  lg(rg) alpha_du alpha_pr  ls
 970  3.6921483e-03 6.13e-04 2.85e-01 -11.0 3.07e-02    -  1.00e+00 2.50e-01h  3
 971  3.6864511e-03 8.13e-04 3.03e-01 -11.0 8.10e-02    -  1.00e+00 6.25e-02h  5
 972  3.6780899e-03 1.30e-03 2.96e-01 -11.0 1.19e-01    -  1.00e+00 6.25e-02h  5
 973  3.6711366e-03 1.56e-03 1.18e-01 -11.0 9.81e-02    -  1.00e+00 6.25e-02h  5
 974  3.6678735e-03 2.75e-03 2.38e-01 -11.0 7.99e-02    -  1.00e+00 1.25e-01h  4
 975  3.6664751e-03 2.80e-03 1.49e-01 -11.0 1.09e-01    -  1.00e+00 6.25e-02h  5
 976  3.6747081e-03 1.70e-03 3.03e-01 -11.0 1.87e-02    -  1.00e+00 5.00e-01h  2
 977  3.6518153e-03 1.78e-03 2.55e-01 -11.0 1.74e-02    -  1.00e+00 2.50e-01h  3
 978  3.6437822e-03 8.34e-04 5.15e-01 -11.0 6.02e-03    -  1.00e+00 1.00e+00h  1
 979  3.6725003e-03 5.25e-05 3.43e-01 -11.0 8.71e-03    -  1.00e+00 1.00e+00H  1
iter    objective    inf_pr   inf_du lg(mu)  ||d||  lg(rg) alpha_du alpha_pr  ls
 980  3.6332250e-03 4.64e-04 4.58e-02 -11.0 7.34e-03    -  1.00e+00 1.00e+00h  1
 981  3.7490257e-03 1.80e-05 2.39e-01 -11.0 1.66e-02    -  1.00e+00 1.00e+00H  1
 982  3.7090357e-03 3.68e-04 5.63e-01 -11.0 7.00e-03    -  1.00e+00 1.00e+00H  1
 983  3.5796958e-03 2.96e-03 8.38e-02 -11.0 5.33e-03    -  1.00e+00 1.00e+00h  1
 984  3.5872948e-03 1.49e-04 2.71e-02 -11.0 3.56e-03    -  1.00e+00 1.00e+00h  1
 985  3.5839694e-03 8.02e-04 1.57e-01 -11.0 6.94e-03    -  1.00e+00 1.00e+00h  1
 986  3.5777162e-03 1.12e-03 2.77e-01 -11.0 3.61e-02    -  1.00e+00 2.50e-01h  3
 987  3.5665343e-03 2.01e-03 3.36e-01 -11.0 9.35e-02    -  1.00e+00 1.25e-01h  4
 988  3.5628368e-03 3.52e-03 3.81e-01 -11.0 1.11e-01    -  1.00e+00 1.25e-01h  4
 989  3.5513236e-03 3.59e-03 3.71e-01 -11.0 5.21e-02    -  1.00e+00 1.25e-01h  4
iter    objective    inf_pr   inf_du lg(mu)  ||d||  lg(rg) alpha_du alpha_pr  ls
 990  3.5402423e-03 4.01e-03 3.58e-01 -11.0 4.48e-02    -  1.00e+00 1.25e-01h  4
 991  3.5147125e-03 4.74e-03 5.12e-01 -11.0 1.05e-01    -  1.00e+00 1.25e-01h  4
 992  3.4980159e-03 1.37e-02 9.10e-01 -11.0 4.75e-01    -  1.00e+00 6.25e-02h  5
 993  3.5091308e-03 1.48e-02 7.73e-01 -11.0 8.84e-02    -  1.00e+00 3.12e-02h  6
 994  3.4830519e-03 1.24e-03 6.72e-02 -11.0 1.05e-02    -  1.00e+00 1.00e+00h  1
 995  3.4809166e-03 1.23e-03 6.11e-02 -11.0 2.96e-02    -  1.00e+00 6.25e-02h  5
 996  3.4725135e-03 1.36e-04 3.05e-02 -11.0 5.50e-03    -  1.00e+00 1.00e+00h  1
 997  3.4670474e-03 1.92e-04 8.42e-02 -11.0 4.24e-02    -  1.00e+00 1.25e-01h  4
 998  3.4665694e-03 2.88e-04 1.35e-01 -11.0 3.70e-02    -  1.00e+00 1.25e-01h  4
 999  3.6408654e-03 1.24e-04 4.20e-01 -11.0 2.57e-02    -  1.00e+00 1.00e+00H  1
iter    objective    inf_pr   inf_du lg(mu)  ||d||  lg(rg) alpha_du alpha_pr  ls
1000  3.6106227e-03 7.22e-05 4.45e-01 -11.0 3.31e-02    -  1.00e+00 6.25e-02h  5
1001  3.5610504e-03 1.32e-04 3.94e-01 -11.0 2.54e-02    -  1.00e+00 6.25e-02h  5
1002  3.4651705e-03 5.14e-03 1.67e-01 -11.0 1.27e-02    -  1.00e+00 1.00e+00h  1
1003  3.4464039e-03 2.65e-03 8.75e-02 -11.0 5.69e-03    -  1.00e+00 5.00e-01h  2
1004  3.4146921e-03 4.25e-04 4.07e-02 -11.0 3.84e-03    -  1.00e+00 1.00e+00h  1
1005  3.4168556e-03 1.74e-04 3.60e-02 -11.0 1.72e-03    -  1.00e+00 1.00e+00h  1
1006  3.4114197e-03 2.04e-04 4.00e-02 -11.0 2.81e-03    -  1.00e+00 1.00e+00h  1
1007  3.4094718e-03 1.25e-04 4.46e-02 -11.0 3.37e-03    -  1.00e+00 5.00e-01h  2
1008  3.4119670e-03 3.37e-05 1.96e-02 -11.0 4.71e-03    -  1.00e+00 1.00e+00H  1
1009  3.4044897e-03 9.47e-04 1.83e-02 -11.0 5.07e-03    -  1.00e+00 1.00e+00h  1
iter    objective    inf_pr   inf_du lg(mu)  ||d||  lg(rg) alpha_du alpha_pr  ls
1010  3.5010964e-03 4.81e-05 2.35e-01 -11.0 1.04e-02    -  1.00e+00 1.00e+00H  1
1011  3.4101832e-03 4.26e-05 1.62e-01 -11.0 4.03e-03    -  1.00e+00 1.00e+00H  1
1012  3.3806030e-03 5.99e-04 7.42e-02 -11.0 2.62e-03    -  1.00e+00 1.00e+00h  1
1013  3.3760209e-03 1.74e-04 7.62e-03 -11.0 2.77e-03    -  1.00e+00 1.00e+00h  1
1014  3.4068652e-03 1.23e-05 1.46e-01 -11.0 1.04e-02    -  1.00e+00 1.00e+00H  1
1015  3.4701097e-03 6.33e-06 1.60e-01 -11.0 1.36e-02    -  1.00e+00 1.00e+00H  1
1016  3.4592257e-03 6.85e-06 1.46e-01 -11.0 6.27e-03    -  1.00e+00 3.12e-02h  6
1017  3.3604880e-03 1.46e-03 6.76e-02 -11.0 4.36e-03    -  1.00e+00 1.00e+00h  1
1018  3.3470264e-03 1.01e-03 1.22e-02 -11.0 6.55e-03    -  1.00e+00 1.00e+00h  1
1019  3.3720179e-03 8.44e-05 3.88e-02 -11.0 1.67e-02    -  1.00e+00 1.00e+00H  1
iter    objective    inf_pr   inf_du lg(mu)  ||d||  lg(rg) alpha_du alpha_pr  ls
1020  3.3630558e-03 1.75e-04 4.12e-02 -11.0 1.08e-01    -  1.00e+00 3.12e-02h  6
1021  3.3529554e-03 3.21e-04 3.91e-02 -11.0 1.23e-01    -  1.00e+00 3.12e-02h  6
1022  3.3299235e-03 1.77e-03 5.41e-02 -11.0 1.09e-01    -  1.00e+00 1.25e-01h  4
1023  3.3281663e-03 3.36e-03 2.74e-01 -11.0 8.46e-02    -  1.00e+00 1.25e-01h  4
1024  3.3273446e-03 5.15e-03 4.04e-01 -11.0 5.39e-02    -  1.00e+00 2.50e-01h  3
1025  3.2992053e-03 1.60e-02 4.36e-01 -11.0 2.99e-01    -  1.00e+00 1.25e-01h  4
1026  3.2611372e-03 5.05e-02 6.32e-01 -11.0 2.13e+00    -  1.00e+00 3.12e-02h  6
1027  3.2496255e-03 6.72e-02 8.83e-01 -11.0 1.38e+01    -  1.00e+00 3.91e-03h  9
1028  3.2335361e-03 7.04e-02 1.05e+00 -11.0 3.27e+00    -  1.00e+00 7.81e-03h  8
1029  3.2097135e-03 7.20e-02 1.04e+00 -11.0 1.07e+00    -  1.00e+00 1.56e-02h  7
iter    objective    inf_pr   inf_du lg(mu)  ||d||  lg(rg) alpha_du alpha_pr  ls
1030  3.1805297e-02 8.86e-01 1.16e+00 -11.0 2.63e-01    -  1.00e+00 1.00e+00w  1
1031  3.0006889e-02 9.36e-01 1.11e+00 -11.0 1.63e-01    -  1.00e+00 1.00e+00w  1
1032  1.0303179e-01 1.98e+00 1.82e+00 -11.0 2.30e-01    -  1.00e+00 1.00e+00w  1
1033  3.2050709e-03 7.06e-02 9.86e-01 -11.0 2.54e-01    -  1.00e+00 3.12e-02h  5
1034  3.2327807e-03 3.97e-02 5.61e-01 -11.0 4.47e-02    -  1.00e+00 5.00e-01h  2
1035  3.2621976e-03 3.77e-02 5.29e-01 -11.0 1.26e-01    -  1.00e+00 6.25e-02h  5
1036  3.1950322e-03 1.70e-03 3.09e-02 -11.0 4.98e-03    -  1.00e+00 1.00e+00h  1
1037  3.2712712e-03 2.90e-04 1.35e-01 -11.0 5.53e-03    -  1.00e+00 1.00e+00H  1
1038  3.1533101e-03 2.48e-03 3.71e-02 -11.0 6.60e-03    -  1.00e+00 1.00e+00h  1
1039  3.2176663e-03 4.22e-04 1.86e-01 -11.0 1.09e-02    -  1.00e+00 1.00e+00H  1
iter    objective    inf_pr   inf_du lg(mu)  ||d||  lg(rg) alpha_du alpha_pr  ls
1040  3.1738488e-03 5.61e-05 1.69e-01 -11.0 7.26e-03    -  1.00e+00 1.00e+00H  1
1041  3.2988962e-03 1.27e-05 6.53e-02 -11.0 6.76e-03    -  1.00e+00 1.00e+00H  1
1042  3.1255743e-03 1.52e-03 3.40e-02 -11.0 5.21e-03    -  1.00e+00 1.00e+00h  1
1043  3.1262044e-03 2.58e-04 1.75e-02 -11.0 1.70e-03    -  1.00e+00 1.00e+00h  1
1044  3.1220006e-03 3.47e-04 1.84e-02 -11.0 1.57e-03    -  1.00e+00 1.00e+00h  1
1045  3.1202717e-03 1.47e-04 1.52e-02 -11.0 1.11e-03    -  1.00e+00 1.00e+00h  1
1046  3.1162439e-03 4.51e-05 3.87e-02 -11.0 1.53e-03    -  1.00e+00 1.00e+00h  1
1047  3.1244194e-03 3.20e-05 1.89e-01 -11.0 5.61e-03    -  1.00e+00 1.00e+00H  1
1048  3.1654206e-03 3.78e-05 1.69e-01 -11.0 5.77e-03    -  1.00e+00 1.00e+00H  1
1049  3.1128050e-03 1.16e-03 2.91e-02 -11.0 5.22e-03    -  1.00e+00 1.00e+00h  1
iter    objective    inf_pr   inf_du lg(mu)  ||d||  lg(rg) alpha_du alpha_pr  ls
1050  3.1127515e-03 5.81e-04 1.36e-02 -11.0 2.11e-03    -  1.00e+00 5.00e-01h  2
1051  3.1061558e-03 9.88e-05 5.83e-03 -11.0 1.63e-03    -  1.00e+00 1.00e+00h  1
1052  3.1059771e-03 4.07e-06 1.09e-02 -11.0 9.85e-04    -  1.00e+00 1.00e+00h  1
1053  3.1056135e-03 1.94e-04 7.67e-02 -11.0 7.14e-03    -  1.00e+00 1.00e+00h  1
1054  3.1034081e-03 2.62e-04 1.12e-01 -11.0 1.34e-01    -  1.00e+00 3.12e-02h  6
1055  3.1029654e-03 2.76e-04 4.78e-02 -11.0 4.91e-02    -  1.00e+00 6.25e-02h  5
1056  3.1015600e-03 3.40e-04 6.96e-02 -11.0 1.34e-02    -  1.00e+00 2.50e-01h  3
1057  3.1595305e-03 5.99e-06 5.84e-01 -11.0 1.54e-02    -  1.00e+00 1.00e+00H  1
1058  3.1564452e-03 6.30e-06 5.73e-01 -11.0 1.50e-02    -  1.00e+00 1.56e-02h  7
1059  3.1041221e-03 2.45e-04 3.39e-01 -11.0 8.08e-03    -  1.00e+00 2.50e-01h  3
iter    objective    inf_pr   inf_du lg(mu)  ||d||  lg(rg) alpha_du alpha_pr  ls
1060  3.0960594e-03 8.73e-04 1.33e-01 -11.0 7.57e-03    -  1.00e+00 1.00e+00h  1
1061  3.0827889e-03 8.45e-04 4.09e-02 -11.0 5.06e-03    -  1.00e+00 5.00e-01h  2
1062  3.0795495e-03 3.31e-04 3.62e-02 -11.0 3.36e-03    -  1.00e+00 1.00e+00h  1
1063  3.0833344e-03 2.73e-04 1.15e-01 -11.0 1.64e-03    -  1.00e+00 1.00e+00h  1
1064  3.0732508e-03 1.46e-04 1.17e-02 -11.0 1.76e-03    -  1.00e+00 1.00e+00h  1
1065  3.0729702e-03 9.54e-06 3.25e-02 -11.0 6.18e-04    -  1.00e+00 1.00e+00h  1
1066  3.0724278e-03 1.89e-04 5.51e-02 -11.0 3.61e-03    -  1.00e+00 1.00e+00h  1
1067  3.0699376e-03 9.57e-04 6.55e-02 -11.0 1.88e-02    -  1.00e+00 2.50e-01h  3
1068  3.0693332e-03 1.03e-03 1.58e-01 -11.0 2.68e-02    -  1.00e+00 1.25e-01h  4
1069  3.0663743e-03 5.13e-04 2.06e-01 -11.0 7.17e-03    -  1.00e+00 5.00e-01h  2
iter    objective    inf_pr   inf_du lg(mu)  ||d||  lg(rg) alpha_du alpha_pr  ls
1070  3.0676740e-03 1.57e-03 2.09e-01 -11.0 8.73e-03    -  1.00e+00 5.00e-01h  2
1071  3.0649134e-03 2.89e-04 1.41e-01 -11.0 2.15e-03    -  1.00e+00 1.00e+00h  1
1072  3.0553424e-03 3.45e-04 9.14e-02 -11.0 2.35e-03    -  1.00e+00 1.00e+00h  1
1073  3.0575051e-03 6.79e-05 6.92e-02 -11.0 2.61e-03    -  1.00e+00 1.00e+00h  1
1074  3.0537589e-03 9.43e-05 9.64e-02 -11.0 2.54e-03    -  1.00e+00 1.00e+00h  1
1075  3.0699236e-03 3.37e-05 1.53e-01 -11.0 3.33e-03    -  1.00e+00 1.00e+00H  1
1076  3.0473825e-03 3.99e-04 6.44e-02 -11.0 1.93e-03    -  1.00e+00 1.00e+00h  1
1077  3.0470204e-03 4.28e-05 3.64e-02 -11.0 1.35e-03    -  1.00e+00 1.00e+00h  1
1078  3.0435462e-03 8.66e-05 5.59e-02 -11.0 3.27e-03    -  1.00e+00 1.00e+00h  1
1079  3.0430809e-03 8.59e-04 6.20e-02 -11.0 1.54e-01    -  1.00e+00 6.25e-02h  5
iter    objective    inf_pr   inf_du lg(mu)  ||d||  lg(rg) alpha_du alpha_pr  ls
1080  3.0420098e-03 9.84e-04 4.71e-02 -11.0 9.98e-02    -  1.00e+00 6.25e-02h  5
1081  3.0422859e-03 8.99e-04 7.38e-02 -11.0 3.03e-02    -  1.00e+00 1.25e-01h  4
1082  3.0330968e-03 9.12e-04 1.91e-02 -11.0 2.54e-02    -  1.00e+00 2.50e-01h  3
1083  3.0286216e-03 1.34e-03 2.81e-01 -11.0 1.40e-01    -  1.00e+00 6.25e-02h  5
1084  3.0235800e-03 3.21e-03 6.46e-01 -11.0 2.77e-01    -  1.00e+00 6.25e-02h  5
1085  3.0190921e-03 3.40e-03 7.96e-01 -11.0 4.18e-01    -  1.00e+00 1.56e-02h  7
1086  3.0162960e-03 3.90e-03 8.99e-01 -11.0 4.79e-01    -  1.00e+00 3.12e-02h  6
1087  3.0083546e-03 4.92e-03 9.42e-01 -11.0 1.22e+00    -  1.00e+00 1.56e-02h  7
1088  3.0029979e-03 6.17e-03 1.08e+00 -11.0 2.37e+00    -  1.00e+00 7.81e-03h  8
1089  3.7200127e-01 1.27e+01 2.71e+01 -11.0 3.09e+00    -  1.00e+00 1.00e+00w  1
iter    objective    inf_pr   inf_du lg(mu)  ||d||  lg(rg) alpha_du alpha_pr  ls
1090  3.0032531e+04 1.45e+02 3.51e+02 -11.0 5.53e+01    -  1.00e+00 1.00e+00w  1
1091  1.4075902e+02 1.11e+01 2.02e+02 -11.0 5.55e+01    -  1.00e+00 1.00e+00w  1
1092  2.9952663e-03 8.67e-03 1.36e+00 -11.0 2.56e+00    -  1.00e+00 7.81e-03h  7
1093  2.9958692e-03 4.89e-03 6.01e-01 -11.0 1.39e-02    -  1.00e+00 5.00e-01h  2
1094  2.9882244e-03 4.42e-03 3.95e-01 -11.0 4.03e-02    -  1.00e+00 1.25e-01h  4
1095  2.9840436e-03 8.03e-03 9.55e-02 -11.0 1.10e-01    -  1.00e+00 2.50e-01h  3
1096  2.9808168e-03 8.17e-03 1.26e-01 -11.0 8.69e-01    -  1.00e+00 7.81e-03h  8
1097  2.9947431e-03 6.87e-03 1.33e-01 -11.0 4.95e-02    -  1.00e+00 2.50e-01h  3
1098  3.0078435e-03 5.37e-03 2.93e-01 -11.0 2.27e-02    -  1.00e+00 2.50e-01h  3
1099  2.9663038e-03 3.23e-03 2.44e-01 -11.0 2.68e-02    -  1.00e+00 1.00e+00h  1
iter    objective    inf_pr   inf_du lg(mu)  ||d||  lg(rg) alpha_du alpha_pr  ls
1100  2.9739293e-03 3.05e-03 2.20e-01 -11.0 2.31e-01    -  1.00e+00 3.12e-02h  6
1101  2.9755809e-03 2.69e-03 2.07e-01 -11.0 6.78e-03    -  1.00e+00 5.00e-01h  2
1102  2.9519356e-03 6.21e-04 7.67e-02 -11.0 9.27e-03    -  1.00e+00 1.00e+00h  1
1103  2.9515789e-03 8.99e-04 6.32e-02 -11.0 3.58e-02    -  1.00e+00 1.25e-01h  4
1104  3.0375797e-03 7.70e-05 2.69e-01 -11.0 6.45e-03    -  1.00e+00 1.00e+00H  1
1105  2.9400803e-03 2.49e-03 1.63e-02 -11.0 9.38e-03    -  1.00e+00 1.00e+00h  1
1106  2.9426580e-03 1.88e-03 7.18e-02 -11.0 4.27e-03    -  1.00e+00 2.50e-01h  3
1107  2.9398404e-03 1.08e-04 1.84e-02 -11.0 2.21e-03    -  1.00e+00 1.00e+00h  1
1108  2.9544438e-03 4.99e-05 4.24e-02 -11.0 2.98e-03    -  1.00e+00 1.00e+00H  1
1109  2.9357124e-03 4.20e-04 6.00e-02 -11.0 1.68e-03    -  1.00e+00 1.00e+00h  1
iter    objective    inf_pr   inf_du lg(mu)  ||d||  lg(rg) alpha_du alpha_pr  ls
1110  2.9335841e-03 1.48e-05 9.94e-03 -11.0 5.23e-04    -  1.00e+00 1.00e+00h  1
1111  2.9294158e-03 2.15e-04 6.93e-02 -11.0 4.02e-03    -  1.00e+00 1.00e+00h  1
1112  2.9236219e-03 7.78e-04 7.94e-02 -11.0 1.26e-01    -  1.00e+00 6.25e-02h  5
1113  2.9231882e-03 1.41e-03 3.00e-02 -11.0 2.94e-01    -  1.00e+00 3.12e-02h  6
1114  2.9212440e-03 1.32e-03 3.89e-02 -11.0 6.00e-02    -  1.00e+00 6.25e-02h  5
1115  2.9196675e-03 1.11e-03 6.43e-02 -11.0 2.23e-02    -  1.00e+00 1.25e-01h  4
1116  2.9274798e-03 6.27e-04 2.40e-01 -11.0 7.68e-03    -  1.00e+00 5.00e-01h  2
1117  2.9220738e-03 1.19e-03 9.03e-02 -11.0 9.37e-03    -  1.00e+00 5.00e-01h  2
1118  2.9173417e-03 4.62e-04 8.76e-02 -11.0 1.02e-02    -  1.00e+00 5.00e-01h  2
1119  3.0018575e-03 6.49e-06 6.87e-02 -11.0 7.39e-03    -  1.00e+00 1.00e+00H  1
iter    objective    inf_pr   inf_du lg(mu)  ||d||  lg(rg) alpha_du alpha_pr  ls
1120  2.9282248e-03 1.36e-03 1.42e-01 -11.0 7.45e-03    -  1.00e+00 1.00e+00H  1
1121  2.9611286e-03 8.05e-05 4.60e-02 -11.0 7.66e-03    -  1.00e+00 1.00e+00H  1
1122  2.9187204e-03 3.98e-04 6.84e-02 -11.0 4.76e-03    -  1.00e+00 1.00e+00h  1
1123  2.9535430e-03 1.26e-04 7.37e-02 -11.0 4.84e-03    -  1.00e+00 1.00e+00H  1
1124  2.9041740e-03 2.44e-04 3.60e-02 -11.0 3.95e-03    -  1.00e+00 1.00e+00h  1
1125  2.9059327e-03 1.04e-04 2.11e-02 -11.0 7.78e-04    -  1.00e+00 1.00e+00h  1
1126  2.9035562e-03 2.87e-05 2.70e-03 -11.0 4.17e-04    -  1.00e+00 1.00e+00h  1
1127  2.9034479e-03 2.75e-07 3.73e-04 -11.0 1.27e-04    -  1.00e+00 1.00e+00h  1
1128  2.9116297e-03 1.43e-07 9.32e-02 -11.0 7.36e-03    -  1.00e+00 1.00e+00H  1
1129  2.9112751e-03 2.02e-07 9.49e-02 -11.0 1.82e-02    -  1.00e+00 7.81e-03h  8
iter    objective    inf_pr   inf_du lg(mu)  ||d||  lg(rg) alpha_du alpha_pr  ls
1130  2.8990997e-03 1.40e-04 1.81e-01 -11.0 6.51e-03    -  1.00e+00 5.00e-01h  2
1131  2.9190796e-03 4.37e-08 1.36e-01 -11.0 2.77e-03    -  1.00e+00 1.00e+00H  1
1132  2.8930169e-03 1.08e-04 6.98e-02 -11.0 1.66e-03    -  1.00e+00 1.00e+00h  1
1133  2.8911842e-03 1.33e-05 3.83e-02 -11.0 1.60e-03    -  1.00e+00 1.00e+00h  1
1134  2.8908071e-03 5.31e-05 4.91e-02 -11.0 1.19e-02    -  1.00e+00 2.50e-01h  3
1135  2.8892453e-03 1.85e-04 2.32e-02 -11.0 3.98e-02    -  1.00e+00 1.25e-01h  4
1136  2.8879989e-03 1.87e-04 4.24e-02 -11.0 8.55e-02    -  1.00e+00 3.12e-02h  6
1137  2.8869376e-03 1.91e-04 1.14e-01 -11.0 9.22e-02    -  1.00e+00 3.12e-02h  6
1138  2.8866610e-03 1.67e-04 2.30e-01 -11.0 1.30e-02    -  1.00e+00 2.50e-01h  3
1139  2.8840546e-03 8.50e-04 3.44e-01 -11.0 2.88e-02    -  1.00e+00 2.50e-01h  3
iter    objective    inf_pr   inf_du lg(mu)  ||d||  lg(rg) alpha_du alpha_pr  ls
1140  2.8822812e-03 1.29e-03 4.51e-01 -11.0 1.21e-01    -  1.00e+00 6.25e-02h  5
1141  2.8803577e-03 1.46e-03 6.26e-01 -11.0 5.69e-02    -  1.00e+00 1.25e-01h  4
1142  2.8815254e-03 1.90e-03 7.51e-01 -11.0 5.54e-02    -  1.00e+00 1.25e-01h  4
1143  2.8790140e-03 1.88e-03 6.39e-01 -11.0 4.32e-02    -  1.00e+00 1.25e-01h  4
1144  3.1707144e-03 1.53e-02 6.14e-01 -11.0 4.61e-02    -  1.00e+00 1.00e+00w  1
1145  7.2945046e-03 8.17e-02 5.69e-01 -11.0 4.83e-02    -  1.00e+00 1.00e+00w  1
1146  3.5829151e-03 5.16e-02 1.64e+00 -11.0 6.11e-02    -  1.00e+00 1.00e+00w  1
1147  2.8764978e-03 1.63e-03 6.45e-01 -11.0 7.84e-02    -  1.00e+00 2.50e-01h  2
1148  2.8692121e-03 1.43e-03 3.51e-01 -11.0 2.14e-02    -  1.00e+00 1.25e-01h  4
1149  2.8651058e-03 7.48e-04 6.44e-02 -11.0 3.45e-03    -  1.00e+00 5.00e-01h  2
iter    objective    inf_pr   inf_du lg(mu)  ||d||  lg(rg) alpha_du alpha_pr  ls
1150  2.8768148e-03 1.82e-04 1.08e+00 -11.0 1.54e-02    -  1.00e+00 1.00e+00H  1
1151  2.8670944e-03 3.36e-04 1.17e+00 -11.0 6.75e-02    -  1.00e+00 6.25e-02h  5
1152  2.8501969e-03 5.16e-04 9.62e-01 -11.0 5.05e-03    -  1.00e+00 5.00e-01h  2
1153  2.8280163e-03 1.04e-03 1.02e-01 -11.0 4.04e-03    -  1.00e+00 1.00e+00h  1
1154  2.8480991e-03 6.23e-04 4.02e-02 -11.0 3.10e-03    -  1.00e+00 1.00e+00h  1
1155  2.8183592e-03 4.47e-04 1.24e-01 -11.0 3.94e-03    -  1.00e+00 1.00e+00h  1
1156  2.8469893e-03 3.62e-04 1.33e-01 -11.0 4.79e-03    -  1.00e+00 1.00e+00h  1
1157  2.8150192e-03 5.73e-04 1.13e-01 -11.0 1.76e-03    -  1.00e+00 1.00e+00h  1
1158  2.8102366e-03 1.20e-04 1.37e-02 -11.0 1.10e-03    -  1.00e+00 1.00e+00h  1
1159  2.8077321e-03 4.14e-05 6.25e-02 -11.0 2.36e-03    -  1.00e+00 1.00e+00h  1
iter    objective    inf_pr   inf_du lg(mu)  ||d||  lg(rg) alpha_du alpha_pr  ls
1160  2.8055000e-03 1.18e-04 1.54e-01 -11.0 1.73e-02    -  1.00e+00 2.50e-01h  3
1161  2.8041348e-03 4.38e-04 2.80e-01 -11.0 5.17e-02    -  1.00e+00 1.25e-01h  4
1162  2.8010061e-03 3.55e-04 3.41e-01 -11.0 9.09e-02    -  1.00e+00 6.25e-02h  5
1163  2.7961797e-03 3.54e-04 3.11e-01 -11.0 1.14e-01    -  1.00e+00 6.25e-02h  5
1164  2.7947212e-03 9.64e-04 2.35e-01 -11.0 3.95e-01    -  1.00e+00 3.12e-02h  6
1165  2.7942552e-03 2.68e-03 3.94e-01 -11.0 8.09e-01    -  1.00e+00 3.12e-02h  6
1166  2.7909238e-03 2.74e-03 4.91e-01 -11.0 4.66e-01    -  1.00e+00 1.56e-02h  7
1167  2.7894697e-03 3.38e-03 7.07e-01 -11.0 2.77e-01    -  1.00e+00 6.25e-02h  5
1168  2.7784613e-03 4.71e-03 8.72e-01 -11.0 8.12e-01    -  1.00e+00 3.12e-02h  6
1169  2.7635238e-03 5.17e-03 7.97e-01 -11.0 1.89e+00    -  1.00e+00 7.81e-03h  8
iter    objective    inf_pr   inf_du lg(mu)  ||d||  lg(rg) alpha_du alpha_pr  ls
1170  8.2917048e-02 2.19e+00 3.28e+01 -11.0 9.06e-01    -  1.00e+00 1.00e+00w  1
1171  5.1784959e+02 8.18e+01 5.09e+01 -11.0 7.40e+00    -  1.00e+00 1.00e+00w  1
1172  6.5636266e+01 1.45e+01 2.45e+02 -11.0 7.65e+00    -  1.00e+00 1.00e+00w  1
1173  2.7545573e-03 5.62e-03 7.94e-01 -11.0 2.71e+00    -  1.00e+00 1.56e-02h  6
1174  2.7492041e-03 2.11e-04 1.19e-01 -11.0 7.28e-03    -  1.00e+00 1.00e+00h  1
1175  2.7429842e-03 4.28e-04 2.75e-01 -11.0 1.98e-02    -  1.00e+00 1.25e-01h  4
1176  2.7863581e-03 5.72e-04 3.34e-01 -11.0 7.85e-03    -  1.00e+00 1.00e+00H  1
1177  2.7334824e-03 1.86e-03 4.16e-02 -11.0 4.41e-03    -  1.00e+00 1.00e+00h  1
1178  2.7216155e-03 1.10e-04 2.91e-02 -11.0 1.90e-03    -  1.00e+00 1.00e+00h  1
1179  2.7181295e-03 2.62e-05 2.88e-02 -11.0 7.23e-04    -  1.00e+00 1.00e+00h  1
iter    objective    inf_pr   inf_du lg(mu)  ||d||  lg(rg) alpha_du alpha_pr  ls
1180  2.7156682e-03 2.94e-05 1.61e-02 -11.0 8.49e-04    -  1.00e+00 1.00e+00h  1
1181  2.7135161e-03 2.29e-04 2.62e-02 -11.0 2.52e-03    -  1.00e+00 1.00e+00h  1
1182  2.7097253e-03 2.30e-04 1.21e-01 -11.0 9.71e-03    -  1.00e+00 2.50e-01h  3
1183  2.8216362e-03 1.73e-05 3.82e-01 -11.0 6.67e-03    -  1.00e+00 1.00e+00H  1
1184  2.7082913e-03 3.30e-03 2.91e-02 -11.0 3.98e-03    -  1.00e+00 1.00e+00h  1
1185  2.7058780e-03 1.66e-03 9.64e-02 -11.0 3.40e-03    -  1.00e+00 5.00e-01h  2
1186  2.7032229e-03 6.86e-05 6.94e-03 -11.0 8.60e-04    -  1.00e+00 1.00e+00h  1
1187  2.7045180e-03 3.80e-05 1.13e-02 -11.0 6.50e-04    -  1.00e+00 1.00e+00h  1
1188  2.7021470e-03 2.53e-05 3.53e-03 -11.0 4.26e-04    -  1.00e+00 1.00e+00h  1
1189  2.7018989e-03 3.15e-07 6.12e-03 -11.0 1.41e-04    -  1.00e+00 1.00e+00h  1
iter    objective    inf_pr   inf_du lg(mu)  ||d||  lg(rg) alpha_du alpha_pr  ls
1190  2.7076147e-03 1.23e-07 1.00e-01 -11.0 3.62e-03    -  1.00e+00 1.00e+00H  1
1191  2.7009237e-03 1.10e-04 1.43e-01 -11.0 2.75e-03    -  1.00e+00 1.00e+00h  1
1192  2.7125007e-03 4.82e-08 1.30e-02 -11.0 1.63e-03    -  1.00e+00 1.00e+00H  1
1193  2.6974577e-03 2.11e-04 5.93e-03 -11.0 8.31e-04    -  1.00e+00 1.00e+00h  1
1194  2.6970164e-03 2.58e-06 4.47e-03 -11.0 7.52e-04    -  1.00e+00 1.00e+00h  1
1195  2.6951169e-03 1.91e-04 6.19e-02 -11.0 9.47e-02    -  1.00e+00 6.25e-02h  5
1196  2.6932454e-03 3.32e-04 3.01e-02 -11.0 1.08e-01    -  1.00e+00 3.12e-02h  6
1197  2.6928858e-03 5.79e-04 5.21e-02 -11.0 6.25e-02    -  1.00e+00 6.25e-02h  5
1198  2.6929706e-03 5.18e-04 5.94e-02 -11.0 1.85e-02    -  1.00e+00 1.25e-01h  4
1199  2.6891297e-03 1.56e-03 1.35e-01 -11.0 1.18e-02    -  1.00e+00 1.00e+00h  1
iter    objective    inf_pr   inf_du lg(mu)  ||d||  lg(rg) alpha_du alpha_pr  ls
1200  2.6870488e-03 1.83e-03 9.32e-02 -11.0 2.39e-01    -  1.00e+00 3.12e-02h  6
1201  2.6853329e-03 1.90e-03 8.33e-02 -11.0 3.94e-02    -  1.00e+00 6.25e-02h  5
1202  2.6835455e-03 9.28e-04 1.89e-01 -11.0 6.26e-03    -  1.00e+00 5.00e-01h  2
1203  2.6817356e-03 9.51e-04 2.27e-01 -11.0 6.96e-03    -  1.00e+00 5.00e-01h  2
1204  2.6792135e-03 5.89e-04 1.51e-01 -11.0 2.49e-02    -  1.00e+00 2.50e-01h  3
1205  2.6772137e-03 6.19e-04 6.27e-02 -11.0 7.13e-02    -  1.00e+00 6.25e-02h  5
1206  2.6750444e-03 5.42e-04 4.43e-02 -11.0 7.85e-02    -  1.00e+00 6.25e-02h  5
1207  2.6743478e-03 4.98e-04 6.60e-02 -11.0 9.71e-02    -  1.00e+00 6.25e-02h  5
1208  2.6748798e-03 5.59e-04 1.46e-01 -11.0 9.57e-02    -  1.00e+00 6.25e-02h  5
1209  2.6735560e-03 5.80e-04 1.76e-01 -11.0 1.06e-01    -  1.00e+00 6.25e-02h  5
iter    objective    inf_pr   inf_du lg(mu)  ||d||  lg(rg) alpha_du alpha_pr  ls
1210  3.8491491e-03 6.32e-02 7.35e-01 -11.0 1.53e-01    -  1.00e+00 1.00e+00w  1
1211  1.7987540e-02 1.97e-01 9.40e-01 -11.0 1.33e-01    -  1.00e+00 1.00e+00w  1
1212  1.9636152e-02 3.34e-01 5.17e-01 -11.0 5.50e-02    -  1.00e+00 1.00e+00w  1
1213  2.6724414e-03 7.67e-04 2.03e-01 -11.0 5.63e-02    -  1.00e+00 6.25e-02h  4
1214  2.6693517e-03 8.51e-04 1.66e-01 -11.0 6.87e-02    -  1.00e+00 6.25e-02h  5
1215  2.6665243e-03 8.73e-04 1.16e-01 -11.0 7.19e-02    -  1.00e+00 6.25e-02h  5
1216  2.6701348e-03 8.28e-04 7.26e-02 -11.0 5.37e-02    -  1.00e+00 6.25e-02h  5
1217  2.6704057e-03 1.30e-04 2.04e-02 -11.0 2.52e-03    -  1.00e+00 1.00e+00h  1
1218  2.6746595e-03 2.51e-05 5.11e-02 -11.0 5.02e-03    -  1.00e+00 1.00e+00H  1
1219  2.6874368e-03 6.08e-05 1.80e-02 -11.0 1.97e-03    -  1.00e+00 1.00e+00H  1
iter    objective    inf_pr   inf_du lg(mu)  ||d||  lg(rg) alpha_du alpha_pr  ls
1220  2.6640641e-03 4.61e-04 3.58e-02 -11.0 2.14e-03    -  1.00e+00 1.00e+00h  1
1221  2.6637834e-03 2.18e-04 1.96e-02 -11.0 1.10e-03    -  1.00e+00 1.00e+00h  1
1222  2.6617120e-03 1.21e-04 1.04e-02 -11.0 8.94e-04    -  1.00e+00 1.00e+00h  1
1223  2.6611374e-03 2.06e-06 1.08e-02 -11.0 4.15e-04    -  1.00e+00 1.00e+00h  1
1224  2.6594685e-03 1.97e-04 1.91e-01 -11.0 5.15e-02    -  1.00e+00 1.25e-01h  4
1225  2.6593697e-03 7.49e-04 3.68e-01 -11.0 3.12e-01    -  1.00e+00 3.12e-02h  6
1226  2.6581663e-03 7.70e-04 3.49e-01 -11.0 7.30e-02    -  1.00e+00 3.12e-02h  6
1227  2.6555109e-03 9.30e-04 4.22e-01 -11.0 8.13e-02    -  1.00e+00 6.25e-02h  5
1228  2.6505645e-03 1.17e-03 4.46e-01 -11.0 9.47e-02    -  1.00e+00 6.25e-02h  5
1229  2.6427659e-03 4.35e-03 9.08e-01 -11.0 7.79e-01    -  1.00e+00 3.12e-02h  6
iter    objective    inf_pr   inf_du lg(mu)  ||d||  lg(rg) alpha_du alpha_pr  ls
1230  2.6345631e-03 5.05e-03 1.01e+00 -11.0 3.01e+00    -  1.00e+00 3.91e-03h  9
1231  2.6317856e-03 5.06e-03 1.04e+00 -11.0 5.34e-01    -  1.00e+00 7.81e-03h  8
1232  2.6371057e-03 4.83e-03 1.25e+00 -11.0 1.35e-01    -  1.00e+00 6.25e-02h  5
1233  2.6336510e-03 4.61e-03 1.12e+00 -11.0 2.36e-02    -  1.00e+00 1.25e-01h  4
1234  2.6888816e-03 3.60e-03 8.06e-02 -11.0 6.15e-03    -  1.00e+00 1.00e+00w  1
1235  2.6378896e-03 1.24e-03 2.20e-01 -11.0 3.33e-03    -  1.00e+00 1.00e+00h  1
1236  2.6182540e-03 3.17e-04 4.74e-02 -11.0 1.62e-03    -  1.00e+00 1.00e+00h  1
1237  2.6122116e-03 4.18e-05 1.43e-02 -11.0 1.41e-03    -  1.00e+00 1.00e+00h  1
1238  2.6107468e-03 1.13e-04 4.62e-02 -11.0 1.28e-03    -  1.00e+00 1.00e+00h  1
1239  2.6124878e-03 1.61e-05 1.73e-01 -11.0 3.73e-03    -  1.00e+00 1.00e+00H  1
iter    objective    inf_pr   inf_du lg(mu)  ||d||  lg(rg) alpha_du alpha_pr  ls
1240  2.6217464e-03 1.63e-05 1.71e-01 -11.0 2.45e-03    -  1.00e+00 1.00e+00H  1
1241  2.6073877e-03 3.47e-04 5.46e-02 -11.0 2.92e-03    -  1.00e+00 1.00e+00h  1
1242  2.6065918e-03 5.82e-04 2.44e-02 -11.0 3.51e-03    -  1.00e+00 5.00e-01h  2
1243  2.6041788e-03 1.55e-04 1.94e-02 -11.0 1.29e-03    -  1.00e+00 1.00e+00h  1
1244  2.6069202e-03 1.76e-06 8.00e-02 -11.0 2.73e-03    -  1.00e+00 1.00e+00H  1
1245  2.6006826e-03 3.69e-04 2.05e-01 -11.0 4.13e-03    -  1.00e+00 1.00e+00h  1
1246  2.5999364e-03 3.41e-04 2.27e-01 -11.0 6.44e-03    -  1.00e+00 1.25e-01h  4
1247  2.5977345e-03 7.91e-05 7.44e-02 -11.0 1.21e-03    -  1.00e+00 1.00e+00h  1
1248  2.6220756e-03 5.63e-07 1.93e-01 -11.0 5.11e-03    -  1.00e+00 1.00e+00H  1
1249  2.5943280e-03 9.34e-04 3.28e-02 -11.0 1.96e-03    -  1.00e+00 1.00e+00h  1
iter    objective    inf_pr   inf_du lg(mu)  ||d||  lg(rg) alpha_du alpha_pr  ls
1250  2.5957418e-03 4.83e-05 3.92e-02 -11.0 8.62e-04    -  1.00e+00 1.00e+00h  1
1251  2.5944505e-03 4.36e-05 3.57e-02 -11.0 1.70e-03    -  1.00e+00 1.00e+00h  1
1252  2.5943516e-03 1.05e-04 4.55e-02 -11.0 8.79e-03    -  1.00e+00 2.50e-01h  3
1253  2.5937990e-03 9.95e-05 3.76e-02 -11.0 7.95e-03    -  1.00e+00 1.25e-01h  4
1254  2.5926896e-03 1.58e-04 1.95e-02 -11.0 7.58e-03    -  1.00e+00 2.50e-01h  3
1255  2.5921735e-03 1.85e-03 2.16e-01 -11.0 4.34e-02    -  1.00e+00 1.25e-01h  4
1256  2.5912051e-03 2.01e-03 3.21e-01 -11.0 1.65e-01    -  1.00e+00 1.56e-02h  7
1257  2.5899923e-03 2.01e-03 3.17e-01 -11.0 4.89e-02    -  1.00e+00 6.25e-02h  5
1258  2.5891533e-03 2.05e-03 3.11e-01 -11.0 1.04e-01    -  1.00e+00 3.12e-02h  6
1259  2.5898606e-03 2.05e-03 2.22e-01 -11.0 3.03e-02    -  1.00e+00 6.25e-02h  5
iter    objective    inf_pr   inf_du lg(mu)  ||d||  lg(rg) alpha_du alpha_pr  ls
1260  2.5871000e-03 1.01e-03 1.26e-01 -11.0 4.46e-03    -  1.00e+00 5.00e-01h  2
1261  2.5850427e-03 6.10e-04 5.77e-02 -11.0 2.15e-03    -  1.00e+00 5.00e-01h  2
1262  2.5841183e-03 1.08e-04 1.00e-01 -11.0 9.68e-04    -  1.00e+00 1.00e+00h  1
1263  2.5805496e-03 6.55e-05 3.05e-02 -11.0 1.66e-03    -  1.00e+00 1.00e+00h  1
1264  2.5852934e-03 7.07e-05 2.65e-02 -11.0 5.60e-03    -  1.00e+00 1.00e+00H  1
1265  2.6088400e-03 8.47e-07 2.44e-01 -11.0 1.11e-02    -  1.00e+00 1.00e+00H  1
1266  2.6050645e-03 1.43e-05 2.87e-01 -11.0 1.98e-02    -  1.00e+00 3.12e-02h  6
1267  2.5988792e-03 2.56e-05 2.80e-01 -11.0 6.63e-03    -  1.00e+00 6.25e-02h  5
1268  2.5787832e-03 7.82e-04 1.01e-01 -11.0 4.02e-03    -  1.00e+00 1.00e+00h  1
1269  2.5744984e-03 6.58e-04 3.98e-02 -11.0 2.95e-03    -  1.00e+00 5.00e-01h  2
iter    objective    inf_pr   inf_du lg(mu)  ||d||  lg(rg) alpha_du alpha_pr  ls
1270  2.5719558e-03 3.38e-05 1.96e-02 -11.0 8.18e-04    -  1.00e+00 1.00e+00h  1
1271  2.5714673e-03 2.10e-06 1.05e-02 -11.0 6.21e-04    -  1.00e+00 1.00e+00h  1
1272  2.5826924e-03 7.46e-06 6.09e-02 -11.0 6.19e-03    -  1.00e+00 1.00e+00H  1
1273  2.6100351e-03 6.00e-07 1.06e-01 -11.0 9.44e-03    -  1.00e+00 1.00e+00H  1
1274  2.6076543e-03 7.25e-07 1.23e-01 -11.0 7.21e-03    -  1.00e+00 1.56e-02h  7
1275  2.5679542e-03 5.70e-04 1.03e-01 -11.0 6.27e-03    -  1.00e+00 1.00e+00h  1
1276  2.5708366e-03 4.25e-04 1.59e-01 -11.0 5.27e-03    -  1.00e+00 2.50e-01h  3
1277  2.5644718e-03 9.40e-05 4.93e-03 -11.0 1.47e-03    -  1.00e+00 1.00e+00h  1
1278  2.5635815e-03 2.42e-05 1.03e-02 -11.0 1.64e-03    -  1.00e+00 1.00e+00h  1
1279  2.5610622e-03 1.93e-04 3.15e-02 -11.0 1.74e-02    -  1.00e+00 2.50e-01h  3
iter    objective    inf_pr   inf_du lg(mu)  ||d||  lg(rg) alpha_du alpha_pr  ls
1280  2.5605403e-03 3.76e-04 3.20e-02 -11.0 8.75e-02    -  1.00e+00 6.25e-02h  5
1281  2.5582369e-03 5.38e-04 6.90e-02 -11.0 1.28e-01    -  1.00e+00 6.25e-02h  5
1282  2.5560973e-03 7.90e-04 2.18e-01 -11.0 5.19e-01    -  1.00e+00 1.56e-02h  7
1283  2.5536779e-03 9.98e-04 3.31e-01 -11.0 5.21e-01    -  1.00e+00 1.56e-02h  7
1284  2.5509512e-03 1.31e-03 3.66e-01 -11.0 1.15e+00    -  1.00e+00 7.81e-03h  8
1285  2.5503976e-03 2.23e-03 4.04e-01 -11.0 4.25e-01    -  1.00e+00 3.12e-02h  6
1286  2.5498588e-03 2.25e-03 4.10e-01 -11.0 2.55e-01    -  1.00e+00 1.56e-02h  7
1287  2.5483908e-03 2.24e-03 3.65e-01 -11.0 6.18e-02    -  1.00e+00 6.25e-02h  5
1288  2.5472278e-03 2.77e-03 2.84e-01 -11.0 2.01e-01    -  1.00e+00 3.12e-02h  6
1289  6.7254779e-03 1.70e-01 3.56e+00 -11.0 5.99e-02    -  1.00e+00 1.00e+00w  1
iter    objective    inf_pr   inf_du lg(mu)  ||d||  lg(rg) alpha_du alpha_pr  ls
1290  5.8557501e-03 3.47e-01 1.38e+00 -11.0 6.98e-02    -  1.00e+00 1.00e+00w  1
1291  1.2790371e-02 3.26e-01 1.51e+00 -11.0 5.69e-02    -  1.00e+00 1.00e+00w  1
1292  2.5462494e-03 2.85e-03 1.58e-01 -11.0 3.83e-02    -  1.00e+00 3.12e-02h  5
1293  2.5501689e-03 4.41e-04 2.20e-02 -11.0 2.03e-03    -  1.00e+00 1.00e+00h  1
1294  2.5429175e-03 1.32e-04 6.66e-02 -11.0 1.58e-03    -  1.00e+00 1.00e+00h  1
1295  2.5413400e-03 2.56e-05 4.50e-03 -11.0 6.50e-04    -  1.00e+00 1.00e+00h  1
1296  2.5406919e-03 1.92e-05 3.19e-03 -11.0 3.59e-04    -  1.00e+00 1.00e+00h  1
1297  2.5389181e-03 2.75e-04 4.20e-02 -11.0 1.77e-03    -  1.00e+00 1.00e+00h  1
1298  2.5550560e-03 2.20e-06 2.84e-02 -11.0 4.74e-03    -  1.00e+00 1.00e+00H  1
1299  2.5408552e-03 3.93e-06 1.01e-01 -11.0 4.74e-03    -  1.00e+00 1.00e+00H  1
iter    objective    inf_pr   inf_du lg(mu)  ||d||  lg(rg) alpha_du alpha_pr  ls
1300  2.5335212e-03 1.16e-04 3.27e-02 -11.0 4.82e-03    -  1.00e+00 2.50e-01h  3
1301  2.5314803e-03 7.62e-05 4.24e-02 -11.0 9.33e-04    -  1.00e+00 1.00e+00h  1
1302  2.5291770e-03 2.84e-05 9.73e-03 -11.0 8.66e-04    -  1.00e+00 1.00e+00h  1
1303  2.5364049e-03 4.51e-06 7.89e-02 -11.0 2.77e-03    -  1.00e+00 1.00e+00H  1
1304  2.5264800e-03 6.21e-05 3.58e-02 -11.0 1.81e-03    -  1.00e+00 1.00e+00h  1
1305  2.5279106e-03 5.77e-05 3.25e-02 -11.0 1.79e-03    -  1.00e+00 1.00e+00h  1
1306  2.5247749e-03 9.82e-05 4.43e-02 -11.0 2.66e-03    -  1.00e+00 1.00e+00h  1
1307  2.5243812e-03 1.03e-04 3.82e-02 -11.0 1.08e-02    -  1.00e+00 6.25e-02h  5
1308  2.5237643e-03 1.87e-04 1.35e-02 -11.0 2.44e-03    -  1.00e+00 1.00e+00h  1
1309  2.5231663e-03 3.33e-04 1.76e-02 -11.0 3.68e-02    -  1.00e+00 6.25e-02h  5
iter    objective    inf_pr   inf_du lg(mu)  ||d||  lg(rg) alpha_du alpha_pr  ls
1310  2.5224551e-03 5.41e-04 6.20e-02 -11.0 5.06e-02    -  1.00e+00 6.25e-02h  5
1311  2.5220813e-03 6.21e-04 8.40e-02 -11.0 4.95e-02    -  1.00e+00 6.25e-02h  5
1312  2.5217761e-03 9.32e-04 1.13e-01 -11.0 9.03e-02    -  1.00e+00 6.25e-02h  5
1313  2.5211422e-03 1.02e-03 1.47e-01 -11.0 6.78e-02    -  1.00e+00 3.12e-02h  6
1314  2.5198466e-03 1.30e-03 1.74e-01 -11.0 7.12e-02    -  1.00e+00 6.25e-02h  5
1315  2.5192103e-03 1.51e-03 1.72e-01 -11.0 1.05e-01    -  1.00e+00 3.12e-02h  6
1316  2.5182793e-03 1.51e-03 1.85e-01 -11.0 3.51e-02    -  1.00e+00 6.25e-02h  5
1317  2.5179869e-03 1.31e-03 1.48e-01 -11.0 1.50e-02    -  1.00e+00 2.50e-01h  3
1318  2.5153761e-03 1.22e-03 7.52e-02 -11.0 1.43e-02    -  1.00e+00 2.50e-01h  3
1319  2.9272614e-03 4.05e-02 7.37e-01 -11.0 2.53e-02    -  1.00e+00 1.00e+00w  1
iter    objective    inf_pr   inf_du lg(mu)  ||d||  lg(rg) alpha_du alpha_pr  ls
1320  2.8417264e-03 4.27e-02 4.15e-01 -11.0 4.63e-02    -  1.00e+00 1.00e+00w  1
1321  5.8158762e-02 4.34e+00 3.20e+00 -11.0 1.10e-01    -  1.00e+00 1.00e+00w  1
1322  2.5137937e-03 1.37e-03 8.27e-02 -11.0 2.00e+00    -  1.00e+00 1.25e-01h  3
1323  2.5208723e-03 2.64e-04 9.51e-02 -11.0 4.15e-03    -  1.00e+00 1.00e+00h  1
1324  2.5421832e-03 7.43e-06 4.06e-02 -11.0 6.82e-03    -  1.00e+00 1.00e+00H  1
1325  2.5627710e-03 3.02e-06 1.25e-01 -11.0 3.12e-03    -  1.00e+00 1.00e+00H  1
1326  2.5107053e-03 2.12e-03 1.89e-02 -11.0 7.63e-03    -  1.00e+00 1.00e+00h  1
1327  2.5114706e-03 1.58e-03 7.72e-02 -11.0 4.71e-03    -  1.00e+00 2.50e-01h  3
1328  2.5093751e-03 8.34e-05 1.76e-02 -11.0 9.78e-04    -  1.00e+00 1.00e+00h  1
1329  2.5091971e-03 5.21e-05 2.98e-02 -11.0 6.50e-04    -  1.00e+00 1.00e+00h  1
iter    objective    inf_pr   inf_du lg(mu)  ||d||  lg(rg) alpha_du alpha_pr  ls
1330  2.5085018e-03 2.33e-05 1.24e-03 -11.0 3.93e-04    -  1.00e+00 1.00e+00h  1
1331  2.5084539e-03 1.16e-06 1.16e-02 -11.0 2.11e-04    -  1.00e+00 1.00e+00h  1
1332  2.5080982e-03 5.03e-06 2.13e-02 -11.0 8.67e-04    -  1.00e+00 1.00e+00h  1
1333  2.5276606e-03 7.76e-08 2.07e-01 -11.0 1.92e-02    -  1.00e+00 1.00e+00H  1
1334  2.5273667e-03 4.51e-07 2.11e-01 -11.0 1.68e-01    -  1.00e+00 1.95e-03h 10
1335  2.5271853e-03 5.32e-07 2.14e-01 -11.0 1.40e-01    -  1.00e+00 9.77e-04h 11
1336  2.5271261e-03 5.37e-07 2.14e-01 -11.0 6.05e-01    -  1.00e+00 6.10e-05h 15
1337  2.5270684e-03 5.39e-07 2.14e-01 -11.0 2.22e-01    -  1.00e+00 1.22e-04h 14
1338  2.5213426e-03 6.24e-04 2.32e-01 -11.0 7.05e-02    -  1.00e+00 1.25e-01h  4
1339  2.5098824e-03 8.25e-04 2.74e-01 -11.0 1.70e-01    -  1.00e+00 6.25e-02h  5
iter    objective    inf_pr   inf_du lg(mu)  ||d||  lg(rg) alpha_du alpha_pr  ls
1340  2.4976765e-03 1.15e-03 2.90e-01 -11.0 2.72e-01    -  1.00e+00 3.12e-02h  6
1341  2.4935699e-03 1.51e-03 2.89e-01 -11.0 3.19e-01    -  1.00e+00 3.12e-02h  6
1342  2.4920313e-03 1.52e-03 2.95e-01 -11.0 2.81e-01    -  1.00e+00 1.56e-02h  7
1343  2.4902336e-03 1.42e-03 2.47e-01 -11.0 4.35e-02    -  1.00e+00 1.25e-01h  4
1344  3.2907047e-03 2.35e-02 4.35e-01 -11.0 2.88e-02    -  1.00e+00 1.00e+00w  1
1345  2.5352130e-03 2.79e-02 2.11e-01 -11.0 2.38e-02    -  1.00e+00 1.00e+00w  1
1346  3.7709729e-03 3.71e-02 2.97e-01 -11.0 1.36e-02    -  1.00e+00 1.00e+00w  1
1347  2.4894780e-03 9.44e-03 2.62e-01 -11.0 7.20e-03    -  1.00e+00 1.00e+00h  1
1348  2.4781552e-03 1.36e-03 2.92e-02 -11.0 3.09e-03    -  1.00e+00 1.00e+00h  1
1349  2.4794499e-03 7.33e-05 7.71e-03 -11.0 1.34e-03    -  1.00e+00 1.00e+00h  1
iter    objective    inf_pr   inf_du lg(mu)  ||d||  lg(rg) alpha_du alpha_pr  ls
1350  2.4789707e-03 2.83e-05 3.96e-02 -11.0 6.10e-04    -  1.00e+00 1.00e+00h  1
1351  2.4777046e-03 1.40e-05 3.50e-03 -11.0 4.49e-04    -  1.00e+00 1.00e+00h  1
1352  2.4773100e-03 6.37e-06 1.04e-02 -11.0 2.31e-04    -  1.00e+00 1.00e+00h  1
1353  2.4762179e-03 6.62e-05 4.05e-03 -11.0 8.56e-04    -  1.00e+00 1.00e+00h  1
1354  2.4754231e-03 1.27e-04 3.13e-02 -11.0 9.41e-03    -  1.00e+00 1.25e-01h  4
1355  2.5092075e-03 4.96e-06 1.37e-01 -11.0 7.54e-03    -  1.00e+00 1.00e+00H  1
1356  2.5067233e-03 7.82e-06 1.38e-01 -11.0 3.77e-03    -  1.00e+00 3.12e-02h  6
1357  2.4739043e-03 1.46e-03 3.62e-02 -11.0 2.54e-03    -  1.00e+00 1.00e+00h  1
1358  2.4721173e-03 7.59e-04 1.45e-02 -11.0 1.28e-03    -  1.00e+00 5.00e-01h  2
1359  2.4708992e-03 2.76e-05 8.59e-03 -11.0 4.72e-04    -  1.00e+00 1.00e+00h  1
iter    objective    inf_pr   inf_du lg(mu)  ||d||  lg(rg) alpha_du alpha_pr  ls
1360  2.4707494e-03 9.66e-07 5.57e-03 -11.0 1.48e-04    -  1.00e+00 1.00e+00h  1
1361  2.4703560e-03 8.07e-06 3.22e-02 -11.0 7.49e-04    -  1.00e+00 1.00e+00h  1
1362  2.4703133e-03 4.52e-05 7.78e-02 -11.0 1.49e-02    -  1.00e+00 1.25e-01h  4
1363  2.4700162e-03 5.38e-05 8.16e-02 -11.0 8.29e-03    -  1.00e+00 1.25e-01h  4
1364  2.4886085e-03 2.23e-07 1.96e-01 -11.0 1.23e-02    -  1.00e+00 1.00e+00H  1
1365  2.4881603e-03 3.57e-07 2.00e-01 -11.0 2.28e-02    -  1.00e+00 7.81e-03h  8
1366  2.4877733e-03 3.73e-07 1.98e-01 -11.0 8.60e-03    -  1.00e+00 3.91e-03h  9
1367  2.4904572e-03 4.20e-08 4.04e-02 -11.0 4.90e-03    -  1.00e+00 1.00e+00H  1
1368  2.4882731e-03 9.50e-07 4.67e-02 -11.0 3.97e-03    -  1.00e+00 3.12e-02h  6
1369  2.4676138e-03 5.02e-04 4.50e-02 -11.0 1.83e-03    -  1.00e+00 1.00e+00h  1
iter    objective    inf_pr   inf_du lg(mu)  ||d||  lg(rg) alpha_du alpha_pr  ls
1370  2.4670593e-03 7.22e-06 8.97e-03 -11.0 3.75e-04    -  1.00e+00 1.00e+00h  1
1371  2.4668413e-03 5.82e-06 4.16e-03 -11.0 1.84e-04    -  1.00e+00 1.00e+00h  1
1372  2.4668068e-03 1.21e-07 1.23e-03 -11.0 4.00e-05    -  1.00e+00 1.00e+00h  1
1373  2.4665168e-03 4.82e-05 1.92e-02 -11.0 9.26e-04    -  1.00e+00 1.00e+00h  1
1374  2.4742513e-03 8.67e-08 1.51e-03 -11.0 2.69e-03    -  1.00e+00 1.00e+00H  1
1375  2.4717941e-03 1.10e-07 1.53e-01 -11.0 8.98e-04    -  1.00e+00 1.00e+00H  1
1376  2.4652358e-03 7.17e-05 5.19e-03 -11.0 1.23e-03    -  1.00e+00 1.00e+00h  1
1377  2.4655967e-03 1.86e-05 4.51e-03 -11.0 4.12e-04    -  1.00e+00 1.00e+00h  1
1378  2.4649514e-03 5.20e-06 1.72e-02 -11.0 2.91e-04    -  1.00e+00 1.00e+00h  1
1379  2.4648102e-03 1.96e-06 1.01e-02 -11.0 2.69e-04    -  1.00e+00 1.00e+00h  1
iter    objective    inf_pr   inf_du lg(mu)  ||d||  lg(rg) alpha_du alpha_pr  ls
1380  2.4653279e-03 1.47e-06 9.95e-02 -11.0 3.62e-03    -  1.00e+00 1.00e+00H  1
1381  2.4652200e-03 1.43e-06 1.04e-01 -11.0 2.25e-02    -  1.00e+00 7.81e-03h  8
1382  2.4650189e-03 1.30e-06 1.10e-01 -11.0 7.87e-03    -  1.00e+00 3.12e-02h  6
1383  2.4635619e-03 5.00e-05 1.17e-01 -11.0 1.03e-02    -  1.00e+00 2.50e-01h  3
1384  2.4634573e-03 1.59e-04 1.21e-01 -11.0 4.46e-02    -  1.00e+00 6.25e-02h  5
1385  2.4635267e-03 1.43e-04 1.29e-01 -11.0 9.80e-03    -  1.00e+00 1.25e-01h  4
1386  2.4634445e-03 1.06e-04 1.36e-02 -11.0 1.53e-03    -  1.00e+00 5.00e-01h  2
1387  2.4626143e-03 6.13e-05 2.27e-02 -11.0 1.20e-03    -  1.00e+00 1.00e+00h  1
1388  2.4648708e-03 1.29e-06 5.54e-02 -11.0 2.60e-03    -  1.00e+00 1.00e+00H  1
1389  2.4732348e-03 1.09e-08 1.46e-03 -11.0 4.03e-03    -  1.00e+00 1.00e+00H  1
iter    objective    inf_pr   inf_du lg(mu)  ||d||  lg(rg) alpha_du alpha_pr  ls
1390  2.4730968e-03 1.84e-08 1.45e-03 -11.0 2.42e-03    -  1.00e+00 3.91e-03h  9
1391  2.4620620e-03 3.33e-04 3.12e-02 -11.0 2.10e-03    -  1.00e+00 1.00e+00h  1
1392  2.4615602e-03 7.93e-05 5.75e-03 -11.0 1.16e-03    -  1.00e+00 1.00e+00h  1
1393  2.4596019e-03 1.55e-05 1.20e-02 -11.0 3.73e-04    -  1.00e+00 1.00e+00h  1
1394  2.4593824e-03 2.17e-06 8.53e-03 -11.0 2.46e-04    -  1.00e+00 1.00e+00h  1
1395  2.4591845e-03 8.02e-07 8.69e-03 -11.0 3.45e-04    -  1.00e+00 1.00e+00h  1
1396  2.4580048e-03 4.14e-04 8.12e-02 -11.0 5.52e-02    -  1.00e+00 1.25e-01h  4
1397  2.4569597e-03 6.81e-04 9.86e-02 -11.0 3.18e-01    -  1.00e+00 1.56e-02h  7
1398  2.4564712e-03 7.24e-04 1.13e-01 -11.0 1.29e-01    -  1.00e+00 1.56e-02h  7
1399  2.4564145e-03 1.26e-03 1.18e-01 -11.0 2.97e-02    -  1.00e+00 2.50e-01h  3
iter    objective    inf_pr   inf_du lg(mu)  ||d||  lg(rg) alpha_du alpha_pr  ls
1400  2.4540342e-03 2.39e-03 2.01e-01 -11.0 6.78e-01    -  1.00e+00 1.56e-02h  7
1401  2.4498685e-03 6.74e-03 4.20e-01 -11.0 2.67e+00    -  1.00e+00 7.81e-03h  8
1402  2.4489482e-03 6.81e-03 4.26e-01 -11.0 4.76e-01    -  1.00e+00 7.81e-03h  8
1403  2.4500703e-03 6.31e-03 3.53e-01 -11.0 2.80e-02    -  1.00e+00 6.25e-02h  5
1404  2.4464385e-03 3.36e-04 3.92e-02 -11.0 5.05e-03    -  1.00e+00 1.00e+00h  1
1405  2.4436274e-03 4.79e-04 5.23e-02 -11.0 4.67e-02    -  1.00e+00 1.25e-01h  4
1406  2.4408094e-03 5.00e-04 3.58e-02 -11.0 5.14e-02    -  1.00e+00 6.25e-02h  5
1407  2.4401812e-03 1.09e-03 6.00e-02 -11.0 8.39e-02    -  1.00e+00 1.25e-01h  4
1408  2.4383343e-03 1.53e-03 6.20e-02 -11.0 2.58e-01    -  1.00e+00 3.12e-02h  6
1409  2.4339421e-03 5.44e-03 8.86e-02 -11.0 6.83e-01    -  1.00e+00 3.12e-02h  6
iter    objective    inf_pr   inf_du lg(mu)  ||d||  lg(rg) alpha_du alpha_pr  ls
1410  2.4277751e-03 1.23e-02 1.73e-01 -11.0 3.52e+00    -  1.00e+00 7.81e-03h  8
1411  2.4249718e-03 1.56e-02 2.18e-01 -11.0 4.95e+00    -  1.00e+00 3.91e-03h  9
1412  2.4237366e-03 1.71e-02 2.80e-01 -11.0 1.94e+00    -  1.00e+00 7.81e-03h  8
1413  2.4161563e-03 2.09e-02 4.21e-01 -11.0 1.59e+00    -  1.00e+00 1.56e-02h  7
1414  2.4117299e-03 2.14e-02 4.92e-01 -11.0 4.85e+00    -  1.00e+00 1.95e-03h 10
1415  1.3651280e-02 2.59e+00 1.02e+01 -11.0 5.32e-01    -  1.00e+00 1.00e+00w  1
1416  1.1502821e+02 2.86e+01 1.53e+02 -11.0 4.23e+00    -  1.00e+00 1.00e+00w  1
1417  2.4455341e+01 1.89e+01 2.77e+02 -11.0 3.46e+00    -  1.00e+00 1.00e+00w  1
1418  2.4108667e-03 2.16e-02 5.34e-01 -11.0 5.49e+00    -  1.00e+00 1.56e-02h  6
1419  2.4122543e-03 1.89e-02 4.54e-01 -11.0 7.72e-03    -  1.00e+00 1.25e-01h  4
iter    objective    inf_pr   inf_du lg(mu)  ||d||  lg(rg) alpha_du alpha_pr  ls
1420  2.4069602e-03 1.44e-04 4.28e-02 -11.0 1.43e-03    -  1.00e+00 1.00e+00h  1
1421  2.4105014e-03 4.10e-06 4.57e-02 -11.0 1.06e-03    -  1.00e+00 1.00e+00H  1
1422  2.4035088e-03 3.60e-05 2.50e-03 -11.0 7.11e-04    -  1.00e+00 1.00e+00h  1
1423  2.4027180e-03 9.78e-06 6.11e-03 -11.0 3.40e-04    -  1.00e+00 1.00e+00h  1
1424  2.3999769e-03 3.61e-04 5.13e-02 -11.0 2.51e-03    -  1.00e+00 1.00e+00h  1
1425  2.3995722e-03 6.91e-04 1.11e-01 -11.0 9.12e-03    -  1.00e+00 2.50e-01h  3
1426  2.4092710e-03 3.02e-06 1.40e-01 -11.0 3.71e-03    -  1.00e+00 1.00e+00H  1
1427  2.4141494e-03 8.38e-06 8.72e-02 -11.0 2.16e-03    -  1.00e+00 1.00e+00H  1
1428  2.3945130e-03 2.26e-04 1.39e-02 -11.0 1.81e-03    -  1.00e+00 1.00e+00h  1
1429  2.3940266e-03 8.13e-06 2.11e-03 -11.0 3.22e-04    -  1.00e+00 1.00e+00h  1
iter    objective    inf_pr   inf_du lg(mu)  ||d||  lg(rg) alpha_du alpha_pr  ls
1430  2.3932714e-03 6.93e-06 8.66e-03 -11.0 6.22e-04    -  1.00e+00 1.00e+00h  1
1431  2.4019737e-03 1.79e-05 3.34e-02 -11.0 5.78e-03    -  1.00e+00 1.00e+00H  1
1432  2.4010681e-03 1.74e-05 3.94e-02 -11.0 7.32e-03    -  1.00e+00 3.12e-02h  6
1433  2.4553850e-03 1.61e-06 1.66e-01 -11.0 4.94e-03    -  1.00e+00 1.00e+00H  1
1434  2.3911453e-03 1.58e-03 4.06e-02 -11.0 3.60e-03    -  1.00e+00 1.00e+00h  1
1435  2.3910545e-03 1.48e-04 1.29e-02 -11.0 8.28e-04    -  1.00e+00 1.00e+00h  1
1436  2.3890856e-03 5.20e-05 8.52e-03 -11.0 4.53e-04    -  1.00e+00 1.00e+00h  1
1437  2.3889227e-03 1.32e-06 7.24e-04 -11.0 1.55e-04    -  1.00e+00 1.00e+00h  1
1438  2.3884520e-03 2.69e-05 1.65e-03 -11.0 8.91e-04    -  1.00e+00 1.00e+00h  1
1439  2.3879688e-03 1.07e-04 4.72e-03 -11.0 2.80e-02    -  1.00e+00 6.25e-02h  5
iter    objective    inf_pr   inf_du lg(mu)  ||d||  lg(rg) alpha_du alpha_pr  ls
1440  2.3877606e-03 1.20e-04 4.57e-03 -11.0 1.67e-02    -  1.00e+00 6.25e-02h  5
1441  2.4070070e-03 3.88e-06 6.42e-02 -11.0 5.59e-03    -  1.00e+00 1.00e+00H  1
1442  2.3918533e-03 2.49e-07 6.42e-02 -11.0 2.30e-03    -  1.00e+00 1.00e+00H  1
1443  2.3902472e-03 2.11e-06 2.60e-02 -11.0 2.55e-03    -  1.00e+00 1.00e+00H  1
1444  2.4058758e-03 8.12e-08 2.10e-03 -11.0 1.70e-03    -  1.00e+00 1.00e+00H  1
1445  2.3863565e-03 4.38e-04 3.89e-03 -11.0 1.66e-03    -  1.00e+00 1.00e+00h  1
1446  2.3861380e-03 4.19e-06 1.94e-03 -11.0 2.67e-04    -  1.00e+00 1.00e+00h  1
1447  2.3857727e-03 1.39e-05 1.19e-03 -11.0 6.70e-04    -  1.00e+00 1.00e+00h  1
1448  2.3855032e-03 6.07e-05 1.46e-02 -11.0 1.56e-02    -  1.00e+00 1.25e-01h  4
1449  2.3852163e-03 5.83e-05 2.49e-02 -11.0 1.46e-02    -  1.00e+00 6.25e-02h  5
iter    objective    inf_pr   inf_du lg(mu)  ||d||  lg(rg) alpha_du alpha_pr  ls
1450  2.4035349e-03 3.47e-07 3.66e-02 -11.0 9.02e-03    -  1.00e+00 1.00e+00H  1
1451  2.4031442e-03 3.78e-07 3.67e-02 -11.0 1.01e-02    -  1.00e+00 7.81e-03h  8
1452  2.4017955e-03 1.04e-06 3.61e-02 -11.0 5.07e-03    -  1.00e+00 1.56e-02h  7
1453  2.3835391e-03 8.03e-04 1.34e-02 -11.0 2.50e-03    -  1.00e+00 1.00e+00h  1
1454  2.3835147e-03 5.23e-05 4.59e-03 -11.0 1.75e-03    -  1.00e+00 1.00e+00h  1
1455  2.3832381e-03 4.36e-05 1.80e-02 -11.0 7.50e-04    -  1.00e+00 1.00e+00h  1
1456  2.3823212e-03 3.10e-05 1.00e-02 -11.0 1.12e-03    -  1.00e+00 1.00e+00h  1
1457  2.3823709e-03 4.60e-05 5.91e-03 -11.0 6.04e-04    -  1.00e+00 1.00e+00h  1
1458  2.3815483e-03 1.82e-05 8.56e-03 -11.0 3.13e-04    -  1.00e+00 1.00e+00h  1
1459  2.3813847e-03 2.65e-06 1.34e-03 -11.0 1.62e-04    -  1.00e+00 1.00e+00h  1
iter    objective    inf_pr   inf_du lg(mu)  ||d||  lg(rg) alpha_du alpha_pr  ls
1460  2.3812892e-03 1.79e-06 9.84e-04 -11.0 1.15e-04    -  1.00e+00 1.00e+00h  1
1461  2.3811367e-03 3.36e-06 9.26e-03 -11.0 2.85e-04    -  1.00e+00 1.00e+00h  1
1462  2.3891504e-03 2.94e-07 1.26e-01 -11.0 4.88e-03    -  1.00e+00 1.00e+00H  1
1463  2.3891058e-03 3.17e-07 1.11e-01 -11.0 2.56e-03    -  1.00e+00 1.00e+00H  1
1464  2.3841614e-03 2.28e-07 4.24e-02 -11.0 4.77e-03    -  1.00e+00 1.00e+00H  1
1465  2.3836644e-03 7.16e-07 4.39e-02 -11.0 7.78e-03    -  1.00e+00 1.56e-02h  7
1466  2.3806548e-03 5.43e-05 1.52e-02 -11.0 8.94e-04    -  1.00e+00 1.00e+00h  1
1467  2.3802331e-03 2.94e-05 1.77e-02 -11.0 1.36e-03    -  1.00e+00 1.00e+00h  1
1468  2.3807660e-03 2.02e-05 9.53e-03 -11.0 1.02e-03    -  1.00e+00 5.00e-01h  2
1469  2.3798337e-03 1.16e-05 6.29e-04 -11.0 7.12e-04    -  1.00e+00 1.00e+00h  1
iter    objective    inf_pr   inf_du lg(mu)  ||d||  lg(rg) alpha_du alpha_pr  ls
1470  2.3801675e-03 4.75e-06 6.23e-03 -11.0 3.55e-04    -  1.00e+00 1.00e+00h  1
1471  2.3797129e-03 2.57e-06 2.35e-03 -11.0 1.71e-04    -  1.00e+00 1.00e+00h  1
1472  2.3796597e-03 1.65e-07 3.98e-04 -11.0 1.98e-04    -  1.00e+00 1.00e+00h  1
1473  2.3795521e-03 4.86e-06 1.30e-02 -11.0 1.96e-02    -  1.00e+00 6.25e-02h  5
1474  2.3793954e-03 2.24e-05 1.85e-02 -11.0 9.83e-03    -  1.00e+00 1.25e-01h  4
1475  2.3791009e-03 9.61e-04 5.43e-02 -11.0 3.11e-02    -  1.00e+00 5.00e-01h  2
1476  2.3787826e-03 1.07e-03 8.52e-02 -11.0 7.54e-01    -  1.00e+00 7.81e-03h  8
1477  2.3789014e-03 1.06e-03 1.17e-01 -11.0 1.33e-01    -  1.00e+00 3.12e-02h  6
1478  2.3785797e-03 8.96e-04 1.87e-01 -11.0 6.14e-02    -  1.00e+00 1.25e-01h  4
1479  2.3777360e-03 1.03e-03 2.64e-01 -11.0 5.58e-01    -  1.00e+00 1.56e-02h  7
iter    objective    inf_pr   inf_du lg(mu)  ||d||  lg(rg) alpha_du alpha_pr  ls
1480  2.3775299e-03 1.06e-03 3.66e-01 -11.0 3.39e-01    -  1.00e+00 3.12e-02h  6
1481  2.3770706e-03 1.08e-03 4.30e-01 -11.0 2.94e-01    -  1.00e+00 3.12e-02h  6
1482  2.3761924e-03 1.13e-03 4.10e-01 -11.0 6.11e-02    -  1.00e+00 1.56e-02h  7
1483  2.3780498e-03 9.17e-04 1.81e-01 -11.0 2.13e-02    -  1.00e+00 1.00e+00h  1
1484  2.3763333e-03 9.50e-04 2.97e-01 -11.0 9.07e-01    -  1.00e+00 7.81e-03h  8
1485  2.3759022e-03 1.02e-03 4.27e-01 -11.0 5.52e-01    -  1.00e+00 1.56e-02h  7
1486  2.3755192e-03 1.01e-03 4.52e-01 -11.0 7.60e-02    -  1.00e+00 1.56e-02h  7
1487  2.3787971e-03 4.07e-04 1.96e-02 -11.0 1.54e-02    -  1.00e+00 1.00e+00h  1
1488  2.3780615e-03 7.45e-04 2.05e-01 -11.0 4.31e-01    -  1.00e+00 3.12e-02h  6
1489  2.3778418e-03 8.00e-04 3.14e-01 -11.0 4.35e-01    -  1.00e+00 1.56e-02h  7
iter    objective    inf_pr   inf_du lg(mu)  ||d||  lg(rg) alpha_du alpha_pr  ls
1490  2.3774212e-03 7.66e-04 3.46e-01 -11.0 9.54e-02    -  1.00e+00 3.12e-02h  6
1491  2.3766155e-03 6.99e-04 2.40e-01 -11.0 1.76e-02    -  1.00e+00 1.25e-01h  4
1492  2.3732367e-03 6.50e-04 2.81e-02 -11.0 9.79e-03    -  1.00e+00 5.00e-01h  2
1493  2.3711383e-03 6.84e-04 8.26e-02 -11.0 6.45e-02    -  1.00e+00 6.25e-02h  5
1494  2.3709713e-03 6.87e-04 1.39e-01 -11.0 2.10e-02    -  1.00e+00 6.25e-02h  5
1495  2.3738309e-03 3.47e-04 9.29e-02 -11.0 8.26e-03    -  1.00e+00 1.00e+00h  1
1496  2.3728489e-03 4.63e-04 1.04e-01 -11.0 9.59e-02    -  1.00e+00 1.25e-01h  4
1497  2.3729453e-03 4.19e-04 2.26e-01 -11.0 2.15e-01    -  1.00e+00 3.12e-02h  6
1498  2.3717410e-03 3.58e-04 3.25e-01 -11.0 1.22e-01    -  1.00e+00 6.25e-02h  5
1499  2.3696708e-03 5.06e-04 4.13e-01 -11.0 3.88e-01    -  1.00e+00 3.12e-02h  6
iter    objective    inf_pr   inf_du lg(mu)  ||d||  lg(rg) alpha_du alpha_pr  ls
1500  2.3671057e-03 6.35e-04 2.96e-01 -11.0 7.28e-01    -  1.00e+00 1.56e-02h  7
1501  2.3651244e-03 1.16e-03 2.46e-01 -11.0 1.44e+00    -  1.00e+00 1.56e-02h  7
1502  2.3638765e-03 1.31e-03 1.90e-01 -11.0 1.37e+00    -  1.00e+00 7.81e-03h  8
1503  2.3632609e-03 1.40e-03 1.56e-01 -11.0 9.92e-01    -  1.00e+00 7.81e-03h  8
1504  2.3628561e-03 1.48e-03 7.75e-02 -11.0 2.64e-01    -  1.00e+00 1.56e-02h  7
1505  2.3613583e-03 1.46e-03 1.40e-01 -11.0 6.81e-02    -  1.00e+00 6.25e-02h  5
1506  4.1914053e-03 2.39e-02 1.60e+00 -11.0 6.04e-02    -  1.00e+00 1.00e+00w  1
1507  2.5592437e-03 1.82e-02 2.10e-01 -11.0 6.59e-02    -  1.00e+00 1.00e+00w  1
1508  2.0634607e-02 3.44e-01 3.09e+00 -11.0 7.49e-02    -  1.00e+00 1.00e+00w  1
1509  2.3629820e-03 1.47e-03 1.93e-01 -11.0 6.17e-02    -  1.00e+00 6.25e-02h  4
iter    objective    inf_pr   inf_du lg(mu)  ||d||  lg(rg) alpha_du alpha_pr  ls
1510  2.3599578e-03 8.47e-04 5.09e-02 -11.0 8.36e-03    -  1.00e+00 5.00e-01h  2
1511  2.3592451e-03 7.44e-04 1.03e-01 -11.0 9.54e-03    -  1.00e+00 2.50e-01h  3
1512  2.3674635e-03 5.00e-04 1.71e-01 -11.0 3.92e-03    -  1.00e+00 1.00e+00h  1
1513  2.3709781e-03 5.80e-05 6.59e-02 -11.0 2.37e-03    -  1.00e+00 1.00e+00H  1
1514  2.3579116e-03 5.08e-04 2.60e-02 -11.0 2.96e-03    -  1.00e+00 1.00e+00h  1
1515  2.3646980e-03 2.07e-05 1.88e-02 -11.0 1.99e-03    -  1.00e+00 1.00e+00H  1
1516  2.3547737e-03 1.35e-04 2.27e-02 -11.0 1.97e-03    -  1.00e+00 1.00e+00h  1
1517  2.3577007e-03 4.98e-05 3.80e-02 -11.0 8.22e-04    -  1.00e+00 1.00e+00h  1
1518  2.3543801e-03 2.79e-05 4.00e-03 -11.0 6.38e-04    -  1.00e+00 1.00e+00h  1
1519  2.3543550e-03 1.56e-06 4.10e-03 -11.0 8.48e-05    -  1.00e+00 1.00e+00h  1
iter    objective    inf_pr   inf_du lg(mu)  ||d||  lg(rg) alpha_du alpha_pr  ls
1520  2.3542314e-03 9.69e-07 3.73e-03 -11.0 1.25e-04    -  1.00e+00 1.00e+00h  1
1521  2.3535110e-03 1.37e-04 2.47e-02 -11.0 4.90e-02    -  1.00e+00 3.12e-02h  6
1522  2.3535046e-03 3.65e-04 1.25e-02 -11.0 1.85e-02    -  1.00e+00 1.25e-01h  4
1523  2.3529450e-03 4.30e-04 3.01e-02 -11.0 1.41e-02    -  1.00e+00 1.25e-01h  4
1524  2.3524327e-03 7.78e-04 5.59e-02 -11.0 2.76e-02    -  1.00e+00 1.25e-01h  4
1525  2.3520154e-03 1.42e-03 6.40e-02 -11.0 3.82e-02    -  1.00e+00 1.25e-01h  4
1526  2.3511569e-03 1.61e-03 5.06e-02 -11.0 8.11e-02    -  1.00e+00 3.12e-02h  6
1527  2.3513711e-03 1.45e-03 7.59e-02 -11.0 1.53e-02    -  1.00e+00 1.25e-01h  4
1528  2.3500789e-03 7.21e-04 5.09e-02 -11.0 1.95e-03    -  1.00e+00 5.00e-01h  2
1529  2.3488409e-03 5.10e-04 8.42e-03 -11.0 3.72e-03    -  1.00e+00 1.00e+00h  1
iter    objective    inf_pr   inf_du lg(mu)  ||d||  lg(rg) alpha_du alpha_pr  ls
1530  2.3493645e-03 4.42e-04 1.87e-02 -11.0 3.76e-03    -  1.00e+00 1.25e-01h  4
1531  2.3474676e-03 1.60e-04 1.01e-02 -11.0 2.36e-03    -  1.00e+00 1.00e+00h  1
1532  2.3472647e-03 1.77e-04 1.35e-02 -11.0 1.87e-02    -  1.00e+00 6.25e-02h  5
1533  2.3489436e-03 4.54e-05 8.28e-02 -11.0 1.19e-02    -  1.00e+00 1.00e+00H  1
1534  2.3481379e-03 4.29e-05 1.09e-01 -11.0 2.88e-01    -  1.00e+00 7.81e-03h  8
1535  2.3476715e-03 7.73e-05 1.26e-01 -11.0 1.15e-01    -  1.00e+00 1.56e-02h  7
1536  2.3466552e-03 8.56e-04 1.59e-01 -11.0 1.13e-01    -  1.00e+00 6.25e-02h  5
1537  2.3460182e-03 1.22e-03 1.90e-01 -11.0 2.96e-01    -  1.00e+00 1.56e-02h  7
1538  2.3454487e-03 1.36e-03 2.46e-01 -11.0 9.96e-02    -  1.00e+00 3.12e-02h  6
1539  2.3454359e-03 2.24e-03 3.43e-01 -11.0 1.09e-01    -  1.00e+00 6.25e-02h  5
iter    objective    inf_pr   inf_du lg(mu)  ||d||  lg(rg) alpha_du alpha_pr  ls
1540  2.3450861e-03 3.94e-03 2.30e-01 -11.0 3.70e-01    -  1.00e+00 3.12e-02h  6
1541  2.3452230e-03 3.89e-03 2.39e-01 -11.0 2.19e-02    -  1.00e+00 1.56e-02h  7
1542  2.3427638e-03 2.86e-04 4.28e-03 -11.0 2.19e-03    -  1.00e+00 1.00e+00h  1
1543  2.3446230e-03 6.20e-06 1.24e-02 -11.0 2.89e-03    -  1.00e+00 1.00e+00H  1
1544  2.3494119e-03 1.58e-06 4.74e-02 -11.0 3.80e-03    -  1.00e+00 1.00e+00H  1
1545  2.3486892e-03 2.65e-06 4.24e-02 -11.0 1.00e-02    -  1.00e+00 3.12e-02h  6
1546  2.3475643e-03 5.01e-06 4.11e-02 -11.0 6.95e-03    -  1.00e+00 3.12e-02h  6
1547  2.3474946e-03 9.91e-07 2.61e-02 -11.0 2.66e-03    -  1.00e+00 1.00e+00H  1
1548  2.3562640e-03 3.84e-07 8.21e-03 -11.0 2.45e-03    -  1.00e+00 1.00e+00H  1
1549  2.3423011e-03 2.14e-04 4.03e-03 -11.0 1.46e-03    -  1.00e+00 1.00e+00h  1
iter    objective    inf_pr   inf_du lg(mu)  ||d||  lg(rg) alpha_du alpha_pr  ls
1550  2.3410825e-03 3.86e-05 2.90e-03 -11.0 4.30e-04    -  1.00e+00 1.00e+00h  1
1551  2.3409405e-03 1.88e-06 2.70e-03 -11.0 1.52e-04    -  1.00e+00 1.00e+00h  1
1552  2.3408878e-03 6.34e-07 1.93e-03 -11.0 6.66e-05    -  1.00e+00 1.00e+00h  1
1553  2.3408003e-03 1.04e-06 2.17e-03 -11.0 1.72e-04    -  1.00e+00 1.00e+00h  1
1554  2.3422081e-03 1.06e-07 3.33e-02 -11.0 2.00e-03    -  1.00e+00 1.00e+00H  1
1555  2.3524428e-03 4.24e-08 6.38e-02 -11.0 2.52e-03    -  1.00e+00 1.00e+00H  1
1556  2.3415167e-03 5.27e-08 1.90e-02 -11.0 2.45e-03    -  1.00e+00 1.00e+00H  1
1557  2.3688840e-03 1.01e-08 2.86e-03 -11.0 2.17e-03    -  1.00e+00 1.00e+00H  1
1558  2.3397003e-03 3.87e-04 3.26e-02 -11.0 2.39e-03    -  1.00e+00 1.00e+00h  1
1559  2.3402579e-03 2.39e-05 9.61e-03 -11.0 8.95e-04    -  1.00e+00 1.00e+00h  1
iter    objective    inf_pr   inf_du lg(mu)  ||d||  lg(rg) alpha_du alpha_pr  ls
1560  2.3394309e-03 7.24e-05 3.48e-03 -11.0 1.19e-03    -  1.00e+00 1.00e+00h  1
1561  2.3390007e-03 6.27e-05 1.32e-02 -11.0 3.34e-03    -  1.00e+00 1.25e-01h  4
1562  2.3388184e-03 3.90e-06 1.51e-02 -11.0 2.87e-04    -  1.00e+00 1.00e+00h  1
1563  2.3385307e-03 8.21e-06 1.07e-02 -11.0 5.89e-04    -  1.00e+00 1.00e+00h  1
1564  2.3392644e-03 7.20e-07 7.24e-03 -11.0 1.98e-03    -  1.00e+00 1.00e+00H  1
1565  2.3391047e-03 1.60e-06 8.08e-03 -11.0 6.72e-03    -  1.00e+00 3.12e-02h  6
1566  2.3385171e-03 1.17e-04 9.58e-03 -11.0 1.03e-02    -  1.00e+00 2.50e-01h  3
1567  2.3383386e-03 1.70e-04 1.10e-02 -11.0 3.38e-02    -  1.00e+00 6.25e-02h  5
1568  2.3382336e-03 1.55e-04 1.67e-02 -11.0 8.79e-03    -  1.00e+00 1.25e-01h  4
1569  2.3381686e-03 1.44e-04 2.56e-02 -11.0 7.11e-03    -  1.00e+00 2.50e-01h  3
iter    objective    inf_pr   inf_du lg(mu)  ||d||  lg(rg) alpha_du alpha_pr  ls
1570  2.3380293e-03 1.24e-04 2.66e-02 -11.0 2.92e-03    -  1.00e+00 2.50e-01h  3
1571  2.3375803e-03 4.17e-05 5.80e-03 -11.0 9.11e-04    -  1.00e+00 1.00e+00h  1
1572  2.3371403e-03 2.73e-05 1.92e-02 -11.0 5.17e-04    -  1.00e+00 1.00e+00h  1
1573  2.3367978e-03 8.72e-06 5.88e-03 -11.0 3.75e-04    -  1.00e+00 1.00e+00h  1
1574  2.3366858e-03 1.40e-06 8.79e-04 -11.0 1.86e-04    -  1.00e+00 1.00e+00h  1
1575  2.3366359e-03 8.49e-07 3.03e-03 -11.0 1.85e-04    -  1.00e+00 1.00e+00h  1
1576  2.3363954e-03 3.06e-05 2.14e-02 -11.0 1.17e-03    -  1.00e+00 1.00e+00h  1
1577  2.3360521e-03 1.69e-04 4.84e-02 -11.0 2.12e-02    -  1.00e+00 1.25e-01h  4
1578  2.3358990e-03 2.20e-04 5.36e-02 -11.0 2.47e-02    -  1.00e+00 6.25e-02h  5
1579  2.3358688e-03 2.75e-04 6.01e-02 -11.0 1.28e-02    -  1.00e+00 1.25e-01h  4
iter    objective    inf_pr   inf_du lg(mu)  ||d||  lg(rg) alpha_du alpha_pr  ls
1580  2.3356370e-03 2.50e-04 5.48e-02 -11.0 4.94e-03    -  1.00e+00 1.25e-01h  4
1581  2.3451854e-03 1.18e-08 1.33e-03 -11.0 3.67e-03    -  1.00e+00 1.00e+00H  1
1582  2.3367517e-03 6.21e-07 3.78e-02 -11.0 3.81e-03    -  1.00e+00 1.00e+00H  1
1583  2.3353538e-03 9.68e-05 4.48e-02 -11.0 3.00e-03    -  1.00e+00 2.50e-01h  3
1584  2.3348379e-03 1.07e-04 3.45e-03 -11.0 2.14e-03    -  1.00e+00 1.00e+00h  1
1585  2.3345591e-03 1.11e-04 3.80e-03 -11.0 6.48e-03    -  1.00e+00 1.25e-01h  4
1586  2.3399740e-03 4.75e-07 5.44e-02 -11.0 2.69e-03    -  1.00e+00 1.00e+00H  1
1587  2.3377618e-03 4.82e-07 2.59e-02 -11.0 1.50e-03    -  1.00e+00 1.00e+00H  1
1588  2.3351756e-03 1.06e-05 5.72e-02 -11.0 1.80e-03    -  1.00e+00 1.00e+00H  1
1589  2.3348077e-03 2.33e-04 1.68e-02 -11.0 1.42e-03    -  1.00e+00 1.00e+00h  1
iter    objective    inf_pr   inf_du lg(mu)  ||d||  lg(rg) alpha_du alpha_pr  ls
1590  2.3343546e-03 1.45e-04 1.64e-02 -11.0 1.29e-03    -  1.00e+00 5.00e-01h  2
1591  2.3337485e-03 3.31e-05 2.11e-03 -11.0 7.20e-04    -  1.00e+00 1.00e+00h  1
1592  2.3343714e-03 1.85e-05 2.52e-02 -11.0 4.05e-04    -  1.00e+00 1.00e+00h  1
1593  2.3335769e-03 1.23e-05 1.74e-03 -11.0 3.12e-04    -  1.00e+00 1.00e+00h  1
1594  2.3335444e-03 9.39e-08 7.69e-04 -11.0 1.18e-04    -  1.00e+00 1.00e+00h  1
1595  2.3330765e-03 1.31e-04 6.74e-02 -11.0 5.60e-03    -  1.00e+00 1.00e+00h  1
1596  2.3329373e-03 1.37e-04 7.78e-02 -11.0 1.34e-01    -  1.00e+00 7.81e-03h  8
1597  2.3334513e-03 1.38e-04 5.50e-02 -11.0 4.88e-03    -  1.00e+00 2.50e-01h  3
1598  2.3329659e-03 9.99e-05 2.52e-02 -11.0 9.03e-04    -  1.00e+00 5.00e-01h  2
1599  2.3321981e-03 2.88e-05 6.29e-03 -11.0 9.09e-04    -  1.00e+00 1.00e+00h  1
iter    objective    inf_pr   inf_du lg(mu)  ||d||  lg(rg) alpha_du alpha_pr  ls
1600  2.3331296e-03 3.45e-07 3.63e-02 -11.0 2.39e-03    -  1.00e+00 1.00e+00H  1
1601  2.3394813e-03 2.15e-08 1.05e-02 -11.0 2.74e-03    -  1.00e+00 1.00e+00H  1
1602  2.3349987e-03 5.05e-08 1.20e-03 -11.0 1.21e-03    -  1.00e+00 1.00e+00H  1
1603  2.3310508e-03 8.44e-05 7.06e-03 -11.0 7.37e-04    -  1.00e+00 1.00e+00h  1
1604  2.3308610e-03 6.96e-06 2.57e-03 -11.0 5.30e-04    -  1.00e+00 1.00e+00h  1
1605  2.3309605e-03 4.15e-07 1.78e-02 -11.0 2.33e-03    -  1.00e+00 1.00e+00H  1
1606  2.3306237e-03 4.02e-05 4.55e-02 -11.0 3.80e-02    -  1.00e+00 6.25e-02h  5
1607  2.3301476e-03 1.64e-04 8.17e-02 -11.0 1.36e-01    -  1.00e+00 3.12e-02h  6
1608  2.3297940e-03 2.81e-04 9.67e-02 -11.0 2.71e-01    -  1.00e+00 1.56e-02h  7
1609  2.3295850e-03 3.14e-04 1.04e-01 -11.0 1.61e-01    -  1.00e+00 1.56e-02h  7
iter    objective    inf_pr   inf_du lg(mu)  ||d||  lg(rg) alpha_du alpha_pr  ls
1610  2.3287481e-03 1.93e-03 1.93e-01 -11.0 4.74e-01    -  1.00e+00 3.12e-02h  6
1611  2.3277941e-03 3.15e-03 2.69e-01 -11.0 3.31e+00    -  1.00e+00 3.91e-03h  9
1612  2.3276281e-03 3.27e-03 2.88e-01 -11.0 5.94e-01    -  1.00e+00 7.81e-03h  8
1613  2.3272298e-03 3.33e-03 2.75e-01 -11.0 2.78e-01    -  1.00e+00 1.56e-02h  7
1614  2.3257834e-03 4.00e-03 1.39e-01 -11.0 2.17e-01    -  1.00e+00 6.25e-02h  5
1615  2.3247864e-03 7.05e-03 1.20e-01 -11.0 1.55e+00    -  1.00e+00 1.56e-02h  7
1616  2.6558847e-01 3.42e+01 1.77e+01 -11.0 6.47e+00    -  1.00e+00 1.00e+00w  1
1617  1.7663772e+04 1.04e+02 1.47e+02 -11.0 5.68e+01    -  1.00e+00 1.00e+00w  1
1618  1.1521083e+02 1.81e+01 2.89e+02 -11.0 5.78e+01    -  1.00e+00 1.00e+00w  1
1619  2.3243437e-03 1.08e-02 1.87e-01 -11.0 6.23e+00    -  1.00e+00 3.91e-03h  8
iter    objective    inf_pr   inf_du lg(mu)  ||d||  lg(rg) alpha_du alpha_pr  ls
1620  2.3238375e-03 2.55e-04 1.42e-02 -11.0 6.82e-03    -  1.00e+00 1.00e+00h  1
1621  2.3273551e-03 2.33e-04 9.64e-03 -11.0 1.29e-02    -  1.00e+00 6.25e-02h  5
1622  2.3194354e-03 7.54e-05 1.07e-02 -11.0 1.65e-03    -  1.00e+00 1.00e+00h  1
1623  2.3204796e-03 7.32e-07 9.27e-03 -11.0 1.73e-03    -  1.00e+00 1.00e+00H  1
1624  2.3172497e-03 6.04e-05 3.19e-02 -11.0 1.47e-03    -  1.00e+00 1.00e+00h  1
1625  2.3188854e-03 3.23e-06 3.00e-02 -11.0 6.97e-04    -  1.00e+00 1.00e+00H  1
1626  2.3159816e-03 7.14e-05 3.41e-03 -11.0 5.96e-04    -  1.00e+00 1.00e+00h  1
1627  2.3157012e-03 2.76e-06 1.23e-03 -11.0 4.36e-04    -  1.00e+00 1.00e+00h  1
1628  2.3154761e-03 2.20e-04 2.89e-02 -11.0 3.26e-03    -  1.00e+00 1.00e+00h  1
1629  2.3150705e-03 2.30e-04 4.59e-02 -11.0 9.51e-03    -  1.00e+00 1.25e-01h  4
iter    objective    inf_pr   inf_du lg(mu)  ||d||  lg(rg) alpha_du alpha_pr  ls
1630  2.3140189e-03 1.18e-04 8.96e-02 -11.0 1.97e-03    -  1.00e+00 5.00e-01h  2
1631  2.3230542e-03 3.86e-07 8.56e-02 -11.0 2.45e-03    -  1.00e+00 1.00e+00H  1
1632  2.3126987e-03 2.35e-04 3.91e-03 -11.0 1.39e-03    -  1.00e+00 1.00e+00h  1
1633  2.3130284e-03 7.90e-05 7.72e-03 -11.0 1.14e-03    -  1.00e+00 1.00e+00h  1
1634  2.3124184e-03 5.95e-05 9.05e-03 -11.0 5.42e-04    -  1.00e+00 1.00e+00h  1
1635  2.3122182e-03 9.98e-05 1.02e-02 -11.0 8.77e-04    -  1.00e+00 1.00e+00h  1
1636  2.3117684e-03 9.78e-06 5.04e-03 -11.0 3.59e-04    -  1.00e+00 1.00e+00h  1
1637  2.3112827e-03 2.27e-05 2.26e-03 -11.0 4.30e-04    -  1.00e+00 1.00e+00h  1
1638  2.3108117e-03 1.26e-05 6.89e-03 -11.0 4.49e-04    -  1.00e+00 1.00e+00h  1
1639  2.3137766e-03 1.00e-06 8.36e-03 -11.0 1.85e-03    -  1.00e+00 1.00e+00H  1
iter    objective    inf_pr   inf_du lg(mu)  ||d||  lg(rg) alpha_du alpha_pr  ls
1640  2.3109918e-03 1.82e-06 1.63e-02 -11.0 1.02e-03    -  1.00e+00 1.00e+00H  1
1641  2.3112507e-03 1.95e-06 1.60e-02 -11.0 6.50e-04    -  1.00e+00 1.00e+00H  1
1642  2.3094909e-03 2.39e-05 3.26e-03 -11.0 3.78e-04    -  1.00e+00 1.00e+00h  1
1643  2.3094093e-03 4.93e-06 2.10e-03 -11.0 4.36e-04    -  1.00e+00 1.00e+00h  1
1644  2.3092655e-03 3.90e-04 9.27e-03 -11.0 5.66e-03    -  1.00e+00 1.00e+00h  1
1645  2.3090889e-03 5.75e-04 1.68e-02 -11.0 2.29e-01    -  1.00e+00 1.56e-02h  7
1646  2.3088496e-03 5.44e-04 1.74e-02 -11.0 9.53e-03    -  1.00e+00 6.25e-02h  5
1647  2.3088929e-03 4.07e-04 1.56e-02 -11.0 2.62e-03    -  1.00e+00 2.50e-01h  3
1648  2.3079173e-03 2.26e-04 1.41e-02 -11.0 4.42e-03    -  1.00e+00 1.00e+00h  1
1649  2.3078148e-03 2.29e-04 1.37e-02 -11.0 3.54e-02    -  1.00e+00 1.56e-02h  7
iter    objective    inf_pr   inf_du lg(mu)  ||d||  lg(rg) alpha_du alpha_pr  ls
1650  2.3089271e-03 6.58e-05 2.32e-02 -11.0 1.41e-03    -  1.00e+00 1.00e+00h  1
1651  2.3108790e-03 6.71e-07 7.84e-02 -11.0 5.08e-03    -  1.00e+00 1.00e+00H  1
1652  2.3104018e-03 8.16e-06 8.17e-02 -11.0 3.87e-02    -  1.00e+00 1.56e-02h  7
1653  2.3100043e-03 1.03e-05 7.66e-02 -11.0 1.08e-02    -  1.00e+00 3.12e-02h  6
1654  2.3096335e-03 2.00e-06 6.38e-03 -11.0 6.15e-03    -  1.00e+00 1.00e+00H  1
1655  2.3087440e-03 1.42e-04 9.79e-03 -11.0 7.75e-02    -  1.00e+00 3.12e-02h  6
1656  2.3086524e-03 1.35e-04 1.35e-02 -11.0 4.69e-03    -  1.00e+00 1.25e-01h  4
1657  2.3073122e-03 4.89e-04 5.26e-03 -11.0 5.99e-03    -  1.00e+00 1.00e+00h  1
1658  2.3070834e-03 4.87e-04 7.33e-03 -11.0 6.41e-02    -  1.00e+00 1.56e-02h  7
1659  2.3082020e-03 2.47e-04 9.31e-03 -11.0 1.04e-03    -  1.00e+00 5.00e-01h  2
iter    objective    inf_pr   inf_du lg(mu)  ||d||  lg(rg) alpha_du alpha_pr  ls
1660  2.3067378e-03 2.52e-05 1.06e-03 -11.0 1.56e-03    -  1.00e+00 1.00e+00h  1
1661  2.3079212e-03 1.47e-07 6.28e-03 -11.0 1.51e-03    -  1.00e+00 1.00e+00H  1
1662  2.3070447e-03 3.03e-07 1.68e-02 -11.0 1.40e-03    -  1.00e+00 1.00e+00H  1
1663  2.3158413e-03 5.32e-07 4.56e-02 -11.0 5.68e-03    -  1.00e+00 1.00e+00H  1
1664  2.3472554e-03 7.53e-08 3.09e-03 -11.0 2.73e-03    -  1.00e+00 1.00e+00H  1
1665  2.3050763e-03 9.93e-04 9.38e-03 -11.0 3.74e-03    -  1.00e+00 1.00e+00h  1
1666  2.3057105e-03 5.07e-04 3.63e-03 -11.0 6.29e-04    -  1.00e+00 5.00e-01h  2
1667  2.3062857e-03 4.13e-06 1.31e-03 -11.0 1.43e-04    -  1.00e+00 1.00e+00h  1
1668  2.3062437e-03 2.68e-07 7.10e-04 -11.0 6.57e-05    -  1.00e+00 1.00e+00h  1
1669  2.3061697e-03 7.37e-06 4.29e-03 -11.0 4.62e-04    -  1.00e+00 1.00e+00h  1
iter    objective    inf_pr   inf_du lg(mu)  ||d||  lg(rg) alpha_du alpha_pr  ls
1670  2.3061069e-03 1.10e-05 6.07e-03 -11.0 6.75e-03    -  1.00e+00 6.25e-02h  5
1671  2.3176656e-03 1.23e-07 4.14e-02 -11.0 6.65e-03    -  1.00e+00 1.00e+00H  1
1672  2.3267562e-03 1.20e-07 5.65e-02 -11.0 2.34e-03    -  1.00e+00 1.00e+00H  1
1673  2.3079132e-03 2.52e-07 2.53e-02 -11.0 4.79e-03    -  1.00e+00 1.00e+00H  1
1674  2.3078258e-03 2.56e-07 2.44e-02 -11.0 3.57e-03    -  1.00e+00 3.91e-03h  9
1675  2.3059245e-03 1.25e-04 9.25e-03 -11.0 1.28e-03    -  1.00e+00 1.00e+00h  1
1676  2.3059672e-03 9.37e-05 4.13e-03 -11.0 7.73e-04    -  1.00e+00 2.50e-01h  3
1677  2.3057137e-03 1.46e-06 7.87e-04 -11.0 1.37e-04    -  1.00e+00 1.00e+00h  1
1678  2.3056936e-03 1.29e-07 1.19e-03 -11.0 7.25e-05    -  1.00e+00 1.00e+00h  1
1679  2.3057772e-03 1.09e-08 4.35e-04 -11.0 2.09e-03    -  1.00e+00 1.00e+00H  1
iter    objective    inf_pr   inf_du lg(mu)  ||d||  lg(rg) alpha_du alpha_pr  ls
1680  2.3056652e-03 2.80e-06 2.58e-03 -11.0 8.64e-03    -  1.00e+00 6.25e-02h  5
1681  2.3093630e-03 5.67e-09 1.01e-03 -11.0 3.68e-03    -  1.00e+00 1.00e+00H  1
1682  2.3093377e-03 5.43e-09 1.01e-03 -11.0 6.06e-03    -  1.00e+00 1.95e-03h 10
1683  2.3093128e-03 6.61e-09 1.01e-03 -11.0 4.90e-03    -  1.00e+00 9.77e-04h 11
1684  2.3050386e-03 1.17e-04 1.02e-02 -11.0 3.21e-03    -  1.00e+00 5.00e-01h  2
1685  2.3042869e-03 8.60e-05 2.12e-02 -11.0 3.17e-03    -  1.00e+00 2.50e-01h  3
1686  2.3070074e-03 7.69e-07 6.78e-03 -11.0 3.71e-03    -  1.00e+00 1.00e+00H  1
1687  2.3056724e-03 3.99e-05 2.20e-02 -11.0 9.33e-03    -  1.00e+00 2.50e-01h  3
1688  2.3041698e-03 4.56e-05 3.06e-02 -11.0 1.12e-02    -  1.00e+00 1.25e-01h  4
1689  2.3032802e-03 1.16e-04 8.78e-03 -11.0 3.02e-03    -  1.00e+00 2.50e-01h  3
iter    objective    inf_pr   inf_du lg(mu)  ||d||  lg(rg) alpha_du alpha_pr  ls
1690  2.3027337e-03 1.04e-04 2.35e-02 -11.0 1.33e-03    -  1.00e+00 1.00e+00h  1
1691  2.3023319e-03 8.76e-05 3.15e-02 -11.0 3.45e-03    -  1.00e+00 2.50e-01h  3
1692  2.3079638e-03 1.08e-07 8.11e-02 -11.0 7.91e-03    -  1.00e+00 1.00e+00H  1
1693  2.3078747e-03 1.27e-07 8.18e-02 -11.0 8.95e-02    -  1.00e+00 1.95e-03h 10
1694  2.3069768e-03 3.93e-05 7.50e-02 -11.0 3.14e-01    -  1.00e+00 7.81e-03h  8
1695  2.3064161e-03 4.26e-05 7.03e-02 -11.0 1.37e-01    -  1.00e+00 7.81e-03h  8
1696  2.3064029e-03 1.25e-03 9.67e-02 -11.0 5.50e-01    -  1.00e+00 3.12e-02h  6
1697  2.3008580e-03 1.35e-02 3.20e-01 -11.0 3.36e+00    -  1.00e+00 1.56e-02h  7
1698  2.3002658e-03 1.35e-02 3.30e-01 -11.0 2.96e+00    -  1.00e+00 9.77e-04h 11
1699  2.2990469e-03 1.36e-02 3.19e-01 -11.0 6.08e-01    -  1.00e+00 1.56e-02h  7
iter    objective    inf_pr   inf_du lg(mu)  ||d||  lg(rg) alpha_du alpha_pr  ls
1700  2.2986746e-03 1.37e-02 3.02e-01 -11.0 1.13e+00    -  1.00e+00 3.91e-03h  9
1701  2.3022372e-03 1.32e-02 2.35e-01 -11.0 1.26e-01    -  1.00e+00 3.12e-02h  6
1702  2.3044870e-03 7.95e-03 1.09e-01 -11.0 3.00e-02    -  1.00e+00 5.00e-01h  2
1703  4.0597652e-02 2.58e+00 3.96e+00 -11.0 6.91e-01    -  1.00e+00 1.00e+00w  1
1704  2.6906491e+02 2.04e+01 1.46e+01 -11.0 4.25e+00    -  1.00e+00 1.00e+00w  1
1705  7.2375520e+01 1.64e+01 1.74e+02 -11.0 4.29e+00    -  1.00e+00 1.00e+00w  1
1706  2.3013195e-03 8.37e-03 1.68e-01 -11.0 3.81e+00    -  1.00e+00 1.56e-02h  6
1707  2.3032222e-03 4.26e-03 7.42e-02 -11.0 7.91e-03    -  1.00e+00 5.00e-01h  2
1708  2.2983019e-03 3.76e-03 6.75e-02 -11.0 9.02e-03    -  1.00e+00 1.25e-01h  4
1709  2.2964111e-03 1.17e-04 3.34e-02 -11.0 2.71e-03    -  1.00e+00 1.00e+00h  1
iter    objective    inf_pr   inf_du lg(mu)  ||d||  lg(rg) alpha_du alpha_pr  ls
1710  2.3207799e-03 6.33e-05 3.51e-02 -11.0 2.90e-03    -  1.00e+00 1.00e+00H  1
1711  2.2932826e-03 4.61e-04 1.76e-02 -11.0 1.89e-03    -  1.00e+00 1.00e+00h  1
1712  2.2934823e-03 2.25e-06 4.98e-03 -11.0 2.46e-04    -  1.00e+00 1.00e+00h  1
1713  2.2932871e-03 4.26e-06 9.63e-04 -11.0 1.38e-04    -  1.00e+00 1.00e+00h  1
1714  2.2931951e-03 2.95e-06 6.67e-04 -11.0 2.32e-04    -  1.00e+00 1.00e+00h  1
1715  2.2929802e-03 9.05e-06 7.16e-03 -11.0 3.82e-04    -  1.00e+00 1.00e+00h  1
1716  2.3003916e-03 1.57e-06 5.43e-02 -11.0 2.38e-03    -  1.00e+00 1.00e+00H  1
1717  2.2929357e-03 1.27e-04 1.15e-02 -11.0 1.48e-03    -  1.00e+00 1.00e+00h  1
1718  2.2924567e-03 9.80e-05 3.94e-03 -11.0 1.18e-03    -  1.00e+00 2.50e-01h  3
1719  2.2923869e-03 7.00e-07 2.34e-03 -11.0 1.68e-04    -  1.00e+00 1.00e+00h  1
iter    objective    inf_pr   inf_du lg(mu)  ||d||  lg(rg) alpha_du alpha_pr  ls
1720  2.2923337e-03 1.97e-05 1.05e-02 -11.0 1.03e-03    -  1.00e+00 1.00e+00h  1
1721  2.3126760e-03 3.20e-07 1.42e-02 -11.0 5.13e-03    -  1.00e+00 1.00e+00H  1
1722  2.2933420e-03 6.37e-06 3.72e-02 -11.0 1.66e-03    -  1.00e+00 1.00e+00H  1
1723  2.2972910e-03 2.32e-07 4.61e-02 -11.0 1.11e-03    -  1.00e+00 1.00e+00H  1
1724  2.2902909e-03 1.65e-04 2.36e-02 -11.0 1.64e-03    -  1.00e+00 1.00e+00h  1
1725  2.2907854e-03 8.33e-05 4.95e-03 -11.0 1.43e-03    -  1.00e+00 5.00e-01h  2
1726  2.2900205e-03 1.65e-05 3.80e-03 -11.0 8.72e-04    -  1.00e+00 1.00e+00h  1
1727  2.2991668e-03 5.23e-08 9.72e-04 -11.0 1.74e-03    -  1.00e+00 1.00e+00H  1
1728  2.2896931e-03 3.81e-05 1.92e-02 -11.0 1.05e-03    -  1.00e+00 1.00e+00h  1
1729  2.2898539e-03 9.53e-06 3.85e-03 -11.0 4.74e-04    -  1.00e+00 1.00e+00h  1
iter    objective    inf_pr   inf_du lg(mu)  ||d||  lg(rg) alpha_du alpha_pr  ls
1730  2.2892780e-03 3.80e-06 3.69e-03 -11.0 3.20e-04    -  1.00e+00 1.00e+00h  1
1731  2.2892742e-03 2.32e-05 8.04e-03 -11.0 5.90e-04    -  1.00e+00 1.00e+00h  1
1732  2.2885722e-03 8.88e-05 4.40e-02 -11.0 3.64e-03    -  1.00e+00 1.00e+00h  1
1733  2.2881031e-03 1.22e-04 6.57e-02 -11.0 2.83e-01    -  1.00e+00 7.81e-03h  8
1734  2.2879737e-03 1.25e-04 7.49e-02 -11.0 4.92e-02    -  1.00e+00 1.56e-02h  7
1735  2.2881273e-03 1.14e-04 6.67e-02 -11.0 4.01e-03    -  1.00e+00 1.25e-01h  4
1736  2.2875262e-03 1.35e-05 1.55e-02 -11.0 8.73e-04    -  1.00e+00 1.00e+00h  1
1737  2.2874938e-03 1.51e-05 2.47e-02 -11.0 4.24e-03    -  1.00e+00 1.25e-01h  4
1738  2.2875746e-03 2.02e-07 2.50e-02 -11.0 1.16e-03    -  1.00e+00 1.00e+00H  1
1739  2.2873651e-03 1.03e-05 3.57e-02 -11.0 7.72e-03    -  1.00e+00 1.25e-01h  4
iter    objective    inf_pr   inf_du lg(mu)  ||d||  lg(rg) alpha_du alpha_pr  ls
1740  2.2872202e-03 1.84e-05 3.88e-02 -11.0 8.22e-03    -  1.00e+00 1.25e-01h  4
1741  2.2871728e-03 8.40e-05 5.66e-02 -11.0 6.21e-03    -  1.00e+00 2.50e-01h  3
1742  2.2870516e-03 9.66e-05 7.19e-02 -11.0 1.01e-02    -  1.00e+00 1.25e-01h  4
1743  2.2868638e-03 8.68e-05 8.04e-02 -11.0 5.08e-03    -  1.00e+00 1.25e-01h  4
1744  2.2864486e-03 1.01e-04 1.19e-01 -11.0 1.29e-02    -  1.00e+00 2.50e-01h  3
1745  2.2861889e-03 1.76e-04 1.78e-01 -11.0 1.22e-01    -  1.00e+00 3.12e-02h  6
1746  2.2861129e-03 1.84e-04 1.83e-01 -11.0 8.57e-02    -  1.00e+00 1.56e-02h  7
1747  2.2860533e-03 2.02e-04 1.72e-01 -11.0 3.20e-02    -  1.00e+00 6.25e-02h  5
1748  2.2860414e-03 4.99e-04 1.26e-01 -11.0 3.56e-02    -  1.00e+00 1.25e-01h  4
1749  3.0096060e-03 2.08e-01 2.74e-01 -11.0 1.26e-01    -  1.00e+00 1.00e+00w  1
iter    objective    inf_pr   inf_du lg(mu)  ||d||  lg(rg) alpha_du alpha_pr  ls
1750  1.2119785e-01 2.76e+00 9.07e+00 -11.0 3.43e-01    -  1.00e+00 1.00e+00w  1
1751  1.1426104e-01 1.38e+00 9.90e+00 -11.0 2.78e-01    -  1.00e+00 1.00e+00w  1
1752  2.2853209e-03 6.80e-04 1.25e-01 -11.0 3.85e-01    -  1.00e+00 3.12e-02h  5
1753  2.2847423e-03 6.16e-04 7.20e-02 -11.0 1.25e-02    -  1.00e+00 2.50e-01h  3
1754  2.2845838e-03 6.71e-04 6.95e-02 -11.0 2.15e+00    -  1.00e+00 9.77e-04h 11
1755  2.2843742e-03 7.21e-04 6.53e-02 -11.0 9.05e-02    -  1.00e+00 1.56e-02h  7
1756  2.2844363e-03 7.06e-04 6.39e-02 -11.0 1.44e-02    -  1.00e+00 6.25e-02h  5
1757  2.2845671e-03 4.81e-04 2.03e-02 -11.0 2.60e-03    -  1.00e+00 5.00e-01h  2
1758  2.2915416e-03 8.35e-08 1.33e-01 -11.0 8.77e-03    -  1.00e+00 1.00e+00H  1
1759  2.2914526e-03 8.64e-08 1.35e-01 -11.0 4.99e-02    -  1.00e+00 1.95e-03h 10
iter    objective    inf_pr   inf_du lg(mu)  ||d||  lg(rg) alpha_du alpha_pr  ls
1760  2.2911932e-03 2.11e-07 1.37e-01 -11.0 1.05e-02    -  1.00e+00 7.81e-03h  8
1761  2.2841885e-03 5.80e-04 3.80e-02 -11.0 1.01e-02    -  1.00e+00 5.00e-01h  2
1762  2.2840893e-03 6.40e-04 1.88e-02 -11.0 2.23e-02    -  1.00e+00 6.25e-02h  5
1763  2.2847337e-03 3.26e-04 1.80e-02 -11.0 1.37e-03    -  1.00e+00 5.00e-01h  2
1764  2.2828146e-03 1.03e-04 1.29e-02 -11.0 1.90e-03    -  1.00e+00 1.00e+00h  1
1765  2.2829846e-03 9.39e-05 2.55e-02 -11.0 4.72e-03    -  1.00e+00 2.50e-01h  3
1766  2.2849567e-03 7.83e-05 5.83e-02 -11.0 8.20e-04    -  1.00e+00 1.00e+00h  1
1767  2.2823015e-03 6.16e-05 7.15e-03 -11.0 7.93e-04    -  1.00e+00 1.00e+00h  1
1768  2.2825122e-03 1.02e-05 2.08e-02 -11.0 3.19e-04    -  1.00e+00 1.00e+00h  1
1769  2.2822238e-03 2.84e-06 7.31e-04 -11.0 2.07e-04    -  1.00e+00 1.00e+00h  1
iter    objective    inf_pr   inf_du lg(mu)  ||d||  lg(rg) alpha_du alpha_pr  ls
1770  2.2821751e-03 6.09e-07 3.21e-03 -11.0 1.58e-04    -  1.00e+00 1.00e+00h  1
1771  2.2819997e-03 1.56e-05 1.51e-02 -11.0 1.75e-02    -  1.00e+00 6.25e-02h  5
1772  2.2819387e-03 1.66e-05 1.57e-02 -11.0 8.55e-03    -  1.00e+00 6.25e-02h  5
1773  2.2849687e-03 1.27e-07 1.01e-02 -11.0 3.20e-03    -  1.00e+00 1.00e+00H  1
1774  2.2848184e-03 1.40e-07 1.10e-02 -11.0 5.66e-03    -  1.00e+00 1.56e-02h  7
1775  2.2844721e-03 4.53e-07 1.40e-02 -11.0 4.03e-03    -  1.00e+00 1.56e-02h  7
1776  2.2831017e-03 3.90e-07 4.12e-03 -11.0 1.25e-03    -  1.00e+00 1.00e+00H  1
1777  2.2813912e-03 6.32e-05 2.38e-02 -11.0 8.32e-04    -  1.00e+00 1.00e+00h  1
1778  2.2815135e-03 1.32e-05 2.70e-03 -11.0 5.75e-04    -  1.00e+00 1.00e+00h  1
1779  2.2810833e-03 5.23e-06 5.36e-04 -11.0 2.12e-04    -  1.00e+00 1.00e+00h  1
iter    objective    inf_pr   inf_du lg(mu)  ||d||  lg(rg) alpha_du alpha_pr  ls
1780  2.2810628e-03 4.50e-07 3.87e-03 -11.0 6.63e-05    -  1.00e+00 1.00e+00h  1
1781  2.2809905e-03 3.28e-07 4.21e-03 -11.0 1.97e-04    -  1.00e+00 1.00e+00h  1
1782  2.2808458e-03 2.41e-05 4.79e-02 -11.0 1.91e-02    -  1.00e+00 6.25e-02h  5
1783  2.2807814e-03 2.18e-05 6.89e-02 -11.0 5.59e-03    -  1.00e+00 1.25e-01h  4
1784  2.2871685e-03 9.81e-09 1.45e-03 -11.0 6.37e-03    -  1.00e+00 1.00e+00H  1
1785  2.2870902e-03 4.05e-08 1.44e-03 -11.0 1.13e-02    -  1.00e+00 3.91e-03h  9
1786  2.2870382e-03 4.09e-08 1.44e-03 -11.0 1.66e-02    -  1.00e+00 9.77e-04h 11
1787  2.2869545e-03 5.21e-08 1.43e-03 -11.0 2.70e-03    -  1.00e+00 3.91e-03h  9
1788  2.2931825e-03 1.64e-08 3.75e-03 -11.0 3.63e-03    -  1.00e+00 1.00e+00H  1
1789  2.2929184e-03 5.46e-08 3.72e-03 -11.0 2.52e-03    -  1.00e+00 7.81e-03h  8
iter    objective    inf_pr   inf_du lg(mu)  ||d||  lg(rg) alpha_du alpha_pr  ls
1790  2.2803962e-03 1.43e-04 5.67e-03 -11.0 2.67e-03    -  1.00e+00 1.00e+00h  1
1791  2.2801303e-03 7.18e-05 7.03e-03 -11.0 9.13e-04    -  1.00e+00 5.00e-01h  2
1792  2.2795038e-03 7.60e-06 7.09e-04 -11.0 2.53e-04    -  1.00e+00 1.00e+00h  1
1793  2.2794633e-03 6.69e-07 1.53e-03 -11.0 6.85e-05    -  1.00e+00 1.00e+00h  1
1794  2.2794407e-03 5.04e-08 3.97e-04 -11.0 4.83e-05    -  1.00e+00 1.00e+00h  1
1795  2.2796916e-03 1.81e-08 7.05e-04 -11.0 7.22e-04    -  1.00e+00 1.00e+00H  1
1796  2.2796686e-03 1.17e-07 2.57e-04 -11.0 5.91e-04    -  1.00e+00 1.00e+00H  1
1797  2.2795806e-03 2.56e-09 3.45e-04 -11.0 5.16e-04    -  1.00e+00 1.00e+00H  1
1798  2.2792602e-03 5.57e-06 8.55e-03 -11.0 2.58e-04    -  1.00e+00 1.00e+00h  1
1799  2.2791544e-03 1.94e-06 2.40e-03 -11.0 2.31e-04    -  1.00e+00 1.00e+00h  1
iter    objective    inf_pr   inf_du lg(mu)  ||d||  lg(rg) alpha_du alpha_pr  ls
1800  2.2791765e-03 6.16e-09 1.62e-04 -11.0 3.39e-04    -  1.00e+00 1.00e+00H  1
1801  2.2790602e-03 9.14e-06 8.80e-03 -11.0 6.83e-04    -  1.00e+00 1.00e+00h  1
1802  2.2789339e-03 2.41e-05 1.39e-02 -11.0 5.41e-03    -  1.00e+00 1.25e-01h  4
1803  2.2821145e-03 9.09e-10 9.27e-04 -11.0 2.97e-03    -  1.00e+00 1.00e+00H  1
1804  2.2812175e-03 1.87e-09 1.37e-03 -11.0 9.17e-04    -  1.00e+00 1.00e+00H  1
1805  2.2793101e-03 1.07e-09 4.72e-04 -11.0 1.03e-03    -  1.00e+00 1.00e+00H  1
1806  2.2784655e-03 4.77e-05 5.30e-03 -11.0 8.47e-04    -  1.00e+00 1.00e+00h  1
1807  2.2789902e-03 2.66e-07 1.00e-02 -11.0 1.53e-03    -  1.00e+00 1.00e+00H  1
1808  2.2786068e-03 4.20e-07 1.59e-02 -11.0 9.57e-04    -  1.00e+00 1.00e+00H  1
1809  2.2809388e-03 9.59e-11 9.98e-04 -11.0 9.60e-04    -  1.00e+00 1.00e+00H  1
iter    objective    inf_pr   inf_du lg(mu)  ||d||  lg(rg) alpha_du alpha_pr  ls
1810  2.2779117e-03 7.79e-05 5.03e-03 -11.0 6.05e-04    -  1.00e+00 1.00e+00h  1
1811  2.2778126e-03 9.11e-06 3.53e-03 -11.0 5.69e-04    -  1.00e+00 1.00e+00h  1
1812  2.2774277e-03 7.31e-05 6.31e-03 -11.0 3.95e-03    -  1.00e+00 1.00e+00h  1
1813  2.2768340e-03 2.66e-03 1.03e-01 -11.0 7.36e-01    -  1.00e+00 3.12e-02h  6
1814  2.2763800e-03 2.84e-03 1.49e-01 -11.0 2.94e+00    -  1.00e+00 1.95e-03h 10
1815  2.2762337e-03 3.01e-03 1.98e-01 -11.0 7.44e-01    -  1.00e+00 7.81e-03h  8
1816  2.2759359e-03 3.03e-03 2.33e-01 -11.0 2.12e-01    -  1.00e+00 1.56e-02h  7
1817  2.2757692e-03 3.05e-03 2.50e-01 -11.0 3.52e-01    -  1.00e+00 7.81e-03h  8
1818  2.2751362e-03 3.90e-03 3.07e-01 -11.0 8.27e-01    -  1.00e+00 1.56e-02h  7
1819  2.2749941e-03 4.09e-03 3.24e-01 -11.0 1.70e+00    -  1.00e+00 3.91e-03h  9
iter    objective    inf_pr   inf_du lg(mu)  ||d||  lg(rg) alpha_du alpha_pr  ls
1820  2.2740056e-03 4.40e-03 2.97e-01 -11.0 4.08e+00    -  1.00e+00 1.95e-03h 10
1821  2.2737051e-03 4.47e-03 2.72e-01 -11.0 5.91e-01    -  1.00e+00 7.81e-03h  8
1822  2.2733716e-03 4.46e-03 2.43e-01 -11.0 2.18e-01    -  1.00e+00 3.91e-03h  9
1823  2.2743622e-03 5.43e-05 1.17e-02 -11.0 6.27e-04    -  1.00e+00 1.00e+00h  1
1824  2.2748521e-03 5.21e-06 2.39e-02 -11.0 7.21e-03    -  1.00e+00 1.00e+00H  1
1825  2.2746919e-03 6.83e-06 2.03e-02 -11.0 8.05e-02    -  1.00e+00 7.81e-03h  8
1826  2.2741528e-03 1.39e-04 1.07e-02 -11.0 3.16e-01    -  1.00e+00 1.56e-02h  7
1827  2.2737607e-03 3.36e-04 3.86e-02 -11.0 7.70e-01    -  1.00e+00 7.81e-03h  8
1828  2.2736943e-03 5.88e-04 6.24e-02 -11.0 4.49e-01    -  1.00e+00 1.56e-02h  7
1829  2.2731008e-03 7.81e-04 7.18e-02 -11.0 8.33e-01    -  1.00e+00 7.81e-03h  8
iter    objective    inf_pr   inf_du lg(mu)  ||d||  lg(rg) alpha_du alpha_pr  ls
1830  2.2727817e-03 1.93e-03 1.18e-01 -11.0 1.06e+00    -  1.00e+00 1.56e-02h  7
1831  2.2721496e-03 2.04e-03 8.36e-02 -11.0 2.14e+00    -  1.00e+00 1.95e-03h 10
1832  2.2715078e-03 2.20e-03 1.27e-01 -11.0 2.29e-01    -  1.00e+00 3.12e-02h  6
1833  2.2712115e-03 2.31e-03 1.48e-01 -11.0 4.48e-01    -  1.00e+00 1.56e-02h  7
1834  2.2709720e-03 3.03e-03 1.90e-01 -11.0 1.89e+00    -  1.00e+00 7.81e-03h  8
1835  8.6758427e-02 1.56e+00 2.45e+00 -11.0 6.12e-01    -  1.00e+00 1.00e+00w  1
1836  8.3595148e-02 1.96e+00 4.56e+00 -11.0 1.69e-01    -  1.00e+00 1.00e+00w  1
1837  1.4809738e-01 2.29e+00 6.59e+00 -11.0 2.09e-01    -  1.00e+00 1.00e+00w  1
1838  2.2705812e-03 3.04e-03 2.06e-01 -11.0 3.23e-01    -  1.00e+00 3.91e-03h  8
1839  2.2703187e-03 2.48e-03 1.31e-01 -11.0 3.39e-02    -  1.00e+00 2.50e-01h  3
iter    objective    inf_pr   inf_du lg(mu)  ||d||  lg(rg) alpha_du alpha_pr  ls
1840  2.2701837e-03 2.52e-03 1.39e-01 -11.0 2.42e-01    -  1.00e+00 7.81e-03h  8
1841  2.2699625e-03 2.23e-03 1.18e-01 -11.0 1.07e-02    -  1.00e+00 1.25e-01h  4
1842  2.2723833e-03 1.15e-03 6.79e-02 -11.0 9.75e-03    -  1.00e+00 5.00e-01h  2
1843  2.2715334e-03 1.19e-03 7.00e-02 -11.0 4.32e-02    -  1.00e+00 2.50e-01h  3
1844  2.2706561e-03 1.31e-03 7.95e-02 -11.0 3.59e-01    -  1.00e+00 1.56e-02h  7
1845  2.2695795e-03 1.45e-03 8.53e-02 -11.0 3.83e-01    -  1.00e+00 1.56e-02h  7
1846  2.2687457e-03 1.69e-03 7.80e-02 -11.0 2.05e-01    -  1.00e+00 3.12e-02h  6
1847  2.2685407e-03 2.12e-03 7.62e-02 -11.0 3.67e-01    -  1.00e+00 3.12e-02h  6
1848  2.1271109e-02 3.04e+00 2.57e+00 -11.0 1.11e+00    -  1.00e+00 1.00e+00w  1
1849  2.5289874e-01 9.56e+00 2.90e+00 -11.0 6.92e-01    -  1.00e+00 1.00e+00w  1
iter    objective    inf_pr   inf_du lg(mu)  ||d||  lg(rg) alpha_du alpha_pr  ls
1850  3.9389456e-01 3.34e+00 6.30e+00 -11.0 9.63e-01    -  1.00e+00 1.00e+00w  1
1851  2.2674717e-03 2.34e-03 7.98e-02 -11.0 2.79e+00    -  1.00e+00 7.81e-03h  7
1852  2.2686845e-03 1.21e-03 5.19e-02 -11.0 1.72e-03    -  1.00e+00 5.00e-01h  2
1853  2.2674532e-03 1.49e-04 1.42e-02 -11.0 6.24e-03    -  1.00e+00 1.00e+00h  1
1854  2.2666693e-03 2.54e-04 1.12e-02 -11.0 2.41e-01    -  1.00e+00 3.12e-02h  6
1855  2.2673048e-03 2.52e-04 1.43e-02 -11.0 4.31e-02    -  1.00e+00 3.12e-02h  6
1856  2.2655084e-03 6.28e-05 1.14e-02 -11.0 1.90e-03    -  1.00e+00 1.00e+00h  1
1857  2.2649382e-03 7.01e-05 1.06e-02 -11.0 1.00e-02    -  1.00e+00 2.50e-01h  3
1858  2.2728414e-03 9.81e-06 1.05e-02 -11.0 1.57e-02    -  1.00e+00 1.00e+00H  1
1859  2.2722843e-03 1.00e-05 1.14e-02 -11.0 3.30e-01    -  1.00e+00 7.81e-03h  8
iter    objective    inf_pr   inf_du lg(mu)  ||d||  lg(rg) alpha_du alpha_pr  ls
1860  2.2721599e-03 1.07e-05 1.18e-02 -11.0 9.56e+00    -  1.00e+00 6.10e-05h 15
1861  2.2720591e-03 1.13e-05 1.26e-02 -11.0 1.45e+01    -  1.00e+00 3.05e-05h 16
1862  2.2720380e-03 1.13e-05 1.28e-02 -11.0 1.32e+01    -  1.00e+00 7.63e-06h 18
1863  2.2720212e-03 1.13e-05 1.29e-02 -11.0 2.50e+01    -  1.00e+00 3.81e-06h 19
1864  2.2596343e-03 8.99e-02 2.71e-01 -11.0 3.70e+02    -  1.00e+00 4.88e-04h 12
1865  2.2572067e-03 9.01e-02 2.58e-01 -11.0 5.80e+02    -  1.00e+00 1.53e-05h 17
1866  2.2696925e-03 8.53e-02 2.18e-01 -11.0 3.01e-01    -  1.00e+00 6.25e-02h  5
1867  2.2698594e-03 8.01e-02 1.72e-01 -11.0 1.43e-01    -  1.00e+00 6.25e-02h  5
1868  2.2676679e-03 7.77e-02 1.73e-01 -11.0 2.65e-01    -  1.00e+00 3.12e-02h  6
1869  8.2028897e-03 2.09e-01 2.80e-01 -11.0 6.03e-02    -  1.00e+00 1.00e+00w  1
iter    objective    inf_pr   inf_du lg(mu)  ||d||  lg(rg) alpha_du alpha_pr  ls
1870  3.9173363e-03 1.42e-01 4.95e-01 -11.0 5.06e-02    -  1.00e+00 1.00e+00w  1
1871  1.5906173e-02 9.49e-01 3.90e+00 -11.0 7.70e-02    -  1.00e+00 1.00e+00w  1
1872  2.2642271e-03 7.53e-02 1.81e-01 -11.0 1.95e-01    -  1.00e+00 3.12e-02h  5
1873  2.2544462e-03 5.65e-02 1.42e-01 -11.0 2.18e-02    -  1.00e+00 2.50e-01h  3
1874  2.3483504e-03 7.98e-03 7.24e-02 -11.0 4.22e-03    -  1.00e+00 1.00e+00h  1
1875  2.2623500e-03 4.28e-03 1.76e-01 -11.0 3.37e-03    -  1.00e+00 1.00e+00h  1
1876  2.2642202e-03 1.80e-03 3.10e-02 -11.0 2.28e-03    -  1.00e+00 1.00e+00h  1
1877  2.2519925e-03 3.63e-04 2.78e-02 -11.0 1.13e-03    -  1.00e+00 1.00e+00h  1
1878  2.2515973e-03 2.31e-06 3.18e-03 -11.0 1.79e-04    -  1.00e+00 1.00e+00h  1
1879  2.2505522e-03 6.78e-05 1.06e-02 -11.0 8.56e-04    -  1.00e+00 1.00e+00h  1
iter    objective    inf_pr   inf_du lg(mu)  ||d||  lg(rg) alpha_du alpha_pr  ls
1880  2.2539009e-03 8.59e-07 3.34e-02 -11.0 1.81e-03    -  1.00e+00 1.00e+00H  1
1881  2.2500368e-03 1.19e-04 2.09e-02 -11.0 7.83e-04    -  1.00e+00 1.00e+00h  1
1882  2.2483851e-03 3.32e-05 8.74e-03 -11.0 4.43e-04    -  1.00e+00 1.00e+00h  1
1883  2.2479864e-03 7.13e-06 1.09e-03 -11.0 2.28e-04    -  1.00e+00 1.00e+00h  1
1884  2.2466063e-03 5.86e-05 7.47e-03 -11.0 1.21e-03    -  1.00e+00 1.00e+00h  1
1885  2.2455547e-03 3.86e-04 2.01e-02 -11.0 4.67e-02    -  1.00e+00 6.25e-02h  5
1886  2.2450807e-03 4.73e-04 2.67e-02 -11.0 2.90e-02    -  1.00e+00 6.25e-02h  5
1887  2.2447996e-03 3.75e-04 2.62e-02 -11.0 5.28e-03    -  1.00e+00 2.50e-01h  3
1888  2.2428426e-03 2.72e-04 1.75e-02 -11.0 3.13e-03    -  1.00e+00 5.00e-01h  2
1889  2.2430805e-03 2.41e-04 1.33e-02 -11.0 5.13e-03    -  1.00e+00 2.50e-01h  3
iter    objective    inf_pr   inf_du lg(mu)  ||d||  lg(rg) alpha_du alpha_pr  ls
1890  2.2475979e-03 1.71e-04 2.36e-02 -11.0 1.31e-03    -  1.00e+00 1.00e+00h  1
1891  2.2400428e-03 1.66e-04 1.44e-02 -11.0 9.86e-04    -  1.00e+00 1.00e+00h  1
1892  2.2397201e-03 1.56e-05 2.86e-03 -11.0 9.93e-04    -  1.00e+00 1.00e+00h  1
1893  2.2387934e-03 2.19e-04 2.78e-02 -11.0 3.14e-02    -  1.00e+00 1.25e-01h  4
1894  2.2374414e-03 1.14e-03 9.77e-02 -11.0 2.22e-01    -  1.00e+00 3.12e-02h  6
1895  2.2367387e-03 1.16e-03 1.22e-01 -11.0 1.58e-01    -  1.00e+00 7.81e-03h  8
1896  2.2364754e-03 1.03e-03 1.46e-01 -11.0 9.97e-03    -  1.00e+00 1.25e-01h  4
1897  2.2364075e-03 6.76e-04 1.09e-01 -11.0 5.31e-03    -  1.00e+00 5.00e-01h  2
1898  2.2363903e-03 6.24e-04 9.21e-02 -11.0 7.83e-03    -  1.00e+00 1.25e-01h  4
1899  2.2348761e-03 4.38e-04 1.39e-02 -11.0 3.25e-03    -  1.00e+00 5.00e-01h  2
iter    objective    inf_pr   inf_du lg(mu)  ||d||  lg(rg) alpha_du alpha_pr  ls
1900  2.2343484e-03 3.40e-04 2.90e-02 -11.0 4.05e-03    -  1.00e+00 2.50e-01h  3
1901  2.2369846e-03 1.33e-04 5.80e-03 -11.0 2.39e-03    -  1.00e+00 1.00e+00h  1
1902  2.2513155e-03 7.86e-07 1.56e-01 -11.0 4.80e-03    -  1.00e+00 1.00e+00H  1
1903  2.2511279e-03 1.74e-06 8.79e-02 -11.0 3.06e-03    -  1.00e+00 1.00e+00H  1
1904  2.2490277e-03 1.24e-06 1.23e-01 -11.0 3.40e-03    -  1.00e+00 1.00e+00H  1
1905  2.2636354e-03 5.55e-07 9.58e-02 -11.0 2.07e-03    -  1.00e+00 1.00e+00H  1
1906  2.2326548e-03 9.50e-04 3.06e-02 -11.0 1.83e-03    -  1.00e+00 1.00e+00h  1
1907  2.2342317e-03 8.77e-05 4.71e-03 -11.0 6.25e-04    -  1.00e+00 1.00e+00h  1
1908  2.2327742e-03 3.14e-05 1.49e-03 -11.0 3.96e-04    -  1.00e+00 1.00e+00h  1
1909  2.2327741e-03 1.39e-07 9.45e-04 -11.0 4.02e-05    -  1.00e+00 1.00e+00h  1
iter    objective    inf_pr   inf_du lg(mu)  ||d||  lg(rg) alpha_du alpha_pr  ls
1910  2.2326987e-03 3.24e-06 1.81e-03 -11.0 1.65e-04    -  1.00e+00 1.00e+00h  1
1911  2.2342414e-03 5.71e-08 1.31e-02 -11.0 2.25e-03    -  1.00e+00 1.00e+00H  1
1912  2.2390379e-03 3.54e-09 1.84e-03 -11.0 1.66e-03    -  1.00e+00 1.00e+00H  1
1913  2.2337976e-03 6.06e-09 3.83e-04 -11.0 2.03e-03    -  1.00e+00 1.00e+00H  1
1914  2.2368518e-03 1.60e-09 8.04e-04 -11.0 9.06e-04    -  1.00e+00 1.00e+00H  1
1915  2.2316929e-03 9.14e-05 7.71e-03 -11.0 1.29e-03    -  1.00e+00 1.00e+00h  1
1916  2.2324703e-03 1.14e-06 5.17e-03 -11.0 1.11e-03    -  1.00e+00 1.00e+00H  1
1917  2.2320484e-03 5.09e-05 1.05e-02 -11.0 9.11e-04    -  1.00e+00 1.00e+00h  1
1918  2.2315966e-03 1.83e-04 5.19e-03 -11.0 1.35e-03    -  1.00e+00 5.00e-01h  2
1919  2.2310930e-03 4.38e-05 3.36e-03 -11.0 3.62e-04    -  1.00e+00 1.00e+00h  1
iter    objective    inf_pr   inf_du lg(mu)  ||d||  lg(rg) alpha_du alpha_pr  ls
1920  2.2310726e-03 1.59e-06 3.91e-04 -11.0 2.50e-04    -  1.00e+00 1.00e+00h  1
1921  2.2310590e-03 2.03e-04 5.11e-03 -11.0 9.84e-03    -  1.00e+00 2.50e-01h  3
1922  2.2310007e-03 2.10e-04 6.30e-03 -11.0 4.27e-02    -  1.00e+00 1.56e-02h  7
1923  2.2309933e-03 1.86e-04 5.89e-03 -11.0 2.60e-03    -  1.00e+00 1.25e-01h  4
1924  2.2308641e-03 9.57e-05 3.35e-03 -11.0 6.86e-04    -  1.00e+00 5.00e-01h  2
1925  2.2306931e-03 1.07e-04 1.97e-03 -11.0 1.24e-03    -  1.00e+00 1.00e+00h  1
1926  2.2306453e-03 1.01e-04 2.90e-03 -11.0 4.98e-03    -  1.00e+00 6.25e-02h  5
1927  2.2308418e-03 1.29e-05 5.28e-03 -11.0 5.02e-04    -  1.00e+00 1.00e+00h  1
1928  2.2305478e-03 8.24e-05 2.83e-03 -11.0 1.42e-03    -  1.00e+00 1.00e+00h  1
1929  2.2304609e-03 8.49e-05 1.61e-03 -11.0 5.30e-03    -  1.00e+00 6.25e-02h  5
iter    objective    inf_pr   inf_du lg(mu)  ||d||  lg(rg) alpha_du alpha_pr  ls
1930  2.2306949e-03 4.43e-05 5.10e-03 -11.0 5.19e-04    -  1.00e+00 5.00e-01h  2
1931  2.2303346e-03 1.59e-05 1.77e-04 -11.0 5.20e-04    -  1.00e+00 1.00e+00h  1
1932  2.2304940e-03 1.33e-05 4.27e-03 -11.0 4.73e-04    -  1.00e+00 1.00e+00h  1
1933  2.2302383e-03 7.99e-06 2.29e-03 -11.0 6.83e-04    -  1.00e+00 1.00e+00h  1
1934  2.2301431e-03 1.16e-05 3.69e-03 -11.0 4.34e-03    -  1.00e+00 1.25e-01h  4
1935  2.2337490e-03 6.36e-08 1.78e-02 -11.0 3.59e-03    -  1.00e+00 1.00e+00H  1
1936  2.2326307e-03 1.32e-07 1.05e-02 -11.0 2.33e-03    -  1.00e+00 1.00e+00H  1
1937  2.2316061e-03 4.02e-06 1.29e-02 -11.0 2.92e-03    -  1.00e+00 6.25e-02h  5
1938  2.2298661e-03 1.11e-04 3.28e-03 -11.0 1.18e-03    -  1.00e+00 1.00e+00h  1
1939  2.2300219e-03 8.97e-05 4.81e-03 -11.0 1.41e-03    -  1.00e+00 2.50e-01h  3
iter    objective    inf_pr   inf_du lg(mu)  ||d||  lg(rg) alpha_du alpha_pr  ls
1940  2.2297077e-03 1.86e-05 4.07e-03 -11.0 2.14e-04    -  1.00e+00 1.00e+00h  1
1941  2.2296824e-03 1.09e-06 1.01e-03 -11.0 7.72e-05    -  1.00e+00 1.00e+00h  1
1942  2.2296569e-03 2.69e-07 1.79e-03 -11.0 6.42e-05    -  1.00e+00 1.00e+00h  1
1943  2.2333366e-03 3.46e-09 9.67e-04 -11.0 2.24e-03    -  1.00e+00 1.00e+00H  1
1944  2.2298782e-03 8.88e-08 1.01e-02 -11.0 7.44e-04    -  1.00e+00 1.00e+00H  1
1945  2.2298845e-03 1.84e-07 6.48e-04 -11.0 6.18e-04    -  1.00e+00 1.00e+00H  1
1946  2.2292235e-03 3.76e-05 4.55e-03 -11.0 3.53e-04    -  1.00e+00 1.00e+00h  1
1947  2.2292807e-03 5.32e-06 4.97e-03 -11.0 4.08e-04    -  1.00e+00 1.00e+00h  1
1948  2.2296158e-03 7.07e-07 3.69e-02 -11.0 2.19e-03    -  1.00e+00 1.00e+00H  1
1949  2.2295582e-03 1.08e-06 3.92e-02 -11.0 1.91e-02    -  1.00e+00 1.56e-02h  7
iter    objective    inf_pr   inf_du lg(mu)  ||d||  lg(rg) alpha_du alpha_pr  ls
1950  2.2294914e-03 1.12e-06 3.81e-02 -11.0 1.09e-02    -  1.00e+00 1.56e-02h  7
1951  2.2294193e-03 1.11e-06 3.69e-02 -11.0 1.74e-02    -  1.00e+00 7.81e-03h  8
1952  2.2293844e-03 1.16e-06 3.66e-02 -11.0 6.32e-03    -  1.00e+00 7.81e-03h  8
1953  2.2323596e-03 5.04e-09 1.62e-03 -11.0 3.65e-03    -  1.00e+00 1.00e+00H  1
1954  2.2320273e-03 1.58e-06 3.09e-03 -11.0 1.45e-02    -  1.00e+00 3.12e-02h  6
1955  2.2317422e-03 2.88e-06 6.41e-03 -11.0 1.01e-01    -  1.00e+00 3.91e-03h  9
1956  2.2316794e-03 2.90e-06 5.51e-03 -11.0 3.95e-02    -  1.00e+00 1.95e-03h 10
1957  2.2315866e-03 3.03e-06 5.68e-03 -11.0 9.84e-03    -  1.00e+00 7.81e-03h  8
1958  2.2314549e-03 3.36e-06 7.09e-03 -11.0 1.37e-02    -  1.00e+00 7.81e-03h  8
1959  2.2302660e-03 1.91e-04 3.70e-02 -11.0 1.76e-02    -  1.00e+00 1.25e-01h  4
iter    objective    inf_pr   inf_du lg(mu)  ||d||  lg(rg) alpha_du alpha_pr  ls
1960  2.2667175e-03 3.04e-06 1.29e-01 -11.0 5.08e-03    -  1.00e+00 1.00e+00H  1
1961  2.2295441e-03 9.62e-04 1.04e-01 -11.0 1.67e-03    -  1.00e+00 1.00e+00h  1
1962  2.2287509e-03 1.18e-04 3.72e-02 -11.0 2.04e-03    -  1.00e+00 1.00e+00h  1
1963  2.2600141e-03 7.42e-07 1.36e-01 -11.0 4.88e-03    -  1.00e+00 1.00e+00H  1
1964  2.2293383e-03 2.82e-05 2.43e-02 -11.0 3.73e-03    -  1.00e+00 1.00e+00H  1
1965  2.2416490e-03 1.13e-06 3.76e-02 -11.0 1.70e-03    -  1.00e+00 1.00e+00H  1
1966  2.2284320e-03 2.94e-04 1.15e-02 -11.0 1.43e-03    -  1.00e+00 1.00e+00h  1
1967  2.2286037e-03 8.37e-06 1.33e-02 -11.0 3.80e-04    -  1.00e+00 1.00e+00h  1
1968  2.2283824e-03 2.47e-06 1.07e-03 -11.0 1.35e-04    -  1.00e+00 1.00e+00h  1
1969  2.2283731e-03 3.33e-07 2.03e-03 -11.0 4.08e-05    -  1.00e+00 1.00e+00h  1
iter    objective    inf_pr   inf_du lg(mu)  ||d||  lg(rg) alpha_du alpha_pr  ls
1970  2.2283639e-03 5.40e-08 1.24e-03 -11.0 4.29e-05    -  1.00e+00 1.00e+00h  1
1971  2.2283129e-03 1.10e-05 4.40e-03 -11.0 7.60e-04    -  1.00e+00 1.00e+00h  1
1972  2.2433008e-03 4.91e-08 3.70e-02 -11.0 9.96e-03    -  1.00e+00 1.00e+00H  1
1973  2.2320172e-03 4.48e-08 3.44e-02 -11.0 6.10e-03    -  1.00e+00 1.00e+00H  1
1974  2.2319379e-03 4.38e-08 3.41e-02 -11.0 2.96e-02    -  1.00e+00 9.77e-04h 11
1975  2.2390877e-03 4.80e-08 1.57e-03 -11.0 3.00e-03    -  1.00e+00 1.00e+00H  1
1976  2.2300528e-03 5.32e-08 2.35e-02 -11.0 3.05e-03    -  1.00e+00 1.00e+00H  1
1977  2.2299706e-03 5.78e-08 2.32e-02 -11.0 1.85e-03    -  1.00e+00 7.81e-03h  8
1978  2.2279241e-03 7.65e-05 3.88e-03 -11.0 4.40e-04    -  1.00e+00 1.00e+00h  1
1979  2.2278239e-03 1.78e-06 1.10e-03 -11.0 1.62e-04    -  1.00e+00 1.00e+00h  1
iter    objective    inf_pr   inf_du lg(mu)  ||d||  lg(rg) alpha_du alpha_pr  ls
1980  2.2277980e-03 5.03e-07 1.36e-03 -11.0 4.52e-05    -  1.00e+00 1.00e+00h  1
1981  2.2277830e-03 4.19e-08 4.54e-04 -11.0 3.71e-05    -  1.00e+00 1.00e+00h  1
1982  2.2277585e-03 9.04e-06 4.25e-03 -11.0 3.80e-04    -  1.00e+00 1.00e+00h  1
1983  2.2284806e-03 1.42e-08 5.96e-04 -11.0 8.81e-04    -  1.00e+00 1.00e+00H  1
1984  2.2279802e-03 6.57e-08 7.09e-03 -11.0 5.21e-04    -  1.00e+00 1.00e+00H  1
1985  2.2284527e-03 2.26e-08 3.33e-04 -11.0 6.30e-04    -  1.00e+00 1.00e+00H  1
1986  2.2276972e-03 1.60e-05 9.37e-04 -11.0 4.44e-04    -  1.00e+00 1.00e+00h  1
1987  2.2277039e-03 1.05e-05 3.27e-03 -11.0 4.92e-04    -  1.00e+00 5.00e-01h  2
1988  2.2276434e-03 1.60e-06 2.51e-03 -11.0 1.00e-04    -  1.00e+00 1.00e+00h  1
1989  2.2276369e-03 2.20e-07 7.30e-04 -11.0 6.64e-05    -  1.00e+00 1.00e+00h  1
iter    objective    inf_pr   inf_du lg(mu)  ||d||  lg(rg) alpha_du alpha_pr  ls
1990  2.2276275e-03 4.88e-07 3.52e-04 -11.0 3.58e-05    -  1.00e+00 1.00e+00h  1
1991  2.2276206e-03 1.60e-07 4.78e-04 -11.0 6.83e-05    -  1.00e+00 1.00e+00h  1
1992  2.2276001e-03 1.88e-06 4.64e-03 -11.0 3.00e-04    -  1.00e+00 1.00e+00h  1
1993  2.2285413e-03 4.96e-09 4.60e-04 -11.0 4.91e-03    -  1.00e+00 1.00e+00H  1
1994  2.2285396e-03 5.51e-09 4.60e-04 -11.0 3.62e-02    -  1.00e+00 2.44e-04h 13
1995  2.2285390e-03 5.52e-09 4.60e-04 -11.0 3.04e-02    -  1.00e+00 6.10e-05h 15
1996  2.2285380e-03 5.57e-09 4.61e-04 -11.0 8.46e-03    -  1.00e+00 1.22e-04h 14
1997  2.2274898e-03 4.20e-04 2.69e-02 -11.0 1.87e-02    -  1.00e+00 2.50e-01h  3
1998  2.2272844e-03 4.17e-04 2.27e-02 -11.0 2.59e-02    -  1.00e+00 1.56e-02h  7
1999  2.2270510e-03 3.63e-05 2.53e-03 -11.0 5.79e-04    -  1.00e+00 1.00e+00h  1
iter    objective    inf_pr   inf_du lg(mu)  ||d||  lg(rg) alpha_du alpha_pr  ls
2000  2.2271091e-03 5.05e-07 1.16e-02 -11.0 1.16e-03    -  1.00e+00 1.00e+00H  1
2001  2.2283710e-03 1.42e-08 5.13e-04 -11.0 5.66e-03    -  1.00e+00 1.00e+00H  1
2002  2.2283412e-03 2.58e-07 8.72e-04 -11.0 6.68e-02    -  1.00e+00 1.95e-03h 10
2003  2.2283153e-03 3.40e-07 1.44e-03 -11.0 7.91e-02    -  1.00e+00 9.77e-04h 11
2004  2.2282249e-03 4.61e-07 2.44e-03 -11.0 1.30e-02    -  1.00e+00 7.81e-03h  8
2005  2.2268462e-03 6.85e-05 4.64e-03 -11.0 6.63e-03    -  1.00e+00 2.50e-01h  3
2006  2.2261895e-03 8.81e-05 8.73e-03 -11.0 1.93e-02    -  1.00e+00 6.25e-02h  5
2007  2.2258610e-03 2.19e-04 1.61e-02 -11.0 2.80e-02    -  1.00e+00 1.25e-01h  4
2008  2.2256822e-03 4.10e-04 3.01e-02 -11.0 1.19e-01    -  1.00e+00 3.12e-02h  6
2009  2.2255268e-03 6.21e-04 4.21e-02 -11.0 4.90e-01    -  1.00e+00 7.81e-03h  8
iter    objective    inf_pr   inf_du lg(mu)  ||d||  lg(rg) alpha_du alpha_pr  ls
2010  2.2254319e-03 7.97e-04 5.24e-02 -11.0 4.46e-01    -  1.00e+00 7.81e-03h  8
2011  2.2253239e-03 9.68e-04 6.19e-02 -11.0 1.20e-01    -  1.00e+00 3.12e-02h  6
2012  3.5448741e-03 2.11e+00 1.67e+00 -11.0 4.13e-01    -  1.00e+00 1.00e+00w  1
2013  2.4318352e+01 1.13e+01 3.37e+00 -11.0 4.57e+00    -  1.00e+00 1.00e+00w  1
2014  7.8701962e+00 1.91e+01 1.06e+01 -11.0 2.35e+00    -  1.00e+00 1.00e+00w  1
2015  2.2250186e-03 1.52e-03 7.60e-02 -11.0 1.18e+00    -  1.00e+00 1.56e-02h  6
2016  2.2248783e-03 1.34e-03 6.68e-02 -11.0 7.38e-03    -  1.00e+00 1.25e-01h  4
2017  2.2256131e-03 6.79e-04 2.12e-02 -11.0 7.04e-03    -  1.00e+00 1.00e+00h  1
2018  2.2253317e-03 9.41e-04 3.05e-02 -11.0 2.93e-01    -  1.00e+00 1.56e-02h  7
2019  2.2252455e-03 9.99e-04 3.71e-02 -11.0 3.03e-01    -  1.00e+00 7.81e-03h  8
iter    objective    inf_pr   inf_du lg(mu)  ||d||  lg(rg) alpha_du alpha_pr  ls
2020  2.2251756e-03 1.37e-03 5.59e-02 -11.0 9.76e-02    -  1.00e+00 6.25e-02h  5
2021  2.2250608e-03 1.37e-03 6.03e-02 -11.0 2.31e-01    -  1.00e+00 3.91e-03h  9
2022  2.2247443e-03 1.40e-03 5.95e-02 -11.0 1.66e-01    -  1.00e+00 1.56e-02h  7
2023  2.2242870e-03 2.18e-03 7.08e-02 -11.0 3.03e-01    -  1.00e+00 3.12e-02h  6
2024  2.2240696e-03 2.39e-03 6.37e-02 -11.0 1.09e+00    -  1.00e+00 3.91e-03h  9
2025  2.2238788e-03 2.09e-03 5.26e-02 -11.0 8.28e-03    -  1.00e+00 1.25e-01h  4
2026  2.2238933e-03 1.59e-03 3.75e-02 -11.0 7.44e-03    -  1.00e+00 2.50e-01h  3
2027  2.2252200e-03 1.20e-03 3.04e-02 -11.0 3.74e-03    -  1.00e+00 2.50e-01h  3
2028  2.2229685e-03 8.26e-05 3.62e-03 -11.0 1.35e-03    -  1.00e+00 1.00e+00h  1
2029  2.2227023e-03 6.98e-05 2.05e-03 -11.0 9.29e-03    -  1.00e+00 1.25e-01h  4
iter    objective    inf_pr   inf_du lg(mu)  ||d||  lg(rg) alpha_du alpha_pr  ls
2030  2.2243020e-03 3.59e-07 6.40e-03 -11.0 3.62e-03    -  1.00e+00 1.00e+00H  1
2031  2.2229731e-03 4.49e-05 1.12e-02 -11.0 1.58e-02    -  1.00e+00 2.50e-01h  3
2032  2.2222654e-03 9.84e-05 1.93e-02 -11.0 1.82e-01    -  1.00e+00 1.56e-02h  7
2033  2.2219538e-03 1.12e-04 2.33e-02 -11.0 3.65e-02    -  1.00e+00 3.12e-02h  6
2034  2.2218211e-03 1.13e-04 2.12e-02 -11.0 6.67e-03    -  1.00e+00 2.50e-01h  3
2035  2.2216561e-03 1.27e-04 1.46e-02 -11.0 1.24e-02    -  1.00e+00 2.50e-01h  3
2036  2.2213840e-03 1.39e-04 1.17e-02 -11.0 2.96e-02    -  1.00e+00 6.25e-02h  5
2037  2.2244759e-03 2.80e-07 3.04e-02 -11.0 1.42e-02    -  1.00e+00 1.00e+00H  1
2038  2.2240155e-03 2.96e-05 3.54e-02 -11.0 2.65e-01    -  1.00e+00 7.81e-03h  8
2039  2.2238175e-03 3.17e-05 3.47e-02 -11.0 1.57e-01    -  1.00e+00 3.91e-03h  9
iter    objective    inf_pr   inf_du lg(mu)  ||d||  lg(rg) alpha_du alpha_pr  ls
2040  2.2235247e-03 3.17e-05 3.15e-02 -11.0 5.13e-02    -  1.00e+00 7.81e-03h  8
2041  2.2229440e-03 4.22e-05 2.94e-02 -11.0 9.62e-02    -  1.00e+00 1.56e-02h  7
2042  2.2223004e-03 1.58e-03 3.54e-02 -11.0 5.68e-01    -  1.00e+00 3.12e-02h  6
2043  2.2216400e-03 2.26e-03 4.61e-02 -11.0 1.50e+00    -  1.00e+00 7.81e-03h  8
2044  2.2207110e-03 2.27e-03 3.38e-02 -11.0 2.79e-01    -  1.00e+00 7.81e-03h  8
2045  2.2211770e-03 2.01e-03 2.75e-02 -11.0 9.23e-03    -  1.00e+00 1.25e-01h  4
2046  2.2190418e-03 7.39e-04 3.33e-02 -11.0 3.13e-03    -  1.00e+00 1.00e+00h  1
2047  2.2537511e-03 6.82e-06 1.50e-02 -11.0 7.79e-03    -  1.00e+00 1.00e+00H  1
2048  2.2265707e-03 2.25e-05 3.74e-02 -11.0 1.28e-02    -  1.00e+00 1.00e+00H  1
2049  2.2199746e-03 2.02e-04 2.23e-02 -11.0 1.91e-02    -  1.00e+00 6.25e-02h  5
iter    objective    inf_pr   inf_du lg(mu)  ||d||  lg(rg) alpha_du alpha_pr  ls
2050  2.2168919e-03 7.11e-05 4.90e-03 -11.0 3.22e-03    -  1.00e+00 1.00e+00h  1
2051  2.2720672e-03 4.18e-06 8.60e-02 -11.0 7.98e-03    -  1.00e+00 1.00e+00H  1
2052  2.2159183e-03 1.00e-03 9.96e-03 -11.0 7.98e-03    -  1.00e+00 1.00e+00h  1
2053  2.2160211e-03 7.56e-04 5.61e-03 -11.0 2.15e-03    -  1.00e+00 2.50e-01h  3
2054  2.2164586e-03 1.33e-05 7.36e-03 -11.0 2.11e-04    -  1.00e+00 1.00e+00h  1
2055  2.2163797e-03 1.60e-06 7.91e-04 -11.0 8.69e-05    -  1.00e+00 1.00e+00h  1
2056  2.2163386e-03 5.80e-07 1.46e-03 -11.0 9.39e-05    -  1.00e+00 1.00e+00h  1
2057  2.2164150e-03 3.15e-08 5.57e-04 -11.0 1.32e-03    -  1.00e+00 1.00e+00H  1
2058  2.2292471e-03 5.83e-09 1.49e-03 -11.0 8.26e-03    -  1.00e+00 1.00e+00H  1
2059  2.2292288e-03 6.31e-09 1.49e-03 -11.0 1.36e-02    -  1.00e+00 4.88e-04h 12
iter    objective    inf_pr   inf_du lg(mu)  ||d||  lg(rg) alpha_du alpha_pr  ls
2060  2.2291026e-03 1.61e-08 1.49e-03 -11.0 5.26e-03    -  1.00e+00 1.95e-03h 10
2061  2.2159876e-03 7.63e-06 3.63e-03 -11.0 2.93e-03    -  1.00e+00 1.00e+00H  1
2062  2.2152951e-03 3.08e-05 1.25e-02 -11.0 2.71e-03    -  1.00e+00 2.50e-01h  3
2063  2.2154884e-03 8.82e-07 3.40e-02 -11.0 9.08e-04    -  1.00e+00 1.00e+00H  1
2064  2.2151683e-03 6.22e-05 2.92e-03 -11.0 3.51e-04    -  1.00e+00 1.00e+00h  1
2065  2.2144868e-03 5.95e-06 3.89e-03 -11.0 3.23e-04    -  1.00e+00 1.00e+00h  1
2066  2.2144551e-03 2.57e-07 7.18e-04 -11.0 8.96e-05    -  1.00e+00 1.00e+00h  1
2067  2.2143783e-03 1.75e-06 1.46e-03 -11.0 1.98e-04    -  1.00e+00 1.00e+00h  1
2068  2.2158640e-03 1.07e-08 7.15e-04 -11.0 3.16e-03    -  1.00e+00 1.00e+00H  1
2069  2.2158104e-03 2.25e-07 6.56e-04 -11.0 1.01e-02    -  1.00e+00 7.81e-03h  8
iter    objective    inf_pr   inf_du lg(mu)  ||d||  lg(rg) alpha_du alpha_pr  ls
2070  2.2157158e-03 2.24e-07 6.68e-04 -11.0 1.48e-03    -  1.00e+00 1.56e-02h  7
2071  2.2152977e-03 2.56e-08 1.05e-03 -11.0 1.54e-03    -  1.00e+00 1.00e+00H  1
2072  2.2151874e-03 2.30e-07 1.66e-03 -11.0 1.58e-03    -  1.00e+00 1.56e-02h  7
2073  2.2140296e-03 2.33e-05 4.60e-03 -11.0 6.50e-04    -  1.00e+00 1.00e+00h  1
2074  2.2155197e-03 1.71e-09 8.77e-04 -11.0 7.81e-04    -  1.00e+00 1.00e+00H  1
2075  2.2139549e-03 2.66e-05 2.58e-03 -11.0 5.99e-04    -  1.00e+00 1.00e+00h  1
2076  2.2145447e-03 1.17e-05 1.24e-02 -11.0 3.07e-04    -  1.00e+00 1.00e+00h  1
2077  2.2138694e-03 6.71e-06 1.89e-04 -11.0 2.59e-04    -  1.00e+00 1.00e+00h  1
2078  2.2138682e-03 7.50e-08 2.52e-04 -11.0 2.76e-05    -  1.00e+00 1.00e+00h  1
2079  2.2138532e-03 2.83e-07 4.83e-04 -11.0 7.50e-05    -  1.00e+00 1.00e+00h  1
iter    objective    inf_pr   inf_du lg(mu)  ||d||  lg(rg) alpha_du alpha_pr  ls
2080  2.2138265e-03 5.25e-06 6.39e-04 -11.0 6.72e-03    -  1.00e+00 6.25e-02h  5
2081  2.2148394e-03 1.35e-08 3.05e-04 -11.0 3.45e-03    -  1.00e+00 1.00e+00H  1
2082  2.2148291e-03 2.25e-08 3.05e-04 -11.0 1.21e-02    -  1.00e+00 1.95e-03h 10
2083  2.2148154e-03 2.38e-08 5.46e-04 -11.0 7.24e-03    -  1.00e+00 1.95e-03h 10
2084  2.2147863e-03 2.68e-08 1.34e-03 -11.0 4.19e-03    -  1.00e+00 3.91e-03h  9
2085  2.2162672e-03 1.08e-09 1.26e-03 -11.0 1.08e-03    -  1.00e+00 1.00e+00H  1
2086  2.2137395e-03 5.10e-05 5.77e-03 -11.0 9.44e-04    -  1.00e+00 1.00e+00h  1
2087  2.2134356e-03 2.03e-05 1.83e-03 -11.0 2.60e-04    -  1.00e+00 1.00e+00h  1
2088  2.2134214e-03 1.79e-06 1.78e-03 -11.0 9.69e-05    -  1.00e+00 1.00e+00h  1
2089  2.2134032e-03 3.33e-07 2.25e-04 -11.0 4.16e-05    -  1.00e+00 1.00e+00h  1
iter    objective    inf_pr   inf_du lg(mu)  ||d||  lg(rg) alpha_du alpha_pr  ls
2090  2.2133792e-03 4.28e-07 1.49e-03 -11.0 1.08e-04    -  1.00e+00 1.00e+00h  1
2091  2.2134670e-03 1.57e-08 4.91e-04 -11.0 7.75e-04    -  1.00e+00 1.00e+00H  1
2092  2.2162654e-03 2.45e-10 7.08e-04 -11.0 8.41e-04    -  1.00e+00 1.00e+00H  1
2093  2.2132180e-03 5.27e-05 3.61e-03 -11.0 1.07e-03    -  1.00e+00 1.00e+00h  1
2094  2.2133529e-03 3.96e-06 1.75e-03 -11.0 1.29e-04    -  1.00e+00 1.00e+00h  1
2095  2.2132547e-03 1.30e-06 3.87e-04 -11.0 8.65e-05    -  1.00e+00 1.00e+00h  1
2096  2.2132519e-03 4.04e-08 3.00e-04 -11.0 4.21e-05    -  1.00e+00 1.00e+00h  1
2097  2.2132916e-03 2.65e-08 1.60e-04 -11.0 7.19e-04    -  1.00e+00 1.00e+00H  1
2098  2.2132856e-03 2.48e-08 1.55e-04 -11.0 4.68e-03    -  1.00e+00 7.81e-03h  8
2099  2.2153658e-03 4.82e-09 1.47e-03 -11.0 2.04e-03    -  1.00e+00 1.00e+00H  1
iter    objective    inf_pr   inf_du lg(mu)  ||d||  lg(rg) alpha_du alpha_pr  ls
2100  2.2136199e-03 3.63e-09 4.40e-04 -11.0 8.42e-04    -  1.00e+00 1.00e+00H  1
2101  2.2131268e-03 3.63e-05 1.13e-02 -11.0 2.77e-04    -  1.00e+00 1.00e+00h  1
2102  2.2130414e-03 2.03e-06 3.80e-04 -11.0 3.26e-04    -  1.00e+00 1.00e+00h  1
2103  2.2131411e-03 5.07e-08 7.51e-03 -11.0 5.02e-04    -  1.00e+00 1.00e+00H  1
2104  2.2129790e-03 2.49e-06 4.54e-03 -11.0 3.93e-04    -  1.00e+00 1.00e+00h  1
2105  2.2138079e-03 1.26e-09 4.06e-04 -11.0 6.88e-04    -  1.00e+00 1.00e+00H  1
2106  2.2128212e-03 1.83e-05 4.88e-03 -11.0 2.59e-04    -  1.00e+00 1.00e+00h  1
2107  2.2127841e-03 1.33e-06 6.03e-04 -11.0 3.94e-04    -  1.00e+00 1.00e+00h  1
2108  2.2136377e-03 6.68e-10 4.80e-04 -11.0 9.65e-03    -  1.00e+00 1.00e+00H  1
2109  2.2136370e-03 5.60e-10 4.80e-04 -11.0 7.60e-01    -  1.00e+00 7.63e-06h 18
iter    objective    inf_pr   inf_du lg(mu)  ||d||  lg(rg) alpha_du alpha_pr  ls
2110  2.2136363e-03 4.32e-10 4.80e-04 -11.0 8.38e-01    -  1.00e+00 7.63e-06h 18
2111  2.2136361e-03 4.37e-10 4.80e-04 -11.0 1.38e-01    -  1.00e+00 7.63e-06h 18
2112  2.2136360e-03 4.38e-10 4.80e-04 -11.0 1.01e+00    -  1.00e+00 4.77e-07h 22
2113  2.2129212e-03 9.75e-04 3.92e-02 -11.0 3.45e+00    -  1.00e+00 3.91e-03h  9
2114  2.2122552e-03 1.65e-03 5.90e-02 -11.0 6.01e+00    -  1.00e+00 1.95e-03h 10
2115  2.2117827e-03 1.85e-03 1.97e-02 -11.0 3.01e+00    -  1.00e+00 1.95e-03h 10
2116  2.2115514e-03 1.88e-03 3.21e-02 -11.0 2.70e-01    -  1.00e+00 7.81e-03h  8
2117  2.2112103e-03 2.10e-03 4.85e-02 -11.0 2.21e-01    -  1.00e+00 3.12e-02h  6
2118  2.2107691e-03 2.45e-03 7.78e-02 -11.0 4.47e+00    -  1.00e+00 1.95e-03h 10
2119  2.0568414e-01 2.83e+01 6.86e+00 -11.0 4.47e+00    -  1.00e+00 1.00e+00w  1
iter    objective    inf_pr   inf_du lg(mu)  ||d||  lg(rg) alpha_du alpha_pr  ls
2120  8.3854384e+00 1.86e+01 6.27e+00 -11.0 5.87e+00    -  1.00e+00 1.00e+00w  1
2121  9.9390998e+00 1.13e+01 9.57e+00 -11.0 3.22e+00    -  1.00e+00 1.00e+00w  1
2122  2.2104139e-03 2.79e-03 1.04e-01 -11.0 2.30e+00    -  1.00e+00 1.95e-03h  9
2123  2.2108752e-03 2.45e-03 8.39e-02 -11.0 1.03e-02    -  1.00e+00 1.25e-01h  4
2124  2.2118006e-03 1.31e-03 5.93e-02 -11.0 9.31e-03    -  1.00e+00 5.00e-01h  2
2125  2.2113055e-03 1.29e-03 3.58e-02 -11.0 5.40e-02    -  1.00e+00 6.25e-02h  5
2126  2.2108813e-03 1.28e-03 1.78e-02 -11.0 6.87e-02    -  1.00e+00 3.12e-02h  6
2127  2.2124158e-03 9.65e-04 1.72e-02 -11.0 4.22e-03    -  1.00e+00 2.50e-01h  3
2128  2.2099259e-03 8.96e-05 6.45e-03 -11.0 7.79e-04    -  1.00e+00 1.00e+00h  1
2129  2.2105316e-03 1.33e-04 1.29e-02 -11.0 7.48e-04    -  1.00e+00 1.00e+00h  1
iter    objective    inf_pr   inf_du lg(mu)  ||d||  lg(rg) alpha_du alpha_pr  ls
2130  2.2095800e-03 6.15e-05 1.01e-03 -11.0 4.75e-04    -  1.00e+00 1.00e+00h  1
2131  2.2096301e-03 6.25e-07 6.16e-04 -11.0 1.57e-04    -  1.00e+00 1.00e+00h  1
2132  2.2100043e-03 2.95e-07 4.21e-03 -11.0 2.29e-03    -  1.00e+00 1.00e+00H  1
2133  2.2099738e-03 5.10e-07 4.49e-03 -11.0 1.60e-02    -  1.00e+00 7.81e-03h  8
2134  2.2099479e-03 5.83e-07 4.40e-03 -11.0 7.57e-03    -  1.00e+00 7.81e-03h  8
2135  2.2098902e-03 6.93e-07 4.00e-03 -11.0 4.61e-03    -  1.00e+00 1.56e-02h  7
2136  2.2098674e-03 6.99e-07 4.12e-03 -11.0 2.14e-03    -  1.00e+00 7.81e-03h  8
2137  2.2098499e-03 7.71e-07 2.97e-02 -11.0 1.10e-03    -  1.00e+00 1.00e+00H  1
2138  2.2166450e-03 1.44e-07 7.42e-03 -11.0 2.53e-03    -  1.00e+00 1.00e+00H  1
2139  2.2095786e-03 2.99e-04 1.24e-02 -11.0 2.78e-03    -  1.00e+00 1.00e+00h  1
iter    objective    inf_pr   inf_du lg(mu)  ||d||  lg(rg) alpha_du alpha_pr  ls
2140  2.2601309e-03 3.45e-07 2.90e-02 -11.0 2.36e-03    -  1.00e+00 1.00e+00H  1
2141  2.2089341e-03 1.08e-03 7.73e-03 -11.0 2.35e-03    -  1.00e+00 1.00e+00h  1
2142  2.2090795e-03 2.84e-06 2.28e-03 -11.0 1.45e-04    -  1.00e+00 1.00e+00h  1
2143  2.2090283e-03 2.49e-06 3.29e-03 -11.0 1.88e-04    -  1.00e+00 1.00e+00h  1
2144  2.2091547e-03 1.53e-07 1.49e-02 -11.0 7.09e-04    -  1.00e+00 1.00e+00H  1
2145  2.2093496e-03 1.82e-08 3.36e-04 -11.0 4.85e-04    -  1.00e+00 1.00e+00H  1
2146  2.2089813e-03 3.01e-05 1.25e-02 -11.0 3.14e-04    -  1.00e+00 1.00e+00h  1
2147  2.2087741e-03 7.08e-06 8.29e-04 -11.0 2.98e-04    -  1.00e+00 1.00e+00h  1
2148  2.2088792e-03 1.14e-07 1.54e-02 -11.0 4.01e-04    -  1.00e+00 1.00e+00H  1
2149  2.2086907e-03 3.49e-05 1.31e-02 -11.0 7.62e-04    -  1.00e+00 1.00e+00h  1
iter    objective    inf_pr   inf_du lg(mu)  ||d||  lg(rg) alpha_du alpha_pr  ls
2150  2.2086069e-03 3.58e-05 7.86e-03 -11.0 3.82e-03    -  1.00e+00 6.25e-02h  5
2151  2.2085916e-03 2.06e-05 6.01e-03 -11.0 5.97e-04    -  1.00e+00 5.00e-01h  2
2152  2.2087564e-03 1.42e-05 1.67e-02 -11.0 6.00e-04    -  1.00e+00 1.00e+00h  1
2153  2.2085329e-03 2.26e-05 4.30e-03 -11.0 6.20e-04    -  1.00e+00 1.00e+00h  1
2154  2.2108984e-03 2.03e-09 1.01e-03 -11.0 1.15e-03    -  1.00e+00 1.00e+00H  1
2155  2.2082632e-03 1.11e-04 3.18e-02 -11.0 5.36e-04    -  1.00e+00 1.00e+00h  1
2156  2.2082225e-03 8.53e-06 6.77e-03 -11.0 4.63e-04    -  1.00e+00 1.00e+00h  1
2157  2.2085549e-03 6.61e-07 1.27e-02 -11.0 9.22e-04    -  1.00e+00 1.00e+00H  1
2158  2.2106305e-03 3.83e-10 1.02e-03 -11.0 2.17e-03    -  1.00e+00 1.00e+00H  1
2159  2.2106158e-03 3.00e-09 1.02e-03 -11.0 2.97e-03    -  1.00e+00 1.95e-03h 10
iter    objective    inf_pr   inf_du lg(mu)  ||d||  lg(rg) alpha_du alpha_pr  ls
2160  2.2153163e-03 2.01e-10 9.07e-04 -11.0 1.61e-03    -  1.00e+00 1.00e+00H  1
2161  2.2084127e-03 1.91e-06 1.07e-02 -11.0 1.24e-03    -  1.00e+00 1.00e+00H  1
2162  2.2084418e-03 6.37e-07 1.28e-03 -11.0 4.29e-04    -  1.00e+00 1.00e+00H  1
2163  2.2079722e-03 4.98e-06 1.31e-03 -11.0 2.34e-04    -  1.00e+00 1.00e+00h  1
2164  2.2079684e-03 1.73e-07 1.52e-03 -11.0 3.79e-05    -  1.00e+00 1.00e+00h  1
2165  2.2079562e-03 3.58e-07 1.30e-03 -11.0 4.76e-05    -  1.00e+00 1.00e+00h  1
2166  2.2080124e-03 1.13e-07 1.97e-03 -11.0 3.57e-04    -  1.00e+00 1.00e+00H  1
2167  2.2080909e-03 1.01e-08 4.09e-04 -11.0 3.08e-04    -  1.00e+00 1.00e+00H  1
2168  2.2080034e-03 8.93e-08 6.56e-03 -11.0 2.50e-04    -  1.00e+00 1.00e+00H  1
2169  2.2079121e-03 2.74e-06 1.91e-03 -11.0 1.53e-04    -  1.00e+00 1.00e+00h  1
iter    objective    inf_pr   inf_du lg(mu)  ||d||  lg(rg) alpha_du alpha_pr  ls
2170  2.2078933e-03 4.92e-07 1.50e-04 -11.0 8.24e-05    -  1.00e+00 1.00e+00h  1
2171  2.2079031e-03 3.18e-09 1.10e-04 -11.0 1.21e-04    -  1.00e+00 1.00e+00H  1
2172  2.2078758e-03 1.25e-06 1.92e-03 -11.0 1.07e-04    -  1.00e+00 1.00e+00h  1
2173  2.2079871e-03 1.54e-10 1.79e-04 -11.0 2.56e-04    -  1.00e+00 1.00e+00H  1
2174  2.2078473e-03 2.32e-06 4.43e-03 -11.0 1.42e-04    -  1.00e+00 1.00e+00h  1
2175  2.2078256e-03 1.09e-06 3.07e-03 -11.0 1.29e-04    -  1.00e+00 1.00e+00h  1
2176  2.2078070e-03 1.29e-06 1.83e-03 -11.0 3.26e-04    -  1.00e+00 1.00e+00h  1
2177  2.2077850e-03 1.69e-05 1.56e-02 -11.0 9.17e-03    -  1.00e+00 1.25e-01h  4
2178  2.2077674e-03 1.81e-05 1.97e-02 -11.0 1.50e-02    -  1.00e+00 3.12e-02h  6
2179  2.2077572e-03 1.64e-05 1.47e-02 -11.0 3.47e-03    -  1.00e+00 1.25e-01h  4
iter    objective    inf_pr   inf_du lg(mu)  ||d||  lg(rg) alpha_du alpha_pr  ls
2180  2.2085174e-03 1.06e-10 6.42e-04 -11.0 2.61e-03    -  1.00e+00 1.00e+00H  1
2181  2.2085161e-03 1.30e-10 6.42e-04 -11.0 1.23e-02    -  1.00e+00 2.44e-04h 13
2182  2.2085157e-03 1.36e-10 6.41e-04 -11.0 1.52e-02    -  1.00e+00 6.10e-05h 15
2183  2.2085145e-03 1.35e-10 6.41e-04 -11.0 1.42e-02    -  1.00e+00 1.22e-04h 14
2184  2.2081858e-03 2.99e-05 2.73e-02 -11.0 2.08e-02    -  1.00e+00 1.25e-01h  4
2185  2.2079555e-03 3.08e-05 3.60e-02 -11.0 3.51e-02    -  1.00e+00 3.12e-02h  6
2186  2.2076767e-03 3.00e-05 3.08e-02 -11.0 1.48e-02    -  1.00e+00 6.25e-02h  5
2187  2.2075208e-03 4.31e-05 3.69e-02 -11.0 1.61e-02    -  1.00e+00 1.25e-01h  4
2188  2.2074260e-03 4.77e-05 4.37e-02 -11.0 7.77e-02    -  1.00e+00 1.56e-02h  7
2189  2.2073934e-03 4.81e-05 3.90e-02 -11.0 1.12e-02    -  1.00e+00 3.12e-02h  6
iter    objective    inf_pr   inf_du lg(mu)  ||d||  lg(rg) alpha_du alpha_pr  ls
2190  2.2075018e-03 6.02e-05 3.38e-02 -11.0 3.92e-03    -  1.00e+00 2.50e-01h  3
2191  2.2139327e-03 2.77e-04 9.02e-02 -11.0 6.98e-03    -  1.00e+00 1.00e+00w  1
2192  2.2202127e-03 1.15e-03 1.47e-01 -11.0 4.46e-03    -  1.00e+00 1.00e+00w  1
2193  2.2744566e-03 4.34e-03 1.82e-01 -11.0 2.52e-02    -  1.00e+00 1.00e+00w  1
2194  2.2074402e-03 5.67e-05 1.88e-02 -11.0 9.50e-02    -  1.00e+00 1.25e-01h  3
2195  2.2073121e-03 5.16e-05 2.80e-03 -11.0 4.39e-03    -  1.00e+00 2.50e-01h  3
2196  2.2072718e-03 4.92e-05 2.08e-03 -11.0 1.13e-02    -  1.00e+00 6.25e-02h  5
2197  2.2072095e-03 4.68e-05 7.90e-04 -11.0 1.95e-03    -  1.00e+00 6.25e-02h  5
2198  2.2071510e-03 1.44e-06 3.25e-03 -11.0 6.84e-04    -  1.00e+00 1.00e+00h  1
2199  2.2071329e-03 1.30e-06 5.44e-03 -11.0 4.36e-03    -  1.00e+00 6.25e-02h  5
iter    objective    inf_pr   inf_du lg(mu)  ||d||  lg(rg) alpha_du alpha_pr  ls
2200  2.2071624e-03 3.12e-08 1.38e-02 -11.0 2.35e-03    -  1.00e+00 1.00e+00H  1
2201  2.2070951e-03 4.11e-05 1.11e-02 -11.0 5.49e-02    -  1.00e+00 3.12e-02h  6
2202  2.2070009e-03 7.67e-05 6.70e-03 -11.0 3.95e-02    -  1.00e+00 3.12e-02h  6
2203  2.2069513e-03 1.52e-04 8.94e-03 -11.0 7.43e-02    -  1.00e+00 3.12e-02h  6
2204  2.2069171e-03 1.95e-04 8.04e-03 -11.0 4.82e-02    -  1.00e+00 3.12e-02h  6
2205  2.2068500e-03 3.32e-04 1.36e-02 -11.0 4.58e-02    -  1.00e+00 6.25e-02h  5
2206  2.2065174e-03 9.92e-04 1.07e-02 -11.0 2.11e-01    -  1.00e+00 3.12e-02h  6
2207  2.2063456e-03 3.27e-03 1.33e-02 -11.0 7.32e-01    -  1.00e+00 1.56e-02h  7
2208  2.2062869e-03 4.23e-03 4.60e-02 -11.0 9.35e-01    -  1.00e+00 7.81e-03h  8
2209  2.2062385e-03 4.47e-03 8.44e-02 -11.0 2.76e-01    -  1.00e+00 1.56e-02h  7
iter    objective    inf_pr   inf_du lg(mu)  ||d||  lg(rg) alpha_du alpha_pr  ls
2210  2.2060062e-03 4.41e-03 9.63e-02 -11.0 8.03e-02    -  1.00e+00 1.56e-02h  7
2211  2.2839173e-03 4.15e-03 4.06e-02 -11.0 1.49e-02    -  1.00e+00 1.00e+00w  1
2212  2.2165675e-03 3.72e-03 6.33e-02 -11.0 2.13e-02    -  1.00e+00 1.00e+00w  1
2213  1.2607272e-02 2.39e-01 5.45e-01 -11.0 1.17e-01    -  1.00e+00 1.00e+00w  1
2214  2.2061523e-03 3.87e-03 8.10e-02 -11.0 8.54e-02    -  1.00e+00 1.25e-01h  3
2215  2.2053955e-03 1.41e-03 5.03e-02 -11.0 8.01e-03    -  1.00e+00 1.00e+00h  1
2216  2.2052982e-03 1.55e-03 6.21e-02 -11.0 1.93e-01    -  1.00e+00 1.56e-02h  7
2217  2.2050408e-03 1.53e-03 6.27e-02 -11.0 3.99e-02    -  1.00e+00 3.12e-02h  6
2218  2.2051209e-03 1.34e-03 4.42e-02 -11.0 4.26e-03    -  1.00e+00 1.25e-01h  4
2219  2.2047609e-03 1.09e-04 6.70e-03 -11.0 3.36e-03    -  1.00e+00 1.00e+00h  1
iter    objective    inf_pr   inf_du lg(mu)  ||d||  lg(rg) alpha_du alpha_pr  ls
2220  2.2046378e-03 1.88e-04 4.24e-03 -11.0 3.85e-02    -  1.00e+00 6.25e-02h  5
2221  2.2045741e-03 2.81e-04 6.47e-03 -11.0 3.86e-02    -  1.00e+00 6.25e-02h  5
2222  2.2044876e-03 2.86e-04 9.82e-03 -11.0 5.79e-02    -  1.00e+00 1.56e-02h  7
2223  2.2043920e-03 2.70e-04 1.47e-02 -11.0 1.94e-02    -  1.00e+00 6.25e-02h  5
2224  2.2041461e-03 3.22e-04 7.32e-03 -11.0 5.80e-03    -  1.00e+00 2.50e-01h  3
2225  2.2036434e-03 3.02e-04 2.95e-02 -11.0 1.70e-02    -  1.00e+00 1.25e-01h  4
2226  2.2034474e-03 3.10e-04 3.94e-02 -11.0 1.46e-02    -  1.00e+00 6.25e-02h  5
2227  2.2036695e-03 2.67e-04 5.76e-02 -11.0 1.55e-02    -  1.00e+00 2.50e-01h  3
2228  2.2035718e-03 2.93e-04 6.69e-02 -11.0 5.63e-02    -  1.00e+00 6.25e-02h  5
2229  2.2034207e-03 2.96e-04 6.49e-02 -11.0 8.57e-02    -  1.00e+00 1.56e-02h  7
iter    objective    inf_pr   inf_du lg(mu)  ||d||  lg(rg) alpha_du alpha_pr  ls
2230  2.4169621e-03 6.46e-02 2.53e-01 -11.0 1.02e-01    -  1.00e+00 1.00e+00w  1
2231  5.8532028e-03 4.04e-01 9.74e-01 -11.0 2.08e-01    -  1.00e+00 1.00e+00w  1
2232  2.5928100e-02 3.73e-01 5.55e-01 -11.0 1.11e-01    -  1.00e+00 1.00e+00w  1
2233  2.2031451e-03 5.32e-04 4.27e-02 -11.0 1.01e-01    -  1.00e+00 6.25e-02h  4
2234  2.2027120e-03 5.44e-04 3.62e-02 -11.0 5.26e-02    -  1.00e+00 3.12e-02h  6
2235  2.2024145e-03 4.93e-04 2.64e-02 -11.0 8.84e-03    -  1.00e+00 1.25e-01h  4
2236  2.2021101e-03 3.69e-04 1.55e-02 -11.0 5.34e-03    -  1.00e+00 5.00e-01h  2
2237  2.2018196e-03 3.58e-04 2.02e-02 -11.0 1.56e-02    -  1.00e+00 6.25e-02h  5
2238  2.2019830e-03 3.50e-04 3.66e-02 -11.0 1.13e-02    -  1.00e+00 2.50e-01h  3
2239  2.2016652e-03 3.45e-04 3.85e-02 -11.0 1.97e-02    -  1.00e+00 1.25e-01h  4
iter    objective    inf_pr   inf_du lg(mu)  ||d||  lg(rg) alpha_du alpha_pr  ls
2240  2.2011790e-03 4.16e-04 3.99e-02 -11.0 1.22e-01    -  1.00e+00 3.12e-02h  6
2241  2.2010185e-03 4.59e-04 2.54e-02 -11.0 1.59e-01    -  1.00e+00 1.56e-02h  7
2242  2.2010172e-03 6.27e-04 1.43e-02 -11.0 1.42e-01    -  1.00e+00 3.12e-02h  6
2243  2.5545263e-03 1.35e-01 2.97e-01 -11.0 1.31e-01    -  1.00e+00 1.00e+00w  1
2244  3.7874283e-03 5.36e-02 5.66e-01 -11.0 3.57e-02    -  1.00e+00 1.00e+00w  1
2245  3.5546833e-03 5.22e-02 9.85e-01 -11.0 6.78e-02    -  1.00e+00 1.00e+00w  1
2246  2.2008779e-03 7.41e-04 1.40e-02 -11.0 1.32e-01    -  1.00e+00 3.12e-02h  5
2247  2.2006770e-03 7.00e-04 1.73e-02 -11.0 1.83e-02    -  1.00e+00 6.25e-02h  5
2248  2.2003371e-03 6.15e-04 4.06e-02 -11.0 8.15e-03    -  1.00e+00 1.25e-01h  4
2249  2.2005583e-03 5.42e-04 5.72e-02 -11.0 4.90e-03    -  1.00e+00 1.25e-01h  4
iter    objective    inf_pr   inf_du lg(mu)  ||d||  lg(rg) alpha_du alpha_pr  ls
2250  2.1999465e-03 3.49e-05 2.66e-03 -11.0 3.70e-04    -  1.00e+00 1.00e+00h  1
2251  2.1998379e-03 9.22e-07 2.98e-03 -11.0 1.14e-04    -  1.00e+00 1.00e+00h  1
2252  2.1994417e-03 7.50e-05 1.46e-02 -11.0 1.82e-03    -  1.00e+00 1.00e+00h  1
2253  2.1993163e-03 7.93e-05 1.71e-02 -11.0 2.51e-02    -  1.00e+00 3.12e-02h  6
2254  2.1992682e-03 7.17e-05 2.38e-02 -11.0 2.75e-03    -  1.00e+00 1.25e-01h  4
2255  2.1993752e-03 2.77e-05 1.77e-03 -11.0 3.76e-04    -  1.00e+00 1.00e+00h  1
2256  2.1990482e-03 1.32e-05 7.67e-03 -11.0 3.13e-04    -  1.00e+00 1.00e+00h  1
2257  2.1989534e-03 4.07e-06 2.58e-03 -11.0 1.21e-04    -  1.00e+00 1.00e+00h  1
2258  2.1989056e-03 1.07e-06 4.71e-04 -11.0 2.69e-04    -  1.00e+00 1.00e+00h  1
2259  2.2008282e-03 2.25e-08 5.07e-04 -11.0 1.99e-03    -  1.00e+00 1.00e+00H  1
iter    objective    inf_pr   inf_du lg(mu)  ||d||  lg(rg) alpha_du alpha_pr  ls
2260  2.1994248e-03 4.41e-07 9.41e-03 -11.0 7.72e-04    -  1.00e+00 1.00e+00H  1
2261  2.1994283e-03 6.79e-07 1.16e-02 -11.0 9.03e-04    -  1.00e+00 1.00e+00H  1
2262  2.1987600e-03 3.89e-05 7.16e-03 -11.0 3.88e-04    -  1.00e+00 1.00e+00h  1
2263  2.1985643e-03 1.02e-05 1.43e-03 -11.0 2.92e-04    -  1.00e+00 1.00e+00h  1
2264  2.1985733e-03 4.80e-06 4.03e-03 -11.0 2.43e-04    -  1.00e+00 1.00e+00h  1
2265  2.1985537e-03 4.07e-06 1.27e-03 -11.0 1.38e-04    -  1.00e+00 1.00e+00h  1
2266  2.1985017e-03 2.10e-06 4.04e-03 -11.0 7.07e-05    -  1.00e+00 1.00e+00h  1
2267  2.1984833e-03 1.75e-07 6.06e-04 -11.0 1.17e-04    -  1.00e+00 1.00e+00h  1
2268  2.1988401e-03 1.83e-08 3.10e-04 -11.0 2.35e-03    -  1.00e+00 1.00e+00H  1
2269  2.1988277e-03 6.84e-08 3.79e-04 -11.0 1.70e-02    -  1.00e+00 3.91e-03h  9
iter    objective    inf_pr   inf_du lg(mu)  ||d||  lg(rg) alpha_du alpha_pr  ls
2270  2.1988121e-03 8.41e-08 9.04e-04 -11.0 3.21e-02    -  1.00e+00 1.95e-03h 10
2271  2.1987999e-03 8.68e-08 1.18e-03 -11.0 1.90e-02    -  1.00e+00 1.95e-03h 10
2272  2.2024019e-03 1.65e-08 1.25e-03 -11.0 4.58e-03    -  1.00e+00 1.00e+00H  1
2273  2.2023577e-03 2.43e-08 1.23e-03 -11.0 2.41e-03    -  1.00e+00 3.91e-03h  9
2274  2.1981625e-03 1.38e-04 1.07e-02 -11.0 1.75e-03    -  1.00e+00 1.00e+00h  1
2275  2.1996089e-03 2.59e-05 3.12e-03 -11.0 1.16e-03    -  1.00e+00 1.00e+00h  1
2276  2.1981066e-03 9.36e-06 7.63e-03 -11.0 4.43e-04    -  1.00e+00 1.00e+00h  1
2277  2.1982395e-03 2.71e-05 6.57e-03 -11.0 3.03e-04    -  1.00e+00 1.00e+00h  1
2278  2.1979690e-03 1.01e-05 2.59e-03 -11.0 2.05e-04    -  1.00e+00 1.00e+00h  1
2279  2.1979756e-03 1.96e-08 2.19e-05 -11.0 3.40e-05    -  1.00e+00 1.00e+00h  1
iter    objective    inf_pr   inf_du lg(mu)  ||d||  lg(rg) alpha_du alpha_pr  ls
2280  2.1980468e-03 3.58e-09 2.42e-04 -11.0 1.24e-03    -  1.00e+00 1.00e+00H  1
2281  2.1980430e-03 4.98e-09 2.40e-04 -11.0 8.18e-03    -  1.00e+00 1.95e-03h 10
2282  2.2045951e-03 5.59e-09 1.30e-03 -11.0 3.60e-03    -  1.00e+00 1.00e+00H  1
2283  2.1993678e-03 5.67e-09 7.71e-04 -11.0 2.03e-03    -  1.00e+00 1.00e+00H  1
2284  2.1993280e-03 8.87e-09 7.64e-04 -11.0 3.70e-03    -  1.00e+00 3.91e-03h  9
2285  2.1993100e-03 9.38e-09 7.61e-04 -11.0 1.10e-03    -  1.00e+00 3.91e-03h  9
2286  2.1981063e-03 7.47e-09 4.96e-04 -11.0 5.73e-04    -  1.00e+00 1.00e+00H  1
2287  2.1976930e-03 1.61e-05 8.76e-03 -11.0 2.52e-04    -  1.00e+00 1.00e+00h  1
2288  2.1976965e-03 5.60e-07 5.06e-04 -11.0 6.04e-05    -  1.00e+00 1.00e+00h  1
2289  2.1976867e-03 1.02e-07 4.30e-04 -11.0 7.79e-05    -  1.00e+00 1.00e+00h  1
iter    objective    inf_pr   inf_du lg(mu)  ||d||  lg(rg) alpha_du alpha_pr  ls
2290  2.1977390e-03 1.21e-07 4.04e-04 -11.0 8.46e-04    -  1.00e+00 1.00e+00H  1
2291  2.2016592e-03 1.46e-10 1.03e-03 -11.0 3.46e-03    -  1.00e+00 1.00e+00H  1
2292  2.1997206e-03 9.43e-11 6.33e-04 -11.0 1.98e-03    -  1.00e+00 1.00e+00H  1
2293  2.1997101e-03 7.55e-10 6.32e-04 -11.0 4.44e-03    -  1.00e+00 9.77e-04h 11
2294  2.1997026e-03 8.83e-10 6.31e-04 -11.0 5.30e-03    -  1.00e+00 9.77e-04h 11
2295  2.1996912e-03 1.22e-09 6.30e-04 -11.0 2.40e-03    -  1.00e+00 9.77e-04h 11
2296  2.1977248e-03 8.59e-05 9.86e-03 -11.0 1.06e-03    -  1.00e+00 1.00e+00h  1
2297  2.1979875e-03 4.34e-05 5.90e-03 -11.0 4.85e-04    -  1.00e+00 5.00e-01h  2
2298  2.1975222e-03 1.71e-06 1.01e-03 -11.0 2.09e-04    -  1.00e+00 1.00e+00h  1
2299  2.1975165e-03 3.29e-08 1.68e-05 -11.0 2.29e-05    -  1.00e+00 1.00e+00h  1
iter    objective    inf_pr   inf_du lg(mu)  ||d||  lg(rg) alpha_du alpha_pr  ls
2300  2.1975073e-03 1.83e-06 1.34e-03 -11.0 4.45e-04    -  1.00e+00 1.00e+00h  1
2301  2.1989215e-03 5.21e-10 6.65e-04 -11.0 4.41e-03    -  1.00e+00 1.00e+00H  1
2302  2.1989155e-03 3.37e-09 6.62e-04 -11.0 2.04e-02    -  1.00e+00 9.77e-04h 11
2303  2.1988989e-03 5.66e-09 6.63e-04 -11.0 8.55e-03    -  1.00e+00 1.95e-03h 10
2304  2.1988675e-03 9.69e-09 6.56e-04 -11.0 2.21e-03    -  1.00e+00 3.91e-03h  9
2305  2.1974711e-03 9.11e-05 7.14e-03 -11.0 1.33e-03    -  1.00e+00 5.00e-01h  2
2306  2.1992851e-03 1.24e-08 8.40e-04 -11.0 2.89e-03    -  1.00e+00 1.00e+00H  1
2307  2.1983406e-03 5.37e-05 3.72e-03 -11.0 3.80e-03    -  1.00e+00 2.50e-01h  3
2308  2.1973574e-03 5.39e-05 4.72e-03 -11.0 7.26e-03    -  1.00e+00 1.25e-01h  4
2309  2.1971802e-03 6.99e-05 2.12e-03 -11.0 2.00e-03    -  1.00e+00 2.50e-01h  3
iter    objective    inf_pr   inf_du lg(mu)  ||d||  lg(rg) alpha_du alpha_pr  ls
2310  2.1967311e-03 5.67e-06 4.90e-03 -11.0 3.26e-04    -  1.00e+00 1.00e+00h  1
2311  2.1966303e-03 9.68e-06 4.63e-03 -11.0 5.04e-04    -  1.00e+00 1.00e+00h  1
2312  2.1971634e-03 3.87e-08 4.34e-04 -11.0 9.29e-04    -  1.00e+00 1.00e+00H  1
2313  2.1970239e-03 3.49e-07 4.19e-03 -11.0 7.87e-04    -  1.00e+00 1.00e+00H  1
2314  2.1973296e-03 7.20e-09 4.34e-04 -11.0 8.76e-04    -  1.00e+00 1.00e+00H  1
2315  2.1966021e-03 5.37e-05 4.47e-03 -11.0 3.35e-04    -  1.00e+00 1.00e+00h  1
2316  2.1964812e-03 1.07e-05 1.44e-03 -11.0 3.93e-04    -  1.00e+00 1.00e+00h  1
2317  2.1965467e-03 8.60e-06 6.37e-03 -11.0 5.19e-04    -  1.00e+00 1.00e+00h  1
2318  2.1964630e-03 6.42e-06 2.78e-03 -11.0 1.89e-04    -  1.00e+00 1.00e+00h  1
2319  2.1963787e-03 2.95e-06 1.18e-03 -11.0 1.48e-04    -  1.00e+00 1.00e+00h  1
iter    objective    inf_pr   inf_du lg(mu)  ||d||  lg(rg) alpha_du alpha_pr  ls
2320  2.1963595e-03 2.30e-07 3.23e-04 -11.0 1.13e-04    -  1.00e+00 1.00e+00h  1
2321  2.1963557e-03 1.48e-06 1.47e-03 -11.0 5.56e-04    -  1.00e+00 1.00e+00h  1
2322  2.1988669e-03 1.14e-09 5.83e-04 -11.0 6.88e-03    -  1.00e+00 1.00e+00H  1
2323  2.1988625e-03 2.14e-09 5.80e-04 -11.0 2.71e-02    -  1.00e+00 4.88e-04h 12
2324  2.1988558e-03 2.45e-09 5.80e-04 -11.0 3.76e-02    -  1.00e+00 2.44e-04h 13
2325  2.1988534e-03 2.47e-09 5.80e-04 -11.0 1.53e-01    -  1.00e+00 1.53e-05h 17
2326  2.1988519e-03 2.50e-09 5.80e-04 -11.0 4.68e-02    -  1.00e+00 6.10e-05h 15
2327  2.1983181e-03 4.72e-05 7.34e-03 -11.0 1.25e-01    -  1.00e+00 3.12e-02h  6
2328  2.1981252e-03 7.62e-05 7.33e-03 -11.0 1.36e-01    -  1.00e+00 3.12e-02h  6
2329  2.1964547e-03 1.46e-03 2.72e-02 -11.0 3.50e-01    -  1.00e+00 6.25e-02h  5
iter    objective    inf_pr   inf_du lg(mu)  ||d||  lg(rg) alpha_du alpha_pr  ls
2330  2.1952900e-03 2.00e-03 8.01e-02 -11.0 7.64e+00    -  1.00e+00 1.95e-03h 10
2331  2.1950320e-03 2.02e-03 8.20e-02 -11.0 2.38e+00    -  1.00e+00 9.77e-04h 11
2332  2.1946877e-03 2.06e-03 8.04e-02 -11.0 3.44e-01    -  1.00e+00 1.56e-02h  7
2333  4.1659351e-02 1.93e+00 2.17e+00 -11.0 6.01e-01    -  1.00e+00 1.00e+00w  1
2334  3.1149818e-02 1.46e+00 3.06e+00 -11.0 6.01e-01    -  1.00e+00 1.00e+00w  1
2335  1.0758487e+01 2.43e+01 1.96e+01 -11.0 6.72e+00    -  1.00e+00 1.00e+00w  1
2336  2.1942529e-03 2.08e-03 6.35e-02 -11.0 7.01e+00    -  1.00e+00 3.91e-03h  8
2337  2.1944370e-03 1.96e-03 4.98e-02 -11.0 3.59e-02    -  1.00e+00 6.25e-02h  5
2338  2.1960844e-03 1.53e-03 3.09e-02 -11.0 5.52e-03    -  1.00e+00 2.50e-01h  3
2339  2.1963840e-03 1.24e-04 6.42e-03 -11.0 3.21e-03    -  1.00e+00 1.00e+00h  1
iter    objective    inf_pr   inf_du lg(mu)  ||d||  lg(rg) alpha_du alpha_pr  ls
2340  2.1956145e-03 1.41e-04 4.13e-03 -11.0 3.14e-03    -  1.00e+00 2.50e-01h  3
2341  2.1937887e-03 1.10e-05 1.88e-03 -11.0 1.63e-03    -  1.00e+00 1.00e+00h  1
2342  2.1951052e-03 4.84e-07 5.10e-03 -11.0 1.47e-03    -  1.00e+00 1.00e+00H  1
2343  2.1937076e-03 1.58e-05 6.68e-03 -11.0 3.91e-04    -  1.00e+00 1.00e+00h  1
2344  2.1935954e-03 1.81e-05 3.06e-03 -11.0 4.67e-04    -  1.00e+00 1.00e+00h  1
2345  2.1935002e-03 3.94e-06 2.42e-03 -11.0 1.57e-04    -  1.00e+00 1.00e+00h  1
2346  2.1933972e-03 3.52e-06 2.09e-03 -11.0 2.53e-04    -  1.00e+00 1.00e+00h  1
2347  2.1934573e-03 3.08e-08 1.32e-04 -11.0 4.49e-04    -  1.00e+00 1.00e+00H  1
2348  2.1932328e-03 3.83e-05 3.00e-03 -11.0 6.39e-04    -  1.00e+00 1.00e+00h  1
2349  2.1932170e-03 9.15e-05 2.69e-03 -11.0 3.43e-03    -  1.00e+00 2.50e-01h  3
iter    objective    inf_pr   inf_du lg(mu)  ||d||  lg(rg) alpha_du alpha_pr  ls
2350  2.1931046e-03 5.20e-05 3.30e-03 -11.0 7.37e-04    -  1.00e+00 5.00e-01h  2
2351  2.1931620e-03 2.65e-05 5.63e-03 -11.0 6.64e-04    -  1.00e+00 1.00e+00h  1
2352  2.1929527e-03 5.19e-06 1.95e-03 -11.0 2.29e-04    -  1.00e+00 1.00e+00h  1
2353  2.1928447e-03 5.44e-06 8.85e-04 -11.0 2.04e-04    -  1.00e+00 1.00e+00h  1
2354  2.1928352e-03 2.56e-06 4.72e-04 -11.0 2.12e-04    -  1.00e+00 1.00e+00h  1
2355  2.1928237e-03 5.07e-06 2.14e-04 -11.0 3.26e-04    -  1.00e+00 1.00e+00h  1
2356  2.1929397e-03 4.67e-08 2.29e-04 -11.0 4.91e-04    -  1.00e+00 1.00e+00H  1
2357  2.1928169e-03 9.36e-06 4.84e-03 -11.0 1.61e-04    -  1.00e+00 1.00e+00h  1
2358  2.1927666e-03 2.83e-06 1.55e-03 -11.0 1.40e-04    -  1.00e+00 1.00e+00h  1
2359  2.1927640e-03 7.83e-07 1.05e-03 -11.0 1.51e-04    -  1.00e+00 1.00e+00h  1
iter    objective    inf_pr   inf_du lg(mu)  ||d||  lg(rg) alpha_du alpha_pr  ls
2360  2.1928152e-03 1.11e-07 1.83e-03 -11.0 1.20e-03    -  1.00e+00 1.00e+00H  1
2361  2.1928084e-03 1.73e-07 2.24e-03 -11.0 1.11e-02    -  1.00e+00 7.81e-03h  8
2362  2.1928024e-03 3.09e-07 2.52e-03 -11.0 1.62e-02    -  1.00e+00 3.91e-03h  9
2363  2.1977342e-03 6.67e-10 1.01e-03 -11.0 3.53e-03    -  1.00e+00 1.00e+00H  1
2364  2.1933369e-03 2.98e-10 7.22e-04 -11.0 2.86e-03    -  1.00e+00 1.00e+00H  1
2365  2.1933076e-03 1.38e-08 7.05e-04 -11.0 3.59e-03    -  1.00e+00 3.91e-03h  9
2366  2.1927222e-03 6.44e-05 3.17e-03 -11.0 4.15e-04    -  1.00e+00 1.00e+00h  1
2367  2.1926055e-03 4.01e-06 2.67e-03 -11.0 1.92e-04    -  1.00e+00 1.00e+00h  1
2368  2.1925628e-03 8.49e-07 8.13e-04 -11.0 6.64e-05    -  1.00e+00 1.00e+00h  1
2369  2.1925570e-03 5.40e-08 4.34e-04 -11.0 3.29e-05    -  1.00e+00 1.00e+00h  1
iter    objective    inf_pr   inf_du lg(mu)  ||d||  lg(rg) alpha_du alpha_pr  ls
2370  2.1925461e-03 1.09e-06 1.93e-03 -11.0 9.58e-05    -  1.00e+00 1.00e+00h  1
2371  2.1926846e-03 1.54e-07 1.69e-02 -11.0 5.78e-04    -  1.00e+00 1.00e+00H  1
2372  2.1929288e-03 6.36e-10 2.60e-04 -11.0 4.47e-04    -  1.00e+00 1.00e+00H  1
2373  2.1925635e-03 2.81e-09 1.49e-04 -11.0 6.11e-04    -  1.00e+00 1.00e+00H  1
2374  2.1948159e-03 6.11e-10 9.25e-04 -11.0 4.85e-04    -  1.00e+00 1.00e+00H  1
2375  2.1923807e-03 8.06e-05 8.95e-04 -11.0 6.52e-04    -  1.00e+00 1.00e+00h  1
2376  2.1924698e-03 1.09e-06 1.32e-03 -11.0 1.05e-04    -  1.00e+00 1.00e+00h  1
2377  2.1924342e-03 9.38e-07 7.81e-04 -11.0 3.42e-04    -  1.00e+00 1.00e+00h  1
2378  2.1923836e-03 5.21e-06 4.72e-03 -11.0 2.27e-02    -  1.00e+00 3.12e-02h  6
2379  2.1923697e-03 5.52e-06 1.17e-02 -11.0 1.34e-02    -  1.00e+00 3.12e-02h  6
iter    objective    inf_pr   inf_du lg(mu)  ||d||  lg(rg) alpha_du alpha_pr  ls
2380  2.1923511e-03 5.30e-06 1.30e-02 -11.0 4.74e-03    -  1.00e+00 6.25e-02h  5
2381  2.1923155e-03 7.59e-06 2.30e-02 -11.0 1.08e-02    -  1.00e+00 1.25e-01h  4
2382  2.1923015e-03 1.34e-05 3.45e-02 -11.0 5.07e-02    -  1.00e+00 3.12e-02h  6
2383  2.1922743e-03 1.08e-04 5.38e-02 -11.0 1.51e-01    -  1.00e+00 3.12e-02h  6
2384  2.1922581e-03 1.10e-04 4.97e-02 -11.0 9.27e-02    -  1.00e+00 7.81e-03h  8
2385  2.1922260e-03 1.12e-04 3.79e-02 -11.0 2.20e-02    -  1.00e+00 1.25e-01h  4
2386  2.1921379e-03 1.04e-04 1.61e-02 -11.0 9.66e-02    -  1.00e+00 3.12e-02h  6
2387  2.1918813e-03 1.60e-04 2.95e-02 -11.0 1.40e-01    -  1.00e+00 3.12e-02h  6
2388  4.1452143e-03 2.59e-01 2.35e+00 -11.0 3.05e-01    -  1.00e+00 1.00e+00w  1
2389  6.6619100e-03 1.65e-01 2.12e+00 -11.0 1.57e-01    -  1.00e+00 1.00e+00w  1
iter    objective    inf_pr   inf_du lg(mu)  ||d||  lg(rg) alpha_du alpha_pr  ls
2390  1.5578482e-01 5.17e+00 2.04e+00 -11.0 8.89e-01    -  1.00e+00 1.00e+00w  1
2391  2.1915379e-03 2.36e-04 6.50e-02 -11.0 2.62e-01    -  1.00e+00 1.56e-02h  6
2392  2.1918787e-03 2.48e-04 8.44e-02 -11.0 2.71e-02    -  1.00e+00 1.25e-01h  4
2393  2.1916926e-03 2.47e-04 7.62e-02 -11.0 1.10e-02    -  1.00e+00 3.12e-02h  6
2394  2.1913687e-03 1.67e-04 3.45e-02 -11.0 5.31e-03    -  1.00e+00 1.00e+00h  1
2395  2.1911358e-03 1.82e-04 4.98e-02 -11.0 1.07e-01    -  1.00e+00 1.56e-02h  7
2396  2.1911922e-03 1.76e-04 4.73e-02 -11.0 1.60e-02    -  1.00e+00 6.25e-02h  5
2397  2.1910279e-03 2.92e-04 4.80e-03 -11.0 1.25e-02    -  1.00e+00 5.00e-01h  2
2398  2.1906902e-03 4.51e-04 3.65e-02 -11.0 4.33e-01    -  1.00e+00 1.56e-02h  7
2399  2.1901898e-03 5.14e-04 8.36e-02 -11.0 9.02e-01    -  1.00e+00 7.81e-03h  8
iter    objective    inf_pr   inf_du lg(mu)  ||d||  lg(rg) alpha_du alpha_pr  ls
2400  2.1901717e-03 5.12e-04 1.01e-01 -11.0 2.40e-01    -  1.00e+00 7.81e-03h  8
2401  2.1899587e-03 5.18e-04 1.27e-01 -11.0 1.49e-01    -  1.00e+00 3.12e-02h  6
2402  2.1897971e-03 5.13e-04 1.26e-01 -11.0 1.40e-01    -  1.00e+00 7.81e-03h  8
2403  2.1894874e-03 5.58e-04 1.48e-01 -11.0 2.01e-01    -  1.00e+00 3.12e-02h  6
2404  2.1893575e-03 5.58e-04 1.26e-01 -11.0 1.03e+00    -  1.00e+00 1.95e-03h 10
2405  2.2699322e-03 1.89e-02 5.87e-01 -11.0 5.23e-02    -  1.00e+00 1.00e+00w  1
2406  9.2042821e-03 6.42e-01 4.14e+00 -11.0 3.51e-01    -  1.00e+00 1.00e+00w  1
2407  1.7820656e-02 5.98e-01 1.40e+00 -11.0 2.68e-01    -  1.00e+00 1.00e+00w  1
2408  2.1896144e-03 7.77e-04 4.30e-02 -11.0 2.34e-01    -  1.00e+00 1.25e-01h  3
2409  2.1894285e-03 6.02e-04 1.21e-02 -11.0 1.48e-02    -  1.00e+00 2.50e-01h  3
iter    objective    inf_pr   inf_du lg(mu)  ||d||  lg(rg) alpha_du alpha_pr  ls
2410  2.1894192e-03 5.84e-04 3.09e-02 -11.0 9.88e-02    -  1.00e+00 3.12e-02h  6
2411  2.1893830e-03 5.93e-04 6.92e-03 -11.0 5.59e-02    -  1.00e+00 3.12e-02h  6
2412  2.1897481e-03 6.29e-04 5.66e-02 -11.0 3.54e-02    -  1.00e+00 1.25e-01h  4
2413  2.1897949e-03 6.22e-04 6.92e-02 -11.0 6.13e-02    -  1.00e+00 3.12e-02h  6
2414  2.1895841e-03 6.00e-04 7.92e-02 -11.0 3.96e-02    -  1.00e+00 6.25e-02h  5
2415  2.1891480e-03 5.91e-04 4.91e-02 -11.0 1.06e-01    -  1.00e+00 1.56e-02h  7
2416  2.1888428e-03 5.74e-04 4.16e-02 -11.0 4.72e-02    -  1.00e+00 3.12e-02h  6
2417  2.1898520e-03 5.63e-04 2.77e-02 -11.0 1.84e-02    -  1.00e+00 1.25e-01h  4
2418  2.2005068e-03 1.58e-03 8.90e-02 -11.0 2.69e-03    -  1.00e+00 1.00e+00w  1
2419  2.1976322e-03 2.89e-04 6.47e-02 -11.0 5.79e-03    -  1.00e+00 1.00e+00w  1
iter    objective    inf_pr   inf_du lg(mu)  ||d||  lg(rg) alpha_du alpha_pr  ls
2420  2.3344937e-03 2.34e-02 2.73e-01 -11.0 1.14e-02    -  1.00e+00 1.00e+00w  1
2421  2.1906819e-03 5.95e-04 3.53e-02 -11.0 6.05e-03    -  1.00e+00 5.00e-01h  1
2422  2.1887819e-03 2.41e-04 1.67e-02 -11.0 3.49e-03    -  1.00e+00 1.00e+00h  1
2423  2.1888804e-03 2.72e-04 4.14e-03 -11.0 1.13e-02    -  1.00e+00 1.25e-01h  4
2424  2.1888757e-03 9.70e-05 1.36e-02 -11.0 1.64e-03    -  1.00e+00 1.00e+00h  1
2425  2.1888235e-03 6.60e-05 1.04e-02 -11.0 3.59e-03    -  1.00e+00 5.00e-01h  2
2426  2.1894940e-03 5.93e-05 1.62e-02 -11.0 8.70e-04    -  1.00e+00 5.00e-01h  2
2427  2.1877911e-03 3.99e-05 1.10e-03 -11.0 1.57e-03    -  1.00e+00 1.00e+00h  1
2428  2.1882004e-03 3.40e-06 6.00e-03 -11.0 2.59e-04    -  1.00e+00 1.00e+00h  1
2429  2.1877532e-03 3.27e-06 3.82e-03 -11.0 1.38e-04    -  1.00e+00 1.00e+00h  1
iter    objective    inf_pr   inf_du lg(mu)  ||d||  lg(rg) alpha_du alpha_pr  ls
2430  2.1877381e-03 1.31e-07 7.17e-04 -11.0 1.03e-04    -  1.00e+00 1.00e+00h  1
2431  2.1876643e-03 3.50e-05 2.41e-02 -11.0 1.93e-02    -  1.00e+00 1.25e-01h  4
2432  2.1875956e-03 4.56e-05 3.94e-02 -11.0 7.34e-02    -  1.00e+00 1.56e-02h  7
2433  2.1875149e-03 4.70e-05 5.28e-02 -11.0 2.33e-02    -  1.00e+00 3.12e-02h  6
2434  2.1874627e-03 4.56e-05 5.82e-02 -11.0 1.28e-02    -  1.00e+00 6.25e-02h  5
2435  2.1872798e-03 4.16e-05 4.98e-02 -11.0 1.20e-02    -  1.00e+00 1.25e-01h  4
2436  2.1865123e-03 6.19e-04 1.46e-01 -11.0 3.10e-01    -  1.00e+00 3.12e-02h  6
2437  2.1864791e-03 6.46e-04 1.70e-01 -11.0 1.10e+00    -  1.00e+00 1.95e-03h 10
2438  2.1867301e-03 6.19e-04 1.44e-01 -11.0 1.59e-02    -  1.00e+00 6.25e-02h  5
2439  2.1865716e-03 3.22e-04 6.67e-02 -11.0 4.31e-03    -  1.00e+00 5.00e-01h  2
iter    objective    inf_pr   inf_du lg(mu)  ||d||  lg(rg) alpha_du alpha_pr  ls
2440  2.1864348e-03 3.54e-04 8.22e-02 -11.0 7.07e-02    -  1.00e+00 6.25e-02h  5
2441  3.1593846e-03 3.16e-02 1.67e+00 -11.0 2.26e-02    -  1.00e+00 1.00e+00w  1
2442  2.3252963e-03 2.39e-02 5.11e-01 -11.0 3.48e-02    -  1.00e+00 1.00e+00w  1
2443  6.4117359e-03 8.14e-02 1.44e+00 -11.0 4.24e-02    -  1.00e+00 1.00e+00w  1
2444  2.1861921e-03 3.55e-04 5.83e-02 -11.0 2.01e-02    -  1.00e+00 1.56e-02h  6
2445  2.1863602e-03 2.13e-04 3.01e-02 -11.0 2.44e-03    -  1.00e+00 5.00e-01h  2
2446  2.1867541e-03 1.77e-04 2.94e-02 -11.0 4.68e-03    -  1.00e+00 2.50e-01h  3
2447  2.1869839e-03 9.16e-05 6.61e-03 -11.0 1.79e-03    -  1.00e+00 5.00e-01h  2
2448  2.1856939e-03 1.49e-05 1.01e-03 -11.0 1.41e-03    -  1.00e+00 1.00e+00h  1
2449  2.1907590e-03 2.87e-08 9.49e-04 -11.0 2.05e-03    -  1.00e+00 1.00e+00H  1
iter    objective    inf_pr   inf_du lg(mu)  ||d||  lg(rg) alpha_du alpha_pr  ls
2450  2.1855754e-03 4.18e-05 1.27e-02 -11.0 1.62e-03    -  1.00e+00 1.00e+00h  1
2451  2.1857854e-03 5.42e-05 6.54e-03 -11.0 6.37e-04    -  1.00e+00 1.00e+00h  1
2452  2.1857316e-03 5.02e-05 6.25e-03 -11.0 4.32e-04    -  1.00e+00 1.00e+00h  1
2453  2.1854524e-03 1.49e-05 3.05e-03 -11.0 3.68e-04    -  1.00e+00 1.00e+00h  1
2454  2.1854628e-03 2.89e-06 5.10e-03 -11.0 2.62e-04    -  1.00e+00 1.00e+00h  1
2455  2.1853817e-03 3.12e-06 7.53e-03 -11.0 2.15e-04    -  1.00e+00 1.00e+00h  1
2456  2.1861014e-03 1.69e-07 2.56e-02 -11.0 7.67e-04    -  1.00e+00 1.00e+00H  1
2457  2.1853777e-03 3.57e-05 2.20e-02 -11.0 3.67e-04    -  1.00e+00 1.00e+00h  1
2458  2.1851881e-03 1.13e-05 2.60e-03 -11.0 4.57e-04    -  1.00e+00 1.00e+00h  1
2459  2.1852749e-03 1.87e-06 3.12e-03 -11.0 4.41e-04    -  1.00e+00 1.00e+00h  1
iter    objective    inf_pr   inf_du lg(mu)  ||d||  lg(rg) alpha_du alpha_pr  ls
2460  2.1850901e-03 5.06e-06 1.46e-02 -11.0 6.58e-04    -  1.00e+00 1.00e+00h  1
2461  2.1928019e-03 2.78e-09 1.05e-03 -11.0 2.88e-03    -  1.00e+00 1.00e+00H  1
2462  2.1853936e-03 9.06e-07 2.23e-02 -11.0 2.08e-03    -  1.00e+00 1.00e+00H  1
2463  2.1849653e-03 6.26e-06 1.41e-02 -11.0 1.68e-03    -  1.00e+00 1.25e-01h  4
2464  2.1849121e-03 2.31e-06 1.04e-03 -11.0 2.94e-04    -  1.00e+00 1.00e+00h  1
2465  2.1858109e-03 6.02e-09 7.14e-04 -11.0 1.79e-03    -  1.00e+00 1.00e+00H  1
2466  2.1857871e-03 3.08e-08 5.61e-04 -11.0 1.96e-03    -  1.00e+00 1.00e+00H  1
2467  2.1856579e-03 4.58e-07 4.86e-04 -11.0 4.26e-03    -  1.00e+00 1.56e-02h  7
2468  2.1848216e-03 1.97e-05 5.68e-03 -11.0 1.18e-03    -  1.00e+00 1.00e+00h  1
2469  2.1881262e-03 1.16e-10 1.55e-03 -11.0 1.62e-03    -  1.00e+00 1.00e+00H  1
iter    objective    inf_pr   inf_du lg(mu)  ||d||  lg(rg) alpha_du alpha_pr  ls
2470  2.1847093e-03 4.12e-05 6.30e-03 -11.0 1.05e-03    -  1.00e+00 1.00e+00h  1
2471  2.1847689e-03 2.09e-05 7.59e-03 -11.0 2.94e-04    -  1.00e+00 5.00e-01h  2
2472  2.1847475e-03 1.10e-06 3.28e-04 -11.0 8.45e-05    -  1.00e+00 1.00e+00h  1
2473  2.1847458e-03 1.15e-08 1.01e-05 -11.0 8.87e-06    -  1.00e+00 1.00e+00h  1
2474  2.1847626e-03 1.02e-09 2.11e-04 -11.0 5.08e-04    -  1.00e+00 1.00e+00H  1
2475  2.1862520e-03 2.28e-11 1.17e-03 -11.0 2.12e-03    -  1.00e+00 1.00e+00H  1
2476  2.1862480e-03 2.88e-10 1.17e-03 -11.0 1.79e-03    -  1.00e+00 9.77e-04h 11
2477  2.1862454e-03 2.88e-10 1.17e-03 -11.0 1.76e-03    -  1.00e+00 4.88e-04h 12
2478  2.1862424e-03 2.91e-10 1.17e-03 -11.0 2.00e-03    -  1.00e+00 4.88e-04h 12
2479  2.1857039e-03 5.94e-11 8.37e-04 -11.0 9.14e-04    -  1.00e+00 1.00e+00H  1
iter    objective    inf_pr   inf_du lg(mu)  ||d||  lg(rg) alpha_du alpha_pr  ls
2480  2.1844752e-03 2.33e-05 2.99e-03 -11.0 4.64e-04    -  1.00e+00 1.00e+00h  1
2481  2.1844536e-03 1.85e-06 1.98e-03 -11.0 2.40e-04    -  1.00e+00 1.00e+00h  1
2482  2.1851450e-03 1.13e-10 4.08e-04 -11.0 1.21e-03    -  1.00e+00 1.00e+00H  1
2483  2.1848859e-03 1.59e-09 4.74e-04 -11.0 3.45e-04    -  1.00e+00 1.00e+00H  1
2484  2.1844100e-03 5.02e-05 2.67e-03 -11.0 5.42e-04    -  1.00e+00 1.00e+00h  1
2485  2.1843702e-03 2.54e-05 6.06e-03 -11.0 1.84e-04    -  1.00e+00 5.00e-01h  2
2486  2.1843558e-03 1.19e-06 2.68e-04 -11.0 1.96e-04    -  1.00e+00 1.00e+00h  1
2487  2.1844882e-03 1.85e-07 6.59e-03 -11.0 5.43e-04    -  1.00e+00 1.00e+00H  1
2488  2.1843912e-03 3.96e-08 1.33e-03 -11.0 5.94e-04    -  1.00e+00 1.00e+00H  1
2489  2.1843031e-03 2.22e-05 6.46e-03 -11.0 1.13e-03    -  1.00e+00 2.50e-01h  3
iter    objective    inf_pr   inf_du lg(mu)  ||d||  lg(rg) alpha_du alpha_pr  ls
2490  2.1842203e-03 6.51e-06 4.30e-04 -11.0 1.82e-04    -  1.00e+00 1.00e+00h  1
2491  2.1842857e-03 1.96e-05 2.12e-03 -11.0 5.57e-04    -  1.00e+00 1.00e+00h  1
2492  2.1841683e-03 1.77e-05 5.50e-03 -11.0 1.31e-03    -  1.00e+00 1.00e+00h  1
2493  2.1841178e-03 2.72e-05 2.20e-03 -11.0 2.55e-02    -  1.00e+00 6.25e-02h  5
2494  2.1840783e-03 2.90e-05 3.54e-03 -11.0 1.44e-02    -  1.00e+00 3.12e-02h  6
2495  2.1840943e-03 1.83e-05 2.91e-03 -11.0 1.98e-03    -  1.00e+00 5.00e-01h  2
2496  2.1839638e-03 1.93e-05 2.67e-03 -11.0 7.13e-03    -  1.00e+00 1.25e-01h  4
2497  2.1837007e-03 3.92e-05 7.53e-03 -11.0 1.58e-02    -  1.00e+00 1.25e-01h  4
2498  2.1835659e-03 9.23e-05 1.72e-02 -11.0 1.13e-01    -  1.00e+00 3.12e-02h  6
2499  2.1835601e-03 1.21e-04 2.04e-02 -11.0 1.60e-01    -  1.00e+00 1.56e-02h  7
iter    objective    inf_pr   inf_du lg(mu)  ||d||  lg(rg) alpha_du alpha_pr  ls
2500  2.1830969e-03 5.33e-04 2.20e-02 -11.0 6.35e-01    -  1.00e+00 1.56e-02h  7
2501  2.1830662e-03 6.90e-04 1.93e-02 -11.0 3.04e+00    -  1.00e+00 1.95e-03h 10
2502  2.1829197e-03 8.34e-04 2.03e-02 -11.0 1.44e+00    -  1.00e+00 3.91e-03h  9
2503  4.8441526e-02 6.80e+00 3.25e+00 -11.0 1.70e+00    -  1.00e+00 1.00e+00w  1
2504  3.0344322e+04 1.56e+02 1.37e+02 -11.0 6.86e+01    -  1.00e+00 1.00e+00w  1
2505  1.6913716e+02 1.04e+01 2.48e+02 -11.0 6.97e+01    -  1.00e+00 1.00e+00w  1
2506  2.1828470e-03 8.79e-04 2.49e-02 -11.0 4.71e+00    -  1.00e+00 1.95e-03h  9
2507  2.1827258e-03 1.35e-05 6.75e-03 -11.0 1.54e-03    -  1.00e+00 1.00e+00h  1
2508  2.1826153e-03 1.58e-05 1.08e-02 -11.0 9.10e-03    -  1.00e+00 3.12e-02h  6
2509  2.1827499e-03 1.15e-06 6.87e-03 -11.0 4.36e-03    -  1.00e+00 1.00e+00H  1
iter    objective    inf_pr   inf_du lg(mu)  ||d||  lg(rg) alpha_du alpha_pr  ls
2510  2.1825136e-03 2.74e-05 7.85e-03 -11.0 2.46e-01    -  1.00e+00 7.81e-03h  8
2511  2.1824304e-03 4.30e-05 2.17e-02 -11.0 4.42e-02    -  1.00e+00 1.56e-02h  7
2512  2.1823064e-03 4.51e-05 3.58e-02 -11.0 2.05e-03    -  1.00e+00 1.25e-01h  4
2513  2.1820849e-03 2.99e-05 3.23e-02 -11.0 1.16e-03    -  1.00e+00 5.00e-01h  2
2514  2.1825232e-03 2.86e-06 9.64e-03 -11.0 5.04e-03    -  1.00e+00 1.00e+00H  1
2515  2.1824228e-03 1.87e-05 5.13e-03 -11.0 1.17e-01    -  1.00e+00 1.56e-02h  7
2516  2.1823156e-03 2.20e-05 5.70e-03 -11.0 3.02e-01    -  1.00e+00 3.91e-03h  9
2517  2.1822625e-03 2.25e-05 5.60e-03 -11.0 6.14e-01    -  1.00e+00 9.77e-04h 11
2518  2.1820505e-03 6.21e-05 1.84e-02 -11.0 4.49e-01    -  1.00e+00 7.81e-03h  8
2519  2.1819308e-03 2.08e-04 5.59e-02 -11.0 8.68e-01    -  1.00e+00 7.81e-03h  8
iter    objective    inf_pr   inf_du lg(mu)  ||d||  lg(rg) alpha_du alpha_pr  ls
2520  2.1818375e-03 4.80e-04 8.05e-02 -11.0 1.14e+00    -  1.00e+00 7.81e-03h  8
2521  2.1814494e-03 5.10e-04 9.08e-02 -11.0 1.41e+00    -  1.00e+00 1.95e-03h 10
2522  2.1812175e-03 4.86e-04 9.63e-02 -11.0 2.42e-02    -  1.00e+00 6.25e-02h  5
2523  2.1811723e-03 6.71e-04 9.30e-02 -11.0 1.33e-01    -  1.00e+00 6.25e-02h  5
2524  2.1810230e-03 7.41e-04 9.15e-02 -11.0 1.32e+00    -  1.00e+00 3.91e-03h  9
2525  1.4394783e-02 2.54e+00 1.68e+00 -11.0 7.95e-01    -  1.00e+00 1.00e+00w  1
2526  2.4224343e+03 6.11e+01 3.66e+01 -11.0 2.10e+01    -  1.00e+00 1.00e+00w  1
2527  3.0175686e+02 1.19e+01 1.93e+02 -11.0 2.03e+01    -  1.00e+00 1.00e+00w  1
2528  2.1808975e-03 7.75e-04 8.37e-02 -11.0 5.53e+00    -  1.00e+00 3.91e-03h  8
2529  2.1806845e-03 8.98e-05 2.97e-03 -11.0 5.15e-03    -  1.00e+00 1.00e+00h  1
iter    objective    inf_pr   inf_du lg(mu)  ||d||  lg(rg) alpha_du alpha_pr  ls
2530  2.1806035e-03 9.62e-05 6.16e-03 -11.0 1.87e-01    -  1.00e+00 7.81e-03h  8
2531  2.1805323e-03 1.01e-04 1.71e-02 -11.0 9.12e-02    -  1.00e+00 1.56e-02h  7
2532  2.1805305e-03 9.75e-05 3.44e-02 -11.0 2.35e-02    -  1.00e+00 6.25e-02h  5
2533  2.1803800e-03 1.21e-04 7.34e-02 -11.0 9.58e-03    -  1.00e+00 2.50e-01h  3
2534  2.1801092e-03 1.31e-04 9.25e-02 -11.0 7.86e-02    -  1.00e+00 3.12e-02h  6
2535  2.1800478e-03 1.47e-04 8.47e-02 -11.0 9.62e-02    -  1.00e+00 3.12e-02h  6
2536  2.1799313e-03 2.45e-04 6.28e-02 -11.0 3.63e-01    -  1.00e+00 1.56e-02h  7
2537  2.1797597e-03 3.23e-04 5.18e-02 -11.0 1.37e+00    -  1.00e+00 3.91e-03h  9
2538  2.1795723e-03 3.60e-04 3.91e-02 -11.0 1.09e+00    -  1.00e+00 3.91e-03h  9
2539  2.1791174e-03 6.20e-04 3.39e-02 -11.0 1.43e+00    -  1.00e+00 7.81e-03h  8
iter    objective    inf_pr   inf_du lg(mu)  ||d||  lg(rg) alpha_du alpha_pr  ls
2540  3.5824008e-01 3.43e+01 8.09e+00 -11.0 5.62e+00    -  1.00e+00 1.00e+00w  1
2541  5.3366762e+01 1.58e+01 2.56e+01 -11.0 9.43e+00    -  1.00e+00 1.00e+00w  1
2542  1.8089914e+01 9.56e+00 1.08e+01 -11.0 5.74e+00    -  1.00e+00 1.00e+00w  1
2543  2.1790132e-03 9.25e-04 2.43e-02 -11.0 2.31e+00    -  1.00e+00 1.95e-03h  9
2544  2.1789982e-03 8.11e-04 2.21e-02 -11.0 6.03e-03    -  1.00e+00 1.25e-01h  4
2545  2.1797937e-03 4.68e-05 9.38e-03 -11.0 3.22e-03    -  1.00e+00 1.00e+00h  1
2546  2.1797751e-03 7.62e-05 1.09e-02 -11.0 1.57e-02    -  1.00e+00 1.25e-01h  4
2547  2.1795209e-03 1.30e-04 9.47e-03 -11.0 5.10e-03    -  1.00e+00 2.50e-01h  3
2548  2.1785828e-03 1.86e-04 1.67e-02 -11.0 2.03e-03    -  1.00e+00 5.00e-01h  2
2549  2.1828905e-03 1.97e-07 1.71e-02 -11.0 1.16e-03    -  1.00e+00 1.00e+00H  1
iter    objective    inf_pr   inf_du lg(mu)  ||d||  lg(rg) alpha_du alpha_pr  ls
2550  2.1780102e-03 5.89e-05 3.22e-03 -11.0 1.17e-03    -  1.00e+00 1.00e+00h  1
2551  2.1784964e-03 3.04e-05 3.04e-03 -11.0 3.59e-04    -  1.00e+00 1.00e+00h  1
2552  2.1778248e-03 1.20e-05 1.83e-03 -11.0 4.54e-04    -  1.00e+00 1.00e+00h  1
2553  2.1778048e-03 9.40e-07 1.38e-03 -11.0 1.11e-04    -  1.00e+00 1.00e+00h  1
2554  2.1776786e-03 3.30e-06 2.91e-03 -11.0 3.05e-04    -  1.00e+00 1.00e+00h  1
2555  2.1774680e-03 6.72e-05 1.57e-02 -11.0 1.19e-02    -  1.00e+00 1.25e-01h  4
2556  2.1774223e-03 7.03e-05 2.14e-02 -11.0 8.86e-03    -  1.00e+00 6.25e-02h  5
2557  2.1773642e-03 4.12e-05 2.78e-02 -11.0 1.40e-03    -  1.00e+00 5.00e-01h  2
2558  2.1798808e-03 3.01e-07 2.77e-02 -11.0 1.85e-03    -  1.00e+00 1.00e+00H  1
2559  2.1776414e-03 3.84e-06 1.90e-02 -11.0 1.21e-03    -  1.00e+00 1.00e+00H  1
iter    objective    inf_pr   inf_du lg(mu)  ||d||  lg(rg) alpha_du alpha_pr  ls
2560  2.1807790e-03 2.33e-07 9.96e-03 -11.0 1.46e-03    -  1.00e+00 1.00e+00H  1
2561  2.1771806e-03 1.47e-04 3.50e-03 -11.0 1.43e-03    -  1.00e+00 1.00e+00h  1
2562  2.1769882e-03 1.12e-04 4.71e-04 -11.0 6.69e-04    -  1.00e+00 2.50e-01h  3
2563  2.1768953e-03 1.12e-06 5.42e-04 -11.0 8.12e-05    -  1.00e+00 1.00e+00h  1
2564  2.1768783e-03 2.69e-07 2.03e-03 -11.0 5.73e-05    -  1.00e+00 1.00e+00h  1
2565  2.1767771e-03 1.71e-05 8.81e-03 -11.0 6.37e-04    -  1.00e+00 1.00e+00h  1
2566  2.1766999e-03 4.31e-05 1.47e-02 -11.0 2.42e-02    -  1.00e+00 3.12e-02h  6
2567  2.1766663e-03 4.90e-05 1.27e-02 -11.0 7.73e-03    -  1.00e+00 6.25e-02h  5
2568  2.1790911e-03 1.43e-07 1.36e-02 -11.0 3.88e-03    -  1.00e+00 1.00e+00H  1
2569  2.1790612e-03 1.75e-07 1.40e-02 -11.0 7.57e-03    -  1.00e+00 3.91e-03h  9
iter    objective    inf_pr   inf_du lg(mu)  ||d||  lg(rg) alpha_du alpha_pr  ls
2570  2.1790476e-03 1.82e-07 1.42e-02 -11.0 5.32e-02    -  1.00e+00 2.44e-04h 13
2571  2.1789923e-03 1.95e-07 1.39e-02 -11.0 2.35e-02    -  1.00e+00 9.77e-04h 11
2572  2.1777176e-03 4.09e-08 7.84e-04 -11.0 2.87e-03    -  1.00e+00 1.00e+00H  1
2573  2.1768631e-03 4.89e-05 1.54e-02 -11.0 5.54e-03    -  1.00e+00 1.25e-01h  4
2574  2.1763603e-03 2.52e-04 3.66e-02 -11.0 8.91e-04    -  1.00e+00 1.00e+00h  1
2575  2.1761173e-03 6.16e-05 4.73e-03 -11.0 7.58e-04    -  1.00e+00 1.00e+00h  1
2576  2.1766383e-03 6.57e-06 2.29e-02 -11.0 4.96e-04    -  1.00e+00 1.00e+00H  1
2577  2.1753837e-03 3.81e-05 1.95e-03 -11.0 6.22e-04    -  1.00e+00 1.00e+00h  1
2578  2.1755048e-03 1.27e-05 4.35e-03 -11.0 3.83e-04    -  1.00e+00 1.00e+00h  1
2579  2.1753097e-03 5.00e-06 3.36e-03 -11.0 1.26e-04    -  1.00e+00 1.00e+00h  1
iter    objective    inf_pr   inf_du lg(mu)  ||d||  lg(rg) alpha_du alpha_pr  ls
2580  2.1752735e-03 2.21e-07 2.31e-03 -11.0 1.48e-04    -  1.00e+00 1.00e+00h  1
2581  2.1752202e-03 1.09e-05 1.38e-02 -11.0 1.29e-03    -  1.00e+00 1.00e+00h  1
2582  2.1751658e-03 1.81e-05 2.47e-02 -11.0 1.57e-02    -  1.00e+00 6.25e-02h  5
2583  2.1813955e-03 2.17e-08 1.12e-03 -11.0 5.08e-03    -  1.00e+00 1.00e+00H  1
2584  2.1791036e-03 1.93e-08 1.12e-03 -11.0 9.95e-04    -  1.00e+00 1.00e+00H  1
2585  2.1749055e-03 1.56e-04 2.09e-02 -11.0 2.55e-03    -  1.00e+00 1.00e+00h  1
2586  2.1751300e-03 1.22e-04 3.85e-02 -11.0 3.93e-03    -  1.00e+00 2.50e-01h  3
2587  2.1750259e-03 2.41e-05 8.43e-03 -11.0 7.05e-04    -  1.00e+00 1.00e+00h  1
2588  2.1755755e-03 9.79e-08 3.74e-02 -11.0 1.42e-03    -  1.00e+00 1.00e+00H  1
2589  2.1761309e-03 2.01e-07 6.32e-04 -11.0 4.40e-04    -  1.00e+00 1.00e+00H  1
iter    objective    inf_pr   inf_du lg(mu)  ||d||  lg(rg) alpha_du alpha_pr  ls
2590  2.1746767e-03 4.81e-05 6.36e-03 -11.0 9.94e-04    -  1.00e+00 1.00e+00h  1
2591  2.1749158e-03 1.18e-05 6.64e-03 -11.0 1.63e-04    -  1.00e+00 1.00e+00h  1
2592  2.1746651e-03 7.70e-06 8.38e-04 -11.0 1.37e-04    -  1.00e+00 1.00e+00h  1
2593  2.1746629e-03 4.88e-08 3.07e-04 -11.0 6.18e-05    -  1.00e+00 1.00e+00h  1
2594  2.1746089e-03 6.51e-05 1.34e-02 -11.0 1.43e-02    -  1.00e+00 1.25e-01h  4
2595  2.1745643e-03 8.81e-05 2.10e-02 -11.0 6.11e-02    -  1.00e+00 1.56e-02h  7
2596  2.1745500e-03 8.64e-05 2.33e-02 -11.0 8.87e-03    -  1.00e+00 3.12e-02h  6
2597  2.1744481e-03 5.19e-05 1.56e-02 -11.0 2.13e-03    -  1.00e+00 5.00e-01h  2
2598  2.1744053e-03 7.54e-05 6.32e-03 -11.0 1.46e-02    -  1.00e+00 1.25e-01h  4
2599  2.1743878e-03 1.34e-04 5.79e-03 -11.0 2.87e-02    -  1.00e+00 6.25e-02h  5
iter    objective    inf_pr   inf_du lg(mu)  ||d||  lg(rg) alpha_du alpha_pr  ls
2600  2.1743641e-03 1.30e-04 7.37e-03 -11.0 8.35e-03    -  1.00e+00 3.12e-02h  6
2601  2.1743728e-03 4.51e-05 9.23e-03 -11.0 1.33e-03    -  1.00e+00 1.00e+00h  1
2602  2.1881646e-03 5.96e-09 1.62e-03 -11.0 2.03e-03    -  1.00e+00 1.00e+00H  1
2603  2.1742168e-03 1.81e-04 2.81e-02 -11.0 2.24e-03    -  1.00e+00 1.00e+00h  1
2604  2.1743400e-03 1.13e-04 1.35e-02 -11.0 1.70e-03    -  1.00e+00 5.00e-01h  2
2605  2.1742024e-03 1.23e-05 1.09e-02 -11.0 4.94e-04    -  1.00e+00 1.00e+00h  1
2606  2.1743225e-03 5.28e-07 1.08e-02 -11.0 7.16e-04    -  1.00e+00 1.00e+00H  1
2607  2.1742032e-03 6.22e-08 2.52e-04 -11.0 3.42e-04    -  1.00e+00 1.00e+00H  1
2608  2.1739468e-03 5.29e-06 1.42e-03 -11.0 2.58e-04    -  1.00e+00 1.00e+00h  1
2609  2.1739707e-03 1.96e-06 4.49e-03 -11.0 1.93e-04    -  1.00e+00 1.00e+00h  1
iter    objective    inf_pr   inf_du lg(mu)  ||d||  lg(rg) alpha_du alpha_pr  ls
2610  2.1739284e-03 2.16e-06 8.74e-04 -11.0 8.81e-05    -  1.00e+00 1.00e+00h  1
2611  2.1739148e-03 2.16e-07 1.92e-03 -11.0 5.28e-05    -  1.00e+00 1.00e+00h  1
2612  2.1738983e-03 1.70e-07 1.76e-03 -11.0 7.68e-05    -  1.00e+00 1.00e+00h  1
2613  2.1738869e-03 2.64e-05 7.05e-03 -11.0 1.04e-02    -  1.00e+00 1.25e-01h  4
2614  2.1738594e-03 3.37e-05 9.49e-03 -11.0 2.32e-02    -  1.00e+00 6.25e-02h  5
2615  2.1738856e-03 3.20e-05 9.08e-03 -11.0 6.12e-03    -  1.00e+00 6.25e-02h  5
2616  2.1737768e-03 9.76e-06 1.21e-02 -11.0 5.02e-04    -  1.00e+00 1.00e+00h  1
2617  2.1743986e-03 1.00e-08 6.56e-04 -11.0 3.51e-04    -  1.00e+00 1.00e+00H  1
2618  2.1735737e-03 2.28e-05 2.74e-03 -11.0 3.08e-04    -  1.00e+00 1.00e+00h  1
2619  2.1735756e-03 2.03e-07 3.09e-04 -11.0 8.13e-05    -  1.00e+00 1.00e+00h  1
iter    objective    inf_pr   inf_du lg(mu)  ||d||  lg(rg) alpha_du alpha_pr  ls
2620  2.1739118e-03 1.65e-08 3.56e-04 -11.0 2.13e-03    -  1.00e+00 1.00e+00H  1
2621  2.1739012e-03 5.63e-08 3.45e-04 -11.0 1.53e-02    -  1.00e+00 3.91e-03h  9
2622  2.1738947e-03 6.41e-08 4.05e-04 -11.0 3.03e-02    -  1.00e+00 9.77e-04h 11
2623  2.1738834e-03 8.78e-08 9.82e-04 -11.0 9.69e-02    -  1.00e+00 4.88e-04h 12
2624  2.1738773e-03 9.18e-08 9.46e-04 -11.0 1.95e-02    -  1.00e+00 9.77e-04h 11
2625  2.1738743e-03 9.18e-08 8.57e-04 -11.0 7.42e-03    -  1.00e+00 9.77e-04h 11
2626  2.1735505e-03 1.84e-05 3.39e-03 -11.0 1.06e-02    -  1.00e+00 1.25e-01h  4
2627  2.1733253e-03 2.00e-05 5.33e-03 -11.0 1.07e-02    -  1.00e+00 3.12e-02h  6
2628  2.1733897e-03 2.81e-07 2.72e-02 -11.0 2.92e-03    -  1.00e+00 1.00e+00H  1
2629  2.1733596e-03 1.47e-05 3.89e-02 -11.0 5.66e-02    -  1.00e+00 3.12e-02h  6
iter    objective    inf_pr   inf_du lg(mu)  ||d||  lg(rg) alpha_du alpha_pr  ls
2630  2.1733194e-03 3.02e-05 4.17e-02 -11.0 6.69e-02    -  1.00e+00 3.12e-02h  6
2631  2.1732514e-03 3.18e-05 4.24e-02 -11.0 7.37e-02    -  1.00e+00 1.56e-02h  7
2632  2.1731325e-03 1.19e-04 6.08e-02 -11.0 2.00e-01    -  1.00e+00 3.12e-02h  6
2633  2.1729851e-03 1.75e-04 8.15e-02 -11.0 1.18e+00    -  1.00e+00 3.91e-03h  9
2634  2.1728653e-03 1.98e-04 8.77e-02 -11.0 6.00e-01    -  1.00e+00 3.91e-03h  9
2635  2.1727151e-03 1.97e-04 7.53e-02 -11.0 1.03e-01    -  1.00e+00 7.81e-03h  8
2636  2.1725859e-03 1.70e-04 4.41e-02 -11.0 4.25e-03    -  1.00e+00 1.25e-01h  4
2637  2.1758230e-03 1.57e-07 8.56e-04 -11.0 2.39e-03    -  1.00e+00 1.00e+00H  1
2638  2.1757435e-03 1.82e-07 8.24e-04 -11.0 8.37e-03    -  1.00e+00 7.81e-03h  8
2639  2.1756324e-03 1.83e-07 8.33e-04 -11.0 2.66e-02    -  1.00e+00 1.95e-03h 10
iter    objective    inf_pr   inf_du lg(mu)  ||d||  lg(rg) alpha_du alpha_pr  ls
2640  2.1756147e-03 1.82e-07 8.30e-04 -11.0 1.22e-02    -  1.00e+00 9.77e-04h 11
2641  2.1749802e-03 4.96e-04 5.34e-02 -11.0 1.29e-02    -  1.00e+00 2.50e-01h  3
2642  2.1742545e-03 4.52e-04 6.80e-02 -11.0 1.23e-02    -  1.00e+00 1.25e-01h  4
2643  2.1754318e-03 2.48e-04 1.39e-02 -11.0 2.37e-03    -  1.00e+00 5.00e-01h  2
2644  2.1726855e-03 2.72e-04 3.07e-02 -11.0 9.06e-04    -  1.00e+00 1.00e+00h  1
2645  2.1718990e-03 7.08e-05 1.27e-02 -11.0 8.59e-04    -  1.00e+00 1.00e+00h  1
2646  2.1720795e-03 3.77e-05 1.68e-02 -11.0 4.22e-04    -  1.00e+00 1.00e+00h  1
2647  2.1715388e-03 2.04e-05 4.46e-03 -11.0 2.60e-04    -  1.00e+00 1.00e+00h  1
2648  2.1715420e-03 1.91e-07 5.33e-04 -11.0 3.85e-05    -  1.00e+00 1.00e+00h  1
2649  2.1714825e-03 2.75e-06 3.29e-03 -11.0 2.21e-04    -  1.00e+00 1.00e+00h  1
iter    objective    inf_pr   inf_du lg(mu)  ||d||  lg(rg) alpha_du alpha_pr  ls
2650  2.1738929e-03 1.91e-07 5.47e-02 -11.0 2.76e-03    -  1.00e+00 1.00e+00H  1
2651  2.1805471e-03 5.15e-08 1.04e-01 -11.0 4.64e-03    -  1.00e+00 1.00e+00H  1
2652  2.1804913e-03 5.23e-08 1.04e-01 -11.0 5.74e-03    -  1.00e+00 1.95e-03h 10
2653  2.1804873e-03 5.23e-08 1.04e-01 -11.0 8.81e-03    -  1.00e+00 1.22e-04h 14
2654  2.1804843e-03 5.23e-08 1.04e-01 -11.0 1.68e-02    -  1.00e+00 6.10e-05h 15
2655  2.1804831e-03 5.23e-08 1.04e-01 -11.0 1.44e-02    -  1.00e+00 3.05e-05h 16
2656  2.1804812e-03 5.23e-08 1.04e-01 -11.0 1.40e-02    -  1.00e+00 3.05e-05h 16
2657  2.1751853e-03 7.12e-04 7.34e-02 -11.0 8.65e-03    -  1.00e+00 5.00e-01h  2
2658  2.1741402e-03 1.05e-03 5.26e-02 -11.0 5.97e-03    -  1.00e+00 2.50e-01h  3
2659  2.1711636e-03 6.26e-05 1.08e-02 -11.0 8.88e-04    -  1.00e+00 1.00e+00h  1
iter    objective    inf_pr   inf_du lg(mu)  ||d||  lg(rg) alpha_du alpha_pr  ls
2660  2.1712117e-03 1.21e-05 1.35e-02 -11.0 3.16e-04    -  1.00e+00 1.00e+00h  1
2661  2.1709211e-03 5.39e-06 4.19e-03 -11.0 1.38e-04    -  1.00e+00 1.00e+00h  1
2662  2.1709111e-03 1.18e-07 2.27e-04 -11.0 2.98e-05    -  1.00e+00 1.00e+00h  1
2663  2.1708950e-03 5.59e-07 4.28e-04 -11.0 6.84e-05    -  1.00e+00 1.00e+00h  1
2664  2.1709359e-03 6.10e-08 1.58e-04 -11.0 4.56e-04    -  1.00e+00 1.00e+00H  1
2665  2.1708915e-03 7.12e-06 1.85e-03 -11.0 2.40e-04    -  1.00e+00 1.00e+00h  1
2666  2.1709960e-03 4.11e-09 4.08e-04 -11.0 2.86e-04    -  1.00e+00 1.00e+00H  1
2667  2.1707786e-03 3.44e-06 1.07e-03 -11.0 1.99e-04    -  1.00e+00 1.00e+00h  1
2668  2.1707623e-03 5.51e-07 1.77e-03 -11.0 1.32e-04    -  1.00e+00 1.00e+00h  1
2669  2.1709454e-03 1.90e-09 4.27e-04 -11.0 3.15e-03    -  1.00e+00 1.00e+00H  1
iter    objective    inf_pr   inf_du lg(mu)  ||d||  lg(rg) alpha_du alpha_pr  ls
2670  2.1709428e-03 2.49e-09 4.27e-04 -11.0 6.63e-02    -  1.00e+00 2.44e-04h 13
2671  2.1709286e-03 1.06e-07 5.84e-04 -11.0 1.48e-02    -  1.00e+00 3.91e-03h  9
2672  2.1709012e-03 2.19e-07 1.50e-03 -11.0 1.06e-02    -  1.00e+00 7.81e-03h  8
2673  2.1707437e-03 1.14e-05 6.87e-03 -11.0 1.95e-02    -  1.00e+00 3.12e-02h  6
2674  2.1847941e-03 4.13e-08 4.45e-02 -11.0 6.06e-03    -  1.00e+00 1.00e+00H  1
2675  2.1842858e-03 1.62e-07 4.57e-02 -11.0 2.54e-03    -  1.00e+00 1.56e-02h  7
2676  2.1714540e-03 2.57e-08 5.28e-04 -11.0 5.80e-03    -  1.00e+00 1.00e+00H  1
2677  2.1713438e-03 2.17e-07 5.70e-04 -11.0 4.42e-03    -  1.00e+00 7.81e-03h  8
2678  2.1700898e-03 7.16e-05 1.21e-03 -11.0 1.68e-03    -  1.00e+00 1.00e+00h  1
2679  2.1784392e-03 9.02e-09 1.89e-03 -11.0 1.06e-03    -  1.00e+00 1.00e+00H  1
iter    objective    inf_pr   inf_du lg(mu)  ||d||  lg(rg) alpha_du alpha_pr  ls
2680  2.1700436e-03 1.72e-04 7.90e-03 -11.0 9.97e-04    -  1.00e+00 1.00e+00h  1
2681  2.1700390e-03 2.02e-07 3.05e-04 -11.0 2.69e-05    -  1.00e+00 1.00e+00h  1
2682  2.1700104e-03 2.93e-07 5.39e-04 -11.0 9.01e-05    -  1.00e+00 1.00e+00h  1
2683  2.1724134e-03 7.30e-08 1.03e-03 -11.0 1.49e-03    -  1.00e+00 1.00e+00H  1
2684  2.1698363e-03 1.11e-04 5.53e-03 -11.0 5.34e-04    -  1.00e+00 1.00e+00h  1
2685  2.1698888e-03 8.76e-06 2.95e-03 -11.0 2.35e-04    -  1.00e+00 1.00e+00h  1
2686  2.1698309e-03 1.99e-06 3.27e-03 -11.0 1.03e-04    -  1.00e+00 1.00e+00h  1
2687  2.1698163e-03 4.82e-07 1.55e-03 -11.0 7.96e-05    -  1.00e+00 1.00e+00h  1
2688  2.1698046e-03 4.28e-07 2.12e-03 -11.0 1.49e-04    -  1.00e+00 1.00e+00h  1
2689  2.1703443e-03 2.22e-08 6.14e-04 -11.0 2.06e-03    -  1.00e+00 1.00e+00H  1
iter    objective    inf_pr   inf_du lg(mu)  ||d||  lg(rg) alpha_du alpha_pr  ls
2690  2.1703248e-03 2.39e-08 6.08e-04 -11.0 6.38e-03    -  1.00e+00 7.81e-03h  8
2691  2.1817641e-03 4.08e-09 1.45e-03 -11.0 2.97e-03    -  1.00e+00 1.00e+00H  1
2692  2.1742691e-03 4.71e-09 1.38e-03 -11.0 1.88e-03    -  1.00e+00 1.00e+00H  1
2693  2.1742032e-03 8.18e-09 1.37e-03 -11.0 3.31e-03    -  1.00e+00 3.91e-03h  9
2694  2.1736603e-03 2.26e-04 3.02e-02 -11.0 2.94e-03    -  1.00e+00 5.00e-01h  2
2695  2.1709254e-03 1.99e-04 2.32e-02 -11.0 9.10e-04    -  1.00e+00 1.00e+00h  1
2696  2.1697169e-03 4.73e-05 9.94e-03 -11.0 6.08e-04    -  1.00e+00 1.00e+00h  1
2697  2.1695372e-03 5.65e-06 1.12e-02 -11.0 1.95e-04    -  1.00e+00 1.00e+00h  1
2698  2.1694670e-03 1.44e-06 9.16e-04 -11.0 7.76e-05    -  1.00e+00 1.00e+00h  1
2699  2.1694582e-03 4.45e-08 4.36e-04 -11.0 2.04e-05    -  1.00e+00 1.00e+00h  1
iter    objective    inf_pr   inf_du lg(mu)  ||d||  lg(rg) alpha_du alpha_pr  ls
2700  2.1694107e-03 6.55e-06 5.77e-03 -11.0 2.20e-04    -  1.00e+00 1.00e+00h  1
2701  2.1708706e-03 1.25e-09 5.32e-04 -11.0 1.08e-03    -  1.00e+00 1.00e+00H  1
2702  2.1695714e-03 1.04e-08 1.57e-04 -11.0 5.05e-04    -  1.00e+00 1.00e+00H  1
2703  2.1694408e-03 1.58e-07 1.04e-02 -11.0 3.72e-04    -  1.00e+00 1.00e+00H  1
2704  2.1696574e-03 3.29e-09 4.97e-04 -11.0 3.33e-04    -  1.00e+00 1.00e+00H  1
2705  2.1693000e-03 2.07e-05 6.43e-04 -11.0 2.48e-04    -  1.00e+00 1.00e+00h  1
2706  2.1693189e-03 3.33e-07 1.32e-03 -11.0 4.36e-05    -  1.00e+00 1.00e+00h  1
2707  2.1693093e-03 1.73e-07 1.30e-03 -11.0 4.88e-05    -  1.00e+00 1.00e+00h  1
2708  2.1693595e-03 2.04e-08 1.29e-04 -11.0 3.41e-04    -  1.00e+00 1.00e+00H  1
2709  2.1692951e-03 5.34e-06 3.00e-03 -11.0 2.27e-04    -  1.00e+00 1.00e+00h  1
iter    objective    inf_pr   inf_du lg(mu)  ||d||  lg(rg) alpha_du alpha_pr  ls
2710  2.1694196e-03 2.51e-09 1.89e-04 -11.0 1.54e-04    -  1.00e+00 1.00e+00H  1
2711  2.1692496e-03 6.93e-06 1.66e-03 -11.0 1.15e-04    -  1.00e+00 1.00e+00h  1
2712  2.1692474e-03 5.58e-08 6.96e-04 -11.0 7.59e-05    -  1.00e+00 1.00e+00h  1
2713  2.1692366e-03 7.58e-06 1.17e-02 -11.0 7.07e-03    -  1.00e+00 1.25e-01h  4
2714  2.1692226e-03 9.43e-06 1.39e-02 -11.0 1.93e-02    -  1.00e+00 3.12e-02h  6
2715  2.1691857e-03 1.09e-05 1.18e-02 -11.0 1.16e-02    -  1.00e+00 6.25e-02h  5
2716  2.1691660e-03 1.09e-05 1.34e-02 -11.0 1.03e-02    -  1.00e+00 3.12e-02h  6
2717  2.1691309e-03 1.46e-05 1.33e-02 -11.0 4.44e-03    -  1.00e+00 1.25e-01h  4
2718  2.1691170e-03 6.30e-05 2.67e-02 -11.0 4.31e-02    -  1.00e+00 6.25e-02h  5
2719  2.1690680e-03 6.40e-05 2.65e-02 -11.0 4.39e-02    -  1.00e+00 1.56e-02h  7
iter    objective    inf_pr   inf_du lg(mu)  ||d||  lg(rg) alpha_du alpha_pr  ls
2720  2.1687562e-03 1.22e-04 5.05e-03 -11.0 3.07e-02    -  1.00e+00 1.25e-01h  4
2721  2.1686487e-03 4.80e-04 4.25e-02 -11.0 1.13e+00    -  1.00e+00 7.81e-03h  8
2722  2.1684119e-03 7.67e-04 5.00e-02 -11.0 1.02e+00    -  1.00e+00 7.81e-03h  8
2723  6.3065052e-02 1.19e+01 2.44e+00 -11.0 2.35e+00    -  1.00e+00 1.00e+00w  1
2724  1.0876800e+04 9.29e+01 9.18e+01 -11.0 4.78e+01    -  1.00e+00 1.00e+00w  1
2725  3.3970949e+01 8.66e+00 3.78e+02 -11.0 5.29e+01    -  1.00e+00 1.00e+00w  1
2726  2.1682371e-03 8.58e-04 4.82e-02 -11.0 7.21e+00    -  1.00e+00 1.95e-03h  9
2727  2.1680721e-03 1.73e-04 1.24e-02 -11.0 6.18e-03    -  1.00e+00 1.00e+00h  1
2728  2.1679602e-03 1.87e-04 3.93e-02 -11.0 2.13e-01    -  1.00e+00 7.81e-03h  8
2729  2.1678516e-03 1.81e-04 4.75e-02 -11.0 9.61e-03    -  1.00e+00 3.12e-02h  6
iter    objective    inf_pr   inf_du lg(mu)  ||d||  lg(rg) alpha_du alpha_pr  ls
2730  2.1682417e-03 4.52e-05 3.05e-02 -11.0 3.49e-03    -  1.00e+00 1.00e+00h  1
2731  2.1680194e-03 9.53e-05 1.83e-02 -11.0 1.14e-01    -  1.00e+00 3.12e-02h  6
2732  2.1679046e-03 1.13e-04 1.35e-02 -11.0 4.80e-01    -  1.00e+00 3.91e-03h  9
2733  2.1678389e-03 2.65e-04 6.30e-03 -11.0 1.33e+00    -  1.00e+00 3.91e-03h  9
2734  2.1676813e-03 4.26e-04 1.60e-02 -11.0 1.48e+00    -  1.00e+00 3.91e-03h  9
2735  2.1674748e-03 6.93e-04 3.61e-02 -11.0 3.81e+00    -  1.00e+00 1.95e-03h 10
2736  2.1673282e-03 7.73e-04 5.43e-02 -11.0 4.31e+00    -  1.00e+00 9.77e-04h 11
2737  2.1672784e-03 9.55e-04 5.01e-02 -11.0 3.22e+00    -  1.00e+00 1.95e-03h 10
2738  2.1672462e-03 9.44e-04 6.29e-02 -11.0 9.35e-02    -  1.00e+00 1.56e-02h  7
2739  2.1671001e-03 9.73e-04 5.44e-02 -11.0 5.79e-02    -  1.00e+00 6.25e-02h  5
iter    objective    inf_pr   inf_du lg(mu)  ||d||  lg(rg) alpha_du alpha_pr  ls
2740  2.1669647e-03 9.95e-04 5.27e-02 -11.0 2.68e-01    -  1.00e+00 7.81e-03h  8
2741  2.3885006e-03 6.06e-02 1.10e-01 -11.0 9.54e-02    -  1.00e+00 1.00e+00w  1
2742  7.7197223e-03 1.33e-01 6.79e-01 -11.0 1.25e-01    -  1.00e+00 1.00e+00w  1
2743  4.9093287e-03 1.12e-01 3.03e-01 -11.0 7.84e-02    -  1.00e+00 1.00e+00w  1
2744  2.1668697e-03 1.16e-03 5.60e-02 -11.0 1.55e-01    -  1.00e+00 6.25e-02h  4
2745  2.1666293e-03 1.16e-03 5.46e-02 -11.0 1.04e-01    -  1.00e+00 1.56e-02h  7
2746  2.1663878e-03 1.16e-03 5.26e-02 -11.0 3.72e-02    -  1.00e+00 6.25e-02h  5
2747  2.1667427e-03 1.20e-03 7.48e-02 -11.0 6.10e-02    -  1.00e+00 3.12e-02h  6
2748  2.1664664e-03 1.14e-03 9.00e-02 -11.0 2.36e-02    -  1.00e+00 6.25e-02h  5
2749  2.1669765e-03 1.01e-03 1.18e-01 -11.0 8.29e-03    -  1.00e+00 1.25e-01h  4
iter    objective    inf_pr   inf_du lg(mu)  ||d||  lg(rg) alpha_du alpha_pr  ls
2750  2.1669393e-03 1.71e-04 2.39e-02 -11.0 4.13e-03    -  1.00e+00 1.00e+00h  1
2751  2.1667140e-03 1.92e-04 6.62e-03 -11.0 4.23e-02    -  1.00e+00 6.25e-02h  5
2752  2.1664632e-03 1.90e-04 3.15e-02 -11.0 2.13e-02    -  1.00e+00 6.25e-02h  5
2753  2.1663051e-03 1.67e-04 4.84e-02 -11.0 2.70e-03    -  1.00e+00 1.25e-01h  4
2754  2.1652908e-03 6.03e-05 4.36e-03 -11.0 2.75e-03    -  1.00e+00 1.00e+00h  1
2755  2.1652226e-03 6.63e-05 1.83e-02 -11.0 2.76e-02    -  1.00e+00 3.12e-02h  6
2756  2.1668566e-03 5.84e-05 1.25e-02 -11.0 4.48e-03    -  1.00e+00 2.50e-01h  3
2757  2.1650463e-03 7.76e-05 1.12e-03 -11.0 4.87e-04    -  1.00e+00 1.00e+00h  1
2758  2.1650428e-03 4.96e-06 1.83e-03 -11.0 3.14e-04    -  1.00e+00 1.00e+00h  1
2759  2.1657588e-03 4.66e-07 4.88e-03 -11.0 1.58e-03    -  1.00e+00 1.00e+00H  1
iter    objective    inf_pr   inf_du lg(mu)  ||d||  lg(rg) alpha_du alpha_pr  ls
2760  2.1664984e-03 1.85e-07 1.10e-02 -11.0 4.32e-03    -  1.00e+00 1.00e+00H  1
2761  2.1663095e-03 2.67e-07 1.28e-02 -11.0 3.39e-02    -  1.00e+00 7.81e-03h  8
2762  2.1662840e-03 2.69e-07 1.31e-02 -11.0 3.67e-02    -  1.00e+00 9.77e-04h 11
2763  2.1662695e-03 2.69e-07 1.32e-02 -11.0 6.99e-03    -  1.00e+00 1.95e-03h 10
2764  2.1662558e-03 2.69e-07 1.32e-02 -11.0 2.53e-02    -  1.00e+00 4.88e-04h 12
2765  2.1656954e-03 1.97e-06 8.43e-03 -11.0 1.93e-02    -  1.00e+00 3.12e-02h  6
2766  2.1647056e-03 7.63e-05 1.71e-02 -11.0 5.01e-02    -  1.00e+00 1.25e-01h  4
2767  2.1640610e-03 1.36e-04 3.60e-02 -11.0 4.12e-01    -  1.00e+00 1.56e-02h  7
2768  2.1633724e-03 2.68e-04 5.91e-02 -11.0 9.38e-01    -  1.00e+00 7.81e-03h  8
2769  2.1629696e-03 9.19e-04 7.44e-02 -11.0 2.10e+00    -  1.00e+00 7.81e-03h  8
iter    objective    inf_pr   inf_du lg(mu)  ||d||  lg(rg) alpha_du alpha_pr  ls
2770  2.1626571e-03 1.06e-03 7.47e-02 -11.0 2.09e+00    -  1.00e+00 3.91e-03h  9
2771  3.5110647e-02 8.56e-01 2.38e+00 -11.0 1.56e-01    -  1.00e+00 1.00e+00w  1
2772  2.0316384e-02 1.15e+00 2.03e+00 -11.0 7.18e-02    -  1.00e+00 1.00e+00w  1
2773  1.4510277e-02 1.01e+00 6.16e+00 -11.0 7.88e-02    -  1.00e+00 1.00e+00w  1
2774  2.1625191e-03 1.06e-03 6.30e-02 -11.0 1.10e-01    -  1.00e+00 3.91e-03h  8
2775  2.1622165e-03 3.29e-04 1.00e-02 -11.0 1.21e-02    -  1.00e+00 1.00e+00h  1
2776  2.1619603e-03 3.43e-04 1.87e-02 -11.0 1.18e+00    -  1.00e+00 1.95e-03h 10
2777  2.1616109e-03 3.49e-04 2.47e-02 -11.0 3.51e-02    -  1.00e+00 3.12e-02h  6
2778  2.1612615e-03 3.40e-04 4.88e-02 -11.0 1.93e-02    -  1.00e+00 1.25e-01h  4
2779  2.1607571e-03 7.03e-04 5.38e-02 -11.0 1.44e-01    -  1.00e+00 6.25e-02h  5
iter    objective    inf_pr   inf_du lg(mu)  ||d||  lg(rg) alpha_du alpha_pr  ls
2780  2.1606404e-03 1.18e-03 6.89e-02 -11.0 3.02e+00    -  1.00e+00 3.91e-03h  9
2781  2.1604678e-03 1.28e-03 8.48e-02 -11.0 1.82e+00    -  1.00e+00 3.91e-03h  9
2782  2.1602319e-03 1.29e-03 9.34e-02 -11.0 2.23e+00    -  1.00e+00 1.95e-03h 10
2783  2.1601291e-03 1.30e-03 1.10e-01 -11.0 1.02e+00    -  1.00e+00 3.91e-03h  9
2784  2.1604544e-03 1.27e-03 1.55e-01 -11.0 2.56e-01    -  1.00e+00 1.56e-02h  7
2785  2.1605174e-03 1.27e-03 1.54e-01 -11.0 7.68e-02    -  1.00e+00 1.56e-02h  7
2786  2.1782338e-03 1.28e-02 1.24e-01 -11.0 5.22e-02    -  1.00e+00 1.00e+00w  1
2787  1.8103023e-01 1.47e+01 1.14e+01 -11.0 4.12e+00    -  1.00e+00 1.00e+00w  1
2788  2.1882526e+00 2.92e+01 2.23e+01 -11.0 2.43e+00    -  1.00e+00 1.00e+00w  1
2789  2.1602876e-03 1.23e-03 1.38e-01 -11.0 3.76e+00    -  1.00e+00 6.25e-02h  4
iter    objective    inf_pr   inf_du lg(mu)  ||d||  lg(rg) alpha_du alpha_pr  ls
2790  2.1601061e-03 1.42e-03 1.02e-01 -11.0 1.66e-01    -  1.00e+00 6.25e-02h  5
2791  2.1597713e-03 1.42e-03 8.37e-02 -11.0 5.82e-01    -  1.00e+00 1.95e-03h 10
2792  2.1596002e-03 1.35e-03 6.65e-02 -11.0 2.67e-02    -  1.00e+00 6.25e-02h  5
2793  2.1597642e-03 1.19e-03 3.50e-02 -11.0 1.85e-02    -  1.00e+00 1.25e-01h  4
2794  2.1603146e-03 1.12e-03 1.16e-02 -11.0 3.89e-02    -  1.00e+00 1.25e-01h  4
2795  2.1606794e-03 1.24e-03 1.50e-02 -11.0 1.06e-01    -  1.00e+00 6.25e-02h  5
2796  2.1603983e-03 1.22e-03 1.57e-02 -11.0 1.01e-01    -  1.00e+00 1.56e-02h  7
2797  2.1596876e-03 1.53e-03 1.64e-02 -11.0 3.67e-01    -  1.00e+00 3.12e-02h  6
2798  2.1591531e-03 1.76e-03 2.13e-02 -11.0 3.21e+00    -  1.00e+00 1.95e-03h 10
2799  6.0828945e-02 2.77e+01 3.96e+00 -11.0 2.81e+00    -  1.00e+00 1.00e+00w  1
iter    objective    inf_pr   inf_du lg(mu)  ||d||  lg(rg) alpha_du alpha_pr  ls
2800  6.5608502e+03 1.71e+02 4.98e+01 -11.0 2.49e+01    -  1.00e+00 1.00e+00w  1
2801  7.5451761e+01 8.82e+00 5.64e+01 -11.0 2.30e+01    -  1.00e+00 1.00e+00w  1
2802  2.1582846e-03 2.60e-03 2.65e-02 -11.0 2.82e+00    -  1.00e+00 3.91e-03h  8
2803  2.1603769e-03 3.25e-04 1.11e-02 -11.0 1.28e-03    -  1.00e+00 1.00e+00h  1
2804  2.1573377e-03 1.47e-04 4.15e-03 -11.0 2.38e-03    -  1.00e+00 1.00e+00h  1
2805  2.1954997e-03 3.01e-05 7.60e-02 -11.0 2.00e-03    -  1.00e+00 1.00e+00H  1
2806  2.1571759e-03 2.83e-04 1.78e-03 -11.0 1.74e-03    -  1.00e+00 1.00e+00h  1
2807  2.1570355e-03 2.57e-06 3.99e-03 -11.0 1.08e-04    -  1.00e+00 1.00e+00h  1
2808  2.1569049e-03 5.07e-06 5.41e-03 -11.0 2.05e-04    -  1.00e+00 1.00e+00h  1
2809  2.1639491e-03 2.28e-07 3.08e-02 -11.0 2.63e-03    -  1.00e+00 1.00e+00H  1
iter    objective    inf_pr   inf_du lg(mu)  ||d||  lg(rg) alpha_du alpha_pr  ls
2810  2.1571771e-03 7.59e-07 1.11e-02 -11.0 1.15e-03    -  1.00e+00 1.00e+00H  1
2811  2.1571484e-03 3.10e-08 1.30e-02 -11.0 7.61e-04    -  1.00e+00 1.00e+00H  1
2812  2.1570932e-03 1.19e-06 5.60e-03 -11.0 5.01e-04    -  1.00e+00 1.00e+00H  1
2813  2.1564012e-03 3.94e-05 4.64e-03 -11.0 4.08e-04    -  1.00e+00 1.00e+00h  1
2814  2.1563783e-03 1.42e-06 2.27e-03 -11.0 1.18e-04    -  1.00e+00 1.00e+00h  1
2815  2.1562586e-03 2.64e-06 9.78e-03 -11.0 3.33e-04    -  1.00e+00 1.00e+00h  1
2816  2.1689472e-03 6.99e-08 1.83e-03 -11.0 5.43e-03    -  1.00e+00 1.00e+00H  1
2817  2.1731089e-03 3.47e-09 1.99e-03 -11.0 2.22e-03    -  1.00e+00 1.00e+00H  1
2818  2.1730245e-03 6.56e-09 1.99e-03 -11.0 5.35e-03    -  1.00e+00 1.95e-03h 10
2819  2.1729671e-03 8.20e-09 1.99e-03 -11.0 8.70e-03    -  1.00e+00 9.77e-04h 11
iter    objective    inf_pr   inf_du lg(mu)  ||d||  lg(rg) alpha_du alpha_pr  ls
2820  2.1728618e-03 1.17e-08 1.98e-03 -11.0 5.74e-03    -  1.00e+00 1.95e-03h 10
2821  2.1727294e-03 1.18e-08 1.97e-03 -11.0 5.10e-03    -  1.00e+00 1.95e-03h 10
2822  2.1568449e-03 9.31e-08 1.57e-02 -11.0 3.72e-03    -  1.00e+00 1.00e+00H  1
2823  2.1567181e-03 2.94e-05 2.05e-02 -11.0 2.63e-03    -  1.00e+00 2.50e-01h  3
2824  2.1553582e-03 2.73e-05 2.29e-03 -11.0 7.48e-04    -  1.00e+00 1.00e+00h  1
2825  2.1556210e-03 1.79e-05 1.64e-03 -11.0 3.97e-04    -  1.00e+00 1.00e+00h  1
2826  2.1552619e-03 1.27e-05 8.03e-04 -11.0 2.36e-04    -  1.00e+00 1.00e+00h  1
2827  2.1552406e-03 6.06e-07 2.24e-04 -11.0 6.02e-05    -  1.00e+00 1.00e+00h  1
2828  2.1551358e-03 3.91e-06 4.52e-03 -11.0 4.15e-04    -  1.00e+00 1.00e+00h  1
2829  2.1614412e-03 5.08e-09 1.40e-03 -11.0 2.54e-03    -  1.00e+00 1.00e+00H  1
iter    objective    inf_pr   inf_du lg(mu)  ||d||  lg(rg) alpha_du alpha_pr  ls
2830  2.1550544e-03 7.60e-05 2.43e-02 -11.0 1.26e-03    -  1.00e+00 1.00e+00h  1
2831  2.1549921e-03 3.83e-05 7.60e-03 -11.0 4.07e-04    -  1.00e+00 5.00e-01h  2
2832  2.1548935e-03 2.73e-06 5.41e-04 -11.0 1.01e-04    -  1.00e+00 1.00e+00h  1
2833  2.1548797e-03 1.67e-07 1.95e-03 -11.0 7.16e-05    -  1.00e+00 1.00e+00h  1
2834  2.1548590e-03 1.33e-05 7.20e-03 -11.0 5.89e-04    -  1.00e+00 1.00e+00h  1
2835  2.1548068e-03 1.48e-05 1.68e-02 -11.0 6.89e-03    -  1.00e+00 6.25e-02h  5
2836  2.1548010e-03 1.82e-05 4.04e-02 -11.0 8.53e-03    -  1.00e+00 1.25e-01h  4
2837  2.1547762e-03 1.90e-05 4.71e-02 -11.0 9.39e-03    -  1.00e+00 6.25e-02h  5
2838  2.1561593e-03 6.92e-08 3.79e-02 -11.0 7.86e-04    -  1.00e+00 1.00e+00H  1
2839  2.1552411e-03 2.79e-08 3.83e-04 -11.0 7.00e-04    -  1.00e+00 1.00e+00H  1
iter    objective    inf_pr   inf_du lg(mu)  ||d||  lg(rg) alpha_du alpha_pr  ls
2840  2.1548341e-03 1.17e-06 1.75e-02 -11.0 1.47e-03    -  1.00e+00 1.00e+00H  1
2841  2.1573420e-03 1.22e-08 8.94e-04 -11.0 6.78e-04    -  1.00e+00 1.00e+00H  1
2842  2.1544576e-03 1.07e-04 5.89e-03 -11.0 1.05e-03    -  1.00e+00 1.00e+00h  1
2843  2.1544854e-03 3.38e-06 2.88e-03 -11.0 2.91e-04    -  1.00e+00 1.00e+00h  1
2844  2.1543825e-03 7.50e-06 1.05e-02 -11.0 5.31e-04    -  1.00e+00 1.00e+00h  1
2845  2.1543577e-03 9.69e-06 1.79e-02 -11.0 4.07e-03    -  1.00e+00 1.25e-01h  4
2846  2.1553043e-03 2.38e-08 1.07e-03 -11.0 1.77e-03    -  1.00e+00 1.00e+00H  1
2847  2.1552181e-03 2.59e-07 1.28e-03 -11.0 2.24e-03    -  1.00e+00 3.12e-02h  6
2848  2.1583588e-03 4.00e-09 1.07e-03 -11.0 1.42e-03    -  1.00e+00 1.00e+00H  1
2849  2.1541855e-03 9.03e-05 2.28e-02 -11.0 8.25e-04    -  1.00e+00 1.00e+00h  1
iter    objective    inf_pr   inf_du lg(mu)  ||d||  lg(rg) alpha_du alpha_pr  ls
2850  2.1540893e-03 6.55e-06 1.04e-02 -11.0 5.73e-04    -  1.00e+00 1.00e+00h  1
2851  2.1552718e-03 1.81e-08 5.62e-04 -11.0 9.73e-04    -  1.00e+00 1.00e+00H  1
2852  2.1540619e-03 1.29e-05 1.56e-03 -11.0 4.53e-04    -  1.00e+00 1.00e+00h  1
2853  2.1541367e-03 3.74e-06 1.03e-03 -11.0 1.30e-04    -  1.00e+00 1.00e+00h  1
2854  2.1540018e-03 1.42e-06 5.77e-04 -11.0 1.03e-04    -  1.00e+00 1.00e+00h  1
2855  2.1539939e-03 3.78e-08 1.88e-04 -11.0 5.01e-05    -  1.00e+00 1.00e+00h  1
2856  2.1539850e-03 2.22e-05 5.16e-03 -11.0 1.87e-02    -  1.00e+00 6.25e-02h  5
2857  2.1539560e-03 2.66e-05 8.92e-03 -11.0 1.70e-02    -  1.00e+00 3.12e-02h  6
2858  2.1539407e-03 2.66e-05 1.03e-02 -11.0 7.48e-03    -  1.00e+00 3.12e-02h  6
2859  2.1547799e-03 1.38e-08 6.65e-04 -11.0 1.29e-03    -  1.00e+00 1.00e+00H  1
iter    objective    inf_pr   inf_du lg(mu)  ||d||  lg(rg) alpha_du alpha_pr  ls
2860  2.1571584e-03 7.45e-09 8.92e-04 -11.0 2.11e-03    -  1.00e+00 1.00e+00H  1
2861  2.1617671e-03 1.25e-09 1.05e-03 -11.0 1.68e-03    -  1.00e+00 1.00e+00H  1
2862  2.1538061e-03 2.17e-04 2.75e-02 -11.0 1.36e-03    -  1.00e+00 1.00e+00h  1
2863  2.1536224e-03 1.08e-04 7.26e-03 -11.0 6.43e-04    -  1.00e+00 5.00e-01h  2
2864  2.1535139e-03 2.47e-06 5.54e-03 -11.0 3.37e-04    -  1.00e+00 1.00e+00h  1
2865  2.1541211e-03 1.55e-09 4.44e-04 -11.0 8.65e-04    -  1.00e+00 1.00e+00H  1
2866  2.1536274e-03 2.22e-07 1.61e-02 -11.0 3.00e-04    -  1.00e+00 1.00e+00H  1
2867  2.1534313e-03 1.74e-05 9.74e-03 -11.0 2.44e-04    -  1.00e+00 1.00e+00h  1
2868  2.1533534e-03 1.19e-06 5.04e-03 -11.0 1.89e-04    -  1.00e+00 1.00e+00h  1
2869  2.1535385e-03 3.89e-07 1.10e-02 -11.0 5.79e-04    -  1.00e+00 1.00e+00H  1
iter    objective    inf_pr   inf_du lg(mu)  ||d||  lg(rg) alpha_du alpha_pr  ls
2870  2.1534394e-03 3.99e-07 1.30e-02 -11.0 1.07e-03    -  1.00e+00 1.00e+00H  1
2871  2.1533045e-03 2.37e-06 8.50e-03 -11.0 5.69e-03    -  1.00e+00 6.25e-02h  5
2872  2.1547158e-03 2.03e-10 8.14e-04 -11.0 6.76e-04    -  1.00e+00 1.00e+00H  1
2873  2.1530310e-03 9.05e-05 2.90e-03 -11.0 4.83e-04    -  1.00e+00 1.00e+00h  1
2874  2.1530552e-03 2.53e-06 1.43e-03 -11.0 5.19e-04    -  1.00e+00 1.00e+00h  1
2875  2.1530241e-03 1.11e-05 5.95e-03 -11.0 6.34e-03    -  1.00e+00 2.50e-01h  3
2876  2.1528381e-03 9.33e-05 1.99e-02 -11.0 1.50e-01    -  1.00e+00 3.12e-02h  6
2877  2.1527179e-03 1.43e-04 1.80e-02 -11.0 8.11e-01    -  1.00e+00 3.91e-03h  9
2878  2.1526789e-03 1.50e-04 1.69e-02 -11.0 3.27e-01    -  1.00e+00 3.91e-03h  9
2879  2.1524883e-03 1.66e-04 1.48e-02 -11.0 3.95e-02    -  1.00e+00 6.25e-02h  5
iter    objective    inf_pr   inf_du lg(mu)  ||d||  lg(rg) alpha_du alpha_pr  ls
2880  2.1518782e-03 5.99e-04 3.47e-02 -11.0 1.27e+00    -  1.00e+00 7.81e-03h  8
2881  2.1516827e-03 1.41e-03 5.95e-02 -11.0 6.54e+00    -  1.00e+00 1.95e-03h 10
2882  2.1514874e-03 1.45e-03 5.56e-02 -11.0 1.55e+00    -  1.00e+00 1.95e-03h 10
2883  2.1514767e-03 1.43e-03 2.67e-02 -11.0 3.01e-01    -  1.00e+00 1.56e-02h  7
2884  2.1512114e-03 1.41e-03 3.03e-02 -11.0 8.38e-02    -  1.00e+00 1.56e-02h  7
2885  2.7123894e-03 5.25e-02 3.13e-01 -11.0 7.89e-02    -  1.00e+00 1.00e+00w  1
2886  7.2973162e-03 1.52e-01 3.03e-01 -11.0 6.83e-02    -  1.00e+00 1.00e+00w  1
2887  4.7319472e-03 4.23e-01 1.30e+00 -11.0 5.35e-02    -  1.00e+00 1.00e+00w  1
2888  2.1508329e-03 1.37e-03 4.50e-02 -11.0 2.12e-01    -  1.00e+00 3.12e-02h  5
2889  2.1505408e-03 1.33e-03 3.58e-02 -11.0 5.04e-02    -  1.00e+00 3.12e-02h  6
iter    objective    inf_pr   inf_du lg(mu)  ||d||  lg(rg) alpha_du alpha_pr  ls
2890  2.1514960e-03 1.21e-03 2.04e-02 -11.0 4.60e-02    -  1.00e+00 1.25e-01h  4
2891  2.1511560e-03 1.21e-03 2.40e-02 -11.0 1.02e-01    -  1.00e+00 7.81e-03h  8
2892  2.1510916e-03 1.15e-03 2.13e-02 -11.0 1.84e-02    -  1.00e+00 6.25e-02h  5
2893  2.1505152e-03 6.15e-04 2.59e-02 -11.0 4.80e-03    -  1.00e+00 5.00e-01h  2
2894  2.1510804e-03 6.04e-04 2.80e-02 -11.0 3.09e-02    -  1.00e+00 1.25e-01h  4
2895  2.1507327e-03 5.90e-04 5.03e-02 -11.0 1.70e-02    -  1.00e+00 6.25e-02h  5
2896  2.1502690e-03 3.24e-04 3.83e-02 -11.0 3.36e-03    -  1.00e+00 5.00e-01h  2
2897  2.1519000e-03 3.94e-04 1.52e-02 -11.0 8.05e-03    -  1.00e+00 2.50e-01h  3
2898  2.1534498e-03 8.47e-05 2.92e-02 -11.0 1.21e-03    -  1.00e+00 1.00e+00w  1
2899  2.1506431e-03 1.02e-04 5.06e-03 -11.0 3.02e-03    -  1.00e+00 1.00e+00h  1
iter    objective    inf_pr   inf_du lg(mu)  ||d||  lg(rg) alpha_du alpha_pr  ls
2900  2.1499896e-03 1.46e-04 2.17e-02 -11.0 9.02e-03    -  1.00e+00 1.25e-01h  4
2901  2.1503649e-03 1.13e-04 3.60e-02 -11.0 1.83e-03    -  1.00e+00 5.00e-01h  2
2902  2.1490443e-03 3.20e-05 8.86e-03 -11.0 1.03e-03    -  1.00e+00 1.00e+00h  1
2903  2.1533974e-03 2.87e-06 4.39e-02 -11.0 9.59e-04    -  1.00e+00 1.00e+00H  1
2904  2.1487490e-03 1.03e-04 3.98e-03 -11.0 7.98e-04    -  1.00e+00 1.00e+00h  1
2905  2.1487592e-03 1.38e-06 1.29e-03 -11.0 1.20e-04    -  1.00e+00 1.00e+00h  1
2906  2.1486614e-03 1.44e-06 1.72e-03 -11.0 3.13e-04    -  1.00e+00 1.00e+00h  1
2907  2.1484420e-03 8.17e-05 4.07e-03 -11.0 1.46e-02    -  1.00e+00 1.25e-01h  4
2908  2.1483582e-03 8.19e-05 4.33e-03 -11.0 2.63e-02    -  1.00e+00 1.56e-02h  7
2909  2.1482481e-03 7.51e-05 5.37e-03 -11.0 5.29e-03    -  1.00e+00 1.25e-01h  4
iter    objective    inf_pr   inf_du lg(mu)  ||d||  lg(rg) alpha_du alpha_pr  ls
2910  2.1480835e-03 9.85e-05 4.94e-03 -11.0 1.29e-02    -  1.00e+00 1.25e-01h  4
2911  2.1480608e-03 1.32e-04 6.92e-03 -11.0 2.67e-02    -  1.00e+00 6.25e-02h  5
2912  2.1474971e-03 3.21e-04 8.17e-03 -11.0 7.95e-02    -  1.00e+00 6.25e-02h  5
2913  2.1473114e-03 3.25e-04 2.19e-02 -11.0 1.32e-01    -  1.00e+00 7.81e-03h  8
2914  2.1471128e-03 3.28e-04 2.69e-02 -11.0 3.68e-02    -  1.00e+00 6.25e-02h  5
2915  2.1469763e-03 3.30e-04 1.74e-02 -11.0 1.10e-01    -  1.00e+00 1.56e-02h  7
2916  2.1468352e-03 3.21e-04 9.46e-03 -11.0 2.16e-02    -  1.00e+00 6.25e-02h  5
2917  2.1757647e-03 2.36e-03 1.26e-01 -11.0 6.17e-03    -  1.00e+00 1.00e+00w  1
2918  2.1489209e-03 1.07e-03 4.08e-02 -11.0 4.32e-03    -  1.00e+00 1.00e+00w  1
2919  2.2380590e-03 7.00e-03 1.59e-01 -11.0 5.65e-03    -  1.00e+00 1.00e+00w  1
iter    objective    inf_pr   inf_du lg(mu)  ||d||  lg(rg) alpha_du alpha_pr  ls
2920  2.1440954e-03 4.33e-03 3.92e-02 -11.0 4.17e-03    -  1.00e+00 1.00e+00h  1
2921  2.1466016e-03 1.37e-04 1.36e-02 -11.0 1.04e-03    -  1.00e+00 1.00e+00h  1
2922  2.1467289e-03 4.36e-05 4.27e-03 -11.0 4.34e-04    -  1.00e+00 1.00e+00h  1
2923  2.1457379e-03 8.73e-06 3.26e-03 -11.0 2.41e-04    -  1.00e+00 1.00e+00h  1
2924  2.1456861e-03 3.89e-07 1.91e-03 -11.0 8.31e-05    -  1.00e+00 1.00e+00h  1
2925  2.1455955e-03 4.33e-06 3.64e-03 -11.0 2.55e-04    -  1.00e+00 1.00e+00h  1
2926  2.1470444e-03 7.84e-08 7.59e-03 -11.0 1.39e-03    -  1.00e+00 1.00e+00H  1
2927  2.1467006e-03 1.53e-06 1.45e-02 -11.0 8.48e-04    -  1.00e+00 1.00e+00H  1
2928  2.1454311e-03 1.09e-04 6.41e-03 -11.0 1.07e-03    -  1.00e+00 1.00e+00h  1
2929  2.1455101e-03 5.58e-05 7.86e-03 -11.0 4.42e-04    -  1.00e+00 5.00e-01h  2
iter    objective    inf_pr   inf_du lg(mu)  ||d||  lg(rg) alpha_du alpha_pr  ls
2930  2.1452780e-03 8.02e-06 2.10e-03 -11.0 3.26e-04    -  1.00e+00 1.00e+00h  1
2931  2.1454126e-03 5.07e-06 2.14e-03 -11.0 2.33e-04    -  1.00e+00 1.00e+00h  1
2932  2.1452156e-03 2.12e-06 1.84e-03 -11.0 1.57e-04    -  1.00e+00 1.00e+00h  1
2933  2.1451955e-03 5.84e-07 1.68e-03 -11.0 6.04e-05    -  1.00e+00 1.00e+00h  1
2934  2.1451575e-03 2.69e-07 6.80e-04 -11.0 1.06e-04    -  1.00e+00 1.00e+00h  1
2935  2.1451235e-03 1.00e-05 8.13e-03 -11.0 4.50e-03    -  1.00e+00 1.25e-01h  4
2936  2.1490968e-03 2.44e-08 1.23e-03 -11.0 1.95e-03    -  1.00e+00 1.00e+00H  1
2937  2.1455713e-03 7.29e-08 9.06e-03 -11.0 6.19e-04    -  1.00e+00 1.00e+00H  1
2938  2.1451180e-03 1.32e-05 2.40e-03 -11.0 3.41e-04    -  1.00e+00 1.00e+00h  1
2939  2.1449345e-03 4.51e-06 2.15e-03 -11.0 1.40e-04    -  1.00e+00 1.00e+00h  1
iter    objective    inf_pr   inf_du lg(mu)  ||d||  lg(rg) alpha_du alpha_pr  ls
2940  2.1449004e-03 3.07e-07 5.75e-04 -11.0 6.09e-05    -  1.00e+00 1.00e+00h  1
2941  2.1448890e-03 5.22e-07 4.63e-04 -11.0 1.03e-04    -  1.00e+00 1.00e+00h  1
2942  2.1448890e-03 1.18e-05 3.56e-03 -11.0 3.71e-03    -  1.00e+00 1.25e-01h  4
2943  2.1484410e-03 1.52e-08 9.35e-04 -11.0 1.46e-03    -  1.00e+00 1.00e+00H  1
2944  2.1448293e-03 1.83e-04 2.65e-03 -11.0 1.35e-03    -  1.00e+00 1.00e+00h  1
2945  2.1448725e-03 1.42e-04 2.75e-03 -11.0 9.59e-04    -  1.00e+00 2.50e-01h  3
2946  2.1448255e-03 1.92e-06 7.44e-04 -11.0 1.57e-04    -  1.00e+00 1.00e+00h  1
2947  2.1448507e-03 9.04e-07 1.75e-03 -11.0 1.08e-04    -  1.00e+00 1.00e+00h  1
2948  2.1448032e-03 2.85e-07 4.01e-04 -11.0 4.41e-05    -  1.00e+00 1.00e+00h  1
2949  2.1447978e-03 3.39e-08 1.22e-05 -11.0 1.77e-05    -  1.00e+00 1.00e+00h  1
iter    objective    inf_pr   inf_du lg(mu)  ||d||  lg(rg) alpha_du alpha_pr  ls
2950  2.1447714e-03 4.80e-07 4.50e-04 -11.0 1.80e-04    -  1.00e+00 1.00e+00h  1
2951  2.1447517e-03 3.00e-06 3.31e-03 -11.0 5.60e-03    -  1.00e+00 6.25e-02h  5
2952  2.1481458e-03 6.96e-09 9.44e-04 -11.0 2.67e-03    -  1.00e+00 1.00e+00H  1
2953  2.1463495e-03 3.08e-09 7.59e-04 -11.0 7.31e-04    -  1.00e+00 1.00e+00H  1
2954  2.1453058e-03 8.86e-10 5.50e-04 -11.0 1.19e-03    -  1.00e+00 1.00e+00H  1
2955  2.1456790e-03 1.94e-10 5.30e-04 -11.0 1.20e-03    -  1.00e+00 1.00e+00H  1
2956  2.1456745e-03 2.42e-10 5.29e-04 -11.0 2.06e-03    -  1.00e+00 9.77e-04h 11
2957  2.1456705e-03 2.67e-10 5.28e-04 -11.0 1.14e-03    -  1.00e+00 9.77e-04h 11
2958  2.1446352e-03 4.40e-05 7.25e-03 -11.0 5.62e-04    -  1.00e+00 1.00e+00h  1
2959  2.1444393e-03 1.16e-05 1.31e-03 -11.0 2.00e-04    -  1.00e+00 1.00e+00h  1
iter    objective    inf_pr   inf_du lg(mu)  ||d||  lg(rg) alpha_du alpha_pr  ls
2960  2.1444783e-03 4.62e-06 1.63e-03 -11.0 1.35e-04    -  1.00e+00 1.00e+00h  1
2961  2.1444222e-03 1.30e-06 1.49e-04 -11.0 8.44e-05    -  1.00e+00 1.00e+00h  1
2962  2.1444178e-03 8.14e-09 1.83e-05 -11.0 1.68e-05    -  1.00e+00 1.00e+00h  1
2963  2.1451915e-03 1.69e-09 1.04e-03 -11.0 1.29e-03    -  1.00e+00 1.00e+00H  1
2964  2.1451879e-03 7.96e-09 6.88e-04 -11.0 9.78e-04    -  1.00e+00 1.00e+00H  1
2965  2.1459754e-03 1.99e-11 4.82e-04 -11.0 1.05e-03    -  1.00e+00 1.00e+00H  1
2966  2.1444883e-03 3.25e-09 2.87e-04 -11.0 3.80e-04    -  1.00e+00 1.00e+00H  1
2967  2.1440825e-03 6.52e-06 1.61e-03 -11.0 5.99e-04    -  1.00e+00 1.00e+00h  1
2968  2.1445276e-03 1.22e-09 2.66e-04 -11.0 2.01e-03    -  1.00e+00 1.00e+00H  1
2969  2.1445256e-03 1.19e-09 2.65e-04 -11.0 1.60e-02    -  1.00e+00 4.88e-04h 12
iter    objective    inf_pr   inf_du lg(mu)  ||d||  lg(rg) alpha_du alpha_pr  ls
2970  2.1445241e-03 1.14e-09 2.65e-04 -11.0 1.15e-02    -  1.00e+00 4.88e-04h 12
2971  2.1445218e-03 1.15e-09 2.64e-04 -11.0 1.74e-02    -  1.00e+00 2.44e-04h 13
2972  2.1443619e-03 2.03e-06 1.21e-03 -11.0 1.72e-03    -  1.00e+00 6.25e-02h  5
2973  2.1455914e-03 5.57e-10 6.39e-04 -11.0 1.33e-03    -  1.00e+00 1.00e+00H  1
2974  2.1442594e-03 3.29e-05 9.61e-03 -11.0 1.26e-03    -  1.00e+00 1.00e+00h  1
2975  2.1439945e-03 2.87e-05 1.63e-03 -11.0 3.03e-03    -  1.00e+00 2.50e-01h  3
2976  2.1439278e-03 1.76e-05 1.61e-03 -11.0 7.42e-04    -  1.00e+00 5.00e-01h  2
2977  2.1442728e-03 1.16e-07 3.43e-03 -11.0 6.78e-04    -  1.00e+00 1.00e+00H  1
2978  2.1444383e-03 1.96e-08 4.76e-04 -11.0 4.33e-04    -  1.00e+00 1.00e+00H  1
2979  2.1436738e-03 4.31e-05 6.51e-03 -11.0 5.06e-04    -  1.00e+00 1.00e+00h  1
iter    objective    inf_pr   inf_du lg(mu)  ||d||  lg(rg) alpha_du alpha_pr  ls
2980  2.1438122e-03 5.36e-06 2.89e-03 -11.0 2.16e-04    -  1.00e+00 1.00e+00h  1
2981  2.1436395e-03 4.91e-06 9.20e-04 -11.0 1.31e-04    -  1.00e+00 1.00e+00h  1
2982  2.1436269e-03 5.58e-08 1.00e-03 -11.0 4.58e-05    -  1.00e+00 1.00e+00h  1
2983  2.1435586e-03 8.38e-06 7.45e-03 -11.0 7.04e-04    -  1.00e+00 1.00e+00h  1
2984  2.1434865e-03 2.13e-05 1.42e-02 -11.0 1.67e-02    -  1.00e+00 6.25e-02h  5
2985  2.1434607e-03 2.14e-05 1.52e-02 -11.0 8.56e-03    -  1.00e+00 3.12e-02h  6
2986  2.1435314e-03 2.45e-05 1.27e-02 -11.0 2.25e-03    -  1.00e+00 2.50e-01h  3
2987  2.1433992e-03 1.27e-05 6.40e-03 -11.0 4.52e-04    -  1.00e+00 5.00e-01h  2
2988  2.1432773e-03 7.50e-06 2.35e-03 -11.0 4.24e-04    -  1.00e+00 5.00e-01h  2
2989  2.1434301e-03 8.14e-06 5.13e-03 -11.0 1.92e-04    -  1.00e+00 1.00e+00h  1
iter    objective    inf_pr   inf_du lg(mu)  ||d||  lg(rg) alpha_du alpha_pr  ls
2990  2.1432013e-03 3.53e-06 4.51e-04 -11.0 2.58e-04    -  1.00e+00 1.00e+00h  1
2991  2.1431939e-03 1.02e-06 5.11e-04 -11.0 2.23e-04    -  1.00e+00 1.00e+00h  1
2992  2.1435683e-03 1.68e-06 5.28e-03 -11.0 2.10e-03    -  1.00e+00 1.00e+00H  1
2993  2.1435351e-03 1.62e-06 4.18e-03 -11.0 2.05e-02    -  1.00e+00 7.81e-03h  8
2994  2.1434448e-03 2.04e-06 2.96e-03 -11.0 2.77e-03    -  1.00e+00 6.25e-02h  5
2995  2.1433889e-03 1.87e-06 3.53e-03 -11.0 4.34e-03    -  1.00e+00 1.56e-02h  7
2996  2.1434445e-03 4.20e-07 1.77e-02 -11.0 9.86e-04    -  1.00e+00 1.00e+00H  1
2997  2.1433195e-03 8.73e-07 1.52e-02 -11.0 1.20e-03    -  1.00e+00 6.25e-02h  5
2998  2.1429823e-03 1.30e-05 5.33e-03 -11.0 8.18e-04    -  1.00e+00 1.00e+00h  1
2999  2.1429174e-03 1.17e-05 7.67e-03 -11.0 3.10e-03    -  1.00e+00 1.25e-01h  4
iter    objective    inf_pr   inf_du lg(mu)  ||d||  lg(rg) alpha_du alpha_pr  ls
3000  2.1445261e-03 1.38e-09 9.61e-04 -11.0 5.93e-04    -  1.00e+00 1.00e+00H  1

Number of Iterations....: 3000

                                   (scaled)                 (unscaled)
Objective...............:   2.1445261029463644e-03    2.1445261029463644e-03
Dual infeasibility......:   9.6065478992203666e-04    9.6065478992203666e-04
Constraint violation....:   1.3750245247967641e-09    1.3750245247967641e-09
Variable bound violation:   0.0000000000000000e+00    0.0000000000000000e+00
Complementarity.........:   0.0000000000000000e+00    0.0000000000000000e+00
Overall NLP error.......:   9.6065478992203666e-04    9.6065478992203666e-04


Number of objective function evaluations             = 13512
Number of objective gradient evaluations             = 3001
Number of equality constraint evaluations            = 13528
Number of inequality constraint evaluations          = 0
Number of equality constraint Jacobian evaluations   = 3001
Number of inequality constraint Jacobian evaluations = 0
Number of Lagrangian Hessian evaluations             = 0
Total seconds in IPOPT                               = 4194.265

EXIT: Maximum Number of Iterations Exceeded.
shapovalova [4203s]  loss=0.00214
  [final]  nrmse=538.4  l2=37460.0
saved /orcd/home/002/txenakis/projects/BVPsolver/src/../data/runs/run_0oHxpKt3/vanderpol_fit.png
saved /orcd/home/002/txenakis/projects/BVPsolver/src/../data/runs/run_0oHxpKt3/vanderpol_spectral_fit.png
┌ Warning: Attempting to store StiffNN.var"#14#15"{Float64}.
│ JLD2 only stores functions by name.
│  This may not be useful for anonymous functions.
└ @ JLD2 ~/.julia/packages/JLD2/ADycq/src/data/writing_datatypes.jl:447
saved run → /orcd/home/002/txenakis/projects/BVPsolver/src/../data/runs/run_0oHxpKt3
--------------------------------------
Done: Wed Aug 12 11:06:22 EDT 2026
