Task 31/214: --problem rober --model stiff --profile fast --seed 12 --pretraining none --training shapovalova
Logging to /home/txenakis/projects/BVPsolver/logs/run_main_20252509_31.log
rober  model=stiff d=3 tlen=50 profile=fast seed=12  solver=Rodas5  N=318

******************************************************************************
This program contains Ipopt, a library for large-scale nonlinear optimization.
 Ipopt is released as open source code under the Eclipse Public License (EPL).
         For more information visit https://github.com/coin-or/Ipopt
******************************************************************************

This is Ipopt version 3.14.19, running with linear solver MUMPS 5.9.0.

Number of nonzeros in equality constraint Jacobian...:    55503
Number of nonzeros in inequality constraint Jacobian.:        0
Number of nonzeros in Lagrangian Hessian.............:        0

Total number of variables............................:      468
                     variables with only lower bounds:        0
                variables with lower and upper bounds:        0
                     variables with only upper bounds:        0
Total number of equality constraints.................:      153
Total number of inequality constraints...............:        0
        inequality constraints with only lower bounds:        0
   inequality constraints with lower and upper bounds:        0
        inequality constraints with only upper bounds:        0

iter    objective    inf_pr   inf_du lg(mu)  ||d||  lg(rg) alpha_du alpha_pr  ls
   0  1.8845430e-04 3.89e-02 1.20e-05   0.0 0.00e+00    -  0.00e+00 0.00e+00   0
   1  7.6780589e+00 7.21e-04 1.22e+06 -11.0 4.18e-01   0.0 1.00e+00 1.00e+00h  1
   2  5.8151468e+00 9.85e-04 1.00e+06 -11.0 5.44e-01    -  1.00e+00 1.00e+00f  1
   3  2.5216153e+00 1.51e-03 3.19e+05 -11.0 7.58e-01    -  1.00e+00 5.00e-01f  2
   4  1.7379418e+00 1.25e-03 2.29e+05 -11.0 3.63e-01    -  1.00e+00 1.00e+00f  1
   5  1.7463364e+00 5.44e-04 1.93e+07 -11.0 1.26e-01   2.2 1.00e+00 1.00e+00h  1
   6  1.4981444e+00 2.67e-03 1.98e+06 -11.0 5.51e-01    -  1.00e+00 1.00e+00f  1
   7  1.3742233e+00 7.01e-03 5.75e+06 -11.0 1.65e-01   1.8 1.00e+00 1.00e+00f  1
   8  7.4386866e-01 3.24e-03 4.18e+07 -11.0 1.34e-01    -  1.00e+00 1.00e+00f  1
   9  1.4716534e+00 2.38e-03 3.97e+07 -11.0 8.84e-01    -  1.00e+00 2.50e-01h  3
iter    objective    inf_pr   inf_du lg(mu)  ||d||  lg(rg) alpha_du alpha_pr  ls
  10  1.3957283e+00 1.65e-03 5.38e+06 -11.0 1.43e-01    -  1.00e+00 1.00e+00f  1
  11  1.1196807e+00 1.60e-03 6.40e+05 -11.0 1.13e-01    -  1.00e+00 1.00e+00f  1
  12  4.3465514e-01 2.11e-03 4.05e+06 -11.0 3.35e+00    -  1.00e+00 6.25e-02f  5
  13  3.6362544e-01 2.04e-03 2.64e+06 -11.0 6.99e+00    -  1.00e+00 3.12e-02f  6
  14  2.6166924e-01 1.52e-03 1.99e+06 -11.0 9.77e-02   0.8 1.00e+00 1.00e+00h  1
  15  2.1906261e-01 1.80e-03 2.60e+06 -11.0 4.87e-02   1.2 1.00e+00 1.00e+00h  1
  16  1.9098108e-01 1.34e-03 1.81e+07 -11.0 4.06e-02   1.7 1.00e+00 1.00e+00h  1
  17  1.3561116e-01 4.64e-03 7.10e+05 -11.0 1.13e-01    -  1.00e+00 1.00e+00f  1
  18  5.2971642e-02 5.39e-03 2.51e+05 -11.0 7.99e-02    -  1.00e+00 1.00e+00h  1
  19  9.4362022e-02 4.11e-03 2.01e+05 -11.0 4.19e-01    -  1.00e+00 2.50e-01h  3
iter    objective    inf_pr   inf_du lg(mu)  ||d||  lg(rg) alpha_du alpha_pr  ls
  20  2.1713180e-01 5.17e-04 1.33e+05 -11.0 1.58e-01    -  1.00e+00 1.00e+00h  1
  21  1.2825228e-01 1.49e-03 2.00e+05 -11.0 2.92e-01    -  1.00e+00 5.00e-01f  2
  22  8.5457545e-02 5.04e-04 1.19e+06 -11.0 4.19e-02   1.1 1.00e+00 1.00e+00h  1
  23  7.5156469e-02 2.95e-03 1.34e+06 -11.0 1.67e-01    -  1.00e+00 5.00e-01f  2
  24  3.8024270e-02 4.88e-03 7.16e+04 -11.0 1.51e-01    -  1.00e+00 1.00e+00h  1
  25  2.9547703e-02 3.47e-03 1.83e+04 -11.0 9.17e-02    -  1.00e+00 1.00e+00h  1
  26  8.8097003e-03 8.46e-04 1.51e+04 -11.0 2.76e-02    -  1.00e+00 1.00e+00h  1
  27  8.4425248e-03 4.37e-04 6.15e+04 -11.0 3.05e-02   1.1 1.00e+00 5.00e-01h  2
  28  7.9755861e-03 6.33e-04 8.88e+04 -11.0 1.43e-01    -  1.00e+00 2.50e-01h  3
  29  7.9698318e-03 8.54e-04 7.85e+04 -11.0 1.04e-01    -  1.00e+00 6.25e-02h  5
iter    objective    inf_pr   inf_du lg(mu)  ||d||  lg(rg) alpha_du alpha_pr  ls
  30  7.8173544e-03 6.66e-04 1.11e+05 -11.0 7.04e-02    -  1.00e+00 2.50e-01h  3
  31  7.9636601e-03 6.55e-04 1.12e+05 -11.0 9.63e-02    -  1.00e+00 1.56e-02h  7
  32  6.6897633e-03 1.82e-03 4.04e+04 -11.0 6.99e-02    -  1.00e+00 1.00e+00H  1
  33  6.2485613e-03 2.17e-03 1.14e+05 -11.0 3.40e-02   1.0 1.00e+00 1.00e+00h  1
  34  6.4564766e-03 1.20e-03 7.12e+04 -11.0 7.13e-02    -  1.00e+00 2.50e-01h  3
  35  6.3969788e-03 8.80e-04 1.32e+05 -11.0 1.34e-02    -  1.00e+00 2.50e-01h  3
  36  7.6679244e-03 3.70e-04 1.34e+06 -11.0 1.85e-02   2.3 1.00e+00 5.00e-01h  2
  37  1.0070574e-02 4.03e-04 1.56e+05 -11.0 3.07e-02    -  1.00e+00 1.00e+00h  1
  38  1.0159765e-02 3.91e-04 1.22e+05 -11.0 3.04e-02    -  1.00e+00 3.12e-02h  6
  39  9.3904809e-03 1.08e-04 6.80e+06 -11.0 9.01e-03   2.7 1.00e+00 1.00e+00h  1
iter    objective    inf_pr   inf_du lg(mu)  ||d||  lg(rg) alpha_du alpha_pr  ls
  40  9.5144604e-03 1.86e-05 9.13e+04 -11.0 1.40e-03   2.2 1.00e+00 1.00e+00h  1
  41  9.5237264e-03 2.04e-06 1.58e+04 -11.0 4.99e-04   1.8 1.00e+00 1.00e+00h  1
  42  9.1959919e-03 1.36e-06 3.34e+03 -11.0 8.60e-04   1.3 1.00e+00 1.00e+00h  1
  43  9.0365206e-03 4.10e-07 1.16e+03 -11.0 4.55e-04   1.7 1.00e+00 1.00e+00h  1
  44  6.8062096e-03 4.96e-04 1.75e+04 -11.0 1.27e-01    -  1.00e+00 2.50e-01f  3
  45  6.0680252e-03 8.46e-04 1.26e+04 -11.0 2.67e-02    -  1.00e+00 1.00e+00h  1
  46  4.5589927e-03 4.00e-04 1.42e+04 -11.0 1.73e-02    -  1.00e+00 1.00e+00h  1
  47  4.5903611e-03 1.15e-04 5.41e+03 -11.0 1.87e-02    -  1.00e+00 1.00e+00h  1
  48  4.3544367e-03 1.94e-04 5.40e+03 -11.0 5.11e-02    -  1.00e+00 2.50e-01h  3
  49  3.9745732e-03 4.79e-03 7.32e+03 -11.0 3.40e-02    -  1.00e+00 1.00e+00H  1
iter    objective    inf_pr   inf_du lg(mu)  ||d||  lg(rg) alpha_du alpha_pr  ls
  50  3.5870031e-03 2.14e-03 7.40e+03 -11.0 3.41e-02    -  1.00e+00 5.00e-01h  2
  51  2.7070010e-03 1.03e-03 5.01e+03 -11.0 5.23e-02    -  1.00e+00 5.00e-01h  2
  52  2.1624621e-03 7.17e-04 4.16e+03 -11.0 3.86e-02    -  1.00e+00 1.00e+00h  1
  53  3.0907200e-03 6.13e-04 1.86e+04 -11.0 3.68e-02    -  1.00e+00 1.00e+00h  1
  54  1.9218322e-03 6.56e-04 1.51e+04 -11.0 2.35e-02    -  1.00e+00 5.00e-01h  2
  55  1.7318581e-03 1.97e-04 1.25e+04 -11.0 2.39e-02    -  1.00e+00 1.00e+00H  1
  56  1.6743750e-03 2.71e-05 4.48e+04 -11.0 1.79e-03   1.9 1.00e+00 1.00e+00h  1
  57  1.6622877e-03 5.49e-03 1.93e+05 -11.0 1.67e-01    -  1.00e+00 5.00e-01h  2
  58  1.6638478e-03 4.81e-03 1.84e+05 -11.0 4.12e-02    -  1.00e+00 1.25e-01h  4
  59  1.6704514e-03 3.60e-03 7.99e+05 -11.0 3.12e-02   2.4 1.00e+00 2.50e-01h  3
iter    objective    inf_pr   inf_du lg(mu)  ||d||  lg(rg) alpha_du alpha_pr  ls
  60  1.6737922e-03 3.58e-03 8.12e+05 -11.0 2.57e-02   2.8 1.00e+00 7.81e-03h  8
  61  1.6741886e-03 3.57e-03 8.13e+05 -11.0 3.18e-02    -  1.00e+00 9.77e-04h 11
  62  1.6742933e-03 3.57e-03 8.13e+05 -11.0 3.18e-02    -  1.00e+00 2.44e-04h 13
  63  3.1254073e-03 1.54e-03 7.67e+06 -11.0 2.68e-02   2.3 1.00e+00 1.00e+00h  1
  64  3.4424826e-03 4.78e-04 5.15e+06 -11.0 1.97e-02   2.7 1.00e+00 1.00e+00h  1
  65  4.0971483e-03 3.41e-05 1.20e+06 -11.0 6.78e-03    -  1.00e+00 1.00e+00h  1
  66  3.9510380e-03 1.31e-05 1.59e+05 -11.0 1.83e-03   2.3 1.00e+00 1.00e+00h  1
  67  2.7420298e-03 1.14e-03 2.16e+05 -11.0 3.73e-02    -  1.00e+00 1.00e+00h  1
  68  3.1773107e-03 8.66e-04 1.68e+07 -11.0 1.97e-02    -  1.00e+00 2.50e-01h  3
  69  3.7500641e-03 5.05e-04 2.00e+07 -11.0 2.69e-02    -  1.00e+00 5.00e-01h  2
iter    objective    inf_pr   inf_du lg(mu)  ||d||  lg(rg) alpha_du alpha_pr  ls
  70  3.9497144e-03 3.89e-04 1.66e+07 -11.0 9.81e-03    -  1.00e+00 2.50e-01h  3
  71  3.9506926e-03 3.88e-04 1.66e+07 -11.0 1.10e-02    -  1.00e+00 9.77e-04h 11
  72  2.9000940e-03 1.53e-04 8.28e+03 -11.0 2.25e-02    -  1.00e+00 1.00e+00h  1
  73  2.6288045e-03 3.47e-04 1.30e+04 -11.0 1.70e-02    -  1.00e+00 1.00e+00h  1
  74  2.9439329e-03 2.53e-04 7.80e+03 -11.0 1.64e-02    -  1.00e+00 1.00e+00h  1
  75  2.9751726e-03 2.91e-04 1.86e+05 -11.0 1.61e-02   1.7 1.00e+00 2.50e-01h  3
  76  3.0329917e-03 2.90e-04 1.82e+05 -11.0 1.24e-01    -  1.00e+00 7.81e-03h  8
  77  2.4094026e-03 7.46e-04 3.83e+06 -11.0 1.40e-02   1.3 1.00e+00 1.00e+00H  1
  78  1.8494129e-03 1.24e-05 2.38e+04 -11.0 3.36e-03   0.8 1.00e+00 1.00e+00h  1
  79  1.1352022e-03 3.55e-03 3.30e+04 -11.0 3.91e-02    -  1.00e+00 1.00e+00h  1
iter    objective    inf_pr   inf_du lg(mu)  ||d||  lg(rg) alpha_du alpha_pr  ls
  80  1.4003844e-03 1.88e-03 4.34e+06 -11.0 3.06e-02   3.0 1.00e+00 5.00e-01h  2
  81  1.4500832e-03 7.76e-04 4.34e+06 -11.0 3.26e-02    -  1.00e+00 1.00e+00h  1
  82  1.4735349e-03 7.65e-04 4.23e+06 -11.0 7.88e-02    -  1.00e+00 1.56e-02h  7
  83  1.4890538e-03 2.96e-05 3.57e+06 -11.0 4.31e-03    -  1.00e+00 1.00e+00h  1
  84  1.4773111e-03 5.10e-05 9.43e+06 -11.0 9.79e-04    -  1.00e+00 1.00e+00h  1
  85  1.4873714e-03 7.54e-06 2.81e+06 -11.0 1.06e-03    -  1.00e+00 1.00e+00h  1
  86  1.4872268e-03 1.68e-06 3.50e+05 -11.0 4.02e-04    -  1.00e+00 1.00e+00h  1
  87  1.4931428e-03 2.22e-07 1.18e+05 -11.0 2.00e-04    -  1.00e+00 1.00e+00h  1
  88  1.4922688e-03 2.22e-09 2.37e+03 -11.0 2.92e-05    -  1.00e+00 1.00e+00h  1
  89  1.4909884e-03 1.53e-09 2.32e+03 -11.0 1.85e-05    -  1.00e+00 1.00e+00h  1
iter    objective    inf_pr   inf_du lg(mu)  ||d||  lg(rg) alpha_du alpha_pr  ls
  90  1.4877128e-03 1.03e-09 1.87e+01 -11.0 3.26e-05   2.5 1.00e+00 1.00e+00h  1
  91  1.1049593e-03 2.46e-05 5.55e+03 -11.0 7.70e-03    -  1.00e+00 1.00e+00f  1
  92  8.8510518e-04 1.36e-04 1.73e+03 -11.0 6.18e-03    -  1.00e+00 1.00e+00h  1
  93  8.0120098e-04 5.23e-05 9.50e+02 -11.0 9.66e-03    -  1.00e+00 1.00e+00h  1
  94  8.0904111e-04 7.14e-05 1.08e+03 -11.0 5.02e-03    -  1.00e+00 5.00e-01h  2
  95  8.8469740e-04 6.17e-05 8.21e+02 -11.0 9.23e-03    -  1.00e+00 5.00e-01h  2
  96  6.6857426e-04 3.77e-05 4.83e+02 -11.0 1.26e-02    -  1.00e+00 1.00e+00h  1
  97  1.0675982e-03 1.35e-05 4.71e+02 -11.0 7.98e-03    -  1.00e+00 1.00e+00h  1
  98  6.6150427e-04 8.82e-06 4.86e+02 -11.0 9.07e-03    -  1.00e+00 1.00e+00h  1
  99  6.5382620e-04 8.71e-06 6.03e+02 -11.0 1.75e-02    -  1.00e+00 2.50e-01h  3
iter    objective    inf_pr   inf_du lg(mu)  ||d||  lg(rg) alpha_du alpha_pr  ls
 100  6.1383096e-04 2.92e-06 1.97e+02 -11.0 2.93e-03    -  1.00e+00 1.00e+00h  1
 101  6.0092754e-04 3.07e-06 7.30e+01 -11.0 1.51e-02    -  1.00e+00 5.00e-01h  2
 102  6.0465105e-04 2.36e-06 4.97e+03 -11.0 1.37e-03   2.2 1.00e+00 1.00e+00h  1
 103  6.0140373e-04 2.44e-09 3.17e+01 -11.0 3.94e-05   1.8 1.00e+00 1.00e+00h  1
 104  5.3097886e-04 7.59e-06 1.84e+02 -11.0 4.81e-03    -  1.00e+00 1.00e+00f  1
 105  4.6301518e-04 4.70e-05 2.83e+02 -11.0 1.60e-02    -  1.00e+00 1.00e+00h  1
 106  4.7383306e-04 3.52e-05 2.21e+02 -11.0 4.79e-02    -  1.00e+00 2.50e-01h  3
 107  5.0156775e-04 2.78e-05 1.98e+02 -11.0 4.36e-02    -  1.00e+00 2.50e-01h  3
 108  4.9436794e-04 2.22e-05 7.17e+04 -11.0 2.31e-03   2.1 1.00e+00 2.50e-01h  3
 109  5.0038444e-04 2.66e-06 2.05e+04 -11.0 2.49e-03   1.7 1.00e+00 1.00e+00h  1
iter    objective    inf_pr   inf_du lg(mu)  ||d||  lg(rg) alpha_du alpha_pr  ls
 110  4.6343659e-04 5.84e-06 1.09e+04 -11.0 6.66e-03    -  1.00e+00 1.00e+00h  1
 111  4.7417626e-04 2.44e-06 4.24e+03 -11.0 2.47e-03    -  1.00e+00 1.00e+00h  1
 112  4.6624920e-04 3.42e-07 1.15e+03 -11.0 8.80e-04    -  1.00e+00 1.00e+00h  1
 113  4.5765380e-04 2.46e-07 1.77e+01 -11.0 1.37e-04   1.2 1.00e+00 1.00e+00h  1
 114  4.2797984e-04 5.22e-05 6.04e+02 -11.0 9.88e-03    -  1.00e+00 2.50e-01h  3
 115  4.2396060e-04 4.18e-05 5.03e+02 -11.0 2.66e-03    -  1.00e+00 5.00e-01h  2
 116  4.4180721e-04 2.46e-05 1.18e+03 -11.0 1.82e-03    -  1.00e+00 5.00e-01h  2
 117  4.5129448e-04 1.32e-05 8.32e+02 -11.0 9.98e-04    -  1.00e+00 5.00e-01h  2
 118  4.5663533e-04 6.79e-06 3.98e+02 -11.0 1.01e-03    -  1.00e+00 5.00e-01h  2
 119  4.4386167e-04 4.67e-07 1.99e+02 -11.0 1.76e-03    -  1.00e+00 1.00e+00h  1
iter    objective    inf_pr   inf_du lg(mu)  ||d||  lg(rg) alpha_du alpha_pr  ls
 120  4.2145568e-04 1.22e-06 8.38e+02 -11.0 2.75e-03    -  1.00e+00 1.00e+00h  1
 121  4.0831731e-04 7.61e-07 3.36e+02 -11.0 1.55e-03    -  1.00e+00 1.00e+00h  1
 122  3.9843152e-04 1.69e-06 1.64e+02 -11.0 2.42e-03    -  1.00e+00 1.00e+00h  1
 123  3.8207165e-04 3.41e-06 9.91e+01 -11.0 2.09e-02    -  1.00e+00 2.50e-01h  3
 124  3.7901827e-04 4.10e-07 5.40e+01 -11.0 2.94e-04   0.7 1.00e+00 1.00e+00h  1
 125  3.7449605e-04 9.50e-08 6.21e+01 -11.0 1.15e-03    -  1.00e+00 1.00e+00h  1
 126  3.7236761e-04 2.02e-07 4.93e+01 -11.0 1.32e-02    -  1.00e+00 1.25e-01h  4
 127  3.6084345e-04 6.82e-06 5.41e+01 -11.0 4.84e-03    -  1.00e+00 1.00e+00h  1
 128  3.5902435e-04 4.78e-08 1.19e-02 -11.0 1.84e-04   0.2 1.00e+00 1.00e+00h  1
 129  3.5768039e-04 1.14e-06 2.11e+01 -11.0 2.20e-03    -  1.00e+00 1.00e+00h  1
iter    objective    inf_pr   inf_du lg(mu)  ||d||  lg(rg) alpha_du alpha_pr  ls
 130  3.5686582e-04 4.53e-06 1.09e+01 -11.0 9.31e-03    -  1.00e+00 6.25e-02h  5
 131  3.5598059e-04 1.25e-06 2.81e+01 -11.0 1.01e-03    -  1.00e+00 1.00e+00h  1
 132  3.5210368e-04 5.24e-07 1.96e+01 -11.0 2.17e-03    -  1.00e+00 1.00e+00h  1
 133  3.5116074e-04 2.35e-07 4.00e+00 -11.0 4.12e-04  -0.3 1.00e+00 1.00e+00h  1
 134  3.4869929e-04 4.60e-06 2.63e+01 -11.0 5.84e-03    -  1.00e+00 1.00e+00h  1
 135  3.4653728e-04 5.32e-06 3.36e+01 -11.0 1.65e-02    -  1.00e+00 2.50e-01h  3
 136  3.4573028e-04 4.37e-06 3.83e+01 -11.0 1.13e-02    -  1.00e+00 2.50e-01h  3
 137  3.4362781e-04 5.26e-06 5.87e+01 -11.0 3.28e-03    -  1.00e+00 5.00e-01h  2
 138  3.4211036e-04 6.76e-06 4.08e+01 -11.0 2.09e-03    -  1.00e+00 5.00e-01h  2
 139  3.4373199e-04 7.10e-06 9.95e+01 -11.0 1.02e-03  -0.7 1.00e+00 1.00e+00h  1
iter    objective    inf_pr   inf_du lg(mu)  ||d||  lg(rg) alpha_du alpha_pr  ls
 140  3.4520074e-04 5.58e-06 9.50e+01 -11.0 1.29e-03    -  1.00e+00 2.50e-01h  3
 141  3.4875354e-04 4.26e-06 8.45e+01 -11.0 3.79e-03    -  1.00e+00 2.50e-01h  3
 142  3.4849469e-04 2.19e-06 7.98e+01 -11.0 4.71e-03    -  1.00e+00 5.00e-01h  2
 143  3.4613830e-04 2.04e-06 6.88e+01 -11.0 1.54e-02    -  1.00e+00 1.25e-01h  4
 144  3.4221850e-04 1.45e-06 1.19e+02 -11.0 3.01e-03    -  1.00e+00 1.00e+00h  1
 145  3.3595119e-04 1.23e-06 3.80e+01 -11.0 1.53e-03    -  1.00e+00 1.00e+00h  1
 146  3.3341638e-04 1.12e-06 7.35e+01 -11.0 1.23e-03    -  1.00e+00 1.00e+00h  1
 147  3.3112133e-04 1.13e-06 5.31e+01 -11.0 1.98e-03    -  1.00e+00 1.00e+00h  1
 148  3.2950018e-04 2.49e-06 7.52e+01 -11.0 7.39e-03    -  1.00e+00 2.50e-01h  3
 149  3.2947583e-04 2.82e-06 6.95e+01 -11.0 4.19e-03    -  1.00e+00 2.50e-01h  3
iter    objective    inf_pr   inf_du lg(mu)  ||d||  lg(rg) alpha_du alpha_pr  ls
 150  3.2848110e-04 2.13e-06 4.56e+01 -11.0 1.59e-03    -  1.00e+00 5.00e-01h  2
 151  3.2649829e-04 4.49e-07 3.34e+00 -11.0 1.27e-03    -  1.00e+00 1.00e+00h  1
 152  3.3133663e-04 4.20e-08 3.12e-03 -11.0 1.79e-03    -  1.00e+00 1.00e+00H  1
 153  3.2440948e-04 3.72e-07 1.04e+01 -11.0 2.24e-03    -  1.00e+00 1.00e+00h  1
 154  3.2484986e-04 1.43e-07 1.76e+01 -11.0 1.20e-03    -  1.00e+00 1.00e+00H  1
 155  3.2217121e-04 2.15e-07 9.79e+00 -11.0 1.30e-03    -  1.00e+00 1.00e+00h  1
 156  3.2112277e-04 2.54e-06 1.01e+01 -11.0 4.25e-03    -  1.00e+00 1.00e+00h  1
 157  3.1919847e-04 5.84e-06 1.27e+01 -11.0 8.15e-02    -  1.00e+00 6.25e-02h  5
 158  3.1831001e-04 7.54e-05 2.42e+01 -11.0 2.08e-01    -  1.00e+00 1.25e-01h  4
 159  3.1725847e-04 7.59e-05 2.36e+01 -11.0 4.49e-01    -  1.00e+00 7.81e-03h  8
iter    objective    inf_pr   inf_du lg(mu)  ||d||  lg(rg) alpha_du alpha_pr  ls
 160  3.1337920e-04 4.40e-05 3.13e+01 -11.0 1.87e-02    -  1.00e+00 5.00e-01h  2
 161  3.0441391e-04 4.63e-05 9.78e+01 -11.0 2.26e-02    -  1.00e+00 5.00e-01h  2
 162  2.9798792e-04 5.83e-05 9.04e+01 -11.0 2.78e-01    -  1.00e+00 6.25e-02h  5
 163  2.9352846e-04 5.58e-05 3.65e+01 -11.0 6.10e-02    -  1.00e+00 6.25e-02h  5
 164  2.9407635e-04 4.65e-05 1.59e+02 -11.0 2.22e-02    -  1.00e+00 5.00e-01h  2
 165  2.9341094e-04 7.96e-05 1.42e+02 -11.0 1.67e-01    -  1.00e+00 1.25e-01h  4
 166  2.9254860e-04 7.72e-05 1.34e+02 -11.0 3.36e-02    -  1.00e+00 3.12e-02h  6
 167  2.8274124e-04 2.56e-05 1.91e+01 -11.0 1.06e-02    -  1.00e+00 1.00e+00h  1
 168  2.8190927e-04 2.24e-05 3.23e+01 -11.0 2.38e-03  -1.2 1.00e+00 1.25e-01h  4
 169  2.8029487e-04 4.18e-06 3.27e+01 -11.0 5.09e-03    -  1.00e+00 1.00e+00h  1
iter    objective    inf_pr   inf_du lg(mu)  ||d||  lg(rg) alpha_du alpha_pr  ls
 170  2.7851359e-04 4.05e-06 2.63e+01 -11.0 5.38e-02    -  1.00e+00 3.12e-02h  6
 171  2.7922512e-04 1.91e-06 2.61e+01 -11.0 6.34e-03    -  1.00e+00 1.00e+00h  1
 172  2.7807797e-04 3.33e-05 1.67e+01 -11.0 4.89e-03    -  1.00e+00 1.25e-01h  4
 173  2.7837362e-04 2.70e-05 1.35e+01 -11.0 3.47e-03    -  1.00e+00 1.25e-01h  4
 174  2.7803970e-04 3.89e-05 3.79e+01 -11.0 3.08e-03    -  1.00e+00 5.00e-01h  2
 175  2.7761140e-04 4.01e-05 6.23e+02 -11.0 3.01e-03    -  1.00e+00 1.00e+00h  1
 176  2.7492984e-04 2.17e-05 3.94e+02 -11.0 1.71e-02    -  1.00e+00 5.00e-01h  2
 177  2.7068367e-04 3.86e-05 3.67e+02 -11.0 2.05e-02    -  1.00e+00 1.25e-01h  4
 178  2.7100903e-04 1.93e-05 1.94e+02 -11.0 2.55e-03    -  1.00e+00 5.00e-01h  2
 179  2.7086947e-04 3.64e-05 1.71e+01 -11.0 6.57e-03    -  1.00e+00 1.00e+00h  1
iter    objective    inf_pr   inf_du lg(mu)  ||d||  lg(rg) alpha_du alpha_pr  ls
 180  2.6895033e-04 3.42e-05 1.78e+01 -11.0 7.08e-02    -  1.00e+00 6.25e-02h  5
 181  2.6727498e-04 2.99e-05 2.70e+01 -11.0 1.42e-02    -  1.00e+00 1.25e-01h  4
 182  2.6548904e-04 4.17e-05 3.52e+02 -11.0 8.11e-03    -  1.00e+00 5.00e-01h  2
 183  2.7098456e-04 3.48e-05 2.33e+02 -11.0 3.81e-03    -  1.00e+00 1.00e+00h  1
 184  2.6620178e-04 1.77e-05 1.37e+02 -11.0 6.07e-03    -  1.00e+00 5.00e-01h  2
 185  2.6193597e-04 2.82e-06 6.14e+01 -11.0 3.15e-03    -  1.00e+00 1.00e+00h  1
 186  2.6077067e-04 1.05e-05 7.15e+01 -11.0 1.46e-03    -  1.00e+00 5.00e-01h  2
 187  2.5932272e-04 1.60e-05 3.38e+01 -11.0 1.62e-03    -  1.00e+00 5.00e-01h  2
 188  2.5848065e-04 3.93e-06 2.37e+01 -11.0 1.95e-03    -  1.00e+00 1.00e+00h  1
 189  2.6688441e-04 1.50e-06 2.77e+01 -11.0 2.57e-03    -  1.00e+00 1.00e+00h  1
iter    objective    inf_pr   inf_du lg(mu)  ||d||  lg(rg) alpha_du alpha_pr  ls
 190  2.5788941e-04 9.00e-07 3.10e+01 -11.0 7.31e-04    -  1.00e+00 1.00e+00h  1
 191  2.5650418e-04 7.12e-07 4.22e+00 -11.0 7.35e-04    -  1.00e+00 1.00e+00h  1
 192  2.5607808e-04 6.14e-07 1.97e+00 -11.0 5.42e-04  -0.8 1.00e+00 1.00e+00h  1
 193  2.5563542e-04 1.26e-07 8.59e-01 -11.0 3.06e-04  -1.3 1.00e+00 1.00e+00h  1
 194  2.5442225e-04 5.26e-06 3.01e+00 -11.0 4.04e-03    -  1.00e+00 5.00e-01h  2
 195  2.5415180e-04 5.15e-06 3.93e+00 -11.0 3.88e-03    -  1.00e+00 1.25e-01h  4
 196  2.5345122e-04 2.87e-06 5.61e+00 -11.0 1.06e-03    -  1.00e+00 1.00e+00h  1
 197  2.5418347e-04 2.57e-06 7.04e+00 -11.0 1.44e-03  -2.3 1.00e+00 5.00e-01h  2
 198  2.5226131e-04 1.25e-06 3.83e+01 -11.0 6.40e-04    -  1.00e+00 1.00e+00h  1
 199  2.5297689e-04 7.22e-07 4.15e+00 -11.0 4.20e-04    -  1.00e+00 1.00e+00h  1
iter    objective    inf_pr   inf_du lg(mu)  ||d||  lg(rg) alpha_du alpha_pr  ls
 200  2.5278564e-04 6.53e-07 2.16e+00 -11.0 2.07e-03    -  1.00e+00 1.25e-01h  4
 201  2.5266478e-04 6.25e-07 1.96e+00 -11.0 3.26e-03  -3.7 1.00e+00 6.25e-02h  5
 202  2.8298729e-04 1.44e-07 7.68e+00 -11.0 7.50e-03    -  1.00e+00 1.00e+00H  1
 203  2.7907448e-04 5.17e-08 7.47e+00 -11.0 6.70e-03    -  1.00e+00 6.25e-02h  5
 204  2.7570614e-04 1.46e-07 7.00e+00 -11.0 9.84e-03    -  1.00e+00 3.12e-02h  6
 205  2.6393477e-04 1.02e-05 1.36e+01 -11.0 1.26e-02    -  1.00e+00 5.00e-01h  2
 206  2.5739767e-04 8.20e-07 6.35e+00 -11.0 1.55e-03  -0.6 1.00e+00 1.00e+00h  1
 207  2.5213048e-04 1.27e-06 1.24e+01 -11.0 2.23e-03    -  1.00e+00 1.00e+00h  1
 208  2.5120539e-04 2.06e-06 5.38e+01 -11.0 5.24e-03    -  1.00e+00 2.50e-01h  3
 209  2.5095028e-04 1.19e-06 3.26e+01 -11.0 4.81e-04  -1.1 1.00e+00 5.00e-01h  2
iter    objective    inf_pr   inf_du lg(mu)  ||d||  lg(rg) alpha_du alpha_pr  ls
 210  2.5147433e-04 3.03e-07 2.56e+01 -11.0 5.06e-04    -  1.00e+00 1.00e+00h  1
 211  2.5132614e-04 3.86e-07 1.84e+01 -11.0 7.16e-03    -  1.00e+00 6.25e-02h  5
 212  2.5360341e-04 1.07e-07 7.81e-02 -11.0 6.77e-04  -1.6 1.00e+00 1.00e+00h  1
 213  2.5170040e-04 4.47e-07 2.90e+01 -11.0 6.01e-04    -  1.00e+00 1.00e+00h  1
 214  2.5155490e-04 2.45e-07 1.81e-02 -11.0 1.84e-04    -  1.00e+00 1.00e+00h  1
 215  2.5144715e-04 3.01e-07 3.85e+00 -11.0 4.60e-04    -  1.00e+00 1.00e+00h  1
 216  2.5231204e-04 1.23e-07 4.15e+00 -11.0 5.35e-04  -2.5 1.00e+00 1.00e+00H  1
 217  2.5156615e-04 1.45e-07 7.50e-03 -11.0 5.83e-04    -  1.00e+00 1.00e+00h  1
 218  2.5197458e-04 4.16e-08 6.15e+00 -11.0 3.14e-04    -  1.00e+00 1.00e+00H  1
 219  2.5130795e-04 1.23e-07 2.97e-03 -11.0 1.69e-04    -  1.00e+00 1.00e+00h  1
iter    objective    inf_pr   inf_du lg(mu)  ||d||  lg(rg) alpha_du alpha_pr  ls
 220  2.5134391e-04 1.06e-07 3.83e+00 -11.0 1.41e-04    -  1.00e+00 1.00e+00h  1
 221  2.5129423e-04 1.69e-09 5.31e-01 -11.0 2.16e-04  -2.6 1.00e+00 1.00e+00h  1
 222  2.5121285e-04 2.82e-08 9.34e-03 -11.0 5.48e-03    -  1.00e+00 1.25e-01h  4
 223  2.5101768e-04 5.71e-07 1.37e+00 -11.0 4.46e-03    -  1.00e+00 5.00e-01h  2
 224  2.5089099e-04 7.62e-07 1.03e+01 -11.0 2.26e-02    -  1.00e+00 6.25e-02h  5
 225  2.5057346e-04 4.95e-07 5.55e+00 -11.0 1.74e-03    -  1.00e+00 5.00e-01h  2
 226  2.5029869e-04 5.05e-07 6.46e+00 -11.0 6.36e-03    -  1.00e+00 1.25e-01h  4
 227  2.5012712e-04 1.65e-08 5.84e-04 -11.0 1.03e-04  -0.4 1.00e+00 1.00e+00h  1
 228  2.5005794e-04 3.30e-09 1.04e-03 -11.0 7.87e-05    -  1.00e+00 1.00e+00h  1
 229  2.4987479e-04 1.00e-08 8.66e-04 -11.0 4.00e-04  -0.9 1.00e+00 1.00e+00h  1
iter    objective    inf_pr   inf_du lg(mu)  ||d||  lg(rg) alpha_du alpha_pr  ls
 230  2.4956860e-04 9.85e-08 2.70e+00 -11.0 4.01e-04  -1.3 1.00e+00 1.00e+00h  1
 231  2.4942575e-04 7.47e-07 1.50e+00 -11.0 7.90e-03    -  1.00e+00 1.25e-01h  4
 232  2.4924695e-04 9.78e-06 8.27e+00 -11.0 1.77e-02    -  1.00e+00 2.50e-01h  3
 233  2.4854344e-04 1.45e-05 1.54e+01 -11.0 1.19e-01    -  1.00e+00 3.12e-02h  6
 234  2.4826943e-04 9.46e-07 4.37e+01 -11.0 4.62e-04  -0.5 1.00e+00 1.00e+00h  1
 235  2.4735085e-04 2.22e-07 2.62e+01 -11.0 3.78e-04  -1.0 1.00e+00 1.00e+00h  1
 236  2.4728072e-04 2.38e-06 9.08e+00 -11.0 3.68e-03    -  1.00e+00 5.00e-01h  2
 237  2.4722723e-04 1.55e-07 3.07e-03 -11.0 2.87e-04  -0.5 1.00e+00 1.00e+00h  1
 238  2.4713981e-04 2.31e-07 2.32e+01 -11.0 1.12e-03    -  1.00e+00 1.00e+00h  1
 239  2.4691436e-04 1.80e-07 1.79e+01 -11.0 2.99e-03    -  1.00e+00 2.50e-01h  3
iter    objective    inf_pr   inf_du lg(mu)  ||d||  lg(rg) alpha_du alpha_pr  ls
 240  2.4621488e-04 1.14e-06 5.05e+00 -11.0 1.14e-03    -  1.00e+00 1.00e+00h  1
 241  2.4610087e-04 1.21e-06 6.68e+00 -11.0 1.07e-02    -  1.00e+00 3.12e-02h  6
 242  2.4602544e-04 1.21e-06 8.66e+00 -11.0 4.89e-03    -  1.00e+00 1.25e-01h  4
 243  2.4508304e-04 8.50e-06 1.80e+01 -11.0 5.26e-03    -  1.00e+00 1.00e+00h  1
 244  2.4502070e-04 8.51e-06 1.95e+01 -11.0 1.15e-01    -  1.00e+00 3.91e-03h  9
 245  2.4523762e-04 7.76e-07 1.45e+01 -11.0 4.21e-04  -0.1 1.00e+00 1.00e+00h  1
 246  2.4516313e-04 8.09e-09 2.12e-03 -11.0 9.49e-05  -0.6 1.00e+00 1.00e+00h  1
 247  2.4506624e-04 2.53e-08 4.80e-04 -11.0 1.91e-04  -1.1 1.00e+00 1.00e+00h  1
 248  2.4493364e-04 1.62e-07 7.83e+00 -11.0 6.13e-04    -  1.00e+00 1.00e+00h  1
 249  2.4481337e-04 2.38e-07 9.55e+00 -11.0 1.83e-03  -2.0 1.00e+00 2.50e-01h  3
iter    objective    inf_pr   inf_du lg(mu)  ||d||  lg(rg) alpha_du alpha_pr  ls
 250  2.4474255e-04 5.57e-07 1.15e+01 -11.0 1.78e-03    -  1.00e+00 5.00e-01h  2
 251  2.4464146e-04 3.31e-07 6.94e+00 -11.0 4.67e-04    -  1.00e+00 5.00e-01h  2
 252  2.4456173e-04 3.05e-07 6.32e+00 -11.0 7.37e-04    -  1.00e+00 5.00e-01h  2
 253  2.4467943e-04 9.50e-08 3.56e+00 -11.0 4.76e-04    -  1.00e+00 1.00e+00H  1
 254  2.4460128e-04 1.49e-07 7.96e-05 -11.0 3.04e-04    -  1.00e+00 1.00e+00h  1
 255  2.4458217e-04 1.48e-07 1.09e+01 -11.0 7.07e-04    -  1.00e+00 5.00e-01h  2
 256  2.4759250e-04 6.51e-09 2.28e-02 -11.0 1.45e-03    -  1.00e+00 1.00e+00H  1
 257  2.4483127e-04 5.09e-08 8.84e-03 -11.0 8.56e-04  -2.6 1.00e+00 1.00e+00H  1
 258  2.4448475e-04 2.84e-07 7.05e+00 -11.0 1.41e-03    -  1.00e+00 5.00e-01h  2
 259  2.4442643e-04 1.94e-07 2.44e+00 -11.0 4.70e-04    -  1.00e+00 5.00e-01h  2
iter    objective    inf_pr   inf_du lg(mu)  ||d||  lg(rg) alpha_du alpha_pr  ls
 260  2.4436086e-04 3.21e-08 5.42e-02 -11.0 3.09e-04  -3.0 1.00e+00 1.00e+00h  1
 261  2.4431516e-04 3.53e-08 6.22e-04 -11.0 2.06e-04    -  1.00e+00 1.00e+00h  1
 262  2.4427518e-04 3.05e-08 3.99e-05 -11.0 1.54e-04  -0.4 1.00e+00 1.00e+00h  1
 263  2.4421509e-04 8.05e-09 1.80e-03 -11.0 3.28e-04    -  1.00e+00 1.00e+00h  1
 264  2.4419344e-04 6.66e-08 2.77e-04 -11.0 1.81e-02    -  1.00e+00 3.12e-02h  6
 265  2.4413120e-04 1.90e-08 1.24e-02 -11.0 1.20e-04  -0.9 1.00e+00 1.00e+00h  1
 266  2.4402491e-04 4.03e-08 7.17e+00 -11.0 7.79e-04    -  1.00e+00 1.00e+00h  1
 267  2.4400487e-04 2.28e-08 8.60e-03 -11.0 2.25e-04  -1.3 1.00e+00 1.00e+00h  1
 268  2.4395837e-04 2.53e-07 1.07e+01 -11.0 2.13e-03    -  1.00e+00 1.00e+00h  1
 269  2.4392092e-04 2.51e-07 1.04e+01 -11.0 5.47e-02    -  1.00e+00 7.81e-03h  8
iter    objective    inf_pr   inf_du lg(mu)  ||d||  lg(rg) alpha_du alpha_pr  ls
 270  2.4373387e-04 5.70e-08 2.66e-03 -11.0 2.06e-04  -0.9 1.00e+00 1.00e+00h  1
 271  2.4367411e-04 5.45e-08 4.83e+00 -11.0 8.44e-04    -  1.00e+00 1.00e+00h  1
 272  2.4366416e-04 6.77e-08 4.91e-02 -11.0 6.61e-04  -1.4 1.00e+00 5.00e-01h  2
 273  2.4359639e-04 3.43e-06 6.79e+01 -11.0 3.37e-03    -  1.00e+00 1.00e+00h  1
 274  2.4341575e-04 1.56e-06 1.81e+01 -11.0 2.54e-04  -0.1 1.00e+00 1.00e+00h  1
 275  2.4323792e-04 7.95e-07 1.01e+01 -11.0 1.58e-03    -  1.00e+00 1.00e+00h  1
 276  2.4322732e-04 1.25e-07 8.41e-05 -11.0 2.25e-04  -0.5 1.00e+00 1.00e+00h  1
 277  2.4308390e-04 1.01e-07 1.79e-03 -11.0 6.91e-04    -  1.00e+00 1.00e+00h  1
 278  2.4299136e-04 1.89e-07 1.21e+00 -11.0 8.72e-03    -  1.00e+00 1.25e-01h  4
 279  2.4279775e-04 1.33e-06 4.40e+00 -11.0 5.38e-02    -  1.00e+00 6.25e-02h  5
iter    objective    inf_pr   inf_du lg(mu)  ||d||  lg(rg) alpha_du alpha_pr  ls
 280  2.4278007e-04 1.33e-06 3.57e+00 -11.0 4.74e-02    -  1.00e+00 3.12e-02h  6
 281  2.4267240e-04 1.34e-06 3.30e+00 -11.0 4.29e-02    -  1.00e+00 3.12e-02h  6
 282  2.4257185e-04 9.09e-09 3.51e-04 -11.0 2.88e-05   0.3 1.00e+00 1.00e+00h  1
 283  2.4237196e-04 2.06e-07 4.45e+00 -11.0 3.52e-04    -  1.00e+00 1.00e+00h  1
 284  2.4234822e-04 1.66e-09 1.54e-04 -11.0 4.21e-05  -0.2 1.00e+00 1.00e+00h  1
 285  2.4214236e-04 7.07e-07 1.68e+00 -11.0 4.15e-03    -  1.00e+00 1.00e+00h  1
 286  2.4208989e-04 1.69e-08 1.02e-03 -11.0 2.86e-05   0.2 1.00e+00 1.00e+00h  1
 287  2.4191027e-04 1.17e-06 1.31e+00 -11.0 5.30e-03    -  1.00e+00 1.00e+00h  1
 288  2.4189237e-04 2.57e-10 2.60e-04 -11.0 1.15e-05   0.6 1.00e+00 1.00e+00h  1
 289  2.4174738e-04 4.39e-07 3.07e+00 -11.0 3.19e-03    -  1.00e+00 1.00e+00h  1
iter    objective    inf_pr   inf_du lg(mu)  ||d||  lg(rg) alpha_du alpha_pr  ls
 290  2.4171186e-04 8.36e-10 1.31e-03 -11.0 4.77e-05   0.2 1.00e+00 1.00e+00h  1
 291  2.4166998e-04 8.70e-10 2.56e-04 -11.0 9.21e-05  -0.3 1.00e+00 1.00e+00h  1
 292  2.4164809e-04 4.95e-06 3.44e+00 -11.0 2.12e-02    -  1.00e+00 5.00e-01h  2
 293  2.4109198e-04 1.56e-08 9.83e-04 -11.0 9.07e-05   0.1 1.00e+00 1.00e+00h  1
 294  2.4081835e-04 1.18e-06 1.59e+00 -11.0 5.01e-03    -  1.00e+00 1.00e+00h  1
 295  2.4071978e-04 1.16e-06 4.14e+00 -11.0 1.30e-01    -  1.00e+00 3.91e-03h  9
 296  2.4065762e-04 1.45e-09 8.06e-01 -11.0 2.56e-05   0.5 1.00e+00 1.00e+00h  1
 297  2.4040372e-04 1.86e-06 1.68e+00 -11.0 6.25e-03    -  1.00e+00 1.00e+00h  1
 298  2.4036092e-04 5.34e-09 1.18e-01 -11.0 3.75e-05   0.1 1.00e+00 1.00e+00h  1
 299  2.4016668e-04 1.16e-06 9.90e-01 -11.0 5.00e-03    -  1.00e+00 1.00e+00h  1
iter    objective    inf_pr   inf_du lg(mu)  ||d||  lg(rg) alpha_du alpha_pr  ls
 300  2.4014503e-04 1.16e-09 3.83e-04 -11.0 2.34e-05   0.5 1.00e+00 1.00e+00h  1
 301  2.3995363e-04 1.07e-06 7.04e-01 -11.0 4.89e-03    -  1.00e+00 1.00e+00h  1
 302  2.3991799e-04 4.46e-09 9.19e-01 -11.0 6.23e-05   0.0 1.00e+00 1.00e+00h  1
 303  2.3963583e-04 5.79e-07 1.48e+00 -11.0 1.84e-03    -  1.00e+00 1.00e+00h  1
 304  2.3960825e-04 7.22e-10 7.70e-03 -11.0 1.74e-05   0.4 1.00e+00 1.00e+00h  1
 305  2.3919971e-04 1.53e-06 3.94e+00 -11.0 1.92e-03    -  1.00e+00 1.00e+00h  1
 306  2.3918216e-04 8.88e-10 1.76e-02 -11.0 1.83e-05   0.9 1.00e+00 1.00e+00h  1
 307  2.3904388e-04 1.64e-07 3.84e-01 -11.0 8.02e-04    -  1.00e+00 1.00e+00h  1
 308  2.3902360e-04 2.10e-10 1.72e-01 -11.0 1.89e-05   0.4 1.00e+00 1.00e+00h  1
 309  2.3877130e-04 1.25e-07 4.85e-01 -11.0 8.75e-04    -  1.00e+00 1.00e+00h  1
iter    objective    inf_pr   inf_du lg(mu)  ||d||  lg(rg) alpha_du alpha_pr  ls
 310  2.3871774e-04 4.40e-07 2.78e+00 -11.0 1.12e-02    -  1.00e+00 6.25e-02h  5
 311  2.3849937e-04 2.85e-09 1.13e+00 -11.0 8.32e-05  -0.1 1.00e+00 1.00e+00h  1
 312  2.3828716e-04 2.93e-07 1.92e+00 -11.0 1.38e-03    -  1.00e+00 1.00e+00h  1
 313  2.3824400e-04 2.40e-08 1.69e-03 -11.0 2.90e-05   0.3 1.00e+00 1.00e+00h  1
 314  2.3815629e-04 3.11e-08 5.36e-05 -11.0 2.45e-04    -  1.00e+00 1.00e+00h  1
 315  2.3794936e-04 5.38e-07 6.72e+00 -11.0 3.65e-03    -  1.00e+00 2.50e-01h  3
 316  2.3736837e-04 1.72e-06 8.69e+00 -11.0 1.03e-02    -  1.00e+00 2.50e-01h  3
 317  2.3719149e-04 1.93e-06 9.26e+00 -11.0 4.60e-02    -  1.00e+00 3.12e-02h  6
 318  2.3710448e-04 8.41e-08 2.60e-03 -11.0 1.79e-04  -0.2 1.00e+00 1.00e+00h  1
 319  2.3681323e-04 1.06e-07 9.04e-02 -11.0 7.26e-04    -  1.00e+00 1.00e+00h  1
iter    objective    inf_pr   inf_du lg(mu)  ||d||  lg(rg) alpha_du alpha_pr  ls
 320  2.3659123e-04 1.24e-06 2.58e+00 -11.0 1.07e-02    -  1.00e+00 2.50e-01h  3
 321  2.3627992e-04 1.86e-08 5.08e-03 -11.0 1.76e-04  -0.7 1.00e+00 1.00e+00h  1
 322  2.3586823e-04 2.50e-06 2.80e+00 -11.0 4.12e-03    -  1.00e+00 1.00e+00h  1
 323  2.3577116e-04 1.66e-08 1.60e-03 -11.0 1.83e-04  -0.2 1.00e+00 1.00e+00h  1
 324  2.3568710e-04 2.14e-07 1.02e+00 -11.0 1.53e-03    -  1.00e+00 1.00e+00h  1
 325  2.3561321e-04 3.24e-08 7.38e-04 -11.0 1.44e-04  -0.7 1.00e+00 1.00e+00h  1
 326  2.3541690e-04 1.28e-07 7.66e-01 -11.0 7.74e-04    -  1.00e+00 1.00e+00h  1
 327  2.3529011e-04 2.53e-06 3.50e+00 -11.0 1.28e-01    -  1.00e+00 1.56e-02h  7
 328  2.3516172e-04 1.27e-06 2.99e+00 -11.0 4.96e-04  -1.2 1.00e+00 5.00e-01h  2
 329  2.3471394e-04 8.10e-07 2.85e+00 -11.0 3.14e-03    -  1.00e+00 1.00e+00h  1
iter    objective    inf_pr   inf_du lg(mu)  ||d||  lg(rg) alpha_du alpha_pr  ls
 330  2.3431014e-04 2.18e-06 4.31e+00 -11.0 2.79e-02    -  1.00e+00 1.25e-01h  4
 331  2.3417173e-04 9.43e-09 3.38e-03 -11.0 2.14e-04  -0.3 1.00e+00 1.00e+00h  1
 332  2.3401197e-04 1.02e-06 1.66e+00 -11.0 2.04e-03    -  1.00e+00 1.00e+00h  1
 333  2.3396990e-04 9.86e-10 7.25e-04 -11.0 6.15e-05   0.1 1.00e+00 1.00e+00h  1
 334  2.3376619e-04 2.80e-06 1.43e+00 -11.0 3.52e-03    -  1.00e+00 1.00e+00h  1
 335  2.3370200e-04 2.14e-09 4.86e-01 -11.0 1.59e-04  -0.4 1.00e+00 1.00e+00h  1
 336  2.3341694e-04 1.18e-05 8.14e+00 -11.0 6.34e-03    -  1.00e+00 1.00e+00h  1
 337  2.3330246e-04 4.76e-08 1.05e-03 -11.0 1.18e-04   0.0 1.00e+00 1.00e+00h  1
 338  2.3324689e-04 6.65e-09 1.04e-02 -11.0 9.49e-05  -0.4 1.00e+00 1.00e+00h  1
 339  2.3321922e-04 1.54e-04 3.23e+01 -11.0 1.74e-02    -  1.00e+00 1.00e+00h  1
iter    objective    inf_pr   inf_du lg(mu)  ||d||  lg(rg) alpha_du alpha_pr  ls
 340  2.3219905e-04 8.18e-05 2.39e+01 -11.0 1.10e-03    -  1.00e+00 5.00e-01h  2
 341  2.3223938e-04 5.81e-06 4.39e+00 -11.0 2.55e-03    -  1.00e+00 1.00e+00h  1
 342  2.3216491e-04 6.64e-06 4.01e+00 -11.0 3.04e-02    -  1.00e+00 6.25e-02h  5
 343  2.3186077e-04 3.41e-07 3.07e+00 -11.0 2.87e-04  -0.5 1.00e+00 1.00e+00h  1
 344  2.3174246e-04 1.24e-07 8.99e-04 -11.0 4.82e-04    -  1.00e+00 1.00e+00h  1
 345  2.3165168e-04 5.01e-07 1.17e+00 -11.0 1.10e-02    -  1.00e+00 1.25e-01h  4
 346  2.3146421e-04 7.12e-07 1.82e+00 -11.0 1.73e-02    -  1.00e+00 6.25e-02h  5
 347  2.3126198e-04 6.74e-07 2.65e+00 -11.0 9.25e-03    -  1.00e+00 1.25e-01h  4
 348  2.3093221e-04 1.98e-08 3.90e-03 -11.0 2.50e-04  -0.1 1.00e+00 1.00e+00h  1
 349  2.3088473e-04 2.83e-08 3.74e-03 -11.0 3.49e-04    -  1.00e+00 1.00e+00h  1
iter    objective    inf_pr   inf_du lg(mu)  ||d||  lg(rg) alpha_du alpha_pr  ls
 350  2.3057600e-04 1.70e-05 6.94e+00 -11.0 1.86e-02    -  1.00e+00 2.50e-01h  3
 351  2.3042727e-04 1.91e-07 2.44e-02 -11.0 1.09e-04   0.3 1.00e+00 1.00e+00h  1
 352  2.3022489e-04 1.31e-06 3.37e+00 -11.0 1.45e-03    -  1.00e+00 1.00e+00h  1
 353  2.3009709e-04 4.81e-06 5.41e+00 -11.0 1.10e-01    -  1.00e+00 1.56e-02h  7
 354  2.2988417e-04 2.31e-05 1.04e+01 -11.0 1.29e-01    -  1.00e+00 3.12e-02h  6
 355  2.2973879e-04 3.26e-05 1.93e+01 -11.0 4.37e-01    -  1.00e+00 7.81e-03h  8
 356  2.2950530e-04 4.78e-07 9.06e+00 -11.0 2.05e-04   0.2 1.00e+00 1.00e+00h  1
 357  2.2899958e-04 3.72e-06 1.93e+01 -11.0 2.23e-03    -  1.00e+00 1.00e+00h  1
 358  2.2899802e-04 4.48e-06 1.95e+01 -11.0 4.43e-02    -  1.00e+00 3.12e-02h  6
 359  2.2884404e-04 1.24e-07 1.26e+00 -11.0 1.20e-04   0.6 1.00e+00 1.00e+00h  1
iter    objective    inf_pr   inf_du lg(mu)  ||d||  lg(rg) alpha_du alpha_pr  ls
 360  2.2845705e-04 4.29e-07 1.18e+01 -11.0 1.16e-03    -  1.00e+00 1.00e+00h  1
 361  2.2843045e-04 1.23e-07 7.25e-01 -11.0 1.14e-04   0.5 1.00e+00 1.00e+00h  1
 362  2.2831505e-04 5.43e-09 1.17e+00 -11.0 7.50e-05   0.0 1.00e+00 1.00e+00h  1
 363  2.2811752e-04 1.87e-06 2.86e+00 -11.0 1.73e-03    -  1.00e+00 1.00e+00h  1
 364  2.2805521e-04 2.40e-06 5.00e+00 -11.0 6.76e-02    -  1.00e+00 1.56e-02h  7
 365  2.2797534e-04 2.33e-06 6.02e+00 -11.0 1.06e-02    -  1.00e+00 6.25e-02h  5
 366  2.2788262e-04 6.24e-08 3.64e+00 -11.0 1.26e-04   0.4 1.00e+00 1.00e+00h  1
 367  2.2764141e-04 2.46e-05 5.60e+00 -11.0 1.82e-03    -  1.00e+00 1.00e+00H  1
 368  2.2770419e-04 1.27e-06 1.10e+02 -11.0 3.74e-04   0.8 1.00e+00 1.00e+00h  1
 369  2.2758091e-04 6.44e-09 5.52e+00 -11.0 4.81e-05   0.4 1.00e+00 1.00e+00h  1
iter    objective    inf_pr   inf_du lg(mu)  ||d||  lg(rg) alpha_du alpha_pr  ls
 370  2.2740673e-04 1.96e-07 4.71e+00 -11.0 1.16e-03    -  1.00e+00 1.00e+00h  1
 371  2.2728250e-04 3.94e-07 3.69e+00 -11.0 3.38e-02    -  1.00e+00 3.12e-02h  6
 372  2.2714346e-04 1.01e-08 1.89e-01 -11.0 5.18e-05   0.3 1.00e+00 1.00e+00h  1
 373  2.2665480e-04 1.58e-06 2.29e+01 -11.0 3.40e-03    -  1.00e+00 1.00e+00h  1
 374  2.2652621e-04 3.61e-06 2.30e+01 -11.0 1.89e-01    -  1.00e+00 1.56e-02h  7
 375  2.2640764e-04 4.07e-06 2.22e+01 -11.0 4.93e-02    -  1.00e+00 3.12e-02h  6
 376  2.2627964e-04 4.33e-09 5.05e-02 -11.0 2.48e-05   1.2 1.00e+00 1.00e+00h  1
 377  2.2564839e-04 9.35e-06 8.48e+00 -11.0 8.46e-03    -  1.00e+00 1.00e+00h  1
 378  2.2557628e-04 1.42e-08 1.80e-01 -11.0 9.00e-05   0.7 1.00e+00 1.00e+00h  1
 379  2.2534023e-04 2.91e-07 3.56e+00 -11.0 1.33e-03    -  1.00e+00 1.00e+00h  1
iter    objective    inf_pr   inf_du lg(mu)  ||d||  lg(rg) alpha_du alpha_pr  ls
 380  2.2532732e-04 9.09e-11 7.48e-02 -11.0 4.95e-06   1.1 1.00e+00 1.00e+00h  1
 381  2.2517634e-04 6.97e-08 1.15e+00 -11.0 4.48e-04    -  1.00e+00 1.00e+00h  1
 382  2.2515993e-04 5.15e-10 1.84e-02 -11.0 9.19e-06   0.6 1.00e+00 1.00e+00h  1
 383  2.2513483e-04 7.62e-10 1.10e-01 -11.0 2.84e-05   0.2 1.00e+00 1.00e+00h  1
 384  2.2512670e-04 8.64e-11 1.48e-02 -11.0 1.10e-05   0.6 1.00e+00 1.00e+00h  1
 385  2.2483400e-04 7.51e-07 5.26e+00 -11.0 2.26e-03    -  1.00e+00 1.00e+00h  1
 386  2.2477769e-04 6.03e-09 3.91e-01 -11.0 3.18e-05   0.5 1.00e+00 1.00e+00h  1
 387  2.2474390e-04 2.65e-09 3.69e-01 -11.0 2.71e-05   0.1 1.00e+00 1.00e+00h  1
 388  2.2466682e-04 1.34e-07 4.76e-01 -11.0 9.47e-04    -  1.00e+00 1.00e+00h  1
 389  2.2465511e-04 3.92e-10 2.14e-02 -11.0 1.74e-05   0.5 1.00e+00 1.00e+00h  1
iter    objective    inf_pr   inf_du lg(mu)  ||d||  lg(rg) alpha_du alpha_pr  ls
 390  2.2450623e-04 3.24e-07 6.92e-01 -11.0 1.43e-03    -  1.00e+00 1.00e+00h  1
 391  2.2448721e-04 3.79e-07 2.58e+00 -11.0 9.42e-02    -  1.00e+00 7.81e-03h  8
 392  2.2446150e-04 3.90e-09 9.87e-02 -11.0 2.26e-05   0.9 1.00e+00 1.00e+00h  1
 393  2.2442944e-04 7.69e-10 4.69e-01 -11.0 2.25e-05   0.4 1.00e+00 1.00e+00h  1
 394  2.2440143e-04 1.25e-09 1.88e-02 -11.0 2.73e-05  -0.0 1.00e+00 1.00e+00h  1
 395  2.2422576e-04 8.84e-07 1.30e+00 -11.0 2.73e-03    -  1.00e+00 1.00e+00h  1
 396  2.2419230e-04 1.93e-06 7.27e+00 -11.0 2.21e-01    -  1.00e+00 1.56e-02h  7
 397  2.2401894e-04 3.00e-06 1.84e+01 -11.0 2.06e-01    -  1.00e+00 1.56e-02h  7
 398  2.2391029e-04 1.49e-08 6.47e-02 -11.0 1.06e-04   0.3 1.00e+00 1.00e+00h  1
 399  2.2376879e-04 7.38e-09 3.86e+00 -11.0 1.34e-04  -0.1 1.00e+00 1.00e+00h  1
iter    objective    inf_pr   inf_du lg(mu)  ||d||  lg(rg) alpha_du alpha_pr  ls
 400  2.2361321e-04 3.91e-07 1.54e+00 -11.0 1.46e-03    -  1.00e+00 1.00e+00h  1
 401  2.2359786e-04 3.39e-10 1.30e-02 -11.0 1.43e-05   0.7 1.00e+00 1.00e+00h  1
 402  2.2323694e-04 1.52e-06 4.82e+00 -11.0 3.50e-03    -  1.00e+00 1.00e+00h  1
 403  2.2319785e-04 3.77e-08 4.90e-02 -11.0 7.67e-05   0.2 1.00e+00 1.00e+00h  1
 404  2.2287054e-04 1.36e-05 4.37e+00 -11.0 1.16e-02    -  1.00e+00 1.00e+00h  1
 405  2.2254414e-04 1.85e-05 4.60e+00 -11.0 3.94e+00    -  1.00e+00 1.95e-03h 10
 406  2.2242783e-04 3.06e-08 3.73e-01 -11.0 1.61e-04   0.6 1.00e+00 1.00e+00h  1
 407  2.2230222e-04 1.90e-09 1.32e+00 -11.0 8.29e-05   0.1 1.00e+00 1.00e+00h  1
 408  2.2207711e-04 7.88e-08 5.07e+00 -11.0 1.11e-03    -  1.00e+00 1.00e+00h  1
 409  2.2202722e-04 8.64e-08 6.21e+00 -11.0 1.64e-02    -  1.00e+00 6.25e-02h  5
iter    objective    inf_pr   inf_du lg(mu)  ||d||  lg(rg) alpha_du alpha_pr  ls
 410  2.2196788e-04 3.44e-07 1.21e+01 -11.0 7.11e-02    -  1.00e+00 3.12e-02h  6
 411  2.2185645e-04 3.20e-09 1.74e-02 -11.0 1.01e-04  -0.3 1.00e+00 1.00e+00h  1
 412  2.2177829e-04 2.33e-07 1.58e+00 -11.0 2.34e-03    -  1.00e+00 1.00e+00h  1
 413  2.2176003e-04 1.69e-10 1.09e-02 -11.0 3.77e-05   0.1 1.00e+00 1.00e+00h  1
 414  2.2175456e-04 3.38e-11 5.35e-02 -11.0 1.15e-05   0.5 1.00e+00 1.00e+00h  1
 415  2.2174052e-04 1.96e-10 8.53e-02 -11.0 3.19e-05   0.0 1.00e+00 1.00e+00h  1
 416  2.2173563e-04 2.36e-11 4.62e-02 -11.0 1.18e-05   0.5 1.00e+00 1.00e+00h  1
 417  2.2163766e-04 5.04e-07 5.63e+00 -11.0 1.58e-02    -  1.00e+00 2.50e-01h  3
 418  2.2156451e-04 8.40e-07 4.71e+00 -11.0 8.26e-01    -  1.00e+00 3.91e-03h  9
 419  2.2143197e-04 1.47e-06 6.13e+00 -11.0 1.14e+00    -  1.00e+00 3.91e-03h  9
iter    objective    inf_pr   inf_du lg(mu)  ||d||  lg(rg) alpha_du alpha_pr  ls
 420  2.2130124e-04 2.50e-06 9.32e+00 -11.0 1.47e+00    -  1.00e+00 3.91e-03h  9
 421  2.2125512e-04 1.19e-09 1.08e+00 -11.0 3.16e-05   0.4 1.00e+00 1.00e+00h  1
 422  2.2123148e-04 4.69e-10 8.52e-02 -11.0 3.61e-05  -0.1 1.00e+00 1.00e+00h  1
 423  2.2122157e-04 6.09e-11 6.34e-02 -11.0 2.11e-05   0.3 1.00e+00 1.00e+00h  1
 424  2.2095896e-04 3.04e-07 1.22e+00 -11.0 3.14e-03    -  1.00e+00 1.00e+00h  1
 425  2.2091991e-04 4.19e-08 9.49e-04 -11.0 7.86e-05   0.3 1.00e+00 1.00e+00h  1
 426  2.2089436e-04 9.05e-10 1.60e-02 -11.0 4.05e-05  -0.2 1.00e+00 1.00e+00h  1
 427  2.2069533e-04 1.99e-07 2.34e+00 -11.0 3.10e-03    -  1.00e+00 1.00e+00h  1
 428  2.2068543e-04 1.14e-09 2.79e-01 -11.0 1.90e-05   0.2 1.00e+00 1.00e+00h  1
 429  2.2055011e-04 3.55e-07 1.62e+00 -11.0 3.70e-03    -  1.00e+00 1.00e+00h  1
iter    objective    inf_pr   inf_du lg(mu)  ||d||  lg(rg) alpha_du alpha_pr  ls
 430  2.2051737e-04 7.84e-08 3.41e+00 -11.0 9.63e-05   0.6 1.00e+00 1.00e+00h  1
 431  2.2035073e-04 2.85e-05 5.65e+00 -11.0 1.95e-03    -  1.00e+00 1.00e+00H  1
 432  2.2040984e-04 1.38e-05 7.76e+00 -11.0 5.01e-04   0.1 1.00e+00 5.00e-01h  2
 433  2.2045373e-04 7.20e-06 2.13e+01 -11.0 7.27e-03    -  1.00e+00 2.50e-01h  3
 434  2.2034225e-04 1.22e-06 2.93e+01 -11.0 2.80e-04   0.1 1.00e+00 1.00e+00h  1
 435  2.2032791e-04 9.60e-11 2.05e-01 -11.0 1.66e-05   0.5 1.00e+00 1.00e+00h  1
 436  2.2016669e-04 2.35e-07 9.09e+00 -11.0 3.71e-03    -  1.00e+00 1.00e+00h  1
 437  2.2016176e-04 9.12e-11 4.71e-02 -11.0 6.30e-06   1.0 1.00e+00 1.00e+00h  1
 438  2.1979255e-04 2.22e-06 9.52e+00 -11.0 1.16e-02    -  1.00e+00 1.00e+00h  1
 439  2.1969934e-04 6.49e-08 4.27e+00 -11.0 1.05e-04   0.5 1.00e+00 1.00e+00h  1
iter    objective    inf_pr   inf_du lg(mu)  ||d||  lg(rg) alpha_du alpha_pr  ls
 440  2.1966774e-04 8.01e-09 1.01e-01 -11.0 1.22e-05   0.9 1.00e+00 1.00e+00h  1
 441  2.1962252e-04 2.42e-08 4.65e-01 -11.0 3.35e-05   0.4 1.00e+00 1.00e+00h  1
 442  2.1944826e-04 5.85e-06 3.96e+01 -11.0 4.83e-02    -  1.00e+00 2.50e-01h  3
 443  2.1932154e-04 1.81e-06 4.31e+01 -11.0 4.29e-04    -  1.00e+00 1.00e+00h  1
 444  2.1911794e-04 5.97e-07 1.56e+01 -11.0 2.39e-04    -  1.00e+00 1.00e+00h  1
 445  2.1916967e-04 4.62e-07 8.91e+00 -11.0 3.05e-04    -  1.00e+00 2.50e-01h  3
 446  2.1922276e-04 3.08e-07 2.98e+01 -11.0 3.47e-04    -  1.00e+00 1.00e+00h  1
 447  2.1908952e-04 2.67e-07 1.31e+01 -11.0 2.16e-04   0.4 1.00e+00 1.00e+00h  1
 448  2.1902083e-04 2.38e-08 1.27e+01 -11.0 1.82e-05   0.8 1.00e+00 1.00e+00h  1
 449  2.1891825e-04 9.56e-09 1.43e+01 -11.0 3.18e-05   0.3 1.00e+00 1.00e+00h  1
iter    objective    inf_pr   inf_du lg(mu)  ||d||  lg(rg) alpha_du alpha_pr  ls
 450  2.1884969e-04 8.70e-09 2.09e-01 -11.0 2.11e-05   0.7 1.00e+00 1.00e+00h  1
 451  2.1861732e-04 1.24e-06 1.79e+01 -11.0 3.15e-04    -  1.00e+00 1.00e+00h  1
 452  2.1874914e-04 2.79e-07 5.81e+01 -11.0 7.11e-04    -  1.00e+00 1.00e+00H  1
 453  2.1824495e-04 2.29e-08 7.22e+00 -11.0 7.52e-05   0.7 1.00e+00 1.00e+00h  1
 454  2.1784718e-04 6.37e-08 2.65e+00 -11.0 1.19e-04   0.2 1.00e+00 1.00e+00h  1
 455  2.1760981e-04 7.04e-08 6.64e+00 -11.0 1.40e-04    -  1.00e+00 1.00e+00h  1
 456  2.1751854e-04 1.36e-08 1.44e-02 -11.0 1.87e-04    -  1.00e+00 1.00e+00h  1
 457  2.1741686e-04 3.21e-07 2.12e+01 -11.0 1.01e-03    -  1.00e+00 1.00e+00h  1
 458  2.1732546e-04 3.39e-07 4.37e+01 -11.0 3.03e-03    -  1.00e+00 1.25e-01h  4
 459  2.1707472e-04 2.52e-07 1.39e+01 -11.0 4.20e-04    -  1.00e+00 1.00e+00h  1
iter    objective    inf_pr   inf_du lg(mu)  ||d||  lg(rg) alpha_du alpha_pr  ls
 460  2.1702470e-04 1.83e-07 4.96e+00 -11.0 8.62e-05   0.6 1.00e+00 1.00e+00h  1
 461  2.1696095e-04 2.73e-06 6.81e+00 -11.0 7.99e-04    -  1.00e+00 1.00e+00H  1
 462  2.1711585e-04 2.13e-08 6.44e+00 -11.0 4.48e-04    -  1.00e+00 1.00e+00h  1
 463  2.1678653e-04 3.76e-07 1.10e-01 -11.0 1.76e-04    -  1.00e+00 1.00e+00h  1
 464  2.1675348e-04 6.17e-09 1.19e+00 -11.0 2.15e-04    -  1.00e+00 1.00e+00h  1
 465  2.1672882e-04 3.60e-08 1.07e-01 -11.0 3.71e-03    -  1.00e+00 1.25e-01h  4
 466  2.1669478e-04 5.88e-08 5.62e-02 -11.0 3.69e-03    -  1.00e+00 1.25e-01h  4
 467  2.1666193e-04 1.14e-08 2.64e-01 -11.0 4.25e-05   1.0 1.00e+00 1.00e+00h  1
 468  2.1663342e-04 6.91e-10 7.46e-02 -11.0 2.06e-05   0.5 1.00e+00 1.00e+00h  1
 469  2.1658022e-04 6.52e-09 8.06e-03 -11.0 1.42e-04    -  1.00e+00 1.00e+00h  1
iter    objective    inf_pr   inf_du lg(mu)  ||d||  lg(rg) alpha_du alpha_pr  ls
 470  2.1656662e-04 1.80e-07 6.74e-01 -11.0 5.35e-04    -  1.00e+00 1.00e+00h  1
 471  2.1642304e-04 2.45e-08 2.90e-01 -11.0 7.43e-05  -0.5 1.00e+00 1.00e+00h  1
 472  2.1630874e-04 7.72e-08 1.17e-01 -11.0 5.89e-04    -  1.00e+00 1.00e+00h  1
 473  2.1629320e-04 3.39e-08 2.19e-01 -11.0 3.93e-05   1.3 1.00e+00 1.00e+00h  1
 474  2.1603426e-04 2.03e-06 9.08e+00 -11.0 3.44e-03    -  1.00e+00 1.00e+00h  1
 475  2.1602322e-04 7.89e-08 2.02e-01 -11.0 1.18e-04   0.8 1.00e+00 1.00e+00h  1
 476  2.1596121e-04 5.05e-10 8.79e-02 -11.0 3.46e-05   0.3 1.00e+00 1.00e+00h  1
 477  2.1587164e-04 1.32e-08 1.73e+00 -11.0 2.66e-04    -  1.00e+00 1.00e+00h  1
 478  2.1583811e-04 7.54e-08 1.24e-01 -11.0 1.17e-03    -  1.00e+00 5.00e-01h  2
 479  2.1530264e-04 6.07e-06 2.68e+01 -11.0 5.04e-03    -  1.00e+00 1.00e+00h  1
iter    objective    inf_pr   inf_du lg(mu)  ||d||  lg(rg) alpha_du alpha_pr  ls
 480  2.1474606e-04 8.41e-08 1.39e+01 -11.0 1.99e-04  -0.2 1.00e+00 1.00e+00h  1
 481  2.1440460e-04 1.39e-07 7.21e+00 -11.0 6.08e-04    -  1.00e+00 1.00e+00h  1
 482  2.1415744e-04 2.16e-07 8.01e+00 -11.0 7.60e-04    -  1.00e+00 1.00e+00h  1
 483  2.1377697e-04 6.03e-06 1.23e+01 -11.0 1.34e-02    -  1.00e+00 2.50e-01h  3
 484  2.1372681e-04 6.03e-06 1.42e+01 -11.0 5.73e-02    -  1.00e+00 1.56e-02h  7
 485  2.1357059e-04 6.80e-06 1.20e+01 -11.0 1.60e-02    -  1.00e+00 1.25e-01h  4
 486  2.1349947e-04 9.60e-09 2.80e-01 -11.0 4.64e-05   0.6 1.00e+00 1.00e+00h  1
 487  2.1319665e-04 1.91e-07 1.18e+01 -11.0 5.77e-04    -  1.00e+00 1.00e+00h  1
 488  2.1311918e-04 9.49e-07 2.47e+01 -11.0 6.33e-03    -  1.00e+00 2.50e-01h  3
 489  2.1294792e-04 1.74e-09 6.20e+00 -11.0 4.46e-05   0.6 1.00e+00 1.00e+00h  1
iter    objective    inf_pr   inf_du lg(mu)  ||d||  lg(rg) alpha_du alpha_pr  ls
 490  2.1286419e-04 7.75e-10 3.36e-01 -11.0 4.64e-05   0.1 1.00e+00 1.00e+00h  1
 491  2.1284562e-04 1.10e-10 1.26e-01 -11.0 2.04e-05   0.5 1.00e+00 1.00e+00h  1
 492  2.1271806e-04 2.68e-06 3.54e+01 -11.0 2.71e-03    -  1.00e+00 1.00e+00h  1
 493  2.1272930e-04 4.96e-08 3.75e+02 -11.0 2.06e-04   0.9 1.00e+00 1.00e+00h  1
 494  2.1272743e-04 1.75e-08 1.52e-02 -11.0 1.31e-04    -  1.00e+00 1.00e+00h  1
 495  2.1262271e-04 8.46e-09 3.48e-02 -11.0 3.48e-05   0.5 1.00e+00 1.00e+00h  1
 496  2.1241275e-04 4.68e-07 4.42e+01 -11.0 4.45e-03    -  1.00e+00 6.25e-02h  5
 497  2.1231987e-04 1.67e-06 3.18e+01 -11.0 1.12e-02    -  1.00e+00 2.50e-01h  3
 498  2.1227921e-04 1.65e-06 3.68e+01 -11.0 7.45e-02    -  1.00e+00 7.81e-03h  8
 499  2.1200501e-04 2.97e-06 4.95e+01 -11.0 5.28e-03    -  1.00e+00 1.00e+00h  1
iter    objective    inf_pr   inf_du lg(mu)  ||d||  lg(rg) alpha_du alpha_pr  ls
 500  2.1187163e-04 2.97e-06 5.12e+01 -11.0 6.20e-02    -  1.00e+00 7.81e-03h  8
 501  2.1168923e-04 2.37e-06 2.91e+01 -11.0 5.78e-03    -  1.00e+00 5.00e-01h  2
 502  2.1110049e-04 2.34e-06 2.74e+01 -11.0 3.06e-02    -  1.00e+00 3.12e-02h  6
 503  2.1055951e-04 7.21e-07 2.25e+01 -11.0 3.38e-04   0.4 1.00e+00 1.00e+00h  1
 504  2.1042318e-04 4.77e-09 2.93e-02 -11.0 6.16e-05  -0.1 1.00e+00 1.00e+00h  1
 505  2.1031305e-04 7.83e-09 2.00e+00 -11.0 2.64e-04    -  1.00e+00 1.00e+00h  1
 506  2.1030972e-04 3.75e-09 1.88e+00 -11.0 3.11e-05   1.2 1.00e+00 1.00e+00h  1
 507  2.1030364e-04 3.94e-11 1.70e-01 -11.0 7.82e-06   0.7 1.00e+00 1.00e+00h  1
 508  2.1029002e-04 2.95e-10 1.92e-02 -11.0 2.02e-05   0.3 1.00e+00 1.00e+00h  1
 509  2.1009849e-04 1.59e-07 1.63e+00 -11.0 5.24e-04    -  1.00e+00 1.00e+00h  1
iter    objective    inf_pr   inf_du lg(mu)  ||d||  lg(rg) alpha_du alpha_pr  ls
 510  2.1006693e-04 1.66e-07 5.50e-01 -11.0 3.55e-03    -  1.00e+00 6.25e-02h  5
 511  2.1005549e-04 8.67e-07 2.99e+00 -11.0 1.14e-03    -  1.00e+00 1.00e+00h  1
 512  2.0997599e-04 1.27e-07 1.00e+00 -11.0 1.36e-04   0.6 1.00e+00 1.00e+00h  1
 513  2.1012934e-04 6.88e-08 7.31e-02 -11.0 8.69e-04    -  1.00e+00 1.00e+00H  1
 514  2.1000649e-04 4.92e-09 1.14e+00 -11.0 4.16e-05   0.6 1.00e+00 1.00e+00h  1
 515  2.0985733e-04 2.80e-09 4.39e-02 -11.0 7.56e-05   0.1 1.00e+00 1.00e+00h  1
 516  2.0975636e-04 5.45e-08 2.61e-01 -11.0 3.47e-04    -  1.00e+00 1.00e+00h  1
 517  2.0975009e-04 4.20e-08 3.23e+00 -11.0 5.89e-05   0.9 1.00e+00 1.00e+00h  1
 518  2.0974385e-04 4.61e-11 2.74e-01 -11.0 8.29e-06   0.5 1.00e+00 1.00e+00h  1
 519  2.0970511e-04 7.80e-09 4.96e-01 -11.0 1.01e-04    -  1.00e+00 1.00e+00h  1
iter    objective    inf_pr   inf_du lg(mu)  ||d||  lg(rg) alpha_du alpha_pr  ls
 520  2.0973112e-04 4.94e-09 3.23e+00 -11.0 3.97e-04    -  1.00e+00 1.00e+00H  1
 521  2.0967362e-04 5.84e-10 8.95e-02 -11.0 2.54e-05   0.4 1.00e+00 1.00e+00h  1
 522  2.0964061e-04 1.16e-09 7.07e-02 -11.0 2.96e-05  -0.1 1.00e+00 1.00e+00h  1
 523  2.0963202e-04 6.10e-10 8.81e-02 -11.0 2.81e-05  -0.5 1.00e+00 1.00e+00h  1
 524  2.0962237e-04 2.76e-09 2.79e-01 -11.0 8.38e-05    -  1.00e+00 1.00e+00h  1
 525  2.0972710e-04 3.43e-10 3.21e+00 -11.0 4.79e-04    -  1.00e+00 1.00e+00H  1
 526  2.0971501e-04 3.91e-10 8.76e-02 -11.0 6.27e-04    -  1.00e+00 3.12e-02h  6
 527  2.0960841e-04 1.62e-08 2.38e+00 -11.0 4.67e-04    -  1.00e+00 2.50e-01h  3
 528  2.0955070e-04 3.92e-09 4.44e-02 -11.0 6.76e-05  -0.6 1.00e+00 1.00e+00h  1
 529  2.0951206e-04 6.83e-08 3.22e-01 -11.0 2.95e-04    -  1.00e+00 1.00e+00h  1
iter    objective    inf_pr   inf_du lg(mu)  ||d||  lg(rg) alpha_du alpha_pr  ls
 530  2.0950391e-04 1.39e-07 4.97e-01 -11.0 3.09e-03    -  1.00e+00 1.25e-01h  4
 531  2.0944962e-04 4.01e-07 1.49e+00 -11.0 4.15e-03    -  1.00e+00 2.50e-01h  3
 532  2.0943573e-04 6.22e-07 1.76e+00 -11.0 1.30e-02    -  1.00e+00 6.25e-02h  5
 533  2.0940498e-04 4.18e-10 1.52e-01 -11.0 2.14e-05   0.6 1.00e+00 1.00e+00h  1
 534  2.0937486e-04 6.25e-10 1.28e-01 -11.0 3.79e-05   0.2 1.00e+00 1.00e+00h  1
 535  2.0932698e-04 9.92e-09 4.45e-02 -11.0 2.15e-04    -  1.00e+00 1.00e+00h  1
 536  2.0928069e-04 3.90e-08 1.93e+00 -11.0 7.62e-04    -  1.00e+00 1.00e+00h  1
 537  2.0926474e-04 3.04e-09 3.59e-01 -11.0 2.25e-05   1.0 1.00e+00 1.00e+00h  1
 538  2.0916217e-04 8.57e-08 2.01e+00 -11.0 1.27e-03    -  1.00e+00 1.00e+00h  1
 539  2.0916030e-04 1.59e-07 2.75e+00 -11.0 2.03e-02    -  1.00e+00 3.12e-02h  6
iter    objective    inf_pr   inf_du lg(mu)  ||d||  lg(rg) alpha_du alpha_pr  ls
 540  2.0913232e-04 1.11e-09 2.62e-01 -11.0 1.90e-05   0.5 1.00e+00 1.00e+00h  1
 541  2.0907923e-04 9.42e-08 6.95e-02 -11.0 4.03e-04    -  1.00e+00 1.00e+00h  1
 542  2.0906861e-04 8.07e-08 1.20e+00 -11.0 2.52e-03    -  1.00e+00 2.50e-01h  3
 543  2.0902771e-04 7.69e-08 2.11e-01 -11.0 6.39e-03    -  1.00e+00 1.25e-01h  4
 544  2.0901631e-04 6.20e-08 2.41e+00 -11.0 1.04e-04   0.5 1.00e+00 1.00e+00h  1
 545  2.0901404e-04 1.72e-08 2.29e+00 -11.0 2.37e-03    -  1.00e+00 1.00e+00H  1
 546  2.0892573e-04 8.88e-08 2.97e+00 -11.0 7.07e-02    -  1.00e+00 3.12e-02h  6
 547  2.0889420e-04 8.89e-10 4.51e-02 -11.0 1.98e-05   0.9 1.00e+00 1.00e+00h  1
 548  2.0870648e-04 4.50e-08 3.49e+00 -11.0 1.79e-03    -  1.00e+00 1.00e+00h  1
 549  2.0868281e-04 6.01e-10 3.14e-01 -11.0 2.09e-05   0.4 1.00e+00 1.00e+00h  1
iter    objective    inf_pr   inf_du lg(mu)  ||d||  lg(rg) alpha_du alpha_pr  ls
 550  2.0865478e-04 2.42e-09 3.64e-01 -11.0 3.71e-04    -  1.00e+00 1.00e+00h  1
 551  2.0865203e-04 6.45e-07 9.05e+00 -11.0 2.92e-02    -  1.00e+00 2.50e-01h  3
 552  2.0851476e-04 1.23e-06 1.72e+01 -11.0 3.54e-01    -  1.00e+00 1.56e-02h  7
 553  2.0834101e-04 1.55e-06 2.28e+01 -11.0 5.70e-01    -  1.00e+00 7.81e-03h  8
 554  2.0800155e-04 6.07e-08 1.69e+01 -11.0 2.34e-04  -0.1 1.00e+00 1.00e+00h  1
 555  2.0793258e-04 1.51e-08 5.75e+00 -11.0 6.86e-04    -  1.00e+00 1.00e+00h  1
 556  2.0789653e-04 2.00e-08 4.29e+00 -11.0 4.00e-03    -  1.00e+00 1.25e-01h  4
 557  2.0785587e-04 1.13e-07 9.82e+00 -11.0 1.22e-02    -  1.00e+00 2.50e-01h  3
 558  2.0784531e-04 1.28e-07 1.00e+01 -11.0 1.17e-02    -  1.00e+00 3.12e-02h  6
 559  2.0779503e-04 1.40e-08 9.86e-01 -11.0 3.53e-05   0.7 1.00e+00 1.00e+00h  1
iter    objective    inf_pr   inf_du lg(mu)  ||d||  lg(rg) alpha_du alpha_pr  ls
 560  2.0774545e-04 1.75e-09 1.64e-01 -11.0 2.31e-05   0.2 1.00e+00 1.00e+00h  1
 561  2.0773202e-04 1.55e-10 8.84e-02 -11.0 7.82e-06   0.6 1.00e+00 1.00e+00h  1
 562  2.0761015e-04 2.34e-08 1.06e-02 -11.0 3.56e-04    -  1.00e+00 1.00e+00h  1
 563  2.0757053e-04 6.22e-08 4.63e-02 -11.0 1.39e-02    -  1.00e+00 1.25e-01h  4
 564  2.0753650e-04 4.47e-09 7.42e-01 -11.0 3.32e-05   1.0 1.00e+00 1.00e+00h  1
 565  2.0747704e-04 1.42e-09 3.46e-02 -11.0 2.18e-05   0.6 1.00e+00 1.00e+00h  1
 566  2.0725658e-04 1.20e-07 9.92e-01 -11.0 1.21e-03    -  1.00e+00 1.00e+00h  1
 567  2.0714867e-04 2.39e-07 9.43e-01 -11.0 3.68e-02    -  1.00e+00 6.25e-02h  5
 568  2.0707567e-04 1.51e-09 1.83e-01 -11.0 3.00e-05   0.5 1.00e+00 1.00e+00h  1
 569  2.0685099e-04 3.93e-07 2.63e+00 -11.0 3.63e-03    -  1.00e+00 1.00e+00h  1
iter    objective    inf_pr   inf_du lg(mu)  ||d||  lg(rg) alpha_du alpha_pr  ls
 570  2.0684896e-04 4.26e-10 4.47e-02 -11.0 1.32e-05   0.9 1.00e+00 1.00e+00h  1
 571  2.0666254e-04 3.66e-07 1.90e+00 -11.0 3.39e-03    -  1.00e+00 1.00e+00h  1
 572  2.0664981e-04 2.67e-08 1.10e-02 -11.0 5.36e-05   0.5 1.00e+00 1.00e+00h  1
 573  2.0643565e-04 1.32e-06 2.82e+00 -11.0 7.49e-03    -  1.00e+00 1.00e+00h  1
 574  2.0638616e-04 1.53e-06 3.98e+00 -11.0 1.62e+00    -  1.00e+00 1.95e-03h 10
 575  2.0624986e-04 1.58e-06 5.18e+00 -11.0 2.38e-01    -  1.00e+00 7.81e-03h  8
 576  2.0610700e-04 1.34e-08 1.73e+00 -11.0 6.97e-05   0.4 1.00e+00 1.00e+00h  1
 577  2.0557197e-04 1.07e-06 2.49e+00 -11.0 4.34e-03    -  1.00e+00 1.00e+00h  1
 578  2.0551061e-04 1.21e-06 3.74e+00 -11.0 3.91e-01    -  1.00e+00 3.91e-03h  9
 579  2.0549016e-04 2.10e-10 3.50e-01 -11.0 1.17e-05   1.2 1.00e+00 1.00e+00h  1
iter    objective    inf_pr   inf_du lg(mu)  ||d||  lg(rg) alpha_du alpha_pr  ls
 580  2.0545008e-04 1.16e-10 1.33e-01 -11.0 2.06e-05   0.7 1.00e+00 1.00e+00h  1
 581  2.0483025e-04 7.21e-06 1.63e+01 -11.0 9.96e-03    -  1.00e+00 1.00e+00h  1
 582  2.0506482e-04 1.60e-08 1.17e-01 -11.0 7.45e-05   1.2 1.00e+00 1.00e+00h  1
 583  2.0493585e-04 9.76e-08 2.00e+00 -11.0 1.31e-03    -  1.00e+00 1.00e+00h  1
 584  2.0493339e-04 4.67e-09 1.01e-01 -11.0 2.92e-05   0.7 1.00e+00 1.00e+00h  1
 585  2.0486473e-04 4.83e-08 3.33e-01 -11.0 1.92e-03    -  1.00e+00 5.00e-01h  2
 586  2.0485031e-04 3.53e-08 1.61e+00 -11.0 8.13e-05   0.6 1.00e+00 1.00e+00h  1
 587  2.0484179e-04 2.44e-10 2.60e-01 -11.0 7.35e-06   1.1 1.00e+00 1.00e+00h  1
 588  2.0482618e-04 9.81e-10 8.48e-02 -11.0 1.40e-05   0.6 1.00e+00 1.00e+00h  1
 589  2.0477021e-04 1.78e-08 5.15e+00 -11.0 5.05e-04    -  1.00e+00 1.00e+00h  1
iter    objective    inf_pr   inf_du lg(mu)  ||d||  lg(rg) alpha_du alpha_pr  ls
 590  2.0475685e-04 1.48e-09 2.36e-02 -11.0 3.68e-05   0.1 1.00e+00 1.00e+00h  1
 591  2.0473043e-04 1.88e-09 2.99e-01 -11.0 6.93e-05  -0.4 1.00e+00 1.00e+00h  1
 592  2.0472906e-04 6.73e-12 5.81e-02 -11.0 3.45e-06   0.9 1.00e+00 1.00e+00h  1
 593  2.0472506e-04 5.60e-11 6.84e-03 -11.0 1.01e-05   0.5 1.00e+00 1.00e+00h  1
 594  2.0465352e-04 9.88e-07 4.96e+00 -11.0 2.04e-03    -  1.00e+00 1.00e+00h  1
 595  2.0449814e-04 6.77e-08 1.02e-01 -11.0 1.07e-04   0.4 1.00e+00 1.00e+00h  1
 596  2.0444590e-04 1.01e-08 5.49e-02 -11.0 1.33e-04    -  1.00e+00 1.00e+00h  1
 597  2.0439015e-04 3.17e-08 3.08e+00 -11.0 4.61e-04    -  1.00e+00 1.00e+00h  1
 598  2.0438040e-04 3.43e-09 2.41e-01 -11.0 2.65e-05   0.8 1.00e+00 1.00e+00h  1
 599  2.0436625e-04 1.07e-09 1.77e-02 -11.0 1.40e-05   0.4 1.00e+00 1.00e+00h  1
iter    objective    inf_pr   inf_du lg(mu)  ||d||  lg(rg) alpha_du alpha_pr  ls
 600  2.0427054e-04 1.88e-07 4.15e-02 -11.0 9.22e-04    -  1.00e+00 1.00e+00h  1
 601  2.0426327e-04 2.56e-07 5.18e+00 -11.0 1.97e-02    -  1.00e+00 3.12e-02h  6
 602  2.0424084e-04 1.80e-10 1.02e+00 -11.0 1.32e-05   0.8 1.00e+00 1.00e+00h  1
 603  2.0420503e-04 3.20e-10 7.46e-01 -11.0 2.19e-05   0.3 1.00e+00 1.00e+00h  1
 604  2.0406428e-04 9.66e-07 4.61e+00 -11.0 2.12e-03    -  1.00e+00 1.00e+00h  1
 605  2.0403739e-04 9.67e-07 5.48e+00 -11.0 4.03e-02    -  1.00e+00 7.81e-03h  8
 606  2.0403522e-04 4.26e-06 6.27e+00 -11.0 1.55e-02    -  1.00e+00 2.50e-01h  3
 607  2.0394336e-04 1.75e-08 1.41e+00 -11.0 6.66e-05   0.2 1.00e+00 1.00e+00h  1
 608  2.0389115e-04 2.33e-07 3.79e-01 -11.0 8.12e-04    -  1.00e+00 1.00e+00h  1
 609  2.0380085e-04 3.74e-06 1.30e+01 -11.0 9.30e-03    -  1.00e+00 5.00e-01h  2
iter    objective    inf_pr   inf_du lg(mu)  ||d||  lg(rg) alpha_du alpha_pr  ls
 610  2.0375462e-04 3.81e-06 4.59e+00 -11.0 2.41e-01    -  1.00e+00 7.81e-03h  8
 611  2.0363495e-04 3.60e-06 5.75e+00 -11.0 2.79e-02    -  1.00e+00 6.25e-02h  5
 612  2.0365556e-04 1.22e-08 6.03e-02 -11.0 9.50e-05   0.6 1.00e+00 1.00e+00h  1
 613  2.0356446e-04 4.03e-07 3.94e+00 -11.0 1.73e-03    -  1.00e+00 1.00e+00h  1
 614  2.0354257e-04 1.18e-09 2.19e-02 -11.0 3.49e-05   0.1 1.00e+00 1.00e+00h  1
 615  2.0352183e-04 8.80e-09 3.32e-03 -11.0 2.23e-04    -  1.00e+00 1.00e+00h  1
 616  2.0347495e-04 4.36e-08 2.38e+00 -11.0 2.85e-02    -  1.00e+00 6.25e-02h  5
 617  2.0342941e-04 1.53e-07 2.96e-01 -11.0 1.98e-01    -  1.00e+00 1.56e-02h  7
 618  2.0340164e-04 1.30e-09 3.06e-01 -11.0 1.56e-05   1.0 1.00e+00 1.00e+00h  1
 619  2.0334859e-04 1.78e-09 9.88e-01 -11.0 1.79e-05   0.5 1.00e+00 1.00e+00h  1
iter    objective    inf_pr   inf_du lg(mu)  ||d||  lg(rg) alpha_du alpha_pr  ls
 620  2.0330076e-04 2.60e-09 3.65e-01 -11.0 3.50e-05   0.0 1.00e+00 1.00e+00h  1
 621  2.0289676e-04 2.32e-06 1.15e+01 -11.0 7.65e-03    -  1.00e+00 1.00e+00h  1
 622  2.0291723e-04 1.91e-09 6.90e-02 -11.0 2.76e-05   1.3 1.00e+00 1.00e+00h  1
 623  2.0290107e-04 1.02e-09 1.77e+00 -11.0 1.15e-05   0.9 1.00e+00 1.00e+00h  1
 624  2.0266798e-04 2.50e-06 4.51e+00 -11.0 7.58e-03    -  1.00e+00 1.00e+00h  1
 625  2.0260322e-04 2.56e-06 5.69e+00 -11.0 1.61e+00    -  1.00e+00 9.77e-04h 11
 626  2.0247226e-04 3.65e-06 1.45e+01 -11.0 1.19e-01    -  1.00e+00 6.25e-02h  5
 627  2.0235380e-04 6.04e-09 2.91e+00 -11.0 9.17e-05   0.4 1.00e+00 1.00e+00h  1
 628  2.0213530e-04 1.50e-06 2.52e+00 -11.0 5.58e-03    -  1.00e+00 1.00e+00h  1
 629  2.0212482e-04 5.99e-10 2.65e-01 -11.0 1.72e-05   0.8 1.00e+00 1.00e+00h  1
iter    objective    inf_pr   inf_du lg(mu)  ||d||  lg(rg) alpha_du alpha_pr  ls
 630  2.0210683e-04 1.46e-10 2.21e-02 -11.0 2.95e-05   0.3 1.00e+00 1.00e+00h  1
 631  2.0181090e-04 3.97e-06 4.14e+00 -11.0 1.00e-02    -  1.00e+00 1.00e+00h  1
 632  2.0180300e-04 4.28e-09 1.26e+00 -11.0 3.83e-05   1.2 1.00e+00 1.00e+00h  1
 633  2.0177875e-04 3.34e-10 6.47e-02 -11.0 1.56e-05   0.7 1.00e+00 1.00e+00h  1
 634  2.0148469e-04 4.83e-06 5.10e+00 -11.0 1.19e-02    -  1.00e+00 1.00e+00h  1
 635  2.0148158e-04 1.02e-05 2.08e+01 -11.0 4.37e+00    -  1.00e+00 3.91e-03h  9
 636  2.0124698e-04 1.21e-05 2.19e+01 -11.0 2.39e+00    -  1.00e+00 3.91e-03h  9
 637  2.0116785e-04 3.13e-05 1.47e+01 -11.0 2.11e+00    -  1.00e+00 1.56e-02h  7
 638  2.0074871e-04 3.18e-05 1.97e+01 -11.0 7.09e+00    -  1.00e+00 9.77e-04h 11
 639  2.0046387e-04 3.24e-05 2.20e+01 -11.0 2.86e-01    -  1.00e+00 1.56e-02h  7
iter    objective    inf_pr   inf_du lg(mu)  ||d||  lg(rg) alpha_du alpha_pr  ls
 640  2.0013454e-04 3.38e-05 3.79e+01 -11.0 2.88e-01    -  1.00e+00 3.12e-02h  6
 641  1.9976423e-04 1.20e-06 5.93e+01 -11.0 7.46e-04   0.6 1.00e+00 1.00e+00h  1
 642  1.9929495e-04 2.08e-08 2.28e+01 -11.0 1.23e-04   0.1 1.00e+00 1.00e+00h  1
 643  1.9865473e-04 3.41e-06 1.73e+01 -11.0 1.58e-02    -  1.00e+00 1.00e+00h  1
 644  1.9847684e-04 5.43e-08 4.44e-01 -11.0 2.65e-04  -0.3 1.00e+00 1.00e+00h  1
 645  1.9837249e-04 1.84e-07 1.05e+01 -11.0 5.96e-04    -  1.00e+00 1.00e+00h  1
 646  1.9821073e-04 1.75e-06 1.47e+01 -11.0 9.63e-03    -  1.00e+00 5.00e-01h  2
 647  1.9791124e-04 3.97e-06 1.44e+01 -11.0 1.96e-01    -  1.00e+00 3.12e-02h  6
 648  1.9749020e-04 3.07e-07 5.28e+00 -11.0 2.50e-04   0.0 1.00e+00 1.00e+00h  1
 649  1.9735639e-04 6.90e-06 1.02e+01 -11.0 1.54e-02    -  1.00e+00 1.00e+00h  1
iter    objective    inf_pr   inf_du lg(mu)  ||d||  lg(rg) alpha_du alpha_pr  ls
 650  1.9699355e-04 7.42e-08 1.75e-01 -11.0 1.81e-04   0.5 1.00e+00 1.00e+00h  1
 651  1.9663624e-04 2.75e-07 2.16e+00 -11.0 2.24e-03    -  1.00e+00 1.00e+00h  1
 652  1.9654763e-04 1.43e-09 1.77e-02 -11.0 8.04e-05  -0.0 1.00e+00 1.00e+00h  1
 653  1.9636925e-04 2.28e-06 2.77e+00 -11.0 9.17e-03    -  1.00e+00 1.00e+00h  1
 654  1.9608456e-04 1.13e-08 5.75e-02 -11.0 9.01e-05   0.4 1.00e+00 1.00e+00h  1
 655  1.9577226e-04 4.67e-07 2.66e+00 -11.0 4.44e-03    -  1.00e+00 1.00e+00h  1
 656  1.9569859e-04 1.27e-06 5.60e+00 -11.0 3.87e-01    -  1.00e+00 1.56e-02h  7
 657  1.9536547e-04 6.71e-09 3.30e-01 -11.0 1.37e-04  -0.1 1.00e+00 1.00e+00h  1
 658  1.9505635e-04 8.37e-07 1.47e+00 -11.0 6.37e-03    -  1.00e+00 1.00e+00h  1
 659  1.9501949e-04 2.76e-09 2.22e-02 -11.0 3.19e-05   0.4 1.00e+00 1.00e+00h  1
iter    objective    inf_pr   inf_du lg(mu)  ||d||  lg(rg) alpha_du alpha_pr  ls
 660  1.9459452e-04 2.55e-06 3.36e+00 -11.0 1.14e-02    -  1.00e+00 1.00e+00h  1
 661  1.9453372e-04 4.72e-09 1.50e-02 -11.0 7.40e-05  -0.1 1.00e+00 1.00e+00h  1
 662  1.9441287e-04 1.68e-08 1.25e-02 -11.0 1.54e-04  -0.6 1.00e+00 1.00e+00h  1
 663  1.9435476e-04 1.86e-09 4.77e-03 -11.0 6.12e-05  -0.2 1.00e+00 1.00e+00h  1
 664  1.9346570e-04 5.53e-06 3.71e+00 -11.0 1.87e-02    -  1.00e+00 1.00e+00h  1
 665  1.9327848e-04 6.33e-06 8.55e+00 -11.0 6.10e+00    -  1.00e+00 9.77e-04h 11
 666  1.9308693e-04 1.99e-08 4.79e-02 -11.0 1.16e-04   0.2 1.00e+00 1.00e+00h  1
 667  1.9251712e-04 2.06e-06 2.55e+00 -11.0 1.50e-02    -  1.00e+00 1.00e+00h  1
 668  1.9250218e-04 6.82e-10 4.96e-03 -11.0 4.27e-05   0.7 1.00e+00 1.00e+00h  1
 669  1.9241115e-04 1.52e-09 1.67e-03 -11.0 4.62e-05   0.2 1.00e+00 1.00e+00h  1
iter    objective    inf_pr   inf_du lg(mu)  ||d||  lg(rg) alpha_du alpha_pr  ls
 670  1.9221797e-04 5.53e-09 4.10e-03 -11.0 1.14e-04  -0.3 1.00e+00 1.00e+00h  1
 671  1.9215397e-04 1.02e-09 3.08e-03 -11.0 4.53e-05   0.1 1.00e+00 1.00e+00h  1
 672  1.9164874e-04 2.32e-06 7.06e+00 -11.0 6.15e-02    -  1.00e+00 2.50e-01h  3
 673  1.9114625e-04 9.56e-10 8.08e-02 -11.0 4.89e-05   0.6 1.00e+00 1.00e+00h  1
 674  1.9042053e-04 4.72e-07 2.70e+00 -11.0 7.28e-03    -  1.00e+00 1.00e+00h  1
 675  1.9034126e-04 6.01e-10 6.53e-03 -11.0 6.26e-05   0.1 1.00e+00 1.00e+00h  1
 676  1.9022506e-04 3.33e-09 3.53e-03 -11.0 1.08e-04  -0.4 1.00e+00 1.00e+00h  1
 677  1.9018240e-04 8.78e-10 1.04e-02 -11.0 4.20e-05   0.0 1.00e+00 1.00e+00h  1
 678  1.8896218e-04 5.77e-06 9.72e+00 -11.0 2.50e-02    -  1.00e+00 1.00e+00h  1
 679  1.8875619e-04 1.25e-08 2.84e-02 -11.0 1.57e-04  -0.0 1.00e+00 1.00e+00h  1
iter    objective    inf_pr   inf_du lg(mu)  ||d||  lg(rg) alpha_du alpha_pr  ls
 680  1.8836635e-04 1.15e-06 2.67e+00 -11.0 1.16e-02    -  1.00e+00 1.00e+00h  1
 681  1.8828071e-04 1.16e-06 3.01e+00 -11.0 1.03e+00    -  1.00e+00 4.88e-04h 12
 682  1.8820845e-04 3.35e-09 4.66e-03 -11.0 8.02e-05  -0.1 1.00e+00 1.00e+00h  1
 683  1.8807308e-04 6.87e-07 2.78e+00 -11.0 9.01e-03    -  1.00e+00 1.00e+00h  1
 684  1.8805789e-04 1.09e-10 7.64e-03 -11.0 2.37e-05   0.4 1.00e+00 1.00e+00h  1
 685  1.8787844e-04 1.19e-07 5.05e-02 -11.0 4.38e-03    -  1.00e+00 1.00e+00h  1
 686  1.8785955e-04 3.08e-07 6.82e+00 -11.0 1.53e+00    -  1.00e+00 3.91e-03h  9
 687  1.8770688e-04 1.65e-09 8.19e-03 -11.0 4.22e-05   0.3 1.00e+00 1.00e+00h  1
 688  1.8725082e-04 4.70e-07 2.19e+00 -11.0 8.92e-03    -  1.00e+00 1.00e+00h  1
 689  1.8720352e-04 3.55e-10 3.57e-02 -11.0 7.28e-05  -0.2 1.00e+00 1.00e+00h  1
iter    objective    inf_pr   inf_du lg(mu)  ||d||  lg(rg) alpha_du alpha_pr  ls
 690  1.8671331e-04 1.11e-06 2.08e+00 -11.0 1.41e-02    -  1.00e+00 1.00e+00h  1
 691  1.8661057e-04 2.05e-06 1.92e+01 -11.0 1.16e+01    -  1.00e+00 9.77e-04h 11
 692  1.8645320e-04 3.01e-06 6.95e+00 -11.0 1.03e+00    -  1.00e+00 7.81e-03h  8
 693  1.8594804e-04 6.01e-09 1.21e-01 -11.0 1.07e-04   0.2 1.00e+00 1.00e+00h  1
 694  1.8558814e-04 3.84e-07 1.33e+00 -11.0 7.68e-03    -  1.00e+00 1.00e+00h  1
 695  1.8555881e-04 9.80e-11 4.67e-02 -11.0 1.98e-05   0.6 1.00e+00 1.00e+00h  1
 696  1.8461353e-04 1.39e-06 3.47e+00 -11.0 1.57e-02    -  1.00e+00 1.00e+00h  1
 697  1.8451335e-04 1.06e-08 2.57e-02 -11.0 3.22e-05   0.6 1.00e+00 1.00e+00h  1
 698  1.8288304e-04 9.03e-06 3.49e+00 -11.0 3.98e-02    -  1.00e+00 1.00e+00h  1
 699  1.8250089e-04 1.01e-05 1.23e+01 -11.0 5.76e+01    -  1.00e+00 2.44e-04h 13
iter    objective    inf_pr   inf_du lg(mu)  ||d||  lg(rg) alpha_du alpha_pr  ls
 700  1.8217495e-04 2.54e-08 1.93e-01 -11.0 1.51e-04   0.1 1.00e+00 1.00e+00h  1
 701  1.8214550e-04 1.96e-10 2.83e-02 -11.0 2.20e-05   0.5 1.00e+00 1.00e+00h  1
 702  1.8206757e-04 1.09e-09 2.03e-01 -11.0 5.80e-05   0.1 1.00e+00 1.00e+00h  1
 703  1.8100081e-04 2.25e-05 1.04e+01 -11.0 6.26e-02    -  1.00e+00 1.00e+00h  1
 704  1.8065329e-04 2.47e-05 1.55e+01 -11.0 7.59e+01    -  1.00e+00 2.44e-04h 13
 705  1.8009836e-04 2.72e-05 1.51e+01 -11.0 1.01e+01    -  1.00e+00 1.95e-03h 10
 706  1.7970836e-04 2.82e-05 1.70e+01 -11.0 1.25e+01    -  1.00e+00 9.77e-04h 11
 707  1.7954478e-04 2.82e-05 1.78e+01 -11.0 2.78e+00    -  1.00e+00 1.95e-03h 10
 708  1.7939647e-04 2.79e-05 2.04e+01 -11.0 3.28e-01    -  1.00e+00 1.56e-02h  7
 709  1.7948966e-04 5.26e-08 4.26e-01 -11.0 2.12e-04   0.9 1.00e+00 1.00e+00h  1
iter    objective    inf_pr   inf_du lg(mu)  ||d||  lg(rg) alpha_du alpha_pr  ls
 710  1.7892119e-04 1.32e-07 1.71e+01 -11.0 2.28e-03    -  1.00e+00 1.00e+00h  1
 711  1.7819534e-04 1.96e-06 2.44e+01 -11.0 6.75e-02    -  1.00e+00 1.25e-01h  4
 712  1.7816477e-04 3.92e-07 1.80e+02 -11.0 1.95e-04   0.4 1.00e+00 1.00e+00h  1
 713  1.7797154e-04 9.11e-08 4.94e+00 -11.0 6.34e-04    -  1.00e+00 1.00e+00h  1
 714  1.7789893e-04 3.68e-07 3.34e+01 -11.0 1.02e-03    -  1.00e+00 1.00e+00h  1
 715  1.7785081e-04 2.79e-07 1.08e+00 -11.0 1.16e-04  -0.1 1.00e+00 1.00e+00h  1
 716  1.7776999e-04 1.10e-06 2.16e+01 -11.0 7.54e-03    -  1.00e+00 1.00e+00h  1
 717  1.7773550e-04 1.39e-06 1.72e+01 -11.0 5.52e-01    -  1.00e+00 3.91e-03h  9
 718  1.7768364e-04 1.41e-06 1.29e+01 -11.0 4.54e-03    -  1.00e+00 6.25e-02h  5
 719  1.7766201e-04 6.97e-07 7.10e+01 -11.0 3.40e-03    -  1.00e+00 5.00e-01h  2
iter    objective    inf_pr   inf_du lg(mu)  ||d||  lg(rg) alpha_du alpha_pr  ls
 720  1.7752598e-04 1.01e-07 1.68e+01 -11.0 1.40e-04  -0.1 1.00e+00 1.00e+00h  1
 721  1.7738465e-04 1.95e-07 1.89e+00 -11.0 2.73e-03    -  1.00e+00 1.00e+00h  1
 722  1.7737135e-04 1.98e-07 5.97e+00 -11.0 1.28e-01    -  1.00e+00 7.81e-03h  8
 723  1.7732931e-04 1.97e-07 3.55e+00 -11.0 6.52e-02    -  1.00e+00 3.12e-02h  6
 724  1.7697577e-04 1.58e-06 1.04e+01 -11.0 8.93e-02    -  1.00e+00 1.25e-01h  4
 725  1.7659691e-04 2.17e-06 2.45e+01 -11.0 5.91e-01    -  1.00e+00 1.56e-02h  7
 726  1.7629950e-04 2.75e-06 3.51e+01 -11.0 3.10e+00    -  1.00e+00 3.91e-03h  9
 727  1.7551643e-04 8.06e-05 4.14e+01 -11.0 1.45e+01    -  1.00e+00 3.91e-03h  9
 728  1.7541062e-04 8.24e-05 4.10e+01 -11.0 5.75e+00    -  1.00e+00 9.77e-04h 11
 729  1.7398180e-04 1.02e-06 1.14e+01 -11.0 7.26e-04  -0.8 1.00e+00 1.00e+00h  1
iter    objective    inf_pr   inf_du lg(mu)  ||d||  lg(rg) alpha_du alpha_pr  ls
 730  1.7307158e-04 2.21e-06 1.50e+01 -11.0 1.37e-02    -  1.00e+00 1.00e+00h  1
 731  1.7300549e-04 9.72e-10 1.99e-01 -11.0 5.39e-05   0.6 1.00e+00 1.00e+00h  1
 732  1.7275521e-04 7.03e-07 2.08e+00 -11.0 4.52e-03    -  1.00e+00 1.00e+00h  1
 733  1.7291912e-04 6.28e-07 8.94e+00 -11.0 1.64e-01    -  1.00e+00 7.81e-03h  8
 734  1.7283400e-04 2.97e-09 1.55e+00 -11.0 1.07e-05   1.4 1.00e+00 1.00e+00h  1
 735  1.7189030e-04 2.26e-06 9.61e+00 -11.0 7.38e-03    -  1.00e+00 1.00e+00h  1
 736  1.7190075e-04 8.95e-08 6.26e+01 -11.0 4.16e-05   0.9 1.00e+00 1.00e+00h  1
 737  1.7183009e-04 8.12e-08 5.61e+00 -11.0 1.39e-03    -  1.00e+00 1.00e+00h  1
 738  1.7183080e-04 3.24e-09 5.20e-01 -11.0 3.83e-05   0.5 1.00e+00 1.00e+00h  1
 739  1.7167503e-04 3.45e-08 1.53e+00 -11.0 1.42e-03    -  1.00e+00 1.00e+00h  1
iter    objective    inf_pr   inf_du lg(mu)  ||d||  lg(rg) alpha_du alpha_pr  ls
 740  1.7167454e-04 9.28e-09 2.37e-01 -11.0 1.25e-05   0.9 1.00e+00 1.00e+00h  1
 741  1.7132332e-04 2.87e-07 4.51e+00 -11.0 4.28e-03    -  1.00e+00 1.00e+00h  1
 742  1.7129852e-04 5.88e-09 1.16e+00 -11.0 3.46e-05   0.4 1.00e+00 1.00e+00h  1
 743  1.7119931e-04 4.89e-08 7.09e-01 -11.0 1.96e-03    -  1.00e+00 2.50e-01h  3
 744  1.7085228e-04 2.33e-07 6.31e+00 -11.0 1.75e-02    -  1.00e+00 1.25e-01h  4
 745  1.7080841e-04 8.20e-07 9.04e+00 -11.0 4.43e-02    -  1.00e+00 6.25e-02h  5
 746  1.7043227e-04 7.51e-08 1.41e+00 -11.0 1.36e-04   0.4 1.00e+00 1.00e+00h  1
 747  1.7038970e-04 6.06e-09 2.11e+00 -11.0 2.26e-05   0.8 1.00e+00 1.00e+00h  1
 748  1.7032430e-04 8.29e-10 2.32e+00 -11.0 4.74e-05   0.3 1.00e+00 1.00e+00h  1
 749  1.7014761e-04 5.34e-07 2.17e+01 -11.0 9.54e-04    -  1.00e+00 1.00e+00h  1
iter    objective    inf_pr   inf_du lg(mu)  ||d||  lg(rg) alpha_du alpha_pr  ls
 750  1.7015130e-04 1.49e-07 1.42e-01 -11.0 4.09e-05   0.7 1.00e+00 1.00e+00h  1
 751  1.7011802e-04 3.37e-08 5.43e-01 -11.0 3.91e-04    -  1.00e+00 1.00e+00h  1
 752  1.7010276e-04 7.89e-09 1.53e-01 -11.0 3.71e-05   0.2 1.00e+00 1.00e+00h  1
 753  1.6997334e-04 5.65e-08 5.94e+00 -11.0 1.67e-03    -  1.00e+00 1.00e+00h  1
 754  1.6986798e-04 1.43e-07 4.62e-01 -11.0 1.25e-04  -0.2 1.00e+00 1.00e+00h  1
 755  1.6965459e-04 5.53e-08 5.52e+00 -11.0 1.64e-03    -  1.00e+00 1.00e+00h  1
 756  1.6953104e-04 1.22e-07 6.63e+00 -11.0 9.46e-02    -  1.00e+00 1.56e-02h  7
 757  1.6942304e-04 3.25e-08 2.46e+00 -11.0 1.66e-04  -0.3 1.00e+00 1.00e+00h  1
 758  1.6927410e-04 2.80e-07 1.37e+01 -11.0 3.41e-03    -  1.00e+00 1.00e+00h  1
 759  1.6923563e-04 1.58e-08 3.93e-01 -11.0 5.07e-05   0.1 1.00e+00 1.00e+00h  1
iter    objective    inf_pr   inf_du lg(mu)  ||d||  lg(rg) alpha_du alpha_pr  ls
 760  1.6917559e-04 1.05e-07 1.74e+01 -11.0 1.00e-03    -  1.00e+00 1.00e+00h  1
 761  1.6916216e-04 2.65e-07 2.17e+01 -11.0 5.61e-03    -  1.00e+00 1.25e-01h  4
 762  1.6911124e-04 4.77e-08 8.44e-02 -11.0 9.03e-05   0.1 1.00e+00 1.00e+00h  1
 763  1.6906909e-04 2.28e-09 7.50e-02 -11.0 7.09e-05  -0.4 1.00e+00 1.00e+00h  1
 764  1.6896581e-04 4.17e-08 4.71e+00 -11.0 1.13e-03    -  1.00e+00 1.00e+00h  1
 765  1.6896279e-04 6.63e-11 2.69e-01 -11.0 6.28e-06   0.9 1.00e+00 1.00e+00h  1
 766  1.6865183e-04 5.40e-07 2.52e+01 -11.0 5.00e-03    -  1.00e+00 1.00e+00h  1
 767  1.6856841e-04 9.69e-07 1.11e+01 -11.0 1.80e+00    -  1.00e+00 1.95e-03h 10
 768  1.6851899e-04 4.10e-08 6.05e-01 -11.0 7.35e-05  -0.0 1.00e+00 1.00e+00h  1
 769  1.6844162e-04 7.67e-08 7.28e-01 -11.0 2.02e-03    -  1.00e+00 1.00e+00h  1
iter    objective    inf_pr   inf_du lg(mu)  ||d||  lg(rg) alpha_du alpha_pr  ls
 770  1.6840688e-04 8.38e-08 1.51e+01 -11.0 3.22e-02    -  1.00e+00 7.81e-03h  8
 771  1.6835398e-04 9.72e-08 5.97e-01 -11.0 4.08e-03    -  1.00e+00 5.00e-01h  2
 772  1.6826716e-04 6.96e-07 3.36e+01 -11.0 2.35e-02    -  1.00e+00 3.12e-02h  6
 773  1.6819954e-04 5.36e-07 1.43e+01 -11.0 1.96e-02    -  1.00e+00 2.50e-01h  3
 774  1.6819788e-04 5.32e-07 1.87e+01 -11.0 3.40e-01    -  1.00e+00 7.81e-03h  8
 775  1.6817884e-04 1.06e-06 1.02e+01 -11.0 1.72e-01    -  1.00e+00 1.56e-02h  7
 776  1.6809287e-04 1.03e-06 7.83e+00 -11.0 1.93e-02    -  1.00e+00 3.12e-02h  6
 777  1.6789697e-04 1.20e-06 3.43e+01 -11.0 4.23e-02    -  1.00e+00 6.25e-02h  5
 778  1.6795460e-04 1.01e-06 2.96e+01 -11.0 1.47e-04   0.6 1.00e+00 1.00e+00h  1
 779  1.6779105e-04 1.66e-06 5.22e+01 -11.0 3.04e-03    -  1.00e+00 1.00e+00h  1
iter    objective    inf_pr   inf_du lg(mu)  ||d||  lg(rg) alpha_du alpha_pr  ls
 780  1.6774968e-04 1.21e-06 1.60e+01 -11.0 2.19e-01    -  1.00e+00 1.56e-02h  7
 781  1.6784904e-04 5.16e-07 1.09e+02 -11.0 3.87e-05   1.1 1.00e+00 1.00e+00h  1
 782  1.6782731e-04 2.43e-07 1.01e+02 -11.0 6.24e-05   0.6 1.00e+00 1.00e+00h  1
 783  1.6768509e-04 7.80e-06 2.26e+02 -11.0 1.14e-01    -  1.00e+00 7.81e-03h  8
 784  1.6762323e-04 4.35e-06 9.87e+01 -11.0 2.76e-04    -  1.00e+00 5.00e-01h  2
 785  1.6751470e-04 1.12e-06 1.61e+01 -11.0 1.60e-04    -  1.00e+00 1.00e+00h  1
 786  1.6761842e-04 1.76e-07 2.00e+01 -11.0 7.33e-05   0.1 1.00e+00 1.00e+00h  1
 787  1.6762063e-04 1.54e-07 1.64e+01 -11.0 1.28e-04    -  1.00e+00 1.25e-01h  4
 788  1.6759377e-04 1.27e-06 6.78e+00 -11.0 5.02e-04    -  1.00e+00 1.00e+00H  1
 789  1.6742870e-04 7.28e-07 2.01e+01 -11.0 2.82e-04    -  1.00e+00 1.00e+00h  1
iter    objective    inf_pr   inf_du lg(mu)  ||d||  lg(rg) alpha_du alpha_pr  ls
 790  1.6744910e-04 1.58e-07 4.92e+00 -11.0 2.67e-05   0.5 1.00e+00 1.00e+00h  1
 791  1.6744488e-04 2.60e-08 9.72e-03 -11.0 2.23e-05    -  1.00e+00 1.00e+00h  1
 792  1.6743257e-04 2.51e-09 1.26e-01 -11.0 4.51e-05    -  1.00e+00 1.00e+00h  1
 793  1.6743412e-04 6.54e-10 2.93e-01 -11.0 1.01e-05   1.0 1.00e+00 1.00e+00h  1
 794  1.6742996e-04 5.08e-10 1.99e-01 -11.0 1.08e-05   0.5 1.00e+00 1.00e+00h  1
 795  1.6733892e-04 6.89e-08 1.28e-01 -11.0 3.89e-04    -  1.00e+00 1.00e+00h  1
 796  1.6733767e-04 3.33e-09 3.83e-01 -11.0 1.47e-05   0.9 1.00e+00 1.00e+00h  1
 797  1.6732968e-04 1.32e-10 5.55e-01 -11.0 1.52e-05   0.4 1.00e+00 1.00e+00h  1
 798  1.6732739e-04 9.67e-12 1.00e+00 -11.0 5.34e-06   0.9 1.00e+00 1.00e+00h  1
 799  1.6727112e-04 7.70e-08 4.81e-02 -11.0 4.16e-04    -  1.00e+00 1.00e+00h  1
iter    objective    inf_pr   inf_du lg(mu)  ||d||  lg(rg) alpha_du alpha_pr  ls
 800  1.6726704e-04 7.30e-08 2.51e+00 -11.0 2.01e-03    -  1.00e+00 6.25e-02h  5
 801  1.6725664e-04 2.62e-08 2.20e+00 -11.0 1.51e-04    -  1.00e+00 1.00e+00h  1
 802  1.6723901e-04 2.09e-08 1.25e+00 -11.0 3.60e-05   0.8 1.00e+00 1.00e+00h  1
 803  1.6723448e-04 1.19e-10 3.77e-01 -11.0 1.05e-05   0.3 1.00e+00 1.00e+00h  1
 804  1.6720717e-04 3.24e-09 2.45e+00 -11.0 1.57e-04    -  1.00e+00 1.00e+00h  1
 805  1.6720495e-04 1.08e-09 1.40e-01 -11.0 1.33e-05   0.8 1.00e+00 1.00e+00h  1
 806  1.6720206e-04 1.64e-10 4.72e-01 -11.0 1.17e-05   0.3 1.00e+00 1.00e+00h  1
 807  1.6712656e-04 1.82e-07 2.51e+00 -11.0 7.29e-04    -  1.00e+00 1.00e+00h  1
 808  1.6708069e-04 3.89e-07 6.01e+00 -11.0 2.69e-02    -  1.00e+00 3.12e-02h  6
 809  1.6705717e-04 4.90e-07 2.15e+00 -11.0 4.84e-03    -  1.00e+00 1.25e-01h  4
iter    objective    inf_pr   inf_du lg(mu)  ||d||  lg(rg) alpha_du alpha_pr  ls
 810  1.6702352e-04 4.36e-10 8.96e-01 -11.0 2.17e-05   0.7 1.00e+00 1.00e+00h  1
 811  1.6698578e-04 3.47e-10 3.85e-01 -11.0 3.25e-05   0.2 1.00e+00 1.00e+00h  1
 812  1.6696529e-04 5.77e-10 3.25e-01 -11.0 4.85e-05  -0.3 1.00e+00 1.00e+00h  1
 813  1.6689542e-04 1.13e-06 1.00e+00 -11.0 1.79e-03    -  1.00e+00 1.00e+00h  1
 814  1.6687831e-04 1.14e-06 1.58e+00 -11.0 1.86e-02    -  1.00e+00 1.56e-02h  7
 815  1.6684249e-04 1.03e-06 4.54e+00 -11.0 4.16e-03    -  1.00e+00 1.25e-01h  4
 816  1.6680853e-04 9.99e-07 5.36e+00 -11.0 1.35e-02    -  1.00e+00 3.12e-02h  6
 817  1.6679505e-04 6.12e-07 4.21e+00 -11.0 2.89e-03    -  1.00e+00 5.00e-01h  2
 818  1.6676972e-04 6.08e-07 5.20e+00 -11.0 2.39e-02    -  1.00e+00 1.56e-02h  7
 819  1.6669261e-04 5.28e-07 6.86e+00 -11.0 4.69e-03    -  1.00e+00 2.50e-01h  3
iter    objective    inf_pr   inf_du lg(mu)  ||d||  lg(rg) alpha_du alpha_pr  ls
 820  1.6664473e-04 5.51e-07 5.51e+00 -11.0 3.34e-02    -  1.00e+00 3.12e-02h  6
 821  1.6664670e-04 5.33e-09 2.28e-01 -11.0 2.18e-05   0.9 1.00e+00 1.00e+00h  1
 822  1.6664349e-04 4.10e-07 2.02e+00 -11.0 1.14e-03    -  1.00e+00 1.00e+00H  1
 823  1.6658830e-04 2.25e-07 3.81e-01 -11.0 1.58e-04   1.7 1.00e+00 1.00e+00h  1
 824  1.6658850e-04 9.98e-12 1.81e-01 -11.0 2.46e-06   1.3 1.00e+00 1.00e+00h  1
 825  1.6653908e-04 1.99e-08 1.72e+00 -11.0 5.08e-04    -  1.00e+00 1.00e+00h  1
 826  1.6654550e-04 5.14e-09 1.83e-01 -11.0 2.61e-05   0.8 1.00e+00 1.00e+00h  1
 827  1.6653804e-04 1.34e-10 6.47e-02 -11.0 1.77e-05   0.3 1.00e+00 1.00e+00h  1
 828  1.6653568e-04 1.33e-11 2.19e-02 -11.0 6.46e-06   0.7 1.00e+00 1.00e+00h  1
 829  1.6652971e-04 7.54e-11 4.41e-02 -11.0 1.77e-05   0.2 1.00e+00 1.00e+00h  1
iter    objective    inf_pr   inf_du lg(mu)  ||d||  lg(rg) alpha_du alpha_pr  ls
 830  1.6652766e-04 1.24e-11 5.86e-03 -11.0 6.40e-06   0.7 1.00e+00 1.00e+00h  1
 831  1.6652208e-04 1.35e-10 3.36e-02 -11.0 1.75e-05   0.2 1.00e+00 1.00e+00h  1
 832  1.6652184e-04 2.98e-13 7.46e-04 -11.0 8.15e-07   1.5 1.00e+00 1.00e+00h  1
 833  1.6652108e-04 2.73e-12 1.35e-03 -11.0 2.40e-06   1.0 1.00e+00 1.00e+00h  1
 834  1.6646080e-04 2.58e-07 1.88e+00 -11.0 6.70e-04    -  1.00e+00 1.00e+00h  1
 835  1.6645815e-04 6.90e-08 5.77e-01 -11.0 8.62e-05   1.5 1.00e+00 1.00e+00h  1
 836  1.6644057e-04 3.15e-11 1.87e-01 -11.0 7.17e-06   1.0 1.00e+00 1.00e+00h  1
 837  1.6641365e-04 2.75e-10 6.00e+00 -11.0 1.35e-05   0.5 1.00e+00 1.00e+00h  1
 838  1.6638119e-04 2.61e-09 9.54e-02 -11.0 8.45e-05    -  1.00e+00 1.00e+00h  1
 839  1.6638070e-04 1.96e-12 1.04e-02 -11.0 2.30e-06   0.9 1.00e+00 1.00e+00h  1
iter    objective    inf_pr   inf_du lg(mu)  ||d||  lg(rg) alpha_du alpha_pr  ls
 840  1.6631444e-04 1.53e-07 1.38e+00 -11.0 5.68e-04    -  1.00e+00 1.00e+00h  1
 841  1.6631502e-04 4.90e-10 8.83e-02 -11.0 8.12e-06   1.4 1.00e+00 1.00e+00h  1
 842  1.6631042e-04 1.68e-11 2.36e-01 -11.0 4.51e-06   0.9 1.00e+00 1.00e+00h  1
 843  1.6626814e-04 1.12e-07 5.06e-01 -11.0 4.63e-04    -  1.00e+00 1.00e+00h  1
 844  1.6621553e-04 2.22e-07 4.28e+00 -11.0 2.72e-03    -  1.00e+00 2.50e-01h  3
 845  1.6619034e-04 3.49e-07 4.61e+00 -11.0 7.27e-03    -  1.00e+00 6.25e-02h  5
 846  1.6617879e-04 7.57e-11 2.95e-01 -11.0 8.41e-06   0.8 1.00e+00 1.00e+00h  1
 847  1.6615579e-04 1.24e-10 9.65e-02 -11.0 2.41e-05   0.4 1.00e+00 1.00e+00h  1
 848  1.6609205e-04 1.13e-07 1.25e+00 -11.0 4.00e-04    -  1.00e+00 1.00e+00h  1
 849  1.6608272e-04 1.37e-07 1.19e+00 -11.0 2.12e-03    -  1.00e+00 1.25e-01h  4
iter    objective    inf_pr   inf_du lg(mu)  ||d||  lg(rg) alpha_du alpha_pr  ls
 850  1.6603393e-04 1.58e-07 7.79e+00 -11.0 1.65e-03    -  1.00e+00 2.50e-01h  3
 851  1.6602821e-04 1.60e-09 2.21e-01 -11.0 1.94e-05   0.3 1.00e+00 1.00e+00h  1
 852  1.6602104e-04 2.24e-10 1.35e-01 -11.0 2.30e-05  -0.2 1.00e+00 1.00e+00h  1
 853  1.6601896e-04 2.39e-11 5.81e-01 -11.0 9.89e-06   0.2 1.00e+00 1.00e+00h  1
 854  1.6600482e-04 1.45e-08 7.75e-01 -11.0 3.33e-04    -  1.00e+00 1.00e+00h  1
 855  1.6600369e-04 1.45e-10 1.43e-01 -11.0 4.30e-06   1.1 1.00e+00 1.00e+00h  1
 856  1.6598857e-04 3.91e-08 2.85e-01 -11.0 3.20e-04    -  1.00e+00 1.00e+00h  1
 857  1.6598468e-04 3.42e-08 5.91e-01 -11.0 7.82e-04    -  1.00e+00 1.25e-01h  4
 858  1.6595503e-04 1.14e-08 2.24e-01 -11.0 4.63e-04    -  1.00e+00 1.00e+00h  1
 859  1.6594522e-04 3.85e-09 1.62e-01 -11.0 1.63e-05   0.5 1.00e+00 1.00e+00h  1
iter    objective    inf_pr   inf_du lg(mu)  ||d||  lg(rg) alpha_du alpha_pr  ls
 860  1.6591020e-04 2.76e-08 1.35e-01 -11.0 6.98e-04    -  1.00e+00 1.00e+00h  1
 861  1.6591194e-04 1.07e-09 3.06e-01 -11.0 9.49e-06   1.0 1.00e+00 1.00e+00h  1
 862  1.6590574e-04 5.76e-07 5.95e+00 -11.0 1.65e-03    -  1.00e+00 1.00e+00h  1
 863  1.6587332e-04 6.34e-07 9.84e+00 -11.0 2.41e-04   0.9 1.00e+00 1.00e+00h  1
 864  1.6585770e-04 2.68e-09 1.95e+00 -11.0 2.25e-05   0.4 1.00e+00 1.00e+00h  1
 865  1.6579031e-04 7.02e-08 1.91e+00 -11.0 7.53e-04    -  1.00e+00 1.00e+00h  1
 866  1.6582888e-04 1.04e-07 2.09e+00 -11.0 1.03e-04   0.9 1.00e+00 1.00e+00h  1
 867  1.6582938e-04 1.23e-11 1.67e-01 -11.0 3.32e-06   1.3 1.00e+00 1.00e+00h  1
 868  1.6580798e-04 1.29e-07 8.08e+00 -11.0 7.44e-04    -  1.00e+00 1.00e+00H  1
 869  1.6579995e-04 5.81e-09 5.84e-01 -11.0 2.66e-05   0.8 1.00e+00 1.00e+00h  1
iter    objective    inf_pr   inf_du lg(mu)  ||d||  lg(rg) alpha_du alpha_pr  ls
 870  1.6564619e-04 2.47e-06 4.03e+00 -11.0 1.61e-03    -  1.00e+00 1.00e+00h  1
 871  1.6573109e-04 1.86e-06 9.14e+00 -11.0 5.33e-04   0.3 1.00e+00 5.00e-01h  2
 872  1.6577599e-04 1.44e-06 9.95e+00 -11.0 2.86e-04   0.8 1.00e+00 2.50e-01h  3
 873  1.6578607e-04 1.10e-06 7.23e+00 -11.0 2.56e-04   0.3 1.00e+00 2.50e-01h  3
 874  1.6578843e-04 1.07e-06 7.04e+00 -11.0 1.79e-04   0.7 1.00e+00 3.12e-02h  6
 875  1.6578991e-04 8.13e-07 5.11e+00 -11.0 1.88e-04   0.2 1.00e+00 2.50e-01h  3
 876  1.6583748e-04 1.16e-07 1.28e+00 -11.0 1.34e-04   0.7 1.00e+00 1.00e+00h  1
 877  1.6581659e-04 1.29e-09 1.75e-01 -11.0 9.86e-06   1.1 1.00e+00 1.00e+00h  1
 878  1.6578315e-04 4.38e-09 2.86e+00 -11.0 1.95e-05   0.6 1.00e+00 1.00e+00h  1
 879  1.6577053e-04 1.63e-07 9.15e-02 -11.0 1.81e-04    -  1.00e+00 1.00e+00H  1
iter    objective    inf_pr   inf_du lg(mu)  ||d||  lg(rg) alpha_du alpha_pr  ls
 880  1.6574470e-04 7.00e-09 1.27e+00 -11.0 5.65e-05    -  1.00e+00 1.00e+00h  1
 881  1.6568478e-04 2.16e-08 1.17e+01 -11.0 3.22e-04    -  1.00e+00 1.00e+00h  1
 882  1.6563412e-04 1.18e-07 5.46e+01 -11.0 2.24e-03    -  1.00e+00 2.50e-01h  3
 883  1.6560931e-04 1.20e-07 4.75e+01 -11.0 2.29e-03    -  1.00e+00 1.25e-01h  4
 884  1.6559736e-04 1.81e-08 7.80e-01 -11.0 4.72e-05   1.0 1.00e+00 1.00e+00h  1
 885  1.6557156e-04 1.00e-10 1.14e+00 -11.0 1.40e-05   0.6 1.00e+00 1.00e+00h  1
 886  1.6554493e-04 2.40e-10 2.65e-01 -11.0 2.28e-05   0.1 1.00e+00 1.00e+00h  1
 887  1.6552142e-04 1.22e-08 1.69e+00 -11.0 1.39e-04    -  1.00e+00 1.00e+00h  1
 888  1.6552144e-04 1.98e-09 1.34e-01 -11.0 1.45e-05   0.5 1.00e+00 1.00e+00h  1
 889  1.6547207e-04 1.70e-08 5.96e-02 -11.0 3.44e-04    -  1.00e+00 1.00e+00h  1
iter    objective    inf_pr   inf_du lg(mu)  ||d||  lg(rg) alpha_du alpha_pr  ls
 890  1.6544104e-04 1.23e-07 3.10e-01 -11.0 8.37e-03    -  1.00e+00 6.25e-02h  5
 891  1.6541050e-04 3.54e-08 1.68e+00 -11.0 5.43e-05   0.5 1.00e+00 1.00e+00h  1
 892  1.6536739e-04 1.16e-06 3.55e+00 -11.0 8.67e-04    -  1.00e+00 1.00e+00h  1
 893  1.6535025e-04 1.17e-06 3.41e+00 -11.0 4.32e-03    -  1.00e+00 2.50e-01h  3
 894  1.7796858e-04 7.23e-11 4.36e+00 -11.0 7.26e-03    -  1.00e+00 1.00e+00H  1
 895  1.7786718e-04 1.38e-10 4.35e+00 -11.0 3.69e-03    -  1.00e+00 3.91e-03h  9
 896  1.7783104e-04 2.66e-10 1.34e+01 -11.0 1.83e-02    -  1.00e+00 9.77e-04h 11
 897  1.7781402e-04 2.87e-10 1.04e+01 -11.0 5.09e-02    -  1.00e+00 1.22e-04h 14
 898  1.7779772e-04 3.02e-10 1.04e+01 -11.0 2.00e-02    -  1.00e+00 2.44e-04h 13
 899  1.7411082e-04 7.28e-07 4.53e+01 -11.0 9.14e-03    -  1.00e+00 1.25e-01h  4
iter    objective    inf_pr   inf_du lg(mu)  ||d||  lg(rg) alpha_du alpha_pr  ls
 900  1.6866222e-04 2.35e-05 1.56e+01 -11.0 8.18e-03    -  1.00e+00 1.00e+00h  1
 901  1.6637116e-04 8.14e-06 2.88e+02 -11.0 6.56e-04   0.3 1.00e+00 1.00e+00h  1
 902  1.7014367e-04 1.47e-05 8.26e+01 -11.0 1.92e-03    -  1.00e+00 1.00e+00h  1
 903  1.6608911e-04 1.55e-05 8.46e+01 -11.0 1.54e-03  -0.2 1.00e+00 1.00e+00h  1
 904  1.6830014e-04 7.83e-06 9.08e+01 -11.0 3.56e-03    -  1.00e+00 1.00e+00H  1
 905  1.6544623e-04 1.56e-06 2.54e+01 -11.0 1.35e-03    -  1.00e+00 1.00e+00h  1
 906  1.6555674e-04 1.55e-06 1.12e+01 -11.0 4.37e-04   0.7 1.00e+00 1.00e+00h  1
 907  1.6547622e-04 4.76e-09 3.23e+00 -11.0 6.34e-05   0.2 1.00e+00 1.00e+00h  1
 908  1.6546351e-04 7.22e-08 1.21e-01 -11.0 1.74e-04    -  1.00e+00 1.00e+00h  1
 909  1.6541562e-04 7.91e-08 3.08e+00 -11.0 9.95e-05   0.6 1.00e+00 1.00e+00h  1
iter    objective    inf_pr   inf_du lg(mu)  ||d||  lg(rg) alpha_du alpha_pr  ls
 910  1.6538630e-04 9.91e-06 2.19e+00 -11.0 1.32e-03    -  1.00e+00 1.00e+00H  1
 911  1.6538851e-04 4.77e-06 2.52e+00 -11.0 3.10e-04   1.0 1.00e+00 5.00e-01h  2
 912  1.6540978e-04 2.34e-06 2.64e+00 -11.0 1.54e-04   1.5 1.00e+00 5.00e-01h  2
 913  1.6536802e-04 2.86e-07 5.81e+00 -11.0 1.21e-02    -  1.00e+00 1.00e+00H  1
 914  1.6533287e-04 1.72e-07 1.82e-01 -11.0 1.10e-05   1.0 1.00e+00 1.00e+00h  1
 915  1.6532574e-04 7.48e-09 8.01e-02 -11.0 7.22e-06   0.5 1.00e+00 1.00e+00h  1
 916  1.6530138e-04 9.98e-09 1.04e+00 -11.0 1.26e-04    -  1.00e+00 1.00e+00h  1
 917  1.6536522e-04 4.12e-10 7.54e+00 -11.0 6.07e-04    -  1.00e+00 1.00e+00H  1
 918  1.6534913e-04 1.48e-09 7.88e+00 -11.0 2.38e-03    -  1.00e+00 3.12e-02h  6
 919  1.6528199e-04 2.17e-10 3.55e-01 -11.0 2.62e-05   0.5 1.00e+00 1.00e+00h  1
iter    objective    inf_pr   inf_du lg(mu)  ||d||  lg(rg) alpha_du alpha_pr  ls
 920  1.6523735e-04 3.55e-09 1.61e-01 -11.0 1.23e-04    -  1.00e+00 1.00e+00h  1
 921  1.6522508e-04 8.09e-09 5.87e-01 -11.0 1.79e-04    -  1.00e+00 1.00e+00h  1
 922  1.6522339e-04 5.90e-11 4.38e-02 -11.0 7.26e-06   0.4 1.00e+00 1.00e+00h  1
 923  1.6518914e-04 9.78e-08 1.25e-01 -11.0 5.61e-04    -  1.00e+00 1.00e+00h  1
 924  1.6518508e-04 1.05e-07 4.17e-02 -11.0 1.16e-02    -  1.00e+00 1.56e-02h  7
 925  1.6521644e-04 1.21e-08 4.59e+00 -11.0 8.04e-04    -  1.00e+00 1.00e+00H  1
 926  1.6517160e-04 1.07e-09 3.59e-01 -11.0 3.39e-05   0.4 1.00e+00 1.00e+00h  1
 927  1.6514348e-04 1.22e-09 2.07e-01 -11.0 4.67e-05  -0.1 1.00e+00 1.00e+00h  1
 928  1.6512380e-04 1.18e-09 1.89e-01 -11.0 1.01e-04    -  1.00e+00 1.00e+00h  1
 929  1.6516813e-04 1.48e-09 1.31e-01 -11.0 1.06e-03    -  1.00e+00 1.00e+00H  1
iter    objective    inf_pr   inf_du lg(mu)  ||d||  lg(rg) alpha_du alpha_pr  ls
 930  1.6507581e-04 3.27e-10 1.78e-01 -11.0 3.63e-05   0.3 1.00e+00 1.00e+00h  1
 931  1.6500608e-04 2.32e-08 8.83e-01 -11.0 7.45e-04    -  1.00e+00 1.00e+00h  1
 932  1.6500327e-04 2.53e-11 1.04e-01 -11.0 7.52e-06   0.7 1.00e+00 1.00e+00h  1
 933  1.6500234e-04 2.60e-12 2.64e-02 -11.0 2.66e-06   1.1 1.00e+00 1.00e+00h  1
 934  1.6500003e-04 1.92e-11 1.19e-02 -11.0 7.24e-06   0.6 1.00e+00 1.00e+00h  1
 935  1.6485065e-04 2.45e-07 1.54e+00 -11.0 2.39e-03    -  1.00e+00 1.00e+00h  1
 936  1.6478505e-04 3.94e-07 5.33e+00 -11.0 9.81e-01    -  1.00e+00 1.95e-03h 10
 937  1.6469413e-04 8.18e-07 5.05e+00 -11.0 9.51e-02    -  1.00e+00 3.12e-02h  6
 938  1.6457584e-04 6.31e-09 4.06e+00 -11.0 4.86e-05   0.1 1.00e+00 1.00e+00h  1
 939  1.6425495e-04 2.70e-06 2.00e+00 -11.0 8.43e-03    -  1.00e+00 1.00e+00h  1
iter    objective    inf_pr   inf_du lg(mu)  ||d||  lg(rg) alpha_du alpha_pr  ls
 940  1.6405371e-04 2.86e-06 2.42e+00 -11.0 8.09e-01    -  1.00e+00 3.91e-03h  9
 941  1.6358388e-04 1.05e-05 1.12e+01 -11.0 1.13e+00    -  1.00e+00 1.56e-02h  7
 942  1.6333430e-04 7.67e-09 5.32e+00 -11.0 1.73e-04   0.5 1.00e+00 1.00e+00h  1
 943  1.6309222e-04 6.90e-06 1.20e+01 -11.0 2.61e-03    -  1.00e+00 1.00e+00H  1
 944  1.6299918e-04 6.40e-06 7.73e+00 -11.0 5.76e-02    -  1.00e+00 6.25e-02h  5
 945  1.6313010e-04 2.29e-06 2.08e+01 -11.0 6.68e-04   0.9 1.00e+00 5.00e-01h  2
 946  1.6293911e-04 1.18e-05 6.90e+00 -11.0 8.58e-02    -  1.00e+00 1.00e+00H  1
 947  1.6287194e-04 1.01e-07 4.34e-01 -11.0 2.96e-04   0.9 1.00e+00 1.00e+00h  1
 948  1.6251110e-04 5.10e-08 7.66e-02 -11.0 1.81e-03    -  1.00e+00 1.00e+00h  1
 949  1.6248396e-04 1.38e-08 5.43e-01 -11.0 4.12e-05   1.3 1.00e+00 1.00e+00h  1
iter    objective    inf_pr   inf_du lg(mu)  ||d||  lg(rg) alpha_du alpha_pr  ls
 950  1.6247173e-04 3.74e-10 1.51e-01 -11.0 8.89e-06   0.8 1.00e+00 1.00e+00h  1
 951  1.6244605e-04 2.18e-09 4.25e-02 -11.0 2.52e-05   0.3 1.00e+00 1.00e+00h  1
 952  1.6239611e-04 1.08e-08 8.01e-01 -11.0 6.43e-05  -0.1 1.00e+00 1.00e+00h  1
 953  1.6237838e-04 1.24e-09 3.20e-02 -11.0 2.54e-05   0.3 1.00e+00 1.00e+00h  1
 954  1.6230232e-04 5.99e-07 1.07e+00 -11.0 2.64e-03    -  1.00e+00 2.50e-01h  3
 955  1.6199065e-04 2.20e-06 3.42e+00 -11.0 2.61e-03    -  1.00e+00 5.00e-01h  2
 956  1.6198175e-04 2.43e-06 2.08e+01 -11.0 8.48e-03    -  1.00e+00 1.25e-01h  4
 957  1.6172171e-04 1.25e-06 1.11e+01 -11.0 5.64e-04    -  1.00e+00 5.00e-01h  2
 958  1.6151463e-04 1.81e-07 1.06e+01 -11.0 5.55e-04    -  1.00e+00 1.00e+00h  1
 959  1.6174919e-04 4.57e-08 5.42e+00 -11.0 4.37e-04    -  1.00e+00 1.00e+00h  1
iter    objective    inf_pr   inf_du lg(mu)  ||d||  lg(rg) alpha_du alpha_pr  ls
 960  1.6134871e-04 2.77e-07 2.28e+00 -11.0 5.72e-04    -  1.00e+00 1.00e+00h  1
 961  1.6127406e-04 4.03e-08 1.16e+00 -11.0 7.92e-05   0.7 1.00e+00 1.00e+00h  1
 962  1.6119782e-04 1.06e-08 2.65e-01 -11.0 4.56e-05   0.2 1.00e+00 1.00e+00h  1
 963  1.6117966e-04 6.02e-10 6.79e-01 -11.0 3.71e-05  -0.3 1.00e+00 1.00e+00h  1
 964  1.6117237e-04 1.31e-10 1.60e-01 -11.0 1.95e-05   0.1 1.00e+00 1.00e+00h  1
 965  1.6116992e-04 1.60e-11 7.51e-03 -11.0 7.08e-06   0.6 1.00e+00 1.00e+00h  1
 966  1.6116356e-04 1.19e-10 1.53e-01 -11.0 1.90e-05   0.1 1.00e+00 1.00e+00h  1
 967  1.6116129e-04 1.50e-11 4.64e-03 -11.0 6.86e-06   0.5 1.00e+00 1.00e+00h  1
 968  1.6113323e-04 3.37e-08 3.91e-01 -11.0 2.46e-03    -  1.00e+00 1.25e-01h  4
 969  1.6115659e-04 4.22e-09 2.86e+00 -11.0 7.68e-04    -  1.00e+00 1.00e+00H  1
iter    objective    inf_pr   inf_du lg(mu)  ||d||  lg(rg) alpha_du alpha_pr  ls
 970  1.6105232e-04 1.04e-09 1.02e+00 -11.0 3.27e-05   0.5 1.00e+00 1.00e+00h  1
 971  1.6098048e-04 7.15e-09 2.02e+00 -11.0 1.29e-04    -  1.00e+00 1.00e+00h  1
 972  1.6096005e-04 1.51e-08 1.27e+00 -11.0 1.12e-04    -  1.00e+00 1.00e+00h  1
 973  1.6095841e-04 3.17e-10 6.65e-02 -11.0 5.82e-06   1.3 1.00e+00 1.00e+00h  1
 974  1.6095711e-04 1.30e-11 1.06e-01 -11.0 2.73e-06   0.8 1.00e+00 1.00e+00h  1
 975  1.6084103e-04 1.63e-06 1.21e+00 -11.0 1.32e-03    -  1.00e+00 1.00e+00h  1
 976  1.6080882e-04 1.91e-06 1.10e+01 -11.0 2.11e-02    -  1.00e+00 3.12e-02h  6
 977  1.6083850e-04 2.72e-08 2.58e+00 -11.0 2.39e-05   0.8 1.00e+00 1.00e+00h  1
 978  1.6081848e-04 1.94e-09 3.35e-01 -11.0 1.77e-05   0.3 1.00e+00 1.00e+00h  1
 979  1.6078737e-04 2.45e-08 3.12e+00 -11.0 1.44e-04    -  1.00e+00 1.00e+00h  1
iter    objective    inf_pr   inf_du lg(mu)  ||d||  lg(rg) alpha_du alpha_pr  ls
 980  1.6081325e-04 8.81e-09 8.20e-02 -11.0 3.51e-04    -  1.00e+00 1.00e+00H  1
 981  1.6080835e-04 5.98e-10 3.95e-01 -11.0 9.88e-06   1.1 1.00e+00 1.00e+00h  1
 982  1.6077551e-04 4.05e-07 5.02e+00 -11.0 7.10e-04    -  1.00e+00 1.00e+00H  1
 983  1.6074039e-04 4.23e-08 1.72e+00 -11.0 2.75e-04    -  1.00e+00 1.00e+00h  1
 984  1.6075332e-04 2.84e-08 1.51e+00 -11.0 4.73e-04    -  1.00e+00 5.00e-01h  2
 985  1.6073002e-04 3.15e-08 1.44e-01 -11.0 5.56e-05   1.5 1.00e+00 1.00e+00h  1
 986  1.6072263e-04 1.16e-11 4.13e-01 -11.0 4.62e-06   1.0 1.00e+00 1.00e+00h  1
 987  1.6069472e-04 4.71e-10 9.50e-01 -11.0 5.32e-05    -  1.00e+00 1.00e+00h  1
 988  1.6069433e-04 9.29e-13 3.76e-02 -11.0 2.35e-06   0.6 1.00e+00 1.00e+00h  1
 989  1.6069318e-04 9.25e-12 3.83e-03 -11.0 8.28e-06   0.1 1.00e+00 1.00e+00h  1
iter    objective    inf_pr   inf_du lg(mu)  ||d||  lg(rg) alpha_du alpha_pr  ls
 990  1.6069313e-04 2.35e-14 1.07e-03 -11.0 4.15e-07   1.4 1.00e+00 1.00e+00h  1
 991  1.6068851e-04 2.33e-09 5.54e-01 -11.0 6.10e-04    -  1.00e+00 2.50e-01h  3
 992  1.6068556e-04 8.73e-11 2.33e+01 -11.0 3.39e-06   0.9 1.00e+00 1.00e+00h  1
 993  1.6067594e-04 3.15e-08 1.70e-01 -11.0 1.90e-04    -  1.00e+00 1.00e+00h  1
 994  1.6067635e-04 3.09e-08 8.55e+00 -11.0 5.00e-05   0.9 1.00e+00 1.00e+00h  1
 995  1.6067724e-04 1.13e-09 5.44e-01 -11.0 5.02e-06   1.3 1.00e+00 1.00e+00h  1
 996  1.6066661e-04 1.42e-08 7.77e-01 -11.0 5.15e-05    -  1.00e+00 1.00e+00h  1
 997  1.6067174e-04 1.58e-10 2.14e+00 -11.0 4.01e-05   0.8 1.00e+00 1.00e+00H  1
 998  1.6067075e-04 1.88e-11 1.31e-01 -11.0 1.44e-06   1.3 1.00e+00 1.00e+00h  1
 999  1.6066563e-04 8.12e-09 4.55e-01 -11.0 5.09e-05    -  1.00e+00 1.00e+00h  1
iter    objective    inf_pr   inf_du lg(mu)  ||d||  lg(rg) alpha_du alpha_pr  ls
1000  1.6065672e-04 1.02e-09 6.87e-01 -11.0 8.72e-05    -  1.00e+00 1.00e+00h  1
1001  1.6065275e-04 2.31e-09 1.06e-01 -11.0 1.17e-03    -  1.00e+00 1.25e-01h  4
1002  1.6064652e-04 7.54e-09 2.27e-02 -11.0 3.45e-05   0.3 1.00e+00 1.00e+00h  1
1003  1.6063359e-04 1.01e-08 2.05e+00 -11.0 2.00e-04    -  1.00e+00 1.00e+00h  1
1004  1.6063058e-04 6.85e-09 1.25e-01 -11.0 1.24e-03    -  1.00e+00 2.50e-01h  3
1005  1.6062854e-04 1.30e-08 9.16e-01 -11.0 3.56e-05   0.7 1.00e+00 1.00e+00h  1
1006  1.6062241e-04 8.21e-11 5.42e-01 -11.0 1.59e-05   0.3 1.00e+00 1.00e+00h  1
1007  1.6062099e-04 7.09e-12 2.06e-02 -11.0 6.52e-06   0.7 1.00e+00 1.00e+00h  1
1008  1.6061856e-04 3.20e-11 1.04e-01 -11.0 1.52e-05   0.2 1.00e+00 1.00e+00h  1
1009  1.6059032e-04 4.25e-09 1.11e+00 -11.0 6.91e-04    -  1.00e+00 1.00e+00h  1
iter    objective    inf_pr   inf_du lg(mu)  ||d||  lg(rg) alpha_du alpha_pr  ls
1010  1.6058979e-04 5.52e-10 1.76e-01 -11.0 8.73e-06   1.1 1.00e+00 1.00e+00h  1
1011  1.6053953e-04 2.05e-08 2.17e+00 -11.0 1.75e-03    -  1.00e+00 1.00e+00h  1
1012  1.6054083e-04 1.53e-09 4.37e-01 -11.0 1.36e-05   1.0 1.00e+00 1.00e+00h  1
1013  1.6053926e-04 1.30e-12 5.65e-02 -11.0 1.39e-06   1.4 1.00e+00 1.00e+00h  1
1014  1.6053537e-04 1.18e-11 5.64e+00 -11.0 4.03e-06   1.0 1.00e+00 1.00e+00h  1
1015  1.6052840e-04 7.48e-11 3.70e-02 -11.0 1.00e-05   0.5 1.00e+00 1.00e+00h  1
1016  1.6048217e-04 6.54e-08 5.74e-02 -11.0 1.90e-03    -  1.00e+00 1.00e+00h  1
1017  1.6048232e-04 4.12e-11 6.91e-02 -11.0 3.79e-06   0.9 1.00e+00 1.00e+00h  1
1018  1.6045084e-04 1.10e-08 1.20e+00 -11.0 1.33e-03    -  1.00e+00 1.00e+00h  1
1019  1.6045631e-04 4.94e-09 3.72e-01 -11.0 2.48e-05   1.3 1.00e+00 1.00e+00h  1
iter    objective    inf_pr   inf_du lg(mu)  ||d||  lg(rg) alpha_du alpha_pr  ls
1020r 1.6045631e-04 4.94e-09 9.99e+02  -8.3 0.00e+00    -  0.00e+00 4.77e-07R 22
1021r 1.6045631e-04 1.20e-09 1.89e-05  -9.0 1.89e-05    -  1.00e+00 9.90e-04f  1
1022  1.6045510e-04 1.07e-11 6.39e-02 -11.0 3.20e-06   0.9 1.00e+00 1.00e+00h  1
1023  1.6042180e-04 1.94e-08 1.87e+00 -11.0 1.21e-03    -  1.00e+00 1.00e+00h  1
1024  1.6042010e-04 4.85e-10 2.16e-01 -11.0 9.12e-06   0.8 1.00e+00 1.00e+00h  1
1025  1.6029366e-04 6.91e-07 3.00e+00 -11.0 3.05e-03    -  1.00e+00 1.00e+00h  1
1026  1.6036728e-04 5.90e-07 5.18e+00 -11.0 2.43e-04   0.3 1.00e+00 1.00e+00h  1
1027  1.6034859e-04 1.13e-09 5.67e-01 -11.0 1.76e-05   0.8 1.00e+00 1.00e+00h  1
1028  1.6031859e-04 1.25e-09 7.52e-01 -11.0 2.92e-05   0.3 1.00e+00 1.00e+00h  1
1029  1.6025869e-04 9.76e-08 1.19e+00 -11.0 3.12e-03    -  1.00e+00 1.00e+00h  1
iter    objective    inf_pr   inf_du lg(mu)  ||d||  lg(rg) alpha_du alpha_pr  ls
1030  1.6025153e-04 7.50e-09 1.89e+01 -11.0 3.19e-05   1.1 1.00e+00 1.00e+00h  1
1031  1.6024681e-04 1.11e-10 1.20e+00 -11.0 8.73e-06   0.7 1.00e+00 1.00e+00h  1
1032  1.6016521e-04 4.88e-08 1.24e+00 -11.0 3.41e-03    -  1.00e+00 1.00e+00h  1
1033  1.6010819e-04 7.02e-08 8.65e+01 -11.0 7.49e-01    -  1.00e+00 3.91e-03h  9
1034  1.5999751e-04 4.00e-08 3.31e+00 -11.0 1.70e-01    -  1.00e+00 1.56e-02h  7
1035  1.5996326e-04 7.14e-09 9.39e-01 -11.0 2.31e-05   1.5 1.00e+00 1.00e+00h  1
1036  1.5994264e-04 1.47e-10 3.18e-01 -11.0 1.23e-05   1.0 1.00e+00 1.00e+00h  1
1037  1.5990659e-04 5.38e-10 9.18e-02 -11.0 2.69e-05   0.5 1.00e+00 1.00e+00h  1
1038  1.5967797e-04 5.07e-07 4.80e+00 -11.0 1.26e-02    -  1.00e+00 1.00e+00h  1
1039  1.5967041e-04 1.99e-08 1.03e+00 -11.0 5.66e-05   0.9 1.00e+00 1.00e+00h  1
iter    objective    inf_pr   inf_du lg(mu)  ||d||  lg(rg) alpha_du alpha_pr  ls
1040  1.5941433e-04 3.68e-05 6.22e+00 -11.0 8.08e-03    -  1.00e+00 1.00e+00H  1
1041  1.5944713e-04 1.71e-05 1.34e+01 -11.0 6.36e-04   0.4 1.00e+00 5.00e-01h  2
1042  1.5965190e-04 1.27e-05 7.07e+00 -11.0 2.63e-02    -  1.00e+00 1.00e+00H  1
1043  1.5965429e-04 1.11e-05 1.14e+01 -11.0 3.28e-02    -  1.00e+00 1.25e-01h  4
1044  1.5962163e-04 1.06e-05 1.78e+01 -11.0 1.92e-01    -  1.00e+00 3.12e-02h  6
1045  1.5940182e-04 3.05e-07 1.06e+01 -11.0 1.57e-04   0.8 1.00e+00 1.00e+00h  1
1046  1.5937207e-04 2.46e-10 3.60e-01 -11.0 1.05e-05   1.3 1.00e+00 1.00e+00h  1
1047  1.5903896e-04 1.54e-07 3.48e+00 -11.0 4.67e-04    -  1.00e+00 1.00e+00h  1
1048  1.5889818e-04 7.49e-08 4.71e+00 -11.0 6.09e-03    -  1.00e+00 1.00e+00h  1
1049  1.5831305e-04 5.16e-06 1.37e+01 -11.0 2.40e+01    -  1.00e+00 1.95e-03h 10
iter    objective    inf_pr   inf_du lg(mu)  ||d||  lg(rg) alpha_du alpha_pr  ls
1050  1.5819654e-04 6.00e-07 5.37e+01 -11.0 2.23e-04   1.2 1.00e+00 1.00e+00h  1
1051  1.5812970e-04 1.43e-06 8.75e+01 -11.0 3.28e-02    -  1.00e+00 5.00e-01h  2
1052  1.5764199e-04 1.31e-06 6.15e+01 -11.0 3.30e-04   0.7 1.00e+00 1.00e+00h  1
1053  1.5771060e-04 6.97e-07 5.63e+02 -11.0 9.98e-05   0.2 1.00e+00 1.00e+00h  1
1054  1.5761813e-04 1.46e-07 3.37e-01 -11.0 4.77e-03    -  1.00e+00 1.00e+00h  1
1055  1.5761264e-04 3.70e-08 1.14e+01 -11.0 2.97e-05   0.7 1.00e+00 1.00e+00h  1
1056  1.5736054e-04 4.81e-07 1.50e+01 -11.0 9.11e-03    -  1.00e+00 1.00e+00h  1
1057  1.5722226e-04 4.28e-07 1.47e+01 -11.0 1.66e-01    -  1.00e+00 7.81e-03h  8
1058  1.5715438e-04 2.00e-07 2.75e+01 -11.0 1.02e-04   0.6 1.00e+00 1.00e+00h  1
1059  1.5661790e-04 1.28e-06 6.61e+01 -11.0 1.80e-02    -  1.00e+00 1.00e+00h  1
iter    objective    inf_pr   inf_du lg(mu)  ||d||  lg(rg) alpha_du alpha_pr  ls
1060  1.5604177e-04 4.86e-06 6.13e+01 -11.0 5.31e+00    -  1.00e+00 3.91e-03h  9
1061  1.5596235e-04 5.85e-08 2.55e+00 -11.0 4.00e-05   1.5 1.00e+00 1.00e+00h  1
1062  1.5588385e-04 7.12e-10 7.21e-01 -11.0 1.72e-05   1.0 1.00e+00 1.00e+00h  1
1063  1.5450190e-04 7.86e-06 4.78e+01 -11.0 3.51e-02    -  1.00e+00 1.00e+00h  1
1064  1.5243882e-04 1.29e-04 9.22e+01 -11.0 7.85e+01    -  1.00e+00 1.95e-03h 10
1065  1.5335485e-04 9.68e-05 2.29e+03 -11.0 2.05e-03   1.4 1.00e+00 2.50e-01h  3
1066  1.5340040e-04 1.68e-05 5.59e+02 -11.0 6.94e-02    -  1.00e+00 1.00e+00h  1
1067  1.5438803e-04 8.45e-06 7.69e+01 -11.0 6.64e-04    -  1.00e+00 5.00e-01h  2
1068  1.5412818e-04 1.72e-06 4.26e+01 -11.0 9.05e-03    -  1.00e+00 1.00e+00h  1
1069  1.5310836e-04 8.21e-06 3.21e+02 -11.0 3.06e+00    -  1.00e+00 1.56e-02h  7
iter    objective    inf_pr   inf_du lg(mu)  ||d||  lg(rg) alpha_du alpha_pr  ls
1070  1.5266265e-04 8.24e-06 3.30e+02 -11.0 4.98e-01    -  1.00e+00 3.91e-03h  9
1071  1.5172871e-04 5.93e-06 2.96e+02 -11.0 6.78e-04   0.5 1.00e+00 1.00e+00h  1
1072  1.5138730e-04 1.03e-05 1.73e+02 -11.0 3.13e-02    -  1.00e+00 5.00e-01h  2
1073  1.5065100e-04 1.00e-05 1.69e+02 -11.0 6.26e-02    -  1.00e+00 3.12e-02h  6
1074  1.5001587e-04 2.20e-06 1.14e+02 -11.0 1.95e-04  -0.0 1.00e+00 1.00e+00h  1
1075  1.4993431e-04 2.48e-06 1.03e+02 -11.0 4.44e-02    -  1.00e+00 5.00e-01h  2
1076  1.4965380e-04 3.21e-06 9.88e+01 -11.0 3.53e-01    -  1.00e+00 1.56e-02h  7
1077  1.4961776e-04 3.16e-06 1.33e+02 -11.0 1.54e-02    -  1.00e+00 1.56e-02h  7
1078  1.4905463e-04 3.15e-06 1.24e+02 -11.0 7.30e-02    -  1.00e+00 1.56e-02h  7
1079  1.4843590e-04 8.93e-06 1.05e+02 -11.0 3.92e-02    -  1.00e+00 1.25e-01h  4
iter    objective    inf_pr   inf_du lg(mu)  ||d||  lg(rg) alpha_du alpha_pr  ls
1080  1.4890316e-04 6.80e-06 7.32e+01 -11.0 1.38e-02    -  1.00e+00 2.50e-01h  3
1081  1.4760095e-04 5.16e-06 6.80e+01 -11.0 8.43e-03    -  1.00e+00 2.50e-01h  3
1082  1.4855018e-04 1.16e-06 2.33e+01 -11.0 7.80e-03    -  1.00e+00 1.00e+00h  1
1083  1.4772824e-04 5.77e-06 1.60e+01 -11.0 1.45e-03  -1.4 1.00e+00 5.00e-01h  2
1084  1.4739902e-04 3.16e-06 5.55e+02 -11.0 9.15e-03    -  1.00e+00 5.00e-01h  2
1085  1.4850095e-04 2.39e-06 3.74e+02 -11.0 3.32e-02    -  1.00e+00 2.50e-01h  3
1086  1.4843646e-04 2.24e-06 3.61e+02 -11.0 1.21e-02    -  1.00e+00 6.25e-02h  5
1087  1.4665707e-04 9.24e-07 8.32e+01 -11.0 3.32e-03    -  1.00e+00 1.00e+00h  1
1088  1.4649273e-04 1.08e-06 9.57e+01 -11.0 7.01e-02    -  1.00e+00 6.25e-02h  5
1089  1.4656542e-04 1.02e-06 7.27e+01 -11.0 3.11e-03  -1.9 1.00e+00 1.25e-01h  4
iter    objective    inf_pr   inf_du lg(mu)  ||d||  lg(rg) alpha_du alpha_pr  ls
1090  1.4611307e-04 1.31e-06 6.53e+01 -11.0 3.10e-04    -  1.00e+00 1.00e+00h  1
1091  1.4600672e-04 1.07e-06 3.98e+01 -11.0 3.86e-03    -  1.00e+00 2.50e-01h  3
1092  1.4667513e-04 3.18e-07 2.75e+01 -11.0 2.02e-03    -  1.00e+00 1.00e+00H  1
1093  1.4929660e-04 4.75e-07 2.87e+01 -11.0 3.38e-03    -  1.00e+00 1.00e+00h  1
1094  1.4662767e-04 4.14e-07 3.39e+01 -11.0 1.04e-02    -  1.00e+00 5.00e-01h  2
1095  1.4613719e-04 4.39e-07 4.92e+01 -11.0 3.66e-03    -  1.00e+00 6.25e-02h  5
1096  1.4559547e-04 4.31e-07 3.19e+01 -11.0 1.85e-03    -  1.00e+00 1.00e+00h  1
1097  1.4525678e-04 7.26e-07 4.96e+00 -11.0 2.64e-03    -  1.00e+00 5.00e-01h  2
1098  1.4516214e-04 6.71e-07 3.29e+00 -11.0 2.60e-03    -  1.00e+00 1.25e-01h  4
1099  1.4505384e-04 1.68e-07 3.14e+00 -11.0 1.13e-03    -  1.00e+00 1.00e+00h  1
iter    objective    inf_pr   inf_du lg(mu)  ||d||  lg(rg) alpha_du alpha_pr  ls
1100  1.4498671e-04 2.54e-07 1.94e+00 -11.0 3.00e-03    -  1.00e+00 2.50e-01h  3
1101  1.4491060e-04 2.06e-07 5.54e+00 -11.0 6.69e-04    -  1.00e+00 5.00e-01h  2
1102  1.4459975e-04 9.53e-08 4.55e-01 -11.0 1.55e-03    -  1.00e+00 1.00e+00h  1
1103  1.4454790e-04 9.07e-07 5.85e+00 -11.0 1.39e-02    -  1.00e+00 1.25e-01h  4
1104  1.4446684e-04 2.57e-06 2.10e+01 -11.0 9.15e-03    -  1.00e+00 1.00e+00h  1
1105  1.4412398e-04 1.33e-06 9.95e+00 -11.0 1.45e-04   0.7 1.00e+00 1.00e+00h  1
1106  1.4398694e-04 5.67e-06 7.82e+02 -11.0 1.13e-03    -  1.00e+00 1.00e+00h  1
1107  1.4412186e-04 6.90e-06 4.63e+02 -11.0 4.54e-03    -  1.00e+00 5.00e-01h  2
1108  1.4411144e-04 4.66e-06 3.32e+02 -11.0 9.51e-04    -  1.00e+00 2.50e-01h  3
1109  1.4404936e-04 4.68e-06 6.70e+01 -11.0 5.85e-04    -  1.00e+00 1.00e+00h  1
iter    objective    inf_pr   inf_du lg(mu)  ||d||  lg(rg) alpha_du alpha_pr  ls
1110  1.4400774e-04 3.54e-06 3.07e+02 -11.0 3.79e-04   0.3 1.00e+00 2.50e-01h  3
1111  1.4404489e-04 2.68e-06 2.60e+02 -11.0 2.05e-04    -  1.00e+00 2.50e-01h  3
1112  1.4402143e-04 8.31e-07 2.53e+02 -11.0 1.13e-04    -  1.00e+00 1.00e+00h  1
1113  1.4445639e-04 3.11e-07 2.12e+02 -11.0 1.44e-04    -  1.00e+00 1.00e+00h  1
1114  1.4446703e-04 3.48e-07 2.53e-01 -11.0 3.78e-05    -  1.00e+00 1.00e+00h  1
1115  1.4445784e-04 5.08e-08 1.17e+00 -11.0 2.79e-05    -  1.00e+00 1.00e+00h  1
1116  1.4442244e-04 5.96e-07 1.14e+01 -11.0 3.25e-04    -  1.00e+00 1.00e+00h  1
1117  1.4421406e-04 5.12e-07 3.67e+01 -11.0 2.37e-04   1.1 1.00e+00 5.00e-01h  2
1118  1.4431896e-04 1.88e-07 1.35e-01 -11.0 1.87e-04    -  1.00e+00 1.00e+00h  1
1119  1.4425772e-04 7.17e-08 1.91e+00 -11.0 2.40e-05   0.6 1.00e+00 1.00e+00h  1
iter    objective    inf_pr   inf_du lg(mu)  ||d||  lg(rg) alpha_du alpha_pr  ls
1120  1.4420793e-04 1.12e-08 6.77e+00 -11.0 1.21e-04    -  1.00e+00 1.00e+00h  1
1121  1.4378120e-04 1.35e-06 9.63e+00 -11.0 3.37e-03    -  1.00e+00 2.50e-01h  3
1122  1.4361344e-04 8.70e-07 1.18e+01 -11.0 2.09e-04  -0.3 1.00e+00 1.00e+00h  1
1123  1.4404916e-04 6.03e-07 4.46e+01 -11.0 5.12e-04    -  1.00e+00 1.00e+00h  1
1124  1.4378926e-04 1.76e-07 5.29e-02 -11.0 4.43e-04    -  1.00e+00 1.00e+00h  1
1125  1.4369009e-04 9.33e-09 1.55e-02 -11.0 6.50e-05   0.1 1.00e+00 1.00e+00h  1
1126  1.4363632e-04 8.75e-08 3.04e-01 -11.0 3.08e-04    -  1.00e+00 1.00e+00h  1
1127  1.4358387e-04 1.52e-07 5.97e-03 -11.0 2.68e-05   0.5 1.00e+00 1.00e+00h  1
1128  1.4360065e-04 7.17e-08 3.45e-01 -11.0 1.31e-04    -  1.00e+00 1.00e+00h  1
1129  1.4356504e-04 1.19e-07 3.54e-03 -11.0 4.32e-05    -  1.00e+00 1.00e+00h  1
iter    objective    inf_pr   inf_du lg(mu)  ||d||  lg(rg) alpha_du alpha_pr  ls
1130  1.4355913e-04 2.75e-08 5.33e-02 -11.0 1.79e-04    -  1.00e+00 1.00e+00h  1
1131  1.4352476e-04 3.53e-08 6.23e-01 -11.0 1.17e-03    -  1.00e+00 2.50e-01h  3
1132  1.4345691e-04 7.10e-08 8.55e-02 -11.0 3.17e-05   0.1 1.00e+00 1.00e+00h  1
1133  1.4341755e-04 3.13e-08 3.04e-02 -11.0 3.12e-04    -  1.00e+00 1.00e+00h  1
1134  1.4339112e-04 4.48e-08 3.32e+00 -11.0 3.08e-03    -  1.00e+00 6.25e-02h  5
1135  1.4324026e-04 3.76e-07 1.94e+00 -11.0 1.10e-03    -  1.00e+00 1.00e+00h  1
1136  1.4316128e-04 8.79e-08 3.47e-01 -11.0 1.33e-04  -0.4 1.00e+00 1.00e+00h  1
1137  1.4313460e-04 3.36e-07 1.81e+01 -11.0 2.82e-03    -  1.00e+00 1.25e-01h  4
1138  1.4309674e-04 1.42e-07 1.43e-01 -11.0 1.03e-04   0.0 1.00e+00 1.00e+00h  1
1139  1.4301431e-04 7.96e-08 4.28e-02 -11.0 6.20e-04    -  1.00e+00 1.00e+00h  1
iter    objective    inf_pr   inf_du lg(mu)  ||d||  lg(rg) alpha_du alpha_pr  ls
1140  1.4302229e-04 5.18e-09 2.91e-02 -11.0 1.70e-05   0.4 1.00e+00 1.00e+00h  1
1141  1.4298526e-04 4.47e-08 1.18e-02 -11.0 4.53e-04    -  1.00e+00 1.00e+00h  1
1142  1.4297223e-04 2.04e-09 1.71e-02 -11.0 2.91e-05  -0.0 1.00e+00 1.00e+00h  1
1143  1.4285676e-04 5.59e-08 5.61e-01 -11.0 5.36e-04    -  1.00e+00 1.00e+00h  1
1144  1.4280430e-04 2.05e-08 2.32e-01 -11.0 2.92e-05   0.4 1.00e+00 1.00e+00h  1
1145  1.4265126e-04 6.86e-08 2.47e-02 -11.0 8.05e-04    -  1.00e+00 1.00e+00h  1
1146  1.4259807e-04 1.85e-07 5.46e-02 -11.0 1.91e-02    -  1.00e+00 3.12e-02h  6
1147  1.4246175e-04 4.30e-07 2.32e+00 -11.0 5.46e-03    -  1.00e+00 2.50e-01h  3
1148  1.4243223e-04 4.40e-07 3.59e+00 -11.0 1.14e-02    -  1.00e+00 3.12e-02h  6
1149  1.4234807e-04 2.33e-07 2.04e+00 -11.0 1.47e-04  -0.6 1.00e+00 1.00e+00h  1
iter    objective    inf_pr   inf_du lg(mu)  ||d||  lg(rg) alpha_du alpha_pr  ls
1150  1.4225832e-04 6.83e-08 3.04e-02 -11.0 7.57e-04    -  1.00e+00 1.00e+00h  1
1151  1.4224876e-04 1.15e-08 1.49e-02 -11.0 5.68e-05  -0.1 1.00e+00 1.00e+00h  1
1152  1.4221787e-04 1.63e-07 6.00e+00 -11.0 9.49e-04    -  1.00e+00 1.00e+00h  1
1153  1.4216350e-04 3.42e-08 4.21e-02 -11.0 8.64e-05   0.3 1.00e+00 1.00e+00h  1
1154  1.4214016e-04 7.21e-10 4.28e-02 -11.0 3.07e-05  -0.2 1.00e+00 1.00e+00h  1
1155  1.4201552e-04 5.53e-07 2.65e+00 -11.0 1.92e-03    -  1.00e+00 1.00e+00h  1
1156  1.4200341e-04 8.40e-07 7.47e+00 -11.0 3.90e-01    -  1.00e+00 3.91e-03h  9
1157  1.4196061e-04 9.32e-07 1.00e+01 -11.0 6.32e-02    -  1.00e+00 1.56e-02h  7
1158  1.4189796e-04 1.64e-08 6.31e-02 -11.0 1.19e-04   0.2 1.00e+00 1.00e+00h  1
1159  1.4183683e-04 2.44e-07 3.42e+00 -11.0 1.09e-03    -  1.00e+00 1.00e+00h  1
iter    objective    inf_pr   inf_du lg(mu)  ||d||  lg(rg) alpha_du alpha_pr  ls
1160  1.4179696e-04 3.92e-09 1.49e-01 -11.0 7.47e-05  -0.3 1.00e+00 1.00e+00h  1
1161  1.4176581e-04 5.34e-08 2.67e-02 -11.0 5.56e-04    -  1.00e+00 1.00e+00h  1
1162  1.4175943e-04 8.42e-11 4.61e-03 -11.0 1.98e-05   0.1 1.00e+00 1.00e+00h  1
1163  1.4171183e-04 4.19e-07 1.27e+00 -11.0 1.50e-03    -  1.00e+00 1.00e+00h  1
1164  1.4169902e-04 4.24e-07 1.68e+00 -11.0 5.37e-02    -  1.00e+00 3.91e-03h  9
1165  1.4168107e-04 4.79e-07 2.50e+00 -11.0 5.55e-03    -  1.00e+00 1.25e-01h  4
1166  1.4166238e-04 1.96e-09 2.41e-01 -11.0 1.45e-05   1.0 1.00e+00 1.00e+00h  1
1167  1.4161513e-04 4.19e-07 1.53e+00 -11.0 1.33e-03    -  1.00e+00 1.00e+00h  1
1168  1.4160676e-04 1.56e-10 7.28e-03 -11.0 9.88e-06   0.5 1.00e+00 1.00e+00h  1
1169  1.4157139e-04 2.43e-07 6.92e-02 -11.0 8.99e-04    -  1.00e+00 1.00e+00h  1
iter    objective    inf_pr   inf_du lg(mu)  ||d||  lg(rg) alpha_du alpha_pr  ls
1170  1.4156803e-04 1.57e-11 2.85e-02 -11.0 2.15e-06   0.9 1.00e+00 1.00e+00h  1
1171  1.4156569e-04 7.77e-12 1.44e-01 -11.0 5.30e-06   0.4 1.00e+00 1.00e+00h  1
1172  1.4153875e-04 3.06e-07 3.19e-01 -11.0 9.78e-04    -  1.00e+00 1.00e+00h  1
1173  1.4152924e-04 8.32e-11 5.53e-03 -11.0 1.68e-05  -0.0 1.00e+00 1.00e+00h  1
1174  1.4149564e-04 2.94e-07 6.87e-01 -11.0 9.53e-04    -  1.00e+00 1.00e+00h  1
1175  1.4147988e-04 1.74e-09 3.80e-03 -11.0 5.97e-05  -0.5 1.00e+00 1.00e+00h  1
1176  1.4146495e-04 3.13e-10 4.14e-01 -11.0 9.22e-05  -1.0 1.00e+00 1.00e+00h  1
1177  1.4143134e-04 1.97e-09 2.48e-01 -11.0 2.61e-04  -1.5 1.00e+00 1.00e+00h  1
1178  1.4141531e-04 4.15e-07 1.19e+00 -11.0 1.66e-02    -  1.00e+00 6.25e-02h  5
1179  1.4140535e-04 1.41e-10 3.51e-03 -11.0 7.01e-06   0.8 1.00e+00 1.00e+00h  1
iter    objective    inf_pr   inf_du lg(mu)  ||d||  lg(rg) alpha_du alpha_pr  ls
1180  1.4137211e-04 3.69e-07 5.43e-01 -11.0 1.27e-03    -  1.00e+00 1.00e+00h  1
1181  1.4136851e-04 1.91e-11 7.64e-02 -11.0 1.14e-05   0.3 1.00e+00 1.00e+00h  1
1182  1.4136414e-04 2.25e-10 7.71e-02 -11.0 2.65e-05  -0.2 1.00e+00 1.00e+00h  1
1183  1.4135421e-04 5.52e-08 1.03e-01 -11.0 3.16e-03    -  1.00e+00 1.25e-01h  4
1184  1.4131298e-04 6.40e-10 2.97e-03 -11.0 4.48e-05  -0.7 1.00e+00 1.00e+00h  1
1185  1.4126680e-04 3.57e-07 1.27e+00 -11.0 1.48e-03    -  1.00e+00 1.00e+00h  1
1186  1.4125578e-04 4.16e-07 1.91e+00 -11.0 1.29e-01    -  1.00e+00 3.91e-03h  9
1187  1.4123226e-04 7.89e-07 3.33e+00 -11.0 3.88e-02    -  1.00e+00 3.12e-02h  6
1188  1.4121468e-04 3.65e-06 6.17e+00 -11.0 2.56e-01    -  1.00e+00 1.56e-02h  7
1189  1.4126079e-04 1.38e-07 3.11e-01 -11.0 7.32e-04  -1.7 1.00e+00 1.00e+00h  1
iter    objective    inf_pr   inf_du lg(mu)  ||d||  lg(rg) alpha_du alpha_pr  ls
1190  1.4104250e-04 2.23e-08 4.18e-02 -11.0 2.07e-04  -1.2 1.00e+00 1.00e+00h  1
1191  1.4098301e-04 1.28e-08 4.01e-01 -11.0 4.94e-04    -  1.00e+00 1.00e+00h  1
1192  1.4088347e-04 3.92e-07 1.46e+00 -11.0 6.50e-03    -  1.00e+00 2.50e-01h  3
1193  1.4083961e-04 3.13e-07 1.88e+00 -11.0 1.31e-01    -  1.00e+00 1.56e-02h  7
1194  1.4072197e-04 1.41e-08 4.35e-02 -11.0 9.94e-05  -0.4 1.00e+00 1.00e+00h  1
1195  1.4062560e-04 1.08e-07 5.53e-01 -11.0 1.94e-03    -  1.00e+00 1.00e+00h  1
1196  1.4101565e-04 7.98e-10 1.90e-01 -11.0 7.80e-04  -1.3 1.00e+00 1.00e+00H  1
1197  1.4065282e-04 1.59e-07 7.68e-02 -11.0 2.80e-03    -  1.00e+00 1.00e+00H  1
1198  1.4059475e-04 1.51e-07 8.24e-01 -11.0 5.26e-02    -  1.00e+00 1.56e-02h  7
1199  1.4116867e-04 4.35e-10 6.30e-01 -11.0 5.30e-03    -  1.00e+00 1.00e+00H  1
iter    objective    inf_pr   inf_du lg(mu)  ||d||  lg(rg) alpha_du alpha_pr  ls
1200  1.4115388e-04 5.67e-10 2.79e+00 -11.0 2.18e-02    -  1.00e+00 3.91e-03h  9
1201  1.4054906e-04 1.47e-08 2.53e+00 -11.0 1.54e-04  -0.1 1.00e+00 1.00e+00h  1
1202  1.4035414e-04 2.48e-07 8.66e-01 -11.0 3.05e-03    -  1.00e+00 1.00e+00h  1
1203  1.4035172e-04 1.10e-10 7.55e-03 -11.0 2.31e-05   0.4 1.00e+00 1.00e+00h  1
1204  1.4034418e-04 3.06e-10 8.02e-02 -11.0 4.40e-05  -0.1 1.00e+00 1.00e+00h  1
1205  1.4027169e-04 9.61e-08 3.80e-02 -11.0 2.28e-03    -  1.00e+00 1.00e+00h  1
1206  1.4024986e-04 1.31e-07 8.80e-02 -11.0 3.69e-01    -  1.00e+00 3.91e-03h  9
1207  1.4020338e-04 7.70e-09 2.50e-01 -11.0 1.79e-04  -0.6 1.00e+00 1.00e+00h  1
1208  1.4015684e-04 1.82e-09 6.13e-03 -11.0 1.87e-04  -1.1 1.00e+00 1.00e+00h  1
1209  1.4017123e-04 5.71e-10 2.56e-02 -11.0 4.95e-04  -1.6 1.00e+00 1.00e+00H  1
iter    objective    inf_pr   inf_du lg(mu)  ||d||  lg(rg) alpha_du alpha_pr  ls
1210  1.4006604e-04 6.23e-09 1.26e-01 -11.0 2.05e-04  -1.2 1.00e+00 1.00e+00h  1
1211  1.3989147e-04 6.60e-07 6.64e-01 -11.0 6.45e-03    -  1.00e+00 1.00e+00h  1
1212  1.3983292e-04 8.23e-07 8.64e-01 -11.0 1.80e+00    -  1.00e+00 1.95e-03h 10
1213  1.3978443e-04 1.83e-06 2.69e+00 -11.0 5.90e-01    -  1.00e+00 1.56e-02h  7
1214  1.3969074e-04 2.11e-06 3.67e+00 -11.0 2.43e+00    -  1.00e+00 1.95e-03h 10
1215  1.3939829e-04 5.83e-08 2.26e+00 -11.0 2.32e-04  -0.4 1.00e+00 1.00e+00h  1
1216  1.3902460e-04 3.55e-07 3.07e+00 -11.0 4.61e-03    -  1.00e+00 1.00e+00h  1
1217  1.3929101e-04 1.28e-07 7.30e+00 -11.0 4.98e-04  -0.8 1.00e+00 1.00e+00h  1
1218  1.3886371e-04 4.92e-08 5.72e-01 -11.0 1.55e-04  -1.3 1.00e+00 1.00e+00h  1
1219  1.3845949e-04 2.01e-06 3.38e+00 -11.0 1.22e-02    -  1.00e+00 1.00e+00h  1
iter    objective    inf_pr   inf_du lg(mu)  ||d||  lg(rg) alpha_du alpha_pr  ls
1220  1.3822136e-04 4.28e-06 9.51e+00 -11.0 5.30e+01    -  1.00e+00 2.44e-04h 13
1221  1.3819790e-04 4.58e-06 1.32e+01 -11.0 2.67e+00    -  1.00e+00 1.95e-03h 10
1222  1.3792648e-04 1.09e-08 1.41e+00 -11.0 4.92e-05   0.9 1.00e+00 1.00e+00h  1
1223  1.3775710e-04 2.25e-10 7.96e-01 -11.0 4.15e-05   0.4 1.00e+00 1.00e+00h  1
1224  1.3729521e-04 5.70e-06 7.10e+00 -11.0 2.10e-02    -  1.00e+00 1.00e+00h  1
1225  1.3722343e-04 6.87e-06 1.36e+01 -11.0 5.27e+00    -  1.00e+00 1.95e-03h 10
1226  1.3701418e-04 3.77e-08 5.01e-01 -11.0 1.51e-04  -0.1 1.00e+00 1.00e+00h  1
1227  1.3699333e-04 2.40e-10 3.81e-01 -11.0 1.89e-05   0.3 1.00e+00 1.00e+00h  1
1228  1.3688698e-04 2.60e-07 3.06e+00 -11.0 4.66e-03    -  1.00e+00 1.00e+00h  1
1229  1.3686408e-04 3.92e-09 2.70e-01 -11.0 5.90e-05  -0.1 1.00e+00 1.00e+00h  1
iter    objective    inf_pr   inf_du lg(mu)  ||d||  lg(rg) alpha_du alpha_pr  ls
1230  1.3665322e-04 2.01e-07 2.83e+00 -11.0 3.41e-03    -  1.00e+00 1.00e+00h  1
1231  1.3666267e-04 4.58e-08 1.88e+00 -11.0 7.17e-05   1.2 1.00e+00 1.00e+00h  1
1232  1.3662110e-04 6.58e-07 2.17e+00 -11.0 3.01e-03    -  1.00e+00 1.00e+00h  1
1233  1.3656952e-04 7.15e-07 9.46e+00 -11.0 2.74e-04   0.7 1.00e+00 1.00e+00h  1
1234  1.3654346e-04 3.46e-10 4.53e-01 -11.0 8.99e-06   1.1 1.00e+00 1.00e+00h  1
1235  1.3649254e-04 7.93e-10 2.17e-01 -11.0 1.81e-05   0.7 1.00e+00 1.00e+00h  1
1236  1.3641375e-04 3.26e-08 8.65e-02 -11.0 2.74e-04    -  1.00e+00 1.00e+00h  1
1237  1.3640704e-04 3.69e-08 1.48e-01 -11.0 6.35e-05   1.1 1.00e+00 1.00e+00h  1
1238  1.3639930e-04 2.07e-10 1.35e-01 -11.0 1.56e-05   0.6 1.00e+00 1.00e+00h  1
1239  1.3625677e-04 2.77e-08 1.44e+00 -11.0 5.20e-04    -  1.00e+00 1.00e+00h  1
iter    objective    inf_pr   inf_du lg(mu)  ||d||  lg(rg) alpha_du alpha_pr  ls
1240  1.3623562e-04 3.44e-08 1.95e+00 -11.0 1.33e-03    -  1.00e+00 2.50e-01h  3
1241  1.3616607e-04 9.92e-08 3.06e+00 -11.0 8.77e-04    -  1.00e+00 1.00e+00h  1
1242  1.3609378e-04 1.12e-07 2.13e-01 -11.0 4.12e-03    -  1.00e+00 1.25e-01h  4
1243  1.3614111e-04 1.86e-08 3.18e-01 -11.0 2.25e-04  -0.8 1.00e+00 1.00e+00h  1
1244  1.3598910e-04 1.10e-08 3.70e-02 -11.0 2.92e-04    -  1.00e+00 1.00e+00h  1
1245  1.3594864e-04 3.83e-09 3.54e-01 -11.0 1.97e-04    -  1.00e+00 1.00e+00h  1
1246  1.3584217e-04 1.02e-07 1.79e+00 -11.0 4.90e-03    -  1.00e+00 2.50e-01h  3
1247  1.3581496e-04 1.44e-07 6.54e+00 -11.0 1.46e-02    -  1.00e+00 6.25e-02h  5
1248  1.3575070e-04 3.06e-09 3.33e-02 -11.0 3.47e-05   0.5 1.00e+00 1.00e+00h  1
1249  1.3568446e-04 9.84e-09 2.78e-01 -11.0 3.09e-04    -  1.00e+00 1.00e+00h  1
iter    objective    inf_pr   inf_du lg(mu)  ||d||  lg(rg) alpha_du alpha_pr  ls
1250  1.3565954e-04 2.73e-09 2.87e-01 -11.0 9.63e-05  -0.5 1.00e+00 1.00e+00h  1
1251  1.3563196e-04 6.52e-09 4.54e-01 -11.0 2.10e-04  -0.9 1.00e+00 1.00e+00h  1
1252  1.3556730e-04 4.72e-07 1.47e+00 -11.0 2.11e-03    -  1.00e+00 1.00e+00h  1
1253  1.3555715e-04 2.81e-09 3.83e-02 -11.0 2.22e-05   1.3 1.00e+00 1.00e+00h  1
1254  1.3548651e-04 5.73e-08 5.18e-02 -11.0 1.45e-04    -  1.00e+00 1.00e+00h  1
1255  1.3549409e-04 7.46e-08 9.22e-02 -11.0 9.65e-05   0.8 1.00e+00 1.00e+00h  1
1256  1.3548582e-04 2.99e-11 3.17e-02 -11.0 4.39e-06   1.2 1.00e+00 1.00e+00h  1
1257  1.3546800e-04 1.63e-10 6.99e-02 -11.0 1.14e-05   0.8 1.00e+00 1.00e+00h  1
1258  1.3544195e-04 4.91e-10 1.35e-02 -11.0 2.74e-05   0.3 1.00e+00 1.00e+00h  1
1259  1.3539077e-04 4.68e-08 4.17e-01 -11.0 1.46e-04    -  1.00e+00 1.00e+00h  1
iter    objective    inf_pr   inf_du lg(mu)  ||d||  lg(rg) alpha_du alpha_pr  ls
1260  1.3534238e-04 1.27e-08 5.12e-01 -11.0 2.74e-04    -  1.00e+00 1.00e+00h  1
1261  1.3531887e-04 2.70e-08 8.98e-01 -11.0 9.11e-04    -  1.00e+00 2.50e-01h  3
1262  1.3544124e-04 4.56e-09 2.72e+00 -11.0 3.59e-04    -  1.00e+00 1.00e+00H  1
1263  1.3526273e-04 1.13e-07 6.65e-01 -11.0 2.47e-04    -  1.00e+00 1.00e+00h  1
1264  1.3523816e-04 1.51e-08 8.59e-03 -11.0 1.53e-04    -  1.00e+00 1.00e+00h  1
1265  1.3522497e-04 9.58e-09 1.23e-01 -11.0 1.41e-04    -  1.00e+00 1.00e+00h  1
1266  1.3524285e-04 1.30e-08 4.96e-01 -11.0 5.76e-04    -  1.00e+00 1.00e+00H  1
1267  1.3515302e-04 2.99e-08 1.06e-01 -11.0 7.50e-05  -0.2 1.00e+00 1.00e+00h  1
1268  1.3514865e-04 3.25e-10 1.42e-01 -11.0 2.17e-05   0.2 1.00e+00 1.00e+00h  1
1269  1.3513975e-04 1.18e-09 5.98e-03 -11.0 4.61e-05  -0.3 1.00e+00 1.00e+00h  1
iter    objective    inf_pr   inf_du lg(mu)  ||d||  lg(rg) alpha_du alpha_pr  ls
1270  1.3511798e-04 9.64e-08 2.90e-02 -11.0 2.07e-04    -  1.00e+00 1.00e+00h  1
1271  1.3511614e-04 6.75e-10 3.23e-02 -11.0 1.13e-05   0.1 1.00e+00 1.00e+00h  1
1272  1.3511555e-04 1.36e-12 3.38e-03 -11.0 3.29e-06   0.6 1.00e+00 1.00e+00h  1
1273  1.3510552e-04 6.99e-08 4.56e-01 -11.0 3.90e-04    -  1.00e+00 1.00e+00h  1
1274  1.3509682e-04 3.54e-12 6.49e-02 -11.0 4.26e-06   1.0 1.00e+00 1.00e+00h  1
1275  1.3508455e-04 1.02e-11 1.11e-01 -11.0 7.81e-06   0.5 1.00e+00 1.00e+00h  1
1276  1.3506022e-04 6.06e-08 3.28e-02 -11.0 2.45e-04    -  1.00e+00 1.00e+00h  1
1277  1.3505949e-04 4.24e-10 1.49e-02 -11.0 7.92e-06   0.9 1.00e+00 1.00e+00h  1
1278  1.3505773e-04 6.95e-12 5.97e-02 -11.0 7.62e-06   0.5 1.00e+00 1.00e+00h  1
1279  1.3501363e-04 1.49e-07 4.66e-01 -11.0 4.93e-04    -  1.00e+00 1.00e+00h  1
iter    objective    inf_pr   inf_du lg(mu)  ||d||  lg(rg) alpha_du alpha_pr  ls
1280  1.3501077e-04 2.36e-11 5.93e-02 -11.0 4.78e-06   0.9 1.00e+00 1.00e+00h  1
1281  1.3489288e-04 9.52e-07 1.01e+00 -11.0 1.26e-03    -  1.00e+00 1.00e+00h  1
1282  1.3488623e-04 1.83e-10 4.75e-02 -11.0 1.62e-05   0.4 1.00e+00 1.00e+00h  1
1283  1.3464778e-04 8.46e-06 4.18e-01 -11.0 3.79e-03    -  1.00e+00 1.00e+00h  1
1284  1.3465685e-04 3.71e-08 1.30e-01 -11.0 7.73e-05   0.8 1.00e+00 1.00e+00h  1
1285  1.3464487e-04 3.67e-10 5.59e-02 -11.0 2.12e-05   0.4 1.00e+00 1.00e+00h  1
1286  1.3453113e-04 3.12e-06 9.11e-01 -11.0 2.65e-03    -  1.00e+00 1.00e+00h  1
1287  1.3450604e-04 8.97e-09 4.98e-01 -11.0 7.22e-05  -0.1 1.00e+00 1.00e+00h  1
1288  1.3446848e-04 1.95e-07 9.02e-01 -11.0 9.72e-04    -  1.00e+00 1.00e+00h  1
1289  1.3446163e-04 4.52e-10 7.86e-03 -11.0 1.19e-05   0.3 1.00e+00 1.00e+00h  1
iter    objective    inf_pr   inf_du lg(mu)  ||d||  lg(rg) alpha_du alpha_pr  ls
1290  1.3444568e-04 2.50e-09 2.75e-01 -11.0 1.76e-04    -  1.00e+00 1.00e+00h  1
1291  1.3442778e-04 2.54e-08 1.45e-01 -11.0 1.85e-03    -  1.00e+00 2.50e-01h  3
1292  1.3440942e-04 1.69e-09 1.41e+00 -11.0 3.63e-05  -0.2 1.00e+00 1.00e+00h  1
1293  1.3437350e-04 3.17e-08 3.89e-01 -11.0 6.56e-04    -  1.00e+00 1.00e+00h  1
1294  1.3437649e-04 6.13e-09 9.79e-02 -11.0 2.47e-05   0.3 1.00e+00 1.00e+00h  1
1295  1.3433504e-04 3.41e-08 5.88e-03 -11.0 8.65e-04    -  1.00e+00 1.00e+00h  1
1296  1.3433163e-04 1.12e-11 2.81e-02 -11.0 5.01e-06   0.7 1.00e+00 1.00e+00h  1
1297  1.3426858e-04 8.34e-08 4.86e-02 -11.0 1.40e-03    -  1.00e+00 1.00e+00h  1
1298  1.3426501e-04 2.59e-11 1.10e-03 -11.0 7.73e-06   0.2 1.00e+00 1.00e+00h  1
1299  1.3426395e-04 3.17e-12 1.44e-02 -11.0 3.40e-06   0.6 1.00e+00 1.00e+00h  1
iter    objective    inf_pr   inf_du lg(mu)  ||d||  lg(rg) alpha_du alpha_pr  ls
1300  1.3424080e-04 7.57e-09 6.91e-01 -11.0 3.83e-03    -  1.00e+00 1.25e-01h  4
1301  1.3420362e-04 1.85e-08 2.08e-01 -11.0 1.10e-02    -  1.00e+00 6.25e-02h  5
1302  1.3415053e-04 2.80e-10 1.65e-01 -11.0 4.67e-05  -0.3 1.00e+00 1.00e+00h  1
1303  1.3406728e-04 1.84e-07 3.33e-02 -11.0 2.39e-03    -  1.00e+00 1.00e+00h  1
1304  1.3406678e-04 1.89e-07 7.34e-02 -11.0 8.61e-02    -  1.00e+00 7.81e-03h  8
1305  1.3405928e-04 2.15e-07 6.82e-01 -11.0 1.09e-02    -  1.00e+00 1.25e-01h  4
1306  1.3411875e-04 1.64e-08 2.94e-02 -11.0 2.16e-04  -0.8 1.00e+00 1.00e+00h  1
1307  1.3398088e-04 3.00e-08 1.81e-01 -11.0 8.49e-04    -  1.00e+00 1.00e+00h  1
1308  1.3397544e-04 4.11e-11 1.26e-01 -11.0 7.54e-06   0.5 1.00e+00 1.00e+00h  1
1309  1.3396366e-04 4.93e-09 2.05e-02 -11.0 4.56e-04    -  1.00e+00 1.00e+00h  1
iter    objective    inf_pr   inf_du lg(mu)  ||d||  lg(rg) alpha_du alpha_pr  ls
1310  1.3396304e-04 1.10e-12 4.66e-03 -11.0 2.31e-06   0.9 1.00e+00 1.00e+00h  1
1311  1.3396158e-04 5.53e-12 1.90e-02 -11.0 6.19e-06   0.4 1.00e+00 1.00e+00h  1
1312  1.3392204e-04 1.56e-08 3.05e-02 -11.0 1.13e-03    -  1.00e+00 1.00e+00h  1
1313  1.3391228e-04 1.74e-08 2.47e-02 -11.0 6.68e-02    -  1.00e+00 7.81e-03h  8
1314  1.3390722e-04 1.81e-08 3.82e-02 -11.0 4.39e-03    -  1.00e+00 1.25e-01h  4
1315  1.3389937e-04 1.11e-07 1.50e+00 -11.0 6.45e-03    -  1.00e+00 2.50e-01h  3
1316  1.3383400e-04 1.65e-09 9.10e-02 -11.0 5.23e-05  -0.1 1.00e+00 1.00e+00h  1
1317  1.3380086e-04 1.18e-08 6.41e-03 -11.0 6.70e-04    -  1.00e+00 1.00e+00h  1
1318  1.3374894e-04 1.53e-08 7.23e-01 -11.0 9.42e-03    -  1.00e+00 1.25e-01h  4
1319  1.3371143e-04 4.43e-09 5.25e-01 -11.0 1.33e-04  -0.6 1.00e+00 1.00e+00h  1
iter    objective    inf_pr   inf_du lg(mu)  ||d||  lg(rg) alpha_du alpha_pr  ls
1320  1.3368742e-04 7.67e-09 1.21e-01 -11.0 1.11e-04  -1.1 1.00e+00 1.00e+00h  1
1321  1.3368553e-04 6.09e-12 1.07e-02 -11.0 7.60e-06   0.3 1.00e+00 1.00e+00h  1
1322  1.3361628e-04 2.66e-08 3.49e-01 -11.0 1.34e-03    -  1.00e+00 1.00e+00h  1
1323  1.3361268e-04 3.62e-11 2.18e-02 -11.0 3.80e-06   0.7 1.00e+00 1.00e+00h  1
1324  1.3360738e-04 6.42e-11 7.90e-03 -11.0 8.99e-06   0.2 1.00e+00 1.00e+00h  1
1325  1.3355232e-04 4.26e-08 1.25e-02 -11.0 1.62e-03    -  1.00e+00 1.00e+00h  1
1326  1.3353569e-04 5.18e-08 3.29e-01 -11.0 5.43e-02    -  1.00e+00 1.56e-02h  7
1327  1.3348637e-04 7.62e-10 5.93e-03 -11.0 3.92e-05  -0.3 1.00e+00 1.00e+00h  1
1328  1.3347138e-04 3.27e-10 4.14e-02 -11.0 4.65e-05  -0.7 1.00e+00 1.00e+00h  1
1329  1.3346012e-04 1.22e-09 3.66e-03 -11.0 3.28e-05  -0.3 1.00e+00 1.00e+00h  1
iter    objective    inf_pr   inf_du lg(mu)  ||d||  lg(rg) alpha_du alpha_pr  ls
1330  1.3345956e-04 3.21e-12 6.55e-03 -11.0 1.56e-06   1.0 1.00e+00 1.00e+00h  1
1331  1.3345806e-04 2.43e-11 3.39e-04 -11.0 4.56e-06   0.5 1.00e+00 1.00e+00h  1
1332  1.3343974e-04 5.24e-07 7.32e-01 -11.0 5.60e-03    -  1.00e+00 1.00e+00h  1
1333  1.3337816e-04 8.42e-07 1.06e+00 -11.0 2.72e-01    -  1.00e+00 1.56e-02h  7
1334  1.3331018e-04 1.30e-06 2.14e+00 -11.0 3.73e-01    -  1.00e+00 1.56e-02h  7
1335  1.3321636e-04 4.32e-09 1.60e-01 -11.0 5.90e-05   0.0 1.00e+00 1.00e+00h  1
1336  1.3296858e-04 2.27e-07 4.65e-01 -11.0 3.76e-03    -  1.00e+00 1.00e+00h  1
1337  1.3294455e-04 2.30e-07 6.32e-01 -11.0 9.58e-02    -  1.00e+00 7.81e-03h  8
1338  1.3294502e-04 4.02e-09 1.11e-01 -11.0 2.70e-05   0.9 1.00e+00 1.00e+00h  1
1339  1.3293879e-04 1.17e-10 4.51e-02 -11.0 1.13e-05   0.4 1.00e+00 1.00e+00h  1
iter    objective    inf_pr   inf_du lg(mu)  ||d||  lg(rg) alpha_du alpha_pr  ls
1340  1.3290123e-04 3.50e-08 2.30e-02 -11.0 1.68e-03    -  1.00e+00 1.00e+00h  1
1341  1.3289607e-04 5.16e-09 5.71e-02 -11.0 2.66e-05   0.8 1.00e+00 1.00e+00h  1
1342  1.3289244e-04 6.73e-11 1.23e-02 -11.0 1.05e-05   0.3 1.00e+00 1.00e+00h  1
1343  1.3280168e-04 1.64e-07 9.21e-02 -11.0 3.23e-03    -  1.00e+00 1.00e+00h  1
1344  1.3279935e-04 1.32e-08 1.12e-01 -11.0 4.27e-05  -0.1 1.00e+00 1.00e+00h  1
1345  1.3273075e-04 1.61e-07 5.59e-02 -11.0 3.12e-03    -  1.00e+00 1.00e+00h  1
1346  1.3272944e-04 7.12e-09 7.08e-02 -11.0 1.16e-04  -0.6 1.00e+00 1.00e+00h  1
1347  1.3266304e-04 2.27e-07 6.49e-02 -11.0 2.47e-03    -  1.00e+00 1.00e+00h  1
1348  1.3263413e-04 3.21e-07 7.24e-01 -11.0 6.85e-02    -  1.00e+00 7.81e-03h  8
1349  1.3260999e-04 8.87e-12 2.43e-01 -11.0 1.14e-05   0.7 1.00e+00 1.00e+00h  1
iter    objective    inf_pr   inf_du lg(mu)  ||d||  lg(rg) alpha_du alpha_pr  ls
1350  1.3258787e-04 1.12e-10 1.73e-01 -11.0 2.34e-05   0.2 1.00e+00 1.00e+00h  1
1351  1.3249530e-04 7.91e-07 4.87e-01 -11.0 3.82e-03    -  1.00e+00 1.00e+00h  1
1352  1.3248967e-04 4.54e-11 4.94e-03 -11.0 6.00e-06   0.7 1.00e+00 1.00e+00h  1
1353  1.3239358e-04 7.70e-07 9.85e-01 -11.0 3.53e-03    -  1.00e+00 1.00e+00h  1
1354  1.3237461e-04 1.67e-06 3.18e+00 -11.0 7.53e-01    -  1.00e+00 7.81e-03h  8
1355  1.3228285e-04 4.34e-10 1.00e-01 -11.0 3.42e-05   0.6 1.00e+00 1.00e+00h  1
1356  1.3216238e-04 5.91e-07 5.22e-01 -11.0 3.02e-03    -  1.00e+00 1.00e+00h  1
1357  1.3200424e-04 9.84e-07 7.06e-01 -11.0 5.20e-02    -  1.00e+00 6.25e-02h  5
1358  1.3198848e-04 1.19e-06 9.65e-01 -11.0 2.45e-01    -  1.00e+00 1.56e-02h  7
1359  1.3192183e-04 1.37e-09 4.61e-01 -11.0 4.84e-05   0.1 1.00e+00 1.00e+00h  1
iter    objective    inf_pr   inf_du lg(mu)  ||d||  lg(rg) alpha_du alpha_pr  ls
1360  1.3189375e-04 1.32e-08 1.46e-01 -11.0 2.89e-04    -  1.00e+00 1.00e+00h  1
1361  1.3188873e-04 6.40e-08 1.02e+00 -11.0 2.23e-03    -  1.00e+00 1.00e+00H  1
1362  1.3174654e-04 5.44e-07 2.40e+00 -11.0 2.66e-01    -  1.00e+00 3.12e-02h  6
1363  1.3174393e-04 1.40e-06 6.84e+00 -11.0 2.70e+00    -  1.00e+00 3.91e-03h  9
1364  1.3170656e-04 1.40e-06 6.67e+00 -11.0 2.21e-01    -  1.00e+00 3.91e-03h  9
1365  1.3148483e-04 1.80e-08 1.01e+00 -11.0 1.75e-04  -0.4 1.00e+00 1.00e+00h  1
1366  1.3137718e-04 2.52e-07 1.64e+00 -11.0 5.60e-03    -  1.00e+00 1.00e+00h  1
1367  1.3134129e-04 2.82e-07 2.12e+00 -11.0 2.21e-01    -  1.00e+00 7.81e-03h  8
1368  1.3134191e-04 3.75e-09 6.72e-02 -11.0 2.39e-05   1.3 1.00e+00 1.00e+00h  1
1369  1.3127696e-04 5.27e-08 1.45e-01 -11.0 2.94e-03    -  1.00e+00 1.00e+00h  1
iter    objective    inf_pr   inf_du lg(mu)  ||d||  lg(rg) alpha_du alpha_pr  ls
1370  1.3127002e-04 6.05e-11 1.41e-01 -11.0 7.68e-06   0.8 1.00e+00 1.00e+00h  1
1371  1.3120728e-04 3.49e-08 7.83e-01 -11.0 2.56e-03    -  1.00e+00 1.00e+00h  1
1372  1.3120191e-04 1.76e-10 3.35e-02 -11.0 1.43e-05   0.4 1.00e+00 1.00e+00h  1
1373  1.3118808e-04 4.44e-10 2.26e-01 -11.0 3.52e-05  -0.1 1.00e+00 1.00e+00h  1
1374  1.3118266e-04 4.28e-11 7.55e-02 -11.0 1.53e-05   0.3 1.00e+00 1.00e+00h  1
1375  1.3116015e-04 3.97e-07 3.70e+00 -11.0 6.78e-02    -  1.00e+00 1.25e-01h  4
1376  1.3098835e-04 7.57e-07 4.62e+00 -11.0 1.06e+00    -  1.00e+00 7.81e-03h  8
1377  1.3033782e-04 2.90e-08 6.18e-02 -11.0 1.68e-04  -0.2 1.00e+00 1.00e+00h  1
1378  1.2997596e-04 6.55e-07 1.18e+00 -11.0 1.06e-02    -  1.00e+00 1.00e+00h  1
1379  1.2996309e-04 1.49e-09 5.64e-02 -11.0 1.95e-05   0.6 1.00e+00 1.00e+00h  1
iter    objective    inf_pr   inf_du lg(mu)  ||d||  lg(rg) alpha_du alpha_pr  ls
1380  1.2902462e-04 9.35e-06 1.68e+00 -11.0 3.89e-02    -  1.00e+00 1.00e+00h  1
1381  1.2893466e-04 1.09e-08 4.24e-02 -11.0 7.43e-05   0.2 1.00e+00 1.00e+00h  1
1382  1.2832140e-04 1.29e-05 8.43e+00 -11.0 3.97e-02    -  1.00e+00 1.00e+00h  1
1383  1.2837957e-04 1.53e-08 3.79e+00 -11.0 8.92e-05   0.6 1.00e+00 1.00e+00h  1
1384  1.2829209e-04 6.29e-09 3.01e-02 -11.0 4.73e-05   0.1 1.00e+00 1.00e+00h  1
1385  1.2770250e-04 1.91e-06 6.52e+00 -11.0 1.33e-02    -  1.00e+00 1.00e+00h  1
1386  1.2761451e-04 2.26e-06 8.57e+00 -11.0 5.85e+00    -  1.00e+00 9.77e-04h 11
1387  1.2742556e-04 7.45e-09 3.87e+00 -11.0 4.74e-05   0.5 1.00e+00 1.00e+00h  1
1388  1.2630227e-04 1.10e-05 2.14e+01 -11.0 2.81e-02    -  1.00e+00 1.00e+00h  1
1389  1.2643590e-04 1.31e-08 1.25e+00 -11.0 8.55e-05   1.0 1.00e+00 1.00e+00h  1
iter    objective    inf_pr   inf_du lg(mu)  ||d||  lg(rg) alpha_du alpha_pr  ls
1390  1.2596462e-04 4.39e-05 1.96e+02 -11.0 1.73e-01    -  1.00e+00 2.50e-01h  3
1391  1.2542850e-04 6.16e-07 4.15e+01 -11.0 3.46e-04   0.5 1.00e+00 1.00e+00h  1
1392  1.2442056e-04 9.39e-06 6.02e+02 -11.0 1.00e-02    -  1.00e+00 1.00e+00h  1
1393  1.2432928e-04 1.83e-06 1.94e+02 -11.0 1.51e-04   0.0 1.00e+00 1.00e+00h  1
1394  1.2434680e-04 9.76e-07 1.02e+02 -11.0 3.83e-03    -  1.00e+00 5.00e-01h  2
1395  1.2510400e-04 3.85e-07 2.44e+01 -11.0 3.43e-04  -0.5 1.00e+00 1.00e+00h  1
1396  1.2422338e-04 3.98e-06 1.44e+01 -11.0 2.02e-02    -  1.00e+00 5.00e-01h  2
1397  1.2379615e-04 5.72e-05 1.57e+01 -11.0 2.33e+00    -  1.00e+00 1.56e-02h  7
1398  1.2271495e-04 2.86e-05 1.73e+01 -11.0 5.45e-04  -0.5 1.00e+00 5.00e-01h  2
1399  1.2229771e-04 5.38e-06 1.72e+01 -11.0 9.27e-03    -  1.00e+00 1.00e+00h  1
iter    objective    inf_pr   inf_du lg(mu)  ||d||  lg(rg) alpha_du alpha_pr  ls
1400  1.2235156e-04 1.66e-07 6.09e-02 -11.0 9.93e-05   0.8 1.00e+00 1.00e+00h  1
1401  1.2233834e-04 2.98e-08 2.77e-02 -11.0 3.55e-04    -  1.00e+00 1.00e+00h  1
1402  1.2228185e-04 1.24e-08 1.88e+00 -11.0 6.25e-05   0.3 1.00e+00 1.00e+00h  1
1403  1.2196199e-04 1.43e-06 2.91e+00 -11.0 6.34e-03    -  1.00e+00 1.00e+00h  1
1404  1.2192758e-04 2.05e-08 8.98e-01 -11.0 8.63e-05  -0.2 1.00e+00 1.00e+00h  1
1405  1.2192049e-04 2.02e-10 9.06e-02 -11.0 9.82e-06   0.3 1.00e+00 1.00e+00h  1
1406  1.2136483e-04 1.31e-05 6.70e+00 -11.0 1.69e-02    -  1.00e+00 1.00e+00h  1
1407  1.2134884e-04 7.18e-08 9.38e-02 -11.0 1.72e-04   0.7 1.00e+00 1.00e+00h  1
1408  1.2075307e-04 4.11e-05 1.01e+01 -11.0 2.64e-02    -  1.00e+00 1.00e+00h  1
1409  1.2091128e-04 6.36e-07 1.65e+01 -11.0 3.99e-04   0.2 1.00e+00 1.00e+00h  1
iter    objective    inf_pr   inf_du lg(mu)  ||d||  lg(rg) alpha_du alpha_pr  ls
1410  1.2073522e-04 1.13e-07 3.45e-02 -11.0 1.19e-04  -0.3 1.00e+00 1.00e+00h  1
1411  1.2059310e-04 2.13e-06 6.72e+00 -11.0 6.11e-03    -  1.00e+00 1.00e+00h  1
1412  1.2046461e-04 9.03e-06 2.46e+01 -11.0 1.66e+00    -  1.00e+00 7.81e-03h  8
1413  1.2022397e-04 1.15e-05 3.91e+01 -11.0 4.34e+00    -  1.00e+00 1.95e-03h 10
1414  1.1984055e-04 5.76e-08 8.19e+00 -11.0 2.27e-04  -0.3 1.00e+00 1.00e+00h  1
1415  1.1939585e-04 1.22e-05 7.37e+01 -11.0 1.57e-02    -  1.00e+00 1.00e+00h  1
1416  1.1937717e-04 5.94e-07 1.54e+01 -11.0 1.37e-04   0.1 1.00e+00 1.00e+00h  1
1417  1.1923180e-04 1.54e-06 3.74e+00 -11.0 6.19e-03    -  1.00e+00 1.00e+00h  1
1418  1.1922740e-04 3.78e-08 1.82e+00 -11.0 2.81e-05   0.5 1.00e+00 1.00e+00h  1
1419  1.1892359e-04 9.35e-06 1.27e+01 -11.0 1.52e-02    -  1.00e+00 1.00e+00h  1
iter    objective    inf_pr   inf_du lg(mu)  ||d||  lg(rg) alpha_du alpha_pr  ls
1420  1.1884438e-04 2.57e-07 8.98e-03 -11.0 9.49e-05   0.1 1.00e+00 1.00e+00h  1
1421  1.1877446e-04 5.02e-08 1.23e-02 -11.0 1.53e-04  -0.4 1.00e+00 1.00e+00h  1
1422  1.1862750e-04 3.05e-08 8.75e-03 -11.0 3.94e-04  -0.9 1.00e+00 1.00e+00h  1
1423  1.1854881e-04 4.62e-08 7.53e-02 -11.0 2.60e-04  -0.5 1.00e+00 1.00e+00h  1
1424  1.1738784e-04 5.89e-05 1.08e+01 -11.0 4.12e-02    -  1.00e+00 1.00e+00h  1
1425  1.1665943e-04 8.65e-05 2.59e+01 -11.0 1.25e+02    -  1.00e+00 2.44e-04h 13
1426  1.1639750e-04 8.83e-05 3.30e+01 -11.0 1.79e+01    -  1.00e+00 4.88e-04h 12
1427  1.1662585e-04 1.39e-06 6.49e+00 -11.0 4.79e-04  -1.0 1.00e+00 1.00e+00h  1
1428  1.1614683e-04 1.65e-05 9.21e+00 -11.0 2.68e-02    -  1.00e+00 1.00e+00h  1
1429  1.1581074e-04 1.04e-06 4.30e+01 -11.0 8.10e-05   0.3 1.00e+00 1.00e+00h  1
iter    objective    inf_pr   inf_du lg(mu)  ||d||  lg(rg) alpha_du alpha_pr  ls
1430  1.1541148e-04 5.47e-06 7.18e+01 -11.0 1.14e+01    -  1.00e+00 1.95e-03h 10
1431  1.1550544e-04 7.93e-07 5.30e+01 -11.0 1.05e-04  -0.1 1.00e+00 1.00e+00h  1
1432  1.1540251e-04 4.50e-07 1.71e+01 -11.0 3.15e-03    -  1.00e+00 1.00e+00h  1
1433  1.1517039e-04 1.57e-06 6.60e+01 -11.0 1.17e-04   0.3 1.00e+00 1.00e+00h  1
1434  1.1532092e-04 3.64e-07 1.68e-02 -11.0 6.02e-05    -  1.00e+00 1.00e+00h  1
1435  1.1549517e-04 2.02e-07 2.57e-01 -11.0 5.76e-03    -  1.00e+00 1.00e+00H  1
1436  1.1538801e-04 1.49e-07 2.47e-02 -11.0 3.19e-05   0.7 1.00e+00 1.00e+00h  1
1437  1.1544713e-04 5.13e-08 1.67e-02 -11.0 1.84e-04    -  1.00e+00 1.00e+00h  1
1438  1.1537449e-04 3.64e-08 7.41e-02 -11.0 5.69e-03    -  1.00e+00 1.00e+00H  1
1439  1.1521095e-04 7.16e-07 3.60e+00 -11.0 3.52e+00    -  1.00e+00 1.95e-03h 10
iter    objective    inf_pr   inf_du lg(mu)  ||d||  lg(rg) alpha_du alpha_pr  ls
1440  1.1502490e-04 1.50e-08 1.58e-02 -11.0 1.15e-04  -0.2 1.00e+00 1.00e+00h  1
1441  1.1420519e-04 8.11e-06 9.20e+00 -11.0 2.78e-02    -  1.00e+00 1.00e+00h  1
1442  1.1378441e-04 1.43e-05 1.75e+01 -11.0 2.11e+02    -  1.00e+00 1.22e-04h 14
1443  1.1362438e-04 1.92e-08 8.29e-02 -11.0 8.28e-05   0.6 1.00e+00 1.00e+00h  1
1444  1.1238526e-04 4.76e-05 4.17e+01 -11.0 7.10e-02    -  1.00e+00 1.00e+00h  1
1445  1.1232900e-04 1.85e-07 2.82e-02 -11.0 3.06e-04   0.1 1.00e+00 1.00e+00h  1
1446  1.1207618e-04 1.33e-04 2.04e+02 -11.0 1.29e-01    -  1.00e+00 1.00e+00h  1
1447  1.1009589e-04 9.45e-07 9.09e+01 -11.0 3.77e-04  -0.3 1.00e+00 1.00e+00h  1
1448  1.0893838e-04 6.69e-06 1.55e+01 -11.0 2.85e-02    -  1.00e+00 1.00e+00h  1
1449  1.1096069e-04 2.54e-07 7.20e+00 -11.0 7.48e-04  -0.8 1.00e+00 1.00e+00h  1
iter    objective    inf_pr   inf_du lg(mu)  ||d||  lg(rg) alpha_du alpha_pr  ls
1450  1.0847196e-04 3.18e-04 3.36e+02 -11.0 1.93e-01    -  1.00e+00 1.00e+00h  1
1451  1.0875561e-04 2.79e-04 2.81e+02 -11.0 8.92e-04   0.5 1.00e+00 1.25e-01h  4
1452  1.0731554e-04 2.15e-04 9.03e+01 -11.0 1.83e-01    -  1.00e+00 5.00e-01h  2
1453  1.0769518e-04 5.00e-07 1.06e+01 -11.0 6.48e-04   0.0 1.00e+00 1.00e+00h  1
1454  1.0764453e-04 4.38e-07 9.80e+00 -11.0 2.54e-03    -  1.00e+00 1.25e-01h  4
1455  1.0726043e-04 2.92e-05 9.77e+00 -11.0 5.76e-02    -  1.00e+00 1.00e+00h  1
1456  1.0688451e-04 1.28e-07 6.12e+00 -11.0 3.49e-04  -0.4 1.00e+00 1.00e+00h  1
1457  1.0653490e-04 6.00e-06 7.33e+00 -11.0 2.62e-02    -  1.00e+00 1.00e+00h  1
1458  1.0634359e-04 7.42e-06 5.47e+00 -11.0 2.63e+01    -  1.00e+00 4.88e-04h 12
1459  1.0630386e-04 1.91e-09 1.39e-02 -11.0 4.89e-05   0.4 1.00e+00 1.00e+00h  1
iter    objective    inf_pr   inf_du lg(mu)  ||d||  lg(rg) alpha_du alpha_pr  ls
1460  1.0571449e-04 1.22e-06 2.72e+00 -11.0 1.26e-02    -  1.00e+00 1.00e+00h  1
1461  1.0563667e-04 9.08e-10 6.47e-03 -11.0 5.85e-05  -0.1 1.00e+00 1.00e+00h  1
1462  1.0349427e-04 5.32e-05 1.06e+01 -11.0 8.13e-02    -  1.00e+00 1.00e+00h  1
1463  1.0293724e-04 8.20e-05 2.07e+01 -11.0 4.83e+02    -  1.00e+00 1.22e-04h 14
1464  1.0211363e-04 1.04e-04 3.00e+01 -11.0 1.06e+02    -  1.00e+00 4.88e-04h 12
1465  1.0182914e-04 2.78e-04 5.40e+01 -11.0 3.77e+01    -  1.00e+00 3.91e-03h  9
1466  9.8579903e-05 1.39e-04 4.89e+01 -11.0 9.78e-04  -1.1 1.00e+00 5.00e-01h  2
1467  9.6225211e-05 2.89e-06 1.86e+01 -11.0 1.77e-02    -  1.00e+00 1.00e+00h  1
1468  9.6231221e-05 3.98e-08 9.93e+00 -11.0 4.15e-04  -0.6 1.00e+00 1.00e+00h  1
1469  9.5142571e-05 2.66e-05 1.38e+01 -11.0 5.59e-02    -  1.00e+00 1.00e+00h  1
iter    objective    inf_pr   inf_du lg(mu)  ||d||  lg(rg) alpha_du alpha_pr  ls
1470  9.4781869e-05 3.64e-05 1.71e+01 -11.0 3.44e+01    -  1.00e+00 9.77e-04h 11
1471  9.4546661e-05 6.00e-09 1.39e-02 -11.0 1.16e-04   0.2 1.00e+00 1.00e+00h  1
1472  9.3774113e-05 7.34e-06 5.29e+00 -11.0 2.88e-02    -  1.00e+00 1.00e+00h  1
1473  9.3590301e-05 9.73e-09 4.37e-02 -11.0 1.95e-04  -0.3 1.00e+00 1.00e+00h  1
1474  9.3525081e-05 5.60e-10 2.81e-01 -11.0 6.93e-05   0.2 1.00e+00 1.00e+00h  1
1475  9.3357163e-05 3.50e-09 9.50e-01 -11.0 1.98e-04  -0.3 1.00e+00 1.00e+00h  1
1476  9.3296373e-05 4.25e-10 2.74e-02 -11.0 7.15e-05   0.1 1.00e+00 1.00e+00h  1
1477  9.0715176e-05 2.98e-04 3.08e+01 -11.0 7.22e-01    -  1.00e+00 2.50e-01h  3
1478  8.9035166e-05 4.30e-04 5.39e+01 -11.0 4.82e+02    -  1.00e+00 2.44e-04h 13
1479  8.8234916e-05 4.58e-04 6.55e+01 -11.0 2.17e+02    -  1.00e+00 2.44e-04h 13
iter    objective    inf_pr   inf_du lg(mu)  ||d||  lg(rg) alpha_du alpha_pr  ls
1480  8.7104257e-05 5.08e-04 8.48e+01 -11.0 1.85e+01    -  1.00e+00 3.91e-03h  9
1481  8.3733344e-05 5.07e-04 1.11e+02 -11.0 6.01e+00    -  1.00e+00 7.81e-03h  8
1482  8.1381801e-05 5.20e-04 1.46e+02 -11.0 1.13e+01    -  1.00e+00 3.91e-03h  9
1483  8.0965666e-05 5.20e-04 1.54e+02 -11.0 7.61e+00    -  1.00e+00 9.77e-04h 11
1484  7.9112771e-05 6.77e-07 3.69e+01 -11.0 1.09e-03  -0.5 1.00e+00 1.00e+00h  1
1485  7.8935671e-05 1.32e-10 6.09e-01 -11.0 2.55e-05   0.9 1.00e+00 1.00e+00h  1
1486  7.8726591e-05 3.03e-10 1.05e+00 -11.0 4.96e-05   0.4 1.00e+00 1.00e+00h  1
1487  7.8417123e-05 3.88e-08 6.58e-02 -11.0 3.10e-03    -  1.00e+00 1.00e+00h  1
1488  7.8412047e-05 6.89e-10 4.69e-01 -11.0 8.80e-06   1.7 1.00e+00 1.00e+00h  1
1489  7.8285806e-05 3.13e-08 8.81e-01 -11.0 9.46e-04    -  1.00e+00 1.00e+00h  1
iter    objective    inf_pr   inf_du lg(mu)  ||d||  lg(rg) alpha_du alpha_pr  ls
1490  7.8263733e-05 1.13e-11 1.58e-01 -11.0 7.20e-06   1.2 1.00e+00 1.00e+00h  1
1491  7.8108832e-05 4.74e-09 7.04e-03 -11.0 2.25e-04    -  1.00e+00 1.00e+00h  1
1492  7.8007100e-05 6.37e-09 1.21e-01 -11.0 5.65e-04    -  1.00e+00 1.00e+00h  1
1493  7.7897441e-05 3.19e-08 2.94e-01 -11.0 2.36e-02    -  1.00e+00 3.12e-02h  6
1494  7.7814522e-05 1.15e-07 2.82e-01 -11.0 8.10e-03    -  1.00e+00 1.25e-01h  4
1495  7.7652546e-05 2.29e-07 1.82e+00 -11.0 1.20e-02    -  1.00e+00 1.25e-01h  4
1496  7.7213411e-05 4.71e-09 1.40e+00 -11.0 1.01e-04  -0.2 1.00e+00 1.00e+00h  1
1497  7.6852098e-05 2.10e-07 2.69e+00 -11.0 1.55e-03    -  1.00e+00 1.00e+00h  1
1498  7.6846414e-05 3.21e-10 2.07e-02 -11.0 5.86e-06   1.1 1.00e+00 1.00e+00h  1
1499  7.6407179e-05 5.56e-07 1.51e+00 -11.0 2.10e-03    -  1.00e+00 1.00e+00h  1
iter    objective    inf_pr   inf_du lg(mu)  ||d||  lg(rg) alpha_du alpha_pr  ls
1500  7.6401895e-05 4.82e-08 1.68e+00 -11.0 7.42e-05   0.6 1.00e+00 1.00e+00h  1
1501  7.6396778e-05 1.10e-11 9.73e-02 -11.0 4.74e-06   1.1 1.00e+00 1.00e+00h  1
1502  7.6383515e-05 1.09e-10 1.21e-02 -11.0 1.40e-05   0.6 1.00e+00 1.00e+00h  1
1503  7.5648246e-05 2.56e-06 4.56e+00 -11.0 4.10e-03    -  1.00e+00 1.00e+00h  1
1504  7.5621156e-05 7.90e-08 5.28e-01 -11.0 1.05e-04   0.5 1.00e+00 1.00e+00h  1
1505  7.5442441e-05 6.09e-07 5.84e+00 -11.0 2.09e-03    -  1.00e+00 1.00e+00h  1
1506  7.5439542e-05 2.06e-06 7.72e+00 -11.0 4.71e-02    -  1.00e+00 6.25e-02h  5
1507  7.5079594e-05 5.88e-09 3.56e+00 -11.0 1.50e-04  -0.4 1.00e+00 1.00e+00h  1
1508  7.4911169e-05 1.76e-07 3.71e-02 -11.0 1.15e-03    -  1.00e+00 1.00e+00h  1
1509  7.4815957e-05 2.79e-07 4.60e-02 -11.0 1.45e-02    -  1.00e+00 6.25e-02h  5
iter    objective    inf_pr   inf_du lg(mu)  ||d||  lg(rg) alpha_du alpha_pr  ls
1510  7.4808876e-05 2.87e-07 1.02e+00 -11.0 5.51e-03    -  1.00e+00 6.25e-02h  5
1511  7.4661272e-05 7.19e-07 2.91e+00 -11.0 1.35e-02    -  1.00e+00 1.25e-01h  4
1512  7.4633547e-05 7.72e-07 3.87e+00 -11.0 2.17e-02    -  1.00e+00 3.12e-02h  6
1513  7.4605748e-05 7.54e-07 3.86e+00 -11.0 5.58e-03    -  1.00e+00 3.12e-02h  6
1514  7.4590933e-05 5.41e-07 1.39e+00 -11.0 1.97e-03    -  1.00e+00 5.00e-01h  2
1515  7.4583618e-05 8.16e-07 2.15e+00 -11.0 4.41e-02    -  1.00e+00 3.12e-02h  6
1516  7.4464355e-05 8.02e-07 7.95e-01 -11.0 1.11e-02    -  1.00e+00 1.25e-01h  4
1517  7.4458768e-05 2.64e-08 1.61e-01 -11.0 5.54e-05   1.2 1.00e+00 1.00e+00h  1
1518  7.4457039e-05 6.65e-14 1.45e-01 -11.0 8.52e-07   1.7 1.00e+00 1.00e+00h  1
1519  7.4452583e-05 6.33e-13 9.71e-02 -11.0 2.47e-06   1.2 1.00e+00 1.00e+00h  1
iter    objective    inf_pr   inf_du lg(mu)  ||d||  lg(rg) alpha_du alpha_pr  ls
1520  7.4390634e-05 1.14e-07 1.19e-02 -11.0 9.07e-04    -  1.00e+00 1.00e+00h  1
1521  7.4389287e-05 2.28e-10 1.13e-01 -11.0 5.53e-06   0.7 1.00e+00 1.00e+00h  1
1522  7.4388441e-05 8.11e-13 1.26e-02 -11.0 1.67e-06   1.1 1.00e+00 1.00e+00h  1
1523  7.4363277e-05 3.04e-09 6.41e-01 -11.0 1.56e-04    -  1.00e+00 1.00e+00h  1
1524  7.4360324e-05 1.50e-09 1.08e+00 -11.0 1.31e-05   0.7 1.00e+00 1.00e+00h  1
1525  7.4338052e-05 1.56e-07 3.00e-02 -11.0 1.69e-04    -  1.00e+00 1.00e+00h  1
1526  7.4354889e-05 1.33e-07 5.61e-02 -11.0 1.30e-04   1.1 1.00e+00 1.00e+00h  1
1527  7.4349656e-05 1.79e-11 1.98e-02 -11.0 8.75e-06   0.6 1.00e+00 1.00e+00h  1
1528  7.4332091e-05 2.48e-09 2.97e-03 -11.0 9.15e-05    -  1.00e+00 1.00e+00h  1
1529  7.4330717e-05 1.16e-09 1.75e-02 -11.0 1.17e-05   1.0 1.00e+00 1.00e+00h  1
iter    objective    inf_pr   inf_du lg(mu)  ||d||  lg(rg) alpha_du alpha_pr  ls
1530  7.4329988e-05 1.61e-12 1.09e-02 -11.0 2.66e-06   0.6 1.00e+00 1.00e+00h  1
1531  7.4296697e-05 1.67e-08 3.05e-02 -11.0 3.06e-04    -  1.00e+00 1.00e+00h  1
1532  7.4296223e-05 1.64e-08 4.50e-02 -11.0 1.97e-03    -  1.00e+00 3.12e-02h  6
1533  7.4293153e-05 3.75e-09 9.97e-02 -11.0 2.59e-05  -0.4 1.00e+00 1.00e+00h  1
1534  7.4289968e-05 1.22e-10 1.20e-02 -11.0 3.25e-05  -0.9 1.00e+00 1.00e+00h  1
1535  7.4289916e-05 2.35e-14 1.51e-02 -11.0 2.97e-07   1.4 1.00e+00 1.00e+00h  1
1536  7.4268113e-05 2.16e-08 1.40e-01 -11.0 3.92e-04    -  1.00e+00 1.00e+00h  1
1537  7.4268546e-05 1.57e-09 1.13e-01 -11.0 1.26e-05   0.9 1.00e+00 1.00e+00h  1
1538  7.4262148e-05 6.14e-07 4.73e-01 -11.0 3.25e-04    -  1.00e+00 1.00e+00H  1
1539  7.4259253e-05 5.89e-07 3.63e-01 -11.0 8.82e-03    -  1.00e+00 3.12e-02h  6
iter    objective    inf_pr   inf_du lg(mu)  ||d||  lg(rg) alpha_du alpha_pr  ls
1540  7.4239030e-05 6.09e-08 1.28e+01 -11.0 8.85e-05   1.3 1.00e+00 1.00e+00h  1
1541  7.4235230e-05 2.33e-12 1.67e+00 -11.0 4.10e-06   0.8 1.00e+00 1.00e+00h  1
1542  7.4222485e-05 5.46e-09 7.36e+00 -11.0 2.05e-04    -  1.00e+00 1.00e+00h  1
1543  7.4215105e-05 8.56e-10 1.85e-02 -11.0 2.12e-05  -0.2 1.00e+00 1.00e+00h  1
1544  7.4182948e-05 8.50e-08 1.38e-01 -11.0 7.23e-04    -  1.00e+00 1.00e+00h  1
1545  7.4180326e-05 5.40e-13 1.23e-01 -11.0 2.48e-06   1.2 1.00e+00 1.00e+00h  1
1546  7.4136124e-05 1.33e-07 8.81e-02 -11.0 8.44e-04    -  1.00e+00 1.00e+00h  1
1547  7.4137935e-05 2.83e-09 1.15e+00 -11.0 1.77e-05   1.6 1.00e+00 1.00e+00h  1
1548  7.4137236e-05 5.01e-13 3.55e-02 -11.0 1.90e-06   1.1 1.00e+00 1.00e+00h  1
1549  7.4108826e-05 6.56e-08 4.48e-01 -11.0 5.89e-04    -  1.00e+00 1.00e+00h  1
iter    objective    inf_pr   inf_du lg(mu)  ||d||  lg(rg) alpha_du alpha_pr  ls
1550  7.4107482e-05 1.32e-10 1.58e-01 -11.0 4.73e-06   0.6 1.00e+00 1.00e+00h  1
1551  7.4103936e-05 2.84e-11 5.80e-01 -11.0 9.99e-06   0.2 1.00e+00 1.00e+00h  1
1552  7.4096594e-05 1.48e-10 8.44e-03 -11.0 2.97e-05  -0.3 1.00e+00 1.00e+00h  1
1553  7.4080766e-05 1.39e-08 7.10e-02 -11.0 2.09e-03    -  1.00e+00 1.25e-01h  4
1554  7.4011542e-05 4.41e-07 6.09e-01 -11.0 5.95e-03    -  1.00e+00 2.50e-01h  3
1555  7.3974746e-05 1.87e-09 5.73e-02 -11.0 2.63e-05   0.5 1.00e+00 1.00e+00h  1
1556  7.3965268e-05 1.37e-11 4.28e-02 -11.0 1.02e-05   1.0 1.00e+00 1.00e+00h  1
1557  7.3871005e-05 2.79e-07 8.70e-02 -11.0 1.17e-03    -  1.00e+00 1.00e+00h  1
1558  7.3868997e-05 2.79e-07 7.05e-02 -11.0 2.03e-02    -  1.00e+00 1.56e-02h  7
1559  7.3843036e-05 5.71e-07 1.92e+00 -11.0 1.62e-03    -  1.00e+00 1.00e+00h  1
iter    objective    inf_pr   inf_du lg(mu)  ||d||  lg(rg) alpha_du alpha_pr  ls
1560  7.3711041e-05 2.21e-06 5.88e+00 -11.0 1.66e-01    -  1.00e+00 1.56e-02h  7
1561  7.3658759e-05 2.28e-06 6.76e+00 -11.0 4.19e-02    -  1.00e+00 1.56e-02h  7
1562  7.3525640e-05 4.08e-09 4.53e-02 -11.0 1.04e-04  -0.5 1.00e+00 1.00e+00h  1
1563  7.3459807e-05 1.30e-08 4.52e-03 -11.0 1.56e-04  -1.0 1.00e+00 1.00e+00h  1
1564  7.3397541e-05 6.99e-07 1.75e+00 -11.0 6.78e-03    -  1.00e+00 2.50e-01h  3
1565  7.3386696e-05 5.60e-06 5.48e+00 -11.0 1.43e-01    -  1.00e+00 3.12e-02h  6
1566  7.3134219e-05 3.78e-09 1.96e+00 -11.0 1.54e-04  -0.1 1.00e+00 1.00e+00h  1
1567  7.3075087e-05 4.25e-07 5.49e+00 -11.0 1.36e-03    -  1.00e+00 1.00e+00h  1
1568  7.3058161e-05 3.34e-08 4.17e-01 -11.0 5.90e-05  -0.2 1.00e+00 1.00e+00h  1
1569  7.3047215e-05 3.31e-10 3.70e-01 -11.0 4.65e-05  -0.6 1.00e+00 1.00e+00h  1
iter    objective    inf_pr   inf_du lg(mu)  ||d||  lg(rg) alpha_du alpha_pr  ls
1570  7.3124461e-05 1.21e-10 1.19e+00 -11.0 1.19e-03    -  1.00e+00 1.00e+00H  1
1571  7.3120784e-05 9.47e-11 1.18e+00 -11.0 1.68e-02    -  1.00e+00 1.95e-03h 10
1572  7.3119188e-05 1.86e-10 1.72e-01 -11.0 1.71e-01    -  1.00e+00 1.22e-04h 14
1573  7.2928626e-05 5.38e-10 3.83e-01 -11.0 8.08e-05  -0.3 1.00e+00 1.00e+00h  1
1574  7.2912857e-05 2.61e-11 1.18e-01 -11.0 1.24e-05   0.2 1.00e+00 1.00e+00h  1
1575  7.2756094e-05 1.91e-06 4.18e+00 -11.0 3.10e-03    -  1.00e+00 1.00e+00h  1
1576  7.2716086e-05 7.59e-10 2.38e+00 -11.0 5.81e-05  -0.3 1.00e+00 1.00e+00h  1
1577  7.2547821e-05 2.16e-06 5.95e+00 -11.0 3.35e-03    -  1.00e+00 1.00e+00h  1
1578  7.2554352e-05 3.35e-10 1.29e-01 -11.0 1.42e-05   1.4 1.00e+00 1.00e+00h  1
1579  7.2548534e-05 4.10e-12 2.48e-01 -11.0 4.32e-06   1.0 1.00e+00 1.00e+00h  1
iter    objective    inf_pr   inf_du lg(mu)  ||d||  lg(rg) alpha_du alpha_pr  ls
1580  7.2261239e-05 1.06e-05 6.56e+00 -11.0 7.52e-03    -  1.00e+00 1.00e+00h  1
1581  7.2252091e-05 1.83e-09 4.09e-02 -11.0 4.14e-05   0.5 1.00e+00 1.00e+00h  1
1582  7.2247870e-05 1.14e-11 1.44e-01 -11.0 7.76e-06   0.9 1.00e+00 1.00e+00h  1
1583  7.2093868e-05 5.55e-06 2.51e+00 -11.0 5.56e-03    -  1.00e+00 1.00e+00h  1
1584  7.2056965e-05 1.00e-08 1.56e-01 -11.0 4.03e-05   0.4 1.00e+00 1.00e+00h  1
1585  7.2004844e-05 5.85e-06 7.55e+00 -11.0 5.69e-03    -  1.00e+00 1.00e+00h  1
1586  7.1975396e-05 6.45e-06 7.35e+00 -11.0 3.85e+00    -  1.00e+00 4.88e-04h 12
1587  7.1935024e-05 4.74e-09 2.16e-03 -11.0 4.84e-05  -0.1 1.00e+00 1.00e+00h  1
1588  7.1929666e-05 5.65e-11 7.28e-02 -11.0 1.48e-05   0.3 1.00e+00 1.00e+00h  1
1589  7.1849146e-05 1.04e-07 3.18e+00 -11.0 9.22e-04    -  1.00e+00 1.00e+00h  1
iter    objective    inf_pr   inf_du lg(mu)  ||d||  lg(rg) alpha_du alpha_pr  ls
1590  7.1826126e-05 5.07e-10 3.48e-03 -11.0 4.28e-05  -0.1 1.00e+00 1.00e+00h  1
1591  7.1750808e-05 4.54e-08 4.38e-02 -11.0 5.35e-04    -  1.00e+00 1.00e+00h  1
1592  7.1745442e-05 8.27e-11 8.82e-03 -11.0 2.08e-05   0.3 1.00e+00 1.00e+00h  1
1593  7.1689090e-05 1.27e-07 2.01e-02 -11.0 7.82e-04    -  1.00e+00 1.00e+00h  1
1594  7.1687992e-05 2.25e-09 1.05e-01 -11.0 1.78e-05   0.7 1.00e+00 1.00e+00h  1
1595  7.1684430e-05 9.88e-12 4.12e-02 -11.0 1.40e-05   0.2 1.00e+00 1.00e+00h  1
1596  7.1683336e-05 1.28e-12 4.00e-03 -11.0 4.63e-06   0.7 1.00e+00 1.00e+00h  1
1597  7.1622284e-05 3.77e-08 3.79e-02 -11.0 6.21e-04    -  1.00e+00 1.00e+00h  1
1598  7.1597202e-05 4.40e-08 2.83e-01 -11.0 1.48e-02    -  1.00e+00 3.12e-02h  6
1599  7.1570844e-05 1.15e-08 5.89e-02 -11.0 4.70e-05   0.2 1.00e+00 1.00e+00h  1
iter    objective    inf_pr   inf_du lg(mu)  ||d||  lg(rg) alpha_du alpha_pr  ls
1600  7.1550395e-05 5.56e-10 1.00e-02 -11.0 4.23e-05  -0.3 1.00e+00 1.00e+00h  1
1601  7.1511164e-05 2.69e-08 1.22e+00 -11.0 5.13e-04    -  1.00e+00 1.00e+00h  1
1602  7.1509666e-05 1.16e-12 3.64e-02 -11.0 3.37e-06   1.0 1.00e+00 1.00e+00h  1
1603  7.1505967e-05 6.57e-12 7.35e-03 -11.0 9.64e-06   0.6 1.00e+00 1.00e+00h  1
1604  7.1450716e-05 5.87e-08 5.95e-02 -11.0 7.14e-04    -  1.00e+00 1.00e+00h  1
1605  7.1449129e-05 6.44e-12 7.18e-02 -11.0 4.38e-06   1.0 1.00e+00 1.00e+00h  1
1606  7.1445145e-05 1.31e-11 2.23e-02 -11.0 1.19e-05   0.5 1.00e+00 1.00e+00h  1
1607  7.1387931e-05 8.04e-08 7.82e-02 -11.0 7.77e-04    -  1.00e+00 1.00e+00h  1
1608  7.1385513e-05 4.18e-12 1.37e-02 -11.0 4.09e-06   0.9 1.00e+00 1.00e+00h  1
1609  7.1353706e-05 4.43e-08 7.86e-02 -11.0 5.42e-04    -  1.00e+00 1.00e+00h  1
iter    objective    inf_pr   inf_du lg(mu)  ||d||  lg(rg) alpha_du alpha_pr  ls
1610  7.1347379e-05 4.79e-08 1.28e-01 -11.0 1.34e-02    -  1.00e+00 1.56e-02h  7
1611  7.1345472e-05 4.52e-12 1.18e-02 -11.0 6.06e-06   0.5 1.00e+00 1.00e+00h  1
1612  7.1343316e-05 1.18e-11 3.03e-03 -11.0 1.00e-05  -0.0 1.00e+00 1.00e+00h  1
1613  7.1332545e-05 2.51e-09 7.16e-03 -11.0 2.62e-04    -  1.00e+00 1.00e+00h  1
1614  7.1331034e-05 1.38e-12 1.10e-02 -11.0 4.25e-06   0.4 1.00e+00 1.00e+00h  1
1615  7.1313999e-05 1.40e-09 9.07e-02 -11.0 2.12e-04    -  1.00e+00 1.00e+00h  1
1616  7.1300442e-05 9.35e-09 1.17e-01 -11.0 5.54e-03    -  1.00e+00 6.25e-02h  5
1617  7.1288693e-05 1.23e-11 2.05e-02 -11.0 7.58e-06   0.8 1.00e+00 1.00e+00h  1
1618  7.1272960e-05 3.09e-11 4.18e-02 -11.0 1.39e-05   0.4 1.00e+00 1.00e+00h  1
1619  7.1203358e-05 2.19e-08 2.57e-01 -11.0 8.16e-04    -  1.00e+00 1.00e+00h  1
iter    objective    inf_pr   inf_du lg(mu)  ||d||  lg(rg) alpha_du alpha_pr  ls
1620  7.1195356e-05 1.99e-10 3.09e-02 -11.0 3.11e-05  -0.1 1.00e+00 1.00e+00h  1
1621  7.1099565e-05 1.01e-07 4.75e-03 -11.0 1.37e-03    -  1.00e+00 1.00e+00h  1
1622  7.1094792e-05 1.05e-07 1.91e-01 -11.0 8.43e-02    -  1.00e+00 3.91e-03h  9
1623  7.1085051e-05 5.54e-10 1.03e-01 -11.0 3.29e-05  -0.6 1.00e+00 1.00e+00h  1
1624  7.1068549e-05 3.77e-08 9.97e-02 -11.0 8.75e-04    -  1.00e+00 1.00e+00h  1
1625  7.1068157e-05 3.86e-08 2.03e-02 -11.0 4.42e-02    -  1.00e+00 3.91e-03h  9
1626  7.1065374e-05 2.35e-08 3.84e-01 -11.0 9.43e-04    -  1.00e+00 1.00e+00h  1
1627  7.1046041e-05 1.19e-10 5.08e-03 -11.0 1.40e-05   0.3 1.00e+00 1.00e+00h  1
1628  7.1035659e-05 3.57e-09 1.72e-02 -11.0 2.42e-04    -  1.00e+00 1.00e+00h  1
1629  7.1028281e-05 5.72e-09 8.57e-02 -11.0 4.59e-03    -  1.00e+00 6.25e-02h  5
iter    objective    inf_pr   inf_du lg(mu)  ||d||  lg(rg) alpha_du alpha_pr  ls
1630  7.1026655e-05 1.78e-11 1.04e-02 -11.0 1.14e-05  -0.2 1.00e+00 1.00e+00h  1
1631  7.1024594e-05 7.97e-11 4.34e-02 -11.0 2.24e-05  -0.7 1.00e+00 1.00e+00h  1
1632  7.1016678e-05 5.25e-08 7.18e-02 -11.0 1.40e-03    -  1.00e+00 1.00e+00h  1
1633  7.1015055e-05 5.35e-08 7.72e-02 -11.0 5.54e-02    -  1.00e+00 3.91e-03h  9
1634  7.1011813e-05 3.41e-09 8.01e-02 -11.0 9.90e-05  -1.2 1.00e+00 1.00e+00h  1
1635  7.1000138e-05 7.88e-11 2.07e-02 -11.0 1.04e-05   0.2 1.00e+00 1.00e+00h  1
1636  7.0991924e-05 1.06e-09 5.07e-02 -11.0 1.30e-04    -  1.00e+00 1.00e+00h  1
1637  7.0990288e-05 7.59e-09 7.75e-02 -11.0 1.31e-03    -  1.00e+00 2.50e-01h  3
1638  7.0985763e-05 2.45e-11 3.37e-03 -11.0 8.97e-06   0.1 1.00e+00 1.00e+00h  1
1639  7.0979964e-05 1.41e-09 2.98e-02 -11.0 3.29e-04    -  1.00e+00 1.00e+00h  1
iter    objective    inf_pr   inf_du lg(mu)  ||d||  lg(rg) alpha_du alpha_pr  ls
1640  7.0978573e-05 6.13e-11 6.30e-02 -11.0 1.57e-05  -0.4 1.00e+00 1.00e+00h  1
1641  7.0973089e-05 3.79e-09 5.57e-02 -11.0 3.90e-04    -  1.00e+00 1.00e+00h  1
1642  7.0967748e-05 4.39e-09 1.07e-01 -11.0 1.17e-02    -  1.00e+00 3.12e-02h  6
1643  7.0966034e-05 7.05e-13 8.77e-02 -11.0 2.23e-06   1.0 1.00e+00 1.00e+00h  1
1644  7.0955259e-05 4.14e-09 2.70e-02 -11.0 5.16e-04    -  1.00e+00 1.00e+00h  1
1645  7.0954860e-05 1.79e-12 4.77e-03 -11.0 2.47e-06   0.5 1.00e+00 1.00e+00h  1
1646  7.0953903e-05 2.15e-11 1.00e-03 -11.0 6.64e-06   0.0 1.00e+00 1.00e+00h  1
1647  7.0953561e-05 3.04e-12 4.22e-03 -11.0 2.49e-06   0.4 1.00e+00 1.00e+00h  1
1648  7.0952604e-05 2.94e-11 2.57e-03 -11.0 7.53e-06  -0.1 1.00e+00 1.00e+00h  1
1649  7.0949777e-05 3.49e-08 2.10e-02 -11.0 1.23e-03    -  1.00e+00 5.00e-01h  2
iter    objective    inf_pr   inf_du lg(mu)  ||d||  lg(rg) alpha_du alpha_pr  ls
1650  7.0937591e-05 3.86e-08 3.23e-02 -11.0 2.26e-02    -  1.00e+00 6.25e-02h  5
1651  7.0910480e-05 7.75e-08 5.22e-02 -11.0 1.17e-01    -  1.00e+00 1.56e-02h  7
1652  7.0844955e-05 3.28e-10 1.58e-02 -11.0 4.62e-05  -0.1 1.00e+00 1.00e+00h  1
1653  7.0795123e-05 7.84e-08 1.34e-02 -11.0 2.29e-03    -  1.00e+00 1.00e+00h  1
1654  7.0791967e-05 1.53e-11 6.02e-02 -11.0 7.14e-06   0.3 1.00e+00 1.00e+00h  1
1655  7.0788577e-05 3.87e-11 1.21e-03 -11.0 1.14e-05  -0.2 1.00e+00 1.00e+00h  1
1656  7.0680145e-05 1.46e-06 1.95e+00 -11.0 9.72e-03    -  1.00e+00 1.00e+00h  1
1657  7.0672838e-05 1.47e-06 2.07e+00 -11.0 1.43e+00    -  1.00e+00 4.88e-04h 12
1658  7.0691895e-05 1.41e-06 2.61e+00 -11.0 2.50e-02    -  1.00e+00 6.25e-02h  5
1659  7.0729982e-05 1.36e-06 2.85e+00 -11.0 2.18e-02    -  1.00e+00 6.25e-02h  5
iter    objective    inf_pr   inf_du lg(mu)  ||d||  lg(rg) alpha_du alpha_pr  ls
1660  7.0744871e-05 1.26e-06 2.48e+00 -11.0 1.33e-02    -  1.00e+00 1.25e-01h  4
1661  7.0695726e-05 1.48e-09 1.51e-02 -11.0 4.49e-05   0.2 1.00e+00 1.00e+00h  1
1662  7.0577330e-05 1.58e-07 3.92e-03 -11.0 1.79e-03    -  1.00e+00 1.00e+00h  1
1663  7.0568890e-05 3.73e-09 3.26e-03 -11.0 6.07e-05  -0.3 1.00e+00 1.00e+00h  1
1664  7.0557363e-05 1.48e-07 1.32e-01 -11.0 9.32e-04    -  1.00e+00 1.00e+00h  1
1665  7.0472515e-05 1.87e-07 1.94e-02 -11.0 2.49e-02    -  1.00e+00 6.25e-02h  5
1666  7.0434163e-05 7.91e-08 2.57e-02 -11.0 1.62e-04  -0.3 1.00e+00 1.00e+00h  1
1667  7.0478709e-05 2.29e-08 3.34e-02 -11.0 2.23e-03    -  1.00e+00 1.00e+00H  1
1668  7.0453024e-05 2.74e-08 6.58e-02 -11.0 6.77e-02    -  1.00e+00 7.81e-03h  8
1669  7.0442431e-05 2.92e-08 4.32e-02 -11.0 4.43e-02    -  1.00e+00 7.81e-03h  8
iter    objective    inf_pr   inf_du lg(mu)  ||d||  lg(rg) alpha_du alpha_pr  ls
1670  7.0362860e-05 3.67e-10 2.11e-02 -11.0 4.81e-05   0.1 1.00e+00 1.00e+00h  1
1671  7.0346912e-05 8.55e-10 2.07e-03 -11.0 1.16e-04    -  1.00e+00 1.00e+00h  1
1672  7.0338148e-05 1.06e-09 1.13e-02 -11.0 2.17e-04    -  1.00e+00 1.00e+00h  1
1673  7.0287007e-05 1.76e-06 1.92e+00 -11.0 1.49e-01    -  1.00e+00 6.25e-02h  5
1674  7.0263236e-05 1.81e-06 2.05e+00 -11.0 1.76e+00    -  1.00e+00 9.77e-04h 11
1675  7.0260716e-05 1.81e-06 2.31e+00 -11.0 9.08e-02    -  1.00e+00 7.81e-03h  8
1676  7.0200727e-05 1.85e-06 3.00e+00 -11.0 3.11e-02    -  1.00e+00 1.25e-01h  4
1677  7.0159510e-05 1.91e-06 3.03e+00 -11.0 5.16e-01    -  1.00e+00 3.91e-03h  9
1678  6.9973308e-05 3.80e-06 3.77e+00 -11.0 2.51e+00    -  1.00e+00 3.91e-03h  9
1679  6.9952538e-05 1.30e-08 2.64e-01 -11.0 1.74e-04  -0.6 1.00e+00 1.00e+00h  1
iter    objective    inf_pr   inf_du lg(mu)  ||d||  lg(rg) alpha_du alpha_pr  ls
1680  6.9831614e-05 9.56e-08 1.34e-02 -11.0 2.17e-03    -  1.00e+00 1.00e+00h  1
1681  6.9780057e-05 9.64e-08 9.88e-03 -11.0 1.75e-02    -  1.00e+00 3.12e-02h  6
1682  6.9721896e-05 2.22e-09 1.31e-02 -11.0 6.73e-05  -0.1 1.00e+00 1.00e+00h  1
1683  6.9610650e-05 4.28e-07 7.29e-01 -11.0 4.82e-03    -  1.00e+00 1.00e+00h  1
1684  6.9601167e-05 1.16e-10 5.45e-03 -11.0 1.61e-05   0.3 1.00e+00 1.00e+00h  1
1685  6.9432923e-05 2.39e-06 2.82e+00 -11.0 1.17e-02    -  1.00e+00 1.00e+00h  1
1686  6.9390482e-05 3.22e-06 3.83e+00 -11.0 3.55e+00    -  1.00e+00 1.95e-03h 10
1687  6.9289705e-05 6.86e-10 3.03e-02 -11.0 8.24e-05  -0.2 1.00e+00 1.00e+00h  1
1688  6.9240788e-05 3.32e-07 1.39e+00 -11.0 4.28e-03    -  1.00e+00 1.00e+00h  1
1689  6.9223255e-05 9.41e-11 5.32e-03 -11.0 2.21e-05   0.2 1.00e+00 1.00e+00h  1
iter    objective    inf_pr   inf_du lg(mu)  ||d||  lg(rg) alpha_du alpha_pr  ls
1690  6.9191554e-05 4.63e-10 5.83e-03 -11.0 4.36e-05  -0.2 1.00e+00 1.00e+00h  1
1691  6.9148471e-05 2.86e-05 5.49e+00 -11.0 3.95e-02    -  1.00e+00 1.00e+00h  1
1692  6.8685421e-05 3.08e-08 3.12e+00 -11.0 1.93e-04  -0.3 1.00e+00 1.00e+00h  1
1693  6.8621073e-05 1.43e-08 2.03e-02 -11.0 6.25e-04    -  1.00e+00 1.00e+00h  1
1694  6.8612984e-05 5.52e-11 1.20e-02 -11.0 1.88e-05   0.1 1.00e+00 1.00e+00h  1
1695  6.8557688e-05 2.06e-08 1.60e-02 -11.0 1.04e-03    -  1.00e+00 1.00e+00h  1
1696  6.8554160e-05 4.25e-11 7.46e-03 -11.0 8.09e-06   0.6 1.00e+00 1.00e+00h  1
1697  6.8523191e-05 1.36e-07 5.45e-04 -11.0 2.79e-03    -  1.00e+00 1.00e+00h  1
1698  6.8516874e-05 7.77e-11 9.64e-03 -11.0 2.87e-05   0.1 1.00e+00 1.00e+00h  1
1699  6.8503844e-05 2.97e-10 7.11e-03 -11.0 6.95e-05  -0.4 1.00e+00 1.00e+00h  1
iter    objective    inf_pr   inf_du lg(mu)  ||d||  lg(rg) alpha_du alpha_pr  ls
1700  6.8495793e-05 6.01e-07 7.35e-01 -11.0 1.23e-02    -  1.00e+00 5.00e-01h  2
1701  6.8361861e-05 3.61e-10 2.07e-02 -11.0 5.53e-05   0.0 1.00e+00 1.00e+00h  1
1702  6.8253935e-05 6.15e-07 4.94e-01 -11.0 6.20e-03    -  1.00e+00 1.00e+00h  1
1703  6.8232608e-05 6.56e-07 7.45e-01 -11.0 9.35e-01    -  1.00e+00 1.95e-03h 10
1704  6.8171452e-05 7.39e-10 4.12e-03 -11.0 2.82e-05  -0.0 1.00e+00 1.00e+00h  1
1705  6.8000601e-05 1.98e-06 1.30e+00 -11.0 1.13e-02    -  1.00e+00 1.00e+00h  1
1706  6.7988350e-05 2.12e-06 1.68e+00 -11.0 6.98e+00    -  1.00e+00 4.88e-04h 12
1707  6.7925069e-05 2.23e-06 2.24e+00 -11.0 4.37e-01    -  1.00e+00 7.81e-03h  8
1708  6.7871007e-05 2.86e-06 3.05e+00 -11.0 1.71e+00    -  1.00e+00 3.91e-03h  9
1709  6.7809232e-05 1.01e-08 6.55e-02 -11.0 7.35e-05  -0.1 1.00e+00 1.00e+00h  1
iter    objective    inf_pr   inf_du lg(mu)  ||d||  lg(rg) alpha_du alpha_pr  ls
1710  6.7705550e-05 1.28e-06 1.52e+00 -11.0 8.97e-03    -  1.00e+00 1.00e+00h  1
1711  6.7631510e-05 4.43e-06 3.28e+00 -11.0 1.87e+00    -  1.00e+00 7.81e-03h  8
1712  6.7550488e-05 2.54e-08 5.09e-01 -11.0 2.31e-05   0.7 1.00e+00 1.00e+00h  1
1713  6.7232307e-05 5.05e-06 1.29e+01 -11.0 1.88e-02    -  1.00e+00 1.00e+00h  1
1714  6.7190067e-05 2.20e-07 2.45e+00 -11.0 7.76e-05   0.3 1.00e+00 1.00e+00h  1
1715  6.6958918e-05 2.59e-05 7.25e+01 -11.0 3.43e-01    -  1.00e+00 1.25e-01h  4
1716  6.7042271e-05 1.34e-07 2.89e-01 -11.0 2.42e-04   1.1 1.00e+00 1.00e+00h  1
1717  6.6157524e-05 5.05e-05 1.14e+01 -11.0 6.11e-02    -  1.00e+00 1.00e+00h  1
1718  6.6141581e-05 1.40e-06 9.68e+00 -11.0 1.89e-04   0.6 1.00e+00 1.00e+00h  1
1719  6.5854396e-05 1.10e-05 2.62e+02 -11.0 1.16e-01    -  1.00e+00 2.50e-01h  3
iter    objective    inf_pr   inf_du lg(mu)  ||d||  lg(rg) alpha_du alpha_pr  ls
1720  6.5729660e-05 1.12e-05 2.88e+02 -11.0 4.86e+00    -  1.00e+00 9.77e-04h 11
1721  6.5525594e-05 1.15e-05 3.36e+02 -11.0 7.98e-01    -  1.00e+00 7.81e-03h  8
1722  6.5491497e-05 1.28e-05 4.10e+02 -11.0 2.00e-01    -  1.00e+00 6.25e-02h  5
1723  6.5737426e-05 1.33e-06 2.27e+02 -11.0 9.18e-04  -0.3 1.00e+00 1.00e+00h  1
1724  6.5184338e-05 1.43e-06 2.68e+01 -11.0 2.83e-04    -  1.00e+00 1.00e+00h  1
1725  6.4879074e-05 1.00e-06 3.44e+01 -11.0 1.67e-03    -  1.00e+00 1.00e+00h  1
1726  6.4824515e-05 1.43e-06 3.66e+01 -11.0 1.29e-02    -  1.00e+00 3.12e-02h  6
1727  6.4814605e-05 1.25e-06 3.36e+01 -11.0 5.54e-03    -  1.00e+00 1.25e-01h  4
1728  6.4756692e-05 1.46e-06 1.36e+02 -11.0 1.69e-04   1.0 1.00e+00 1.00e+00h  1
1729  6.4738219e-05 8.47e-07 5.48e+00 -11.0 3.09e-05   0.5 1.00e+00 1.00e+00h  1
iter    objective    inf_pr   inf_du lg(mu)  ||d||  lg(rg) alpha_du alpha_pr  ls
1730  6.4734931e-05 7.73e-07 2.09e+00 -11.0 7.44e-04    -  1.00e+00 2.50e-01h  3
1731  6.4742699e-05 6.12e-07 2.83e+00 -11.0 2.15e-03    -  1.00e+00 2.50e-01h  3
1732  6.4766783e-05 6.08e-07 3.80e+00 -11.0 1.02e-01    -  1.00e+00 7.81e-03h  8
1733  6.4748418e-05 5.75e-07 5.25e+00 -11.0 4.87e-03    -  1.00e+00 6.25e-02h  5
1734  6.4726246e-05 1.14e-06 3.36e+00 -11.0 2.64e-03    -  1.00e+00 1.00e+00H  1
1735  6.4674949e-05 8.08e-07 2.13e+00 -11.0 2.86e-03    -  1.00e+00 2.50e-01h  3
1736  6.4496773e-05 5.53e-07 2.02e+01 -11.0 1.69e-02    -  1.00e+00 1.25e-01h  4
1737  6.4507832e-05 4.23e-07 4.40e+02 -11.0 5.42e-04   1.8 1.00e+00 2.50e-01h  3
1738  6.4309094e-05 7.75e-07 7.72e+02 -11.0 1.56e-02    -  1.00e+00 2.50e-01h  3
1739  6.4446083e-05 1.25e-06 3.96e+02 -11.0 3.06e-04   1.3 1.00e+00 1.00e+00h  1
iter    objective    inf_pr   inf_du lg(mu)  ||d||  lg(rg) alpha_du alpha_pr  ls
1740  6.4288385e-05 3.79e-07 1.10e+01 -11.0 2.21e-04    -  1.00e+00 1.00e+00h  1
1741  6.4303375e-05 6.67e-07 3.46e+01 -11.0 6.53e-05    -  1.00e+00 5.00e-01h  2
1742  6.4228488e-05 3.96e-07 1.05e+00 -11.0 5.34e-05    -  1.00e+00 1.00e+00h  1
1743  6.4388725e-05 2.16e-07 2.02e+02 -11.0 9.50e-05   0.9 1.00e+00 1.00e+00h  1
1744  6.4494608e-05 1.29e-08 3.62e+01 -11.0 3.22e-05    -  1.00e+00 1.00e+00h  1
1745  6.4334609e-05 8.54e-08 1.29e+00 -11.0 1.14e-04    -  1.00e+00 1.00e+00h  1
1746  6.4347366e-05 1.37e-08 1.29e-01 -11.0 9.50e-05    -  1.00e+00 1.00e+00h  1
1747  6.4307832e-05 1.95e-07 1.86e+01 -11.0 1.18e-04   1.3 1.00e+00 5.00e-01h  2
1748  6.4316739e-05 7.95e-08 8.40e+00 -11.0 9.61e-05    -  1.00e+00 1.00e+00h  1
1749  6.4336085e-05 4.57e-08 7.27e-02 -11.0 1.49e-05   1.7 1.00e+00 5.00e-01h  2
iter    objective    inf_pr   inf_du lg(mu)  ||d||  lg(rg) alpha_du alpha_pr  ls
1750  6.4327999e-05 1.04e-09 3.15e+00 -11.0 8.93e-05    -  1.00e+00 1.00e+00h  1
1751  6.4253888e-05 3.60e-08 1.88e-01 -11.0 1.91e-03    -  1.00e+00 2.50e-01h  3
1752  6.4247021e-05 1.10e-10 1.47e-01 -11.0 5.41e-06   1.2 1.00e+00 1.00e+00h  1
1753  6.4245016e-05 3.73e-11 8.93e-02 -11.0 1.10e-06   1.7 1.00e+00 1.00e+00h  1
1754  6.4239606e-05 2.36e-07 1.02e+00 -11.0 7.90e-04    -  1.00e+00 1.00e+00H  1
1755  6.4231027e-05 1.75e-07 1.40e-01 -11.0 1.75e-04   1.2 1.00e+00 2.50e-01h  3
1756  6.4242623e-05 1.31e-07 2.51e-01 -11.0 1.53e-04   1.6 1.00e+00 2.50e-01h  3
1757  6.4244774e-05 1.23e-07 2.31e-01 -11.0 1.20e-04   1.1 1.00e+00 6.25e-02h  5
1758  6.4244991e-05 1.21e-07 7.13e-02 -11.0 1.18e-04   0.6 1.00e+00 1.56e-02h  7
1759  6.4216386e-05 1.05e-07 1.85e-01 -11.0 9.63e-04    -  1.00e+00 1.25e-01h  4
iter    objective    inf_pr   inf_du lg(mu)  ||d||  lg(rg) alpha_du alpha_pr  ls
1760  6.4271244e-05 3.37e-08 1.96e+02 -11.0 9.13e-05   2.0 1.00e+00 1.00e+00h  1
1761  6.4265766e-05 5.12e-10 1.64e+00 -11.0 2.04e-05    -  1.00e+00 1.00e+00h  1
1762  6.4223567e-05 3.67e-08 2.44e-01 -11.0 1.47e-04    -  1.00e+00 1.00e+00h  1
1763  6.4221914e-05 2.69e-09 1.73e+00 -11.0 4.52e-06   1.5 1.00e+00 1.00e+00h  1
1764  6.4210468e-05 1.39e-09 3.45e-01 -11.0 6.42e-06   1.0 1.00e+00 1.00e+00h  1
1765  6.4153738e-05 1.38e-07 3.87e-02 -11.0 6.49e-05    -  1.00e+00 1.00e+00h  1
1766  6.4161074e-05 6.88e-09 3.69e-02 -11.0 1.14e-04    -  1.00e+00 1.00e+00h  1
1767  6.4160747e-05 8.39e-09 5.03e-02 -11.0 1.20e-04   0.5 1.00e+00 1.00e+00h  1
1768  6.4155096e-05 1.05e-07 2.69e-02 -11.0 4.07e-04    -  1.00e+00 5.00e-01h  2
1769  6.4145117e-05 2.67e-07 3.16e-01 -11.0 1.64e-03    -  1.00e+00 6.25e-02h  5
iter    objective    inf_pr   inf_du lg(mu)  ||d||  lg(rg) alpha_du alpha_pr  ls
1770  6.4105911e-05 3.44e-07 6.37e-02 -11.0 1.61e-04    -  1.00e+00 1.00e+00h  1
1771  6.4106029e-05 3.11e-08 4.33e-02 -11.0 1.47e-04   0.5 1.00e+00 1.00e+00h  1
1772  6.4071515e-05 3.50e-07 2.37e+00 -11.0 1.49e-04    -  1.00e+00 1.00e+00h  1
1773  6.4011689e-05 4.20e-07 1.68e+00 -11.0 2.05e-03    -  1.00e+00 2.50e-01h  3
1774  6.4015425e-05 3.52e-07 6.53e+02 -11.0 9.39e-05   1.8 1.00e+00 5.00e-01h  2
1775  6.4051680e-05 1.76e-07 3.30e+02 -11.0 3.01e-04    -  1.00e+00 5.00e-01h  2
1776  6.4097540e-05 6.23e-09 1.23e-01 -11.0 3.20e-05   1.3 1.00e+00 1.00e+00h  1
1777  6.4078093e-05 2.60e-09 8.62e+00 -11.0 9.07e-06   0.9 1.00e+00 1.00e+00h  1
1778  6.4066479e-05 2.11e-09 4.50e-01 -11.0 5.52e-06   1.3 1.00e+00 1.00e+00h  1
1779  6.4062229e-05 6.39e-10 1.68e-01 -11.0 2.17e-06   1.7 1.00e+00 1.00e+00h  1
iter    objective    inf_pr   inf_du lg(mu)  ||d||  lg(rg) alpha_du alpha_pr  ls
1780  6.3961196e-05 4.25e-07 1.73e+01 -11.0 3.67e-04    -  1.00e+00 1.00e+00h  1
1781  6.3941518e-05 4.24e-07 1.34e+01 -11.0 1.65e-03    -  1.00e+00 3.12e-02h  6
1782  6.3942685e-05 3.82e-07 1.28e+01 -11.0 1.80e-03    -  1.00e+00 1.25e-01h  4
1783  6.3953271e-05 4.22e-07 2.46e-01 -11.0 1.12e-04   1.2 1.00e+00 1.00e+00h  1
1784  6.3941823e-05 4.59e-07 1.57e+00 -11.0 1.95e-03    -  1.00e+00 3.12e-02h  6
1785  6.3927746e-05 2.15e-06 7.58e+00 -11.0 3.58e-04    -  1.00e+00 1.00e+00h  1
1786  6.3885235e-05 6.70e-07 2.35e+00 -11.0 1.54e-04    -  1.00e+00 1.00e+00h  1
1787  6.3856462e-05 4.55e-07 1.36e+00 -11.0 9.68e-04    -  1.00e+00 5.00e-01h  2
1788  6.3802964e-05 2.65e-06 3.37e+00 -11.0 7.71e-03    -  1.00e+00 1.25e-01h  4
1789  6.3780409e-05 7.55e-07 5.10e+00 -11.0 2.95e-04  -0.2 1.00e+00 1.00e+00h  1
iter    objective    inf_pr   inf_du lg(mu)  ||d||  lg(rg) alpha_du alpha_pr  ls
1790  6.3712263e-05 4.79e-07 8.06e+00 -11.0 1.30e-03    -  1.00e+00 5.00e-01h  2
1791  6.3695775e-05 4.85e-07 9.99e+00 -11.0 4.49e-03    -  1.00e+00 6.25e-02h  5
1792  6.3908131e-05 2.28e-08 3.31e+00 -11.0 3.70e-04  -1.1 1.00e+00 1.00e+00h  1
1793  6.3614299e-05 5.33e-08 2.97e-02 -11.0 1.20e-04  -0.7 1.00e+00 1.00e+00h  1
1794  6.3593088e-05 7.58e-10 2.84e-02 -11.0 4.86e-05  -0.3 1.00e+00 1.00e+00h  1
1795  6.3543955e-05 2.64e-08 7.11e-02 -11.0 3.21e-04    -  1.00e+00 1.00e+00h  1
1796  6.3566883e-05 7.18e-09 4.58e-02 -11.0 1.15e-04   1.0 1.00e+00 1.00e+00h  1
1797  6.3543362e-05 1.35e-08 5.98e-02 -11.0 1.41e-03    -  1.00e+00 1.25e-01h  4
1798  6.3532967e-05 1.10e-09 1.83e-02 -11.0 1.18e-05   0.6 1.00e+00 1.00e+00h  1
1799  6.3532695e-05 2.60e-12 1.23e-02 -11.0 5.45e-07   1.9 1.00e+00 1.00e+00h  1
iter    objective    inf_pr   inf_du lg(mu)  ||d||  lg(rg) alpha_du alpha_pr  ls
1800  6.3531474e-05 3.32e-11 3.26e-02 -11.0 1.51e-06   1.4 1.00e+00 1.00e+00h  1
1801  6.3439064e-05 4.25e-07 1.26e+01 -11.0 7.16e-04    -  1.00e+00 1.00e+00h  1
1802  6.3434280e-05 6.05e-08 2.17e-01 -11.0 8.08e-05   0.9 1.00e+00 1.00e+00h  1
1803  6.3365212e-05 1.18e-07 1.92e-01 -11.0 9.13e-03    -  1.00e+00 1.25e-01h  4
1804  6.3347618e-05 1.16e-07 4.65e-02 -11.0 9.09e-03    -  1.00e+00 1.56e-02h  7
1805  6.3194894e-05 1.88e-06 4.99e+00 -11.0 4.07e-03    -  1.00e+00 1.00e+00h  1
1806  6.3327198e-05 3.72e-07 5.79e+01 -11.0 8.35e-04  -0.1 1.00e+00 1.00e+00h  1
1807  6.3201802e-05 3.25e-09 7.82e-02 -11.0 4.19e-05   0.4 1.00e+00 1.00e+00h  1
1808  6.3132574e-05 6.05e-07 5.40e+00 -11.0 3.22e-03    -  1.00e+00 1.00e+00H  1
1809  6.3063788e-05 6.08e-08 1.13e-01 -11.0 3.53e-04  -0.1 1.00e+00 1.00e+00h  1
iter    objective    inf_pr   inf_du lg(mu)  ||d||  lg(rg) alpha_du alpha_pr  ls
1810  6.3141173e-05 1.29e-08 1.44e+00 -11.0 5.21e-03    -  1.00e+00 1.00e+00H  1
1811  6.3046595e-05 3.13e-07 2.36e+00 -11.0 3.61e-02    -  1.00e+00 6.25e-02h  5
1812  6.2879050e-05 6.49e-09 4.86e-01 -11.0 1.08e-04  -0.2 1.00e+00 1.00e+00h  1
1813  6.2877162e-05 1.26e-07 3.44e-02 -11.0 8.93e-04    -  1.00e+00 1.00e+00H  1
1814  6.2855691e-05 4.13e-08 3.32e-01 -11.0 2.85e-04  -0.2 1.00e+00 1.00e+00h  1
1815  6.2851413e-05 1.57e-11 6.43e-02 -11.0 4.27e-06   1.1 1.00e+00 1.00e+00h  1
1816  6.2783378e-05 1.11e-06 2.67e+00 -11.0 1.59e-03    -  1.00e+00 1.00e+00h  1
1817  6.2805893e-05 8.59e-07 1.61e+01 -11.0 8.61e-04   0.6 1.00e+00 2.50e-01h  3
1818  6.2807554e-05 8.59e-07 1.77e+01 -11.0 5.59e-02    -  1.00e+00 4.88e-04h 12
1819  6.2794382e-05 5.69e-07 3.67e+01 -11.0 1.46e-03    -  1.00e+00 5.00e-01h  2
iter    objective    inf_pr   inf_du lg(mu)  ||d||  lg(rg) alpha_du alpha_pr  ls
1820  6.2813199e-05 4.82e-08 5.02e-01 -11.0 3.51e-04  -0.3 1.00e+00 1.00e+00h  1
1821  6.2773783e-05 2.23e-09 5.66e+00 -11.0 7.56e-05  -0.8 1.00e+00 1.00e+00h  1
1822  6.2736714e-05 1.22e-09 6.79e-03 -11.0 1.43e-04    -  1.00e+00 1.00e+00h  1
1823  6.2726834e-05 1.27e-08 1.50e+00 -11.0 2.65e-04    -  1.00e+00 1.00e+00h  1
1824  6.2695347e-05 4.67e-09 3.13e-02 -11.0 1.12e-04  -0.4 1.00e+00 1.00e+00h  1
1825  6.2671878e-05 1.01e-08 5.61e-02 -11.0 3.33e-04    -  1.00e+00 1.00e+00h  1
1826  6.2666905e-05 1.27e-07 5.87e-02 -11.0 6.63e-03    -  1.00e+00 1.25e-01h  4
1827  6.2659623e-05 1.27e-07 4.66e-01 -11.0 5.11e-03    -  1.00e+00 3.12e-02h  6
1828  6.2642225e-05 7.80e-10 1.25e-02 -11.0 3.58e-05   0.9 1.00e+00 1.00e+00h  1
1829  6.2661164e-05 8.38e-10 2.39e-01 -11.0 3.19e-04    -  1.00e+00 1.00e+00H  1
iter    objective    inf_pr   inf_du lg(mu)  ||d||  lg(rg) alpha_du alpha_pr  ls
1830  6.2641411e-05 4.24e-08 3.50e+00 -11.0 6.30e-04    -  1.00e+00 1.00e+00H  1
1831  6.2991333e-05 5.09e-12 2.69e-01 -11.0 7.42e-04    -  1.00e+00 1.00e+00H  1
1832  6.2630443e-05 2.62e-07 3.48e+00 -11.0 1.10e-03    -  1.00e+00 1.00e+00h  1
1833  6.2601753e-05 2.46e-07 3.24e+00 -11.0 1.78e-03    -  1.00e+00 6.25e-02h  5
1834  6.2558849e-05 5.52e-09 8.27e-02 -11.0 1.50e-04    -  1.00e+00 1.00e+00h  1
1835  6.2561397e-05 1.58e-08 1.54e+00 -11.0 2.57e-04    -  1.00e+00 1.00e+00h  1
1836  6.2555497e-05 1.18e-07 7.78e-01 -11.0 7.72e-04    -  1.00e+00 1.00e+00H  1
1837  6.2554050e-05 1.57e-08 2.86e+00 -11.0 1.84e-04  -0.1 1.00e+00 1.00e+00h  1
1838  6.2524529e-05 3.97e-09 1.14e-01 -11.0 5.53e-05  -0.6 1.00e+00 1.00e+00h  1
1839  6.2523503e-05 1.69e-12 4.11e-02 -11.0 2.38e-06   0.7 1.00e+00 1.00e+00h  1
iter    objective    inf_pr   inf_du lg(mu)  ||d||  lg(rg) alpha_du alpha_pr  ls
1840  6.2520209e-05 7.88e-09 5.94e-02 -11.0 1.94e-04    -  1.00e+00 1.00e+00h  1
1841  6.2517681e-05 7.09e-09 5.92e-02 -11.0 5.96e-04    -  1.00e+00 1.25e-01h  4
1842  6.2524866e-05 4.98e-13 1.70e-01 -11.0 1.21e-04  -0.2 1.00e+00 1.00e+00H  1
1843  6.2510619e-05 3.57e-09 1.04e+00 -11.0 1.64e-04    -  1.00e+00 1.00e+00h  1
1844  6.2510020e-05 1.12e-09 3.50e-01 -11.0 4.30e-05  -0.7 1.00e+00 1.00e+00h  1
1845  6.2499078e-05 3.06e-10 1.49e-02 -11.0 4.46e-05    -  1.00e+00 1.00e+00h  1
1846  6.2496254e-05 9.03e-10 4.36e-02 -11.0 9.40e-05    -  1.00e+00 1.00e+00h  1
1847  6.2483313e-05 1.08e-08 3.94e-01 -11.0 3.12e-03    -  1.00e+00 1.25e-01h  4
1848  6.2456143e-05 2.11e-07 1.26e+00 -11.0 1.99e-02    -  1.00e+00 6.25e-02h  5
1849  6.2436404e-05 3.12e-09 3.15e+01 -11.0 7.79e-05   0.6 1.00e+00 1.00e+00h  1
iter    objective    inf_pr   inf_du lg(mu)  ||d||  lg(rg) alpha_du alpha_pr  ls
1850  6.2353358e-05 2.16e-07 8.97e-01 -11.0 9.56e-04    -  1.00e+00 1.00e+00h  1
1851  6.2354896e-05 8.11e-09 4.10e-02 -11.0 1.33e-04   0.5 1.00e+00 1.00e+00h  1
1852  6.2310104e-05 1.61e-06 2.07e+00 -11.0 8.11e-03    -  1.00e+00 5.00e-01h  2
1853  6.2292777e-05 1.66e-06 2.34e+00 -11.0 1.07e-01    -  1.00e+00 3.91e-03h  9
1854  6.2321789e-05 8.43e-07 1.17e+01 -11.0 4.84e-04   0.5 1.00e+00 5.00e-01h  2
1855  6.2346501e-05 6.33e-07 2.16e+01 -11.0 2.37e-04   1.8 1.00e+00 2.50e-01h  3
1856  6.2296682e-05 3.38e-07 5.92e+01 -11.0 4.52e-04    -  1.00e+00 5.00e-01h  2
1857  6.2276270e-05 2.62e-07 6.59e+01 -11.0 1.01e-03    -  1.00e+00 2.50e-01h  3
1858  6.2280595e-05 2.07e-09 8.46e+00 -11.0 6.70e-05   1.3 1.00e+00 1.00e+00h  1
1859  6.2303583e-05 1.40e-10 8.47e+00 -11.0 3.03e-04    -  1.00e+00 1.00e+00H  1
iter    objective    inf_pr   inf_du lg(mu)  ||d||  lg(rg) alpha_du alpha_pr  ls
1860  6.2285263e-05 1.98e-09 7.22e+00 -11.0 7.41e-04    -  1.00e+00 1.25e-01h  4
1861  6.2270934e-05 6.50e-08 7.13e+00 -11.0 8.66e-04    -  1.00e+00 5.00e-01h  2
1862  6.2280157e-05 3.50e-08 9.12e-01 -11.0 2.18e-04   0.9 1.00e+00 5.00e-01h  2
1863  6.2280502e-05 3.44e-08 1.99e+00 -11.0 1.09e-04   1.3 1.00e+00 1.56e-02h  7
1864  6.2280553e-05 3.42e-08 1.98e+00 -11.0 1.10e-04   0.8 1.00e+00 7.81e-03h  8
1865  6.2280594e-05 3.41e-08 1.97e+00 -11.0 1.07e-04   1.2 1.00e+00 1.95e-03h 10
1866  6.2280595e-05 3.41e-08 1.97e+00 -11.0 1.09e-04   0.8 1.00e+00 2.44e-04h 13
1867  6.3378547e-05 1.74e-08 2.94e-01 -11.0 8.43e-04    -  1.00e+00 1.00e+00H  1
1868  6.2260242e-05 9.93e-08 1.20e+00 -11.0 8.43e-04    -  1.00e+00 1.00e+00H  1
1869  6.2361052e-05 8.01e-09 2.89e+02 -11.0 5.53e-04   1.2 1.00e+00 1.00e+00H  1
iter    objective    inf_pr   inf_du lg(mu)  ||d||  lg(rg) alpha_du alpha_pr  ls
1870  6.2354317e-05 8.00e-12 2.68e+00 -11.0 2.22e-06   1.6 1.00e+00 1.00e+00h  1
1871  6.2233570e-05 1.58e-08 1.38e+01 -11.0 7.86e-05    -  1.00e+00 1.00e+00h  1
1872  6.2233813e-05 2.30e-11 4.92e-01 -11.0 1.22e-06   1.1 1.00e+00 1.00e+00h  1
1873  6.2233045e-05 1.24e-11 1.11e+00 -11.0 2.25e-06   0.7 1.00e+00 1.00e+00h  1
1874  6.2230142e-05 4.07e-10 9.18e-03 -11.0 3.46e-05    -  1.00e+00 1.00e+00h  1
1875  6.2226828e-05 3.83e-10 2.00e+00 -11.0 4.73e-05    -  1.00e+00 1.00e+00h  1
1876  6.2225836e-05 1.95e-09 1.75e-01 -11.0 9.86e-05    -  1.00e+00 1.00e+00h  1
1877  6.2219929e-05 5.06e-11 3.58e-02 -11.0 9.34e-06   0.2 1.00e+00 1.00e+00h  1
1878  6.2210937e-05 1.26e-09 1.82e-02 -11.0 5.94e-05    -  1.00e+00 1.00e+00h  1
1879  6.2203683e-05 1.89e-08 1.63e-01 -11.0 2.29e-04    -  1.00e+00 1.00e+00h  1
iter    objective    inf_pr   inf_du lg(mu)  ||d||  lg(rg) alpha_du alpha_pr  ls
1880  6.2198341e-05 2.06e-08 6.76e-02 -11.0 1.43e-03    -  1.00e+00 6.25e-02h  5
1881  6.2251112e-05 1.52e-12 6.04e-01 -11.0 8.39e-04    -  1.00e+00 1.00e+00H  1
1882  6.2205483e-05 6.84e-11 2.10e+01 -11.0 1.67e-05   0.6 1.00e+00 1.00e+00h  1
1883  6.2194344e-05 6.81e-12 2.94e-01 -11.0 4.71e-06   1.0 1.00e+00 1.00e+00h  1
1884  6.2190760e-05 9.31e-13 6.08e-04 -11.0 1.63e-06   1.4 1.00e+00 1.00e+00h  1
1885  6.2182353e-05 7.33e-12 4.35e-01 -11.0 4.01e-06   0.9 1.00e+00 1.00e+00h  1
1886  6.2146551e-05 9.49e-10 1.62e-01 -11.0 5.48e-05    -  1.00e+00 1.00e+00h  1
1887  6.2146372e-05 1.73e-13 1.93e-03 -11.0 8.17e-07   1.4 1.00e+00 1.00e+00h  1
1888  6.2145854e-05 1.57e-12 1.17e-02 -11.0 2.45e-06   0.9 1.00e+00 1.00e+00h  1
1889  6.2145673e-05 2.14e-13 7.24e-02 -11.0 9.15e-07   1.3 1.00e+00 1.00e+00h  1
iter    objective    inf_pr   inf_du lg(mu)  ||d||  lg(rg) alpha_du alpha_pr  ls
1890  6.2138409e-05 2.36e-09 6.08e-03 -11.0 9.08e-05    -  1.00e+00 1.00e+00h  1
1891  6.2140831e-05 1.83e-10 1.24e-01 -11.0 7.04e-05    -  1.00e+00 1.00e+00h  1
1892  6.2138812e-05 8.30e-12 2.62e-01 -11.0 2.85e-06   0.8 1.00e+00 1.00e+00h  1
1893  6.2133525e-05 2.18e-10 5.15e-03 -11.0 2.36e-05    -  1.00e+00 1.00e+00h  1
1894  6.2132684e-05 1.26e-11 2.41e-02 -11.0 2.20e-05    -  1.00e+00 1.00e+00h  1
1895  6.2132417e-05 3.50e-10 6.99e-02 -11.0 3.37e-04    -  1.00e+00 2.50e-01h  3
1896  6.2128218e-05 3.67e-09 6.70e-01 -11.0 4.71e-04    -  1.00e+00 5.00e-01h  2
1897  6.2129328e-05 1.40e-09 4.01e-01 -11.0 5.47e-05   1.2 1.00e+00 1.00e+00h  1
1898  6.2130443e-05 2.78e-11 5.29e-01 -11.0 4.57e-04    -  1.00e+00 1.00e+00H  1
1899  6.2128301e-05 1.80e-12 6.60e-01 -11.0 1.42e-06   1.6 1.00e+00 1.00e+00h  1
iter    objective    inf_pr   inf_du lg(mu)  ||d||  lg(rg) alpha_du alpha_pr  ls
1900  6.2122900e-05 1.31e-11 1.42e-03 -11.0 3.96e-06   1.2 1.00e+00 1.00e+00h  1
1901  6.2121097e-05 1.68e-12 7.91e-02 -11.0 1.44e-06   1.6 1.00e+00 1.00e+00h  1
1902  6.2094490e-05 2.39e-09 2.21e-02 -11.0 1.89e-04    -  1.00e+00 1.00e+00h  1
1903  6.2095024e-05 3.74e-10 3.89e-02 -11.0 2.76e-05   2.0 1.00e+00 1.00e+00h  1
1904  6.2082517e-05 1.22e-08 2.10e-01 -11.0 3.85e-04    -  1.00e+00 1.00e+00h  1
1905  6.2086228e-05 3.10e-09 1.45e+01 -11.0 8.09e-05   1.5 1.00e+00 1.00e+00h  1
1906  6.2084851e-05 5.58e-12 7.43e-01 -11.0 2.39e-06   1.1 1.00e+00 1.00e+00h  1
1907  6.2072967e-05 1.72e-09 3.58e+00 -11.0 2.72e-04    -  1.00e+00 1.00e+00h  1
1908  6.2072957e-05 2.40e-14 1.06e-02 -11.0 4.08e-07   1.5 1.00e+00 1.00e+00h  1
1909  6.2062696e-05 6.18e-09 7.58e-01 -11.0 4.00e-04    -  1.00e+00 1.00e+00h  1
iter    objective    inf_pr   inf_du lg(mu)  ||d||  lg(rg) alpha_du alpha_pr  ls
1910  6.2062379e-05 2.81e-13 9.86e-03 -11.0 1.05e-06   1.0 1.00e+00 1.00e+00h  1
1911  6.2040599e-05 1.91e-08 2.96e-03 -11.0 6.58e-04    -  1.00e+00 1.00e+00h  1
1912  6.2041186e-05 6.92e-11 2.37e-01 -11.0 1.13e-05   1.4 1.00e+00 1.00e+00h  1
1913  6.2040618e-05 4.35e-13 4.38e-02 -11.0 1.88e-06   1.0 1.00e+00 1.00e+00h  1
1914  6.1993310e-05 1.07e-07 1.07e-01 -11.0 1.55e-03    -  1.00e+00 1.00e+00h  1
1915  6.1993150e-05 1.03e-11 4.43e-02 -11.0 1.74e-06   1.4 1.00e+00 1.00e+00h  1
1916  6.1987341e-05 2.38e-07 3.84e+00 -11.0 2.14e-03    -  1.00e+00 1.00e+00h  1
1917  6.1959032e-05 1.19e-07 7.82e+00 -11.0 3.77e-04   0.4 1.00e+00 5.00e-01h  2
1918  6.1953888e-05 1.55e-07 2.07e+01 -11.0 1.74e-02    -  1.00e+00 3.12e-02h  6
1919  6.1954661e-05 8.87e-09 5.40e-01 -11.0 1.40e-04   0.8 1.00e+00 1.00e+00h  1
iter    objective    inf_pr   inf_du lg(mu)  ||d||  lg(rg) alpha_du alpha_pr  ls
1920  6.1945377e-05 1.93e-08 3.32e-02 -11.0 4.41e-04    -  1.00e+00 5.00e-01h  2
1921  6.1939609e-05 1.72e-08 1.79e-01 -11.0 1.11e-03    -  1.00e+00 1.25e-01h  4
1922  6.1967932e-05 4.56e-10 1.48e-01 -11.0 2.27e-04   1.3 1.00e+00 1.00e+00H  1
1923  6.1958780e-05 9.91e-11 2.23e-02 -11.0 7.39e-06   0.8 1.00e+00 1.00e+00h  1
1924  6.1955880e-05 1.19e-11 1.63e-01 -11.0 2.65e-06   1.2 1.00e+00 1.00e+00h  1
1925  6.1949152e-05 7.55e-11 2.22e-03 -11.0 6.87e-06   0.7 1.00e+00 1.00e+00h  1
1926  6.1939271e-05 5.63e-08 3.46e-01 -11.0 5.33e-04    -  1.00e+00 1.00e+00H  1
1927  6.1930751e-05 5.20e-08 4.11e-01 -11.0 2.21e-03    -  1.00e+00 6.25e-02h  5
1928  6.1935754e-05 3.45e-08 6.88e-01 -11.0 8.24e-04    -  1.00e+00 5.00e-01h  2
1929  6.2006064e-05 3.29e-13 4.25e-01 -11.0 3.03e-04   0.7 1.00e+00 1.00e+00H  1
iter    objective    inf_pr   inf_du lg(mu)  ||d||  lg(rg) alpha_du alpha_pr  ls
1930  6.2005376e-05 1.79e-12 3.48e-01 -11.0 1.92e-03    -  1.00e+00 1.95e-03h 10
1931  6.2004605e-05 3.41e-12 3.01e-01 -11.0 3.67e-03    -  1.00e+00 9.77e-04h 11
1932  6.1919434e-05 8.44e-08 1.51e-01 -11.0 1.55e-03    -  1.00e+00 5.00e-01h  2
1933  6.1890314e-05 3.96e-10 3.55e-01 -11.0 2.62e-05   0.2 1.00e+00 1.00e+00h  1
1934  6.1860261e-05 3.59e-08 1.32e-02 -11.0 2.84e-04    -  1.00e+00 1.00e+00h  1
1935  6.1864683e-05 5.39e-09 3.62e+00 -11.0 1.11e-04   0.6 1.00e+00 1.00e+00h  1
1936  6.1854841e-05 3.83e-08 2.58e+00 -11.0 6.64e-04    -  1.00e+00 1.00e+00h  1
1937  6.1851664e-05 2.05e-12 3.83e-01 -11.0 2.86e-06   1.1 1.00e+00 1.00e+00h  1
1938  6.1846671e-05 8.74e-12 6.03e-01 -11.0 5.37e-06   0.6 1.00e+00 1.00e+00h  1
1939  6.1837323e-05 4.94e-09 4.18e-03 -11.0 2.70e-04    -  1.00e+00 1.00e+00h  1
iter    objective    inf_pr   inf_du lg(mu)  ||d||  lg(rg) alpha_du alpha_pr  ls
1940  6.1834092e-05 2.23e-08 2.07e-02 -11.0 3.63e-03    -  1.00e+00 1.25e-01h  4
1941  6.1830813e-05 2.64e-08 8.09e-02 -11.0 1.42e-02    -  1.00e+00 1.56e-02h  7
1942  6.1825976e-05 5.45e-10 2.30e-02 -11.0 3.44e-05   1.4 1.00e+00 1.00e+00h  1
1943  6.1825770e-05 3.64e-08 3.62e-01 -11.0 1.46e-03    -  1.00e+00 1.00e+00H  1
1944  6.1825049e-05 6.50e-09 1.69e-02 -11.0 1.18e-04   0.5 1.00e+00 1.00e+00h  1
1945  6.1805025e-05 6.81e-09 3.50e-01 -11.0 3.50e-04    -  1.00e+00 1.00e+00h  1
1946  6.1801929e-05 9.42e-11 3.66e-03 -11.0 1.51e-05   0.0 1.00e+00 1.00e+00h  1
1947  6.1793105e-05 2.19e-09 2.29e-02 -11.0 1.64e-04    -  1.00e+00 1.00e+00h  1
1948  6.1793393e-05 7.51e-11 2.63e-01 -11.0 1.27e-05   1.3 1.00e+00 1.00e+00h  1
1949  6.1793006e-05 5.22e-13 4.16e-03 -11.0 2.06e-06   0.9 1.00e+00 1.00e+00h  1
iter    objective    inf_pr   inf_du lg(mu)  ||d||  lg(rg) alpha_du alpha_pr  ls
1950  6.1769526e-05 2.67e-08 1.03e-01 -11.0 6.91e-04    -  1.00e+00 1.00e+00h  1
1951  6.1768765e-05 1.06e-10 4.25e-01 -11.0 1.54e-05   0.8 1.00e+00 1.00e+00h  1
1952  6.1768033e-05 1.53e-12 3.32e-02 -11.0 4.99e-06   0.3 1.00e+00 1.00e+00h  1
1953  6.1750769e-05 2.44e-08 1.08e-02 -11.0 5.48e-04    -  1.00e+00 1.00e+00h  1
1954  6.1727469e-05 1.34e-07 1.45e-01 -11.0 4.91e-02    -  1.00e+00 3.12e-02h  6
1955  6.1719422e-05 8.92e-11 2.22e-01 -11.0 1.27e-05   1.2 1.00e+00 1.00e+00h  1
1956  6.1627794e-05 3.93e-07 1.39e+00 -11.0 2.41e-03    -  1.00e+00 1.00e+00h  1
1957  6.1623996e-05 6.02e-11 5.87e-02 -11.0 5.46e-06   0.7 1.00e+00 1.00e+00h  1
1958  6.1595860e-05 2.33e-07 5.96e-01 -11.0 1.94e-03    -  1.00e+00 1.00e+00h  1
1959  6.1588790e-05 3.63e-07 1.28e+00 -11.0 1.24e-01    -  1.00e+00 1.56e-02h  7
iter    objective    inf_pr   inf_du lg(mu)  ||d||  lg(rg) alpha_du alpha_pr  ls
1960  6.1563261e-05 2.44e-10 1.29e-01 -11.0 2.01e-05   0.7 1.00e+00 1.00e+00h  1
1961  6.1473122e-05 7.28e-07 7.52e-01 -11.0 3.08e-03    -  1.00e+00 1.00e+00h  1
1962  6.1446174e-05 1.03e-06 9.24e-01 -11.0 1.08e+00    -  1.00e+00 1.95e-03h 10
1963  6.1443457e-05 1.45e-11 3.97e-01 -11.0 5.14e-06   1.5 1.00e+00 1.00e+00h  1
1964  6.1399033e-05 3.88e-07 5.30e-01 -11.0 2.39e-03    -  1.00e+00 1.00e+00h  1
1965  6.1396848e-05 2.00e-10 3.28e-01 -11.0 1.92e-05   1.0 1.00e+00 1.00e+00h  1
1966  6.1396187e-05 3.96e-13 1.29e-02 -11.0 1.34e-06   1.5 1.00e+00 1.00e+00h  1
1967  6.1361686e-05 8.80e-07 6.60e-01 -11.0 3.57e-03    -  1.00e+00 1.00e+00h  1
1968  6.1359346e-05 3.48e-11 1.12e-01 -11.0 3.86e-06   1.0 1.00e+00 1.00e+00h  1
1969  6.1332593e-05 3.43e-07 3.68e-01 -11.0 2.15e-03    -  1.00e+00 1.00e+00h  1
iter    objective    inf_pr   inf_du lg(mu)  ||d||  lg(rg) alpha_du alpha_pr  ls
1970  6.1331268e-05 1.86e-10 2.81e-01 -11.0 1.51e-05   0.9 1.00e+00 1.00e+00h  1
1971  6.1328880e-05 2.80e-12 5.49e-02 -11.0 1.14e-05   0.5 1.00e+00 1.00e+00h  1
1972  6.1328097e-05 5.79e-13 4.78e-01 -11.0 4.30e-06   0.9 1.00e+00 1.00e+00h  1
1973  6.1287379e-05 1.36e-06 4.86e-01 -11.0 4.37e-03    -  1.00e+00 1.00e+00h  1
1974  6.1273996e-05 1.43e-06 6.04e-01 -11.0 9.46e-01    -  1.00e+00 9.77e-04h 11
1975  6.1269727e-05 1.15e-10 1.56e-01 -11.0 4.47e-06   0.8 1.00e+00 1.00e+00h  1
1976  6.1266539e-05 1.22e-11 1.21e-01 -11.0 6.28e-06   0.4 1.00e+00 1.00e+00h  1
1977  6.1265341e-05 2.25e-12 2.69e-03 -11.0 2.57e-06   0.8 1.00e+00 1.00e+00h  1
1978  6.1244112e-05 4.80e-09 2.60e-01 -11.0 3.29e-04    -  1.00e+00 1.00e+00h  1
1979  6.1239561e-05 8.79e-11 1.09e-01 -11.0 2.54e-05  -0.2 1.00e+00 1.00e+00h  1
iter    objective    inf_pr   inf_du lg(mu)  ||d||  lg(rg) alpha_du alpha_pr  ls
1980  6.1219986e-05 6.84e-09 4.31e-02 -11.0 2.35e-04    -  1.00e+00 1.00e+00h  1
1981  6.1212558e-05 8.60e-08 1.26e-01 -11.0 2.87e-02    -  1.00e+00 3.12e-02h  6
1982  6.1199496e-05 9.34e-08 2.13e-01 -11.0 8.34e-03    -  1.00e+00 6.25e-02h  5
1983  6.1186891e-05 9.37e-08 1.00e+00 -11.0 5.10e-03    -  1.00e+00 6.25e-02h  5
1984  6.1177190e-05 9.50e-08 1.71e-01 -11.0 5.76e-03    -  1.00e+00 1.25e-01h  4
1985  6.1147318e-05 3.93e-09 1.98e-01 -11.0 1.28e-04  -0.7 1.00e+00 1.00e+00h  1
1986  6.1139897e-05 1.21e-09 2.09e-01 -11.0 8.24e-05    -  1.00e+00 1.00e+00h  1
1987  6.1127706e-05 1.67e-09 6.36e-02 -11.0 2.34e-04    -  1.00e+00 1.00e+00h  1
1988  6.1127576e-05 2.24e-11 1.68e-01 -11.0 5.72e-06   1.5 1.00e+00 1.00e+00h  1
1989  6.1123923e-05 4.19e-08 3.24e-01 -11.0 9.11e-04    -  1.00e+00 1.00e+00h  1
iter    objective    inf_pr   inf_du lg(mu)  ||d||  lg(rg) alpha_du alpha_pr  ls
1990  6.1123759e-05 8.24e-08 7.86e-01 -11.0 3.88e-02    -  1.00e+00 3.12e-02h  6
1991  6.1120861e-05 1.88e-12 1.04e-01 -11.0 1.86e-06   1.5 1.00e+00 1.00e+00h  1
1992  6.1114579e-05 7.80e-12 2.04e-01 -11.0 4.63e-06   1.0 1.00e+00 1.00e+00h  1
1993  6.1089367e-05 1.90e-09 3.47e-02 -11.0 2.90e-04    -  1.00e+00 1.00e+00h  1
1994  6.1088174e-05 1.71e-10 8.56e-03 -11.0 1.32e-05   0.5 1.00e+00 1.00e+00h  1
1995  6.1087710e-05 1.59e-13 3.90e-03 -11.0 3.00e-06   1.0 1.00e+00 1.00e+00h  1
1996  6.1087544e-05 2.09e-14 1.67e-04 -11.0 1.14e-06   1.4 1.00e+00 1.00e+00h  1
1997  6.1065934e-05 2.54e-08 1.40e-02 -11.0 3.46e-04    -  1.00e+00 1.00e+00h  1
1998  6.1062679e-05 1.81e-08 2.40e+02 -11.0 1.48e-04   1.8 1.00e+00 1.00e+00h  1
1999  6.1061395e-05 2.28e-13 5.92e-03 -11.0 1.24e-06   1.3 1.00e+00 1.00e+00h  1
iter    objective    inf_pr   inf_du lg(mu)  ||d||  lg(rg) alpha_du alpha_pr  ls
2000  6.1046651e-05 4.45e-10 5.96e-02 -11.0 1.81e-04    -  1.00e+00 1.00e+00h  1
2001  6.1041773e-05 6.13e-10 2.75e-02 -11.0 5.96e-04    -  1.00e+00 1.25e-01h  4
2002  6.1004436e-05 1.84e-08 8.76e-02 -11.0 4.69e-04    -  1.00e+00 1.00e+00h  1
2003  6.1005066e-05 1.37e-09 1.41e-01 -11.0 4.23e-05   0.8 1.00e+00 1.00e+00h  1
2004  6.1000874e-05 3.79e-11 1.05e-02 -11.0 1.04e-05   0.4 1.00e+00 1.00e+00h  1
2005  6.0997135e-05 6.97e-11 3.81e-03 -11.0 2.05e-05  -0.1 1.00e+00 1.00e+00h  1
2006  6.0919705e-05 2.38e-07 4.18e-01 -11.0 1.77e-03    -  1.00e+00 1.00e+00h  1
2007  6.0911025e-05 1.76e-11 1.15e-02 -11.0 1.20e-05   0.3 1.00e+00 1.00e+00h  1
2008  6.0905629e-05 1.26e-08 1.52e-02 -11.0 4.25e-04    -  1.00e+00 1.00e+00h  1
2009  6.0898229e-05 1.22e-08 2.65e-01 -11.0 3.80e-03    -  1.00e+00 3.12e-02h  6
iter    objective    inf_pr   inf_du lg(mu)  ||d||  lg(rg) alpha_du alpha_pr  ls
2010  6.0892306e-05 2.93e-10 3.25e-02 -11.0 1.45e-05  -0.2 1.00e+00 1.00e+00h  1
2011  6.0877975e-05 9.39e-09 1.39e-03 -11.0 4.04e-04    -  1.00e+00 1.00e+00h  1
2012  6.0875763e-05 1.37e-10 2.36e-02 -11.0 9.11e-06   0.2 1.00e+00 1.00e+00h  1
2013  6.0811343e-05 5.65e-08 4.89e-01 -11.0 1.81e-03    -  1.00e+00 1.00e+00h  1
2014  6.0784688e-05 7.63e-08 1.38e-01 -11.0 5.48e-01    -  1.00e+00 1.95e-03h 10
2015  6.0782452e-05 7.48e-08 2.38e-01 -11.0 6.26e-03    -  1.00e+00 3.12e-02h  6
2016  6.0763022e-05 1.36e-07 9.00e-01 -11.0 2.06e-03    -  1.00e+00 1.00e+00h  1
2017  6.0748645e-05 3.13e-11 3.57e-01 -11.0 6.35e-06   1.1 1.00e+00 1.00e+00h  1
2018  6.0680375e-05 1.87e-09 1.99e-02 -11.0 3.16e-04    -  1.00e+00 1.00e+00h  1
2019  6.0679387e-05 3.51e-12 1.67e-02 -11.0 3.96e-06   0.6 1.00e+00 1.00e+00h  1
iter    objective    inf_pr   inf_du lg(mu)  ||d||  lg(rg) alpha_du alpha_pr  ls
2020  6.0661150e-05 9.11e-09 6.96e-03 -11.0 2.83e-04    -  1.00e+00 1.00e+00h  1
2021  6.0657489e-05 1.01e-10 3.61e-02 -11.0 1.25e-05   0.1 1.00e+00 1.00e+00h  1
2022  6.0653393e-05 4.08e-11 5.04e-03 -11.0 2.70e-05  -0.4 1.00e+00 1.00e+00h  1
2023  6.0643773e-05 9.39e-09 3.87e-01 -11.0 1.21e-03    -  1.00e+00 2.50e-01h  3
2024  6.0642009e-05 5.32e-13 9.97e-02 -11.0 1.59e-06   1.4 1.00e+00 1.00e+00h  1
2025  6.0617516e-05 2.08e-08 6.85e-02 -11.0 4.55e-04    -  1.00e+00 1.00e+00h  1
2026  6.0617334e-05 7.14e-13 4.53e-03 -11.0 1.47e-06   0.9 1.00e+00 1.00e+00h  1
2027  6.0613552e-05 1.15e-09 2.67e-02 -11.0 1.12e-04    -  1.00e+00 1.00e+00h  1
2028  6.0612203e-05 1.04e-09 5.53e+00 -11.0 1.57e-03    -  1.00e+00 3.12e-02h  6
2029  6.0608312e-05 7.66e-09 2.58e-01 -11.0 1.90e-04    -  1.00e+00 1.00e+00h  1
iter    objective    inf_pr   inf_du lg(mu)  ||d||  lg(rg) alpha_du alpha_pr  ls
2030  6.0597823e-05 1.03e-08 3.35e-01 -11.0 1.29e-03    -  1.00e+00 2.50e-01h  3
2031  6.0602992e-05 1.19e-08 1.04e+00 -11.0 1.28e-04   0.4 1.00e+00 1.00e+00h  1
2032  6.0596413e-05 1.34e-10 1.04e-01 -11.0 2.59e-05  -0.0 1.00e+00 1.00e+00h  1
2033  6.0593288e-05 7.84e-11 4.95e-02 -11.0 1.71e-05  -0.5 1.00e+00 1.00e+00h  1
2034  6.0588119e-05 1.09e-09 7.29e-02 -11.0 1.02e-04    -  1.00e+00 1.00e+00h  1
2035  6.0584544e-05 2.10e-09 3.37e-02 -11.0 1.28e-03    -  1.00e+00 6.25e-02h  5
2036  6.0579555e-05 6.67e-08 2.63e-01 -11.0 7.36e-04    -  1.00e+00 1.00e+00h  1
2037  6.0573854e-05 9.56e-08 6.27e-02 -11.0 1.76e-02    -  1.00e+00 3.12e-02h  6
2038  6.0565678e-05 1.10e-07 9.56e-02 -11.0 9.63e-03    -  1.00e+00 6.25e-02h  5
2039  6.0560871e-05 1.29e-09 2.23e-01 -11.0 4.57e-05   1.2 1.00e+00 1.00e+00h  1
iter    objective    inf_pr   inf_du lg(mu)  ||d||  lg(rg) alpha_du alpha_pr  ls
2040  6.0551785e-05 9.80e-09 4.52e-02 -11.0 2.77e-03    -  1.00e+00 1.25e-01h  4
2041  6.0549270e-05 3.26e-11 3.91e-02 -11.0 4.30e-06   0.7 1.00e+00 1.00e+00h  1
2042  6.0539448e-05 1.15e-08 7.03e-03 -11.0 3.58e-04    -  1.00e+00 1.00e+00h  1
2043  6.0539047e-05 2.26e-12 1.34e-02 -11.0 3.99e-06   0.2 1.00e+00 1.00e+00h  1
2044  6.0538867e-05 1.96e-13 7.80e-04 -11.0 1.58e-06   0.7 1.00e+00 1.00e+00h  1
2045  6.0536064e-05 6.67e-09 5.84e-02 -11.0 9.54e-04    -  1.00e+00 5.00e-01h  2
2046  6.0531159e-05 7.73e-09 3.67e-02 -11.0 7.78e-03    -  1.00e+00 3.12e-02h  6
2047  6.0530501e-05 2.05e-08 2.18e-01 -11.0 2.58e-03    -  1.00e+00 2.50e-01h  3
2048  6.0509750e-05 1.48e-07 7.36e-02 -11.0 2.58e-02    -  1.00e+00 6.25e-02h  5
2049  6.0464667e-05 5.51e-10 6.19e-02 -11.0 5.33e-05  -0.3 1.00e+00 1.00e+00h  1
iter    objective    inf_pr   inf_du lg(mu)  ||d||  lg(rg) alpha_du alpha_pr  ls
2050  6.0461838e-05 1.92e-11 2.71e-02 -11.0 5.36e-06   0.1 1.00e+00 1.00e+00h  1
2051  6.0444039e-05 5.77e-08 2.12e-02 -11.0 1.36e-03    -  1.00e+00 1.00e+00h  1
2052  6.0436429e-05 5.87e-08 8.13e-02 -11.0 1.02e-01    -  1.00e+00 3.91e-03h  9
2053  6.0420338e-05 2.02e-07 8.69e-02 -11.0 1.98e-02    -  1.00e+00 1.25e-01h  4
2054  6.0410957e-05 2.06e-07 1.27e-01 -11.0 1.40e-01    -  1.00e+00 3.91e-03h  9
2055  6.0386224e-05 2.49e-07 7.71e-01 -11.0 3.34e-02    -  1.00e+00 6.25e-02h  5
2056  6.0344238e-05 5.92e-07 1.74e+00 -11.0 5.66e-01    -  1.00e+00 7.81e-03h  8
2057  6.0258966e-05 1.45e-06 3.69e+00 -11.0 3.45e+00    -  1.00e+00 1.95e-03h 10
2058  6.0251479e-05 1.45e-09 3.41e-01 -11.0 7.19e-05   0.9 1.00e+00 1.00e+00h  1
2059  6.0241849e-05 1.15e-09 3.06e-01 -11.0 1.08e-03    -  1.00e+00 1.25e-01h  4
iter    objective    inf_pr   inf_du lg(mu)  ||d||  lg(rg) alpha_du alpha_pr  ls
2060  6.0249590e-05 6.35e-11 7.87e-02 -11.0 3.17e-03    -  1.00e+00 1.00e+00H  1
2061  6.0237068e-05 4.74e-10 1.24e+00 -11.0 3.19e-05  -0.0 1.00e+00 1.00e+00h  1
2062  6.0226125e-05 2.08e-08 2.33e-02 -11.0 9.46e-04    -  1.00e+00 1.00e+00h  1
2063  6.0226121e-05 2.17e-08 1.73e-01 -11.0 1.43e-02    -  1.00e+00 7.81e-03h  8
2064  6.0221422e-05 1.61e-10 1.14e-02 -11.0 2.53e-05  -0.5 1.00e+00 1.00e+00h  1
2065  6.0218574e-05 5.83e-10 3.08e-02 -11.0 1.06e-04    -  1.00e+00 1.00e+00h  1
2066  6.0217431e-05 1.89e-11 4.79e-03 -11.0 7.65e-06  -0.1 1.00e+00 1.00e+00h  1
2067  6.0217386e-05 4.62e-14 5.03e-04 -11.0 5.26e-07   1.3 1.00e+00 1.00e+00h  1
2068  6.0205498e-05 9.83e-09 3.06e-02 -11.0 2.66e-04    -  1.00e+00 1.00e+00h  1
2069  6.0205035e-05 2.51e-12 3.43e-02 -11.0 2.15e-06   0.8 1.00e+00 1.00e+00h  1
iter    objective    inf_pr   inf_du lg(mu)  ||d||  lg(rg) alpha_du alpha_pr  ls
2070  6.0204874e-05 1.49e-13 8.82e-04 -11.0 6.91e-07   1.2 1.00e+00 1.00e+00h  1
2071  6.0204517e-05 9.51e-13 7.33e-02 -11.0 1.91e-06   0.7 1.00e+00 1.00e+00h  1
2072  6.0194225e-05 2.02e-08 1.03e-02 -11.0 4.26e-04    -  1.00e+00 1.00e+00h  1
2073  6.0194099e-05 2.04e-08 4.80e-02 -11.0 1.22e-02    -  1.00e+00 7.81e-03h  8
2074  6.0202836e-05 1.18e-08 4.69e-01 -11.0 2.71e-04    -  1.00e+00 5.00e-01h  2
2075  6.0190146e-05 2.16e-10 3.40e-02 -11.0 1.94e-05  -0.3 1.00e+00 1.00e+00h  1
2076  6.0188115e-05 8.69e-11 2.01e-03 -11.0 2.78e-05    -  1.00e+00 1.00e+00h  1
2077  6.0185844e-05 6.75e-10 5.31e-02 -11.0 5.73e-05    -  1.00e+00 1.00e+00h  1
2078  6.0188942e-05 5.55e-12 1.59e-01 -11.0 7.90e-05  -1.2 1.00e+00 1.00e+00H  1
2079  6.0181982e-05 1.97e-09 1.31e-02 -11.0 1.05e-04  -1.7 1.00e+00 1.00e+00h  1
iter    objective    inf_pr   inf_du lg(mu)  ||d||  lg(rg) alpha_du alpha_pr  ls
2080  6.0176816e-05 5.79e-09 5.01e-03 -11.0 4.80e-04    -  1.00e+00 5.00e-01h  2
2081  6.0172496e-05 2.44e-08 3.46e-01 -11.0 1.24e-03    -  1.00e+00 2.50e-01h  3
2082  6.0167449e-05 1.34e-09 1.34e-01 -11.0 5.27e-05   1.0 1.00e+00 1.00e+00h  1
2083  6.0173110e-05 3.15e-11 5.90e-01 -11.0 1.83e-03    -  1.00e+00 1.00e+00H  1
2084  6.0166329e-05 3.99e-08 3.01e-01 -11.0 1.67e-02    -  1.00e+00 3.12e-02h  6
2085  6.0133284e-05 4.29e-10 1.88e-01 -11.0 3.51e-05  -0.0 1.00e+00 1.00e+00h  1
2086  6.0130994e-05 1.29e-08 1.64e-02 -11.0 2.68e-04    -  1.00e+00 1.00e+00h  1
2087  6.0132787e-05 1.19e-09 1.58e-01 -11.0 6.24e-05  -1.0 1.00e+00 1.00e+00h  1
2088  6.0125580e-05 3.29e-10 6.75e-02 -11.0 1.47e-05  -0.5 1.00e+00 1.00e+00h  1
2089  6.0122990e-05 3.26e-11 2.91e-02 -11.0 3.16e-05  -1.0 1.00e+00 1.00e+00h  1
iter    objective    inf_pr   inf_du lg(mu)  ||d||  lg(rg) alpha_du alpha_pr  ls
2090  6.0118351e-05 5.80e-10 1.03e-01 -11.0 1.07e-04  -1.5 1.00e+00 1.00e+00h  1
2091  6.0118205e-05 5.90e-14 3.59e-01 -11.0 3.36e-07   1.6 1.00e+00 1.00e+00h  1
2092  6.0117819e-05 4.66e-13 5.10e-04 -11.0 9.00e-07   1.2 1.00e+00 1.00e+00h  1
2093  6.0117099e-05 2.63e-12 5.43e-02 -11.0 2.00e-06   0.7 1.00e+00 1.00e+00h  1
2094  6.0106089e-05 2.17e-09 6.48e-02 -11.0 2.57e-04    -  1.00e+00 1.00e+00h  1
2095  6.0105970e-05 3.10e-13 4.95e-03 -11.0 6.79e-07   1.1 1.00e+00 1.00e+00h  1
2096  6.0105921e-05 1.48e-14 1.94e-02 -11.0 2.47e-07   1.5 1.00e+00 1.00e+00h  1
2097  6.0105795e-05 1.03e-13 1.10e-02 -11.0 6.81e-07   1.1 1.00e+00 1.00e+00h  1
2098  6.0099888e-05 3.24e-09 3.11e-02 -11.0 2.92e-04    -  1.00e+00 1.00e+00h  1
2099  6.0098056e-05 2.86e-09 1.05e-01 -11.0 1.54e-03    -  1.00e+00 6.25e-02h  5
iter    objective    inf_pr   inf_du lg(mu)  ||d||  lg(rg) alpha_du alpha_pr  ls
2100  6.0097239e-05 6.86e-12 1.92e-02 -11.0 2.80e-06   0.6 1.00e+00 1.00e+00h  1
2101  6.0093764e-05 9.10e-10 7.36e-02 -11.0 1.12e-04    -  1.00e+00 1.00e+00h  1
2102  6.0093710e-05 1.35e-13 1.56e-03 -11.0 5.61e-07   1.0 1.00e+00 1.00e+00h  1
2103  6.0089219e-05 4.65e-09 7.38e-02 -11.0 1.89e-04    -  1.00e+00 1.00e+00h  1
2104  6.0086443e-05 6.69e-09 1.63e-02 -11.0 3.56e-03    -  1.00e+00 3.12e-02h  6
2105  6.0086184e-05 2.06e-12 3.02e-02 -11.0 1.87e-06   1.0 1.00e+00 1.00e+00h  1
2106  6.0082255e-05 9.20e-10 2.37e-02 -11.0 1.27e-04    -  1.00e+00 1.00e+00h  1
2107  6.0082207e-05 5.41e-14 9.20e-03 -11.0 4.81e-07   1.4 1.00e+00 1.00e+00h  1
2108  6.0078375e-05 2.01e-09 1.30e-01 -11.0 1.77e-04    -  1.00e+00 1.00e+00h  1
2109  6.0078179e-05 2.49e-12 2.11e-02 -11.0 2.22e-06   0.9 1.00e+00 1.00e+00h  1
iter    objective    inf_pr   inf_du lg(mu)  ||d||  lg(rg) alpha_du alpha_pr  ls
2110  6.0078113e-05 2.86e-14 1.33e-03 -11.0 4.71e-07   1.3 1.00e+00 1.00e+00h  1
2111  6.0073717e-05 2.96e-09 3.15e-02 -11.0 2.11e-04    -  1.00e+00 1.00e+00h  1
2112  6.0069801e-05 4.07e-09 2.94e-02 -11.0 2.11e-03    -  1.00e+00 6.25e-02h  5
2113  6.0069938e-05 2.31e-10 3.09e-01 -11.0 2.09e-05   0.9 1.00e+00 1.00e+00h  1
2114  6.0069860e-05 1.04e-13 1.05e-02 -11.0 2.95e-07   1.3 1.00e+00 1.00e+00h  1
2115  6.0069675e-05 6.72e-13 3.56e-03 -11.0 8.54e-07   0.8 1.00e+00 1.00e+00h  1
2116  6.0066977e-05 2.32e-09 1.52e-02 -11.0 2.03e-04    -  1.00e+00 1.00e+00h  1
2117  6.0066704e-05 1.66e-12 3.07e-03 -11.0 3.27e-06   0.3 1.00e+00 1.00e+00h  1
2118  6.0066152e-05 8.09e-12 3.37e-02 -11.0 7.96e-06  -0.1 1.00e+00 1.00e+00h  1
2119  6.0062622e-05 4.30e-09 5.90e-02 -11.0 6.12e-04    -  1.00e+00 5.00e-01h  2
iter    objective    inf_pr   inf_du lg(mu)  ||d||  lg(rg) alpha_du alpha_pr  ls
2120  6.0056789e-05 2.03e-08 2.08e-02 -11.0 4.56e-03    -  1.00e+00 1.25e-01h  4
2121  6.0050125e-05 6.32e-10 2.66e-01 -11.0 6.60e-05  -1.1 1.00e+00 1.00e+00h  1
2122  6.0035395e-05 5.56e-08 5.31e-01 -11.0 9.99e-04    -  1.00e+00 1.00e+00h  1
2123  6.0034608e-05 1.15e-12 1.53e-01 -11.0 1.58e-06   1.1 1.00e+00 1.00e+00h  1
2124  6.0024778e-05 5.98e-08 8.25e-03 -11.0 1.03e-03    -  1.00e+00 1.00e+00h  1
2125  6.0024726e-05 7.23e-13 1.14e-02 -11.0 9.03e-07   1.6 1.00e+00 1.00e+00h  1
2126  6.0024544e-05 1.44e-13 2.65e-02 -11.0 1.30e-06   1.1 1.00e+00 1.00e+00h  1
2127  6.0024477e-05 2.02e-14 3.20e-05 -11.0 4.86e-07   1.5 1.00e+00 1.00e+00h  1
2128  6.0024282e-05 1.71e-13 1.25e-02 -11.0 1.45e-06   1.0 1.00e+00 1.00e+00h  1
2129  6.0011504e-05 5.29e-08 1.25e-01 -11.0 9.55e-04    -  1.00e+00 1.00e+00h  1
iter    objective    inf_pr   inf_du lg(mu)  ||d||  lg(rg) alpha_du alpha_pr  ls
2130  6.0007516e-05 2.95e-11 1.97e-02 -11.0 6.46e-06   0.6 1.00e+00 1.00e+00h  1
2131  5.9998459e-05 1.40e-08 4.59e-03 -11.0 5.13e-04    -  1.00e+00 1.00e+00h  1
2132  5.9998119e-05 6.90e-13 5.51e-03 -11.0 1.40e-06   1.0 1.00e+00 1.00e+00h  1
2133  5.9979516e-05 4.09e-08 2.34e-01 -11.0 1.19e-03    -  1.00e+00 1.00e+00h  1
2134  5.9977633e-05 4.85e-08 1.98e-01 -11.0 1.26e-01    -  1.00e+00 3.91e-03h  9
2135  5.9975101e-05 1.18e-09 1.57e-01 -11.0 3.82e-05   0.5 1.00e+00 1.00e+00h  1
2136  5.9973912e-05 1.10e-12 9.47e-03 -11.0 2.55e-06   0.9 1.00e+00 1.00e+00h  1
2137  5.9959429e-05 6.23e-08 2.61e-02 -11.0 1.17e-03    -  1.00e+00 1.00e+00h  1
2138  5.9944313e-05 1.46e-07 5.10e-01 -11.0 1.76e-01    -  1.00e+00 7.81e-03h  8
2139  5.9923080e-05 1.28e-09 6.03e-02 -11.0 3.78e-05  -0.5 1.00e+00 1.00e+00h  1
iter    objective    inf_pr   inf_du lg(mu)  ||d||  lg(rg) alpha_du alpha_pr  ls
2140  5.9885331e-05 5.62e-07 1.37e+00 -11.0 3.73e-03    -  1.00e+00 1.00e+00h  1
2141  5.9893205e-05 8.73e-09 2.12e-02 -11.0 1.20e-04  -1.0 1.00e+00 1.00e+00h  1
2142  5.9859381e-05 6.17e-07 1.68e+00 -11.0 3.99e-03    -  1.00e+00 1.00e+00h  1
2143  5.9858829e-05 3.09e-07 1.19e+00 -11.0 9.74e-05  -0.6 1.00e+00 5.00e-01h  2
2144  5.9832698e-05 1.84e-09 5.18e-01 -11.0 4.08e-04    -  1.00e+00 1.00e+00h  1
2145  5.9819642e-05 4.77e-08 4.36e-03 -11.0 7.94e-03    -  1.00e+00 1.25e-01h  4
2146  5.9783684e-05 1.53e-07 2.42e-01 -11.0 7.30e-02    -  1.00e+00 3.12e-02h  6
2147  5.9753315e-05 3.36e-07 1.89e+00 -11.0 7.70e-01    -  1.00e+00 3.91e-03h  9
2148  5.9739555e-05 5.19e-07 3.74e+00 -11.0 6.38e-01    -  1.00e+00 3.91e-03h  9
2149  5.9737271e-05 6.92e-11 6.27e-02 -11.0 1.58e-05   1.2 1.00e+00 1.00e+00h  1
iter    objective    inf_pr   inf_du lg(mu)  ||d||  lg(rg) alpha_du alpha_pr  ls
2150  5.9724893e-05 3.10e-08 2.00e-02 -11.0 1.32e-03    -  1.00e+00 1.00e+00h  1
2151  5.9721534e-05 1.35e-11 6.25e-02 -11.0 6.73e-06   0.7 1.00e+00 1.00e+00h  1
2152  5.9713227e-05 5.24e-10 1.35e-01 -11.0 1.89e-04    -  1.00e+00 1.00e+00h  1
2153  5.9711303e-05 8.35e-10 4.35e-02 -11.0 2.41e-04    -  1.00e+00 2.50e-01h  3
2154  5.9710186e-05 3.14e-09 8.70e-02 -11.0 4.74e-04    -  1.00e+00 5.00e-01h  2
2155  5.9704401e-05 3.38e-09 1.17e-01 -11.0 3.29e-05   0.2 1.00e+00 1.00e+00h  1
2156  5.9694344e-05 2.88e-09 3.22e-02 -11.0 3.64e-04    -  1.00e+00 1.00e+00h  1
2157  5.9693568e-05 1.87e-09 9.63e-03 -11.0 4.27e-05  -0.3 1.00e+00 1.00e+00h  1
2158  5.9661976e-05 3.49e-08 5.42e-01 -11.0 7.40e-04    -  1.00e+00 1.00e+00h  1
2159  5.9634418e-05 4.58e-07 7.20e-01 -11.0 9.21e-02    -  1.00e+00 1.56e-02h  7
iter    objective    inf_pr   inf_du lg(mu)  ||d||  lg(rg) alpha_du alpha_pr  ls
2160  5.9630884e-05 4.74e-07 1.03e+00 -11.0 3.60e-02    -  1.00e+00 7.81e-03h  8
2161  5.9642107e-05 2.50e-07 5.32e-01 -11.0 8.29e-04    -  1.00e+00 5.00e-01h  2
2162  5.9636412e-05 2.25e-07 5.69e-02 -11.0 1.73e-03    -  1.00e+00 1.25e-01h  4
2163  5.9681920e-05 7.64e-10 1.47e-01 -11.0 1.30e-03    -  1.00e+00 1.00e+00H  1
2164  5.9650329e-05 4.84e-10 8.38e-03 -11.0 2.81e-05   0.1 1.00e+00 1.00e+00h  1
2165  5.9596125e-05 1.90e-07 6.06e-01 -11.0 1.11e-03    -  1.00e+00 1.00e+00h  1
2166  5.9609643e-05 1.88e-07 2.60e-02 -11.0 3.68e-03    -  1.00e+00 3.12e-02h  6
2167  5.9600277e-05 2.01e-09 1.98e-02 -11.0 4.62e-05   0.5 1.00e+00 1.00e+00h  1
2168  5.9587759e-05 2.87e-10 1.90e-01 -11.0 1.90e-05   0.0 1.00e+00 1.00e+00h  1
2169  5.9580754e-05 3.95e-09 1.05e-02 -11.0 1.35e-04    -  1.00e+00 1.00e+00h  1
iter    objective    inf_pr   inf_du lg(mu)  ||d||  lg(rg) alpha_du alpha_pr  ls
2170  5.9644786e-05 1.16e-09 4.17e-01 -11.0 7.19e-04    -  1.00e+00 1.00e+00H  1
2171  5.9634838e-05 1.02e-09 4.08e-01 -11.0 1.42e-03    -  1.00e+00 6.25e-02h  5
2172  5.9614168e-05 1.04e-09 2.13e-01 -11.0 4.35e-05  -0.0 1.00e+00 1.00e+00h  1
2173  5.9575064e-05 7.39e-08 1.69e-01 -11.0 5.28e-04    -  1.00e+00 1.00e+00h  1
2174  5.9572058e-05 7.56e-08 3.40e-01 -11.0 5.11e-03    -  1.00e+00 3.12e-02h  6
2175  5.9573342e-05 1.50e-09 2.69e-01 -11.0 4.33e-05  -1.0 1.00e+00 1.00e+00h  1
2176  5.9562481e-05 4.95e-09 2.02e-03 -11.0 1.59e-04    -  1.00e+00 1.00e+00h  1
2177  5.9565184e-05 1.36e-09 1.06e-02 -11.0 1.03e-04  -1.4 1.00e+00 1.00e+00h  1
2178  5.9560085e-05 1.61e-09 2.46e+00 -11.0 1.38e-04    -  1.00e+00 1.00e+00h  1
2179  5.9557742e-05 1.68e-08 4.10e-01 -11.0 2.33e-04    -  1.00e+00 1.00e+00h  1
iter    objective    inf_pr   inf_du lg(mu)  ||d||  lg(rg) alpha_du alpha_pr  ls
2180  5.9559875e-05 2.43e-08 2.94e-02 -11.0 1.92e-04    -  1.00e+00 1.00e+00h  1
2181  5.9545580e-05 5.68e-09 9.19e-01 -11.0 1.84e-04    -  1.00e+00 1.00e+00H  1
2182  5.9572353e-05 1.69e-09 1.17e-01 -11.0 2.85e-04    -  1.00e+00 1.00e+00H  1
2183  5.9526371e-05 3.58e-08 5.35e-01 -11.0 1.87e-04    -  1.00e+00 1.00e+00h  1
2184  5.9613206e-05 8.18e-11 8.56e-01 -11.0 2.82e-04    -  1.00e+00 1.00e+00H  1
2185  5.9597160e-05 3.42e-11 3.01e-01 -11.0 5.60e-06   1.2 1.00e+00 1.00e+00h  1
2186  5.9521055e-05 2.24e-08 6.83e-03 -11.0 1.70e-04    -  1.00e+00 1.00e+00h  1
2187  5.9525795e-05 4.22e-08 4.08e-02 -11.0 1.70e-04   0.7 1.00e+00 1.00e+00h  1
2188  5.9523663e-05 4.31e-08 1.01e-01 -11.0 4.19e-04    -  1.00e+00 2.50e-01h  3
2189  5.9513158e-05 3.38e-08 4.53e-02 -11.0 2.06e-04    -  1.00e+00 1.00e+00H  1
iter    objective    inf_pr   inf_du lg(mu)  ||d||  lg(rg) alpha_du alpha_pr  ls
2190  5.9513670e-05 1.74e-08 3.08e-01 -11.0 1.37e-04    -  1.00e+00 1.00e+00h  1
2191  5.9513300e-05 8.55e-10 5.01e-02 -11.0 2.55e-05   1.2 1.00e+00 1.00e+00h  1
2192  5.9509093e-05 1.16e-11 4.47e-02 -11.0 5.06e-06   0.7 1.00e+00 1.00e+00h  1
2193  5.9504602e-05 5.85e-09 6.47e-03 -11.0 8.48e-05    -  1.00e+00 1.00e+00h  1
2194  5.9502603e-05 7.54e-09 1.11e+00 -11.0 7.99e-05  -0.3 1.00e+00 1.00e+00h  1
2195  5.9502331e-05 2.26e-10 1.57e-01 -11.0 1.98e-05  -0.7 1.00e+00 1.00e+00h  1
2196  5.9500749e-05 1.69e-09 1.26e-01 -11.0 4.24e-05    -  1.00e+00 1.00e+00h  1
2197  5.9502984e-05 6.81e-10 2.59e-02 -11.0 1.50e-04    -  1.00e+00 1.00e+00H  1
2198  5.9500445e-05 2.33e-09 1.60e-02 -11.0 1.34e-04    -  1.00e+00 2.50e-01h  3
2199  5.9494169e-05 2.44e-09 2.57e+00 -11.0 8.89e-05    -  1.00e+00 1.00e+00h  1
iter    objective    inf_pr   inf_du lg(mu)  ||d||  lg(rg) alpha_du alpha_pr  ls
2200  5.9493086e-05 4.61e-08 7.21e-03 -11.0 8.58e-04    -  1.00e+00 2.50e-01h  3
2201  5.9491078e-05 4.33e-08 1.09e-01 -11.0 1.06e-03    -  1.00e+00 6.25e-02h  5
2202  5.9485642e-05 6.21e-08 1.93e-02 -11.0 2.07e-04  -1.3 1.00e+00 1.00e+00h  1
2203  5.9484731e-05 8.66e-12 2.86e-03 -11.0 7.12e-06   0.1 1.00e+00 1.00e+00h  1
2204  5.9480616e-05 1.37e-09 1.45e-01 -11.0 1.13e-04    -  1.00e+00 1.00e+00h  1
2205  5.9475636e-05 1.21e-08 7.81e-03 -11.0 8.79e-02    -  1.00e+00 3.91e-03h  9
2206  5.9470005e-05 1.08e-10 6.17e-02 -11.0 2.01e-05  -0.4 1.00e+00 1.00e+00h  1
2207  5.9458358e-05 5.49e-08 1.06e-02 -11.0 7.55e-04    -  1.00e+00 1.00e+00h  1
2208  5.9452861e-05 6.41e-08 1.98e-01 -11.0 7.07e-03    -  1.00e+00 6.25e-02h  5
2209  5.9417176e-05 5.58e-07 7.63e-01 -11.0 4.42e-02    -  1.00e+00 6.25e-02h  5
iter    objective    inf_pr   inf_du lg(mu)  ||d||  lg(rg) alpha_du alpha_pr  ls
2210  5.9409352e-05 2.28e-10 7.23e-03 -11.0 3.82e-05  -0.0 1.00e+00 1.00e+00h  1
2211  5.9408971e-05 4.21e-13 1.12e-02 -11.0 1.88e-06   1.3 1.00e+00 1.00e+00h  1
2212  5.9374275e-05 1.34e-08 1.52e-02 -11.0 3.26e-04    -  1.00e+00 1.00e+00h  1
2213  5.9370974e-05 2.57e-09 1.29e-02 -11.0 5.04e-05   1.7 1.00e+00 1.00e+00h  1
2214  5.9367120e-05 1.65e-08 3.06e-01 -11.0 2.04e-03    -  1.00e+00 2.50e-01h  3
2215  5.9358137e-05 1.65e-07 2.17e-01 -11.0 2.48e-02    -  1.00e+00 6.25e-02h  5
2216  5.9352831e-05 4.93e-11 1.95e-01 -11.0 3.40e-06   1.2 1.00e+00 1.00e+00h  1
2217  5.9342342e-05 5.03e-12 4.96e-03 -11.0 7.59e-06   0.8 1.00e+00 1.00e+00h  1
2218  5.9318279e-05 3.40e-08 9.69e-03 -11.0 7.78e-04    -  1.00e+00 1.00e+00h  1
2219  5.9318065e-05 6.29e-11 4.36e-03 -11.0 7.40e-06   1.2 1.00e+00 1.00e+00h  1
iter    objective    inf_pr   inf_du lg(mu)  ||d||  lg(rg) alpha_du alpha_pr  ls
2220  5.9317463e-05 1.02e-12 7.75e-03 -11.0 3.99e-06   0.7 1.00e+00 1.00e+00h  1
2221  5.9305324e-05 6.44e-08 1.46e-02 -11.0 1.06e-03    -  1.00e+00 1.00e+00h  1
2222  5.9305279e-05 9.72e-13 1.59e-02 -11.0 1.74e-06   1.1 1.00e+00 1.00e+00h  1
2223  5.9304704e-05 3.20e-12 1.68e-02 -11.0 1.91e-06   0.7 1.00e+00 1.00e+00h  1
2224  5.9281195e-05 2.49e-07 9.96e-02 -11.0 2.11e-03    -  1.00e+00 1.00e+00h  1
2225  5.9278204e-05 2.50e-07 1.44e-01 -11.0 2.38e-01    -  1.00e+00 9.77e-04h 11
2226  5.9270012e-05 4.89e-10 2.30e-01 -11.0 2.58e-05  -0.3 1.00e+00 1.00e+00h  1
2227  5.9254791e-05 2.13e-07 1.23e-01 -11.0 2.03e-03    -  1.00e+00 1.00e+00h  1
2228  5.9255241e-05 2.21e-10 1.04e-02 -11.0 1.32e-05   1.5 1.00e+00 1.00e+00h  1
2229  5.9254856e-05 7.07e-13 5.54e-03 -11.0 1.81e-06   1.0 1.00e+00 1.00e+00h  1
iter    objective    inf_pr   inf_du lg(mu)  ||d||  lg(rg) alpha_du alpha_pr  ls
2230  5.9244771e-05 3.12e-08 3.72e-03 -11.0 8.92e-04    -  1.00e+00 1.00e+00h  1
2231  5.9244787e-05 2.22e-13 1.75e-03 -11.0 7.46e-07   1.4 1.00e+00 1.00e+00h  1
2232  5.9244623e-05 7.47e-13 2.74e-03 -11.0 1.74e-06   0.9 1.00e+00 1.00e+00h  1
2233  5.9235973e-05 1.10e-08 8.70e-02 -11.0 4.26e-04    -  1.00e+00 1.00e+00h  1
2234  5.9233756e-05 1.51e-09 6.83e-02 -11.0 4.50e-05   0.5 1.00e+00 1.00e+00h  1
2235  5.9232410e-05 8.06e-12 1.33e-02 -11.0 9.73e-06  -0.0 1.00e+00 1.00e+00h  1
2236  5.9228619e-05 4.84e-09 9.79e-02 -11.0 4.08e-04    -  1.00e+00 1.00e+00h  1
2237  5.9228266e-05 1.48e-12 1.87e-02 -11.0 2.38e-06   0.4 1.00e+00 1.00e+00h  1
2238  5.9228200e-05 9.00e-14 1.40e-02 -11.0 7.09e-07   0.8 1.00e+00 1.00e+00h  1
2239  5.9226378e-05 1.30e-09 1.14e-02 -11.0 2.20e-04    -  1.00e+00 1.00e+00h  1
iter    objective    inf_pr   inf_du lg(mu)  ||d||  lg(rg) alpha_du alpha_pr  ls
2240  5.9225705e-05 1.29e-09 4.88e-02 -11.0 4.47e-03    -  1.00e+00 1.56e-02h  7
2241  5.9226443e-05 3.83e-10 7.20e-01 -11.0 1.29e-03    -  1.00e+00 1.00e+00H  1
2242  5.9206289e-05 9.97e-08 2.94e-02 -11.0 7.42e-02    -  1.00e+00 3.12e-02h  6
2243  5.9202193e-05 1.66e-10 1.84e-02 -11.0 1.59e-05   0.7 1.00e+00 1.00e+00h  1
2244  5.9189612e-05 1.44e-08 1.61e-02 -11.0 8.17e-04    -  1.00e+00 1.00e+00h  1
2245  5.9185167e-05 1.95e-08 1.58e-02 -11.0 2.50e-02    -  1.00e+00 1.56e-02h  7
2246  5.9184009e-05 7.40e-10 8.80e-03 -11.0 3.96e-05  -0.2 1.00e+00 1.00e+00h  1
2247  5.9188182e-05 5.30e-10 9.93e-02 -11.0 1.04e-03    -  1.00e+00 1.00e+00H  1
2248  5.9183309e-05 7.80e-09 4.39e-01 -11.0 5.38e-02    -  1.00e+00 1.56e-02h  7
2249  5.9177975e-05 6.65e-10 2.18e-02 -11.0 3.41e-05  -0.7 1.00e+00 1.00e+00h  1
iter    objective    inf_pr   inf_du lg(mu)  ||d||  lg(rg) alpha_du alpha_pr  ls
2250  5.9167438e-05 2.55e-09 7.91e-02 -11.0 1.49e-04    -  1.00e+00 1.00e+00h  1
2251  5.9167403e-05 5.57e-14 8.08e-02 -11.0 2.04e-07   1.5 1.00e+00 1.00e+00h  1
2252  5.9158389e-05 1.29e-09 1.35e-02 -11.0 4.40e-04    -  1.00e+00 1.00e+00h  1
2253  5.9157722e-05 1.45e-09 2.26e-01 -11.0 1.45e-02    -  1.00e+00 1.56e-02h  7
2254  5.9156642e-05 4.50e-10 2.18e-02 -11.0 2.47e-05   1.1 1.00e+00 1.00e+00h  1
2255  5.9144308e-05 3.97e-08 3.66e-01 -11.0 1.94e-03    -  1.00e+00 1.00e+00h  1
2256  5.9118380e-05 1.81e-07 1.18e+00 -11.0 2.15e-01    -  1.00e+00 1.56e-02h  7
2257  5.9111600e-05 2.00e-11 1.67e-01 -11.0 4.05e-06   1.5 1.00e+00 1.00e+00h  1
2258  5.8977852e-05 1.20e-07 2.31e-01 -11.0 3.76e-03    -  1.00e+00 1.00e+00h  1
2259  5.8977129e-05 2.12e-11 5.78e-01 -11.0 2.89e-06   1.0 1.00e+00 1.00e+00h  1
iter    objective    inf_pr   inf_du lg(mu)  ||d||  lg(rg) alpha_du alpha_pr  ls
2260  5.8955009e-05 1.05e-07 1.24e+00 -11.0 2.98e-03    -  1.00e+00 1.00e+00h  1
2261  5.8947143e-05 1.34e-09 1.23e+00 -11.0 4.11e-05   0.5 1.00e+00 1.00e+00h  1
2262  5.8938032e-05 3.13e-09 1.73e+00 -11.0 3.46e-03    -  1.00e+00 1.00e+00H  1
2263  5.8896434e-05 3.88e-07 1.71e+00 -11.0 7.72e-01    -  1.00e+00 7.81e-03h  8
2264  5.8880070e-05 5.71e-11 3.12e-01 -11.0 8.60e-06   0.9 1.00e+00 1.00e+00h  1
2265  5.8759325e-05 1.14e-07 1.51e-01 -11.0 3.61e-03    -  1.00e+00 1.00e+00h  1
2266  5.8749226e-05 1.02e-10 7.79e-02 -11.0 1.29e-05   0.5 1.00e+00 1.00e+00h  1
2267  5.8560164e-05 1.05e-06 1.78e+00 -11.0 1.14e-02    -  1.00e+00 1.00e+00h  1
2268  5.8531122e-05 1.18e-06 2.10e+00 -11.0 1.54e+01    -  1.00e+00 2.44e-04h 13
2269  5.8514371e-05 2.36e-10 2.91e-01 -11.0 2.69e-05   0.9 1.00e+00 1.00e+00h  1
iter    objective    inf_pr   inf_du lg(mu)  ||d||  lg(rg) alpha_du alpha_pr  ls
2270  5.8221369e-05 6.91e-06 9.38e+00 -11.0 2.79e-02    -  1.00e+00 1.00e+00h  1
2271  5.8195638e-05 1.55e-08 1.71e-01 -11.0 7.39e-05   1.3 1.00e+00 1.00e+00h  1
2272  5.8085379e-05 2.72e-06 6.27e+00 -11.0 6.66e-02    -  1.00e+00 2.50e-01h  3
2273  5.8016670e-05 4.41e-06 1.23e+01 -11.0 4.02e+00    -  1.00e+00 3.91e-03h  9
2274  5.7949522e-05 1.89e-08 4.66e-01 -11.0 1.31e-04   0.4 1.00e+00 1.00e+00h  1
2275  5.7810020e-05 1.24e-08 1.43e+00 -11.0 6.52e-05  -0.1 1.00e+00 1.00e+00h  1
2276  5.7707710e-05 2.52e-07 1.16e-02 -11.0 3.92e-03    -  1.00e+00 1.00e+00h  1
2277  5.7679571e-05 3.91e-09 2.09e-01 -11.0 1.75e-04  -0.6 1.00e+00 1.00e+00h  1
2278  5.7573636e-05 3.40e-07 2.33e+00 -11.0 5.74e-03    -  1.00e+00 1.00e+00h  1
2279  5.7512202e-05 1.29e-06 4.56e+00 -11.0 4.68e+01    -  1.00e+00 2.44e-04h 13
iter    objective    inf_pr   inf_du lg(mu)  ||d||  lg(rg) alpha_du alpha_pr  ls
2280  5.7419769e-05 2.12e-08 1.81e-01 -11.0 4.86e-05   0.3 1.00e+00 1.00e+00h  1
2281  5.7292069e-05 8.77e-07 1.29e+01 -11.0 1.14e-02    -  1.00e+00 1.00e+00h  1
2282  5.7282907e-05 9.14e-07 1.57e+01 -11.0 4.46e+00    -  1.00e+00 4.88e-04h 12
2283  5.7250443e-05 4.73e-10 4.24e-02 -11.0 4.44e-05  -0.2 1.00e+00 1.00e+00h  1
2284  5.7208738e-05 2.34e-07 2.99e+00 -11.0 6.01e-03    -  1.00e+00 1.00e+00h  1
2285  5.7205001e-05 1.48e-10 1.65e-02 -11.0 1.92e-05   0.2 1.00e+00 1.00e+00h  1
2286  5.7152794e-05 6.17e-07 1.87e+00 -11.0 1.03e-02    -  1.00e+00 1.00e+00h  1
2287  5.7144828e-05 2.05e-09 5.41e-02 -11.0 6.14e-05  -0.3 1.00e+00 1.00e+00h  1
2288  5.7114558e-05 2.92e-07 2.67e-01 -11.0 7.49e-03    -  1.00e+00 1.00e+00h  1
2289  5.7107866e-05 4.64e-07 2.77e+00 -11.0 3.17e+00    -  1.00e+00 1.95e-03h 10
iter    objective    inf_pr   inf_du lg(mu)  ||d||  lg(rg) alpha_du alpha_pr  ls
2290  5.7002372e-05 1.85e-06 3.82e+00 -11.0 9.57e-01    -  1.00e+00 1.56e-02h  7
2291  5.6994466e-05 1.88e-06 4.49e+00 -11.0 1.46e+00    -  1.00e+00 1.95e-03h 10
2292  5.6909775e-05 2.05e-06 7.70e+00 -11.0 6.85e-01    -  1.00e+00 7.81e-03h  8
2293  5.6799116e-05 1.42e-07 1.01e+01 -11.0 1.01e-04  -0.4 1.00e+00 1.00e+00h  1
2294  5.6556865e-05 1.71e-06 1.83e+01 -11.0 8.07e-03    -  1.00e+00 1.00e+00h  1
2295  5.6534735e-05 1.71e-06 1.93e+01 -11.0 3.12e-01    -  1.00e+00 3.91e-03h  9
2296  5.6605874e-05 1.24e-07 2.24e-01 -11.0 5.40e-05   1.4 1.00e+00 1.00e+00h  1
2297  5.6562519e-05 2.70e-08 3.39e+00 -11.0 2.84e-03    -  1.00e+00 1.00e+00h  1
2298  5.6559566e-05 1.77e-11 9.40e-02 -11.0 3.69e-06   0.9 1.00e+00 1.00e+00h  1
2299  5.6510738e-05 7.06e-08 2.19e-01 -11.0 1.75e-03    -  1.00e+00 1.00e+00h  1
iter    objective    inf_pr   inf_du lg(mu)  ||d||  lg(rg) alpha_du alpha_pr  ls
2300  5.6505945e-05 8.02e-10 2.62e-01 -11.0 1.24e-05   0.4 1.00e+00 1.00e+00h  1
2301  5.6491644e-05 1.64e-08 1.45e-02 -11.0 1.54e-03    -  1.00e+00 1.00e+00h  1
2302  5.6487100e-05 1.72e-08 2.55e-02 -11.0 1.52e-01    -  1.00e+00 3.91e-03h  9
2303  5.6475600e-05 9.33e-11 5.58e-03 -11.0 1.83e-05  -0.0 1.00e+00 1.00e+00h  1
2304  5.6455261e-05 3.41e-08 2.25e-02 -11.0 2.14e-03    -  1.00e+00 1.00e+00h  1
2305  5.6443978e-05 1.52e-09 5.29e-01 -11.0 9.71e-05  -0.5 1.00e+00 1.00e+00h  1
2306  5.6373725e-05 2.27e-07 9.32e-01 -11.0 6.77e-03    -  1.00e+00 1.00e+00h  1
2307  5.6330123e-05 3.43e-10 1.63e-01 -11.0 1.97e-05   0.3 1.00e+00 1.00e+00h  1
2308  5.6219560e-05 4.83e-07 1.17e+00 -11.0 9.39e-03    -  1.00e+00 1.00e+00h  1
2309  5.6200528e-05 3.89e-10 1.79e-01 -11.0 3.94e-05  -0.1 1.00e+00 1.00e+00h  1
iter    objective    inf_pr   inf_du lg(mu)  ||d||  lg(rg) alpha_du alpha_pr  ls
2310  5.6066221e-05 8.52e-07 6.69e-01 -11.0 1.16e-02    -  1.00e+00 1.00e+00h  1
2311  5.6168701e-05 4.31e-07 6.65e-01 -11.0 2.06e-04  -1.1 1.00e+00 5.00e-01h  2
2312  5.5972063e-05 1.47e-06 2.82e+00 -11.0 1.67e-02    -  1.00e+00 1.00e+00h  1
2313  5.5960069e-05 1.19e-09 5.71e-02 -11.0 1.13e-05   1.1 1.00e+00 1.00e+00h  1
2314  5.5911574e-05 2.04e-08 1.08e-01 -11.0 1.66e-03    -  1.00e+00 1.00e+00h  1
2315  5.5906741e-05 1.58e-09 5.57e-02 -11.0 1.01e-05   0.7 1.00e+00 1.00e+00h  1
2316  5.5711134e-05 4.81e-07 2.41e+00 -11.0 8.28e-03    -  1.00e+00 1.00e+00h  1
2317  5.5688478e-05 5.96e-07 3.06e+00 -11.0 9.15e+00    -  1.00e+00 4.88e-04h 12
2318  5.5655054e-05 7.70e-07 2.74e+00 -11.0 1.57e+00    -  1.00e+00 3.91e-03h  9
2319  5.5572003e-05 4.10e-08 2.24e+00 -11.0 6.79e-05   0.1 1.00e+00 1.00e+00h  1
iter    objective    inf_pr   inf_du lg(mu)  ||d||  lg(rg) alpha_du alpha_pr  ls
2320  5.5377093e-05 2.24e-06 1.05e+01 -11.0 1.89e-02    -  1.00e+00 1.00e+00h  1
2321  5.5353827e-05 2.27e-06 1.20e+01 -11.0 8.24e-01    -  1.00e+00 9.77e-04h 11
2322  5.5299324e-05 3.92e-06 1.80e+01 -11.0 8.29e-02    -  1.00e+00 1.25e-01h  4
2323  5.5179640e-05 1.97e-09 5.34e-02 -11.0 6.95e-05   0.1 1.00e+00 1.00e+00h  1
2324  5.5128676e-05 2.28e-09 2.43e-01 -11.0 5.74e-05  -0.4 1.00e+00 1.00e+00h  1
2325  5.5015664e-05 5.55e-07 2.10e+00 -11.0 7.70e-03    -  1.00e+00 1.00e+00h  1
2326  5.4961907e-05 6.88e-07 1.95e+00 -11.0 3.61e+00    -  1.00e+00 9.77e-04h 11
2327  5.5053995e-05 8.00e-08 1.77e-01 -11.0 4.38e-04  -0.9 1.00e+00 1.00e+00h  1
2328  5.4855658e-05 6.14e-07 4.48e+00 -11.0 1.64e-03    -  1.00e+00 1.00e+00h  1
2329  5.4826076e-05 7.61e-07 5.35e+00 -11.0 4.89e-02    -  1.00e+00 6.25e-02h  5
iter    objective    inf_pr   inf_du lg(mu)  ||d||  lg(rg) alpha_du alpha_pr  ls
2330  5.4772880e-05 4.38e-08 4.05e-02 -11.0 7.34e-05  -0.0 1.00e+00 1.00e+00h  1
2331  5.4711143e-05 8.18e-08 3.10e-03 -11.0 3.45e-03    -  1.00e+00 1.00e+00h  1
2332  5.4709270e-05 1.45e-11 1.09e-02 -11.0 9.15e-06   0.4 1.00e+00 1.00e+00h  1
2333  5.4654451e-05 5.19e-08 1.30e-01 -11.0 1.80e-03    -  1.00e+00 1.00e+00h  1
2334  5.4625005e-05 5.37e-10 6.21e-02 -11.0 2.81e-05  -0.1 1.00e+00 1.00e+00h  1
2335  5.4574124e-05 4.65e-08 9.03e-01 -11.0 2.75e-03    -  1.00e+00 1.00e+00h  1
2336  5.4515889e-05 2.95e-07 2.35e+00 -11.0 1.66e+00    -  1.00e+00 3.91e-03h  9
2337  5.4386184e-05 1.73e-09 1.16e-01 -11.0 5.19e-05  -0.1 1.00e+00 1.00e+00h  1
2338  5.4088581e-05 1.27e-06 8.23e-01 -11.0 1.41e-02    -  1.00e+00 1.00e+00h  1
2339  5.3994909e-05 1.96e-06 2.44e+00 -11.0 4.30e+01    -  1.00e+00 2.44e-04h 13
iter    objective    inf_pr   inf_du lg(mu)  ||d||  lg(rg) alpha_du alpha_pr  ls
2340  5.3911706e-05 2.51e-06 3.96e+00 -11.0 4.94e+00    -  1.00e+00 1.95e-03h 10
2341  5.3725554e-05 5.47e-06 8.40e+00 -11.0 1.07e+01    -  1.00e+00 1.95e-03h 10
2342  5.3497268e-05 2.80e-06 8.66e+00 -11.0 5.70e-04  -1.1 1.00e+00 5.00e-01h  2
2343  5.3325643e-05 2.41e-07 5.64e+00 -11.0 6.14e-03    -  1.00e+00 1.00e+00h  1
2344  5.3325510e-05 1.09e-06 1.84e+01 -11.0 2.81e+00    -  1.00e+00 3.91e-03h  9
2345  5.3296068e-05 1.86e-06 3.04e+01 -11.0 2.13e+01    -  1.00e+00 4.88e-04h 12
2346  5.3267430e-05 2.45e-06 4.10e+01 -11.0 9.34e+00    -  1.00e+00 9.77e-04h 11
2347  5.3255150e-05 2.56e-06 4.61e+01 -11.0 3.87e+00    -  1.00e+00 9.77e-04h 11
2348  5.3181058e-05 2.68e-06 5.47e+01 -11.0 2.74e-01    -  1.00e+00 7.81e-03h  8
2349  5.2960666e-05 5.22e-06 8.75e+01 -11.0 8.68e-01    -  1.00e+00 1.56e-02h  7
iter    objective    inf_pr   inf_du lg(mu)  ||d||  lg(rg) alpha_du alpha_pr  ls
2350  5.2850443e-05 3.99e-08 5.30e-02 -11.0 5.75e-05   0.1 1.00e+00 1.00e+00h  1
2351  5.2790726e-05 1.12e-07 4.88e-03 -11.0 2.88e-03    -  1.00e+00 1.00e+00h  1
2352  5.2786059e-05 4.20e-09 9.29e-01 -11.0 1.03e-04  -0.9 1.00e+00 1.00e+00h  1
2353  5.2773730e-05 3.24e-07 1.40e+00 -11.0 7.02e-03    -  1.00e+00 1.00e+00h  1
2354  5.2755416e-05 8.62e-07 1.39e+00 -11.0 4.07e+00    -  1.00e+00 1.95e-03h 10
2355  5.2754858e-05 1.48e-08 4.31e-02 -11.0 7.13e-05   0.4 1.00e+00 1.00e+00h  1
2356  5.2743776e-05 4.40e-08 1.69e-01 -11.0 2.14e-03    -  1.00e+00 1.00e+00h  1
2357  5.2731025e-05 1.20e-08 2.36e-01 -11.0 6.00e-05   0.8 1.00e+00 1.00e+00h  1
2358  5.3016968e-05 1.42e-09 8.33e-01 -11.0 7.61e-03    -  1.00e+00 1.00e+00H  1
2359  5.3004127e-05 1.80e-09 4.78e-01 -11.0 7.87e-01    -  1.00e+00 9.77e-04h 11
iter    objective    inf_pr   inf_du lg(mu)  ||d||  lg(rg) alpha_du alpha_pr  ls
2360  5.2994914e-05 3.12e-09 4.69e-01 -11.0 4.57e+00    -  1.00e+00 1.22e-04h 14
2361  5.2874439e-05 5.30e-10 5.75e-01 -11.0 2.33e-05   0.8 1.00e+00 1.00e+00h  1
2362  5.2588800e-05 8.39e-07 2.84e+00 -11.0 9.28e-03    -  1.00e+00 1.00e+00h  1
2363  5.2572871e-05 1.07e-07 3.83e+02 -11.0 1.49e-04   1.2 1.00e+00 1.00e+00h  1
2364  5.2567116e-05 5.02e-11 2.91e-02 -11.0 9.43e-06   0.7 1.00e+00 1.00e+00h  1
2365  5.2446260e-05 1.03e-06 4.99e+00 -11.0 1.50e-02    -  1.00e+00 1.00e+00h  1
2366  5.2446099e-05 6.55e-11 5.23e-01 -11.0 1.35e-05   1.2 1.00e+00 1.00e+00h  1
2367  5.2409455e-05 1.03e-06 2.90e+00 -11.0 3.16e-02    -  1.00e+00 5.00e-01h  2
2368  5.2399741e-05 3.89e-09 6.89e-02 -11.0 4.32e-05   1.1 1.00e+00 1.00e+00h  1
2369  5.2376023e-05 4.20e-06 2.16e+00 -11.0 3.29e-02    -  1.00e+00 1.00e+00h  1
iter    objective    inf_pr   inf_du lg(mu)  ||d||  lg(rg) alpha_du alpha_pr  ls
2370  5.2362230e-05 4.34e-06 2.25e+00 -11.0 9.05e+01    -  1.00e+00 6.10e-05h 15
2371  5.2315766e-05 1.22e-07 2.97e-01 -11.0 3.07e-04  -0.3 1.00e+00 1.00e+00h  1
2372  5.2264176e-05 3.10e-07 7.45e-01 -11.0 2.69e-02    -  1.00e+00 2.50e-01h  3
2373  5.2202196e-05 6.83e-08 6.21e-02 -11.0 1.05e-04  -0.4 1.00e+00 1.00e+00h  1
2374  5.2146578e-05 6.73e-07 9.11e-01 -11.0 1.23e-02    -  1.00e+00 1.00e+00h  1
2375  5.2131286e-05 4.80e-10 1.77e-02 -11.0 3.05e-05   0.1 1.00e+00 1.00e+00h  1
2376  5.2122440e-05 8.93e-10 3.79e-03 -11.0 3.09e-05  -0.4 1.00e+00 1.00e+00h  1
2377  5.2121944e-05 2.48e-12 9.00e-04 -11.0 2.07e-06   0.9 1.00e+00 1.00e+00h  1
2378  5.2099842e-05 1.31e-07 5.36e-01 -11.0 2.44e-02    -  1.00e+00 2.50e-01h  3
2379  5.2049078e-05 9.74e-09 7.39e+00 -11.0 5.99e-05   0.4 1.00e+00 1.00e+00h  1
iter    objective    inf_pr   inf_du lg(mu)  ||d||  lg(rg) alpha_du alpha_pr  ls
2380  5.2036405e-05 9.42e-08 7.77e-02 -11.0 1.36e-02    -  1.00e+00 2.50e-01h  3
2381  5.2042100e-05 3.26e-10 9.64e-02 -11.0 2.51e-04  -0.0 1.00e+00 1.00e+00H  1
2382  5.2022527e-05 5.73e-09 2.70e-01 -11.0 6.99e-05  -0.5 1.00e+00 1.00e+00h  1
2383  5.2008538e-05 1.73e-09 3.70e-01 -11.0 7.82e-05  -1.0 1.00e+00 1.00e+00h  1
2384  5.2026894e-05 2.13e-09 3.10e-01 -11.0 1.92e-02    -  1.00e+00 1.00e+00H  1
2385  5.2020632e-05 1.72e-09 5.60e-01 -11.0 1.11e+01    -  1.00e+00 6.10e-05h 15
2386  5.2010962e-05 9.63e-12 5.43e-01 -11.0 4.30e-06   1.2 1.00e+00 1.00e+00h  1
2387  5.1992898e-05 1.58e-11 6.92e-03 -11.0 9.13e-06   0.7 1.00e+00 1.00e+00h  1
2388  5.1932473e-05 1.29e-07 1.42e-01 -11.0 6.30e-03    -  1.00e+00 1.00e+00h  1
2389  5.1927412e-05 4.60e-11 1.06e-02 -11.0 1.22e-05   0.2 1.00e+00 1.00e+00h  1
iter    objective    inf_pr   inf_du lg(mu)  ||d||  lg(rg) alpha_du alpha_pr  ls
2390  5.1882647e-05 2.62e-08 2.87e-01 -11.0 3.18e-03    -  1.00e+00 1.00e+00h  1
2391  5.1882701e-05 4.99e-09 8.36e-02 -11.0 4.34e-05   1.1 1.00e+00 1.00e+00h  1
2392  5.1878679e-05 1.39e-11 2.56e-01 -11.0 4.88e-06   0.6 1.00e+00 1.00e+00h  1
2393  5.1877409e-05 1.85e-12 1.13e-01 -11.0 1.75e-06   1.0 1.00e+00 1.00e+00h  1
2394  5.1796152e-05 2.28e-07 8.39e-01 -11.0 8.76e-03    -  1.00e+00 1.00e+00h  1
2395  5.1793704e-05 2.50e-09 1.06e-01 -11.0 3.66e-05   0.6 1.00e+00 1.00e+00h  1
2396  5.1754884e-05 1.36e-06 3.08e+00 -11.0 4.08e-02    -  1.00e+00 5.00e-01h  2
2397  5.1673878e-05 2.45e-09 1.75e+00 -11.0 2.76e-05   0.5 1.00e+00 1.00e+00h  1
2398  5.1636426e-05 4.73e-10 2.33e-02 -11.0 2.66e-05   0.0 1.00e+00 1.00e+00h  1
2399  5.1597961e-05 1.79e-07 2.83e-02 -11.0 7.49e-03    -  1.00e+00 1.00e+00h  1
iter    objective    inf_pr   inf_du lg(mu)  ||d||  lg(rg) alpha_du alpha_pr  ls
2400  5.1559082e-05 3.20e-07 1.39e+00 -11.0 6.31e+00    -  1.00e+00 9.77e-04h 11
2401  5.1495596e-05 7.83e-09 5.33e-02 -11.0 5.26e-05  -0.0 1.00e+00 1.00e+00h  1
2402  5.1415588e-05 7.26e-07 2.47e+00 -11.0 1.45e-02    -  1.00e+00 1.00e+00h  1
2403  5.1399725e-05 7.81e-07 2.95e+00 -11.0 3.17e+01    -  1.00e+00 1.22e-04h 14
2404  5.1379081e-05 2.63e-10 2.58e-02 -11.0 2.61e-05  -0.1 1.00e+00 1.00e+00h  1
2405  5.1327687e-05 4.30e-07 1.93e+00 -11.0 1.08e-02    -  1.00e+00 1.00e+00h  1
2406  5.1304335e-05 5.68e-07 2.10e+00 -11.0 1.27e+01    -  1.00e+00 4.88e-04h 12
2407  5.1245137e-05 6.26e-10 3.10e-01 -11.0 5.36e-05  -0.1 1.00e+00 1.00e+00h  1
2408  5.1109334e-05 2.67e-07 7.81e-01 -11.0 9.03e-03    -  1.00e+00 1.00e+00h  1
2409  5.1091179e-05 5.79e-09 1.44e-01 -11.0 1.09e-04  -0.6 1.00e+00 1.00e+00h  1
iter    objective    inf_pr   inf_du lg(mu)  ||d||  lg(rg) alpha_du alpha_pr  ls
2410  5.0744310e-05 1.90e-06 2.15e+00 -11.0 2.44e-02    -  1.00e+00 1.00e+00h  1
2411  5.0712951e-05 2.04e-06 2.58e+00 -11.0 5.19e+01    -  1.00e+00 1.22e-04h 14
2412  5.0680318e-05 1.28e-09 5.11e-02 -11.0 2.39e-05   0.2 1.00e+00 1.00e+00h  1
2413  5.0599546e-05 6.42e-07 8.75e-01 -11.0 1.43e-02    -  1.00e+00 1.00e+00h  1
2414  5.0598332e-05 2.56e-11 8.29e-03 -11.0 9.07e-06   0.7 1.00e+00 1.00e+00h  1
2415  5.0590230e-05 2.75e-10 1.22e-02 -11.0 2.28e-05   0.2 1.00e+00 1.00e+00h  1
2416  5.0535383e-05 4.16e-07 2.72e+00 -11.0 1.24e-02    -  1.00e+00 1.00e+00h  1
2417  5.0443421e-05 5.90e-07 2.75e+00 -11.0 3.55e+00    -  1.00e+00 1.95e-03h 10
2418  5.0417296e-05 7.22e-07 4.34e+00 -11.0 3.56e+00    -  1.00e+00 1.95e-03h 10
2419  5.0110683e-05 7.61e-08 2.03e-01 -11.0 1.15e-04   0.1 1.00e+00 1.00e+00h  1
iter    objective    inf_pr   inf_du lg(mu)  ||d||  lg(rg) alpha_du alpha_pr  ls
2420  4.9847201e-05 1.19e-06 4.04e+00 -11.0 2.01e-02    -  1.00e+00 1.00e+00h  1
2421  4.9774266e-05 1.47e-06 6.70e+00 -11.0 7.44e+01    -  1.00e+00 1.22e-04h 14
2422  4.9719351e-05 1.87e-09 2.15e-02 -11.0 5.03e-05   0.1 1.00e+00 1.00e+00h  1
2423  4.9591107e-05 1.76e-06 2.15e+00 -11.0 2.45e-02    -  1.00e+00 1.00e+00h  1
2424  4.9435303e-05 2.89e-06 3.27e+00 -11.0 3.53e+01    -  1.00e+00 4.88e-04h 12
2425  4.9348040e-05 8.21e-10 6.84e-02 -11.0 3.53e-05   0.5 1.00e+00 1.00e+00h  1
2426  4.9302890e-05 2.40e-10 2.16e-02 -11.0 2.23e-05   0.0 1.00e+00 1.00e+00h  1
2427  4.8997506e-05 3.70e-06 1.21e+01 -11.0 3.28e-02    -  1.00e+00 1.00e+00h  1
2428  4.8939287e-05 1.34e-09 1.04e-01 -11.0 1.28e-04  -0.4 1.00e+00 1.00e+00h  1
2429  4.8843337e-05 1.00e-08 6.71e-02 -11.0 1.96e-04  -0.9 1.00e+00 1.00e+00h  1
iter    objective    inf_pr   inf_du lg(mu)  ||d||  lg(rg) alpha_du alpha_pr  ls
2430  4.7745796e-05 2.71e-05 1.40e+01 -11.0 8.62e-02    -  1.00e+00 1.00e+00h  1
2431  4.7932037e-05 8.58e-08 1.16e+02 -11.0 2.71e-04   0.4 1.00e+00 1.00e+00h  1
2432  4.7784408e-05 5.71e-09 4.59e-02 -11.0 6.39e-05  -0.1 1.00e+00 1.00e+00h  1
2433  4.7299195e-05 1.89e-05 2.66e+01 -11.0 7.04e-02    -  1.00e+00 1.00e+00h  1
2434  4.7272973e-05 1.90e-05 2.85e+01 -11.0 2.62e+01    -  1.00e+00 1.22e-04h 14
2435  4.7193236e-05 1.90e-05 3.17e+01 -11.0 1.15e+00    -  1.00e+00 3.91e-03h  9
2436  4.7215571e-05 1.90e-05 3.41e+01 -11.0 7.08e-01    -  1.00e+00 3.91e-03h  9
2437  4.7768181e-05 1.72e-05 3.20e+01 -11.0 1.14e-01    -  1.00e+00 1.25e-01h  4
2438  4.7400983e-05 1.80e-05 3.66e+01 -11.0 7.29e-01    -  1.00e+00 3.12e-02h  6
2439  4.7243342e-05 9.06e-06 1.68e+01 -11.0 1.07e-03  -1.1 1.00e+00 5.00e-01h  2
iter    objective    inf_pr   inf_du lg(mu)  ||d||  lg(rg) alpha_du alpha_pr  ls
2440  4.6496086e-05 2.72e-06 2.11e+01 -11.0 2.97e-02    -  1.00e+00 1.00e+00h  1
2441  4.6495954e-05 5.11e-06 4.40e+01 -11.0 1.45e+01    -  1.00e+00 1.95e-03h 10
2442  4.6416191e-05 6.18e-06 5.85e+01 -11.0 7.99e+01    -  1.00e+00 2.44e-04h 13
2443  4.6308250e-05 3.26e-08 3.58e-01 -11.0 2.17e-04  -0.7 1.00e+00 1.00e+00h  1
2444  4.6270679e-05 6.59e-08 3.43e-02 -11.0 4.69e-03    -  1.00e+00 1.00e+00h  1
2445  4.6267610e-05 8.15e-08 1.09e-01 -11.0 2.23e+00    -  1.00e+00 9.77e-04h 11
2446  4.6262403e-05 9.84e-08 3.69e-02 -11.0 1.22e+00    -  1.00e+00 1.95e-03h 10
2447  4.6257012e-05 1.67e-11 1.79e-02 -11.0 7.82e-06   0.2 1.00e+00 1.00e+00h  1
2448  4.6244946e-05 7.52e-08 6.77e-02 -11.0 5.20e-03    -  1.00e+00 1.00e+00h  1
2449  4.6221555e-05 2.70e-07 3.45e-01 -11.0 3.56e+01    -  1.00e+00 2.44e-04h 13
iter    objective    inf_pr   inf_du lg(mu)  ||d||  lg(rg) alpha_du alpha_pr  ls
2450  4.6169558e-05 5.10e-06 2.71e+00 -11.0 4.39e+01    -  1.00e+00 9.77e-04h 11
2451  4.6133627e-05 2.20e-09 1.09e-01 -11.0 4.59e-05   0.1 1.00e+00 1.00e+00h  1
2452  4.6062752e-05 2.63e-06 3.07e+00 -11.0 3.13e-02    -  1.00e+00 1.00e+00h  1
2453  4.6052485e-05 2.71e-06 3.37e+00 -11.0 1.82e+02    -  1.00e+00 3.05e-05h 16
2454  4.6040250e-05 3.13e-06 4.32e+00 -11.0 6.25e+00    -  1.00e+00 1.95e-03h 10
2455  4.5852406e-05 4.16e-06 6.28e+00 -11.0 1.01e+01    -  1.00e+00 1.95e-03h 10
2456  4.5851005e-05 1.50e-09 3.60e-02 -11.0 5.31e-05   0.5 1.00e+00 1.00e+00h  1
2457  4.5796656e-05 3.05e-08 3.71e-01 -11.0 1.05e-03    -  1.00e+00 1.00e+00h  1
2458  4.5791647e-05 1.57e-11 1.31e-01 -11.0 2.17e-05   0.0 1.00e+00 1.00e+00h  1
2459  4.5774697e-05 3.15e-08 2.85e-02 -11.0 3.69e-03    -  1.00e+00 1.00e+00h  1
iter    objective    inf_pr   inf_du lg(mu)  ||d||  lg(rg) alpha_du alpha_pr  ls
2460  4.5773443e-05 1.45e-11 7.27e-02 -11.0 5.00e-06   0.4 1.00e+00 1.00e+00h  1
2461  4.5740347e-05 3.00e-07 5.57e-01 -11.0 1.14e-02    -  1.00e+00 1.00e+00h  1
2462  4.5729415e-05 3.52e-07 6.79e-01 -11.0 4.07e+01    -  1.00e+00 1.22e-04h 14
2463  4.5702966e-05 1.17e-06 1.21e+00 -11.0 1.98e+01    -  1.00e+00 9.77e-04h 11
2464  4.5660936e-05 2.44e-06 1.80e+00 -11.0 9.82e+01    -  1.00e+00 2.44e-04h 13
2465  4.5648920e-05 5.22e-10 3.83e-02 -11.0 2.22e-05   0.4 1.00e+00 1.00e+00h  1
2466  4.5580983e-05 3.97e-07 9.86e-01 -11.0 1.26e-02    -  1.00e+00 1.00e+00h  1
2467  4.5571385e-05 6.14e-10 6.77e-02 -11.0 3.17e-05  -0.1 1.00e+00 1.00e+00h  1
2468  4.5516700e-05 1.23e-06 3.82e-01 -11.0 2.26e-02    -  1.00e+00 1.00e+00h  1
2469  4.5516011e-05 1.31e-06 5.96e-01 -11.0 1.80e+02    -  1.00e+00 3.05e-05h 16
iter    objective    inf_pr   inf_du lg(mu)  ||d||  lg(rg) alpha_du alpha_pr  ls
2470  4.5506164e-05 1.31e-06 9.21e-01 -11.0 1.83e+00    -  1.00e+00 1.95e-03h 10
2471  4.5486452e-05 4.57e-06 1.38e+00 -11.0 1.09e+00    -  1.00e+00 3.12e-02h  6
2472  4.5399681e-05 1.61e-09 1.31e-01 -11.0 8.58e-05  -0.1 1.00e+00 1.00e+00h  1
2473  4.5347256e-05 5.98e-08 8.23e-03 -11.0 4.27e-03    -  1.00e+00 1.00e+00h  1
2474  4.5332440e-05 5.58e-07 1.55e+00 -11.0 9.14e-01    -  1.00e+00 1.56e-02h  7
2475  4.5309437e-05 6.40e-07 2.67e+00 -11.0 9.81e+00    -  1.00e+00 4.88e-04h 12
2476  4.5245050e-05 7.15e-10 4.13e-02 -11.0 7.68e-05  -0.2 1.00e+00 1.00e+00h  1
2477  4.5157662e-05 1.80e-08 3.41e-02 -11.0 2.02e-03    -  1.00e+00 1.00e+00h  1
2478  4.5145119e-05 4.45e-07 2.35e+00 -11.0 1.22e-01    -  1.00e+00 3.12e-02h  6
2479  4.5056626e-05 3.27e-09 1.33e-01 -11.0 8.24e-05  -0.2 1.00e+00 1.00e+00h  1
iter    objective    inf_pr   inf_du lg(mu)  ||d||  lg(rg) alpha_du alpha_pr  ls
2480  4.5011567e-05 8.58e-08 7.39e-02 -11.0 4.72e-03    -  1.00e+00 1.00e+00h  1
2481  4.5005901e-05 8.37e-11 4.36e-03 -11.0 2.19e-05   0.2 1.00e+00 1.00e+00h  1
2482  4.4970757e-05 1.35e-07 3.71e-02 -11.0 6.72e-03    -  1.00e+00 1.00e+00h  1
2483  4.4962209e-05 5.85e-10 3.72e-02 -11.0 5.01e-05  -0.3 1.00e+00 1.00e+00h  1
2484  4.4916324e-05 2.81e-07 4.52e-01 -11.0 1.09e-02    -  1.00e+00 1.00e+00h  1
2485  4.4905204e-05 2.90e-07 5.51e-01 -11.0 1.87e+01    -  1.00e+00 1.22e-04h 14
2486  4.4901639e-05 3.57e-07 1.11e+00 -11.0 1.51e+00    -  1.00e+00 3.91e-03h  9
2487  4.4894383e-05 3.94e-07 1.14e+00 -11.0 2.03e+00    -  1.00e+00 1.95e-03h 10
2488  4.4863516e-05 5.11e-09 4.22e-01 -11.0 1.10e-04  -0.8 1.00e+00 1.00e+00h  1
2489  4.4872623e-05 4.39e-09 1.16e+00 -11.0 1.17e-02    -  1.00e+00 1.00e+00H  1
iter    objective    inf_pr   inf_du lg(mu)  ||d||  lg(rg) alpha_du alpha_pr  ls
2490  4.4970507e-05 1.04e-11 3.71e-01 -11.0 2.92e-04  -1.3 1.00e+00 1.00e+00H  1
2491  4.4772201e-05 1.79e-07 2.90e-01 -11.0 9.77e-03    -  1.00e+00 1.00e+00h  1
2492  4.4758994e-05 1.91e-10 3.58e-02 -11.0 2.57e-05   0.0 1.00e+00 1.00e+00h  1
2493  4.4741050e-05 6.54e-08 1.70e-02 -11.0 5.28e-03    -  1.00e+00 1.00e+00h  1
2494  4.4710242e-05 2.67e-07 3.25e-01 -11.0 1.97e+01    -  1.00e+00 4.88e-04h 12
2495  4.4675825e-05 2.84e-10 2.25e-01 -11.0 3.69e-05  -0.0 1.00e+00 1.00e+00h  1
2496  4.4619586e-05 9.82e-07 6.35e-01 -11.0 2.09e-02    -  1.00e+00 1.00e+00h  1
2497  4.4593807e-05 1.06e-06 8.45e-01 -11.0 2.46e+01    -  1.00e+00 2.44e-04h 13
2498  4.4599746e-05 1.12e-06 8.79e-01 -11.0 1.91e+00    -  1.00e+00 1.95e-03h 10
2499  4.4624701e-05 1.19e-06 1.95e+00 -11.0 1.55e-01    -  1.00e+00 7.81e-03h  8
iter    objective    inf_pr   inf_du lg(mu)  ||d||  lg(rg) alpha_du alpha_pr  ls
2500  4.4627790e-05 1.16e-06 2.10e+00 -11.0 8.67e-02    -  1.00e+00 3.12e-02h  6
2501  4.4624299e-05 1.16e-06 2.10e+00 -11.0 2.14e-01    -  1.00e+00 3.91e-03h  9
2502  4.4625159e-05 1.17e-06 2.02e+00 -11.0 2.23e-02    -  1.00e+00 1.56e-02h  7
2503  4.4642824e-05 6.44e-07 8.72e-01 -11.0 7.77e-03    -  1.00e+00 5.00e-01h  2
2504  4.4598560e-05 7.24e-07 1.27e+00 -11.0 6.56e-01    -  1.00e+00 7.81e-03h  8
2505  4.4589196e-05 7.38e-07 1.32e+00 -11.0 1.60e-01    -  1.00e+00 3.91e-03h  9
2506  4.4543702e-05 7.67e-10 3.30e-01 -11.0 5.14e-05  -0.2 1.00e+00 1.00e+00h  1
2507  4.4519932e-05 3.07e-08 4.70e-01 -11.0 1.89e-03    -  1.00e+00 1.00e+00h  1
2508  4.4519198e-05 3.06e-08 7.77e-03 -11.0 8.42e-03    -  1.00e+00 7.81e-03h  8
2509  4.4516281e-05 6.49e-09 1.02e-01 -11.0 4.00e-04    -  1.00e+00 1.00e+00h  1
iter    objective    inf_pr   inf_du lg(mu)  ||d||  lg(rg) alpha_du alpha_pr  ls
2510  4.4515066e-05 5.47e-10 2.01e-01 -11.0 1.85e-05  -0.2 1.00e+00 1.00e+00h  1
2511  4.4511972e-05 2.82e-09 1.35e-02 -11.0 2.30e-04    -  1.00e+00 1.00e+00h  1
2512  4.4512736e-05 3.97e-10 6.80e-03 -11.0 3.42e-05  -0.7 1.00e+00 1.00e+00h  1
2513  4.4501889e-05 1.47e-08 2.06e-02 -11.0 1.08e-03    -  1.00e+00 1.00e+00h  1
2514  4.4501630e-05 1.79e-08 1.24e+00 -11.0 2.33e-01    -  1.00e+00 1.95e-03h 10
2515  4.4496860e-05 2.37e-08 6.66e-02 -11.0 9.10e-03    -  1.00e+00 6.25e-02h  5
2516  4.4470297e-05 3.73e-07 9.81e-02 -11.0 3.27e-02    -  1.00e+00 1.25e-01h  4
2517  4.4444262e-05 1.14e-06 1.10e+00 -11.0 6.29e+00    -  1.00e+00 9.77e-04h 11
2518  4.4458032e-05 4.96e-09 6.52e-02 -11.0 1.08e-04  -0.8 1.00e+00 1.00e+00h  1
2519  4.4430741e-05 4.54e-08 1.87e-02 -11.0 1.66e-03    -  1.00e+00 1.00e+00h  1
iter    objective    inf_pr   inf_du lg(mu)  ||d||  lg(rg) alpha_du alpha_pr  ls
2520  4.4430695e-05 4.68e-08 3.65e-02 -11.0 4.87e-02    -  1.00e+00 7.81e-03h  8
2521  4.4429183e-05 3.39e-10 6.47e-03 -11.0 1.54e-05   0.0 1.00e+00 1.00e+00h  1
2522  4.4426464e-05 4.98e-09 5.19e-02 -11.0 6.09e-04    -  1.00e+00 1.00e+00h  1
2523  4.4426304e-05 3.06e-13 1.37e-03 -11.0 1.65e-06   0.5 1.00e+00 1.00e+00h  1
2524  4.4425894e-05 1.94e-12 2.07e-03 -11.0 4.83e-06  -0.0 1.00e+00 1.00e+00h  1
2525  4.4422258e-05 3.40e-09 7.98e-02 -11.0 3.07e-03    -  1.00e+00 2.50e-01h  3
2526  4.4415437e-05 7.46e-09 2.86e-01 -11.0 5.46e-02    -  1.00e+00 1.56e-02h  7
2527  4.4411841e-05 8.27e-09 5.87e-02 -11.0 1.15e-02    -  1.00e+00 1.56e-02h  7
2528  4.4384328e-05 2.87e-07 1.60e+00 -11.0 2.51e-02    -  1.00e+00 2.50e-01h  3
2529  4.4346840e-05 5.33e-09 2.16e-02 -11.0 6.66e-05  -0.5 1.00e+00 1.00e+00h  1
iter    objective    inf_pr   inf_du lg(mu)  ||d||  lg(rg) alpha_du alpha_pr  ls
2530  4.4318390e-05 1.06e-07 3.48e-03 -11.0 3.98e-03    -  1.00e+00 1.00e+00h  1
2531  4.4313037e-05 1.39e-07 8.61e-03 -11.0 1.21e+00    -  1.00e+00 1.95e-03h 10
2532  4.4319014e-05 3.51e-09 3.72e-01 -11.0 1.05e-04  -1.0 1.00e+00 1.00e+00h  1
2533  4.4306993e-05 5.51e-10 1.09e-01 -11.0 4.28e-05  -1.5 1.00e+00 1.00e+00h  1
2534  4.4291103e-05 8.24e-08 1.02e-02 -11.0 3.62e-03    -  1.00e+00 1.00e+00h  1
2535  4.4285657e-05 8.28e-08 4.84e-02 -11.0 2.88e-01    -  1.00e+00 1.95e-03h 10
2536  4.4279307e-05 8.42e-08 1.35e-01 -11.0 6.57e-02    -  1.00e+00 1.56e-02h  7
2537  4.4270440e-05 1.46e-10 6.02e-02 -11.0 2.14e-05  -0.2 1.00e+00 1.00e+00h  1
2538  4.4250222e-05 3.85e-08 5.13e-02 -11.0 2.81e-03    -  1.00e+00 1.00e+00h  1
2539  4.4248458e-05 2.06e-11 1.43e-02 -11.0 4.78e-06   0.2 1.00e+00 1.00e+00h  1
iter    objective    inf_pr   inf_du lg(mu)  ||d||  lg(rg) alpha_du alpha_pr  ls
2540  4.4227598e-05 9.78e-08 1.87e-02 -11.0 4.67e-03    -  1.00e+00 1.00e+00h  1
2541  4.4226836e-05 1.16e-10 2.49e-02 -11.0 1.61e-05  -0.3 1.00e+00 1.00e+00h  1
2542  4.4220964e-05 3.69e-08 2.89e-02 -11.0 2.67e-03    -  1.00e+00 1.00e+00h  1
2543  4.4223345e-05 1.11e-09 1.05e+00 -11.0 4.28e-05  -0.7 1.00e+00 1.00e+00h  1
2544  4.4213895e-05 5.76e-09 1.07e-02 -11.0 7.82e-04    -  1.00e+00 1.00e+00h  1
2545  4.4211947e-05 1.27e-08 7.97e-01 -11.0 1.52e-01    -  1.00e+00 7.81e-03h  8
2546  4.4207973e-05 9.83e-10 6.07e-01 -11.0 1.08e-04  -1.2 1.00e+00 1.00e+00h  1
2547  4.4194950e-05 1.40e-08 4.40e-02 -11.0 1.31e-04  -1.7 1.00e+00 1.00e+00h  1
2548  4.4175009e-05 1.67e-07 3.76e-01 -11.0 1.45e-02    -  1.00e+00 2.50e-01h  3
2549  4.4176002e-05 8.37e-08 6.65e-02 -11.0 5.22e-05  -0.8 1.00e+00 5.00e-01h  2
iter    objective    inf_pr   inf_du lg(mu)  ||d||  lg(rg) alpha_du alpha_pr  ls
2550  4.4153303e-05 4.82e-08 1.75e-02 -11.0 2.07e-03    -  1.00e+00 1.00e+00h  1
2551  4.4152014e-05 2.52e-12 4.54e-03 -11.0 3.12e-06   0.5 1.00e+00 1.00e+00h  1
2552  4.4142889e-05 1.10e-07 3.67e-02 -11.0 2.80e-03    -  1.00e+00 1.00e+00h  1
2553  4.4137977e-05 1.50e-07 1.68e-01 -11.0 7.03e-01    -  1.00e+00 3.91e-03h  9
2554  4.4131985e-05 2.61e-07 4.17e-01 -11.0 4.53e+00    -  1.00e+00 9.77e-04h 11
2555  4.4129162e-05 2.64e-07 4.71e-01 -11.0 1.01e+00    -  1.00e+00 9.77e-04h 11
2556  4.4116392e-05 3.19e-07 7.65e-01 -11.0 5.21e-01    -  1.00e+00 7.81e-03h  8
2557  4.4094918e-05 7.79e-07 1.16e+00 -11.0 2.03e+00    -  1.00e+00 3.91e-03h  9
2558  4.4094614e-05 8.05e-07 1.40e+00 -11.0 4.13e+00    -  1.00e+00 4.88e-04h 12
2559  4.4096014e-05 1.04e-10 2.28e-01 -11.0 5.12e-06   1.3 1.00e+00 1.00e+00h  1
iter    objective    inf_pr   inf_du lg(mu)  ||d||  lg(rg) alpha_du alpha_pr  ls
2560  4.4084109e-05 1.64e-07 3.33e-01 -11.0 4.90e-03    -  1.00e+00 1.00e+00h  1
2561  4.4083528e-05 2.50e-12 2.19e-02 -11.0 2.91e-06   0.8 1.00e+00 1.00e+00h  1
2562  4.4078613e-05 2.98e-10 1.12e-01 -11.0 3.38e-05    -  1.00e+00 1.00e+00h  1
2563  4.4067412e-05 4.70e-08 4.75e-02 -11.0 2.46e-03    -  1.00e+00 1.00e+00h  1
2564  4.4065053e-05 2.40e-07 3.85e-01 -11.0 5.47e+00    -  1.00e+00 9.77e-04h 11
2565  4.4061281e-05 3.79e-07 7.76e-01 -11.0 4.68e+00    -  1.00e+00 9.77e-04h 11
2566  4.4058965e-05 5.17e-07 5.09e-01 -11.0 1.18e+00    -  1.00e+00 3.91e-03h  9
2567  4.4038303e-05 1.04e-09 1.46e-01 -11.0 4.23e-05  -0.2 1.00e+00 1.00e+00h  1
2568  4.4017984e-05 1.86e-07 7.60e-03 -11.0 4.80e-03    -  1.00e+00 1.00e+00h  1
2569  4.4015827e-05 1.64e-09 7.72e-02 -11.0 3.60e-05  -0.7 1.00e+00 1.00e+00h  1
iter    objective    inf_pr   inf_du lg(mu)  ||d||  lg(rg) alpha_du alpha_pr  ls
2570  4.4022467e-05 5.53e-10 1.50e-01 -11.0 5.87e-04    -  1.00e+00 1.00e+00H  1
2571  4.4014947e-05 3.09e-09 4.59e-02 -11.0 8.75e-03    -  1.00e+00 3.12e-02h  6
2572  4.3985860e-05 3.27e-09 1.09e-01 -11.0 8.46e-05  -0.2 1.00e+00 1.00e+00h  1
2573  4.3964114e-05 1.70e-08 2.86e-02 -11.0 6.48e-04    -  1.00e+00 1.00e+00h  1
2574  4.3963134e-05 7.33e-10 2.90e+00 -11.0 4.73e-05  -0.7 1.00e+00 1.00e+00h  1
2575  4.3948702e-05 2.13e-08 5.55e-02 -11.0 5.01e-04    -  1.00e+00 1.00e+00h  1
2576  4.3946567e-05 3.10e-08 2.03e-01 -11.0 2.30e-02    -  1.00e+00 1.56e-02h  7
2577  4.3941880e-05 3.44e-08 5.05e-02 -11.0 2.37e-03    -  1.00e+00 1.25e-01h  4
2578  4.3941817e-05 5.17e-08 4.64e-01 -11.0 8.46e-03    -  1.00e+00 6.25e-02h  5
2579  4.3928988e-05 1.69e-07 3.91e-02 -11.0 1.28e-02    -  1.00e+00 1.25e-01h  4
iter    objective    inf_pr   inf_du lg(mu)  ||d||  lg(rg) alpha_du alpha_pr  ls
2580  4.3922623e-05 1.50e-10 6.49e-03 -11.0 1.84e-05   0.1 1.00e+00 1.00e+00h  1
2581  4.3912607e-05 1.43e-08 2.62e-02 -11.0 5.63e-04    -  1.00e+00 1.00e+00h  1
2582  4.3909665e-05 1.97e-08 1.58e-01 -11.0 6.37e-03    -  1.00e+00 6.25e-02h  5
2583  4.3907812e-05 1.86e-08 2.09e-02 -11.0 1.38e-03    -  1.00e+00 6.25e-02h  5
2584  4.3895989e-05 3.27e-07 5.52e-01 -11.0 2.20e-03    -  1.00e+00 1.00e+00h  1
2585  4.3903909e-05 3.25e-07 5.94e-01 -11.0 1.43e-02    -  1.00e+00 7.81e-03h  8
2586  4.3894545e-05 8.42e-10 5.23e-03 -11.0 4.18e-05  -0.9 1.00e+00 1.00e+00h  1
2587  4.3888100e-05 4.97e-08 6.03e-02 -11.0 8.70e-04    -  1.00e+00 1.00e+00h  1
2588  4.3887719e-05 5.10e-08 2.42e-02 -11.0 3.76e-02    -  1.00e+00 3.91e-03h  9
2589  4.3886900e-05 4.90e-08 1.25e-02 -11.0 1.87e-03    -  1.00e+00 6.25e-02h  5
iter    objective    inf_pr   inf_du lg(mu)  ||d||  lg(rg) alpha_du alpha_pr  ls
2590  4.3887387e-05 4.65e-08 2.82e-03 -11.0 1.41e-03    -  1.00e+00 6.25e-02h  5
2591  4.3883832e-05 2.28e-09 2.71e-02 -11.0 1.64e-04    -  1.00e+00 1.00e+00h  1
2592  4.3882139e-05 1.91e-08 5.65e-02 -11.0 1.72e-03    -  1.00e+00 2.50e-01h  3
2593  4.3873395e-05 1.87e-09 1.07e-01 -11.0 4.75e-05  -0.6 1.00e+00 1.00e+00h  1
2594  4.3866821e-05 3.25e-09 4.34e-03 -11.0 1.58e-04    -  1.00e+00 1.00e+00h  1
2595  4.3866587e-05 2.18e-12 1.42e-02 -11.0 4.22e-06  -0.1 1.00e+00 1.00e+00h  1
2596  4.3855478e-05 3.12e-08 1.20e-01 -11.0 5.86e-04    -  1.00e+00 1.00e+00h  1
2597  4.3857943e-05 2.28e-11 2.48e-01 -11.0 1.47e-05  -0.6 1.00e+00 1.00e+00h  1
2598  4.3844725e-05 1.20e-07 1.29e-02 -11.0 1.15e-03    -  1.00e+00 1.00e+00h  1
2599  4.3843968e-05 1.21e-07 4.16e-01 -11.0 3.43e-02    -  1.00e+00 3.91e-03h  9
iter    objective    inf_pr   inf_du lg(mu)  ||d||  lg(rg) alpha_du alpha_pr  ls
2600  4.3845856e-05 1.15e-07 1.61e-02 -11.0 3.18e-03    -  1.00e+00 1.25e-01h  4
2601  4.3843480e-05 1.18e-07 3.97e-02 -11.0 3.29e-03    -  1.00e+00 1.25e-01h  4
2602  4.3841690e-05 1.20e-07 2.77e-02 -11.0 1.28e-02    -  1.00e+00 1.56e-02h  7
2603  4.3827346e-05 2.28e-07 3.04e-01 -11.0 1.14e-02    -  1.00e+00 1.25e-01h  4
2604  4.3825050e-05 2.36e-10 6.72e-03 -11.0 2.20e-05  -0.2 1.00e+00 1.00e+00h  1
2605  4.3822383e-05 2.90e-11 4.39e-03 -11.0 1.16e-05  -0.7 1.00e+00 1.00e+00h  1
2606  4.3821331e-05 3.37e-09 2.36e-03 -11.0 2.06e-04    -  1.00e+00 1.00e+00h  1
2607  4.3820765e-05 1.98e-11 3.18e-03 -11.0 8.59e-06  -0.2 1.00e+00 1.00e+00h  1
2608  4.3820740e-05 5.42e-14 4.62e-03 -11.0 4.07e-07   1.1 1.00e+00 1.00e+00h  1
2609  4.3813938e-05 1.19e-08 3.11e-03 -11.0 4.96e-04    -  1.00e+00 1.00e+00h  1
iter    objective    inf_pr   inf_du lg(mu)  ||d||  lg(rg) alpha_du alpha_pr  ls
2610  4.3812569e-05 5.31e-10 2.80e-03 -11.0 1.84e-05   1.0 1.00e+00 1.00e+00h  1
2611  4.3810984e-05 3.49e-08 2.28e-01 -11.0 1.45e-03    -  1.00e+00 5.00e-01h  2
2612  4.3809340e-05 3.54e-08 2.18e-02 -11.0 1.73e-02    -  1.00e+00 7.81e-03h  8
2613  4.3806880e-05 1.33e-11 6.54e-02 -11.0 4.21e-06   0.6 1.00e+00 1.00e+00h  1
2614  4.3803655e-05 1.86e-10 2.87e-02 -11.0 8.64e-05    -  1.00e+00 1.00e+00h  1
2615  4.3803588e-05 2.46e-13 2.97e-02 -11.0 5.46e-07   1.0 1.00e+00 1.00e+00h  1
2616  4.3802100e-05 3.52e-10 1.19e-02 -11.0 1.06e-04    -  1.00e+00 1.00e+00h  1
2617  4.3801988e-05 1.69e-13 3.06e-03 -11.0 1.78e-06   0.5 1.00e+00 1.00e+00h  1
2618  4.3801954e-05 1.94e-14 1.85e-02 -11.0 6.61e-07   0.9 1.00e+00 1.00e+00h  1
2619  4.3799702e-05 9.04e-10 9.88e-02 -11.0 1.18e-04    -  1.00e+00 1.00e+00h  1
iter    objective    inf_pr   inf_du lg(mu)  ||d||  lg(rg) alpha_du alpha_pr  ls
2620  4.3799385e-05 1.00e-09 6.03e-02 -11.0 2.82e-03    -  1.00e+00 1.56e-02h  7
2621  4.3798091e-05 1.24e-08 5.24e-01 -11.0 4.85e-04    -  1.00e+00 1.00e+00h  1
2622  4.3796161e-05 1.49e-10 2.57e+00 -11.0 1.15e-05   0.9 1.00e+00 1.00e+00h  1
2623  4.3790810e-05 1.44e-09 1.43e-02 -11.0 1.81e-04    -  1.00e+00 1.00e+00h  1
2624  4.3790371e-05 4.17e-12 7.24e-03 -11.0 3.39e-06   0.4 1.00e+00 1.00e+00h  1
2625  4.3788235e-05 6.87e-10 4.07e-02 -11.0 1.50e-04    -  1.00e+00 1.00e+00h  1
2626  4.3787816e-05 3.71e-12 1.14e-02 -11.0 5.00e-06  -0.1 1.00e+00 1.00e+00h  1
2627  4.3786092e-05 3.40e-09 6.57e-02 -11.0 2.85e-04    -  1.00e+00 1.00e+00h  1
2628  4.3785924e-05 4.62e-09 9.25e-03 -11.0 8.36e-03    -  1.00e+00 1.56e-02h  7
2629  4.3785005e-05 4.83e-09 9.07e-03 -11.0 2.25e-03    -  1.00e+00 3.12e-02h  6
iter    objective    inf_pr   inf_du lg(mu)  ||d||  lg(rg) alpha_du alpha_pr  ls
2630  4.3785834e-05 1.20e-09 1.17e-01 -11.0 9.01e-05  -1.5 1.00e+00 1.00e+00h  1
2631  4.3783097e-05 1.62e-09 3.33e-01 -11.0 2.32e-04    -  1.00e+00 1.00e+00h  1
2632  4.3780650e-05 1.76e-09 9.86e-02 -11.0 1.34e-03    -  1.00e+00 6.25e-02h  5
2633  4.3777321e-05 9.85e-10 3.22e-02 -11.0 4.24e-05  -1.1 1.00e+00 1.00e+00h  1
2634  4.3774362e-05 6.10e-09 2.23e-02 -11.0 3.09e-04    -  1.00e+00 1.00e+00h  1
2635  4.3770078e-05 2.25e-08 3.25e-02 -11.0 1.90e-02    -  1.00e+00 3.12e-02h  6
2636  4.3768721e-05 2.93e-08 1.39e-02 -11.0 4.68e-02    -  1.00e+00 7.81e-03h  8
2637  4.3769087e-05 1.27e-09 3.88e-02 -11.0 4.00e-05  -0.7 1.00e+00 1.00e+00h  1
2638  4.3758830e-05 3.81e-09 9.34e-03 -11.0 2.48e-04    -  1.00e+00 1.00e+00h  1
2639  4.3755911e-05 8.78e-09 6.48e-02 -11.0 2.62e-03    -  1.00e+00 1.25e-01h  4
iter    objective    inf_pr   inf_du lg(mu)  ||d||  lg(rg) alpha_du alpha_pr  ls
2640  4.3752153e-05 2.91e-08 3.45e-01 -11.0 7.87e-02    -  1.00e+00 7.81e-03h  8
2641  4.3751876e-05 3.84e-10 1.28e-01 -11.0 3.87e-05  -0.7 1.00e+00 1.00e+00h  1
2642  4.3750852e-05 2.88e-11 8.93e-03 -11.0 1.33e-05  -1.2 1.00e+00 1.00e+00h  1
2643  4.3749962e-05 3.90e-09 5.14e-03 -11.0 2.73e-04    -  1.00e+00 1.00e+00h  1
2644  4.3748812e-05 1.02e-08 3.99e-02 -11.0 4.23e-02    -  1.00e+00 7.81e-03h  8
2645  4.3745453e-05 4.08e-08 1.39e-01 -11.0 9.13e-02    -  1.00e+00 7.81e-03h  8
2646  4.3744980e-05 1.48e-10 7.29e-02 -11.0 3.57e-05  -0.8 1.00e+00 1.00e+00h  1
2647  4.3743076e-05 1.05e-08 1.53e-02 -11.0 4.14e-04    -  1.00e+00 1.00e+00h  1
2648  4.3743360e-05 7.40e-11 8.37e-02 -11.0 1.70e-05  -0.4 1.00e+00 1.00e+00h  1
2649  4.3741839e-05 1.24e-11 2.60e-03 -11.0 1.46e-05  -0.9 1.00e+00 1.00e+00h  1
iter    objective    inf_pr   inf_du lg(mu)  ||d||  lg(rg) alpha_du alpha_pr  ls
2650  4.3740023e-05 1.04e-08 2.31e-03 -11.0 4.09e-04    -  1.00e+00 1.00e+00h  1
2651  4.3736731e-05 1.08e-08 3.05e-01 -11.0 6.45e-02    -  1.00e+00 3.91e-03h  9
2652  4.3733929e-05 1.34e-08 2.81e-01 -11.0 9.97e-03    -  1.00e+00 3.12e-02h  6
2653  4.3732643e-05 1.49e-08 2.40e-02 -11.0 9.38e-03    -  1.00e+00 1.56e-02h  7
2654  4.3731353e-05 3.09e-08 6.79e-02 -11.0 7.95e-03    -  1.00e+00 6.25e-02h  5
2655  4.3729055e-05 4.25e-12 1.85e-01 -11.0 3.57e-06   0.8 1.00e+00 1.00e+00h  1
2656  4.3715932e-05 2.37e-07 1.56e-01 -11.0 1.98e-03    -  1.00e+00 1.00e+00h  1
2657  4.3711759e-05 2.39e-07 3.69e-01 -11.0 2.23e-01    -  1.00e+00 9.77e-04h 11
2658  4.3710946e-05 3.97e-11 2.00e-02 -11.0 7.45e-06   0.3 1.00e+00 1.00e+00h  1
2659  4.3700766e-05 1.92e-07 5.17e-03 -11.0 1.79e-03    -  1.00e+00 1.00e+00h  1
iter    objective    inf_pr   inf_du lg(mu)  ||d||  lg(rg) alpha_du alpha_pr  ls
2660  4.3699398e-05 1.48e-10 8.73e-03 -11.0 1.61e-05  -0.2 1.00e+00 1.00e+00h  1
2661  4.3688309e-05 4.21e-07 1.31e-01 -11.0 2.67e-03    -  1.00e+00 1.00e+00h  1
2662  4.3687370e-05 3.24e-11 9.80e-03 -11.0 4.72e-06   0.2 1.00e+00 1.00e+00h  1
2663  4.3682312e-05 5.09e-08 4.05e-03 -11.0 9.70e-04    -  1.00e+00 1.00e+00h  1
2664  4.3680343e-05 2.20e-10 2.43e-02 -11.0 1.30e-05  -0.2 1.00e+00 1.00e+00h  1
2665  4.3673406e-05 6.93e-09 1.41e-02 -11.0 4.37e-04    -  1.00e+00 1.00e+00h  1
2666  4.3673159e-05 1.89e-13 9.74e-03 -11.0 1.17e-06   1.1 1.00e+00 1.00e+00h  1
2667  4.3659736e-05 3.93e-08 6.24e-02 -11.0 1.06e-03    -  1.00e+00 1.00e+00h  1
2668  4.3658931e-05 1.75e-12 7.89e-02 -11.0 3.66e-06   0.6 1.00e+00 1.00e+00h  1
2669  4.3647911e-05 2.06e-08 2.96e-02 -11.0 2.04e-04    -  1.00e+00 1.00e+00h  1
iter    objective    inf_pr   inf_du lg(mu)  ||d||  lg(rg) alpha_du alpha_pr  ls
2670  4.3644064e-05 2.03e-08 7.40e+00 -11.0 1.54e-03    -  1.00e+00 6.25e-02h  5
2671  4.3643912e-05 2.47e-08 6.63e+00 -11.0 1.01e-03    -  1.00e+00 1.25e-01h  4
2672  4.3641132e-05 2.29e-07 1.45e+00 -11.0 2.20e-03    -  1.00e+00 1.00e+00h  1
2673  4.3635430e-05 4.99e-11 3.52e+00 -11.0 4.99e-06   1.0 1.00e+00 1.00e+00h  1
2674  4.3606927e-05 3.88e-09 5.01e-03 -11.0 2.67e-04    -  1.00e+00 1.00e+00h  1
2675  4.3594485e-05 2.57e-08 5.06e-02 -11.0 2.59e-03    -  1.00e+00 2.50e-01h  3
2676  4.3581841e-05 5.63e-07 5.12e-01 -11.0 5.31e-02    -  1.00e+00 6.25e-02h  5
2677  4.3575978e-05 5.84e-07 6.06e-01 -11.0 3.26e-01    -  1.00e+00 1.95e-03h 10
2678  4.3550249e-05 1.13e-06 1.19e+00 -11.0 4.30e-01    -  1.00e+00 7.81e-03h  8
2679  4.3548450e-05 2.50e-10 1.19e-01 -11.0 2.38e-05   0.9 1.00e+00 1.00e+00h  1
iter    objective    inf_pr   inf_du lg(mu)  ||d||  lg(rg) alpha_du alpha_pr  ls
2680  4.3539800e-05 3.46e-11 9.37e-01 -11.0 1.04e-05   0.4 1.00e+00 1.00e+00h  1
2681  4.3511667e-05 5.91e-08 2.48e-02 -11.0 1.09e-03    -  1.00e+00 1.00e+00h  1
2682  4.3508731e-05 7.38e-11 2.92e-02 -11.0 1.55e-05  -0.0 1.00e+00 1.00e+00h  1
2683  4.3501246e-05 1.52e-07 4.34e-02 -11.0 1.72e-03    -  1.00e+00 1.00e+00h  1
2684  4.3498601e-05 1.58e-07 7.33e-02 -11.0 2.90e-01    -  1.00e+00 9.77e-04h 11
2685  4.3494591e-05 6.02e-11 3.97e-02 -11.0 9.99e-06  -0.1 1.00e+00 1.00e+00h  1
2686  4.3492253e-05 2.73e-10 2.10e-02 -11.0 1.65e-05  -0.6 1.00e+00 1.00e+00h  1
2687  4.3490063e-05 3.60e-08 3.01e-01 -11.0 3.11e-03    -  1.00e+00 1.00e+00H  1
2688  4.3473707e-05 4.54e-07 3.81e-01 -11.0 6.67e-01    -  1.00e+00 3.91e-03h  9
2689  4.3465777e-05 6.43e-07 4.75e-01 -11.0 9.15e-01    -  1.00e+00 1.95e-03h 10
iter    objective    inf_pr   inf_du lg(mu)  ||d||  lg(rg) alpha_du alpha_pr  ls
2690  4.3459733e-05 7.02e-07 8.04e-01 -11.0 2.60e-01    -  1.00e+00 3.91e-03h  9
2691  4.3448783e-05 2.19e-11 2.63e-02 -11.0 1.31e-05   0.2 1.00e+00 1.00e+00h  1
2692  4.3436304e-05 2.44e-07 4.17e-01 -11.0 1.86e-03    -  1.00e+00 1.00e+00h  1
2693  4.3423322e-05 4.54e-07 3.29e-01 -11.0 2.47e-01    -  1.00e+00 7.81e-03h  8
2694  4.3403850e-05 1.37e-06 5.66e-01 -11.0 9.93e-01    -  1.00e+00 3.91e-03h  9
2695  4.3398969e-05 1.50e-06 7.14e-01 -11.0 1.57e+00    -  1.00e+00 9.77e-04h 11
2696  4.3397043e-05 2.40e-06 1.07e+00 -11.0 1.01e+00    -  1.00e+00 3.91e-03h  9
2697  4.3381176e-05 5.71e-06 2.35e+00 -11.0 1.94e+00    -  1.00e+00 3.91e-03h  9
2698  4.3369466e-05 5.36e-10 1.31e-01 -11.0 6.01e-05  -0.3 1.00e+00 1.00e+00h  1
2699  4.3354996e-05 1.48e-06 4.82e-01 -11.0 4.90e-03    -  1.00e+00 1.00e+00h  1
iter    objective    inf_pr   inf_du lg(mu)  ||d||  lg(rg) alpha_du alpha_pr  ls
2700  4.3366220e-05 8.32e-09 6.76e-01 -11.0 1.01e-04  -0.8 1.00e+00 1.00e+00h  1
2701  4.3349478e-05 2.06e-07 9.06e-03 -11.0 1.90e-03    -  1.00e+00 1.00e+00h  1
2702  4.3348729e-05 2.20e-07 6.36e-02 -11.0 1.19e-01    -  1.00e+00 3.91e-03h  9
2703  4.3348827e-05 8.83e-13 3.59e-02 -11.0 6.52e-07   1.5 1.00e+00 1.00e+00h  1
2704  4.3346770e-05 1.27e-08 1.61e-01 -11.0 4.57e-04    -  1.00e+00 1.00e+00h  1
2705  4.3346705e-05 6.97e-14 1.42e-02 -11.0 4.99e-07   1.0 1.00e+00 1.00e+00h  1
2706  4.3343347e-05 3.58e-08 4.56e-02 -11.0 7.68e-04    -  1.00e+00 1.00e+00h  1
2707  4.3343182e-05 4.98e-08 1.58e-01 -11.0 2.46e-01    -  1.00e+00 1.95e-03h 10
2708  4.3338771e-05 4.00e-11 3.39e-02 -11.0 1.40e-05  -0.4 1.00e+00 1.00e+00h  1
2709  4.3333975e-05 1.13e-07 4.19e-02 -11.0 1.37e-03    -  1.00e+00 1.00e+00h  1
iter    objective    inf_pr   inf_du lg(mu)  ||d||  lg(rg) alpha_du alpha_pr  ls
2710  4.3332430e-05 3.57e-07 2.27e-01 -11.0 5.24e-01    -  1.00e+00 3.91e-03h  9
2711  4.3327055e-05 8.91e-07 6.63e-01 -11.0 1.57e+00    -  1.00e+00 1.95e-03h 10
2712  4.3328221e-05 6.68e-07 6.70e-01 -11.0 1.21e-04  -1.4 1.00e+00 2.50e-01h  3
2713  4.3311288e-05 3.01e-07 4.60e-01 -11.0 2.20e-03    -  1.00e+00 1.00e+00h  1
2714  4.3308758e-05 5.13e-07 3.46e-01 -11.0 2.32e-01    -  1.00e+00 7.81e-03h  8
2715  4.3295635e-05 1.58e-06 8.56e-01 -11.0 2.75e-01    -  1.00e+00 1.56e-02h  7
2716  4.3297794e-05 4.14e-09 2.60e-02 -11.0 9.32e-05  -1.0 1.00e+00 1.00e+00h  1
2717  4.3273871e-05 3.45e-08 5.83e-01 -11.0 7.62e-04    -  1.00e+00 1.00e+00h  1
2718  4.3269881e-05 1.20e-07 3.88e-01 -11.0 7.43e-02    -  1.00e+00 1.56e-02h  7
2719  4.3266087e-05 3.51e-10 1.26e-02 -11.0 2.02e-05  -0.2 1.00e+00 1.00e+00h  1
iter    objective    inf_pr   inf_du lg(mu)  ||d||  lg(rg) alpha_du alpha_pr  ls
2720  4.3263068e-05 3.59e-10 1.99e-02 -11.0 2.77e-05  -0.6 1.00e+00 1.00e+00h  1
2721  4.3256451e-05 2.09e-09 3.75e-02 -11.0 1.13e-04  -1.1 1.00e+00 1.00e+00h  1
2722  4.3254916e-05 9.61e-07 4.64e-01 -11.0 7.57e-03    -  1.00e+00 5.00e-01h  2
2723  4.3254224e-05 2.87e-06 1.07e+00 -11.0 2.78e+00    -  1.00e+00 1.95e-03h 10
2724  4.3252266e-05 3.17e-06 1.19e+00 -11.0 4.37e+00    -  1.00e+00 4.88e-04h 12
2725  4.3250936e-05 9.59e-11 1.81e-02 -11.0 4.73e-06   1.1 1.00e+00 1.00e+00h  1
2726  4.3228718e-05 7.15e-07 5.06e-01 -11.0 3.26e-03    -  1.00e+00 1.00e+00h  1
2727  4.3228683e-05 1.19e-11 1.06e-02 -11.0 2.00e-06   0.6 1.00e+00 1.00e+00h  1
2728  4.3225904e-05 1.29e-08 5.20e-02 -11.0 4.76e-04    -  1.00e+00 1.00e+00h  1
2729  4.3224679e-05 3.52e-08 1.73e-01 -11.0 8.00e-02    -  1.00e+00 7.81e-03h  8
iter    objective    inf_pr   inf_du lg(mu)  ||d||  lg(rg) alpha_du alpha_pr  ls
2730  4.3224385e-05 2.08e-07 2.15e-01 -11.0 1.07e-01    -  1.00e+00 1.56e-02h  7
2731  4.3222688e-05 1.27e-06 6.80e-01 -11.0 5.37e-01    -  1.00e+00 7.81e-03h  8
2732  4.3207453e-05 1.78e-06 6.97e-01 -11.0 1.57e+00    -  1.00e+00 1.95e-03h 10
2733  4.3206139e-05 7.52e-11 1.52e-02 -11.0 6.51e-06   0.9 1.00e+00 1.00e+00h  1
2734  4.3179330e-05 8.84e-08 4.72e-02 -11.0 1.17e-03    -  1.00e+00 1.00e+00h  1
2735  4.3179140e-05 1.90e-13 6.02e-02 -11.0 7.65e-07   1.3 1.00e+00 1.00e+00h  1
2736  4.3168959e-05 6.52e-08 3.86e-02 -11.0 1.06e-03    -  1.00e+00 1.00e+00h  1
2737  4.3168527e-05 6.15e-13 5.64e-02 -11.0 2.24e-06   0.9 1.00e+00 1.00e+00h  1
2738  4.3167526e-05 6.17e-12 1.86e-02 -11.0 5.99e-06   0.4 1.00e+00 1.00e+00h  1
2739  4.3167197e-05 8.51e-13 8.31e-04 -11.0 2.23e-06   0.8 1.00e+00 1.00e+00h  1
iter    objective    inf_pr   inf_du lg(mu)  ||d||  lg(rg) alpha_du alpha_pr  ls
2740  4.3147096e-05 4.77e-07 1.35e-01 -11.0 2.82e-03    -  1.00e+00 1.00e+00h  1
2741  4.3145733e-05 7.48e-10 2.98e-02 -11.0 2.85e-05   0.3 1.00e+00 1.00e+00h  1
2742  4.3139541e-05 4.52e-07 1.61e-01 -11.0 2.77e-03    -  1.00e+00 1.00e+00h  1
2743  4.3137422e-05 6.36e-07 2.47e-01 -11.0 1.76e+00    -  1.00e+00 9.77e-04h 11
2744  4.3130674e-05 8.77e-10 2.06e-02 -11.0 3.44e-05  -0.6 1.00e+00 1.00e+00h  1
2745  4.3126645e-05 5.96e-10 2.22e-01 -11.0 4.43e-05  -1.1 1.00e+00 1.00e+00h  1
2746  4.3121659e-05 9.45e-07 2.39e-01 -11.0 1.53e-02    -  1.00e+00 2.50e-01h  3
2747  4.3110725e-05 3.78e-10 2.49e-02 -11.0 2.23e-05  -0.2 1.00e+00 1.00e+00h  1
2748  4.3107168e-05 2.74e-07 1.55e-01 -11.0 2.09e-03    -  1.00e+00 1.00e+00h  1
2749  4.3106482e-05 3.95e-07 2.63e-01 -11.0 5.57e+00    -  1.00e+00 2.44e-04h 13
iter    objective    inf_pr   inf_du lg(mu)  ||d||  lg(rg) alpha_du alpha_pr  ls
2750  4.3103778e-05 3.94e-07 2.88e-01 -11.0 4.47e-02    -  1.00e+00 1.95e-03h 10
2751  4.3100570e-05 1.84e-10 2.35e-01 -11.0 2.05e-05  -0.3 1.00e+00 1.00e+00h  1
2752  4.3099805e-05 1.42e-11 1.58e-02 -11.0 6.49e-06   0.1 1.00e+00 1.00e+00h  1
2753  4.3095478e-05 7.66e-08 1.75e-02 -11.0 1.07e-03    -  1.00e+00 1.00e+00h  1
2754  4.3095048e-05 2.93e-12 2.59e-02 -11.0 2.19e-06   0.6 1.00e+00 1.00e+00h  1
2755  4.3088611e-05 2.20e-07 6.84e-02 -11.0 1.77e-03    -  1.00e+00 1.00e+00h  1
2756  4.3088538e-05 1.23e-13 9.25e-03 -11.0 7.84e-07   1.0 1.00e+00 1.00e+00h  1
2757  4.3084557e-05 1.33e-07 8.01e-02 -11.0 1.36e-03    -  1.00e+00 1.00e+00h  1
2758  4.3084732e-05 1.40e-11 9.29e-03 -11.0 4.12e-06   0.9 1.00e+00 1.00e+00h  1
2759  4.3080727e-05 1.52e-07 1.37e-02 -11.0 1.49e-03    -  1.00e+00 1.00e+00h  1
iter    objective    inf_pr   inf_du lg(mu)  ||d||  lg(rg) alpha_du alpha_pr  ls
2760  4.3079547e-05 2.39e-10 2.02e-02 -11.0 1.59e-05   0.4 1.00e+00 1.00e+00h  1
2761  4.3068947e-05 2.94e-07 2.51e-01 -11.0 2.11e-03    -  1.00e+00 1.00e+00h  1
2762  4.3068566e-05 1.65e-12 2.49e-02 -11.0 1.68e-06   0.9 1.00e+00 1.00e+00h  1
2763  4.3066009e-05 6.03e-10 7.48e-02 -11.0 1.30e-04    -  1.00e+00 1.00e+00h  1
2764  4.3066000e-05 2.44e-15 2.47e-03 -11.0 1.25e-07   1.3 1.00e+00 1.00e+00h  1
2765  4.3065541e-05 1.86e-09 2.38e-02 -11.0 1.61e-04    -  1.00e+00 1.00e+00h  1
2766  4.3065510e-05 1.24e-14 1.03e-02 -11.0 4.42e-07   0.8 1.00e+00 1.00e+00h  1
2767  4.3065453e-05 7.31e-14 3.27e-04 -11.0 1.20e-06   0.3 1.00e+00 1.00e+00h  1
2768  4.3064846e-05 1.67e-09 2.63e+00 -11.0 1.65e-04    -  1.00e+00 1.00e+00h  1
2769  4.3064677e-05 7.05e-13 1.30e-03 -11.0 3.36e-06  -0.1 1.00e+00 1.00e+00h  1
iter    objective    inf_pr   inf_du lg(mu)  ||d||  lg(rg) alpha_du alpha_pr  ls
2770  4.3063165e-05 7.51e-09 2.89e-02 -11.0 3.70e-04    -  1.00e+00 1.00e+00h  1
2771  4.3061924e-05 1.20e-08 1.42e-02 -11.0 3.32e-01    -  1.00e+00 9.77e-04h 11
2772  4.3061844e-05 1.21e-08 8.62e-02 -11.0 8.02e-03    -  1.00e+00 1.56e-02h  7
2773  4.3059495e-05 2.44e-08 1.13e-01 -11.0 2.22e-03    -  1.00e+00 2.50e-01h  3
2774  4.3058968e-05 2.57e-08 3.79e-02 -11.0 4.46e-02    -  1.00e+00 3.91e-03h  9
2775  4.3058362e-05 1.34e-10 5.48e-02 -11.0 1.96e-05  -0.7 1.00e+00 1.00e+00h  1
2776  4.3056871e-05 8.92e-09 1.38e-02 -11.0 3.83e-04    -  1.00e+00 1.00e+00h  1
2777  4.3056444e-05 9.46e-09 3.86e-02 -11.0 1.16e-02    -  1.00e+00 1.56e-02h  7
2778  4.3056250e-05 9.29e-09 2.85e-02 -11.0 2.51e-03    -  1.00e+00 1.56e-02h  7
2779  4.3055036e-05 1.03e-08 1.57e-02 -11.0 9.12e-04    -  1.00e+00 2.50e-01h  3
iter    objective    inf_pr   inf_du lg(mu)  ||d||  lg(rg) alpha_du alpha_pr  ls
2780  4.3053304e-05 7.09e-08 1.24e-02 -11.0 1.84e-02    -  1.00e+00 6.25e-02h  5
2781  4.3052960e-05 1.02e-07 2.50e-01 -11.0 4.10e-01    -  1.00e+00 1.95e-03h 10
2782  4.3052567e-05 5.44e-11 1.08e-01 -11.0 7.59e-06   1.0 1.00e+00 1.00e+00h  1
2783  4.3049813e-05 3.56e-09 7.39e-02 -11.0 2.73e-04    -  1.00e+00 1.00e+00h  1
2784  4.3050033e-05 2.36e-10 6.49e-03 -11.0 1.63e-05   0.6 1.00e+00 1.00e+00h  1
2785  4.3049028e-05 5.62e-10 1.40e-01 -11.0 7.83e-05    -  1.00e+00 1.00e+00h  1
2786  4.3048411e-05 2.28e-09 1.79e-01 -11.0 1.43e-03    -  1.00e+00 1.00e+00H  1
2787  4.3047357e-05 2.29e-07 6.01e-02 -11.0 1.14e+00    -  1.00e+00 1.95e-03h 10
2788  4.3047060e-05 2.29e-07 4.45e-02 -11.0 1.11e-01    -  1.00e+00 9.77e-04h 11
2789  4.3044867e-05 2.02e-07 1.32e-01 -11.0 1.74e-03    -  1.00e+00 1.25e-01h  4
iter    objective    inf_pr   inf_du lg(mu)  ||d||  lg(rg) alpha_du alpha_pr  ls
2790  4.3041871e-05 2.02e-07 5.04e-02 -11.0 8.86e-03    -  1.00e+00 6.25e-02h  5
2791  4.3037591e-05 4.47e-10 2.14e-01 -11.0 3.70e-05  -0.4 1.00e+00 1.00e+00h  1
2792  4.3036528e-05 6.94e-08 1.45e-02 -11.0 1.22e-03    -  1.00e+00 1.00e+00h  1
2793  4.3036154e-05 1.37e-11 1.22e-02 -11.0 5.76e-06  -0.0 1.00e+00 1.00e+00h  1
2794  4.3036056e-05 6.25e-13 1.57e-02 -11.0 1.42e-06   0.4 1.00e+00 1.00e+00h  1
2795  4.3035792e-05 5.36e-12 7.57e-03 -11.0 5.04e-06  -0.1 1.00e+00 1.00e+00h  1
2796  4.3035353e-05 3.94e-08 7.40e-02 -11.0 8.77e-04    -  1.00e+00 1.00e+00h  1
2797  4.3034658e-05 2.71e-07 5.06e-01 -11.0 2.75e-01    -  1.00e+00 7.81e-03h  8
2798  4.3034114e-05 2.77e-07 5.62e-01 -11.0 3.61e-01    -  1.00e+00 9.77e-04h 11
2799  4.3034608e-05 1.13e-10 9.80e-02 -11.0 1.19e-05   1.2 1.00e+00 1.00e+00h  1
iter    objective    inf_pr   inf_du lg(mu)  ||d||  lg(rg) alpha_du alpha_pr  ls
2800  4.3032966e-05 9.21e-12 1.62e+00 -11.0 5.32e-06   0.7 1.00e+00 1.00e+00h  1
2801  4.3026716e-05 6.45e-10 2.99e-01 -11.0 4.86e-05    -  1.00e+00 1.00e+00h  1
2802  4.3025395e-05 9.36e-09 3.27e-03 -11.0 4.29e-04    -  1.00e+00 1.00e+00h  1
2803  4.3025375e-05 2.05e-14 3.27e-03 -11.0 2.22e-07   1.2 1.00e+00 1.00e+00h  1
2804  4.3025317e-05 1.55e-13 3.40e-03 -11.0 5.58e-07   0.7 1.00e+00 1.00e+00h  1
2805  4.3024705e-05 1.23e-08 8.30e-03 -11.0 4.69e-04    -  1.00e+00 1.00e+00h  1
2806  4.3024714e-05 1.00e-10 6.63e-03 -11.0 1.07e-05   0.6 1.00e+00 1.00e+00h  1
2807  4.3023860e-05 1.31e-08 6.20e-02 -11.0 5.23e-04    -  1.00e+00 1.00e+00h  1
2808  4.3023806e-05 5.92e-10 1.29e-02 -11.0 2.54e-05   0.6 1.00e+00 1.00e+00h  1
2809  4.3022798e-05 6.49e-08 3.99e-02 -11.0 1.13e-03    -  1.00e+00 1.00e+00h  1
iter    objective    inf_pr   inf_du lg(mu)  ||d||  lg(rg) alpha_du alpha_pr  ls
2810  4.3022431e-05 6.52e-08 7.61e-02 -11.0 3.96e-02    -  1.00e+00 1.95e-03h 10
2811  4.3021280e-05 9.92e-08 4.21e-01 -11.0 4.74e-03    -  1.00e+00 1.25e-01h  4
2812  4.3017731e-05 1.22e-10 2.25e-01 -11.0 1.04e-05   0.1 1.00e+00 1.00e+00h  1
2813  4.3016857e-05 6.90e-10 7.32e-03 -11.0 1.36e-04    -  1.00e+00 1.00e+00h  1
2814  4.3015834e-05 1.85e-08 3.85e-02 -11.0 2.62e-02    -  1.00e+00 1.56e-02h  7
2815  4.3015636e-05 2.31e-10 3.82e-01 -11.0 1.61e-05   1.4 1.00e+00 1.00e+00h  1
2816  4.3015249e-05 1.27e-13 1.23e-01 -11.0 9.44e-07   0.9 1.00e+00 1.00e+00h  1
2817  4.3013404e-05 8.28e-09 1.31e-02 -11.0 2.04e-04    -  1.00e+00 1.00e+00h  1
2818  4.3013482e-05 7.71e-11 3.03e-03 -11.0 9.37e-06   0.4 1.00e+00 1.00e+00h  1
2819  4.3012445e-05 1.19e-08 1.73e-02 -11.0 3.45e-04    -  1.00e+00 1.00e+00h  1
iter    objective    inf_pr   inf_du lg(mu)  ||d||  lg(rg) alpha_du alpha_pr  ls
2820  4.3012179e-05 2.61e-12 2.73e-02 -11.0 3.99e-06  -0.0 1.00e+00 1.00e+00h  1
2821  4.3011674e-05 9.67e-09 1.86e-02 -11.0 3.20e-04    -  1.00e+00 1.00e+00h  1
2822  4.3011487e-05 9.63e-09 1.88e-02 -11.0 4.73e-03    -  1.00e+00 3.91e-03h  9
2823  4.3011372e-05 1.36e-12 6.71e-03 -11.0 1.99e-06  -0.1 1.00e+00 1.00e+00h  1
2824  4.3011178e-05 5.57e-10 7.59e-03 -11.0 6.79e-05    -  1.00e+00 1.00e+00h  1
2825  4.3010954e-05 2.27e-08 1.64e-01 -11.0 1.09e-01    -  1.00e+00 3.91e-03h  9
2826  4.3010801e-05 3.05e-08 1.42e-01 -11.0 3.01e-02    -  1.00e+00 7.81e-03h  8
2827  4.3010237e-05 3.21e-08 2.26e-02 -11.0 8.25e-03    -  1.00e+00 1.56e-02h  7
2828  4.3009115e-05 7.83e-12 7.16e-02 -11.0 5.27e-06  -0.2 1.00e+00 1.00e+00h  1
2829  4.3007770e-05 4.63e-09 3.96e-02 -11.0 2.11e-04    -  1.00e+00 1.00e+00h  1
iter    objective    inf_pr   inf_du lg(mu)  ||d||  lg(rg) alpha_du alpha_pr  ls
2830  4.3006849e-05 7.88e-09 2.50e-02 -11.0 2.94e-02    -  1.00e+00 7.81e-03h  8
2831  4.3005859e-05 3.50e-11 1.68e-03 -11.0 8.99e-06  -0.3 1.00e+00 1.00e+00h  1
2832  4.3003950e-05 2.10e-08 1.75e-02 -11.0 4.27e-04    -  1.00e+00 1.00e+00h  1
2833  4.3003450e-05 2.73e-10 1.06e-02 -11.0 2.62e-05  -0.7 1.00e+00 1.00e+00h  1
2834  4.3002115e-05 6.77e-08 3.20e-02 -11.0 8.03e-04    -  1.00e+00 1.00e+00h  1
2835  4.3000345e-05 3.16e-10 5.75e-03 -11.0 2.35e-05  -0.3 1.00e+00 1.00e+00h  1
2836  4.2998758e-05 5.05e-10 1.14e-02 -11.0 9.94e-05    -  1.00e+00 1.00e+00h  1
2837  4.2997410e-05 2.03e-09 6.95e-02 -11.0 2.44e-02    -  1.00e+00 7.81e-03h  8
2838  4.2995570e-05 1.79e-10 3.55e-02 -11.0 2.65e-05  -0.8 1.00e+00 1.00e+00h  1
2839  4.2992242e-05 1.53e-08 1.14e-01 -11.0 4.47e-04    -  1.00e+00 1.00e+00h  1
iter    objective    inf_pr   inf_du lg(mu)  ||d||  lg(rg) alpha_du alpha_pr  ls
2840  4.2991488e-05 1.67e-08 1.26e-01 -11.0 4.37e-02    -  1.00e+00 3.91e-03h  9
2841  4.2990027e-05 1.46e-10 2.59e-03 -11.0 2.48e-05  -0.8 1.00e+00 1.00e+00h  1
2842  4.2989606e-05 1.62e-11 9.32e-03 -11.0 7.46e-06  -0.4 1.00e+00 1.00e+00h  1
2843  4.2987353e-05 3.56e-09 2.71e-02 -11.0 2.31e-04    -  1.00e+00 1.00e+00h  1
2844  4.2987345e-05 5.97e-12 1.84e-02 -11.0 2.75e-06   0.9 1.00e+00 1.00e+00h  1
2845  4.2985351e-05 3.22e-09 6.06e-03 -11.0 1.36e-04    -  1.00e+00 1.00e+00h  1
2846  4.2985398e-05 3.58e-10 2.79e-02 -11.0 2.12e-05   0.4 1.00e+00 1.00e+00h  1
2847  4.2985308e-05 1.11e-10 2.84e-02 -11.0 3.33e-05    -  1.00e+00 1.00e+00h  1
2848  4.2984953e-05 6.51e-11 2.55e-03 -11.0 7.64e-06  -0.0 1.00e+00 1.00e+00h  1
2849  4.2984477e-05 2.27e-11 4.17e-02 -11.0 1.71e-05    -  1.00e+00 1.00e+00h  1
iter    objective    inf_pr   inf_du lg(mu)  ||d||  lg(rg) alpha_du alpha_pr  ls
2850  4.3001477e-05 6.02e-12 5.67e-01 -11.0 2.48e-04    -  1.00e+00 1.00e+00H  1
2851  4.3001112e-05 6.21e-12 5.45e-01 -11.0 2.16e-04    -  1.00e+00 7.81e-03h  8
2852  4.2980848e-05 1.23e-10 1.66e-02 -11.0 2.87e-05  -0.5 1.00e+00 1.00e+00h  1
2853  4.2978948e-05 1.15e-10 3.58e-03 -11.0 3.76e-05    -  1.00e+00 1.00e+00h  1
2854  4.2979742e-05 1.96e-12 1.39e-01 -11.0 1.14e-04    -  1.00e+00 1.00e+00H  1
2855  4.2978086e-05 1.36e-08 1.50e-01 -11.0 4.66e-04    -  1.00e+00 5.00e-01h  2
2856  4.2978109e-05 1.36e-08 1.29e-02 -11.0 1.95e-03    -  1.00e+00 1.56e-02h  7
2857  4.2977733e-05 5.04e-09 3.55e-02 -11.0 7.71e-05  -0.1 1.00e+00 1.00e+00h  1
2858  4.2977189e-05 8.91e-12 5.40e-02 -11.0 5.87e-06   0.3 1.00e+00 1.00e+00h  1
2859  4.2975990e-05 8.26e-09 5.71e-03 -11.0 1.36e-04    -  1.00e+00 1.00e+00h  1
iter    objective    inf_pr   inf_du lg(mu)  ||d||  lg(rg) alpha_du alpha_pr  ls
2860  4.2976265e-05 8.06e-09 4.20e-02 -11.0 8.42e-04    -  1.00e+00 6.25e-02h  5
2861  4.2974965e-05 9.87e-09 4.07e-01 -11.0 7.03e-04    -  1.00e+00 2.50e-01h  3
2862  4.2974587e-05 6.18e-09 2.84e-02 -11.0 6.63e-05  -0.7 1.00e+00 5.00e-01h  2
2863  4.2974061e-05 2.43e-09 1.86e-01 -11.0 6.24e-05    -  1.00e+00 1.00e+00h  1
2864  4.2978403e-05 1.41e-12 2.55e-02 -11.0 4.07e-05  -1.1 1.00e+00 1.00e+00H  1
2865  4.2972754e-05 4.19e-10 1.16e-02 -11.0 7.90e-05    -  1.00e+00 1.00e+00h  1
2866  4.2972343e-05 5.00e-10 8.76e-03 -11.0 2.74e-04    -  1.00e+00 2.50e-01h  3
2867  4.2972220e-05 8.38e-09 2.88e-02 -11.0 8.38e-04    -  1.00e+00 2.50e-01h  3
2868  4.2971109e-05 4.86e-08 1.44e-01 -11.0 3.65e-02    -  1.00e+00 1.56e-02h  7
2869  4.2969500e-05 5.61e-08 8.09e-02 -11.0 1.19e-01    -  1.00e+00 1.95e-03h 10
iter    objective    inf_pr   inf_du lg(mu)  ||d||  lg(rg) alpha_du alpha_pr  ls
2870  4.2964486e-05 5.67e-10 2.39e-02 -11.0 6.37e-05  -0.8 1.00e+00 1.00e+00h  1
2871  4.2961464e-05 6.96e-09 7.36e-03 -11.0 2.39e-04    -  1.00e+00 1.00e+00h  1
2872  4.2961236e-05 1.07e-12 1.71e-02 -11.0 2.31e-06   0.6 1.00e+00 1.00e+00h  1
2873  4.2957223e-05 2.12e-08 7.08e-02 -11.0 4.42e-04    -  1.00e+00 1.00e+00h  1
2874  4.2957116e-05 3.61e-13 1.75e-02 -11.0 9.09e-07   1.0 1.00e+00 1.00e+00h  1
2875  4.2953505e-05 3.44e-08 1.11e-01 -11.0 5.37e-04    -  1.00e+00 1.00e+00h  1
2876  4.2953319e-05 2.95e-12 1.49e-02 -11.0 2.09e-06   0.5 1.00e+00 1.00e+00h  1
2877  4.2949769e-05 1.75e-08 1.96e-02 -11.0 3.74e-04    -  1.00e+00 1.00e+00h  1
2878  4.2949359e-05 1.74e-08 8.20e-02 -11.0 1.51e-02    -  1.00e+00 7.81e-03h  8
2879  4.2946045e-05 2.71e-11 8.24e-03 -11.0 1.16e-05   0.0 1.00e+00 1.00e+00h  1
iter    objective    inf_pr   inf_du lg(mu)  ||d||  lg(rg) alpha_du alpha_pr  ls
2880  4.2942910e-05 7.13e-09 7.74e-03 -11.0 2.42e-04    -  1.00e+00 1.00e+00h  1
2881  4.2942519e-05 3.47e-11 2.41e-02 -11.0 1.06e-05  -0.4 1.00e+00 1.00e+00h  1
2882  4.2940092e-05 4.65e-09 1.45e-02 -11.0 2.26e-04    -  1.00e+00 1.00e+00h  1
2883  4.2939031e-05 4.32e-09 8.28e-03 -11.0 8.82e-03    -  1.00e+00 7.81e-03h  8
2884  4.2937994e-05 9.06e-09 2.77e-01 -11.0 9.61e-04    -  1.00e+00 2.50e-01h  3
2885  4.2937958e-05 1.08e-08 2.84e-01 -11.0 1.42e-03    -  1.00e+00 6.25e-02h  5
2886  4.2935900e-05 2.63e-10 5.88e-02 -11.0 1.69e-05   0.8 1.00e+00 1.00e+00h  1
2887  4.2931551e-05 4.97e-10 1.02e-01 -11.0 8.64e-05    -  1.00e+00 1.00e+00h  1
2888  4.2930921e-05 1.15e-10 4.28e-02 -11.0 1.08e-05   0.4 1.00e+00 1.00e+00h  1
2889  4.2929745e-05 2.79e-10 4.09e-02 -11.0 4.08e-05    -  1.00e+00 1.00e+00h  1
iter    objective    inf_pr   inf_du lg(mu)  ||d||  lg(rg) alpha_du alpha_pr  ls
2890  4.2929709e-05 2.95e-13 4.50e-03 -11.0 6.82e-07   0.8 1.00e+00 1.00e+00h  1
2891  4.2928954e-05 7.18e-10 1.38e-02 -11.0 4.60e-05    -  1.00e+00 1.00e+00h  1
2892  4.2928948e-05 7.90e-15 2.73e-04 -11.0 1.15e-07   1.2 1.00e+00 1.00e+00h  1
2893  4.2928806e-05 1.04e-10 3.37e-03 -11.0 1.70e-05    -  1.00e+00 1.00e+00h  1
2894  4.2928669e-05 2.04e-10 3.60e-02 -11.0 8.30e-05    -  1.00e+00 2.50e-01h  3
2895  4.2928531e-05 3.06e-12 1.24e-02 -11.0 1.63e-06   0.7 1.00e+00 1.00e+00h  1
2896  4.2928035e-05 3.82e-10 1.31e-02 -11.0 3.25e-05    -  1.00e+00 1.00e+00h  1
2897  4.2928026e-05 8.99e-15 2.97e-04 -11.0 1.38e-07   1.2 1.00e+00 1.00e+00h  1
2898  4.2927205e-05 1.86e-09 2.47e-02 -11.0 7.45e-05    -  1.00e+00 1.00e+00h  1
2899  4.2927123e-05 2.86e-09 4.49e-01 -11.0 1.08e-03    -  1.00e+00 6.25e-02h  5
iter    objective    inf_pr   inf_du lg(mu)  ||d||  lg(rg) alpha_du alpha_pr  ls
2900  4.2926563e-05 6.42e-12 5.86e-02 -11.0 2.50e-06   0.7 1.00e+00 1.00e+00h  1
2901  4.2926392e-05 4.81e-14 1.69e-01 -11.0 6.60e-07   1.1 1.00e+00 1.00e+00h  1
2902  4.2926082e-05 2.24e-13 5.01e-04 -11.0 1.45e-06   0.6 1.00e+00 1.00e+00h  1
2903  4.2925795e-05 5.49e-13 1.88e-02 -11.0 2.04e-06   0.2 1.00e+00 1.00e+00h  1
2904  4.2924250e-05 1.01e-08 1.59e-03 -11.0 1.72e-04    -  1.00e+00 1.00e+00h  1
2905  4.2924084e-05 1.12e-08 2.09e-02 -11.0 7.08e-03    -  1.00e+00 7.81e-03h  8
2906  4.2923939e-05 1.15e-08 9.43e-03 -11.0 5.76e-04    -  1.00e+00 1.25e-01h  4
2907  4.2923762e-05 1.12e-08 5.38e-02 -11.0 4.56e-04    -  1.00e+00 1.25e-01h  4
2908  4.2922483e-05 1.71e-10 1.45e-02 -11.0 2.08e-05  -0.3 1.00e+00 1.00e+00h  1
2909  4.2922127e-05 9.68e-10 1.24e-02 -11.0 4.73e-05    -  1.00e+00 1.00e+00h  1
iter    objective    inf_pr   inf_du lg(mu)  ||d||  lg(rg) alpha_du alpha_pr  ls
2910  4.2921896e-05 2.32e-09 3.63e-02 -11.0 1.92e-03    -  1.00e+00 3.12e-02h  6
2911  4.2921952e-05 2.39e-09 3.72e-02 -11.0 5.55e-04    -  1.00e+00 6.25e-02h  5
2912  4.2920838e-05 2.61e-09 3.33e-02 -11.0 4.26e-04    -  1.00e+00 2.50e-01h  3
2913  4.2920246e-05 3.38e-09 8.01e-03 -11.0 4.36e-03    -  1.00e+00 1.56e-02h  7
2914  4.2921311e-05 1.53e-10 1.57e-02 -11.0 1.08e-04  -1.8 1.00e+00 1.00e+00H  1
2915  4.2923040e-05 8.38e-11 2.74e-02 -11.0 1.57e-04  -2.2 1.00e+00 1.00e+00H  1
2916  4.2916303e-05 4.10e-08 6.24e-02 -11.0 3.41e-04    -  1.00e+00 1.00e+00h  1
2917  4.2915994e-05 1.26e-09 1.31e-02 -11.0 4.02e-05   0.9 1.00e+00 1.00e+00h  1
2918  4.2916346e-05 1.87e-10 9.32e-02 -11.0 1.12e-04    -  1.00e+00 1.00e+00H  1
2919  4.2915844e-05 5.49e-09 1.19e-01 -11.0 6.53e-04    -  1.00e+00 1.25e-01h  4
iter    objective    inf_pr   inf_du lg(mu)  ||d||  lg(rg) alpha_du alpha_pr  ls
2920  4.2915737e-05 7.34e-09 2.83e-02 -11.0 5.68e-04    -  1.00e+00 1.25e-01h  4
2921  4.2915145e-05 3.74e-12 3.78e-03 -11.0 2.85e-06   0.4 1.00e+00 1.00e+00h  1
2922  4.2913937e-05 5.03e-09 6.53e-03 -11.0 8.26e-05    -  1.00e+00 1.00e+00h  1
2923  4.2914008e-05 4.56e-09 2.73e-02 -11.0 9.77e-05    -  1.00e+00 1.25e-01h  4
2924  4.2913614e-05 5.23e-10 1.10e-02 -11.0 5.58e-05    -  1.00e+00 1.00e+00h  1
2925  4.2913669e-05 8.19e-10 1.23e-02 -11.0 6.78e-05    -  1.00e+00 1.00e+00H  1
2926  4.2913646e-05 6.04e-10 2.47e-02 -11.0 6.10e-05    -  1.00e+00 2.50e-01h  3
2927  4.2912576e-05 1.58e-09 6.29e-03 -11.0 5.65e-05    -  1.00e+00 1.00e+00h  1
2928  4.2912426e-05 2.48e-10 1.10e-01 -11.0 1.74e-05  -0.1 1.00e+00 1.00e+00h  1
2929  4.2912323e-05 2.36e-12 6.72e-03 -11.0 3.38e-06  -0.6 1.00e+00 1.00e+00h  1
iter    objective    inf_pr   inf_du lg(mu)  ||d||  lg(rg) alpha_du alpha_pr  ls
2930  4.2912208e-05 3.28e-10 3.22e-02 -11.0 4.20e-05    -  1.00e+00 1.00e+00h  1
2931  4.2911624e-05 9.49e-11 2.40e-03 -11.0 9.31e-06  -0.1 1.00e+00 1.00e+00h  1
2932  4.2910887e-05 3.79e-10 1.23e-01 -11.0 4.27e-05    -  1.00e+00 1.00e+00h  1
2933  4.2910854e-05 2.38e-09 1.84e-02 -11.0 5.83e-03    -  1.00e+00 1.56e-02h  7
2934  4.2910692e-05 2.78e-09 1.05e-01 -11.0 1.52e-03    -  1.00e+00 3.12e-02h  6
2935  4.2910228e-05 1.04e-12 6.22e-02 -11.0 1.60e-06   0.7 1.00e+00 1.00e+00h  1
2936  4.2909376e-05 6.81e-10 1.21e-03 -11.0 5.50e-05    -  1.00e+00 1.00e+00h  1
2937  4.2909291e-05 1.26e-12 2.69e-03 -11.0 1.54e-06   0.2 1.00e+00 1.00e+00h  1
2938  4.2909186e-05 1.52e-12 9.87e-04 -11.0 4.23e-06  -0.3 1.00e+00 1.00e+00h  1
2939  4.2908882e-05 4.78e-10 6.06e-02 -11.0 2.27e-04    -  1.00e+00 2.50e-01h  3
iter    objective    inf_pr   inf_du lg(mu)  ||d||  lg(rg) alpha_du alpha_pr  ls
2940  4.2907512e-05 1.49e-08 2.30e-02 -11.0 1.06e-03    -  1.00e+00 2.50e-01h  3
2941  4.2907336e-05 1.52e-08 4.11e-02 -11.0 5.25e-03    -  1.00e+00 7.81e-03h  8
2942  4.2906631e-05 1.51e-08 1.75e-02 -11.0 8.66e-04    -  1.00e+00 1.25e-01h  4
2943  4.2907956e-05 1.47e-08 2.35e-01 -11.0 1.44e-03    -  1.00e+00 6.25e-02h  5
2944  4.2905750e-05 8.15e-10 9.12e-03 -11.0 3.27e-05  -0.4 1.00e+00 1.00e+00h  1
2945  4.2904845e-05 7.19e-10 3.30e-03 -11.0 7.09e-05    -  1.00e+00 1.00e+00h  1
2946  4.2904387e-05 4.25e-09 2.79e-02 -11.0 2.63e-03    -  1.00e+00 6.25e-02h  5
2947  4.2904229e-05 2.46e-08 1.42e-01 -11.0 2.65e-02    -  1.00e+00 1.56e-02h  7
2948  4.2902966e-05 1.35e-09 1.52e-01 -11.0 5.42e-05  -1.3 1.00e+00 1.00e+00h  1
2949  4.2900004e-05 3.45e-09 1.38e-02 -11.0 1.09e-04    -  1.00e+00 1.00e+00h  1
iter    objective    inf_pr   inf_du lg(mu)  ||d||  lg(rg) alpha_du alpha_pr  ls
2950  4.2898830e-05 6.28e-09 7.19e-02 -11.0 3.00e-03    -  1.00e+00 6.25e-02h  5
2951  4.2898312e-05 1.91e-11 2.71e-02 -11.0 3.80e-06   0.0 1.00e+00 1.00e+00h  1
2952  4.2895559e-05 7.21e-09 1.62e-02 -11.0 2.84e-04    -  1.00e+00 1.00e+00h  1
2953  4.2894114e-05 7.25e-09 3.14e-02 -11.0 9.56e-02    -  1.00e+00 9.77e-04h 11
2954  4.2893850e-05 1.98e-13 2.46e-02 -11.0 8.66e-07   0.9 1.00e+00 1.00e+00h  1
2955  4.2880309e-05 4.36e-07 1.23e-01 -11.0 2.19e-03    -  1.00e+00 1.00e+00h  1
2956  4.2878773e-05 4.43e-07 2.01e-01 -11.0 7.34e-02    -  1.00e+00 3.91e-03h  9
2957  4.2879111e-05 9.24e-11 4.69e-02 -11.0 8.41e-06   1.3 1.00e+00 1.00e+00h  1
2958  4.2878422e-05 6.88e-13 4.07e-02 -11.0 2.21e-06   0.8 1.00e+00 1.00e+00h  1
2959  4.2872822e-05 8.79e-08 3.35e-02 -11.0 9.68e-04    -  1.00e+00 1.00e+00h  1
iter    objective    inf_pr   inf_du lg(mu)  ||d||  lg(rg) alpha_du alpha_pr  ls
2960  4.2871712e-05 1.00e-07 4.59e-02 -11.0 3.30e-01    -  1.00e+00 9.77e-04h 11
2961  4.2870419e-05 8.50e-11 1.02e-01 -11.0 9.73e-06   0.8 1.00e+00 1.00e+00h  1
2962  4.2861244e-05 1.40e-07 4.25e-02 -11.0 1.15e-03    -  1.00e+00 1.00e+00h  1
2963  4.2862435e-05 6.71e-10 1.41e-02 -11.0 2.89e-05   0.3 1.00e+00 1.00e+00h  1
2964  4.2853851e-05 4.13e-07 3.91e-01 -11.0 2.00e-03    -  1.00e+00 1.00e+00h  1
2965  4.2851252e-05 6.67e-07 6.95e-01 -11.0 6.35e+00    -  1.00e+00 2.44e-04h 13
2966  4.2846548e-05 7.48e-07 8.43e-01 -11.0 4.64e-01    -  1.00e+00 1.95e-03h 10
2967  4.2844349e-05 1.66e-10 2.60e-02 -11.0 1.68e-05   1.6 1.00e+00 1.00e+00h  1
2968  4.2831266e-05 6.77e-07 1.85e-01 -11.0 2.58e-03    -  1.00e+00 1.00e+00h  1
2969  4.2831099e-05 2.16e-12 1.64e-02 -11.0 2.31e-06   1.1 1.00e+00 1.00e+00h  1
iter    objective    inf_pr   inf_du lg(mu)  ||d||  lg(rg) alpha_du alpha_pr  ls
2970  4.2830456e-05 9.69e-13 5.16e-03 -11.0 2.36e-06   0.6 1.00e+00 1.00e+00h  1
2971  4.2829211e-05 1.15e-11 9.32e-03 -11.0 6.83e-06   0.1 1.00e+00 1.00e+00h  1
2972  4.2827137e-05 7.56e-11 1.50e-02 -11.0 1.55e-05  -0.3 1.00e+00 1.00e+00h  1
2973  4.2822601e-05 1.73e-07 9.71e-02 -11.0 2.53e-03    -  1.00e+00 5.00e-01h  2
2974  4.2816393e-05 3.92e-07 2.32e-01 -11.0 7.40e-01    -  1.00e+00 1.95e-03h 10
2975  4.2815715e-05 6.58e-07 3.90e-01 -11.0 1.63e+00    -  1.00e+00 9.77e-04h 11
2976  4.2812787e-05 6.87e-07 4.62e-01 -11.0 2.72e-01    -  1.00e+00 1.95e-03h 10
2977  4.2809474e-05 4.24e-10 8.90e-03 -11.0 2.02e-05   0.0 1.00e+00 1.00e+00h  1
2978  4.2806455e-05 1.10e-10 1.57e-02 -11.0 1.93e-05  -0.4 1.00e+00 1.00e+00h  1
2979  4.2806979e-05 6.79e-10 5.26e-03 -11.0 2.83e-04    -  1.00e+00 1.00e+00H  1
iter    objective    inf_pr   inf_du lg(mu)  ||d||  lg(rg) alpha_du alpha_pr  ls
2980  4.2806189e-05 2.01e-09 1.95e-02 -11.0 2.57e-03    -  1.00e+00 6.25e-02h  5
2981  4.2806143e-05 3.87e-08 7.11e-01 -11.0 9.29e-03    -  1.00e+00 6.25e-02h  5
2982  4.2801759e-05 9.87e-11 1.53e-02 -11.0 1.32e-05  -0.0 1.00e+00 1.00e+00h  1
2983  4.2797833e-05 1.27e-08 1.58e-02 -11.0 3.43e-04    -  1.00e+00 1.00e+00h  1
2984  4.2796815e-05 3.25e-08 6.14e-02 -11.0 1.09e-01    -  1.00e+00 3.91e-03h  9
2985  4.2789374e-05 8.98e-07 2.87e-01 -11.0 7.24e-01    -  1.00e+00 3.91e-03h  9
2986  4.2789638e-05 3.15e-12 1.26e-02 -11.0 3.72e-06   0.8 1.00e+00 1.00e+00h  1
2987  4.2785508e-05 6.91e-08 5.93e-02 -11.0 7.96e-04    -  1.00e+00 1.00e+00h  1
2988  4.2785324e-05 7.03e-08 3.37e-02 -11.0 5.72e-02    -  1.00e+00 1.95e-03h 10
2989  4.2785013e-05 1.69e-13 4.67e-03 -11.0 6.70e-07   1.3 1.00e+00 1.00e+00h  1
iter    objective    inf_pr   inf_du lg(mu)  ||d||  lg(rg) alpha_du alpha_pr  ls
2990  4.2782100e-05 5.36e-09 1.17e-02 -11.0 2.12e-04    -  1.00e+00 1.00e+00h  1
2991  4.2782178e-05 1.79e-11 2.77e-02 -11.0 4.66e-06   0.8 1.00e+00 1.00e+00h  1
2992  4.2776443e-05 7.32e-08 9.82e-02 -11.0 8.24e-04    -  1.00e+00 1.00e+00h  1
2993  4.2775716e-05 4.54e-10 3.15e-02 -11.0 2.27e-05   1.2 1.00e+00 1.00e+00h  1
2994  4.2775378e-05 6.11e-13 2.50e-02 -11.0 1.28e-06   0.7 1.00e+00 1.00e+00h  1
2995  4.2767877e-05 2.55e-07 7.67e-02 -11.0 1.51e-03    -  1.00e+00 1.00e+00h  1
2996  4.2766861e-05 5.90e-11 2.62e-02 -11.0 6.74e-06   0.3 1.00e+00 1.00e+00h  1
2997  4.2755595e-05 3.26e-07 5.34e-01 -11.0 1.48e-03    -  1.00e+00 1.00e+00h  1
2998  4.2764879e-05 4.83e-08 5.40e-02 -11.0 2.36e-04  -0.2 1.00e+00 1.00e+00h  1
2999  4.2766496e-05 4.37e-08 1.70e-01 -11.0 1.01e-03    -  1.00e+00 5.00e-01h  2
iter    objective    inf_pr   inf_du lg(mu)  ||d||  lg(rg) alpha_du alpha_pr  ls
3000  4.2762073e-05 9.58e-08 2.30e-02 -11.0 1.97e-01    -  1.00e+00 3.91e-03h  9

Number of Iterations....: 3000

                                   (scaled)                 (unscaled)
Objective...............:   4.2762073154348303e-05    4.2762073154348303e-05
Dual infeasibility......:   2.3033631713122959e-02    2.3033631713122959e-02
Constraint violation....:   9.5818344706538605e-08    9.5818344706538605e-08
Variable bound violation:   0.0000000000000000e+00    0.0000000000000000e+00
Complementarity.........:   0.0000000000000000e+00    0.0000000000000000e+00
Overall NLP error.......:   2.3033631713122959e-02    2.3033631713122959e-02


Number of objective function evaluations             = 9483
Number of objective gradient evaluations             = 3001
Number of equality constraint evaluations            = 9654
Number of inequality constraint evaluations          = 0
Number of equality constraint Jacobian evaluations   = 3002
Number of inequality constraint Jacobian evaluations = 0
Number of Lagrangian Hessian evaluations             = 0
Total seconds in IPOPT                               = 3312.737

EXIT: Maximum Number of Iterations Exceeded.
shapovalova [3326s]  loss=4.28e-5
  [final]  nrmse=0.3578  l2=0.03084
saved /orcd/home/002/txenakis/projects/BVPsolver/src/../data/runs/run_FT9TBIYQ/rober_fit.png
saved /orcd/home/002/txenakis/projects/BVPsolver/src/../data/runs/run_FT9TBIYQ/rober_spectral_fit.png
┌ Warning: Attempting to store StiffNN.var"#12#13"{Float64, Float64, Float64}.
│ JLD2 only stores functions by name.
│  This may not be useful for anonymous functions.
└ @ JLD2 ~/.julia/packages/JLD2/ADycq/src/data/writing_datatypes.jl:447
saved run → /orcd/home/002/txenakis/projects/BVPsolver/src/../data/runs/run_FT9TBIYQ
--------------------------------------
Done: Wed Aug 12 06:58:26 EDT 2026
