Task 80/214: --problem vanderpol --model GELU-scaled --profile fast --seed 11 --pretraining none --training shapovalova
Logging to /home/txenakis/projects/BVPsolver/logs/run_main_20252509_80.log
vanderpol  model=GELU-scaled d=2 tlen=151 profile=fast seed=11  solver=Kvaerno5  N=177

******************************************************************************
This program contains Ipopt, a library for large-scale nonlinear optimization.
 Ipopt is released as open source code under the Eclipse Public License (EPL).
         For more information visit https://github.com/coin-or/Ipopt
******************************************************************************

This is Ipopt version 3.14.19, running with linear solver MUMPS 5.9.0.

Number of nonzeros in equality constraint Jacobian...:    99360
Number of nonzeros in inequality constraint Jacobian.:        0
Number of nonzeros in Lagrangian Hessian.............:        0

Total number of variables............................:      479
                     variables with only lower bounds:        0
                variables with lower and upper bounds:        0
                     variables with only upper bounds:        0
Total number of equality constraints.................:      304
Total number of inequality constraints...............:        0
        inequality constraints with only lower bounds:        0
   inequality constraints with lower and upper bounds:        0
        inequality constraints with only upper bounds:        0

iter    objective    inf_pr   inf_du lg(mu)  ||d||  lg(rg) alpha_du alpha_pr  ls
   0  3.4028568e-05 1.34e+00 1.89e-06   0.0 0.00e+00    -  0.00e+00 0.00e+00   0
   1  5.5137233e+00 1.17e+00 3.12e+00 -11.0 2.97e+00    -  1.00e+00 1.25e-01h  4
   2  7.7646582e+00 1.14e+00 3.49e+00 -11.0 2.27e+00    -  1.00e+00 3.12e-02h  6
   3  1.3163684e+01 1.07e+00 3.20e+00 -11.0 2.41e+00    -  1.00e+00 6.25e-02h  5
   4  1.8788546e+01 9.99e-01 4.89e+00 -11.0 4.04e+00    -  1.00e+00 6.25e-02h  5
   5  2.1148008e+01 9.68e-01 6.78e+00 -11.0 3.16e+00    -  1.00e+00 3.12e-02h  6
   6  2.6363533e+01 9.09e-01 9.26e+00 -11.0 2.00e+00    -  1.00e+00 6.25e-02h  5
   7  3.4195835e+01 7.96e-01 3.05e+01 -11.0 1.80e+00    -  1.00e+00 1.25e-01h  4
   8  4.1886728e+01 6.01e-01 6.60e+01 -11.0 1.16e+00    -  1.00e+00 2.50e-01h  3
   9  3.2838337e+01 5.28e-01 6.30e+01 -11.0 2.59e+00    -  1.00e+00 1.25e-01f  4
iter    objective    inf_pr   inf_du lg(mu)  ||d||  lg(rg) alpha_du alpha_pr  ls
  10  2.3618813e+01 5.12e-01 7.90e+01 -11.0 9.15e+00    -  1.00e+00 3.12e-02f  6
  11  7.6423184e+02 1.74e+03 5.12e+04 -11.0 7.66e+00    -  1.00e+00 1.00e+00w  1
  12  3.8542930e+02 5.46e+01 3.86e+02 -11.0 1.14e+01    -  1.00e+00 1.00e+00w  1
  13  2.7733366e+02 3.45e+04 8.20e+06 -11.0 3.33e+00    -  1.00e+00 1.00e+00w  1
  14  1.8939395e+01 4.96e-01 9.09e+01 -11.0 1.79e+00    -  1.00e+00 3.12e-02f  5
  15  2.0222435e+01 4.34e-01 1.28e+04 -11.0 1.11e+00    -  1.00e+00 1.25e-01h  4
  16  2.3590233e+01 3.26e-01 2.22e+04 -11.0 8.12e-01    -  1.00e+00 2.50e-01h  3
  17  2.6461614e+01 2.44e-01 2.60e+04 -11.0 5.39e-01    -  1.00e+00 2.50e-01h  3
  18  3.5490787e+01 3.62e-02 5.06e+02 -11.0 3.89e-01    -  1.00e+00 1.00e+00H  1
  19  3.1493794e+01 2.34e-02 3.72e+02 -11.0 6.42e-01    -  1.00e+00 5.00e-01f  2
iter    objective    inf_pr   inf_du lg(mu)  ||d||  lg(rg) alpha_du alpha_pr  ls
  20  2.9499413e+01 2.22e-01 3.44e+02 -11.0 2.72e+00    -  1.00e+00 2.50e-01f  3
  21  1.8480333e+01 2.16e-01 3.91e+02 -11.0 1.10e+00    -  1.00e+00 5.00e-01f  2
  22  2.1542588e+01 2.12e-01 3.24e+02 -11.0 1.46e+00    -  1.00e+00 5.00e-01h  2
  23  1.6912301e+01 1.44e-01 1.88e+02 -11.0 1.49e+00    -  1.00e+00 2.50e-01f  3
  24  1.7368777e+01 1.21e-01 9.71e+01 -11.0 1.21e+00    -  1.00e+00 5.00e-01h  2
  25  1.2489897e+01 3.90e-01 8.64e+01 -11.0 9.66e-01    -  1.00e+00 5.00e-01f  2
  26  1.0839819e+01 5.75e-01 1.63e+02 -11.0 4.51e-01    -  1.00e+00 1.00e+00h  1
  27  9.6008373e+00 5.05e-01 1.54e+02 -11.0 5.86e-01    -  1.00e+00 2.50e-01h  3
  28  8.8874776e+00 6.70e-01 9.17e+01 -11.0 3.99e-01    -  1.00e+00 5.00e-01h  2
  29  7.9434835e+00 2.77e-01 5.71e+01 -11.0 6.45e-01    -  1.00e+00 2.50e-01h  3
iter    objective    inf_pr   inf_du lg(mu)  ||d||  lg(rg) alpha_du alpha_pr  ls
  30  7.1593673e+00 1.69e-01 2.15e+01 -11.0 2.76e-01    -  1.00e+00 5.00e-01h  2
  31  5.4452239e+00 1.37e-01 2.94e+01 -11.0 5.43e-01    -  1.00e+00 5.00e-01f  2
  32  4.1031680e+00 4.52e-01 2.61e+02 -11.0 5.73e-01    -  1.00e+00 1.00e+00h  1
  33  3.1743411e+00 6.71e-01 2.05e+02 -11.0 6.31e-01    -  1.00e+00 5.00e-01h  2
  34  3.3517078e+00 5.40e-01 1.25e+02 -11.0 7.71e-01    -  1.00e+00 2.50e-01h  3
  35  4.0914355e+00 2.44e-01 4.59e+01 -11.0 4.10e-01    -  1.00e+00 5.00e-01h  2
  36  4.1617410e+00 2.17e-01 8.49e+01 -11.0 4.41e-01    -  1.00e+00 2.50e-01h  3
  37  3.9667072e+00 3.97e-01 1.19e+02 -11.0 6.87e-01    -  1.00e+00 2.50e-01h  3
  38  3.8930089e+00 5.07e-01 1.35e+02 -11.0 7.58e-01    -  1.00e+00 2.50e-01h  3
  39  3.7844458e+00 6.17e-01 5.09e+02 -11.0 7.99e-01    -  1.00e+00 5.00e-01h  2
iter    objective    inf_pr   inf_du lg(mu)  ||d||  lg(rg) alpha_du alpha_pr  ls
  40  3.5049030e+00 4.60e-01 4.51e+02 -11.0 5.85e-01    -  1.00e+00 2.50e-01h  3
  41  3.1526709e+00 3.77e-01 4.44e+02 -11.0 5.83e-01    -  1.00e+00 2.50e-01h  3
  42  3.0207348e+00 4.11e-01 5.51e+02 -11.0 3.46e-01    -  1.00e+00 5.00e-01h  2
  43  2.3521670e+00 6.78e-01 9.24e+03 -11.0 2.51e-01    -  1.00e+00 1.00e+00w  1
  44  3.1600328e+00 2.14e+00 3.33e+03 -11.0 3.65e-01    -  1.00e+00 1.00e+00w  1
  45  2.1801044e+00 1.64e+00 5.69e+03 -11.0 5.94e-01    -  1.00e+00 1.00e+00w  1
  46  2.5911932e+00 1.71e-01 1.44e+03 -11.0 1.73e+00    -  1.00e+00 5.00e-01h  1
  47  1.6742146e+00 1.77e-01 8.14e+02 -11.0 1.07e+00    -  1.00e+00 2.50e-01h  3
  48  1.5653652e+00 5.44e-01 1.73e+03 -11.0 4.10e-01    -  1.00e+00 1.00e+00h  1
  49  1.6567476e+00 6.51e-01 9.11e+02 -11.0 2.03e-01    -  1.00e+00 5.00e-01h  2
iter    objective    inf_pr   inf_du lg(mu)  ||d||  lg(rg) alpha_du alpha_pr  ls
  50  1.6688703e+00 6.31e-01 8.67e+02 -11.0 1.55e-01    -  1.00e+00 3.12e-02h  6
  51  1.6719466e+00 6.26e-01 8.56e+02 -11.0 1.41e-01    -  1.00e+00 7.81e-03h  8
  52  1.6703455e+00 5.59e-01 7.30e+02 -11.0 3.05e-01    -  1.00e+00 1.25e-01h  4
  53  1.6244184e+00 4.26e-01 1.82e+03 -11.0 2.80e-01    -  1.00e+00 5.00e-01h  2
  54  1.5392061e+00 1.90e-01 2.79e+02 -11.0 1.38e-01    -  1.00e+00 1.00e+00h  1
  55  1.5550088e+00 1.13e-01 2.04e+02 -11.0 8.69e-02    -  1.00e+00 1.00e+00h  1
  56  1.5150559e+00 2.05e-01 3.22e+02 -11.0 1.08e-01    -  1.00e+00 1.00e+00h  1
  57  1.4094727e+00 4.86e-01 8.77e+02 -11.0 2.01e-01    -  1.00e+00 5.00e-01h  2
  58  1.3415529e+00 4.76e-01 9.24e+02 -11.0 3.40e-01    -  1.00e+00 1.25e-01h  4
  59  1.3701066e+00 5.05e-01 9.53e+02 -11.0 4.14e-01    -  1.00e+00 2.50e-01h  3
iter    objective    inf_pr   inf_du lg(mu)  ||d||  lg(rg) alpha_du alpha_pr  ls
  60  1.4983798e+00 4.69e-01 2.03e+03 -11.0 4.14e-01    -  1.00e+00 2.50e-01h  3
  61  1.5099487e+00 4.45e-01 2.00e+03 -11.0 4.77e-01    -  1.00e+00 6.25e-02h  5
  62  1.5135840e+00 4.22e-01 1.93e+03 -11.0 4.79e-01    -  1.00e+00 6.25e-02h  5
  63  1.5148999e+00 4.15e-01 1.92e+03 -11.0 5.12e-01    -  1.00e+00 1.56e-02h  7
  64  1.5149829e+00 4.15e-01 1.91e+03 -11.0 5.20e-01    -  1.00e+00 9.77e-04h 11
  65  1.5061006e+00 3.91e-01 1.86e+03 -11.0 5.60e-01    -  1.00e+00 1.25e-01h  4
  66  1.5067206e+00 3.83e-01 1.78e+03 -11.0 4.99e-01    -  1.00e+00 3.12e-02h  6
  67  2.8620787e+00 4.43e+00 1.11e+05 -11.0 5.10e-01    -  1.00e+00 1.00e+00w  1
  68  1.2483123e+01 2.32e+01 6.76e+04 -11.0 7.97e-01    -  1.00e+00 1.00e+00w  1
  69  1.7951543e+01 7.81e+00 1.08e+04 -11.0 2.03e+00    -  1.00e+00 1.00e+00w  1
iter    objective    inf_pr   inf_du lg(mu)  ||d||  lg(rg) alpha_du alpha_pr  ls
  70  1.5090882e+00 3.75e-01 1.71e+03 -11.0 2.37e+00    -  1.00e+00 3.12e-02h  5
  71  1.5133507e+00 3.72e-01 1.70e+03 -11.0 4.07e-01    -  1.00e+00 7.81e-03h  8
  72  1.5144069e+00 3.71e-01 1.70e+03 -11.0 4.02e-01    -  1.00e+00 1.95e-03h 10
  73  1.5149401e+00 3.71e-01 1.70e+03 -11.0 4.02e-01    -  1.00e+00 9.77e-04h 11
  74  1.5150070e+00 3.71e-01 1.70e+03 -11.0 4.02e-01    -  1.00e+00 1.22e-04h 14
  75  1.5150403e+00 3.71e-01 1.70e+03 -11.0 5.31e-01    -  1.00e+00 2.44e-04h 13
  76  1.5260576e+00 3.61e-01 1.45e+03 -11.0 5.40e-01    -  1.00e+00 6.25e-02h  5
  77  1.5480323e+00 3.52e-01 1.27e+03 -11.0 5.53e-01    -  1.00e+00 6.25e-02h  5
  78  1.5812484e+00 3.44e-01 1.14e+03 -11.0 5.52e-01    -  1.00e+00 6.25e-02h  5
  79  1.7206590e+00 3.15e-01 5.07e+03 -11.0 4.27e-01    -  1.00e+00 2.50e-01h  3
iter    objective    inf_pr   inf_du lg(mu)  ||d||  lg(rg) alpha_du alpha_pr  ls
  80  2.4078981e+00 8.22e-01 6.31e+03 -11.0 2.16e-01    -  1.00e+00 1.00e+00w  1
  81  3.0049216e+00 4.95e+00 1.07e+05 -11.0 4.08e-01    -  1.00e+00 1.00e+00w  1
  82  4.6257531e+00 3.63e+00 4.51e+05 -11.0 4.95e-01    -  1.00e+00 1.00e+00w  1
  83  1.8403014e+00 2.81e-01 2.12e+03 -11.0 2.09e+00    -  1.00e+00 2.50e-01h  2
  84  1.3420005e+00 2.44e+00 8.11e+03 -11.0 4.95e-01    -  1.00e+00 1.00e+00h  1
  85  1.4554783e+00 2.29e+00 8.48e+03 -11.0 1.14e+00    -  1.00e+00 6.25e-02h  5
  86  1.4866990e+00 2.25e+00 8.32e+03 -11.0 1.03e+00    -  1.00e+00 1.56e-02h  7
  87  1.5029424e+00 2.23e+00 8.23e+03 -11.0 1.02e+00    -  1.00e+00 7.81e-03h  8
  88  1.5112269e+00 2.22e+00 8.18e+03 -11.0 1.02e+00    -  1.00e+00 3.91e-03h  9
  89  1.5133143e+00 2.22e+00 8.17e+03 -11.0 1.02e+00    -  1.00e+00 9.77e-04h 11
iter    objective    inf_pr   inf_du lg(mu)  ||d||  lg(rg) alpha_du alpha_pr  ls
  90  3.6296543e+00 2.84e+00 4.14e+03 -11.0 1.02e+00    -  1.00e+00 5.00e-01h  2
  91  6.5872854e+00 2.05e+00 4.82e+03 -11.0 1.22e+00    -  1.00e+00 5.00e-01h  2
  92  2.0943180e+00 3.33e+00 1.85e+04 -11.0 2.25e+00    -  1.00e+00 5.00e-01f  2
  93  3.8851545e+00 2.84e+00 1.02e+05 -11.0 1.51e+00    -  1.00e+00 5.00e-01h  2
  94  5.7100348e+00 2.19e+00 2.91e+05 -11.0 1.52e+00    -  1.00e+00 2.50e-01h  3
  95  1.6250060e+01 1.83e+00 2.77e+07 -11.0 9.69e-01    -  1.00e+00 1.00e+00w  1
  96  1.3100556e+01 3.03e+00 1.78e+06 -11.0 6.39e-01    -  1.00e+00 1.00e+00w  1
  97  8.9571614e+00 2.50e+02 8.05e+02 -11.0 1.39e+00    -  1.00e+00 1.00e+00w  1
  98  9.9234490e+00 1.00e+00 5.66e+06 -11.0 1.68e+00    -  1.00e+00 5.00e-01h  1
  99  1.1303216e+01 1.13e+00 3.88e+06 -11.0 5.45e-01    -  1.00e+00 2.50e-01h  3
iter    objective    inf_pr   inf_du lg(mu)  ||d||  lg(rg) alpha_du alpha_pr  ls
 100  1.1552995e+01 1.05e+00 3.67e+06 -11.0 6.08e-01    -  1.00e+00 6.25e-02h  5
 101  1.2517351e+01 5.57e-01 2.67e+06 -11.0 4.65e-01    -  1.00e+00 2.50e-01h  3
 102  1.3161567e+01 4.94e-01 2.66e+06 -11.0 5.13e-01    -  1.00e+00 2.50e-01h  3
 103  1.4206110e+01 6.13e-01 5.00e+07 -11.0 5.34e-01    -  1.00e+00 5.00e-01h  2
 104  1.2099753e+01 6.77e-01 1.26e+08 -11.0 1.25e+00    -  1.00e+00 1.25e-01f  4
 105  1.3341992e+01 7.57e-01 1.68e+09 -11.0 3.54e-01    -  1.00e+00 5.00e-01h  2
 106  1.3161532e+01 6.59e-01 1.68e+09 -11.0 2.89e-01    -  1.00e+00 5.00e-01h  2
 107  1.3620018e+01 6.93e-01 2.06e+09 -11.0 1.51e-01    -  1.00e+00 1.00e+00h  1
 108  1.3937517e+01 2.16e-01 3.32e+08 -11.0 1.35e-01    -  1.00e+00 1.00e+00h  1
 109  1.1832605e+01 2.74e+00 5.24e+08 -11.0 1.50e+00    -  1.00e+00 2.50e-01f  3
iter    objective    inf_pr   inf_du lg(mu)  ||d||  lg(rg) alpha_du alpha_pr  ls
 110  1.1458595e+01 2.49e+00 3.53e+08 -11.0 8.80e-01    -  1.00e+00 1.25e-01h  4
 111  1.1320811e+01 1.53e+00 4.62e+08 -11.0 3.42e-01    -  1.00e+00 5.00e-01h  2
 112  1.1475212e+01 1.99e+00 4.14e+09 -11.0 2.04e-01    -  1.00e+00 1.00e+00h  1
 113  1.1138238e+01 2.69e-01 9.47e+08 -11.0 1.04e-01    -  1.00e+00 1.00e+00h  1
 114  1.1126490e+01 5.58e-02 1.13e+08 -11.0 4.60e-02    -  1.00e+00 1.00e+00h  1
 115  1.1029737e+01 8.53e-01 1.90e+07 -11.0 8.08e-02    -  1.00e+00 1.00e+00h  1
 116  1.1075318e+01 2.80e-01 7.74e+06 -11.0 3.29e-02    -  1.00e+00 1.00e+00h  1
 117  1.1142823e+01 8.79e-02 6.96e+06 -11.0 1.35e-02    -  1.00e+00 1.00e+00h  1
 118  5.5268083e+00 2.53e+00 2.42e+07 -11.0 1.90e+00    -  1.00e+00 5.00e-01f  2
 119  5.0278120e+00 3.72e+00 5.93e+06 -11.0 1.16e+00    -  1.00e+00 5.00e-01h  2
iter    objective    inf_pr   inf_du lg(mu)  ||d||  lg(rg) alpha_du alpha_pr  ls
 120  6.1573424e+00 5.96e+00 3.20e+05 -11.0 2.07e-01    -  1.00e+00 1.00e+00h  1
 121  6.0960164e+00 2.71e+00 3.25e+06 -11.0 2.11e-01    -  1.00e+00 5.00e-01h  2
 122  6.0704239e+00 1.62e+00 2.23e+07 -11.0 1.08e-01    -  1.00e+00 5.00e-01h  2
 123  6.0289690e+00 1.61e+00 1.59e+09 -11.0 2.16e-01    -  1.00e+00 1.00e+00h  1
 124  6.0862335e+00 6.84e-01 1.10e+09 -11.0 1.58e-01    -  1.00e+00 5.00e-01h  2
 125  5.9695473e+00 4.33e-01 1.74e+10 -11.0 1.46e-01    -  1.00e+00 5.00e-01h  2
 126  5.8960691e+00 1.17e-01 1.16e+09 -11.0 5.15e-02    -  1.00e+00 1.00e+00h  1
 127  5.6640879e+00 4.34e+00 7.03e+08 -11.0 2.70e-01    -  1.00e+00 5.00e-01h  2
 128  5.6037399e+00 3.28e+00 4.43e+08 -11.0 2.76e-01    -  1.00e+00 2.50e-01h  3
 129  5.6689260e+00 1.70e+00 1.37e+09 -11.0 1.61e-01    -  1.00e+00 5.00e-01h  2
iter    objective    inf_pr   inf_du lg(mu)  ||d||  lg(rg) alpha_du alpha_pr  ls
 130  5.7110427e+00 9.81e-01 6.68e+09 -11.0 8.75e-02    -  1.00e+00 5.00e-01h  2
 131  5.7234158e+00 4.34e-01 1.10e+10 -11.0 4.35e-02    -  1.00e+00 1.00e+00h  1
 132  5.6028540e+00 4.07e-01 7.02e+09 -11.0 1.61e-01    -  1.00e+00 2.50e-01h  3
 133  5.4715056e+00 3.78e-01 4.53e+09 -11.0 2.70e-01    -  1.00e+00 2.50e-01h  3
 134  5.2447544e+00 2.38e+00 3.13e+10 -11.0 5.73e-02    -  1.00e+00 1.00e+00h  1
 135  5.3159002e+00 3.50e-01 7.37e+08 -11.0 2.54e-02    -  1.00e+00 1.00e+00h  1
 136  5.3664644e+00 3.07e-01 4.29e+10 -11.0 3.41e-02    -  1.00e+00 1.00e+00h  1
 137  5.2521353e+00 3.65e-01 2.41e+12 -11.0 1.35e-01    -  1.00e+00 5.00e-01h  2
 138  5.1268323e+00 7.96e-01 1.79e+12 -11.0 1.82e-01    -  1.00e+00 5.00e-01h  2
 139  5.2446768e+00 2.12e-01 7.83e+10 -11.0 3.46e-02    -  1.00e+00 1.00e+00h  1
iter    objective    inf_pr   inf_du lg(mu)  ||d||  lg(rg) alpha_du alpha_pr  ls
 140  5.2620193e+00 3.63e-02 4.40e+09 -11.0 2.74e-02    -  1.00e+00 1.00e+00h  1
 141  5.2614340e+00 2.77e-02 8.03e+09 -11.0 3.26e-02    -  1.00e+00 2.50e-01h  3
 142  5.2660190e+00 1.46e-02 6.46e+10 -11.0 3.11e-02    -  1.00e+00 5.00e-01h  2
 143  5.2553980e+00 8.01e-02 5.54e+10 -11.0 1.43e-02    -  1.00e+00 1.00e+00h  1
 144  5.2551578e+00 4.43e-02 2.81e+10 -11.0 1.82e-02    -  1.00e+00 5.00e-01h  2
 145  5.2655575e+00 3.40e-02 2.87e+10 -11.0 1.60e-02    -  1.00e+00 1.00e+00h  1
 146  4.6112553e+00 4.93e-01 3.62e+10 -11.0 4.71e-01    -  1.00e+00 2.50e-01f  3
 147  3.3581305e+00 6.67e-01 3.47e+10 -11.0 5.61e-01    -  1.00e+00 5.00e-01h  2
 148  3.8269699e+00 1.96e-01 4.45e+08 -11.0 1.40e-01    -  1.00e+00 1.00e+00h  1
 149  3.9052424e+00 7.55e-02 6.00e+07 -11.0 6.30e-02    -  1.00e+00 1.00e+00h  1
iter    objective    inf_pr   inf_du lg(mu)  ||d||  lg(rg) alpha_du alpha_pr  ls
 150  3.8261107e+00 3.73e-02 1.63e+07 -11.0 2.66e-02    -  1.00e+00 1.00e+00h  1
 151  3.8661882e+00 1.82e-02 8.48e+06 -11.0 1.76e-02    -  1.00e+00 5.00e-01h  2
 152  4.0127753e+00 3.10e-03 1.97e+05 -11.0 2.00e-02    -  1.00e+00 1.00e+00H  1
 153  4.0081582e+00 1.34e-03 1.22e+04 -11.0 4.59e-03    -  1.00e+00 1.00e+00h  1
 154  3.9968218e+00 4.29e-03 5.18e+03 -11.0 1.99e-03    -  1.00e+00 1.00e+00h  1
 155  3.9972192e+00 1.38e-03 1.18e+03 -11.0 3.24e-04    -  1.00e+00 1.00e+00h  1
 156  3.9974053e+00 9.92e-04 1.84e+03 -11.0 2.75e-04    -  1.00e+00 1.00e+00h  1
 157  3.9965273e+00 3.64e-03 3.31e+04 -11.0 5.79e-04    -  1.00e+00 1.00e+00h  1
 158  3.9968562e+00 1.22e-03 6.97e+03 -11.0 3.07e-04    -  1.00e+00 1.00e+00h  1
 159  3.9968924e+00 1.15e-03 1.14e+04 -11.0 3.06e-04    -  1.00e+00 1.00e+00h  1
iter    objective    inf_pr   inf_du lg(mu)  ||d||  lg(rg) alpha_du alpha_pr  ls
 160  3.9964644e+00 1.60e-03 6.09e+04 -11.0 3.93e-04    -  1.00e+00 1.00e+00h  1
 161  3.9966859e+00 9.31e-04 9.32e+03 -11.0 2.61e-04    -  1.00e+00 1.00e+00h  1
 162  3.9944599e+00 1.42e-02 8.86e+06 -11.0 1.32e-03    -  1.00e+00 1.00e+00h  1
 163  3.9955015e+00 3.67e-03 2.23e+06 -11.0 6.82e-04    -  1.00e+00 1.00e+00h  1
 164  3.9959842e+00 1.22e-03 4.71e+05 -11.0 3.42e-04    -  1.00e+00 1.00e+00h  1
 165  3.9963515e+00 1.13e-03 7.12e+05 -11.0 3.33e-04    -  1.00e+00 1.00e+00h  1
 166  3.9956624e+00 1.62e-03 4.16e+06 -11.0 4.63e-04    -  1.00e+00 1.00e+00h  1
 167  3.9959551e+00 9.11e-04 4.49e+05 -11.0 2.78e-04    -  1.00e+00 1.00e+00h  1
 168  3.9862359e+00 1.56e-02 8.25e+08 -11.0 3.34e-03    -  1.00e+00 1.00e+00h  1
 169  3.9870702e+00 3.93e-03 2.13e+08 -11.0 2.56e-04    -  1.00e+00 1.00e+00h  1
iter    objective    inf_pr   inf_du lg(mu)  ||d||  lg(rg) alpha_du alpha_pr  ls
 170  3.9841209e+00 1.16e-03 4.60e+07 -11.0 9.90e-04    -  1.00e+00 1.00e+00h  1
 171  3.9807101e+00 4.46e-04 5.44e+06 -11.0 1.73e-03    -  1.00e+00 1.00e+00h  1
 172  3.9758842e+00 9.12e-04 4.58e+06 -11.0 3.78e-03    -  1.00e+00 1.00e+00h  1
 173  3.9771263e+00 7.89e-06 1.00e+04 -11.0 2.54e-04    -  1.00e+00 1.00e+00h  1
 174  3.9771078e+00 5.45e-10 6.20e-01 -11.0 3.91e-06    -  1.00e+00 1.00e+00h  1
 175  3.9770883e+00 2.04e-10 6.20e-01 -11.0 3.59e-06    -  1.00e+00 1.00e+00h  1
 176  2.0439244e+00 6.41e+00 9.50e+03 -11.0 6.20e-01    -  1.00e+00 1.00e+00f  1
 177  1.5816023e+00 5.85e+01 1.81e+03 -11.0 3.84e-01    -  1.00e+00 1.00e+00h  1
 178  1.4039396e+00 1.10e+01 7.82e+01 -11.0 2.48e-01    -  1.00e+00 1.00e+00h  1
 179  1.2792159e+00 4.18e+00 3.73e+02 -11.0 2.46e-01    -  1.00e+00 5.00e-01h  2
iter    objective    inf_pr   inf_du lg(mu)  ||d||  lg(rg) alpha_du alpha_pr  ls
 180  1.2964068e+00 3.96e+00 4.28e+02 -11.0 1.04e+00    -  1.00e+00 6.25e-02h  5
 181  1.3406412e+00 3.76e+00 4.62e+02 -11.0 1.14e+00    -  1.00e+00 6.25e-02h  5
 182  1.3926475e+00 3.62e+00 8.27e+02 -11.0 1.08e+00    -  1.00e+00 6.25e-02h  5
 183  1.4481480e+00 3.54e+00 8.93e+02 -11.0 1.60e+00    -  1.00e+00 3.12e-02h  6
 184  1.4630548e+00 3.49e+00 9.77e+02 -11.0 9.39e-01    -  1.00e+00 1.56e-02h  7
 185  1.4720533e+00 3.47e+00 9.57e+02 -11.0 1.44e+00    -  1.00e+00 7.81e-03h  8
 186  1.4930712e+00 3.41e+00 9.81e+02 -11.0 1.96e+00    -  1.00e+00 1.56e-02h  7
 187  1.6066793e+00 3.24e+00 1.16e+03 -11.0 1.17e+00    -  1.00e+00 6.25e-02h  5
 188  1.7019275e+00 3.05e+00 1.40e+03 -11.0 8.48e-01    -  1.00e+00 6.25e-02h  5
 189  4.5302761e+00 6.56e+01 1.99e+03 -11.0 6.38e-01    -  1.00e+00 1.00e+00w  1
iter    objective    inf_pr   inf_du lg(mu)  ||d||  lg(rg) alpha_du alpha_pr  ls
 190  1.6305120e+01 1.41e+03 4.76e+03 -11.0 1.67e+00    -  1.00e+00 1.00e+00w  1
 191  1.9864034e+01 3.73e+01 4.42e+05 -11.0 1.02e+00    -  1.00e+00 1.00e+00w  1
 192  1.7062332e+00 3.03e+00 1.40e+03 -11.0 1.24e+00    -  1.00e+00 7.81e-03h  7
 193  1.7228003e+00 2.99e+00 2.34e+03 -11.0 5.43e-01    -  1.00e+00 1.56e-02h  7
 194  1.7453271e+00 2.96e+00 2.39e+03 -11.0 5.73e-01    -  1.00e+00 1.56e-02h  7
 195  1.7679198e+00 2.93e+00 2.44e+03 -11.0 5.12e-01    -  1.00e+00 1.56e-02h  7
 196  1.7904015e+00 2.89e+00 2.47e+03 -11.0 4.57e-01    -  1.00e+00 1.56e-02h  7
 197  1.7882577e+00 2.87e+00 2.36e+03 -11.0 5.68e-01    -  1.00e+00 1.56e-02h  7
 198  1.7845200e+00 2.83e+00 2.26e+03 -11.0 5.27e-01    -  1.00e+00 1.56e-02h  7
 199  1.7766792e+00 2.76e+00 2.08e+03 -11.0 4.89e-01    -  1.00e+00 3.12e-02h  6
iter    objective    inf_pr   inf_du lg(mu)  ||d||  lg(rg) alpha_du alpha_pr  ls
 200  1.7716303e+00 2.47e+00 1.72e+03 -11.0 4.42e-01    -  1.00e+00 6.25e-02h  5
 201  1.8417903e+00 3.75e+00 1.11e+03 -11.0 5.17e-01    -  1.00e+00 2.50e-01h  3
 202  3.6813142e+00 9.50e+00 9.56e+03 -11.0 6.53e-01    -  1.00e+00 1.00e+00w  1
 203  2.9869037e+00 3.44e+00 1.34e+04 -11.0 6.81e-01    -  1.00e+00 1.00e+00w  1
 204  3.5678397e+00 4.59e+00 7.95e+03 -11.0 6.62e-01    -  1.00e+00 1.00e+00w  1
 205  1.9186960e+00 3.33e+00 1.24e+03 -11.0 1.89e+00    -  1.00e+00 1.25e-01h  3
 206  2.0248352e+00 3.00e+00 5.20e+03 -11.0 5.49e-01    -  1.00e+00 1.25e-01h  4
 207  2.0731241e+00 2.82e+00 4.69e+03 -11.0 5.02e-01    -  1.00e+00 6.25e-02h  5
 208  1.9700104e+00 2.81e+00 4.81e+03 -11.0 1.70e+02  -4.5 1.00e+00 2.44e-04f 13
 209  1.8287795e+00 2.43e+00 4.72e+03 -11.0 3.18e+00    -  1.00e+00 6.25e-02h  5
iter    objective    inf_pr   inf_du lg(mu)  ||d||  lg(rg) alpha_du alpha_pr  ls
 210  1.8370790e+00 2.39e+00 4.78e+03 -11.0 6.40e-01    -  1.00e+00 1.56e-02h  7
 211  1.8402183e+00 2.37e+00 4.82e+03 -11.0 6.42e-01    -  1.00e+00 7.81e-03h  8
 212  1.8416140e+00 2.36e+00 4.84e+03 -11.0 6.59e-01    -  1.00e+00 3.91e-03h  9
 213  1.7853848e+00 2.13e+00 3.55e+03 -11.0 1.05e+01    -  1.00e+00 1.56e-02h  7
 214  1.8186497e+00 2.00e+00 3.31e+03 -11.0 6.39e-01    -  1.00e+00 6.25e-02h  5
 215  3.6862763e+00 1.48e+00 1.73e+03 -11.0 6.35e-01    -  1.00e+00 1.00e+00w  1
 216  3.1121438e+00 4.14e+00 1.92e+03 -11.0 3.80e-01    -  1.00e+00 1.00e+00w  1
 217  7.1605154e+00 2.19e+00 1.63e+03 -11.0 7.33e-01    -  1.00e+00 1.00e+00w  1
 218  1.8361925e+00 1.94e+00 3.19e+03 -11.0 2.53e+00    -  1.00e+00 3.12e-02h  5
 219  2.5953362e+00 1.32e+00 7.82e+02 -11.0 7.56e-01    -  1.00e+00 5.00e-01h  2
iter    objective    inf_pr   inf_du lg(mu)  ||d||  lg(rg) alpha_du alpha_pr  ls
 220  2.7028707e+00 7.91e-01 3.68e+02 -11.0 2.96e-01    -  1.00e+00 5.00e-01h  2
 221  2.9504301e+00 4.72e-01 1.33e+03 -11.0 1.80e-01    -  1.00e+00 5.00e-01h  2
 222  3.2651712e+00 1.42e+00 1.39e+04 -11.0 7.72e-02    -  1.00e+00 1.00e+00h  1
 223  3.2828614e+00 3.12e-01 3.78e+03 -11.0 6.45e-02    -  1.00e+00 1.00e+00h  1
 224  3.2862007e+00 2.38e-01 6.69e+03 -11.0 7.03e-02    -  1.00e+00 2.50e-01h  3
 225  3.2238666e+00 6.64e-01 1.19e+05 -11.0 6.22e-02    -  1.00e+00 1.00e+00h  1
 226  3.2616029e+00 3.46e-01 6.74e+05 -11.0 8.68e-02    -  1.00e+00 5.00e-01h  2
 227  3.2787163e+00 2.27e-01 1.71e+06 -11.0 5.42e-02    -  1.00e+00 5.00e-01h  2
 228  3.3081375e+00 1.76e-01 1.23e+06 -11.0 5.37e-02    -  1.00e+00 2.50e-01h  3
 229  3.3808371e+00 1.58e-01 6.12e+05 -11.0 5.17e-02    -  1.00e+00 1.00e+00h  1
iter    objective    inf_pr   inf_du lg(mu)  ||d||  lg(rg) alpha_du alpha_pr  ls
 230  3.3678872e+00 4.16e-02 1.37e+05 -11.0 1.77e-02    -  1.00e+00 1.00e+00h  1
 231  3.3748200e+00 2.11e-02 2.08e+05 -11.0 3.42e-02    -  1.00e+00 5.00e-01h  2
 232  3.3838805e+00 1.91e-02 1.96e+05 -11.0 5.53e-02    -  1.00e+00 1.25e-01h  4
 233  3.3481106e+00 1.85e-02 1.60e+06 -11.0 2.11e-02    -  1.00e+00 1.00e+00h  1
 234  3.3490395e+00 1.82e-02 1.61e+06 -11.0 9.37e-02    -  1.00e+00 1.56e-02h  7
 235  3.3283929e+00 2.92e-02 3.61e+06 -11.0 3.08e-02    -  1.00e+00 5.00e-01h  2
 236  3.3687832e+00 7.80e-02 1.50e+07 -11.0 1.84e-02    -  1.00e+00 1.00e+00h  1
 237  3.3613656e+00 2.27e-02 6.71e+06 -11.0 7.67e-03    -  1.00e+00 1.00e+00h  1
 238  3.3555400e+00 1.91e-02 2.77e+07 -11.0 1.18e-01    -  1.00e+00 1.25e-01h  4
 239  3.3520833e+00 1.78e-02 2.85e+07 -11.0 1.44e-01    -  1.00e+00 6.25e-02h  5
iter    objective    inf_pr   inf_du lg(mu)  ||d||  lg(rg) alpha_du alpha_pr  ls
 240  3.3497160e+00 1.68e-02 2.83e+07 -11.0 9.84e-02    -  1.00e+00 6.25e-02h  5
 241  3.3469413e+00 1.48e-02 2.69e+07 -11.0 7.69e-02    -  1.00e+00 1.25e-01h  4
 242  3.1649440e+00 1.13e-01 3.50e+07 -11.0 1.67e-01    -  1.00e+00 2.50e-01h  3
 243  3.0441650e+00 7.28e-01 2.76e+03 -11.0 3.28e-01    -  1.00e+00 1.00e+00h  1
 244  3.0097712e+00 6.50e-01 1.85e+03 -11.0 2.07e-01    -  1.00e+00 5.00e-01h  2
 245  3.0445578e+00 3.08e-01 4.67e+03 -11.0 1.59e-01    -  1.00e+00 1.00e+00h  1
 246  3.1183596e+00 1.01e+00 1.86e+03 -11.0 1.31e-01    -  1.00e+00 5.00e-01h  2
 247  3.1126928e+00 7.30e-01 1.29e+03 -11.0 1.31e-01    -  1.00e+00 2.50e-01h  3
 248  3.0722032e+00 3.96e-01 2.01e+04 -11.0 1.59e-01    -  1.00e+00 1.00e+00h  1
 249  3.0254493e+00 8.70e-01 1.69e+04 -11.0 1.80e-01    -  1.00e+00 5.00e-01h  2
iter    objective    inf_pr   inf_du lg(mu)  ||d||  lg(rg) alpha_du alpha_pr  ls
 250  3.0718692e+00 7.47e-01 1.36e+04 -11.0 1.41e-01    -  1.00e+00 1.25e-01h  4
 251  3.1076773e+00 6.54e-01 1.26e+04 -11.0 1.19e-01    -  1.00e+00 1.25e-01h  4
 252  3.1103932e+00 6.34e-01 1.26e+04 -11.0 1.31e-01    -  1.00e+00 3.12e-02h  6
 253  3.1118661e+00 6.29e-01 1.25e+04 -11.0 1.52e-01    -  1.00e+00 7.81e-03h  8
 254  3.1126618e+00 6.24e-01 1.25e+04 -11.0 1.44e-01    -  1.00e+00 7.81e-03h  8
 255  3.2296523e+00 3.52e-01 1.38e+05 -11.0 1.53e-01    -  1.00e+00 5.00e-01h  2
 256  2.7427039e+00 1.86e+00 1.50e+05 -11.0 4.35e-01    -  1.00e+00 5.00e-01h  2
 257  2.7731582e+00 2.17e+00 3.13e+04 -11.0 1.94e-01    -  1.00e+00 1.00e+00h  1
 258  2.7463462e+00 2.38e+00 1.36e+05 -11.0 1.12e-01    -  1.00e+00 1.00e+00h  1
 259  2.8177697e+00 3.02e-01 1.61e+05 -11.0 1.05e-01    -  1.00e+00 1.00e+00h  1
iter    objective    inf_pr   inf_du lg(mu)  ||d||  lg(rg) alpha_du alpha_pr  ls
 260  2.8218777e+00 2.64e-01 3.78e+05 -11.0 1.57e-01    -  1.00e+00 1.25e-01h  4
 261  2.7415458e+00 1.65e+00 9.71e+07 -11.0 2.11e-01    -  1.00e+00 1.00e+00h  1
 262  2.7425188e+00 1.59e+00 9.16e+07 -11.0 3.68e-01    -  1.00e+00 3.12e-02h  6
 263  2.6449980e+00 1.22e+00 1.43e+08 -11.0 4.77e-01    -  1.00e+00 5.00e-01h  2
 264  2.6019899e+00 1.41e+00 4.69e+07 -11.0 1.41e-01    -  1.00e+00 1.00e+00h  1
 265  2.5935205e+00 7.61e-01 5.28e+07 -11.0 2.36e-01    -  1.00e+00 5.00e-01h  2
 266  2.5875513e+00 4.73e-01 3.22e+07 -11.0 1.41e-01    -  1.00e+00 5.00e-01h  2
 267  2.4455594e+00 1.70e-01 6.19e+07 -11.0 7.44e-02    -  1.00e+00 1.00e+00h  1
 268  2.3073100e+00 4.64e-01 3.47e+08 -11.0 9.90e-02    -  1.00e+00 1.00e+00h  1
 269  2.3766756e+00 3.38e-01 2.26e+08 -11.0 1.13e-01    -  1.00e+00 2.50e-01h  3
iter    objective    inf_pr   inf_du lg(mu)  ||d||  lg(rg) alpha_du alpha_pr  ls
 270  1.5420615e+00 2.11e+00 9.60e+02 -11.0 9.59e-01    -  1.00e+00 1.00e+00h  1
 271  1.8134981e+00 1.13e+00 5.64e+02 -11.0 6.13e-01    -  1.00e+00 5.00e-01h  2
 272  1.8653286e+00 8.73e-01 3.68e+03 -11.0 4.72e-01    -  1.00e+00 2.50e-01h  3
 273  1.8343658e+00 6.69e-01 2.35e+03 -11.0 4.54e-01    -  1.00e+00 2.50e-01h  3
 274  1.8420266e+00 5.26e-01 4.05e+03 -11.0 3.87e-01    -  1.00e+00 2.50e-01h  3
 275  2.2062904e+00 2.73e-01 8.50e+02 -11.0 4.16e-01    -  1.00e+00 5.00e-01h  2
 276  2.3330090e+00 2.26e-01 7.31e+02 -11.0 1.76e-01    -  1.00e+00 2.50e-01h  3
 277  2.3889230e+00 1.97e-01 4.97e+02 -11.0 1.39e-01    -  1.00e+00 1.25e-01h  4
 278  2.8154095e+00 4.76e-01 2.34e+03 -11.0 1.34e-01    -  1.00e+00 1.00e+00h  1
 279  2.7781624e+00 4.48e-01 2.05e+03 -11.0 3.74e-01    -  1.00e+00 6.25e-02h  5
iter    objective    inf_pr   inf_du lg(mu)  ||d||  lg(rg) alpha_du alpha_pr  ls
 280  2.7352182e+00 4.29e-01 1.63e+03 -11.0 3.49e-01    -  1.00e+00 6.25e-02h  5
 281  2.7241788e+00 3.18e-01 1.64e+03 -11.0 4.89e-02    -  1.00e+00 5.00e-01h  2
 282  2.7015187e+00 1.40e-01 3.38e+02 -11.0 2.33e-02    -  1.00e+00 1.00e+00h  1
 283  2.6884443e+00 9.17e-02 8.67e+02 -11.0 5.61e-02    -  1.00e+00 5.00e-01h  2
 284  2.6508645e+00 1.67e-01 1.02e+03 -11.0 1.52e-01    -  1.00e+00 1.25e-01h  4
 285  2.6338589e+00 1.22e-01 3.90e+02 -11.0 9.72e-02    -  1.00e+00 5.00e-01h  2
 286  2.4390566e+00 1.45e+00 1.10e+04 -11.0 1.61e-01    -  1.00e+00 1.00e+00h  1
 287  1.3041775e+00 4.89e+00 2.30e+04 -11.0 7.41e-01    -  1.00e+00 1.00e+00h  1
 288  1.3148778e+00 1.08e+00 1.11e+04 -11.0 3.31e-01    -  1.00e+00 5.00e-01h  2
 289  1.4507891e+00 3.70e+00 1.10e+03 -11.0 2.49e-01    -  1.00e+00 1.00e+00h  1
iter    objective    inf_pr   inf_du lg(mu)  ||d||  lg(rg) alpha_du alpha_pr  ls
 290  1.3030124e+00 1.08e+00 1.60e+03 -11.0 2.20e-01    -  1.00e+00 1.00e+00h  1
 291  1.3054936e+00 9.08e-01 6.76e+02 -11.0 5.36e-01    -  1.00e+00 2.50e-01h  3
 292  1.3351240e+00 2.70e-01 6.39e+02 -11.0 1.92e-01    -  1.00e+00 5.00e-01h  2
 293  1.3468793e+00 1.62e-01 7.75e+02 -11.0 1.37e-01    -  1.00e+00 5.00e-01h  2
 294  1.3501680e+00 2.30e-01 1.29e+03 -11.0 6.45e-02    -  1.00e+00 5.00e-01h  2
 295  1.3863704e+00 1.77e-01 4.84e+02 -11.0 6.88e-02    -  1.00e+00 1.00e+00h  1
 296  1.4444387e+00 4.34e-01 1.07e+03 -11.0 1.47e-01    -  1.00e+00 5.00e-01h  2
 297  1.1841729e+00 3.91e-01 1.72e+03 -11.0 3.79e-01    -  1.00e+00 5.00e-01h  2
 298  1.1806399e+00 2.23e-01 9.55e+02 -11.0 1.84e-01    -  1.00e+00 5.00e-01h  2
 299  1.2598098e+00 2.67e-01 1.07e+03 -11.0 1.55e-01    -  1.00e+00 5.00e-01h  2
iter    objective    inf_pr   inf_du lg(mu)  ||d||  lg(rg) alpha_du alpha_pr  ls
 300  1.2486512e+00 1.12e-01 2.76e+02 -11.0 6.15e-02    -  1.00e+00 5.00e-01h  2
 301  1.1260182e+00 8.57e-01 1.98e+03 -11.0 4.85e-01    -  1.00e+00 1.00e+00h  1
 302  1.0431058e+00 3.79e-01 7.59e+02 -11.0 4.64e-01    -  1.00e+00 5.00e-01h  2
 303  1.2431381e+00 1.43e-01 1.84e+02 -11.0 1.21e-01    -  1.00e+00 1.00e+00h  1
 304  1.2434026e+00 1.01e-01 7.86e+01 -11.0 7.09e-02    -  1.00e+00 5.00e-01h  2
 305  1.1722542e+00 1.03e+00 1.36e+02 -11.0 1.24e-01    -  1.00e+00 5.00e-01h  2
 306  1.0551566e+00 9.04e-01 1.23e+02 -11.0 9.44e-01    -  1.00e+00 1.25e-01h  4
 307  1.0977291e+00 8.05e-01 1.05e+02 -11.0 1.23e+00    -  1.00e+00 1.25e-01h  4
 308  1.1458086e+00 7.56e-01 9.83e+01 -11.0 9.13e-01    -  1.00e+00 6.25e-02h  5
 309  1.1600964e+00 7.32e-01 9.47e+01 -11.0 5.25e-01    -  1.00e+00 3.12e-02h  6
iter    objective    inf_pr   inf_du lg(mu)  ||d||  lg(rg) alpha_du alpha_pr  ls
 310  1.1687020e+00 7.21e-01 9.23e+01 -11.0 1.01e+00    -  1.00e+00 1.56e-02h  7
 311  1.2929146e+00 6.26e-01 1.99e+02 -11.0 1.09e+00    -  1.00e+00 1.25e-01h  4
 312  1.5854683e+00 4.49e-01 4.29e+02 -11.0 6.18e-01    -  1.00e+00 2.50e-01h  3
 313  1.6799096e+00 3.91e-01 3.54e+02 -11.0 5.05e-01    -  1.00e+00 1.25e-01h  4
 314  2.8838392e+00 1.43e+00 1.34e+03 -11.0 4.81e-01    -  1.00e+00 1.00e+00w  1
 315  7.1429476e+00 5.58e+00 1.30e+04 -11.0 1.76e+00    -  1.00e+00 1.00e+00w  1
 316  2.5311860e+01 8.99e+01 9.31e+03 -11.0 2.82e+00    -  1.00e+00 1.00e+00w  1
 317  1.8381238e+00 2.53e-01 6.10e+02 -11.0 1.06e+00    -  1.00e+00 2.50e-01h  2
 318  2.0852991e+00 1.55e-01 6.97e+02 -11.0 3.63e-01    -  1.00e+00 2.50e-01h  3
 319  2.5483332e+00 1.62e-01 2.21e+03 -11.0 3.06e-01    -  1.00e+00 5.00e-01h  2
iter    objective    inf_pr   inf_du lg(mu)  ||d||  lg(rg) alpha_du alpha_pr  ls
 320  2.4628961e+00 1.55e-01 2.11e+03 -11.0 4.32e-01    -  1.00e+00 6.25e-02h  5
 321  2.3526317e+00 1.43e-01 1.95e+03 -11.0 7.50e-01    -  1.00e+00 6.25e-02h  5
 322  2.3108307e+00 1.36e-01 1.91e+03 -11.0 4.09e-01    -  1.00e+00 6.25e-02h  5
 323  2.2601529e+00 1.37e-01 7.55e+03 -11.0 5.90e-01    -  1.00e+00 3.12e-02h  6
 324  2.2319161e+00 1.61e-01 6.94e+03 -11.0 3.76e-01    -  1.00e+00 6.25e-02h  5
 325  2.0037598e+00 8.11e-01 2.07e+02 -11.0 3.44e-01    -  1.00e+00 1.00e+00h  1
 326  1.9304272e+00 2.04e+00 9.68e+01 -11.0 7.83e-01    -  1.00e+00 1.00e+00h  1
 327  1.7201857e+00 9.19e-01 3.48e+02 -11.0 7.90e-01    -  1.00e+00 5.00e-01h  2
 328  1.5421079e+00 5.43e-01 1.09e+03 -11.0 4.95e-01    -  1.00e+00 5.00e-01h  2
 329  1.3292594e+00 1.52e-01 4.09e+02 -11.0 1.14e-01    -  1.00e+00 1.00e+00h  1
iter    objective    inf_pr   inf_du lg(mu)  ||d||  lg(rg) alpha_du alpha_pr  ls
 330  1.3115339e+00 3.08e-01 9.67e+02 -11.0 1.06e-01    -  1.00e+00 1.00e+00h  1
 331  1.4782831e+00 4.60e-01 2.83e+03 -11.0 1.00e-01    -  1.00e+00 1.00e+00h  1
 332  1.4758045e+00 2.19e-01 2.34e+03 -11.0 1.37e-01    -  1.00e+00 5.00e-01h  2
 333  1.4649391e+00 7.92e-02 1.75e+03 -11.0 7.61e-02    -  1.00e+00 1.00e+00h  1
 334  1.8596281e+00 1.07e-01 5.15e+05 -11.0 1.48e-01    -  1.00e+00 1.00e+00h  1
 335  1.6906017e+00 6.09e-02 3.20e+05 -11.0 5.17e-01    -  1.00e+00 1.25e-01h  4
 336  1.6321873e+00 5.10e-02 2.47e+05 -11.0 2.54e-01    -  1.00e+00 1.25e-01h  4
 337  1.5103243e+00 3.59e-02 9.91e+04 -11.0 3.45e-01    -  1.00e+00 2.50e-01h  3
 338  1.4579465e+00 4.27e-02 6.45e+04 -11.0 2.85e-01    -  1.00e+00 2.50e-01h  3
 339  1.4634266e+00 4.21e-02 5.78e+04 -11.0 1.86e-01    -  1.00e+00 6.25e-02h  5
iter    objective    inf_pr   inf_du lg(mu)  ||d||  lg(rg) alpha_du alpha_pr  ls
 340  1.4692855e+00 1.28e-01 3.53e+04 -11.0 1.89e-01    -  1.00e+00 2.50e-01h  3
 341  1.5044597e+00 5.19e-02 1.35e+04 -11.0 8.35e-02    -  1.00e+00 5.00e-01h  2
 342  1.5063433e+00 5.09e-02 1.31e+04 -11.0 1.10e-01    -  1.00e+00 1.56e-02h  7
 343  1.5081917e+00 5.01e-02 1.28e+04 -11.0 1.06e-01    -  1.00e+00 1.56e-02h  7
 344  1.5100522e+00 4.93e-02 1.25e+04 -11.0 1.09e-01    -  1.00e+00 1.56e-02h  7
 345  1.7444113e+00 3.75e-01 2.30e+05 -11.0 1.24e-01    -  1.00e+00 1.00e+00w  1
 346  1.4871727e+00 1.93e+00 1.55e+03 -11.0 6.14e-01    -  1.00e+00 1.00e+00w  1
 347  1.6143549e+00 1.61e+00 1.93e+04 -11.0 4.01e-01    -  1.00e+00 1.00e+00w  1
 348  1.5118820e+00 4.85e-02 1.23e+04 -11.0 6.82e-01    -  1.00e+00 1.56e-02h  6
 349  1.5288666e+00 4.22e-02 1.08e+04 -11.0 1.27e-01    -  1.00e+00 1.25e-01h  4
iter    objective    inf_pr   inf_du lg(mu)  ||d||  lg(rg) alpha_du alpha_pr  ls
 350  1.4897621e+00 1.23e-01 1.26e+04 -11.0 2.35e-01    -  1.00e+00 2.50e-01h  3
 351  1.5020998e+00 1.10e-01 1.24e+04 -11.0 9.75e-02    -  1.00e+00 1.25e-01h  4
 352  1.6619019e+00 5.26e-02 3.93e+03 -11.0 6.31e-02    -  1.00e+00 1.00e+00h  1
 353  1.6456230e+00 4.75e-02 3.93e+03 -11.0 6.64e-02    -  1.00e+00 1.25e-01h  4
 354  1.6374198e+00 4.56e-02 3.75e+03 -11.0 7.86e-02    -  1.00e+00 6.25e-02h  5
 355  1.6227051e+00 4.39e-02 3.56e+03 -11.0 8.45e-02    -  1.00e+00 1.25e-01h  4
 356  1.5891496e+00 3.57e-02 5.37e+03 -11.0 1.39e-01    -  1.00e+00 2.50e-01h  3
 357  1.3713254e+00 3.69e-01 4.36e+04 -11.0 8.17e-01    -  1.00e+00 2.50e-01f  3
 358  1.2724580e+00 8.74e-01 4.05e+04 -11.0 1.35e+00    -  1.00e+00 2.50e-01h  3
 359  1.2708010e+00 7.60e-01 3.27e+04 -11.0 6.67e-01    -  1.00e+00 1.25e-01h  4
iter    objective    inf_pr   inf_du lg(mu)  ||d||  lg(rg) alpha_du alpha_pr  ls
 360  1.2824288e+00 6.60e-01 2.65e+04 -11.0 6.01e-01    -  1.00e+00 1.25e-01h  4
 361  1.3175820e+00 5.76e-01 2.16e+04 -11.0 4.84e-01    -  1.00e+00 1.25e-01h  4
 362  1.3420661e+00 5.40e-01 1.96e+04 -11.0 3.77e-01    -  1.00e+00 6.25e-02h  5
 363  2.4733401e+00 2.23e+00 5.06e+02 -11.0 3.16e-01    -  1.00e+00 1.00e+00w  1
 364  2.4072285e+00 7.29e+00 5.24e+02 -11.0 7.15e-01    -  1.00e+00 1.00e+00w  1
 365  9.0524007e+00 9.87e+01 2.42e+04 -11.0 1.31e+00    -  1.00e+00 1.00e+00w  1
 366  1.3688310e+00 5.06e-01 1.78e+04 -11.0 2.14e+00    -  1.00e+00 6.25e-02h  4
 367  1.2591518e+00 9.45e-01 1.57e+04 -11.0 4.10e-01    -  1.00e+00 5.00e-01h  2
 368  1.2537180e+00 5.94e-01 9.94e+03 -11.0 5.79e-01    -  1.00e+00 2.50e-01h  3
 369  1.2874942e+00 4.87e-01 2.67e+03 -11.0 3.63e-01    -  1.00e+00 5.00e-01h  2
iter    objective    inf_pr   inf_du lg(mu)  ||d||  lg(rg) alpha_du alpha_pr  ls
 370  1.3238286e+00 6.15e-01 2.81e+02 -11.0 3.49e-01    -  1.00e+00 1.00e+00h  1
 371  1.2594687e+00 5.09e-01 5.81e+02 -11.0 3.51e-01    -  1.00e+00 5.00e-01h  2
 372  1.4059926e+00 5.25e-01 1.76e+03 -11.0 2.01e-01    -  1.00e+00 1.00e+00h  1
 373  1.3313550e+00 6.39e-01 1.05e+04 -11.0 1.03e-01    -  1.00e+00 1.00e+00h  1
 374  1.3228914e+00 2.66e-01 2.65e+04 -11.0 9.04e-02    -  1.00e+00 5.00e-01h  2
 375  1.2843679e+00 8.14e-02 3.59e+03 -11.0 5.68e-02    -  1.00e+00 1.00e+00h  1
 376  1.2841518e+00 4.83e-02 3.23e+03 -11.0 2.46e-02    -  1.00e+00 5.00e-01h  2
 377  1.3052193e+00 1.67e-02 2.39e+03 -11.0 3.29e-02    -  1.00e+00 1.00e+00h  1
 378  1.3079756e+00 5.20e-03 5.15e+02 -11.0 5.65e-03    -  1.00e+00 1.00e+00h  1
 379  1.3051080e+00 2.57e-02 3.03e+04 -11.0 8.47e-03    -  1.00e+00 1.00e+00h  1
iter    objective    inf_pr   inf_du lg(mu)  ||d||  lg(rg) alpha_du alpha_pr  ls
 380  1.3075457e+00 8.99e-03 4.81e+03 -11.0 4.05e-03    -  1.00e+00 1.00e+00h  1
 381  1.3087308e+00 4.51e-03 8.60e+03 -11.0 3.25e-03    -  1.00e+00 1.00e+00h  1
 382  1.2922074e+00 1.71e-02 2.44e+05 -11.0 1.85e-02    -  1.00e+00 1.00e+00h  1
 383  1.2954266e+00 8.35e-03 2.86e+05 -11.0 1.15e-02    -  1.00e+00 5.00e-01h  2
 384  1.2978073e+00 3.46e-03 3.42e+04 -11.0 4.69e-03    -  1.00e+00 1.00e+00h  1
 385  1.2897598e+00 2.83e-03 4.73e+05 -11.0 1.67e-02    -  1.00e+00 1.00e+00h  1
 386  1.2871965e+00 4.11e-03 1.85e+05 -11.0 2.12e-02    -  1.00e+00 1.00e+00h  1
 387  1.2878045e+00 1.05e-04 3.97e+03 -11.0 3.78e-03    -  1.00e+00 1.00e+00h  1
 388  1.2871737e+00 2.07e-06 1.44e+01 -11.0 5.66e-04    -  1.00e+00 1.00e+00h  1
 389  1.2157413e+00 1.50e-01 5.09e+01 -11.0 1.48e-01    -  1.00e+00 1.00e+00f  1
iter    objective    inf_pr   inf_du lg(mu)  ||d||  lg(rg) alpha_du alpha_pr  ls
 390  1.2037368e+00 8.81e-02 8.68e+02 -11.0 1.17e-01    -  1.00e+00 5.00e-01h  2
 391  1.1964766e+00 1.55e-01 1.57e+02 -11.0 1.45e-01    -  1.00e+00 5.00e-01h  2
 392  1.1891335e+00 1.25e-01 9.54e+01 -11.0 1.89e-01    -  1.00e+00 2.50e-01h  3
 393  1.2010286e+00 1.29e-01 5.19e+01 -11.0 5.27e-02    -  1.00e+00 1.00e+00h  1
 394  1.2317785e+00 7.04e-02 2.18e+03 -11.0 9.54e-02    -  1.00e+00 5.00e-01h  2
 395  1.2463022e+00 4.39e-02 1.36e+03 -11.0 1.07e-01    -  1.00e+00 5.00e-01h  2
 396  1.2537889e+00 3.90e-02 8.69e+02 -11.0 4.62e-02    -  1.00e+00 2.50e-01h  3
 397  1.2569845e+00 2.98e-02 5.45e+02 -11.0 3.41e-02    -  1.00e+00 5.00e-01h  2
 398  1.2488345e+00 2.73e-02 3.62e+02 -11.0 4.10e-02    -  1.00e+00 5.00e-01h  2
 399  1.2259777e+00 2.13e-02 6.18e+02 -11.0 1.02e-01    -  1.00e+00 5.00e-01h  2
iter    objective    inf_pr   inf_du lg(mu)  ||d||  lg(rg) alpha_du alpha_pr  ls
 400  1.2353826e+00 2.71e-02 6.35e+03 -11.0 3.86e-02    -  1.00e+00 1.00e+00h  1
 401  1.2379722e+00 5.51e-03 8.43e+01 -11.0 1.76e-02    -  1.00e+00 1.00e+00h  1
 402  1.2391791e+00 2.14e-03 7.75e+02 -11.0 1.11e-02    -  1.00e+00 1.00e+00h  1
 403  1.2386007e+00 1.61e-03 3.85e+02 -11.0 6.18e-03    -  1.00e+00 5.00e-01h  2
 404  1.2386418e+00 1.48e-03 3.40e+02 -11.0 8.69e-03    -  1.00e+00 1.25e-01h  4
 405  1.2386416e+00 1.46e-03 3.35e+02 -11.0 1.83e-02    -  1.00e+00 3.12e-02h  6
 406  1.2385335e+00 1.71e-03 3.20e+02 -11.0 2.16e-02    -  1.00e+00 1.25e-01h  4
 407  1.2378421e+00 3.10e-02 3.63e+01 -11.0 2.13e-02    -  1.00e+00 1.00e+00H  1
 408  1.2307418e+00 5.29e-02 2.05e+02 -11.0 8.11e-02    -  1.00e+00 5.00e-01h  2
 409  1.2254398e+00 4.50e-02 1.61e+02 -11.0 2.31e-02    -  1.00e+00 1.00e+00h  1
iter    objective    inf_pr   inf_du lg(mu)  ||d||  lg(rg) alpha_du alpha_pr  ls
 410  1.2277889e+00 2.60e-02 6.08e+01 -11.0 2.40e-02    -  1.00e+00 5.00e-01h  2
 411  1.2267270e+00 1.48e-02 1.12e+02 -11.0 4.15e-02    -  1.00e+00 5.00e-01h  2
 412  1.2270496e+00 2.10e-02 7.51e+01 -11.0 5.21e-02    -  1.00e+00 2.50e-01h  3
 413  1.2269701e+00 2.16e-02 7.38e+01 -11.0 5.43e-02    -  1.00e+00 3.12e-02h  6
 414  1.2273228e+00 2.61e-02 6.88e+01 -11.0 2.31e-02    -  1.00e+00 1.25e-01h  4
 415  1.2278127e+00 2.41e-02 4.01e+01 -11.0 2.80e-02    -  1.00e+00 2.50e-01h  3
 416  1.2292908e+00 1.94e-02 2.72e+01 -11.0 1.50e-02    -  1.00e+00 5.00e-01h  2
 417  1.2309106e+00 6.66e-04 1.25e+01 -11.0 2.22e-02    -  1.00e+00 1.00e+00H  1
 418  1.2299974e+00 1.25e-03 1.94e+01 -11.0 8.93e-02    -  1.00e+00 6.25e-02h  5
 419  1.2295076e+00 1.39e-03 1.85e+01 -11.0 5.78e-02    -  1.00e+00 6.25e-02h  5
iter    objective    inf_pr   inf_du lg(mu)  ||d||  lg(rg) alpha_du alpha_pr  ls
 420  1.2293224e+00 1.44e-03 1.93e+01 -11.0 1.19e+01    -  1.00e+00 1.22e-04h 14
 421  1.2290633e+00 1.56e-03 2.05e+01 -11.0 8.80e+00    -  1.00e+00 2.44e-04h 13
 422  1.2289836e+00 1.57e-03 2.09e+01 -11.0 5.78e+00    -  1.00e+00 1.22e-04h 14
 423  1.2279369e+00 4.37e-03 4.01e+01 -11.0 1.20e-02    -  1.00e+00 1.00e+00h  1
 424  1.2272193e+00 1.13e-02 1.24e+01 -11.0 4.36e-02    -  1.00e+00 2.50e-01h  3
 425  1.2262223e+00 3.81e-02 1.67e+01 -11.0 9.42e-03    -  1.00e+00 1.00e+00h  1
 426  1.2265658e+00 1.05e-02 1.12e+01 -11.0 7.81e-03    -  1.00e+00 1.00e+00h  1
 427  1.2256397e+00 7.59e-02 2.97e+01 -11.0 9.72e-03    -  1.00e+00 1.00e+00h  1
 428  1.2240436e+00 4.39e-02 3.40e+01 -11.0 2.63e-02    -  1.00e+00 1.00e+00H  1
 429  1.2249856e+00 2.18e-02 1.52e+01 -11.0 2.84e-02    -  1.00e+00 5.00e-01h  2
iter    objective    inf_pr   inf_du lg(mu)  ||d||  lg(rg) alpha_du alpha_pr  ls
 430  1.2229915e+00 1.65e-01 1.57e+02 -11.0 6.60e-02    -  1.00e+00 1.00e+00h  1
 431  1.2179037e+00 1.57e-01 3.42e+02 -11.0 7.85e-02    -  1.00e+00 1.00e+00h  1
 432  1.2144279e+00 2.01e-01 1.35e+02 -11.0 9.45e-02    -  1.00e+00 5.00e-01h  2
 433  1.2053410e+00 9.76e-02 1.02e+02 -11.0 6.84e-02    -  1.00e+00 1.00e+00h  1
 434  1.1957999e+00 4.82e-02 2.64e+01 -11.0 6.41e-02    -  1.00e+00 1.00e+00h  1
 435  1.1941044e+00 1.40e-02 6.92e+00 -11.0 3.80e-02    -  1.00e+00 1.00e+00h  1
 436  1.1866480e+00 2.47e-02 2.09e+01 -11.0 5.05e-02    -  1.00e+00 1.00e+00h  1
 437  1.1838505e+00 6.85e-02 3.22e+01 -11.0 6.15e-02    -  1.00e+00 1.00e+00h  1
 438  1.1798320e+00 4.17e-01 1.29e+02 -11.0 9.92e-02    -  1.00e+00 1.00e+00h  1
 439  1.1414112e+00 2.08e-01 2.34e+02 -11.0 2.75e-01    -  1.00e+00 5.00e-01h  2
iter    objective    inf_pr   inf_du lg(mu)  ||d||  lg(rg) alpha_du alpha_pr  ls
 440  1.1376364e+00 1.89e-01 3.76e+02 -11.0 1.83e-01    -  1.00e+00 5.00e-01h  2
 441  1.1355061e+00 9.89e-02 5.23e+02 -11.0 9.82e-02    -  1.00e+00 1.00e+00h  1
 442  1.1312352e+00 2.88e-01 2.57e+02 -11.0 6.28e-02    -  1.00e+00 1.00e+00h  1
 443  1.1238454e+00 7.42e-02 4.99e+02 -11.0 1.23e-01    -  1.00e+00 5.00e-01h  2
 444  1.1017187e+00 8.24e-02 1.61e+03 -11.0 7.98e-02    -  1.00e+00 1.00e+00h  1
 445  1.1151162e+00 6.56e-02 5.43e+03 -11.0 1.21e-01    -  1.00e+00 2.50e-01h  3
 446  1.1190231e+00 4.90e-02 1.58e+04 -11.0 6.38e-02    -  1.00e+00 2.50e-01h  3
 447  1.1757744e+00 2.32e-02 9.28e+04 -11.0 7.27e-02    -  1.00e+00 1.00e+00h  1
 448  1.1807537e+00 1.66e-02 6.52e+04 -11.0 3.86e-02    -  1.00e+00 2.50e-01h  3
 449  1.1844077e+00 1.60e-02 5.94e+04 -11.0 8.86e-02    -  1.00e+00 6.25e-02h  5
iter    objective    inf_pr   inf_du lg(mu)  ||d||  lg(rg) alpha_du alpha_pr  ls
 450  1.1856596e+00 1.55e-02 5.71e+04 -11.0 5.23e-02    -  1.00e+00 3.12e-02h  6
 451  1.0632483e+00 9.63e-02 9.48e+04 -11.0 2.46e-01    -  1.00e+00 5.00e-01h  2
 452  1.0843235e+00 8.27e-02 2.56e+05 -11.0 1.72e-01    -  1.00e+00 2.50e-01h  3
 453  1.1222670e+00 4.95e-02 2.98e+05 -11.0 5.50e-02    -  1.00e+00 1.00e+00h  1
 454  1.1308776e+00 2.59e-02 9.09e+05 -11.0 4.48e-02    -  1.00e+00 5.00e-01h  2
 455  1.1436511e+00 1.44e-02 1.00e+06 -11.0 1.16e-01    -  1.00e+00 5.00e-01h  2
 456  1.0682568e+00 1.56e-02 4.22e+07 -11.0 9.20e-02    -  1.00e+00 1.00e+00h  1
 457  1.0544493e+00 4.86e-02 1.73e+08 -11.0 5.42e-02    -  1.00e+00 1.00e+00h  1
 458  1.0576599e+00 1.21e-02 1.94e+07 -11.0 4.48e-02    -  1.00e+00 1.00e+00h  1
 459  1.0629930e+00 8.86e-03 1.11e+07 -11.0 4.56e-02    -  1.00e+00 5.00e-01h  2
iter    objective    inf_pr   inf_du lg(mu)  ||d||  lg(rg) alpha_du alpha_pr  ls
 460  1.0778720e+00 2.63e-02 4.41e+06 -11.0 3.51e-02    -  1.00e+00 5.00e-01h  2
 461  1.0882268e+00 1.79e-02 1.95e+07 -11.0 5.54e-02    -  1.00e+00 2.50e-01h  3
 462  1.0970021e+00 1.56e-02 1.91e+07 -11.0 6.11e-02    -  1.00e+00 1.25e-01h  4
 463  1.0983551e+00 1.52e-02 1.90e+07 -11.0 7.96e-02    -  1.00e+00 3.12e-02h  6
 464  1.1008647e+00 1.47e-02 1.93e+07 -11.0 1.15e-01    -  1.00e+00 3.12e-02h  6
 465  1.1063941e+00 1.12e-02 1.51e+07 -11.0 3.36e-02    -  1.00e+00 2.50e-01h  3
 466  1.1097463e+00 9.73e-03 1.28e+07 -11.0 1.03e-01    -  1.00e+00 1.25e-01h  4
 467  1.1098665e+00 9.66e-03 1.30e+07 -11.0 8.44e-02    -  1.00e+00 7.81e-03h  8
 468  1.1111331e+00 9.49e-03 1.32e+07 -11.0 1.35e-01    -  1.00e+00 1.56e-02h  7
 469  1.3023258e+00 1.84e-01 6.98e+07 -11.0 1.06e-01    -  1.00e+00 1.00e+00w  1
iter    objective    inf_pr   inf_du lg(mu)  ||d||  lg(rg) alpha_du alpha_pr  ls
 470  1.1906540e+00 2.46e-01 1.32e+09 -11.0 1.26e-01    -  1.00e+00 1.00e+00w  1
 471  1.4543680e+00 6.30e-01 7.84e+08 -11.0 8.79e-02    -  1.00e+00 1.00e+00w  1
 472  1.1120349e+00 9.42e-03 1.35e+07 -11.0 1.63e-01    -  1.00e+00 7.81e-03h  7
 473  1.0473270e+00 4.86e-02 2.84e+07 -11.0 1.37e-01    -  1.00e+00 5.00e-01h  2
 474  1.0416533e+00 3.50e-02 3.84e+07 -11.0 1.82e-01    -  1.00e+00 5.00e-01h  2
 475  1.0453471e+00 3.06e-02 3.05e+07 -11.0 1.68e-01    -  1.00e+00 1.25e-01h  4
 476  1.0465021e+00 3.01e-02 2.98e+07 -11.0 2.16e-01    -  1.00e+00 1.56e-02h  7
 477  1.0387457e+00 7.24e-02 7.81e+07 -11.0 7.20e-02    -  1.00e+00 5.00e-01h  2
 478  1.0399445e+00 6.37e-02 6.89e+07 -11.0 7.96e-02    -  1.00e+00 1.25e-01h  4
 479  1.0398426e+00 6.79e-02 4.06e+07 -11.0 9.11e-02    -  1.00e+00 2.50e-01h  3
iter    objective    inf_pr   inf_du lg(mu)  ||d||  lg(rg) alpha_du alpha_pr  ls
 480  1.0409711e+00 6.37e-02 3.52e+07 -11.0 1.12e-01    -  1.00e+00 6.25e-02h  5
 481  1.0410736e+00 7.44e-02 3.06e+07 -11.0 1.11e-01    -  1.00e+00 6.25e-02h  5
 482  1.2902065e+00 1.81e-01 1.97e+08 -11.0 2.44e-01    -  1.00e+00 1.00e+00w  1
 483  1.4288455e+00 1.53e-01 4.39e+09 -11.0 1.83e-01    -  1.00e+00 1.00e+00w  1
 484  1.3534739e+00 1.56e+00 5.20e+11 -11.0 2.87e-01    -  1.00e+00 1.00e+00w  1
 485  1.0415167e+00 7.39e-02 3.00e+07 -11.0 6.13e-01    -  1.00e+00 7.81e-03h  7
 486  1.0684748e+00 1.37e-01 5.16e+08 -11.0 2.20e-01    -  1.00e+00 2.50e-01h  3
 487  1.0837142e+00 8.26e-02 4.51e+08 -11.0 1.59e-01    -  1.00e+00 1.25e-01h  4
 488  1.1266629e+00 4.08e-02 1.57e+09 -11.0 1.12e-01    -  1.00e+00 5.00e-01h  2
 489  1.1569611e+00 1.16e-01 8.13e+08 -11.0 9.90e-02    -  1.00e+00 5.00e-01h  2
iter    objective    inf_pr   inf_du lg(mu)  ||d||  lg(rg) alpha_du alpha_pr  ls
 490  1.1717723e+00 2.54e-01 1.23e+08 -11.0 5.55e-02    -  1.00e+00 5.00e-01h  2
 491  1.1762229e+00 1.65e-01 1.33e+09 -11.0 5.40e-02    -  1.00e+00 2.50e-01h  3
 492  1.1794153e+00 1.21e-01 9.21e+08 -11.0 5.34e-02    -  1.00e+00 2.50e-01h  3
 493  1.2164351e+00 1.11e-01 3.47e+08 -11.0 3.70e-02    -  1.00e+00 5.00e-01h  2
 494  1.2421877e+00 8.44e-02 2.78e+08 -11.0 5.20e-02    -  1.00e+00 2.50e-01h  3
 495  1.5250628e+00 6.38e-02 1.05e+09 -11.0 1.23e-01    -  1.00e+00 1.00e+00w  1
 496  1.4887656e+00 2.98e-01 5.92e+08 -11.0 1.34e-01    -  1.00e+00 1.00e+00w  1
 497  1.3072306e+00 5.27e-01 3.50e+09 -11.0 1.68e-01    -  1.00e+00 1.00e+00w  1
 498  1.2558090e+00 7.88e-02 2.65e+08 -11.0 1.76e-01    -  1.00e+00 6.25e-02h  4
 499  9.9044537e-01 1.48e-01 4.30e+08 -11.0 2.52e-01    -  1.00e+00 5.00e-01f  2
iter    objective    inf_pr   inf_du lg(mu)  ||d||  lg(rg) alpha_du alpha_pr  ls
 500  1.0272184e+00 1.12e-01 1.82e+09 -11.0 1.46e-01    -  1.00e+00 2.50e-01h  3
 501  1.0404932e+00 9.67e-02 1.35e+09 -11.0 1.44e-01    -  1.00e+00 1.25e-01h  4
 502  1.0408605e+00 9.63e-02 1.34e+09 -11.0 1.78e-01    -  1.00e+00 3.91e-03h  9
 503  1.0410323e+00 9.61e-02 1.34e+09 -11.0 1.57e-01    -  1.00e+00 1.95e-03h 10
 504  1.0410545e+00 9.61e-02 1.34e+09 -11.0 1.69e-01    -  1.00e+00 2.44e-04h 13
 505  1.0410655e+00 9.61e-02 1.34e+09 -11.0 1.69e-01    -  1.00e+00 1.22e-04h 14
 506  1.0350101e+00 8.29e-02 1.25e+09 -11.0 1.55e-01    -  1.00e+00 2.50e-01h  3
 507  1.1014814e+00 9.15e-02 2.32e+09 -11.0 7.94e-02    -  1.00e+00 1.00e+00h  1
 508  1.1463554e+00 9.32e-02 2.60e+09 -11.0 1.70e-01    -  1.00e+00 2.50e-01h  3
 509  1.1465687e+00 8.13e-02 2.23e+09 -11.0 8.84e-02    -  1.00e+00 1.25e-01h  4
iter    objective    inf_pr   inf_du lg(mu)  ||d||  lg(rg) alpha_du alpha_pr  ls
 510  1.1451282e+00 4.24e-02 1.16e+09 -11.0 6.37e-02    -  1.00e+00 5.00e-01h  2
 511  1.0423933e+00 3.09e-01 8.03e+08 -11.0 2.23e-01    -  1.00e+00 5.00e-01h  2
 512  1.0596967e+00 2.34e-01 5.76e+08 -11.0 1.56e-01    -  1.00e+00 2.50e-01h  3
 513  1.0864291e+00 1.75e-01 3.59e+08 -11.0 1.32e-01    -  1.00e+00 2.50e-01h  3
 514  1.1253546e+00 8.32e-02 3.88e+09 -11.0 7.04e-02    -  1.00e+00 5.00e-01h  2
 515  1.1264859e+00 8.25e-02 3.82e+09 -11.0 2.84e-01    -  1.00e+00 7.81e-03h  8
 516  1.1283101e+00 8.11e-02 3.73e+09 -11.0 2.13e-01    -  1.00e+00 1.56e-02h  7
 517  1.1305184e+00 7.84e-02 3.54e+09 -11.0 1.32e-01    -  1.00e+00 3.12e-02h  6
 518  1.3692676e+00 3.23e-01 2.00e+09 -11.0 1.54e-01    -  1.00e+00 1.00e+00w  1
 519  1.2972174e+00 1.01e+01 8.11e+02 -11.0 2.63e-01    -  1.00e+00 1.00e+00w  1
iter    objective    inf_pr   inf_du lg(mu)  ||d||  lg(rg) alpha_du alpha_pr  ls
 520  2.0871552e+00 1.45e+00 7.96e+02 -11.0 5.52e-01    -  1.00e+00 1.00e+00w  1
 521  1.1334715e+00 7.57e-02 3.38e+09 -11.0 8.08e-01    -  1.00e+00 3.12e-02h  5
 522  1.1138042e+00 7.56e-02 1.03e+10 -11.0 1.49e-01    -  1.00e+00 2.50e-01h  3
 523  1.1132021e+00 6.94e-02 9.17e+09 -11.0 9.33e-02    -  1.00e+00 1.25e-01h  4
 524  1.1135891e+00 6.46e-02 8.35e+09 -11.0 7.93e-02    -  1.00e+00 6.25e-02h  5
 525  1.1139815e+00 6.04e-02 7.74e+09 -11.0 7.35e-02    -  1.00e+00 6.25e-02h  5
 526  1.1162646e+00 5.64e-02 7.21e+09 -11.0 9.09e-02    -  1.00e+00 6.25e-02h  5
 527  1.1216237e+00 4.32e-02 1.63e+09 -11.0 1.06e-01    -  1.00e+00 2.50e-01h  3
 528  1.1295312e+00 3.74e-02 9.60e+08 -11.0 5.81e-02    -  1.00e+00 1.25e-01h  4
 529  1.1309656e+00 3.52e-02 9.70e+08 -11.0 1.08e-01    -  1.00e+00 6.25e-02h  5
iter    objective    inf_pr   inf_du lg(mu)  ||d||  lg(rg) alpha_du alpha_pr  ls
 530  1.1364728e+00 3.31e-02 6.74e+08 -11.0 7.37e-02    -  1.00e+00 6.25e-02h  5
 531  1.2994051e+00 2.68e-01 4.32e+11 -11.0 8.89e-02    -  1.00e+00 1.00e+00w  1
 532  1.4505203e+00 8.87e-01 4.54e+09 -11.0 2.32e-01    -  1.00e+00 1.00e+00w  1
 533  1.4976274e+00 8.77e-01 3.37e+08 -11.0 2.87e-01    -  1.00e+00 1.00e+00w  1
 534  1.1419535e+00 3.13e-02 6.23e+08 -11.0 3.33e-01    -  1.00e+00 6.25e-02h  4
 535  1.1743903e+00 4.94e-02 5.01e+08 -11.0 4.91e-02    -  1.00e+00 1.00e+00h  1
 536  1.1615543e+00 3.95e-02 3.91e+08 -11.0 1.02e-01    -  1.00e+00 2.50e-01h  3
 537  1.1707864e+00 2.98e-02 2.62e+08 -11.0 5.17e-02    -  1.00e+00 2.50e-01h  3
 538  1.1473000e+00 4.48e-02 2.90e+08 -11.0 2.79e-01    -  1.00e+00 6.25e-02h  5
 539  1.1169804e+00 4.22e-02 2.65e+08 -11.0 7.79e-02    -  1.00e+00 2.50e-01h  3
iter    objective    inf_pr   inf_du lg(mu)  ||d||  lg(rg) alpha_du alpha_pr  ls
 540  1.1271119e+00 5.34e-02 5.05e+08 -11.0 5.33e-02    -  1.00e+00 1.00e+00h  1
 541  1.1114266e+00 7.84e-02 1.08e+10 -11.0 4.86e-02    -  1.00e+00 1.00e+00h  1
 542  1.1140686e+00 7.36e-02 1.01e+10 -11.0 5.32e-02    -  1.00e+00 6.25e-02h  5
 543  1.1162711e+00 7.13e-02 9.78e+09 -11.0 6.91e-02    -  1.00e+00 3.12e-02h  6
 544  1.1167354e+00 7.08e-02 9.68e+09 -11.0 1.35e-01    -  1.00e+00 7.81e-03h  8
 545  1.1169767e+00 7.06e-02 9.65e+09 -11.0 1.62e-01    -  1.00e+00 1.95e-03h 10
 546  1.1169788e+00 7.06e-02 9.65e+09 -11.0 1.51e-01    -  1.00e+00 1.53e-05h 17
 547  1.1638417e+00 7.01e-02 6.21e+09 -11.0 1.51e-01    -  1.00e+00 2.50e-01h  3
 548  1.0832850e+00 1.35e+01 7.92e+02 -11.0 1.59e-01    -  1.00e+00 1.00e+00h  1
 549  1.0882972e+00 1.04e+01 1.40e+03 -11.0 2.00e-01    -  1.00e+00 2.50e-01h  3
iter    objective    inf_pr   inf_du lg(mu)  ||d||  lg(rg) alpha_du alpha_pr  ls
 550  1.1087046e+00 9.18e+00 9.84e+02 -11.0 3.84e-01    -  1.00e+00 1.25e-01h  4
 551  1.1143003e+00 8.90e+00 9.63e+02 -11.0 3.25e-01    -  1.00e+00 3.12e-02h  6
 552  1.1164494e+00 8.63e+00 9.68e+02 -11.0 3.09e-01    -  1.00e+00 3.12e-02h  6
 553  1.1167171e+00 8.59e+00 9.64e+02 -11.0 2.94e-01    -  1.00e+00 3.91e-03h  9
 554  1.6136702e+00 3.39e+00 6.17e+04 -11.0 2.91e-01    -  1.00e+00 1.00e+00h  1
 555  1.3431049e+00 1.41e+00 1.16e+04 -11.0 3.88e-01    -  1.00e+00 5.00e-01h  2
 556  1.2912332e+00 5.72e-01 6.56e+02 -11.0 2.41e-01    -  1.00e+00 5.00e-01h  2
 557  1.3990643e+00 3.19e-01 2.80e+03 -11.0 2.74e-01    -  1.00e+00 1.00e+00h  1
 558  1.2320671e+00 1.53e-01 2.61e+03 -11.0 2.54e-01    -  1.00e+00 5.00e-01h  2
 559  1.2141193e+00 2.60e-01 1.26e+03 -11.0 2.21e-01    -  1.00e+00 1.00e+00h  1
iter    objective    inf_pr   inf_du lg(mu)  ||d||  lg(rg) alpha_du alpha_pr  ls
 560  1.0420828e+00 6.79e-01 1.06e+03 -11.0 3.11e-01    -  1.00e+00 5.00e-01h  2
 561  1.0020719e+00 4.73e-01 7.44e+02 -11.0 5.76e-01    -  1.00e+00 2.50e-01h  3
 562  1.0015593e+00 3.80e-01 4.38e+02 -11.0 5.80e-01    -  1.00e+00 2.50e-01h  3
 563  9.5513416e-01 3.07e-01 3.09e+02 -11.0 1.30e+00    -  1.00e+00 2.50e-01h  3
 564  1.2890281e+00 4.05e-01 3.10e+03 -11.0 1.61e-01    -  1.00e+00 1.00e+00h  1
 565  1.1259206e+00 1.83e-01 4.82e+03 -11.0 2.90e-01    -  1.00e+00 5.00e-01h  2
 566  1.4154990e+00 1.07e-01 1.13e+04 -11.0 1.84e-01    -  1.00e+00 1.00e+00h  1
 567  1.3838516e+00 7.80e-02 1.29e+04 -11.0 1.03e-01    -  1.00e+00 2.50e-01h  3
 568  1.3793163e+00 5.02e-02 7.15e+04 -11.0 8.29e-02    -  1.00e+00 5.00e-01h  2
 569  1.2967055e+00 1.05e-01 2.52e+05 -11.0 1.25e-01    -  1.00e+00 1.00e+00h  1
iter    objective    inf_pr   inf_du lg(mu)  ||d||  lg(rg) alpha_du alpha_pr  ls
 570  9.8885601e-01 3.13e-01 2.12e+05 -11.0 3.24e-01    -  1.00e+00 5.00e-01h  2
 571  1.0168794e+00 1.74e-01 9.01e+04 -11.0 1.59e-01    -  1.00e+00 5.00e-01h  2
 572  1.1177162e+00 9.60e-02 5.45e+04 -11.0 3.22e-01    -  1.00e+00 5.00e-01h  2
 573  1.1331737e+00 7.55e-02 3.01e+04 -11.0 1.33e-01    -  1.00e+00 5.00e-01h  2
 574  1.1559023e+00 4.88e-02 5.05e+04 -11.0 1.33e-01    -  1.00e+00 5.00e-01h  2
 575  1.1182977e+00 9.44e-02 2.52e+04 -11.0 5.80e-02    -  1.00e+00 1.00e+00h  1
 576  1.0846027e+00 9.43e-02 7.95e+04 -11.0 2.32e-01    -  1.00e+00 5.00e-01h  2
 577  9.4614223e-01 1.19e+00 9.93e+03 -11.0 2.29e-01    -  1.00e+00 1.00e+00h  1
 578  8.2120040e-01 4.72e-01 2.66e+03 -11.0 2.84e-01    -  1.00e+00 5.00e-01h  2
 579  9.2636613e-01 9.31e-01 4.03e+03 -11.0 2.64e-01    -  1.00e+00 5.00e-01h  2
iter    objective    inf_pr   inf_du lg(mu)  ||d||  lg(rg) alpha_du alpha_pr  ls
 580  9.5684168e-01 8.14e-01 3.92e+03 -11.0 2.74e-01    -  1.00e+00 1.25e-01h  4
 581  9.7739448e-01 7.63e-01 3.71e+03 -11.0 2.87e-01    -  1.00e+00 6.25e-02h  5
 582  9.8787230e-01 7.39e-01 3.62e+03 -11.0 2.65e-01    -  1.00e+00 3.12e-02h  6
 583  9.8742056e-01 5.41e-01 3.29e+03 -11.0 1.94e-01    -  1.00e+00 2.50e-01h  3
 584  9.8817592e-01 5.39e-01 3.28e+03 -11.0 1.36e-01    -  1.00e+00 3.91e-03h  9
 585  1.1133744e+00 2.49e-01 1.69e+03 -11.0 1.33e-01    -  1.00e+00 5.00e-01h  2
 586  1.1793534e+00 2.81e-01 1.08e+03 -11.0 1.21e-01    -  1.00e+00 1.00e+00h  1
 587  1.1941951e+00 2.08e-01 9.29e+02 -11.0 1.95e-01    -  1.00e+00 2.50e-01h  3
 588  1.1762600e+00 1.36e-01 1.83e+03 -11.0 1.48e-01    -  1.00e+00 2.50e-01h  3
 589  1.0775020e+00 9.17e-02 2.56e+03 -11.0 2.62e-01    -  1.00e+00 5.00e-01h  2
iter    objective    inf_pr   inf_du lg(mu)  ||d||  lg(rg) alpha_du alpha_pr  ls
 590  1.0123147e+00 2.09e-01 2.88e+03 -11.0 1.35e-01    -  1.00e+00 5.00e-01h  2
 591  9.6435768e-01 1.57e+00 2.97e+03 -11.0 3.42e-01    -  1.00e+00 1.00e+00h  1
 592  9.8238905e-01 1.47e+00 1.47e+04 -11.0 5.80e-01    -  1.00e+00 6.25e-02h  5
 593  9.8499313e-01 1.46e+00 1.51e+04 -11.0 8.98e-01    -  1.00e+00 7.81e-03h  8
 594  9.8663633e-01 1.45e+00 1.52e+04 -11.0 8.04e-01    -  1.00e+00 3.91e-03h  9
 595  9.8703948e-01 1.45e+00 1.52e+04 -11.0 8.27e-01    -  1.00e+00 9.77e-04h 11
 596  9.8600640e-01 1.41e+00 1.35e+04 -11.0 9.24e-01    -  1.00e+00 3.12e-02h  6
 597  1.0008915e+00 1.34e+00 9.49e+03 -11.0 8.19e-01    -  1.00e+00 6.25e-02h  5
 598  1.0418859e+00 1.28e+00 7.10e+03 -11.0 7.14e-01    -  1.00e+00 6.25e-02h  5
 599  1.1147465e+00 1.22e+00 8.16e+03 -11.0 7.72e-01    -  1.00e+00 6.25e-02h  5
iter    objective    inf_pr   inf_du lg(mu)  ||d||  lg(rg) alpha_du alpha_pr  ls
 600  1.2107569e+00 1.17e+00 1.59e+04 -11.0 7.50e-01    -  1.00e+00 6.25e-02h  5
 601  1.3468656e+00 1.11e+00 1.68e+04 -11.0 1.01e+00    -  1.00e+00 6.25e-02h  5
 602  1.1974480e+01 4.48e+00 1.94e+07 -11.0 1.44e+00    -  1.00e+00 1.00e+00w  1
 603  8.1211865e+00 2.03e+00 5.34e+06 -11.0 9.56e-01    -  1.00e+00 1.00e+00w  1
 604  1.6140073e+01 2.66e+01 2.55e+09 -11.0 9.12e-01    -  1.00e+00 1.00e+00w  1
 605  1.5114331e+00 1.04e+00 1.56e+05 -11.0 1.69e+00    -  1.00e+00 6.25e-02h  4
 606  2.6071669e+00 7.93e-01 4.06e+07 -11.0 1.18e+00    -  1.00e+00 2.50e-01h  3
 607  3.0718426e+00 6.97e-01 1.27e+07 -11.0 6.55e-01    -  1.00e+00 1.25e-01h  4
 608  4.0404188e+00 5.44e-01 1.78e+08 -11.0 6.11e-01    -  1.00e+00 2.50e-01h  3
 609  4.0954051e+00 4.74e-01 1.11e+08 -11.0 6.25e-01    -  1.00e+00 1.25e-01h  4
iter    objective    inf_pr   inf_du lg(mu)  ||d||  lg(rg) alpha_du alpha_pr  ls
 610  6.1629770e+00 1.54e+00 9.85e+07 -11.0 9.56e-01    -  1.00e+00 5.00e-01h  2
 611  6.8864936e+00 1.06e+00 3.33e+07 -11.0 4.88e-01    -  1.00e+00 2.50e-01h  3
 612  5.3391392e+00 1.19e+00 2.54e+07 -11.0 1.62e+00    -  1.00e+00 1.25e-01f  4
 613  5.4478514e+00 1.01e+00 2.31e+07 -11.0 5.58e-01    -  1.00e+00 1.25e-01h  4
 614  5.4515069e+00 9.67e-01 2.46e+07 -11.0 8.75e-01    -  1.00e+00 3.12e-02h  6
 615  9.0900501e+00 1.50e+01 1.05e+10 -11.0 8.25e-01    -  1.00e+00 1.00e+00w  1
 616  1.0878777e+01 3.04e+00 4.97e+07 -11.0 6.73e-01    -  1.00e+00 1.00e+00w  1
 617  8.5907435e+00 5.09e+00 2.12e+03 -11.0 8.80e-01    -  1.00e+00 1.00e+00w  1
 618  5.5047991e+00 9.29e-01 2.54e+07 -11.0 2.85e+00    -  1.00e+00 3.12e-02h  5
 619  5.1398785e+00 9.28e-01 2.59e+07 -11.0 1.21e+00    -  1.00e+00 6.25e-02h  5
iter    objective    inf_pr   inf_du lg(mu)  ||d||  lg(rg) alpha_du alpha_pr  ls
 620  5.1234447e+00 8.68e-01 3.88e+07 -11.0 8.15e-01    -  1.00e+00 6.25e-02h  5
 621  5.1315359e+00 8.60e-01 3.83e+07 -11.0 6.22e-01    -  1.00e+00 7.81e-03h  8
 622  5.1394717e+00 8.53e-01 3.79e+07 -11.0 6.10e-01    -  1.00e+00 7.81e-03h  8
 623  5.1397248e+00 8.53e-01 3.79e+07 -11.0 5.99e-01    -  1.00e+00 2.44e-04h 13
 624  5.1308441e+00 7.98e-01 4.27e+07 -11.0 5.57e-01    -  1.00e+00 6.25e-02h  5
 625  5.0938080e+00 7.54e-01 7.40e+07 -11.0 1.02e+00    -  1.00e+00 6.25e-02h  5
 626  5.1009415e+00 6.33e-01 1.04e+08 -11.0 4.47e-01    -  1.00e+00 1.25e-01h  4
 627  5.1107362e+00 5.49e-01 1.13e+08 -11.0 4.05e-01    -  1.00e+00 1.25e-01h  4
 628  5.8642679e+00 6.68e-01 1.95e+09 -11.0 3.42e-01    -  1.00e+00 1.00e+00w  1
 629  5.8410586e+00 3.05e+00 2.94e+09 -11.0 4.19e-01    -  1.00e+00 1.00e+00w  1
iter    objective    inf_pr   inf_du lg(mu)  ||d||  lg(rg) alpha_du alpha_pr  ls
 630  7.0457190e+00 4.29e+00 2.63e+11 -11.0 9.24e-01    -  1.00e+00 1.00e+00w  1
 631  5.2746705e+00 3.12e-01 4.58e+08 -11.0 6.35e-01    -  1.00e+00 5.00e-01h  1
 632  5.5610067e+00 2.61e-01 8.88e+10 -11.0 2.19e-01    -  1.00e+00 2.50e-01h  3
 633  4.3934510e+00 7.29e-01 2.27e+10 -11.0 1.25e+00    -  1.00e+00 1.25e-01f  4
 634  3.7803782e+00 7.40e-01 2.56e+10 -11.0 7.95e-01    -  1.00e+00 2.50e-01h  3
 635  3.7696576e+00 6.75e-01 2.26e+10 -11.0 3.58e-01    -  1.00e+00 1.25e-01h  4
 636  3.7367175e+00 6.59e-01 2.23e+10 -11.0 3.98e-01    -  1.00e+00 1.25e-01h  4
 637  3.6816266e+00 6.25e-01 1.62e+10 -11.0 2.85e-01    -  1.00e+00 2.50e-01h  3
 638  3.8639441e+00 1.07e+00 1.62e+11 -11.0 2.36e-01    -  1.00e+00 1.00e+00h  1
 639  4.4450347e+00 1.72e+00 2.60e+11 -11.0 5.26e-01    -  1.00e+00 5.00e-01h  2
iter    objective    inf_pr   inf_du lg(mu)  ||d||  lg(rg) alpha_du alpha_pr  ls
 640  4.4762242e+00 1.44e+00 3.35e+11 -11.0 3.63e-01    -  1.00e+00 2.50e-01h  3
 641  4.5332877e+00 1.10e+00 6.65e+11 -11.0 2.72e-01    -  1.00e+00 5.00e-01h  2
 642  4.4225370e+00 1.07e+00 2.17e+11 -11.0 4.14e-01    -  1.00e+00 2.50e-01h  3
 643  4.3534601e+00 8.12e-01 5.07e+11 -11.0 2.91e-01    -  1.00e+00 5.00e-01h  2
 644  4.1048892e+00 1.38e+00 4.32e+11 -11.0 1.43e-01    -  1.00e+00 1.00e+00h  1
 645  4.2604611e+00 1.00e+00 4.49e+11 -11.0 3.93e-01    -  1.00e+00 2.50e-01h  3
 646  4.3086242e+00 9.41e-01 4.49e+11 -11.0 3.14e-01    -  1.00e+00 6.25e-02h  5
 647  4.8523275e+00 3.67e-01 8.98e+11 -11.0 3.03e-01    -  1.00e+00 5.00e-01h  2
 648  5.3150745e+00 2.02e-01 6.25e+11 -11.0 1.48e-01    -  1.00e+00 1.00e+00h  1
 649  5.3520353e+00 2.28e-01 4.89e+10 -11.0 1.50e-01    -  1.00e+00 5.00e-01h  2
iter    objective    inf_pr   inf_du lg(mu)  ||d||  lg(rg) alpha_du alpha_pr  ls
 650  5.3238013e+00 2.33e-01 1.49e+10 -11.0 1.69e-01    -  1.00e+00 5.00e-01h  2
 651  5.3030536e+00 4.29e-01 6.87e+09 -11.0 1.57e-01    -  1.00e+00 5.00e-01h  2
 652  5.3003213e+00 3.13e-01 4.75e+09 -11.0 1.78e-01    -  1.00e+00 2.50e-01h  3
 653  5.2852268e+00 2.40e-01 1.21e+10 -11.0 2.28e-01    -  1.00e+00 5.00e-01h  2
 654  3.4502870e+00 2.46e+00 6.45e+10 -11.0 1.09e+00    -  1.00e+00 5.00e-01f  2
 655  3.0107116e+00 1.27e+00 4.44e+09 -11.0 5.12e-01    -  1.00e+00 5.00e-01h  2
 656  3.1442322e+00 8.24e-01 5.87e+10 -11.0 3.23e-01    -  1.00e+00 5.00e-01h  2
 657  3.4664327e+00 1.73e+00 1.14e+10 -11.0 4.13e-01    -  1.00e+00 5.00e-01h  2
 658  3.4597291e+00 5.94e-01 3.37e+09 -11.0 1.86e-01    -  1.00e+00 1.00e+00h  1
 659  2.9417362e+00 3.43e+00 6.33e+10 -11.0 4.29e-01    -  1.00e+00 5.00e-01h  2
iter    objective    inf_pr   inf_du lg(mu)  ||d||  lg(rg) alpha_du alpha_pr  ls
 660  2.7388057e+00 2.44e+00 2.62e+10 -11.0 5.06e-01    -  1.00e+00 5.00e-01h  2
 661  2.8004167e+00 1.47e+00 1.24e+10 -11.0 4.21e-01    -  1.00e+00 5.00e-01h  2
 662  2.4615688e+00 2.27e+00 1.44e+05 -11.0 6.00e-01    -  1.00e+00 1.00e+00h  1
 663  2.6021828e+00 2.04e+00 2.99e+05 -11.0 7.19e-01    -  1.00e+00 1.25e-01h  4
 664  3.0909202e+00 2.69e+00 2.11e+05 -11.0 9.39e-01    -  1.00e+00 2.50e-01h  3
 665  3.3247483e+00 2.28e+00 1.32e+06 -11.0 5.94e-01    -  1.00e+00 1.25e-01h  4
 666  3.4141349e+00 2.13e+00 1.39e+06 -11.0 4.69e-01    -  1.00e+00 6.25e-02h  5
 667  3.4529906e+00 2.06e+00 1.34e+06 -11.0 4.20e-01    -  1.00e+00 3.12e-02h  6
 668  3.4584353e+00 2.05e+00 1.34e+06 -11.0 3.81e-01    -  1.00e+00 3.91e-03h  9
 669  3.4591153e+00 2.05e+00 1.33e+06 -11.0 3.90e-01    -  1.00e+00 4.88e-04h 12
iter    objective    inf_pr   inf_du lg(mu)  ||d||  lg(rg) alpha_du alpha_pr  ls
 670  4.5813701e+00 4.28e-01 7.15e+06 -11.0 3.93e-01    -  1.00e+00 5.00e-01h  2
 671  3.1078612e+00 3.56e+00 1.69e+08 -11.0 6.99e-01    -  1.00e+00 5.00e-01h  2
 672  2.8536821e+00 1.19e+00 2.23e+07 -11.0 4.34e-01    -  1.00e+00 5.00e-01h  2
 673  3.8830300e+00 2.05e+00 2.04e+05 -11.0 6.44e-01    -  1.00e+00 1.00e+00w  1
 674  8.2283278e+00 3.69e+00 2.92e+05 -11.0 1.17e+00    -  1.00e+00 1.00e+00w  1
 675  8.0892821e+00 3.15e+00 1.72e+06 -11.0 3.58e-01    -  1.00e+00 1.00e+00w  1
 676  2.8371702e+00 8.93e-01 4.17e+06 -11.0 4.91e-01    -  1.00e+00 2.50e-01h  2
 677  2.8466381e+00 8.65e-01 4.14e+06 -11.0 3.39e-01    -  1.00e+00 3.12e-02h  6
 678  2.9924084e+00 6.50e-01 1.56e+09 -11.0 3.91e-01    -  1.00e+00 2.50e-01h  3
 679  3.1169510e+00 5.59e-01 4.12e+08 -11.0 2.31e-01    -  1.00e+00 2.50e-01h  3
iter    objective    inf_pr   inf_du lg(mu)  ||d||  lg(rg) alpha_du alpha_pr  ls
 680  3.2456634e+00 5.05e-01 7.57e+08 -11.0 1.66e-01    -  1.00e+00 2.50e-01h  3
 681  3.5637143e+00 5.26e-01 6.42e+07 -11.0 1.77e-01    -  1.00e+00 5.00e-01h  2
 682  3.7982816e+00 2.66e-01 1.81e+10 -11.0 2.27e-01    -  1.00e+00 5.00e-01h  2
 683  4.0461074e+00 2.31e-01 3.25e+12 -11.0 2.54e-01    -  1.00e+00 5.00e-01h  2
 684  4.3898053e+00 4.06e-01 4.91e+09 -11.0 1.42e-01    -  1.00e+00 1.00e+00h  1
 685  4.3869725e+00 3.68e-01 3.28e+09 -11.0 2.13e-01    -  1.00e+00 1.25e-01h  4
 686  4.5473975e+00 1.69e-01 4.46e+09 -11.0 2.16e-01    -  1.00e+00 5.00e-01h  2
 687  4.4740547e+00 1.72e-01 2.95e+09 -11.0 1.40e-01    -  1.00e+00 2.50e-01h  3
 688  4.4707658e+00 1.39e-01 2.13e+09 -11.0 2.07e-01    -  1.00e+00 2.50e-01h  3
 689  3.8357713e+00 2.66e-01 5.90e+10 -11.0 2.55e-01    -  1.00e+00 1.00e+00h  1
iter    objective    inf_pr   inf_du lg(mu)  ||d||  lg(rg) alpha_du alpha_pr  ls
 690  3.8262371e+00 1.67e-01 1.06e+10 -11.0 1.41e-01    -  1.00e+00 5.00e-01h  2
 691  2.6107098e+00 1.57e+00 1.65e+10 -11.0 5.64e-01    -  1.00e+00 5.00e-01f  2
 692  1.5339618e+00 2.13e+00 6.07e+09 -11.0 1.27e+00    -  1.00e+00 5.00e-01h  2
 693  1.8509425e+00 9.60e-01 6.29e+09 -11.0 6.08e-01    -  1.00e+00 5.00e-01h  2
 694  2.1705445e+00 7.79e-01 9.55e+09 -11.0 6.81e-01    -  1.00e+00 2.50e-01h  3
 695  2.5568075e+00 6.06e-01 1.35e+10 -11.0 6.74e-01    -  1.00e+00 2.50e-01h  3
 696  3.6497774e+00 2.96e-01 2.72e+10 -11.0 2.49e-01    -  1.00e+00 1.00e+00h  1
 697  2.2219445e+00 1.27e+00 7.97e+09 -11.0 4.23e-01    -  1.00e+00 1.00e+00h  1
 698  2.3077407e+00 6.12e-01 6.67e+08 -11.0 5.93e-01    -  1.00e+00 5.00e-01h  2
 699  1.5037035e+00 3.07e+00 4.29e+08 -11.0 8.16e-01    -  1.00e+00 5.00e-01h  2
iter    objective    inf_pr   inf_du lg(mu)  ||d||  lg(rg) alpha_du alpha_pr  ls
 700  1.1249472e+00 7.09e-01 1.66e+08 -11.0 4.85e-01    -  1.00e+00 5.00e-01h  2
 701  8.1372134e-01 6.89e-01 3.65e+08 -11.0 6.01e-01    -  1.00e+00 5.00e-01h  2
 702  1.0884941e+00 2.54e-01 6.66e+08 -11.0 2.26e-01    -  1.00e+00 1.00e+00h  1
 703  1.0709157e+00 3.94e-01 4.36e+08 -11.0 1.84e-01    -  1.00e+00 2.50e-01h  3
 704  1.2704705e+00 1.12e-01 1.07e+08 -11.0 1.39e-01    -  1.00e+00 1.00e+00h  1
 705  1.0051617e+00 7.21e-01 2.18e+08 -11.0 3.49e-01    -  1.00e+00 5.00e-01h  2
 706  1.0161380e+00 5.16e-01 1.62e+08 -11.0 4.71e-01    -  1.00e+00 2.50e-01h  3
 707  1.0658932e+00 3.73e-01 1.12e+08 -11.0 3.08e-01    -  1.00e+00 2.50e-01h  3
 708  1.0692660e+00 3.63e-01 1.04e+08 -11.0 2.52e-01    -  1.00e+00 3.12e-02h  6
 709  1.0703745e+00 3.60e-01 1.02e+08 -11.0 2.52e-01    -  1.00e+00 7.81e-03h  8
iter    objective    inf_pr   inf_du lg(mu)  ||d||  lg(rg) alpha_du alpha_pr  ls
 710  1.0709145e+00 3.58e-01 1.01e+08 -11.0 2.50e-01    -  1.00e+00 3.91e-03h  9
 711  1.0808981e+00 3.43e-01 9.04e+07 -11.0 2.49e-01    -  1.00e+00 6.25e-02h  5
 712  1.0977846e+00 3.19e-01 7.76e+07 -11.0 2.58e-01    -  1.00e+00 1.25e-01h  4
 713  1.7082585e+00 1.24e-01 9.47e+03 -11.0 2.13e-01    -  1.00e+00 1.00e+00h  1
 714  1.3117333e+00 1.39e-01 5.07e+03 -11.0 3.43e-01    -  1.00e+00 5.00e-01h  2
 715  1.2715270e+00 1.06e-01 3.21e+03 -11.0 1.32e-01    -  1.00e+00 5.00e-01h  2
 716  1.2647686e+00 1.00e-01 3.11e+03 -11.0 1.27e-01    -  1.00e+00 2.50e-01h  3
 717  1.2795188e+00 1.50e-01 6.86e+04 -11.0 1.32e-01    -  1.00e+00 5.00e-01h  2
 718  1.3292689e+00 8.46e-02 6.18e+04 -11.0 9.70e-02    -  1.00e+00 5.00e-01h  2
 719  1.3661510e+00 1.60e-01 1.30e+05 -11.0 1.52e-01    -  1.00e+00 5.00e-01h  2
iter    objective    inf_pr   inf_du lg(mu)  ||d||  lg(rg) alpha_du alpha_pr  ls
 720  1.3908053e+00 1.23e-01 1.03e+05 -11.0 6.76e-02    -  1.00e+00 2.50e-01h  3
 721  1.3971143e+00 9.66e-02 7.38e+04 -11.0 8.12e-02    -  1.00e+00 2.50e-01h  3
 722  1.4081061e+00 7.81e-02 5.24e+04 -11.0 1.01e-01    -  1.00e+00 2.50e-01h  3
 723  1.4342940e+00 3.46e-02 2.56e+04 -11.0 4.68e-02    -  1.00e+00 1.00e+00h  1
 724  1.3948866e+00 3.52e-02 1.28e+04 -11.0 1.28e-01    -  1.00e+00 2.50e-01h  3
 725  1.3967826e+00 3.27e-02 1.15e+04 -11.0 1.24e-01    -  1.00e+00 6.25e-02h  5
 726  1.4003871e+00 2.89e-02 1.39e+04 -11.0 9.10e-02    -  1.00e+00 1.25e-01h  4
 727  1.4129999e+00 2.71e-02 1.35e+04 -11.0 8.47e-02    -  1.00e+00 1.25e-01h  4
 728  1.4243380e+00 2.50e-02 2.23e+04 -11.0 8.59e-02    -  1.00e+00 2.50e-01h  3
 729  1.4288872e+00 2.32e-02 1.87e+04 -11.0 6.12e-02    -  1.00e+00 1.25e-01h  4
iter    objective    inf_pr   inf_du lg(mu)  ||d||  lg(rg) alpha_du alpha_pr  ls
 730  1.4442142e+00 1.87e-02 1.40e+04 -11.0 3.80e-02    -  1.00e+00 2.50e-01h  3
 731  1.4942844e+00 1.93e-02 2.18e+04 -11.0 4.62e-02    -  1.00e+00 1.00e+00h  1
 732  1.2029307e+00 2.10e-01 1.06e+05 -11.0 5.92e-01    -  1.00e+00 2.50e-01f  3
 733  1.2474934e+00 1.49e-01 3.73e+05 -11.0 1.39e-01    -  1.00e+00 5.00e-01h  2
 734  1.3746303e+00 9.49e-02 1.74e+05 -11.0 1.56e-01    -  1.00e+00 5.00e-01h  2
 735  1.3598193e+00 1.28e-01 1.31e+05 -11.0 8.83e-02    -  1.00e+00 1.25e-01h  4
 736  1.3290824e+00 5.52e-02 2.75e+04 -11.0 6.43e-02    -  1.00e+00 5.00e-01h  2
 737  1.3701651e+00 7.82e-02 9.83e+04 -11.0 7.14e-02    -  1.00e+00 5.00e-01h  2
 738  1.2430119e+00 7.51e-02 2.57e+06 -11.0 8.88e-02    -  1.00e+00 1.00e+00h  1
 739  1.3847548e+00 1.11e-01 2.10e+06 -11.0 1.05e-01    -  1.00e+00 1.00e+00h  1
iter    objective    inf_pr   inf_du lg(mu)  ||d||  lg(rg) alpha_du alpha_pr  ls
 740  1.3936345e+00 1.05e-01 1.99e+06 -11.0 1.37e-01    -  1.00e+00 6.25e-02h  5
 741  1.3945718e+00 1.03e-01 1.98e+06 -11.0 1.22e-01    -  1.00e+00 1.56e-02h  7
 742  9.5024185e-01 4.57e-01 6.20e+07 -11.0 6.87e-01    -  1.00e+00 5.00e-01f  2
 743  9.4084634e-01 1.03e+00 7.49e+03 -11.0 4.41e-01    -  1.00e+00 1.00e+00h  1
 744  8.4475694e-01 5.32e-01 9.45e+03 -11.0 4.26e-01    -  1.00e+00 5.00e-01h  2
 745  8.7285526e-01 4.05e-01 7.19e+03 -11.0 3.28e-01    -  1.00e+00 2.50e-01h  3
 746  9.0573582e-01 3.01e-01 1.52e+04 -11.0 1.32e-01    -  1.00e+00 2.50e-01h  3
 747  9.2704379e-01 1.03e-01 3.33e+04 -11.0 1.30e-01    -  1.00e+00 1.00e+00h  1
 748  9.2445796e-01 9.05e-02 2.08e+04 -11.0 1.96e-01    -  1.00e+00 1.25e-01h  4
 749  9.2351932e-01 8.91e-02 1.99e+04 -11.0 2.47e-01    -  1.00e+00 1.25e-01h  4
iter    objective    inf_pr   inf_du lg(mu)  ||d||  lg(rg) alpha_du alpha_pr  ls
 750  8.2599992e-01 3.16e+00 3.04e+04 -11.0 5.89e-01    -  1.00e+00 1.00e+00h  1
 751  8.0408214e-01 1.22e+00 7.45e+06 -11.0 5.85e-01    -  1.00e+00 5.00e-01h  2
 752  8.2049863e-01 9.18e-01 8.01e+06 -11.0 9.81e-01    -  1.00e+00 2.50e-01h  3
 753  8.3304521e-01 8.89e-01 7.54e+06 -11.0 7.54e-01    -  1.00e+00 3.12e-02h  6
 754  8.3930507e-01 8.76e-01 7.31e+06 -11.0 7.05e-01    -  1.00e+00 1.56e-02h  7
 755  7.8905728e-01 7.35e-01 3.81e+05 -11.0 8.65e-01    -  1.00e+00 2.50e-01h  3
 756  8.2430608e-01 7.11e-01 3.58e+05 -11.0 6.22e-01    -  1.00e+00 3.12e-02h  6
 757  8.3245216e-01 7.06e-01 3.54e+05 -11.0 6.16e-01    -  1.00e+00 7.81e-03h  8
 758  8.3641071e-01 7.03e-01 3.52e+05 -11.0 6.27e-01    -  1.00e+00 3.91e-03h  9
 759  8.1137575e-01 6.28e-01 3.52e+05 -11.0 6.22e-01    -  1.00e+00 6.25e-02h  5
iter    objective    inf_pr   inf_du lg(mu)  ||d||  lg(rg) alpha_du alpha_pr  ls
 760  6.6718937e-01 2.58e+00 1.41e+06 -11.0 5.89e-01    -  1.00e+00 5.00e-01h  2
 761  1.4182124e+00 1.28e+00 8.05e+05 -11.0 6.45e-01    -  1.00e+00 1.00e+00w  1
 762  1.6790671e+00 6.49e+00 3.25e+06 -11.0 6.70e-01    -  1.00e+00 1.00e+00w  1
 763  3.9890304e+00 4.26e+00 5.18e+07 -11.0 1.12e+00    -  1.00e+00 1.00e+00w  1
 764  7.2660057e-01 1.55e+00 5.55e+06 -11.0 6.02e-01    -  1.00e+00 5.00e-01h  1
 765  8.1762783e-01 1.35e+00 1.17e+06 -11.0 2.90e-01    -  1.00e+00 1.25e-01h  4
 766  7.9945561e-01 1.18e+00 2.44e+06 -11.0 4.44e-01    -  1.00e+00 1.25e-01h  4
 767  8.4825749e-01 1.04e+00 4.90e+06 -11.0 2.17e-01    -  1.00e+00 1.25e-01h  4
 768  8.8023139e-01 9.78e-01 4.27e+06 -11.0 2.64e-01    -  1.00e+00 6.25e-02h  5
 769  9.0111263e-01 9.50e-01 3.73e+06 -11.0 3.25e-01    -  1.00e+00 3.12e-02h  6
iter    objective    inf_pr   inf_du lg(mu)  ||d||  lg(rg) alpha_du alpha_pr  ls
 770  9.0567660e-01 9.42e-01 3.64e+06 -11.0 3.16e-01    -  1.00e+00 7.81e-03h  8
 771  9.1977624e-01 8.81e-01 6.82e+06 -11.0 3.86e-01    -  1.00e+00 1.25e-01h  4
 772  9.2244375e-01 8.67e-01 6.50e+06 -11.0 2.60e-01    -  1.00e+00 1.56e-02h  7
 773  9.2858165e-01 8.40e-01 5.48e+06 -11.0 2.58e-01    -  1.00e+00 3.12e-02h  6
 774  9.6397258e-01 7.62e-01 7.40e+06 -11.0 2.87e-01    -  1.00e+00 1.25e-01h  4
 775  1.2372260e+00 8.08e+00 2.44e+07 -11.0 2.74e-01    -  1.00e+00 1.00e+00w  1
 776  4.3945705e+00 5.74e+00 4.64e+11 -11.0 1.03e+00    -  1.00e+00 1.00e+00w  1
 777  2.3165959e+01 3.18e+01 3.69e+12 -11.0 2.13e+00    -  1.00e+00 1.00e+00w  1
 778  9.4776696e-01 6.73e-01 1.92e+07 -11.0 1.78e+00    -  1.00e+00 1.25e-01h  3
 779  1.0564856e+00 5.83e-01 2.74e+12 -11.0 4.80e-01    -  1.00e+00 1.25e-01h  4
iter    objective    inf_pr   inf_du lg(mu)  ||d||  lg(rg) alpha_du alpha_pr  ls
 780  1.1183500e+00 5.16e-01 4.33e+12 -11.0 3.15e-01    -  1.00e+00 1.25e-01h  4
 781  1.6720144e+00 6.67e-01 2.01e+11 -11.0 3.93e-01    -  1.00e+00 5.00e-01h  2
 782  1.5677728e+00 5.37e-01 3.32e+11 -11.0 1.80e-01    -  1.00e+00 2.50e-01h  3
 783  1.5321084e+00 4.25e-01 2.16e+11 -11.0 4.61e-01    -  1.00e+00 2.50e-01h  3
 784  1.5356674e+00 3.74e-01 1.92e+11 -11.0 1.47e-01    -  1.00e+00 1.25e-01h  4
 785  1.5397559e+00 3.31e-01 1.81e+11 -11.0 1.16e-01    -  1.00e+00 1.25e-01h  4
 786  1.5403492e+00 2.93e-01 1.69e+11 -11.0 1.12e-01    -  1.00e+00 1.25e-01h  4
 787  7.3951111e-01 1.24e+00 2.34e+11 -11.0 7.89e-01    -  1.00e+00 5.00e-01h  2
 788  1.3907608e+00 1.33e+00 2.73e+12 -11.0 3.22e-01    -  1.00e+00 1.00e+00w  1
 789  1.6054868e+00 5.54e-01 2.68e+11 -11.0 2.51e-01    -  1.00e+00 1.00e+00w  1
iter    objective    inf_pr   inf_du lg(mu)  ||d||  lg(rg) alpha_du alpha_pr  ls
 790  1.7680802e+00 1.11e+00 2.02e+13 -11.0 1.50e-01    -  1.00e+00 1.00e+00w  1
 791  7.9007535e-01 1.02e+00 1.95e+11 -11.0 3.42e-01    -  1.00e+00 2.50e-01h  2
 792  7.9708930e-01 1.02e+00 1.96e+11 -11.0 2.67e+00    -  1.00e+00 1.95e-03h 10
 793  8.0319226e-01 1.02e+00 1.98e+11 -11.0 4.31e+00    -  1.00e+00 9.77e-04h 11
 794  8.0700244e-01 1.02e+00 1.99e+11 -11.0 5.45e+00    -  1.00e+00 4.88e-04h 12
 795  8.8726451e-01 5.69e-01 6.04e+10 -11.0 4.85e-01    -  1.00e+00 5.00e-01h  2
 796  9.0271451e-01 5.42e-01 5.76e+10 -11.0 2.14e-01    -  1.00e+00 6.25e-02h  5
 797  9.2501984e-01 5.19e-01 5.61e+10 -11.0 2.22e-01    -  1.00e+00 6.25e-02h  5
 798  9.5006983e-01 4.95e-01 5.21e+10 -11.0 2.31e-01    -  1.00e+00 6.25e-02h  5
 799  5.8202180e-01 4.88e-01 2.03e+10 -11.0 6.72e-01    -  1.00e+00 5.00e-01h  2
iter    objective    inf_pr   inf_du lg(mu)  ||d||  lg(rg) alpha_du alpha_pr  ls
 800  7.0981769e-01 4.03e-01 4.44e+13 -11.0 5.74e-01    -  1.00e+00 2.50e-01h  3
 801  2.0337604e+00 1.66e+00 7.20e+13 -11.0 4.16e-01    -  1.00e+00 1.00e+00w  1
 802  2.3054833e+00 8.44e-01 9.97e+12 -11.0 2.67e-01    -  1.00e+00 1.00e+00w  1
 803  2.3113433e+00 2.72e+00 2.08e+06 -11.0 5.81e-01    -  1.00e+00 1.00e+00w  1
 804  1.1638557e+00 4.14e-01 6.47e+11 -11.0 5.51e-01    -  1.00e+00 5.00e-01h  1
 805  1.0104473e+00 4.44e-01 4.36e+11 -11.0 3.86e-01    -  1.00e+00 2.50e-01h  3
 806  9.3903504e-01 2.80e-01 1.05e+12 -11.0 4.12e-01    -  1.00e+00 2.50e-01h  3
 807  9.9479511e-01 1.39e-01 8.96e+11 -11.0 1.88e-01    -  1.00e+00 2.50e-01h  3
 808  1.0347021e+00 1.88e-01 3.41e+11 -11.0 1.21e-01    -  1.00e+00 5.00e-01h  2
 809  1.0335220e+00 2.41e-01 1.27e+12 -11.0 1.44e-01    -  1.00e+00 5.00e-01h  2
iter    objective    inf_pr   inf_du lg(mu)  ||d||  lg(rg) alpha_du alpha_pr  ls
 810  1.0776676e+00 1.15e-01 3.45e+11 -11.0 9.45e-02    -  1.00e+00 5.00e-01h  2
 811  1.1102411e+00 6.38e-02 6.00e+10 -11.0 6.29e-02    -  1.00e+00 5.00e-01h  2
 812  1.1126571e+00 3.73e-02 4.74e+10 -11.0 7.55e-02    -  1.00e+00 5.00e-01h  2
 813  8.9964404e-01 3.67e-01 1.65e+11 -11.0 4.69e-01    -  1.00e+00 2.50e-01h  3
 814  9.6184858e-01 2.96e-01 1.24e+11 -11.0 1.53e-01    -  1.00e+00 2.50e-01h  3
 815  1.1610612e+00 7.45e-02 7.10e+10 -11.0 8.53e-02    -  1.00e+00 1.00e+00w  1
 816  1.2010148e+00 6.58e-02 4.69e+11 -11.0 1.01e-01    -  1.00e+00 1.00e+00w  1
 817  1.1795134e+00 2.45e-02 1.84e+10 -11.0 2.52e-02    -  1.00e+00 1.00e+00w  1
 818  1.2036202e+00 1.36e-02 3.54e+09 -11.0 2.25e-02    -  1.00e+00 1.00e+00h  1
 819  1.1789747e+00 1.21e-02 3.89e+09 -11.0 3.64e-01    -  1.00e+00 3.12e-02h  6
iter    objective    inf_pr   inf_du lg(mu)  ||d||  lg(rg) alpha_du alpha_pr  ls
 820  1.1724679e+00 1.18e-01 1.59e+10 -11.0 3.52e-02    -  1.00e+00 1.00e+00h  1
 821  1.1884875e+00 1.72e-02 5.32e+09 -11.0 2.08e-02    -  1.00e+00 1.00e+00h  1
 822  1.1941770e+00 1.30e-02 4.18e+09 -11.0 1.51e-02    -  1.00e+00 2.50e-01h  3
 823  1.1992620e+00 9.58e-03 3.34e+09 -11.0 1.40e-02    -  1.00e+00 2.50e-01h  3
 824  1.2009757e+00 8.33e-03 2.98e+09 -11.0 1.11e-02    -  1.00e+00 1.25e-01h  4
 825  8.6073091e-01 1.94e+00 1.56e+11 -11.0 4.56e-01    -  1.00e+00 5.00e-01f  2
 826  8.8031481e-01 1.71e+00 1.23e+11 -11.0 4.56e-01    -  1.00e+00 1.25e-01h  4
 827  8.9663757e-01 1.66e+00 1.18e+11 -11.0 6.41e-01    -  1.00e+00 3.12e-02h  6
 828  8.9879557e-01 1.65e+00 1.18e+11 -11.0 4.14e-01    -  1.00e+00 3.91e-03h  9
 829  8.9935174e-01 1.65e+00 1.18e+11 -11.0 4.11e-01    -  1.00e+00 9.77e-04h 11
iter    objective    inf_pr   inf_du lg(mu)  ||d||  lg(rg) alpha_du alpha_pr  ls
 830  1.2508330e+00 6.90e-01 8.71e+10 -11.0 4.33e-01    -  1.00e+00 5.00e-01h  2
 831  1.0758424e+00 2.39e+00 7.06e+10 -11.0 7.37e-01    -  1.00e+00 2.50e-01h  3
 832  1.8699857e+00 1.72e+00 4.47e+11 -11.0 3.05e-01    -  1.00e+00 1.00e+00w  1
 833  2.0331668e+00 9.34e-01 8.31e+12 -11.0 2.51e-01    -  1.00e+00 1.00e+00w  1
 834  3.0457429e+00 2.32e+00 3.65e+12 -11.0 6.01e-01    -  1.00e+00 1.00e+00w  1
 835  1.2116181e+00 1.82e+00 1.01e+11 -11.0 1.38e+00    -  1.00e+00 2.50e-01h  2
 836  1.3976979e+00 1.40e+00 2.97e+10 -11.0 3.42e-01    -  1.00e+00 2.50e-01h  3
 837  1.5801940e+00 1.07e+00 2.89e+11 -11.0 2.78e-01    -  1.00e+00 2.50e-01h  3
 838  1.6267690e+00 5.71e-01 2.09e+11 -11.0 2.65e-01    -  1.00e+00 5.00e-01h  2
 839  1.6073715e+00 4.11e-01 1.87e+11 -11.0 1.67e-01    -  1.00e+00 5.00e-01h  2
iter    objective    inf_pr   inf_du lg(mu)  ||d||  lg(rg) alpha_du alpha_pr  ls
 840  1.6787353e+00 4.86e-01 9.40e+10 -11.0 2.47e-01    -  1.00e+00 5.00e-01h  2
 841  1.7150435e+00 2.42e-01 5.80e+10 -11.0 1.14e-01    -  1.00e+00 5.00e-01h  2
 842  1.2690959e+00 1.24e+00 4.51e+10 -11.0 6.29e-01    -  1.00e+00 5.00e-01h  2
 843  1.5108016e+00 7.55e-01 9.89e+11 -11.0 2.73e-01    -  1.00e+00 5.00e-01h  2
 844  1.5541405e+00 5.92e-01 7.98e+11 -11.0 2.88e-01    -  1.00e+00 2.50e-01h  3
 845  1.7973844e+00 5.07e-01 8.53e+11 -11.0 1.75e-01    -  1.00e+00 1.00e+00w  1
 846  1.6615713e+00 1.01e+00 2.46e+12 -11.0 1.23e-01    -  1.00e+00 1.00e+00w  1
 847  4.9040995e+00 2.44e+00 2.46e+14 -11.0 6.62e-01    -  1.00e+00 1.00e+00w  1
 848  1.5735974e+00 4.35e-01 3.73e+11 -11.0 6.67e-01    -  1.00e+00 2.50e-01h  2
 849  1.5839707e+00 3.24e-01 3.01e+11 -11.0 2.24e-01    -  1.00e+00 2.50e-01h  3
iter    objective    inf_pr   inf_du lg(mu)  ||d||  lg(rg) alpha_du alpha_pr  ls
 850  1.1943177e+00 4.92e-01 3.02e+11 -11.0 7.20e-01    -  1.00e+00 5.00e-01h  2
 851  1.1373121e+00 3.98e-01 3.13e+11 -11.0 3.49e-01    -  1.00e+00 2.50e-01h  3
 852  1.1019190e+00 3.08e-01 9.85e+10 -11.0 2.41e-01    -  1.00e+00 5.00e-01h  2
 853  1.0837972e+00 7.40e-01 6.94e+10 -11.0 2.39e-01    -  1.00e+00 2.50e-01h  3
 854  1.0906322e+00 6.51e-01 5.99e+10 -11.0 2.11e-01    -  1.00e+00 1.25e-01h  4
 855  1.1043933e+00 4.73e-01 3.44e+10 -11.0 1.43e-01    -  1.00e+00 2.50e-01h  3
 856  9.1632560e-01 3.03e-01 3.38e+11 -11.0 5.02e-01    -  1.00e+00 5.00e-01h  2
 857  1.0533027e+00 1.55e-01 2.91e+11 -11.0 1.73e-01    -  1.00e+00 5.00e-01h  2
 858  1.1111189e+00 8.01e-02 3.57e+11 -11.0 8.21e-02    -  1.00e+00 1.00e+00h  1
 859  1.1972903e+00 2.36e-01 1.88e+11 -11.0 5.84e-02    -  1.00e+00 1.00e+00h  1
iter    objective    inf_pr   inf_du lg(mu)  ||d||  lg(rg) alpha_du alpha_pr  ls
 860  1.2060938e+00 2.08e-01 1.73e+11 -11.0 8.90e-02    -  1.00e+00 1.25e-01h  4
 861  1.2306605e+00 1.62e-01 1.47e+11 -11.0 1.08e-01    -  1.00e+00 2.50e-01h  3
 862  1.3006582e+00 1.23e-01 1.23e+11 -11.0 1.63e-01    -  1.00e+00 2.50e-01h  3
 863  1.3749700e+00 1.14e-01 1.08e+11 -11.0 2.10e-01    -  1.00e+00 2.50e-01h  3
 864  1.5038191e+00 7.22e-02 5.56e+10 -11.0 8.90e-02    -  1.00e+00 5.00e-01h  2
 865  1.5727897e+00 6.84e-02 5.01e+10 -11.0 1.81e-01    -  1.00e+00 1.25e-01h  4
 866  1.4830800e+00 6.79e-02 1.12e+11 -11.0 4.26e-01    -  1.00e+00 6.25e-02h  5
 867  1.4402677e+00 1.11e-01 1.04e+11 -11.0 6.47e-01    -  1.00e+00 3.12e-02h  6
 868  1.3526075e+00 9.87e-02 7.99e+10 -11.0 4.32e-01    -  1.00e+00 1.25e-01h  4
 869  1.3446876e+00 1.07e-01 7.09e+10 -11.0 1.15e-01    -  1.00e+00 2.50e-01h  3
iter    objective    inf_pr   inf_du lg(mu)  ||d||  lg(rg) alpha_du alpha_pr  ls
 870  1.3159235e+00 7.58e-02 2.21e+12 -11.0 7.73e-02    -  1.00e+00 1.00e+00w  1
 871  1.2558840e+00 6.66e-01 1.07e+05 -11.0 2.30e-01    -  1.00e+00 1.00e+00w  1
 872  1.7827175e+00 1.02e+00 4.51e+07 -11.0 2.86e-01    -  1.00e+00 1.00e+00w  1
 873  1.3320525e+00 7.86e-02 7.34e+10 -11.0 2.61e-01    -  1.00e+00 2.50e-01h  2
 874  1.3428517e+00 4.74e-02 2.62e+10 -11.0 5.66e-02    -  1.00e+00 5.00e-01h  2
 875  1.2770717e+00 9.33e-01 6.16e+04 -11.0 3.07e-01    -  1.00e+00 1.00e+00h  1
 876  1.2568111e+00 8.18e-01 7.28e+04 -11.0 6.19e-01    -  1.00e+00 1.25e-01h  4
 877  1.2988796e+00 6.56e-01 5.58e+04 -11.0 2.46e-01    -  1.00e+00 1.25e-01h  4
 878  1.3192537e+00 6.14e-01 5.08e+04 -11.0 2.46e-01    -  1.00e+00 6.25e-02h  5
 879  1.3258072e+00 5.94e-01 4.92e+04 -11.0 2.42e-01    -  1.00e+00 3.12e-02h  6
iter    objective    inf_pr   inf_du lg(mu)  ||d||  lg(rg) alpha_du alpha_pr  ls
 880  9.0909047e-01 8.79e-01 6.27e+05 -11.0 5.25e-01    -  1.00e+00 5.00e-01h  2
 881  1.0674872e+00 4.83e-01 6.75e+06 -11.0 3.49e-01    -  1.00e+00 5.00e-01h  2
 882  1.0652748e+00 4.30e-01 4.46e+06 -11.0 1.55e-01    -  1.00e+00 1.25e-01h  4
 883  1.0679310e+00 3.45e-01 2.47e+06 -11.0 1.25e-01    -  1.00e+00 2.50e-01h  3
 884  1.2931911e+00 4.42e-01 6.68e+04 -11.0 2.69e-01    -  1.00e+00 1.00e+00h  1
 885  1.0128890e+00 4.57e-01 3.31e+04 -11.0 3.79e-01    -  1.00e+00 5.00e-01h  2
 886  1.0255563e+00 2.22e-01 9.55e+03 -11.0 2.17e-01    -  1.00e+00 2.50e-01h  3
 887  1.0011914e+00 7.44e-01 5.73e+04 -11.0 1.24e-01    -  1.00e+00 1.00e+00h  1
 888  1.0063079e+00 6.97e-01 5.24e+04 -11.0 2.21e-01    -  1.00e+00 6.25e-02h  5
 889  1.0100985e+00 6.53e-01 4.21e+04 -11.0 2.99e-01    -  1.00e+00 6.25e-02h  5
iter    objective    inf_pr   inf_du lg(mu)  ||d||  lg(rg) alpha_du alpha_pr  ls
 890  9.9761731e-01 5.56e-01 2.96e+04 -11.0 4.75e-01    -  1.00e+00 1.25e-01h  4
 891  1.0117729e+00 4.86e-01 4.28e+04 -11.0 4.01e-01    -  1.00e+00 1.25e-01h  4
 892  1.0124431e+00 4.85e-01 4.27e+04 -11.0 3.17e-01    -  1.00e+00 1.95e-03h 10
 893  1.9061720e+00 3.24e-01 9.34e+05 -11.0 2.97e-01    -  1.00e+00 1.00e+00h  1
 894  1.7412922e+00 1.30e+00 3.26e+05 -11.0 2.93e-01    -  1.00e+00 1.00e+00h  1
 895  2.2467891e+00 4.79e-01 1.20e+07 -11.0 1.98e-01    -  1.00e+00 1.00e+00h  1
 896  2.1977133e+00 7.49e-01 1.06e+08 -11.0 3.48e-01    -  1.00e+00 5.00e-01h  2
 897  2.2885390e+00 5.01e-01 7.27e+07 -11.0 3.37e-01    -  1.00e+00 2.50e-01h  3
 898  2.7576690e+00 2.50e-01 2.75e+09 -11.0 2.64e-01    -  1.00e+00 5.00e-01h  2
 899  2.8559232e+00 1.27e-01 2.15e+08 -11.0 3.04e-01    -  1.00e+00 5.00e-01h  2
iter    objective    inf_pr   inf_du lg(mu)  ||d||  lg(rg) alpha_du alpha_pr  ls
 900  2.9461790e+00 8.41e-02 5.28e+07 -11.0 1.36e-01    -  1.00e+00 5.00e-01h  2
 901  2.7252622e+00 1.25e-01 1.99e+08 -11.0 8.11e-01    -  1.00e+00 6.25e-02h  5
 902  2.6431604e+00 1.29e-01 1.95e+08 -11.0 5.14e-01    -  1.00e+00 3.12e-02h  6
 903  2.2322650e+00 2.54e-01 1.54e+08 -11.0 5.39e-01    -  1.00e+00 2.50e-01h  3
 904  2.1448633e+00 3.12e-01 6.70e+07 -11.0 4.63e-01    -  1.00e+00 1.25e-01h  4
 905  2.1771043e+00 2.77e-01 1.20e+08 -11.0 1.74e-01    -  1.00e+00 1.25e-01h  4
 906  2.5033213e+00 4.39e-01 2.07e+08 -11.0 1.24e-01    -  1.00e+00 1.00e+00w  1
 907  3.9073027e+00 5.41e+00 3.70e+08 -11.0 3.77e-01    -  1.00e+00 1.00e+00w  1
 908  6.2589321e+00 2.78e+00 2.15e+04 -11.0 1.19e+00    -  1.00e+00 1.00e+00w  1
 909  2.3034430e+00 2.23e-01 4.61e+07 -11.0 1.09e+00    -  1.00e+00 5.00e-01h  1
iter    objective    inf_pr   inf_du lg(mu)  ||d||  lg(rg) alpha_du alpha_pr  ls
 910  2.4172687e+00 2.01e-01 2.32e+08 -11.0 2.62e-01    -  1.00e+00 2.50e-01h  3
 911  2.4397387e+00 1.68e-01 1.64e+08 -11.0 2.21e-01    -  1.00e+00 1.25e-01h  4
 912  2.6449956e+00 2.60e-01 2.20e+08 -11.0 3.25e-01    -  1.00e+00 2.50e-01h  3
 913  2.6906320e+00 2.36e-01 1.42e+08 -11.0 1.56e-01    -  1.00e+00 1.25e-01h  4
 914  2.7235229e+00 2.23e-01 1.41e+08 -11.0 2.06e-01    -  1.00e+00 6.25e-02h  5
 915  2.7876849e+00 1.98e-01 1.46e+08 -11.0 2.36e-01    -  1.00e+00 1.25e-01h  4
 916  2.8048238e+00 1.92e-01 1.46e+08 -11.0 2.33e-01    -  1.00e+00 3.12e-02h  6
 917  2.6797107e+00 1.53e-01 1.57e+09 -11.0 3.51e-01    -  1.00e+00 2.50e-01h  3
 918  2.5184959e+00 3.71e-01 8.03e+08 -11.0 4.81e-01    -  1.00e+00 1.25e-01h  4
 919  2.5763569e+00 3.14e-01 4.13e+08 -11.0 1.36e-01    -  1.00e+00 2.50e-01h  3
iter    objective    inf_pr   inf_du lg(mu)  ||d||  lg(rg) alpha_du alpha_pr  ls
 920  3.0397655e+00 6.74e-01 1.40e+09 -11.0 1.14e-01    -  1.00e+00 1.00e+00w  1
 921  4.7958365e+00 2.28e+00 1.88e+11 -11.0 3.87e-01    -  1.00e+00 1.00e+00w  1
 922  6.4025038e+00 4.28e+00 1.70e+11 -11.0 2.72e-01    -  1.00e+00 1.00e+00w  1
 923  2.6185797e+00 2.78e-01 3.06e+08 -11.0 2.88e-01    -  1.00e+00 1.25e-01h  3
 924  2.8018383e+00 1.97e-01 1.61e+10 -11.0 1.39e-01    -  1.00e+00 5.00e-01h  2
 925  3.1028086e+00 1.75e-01 5.23e+10 -11.0 1.46e-01    -  1.00e+00 5.00e-01h  2
 926  2.9066959e+00 1.53e-01 7.58e+10 -11.0 4.27e-01    -  1.00e+00 1.25e-01h  4
 927  3.0793687e+00 1.43e-01 8.81e+10 -11.0 1.56e-01    -  1.00e+00 2.50e-01h  3
 928  3.0506346e+00 1.48e-01 7.83e+10 -11.0 1.43e-01    -  1.00e+00 2.50e-01h  3
 929  3.1382437e+00 1.26e-01 1.08e+11 -11.0 1.60e-01    -  1.00e+00 2.50e-01h  3
iter    objective    inf_pr   inf_du lg(mu)  ||d||  lg(rg) alpha_du alpha_pr  ls
 930  3.1912762e+00 1.09e-01 6.33e+10 -11.0 9.78e-02    -  1.00e+00 2.50e-01h  3
 931  2.9664010e+00 6.61e-01 7.62e+10 -11.0 6.81e-01    -  1.00e+00 1.25e-01h  4
 932  3.0341826e+00 4.94e-01 7.80e+10 -11.0 1.40e-01    -  1.00e+00 2.50e-01h  3
 933  3.9935702e+00 1.34e+00 3.87e+12 -11.0 2.96e-01    -  1.00e+00 1.00e+00w  1
 934  4.2592242e+00 8.60e+00 7.90e+12 -11.0 4.94e-01    -  1.00e+00 1.00e+00w  1
 935  6.1054528e+01 3.43e+01 1.83e+04 -11.0 2.62e+00    -  1.00e+00 1.00e+00w  1
 936  3.1169590e+00 4.28e-01 4.97e+10 -11.0 1.40e+00    -  1.00e+00 1.25e-01h  3
 937  3.1265641e+00 3.67e-01 8.86e+10 -11.0 1.21e-01    -  1.00e+00 1.25e-01h  4
 938  3.1339052e+00 3.55e-01 8.28e+10 -11.0 1.59e-01    -  1.00e+00 3.12e-02h  6
 939  3.1751027e+00 2.57e-01 5.32e+10 -11.0 1.42e-01    -  1.00e+00 2.50e-01h  3
iter    objective    inf_pr   inf_du lg(mu)  ||d||  lg(rg) alpha_du alpha_pr  ls
 940  3.2860142e+00 1.74e-01 4.87e+10 -11.0 6.96e-02    -  1.00e+00 5.00e-01h  2
 941  3.5195477e+00 9.11e-02 3.21e+10 -11.0 2.01e-01    -  1.00e+00 5.00e-01h  2
 942  3.4201659e+00 8.05e-02 2.46e+10 -11.0 3.38e-01    -  1.00e+00 1.25e-01h  4
 943  3.3374873e+00 7.73e-02 2.19e+10 -11.0 4.72e-01    -  1.00e+00 6.25e-02h  5
 944  3.3795571e+00 6.35e-02 1.89e+10 -11.0 1.31e-01    -  1.00e+00 2.50e-01h  3
 945  3.5451626e+00 7.21e-02 6.71e+10 -11.0 8.30e-02    -  1.00e+00 5.00e-01h  2
 946  3.7362762e+00 4.34e-01 5.26e+11 -11.0 6.31e-02    -  1.00e+00 1.00e+00w  1
 947  3.9319341e+00 3.67e-01 1.82e+12 -11.0 8.70e-02    -  1.00e+00 1.00e+00w  1
 948  3.9775009e+00 7.68e-01 6.99e+11 -11.0 1.32e-01    -  1.00e+00 1.00e+00w  1
 949  3.5877793e+00 6.86e-02 3.92e+10 -11.0 4.30e-01    -  1.00e+00 2.50e-01h  2
iter    objective    inf_pr   inf_du lg(mu)  ||d||  lg(rg) alpha_du alpha_pr  ls
 950  3.6497669e+00 5.97e-02 7.49e+09 -11.0 4.61e-02    -  1.00e+00 5.00e-01h  2
 951  3.5133658e+00 6.99e-02 8.78e+09 -11.0 8.33e-01    -  1.00e+00 3.12e-02f  6
 952  3.3928407e+00 4.07e-02 1.28e+10 -11.0 6.03e-02    -  1.00e+00 5.00e-01h  2
 953  3.5187065e+00 6.34e-02 3.72e+09 -11.0 6.02e-02    -  1.00e+00 5.00e-01h  2
 954  3.5169659e+00 5.63e-02 3.29e+09 -11.0 4.06e-02    -  1.00e+00 1.25e-01h  4
 955  3.3694414e+00 6.34e-02 3.21e+09 -11.0 7.89e-01    -  1.00e+00 3.12e-02f  6
 956  3.4288040e+00 5.44e-02 2.39e+09 -11.0 4.89e-02    -  1.00e+00 2.50e-01h  3
 957  3.4917098e+00 5.20e-02 2.02e+09 -11.0 7.62e-02    -  1.00e+00 1.25e-01h  4
 958  3.5065818e+00 5.07e-02 1.96e+09 -11.0 6.72e-02    -  1.00e+00 3.12e-02h  6
 959  3.0023041e+00 2.44e+01 1.15e+06 -11.0 8.28e-01    -  1.00e+00 1.00e+00f  1
iter    objective    inf_pr   inf_du lg(mu)  ||d||  lg(rg) alpha_du alpha_pr  ls
 960  2.2302966e+00 1.67e+01 6.46e+05 -11.0 1.20e+00    -  1.00e+00 5.00e-01h  2
 961  2.8674040e+00 1.09e+01 2.76e+05 -11.0 5.35e-01    -  1.00e+00 5.00e-01h  2
 962  3.4004290e+00 7.32e+00 1.23e+05 -11.0 1.26e+00    -  1.00e+00 2.50e-01h  3
 963  3.4764076e+00 7.10e+00 1.15e+05 -11.0 1.11e+00    -  1.00e+00 3.12e-02h  6
 964  3.4889613e+00 6.98e+00 1.10e+05 -11.0 9.45e-01    -  1.00e+00 1.56e-02h  7
 965  3.4908217e+00 6.97e+00 1.10e+05 -11.0 1.15e+00    -  1.00e+00 1.95e-03h 10
 966  3.4912906e+00 6.97e+00 1.09e+05 -11.0 1.18e+00    -  1.00e+00 4.88e-04h 12
 967  4.7437788e+00 4.29e+00 1.03e+05 -11.0 1.18e+00    -  1.00e+00 5.00e-01h  2
 968  3.8331559e+00 1.17e+01 2.59e+05 -11.0 1.22e+00    -  1.00e+00 5.00e-01h  2
 969  5.1462925e+00 1.85e+01 2.10e+06 -11.0 6.30e-01    -  1.00e+00 1.00e+00h  1
iter    objective    inf_pr   inf_du lg(mu)  ||d||  lg(rg) alpha_du alpha_pr  ls
 970  5.3024962e+00 1.64e+01 1.79e+06 -11.0 1.90e+00    -  1.00e+00 1.25e-01h  4
 971  8.6672241e+00 2.21e+01 3.50e+07 -11.0 1.50e+00    -  1.00e+00 5.00e-01h  2
 972  9.4751121e+00 2.29e+01 3.75e+07 -11.0 1.59e+00    -  1.00e+00 2.50e-01h  3
 973  9.4451588e+00 1.79e+01 6.61e+07 -11.0 1.18e+00    -  1.00e+00 2.50e-01h  3
 974  1.0872651e+01 2.01e+01 4.81e+08 -11.0 1.05e+00    -  1.00e+00 5.00e-01h  2
 975  1.5729352e+01 8.71e+00 2.87e+09 -11.0 1.05e+00    -  1.00e+00 5.00e-01h  2
 976  1.4572043e+01 1.26e+01 9.48e+08 -11.0 9.97e-01    -  1.00e+00 2.50e-01h  3
 977  1.3291242e+01 2.10e+01 2.20e+10 -11.0 1.07e+00    -  1.00e+00 5.00e-01h  2
 978  1.2970106e+01 1.51e+01 8.71e+11 -11.0 8.19e-01    -  1.00e+00 2.50e-01h  3
 979  1.3024727e+01 1.13e+01 4.72e+11 -11.0 6.58e-01    -  1.00e+00 2.50e-01h  3
iter    objective    inf_pr   inf_du lg(mu)  ||d||  lg(rg) alpha_du alpha_pr  ls
 980  1.3403223e+01 1.94e+01 5.14e+11 -11.0 4.84e-01    -  1.00e+00 1.00e+00w  1
 981  1.6334080e+01 9.03e+00 1.21e+11 -11.0 4.38e-01    -  1.00e+00 1.00e+00w  1
 982  1.3778765e+01 1.37e+01 1.36e+03 -11.0 1.84e+00    -  1.00e+00 1.00e+00w  1
 983  1.2565245e+01 1.07e+01 1.20e+12 -11.0 2.13e+00    -  1.00e+00 5.00e-01h  1
 984  1.3522280e+01 9.98e+00 1.20e+12 -11.0 1.24e+00    -  1.00e+00 6.25e-02h  5
 985  1.4561547e+01 9.35e+00 1.17e+12 -11.0 1.01e+00    -  1.00e+00 6.25e-02h  5
 986  1.4995937e+01 9.06e+00 1.14e+12 -11.0 9.12e-01    -  1.00e+00 3.12e-02h  6
 987  1.4727131e+01 8.47e+00 1.08e+12 -11.0 2.37e+00    -  1.00e+00 6.25e-02h  5
 988  1.4066532e+01 8.20e+00 1.04e+12 -11.0 2.39e+00    -  1.00e+00 3.12e-02h  6
 989  1.4141546e+01 6.15e+00 5.79e+11 -11.0 1.82e+00    -  1.00e+00 2.50e-01h  3
iter    objective    inf_pr   inf_du lg(mu)  ||d||  lg(rg) alpha_du alpha_pr  ls
 990  1.2213870e+01 5.41e+00 8.63e+11 -11.0 2.15e+00    -  1.00e+00 1.25e-01f  4
 991  1.3521187e+01 4.27e+00 5.93e+11 -11.0 8.94e-01    -  1.00e+00 2.50e-01h  3
 992  1.3124217e+01 4.83e+00 5.33e+11 -11.0 7.03e-01    -  1.00e+00 1.25e-01h  4
 993  1.3322725e+01 2.88e+00 5.05e+11 -11.0 1.17e+00    -  1.00e+00 1.25e-01h  4
 994  1.4488287e+01 2.11e+02 1.31e+04 -11.0 1.51e+00    -  1.00e+00 1.00e+00w  1
 995  2.8226782e+01 1.25e+03 5.49e+04 -11.0 3.40e+00    -  1.00e+00 1.00e+00w  1
 996  5.1898562e+01 2.63e+04 7.59e+05 -11.0 2.17e+00    -  1.00e+00 1.00e+00w  1
 997  1.0815090e+01 7.09e+00 8.76e+11 -11.0 2.87e+00    -  1.00e+00 1.25e-01f  3
 998  8.8924410e+00 4.82e+00 2.58e+11 -11.0 1.84e+00    -  1.00e+00 2.50e-01h  3
 999  5.6889680e+00 5.74e+00 1.24e+11 -11.0 1.81e+00    -  1.00e+00 5.00e-01h  2
iter    objective    inf_pr   inf_du lg(mu)  ||d||  lg(rg) alpha_du alpha_pr  ls
1000  4.9491853e+00 5.58e+01 1.03e+11 -11.0 1.13e+00    -  1.00e+00 2.50e-01h  3
1001  5.1314398e+00 5.21e+01 9.61e+10 -11.0 9.59e-01    -  1.00e+00 6.25e-02h  5
1002  5.1404143e+00 5.20e+01 9.56e+10 -11.0 1.39e+00    -  1.00e+00 1.95e-03h 10
1003  5.1449821e+00 5.19e+01 9.53e+10 -11.0 1.39e+00    -  1.00e+00 9.77e-04h 11
1004  5.1461329e+00 5.19e+01 9.53e+10 -11.0 1.39e+00    -  1.00e+00 2.44e-04h 13
1005  9.4650145e+00 5.34e+01 4.01e+10 -11.0 1.52e+00    -  1.00e+00 5.00e-01h  2
1006  9.6472530e+00 1.62e+01 4.76e+11 -11.0 7.66e-01    -  1.00e+00 5.00e-01h  2
1007  1.2017612e+01 5.62e+01 3.84e+12 -11.0 9.08e-01    -  1.00e+00 1.00e+00w  1
1008  5.4918543e+01 2.16e+03 2.90e+13 -11.0 1.79e+00    -  1.00e+00 1.00e+00w  1
1009  6.8447035e+02 2.82e+04 2.20e+14 -11.0 8.14e+00    -  1.00e+00 1.00e+00w  1
iter    objective    inf_pr   inf_du lg(mu)  ||d||  lg(rg) alpha_du alpha_pr  ls
1010  8.8093930e+00 2.74e+01 5.91e+11 -11.0 4.14e+01    -  1.00e+00 2.50e-01h  2
1011  8.6305058e+00 2.47e+01 1.57e+11 -11.0 5.31e-01    -  1.00e+00 2.50e-01h  3
1012  8.8229474e+00 2.34e+01 4.04e+11 -11.0 6.42e-01    -  1.00e+00 1.25e-01h  4
1013  8.0344663e+00 2.63e+01 3.13e+11 -11.0 1.07e+00    -  1.00e+00 1.25e-01h  4
1014  7.4703071e+00 3.83e+01 3.09e+11 -11.0 6.25e-01    -  1.00e+00 5.00e-01h  2
1015  7.4062519e+00 2.91e+01 1.81e+11 -11.0 4.60e-01    -  1.00e+00 5.00e-01h  2
1016  1.0056434e+01 1.58e+00 1.12e+11 -11.0 4.76e-01    -  1.00e+00 1.00e+00h  1
1017  1.0468021e+01 1.48e+00 1.34e+11 -11.0 1.02e+00    -  1.00e+00 6.25e-02h  5
1018  1.1200896e+01 1.37e+00 1.43e+11 -11.0 1.01e+00    -  1.00e+00 1.25e-01h  4
1019  1.0919345e+01 1.81e+00 1.90e+11 -11.0 8.98e-01    -  1.00e+00 1.25e-01h  4
iter    objective    inf_pr   inf_du lg(mu)  ||d||  lg(rg) alpha_du alpha_pr  ls
1020  1.3653145e+01 2.04e+00 6.50e+11 -11.0 6.65e-01    -  1.00e+00 5.00e-01h  2
1021  2.0833373e+01 1.62e+00 4.19e+11 -11.0 7.11e-01    -  1.00e+00 1.00e+00h  1
1022  1.9698155e+01 2.07e+00 7.68e+11 -11.0 4.80e-01    -  1.00e+00 5.00e-01h  2
1023  1.2747231e+01 1.83e+00 2.22e+11 -11.0 1.38e+00    -  1.00e+00 5.00e-01f  2
1024  1.3441603e+01 1.40e+00 1.11e+12 -11.0 8.58e-01    -  1.00e+00 2.50e-01h  3
1025  1.5625753e+01 1.13e+00 5.53e+12 -11.0 6.76e-01    -  1.00e+00 5.00e-01h  2
1026  1.8662738e+01 8.70e-01 2.58e+12 -11.0 7.26e-01    -  1.00e+00 5.00e-01h  2
1027  7.9527754e+00 3.43e+00 3.05e+12 -11.0 2.24e+00    -  1.00e+00 5.00e-01f  2
1028  8.2698920e+00 1.16e+00 2.45e+12 -11.0 1.49e+00    -  1.00e+00 2.50e-01h  3
1029  1.1459521e+01 2.56e+00 1.03e+12 -11.0 2.28e+00    -  1.00e+00 2.50e-01h  3
iter    objective    inf_pr   inf_du lg(mu)  ||d||  lg(rg) alpha_du alpha_pr  ls
1030  1.7476854e+01 8.36e-01 6.94e+11 -11.0 1.19e+00    -  1.00e+00 5.00e-01h  2
1031  1.7720365e+01 6.98e-01 5.38e+11 -11.0 8.56e-01    -  1.00e+00 1.25e-01h  4
1032  2.3012928e+01 5.07e+00 4.27e+12 -11.0 4.91e-01    -  1.00e+00 1.00e+00w  1
1033  1.2129705e+01 6.87e+00 7.43e+12 -11.0 1.18e+00    -  1.00e+00 1.00e+00w  1
1034  6.3521507e+01 5.24e+02 1.50e+14 -11.0 1.40e+00    -  1.00e+00 1.00e+00w  1
1035  1.8019469e+01 7.08e-01 4.59e+11 -11.0 9.76e-01    -  1.00e+00 1.25e-01h  3
1036  1.8134354e+01 7.65e-01 3.99e+11 -11.0 8.52e-01    -  1.00e+00 1.25e-01h  4
1037  1.8246502e+01 3.46e-01 3.60e+11 -11.0 7.26e-01    -  1.00e+00 1.25e-01h  4
1038  1.8841350e+01 6.51e-01 2.71e+11 -11.0 4.93e-01    -  1.00e+00 2.50e-01h  3
1039  1.6392791e+01 8.86e-01 1.57e+11 -11.0 5.85e-01    -  1.00e+00 5.00e-01f  2
iter    objective    inf_pr   inf_du lg(mu)  ||d||  lg(rg) alpha_du alpha_pr  ls
1040  1.7489626e+01 2.57e-01 1.14e+12 -11.0 3.23e-01    -  1.00e+00 5.00e-01h  2
1041  1.7009803e+01 4.46e-01 9.39e+11 -11.0 4.77e-01    -  1.00e+00 2.50e-01h  3
1042  1.6949710e+01 7.81e-01 2.54e+11 -11.0 3.59e-01    -  1.00e+00 5.00e-01h  2
1043  6.0177368e+00 8.52e+00 4.45e+10 -11.0 2.13e+00    -  1.00e+00 5.00e-01f  2
1044  7.0728076e+00 4.22e+00 4.85e+11 -11.0 8.37e-01    -  1.00e+00 5.00e-01h  2
1045  1.1368914e+01 3.29e+01 1.07e+13 -11.0 8.46e-01    -  1.00e+00 1.00e+00w  1
1046  1.7729178e+01 1.03e+01 5.02e+12 -11.0 7.30e-01    -  1.00e+00 1.00e+00w  1
1047  2.4413139e+01 5.68e+01 5.82e+04 -11.0 2.23e+00    -  1.00e+00 1.00e+00w  1
1048  7.3020870e+00 4.96e+00 2.35e+11 -11.0 1.97e+00    -  1.00e+00 2.50e-01h  2
1049  7.4595223e+00 2.69e+00 1.39e+12 -11.0 7.84e-01    -  1.00e+00 5.00e-01h  2
iter    objective    inf_pr   inf_du lg(mu)  ||d||  lg(rg) alpha_du alpha_pr  ls
1050  7.4935710e+00 1.67e+00 8.32e+11 -11.0 1.23e+00    -  1.00e+00 5.00e-01h  2
1051  7.7961667e+00 1.56e+00 5.46e+12 -11.0 1.57e+00    -  1.00e+00 6.25e-02h  5
1052  1.0996950e+01 1.22e+00 8.00e+11 -11.0 1.77e+00    -  1.00e+00 2.50e-01h  3
1053  1.1456002e+01 1.15e+00 8.85e+11 -11.0 1.10e+00    -  1.00e+00 6.25e-02h  5
1054  1.2485874e+01 1.07e+00 3.85e+11 -11.0 1.07e+00    -  1.00e+00 1.25e-01h  4
1055  1.3101346e+01 9.87e-01 1.28e+12 -11.0 1.26e+00    -  1.00e+00 1.25e-01h  4
1056  1.3668436e+01 8.71e-01 1.94e+12 -11.0 9.15e-01    -  1.00e+00 1.25e-01h  4
1057  1.4305915e+01 7.63e-01 1.64e+12 -11.0 8.35e-01    -  1.00e+00 1.25e-01h  4
1058  1.2755035e+01 3.65e+01 1.59e+05 -11.0 1.88e+00    -  1.00e+00 1.00e+00w  1
1059  2.0918827e+01 5.42e+01 1.09e+07 -11.0 2.02e+00    -  1.00e+00 1.00e+00w  1
iter    objective    inf_pr   inf_du lg(mu)  ||d||  lg(rg) alpha_du alpha_pr  ls
1060  2.9710110e+01 6.86e+00 1.14e+06 -11.0 7.81e-01    -  1.00e+00 1.00e+00w  1
1061  5.9666758e+00 2.35e+00 1.87e+11 -11.0 2.24e+00    -  1.00e+00 5.00e-01f  1
1062  6.2891762e+00 2.08e+00 2.61e+11 -11.0 1.33e+00    -  1.00e+00 1.25e-01h  4
1063  7.8856624e+00 5.45e-01 1.07e+11 -11.0 1.04e+00    -  1.00e+00 2.50e-01h  3
1064  1.0861802e+01 4.96e-01 7.29e+10 -11.0 7.21e-01    -  1.00e+00 5.00e-01h  2
1065  1.2990144e+01 5.19e-01 1.35e+11 -11.0 3.25e-01    -  1.00e+00 1.00e+00h  1
1066  1.4563372e+01 2.85e-01 3.32e+11 -11.0 2.91e-01    -  1.00e+00 5.00e-01h  2
1067  1.6082412e+01 1.62e-01 7.55e+10 -11.0 2.46e-01    -  1.00e+00 5.00e-01h  2
1068  1.0615894e+01 1.36e+00 9.65e+10 -11.0 1.86e+00    -  1.00e+00 2.50e-01f  3
1069  9.4281080e+00 9.68e-01 6.89e+10 -11.0 8.22e-01    -  1.00e+00 2.50e-01f  3
iter    objective    inf_pr   inf_du lg(mu)  ||d||  lg(rg) alpha_du alpha_pr  ls
1070  4.6263543e+00 8.62e-01 1.47e+10 -11.0 2.24e+00    -  1.00e+00 5.00e-01f  2
1071  2.3551586e+00 5.62e+00 2.44e+04 -11.0 9.90e-01    -  1.00e+00 1.00e+00f  1
1072  2.5590976e+00 5.19e+00 1.32e+04 -11.0 1.15e+00    -  1.00e+00 5.00e-01h  2
1073  2.6909517e+00 5.11e+00 1.95e+04 -11.0 1.64e+00    -  1.00e+00 3.12e-02h  6
1074  2.7765878e+00 5.10e+00 2.57e+04 -11.0 1.81e+00    -  1.00e+00 1.56e-02h  7
1075  6.0699713e+00 2.77e+00 2.68e+04 -11.0 2.02e+00    -  1.00e+00 2.50e-01h  3
1076  6.1996524e+00 2.75e+00 2.59e+04 -11.0 2.11e+00    -  1.00e+00 7.81e-03h  8
1077  6.2642245e+00 2.74e+00 2.58e+04 -11.0 1.93e+00    -  1.00e+00 3.91e-03h  9
1078  6.2803615e+00 2.74e+00 2.58e+04 -11.0 1.93e+00    -  1.00e+00 9.77e-04h 11
1079  6.2884319e+00 2.74e+00 2.58e+04 -11.0 1.93e+00    -  1.00e+00 4.88e-04h 12
iter    objective    inf_pr   inf_du lg(mu)  ||d||  lg(rg) alpha_du alpha_pr  ls
1080  1.1131479e+01 1.03e+00 1.39e+05 -11.0 2.13e+00    -  1.00e+00 2.50e-01h  3
1081  1.0229286e+01 7.62e-01 1.12e+05 -11.0 1.79e+00    -  1.00e+00 1.25e-01h  4
1082  3.0205770e+01 5.32e+02 1.77e+08 -11.0 1.82e+00    -  1.00e+00 1.00e+00w  1
1083  3.1680725e+01 1.29e+03 8.00e+07 -11.0 1.32e+00    -  1.00e+00 1.00e+00w  1
1084  8.4021149e+01 5.37e+02 3.03e+11 -11.0 1.99e+00    -  1.00e+00 1.00e+00w  1
1085  1.1410791e+01 1.12e+00 3.27e+06 -11.0 1.72e+00    -  1.00e+00 1.25e-01h  3
1086  1.1525381e+01 1.11e+00 1.47e+07 -11.0 1.72e+00    -  1.00e+00 1.56e-02h  7
1087  1.2093884e+01 1.16e+00 6.49e+08 -11.0 1.63e+00    -  1.00e+00 1.25e-01h  4
1088  1.2509236e+01 1.05e+00 3.28e+09 -11.0 8.83e-01    -  1.00e+00 1.25e-01h  4
1089  1.3261010e+01 9.44e-01 2.45e+09 -11.0 8.81e-01    -  1.00e+00 1.25e-01h  4
iter    objective    inf_pr   inf_du lg(mu)  ||d||  lg(rg) alpha_du alpha_pr  ls
1090  1.3332176e+01 9.41e-01 2.44e+09 -11.0 1.04e+00    -  1.00e+00 3.91e-03h  9
1091  1.3411301e+01 9.29e-01 2.39e+09 -11.0 1.74e+00    -  1.00e+00 1.56e-02h  7
1092  1.3498578e+01 9.16e-01 2.39e+09 -11.0 1.07e+00    -  1.00e+00 1.56e-02h  7
1093  1.3552125e+01 9.10e-01 2.38e+09 -11.0 1.15e+00    -  1.00e+00 7.81e-03h  8
1094  1.3686559e+01 8.99e-01 2.63e+09 -11.0 1.04e+00    -  1.00e+00 1.56e-02h  7
1095  3.2731347e+01 1.79e+01 5.52e+11 -11.0 8.68e-01    -  1.00e+00 1.00e+00w  1
1096  2.2533369e+01 8.87e+01 3.15e+13 -11.0 1.16e+00    -  1.00e+00 1.00e+00w  1
1097  2.5134260e+01 2.87e+02 2.55e+11 -11.0 1.15e+00    -  1.00e+00 1.00e+00w  1
1098  1.3833108e+01 8.90e-01 2.56e+09 -11.0 2.26e+00    -  1.00e+00 1.56e-02h  6
1099  1.5455886e+01 1.08e+00 2.15e+10 -11.0 8.61e-01    -  1.00e+00 1.25e-01h  4
iter    objective    inf_pr   inf_du lg(mu)  ||d||  lg(rg) alpha_du alpha_pr  ls
1100  1.5631620e+01 1.05e+00 2.20e+10 -11.0 6.92e-01    -  1.00e+00 3.12e-02h  6
1101  1.5749629e+01 1.04e+00 2.39e+10 -11.0 1.09e+00    -  1.00e+00 1.56e-02h  7
1102  1.6004372e+01 1.04e+00 2.37e+10 -11.0 1.43e+00    -  1.00e+00 3.12e-02h  6
1103  1.6056742e+01 1.03e+00 2.91e+10 -11.0 1.14e+00    -  1.00e+00 7.81e-03h  8
1104  1.4806578e+01 9.55e-01 2.00e+10 -11.0 1.43e+00    -  1.00e+00 6.25e-02f  5
1105  1.4991014e+01 9.42e-01 1.85e+10 -11.0 1.19e+00    -  1.00e+00 1.56e-02h  7
1106  1.5951915e+01 1.25e+00 3.60e+10 -11.0 1.08e+00    -  1.00e+00 1.25e-01h  4
1107  1.6258142e+01 1.21e+00 4.82e+10 -11.0 1.27e+00    -  1.00e+00 3.12e-02h  6
1108  3.3565619e+01 2.15e+01 7.38e+12 -11.0 1.05e+00    -  1.00e+00 1.00e+00w  1
1109  6.6037798e+01 3.18e+02 3.73e+13 -11.0 2.17e+00    -  1.00e+00 1.00e+00w  1
iter    objective    inf_pr   inf_du lg(mu)  ||d||  lg(rg) alpha_du alpha_pr  ls
1110  2.3611932e+02 3.02e+03 1.18e+13 -11.0 4.94e+00    -  1.00e+00 1.00e+00w  1
1111  1.6839741e+01 1.13e+00 7.73e+10 -11.0 1.95e+01    -  1.00e+00 6.25e-02h  4
1112  1.7398364e+01 1.10e+00 8.96e+10 -11.0 1.31e+00    -  1.00e+00 3.12e-02h  6
1113  1.7588940e+01 1.08e+00 7.87e+10 -11.0 1.67e+00    -  1.00e+00 1.56e-02h  7
1114  1.6516114e+01 9.86e-01 7.58e+10 -11.0 1.65e+00    -  1.00e+00 6.25e-02f  5
1115  1.6450349e+01 9.70e-01 7.80e+10 -11.0 8.61e-01    -  1.00e+00 3.12e-02h  6
1116  1.6535499e+01 8.92e-01 7.47e+10 -11.0 8.03e-01    -  1.00e+00 6.25e-02h  5
1117  1.6623250e+01 8.69e-01 7.40e+10 -11.0 7.52e-01    -  1.00e+00 3.12e-02h  6
1118  1.6680829e+01 8.57e-01 7.27e+10 -11.0 7.42e-01    -  1.00e+00 1.56e-02h  7
1119  1.4293824e+01 7.73e-01 4.76e+10 -11.0 1.64e+00    -  1.00e+00 1.25e-01f  4
iter    objective    inf_pr   inf_du lg(mu)  ||d||  lg(rg) alpha_du alpha_pr  ls
1120  1.4962106e+01 6.57e-01 6.26e+10 -11.0 8.85e-01    -  1.00e+00 1.25e-01h  4
1121  2.2657300e+01 6.57e+01 5.97e+11 -11.0 1.08e+00    -  1.00e+00 1.00e+00w  1
1122  7.1435518e+01 8.43e+01 2.75e+12 -11.0 1.90e+00    -  1.00e+00 1.00e+00w  1
1123  5.5769392e+01 5.02e+02 2.19e+04 -11.0 2.87e+00    -  1.00e+00 1.00e+00w  1
1124  1.5275603e+01 5.80e-01 6.22e+10 -11.0 3.01e+00    -  1.00e+00 1.25e-01h  3
1125  1.5542028e+01 5.46e-01 6.73e+10 -11.0 1.03e+00    -  1.00e+00 6.25e-02h  5
1126  1.6266845e+01 5.08e-01 5.74e+10 -11.0 4.67e-01    -  1.00e+00 1.25e-01h  4
1127  1.4774897e+01 5.47e-01 1.88e+11 -11.0 2.72e+00    -  1.00e+00 6.25e-02f  5
1128  1.3801332e+01 6.41e-01 2.47e+11 -11.0 1.49e+00    -  1.00e+00 6.25e-02f  5
1129  1.4057678e+01 6.39e-01 1.91e+11 -11.0 1.33e+00    -  1.00e+00 3.12e-02h  6
iter    objective    inf_pr   inf_du lg(mu)  ||d||  lg(rg) alpha_du alpha_pr  ls
1130  1.4183266e+01 6.31e-01 1.77e+11 -11.0 1.31e+00    -  1.00e+00 1.56e-02h  7
1131  1.4246311e+01 6.27e-01 1.72e+11 -11.0 1.24e+00    -  1.00e+00 7.81e-03h  8
1132  1.5336662e+01 7.09e-01 1.43e+11 -11.0 1.22e+00    -  1.00e+00 1.25e-01h  4
1133  1.5665232e+01 7.12e-01 1.56e+11 -11.0 1.74e+00    -  1.00e+00 6.25e-02h  5
1134  3.0226721e+01 4.22e+02 1.96e+06 -11.0 1.54e+00    -  1.00e+00 1.00e+00w  1
1135  3.6587120e+01 2.64e+02 7.09e+04 -11.0 2.09e+00    -  1.00e+00 1.00e+00w  1
1136  5.3948505e+01 2.63e+02 1.23e+04 -11.0 2.27e+00    -  1.00e+00 1.00e+00w  1
1137  1.5584221e+01 7.94e-01 2.39e+11 -11.0 2.99e+00    -  1.00e+00 6.25e-02h  4
1138  1.5560023e+01 8.75e-01 2.11e+11 -11.0 1.40e+00    -  1.00e+00 6.25e-02h  5
1139  1.3080534e+01 9.91e+01 8.19e+03 -11.0 2.37e+00    -  1.00e+00 1.00e+00f  1
iter    objective    inf_pr   inf_du lg(mu)  ||d||  lg(rg) alpha_du alpha_pr  ls
1140  1.1075791e+01 6.18e+01 9.73e+03 -11.0 3.08e+00    -  1.00e+00 2.50e-01h  3
1141  1.2090221e+01 3.63e+01 3.11e+04 -11.0 1.66e+00    -  1.00e+00 2.50e-01h  3
1142  1.3538568e+01 3.11e+01 2.91e+04 -11.0 1.55e+00    -  1.00e+00 1.25e-01h  4
1143  1.3724343e+01 3.01e+01 2.72e+04 -11.0 1.24e+00    -  1.00e+00 6.25e-02h  5
1144  1.3990696e+01 2.85e+01 1.39e+05 -11.0 9.68e-01    -  1.00e+00 6.25e-02h  5
1145  1.4116925e+01 2.76e+01 1.35e+05 -11.0 1.02e+00    -  1.00e+00 3.12e-02h  6
1146  1.4181075e+01 2.71e+01 1.35e+05 -11.0 1.07e+00    -  1.00e+00 1.56e-02h  7
1147  1.4182771e+01 2.71e+01 1.35e+05 -11.0 1.09e+00    -  1.00e+00 4.88e-04h 12
1148  1.4183085e+01 2.71e+01 1.35e+05 -11.0 1.06e+00    -  1.00e+00 1.22e-04h 14
1149  2.2961445e+01 7.43e+00 3.95e+04 -11.0 1.06e+00    -  1.00e+00 1.00e+00h  1
iter    objective    inf_pr   inf_du lg(mu)  ||d||  lg(rg) alpha_du alpha_pr  ls
1150  2.4377127e+01 1.04e+01 8.32e+04 -11.0 7.70e-01    -  1.00e+00 1.00e+00h  1
1151  1.9098521e+01 9.38e+00 4.80e+05 -11.0 1.80e+00    -  1.00e+00 5.00e-01f  2
1152  1.7007515e+01 2.34e+01 1.10e+04 -11.0 1.35e+00    -  1.00e+00 5.00e-01h  2
1153  1.9063191e+01 3.36e+00 3.18e+06 -11.0 6.78e-01    -  1.00e+00 1.00e+00h  1
1154  2.1524441e+01 2.88e+00 1.18e+06 -11.0 1.31e+00    -  1.00e+00 2.50e-01h  3
1155  2.3160068e+01 1.57e+01 1.13e+06 -11.0 1.57e+00    -  1.00e+00 5.00e-01h  2
1156  2.3030942e+01 1.55e+01 1.09e+06 -11.0 1.32e+00    -  1.00e+00 1.56e-02h  7
1157  1.9937617e+01 2.68e+00 1.50e+05 -11.0 1.77e+00    -  1.00e+00 5.00e-01f  2
1158  2.1536784e+01 7.72e-01 2.13e+04 -11.0 1.80e+00    -  1.00e+00 1.25e-01h  4
1159  2.1788994e+01 7.80e-01 2.23e+04 -11.0 2.38e+00    -  1.00e+00 1.56e-02h  7
iter    objective    inf_pr   inf_du lg(mu)  ||d||  lg(rg) alpha_du alpha_pr  ls
1160  2.2652270e+01 7.90e-01 2.37e+05 -11.0 2.63e+00    -  1.00e+00 3.12e-02h  6
1161  2.2701592e+01 7.91e-01 2.44e+05 -11.0 2.47e+00    -  1.00e+00 1.95e-03h 10
1162  2.2751888e+01 7.91e-01 2.53e+05 -11.0 2.47e+00    -  1.00e+00 1.95e-03h 10
1163  2.2803726e+01 7.91e-01 2.61e+05 -11.0 2.50e+00    -  1.00e+00 1.95e-03h 10
1164  1.6279795e+02 2.09e+03 1.98e+06 -11.0 2.55e+00    -  1.00e+00 1.00e+00w  1
1165  1.0578321e+02 2.15e+03 5.11e+04 -11.0 4.41e+00    -  1.00e+00 1.00e+00w  1
1166  6.3378399e+01 1.27e+03 4.40e+03 -11.0 3.24e+00    -  1.00e+00 1.00e+00w  1
1167  2.2857220e+01 7.91e-01 2.70e+05 -11.0 1.42e+00    -  1.00e+00 1.95e-03h  9
1168  2.3764737e+01 5.18e-01 2.50e+05 -11.0 2.15e+00    -  1.00e+00 3.12e-02h  6
1169  2.4631625e+01 5.05e-01 2.33e+05 -11.0 1.65e+00    -  1.00e+00 3.12e-02h  6
iter    objective    inf_pr   inf_du lg(mu)  ||d||  lg(rg) alpha_du alpha_pr  ls
1170  2.5122685e+01 4.99e-01 2.10e+05 -11.0 1.78e+00    -  1.00e+00 1.56e-02h  7
1171  2.5159472e+01 4.99e-01 2.10e+05 -11.0 1.86e+00    -  1.00e+00 9.77e-04h 11
1172  2.5196390e+01 4.98e-01 2.09e+05 -11.0 1.86e+00    -  1.00e+00 9.77e-04h 11
1173  2.5233439e+01 4.98e-01 2.08e+05 -11.0 1.86e+00    -  1.00e+00 9.77e-04h 11
1174  2.5240011e+01 4.88e-01 2.78e+05 -11.0 1.84e+00    -  1.00e+00 1.56e-02h  7
1175  2.6500441e+01 3.99e-01 5.44e+05 -11.0 1.36e+00    -  1.00e+00 6.25e-02h  5
1176  2.8384622e+01 3.74e-01 3.82e+05 -11.0 1.18e+00    -  1.00e+00 6.25e-02h  5
1177  9.9082640e+01 7.74e+00 2.36e+08 -11.0 1.34e+00    -  1.00e+00 1.00e+00w  1
1178  8.6609074e+01 1.69e+01 5.05e+09 -11.0 1.11e+00    -  1.00e+00 1.00e+00w  1
1179  7.4071054e+01 7.41e+01 3.53e+10 -11.0 1.07e+00    -  1.00e+00 1.00e+00w  1
iter    objective    inf_pr   inf_du lg(mu)  ||d||  lg(rg) alpha_du alpha_pr  ls
1180  3.3168126e+01 3.57e-01 3.33e+06 -11.0 9.39e-01    -  1.00e+00 1.25e-01h  3
1181  3.0301160e+01 3.34e-01 5.43e+06 -11.0 2.35e+00    -  1.00e+00 6.25e-02f  5
1182  2.9652681e+01 4.50e-01 6.85e+06 -11.0 1.89e+00    -  1.00e+00 6.25e-02f  5
1183  2.9740725e+01 4.42e-01 6.93e+06 -11.0 7.73e-01    -  1.00e+00 1.56e-02h  7
1184  2.9807798e+01 4.39e-01 6.72e+06 -11.0 6.92e-01    -  1.00e+00 7.81e-03h  8
1185  2.9902587e+01 4.35e-01 6.80e+06 -11.0 7.26e-01    -  1.00e+00 7.81e-03h  8
1186  2.9514567e+01 4.27e-01 6.84e+06 -11.0 1.61e+00    -  1.00e+00 1.56e-02f  7
1187  2.9976902e+01 4.32e-01 6.28e+06 -11.0 1.16e+00    -  1.00e+00 6.25e-02h  5
1188  3.0345171e+01 4.19e-01 6.21e+06 -11.0 9.89e-01    -  1.00e+00 3.12e-02h  6
1189  3.0680149e+01 4.13e-01 6.14e+06 -11.0 9.17e-01    -  1.00e+00 3.12e-02h  6
iter    objective    inf_pr   inf_du lg(mu)  ||d||  lg(rg) alpha_du alpha_pr  ls
1190  4.6566159e+01 1.40e+01 1.39e+08 -11.0 8.78e-01    -  1.00e+00 1.00e+00w  1
1191  3.8915472e+01 1.34e+01 8.32e+08 -11.0 1.35e+00    -  1.00e+00 1.00e+00w  1
1192  4.3212009e+01 3.69e+02 5.38e+09 -11.0 1.20e+00    -  1.00e+00 1.00e+00w  1
1193  3.1001364e+01 4.08e-01 4.21e+06 -11.0 3.32e+00    -  1.00e+00 3.12e-02h  5
1194  3.1295429e+01 4.07e-01 7.98e+06 -11.0 6.61e-01    -  1.00e+00 3.12e-02h  6
1195  3.2653627e+01 5.85e-01 5.50e+08 -11.0 5.80e-01    -  1.00e+00 1.25e-01h  4
1196  3.4405928e+01 4.43e-01 3.01e+08 -11.0 6.74e-01    -  1.00e+00 1.25e-01h  4
1197  3.6314422e+01 3.20e-01 1.55e+08 -11.0 4.83e-01    -  1.00e+00 1.25e-01h  4
1198  3.8223586e+01 2.80e-01 1.67e+08 -11.0 6.02e-01    -  1.00e+00 1.25e-01h  4
1199  3.9177996e+01 2.61e-01 1.91e+08 -11.0 7.33e-01    -  1.00e+00 6.25e-02h  5
iter    objective    inf_pr   inf_du lg(mu)  ||d||  lg(rg) alpha_du alpha_pr  ls
1200  4.0190972e+01 2.44e-01 2.22e+08 -11.0 7.91e-01    -  1.00e+00 6.25e-02h  5
1201  4.4233638e+01 1.77e-01 3.65e+08 -11.0 8.09e-01    -  1.00e+00 2.50e-01h  3
1202  4.5421447e+01 1.62e-01 3.36e+08 -11.0 7.80e-01    -  1.00e+00 1.25e-01h  4
1203  5.1605266e+01 1.05e+00 1.08e+10 -11.0 5.04e-01    -  1.00e+00 1.00e+00w  1
1204  4.7600020e+01 9.43e-01 1.13e+10 -11.0 1.00e+00    -  1.00e+00 1.00e+00w  1
1205  5.6895925e+01 3.98e+01 3.80e+05 -11.0 3.02e+00    -  1.00e+00 1.00e+00w  1
1206  4.5956690e+01 1.56e-01 3.16e+08 -11.0 3.77e+00    -  1.00e+00 1.25e-01h  3
1207  4.5861787e+01 1.49e-01 3.46e+08 -11.0 3.82e-01    -  1.00e+00 6.25e-02h  5
1208  4.5790707e+01 1.40e-01 3.90e+08 -11.0 4.21e-01    -  1.00e+00 6.25e-02h  5
1209  4.5833213e+01 1.22e-01 2.33e+09 -11.0 5.75e-01    -  1.00e+00 1.25e-01h  4
iter    objective    inf_pr   inf_du lg(mu)  ||d||  lg(rg) alpha_du alpha_pr  ls
1210  1.2943785e+01 3.93e+00 2.90e+09 -11.0 2.93e+00    -  1.00e+00 5.00e-01f  2
1211  1.9424049e+01 4.46e+00 2.86e+10 -11.0 1.40e+00    -  1.00e+00 5.00e-01h  2
1212  2.1421556e+01 3.87e+00 1.33e+11 -11.0 9.04e-01    -  1.00e+00 1.25e-01h  4
1213  2.1484866e+01 3.85e+00 1.32e+11 -11.0 8.48e-01    -  1.00e+00 3.91e-03h  9
1214  2.1516164e+01 3.84e+00 1.32e+11 -11.0 8.47e-01    -  1.00e+00 1.95e-03h 10
1215  2.1531833e+01 3.84e+00 1.32e+11 -11.0 8.48e-01    -  1.00e+00 9.77e-04h 11
1216  2.5943625e+01 4.48e+01 3.62e+04 -11.0 1.29e+00    -  1.00e+00 1.00e+00w  1
1217  3.1421479e+01 1.76e+01 2.19e+05 -11.0 2.55e+00    -  1.00e+00 1.00e+00w  1
1218  2.7920181e+01 8.94e+00 7.02e+07 -11.0 1.38e+00    -  1.00e+00 1.00e+00w  1
1219  1.9905804e+01 3.02e+00 3.17e+10 -11.0 2.02e+00    -  1.00e+00 2.50e-01h  2
iter    objective    inf_pr   inf_du lg(mu)  ||d||  lg(rg) alpha_du alpha_pr  ls
1220  2.1147138e+01 1.87e+00 1.78e+11 -11.0 1.17e+00    -  1.00e+00 5.00e-01h  2
1221  2.5572089e+01 8.76e-01 2.14e+11 -11.0 9.83e-01    -  1.00e+00 5.00e-01h  2
1222  2.6134869e+01 5.57e-01 1.87e+11 -11.0 9.44e-01    -  1.00e+00 2.50e-01h  3
1223  2.6228773e+01 5.49e-01 1.58e+11 -11.0 1.08e+00    -  1.00e+00 1.56e-02h  7
1224  2.6330952e+01 5.45e-01 1.49e+11 -11.0 1.20e+00    -  1.00e+00 7.81e-03h  8
1225  2.6510461e+01 5.35e-01 1.38e+11 -11.0 1.20e+00    -  1.00e+00 1.56e-02h  7
1226  2.6917877e+01 5.11e-01 1.16e+11 -11.0 1.21e+00    -  1.00e+00 3.12e-02h  6
1227  2.9007799e+01 4.43e-01 3.25e+10 -11.0 1.05e+00    -  1.00e+00 1.25e-01h  4
1228  3.1939724e+01 4.14e-01 4.31e+10 -11.0 1.41e+00    -  1.00e+00 1.25e-01h  4
1229  8.0176689e+01 2.46e+02 4.83e+12 -11.0 1.76e+00    -  1.00e+00 1.00e+00w  1
iter    objective    inf_pr   inf_du lg(mu)  ||d||  lg(rg) alpha_du alpha_pr  ls
1230  3.9886509e+01 2.32e+02 7.74e+11 -11.0 2.14e+00    -  1.00e+00 1.00e+00w  1
1231  5.7330677e+01 2.36e+02 2.00e+13 -11.0 1.03e+00    -  1.00e+00 1.00e+00w  1
1232  3.3034522e+01 4.18e-01 6.65e+10 -11.0 9.95e-01    -  1.00e+00 6.25e-02h  4
1233  3.5096193e+01 4.30e-01 1.12e+11 -11.0 1.33e+00    -  1.00e+00 1.25e-01h  4
1234  3.5629121e+01 4.17e-01 1.11e+11 -11.0 1.01e+00    -  1.00e+00 3.12e-02h  6
1235  3.5904429e+01 4.11e-01 1.09e+11 -11.0 9.65e-01    -  1.00e+00 1.56e-02h  7
1236  3.6189129e+01 4.05e-01 1.08e+11 -11.0 9.51e-01    -  1.00e+00 1.56e-02h  7
1237  3.3916497e+01 4.51e-01 7.14e+10 -11.0 2.32e+00    -  1.00e+00 6.25e-02f  5
1238  3.4008456e+01 4.49e-01 9.48e+10 -11.0 9.84e-01    -  1.00e+00 3.12e-02h  6
1239  3.4081496e+01 4.44e-01 1.08e+11 -11.0 9.78e-01    -  1.00e+00 1.56e-02h  7
iter    objective    inf_pr   inf_du lg(mu)  ||d||  lg(rg) alpha_du alpha_pr  ls
1240  3.4220466e+01 4.38e-01 1.16e+11 -11.0 7.70e-01    -  1.00e+00 1.56e-02h  7
1241  3.3830763e+01 4.35e-01 1.41e+11 -11.0 2.86e+00    -  1.00e+00 1.56e-02f  7
1242  5.3384440e+01 1.19e+02 5.74e+12 -11.0 9.38e-01    -  1.00e+00 1.00e+00w  1
1243  5.1030691e+01 1.35e+02 1.13e+13 -11.0 2.39e+00    -  1.00e+00 1.00e+00w  1
1244  7.7447236e+01 1.03e+02 1.46e+13 -11.0 9.36e-01    -  1.00e+00 1.00e+00w  1
1245  3.4086994e+01 4.32e-01 1.56e+11 -11.0 3.32e+00    -  1.00e+00 3.12e-02h  5
1246  3.4306047e+01 4.27e-01 1.71e+11 -11.0 9.68e-01    -  1.00e+00 3.12e-02h  6
1247  3.4349519e+01 4.24e-01 1.73e+11 -11.0 8.71e-01    -  1.00e+00 7.81e-03h  8
1248  3.3829140e+01 4.19e-01 1.91e+11 -11.0 2.43e+00    -  1.00e+00 1.56e-02f  7
1249  3.3772818e+01 4.16e-01 2.22e+11 -11.0 1.22e+00    -  1.00e+00 3.12e-02h  6
iter    objective    inf_pr   inf_du lg(mu)  ||d||  lg(rg) alpha_du alpha_pr  ls
1250  3.3474956e+01 4.11e-01 2.43e+11 -11.0 1.61e+00    -  1.00e+00 1.56e-02f  7
1251  3.3433991e+01 4.09e-01 2.46e+11 -11.0 1.16e+00    -  1.00e+00 3.91e-03h  9
1252  1.9130529e+01 1.61e+02 1.10e+12 -11.0 2.60e+00    -  1.00e+00 5.00e-01f  2
1253  3.3683856e+01 7.69e+01 1.21e+11 -11.0 1.68e+00    -  1.00e+00 1.00e+00h  1
1254  7.3806909e+01 9.45e+01 6.01e+11 -11.0 1.65e+00    -  1.00e+00 5.00e-01h  2
1255  8.6076463e+01 1.32e+02 8.02e+12 -11.0 9.99e-01    -  1.00e+00 1.00e+00h  1
1256  8.9041311e+01 3.80e+02 1.10e+13 -11.0 1.70e+00    -  1.00e+00 2.50e-01h  3
1257  3.1819981e+01 4.72e+02 8.49e+11 -11.0 2.76e+00    -  1.00e+00 5.00e-01f  2
1258  4.5167022e+01 1.29e+02 6.00e+11 -11.0 1.27e+00    -  1.00e+00 1.00e+00h  1
1259  5.3569074e+01 1.44e+00 1.10e+10 -11.0 4.47e-01    -  1.00e+00 1.00e+00h  1
iter    objective    inf_pr   inf_du lg(mu)  ||d||  lg(rg) alpha_du alpha_pr  ls
1260  5.4974050e+01 1.41e+00 1.69e+10 -11.0 5.09e-01    -  1.00e+00 6.25e-02h  5
1261  6.8506095e+01 1.66e+00 5.51e+11 -11.0 7.25e-01    -  1.00e+00 5.00e-01h  2
1262  6.9778503e+01 1.55e+00 4.41e+11 -11.0 9.01e-01    -  1.00e+00 6.25e-02h  5
1263  7.3504945e+01 1.46e+00 3.91e+11 -11.0 1.11e+00    -  1.00e+00 6.25e-02h  5
1264  7.3791691e+01 1.43e+00 3.80e+11 -11.0 8.36e-01    -  1.00e+00 1.56e-02h  7
1265  7.6064702e+01 1.34e+00 3.73e+11 -11.0 9.07e-01    -  1.00e+00 6.25e-02h  5
1266  7.6556751e+01 1.32e+00 3.71e+11 -11.0 8.37e-01    -  1.00e+00 1.56e-02h  7
1267  7.9796312e+01 1.16e+00 2.83e+11 -11.0 9.24e-01    -  1.00e+00 1.25e-01h  4
1268  8.2482324e+01 1.01e+00 2.17e+11 -11.0 8.09e-01    -  1.00e+00 1.25e-01h  4
1269  8.3979875e+01 9.50e-01 1.87e+11 -11.0 6.46e-01    -  1.00e+00 6.25e-02h  5
iter    objective    inf_pr   inf_du lg(mu)  ||d||  lg(rg) alpha_du alpha_pr  ls
1270  1.1569869e+02 5.40e+00 5.47e+11 -11.0 6.58e-01    -  1.00e+00 1.00e+00w  1
1271  1.6441313e+02 2.52e+02 6.97e+12 -11.0 1.42e+00    -  1.00e+00 1.00e+00w  1
1272  2.2517214e+02 8.93e+01 2.10e+10 -11.0 5.41e-01    -  1.00e+00 1.00e+00w  1
1273  8.5638021e+01 8.91e-01 1.67e+11 -11.0 3.99e-01    -  1.00e+00 6.25e-02h  4
1274  2.5703349e+01 2.31e+02 3.13e+11 -11.0 2.28e+00    -  1.00e+00 5.00e-01f  2
1275  2.8566876e+01 2.00e+02 2.53e+11 -11.0 1.65e+00    -  1.00e+00 1.25e-01h  4
1276  3.6788612e+01 8.14e+01 1.68e+11 -11.0 1.29e+00    -  1.00e+00 5.00e-01h  2
1277  4.9970763e+01 3.23e+01 5.51e+11 -11.0 7.64e-01    -  1.00e+00 5.00e-01h  2
1278  1.0442788e+01 7.45e+01 1.31e+12 -11.0 3.29e+00    -  1.00e+00 5.00e-01f  2
1279  1.0437607e+01 7.27e+01 1.35e+12 -11.0 1.88e+00    -  1.00e+00 3.12e-02h  6
iter    objective    inf_pr   inf_du lg(mu)  ||d||  lg(rg) alpha_du alpha_pr  ls
1280  1.0457412e+01 7.18e+01 1.37e+12 -11.0 2.18e+00    -  1.00e+00 1.56e-02h  7
1281  1.0499209e+01 7.10e+01 1.40e+12 -11.0 2.27e+00    -  1.00e+00 1.56e-02h  7
1282  1.0558343e+01 7.01e+01 1.42e+12 -11.0 2.36e+00    -  1.00e+00 1.56e-02h  7
1283  6.8739650e+01 2.56e+03 4.11e+04 -11.0 2.40e+00    -  1.00e+00 1.00e+00w  1
1284  4.3337158e+01 3.62e+03 4.43e+03 -11.0 3.31e+00    -  1.00e+00 1.00e+00w  1
1285  1.0820631e+02 6.81e+02 3.98e+04 -11.0 2.85e+00    -  1.00e+00 1.00e+00w  1
1286  1.0740527e+01 6.87e+01 1.44e+12 -11.0 9.63e-01    -  1.00e+00 3.12e-02h  5
1287  1.1191123e+01 6.71e+01 1.42e+12 -11.0 2.06e+00    -  1.00e+00 3.12e-02h  6
1288  1.1749283e+01 6.55e+01 1.40e+12 -11.0 1.93e+00    -  1.00e+00 3.12e-02h  6
1289  1.3072185e+01 5.89e+01 1.24e+12 -11.0 1.50e+00    -  1.00e+00 1.25e-01h  4
iter    objective    inf_pr   inf_du lg(mu)  ||d||  lg(rg) alpha_du alpha_pr  ls
1290  1.5043126e+01 5.47e+01 1.08e+12 -11.0 1.57e+00    -  1.00e+00 1.25e-01h  4
1291  2.0264255e+01 1.48e+01 1.44e+12 -11.0 1.26e+00    -  1.00e+00 2.50e-01h  3
1292  2.1071419e+01 1.35e+01 1.28e+12 -11.0 9.51e-01    -  1.00e+00 6.25e-02h  5
1293  1.8057334e+01 1.94e+02 6.84e+11 -11.0 1.67e+00    -  1.00e+00 2.50e-01h  3
1294  1.9088671e+01 1.81e+02 5.07e+11 -11.0 1.43e+00    -  1.00e+00 6.25e-02h  5
1295  1.9202778e+01 1.80e+02 4.79e+11 -11.0 1.78e+00    -  1.00e+00 7.81e-03h  8
1296  9.8951994e+01 2.27e+02 8.10e+12 -11.0 2.60e+00    -  1.00e+00 1.00e+00w  1
1297  8.2939437e+01 1.86e+03 2.64e+04 -11.0 2.85e+00    -  1.00e+00 1.00e+00w  1
1298  5.5628473e+01 1.21e+03 8.59e+05 -11.0 1.94e+00    -  1.00e+00 1.00e+00w  1
1299  1.9857350e+01 1.73e+02 3.84e+11 -11.0 9.45e-01    -  1.00e+00 3.12e-02h  5
iter    objective    inf_pr   inf_du lg(mu)  ||d||  lg(rg) alpha_du alpha_pr  ls
1300  3.4944023e+01 6.87e+01 1.30e+12 -11.0 2.57e+00    -  1.00e+00 2.50e-01h  3
1301  3.8972017e+01 4.90e+01 1.13e+12 -11.0 1.14e+00    -  1.00e+00 1.25e-01h  4
1302  4.0580005e+01 4.70e+01 1.23e+12 -11.0 1.19e+00    -  1.00e+00 3.12e-02h  6
1303  5.8878214e+01 3.93e+01 1.07e+12 -11.0 1.31e+00    -  1.00e+00 2.50e-01h  3
1304  7.9185911e+01 2.15e+01 6.25e+11 -11.0 1.00e+00    -  1.00e+00 2.50e-01h  3
1305  8.7093988e+01 1.79e+01 1.10e+12 -11.0 9.68e-01    -  1.00e+00 1.25e-01h  4
1306  1.1828881e+02 1.15e+01 3.70e+11 -11.0 7.43e-01    -  1.00e+00 5.00e-01h  2
1307  1.2428875e+02 7.69e+00 2.80e+11 -11.0 3.72e-01    -  1.00e+00 2.50e-01h  3
1308  1.3325508e+02 2.42e+01 3.87e+11 -11.0 1.95e-01    -  1.00e+00 1.00e+00h  1
1309  1.2907977e+02 1.49e+01 2.41e+11 -11.0 2.52e-01    -  1.00e+00 5.00e-01h  2
iter    objective    inf_pr   inf_du lg(mu)  ||d||  lg(rg) alpha_du alpha_pr  ls
1310  1.3183081e+02 3.76e+00 1.42e+11 -11.0 1.79e-01    -  1.00e+00 1.00e+00h  1
1311  1.3391892e+02 8.73e+00 9.65e+10 -11.0 2.14e-01    -  1.00e+00 5.00e-01h  2
1312  1.1951432e+02 2.09e+01 3.35e+11 -11.0 2.18e-01    -  1.00e+00 1.00e+00f  1
1313  1.1728338e+02 7.21e+00 1.66e+11 -11.0 2.24e-01    -  1.00e+00 5.00e-01h  2
1314  1.1748158e+02 3.16e+00 7.27e+10 -11.0 2.07e-01    -  1.00e+00 5.00e-01h  2
1315  1.1419373e+02 5.98e+00 1.04e+11 -11.0 5.37e-01    -  1.00e+00 1.00e+00h  1
1316  1.1269590e+02 4.36e+00 9.16e+10 -11.0 6.33e-01    -  1.00e+00 5.00e-01h  2
1317  1.1483763e+02 5.34e+00 2.60e+10 -11.0 4.00e-01    -  1.00e+00 1.00e+00h  1
1318  1.1362065e+02 3.10e+00 6.74e+10 -11.0 2.81e-01    -  1.00e+00 5.00e-01h  2
1319  1.1341207e+02 3.22e+01 8.96e+10 -11.0 1.68e-01    -  1.00e+00 1.00e+00h  1
iter    objective    inf_pr   inf_du lg(mu)  ||d||  lg(rg) alpha_du alpha_pr  ls
1320  1.1360553e+02 2.77e+01 1.65e+12 -11.0 2.04e-01    -  1.00e+00 5.00e-01h  2
1321  1.1361035e+02 1.97e+01 1.04e+12 -11.0 2.22e-01    -  1.00e+00 2.50e-01h  3
1322  1.1361801e+02 1.91e+01 9.89e+11 -11.0 1.67e-01    -  1.00e+00 3.12e-02h  6
1323  1.1361939e+02 1.90e+01 9.83e+11 -11.0 1.68e-01    -  1.00e+00 3.91e-03h  9
1324  1.1362011e+02 1.89e+01 9.80e+11 -11.0 1.68e-01    -  1.00e+00 1.95e-03h 10
1325  5.4152672e+01 1.02e+01 4.48e+11 -11.0 3.80e+00    -  1.00e+00 2.50e-01f  3
1326  8.0392515e+01 9.08e+00 9.58e+10 -11.0 1.07e+00    -  1.00e+00 5.00e-01h  2
1327  1.1260405e+02 1.16e+01 1.45e+11 -11.0 8.29e-01    -  1.00e+00 5.00e-01h  2
1328  1.5171740e+02 3.75e+00 1.57e+10 -11.0 4.02e-01    -  1.00e+00 1.00e+00h  1
1329  3.8730733e+01 2.56e+02 4.05e+10 -11.0 4.16e+00    -  1.00e+00 5.00e-01f  2
iter    objective    inf_pr   inf_du lg(mu)  ||d||  lg(rg) alpha_du alpha_pr  ls
1330  3.2327283e+01 2.95e+02 4.19e+10 -11.0 1.89e+00    -  1.00e+00 5.00e-01h  2
1331  3.5253367e+01 3.28e+02 1.29e+11 -11.0 1.18e+00    -  1.00e+00 1.00e+00h  1
1332  3.9855970e+01 1.52e+02 3.81e+11 -11.0 1.16e+00    -  1.00e+00 1.00e+00h  1
1333  4.5809176e+01 8.16e+01 9.86e+10 -11.0 1.49e+00    -  1.00e+00 5.00e-01h  2
1334  4.2449376e+01 1.06e+02 3.86e+11 -11.0 1.93e+00    -  1.00e+00 2.50e-01h  3
1335  5.3615976e+01 2.30e+01 7.74e+11 -11.0 8.57e-01    -  1.00e+00 1.00e+00h  1
1336  5.2721670e+01 7.28e+00 3.91e+11 -11.0 4.65e-01    -  1.00e+00 5.00e-01h  2
1337  5.2629411e+01 6.29e+00 2.68e+11 -11.0 8.03e-01    -  1.00e+00 5.00e-01h  2
1338  4.2968452e+01 4.35e+01 4.41e+11 -11.0 1.34e+00    -  1.00e+00 5.00e-01f  2
1339  4.6076699e+01 1.82e+01 3.53e+11 -11.0 1.23e+00    -  1.00e+00 5.00e-01h  2
iter    objective    inf_pr   inf_du lg(mu)  ||d||  lg(rg) alpha_du alpha_pr  ls
1340  5.0996187e+01 8.03e+00 1.45e+11 -11.0 9.27e-01    -  1.00e+00 5.00e-01h  2
1341  5.1694694e+01 6.88e+00 1.27e+11 -11.0 9.84e-01    -  1.00e+00 5.00e-01h  2
1342  5.4280365e+01 1.35e+00 5.69e+11 -11.0 4.48e-01    -  1.00e+00 1.00e+00h  1
1343  5.2507052e+01 3.05e+00 6.27e+11 -11.0 8.84e-01    -  1.00e+00 2.50e-01h  3
1344  5.3887557e+01 7.60e-01 3.45e+11 -11.0 7.79e-01    -  1.00e+00 2.50e-01h  3
1345  5.3834939e+01 7.27e-01 4.41e+11 -11.0 4.48e-01    -  1.00e+00 1.25e-01h  4
1346  5.3872754e+01 7.24e-01 4.35e+11 -11.0 7.62e-01    -  1.00e+00 3.91e-03h  9
1347  5.3882184e+01 7.23e-01 4.34e+11 -11.0 7.61e-01    -  1.00e+00 9.77e-04h 11
1348  5.3886896e+01 7.23e-01 4.33e+11 -11.0 7.60e-01    -  1.00e+00 4.88e-04h 12
1349  4.7405858e+01 7.75e+00 3.83e+11 -11.0 1.54e+00    -  1.00e+00 5.00e-01f  2
iter    objective    inf_pr   inf_du lg(mu)  ||d||  lg(rg) alpha_du alpha_pr  ls
1350  4.3527818e+01 6.95e+00 8.51e+10 -11.0 1.07e+00    -  1.00e+00 5.00e-01h  2
1351  4.5689164e+01 6.43e+00 4.58e+10 -11.0 1.35e+00    -  1.00e+00 2.50e-01h  3
1352  4.7378773e+01 5.88e+00 2.22e+10 -11.0 8.50e-01    -  1.00e+00 1.25e-01h  4
1353  6.9663916e+01 3.32e+00 7.31e+12 -11.0 1.03e+00    -  1.00e+00 1.00e+00w  1
1354  5.9220044e+01 4.27e+01 2.28e+12 -11.0 1.31e+00    -  1.00e+00 1.00e+00w  1
1355  6.6351536e+01 2.55e+02 4.27e+13 -11.0 1.08e+00    -  1.00e+00 1.00e+00w  1
1356  4.7393094e+01 5.87e+00 2.21e+10 -11.0 7.12e-01    -  1.00e+00 9.77e-04h 10
1357  4.7399872e+01 5.87e+00 2.21e+10 -11.0 1.06e+00    -  1.00e+00 4.88e-04h 12
1358  4.7403249e+01 5.87e+00 2.21e+10 -11.0 1.07e+00    -  1.00e+00 2.44e-04h 13
1359  4.7404935e+01 5.87e+00 2.21e+10 -11.0 1.07e+00    -  1.00e+00 1.22e-04h 14
iter    objective    inf_pr   inf_du lg(mu)  ||d||  lg(rg) alpha_du alpha_pr  ls
1360  4.0347164e+01 2.65e+01 3.05e+11 -11.0 1.93e+00    -  1.00e+00 5.00e-01f  2
1361  2.6129764e+01 6.56e+01 1.15e+12 -11.0 2.78e+00    -  1.00e+00 5.00e-01f  2
1362  2.5868151e+01 4.14e+02 1.63e+12 -11.0 7.89e-01    -  1.00e+00 1.00e+00h  1
1363  3.2564716e+01 6.35e+01 2.00e+10 -11.0 1.01e+00    -  1.00e+00 1.00e+00h  1
1364  3.3495001e+01 2.00e+01 8.68e+09 -11.0 7.74e-01    -  1.00e+00 2.50e-01h  3
1365  3.1704352e+01 2.34e+01 1.57e+11 -11.0 5.72e-01    -  1.00e+00 2.50e-01h  3
1366  3.1251916e+01 2.76e+01 1.07e+11 -11.0 3.07e-01    -  1.00e+00 5.00e-01h  2
1367  2.5692299e+01 5.42e+01 6.46e+05 -11.0 2.06e+00    -  1.00e+00 1.00e+00f  1
1368  2.3794160e+01 1.76e+03 4.62e+05 -11.0 7.68e-01    -  1.00e+00 1.00e+00h  1
1369  1.5892003e+01 5.07e+02 7.15e+06 -11.0 1.19e+00    -  1.00e+00 1.00e+00h  1
iter    objective    inf_pr   inf_du lg(mu)  ||d||  lg(rg) alpha_du alpha_pr  ls
1370  1.7403428e+01 4.42e+02 9.71e+06 -11.0 5.82e-01    -  1.00e+00 5.00e-01h  2
1371  1.9513690e+01 9.99e+01 1.62e+07 -11.0 3.84e-01    -  1.00e+00 5.00e-01h  2
1372  1.6046170e+01 2.04e+01 2.87e+07 -11.0 6.04e-01    -  1.00e+00 1.00e+00h  1
1373  1.6403897e+01 3.21e+00 2.72e+07 -11.0 4.47e-01    -  1.00e+00 1.25e-01h  4
1374  1.5872938e+01 8.50e+00 7.40e+07 -11.0 9.67e-01    -  1.00e+00 2.50e-01h  3
1375  1.5681062e+01 3.24e+01 2.38e+10 -11.0 3.01e-01    -  1.00e+00 1.00e+00h  1
1376  1.5858140e+01 2.47e+01 2.03e+10 -11.0 2.88e-01    -  1.00e+00 2.50e-01h  3
1377  1.5868874e+01 2.43e+01 2.00e+10 -11.0 2.22e-01    -  1.00e+00 1.56e-02h  7
1378  1.5871631e+01 2.42e+01 1.99e+10 -11.0 2.20e-01    -  1.00e+00 3.91e-03h  9
1379  1.5872371e+01 2.42e+01 1.99e+10 -11.0 2.20e-01    -  1.00e+00 9.77e-04h 11
iter    objective    inf_pr   inf_du lg(mu)  ||d||  lg(rg) alpha_du alpha_pr  ls
1380  1.3901160e+01 3.77e+02 5.00e+03 -11.0 1.62e+00    -  1.00e+00 1.00e+00f  1
1381  1.0033847e+01 3.07e+01 1.84e+04 -11.0 1.12e+00    -  1.00e+00 1.00e+00h  1
1382  1.0287700e+01 3.07e+01 1.47e+04 -11.0 1.05e+00    -  1.00e+00 1.25e-01h  4
1383  1.1789050e+01 2.72e+01 1.17e+04 -11.0 8.20e-01    -  1.00e+00 5.00e-01h  2
1384  1.4181929e+01 2.43e+01 5.94e+03 -11.0 1.44e+00    -  1.00e+00 2.50e-01h  3
1385  1.5083108e+01 2.23e+01 5.22e+03 -11.0 1.03e+00    -  1.00e+00 1.25e-01h  4
1386  1.5456818e+01 2.10e+01 4.43e+03 -11.0 8.42e-01    -  1.00e+00 6.25e-02h  5
1387  1.5036820e+01 6.59e+00 9.79e+03 -11.0 1.68e+00    -  1.00e+00 5.00e-01h  2
1388  1.3527062e+01 2.91e+00 2.11e+03 -11.0 1.08e+00    -  1.00e+00 5.00e-01h  2
1389  1.3612098e+01 2.55e+00 3.69e+02 -11.0 1.25e+00    -  1.00e+00 1.25e-01h  4
iter    objective    inf_pr   inf_du lg(mu)  ||d||  lg(rg) alpha_du alpha_pr  ls
1390  1.3647539e+01 2.39e+00 8.21e+02 -11.0 7.88e-01    -  1.00e+00 6.25e-02h  5
1391  1.3653265e+01 2.24e+00 3.05e+02 -11.0 9.29e-01    -  1.00e+00 6.25e-02h  5
1392  2.1210297e+01 1.96e+01 1.62e+05 -11.0 1.61e+00    -  1.00e+00 1.00e+00w  1
1393  5.2001840e+01 1.80e+02 6.14e+06 -11.0 1.77e+00    -  1.00e+00 1.00e+00w  1
1394  6.0881710e+01 5.08e+01 1.45e+07 -11.0 1.97e+00    -  1.00e+00 1.00e+00w  1
1395  1.3651607e+01 2.17e+00 1.02e+03 -11.0 1.68e+00    -  1.00e+00 3.12e-02h  5
1396  1.3675285e+01 2.04e+00 3.95e+03 -11.0 1.86e+00    -  1.00e+00 6.25e-02h  5
1397  1.3699026e+01 1.97e+00 5.12e+03 -11.0 1.81e+00    -  1.00e+00 3.12e-02h  6
1398  1.2734264e+01 1.87e+00 2.37e+04 -11.0 2.29e+00    -  1.00e+00 2.50e-01f  3
1399  1.3052641e+01 1.61e+00 2.04e+04 -11.0 1.22e+00    -  1.00e+00 1.25e-01h  4
iter    objective    inf_pr   inf_du lg(mu)  ||d||  lg(rg) alpha_du alpha_pr  ls
1400  1.3453818e+01 1.53e+00 1.81e+04 -11.0 1.79e+00    -  1.00e+00 6.25e-02h  5
1401  1.3512332e+01 1.48e+00 1.72e+04 -11.0 8.91e-01    -  1.00e+00 3.12e-02h  6
1402  1.3523191e+01 1.47e+00 1.70e+04 -11.0 9.22e-01    -  1.00e+00 7.81e-03h  8
1403  1.2652590e+01 4.51e+00 1.52e+04 -11.0 1.43e+00    -  1.00e+00 2.50e-01h  3
1404  1.3126495e+01 3.50e+00 1.04e+04 -11.0 6.53e-01    -  1.00e+00 1.25e-01h  4
1405  2.6769667e+01 8.57e+00 1.12e+07 -11.0 1.61e+00    -  1.00e+00 1.00e+00w  1
1406  2.0485781e+01 7.64e+01 4.13e+05 -11.0 1.02e+00    -  1.00e+00 1.00e+00w  1
1407  2.6917716e+01 1.33e+02 1.08e+08 -11.0 1.37e+00    -  1.00e+00 1.00e+00w  1
1408  1.7897698e+01 9.07e-01 1.05e+05 -11.0 1.67e+00    -  1.00e+00 5.00e-01h  1
1409  1.7896561e+01 8.45e-01 6.65e+04 -11.0 1.25e+00    -  1.00e+00 6.25e-02h  5
iter    objective    inf_pr   inf_du lg(mu)  ||d||  lg(rg) alpha_du alpha_pr  ls
1410  1.8116479e+01 8.18e-01 5.83e+04 -11.0 1.62e+00    -  1.00e+00 3.12e-02h  6
1411  2.1917545e+01 7.11e-01 4.33e+05 -11.0 2.07e+00    -  1.00e+00 2.50e-01h  3
1412  2.2468827e+01 5.73e-01 5.42e+05 -11.0 1.13e+00    -  1.00e+00 1.25e-01h  4
1413  2.3055414e+01 5.41e-01 1.18e+06 -11.0 8.91e-01    -  1.00e+00 2.50e-01h  3
1414  1.9821341e+01 1.59e+00 1.41e+06 -11.0 1.59e+00    -  1.00e+00 5.00e-01f  2
1415  1.8223915e+01 8.61e-01 3.82e+05 -11.0 2.33e+00    -  1.00e+00 5.00e-01f  2
1416  1.8300758e+01 8.48e-01 3.85e+05 -11.0 1.27e+00    -  1.00e+00 1.56e-02h  7
1417  1.9286604e+01 7.42e-01 5.29e+05 -11.0 1.21e+00    -  1.00e+00 1.25e-01h  4
1418  1.9620564e+01 6.95e-01 5.01e+05 -11.0 8.18e-01    -  1.00e+00 6.25e-02h  5
1419  2.3578788e+01 1.58e+02 3.55e+05 -11.0 3.96e+00    -  1.00e+00 1.00e+00w  1
iter    objective    inf_pr   inf_du lg(mu)  ||d||  lg(rg) alpha_du alpha_pr  ls
1420  2.2099486e+01 4.25e+01 2.14e+07 -11.0 1.77e+00    -  1.00e+00 1.00e+00w  1
1421  2.5585949e+01 6.25e+01 6.72e+08 -11.0 2.51e+00    -  1.00e+00 1.00e+00w  1
1422  1.1897580e+01 2.11e+01 1.63e+06 -11.0 1.35e+00    -  1.00e+00 5.00e-01f  1
1423  1.3000937e+01 1.45e+01 1.60e+07 -11.0 1.75e+00    -  1.00e+00 5.00e-01h  2
1424  1.2915343e+01 1.40e+01 4.25e+07 -11.0 8.56e-01    -  1.00e+00 1.25e-01h  4
1425  1.3104143e+01 1.09e+01 3.99e+09 -11.0 6.89e-01    -  1.00e+00 2.50e-01h  3
1426  1.3505532e+01 9.30e+00 3.20e+09 -11.0 7.43e-01    -  1.00e+00 1.25e-01h  4
1427  1.3519571e+01 9.28e+00 3.18e+09 -11.0 9.38e-01    -  1.00e+00 1.95e-03h 10
1428  1.3523051e+01 9.28e+00 3.18e+09 -11.0 9.28e-01    -  1.00e+00 4.88e-04h 12
1429  1.3523160e+01 9.28e+00 3.18e+09 -11.0 9.25e-01    -  1.00e+00 1.53e-05h 17
iter    objective    inf_pr   inf_du lg(mu)  ||d||  lg(rg) alpha_du alpha_pr  ls
1430  1.3143883e+01 1.92e+01 6.37e+10 -11.0 1.12e+00    -  1.00e+00 2.50e-01h  3
1431  1.3175446e+01 1.89e+01 5.54e+10 -11.0 1.05e+00    -  1.00e+00 6.25e-02h  5
1432  1.3971997e+01 4.00e+00 6.20e+10 -11.0 1.05e+00    -  1.00e+00 2.50e-01h  3
1433  1.3953887e+01 1.02e+02 5.76e+10 -11.0 5.77e-01    -  1.00e+00 1.00e+00w  1
1434  2.7707533e+01 7.57e+01 2.51e+11 -11.0 8.41e-01    -  1.00e+00 1.00e+00w  1
1435  2.0623028e+01 2.64e+02 5.77e+11 -11.0 1.76e+00    -  1.00e+00 1.00e+00w  1
1436  1.3466149e+01 1.72e+01 3.78e+10 -11.0 2.22e+00    -  1.00e+00 5.00e-01h  1
1437  1.5968075e+01 6.97e+00 1.35e+11 -11.0 6.96e-01    -  1.00e+00 5.00e-01h  2
1438  1.9490084e+01 2.79e+00 5.88e+10 -11.0 9.32e-01    -  1.00e+00 5.00e-01h  2
1439  7.8657666e+00 2.37e+01 3.35e+10 -11.0 2.56e+00    -  1.00e+00 5.00e-01f  2
iter    objective    inf_pr   inf_du lg(mu)  ||d||  lg(rg) alpha_du alpha_pr  ls
1440  8.1719395e+00 2.04e+01 2.46e+11 -11.0 1.35e+00    -  1.00e+00 2.50e-01h  3
1441  8.1306795e+00 2.02e+01 8.89e+10 -11.0 1.12e+00    -  1.00e+00 6.25e-02h  5
1442  9.6717414e+00 2.36e+01 3.41e+12 -11.0 9.50e-01    -  1.00e+00 5.00e-01h  2
1443  1.2198015e+01 1.65e+01 1.09e+12 -11.0 1.83e+00    -  1.00e+00 2.50e-01h  3
1444  1.2998788e+01 1.62e+01 1.07e+12 -11.0 1.86e+00    -  1.00e+00 3.12e-02h  6
1445  1.3026452e+01 1.60e+01 1.11e+12 -11.0 1.86e+00    -  1.00e+00 1.56e-02h  7
1446  1.3073468e+01 1.59e+01 1.14e+12 -11.0 1.96e+00    -  1.00e+00 1.56e-02h  7
1447  3.8157262e+01 1.55e+03 8.52e+05 -11.0 1.87e+00    -  1.00e+00 1.00e+00w  1
1448  3.1419921e+01 1.13e+03 4.41e+05 -11.0 2.09e+00    -  1.00e+00 1.00e+00w  1
1449  3.4639089e+01 1.29e+03 2.29e+05 -11.0 2.65e+00    -  1.00e+00 1.00e+00w  1
iter    objective    inf_pr   inf_du lg(mu)  ||d||  lg(rg) alpha_du alpha_pr  ls
1450  1.3157660e+01 1.54e+01 1.21e+12 -11.0 2.50e+00    -  1.00e+00 3.12e-02h  5
1451  1.3168047e+01 1.49e+01 1.25e+12 -11.0 2.08e+00    -  1.00e+00 3.12e-02h  6
1452  1.3314941e+01 1.45e+01 1.27e+12 -11.0 1.81e+00    -  1.00e+00 3.12e-02h  6
1453  1.8426429e+01 1.65e+00 1.69e+12 -11.0 1.28e+00    -  1.00e+00 5.00e-01h  2
1454  1.6971388e+01 1.13e+00 7.19e+11 -11.0 5.07e-01    -  1.00e+00 5.00e-01h  2
1455  1.2176066e+01 6.84e+00 5.91e+04 -11.0 2.51e+00    -  1.00e+00 1.00e+00f  1
1456  9.6025891e+00 1.03e+01 1.88e+04 -11.0 1.73e+00    -  1.00e+00 5.00e-01h  2
1457  7.6771449e+00 2.24e+02 1.42e+04 -11.0 7.64e-01    -  1.00e+00 1.00e+00h  1
1458  7.8183697e+00 1.92e+02 1.70e+04 -11.0 1.68e+00    -  1.00e+00 1.25e-01h  4
1459  7.4810735e+00 1.46e+02 1.00e+04 -11.0 1.54e+00    -  1.00e+00 2.50e-01h  3
iter    objective    inf_pr   inf_du lg(mu)  ||d||  lg(rg) alpha_du alpha_pr  ls
1460  7.8502380e+00 8.25e+01 4.75e+03 -11.0 9.56e-01    -  1.00e+00 5.00e-01h  2
1461  7.8608810e+00 8.22e+01 4.70e+03 -11.0 1.15e+00    -  1.00e+00 3.91e-03h  9
1462  7.8633301e+00 8.21e+01 4.68e+03 -11.0 1.12e+00    -  1.00e+00 9.77e-04h 11
1463  1.7550164e+01 2.71e+01 2.45e+06 -11.0 1.12e+00    -  1.00e+00 1.00e+00h  1
1464  1.6037395e+01 3.65e+01 2.56e+05 -11.0 1.00e+00    -  1.00e+00 5.00e-01h  2
1465  1.4896903e+01 2.23e+01 5.94e+05 -11.0 9.16e-01    -  1.00e+00 5.00e-01h  2
1466  1.4947947e+01 2.21e+01 5.77e+05 -11.0 1.60e+00    -  1.00e+00 3.12e-02h  6
1467  1.6595005e+01 2.14e+01 2.46e+05 -11.0 1.66e+00    -  1.00e+00 2.50e-01h  3
1468  1.6653033e+01 2.14e+01 2.31e+05 -11.0 1.03e+00    -  1.00e+00 1.56e-02h  7
1469  1.6773991e+01 2.13e+01 2.22e+06 -11.0 1.20e+00    -  1.00e+00 1.56e-02h  7
iter    objective    inf_pr   inf_du lg(mu)  ||d||  lg(rg) alpha_du alpha_pr  ls
1470  1.7035623e+01 2.15e+01 3.00e+06 -11.0 1.01e+00    -  1.00e+00 3.12e-02h  6
1471  1.8596794e+01 1.89e+00 6.05e+07 -11.0 1.36e+00    -  1.00e+00 1.25e-01h  4
1472  1.8981780e+01 1.84e+00 5.77e+07 -11.0 1.31e+00    -  1.00e+00 3.12e-02h  6
1473  2.2490084e+01 7.77e+00 3.62e+08 -11.0 1.31e+00    -  1.00e+00 2.50e-01h  3
1474  4.1191243e+01 3.79e+00 4.24e+08 -11.0 9.71e-01    -  1.00e+00 1.00e+00w  1
1475  2.9311167e+01 3.09e+02 2.43e+12 -11.0 1.67e+00    -  1.00e+00 1.00e+00w  1
1476  3.5170261e+01 3.65e+01 4.07e+11 -11.0 1.45e+00    -  1.00e+00 1.00e+00w  1
1477  3.0059904e+01 1.37e+00 3.92e+08 -11.0 1.60e+00    -  1.00e+00 5.00e-01h  1
1478  3.2976973e+01 1.26e+00 3.77e+09 -11.0 1.11e+00    -  1.00e+00 1.25e-01h  4
1479  3.4123852e+01 1.21e+00 4.55e+10 -11.0 1.03e+00    -  1.00e+00 6.25e-02h  5
iter    objective    inf_pr   inf_du lg(mu)  ||d||  lg(rg) alpha_du alpha_pr  ls
1480  3.5492389e+01 1.16e+00 5.87e+10 -11.0 1.12e+00    -  1.00e+00 6.25e-02h  5
1481  3.6087651e+01 1.13e+00 6.16e+10 -11.0 9.94e-01    -  1.00e+00 3.12e-02h  6
1482  3.4677342e+01 1.09e+00 5.41e+10 -11.0 1.66e+00    -  1.00e+00 3.12e-02f  6
1483  3.3569758e+01 1.06e+00 4.99e+10 -11.0 1.71e+00    -  1.00e+00 3.12e-02f  6
1484  3.3396297e+01 1.05e+00 4.86e+10 -11.0 1.60e+00    -  1.00e+00 7.81e-03h  8
1485  3.3250388e+01 1.05e+00 4.72e+10 -11.0 1.36e+00    -  1.00e+00 7.81e-03h  8
1486  3.2988905e+01 1.03e+00 4.51e+10 -11.0 1.31e+00    -  1.00e+00 1.56e-02h  7
1487  3.1736684e+01 4.36e+02 3.64e+05 -11.0 1.53e+00    -  1.00e+00 1.00e+00f  1
1488  2.8066218e+01 3.17e+02 2.54e+07 -11.0 2.38e+00    -  1.00e+00 5.00e-01h  2
1489  3.1799382e+01 5.96e+01 4.35e+09 -11.0 1.23e+00    -  1.00e+00 1.00e+00h  1
iter    objective    inf_pr   inf_du lg(mu)  ||d||  lg(rg) alpha_du alpha_pr  ls
1490  3.1655541e+01 4.42e+01 9.35e+09 -11.0 1.48e+00    -  1.00e+00 2.50e-01h  3
1491  2.9929660e+01 2.59e+01 1.88e+10 -11.0 1.02e+00    -  1.00e+00 5.00e-01h  2
1492  3.0316429e+01 1.98e+01 7.86e+09 -11.0 1.61e+00    -  1.00e+00 2.50e-01h  3
1493  3.0692348e+01 1.05e+01 2.28e+10 -11.0 7.71e-01    -  1.00e+00 5.00e-01h  2
1494  3.3010543e+01 5.56e+00 1.86e+10 -11.0 1.07e+00    -  1.00e+00 5.00e-01h  2
1495  3.3208715e+01 4.81e+00 7.48e+10 -11.0 7.14e-01    -  1.00e+00 1.25e-01h  4
1496  3.3241963e+01 4.80e+00 7.33e+10 -11.0 1.14e+00    -  1.00e+00 1.95e-03h 10
1497  3.3249366e+01 4.79e+00 7.29e+10 -11.0 1.22e+00    -  1.00e+00 4.88e-04h 12
1498  3.3150090e+01 4.51e+00 9.40e+10 -11.0 1.36e+00    -  1.00e+00 6.25e-02h  5
1499  2.7227273e+01 2.31e+01 8.23e+11 -11.0 1.78e+00    -  1.00e+00 5.00e-01f  2
iter    objective    inf_pr   inf_du lg(mu)  ||d||  lg(rg) alpha_du alpha_pr  ls
1500  3.0521819e+01 1.62e+03 8.88e+12 -11.0 1.19e+00    -  1.00e+00 1.00e+00w  1
1501  5.8098853e+01 1.30e+03 2.89e+13 -11.0 1.56e+00    -  1.00e+00 1.00e+00w  1
1502  8.0412187e+01 5.29e+02 2.97e+12 -11.0 1.60e+00    -  1.00e+00 1.00e+00w  1
1503  2.6447947e+01 1.50e+02 8.25e+11 -11.0 1.60e+00    -  1.00e+00 5.00e-01h  1
1504  2.4812383e+01 2.64e+01 7.54e+04 -11.0 1.93e+00    -  1.00e+00 1.00e+00f  1
1505  2.2384092e+01 2.24e+02 2.91e+05 -11.0 1.93e+00    -  1.00e+00 1.00e+00f  1
1506  2.5745994e+01 1.95e+02 1.23e+05 -11.0 2.27e+00    -  1.00e+00 5.00e-01h  2
1507  2.6718998e+01 1.89e+02 1.56e+05 -11.0 1.55e+00    -  1.00e+00 3.12e-02h  6
1508  2.7021426e+01 1.87e+02 1.55e+05 -11.0 1.84e+00    -  1.00e+00 7.81e-03h  8
1509  2.7150089e+01 1.87e+02 1.55e+05 -11.0 1.80e+00    -  1.00e+00 3.91e-03h  9
iter    objective    inf_pr   inf_du lg(mu)  ||d||  lg(rg) alpha_du alpha_pr  ls
1510  2.7196106e+01 1.85e+02 1.55e+05 -11.0 1.57e+00    -  1.00e+00 7.81e-03h  8
1511  2.7218335e+01 1.85e+02 1.55e+05 -11.0 1.56e+00    -  1.00e+00 3.91e-03h  9
1512  2.8503361e+01 1.56e+02 6.97e+05 -11.0 1.59e+00    -  1.00e+00 1.25e-01h  4
1513  4.8043583e+01 1.28e+01 2.87e+06 -11.0 1.45e+00    -  1.00e+00 5.00e-01h  2
1514  5.0500131e+01 9.65e+00 1.08e+07 -11.0 7.05e-01    -  1.00e+00 2.50e-01h  3
1515  5.1191551e+01 1.01e+01 7.03e+06 -11.0 1.15e+00    -  1.00e+00 1.25e-01h  4
1516  5.9739214e+01 4.41e+01 5.28e+07 -11.0 1.07e+00    -  1.00e+00 1.00e+00w  1
1517  4.3980500e+01 1.78e+02 9.08e+03 -11.0 4.00e+00    -  1.00e+00 1.00e+00w  1
1518  1.7409280e+02 3.66e+02 7.94e+05 -11.0 3.46e+00    -  1.00e+00 1.00e+00w  1
1519  5.2321090e+01 1.13e+01 1.49e+07 -11.0 1.00e+00    -  1.00e+00 2.50e-01h  2
iter    objective    inf_pr   inf_du lg(mu)  ||d||  lg(rg) alpha_du alpha_pr  ls
1520  6.4923319e+01 5.79e+00 6.19e+05 -11.0 4.14e-01    -  1.00e+00 1.00e+00h  1
1521  6.4324288e+01 1.02e+01 6.24e+05 -11.0 4.29e-01    -  1.00e+00 1.00e+00h  1
1522  2.7095841e+01 7.51e+00 1.54e+06 -11.0 2.38e+00    -  1.00e+00 5.00e-01f  2
1523  2.5626201e+01 9.60e+00 2.20e+07 -11.0 1.35e+00    -  1.00e+00 5.00e-01h  2
1524  2.5606116e+01 9.38e+00 2.09e+07 -11.0 1.11e+00    -  1.00e+00 6.25e-02h  5
1525  2.6086119e+01 1.02e+00 2.21e+07 -11.0 9.26e-01    -  1.00e+00 1.25e-01h  4
1526  6.5264336e+01 1.25e+00 4.09e+08 -11.0 1.15e+00    -  1.00e+00 1.00e+00h  1
1527  6.3267658e+01 1.23e+00 4.27e+08 -11.0 3.36e+00    -  1.00e+00 1.56e-02f  7
1528  5.5205677e+01 9.43e-01 5.30e+08 -11.0 1.08e+00    -  1.00e+00 2.50e-01f  3
1529  5.6074140e+01 8.17e-01 6.73e+08 -11.0 7.19e-01    -  1.00e+00 1.25e-01h  4
iter    objective    inf_pr   inf_du lg(mu)  ||d||  lg(rg) alpha_du alpha_pr  ls
1530  5.6392103e+01 5.46e-01 4.53e+09 -11.0 6.68e-01    -  1.00e+00 2.50e-01h  3
1531  6.0529831e+01 1.64e-01 3.47e+08 -11.0 4.91e-01    -  1.00e+00 5.00e-01h  2
1532  6.0841084e+01 1.32e-01 3.28e+09 -11.0 3.17e-01    -  1.00e+00 2.50e-01h  3
1533  5.9101939e+01 1.62e-01 4.27e+10 -11.0 3.69e-01    -  1.00e+00 5.00e-01f  2
1534  5.4570137e+01 7.12e-01 3.76e+09 -11.0 5.11e-01    -  1.00e+00 1.00e+00f  1
1535  5.5585299e+01 6.22e-01 3.53e+09 -11.0 5.76e-01    -  1.00e+00 1.25e-01h  4
1536  5.6073917e+01 5.83e-01 8.03e+09 -11.0 5.10e-01    -  1.00e+00 6.25e-02h  5
1537  6.0120740e+01 3.08e-01 1.26e+10 -11.0 4.64e-01    -  1.00e+00 5.00e-01h  2
1538  6.0372775e+01 2.66e-01 4.90e+10 -11.0 2.50e-01    -  1.00e+00 1.25e-01h  4
1539  6.0492621e+01 2.58e-01 5.09e+10 -11.0 3.79e-01    -  1.00e+00 3.12e-02h  6
iter    objective    inf_pr   inf_du lg(mu)  ||d||  lg(rg) alpha_du alpha_pr  ls
1540  6.0840263e+01 2.27e-01 4.82e+10 -11.0 4.28e-01    -  1.00e+00 1.25e-01h  4
1541  6.1329342e+01 2.11e-01 4.31e+10 -11.0 6.46e-01    -  1.00e+00 6.25e-02h  5
1542  6.1065235e+01 2.53e-01 5.44e+11 -11.0 4.88e-01    -  1.00e+00 5.00e-01h  2
1543  6.2550718e+01 1.72e-01 1.31e+11 -11.0 3.57e-01    -  1.00e+00 2.50e-01h  3
1544  6.3441111e+01 1.56e-01 2.38e+11 -11.0 6.83e-01    -  1.00e+00 6.25e-02h  5
1545  7.2849068e+01 9.89e+00 1.36e+11 -11.0 5.98e-01    -  1.00e+00 1.00e+00w  1
1546  6.9130127e+01 2.78e+00 9.98e+09 -11.0 7.76e-01    -  1.00e+00 1.00e+00w  1
1547  6.5074221e+01 8.13e+01 5.16e+04 -11.0 2.93e+00    -  1.00e+00 1.00e+00w  1
1548  4.9613249e+01 1.03e+02 7.21e+04 -11.0 3.35e+00    -  1.00e+00 1.00e+00h  1
1549  4.4098912e+01 2.45e+02 4.99e+05 -11.0 3.22e+00    -  1.00e+00 1.00e+00f  1
iter    objective    inf_pr   inf_du lg(mu)  ||d||  lg(rg) alpha_du alpha_pr  ls
1550  4.3494889e+01 7.22e+02 3.55e+04 -11.0 2.50e+00    -  1.00e+00 5.00e-01h  2
1551  4.3913306e+01 7.17e+02 3.56e+04 -11.0 1.60e+00    -  1.00e+00 7.81e-03h  8
1552  5.9578977e+01 4.34e+02 5.55e+04 -11.0 1.48e+00    -  1.00e+00 2.50e-01h  3
1553  6.0072072e+01 4.30e+02 5.51e+04 -11.0 1.29e+00    -  1.00e+00 7.81e-03h  8
1554  6.0306203e+01 4.29e+02 5.49e+04 -11.0 1.27e+00    -  1.00e+00 3.91e-03h  9
1555  6.0364781e+01 4.28e+02 5.48e+04 -11.0 1.27e+00    -  1.00e+00 9.77e-04h 11
1556  6.0372102e+01 4.28e+02 5.48e+04 -11.0 1.27e+00    -  1.00e+00 1.22e-04h 14
1557  5.3943358e+01 4.95e+02 4.73e+04 -11.0 3.03e+00    -  1.00e+00 1.25e-01h  4
1558  6.9189654e+01 4.15e+02 3.58e+04 -11.0 1.35e+00    -  1.00e+00 5.00e-01h  2
1559  8.3427003e+01 1.02e+02 1.42e+05 -11.0 1.00e+00    -  1.00e+00 5.00e-01h  2
iter    objective    inf_pr   inf_du lg(mu)  ||d||  lg(rg) alpha_du alpha_pr  ls
1560  1.2578423e+02 6.48e+02 1.80e+06 -11.0 9.73e-01    -  1.00e+00 1.00e+00w  1
1561  1.5715626e+02 5.26e+03 4.81e+09 -11.0 2.26e+00    -  1.00e+00 1.00e+00w  1
1562  1.3053172e+02 9.48e+02 1.01e+07 -11.0 9.03e-01    -  1.00e+00 1.00e+00w  1
1563  9.1864445e+01 4.96e+01 2.19e+05 -11.0 2.61e+00    -  1.00e+00 2.50e-01h  2
1564  7.5093887e+01 1.02e+03 7.91e+04 -11.0 2.97e+00    -  1.00e+00 1.00e+00f  1
1565  3.8043303e+01 5.92e+02 7.18e+05 -11.0 1.95e+00    -  1.00e+00 1.00e+00f  1
1566  4.5913631e+01 9.56e+01 1.47e+06 -11.0 1.12e+00    -  1.00e+00 1.00e+00h  1
1567  4.9551477e+01 8.75e+01 9.70e+05 -11.0 7.75e-01    -  1.00e+00 2.50e-01h  3
1568  6.1074285e+01 8.84e+00 5.19e+05 -11.0 8.86e-01    -  1.00e+00 5.00e-01h  2
1569  6.3107502e+01 8.92e+00 3.34e+05 -11.0 1.10e+00    -  1.00e+00 1.25e-01h  4
iter    objective    inf_pr   inf_du lg(mu)  ||d||  lg(rg) alpha_du alpha_pr  ls
1570  6.3637400e+01 8.84e+00 2.90e+05 -11.0 1.21e+00    -  1.00e+00 3.12e-02h  6
1571  6.4151161e+01 8.89e+00 2.45e+05 -11.0 1.21e+00    -  1.00e+00 3.12e-02h  6
1572  6.4094911e+01 8.92e+00 2.16e+05 -11.0 1.41e+00    -  1.00e+00 1.56e-02h  7
1573  6.4452678e+01 8.89e+00 2.09e+05 -11.0 1.53e+00    -  1.00e+00 1.56e-02h  7
1574  6.4463735e+01 8.88e+00 2.08e+05 -11.0 1.33e+00    -  1.00e+00 1.95e-03h 10
1575  6.4475378e+01 8.88e+00 2.07e+05 -11.0 1.34e+00    -  1.00e+00 1.95e-03h 10
1576  6.4487655e+01 8.88e+00 2.06e+05 -11.0 1.35e+00    -  1.00e+00 1.95e-03h 10
1577  8.5531941e+01 8.42e+01 4.87e+05 -11.0 2.03e+00    -  1.00e+00 1.00e+00w  1
1578  6.6722265e+01 1.51e+02 2.25e+05 -11.0 1.40e+00    -  1.00e+00 1.00e+00w  1
1579  5.1386546e+01 1.63e+02 2.03e+05 -11.0 1.63e+00    -  1.00e+00 1.00e+00w  1
iter    objective    inf_pr   inf_du lg(mu)  ||d||  lg(rg) alpha_du alpha_pr  ls
1580  5.6852156e+01 1.30e+01 7.34e+05 -11.0 1.13e+00    -  1.00e+00 5.00e-01f  1
1581  5.5964498e+01 4.49e+00 1.69e+05 -11.0 1.31e+00    -  1.00e+00 1.00e+00h  1
1582  4.1661094e+01 2.97e+02 9.00e+05 -11.0 2.08e+00    -  1.00e+00 5.00e-01f  2
1583  3.6254891e+01 2.87e+01 1.00e+05 -11.0 1.86e+00    -  1.00e+00 1.00e+00h  1
1584  2.8359205e+01 3.34e+03 9.52e+05 -11.0 1.76e+00    -  1.00e+00 1.00e+00f  1
1585  3.5836646e+01 5.74e+02 2.10e+06 -11.0 1.18e+00    -  1.00e+00 1.00e+00h  1
1586  3.4474137e+01 1.60e+02 5.46e+06 -11.0 1.14e+00    -  1.00e+00 5.00e-01h  2
1587  3.5449730e+01 3.86e+00 2.26e+06 -11.0 1.16e+00    -  1.00e+00 2.50e-01h  3
1588  1.8521795e+01 2.51e+03 8.87e+07 -11.0 2.67e+00    -  1.00e+00 5.00e-01f  2
1589  1.4236696e+01 1.13e+03 1.09e+07 -11.0 1.98e+00    -  1.00e+00 5.00e-01h  2
iter    objective    inf_pr   inf_du lg(mu)  ||d||  lg(rg) alpha_du alpha_pr  ls
1590  1.8625517e+01 4.00e+02 7.67e+07 -11.0 8.19e-01    -  1.00e+00 5.00e-01h  2
1591  2.1225336e+01 6.61e+01 4.36e+08 -11.0 1.67e+00    -  1.00e+00 2.50e-01h  3
1592  2.3051553e+01 6.43e+01 3.34e+08 -11.0 1.34e+00    -  1.00e+00 1.25e-01h  4
1593  2.7777364e+01 3.09e+01 1.89e+08 -11.0 1.60e+00    -  1.00e+00 2.50e-01h  3
1594  4.3732260e+01 7.19e+00 1.15e+09 -11.0 7.74e-01    -  1.00e+00 1.00e+00h  1
1595  4.4332330e+01 7.41e+00 1.03e+09 -11.0 5.56e-01    -  1.00e+00 1.25e-01h  4
1596  4.5508674e+01 7.61e+00 7.71e+10 -11.0 4.67e-01    -  1.00e+00 2.50e-01h  3
1597  4.5886319e+01 7.32e+00 7.66e+10 -11.0 4.44e-01    -  1.00e+00 1.25e-01h  4
1598  4.8033623e+01 1.90e+00 6.20e+10 -11.0 4.48e-01    -  1.00e+00 5.00e-01h  2
1599  4.8983684e+01 1.16e+00 7.34e+10 -11.0 2.94e-01    -  1.00e+00 2.50e-01h  3
iter    objective    inf_pr   inf_du lg(mu)  ||d||  lg(rg) alpha_du alpha_pr  ls
1600  4.8583297e+01 1.20e+00 2.76e+11 -11.0 2.33e-01    -  1.00e+00 1.00e+00h  1
1601  4.0072100e+01 2.87e+00 6.61e+09 -11.0 1.32e+00    -  1.00e+00 5.00e-01f  2
1602  4.3484947e+01 1.29e+00 2.42e+12 -11.0 6.35e-01    -  1.00e+00 1.00e+00h  1
1603  4.5675079e+01 1.15e+00 1.93e+12 -11.0 6.38e-01    -  1.00e+00 2.50e-01h  3
1604  4.4860980e+01 7.26e-01 1.57e+12 -11.0 1.03e+00    -  1.00e+00 2.50e-01h  3
1605  4.9534998e+01 9.74e-01 2.91e+12 -11.0 9.50e-01    -  1.00e+00 2.50e-01h  3
1606  5.3951483e+01 6.29e-01 1.70e+12 -11.0 7.94e-01    -  1.00e+00 2.50e-01h  3
1607  5.5944291e+01 5.48e-01 1.68e+12 -11.0 1.75e+00    -  1.00e+00 6.25e-02h  5
1608  6.3089591e+01 2.93e-01 1.12e+12 -11.0 9.00e-01    -  1.00e+00 2.50e-01h  3
1609  6.3626177e+01 3.79e-01 3.08e+12 -11.0 8.46e-01    -  1.00e+00 1.25e-01h  4
iter    objective    inf_pr   inf_du lg(mu)  ||d||  lg(rg) alpha_du alpha_pr  ls
1610  6.0470743e+01 3.74e-01 2.84e+12 -11.0 2.07e+00    -  1.00e+00 6.25e-02f  5
1611  6.0149100e+01 2.87e-01 1.88e+12 -11.0 5.23e-01    -  1.00e+00 2.50e-01h  3
1612  5.9946980e+01 3.06e-01 3.91e+11 -11.0 6.49e-01    -  1.00e+00 2.50e-01h  3
1613  1.1224489e+02 5.92e+01 5.06e+13 -11.0 2.53e+00    -  1.00e+00 1.00e+00w  1
1614  9.1568482e+01 2.00e+02 9.12e+03 -11.0 2.50e+00    -  1.00e+00 1.00e+00w  1
1615  6.6502921e+01 7.49e+01 9.11e+04 -11.0 1.34e+00    -  1.00e+00 1.00e+00w  1
1616  6.0115843e+01 3.05e-01 3.66e+11 -11.0 1.75e+00    -  1.00e+00 7.81e-03h  7
1617  6.0135862e+01 3.05e-01 3.61e+11 -11.0 1.58e+00    -  1.00e+00 9.77e-04h 11
1618  5.9348524e+01 7.37e-01 5.43e+11 -11.0 2.30e+00    -  1.00e+00 1.25e-01f  4
1619  5.9536572e+01 6.89e-01 2.94e+11 -11.0 1.32e+00    -  1.00e+00 6.25e-02h  5
iter    objective    inf_pr   inf_du lg(mu)  ||d||  lg(rg) alpha_du alpha_pr  ls
1620  5.9740417e+01 6.67e-01 1.65e+11 -11.0 2.19e+00    -  1.00e+00 3.12e-02h  6
1621  5.9909557e+01 6.61e-01 1.46e+11 -11.0 2.19e+00    -  1.00e+00 7.81e-03h  8
1622  5.9938353e+01 6.60e-01 1.39e+11 -11.0 2.09e+00    -  1.00e+00 1.95e-03h 10
1623  5.9944524e+01 6.60e-01 1.39e+11 -11.0 2.18e+00    -  1.00e+00 2.44e-04h 13
1624  5.9946231e+01 6.60e-01 1.38e+11 -11.0 2.09e+00    -  1.00e+00 6.10e-05h 15
1625  5.9946659e+01 6.60e-01 1.38e+11 -11.0 2.10e+00    -  1.00e+00 1.53e-05h 17
1626  1.0983077e+02 5.68e+01 5.37e+12 -11.0 2.10e+00    -  1.00e+00 1.00e+00w  1
1627  6.8780548e+01 1.41e+03 1.32e+06 -11.0 2.45e+00    -  1.00e+00 1.00e+00w  1
1628  1.4166982e+02 1.53e+03 7.90e+06 -11.0 3.44e+00    -  1.00e+00 1.00e+00w  1
1629  6.1787557e+01 6.14e-01 1.15e+11 -11.0 1.10e+00    -  1.00e+00 6.25e-02h  4
iter    objective    inf_pr   inf_du lg(mu)  ||d||  lg(rg) alpha_du alpha_pr  ls
1630  6.3073171e+01 5.95e-01 1.67e+11 -11.0 1.70e+00    -  1.00e+00 3.12e-02h  6
1631  5.8062400e+01 1.98e+01 1.16e+13 -11.0 1.76e+00    -  1.00e+00 5.00e-01f  2
1632  4.5951898e+01 2.24e+01 1.02e+06 -11.0 2.97e+00    -  1.00e+00 1.00e+00f  1
1633  2.8972663e+01 1.18e+01 3.52e+05 -11.0 3.42e+00    -  1.00e+00 5.00e-01f  2
1634  2.5245481e+01 1.04e+01 4.07e+05 -11.0 1.11e+00    -  1.00e+00 5.00e-01f  2
1635  2.5551645e+01 1.01e+01 4.14e+05 -11.0 4.22e+00    -  1.00e+00 3.12e-02h  6
1636  2.5978500e+01 9.92e+00 4.31e+05 -11.0 3.87e+00    -  1.00e+00 3.12e-02h  6
1637  2.6386566e+01 9.86e+00 7.37e+05 -11.0 4.71e+00    -  1.00e+00 1.56e-02h  7
1638  2.6902204e+01 9.85e+00 8.83e+05 -11.0 4.76e+00    -  1.00e+00 1.56e-02h  7
1639  4.8255301e+01 9.52e+00 4.57e+06 -11.0 4.61e+00    -  1.00e+00 2.50e-01h  3
iter    objective    inf_pr   inf_du lg(mu)  ||d||  lg(rg) alpha_du alpha_pr  ls
1640  5.8077969e+01 6.30e+00 7.39e+06 -11.0 1.18e+00    -  1.00e+00 2.50e-01h  3
1641  5.9655261e+01 6.10e+00 6.78e+06 -11.0 1.32e+00    -  1.00e+00 3.12e-02h  6
1642  2.8320881e+01 1.02e+01 5.86e+07 -11.0 2.44e+00    -  1.00e+00 5.00e-01f  2
1643  9.1212151e+01 1.32e+04 5.51e+05 -11.0 2.01e+00    -  1.00e+00 1.00e+00w  1
1644  5.9444373e+01 3.53e+03 1.25e+06 -11.0 1.53e+00    -  1.00e+00 1.00e+00w  1
1645  1.7187846e+02 1.06e+04 1.97e+07 -11.0 2.40e+00    -  1.00e+00 1.00e+00w  1
1646  2.8767593e+01 4.36e+00 3.80e+07 -11.0 3.69e+00    -  1.00e+00 6.25e-02h  4
1647  2.8231548e+01 3.44e+00 2.31e+09 -11.0 1.00e+00    -  1.00e+00 2.50e-01h  3
1648  3.3613303e+01 2.20e+00 3.46e+09 -11.0 1.84e+00    -  1.00e+00 2.50e-01h  3
1649  4.1280951e+01 1.61e+00 2.58e+10 -11.0 1.09e+00    -  1.00e+00 2.50e-01h  3
iter    objective    inf_pr   inf_du lg(mu)  ||d||  lg(rg) alpha_du alpha_pr  ls
1650  4.9432502e+01 6.55e+00 2.52e+11 -11.0 1.12e+00    -  1.00e+00 2.50e-01h  3
1651  4.9436612e+01 6.49e+00 2.54e+11 -11.0 1.88e+00    -  1.00e+00 7.81e-03h  8
1652  4.9594763e+01 6.28e+00 2.12e+11 -11.0 1.51e+00    -  1.00e+00 3.12e-02h  6
1653  5.3581333e+01 2.93e+00 4.18e+11 -11.0 2.24e+00    -  1.00e+00 1.25e-01h  4
1654  5.4248576e+01 1.83e+00 7.31e+11 -11.0 1.78e+00    -  1.00e+00 1.25e-01h  4
1655  2.3909363e+01 9.70e+00 7.26e+11 -11.0 2.38e+00    -  1.00e+00 5.00e-01f  2
1656  9.4052197e+01 5.65e+03 2.01e+13 -11.0 1.77e+00    -  1.00e+00 1.00e+00w  1
1657  1.2291317e+02 2.31e+04 1.75e+13 -11.0 1.52e+00    -  1.00e+00 1.00e+00w  1
1658  1.2423153e+02 5.73e+03 1.16e+10 -11.0 3.71e-01    -  1.00e+00 1.00e+00w  1
1659  2.5279462e+01 2.56e+00 1.06e+12 -11.0 3.75e-01    -  1.00e+00 1.25e-01h  3
iter    objective    inf_pr   inf_du lg(mu)  ||d||  lg(rg) alpha_du alpha_pr  ls
1660  2.8421110e+01 1.96e+00 1.01e+12 -11.0 1.85e+00    -  1.00e+00 1.25e-01h  4
1661  3.2121705e+01 1.18e+00 1.86e+12 -11.0 1.07e+00    -  1.00e+00 2.50e-01h  3
1662  3.3475828e+01 5.46e-01 1.82e+12 -11.0 1.10e+00    -  1.00e+00 6.25e-02h  5
1663  3.5362115e+01 5.58e-01 6.67e+11 -11.0 1.88e+00    -  1.00e+00 6.25e-02h  5
1664  1.2255655e+01 1.58e+02 1.04e+13 -11.0 3.31e+00    -  1.00e+00 5.00e-01f  2
1665  1.3328519e+01 3.15e+02 5.06e+12 -11.0 2.21e+00    -  1.00e+00 2.50e-01h  3
1666  1.1470512e+01 2.26e+02 5.55e+12 -11.0 2.50e+00    -  1.00e+00 2.50e-01h  3
1667  1.9586139e+01 4.31e+01 5.93e+12 -11.0 1.88e+00    -  1.00e+00 2.50e-01h  3
1668  1.9638783e+01 4.31e+01 5.88e+12 -11.0 5.64e+00    -  1.00e+00 3.91e-03h  9
1669  6.5116219e+01 1.63e+04 3.17e+13 -11.0 6.07e+00    -  1.00e+00 1.00e+00w  1
iter    objective    inf_pr   inf_du lg(mu)  ||d||  lg(rg) alpha_du alpha_pr  ls
1670  1.4529828e+02 1.14e+04 4.37e+13 -11.0 7.87e+00    -  1.00e+00 1.00e+00w  1
1671  2.3035465e+02 3.56e+03 9.36e+12 -11.0 1.34e+00    -  1.00e+00 1.00e+00w  1
1672  2.0681342e+01 5.47e+00 5.60e+12 -11.0 4.41e+00    -  1.00e+00 6.25e-02h  4
1673  2.2162864e+01 1.29e+01 5.10e+12 -11.0 2.44e+00    -  1.00e+00 1.25e-01h  4
1674  2.2418602e+01 1.32e+01 4.97e+12 -11.0 2.97e+00    -  1.00e+00 1.56e-02h  7
1675  2.2578831e+01 1.33e+01 4.92e+12 -11.0 4.00e+00    -  1.00e+00 7.81e-03h  8
1676  2.3770272e+01 1.53e+01 1.11e+11 -11.0 2.02e+00    -  1.00e+00 5.00e-01h  2
1677  2.3773660e+01 1.35e+01 1.24e+11 -11.0 1.42e+00    -  1.00e+00 6.25e-02h  5
1678  2.3842807e+01 1.34e+01 1.16e+11 -11.0 1.17e+00    -  1.00e+00 1.56e-02h  7
1679  2.3884134e+01 1.33e+01 1.09e+11 -11.0 8.49e-01    -  1.00e+00 7.81e-03h  8
iter    objective    inf_pr   inf_du lg(mu)  ||d||  lg(rg) alpha_du alpha_pr  ls
1680  2.3906034e+01 1.33e+01 1.06e+11 -11.0 8.37e-01    -  1.00e+00 3.91e-03h  9
1681  2.3908855e+01 1.33e+01 1.05e+11 -11.0 8.32e-01    -  1.00e+00 4.88e-04h 12
1682  4.8893525e+01 2.86e+01 1.10e+10 -11.0 8.32e-01    -  1.00e+00 1.00e+00w  1
1683  6.6513760e+01 1.91e+04 1.46e+05 -11.0 2.35e+00    -  1.00e+00 1.00e+00w  1
1684  5.0699414e+01 8.64e+03 4.91e+06 -11.0 1.55e+00    -  1.00e+00 1.00e+00w  1
1685  3.1604816e+01 5.34e+00 1.17e+11 -11.0 8.22e-01    -  1.00e+00 5.00e-01h  1
1686  3.1995393e+01 5.66e+00 1.06e+11 -11.0 7.44e-01    -  1.00e+00 6.25e-02h  5
1687  4.5930480e+01 4.95e+00 3.22e+12 -11.0 7.37e-01    -  1.00e+00 1.00e+00h  1
1688  4.5949445e+01 5.03e+00 3.17e+12 -11.0 7.77e-01    -  1.00e+00 3.12e-02h  6
1689  4.5797690e+01 1.58e+00 2.66e+12 -11.0 9.65e-01    -  1.00e+00 1.25e-01h  4
iter    objective    inf_pr   inf_du lg(mu)  ||d||  lg(rg) alpha_du alpha_pr  ls
1690  4.6255530e+01 7.18e-01 2.42e+12 -11.0 1.10e+00    -  1.00e+00 6.25e-02h  5
1691  4.6854304e+01 6.98e-01 1.94e+12 -11.0 7.23e-01    -  1.00e+00 6.25e-02h  5
1692  2.3163310e+01 2.36e+01 1.02e+12 -11.0 2.23e+00    -  1.00e+00 5.00e-01f  2
1693  2.2646142e+01 1.62e+01 5.63e+11 -11.0 2.20e+00    -  1.00e+00 2.50e-01h  3
1694  2.4048556e+01 3.73e+00 1.08e+12 -11.0 1.82e+00    -  1.00e+00 1.25e-01h  4
1695  2.4057620e+01 3.73e+00 1.09e+12 -11.0 3.58e+00    -  1.00e+00 2.44e-04h 13
1696  2.4075473e+01 3.73e+00 1.09e+12 -11.0 3.60e+00    -  1.00e+00 4.88e-04h 12
1697  2.4091978e+01 3.73e+00 1.10e+12 -11.0 3.50e+00    -  1.00e+00 4.88e-04h 12
1698  1.5409915e+02 7.02e+02 1.11e+07 -11.0 3.50e+00    -  1.00e+00 1.00e+00w  1
1699  8.5881518e+01 4.97e+03 5.98e+05 -11.0 3.94e+00    -  1.00e+00 1.00e+00w  1
iter    objective    inf_pr   inf_du lg(mu)  ||d||  lg(rg) alpha_du alpha_pr  ls
1700  9.9448680e+01 1.14e+04 7.94e+06 -11.0 3.01e+00    -  1.00e+00 1.00e+00w  1
1701  2.8216339e+01 1.24e+00 5.25e+11 -11.0 1.10e+00    -  1.00e+00 1.25e-01h  3
1702  2.8795180e+01 1.26e+00 5.81e+11 -11.0 2.02e+00    -  1.00e+00 1.56e-02h  7
1703  3.1877831e+01 1.21e+00 6.88e+11 -11.0 2.17e+00    -  1.00e+00 6.25e-02h  5
1704  3.3079861e+01 1.18e+00 6.09e+11 -11.0 2.41e+00    -  1.00e+00 1.56e-02h  7
1705  3.4230877e+01 1.17e+00 3.41e+11 -11.0 2.37e+00    -  1.00e+00 1.56e-02h  7
1706  3.9969569e+01 1.10e+00 9.03e+11 -11.0 2.19e+00    -  1.00e+00 6.25e-02h  5
1707  4.0803685e+01 1.09e+00 9.21e+11 -11.0 2.39e+00    -  1.00e+00 7.81e-03h  8
1708  4.8147028e+01 1.00e+00 1.25e+12 -11.0 2.38e+00    -  1.00e+00 6.25e-02h  5
1709  5.1824379e+01 9.66e-01 1.43e+12 -11.0 2.06e+00    -  1.00e+00 3.12e-02h  6
iter    objective    inf_pr   inf_du lg(mu)  ||d||  lg(rg) alpha_du alpha_pr  ls
1710  8.9077375e+01 7.57e-01 2.09e+12 -11.0 2.05e+00    -  1.00e+00 2.50e-01h  3
1711  1.0231933e+02 2.01e+03 9.73e+06 -11.0 3.51e+00    -  1.00e+00 1.00e+00w  1
1712  9.2690865e+01 1.20e+03 9.86e+05 -11.0 4.67e+00    -  1.00e+00 1.00e+00w  1
1713  6.2444766e+01 2.77e+03 2.33e+06 -11.0 5.35e+00    -  1.00e+00 1.00e+00w  1
1714  8.7225088e+01 7.84e-01 1.89e+12 -11.0 4.72e+00    -  1.00e+00 7.81e-03f  7
1715  8.3664486e+01 7.67e-01 1.57e+12 -11.0 3.49e+00    -  1.00e+00 1.56e-02f  7
1716  7.2609798e+01 1.03e+00 5.60e+11 -11.0 2.86e+00    -  1.00e+00 6.25e-02f  5
1717  7.0573275e+01 1.02e+00 4.64e+11 -11.0 2.79e+00    -  1.00e+00 1.56e-02f  7
1718  7.0026615e+01 9.85e-01 4.13e+11 -11.0 1.56e+00    -  1.00e+00 3.12e-02h  6
1719  6.9301310e+01 1.96e+00 6.46e+12 -11.0 1.43e+00    -  1.00e+00 2.50e-01h  3
iter    objective    inf_pr   inf_du lg(mu)  ||d||  lg(rg) alpha_du alpha_pr  ls
1720  6.9622365e+01 9.84e-01 5.82e+12 -11.0 6.64e-01    -  1.00e+00 6.25e-02h  5
1721  6.9917087e+01 1.00e+00 5.63e+12 -11.0 7.26e-01    -  1.00e+00 1.56e-02h  7
1722  7.1492475e+01 6.23e-01 5.04e+12 -11.0 7.07e-01    -  1.00e+00 6.25e-02h  5
1723  7.2923173e+01 5.46e-01 4.44e+12 -11.0 5.95e-01    -  1.00e+00 1.25e-01h  4
1724  8.5862212e+01 3.21e+02 2.27e+13 -11.0 5.61e-01    -  1.00e+00 1.00e+00w  1
1725  1.3331550e+02 2.00e+03 5.22e+11 -11.0 7.52e-01    -  1.00e+00 1.00e+00w  1
1726  1.9581484e+02 4.49e+02 1.32e+11 -11.0 9.60e-01    -  1.00e+00 1.00e+00w  1
1727  7.2956067e+01 5.44e-01 4.40e+12 -11.0 2.99e-01    -  1.00e+00 3.91e-03h  8
1728  7.2978451e+01 5.42e-01 4.37e+12 -11.0 7.21e-01    -  1.00e+00 3.91e-03h  9
1729  7.3166896e+01 5.25e-01 3.86e+12 -11.0 8.98e-01    -  1.00e+00 3.12e-02h  6
iter    objective    inf_pr   inf_du lg(mu)  ||d||  lg(rg) alpha_du alpha_pr  ls
1730  3.2238114e+01 9.41e+02 1.39e+12 -11.0 3.14e+00    -  1.00e+00 5.00e-01f  2
1731  3.1448915e+01 7.74e+02 8.78e+11 -11.0 1.52e+00    -  1.00e+00 2.50e-01h  3
1732  3.1931350e+01 7.20e+02 1.12e+12 -11.0 7.91e-01    -  1.00e+00 1.25e-01h  4
1733  3.3153024e+01 1.52e+02 7.66e+11 -11.0 6.35e-01    -  1.00e+00 5.00e-01h  2
1734  3.3276180e+01 1.53e+02 6.80e+11 -11.0 5.16e-01    -  1.00e+00 1.25e-01h  4
1735  3.3719478e+01 1.26e+02 7.50e+10 -11.0 5.11e-01    -  1.00e+00 5.00e-01h  2
1736  3.3649486e+01 1.43e+02 4.58e+10 -11.0 4.36e-01    -  1.00e+00 5.00e-01h  2
1737  3.6529134e+01 2.12e+02 6.66e+13 -11.0 6.92e-01    -  1.00e+00 1.00e+00w  1
1738  4.1903164e+01 2.91e+03 6.67e+13 -11.0 9.90e-01    -  1.00e+00 1.00e+00w  1
1739  3.8083304e+01 1.56e+04 1.42e+04 -11.0 3.44e+00    -  1.00e+00 1.00e+00w  1
iter    objective    inf_pr   inf_du lg(mu)  ||d||  lg(rg) alpha_du alpha_pr  ls
1740  2.9765123e+01 2.96e+03 2.09e+03 -11.0 1.79e+00    -  1.00e+00 1.00e+00h  1
1741  2.2860226e+01 1.16e+04 1.31e+04 -11.0 1.83e+00    -  1.00e+00 1.00e+00h  1
1742  2.7553619e+01 1.11e+04 3.10e+04 -11.0 2.28e+00    -  1.00e+00 1.25e-01h  4
1743  2.8075304e+01 3.70e+03 1.48e+05 -11.0 1.89e+00    -  1.00e+00 5.00e-01h  2
1744  2.9412478e+01 3.26e+03 1.46e+05 -11.0 7.53e-01    -  1.00e+00 1.25e-01h  4
1745  2.9693820e+01 3.16e+03 1.46e+05 -11.0 7.40e-01    -  1.00e+00 3.12e-02h  6
1746  2.9756751e+01 3.14e+03 1.46e+05 -11.0 6.72e-01    -  1.00e+00 7.81e-03h  8
1747  2.9764022e+01 3.14e+03 1.46e+05 -11.0 6.68e-01    -  1.00e+00 9.77e-04h 11
1748  4.4076756e+01 2.03e+02 3.19e+06 -11.0 6.68e-01    -  1.00e+00 1.00e+00h  1
1749  5.8494079e+01 2.20e+02 1.34e+07 -11.0 7.08e-01    -  1.00e+00 1.00e+00h  1
iter    objective    inf_pr   inf_du lg(mu)  ||d||  lg(rg) alpha_du alpha_pr  ls
1750  2.5039325e+01 1.01e+03 3.61e+07 -11.0 3.32e+00    -  1.00e+00 5.00e-01f  2
1751  2.8037198e+01 6.03e+02 8.81e+06 -11.0 1.78e+00    -  1.00e+00 5.00e-01h  2
1752  2.6289078e+01 2.25e+02 2.02e+06 -11.0 1.80e+00    -  1.00e+00 5.00e-01h  2
1753  2.1248177e+01 8.08e+02 1.54e+06 -11.0 2.04e+00    -  1.00e+00 5.00e-01h  2
1754  2.4219294e+01 1.45e+03 3.24e+08 -11.0 1.48e+00    -  1.00e+00 2.50e-01h  3
1755  2.5607681e+01 1.30e+03 3.12e+08 -11.0 1.79e+00    -  1.00e+00 1.25e-01h  4
1756  3.7925384e+01 5.70e+02 1.60e+08 -11.0 2.03e+00    -  1.00e+00 5.00e-01h  2
1757  4.3679082e+01 5.34e+02 4.38e+07 -11.0 3.05e+00    -  1.00e+00 5.00e-01h  2
1758  4.3579563e+01 1.30e+02 1.68e+07 -11.0 1.78e+00    -  1.00e+00 5.00e-01h  2
1759  5.7926518e+01 4.21e+01 6.10e+06 -11.0 1.70e+00    -  1.00e+00 5.00e-01h  2
iter    objective    inf_pr   inf_du lg(mu)  ||d||  lg(rg) alpha_du alpha_pr  ls
1760  8.8703895e+01 2.86e+02 1.33e+09 -11.0 1.05e+00    -  1.00e+00 1.00e+00w  1
1761  7.4701288e+01 1.74e+03 1.13e+10 -11.0 1.00e+00    -  1.00e+00 1.00e+00w  1
1762  1.6401814e+02 3.82e+03 5.15e+11 -11.0 1.83e+00    -  1.00e+00 1.00e+00w  1
1763  6.9133999e+01 4.98e+01 3.07e+08 -11.0 1.45e+00    -  1.00e+00 5.00e-01h  1
1764  6.9465661e+01 4.90e+01 1.12e+09 -11.0 1.94e+00    -  1.00e+00 1.56e-02h  7
1765  7.4270963e+01 3.85e+01 1.19e+10 -11.0 2.17e+00    -  1.00e+00 1.25e-01h  4
1766  7.6459980e+01 3.82e+01 1.17e+10 -11.0 1.95e+00    -  1.00e+00 6.25e-02h  5
1767  7.7688044e+01 3.63e+01 1.17e+10 -11.0 1.70e+00    -  1.00e+00 3.12e-02h  6
1768  8.3689641e+01 3.23e+01 9.72e+09 -11.0 1.56e+00    -  1.00e+00 1.25e-01h  4
1769  8.8837926e+01 2.83e+01 9.92e+09 -11.0 1.21e+00    -  1.00e+00 1.25e-01h  4
iter    objective    inf_pr   inf_du lg(mu)  ||d||  lg(rg) alpha_du alpha_pr  ls
1770  8.6879376e+01 2.80e+01 8.96e+09 -11.0 3.18e+00    -  1.00e+00 1.56e-02f  7
1771  8.8046899e+01 2.71e+01 8.99e+09 -11.0 1.08e+00    -  1.00e+00 3.12e-02h  6
1772  9.0771099e+01 2.53e+01 9.09e+09 -11.0 1.12e+00    -  1.00e+00 6.25e-02h  5
1773  9.3398245e+01 2.35e+01 8.88e+09 -11.0 9.81e-01    -  1.00e+00 6.25e-02h  5
1774  1.4617221e+02 1.31e+02 8.65e+10 -11.0 9.14e-01    -  1.00e+00 1.00e+00w  1
1775  1.4953986e+02 4.48e+02 1.98e+10 -11.0 9.68e-01    -  1.00e+00 1.00e+00w  1
1776  2.1333278e+02 3.55e+02 9.24e+10 -11.0 1.83e+00    -  1.00e+00 1.00e+00w  1
1777  1.0378902e+02 1.10e+01 1.22e+10 -11.0 1.57e+00    -  1.00e+00 2.50e-01h  2
1778  1.1358623e+02 7.52e+00 7.50e+09 -11.0 6.91e-01    -  1.00e+00 2.50e-01h  3
1779  1.2053644e+02 5.65e+00 7.23e+09 -11.0 4.39e-01    -  1.00e+00 2.50e-01h  3
iter    objective    inf_pr   inf_du lg(mu)  ||d||  lg(rg) alpha_du alpha_pr  ls
1780  1.0594653e+02 4.75e+00 3.47e+09 -11.0 1.90e+00    -  1.00e+00 1.25e-01f  4
1781  1.1406847e+02 3.92e+00 1.23e+10 -11.0 1.87e+00    -  1.00e+00 1.25e-01h  4
1782  1.2467782e+02 3.26e+00 4.83e+10 -11.0 1.52e+00    -  1.00e+00 2.50e-01h  3
1783  1.2906300e+02 2.45e+00 4.70e+10 -11.0 1.55e+00    -  1.00e+00 1.25e-01h  4
1784  1.4201626e+02 2.86e+00 5.37e+10 -11.0 1.40e+00    -  1.00e+00 2.50e-01h  3
1785  1.4397765e+02 2.37e+00 5.54e+10 -11.0 5.49e-01    -  1.00e+00 1.25e-01h  4
1786  1.4881517e+02 1.97e+00 5.80e+10 -11.0 7.46e-01    -  1.00e+00 1.25e-01h  4
1787  2.0563358e+02 7.83e+00 1.32e+12 -11.0 7.39e-01    -  1.00e+00 1.00e+00w  1
1788  1.8816590e+02 1.25e+04 7.44e+05 -11.0 5.15e+00    -  1.00e+00 1.00e+00w  1
1789  1.6635519e+02 1.79e+04 4.53e+07 -11.0 4.62e+00    -  1.00e+00 1.00e+00w  1
iter    objective    inf_pr   inf_du lg(mu)  ||d||  lg(rg) alpha_du alpha_pr  ls
1790  1.5186522e+02 1.83e+00 6.04e+10 -11.0 1.03e+00    -  1.00e+00 6.25e-02h  4
1791  1.5250606e+02 1.77e+00 5.02e+10 -11.0 5.05e-01    -  1.00e+00 3.12e-02h  6
1792  1.7727963e+02 1.13e+00 5.80e+10 -11.0 8.16e-01    -  1.00e+00 5.00e-01h  2
1793  1.7676260e+02 9.10e-01 4.55e+10 -11.0 5.64e-01    -  1.00e+00 1.25e-01h  4
1794  1.7785568e+02 1.17e+00 3.74e+10 -11.0 5.39e-01    -  1.00e+00 1.25e-01h  4
1795  1.7832427e+02 8.30e-01 7.65e+10 -11.0 4.79e-01    -  1.00e+00 2.50e-01h  3
1796  1.7874912e+02 8.06e-01 7.59e+10 -11.0 9.62e-01    -  1.00e+00 3.12e-02h  6
1797  1.8083249e+02 7.14e-01 8.09e+10 -11.0 1.06e+00    -  1.00e+00 1.25e-01h  4
1798  1.8508869e+02 5.84e-01 5.23e+10 -11.0 4.43e-01    -  1.00e+00 2.50e-01h  3
1799  1.8741996e+02 5.88e-01 5.41e+10 -11.0 3.99e-01    -  1.00e+00 2.50e-01h  3
iter    objective    inf_pr   inf_du lg(mu)  ||d||  lg(rg) alpha_du alpha_pr  ls
1800  1.6162392e+02 4.80e+03 6.16e+05 -11.0 5.15e+00    -  1.00e+00 1.00e+00w  1
1801  1.0491859e+02 7.77e+02 3.15e+05 -11.0 1.52e+00    -  1.00e+00 1.00e+00w  1
1802  8.6130322e+01 2.12e+02 5.60e+04 -11.0 1.09e+00    -  1.00e+00 1.00e+00w  1
1803  1.6288478e+02 1.44e+00 4.89e+10 -11.0 1.08e+00    -  1.00e+00 6.25e-02f  4
1804  1.6441113e+02 1.41e+00 4.99e+10 -11.0 1.12e+00    -  1.00e+00 3.12e-02h  6
1805  1.6557684e+02 1.36e+00 4.99e+10 -11.0 1.16e+00    -  1.00e+00 3.12e-02h  6
1806  1.6637438e+02 1.34e+00 5.18e+10 -11.0 8.47e-01    -  1.00e+00 1.56e-02h  7
1807  1.6819034e+02 1.28e+00 5.74e+10 -11.0 8.96e-01    -  1.00e+00 3.12e-02h  6
1808  1.6932177e+02 1.21e+00 5.54e+10 -11.0 9.33e-01    -  1.00e+00 3.12e-02h  6
1809  1.7043490e+02 1.19e+00 5.40e+10 -11.0 1.31e+00    -  1.00e+00 3.12e-02h  6
iter    objective    inf_pr   inf_du lg(mu)  ||d||  lg(rg) alpha_du alpha_pr  ls
1810  1.6108419e+02 1.33e+00 3.25e+10 -11.0 4.76e+00    -  1.00e+00 3.12e-02f  6
1811  1.6319865e+02 1.29e+00 2.57e+10 -11.0 8.42e-01    -  1.00e+00 6.25e-02h  5
1812  1.6555309e+02 2.90e+00 3.52e+10 -11.0 8.95e-01    -  1.00e+00 1.25e-01h  4
1813  1.4469238e+02 1.09e+02 1.01e+13 -11.0 7.61e-01    -  1.00e+00 1.00e+00w  1
1814  1.9103601e+02 2.03e+02 1.08e+12 -11.0 1.23e+00    -  1.00e+00 1.00e+00w  1
1815  1.9771172e+02 2.24e+02 2.38e+12 -11.0 8.96e-01    -  1.00e+00 1.00e+00w  1
1816  1.5911069e+02 4.90e+00 9.04e+11 -11.0 1.31e+00    -  1.00e+00 2.50e-01f  2
1817  1.5141025e+02 5.84e+00 8.18e+11 -11.0 4.71e+00    -  1.00e+00 3.12e-02f  6
1818  1.4232064e+02 3.73e+00 7.64e+11 -11.0 4.47e+00    -  1.00e+00 3.12e-02f  6
1819  1.3247767e+02 3.39e+00 6.86e+11 -11.0 6.00e+00    -  1.00e+00 3.12e-02f  6
iter    objective    inf_pr   inf_du lg(mu)  ||d||  lg(rg) alpha_du alpha_pr  ls
1820  1.1388585e+02 3.31e+00 1.20e+12 -11.0 3.85e+00    -  1.00e+00 6.25e-02f  5
1821  8.0227880e+01 3.86e+02 1.10e+05 -11.0 3.69e+00    -  1.00e+00 1.00e+00f  1
1822  6.9729288e+01 3.48e+03 9.95e+03 -11.0 3.31e+00    -  1.00e+00 1.00e+00f  1
1823  4.8452995e+01 2.21e+03 6.17e+03 -11.0 2.95e+00    -  1.00e+00 1.00e+00h  1
1824  4.2791569e+01 2.65e+03 2.51e+03 -11.0 2.61e+00    -  1.00e+00 1.00e+00h  1
1825  5.8040696e+01 1.11e+03 3.30e+05 -11.0 1.38e+00    -  1.00e+00 1.00e+00h  1
1826  4.0748397e+01 4.29e+02 1.31e+06 -11.0 1.65e+00    -  1.00e+00 1.00e+00h  1
1827  6.9420843e+01 1.78e+02 4.05e+05 -11.0 9.75e-01    -  1.00e+00 1.00e+00h  1
1828  6.9201984e+01 1.61e+02 1.36e+05 -11.0 9.60e-01    -  1.00e+00 5.00e-01h  2
1829  6.5650395e+01 1.03e+02 7.36e+03 -11.0 1.94e+00    -  1.00e+00 1.00e+00f  1
iter    objective    inf_pr   inf_du lg(mu)  ||d||  lg(rg) alpha_du alpha_pr  ls
1830  3.4052323e+01 3.07e+02 1.16e+05 -11.0 5.12e+00    -  1.00e+00 2.50e-01f  3
1831  2.4551800e+01 2.07e+02 1.04e+05 -11.0 1.61e+01    -  1.00e+00 6.25e-02f  5
1832  2.3476733e+01 4.77e+02 2.92e+06 -11.0 6.07e-01    -  1.00e+00 1.00e+00h  1
1833  3.4266626e+01 1.36e+02 1.63e+05 -11.0 1.51e+00    -  1.00e+00 1.00e+00h  1
1834  2.9924662e+01 1.42e+02 2.51e+05 -11.0 8.20e-01    -  1.00e+00 1.00e+00h  1
1835  3.3718861e+01 1.30e+02 3.57e+05 -11.0 9.99e-01    -  1.00e+00 1.00e+00h  1
1836  3.3526096e+01 1.17e+02 3.38e+05 -11.0 2.24e+00    -  1.00e+00 1.25e-01h  4
1837  3.3918822e+01 1.03e+02 8.96e+06 -11.0 1.46e+00    -  1.00e+00 1.25e-01h  4
1838  3.3845985e+01 8.99e+01 6.79e+08 -11.0 1.58e+00    -  1.00e+00 2.50e-01h  3
1839  3.4418819e+01 6.67e+01 4.97e+09 -11.0 1.22e+00    -  1.00e+00 2.50e-01h  3
iter    objective    inf_pr   inf_du lg(mu)  ||d||  lg(rg) alpha_du alpha_pr  ls
1840  3.5240795e+01 1.11e+02 4.86e+11 -11.0 5.49e-01    -  1.00e+00 2.50e-01h  3
1841  3.9723616e+01 5.83e+01 1.74e+11 -11.0 6.41e-01    -  1.00e+00 5.00e-01h  2
1842  4.1994707e+01 2.71e+01 1.50e+11 -11.0 2.93e-01    -  1.00e+00 1.00e+00h  1
1843  4.4771813e+01 1.70e+01 7.46e+10 -11.0 6.47e-01    -  1.00e+00 5.00e-01h  2
1844  4.4767208e+01 1.52e+01 1.07e+11 -11.0 3.98e-01    -  1.00e+00 5.00e-01h  2
1845  3.6845444e+01 1.23e+02 3.95e+12 -11.0 1.40e+00    -  1.00e+00 1.00e+00f  1
1846  3.7510073e+01 3.12e+01 9.31e+11 -11.0 1.54e+00    -  1.00e+00 1.00e+00h  1
1847  2.1113428e+01 1.18e+01 5.53e+11 -11.0 2.28e+00    -  1.00e+00 5.00e-01f  2
1848  1.9387942e+01 7.14e+00 2.38e+04 -11.0 8.32e-01    -  1.00e+00 1.00e+00f  1
1849  1.7354005e+01 1.47e+01 4.57e+05 -11.0 1.58e+00    -  1.00e+00 5.00e-01h  2
iter    objective    inf_pr   inf_du lg(mu)  ||d||  lg(rg) alpha_du alpha_pr  ls
1850  1.6836483e+01 4.95e+00 4.24e+05 -11.0 1.50e+00    -  1.00e+00 2.50e-01h  3
1851  1.6302121e+01 1.08e+01 1.01e+06 -11.0 1.09e+00    -  1.00e+00 2.50e-01h  3
1852  1.2473808e+01 3.53e+01 3.48e+05 -11.0 1.56e+00    -  1.00e+00 5.00e-01f  2
1853  1.5829771e+01 2.07e+01 3.61e+05 -11.0 2.08e+00    -  1.00e+00 5.00e-01h  2
1854  1.5875339e+01 1.59e+01 1.22e+06 -11.0 1.56e+00    -  1.00e+00 2.50e-01h  3
1855  1.6330695e+01 1.19e+01 1.14e+06 -11.0 1.11e+00    -  1.00e+00 2.50e-01h  3
1856  1.6560864e+01 9.83e+00 9.69e+05 -11.0 7.36e-01    -  1.00e+00 1.25e-01h  4
1857  1.6793662e+01 4.46e+00 4.75e+05 -11.0 5.57e-01    -  1.00e+00 5.00e-01h  2
1858  1.6231769e+01 2.99e+02 1.56e+04 -11.0 1.94e+00    -  1.00e+00 1.00e+00f  1
1859  1.0943611e+01 9.06e+02 8.21e+04 -11.0 9.29e-01    -  1.00e+00 1.00e+00h  1
iter    objective    inf_pr   inf_du lg(mu)  ||d||  lg(rg) alpha_du alpha_pr  ls
1860  1.1564333e+01 3.38e+01 1.08e+06 -11.0 6.78e-01    -  1.00e+00 1.00e+00h  1
1861  1.5208481e+01 1.16e+02 9.67e+08 -11.0 9.97e-01    -  1.00e+00 5.00e-01h  2
1862  1.4804001e+01 8.78e+01 3.72e+09 -11.0 2.16e+00    -  1.00e+00 2.50e-01h  3
1863  1.6035447e+01 6.59e+01 4.73e+10 -11.0 1.19e+00    -  1.00e+00 2.50e-01h  3
1864  1.6517591e+01 6.18e+01 4.12e+10 -11.0 9.62e-01    -  1.00e+00 6.25e-02h  5
1865  3.1315535e+01 2.18e+01 7.80e+10 -11.0 1.36e+00    -  1.00e+00 1.00e+00h  1
1866  2.8901135e+01 9.34e+00 1.10e+11 -11.0 1.54e+00    -  1.00e+00 2.50e-01h  3
1867  2.8608370e+01 1.80e+01 6.25e+11 -11.0 2.51e+00    -  1.00e+00 1.25e-01h  4
1868  2.7042457e+01 1.24e+01 2.66e+12 -11.0 3.28e+00    -  1.00e+00 1.25e-01h  4
1869  2.5053206e+01 9.56e+00 3.21e+11 -11.0 3.02e+00    -  1.00e+00 2.50e-01h  3
iter    objective    inf_pr   inf_du lg(mu)  ||d||  lg(rg) alpha_du alpha_pr  ls
1870  2.4773671e+01 8.22e+00 3.14e+11 -11.0 1.95e+00    -  1.00e+00 1.25e-01h  4
1871  2.5063726e+01 7.49e+00 1.77e+11 -11.0 1.60e+00    -  1.00e+00 6.25e-02h  5
1872  2.5220146e+01 7.32e+00 1.48e+11 -11.0 2.11e+00    -  1.00e+00 3.12e-02h  6
1873  2.5893204e+01 6.79e+00 1.84e+11 -11.0 2.09e+00    -  1.00e+00 6.25e-02h  5
1874  2.7774892e+01 5.92e+00 2.47e+11 -11.0 2.37e+00    -  1.00e+00 1.25e-01h  4
1875  2.8540160e+01 5.74e+00 2.62e+11 -11.0 3.16e+00    -  1.00e+00 3.12e-02h  6
1876  9.1785956e+01 2.37e+03 3.04e+05 -11.0 4.22e+00    -  1.00e+00 1.00e+00w  1
1877  2.0662372e+02 1.31e+03 1.09e+07 -11.0 9.65e+00    -  1.00e+00 1.00e+00w  1
1878  1.1701822e+02 2.94e+03 1.63e+07 -11.0 3.21e+00    -  1.00e+00 1.00e+00w  1
1879  2.7763917e+01 1.03e+01 1.60e+11 -11.0 3.27e+00    -  1.00e+00 6.25e-02h  4
iter    objective    inf_pr   inf_du lg(mu)  ||d||  lg(rg) alpha_du alpha_pr  ls
1880  2.5580226e+01 9.02e+00 2.94e+11 -11.0 2.29e+00    -  1.00e+00 2.50e-01h  3
1881  2.6784973e+01 7.64e+00 2.86e+11 -11.0 1.48e+00    -  1.00e+00 1.25e-01h  4
1882  2.7064470e+01 7.41e+00 2.57e+11 -11.0 1.37e+00    -  1.00e+00 3.12e-02h  6
1883  2.7570799e+01 6.76e+00 2.51e+11 -11.0 1.36e+00    -  1.00e+00 6.25e-02h  5
1884  3.1675807e+01 5.58e+00 1.66e+11 -11.0 1.57e+00    -  1.00e+00 2.50e-01h  3
1885  3.5377803e+01 1.06e+01 2.59e+10 -11.0 7.37e-01    -  1.00e+00 2.50e-01h  3
1886  3.7491507e+01 1.02e+01 2.83e+10 -11.0 8.44e-01    -  1.00e+00 1.25e-01h  4
1887  4.1141263e+01 7.21e+00 1.60e+11 -11.0 7.56e-01    -  1.00e+00 2.50e-01h  3
1888  4.4691729e+01 5.32e+00 5.54e+10 -11.0 6.47e-01    -  1.00e+00 2.50e-01h  3
1889  5.7308397e+01 8.77e+01 1.19e+11 -11.0 4.36e-01    -  1.00e+00 1.00e+00w  1
iter    objective    inf_pr   inf_du lg(mu)  ||d||  lg(rg) alpha_du alpha_pr  ls
1890  4.8434660e+01 5.18e+02 1.56e+04 -11.0 2.99e+00    -  1.00e+00 1.00e+00w  1
1891  1.1215059e+02 1.70e+03 7.42e+04 -11.0 2.76e+00    -  1.00e+00 1.00e+00w  1
1892  4.5928048e+01 4.91e+00 3.36e+10 -11.0 8.53e+00    -  1.00e+00 1.25e-01h  3
1893  3.9023627e+01 5.13e+00 3.60e+10 -11.0 6.58e+00    -  1.00e+00 6.25e-02f  5
1894  3.0819598e+01 4.15e+00 4.07e+10 -11.0 2.33e+00    -  1.00e+00 2.50e-01f  3
1895  2.7930076e+01 5.09e+00 4.61e+11 -11.0 1.18e+00    -  1.00e+00 2.50e-01h  3
1896  2.3541536e+01 1.76e+01 3.75e+11 -11.0 1.23e+00    -  1.00e+00 5.00e-01f  2
1897  2.0865977e+01 1.86e+01 2.32e+11 -11.0 1.50e+00    -  1.00e+00 2.50e-01h  3
1898  1.6169658e+01 1.02e+01 1.07e+11 -11.0 2.17e+00    -  1.00e+00 5.00e-01f  2
1899  1.3296220e+01 3.36e+01 7.64e+10 -11.0 1.19e+00    -  1.00e+00 2.50e-01h  3
iter    objective    inf_pr   inf_du lg(mu)  ||d||  lg(rg) alpha_du alpha_pr  ls
1900  1.3977176e+01 3.28e+01 3.17e+10 -11.0 1.88e+00    -  1.00e+00 5.00e-01h  2
1901  1.2638426e+01 9.80e+01 1.35e+11 -11.0 1.60e+00    -  1.00e+00 5.00e-01h  2
1902  3.1681356e+01 4.90e+02 6.15e+13 -11.0 1.58e+00    -  1.00e+00 1.00e+00w  1
1903  4.1308919e+01 4.10e+02 2.81e+11 -11.0 1.36e+00    -  1.00e+00 1.00e+00w  1
1904  4.2830533e+01 3.48e+02 2.29e+11 -11.0 1.29e+00    -  1.00e+00 1.00e+00w  1
1905  1.2994724e+01 9.34e+01 1.43e+11 -11.0 9.46e-01    -  1.00e+00 6.25e-02h  4
1906  1.3295837e+01 9.06e+01 1.34e+11 -11.0 1.90e+00    -  1.00e+00 3.12e-02h  6
1907  1.3296174e+01 9.06e+01 1.34e+11 -11.0 2.67e+00    -  1.00e+00 3.05e-05h 16
1908  5.8472728e+01 1.99e+02 3.69e+09 -11.0 2.67e+00    -  1.00e+00 1.00e+00s 22
1909r 5.8472728e+01 1.99e+02 9.99e+02   2.3 0.00e+00    -  0.00e+00 0.00e+00R  1
iter    objective    inf_pr   inf_du lg(mu)  ||d||  lg(rg) alpha_du alpha_pr  ls
1910r 5.9695551e+01 1.02e+02 2.44e+04   4.3 1.71e+05    -  8.49e-02 1.12e-03f  1
1911r 5.6937835e+01 9.13e+01 3.98e+05   3.0 6.74e+02    -  2.34e-01 8.00e-02f  1
1912r 5.8653188e+01 7.75e+02 3.72e+05   1.8 2.01e+01    -  1.00e+00 2.64e-01f  1
1913r 5.5249899e+01 5.86e+02 3.01e+05   2.5 3.82e+00    -  1.00e+00 3.65e-01f  1
1914r 5.0398826e+01 4.83e+02 4.66e+04   1.6 2.18e+00    -  1.00e+00 7.64e-01f  1
1915r 4.8202773e+01 1.69e+02 2.58e+05   1.6 4.86e-01    -  1.00e+00 8.13e-01f  1
1916r 4.5097065e+01 4.48e+01 1.73e+05   1.4 6.62e-01    -  1.00e+00 5.04e-01f  1
1917r 4.3551225e+01 5.88e+01 6.60e+06   2.5 1.33e+00    -  6.31e-01 4.31e-01f  1
1918r 4.3313307e+01 5.63e+01 5.95e+06   2.1 4.43e+00    -  1.00e+00 4.41e-02h  1
1919r 4.2993572e+01 2.22e+01 2.29e+06   2.1 2.34e-01    -  8.30e-01 7.67e-01f  1
iter    objective    inf_pr   inf_du lg(mu)  ||d||  lg(rg) alpha_du alpha_pr  ls
1920r 4.1696410e+01 1.10e+01 3.08e+06  -3.9 5.88e-01    -  1.00e+00 4.33e-01f  1
1921  4.1652574e+01 9.28e+00 5.09e+12 -11.0 2.26e+00   9.4 1.00e+00 6.25e-02h  5
1922  4.1089237e+01 7.78e+00 3.39e+12 -11.0 2.01e+00   8.9 1.00e+00 6.25e-02h  5
1923  4.0971799e+01 8.47e+00 3.20e+12 -11.0 1.63e+00    -  1.00e+00 6.25e-02h  5
1924  4.1004230e+01 8.35e+00 3.03e+12 -11.0 1.34e+00    -  1.00e+00 3.12e-02h  6
1925  4.0961995e+01 7.89e+00 2.83e+12 -11.0 1.32e+00    -  1.00e+00 6.25e-02h  5
1926  3.9236215e+01 7.94e+00 2.81e+12 -11.0 1.68e+00    -  1.00e+00 6.25e-02f  5
1927  3.7699687e+01 4.87e+00 2.48e+12 -11.0 1.48e+00    -  1.00e+00 1.25e-01h  4
1928  3.7647650e+01 4.92e+00 2.46e+12 -11.0 9.76e-01    -  1.00e+00 1.56e-02h  7
1929  3.7592521e+01 4.93e+00 2.43e+12 -11.0 1.17e+00    -  1.00e+00 1.56e-02h  7
iter    objective    inf_pr   inf_du lg(mu)  ||d||  lg(rg) alpha_du alpha_pr  ls
1930  3.7547605e+01 5.02e+00 2.41e+12 -11.0 9.77e-01    -  1.00e+00 1.56e-02h  7
1931  8.5392801e+01 2.34e+01 7.68e+05 -11.0 1.77e+00    -  1.00e+00 1.00e+00w  1
1932  6.1341065e+01 1.33e+03 2.25e+06 -11.0 2.28e+00    -  1.00e+00 1.00e+00w  1
1933  6.8912513e+01 7.94e+02 9.68e+04 -11.0 2.21e+00    -  1.00e+00 1.00e+00w  1
1934  3.8795886e+01 6.02e+00 4.05e+12 -11.0 6.22e-01    -  1.00e+00 2.50e-01h  2
1935  3.9014796e+01 5.86e+00 3.84e+12 -11.0 1.40e+00    -  1.00e+00 3.12e-02h  6
1936  3.9143367e+01 5.94e+00 3.60e+12 -11.0 1.29e+00    -  1.00e+00 1.56e-02h  7
1937  3.9176013e+01 5.93e+00 3.54e+12 -11.0 1.18e+00    -  1.00e+00 3.91e-03h  9
1938  3.9212662e+01 5.92e+00 3.48e+12 -11.0 1.13e+00    -  1.00e+00 3.91e-03h  9
1939  3.5957902e+01 3.42e+01 1.47e+12 -11.0 1.77e+00    -  1.00e+00 2.50e-01f  3
iter    objective    inf_pr   inf_du lg(mu)  ||d||  lg(rg) alpha_du alpha_pr  ls
1940  3.7328820e+01 3.11e+01 1.24e+12 -11.0 1.37e+00    -  1.00e+00 1.25e-01h  4
1941  3.7458098e+01 3.01e+01 1.16e+12 -11.0 1.87e+00    -  1.00e+00 3.12e-02h  6
1942  3.7502903e+01 3.00e+01 1.14e+12 -11.0 1.98e+00    -  1.00e+00 3.91e-03h  9
1943  3.7542310e+01 2.99e+01 1.13e+12 -11.0 1.98e+00    -  1.00e+00 3.91e-03h  9
1944  1.0839020e+02 1.08e+04 3.75e+12 -11.0 2.10e+00    -  1.00e+00 1.00e+00w  1
1945  1.0405670e+02 3.87e+03 3.21e+12 -11.0 2.08e+00    -  1.00e+00 1.00e+00w  1
1946  1.1661706e+02 7.26e+03 5.37e+03 -11.0 3.79e+00    -  1.00e+00 1.00e+00w  1
1947  3.7545438e+01 2.99e+01 1.13e+12 -11.0 3.47e+00    -  1.00e+00 2.44e-04h 12
1948  3.7546635e+01 2.99e+01 1.13e+12 -11.0 2.35e+00    -  1.00e+00 6.10e-05h 15
1949  3.8229078e+01 2.92e+01 1.16e+12 -11.0 2.35e+00    -  1.00e+00 3.12e-02h  6
iter    objective    inf_pr   inf_du lg(mu)  ||d||  lg(rg) alpha_du alpha_pr  ls
1950  3.9932145e+01 2.77e+01 1.27e+12 -11.0 2.42e+00    -  1.00e+00 6.25e-02h  5
1951  4.5136725e+01 2.50e+01 1.61e+12 -11.0 2.42e+00    -  1.00e+00 1.25e-01h  4
1952  4.5927385e+01 2.34e+01 1.87e+12 -11.0 1.55e+00    -  1.00e+00 6.25e-02h  5
1953  5.2671301e+01 3.34e+01 4.28e+12 -11.0 1.62e+00    -  1.00e+00 2.50e-01h  3
1954  5.3395692e+01 2.87e+01 3.57e+12 -11.0 9.11e-01    -  1.00e+00 1.25e-01h  4
1955  5.5824766e+01 2.39e+01 2.65e+12 -11.0 9.27e-01    -  1.00e+00 2.50e-01h  3
1956  5.6399340e+01 2.32e+01 2.54e+12 -11.0 1.75e+00    -  1.00e+00 3.12e-02h  6
1957  1.0859608e+02 1.30e+03 4.99e+13 -11.0 1.59e+00    -  1.00e+00 1.00e+00w  1
1958  6.3552745e+01 6.62e+02 1.07e+05 -11.0 2.85e+00    -  1.00e+00 1.00e+00w  1
1959  4.9198769e+01 4.63e+02 6.40e+04 -11.0 3.12e+00    -  1.00e+00 1.00e+00w  1
iter    objective    inf_pr   inf_du lg(mu)  ||d||  lg(rg) alpha_du alpha_pr  ls
1960  5.7222098e+01 2.10e+01 2.56e+12 -11.0 1.47e+00    -  1.00e+00 6.25e-02h  4
1961  5.6675598e+01 1.75e+01 1.71e+12 -11.0 1.21e+00    -  1.00e+00 1.25e-01h  4
1962  6.3669395e+01 1.37e+01 1.70e+12 -11.0 1.96e+00    -  1.00e+00 2.50e-01h  3
1963  6.6610161e+01 1.30e+01 1.37e+12 -11.0 1.72e+00    -  1.00e+00 6.25e-02h  5
1964  6.7772151e+01 1.28e+01 1.33e+12 -11.0 2.51e+00    -  1.00e+00 1.56e-02h  7
1965  7.0418606e+01 1.26e+01 1.30e+12 -11.0 1.99e+00    -  1.00e+00 3.12e-02h  6
1966  7.9992752e+01 1.12e+01 2.13e+12 -11.0 1.82e+00    -  1.00e+00 1.25e-01h  4
1967  8.8683370e+01 8.69e+00 1.02e+12 -11.0 2.62e+00    -  1.00e+00 1.25e-01h  4
1968  8.2914305e+01 8.53e+00 1.55e+12 -11.0 4.26e+00    -  1.00e+00 3.12e-02f  6
1969  7.4106792e+01 1.12e+01 7.11e+11 -11.0 4.20e+00    -  1.00e+00 6.25e-02f  5
iter    objective    inf_pr   inf_du lg(mu)  ||d||  lg(rg) alpha_du alpha_pr  ls
1970  1.0424618e+02 1.16e+03 3.58e+13 -11.0 7.03e-01    -  1.00e+00 1.00e+00w  1
1971  1.0587339e+02 1.03e+02 6.32e+11 -11.0 8.02e-01    -  1.00e+00 1.00e+00w  1
1972  1.2860991e+02 2.48e+02 5.23e+12 -11.0 1.09e+00    -  1.00e+00 1.00e+00w  1
1973  7.4697179e+01 1.05e+01 7.14e+11 -11.0 1.03e+00    -  1.00e+00 3.12e-02h  5
1974  7.5787450e+01 1.01e+01 7.97e+11 -11.0 1.26e+00    -  1.00e+00 3.12e-02h  6
1975  7.3314766e+01 9.35e+00 8.45e+11 -11.0 3.09e+00    -  1.00e+00 3.12e-02f  6
1976  7.0065897e+01 1.19e+01 1.33e+12 -11.0 2.47e+00    -  1.00e+00 6.25e-02f  5
1977  6.7429064e+01 1.06e+01 9.48e+11 -11.0 2.56e+00    -  1.00e+00 6.25e-02f  5
1978  6.3994166e+01 9.97e+00 1.03e+12 -11.0 2.56e+00    -  1.00e+00 1.25e-01f  4
1979  6.3945343e+01 1.04e+01 8.67e+11 -11.0 9.35e-01    -  1.00e+00 6.25e-02h  5
iter    objective    inf_pr   inf_du lg(mu)  ||d||  lg(rg) alpha_du alpha_pr  ls
1980  6.6805775e+01 7.37e+00 7.38e+11 -11.0 9.90e-01    -  1.00e+00 1.25e-01h  4
1981  8.3968815e+01 7.64e+00 1.66e+12 -11.0 9.50e-01    -  1.00e+00 5.00e-01h  2
1982  8.8410887e+01 7.57e+00 2.07e+12 -11.0 1.88e+00    -  1.00e+00 6.25e-02h  5
1983  2.5956388e+02 9.01e+02 2.48e+12 -11.0 1.79e+00    -  1.00e+00 1.00e+00w  1
1984  2.1948259e+02 7.50e+02 3.98e+12 -11.0 9.49e-01    -  1.00e+00 1.00e+00w  1
1985  2.5648363e+02 5.23e+03 5.76e+13 -11.0 1.94e+00    -  1.00e+00 1.00e+00w  1
1986  9.4114387e+01 6.44e+00 2.03e+12 -11.0 4.45e+00    -  1.00e+00 6.25e-02h  4
1987  1.0564471e+02 6.85e+00 1.09e+12 -11.0 1.39e+00    -  1.00e+00 1.25e-01h  4
1988  1.3457963e+02 2.77e+00 1.27e+12 -11.0 1.59e+00    -  1.00e+00 2.50e-01h  3
1989  1.3763828e+02 2.59e+00 1.15e+12 -11.0 1.37e+00    -  1.00e+00 3.12e-02h  6
iter    objective    inf_pr   inf_du lg(mu)  ||d||  lg(rg) alpha_du alpha_pr  ls
1990  1.7151544e+02 4.23e+00 5.88e+11 -11.0 1.77e+00    -  1.00e+00 2.50e-01h  3
1991  1.8232978e+02 3.98e+00 8.53e+11 -11.0 1.62e+00    -  1.00e+00 1.25e-01h  4
1992  1.8287790e+02 3.96e+00 8.45e+11 -11.0 1.68e+00    -  1.00e+00 3.91e-03h  9
1993  1.8396812e+02 3.93e+00 8.26e+11 -11.0 1.69e+00    -  1.00e+00 7.81e-03h  8
1994  1.8508192e+02 3.90e+00 8.08e+11 -11.0 1.70e+00    -  1.00e+00 7.81e-03h  8
1995  1.8416719e+02 3.76e+00 7.31e+11 -11.0 5.44e+00    -  1.00e+00 7.81e-03f  8
1996  1.8897759e+02 7.38e+02 4.88e+12 -11.0 9.38e-01    -  1.00e+00 1.00e+00w  1
1997  2.2695848e+02 1.77e+02 2.86e+12 -11.0 1.31e+00    -  1.00e+00 1.00e+00w  1
1998  2.4298082e+02 3.65e+01 5.01e+11 -11.0 4.06e-01    -  1.00e+00 1.00e+00w  1
1999  1.8414224e+02 1.64e+00 5.12e+11 -11.0 5.34e+00    -  1.00e+00 6.25e-02h  4
iter    objective    inf_pr   inf_du lg(mu)  ||d||  lg(rg) alpha_du alpha_pr  ls
2000  1.7954661e+02 1.81e+00 4.60e+11 -11.0 3.44e+00    -  1.00e+00 3.12e-02f  6
2001  1.8007339e+02 1.80e+00 1.08e+11 -11.0 1.59e+00    -  1.00e+00 3.12e-02h  6
2002  1.8206226e+02 1.42e+00 1.50e+11 -11.0 1.34e+00    -  1.00e+00 6.25e-02h  5
2003  1.8341583e+02 1.33e+00 1.32e+11 -11.0 1.31e+00    -  1.00e+00 3.12e-02h  6
2004  1.8499701e+02 1.24e+00 8.30e+10 -11.0 1.10e+00    -  1.00e+00 3.12e-02h  6
2005  1.8822047e+02 1.22e+00 8.44e+10 -11.0 9.89e-01    -  1.00e+00 6.25e-02h  5
2006  1.9952605e+02 1.94e+00 5.50e+11 -11.0 9.61e-01    -  1.00e+00 2.50e-01h  3
2007  1.7785651e+02 5.05e+00 3.15e+12 -11.0 4.41e+00    -  1.00e+00 6.25e-02f  5
2008  1.6950517e+02 4.36e+00 2.78e+12 -11.0 3.71e+00    -  1.00e+00 3.12e-02f  6
2009  1.8058999e+02 5.43e+03 4.52e+05 -11.0 4.04e+00    -  1.00e+00 1.00e+00w  1
iter    objective    inf_pr   inf_du lg(mu)  ||d||  lg(rg) alpha_du alpha_pr  ls
2010  1.4702790e+02 1.46e+04 3.31e+06 -11.0 6.24e+00    -  1.00e+00 1.00e+00w  1
2011  1.1227182e+02 1.64e+03 6.92e+04 -11.0 4.74e+00    -  1.00e+00 1.00e+00w  1
2012  1.6311833e+02 3.98e+00 2.28e+12 -11.0 2.50e+00    -  1.00e+00 3.12e-02f  5
2013  1.7549347e+02 4.98e+00 2.47e+12 -11.0 6.45e-01    -  1.00e+00 5.00e-01h  2
2014  1.7569076e+02 4.27e+00 1.80e+12 -11.0 5.97e-01    -  1.00e+00 1.25e-01h  4
2015  1.7887391e+02 3.78e+00 1.49e+12 -11.0 4.83e-01    -  1.00e+00 1.25e-01h  4
2016  1.8343278e+02 2.98e+00 8.68e+11 -11.0 3.97e-01    -  1.00e+00 2.50e-01h  3
2017  1.8657717e+02 2.76e+00 6.06e+11 -11.0 4.84e-01    -  1.00e+00 1.25e-01h  4
2018  1.9110753e+02 1.81e+00 3.17e+11 -11.0 2.78e-01    -  1.00e+00 2.50e-01h  3
2019  1.9340719e+02 1.52e+00 2.01e+11 -11.0 2.56e-01    -  1.00e+00 2.50e-01h  3
iter    objective    inf_pr   inf_du lg(mu)  ||d||  lg(rg) alpha_du alpha_pr  ls
2020  1.9686128e+02 9.15e-01 1.46e+11 -11.0 3.68e-01    -  1.00e+00 2.50e-01h  3
2021  1.9740997e+02 4.05e-01 1.40e+10 -11.0 2.77e-01    -  1.00e+00 5.00e-01h  2
2022  2.0007380e+02 1.16e+00 7.56e+10 -11.0 2.33e-01    -  1.00e+00 1.00e+00w  1
2023  1.9132370e+02 1.80e+03 2.34e+06 -11.0 4.44e+00    -  1.00e+00 1.00e+00w  1
2024  1.8678019e+02 4.46e+02 5.54e+04 -11.0 4.39e+00    -  1.00e+00 1.00e+00w  1
2025  1.9770383e+02 3.68e-01 1.07e+10 -11.0 3.21e+00    -  1.00e+00 1.25e-01h  3
2026  2.3219098e+01 4.73e+01 5.24e+10 -11.0 5.71e+00    -  1.00e+00 5.00e-01f  2
2027  1.9014880e+01 2.19e+02 9.63e+10 -11.0 1.33e+00    -  1.00e+00 5.00e-01h  2
2028  1.8363219e+01 1.66e+02 6.12e+12 -11.0 8.55e-01    -  1.00e+00 2.50e-01h  3
2029  2.0859896e+01 1.80e+02 5.75e+13 -11.0 1.04e+00    -  1.00e+00 1.00e+00h  1
iter    objective    inf_pr   inf_du lg(mu)  ||d||  lg(rg) alpha_du alpha_pr  ls
2030  1.8338885e+01 2.45e+01 6.65e+12 -11.0 9.04e-01    -  1.00e+00 1.00e+00h  1
2031  2.4703884e+01 7.93e+00 2.25e+12 -11.0 1.34e+00    -  1.00e+00 1.00e+00h  1
2032  3.1323087e+01 6.60e+00 2.15e+12 -11.0 2.57e+00    -  1.00e+00 2.50e-01h  3
2033  4.9297931e+01 6.68e+00 2.65e+12 -11.0 2.68e+00    -  1.00e+00 5.00e-01h  2
2034  4.6309307e+01 9.26e+00 1.07e+13 -11.0 1.53e+00    -  1.00e+00 2.50e-01f  3
2035  5.1760825e+01 1.12e+01 7.40e+12 -11.0 1.54e+00    -  1.00e+00 2.50e-01h  3
2036  5.2579673e+01 1.19e+01 7.12e+12 -11.0 1.14e+00    -  1.00e+00 6.25e-02h  5
2037  5.4900743e+01 8.46e+00 7.54e+11 -11.0 8.68e-01    -  1.00e+00 2.50e-01h  3
2038  5.8837913e+01 6.31e+00 3.44e+12 -11.0 8.79e-01    -  1.00e+00 2.50e-01h  3
2039  5.8204669e+01 7.13e+00 2.64e+12 -11.0 1.20e+00    -  1.00e+00 1.25e-01h  4
iter    objective    inf_pr   inf_du lg(mu)  ||d||  lg(rg) alpha_du alpha_pr  ls
2040  5.8558678e+01 6.99e+00 2.35e+12 -11.0 8.34e-01    -  1.00e+00 3.12e-02h  6
2041  6.1305821e+01 5.21e+00 1.42e+12 -11.0 7.58e-01    -  1.00e+00 2.50e-01h  3
2042  9.4922546e+01 2.14e+02 9.39e+12 -11.0 8.69e-01    -  1.00e+00 1.00e+00w  1
2043  1.0479094e+02 2.95e+03 4.37e+13 -11.0 7.84e-01    -  1.00e+00 1.00e+00w  1
2044  9.0993994e+01 3.34e+03 5.63e+11 -11.0 1.62e+00    -  1.00e+00 1.00e+00w  1
2045  6.1972918e+01 5.12e+00 1.11e+12 -11.0 1.90e+00    -  1.00e+00 3.12e-02h  5
2046  5.8218217e+01 2.75e+00 6.41e+11 -11.0 3.57e+00    -  1.00e+00 3.12e-02f  6
2047  2.6163756e+01 3.38e+00 5.85e+11 -11.0 2.72e+00    -  1.00e+00 5.00e-01f  2
2048  2.6267208e+01 3.01e+00 4.54e+11 -11.0 1.48e+00    -  1.00e+00 1.25e-01h  4
2049  2.8957086e+01 2.70e+00 2.18e+11 -11.0 1.51e+00    -  1.00e+00 2.50e-01h  3
iter    objective    inf_pr   inf_du lg(mu)  ||d||  lg(rg) alpha_du alpha_pr  ls
2050  3.6158107e+01 1.61e+00 1.69e+12 -11.0 1.44e+00    -  1.00e+00 2.50e-01h  3
2051  3.7117456e+01 1.56e+00 1.14e+12 -11.0 9.75e-01    -  1.00e+00 3.12e-02h  6
2052  4.4963067e+01 1.22e+00 1.47e+12 -11.0 1.02e+00    -  1.00e+00 2.50e-01h  3
2053  4.5362281e+01 1.21e+00 1.49e+12 -11.0 9.74e-01    -  1.00e+00 1.56e-02h  7
2054  4.5688573e+01 1.19e+00 1.51e+12 -11.0 1.10e+00    -  1.00e+00 1.56e-02h  7
2055  7.1367591e+01 2.81e+02 6.02e+13 -11.0 1.16e+00    -  1.00e+00 1.00e+00w  1
2056  8.9759461e+01 1.50e+04 4.28e+12 -11.0 1.45e+00    -  1.00e+00 1.00e+00w  1
2057  8.6939735e+01 1.29e+05 7.73e+04 -11.0 3.24e+00    -  1.00e+00 1.00e+00w  1
2058  4.5953479e+01 1.17e+00 1.54e+12 -11.0 5.62e+00    -  1.00e+00 1.56e-02h  6
2059  4.6045258e+01 1.16e+00 1.53e+12 -11.0 7.86e-01    -  1.00e+00 7.81e-03h  8
iter    objective    inf_pr   inf_du lg(mu)  ||d||  lg(rg) alpha_du alpha_pr  ls
2060  4.6490717e+01 1.11e+00 1.68e+12 -11.0 8.02e-01    -  1.00e+00 6.25e-02h  5
2061  4.6632110e+01 1.10e+00 1.69e+12 -11.0 6.99e-01    -  1.00e+00 1.56e-02h  7
2062  4.6733660e+01 1.08e+00 1.70e+12 -11.0 8.78e-01    -  1.00e+00 1.56e-02h  7
2063  4.7001971e+01 1.05e+00 1.66e+12 -11.0 7.53e-01    -  1.00e+00 3.12e-02h  6
2064  4.7311282e+01 1.00e+00 1.56e+12 -11.0 1.10e+00    -  1.00e+00 6.25e-02h  5
2065  4.7730757e+01 9.85e-01 1.78e+12 -11.0 7.48e-01    -  1.00e+00 3.12e-02h  6
2066  4.7609349e+01 9.83e-01 1.78e+12 -11.0 2.56e+00    -  1.00e+00 1.95e-03f 10
2067  4.7069230e+01 9.76e-01 1.85e+12 -11.0 2.72e+00    -  1.00e+00 7.81e-03f  8
2068  5.3732078e+01 9.06e+02 6.25e+13 -11.0 1.34e+00    -  1.00e+00 1.00e+00w  1
2069  1.0277159e+02 1.88e+03 1.40e+13 -11.0 1.43e+00    -  1.00e+00 1.00e+00w  1
iter    objective    inf_pr   inf_du lg(mu)  ||d||  lg(rg) alpha_du alpha_pr  ls
2070  1.4534175e+02 1.16e+03 1.21e+12 -11.0 1.32e+00    -  1.00e+00 1.00e+00w  1
2071  4.7049500e+01 9.69e-01 1.82e+12 -11.0 5.13e+00    -  1.00e+00 7.81e-03h  7
2072  4.6001043e+01 9.53e-01 2.03e+12 -11.0 2.84e+00    -  1.00e+00 1.56e-02f  7
2073  4.3928174e+01 9.09e-01 2.62e+12 -11.0 2.26e+00    -  1.00e+00 3.12e-02f  6
2074  2.5099227e+01 3.43e+02 1.13e+12 -11.0 2.89e+00    -  1.00e+00 5.00e-01f  2
2075  9.6958221e+01 4.38e+02 5.42e+11 -11.0 2.27e+00    -  1.00e+00 1.00e+00h  1
2076  1.0707661e+02 2.03e+02 3.02e+11 -11.0 2.33e+00    -  1.00e+00 2.50e-01h  3
2077  1.1106412e+02 1.98e+02 2.51e+11 -11.0 2.05e+00    -  1.00e+00 6.25e-02h  5
2078  1.1492254e+02 1.82e+02 2.76e+11 -11.0 1.97e+00    -  1.00e+00 6.25e-02h  5
2079  1.1923788e+02 1.69e+02 2.36e+11 -11.0 1.97e+00    -  1.00e+00 6.25e-02h  5
iter    objective    inf_pr   inf_du lg(mu)  ||d||  lg(rg) alpha_du alpha_pr  ls
2080  1.2397746e+02 1.61e+02 2.02e+11 -11.0 2.01e+00    -  1.00e+00 6.25e-02h  5
2081  1.3884307e+02 1.46e+02 1.22e+11 -11.0 2.02e+00    -  1.00e+00 1.25e-01h  4
2082  1.4001231e+02 1.44e+02 1.18e+11 -11.0 1.85e+00    -  1.00e+00 1.56e-02h  7
2083  1.4201547e+02 1.40e+02 1.14e+11 -11.0 1.80e+00    -  1.00e+00 3.12e-02h  6
2084  1.5451297e+02 1.20e+02 2.74e+11 -11.0 2.26e+00    -  1.00e+00 1.25e-01h  4
2085  1.5895733e+02 1.17e+02 2.73e+11 -11.0 1.82e+00    -  1.00e+00 3.12e-02h  6
2086  3.6050996e+02 2.53e+02 1.10e+13 -11.0 1.87e+00    -  1.00e+00 1.00e+00w  1
2087  3.3120369e+02 9.86e+02 3.27e+12 -11.0 8.78e-01    -  1.00e+00 1.00e+00w  1
2088  3.7694803e+02 2.47e+03 7.50e+12 -11.0 1.33e+00    -  1.00e+00 1.00e+00w  1
2089  1.7749236e+02 1.01e+02 2.27e+11 -11.0 4.68e+00    -  1.00e+00 1.25e-01h  3
iter    objective    inf_pr   inf_du lg(mu)  ||d||  lg(rg) alpha_du alpha_pr  ls
2090  1.9672572e+02 8.51e+01 5.03e+11 -11.0 1.60e+00    -  1.00e+00 1.25e-01h  4
2091  2.0414750e+02 8.12e+01 5.56e+11 -11.0 1.32e+00    -  1.00e+00 6.25e-02h  5
2092  2.1224756e+02 7.66e+01 5.63e+11 -11.0 1.44e+00    -  1.00e+00 6.25e-02h  5
2093  2.1503308e+02 7.38e+01 5.24e+11 -11.0 1.65e+00    -  1.00e+00 3.12e-02h  6
2094  2.1769067e+02 7.13e+01 4.98e+11 -11.0 1.51e+00    -  1.00e+00 3.12e-02h  6
2095  2.3008281e+02 6.13e+01 4.13e+11 -11.0 1.52e+00    -  1.00e+00 1.25e-01h  4
2096  2.5336220e+02 4.81e+01 1.88e+11 -11.0 1.01e+00    -  1.00e+00 2.50e-01h  3
2097  2.6943247e+02 3.47e+01 1.94e+11 -11.0 7.77e-01    -  1.00e+00 2.50e-01h  3
2098  2.6276542e+02 3.43e+01 1.85e+11 -11.0 3.95e+00    -  1.00e+00 3.12e-02f  6
2099  2.6263028e+02 9.88e+02 9.32e+04 -11.0 4.80e+00    -  1.00e+00 1.00e+00w  1
iter    objective    inf_pr   inf_du lg(mu)  ||d||  lg(rg) alpha_du alpha_pr  ls
2100  2.4124816e+02 4.80e+02 3.08e+03 -11.0 5.89e+00    -  1.00e+00 1.00e+00w  1
2101  2.0475404e+02 3.40e+02 1.71e+03 -11.0 5.44e+00    -  1.00e+00 1.00e+00w  1
2102  2.5502738e+02 3.54e+01 1.79e+11 -11.0 4.05e+00    -  1.00e+00 6.25e-02f  4
2103  2.5987281e+02 3.31e+01 1.68e+11 -11.0 5.92e-01    -  1.00e+00 6.25e-02h  5
2104  2.6818514e+02 2.87e+01 1.73e+11 -11.0 5.06e-01    -  1.00e+00 1.25e-01h  4
2105  2.7429870e+02 2.48e+01 1.80e+11 -11.0 4.72e-01    -  1.00e+00 1.25e-01h  4
2106  2.6757236e+02 2.40e+01 1.85e+11 -11.0 4.49e+00    -  1.00e+00 1.56e-02f  7
2107  2.6568449e+02 2.39e+01 1.87e+11 -11.0 4.60e+00    -  1.00e+00 3.91e-03f  9
2108  2.6371141e+02 2.37e+01 1.89e+11 -11.0 4.46e+00    -  1.00e+00 3.91e-03f  9
2109  2.6195303e+02 2.36e+01 1.90e+11 -11.0 4.26e+00    -  1.00e+00 3.91e-03f  9
iter    objective    inf_pr   inf_du lg(mu)  ||d||  lg(rg) alpha_du alpha_pr  ls
2110  2.5984377e+02 2.33e+01 1.93e+11 -11.0 4.90e+00    -  1.00e+00 3.91e-03f  9
2111  1.5444834e+02 5.50e+04 7.32e+11 -11.0 4.96e+00    -  1.00e+00 5.00e-01f  2
2112  1.3671522e+02 1.93e+05 1.04e+06 -11.0 3.94e+00    -  1.00e+00 1.00e+00w  1
2113  1.1336974e+02 5.47e+04 3.71e+06 -11.0 3.16e+00    -  1.00e+00 1.00e+00w  1
2114  1.0513630e+02 6.14e+03 7.56e+06 -11.0 8.27e-01    -  1.00e+00 1.00e+00h  1
2115  1.0619246e+02 1.37e+03 1.52e+07 -11.0 7.47e-01    -  1.00e+00 1.00e+00h  1
2116  1.2276559e+02 4.74e+02 5.90e+07 -11.0 7.32e-01    -  1.00e+00 1.00e+00h  1
2117  1.2089175e+02 4.81e+01 4.27e+07 -11.0 1.57e+00    -  1.00e+00 2.50e-01h  3
2118  9.9835244e+01 1.47e+03 7.13e+05 -11.0 2.92e+00    -  1.00e+00 1.00e+00f  1
2119  7.3824960e+01 8.79e+03 2.28e+04 -11.0 3.64e+00    -  1.00e+00 1.00e+00f  1
iter    objective    inf_pr   inf_du lg(mu)  ||d||  lg(rg) alpha_du alpha_pr  ls
2120  6.1963181e+01 6.05e+03 3.66e+06 -11.0 3.55e+00    -  1.00e+00 1.00e+00h  1
2121  6.0454881e+01 1.80e+03 2.14e+07 -11.0 1.80e+00    -  1.00e+00 5.00e-01h  2
2122  7.4324128e+01 3.77e+02 5.67e+06 -11.0 1.64e+00    -  1.00e+00 1.00e+00h  1
2123  7.4084161e+01 8.45e+02 1.53e+06 -11.0 9.41e-01    -  1.00e+00 1.00e+00h  1
2124  5.7717280e+01 2.06e+02 4.42e+03 -11.0 3.05e+00    -  1.00e+00 1.00e+00f  1
2125  3.8682118e+01 1.19e+04 8.98e+04 -11.0 3.08e+00    -  1.00e+00 5.00e-01f  2
2126  4.9056856e+01 2.16e+03 4.61e+04 -11.0 2.64e+00    -  1.00e+00 5.00e-01h  2
2127  5.4535441e+01 1.88e+03 3.30e+06 -11.0 1.83e+00    -  1.00e+00 1.25e-01h  4
2128  5.8366999e+01 1.77e+03 1.88e+07 -11.0 2.02e+00    -  1.00e+00 6.25e-02h  5
2129  5.9578612e+01 1.74e+03 1.81e+07 -11.0 2.32e+00    -  1.00e+00 1.56e-02h  7
iter    objective    inf_pr   inf_du lg(mu)  ||d||  lg(rg) alpha_du alpha_pr  ls
2130  6.0190392e+01 1.72e+03 1.73e+07 -11.0 2.26e+00    -  1.00e+00 7.81e-03h  8
2131  7.0272705e+01 7.48e+03 4.56e+07 -11.0 2.73e+00    -  1.00e+00 2.50e-01h  3
2132  5.9224555e+01 2.76e+04 7.88e+07 -11.0 3.30e+00    -  1.00e+00 5.00e-01h  2
2133  4.4711877e+01 6.71e+03 7.13e+04 -11.0 2.41e+00    -  1.00e+00 1.00e+00h  1
2134  2.6060371e+01 3.73e+03 2.89e+04 -11.0 3.27e+00    -  1.00e+00 5.00e-01h  2
2135  3.2470319e+01 2.23e+03 8.11e+03 -11.0 1.29e+00    -  1.00e+00 5.00e-01h  2
2136  7.5826705e+01 1.62e+03 1.89e+04 -11.0 1.42e+00    -  1.00e+00 1.00e+00h  1
2137  7.5106297e+01 1.24e+03 1.86e+04 -11.0 3.17e+00    -  1.00e+00 2.50e-01h  3
2138  1.1475470e+02 2.24e+03 4.69e+04 -11.0 3.23e+00    -  1.00e+00 1.00e+00h  1
2139  4.8814744e+01 2.90e+02 1.49e+04 -11.0 3.57e+00    -  1.00e+00 5.00e-01f  2
iter    objective    inf_pr   inf_du lg(mu)  ||d||  lg(rg) alpha_du alpha_pr  ls
2140  4.1189282e+01 2.21e+02 1.11e+04 -11.0 1.60e+00    -  1.00e+00 1.00e+00h  1
2141  3.7477218e+01 1.57e+03 1.02e+05 -11.0 2.98e+00    -  1.00e+00 1.00e+00f  1
2142  3.6136271e+01 4.73e+03 2.45e+07 -11.0 2.25e+00    -  1.00e+00 1.00e+00h  1
2143  3.4728063e+01 3.83e+03 3.72e+10 -11.0 1.56e+00    -  1.00e+00 5.00e-01h  2
2144  3.5525647e+01 6.54e+01 1.00e+08 -11.0 9.01e-01    -  1.00e+00 1.00e+00h  1
2145  3.7896952e+01 7.83e+01 6.30e+07 -11.0 7.14e-01    -  1.00e+00 2.50e-01h  3
2146  2.8045022e+01 5.81e+00 1.92e+08 -11.0 2.28e+00    -  1.00e+00 5.00e-01f  2
2147  5.0928105e+01 1.95e+01 9.12e+08 -11.0 2.45e+00    -  1.00e+00 5.00e-01h  2
2148  5.1041629e+01 1.95e+01 8.75e+08 -11.0 1.64e+00    -  1.00e+00 3.91e-03h  9
2149  6.5908047e+01 3.10e+01 1.46e+13 -11.0 1.99e+00    -  1.00e+00 2.50e-01h  3
iter    objective    inf_pr   inf_du lg(mu)  ||d||  lg(rg) alpha_du alpha_pr  ls
2150  6.9993887e+01 2.93e+01 1.14e+13 -11.0 1.21e+00    -  1.00e+00 1.25e-01h  4
2151  9.1348755e+01 1.06e+01 5.87e+12 -11.0 9.50e-01    -  1.00e+00 5.00e-01h  2
2152  5.7589885e+01 2.49e+01 5.55e+12 -11.0 3.91e+00    -  1.00e+00 2.50e-01f  3
2153  5.7707032e+01 2.47e+01 5.46e+12 -11.0 6.61e-01    -  1.00e+00 7.81e-03h  8
2154  6.6961046e+01 1.51e+01 1.95e+12 -11.0 6.33e-01    -  1.00e+00 5.00e-01h  2
2155  9.8780564e+01 8.23e+02 1.28e+12 -11.0 9.39e-01    -  1.00e+00 1.00e+00w  1
2156  8.9956237e+01 5.46e+03 1.68e+05 -11.0 4.01e+00    -  1.00e+00 1.00e+00w  1
2157  5.3112470e+01 2.26e+03 9.61e+05 -11.0 3.36e+00    -  1.00e+00 1.00e+00w  1
2158  8.0509382e+01 5.29e+01 6.53e+12 -11.0 1.46e+00    -  1.00e+00 5.00e-01h  1
2159  6.3089549e+01 3.81e+01 5.09e+12 -11.0 1.55e+00    -  1.00e+00 2.50e-01f  3
iter    objective    inf_pr   inf_du lg(mu)  ||d||  lg(rg) alpha_du alpha_pr  ls
2160  1.7104492e+01 5.38e+02 4.74e+12 -11.0 3.33e+00    -  1.00e+00 5.00e-01f  2
2161  1.9846237e+01 4.55e+02 2.60e+12 -11.0 1.60e+00    -  1.00e+00 2.50e-01h  3
2162  3.1395428e+01 3.19e+01 7.92e+11 -11.0 1.19e+00    -  1.00e+00 5.00e-01h  2
2163  3.1881990e+01 2.92e+01 5.74e+11 -11.0 5.56e-01    -  1.00e+00 2.50e-01h  3
2164  3.1571233e+01 3.54e+01 3.80e+11 -11.0 3.05e-01    -  1.00e+00 5.00e-01h  2
2165  2.4732288e+01 4.45e+01 1.08e+11 -11.0 1.66e+00    -  1.00e+00 5.00e-01f  2
2166  2.5765948e+01 3.26e+01 3.70e+10 -11.0 1.82e+00    -  1.00e+00 1.25e-01h  4
2167  3.0170618e+01 1.23e+01 1.62e+10 -11.0 1.15e+00    -  1.00e+00 2.50e-01h  3
2168  3.1784680e+01 1.10e+01 7.65e+09 -11.0 1.36e+00    -  1.00e+00 6.25e-02h  5
2169  1.0345901e+02 8.68e+02 3.90e+11 -11.0 1.56e+00    -  1.00e+00 1.00e+00w  1
iter    objective    inf_pr   inf_du lg(mu)  ||d||  lg(rg) alpha_du alpha_pr  ls
2170  9.4184158e+01 8.70e+03 9.83e+04 -11.0 3.14e+00    -  1.00e+00 1.00e+00w  1
2171  1.1049881e+02 9.06e+03 1.87e+07 -11.0 2.98e+00    -  1.00e+00 1.00e+00w  1
2172  3.6106056e+01 8.70e+00 1.58e+10 -11.0 1.81e+00    -  1.00e+00 1.25e-01h  3
2173  4.2610319e+01 6.53e+00 1.86e+10 -11.0 1.29e+00    -  1.00e+00 1.25e-01h  4
2174  4.8985788e+01 5.11e+00 1.42e+10 -11.0 1.12e+00    -  1.00e+00 1.25e-01h  4
2175  6.0855721e+01 2.94e+00 1.05e+10 -11.0 9.33e-01    -  1.00e+00 2.50e-01h  3
2176  6.2952092e+01 2.79e+00 1.06e+10 -11.0 6.88e-01    -  1.00e+00 6.25e-02h  5
2177  6.9885677e+01 1.80e+00 1.02e+10 -11.0 5.78e-01    -  1.00e+00 2.50e-01h  3
2178  6.2661929e+01 2.62e+00 6.27e+09 -11.0 2.41e+00    -  1.00e+00 6.25e-02f  5
2179  6.3051863e+01 2.54e+00 6.29e+09 -11.0 2.03e-01    -  1.00e+00 6.25e-02h  5
iter    objective    inf_pr   inf_du lg(mu)  ||d||  lg(rg) alpha_du alpha_pr  ls
2180  6.3984492e+01 1.65e+00 5.42e+09 -11.0 3.22e-01    -  1.00e+00 1.25e-01h  4
2181  6.4204455e+01 1.63e+00 5.46e+09 -11.0 4.26e-01    -  1.00e+00 1.56e-02h  7
2182  8.0268621e+01 1.11e+02 9.83e+07 -11.0 4.31e-01    -  1.00e+00 1.00e+00w  1
2183  1.1737270e+02 2.03e+02 2.41e+08 -11.0 4.55e-01    -  1.00e+00 1.00e+00w  1
2184  1.7400566e+02 5.21e+01 9.32e+08 -11.0 1.12e+00    -  1.00e+00 1.00e+00w  1
2185  6.4316196e+01 1.62e+00 5.47e+09 -11.0 1.10e+00    -  1.00e+00 7.81e-03h  7
2186  6.8424270e+01 1.52e+00 1.65e+10 -11.0 4.34e-01    -  1.00e+00 2.50e-01h  3
2187  7.0286063e+01 9.83e-01 1.39e+10 -11.0 2.98e-01    -  1.00e+00 1.25e-01h  4
2188  7.1236861e+01 9.44e-01 1.27e+10 -11.0 2.57e-01    -  1.00e+00 6.25e-02h  5
2189  7.1706438e+01 9.22e-01 1.21e+10 -11.0 2.63e-01    -  1.00e+00 3.12e-02h  6
iter    objective    inf_pr   inf_du lg(mu)  ||d||  lg(rg) alpha_du alpha_pr  ls
2190  7.2173177e+01 9.04e-01 1.16e+10 -11.0 2.68e-01    -  1.00e+00 3.12e-02h  6
2191  6.7233920e+01 1.02e+00 2.33e+10 -11.0 2.61e+00    -  1.00e+00 3.12e-02f  6
2192  6.8568708e+01 7.54e-01 2.08e+10 -11.0 2.53e-01    -  1.00e+00 1.25e-01h  4
2193  6.8884625e+01 7.44e-01 2.00e+10 -11.0 2.21e-01    -  1.00e+00 3.12e-02h  6
2194  6.9195581e+01 7.32e-01 1.92e+10 -11.0 2.14e-01    -  1.00e+00 3.12e-02h  6
2195  7.9537489e+01 1.09e+01 6.24e+08 -11.0 2.08e-01    -  1.00e+00 1.00e+00w  1
2196  7.0216666e+01 3.14e+02 1.88e+06 -11.0 2.25e+00    -  1.00e+00 1.00e+00w  1
2197  7.2358081e+01 2.35e+01 6.72e+06 -11.0 2.10e+00    -  1.00e+00 1.00e+00w  1
2198  6.9501523e+01 7.17e-01 1.84e+10 -11.0 7.15e-01    -  1.00e+00 3.12e-02h  5
2199  7.1042704e+01 3.79e-01 1.06e+10 -11.0 2.05e-01    -  1.00e+00 2.50e-01h  3
iter    objective    inf_pr   inf_du lg(mu)  ||d||  lg(rg) alpha_du alpha_pr  ls
2200  6.6192231e+01 6.63e-01 8.07e+09 -11.0 2.94e+00    -  1.00e+00 3.12e-02f  6
2201  6.6554646e+01 3.73e-01 5.97e+09 -11.0 1.82e-01    -  1.00e+00 1.25e-01h  4
2202  6.6809570e+01 3.03e-01 4.50e+09 -11.0 1.62e-01    -  1.00e+00 1.25e-01h  4
2203  6.6884745e+01 3.04e-01 4.26e+09 -11.0 1.58e-01    -  1.00e+00 3.12e-02h  6
2204  5.4500255e+01 1.33e+00 4.31e+09 -11.0 2.25e+00    -  1.00e+00 1.25e-01f  4
2205  5.5959465e+01 1.01e+00 2.21e+09 -11.0 1.17e-01    -  1.00e+00 5.00e-01h  2
2206  5.6295190e+01 9.82e-01 2.13e+09 -11.0 2.07e-01    -  1.00e+00 3.12e-02h  6
2207  5.6644509e+01 9.55e-01 2.06e+09 -11.0 2.15e-01    -  1.00e+00 3.12e-02h  6
2208  5.5921471e+01 3.41e+01 3.86e+05 -11.0 1.95e+00    -  1.00e+00 1.00e+00w  1
2209  5.3512110e+01 1.23e+01 3.82e+03 -11.0 2.91e+00    -  1.00e+00 1.00e+00w  1
iter    objective    inf_pr   inf_du lg(mu)  ||d||  lg(rg) alpha_du alpha_pr  ls
2210  3.8188654e+01 7.38e+00 1.25e+04 -11.0 1.10e+00    -  1.00e+00 1.00e+00w  1
2211  4.6387915e+01 5.52e-01 1.99e+09 -11.0 1.86e+00    -  1.00e+00 1.25e-01f  3
2212  3.9228119e+01 2.95e+00 1.97e+09 -11.0 1.63e+00    -  1.00e+00 1.25e-01f  4
2213  2.9683630e+01 2.20e+01 5.68e+09 -11.0 9.15e-01    -  1.00e+00 5.00e-01f  2
2214  3.0423923e+01 1.07e+01 4.31e+04 -11.0 1.78e+00    -  1.00e+00 1.00e+00h  1
2215  2.0521948e+01 7.20e+00 4.44e+03 -11.0 2.27e+00    -  1.00e+00 1.00e+00f  1
2216  1.8566533e+01 9.41e+00 1.70e+04 -11.0 1.61e+00    -  1.00e+00 2.50e-01h  3
2217  1.5991631e+01 6.08e+01 5.83e+04 -11.0 1.65e+00    -  1.00e+00 5.00e-01h  2
2218  1.7094817e+01 4.01e+01 5.77e+04 -11.0 1.15e+00    -  1.00e+00 1.25e-01h  4
2219  1.7889621e+01 3.72e+01 5.27e+04 -11.0 1.39e+00    -  1.00e+00 6.25e-02h  5
iter    objective    inf_pr   inf_du lg(mu)  ||d||  lg(rg) alpha_du alpha_pr  ls
2220  1.8426817e+01 3.61e+01 5.03e+04 -11.0 1.05e+00    -  1.00e+00 3.12e-02h  6
2221  1.8498919e+01 3.60e+01 4.99e+04 -11.0 9.94e-01    -  1.00e+00 3.91e-03h  9
2222  1.8543662e+01 3.56e+01 4.77e+04 -11.0 1.41e+00    -  1.00e+00 7.81e-03h  8
2223  2.1233844e+01 1.93e+01 1.64e+04 -11.0 1.30e+00    -  1.00e+00 2.50e-01h  3
2224  2.1781570e+01 7.33e+00 8.47e+04 -11.0 1.46e+00    -  1.00e+00 5.00e-01h  2
2225  1.8674349e+01 1.01e+01 8.66e+04 -11.0 1.42e+00    -  1.00e+00 2.50e-01h  3
2226  2.9527588e+01 1.16e+02 7.72e+05 -11.0 8.56e-01    -  1.00e+00 1.00e+00w  1
2227  2.8159170e+01 4.68e+02 7.51e+05 -11.0 1.04e+00    -  1.00e+00 1.00e+00w  1
2228  5.3962434e+01 1.63e+02 5.19e+06 -11.0 1.37e+00    -  1.00e+00 1.00e+00w  1
2229  1.9491082e+01 3.52e+00 7.61e+04 -11.0 7.35e-01    -  1.00e+00 2.50e-01h  2
iter    objective    inf_pr   inf_du lg(mu)  ||d||  lg(rg) alpha_du alpha_pr  ls
2230  7.0071292e+01 2.10e+00 1.85e+06 -11.0 1.51e+00    -  1.00e+00 1.00e+00h  1
2231  6.8330985e+01 2.01e+00 1.74e+06 -11.0 1.75e+00    -  1.00e+00 3.12e-02f  6
2232  6.7007209e+01 1.89e+00 1.68e+06 -11.0 1.03e+00    -  1.00e+00 6.25e-02h  5
2233  6.5164244e+01 1.97e+00 1.41e+06 -11.0 1.28e+00    -  1.00e+00 6.25e-02h  5
2234  4.3708175e+01 1.09e+01 1.11e+07 -11.0 3.59e+00    -  1.00e+00 2.50e-01f  3
2235  4.3683940e+01 1.09e+01 1.10e+07 -11.0 3.48e+00    -  1.00e+00 4.88e-04h 12
2236  4.3298826e+01 1.13e+02 1.45e+12 -11.0 2.26e+00    -  1.00e+00 1.25e-01h  4
2237  4.3123187e+01 3.96e+02 3.47e+13 -11.0 1.50e+00    -  1.00e+00 2.50e-01h  3
2238  4.2753070e+01 3.35e+02 3.40e+13 -11.0 1.43e+00    -  1.00e+00 1.25e-01h  4
2239  3.0184099e+01 2.51e+03 4.17e+13 -11.0 3.44e+00    -  1.00e+00 5.00e-01f  2
iter    objective    inf_pr   inf_du lg(mu)  ||d||  lg(rg) alpha_du alpha_pr  ls
2240  3.0462778e+01 2.31e+03 3.44e+13 -11.0 1.98e+00    -  1.00e+00 1.25e-01h  4
2241  5.0911027e+01 2.18e+03 2.21e+12 -11.0 1.27e+00    -  1.00e+00 1.00e+00w  1
2242  6.1370584e+01 1.96e+02 1.16e+13 -11.0 1.09e+00    -  1.00e+00 1.00e+00w  1
2243  6.2347603e+01 1.94e+02 1.68e+13 -11.0 4.63e-01    -  1.00e+00 1.00e+00w  1
2244  3.5768795e+01 4.58e+02 1.55e+13 -11.0 5.21e+00    -  1.00e+00 5.00e-01h  1
2245  4.0333532e+01 1.32e+02 1.04e+13 -11.0 1.38e+00    -  1.00e+00 2.50e-01h  3
2246  4.0298833e+01 1.92e+02 6.44e+12 -11.0 1.21e+00    -  1.00e+00 2.50e-01h  3
2247  4.1636653e+01 6.13e+01 3.21e+12 -11.0 6.58e-01    -  1.00e+00 5.00e-01h  2
2248  4.2022785e+01 6.26e+01 2.48e+12 -11.0 1.02e+00    -  1.00e+00 6.25e-02h  5
2249  5.2483227e+01 1.73e+01 2.74e+13 -11.0 1.15e+00    -  1.00e+00 5.00e-01h  2
iter    objective    inf_pr   inf_du lg(mu)  ||d||  lg(rg) alpha_du alpha_pr  ls
2250  5.0888770e+01 2.38e+01 3.47e+13 -11.0 2.03e+00    -  1.00e+00 3.12e-02f  6
2251  4.9905878e+01 3.03e+01 2.37e+13 -11.0 2.44e+00    -  1.00e+00 3.12e-02h  6
2252  3.5044863e+01 5.19e+02 1.79e+13 -11.0 2.00e+00    -  1.00e+00 5.00e-01f  2
2253  3.3765041e+01 3.90e+02 1.30e+13 -11.0 2.68e+00    -  1.00e+00 2.50e-01h  3
2254  3.5048177e+01 3.41e+02 1.15e+13 -11.0 1.69e+00    -  1.00e+00 1.25e-01h  4
2255  6.7037996e+01 8.88e+02 5.69e+12 -11.0 1.73e+00    -  1.00e+00 1.00e+00w  1
2256  8.1320368e+01 8.02e+03 2.29e+12 -11.0 2.46e+00    -  1.00e+00 1.00e+00w  1
2257  7.3040231e+01 7.10e+03 3.87e+04 -11.0 2.76e+00    -  1.00e+00 1.00e+00w  1
2258  3.5525664e+01 3.31e+02 1.11e+13 -11.0 4.38e+00    -  1.00e+00 3.12e-02h  5
2259  3.5649994e+01 3.20e+02 1.07e+13 -11.0 2.04e+00    -  1.00e+00 3.12e-02h  6
iter    objective    inf_pr   inf_du lg(mu)  ||d||  lg(rg) alpha_du alpha_pr  ls
2260  3.5721567e+01 3.15e+02 1.05e+13 -11.0 1.94e+00    -  1.00e+00 1.56e-02h  7
2261  4.1615766e+01 2.87e+02 4.13e+12 -11.0 1.78e+00    -  1.00e+00 5.00e-01h  2
2262  3.3072882e+01 4.37e+02 2.44e+12 -11.0 2.23e+00    -  1.00e+00 5.00e-01h  2
2263  3.0664618e+01 6.59e+02 5.88e+11 -11.0 2.02e+00    -  1.00e+00 5.00e-01h  2
2264  3.6873024e+01 1.11e+02 9.33e+12 -11.0 1.23e+00    -  1.00e+00 5.00e-01h  2
2265  3.9123980e+01 4.15e+01 5.36e+12 -11.0 1.12e+00    -  1.00e+00 5.00e-01h  2
2266  5.0127574e+01 3.67e+01 1.42e+13 -11.0 1.43e+00    -  1.00e+00 2.50e-01h  3
2267  1.2614151e+02 1.20e+01 4.03e+12 -11.0 1.39e+00    -  1.00e+00 1.00e+00h  1
2268  1.1512281e+02 4.39e+01 1.73e+12 -11.0 2.64e+00    -  1.00e+00 6.25e-02f  5
2269  1.0433492e+02 1.83e+01 2.46e+12 -11.0 2.04e+00    -  1.00e+00 1.25e-01f  4
iter    objective    inf_pr   inf_du lg(mu)  ||d||  lg(rg) alpha_du alpha_pr  ls
2270  8.5651585e+01 2.01e+01 1.17e+12 -11.0 1.67e+00    -  1.00e+00 2.50e-01f  3
2271  7.8034004e+01 2.36e+01 1.23e+12 -11.0 2.93e+00    -  1.00e+00 6.25e-02f  5
2272  4.8154436e+01 9.64e+00 1.66e+12 -11.0 4.32e+00    -  1.00e+00 5.00e-01f  2
2273  3.7446676e+01 1.07e+02 1.58e+12 -11.0 2.78e+00    -  1.00e+00 5.00e-01f  2
2274  3.6408610e+01 1.56e+02 2.45e+11 -11.0 1.73e+00    -  1.00e+00 5.00e-01h  2
2275  3.7258237e+01 1.31e+02 1.14e+11 -11.0 1.23e+00    -  1.00e+00 1.25e-01h  4
2276  4.7756407e+01 1.01e+02 2.79e+11 -11.0 1.45e+00    -  1.00e+00 5.00e-01h  2
2277  4.7993282e+01 6.95e+01 1.87e+10 -11.0 1.39e+00    -  1.00e+00 2.50e-01h  3
2278  6.4408103e+01 2.06e+02 1.61e+11 -11.0 9.07e-01    -  1.00e+00 1.00e+00w  1
2279  6.2669109e+01 4.46e+02 1.88e+04 -11.0 7.53e+00    -  1.00e+00 1.00e+00w  1
iter    objective    inf_pr   inf_du lg(mu)  ||d||  lg(rg) alpha_du alpha_pr  ls
2280  5.0608729e+01 1.96e+02 8.26e+03 -11.0 7.54e+00    -  1.00e+00 1.00e+00w  1
2281  3.7253739e+01 7.22e+01 1.47e+05 -11.0 1.68e+00    -  1.00e+00 1.00e+00h  1
2282  2.5788402e+01 2.22e+02 2.77e+05 -11.0 1.67e+00    -  1.00e+00 1.00e+00h  1
2283  2.8889368e+01 1.97e+01 2.12e+04 -11.0 6.62e-01    -  1.00e+00 1.00e+00h  1
2284  2.4945998e+01 4.60e+02 4.58e+04 -11.0 2.32e+00    -  1.00e+00 1.00e+00f  1
2285  2.4996916e+01 3.89e+02 3.41e+04 -11.0 4.37e+00    -  1.00e+00 2.50e-01h  3
2286  2.3620215e+02 3.83e+01 3.59e+04 -11.0 2.67e+00    -  1.00e+00 1.00e+00h  1
2287  2.0822328e+02 1.52e+01 2.38e+06 -11.0 2.02e+00    -  1.00e+00 2.50e-01f  3
2288  1.8441118e+02 2.84e+01 3.33e+07 -11.0 1.78e+00    -  1.00e+00 5.00e-01f  2
2289  1.9520971e+02 8.58e+00 3.95e+10 -11.0 1.81e+00    -  1.00e+00 5.00e-01h  2
iter    objective    inf_pr   inf_du lg(mu)  ||d||  lg(rg) alpha_du alpha_pr  ls
2290  1.9645358e+02 8.49e+00 3.91e+10 -11.0 1.20e+00    -  1.00e+00 6.25e-02h  5
2291  2.0366253e+02 8.02e+00 1.18e+11 -11.0 1.05e+00    -  1.00e+00 2.50e-01h  3
2292  2.1501556e+02 2.88e+00 7.10e+10 -11.0 1.59e+00    -  1.00e+00 1.25e-01h  4
2293  2.1801912e+02 2.71e+00 5.60e+10 -11.0 1.40e+00    -  1.00e+00 6.25e-02h  5
2294  2.1939653e+02 2.62e+00 7.60e+10 -11.0 7.77e-01    -  1.00e+00 3.12e-02h  6
2295  1.9385647e+02 6.10e+00 5.23e+12 -11.0 4.29e+00    -  1.00e+00 6.25e-02f  5
2296  1.9767608e+02 4.59e+00 7.12e+12 -11.0 8.37e-01    -  1.00e+00 1.25e-01h  4
2297  2.2282346e+02 6.43e+02 1.10e+14 -11.0 6.08e-01    -  1.00e+00 1.00e+00w  1
2298  2.2566309e+02 4.58e+02 5.96e+13 -11.0 6.38e-01    -  1.00e+00 1.00e+00w  1
2299  2.2698777e+02 1.76e+02 1.28e+12 -11.0 2.53e-01    -  1.00e+00 1.00e+00w  1
iter    objective    inf_pr   inf_du lg(mu)  ||d||  lg(rg) alpha_du alpha_pr  ls
2300  1.9823861e+02 4.71e+00 6.88e+12 -11.0 4.24e-01    -  1.00e+00 3.12e-02h  5
2301  1.7182848e+02 1.80e+01 1.42e+12 -11.0 3.90e+00    -  1.00e+00 6.25e-02f  5
2302  1.7719885e+02 1.48e+01 1.14e+12 -11.0 6.26e-01    -  1.00e+00 2.50e-01h  3
2303  1.8930703e+02 1.04e+01 8.66e+11 -11.0 7.15e-01    -  1.00e+00 2.50e-01h  3
2304  1.9180914e+02 9.78e+00 8.07e+11 -11.0 3.85e-01    -  1.00e+00 6.25e-02h  5
2305  1.9295285e+02 9.48e+00 7.77e+11 -11.0 3.55e-01    -  1.00e+00 3.12e-02h  6
2306  1.9355451e+02 9.33e+00 7.64e+11 -11.0 3.65e-01    -  1.00e+00 1.56e-02h  7
2307  1.9370589e+02 9.30e+00 7.60e+11 -11.0 3.63e-01    -  1.00e+00 3.91e-03h  9
2308  1.9374362e+02 9.29e+00 7.60e+11 -11.0 3.59e-01    -  1.00e+00 9.77e-04h 11
2309  1.9381792e+02 9.27e+00 7.58e+11 -11.0 3.55e-01    -  1.00e+00 1.95e-03h 10
iter    objective    inf_pr   inf_du lg(mu)  ||d||  lg(rg) alpha_du alpha_pr  ls
2310  1.6552752e+02 7.24e+04 2.47e+06 -11.0 4.60e+00    -  1.00e+00 1.00e+00w  1
2311  2.8697852e+02 4.15e+04 2.26e+09 -11.0 4.95e+00    -  1.00e+00 1.00e+00w  1
2312  2.8323588e+02 1.25e+04 1.52e+09 -11.0 7.98e-01    -  1.00e+00 1.00e+00w  1
2313  1.8605163e+02 9.58e+00 8.53e+11 -11.0 4.34e-01    -  1.00e+00 1.56e-02f  6
2314  1.8996284e+02 9.01e+00 7.64e+11 -11.0 5.73e-01    -  1.00e+00 6.25e-02h  5
2315  1.9235680e+02 8.48e+00 1.03e+12 -11.0 3.53e-01    -  1.00e+00 6.25e-02h  5
2316  1.6508440e+02 1.32e+01 9.41e+12 -11.0 4.92e+00    -  1.00e+00 6.25e-02f  5
2317  1.2324359e+02 1.53e+03 3.16e+07 -11.0 6.30e+00    -  1.00e+00 1.00e+00f  1
2318  6.1265219e+01 3.35e+03 2.04e+08 -11.0 6.11e+00    -  1.00e+00 5.00e-01f  2
2319  3.4554127e+02 3.48e+03 2.11e+10 -11.0 3.74e+00    -  1.00e+00 1.00e+00h  1
iter    objective    inf_pr   inf_du lg(mu)  ||d||  lg(rg) alpha_du alpha_pr  ls
2320  2.8353071e+02 7.46e+02 2.27e+12 -11.0 3.85e-01    -  1.00e+00 1.00e+00h  1
2321  2.7589922e+02 1.12e+02 1.10e+12 -11.0 3.27e-01    -  1.00e+00 1.00e+00h  1
2322  2.7666730e+02 5.74e+00 6.24e+09 -11.0 2.86e-01    -  1.00e+00 1.00e+00h  1
2323  1.4046023e+02 9.35e+02 1.47e+10 -11.0 4.67e+00    -  1.00e+00 2.50e-01f  3
2324  4.4908868e+01 7.12e+02 5.99e+09 -11.0 4.14e+00    -  1.00e+00 5.00e-01f  2
2325  4.6501632e+01 6.15e+02 1.02e+11 -11.0 8.90e-01    -  1.00e+00 2.50e-01h  3
2326  6.2963164e+01 2.04e+02 1.29e+12 -11.0 7.63e-01    -  1.00e+00 1.00e+00h  1
2327  8.7290646e+01 2.61e+01 3.48e+12 -11.0 1.31e+00    -  1.00e+00 5.00e-01h  2
2328  8.8129337e+01 2.64e+01 3.40e+12 -11.0 1.04e+00    -  1.00e+00 1.56e-02h  7
2329  9.5995241e+01 2.41e+01 1.25e+12 -11.0 1.27e+00    -  1.00e+00 1.25e-01h  4
iter    objective    inf_pr   inf_du lg(mu)  ||d||  lg(rg) alpha_du alpha_pr  ls
2330  9.8469316e+01 2.47e+01 1.22e+12 -11.0 1.53e+00    -  1.00e+00 3.12e-02h  6
2331  9.9671227e+01 2.48e+01 1.20e+12 -11.0 1.51e+00    -  1.00e+00 1.56e-02h  7
2332  9.1136293e+01 2.78e+01 1.53e+12 -11.0 2.69e+00    -  1.00e+00 6.25e-02f  5
2333  9.6520820e+01 3.13e+01 2.83e+12 -11.0 7.55e-01    -  1.00e+00 2.50e-01h  3
2334  1.0059618e+02 3.04e+01 2.35e+12 -11.0 9.33e-01    -  1.00e+00 1.25e-01h  4
2335  1.1113728e+02 2.98e+01 1.84e+12 -11.0 7.40e-01    -  1.00e+00 2.50e-01h  3
2336  1.1393236e+02 2.97e+01 1.74e+12 -11.0 1.05e+00    -  1.00e+00 6.25e-02h  5
2337  1.6306542e+02 1.52e+02 1.83e+12 -11.0 1.02e+00    -  1.00e+00 1.00e+00w  1
2338  1.7709057e+02 3.46e+02 2.72e+14 -11.0 9.19e-01    -  1.00e+00 1.00e+00w  1
2339  2.0832274e+02 1.61e+02 2.17e+13 -11.0 8.21e-01    -  1.00e+00 1.00e+00w  1
iter    objective    inf_pr   inf_du lg(mu)  ||d||  lg(rg) alpha_du alpha_pr  ls
2340  1.3636793e+02 2.93e+01 8.32e+11 -11.0 5.25e+00    -  1.00e+00 5.00e-01h  1
2341  1.2859401e+02 1.37e+01 8.82e+11 -11.0 2.53e+00    -  1.00e+00 3.12e-02f  6
2342  1.2413223e+02 1.88e+01 6.27e+11 -11.0 8.97e-01    -  1.00e+00 1.25e-01f  4
2343  1.2529912e+02 1.78e+01 4.64e+13 -11.0 6.34e-01    -  1.00e+00 1.00e+00h  1
2344  1.2868802e+02 1.68e+01 4.14e+13 -11.0 9.33e-01    -  1.00e+00 6.25e-02h  5
2345  4.4822158e+01 6.51e+02 2.05e+13 -11.0 3.43e+00    -  1.00e+00 5.00e-01f  2
2346  5.5455881e+01 4.05e+02 1.48e+13 -11.0 1.99e+00    -  1.00e+00 2.50e-01h  3
2347  6.1099942e+01 3.80e+02 1.41e+13 -11.0 2.07e+00    -  1.00e+00 6.25e-02h  5
2348  6.2278264e+01 3.74e+02 1.42e+13 -11.0 1.53e+00    -  1.00e+00 1.56e-02h  7
2349  6.2850197e+01 3.71e+02 1.42e+13 -11.0 1.72e+00    -  1.00e+00 7.81e-03h  8
iter    objective    inf_pr   inf_du lg(mu)  ||d||  lg(rg) alpha_du alpha_pr  ls
2350  8.6498728e+01 5.53e+01 2.26e+13 -11.0 1.74e+00    -  1.00e+00 2.50e-01h  3
2351  4.3632302e+01 8.95e+01 3.16e+12 -11.0 4.00e+00    -  1.00e+00 5.00e-01f  2
2352  3.7849559e+01 3.03e+02 1.06e+12 -11.0 1.44e+00    -  1.00e+00 5.00e-01h  2
2353  4.1526449e+01 1.91e+02 1.55e+13 -11.0 1.44e+00    -  1.00e+00 5.00e-01h  2
2354  3.8319792e+01 3.67e+02 1.57e+07 -11.0 2.59e+00    -  1.00e+00 1.00e+00w  1
2355  6.9184404e+01 5.18e+02 1.94e+09 -11.0 2.07e+00    -  1.00e+00 1.00e+00w  1
2356  5.4299411e+01 6.38e+03 1.54e+11 -11.0 2.31e+00    -  1.00e+00 1.00e+00w  1
2357  2.3774235e+01 1.60e+02 4.51e+12 -11.0 2.69e+00    -  1.00e+00 5.00e-01f  1
2358  2.5610918e+01 8.78e+01 1.26e+13 -11.0 2.33e+00    -  1.00e+00 2.50e-01h  3
2359  4.4367786e+01 4.31e+01 7.38e+13 -11.0 1.37e+00    -  1.00e+00 5.00e-01h  2
iter    objective    inf_pr   inf_du lg(mu)  ||d||  lg(rg) alpha_du alpha_pr  ls
2360  4.6482600e+01 3.81e+01 3.43e+13 -11.0 1.16e+00    -  1.00e+00 1.25e-01h  4
2361  6.1920240e+01 3.68e+01 2.57e+13 -11.0 1.31e+00    -  1.00e+00 5.00e-01h  2
2362  5.4791754e+01 1.88e+01 3.09e+12 -11.0 1.03e+00    -  1.00e+00 5.00e-01f  2
2363  5.9019358e+01 1.61e+01 7.93e+12 -11.0 1.40e+00    -  1.00e+00 1.25e-01h  4
2364  6.4284040e+01 1.01e+00 4.65e+13 -11.0 1.58e+00    -  1.00e+00 1.00e+00h  1
2365  3.9882778e+01 7.82e+01 1.62e+14 -11.0 3.61e+00    -  1.00e+00 2.50e-01f  3
2366  4.3791881e+01 3.91e+01 1.01e+14 -11.0 1.57e+00    -  1.00e+00 2.50e-01h  3
2367  4.7607655e+01 5.25e+00 7.99e+13 -11.0 1.17e+00    -  1.00e+00 2.50e-01h  3
2368  4.7763961e+01 5.16e+00 7.18e+13 -11.0 1.19e+00    -  1.00e+00 1.56e-02h  7
2369  5.0362454e+01 3.42e+00 3.77e+13 -11.0 1.34e+00    -  1.00e+00 1.25e-01h  4
iter    objective    inf_pr   inf_du lg(mu)  ||d||  lg(rg) alpha_du alpha_pr  ls
2370  5.0323704e+01 3.28e+00 9.65e+13 -11.0 9.04e-01    -  1.00e+00 1.25e-01h  4
2371  5.0348313e+01 3.25e+00 9.65e+13 -11.0 1.31e+00    -  1.00e+00 3.91e-03h  9
2372  3.3712736e+01 7.73e+01 2.42e+14 -11.0 2.10e+00    -  1.00e+00 5.00e-01f  2
2373  3.0945809e+01 8.85e+01 2.81e+14 -11.0 2.64e+00    -  1.00e+00 1.25e-01h  4
2374  3.0162030e+01 9.21e+01 2.50e+14 -11.0 3.23e+00    -  1.00e+00 6.25e-02h  5
2375  6.3071932e+01 1.11e+03 7.09e+06 -11.0 1.73e+00    -  1.00e+00 1.00e+00w  1
2376  7.5620532e+01 3.08e+04 4.56e+08 -11.0 2.30e+00    -  1.00e+00 1.00e+00w  1
2377  1.4298732e+02 5.16e+04 4.44e+08 -11.0 2.30e+00    -  1.00e+00 1.00e+00w  1
2378  3.1233180e+01 2.30e+01 2.27e+14 -11.0 2.54e+00    -  1.00e+00 2.50e-01h  2
2379  3.1139300e+01 3.24e+01 2.02e+14 -11.0 2.73e+00    -  1.00e+00 6.25e-02h  5
iter    objective    inf_pr   inf_du lg(mu)  ||d||  lg(rg) alpha_du alpha_pr  ls
2380  3.1362837e+01 1.66e+01 1.81e+14 -11.0 1.38e+00    -  1.00e+00 6.25e-02h  5
2381  3.2401455e+01 1.29e+01 1.21e+14 -11.0 9.93e-01    -  1.00e+00 2.50e-01h  3
2382  3.3843307e+01 1.35e+01 1.01e+14 -11.0 2.08e+00    -  1.00e+00 6.25e-02h  5
2383  3.3381570e+01 1.15e+01 8.87e+13 -11.0 1.76e+00    -  1.00e+00 6.25e-02h  5
2384  3.3406417e+01 1.12e+01 8.29e+13 -11.0 1.36e+00    -  1.00e+00 3.12e-02h  6
2385  3.4787938e+01 9.47e+00 4.78e+13 -11.0 1.37e+00    -  1.00e+00 2.50e-01h  3
2386  3.6324611e+01 8.07e+00 4.37e+13 -11.0 1.47e+00    -  1.00e+00 1.25e-01h  4
2387  3.9347666e+01 5.45e+00 1.32e+13 -11.0 1.44e+00    -  1.00e+00 2.50e-01h  3
2388  1.2296569e+02 3.94e+03 3.58e+14 -11.0 1.82e+00    -  1.00e+00 1.00e+00w  1
2389  1.9223852e+02 4.50e+03 5.12e+14 -11.0 2.11e+00    -  1.00e+00 1.00e+00w  1
iter    objective    inf_pr   inf_du lg(mu)  ||d||  lg(rg) alpha_du alpha_pr  ls
2390  2.6749522e+02 5.00e+03 6.69e+11 -11.0 8.98e-01    -  1.00e+00 1.00e+00w  1
2391  4.2988817e+01 2.37e+00 7.80e+12 -11.0 2.00e+00    -  1.00e+00 1.25e-01h  3
2392  4.2972720e+01 1.45e+00 6.04e+12 -11.0 1.82e+00    -  1.00e+00 5.00e-01f  2
2393  3.6177323e+01 3.28e+00 6.33e+13 -11.0 1.10e+00    -  1.00e+00 1.00e+00f  1
2394  3.6759280e+01 3.15e+00 5.31e+13 -11.0 1.94e+00    -  1.00e+00 3.12e-02h  6
2395  3.7211741e+01 3.10e+00 5.20e+13 -11.0 2.08e+00    -  1.00e+00 1.56e-02h  7
2396  3.8241644e+01 3.00e+00 5.08e+13 -11.0 1.78e+00    -  1.00e+00 3.12e-02h  6
2397  3.8748429e+01 2.88e+00 4.93e+13 -11.0 1.85e+00    -  1.00e+00 3.12e-02h  6
2398  3.8922512e+01 2.86e+00 4.92e+13 -11.0 1.92e+00    -  1.00e+00 7.81e-03h  8
2399  2.8543892e+01 3.29e+01 4.14e+13 -11.0 2.43e+00    -  1.00e+00 5.00e-01f  2
iter    objective    inf_pr   inf_du lg(mu)  ||d||  lg(rg) alpha_du alpha_pr  ls
2400  2.9514038e+01 5.11e+00 6.83e+12 -11.0 1.42e+00    -  1.00e+00 2.50e-01h  3
2401  2.9325884e+01 5.03e+00 5.57e+12 -11.0 1.43e+00    -  1.00e+00 1.25e-01h  4
2402  3.4503887e+01 3.71e+00 5.96e+11 -11.0 1.69e+00    -  1.00e+00 2.50e-01h  3
2403  3.4813967e+01 3.62e+00 6.09e+11 -11.0 9.66e-01    -  1.00e+00 3.12e-02h  6
2404  6.2483484e+01 4.77e+03 1.04e+15 -11.0 1.77e+00    -  1.00e+00 1.00e+00w  1
2405  1.3945700e+02 1.49e+04 1.22e+15 -11.0 2.22e+00    -  1.00e+00 1.00e+00w  1
2406  2.5013583e+02 5.48e+03 8.23e+13 -11.0 2.37e+00    -  1.00e+00 1.00e+00w  1
2407  3.5590409e+01 3.44e+00 3.53e+12 -11.0 1.18e+00    -  1.00e+00 6.25e-02h  4
2408  2.3898917e+01 1.77e+01 3.03e+12 -11.0 1.55e+00    -  1.00e+00 5.00e-01f  2
2409  2.4081684e+01 1.75e+01 2.74e+12 -11.0 1.51e+00    -  1.00e+00 6.25e-02h  5
iter    objective    inf_pr   inf_du lg(mu)  ||d||  lg(rg) alpha_du alpha_pr  ls
2410  2.4204789e+01 1.72e+01 2.58e+12 -11.0 1.28e+00    -  1.00e+00 3.12e-02h  6
2411  2.6813656e+01 6.83e+00 4.40e+12 -11.0 1.45e+00    -  1.00e+00 2.50e-01h  3
2412  2.9529062e+01 1.24e+00 3.78e+12 -11.0 2.56e+00    -  1.00e+00 6.25e-02h  5
2413  2.9933224e+01 1.52e+00 3.70e+12 -11.0 2.93e+00    -  1.00e+00 7.81e-03h  8
2414  3.0411419e+01 1.52e+00 3.67e+12 -11.0 3.88e+00    -  1.00e+00 7.81e-03h  8
2415  3.2377473e+01 9.60e-01 3.38e+12 -11.0 3.75e+00    -  1.00e+00 3.12e-02h  6
2416  3.3689992e+01 1.03e+00 3.06e+12 -11.0 5.06e+00    -  1.00e+00 1.56e-02h  7
2417  3.3397927e+02 5.19e+02 5.56e+13 -11.0 4.73e+00    -  1.00e+00 1.00e+00w  1
2418  3.5039227e+02 1.20e+04 3.80e+06 -11.0 3.58e+00    -  1.00e+00 1.00e+00w  1
2419  3.7732697e+02 5.68e+03 7.36e+08 -11.0 3.47e+00    -  1.00e+00 1.00e+00w  1
iter    objective    inf_pr   inf_du lg(mu)  ||d||  lg(rg) alpha_du alpha_pr  ls
2420  3.3852539e+01 1.03e+00 3.06e+12 -11.0 3.98e-01    -  1.00e+00 1.95e-03h  9
2421  3.4231204e+01 1.32e+00 2.81e+12 -11.0 2.74e+00    -  1.00e+00 7.81e-03h  8
2422  3.3976053e+01 7.34e-01 2.32e+12 -11.0 2.70e+00    -  1.00e+00 3.12e-02h  6
2423  3.3951823e+01 6.56e-01 1.90e+12 -11.0 1.34e+00    -  1.00e+00 3.12e-02h  6
2424  3.3968503e+01 6.55e-01 1.91e+12 -11.0 1.18e+00    -  1.00e+00 9.77e-04h 11
2425  3.3972637e+01 6.55e-01 1.91e+12 -11.0 1.18e+00    -  1.00e+00 2.44e-04h 13
2426  3.3967894e+01 6.55e-01 1.92e+12 -11.0 1.81e+00    -  1.00e+00 4.88e-04h 12
2427  3.3558890e+01 8.57e+00 2.64e+12 -11.0 1.75e+00    -  1.00e+00 1.25e-01h  4
2428  3.3468073e+01 1.33e+01 6.43e+12 -11.0 9.24e-01    -  1.00e+00 2.50e-01h  3
2429  3.3877877e+01 1.17e+01 6.59e+12 -11.0 1.71e+00    -  1.00e+00 3.12e-02h  6
iter    objective    inf_pr   inf_du lg(mu)  ||d||  lg(rg) alpha_du alpha_pr  ls
2430  9.7842427e+01 4.89e+03 1.58e+14 -11.0 1.79e+00    -  1.00e+00 1.00e+00w  1
2431  6.4041022e+01 1.49e+04 1.01e+15 -11.0 1.76e+00    -  1.00e+00 1.00e+00w  1
2432  8.3174062e+01 5.85e+03 2.72e+14 -11.0 1.49e+00    -  1.00e+00 1.00e+00w  1
2433  3.3924149e+01 1.17e+01 6.57e+12 -11.0 2.41e+00    -  1.00e+00 1.95e-03h  9
2434  3.3948518e+01 1.17e+01 6.56e+12 -11.0 1.93e+00    -  1.00e+00 9.77e-04h 11
2435  3.3960720e+01 1.17e+01 6.56e+12 -11.0 1.93e+00    -  1.00e+00 4.88e-04h 12
2436  3.3966796e+01 1.17e+01 6.56e+12 -11.0 1.97e+00    -  1.00e+00 2.44e-04h 13
2437  3.5726243e+01 8.42e+00 6.08e+12 -11.0 1.95e+00    -  1.00e+00 6.25e-02h  5
2438  3.1186695e+01 1.81e+00 7.41e+12 -11.0 1.86e+00    -  1.00e+00 2.50e-01f  3
2439  3.1677091e+01 3.76e+00 7.56e+12 -11.0 1.35e+00    -  1.00e+00 3.12e-02h  6
iter    objective    inf_pr   inf_du lg(mu)  ||d||  lg(rg) alpha_du alpha_pr  ls
2440  3.1748324e+01 3.75e+00 7.53e+12 -11.0 1.52e+00    -  1.00e+00 3.91e-03h  9
2441  3.2888566e+01 1.59e+00 7.35e+12 -11.0 1.85e+00    -  1.00e+00 6.25e-02h  5
2442  3.3452564e+01 1.61e+00 6.66e+12 -11.0 1.35e+00    -  1.00e+00 3.12e-02h  6
2443  9.1519916e+01 5.71e+03 4.31e+14 -11.0 2.36e+00    -  1.00e+00 1.00e+00w  1
2444  1.8719019e+02 7.29e+03 6.54e+13 -11.0 1.93e+00    -  1.00e+00 1.00e+00w  1
2445  3.1825916e+02 1.54e+03 5.46e+05 -11.0 4.90e+00    -  1.00e+00 1.00e+00w  1
2446  3.3608083e+01 1.76e+00 6.53e+12 -11.0 3.62e+00    -  1.00e+00 7.81e-03h  7
2447  3.5954719e+01 2.40e+00 5.47e+12 -11.0 2.06e+00    -  1.00e+00 6.25e-02h  5
2448  3.7143729e+01 1.75e+00 5.29e+12 -11.0 1.69e+00    -  1.00e+00 3.12e-02h  6
2449  4.0265098e+01 1.21e+00 4.86e+12 -11.0 1.93e+00    -  1.00e+00 6.25e-02h  5
iter    objective    inf_pr   inf_du lg(mu)  ||d||  lg(rg) alpha_du alpha_pr  ls
2450  4.3592362e+01 2.40e+00 3.90e+12 -11.0 2.23e+00    -  1.00e+00 6.25e-02h  5
2451  4.6814424e+01 1.35e+00 3.45e+12 -11.0 1.63e+00    -  1.00e+00 6.25e-02h  5
2452  5.0065039e+01 1.64e+00 3.08e+12 -11.0 1.72e+00    -  1.00e+00 6.25e-02h  5
2453  6.8015445e+01 1.11e+00 1.69e+12 -11.0 2.62e+00    -  1.00e+00 2.50e-01h  3
2454  7.2399982e+01 7.39e-01 6.70e+12 -11.0 2.05e+00    -  1.00e+00 6.25e-02h  5
2455  7.6217197e+01 5.00e-01 1.52e+12 -11.0 2.05e+00    -  1.00e+00 6.25e-02h  5
2456  1.6373661e+02 1.35e+02 7.71e+12 -11.0 2.11e+00    -  1.00e+00 1.00e+00w  1
2457  3.7248305e+02 2.86e+03 3.45e+14 -11.0 4.85e+00    -  1.00e+00 1.00e+00w  1
2458  3.0734267e+02 5.94e+02 7.01e+12 -11.0 1.27e+00    -  1.00e+00 1.00e+00w  1
2459  8.4598725e+01 3.48e-01 4.65e+11 -11.0 6.40e-01    -  1.00e+00 1.25e-01h  3
iter    objective    inf_pr   inf_du lg(mu)  ||d||  lg(rg) alpha_du alpha_pr  ls
2460  8.6108011e+01 3.17e-01 4.82e+11 -11.0 1.57e+00    -  1.00e+00 3.12e-02h  6
2461  9.7229732e+01 3.46e-01 2.14e+11 -11.0 1.62e+00    -  1.00e+00 2.50e-01h  3
2462  9.7296436e+01 3.22e-01 9.28e+11 -11.0 2.57e+00    -  1.00e+00 1.56e-02h  7
2463  9.7322466e+01 3.22e-01 9.20e+11 -11.0 2.78e+00    -  1.00e+00 3.91e-03h  9
2464  9.7354627e+01 3.22e-01 9.16e+11 -11.0 2.48e+00    -  1.00e+00 9.77e-04h 11
2465  9.7386666e+01 3.21e-01 9.12e+11 -11.0 2.45e+00    -  1.00e+00 9.77e-04h 11
2466  9.7419088e+01 3.21e-01 9.08e+11 -11.0 2.43e+00    -  1.00e+00 9.77e-04h 11
2467  9.7440646e+01 3.20e-01 8.90e+11 -11.0 3.99e+00    -  1.00e+00 1.95e-03h 10
2468  9.7450520e+01 3.19e-01 8.48e+11 -11.0 3.79e+00    -  1.00e+00 9.77e-04h 11
2469  1.3118700e+02 2.35e+03 9.28e+04 -11.0 2.90e+00    -  1.00e+00 1.00e+00w  1
iter    objective    inf_pr   inf_du lg(mu)  ||d||  lg(rg) alpha_du alpha_pr  ls
2470  1.1327861e+02 7.32e+02 1.65e+05 -11.0 1.98e+00    -  1.00e+00 1.00e+00w  1
2471  9.7303644e+01 5.55e+03 7.37e+04 -11.0 3.13e+00    -  1.00e+00 1.00e+00w  1
2472  9.7467846e+01 3.28e-01 8.46e+11 -11.0 2.62e+00    -  1.00e+00 3.91e-03h  8
2473  9.8876963e+01 2.72e-01 6.94e+11 -11.0 2.71e+00    -  1.00e+00 6.25e-02h  5
2474  9.9019265e+01 2.67e-01 7.65e+11 -11.0 3.02e+00    -  1.00e+00 1.56e-02h  7
2475  1.0090074e+02 2.51e-01 6.98e+11 -11.0 6.88e-01    -  1.00e+00 6.25e-02h  5
2476  1.0376908e+02 2.36e-01 2.88e+11 -11.0 1.14e+00    -  1.00e+00 6.25e-02h  5
2477  1.0677633e+02 2.21e-01 5.37e+11 -11.0 8.07e-01    -  1.00e+00 6.25e-02h  5
2478  1.0715096e+02 2.19e-01 5.34e+11 -11.0 1.20e+00    -  1.00e+00 7.81e-03h  8
2479  1.1443202e+02 1.89e-01 8.27e+11 -11.0 8.28e-01    -  1.00e+00 1.25e-01h  4
iter    objective    inf_pr   inf_du lg(mu)  ||d||  lg(rg) alpha_du alpha_pr  ls
2480  1.1511233e+02 1.86e-01 8.57e+11 -11.0 6.72e-01    -  1.00e+00 1.56e-02h  7
2481  1.1652573e+02 1.80e-01 8.69e+11 -11.0 6.43e-01    -  1.00e+00 3.12e-02h  6
2482  1.6939765e+02 1.48e+01 2.64e+13 -11.0 7.04e-01    -  1.00e+00 1.00e+00w  1
2483  2.4200040e+02 3.29e+02 2.97e+13 -11.0 1.33e+00    -  1.00e+00 1.00e+00w  1
2484  1.8123395e+02 8.85e+01 1.12e+13 -11.0 2.64e+00    -  1.00e+00 1.00e+00w  1
2485  1.1688215e+02 1.79e-01 8.55e+11 -11.0 1.98e+00    -  1.00e+00 7.81e-03h  7
2486  1.1435596e+02 1.77e-01 4.88e+11 -11.0 3.78e+00    -  1.00e+00 7.81e-03f  8
2487  1.1653872e+02 1.66e-01 7.02e+11 -11.0 6.16e-01    -  1.00e+00 6.25e-02h  5
2488  1.1732558e+02 1.61e-01 6.74e+11 -11.0 3.86e-01    -  1.00e+00 3.12e-02h  6
2489  1.2070935e+02 1.41e-01 2.36e+12 -11.0 4.25e-01    -  1.00e+00 1.25e-01h  4
iter    objective    inf_pr   inf_du lg(mu)  ||d||  lg(rg) alpha_du alpha_pr  ls
2490  1.2090426e+02 1.39e-01 2.30e+12 -11.0 3.65e-01    -  1.00e+00 1.56e-02h  7
2491  1.2112060e+02 1.38e-01 2.27e+12 -11.0 6.25e-01    -  1.00e+00 7.81e-03h  8
2492  9.4943261e+01 2.30e-01 1.81e+12 -11.0 3.77e+00    -  1.00e+00 1.25e-01f  4
2493  8.7634775e+01 2.19e-01 1.37e+12 -11.0 2.36e+00    -  1.00e+00 6.25e-02f  5
2494  8.4744796e+01 1.76e-01 5.21e+11 -11.0 5.27e-01    -  1.00e+00 2.50e-01f  3
2495  7.4443358e+01 1.58e+00 1.61e+13 -11.0 5.68e-01    -  1.00e+00 1.00e+00w  1
2496  1.0502928e+02 6.82e+01 1.50e+13 -11.0 1.57e+00    -  1.00e+00 1.00e+00w  1
2497  1.2016636e+02 2.97e+05 1.91e+07 -11.0 5.19e+00    -  1.00e+00 1.00e+00w  1
2498  7.8427244e+01 2.99e-01 2.15e+12 -11.0 5.70e+00    -  1.00e+00 5.00e-01f  1
2499  7.9210002e+01 3.54e-01 4.98e+11 -11.0 7.36e-01    -  1.00e+00 5.00e-01h  2
iter    objective    inf_pr   inf_du lg(mu)  ||d||  lg(rg) alpha_du alpha_pr  ls
2500  7.6101565e+01 3.96e-01 1.06e+12 -11.0 7.30e-01    -  1.00e+00 5.00e-01f  2
2501  6.9727495e+01 3.85e-01 1.34e+12 -11.0 2.11e+00    -  1.00e+00 6.25e-02f  5
2502  4.2304461e+01 1.10e+00 1.07e+12 -11.0 2.81e+00    -  1.00e+00 2.50e-01f  3
2503  5.0513009e+01 9.28e-01 5.93e+11 -11.0 5.23e-01    -  1.00e+00 5.00e-01h  2
2504  5.5460455e+01 3.50e-01 2.35e+11 -11.0 4.18e-01    -  1.00e+00 5.00e-01h  2
2505  5.7348590e+01 3.06e-01 2.23e+12 -11.0 5.64e-01    -  1.00e+00 1.25e-01h  4
2506  5.7743376e+01 3.17e-01 2.32e+12 -11.0 5.65e-01    -  1.00e+00 3.12e-02h  6
2507  5.7695150e+01 3.12e-01 2.34e+12 -11.0 8.34e-01    -  1.00e+00 1.56e-02h  7
2508  5.8160251e+01 3.44e-01 2.45e+12 -11.0 4.29e-01    -  1.00e+00 3.12e-02h  6
2509  7.3187173e+01 8.22e-01 9.19e+11 -11.0 4.33e-01    -  1.00e+00 1.00e+00w  1
iter    objective    inf_pr   inf_du lg(mu)  ||d||  lg(rg) alpha_du alpha_pr  ls
2510  6.5160759e+01 2.34e+03 1.64e+06 -11.0 1.81e+00    -  1.00e+00 1.00e+00w  1
2511  2.3732708e+02 9.89e+04 5.73e+09 -11.0 3.19e+00    -  1.00e+00 1.00e+00w  1
2512  5.9736059e+01 4.08e-01 2.36e+12 -11.0 3.57e+00    -  1.00e+00 1.25e-01h  3
2513  6.0057575e+01 2.40e-01 2.32e+12 -11.0 4.39e-01    -  1.00e+00 3.12e-02h  6
2514  6.0135954e+01 2.38e-01 2.31e+12 -11.0 4.30e-01    -  1.00e+00 7.81e-03h  8
2515  6.0213972e+01 2.36e-01 2.30e+12 -11.0 4.23e-01    -  1.00e+00 7.81e-03h  8
2516  6.0289272e+01 2.34e-01 2.29e+12 -11.0 4.15e-01    -  1.00e+00 7.81e-03h  8
2517  3.9099401e+01 1.44e+00 4.65e+12 -11.0 2.38e+00    -  1.00e+00 5.00e-01f  2
2518  3.8821264e+01 1.22e+00 4.37e+12 -11.0 2.21e+00    -  1.00e+00 6.25e-02h  5
2519  2.5678992e+01 8.84e+00 1.67e+12 -11.0 2.03e+00    -  1.00e+00 5.00e-01f  2
iter    objective    inf_pr   inf_du lg(mu)  ||d||  lg(rg) alpha_du alpha_pr  ls
2520  2.4188089e+01 2.23e+02 7.07e+12 -11.0 2.13e+00    -  1.00e+00 5.00e-01f  2
2521  2.5779798e+01 3.18e+01 2.37e+13 -11.0 2.21e+00    -  1.00e+00 2.50e-01h  3
2522  1.4811291e+02 8.16e+04 7.43e+14 -11.0 2.66e+00    -  1.00e+00 1.00e+00w  1
2523  2.5658592e+02 2.98e+04 6.08e+14 -11.0 3.38e+00    -  1.00e+00 1.00e+00w  1
2524  3.7033511e+02 4.17e+03 7.73e+13 -11.0 1.18e+00    -  1.00e+00 1.00e+00w  1
2525  2.7252716e+01 1.12e+01 2.14e+13 -11.0 9.33e+00    -  1.00e+00 6.25e-02h  4
2526  2.7260563e+01 1.12e+01 2.14e+13 -11.0 2.71e+00    -  1.00e+00 9.77e-04h 11
2527  2.7750258e+01 5.78e+00 2.05e+13 -11.0 2.44e+00    -  1.00e+00 3.12e-02h  6
2528  2.8181578e+01 5.72e+00 1.96e+13 -11.0 2.24e+00    -  1.00e+00 1.56e-02h  7
2529  2.8263761e+01 5.70e+00 1.94e+13 -11.0 1.85e+00    -  1.00e+00 3.91e-03h  9
iter    objective    inf_pr   inf_du lg(mu)  ||d||  lg(rg) alpha_du alpha_pr  ls
2530  2.8261034e+01 5.60e+00 1.85e+13 -11.0 1.93e+00    -  1.00e+00 1.56e-02h  7
2531  2.8336296e+01 5.53e+00 1.71e+13 -11.0 2.07e+00    -  1.00e+00 1.56e-02h  7
2532  2.8447406e+01 5.48e+00 1.65e+13 -11.0 2.60e+00    -  1.00e+00 7.81e-03h  8
2533  2.8514992e+01 5.43e+00 1.61e+13 -11.0 1.85e+00    -  1.00e+00 7.81e-03h  8
2534  2.8306366e+01 5.16e+00 1.48e+13 -11.0 2.08e+00    -  1.00e+00 3.12e-02h  6
2535  6.4384104e+01 2.08e+03 2.16e+14 -11.0 2.24e+00    -  1.00e+00 1.00e+00w  1
2536  5.4913398e+01 6.37e+02 4.24e+12 -11.0 2.83e+00    -  1.00e+00 1.00e+00w  1
2537  1.8332147e+02 4.64e+03 8.12e+14 -11.0 3.01e+00    -  1.00e+00 1.00e+00w  1
2538  2.8357161e+01 4.94e+00 1.32e+13 -11.0 3.68e+00    -  1.00e+00 3.12e-02h  5
2539  3.0854671e+01 4.40e+00 1.16e+13 -11.0 1.51e+00    -  1.00e+00 1.25e-01h  4
iter    objective    inf_pr   inf_du lg(mu)  ||d||  lg(rg) alpha_du alpha_pr  ls
2540  3.1128470e+01 4.37e+00 1.14e+13 -11.0 1.65e+00    -  1.00e+00 7.81e-03h  8
2541  3.1163079e+01 4.36e+00 1.14e+13 -11.0 1.77e+00    -  1.00e+00 9.77e-04h 11
2542  3.1182559e+01 4.35e+00 1.13e+13 -11.0 1.98e+00    -  1.00e+00 1.95e-03h 10
2543  3.1186293e+01 4.35e+00 1.13e+13 -11.0 2.20e+00    -  1.00e+00 2.44e-04h 13
2544  3.2388680e+01 4.04e+00 1.01e+13 -11.0 2.20e+00    -  1.00e+00 6.25e-02h  5
2545  3.2548408e+01 3.99e+00 9.76e+12 -11.0 1.61e+00    -  1.00e+00 1.56e-02h  7
2546  2.9302372e+01 5.28e+01 7.92e+12 -11.0 2.28e+00    -  1.00e+00 2.50e-01f  3
2547  2.7960848e+01 1.91e+02 7.16e+12 -11.0 1.92e+00    -  1.00e+00 2.50e-01h  3
2548  3.0586219e+01 3.54e+03 6.42e+06 -11.0 1.54e+00    -  1.00e+00 1.00e+00w  1
2549  2.4191354e+01 7.12e+03 1.99e+06 -11.0 2.06e+00    -  1.00e+00 1.00e+00h  1
iter    objective    inf_pr   inf_du lg(mu)  ||d||  lg(rg) alpha_du alpha_pr  ls
2550  2.3793088e+01 4.79e+03 2.08e+06 -11.0 1.85e+00    -  1.00e+00 5.00e-01h  2
2551  2.6068346e+01 2.66e+03 2.26e+07 -11.0 1.55e+00    -  1.00e+00 2.50e-01h  3
2552  2.8054348e+01 3.36e+02 1.01e+08 -11.0 1.72e+00    -  1.00e+00 2.50e-01h  3
2553  2.8451100e+01 1.06e+02 2.63e+09 -11.0 1.29e+00    -  1.00e+00 1.25e-01h  4
2554  2.8792276e+01 8.20e+00 3.78e+09 -11.0 1.24e+00    -  1.00e+00 1.25e-01h  4
2555  3.0154048e+01 7.94e+00 1.11e+10 -11.0 1.28e+00    -  1.00e+00 6.25e-02h  5
2556  3.0731130e+01 1.16e+01 1.08e+10 -11.0 1.79e+00    -  1.00e+00 1.56e-02h  7
2557  3.1008046e+01 1.15e+01 1.26e+10 -11.0 1.90e+00    -  1.00e+00 7.81e-03h  8
2558  3.1160609e+01 1.13e+01 1.39e+10 -11.0 1.93e+00    -  1.00e+00 3.91e-03h  9
2559  3.1171703e+01 1.13e+01 1.40e+10 -11.0 1.94e+00    -  1.00e+00 2.44e-04h 13
iter    objective    inf_pr   inf_du lg(mu)  ||d||  lg(rg) alpha_du alpha_pr  ls
2560  1.8117922e+02 1.82e+03 2.46e+12 -11.0 1.94e+00    -  1.00e+00 1.00e+00w  1
2561  1.1629676e+02 3.40e+03 4.52e+06 -11.0 4.85e+00    -  1.00e+00 1.00e+00w  1
2562  7.9587054e+01 2.04e+02 1.68e+08 -11.0 3.55e+00    -  1.00e+00 1.00e+00w  1
2563  3.1177256e+01 1.13e+01 1.40e+10 -11.0 1.29e+00    -  1.00e+00 1.22e-04h 13
2564  3.1182371e+01 1.13e+01 1.40e+10 -11.0 2.02e+00    -  1.00e+00 1.22e-04h 14
2565  3.8107599e+01 8.41e+00 7.32e+10 -11.0 1.96e+00    -  1.00e+00 1.25e-01h  4
2566  3.9718109e+01 8.34e+00 7.25e+10 -11.0 1.66e+00    -  1.00e+00 3.12e-02h  6
2567  5.7791638e+01 2.20e+01 1.40e+10 -11.0 1.77e+00    -  1.00e+00 2.50e-01h  3
2568  5.8817136e+01 2.24e+01 1.37e+10 -11.0 1.36e+00    -  1.00e+00 1.56e-02h  7
2569  7.6678029e+01 1.04e+01 5.47e+09 -11.0 1.31e+00    -  1.00e+00 2.50e-01h  3
iter    objective    inf_pr   inf_du lg(mu)  ||d||  lg(rg) alpha_du alpha_pr  ls
2570  7.7754625e+01 1.06e+01 6.38e+09 -11.0 1.29e+00    -  1.00e+00 1.56e-02h  7
2571  7.8235751e+01 1.07e+01 6.38e+09 -11.0 1.29e+00    -  1.00e+00 7.81e-03h  8
2572  8.6065703e+01 2.10e+01 7.02e+09 -11.0 1.38e+00    -  1.00e+00 1.25e-01h  4
2573  1.8963228e+02 2.60e+04 1.70e+12 -11.0 1.93e+00    -  1.00e+00 1.00e+00w  1
2574  1.6708245e+02 1.15e+02 9.81e+13 -11.0 1.24e+00    -  1.00e+00 1.00e+00w  1
2575  1.7924066e+02 1.02e+03 9.82e+14 -11.0 1.25e+00    -  1.00e+00 1.00e+00w  1
2576  8.7512862e+01 1.13e+01 5.09e+09 -11.0 9.13e-01    -  1.00e+00 3.12e-02h  5
2577  9.0002297e+01 6.35e+00 1.11e+12 -11.0 5.65e-01   8.8 1.00e+00 2.50e-01h  3
2578  9.1029293e+01 7.09e+00 1.14e+12 -11.0 1.92e+00    -  1.00e+00 1.56e-02h  7
2579  9.6189107e+01 3.86e+00 1.27e+12 -11.0 2.27e+00    -  1.00e+00 6.25e-02h  5
iter    objective    inf_pr   inf_du lg(mu)  ||d||  lg(rg) alpha_du alpha_pr  ls
2580  1.0339387e+02 5.21e+00 1.21e+12 -11.0 1.58e+00   8.4 1.00e+00 1.25e-01h  4
2581  1.0971318e+02 3.83e+00 1.45e+13 -11.0 5.98e-01   8.8 1.00e+00 5.00e-01h  2
2582  1.1033792e+02 3.83e+00 1.43e+13 -11.0 2.42e+00    -  1.00e+00 7.81e-03h  8
2583  1.1197489e+02 3.41e+00 1.40e+13 -11.0 2.69e+00    -  1.00e+00 1.56e-02h  7
2584  1.1197654e+02 3.40e+00 1.41e+13 -11.0 4.09e+00    -  1.00e+00 9.77e-04h 11
2585  1.1208709e+02 3.33e+00 1.46e+13 -11.0 3.53e+00    -  1.00e+00 3.91e-03h  9
2586  1.8092877e+02 6.75e+04 8.91e+06 -11.0 3.62e+00    -  1.00e+00 1.00e+00w  1
2587  1.1936197e+02 8.21e+04 6.88e+05 -11.0 4.13e+00    -  1.00e+00 1.00e+00w  1
2588  7.0815350e+01 2.68e+04 2.60e+04 -11.0 4.99e+00    -  1.00e+00 1.00e+00w  1
2589  1.1208918e+02 3.33e+00 1.46e+13 -11.0 4.03e+00    -  1.00e+00 2.44e-04h 12
iter    objective    inf_pr   inf_du lg(mu)  ||d||  lg(rg) alpha_du alpha_pr  ls
2590  1.1226044e+02 3.51e+00 1.49e+13 -11.0 3.83e+00    -  1.00e+00 7.81e-03h  8
2591  1.1224032e+02 3.14e+00 1.54e+13 -11.0 3.25e+00    -  1.00e+00 7.81e-03h  8
2592  1.1235190e+02 3.51e+00 1.44e+13 -11.0 3.24e+00    -  1.00e+00 7.81e-03h  8
2593  1.1290335e+02 3.62e+00 1.39e+13 -11.0 2.56e+00    -  1.00e+00 1.56e-02h  7
2594  1.1377371e+02 3.83e+00 1.36e+13 -11.0 2.04e+00    -  1.00e+00 3.12e-02h  6
2595  1.1329408e+02 3.88e+00 1.38e+13 -11.0 3.26e+00    -  1.00e+00 7.81e-03f  8
2596  1.1305837e+02 3.93e+00 1.39e+13 -11.0 2.35e+00    -  1.00e+00 3.91e-03h  9
2597  1.1283206e+02 3.98e+00 1.41e+13 -11.0 2.48e+00    -  1.00e+00 3.91e-03h  9
2598  1.1269650e+02 3.98e+00 1.43e+13 -11.0 2.69e+00    -  1.00e+00 1.95e-03h 10
2599  1.2170688e+02 3.77e+03 3.50e+13 -11.0 2.59e+00    -  1.00e+00 1.00e+00w  1
iter    objective    inf_pr   inf_du lg(mu)  ||d||  lg(rg) alpha_du alpha_pr  ls
2600  1.1603578e+02 4.61e+03 3.76e+14 -11.0 1.43e+00    -  1.00e+00 1.00e+00w  1
2601  1.1266063e+02 8.89e+02 1.49e+14 -11.0 1.41e+00    -  1.00e+00 1.00e+00w  1
2602  1.0914440e+02 1.41e+00 2.07e+13 -11.0 7.88e-01    -  1.00e+00 6.25e-02f  4
2603  1.0936953e+02 1.26e+00 2.37e+13 -11.0 4.18e-01    -  1.00e+00 1.56e-02h  7
2604  1.1183527e+02 1.35e+00 3.80e+13 -11.0 9.35e-01    -  1.00e+00 6.25e-02h  5
2605  1.1322763e+02 1.06e+00 3.60e+13 -11.0 6.89e-01    -  1.00e+00 3.12e-02h  6
2606  1.1642114e+02 1.62e+00 3.22e+13 -11.0 7.62e-01    -  1.00e+00 6.25e-02h  5
2607  1.1846093e+02 5.79e-01 2.74e+13 -11.0 6.03e-01    -  1.00e+00 6.25e-02h  5
2608  1.2032402e+02 1.36e+00 2.24e+13 -11.0 5.98e-01    -  1.00e+00 6.25e-02h  5
2609  1.2258004e+02 2.11e+00 1.82e+13 -11.0 8.38e-01    -  1.00e+00 6.25e-02h  5
iter    objective    inf_pr   inf_du lg(mu)  ||d||  lg(rg) alpha_du alpha_pr  ls
2610  1.2318799e+02 2.30e+00 1.80e+13 -11.0 7.73e-01    -  1.00e+00 3.12e-02h  6
2611  9.7614332e+01 2.63e+03 5.05e+13 -11.0 2.82e+00    -  1.00e+00 5.00e-01f  2
2612  3.2676479e+02 2.56e+04 1.43e+14 -11.0 3.25e+00    -  1.00e+00 1.00e+00w  1
2613  3.4598323e+02 5.99e+03 2.07e+13 -11.0 8.92e-01    -  1.00e+00 1.00e+00w  1
2614  3.7580499e+02 2.86e+03 1.03e+13 -11.0 4.31e-01    -  1.00e+00 1.00e+00w  1
2615  1.0319987e+02 1.70e+03 4.09e+13 -11.0 5.01e+00    -  1.00e+00 1.25e-01h  3
2616  1.0666350e+02 1.62e+03 3.81e+13 -11.0 3.79e+00    -  1.00e+00 3.12e-02h  6
2617  1.0862532e+02 1.59e+03 3.69e+13 -11.0 3.77e+00    -  1.00e+00 1.56e-02h  7
2618  1.0907945e+02 1.58e+03 3.66e+13 -11.0 3.53e+00    -  1.00e+00 3.91e-03h  9
2619  9.7205775e+01 1.03e+04 5.33e+12 -11.0 4.56e+00    -  1.00e+00 5.00e-01h  2
iter    objective    inf_pr   inf_du lg(mu)  ||d||  lg(rg) alpha_du alpha_pr  ls
2620  9.1965106e+01 1.87e+03 1.15e+13 -11.0 4.68e+00    -  1.00e+00 2.50e-01h  3
2621  9.4224139e+01 3.51e+02 3.92e+12 -11.0 2.42e+00    -  1.00e+00 2.50e-01h  3
2622  1.0773931e+02 2.82e+02 2.33e+12 -11.0 3.20e+00    -  1.00e+00 1.25e-01h  4
2623  1.0894994e+02 2.74e+02 2.15e+12 -11.0 4.70e+00    -  1.00e+00 3.12e-02h  6
2624  1.0907000e+02 2.74e+02 2.12e+12 -11.0 3.85e+00    -  1.00e+00 1.95e-03h 10
2625  2.3685792e+02 2.23e+04 1.47e+14 -11.0 3.63e+00    -  1.00e+00 1.00e+00w  1
2626  2.0098422e+02 1.87e+03 6.47e+14 -11.0 2.17e+00    -  1.00e+00 1.00e+00w  1
2627  2.5839762e+02 5.92e+02 4.49e+14 -11.0 1.43e+00    -  1.00e+00 1.00e+00w  1
2628  1.0912867e+02 2.74e+02 2.11e+12 -11.0 6.24e-01    -  1.00e+00 9.77e-04h 10
2629  1.0913753e+02 2.74e+02 2.11e+12 -11.0 3.94e+00    -  1.00e+00 2.44e-04h 13
iter    objective    inf_pr   inf_du lg(mu)  ||d||  lg(rg) alpha_du alpha_pr  ls
2630  1.2299501e+02 8.32e+01 4.38e+11 -11.0 3.90e+00    -  1.00e+00 2.50e-01h  3
2631  1.2314865e+02 8.29e+01 4.32e+11 -11.0 1.50e+00    -  1.00e+00 3.91e-03h  9
2632  1.2768213e+02 8.11e+01 5.26e+11 -11.0 1.05e+00    -  1.00e+00 1.25e-01h  4
2633  1.3320835e+02 7.34e+01 1.02e+12 -11.0 1.30e+00    -  1.00e+00 1.25e-01h  4
2634  1.3217954e+02 1.11e+02 1.32e+12 -11.0 3.64e+00    -  1.00e+00 3.12e-02h  6
2635  1.3277332e+02 1.10e+02 1.31e+12 -11.0 1.23e+00    -  1.00e+00 7.81e-03h  8
2636  1.5920223e+02 6.06e+01 1.66e+12 -11.0 1.33e+00    -  1.00e+00 2.50e-01h  3
2637  1.6743347e+02 5.61e+01 1.84e+12 -11.0 1.06e+00    -  1.00e+00 1.25e-01h  4
2638  2.1268270e+02 2.74e+02 1.22e+14 -11.0 7.14e-01    -  1.00e+00 1.00e+00w  1
2639  2.7806167e+02 1.08e+04 2.41e+12 -11.0 1.33e+00    -  1.00e+00 1.00e+00w  1
iter    objective    inf_pr   inf_du lg(mu)  ||d||  lg(rg) alpha_du alpha_pr  ls
2640  3.1512283e+02 1.46e+03 9.93e+12 -11.0 6.47e-01    -  1.00e+00 1.00e+00w  1
2641  1.7220789e+02 4.95e+01 2.53e+12 -11.0 5.08e+00    -  1.00e+00 1.25e-01h  3
2642  1.0681709e+02 1.94e+04 3.48e+13 -11.0 3.76e+00    -  1.00e+00 5.00e-01f  2
2643  8.1071539e+01 1.18e+04 1.09e+13 -11.0 3.41e+00    -  1.00e+00 5.00e-01h  2
2644  7.0486606e+01 6.58e+03 6.08e+12 -11.0 2.61e+00    -  1.00e+00 2.50e-01h  3
2645  1.0332786e+02 5.31e+03 2.82e+12 -11.0 2.30e+00    -  1.00e+00 5.00e-01h  2
2646  1.0862464e+02 5.17e+03 2.68e+12 -11.0 3.31e+00    -  1.00e+00 6.25e-02h  5
2647  1.0909471e+02 5.13e+03 2.67e+12 -11.0 2.02e+00    -  1.00e+00 7.81e-03h  8
2648  1.0911487e+02 5.13e+03 2.67e+12 -11.0 5.05e+00    -  1.00e+00 2.44e-04h 13
2649  1.0912495e+02 5.13e+03 2.67e+12 -11.0 5.06e+00    -  1.00e+00 1.22e-04h 14
iter    objective    inf_pr   inf_du lg(mu)  ||d||  lg(rg) alpha_du alpha_pr  ls
2650  1.0912747e+02 5.13e+03 2.67e+12 -11.0 5.07e+00    -  1.00e+00 3.05e-05h 16
2651  2.5423396e+02 3.35e+05 1.90e+06 -11.0 3.86e+00    -  1.00e+00 1.00e+00w  1
2652  4.1212012e+02 8.21e+04 4.00e+09 -11.0 2.43e+00    -  1.00e+00 1.00e+00w  1
2653  4.0789230e+02 5.83e+03 5.53e+07 -11.0 1.09e+00    -  1.00e+00 1.00e+00w  1
2654  1.0912863e+02 5.13e+03 2.67e+12 -11.0 4.71e-01    -  1.00e+00 1.53e-05h 16
2655  1.0973681e+02 2.40e+03 2.75e+12 -11.0 3.73e+01    -  1.00e+00 7.81e-03h  8
2656  1.1225057e+02 2.38e+03 2.62e+12 -11.0 3.61e+00    -  1.00e+00 3.12e-02h  6
2657  1.3699906e+02 2.88e+02 4.63e+12 -11.0 3.24e+00    -  1.00e+00 2.50e-01h  3
2658  1.4020043e+02 2.71e+02 4.43e+12 -11.0 9.29e-01    -  1.00e+00 6.25e-02h  5
2659  1.4680938e+02 2.40e+02 3.97e+12 -11.0 8.97e-01    -  1.00e+00 1.25e-01h  4
iter    objective    inf_pr   inf_du lg(mu)  ||d||  lg(rg) alpha_du alpha_pr  ls
2660  1.1320448e+02 3.23e+03 3.87e+12 -11.0 2.90e+00    -  1.00e+00 5.00e-01f  2
2661  1.1376343e+02 3.18e+03 2.65e+12 -11.0 2.77e+00    -  1.00e+00 1.56e-02h  7
2662  1.3280965e+02 2.11e+03 1.04e+12 -11.0 2.57e+00    -  1.00e+00 2.50e-01h  3
2663  1.3585704e+02 2.05e+03 8.15e+11 -11.0 2.11e+00    -  1.00e+00 3.12e-02h  6
2664  3.0778181e+02 1.20e+04 1.31e+13 -11.0 1.95e+00    -  1.00e+00 1.00e+00w  1
2665  3.2662009e+02 7.15e+03 1.64e+13 -11.0 1.07e+00    -  1.00e+00 1.00e+00w  1
2666  3.1623790e+02 6.24e+03 1.65e+13 -11.0 1.70e+00    -  1.00e+00 1.00e+00w  1
2667  1.3653280e+02 2.03e+03 7.71e+11 -11.0 7.69e-01    -  1.00e+00 7.81e-03h  7
2668  1.3688198e+02 2.02e+03 7.61e+11 -11.0 2.26e+00    -  1.00e+00 3.91e-03h  9
2669  1.3696874e+02 2.02e+03 7.57e+11 -11.0 1.88e+00    -  1.00e+00 9.77e-04h 11
iter    objective    inf_pr   inf_du lg(mu)  ||d||  lg(rg) alpha_du alpha_pr  ls
2670  2.0322775e+02 1.09e+03 6.69e+12 -11.0 2.11e+00    -  1.00e+00 5.00e-01h  2
2671  2.0274123e+02 1.06e+03 8.23e+12 -11.0 3.59e+00    -  1.00e+00 1.25e-01h  4
2672  2.0986880e+02 9.65e+02 5.45e+12 -11.0 2.19e+00    -  1.00e+00 1.25e-01h  4
2673  2.9242734e+02 2.02e+03 1.19e+13 -11.0 1.41e+00    -  1.00e+00 1.00e+00h  1
2674  2.9383255e+02 1.94e+03 9.85e+12 -11.0 1.46e+00    -  1.00e+00 6.25e-02h  5
2675  3.3551064e+02 7.43e+02 7.76e+13 -11.0 1.48e+00    -  1.00e+00 5.00e-01h  2
2676  3.3250915e+02 6.93e+02 7.40e+13 -11.0 9.04e-01    -  1.00e+00 1.25e-01h  4
2677  3.2986882e+02 6.54e+02 9.11e+13 -11.0 9.94e-01    -  1.00e+00 1.25e-01h  4
2678  3.2625772e+02 6.72e+02 1.14e+14 -11.0 1.07e+00    -  1.00e+00 2.50e-01h  3
2679  3.3054865e+02 1.62e+02 1.18e+14 -11.0 1.29e+00    -  1.00e+00 1.25e-01h  4
iter    objective    inf_pr   inf_du lg(mu)  ||d||  lg(rg) alpha_du alpha_pr  ls
2680  3.3197349e+02 4.43e+01 9.03e+13 -11.0 3.56e-01    -  1.00e+00 2.50e-01h  3
2681  3.3318737e+02 4.21e+01 7.76e+13 -11.0 5.81e-01    -  1.00e+00 1.25e-01h  4
2682  3.1485267e+02 5.69e+02 7.29e+13 -11.0 7.86e+00    -  1.00e+00 3.12e-02f  6
2683  3.2095834e+02 2.07e+02 3.72e+13 -11.0 8.05e-01    -  1.00e+00 5.00e-01h  2
2684  3.3447428e+02 5.15e+02 4.97e+11 -11.0 4.69e-01    -  1.00e+00 1.00e+00w  1
2685  3.3691098e+02 1.47e+01 7.20e+11 -11.0 3.18e-01    -  1.00e+00 1.00e+00h  1
2686  3.3483241e+02 1.94e+01 7.09e+11 -11.0 5.24e+00    -  1.00e+00 3.91e-03f  9
2687  3.0417293e+02 3.12e+01 3.58e+11 -11.0 5.10e-01    -  1.00e+00 1.00e+00f  1
2688  3.0671638e+02 2.94e+01 3.90e+11 -11.0 5.23e-01    -  1.00e+00 6.25e-02h  5
2689  3.2705291e+02 3.48e+01 2.65e+10 -11.0 4.41e-01    -  1.00e+00 5.00e-01h  2
iter    objective    inf_pr   inf_du lg(mu)  ||d||  lg(rg) alpha_du alpha_pr  ls
2690  5.7388049e+01 1.77e+04 1.55e+11 -11.0 5.78e+00    -  1.00e+00 5.00e-01f  2
2691  8.1163788e+01 1.49e+04 1.22e+12 -11.0 3.05e+00    -  1.00e+00 2.50e-01h  3
2692  1.0883432e+02 1.09e+04 2.23e+12 -11.0 2.10e+00    -  1.00e+00 2.50e-01h  3
2693  1.2554777e+02 9.50e+03 2.04e+12 -11.0 1.62e+00    -  1.00e+00 1.25e-01h  4
2694  1.1676176e+02 9.23e+03 2.06e+12 -11.0 4.31e+00    -  1.00e+00 6.25e-02h  5
2695  9.7712179e+01 9.83e+03 1.61e+12 -11.0 4.07e+00    -  1.00e+00 1.25e-01h  4
2696  8.1201439e+01 1.57e+03 2.67e+13 -11.0 3.03e+00    -  1.00e+00 2.50e-01h  3
2697  8.4861942e+01 1.53e+03 2.28e+13 -11.0 2.65e+00    -  1.00e+00 6.25e-02h  5
2698  2.3378406e+02 1.74e+03 1.56e+07 -11.0 3.24e+00    -  1.00e+00 1.00e+00w  1
2699  2.3411390e+02 3.48e+03 1.75e+05 -11.0 4.00e+00    -  1.00e+00 1.00e+00w  1
iter    objective    inf_pr   inf_du lg(mu)  ||d||  lg(rg) alpha_du alpha_pr  ls
2700  1.5944899e+02 4.65e+03 2.44e+06 -11.0 2.53e+00    -  1.00e+00 1.00e+00w  1
2701  1.0473626e+02 1.03e+03 1.35e+13 -11.0 3.37e+00    -  1.00e+00 2.50e-01h  2
2702  1.5020479e+02 9.60e+01 6.76e+12 -11.0 2.17e+00    -  1.00e+00 2.50e-01h  3
2703  1.5699332e+02 9.71e+01 6.12e+12 -11.0 2.33e+00    -  1.00e+00 3.12e-02h  6
2704  1.6391613e+02 9.80e+01 5.58e+12 -11.0 2.33e+00    -  1.00e+00 3.12e-02h  6
2705  1.7112886e+02 9.93e+01 5.28e+12 -11.0 2.29e+00    -  1.00e+00 3.12e-02h  6
2706  1.6050065e+02 1.19e+02 1.37e+13 -11.0 3.70e+00    -  1.00e+00 2.50e-01f  3
2707  9.4653512e+01 6.35e+01 6.40e+12 -11.0 6.50e+00    -  1.00e+00 5.00e-01f  2
2708  4.2580246e+01 5.42e+01 3.01e+12 -11.0 4.32e+00    -  1.00e+00 5.00e-01f  2
2709  7.0509750e+01 1.87e+01 5.93e+07 -11.0 3.24e+00    -  1.00e+00 1.00e+00h  1
iter    objective    inf_pr   inf_du lg(mu)  ||d||  lg(rg) alpha_du alpha_pr  ls
2710  3.2324890e+01 3.36e+01 4.37e+07 -11.0 3.29e+00    -  1.00e+00 5.00e-01f  2
2711  3.9386558e+01 2.44e+01 4.01e+08 -11.0 2.72e+00    -  1.00e+00 2.50e-01h  3
2712  4.0974706e+01 2.36e+01 2.29e+08 -11.0 2.85e+00    -  1.00e+00 3.12e-02h  6
2713  7.6034590e+01 4.35e+01 1.99e+10 -11.0 3.14e+00    -  1.00e+00 2.50e-01h  3
2714  1.9295560e+02 1.10e+01 2.56e+10 -11.0 2.94e+00    -  1.00e+00 5.00e-01h  2
2715  3.2946863e+02 3.26e+00 2.08e+10 -11.0 1.16e+00    -  1.00e+00 1.00e+00h  1
2716  3.5079218e+02 3.57e+00 2.88e+12 -11.0 4.36e-01    -  1.00e+00 1.00e+00h  1
2717  3.6754024e+02 2.66e+00 1.54e+12 -11.0 4.78e-01    -  1.00e+00 2.50e-01h  3
2718  3.7446980e+02 2.31e+00 1.23e+12 -11.0 4.23e-01    -  1.00e+00 1.25e-01h  4
2719  3.7451328e+02 2.30e+00 1.23e+12 -11.0 3.90e-01    -  1.00e+00 9.77e-04h 11
iter    objective    inf_pr   inf_du lg(mu)  ||d||  lg(rg) alpha_du alpha_pr  ls
2720  3.3899078e+02 1.58e+00 9.59e+12 -11.0 4.62e+00    -  1.00e+00 6.25e-02f  5
2721  3.6169326e+02 4.76e-01 1.52e+12 -11.0 2.15e-01    -  1.00e+00 1.00e+00h  1
2722  3.6902942e+02 3.04e-01 3.48e+13 -11.0 3.17e-01    -  1.00e+00 5.00e-01h  2
2723  3.7037025e+02 2.62e-01 2.48e+12 -11.0 1.72e-01    -  1.00e+00 5.00e-01h  2
2724  3.2970183e+02 9.03e+00 6.55e+12 -11.0 4.81e+00    -  1.00e+00 6.25e-02f  5
2725  2.0373422e+02 2.14e+01 9.12e+13 -11.0 5.69e+00    -  1.00e+00 2.50e-01f  3
2726  7.5070679e+01 9.38e+00 2.72e+13 -11.0 5.13e+00    -  1.00e+00 5.00e-01f  2
2727  7.4505494e+01 8.81e+00 3.54e+13 -11.0 2.01e+00    -  1.00e+00 6.25e-02h  5
2728  6.8272393e+01 3.20e+01 9.68e+12 -11.0 2.97e+00    -  1.00e+00 2.50e-01f  3
2729  8.9782464e+01 6.30e+00 7.29e+07 -11.0 2.07e+00    -  1.00e+00 1.00e+00h  1
iter    objective    inf_pr   inf_du lg(mu)  ||d||  lg(rg) alpha_du alpha_pr  ls
2730  1.0875145e+02 1.11e+01 3.54e+07 -11.0 4.27e+00    -  1.00e+00 5.00e-01h  2
2731  1.5209392e+02 1.72e+01 2.99e+06 -11.0 4.58e+00    -  1.00e+00 2.50e-01h  3
2732  1.5697694e+02 1.75e+01 2.97e+06 -11.0 2.88e+00    -  1.00e+00 3.12e-02h  6
2733  1.6188036e+02 1.77e+01 2.95e+06 -11.0 2.79e+00    -  1.00e+00 3.12e-02h  6
2734  1.7707148e+02 1.58e+01 2.38e+06 -11.0 1.81e+00    -  1.00e+00 1.25e-01h  4
2735  1.8097272e+02 1.53e+01 2.26e+06 -11.0 1.58e+00    -  1.00e+00 3.12e-02h  6
2736  1.8292804e+02 1.50e+01 2.20e+06 -11.0 1.53e+00    -  1.00e+00 1.56e-02h  7
2737  1.8304979e+02 1.50e+01 2.19e+06 -11.0 1.51e+00    -  1.00e+00 9.77e-04h 11
2738  1.8311066e+02 1.50e+01 2.19e+06 -11.0 1.51e+00    -  1.00e+00 4.88e-04h 12
2739  1.8312588e+02 1.50e+01 2.19e+06 -11.0 1.51e+00    -  1.00e+00 1.22e-04h 14
iter    objective    inf_pr   inf_du lg(mu)  ||d||  lg(rg) alpha_du alpha_pr  ls
2740  3.7902678e+02 9.04e+02 3.28e+07 -11.0 1.51e+00    -  1.00e+00 1.00e+00w  1
2741  3.7988888e+02 9.57e+01 7.50e+07 -11.0 8.65e-02    -  1.00e+00 1.00e+00w  1
2742  3.7945059e+02 3.25e+02 1.81e+08 -11.0 2.05e-01    -  1.00e+00 1.00e+00w  1
2743  1.8312968e+02 1.50e+01 2.19e+06 -11.0 2.45e-01    -  1.00e+00 3.05e-05h 15
2744  1.8528272e+02 1.48e+01 2.12e+06 -11.0 1.53e+00    -  1.00e+00 1.56e-02h  7
2745  1.9395391e+02 1.40e+01 7.91e+06 -11.0 1.50e+00    -  1.00e+00 6.25e-02h  5
2746  1.9814809e+02 1.35e+01 1.68e+06 -11.0 1.40e+00    -  1.00e+00 3.12e-02h  6
2747  2.0017797e+02 1.33e+01 3.26e+07 -11.0 1.34e+00    -  1.00e+00 1.56e-02h  7
2748  2.3534978e+02 1.22e+01 9.56e+07 -11.0 1.35e+00    -  1.00e+00 2.50e-01h  3
2749  2.9555463e+02 2.35e+00 2.86e+08 -11.0 9.60e-01    -  1.00e+00 5.00e-01h  2
iter    objective    inf_pr   inf_du lg(mu)  ||d||  lg(rg) alpha_du alpha_pr  ls
2750  2.9782604e+02 2.29e+00 2.75e+08 -11.0 5.29e-01    -  1.00e+00 3.12e-02h  6
2751  3.0000435e+02 2.21e+00 3.52e+08 -11.0 5.04e-01    -  1.00e+00 3.12e-02h  6
2752  3.0054585e+02 2.20e+00 3.60e+08 -11.0 4.96e-01    -  1.00e+00 7.81e-03h  8
2753  3.7060402e+02 2.11e+02 1.27e+13 -11.0 5.85e-01    -  1.00e+00 1.00e+00w  1
2754  3.5722792e+02 5.85e+03 1.29e+08 -11.0 6.08e+00    -  1.00e+00 1.00e+00w  1
2755  2.9419777e+02 2.97e+03 1.31e+08 -11.0 5.87e+00    -  1.00e+00 1.00e+00w  1
2756  3.0258026e+02 2.17e+00 2.86e+09 -11.0 2.97e+00    -  1.00e+00 3.12e-02h  5
2757  3.0249378e+02 2.17e+00 2.67e+09 -11.0 2.33e+00    -  1.00e+00 9.77e-04h 11
2758  3.0253996e+02 2.17e+00 2.69e+09 -11.0 6.17e-01    -  1.00e+00 1.95e-03h 10
2759  3.0256205e+02 2.17e+00 2.70e+09 -11.0 6.28e-01    -  1.00e+00 9.77e-04h 11
iter    objective    inf_pr   inf_du lg(mu)  ||d||  lg(rg) alpha_du alpha_pr  ls
2760  3.0245983e+02 2.16e+00 2.95e+09 -11.0 1.80e+00    -  1.00e+00 1.95e-03h 10
2761  3.0241759e+02 2.16e+00 4.92e+09 -11.0 2.41e+00    -  1.00e+00 4.88e-04h 12
2762  3.0452358e+02 2.11e+00 3.47e+10 -11.0 5.02e-01    -  1.00e+00 6.25e-02h  5
2763  3.0653937e+02 2.08e+00 3.72e+10 -11.0 4.73e-01    -  1.00e+00 6.25e-02h  5
2764  3.0772203e+02 2.05e+00 4.16e+10 -11.0 5.98e-01    -  1.00e+00 6.25e-02h  5
2765  3.0641595e+02 2.02e+00 4.47e+10 -11.0 2.15e+00    -  1.00e+00 1.56e-02f  7
2766  3.5304015e+02 1.17e+03 2.39e+07 -11.0 2.11e+00    -  1.00e+00 1.00e+00w  1
2767  3.5072276e+02 1.16e+03 8.19e+08 -11.0 7.12e+00    -  1.00e+00 1.00e+00w  1
2768  2.6885832e+02 5.36e+02 3.17e+07 -11.0 4.79e+00    -  1.00e+00 1.00e+00w  1
2769  3.0521457e+02 2.23e+00 4.74e+10 -11.0 1.43e+00    -  1.00e+00 1.56e-02f  6
iter    objective    inf_pr   inf_du lg(mu)  ||d||  lg(rg) alpha_du alpha_pr  ls
2770  3.0757161e+02 2.22e+00 4.67e+10 -11.0 2.99e-01    -  1.00e+00 6.25e-02h  5
2771  3.0812691e+02 2.19e+00 4.65e+10 -11.0 2.81e-01    -  1.00e+00 1.56e-02h  7
2772  3.0826375e+02 2.18e+00 4.65e+10 -11.0 2.76e-01    -  1.00e+00 3.91e-03h  9
2773  3.0714354e+02 2.34e+00 4.87e+10 -11.0 2.04e+00    -  1.00e+00 1.56e-02f  7
2774  3.0611952e+02 2.48e+00 3.71e+11 -11.0 1.98e+00    -  1.00e+00 1.56e-02f  7
2775  3.0677775e+02 2.42e+00 3.74e+11 -11.0 5.19e-01    -  1.00e+00 3.12e-02h  6
2776  3.0682002e+02 2.41e+00 3.75e+11 -11.0 6.90e-01    -  1.00e+00 3.91e-03h  9
2777  3.0687881e+02 2.39e+00 3.77e+11 -11.0 7.44e-01    -  1.00e+00 7.81e-03h  8
2778  3.0685713e+02 2.39e+00 3.77e+11 -11.0 1.82e+00    -  1.00e+00 2.44e-04h 13
2779  3.4069684e+02 4.06e+03 3.50e+07 -11.0 1.71e+00    -  1.00e+00 1.00e+00w  1
iter    objective    inf_pr   inf_du lg(mu)  ||d||  lg(rg) alpha_du alpha_pr  ls
2780  3.6086420e+02 9.39e+03 8.00e+06 -11.0 1.60e+00    -  1.00e+00 1.00e+00w  1
2781  3.7319495e+02 2.49e+04 1.84e+07 -11.0 1.29e+00    -  1.00e+00 1.00e+00w  1
2782  3.0674198e+02 2.39e+00 5.76e+11 -11.0 1.81e+00    -  1.00e+00 1.95e-03h  9
2783  3.0731951e+02 2.35e+00 6.42e+11 -11.0 2.44e-01    -  1.00e+00 1.56e-02h  7
2784  3.0837104e+02 2.28e+00 7.45e+11 -11.0 2.59e-01    -  1.00e+00 3.12e-02h  6
2785  3.2496144e+02 5.48e+00 1.43e+11 -11.0 3.14e-01    -  1.00e+00 5.00e-01h  2
2786  3.2552011e+02 5.08e+00 1.44e+11 -11.0 6.01e-01    -  1.00e+00 6.25e-02h  5
2787  3.2562394e+02 5.00e+00 1.45e+11 -11.0 5.22e-01    -  1.00e+00 1.56e-02h  7
2788  3.2558374e+02 4.91e+00 1.35e+11 -11.0 3.31e-01    -  1.00e+00 1.56e-02h  7
2789  3.1679799e+02 4.31e+00 1.42e+11 -11.0 2.98e+00    -  1.00e+00 3.12e-02f  6
iter    objective    inf_pr   inf_du lg(mu)  ||d||  lg(rg) alpha_du alpha_pr  ls
2790  3.2242152e+02 3.62e+00 1.45e+11 -11.0 3.22e-01    -  1.00e+00 1.25e-01h  4
2791  3.2456051e+02 3.37e+00 2.14e+11 -11.0 2.18e-01    -  1.00e+00 6.25e-02h  5
2792  3.5772443e+02 1.23e+02 5.56e+13 -11.0 2.12e-01    -  1.00e+00 1.00e+00w  1
2793  2.9416613e+02 1.01e+04 6.82e+08 -11.0 4.76e+00    -  1.00e+00 1.00e+00w  1
2794  2.9395856e+02 2.26e+03 1.52e+11 -11.0 1.98e+00    -  1.00e+00 1.00e+00w  1
2795  3.2504763e+02 3.31e+00 4.97e+11 -11.0 1.06e+00    -  1.00e+00 1.56e-02h  6
2796  3.2654066e+02 2.94e+00 1.48e+12 -11.0 3.95e-01    -  1.00e+00 1.25e-01h  4
2797  3.2662303e+02 2.92e+00 1.46e+12 -11.0 3.16e-01    -  1.00e+00 7.81e-03h  8
2798  3.2647876e+02 2.91e+00 1.46e+12 -11.0 4.55e+00    -  1.00e+00 4.88e-04f 12
2799  3.2615209e+02 2.91e+00 1.46e+12 -11.0 2.79e+00    -  1.00e+00 9.77e-04f 11
iter    objective    inf_pr   inf_du lg(mu)  ||d||  lg(rg) alpha_du alpha_pr  ls
2800  3.2601531e+02 2.91e+00 1.47e+12 -11.0 5.73e+00    -  1.00e+00 4.88e-04f 12
2801  3.1621191e+02 5.29e-01 2.21e+11 -11.0 3.24e+00    -  1.00e+00 3.12e-02f  6
2802  2.9565611e+02 1.02e+00 1.27e+11 -11.0 3.04e+00    -  1.00e+00 6.25e-02f  5
2803  4.1469310e+02 8.04e-01 6.05e+11 -11.0 7.49e-01    -  1.00e+00 1.00e+00h  1
2804  3.9367586e+02 8.35e-02 4.73e+12 -11.0 1.94e-01    -  1.00e+00 1.00e+00f  1
2805  3.9113128e+02 1.56e+00 1.91e+13 -11.0 3.48e-01    -  1.00e+00 5.00e-01f  2
2806  2.9502493e+02 5.13e+03 1.97e+14 -11.0 2.99e+00    -  1.00e+00 5.00e-01f  2
2807  2.9536315e+02 5.10e+03 1.94e+14 -11.0 3.06e+00    -  1.00e+00 7.81e-03h  8
2808  2.9562708e+02 5.05e+03 1.89e+14 -11.0 3.00e+00    -  1.00e+00 7.81e-03h  8
2809  2.9564285e+02 5.05e+03 1.89e+14 -11.0 2.61e+00    -  1.00e+00 4.88e-04h 12
iter    objective    inf_pr   inf_du lg(mu)  ||d||  lg(rg) alpha_du alpha_pr  ls
2810  2.9565073e+02 5.05e+03 1.89e+14 -11.0 2.59e+00    -  1.00e+00 2.44e-04h 13
2811  2.8478892e+02 1.27e+04 1.67e+14 -11.0 3.01e+01    -  1.00e+00 3.12e-02h  6
2812  2.5358798e+02 2.20e+03 5.92e+13 -11.0 2.66e+00    -  1.00e+00 5.00e-01h  2
2813  2.3922667e+02 3.89e+03 1.88e+13 -11.0 9.92e-01    -  1.00e+00 5.00e-01h  2
2814  2.4592161e+02 3.44e+03 1.77e+13 -11.0 1.28e+00    -  1.00e+00 1.25e-01h  4
2815  3.2082914e+02 1.32e+04 8.17e+13 -11.0 1.21e+00    -  1.00e+00 1.00e+00w  1
2816  9.9356391e+02 3.94e+05 8.64e+14 -11.0 4.50e+00    -  1.00e+00 1.00e+00w  1
2817  4.5083648e+02 1.87e+05 1.39e+14 -11.0 3.50e+00    -  1.00e+00 1.00e+00w  1
2818  2.5242702e+02 3.09e+03 1.73e+13 -11.0 1.10e+00    -  1.00e+00 1.25e-01h  3
2819  1.3258365e+02 7.04e+03 1.33e+13 -11.0 4.79e+00    -  1.00e+00 5.00e-01f  2
iter    objective    inf_pr   inf_du lg(mu)  ||d||  lg(rg) alpha_du alpha_pr  ls
2820  7.6194501e+01 2.11e+03 6.61e+06 -11.0 4.64e+00    -  1.00e+00 1.00e+00h  1
2821  2.1676617e+02 3.92e+03 2.86e+07 -11.0 5.23e+00    -  1.00e+00 1.00e+00h  1
2822  2.1979050e+02 3.67e+03 2.57e+07 -11.0 3.27e+00    -  1.00e+00 6.25e-02h  5
2823  2.6830577e+02 2.02e+03 8.55e+06 -11.0 3.46e+00    -  1.00e+00 5.00e-01h  2
2824  2.8201447e+02 1.77e+03 2.05e+07 -11.0 1.73e+00    -  1.00e+00 1.25e-01h  4
2825  2.8898714e+02 1.66e+03 1.99e+07 -11.0 1.92e+00    -  1.00e+00 6.25e-02h  5
2826  2.9236086e+02 1.61e+03 1.91e+07 -11.0 1.79e+00    -  1.00e+00 3.12e-02h  6
2827  2.9402025e+02 1.59e+03 1.88e+07 -11.0 1.74e+00    -  1.00e+00 1.56e-02h  7
2828  4.3197944e+02 1.94e+02 7.14e+06 -11.0 1.71e+00    -  1.00e+00 1.00e+00h  1
2829  2.2035335e+02 3.88e+03 5.88e+06 -11.0 1.38e+01    -  1.00e+00 1.00e+00f  1
iter    objective    inf_pr   inf_du lg(mu)  ||d||  lg(rg) alpha_du alpha_pr  ls
2830  2.0561733e+02 1.20e+04 4.40e+06 -11.0 1.45e+01    -  1.00e+00 5.00e-01h  2
2831  1.6819553e+02 1.07e+04 8.43e+05 -11.0 1.28e+01    -  1.00e+00 5.00e-01h  2
2832  1.6651092e+02 2.15e+03 8.82e+05 -11.0 3.49e+00    -  1.00e+00 2.50e-01h  3
2833  2.0065855e+02 2.91e+03 1.96e+11 -11.0 1.27e+00    -  1.00e+00 5.00e-01h  2
2834  2.1508909e+02 9.61e+02 8.05e+13 -11.0 1.57e+00    -  1.00e+00 5.00e-01h  2
2835  2.4558636e+02 7.67e+02 1.67e+14 -11.0 1.29e+00    -  1.00e+00 5.00e-01h  2
2836  2.7430385e+02 5.89e+02 1.38e+14 -11.0 1.40e+00    -  1.00e+00 2.50e-01h  3
2837  3.6877572e+02 4.29e+02 1.02e+14 -11.0 9.55e-01    -  1.00e+00 1.00e+00h  1
2838  3.6470883e+02 1.53e+02 9.67e+13 -11.0 8.58e-01    -  1.00e+00 1.00e+00h  1
2839  3.6953295e+02 5.29e+01 1.51e+13 -11.0 3.85e-01    -  1.00e+00 5.00e-01h  2
iter    objective    inf_pr   inf_du lg(mu)  ||d||  lg(rg) alpha_du alpha_pr  ls
2840  3.9587856e+02 3.80e+01 1.40e+14 -11.0 3.16e-01    -  1.00e+00 1.00e+00h  1
2841  1.6243644e+02 9.02e+03 1.66e+14 -11.0 5.77e+00    -  1.00e+00 2.50e-01f  3
2842  1.6064277e+02 7.72e+02 4.73e+13 -11.0 7.89e+00    -  1.00e+00 2.50e-01h  3
2843  1.9376142e+02 8.40e+02 1.13e+14 -11.0 1.18e+00    -  1.00e+00 5.00e-01h  2
2844  1.9993643e+02 7.40e+02 9.64e+13 -11.0 1.11e+00    -  1.00e+00 1.25e-01h  4
2845  2.2907081e+02 4.55e+02 8.80e+13 -11.0 1.38e+00    -  1.00e+00 5.00e-01h  2
2846  2.3267609e+02 4.02e+02 8.39e+13 -11.0 1.22e+00    -  1.00e+00 1.25e-01h  4
2847  2.4809533e+02 3.40e+02 9.03e+13 -11.0 6.30e-01    -  1.00e+00 1.00e+00h  1
2848  2.5142576e+02 7.99e+01 3.05e+14 -11.0 7.59e-01    -  1.00e+00 1.00e+00h  1
2849  1.1125244e+02 9.30e+03 4.40e+13 -11.0 5.10e+00    -  1.00e+00 5.00e-01f  2
iter    objective    inf_pr   inf_du lg(mu)  ||d||  lg(rg) alpha_du alpha_pr  ls
2850  1.1975312e+02 7.23e+03 9.35e+13 -11.0 2.52e+00    -  1.00e+00 2.50e-01h  3
2851  1.4408588e+02 5.29e+03 1.86e+14 -11.0 2.10e+00    -  1.00e+00 2.50e-01h  3
2852  1.5721727e+02 4.55e+03 1.28e+14 -11.0 1.57e+00    -  1.00e+00 1.25e-01h  4
2853  1.4829006e+02 1.61e+03 1.58e+14 -11.0 9.73e+00    -  1.00e+00 1.25e-01h  4
2854  1.5840240e+02 1.41e+03 1.42e+14 -11.0 3.13e+00    -  1.00e+00 1.25e-01h  4
2855  1.5965405e+02 1.39e+03 1.39e+14 -11.0 2.26e+00    -  1.00e+00 1.56e-02h  7
2856  1.6040388e+02 1.38e+03 1.38e+14 -11.0 1.68e+00    -  1.00e+00 7.81e-03h  8
2857  1.6056758e+02 1.38e+03 1.37e+14 -11.0 1.78e+00    -  1.00e+00 1.95e-03h 10
2858  1.6571711e+02 2.82e+02 6.12e+13 -11.0 7.13e+00    -  1.00e+00 2.50e-01h  3
2859  1.8227522e+02 1.25e+03 2.70e+07 -11.0 3.95e+00    -  1.00e+00 1.00e+00w  1
iter    objective    inf_pr   inf_du lg(mu)  ||d||  lg(rg) alpha_du alpha_pr  ls
2860  1.8626583e+02 8.48e+02 5.35e+10 -11.0 3.60e+00    -  1.00e+00 1.00e+00w  1
2861  2.8854576e+02 8.47e+04 3.35e+13 -11.0 1.12e+00    -  1.00e+00 1.00e+00w  1
2862  1.0987258e+02 4.14e+02 3.17e+13 -11.0 2.21e+00    -  1.00e+00 5.00e-01f  1
2863  1.2141174e+02 3.18e+02 3.19e+12 -11.0 3.40e+00    -  1.00e+00 2.50e-01h  3
2864  6.9082502e+01 1.52e+04 7.80e+13 -11.0 3.56e+00    -  1.00e+00 5.00e-01f  2
2865  6.9088439e+01 1.52e+04 7.71e+13 -11.0 5.44e+00    -  1.00e+00 3.91e-03h  9
2866  7.1900797e+01 2.01e+04 5.17e+13 -11.0 6.12e+00    -  1.00e+00 1.25e-01h  4
2867  8.9560609e+01 1.54e+04 3.42e+13 -11.0 1.91e+00    -  1.00e+00 2.50e-01h  3
2868  9.8925063e+01 1.33e+04 2.57e+13 -11.0 1.51e+00    -  1.00e+00 1.25e-01h  4
2869  1.0675827e+02 4.97e+03 5.10e+12 -11.0 3.21e+00    -  1.00e+00 5.00e-01h  2
iter    objective    inf_pr   inf_du lg(mu)  ||d||  lg(rg) alpha_du alpha_pr  ls
2870  9.8354622e+01 1.26e+04 1.35e+13 -11.0 2.28e+00    -  1.00e+00 5.00e-01h  2
2871  9.8734576e+01 1.22e+04 1.34e+13 -11.0 2.98e+00    -  1.00e+00 3.12e-02h  6
2872  9.8861403e+01 1.15e+04 1.30e+13 -11.0 3.70e+00    -  1.00e+00 6.25e-02h  5
2873  3.0235594e+02 4.25e+04 1.01e+15 -11.0 3.83e+00    -  1.00e+00 1.00e+00w  1
2874  3.4000756e+02 2.26e+05 4.62e+15 -11.0 2.12e+00    -  1.00e+00 1.00e+00w  1
2875  1.8204191e+03 2.57e+01 1.50e+10 -11.0 1.35e+01    -  1.00e+00 1.00e+00w  1
2876  1.0458910e+02 9.90e+03 1.57e+13 -11.0 1.34e+01    -  1.00e+00 1.25e-01h  3
2877  1.0609558e+02 9.58e+03 1.55e+13 -11.0 3.23e+00    -  1.00e+00 3.12e-02h  6
2878  1.0665855e+02 9.51e+03 1.55e+13 -11.0 4.07e+00    -  1.00e+00 7.81e-03h  8
2879  1.0672111e+02 9.50e+03 1.55e+13 -11.0 3.48e+00    -  1.00e+00 9.77e-04h 11
iter    objective    inf_pr   inf_du lg(mu)  ||d||  lg(rg) alpha_du alpha_pr  ls
2880  1.0675259e+02 9.49e+03 1.55e+13 -11.0 3.47e+00    -  1.00e+00 4.88e-04h 12
2881  3.3651169e+02 1.28e+04 4.85e+14 -11.0 3.47e+00    -  1.00e+00 1.00e+00h  1
2882  2.8557372e+02 8.46e+03 2.07e+14 -11.0 2.72e+00    -  1.00e+00 2.50e-01h  3
2883  2.3070432e+02 7.17e+03 4.30e+14 -11.0 1.40e+00    -  1.00e+00 1.00e+00h  1
2884  3.2739911e+02 5.04e+03 1.48e+14 -11.0 1.11e+00    -  1.00e+00 1.00e+00h  1
2885  3.9340472e+02 9.57e+02 4.80e+13 -11.0 7.04e-01    -  1.00e+00 1.00e+00h  1
2886  3.7909702e+02 4.78e+02 1.49e+13 -11.0 1.19e-01    -  1.00e+00 1.00e+00h  1
2887  3.7023656e+02 1.33e+03 2.20e+14 -11.0 8.66e-01    -  1.00e+00 5.00e-01h  2
2888  3.7025341e+02 1.32e+03 2.20e+14 -11.0 1.32e+01    -  1.00e+00 6.10e-05h 15
2889r 3.7025341e+02 1.32e+03 9.99e+02   3.1 0.00e+00    -  0.00e+00 4.77e-07R 22
iter    objective    inf_pr   inf_du lg(mu)  ||d||  lg(rg) alpha_du alpha_pr  ls
2890r 5.2801911e+02 4.51e+03 1.34e+05  -2.9 1.11e+06    -  1.02e-02 1.19e-03f  1
2891r 1.4543495e+03 1.36e+05 2.93e+06   4.7 1.84e+04    -  2.03e-01 1.48e-02f  1
2892r 4.3730344e+02 8.52e+04 3.52e+07   3.6 5.11e+02    -  4.53e-01 1.17e-01f  1
2893r 4.4740463e+02 7.45e+04 6.00e+07   3.7 3.35e+02    -  6.56e-01 2.05e-01f  1
2894r 4.4941722e+02 7.69e+04 6.63e+07   3.7 1.83e+02    -  5.24e-01 3.06e-01f  1
2895r 4.3059554e+02 7.42e+04 1.97e+08   3.2 7.83e+01    -  1.00e+00 5.27e-01f  1
2896r 4.2714837e+02 4.04e+04 1.27e+08   3.5 5.92e+01    -  9.31e-01 3.72e-01f  1
2897r 1.6809495e+03 9.47e+05 6.14e+09   3.5 6.44e+01    -  1.00e+00 1.82e-01f  2
2898r 1.3553330e+03 5.98e+05 2.57e+09   3.4 2.27e+01    -  4.91e-01 4.24e-01f  1
2899r 9.0272612e+02 1.82e+05 1.24e+07   3.7 5.52e+00    -  1.00e+00 1.00e+00f  1
iter    objective    inf_pr   inf_du lg(mu)  ||d||  lg(rg) alpha_du alpha_pr  ls
2900r 4.6582545e+02 8.27e+04 4.10e+07   3.6 7.05e+00    -  1.00e+00 1.00e+00f  1
2901r 4.6858893e+02 3.56e+04 4.83e+06   3.2 3.77e+00    -  1.00e+00 9.69e-01f  1
2902r 4.5156895e+02 6.17e+03 2.70e+06   2.5 2.77e+00    -  1.00e+00 9.92e-01f  1
2903r 4.4498424e+02 6.99e+02 7.80e+05   2.8 6.93e-01    -  1.00e+00 1.00e+00f  1
2904r 4.3130259e+02 1.31e+03 2.47e+05  -3.2 1.98e+00    -  1.00e+00 7.12e-01f  1
2905r 4.1734179e+02 9.73e+02 1.64e+05   2.6 4.32e+00    -  1.00e+00 1.77e-01f  1
2906r 3.7996784e+02 1.84e+02 7.55e+06   1.6 7.39e+00    -  1.00e+00 2.47e-01f  1
2907  3.5669510e+02 3.10e+02 7.76e+13 -11.0 1.39e+00   8.7 1.00e+00 1.00e+00f  1
2908  3.4280039e+02 3.69e+03 4.88e+14 -11.0 1.22e+00   8.3 1.00e+00 1.00e+00h  1
2909  3.5085246e+02 2.80e+03 2.83e+14 -11.0 3.77e-01   7.8 1.00e+00 2.50e-01h  3
iter    objective    inf_pr   inf_du lg(mu)  ||d||  lg(rg) alpha_du alpha_pr  ls
2910  3.1873725e+02 1.21e+03 2.95e+14 -11.0 3.23e+00    -  1.00e+00 2.50e-01h  3
2911  3.2710032e+02 1.14e+03 2.08e+14 -11.0 9.73e-01    -  1.00e+00 2.50e-01h  3
2912  3.3442923e+02 1.04e+03 1.44e+14 -11.0 7.27e-01    -  1.00e+00 2.50e-01h  3
2913  3.4738488e+02 8.53e+02 5.96e+13 -11.0 5.52e-01    -  1.00e+00 5.00e-01h  2
2914  2.2871408e+02 2.66e+03 1.06e+13 -11.0 6.94e+00    -  1.00e+00 5.00e-01f  2
2915  2.1886342e+02 5.16e+03 1.47e+13 -11.0 3.11e+00    -  1.00e+00 2.50e-01h  3
2916  1.6623370e+02 7.31e+03 9.60e+12 -11.0 4.58e+00    -  1.00e+00 2.50e-01h  3
2917  1.9667273e+02 5.55e+03 6.51e+12 -11.0 1.26e+00    -  1.00e+00 2.50e-01h  3
2918  2.7791469e+02 1.48e+03 9.77e+05 -11.0 1.83e+00    -  1.00e+00 1.00e+00h  1
2919  2.9461789e+02 1.84e+03 3.83e+05 -11.0 1.96e+00    -  1.00e+00 5.00e-01h  2
iter    objective    inf_pr   inf_du lg(mu)  ||d||  lg(rg) alpha_du alpha_pr  ls
2920  3.4335516e+02 1.86e+03 5.10e+05 -11.0 2.89e+00    -  1.00e+00 1.00e+00h  1
2921  3.3543690e+02 3.03e+02 1.38e+05 -11.0 2.05e+00    -  1.00e+00 5.00e-01h  2
2922  2.7929630e+02 3.29e+03 3.04e+06 -11.0 5.88e+00    -  1.00e+00 2.50e-01f  3
2923  2.7007459e+02 1.04e+03 3.89e+06 -11.0 4.58e+00    -  1.00e+00 1.00e+00h  1
2924  2.1805037e+02 2.86e+03 1.48e+07 -11.0 4.76e+00    -  1.00e+00 2.50e-01f  3
2925  2.2481501e+02 2.96e+03 5.30e+09 -11.0 3.41e+00    -  1.00e+00 2.50e-01h  3
2926  2.3873775e+02 2.73e+03 2.61e+12 -11.0 2.99e+00    -  1.00e+00 5.00e-01h  2
2927  3.2590949e+02 4.19e+03 1.30e+13 -11.0 2.28e+00    -  1.00e+00 1.00e+00h  1
2928  3.2630392e+02 4.64e+03 9.89e+13 -11.0 1.58e+00    -  1.00e+00 1.00e+00h  1
2929  3.3189477e+02 4.08e+03 8.71e+13 -11.0 1.56e+00    -  1.00e+00 1.25e-01h  4
iter    objective    inf_pr   inf_du lg(mu)  ||d||  lg(rg) alpha_du alpha_pr  ls
2930  2.9426677e+02 2.95e+03 8.10e+13 -11.0 6.17e+00    -  1.00e+00 1.25e-01f  4
2931  3.1343442e+02 2.26e+03 5.35e+13 -11.0 1.07e+00    -  1.00e+00 2.50e-01h  3
2932  3.3655628e+02 1.22e+03 7.29e+13 -11.0 1.38e+00    -  1.00e+00 2.50e-01h  3
2933  3.3847793e+02 1.18e+03 4.63e+13 -11.0 2.28e+00    -  1.00e+00 1.25e-01h  4
2934  3.3785209e+02 9.08e+02 5.00e+13 -11.0 1.19e+00    -  1.00e+00 1.25e-01h  4
2935  3.3813970e+02 8.79e+02 4.85e+13 -11.0 8.76e-01    -  1.00e+00 3.12e-02h  6
2936  3.3863784e+02 8.52e+02 4.60e+13 -11.0 7.65e-01    -  1.00e+00 3.12e-02h  6
2937  3.3952111e+02 8.00e+02 3.95e+13 -11.0 6.90e-01    -  1.00e+00 6.25e-02h  5
2938  3.3986667e+02 7.88e+02 3.85e+13 -11.0 1.98e+00    -  1.00e+00 1.56e-02h  7
2939  3.8314767e+02 3.63e+01 1.21e+13 -11.0 1.67e+00    -  1.00e+00 1.00e+00h  1
iter    objective    inf_pr   inf_du lg(mu)  ||d||  lg(rg) alpha_du alpha_pr  ls
2940  3.8151874e+02 3.42e+01 1.06e+13 -11.0 3.85e+00    -  1.00e+00 6.25e-02h  5
2941  3.8683696e+02 3.32e+01 1.38e+13 -11.0 1.35e+00    -  1.00e+00 5.00e-01h  2
2942  3.9583920e+02 8.43e+01 1.79e+13 -11.0 1.36e+00    -  1.00e+00 5.00e-01h  2
2943  3.9733458e+02 3.54e+01 5.98e+12 -11.0 3.11e-01    -  1.00e+00 5.00e-01h  2
2944  4.0069690e+02 1.05e+01 2.64e+10 -11.0 1.21e-01    -  1.00e+00 1.00e+00h  1
2945  3.8037691e+02 1.65e+01 3.00e+12 -11.0 2.27e-01    -  1.00e+00 1.00e+00f  1
2946  3.6729094e+02 1.11e+01 1.78e+11 -11.0 2.98e-01    -  1.00e+00 1.00e+00h  1
2947  3.7414285e+02 8.47e-01 7.32e+10 -11.0 2.13e-01    -  1.00e+00 5.00e-01h  2
2948  3.7549754e+02 4.62e-01 1.41e+11 -11.0 1.62e-01    -  1.00e+00 2.50e-01h  3
2949  3.7385573e+02 6.01e+00 1.03e+13 -11.0 1.15e-01    -  1.00e+00 1.00e+00h  1
iter    objective    inf_pr   inf_du lg(mu)  ||d||  lg(rg) alpha_du alpha_pr  ls
2950  3.7354771e+02 1.11e+01 8.16e+12 -11.0 4.79e-01    -  1.00e+00 2.50e-01h  3
2951  3.7361359e+02 2.38e+00 3.71e+12 -11.0 5.34e-01    -  1.00e+00 5.00e-01h  2
2952  3.7386029e+02 1.69e+00 1.99e+12 -11.0 3.34e-01    -  1.00e+00 5.00e-01h  2
2953  3.7410649e+02 9.14e-01 3.72e+11 -11.0 1.93e-01    -  1.00e+00 1.00e+00h  1
2954  2.9300258e+02 4.98e+02 5.13e+11 -11.0 5.77e+00    -  1.00e+00 5.00e-01f  2
2955  3.1995494e+02 2.37e+02 1.44e+13 -11.0 2.59e+00    -  1.00e+00 5.00e-01h  2
2956  3.4146204e+02 9.02e+01 9.62e+12 -11.0 1.36e+00    -  1.00e+00 5.00e-01h  2
2957  3.7093107e+02 2.44e+00 2.44e+11 -11.0 7.74e-01    -  1.00e+00 1.00e+00h  1
2958  1.1636853e+02 1.57e+04 5.08e+12 -11.0 5.22e+00    -  1.00e+00 5.00e-01f  2
2959  1.7836655e+02 2.53e+03 2.61e+11 -11.0 2.74e+00    -  1.00e+00 5.00e-01h  2
iter    objective    inf_pr   inf_du lg(mu)  ||d||  lg(rg) alpha_du alpha_pr  ls
2960  2.4489216e+02 1.12e+03 1.06e+13 -11.0 1.30e+00    -  1.00e+00 5.00e-01h  2
2961  2.4810713e+02 1.13e+03 1.05e+13 -11.0 1.49e+01    -  1.00e+00 6.25e-02h  5
2962  2.4901505e+02 1.11e+03 1.05e+13 -11.0 1.48e+01    -  1.00e+00 3.12e-02h  6
2963  2.5041688e+02 1.10e+03 1.05e+13 -11.0 1.26e+01    -  1.00e+00 1.56e-02h  7
2964  2.5216829e+02 1.07e+03 1.00e+13 -11.0 1.12e+01    -  1.00e+00 3.12e-02h  6
2965  2.5799123e+02 1.05e+02 9.69e+11 -11.0 3.14e+00    -  1.00e+00 5.00e-01h  2
2966  2.5259727e+02 4.61e+02 1.30e+14 -11.0 1.46e+00    -  1.00e+00 1.00e+00h  1
2967  3.0242485e+02 1.00e+02 3.92e+13 -11.0 2.00e+00    -  1.00e+00 5.00e-01h  2
2968  3.0185836e+02 8.54e+01 1.73e+13 -11.0 7.66e-01    -  1.00e+00 5.00e-01h  2
2969  3.0299538e+02 2.97e+01 7.57e+11 -11.0 4.34e-01    -  1.00e+00 1.00e+00h  1
iter    objective    inf_pr   inf_du lg(mu)  ||d||  lg(rg) alpha_du alpha_pr  ls
2970  3.3658794e+02 1.77e+01 4.74e+11 -11.0 7.40e-01    -  1.00e+00 1.00e+00h  1
2971  1.1544475e+02 2.72e+02 9.36e+05 -11.0 1.25e+01    -  1.00e+00 1.00e+00f  1
2972  1.0262296e+02 1.43e+03 5.89e+06 -11.0 5.02e+00    -  1.00e+00 5.00e-01h  2
2973  1.1448512e+02 1.22e+03 2.41e+06 -11.0 2.87e+00    -  1.00e+00 1.25e-01h  4
2974  2.0524697e+02 1.54e+02 1.93e+06 -11.0 2.52e+00    -  1.00e+00 5.00e-01h  2
2975  2.4630802e+02 9.89e+01 1.42e+09 -11.0 4.63e+00    -  1.00e+00 2.50e-01h  3
2976  2.5065921e+02 9.35e+01 1.33e+09 -11.0 7.08e+00    -  1.00e+00 3.12e-02h  6
2977  2.5172438e+02 9.30e+01 1.32e+09 -11.0 6.88e+00    -  1.00e+00 7.81e-03h  8
2978  2.5225447e+02 9.26e+01 1.32e+09 -11.0 6.82e+00    -  1.00e+00 3.91e-03h  9
2979  2.5254209e+02 9.24e+01 1.32e+09 -11.0 6.83e+00    -  1.00e+00 1.95e-03h 10
iter    objective    inf_pr   inf_du lg(mu)  ||d||  lg(rg) alpha_du alpha_pr  ls
2980  2.5257801e+02 9.24e+01 1.32e+09 -11.0 6.82e+00    -  1.00e+00 2.44e-04h 13
2981  2.5720706e+02 9.27e+01 1.27e+09 -11.0 6.82e+00    -  1.00e+00 3.12e-02h  6
2982  2.7697756e+02 7.39e+04 1.94e+07 -11.0 7.53e+00    -  1.00e+00 1.00e+00w  1
2983  3.4553970e+02 7.92e+04 5.83e+06 -11.0 4.69e+00    -  1.00e+00 1.00e+00w  1
2984  3.7878057e+02 1.45e+05 1.82e+10 -11.0 3.68e+00    -  1.00e+00 1.00e+00w  1
2985  1.9429199e+02 9.26e+03 4.80e+10 -11.0 7.87e-01    -  1.00e+00 5.00e-01f  1
2986  2.2166261e+02 6.62e+03 2.67e+10 -11.0 2.82e+00    -  1.00e+00 2.50e-01h  3
2987  2.4501010e+02 4.98e+03 3.11e+10 -11.0 2.09e+00    -  1.00e+00 2.50e-01h  3
2988  2.4963698e+02 4.69e+03 2.92e+10 -11.0 1.47e+00    -  1.00e+00 6.25e-02h  5
2989  2.5183607e+02 4.54e+03 2.82e+10 -11.0 1.37e+00    -  1.00e+00 3.12e-02h  6
iter    objective    inf_pr   inf_du lg(mu)  ||d||  lg(rg) alpha_du alpha_pr  ls
2990  2.5237020e+02 4.51e+03 2.80e+10 -11.0 1.34e+00    -  1.00e+00 7.81e-03h  8
2991  3.2853029e+02 8.06e+03 1.32e+06 -11.0 8.44e-01    -  1.00e+00 1.00e+00h  1
2992  3.9025766e+02 1.69e+03 1.51e+07 -11.0 2.12e+00    -  1.00e+00 1.00e+00h  1
2993  3.7101301e+02 3.38e+02 1.66e+09 -11.0 1.14e+00    -  1.00e+00 1.00e+00h  1
2994  3.7398539e+02 2.63e+02 1.22e+09 -11.0 3.03e-01    -  1.00e+00 2.50e-01h  3
2995  3.7380334e+02 2.30e+02 1.08e+09 -11.0 1.96e-01    -  1.00e+00 1.25e-01h  4
2996  3.7375674e+02 2.15e+02 7.42e+09 -11.0 1.73e-01    -  1.00e+00 6.25e-02h  5
2997  3.7365106e+02 1.64e+02 1.74e+11 -11.0 1.66e-01    -  1.00e+00 2.50e-01h  3
2998  3.7406136e+02 1.25e+02 7.93e+11 -11.0 1.22e-01    -  1.00e+00 2.50e-01h  3
2999  3.7471058e+02 6.81e+01 3.36e+11 -11.0 9.27e-02    -  1.00e+00 5.00e-01h  2
iter    objective    inf_pr   inf_du lg(mu)  ||d||  lg(rg) alpha_du alpha_pr  ls
3000  3.7472353e+02 6.71e+01 3.29e+11 -11.0 6.90e-02    -  1.00e+00 1.56e-02h  7

Number of Iterations....: 3000

                                   (scaled)                 (unscaled)
Objective...............:   3.7472353178117993e+02    3.7472353178117993e+02
Dual infeasibility......:   3.2901333192762659e+11    3.2901333192762659e+11
Constraint violation....:   6.7065483165056094e+01    6.7065483165056094e+01
Variable bound violation:   0.0000000000000000e+00    0.0000000000000000e+00
Complementarity.........:   0.0000000000000000e+00    0.0000000000000000e+00
Overall NLP error.......:   5.8618393374979394e+06    3.2901333192762659e+11


Number of objective function evaluations             = 11373
Number of objective gradient evaluations             = 2975
Number of equality constraint evaluations            = 12943
Number of inequality constraint evaluations          = 0
Number of equality constraint Jacobian evaluations   = 3003
Number of inequality constraint Jacobian evaluations = 0
Number of Lagrangian Hessian evaluations             = 0
Total seconds in IPOPT                               = 2326.623

EXIT: Maximum Number of Iterations Exceeded.
shapovalova [2335s]  loss=375.0
  [final]  nrmse=0.3212  l2=323.7
saved /orcd/home/002/txenakis/projects/BVPsolver/src/../data/runs/run_8jmqUj19/vanderpol_fit.png
saved /orcd/home/002/txenakis/projects/BVPsolver/src/../data/runs/run_8jmqUj19/vanderpol_spectral_fit.png
┌ Warning: Attempting to store StiffNN.var"#14#15"{Float64}.
│ JLD2 only stores functions by name.
│  This may not be useful for anonymous functions.
└ @ JLD2 ~/.julia/packages/JLD2/ADycq/src/data/writing_datatypes.jl:447
saved run → /orcd/home/002/txenakis/projects/BVPsolver/src/../data/runs/run_8jmqUj19
--------------------------------------
Done: Wed Aug 12 11:50:48 EDT 2026
