Task 40/214: --problem rober --model mlp --profile fast --seed 11 --pretraining none --training shapovalova
Logging to /home/txenakis/projects/BVPsolver/logs/run_main_20252509_40.log
rober  model=mlp d=3 tlen=50 profile=fast seed=11  solver=Rodas5  N=243

******************************************************************************
This program contains Ipopt, a library for large-scale nonlinear optimization.
 Ipopt is released as open source code under the Eclipse Public License (EPL).
         For more information visit https://github.com/coin-or/Ipopt
******************************************************************************

This is Ipopt version 3.14.19, running with linear solver MUMPS 5.9.0.

Number of nonzeros in equality constraint Jacobian...:    44253
Number of nonzeros in inequality constraint Jacobian.:        0
Number of nonzeros in Lagrangian Hessian.............:        0

Total number of variables............................:      393
                     variables with only lower bounds:        0
                variables with lower and upper bounds:        0
                     variables with only upper bounds:        0
Total number of equality constraints.................:      153
Total number of inequality constraints...............:        0
        inequality constraints with only lower bounds:        0
   inequality constraints with lower and upper bounds:        0
        inequality constraints with only upper bounds:        0

iter    objective    inf_pr   inf_du lg(mu)  ||d||  lg(rg) alpha_du alpha_pr  ls
   0  6.4171523e-05 9.03e-01 3.06e-06   0.0 0.00e+00    -  0.00e+00 0.00e+00   0
   1  7.7639701e-02 4.15e-02 2.45e+02 -11.0 1.46e-01    -  1.00e+00 1.00e+00h  1
   2  5.1868333e-02 6.84e-03 1.27e+02 -11.0 6.07e-02    -  1.00e+00 1.00e+00h  1
   3  4.6543364e-02 7.83e-04 1.69e+01 -11.0 2.06e-02    -  1.00e+00 1.00e+00h  1
   4  2.6397863e-02 2.97e-03 3.31e+00 -11.0 3.12e-02    -  1.00e+00 1.00e+00h  1
   5  1.5679298e-02 1.38e-03 1.85e+01 -11.0 1.72e-02    -  1.00e+00 1.00e+00h  1
   6  1.0373763e-02 3.87e-03 2.15e+01 -11.0 3.17e-02    -  1.00e+00 1.00e+00h  1
   7  9.3425885e-03 2.36e-03 3.34e+01 -11.0 3.29e-02    -  1.00e+00 1.00e+00h  1
   8  5.3822742e-03 6.55e-04 1.43e+01 -11.0 1.29e-02    -  1.00e+00 1.00e+00h  1
   9  4.3261799e-03 6.26e-04 7.31e+00 -11.0 1.26e-02    -  1.00e+00 1.00e+00h  1
iter    objective    inf_pr   inf_du lg(mu)  ||d||  lg(rg) alpha_du alpha_pr  ls
  10  3.9268135e-03 6.01e-05 4.72e+00 -11.0 6.86e-03    -  1.00e+00 1.00e+00h  1
  11  4.2811454e-03 6.40e-05 5.85e+01 -11.0 2.05e-02    -  1.00e+00 1.00e+00H  1
  12  3.6113705e-03 4.78e-04 1.88e+01 -11.0 7.42e-02    -  1.00e+00 2.50e-01h  3
  13  3.2390365e-03 5.31e-04 2.71e+01 -11.0 4.14e-02    -  1.00e+00 2.50e-01h  3
  14  3.0758136e-03 3.80e-04 9.00e+00 -11.0 1.23e-02    -  1.00e+00 1.00e+00h  1
  15  2.7364342e-03 1.66e-03 8.45e+00 -11.0 2.80e-02    -  1.00e+00 5.00e-01h  2
  16  1.9699361e-03 1.04e-03 7.42e+00 -11.0 1.43e-02    -  1.00e+00 1.00e+00h  1
  17  1.6339596e-03 1.56e-03 6.25e+00 -11.0 5.74e-02    -  1.00e+00 2.50e-01h  3
  18  2.1326818e-03 3.80e-04 2.58e+00 -11.0 4.23e-02    -  1.00e+00 1.00e+00H  1
  19  1.6057760e-03 1.66e-03 2.72e+00 -11.0 1.35e-01    -  1.00e+00 1.25e-01h  4
iter    objective    inf_pr   inf_du lg(mu)  ||d||  lg(rg) alpha_du alpha_pr  ls
  20  1.3214372e-03 1.02e-03 8.75e-01 -11.0 2.24e-02    -  1.00e+00 5.00e-01h  2
  21  7.7355152e-04 4.76e-04 4.15e-01 -11.0 1.04e-02    -  1.00e+00 1.00e+00h  1
  22  6.8720548e-04 1.39e-04 7.86e-01 -11.0 8.16e-03    -  1.00e+00 1.00e+00h  1
  23  6.8134748e-04 1.08e-03 3.80e+00 -11.0 4.33e-02    -  1.00e+00 5.00e-01h  2
  24  5.0571994e-04 1.63e-03 6.46e+00 -11.0 6.95e-02    -  1.00e+00 5.00e-01h  2
  25  4.4392518e-04 1.61e-03 7.30e+00 -11.0 2.07e-01    -  1.00e+00 6.25e-02h  5
  26  4.3672604e-04 7.85e-04 4.55e+00 -11.0 2.57e-02    -  1.00e+00 5.00e-01h  2
  27  3.8094543e-04 5.63e-05 3.34e+00 -11.0 5.92e-03    -  1.00e+00 1.00e+00h  1
  28  3.3225831e-04 1.09e-04 6.37e-01 -11.0 9.86e-03    -  1.00e+00 1.00e+00h  1
  29  3.2609423e-04 1.11e-04 6.59e-01 -11.0 3.74e-02    -  1.00e+00 1.25e-01h  4
iter    objective    inf_pr   inf_du lg(mu)  ||d||  lg(rg) alpha_du alpha_pr  ls
  30  3.2780140e-04 8.17e-05 3.78e-01 -11.0 3.57e-03    -  1.00e+00 1.00e+00h  1
  31  3.2560575e-04 1.42e-04 1.78e+00 -11.0 6.07e-03    -  1.00e+00 1.00e+00h  1
  32  3.0791737e-04 7.52e-05 1.47e+00 -11.0 7.28e-03    -  1.00e+00 1.00e+00h  1
  33  2.8453043e-04 2.65e-05 4.22e-01 -11.0 5.65e-03    -  1.00e+00 1.00e+00h  1
  34  2.9055830e-04 1.82e-06 2.06e-01 -11.0 8.83e-03    -  1.00e+00 1.00e+00H  1
  35  2.6108693e-04 1.49e-04 5.86e-01 -11.0 4.46e-03    -  1.00e+00 1.00e+00h  1
  36  2.5744583e-04 8.37e-05 5.50e-01 -11.0 5.06e-03    -  1.00e+00 5.00e-01h  2
  37  2.4687912e-04 5.16e-06 2.91e-01 -11.0 2.99e-03    -  1.00e+00 1.00e+00h  1
  38  2.4202176e-04 8.62e-05 2.61e-02 -11.0 6.02e-03    -  1.00e+00 1.00e+00h  1
  39  2.3682093e-04 2.80e-04 4.65e-02 -11.0 1.41e-01    -  1.00e+00 6.25e-02h  5
iter    objective    inf_pr   inf_du lg(mu)  ||d||  lg(rg) alpha_du alpha_pr  ls
  40  2.2228101e-04 5.85e-03 8.72e-01 -11.0 8.69e-02    -  1.00e+00 5.00e-01h  2
  41  2.0618790e-04 7.14e-03 1.37e+00 -11.0 1.42e+00    -  1.00e+00 1.56e-02h  7
  42  2.2187497e-04 6.85e-03 1.46e+00 -11.0 1.48e-01    -  1.00e+00 6.25e-02h  5
  43  2.1264459e-04 3.46e-03 9.77e-01 -11.0 1.13e-02    -  1.00e+00 5.00e-01h  2
  44  1.8051367e-04 1.73e-03 5.56e-01 -11.0 1.87e-02    -  1.00e+00 5.00e-01h  2
  45  2.1643568e-04 3.76e-05 1.57e-01 -11.0 3.78e-03    -  1.00e+00 1.00e+00h  1
  46  1.6791026e-04 2.50e-05 1.42e-02 -11.0 4.73e-03    -  1.00e+00 1.00e+00h  1
  47  1.6863449e-04 1.73e-06 2.10e-02 -11.0 4.80e-03    -  1.00e+00 1.00e+00H  1
  48  1.9582558e-04 6.49e-07 3.39e-02 -11.0 9.37e-03    -  1.00e+00 1.00e+00H  1
  49  1.9188151e-04 1.41e-06 3.70e-02 -11.0 2.15e-02    -  1.00e+00 3.12e-02h  6
iter    objective    inf_pr   inf_du lg(mu)  ||d||  lg(rg) alpha_du alpha_pr  ls
  50  1.8569653e-04 9.09e-07 3.70e-02 -11.0 2.67e-02    -  1.00e+00 3.12e-02h  6
  51  1.6083787e-04 8.48e-05 4.07e-02 -11.0 7.04e-03    -  1.00e+00 1.00e+00h  1
  52  1.5359857e-04 1.66e-04 3.70e-02 -11.0 1.69e-02    -  1.00e+00 2.50e-01h  3
  53  1.5562500e-04 1.80e-04 3.96e-02 -11.0 1.35e-02    -  1.00e+00 2.50e-01h  3
  54  1.5112131e-04 3.87e-04 1.80e-02 -11.0 8.97e-03    -  1.00e+00 1.00e+00h  1
  55  1.4976109e-04 3.85e-04 2.17e-02 -11.0 4.25e-02    -  1.00e+00 6.25e-02h  5
  56  1.5423983e-04 5.31e-05 3.85e-02 -11.0 4.77e-03    -  1.00e+00 1.00e+00h  1
  57  1.5174579e-04 2.82e-05 4.63e-02 -11.0 2.61e-03    -  1.00e+00 5.00e-01h  2
  58  1.4299490e-04 2.28e-05 4.15e-02 -11.0 1.90e-03    -  1.00e+00 1.00e+00h  1
  59  1.4721686e-04 4.00e-05 9.31e-03 -11.0 3.69e-03    -  1.00e+00 1.00e+00h  1
iter    objective    inf_pr   inf_du lg(mu)  ||d||  lg(rg) alpha_du alpha_pr  ls
  60  1.5396112e-04 3.59e-06 1.41e-02 -11.0 9.74e-03    -  1.00e+00 1.00e+00H  1
  61  1.4985935e-04 2.99e-05 1.43e-02 -11.0 4.94e-02    -  1.00e+00 6.25e-02h  5
  62  1.4723618e-04 4.10e-05 2.08e-02 -11.0 3.28e-02    -  1.00e+00 6.25e-02h  5
  63  1.7387203e-04 1.39e-07 4.86e-03 -11.0 2.86e-03    -  1.00e+00 1.00e+00H  1
  64  1.4183632e-04 1.55e-05 7.82e-03 -11.0 1.78e-03    -  1.00e+00 1.00e+00h  1
  65  1.4041219e-04 1.59e-05 2.48e-03 -11.0 2.96e-03    -  1.00e+00 1.00e+00h  1
  66  1.3976609e-04 1.87e-04 1.80e-02 -11.0 8.42e-03    -  1.00e+00 1.00e+00h  1
  67  1.3967600e-04 1.99e-04 2.06e-02 -11.0 8.65e-02    -  1.00e+00 3.12e-02h  6
  68  1.3828113e-04 1.54e-04 1.24e-02 -11.0 6.36e-03    -  1.00e+00 2.50e-01h  3
  69  1.6983555e-04 4.39e-07 8.18e-02 -11.0 7.21e-03    -  1.00e+00 1.00e+00H  1
iter    objective    inf_pr   inf_du lg(mu)  ||d||  lg(rg) alpha_du alpha_pr  ls
  70  1.5354496e-04 1.20e-06 5.02e-02 -11.0 2.65e-03    -  1.00e+00 1.00e+00H  1
  71  1.4319789e-04 5.08e-06 8.07e-02 -11.0 1.27e-02    -  1.00e+00 1.00e+00H  1
  72  1.4031941e-04 1.52e-05 8.35e-02 -11.0 9.52e-02    -  1.00e+00 3.12e-02h  6
  73  1.3794448e-04 5.63e-05 7.86e-02 -11.0 3.87e-02    -  1.00e+00 1.25e-01h  4
  74  1.3425377e-04 9.72e-05 6.24e-02 -11.0 9.97e-02    -  1.00e+00 6.25e-02h  5
  75  1.3291780e-04 1.26e-04 4.09e-02 -11.0 1.01e-01    -  1.00e+00 6.25e-02h  5
  76  2.6303875e-04 1.61e-06 1.35e-01 -11.0 1.09e-02    -  1.00e+00 1.00e+00H  1
  77  1.4196694e-04 5.85e-06 5.03e-02 -11.0 1.87e-02    -  1.00e+00 1.00e+00H  1
  78  1.3290867e-04 8.04e-05 4.51e-02 -11.0 4.39e-02    -  1.00e+00 1.25e-01h  4
  79  1.3260164e-04 1.39e-05 7.88e-03 -11.0 2.32e-03    -  1.00e+00 1.00e+00h  1
iter    objective    inf_pr   inf_du lg(mu)  ||d||  lg(rg) alpha_du alpha_pr  ls
  80  1.3242837e-04 1.24e-05 3.21e-02 -11.0 4.18e-03    -  1.00e+00 1.00e+00h  1
  81  1.2527396e-04 1.58e-05 7.75e-03 -11.0 1.76e-03    -  1.00e+00 1.00e+00h  1
  82  1.2688332e-04 2.82e-06 2.12e-03 -11.0 1.81e-03    -  1.00e+00 1.00e+00h  1
  83  1.2264686e-04 8.99e-07 3.18e-03 -11.0 7.28e-04    -  1.00e+00 1.00e+00h  1
  84  1.2247661e-04 2.66e-07 5.29e-04 -11.0 1.75e-04    -  1.00e+00 1.00e+00h  1
  85  1.2230597e-04 3.65e-06 3.84e-03 -11.0 9.62e-04    -  1.00e+00 1.00e+00h  1
  86  1.2362694e-04 2.45e-07 4.21e-02 -11.0 6.02e-03    -  1.00e+00 1.00e+00H  1
  87  1.2346907e-04 1.58e-07 4.37e-02 -11.0 3.26e-02    -  1.00e+00 7.81e-03h  8
  88  1.2892891e-04 2.22e-08 1.98e-02 -11.0 1.08e-03    -  1.00e+00 1.00e+00H  1
  89  1.2123487e-04 9.82e-06 3.35e-03 -11.0 2.18e-03    -  1.00e+00 1.00e+00h  1
iter    objective    inf_pr   inf_du lg(mu)  ||d||  lg(rg) alpha_du alpha_pr  ls
  90  1.2106065e-04 6.73e-06 1.92e-03 -11.0 1.54e-03    -  1.00e+00 1.00e+00h  1
  91  1.4011098e-04 3.48e-09 1.88e-03 -11.0 7.68e-03    -  1.00e+00 1.00e+00H  1
  92  1.2118061e-04 3.75e-07 2.39e-02 -11.0 3.90e-03    -  1.00e+00 1.00e+00H  1
  93  1.3788320e-04 1.02e-08 1.55e-03 -11.0 7.61e-03    -  1.00e+00 1.00e+00H  1
  94  1.2764055e-04 1.95e-07 3.61e-02 -11.0 3.23e-03    -  1.00e+00 1.00e+00H  1
  95  1.2663739e-04 6.98e-08 3.45e-02 -11.0 7.88e-03    -  1.00e+00 3.12e-02h  6
  96  1.3125278e-04 1.08e-08 9.50e-04 -11.0 6.64e-03    -  1.00e+00 1.00e+00H  1
  97  1.3035981e-04 2.51e-08 1.78e-03 -11.0 9.73e-03    -  1.00e+00 1.56e-02h  7
  98  1.2033543e-04 1.75e-05 1.29e-02 -11.0 3.69e-03    -  1.00e+00 1.00e+00h  1
  99  1.2340033e-04 1.06e-05 3.33e-03 -11.0 2.64e-03    -  1.00e+00 5.00e-01h  2
iter    objective    inf_pr   inf_du lg(mu)  ||d||  lg(rg) alpha_du alpha_pr  ls
 100  1.2007221e-04 1.67e-07 3.77e-03 -11.0 3.43e-04    -  1.00e+00 1.00e+00h  1
 101  1.2003982e-04 5.20e-09 3.27e-05 -11.0 2.93e-05    -  1.00e+00 1.00e+00h  1
 102  1.2002670e-04 6.68e-09 3.09e-05 -11.0 4.62e-05    -  1.00e+00 1.00e+00h  1
 103  1.2006065e-04 1.76e-09 1.44e-04 -11.0 6.67e-04    -  1.00e+00 1.00e+00H  1
 104  1.2049845e-04 1.24e-10 2.53e-04 -11.0 7.87e-04    -  1.00e+00 1.00e+00H  1
 105  1.2030194e-04 1.16e-10 2.22e-04 -11.0 2.08e-04    -  1.00e+00 1.00e+00H  1
 106  1.1980793e-04 1.84e-07 3.19e-04 -11.0 2.76e-04    -  1.00e+00 1.00e+00h  1
 107  1.1977855e-04 2.49e-08 4.02e-04 -11.0 8.17e-05    -  1.00e+00 1.00e+00h  1
 108  1.1992389e-04 1.08e-09 1.36e-04 -11.0 6.37e-04    -  1.00e+00 1.00e+00H  1
 109  1.1989383e-04 2.49e-09 1.90e-04 -11.0 7.07e-04    -  1.00e+00 1.00e+00H  1
iter    objective    inf_pr   inf_du lg(mu)  ||d||  lg(rg) alpha_du alpha_pr  ls
 110  1.2076851e-04 1.71e-11 4.55e-04 -11.0 1.64e-03    -  1.00e+00 1.00e+00H  1
 111  1.1963991e-04 2.13e-06 1.74e-03 -11.0 9.46e-04    -  1.00e+00 1.00e+00h  1
 112  1.1957354e-04 1.59e-06 1.79e-03 -11.0 3.62e-04    -  1.00e+00 2.50e-01h  3
 113  1.1949826e-04 2.88e-07 4.26e-04 -11.0 4.18e-04    -  1.00e+00 1.00e+00h  1
 114  1.2007624e-04 6.70e-10 2.98e-04 -11.0 2.74e-03    -  1.00e+00 1.00e+00H  1
 115  1.2006999e-04 8.59e-10 2.96e-04 -11.0 1.34e-02    -  1.00e+00 1.95e-03h 10
 116  1.1918303e-04 4.37e-05 1.17e-02 -11.0 1.54e-01    -  1.00e+00 6.25e-02h  5
 117  1.1908607e-04 1.01e-04 2.63e-02 -11.0 5.51e-01    -  1.00e+00 1.56e-02h  7
 118  1.1900175e-04 9.81e-05 2.77e-02 -11.0 2.77e-02    -  1.00e+00 3.12e-02h  6
 119  1.1862449e-04 7.76e-05 3.65e-02 -11.0 1.37e-02    -  1.00e+00 5.00e-01h  2
iter    objective    inf_pr   inf_du lg(mu)  ||d||  lg(rg) alpha_du alpha_pr  ls
 120  1.1846263e-04 8.26e-05 4.19e-02 -11.0 2.42e-01    -  1.00e+00 1.56e-02h  7
 121  1.1845792e-04 3.40e-04 7.79e-02 -11.0 2.02e-01    -  1.00e+00 1.25e-01h  4
 122  1.1841394e-04 3.45e-04 8.55e-02 -11.0 2.07e+00    -  1.00e+00 1.95e-03h 10
 123  1.1820362e-04 3.02e-04 8.80e-02 -11.0 1.09e-02    -  1.00e+00 1.25e-01h  4
 124  1.1740938e-04 3.00e-04 8.26e-02 -11.0 7.70e-02    -  1.00e+00 1.25e-01h  4
 125  3.6069673e-02 5.57e-01 5.06e+00 -11.0 1.35e+00    -  1.00e+00 1.00e+00w  1
 126  7.5414336e-03 6.21e-02 4.14e+00 -11.0 5.19e-01    -  1.00e+00 1.00e+00w  1
 127  8.7913277e-01 4.07e-01 3.45e+00 -11.0 5.50e-01    -  1.00e+00 1.00e+00w  1
 128  1.1723627e-04 3.11e-04 8.16e-02 -11.0 3.59e-01    -  1.00e+00 3.91e-03h  8
 129  1.1747974e-04 1.54e-04 3.46e-02 -11.0 1.17e-03    -  1.00e+00 5.00e-01h  2
iter    objective    inf_pr   inf_du lg(mu)  ||d||  lg(rg) alpha_du alpha_pr  ls
 130  1.1701231e-04 3.12e-06 1.52e-02 -11.0 1.87e-03    -  1.00e+00 1.00e+00h  1
 131  1.1805536e-04 4.51e-08 7.77e-03 -11.0 2.79e-03    -  1.00e+00 1.00e+00H  1
 132  1.2298161e-04 1.31e-11 4.66e-04 -11.0 3.34e-03    -  1.00e+00 1.00e+00H  1
 133  1.1710336e-04 1.50e-07 6.85e-03 -11.0 5.51e-03    -  1.00e+00 1.00e+00H  1
 134  1.1671038e-04 6.45e-07 4.30e-03 -11.0 1.36e-02    -  1.00e+00 6.25e-02h  5
 135  1.1701947e-04 5.74e-09 3.23e-04 -11.0 1.23e-03    -  1.00e+00 1.00e+00H  1
 136  1.1687270e-04 5.72e-09 1.79e-04 -11.0 1.20e-03    -  1.00e+00 1.00e+00H  1
 137  1.1651876e-04 3.57e-06 3.62e-04 -11.0 1.83e-03    -  1.00e+00 1.00e+00h  1
 138  1.3607049e-04 1.12e-11 1.61e-03 -11.0 4.68e-03    -  1.00e+00 1.00e+00H  1
 139  1.1643542e-04 1.65e-05 6.85e-03 -11.0 4.61e-03    -  1.00e+00 1.00e+00f  1
iter    objective    inf_pr   inf_du lg(mu)  ||d||  lg(rg) alpha_du alpha_pr  ls
 140  1.1638441e-04 1.25e-05 5.06e-03 -11.0 1.11e-03    -  1.00e+00 2.50e-01h  3
 141  1.1631720e-04 4.46e-08 2.42e-04 -11.0 1.81e-04    -  1.00e+00 1.00e+00h  1
 142  1.1635056e-04 9.29e-10 1.04e-04 -11.0 7.94e-04    -  1.00e+00 1.00e+00H  1
 143  1.1636584e-04 5.97e-11 2.28e-04 -11.0 4.96e-04    -  1.00e+00 1.00e+00H  1
 144  1.1616884e-04 3.94e-07 7.05e-04 -11.0 4.24e-04    -  1.00e+00 1.00e+00h  1
 145  1.1601170e-04 5.97e-07 4.98e-04 -11.0 6.87e-04    -  1.00e+00 1.00e+00h  1
 146  1.1751250e-04 1.58e-11 3.85e-04 -11.0 2.83e-03    -  1.00e+00 1.00e+00H  1
 147  1.1595032e-04 8.57e-06 2.06e-03 -11.0 3.01e-03    -  1.00e+00 1.00e+00h  1
 148  1.1580826e-04 7.48e-06 2.69e-03 -11.0 1.21e-03    -  1.00e+00 1.25e-01h  4
 149  1.1560108e-04 2.39e-07 2.47e-04 -11.0 4.68e-04    -  1.00e+00 1.00e+00h  1
iter    objective    inf_pr   inf_du lg(mu)  ||d||  lg(rg) alpha_du alpha_pr  ls
 150  1.1561989e-04 5.89e-10 8.32e-05 -11.0 5.74e-04    -  1.00e+00 1.00e+00H  1
 151  1.1547732e-04 2.63e-06 8.59e-03 -11.0 1.84e-03    -  1.00e+00 1.00e+00h  1
 152  1.1544769e-04 2.70e-06 1.55e-02 -11.0 1.33e-02    -  1.00e+00 6.25e-02h  5
 153  1.1539132e-04 2.51e-06 2.15e-02 -11.0 3.67e-03    -  1.00e+00 2.50e-01h  3
 154  1.1535432e-04 2.18e-06 2.26e-02 -11.0 2.28e-03    -  1.00e+00 2.50e-01h  3
 155  1.1539530e-04 8.35e-07 1.01e-02 -11.0 8.43e-04    -  1.00e+00 1.00e+00h  1
 156  1.1536966e-04 2.73e-06 1.35e-02 -11.0 3.61e-03    -  1.00e+00 5.00e-01h  2
 157  1.1520515e-04 2.68e-06 1.77e-02 -11.0 9.77e-03    -  1.00e+00 1.25e-01h  4
 158  1.1515809e-04 6.82e-06 3.18e-02 -11.0 8.83e-03    -  1.00e+00 2.50e-01h  3
 159  1.1506492e-04 8.79e-06 4.33e-02 -11.0 4.65e-02    -  1.00e+00 3.12e-02h  6
iter    objective    inf_pr   inf_du lg(mu)  ||d||  lg(rg) alpha_du alpha_pr  ls
 160  1.1506802e-04 8.45e-06 4.66e-02 -11.0 9.70e-03    -  1.00e+00 6.25e-02h  5
 161  1.1496327e-04 4.41e-06 2.69e-02 -11.0 1.30e-03    -  1.00e+00 5.00e-01h  2
 162  1.1531976e-04 7.48e-08 1.67e-02 -11.0 1.78e-03    -  1.00e+00 1.00e+00H  1
 163  1.1767812e-04 4.21e-13 4.58e-04 -11.0 6.91e-04    -  1.00e+00 1.00e+00H  1
 164  1.1474671e-04 7.42e-06 4.51e-03 -11.0 2.24e-03    -  1.00e+00 1.00e+00h  1
 165  1.1469505e-04 2.94e-07 2.61e-03 -11.0 6.19e-04    -  1.00e+00 1.00e+00h  1
 166  1.1462874e-04 6.00e-06 7.06e-03 -11.0 2.38e-03    -  1.00e+00 1.00e+00h  1
 167  1.1456147e-04 2.28e-05 1.98e-02 -11.0 6.69e-02    -  1.00e+00 6.25e-02h  5
 168  1.1450792e-04 2.27e-05 2.13e-02 -11.0 3.73e-02    -  1.00e+00 1.56e-02h  7
 169  1.1418263e-04 1.88e-06 7.09e-03 -11.0 9.45e-04    -  1.00e+00 1.00e+00h  1
iter    objective    inf_pr   inf_du lg(mu)  ||d||  lg(rg) alpha_du alpha_pr  ls
 170  1.1372789e-04 2.84e-06 1.07e-02 -11.0 3.35e-03    -  1.00e+00 2.50e-01h  3
 171  1.1361747e-04 7.02e-06 5.08e-03 -11.0 2.17e-03    -  1.00e+00 1.00e+00h  1
 172  1.1342887e-04 1.12e-05 9.90e-03 -11.0 5.45e-02    -  1.00e+00 3.12e-02h  6
 173  1.1340533e-04 1.25e-05 1.36e-02 -11.0 3.05e-02    -  1.00e+00 3.12e-02h  6
 174  1.1332486e-04 1.23e-05 1.60e-02 -11.0 1.02e-02    -  1.00e+00 6.25e-02h  5
 175  1.1292271e-04 4.93e-06 1.00e-02 -11.0 1.92e-03    -  1.00e+00 1.00e+00h  1
 176  1.1284297e-04 5.88e-06 1.33e-02 -11.0 4.89e-02    -  1.00e+00 1.56e-02h  7
 177  1.1413974e-04 7.13e-07 6.16e-02 -11.0 1.56e-02    -  1.00e+00 1.00e+00H  1
 178  1.1413654e-04 3.29e-07 6.51e-02 -11.0 1.22e-01    -  1.00e+00 7.81e-03h  8
 179  1.1346760e-04 1.51e-06 5.65e-02 -11.0 4.59e-03    -  1.00e+00 2.50e-01h  3
iter    objective    inf_pr   inf_du lg(mu)  ||d||  lg(rg) alpha_du alpha_pr  ls
 180  1.1279473e-04 5.21e-06 5.41e-02 -11.0 1.62e-02    -  1.00e+00 6.25e-02h  5
 181  1.1273451e-04 7.25e-06 3.55e-02 -11.0 1.03e-02    -  1.00e+00 2.50e-01h  3
 182  1.1267086e-04 1.51e-05 2.54e-02 -11.0 7.60e-02    -  1.00e+00 3.12e-02h  6
 183  1.1262097e-04 3.09e-05 1.22e-02 -11.0 2.11e-01    -  1.00e+00 1.56e-02h  7
 184  1.1249057e-04 3.60e-05 7.95e-03 -11.0 2.83e-01    -  1.00e+00 7.81e-03h  8
 185  1.1251489e-04 3.57e-05 8.06e-03 -11.0 2.33e-02    -  1.00e+00 1.56e-02h  7
 186  1.1258739e-04 1.25e-05 3.78e-03 -11.0 4.37e-03    -  1.00e+00 1.00e+00h  1
 187  1.1254667e-04 1.43e-05 6.44e-03 -11.0 2.02e-01    -  1.00e+00 7.81e-03h  8
 188  1.1253802e-04 1.54e-05 1.19e-02 -11.0 3.17e-02    -  1.00e+00 3.12e-02h  6
 189  1.1251890e-04 1.76e-05 1.87e-02 -11.0 2.35e-02    -  1.00e+00 6.25e-02h  5
iter    objective    inf_pr   inf_du lg(mu)  ||d||  lg(rg) alpha_du alpha_pr  ls
 190  1.1248691e-04 1.90e-05 2.34e-02 -11.0 6.40e-02    -  1.00e+00 1.56e-02h  7
 191  1.1245249e-04 1.78e-05 2.51e-02 -11.0 9.82e-03    -  1.00e+00 6.25e-02h  5
 192  1.1242246e-04 1.76e-05 2.13e-02 -11.0 1.72e-02    -  1.00e+00 6.25e-02h  5
 193  1.1231010e-04 2.41e-05 1.19e-02 -11.0 1.70e-01    -  1.00e+00 1.56e-02h  7
 194  1.1228752e-04 2.54e-05 7.52e-03 -11.0 1.52e-01    -  1.00e+00 7.81e-03h  8
 195  1.1226797e-04 2.62e-05 3.48e-03 -11.0 4.23e-02    -  1.00e+00 1.56e-02h  7
 196  1.1224698e-04 2.67e-05 1.32e-03 -11.0 2.55e-02    -  1.00e+00 3.12e-02h  6
 197  1.3005780e-04 4.14e-04 6.42e-02 -11.0 1.20e-02    -  1.00e+00 1.00e+00w  1
 198  1.2302373e-04 5.93e-04 2.16e-02 -11.0 1.67e-02    -  1.00e+00 1.00e+00w  1
 199  2.6881080e-03 3.76e-02 6.35e-01 -11.0 1.48e-01    -  1.00e+00 1.00e+00w  1
iter    objective    inf_pr   inf_du lg(mu)  ||d||  lg(rg) alpha_du alpha_pr  ls
 200  1.1225986e-04 2.66e-05 4.50e-03 -11.0 1.08e-01    -  1.00e+00 6.25e-02h  4
 201  1.1231593e-04 2.33e-05 4.45e-03 -11.0 9.66e-04    -  1.00e+00 1.25e-01h  4
 202  1.1218906e-04 2.40e-06 1.61e-03 -11.0 1.01e-03    -  1.00e+00 1.00e+00h  1
 203  1.1262760e-04 3.74e-08 4.54e-03 -11.0 1.76e-03    -  1.00e+00 1.00e+00H  1
 204  1.1489294e-04 6.31e-10 4.62e-04 -11.0 5.99e-03    -  1.00e+00 1.00e+00H  1
 205  1.1482212e-04 2.46e-08 4.51e-04 -11.0 4.39e-02    -  1.00e+00 3.91e-03h  9
 206  1.1477474e-04 3.46e-08 5.18e-04 -11.0 4.74e-02    -  1.00e+00 1.95e-03h 10
 207  1.1474369e-04 3.65e-08 6.58e-04 -11.0 9.09e-02    -  1.00e+00 4.88e-04h 12
 208  1.1457482e-04 3.50e-08 4.76e-04 -11.0 4.84e-03    -  1.00e+00 1.56e-02h  7
 209  1.1448325e-04 3.48e-08 5.01e-04 -11.0 3.57e-03    -  1.00e+00 7.81e-03h  8
iter    objective    inf_pr   inf_du lg(mu)  ||d||  lg(rg) alpha_du alpha_pr  ls
 210  1.1154137e-04 1.28e-04 3.99e-02 -11.0 9.52e-03    -  1.00e+00 1.00e+00h  1
 211  1.1144964e-04 1.28e-04 4.35e-02 -11.0 6.52e-02    -  1.00e+00 1.56e-02h  7
 212  1.1246341e-04 6.49e-05 1.96e-02 -11.0 1.55e-03    -  1.00e+00 5.00e-01h  2
 213  1.1127898e-04 1.29e-05 8.65e-03 -11.0 2.19e-03    -  1.00e+00 1.00e+00h  1
 214  1.6198441e-04 2.01e-09 2.12e-03 -11.0 2.71e-03    -  1.00e+00 1.00e+00H  1
 215  1.1125903e-04 2.31e-05 2.01e-02 -11.0 2.50e-03    -  1.00e+00 1.00e+00h  1
 216  1.1113080e-04 6.60e-08 1.29e-03 -11.0 1.90e-04    -  1.00e+00 1.00e+00h  1
 217  1.1111557e-04 9.00e-08 1.63e-03 -11.0 2.27e-04    -  1.00e+00 1.00e+00h  1
 218  1.1115980e-04 3.81e-09 1.41e-04 -11.0 5.77e-04    -  1.00e+00 1.00e+00H  1
 219  1.1170481e-04 6.15e-11 2.75e-04 -11.0 3.21e-03    -  1.00e+00 1.00e+00H  1
iter    objective    inf_pr   inf_du lg(mu)  ||d||  lg(rg) alpha_du alpha_pr  ls
 220  1.1169531e-04 8.21e-10 2.74e-04 -11.0 4.46e-03    -  1.00e+00 3.91e-03h  9
 221  1.1167346e-04 2.26e-09 2.68e-04 -11.0 1.44e-02    -  1.00e+00 1.95e-03h 10
 222  1.1165220e-04 2.16e-09 2.66e-04 -11.0 1.76e-03    -  1.00e+00 7.81e-03h  8
 223  1.1262294e-04 2.25e-11 6.87e-04 -11.0 4.22e-03    -  1.00e+00 1.00e+00H  1
 224  1.1261990e-04 1.23e-11 6.87e-04 -11.0 1.29e-02    -  1.00e+00 2.44e-04h 13
 225  1.1194801e-04 2.18e-06 9.47e-03 -11.0 3.02e-03    -  1.00e+00 2.50e-01h  3
 226  1.1110188e-04 2.91e-06 1.89e-02 -11.0 2.89e-03    -  1.00e+00 2.50e-01h  3
 227  1.1095251e-04 1.03e-05 9.82e-03 -11.0 2.42e-03    -  1.00e+00 1.00e+00h  1
 228  1.1088266e-04 1.03e-05 1.21e-02 -11.0 9.39e-03    -  1.00e+00 3.12e-02h  6
 229  1.1074488e-04 4.76e-06 2.05e-03 -11.0 1.87e-03    -  1.00e+00 1.00e+00h  1
iter    objective    inf_pr   inf_du lg(mu)  ||d||  lg(rg) alpha_du alpha_pr  ls
 230  1.1072890e-04 6.74e-06 6.36e-03 -11.0 4.03e-02    -  1.00e+00 3.12e-02h  6
 231  1.1169504e-04 1.71e-06 2.84e-03 -11.0 9.75e-04    -  1.00e+00 1.00e+00h  1
 232  1.1083604e-04 2.40e-07 1.15e-03 -11.0 3.91e-04    -  1.00e+00 1.00e+00h  1
 233  1.1059029e-04 1.13e-06 1.11e-03 -11.0 1.01e-03    -  1.00e+00 1.00e+00h  1
 234  1.1062994e-04 9.29e-07 1.63e-03 -11.0 1.78e-03    -  1.00e+00 1.25e-01h  4
 235  1.1054719e-04 8.19e-08 1.37e-03 -11.0 1.50e-04    -  1.00e+00 1.00e+00h  1
 236  1.1055593e-04 4.37e-08 1.12e-03 -11.0 1.36e-04    -  1.00e+00 1.00e+00h  1
 237  1.1050159e-04 4.53e-09 1.75e-05 -11.0 3.45e-05    -  1.00e+00 1.00e+00h  1
 238  1.1049627e-04 6.22e-09 1.58e-05 -11.0 5.44e-05    -  1.00e+00 1.00e+00h  1
 239  1.1105419e-04 9.16e-10 3.24e-04 -11.0 2.03e-03    -  1.00e+00 1.00e+00H  1
iter    objective    inf_pr   inf_du lg(mu)  ||d||  lg(rg) alpha_du alpha_pr  ls
 240  1.1104492e-04 2.31e-09 3.24e-04 -11.0 9.66e-03    -  1.00e+00 3.91e-03h  9
 241  1.1104211e-04 2.39e-09 3.24e-04 -11.0 2.35e-02    -  1.00e+00 2.44e-04h 13
 242  1.1119404e-04 7.16e-10 4.67e-04 -11.0 1.22e-03    -  1.00e+00 1.00e+00H  1
 243  1.1115423e-04 5.74e-10 4.56e-04 -11.0 2.28e-03    -  1.00e+00 7.81e-03h  8
 244  1.0985104e-04 3.11e-05 1.04e-02 -11.0 5.96e-03    -  1.00e+00 1.00e+00h  1
 245  1.0962579e-04 3.36e-05 1.29e-02 -11.0 4.21e-01    -  1.00e+00 3.91e-03h  9
 246  1.0957479e-04 3.70e-05 1.66e-02 -11.0 6.44e-02    -  1.00e+00 3.12e-02h  6
 247  1.0951897e-04 6.00e-05 2.89e-02 -11.0 7.95e-02    -  1.00e+00 6.25e-02h  5
 248  1.0942321e-04 7.45e-05 3.97e-02 -11.0 4.65e-01    -  1.00e+00 7.81e-03h  8
 249  1.0924315e-04 9.31e-05 4.96e-02 -11.0 1.05e+00    -  1.00e+00 3.91e-03h  9
iter    objective    inf_pr   inf_du lg(mu)  ||d||  lg(rg) alpha_du alpha_pr  ls
 250  1.0844348e-04 7.78e-04 1.03e-01 -11.0 3.21e+00    -  1.00e+00 7.81e-03h  8
 251  1.0831098e-04 7.88e-04 1.08e-01 -11.0 6.04e+00    -  1.00e+00 4.88e-04h 12
 252  1.0813797e-04 8.63e-04 1.29e-01 -11.0 2.32e-01    -  1.00e+00 3.12e-02h  6
 253  1.0662473e-04 1.51e-03 1.96e-01 -11.0 2.06e+00    -  1.00e+00 7.81e-03h  8
 254  1.0659418e-04 1.51e-03 2.03e-01 -11.0 7.26e-01    -  1.00e+00 1.95e-03h 10
 255  1.4124826e-04 2.08e-04 2.97e-02 -11.0 6.26e-03    -  1.00e+00 1.00e+00w  1
 256  1.1234689e-04 1.62e-04 8.81e-03 -11.0 9.25e-03    -  1.00e+00 1.00e+00w  1
 257  4.5811497e-03 6.94e-03 1.43e-01 -11.0 4.00e-02    -  1.00e+00 1.00e+00w  1
 258  1.0753811e-04 1.14e-03 1.57e-01 -11.0 4.51e-02    -  1.00e+00 2.50e-01h  2
 259  1.0635539e-04 7.90e-05 1.10e-02 -11.0 5.42e-03    -  1.00e+00 1.00e+00h  1
iter    objective    inf_pr   inf_du lg(mu)  ||d||  lg(rg) alpha_du alpha_pr  ls
 260  1.0611579e-04 8.07e-05 1.47e-02 -11.0 1.25e-01    -  1.00e+00 7.81e-03h  8
 261  1.0695198e-04 4.29e-05 1.11e-02 -11.0 1.90e-03    -  1.00e+00 5.00e-01h  2
 262  1.0551542e-04 1.09e-05 8.69e-03 -11.0 2.06e-03    -  1.00e+00 1.00e+00h  1
 263  1.0541445e-04 1.18e-05 7.01e-03 -11.0 2.28e-02    -  1.00e+00 3.12e-02h  6
 264  1.0752885e-04 1.44e-06 1.03e-02 -11.0 6.17e-03    -  1.00e+00 1.00e+00H  1
 265  1.0742095e-04 3.96e-06 1.34e-02 -11.0 5.38e-02    -  1.00e+00 3.12e-02h  6
 266  1.0673588e-04 5.12e-06 1.88e-02 -11.0 1.56e-02    -  1.00e+00 6.25e-02h  5
 267  1.0588501e-04 6.93e-06 3.09e-02 -11.0 1.98e-02    -  1.00e+00 6.25e-02h  5
 268  1.0449390e-04 1.55e-04 6.28e-02 -11.0 3.28e-02    -  1.00e+00 2.50e-01h  3
 269  1.0424605e-04 1.59e-04 6.81e-02 -11.0 3.64e-01    -  1.00e+00 3.91e-03h  9
iter    objective    inf_pr   inf_du lg(mu)  ||d||  lg(rg) alpha_du alpha_pr  ls
 270  1.0461522e-04 1.55e-04 6.90e-02 -11.0 2.83e-02    -  1.00e+00 6.25e-02h  5
 271  1.0396459e-04 1.47e-05 3.36e-02 -11.0 3.41e-03    -  1.00e+00 1.00e+00h  1
 272  1.0492441e-04 1.38e-05 5.47e-02 -11.0 3.10e-02    -  1.00e+00 6.25e-02h  5
 273  1.0304894e-04 1.21e-05 7.35e-03 -11.0 2.84e-03    -  1.00e+00 1.00e+00h  1
 274  1.0297578e-04 1.19e-05 9.89e-03 -11.0 2.35e-02    -  1.00e+00 3.12e-02h  6
 275  1.0909756e-04 1.72e-07 1.54e-02 -11.0 3.70e-03    -  1.00e+00 1.00e+00H  1
 276  1.0527629e-04 2.85e-06 5.69e-03 -11.0 1.00e-03    -  1.00e+00 1.00e+00h  1
 277  1.0433320e-04 1.06e-07 4.82e-03 -11.0 2.48e-03    -  1.00e+00 1.00e+00H  1
 278  1.0366057e-04 4.95e-06 8.34e-03 -11.0 1.31e-02    -  1.00e+00 1.25e-01h  4
 279  1.0430326e-04 4.54e-06 2.04e-02 -11.0 1.54e-02    -  1.00e+00 1.25e-01h  4
iter    objective    inf_pr   inf_du lg(mu)  ||d||  lg(rg) alpha_du alpha_pr  ls
 280  1.0530639e-04 9.23e-09 3.17e-04 -11.0 3.12e-03    -  1.00e+00 1.00e+00H  1
 281  1.0497181e-04 1.04e-07 2.09e-03 -11.0 1.10e-02    -  1.00e+00 3.12e-02h  6
 282  1.0485825e-04 1.14e-07 2.73e-03 -11.0 1.37e-02    -  1.00e+00 7.81e-03h  8
 283  1.0473266e-04 2.26e-08 1.39e-02 -11.0 2.65e-03    -  1.00e+00 1.00e+00H  1
 284  1.0385157e-04 1.16e-06 1.11e-02 -11.0 6.96e-03    -  1.00e+00 1.25e-01h  4
 285  1.0370121e-04 2.26e-06 7.95e-03 -11.0 6.10e-03    -  1.00e+00 1.25e-01h  4
 286  1.0566002e-04 4.20e-09 5.37e-04 -11.0 2.75e-03    -  1.00e+00 1.00e+00H  1
 287  1.0722944e-04 7.70e-09 6.07e-04 -11.0 2.59e-03    -  1.00e+00 1.00e+00H  1
 288  1.0715473e-04 8.42e-09 5.93e-04 -11.0 8.35e-03    -  1.00e+00 3.91e-03h  9
 289  1.0709486e-04 8.63e-09 5.92e-04 -11.0 7.68e-03    -  1.00e+00 3.91e-03h  9
iter    objective    inf_pr   inf_du lg(mu)  ||d||  lg(rg) alpha_du alpha_pr  ls
 290  1.0705190e-04 9.13e-09 5.88e-04 -11.0 7.67e-03    -  1.00e+00 1.95e-03h 10
 291  1.1559722e-04 4.56e-10 1.11e-03 -11.0 3.88e-03    -  1.00e+00 1.00e+00H  1
 292  1.1524759e-04 2.01e-09 1.09e-03 -11.0 5.00e-03    -  1.00e+00 7.81e-03h  8
 293  1.0397166e-04 9.26e-08 3.72e-03 -11.0 1.65e-03    -  1.00e+00 1.00e+00H  1
 294  1.0488180e-04 2.86e-09 5.50e-04 -11.0 1.05e-03    -  1.00e+00 1.00e+00H  1
 295  1.0362820e-04 1.25e-06 4.13e-03 -11.0 6.32e-04    -  1.00e+00 1.00e+00h  1
 296  1.0279106e-04 6.41e-07 8.45e-04 -11.0 4.45e-04    -  1.00e+00 1.00e+00h  1
 297  1.0276528e-04 3.36e-08 2.49e-04 -11.0 1.08e-04    -  1.00e+00 1.00e+00h  1
 298  1.0271701e-04 3.16e-09 2.17e-05 -11.0 3.84e-05    -  1.00e+00 1.00e+00h  1
 299  1.0271115e-04 1.37e-09 1.99e-05 -11.0 2.71e-05    -  1.00e+00 1.00e+00h  1
iter    objective    inf_pr   inf_du lg(mu)  ||d||  lg(rg) alpha_du alpha_pr  ls
 300  1.0270330e-04 2.89e-08 1.38e-04 -11.0 1.47e-04    -  1.00e+00 1.00e+00h  1
 301  1.0274781e-04 2.10e-10 1.16e-04 -11.0 2.40e-04    -  1.00e+00 1.00e+00H  1
 302  1.0268660e-04 2.09e-08 6.53e-04 -11.0 9.37e-05    -  1.00e+00 1.00e+00h  1
 303  1.0267251e-04 2.67e-09 1.82e-05 -11.0 3.11e-05    -  1.00e+00 1.00e+00h  1
 304  1.0266341e-04 1.16e-08 1.37e-05 -11.0 8.21e-05    -  1.00e+00 1.00e+00h  1
 305  1.0317300e-04 1.19e-10 2.63e-04 -11.0 4.23e-03    -  1.00e+00 1.00e+00H  1
 306  1.0317243e-04 1.44e-10 2.63e-04 -11.0 6.68e-02    -  1.00e+00 6.10e-05h 15
 307  1.0317029e-04 1.33e-10 2.63e-04 -11.0 2.20e-03    -  1.00e+00 9.77e-04h 11
 308  1.0404981e-04 2.02e-11 5.06e-04 -11.0 1.14e-03    -  1.00e+00 1.00e+00H  1
 309  1.0296654e-04 7.27e-11 4.69e-04 -11.0 8.38e-04    -  1.00e+00 1.00e+00H  1
iter    objective    inf_pr   inf_du lg(mu)  ||d||  lg(rg) alpha_du alpha_pr  ls
 310  1.0303029e-04 6.11e-12 3.13e-04 -11.0 1.56e-03    -  1.00e+00 1.00e+00H  1
 311  1.0372707e-04 2.86e-12 2.88e-04 -11.0 3.20e-04    -  1.00e+00 1.00e+00H  1
 312  1.0249375e-04 1.08e-06 8.75e-04 -11.0 7.57e-04    -  1.00e+00 1.00e+00h  1
 313  1.0249535e-04 3.01e-09 2.99e-05 -11.0 2.83e-05    -  1.00e+00 1.00e+00h  1
 314  1.0248797e-04 9.90e-10 7.38e-06 -11.0 1.28e-05    -  1.00e+00 1.00e+00h  1
 315  1.0248702e-04 2.32e-10 7.30e-06 -11.0 1.36e-05    -  1.00e+00 1.00e+00h  1
 316  1.0261282e-04 7.58e-11 1.17e-04 -11.0 8.13e-04    -  1.00e+00 1.00e+00H  1
 317  1.0402390e-04 6.39e-13 4.23e-04 -11.0 1.33e-03    -  1.00e+00 1.00e+00H  1
 318  1.0312354e-04 2.29e-13 3.39e-04 -11.0 6.41e-04    -  1.00e+00 1.00e+00H  1
 319  1.0246710e-04 3.51e-07 5.69e-04 -11.0 3.86e-04    -  1.00e+00 1.00e+00h  1
iter    objective    inf_pr   inf_du lg(mu)  ||d||  lg(rg) alpha_du alpha_pr  ls
 320  1.0242171e-04 1.90e-07 4.97e-04 -11.0 1.55e-04    -  1.00e+00 5.00e-01h  2
 321  1.0240250e-04 1.90e-08 1.25e-03 -11.0 1.00e-04    -  1.00e+00 1.00e+00h  1
 322  1.0242508e-04 3.48e-08 6.34e-05 -11.0 1.53e-04    -  1.00e+00 1.00e+00h  1
 323  1.0238751e-04 1.32e-08 1.73e-05 -11.0 7.03e-05    -  1.00e+00 1.00e+00h  1
 324  1.0237880e-04 1.33e-08 1.64e-05 -11.0 9.88e-05    -  1.00e+00 1.00e+00h  1
 325  1.0253856e-04 1.21e-11 2.61e-04 -11.0 1.71e-03    -  1.00e+00 1.00e+00H  1
 326  1.0253680e-04 1.38e-10 2.58e-04 -11.0 5.53e-03    -  1.00e+00 1.95e-03h 10
 327  1.0257922e-04 3.10e-12 2.79e-04 -11.0 1.41e-03    -  1.00e+00 1.00e+00H  1
 328  1.0257582e-04 1.03e-11 2.79e-04 -11.0 3.76e-03    -  1.00e+00 9.77e-04h 11
 329  1.0220475e-04 1.53e-07 9.44e-04 -11.0 2.90e-04    -  1.00e+00 1.00e+00h  1
iter    objective    inf_pr   inf_du lg(mu)  ||d||  lg(rg) alpha_du alpha_pr  ls
 330  1.0218954e-04 2.56e-07 7.69e-04 -11.0 3.89e-04    -  1.00e+00 1.00e+00h  1
 331  1.0217170e-04 2.11e-06 5.08e-03 -11.0 4.24e-03    -  1.00e+00 2.50e-01h  3
 332  1.0216245e-04 3.75e-06 7.09e-03 -11.0 6.58e-02    -  1.00e+00 1.56e-02h  7
 333  1.0212087e-04 1.38e-05 5.51e-03 -11.0 2.32e-02    -  1.00e+00 1.25e-01h  4
 334  1.0203820e-04 2.69e-05 7.38e-03 -11.0 3.95e-01    -  1.00e+00 7.81e-03h  8
 335  1.0180954e-04 9.06e-05 1.81e-02 -11.0 4.39e-01    -  1.00e+00 1.56e-02h  7
 336  1.0179972e-04 1.55e-04 3.12e-02 -11.0 3.51e+00    -  1.00e+00 1.95e-03h 10
 337  1.0175833e-04 1.59e-04 3.27e-02 -11.0 4.80e-01    -  1.00e+00 3.91e-03h  9
 338  1.0159496e-04 2.32e-04 2.72e-02 -11.0 2.30e-01    -  1.00e+00 3.12e-02h  6
 339  1.0158363e-04 3.05e-04 3.36e-02 -11.0 9.06e-01    -  1.00e+00 7.81e-03h  8
iter    objective    inf_pr   inf_du lg(mu)  ||d||  lg(rg) alpha_du alpha_pr  ls
 340  1.0145232e-04 3.20e-04 3.96e-02 -11.0 7.96e-01    -  1.00e+00 3.91e-03h  9
 341  1.3421290e-03 5.64e-02 3.10e-01 -11.0 1.74e-01    -  1.00e+00 1.00e+00w  1
 342  5.6853961e-03 1.37e-02 6.02e-01 -11.0 1.05e-01    -  1.00e+00 1.00e+00w  1
 343  1.2923087e-02 1.66e-01 1.11e+01 -11.0 3.30e-01    -  1.00e+00 1.00e+00w  1
 344  1.0143709e-04 3.28e-04 4.21e-02 -11.0 9.45e-01    -  1.00e+00 1.56e-02h  6
 345  1.0108597e-04 3.33e-04 3.75e-02 -11.0 1.04e-01    -  1.00e+00 3.12e-02h  6
 346  1.0114102e-04 3.27e-04 3.35e-02 -11.0 1.05e-01    -  1.00e+00 1.56e-02h  7
 347  1.0161575e-04 3.06e-05 1.11e-01 -11.0 2.47e-02    -  1.00e+00 1.00e+00H  1
 348  1.0136689e-04 1.68e-04 1.55e-01 -11.0 2.48e+00    -  1.00e+00 3.91e-03h  9
 349  1.0075977e-04 2.56e-04 1.71e-01 -11.0 1.82e+00    -  1.00e+00 3.91e-03h  9
iter    objective    inf_pr   inf_du lg(mu)  ||d||  lg(rg) alpha_du alpha_pr  ls
 350  1.0010004e-04 9.89e-04 1.87e-01 -11.0 2.53e+00    -  1.00e+00 7.81e-03h  8
 351  9.9937151e-05 9.99e-04 1.73e-01 -11.0 2.66e+00    -  1.00e+00 9.77e-04h 11
 352  9.9845981e-05 1.01e-03 1.86e-01 -11.0 3.98e-01    -  1.00e+00 7.81e-03h  8
 353  9.9520517e-05 1.00e-03 1.76e-01 -11.0 1.51e-01    -  1.00e+00 1.56e-02h  7
 354  9.9656618e-05 9.91e-04 1.27e-01 -11.0 1.01e-01    -  1.00e+00 1.56e-02h  7
 355  9.9270925e-05 5.00e-04 4.33e-02 -11.0 3.13e-03    -  1.00e+00 5.00e-01h  2
 356  9.8385376e-05 2.92e-04 2.18e-02 -11.0 1.03e-02    -  1.00e+00 5.00e-01h  2
 357  9.9199389e-05 2.71e-04 2.92e-02 -11.0 2.94e-02    -  1.00e+00 6.25e-02h  5
 358  1.0225924e-04 5.60e-06 2.69e-02 -11.0 1.77e-03    -  1.00e+00 1.00e+00w  1
 359  1.0052396e-04 3.53e-05 1.98e-02 -11.0 4.68e-03    -  1.00e+00 1.00e+00h  1
iter    objective    inf_pr   inf_du lg(mu)  ||d||  lg(rg) alpha_du alpha_pr  ls
 360  1.7059736e-04 1.36e-05 5.55e-02 -11.0 8.71e-03    -  1.00e+00 1.00e+00H  1
 361  1.0057681e-04 1.34e-06 1.19e-02 -11.0 6.91e-03    -  1.00e+00 1.00e+00H  1
 362  1.4748471e-04 3.99e-07 6.27e-02 -11.0 9.29e-03    -  1.00e+00 1.00e+00H  1
 363  1.0221613e-04 4.50e-07 2.13e-02 -11.0 6.11e-03    -  1.00e+00 1.00e+00H  1
 364  2.3939288e-04 1.88e-07 6.37e-02 -11.0 6.27e-03    -  1.00e+00 1.00e+00H  1
 365  9.6712166e-05 9.24e-05 6.41e-03 -11.0 5.62e-03    -  1.00e+00 1.00e+00h  1
 366  9.7211349e-05 3.44e-07 3.98e-03 -11.0 4.16e-04    -  1.00e+00 1.00e+00h  1
 367  9.6655664e-05 5.23e-08 1.63e-03 -11.0 1.52e-04    -  1.00e+00 1.00e+00h  1
 368  9.6642547e-05 7.81e-10 3.54e-05 -11.0 3.30e-05    -  1.00e+00 1.00e+00h  1
 369  9.6489536e-05 6.03e-07 1.51e-03 -11.0 8.60e-04    -  1.00e+00 1.00e+00h  1
iter    objective    inf_pr   inf_du lg(mu)  ||d||  lg(rg) alpha_du alpha_pr  ls
 370  9.6415193e-05 7.22e-07 4.26e-03 -11.0 8.62e-03    -  1.00e+00 6.25e-02h  5
 371  9.6153673e-05 4.71e-06 1.90e-02 -11.0 5.50e-03    -  1.00e+00 5.00e-01h  2
 372  9.6080155e-05 5.02e-06 2.25e-02 -11.0 5.13e-02    -  1.00e+00 1.56e-02h  7
 373  9.5889490e-05 6.12e-06 1.62e-02 -11.0 3.26e-03    -  1.00e+00 1.00e+00h  1
 374  9.5570350e-05 1.12e-05 2.61e-02 -11.0 1.11e-01    -  1.00e+00 3.12e-02h  6
 375  9.5443505e-05 1.16e-05 3.18e-02 -11.0 6.04e-02    -  1.00e+00 1.56e-02h  7
 376  9.5755270e-05 6.90e-06 1.54e-02 -11.0 3.23e-03    -  1.00e+00 5.00e-01h  2
 377  9.5378113e-05 4.94e-06 2.69e-02 -11.0 1.81e-03    -  1.00e+00 1.00e+00h  1
 378  9.5420968e-05 5.52e-06 1.97e-02 -11.0 7.66e-03    -  1.00e+00 2.50e-01h  3
 379  9.5355988e-05 1.02e-05 1.16e-02 -11.0 7.49e-03    -  1.00e+00 2.50e-01h  3
iter    objective    inf_pr   inf_du lg(mu)  ||d||  lg(rg) alpha_du alpha_pr  ls
 380  9.5213085e-05 1.01e-05 1.09e-02 -11.0 9.42e-03    -  1.00e+00 6.25e-02h  5
 381  9.5967564e-05 5.47e-06 1.82e-02 -11.0 2.19e-03    -  1.00e+00 5.00e-01h  2
 382  9.4925021e-05 2.28e-06 3.75e-03 -11.0 1.51e-03    -  1.00e+00 1.00e+00h  1
 383  1.0153988e-04 2.66e-11 9.34e-04 -11.0 8.24e-04    -  1.00e+00 1.00e+00H  1
 384  9.4888934e-05 3.25e-06 3.21e-03 -11.0 1.03e-03    -  1.00e+00 1.00e+00h  1
 385  9.4847627e-05 1.12e-09 1.31e-05 -11.0 3.20e-05    -  1.00e+00 1.00e+00h  1
 386  9.4840623e-05 9.65e-09 1.20e-05 -11.0 9.70e-05    -  1.00e+00 1.00e+00h  1
 387  9.4838052e-05 3.49e-07 3.68e-03 -11.0 1.03e-02    -  1.00e+00 6.25e-02h  5
 388  9.5786041e-05 8.55e-11 3.28e-04 -11.0 2.86e-03    -  1.00e+00 1.00e+00H  1
 389  9.5779581e-05 1.33e-09 3.25e-04 -11.0 1.46e-02    -  1.00e+00 1.95e-03h 10
iter    objective    inf_pr   inf_du lg(mu)  ||d||  lg(rg) alpha_du alpha_pr  ls
 390  9.5756166e-05 1.35e-09 3.23e-04 -11.0 3.25e-03    -  1.00e+00 3.91e-03h  9
 391  9.5589191e-05 2.03e-11 3.55e-04 -11.0 1.74e-03    -  1.00e+00 1.00e+00H  1
 392  9.5568664e-05 4.80e-10 3.51e-04 -11.0 5.33e-03    -  1.00e+00 3.91e-03h  9
 393  9.6104889e-05 5.19e-13 3.35e-04 -11.0 4.66e-04    -  1.00e+00 1.00e+00H  1
 394  9.4800218e-05 1.54e-07 7.20e-04 -11.0 2.02e-04    -  1.00e+00 1.00e+00h  1
 395  9.4761700e-05 7.15e-09 1.40e-05 -11.0 6.73e-05    -  1.00e+00 1.00e+00h  1
 396  9.4760317e-05 9.96e-10 1.35e-05 -11.0 2.81e-05    -  1.00e+00 1.00e+00h  1
 397  9.5131694e-05 1.74e-10 1.51e-04 -11.0 1.69e-03    -  1.00e+00 1.00e+00H  1
 398  9.4878543e-05 6.77e-11 1.55e-04 -11.0 4.75e-04    -  1.00e+00 1.00e+00H  1
 399  9.4971541e-05 1.93e-11 1.61e-04 -11.0 1.00e-03    -  1.00e+00 1.00e+00H  1
iter    objective    inf_pr   inf_du lg(mu)  ||d||  lg(rg) alpha_du alpha_pr  ls
 400  9.4854525e-05 9.17e-10 1.10e-04 -11.0 3.85e-04    -  1.00e+00 1.00e+00H  1
 401  9.4791775e-05 6.77e-11 5.16e-05 -11.0 6.20e-04    -  1.00e+00 1.00e+00H  1
 402  9.4780660e-05 1.05e-10 7.61e-05 -11.0 4.64e-04    -  1.00e+00 1.00e+00H  1
 403  9.4943605e-05 1.45e-12 1.51e-04 -11.0 5.14e-04    -  1.00e+00 1.00e+00H  1
 404  9.4738296e-05 4.31e-07 1.84e-04 -11.0 5.23e-04    -  1.00e+00 1.00e+00h  1
 405  9.4739095e-05 2.27e-07 1.42e-03 -11.0 1.83e-04    -  1.00e+00 5.00e-01h  2
 406  9.4737718e-05 4.20e-10 1.87e-05 -11.0 1.95e-05    -  1.00e+00 1.00e+00h  1
 407  9.4735125e-05 2.50e-09 5.29e-06 -11.0 4.03e-05    -  1.00e+00 1.00e+00h  1
 408  9.4734290e-05 1.55e-09 5.85e-06 -11.0 3.34e-05    -  1.00e+00 1.00e+00h  1
 409  9.4729800e-05 2.81e-08 1.37e-03 -11.0 1.54e-04    -  1.00e+00 1.00e+00h  1
iter    objective    inf_pr   inf_du lg(mu)  ||d||  lg(rg) alpha_du alpha_pr  ls
 410  9.4719205e-05 3.71e-07 4.64e-03 -11.0 2.45e-03    -  1.00e+00 2.50e-01h  3
 411  9.4709937e-05 4.95e-07 5.38e-03 -11.0 1.06e-02    -  1.00e+00 3.12e-02h  6
 412  9.4688497e-05 1.50e-06 7.68e-03 -11.0 1.52e-02    -  1.00e+00 6.25e-02h  5
 413  9.4684684e-05 1.50e-06 7.44e-03 -11.0 1.36e-02    -  1.00e+00 7.81e-03h  8
 414  9.4641772e-05 1.50e-05 1.54e-02 -11.0 2.70e-02    -  1.00e+00 1.25e-01h  4
 415  9.4625939e-05 1.51e-05 1.46e-02 -11.0 1.02e-01    -  1.00e+00 3.91e-03h  9
 416  9.4601594e-05 1.80e-05 6.48e-03 -11.0 1.69e-02    -  1.00e+00 1.25e-01h  4
 417  9.4575038e-05 2.10e-05 9.01e-03 -11.0 4.77e-02    -  1.00e+00 3.12e-02h  6
 418  9.4397906e-05 5.24e-05 2.27e-02 -11.0 6.69e-02    -  1.00e+00 6.25e-02h  5
 419  9.4373601e-05 6.06e-05 2.53e-02 -11.0 1.09e+00    -  1.00e+00 1.95e-03h 10
iter    objective    inf_pr   inf_du lg(mu)  ||d||  lg(rg) alpha_du alpha_pr  ls
 420  6.2350698e-04 5.16e-02 2.42e-01 -11.0 1.54e-01    -  1.00e+00 1.00e+00w  1
 421  2.8079319e-01 4.01e-01 7.60e-01 -11.0 4.28e-01    -  1.00e+00 1.00e+00w  1
 422  8.6911416e-02 1.33e-01 4.59e-01 -11.0 1.75e-01    -  1.00e+00 1.00e+00w  1
 423  9.4368067e-05 6.11e-05 2.52e-02 -11.0 1.56e-01    -  1.00e+00 3.91e-03h  8
 424  9.4367794e-05 6.11e-05 2.52e-02 -11.0 2.48e-01    -  1.00e+00 9.77e-04h 11
 425  9.4365092e-05 6.12e-05 2.26e-02 -11.0 1.57e-01    -  1.00e+00 1.95e-03h 10
 426  9.4446525e-05 4.00e-07 2.67e-03 -11.0 4.34e-04    -  1.00e+00 1.00e+00h  1
 427  9.4356030e-05 9.21e-06 9.43e-03 -11.0 2.69e-03    -  1.00e+00 1.00e+00h  1
 428  9.4335893e-05 1.04e-05 1.28e-02 -11.0 5.41e-02    -  1.00e+00 1.56e-02h  7
 429  9.4328685e-05 1.05e-05 1.64e-02 -11.0 1.02e-02    -  1.00e+00 6.25e-02h  5
iter    objective    inf_pr   inf_du lg(mu)  ||d||  lg(rg) alpha_du alpha_pr  ls
 430  9.4292773e-05 1.27e-05 1.87e-02 -11.0 1.80e-02    -  1.00e+00 6.25e-02h  5
 431  9.4264024e-05 2.86e-05 2.23e-02 -11.0 1.69e-01    -  1.00e+00 1.56e-02h  7
 432  9.4225668e-05 2.79e-05 2.84e-02 -11.0 1.87e-01    -  1.00e+00 3.91e-03h  9
 433  9.4070365e-05 2.01e-05 4.56e-02 -11.0 5.83e-03    -  1.00e+00 5.00e-01h  2
 434  9.4011708e-05 2.16e-05 5.65e-02 -11.0 3.02e-02    -  1.00e+00 3.12e-02h  6
 435  9.3973230e-05 2.32e-05 6.75e-02 -11.0 2.13e-02    -  1.00e+00 6.25e-02h  5
 436  9.3893994e-05 2.69e-05 8.07e-02 -11.0 3.40e-02    -  1.00e+00 6.25e-02h  5
 437  9.3762288e-05 1.96e-04 8.90e-02 -11.0 2.51e-01    -  1.00e+00 3.12e-02h  6
 438  1.4466705e-02 2.96e+00 9.18e+00 -11.0 1.57e+00    -  1.00e+00 1.00e+00w  1
 439  3.7081914e+00 3.52e+00 1.18e+01 -11.0 1.28e+00    -  1.00e+00 1.00e+00w  1
iter    objective    inf_pr   inf_du lg(mu)  ||d||  lg(rg) alpha_du alpha_pr  ls
 440  3.2521970e-01 6.90e-01 1.28e+01 -11.0 6.94e-01    -  1.00e+00 1.00e+00w  1
 441  9.2999210e-05 6.66e-04 7.72e-02 -11.0 3.00e-01    -  1.00e+00 7.81e-03h  7
 442  9.3766722e-05 2.59e-05 3.27e-02 -11.0 3.19e-03    -  1.00e+00 1.00e+00h  1
 443  9.3705102e-05 2.59e-05 4.58e-02 -11.0 8.84e-03    -  1.00e+00 1.25e-01h  4
 444  9.3504413e-05 3.39e-05 5.44e-02 -11.0 9.16e-03    -  1.00e+00 2.50e-01h  3
 445  9.3161994e-05 3.61e-05 4.53e-02 -11.0 1.84e-02    -  1.00e+00 6.25e-02h  5
 446  9.2547931e-05 8.64e-05 1.26e-02 -11.0 3.48e-02    -  1.00e+00 1.25e-01h  4
 447  9.2389621e-05 9.84e-05 2.12e-02 -11.0 2.74e-01    -  1.00e+00 7.81e-03h  8
 448  9.2302745e-05 1.00e-04 2.49e-02 -11.0 4.22e-02    -  1.00e+00 3.12e-02h  6
 449  9.2239481e-05 1.02e-04 2.90e-02 -11.0 3.98e-02    -  1.00e+00 3.12e-02h  6
iter    objective    inf_pr   inf_du lg(mu)  ||d||  lg(rg) alpha_du alpha_pr  ls
 450  9.2213926e-05 1.09e-04 3.75e-02 -11.0 6.25e-02    -  1.00e+00 3.12e-02h  6
 451  9.2169664e-05 1.09e-04 3.74e-02 -11.0 3.07e-02    -  1.00e+00 3.91e-03h  9
 452  9.2472723e-05 3.42e-05 8.90e-03 -11.0 3.40e-03    -  1.00e+00 1.00e+00h  1
 453  9.2414457e-05 3.68e-05 1.70e-02 -11.0 1.28e-01    -  1.00e+00 7.81e-03h  8
 454  9.2399957e-05 3.62e-05 1.92e-02 -11.0 8.20e-03    -  1.00e+00 1.56e-02h  7
 455  9.2216248e-05 1.07e-05 1.39e-03 -11.0 1.93e-03    -  1.00e+00 1.00e+00h  1
 456  9.2204394e-05 1.07e-05 1.45e-03 -11.0 1.26e-02    -  1.00e+00 1.56e-02h  7
 457  9.2555536e-05 4.12e-07 4.10e-03 -11.0 2.16e-03    -  1.00e+00 1.00e+00H  1
 458  9.2482472e-05 6.69e-07 9.96e-03 -11.0 8.76e-03    -  1.00e+00 6.25e-02h  5
 459  9.2320897e-05 2.46e-06 1.62e-02 -11.0 1.52e-02    -  1.00e+00 6.25e-02h  5
iter    objective    inf_pr   inf_du lg(mu)  ||d||  lg(rg) alpha_du alpha_pr  ls
 460  9.2356053e-05 2.29e-06 1.68e-02 -11.0 2.20e-03    -  1.00e+00 6.25e-02h  5
 461  9.2075334e-05 3.00e-06 3.94e-03 -11.0 9.64e-04    -  1.00e+00 1.00e+00h  1
 462  9.2223262e-05 2.69e-06 7.60e-03 -11.0 2.87e-03    -  1.00e+00 1.25e-01h  4
 463  9.2057254e-05 9.14e-08 5.12e-04 -11.0 2.32e-04    -  1.00e+00 1.00e+00h  1
 464  9.2063970e-05 6.58e-08 1.28e-03 -11.0 1.28e-04    -  1.00e+00 1.00e+00h  1
 465  9.2044056e-05 1.71e-08 2.55e-04 -11.0 8.20e-05    -  1.00e+00 1.00e+00h  1
 466  9.2144062e-05 1.29e-10 1.01e-04 -11.0 2.45e-04    -  1.00e+00 1.00e+00H  1
 467  9.2022162e-05 2.27e-08 2.36e-05 -11.0 7.95e-05    -  1.00e+00 1.00e+00h  1
 468  9.2010896e-05 2.98e-08 5.33e-04 -11.0 9.72e-05    -  1.00e+00 1.00e+00h  1
 469  9.1955980e-05 5.87e-06 2.98e-03 -11.0 5.66e-03    -  1.00e+00 2.50e-01h  3
iter    objective    inf_pr   inf_du lg(mu)  ||d||  lg(rg) alpha_du alpha_pr  ls
 470  9.1953703e-05 6.00e-06 3.52e-03 -11.0 3.26e-02    -  1.00e+00 7.81e-03h  8
 471  9.1886046e-05 1.93e-05 1.81e-02 -11.0 7.13e-03    -  1.00e+00 5.00e-01h  2
 472  9.1863622e-05 1.96e-05 1.95e-02 -11.0 1.32e-01    -  1.00e+00 3.91e-03h  9
 473  9.1786742e-05 2.09e-05 2.20e-02 -11.0 2.48e-02    -  1.00e+00 6.25e-02h  5
 474  9.1396416e-05 2.21e-04 3.31e-02 -11.0 2.66e-01    -  1.00e+00 3.12e-02h  6
 475  9.1389828e-05 4.53e-04 4.26e-02 -11.0 1.80e+01    -  1.00e+00 4.88e-04h 12
 476  9.1196089e-05 8.10e-04 5.36e-02 -11.0 1.13e+01    -  1.00e+00 9.77e-04h 11
 477  9.1041541e-05 9.59e-04 6.51e-02 -11.0 7.93e+00    -  1.00e+00 9.77e-04h 11
 478  9.1163631e-05 9.59e-04 6.28e-02 -11.0 5.14e-01    -  1.00e+00 9.77e-04h 11
 479  1.2449590e-04 2.24e-03 1.85e-01 -11.0 3.01e-02    -  1.00e+00 1.00e+00w  1
iter    objective    inf_pr   inf_du lg(mu)  ||d||  lg(rg) alpha_du alpha_pr  ls
 480  1.7084064e-03 1.26e-03 4.15e-01 -11.0 2.84e-02    -  1.00e+00 1.00e+00w  1
 481  4.2625503e-04 7.28e-03 1.46e+00 -11.0 6.02e-02    -  1.00e+00 1.00e+00w  1
 482  9.1180108e-05 9.44e-04 6.26e-02 -11.0 2.84e-01    -  1.00e+00 1.56e-02h  6
 483  9.1177327e-05 9.42e-04 6.27e-02 -11.0 1.19e-01    -  1.00e+00 1.95e-03h 10
 484  9.1114109e-05 8.85e-04 5.99e-02 -11.0 1.25e-02    -  1.00e+00 6.25e-02h  5
 485  9.1165849e-05 8.57e-04 5.94e-02 -11.0 6.58e-03    -  1.00e+00 3.12e-02h  6
 486  9.1172375e-05 8.44e-04 5.89e-02 -11.0 4.98e-03    -  1.00e+00 1.56e-02h  7
 487  1.0631250e-04 2.71e-04 8.29e-02 -11.0 9.92e-03    -  1.00e+00 1.00e+00h  1
 488  1.0615835e-04 3.25e-04 1.26e-01 -11.0 1.41e-01    -  1.00e+00 3.12e-02h  6
 489  1.0565621e-04 3.15e-04 1.45e-01 -11.0 4.77e-02    -  1.00e+00 6.25e-02h  5
iter    objective    inf_pr   inf_du lg(mu)  ||d||  lg(rg) alpha_du alpha_pr  ls
 490  4.0881783e-04 1.06e-04 4.91e-01 -11.0 2.15e-02    -  1.00e+00 1.00e+00H  1
 491  1.0366078e-04 8.35e-05 9.69e-02 -11.0 2.07e-02    -  1.00e+00 1.00e+00H  1
 492  2.1950926e-04 1.10e-04 2.17e-01 -11.0 2.56e-02    -  1.00e+00 5.00e-01h  2
 493  9.4339147e-05 8.56e-05 1.18e-01 -11.0 6.40e-03    -  1.00e+00 1.00e+00h  1
 494  1.2371870e-04 9.91e-06 1.54e-02 -11.0 2.57e-03    -  1.00e+00 1.00e+00h  1
 495  9.2586342e-05 7.12e-06 1.02e-02 -11.0 2.50e-03    -  1.00e+00 1.00e+00h  1
 496  9.2561170e-05 1.80e-07 1.50e-03 -11.0 1.73e-04    -  1.00e+00 1.00e+00h  1
 497  9.2340085e-05 3.56e-08 8.63e-05 -11.0 8.56e-05    -  1.00e+00 1.00e+00h  1
 498  9.2287193e-05 1.02e-08 7.56e-05 -11.0 8.43e-05    -  1.00e+00 1.00e+00h  1
 499  9.1978288e-05 2.92e-06 4.33e-03 -11.0 1.25e-03    -  1.00e+00 1.00e+00h  1
iter    objective    inf_pr   inf_du lg(mu)  ||d||  lg(rg) alpha_du alpha_pr  ls
 500  9.1567775e-05 1.73e-05 4.92e-03 -11.0 2.14e-02    -  1.00e+00 1.25e-01h  4
 501  1.2291906e-04 7.99e-09 2.14e-03 -11.0 6.67e-03    -  1.00e+00 1.00e+00H  1
 502  9.1666419e-05 4.04e-06 3.91e-02 -11.0 6.07e-03    -  1.00e+00 1.00e+00H  1
 503  1.4362061e-04 5.39e-09 3.32e-03 -11.0 1.70e-03    -  1.00e+00 1.00e+00H  1
 504  8.9982296e-05 1.35e-05 2.24e-02 -11.0 2.37e-03    -  1.00e+00 1.00e+00h  1
 505  8.9871995e-05 6.71e-06 9.02e-04 -11.0 1.68e-03    -  1.00e+00 1.00e+00h  1
 506  8.9829958e-05 7.08e-06 8.94e-04 -11.0 2.30e-02    -  1.00e+00 1.56e-02h  7
 507  9.1495921e-05 8.63e-07 1.97e-02 -11.0 2.19e-03    -  1.00e+00 1.00e+00H  1
 508  9.2232657e-05 1.01e-07 3.31e-02 -11.0 2.09e-03    -  1.00e+00 1.00e+00H  1
 509  9.3199670e-05 1.85e-09 4.79e-04 -11.0 4.20e-03    -  1.00e+00 1.00e+00H  1
iter    objective    inf_pr   inf_du lg(mu)  ||d||  lg(rg) alpha_du alpha_pr  ls
 510  9.3101459e-05 7.33e-09 4.67e-04 -11.0 5.98e-03    -  1.00e+00 7.81e-03h  8
 511  9.2886137e-05 2.71e-09 4.73e-04 -11.0 4.60e-03    -  1.00e+00 1.00e+00H  1
 512  9.8322334e-05 5.23e-10 1.55e-03 -11.0 1.78e-03    -  1.00e+00 1.00e+00H  1
 513  9.0317617e-05 1.16e-07 4.76e-03 -11.0 2.53e-03    -  1.00e+00 1.00e+00H  1
 514  9.2515648e-05 8.98e-10 6.19e-04 -11.0 1.81e-03    -  1.00e+00 1.00e+00H  1
 515  9.0360494e-05 5.21e-09 2.67e-04 -11.0 7.76e-04    -  1.00e+00 1.00e+00H  1
 516  8.9875736e-05 2.06e-06 6.48e-03 -11.0 7.76e-04    -  1.00e+00 1.00e+00h  1
 517  8.9826108e-05 1.85e-07 8.87e-04 -11.0 2.76e-04    -  1.00e+00 1.00e+00h  1
 518  8.9571313e-05 2.21e-07 4.49e-04 -11.0 1.68e-04    -  1.00e+00 1.00e+00h  1
 519  8.9566199e-05 1.83e-09 1.74e-05 -11.0 2.97e-05    -  1.00e+00 1.00e+00h  1
iter    objective    inf_pr   inf_du lg(mu)  ||d||  lg(rg) alpha_du alpha_pr  ls
 520  8.9562266e-05 1.24e-09 1.35e-05 -11.0 2.38e-05    -  1.00e+00 1.00e+00h  1
 521  8.9556172e-05 9.68e-09 1.69e-05 -11.0 8.31e-05    -  1.00e+00 1.00e+00h  1
 522  8.9559145e-05 4.47e-10 6.48e-05 -11.0 3.68e-04    -  1.00e+00 1.00e+00H  1
 523  8.9898190e-05 1.64e-11 2.28e-04 -11.0 6.09e-04    -  1.00e+00 1.00e+00H  1
 524  8.9512315e-05 5.38e-07 2.12e-03 -11.0 4.29e-04    -  1.00e+00 1.00e+00h  1
 525  8.9518619e-05 3.28e-08 7.32e-04 -11.0 1.44e-04    -  1.00e+00 1.00e+00h  1
 526  8.9487354e-05 8.44e-08 4.18e-04 -11.0 2.09e-04    -  1.00e+00 1.00e+00h  1
 527  8.9471038e-05 1.95e-07 2.69e-03 -11.0 5.26e-04    -  1.00e+00 1.00e+00h  1
 528  8.9441349e-05 5.99e-07 4.73e-03 -11.0 1.22e-02    -  1.00e+00 6.25e-02h  5
 529  8.9403122e-05 3.70e-06 4.62e-03 -11.0 1.61e-02    -  1.00e+00 1.25e-01h  4
iter    objective    inf_pr   inf_du lg(mu)  ||d||  lg(rg) alpha_du alpha_pr  ls
 530  8.9382882e-05 4.01e-05 6.50e-03 -11.0 2.18e-01    -  1.00e+00 3.12e-02h  6
 531  8.9373229e-05 4.00e-05 6.15e-03 -11.0 9.07e-02    -  1.00e+00 3.91e-03h  9
 532  8.9228799e-05 2.05e-05 3.51e-03 -11.0 1.53e-03    -  1.00e+00 5.00e-01h  2
 533  8.9170280e-05 1.93e-05 2.05e-03 -11.0 6.23e-03    -  1.00e+00 6.25e-02h  5
 534  8.9300817e-05 2.14e-06 2.65e-03 -11.0 1.71e-03    -  1.00e+00 1.00e+00h  1
 535  8.9233665e-05 6.16e-06 6.44e-03 -11.0 1.12e-02    -  1.00e+00 1.25e-01h  4
 536  8.9231499e-05 6.01e-06 7.83e-03 -11.0 5.40e-03    -  1.00e+00 3.12e-02h  6
 537  8.9080710e-05 3.94e-06 6.80e-04 -11.0 1.57e-03    -  1.00e+00 1.00e+00h  1
 538  8.9143742e-05 3.89e-06 8.55e-04 -11.0 6.53e-03    -  1.00e+00 6.25e-02h  5
 539  8.9070009e-05 7.23e-08 3.60e-04 -11.0 1.81e-04    -  1.00e+00 1.00e+00h  1
iter    objective    inf_pr   inf_du lg(mu)  ||d||  lg(rg) alpha_du alpha_pr  ls
 540  8.9073261e-05 1.06e-10 4.13e-05 -11.0 2.45e-04    -  1.00e+00 1.00e+00H  1
 541  8.9092839e-05 3.82e-12 8.10e-05 -11.0 1.28e-03    -  1.00e+00 1.00e+00H  1
 542  8.9092266e-05 1.18e-10 8.07e-05 -11.0 2.87e-02    -  1.00e+00 2.44e-04h 13
 543  8.9091497e-05 1.49e-10 8.03e-05 -11.0 7.30e-03    -  1.00e+00 9.77e-04h 11
 544  8.9056048e-05 7.01e-07 3.86e-03 -11.0 4.15e-03    -  1.00e+00 2.50e-01h  3
 545  8.9034970e-05 9.31e-07 4.61e-03 -11.0 9.39e-03    -  1.00e+00 6.25e-02h  5
 546  8.9032607e-05 1.43e-05 3.13e-03 -11.0 3.29e-02    -  1.00e+00 6.25e-02h  5
 547  8.8994208e-05 8.60e-05 3.74e-03 -11.0 2.86e-01    -  1.00e+00 1.56e-02h  7
 548  8.8984191e-05 9.26e-05 4.68e-03 -11.0 3.60e-01    -  1.00e+00 3.91e-03h  9
 549  8.8974375e-05 9.37e-05 5.11e-03 -11.0 1.57e-01    -  1.00e+00 3.91e-03h  9
iter    objective    inf_pr   inf_du lg(mu)  ||d||  lg(rg) alpha_du alpha_pr  ls
 550  8.8962753e-05 9.31e-05 6.58e-03 -11.0 2.71e-02    -  1.00e+00 3.12e-02h  6
 551  8.8960099e-05 9.18e-05 8.68e-03 -11.0 1.98e-02    -  1.00e+00 6.25e-02h  5
 552  5.4556028e-04 1.10e-02 1.55e-01 -11.0 6.16e-02    -  1.00e+00 1.00e+00w  1
 553  1.4036401e-04 2.56e-03 4.98e-02 -11.0 3.09e-02    -  1.00e+00 1.00e+00w  1
 554  2.2805267e-02 9.27e-03 4.60e-01 -11.0 6.35e-02    -  1.00e+00 1.00e+00w  1
 555  8.8948689e-05 9.17e-05 9.24e-03 -11.0 3.10e-02    -  1.00e+00 7.81e-03h  7
 556  8.8891565e-05 3.02e-07 1.18e-03 -11.0 2.72e-04    -  1.00e+00 1.00e+00h  1
 557  8.8888001e-05 2.73e-06 1.37e-03 -11.0 8.45e-04    -  1.00e+00 1.00e+00h  1
 558  8.8871352e-05 1.19e-05 1.82e-03 -11.0 2.50e-02    -  1.00e+00 6.25e-02h  5
 559  8.8866903e-05 1.21e-05 2.03e-03 -11.0 6.93e-02    -  1.00e+00 3.91e-03h  9
iter    objective    inf_pr   inf_du lg(mu)  ||d||  lg(rg) alpha_du alpha_pr  ls
 560  8.8861821e-05 1.20e-05 2.15e-03 -11.0 1.10e-02    -  1.00e+00 1.56e-02h  7
 561  8.8853506e-05 9.70e-06 4.47e-03 -11.0 2.52e-03    -  1.00e+00 2.50e-01h  3
 562  8.8847885e-05 9.72e-06 4.54e-03 -11.0 1.45e-02    -  1.00e+00 1.56e-02h  7
 563  8.8843890e-05 1.40e-05 7.26e-03 -11.0 1.93e-02    -  1.00e+00 6.25e-02h  5
 564  8.8841691e-05 1.44e-05 6.33e-03 -11.0 4.61e-02    -  1.00e+00 7.81e-03h  8
 565  8.8835916e-05 1.50e-05 6.17e-03 -11.0 1.66e-02    -  1.00e+00 3.12e-02h  6
 566  8.8837525e-05 1.50e-05 6.15e-03 -11.0 1.51e-02    -  1.00e+00 1.56e-02h  7
 567  8.8815068e-05 7.25e-06 3.80e-03 -11.0 1.62e-03    -  1.00e+00 5.00e-01h  2
 568  1.1390729e-04 1.28e-04 4.44e-03 -11.0 1.34e-02    -  1.00e+00 1.00e+00w  1
 569  8.8928575e-05 2.31e-04 8.73e-03 -11.0 1.33e-02    -  1.00e+00 1.00e+00w  1
iter    objective    inf_pr   inf_du lg(mu)  ||d||  lg(rg) alpha_du alpha_pr  ls
 570  1.2582184e-04 8.21e-04 2.45e-02 -11.0 1.77e-02    -  1.00e+00 1.00e+00w  1
 571  8.8797011e-05 7.07e-06 3.55e-03 -11.0 1.47e-02    -  1.00e+00 3.12e-02h  5
 572  8.8934315e-05 1.06e-07 7.61e-03 -11.0 2.94e-03    -  1.00e+00 1.00e+00H  1
 573  8.8913847e-05 4.28e-07 8.74e-03 -11.0 2.99e-02    -  1.00e+00 1.56e-02h  7
 574  8.8880559e-05 4.25e-07 8.97e-03 -11.0 4.29e-03    -  1.00e+00 6.25e-02h  5
 575  8.8819701e-05 2.35e-06 8.29e-03 -11.0 2.48e-03    -  1.00e+00 2.50e-01h  3
 576  8.8769186e-05 2.38e-06 9.14e-03 -11.0 1.15e-02    -  1.00e+00 6.25e-02h  5
 577  8.8797986e-05 1.94e-06 8.72e-03 -11.0 9.87e-03    -  1.00e+00 1.25e-01h  4
 578  8.8750238e-05 2.65e-06 4.09e-03 -11.0 2.94e-03    -  1.00e+00 2.50e-01h  3
 579  8.8668776e-05 9.48e-06 3.28e-03 -11.0 3.40e-02    -  1.00e+00 6.25e-02h  5
iter    objective    inf_pr   inf_du lg(mu)  ||d||  lg(rg) alpha_du alpha_pr  ls
 580  8.8683414e-05 9.38e-06 4.64e-03 -11.0 3.35e-02    -  1.00e+00 1.56e-02h  7
 581  8.8632999e-05 2.22e-06 2.68e-03 -11.0 9.35e-04    -  1.00e+00 1.00e+00h  1
 582  8.8847901e-05 2.00e-06 1.77e-03 -11.0 2.20e-03    -  1.00e+00 1.25e-01h  4
 583  8.8631828e-05 5.54e-08 3.14e-04 -11.0 1.33e-04    -  1.00e+00 1.00e+00h  1
 584  8.8629488e-05 2.94e-09 8.92e-06 -11.0 3.92e-05    -  1.00e+00 1.00e+00h  1
 585  8.8621154e-05 2.57e-07 7.77e-04 -11.0 1.10e-02    -  1.00e+00 3.12e-02h  6
 586  8.8617664e-05 9.16e-07 9.90e-04 -11.0 8.26e-03    -  1.00e+00 6.25e-02h  5
 587  8.8581187e-05 3.46e-06 5.12e-03 -11.0 4.35e-02    -  1.00e+00 3.12e-02h  6
 588  8.8575884e-05 3.45e-06 6.10e-03 -11.0 5.38e-02    -  1.00e+00 3.91e-03h  9
 589  8.8515071e-05 2.22e-06 3.94e-03 -11.0 9.85e-04    -  1.00e+00 1.00e+00h  1
iter    objective    inf_pr   inf_du lg(mu)  ||d||  lg(rg) alpha_du alpha_pr  ls
 590  8.8461261e-05 1.15e-05 7.40e-03 -11.0 2.46e-01    -  1.00e+00 7.81e-03h  8
 591  8.8447015e-05 1.23e-05 9.23e-03 -11.0 8.46e-02    -  1.00e+00 7.81e-03h  8
 592  8.8385921e-05 8.44e-06 6.32e-03 -11.0 1.75e-02    -  1.00e+00 6.25e-02h  5
 593  8.8309031e-05 2.35e-05 1.10e-02 -11.0 3.75e-01    -  1.00e+00 7.81e-03h  8
 594  8.8297125e-05 1.40e-04 2.12e-02 -11.0 2.12e+00    -  1.00e+00 3.91e-03h  9
 595  8.8245202e-05 1.58e-04 2.78e-02 -11.0 3.37e+00    -  1.00e+00 9.77e-04h 11
 596  8.8145265e-05 1.55e-04 3.09e-02 -11.0 8.82e-01    -  1.00e+00 3.91e-03h  9
 597  8.8138810e-05 1.53e-04 3.16e-02 -11.0 4.34e-01    -  1.00e+00 7.81e-03h  8
 598  8.8038446e-05 1.49e-04 3.64e-02 -11.0 5.05e-02    -  1.00e+00 3.12e-02h  6
 599  8.7930190e-05 1.92e-04 4.96e-02 -11.0 7.56e-01    -  1.00e+00 7.81e-03h  8
iter    objective    inf_pr   inf_du lg(mu)  ||d||  lg(rg) alpha_du alpha_pr  ls
 600  1.3277486e-01 1.26e+00 1.81e+00 -11.0 1.72e+00    -  1.00e+00 1.00e+00w  1
 601  1.0490838e-01 4.35e-01 8.66e-01 -11.0 2.63e-01    -  1.00e+00 1.00e+00w  1
 602  1.7670657e-01 7.15e-02 2.90e+00 -11.0 3.87e-01    -  1.00e+00 1.00e+00w  1
 603  8.7823299e-05 1.95e-04 5.55e-02 -11.0 3.01e-01    -  1.00e+00 9.77e-04h 10
 604  8.7504920e-05 1.95e-04 6.41e-02 -11.0 5.69e-01    -  1.00e+00 3.91e-03h  9
 605  8.7566738e-05 1.92e-04 6.32e-02 -11.0 2.71e-02    -  1.00e+00 1.56e-02h  7
 606  8.7488142e-05 2.84e-06 5.48e-03 -11.0 1.76e-03    -  1.00e+00 1.00e+00h  1
 607  8.7452353e-05 4.00e-06 9.52e-03 -11.0 8.52e-03    -  1.00e+00 1.25e-01h  4
 608  8.7311438e-05 4.77e-06 1.33e-02 -11.0 1.46e-02    -  1.00e+00 6.25e-02h  5
 609  8.7361267e-05 3.62e-06 8.72e-03 -11.0 1.96e-03    -  1.00e+00 2.50e-01h  3
iter    objective    inf_pr   inf_du lg(mu)  ||d||  lg(rg) alpha_du alpha_pr  ls
 610  8.7776845e-05 3.54e-08 7.71e-03 -11.0 2.14e-03    -  1.00e+00 1.00e+00H  1
 611  8.7655925e-05 9.31e-07 9.91e-03 -11.0 6.09e-03    -  1.00e+00 1.25e-01h  4
 612  8.7315484e-05 1.89e-06 8.87e-03 -11.0 3.96e-03    -  1.00e+00 2.50e-01h  3
 613  8.7029142e-05 9.88e-06 8.20e-03 -11.0 2.76e-03    -  1.00e+00 1.00e+00h  1
 614  8.6897247e-05 1.01e-05 1.05e-02 -11.0 6.57e-02    -  1.00e+00 7.81e-03h  8
 615  8.7275136e-05 7.45e-06 6.55e-03 -11.0 1.93e-03    -  1.00e+00 2.50e-01h  3
 616  8.7018805e-05 3.59e-06 6.98e-03 -11.0 1.80e-03    -  1.00e+00 1.00e+00h  1
 617  8.6905745e-05 3.50e-06 5.89e-03 -11.0 1.01e-02    -  1.00e+00 3.12e-02h  6
 618  8.7439203e-05 1.91e-06 5.52e-03 -11.0 1.53e-03    -  1.00e+00 1.00e+00h  1
 619  8.7336411e-05 2.14e-06 8.98e-03 -11.0 1.06e-02    -  1.00e+00 6.25e-02h  5
iter    objective    inf_pr   inf_du lg(mu)  ||d||  lg(rg) alpha_du alpha_pr  ls
 620  8.7097414e-05 2.83e-06 1.09e-02 -11.0 3.18e-03    -  1.00e+00 2.50e-01h  3
 621  8.6941654e-05 2.85e-06 1.09e-02 -11.0 6.11e-03    -  1.00e+00 6.25e-02h  5
 622  8.7367320e-05 4.56e-08 7.26e-03 -11.0 2.32e-03    -  1.00e+00 1.00e+00H  1
 623  8.7262247e-05 7.24e-07 1.37e-02 -11.0 2.88e-02    -  1.00e+00 3.12e-02h  6
 624  8.7265678e-05 6.06e-07 1.30e-02 -11.0 2.40e-03    -  1.00e+00 1.25e-01h  4
 625  8.6635929e-05 4.00e-06 1.22e-03 -11.0 1.85e-03    -  1.00e+00 1.00e+00h  1
 626  8.6608219e-05 4.05e-06 3.58e-03 -11.0 2.15e-02    -  1.00e+00 1.56e-02h  7
 627  8.6799447e-05 3.51e-06 6.80e-03 -11.0 2.36e-03    -  1.00e+00 2.50e-01h  3
 628  8.6848975e-05 6.88e-07 2.76e-03 -11.0 7.02e-04    -  1.00e+00 1.00e+00h  1
 629  8.6805325e-05 1.40e-06 2.47e-03 -11.0 3.63e-03    -  1.00e+00 2.50e-01h  3
iter    objective    inf_pr   inf_du lg(mu)  ||d||  lg(rg) alpha_du alpha_pr  ls
 630  8.7134970e-05 3.75e-07 5.77e-03 -11.0 7.66e-04    -  1.00e+00 5.00e-01h  2
 631  8.6590779e-05 6.49e-07 4.49e-04 -11.0 1.14e-03    -  1.00e+00 1.00e+00h  1
 632  8.6553504e-05 7.25e-07 1.86e-03 -11.0 3.40e-03    -  1.00e+00 6.25e-02h  5
 633  8.9134797e-05 8.39e-13 5.52e-04 -11.0 9.24e-04    -  1.00e+00 1.00e+00H  1
 634  8.6542605e-05 2.06e-06 4.45e-03 -11.0 9.48e-04    -  1.00e+00 1.00e+00h  1
 635  8.6962702e-05 2.34e-07 1.42e-03 -11.0 2.84e-04    -  1.00e+00 1.00e+00h  1
 636  8.6519729e-05 1.27e-07 1.12e-04 -11.0 2.33e-04    -  1.00e+00 1.00e+00h  1
 637  8.6519040e-05 9.12e-10 9.76e-06 -11.0 1.80e-05    -  1.00e+00 1.00e+00h  1
 638  8.6517035e-05 9.16e-10 7.58e-06 -11.0 2.09e-05    -  1.00e+00 1.00e+00h  1
 639  8.6562191e-05 2.03e-11 9.18e-05 -11.0 2.48e-04    -  1.00e+00 1.00e+00H  1
iter    objective    inf_pr   inf_du lg(mu)  ||d||  lg(rg) alpha_du alpha_pr  ls
 640  8.6504749e-05 3.51e-08 3.39e-04 -11.0 9.56e-05    -  1.00e+00 1.00e+00h  1
 641  8.6508267e-05 2.23e-08 5.22e-05 -11.0 9.44e-05    -  1.00e+00 1.00e+00h  1
 642  8.6486472e-05 6.01e-08 1.75e-04 -11.0 1.61e-04    -  1.00e+00 1.00e+00h  1
 643  8.6670055e-05 6.57e-14 1.41e-04 -11.0 4.28e-04    -  1.00e+00 1.00e+00H  1
 644  8.6464085e-05 3.92e-07 1.49e-03 -11.0 5.43e-04    -  1.00e+00 1.00e+00h  1
 645  8.6481084e-05 3.52e-07 1.63e-03 -11.0 1.03e-03    -  1.00e+00 1.25e-01h  4
 646  8.6408269e-05 6.47e-08 1.33e-04 -11.0 1.27e-04    -  1.00e+00 1.00e+00h  1
 647  8.6413461e-05 2.93e-11 4.54e-05 -11.0 2.41e-04    -  1.00e+00 1.00e+00H  1
 648  8.6296333e-05 1.05e-05 6.21e-03 -11.0 2.67e-03    -  1.00e+00 1.00e+00h  1
 649  8.6278082e-05 1.39e-05 9.76e-03 -11.0 1.58e+00    -  1.00e+00 9.77e-04h 11
iter    objective    inf_pr   inf_du lg(mu)  ||d||  lg(rg) alpha_du alpha_pr  ls
 650  8.6277340e-05 1.38e-05 1.04e-02 -11.0 2.56e-02    -  1.00e+00 1.56e-02h  7
 651  8.6283538e-05 1.35e-05 1.07e-02 -11.0 1.07e-02    -  1.00e+00 3.12e-02h  6
 652  8.6269249e-05 1.21e-05 1.06e-02 -11.0 4.64e-03    -  1.00e+00 1.25e-01h  4
 653  8.6249768e-05 1.25e-05 1.09e-02 -11.0 3.52e-02    -  1.00e+00 1.56e-02h  7
 654  8.6229127e-05 2.99e-05 1.56e-02 -11.0 1.07e-01    -  1.00e+00 3.12e-02h  6
 655  8.6227010e-05 4.13e-05 1.87e-02 -11.0 7.31e-01    -  1.00e+00 3.91e-03h  9
 656  8.6000852e-05 1.47e-04 3.02e-02 -11.0 1.16e+00    -  1.00e+00 7.81e-03h  8
 657  8.5893365e-05 2.30e-04 3.93e-02 -11.0 1.69e+01    -  1.00e+00 4.88e-04h 12
 658  8.5570950e-05 6.20e-04 5.92e-02 -11.0 1.84e+01    -  1.00e+00 9.77e-04h 11
 659  2.0876846e+01 1.37e+02 1.05e+02 -11.0 4.81e+01    -  1.00e+00 1.00e+00w  1
iter    objective    inf_pr   inf_du lg(mu)  ||d||  lg(rg) alpha_du alpha_pr  ls
 660  9.4941504e+09 7.59e+03 6.49e+04 -11.0 3.25e+04    -  1.00e+00 1.00e+00w  1
 661  4.0301239e+00 4.80e-01 2.37e+02 -11.0 3.25e+04    -  1.00e+00 1.00e+00w  1
 662  8.5416709e-05 6.56e-04 6.81e-02 -11.0 6.96e-01    -  1.00e+00 1.22e-04h 13
 663  8.5639183e-05 3.33e-04 3.74e-02 -11.0 5.98e-03    -  1.00e+00 5.00e-01h  2
 664  8.5359971e-05 3.38e-04 4.29e-02 -11.0 6.76e-02    -  1.00e+00 6.25e-02h  5
 665  8.5322980e-05 3.79e-04 5.01e-02 -11.0 6.55e-01    -  1.00e+00 7.81e-03h  8
 666  8.4776583e-05 4.39e-04 5.30e-02 -11.0 4.20e-01    -  1.00e+00 1.56e-02h  7
 667  8.4737976e-05 4.41e-04 5.34e-02 -11.0 4.28e-01    -  1.00e+00 3.91e-03h  9
 668  8.4695966e-05 4.97e-04 6.61e-02 -11.0 4.55e-01    -  1.00e+00 1.56e-02h  7
 669  8.4280156e-05 5.27e-04 7.93e-02 -11.0 7.91e-01    -  1.00e+00 7.81e-03h  8
iter    objective    inf_pr   inf_du lg(mu)  ||d||  lg(rg) alpha_du alpha_pr  ls
 670  8.4219220e-05 5.51e-04 8.59e-02 -11.0 2.66e+00    -  1.00e+00 1.95e-03h 10
 671  8.4000933e-05 5.49e-04 8.66e-02 -11.0 1.45e-01    -  1.00e+00 3.91e-03h  9
 672  1.5938015e-04 2.77e-03 1.24e-01 -11.0 4.60e-02    -  1.00e+00 1.00e+00w  1
 673  4.9754257e-03 5.49e-01 5.34e+00 -11.0 5.28e-01    -  1.00e+00 1.00e+00w  1
 674  1.6659654e-01 3.52e-01 2.91e+00 -11.0 2.95e-01    -  1.00e+00 1.00e+00w  1
 675  8.3394523e-05 5.21e-04 6.68e-02 -11.0 2.04e-01    -  1.00e+00 1.25e-01h  3
 676  8.3253034e-05 4.59e-04 5.34e-02 -11.0 1.39e-02    -  1.00e+00 1.25e-01h  4
 677  8.3743715e-05 4.05e-04 4.98e-02 -11.0 9.18e-03    -  1.00e+00 1.25e-01h  4
 678  8.6166189e-05 2.33e-04 2.83e-02 -11.0 7.54e-03    -  1.00e+00 5.00e-01h  2
 679  6.3916171e-04 8.51e-05 2.40e-02 -11.0 5.82e-03    -  1.00e+00 1.00e+00h  1
iter    objective    inf_pr   inf_du lg(mu)  ||d||  lg(rg) alpha_du alpha_pr  ls
 680  8.2373406e-05 1.21e-04 2.04e-02 -11.0 6.77e-03    -  1.00e+00 1.00e+00h  1
 681  8.2284121e-05 1.05e-07 1.93e-03 -11.0 1.88e-04    -  1.00e+00 1.00e+00h  1
 682  8.2165553e-05 5.91e-08 1.25e-03 -11.0 1.27e-04    -  1.00e+00 1.00e+00h  1
 683  8.2137535e-05 2.65e-08 1.36e-03 -11.0 1.70e-04    -  1.00e+00 1.00e+00h  1
 684  8.2684228e-05 9.93e-09 2.85e-04 -11.0 1.21e-03    -  1.00e+00 1.00e+00H  1
 685  8.5299916e-05 7.42e-10 5.83e-04 -11.0 5.92e-04    -  1.00e+00 1.00e+00H  1
 686  8.2051595e-05 1.50e-06 5.78e-03 -11.0 1.09e-03    -  1.00e+00 1.00e+00h  1
 687  8.2078420e-05 1.07e-07 5.93e-04 -11.0 2.44e-04    -  1.00e+00 1.00e+00h  1
 688  8.1988052e-05 2.69e-07 2.56e-03 -11.0 3.69e-04    -  1.00e+00 1.00e+00h  1
 689  8.1951975e-05 4.61e-07 6.41e-03 -11.0 3.56e-03    -  1.00e+00 1.25e-01h  4
iter    objective    inf_pr   inf_du lg(mu)  ||d||  lg(rg) alpha_du alpha_pr  ls
 690  8.1920435e-05 5.31e-07 7.96e-03 -11.0 3.85e-03    -  1.00e+00 6.25e-02h  5
 691  8.4161718e-05 1.03e-08 7.52e-04 -11.0 2.28e-03    -  1.00e+00 1.00e+00H  1
 692  8.3717068e-05 1.34e-08 3.08e-04 -11.0 2.44e-03    -  1.00e+00 1.00e+00H  1
 693  8.3640526e-05 1.54e-08 3.08e-04 -11.0 3.40e-03    -  1.00e+00 7.81e-03h  8
 694  8.3791703e-05 7.11e-09 5.53e-04 -11.0 2.10e-03    -  1.00e+00 1.00e+00H  1
 695  8.3649942e-05 8.00e-09 5.34e-04 -11.0 1.43e-03    -  1.00e+00 1.56e-02h  7
 696  8.1589617e-05 7.74e-07 1.28e-03 -11.0 5.35e-04    -  1.00e+00 1.00e+00h  1
 697  8.1505176e-05 3.05e-08 6.04e-05 -11.0 8.25e-05    -  1.00e+00 1.00e+00h  1
 698  8.1476895e-05 2.33e-09 1.56e-05 -11.0 3.52e-05    -  1.00e+00 1.00e+00h  1
 699  8.1474679e-05 4.28e-10 1.51e-05 -11.0 1.32e-05    -  1.00e+00 1.00e+00h  1
iter    objective    inf_pr   inf_du lg(mu)  ||d||  lg(rg) alpha_du alpha_pr  ls
 700  8.1481035e-05 1.51e-10 6.27e-05 -11.0 3.55e-04    -  1.00e+00 1.00e+00H  1
 701  8.1535688e-05 7.36e-11 1.33e-04 -11.0 1.98e-04    -  1.00e+00 1.00e+00H  1
 702  8.1457937e-05 1.34e-07 4.84e-04 -11.0 1.97e-04    -  1.00e+00 1.00e+00h  1
 703  8.1447808e-05 5.45e-09 2.68e-05 -11.0 8.49e-05    -  1.00e+00 1.00e+00h  1
 704  8.1444070e-05 3.97e-09 1.22e-05 -11.0 3.55e-05    -  1.00e+00 1.00e+00h  1
 705  8.1441932e-05 1.59e-09 9.89e-06 -11.0 2.35e-05    -  1.00e+00 1.00e+00h  1
 706  8.1439251e-05 2.26e-09 1.03e-05 -11.0 4.52e-05    -  1.00e+00 1.00e+00h  1
 707  8.1453333e-05 4.06e-11 4.10e-05 -11.0 2.32e-04    -  1.00e+00 1.00e+00H  1
 708  8.1465977e-05 2.46e-11 6.24e-05 -11.0 3.40e-04    -  1.00e+00 1.00e+00H  1
 709  8.2698790e-05 1.11e-12 3.76e-04 -11.0 9.93e-04    -  1.00e+00 1.00e+00H  1
iter    objective    inf_pr   inf_du lg(mu)  ||d||  lg(rg) alpha_du alpha_pr  ls
 710  8.1481065e-05 4.42e-12 6.26e-05 -11.0 5.98e-04    -  1.00e+00 1.00e+00H  1
 711  8.1649697e-05 4.45e-13 1.61e-04 -11.0 1.14e-03    -  1.00e+00 1.00e+00H  1
 712  8.2729858e-05 8.25e-14 2.39e-04 -11.0 5.46e-04    -  1.00e+00 1.00e+00H  1
 713  8.1388558e-05 1.46e-06 1.45e-03 -11.0 1.12e-03    -  1.00e+00 1.00e+00h  1
 714  8.1405743e-05 7.53e-07 5.93e-04 -11.0 2.40e-04    -  1.00e+00 5.00e-01h  2
 715  8.1358225e-05 2.57e-08 5.95e-05 -11.0 1.47e-04    -  1.00e+00 1.00e+00h  1
 716  8.1357878e-05 4.97e-09 1.07e-05 -11.0 5.28e-05    -  1.00e+00 1.00e+00h  1
 717  8.1382458e-05 2.04e-10 4.65e-05 -11.0 3.01e-04    -  1.00e+00 1.00e+00H  1
 718  8.2029821e-05 2.79e-14 2.67e-04 -11.0 8.37e-04    -  1.00e+00 1.00e+00H  1
 719  8.1406986e-05 2.20e-12 8.61e-05 -11.0 9.17e-04    -  1.00e+00 1.00e+00H  1
iter    objective    inf_pr   inf_du lg(mu)  ||d||  lg(rg) alpha_du alpha_pr  ls
 720  8.1366865e-05 4.02e-09 4.87e-05 -11.0 9.54e-04    -  1.00e+00 6.25e-02h  5
 721  8.1323975e-05 1.89e-07 1.58e-04 -11.0 3.38e-04    -  1.00e+00 1.00e+00h  1
 722  8.1994603e-05 1.53e-13 2.27e-04 -11.0 3.89e-04    -  1.00e+00 1.00e+00H  1
 723  8.1313422e-05 4.38e-07 2.63e-04 -11.0 2.91e-04    -  1.00e+00 1.00e+00h  1
 724  8.1310828e-05 4.52e-09 1.37e-05 -11.0 4.08e-05    -  1.00e+00 1.00e+00h  1
 725  8.1294160e-05 2.84e-07 4.71e-04 -11.0 3.22e-04    -  1.00e+00 1.00e+00h  1
 726  8.1265249e-05 5.25e-06 2.18e-03 -11.0 1.71e-01    -  1.00e+00 7.81e-03h  8
 727  8.1228231e-05 3.81e-05 6.77e-03 -11.0 4.41e-01    -  1.00e+00 7.81e-03h  8
 728  8.1188384e-05 4.50e-05 9.73e-03 -11.0 4.04e-01    -  1.00e+00 3.91e-03h  9
 729  8.1174711e-05 4.55e-05 1.07e-02 -11.0 2.36e-01    -  1.00e+00 1.95e-03h 10
iter    objective    inf_pr   inf_du lg(mu)  ||d||  lg(rg) alpha_du alpha_pr  ls
 730  8.1167583e-05 4.73e-05 1.23e-02 -11.0 1.12e-01    -  1.00e+00 7.81e-03h  8
 731  8.1162214e-05 5.06e-05 1.44e-02 -11.0 1.49e-01    -  1.00e+00 7.81e-03h  8
 732  8.1157785e-05 5.40e-05 1.67e-02 -11.0 1.57e-01    -  1.00e+00 7.81e-03h  8
 733  8.1144789e-05 5.45e-05 1.66e-02 -11.0 6.50e-02    -  1.00e+00 7.81e-03h  8
 734  8.1124968e-05 6.42e-05 1.51e-02 -11.0 1.18e-01    -  1.00e+00 1.56e-02h  7
 735  8.1111447e-05 6.41e-05 1.49e-02 -11.0 3.79e-02    -  1.00e+00 7.81e-03h  8
 736  8.7035828e-05 5.25e-05 1.17e-02 -11.0 4.54e-03    -  1.00e+00 1.00e+00w  1
 737  1.4162470e-04 1.35e-05 1.38e-02 -11.0 2.44e-03    -  1.00e+00 1.00e+00w  1
 738  8.1126388e-05 5.90e-05 9.48e-04 -11.0 4.81e-03    -  1.00e+00 1.00e+00w  1
 739  8.1135128e-05 5.69e-05 1.45e-02 -11.0 1.17e-03    -  1.00e+00 1.25e-01h  3
iter    objective    inf_pr   inf_du lg(mu)  ||d||  lg(rg) alpha_du alpha_pr  ls
 740  8.1149081e-05 5.35e-05 1.25e-02 -11.0 3.67e-03    -  1.00e+00 6.25e-02h  5
 741  8.1164127e-05 2.32e-06 3.54e-03 -11.0 9.87e-04    -  1.00e+00 1.00e+00h  1
 742  8.1058361e-05 3.42e-06 4.88e-03 -11.0 1.14e-02    -  1.00e+00 6.25e-02h  5
 743  8.1035106e-05 3.36e-06 4.40e-03 -11.0 4.57e-03    -  1.00e+00 6.25e-02h  5
 744  8.1000236e-05 3.40e-06 3.82e-03 -11.0 6.53e-03    -  1.00e+00 6.25e-02h  5
 745  8.0977839e-05 3.00e-06 3.76e-03 -11.0 4.27e-03    -  1.00e+00 1.25e-01h  4
 746  8.0837290e-05 3.62e-06 4.36e-03 -11.0 1.26e-02    -  1.00e+00 1.25e-01h  4
 747  8.0763253e-05 4.27e-06 5.32e-03 -11.0 1.34e-01    -  1.00e+00 7.81e-03h  8
 748  8.0642097e-05 1.56e-05 8.68e-03 -11.0 1.35e-01    -  1.00e+00 3.12e-02h  6
 749  8.0627085e-05 1.69e-05 9.72e-03 -11.0 3.06e-01    -  1.00e+00 3.91e-03h  9
iter    objective    inf_pr   inf_du lg(mu)  ||d||  lg(rg) alpha_du alpha_pr  ls
 750  8.0614208e-05 1.70e-05 1.02e-02 -11.0 1.34e-01    -  1.00e+00 3.91e-03h  9
 751  8.0626196e-05 1.69e-05 1.13e-02 -11.0 1.97e-02    -  1.00e+00 3.12e-02h  6
 752  3.7296813e-04 8.59e-04 7.78e-02 -11.0 4.24e-02    -  1.00e+00 1.00e+00w  1
 753  1.3778715e-04 9.42e-04 6.15e-02 -11.0 3.24e-02    -  1.00e+00 1.00e+00w  1
 754  5.0659141e-02 9.10e-01 2.05e+00 -11.0 1.08e+00    -  1.00e+00 1.00e+00w  1
 755  8.0628704e-05 1.68e-05 1.15e-02 -11.0 7.61e-01    -  1.00e+00 1.56e-02h  6
 756  8.0738713e-05 1.44e-05 1.17e-02 -11.0 2.86e-03    -  1.00e+00 1.25e-01h  4
 757  8.0743657e-05 1.92e-06 3.46e-03 -11.0 1.52e-03    -  1.00e+00 1.00e+00h  1
 758  8.0732628e-05 1.64e-06 1.72e-03 -11.0 9.88e-03    -  1.00e+00 6.25e-02h  5
 759  8.0811250e-05 4.52e-07 3.02e-03 -11.0 3.14e-04    -  1.00e+00 1.00e+00h  1
iter    objective    inf_pr   inf_du lg(mu)  ||d||  lg(rg) alpha_du alpha_pr  ls
 760  8.0563166e-05 2.26e-07 4.72e-04 -11.0 3.59e-04    -  1.00e+00 1.00e+00h  1
 761  8.0719164e-05 2.52e-09 1.28e-04 -11.0 3.55e-04    -  1.00e+00 1.00e+00H  1
 762  8.0521231e-05 2.73e-07 9.35e-04 -11.0 2.57e-04    -  1.00e+00 1.00e+00h  1
 763  8.0620579e-05 1.03e-07 9.15e-04 -11.0 1.48e-04    -  1.00e+00 1.00e+00h  1
 764  8.0494472e-05 7.89e-08 1.17e-04 -11.0 1.16e-04    -  1.00e+00 1.00e+00h  1
 765  8.0491431e-05 2.21e-09 1.47e-05 -11.0 3.02e-05    -  1.00e+00 1.00e+00h  1
 766  8.0468681e-05 1.01e-07 1.30e-03 -11.0 2.15e-04    -  1.00e+00 1.00e+00h  1
 767  8.0454144e-05 4.12e-06 9.21e-03 -11.0 8.78e-02    -  1.00e+00 1.56e-02h  7
 768  8.0425479e-05 4.57e-06 1.01e-02 -11.0 1.01e-02    -  1.00e+00 6.25e-02h  5
 769  8.0401582e-05 4.70e-06 1.04e-02 -11.0 1.27e-02    -  1.00e+00 3.12e-02h  6
iter    objective    inf_pr   inf_du lg(mu)  ||d||  lg(rg) alpha_du alpha_pr  ls
 770  8.0365100e-05 5.31e-06 9.03e-03 -11.0 5.70e-03    -  1.00e+00 1.25e-01h  4
 771  8.0362598e-05 5.49e-06 1.02e-02 -11.0 1.49e-02    -  1.00e+00 3.12e-02h  6
 772  8.0337451e-05 5.57e-06 1.18e-02 -11.0 7.96e-03    -  1.00e+00 6.25e-02h  5
 773  8.0307809e-05 5.54e-06 1.39e-02 -11.0 6.84e-03    -  1.00e+00 6.25e-02h  5
 774  8.0300622e-05 5.68e-06 1.19e-02 -11.0 1.32e-02    -  1.00e+00 3.12e-02h  6
 775  8.0297820e-05 5.83e-06 9.22e-03 -11.0 8.71e-03    -  1.00e+00 6.25e-02h  5
 776  8.0296083e-05 5.78e-06 7.41e-03 -11.0 9.80e-03    -  1.00e+00 3.12e-02h  6
 777  8.5508760e-05 1.39e-05 1.05e-02 -11.0 1.96e-03    -  1.00e+00 1.00e+00w  1
 778  8.0552296e-05 1.06e-05 4.01e-03 -11.0 1.61e-03    -  1.00e+00 1.00e+00w  1
 779  8.5061702e-05 1.90e-05 1.57e-02 -11.0 3.34e-03    -  1.00e+00 1.00e+00w  1
iter    objective    inf_pr   inf_du lg(mu)  ||d||  lg(rg) alpha_du alpha_pr  ls
 780  8.0328285e-05 5.07e-06 5.20e-03 -11.0 1.40e-03    -  1.00e+00 1.25e-01h  3
 781  8.0349945e-05 3.83e-06 3.67e-03 -11.0 4.83e-04    -  1.00e+00 2.50e-01h  3
 782  8.0270193e-05 1.24e-07 1.88e-04 -11.0 1.69e-04    -  1.00e+00 1.00e+00h  1
 783  8.0274721e-05 6.63e-09 3.81e-05 -11.0 5.67e-05    -  1.00e+00 1.00e+00h  1
 784  8.0264531e-05 2.26e-09 1.37e-05 -11.0 2.65e-05    -  1.00e+00 1.00e+00h  1
 785  8.0263273e-05 4.86e-10 9.90e-06 -11.0 1.33e-05    -  1.00e+00 1.00e+00h  1
 786  8.0314078e-05 2.31e-11 8.73e-05 -11.0 3.86e-04    -  1.00e+00 1.00e+00H  1
 787  8.0257127e-05 3.21e-07 2.07e-03 -11.0 4.85e-04    -  1.00e+00 1.00e+00h  1
 788  8.0242087e-05 3.11e-07 2.02e-03 -11.0 1.61e-03    -  1.00e+00 6.25e-02h  5
 789  8.0224258e-05 7.63e-09 6.09e-05 -11.0 6.70e-05    -  1.00e+00 1.00e+00h  1
iter    objective    inf_pr   inf_du lg(mu)  ||d||  lg(rg) alpha_du alpha_pr  ls
 790  8.0200758e-05 1.15e-08 1.12e-05 -11.0 7.93e-05    -  1.00e+00 1.00e+00h  1
 791  8.0186455e-05 1.34e-07 1.95e-04 -11.0 3.38e-04    -  1.00e+00 1.00e+00h  1
 792  8.0177243e-05 4.79e-07 7.53e-04 -11.0 6.98e-02    -  1.00e+00 7.81e-03h  8
 793  8.0173848e-05 1.29e-06 8.84e-04 -11.0 1.27e-02    -  1.00e+00 6.25e-02h  5
 794  8.0155711e-05 1.99e-06 2.91e-03 -11.0 9.55e-03    -  1.00e+00 6.25e-02h  5
 795  8.0152905e-05 2.13e-06 3.81e-03 -11.0 1.73e-02    -  1.00e+00 1.56e-02h  7
 796  8.0152672e-05 2.02e-06 2.62e-03 -11.0 3.45e-03    -  1.00e+00 1.25e-01h  4
 797  8.0145449e-05 2.08e-06 2.64e-03 -11.0 1.69e-02    -  1.00e+00 1.56e-02h  7
 798  8.0144560e-05 2.33e-06 2.46e-03 -11.0 1.81e-02    -  1.00e+00 3.12e-02h  6
 799  8.0143940e-05 2.33e-06 2.20e-03 -11.0 8.32e-03    -  1.00e+00 3.12e-02h  6
iter    objective    inf_pr   inf_du lg(mu)  ||d||  lg(rg) alpha_du alpha_pr  ls
 800  8.0136212e-05 2.47e-06 1.49e-03 -11.0 1.29e-02    -  1.00e+00 3.12e-02h  6
 801  8.0131250e-05 2.58e-06 2.38e-03 -11.0 1.10e-02    -  1.00e+00 3.12e-02h  6
 802  1.0009022e-04 1.27e-04 1.45e-02 -11.0 8.34e-03    -  1.00e+00 1.00e+00w  1
 803  8.3226345e-05 2.65e-05 6.47e-03 -11.0 3.53e-03    -  1.00e+00 1.00e+00w  1
 804  1.2212127e-04 3.27e-04 2.75e-02 -11.0 1.46e-02    -  1.00e+00 1.00e+00w  1
 805  8.0126544e-05 2.57e-06 2.40e-03 -11.0 2.88e-02    -  1.00e+00 1.56e-02h  6
 806  8.0118887e-05 2.41e-06 1.75e-03 -11.0 1.71e-03    -  1.00e+00 6.25e-02h  5
 807  8.0126103e-05 4.93e-08 1.22e-03 -11.0 1.40e-04    -  1.00e+00 1.00e+00h  1
 808  8.0116728e-05 9.78e-09 2.41e-05 -11.0 6.29e-05    -  1.00e+00 1.00e+00h  1
 809  8.0110895e-05 1.01e-08 1.76e-05 -11.0 6.42e-05    -  1.00e+00 1.00e+00h  1
iter    objective    inf_pr   inf_du lg(mu)  ||d||  lg(rg) alpha_du alpha_pr  ls
 810  8.0108776e-05 1.53e-09 8.70e-06 -11.0 3.82e-05    -  1.00e+00 1.00e+00h  1
 811  8.0107516e-05 1.65e-09 5.82e-06 -11.0 3.38e-05    -  1.00e+00 1.00e+00h  1
 812  8.0106166e-05 5.98e-10 4.86e-06 -11.0 1.50e-05    -  1.00e+00 1.00e+00h  1
 813  8.0107457e-05 1.64e-11 1.66e-05 -11.0 9.17e-05    -  1.00e+00 1.00e+00H  1
 814  8.0109654e-05 9.28e-13 4.16e-05 -11.0 2.15e-04    -  1.00e+00 1.00e+00H  1
 815  8.0200224e-05 1.88e-13 1.47e-04 -11.0 6.89e-04    -  1.00e+00 1.00e+00H  1
 816  8.0394524e-05 9.66e-15 1.66e-04 -11.0 3.75e-04    -  1.00e+00 1.00e+00H  1
 817  8.0082883e-05 2.66e-07 3.31e-04 -11.0 5.81e-04    -  1.00e+00 1.00e+00h  1
 818  8.0083463e-05 1.30e-07 1.66e-04 -11.0 2.29e-04    -  1.00e+00 5.00e-01h  2
 819  8.0086450e-05 5.06e-08 2.93e-04 -11.0 2.04e-04    -  1.00e+00 1.00e+00h  1
iter    objective    inf_pr   inf_du lg(mu)  ||d||  lg(rg) alpha_du alpha_pr  ls
 820  8.0112577e-05 4.01e-13 6.65e-05 -11.0 4.92e-04    -  1.00e+00 1.00e+00H  1
 821  8.0241777e-05 6.20e-14 1.38e-04 -11.0 2.18e-04    -  1.00e+00 1.00e+00H  1
 822  8.0078009e-05 7.21e-08 4.42e-04 -11.0 2.06e-04    -  1.00e+00 1.00e+00h  1
 823  8.0077717e-05 1.90e-08 1.59e-04 -11.0 1.35e-04    -  1.00e+00 1.00e+00h  1
 824  8.0079259e-05 8.77e-12 3.30e-05 -11.0 1.08e-04    -  1.00e+00 1.00e+00H  1
 825  8.0079432e-05 1.20e-13 2.86e-05 -11.0 1.52e-04    -  1.00e+00 1.00e+00H  1
 826  8.0075535e-05 1.63e-08 2.72e-05 -11.0 7.24e-05    -  1.00e+00 1.00e+00h  1
 827  8.0079419e-05 2.19e-14 2.80e-05 -11.0 9.60e-05    -  1.00e+00 1.00e+00H  1
 828  8.0069232e-05 1.09e-08 3.02e-06 -11.0 8.11e-05    -  1.00e+00 1.00e+00h  1
 829  8.0068734e-05 2.86e-10 4.99e-06 -11.0 1.07e-05    -  1.00e+00 1.00e+00h  1
iter    objective    inf_pr   inf_du lg(mu)  ||d||  lg(rg) alpha_du alpha_pr  ls
 830  8.0065606e-05 6.45e-08 3.80e-04 -11.0 1.96e-04    -  1.00e+00 1.00e+00h  1
 831  8.0060164e-05 1.50e-07 6.96e-04 -11.0 4.58e-03    -  1.00e+00 6.25e-02h  5
 832  8.0048227e-05 3.11e-07 8.85e-04 -11.0 1.28e-02    -  1.00e+00 3.12e-02h  6
 833  7.9979016e-05 2.25e-05 3.23e-03 -11.0 1.41e-01    -  1.00e+00 3.12e-02h  6
 834  7.9937765e-05 2.75e-05 4.36e-03 -11.0 1.06e+00    -  1.00e+00 1.95e-03h 10
 835  7.9886418e-05 3.25e-05 5.42e-03 -11.0 1.05e+00    -  1.00e+00 1.95e-03h 10
 836  7.9778999e-05 8.14e-05 9.09e-03 -11.0 3.30e+00    -  1.00e+00 1.95e-03h 10
 837  7.9733095e-05 8.99e-05 1.04e-02 -11.0 2.69e+00    -  1.00e+00 9.77e-04h 11
 838  7.9601740e-05 3.31e-04 1.55e-02 -11.0 1.72e+00    -  1.00e+00 7.81e-03h  8
 839  7.9398271e-05 4.56e-04 2.39e-02 -11.0 1.89e+01    -  1.00e+00 4.88e-04h 12
iter    objective    inf_pr   inf_du lg(mu)  ||d||  lg(rg) alpha_du alpha_pr  ls
 840  7.9291207e-05 4.61e-04 2.75e-02 -11.0 3.27e+00    -  1.00e+00 4.88e-04h 12
 841  4.8834093e-04 5.36e-03 2.10e-01 -11.0 7.45e-02    -  1.00e+00 1.00e+00w  1
 842  2.7105261e-04 3.36e-02 3.36e-01 -11.0 1.60e-01    -  1.00e+00 1.00e+00w  1
 843  3.8928403e+01 3.75e+00 2.72e+00 -11.0 2.45e+00    -  1.00e+00 1.00e+00w  1
 844  7.9497201e-05 4.52e-04 3.14e-02 -11.0 2.44e+00    -  1.00e+00 3.12e-02h  5
 845  7.9427172e-05 1.34e-04 8.53e-03 -11.0 9.37e-03    -  1.00e+00 1.00e+00h  1
 846  7.9400662e-05 1.64e-04 1.25e-02 -11.0 4.67e+00    -  1.00e+00 9.77e-04h 11
 847  7.9362534e-05 1.74e-04 1.25e-02 -11.0 1.46e+00    -  1.00e+00 1.95e-03h 10
 848  7.9356267e-05 1.75e-04 1.18e-02 -11.0 1.04e+00    -  1.00e+00 9.77e-04h 11
 849  7.9352006e-05 1.83e-04 1.03e-02 -11.0 6.86e-01    -  1.00e+00 3.91e-03h  9
iter    objective    inf_pr   inf_du lg(mu)  ||d||  lg(rg) alpha_du alpha_pr  ls
 850  7.9342282e-05 1.80e-04 1.02e-02 -11.0 9.30e-03    -  1.00e+00 1.56e-02h  7
 851  7.9372522e-05 1.55e-05 3.84e-03 -11.0 3.00e-03    -  1.00e+00 1.00e+00h  1
 852  7.9349583e-05 5.94e-05 3.32e-03 -11.0 3.83e-01    -  1.00e+00 1.56e-02h  7
 853  7.9318037e-05 7.14e-05 4.42e-03 -11.0 1.53e+00    -  1.00e+00 1.95e-03h 10
 854  7.9303477e-05 9.36e-05 6.43e-03 -11.0 2.15e+00    -  1.00e+00 1.95e-03h 10
 855  7.9293752e-05 9.63e-05 7.64e-03 -11.0 7.19e-01    -  1.00e+00 1.95e-03h 10
 856  7.9145952e-05 2.33e-04 1.35e-02 -11.0 2.47e+00    -  1.00e+00 3.91e-03h  9
 857  7.9058465e-05 2.72e-04 1.81e-02 -11.0 2.08e+01    -  1.00e+00 2.44e-04h 13
 858  7.8799656e-05 2.75e-04 2.02e-02 -11.0 6.65e+00    -  1.00e+00 2.44e-04h 13
 859  7.8494550e-05 3.41e-04 3.13e-02 -11.0 1.24e-01    -  1.00e+00 6.25e-02h  5
iter    objective    inf_pr   inf_du lg(mu)  ||d||  lg(rg) alpha_du alpha_pr  ls
 860  7.8464249e-05 5.56e-04 4.70e-02 -11.0 6.22e+00    -  1.00e+00 1.95e-03h 10
 861  7.8357402e-05 6.25e-04 5.46e-02 -11.0 7.02e+00    -  1.00e+00 9.77e-04h 11
 862  1.1230279e-01 1.28e+01 2.26e+01 -11.0 7.87e+00    -  1.00e+00 1.00e+00w  1
 863  3.8404786e+01 4.36e+00 3.28e+00 -11.0 6.22e+00    -  1.00e+00 1.00e+00w  1
 864  2.1509948e+01 4.56e+00 9.49e+00 -11.0 3.03e+00    -  1.00e+00 1.00e+00w  1
 865  7.8332668e-05 2.02e-03 8.58e-02 -11.0 2.21e+00    -  1.00e+00 3.91e-03h  8
 866  7.8875806e-05 1.64e-06 6.89e-03 -11.0 9.15e-04    -  1.00e+00 1.00e+00h  1
 867  7.7932268e-05 1.01e-06 1.32e-02 -11.0 1.23e-03    -  1.00e+00 5.00e-01h  2
 868  7.7066473e-05 8.14e-07 1.10e-02 -11.0 4.80e-04    -  1.00e+00 1.00e+00h  1
 869  7.7003297e-05 2.79e-07 2.30e-03 -11.0 3.78e-04    -  1.00e+00 1.00e+00h  1
iter    objective    inf_pr   inf_du lg(mu)  ||d||  lg(rg) alpha_du alpha_pr  ls
 870  7.6624634e-05 9.72e-08 2.59e-03 -11.0 1.69e-04    -  1.00e+00 1.00e+00h  1
 871  7.6590252e-05 1.07e-07 2.35e-03 -11.0 2.12e-04    -  1.00e+00 1.00e+00h  1
 872  7.6560023e-05 5.06e-07 7.28e-03 -11.0 4.79e-04    -  1.00e+00 1.00e+00h  1
 873  7.6791438e-05 4.40e-09 1.73e-04 -11.0 5.32e-04    -  1.00e+00 1.00e+00H  1
 874  7.6550166e-05 6.34e-07 2.65e-03 -11.0 4.00e-04    -  1.00e+00 1.00e+00h  1
 875  7.7507062e-05 1.20e-11 2.48e-04 -11.0 5.87e-04    -  1.00e+00 1.00e+00H  1
 876  7.6477050e-05 1.31e-06 9.42e-04 -11.0 5.28e-04    -  1.00e+00 1.00e+00h  1
 877  7.6484881e-05 3.64e-08 1.88e-03 -11.0 1.71e-04    -  1.00e+00 1.00e+00h  1
 878  7.6446570e-05 4.19e-08 2.71e-03 -11.0 1.39e-04    -  1.00e+00 1.00e+00h  1
 879  7.6540292e-05 2.75e-10 1.45e-04 -11.0 2.48e-04    -  1.00e+00 1.00e+00H  1
iter    objective    inf_pr   inf_du lg(mu)  ||d||  lg(rg) alpha_du alpha_pr  ls
 880  7.6418358e-05 1.21e-08 2.84e-05 -11.0 6.99e-05    -  1.00e+00 1.00e+00h  1
 881  7.6407234e-05 2.10e-08 1.88e-05 -11.0 1.04e-04    -  1.00e+00 1.00e+00h  1
 882  7.6394885e-05 7.88e-07 6.17e-03 -11.0 5.35e-03    -  1.00e+00 1.25e-01h  4
 883  7.6354363e-05 2.62e-06 6.14e-03 -11.0 5.08e-03    -  1.00e+00 1.25e-01h  4
 884  7.6328052e-05 3.04e-06 5.59e-03 -11.0 9.54e-03    -  1.00e+00 3.12e-02h  6
 885  7.6307484e-05 9.10e-06 2.55e-03 -11.0 4.81e-03    -  1.00e+00 2.50e-01h  3
 886  7.6301177e-05 8.70e-06 1.43e-03 -11.0 5.06e-03    -  1.00e+00 6.25e-02h  5
 887  7.6211942e-05 1.09e-05 9.70e-03 -11.0 5.54e-03    -  1.00e+00 2.50e-01h  3
 888  7.6162607e-05 1.13e-05 6.76e-03 -11.0 1.40e-02    -  1.00e+00 3.12e-02h  6
 889  7.6106503e-05 1.35e-05 1.59e-03 -11.0 4.62e-03    -  1.00e+00 2.50e-01h  3
iter    objective    inf_pr   inf_du lg(mu)  ||d||  lg(rg) alpha_du alpha_pr  ls
 890  7.6062419e-05 1.33e-05 2.29e-03 -11.0 7.38e-03    -  1.00e+00 6.25e-02h  5
 891  7.6012437e-05 1.20e-05 6.48e-03 -11.0 4.16e-03    -  1.00e+00 2.50e-01h  3
 892  1.0128121e-04 4.72e-04 1.83e-02 -11.0 1.22e-02    -  1.00e+00 1.00e+00w  1
 893  7.7951462e-05 2.98e-05 1.02e-02 -11.0 3.40e-03    -  1.00e+00 1.00e+00w  1
 894  8.2136004e-05 1.41e-04 2.67e-02 -11.0 7.25e-03    -  1.00e+00 1.00e+00w  1
 895  7.6004634e-05 1.31e-05 5.12e-03 -11.0 1.16e-02    -  1.00e+00 6.25e-02h  4
 896  7.6028329e-05 5.03e-07 2.99e-03 -11.0 5.90e-04    -  1.00e+00 1.00e+00h  1
 897  7.6616675e-05 4.27e-12 2.23e-04 -11.0 1.14e-03    -  1.00e+00 1.00e+00H  1
 898  7.5849327e-05 1.22e-06 2.40e-03 -11.0 9.10e-04    -  1.00e+00 1.00e+00h  1
 899  7.5920473e-05 1.60e-08 1.30e-04 -11.0 1.18e-03    -  1.00e+00 1.00e+00H  1
iter    objective    inf_pr   inf_du lg(mu)  ||d||  lg(rg) alpha_du alpha_pr  ls
 900  7.5885519e-05 1.80e-07 1.23e-03 -11.0 2.49e-03    -  1.00e+00 1.25e-01h  4
 901  7.5679151e-05 1.97e-06 2.87e-03 -11.0 1.08e-03    -  1.00e+00 1.00e+00h  1
 902  7.7720454e-05 1.50e-12 4.88e-04 -11.0 1.76e-03    -  1.00e+00 1.00e+00H  1
 903  7.5606032e-05 6.52e-06 2.48e-03 -11.0 1.12e-03    -  1.00e+00 1.00e+00h  1
 904  7.5602454e-05 3.61e-06 1.41e-03 -11.0 8.51e-04    -  1.00e+00 5.00e-01h  2
 905  7.5539416e-05 2.13e-06 1.74e-03 -11.0 1.08e-03    -  1.00e+00 1.00e+00h  1
 906  7.5470481e-05 7.18e-06 2.96e-03 -11.0 1.53e-02    -  1.00e+00 1.25e-01h  4
 907  7.5395281e-05 8.85e-06 2.95e-03 -11.0 2.18e-02    -  1.00e+00 6.25e-02h  5
 908  7.5352655e-05 1.52e-05 2.91e-03 -11.0 3.97e-02    -  1.00e+00 6.25e-02h  5
 909  7.5347364e-05 1.57e-05 3.38e-03 -11.0 8.92e-03    -  1.00e+00 1.25e-01h  4
iter    objective    inf_pr   inf_du lg(mu)  ||d||  lg(rg) alpha_du alpha_pr  ls
 910  7.5230137e-05 4.22e-05 1.06e-02 -11.0 1.61e-02    -  1.00e+00 2.50e-01h  3
 911  7.5029424e-05 8.40e-05 1.46e-02 -11.0 3.36e-01    -  1.00e+00 1.56e-02h  7
 912  7.5008241e-05 9.34e-05 1.58e-02 -11.0 3.35e-01    -  1.00e+00 7.81e-03h  8
 913  7.4987038e-05 9.07e-05 1.73e-02 -11.0 1.04e-02    -  1.00e+00 3.12e-02h  6
 914  7.5158322e-05 5.30e-05 1.24e-02 -11.0 5.16e-03    -  1.00e+00 5.00e-01h  2
 915  7.5078290e-05 5.65e-05 1.16e-02 -11.0 3.79e-02    -  1.00e+00 6.25e-02h  5
 916  5.3652282e-04 1.32e-02 4.21e-02 -11.0 1.03e-01    -  1.00e+00 1.00e+00w  1
 917  3.9873269e-04 1.05e-02 4.17e-02 -11.0 9.50e-02    -  1.00e+00 1.00e+00w  1
 918  2.0827764e-01 6.01e-01 1.38e+00 -11.0 1.23e+00    -  1.00e+00 1.00e+00w  1
 919  7.4985869e-05 5.87e-05 1.05e-02 -11.0 8.17e-01    -  1.00e+00 1.56e-02h  6
iter    objective    inf_pr   inf_du lg(mu)  ||d||  lg(rg) alpha_du alpha_pr  ls
 920  7.5137591e-05 4.41e-05 6.07e-03 -11.0 1.02e-03    -  1.00e+00 2.50e-01h  3
 921  7.4925626e-05 1.37e-05 8.45e-04 -11.0 3.31e-03    -  1.00e+00 1.00e+00h  1
 922  7.4907193e-05 1.33e-05 1.28e-03 -11.0 1.04e-02    -  1.00e+00 6.25e-02h  5
 923  7.4902901e-05 2.56e-06 1.70e-03 -11.0 1.54e-03    -  1.00e+00 1.00e+00h  1
 924  7.4887102e-05 3.82e-06 2.03e-03 -11.0 9.40e-03    -  1.00e+00 1.25e-01h  4
 925  7.5826675e-05 2.69e-07 2.74e-03 -11.0 6.36e-04    -  1.00e+00 1.00e+00h  1
 926  7.4738432e-05 1.43e-06 5.01e-04 -11.0 1.00e-03    -  1.00e+00 1.00e+00h  1
 927  7.4825380e-05 1.18e-07 5.35e-04 -11.0 4.11e-04    -  1.00e+00 1.00e+00h  1
 928  7.4731385e-05 4.96e-08 1.52e-04 -11.0 1.78e-04    -  1.00e+00 1.00e+00h  1
 929  7.4724846e-05 5.55e-08 1.72e-04 -11.0 2.70e-04    -  1.00e+00 1.00e+00h  1
iter    objective    inf_pr   inf_du lg(mu)  ||d||  lg(rg) alpha_du alpha_pr  ls
 930  7.4800685e-05 7.50e-11 1.11e-04 -11.0 3.69e-04    -  1.00e+00 1.00e+00H  1
 931  7.4721799e-05 5.80e-08 1.50e-04 -11.0 3.05e-04    -  1.00e+00 1.00e+00h  1
 932  7.4802556e-05 2.06e-12 1.18e-04 -11.0 3.39e-04    -  1.00e+00 1.00e+00H  1
 933  7.4711462e-05 6.41e-08 1.45e-04 -11.0 2.57e-04    -  1.00e+00 1.00e+00h  1
 934  7.4721397e-05 5.75e-08 3.49e-04 -11.0 1.93e-04    -  1.00e+00 1.00e+00h  1
 935  7.4703480e-05 7.00e-09 2.16e-05 -11.0 5.52e-05    -  1.00e+00 1.00e+00h  1
 936  7.4700893e-05 3.34e-09 3.20e-05 -11.0 4.89e-05    -  1.00e+00 1.00e+00h  1
 937  7.4695569e-05 4.45e-09 9.49e-06 -11.0 3.96e-05    -  1.00e+00 1.00e+00h  1
 938  7.4688203e-05 1.60e-07 2.05e-04 -11.0 2.27e-04    -  1.00e+00 1.00e+00h  1
 939  7.4676074e-05 2.48e-06 1.10e-03 -11.0 6.79e-03    -  1.00e+00 1.25e-01h  4
iter    objective    inf_pr   inf_du lg(mu)  ||d||  lg(rg) alpha_du alpha_pr  ls
 940  7.4672941e-05 2.45e-06 1.08e-03 -11.0 4.70e-03    -  1.00e+00 1.56e-02h  7
 941  7.4684213e-05 1.25e-06 7.31e-04 -11.0 5.25e-04    -  1.00e+00 5.00e-01h  2
 942  7.4622379e-05 2.72e-08 7.94e-04 -11.0 7.34e-05    -  1.00e+00 1.00e+00h  1
 943  7.4608327e-05 6.97e-07 3.55e-04 -11.0 4.71e-04    -  1.00e+00 1.00e+00h  1
 944  7.4603263e-05 1.02e-06 5.59e-04 -11.0 8.18e-02    -  1.00e+00 3.91e-03h  9
 945  7.4602251e-05 1.04e-06 5.37e-04 -11.0 4.89e-03    -  1.00e+00 3.12e-02h  6
 946  7.4597111e-05 1.34e-06 7.12e-04 -11.0 3.24e-03    -  1.00e+00 1.25e-01h  4
 947  7.4587048e-05 2.68e-06 1.14e-03 -11.0 7.56e-03    -  1.00e+00 1.25e-01h  4
 948  7.4526434e-05 4.73e-05 4.21e-03 -11.0 1.56e-01    -  1.00e+00 3.12e-02h  6
 949  7.4518751e-05 5.34e-05 5.34e-03 -11.0 1.03e+00    -  1.00e+00 1.95e-03h 10
iter    objective    inf_pr   inf_du lg(mu)  ||d||  lg(rg) alpha_du alpha_pr  ls
 950  7.4500031e-05 5.37e-05 6.06e-03 -11.0 9.18e-02    -  1.00e+00 1.56e-02h  7
 951  7.4475603e-05 5.42e-05 6.51e-03 -11.0 6.79e-02    -  1.00e+00 1.56e-02h  7
 952  7.4447143e-05 5.74e-05 7.37e-03 -11.0 2.06e-01    -  1.00e+00 7.81e-03h  8
 953  7.4434528e-05 5.96e-05 7.96e-03 -11.0 7.37e-02    -  1.00e+00 1.56e-02h  7
 954  1.4816182e-03 1.78e-02 4.20e-01 -11.0 7.22e-02    -  1.00e+00 1.00e+00w  1
 955  1.2296824e-03 5.44e-03 1.48e-01 -11.0 4.38e-02    -  1.00e+00 1.00e+00w  1
 956  4.7198170e-03 2.92e-03 5.48e-01 -11.0 4.53e-02    -  1.00e+00 1.00e+00w  1
 957  7.4418782e-05 5.97e-05 8.06e-03 -11.0 8.40e-02    -  1.00e+00 3.91e-03h  8
 958  7.4427010e-05 4.70e-05 6.04e-03 -11.0 3.23e-03    -  1.00e+00 2.50e-01h  3
 959  7.4513960e-05 4.42e-05 4.50e-03 -11.0 1.15e-02    -  1.00e+00 1.25e-01h  4
iter    objective    inf_pr   inf_du lg(mu)  ||d||  lg(rg) alpha_du alpha_pr  ls
 960  7.4521537e-05 3.89e-05 4.95e-03 -11.0 4.61e-03    -  1.00e+00 1.25e-01h  4
 961  7.4531448e-05 1.95e-05 1.30e-03 -11.0 7.97e-04    -  1.00e+00 5.00e-01h  2
 962  7.4513741e-05 1.63e-06 3.67e-03 -11.0 7.11e-04    -  1.00e+00 1.00e+00h  1
 963  7.4508471e-05 9.28e-07 2.72e-03 -11.0 6.70e-04    -  1.00e+00 5.00e-01h  2
 964  7.4366028e-05 8.90e-07 5.63e-04 -11.0 4.99e-04    -  1.00e+00 1.00e+00h  1
 965  7.4427545e-05 4.55e-07 4.85e-04 -11.0 1.86e-04    -  1.00e+00 5.00e-01h  2
 966  7.4361321e-05 3.33e-08 1.93e-05 -11.0 9.95e-05    -  1.00e+00 1.00e+00h  1
 967  7.4360379e-05 3.48e-10 6.06e-06 -11.0 1.30e-05    -  1.00e+00 1.00e+00h  1
 968  7.4356209e-05 2.64e-08 1.02e-04 -11.0 1.01e-04    -  1.00e+00 1.00e+00h  1
 969  7.4808020e-05 9.48e-13 3.17e-04 -11.0 9.55e-04    -  1.00e+00 1.00e+00H  1
iter    objective    inf_pr   inf_du lg(mu)  ||d||  lg(rg) alpha_du alpha_pr  ls
 970  7.4354707e-05 6.77e-07 3.30e-04 -11.0 6.92e-04    -  1.00e+00 1.00e+00h  1
 971  7.4355300e-05 5.17e-07 2.51e-04 -11.0 2.36e-04    -  1.00e+00 2.50e-01h  3
 972  7.4347331e-05 3.23e-09 8.46e-06 -11.0 4.49e-05    -  1.00e+00 1.00e+00h  1
 973  7.4345874e-05 1.05e-09 8.24e-06 -11.0 2.66e-05    -  1.00e+00 1.00e+00h  1
 974  7.4344231e-05 6.17e-08 1.12e-03 -11.0 3.57e-03    -  1.00e+00 6.25e-02h  5
 975  7.4805790e-05 1.90e-12 1.90e-04 -11.0 3.32e-03    -  1.00e+00 1.00e+00H  1
 976  7.4805487e-05 2.98e-12 1.90e-04 -11.0 2.15e-03    -  1.00e+00 2.44e-04h 13
 977  7.4430274e-05 2.03e-11 9.35e-05 -11.0 2.80e-03    -  1.00e+00 1.00e+00H  1
 978  7.4426255e-05 2.59e-10 9.16e-05 -11.0 1.16e-02    -  1.00e+00 9.77e-04h 11
 979  7.4425653e-05 2.97e-10 9.16e-05 -11.0 6.58e-03    -  1.00e+00 9.77e-04h 11
iter    objective    inf_pr   inf_du lg(mu)  ||d||  lg(rg) alpha_du alpha_pr  ls
 980  7.4406929e-05 2.43e-06 6.16e-03 -11.0 4.61e-02    -  1.00e+00 3.12e-02h  6
 981  7.4393515e-05 2.85e-06 9.09e-03 -11.0 8.21e-02    -  1.00e+00 7.81e-03h  8
 982  7.4388543e-05 2.91e-06 1.04e-02 -11.0 1.14e-02    -  1.00e+00 3.12e-02h  6
 983  7.4454690e-05 2.69e-11 1.54e-04 -11.0 1.74e-03    -  1.00e+00 1.00e+00H  1
 984  7.4453228e-05 1.59e-10 1.53e-04 -11.0 9.38e-03    -  1.00e+00 9.77e-04h 11
 985  7.5717367e-05 1.49e-12 4.23e-04 -11.0 2.49e-03    -  1.00e+00 1.00e+00H  1
 986  7.5714745e-05 3.28e-11 4.23e-04 -11.0 8.77e-03    -  1.00e+00 4.88e-04h 12
 987  7.5709448e-05 3.46e-11 4.21e-04 -11.0 7.10e-03    -  1.00e+00 4.88e-04h 12
 988  7.4607809e-05 3.79e-06 2.23e-03 -11.0 2.16e-03    -  1.00e+00 1.00e+00h  1
 989  7.4589107e-05 3.22e-06 1.79e-03 -11.0 2.63e-03    -  1.00e+00 1.25e-01h  4
iter    objective    inf_pr   inf_du lg(mu)  ||d||  lg(rg) alpha_du alpha_pr  ls
 990  7.4244614e-05 7.76e-07 9.88e-04 -11.0 8.54e-04    -  1.00e+00 1.00e+00h  1
 991  7.8132744e-05 8.04e-12 5.38e-04 -11.0 1.17e-03    -  1.00e+00 1.00e+00H  1
 992  7.4230302e-05 1.41e-06 5.67e-04 -11.0 1.09e-03    -  1.00e+00 1.00e+00h  1
 993  7.4237495e-05 4.69e-09 2.86e-05 -11.0 6.99e-05    -  1.00e+00 1.00e+00h  1
 994  7.4230707e-05 7.71e-10 7.91e-06 -11.0 1.65e-05    -  1.00e+00 1.00e+00h  1
 995  7.4229906e-05 4.81e-10 4.09e-06 -11.0 1.25e-05    -  1.00e+00 1.00e+00h  1
 996  7.4228452e-05 4.37e-09 9.97e-06 -11.0 3.92e-05    -  1.00e+00 1.00e+00h  1
 997  7.4224384e-05 2.50e-07 2.88e-03 -11.0 4.58e-03    -  1.00e+00 6.25e-02h  5
 998  7.4222880e-05 2.71e-07 3.61e-03 -11.0 5.88e-03    -  1.00e+00 1.56e-02h  7
 999  7.4218873e-05 3.82e-07 4.63e-03 -11.0 3.74e-03    -  1.00e+00 6.25e-02h  5
iter    objective    inf_pr   inf_du lg(mu)  ||d||  lg(rg) alpha_du alpha_pr  ls
1000  7.4216311e-05 6.35e-07 5.98e-03 -11.0 6.51e-03    -  1.00e+00 6.25e-02h  5
1001  7.4198893e-05 1.75e-06 9.12e-03 -11.0 5.14e-02    -  1.00e+00 1.56e-02h  7
1002  7.4194701e-05 2.87e-06 1.16e-02 -11.0 2.14e-01    -  1.00e+00 3.91e-03h  9
1003  7.4188808e-05 3.40e-06 1.32e-02 -11.0 3.59e-02    -  1.00e+00 1.56e-02h  7
1004  7.4187399e-05 3.36e-06 1.35e-02 -11.0 4.38e-03    -  1.00e+00 1.56e-02h  7
1005  7.4227719e-05 5.13e-08 1.26e-02 -11.0 1.57e-03    -  1.00e+00 1.00e+00H  1
1006  7.4217365e-05 2.76e-07 1.44e-02 -11.0 8.15e-02    -  1.00e+00 3.91e-03h  9
1007  7.4207959e-05 5.01e-07 1.49e-02 -11.0 1.30e-02    -  1.00e+00 3.12e-02h  6
1008  7.4183743e-05 1.84e-06 1.71e-02 -11.0 1.42e-02    -  1.00e+00 6.25e-02h  5
1009  7.4141569e-05 4.04e-05 2.97e-02 -11.0 1.53e-01    -  1.00e+00 3.12e-02h  6
iter    objective    inf_pr   inf_du lg(mu)  ||d||  lg(rg) alpha_du alpha_pr  ls
1010  7.4097831e-05 5.31e-05 3.66e-02 -11.0 2.84e+00    -  1.00e+00 9.77e-04h 11
1011  7.4044748e-05 8.57e-05 4.90e-02 -11.0 1.13e+00    -  1.00e+00 3.91e-03h  9
1012  7.4039213e-05 8.58e-05 4.96e-02 -11.0 3.82e-01    -  1.00e+00 9.77e-04h 11
1013  7.4049406e-05 7.88e-05 3.75e-02 -11.0 2.35e-02    -  1.00e+00 1.25e-01h  4
1014  7.4001655e-05 8.14e-05 3.48e-02 -11.0 1.56e-01    -  1.00e+00 1.56e-02h  7
1015  7.4010534e-05 7.93e-05 3.04e-02 -11.0 1.73e-02    -  1.00e+00 3.12e-02h  6
1016  8.5624982e-05 1.44e-03 9.77e-02 -11.0 2.61e-02    -  1.00e+00 1.00e+00w  1
1017  2.2858214e-03 1.69e-02 8.86e-01 -11.0 7.13e-02    -  1.00e+00 1.00e+00w  1
1018  1.2751895e-03 6.78e-03 2.39e+00 -11.0 5.51e-02    -  1.00e+00 1.00e+00w  1
1019  7.3982838e-05 9.09e-05 1.43e-02 -11.0 1.12e-01    -  1.00e+00 1.25e-01h  3
iter    objective    inf_pr   inf_du lg(mu)  ||d||  lg(rg) alpha_du alpha_pr  ls
1020  7.3926518e-05 8.69e-05 1.52e-02 -11.0 2.95e-02    -  1.00e+00 6.25e-02h  5
1021  7.3883435e-05 8.50e-05 1.37e-02 -11.0 4.28e-02    -  1.00e+00 3.12e-02h  6
1022  7.3933313e-05 8.31e-05 1.69e-02 -11.0 2.05e-02    -  1.00e+00 3.12e-02h  6
1023  7.3929761e-05 7.85e-05 2.02e-02 -11.0 1.03e-02    -  1.00e+00 6.25e-02h  5
1024  7.3948499e-05 5.91e-05 1.71e-02 -11.0 2.12e-03    -  1.00e+00 2.50e-01h  3
1025  7.5103821e-05 4.71e-06 2.22e-03 -11.0 2.16e-03    -  1.00e+00 1.00e+00h  1
1026  7.8060693e-05 7.65e-08 1.25e-02 -11.0 3.22e-03    -  1.00e+00 1.00e+00H  1
1027  7.9264594e-05 1.75e-08 7.07e-04 -11.0 7.71e-03    -  1.00e+00 1.00e+00H  1
1028  7.8870281e-05 7.21e-08 1.32e-03 -11.0 4.18e-02    -  1.00e+00 7.81e-03h  8
1029  7.7997047e-05 8.97e-07 5.54e-03 -11.0 1.26e-02    -  1.00e+00 6.25e-02h  5
iter    objective    inf_pr   inf_du lg(mu)  ||d||  lg(rg) alpha_du alpha_pr  ls
1030  7.7211538e-05 1.80e-06 8.87e-03 -11.0 6.57e-02    -  1.00e+00 1.56e-02h  7
1031  7.6512218e-05 4.48e-06 1.43e-02 -11.0 8.78e-02    -  1.00e+00 1.56e-02h  7
1032  7.5903903e-05 4.41e-06 1.49e-02 -11.0 7.18e-03    -  1.00e+00 3.12e-02h  6
1033  7.4787103e-05 2.02e-05 1.75e-02 -11.0 6.60e-03    -  1.00e+00 5.00e-01h  2
1034  7.4291257e-05 2.40e-05 2.48e-02 -11.0 3.07e-02    -  1.00e+00 6.25e-02h  5
1035  7.4064979e-05 2.46e-05 2.60e-02 -11.0 5.50e-02    -  1.00e+00 1.56e-02h  7
1036  7.4640338e-05 2.02e-05 9.13e-03 -11.0 5.27e-03    -  1.00e+00 2.50e-01h  3
1037  7.5065387e-05 1.35e-05 1.05e-02 -11.0 2.52e-03    -  1.00e+00 5.00e-01h  2
1038  7.9778751e-05 2.54e-05 4.04e-03 -11.0 4.54e-03    -  1.00e+00 1.00e+00w  1
1039  8.9692683e-05 1.57e-05 1.37e-02 -11.0 2.80e-03    -  1.00e+00 1.00e+00w  1
iter    objective    inf_pr   inf_du lg(mu)  ||d||  lg(rg) alpha_du alpha_pr  ls
1040  8.9849110e-05 2.41e-05 9.38e-03 -11.0 3.97e-03    -  1.00e+00 1.00e+00w  1
1041  7.4454921e-05 1.21e-05 4.86e-03 -11.0 2.32e-03    -  1.00e+00 5.00e-01h  1
1042  7.3565983e-05 1.76e-06 8.51e-04 -11.0 9.20e-04    -  1.00e+00 1.00e+00h  1
1043  7.4509374e-05 9.23e-07 5.58e-04 -11.0 4.21e-04    -  1.00e+00 5.00e-01h  2
1044  7.3520712e-05 1.30e-07 1.27e-04 -11.0 1.81e-04    -  1.00e+00 1.00e+00h  1
1045  7.3516611e-05 2.92e-10 1.46e-05 -11.0 1.62e-05    -  1.00e+00 1.00e+00h  1
1046  7.3518571e-05 2.44e-11 5.28e-05 -11.0 2.46e-04    -  1.00e+00 1.00e+00H  1
1047  7.3731345e-05 1.60e-11 1.18e-04 -11.0 1.88e-03    -  1.00e+00 1.00e+00H  1
1048  7.3730671e-05 4.79e-12 1.17e-04 -11.0 7.35e-03    -  1.00e+00 4.88e-04h 12
1049  7.3728655e-05 1.60e-11 1.18e-04 -11.0 1.41e-03    -  1.00e+00 1.95e-03h 10
iter    objective    inf_pr   inf_du lg(mu)  ||d||  lg(rg) alpha_du alpha_pr  ls
1050  7.3721885e-05 5.75e-12 2.12e-04 -11.0 1.10e-03    -  1.00e+00 1.00e+00H  1
1051  7.6678416e-05 8.99e-13 7.75e-04 -11.0 1.64e-03    -  1.00e+00 1.00e+00H  1
1052  7.3610403e-05 8.42e-12 9.96e-05 -11.0 1.93e-03    -  1.00e+00 1.00e+00H  1
1053  7.3464012e-05 1.37e-07 1.14e-03 -11.0 2.82e-03    -  1.00e+00 1.25e-01h  4
1054  7.3460691e-05 8.08e-08 4.60e-04 -11.0 2.62e-04    -  1.00e+00 1.00e+00h  1
1055  7.3453292e-05 1.57e-07 2.93e-03 -11.0 4.78e-04    -  1.00e+00 1.00e+00h  1
1056  7.3441520e-05 8.22e-08 1.76e-03 -11.0 2.56e-04    -  1.00e+00 5.00e-01h  2
1057  7.3411146e-05 3.55e-08 3.78e-04 -11.0 2.92e-04    -  1.00e+00 1.00e+00h  1
1058  7.3581219e-05 7.80e-12 1.39e-04 -11.0 4.89e-04    -  1.00e+00 1.00e+00H  1
1059  7.3397912e-05 1.22e-07 3.46e-04 -11.0 5.13e-04    -  1.00e+00 1.00e+00h  1
iter    objective    inf_pr   inf_du lg(mu)  ||d||  lg(rg) alpha_du alpha_pr  ls
1060  7.3397688e-05 9.25e-08 1.98e-04 -11.0 1.19e-04    -  1.00e+00 2.50e-01h  3
1061  7.3392976e-05 8.89e-10 8.60e-06 -11.0 3.03e-05    -  1.00e+00 1.00e+00h  1
1062  7.3391363e-05 6.20e-10 8.27e-06 -11.0 2.53e-05    -  1.00e+00 1.00e+00h  1
1063  7.3592953e-05 2.51e-12 2.00e-04 -11.0 7.99e-04    -  1.00e+00 1.00e+00H  1
1064  7.3533705e-05 4.47e-12 1.56e-04 -11.0 8.86e-04    -  1.00e+00 1.00e+00H  1
1065  7.7754038e-05 3.34e-13 6.65e-04 -11.0 1.68e-03    -  1.00e+00 1.00e+00H  1
1066  7.3516148e-05 8.79e-11 1.36e-04 -11.0 6.85e-04    -  1.00e+00 1.00e+00F  1
1067  7.3329684e-05 6.53e-07 5.61e-04 -11.0 7.94e-04    -  1.00e+00 1.00e+00h  1
1068  7.3308887e-05 7.15e-07 9.70e-04 -11.0 6.39e-03    -  1.00e+00 6.25e-02h  5
1069  7.3289273e-05 1.02e-06 2.18e-03 -11.0 1.02e-02    -  1.00e+00 6.25e-02h  5
iter    objective    inf_pr   inf_du lg(mu)  ||d||  lg(rg) alpha_du alpha_pr  ls
1070  7.3240030e-05 3.30e-06 5.53e-03 -11.0 5.55e-02    -  1.00e+00 3.12e-02h  6
1071  7.3222575e-05 6.21e-06 8.34e-03 -11.0 1.40e-01    -  1.00e+00 1.56e-02h  7
1072  7.3212105e-05 6.59e-06 9.12e-03 -11.0 1.92e-01    -  1.00e+00 3.91e-03h  9
1073  7.3200428e-05 6.76e-06 9.88e-03 -11.0 7.63e-02    -  1.00e+00 7.81e-03h  8
1074  7.3221654e-05 6.34e-06 9.18e-03 -11.0 4.77e-03    -  1.00e+00 6.25e-02h  5
1075  7.3239494e-05 3.86e-06 1.72e-03 -11.0 2.22e-03    -  1.00e+00 1.00e+00h  1
1076  7.3238949e-05 3.76e-06 1.66e-03 -11.0 7.66e-03    -  1.00e+00 1.56e-02h  7
1077  7.3155198e-05 1.01e-06 1.34e-04 -11.0 1.15e-03    -  1.00e+00 1.00e+00h  1
1078  7.3144706e-05 1.02e-06 3.54e-04 -11.0 1.04e-02    -  1.00e+00 1.56e-02h  7
1079  7.3160200e-05 8.12e-08 4.31e-04 -11.0 2.92e-04    -  1.00e+00 1.00e+00h  1
iter    objective    inf_pr   inf_du lg(mu)  ||d||  lg(rg) alpha_du alpha_pr  ls
1080  7.3298174e-05 2.93e-08 6.62e-03 -11.0 2.11e-03    -  1.00e+00 1.00e+00H  1
1081  7.3291023e-05 4.71e-08 6.96e-03 -11.0 2.06e-02    -  1.00e+00 7.81e-03h  8
1082  7.4977600e-05 7.43e-13 3.10e-04 -11.0 1.87e-03    -  1.00e+00 1.00e+00H  1
1083  7.3211804e-05 7.48e-09 9.83e-05 -11.0 3.61e-03    -  1.00e+00 1.00e+00H  1
1084  7.3137492e-05 1.29e-08 4.11e-04 -11.0 5.41e-03    -  1.00e+00 1.56e-02h  7
1085  7.3103684e-05 6.10e-07 4.31e-04 -11.0 9.15e-04    -  1.00e+00 1.00e+00h  1
1086  7.3100757e-05 6.11e-07 7.88e-04 -11.0 9.35e-03    -  1.00e+00 1.56e-02h  7
1087  7.3132219e-05 4.76e-07 1.06e-03 -11.0 6.40e-04    -  1.00e+00 2.50e-01h  3
1088  7.3098213e-05 6.49e-09 1.41e-05 -11.0 6.33e-05    -  1.00e+00 1.00e+00h  1
1089  7.3098050e-05 3.23e-09 1.59e-05 -11.0 5.43e-05    -  1.00e+00 1.00e+00h  1
iter    objective    inf_pr   inf_du lg(mu)  ||d||  lg(rg) alpha_du alpha_pr  ls
1090  7.3094340e-05 1.99e-08 3.82e-04 -11.0 1.46e-04    -  1.00e+00 1.00e+00h  1
1091  7.4797031e-05 3.74e-13 4.39e-04 -11.0 1.16e-03    -  1.00e+00 1.00e+00H  1
1092  7.3099937e-05 2.91e-09 3.72e-05 -11.0 9.15e-04    -  1.00e+00 1.00e+00H  1
1093  7.3246500e-05 2.91e-10 1.22e-04 -11.0 3.63e-04    -  1.00e+00 1.00e+00H  1
1094  7.3145304e-05 4.59e-11 6.15e-05 -11.0 2.79e-04    -  1.00e+00 1.00e+00H  1
1095  7.3208356e-05 1.02e-11 8.77e-05 -11.0 4.08e-04    -  1.00e+00 1.00e+00H  1
1096  7.3132906e-05 5.90e-10 1.03e-04 -11.0 3.53e-04    -  1.00e+00 1.00e+00H  1
1097  7.3870633e-05 3.04e-12 2.08e-04 -11.0 4.73e-04    -  1.00e+00 1.00e+00H  1
1098  7.3070237e-05 6.05e-07 1.89e-04 -11.0 4.06e-04    -  1.00e+00 1.00e+00h  1
1099  7.3072383e-05 3.05e-07 6.81e-05 -11.0 1.12e-04    -  1.00e+00 5.00e-01h  2
iter    objective    inf_pr   inf_du lg(mu)  ||d||  lg(rg) alpha_du alpha_pr  ls
1100  7.3062080e-05 2.36e-09 6.89e-06 -11.0 3.03e-05    -  1.00e+00 1.00e+00h  1
1101  7.3060817e-05 3.45e-10 5.08e-06 -11.0 2.64e-05    -  1.00e+00 1.00e+00h  1
1102  7.3052956e-05 1.81e-07 2.95e-04 -11.0 7.35e-03    -  1.00e+00 6.25e-02h  5
1103  7.3052191e-05 1.86e-07 3.31e-04 -11.0 5.34e-03    -  1.00e+00 1.56e-02h  7
1104  7.3063255e-05 2.54e-11 1.36e-04 -11.0 7.13e-04    -  1.00e+00 1.00e+00H  1
1105  7.3048843e-05 1.66e-07 1.80e-04 -11.0 8.49e-03    -  1.00e+00 3.12e-02h  6
1106  7.2986815e-05 4.41e-06 6.02e-04 -11.0 1.95e-02    -  1.00e+00 6.25e-02h  5
1107  7.2945503e-05 1.34e-05 1.87e-03 -11.0 1.94e-01    -  1.00e+00 1.56e-02h  7
1108  7.2882243e-05 1.82e-05 2.89e-03 -11.0 8.02e-01    -  1.00e+00 1.95e-03h 10
1109  7.2872483e-05 9.73e-05 5.79e-03 -11.0 8.11e-01    -  1.00e+00 7.81e-03h  8
iter    objective    inf_pr   inf_du lg(mu)  ||d||  lg(rg) alpha_du alpha_pr  ls
1110  7.2760442e-05 1.21e-04 7.48e-03 -11.0 3.38e+00    -  1.00e+00 9.77e-04h 11
1111  7.2667709e-05 1.41e-04 8.56e-03 -11.0 6.15e-01    -  1.00e+00 3.91e-03h  9
1112  7.2686809e-05 1.40e-04 8.27e-03 -11.0 1.02e-01    -  1.00e+00 3.91e-03h  9
1113  7.2788401e-05 7.03e-05 3.03e-03 -11.0 8.32e-04    -  1.00e+00 5.00e-01h  2
1114  7.2596294e-05 4.12e-05 2.38e-03 -11.0 4.50e-03    -  1.00e+00 1.00e+00h  1
1115  7.2596736e-05 4.12e-05 1.45e-03 -11.0 7.54e-02    -  1.00e+00 1.95e-03h 10
1116  7.2630548e-05 2.66e-06 1.63e-03 -11.0 1.39e-03    -  1.00e+00 1.00e+00h  1
1117  7.2841059e-05 2.49e-06 9.46e-04 -11.0 3.54e-03    -  1.00e+00 6.25e-02h  5
1118  7.2582371e-05 1.04e-07 5.76e-04 -11.0 2.39e-04    -  1.00e+00 1.00e+00h  1
1119  7.2573916e-05 1.75e-06 3.17e-04 -11.0 8.96e-04    -  1.00e+00 1.00e+00h  1
iter    objective    inf_pr   inf_du lg(mu)  ||d||  lg(rg) alpha_du alpha_pr  ls
1120  7.2574853e-05 1.73e-06 2.42e-04 -11.0 4.84e-03    -  1.00e+00 1.56e-02h  7
1121  7.2563154e-05 9.47e-08 4.28e-04 -11.0 2.09e-04    -  1.00e+00 1.00e+00h  1
1122  7.2561081e-05 1.21e-07 4.36e-04 -11.0 7.13e-03    -  1.00e+00 1.56e-02h  7
1123  7.2559881e-05 1.46e-07 3.53e-04 -11.0 4.18e-03    -  1.00e+00 3.12e-02h  6
1124  7.2554789e-05 3.70e-07 2.29e-04 -11.0 1.21e-02    -  1.00e+00 3.12e-02h  6
1125  7.2552997e-05 5.90e-07 4.31e-04 -11.0 4.73e-02    -  1.00e+00 7.81e-03h  8
1126  7.2530789e-05 8.85e-06 1.26e-03 -11.0 7.25e-02    -  1.00e+00 3.12e-02h  6
1127  7.2504580e-05 1.38e-05 2.00e-03 -11.0 1.78e+00    -  1.00e+00 9.77e-04h 11
1128  7.2461651e-05 3.15e-05 3.76e-03 -11.0 8.15e-01    -  1.00e+00 3.91e-03h  9
1129  7.2458688e-05 1.70e-04 8.56e-03 -11.0 4.53e+00    -  1.00e+00 1.95e-03h 10
iter    objective    inf_pr   inf_du lg(mu)  ||d||  lg(rg) alpha_du alpha_pr  ls
1130  7.2444587e-05 1.73e-04 9.21e-03 -11.0 1.31e+00    -  1.00e+00 9.77e-04h 11
1131  7.2436494e-05 1.73e-04 9.57e-03 -11.0 3.94e-01    -  1.00e+00 1.95e-03h 10
1132  1.0115931e-03 1.21e-02 8.21e-02 -11.0 7.89e-02    -  1.00e+00 1.00e+00w  1
1133  1.6425529e-04 3.64e-03 5.35e-02 -11.0 4.01e-02    -  1.00e+00 1.00e+00w  1
1134  2.7531532e-02 1.05e-01 1.30e+01 -11.0 2.21e-01    -  1.00e+00 1.00e+00w  1
1135  7.2435455e-05 1.73e-04 9.41e-03 -11.0 8.05e-02    -  1.00e+00 3.91e-03h  8
1136  7.2454036e-05 1.66e-04 7.96e-03 -11.0 2.43e-02    -  1.00e+00 6.25e-02h  5
1137  7.2432330e-05 2.20e-04 4.15e-03 -11.0 1.79e-01    -  1.00e+00 3.12e-02h  6
1138  7.2423039e-05 2.21e-04 3.77e-03 -11.0 1.27e+00    -  1.00e+00 4.88e-04h 12
1139  7.2419139e-05 2.19e-04 3.59e-03 -11.0 4.41e-02    -  1.00e+00 7.81e-03h  8
iter    objective    inf_pr   inf_du lg(mu)  ||d||  lg(rg) alpha_du alpha_pr  ls
1140  7.2413316e-05 2.17e-04 3.69e-03 -11.0 2.29e-02    -  1.00e+00 7.81e-03h  8
1141  7.2414138e-05 6.65e-06 3.30e-03 -11.0 1.62e-03    -  1.00e+00 1.00e+00h  1
1142  7.2472851e-05 7.50e-06 3.28e-03 -11.0 3.70e-02    -  1.00e+00 3.12e-02h  6
1143  7.2449167e-05 7.79e-06 3.06e-03 -11.0 3.38e-02    -  1.00e+00 1.56e-02h  7
1144  7.2431014e-05 8.07e-06 3.34e-03 -11.0 2.22e-01    -  1.00e+00 1.95e-03h 10
1145  7.2399337e-05 1.17e-05 5.17e-03 -11.0 9.19e-02    -  1.00e+00 1.56e-02h  7
1146  7.2253554e-05 4.82e-05 1.02e-02 -11.0 5.82e-01    -  1.00e+00 7.81e-03h  8
1147  7.1904796e-05 2.12e-04 2.83e-02 -11.0 5.09e+00    -  1.00e+00 1.95e-03h 10
1148  7.1816014e-05 2.30e-04 3.48e-02 -11.0 6.96e+00    -  1.00e+00 4.88e-04h 12
1149  7.1698505e-05 2.70e-04 4.26e-02 -11.0 1.36e+00    -  1.00e+00 3.91e-03h  9
iter    objective    inf_pr   inf_du lg(mu)  ||d||  lg(rg) alpha_du alpha_pr  ls
1150  7.1580387e-05 3.34e-04 5.26e-02 -11.0 3.37e+00    -  1.00e+00 1.95e-03h 10
1151  7.1384226e-05 5.08e-04 6.10e-02 -11.0 5.67e+00    -  1.00e+00 1.95e-03h 10
1152  1.8829504e+00 1.92e+01 1.81e+02 -11.0 9.75e+00    -  1.00e+00 1.00e+00w  1
1153  4.4674645e+07 2.83e+03 2.99e+03 -11.0 1.50e+03    -  1.00e+00 1.00e+00w  1
1154  4.4333825e-01 5.51e-01 2.19e+01 -11.0 1.50e+03    -  1.00e+00 1.00e+00w  1
1155  7.1314118e-05 5.16e-04 6.41e-02 -11.0 2.33e-01    -  1.00e+00 2.44e-04h 12
1156  7.1120253e-05 4.68e-04 6.02e-02 -11.0 2.78e-02    -  1.00e+00 1.25e-01h  4
1157  7.1561472e-05 4.68e-04 5.10e-02 -11.0 1.57e-01    -  1.00e+00 1.56e-02h  7
1158  7.1507484e-05 4.38e-04 4.78e-02 -11.0 1.34e-02    -  1.00e+00 6.25e-02h  5
1159  7.0952363e-05 3.84e-05 5.20e-03 -11.0 5.36e-03    -  1.00e+00 1.00e+00h  1
iter    objective    inf_pr   inf_du lg(mu)  ||d||  lg(rg) alpha_du alpha_pr  ls
1160  7.0744211e-05 4.25e-05 6.65e-03 -11.0 2.40e-01    -  1.00e+00 7.81e-03h  8
1161  7.0556211e-05 4.85e-05 8.52e-03 -11.0 1.54e-01    -  1.00e+00 1.56e-02h  7
1162  7.0525431e-05 5.42e-05 1.04e-02 -11.0 3.02e-01    -  1.00e+00 7.81e-03h  8
1163  7.0384069e-05 6.05e-05 1.19e-02 -11.0 1.62e-01    -  1.00e+00 1.56e-02h  7
1164  7.0042714e-05 1.68e-04 2.48e-02 -11.0 1.19e+00    -  1.00e+00 7.81e-03h  8
1165  6.9926067e-05 6.76e-04 5.15e-02 -11.0 1.00e+01    -  1.00e+00 1.95e-03h 10
1166  6.9559624e-05 6.77e-04 5.01e-02 -11.0 1.67e+00    -  1.00e+00 4.88e-04h 12
1167  6.9421765e-05 5.94e-04 4.62e-02 -11.0 9.80e-03    -  1.00e+00 1.25e-01h  4
1168  6.9255854e-05 5.57e-04 4.34e-02 -11.0 4.66e-03    -  1.00e+00 6.25e-02h  5
1169  6.9061290e-05 2.11e-04 6.13e-03 -11.0 1.24e-02    -  1.00e+00 1.00e+00h  1
iter    objective    inf_pr   inf_du lg(mu)  ||d||  lg(rg) alpha_du alpha_pr  ls
1170  6.8952761e-05 2.15e-04 7.04e-03 -11.0 1.75e+00    -  1.00e+00 9.77e-04h 11
1171  6.8861508e-05 2.14e-04 6.06e-03 -11.0 7.47e-02    -  1.00e+00 3.12e-02h  6
1172  6.8771258e-05 2.28e-04 5.34e-03 -11.0 9.11e-01    -  1.00e+00 3.91e-03h  9
1173  6.8623285e-05 5.97e-04 2.65e-02 -11.0 4.48e+00    -  1.00e+00 3.91e-03h  9
1174  6.8485146e-05 7.22e-04 3.67e-02 -11.0 2.05e+01    -  1.00e+00 4.88e-04h 12
1175  6.7898786e-05 1.60e-03 5.99e-02 -11.0 2.71e+01    -  1.00e+00 9.77e-04h 11
1176  6.7651190e-05 1.61e-03 6.32e-02 -11.0 1.13e+02    -  1.00e+00 3.05e-05h 16
1177  6.7834516e-05 1.60e-03 6.50e-02 -11.0 1.73e-01    -  1.00e+00 7.81e-03h  8
1178  6.8474654e-05 1.21e-03 5.06e-02 -11.0 1.61e-02    -  1.00e+00 2.50e-01h  3
1179  6.8220605e-05 1.20e-03 4.88e-02 -11.0 9.75e-02    -  1.00e+00 1.56e-02h  7
iter    objective    inf_pr   inf_du lg(mu)  ||d||  lg(rg) alpha_du alpha_pr  ls
1180  1.7928223e-03 9.87e-03 1.40e-01 -11.0 7.26e-02    -  1.00e+00 1.00e+00w  1
1181  6.7694499e-04 6.52e-03 4.08e-02 -11.0 6.55e-02    -  1.00e+00 1.00e+00w  1
1182  5.9210600e-02 2.44e-01 2.91e+00 -11.0 5.12e-01    -  1.00e+00 1.00e+00w  1
1183  6.8458516e-05 1.17e-03 4.35e-02 -11.0 4.45e-01    -  1.00e+00 3.12e-02h  5
1184  6.8450020e-05 1.13e-03 4.28e-02 -11.0 2.06e-02    -  1.00e+00 3.12e-02h  6
1185  1.5067587e-04 3.53e-04 1.13e-02 -11.0 1.34e-02    -  1.00e+00 1.00e+00h  1
1186  1.3083382e-04 5.10e-05 1.15e-02 -11.0 6.47e-03    -  1.00e+00 1.00e+00h  1
1187  1.9023173e-04 3.07e-05 5.22e-02 -11.0 2.53e-02    -  1.00e+00 1.00e+00H  1
1188  1.8017345e-04 3.81e-05 5.10e-02 -11.0 2.52e-01    -  1.00e+00 1.56e-02h  7
1189  1.7681811e-04 3.95e-05 4.99e-02 -11.0 2.75e-01    -  1.00e+00 3.91e-03h  9
iter    objective    inf_pr   inf_du lg(mu)  ||d||  lg(rg) alpha_du alpha_pr  ls
1190  1.7251346e-04 3.96e-05 4.76e-02 -11.0 5.69e-02    -  1.00e+00 7.81e-03h  8
1191  1.1053593e-04 1.93e-04 4.62e-02 -11.0 2.69e-02    -  1.00e+00 2.50e-01h  3
1192  9.4978779e-05 1.33e-04 2.57e-02 -11.0 6.11e-03    -  1.00e+00 5.00e-01h  2
1193  1.1853604e-04 8.94e-05 2.96e-02 -11.0 7.29e-03    -  1.00e+00 1.00e+00h  1
1194  9.8645811e-05 8.61e-06 3.03e-02 -11.0 8.57e-03    -  1.00e+00 1.00e+00H  1
1195  7.9366947e-04 5.72e-06 2.66e-02 -11.0 9.57e-03    -  1.00e+00 1.00e+00H  1
1196  6.8737054e-05 1.88e-04 3.07e-02 -11.0 8.41e-03    -  1.00e+00 1.00e+00h  1
1197  6.9278613e-05 2.69e-06 3.94e-03 -11.0 1.15e-03    -  1.00e+00 1.00e+00h  1
1198  6.7773058e-05 3.89e-07 1.23e-03 -11.0 3.49e-04    -  1.00e+00 1.00e+00h  1
1199  6.7573560e-05 1.35e-07 1.39e-03 -11.0 3.25e-04    -  1.00e+00 1.00e+00h  1
iter    objective    inf_pr   inf_du lg(mu)  ||d||  lg(rg) alpha_du alpha_pr  ls
1200  6.8834051e-05 2.53e-08 3.34e-03 -11.0 1.15e-03    -  1.00e+00 1.00e+00H  1
1201  6.7158442e-05 6.17e-06 5.12e-03 -11.0 1.69e-03    -  1.00e+00 1.00e+00h  1
1202  6.7131289e-05 5.41e-06 3.90e-03 -11.0 9.80e-04    -  1.00e+00 1.25e-01h  4
1203  6.6954138e-05 4.02e-07 4.00e-04 -11.0 4.48e-04    -  1.00e+00 1.00e+00h  1
1204  6.8222495e-05 1.21e-08 4.03e-04 -11.0 7.56e-04    -  1.00e+00 1.00e+00H  1
1205  6.6930322e-05 1.15e-06 9.56e-04 -11.0 5.50e-04    -  1.00e+00 1.00e+00h  1
1206  6.6951914e-05 7.97e-08 2.06e-04 -11.0 1.84e-04    -  1.00e+00 1.00e+00h  1
1207  6.6923272e-05 3.14e-08 1.67e-04 -11.0 9.61e-05    -  1.00e+00 1.00e+00h  1
1208  6.6948361e-05 8.63e-09 6.59e-05 -11.0 7.68e-05    -  1.00e+00 1.00e+00h  1
1209  6.6912306e-05 5.50e-09 1.01e-05 -11.0 5.29e-05    -  1.00e+00 1.00e+00h  1
iter    objective    inf_pr   inf_du lg(mu)  ||d||  lg(rg) alpha_du alpha_pr  ls
1210  6.6910036e-05 9.16e-10 1.02e-05 -11.0 3.06e-05    -  1.00e+00 1.00e+00h  1
1211  6.6930534e-05 7.66e-11 5.86e-05 -11.0 1.17e-03    -  1.00e+00 1.00e+00H  1
1212  6.6929388e-05 1.61e-10 5.74e-05 -11.0 6.04e-03    -  1.00e+00 1.95e-03h 10
1213  6.6927586e-05 3.81e-10 5.76e-05 -11.0 2.81e-03    -  1.00e+00 3.91e-03h  9
1214  6.6905872e-05 6.66e-08 1.09e-03 -11.0 9.89e-04    -  1.00e+00 1.25e-01h  4
1215  6.6884154e-05 1.09e-07 2.45e-03 -11.0 1.14e-03    -  1.00e+00 1.25e-01h  4
1216  6.8315321e-05 2.36e-11 3.35e-04 -11.0 1.71e-03    -  1.00e+00 1.00e+00H  1
1217  6.7347026e-05 2.62e-11 2.28e-04 -11.0 2.99e-03    -  1.00e+00 1.00e+00H  1
1218  6.7343773e-05 5.35e-11 2.27e-04 -11.0 1.29e-02    -  1.00e+00 2.44e-04h 13
1219  6.7342394e-05 5.74e-11 2.27e-04 -11.0 3.06e-03    -  1.00e+00 4.88e-04h 12
iter    objective    inf_pr   inf_du lg(mu)  ||d||  lg(rg) alpha_du alpha_pr  ls
1220  6.7337408e-05 5.77e-11 2.26e-04 -11.0 1.15e-03    -  1.00e+00 3.91e-03h  9
1221  6.7529576e-05 5.82e-11 2.79e-04 -11.0 1.87e-03    -  1.00e+00 1.00e+00H  1
1222  6.7270382e-05 5.78e-07 1.20e-03 -11.0 8.54e-04    -  1.00e+00 1.00e+00h  1
1223  6.6997371e-05 1.48e-07 9.66e-04 -11.0 2.63e-04    -  1.00e+00 1.00e+00h  1
1224  6.6852797e-05 5.44e-08 7.74e-04 -11.0 1.22e-04    -  1.00e+00 1.00e+00h  1
1225  6.6839657e-05 1.47e-09 2.64e-05 -11.0 2.68e-05    -  1.00e+00 1.00e+00h  1
1226  6.6837100e-05 1.48e-10 7.28e-06 -11.0 1.38e-05    -  1.00e+00 1.00e+00h  1
1227  6.6836699e-05 5.49e-11 6.24e-06 -11.0 4.89e-06    -  1.00e+00 1.00e+00h  1
1228  6.6846571e-05 2.78e-11 4.04e-05 -11.0 1.82e-04    -  1.00e+00 1.00e+00H  1
1229  6.6966658e-05 2.10e-12 1.08e-04 -11.0 4.11e-04    -  1.00e+00 1.00e+00H  1
iter    objective    inf_pr   inf_du lg(mu)  ||d||  lg(rg) alpha_du alpha_pr  ls
1230  6.6943980e-05 2.42e-12 1.45e-04 -11.0 2.97e-04    -  1.00e+00 1.00e+00H  1
1231  6.6939006e-05 9.24e-12 1.39e-04 -11.0 3.26e-04    -  1.00e+00 1.00e+00H  1
1232  6.6936738e-05 1.52e-11 1.37e-04 -11.0 3.10e-04    -  1.00e+00 7.81e-03h  8
1233  6.6935936e-05 2.31e-11 1.37e-04 -11.0 7.51e-04    -  1.00e+00 1.95e-03h 10
1234  6.6935402e-05 2.45e-11 1.37e-04 -11.0 7.20e-04    -  1.00e+00 9.77e-04h 11
1235  6.7244735e-05 9.34e-12 3.63e-04 -11.0 5.55e-04    -  1.00e+00 1.00e+00H  1
1236  6.6886883e-05 5.69e-08 1.75e-03 -11.0 2.26e-04    -  1.00e+00 1.00e+00h  1
1237  6.6814082e-05 4.40e-08 2.35e-04 -11.0 1.04e-04    -  1.00e+00 1.00e+00h  1
1238  6.6810378e-05 8.30e-09 1.85e-05 -11.0 5.96e-05    -  1.00e+00 1.00e+00h  1
1239  6.6806916e-05 1.35e-09 1.27e-05 -11.0 2.54e-05    -  1.00e+00 1.00e+00h  1
iter    objective    inf_pr   inf_du lg(mu)  ||d||  lg(rg) alpha_du alpha_pr  ls
1240  6.6806061e-05 3.47e-10 4.75e-06 -11.0 9.59e-06    -  1.00e+00 1.00e+00h  1
1241  6.6805311e-05 4.96e-10 4.27e-06 -11.0 1.59e-05    -  1.00e+00 1.00e+00h  1
1242  6.6801851e-05 5.66e-08 2.60e-04 -11.0 1.68e-04    -  1.00e+00 1.00e+00h  1
1243  6.6800656e-05 1.77e-07 4.86e-04 -11.0 3.84e-03    -  1.00e+00 6.25e-02h  5
1244  6.6799810e-05 2.49e-07 5.14e-04 -11.0 3.06e-03    -  1.00e+00 6.25e-02h  5
1245  6.6796923e-05 6.48e-07 7.84e-04 -11.0 3.49e-03    -  1.00e+00 1.25e-01h  4
1246  6.6794812e-05 6.67e-07 9.71e-04 -11.0 6.68e-03    -  1.00e+00 1.56e-02h  7
1247  6.7160261e-05 1.90e-11 1.61e-04 -11.0 1.08e-03    -  1.00e+00 1.00e+00H  1
1248  6.7159985e-05 2.36e-11 1.61e-04 -11.0 6.08e-03    -  1.00e+00 2.44e-04h 13
1249  6.7156926e-05 2.64e-11 1.60e-04 -11.0 2.23e-03    -  1.00e+00 9.77e-04h 11
iter    objective    inf_pr   inf_du lg(mu)  ||d||  lg(rg) alpha_du alpha_pr  ls
1250  6.6842094e-05 4.46e-11 1.35e-04 -11.0 5.46e-04    -  1.00e+00 1.00e+00H  1
1251  6.7035965e-05 1.96e-11 2.91e-04 -11.0 3.71e-04    -  1.00e+00 1.00e+00H  1
1252  6.6799978e-05 7.66e-08 1.33e-03 -11.0 1.72e-04    -  1.00e+00 1.00e+00h  1
1253  6.6751962e-05 1.77e-08 1.76e-05 -11.0 7.40e-05    -  1.00e+00 1.00e+00h  1
1254  6.6751718e-05 9.96e-09 2.40e-05 -11.0 5.98e-05    -  1.00e+00 1.00e+00h  1
1255  6.6747557e-05 5.34e-09 1.73e-05 -11.0 3.07e-05    -  1.00e+00 1.00e+00h  1
1256  6.6747021e-05 5.56e-09 1.78e-05 -11.0 5.50e-05    -  1.00e+00 1.00e+00h  1
1257  6.6742096e-05 1.32e-09 1.20e-05 -11.0 3.22e-05    -  1.00e+00 1.00e+00h  1
1258  6.6744944e-05 3.44e-12 2.57e-05 -11.0 9.20e-05    -  1.00e+00 1.00e+00H  1
1259  6.6734103e-05 6.17e-09 1.46e-05 -11.0 5.76e-05    -  1.00e+00 1.00e+00h  1
iter    objective    inf_pr   inf_du lg(mu)  ||d||  lg(rg) alpha_du alpha_pr  ls
1260  6.6927628e-05 1.42e-14 2.30e-04 -11.0 2.33e-04    -  1.00e+00 1.00e+00H  1
1261  6.6726289e-05 1.09e-08 2.11e-05 -11.0 1.29e-04    -  1.00e+00 1.00e+00h  1
1262  6.6720894e-05 7.61e-09 1.64e-05 -11.0 6.41e-05    -  1.00e+00 1.00e+00h  1
1263  6.6751800e-05 1.91e-14 6.66e-05 -11.0 4.27e-04    -  1.00e+00 1.00e+00H  1
1264  6.6715240e-05 3.77e-06 4.01e-03 -11.0 2.87e-03    -  1.00e+00 5.00e-01h  2
1265  6.6703708e-05 3.94e-06 4.67e-03 -11.0 7.84e-02    -  1.00e+00 3.91e-03h  9
1266  6.6697602e-05 3.91e-06 4.86e-03 -11.0 5.49e-03    -  1.00e+00 3.12e-02h  6
1267  6.6702483e-05 3.42e-06 4.11e-03 -11.0 5.97e-04    -  1.00e+00 1.25e-01h  4
1268  6.6678304e-05 1.01e-06 4.89e-04 -11.0 7.01e-04    -  1.00e+00 1.00e+00h  1
1269  6.6684147e-05 9.99e-07 6.97e-04 -11.0 4.64e-03    -  1.00e+00 1.56e-02h  7
iter    objective    inf_pr   inf_du lg(mu)  ||d||  lg(rg) alpha_du alpha_pr  ls
1270  6.6674951e-05 6.39e-08 1.04e-04 -11.0 1.53e-04    -  1.00e+00 1.00e+00h  1
1271  6.6674721e-05 9.27e-08 1.74e-04 -11.0 1.79e-03    -  1.00e+00 6.25e-02h  5
1272  6.6747712e-05 2.33e-14 7.16e-05 -11.0 2.65e-04    -  1.00e+00 1.00e+00H  1
1273  6.6660342e-05 1.62e-08 1.73e-05 -11.0 8.45e-05    -  1.00e+00 1.00e+00h  1
1274  6.6654369e-05 1.85e-07 5.91e-04 -11.0 2.85e-04    -  1.00e+00 1.00e+00h  1
1275  6.6653171e-05 8.86e-07 1.32e-03 -11.0 8.72e-03    -  1.00e+00 6.25e-02h  5
1276  6.6635740e-05 1.66e-05 5.24e-03 -11.0 8.06e-02    -  1.00e+00 3.12e-02h  6
1277  6.6631778e-05 2.66e-05 8.11e-03 -11.0 5.20e-01    -  1.00e+00 3.91e-03h  9
1278  6.6603588e-05 3.50e-05 1.09e-02 -11.0 9.50e-01    -  1.00e+00 1.95e-03h 10
1279  6.6588996e-05 3.73e-05 1.19e-02 -11.0 2.33e-01    -  1.00e+00 3.91e-03h  9
iter    objective    inf_pr   inf_du lg(mu)  ||d||  lg(rg) alpha_du alpha_pr  ls
1280  6.6543668e-05 5.14e-05 1.47e-02 -11.0 5.80e-01    -  1.00e+00 3.91e-03h  9
1281  6.6541331e-05 5.14e-05 1.48e-02 -11.0 1.92e-01    -  1.00e+00 9.77e-04h 11
1282  6.6544080e-05 5.11e-05 1.34e-02 -11.0 2.30e-02    -  1.00e+00 3.12e-02h  6
1283  6.6540410e-05 5.19e-05 1.24e-02 -11.0 1.60e-01    -  1.00e+00 3.91e-03h  9
1284  6.6528145e-05 5.62e-05 1.05e-02 -11.0 1.35e+00    -  1.00e+00 9.77e-04h 11
1285  1.1184128e-03 1.59e-01 5.18e-01 -11.0 2.66e-01    -  1.00e+00 1.00e+00w  1
1286  1.6795556e-03 1.97e-02 2.57e-01 -11.0 1.20e-01    -  1.00e+00 1.00e+00w  1
1287  1.5212035e-01 3.54e-01 2.95e+00 -11.0 7.51e-01    -  1.00e+00 1.00e+00w  1
1288  6.6526030e-05 5.67e-05 9.42e-03 -11.0 2.34e-01    -  1.00e+00 1.95e-03h  9
1289  6.6553622e-05 4.97e-05 8.04e-03 -11.0 1.54e-03    -  1.00e+00 1.25e-01h  4
iter    objective    inf_pr   inf_du lg(mu)  ||d||  lg(rg) alpha_du alpha_pr  ls
1290  6.6526493e-05 1.21e-08 3.62e-05 -11.0 6.54e-05    -  1.00e+00 1.00e+00h  1
1291  6.6525416e-05 3.93e-08 1.71e-04 -11.0 1.27e-04    -  1.00e+00 1.00e+00h  1
1292  6.6521000e-05 6.52e-09 3.43e-05 -11.0 5.32e-05    -  1.00e+00 1.00e+00h  1
1293  6.6534091e-05 6.28e-12 4.99e-05 -11.0 1.18e-04    -  1.00e+00 1.00e+00H  1
1294  6.6514568e-05 9.68e-09 1.47e-05 -11.0 8.46e-05    -  1.00e+00 1.00e+00h  1
1295  6.6516006e-05 9.63e-10 2.33e-05 -11.0 3.82e-05    -  1.00e+00 1.00e+00h  1
1296  6.6511740e-05 5.51e-10 5.88e-06 -11.0 1.87e-05    -  1.00e+00 1.00e+00h  1
1297  6.6510522e-05 5.23e-10 5.53e-06 -11.0 2.04e-05    -  1.00e+00 1.00e+00h  1
1298  6.6509065e-05 4.41e-09 1.40e-05 -11.0 3.12e-03    -  1.00e+00 1.56e-02h  7
1299  6.6584431e-05 1.82e-13 1.18e-04 -11.0 6.84e-04    -  1.00e+00 1.00e+00H  1
iter    objective    inf_pr   inf_du lg(mu)  ||d||  lg(rg) alpha_du alpha_pr  ls
1300  6.6584286e-05 1.55e-12 1.18e-04 -11.0 5.49e-03    -  1.00e+00 2.44e-04h 13
1301  6.6584168e-05 2.63e-12 1.17e-04 -11.0 3.51e-02    -  1.00e+00 3.05e-05h 16
1302  6.6583992e-05 4.44e-12 1.17e-04 -11.0 1.03e-01    -  1.00e+00 1.53e-05h 17
1303  6.6583985e-05 4.45e-12 1.17e-04 -11.0 1.73e-02    -  1.00e+00 3.81e-06h 19
1304  6.6493024e-05 6.20e-06 2.34e-03 -11.0 7.42e-02    -  1.00e+00 3.12e-02h  6
1305  6.6492988e-05 6.42e-06 2.69e-03 -11.0 1.19e-01    -  1.00e+00 3.91e-03h  9
1306  6.6478025e-05 7.85e-06 1.06e-03 -11.0 1.84e-02    -  1.00e+00 6.25e-02h  5
1307  6.6455197e-05 7.99e-06 1.51e-03 -11.0 1.27e-01    -  1.00e+00 3.91e-03h  9
1308  6.6406632e-05 8.88e-06 2.51e-03 -11.0 1.41e-01    -  1.00e+00 7.81e-03h  8
1309  6.6369131e-05 9.46e-06 3.29e-03 -11.0 2.47e-01    -  1.00e+00 3.91e-03h  9
iter    objective    inf_pr   inf_du lg(mu)  ||d||  lg(rg) alpha_du alpha_pr  ls
1310  9.4866847e-04 5.12e-03 7.39e-02 -11.0 8.87e-02    -  1.00e+00 1.00e+00w  1
1311  1.3237509e-04 1.53e-03 4.63e-02 -11.0 5.43e-02    -  1.00e+00 1.00e+00w  1
1312  1.5466042e-01 8.80e-01 2.80e+00 -11.0 8.24e-01    -  1.00e+00 1.00e+00w  1
1313  6.6366581e-05 9.70e-06 3.72e-03 -11.0 1.07e-01    -  1.00e+00 7.81e-03h  7
1314  6.6335977e-05 9.55e-06 3.71e-03 -11.0 2.57e-03    -  1.00e+00 1.56e-02h  7
1315  6.6322072e-05 1.32e-08 2.59e-04 -11.0 9.85e-05    -  1.00e+00 1.00e+00h  1
1316  6.6361470e-05 5.99e-10 8.85e-05 -11.0 4.37e-04    -  1.00e+00 1.00e+00H  1
1317  6.6404795e-05 1.47e-11 1.33e-04 -11.0 2.01e-03    -  1.00e+00 1.00e+00H  1
1318  6.6399398e-05 1.08e-09 1.30e-04 -11.0 6.81e-02    -  1.00e+00 4.88e-04h 12
1319  6.6396655e-05 1.12e-09 1.28e-04 -11.0 2.78e-03    -  1.00e+00 3.91e-03h  9
iter    objective    inf_pr   inf_du lg(mu)  ||d||  lg(rg) alpha_du alpha_pr  ls
1320  6.6288699e-05 5.45e-07 2.86e-03 -11.0 5.74e-03    -  1.00e+00 1.25e-01h  4
1321  6.6233976e-05 7.53e-07 4.58e-03 -11.0 2.48e-02    -  1.00e+00 1.56e-02h  7
1322  6.6219366e-05 8.11e-07 5.48e-03 -11.0 1.73e-02    -  1.00e+00 3.12e-02h  6
1323  6.6217933e-05 5.14e-06 8.69e-03 -11.0 3.02e-02    -  1.00e+00 6.25e-02h  5
1324  6.6208984e-05 5.18e-06 7.39e-03 -11.0 3.21e-02    -  1.00e+00 1.56e-02h  7
1325  6.6202688e-05 5.07e-06 7.22e-03 -11.0 5.91e-03    -  1.00e+00 3.12e-02h  6
1326  6.7676583e-05 2.38e-12 4.43e-04 -11.0 2.07e-03    -  1.00e+00 1.00e+00H  1
1327  6.7676115e-05 2.58e-12 4.42e-04 -11.0 1.01e-02    -  1.00e+00 1.22e-04h 14
1328  6.7675129e-05 3.54e-12 4.42e-04 -11.0 9.50e-02    -  1.00e+00 1.53e-05h 17
1329  6.7674564e-05 3.75e-12 4.42e-04 -11.0 5.57e-03    -  1.00e+00 6.10e-05h 15
iter    objective    inf_pr   inf_du lg(mu)  ||d||  lg(rg) alpha_du alpha_pr  ls
1330  6.7103287e-05 3.84e-06 1.06e-02 -11.0 1.42e-03    -  1.00e+00 1.00e+00h  1
1331  6.6823411e-05 3.55e-06 1.44e-02 -11.0 3.90e-03    -  1.00e+00 2.50e-01h  3
1332  6.6775982e-05 4.58e-06 5.25e-03 -11.0 2.29e-03    -  1.00e+00 5.00e-01h  2
1333  6.6353526e-05 4.98e-06 2.07e-03 -11.0 5.88e-03    -  1.00e+00 1.25e-01h  4
1334  6.6694173e-05 2.96e-06 2.53e-03 -11.0 2.78e-03    -  1.00e+00 2.50e-01h  3
1335  6.6134911e-05 1.23e-06 6.70e-04 -11.0 8.32e-04    -  1.00e+00 1.00e+00h  1
1336  6.6305768e-05 8.00e-07 2.50e-03 -11.0 1.23e-03    -  1.00e+00 2.50e-01h  3
1337  6.6144062e-05 4.99e-07 9.84e-04 -11.0 4.10e-04    -  1.00e+00 1.00e+00h  1
1338  6.6404209e-05 3.36e-09 2.17e-04 -11.0 4.95e-04    -  1.00e+00 1.00e+00H  1
1339  6.6113583e-05 5.74e-08 8.33e-04 -11.0 1.35e-04    -  1.00e+00 1.00e+00h  1
iter    objective    inf_pr   inf_du lg(mu)  ||d||  lg(rg) alpha_du alpha_pr  ls
1340  6.6067534e-05 6.62e-08 7.02e-05 -11.0 1.56e-04    -  1.00e+00 1.00e+00h  1
1341  6.6066929e-05 2.88e-09 1.65e-05 -11.0 3.66e-05    -  1.00e+00 1.00e+00h  1
1342  6.6066592e-05 6.03e-09 2.67e-05 -11.0 5.11e-05    -  1.00e+00 1.00e+00h  1
1343  6.6061392e-05 5.52e-09 1.45e-05 -11.0 4.02e-05    -  1.00e+00 1.00e+00h  1
1344  6.6060725e-05 9.59e-09 2.53e-05 -11.0 7.52e-05    -  1.00e+00 1.00e+00h  1
1345  6.6054428e-05 2.99e-08 1.55e-04 -11.0 1.39e-04    -  1.00e+00 1.00e+00h  1
1346  6.6075460e-05 1.23e-09 6.17e-05 -11.0 4.34e-04    -  1.00e+00 1.00e+00H  1
1347  6.6840682e-05 3.20e-10 2.59e-04 -11.0 1.35e-03    -  1.00e+00 1.00e+00H  1
1348  6.6064983e-05 6.99e-10 7.45e-05 -11.0 1.11e-03    -  1.00e+00 1.00e+00H  1
1349  7.0092429e-05 2.05e-13 6.44e-04 -11.0 1.29e-03    -  1.00e+00 1.00e+00H  1
iter    objective    inf_pr   inf_du lg(mu)  ||d||  lg(rg) alpha_du alpha_pr  ls
1350  6.6014007e-05 5.32e-06 2.69e-04 -11.0 1.59e-03    -  1.00e+00 1.00e+00f  1
1351  6.6007011e-05 4.02e-06 3.03e-04 -11.0 5.01e-04    -  1.00e+00 2.50e-01h  3
1352  6.6008260e-05 1.01e-07 5.50e-04 -11.0 2.32e-04    -  1.00e+00 1.00e+00h  1
1353  6.6099330e-05 2.56e-11 1.19e-04 -11.0 8.81e-04    -  1.00e+00 1.00e+00H  1
1354  6.8297512e-05 2.86e-12 5.12e-04 -11.0 1.14e-03    -  1.00e+00 1.00e+00H  1
1355  6.5988216e-05 3.58e-06 8.36e-04 -11.0 1.62e-03    -  1.00e+00 1.00e+00h  1
1356  6.5979020e-05 3.13e-06 7.82e-04 -11.0 4.53e-04    -  1.00e+00 1.25e-01h  4
1357  6.5970960e-05 5.40e-08 5.13e-05 -11.0 2.54e-04    -  1.00e+00 1.00e+00h  1
1358  6.5968914e-05 1.82e-07 6.88e-04 -11.0 6.16e-03    -  1.00e+00 6.25e-02h  5
1359  6.5965116e-05 4.10e-07 1.54e-03 -11.0 1.74e-02    -  1.00e+00 3.12e-02h  6
iter    objective    inf_pr   inf_du lg(mu)  ||d||  lg(rg) alpha_du alpha_pr  ls
1360  6.5962476e-05 4.59e-07 1.82e-03 -11.0 3.41e-02    -  1.00e+00 7.81e-03h  8
1361  6.5958047e-05 5.92e-07 1.32e-03 -11.0 4.34e-03    -  1.00e+00 1.25e-01h  4
1362  6.5960647e-05 5.89e-07 1.03e-03 -11.0 3.44e-03    -  1.00e+00 3.12e-02h  6
1363  6.5953907e-05 4.86e-07 1.22e-03 -11.0 7.38e-04    -  1.00e+00 1.00e+00h  1
1364  6.5952484e-05 4.88e-07 1.33e-03 -11.0 1.84e-02    -  1.00e+00 7.81e-03h  8
1365  6.7333939e-05 5.65e-12 5.01e-04 -11.0 2.74e-03    -  1.00e+00 1.00e+00H  1
1366  6.6109808e-05 2.43e-12 9.42e-05 -11.0 2.34e-03    -  1.00e+00 1.00e+00H  1
1367  6.6039994e-05 3.51e-08 1.62e-04 -11.0 1.01e-02    -  1.00e+00 1.56e-02h  7
1368  6.7282880e-05 2.15e-13 2.93e-04 -11.0 1.58e-03    -  1.00e+00 1.00e+00H  1
1369  6.6013537e-05 2.03e-08 8.37e-04 -11.0 1.68e-03    -  1.00e+00 1.00e+00H  1
iter    objective    inf_pr   inf_du lg(mu)  ||d||  lg(rg) alpha_du alpha_pr  ls
1370  6.5962141e-05 1.84e-08 8.10e-04 -11.0 7.61e-04    -  1.00e+00 6.25e-02h  5
1371  6.5946459e-05 4.01e-09 6.38e-06 -11.0 6.70e-05    -  1.00e+00 1.00e+00h  1
1372  6.5946194e-05 5.19e-10 8.38e-06 -11.0 1.87e-05    -  1.00e+00 1.00e+00h  1
1373  6.5944440e-05 9.35e-10 4.37e-06 -11.0 4.33e-05    -  1.00e+00 1.00e+00h  1
1374  6.5955607e-05 1.35e-10 6.60e-05 -11.0 2.54e-04    -  1.00e+00 1.00e+00H  1
1375  6.6017926e-05 6.84e-11 1.41e-04 -11.0 9.03e-04    -  1.00e+00 1.00e+00H  1
1376  6.6016909e-05 7.84e-11 1.42e-04 -11.0 5.41e-03    -  1.00e+00 1.95e-03h 10
1377  6.6016262e-05 9.09e-11 1.41e-04 -11.0 3.55e-03    -  1.00e+00 9.77e-04h 11
1378  6.6013491e-05 7.33e-12 9.64e-05 -11.0 3.34e-04    -  1.00e+00 1.00e+00H  1
1379  6.5941305e-05 4.74e-08 1.75e-04 -11.0 1.49e-04    -  1.00e+00 1.00e+00h  1
iter    objective    inf_pr   inf_du lg(mu)  ||d||  lg(rg) alpha_du alpha_pr  ls
1380  6.5935452e-05 4.34e-08 1.44e-04 -11.0 2.24e-04    -  1.00e+00 1.00e+00h  1
1381  6.5926620e-05 1.40e-07 6.42e-04 -11.0 3.55e-04    -  1.00e+00 1.00e+00h  1
1382  6.6523649e-05 7.39e-13 2.22e-04 -11.0 5.12e-04    -  1.00e+00 1.00e+00H  1
1383  6.5916258e-05 3.54e-07 5.93e-04 -11.0 5.71e-04    -  1.00e+00 1.00e+00h  1
1384  6.5921160e-05 2.36e-09 3.35e-05 -11.0 3.93e-05    -  1.00e+00 1.00e+00h  1
1385  6.5915807e-05 1.35e-09 3.83e-06 -11.0 2.40e-05    -  1.00e+00 1.00e+00h  1
1386  6.5915285e-05 1.36e-09 4.59e-06 -11.0 3.62e-05    -  1.00e+00 1.00e+00h  1
1387  6.5912044e-05 2.89e-07 3.38e-04 -11.0 8.43e-03    -  1.00e+00 6.25e-02h  5
1388  6.5911249e-05 3.01e-07 4.35e-04 -11.0 1.63e-02    -  1.00e+00 7.81e-03h  8
1389  6.6504060e-05 4.51e-13 2.84e-04 -11.0 1.72e-03    -  1.00e+00 1.00e+00H  1
iter    objective    inf_pr   inf_du lg(mu)  ||d||  lg(rg) alpha_du alpha_pr  ls
1390  6.5969799e-05 1.40e-11 8.21e-05 -11.0 1.78e-04    -  1.00e+00 1.00e+00H  1
1391  6.5903323e-05 5.59e-08 3.38e-04 -11.0 2.74e-04    -  1.00e+00 1.00e+00h  1
1392  6.6154357e-05 6.69e-12 1.08e-04 -11.0 1.69e-03    -  1.00e+00 1.00e+00H  1
1393  6.6154083e-05 8.86e-12 1.08e-04 -11.0 2.92e-03    -  1.00e+00 4.88e-04h 12
1394  6.6154052e-05 8.88e-12 1.08e-04 -11.0 7.80e-02    -  1.00e+00 1.91e-06h 20
1395  6.6154034e-05 8.89e-12 1.08e-04 -11.0 2.86e-03    -  1.00e+00 1.53e-05h 17
1396  6.5883829e-05 6.52e-06 4.77e-04 -11.0 2.30e-03    -  1.00e+00 1.00e+00h  1
1397  6.5902747e-05 6.12e-06 5.61e-04 -11.0 2.49e-03    -  1.00e+00 6.25e-02h  5
1398  6.5882441e-05 2.24e-07 2.80e-04 -11.0 3.99e-04    -  1.00e+00 1.00e+00h  1
1399  6.8903771e-05 5.68e-14 5.28e-04 -11.0 1.02e-03    -  1.00e+00 1.00e+00H  1
iter    objective    inf_pr   inf_du lg(mu)  ||d||  lg(rg) alpha_du alpha_pr  ls
1400  6.5876638e-05 1.95e-06 2.44e-04 -11.0 1.03e-03    -  1.00e+00 1.00e+00f  1
1401  6.5884383e-05 2.81e-09 4.82e-05 -11.0 3.83e-05    -  1.00e+00 1.00e+00h  1
1402  6.5874368e-05 7.96e-10 5.03e-06 -11.0 2.60e-05    -  1.00e+00 1.00e+00h  1
1403  6.5873778e-05 1.19e-09 3.87e-06 -11.0 2.80e-05    -  1.00e+00 1.00e+00h  1
1404  6.5932741e-05 2.99e-11 7.71e-05 -11.0 1.30e-03    -  1.00e+00 1.00e+00H  1
1405  6.5932352e-05 4.32e-10 7.70e-05 -11.0 1.79e-02    -  1.00e+00 9.77e-04h 11
1406  6.5932004e-05 6.56e-10 7.66e-05 -11.0 1.06e-01    -  1.00e+00 1.22e-04h 14
1407  6.5931595e-05 7.95e-10 7.67e-05 -11.0 4.35e-02    -  1.00e+00 2.44e-04h 13
1408  6.5931192e-05 8.50e-10 7.63e-05 -11.0 1.40e-02    -  1.00e+00 4.88e-04h 12
1409  6.5856409e-05 4.45e-06 2.58e-03 -11.0 4.98e-01    -  1.00e+00 3.91e-03h  9
iter    objective    inf_pr   inf_du lg(mu)  ||d||  lg(rg) alpha_du alpha_pr  ls
1410  6.5854195e-05 4.45e-06 2.99e-03 -11.0 4.85e-02    -  1.00e+00 1.95e-03h 10
1411  6.5888423e-05 1.56e-07 5.14e-03 -11.0 8.14e-03    -  1.00e+00 1.00e+00H  1
1412  6.5871884e-05 9.56e-07 5.81e-03 -11.0 3.55e+00    -  1.00e+00 2.44e-04h 13
1413  6.5870448e-05 9.89e-07 5.95e-03 -11.0 3.93e-02    -  1.00e+00 3.91e-03h  9
1414  6.5850812e-05 2.23e-06 5.33e-03 -11.0 8.63e-03    -  1.00e+00 1.25e-01h  4
1415  6.5835947e-05 1.50e-05 3.96e-03 -11.0 8.04e-01    -  1.00e+00 3.91e-03h  9
1416  6.5826246e-05 1.58e-05 6.57e-03 -11.0 1.86e-01    -  1.00e+00 7.81e-03h  8
1417  6.5813654e-05 1.53e-05 6.86e-03 -11.0 9.80e-03    -  1.00e+00 3.12e-02h  6
1418  6.5774095e-05 8.31e-06 1.87e-03 -11.0 9.97e-04    -  1.00e+00 5.00e-01h  2
1419  6.5735351e-05 8.53e-06 7.92e-04 -11.0 6.76e-03    -  1.00e+00 1.25e-01h  4
iter    objective    inf_pr   inf_du lg(mu)  ||d||  lg(rg) alpha_du alpha_pr  ls
1420  6.5721037e-05 1.16e-05 2.64e-03 -11.0 4.80e-02    -  1.00e+00 3.12e-02h  6
1421  6.5665859e-05 6.16e-05 1.06e-02 -11.0 6.87e-01    -  1.00e+00 7.81e-03h  8
1422  1.3140047e-01 6.85e-01 1.03e+00 -11.0 1.73e+00    -  1.00e+00 1.00e+00w  1
1423  2.1861517e-02 2.45e-01 1.01e+00 -11.0 4.36e-01    -  1.00e+00 1.00e+00w  1
1424  4.5419892e+00 1.58e+00 4.04e+01 -11.0 1.16e+00    -  1.00e+00 1.00e+00w  1
1425  6.5661387e-05 6.22e-05 1.25e-02 -11.0 5.20e-01    -  1.00e+00 4.88e-04h 11
1426  6.5640158e-05 7.74e-06 7.78e-04 -11.0 2.17e-03    -  1.00e+00 1.00e+00h  1
1427  6.5616515e-05 9.73e-06 4.09e-03 -11.0 3.74e-01    -  1.00e+00 3.91e-03h  9
1428  6.5600864e-05 1.06e-05 7.30e-03 -11.0 6.02e-01    -  1.00e+00 1.95e-03h 10
1429  6.5599052e-05 1.07e-05 1.01e-02 -11.0 1.05e-01    -  1.00e+00 7.81e-03h  8
iter    objective    inf_pr   inf_du lg(mu)  ||d||  lg(rg) alpha_du alpha_pr  ls
1430  6.5593269e-05 1.07e-05 1.20e-02 -11.0 7.72e-02    -  1.00e+00 7.81e-03h  8
1431  6.5580971e-05 1.49e-05 1.09e-02 -11.0 3.01e-02    -  1.00e+00 6.25e-02h  5
1432  6.5574834e-05 1.64e-05 1.39e-02 -11.0 6.71e-01    -  1.00e+00 1.95e-03h 10
1433  6.5563853e-05 1.69e-05 1.44e-02 -11.0 5.65e-01    -  1.00e+00 9.77e-04h 11
1434  6.5556844e-05 1.69e-05 1.42e-02 -11.0 4.09e-02    -  1.00e+00 7.81e-03h  8
1435  6.5548643e-05 1.69e-05 1.40e-02 -11.0 4.07e-02    -  1.00e+00 1.56e-02h  7
1436  6.5536541e-05 1.74e-05 1.45e-02 -11.0 8.73e-02    -  1.00e+00 7.81e-03h  8
1437  1.9855208e-03 8.93e-02 1.99e-01 -11.0 2.53e-01    -  1.00e+00 1.00e+00w  1
1438  2.4856336e-03 1.26e-02 1.50e-01 -11.0 1.30e-01    -  1.00e+00 1.00e+00w  1
1439  7.2030033e-01 9.11e-01 2.63e+01 -11.0 1.01e+00    -  1.00e+00 1.00e+00w  1
iter    objective    inf_pr   inf_du lg(mu)  ||d||  lg(rg) alpha_du alpha_pr  ls
1440  6.5531163e-05 1.88e-05 1.53e-02 -11.0 7.39e-01    -  1.00e+00 3.91e-03h  8
1441  6.5550244e-05 1.44e-05 1.22e-02 -11.0 1.60e-03    -  1.00e+00 2.50e-01h  3
1442  7.5677625e-05 2.31e-11 1.19e-03 -11.0 4.48e-03    -  1.00e+00 1.00e+00H  1
1443  6.6147623e-05 3.34e-11 2.28e-04 -11.0 3.88e-03    -  1.00e+00 1.00e+00H  1
1444  6.5732386e-05 5.51e-07 1.47e-03 -11.0 1.26e-02    -  1.00e+00 6.25e-02h  5
1445  6.5623951e-05 5.53e-07 1.27e-03 -11.0 2.27e-03    -  1.00e+00 1.25e-01h  4
1446  6.5634893e-05 8.47e-08 1.48e-03 -11.0 2.60e-04    -  1.00e+00 1.00e+00h  1
1447  6.5496265e-05 2.76e-07 5.15e-04 -11.0 3.56e-04    -  1.00e+00 1.00e+00h  1
1448  6.6735085e-05 1.44e-12 3.44e-04 -11.0 4.80e-04    -  1.00e+00 1.00e+00H  1
1449  6.5487375e-05 6.26e-07 9.71e-04 -11.0 4.62e-04    -  1.00e+00 1.00e+00h  1
iter    objective    inf_pr   inf_du lg(mu)  ||d||  lg(rg) alpha_du alpha_pr  ls
1450  6.5547792e-05 2.97e-08 8.67e-04 -11.0 1.35e-04    -  1.00e+00 1.00e+00h  1
1451  6.5478804e-05 1.55e-08 1.13e-04 -11.0 8.66e-05    -  1.00e+00 1.00e+00h  1
1452  6.5478044e-05 2.26e-10 7.78e-06 -11.0 1.35e-05    -  1.00e+00 1.00e+00h  1
1453  6.5474331e-05 3.52e-09 7.61e-06 -11.0 6.75e-05    -  1.00e+00 1.00e+00h  1
1454  6.5467766e-05 9.71e-08 1.36e-03 -11.0 5.29e-03    -  1.00e+00 6.25e-02h  5
1455  6.5666373e-05 6.56e-12 1.86e-04 -11.0 1.81e-03    -  1.00e+00 1.00e+00H  1
1456  6.5665735e-05 4.64e-11 1.86e-04 -11.0 1.25e-02    -  1.00e+00 4.88e-04h 12
1457  6.5665004e-05 9.01e-11 1.85e-04 -11.0 4.62e-02    -  1.00e+00 1.22e-04h 14
1458  6.5664067e-05 1.22e-10 1.85e-04 -11.0 1.08e-02    -  1.00e+00 4.88e-04h 12
1459  6.5663487e-05 1.45e-10 1.85e-04 -11.0 7.55e-02    -  1.00e+00 6.10e-05h 15
iter    objective    inf_pr   inf_du lg(mu)  ||d||  lg(rg) alpha_du alpha_pr  ls
1460  6.5651321e-05 1.55e-06 2.30e-03 -11.0 6.08e-02    -  1.00e+00 1.56e-02h  7
1461  6.5619896e-05 2.89e-06 1.29e-03 -11.0 1.72e-02    -  1.00e+00 6.25e-02h  5
1462  6.5537592e-05 5.88e-06 2.47e-03 -11.0 2.59e-02    -  1.00e+00 6.25e-02h  5
1463  6.5477307e-05 6.77e-06 4.23e-03 -11.0 4.40e-02    -  1.00e+00 1.56e-02h  7
1464  6.5408257e-05 9.11e-06 4.07e-03 -11.0 2.18e-02    -  1.00e+00 6.25e-02h  5
1465  6.5364626e-05 1.12e-05 2.94e-03 -11.0 8.73e-02    -  1.00e+00 1.56e-02h  7
1466  1.1124726e-03 7.12e-03 2.54e-01 -11.0 7.80e-02    -  1.00e+00 1.00e+00w  1
1467  6.8042342e-04 3.67e-03 9.95e-02 -11.0 4.83e-02    -  1.00e+00 1.00e+00w  1
1468  1.5259477e-02 5.63e-02 3.54e-01 -11.0 2.22e-01    -  1.00e+00 1.00e+00w  1
1469  6.5316198e-05 1.15e-05 4.77e-03 -11.0 2.11e-01    -  1.00e+00 7.81e-03h  7
iter    objective    inf_pr   inf_du lg(mu)  ||d||  lg(rg) alpha_du alpha_pr  ls
1470  6.5314945e-05 1.04e-05 3.87e-03 -11.0 3.61e-03    -  1.00e+00 1.25e-01h  4
1471  6.5357228e-05 5.25e-06 4.23e-03 -11.0 7.41e-04    -  1.00e+00 5.00e-01h  2
1472  6.5417549e-05 2.94e-07 3.22e-04 -11.0 3.00e-04    -  1.00e+00 1.00e+00h  1
1473  6.5337189e-05 3.13e-07 8.26e-04 -11.0 3.17e-04    -  1.00e+00 1.00e+00h  1
1474  6.5283077e-05 1.86e-07 3.71e-04 -11.0 2.26e-04    -  1.00e+00 1.00e+00h  1
1475  6.5298030e-05 1.45e-07 8.06e-04 -11.0 1.98e-04    -  1.00e+00 1.00e+00h  1
1476  6.5270303e-05 8.20e-08 6.14e-05 -11.0 1.62e-04    -  1.00e+00 1.00e+00h  1
1477  6.5279525e-05 3.58e-08 4.86e-04 -11.0 1.34e-04    -  1.00e+00 1.00e+00h  1
1478  6.5263809e-05 3.21e-08 7.10e-05 -11.0 1.07e-04    -  1.00e+00 1.00e+00h  1
1479  6.5277202e-05 1.38e-08 4.02e-05 -11.0 6.15e-05    -  1.00e+00 1.00e+00h  1
iter    objective    inf_pr   inf_du lg(mu)  ||d||  lg(rg) alpha_du alpha_pr  ls
1480  6.5262283e-05 8.72e-09 5.06e-06 -11.0 5.24e-05    -  1.00e+00 1.00e+00h  1
1481  6.5261891e-05 5.30e-11 4.88e-06 -11.0 7.56e-06    -  1.00e+00 1.00e+00h  1
1482  6.5780666e-05 2.60e-12 2.56e-04 -11.0 2.75e-03    -  1.00e+00 1.00e+00H  1
1483  6.8387143e-05 1.36e-12 7.66e-04 -11.0 5.76e-04    -  1.00e+00 1.00e+00H  1
1484  6.5238841e-05 4.61e-06 1.22e-03 -11.0 1.76e-03    -  1.00e+00 1.00e+00f  1
1485  6.5235727e-05 3.45e-06 9.00e-04 -11.0 3.10e-04    -  1.00e+00 2.50e-01h  3
1486  6.5228973e-05 2.68e-08 4.97e-04 -11.0 1.54e-04    -  1.00e+00 1.00e+00h  1
1487  6.5435631e-05 7.32e-12 1.10e-04 -11.0 1.53e-03    -  1.00e+00 1.00e+00H  1
1488  6.5434928e-05 4.90e-11 1.09e-04 -11.0 5.12e-03    -  1.00e+00 9.77e-04h 11
1489  6.5848603e-05 1.57e-12 2.70e-04 -11.0 9.04e-04    -  1.00e+00 1.00e+00H  1
iter    objective    inf_pr   inf_du lg(mu)  ||d||  lg(rg) alpha_du alpha_pr  ls
1490  6.5712590e-05 3.38e-13 2.86e-04 -11.0 1.28e-03    -  1.00e+00 1.00e+00H  1
1491  6.5711285e-05 2.00e-12 2.85e-04 -11.0 2.85e-03    -  1.00e+00 4.88e-04h 12
1492  6.5443172e-05 8.28e-13 2.23e-04 -11.0 1.03e-03    -  1.00e+00 1.00e+00H  1
1493  6.9104518e-05 7.05e-14 7.65e-04 -11.0 4.85e-04    -  1.00e+00 1.00e+00H  1
1494  6.5204454e-05 6.79e-07 5.33e-04 -11.0 7.03e-04    -  1.00e+00 1.00e+00f  1
1495  6.5201474e-05 4.01e-10 9.32e-06 -11.0 1.08e-05    -  1.00e+00 1.00e+00h  1
1496  6.5200587e-05 7.78e-11 3.77e-06 -11.0 3.57e-06    -  1.00e+00 1.00e+00h  1
1497  6.5199191e-05 9.28e-10 5.03e-06 -11.0 1.32e-05    -  1.00e+00 1.00e+00h  1
1498  6.5196610e-05 3.52e-08 6.39e-04 -11.0 7.97e-05    -  1.00e+00 1.00e+00h  1
1499  6.5191170e-05 1.12e-07 1.83e-03 -11.0 9.47e-04    -  1.00e+00 1.25e-01h  4
iter    objective    inf_pr   inf_du lg(mu)  ||d||  lg(rg) alpha_du alpha_pr  ls
1500  6.5518377e-05 6.15e-13 1.56e-04 -11.0 4.57e-04    -  1.00e+00 1.00e+00H  1
1501  6.5206515e-05 3.71e-11 4.65e-05 -11.0 3.86e-04    -  1.00e+00 1.00e+00H  1
1502  6.5186362e-05 1.21e-08 9.94e-06 -11.0 3.75e-04    -  1.00e+00 1.25e-01h  4
1503  6.5184311e-05 2.47e-09 6.92e-06 -11.0 3.47e-05    -  1.00e+00 1.00e+00h  1
1504  6.5190056e-05 1.24e-10 4.88e-05 -11.0 1.07e-04    -  1.00e+00 1.00e+00H  1
1505  6.5188201e-05 2.70e-11 1.92e-05 -11.0 2.24e-04    -  1.00e+00 1.00e+00H  1
1506  6.5795083e-05 7.57e-14 3.17e-04 -11.0 3.83e-04    -  1.00e+00 1.00e+00H  1
1507  6.5179542e-05 3.31e-07 3.60e-04 -11.0 5.04e-04    -  1.00e+00 1.00e+00h  1
1508  6.5179473e-05 1.09e-09 5.79e-06 -11.0 1.84e-05    -  1.00e+00 1.00e+00h  1
1509  6.5178869e-05 1.54e-09 9.16e-06 -11.0 2.50e-05    -  1.00e+00 1.00e+00h  1
iter    objective    inf_pr   inf_du lg(mu)  ||d||  lg(rg) alpha_du alpha_pr  ls
1510  6.5174881e-05 2.00e-07 2.67e-04 -11.0 2.88e-04    -  1.00e+00 1.00e+00h  1
1511  6.5174403e-05 1.93e-07 2.99e-04 -11.0 1.80e-03    -  1.00e+00 3.12e-02h  6
1512  6.5161341e-05 1.78e-07 3.92e-04 -11.0 3.26e-04    -  1.00e+00 1.00e+00h  1
1513  6.5148836e-05 3.50e-07 7.72e-04 -11.0 1.02e-02    -  1.00e+00 3.12e-02h  6
1514  6.5145807e-05 3.63e-07 8.75e-04 -11.0 5.25e-03    -  1.00e+00 1.56e-02h  7
1515  6.5134877e-05 4.46e-06 1.82e-03 -11.0 5.09e-03    -  1.00e+00 2.50e-01h  3
1516  6.5120114e-05 6.49e-06 2.92e-03 -11.0 2.24e-01    -  1.00e+00 3.91e-03h  9
1517  6.5096387e-05 1.36e-05 4.63e-03 -11.0 2.06e-01    -  1.00e+00 7.81e-03h  8
1518  6.5085029e-05 2.02e-05 6.84e-03 -11.0 8.35e-01    -  1.00e+00 1.95e-03h 10
1519  6.5086323e-05 2.01e-05 7.20e-03 -11.0 2.38e-02    -  1.00e+00 7.81e-03h  8
iter    objective    inf_pr   inf_du lg(mu)  ||d||  lg(rg) alpha_du alpha_pr  ls
1520  6.5073917e-05 1.81e-05 7.62e-03 -11.0 3.98e-03    -  1.00e+00 1.25e-01h  4
1521  6.5054378e-05 1.85e-05 8.55e-03 -11.0 3.57e-02    -  1.00e+00 1.56e-02h  7
1522  6.5045466e-05 1.96e-05 7.83e-03 -11.0 8.71e-02    -  1.00e+00 7.81e-03h  8
1523  1.7532489e-04 4.42e-03 5.95e-02 -11.0 3.92e-02    -  1.00e+00 1.00e+00w  1
1524  2.1444555e-04 1.65e-04 9.91e-02 -11.0 1.29e-02    -  1.00e+00 1.00e+00w  1
1525  2.3878068e-04 1.93e-03 1.83e-01 -11.0 2.53e-02    -  1.00e+00 1.00e+00w  1
1526  6.5041266e-05 2.00e-05 7.18e-03 -11.0 1.01e-01    -  1.00e+00 1.56e-02h  6
1527  6.5011893e-05 1.82e-07 2.02e-03 -11.0 2.32e-04    -  1.00e+00 1.00e+00h  1
1528  6.5010324e-05 1.79e-07 2.87e-03 -11.0 1.29e-03    -  1.00e+00 6.25e-02h  5
1529  6.5004050e-05 1.61e-07 7.93e-04 -11.0 2.41e-04    -  1.00e+00 1.00e+00h  1
iter    objective    inf_pr   inf_du lg(mu)  ||d||  lg(rg) alpha_du alpha_pr  ls
1530  6.5003601e-05 1.61e-07 3.45e-04 -11.0 2.07e-03    -  1.00e+00 3.12e-02h  6
1531  6.5002296e-05 1.34e-08 1.94e-05 -11.0 6.81e-05    -  1.00e+00 1.00e+00h  1
1532  6.5044691e-05 1.61e-10 6.07e-05 -11.0 3.30e-04    -  1.00e+00 1.00e+00H  1
1533  6.5036248e-05 3.25e-11 1.09e-04 -11.0 1.08e-04    -  1.00e+00 1.00e+00H  1
1534  6.4997190e-05 3.82e-08 1.65e-04 -11.0 8.77e-05    -  1.00e+00 1.00e+00h  1
1535  6.4991566e-05 4.79e-08 2.69e-04 -11.0 1.46e-04    -  1.00e+00 1.00e+00h  1
1536  6.5147694e-05 9.63e-12 1.29e-04 -11.0 5.96e-04    -  1.00e+00 1.00e+00H  1
1537  6.5171675e-05 1.24e-12 1.23e-04 -11.0 1.09e-03    -  1.00e+00 1.00e+00H  1
1538  6.5169758e-05 9.45e-12 1.23e-04 -11.0 1.68e-03    -  1.00e+00 9.77e-04h 11
1539  6.5041634e-05 1.62e-12 6.81e-05 -11.0 1.13e-03    -  1.00e+00 1.00e+00H  1
iter    objective    inf_pr   inf_du lg(mu)  ||d||  lg(rg) alpha_du alpha_pr  ls
1540  6.5022020e-05 1.16e-08 7.35e-05 -11.0 1.49e-03    -  1.00e+00 3.12e-02h  6
1541  6.4990848e-05 4.01e-08 9.13e-04 -11.0 1.94e-04    -  1.00e+00 1.00e+00h  1
1542  6.5048663e-05 2.28e-13 1.01e-04 -11.0 4.28e-04    -  1.00e+00 1.00e+00H  1
1543  6.5121415e-05 1.13e-13 1.77e-04 -11.0 1.13e-04    -  1.00e+00 1.00e+00H  1
1544  6.4973428e-05 1.20e-07 1.52e-04 -11.0 2.51e-04    -  1.00e+00 1.00e+00h  1
1545  6.4979212e-05 7.46e-09 2.43e-05 -11.0 8.31e-05    -  1.00e+00 1.00e+00h  1
1546  6.4970956e-05 1.91e-09 8.42e-06 -11.0 2.99e-05    -  1.00e+00 1.00e+00h  1
1547  6.4970543e-05 6.46e-10 4.05e-06 -11.0 2.06e-05    -  1.00e+00 1.00e+00h  1
1548  6.4971114e-05 4.52e-10 1.15e-05 -11.0 1.31e-05    -  1.00e+00 1.00e+00h  1
1549  6.4969889e-05 1.93e-10 2.46e-06 -11.0 7.67e-06    -  1.00e+00 1.00e+00h  1
iter    objective    inf_pr   inf_du lg(mu)  ||d||  lg(rg) alpha_du alpha_pr  ls
1550  6.4969450e-05 2.00e-10 2.38e-06 -11.0 9.80e-06    -  1.00e+00 1.00e+00h  1
1551  6.4988991e-05 4.30e-11 5.91e-05 -11.0 2.29e-04    -  1.00e+00 1.00e+00H  1
1552  6.4973747e-05 1.17e-12 3.94e-05 -11.0 5.07e-04    -  1.00e+00 1.00e+00H  1
1553  6.4969066e-05 4.07e-09 4.97e-05 -11.0 1.44e-03    -  1.00e+00 3.12e-02h  6
1554  6.4984797e-05 1.13e-12 6.50e-05 -11.0 1.08e-04    -  1.00e+00 1.00e+00H  1
1555  6.4948720e-05 7.69e-09 1.82e-05 -11.0 4.97e-05    -  1.00e+00 1.00e+00h  1
1556  6.4944076e-05 5.90e-08 4.58e-04 -11.0 1.94e-04    -  1.00e+00 1.00e+00h  1
1557  6.4940902e-05 2.59e-07 1.32e-03 -11.0 5.79e-03    -  1.00e+00 6.25e-02h  5
1558  6.4930409e-05 4.72e-06 5.65e-03 -11.0 5.38e-02    -  1.00e+00 3.12e-02h  6
1559  6.4929440e-05 4.85e-06 6.39e-03 -11.0 7.92e-02    -  1.00e+00 3.91e-03h  9
iter    objective    inf_pr   inf_du lg(mu)  ||d||  lg(rg) alpha_du alpha_pr  ls
1560  6.4923944e-05 4.71e-06 6.80e-03 -11.0 5.19e-03    -  1.00e+00 1.25e-01h  4
1561  6.4919583e-05 4.71e-06 7.01e-03 -11.0 2.31e-02    -  1.00e+00 7.81e-03h  8
1562  6.4925280e-05 4.51e-06 7.43e-03 -11.0 3.57e-03    -  1.00e+00 6.25e-02h  5
1563  6.4930774e-05 3.45e-06 5.90e-03 -11.0 9.85e-04    -  1.00e+00 2.50e-01h  3
1564  6.4925703e-05 4.02e-06 2.63e-03 -11.0 4.17e-03    -  1.00e+00 2.50e-01h  3
1565  6.4918826e-05 4.57e-06 1.21e-03 -11.0 8.27e-02    -  1.00e+00 7.81e-03h  8
1566  6.4918571e-05 4.84e-06 3.72e-04 -11.0 3.09e-02    -  1.00e+00 1.56e-02h  7
1567  6.6148426e-05 1.49e-06 4.32e-03 -11.0 1.59e-03    -  1.00e+00 1.00e+00w  1
1568  6.5024982e-05 3.24e-06 7.91e-04 -11.0 1.56e-03    -  1.00e+00 1.00e+00w  1
1569  6.5948824e-05 7.51e-06 3.42e-03 -11.0 1.59e-03    -  1.00e+00 1.00e+00w  1
iter    objective    inf_pr   inf_du lg(mu)  ||d||  lg(rg) alpha_du alpha_pr  ls
1570  6.4917810e-05 4.21e-06 8.47e-04 -11.0 5.36e-03    -  1.00e+00 1.25e-01h  3
1571  6.4910900e-05 3.80e-06 3.71e-04 -11.0 2.66e-03    -  1.00e+00 1.25e-01h  4
1572  6.4904793e-05 4.43e-06 1.72e-03 -11.0 1.23e-02    -  1.00e+00 6.25e-02h  5
1573  6.4898327e-05 5.34e-06 3.73e-03 -11.0 2.02e-01    -  1.00e+00 3.91e-03h  9
1574  6.4896783e-05 5.33e-06 4.05e-03 -11.0 1.90e-02    -  1.00e+00 7.81e-03h  8
1575  6.4893409e-05 5.39e-06 3.25e-03 -11.0 2.01e-02    -  1.00e+00 1.56e-02h  7
1576  6.4902391e-05 4.23e-06 1.90e-03 -11.0 1.45e-03    -  1.00e+00 2.50e-01h  3
1577  6.4925129e-05 2.95e-06 7.10e-04 -11.0 1.48e-03    -  1.00e+00 5.00e-01h  2
1578  6.4913038e-05 4.27e-06 1.63e-03 -11.0 6.59e-03    -  1.00e+00 1.25e-01h  4
1579  6.4897619e-05 4.68e-06 2.14e-03 -11.0 5.20e-02    -  1.00e+00 7.81e-03h  8
iter    objective    inf_pr   inf_du lg(mu)  ||d||  lg(rg) alpha_du alpha_pr  ls
1580  2.5555019e-04 1.63e-02 2.00e-01 -11.0 1.06e-01    -  1.00e+00 1.00e+00w  1
1581  5.3627263e-04 4.38e-03 2.59e-01 -11.0 4.68e-02    -  1.00e+00 1.00e+00w  1
1582  1.3551909e-02 4.09e-02 2.90e+00 -11.0 1.62e-01    -  1.00e+00 1.00e+00w  1
1583  6.4887985e-05 8.83e-06 5.19e-03 -11.0 4.54e-02    -  1.00e+00 1.56e-02h  6
1584  6.4873736e-05 1.08e-05 6.93e-03 -11.0 2.98e-02    -  1.00e+00 3.12e-02h  6
1585  6.4869928e-05 1.12e-05 8.31e-03 -11.0 4.92e-02    -  1.00e+00 1.56e-02h  7
1586  6.4848975e-05 1.20e-05 9.98e-03 -11.0 1.99e-02    -  1.00e+00 6.25e-02h  5
1587  6.4836476e-05 1.52e-05 1.23e-02 -11.0 9.31e-02    -  1.00e+00 1.56e-02h  7
1588  6.4814338e-05 1.55e-05 1.32e-02 -11.0 2.17e-01    -  1.00e+00 1.95e-03h 10
1589  6.4813300e-05 5.00e-05 2.01e-02 -11.0 2.90e-02    -  1.00e+00 1.25e-01h  4
iter    objective    inf_pr   inf_du lg(mu)  ||d||  lg(rg) alpha_du alpha_pr  ls
1590  6.4747230e-05 6.32e-05 2.52e-02 -11.0 1.13e+00    -  1.00e+00 1.95e-03h 10
1591  6.4694159e-05 7.21e-05 2.95e-02 -11.0 1.91e+00    -  1.00e+00 9.77e-04h 11
1592  6.4679730e-05 7.60e-05 3.19e-02 -11.0 6.28e-01    -  1.00e+00 1.95e-03h 10
1593  9.4813429e-04 2.29e-01 2.97e-01 -11.0 3.40e-01    -  1.00e+00 1.00e+00w  1
1594  1.1675690e-02 6.11e-02 4.55e-01 -11.0 1.84e-01    -  1.00e+00 1.00e+00w  1
1595  3.3014473e-02 5.90e-02 8.50e-01 -11.0 1.57e-01    -  1.00e+00 1.00e+00w  1
1596  6.4660737e-05 9.31e-05 3.65e-02 -11.0 1.33e-01    -  1.00e+00 7.81e-03h  7
1597  6.4645593e-05 7.19e-05 2.80e-02 -11.0 4.29e-03    -  1.00e+00 2.50e-01h  3
1598  6.4589971e-05 7.34e-05 2.63e-02 -11.0 4.38e-02    -  1.00e+00 3.12e-02h  6
1599  6.4481060e-05 8.56e-05 2.65e-02 -11.0 3.06e-01    -  1.00e+00 7.81e-03h  8
iter    objective    inf_pr   inf_du lg(mu)  ||d||  lg(rg) alpha_du alpha_pr  ls
1600  6.4457114e-05 9.45e-05 2.70e-02 -11.0 9.93e-01    -  1.00e+00 1.95e-03h 10
1601  6.4449469e-05 1.24e-04 2.84e-02 -11.0 2.24e-01    -  1.00e+00 1.56e-02h  7
1602  6.4418521e-05 2.23e-04 3.47e-02 -11.0 1.58e+00    -  1.00e+00 3.91e-03h  9
1603  6.4405158e-05 2.66e-04 4.02e-02 -11.0 8.35e+00    -  1.00e+00 4.88e-04h 12
1604  6.4364069e-05 2.66e-04 4.07e-02 -11.0 6.90e-01    -  1.00e+00 4.88e-04h 12
1605  6.4373953e-05 2.55e-04 3.87e-02 -11.0 2.40e-02    -  1.00e+00 6.25e-02h  5
1606  4.8635412e-04 1.13e-02 2.46e-01 -11.0 6.53e-02    -  1.00e+00 1.00e+00w  1
1607  1.5518235e-03 8.59e-03 8.05e-02 -11.0 5.76e-02    -  1.00e+00 1.00e+00w  1
1608  7.5342065e-02 1.14e-01 7.23e-01 -11.0 2.22e-01    -  1.00e+00 1.00e+00w  1
1609  6.4409000e-05 2.53e-04 3.89e-02 -11.0 1.86e-01    -  1.00e+00 1.56e-02h  6
iter    objective    inf_pr   inf_du lg(mu)  ||d||  lg(rg) alpha_du alpha_pr  ls
1610  6.4344399e-05 1.90e-04 2.89e-02 -11.0 9.67e-04    -  1.00e+00 2.50e-01h  3
1611  6.4192099e-05 4.64e-07 9.72e-04 -11.0 5.70e-04    -  1.00e+00 1.00e+00h  1
1612  6.4665086e-05 3.50e-08 4.82e-03 -11.0 1.34e-03    -  1.00e+00 1.00e+00H  1
1613  6.4644843e-05 4.01e-07 5.80e-03 -11.0 3.42e-03    -  1.00e+00 1.25e-01h  4
1614  6.5022243e-05 3.96e-13 3.25e-04 -11.0 1.64e-03    -  1.00e+00 1.00e+00H  1
1615  6.4940286e-05 2.00e-08 4.09e-04 -11.0 5.87e-03    -  1.00e+00 1.56e-02h  7
1616  6.4910914e-05 2.45e-08 4.72e-04 -11.0 5.12e-03    -  1.00e+00 7.81e-03h  8
1617  6.4658537e-05 3.08e-07 1.17e-03 -11.0 2.06e-03    -  1.00e+00 1.25e-01h  4
1618  6.4983847e-05 1.35e-13 4.34e-04 -11.0 7.13e-04    -  1.00e+00 1.00e+00H  1
1619  6.4499309e-05 3.25e-07 9.13e-04 -11.0 1.72e-03    -  1.00e+00 2.50e-01h  3
iter    objective    inf_pr   inf_du lg(mu)  ||d||  lg(rg) alpha_du alpha_pr  ls
1620  6.4242496e-05 4.67e-07 1.31e-03 -11.0 1.07e-03    -  1.00e+00 2.50e-01h  3
1621  6.5012670e-05 1.15e-13 2.75e-04 -11.0 1.17e-03    -  1.00e+00 1.00e+00H  1
1622  6.4883941e-05 2.58e-08 3.71e-04 -11.0 1.45e-03    -  1.00e+00 6.25e-02h  5
1623  6.4478036e-05 3.84e-07 1.30e-03 -11.0 5.62e-03    -  1.00e+00 6.25e-02h  5
1624  6.4256068e-05 2.30e-07 2.98e-03 -11.0 4.89e-04    -  1.00e+00 5.00e-01h  2
1625  6.4204006e-05 2.19e-09 1.97e-04 -11.0 7.76e-04    -  1.00e+00 1.00e+00H  1
1626  6.7039610e-05 1.31e-09 8.19e-04 -11.0 1.95e-03    -  1.00e+00 1.00e+00H  1
1627  6.6507928e-05 3.76e-10 5.63e-04 -11.0 6.94e-04    -  1.00e+00 1.00e+00H  1
1628  6.4082298e-05 1.05e-05 4.44e-03 -11.0 1.89e-03    -  1.00e+00 1.00e+00h  1
1629  6.4055558e-05 8.26e-06 3.34e-03 -11.0 1.39e-03    -  1.00e+00 2.50e-01h  3
iter    objective    inf_pr   inf_du lg(mu)  ||d||  lg(rg) alpha_du alpha_pr  ls
1630  6.4030332e-05 6.43e-06 2.86e-03 -11.0 9.94e-04    -  1.00e+00 2.50e-01h  3
1631  6.4155576e-05 4.37e-07 2.21e-03 -11.0 3.94e-04    -  1.00e+00 1.00e+00h  1
1632  6.4043040e-05 2.41e-07 2.03e-03 -11.0 2.84e-04    -  1.00e+00 5.00e-01h  2
1633  6.3973904e-05 1.96e-07 6.79e-04 -11.0 2.88e-04    -  1.00e+00 1.00e+00h  1
1634  6.4092681e-05 5.12e-08 1.39e-03 -11.0 1.62e-04    -  1.00e+00 1.00e+00h  1
1635  6.3957197e-05 9.57e-08 7.70e-05 -11.0 2.08e-04    -  1.00e+00 1.00e+00h  1
1636  6.3955352e-05 4.02e-09 2.39e-05 -11.0 4.66e-05    -  1.00e+00 1.00e+00h  1
1637  6.3932994e-05 2.89e-08 2.15e-04 -11.0 1.63e-04    -  1.00e+00 1.00e+00h  1
1638  6.3909906e-05 4.74e-07 1.19e-03 -11.0 8.36e-02    -  1.00e+00 7.81e-03h  8
1639  6.3841029e-05 4.75e-06 5.77e-03 -11.0 7.67e-03    -  1.00e+00 2.50e-01h  3
iter    objective    inf_pr   inf_du lg(mu)  ||d||  lg(rg) alpha_du alpha_pr  ls
1640  6.3806880e-05 7.19e-06 9.93e-03 -11.0 9.15e-02    -  1.00e+00 1.56e-02h  7
1641  6.3729989e-05 1.06e-05 1.61e-02 -11.0 2.73e-02    -  1.00e+00 6.25e-02h  5
1642  6.3698179e-05 1.36e-05 2.01e-02 -11.0 1.09e-01    -  1.00e+00 1.56e-02h  7
1643  6.3279485e-05 6.96e-05 2.69e-02 -11.0 2.39e-01    -  1.00e+00 3.12e-02h  6
1644  6.3274319e-05 6.96e-05 2.67e-02 -11.0 2.36e-01    -  1.00e+00 1.95e-03h 10
1645  6.3338915e-05 5.45e-05 2.22e-02 -11.0 6.14e-03    -  1.00e+00 2.50e-01h  3
1646  6.3331230e-05 5.36e-05 2.04e-02 -11.0 2.30e-02    -  1.00e+00 6.25e-02h  5
1647  6.3556442e-05 5.32e-05 1.82e-02 -11.0 3.00e-02    -  1.00e+00 3.12e-02h  6
1648  6.4147367e-05 1.71e-05 9.30e-03 -11.0 3.84e-03    -  1.00e+00 1.00e+00w  1
1649  4.3266596e-04 2.86e-03 7.99e-02 -11.0 4.75e-02    -  1.00e+00 1.00e+00w  1
iter    objective    inf_pr   inf_du lg(mu)  ||d||  lg(rg) alpha_du alpha_pr  ls
1650  9.6869843e-05 2.33e-03 1.66e-02 -11.0 4.07e-02    -  1.00e+00 1.00e+00w  1
1651  6.3451562e-05 3.04e-05 4.55e-03 -11.0 9.22e-02    -  1.00e+00 5.00e-01h  1
1652  6.3671271e-05 2.30e-05 3.91e-03 -11.0 1.97e-03    -  1.00e+00 2.50e-01h  3
1653  6.3167589e-05 2.81e-08 6.55e-04 -11.0 1.94e-04    -  1.00e+00 1.00e+00h  1
1654  6.3126684e-05 4.53e-08 1.65e-04 -11.0 1.86e-04    -  1.00e+00 1.00e+00h  1
1655  6.3143141e-05 4.95e-11 4.46e-05 -11.0 3.01e-04    -  1.00e+00 1.00e+00H  1
1656  6.3157814e-05 1.22e-12 9.94e-05 -11.0 8.72e-04    -  1.00e+00 1.00e+00H  1
1657  6.3157042e-05 4.89e-11 9.76e-05 -11.0 6.15e-03    -  1.00e+00 9.77e-04h 11
1658  6.3103167e-05 3.64e-07 8.93e-04 -11.0 2.37e-03    -  1.00e+00 2.50e-01h  3
1659  6.3121059e-05 3.82e-07 1.01e-03 -11.0 2.90e-03    -  1.00e+00 6.25e-02h  5
iter    objective    inf_pr   inf_du lg(mu)  ||d||  lg(rg) alpha_du alpha_pr  ls
1660  6.3103176e-05 7.75e-08 5.25e-04 -11.0 2.86e-04    -  1.00e+00 1.00e+00h  1
1661  6.3227318e-05 1.92e-14 2.58e-04 -11.0 7.74e-04    -  1.00e+00 1.00e+00H  1
1662  6.3221460e-05 2.64e-13 1.01e-04 -11.0 1.36e-03    -  1.00e+00 1.00e+00H  1
1663  6.3221179e-05 8.83e-13 1.01e-04 -11.0 6.95e-03    -  1.00e+00 1.22e-04h 14
1664  6.3220902e-05 1.71e-12 1.01e-04 -11.0 6.30e-03    -  1.00e+00 1.22e-04h 14
1665  6.3076071e-05 3.39e-07 4.98e-04 -11.0 1.23e-03    -  1.00e+00 5.00e-01h  2
1666  6.3040763e-05 4.98e-07 1.18e-03 -11.0 4.31e-03    -  1.00e+00 1.25e-01h  4
1667  6.3785724e-05 5.47e-14 4.08e-04 -11.0 4.82e-04    -  1.00e+00 1.00e+00H  1
1668  6.2960754e-05 7.43e-08 8.73e-04 -11.0 2.47e-04    -  1.00e+00 1.00e+00h  1
1669  6.2939978e-05 3.69e-09 1.94e-05 -11.0 5.52e-05    -  1.00e+00 1.00e+00h  1
iter    objective    inf_pr   inf_du lg(mu)  ||d||  lg(rg) alpha_du alpha_pr  ls
1670  6.2936547e-05 1.30e-09 1.48e-05 -11.0 3.81e-05    -  1.00e+00 1.00e+00h  1
1671  6.2938084e-05 3.55e-10 6.09e-05 -11.0 3.94e-04    -  1.00e+00 1.00e+00H  1
1672  6.2928220e-05 7.08e-08 2.86e-04 -11.0 3.38e-03    -  1.00e+00 6.25e-02h  5
1673  6.2921626e-05 5.36e-07 9.37e-04 -11.0 4.10e-03    -  1.00e+00 1.25e-01h  4
1674  6.2906184e-05 7.65e-07 1.40e-03 -11.0 6.45e-03    -  1.00e+00 6.25e-02h  5
1675  6.2903902e-05 8.45e-07 1.72e-03 -11.0 8.37e-03    -  1.00e+00 3.12e-02h  6
1676  6.2895567e-05 8.27e-07 1.83e-03 -11.0 2.97e-03    -  1.00e+00 6.25e-02h  5
1677  6.2876115e-05 1.99e-06 2.85e-03 -11.0 6.89e-03    -  1.00e+00 1.25e-01h  4
1678  6.2858520e-05 2.47e-06 3.56e-03 -11.0 2.04e-02    -  1.00e+00 3.12e-02h  6
1679  6.2856939e-05 2.48e-06 3.82e-03 -11.0 1.75e-02    -  1.00e+00 1.56e-02h  7
iter    objective    inf_pr   inf_du lg(mu)  ||d||  lg(rg) alpha_du alpha_pr  ls
1680  6.2861265e-05 2.03e-06 2.66e-03 -11.0 9.62e-04    -  1.00e+00 2.50e-01h  3
1681  6.2891808e-05 1.23e-06 1.27e-03 -11.0 7.29e-04    -  1.00e+00 5.00e-01h  2
1682  6.2939984e-05 1.88e-06 1.29e-03 -11.0 1.23e-03    -  1.00e+00 1.00e+00w  1
1683  9.9548240e-05 6.03e-05 9.93e-03 -11.0 7.11e-03    -  1.00e+00 1.00e+00w  1
1684  6.3405791e-05 8.07e-05 1.66e-03 -11.0 8.16e-03    -  1.00e+00 1.00e+00w  1
1685  6.2860383e-05 9.74e-07 6.29e-04 -11.0 7.96e-03    -  1.00e+00 5.00e-01h  1
1686  6.2839351e-05 4.03e-08 3.97e-04 -11.0 1.37e-04    -  1.00e+00 1.00e+00h  1
1687  6.2945024e-05 1.46e-10 1.72e-04 -11.0 2.22e-04    -  1.00e+00 1.00e+00H  1
1688  6.2830404e-05 9.09e-08 1.06e-04 -11.0 2.48e-04    -  1.00e+00 1.00e+00h  1
1689  6.2886936e-05 3.95e-09 1.07e-04 -11.0 6.17e-05    -  1.00e+00 1.00e+00h  1
iter    objective    inf_pr   inf_du lg(mu)  ||d||  lg(rg) alpha_du alpha_pr  ls
1690  6.2828055e-05 3.87e-09 4.02e-06 -11.0 5.18e-05    -  1.00e+00 1.00e+00h  1
1691  6.2827790e-05 8.08e-11 4.04e-06 -11.0 6.87e-06    -  1.00e+00 1.00e+00h  1
1692  6.2825019e-05 1.49e-07 5.91e-04 -11.0 8.92e-03    -  1.00e+00 3.12e-02h  6
1693  6.2823584e-05 1.70e-07 7.96e-04 -11.0 3.92e-03    -  1.00e+00 3.12e-02h  6
1694  6.2818477e-05 2.47e-07 1.14e-03 -11.0 3.62e-03    -  1.00e+00 6.25e-02h  5
1695  6.2810843e-05 3.53e-07 1.55e-03 -11.0 9.24e-03    -  1.00e+00 3.12e-02h  6
1696  6.2810149e-05 3.52e-07 1.61e-03 -11.0 3.28e-03    -  1.00e+00 1.56e-02h  7
1697  6.2795064e-05 1.49e-06 3.03e-03 -11.0 1.27e-02    -  1.00e+00 6.25e-02h  5
1698  6.2793210e-05 1.49e-06 3.16e-03 -11.0 1.19e-02    -  1.00e+00 7.81e-03h  8
1699  6.2794561e-05 1.38e-06 2.97e-03 -11.0 1.07e-03    -  1.00e+00 1.25e-01h  4
iter    objective    inf_pr   inf_du lg(mu)  ||d||  lg(rg) alpha_du alpha_pr  ls
1700  6.2809529e-05 1.07e-06 2.39e-03 -11.0 6.31e-04    -  1.00e+00 2.50e-01h  3
1701  6.2798614e-05 6.71e-07 1.29e-03 -11.0 6.94e-04    -  1.00e+00 5.00e-01h  2
1702  7.8701926e-05 3.03e-05 6.96e-03 -11.0 5.05e-03    -  1.00e+00 1.00e+00w  1
1703  6.3204981e-05 8.59e-05 5.60e-03 -11.0 7.62e-03    -  1.00e+00 1.00e+00w  1
1704  9.7493449e-04 3.51e-04 2.10e-02 -11.0 1.25e-02    -  1.00e+00 1.00e+00w  1
1705  6.2783845e-05 6.56e-07 1.13e-03 -11.0 1.20e-02    -  1.00e+00 3.12e-02h  5
1706  6.2783609e-05 2.93e-08 2.68e-04 -11.0 9.09e-05    -  1.00e+00 1.00e+00h  1
1707  6.2793940e-05 3.81e-10 3.34e-05 -11.0 3.54e-04    -  1.00e+00 1.00e+00H  1
1708  6.3513945e-05 7.16e-13 3.96e-04 -11.0 7.74e-04    -  1.00e+00 1.00e+00H  1
1709  6.2777524e-05 1.71e-06 4.66e-04 -11.0 1.02e-03    -  1.00e+00 1.00e+00h  1
iter    objective    inf_pr   inf_du lg(mu)  ||d||  lg(rg) alpha_du alpha_pr  ls
1710  6.2777602e-05 1.50e-06 4.03e-04 -11.0 3.76e-04    -  1.00e+00 1.25e-01h  4
1711  6.2771562e-05 9.26e-09 5.74e-06 -11.0 6.57e-05    -  1.00e+00 1.00e+00h  1
1712  6.2772818e-05 9.16e-09 1.98e-05 -11.0 3.89e-05    -  1.00e+00 1.00e+00h  1
1713  6.2771161e-05 1.45e-09 1.64e-05 -11.0 3.07e-05    -  1.00e+00 1.00e+00h  1
1714  6.2767220e-05 1.96e-09 7.23e-06 -11.0 4.47e-05    -  1.00e+00 1.00e+00h  1
1715  6.2764711e-05 5.93e-09 7.51e-06 -11.0 3.35e-05    -  1.00e+00 1.00e+00h  1
1716  6.3166723e-05 2.15e-11 2.14e-04 -11.0 1.24e-03    -  1.00e+00 1.00e+00H  1
1717  6.3163037e-05 3.40e-11 2.14e-04 -11.0 7.91e-04    -  1.00e+00 3.91e-03h  9
1718  6.3159995e-05 5.05e-11 2.13e-04 -11.0 1.11e-03    -  1.00e+00 1.95e-03h 10
1719  6.3158682e-05 5.31e-11 2.13e-04 -11.0 1.07e-03    -  1.00e+00 9.77e-04h 11
iter    objective    inf_pr   inf_du lg(mu)  ||d||  lg(rg) alpha_du alpha_pr  ls
1720  6.2946950e-05 9.22e-11 2.01e-04 -11.0 7.99e-04    -  1.00e+00 1.00e+00H  1
1721  6.3395089e-05 3.93e-11 3.32e-04 -11.0 7.48e-04    -  1.00e+00 1.00e+00H  1
1722  6.3392704e-05 5.73e-11 3.31e-04 -11.0 1.84e-03    -  1.00e+00 9.77e-04h 11
1723  6.5074074e-05 1.29e-11 4.24e-04 -11.0 7.29e-04    -  1.00e+00 1.00e+00H  1
1724  6.5063714e-05 2.99e-11 4.23e-04 -11.0 8.92e-04    -  1.00e+00 1.95e-03h 10
1725  6.5058026e-05 3.44e-11 4.22e-04 -11.0 9.25e-04    -  1.00e+00 9.77e-04h 11
1726  6.5054733e-05 3.63e-11 4.22e-04 -11.0 1.21e-03    -  1.00e+00 4.88e-04h 12
1727  6.5053204e-05 3.73e-11 4.21e-04 -11.0 1.74e-03    -  1.00e+00 2.44e-04h 13
1728  6.5052027e-05 3.81e-11 4.21e-04 -11.0 2.97e-03    -  1.00e+00 1.22e-04h 14
1729  6.7586048e-05 2.28e-12 5.40e-04 -11.0 1.85e-03    -  1.00e+00 1.00e+00H  1
iter    objective    inf_pr   inf_du lg(mu)  ||d||  lg(rg) alpha_du alpha_pr  ls
1730  6.7570361e-05 2.48e-11 5.39e-04 -11.0 1.98e-03    -  1.00e+00 9.77e-04h 11
1731  6.5165915e-05 1.39e-11 7.50e-04 -11.0 8.36e-04    -  1.00e+00 1.00e+00H  1
1732  6.2646190e-05 4.61e-07 1.06e-03 -11.0 5.00e-04    -  1.00e+00 1.00e+00h  1
1733  6.2629879e-05 3.51e-08 2.57e-04 -11.0 8.25e-05    -  1.00e+00 1.00e+00h  1
1734  6.2636696e-05 1.15e-08 4.47e-05 -11.0 6.46e-05    -  1.00e+00 1.00e+00h  1
1735  6.2621916e-05 5.95e-09 1.37e-05 -11.0 3.51e-05    -  1.00e+00 1.00e+00h  1
1736  6.2618833e-05 3.37e-09 1.04e-05 -11.0 3.75e-05    -  1.00e+00 1.00e+00h  1
1737  6.2660821e-05 2.24e-09 8.94e-05 -11.0 5.02e-04    -  1.00e+00 1.00e+00H  1
1738  6.3844899e-05 1.71e-10 3.59e-04 -11.0 8.60e-04    -  1.00e+00 1.00e+00H  1
1739  6.2604181e-05 1.90e-06 1.18e-03 -11.0 9.65e-04    -  1.00e+00 1.00e+00h  1
iter    objective    inf_pr   inf_du lg(mu)  ||d||  lg(rg) alpha_du alpha_pr  ls
1740  6.2601167e-05 1.43e-06 8.79e-04 -11.0 2.71e-04    -  1.00e+00 2.50e-01h  3
1741  6.2587790e-05 9.02e-08 2.64e-04 -11.0 2.54e-04    -  1.00e+00 1.00e+00h  1
1742  6.3823736e-05 6.30e-10 4.52e-04 -11.0 1.23e-03    -  1.00e+00 1.00e+00H  1
1743  6.2573822e-05 6.53e-07 1.25e-03 -11.0 8.07e-04    -  1.00e+00 1.00e+00h  1
1744  6.2562290e-05 5.72e-07 1.10e-03 -11.0 3.08e-04    -  1.00e+00 1.25e-01h  4
1745  6.2555559e-05 3.73e-09 1.02e-05 -11.0 4.55e-05    -  1.00e+00 1.00e+00h  1
1746  6.2551396e-05 1.57e-07 3.59e-04 -11.0 2.25e-04    -  1.00e+00 1.00e+00h  1
1747  6.2528209e-05 7.46e-06 2.83e-03 -11.0 2.15e-02    -  1.00e+00 6.25e-02h  5
1748  6.2520015e-05 8.59e-06 3.83e-03 -11.0 2.77e-01    -  1.00e+00 1.95e-03h 10
1749  6.2512815e-05 3.05e-05 7.96e-03 -11.0 3.75e-02    -  1.00e+00 6.25e-02h  5
iter    objective    inf_pr   inf_du lg(mu)  ||d||  lg(rg) alpha_du alpha_pr  ls
1750  6.2496742e-05 3.59e-05 1.09e-02 -11.0 5.70e-01    -  1.00e+00 1.95e-03h 10
1751  6.2492983e-05 3.75e-05 1.24e-02 -11.0 7.73e-02    -  1.00e+00 7.81e-03h  8
1752  6.2485058e-05 7.61e-05 1.83e-02 -11.0 3.78e-01    -  1.00e+00 7.81e-03h  8
1753  6.2481187e-05 8.02e-05 2.03e-02 -11.0 2.25e-01    -  1.00e+00 3.91e-03h  9
1754  6.2440239e-05 8.59e-05 2.50e-02 -11.0 7.32e-02    -  1.00e+00 1.56e-02h  7
1755  6.2432479e-05 1.03e-04 3.06e-02 -11.0 1.14e-01    -  1.00e+00 1.56e-02h  7
1756  6.2423022e-05 1.03e-04 2.89e-02 -11.0 1.10e-01    -  1.00e+00 7.81e-03h  8
1757  7.3514257e-05 4.11e-05 8.37e-03 -11.0 7.98e-03    -  1.00e+00 1.00e+00w  1
1758  6.4138096e-05 5.26e-04 3.02e-02 -11.0 1.27e-02    -  1.00e+00 1.00e+00w  1
1759  6.0939035e-02 6.44e-01 1.03e+00 -11.0 4.95e-01    -  1.00e+00 1.00e+00w  1
iter    objective    inf_pr   inf_du lg(mu)  ||d||  lg(rg) alpha_du alpha_pr  ls
1760  6.2357138e-05 9.00e-05 2.50e-02 -11.0 7.73e+00    -  1.00e+00 1.25e-01h  3
1761  6.2347460e-05 8.82e-05 2.49e-02 -11.0 2.81e-02    -  1.00e+00 3.12e-02h  6
1762  6.2280554e-05 6.72e-05 1.56e-02 -11.0 1.68e-03    -  1.00e+00 2.50e-01h  3
1763  6.2200350e-05 5.05e-05 1.06e-02 -11.0 2.11e-03    -  1.00e+00 2.50e-01h  3
1764  6.2140634e-05 3.93e-05 9.84e-03 -11.0 3.17e-03    -  1.00e+00 2.50e-01h  3
1765  6.9377399e-05 3.52e-05 1.32e-02 -11.0 3.36e-03    -  1.00e+00 1.00e+00h  1
1766  6.5244812e-05 3.59e-06 1.20e-02 -11.0 1.09e-03    -  1.00e+00 1.00e+00h  1
1767  6.2739798e-05 7.81e-06 4.39e-03 -11.0 1.48e-03    -  1.00e+00 1.00e+00h  1
1768  6.4621527e-05 1.96e-06 6.31e-03 -11.0 1.33e-03    -  1.00e+00 1.00e+00h  1
1769  6.2153160e-05 1.62e-06 2.61e-03 -11.0 8.93e-04    -  1.00e+00 1.00e+00h  1
iter    objective    inf_pr   inf_du lg(mu)  ||d||  lg(rg) alpha_du alpha_pr  ls
1770  6.2094136e-05 3.90e-07 1.62e-03 -11.0 5.14e-04    -  1.00e+00 1.00e+00h  1
1771  6.1946720e-05 3.53e-07 4.22e-04 -11.0 4.37e-04    -  1.00e+00 1.00e+00h  1
1772  6.2270610e-05 1.41e-07 9.47e-04 -11.0 4.37e-04    -  1.00e+00 1.00e+00h  1
1773  6.1925230e-05 1.09e-07 1.40e-04 -11.0 3.35e-04    -  1.00e+00 1.00e+00h  1
1774  6.1925301e-05 2.05e-09 2.30e-05 -11.0 3.85e-05    -  1.00e+00 1.00e+00h  1
1775  6.1919394e-05 1.88e-09 1.16e-05 -11.0 3.80e-05    -  1.00e+00 1.00e+00h  1
1776  6.1916888e-05 2.24e-09 1.06e-05 -11.0 5.76e-05    -  1.00e+00 1.00e+00h  1
1777  6.1925269e-05 8.88e-10 4.90e-05 -11.0 6.00e-04    -  1.00e+00 1.00e+00H  1
1778  6.2399378e-05 3.62e-11 4.38e-04 -11.0 4.82e-04    -  1.00e+00 1.00e+00H  1
1779  6.1903940e-05 2.15e-07 2.36e-04 -11.0 7.37e-04    -  1.00e+00 1.00e+00h  1
iter    objective    inf_pr   inf_du lg(mu)  ||d||  lg(rg) alpha_du alpha_pr  ls
1780  6.1914155e-05 6.95e-09 4.74e-05 -11.0 5.91e-05    -  1.00e+00 1.00e+00h  1
1781  6.1900176e-05 3.04e-09 1.05e-05 -11.0 3.21e-05    -  1.00e+00 1.00e+00h  1
1782  6.1899160e-05 3.30e-10 8.08e-06 -11.0 1.18e-05    -  1.00e+00 1.00e+00h  1
1783  6.1894154e-05 3.09e-08 3.03e-04 -11.0 1.04e-04    -  1.00e+00 1.00e+00h  1
1784  6.1890552e-05 9.93e-08 8.55e-04 -11.0 2.75e-03    -  1.00e+00 6.25e-02h  5
1785  6.2531285e-05 1.17e-11 2.96e-04 -11.0 9.39e-04    -  1.00e+00 1.00e+00H  1
1786  6.1900441e-05 5.82e-11 1.21e-04 -11.0 3.34e-04    -  1.00e+00 1.00e+00H  1
1787  6.2094356e-05 1.14e-11 3.10e-04 -11.0 2.42e-04    -  1.00e+00 1.00e+00H  1
1788  6.1861990e-05 8.19e-08 3.57e-04 -11.0 1.98e-04    -  1.00e+00 1.00e+00h  1
1789  6.1858816e-05 5.67e-09 1.85e-05 -11.0 4.14e-05    -  1.00e+00 1.00e+00h  1
iter    objective    inf_pr   inf_du lg(mu)  ||d||  lg(rg) alpha_du alpha_pr  ls
1790  6.1940566e-05 1.49e-12 1.09e-04 -11.0 7.29e-04    -  1.00e+00 1.00e+00H  1
1791  6.1972936e-05 3.16e-14 8.20e-05 -11.0 4.82e-04    -  1.00e+00 1.00e+00H  1
1792  6.1972708e-05 1.00e-12 8.20e-05 -11.0 2.00e-03    -  1.00e+00 2.44e-04h 13
1793  6.1972438e-05 1.49e-12 8.19e-05 -11.0 8.93e-04    -  1.00e+00 4.88e-04h 12
1794  6.1977984e-05 5.50e-14 1.27e-04 -11.0 2.44e-04    -  1.00e+00 1.00e+00H  1
1795  6.1855847e-05 4.08e-08 5.31e-04 -11.0 1.11e-04    -  1.00e+00 1.00e+00h  1
1796  6.1819405e-05 5.65e-09 1.99e-05 -11.0 5.88e-05    -  1.00e+00 1.00e+00h  1
1797  6.1818229e-05 2.90e-09 7.55e-06 -11.0 2.61e-05    -  1.00e+00 1.00e+00h  1
1798  6.1816192e-05 1.96e-08 2.13e-04 -11.0 8.13e-05    -  1.00e+00 1.00e+00h  1
1799  6.1807796e-05 3.70e-07 1.02e-03 -11.0 2.76e-03    -  1.00e+00 1.25e-01h  4
iter    objective    inf_pr   inf_du lg(mu)  ||d||  lg(rg) alpha_du alpha_pr  ls
1800  6.1804693e-05 4.96e-07 1.46e-03 -11.0 1.40e-02    -  1.00e+00 1.56e-02h  7
1801  6.1802592e-05 5.71e-07 1.79e-03 -11.0 5.83e-03    -  1.00e+00 3.12e-02h  6
1802  6.1796466e-05 8.13e-07 2.56e-03 -11.0 1.50e-03    -  1.00e+00 2.50e-01h  3
1803  6.1769302e-05 1.05e-05 6.02e-03 -11.0 5.72e-02    -  1.00e+00 3.12e-02h  6
1804  6.1787093e-05 1.05e-05 6.86e-03 -11.0 2.01e-02    -  1.00e+00 7.81e-03h  8
1805  6.1758707e-05 2.08e-06 1.15e-03 -11.0 8.32e-04    -  1.00e+00 1.00e+00h  1
1806  6.1753529e-05 2.12e-06 7.62e-04 -11.0 1.63e-02    -  1.00e+00 7.81e-03h  8
1807  6.1794228e-05 1.64e-06 4.00e-04 -11.0 9.48e-04    -  1.00e+00 2.50e-01h  3
1808  6.1751623e-05 1.57e-07 2.62e-04 -11.0 2.39e-04    -  1.00e+00 1.00e+00h  1
1809  6.1747578e-05 2.00e-07 2.07e-04 -11.0 1.26e-03    -  1.00e+00 1.25e-01h  4
iter    objective    inf_pr   inf_du lg(mu)  ||d||  lg(rg) alpha_du alpha_pr  ls
1810  6.1748975e-05 1.76e-07 2.31e-04 -11.0 2.52e-04    -  1.00e+00 1.25e-01h  4
1811  6.1744390e-05 5.28e-08 3.11e-04 -11.0 1.26e-04    -  1.00e+00 1.00e+00h  1
1812  6.1941199e-05 1.11e-14 3.53e-04 -11.0 1.96e-04    -  1.00e+00 1.00e+00H  1
1813  6.1741248e-05 3.69e-08 1.59e-04 -11.0 1.90e-04    -  1.00e+00 1.00e+00h  1
1814  6.1740033e-05 1.23e-09 4.88e-06 -11.0 1.79e-05    -  1.00e+00 1.00e+00h  1
1815  6.1738193e-05 6.35e-08 5.87e-04 -11.0 1.19e-04    -  1.00e+00 1.00e+00h  1
1816  6.1725698e-05 9.39e-07 2.91e-03 -11.0 3.86e-03    -  1.00e+00 1.25e-01h  4
1817  6.1722099e-05 1.04e-06 3.63e-03 -11.0 2.35e-02    -  1.00e+00 7.81e-03h  8
1818  6.1721191e-05 1.17e-06 3.86e-03 -11.0 4.31e-03    -  1.00e+00 6.25e-02h  5
1819  6.1718302e-05 1.46e-06 3.83e-03 -11.0 6.66e-03    -  1.00e+00 6.25e-02h  5
iter    objective    inf_pr   inf_du lg(mu)  ||d||  lg(rg) alpha_du alpha_pr  ls
1820  6.1717180e-05 1.44e-06 3.81e-03 -11.0 4.04e-03    -  1.00e+00 1.56e-02h  7
1821  6.1709294e-05 1.42e-06 4.30e-03 -11.0 1.97e-03    -  1.00e+00 1.25e-01h  4
1822  6.1705738e-05 1.38e-06 4.32e-03 -11.0 2.40e-03    -  1.00e+00 3.12e-02h  6
1823  6.1683592e-05 4.55e-07 3.72e-04 -11.0 6.57e-04    -  1.00e+00 1.00e+00h  1
1824  6.1680447e-05 5.34e-07 4.43e-04 -11.0 2.01e-02    -  1.00e+00 1.56e-02h  7
1825  6.1677087e-05 5.18e-07 6.21e-04 -11.0 1.94e-03    -  1.00e+00 1.25e-01h  4
1826  6.1671972e-05 5.14e-06 2.69e-03 -11.0 2.22e-02    -  1.00e+00 6.25e-02h  5
1827  6.1667664e-05 5.61e-06 3.48e-03 -11.0 1.12e-01    -  1.00e+00 3.91e-03h  9
1828  6.1664809e-05 5.79e-06 4.21e-03 -11.0 3.61e-02    -  1.00e+00 7.81e-03h  8
1829  6.1657643e-05 6.04e-06 5.15e-03 -11.0 4.17e-02    -  1.00e+00 7.81e-03h  8
iter    objective    inf_pr   inf_du lg(mu)  ||d||  lg(rg) alpha_du alpha_pr  ls
1830  6.1655142e-05 6.09e-06 5.75e-03 -11.0 2.15e-02    -  1.00e+00 7.81e-03h  8
1831  6.1651589e-05 5.99e-06 6.45e-03 -11.0 5.58e-03    -  1.00e+00 3.12e-02h  6
1832  6.1657726e-05 5.73e-06 7.07e-03 -11.0 3.41e-03    -  1.00e+00 6.25e-02h  5
1833  6.1650733e-05 5.77e-06 6.16e-03 -11.0 7.78e-03    -  1.00e+00 6.25e-02h  5
1834  8.0877590e-05 2.06e-03 7.26e-02 -11.0 2.93e-02    -  1.00e+00 1.00e+00w  1
1835  3.9364570e-04 2.81e-04 8.89e-02 -11.0 1.03e-02    -  1.00e+00 1.00e+00w  1
1836  7.4148135e-05 1.48e-03 8.70e-02 -11.0 2.93e-02    -  1.00e+00 1.00e+00w  1
1837  6.1644229e-05 7.59e-06 4.03e-03 -11.0 8.05e-02    -  1.00e+00 3.12e-02h  5
1838  6.1650942e-05 4.12e-06 1.58e-03 -11.0 7.81e-04    -  1.00e+00 5.00e-01h  2
1839  6.1647972e-05 4.39e-06 2.24e-03 -11.0 1.31e-02    -  1.00e+00 3.12e-02h  6
iter    objective    inf_pr   inf_du lg(mu)  ||d||  lg(rg) alpha_du alpha_pr  ls
1840  6.1642443e-05 4.60e-06 2.77e-03 -11.0 2.22e-02    -  1.00e+00 1.56e-02h  7
1841  6.1641682e-05 4.68e-06 3.14e-03 -11.0 2.65e-02    -  1.00e+00 7.81e-03h  8
1842  6.1638183e-05 4.19e-06 3.10e-03 -11.0 3.91e-03    -  1.00e+00 1.25e-01h  4
1843  6.1633157e-05 4.27e-06 3.48e-03 -11.0 1.01e-02    -  1.00e+00 6.25e-02h  5
1844  6.1611312e-05 5.54e-06 4.44e-03 -11.0 1.24e-02    -  1.00e+00 6.25e-02h  5
1845  6.1592824e-05 7.14e-06 6.43e-03 -11.0 9.81e-02    -  1.00e+00 7.81e-03h  8
1846  6.1581399e-05 8.75e-06 8.85e-03 -11.0 8.88e-02    -  1.00e+00 7.81e-03h  8
1847  2.4206384e-04 1.80e-02 1.90e-01 -11.0 7.71e-02    -  1.00e+00 1.00e+00w  1
1848  3.1039643e-04 1.25e-03 1.13e-01 -11.0 2.28e-02    -  1.00e+00 1.00e+00w  1
1849  3.3410518e-03 2.92e-03 1.93e-01 -11.0 3.67e-02    -  1.00e+00 1.00e+00w  1
iter    objective    inf_pr   inf_du lg(mu)  ||d||  lg(rg) alpha_du alpha_pr  ls
1850  6.1571917e-05 9.83e-06 1.04e-02 -11.0 4.29e-02    -  1.00e+00 7.81e-03h  7
1851  6.1559000e-05 9.99e-06 1.08e-02 -11.0 1.13e-02    -  1.00e+00 3.12e-02h  6
1852  6.1538275e-05 1.62e-05 1.37e-02 -11.0 4.29e-02    -  1.00e+00 3.12e-02h  6
1853  6.1536939e-05 1.66e-05 1.21e-02 -11.0 1.06e-01    -  1.00e+00 3.91e-03h  9
1854  6.1511956e-05 1.52e-05 1.12e-02 -11.0 7.15e-03    -  1.00e+00 1.25e-01h  4
1855  6.1508107e-05 1.70e-05 1.31e-02 -11.0 5.79e-02    -  1.00e+00 1.56e-02h  7
1856  6.1500625e-05 2.00e-05 1.58e-02 -11.0 1.27e-01    -  1.00e+00 7.81e-03h  8
1857  6.1484976e-05 2.39e-05 1.89e-02 -11.0 7.46e-02    -  1.00e+00 1.56e-02h  7
1858  6.1468445e-05 2.48e-05 2.05e-02 -11.0 2.76e-01    -  1.00e+00 1.95e-03h 10
1859  6.1468085e-05 3.55e-05 2.47e-02 -11.0 6.32e-02    -  1.00e+00 3.12e-02h  6
iter    objective    inf_pr   inf_du lg(mu)  ||d||  lg(rg) alpha_du alpha_pr  ls
1860  4.1766114e-03 7.17e-01 9.37e-01 -11.0 8.85e-01    -  1.00e+00 1.00e+00w  1
1861  1.1689003e+03 1.55e+01 5.59e+02 -11.0 7.33e+00    -  1.00e+00 1.00e+00w  1
1862  1.0182154e+02 2.66e+00 5.35e+01 -11.0 8.90e+00    -  1.00e+00 1.00e+00w  1
1863  6.1317272e-05 1.74e-04 4.11e-02 -11.0 2.43e+01    -  1.00e+00 7.81e-03h  7
1864  6.1126787e-05 3.78e-06 2.81e-03 -11.0 1.14e-03    -  1.00e+00 1.00e+00h  1
1865  6.1069327e-05 3.87e-06 1.96e-03 -11.0 1.88e-02    -  1.00e+00 3.12e-02h  6
1866  6.0992564e-05 7.70e-06 6.23e-03 -11.0 2.63e-02    -  1.00e+00 6.25e-02h  5
1867  6.0974197e-05 1.32e-05 1.17e-02 -11.0 2.05e-01    -  1.00e+00 7.81e-03h  8
1868  6.0934637e-05 1.98e-05 1.74e-02 -11.0 2.14e-01    -  1.00e+00 7.81e-03h  8
1869  6.0795868e-05 4.56e-04 8.53e-02 -11.0 8.52e-01    -  1.00e+00 1.56e-02h  7
iter    objective    inf_pr   inf_du lg(mu)  ||d||  lg(rg) alpha_du alpha_pr  ls
1870  6.0727940e-05 4.72e-04 9.75e-02 -11.0 5.45e+00    -  1.00e+00 4.88e-04h 12
1871  6.0720264e-05 4.99e-04 1.12e-01 -11.0 1.79e+00    -  1.00e+00 1.95e-03h 10
1872  6.0685079e-05 5.00e-04 1.15e-01 -11.0 2.66e-01    -  1.00e+00 3.91e-03h  9
1873  6.0570217e-05 5.03e-04 1.22e-01 -11.0 1.33e-01    -  1.00e+00 1.56e-02h  7
1874  6.0512686e-05 5.03e-04 1.23e-01 -11.0 3.37e-01    -  1.00e+00 1.95e-03h 10
1875  1.6916155e-04 1.04e-03 1.60e-01 -11.0 2.28e-02    -  1.00e+00 1.00e+00w  1
1876  1.4044905e-04 4.68e-04 2.16e-01 -11.0 1.63e-02    -  1.00e+00 1.00e+00w  1
1877  1.9657611e-02 3.73e-03 2.60e+00 -11.0 5.01e-02    -  1.00e+00 1.00e+00w  1
1878  6.0703182e-05 4.75e-04 1.19e-01 -11.0 3.80e-02    -  1.00e+00 6.25e-02h  4
1879  6.0589497e-05 1.58e-05 1.80e-02 -11.0 2.08e-03    -  1.00e+00 1.00e+00h  1
iter    objective    inf_pr   inf_du lg(mu)  ||d||  lg(rg) alpha_du alpha_pr  ls
1880  6.0463894e-05 1.50e-05 2.17e-02 -11.0 5.30e-03    -  1.00e+00 6.25e-02h  5
1881  6.0251310e-05 1.59e-05 5.42e-03 -11.0 2.48e-03    -  1.00e+00 1.00e+00h  1
1882  6.0013911e-05 2.53e-05 1.28e-02 -11.0 1.20e-01    -  1.00e+00 1.56e-02h  7
1883  6.0035001e-05 2.49e-05 1.39e-02 -11.0 2.12e-02    -  1.00e+00 1.56e-02h  7
1884  5.9889805e-05 1.62e-06 5.94e-03 -11.0 8.52e-04    -  1.00e+00 1.00e+00h  1
1885  5.9806906e-05 2.24e-06 4.38e-03 -11.0 4.62e-03    -  1.00e+00 1.25e-01h  4
1886  6.0110833e-05 1.22e-07 1.03e-02 -11.0 1.45e-03    -  1.00e+00 1.00e+00H  1
1887  5.9987958e-05 7.81e-07 7.46e-03 -11.0 1.01e-02    -  1.00e+00 6.25e-02h  5
1888  5.9796410e-05 3.51e-06 2.05e-03 -11.0 8.78e-02    -  1.00e+00 1.56e-02h  7
1889  5.9738486e-05 7.21e-06 6.64e-03 -11.0 1.72e-01    -  1.00e+00 7.81e-03h  8
iter    objective    inf_pr   inf_du lg(mu)  ||d||  lg(rg) alpha_du alpha_pr  ls
1890  5.9685374e-05 7.09e-06 8.42e-03 -11.0 7.67e-02    -  1.00e+00 7.81e-03h  8
1891  5.9650169e-05 1.03e-05 1.41e-02 -11.0 2.69e-02    -  1.00e+00 6.25e-02h  5
1892  5.9584068e-05 1.30e-05 1.93e-02 -11.0 1.77e-01    -  1.00e+00 7.81e-03h  8
1893  5.9529965e-05 1.37e-05 1.59e-02 -11.0 1.14e-01    -  1.00e+00 7.81e-03h  8
1894  5.9593128e-05 1.35e-05 1.35e-02 -11.0 2.86e-02    -  1.00e+00 3.12e-02h  6
1895  5.9580403e-05 1.26e-05 1.46e-02 -11.0 4.67e-03    -  1.00e+00 1.25e-01h  4
1896  5.9551767e-05 1.25e-05 1.63e-02 -11.0 1.61e-02    -  1.00e+00 3.12e-02h  6
1897  1.8541892e-04 1.83e-04 1.76e-02 -11.0 1.87e-02    -  1.00e+00 1.00e+00w  1
1898  6.2430594e-05 1.66e-04 3.10e-03 -11.0 1.63e-02    -  1.00e+00 1.00e+00w  1
1899  1.7588890e-04 8.50e-05 2.50e-02 -11.0 1.20e-02    -  1.00e+00 1.00e+00w  1
iter    objective    inf_pr   inf_du lg(mu)  ||d||  lg(rg) alpha_du alpha_pr  ls
1900  5.9529925e-05 1.22e-05 1.61e-02 -11.0 9.70e-03    -  1.00e+00 3.12e-02h  5
1901  5.9482560e-05 6.47e-06 7.33e-03 -11.0 8.53e-04    -  1.00e+00 5.00e-01h  2
1902  5.9488809e-05 3.38e-06 3.22e-03 -11.0 7.31e-04    -  1.00e+00 5.00e-01h  2
1903  5.9414301e-05 3.55e-07 7.67e-04 -11.0 3.09e-04    -  1.00e+00 1.00e+00h  1
1904  5.9686938e-05 1.26e-08 1.62e-04 -11.0 1.02e-03    -  1.00e+00 1.00e+00H  1
1905  5.9600878e-05 2.28e-09 2.77e-04 -11.0 4.51e-04    -  1.00e+00 1.00e+00H  1
1906  6.0016237e-05 1.71e-09 4.31e-04 -11.0 7.08e-04    -  1.00e+00 1.00e+00H  1
1907  5.9363164e-05 1.45e-06 1.33e-03 -11.0 6.57e-04    -  1.00e+00 1.00e+00h  1
1908  5.9337108e-05 1.15e-06 6.04e-04 -11.0 4.88e-04    -  1.00e+00 2.50e-01h  3
1909  5.9310277e-05 2.48e-08 2.70e-05 -11.0 1.03e-04    -  1.00e+00 1.00e+00h  1
iter    objective    inf_pr   inf_du lg(mu)  ||d||  lg(rg) alpha_du alpha_pr  ls
1910  5.9306804e-05 5.07e-09 1.01e-05 -11.0 3.90e-05    -  1.00e+00 1.00e+00h  1
1911  5.9305060e-05 6.50e-10 7.28e-06 -11.0 1.67e-05    -  1.00e+00 1.00e+00h  1
1912  5.9304263e-05 8.33e-10 6.39e-06 -11.0 1.75e-05    -  1.00e+00 1.00e+00h  1
1913  5.9302837e-05 6.84e-10 5.21e-06 -11.0 2.65e-05    -  1.00e+00 1.00e+00h  1
1914  5.9541884e-05 1.76e-10 2.13e-04 -11.0 8.80e-04    -  1.00e+00 1.00e+00H  1
1915  5.9596501e-05 3.83e-12 2.43e-04 -11.0 3.97e-04    -  1.00e+00 1.00e+00H  1
1916  5.9385375e-05 8.45e-10 2.33e-04 -11.0 8.41e-04    -  1.00e+00 1.00e+00H  1
1917  5.9373071e-05 1.03e-09 2.19e-04 -11.0 1.02e-03    -  1.00e+00 1.56e-02h  7
1918  5.9285665e-05 1.79e-07 5.16e-04 -11.0 3.16e-04    -  1.00e+00 1.00e+00h  1
1919  6.0223292e-05 1.59e-13 3.43e-04 -11.0 3.50e-04    -  1.00e+00 1.00e+00H  1
iter    objective    inf_pr   inf_du lg(mu)  ||d||  lg(rg) alpha_du alpha_pr  ls
1920  5.9279357e-05 1.98e-07 5.61e-04 -11.0 3.35e-04    -  1.00e+00 1.00e+00h  1
1921  5.9277771e-05 1.31e-10 8.83e-06 -11.0 8.93e-06    -  1.00e+00 1.00e+00h  1
1922  5.9270023e-05 1.38e-07 4.31e-04 -11.0 2.11e-03    -  1.00e+00 1.25e-01h  4
1923  5.9234147e-05 4.44e-06 1.06e-03 -11.0 5.88e-03    -  1.00e+00 2.50e-01h  3
1924  5.9221686e-05 4.72e-06 1.31e-03 -11.0 1.01e-01    -  1.00e+00 3.91e-03h  9
1925  5.9212297e-05 4.82e-06 1.43e-03 -11.0 1.94e-02    -  1.00e+00 1.56e-02h  7
1926  5.9197634e-05 5.58e-06 1.73e-03 -11.0 1.24e-02    -  1.00e+00 6.25e-02h  5
1927  5.9179305e-05 6.31e-06 2.05e-03 -11.0 8.13e-02    -  1.00e+00 7.81e-03h  8
1928  5.9154332e-05 9.31e-06 2.76e-03 -11.0 4.26e-02    -  1.00e+00 3.12e-02h  6
1929  5.9133615e-05 1.21e-05 3.46e-03 -11.0 8.39e-02    -  1.00e+00 1.56e-02h  7
iter    objective    inf_pr   inf_du lg(mu)  ||d||  lg(rg) alpha_du alpha_pr  ls
1930  5.9112533e-05 2.35e-05 4.48e-03 -11.0 1.75e-01    -  1.00e+00 1.56e-02h  7
1931  5.9089003e-05 6.33e-05 5.60e-03 -11.0 3.29e-01    -  1.00e+00 1.56e-02h  7
1932  2.0012509e-02 7.83e-01 8.92e-01 -11.0 8.14e-01    -  1.00e+00 1.00e+00w  1
1933  6.3819462e-02 9.13e-02 9.79e-01 -11.0 4.26e-01    -  1.00e+00 1.00e+00w  1
1934  1.8051212e-02 3.29e-02 8.20e-01 -11.0 1.54e-01    -  1.00e+00 1.00e+00w  1
1935  5.9072407e-05 6.71e-05 5.98e-03 -11.0 2.53e-01    -  1.00e+00 1.95e-03h  9
1936  5.9060608e-05 6.78e-05 5.79e-03 -11.0 1.43e+00    -  1.00e+00 4.88e-04h 12
1937  5.9046433e-05 6.74e-05 5.51e-03 -11.0 3.81e-02    -  1.00e+00 7.81e-03h  8
1938  5.9047645e-05 6.00e-05 4.65e-03 -11.0 7.06e-03    -  1.00e+00 1.25e-01h  4
1939  5.9029134e-05 6.27e-05 4.19e-03 -11.0 5.54e-02    -  1.00e+00 3.12e-02h  6
iter    objective    inf_pr   inf_du lg(mu)  ||d||  lg(rg) alpha_du alpha_pr  ls
1940  5.9021098e-05 6.26e-05 4.12e-03 -11.0 4.54e-02    -  1.00e+00 1.56e-02h  7
1941  5.9042711e-05 6.19e-05 3.56e-03 -11.0 2.77e-02    -  1.00e+00 3.12e-02h  6
1942  5.9096168e-05 5.81e-05 2.85e-03 -11.0 3.68e-03    -  1.00e+00 6.25e-02h  5
1943  5.8963712e-05 7.27e-06 5.83e-04 -11.0 2.21e-03    -  1.00e+00 1.00e+00h  1
1944  5.8977048e-05 7.22e-06 7.55e-04 -11.0 1.22e-02    -  1.00e+00 1.56e-02h  7
1945  5.8966785e-05 2.70e-08 6.54e-04 -11.0 1.39e-04    -  1.00e+00 1.00e+00h  1
1946  5.9015701e-05 1.97e-10 1.22e-04 -11.0 1.71e-04    -  1.00e+00 1.00e+00H  1
1947  5.8951095e-05 4.63e-08 4.64e-04 -11.0 1.27e-04    -  1.00e+00 1.00e+00h  1
1948  5.8959738e-05 2.70e-10 3.29e-05 -11.0 2.34e-04    -  1.00e+00 1.00e+00H  1
1949  5.9109111e-05 3.81e-11 1.12e-04 -11.0 2.24e-04    -  1.00e+00 1.00e+00H  1
iter    objective    inf_pr   inf_du lg(mu)  ||d||  lg(rg) alpha_du alpha_pr  ls
1950  5.8947874e-05 1.33e-07 4.21e-04 -11.0 2.62e-04    -  1.00e+00 1.00e+00h  1
1951  5.9101617e-05 2.51e-11 1.56e-04 -11.0 2.67e-04    -  1.00e+00 1.00e+00H  1
1952  5.8943970e-05 1.00e-07 2.50e-04 -11.0 2.40e-04    -  1.00e+00 1.00e+00h  1
1953  5.8937448e-05 7.95e-08 2.91e-04 -11.0 2.02e-04    -  1.00e+00 2.50e-01h  3
1954  5.8939048e-05 1.97e-09 1.86e-05 -11.0 2.99e-05    -  1.00e+00 1.00e+00h  1
1955  5.8933866e-05 5.82e-10 5.26e-06 -11.0 1.74e-05    -  1.00e+00 1.00e+00h  1
1956  5.8932998e-05 2.53e-10 4.81e-06 -11.0 8.06e-06    -  1.00e+00 1.00e+00h  1
1957  5.8926010e-05 3.43e-08 5.52e-04 -11.0 1.06e-04    -  1.00e+00 1.00e+00h  1
1958  5.8923775e-05 1.37e-07 1.14e-03 -11.0 4.00e-03    -  1.00e+00 6.25e-02h  5
1959  5.8922278e-05 1.50e-07 1.20e-03 -11.0 1.81e-03    -  1.00e+00 6.25e-02h  5
iter    objective    inf_pr   inf_du lg(mu)  ||d||  lg(rg) alpha_du alpha_pr  ls
1960  5.9009110e-05 3.50e-11 8.85e-05 -11.0 4.81e-04    -  1.00e+00 1.00e+00H  1
1961  5.9175398e-05 1.81e-12 2.21e-04 -11.0 4.21e-04    -  1.00e+00 1.00e+00H  1
1962  5.9182295e-05 1.23e-12 1.74e-04 -11.0 4.13e-04    -  1.00e+00 1.00e+00H  1
1963  5.9320500e-05 3.61e-13 2.22e-04 -11.0 3.07e-04    -  1.00e+00 1.00e+00H  1
1964  5.8904464e-05 1.62e-07 1.01e-03 -11.0 1.83e-04    -  1.00e+00 1.00e+00h  1
1965  5.8893953e-05 7.10e-09 5.69e-05 -11.0 7.02e-05    -  1.00e+00 1.00e+00h  1
1966  5.8880235e-05 3.25e-09 5.10e-06 -11.0 3.20e-05    -  1.00e+00 1.00e+00h  1
1967  5.8879752e-05 8.60e-11 3.75e-06 -11.0 5.32e-06    -  1.00e+00 1.00e+00h  1
1968  5.8880098e-05 1.68e-11 1.43e-05 -11.0 4.55e-05    -  1.00e+00 1.00e+00H  1
1969  5.8876950e-05 8.63e-10 1.18e-05 -11.0 5.94e-05    -  1.00e+00 1.00e+00h  1
iter    objective    inf_pr   inf_du lg(mu)  ||d||  lg(rg) alpha_du alpha_pr  ls
1970  5.8888056e-05 1.77e-11 6.15e-05 -11.0 1.25e-04    -  1.00e+00 1.00e+00H  1
1971  5.8876542e-05 1.91e-09 2.39e-05 -11.0 3.32e-05    -  1.00e+00 1.00e+00h  1
1972  5.8870169e-05 1.96e-09 7.40e-06 -11.0 4.34e-05    -  1.00e+00 1.00e+00h  1
1973  5.8868476e-05 5.01e-09 1.03e-05 -11.0 9.08e-05    -  1.00e+00 1.00e+00h  1
1974  5.8865638e-05 1.95e-08 1.17e-05 -11.0 2.90e-03    -  1.00e+00 6.25e-02h  5
1975  5.8865019e-05 2.08e-08 1.46e-05 -11.0 1.53e-03    -  1.00e+00 3.12e-02h  6
1976  5.8895208e-05 5.14e-12 6.96e-05 -11.0 4.02e-04    -  1.00e+00 1.00e+00H  1
1977  5.9040374e-05 1.18e-12 9.10e-05 -11.0 1.61e-03    -  1.00e+00 1.00e+00H  1
1978  5.9040104e-05 1.46e-12 9.09e-05 -11.0 6.32e-03    -  1.00e+00 2.44e-04h 13
1979  5.9039685e-05 2.33e-12 9.09e-05 -11.0 1.78e-02    -  1.00e+00 1.22e-04h 14
iter    objective    inf_pr   inf_du lg(mu)  ||d||  lg(rg) alpha_du alpha_pr  ls
1980  5.9039390e-05 2.40e-12 9.08e-05 -11.0 7.57e-04    -  1.00e+00 4.88e-04h 12
1981  5.8829343e-05 1.50e-07 6.35e-04 -11.0 1.01e-03    -  1.00e+00 5.00e-01h  2
1982  5.8838329e-05 1.22e-07 5.88e-04 -11.0 7.48e-04    -  1.00e+00 2.50e-01h  3
1983  5.8805657e-05 2.12e-07 1.07e-03 -11.0 9.18e-04    -  1.00e+00 1.00e+00h  1
1984  8.0974605e-05 1.41e-07 2.36e-03 -11.0 3.13e-03    -  1.00e+00 1.00e+00H  1
1985  5.8788873e-05 8.73e-06 2.33e-04 -11.0 3.26e-03    -  1.00e+00 1.00e+00h  1
1986  5.8804187e-05 7.06e-09 4.01e-05 -11.0 4.47e-05    -  1.00e+00 1.00e+00h  1
1987  5.8795175e-05 1.14e-09 9.60e-06 -11.0 4.36e-05    -  1.00e+00 1.00e+00h  1
1988  5.8793101e-05 1.29e-09 7.32e-06 -11.0 5.58e-05    -  1.00e+00 1.00e+00h  1
1989  5.8794008e-05 6.90e-11 4.34e-05 -11.0 4.34e-04    -  1.00e+00 1.00e+00H  1
iter    objective    inf_pr   inf_du lg(mu)  ||d||  lg(rg) alpha_du alpha_pr  ls
1990  5.8777907e-05 9.12e-07 1.59e-03 -11.0 1.35e-02    -  1.00e+00 1.25e-01h  4
1991  5.8773093e-05 1.79e-06 3.83e-03 -11.0 2.15e-01    -  1.00e+00 7.81e-03h  8
1992  5.8769858e-05 1.81e-06 4.36e-03 -11.0 4.10e-02    -  1.00e+00 7.81e-03h  8
1993  5.8768433e-05 1.89e-06 5.80e-03 -11.0 1.42e-02    -  1.00e+00 6.25e-02h  5
1994  5.8765605e-05 1.89e-06 5.95e-03 -11.0 2.39e-02    -  1.00e+00 7.81e-03h  8
1995  5.8749519e-05 1.43e-06 4.78e-03 -11.0 1.10e-03    -  1.00e+00 2.50e-01h  3
1996  5.8725368e-05 1.44e-06 3.33e-03 -11.0 5.31e-03    -  1.00e+00 1.25e-01h  4
1997  5.8728748e-05 1.48e-06 3.06e-03 -11.0 1.12e-02    -  1.00e+00 6.25e-02h  5
1998  5.8753770e-05 1.22e-06 3.18e-03 -11.0 1.90e-03    -  1.00e+00 2.50e-01h  3
1999  5.9638591e-05 8.59e-12 3.41e-04 -11.0 3.09e-03    -  1.00e+00 1.00e+00H  1
iter    objective    inf_pr   inf_du lg(mu)  ||d||  lg(rg) alpha_du alpha_pr  ls
2000  5.9635233e-05 4.90e-11 3.40e-04 -11.0 1.47e-02    -  1.00e+00 9.77e-04h 11
2001  5.9632425e-05 5.17e-11 3.39e-04 -11.0 1.07e-02    -  1.00e+00 4.88e-04h 12
2002  5.9630638e-05 5.67e-11 3.39e-04 -11.0 3.30e-02    -  1.00e+00 1.22e-04h 14
2003  5.9485728e-05 9.40e-07 4.08e-03 -11.0 6.90e-03    -  1.00e+00 1.25e-01h  4
2004  5.9260242e-05 4.51e-06 5.61e-03 -11.0 5.78e-03    -  1.00e+00 5.00e-01h  2
2005  5.9044228e-05 4.72e-06 3.89e-03 -11.0 1.52e-02    -  1.00e+00 6.25e-02h  5
2006  5.8973098e-05 6.82e-06 6.19e-03 -11.0 2.16e-02    -  1.00e+00 1.25e-01h  4
2007  5.8983577e-05 6.65e-06 7.57e-03 -11.0 9.84e-03    -  1.00e+00 3.12e-02h  6
2008  5.8692693e-05 1.58e-06 1.01e-03 -11.0 1.90e-03    -  1.00e+00 1.00e+00h  1
2009  5.8649458e-05 1.63e-06 1.46e-03 -11.0 2.58e-02    -  1.00e+00 1.56e-02h  7
iter    objective    inf_pr   inf_du lg(mu)  ||d||  lg(rg) alpha_du alpha_pr  ls
2010  5.8677028e-05 1.54e-06 3.00e-03 -11.0 4.01e-03    -  1.00e+00 1.25e-01h  4
2011  5.8963975e-05 1.06e-06 5.85e-03 -11.0 1.36e-03    -  1.00e+00 1.00e+00h  1
2012  5.8877853e-05 2.81e-07 3.66e-03 -11.0 2.98e-03    -  1.00e+00 1.00e+00H  1
2013  5.8827649e-05 2.97e-07 4.23e-03 -11.0 2.00e-02    -  1.00e+00 1.56e-02h  7
2014  5.8695804e-05 1.31e-07 1.56e-03 -11.0 2.17e-03    -  1.00e+00 1.00e+00H  1
2015  5.8741717e-05 1.06e-07 2.91e-03 -11.0 2.09e-02    -  1.00e+00 3.12e-02h  6
2016  5.8670805e-05 3.47e-07 9.03e-04 -11.0 3.32e-04    -  1.00e+00 1.00e+00h  1
2017  5.8914341e-05 2.36e-08 1.58e-03 -11.0 6.84e-04    -  1.00e+00 1.00e+00H  1
2018  5.8722842e-05 1.38e-07 1.47e-03 -11.0 1.87e-04    -  1.00e+00 1.00e+00h  1
2019  5.8592847e-05 6.37e-08 1.99e-04 -11.0 3.24e-04    -  1.00e+00 1.00e+00h  1
iter    objective    inf_pr   inf_du lg(mu)  ||d||  lg(rg) alpha_du alpha_pr  ls
2020  5.8654317e-05 3.57e-08 1.58e-03 -11.0 2.16e-04    -  1.00e+00 1.00e+00h  1
2021  5.8584047e-05 3.58e-08 1.20e-04 -11.0 2.21e-04    -  1.00e+00 1.00e+00h  1
2022  5.8661168e-05 1.91e-08 9.59e-04 -11.0 1.27e-04    -  1.00e+00 1.00e+00h  1
2023  5.8579346e-05 1.20e-08 6.12e-06 -11.0 1.05e-04    -  1.00e+00 1.00e+00h  1
2024  5.8578378e-05 6.10e-11 6.53e-06 -11.0 7.75e-06    -  1.00e+00 1.00e+00h  1
2025  5.8577664e-05 1.65e-10 6.57e-06 -11.0 1.29e-05    -  1.00e+00 1.00e+00h  1
2026  5.8570691e-05 9.44e-08 4.14e-04 -11.0 9.09e-03    -  1.00e+00 3.12e-02h  6
2027  5.8569748e-05 1.15e-07 7.63e-04 -11.0 2.56e-03    -  1.00e+00 6.25e-02h  5
2028  5.8671885e-05 9.17e-12 1.42e-04 -11.0 9.55e-04    -  1.00e+00 1.00e+00H  1
2029  5.8671144e-05 8.57e-12 1.42e-04 -11.0 2.04e-03    -  1.00e+00 1.95e-03h 10
iter    objective    inf_pr   inf_du lg(mu)  ||d||  lg(rg) alpha_du alpha_pr  ls
2030  5.8668666e-05 2.85e-11 1.38e-04 -11.0 7.37e-04    -  1.00e+00 3.91e-03h  9
2031  5.8549562e-05 1.42e-07 5.61e-04 -11.0 3.17e-04    -  1.00e+00 1.00e+00h  1
2032  5.8563578e-05 1.02e-08 6.58e-05 -11.0 8.86e-05    -  1.00e+00 1.00e+00h  1
2033  5.8545483e-05 1.87e-09 1.32e-05 -11.0 3.88e-05    -  1.00e+00 1.00e+00h  1
2034  5.8544089e-05 2.25e-10 5.38e-06 -11.0 8.88e-06    -  1.00e+00 1.00e+00h  1
2035  5.8543092e-05 1.06e-09 5.52e-06 -11.0 3.08e-05    -  1.00e+00 1.00e+00h  1
2036  5.9308650e-05 3.16e-12 2.95e-04 -11.0 1.18e-03    -  1.00e+00 1.00e+00H  1
2037  5.8545234e-05 9.75e-11 3.71e-05 -11.0 9.44e-04    -  1.00e+00 1.00e+00H  1
2038  5.8537143e-05 6.63e-09 3.10e-05 -11.0 4.39e-04    -  1.00e+00 1.25e-01h  4
2039  5.8531083e-05 6.77e-09 1.31e-05 -11.0 9.43e-05    -  1.00e+00 1.00e+00h  1
iter    objective    inf_pr   inf_du lg(mu)  ||d||  lg(rg) alpha_du alpha_pr  ls
2040  5.8552978e-05 2.71e-11 6.60e-05 -11.0 2.33e-04    -  1.00e+00 1.00e+00H  1
2041  5.8577282e-05 4.50e-12 1.07e-04 -11.0 1.21e-03    -  1.00e+00 1.00e+00H  1
2042  5.8576619e-05 3.02e-11 1.06e-04 -11.0 1.04e-02    -  1.00e+00 4.88e-04h 12
2043  5.8575946e-05 3.04e-11 1.06e-04 -11.0 8.84e-04    -  1.00e+00 1.95e-03h 10
2044  5.8705486e-05 1.50e-12 1.06e-04 -11.0 4.74e-04    -  1.00e+00 1.00e+00H  1
2045  5.8590831e-05 1.28e-13 1.54e-04 -11.0 5.62e-04    -  1.00e+00 1.00e+00H  1
2046  5.8590193e-05 1.18e-12 1.54e-04 -11.0 3.59e-04    -  1.00e+00 1.95e-03h 10
2047  5.8523800e-05 1.73e-07 6.19e-04 -11.0 2.49e-04    -  1.00e+00 1.00e+00h  1
2048  5.8537761e-05 2.29e-08 5.13e-04 -11.0 1.71e-04    -  1.00e+00 1.00e+00h  1
2049  5.8533322e-05 5.76e-08 3.72e-04 -11.0 1.68e-04    -  1.00e+00 1.00e+00h  1
iter    objective    inf_pr   inf_du lg(mu)  ||d||  lg(rg) alpha_du alpha_pr  ls
2050  5.8515960e-05 2.85e-08 3.66e-04 -11.0 1.27e-04    -  1.00e+00 1.00e+00h  1
2051  5.8495468e-05 3.00e-08 1.59e-04 -11.0 1.32e-04    -  1.00e+00 1.00e+00h  1
2052  5.8504855e-05 1.33e-08 5.57e-05 -11.0 9.14e-05    -  1.00e+00 1.00e+00h  1
2053  5.8490408e-05 5.47e-09 2.19e-05 -11.0 5.51e-05    -  1.00e+00 1.00e+00h  1
2054  5.8487451e-05 1.95e-09 6.60e-06 -11.0 3.30e-05    -  1.00e+00 1.00e+00h  1
2055  5.8486316e-05 3.51e-10 4.12e-06 -11.0 1.82e-05    -  1.00e+00 1.00e+00h  1
2056  5.8487948e-05 1.24e-11 2.51e-05 -11.0 9.85e-05    -  1.00e+00 1.00e+00H  1
2057  5.8484397e-05 2.53e-08 6.00e-04 -11.0 1.21e-04    -  1.00e+00 1.00e+00h  1
2058  5.8632235e-05 1.65e-14 2.75e-04 -11.0 4.91e-04    -  1.00e+00 1.00e+00H  1
2059  5.8599214e-05 1.93e-14 8.72e-05 -11.0 2.07e-04    -  1.00e+00 1.00e+00H  1
iter    objective    inf_pr   inf_du lg(mu)  ||d||  lg(rg) alpha_du alpha_pr  ls
2060  5.8481971e-05 3.73e-08 1.11e-03 -11.0 1.40e-04    -  1.00e+00 1.00e+00h  1
2061  5.8458857e-05 6.29e-08 4.72e-04 -11.0 1.48e-04    -  1.00e+00 1.00e+00h  1
2062  5.8489048e-05 1.97e-12 5.65e-05 -11.0 2.97e-04    -  1.00e+00 1.00e+00H  1
2063  5.8585024e-05 9.62e-13 1.41e-04 -11.0 9.15e-04    -  1.00e+00 1.00e+00H  1
2064  5.8584687e-05 1.99e-12 1.41e-04 -11.0 1.85e-03    -  1.00e+00 4.88e-04h 12
2065  5.8583590e-05 2.06e-12 1.40e-04 -11.0 3.45e-04    -  1.00e+00 1.95e-03h 10
2066  5.8442562e-05 1.08e-07 2.91e-04 -11.0 2.37e-04    -  1.00e+00 1.00e+00h  1
2067  5.8479657e-05 2.83e-08 5.69e-04 -11.0 1.02e-04    -  1.00e+00 1.00e+00h  1
2068  5.8436703e-05 4.52e-09 6.18e-06 -11.0 6.28e-05    -  1.00e+00 1.00e+00h  1
2069  5.8436228e-05 4.00e-10 5.12e-06 -11.0 1.32e-05    -  1.00e+00 1.00e+00h  1
iter    objective    inf_pr   inf_du lg(mu)  ||d||  lg(rg) alpha_du alpha_pr  ls
2070  5.8435248e-05 3.05e-09 5.90e-06 -11.0 3.52e-05    -  1.00e+00 1.00e+00h  1
2071  5.8434403e-05 3.07e-08 1.28e-04 -11.0 1.77e-03    -  1.00e+00 6.25e-02h  5
2072  5.8495605e-05 2.22e-13 1.28e-04 -11.0 6.11e-04    -  1.00e+00 1.00e+00H  1
2073  5.8534606e-05 2.42e-14 1.04e-04 -11.0 7.06e-04    -  1.00e+00 1.00e+00H  1
2074  5.8534524e-05 1.33e-13 1.04e-04 -11.0 1.47e-03    -  1.00e+00 2.44e-04h 13
2075  5.8534453e-05 3.07e-13 1.04e-04 -11.0 3.52e-03    -  1.00e+00 1.22e-04h 14
2076  5.8534417e-05 3.62e-13 1.04e-04 -11.0 7.55e-03    -  1.00e+00 3.05e-05h 16
2077  5.8534390e-05 3.71e-13 1.04e-04 -11.0 1.62e-03    -  1.00e+00 6.10e-05h 15
2078  5.8454082e-05 1.40e-10 6.82e-05 -11.0 1.10e-03    -  1.00e+00 1.00e+00H  1
2079  5.8758758e-05 2.60e-14 1.80e-04 -11.0 1.67e-04    -  1.00e+00 1.00e+00H  1
iter    objective    inf_pr   inf_du lg(mu)  ||d||  lg(rg) alpha_du alpha_pr  ls
2080  5.8423858e-05 2.94e-08 1.86e-04 -11.0 1.31e-04    -  1.00e+00 1.00e+00h  1
2081  5.8422725e-05 5.94e-10 4.16e-06 -11.0 1.97e-05    -  1.00e+00 1.00e+00h  1
2082  5.8422350e-05 2.56e-09 4.25e-06 -11.0 4.24e-05    -  1.00e+00 1.00e+00h  1
2083  5.8421965e-05 9.63e-09 8.89e-06 -11.0 1.10e-03    -  1.00e+00 6.25e-02h  5
2084  5.8474306e-05 4.46e-12 6.09e-05 -11.0 2.46e-04    -  1.00e+00 1.00e+00H  1
2085  5.8424754e-05 2.28e-10 1.62e-05 -11.0 1.57e-04    -  1.00e+00 1.00e+00H  1
2086  5.8444523e-05 5.39e-11 3.89e-05 -11.0 1.93e-04    -  1.00e+00 1.00e+00H  1
2087  5.8421959e-05 5.16e-11 2.06e-05 -11.0 1.36e-04    -  1.00e+00 1.00e+00H  1
2088  5.8467774e-05 3.02e-11 8.98e-05 -11.0 9.91e-05    -  1.00e+00 1.00e+00H  1
2089  5.8419616e-05 1.00e-08 2.32e-06 -11.0 8.72e-05    -  1.00e+00 1.00e+00h  1
iter    objective    inf_pr   inf_du lg(mu)  ||d||  lg(rg) alpha_du alpha_pr  ls
2090  5.8419460e-05 1.04e-10 4.36e-06 -11.0 5.58e-06    -  1.00e+00 1.00e+00h  1
2091  5.8418810e-05 6.99e-10 4.14e-06 -11.0 1.98e-05    -  1.00e+00 1.00e+00h  1
2092  5.8414292e-05 1.21e-07 2.93e-04 -11.0 8.31e-03    -  1.00e+00 3.12e-02h  6
2093  5.8410813e-05 1.88e-07 7.31e-04 -11.0 1.26e-02    -  1.00e+00 1.56e-02h  7
2094  5.8408585e-05 2.10e-07 1.21e-03 -11.0 9.16e-03    -  1.00e+00 1.56e-02h  7
2095  5.8406585e-05 2.05e-07 1.48e-03 -11.0 1.81e-03    -  1.00e+00 6.25e-02h  5
2096  5.8405040e-05 3.52e-07 2.31e-03 -11.0 7.57e-03    -  1.00e+00 6.25e-02h  5
2097  5.8392847e-05 9.94e-07 3.64e-03 -11.0 8.83e-02    -  1.00e+00 7.81e-03h  8
2098  5.8386713e-05 1.88e-06 5.09e-03 -11.0 1.30e-01    -  1.00e+00 7.81e-03h  8
2099  5.8364366e-05 5.04e-06 8.25e-03 -11.0 2.39e-01    -  1.00e+00 7.81e-03h  8
iter    objective    inf_pr   inf_du lg(mu)  ||d||  lg(rg) alpha_du alpha_pr  ls
2100  5.8328197e-05 5.56e-05 2.76e-02 -11.0 1.02e+00    -  1.00e+00 7.81e-03h  8
2101  5.8292997e-05 6.57e-05 3.92e-02 -11.0 4.52e+00    -  1.00e+00 9.77e-04h 11
2102  4.8348046e-02 1.38e+00 2.01e+00 -11.0 1.27e+00    -  1.00e+00 1.00e+00w  1
2103  5.1596390e+00 1.10e+00 2.22e+00 -11.0 7.06e-01    -  1.00e+00 1.00e+00w  1
2104  2.7378650e-01 2.82e-01 4.96e+00 -11.0 6.29e-01    -  1.00e+00 1.00e+00w  1
2105  5.8255718e-05 6.60e-05 4.15e-02 -11.0 2.16e-01    -  1.00e+00 9.77e-04h 10
2106  5.8273944e-05 6.55e-05 4.11e-02 -11.0 3.20e-02    -  1.00e+00 7.81e-03h  8
2107  5.8363637e-05 1.52e-06 3.75e-03 -11.0 1.17e-03    -  1.00e+00 1.00e+00h  1
2108  5.8340286e-05 1.54e-06 5.26e-03 -11.0 1.51e-02    -  1.00e+00 1.56e-02h  7
2109  5.8330246e-05 7.85e-07 2.30e-03 -11.0 6.78e-04    -  1.00e+00 5.00e-01h  2
iter    objective    inf_pr   inf_du lg(mu)  ||d||  lg(rg) alpha_du alpha_pr  ls
2110  5.8314389e-05 6.78e-07 1.27e-03 -11.0 1.43e-03    -  1.00e+00 2.50e-01h  3
2111  5.8283449e-05 7.71e-07 2.32e-03 -11.0 1.25e-03    -  1.00e+00 5.00e-01h  2
2112  5.8232986e-05 8.86e-07 3.31e-03 -11.0 2.66e-03    -  1.00e+00 1.25e-01h  4
2113  5.8397829e-05 9.22e-07 7.15e-03 -11.0 3.48e-03    -  1.00e+00 2.50e-01h  3
2114  5.8365806e-05 9.11e-07 8.31e-03 -11.0 6.59e-03    -  1.00e+00 3.12e-02h  6
2115  5.8345007e-05 8.63e-07 9.82e-03 -11.0 4.83e-03    -  1.00e+00 6.25e-02h  5
2116  5.8209108e-05 9.02e-07 6.58e-03 -11.0 2.49e-03    -  1.00e+00 2.50e-01h  3
2117  5.8141371e-05 8.33e-07 4.83e-03 -11.0 2.58e-03    -  1.00e+00 1.25e-01h  4
2118  5.8343378e-05 2.27e-07 3.18e-03 -11.0 3.62e-04    -  1.00e+00 1.00e+00h  1
2119  5.8134385e-05 1.01e-07 3.14e-04 -11.0 2.38e-04    -  1.00e+00 1.00e+00h  1
iter    objective    inf_pr   inf_du lg(mu)  ||d||  lg(rg) alpha_du alpha_pr  ls
2120  5.8197848e-05 5.82e-08 1.42e-03 -11.0 1.21e-04    -  1.00e+00 1.00e+00h  1
2121  5.8119055e-05 2.90e-08 1.20e-04 -11.0 8.96e-05    -  1.00e+00 1.00e+00h  1
2122  5.8117403e-05 2.68e-10 1.19e-05 -11.0 2.00e-05    -  1.00e+00 1.00e+00h  1
2123  5.8102715e-05 3.80e-08 4.15e-04 -11.0 2.75e-04    -  1.00e+00 1.00e+00h  1
2124  5.8083924e-05 2.93e-07 1.83e-03 -11.0 1.19e-02    -  1.00e+00 6.25e-02h  5
2125  5.8092043e-05 2.83e-07 1.86e-03 -11.0 2.32e-03    -  1.00e+00 6.25e-02h  5
2126  5.8066493e-05 4.10e-09 1.49e-05 -11.0 9.05e-05    -  1.00e+00 1.00e+00h  1
2127  5.8069144e-05 1.52e-11 3.55e-05 -11.0 9.97e-05    -  1.00e+00 1.00e+00H  1
2128  5.8059421e-05 3.04e-09 1.22e-05 -11.0 9.97e-05    -  1.00e+00 1.00e+00h  1
2129  5.8062508e-05 2.47e-10 6.00e-05 -11.0 1.07e-04    -  1.00e+00 1.00e+00H  1
iter    objective    inf_pr   inf_du lg(mu)  ||d||  lg(rg) alpha_du alpha_pr  ls
2130  5.8052110e-05 6.97e-08 1.95e-03 -11.0 2.32e-04    -  1.00e+00 1.00e+00h  1
2131  5.8226580e-05 9.09e-12 2.13e-04 -11.0 9.83e-04    -  1.00e+00 1.00e+00H  1
2132  5.8222567e-05 1.64e-11 2.10e-04 -11.0 3.90e-04    -  1.00e+00 7.81e-03h  8
2133  5.8011077e-05 2.11e-07 2.23e-03 -11.0 4.64e-04    -  1.00e+00 1.00e+00h  1
2134  5.8029738e-05 1.50e-07 4.57e-04 -11.0 5.32e-04    -  1.00e+00 1.00e+00h  1
2135  5.8024465e-05 1.52e-07 6.09e-04 -11.0 4.90e-03    -  1.00e+00 1.56e-02h  7
2136  5.8003912e-05 3.86e-06 4.85e-03 -11.0 3.34e-02    -  1.00e+00 6.25e-02h  5
2137  5.8002651e-05 4.01e-06 5.69e-03 -11.0 5.98e-02    -  1.00e+00 7.81e-03h  8
2138  5.7986198e-05 3.65e-06 4.93e-03 -11.0 3.09e-03    -  1.00e+00 1.25e-01h  4
2139  5.8007251e-05 3.30e-06 4.03e-03 -11.0 3.30e-03    -  1.00e+00 1.25e-01h  4
iter    objective    inf_pr   inf_du lg(mu)  ||d||  lg(rg) alpha_du alpha_pr  ls
2140  5.7971400e-05 2.57e-06 5.79e-03 -11.0 2.79e-03    -  1.00e+00 5.00e-01h  2
2141  5.7988870e-05 2.43e-06 4.26e-03 -11.0 5.87e-03    -  1.00e+00 6.25e-02h  5
2142  5.7906337e-05 1.26e-06 7.45e-04 -11.0 5.81e-04    -  1.00e+00 5.00e-01h  2
2143  5.8169015e-05 4.10e-08 2.01e-03 -11.0 1.55e-03    -  1.00e+00 1.00e+00H  1
2144  6.0703528e-05 5.32e-09 9.81e-04 -11.0 2.80e-03    -  1.00e+00 1.00e+00H  1
2145  5.9196824e-05 2.22e-09 2.75e-04 -11.0 1.41e-03    -  1.00e+00 1.00e+00H  1
2146  5.8166337e-05 2.34e-08 1.24e-03 -11.0 1.05e-03    -  1.00e+00 1.00e+00H  1
2147  5.9081003e-05 2.03e-08 5.39e-04 -11.0 5.22e-04    -  1.00e+00 1.00e+00H  1
2148  5.7850922e-05 4.04e-07 1.18e-03 -11.0 3.64e-04    -  1.00e+00 1.00e+00h  1
2149  5.7847695e-05 6.66e-10 8.75e-06 -11.0 1.31e-05    -  1.00e+00 1.00e+00h  1
iter    objective    inf_pr   inf_du lg(mu)  ||d||  lg(rg) alpha_du alpha_pr  ls
2150  5.7846499e-05 9.18e-10 7.18e-06 -11.0 1.96e-05    -  1.00e+00 1.00e+00h  1
2151  5.7845917e-05 7.76e-09 1.92e-05 -11.0 6.61e-05    -  1.00e+00 1.00e+00h  1
2152  5.7848276e-05 7.47e-11 4.92e-05 -11.0 1.52e-04    -  1.00e+00 1.00e+00H  1
2153  5.7944317e-05 1.91e-11 1.54e-04 -11.0 3.08e-04    -  1.00e+00 1.00e+00H  1
2154  5.7843476e-05 1.84e-07 2.04e-04 -11.0 3.43e-04    -  1.00e+00 1.00e+00h  1
2155  5.7844729e-05 1.38e-07 2.39e-04 -11.0 1.19e-04    -  1.00e+00 2.50e-01h  3
2156  5.7839471e-05 4.40e-09 4.02e-06 -11.0 6.02e-05    -  1.00e+00 1.00e+00h  1
2157  5.7839316e-05 1.76e-10 9.00e-06 -11.0 1.56e-05    -  1.00e+00 1.00e+00h  1
2158  5.7838783e-05 3.10e-10 6.45e-06 -11.0 1.42e-05    -  1.00e+00 1.00e+00h  1
2159  5.7838135e-05 1.28e-09 8.55e-06 -11.0 2.57e-05    -  1.00e+00 1.00e+00h  1
iter    objective    inf_pr   inf_du lg(mu)  ||d||  lg(rg) alpha_du alpha_pr  ls
2160  5.7839037e-05 7.06e-12 2.83e-05 -11.0 6.64e-05    -  1.00e+00 1.00e+00H  1
2161  5.7839273e-05 1.47e-12 4.13e-05 -11.0 1.96e-04    -  1.00e+00 1.00e+00H  1
2162  5.7836803e-05 2.01e-08 2.93e-04 -11.0 1.82e-03    -  1.00e+00 6.25e-02h  5
2163  5.7977588e-05 1.72e-13 2.33e-04 -11.0 3.71e-04    -  1.00e+00 1.00e+00H  1
2164  5.7932602e-05 8.25e-14 1.16e-04 -11.0 2.24e-04    -  1.00e+00 1.00e+00H  1
2165  5.7830165e-05 1.16e-07 1.05e-03 -11.0 2.37e-04    -  1.00e+00 1.00e+00h  1
2166  5.7829800e-05 5.57e-08 7.30e-04 -11.0 8.77e-05    -  1.00e+00 5.00e-01h  2
2167  5.7823800e-05 1.52e-09 6.05e-06 -11.0 3.55e-05    -  1.00e+00 1.00e+00h  1
2168  5.7823513e-05 1.36e-10 9.51e-06 -11.0 9.31e-06    -  1.00e+00 1.00e+00h  1
2169  5.7823128e-05 1.68e-11 3.16e-06 -11.0 5.36e-06    -  1.00e+00 1.00e+00h  1
iter    objective    inf_pr   inf_du lg(mu)  ||d||  lg(rg) alpha_du alpha_pr  ls
2170  5.7822896e-05 5.54e-11 2.82e-06 -11.0 6.79e-06    -  1.00e+00 1.00e+00h  1
2171  5.7822462e-05 9.82e-09 2.45e-05 -11.0 1.03e-04    -  1.00e+00 1.00e+00h  1
2172  5.7958948e-05 3.99e-15 1.34e-04 -11.0 5.73e-04    -  1.00e+00 1.00e+00H  1
2173  5.7830731e-05 6.19e-12 3.14e-05 -11.0 3.82e-04    -  1.00e+00 1.00e+00H  1
2174  5.7830095e-05 1.23e-11 3.08e-05 -11.0 3.24e-04    -  1.00e+00 7.81e-03h  8
2175  5.7834508e-05 1.44e-12 4.26e-05 -11.0 1.66e-04    -  1.00e+00 1.00e+00H  1
2176  5.7825269e-05 1.07e-11 3.17e-05 -11.0 1.24e-04    -  1.00e+00 1.00e+00H  1
2177  5.7834722e-05 6.19e-13 6.63e-05 -11.0 5.63e-05    -  1.00e+00 1.00e+00H  1
2178  5.7817013e-05 7.88e-09 4.95e-06 -11.0 5.00e-05    -  1.00e+00 1.00e+00h  1
2179  5.7816653e-05 5.99e-11 2.98e-06 -11.0 4.23e-06    -  1.00e+00 1.00e+00h  1
iter    objective    inf_pr   inf_du lg(mu)  ||d||  lg(rg) alpha_du alpha_pr  ls
2180  5.7816497e-05 2.74e-11 3.66e-06 -11.0 3.94e-06    -  1.00e+00 1.00e+00h  1
2181  5.7816292e-05 1.09e-08 1.35e-05 -11.0 8.78e-05    -  1.00e+00 1.00e+00h  1
2182  5.7893709e-05 1.52e-13 8.86e-05 -11.0 5.55e-04    -  1.00e+00 1.00e+00H  1
2183  5.7893503e-05 6.29e-13 8.84e-05 -11.0 6.64e-04    -  1.00e+00 9.77e-04h 11
2184  5.7893177e-05 5.28e-13 8.83e-05 -11.0 4.43e-04    -  1.00e+00 9.77e-04h 11
2185  5.7892887e-05 6.07e-13 8.82e-05 -11.0 3.32e-04    -  1.00e+00 9.77e-04h 11
2186  5.7813098e-05 1.54e-07 1.10e-03 -11.0 3.39e-04    -  1.00e+00 1.00e+00h  1
2187  5.7810929e-05 1.36e-07 9.09e-04 -11.0 3.04e-04    -  1.00e+00 1.25e-01h  4
2188  5.7808151e-05 5.86e-09 1.63e-05 -11.0 6.43e-05    -  1.00e+00 1.00e+00h  1
2189  5.7837841e-05 5.57e-13 5.27e-05 -11.0 5.02e-05    -  1.00e+00 1.00e+00H  1
iter    objective    inf_pr   inf_du lg(mu)  ||d||  lg(rg) alpha_du alpha_pr  ls
2190  5.7806284e-05 7.49e-09 5.79e-06 -11.0 6.15e-05    -  1.00e+00 1.00e+00h  1
2191  5.7805989e-05 7.19e-11 9.65e-06 -11.0 7.60e-06    -  1.00e+00 1.00e+00h  1
2192  5.7805256e-05 1.93e-10 4.57e-06 -11.0 1.19e-05    -  1.00e+00 1.00e+00h  1
2193  5.7876884e-05 3.14e-14 1.35e-04 -11.0 5.22e-04    -  1.00e+00 1.00e+00H  1
2194  5.7934484e-05 3.06e-14 1.17e-04 -11.0 1.12e-04    -  1.00e+00 1.00e+00H  1
2195  5.7800514e-05 5.32e-08 2.85e-04 -11.0 3.01e-04    -  1.00e+00 1.00e+00h  1
2196  5.7802157e-05 1.74e-09 1.74e-05 -11.0 3.76e-05    -  1.00e+00 1.00e+00h  1
2197  5.7800280e-05 4.87e-10 5.56e-06 -11.0 1.22e-05    -  1.00e+00 1.00e+00h  1
2198  5.7799841e-05 1.66e-10 3.26e-06 -11.0 6.96e-06    -  1.00e+00 1.00e+00h  1
2199  5.7799492e-05 4.33e-11 2.44e-06 -11.0 6.37e-06    -  1.00e+00 1.00e+00h  1
iter    objective    inf_pr   inf_du lg(mu)  ||d||  lg(rg) alpha_du alpha_pr  ls
2200  5.7806607e-05 2.65e-12 4.83e-05 -11.0 1.04e-04    -  1.00e+00 1.00e+00H  1
2201  5.7801796e-05 5.86e-14 3.66e-05 -11.0 9.63e-05    -  1.00e+00 1.00e+00H  1
2202  5.7925732e-05 1.67e-14 1.37e-04 -11.0 1.22e-04    -  1.00e+00 1.00e+00H  1
2203  5.7794193e-05 1.63e-08 3.83e-06 -11.0 8.97e-05    -  1.00e+00 1.00e+00h  1
2204  5.7793268e-05 1.31e-09 3.14e-06 -11.0 3.27e-05    -  1.00e+00 1.00e+00h  1
2205  5.7793002e-05 2.58e-08 1.82e-04 -11.0 9.62e-03    -  1.00e+00 1.56e-02h  7
2206  5.7791142e-05 3.61e-08 3.31e-04 -11.0 4.08e-03    -  1.00e+00 3.12e-02h  6
2207  5.7789383e-05 3.97e-07 9.89e-04 -11.0 1.20e-02    -  1.00e+00 6.25e-02h  5
2208  5.7784132e-05 4.64e-07 1.51e-03 -11.0 5.12e-02    -  1.00e+00 7.81e-03h  8
2209  5.7759733e-05 2.57e-06 3.67e-03 -11.0 6.28e-02    -  1.00e+00 3.12e-02h  6
iter    objective    inf_pr   inf_du lg(mu)  ||d||  lg(rg) alpha_du alpha_pr  ls
2210  5.7685302e-05 1.84e-05 8.74e-03 -11.0 2.59e+00    -  1.00e+00 1.95e-03h 10
2211  5.7656458e-05 1.61e-04 3.19e-02 -11.0 8.07e+00    -  1.00e+00 1.95e-03h 10
2212  5.7650986e-05 2.67e-04 5.15e-02 -11.0 2.88e+01    -  1.00e+00 4.88e-04h 12
2213  5.7616859e-05 2.80e-04 5.94e-02 -11.0 6.01e+00    -  1.00e+00 9.77e-04h 11
2214  5.7600854e-05 2.80e-04 6.08e-02 -11.0 1.37e+00    -  1.00e+00 4.88e-04h 12
2215  4.7616035e-04 1.19e-03 9.63e-02 -11.0 4.43e-02    -  1.00e+00 1.00e+00w  1
2216  8.6209812e-05 5.96e-04 4.16e-02 -11.0 3.01e-02    -  1.00e+00 1.00e+00w  1
2217  2.2208607e-02 4.77e-01 2.02e+01 -11.0 8.85e-01    -  1.00e+00 1.00e+00w  1
2218  5.7602368e-05 2.78e-04 6.09e-02 -11.0 2.24e-01    -  1.00e+00 7.81e-03h  7
2219  5.7558907e-05 2.81e-04 5.16e-02 -11.0 3.72e-01    -  1.00e+00 7.81e-03h  8
iter    objective    inf_pr   inf_du lg(mu)  ||d||  lg(rg) alpha_du alpha_pr  ls
2220  5.7399590e-05 2.87e-04 4.16e-02 -11.0 5.28e-01    -  1.00e+00 7.81e-03h  8
2221  5.7322693e-05 2.90e-04 3.65e-02 -11.0 1.06e+00    -  1.00e+00 1.95e-03h 10
2222  5.7232981e-05 2.89e-04 3.58e-02 -11.0 1.30e-01    -  1.00e+00 7.81e-03h  8
2223  5.7304612e-05 2.81e-04 3.53e-02 -11.0 1.32e-02    -  1.00e+00 3.12e-02h  6
2224  5.7467456e-05 2.11e-04 2.51e-02 -11.0 1.97e-03    -  1.00e+00 2.50e-01h  3
2225  5.7393859e-05 1.84e-04 2.15e-02 -11.0 3.97e-03    -  1.00e+00 1.25e-01h  4
2226  5.7446470e-05 1.38e-04 1.59e-02 -11.0 4.76e-03    -  1.00e+00 2.50e-01h  3
2227  5.7407387e-05 1.39e-04 1.55e-02 -11.0 1.61e-01    -  1.00e+00 7.81e-03h  8
2228  1.6255412e-03 4.61e-03 1.98e-01 -11.0 7.16e-02    -  1.00e+00 1.00e+00w  1
2229  1.1741219e-03 2.36e-03 3.23e-01 -11.0 6.76e-02    -  1.00e+00 1.00e+00w  1
iter    objective    inf_pr   inf_du lg(mu)  ||d||  lg(rg) alpha_du alpha_pr  ls
2230  3.5085794e-02 7.66e-03 4.21e-01 -11.0 4.64e-02    -  1.00e+00 1.00e+00w  1
2231  5.7601928e-05 1.38e-04 1.66e-02 -11.0 1.08e-01    -  1.00e+00 1.56e-02h  6
2232  6.0168965e-05 1.22e-06 1.28e-03 -11.0 1.04e-03    -  1.00e+00 1.00e+00h  1
2233  5.8020008e-05 3.21e-07 1.97e-03 -11.0 4.62e-04    -  1.00e+00 1.00e+00h  1
2234  5.7320245e-05 8.76e-08 7.58e-04 -11.0 3.14e-04    -  1.00e+00 1.00e+00h  1
2235  5.7330989e-05 2.49e-08 2.74e-03 -11.0 1.81e-04    -  1.00e+00 1.00e+00h  1
2236  5.7272291e-05 1.73e-08 6.19e-05 -11.0 8.02e-05    -  1.00e+00 1.00e+00h  1
2237  5.7259020e-05 3.98e-09 2.12e-05 -11.0 4.06e-05    -  1.00e+00 1.00e+00h  1
2238  5.7253770e-05 3.51e-10 1.94e-05 -11.0 1.88e-05    -  1.00e+00 1.00e+00h  1
2239  5.7231128e-05 3.03e-08 5.85e-04 -11.0 1.59e-04    -  1.00e+00 1.00e+00h  1
iter    objective    inf_pr   inf_du lg(mu)  ||d||  lg(rg) alpha_du alpha_pr  ls
2240  5.7214298e-05 9.18e-08 1.44e-03 -11.0 3.36e-03    -  1.00e+00 6.25e-02h  5
2241  5.7414269e-05 1.49e-10 3.63e-04 -11.0 5.59e-04    -  1.00e+00 1.00e+00H  1
2242  5.7165596e-05 1.57e-07 3.68e-03 -11.0 3.12e-04    -  1.00e+00 1.00e+00h  1
2243  5.7157752e-05 9.06e-08 2.58e-03 -11.0 1.35e-04    -  1.00e+00 5.00e-01h  2
2244  5.7123667e-05 2.03e-09 1.51e-05 -11.0 4.10e-05    -  1.00e+00 1.00e+00h  1
2245  5.7118984e-05 1.30e-08 1.09e-05 -11.0 8.24e-05    -  1.00e+00 1.00e+00h  1
2246  5.7443235e-05 2.05e-12 1.85e-04 -11.0 7.04e-04    -  1.00e+00 1.00e+00H  1
2247  5.7232683e-05 7.34e-10 1.44e-04 -11.0 2.83e-04    -  1.00e+00 1.00e+00H  1
2248  5.7194297e-05 2.69e-10 1.18e-04 -11.0 6.76e-04    -  1.00e+00 1.00e+00H  1
2249  5.7179575e-05 1.04e-09 1.05e-04 -11.0 4.13e-04    -  1.00e+00 3.12e-02h  6
iter    objective    inf_pr   inf_du lg(mu)  ||d||  lg(rg) alpha_du alpha_pr  ls
2250  5.7059470e-05 3.82e-07 5.14e-04 -11.0 4.05e-04    -  1.00e+00 1.00e+00h  1
2251  5.7078737e-05 3.53e-07 1.21e-03 -11.0 6.65e-04    -  1.00e+00 2.50e-01h  3
2252  5.7055566e-05 2.40e-08 5.16e-04 -11.0 8.64e-05    -  1.00e+00 1.00e+00h  1
2253  5.7079460e-05 1.71e-08 1.29e-03 -11.0 1.04e-04    -  1.00e+00 1.00e+00h  1
2254  5.7043222e-05 1.15e-08 8.89e-06 -11.0 8.09e-05    -  1.00e+00 1.00e+00h  1
2255  5.7041311e-05 6.26e-09 9.88e-06 -11.0 5.36e-05    -  1.00e+00 1.00e+00h  1
2256  5.7031510e-05 5.35e-07 9.44e-04 -11.0 1.58e-02    -  1.00e+00 3.12e-02h  6
2257  5.7029702e-05 5.41e-07 9.75e-04 -11.0 9.31e-03    -  1.00e+00 7.81e-03h  8
2258  5.7176546e-05 5.47e-11 1.14e-04 -11.0 1.05e-03    -  1.00e+00 1.00e+00H  1
2259  5.7174211e-05 2.72e-10 1.13e-04 -11.0 3.85e-03    -  1.00e+00 3.91e-03h  9
iter    objective    inf_pr   inf_du lg(mu)  ||d||  lg(rg) alpha_du alpha_pr  ls
2260  5.7170518e-05 8.72e-10 1.10e-04 -11.0 4.55e-02    -  1.00e+00 4.88e-04h 12
2261  5.7168572e-05 9.29e-10 1.11e-04 -11.0 7.58e-03    -  1.00e+00 9.77e-04h 11
2262  5.7167110e-05 9.59e-10 1.10e-04 -11.0 9.85e-03    -  1.00e+00 4.88e-04h 12
2263  5.7132652e-05 1.43e-07 1.23e-03 -11.0 4.43e-03    -  1.00e+00 6.25e-02h  5
2264  5.7622112e-05 2.15e-10 2.72e-04 -11.0 2.41e-03    -  1.00e+00 1.00e+00H  1
2265  5.7618298e-05 6.26e-10 2.70e-04 -11.0 1.82e-02    -  1.00e+00 9.77e-04h 11
2266  5.7613258e-05 7.65e-10 2.70e-04 -11.0 1.87e-02    -  1.00e+00 9.77e-04h 11
2267  5.7612411e-05 7.85e-10 2.70e-04 -11.0 6.12e-02    -  1.00e+00 6.10e-05h 15
2268  5.7611858e-05 7.89e-10 2.70e-04 -11.0 6.01e-02    -  1.00e+00 6.10e-05h 15
2269  5.7530512e-05 2.87e-06 2.29e-03 -11.0 9.65e-02    -  1.00e+00 1.56e-02h  7
iter    objective    inf_pr   inf_du lg(mu)  ||d||  lg(rg) alpha_du alpha_pr  ls
2270  5.7524958e-05 7.93e-06 5.93e-03 -11.0 6.97e-02    -  1.00e+00 3.12e-02h  6
2271  5.7435431e-05 1.21e-05 3.63e-03 -11.0 1.22e-01    -  1.00e+00 1.56e-02h  7
2272  5.7415563e-05 1.48e-05 2.25e-03 -11.0 2.00e-01    -  1.00e+00 7.81e-03h  8
2273  5.7334268e-05 1.66e-05 2.28e-03 -11.0 4.10e-02    -  1.00e+00 3.12e-02h  6
2274  5.7180427e-05 1.74e-05 3.33e-03 -11.0 2.10e-02    -  1.00e+00 6.25e-02h  5
2275  1.0527812e-03 1.22e-02 8.19e-02 -11.0 1.05e-01    -  1.00e+00 1.00e+00w  1
2276  5.5811568e-04 2.39e-02 2.07e-01 -11.0 1.43e-01    -  1.00e+00 1.00e+00w  1
2277  6.2222404e+00 4.79e+00 1.14e+01 -11.0 4.26e+00    -  1.00e+00 1.00e+00w  1
2278  5.7085822e-05 1.99e-05 4.58e-03 -11.0 1.69e+00    -  1.00e+00 1.56e-02h  6
2279  5.7074081e-05 2.45e-05 2.89e-03 -11.0 3.64e-02    -  1.00e+00 6.25e-02h  5
iter    objective    inf_pr   inf_du lg(mu)  ||d||  lg(rg) alpha_du alpha_pr  ls
2280  5.7019648e-05 2.41e-05 3.24e-03 -11.0 1.67e-02    -  1.00e+00 1.56e-02h  7
2281  5.7044751e-05 1.20e-06 2.03e-03 -11.0 1.03e-03    -  1.00e+00 1.00e+00h  1
2282  5.6976576e-05 2.24e-06 1.04e-03 -11.0 8.67e-03    -  1.00e+00 1.25e-01h  4
2283  5.6971866e-05 2.93e-06 2.23e-03 -11.0 5.19e-02    -  1.00e+00 1.56e-02h  7
2284  5.6956876e-05 3.15e-06 3.00e-03 -11.0 9.10e-03    -  1.00e+00 6.25e-02h  5
2285  5.6948861e-05 3.42e-06 3.15e-03 -11.0 9.81e-03    -  1.00e+00 6.25e-02h  5
2286  5.6948169e-05 4.40e-06 4.31e-03 -11.0 1.59e-02    -  1.00e+00 6.25e-02h  5
2287  5.6918069e-05 4.14e-06 4.85e-03 -11.0 2.12e-03    -  1.00e+00 6.25e-02h  5
2288  5.7018541e-05 1.73e-07 6.70e-04 -11.0 2.17e-03    -  1.00e+00 1.00e+00H  1
2289  5.6975968e-05 1.08e-06 2.35e-03 -11.0 3.31e-02    -  1.00e+00 3.12e-02h  6
iter    objective    inf_pr   inf_du lg(mu)  ||d||  lg(rg) alpha_du alpha_pr  ls
2290  5.6975386e-05 1.42e-06 3.54e-03 -11.0 7.31e-02    -  1.00e+00 7.81e-03h  8
2291  5.6963112e-05 1.41e-06 3.51e-03 -11.0 4.48e-03    -  1.00e+00 6.25e-02h  5
2292  5.6908159e-05 1.60e-06 3.61e-03 -11.0 5.52e-03    -  1.00e+00 1.25e-01h  4
2293  5.6855346e-05 1.71e-06 4.22e-03 -11.0 2.01e-02    -  1.00e+00 3.12e-02h  6
2294  5.6849067e-05 1.74e-06 2.50e-03 -11.0 3.53e-03    -  1.00e+00 1.25e-01h  4
2295  5.6837348e-05 2.88e-06 7.55e-04 -11.0 1.77e-02    -  1.00e+00 6.25e-02h  5
2296  5.6830262e-05 3.13e-06 8.24e-04 -11.0 1.24e-01    -  1.00e+00 3.91e-03h  9
2297  5.6825836e-05 3.17e-06 9.17e-04 -11.0 5.64e-02    -  1.00e+00 3.91e-03h  9
2298  6.1370757e-05 8.53e-10 7.71e-04 -11.0 2.77e-03    -  1.00e+00 1.00e+00H  1
2299  5.7035534e-05 2.74e-07 1.06e-02 -11.0 2.91e-03    -  1.00e+00 1.00e+00H  1
iter    objective    inf_pr   inf_du lg(mu)  ||d||  lg(rg) alpha_du alpha_pr  ls
2300  5.6888294e-05 1.56e-06 1.01e-02 -11.0 9.24e-03    -  1.00e+00 1.25e-01h  4
2301  5.6880967e-05 1.54e-06 9.87e-03 -11.0 4.43e-03    -  1.00e+00 6.25e-02h  5
2302  5.6959519e-05 1.12e-08 2.10e-04 -11.0 2.35e-03    -  1.00e+00 1.00e+00H  1
2303  5.6942421e-05 1.25e-07 5.20e-04 -11.0 2.45e-02    -  1.00e+00 1.56e-02h  7
2304  5.8415916e-05 4.68e-10 5.35e-04 -11.0 1.04e-03    -  1.00e+00 1.00e+00H  1
2305  5.6893073e-05 2.83e-08 4.21e-03 -11.0 2.02e-03    -  1.00e+00 1.00e+00H  1
2306  5.6847421e-05 1.51e-07 3.06e-03 -11.0 2.78e-03    -  1.00e+00 1.25e-01h  4
2307  5.6828790e-05 2.48e-07 2.42e-03 -11.0 2.51e-03    -  1.00e+00 1.25e-01h  4
2308  5.9237787e-05 6.14e-10 6.87e-04 -11.0 1.02e-03    -  1.00e+00 1.00e+00H  1
2309  5.6870564e-05 1.91e-08 2.62e-03 -11.0 9.52e-04    -  1.00e+00 1.00e+00H  1
iter    objective    inf_pr   inf_du lg(mu)  ||d||  lg(rg) alpha_du alpha_pr  ls
2310  5.7707014e-05 5.66e-10 5.80e-04 -11.0 5.77e-04    -  1.00e+00 1.00e+00H  1
2311  5.6815007e-05 4.78e-07 7.22e-04 -11.0 6.66e-04    -  1.00e+00 1.00e+00h  1
2312  5.6889462e-05 8.77e-09 1.24e-04 -11.0 8.62e-05    -  1.00e+00 1.00e+00h  1
2313  5.6807210e-05 2.72e-09 3.36e-06 -11.0 7.15e-05    -  1.00e+00 1.00e+00h  1
2314  5.6807006e-05 1.98e-11 2.41e-06 -11.0 2.61e-06    -  1.00e+00 1.00e+00h  1
2315  5.6806835e-05 1.59e-10 2.27e-06 -11.0 8.24e-06    -  1.00e+00 1.00e+00h  1
2316  5.6806955e-05 1.69e-13 9.01e-06 -11.0 2.02e-05    -  1.00e+00 1.00e+00H  1
2317  5.6806125e-05 7.87e-10 8.65e-06 -11.0 1.43e-05    -  1.00e+00 1.00e+00h  1
2318  5.6811642e-05 5.40e-14 3.63e-05 -11.0 6.22e-05    -  1.00e+00 1.00e+00H  1
2319  5.6807263e-05 4.07e-15 4.42e-05 -11.0 4.15e-05    -  1.00e+00 1.00e+00H  1
iter    objective    inf_pr   inf_du lg(mu)  ||d||  lg(rg) alpha_du alpha_pr  ls
2320  5.6803283e-05 1.76e-09 6.76e-06 -11.0 2.27e-05    -  1.00e+00 1.00e+00h  1
2321  5.6802260e-05 4.56e-09 5.02e-06 -11.0 3.47e-05    -  1.00e+00 1.00e+00h  1
2322  5.6801334e-05 6.07e-08 4.04e-04 -11.0 4.21e-03    -  1.00e+00 3.12e-02h  6
2323  5.6800358e-05 7.76e-08 7.27e-04 -11.0 3.04e-03    -  1.00e+00 3.12e-02h  6
2324  5.6798790e-05 1.18e-07 7.36e-04 -11.0 2.08e-03    -  1.00e+00 6.25e-02h  5
2325  5.6797565e-05 1.43e-07 6.91e-04 -11.0 6.15e-03    -  1.00e+00 1.56e-02h  7
2326  5.6797932e-05 1.48e-07 6.98e-04 -11.0 9.71e-04    -  1.00e+00 6.25e-02h  5
2327  5.6796760e-05 2.09e-07 7.89e-04 -11.0 1.22e-03    -  1.00e+00 1.25e-01h  4
2328  5.6794881e-05 2.71e-07 1.11e-03 -11.0 4.62e-03    -  1.00e+00 3.12e-02h  6
2329  5.6793747e-05 2.91e-07 1.25e-03 -11.0 5.87e-03    -  1.00e+00 1.56e-02h  7
iter    objective    inf_pr   inf_du lg(mu)  ||d||  lg(rg) alpha_du alpha_pr  ls
2330  5.6792669e-05 2.88e-07 1.09e-03 -11.0 1.65e-03    -  1.00e+00 6.25e-02h  5
2331  5.6790666e-05 2.70e-07 1.13e-03 -11.0 1.38e-03    -  1.00e+00 6.25e-02h  5
2332  5.7049135e-05 5.66e-06 3.01e-03 -11.0 2.09e-03    -  1.00e+00 1.00e+00w  1
2333  1.2537682e-04 5.12e-04 6.38e-02 -11.0 2.27e-02    -  1.00e+00 1.00e+00w  1
2334  8.7014915e-05 2.30e-04 7.68e-02 -11.0 7.06e-03    -  1.00e+00 1.00e+00w  1
2335  5.6788908e-05 5.33e-07 1.61e-03 -11.0 5.42e-02    -  1.00e+00 2.50e-01h  2
2336  5.6787492e-05 5.84e-07 2.09e-03 -11.0 5.71e-02    -  1.00e+00 3.91e-03h  9
2337  5.6780067e-05 5.60e-07 2.00e-03 -11.0 3.57e-03    -  1.00e+00 6.25e-02h  5
2338  5.6771478e-05 5.83e-07 2.30e-03 -11.0 1.22e-02    -  1.00e+00 3.12e-02h  6
2339  5.6779574e-05 5.75e-07 2.40e-03 -11.0 4.66e-03    -  1.00e+00 3.12e-02h  6
iter    objective    inf_pr   inf_du lg(mu)  ||d||  lg(rg) alpha_du alpha_pr  ls
2340  5.6761676e-05 6.65e-07 7.46e-04 -11.0 7.38e-04    -  1.00e+00 1.00e+00h  1
2341  5.6747554e-05 6.74e-07 9.97e-04 -11.0 2.04e-02    -  1.00e+00 1.56e-02h  7
2342  5.6766218e-05 4.89e-07 3.21e-03 -11.0 1.45e-03    -  1.00e+00 2.50e-01h  3
2343  5.6752080e-05 5.31e-07 4.45e-03 -11.0 3.36e-03    -  1.00e+00 1.25e-01h  4
2344  5.6744532e-05 5.77e-07 4.82e-03 -11.0 1.92e-02    -  1.00e+00 1.56e-02h  7
2345  5.6742507e-05 7.52e-07 3.71e-03 -11.0 9.93e-03    -  1.00e+00 6.25e-02h  5
2346  5.6726423e-05 2.22e-06 2.95e-03 -11.0 4.09e-02    -  1.00e+00 3.12e-02h  6
2347  5.6722770e-05 3.93e-06 3.91e-03 -11.0 2.95e-01    -  1.00e+00 3.91e-03h  9
2348  5.6703607e-05 1.51e-05 6.34e-03 -11.0 3.83e-01    -  1.00e+00 7.81e-03h  8
2349  5.6697469e-05 1.53e-05 6.61e-03 -11.0 3.55e-01    -  1.00e+00 9.77e-04h 11
iter    objective    inf_pr   inf_du lg(mu)  ||d||  lg(rg) alpha_du alpha_pr  ls
2350  5.6672984e-05 3.15e-05 8.79e-03 -11.0 5.60e-02    -  1.00e+00 6.25e-02h  5
2351  5.2505414e-02 6.76e-01 4.06e-01 -11.0 6.99e-01    -  1.00e+00 1.00e+00w  1
2352  2.6967606e-02 7.77e-02 3.54e-01 -11.0 2.81e-01    -  1.00e+00 1.00e+00w  1
2353  1.3746760e+00 8.60e-01 3.43e+01 -11.0 6.59e-01    -  1.00e+00 1.00e+00w  1
2354  5.6671623e-05 3.25e-05 9.01e-03 -11.0 4.28e+00    -  1.00e+00 9.77e-04h 10
2355  5.6669576e-05 1.28e-07 9.86e-04 -11.0 3.70e-04    -  1.00e+00 1.00e+00h  1
2356  5.6637458e-05 3.80e-07 1.79e-03 -11.0 4.20e-03    -  1.00e+00 1.25e-01h  4
2357  5.6611613e-05 4.76e-07 2.18e-03 -11.0 8.94e-03    -  1.00e+00 3.12e-02h  6
2358  5.6582601e-05 1.50e-06 2.98e-03 -11.0 1.50e-02    -  1.00e+00 6.25e-02h  5
2359  5.6564416e-05 1.66e-06 3.63e-03 -11.0 4.56e-02    -  1.00e+00 7.81e-03h  8
iter    objective    inf_pr   inf_du lg(mu)  ||d||  lg(rg) alpha_du alpha_pr  ls
2360  5.6543200e-05 2.12e-06 4.54e-03 -11.0 2.26e-02    -  1.00e+00 3.12e-02h  6
2361  5.6535814e-05 2.14e-06 4.97e-03 -11.0 3.88e-02    -  1.00e+00 3.91e-03h  9
2362  5.6529160e-05 2.21e-06 4.41e-03 -11.0 9.86e-03    -  1.00e+00 3.12e-02h  6
2363  5.6526675e-05 2.27e-06 4.05e-03 -11.0 1.70e-02    -  1.00e+00 1.56e-02h  7
2364  5.6523534e-05 2.23e-06 3.96e-03 -11.0 4.28e-03    -  1.00e+00 3.12e-02h  6
2365  5.6520809e-05 2.19e-06 3.84e-03 -11.0 5.30e-03    -  1.00e+00 3.12e-02h  6
2366  5.6920745e-05 8.60e-07 7.29e-03 -11.0 9.83e-04    -  1.00e+00 1.00e+00w  1
2367  5.7651433e-05 1.27e-06 7.78e-03 -11.0 8.97e-04    -  1.00e+00 1.00e+00w  1
2368  5.7048957e-05 3.56e-06 7.92e-03 -11.0 1.78e-03    -  1.00e+00 1.00e+00w  1
2369  5.6590863e-05 1.16e-06 5.61e-03 -11.0 2.74e-03    -  1.00e+00 5.00e-01h  1
iter    objective    inf_pr   inf_du lg(mu)  ||d||  lg(rg) alpha_du alpha_pr  ls
2370  5.6616287e-05 1.74e-07 2.95e-03 -11.0 4.61e-04    -  1.00e+00 1.00e+00h  1
2371  5.6724036e-05 2.86e-10 2.56e-04 -11.0 4.75e-04    -  1.00e+00 1.00e+00H  1
2372  5.6535100e-05 7.27e-08 8.27e-04 -11.0 1.53e-04    -  1.00e+00 1.00e+00h  1
2373  5.6498825e-05 3.39e-08 4.09e-04 -11.0 1.52e-04    -  1.00e+00 1.00e+00h  1
2374  5.6477950e-05 6.28e-09 1.44e-05 -11.0 6.75e-05    -  1.00e+00 1.00e+00h  1
2375  5.6476384e-05 7.71e-10 7.21e-06 -11.0 2.46e-05    -  1.00e+00 1.00e+00h  1
2376  5.6475490e-05 1.87e-09 1.29e-05 -11.0 6.08e-05    -  1.00e+00 1.00e+00h  1
2377  5.6516007e-05 3.80e-10 7.44e-05 -11.0 6.75e-04    -  1.00e+00 1.00e+00H  1
2378  5.6512874e-05 7.77e-10 7.35e-05 -11.0 2.94e-03    -  1.00e+00 1.56e-02h  7
2379  5.6511227e-05 8.73e-10 7.15e-05 -11.0 8.57e-03    -  1.00e+00 1.95e-03h 10
iter    objective    inf_pr   inf_du lg(mu)  ||d||  lg(rg) alpha_du alpha_pr  ls
2380  5.6624556e-05 8.42e-11 1.59e-04 -11.0 1.12e-03    -  1.00e+00 1.00e+00H  1
2381  5.6616594e-05 1.43e-10 1.52e-04 -11.0 1.11e-03    -  1.00e+00 1.56e-02h  7
2382  5.6763377e-05 1.80e-11 1.86e-04 -11.0 8.02e-04    -  1.00e+00 1.00e+00H  1
2383  5.6531702e-05 9.87e-11 9.62e-05 -11.0 1.99e-04    -  1.00e+00 1.00e+00H  1
2384  5.6463860e-05 1.67e-08 2.21e-04 -11.0 2.21e-04    -  1.00e+00 1.00e+00h  1
2385  5.6455061e-05 1.03e-08 2.09e-05 -11.0 1.20e-04    -  1.00e+00 1.00e+00h  1
2386  5.6455936e-05 3.93e-10 4.24e-05 -11.0 2.03e-05    -  1.00e+00 1.00e+00h  1
2387  5.6451430e-05 2.92e-10 3.25e-06 -11.0 2.15e-05    -  1.00e+00 1.00e+00h  1
2388  5.6451303e-05 1.24e-11 3.25e-06 -11.0 2.41e-06    -  1.00e+00 1.00e+00h  1
2389  5.6449796e-05 1.47e-08 1.32e-05 -11.0 8.50e-05    -  1.00e+00 1.00e+00h  1
iter    objective    inf_pr   inf_du lg(mu)  ||d||  lg(rg) alpha_du alpha_pr  ls
2390  5.6647004e-05 7.03e-13 2.24e-04 -11.0 7.80e-04    -  1.00e+00 1.00e+00H  1
2391  5.6483678e-05 2.94e-12 8.45e-05 -11.0 2.85e-04    -  1.00e+00 1.00e+00H  1
2392  5.6762623e-05 4.04e-13 2.33e-04 -11.0 4.87e-04    -  1.00e+00 1.00e+00H  1
2393  5.6449661e-05 7.35e-10 2.61e-05 -11.0 3.61e-04    -  1.00e+00 1.00e+00H  1
2394  5.6533306e-05 2.79e-13 7.35e-05 -11.0 1.17e-04    -  1.00e+00 1.00e+00H  1
2395  5.6439611e-05 1.83e-08 4.69e-06 -11.0 8.58e-05    -  1.00e+00 1.00e+00h  1
2396  5.6439107e-05 2.39e-10 3.17e-06 -11.0 1.35e-05    -  1.00e+00 1.00e+00h  1
2397  5.6437951e-05 1.48e-08 1.46e-05 -11.0 1.40e-04    -  1.00e+00 1.00e+00h  1
2398  5.6436147e-05 4.75e-08 2.24e-04 -11.0 7.36e-03    -  1.00e+00 3.12e-02h  6
2399  5.6435359e-05 1.30e-07 7.33e-04 -11.0 1.19e-02    -  1.00e+00 3.12e-02h  6
iter    objective    inf_pr   inf_du lg(mu)  ||d||  lg(rg) alpha_du alpha_pr  ls
2400  5.6434769e-05 1.87e-07 8.94e-04 -11.0 1.90e-02    -  1.00e+00 1.56e-02h  7
2401  5.6434138e-05 2.07e-07 6.76e-04 -11.0 3.36e-03    -  1.00e+00 6.25e-02h  5
2402  5.6431623e-05 2.79e-07 7.26e-04 -11.0 1.07e-02    -  1.00e+00 3.12e-02h  6
2403  5.6430958e-05 2.78e-07 6.57e-04 -11.0 3.48e-03    -  1.00e+00 1.56e-02h  7
2404  5.6438686e-05 3.12e-10 6.17e-05 -11.0 4.49e-04    -  1.00e+00 1.00e+00H  1
2405  5.6431646e-05 1.67e-07 2.57e-04 -11.0 6.85e-03    -  1.00e+00 6.25e-02h  5
2406  5.6429221e-05 1.63e-07 5.26e-04 -11.0 9.61e-03    -  1.00e+00 1.56e-02h  7
2407  5.6422430e-05 3.70e-07 1.02e-03 -11.0 4.52e-03    -  1.00e+00 1.25e-01h  4
2408  5.6413187e-05 6.16e-07 1.44e-03 -11.0 2.97e-02    -  1.00e+00 1.56e-02h  7
2409  5.6407638e-05 1.03e-06 1.97e-03 -11.0 7.55e-02    -  1.00e+00 7.81e-03h  8
iter    objective    inf_pr   inf_du lg(mu)  ||d||  lg(rg) alpha_du alpha_pr  ls
2410  5.6403784e-05 1.49e-06 2.37e-03 -11.0 7.55e-02    -  1.00e+00 7.81e-03h  8
2411  5.6403683e-05 2.59e-06 3.27e-03 -11.0 1.43e-02    -  1.00e+00 6.25e-02h  5
2412  5.6398617e-05 2.91e-06 3.82e-03 -11.0 1.24e-01    -  1.00e+00 3.91e-03h  9
2413  5.6395183e-05 2.88e-06 3.84e-03 -11.0 1.27e-02    -  1.00e+00 7.81e-03h  8
2414  5.6398041e-05 1.41e-06 2.11e-03 -11.0 1.09e-03    -  1.00e+00 5.00e-01h  2
2415  6.2189301e-05 1.35e-05 8.87e-03 -11.0 4.96e-03    -  1.00e+00 1.00e+00w  1
2416  5.8072053e-05 5.05e-06 3.91e-03 -11.0 3.02e-03    -  1.00e+00 1.00e+00w  1
2417  1.0633488e-04 1.09e-04 2.55e-02 -11.0 1.43e-02    -  1.00e+00 1.00e+00w  1
2418  5.6389806e-05 1.30e-06 1.57e-03 -11.0 2.72e-03    -  1.00e+00 6.25e-02h  4
2419  5.6383464e-05 1.16e-06 8.96e-04 -11.0 1.76e-03    -  1.00e+00 1.25e-01h  4
iter    objective    inf_pr   inf_du lg(mu)  ||d||  lg(rg) alpha_du alpha_pr  ls
2420  5.6399355e-05 8.35e-07 1.30e-03 -11.0 8.54e-04    -  1.00e+00 2.50e-01h  3
2421  5.6581111e-05 1.31e-08 1.40e-03 -11.0 1.10e-03    -  1.00e+00 1.00e+00H  1
2422  5.8360637e-05 2.45e-09 4.29e-04 -11.0 2.11e-03    -  1.00e+00 1.00e+00H  1
2423  5.7651686e-05 3.89e-09 4.87e-04 -11.0 2.50e-03    -  1.00e+00 1.00e+00H  1
2424  5.7530036e-05 5.31e-09 4.66e-04 -11.0 1.49e-02    -  1.00e+00 7.81e-03h  8
2425  5.7471586e-05 9.42e-09 4.57e-04 -11.0 3.60e-03    -  1.00e+00 1.56e-02h  7
2426  5.8855810e-05 2.58e-09 4.35e-04 -11.0 6.71e-04    -  1.00e+00 1.00e+00H  1
2427  5.6423082e-05 1.11e-06 2.47e-03 -11.0 5.04e-04    -  1.00e+00 1.00e+00h  1
2428  5.6427067e-05 2.53e-08 1.70e-04 -11.0 1.51e-04    -  1.00e+00 1.00e+00h  1
2429  5.6363791e-05 5.57e-09 8.57e-06 -11.0 8.46e-05    -  1.00e+00 1.00e+00h  1
iter    objective    inf_pr   inf_du lg(mu)  ||d||  lg(rg) alpha_du alpha_pr  ls
2430  5.6362617e-05 6.28e-10 6.75e-06 -11.0 2.87e-05    -  1.00e+00 1.00e+00h  1
2431  5.6437058e-05 2.38e-10 8.48e-05 -11.0 7.92e-04    -  1.00e+00 1.00e+00H  1
2432  5.7753598e-05 9.77e-11 3.50e-04 -11.0 1.04e-03    -  1.00e+00 1.00e+00H  1
2433  5.7709283e-05 2.11e-10 3.44e-04 -11.0 8.98e-04    -  1.00e+00 1.56e-02h  7
2434  5.7696762e-05 2.33e-10 3.44e-04 -11.0 2.19e-03    -  1.00e+00 3.91e-03h  9
2435  5.7679064e-05 2.70e-10 3.41e-04 -11.0 5.11e-03    -  1.00e+00 1.95e-03h 10
2436  5.7673172e-05 2.71e-10 3.40e-04 -11.0 7.53e-04    -  1.00e+00 1.95e-03h 10
2437  5.7665293e-05 2.76e-10 3.39e-04 -11.0 1.54e-03    -  1.00e+00 1.95e-03h 10
2438  5.7100023e-05 4.88e-07 2.72e-03 -11.0 1.86e-03    -  1.00e+00 5.00e-01h  2
2439  5.6710074e-05 6.49e-07 7.43e-03 -11.0 2.18e-03    -  1.00e+00 5.00e-01h  2
iter    objective    inf_pr   inf_du lg(mu)  ||d||  lg(rg) alpha_du alpha_pr  ls
2440  5.6846312e-05 3.83e-07 3.42e-03 -11.0 6.11e-04    -  1.00e+00 5.00e-01h  2
2441  5.6395500e-05 2.27e-07 2.09e-03 -11.0 2.88e-04    -  1.00e+00 1.00e+00h  1
2442  5.6446273e-05 2.23e-08 6.49e-04 -11.0 1.02e-04    -  1.00e+00 1.00e+00h  1
2443  5.6359292e-05 5.93e-09 8.47e-06 -11.0 7.86e-05    -  1.00e+00 1.00e+00h  1
2444  5.6358397e-05 9.01e-11 6.43e-06 -11.0 5.01e-06    -  1.00e+00 1.00e+00h  1
2445  5.6357575e-05 4.39e-09 1.13e-05 -11.0 4.23e-05    -  1.00e+00 1.00e+00h  1
2446  5.6356277e-05 3.68e-10 7.19e-06 -11.0 2.28e-05    -  1.00e+00 1.00e+00h  1
2447  5.6355762e-05 1.12e-10 9.24e-06 -11.0 8.06e-06    -  1.00e+00 1.00e+00h  1
2448  5.6355211e-05 1.12e-10 2.62e-06 -11.0 1.02e-05    -  1.00e+00 1.00e+00h  1
2449  5.6354391e-05 1.19e-09 6.28e-06 -11.0 2.81e-05    -  1.00e+00 1.00e+00h  1
iter    objective    inf_pr   inf_du lg(mu)  ||d||  lg(rg) alpha_du alpha_pr  ls
2450  5.6440332e-05 8.81e-11 1.58e-04 -11.0 4.35e-04    -  1.00e+00 1.00e+00H  1
2451  5.6394313e-05 7.40e-12 9.77e-05 -11.0 2.68e-04    -  1.00e+00 1.00e+00H  1
2452  5.6967194e-05 2.25e-13 2.66e-04 -11.0 8.77e-04    -  1.00e+00 1.00e+00H  1
2453  5.6582740e-05 3.94e-13 1.92e-04 -11.0 4.74e-04    -  1.00e+00 1.00e+00H  1
2454  5.6580315e-05 6.04e-12 1.91e-04 -11.0 1.10e-03    -  1.00e+00 1.95e-03h 10
2455  5.6515527e-05 9.52e-13 1.25e-04 -11.0 8.86e-04    -  1.00e+00 1.00e+00H  1
2456  5.8868809e-05 5.59e-14 5.79e-04 -11.0 4.11e-04    -  1.00e+00 1.00e+00H  1
2457  5.6353995e-05 5.14e-09 1.89e-05 -11.0 3.35e-04    -  1.00e+00 1.00e+00F  1
2458  5.6351655e-05 1.08e-10 7.78e-06 -11.0 1.15e-05    -  1.00e+00 1.00e+00h  1
2459  5.6351017e-05 4.51e-10 2.33e-06 -11.0 2.24e-05    -  1.00e+00 1.00e+00h  1
iter    objective    inf_pr   inf_du lg(mu)  ||d||  lg(rg) alpha_du alpha_pr  ls
2460  5.6351540e-05 8.59e-12 1.97e-05 -11.0 4.31e-05    -  1.00e+00 1.00e+00H  1
2461  5.6354151e-05 9.11e-14 1.51e-05 -11.0 8.13e-05    -  1.00e+00 1.00e+00H  1
2462  5.6352120e-05 4.59e-14 2.98e-05 -11.0 7.74e-05    -  1.00e+00 1.00e+00H  1
2463  5.6388193e-05 1.59e-14 5.48e-05 -11.0 9.13e-05    -  1.00e+00 1.00e+00H  1
2464  5.6350189e-05 1.22e-08 7.69e-06 -11.0 9.44e-05    -  1.00e+00 1.00e+00h  1
2465  5.6349975e-05 4.21e-10 1.05e-05 -11.0 1.97e-05    -  1.00e+00 1.00e+00h  1
2466  5.6349460e-05 1.37e-10 4.98e-06 -11.0 1.07e-05    -  1.00e+00 1.00e+00h  1
2467  5.6349298e-05 6.23e-10 1.58e-05 -11.0 1.59e-05    -  1.00e+00 1.00e+00h  1
2468  5.6348557e-05 4.18e-09 1.25e-05 -11.0 4.47e-05    -  1.00e+00 1.00e+00h  1
2469  5.6346481e-05 1.41e-07 5.13e-04 -11.0 9.71e-04    -  1.00e+00 2.50e-01h  3
iter    objective    inf_pr   inf_du lg(mu)  ||d||  lg(rg) alpha_du alpha_pr  ls
2470  5.6346168e-05 1.40e-07 5.73e-04 -11.0 2.26e-03    -  1.00e+00 7.81e-03h  8
2471  5.6344777e-05 2.54e-08 3.02e-04 -11.0 1.35e-04    -  1.00e+00 1.00e+00h  1
2472  5.6338832e-05 6.37e-08 4.10e-04 -11.0 2.69e-03    -  1.00e+00 6.25e-02h  5
2473  5.6336538e-05 8.61e-08 6.18e-04 -11.0 3.50e-03    -  1.00e+00 3.12e-02h  6
2474  5.6333951e-05 2.40e-07 9.53e-04 -11.0 8.53e-03    -  1.00e+00 3.12e-02h  6
2475  5.6332637e-05 2.90e-07 1.39e-03 -11.0 1.95e-02    -  1.00e+00 7.81e-03h  8
2476  5.6329271e-05 7.26e-07 1.92e-03 -11.0 3.11e-02    -  1.00e+00 1.56e-02h  7
2477  5.6328746e-05 7.45e-07 1.97e-03 -11.0 5.77e-02    -  1.00e+00 1.95e-03h 10
2478  5.6327948e-05 7.51e-07 1.90e-03 -11.0 1.07e-02    -  1.00e+00 7.81e-03h  8
2479  5.6331305e-05 6.06e-07 1.47e-03 -11.0 5.53e-04    -  1.00e+00 2.50e-01h  3
iter    objective    inf_pr   inf_du lg(mu)  ||d||  lg(rg) alpha_du alpha_pr  ls
2480  5.6340854e-05 6.86e-09 7.02e-05 -11.0 1.01e-03    -  1.00e+00 1.00e+00H  1
2481  5.6322610e-05 5.43e-06 1.07e-03 -11.0 1.30e-01    -  1.00e+00 1.56e-02h  7
2482  5.6316757e-05 6.25e-06 1.81e-03 -11.0 2.22e-01    -  1.00e+00 3.91e-03h  9
2483  5.6315177e-05 6.69e-06 2.34e-03 -11.0 1.75e-01    -  1.00e+00 3.91e-03h  9
2484  5.6309496e-05 7.04e-06 2.71e-03 -11.0 1.69e-01    -  1.00e+00 3.91e-03h  9
2485  5.6304706e-05 9.24e-06 3.06e-03 -11.0 7.56e-01    -  1.00e+00 1.95e-03h 10
2486  5.6297521e-05 1.62e-05 3.67e-03 -11.0 1.27e+00    -  1.00e+00 1.95e-03h 10
2487  5.6288789e-05 1.79e-05 3.49e-03 -11.0 2.53e+00    -  1.00e+00 4.88e-04h 12
2488  5.6282062e-05 1.91e-05 3.40e-03 -11.0 1.43e-01    -  1.00e+00 7.81e-03h  8
2489  5.6277419e-05 1.93e-05 4.38e-03 -11.0 1.11e-01    -  1.00e+00 3.91e-03h  9
iter    objective    inf_pr   inf_du lg(mu)  ||d||  lg(rg) alpha_du alpha_pr  ls
2490  5.6273283e-05 1.92e-05 4.55e-03 -11.0 3.78e-02    -  1.00e+00 7.81e-03h  8
2491  5.8506606e-05 1.43e-05 2.56e-03 -11.0 5.76e-03    -  1.00e+00 1.00e+00w  1
2492  7.0428810e-05 2.32e-05 5.68e-03 -11.0 5.25e-03    -  1.00e+00 1.00e+00w  1
2493  1.1161158e-04 8.31e-04 1.30e-02 -11.0 2.36e-02    -  1.00e+00 1.00e+00w  1
2494  5.6265657e-05 1.70e-05 4.16e-03 -11.0 3.07e-01    -  1.00e+00 1.25e-01h  3
2495  5.6292231e-05 1.67e-05 3.91e-03 -11.0 1.01e-02    -  1.00e+00 1.56e-02h  7
2496  5.6236175e-05 1.03e-06 1.01e-03 -11.0 8.43e-04    -  1.00e+00 1.00e+00h  1
2497  5.6231554e-05 1.27e-06 8.68e-04 -11.0 2.24e-02    -  1.00e+00 1.56e-02h  7
2498  5.6231418e-05 1.30e-06 5.06e-04 -11.0 6.56e-03    -  1.00e+00 3.12e-02h  6
2499  5.6234810e-05 1.26e-06 3.48e-04 -11.0 2.83e-03    -  1.00e+00 6.25e-02h  5
iter    objective    inf_pr   inf_du lg(mu)  ||d||  lg(rg) alpha_du alpha_pr  ls
2500  5.6233923e-05 8.52e-07 5.23e-04 -11.0 1.64e-03    -  1.00e+00 5.00e-01h  2
2501  5.6228887e-05 9.83e-07 1.12e-03 -11.0 1.06e-02    -  1.00e+00 6.25e-02h  5
2502  5.6205747e-05 1.43e-06 1.51e-03 -11.0 6.27e-03    -  1.00e+00 1.25e-01h  4
2503  5.6193275e-05 1.72e-06 2.06e-03 -11.0 7.04e-02    -  1.00e+00 7.81e-03h  8
2504  5.6182971e-05 2.09e-06 2.19e-03 -11.0 7.90e-02    -  1.00e+00 7.81e-03h  8
2505  5.6175375e-05 2.35e-06 2.03e-03 -11.0 1.35e-01    -  1.00e+00 3.91e-03h  9
2506  5.6171294e-05 2.91e-06 2.32e-03 -11.0 1.93e-01    -  1.00e+00 3.91e-03h  9
2507  4.4355596e-04 2.43e-03 5.57e-02 -11.0 5.64e-02    -  1.00e+00 1.00e+00w  1
2508  1.4643587e-04 1.60e-03 1.01e-02 -11.0 4.62e-02    -  1.00e+00 1.00e+00w  1
2509  2.2498767e-02 6.70e-02 4.26e-01 -11.0 2.67e-01    -  1.00e+00 1.00e+00w  1
iter    objective    inf_pr   inf_du lg(mu)  ||d||  lg(rg) alpha_du alpha_pr  ls
2510  5.6169127e-05 2.91e-06 2.11e-03 -11.0 3.67e-01    -  1.00e+00 3.91e-03h  8
2511  5.6178161e-05 2.34e-06 5.42e-04 -11.0 1.76e-03    -  1.00e+00 5.00e-01h  2
2512  5.6175090e-05 2.40e-06 4.26e-04 -11.0 6.28e-02    -  1.00e+00 3.91e-03h  9
2513  5.6173341e-05 2.41e-06 4.42e-04 -11.0 3.12e-02    -  1.00e+00 3.91e-03h  9
2514  5.6211093e-05 1.51e-06 2.17e-03 -11.0 9.15e-04    -  1.00e+00 5.00e-01h  2
2515  5.6203013e-05 1.49e-06 2.04e-03 -11.0 4.43e-03    -  1.00e+00 6.25e-02h  5
2516  5.6183492e-05 1.98e-06 2.16e-03 -11.0 2.58e-02    -  1.00e+00 3.12e-02h  6
2517  5.6175030e-05 2.50e-06 2.80e-03 -11.0 9.47e-02    -  1.00e+00 7.81e-03h  8
2518  5.6173357e-05 2.37e-06 3.67e-03 -11.0 1.30e-02    -  1.00e+00 3.12e-02h  6
2519  5.6177273e-05 2.25e-06 3.53e-03 -11.0 4.00e-03    -  1.00e+00 6.25e-02h  5
iter    objective    inf_pr   inf_du lg(mu)  ||d||  lg(rg) alpha_du alpha_pr  ls
2520  5.6627714e-05 3.46e-06 1.50e-03 -11.0 1.60e-03    -  1.00e+00 1.00e+00w  1
2521  6.1238330e-05 5.95e-05 1.96e-02 -11.0 8.50e-03    -  1.00e+00 1.00e+00w  1
2522  5.8521454e-04 1.01e-03 4.85e-02 -11.0 2.12e-02    -  1.00e+00 1.00e+00w  1
2523  5.6177269e-05 1.88e-06 2.39e-03 -11.0 2.57e-02    -  1.00e+00 2.50e-01h  2
2524  5.6178964e-05 9.38e-07 1.69e-03 -11.0 3.78e-04    -  1.00e+00 5.00e-01h  2
2525  5.6237540e-05 2.74e-07 5.45e-04 -11.0 4.04e-04    -  1.00e+00 1.00e+00h  1
2526  5.6183053e-05 1.55e-07 1.78e-03 -11.0 2.78e-04    -  1.00e+00 1.00e+00h  1
2527  5.6168097e-05 8.47e-08 9.04e-04 -11.0 3.67e-04    -  1.00e+00 5.00e-01h  2
2528  5.6223880e-05 2.55e-09 9.36e-05 -11.0 2.73e-04    -  1.00e+00 1.00e+00H  1
2529  5.6282866e-05 3.17e-10 1.45e-04 -11.0 1.23e-04    -  1.00e+00 1.00e+00H  1
iter    objective    inf_pr   inf_du lg(mu)  ||d||  lg(rg) alpha_du alpha_pr  ls
2530  5.6122336e-05 5.60e-08 4.30e-04 -11.0 1.53e-04    -  1.00e+00 1.00e+00h  1
2531  5.6122664e-05 2.21e-09 1.92e-05 -11.0 2.61e-05    -  1.00e+00 1.00e+00h  1
2532  5.6120621e-05 1.98e-10 5.99e-06 -11.0 9.67e-06    -  1.00e+00 1.00e+00h  1
2533  5.6120217e-05 5.26e-11 5.08e-06 -11.0 8.57e-06    -  1.00e+00 1.00e+00h  1
2534  5.6119272e-05 8.88e-09 1.69e-05 -11.0 1.02e-04    -  1.00e+00 1.00e+00h  1
2535  5.6116585e-05 6.53e-08 6.71e-04 -11.0 2.16e-04    -  1.00e+00 1.00e+00h  1
2536  5.6114703e-05 6.88e-08 7.55e-04 -11.0 2.07e-03    -  1.00e+00 3.12e-02h  6
2537  5.6115199e-05 3.46e-08 2.70e-04 -11.0 2.04e-04    -  1.00e+00 1.00e+00h  1
2538  5.6220513e-05 1.15e-12 1.40e-04 -11.0 3.74e-04    -  1.00e+00 1.00e+00H  1
2539  5.6103271e-05 7.81e-08 1.90e-04 -11.0 3.07e-04    -  1.00e+00 1.00e+00h  1
iter    objective    inf_pr   inf_du lg(mu)  ||d||  lg(rg) alpha_du alpha_pr  ls
2540  5.6117594e-05 2.97e-08 1.85e-04 -11.0 1.42e-04    -  1.00e+00 1.00e+00h  1
2541  5.6098086e-05 6.49e-08 1.24e-04 -11.0 2.83e-04    -  1.00e+00 1.00e+00h  1
2542  5.6102072e-05 5.66e-08 4.00e-04 -11.0 2.30e-04    -  1.00e+00 1.25e-01h  4
2543  5.6095261e-05 3.58e-10 8.52e-06 -11.0 1.65e-05    -  1.00e+00 1.00e+00h  1
2544  5.6094534e-05 6.42e-10 8.63e-06 -11.0 2.86e-05    -  1.00e+00 1.00e+00h  1
2545  5.6094515e-05 2.32e-08 1.10e-04 -11.0 5.49e-03    -  1.00e+00 3.12e-02h  6
2546  5.6126587e-05 1.84e-12 6.21e-05 -11.0 6.39e-04    -  1.00e+00 1.00e+00H  1
2547  5.6125940e-05 4.05e-11 6.15e-05 -11.0 3.64e-03    -  1.00e+00 1.95e-03h 10
2548  5.6125798e-05 4.14e-11 6.14e-05 -11.0 4.28e-03    -  1.00e+00 2.44e-04h 13
2549  5.6125523e-05 4.24e-11 6.14e-05 -11.0 1.09e-03    -  1.00e+00 9.77e-04h 11
iter    objective    inf_pr   inf_du lg(mu)  ||d||  lg(rg) alpha_du alpha_pr  ls
2550  5.6101648e-05 1.40e-11 7.46e-05 -11.0 1.44e-03    -  1.00e+00 1.00e+00H  1
2551  5.6093313e-05 2.03e-08 3.40e-04 -11.0 8.76e-03    -  1.00e+00 1.56e-02h  7
2552  5.6085104e-05 1.37e-07 4.04e-04 -11.0 4.73e-04    -  1.00e+00 1.00e+00h  1
2553  5.6071015e-05 1.41e-07 3.43e-04 -11.0 1.71e-03    -  1.00e+00 1.25e-01h  4
2554  5.6065906e-05 8.47e-08 1.83e-04 -11.0 3.33e-04    -  1.00e+00 5.00e-01h  2
2555  5.6187137e-05 7.41e-12 8.03e-05 -11.0 4.68e-04    -  1.00e+00 1.00e+00H  1
2556  5.6066953e-05 3.14e-10 5.37e-05 -11.0 3.97e-04    -  1.00e+00 1.00e+00H  1
2557  5.6397276e-05 3.07e-12 2.18e-04 -11.0 2.08e-04    -  1.00e+00 1.00e+00H  1
2558  5.6047519e-05 6.84e-08 2.31e-04 -11.0 2.12e-04    -  1.00e+00 1.00e+00h  1
2559  5.6046006e-05 1.25e-10 5.62e-06 -11.0 1.49e-05    -  1.00e+00 1.00e+00h  1
iter    objective    inf_pr   inf_du lg(mu)  ||d||  lg(rg) alpha_du alpha_pr  ls
2560  5.6044747e-05 1.12e-09 5.64e-06 -11.0 2.61e-05    -  1.00e+00 1.00e+00h  1
2561  5.6039766e-05 9.84e-08 2.18e-04 -11.0 2.09e-03    -  1.00e+00 1.25e-01h  4
2562  5.6037488e-05 1.08e-07 4.67e-04 -11.0 2.25e-03    -  1.00e+00 6.25e-02h  5
2563  5.6035321e-05 1.08e-07 7.12e-04 -11.0 1.56e-03    -  1.00e+00 6.25e-02h  5
2564  5.6140829e-05 4.36e-13 1.06e-04 -11.0 7.78e-04    -  1.00e+00 1.00e+00H  1
2565  5.7059810e-05 3.71e-13 4.44e-04 -11.0 1.05e-03    -  1.00e+00 1.00e+00H  1
2566  5.6103247e-05 5.73e-12 8.87e-05 -11.0 1.73e-03    -  1.00e+00 1.00e+00H  1
2567  5.6100765e-05 2.56e-11 8.65e-05 -11.0 2.13e-03    -  1.00e+00 1.95e-03h 10
2568  5.6060386e-05 1.44e-11 6.79e-05 -11.0 2.62e-04    -  1.00e+00 1.00e+00H  1
2569  5.6372908e-05 3.61e-14 1.76e-04 -11.0 3.59e-04    -  1.00e+00 1.00e+00H  1
iter    objective    inf_pr   inf_du lg(mu)  ||d||  lg(rg) alpha_du alpha_pr  ls
2570  5.6020512e-05 1.14e-07 8.25e-05 -11.0 2.55e-04    -  1.00e+00 1.00e+00h  1
2571  5.6021777e-05 2.33e-09 3.83e-05 -11.0 3.30e-05    -  1.00e+00 1.00e+00h  1
2572  5.6017854e-05 7.39e-10 3.91e-06 -11.0 1.89e-05    -  1.00e+00 1.00e+00h  1
2573  5.6017610e-05 7.36e-11 3.33e-06 -11.0 1.22e-05    -  1.00e+00 1.00e+00h  1
2574  5.6016817e-05 4.48e-09 9.17e-06 -11.0 1.09e-04    -  1.00e+00 1.00e+00h  1
2575  5.6015349e-05 1.70e-08 2.27e-04 -11.0 2.88e-03    -  1.00e+00 6.25e-02h  5
2576  5.6014473e-05 3.14e-08 7.06e-04 -11.0 6.19e-03    -  1.00e+00 3.12e-02h  6
2577  5.6014353e-05 3.15e-08 8.97e-04 -11.0 1.89e-03    -  1.00e+00 3.12e-02h  6
2578  5.6025307e-05 7.51e-12 3.58e-05 -11.0 3.63e-04    -  1.00e+00 1.00e+00H  1
2579  5.6025092e-05 4.46e-11 3.57e-05 -11.0 1.03e-02    -  1.00e+00 9.77e-04h 11
iter    objective    inf_pr   inf_du lg(mu)  ||d||  lg(rg) alpha_du alpha_pr  ls
2580  5.6025000e-05 4.83e-11 3.52e-05 -11.0 2.30e-02    -  1.00e+00 1.22e-04h 14
2581  5.6017177e-05 3.85e-09 3.10e-05 -11.0 4.94e-04    -  1.00e+00 1.00e+00H  1
2582  5.6011696e-05 3.08e-08 4.08e-04 -11.0 4.57e-03    -  1.00e+00 3.12e-02h  6
2583  5.6101613e-05 2.40e-12 1.05e-04 -11.0 3.26e-04    -  1.00e+00 1.00e+00H  1
2584  5.6019764e-05 8.87e-11 7.25e-05 -11.0 2.96e-04    -  1.00e+00 1.00e+00H  1
2585  5.6000541e-05 4.43e-08 6.77e-04 -11.0 1.13e-03    -  1.00e+00 2.50e-01h  3
2586  5.6003628e-05 3.49e-08 4.72e-04 -11.0 1.37e-04    -  1.00e+00 2.50e-01h  3
2587  5.5992087e-05 2.90e-09 4.66e-06 -11.0 4.74e-05    -  1.00e+00 1.00e+00h  1
2588  5.5991723e-05 2.34e-10 9.04e-06 -11.0 2.20e-05    -  1.00e+00 1.00e+00h  1
2589  5.5990097e-05 8.08e-10 4.39e-06 -11.0 3.97e-05    -  1.00e+00 1.00e+00h  1
iter    objective    inf_pr   inf_du lg(mu)  ||d||  lg(rg) alpha_du alpha_pr  ls
2590  5.6135551e-05 3.97e-13 1.22e-04 -11.0 9.24e-04    -  1.00e+00 1.00e+00H  1
2591  5.6161398e-05 2.00e-14 1.08e-04 -11.0 4.74e-04    -  1.00e+00 1.00e+00H  1
2592  5.6161073e-05 1.08e-13 1.08e-04 -11.0 7.89e-04    -  1.00e+00 4.88e-04h 12
2593  5.6160820e-05 1.85e-13 1.08e-04 -11.0 7.06e-04    -  1.00e+00 4.88e-04h 12
2594  5.6160568e-05 3.17e-13 1.07e-04 -11.0 7.66e-04    -  1.00e+00 4.88e-04h 12
2595  5.6160385e-05 3.42e-13 1.07e-04 -11.0 7.76e-04    -  1.00e+00 2.44e-04h 13
2596  5.6008107e-05 3.53e-11 7.03e-05 -11.0 5.31e-04    -  1.00e+00 1.00e+00H  1
2597  5.6500456e-05 1.93e-13 4.94e-04 -11.0 3.14e-04    -  1.00e+00 1.00e+00H  1
2598  5.5971654e-05 1.54e-07 2.79e-04 -11.0 2.76e-04    -  1.00e+00 1.00e+00h  1
2599  5.5970519e-05 1.07e-10 3.70e-06 -11.0 4.99e-06    -  1.00e+00 1.00e+00h  1
iter    objective    inf_pr   inf_du lg(mu)  ||d||  lg(rg) alpha_du alpha_pr  ls
2600  5.5970283e-05 1.09e-09 7.57e-06 -11.0 1.52e-05    -  1.00e+00 1.00e+00h  1
2601  5.5970213e-05 3.46e-10 1.03e-05 -11.0 2.41e-05    -  1.00e+00 1.00e+00h  1
2602  5.5969186e-05 6.40e-10 4.93e-06 -11.0 2.24e-05    -  1.00e+00 1.00e+00h  1
2603  5.5971407e-05 4.34e-13 1.58e-05 -11.0 3.84e-05    -  1.00e+00 1.00e+00H  1
2604  5.5968290e-05 4.50e-10 3.26e-06 -11.0 1.24e-05    -  1.00e+00 1.00e+00h  1
2605  5.5967757e-05 2.61e-10 2.06e-06 -11.0 2.67e-05    -  1.00e+00 1.00e+00h  1
2606  5.6089068e-05 3.42e-13 1.17e-04 -11.0 1.51e-03    -  1.00e+00 1.00e+00H  1
2607  5.6089025e-05 4.01e-13 1.17e-04 -11.0 4.96e-03    -  1.00e+00 1.22e-04h 14
2608  5.6088719e-05 5.65e-13 1.17e-04 -11.0 6.51e-04    -  1.00e+00 4.88e-04h 12
2609  5.6034352e-05 1.11e-13 1.16e-04 -11.0 1.09e-03    -  1.00e+00 1.00e+00H  1
iter    objective    inf_pr   inf_du lg(mu)  ||d||  lg(rg) alpha_du alpha_pr  ls
2610  5.6033781e-05 3.33e-13 1.15e-04 -11.0 1.42e-03    -  1.00e+00 4.88e-04h 12
2611  5.5959199e-05 9.97e-08 2.26e-04 -11.0 4.78e-04    -  1.00e+00 1.00e+00h  1
2612  5.6008448e-05 6.21e-08 1.59e-04 -11.0 1.93e-04    -  1.00e+00 5.00e-01h  2
2613  5.5958021e-05 1.39e-08 3.24e-06 -11.0 8.05e-05    -  1.00e+00 1.00e+00h  1
2614  5.5957772e-05 1.51e-10 2.47e-06 -11.0 1.45e-05    -  1.00e+00 1.00e+00h  1
2615  5.5957157e-05 3.55e-08 9.72e-05 -11.0 2.09e-04    -  1.00e+00 1.00e+00h  1
2616  5.5956133e-05 4.17e-08 9.32e-05 -11.0 1.41e-03    -  1.00e+00 6.25e-02h  5
2617  5.6030552e-05 2.59e-11 8.02e-05 -11.0 5.26e-04    -  1.00e+00 1.00e+00H  1
2618  5.6260514e-05 1.28e-14 1.47e-04 -11.0 2.12e-04    -  1.00e+00 1.00e+00H  1
2619  5.5974940e-05 5.77e-11 4.44e-05 -11.0 6.86e-04    -  1.00e+00 1.00e+00H  1
iter    objective    inf_pr   inf_du lg(mu)  ||d||  lg(rg) alpha_du alpha_pr  ls
2620  5.5972285e-05 6.88e-11 4.14e-05 -11.0 4.64e-04    -  1.00e+00 7.81e-03h  8
2621  5.5952175e-05 3.29e-08 6.20e-05 -11.0 1.95e-04    -  1.00e+00 1.00e+00h  1
2622  5.6112940e-05 2.77e-14 1.33e-04 -11.0 2.42e-04    -  1.00e+00 1.00e+00H  1
2623  5.5949021e-05 6.25e-08 1.42e-04 -11.0 2.15e-04    -  1.00e+00 1.00e+00h  1
2624  5.5951546e-05 3.14e-08 1.45e-04 -11.0 4.89e-05    -  1.00e+00 5.00e-01h  2
2625  5.5947503e-05 2.28e-10 5.05e-06 -11.0 1.65e-05    -  1.00e+00 1.00e+00h  1
2626  5.5947227e-05 9.65e-11 3.54e-06 -11.0 1.02e-05    -  1.00e+00 1.00e+00h  1
2627  5.5960890e-05 8.12e-11 5.58e-05 -11.0 4.26e-04    -  1.00e+00 1.00e+00H  1
2628  5.5960666e-05 5.99e-11 5.54e-05 -11.0 7.49e-03    -  1.00e+00 9.77e-04h 11
2629  5.5960323e-05 1.24e-10 5.49e-05 -11.0 1.83e-02    -  1.00e+00 4.88e-04h 12
iter    objective    inf_pr   inf_du lg(mu)  ||d||  lg(rg) alpha_du alpha_pr  ls
2630  5.5960011e-05 1.52e-10 5.45e-05 -11.0 2.63e-03    -  1.00e+00 1.95e-03h 10
2631  5.5959578e-05 1.87e-10 5.43e-05 -11.0 2.93e-03    -  1.00e+00 1.95e-03h 10
2632  5.5938362e-05 1.04e-06 1.78e-03 -11.0 7.16e-02    -  1.00e+00 1.56e-02h  7
2633  5.5938081e-05 1.06e-06 1.93e-03 -11.0 1.05e-01    -  1.00e+00 1.95e-03h 10
2634  5.5934627e-05 1.20e-06 1.07e-03 -11.0 1.35e-02    -  1.00e+00 3.12e-02h  6
2635  5.5933258e-05 1.30e-06 1.67e-03 -11.0 1.01e-01    -  1.00e+00 3.91e-03h  9
2636  5.5931747e-05 1.31e-06 1.88e-03 -11.0 2.23e-02    -  1.00e+00 7.81e-03h  8
2637  5.5931490e-05 1.36e-06 2.25e-03 -11.0 1.83e-02    -  1.00e+00 1.56e-02h  7
2638  7.2922474e-05 1.40e-04 2.53e-02 -11.0 1.13e-02    -  1.00e+00 1.00e+00w  1
2639  6.9500820e-05 1.14e-04 6.21e-03 -11.0 1.02e-02    -  1.00e+00 1.00e+00w  1
iter    objective    inf_pr   inf_du lg(mu)  ||d||  lg(rg) alpha_du alpha_pr  ls
2640  1.0363474e-02 8.01e-02 4.73e-01 -11.0 2.37e-01    -  1.00e+00 1.00e+00w  1
2641  5.5925754e-05 1.44e-06 2.97e-03 -11.0 4.83e-02    -  1.00e+00 3.12e-02h  5
2642  5.5921308e-05 1.42e-06 3.04e-03 -11.0 3.49e-03    -  1.00e+00 1.56e-02h  7
2643  5.5941939e-05 5.26e-08 5.55e-04 -11.0 2.08e-04    -  1.00e+00 1.00e+00h  1
2644  5.6985003e-05 6.49e-12 2.95e-04 -11.0 1.26e-03    -  1.00e+00 1.00e+00H  1
2645  5.6405474e-05 8.15e-11 2.42e-04 -11.0 4.36e-04    -  1.00e+00 1.00e+00H  1
2646  5.6051250e-05 6.52e-11 1.16e-04 -11.0 1.66e-03    -  1.00e+00 1.00e+00H  1
2647  5.6047100e-05 1.10e-10 1.13e-04 -11.0 1.74e-03    -  1.00e+00 3.91e-03h  9
2648  5.5937409e-05 3.14e-07 8.16e-04 -11.0 4.54e-04    -  1.00e+00 1.00e+00h  1
2649  5.5923997e-05 3.28e-07 8.36e-04 -11.0 2.27e-03    -  1.00e+00 6.25e-02h  5
iter    objective    inf_pr   inf_du lg(mu)  ||d||  lg(rg) alpha_du alpha_pr  ls
2650  5.5919837e-05 2.63e-07 4.53e-04 -11.0 4.20e-04    -  1.00e+00 2.50e-01h  3
2651  5.5918485e-05 1.34e-07 5.42e-04 -11.0 2.29e-04    -  1.00e+00 5.00e-01h  2
2652  5.5911578e-05 7.62e-08 1.58e-04 -11.0 2.21e-04    -  1.00e+00 1.00e+00h  1
2653  5.6247806e-05 9.81e-12 2.19e-04 -11.0 4.25e-04    -  1.00e+00 1.00e+00H  1
2654  5.5911326e-05 6.34e-08 5.50e-04 -11.0 2.86e-04    -  1.00e+00 1.00e+00h  1
2655  5.5916075e-05 3.68e-08 1.74e-04 -11.0 2.25e-04    -  1.00e+00 5.00e-01h  2
2656  5.5902336e-05 1.30e-09 8.43e-06 -11.0 3.03e-05    -  1.00e+00 1.00e+00h  1
2657  5.5901534e-05 9.07e-10 8.59e-06 -11.0 3.05e-05    -  1.00e+00 1.00e+00h  1
2658  5.5900941e-05 3.55e-10 4.96e-06 -11.0 2.13e-05    -  1.00e+00 1.00e+00h  1
2659  5.5902544e-05 3.82e-13 2.21e-05 -11.0 4.11e-05    -  1.00e+00 1.00e+00H  1
iter    objective    inf_pr   inf_du lg(mu)  ||d||  lg(rg) alpha_du alpha_pr  ls
2660  5.5900637e-05 1.00e-09 1.40e-05 -11.0 4.05e-05    -  1.00e+00 1.00e+00h  1
2661  5.5899173e-05 9.80e-10 1.49e-05 -11.0 1.83e-05    -  1.00e+00 1.00e+00h  1
2662  5.5897718e-05 6.98e-10 6.03e-06 -11.0 3.17e-05    -  1.00e+00 1.00e+00h  1
2663  5.5897439e-05 1.07e-08 2.82e-05 -11.0 1.25e-04    -  1.00e+00 1.00e+00h  1
2664  5.6288649e-05 4.80e-15 2.06e-04 -11.0 1.21e-03    -  1.00e+00 1.00e+00H  1
2665  5.5965645e-05 6.92e-14 9.77e-05 -11.0 1.92e-04    -  1.00e+00 1.00e+00F  1
2666  5.5891715e-05 3.94e-08 7.89e-04 -11.0 1.68e-04    -  1.00e+00 1.00e+00h  1
2667  5.5874758e-05 1.03e-08 3.90e-05 -11.0 9.55e-05    -  1.00e+00 1.00e+00h  1
2668  5.5893995e-05 1.48e-11 5.66e-05 -11.0 1.69e-04    -  1.00e+00 1.00e+00H  1
2669  5.5937444e-05 6.37e-14 9.92e-05 -11.0 4.15e-04    -  1.00e+00 1.00e+00H  1
iter    objective    inf_pr   inf_du lg(mu)  ||d||  lg(rg) alpha_du alpha_pr  ls
2670  5.5937273e-05 7.65e-14 9.91e-05 -11.0 8.32e-04    -  1.00e+00 4.88e-04h 12
2671  5.5946741e-05 1.31e-14 1.05e-04 -11.0 1.84e-04    -  1.00e+00 1.00e+00H  1
2672  5.5933448e-05 5.70e-15 1.14e-04 -11.0 1.09e-04    -  1.00e+00 1.00e+00H  1
2673  5.5859124e-05 1.20e-08 1.50e-05 -11.0 1.05e-04    -  1.00e+00 1.00e+00h  1
2674  5.5860134e-05 2.27e-09 4.01e-05 -11.0 4.95e-05    -  1.00e+00 1.00e+00h  1
2675  5.5857055e-05 5.61e-09 1.27e-05 -11.0 8.08e-05    -  1.00e+00 1.00e+00h  1
2676  5.5970602e-05 3.37e-15 1.39e-04 -11.0 2.69e-04    -  1.00e+00 1.00e+00H  1
2677  5.5865738e-05 2.12e-11 3.92e-05 -11.0 1.61e-04    -  1.00e+00 1.00e+00H  1
2678  5.5949856e-05 9.41e-16 1.23e-04 -11.0 1.15e-04    -  1.00e+00 1.00e+00H  1
2679  5.5851237e-05 1.56e-08 2.44e-04 -11.0 1.36e-04    -  1.00e+00 1.00e+00h  1
iter    objective    inf_pr   inf_du lg(mu)  ||d||  lg(rg) alpha_du alpha_pr  ls
2680  5.5851531e-05 1.94e-09 1.37e-05 -11.0 5.73e-05    -  1.00e+00 1.00e+00h  1
2681  5.5875131e-05 3.88e-12 5.48e-05 -11.0 6.16e-04    -  1.00e+00 1.00e+00H  1
2682  5.5875012e-05 1.19e-11 5.47e-05 -11.0 1.56e-02    -  1.00e+00 2.44e-04h 13
2683  5.5874972e-05 1.28e-11 5.47e-05 -11.0 1.68e-01    -  1.00e+00 7.63e-06h 18
2684  5.5874940e-05 1.34e-11 5.47e-05 -11.0 2.61e-01    -  1.00e+00 3.81e-06h 19
2685  5.5842705e-05 1.54e-06 6.52e-04 -11.0 1.42e-02    -  1.00e+00 1.25e-01h  4
2686  5.5836906e-05 2.29e-06 1.22e-03 -11.0 5.89e-01    -  1.00e+00 1.95e-03h 10
2687  5.5782224e-05 5.22e-05 7.42e-03 -11.0 1.18e+00    -  1.00e+00 7.81e-03h  8
2688  5.5546620e-05 3.42e-04 1.80e-02 -11.0 1.11e+01    -  1.00e+00 1.95e-03h 10
2689  5.5337281e-05 8.38e-04 2.93e-02 -11.0 2.33e+02    -  1.00e+00 1.22e-04h 14
iter    objective    inf_pr   inf_du lg(mu)  ||d||  lg(rg) alpha_du alpha_pr  ls
2690  5.5243338e-05 1.21e-03 3.25e-02 -11.0 1.00e+02    -  1.00e+00 2.44e-04h 13
2691  5.5230518e-05 1.29e-03 3.39e-02 -11.0 4.64e+01    -  1.00e+00 2.44e-04h 13
2692  3.1653625e-01 1.54e+01 1.41e+02 -11.0 1.22e+01    -  1.00e+00 1.00e+00w  1
2693  6.1901199e+01 9.26e+00 1.42e+01 -11.0 8.64e+00    -  1.00e+00 1.00e+00w  1
2694  1.1566540e+02 1.45e+01 2.14e+01 -11.0 5.82e+00    -  1.00e+00 1.00e+00w  1
2695  5.5159669e-05 1.31e-03 3.57e-02 -11.0 6.01e+00    -  1.00e+00 4.88e-04h 11
2696  5.5260114e-05 6.53e-04 1.99e-02 -11.0 1.40e-03    -  1.00e+00 5.00e-01h  2
2697  5.5204859e-05 6.13e-04 1.95e-02 -11.0 1.31e-02    -  1.00e+00 6.25e-02h  5
2698  5.5445883e-05 5.75e-04 1.86e-02 -11.0 1.33e-02    -  1.00e+00 6.25e-02h  5
2699  5.5412654e-05 4.32e-04 1.36e-02 -11.0 5.04e-03    -  1.00e+00 2.50e-01h  3
iter    objective    inf_pr   inf_du lg(mu)  ||d||  lg(rg) alpha_du alpha_pr  ls
2700  5.5331999e-05 3.81e-04 9.92e-03 -11.0 1.69e-02    -  1.00e+00 1.25e-01h  4
2701  5.6404020e-05 3.67e-04 1.10e-02 -11.0 7.26e-02    -  1.00e+00 6.25e-02h  5
2702  2.3605348e-04 7.90e-05 2.92e-02 -11.0 2.79e-02    -  1.00e+00 1.00e+00H  1
2703  5.2682307e-04 1.26e-04 6.54e-02 -11.0 1.81e-02    -  1.00e+00 1.00e+00H  1
2704  4.8969640e-04 1.25e-04 6.20e-02 -11.0 3.46e-02    -  1.00e+00 3.12e-02h  6
2705  4.4708433e-04 1.27e-04 6.11e-02 -11.0 7.67e-02    -  1.00e+00 1.56e-02h  7
2706  4.1388570e-04 1.29e-04 6.23e-02 -11.0 9.06e-02    -  1.00e+00 3.12e-02h  6
2707  3.8802522e-04 1.30e-04 6.35e-02 -11.0 6.88e-01    -  1.00e+00 1.95e-03h 10
2708  3.7339493e-04 1.28e-04 5.96e-02 -11.0 5.52e-02    -  1.00e+00 1.56e-02h  7
2709  2.9401764e-04 3.63e-04 4.25e-02 -11.0 2.76e-01    -  1.00e+00 6.25e-02h  5
iter    objective    inf_pr   inf_du lg(mu)  ||d||  lg(rg) alpha_du alpha_pr  ls
2710  2.5317230e-04 4.19e-04 4.41e-02 -11.0 1.59e-01    -  1.00e+00 6.25e-02h  5
2711  1.0480554e-04 3.65e-04 3.95e-01 -11.0 5.29e-02    -  1.00e+00 2.50e-01h  3
2712  7.7997159e-05 3.51e-04 4.06e-01 -11.0 3.50e-02    -  1.00e+00 1.25e-01h  4
2713  1.4716732e-04 1.98e-04 1.53e-01 -11.0 1.37e-02    -  1.00e+00 1.00e+00h  1
2714  8.1430250e-04 7.89e-05 3.70e-01 -11.0 7.66e-03    -  1.00e+00 1.00e+00h  1
2715  6.9614392e-05 2.84e-05 2.50e-01 -11.0 2.01e-02    -  1.00e+00 1.00e+00H  1
2716  6.9472436e-05 2.40e-05 3.15e-01 -11.0 1.68e-02    -  1.00e+00 2.50e-01h  3
2717  6.4289757e-05 6.53e-06 9.06e-02 -11.0 2.43e-03    -  1.00e+00 1.00e+00h  1
2718  6.6703213e-05 5.53e-06 4.14e-02 -11.0 1.58e-03    -  1.00e+00 1.00e+00h  1
2719  5.7038551e-05 2.62e-06 8.36e-03 -11.0 1.72e-03    -  1.00e+00 1.00e+00h  1
iter    objective    inf_pr   inf_du lg(mu)  ||d||  lg(rg) alpha_du alpha_pr  ls
2720  6.9088637e-05 7.15e-08 1.05e-02 -11.0 1.36e-03    -  1.00e+00 1.00e+00H  1
2721  5.5243986e-05 4.12e-06 3.91e-03 -11.0 1.04e-03    -  1.00e+00 1.00e+00h  1
2722  5.5192191e-05 4.70e-08 1.16e-03 -11.0 1.78e-04    -  1.00e+00 1.00e+00h  1
2723  5.5013565e-05 9.88e-09 8.79e-05 -11.0 9.18e-05    -  1.00e+00 1.00e+00h  1
2724  5.4824740e-05 9.31e-08 4.87e-04 -11.0 3.14e-04    -  1.00e+00 1.00e+00h  1
2725  5.5456494e-05 4.16e-09 4.69e-04 -11.0 1.45e-03    -  1.00e+00 1.00e+00H  1
2726  5.4925311e-05 4.54e-08 1.27e-02 -11.0 1.55e-03    -  1.00e+00 1.00e+00H  1
2727  5.5816026e-05 6.96e-10 4.23e-04 -11.0 1.49e-03    -  1.00e+00 1.00e+00H  1
2728  5.5181324e-05 1.59e-10 3.16e-04 -11.0 5.53e-04    -  1.00e+00 1.00e+00H  1
2729  5.4193379e-05 6.65e-07 1.46e-03 -11.0 1.14e-03    -  1.00e+00 1.00e+00h  1
iter    objective    inf_pr   inf_du lg(mu)  ||d||  lg(rg) alpha_du alpha_pr  ls
2730  5.4787420e-05 5.14e-08 1.03e-03 -11.0 2.74e-04    -  1.00e+00 1.00e+00h  1
2731  5.4139043e-05 3.68e-08 3.02e-04 -11.0 1.80e-04    -  1.00e+00 1.00e+00h  1
2732  5.4134209e-05 4.17e-10 1.92e-05 -11.0 1.55e-05    -  1.00e+00 1.00e+00h  1
2733  5.4103547e-05 3.40e-08 2.61e-04 -11.0 1.62e-04    -  1.00e+00 1.00e+00h  1
2734  5.6000634e-05 3.18e-11 5.19e-04 -11.0 1.41e-03    -  1.00e+00 1.00e+00H  1
2735  5.4399868e-05 2.19e-10 2.33e-04 -11.0 3.60e-04    -  1.00e+00 1.00e+00H  1
2736  5.4024598e-05 5.14e-07 1.71e-03 -11.0 4.78e-04    -  1.00e+00 1.00e+00h  1
2737  5.5020434e-05 2.85e-10 2.97e-04 -11.0 1.07e-03    -  1.00e+00 1.00e+00H  1
2738  5.3987074e-05 1.53e-06 3.39e-03 -11.0 8.56e-04    -  1.00e+00 1.00e+00h  1
2739  5.3964007e-05 1.34e-06 3.02e-03 -11.0 3.85e-04    -  1.00e+00 1.25e-01h  4
iter    objective    inf_pr   inf_du lg(mu)  ||d||  lg(rg) alpha_du alpha_pr  ls
2740  5.3960204e-05 2.46e-09 1.67e-05 -11.0 3.74e-05    -  1.00e+00 1.00e+00h  1
2741  5.3955674e-05 1.70e-09 9.90e-06 -11.0 3.46e-05    -  1.00e+00 1.00e+00h  1
2742  5.3951290e-05 3.51e-09 1.19e-05 -11.0 3.97e-05    -  1.00e+00 1.00e+00h  1
2743  5.3943303e-05 4.49e-08 8.22e-04 -11.0 1.30e-03    -  1.00e+00 1.25e-01h  4
2744  5.4155043e-05 8.91e-11 3.16e-04 -11.0 7.09e-04    -  1.00e+00 1.00e+00H  1
2745  5.4069513e-05 6.98e-11 1.74e-04 -11.0 6.60e-04    -  1.00e+00 1.00e+00H  1
2746  5.4030327e-05 9.77e-10 1.74e-04 -11.0 7.64e-04    -  1.00e+00 3.12e-02h  6
2747  5.3908311e-05 4.24e-07 2.88e-04 -11.0 5.09e-04    -  1.00e+00 1.00e+00h  1
2748  5.3928920e-05 3.10e-07 8.19e-04 -11.0 4.17e-04    -  1.00e+00 2.50e-01h  3
2749  5.3902386e-05 3.57e-09 1.18e-05 -11.0 3.94e-05    -  1.00e+00 1.00e+00h  1
iter    objective    inf_pr   inf_du lg(mu)  ||d||  lg(rg) alpha_du alpha_pr  ls
2750  5.3900360e-05 5.21e-10 8.18e-06 -11.0 1.58e-05    -  1.00e+00 1.00e+00h  1
2751  5.3899332e-05 2.54e-10 7.24e-06 -11.0 1.50e-05    -  1.00e+00 1.00e+00h  1
2752  5.3899046e-05 1.00e-08 2.35e-05 -11.0 1.06e-04    -  1.00e+00 1.00e+00h  1
2753  5.3895442e-05 5.89e-08 2.41e-04 -11.0 2.81e-04    -  1.00e+00 1.00e+00h  1
2754  5.4704427e-05 1.25e-11 4.20e-04 -11.0 1.43e-03    -  1.00e+00 1.00e+00H  1
2755  5.3888154e-05 1.40e-06 6.57e-04 -11.0 1.33e-03    -  1.00e+00 1.00e+00h  1
2756  5.3890684e-05 1.05e-06 2.81e-04 -11.0 1.62e-04    -  1.00e+00 2.50e-01h  3
2757  5.3878916e-05 8.33e-09 7.42e-06 -11.0 9.49e-05    -  1.00e+00 1.00e+00h  1
2758  5.3883720e-05 5.07e-11 3.37e-05 -11.0 3.44e-04    -  1.00e+00 1.00e+00H  1
2759  5.4313223e-05 8.62e-12 1.64e-04 -11.0 2.24e-03    -  1.00e+00 1.00e+00H  1
iter    objective    inf_pr   inf_du lg(mu)  ||d||  lg(rg) alpha_du alpha_pr  ls
2760  5.4711016e-05 6.68e-12 2.80e-04 -11.0 3.16e-04    -  1.00e+00 1.00e+00H  1
2761  5.4710170e-05 7.69e-12 2.80e-04 -11.0 2.32e-03    -  1.00e+00 4.88e-04h 12
2762  5.4708858e-05 9.51e-12 2.80e-04 -11.0 1.74e-03    -  1.00e+00 4.88e-04h 12
2763  5.4708637e-05 9.60e-12 2.80e-04 -11.0 2.56e-03    -  1.00e+00 1.22e-04h 14
2764  5.4708241e-05 9.75e-12 2.80e-04 -11.0 4.79e-03    -  1.00e+00 1.22e-04h 14
2765  5.3876265e-05 3.13e-07 1.25e-03 -11.0 2.26e-03    -  1.00e+00 1.00e+00H  1
2766  5.4126110e-05 2.44e-07 7.89e-04 -11.0 9.25e-04    -  1.00e+00 2.50e-01h  3
2767  5.3866913e-05 5.51e-08 6.05e-05 -11.0 2.19e-04    -  1.00e+00 1.00e+00h  1
2768  5.3866282e-05 9.90e-10 4.43e-06 -11.0 3.54e-05    -  1.00e+00 1.00e+00h  1
2769  5.4145956e-05 7.49e-10 1.16e-04 -11.0 1.76e-03    -  1.00e+00 1.00e+00H  1
iter    objective    inf_pr   inf_du lg(mu)  ||d||  lg(rg) alpha_du alpha_pr  ls
2770  5.4361865e-05 7.11e-10 1.84e-04 -11.0 5.83e-04    -  1.00e+00 1.00e+00H  1
2771  5.4009092e-05 2.51e-11 1.02e-04 -11.0 1.91e-03    -  1.00e+00 1.00e+00H  1
2772  5.3982693e-05 6.02e-10 8.94e-05 -11.0 2.40e-03    -  1.00e+00 1.56e-02h  7
2773  5.3848247e-05 3.79e-07 1.84e-04 -11.0 7.64e-04    -  1.00e+00 1.00e+00h  1
2774  5.3858882e-05 2.83e-07 2.58e-04 -11.0 1.70e-04    -  1.00e+00 2.50e-01h  3
2775  5.3845405e-05 9.72e-10 4.98e-06 -11.0 3.41e-05    -  1.00e+00 1.00e+00h  1
2776  5.3844791e-05 3.33e-10 4.83e-06 -11.0 1.09e-05    -  1.00e+00 1.00e+00h  1
2777  5.3841050e-05 1.09e-07 2.84e-04 -11.0 1.60e-03    -  1.00e+00 1.25e-01h  4
2778  5.5419269e-05 7.42e-12 3.94e-04 -11.0 1.47e-03    -  1.00e+00 1.00e+00H  1
2779  5.3827267e-05 1.59e-06 8.41e-04 -11.0 9.84e-04    -  1.00e+00 1.00e+00h  1
iter    objective    inf_pr   inf_du lg(mu)  ||d||  lg(rg) alpha_du alpha_pr  ls
2780  5.3822355e-05 1.19e-06 5.30e-04 -11.0 2.03e-04    -  1.00e+00 2.50e-01h  3
2781  5.3805996e-05 1.08e-07 4.42e-04 -11.0 2.11e-04    -  1.00e+00 1.00e+00h  1
2782  5.3784783e-05 2.46e-06 1.40e-03 -11.0 1.47e-02    -  1.00e+00 6.25e-02h  5
2783  5.3765471e-05 1.13e-05 3.06e-03 -11.0 2.29e-01    -  1.00e+00 7.81e-03h  8
2784  5.3740122e-05 1.56e-05 4.32e-03 -11.0 1.71e-01    -  1.00e+00 7.81e-03h  8
2785  5.3731688e-05 1.61e-05 4.76e-03 -11.0 2.24e-01    -  1.00e+00 1.95e-03h 10
2786  5.3742329e-05 1.51e-05 4.06e-03 -11.0 3.21e-03    -  1.00e+00 6.25e-02h  5
2787  5.3810982e-05 8.13e-09 1.98e-04 -11.0 1.14e-04    -  1.00e+00 1.00e+00h  1
2788  5.3716020e-05 1.77e-06 2.11e-04 -11.0 7.85e-04    -  1.00e+00 1.00e+00h  1
2789  5.3792223e-05 1.90e-06 1.17e-03 -11.0 8.11e-04    -  1.00e+00 1.00e+00h  1
iter    objective    inf_pr   inf_du lg(mu)  ||d||  lg(rg) alpha_du alpha_pr  ls
2790  5.3790732e-05 2.45e-06 1.97e-03 -11.0 1.37e-03    -  1.00e+00 5.00e-01h  2
2791  5.3779947e-05 2.33e-06 1.62e-03 -11.0 2.89e-03    -  1.00e+00 6.25e-02h  5
2792  5.3834019e-05 3.92e-09 8.46e-05 -11.0 1.83e-03    -  1.00e+00 1.00e+00H  1
2793  5.3829597e-05 7.01e-09 8.16e-05 -11.0 3.83e-03    -  1.00e+00 7.81e-03h  8
2794  5.3780053e-05 3.86e-07 1.71e-03 -11.0 1.40e-03    -  1.00e+00 2.50e-01h  3
2795  5.3759550e-05 3.57e-07 2.19e-03 -11.0 2.12e-03    -  1.00e+00 1.25e-01h  4
2796  5.3725432e-05 1.08e-06 2.04e-03 -11.0 3.90e-03    -  1.00e+00 1.25e-01h  4
2797  5.3722562e-05 1.09e-06 2.06e-03 -11.0 8.97e-03    -  1.00e+00 7.81e-03h  8
2798  5.3888154e-05 2.35e-10 1.15e-04 -11.0 9.82e-04    -  1.00e+00 1.00e+00H  1
2799  5.3887223e-05 1.26e-10 1.14e-04 -11.0 4.36e-03    -  1.00e+00 1.95e-03h 10
iter    objective    inf_pr   inf_du lg(mu)  ||d||  lg(rg) alpha_du alpha_pr  ls
2800  5.3868816e-05 4.99e-10 1.11e-04 -11.0 2.66e-03    -  1.00e+00 7.81e-03h  8
2801  5.3722445e-05 4.80e-08 1.00e-03 -11.0 7.34e-04    -  1.00e+00 1.00e+00H  1
2802  5.3714583e-05 5.15e-08 9.93e-04 -11.0 1.86e-03    -  1.00e+00 3.12e-02h  6
2803  5.3710782e-05 3.07e-09 6.69e-06 -11.0 2.89e-05    -  1.00e+00 1.00e+00h  1
2804  5.3713882e-05 9.87e-10 2.72e-05 -11.0 1.91e-05    -  1.00e+00 1.00e+00h  1
2805  5.3710342e-05 4.35e-10 1.47e-06 -11.0 1.52e-05    -  1.00e+00 1.00e+00h  1
2806  5.3710297e-05 1.35e-11 9.86e-07 -11.0 2.36e-06    -  1.00e+00 1.00e+00h  1
2807  5.3710306e-05 1.92e-14 6.06e-06 -11.0 1.36e-05    -  1.00e+00 1.00e+00H  1
2808  5.3709985e-05 2.48e-10 3.85e-06 -11.0 1.46e-05    -  1.00e+00 1.00e+00h  1
2809  5.3717453e-05 3.04e-15 5.62e-05 -11.0 5.54e-05    -  1.00e+00 1.00e+00H  1
iter    objective    inf_pr   inf_du lg(mu)  ||d||  lg(rg) alpha_du alpha_pr  ls
2810  5.3709529e-05 1.09e-09 7.85e-06 -11.0 3.02e-05    -  1.00e+00 1.00e+00h  1
2811  5.3709771e-05 3.18e-10 1.38e-05 -11.0 1.30e-05    -  1.00e+00 1.00e+00h  1
2812  5.3708505e-05 2.22e-10 5.05e-06 -11.0 1.76e-05    -  1.00e+00 1.00e+00h  1
2813  5.3710698e-05 3.26e-15 2.89e-05 -11.0 9.52e-05    -  1.00e+00 1.00e+00H  1
2814  5.3707374e-05 1.75e-07 9.25e-04 -11.0 1.18e-03    -  1.00e+00 5.00e-01h  2
2815  5.3706326e-05 3.50e-07 1.77e-03 -11.0 7.32e-02    -  1.00e+00 7.81e-03h  8
2816  5.3701812e-05 6.46e-07 2.71e-03 -11.0 4.90e-02    -  1.00e+00 1.56e-02h  7
2817  5.3701399e-05 6.66e-07 2.52e-03 -11.0 3.29e-02    -  1.00e+00 7.81e-03h  8
2818  5.3698968e-05 6.70e-07 2.31e-03 -11.0 1.15e-02    -  1.00e+00 1.56e-02h  7
2819  5.3690235e-05 9.40e-07 3.15e-03 -11.0 9.46e-02    -  1.00e+00 7.81e-03h  8
iter    objective    inf_pr   inf_du lg(mu)  ||d||  lg(rg) alpha_du alpha_pr  ls
2820  5.3688015e-05 1.52e-06 4.23e-03 -11.0 2.75e-01    -  1.00e+00 3.91e-03h  9
2821  5.3685498e-05 1.52e-06 3.93e-03 -11.0 1.17e-01    -  1.00e+00 9.77e-04h 11
2822  5.3681393e-05 1.53e-06 3.43e-03 -11.0 1.56e-02    -  1.00e+00 1.56e-02h  7
2823  5.3678587e-05 1.80e-06 2.12e-03 -11.0 4.72e-02    -  1.00e+00 1.56e-02h  7
2824  8.1425544e-04 6.36e-04 8.59e-02 -11.0 1.96e-02    -  1.00e+00 1.00e+00w  1
2825  1.2407388e-04 9.01e-04 1.61e-01 -11.0 3.07e-02    -  1.00e+00 1.00e+00w  1
2826  8.4832540e-03 3.13e-01 2.57e+00 -11.0 7.12e-01    -  1.00e+00 1.00e+00w  1
2827  5.3675924e-05 1.79e-06 2.33e-03 -11.0 4.15e-01    -  1.00e+00 3.91e-03h  8
2828  5.3673702e-05 1.79e-06 1.87e-03 -11.0 1.97e-02    -  1.00e+00 7.81e-03h  8
2829  5.3673956e-05 1.58e-06 1.64e-03 -11.0 1.05e-03    -  1.00e+00 1.25e-01h  4
iter    objective    inf_pr   inf_du lg(mu)  ||d||  lg(rg) alpha_du alpha_pr  ls
2830  5.3684502e-05 1.40e-06 1.66e-03 -11.0 1.53e-03    -  1.00e+00 1.25e-01h  4
2831  5.3677785e-05 7.02e-07 5.91e-04 -11.0 2.42e-04    -  1.00e+00 5.00e-01h  2
2832  5.3666503e-05 3.67e-07 7.95e-04 -11.0 2.26e-04    -  1.00e+00 5.00e-01h  2
2833  5.3684445e-05 2.31e-07 1.23e-03 -11.0 3.61e-04    -  1.00e+00 5.00e-01h  2
2834  5.3676553e-05 1.10e-07 4.62e-04 -11.0 3.64e-04    -  1.00e+00 1.00e+00h  1
2835  6.7073159e-05 2.75e-08 1.47e-02 -11.0 4.56e-03    -  1.00e+00 1.00e+00H  1
2836  5.4102635e-05 8.26e-08 9.45e-04 -11.0 3.74e-03    -  1.00e+00 1.00e+00H  1
2837  5.3862447e-05 9.66e-08 4.67e-04 -11.0 1.10e-02    -  1.00e+00 1.56e-02h  7
2838  5.4653942e-05 1.28e-09 3.08e-04 -11.0 3.31e-04    -  1.00e+00 1.00e+00H  1
2839  5.3659603e-05 1.13e-07 6.13e-04 -11.0 2.20e-04    -  1.00e+00 1.00e+00h  1
iter    objective    inf_pr   inf_du lg(mu)  ||d||  lg(rg) alpha_du alpha_pr  ls
2840  5.3641094e-05 7.22e-09 1.24e-05 -11.0 8.57e-05    -  1.00e+00 1.00e+00h  1
2841  5.3654591e-05 4.37e-12 4.48e-05 -11.0 1.22e-04    -  1.00e+00 1.00e+00H  1
2842  5.3646227e-05 9.23e-11 1.94e-05 -11.0 7.98e-05    -  1.00e+00 1.00e+00H  1
2843  5.3652530e-05 3.76e-11 3.11e-05 -11.0 5.14e-05    -  1.00e+00 1.00e+00H  1
2844  5.3637116e-05 3.04e-09 4.20e-06 -11.0 3.78e-05    -  1.00e+00 1.00e+00h  1
2845  5.3636656e-05 3.62e-10 5.71e-06 -11.0 1.25e-05    -  1.00e+00 1.00e+00h  1
2846  5.3636246e-05 1.40e-09 1.21e-05 -11.0 3.12e-05    -  1.00e+00 1.00e+00h  1
2847  5.3635980e-05 2.56e-08 1.70e-04 -11.0 1.21e-04    -  1.00e+00 1.00e+00h  1
2848  5.3633333e-05 6.27e-08 4.34e-04 -11.0 2.17e-03    -  1.00e+00 6.25e-02h  5
2849  5.3632204e-05 6.60e-08 4.67e-04 -11.0 2.62e-03    -  1.00e+00 3.12e-02h  6
iter    objective    inf_pr   inf_du lg(mu)  ||d||  lg(rg) alpha_du alpha_pr  ls
2850  5.3872576e-05 5.01e-13 1.76e-04 -11.0 6.82e-04    -  1.00e+00 1.00e+00H  1
2851  5.3872376e-05 1.95e-12 1.75e-04 -11.0 4.73e-03    -  1.00e+00 2.44e-04h 13
2852  5.3872113e-05 3.37e-12 1.75e-04 -11.0 1.51e-02    -  1.00e+00 6.10e-05h 15
2853  5.3871966e-05 3.64e-12 1.75e-04 -11.0 1.28e-02    -  1.00e+00 3.05e-05h 16
2854  5.3871741e-05 3.66e-12 1.75e-04 -11.0 2.46e-03    -  1.00e+00 1.22e-04h 14
2855  5.3899353e-05 6.08e-13 1.02e-04 -11.0 4.37e-04    -  1.00e+00 1.00e+00H  1
2856  5.3630764e-05 2.72e-07 1.38e-03 -11.0 3.68e-04    -  1.00e+00 1.00e+00h  1
2857  5.4210758e-05 4.26e-13 3.35e-04 -11.0 4.95e-04    -  1.00e+00 1.00e+00H  1
2858  5.3623165e-05 4.64e-08 8.23e-04 -11.0 1.73e-04    -  1.00e+00 1.00e+00h  1
2859  5.3612073e-05 6.48e-09 9.47e-06 -11.0 6.55e-05    -  1.00e+00 1.00e+00h  1
iter    objective    inf_pr   inf_du lg(mu)  ||d||  lg(rg) alpha_du alpha_pr  ls
2860  5.3630291e-05 6.35e-09 1.04e-04 -11.0 6.11e-05    -  1.00e+00 1.00e+00h  1
2861  5.3611429e-05 4.59e-09 3.10e-06 -11.0 5.44e-05    -  1.00e+00 1.00e+00h  1
2862  5.3611258e-05 1.59e-11 2.87e-06 -11.0 3.86e-06    -  1.00e+00 1.00e+00h  1
2863  5.3611857e-05 4.10e-12 1.74e-05 -11.0 5.17e-05    -  1.00e+00 1.00e+00H  1
2864  5.3609867e-05 2.98e-09 9.77e-06 -11.0 6.72e-05    -  1.00e+00 1.00e+00h  1
2865  5.3709815e-05 5.89e-14 1.11e-04 -11.0 3.42e-04    -  1.00e+00 1.00e+00H  1
2866  5.3608385e-05 2.94e-08 3.18e-04 -11.0 2.16e-04    -  1.00e+00 1.00e+00h  1
2867  5.3607500e-05 3.78e-09 1.31e-05 -11.0 6.58e-05    -  1.00e+00 1.00e+00h  1
2868  5.3608413e-05 3.10e-12 2.47e-05 -11.0 8.16e-05    -  1.00e+00 1.00e+00H  1
2869  5.3615805e-05 1.04e-13 4.87e-05 -11.0 2.21e-04    -  1.00e+00 1.00e+00H  1
iter    objective    inf_pr   inf_du lg(mu)  ||d||  lg(rg) alpha_du alpha_pr  ls
2870  5.3702726e-05 1.33e-14 1.80e-04 -11.0 2.52e-04    -  1.00e+00 1.00e+00H  1
2871  5.3602913e-05 7.18e-08 1.95e-04 -11.0 3.03e-04    -  1.00e+00 1.00e+00h  1
2872  5.3603412e-05 3.59e-08 1.05e-04 -11.0 7.09e-05    -  1.00e+00 5.00e-01h  2
2873  5.3601129e-05 3.04e-09 1.05e-05 -11.0 7.39e-05    -  1.00e+00 1.00e+00h  1
2874  5.3708947e-05 7.15e-16 1.82e-04 -11.0 5.10e-04    -  1.00e+00 1.00e+00H  1
2875  5.3600792e-05 2.82e-10 1.48e-05 -11.0 3.50e-04    -  1.00e+00 1.00e+00H  1
2876  5.3701696e-05 3.55e-15 1.12e-04 -11.0 7.05e-05    -  1.00e+00 1.00e+00H  1
2877  5.3598145e-05 9.67e-09 4.22e-06 -11.0 6.29e-05    -  1.00e+00 1.00e+00h  1
2878  5.3597736e-05 3.65e-10 3.92e-06 -11.0 2.43e-05    -  1.00e+00 1.00e+00h  1
2879  5.3597401e-05 5.09e-09 1.43e-05 -11.0 3.17e-03    -  1.00e+00 3.12e-02h  6
iter    objective    inf_pr   inf_du lg(mu)  ||d||  lg(rg) alpha_du alpha_pr  ls
2880  5.3597085e-05 3.46e-08 2.90e-04 -11.0 4.08e-03    -  1.00e+00 6.25e-02h  5
2881  5.3596564e-05 6.69e-08 6.46e-04 -11.0 1.80e-02    -  1.00e+00 1.56e-02h  7
2882  5.3595860e-05 7.71e-08 6.03e-04 -11.0 1.01e-02    -  1.00e+00 1.56e-02h  7
2883  5.3595732e-05 7.84e-08 5.94e-04 -11.0 5.70e-03    -  1.00e+00 1.56e-02h  7
2884  5.3594921e-05 9.81e-08 5.96e-04 -11.0 7.05e-03    -  1.00e+00 3.12e-02h  6
2885  5.3593478e-05 1.09e-07 4.95e-04 -11.0 1.08e-02    -  1.00e+00 1.56e-02h  7
2886  5.3592696e-05 1.12e-07 4.20e-04 -11.0 6.06e-03    -  1.00e+00 1.56e-02h  7
2887  5.3592808e-05 1.27e-07 5.54e-04 -11.0 2.05e-03    -  1.00e+00 6.25e-02h  5
2888  5.3589316e-05 1.81e-07 7.43e-04 -11.0 1.49e-03    -  1.00e+00 1.25e-01h  4
2889  5.5284201e-05 2.69e-05 6.97e-03 -11.0 4.18e-03    -  1.00e+00 1.00e+00w  1
iter    objective    inf_pr   inf_du lg(mu)  ||d||  lg(rg) alpha_du alpha_pr  ls
2890  5.5137247e-05 3.99e-05 7.09e-03 -11.0 8.62e-03    -  1.00e+00 1.00e+00w  1
2891  1.2290540e-02 6.72e-02 2.80e-01 -11.0 4.44e-01    -  1.00e+00 1.00e+00w  1
2892  5.3582975e-05 2.67e-07 1.11e-03 -11.0 1.97e-01    -  1.00e+00 6.25e-02h  4
2893  5.3581904e-05 2.67e-07 1.29e-03 -11.0 5.65e-03    -  1.00e+00 1.56e-02h  7
2894  5.3579664e-05 2.08e-07 1.05e-03 -11.0 3.56e-04    -  1.00e+00 2.50e-01h  3
2895  5.3624599e-05 1.61e-14 1.19e-04 -11.0 7.05e-04    -  1.00e+00 1.00e+00H  1
2896  5.3624592e-05 3.79e-14 1.19e-04 -11.0 6.80e-03    -  1.00e+00 3.05e-05h 16
2897  5.3624585e-05 5.87e-14 1.19e-04 -11.0 5.81e-02    -  1.00e+00 3.81e-06h 19
2898  5.3624580e-05 6.53e-14 1.19e-04 -11.0 5.56e-02    -  1.00e+00 1.91e-06h 20
2899  5.3611346e-05 3.79e-06 3.24e-03 -11.0 2.92e-01    -  1.00e+00 7.81e-03h  8
iter    objective    inf_pr   inf_du lg(mu)  ||d||  lg(rg) alpha_du alpha_pr  ls
2900  5.3594403e-05 4.05e-06 4.35e-03 -11.0 2.55e-01    -  1.00e+00 1.95e-03h 10
2901  5.3578667e-05 4.28e-06 5.45e-03 -11.0 3.90e-02    -  1.00e+00 1.56e-02h  7
2902  5.3551882e-05 2.10e-05 1.19e-02 -11.0 3.01e-01    -  1.00e+00 1.56e-02h  7
2903  5.3541903e-05 2.99e-05 1.58e-02 -11.0 7.02e+00    -  1.00e+00 4.88e-04h 12
2904  5.3538551e-05 2.99e-05 1.52e-02 -11.0 3.77e-01    -  1.00e+00 4.88e-04h 12
2905  5.3535522e-05 2.63e-05 1.41e-02 -11.0 5.32e-03    -  1.00e+00 1.25e-01h  4
2906  1.4041974e-04 1.69e-03 5.16e-02 -11.0 4.58e-02    -  1.00e+00 1.00e+00w  1
2907  1.7706955e-04 5.85e-04 7.96e-02 -11.0 2.07e-02    -  1.00e+00 1.00e+00w  1
2908  5.1082067e-03 1.53e-02 4.94e-01 -11.0 1.61e-01    -  1.00e+00 1.00e+00w  1
2909  5.3517624e-05 2.63e-05 1.31e-02 -11.0 3.44e-01    -  1.00e+00 1.56e-02h  6
iter    objective    inf_pr   inf_du lg(mu)  ||d||  lg(rg) alpha_du alpha_pr  ls
2910  5.3500500e-05 2.54e-05 1.12e-02 -11.0 1.46e-02    -  1.00e+00 6.25e-02h  5
2911  5.3481341e-05 2.62e-05 1.01e-02 -11.0 4.85e-01    -  1.00e+00 1.95e-03h 10
2912  5.3466724e-05 2.62e-05 9.69e-03 -11.0 2.20e-01    -  1.00e+00 9.77e-04h 11
2913  5.3493035e-05 2.03e-05 5.12e-03 -11.0 3.23e-03    -  1.00e+00 2.50e-01h  3
2914  5.3533997e-05 1.92e-05 4.74e-03 -11.0 8.30e-03    -  1.00e+00 6.25e-02h  5
2915  5.3528882e-05 1.85e-05 6.13e-03 -11.0 1.05e-02    -  1.00e+00 2.50e-01h  3
2916  5.3496647e-05 2.12e-05 8.91e-03 -11.0 1.10e+00    -  1.00e+00 1.95e-03h 10
2917  5.3457738e-05 2.35e-05 1.19e-02 -11.0 1.02e+00    -  1.00e+00 1.95e-03h 10
2918  5.3450709e-05 2.41e-05 1.35e-02 -11.0 9.59e-01    -  1.00e+00 9.77e-04h 11
2919  4.4518570e-04 1.09e-02 2.37e-01 -11.0 1.37e-01    -  1.00e+00 1.00e+00w  1
iter    objective    inf_pr   inf_du lg(mu)  ||d||  lg(rg) alpha_du alpha_pr  ls
2920  1.9289686e-03 3.29e-03 4.31e-01 -11.0 1.10e-01    -  1.00e+00 1.00e+00w  1
2921  9.3787440e-02 5.29e-02 5.48e-01 -11.0 2.25e-01    -  1.00e+00 1.00e+00w  1
2922  5.3442942e-05 2.46e-05 1.53e-02 -11.0 9.80e-02    -  1.00e+00 7.81e-03h  7
2923  5.3424979e-05 2.40e-05 1.57e-02 -11.0 1.90e-02    -  1.00e+00 3.12e-02h  6
2924  5.3418792e-05 2.39e-05 1.62e-02 -11.0 5.35e-02    -  1.00e+00 7.81e-03h  8
2925  5.3468171e-05 2.36e-05 1.63e-02 -11.0 1.33e-02    -  1.00e+00 1.56e-02h  7
2926  5.3399569e-05 2.92e-07 1.34e-03 -11.0 6.70e-04    -  1.00e+00 1.00e+00h  1
2927  5.3394132e-05 2.93e-07 1.59e-03 -11.0 5.51e-03    -  1.00e+00 1.56e-02h  7
2928  5.3454300e-05 1.03e-07 1.11e-03 -11.0 2.85e-04    -  1.00e+00 1.00e+00h  1
2929  5.3659029e-05 3.14e-15 2.40e-04 -11.0 6.87e-04    -  1.00e+00 1.00e+00H  1
iter    objective    inf_pr   inf_du lg(mu)  ||d||  lg(rg) alpha_du alpha_pr  ls
2930  5.3554959e-05 5.44e-08 1.66e-03 -11.0 2.02e-03    -  1.00e+00 1.25e-01h  4
2931  5.3528334e-05 5.60e-08 2.12e-03 -11.0 2.32e-03    -  1.00e+00 6.25e-02h  5
2932  5.3623512e-05 1.92e-09 1.66e-04 -11.0 3.77e-04    -  1.00e+00 1.00e+00H  1
2933  5.3587944e-05 4.29e-09 2.08e-04 -11.0 3.62e-04    -  1.00e+00 1.00e+00H  1
2934  5.3606766e-05 1.92e-10 1.63e-04 -11.0 1.76e-04    -  1.00e+00 1.00e+00H  1
2935  5.3363682e-05 4.89e-08 2.89e-04 -11.0 1.53e-04    -  1.00e+00 1.00e+00h  1
2936  5.3361561e-05 3.87e-10 8.28e-06 -11.0 1.34e-05    -  1.00e+00 1.00e+00h  1
2937  5.3360869e-05 4.56e-11 6.99e-06 -11.0 5.97e-06    -  1.00e+00 1.00e+00h  1
2938  5.3359263e-05 1.01e-09 5.80e-06 -11.0 2.86e-05    -  1.00e+00 1.00e+00h  1
2939  5.3425958e-05 1.25e-11 1.47e-04 -11.0 3.64e-04    -  1.00e+00 1.00e+00H  1
iter    objective    inf_pr   inf_du lg(mu)  ||d||  lg(rg) alpha_du alpha_pr  ls
2940  5.3369965e-05 9.91e-13 5.64e-05 -11.0 8.25e-05    -  1.00e+00 1.00e+00H  1
2941  5.3340487e-05 3.13e-09 1.38e-05 -11.0 6.45e-05    -  1.00e+00 1.00e+00h  1
2942  5.3334582e-05 1.27e-08 1.72e-05 -11.0 9.14e-05    -  1.00e+00 1.00e+00h  1
2943  5.3331842e-05 2.74e-07 7.05e-04 -11.0 3.48e-03    -  1.00e+00 1.25e-01h  4
2944  5.3312462e-05 2.45e-06 8.71e-04 -11.0 1.08e-02    -  1.00e+00 1.25e-01h  4
2945  5.3294683e-05 4.98e-06 1.50e-03 -11.0 9.43e-02    -  1.00e+00 1.56e-02h  7
2946  5.3291309e-05 5.20e-06 1.64e-03 -11.0 6.06e-02    -  1.00e+00 7.81e-03h  8
2947  5.3263723e-05 4.93e-06 1.56e-03 -11.0 5.06e-03    -  1.00e+00 1.25e-01h  4
2948  5.3192860e-05 8.82e-06 3.03e-03 -11.0 1.20e-01    -  1.00e+00 1.56e-02h  7
2949  5.3191349e-05 9.17e-06 4.84e-03 -11.0 1.02e-01    -  1.00e+00 7.81e-03h  8
iter    objective    inf_pr   inf_du lg(mu)  ||d||  lg(rg) alpha_du alpha_pr  ls
2950  5.3201873e-05 8.67e-06 5.37e-03 -11.0 4.65e-03    -  1.00e+00 6.25e-02h  5
2951  5.3285687e-05 6.90e-08 9.44e-04 -11.0 3.13e-03    -  1.00e+00 1.00e+00H  1
2952  5.3274041e-05 9.76e-07 1.24e-03 -11.0 2.30e-01    -  1.00e+00 3.91e-03h  9
2953  5.3272220e-05 9.85e-07 1.24e-03 -11.0 1.62e-02    -  1.00e+00 7.81e-03h  8
2954  5.3213042e-05 3.17e-08 8.24e-04 -11.0 2.74e-03    -  1.00e+00 1.00e+00H  1
2955  5.3210929e-05 7.15e-07 1.04e-03 -11.0 9.82e-02    -  1.00e+00 7.81e-03h  8
2956  5.3203027e-05 7.45e-07 8.76e-04 -11.0 7.89e-03    -  1.00e+00 3.12e-02h  6
2957  5.3194258e-05 8.20e-07 8.49e-04 -11.0 1.04e-02    -  1.00e+00 3.12e-02h  6
2958  5.3187832e-05 1.18e-06 9.52e-04 -11.0 2.03e-02    -  1.00e+00 3.12e-02h  6
2959  5.3185177e-05 1.19e-06 1.18e-03 -11.0 1.12e-02    -  1.00e+00 1.56e-02h  7
iter    objective    inf_pr   inf_du lg(mu)  ||d||  lg(rg) alpha_du alpha_pr  ls
2960  5.3180735e-05 1.20e-06 2.41e-03 -11.0 2.68e-03    -  1.00e+00 1.25e-01h  4
2961  5.3173123e-05 1.34e-06 2.07e-03 -11.0 1.23e-02    -  1.00e+00 3.12e-02h  6
2962  5.3167231e-05 1.65e-06 1.18e-03 -11.0 3.71e-02    -  1.00e+00 1.56e-02h  7
2963  5.3166201e-05 3.57e-06 5.77e-04 -11.0 4.05e-02    -  1.00e+00 3.12e-02h  6
2964  5.3165402e-05 3.61e-06 5.98e-04 -11.0 5.56e-02    -  1.00e+00 3.91e-03h  9
2965  6.2909656e-05 6.91e-05 5.05e-03 -11.0 7.03e-03    -  1.00e+00 1.00e+00w  1
2966  5.3710216e-05 2.20e-05 3.48e-03 -11.0 3.74e-03    -  1.00e+00 1.00e+00w  1
2967  1.1589967e-04 2.03e-03 2.52e-02 -11.0 4.00e-02    -  1.00e+00 1.00e+00w  1
2968  5.3164535e-05 3.57e-06 5.62e-04 -11.0 3.21e-02    -  1.00e+00 1.56e-02h  6
2969  5.3161955e-05 3.74e-06 7.02e-04 -11.0 5.24e-02    -  1.00e+00 7.81e-03h  8
iter    objective    inf_pr   inf_du lg(mu)  ||d||  lg(rg) alpha_du alpha_pr  ls
2970  5.3159988e-05 4.47e-06 9.25e-04 -11.0 2.66e-02    -  1.00e+00 3.12e-02h  6
2971  5.3158769e-05 4.53e-06 9.51e-04 -11.0 6.27e-02    -  1.00e+00 3.91e-03h  9
2972  5.3161950e-05 4.45e-06 5.74e-04 -11.0 7.01e-03    -  1.00e+00 6.25e-02h  5
2973  5.3161345e-05 4.42e-06 6.67e-04 -11.0 8.26e-03    -  1.00e+00 7.81e-03h  8
2974  5.3154530e-05 1.51e-06 4.66e-04 -11.0 1.08e-03    -  1.00e+00 1.00e+00h  1
2975  5.3154519e-05 1.81e-06 3.70e-04 -11.0 1.26e-01    -  1.00e+00 3.91e-03h  9
2976  5.3153674e-05 1.82e-06 3.92e-04 -11.0 1.94e-02    -  1.00e+00 7.81e-03h  8
2977  5.3154226e-05 1.80e-06 3.91e-04 -11.0 4.49e-03    -  1.00e+00 1.56e-02h  7
2978  5.3157400e-05 2.10e-07 3.16e-04 -11.0 4.50e-04    -  1.00e+00 1.00e+00h  1
2979  5.3154623e-05 1.33e-06 6.15e-04 -11.0 3.15e-02    -  1.00e+00 3.12e-02h  6
iter    objective    inf_pr   inf_du lg(mu)  ||d||  lg(rg) alpha_du alpha_pr  ls
2980  5.3155522e-05 1.33e-06 6.51e-04 -11.0 3.48e-03    -  1.00e+00 3.91e-03h  9
2981  5.3148251e-05 4.15e-07 4.97e-05 -11.0 6.07e-04    -  1.00e+00 1.00e+00h  1
2982  5.3151342e-05 4.07e-07 1.95e-04 -11.0 3.36e-03    -  1.00e+00 3.12e-02h  6
2983  5.3149125e-05 8.52e-09 2.19e-05 -11.0 9.50e-05    -  1.00e+00 1.00e+00h  1
2984  5.3148852e-05 5.25e-08 2.98e-04 -11.0 1.89e-03    -  1.00e+00 1.25e-01h  4
2985  5.3147908e-05 5.17e-08 1.09e-04 -11.0 1.23e-03    -  1.00e+00 6.25e-02h  5
2986  5.3330648e-05 5.79e-10 2.12e-04 -11.0 1.11e-03    -  1.00e+00 1.00e+00H  1
2987  5.3202059e-05 1.06e-09 7.98e-05 -11.0 1.26e-03    -  1.00e+00 1.00e+00H  1
2988  5.3188905e-05 1.35e-09 4.86e-05 -11.0 4.92e-03    -  1.00e+00 7.81e-03h  8
2989  5.3147349e-05 2.31e-06 4.82e-04 -11.0 1.49e-03    -  1.00e+00 1.00e+00h  1
iter    objective    inf_pr   inf_du lg(mu)  ||d||  lg(rg) alpha_du alpha_pr  ls
2990  5.3147302e-05 2.36e-06 7.41e-04 -11.0 6.87e-02    -  1.00e+00 3.91e-03h  9
2991  5.3146424e-05 2.36e-06 9.23e-04 -11.0 1.22e-02    -  1.00e+00 1.56e-02h  7
2992  5.3349041e-05 8.00e-12 1.54e-04 -11.0 2.58e-03    -  1.00e+00 1.00e+00H  1
2993  5.3346919e-05 4.56e-10 1.48e-04 -11.0 5.48e-03    -  1.00e+00 3.91e-03h  9
2994  5.3346233e-05 4.70e-10 1.47e-04 -11.0 3.90e-03    -  1.00e+00 9.77e-04h 11
2995  5.3346070e-05 4.76e-10 1.47e-04 -11.0 1.59e-01    -  1.00e+00 1.53e-05h 17
2996  5.3345925e-05 4.80e-10 1.47e-04 -11.0 1.17e-01    -  1.00e+00 1.53e-05h 17
2997  5.3341227e-05 1.15e-08 1.67e-04 -11.0 5.30e-03    -  1.00e+00 1.56e-02h  7
2998  5.3157126e-05 1.22e-05 3.99e-03 -11.0 3.37e-03    -  1.00e+00 1.00e+00h  1
2999  5.3154055e-05 1.22e-05 3.96e-03 -11.0 6.06e-02    -  1.00e+00 3.91e-03h  9
iter    objective    inf_pr   inf_du lg(mu)  ||d||  lg(rg) alpha_du alpha_pr  ls
3000  5.3151538e-05 1.21e-05 3.92e-03 -11.0 2.37e-02    -  1.00e+00 1.56e-02h  7

Number of Iterations....: 3000

                                   (scaled)                 (unscaled)
Objective...............:   5.3151537934785183e-05    5.3151537934785183e-05
Dual infeasibility......:   3.9181822777315575e-03    3.9181822777315575e-03
Constraint violation....:   1.2146428579960789e-05    1.2146428579960789e-05
Variable bound violation:   0.0000000000000000e+00    0.0000000000000000e+00
Complementarity.........:   0.0000000000000000e+00    0.0000000000000000e+00
Overall NLP error.......:   3.9181822777315575e-03    3.9181822777315575e-03


Number of objective function evaluations             = 15971
Number of objective gradient evaluations             = 3001
Number of equality constraint evaluations            = 15999
Number of inequality constraint evaluations          = 0
Number of equality constraint Jacobian evaluations   = 3001
Number of inequality constraint Jacobian evaluations = 0
Number of Lagrangian Hessian evaluations             = 0
Total seconds in IPOPT                               = 3172.124

EXIT: Maximum Number of Iterations Exceeded.
shapovalova [3183s]  loss=5.32e-5
  [final]  nrmse=503600.0  l2=778.7
saved /orcd/home/002/txenakis/projects/BVPsolver/src/../data/runs/run_pbEG2kFF/rober_fit.png
saved /orcd/home/002/txenakis/projects/BVPsolver/src/../data/runs/run_pbEG2kFF/rober_spectral_fit.png
┌ Warning: Attempting to store StiffNN.var"#12#13"{Float64, Float64, Float64}.
│ JLD2 only stores functions by name.
│  This may not be useful for anonymous functions.
└ @ JLD2 ~/.julia/packages/JLD2/ADycq/src/data/writing_datatypes.jl:447
saved run → /orcd/home/002/txenakis/projects/BVPsolver/src/../data/runs/run_pbEG2kFF
--------------------------------------
Done: Wed Aug 12 07:40:26 EDT 2026
