Task 88/214: --problem vanderpol --model GELU-scaled --profile fast --seed 14 --pretraining derivmatch --training shapovalova
Logging to /home/txenakis/projects/BVPsolver/logs/run_main_20252509_88.log
vanderpol  model=GELU-scaled d=2 tlen=151 profile=fast seed=14  solver=Kvaerno5  N=177
  derivmatch lr=0.01 iter=170/3400 loss=3.728
  derivmatch lr=0.01 iter=340/3400 loss=2.355
  derivmatch lr=0.01 iter=510/3400 loss=1.845
  derivmatch lr=0.01 iter=680/3400 loss=1.777
  derivmatch lr=0.01 iter=850/3400 loss=1.663
  derivmatch lr=0.01 iter=1020/3400 loss=1.6
  derivmatch lr=0.01 iter=1190/3400 loss=1.561
  derivmatch lr=0.01 iter=1360/3400 loss=1.528
  derivmatch lr=0.01 iter=1530/3400 loss=1.504
  derivmatch lr=0.01 iter=1700/3400 loss=1.483
  derivmatch lr=0.01 iter=1870/3400 loss=1.469
  derivmatch lr=0.01 iter=2040/3400 loss=1.455
  derivmatch lr=0.01 iter=2210/3400 loss=1.45
  derivmatch lr=0.01 iter=2380/3400 loss=1.435
  derivmatch lr=0.01 iter=2550/3400 loss=1.427
  derivmatch lr=0.01 iter=2720/3400 loss=1.42
  derivmatch lr=0.01 iter=2890/3400 loss=4.626
  derivmatch lr=0.01 iter=3060/3400 loss=4.531
  derivmatch lr=0.01 iter=3230/3400 loss=3.535
  derivmatch lr=0.01 iter=3400/3400 loss=4.665
  derivmatch lr=0.01 iter=3400/3400 loss=1.092
  derivmatch lr=0.003 iter=125/2500 loss=0.6689
  derivmatch lr=0.003 iter=250/2500 loss=0.611
  derivmatch lr=0.003 iter=375/2500 loss=0.5663
  derivmatch lr=0.003 iter=500/2500 loss=0.5287
  derivmatch lr=0.003 iter=625/2500 loss=0.4994
  derivmatch lr=0.003 iter=750/2500 loss=0.4831
  derivmatch lr=0.003 iter=875/2500 loss=0.4578
  derivmatch lr=0.003 iter=1000/2500 loss=0.4384
  derivmatch lr=0.003 iter=1125/2500 loss=0.4309
  derivmatch lr=0.003 iter=1250/2500 loss=0.411
  derivmatch lr=0.003 iter=1375/2500 loss=0.399
  derivmatch lr=0.003 iter=1500/2500 loss=0.3882
  derivmatch lr=0.003 iter=1625/2500 loss=0.3782
  derivmatch lr=0.003 iter=1750/2500 loss=0.3706
  derivmatch lr=0.003 iter=1875/2500 loss=0.3739
  derivmatch lr=0.003 iter=2000/2500 loss=0.3613
  derivmatch lr=0.003 iter=2125/2500 loss=0.3559
  derivmatch lr=0.003 iter=2250/2500 loss=0.3622
  derivmatch lr=0.003 iter=2375/2500 loss=0.3467
  derivmatch lr=0.003 iter=2500/2500 loss=0.3537
  derivmatch lr=0.003 iter=2500/2500 loss=0.3432
  derivmatch lr=0.001 iter=125/2500 loss=0.1033
  derivmatch lr=0.001 iter=250/2500 loss=0.08349
  derivmatch lr=0.001 iter=375/2500 loss=0.07908
  derivmatch lr=0.001 iter=500/2500 loss=0.0748
  derivmatch lr=0.001 iter=625/2500 loss=0.07069
  derivmatch lr=0.001 iter=750/2500 loss=0.2409
  derivmatch lr=0.001 iter=875/2500 loss=0.08095
  derivmatch lr=0.001 iter=1000/2500 loss=0.07729
  derivmatch lr=0.001 iter=1125/2500 loss=0.07416
  derivmatch lr=0.001 iter=1250/2500 loss=0.07127
  derivmatch lr=0.001 iter=1375/2500 loss=0.06816
  derivmatch lr=0.001 iter=1500/2500 loss=0.06572
  derivmatch lr=0.001 iter=1625/2500 loss=0.06343
  derivmatch lr=0.001 iter=1750/2500 loss=0.06099
  derivmatch lr=0.001 iter=1875/2500 loss=0.05901
  derivmatch lr=0.001 iter=2000/2500 loss=0.05719
  derivmatch lr=0.001 iter=2125/2500 loss=0.05528
  derivmatch lr=0.001 iter=2250/2500 loss=0.0536
  derivmatch lr=0.001 iter=2375/2500 loss=0.05206
  derivmatch lr=0.001 iter=2500/2500 loss=0.05057
  derivmatch lr=0.001 iter=2500/2500 loss=0.05057
  derivmatch lr=0.0003 iter=80/1600 loss=0.05008
  derivmatch lr=0.0003 iter=160/1600 loss=0.04949
  derivmatch lr=0.0003 iter=240/1600 loss=0.04883
  derivmatch lr=0.0003 iter=320/1600 loss=0.04815
  derivmatch lr=0.0003 iter=400/1600 loss=0.04744
  derivmatch lr=0.0003 iter=480/1600 loss=0.04672
  derivmatch lr=0.0003 iter=560/1600 loss=0.046
  derivmatch lr=0.0003 iter=640/1600 loss=0.04525
  derivmatch lr=0.0003 iter=720/1600 loss=0.04446
  derivmatch lr=0.0003 iter=800/1600 loss=0.04365
  derivmatch lr=0.0003 iter=880/1600 loss=0.04296
  derivmatch lr=0.0003 iter=960/1600 loss=0.04234
  derivmatch lr=0.0003 iter=1040/1600 loss=0.04173
  derivmatch lr=0.0003 iter=1120/1600 loss=0.04115
  derivmatch lr=0.0003 iter=1200/1600 loss=0.04058
  derivmatch lr=0.0003 iter=1280/1600 loss=0.04006
  derivmatch lr=0.0003 iter=1360/1600 loss=0.03958
  derivmatch lr=0.0003 iter=1440/1600 loss=0.03913
  derivmatch lr=0.0003 iter=1520/1600 loss=0.03868
  derivmatch lr=0.0003 iter=1600/1600 loss=0.03824
  derivmatch lr=0.0003 iter=1600/1600 loss=0.03824
derivative matching [27s]  fitloss=0.0382
  [derivative matching]  nrmse=1.005  l2=329.4

******************************************************************************
This program contains Ipopt, a library for large-scale nonlinear optimization.
 Ipopt is released as open source code under the Eclipse Public License (EPL).
         For more information visit https://github.com/coin-or/Ipopt
******************************************************************************

This is Ipopt version 3.14.19, running with linear solver MUMPS 5.9.0.

Number of nonzeros in equality constraint Jacobian...:    99360
Number of nonzeros in inequality constraint Jacobian.:        0
Number of nonzeros in Lagrangian Hessian.............:        0

Total number of variables............................:      479
                     variables with only lower bounds:        0
                variables with lower and upper bounds:        0
                     variables with only upper bounds:        0
Total number of equality constraints.................:      304
Total number of inequality constraints...............:        0
        inequality constraints with only lower bounds:        0
   inequality constraints with lower and upper bounds:        0
        inequality constraints with only upper bounds:        0

iter    objective    inf_pr   inf_du lg(mu)  ||d||  lg(rg) alpha_du alpha_pr  ls
   0  1.3737611e-03 1.26e+00 2.46e-05   0.0 0.00e+00    -  0.00e+00 0.00e+00   0
   1  5.0123045e-02 2.01e+00 3.11e+01 -11.0 2.86e+00    -  1.00e+00 3.12e-02h  6
   2  7.4063176e-02 2.05e+00 3.60e+01 -11.0 2.62e+00    -  1.00e+00 1.56e-02h  7
   3  3.2926202e-01 2.78e+00 3.20e+02 -11.0 2.09e+00    -  1.00e+00 6.25e-02h  5
   4  5.0557784e-01 2.69e+00 8.02e+02 -11.0 2.25e+00    -  1.00e+00 3.12e-02h  6
   5  7.8795773e-01 2.67e+00 4.49e+01 -11.0 2.09e+00    -  1.00e+00 6.25e-02h  5
   6  9.7380698e-01 2.74e+00 4.40e+01 -11.0 2.27e+00    -  1.00e+00 3.12e-02h  6
   7  1.0138737e+00 2.75e+00 4.53e+01 -11.0 2.03e+00    -  1.00e+00 7.81e-03h  8
   8  1.1044661e+00 2.74e+00 3.71e+01 -11.0 2.01e+00    -  1.00e+00 1.56e-02h  7
   9  1.1958983e+00 2.78e+00 2.47e+01 -11.0 2.10e+00    -  1.00e+00 1.56e-02h  7
iter    objective    inf_pr   inf_du lg(mu)  ||d||  lg(rg) alpha_du alpha_pr  ls
  10  1.2774033e+00 2.75e+00 5.08e+01 -11.0 1.75e+00    -  1.00e+00 1.56e-02h  7
  11  2.0121756e+01 4.07e+02 1.70e+05 -11.0 1.90e+00    -  1.00e+00 1.00e+00w  1
  12  1.7068322e+01 1.46e+02 2.01e+03 -11.0 5.16e-01    -  1.00e+00 1.00e+00w  1
  13  2.5842155e+01 6.04e+01 6.55e+03 -11.0 1.38e+00    -  1.00e+00 1.00e+00w  1
  14  1.7111927e+00 5.30e+00 7.66e+01 -11.0 1.93e+00    -  1.00e+00 6.25e-02h  4
  15  1.9029320e+00 5.94e+00 8.51e+01 -11.0 1.43e+00    -  1.00e+00 3.12e-02h  6
  16  2.0013717e+00 5.98e+00 9.18e+01 -11.0 1.70e+00    -  1.00e+00 1.56e-02h  7
  17  2.2129393e+00 5.24e+00 1.48e+02 -11.0 1.82e+00    -  1.00e+00 3.12e-02h  6
  18  2.4533261e+00 4.78e+00 2.39e+02 -11.0 1.42e+00    -  1.00e+00 3.12e-02h  6
  19  2.4925561e+00 4.27e+00 2.94e+02 -11.0 1.32e+00    -  1.00e+00 7.81e-03h  8
iter    objective    inf_pr   inf_du lg(mu)  ||d||  lg(rg) alpha_du alpha_pr  ls
  20  2.5194911e+00 4.29e+00 1.88e+02 -11.0 1.12e+00    -  1.00e+00 7.81e-03h  8
  21  2.5197727e+00 4.30e+00 2.04e+02 -11.0 1.35e+00    -  1.00e+00 6.10e-05h 15
  22  2.5285020e+00 4.41e+00 2.08e+03 -11.0 1.27e+00    -  1.00e+00 1.95e-03h 10
  23  2.5647726e+00 4.42e+00 6.30e+02 -11.0 1.31e+00    -  1.00e+00 7.81e-03h  8
  24  1.8326031e+01 7.26e+02 4.73e+06 -11.0 1.90e+00    -  1.00e+00 1.00e+00w  1
  25  1.7428773e+01 1.63e+02 2.25e+06 -11.0 7.84e-01    -  1.00e+00 1.00e+00w  1
  26  1.8393126e+01 3.45e+02 1.78e+07 -11.0 1.34e+00    -  1.00e+00 1.00e+00w  1
  27  2.5927717e+00 4.41e+00 2.56e+03 -11.0 6.89e-01    -  1.00e+00 3.91e-03h  8
  28  2.6178273e+00 4.40e+00 3.04e+03 -11.0 2.39e+00    -  1.00e+00 3.91e-03h  9
  29  2.6471560e+00 4.39e+00 3.19e+03 -11.0 2.07e+00    -  1.00e+00 3.91e-03h  9
iter    objective    inf_pr   inf_du lg(mu)  ||d||  lg(rg) alpha_du alpha_pr  ls
  30  2.7039604e+00 4.37e+00 2.73e+03 -11.0 2.18e+00    -  1.00e+00 7.81e-03h  8
  31  2.8279960e+00 4.39e+00 2.10e+04 -11.0 3.93e+00    -  1.00e+00 1.56e-02h  7
  32  2.9337113e+00 4.30e+00 1.81e+04 -11.0 2.82e+00    -  1.00e+00 1.56e-02h  7
  33  3.0451098e+00 4.47e+00 1.49e+04 -11.0 2.26e+00    -  1.00e+00 1.56e-02h  7
  34  3.1697970e+00 5.01e+00 1.33e+04 -11.0 2.56e+00    -  1.00e+00 1.56e-02h  7
  35  3.0979595e+00 5.17e+00 8.58e+03 -11.0 1.98e+00    -  1.00e+00 1.56e-02h  7
  36  3.0747245e+00 5.20e+00 1.52e+04 -11.0 1.36e+00    -  1.00e+00 1.56e-02h  7
  37  1.9669589e+01 3.93e+03 2.17e+08 -11.0 1.30e+00    -  1.00e+00 1.00e+00w  1
  38  3.0691465e+01 5.05e+03 2.37e+07 -11.0 1.96e+00    -  1.00e+00 1.00e+00w  1
  39  2.0358404e+01 1.01e+04 5.11e+07 -11.0 2.05e+00    -  1.00e+00 1.00e+00w  1
iter    objective    inf_pr   inf_du lg(mu)  ||d||  lg(rg) alpha_du alpha_pr  ls
  40  3.2086118e+00 6.03e+00 7.18e+04 -11.0 8.36e+00    -  1.00e+00 1.56e-02h  6
  41  3.0894220e+00 6.32e+00 7.34e+04 -11.0 1.90e+00    -  1.00e+00 3.12e-02h  6
  42  3.1660789e+00 6.33e+00 6.93e+04 -11.0 1.94e+00    -  1.00e+00 1.56e-02h  7
  43  3.2661008e+00 6.30e+00 1.21e+05 -11.0 2.96e+00    -  1.00e+00 1.56e-02h  7
  44  3.3581577e+00 6.21e+00 1.12e+05 -11.0 3.10e+00    -  1.00e+00 1.56e-02h  7
  45  3.4075890e+00 6.16e+00 1.16e+05 -11.0 3.23e+00    -  1.00e+00 7.81e-03h  8
  46  3.4411996e+00 6.12e+00 1.16e+05 -11.0 2.81e+00    -  1.00e+00 7.81e-03h  8
  47  3.4520639e+00 6.11e+00 1.18e+05 -11.0 3.24e+00    -  1.00e+00 1.95e-03h 10
  48  3.4628976e+00 6.10e+00 1.20e+05 -11.0 3.22e+00    -  1.00e+00 1.95e-03h 10
  49  3.4736902e+00 6.08e+00 1.22e+05 -11.0 3.18e+00    -  1.00e+00 1.95e-03h 10
iter    objective    inf_pr   inf_du lg(mu)  ||d||  lg(rg) alpha_du alpha_pr  ls
  50  8.8742457e+00 2.31e+03 2.73e+03 -11.0 2.23e+00    -  1.00e+00 1.00e+00w  1
  51  1.4250772e+01 9.90e+03 2.19e+05 -11.0 1.25e+00    -  1.00e+00 1.00e+00w  1
  52  1.7435376e+01 8.78e+02 5.56e+04 -11.0 1.16e+00    -  1.00e+00 1.00e+00w  1
  53  3.4254548e+00 6.77e+00 9.28e+04 -11.0 1.60e+00    -  1.00e+00 7.81e-03h  7
  54  3.3510742e+00 6.80e+00 1.14e+05 -11.0 1.85e+00    -  1.00e+00 1.56e-02h  7
  55  3.3724690e+00 6.78e+00 1.29e+05 -11.0 2.08e+00    -  1.00e+00 3.91e-03h  9
  56  3.4152127e+00 6.89e+00 1.85e+05 -11.0 3.06e+00    -  1.00e+00 7.81e-03h  8
  57  3.4790573e+00 6.68e+00 2.11e+05 -11.0 2.74e+00    -  1.00e+00 3.12e-02h  6
  58  3.5361443e+00 6.48e+00 1.74e+05 -11.0 2.72e+00    -  1.00e+00 3.12e-02h  6
  59  3.5725400e+00 6.40e+00 1.97e+05 -11.0 2.88e+00    -  1.00e+00 1.56e-02h  7
iter    objective    inf_pr   inf_du lg(mu)  ||d||  lg(rg) alpha_du alpha_pr  ls
  60  3.9348365e+00 6.45e+00 3.55e+05 -11.0 3.00e+00    -  1.00e+00 1.25e-01h  4
  61  3.9204033e+00 6.44e+00 3.52e+05 -11.0 1.47e+00    -  1.00e+00 3.12e-02h  6
  62  3.8990475e+00 6.13e+00 3.44e+05 -11.0 1.45e+00    -  1.00e+00 3.12e-02h  6
  63  6.8793050e+00 8.93e+02 1.22e+04 -11.0 1.55e+00    -  1.00e+00 1.00e+00w  1
  64  4.5580865e+00 8.39e+02 8.28e+03 -11.0 9.16e-01    -  1.00e+00 1.00e+00w  1
  65  5.1881013e+00 1.62e+02 4.24e+04 -11.0 4.19e-01    -  1.00e+00 1.00e+00w  1
  66  3.6273775e+00 6.87e+00 3.17e+05 -11.0 1.11e+00    -  1.00e+00 6.25e-02h  4
  67  3.5100657e+00 7.60e+00 2.96e+05 -11.0 1.19e+00    -  1.00e+00 6.25e-02h  5
  68  3.4709394e+00 1.05e+01 2.79e+05 -11.0 9.30e-01    -  1.00e+00 6.25e-02h  5
  69  3.4685949e+00 1.01e+01 2.91e+05 -11.0 1.10e+00    -  1.00e+00 3.12e-02h  6
iter    objective    inf_pr   inf_du lg(mu)  ||d||  lg(rg) alpha_du alpha_pr  ls
  70  3.4684654e+00 9.82e+00 2.98e+05 -11.0 1.11e+00    -  1.00e+00 3.12e-02h  6
  71  3.5299550e+00 1.05e+01 3.09e+05 -11.0 1.20e+00    -  1.00e+00 1.25e-01h  4
  72  3.5652296e+00 1.05e+01 2.98e+05 -11.0 1.06e+00    -  1.00e+00 3.12e-02h  6
  73  3.5850328e+00 1.05e+01 2.94e+05 -11.0 9.97e-01    -  1.00e+00 1.56e-02h  7
  74  3.5851015e+00 1.07e+01 2.93e+05 -11.0 1.29e+00    -  1.00e+00 1.56e-02h  7
  75  3.5850202e+00 1.07e+01 2.43e+06 -11.0 1.24e+00    -  1.00e+00 7.81e-03h  8
  76  5.5822632e+00 1.87e+03 8.06e+03 -11.0 1.01e+00    -  1.00e+00 1.00e+00w  1
  77  8.1730404e+00 3.99e+03 3.01e+03 -11.0 1.35e+00    -  1.00e+00 1.00e+00w  1
  78  6.3509769e+00 5.91e+02 1.57e+03 -11.0 4.20e+00    -  1.00e+00 1.00e+00w  1
  79  3.5762177e+00 1.28e+01 2.90e+06 -11.0 9.15e-01    -  1.00e+00 3.12e-02h  5
iter    objective    inf_pr   inf_du lg(mu)  ||d||  lg(rg) alpha_du alpha_pr  ls
  80  3.6633568e+00 6.45e+00 3.06e+06 -11.0 2.07e+00    -  1.00e+00 6.25e-02h  5
  81  3.7928522e+00 5.20e+00 3.07e+06 -11.0 1.40e+00    -  1.00e+00 6.25e-02h  5
  82  3.9612155e+00 5.21e+00 2.90e+06 -11.0 8.56e-01    -  1.00e+00 6.25e-02h  5
  83  4.1486469e+00 4.79e+00 2.70e+06 -11.0 8.75e-01    -  1.00e+00 6.25e-02h  5
  84  4.3548162e+00 4.37e+00 2.50e+06 -11.0 8.60e-01    -  1.00e+00 6.25e-02h  5
  85  4.5773626e+00 3.93e+00 2.34e+06 -11.0 8.38e-01    -  1.00e+00 6.25e-02h  5
  86  4.5764496e+00 3.74e+00 2.35e+06 -11.0 5.48e-01    -  1.00e+00 1.56e-02h  7
  87  4.6298201e+00 7.60e+00 2.35e+06 -11.0 4.17e-01    -  1.00e+00 3.12e-02h  6
  88  4.8517681e+00 2.87e+00 2.30e+06 -11.0 6.09e-01    -  1.00e+00 6.25e-02h  5
  89  9.6853154e+00 4.03e+02 7.58e+07 -11.0 4.75e-01    -  1.00e+00 1.00e+00w  1
iter    objective    inf_pr   inf_du lg(mu)  ||d||  lg(rg) alpha_du alpha_pr  ls
  90  2.6967081e+01 3.89e+03 2.37e+11 -11.0 3.57e+00    -  1.00e+00 1.00e+00w  1
  91  2.6918069e+01 8.24e+02 2.99e+07 -11.0 1.31e+00    -  1.00e+00 1.00e+00w  1
  92  4.8780410e+00 2.84e+00 2.30e+06 -11.0 2.16e+00    -  1.00e+00 7.81e-03h  7
  93  4.8817753e+00 2.83e+00 2.29e+06 -11.0 5.45e-01    -  1.00e+00 1.95e-03h 10
  94  4.8825512e+00 2.83e+00 2.28e+06 -11.0 5.12e-01    -  1.00e+00 4.88e-04h 12
  95  4.8828882e+00 2.83e+00 2.28e+06 -11.0 4.92e-01    -  1.00e+00 2.44e-04h 13
  96  4.8831889e+00 2.83e+00 2.28e+06 -11.0 4.78e-01    -  1.00e+00 2.44e-04h 13
  97  4.8833168e+00 2.83e+00 2.28e+06 -11.0 5.18e-01    -  1.00e+00 1.22e-04h 14
  98  4.8834314e+00 2.83e+00 2.28e+06 -11.0 5.43e-01    -  1.00e+00 1.22e-04h 14
  99  4.8835313e+00 2.83e+00 2.28e+06 -11.0 5.68e-01    -  1.00e+00 1.22e-04h 14
iter    objective    inf_pr   inf_du lg(mu)  ||d||  lg(rg) alpha_du alpha_pr  ls
 100  4.8835733e+00 2.83e+00 2.28e+06 -11.0 5.90e-01    -  1.00e+00 6.10e-05h 15
 101  4.8836111e+00 2.83e+00 2.28e+06 -11.0 6.00e-01    -  1.00e+00 6.10e-05h 15
 102  6.9508111e+00 6.47e+02 2.16e+03 -11.0 6.09e-01    -  1.00e+00 1.00e+00w  1
 103  3.5207208e+01 1.34e+02 1.83e+04 -11.0 2.80e+00    -  1.00e+00 1.00e+00w  1
 104  4.9657617e+01 3.35e+02 2.28e+03 -11.0 1.22e+00    -  1.00e+00 1.00e+00w  1
 105  4.8836444e+00 2.83e+00 2.28e+06 -11.0 3.05e+00    -  1.00e+00 6.10e-05h 14
 106  4.8836819e+00 2.83e+00 2.28e+06 -11.0 6.16e-01    -  1.00e+00 6.10e-05h 15
 107  4.8837199e+00 2.83e+00 2.28e+06 -11.0 6.01e-01    -  1.00e+00 6.10e-05h 15
 108  4.8837584e+00 2.83e+00 2.28e+06 -11.0 5.85e-01    -  1.00e+00 6.10e-05h 15
 109  4.8837740e+00 2.83e+00 2.28e+06 -11.0 6.32e-01    -  1.00e+00 6.10e-05h 15
iter    objective    inf_pr   inf_du lg(mu)  ||d||  lg(rg) alpha_du alpha_pr  ls
 110  4.8837847e+00 2.83e+00 2.28e+06 -11.0 6.35e-01    -  1.00e+00 6.10e-05h 15
 111  4.8837904e+00 2.83e+00 2.28e+06 -11.0 6.36e-01    -  1.00e+00 6.10e-05h 15
 112  4.8837908e+00 2.83e+00 2.28e+06 -11.0 6.36e-01    -  1.00e+00 3.05e-05h 16
 113  4.8837892e+00 2.83e+00 2.28e+06 -11.0 6.35e-01    -  1.00e+00 6.10e-05h 15
 114  4.8837826e+00 2.83e+00 2.28e+06 -11.0 6.32e-01    -  1.00e+00 6.10e-05h 15
 115  6.7901763e+00 8.67e+02 1.78e+03 -11.0 6.28e-01    -  1.00e+00 1.00e+00w  1
 116  3.4130309e+01 4.01e+03 3.84e+04 -11.0 2.85e+00    -  1.00e+00 1.00e+00w  1
 117  1.7252954e+01 3.63e+02 9.60e+04 -11.0 1.79e+00    -  1.00e+00 1.00e+00w  1
 118  4.8837711e+00 2.83e+00 2.28e+06 -11.0 1.52e+00    -  1.00e+00 6.10e-05h 14
 119  4.8837725e+00 2.83e+00 2.28e+06 -11.0 5.80e-01    -  1.00e+00 3.05e-05h 16
iter    objective    inf_pr   inf_du lg(mu)  ||d||  lg(rg) alpha_du alpha_pr  ls
 120  4.8837741e+00 2.83e+00 2.28e+06 -11.0 5.68e-01    -  1.00e+00 3.05e-05h 16
 121  4.8837758e+00 2.83e+00 2.28e+06 -11.0 5.57e-01    -  1.00e+00 3.05e-05h 16
 122  4.8837529e+00 2.83e+00 2.28e+06 -11.0 6.13e-01    -  1.00e+00 6.10e-05h 15
 123  4.8837253e+00 2.83e+00 2.27e+06 -11.0 6.17e-01    -  1.00e+00 6.10e-05h 15
 124  4.8836931e+00 2.83e+00 2.27e+06 -11.0 6.22e-01    -  1.00e+00 6.10e-05h 15
 125  4.8836564e+00 2.83e+00 2.27e+06 -11.0 6.26e-01    -  1.00e+00 6.10e-05h 15
 126  4.8836153e+00 2.83e+00 2.27e+06 -11.0 6.30e-01    -  1.00e+00 6.10e-05h 15
 127  4.8548834e+00 3.23e+02 1.66e+06 -11.0 6.34e-01    -  1.00e+00 2.50e-01h  3
 128  5.3154060e+00 2.98e+04 7.92e+03 -11.0 1.44e+00    -  1.00e+00 1.00e+00w  1
 129  1.0589645e+01 5.93e+03 1.25e+04 -11.0 1.02e+00    -  1.00e+00 1.00e+00w  1
iter    objective    inf_pr   inf_du lg(mu)  ||d||  lg(rg) alpha_du alpha_pr  ls
 130  1.0403407e+01 1.03e+04 8.24e+03 -11.0 1.25e+00    -  1.00e+00 1.00e+00w  1
 131  4.5742364e+00 8.10e+03 2.39e+07 -11.0 1.36e+00    -  1.00e+00 5.00e-01h  1
 132  4.8463955e+00 7.82e+03 2.04e+07 -11.0 2.45e+00    -  1.00e+00 3.12e-02h  6
 133  4.8509624e+00 7.82e+03 2.03e+07 -11.0 2.08e+00    -  1.00e+00 4.88e-04h 12
 134  4.8533816e+00 7.82e+03 2.03e+07 -11.0 2.11e+00    -  1.00e+00 2.44e-04h 13
 135  4.8545946e+00 7.81e+03 2.03e+07 -11.0 2.11e+00    -  1.00e+00 1.22e-04h 14
 136  4.8547464e+00 7.81e+03 2.03e+07 -11.0 2.11e+00    -  1.00e+00 1.53e-05h 17
 137  6.3142175e+01 4.56e+03 4.32e+04 -11.0 2.06e+00    -  1.00e+00 1.00e+00h  1
 138  5.4017681e+01 2.44e+03 1.60e+08 -11.0 3.72e+00    -  1.00e+00 5.00e-01h  2
 139  6.0033640e+01 8.56e+02 5.17e+08 -11.0 9.71e-01    -  1.00e+00 5.00e-01h  2
iter    objective    inf_pr   inf_du lg(mu)  ||d||  lg(rg) alpha_du alpha_pr  ls
 140  8.1743507e+03 7.59e+01 1.99e+08 -11.0 9.29e-01    -  1.00e+00 1.00e+00H  1
 141  3.1289426e+02 4.30e+01 1.01e+08 -11.0 1.39e+02    -  1.00e+00 1.00e+00f  1
 142  3.1968863e+02 3.80e+01 8.42e+07 -11.0 1.61e+00    -  1.00e+00 1.25e-01h  4
 143  3.2118418e+02 3.69e+01 8.08e+07 -11.0 1.40e+00    -  1.00e+00 3.12e-02h  6
 144  3.2280498e+02 4.21e+01 8.02e+10 -11.0 8.29e-01    -  1.00e+00 1.56e-02h  7
 145  1.1087423e+02 2.39e+03 1.08e+12 -11.0 8.91e+00    -  1.00e+00 5.00e-01f  2
 146  3.1262648e+01 2.55e+03 1.24e+12 -11.0 3.04e+00    -  1.00e+00 5.00e-01f  2
 147  1.3629086e+01 2.38e+03 9.46e+10 -11.0 1.95e+00    -  1.00e+00 5.00e-01h  2
 148  1.5160129e+01 4.32e+02 1.72e+11 -11.0 8.73e-01    -  1.00e+00 1.00e+00h  1
 149  1.4947124e+01 7.82e+03 5.11e+10 -11.0 5.11e-01    -  1.00e+00 1.00e+00h  1
iter    objective    inf_pr   inf_du lg(mu)  ||d||  lg(rg) alpha_du alpha_pr  ls
 150  1.3749081e+01 7.82e+02 1.26e+10 -11.0 4.54e-01    -  1.00e+00 1.00e+00h  1
 151  1.3470948e+01 1.75e+03 8.11e+09 -11.0 3.44e-01    -  1.00e+00 5.00e-01h  2
 152  1.3905975e+01 2.89e+02 1.39e+10 -11.0 2.54e-01    -  1.00e+00 1.00e+00h  1
 153  1.1495767e+01 8.15e+03 1.41e+04 -11.0 1.48e+00    -  1.00e+00 1.00e+00f  1
 154  1.0266322e+01 5.80e+03 3.27e+05 -11.0 5.22e-01    -  1.00e+00 1.00e+00h  1
 155  1.2413709e+01 1.28e+03 1.83e+05 -11.0 5.53e-01    -  1.00e+00 1.00e+00h  1
 156  1.2923619e+01 8.98e+02 2.39e+05 -11.0 1.70e+00    -  1.00e+00 2.50e-01h  3
 157  1.2619077e+01 2.58e+03 2.36e+05 -11.0 1.32e+00    -  1.00e+00 1.25e-01h  4
 158  1.1366875e+01 1.13e+03 3.41e+05 -11.0 1.37e+00    -  1.00e+00 5.00e-01h  2
 159  1.0804278e+01 4.19e+03 9.29e+04 -11.0 8.45e-01    -  1.00e+00 1.00e+00h  1
iter    objective    inf_pr   inf_du lg(mu)  ||d||  lg(rg) alpha_du alpha_pr  ls
 160  7.3433121e+00 1.00e+04 3.74e+03 -11.0 1.36e+00    -  1.00e+00 1.00e+00h  1
 161  7.1421793e+00 1.02e+04 5.33e+03 -11.0 8.68e-01    -  1.00e+00 1.00e+00h  1
 162  6.0744798e+00 1.69e+04 8.75e+03 -11.0 1.10e+00    -  1.00e+00 1.00e+00h  1
 163  3.9035299e+00 8.30e+03 6.40e+02 -11.0 1.31e+00    -  1.00e+00 5.00e-01h  2
 164  4.7209665e+00 1.26e+03 7.18e+03 -11.0 6.00e-01    -  1.00e+00 1.00e+00h  1
 165  6.3701221e+00 8.53e+02 2.50e+04 -11.0 6.38e-01    -  1.00e+00 1.00e+00h  1
 166  7.0696392e+00 7.87e+02 1.91e+04 -11.0 7.93e-01    -  1.00e+00 5.00e-01h  2
 167  9.8712900e+00 6.25e+02 6.47e+04 -11.0 4.34e-01    -  1.00e+00 1.00e+00h  1
 168  8.6022270e+00 7.89e+02 9.51e+06 -11.0 1.42e+00    -  1.00e+00 5.00e-01h  2
 169  9.1034498e+00 6.69e+02 6.65e+06 -11.0 7.84e-01    -  1.00e+00 2.50e-01h  3
iter    objective    inf_pr   inf_du lg(mu)  ||d||  lg(rg) alpha_du alpha_pr  ls
 170  1.0248595e+01 4.10e+02 3.82e+06 -11.0 6.80e-01    -  1.00e+00 5.00e-01h  2
 171  6.8535619e+00 7.64e+02 8.69e+05 -11.0 1.62e+00    -  1.00e+00 5.00e-01h  2
 172  4.6230738e+00 5.80e+02 1.74e+05 -11.0 9.93e-01    -  1.00e+00 5.00e-01h  2
 173  3.9951520e+00 1.24e+03 4.55e+04 -11.0 1.13e+00    -  1.00e+00 5.00e-01h  2
 174  2.9463221e+00 6.15e+02 3.17e+05 -11.0 1.32e+00    -  1.00e+00 5.00e-01h  2
 175  3.3571285e+00 5.20e+02 6.18e+05 -11.0 3.33e-01    -  1.00e+00 5.00e-01h  2
 176  5.0842207e+00 9.97e+02 1.21e+07 -11.0 7.58e-01    -  1.00e+00 1.00e+00h  1
 177  4.9723598e+00 4.89e+02 3.39e+06 -11.0 3.19e-01    -  1.00e+00 5.00e-01h  2
 178  5.2030665e+00 2.58e+02 3.44e+06 -11.0 3.02e-01    -  1.00e+00 5.00e-01h  2
 179  5.4748651e+00 3.06e+02 1.53e+06 -11.0 2.32e-01    -  1.00e+00 5.00e-01h  2
iter    objective    inf_pr   inf_du lg(mu)  ||d||  lg(rg) alpha_du alpha_pr  ls
 180  6.0329929e+00 1.42e+02 5.63e+05 -11.0 1.31e-01    -  1.00e+00 1.00e+00h  1
 181  6.1942805e+00 8.41e+01 2.87e+05 -11.0 1.79e-01    -  1.00e+00 5.00e-01h  2
 182  6.1265330e+00 9.38e+01 5.08e+06 -11.0 1.22e-01    -  1.00e+00 1.00e+00h  1
 183  6.2087756e+00 8.20e+01 4.70e+06 -11.0 3.92e-01    -  1.00e+00 1.25e-01h  4
 184  6.2197912e+00 7.44e+01 5.32e+06 -11.0 3.35e-01    -  1.00e+00 1.25e-01h  4
 185  6.0126494e+00 3.61e+01 2.23e+06 -11.0 1.37e-01    -  1.00e+00 1.00e+00h  1
 186  6.0274920e+00 3.61e+01 3.16e+06 -11.0 6.03e-02    -  1.00e+00 1.00e+00h  1
 187  4.7019954e+00 3.82e+02 9.07e+02 -11.0 5.93e-01    -  1.00e+00 1.00e+00f  1
 188  4.3890755e+00 4.15e+02 8.35e+02 -11.0 1.20e+00    -  1.00e+00 1.25e-01h  4
 189  3.4392638e+00 4.02e+02 8.79e+02 -11.0 3.34e+00    -  1.00e+00 6.25e-02h  5
iter    objective    inf_pr   inf_du lg(mu)  ||d||  lg(rg) alpha_du alpha_pr  ls
 190  2.6948217e+00 2.67e+02 6.03e+02 -11.0 3.12e+00    -  1.00e+00 2.50e-01h  3
 191  2.5498280e+00 1.35e+02 1.02e+03 -11.0 1.05e+00    -  1.00e+00 5.00e-01h  2
 192  2.5228027e+00 3.27e+02 5.54e+02 -11.0 1.17e+00    -  1.00e+00 1.25e-01h  4
 193  2.5497035e+00 3.13e+02 4.67e+02 -11.0 1.85e+00    -  1.00e+00 3.12e-02h  6
 194  2.5497894e+00 3.13e+02 4.67e+02 -11.0 1.59e+00    -  1.00e+00 3.05e-05h 16
 195r 2.5497894e+00 3.13e+02 9.99e+02   1.5 0.00e+00    -  0.00e+00 4.77e-07R 22
 196r 3.1321829e+00 1.78e+02 1.61e+03  -4.5 3.34e+04    -  2.83e-01 9.91e-04f  1
 197  3.5501278e+00 1.62e+02 1.56e+02 -11.0 1.26e+00    -  1.00e+00 1.25e-01h  4
 198  4.2208357e+00 1.12e+02 5.92e+02 -11.0 1.62e+00    -  1.00e+00 2.50e-01h  3
 199  5.1346017e+00 1.01e+02 7.57e+02 -11.0 1.04e+00    -  1.00e+00 1.25e-01h  4
iter    objective    inf_pr   inf_du lg(mu)  ||d||  lg(rg) alpha_du alpha_pr  ls
 200  5.5787159e+00 8.53e+01 1.61e+03 -11.0 8.85e-01    -  1.00e+00 1.25e-01h  4
 201  5.5603946e+00 1.14e+02 1.74e+03 -11.0 7.56e-01    -  1.00e+00 1.25e-01h  4
 202  5.8166662e+00 1.09e+02 3.78e+03 -11.0 5.66e-01    -  1.00e+00 6.25e-02h  5
 203  5.9513591e+00 1.07e+02 4.00e+03 -11.0 7.37e-01    -  1.00e+00 1.56e-02h  7
 204  5.9843025e+00 1.07e+02 4.02e+03 -11.0 6.90e-01    -  1.00e+00 3.91e-03h  9
 205  5.4443854e+00 1.10e+02 1.12e+04 -11.0 1.13e+00    -  1.00e+00 2.50e-01h  3
 206  4.8553875e+00 8.68e+01 7.32e+03 -11.0 7.42e-01    -  1.00e+00 1.25e-01h  4
 207  1.1960907e+01 6.09e+02 4.85e+04 -11.0 5.43e-01    -  1.00e+00 1.00e+00w  1
 208  9.9091592e+00 8.53e+02 1.02e+08 -11.0 5.63e-01    -  1.00e+00 1.00e+00w  1
 209  1.0781867e+01 9.81e+02 3.50e+08 -11.0 8.58e-01    -  1.00e+00 1.00e+00w  1
iter    objective    inf_pr   inf_du lg(mu)  ||d||  lg(rg) alpha_du alpha_pr  ls
 210  4.9779886e+00 8.87e+01 7.12e+03 -11.0 7.86e-01    -  1.00e+00 3.12e-02h  5
 211  4.7643954e+00 1.30e+02 1.06e+04 -11.0 7.16e-01    -  1.00e+00 2.50e-01h  3
 212  4.7541400e+00 1.44e+02 1.43e+04 -11.0 4.13e-01    -  1.00e+00 2.50e-01h  3
 213  4.7600988e+00 1.43e+02 1.41e+04 -11.0 4.85e-01    -  1.00e+00 7.81e-03h  8
 214  4.7625027e+00 1.42e+02 1.40e+04 -11.0 4.69e-01    -  1.00e+00 1.95e-03h 10
 215  4.0732260e+00 3.46e+02 5.58e+03 -11.0 8.37e-01    -  1.00e+00 5.00e-01h  2
 216  4.3308254e+00 2.59e+02 4.45e+03 -11.0 8.17e-01    -  1.00e+00 2.50e-01h  3
 217  4.3438776e+00 2.61e+02 4.40e+03 -11.0 6.53e-01    -  1.00e+00 7.81e-03h  8
 218  5.6817271e+00 1.26e+02 7.36e+03 -11.0 6.64e-01    -  1.00e+00 5.00e-01h  2
 219  5.7496074e+00 1.18e+02 6.46e+03 -11.0 2.44e-01    -  1.00e+00 6.25e-02h  5
iter    objective    inf_pr   inf_du lg(mu)  ||d||  lg(rg) alpha_du alpha_pr  ls
 220  7.2356892e+00 9.12e+02 9.90e+03 -11.0 2.23e-01    -  1.00e+00 1.00e+00w  1
 221  7.6967376e+00 2.15e+02 7.25e+05 -11.0 4.20e-01    -  1.00e+00 1.00e+00w  1
 222  7.5897792e+00 1.59e+03 2.76e+04 -11.0 1.82e+00    -  1.00e+00 1.00e+00w  1
 223  5.8139747e+00 1.11e+02 4.26e+03 -11.0 1.16e+00    -  1.00e+00 6.25e-02h  4
 224  6.5172110e+00 5.84e+01 1.23e+04 -11.0 1.61e-01    -  1.00e+00 5.00e-01h  2
 225  5.8247739e+00 1.03e+02 1.49e+05 -11.0 2.95e-01    -  1.00e+00 5.00e-01h  2
 226  5.1487772e+00 7.96e+01 1.31e+05 -11.0 5.35e-01    -  1.00e+00 2.50e-01h  3
 227  3.3098841e+00 1.62e+02 5.86e+04 -11.0 1.68e+00    -  1.00e+00 5.00e-01h  2
 228  3.1570312e+00 1.06e+02 2.62e+04 -11.0 5.40e-01    -  1.00e+00 5.00e-01h  2
 229  3.1456290e+00 8.83e+01 1.81e+04 -11.0 2.58e-01    -  1.00e+00 1.25e-01h  4
iter    objective    inf_pr   inf_du lg(mu)  ||d||  lg(rg) alpha_du alpha_pr  ls
 230  3.1682076e+00 6.48e+01 1.19e+04 -11.0 3.16e-01    -  1.00e+00 2.50e-01h  3
 231  4.5631095e+00 5.63e+01 1.78e+06 -11.0 2.79e-01    -  1.00e+00 1.00e+00h  1
 232  4.0737664e+00 7.95e+01 1.14e+06 -11.0 3.14e-01    -  1.00e+00 1.00e+00h  1
 233  4.2822740e+00 3.90e+01 1.50e+07 -11.0 1.88e-01    -  1.00e+00 5.00e-01h  2
 234  4.2564968e+00 2.12e+01 7.87e+06 -11.0 1.25e-01    -  1.00e+00 5.00e-01h  2
 235  4.3124663e+00 2.72e+01 6.23e+06 -11.0 1.40e-01    -  1.00e+00 2.50e-01h  3
 236  3.4783728e+00 5.11e+01 6.91e+06 -11.0 8.69e-01    -  1.00e+00 2.50e-01h  3
 237  3.7674159e+00 4.94e+01 1.35e+06 -11.0 1.79e-01    -  1.00e+00 5.00e-01h  2
 238  3.9950355e+00 2.80e+01 4.60e+05 -11.0 7.56e-02    -  1.00e+00 1.00e+00h  1
 239  4.1110410e+00 3.66e+01 4.11e+06 -11.0 1.61e-01    -  1.00e+00 2.50e-01h  3
iter    objective    inf_pr   inf_du lg(mu)  ||d||  lg(rg) alpha_du alpha_pr  ls
 240  4.2490529e+00 2.55e+01 1.91e+06 -11.0 1.24e-01    -  1.00e+00 5.00e-01h  2
 241  4.2994716e+00 9.79e+00 5.43e+06 -11.0 9.83e-02    -  1.00e+00 5.00e-01h  2
 242  4.3122654e+00 8.74e+00 3.90e+06 -11.0 1.02e-01    -  1.00e+00 1.25e-01h  4
 243  4.3379483e+00 8.38e+00 3.45e+06 -11.0 9.30e-02    -  1.00e+00 1.25e-01h  4
 244  4.3460024e+00 8.20e+00 3.80e+06 -11.0 9.32e-02    -  1.00e+00 6.25e-02h  5
 245  4.3590955e+00 8.10e+00 4.29e+06 -11.0 1.05e-01    -  1.00e+00 6.25e-02h  5
 246  4.3720877e+00 7.90e+00 4.57e+06 -11.0 9.25e-02    -  1.00e+00 6.25e-02h  5
 247  3.7641087e+00 1.88e+01 1.02e+07 -11.0 5.39e-01    -  1.00e+00 2.50e-01h  3
 248  3.8657108e+00 3.06e+01 6.42e+07 -11.0 7.91e-02    -  1.00e+00 1.00e+00h  1
 249  3.8674876e+00 2.56e+01 5.96e+07 -11.0 1.93e-01    -  1.00e+00 1.25e-01h  4
iter    objective    inf_pr   inf_du lg(mu)  ||d||  lg(rg) alpha_du alpha_pr  ls
 250  3.9986457e+00 2.90e+01 1.23e+09 -11.0 1.02e-01    -  1.00e+00 5.00e-01h  2
 251  4.0755689e+00 2.14e+01 5.89e+09 -11.0 8.35e-02    -  1.00e+00 5.00e-01h  2
 252  4.0711344e+00 2.39e+01 2.02e+08 -11.0 6.98e-02    -  1.00e+00 1.00e+00h  1
 253  3.4806090e+00 6.54e+01 1.20e+09 -11.0 3.99e-01    -  1.00e+00 5.00e-01h  2
 254  3.6156040e+00 3.29e+01 7.95e+08 -11.0 2.01e-01    -  1.00e+00 5.00e-01h  2
 255  3.8204392e+00 3.11e+01 8.56e+09 -11.0 9.28e-02    -  1.00e+00 1.00e+00h  1
 256  3.8525769e+00 4.57e+01 7.37e+09 -11.0 2.55e-01    -  1.00e+00 1.25e-01h  4
 257  3.8912069e+00 4.44e+01 9.04e+09 -11.0 3.78e-01    -  1.00e+00 1.25e-01h  4
 258  3.9750884e+00 4.61e+01 2.81e+09 -11.0 1.49e-01    -  1.00e+00 2.50e-01h  3
 259  3.9841293e+00 4.90e+01 2.73e+09 -11.0 3.22e-01    -  1.00e+00 3.12e-02h  6
iter    objective    inf_pr   inf_du lg(mu)  ||d||  lg(rg) alpha_du alpha_pr  ls
 260  4.0386691e+00 4.42e+01 2.33e+09 -11.0 2.67e-01    -  1.00e+00 1.25e-01h  4
 261  4.0593776e+00 4.48e+01 2.13e+09 -11.0 1.81e-01    -  1.00e+00 6.25e-02h  5
 262  4.0738016e+00 4.71e+01 1.94e+09 -11.0 1.15e-01    -  1.00e+00 6.25e-02h  5
 263  4.1119285e+00 4.79e+01 1.55e+09 -11.0 1.28e-01    -  1.00e+00 1.25e-01h  4
 264  4.1212410e+00 4.69e+01 1.46e+09 -11.0 1.46e-01    -  1.00e+00 3.12e-02h  6
 265  4.1305939e+00 4.62e+01 1.42e+09 -11.0 2.23e-01    -  1.00e+00 1.56e-02h  7
 266  5.3029131e+00 5.08e+02 4.28e+10 -11.0 2.24e-01    -  1.00e+00 1.00e+00w  1
 267  6.0412561e+00 6.84e+02 1.24e+11 -11.0 4.59e-01    -  1.00e+00 1.00e+00w  1
 268  6.8611466e+00 3.70e+02 1.10e+11 -11.0 3.64e-01    -  1.00e+00 1.00e+00w  1
 269  4.1412217e+00 4.55e+01 1.39e+09 -11.0 2.23e-01    -  1.00e+00 1.56e-02h  6
iter    objective    inf_pr   inf_du lg(mu)  ||d||  lg(rg) alpha_du alpha_pr  ls
 270  4.1535143e+00 4.48e+01 1.35e+09 -11.0 2.54e-01    -  1.00e+00 1.56e-02h  7
 271  4.1611613e+00 4.45e+01 1.33e+09 -11.0 3.57e-01    -  1.00e+00 7.81e-03h  8
 272  4.1679160e+00 4.43e+01 1.31e+09 -11.0 3.37e-01    -  1.00e+00 7.81e-03h  8
 273  4.1717399e+00 4.42e+01 1.30e+09 -11.0 4.41e-01    -  1.00e+00 3.91e-03h  9
 274  4.1756877e+00 4.40e+01 1.29e+09 -11.0 4.63e-01    -  1.00e+00 3.91e-03h  9
 275  4.1799471e+00 4.38e+01 1.28e+09 -11.0 5.18e-01    -  1.00e+00 3.91e-03h  9
 276  4.1688249e+00 4.45e+01 1.28e+09 -11.0 3.89e-01    -  1.00e+00 3.91e-03h  9
 277  4.1521614e+00 4.46e+01 1.54e+09 -11.0 2.33e-01    -  1.00e+00 1.56e-02h  7
 278  4.0947889e+00 4.37e+01 4.42e+09 -11.0 1.52e-01    -  1.00e+00 1.25e-01h  4
 279  4.5872684e+00 1.89e+02 3.92e+10 -11.0 1.31e-01    -  1.00e+00 1.00e+00w  1
iter    objective    inf_pr   inf_du lg(mu)  ||d||  lg(rg) alpha_du alpha_pr  ls
 280  4.3596006e+00 1.44e+02 1.44e+10 -11.0 1.63e-01    -  1.00e+00 1.00e+00w  1
 281  4.6538354e+00 4.85e+01 3.85e+10 -11.0 1.30e-01    -  1.00e+00 1.00e+00w  1
 282  4.1051111e+00 4.29e+01 3.99e+09 -11.0 1.37e-01    -  1.00e+00 3.12e-02h  5
 283  4.1075008e+00 4.12e+01 3.57e+09 -11.0 1.98e-01    -  1.00e+00 1.25e-01h  4
 284  4.1219500e+00 3.15e+01 1.08e+10 -11.0 1.01e-01    -  1.00e+00 2.50e-01h  3
 285  4.1555024e+00 2.30e+01 1.85e+10 -11.0 9.85e-02    -  1.00e+00 2.50e-01h  3
 286  4.3015111e+00 1.08e+01 8.70e+09 -11.0 1.63e-01    -  1.00e+00 5.00e-01h  2
 287  4.3365429e+00 1.50e+01 1.73e+09 -11.0 7.12e-02    -  1.00e+00 5.00e-01h  2
 288  4.4369772e+00 1.26e+01 3.38e+09 -11.0 4.04e-02    -  1.00e+00 1.00e+00h  1
 289  4.4335979e+00 9.01e+00 1.57e+09 -11.0 5.22e-02    -  1.00e+00 2.50e-01h  3
iter    objective    inf_pr   inf_du lg(mu)  ||d||  lg(rg) alpha_du alpha_pr  ls
 290  4.4309609e+00 1.03e+01 9.94e+08 -11.0 4.60e-02    -  1.00e+00 1.00e+00h  1
 291  4.3668494e+00 1.19e+01 1.37e+09 -11.0 5.72e-02    -  1.00e+00 5.00e-01h  2
 292  4.3691018e+00 3.61e+00 2.23e+09 -11.0 2.72e-02    -  1.00e+00 5.00e-01h  2
 293  3.7015462e+00 3.38e+01 8.66e+09 -11.0 6.17e-01    -  1.00e+00 2.50e-01h  3
 294  3.2420209e+00 2.23e+02 3.87e+09 -11.0 3.90e-01    -  1.00e+00 5.00e-01h  2
 295  2.9696273e+00 9.83e+01 1.67e+09 -11.0 3.32e-01    -  1.00e+00 5.00e-01h  2
 296  2.7486700e+00 1.03e+02 6.64e+08 -11.0 3.48e-01    -  1.00e+00 5.00e-01h  2
 297  2.7616981e+00 9.58e+01 5.97e+08 -11.0 1.17e-01    -  1.00e+00 6.25e-02h  5
 298  2.9018237e+00 3.23e+01 8.76e+09 -11.0 1.37e-01    -  1.00e+00 5.00e-01h  2
 299  3.2229131e+00 3.99e+01 4.13e+09 -11.0 8.88e-02    -  1.00e+00 1.00e+00h  1
iter    objective    inf_pr   inf_du lg(mu)  ||d||  lg(rg) alpha_du alpha_pr  ls
 300  3.2146385e+00 2.23e+01 2.06e+10 -11.0 1.37e-01    -  1.00e+00 5.00e-01h  2
 301  3.2414251e+00 2.39e+01 4.42e+09 -11.0 8.69e-02    -  1.00e+00 1.00e+00h  1
 302  2.7291659e+00 4.58e+01 5.86e+09 -11.0 7.51e-01    -  1.00e+00 5.00e-01h  2
 303  2.4994649e+00 7.81e+01 9.41e+08 -11.0 2.80e-01    -  1.00e+00 5.00e-01h  2
 304  2.5107639e+00 7.70e+01 9.06e+08 -11.0 1.66e-01    -  1.00e+00 3.12e-02h  6
 305  2.7124552e+00 8.10e+01 3.07e+09 -11.0 1.78e-01    -  1.00e+00 5.00e-01h  2
 306  2.7565653e+00 6.03e+01 1.42e+09 -11.0 1.36e-01    -  1.00e+00 2.50e-01h  3
 307  2.8143621e+00 1.03e+02 4.37e+09 -11.0 7.89e-02    -  1.00e+00 5.00e-01h  2
 308  2.9092041e+00 8.30e+00 5.72e+09 -11.0 4.76e-02    -  1.00e+00 1.00e+00h  1
 309  2.8823273e+00 8.61e+00 1.49e+08 -11.0 5.78e-02    -  1.00e+00 1.00e+00h  1
iter    objective    inf_pr   inf_du lg(mu)  ||d||  lg(rg) alpha_du alpha_pr  ls
 310  3.0033425e+00 1.68e+01 6.50e+08 -11.0 8.71e-02    -  1.00e+00 1.00e+00h  1
 311  3.0220339e+00 3.41e+00 1.85e+08 -11.0 3.90e-02    -  1.00e+00 1.00e+00h  1
 312  3.0275599e+00 2.59e+00 6.18e+07 -11.0 1.84e-02    -  1.00e+00 5.00e-01h  2
 313  2.2483894e+00 3.71e+02 1.06e+08 -11.0 7.07e-01    -  1.00e+00 5.00e-01f  2
 314  2.1551680e+00 1.92e+02 7.44e+07 -11.0 3.64e-01    -  1.00e+00 5.00e-01h  2
 315  2.2513474e+00 7.53e+01 1.77e+07 -11.0 2.56e-01    -  1.00e+00 5.00e-01h  2
 316  2.3795990e+00 1.95e+02 2.05e+08 -11.0 2.81e-01    -  1.00e+00 2.50e-01h  3
 317  2.7076620e+00 1.77e+02 7.12e+07 -11.0 2.03e-01    -  1.00e+00 5.00e-01h  2
 318  2.7108590e+00 1.76e+02 7.04e+07 -11.0 2.07e-01    -  1.00e+00 7.81e-03h  8
 319  2.7119617e+00 1.75e+02 6.98e+07 -11.0 2.11e-01    -  1.00e+00 3.91e-03h  9
iter    objective    inf_pr   inf_du lg(mu)  ||d||  lg(rg) alpha_du alpha_pr  ls
 320  2.7122598e+00 1.75e+02 6.97e+07 -11.0 2.02e-01    -  1.00e+00 9.77e-04h 11
 321  2.3069900e+00 1.36e+02 1.00e+08 -11.0 7.26e-01    -  1.00e+00 5.00e-01h  2
 322  3.0239047e+00 6.53e+02 7.00e+08 -11.0 4.73e-01    -  1.00e+00 1.00e+00w  1
 323  3.4938976e+00 2.15e+02 9.02e+08 -11.0 3.53e-01    -  1.00e+00 1.00e+00w  1
 324  4.6762355e+00 3.01e+01 1.17e+10 -11.0 4.36e-01    -  1.00e+00 1.00e+00w  1
 325  2.4502329e+00 8.06e+01 2.67e+08 -11.0 2.47e-01    -  1.00e+00 5.00e-01h  1
 326  2.7323080e+00 4.18e+01 1.17e+10 -11.0 1.43e-01    -  1.00e+00 5.00e-01h  2
 327  2.8019369e+00 3.67e+01 1.27e+10 -11.0 1.64e-01    -  1.00e+00 1.25e-01h  4
 328  2.5250360e+00 3.73e+01 1.45e+10 -11.0 3.82e-01    -  1.00e+00 2.50e-01h  3
 329  2.4869172e+00 2.77e+01 1.92e+10 -11.0 2.42e-01    -  1.00e+00 2.50e-01h  3
iter    objective    inf_pr   inf_du lg(mu)  ||d||  lg(rg) alpha_du alpha_pr  ls
 330  2.6942096e+00 1.99e+01 4.55e+10 -11.0 1.37e-01    -  1.00e+00 5.00e-01h  2
 331  2.7784167e+00 1.88e+01 3.82e+10 -11.0 2.50e-01    -  1.00e+00 1.25e-01h  4
 332  2.8646674e+00 1.72e+01 3.44e+10 -11.0 2.40e-01    -  1.00e+00 1.25e-01h  4
 333  2.8767450e+00 1.69e+01 3.51e+10 -11.0 2.41e-01    -  1.00e+00 1.56e-02h  7
 334  2.8797254e+00 1.68e+01 3.52e+10 -11.0 2.39e-01    -  1.00e+00 3.91e-03h  9
 335  2.8812149e+00 1.68e+01 3.53e+10 -11.0 2.38e-01    -  1.00e+00 1.95e-03h 10
 336  4.0222382e+00 1.03e+02 1.28e+09 -11.0 2.38e-01    -  1.00e+00 1.00e+00w  1
 337  4.2026729e+00 2.03e+01 2.16e+10 -11.0 1.41e-01    -  1.00e+00 1.00e+00w  1
 338  3.7991194e+00 4.80e+02 1.12e+03 -11.0 5.76e-01    -  1.00e+00 1.00e+00w  1
 339  2.8819596e+00 1.68e+01 3.53e+10 -11.0 3.73e-01    -  1.00e+00 9.77e-04h 10
iter    objective    inf_pr   inf_du lg(mu)  ||d||  lg(rg) alpha_du alpha_pr  ls
 340  3.2090722e+00 1.61e+01 5.39e+10 -11.0 2.18e-01    -  1.00e+00 5.00e-01h  2
 341  3.4792133e+00 1.56e+01 3.31e+10 -11.0 1.39e-01    -  1.00e+00 5.00e-01h  2
 342  3.9202809e+00 8.32e+00 1.14e+10 -11.0 9.82e-02    -  1.00e+00 1.00e+00h  1
 343  4.1149768e+00 1.63e+01 1.36e+10 -11.0 8.07e-02    -  1.00e+00 5.00e-01h  2
 344  4.1784211e+00 9.58e+00 1.15e+10 -11.0 8.59e-02    -  1.00e+00 2.50e-01h  3
 345  4.2340198e+00 8.16e+00 1.10e+10 -11.0 7.07e-02    -  1.00e+00 1.25e-01h  4
 346  4.3491433e+00 5.83e+00 1.07e+10 -11.0 8.09e-02    -  1.00e+00 2.50e-01h  3
 347  4.4462895e+00 4.28e+00 9.79e+09 -11.0 5.85e-02    -  1.00e+00 2.50e-01h  3
 348  4.5488256e+00 3.19e+00 8.55e+09 -11.0 6.42e-02    -  1.00e+00 2.50e-01h  3
 349  4.6301246e+00 2.40e+00 7.33e+09 -11.0 5.91e-02    -  1.00e+00 2.50e-01h  3
iter    objective    inf_pr   inf_du lg(mu)  ||d||  lg(rg) alpha_du alpha_pr  ls
 350  4.6675085e+00 2.13e+00 6.76e+09 -11.0 5.67e-02    -  1.00e+00 1.25e-01h  4
 351  4.6993581e+00 3.18e+00 6.26e+09 -11.0 5.46e-02    -  1.00e+00 1.25e-01h  4
 352  4.7550894e+00 2.49e+00 5.18e+09 -11.0 4.77e-02    -  1.00e+00 2.50e-01h  3
 353  4.9710191e+00 1.41e+01 2.12e+09 -11.0 4.39e-02    -  1.00e+00 1.00e+00w  1
 354  4.9477860e+00 8.33e+00 1.51e+09 -11.0 2.97e-02    -  1.00e+00 1.00e+00w  1
 355  5.0168939e+00 1.10e+01 6.36e+09 -11.0 3.10e-02    -  1.00e+00 1.00e+00w  1
 356  4.8052982e+00 1.97e+00 4.21e+09 -11.0 4.05e-02    -  1.00e+00 2.50e-01h  2
 357  2.3642870e+00 5.14e+01 1.49e+10 -11.0 8.31e-01    -  1.00e+00 5.00e-01f  2
 358  2.3531117e+00 2.79e+02 9.63e+02 -11.0 3.38e-01    -  1.00e+00 1.00e+00h  1
 359  1.3060107e+00 6.60e+02 1.83e+03 -11.0 1.05e+00    -  1.00e+00 5.00e-01h  2
iter    objective    inf_pr   inf_du lg(mu)  ||d||  lg(rg) alpha_du alpha_pr  ls
 360  1.5983453e+00 4.50e+02 6.44e+03 -11.0 8.22e-01    -  1.00e+00 5.00e-01h  2
 361  1.7030382e+00 3.08e+02 1.30e+03 -11.0 6.06e-01    -  1.00e+00 5.00e-01h  2
 362  2.1012378e+00 1.31e+02 9.73e+03 -11.0 4.28e-01    -  1.00e+00 5.00e-01h  2
 363  2.4869379e+00 7.71e+01 6.28e+03 -11.0 3.06e-01    -  1.00e+00 5.00e-01h  2
 364  2.5369638e+00 5.53e+01 1.96e+03 -11.0 1.86e-01    -  1.00e+00 5.00e-01h  2
 365  2.3609302e+00 1.72e+02 1.43e+03 -11.0 2.19e-01    -  1.00e+00 5.00e-01h  2
 366  2.6672250e+00 4.31e+01 4.32e+03 -11.0 1.01e-01    -  1.00e+00 1.00e+00h  1
 367  2.6532471e+00 2.25e+01 6.71e+04 -11.0 2.09e-01    -  1.00e+00 5.00e-01h  2
 368  2.6768679e+00 1.98e+01 6.39e+04 -11.0 1.98e-01    -  1.00e+00 1.25e-01h  4
 369  2.6256069e+00 1.39e+01 3.48e+04 -11.0 1.20e-01    -  1.00e+00 5.00e-01h  2
iter    objective    inf_pr   inf_du lg(mu)  ||d||  lg(rg) alpha_du alpha_pr  ls
 370  2.0810840e+00 6.05e+01 5.24e+04 -11.0 5.12e-01    -  1.00e+00 5.00e-01h  2
 371  2.2961563e+00 7.70e+01 1.91e+06 -11.0 2.01e-01    -  1.00e+00 1.00e+00h  1
 372  2.3046242e+00 3.27e+01 1.06e+06 -11.0 3.49e-01    -  1.00e+00 5.00e-01h  2
 373  2.4494637e+00 2.36e+01 8.72e+05 -11.0 1.85e-01    -  1.00e+00 2.50e-01h  3
 374  2.1193556e+00 1.27e+02 6.45e+05 -11.0 4.50e-01    -  1.00e+00 5.00e-01h  2
 375  2.1692227e+00 1.00e+02 6.23e+05 -11.0 2.08e-01    -  1.00e+00 5.00e-01h  2
 376  2.2743922e+00 7.51e+01 3.80e+05 -11.0 2.77e-01    -  1.00e+00 5.00e-01h  2
 377  2.4346499e+00 1.22e+01 5.05e+04 -11.0 1.11e-01    -  1.00e+00 1.00e+00h  1
 378  1.9299780e+00 6.23e+01 1.61e+04 -11.0 4.49e-01    -  1.00e+00 5.00e-01h  2
 379  2.0408896e+00 3.30e+01 9.46e+03 -11.0 4.06e-01    -  1.00e+00 1.00e+00h  1
iter    objective    inf_pr   inf_du lg(mu)  ||d||  lg(rg) alpha_du alpha_pr  ls
 380  1.3935970e+00 5.05e+01 4.23e+03 -11.0 5.02e-01    -  1.00e+00 5.00e-01h  2
 381  1.0919200e+00 1.27e+02 1.53e+03 -11.0 4.31e-01    -  1.00e+00 5.00e-01h  2
 382  2.0566457e+00 2.19e+01 6.53e+04 -11.0 4.75e-01    -  1.00e+00 1.00e+00h  1
 383  2.1211113e+00 1.06e+01 9.12e+04 -11.0 6.27e-01    -  1.00e+00 2.50e-01h  3
 384  2.2770937e+00 1.22e+01 6.26e+04 -11.0 2.80e-01    -  1.00e+00 2.50e-01h  3
 385  2.4015780e+00 1.25e+01 6.33e+06 -11.0 1.97e-01    -  1.00e+00 2.50e-01h  3
 386  2.4202161e+00 1.20e+01 9.34e+06 -11.0 2.23e-01    -  1.00e+00 3.12e-02h  6
 387  2.4299122e+00 1.18e+01 1.02e+07 -11.0 2.37e-01    -  1.00e+00 1.56e-02h  7
 388  2.1915061e+00 4.18e+01 9.41e+06 -11.0 5.39e-01    -  1.00e+00 5.00e-01h  2
 389  1.9746484e+00 2.91e+01 5.33e+06 -11.0 3.42e-01    -  1.00e+00 5.00e-01h  2
iter    objective    inf_pr   inf_du lg(mu)  ||d||  lg(rg) alpha_du alpha_pr  ls
 390  2.0641527e+00 1.16e+01 8.22e+07 -11.0 2.26e-01    -  1.00e+00 5.00e-01h  2
 391  2.2137095e+00 1.13e+01 2.52e+09 -11.0 1.80e-01    -  1.00e+00 5.00e-01h  2
 392  2.3986988e+00 4.81e+00 2.21e+10 -11.0 1.03e-01    -  1.00e+00 5.00e-01h  2
 393  2.6922233e+00 1.26e+01 4.26e+11 -11.0 1.14e-01    -  1.00e+00 1.00e+00w  1
 394  3.2103399e+00 1.06e+01 4.37e+10 -11.0 2.17e-01    -  1.00e+00 1.00e+00w  1
 395  3.6587472e+00 7.05e+00 9.48e+11 -11.0 1.35e-01    -  1.00e+00 1.00e+00w  1
 396  2.5110375e+00 1.01e+01 7.92e+10 -11.0 1.72e-01    -  1.00e+00 5.00e-01h  1
 397  2.6648548e+00 3.66e+00 2.56e+10 -11.0 1.32e-01    -  1.00e+00 5.00e-01h  2
 398  1.8261342e+00 1.27e+01 1.87e+11 -11.0 5.57e-01    -  1.00e+00 5.00e-01h  2
 399  1.8010645e+00 1.42e+01 3.31e+10 -11.0 3.03e-01    -  1.00e+00 5.00e-01h  2
iter    objective    inf_pr   inf_du lg(mu)  ||d||  lg(rg) alpha_du alpha_pr  ls
 400  1.8111680e+00 9.92e+00 1.49e+10 -11.0 2.16e-01    -  1.00e+00 2.50e-01h  3
 401  2.1473305e+00 1.15e+01 7.43e+09 -11.0 1.55e-01    -  1.00e+00 1.00e+00h  1
 402  2.2129085e+00 1.00e+01 1.73e+10 -11.0 3.18e-01    -  1.00e+00 1.25e-01h  4
 403  2.3327420e+00 8.07e+00 1.93e+10 -11.0 2.40e-01    -  1.00e+00 2.50e-01h  3
 404  2.4512773e+00 6.12e+00 1.30e+10 -11.0 1.78e-01    -  1.00e+00 2.50e-01h  3
 405  2.3473427e+00 7.06e+00 6.98e+10 -11.0 1.10e-01    -  1.00e+00 1.00e+00h  1
 406  2.1439135e+00 1.14e+01 3.63e+10 -11.0 5.73e-01    -  1.00e+00 2.50e-01h  3
 407  2.2979097e+00 8.12e+00 2.54e+10 -11.0 1.93e-01    -  1.00e+00 2.50e-01h  3
 408  2.6118765e+00 4.12e+00 1.43e+10 -11.0 1.78e-01    -  1.00e+00 5.00e-01h  2
 409  2.6193729e+00 6.19e+00 1.34e+10 -11.0 7.28e-02    -  1.00e+00 1.00e+00h  1
iter    objective    inf_pr   inf_du lg(mu)  ||d||  lg(rg) alpha_du alpha_pr  ls
 410  2.5353488e+00 5.11e+00 2.69e+10 -11.0 2.04e-01    -  1.00e+00 2.50e-01h  3
 411  2.5327759e+00 4.88e+00 2.19e+10 -11.0 2.10e-01    -  1.00e+00 1.25e-01h  4
 412  2.5856029e+00 4.29e+00 1.97e+10 -11.0 1.87e-01    -  1.00e+00 2.50e-01h  3
 413  2.5408661e+00 3.50e+00 1.20e+10 -11.0 9.71e-02    -  1.00e+00 2.50e-01h  3
 414  2.5065411e+00 3.81e+00 8.87e+09 -11.0 9.22e-02    -  1.00e+00 5.00e-01h  2
 415  2.5152375e+00 2.93e+00 6.65e+09 -11.0 8.99e-02    -  1.00e+00 2.50e-01h  3
 416  2.5280189e+00 2.60e+00 4.31e+09 -11.0 9.09e-02    -  1.00e+00 1.25e-01h  4
 417  2.6138913e+00 6.43e+00 2.69e+10 -11.0 5.65e-02    -  1.00e+00 1.00e+00h  1
 418  2.5781512e+00 4.76e+00 8.52e+09 -11.0 3.53e-02    -  1.00e+00 1.00e+00h  1
 419  2.5843065e+00 3.13e+00 4.15e+09 -11.0 4.28e-02    -  1.00e+00 5.00e-01h  2
iter    objective    inf_pr   inf_du lg(mu)  ||d||  lg(rg) alpha_du alpha_pr  ls
 420  2.5842790e+00 2.13e+00 5.31e+09 -11.0 1.62e-02    -  1.00e+00 1.00e+00h  1
 421  2.5786699e+00 2.84e+00 4.02e+08 -11.0 7.70e-03    -  1.00e+00 1.00e+00h  1
 422  2.5855057e+00 1.14e+00 2.38e+08 -11.0 3.78e-03    -  1.00e+00 1.00e+00h  1
 423  2.5811464e+00 1.93e+00 2.15e+08 -11.0 2.28e-03    -  1.00e+00 1.00e+00h  1
 424  2.5785929e+00 1.20e+00 7.18e+07 -11.0 4.77e-03    -  1.00e+00 1.00e+00h  1
 425  2.5805934e+00 1.12e+00 6.88e+07 -11.0 2.98e-02    -  1.00e+00 6.25e-02h  5
 426  2.5809274e+00 1.10e+00 6.78e+07 -11.0 1.68e-02    -  1.00e+00 1.56e-02h  7
 427  2.5811031e+00 1.09e+00 6.73e+07 -11.0 1.77e-02    -  1.00e+00 7.81e-03h  8
 428  2.5811314e+00 1.09e+00 6.73e+07 -11.0 1.91e-02    -  1.00e+00 9.77e-04h 11
 429  2.5811455e+00 1.09e+00 6.72e+07 -11.0 1.92e-02    -  1.00e+00 4.88e-04h 12
iter    objective    inf_pr   inf_du lg(mu)  ||d||  lg(rg) alpha_du alpha_pr  ls
 430  2.5811464e+00 1.09e+00 6.72e+07 -11.0 1.92e-02    -  1.00e+00 3.05e-05h 16
 431  2.2937463e+00 3.62e+01 1.93e+04 -11.0 5.34e-01    -  1.00e+00 1.00e+00f  1
 432  1.7851173e+00 4.22e+02 1.88e+04 -11.0 5.75e-01    -  1.00e+00 5.00e-01h  2
 433  2.4623138e+00 6.45e+01 5.17e+04 -11.0 2.26e-01    -  1.00e+00 1.00e+00h  1
 434  2.3960818e+00 1.41e+01 2.29e+07 -11.0 1.93e-01    -  1.00e+00 5.00e-01h  2
 435  2.3972976e+00 1.11e+01 2.14e+07 -11.0 2.01e-01    -  1.00e+00 6.25e-02h  5
 436  2.3657131e+00 3.05e+01 1.92e+09 -11.0 1.45e-01    -  1.00e+00 1.00e+00h  1
 437  2.1901049e+00 2.01e+01 5.56e+09 -11.0 9.02e-02    -  1.00e+00 1.00e+00h  1
 438  1.9798098e+00 1.44e+02 5.57e+09 -11.0 1.53e-01    -  1.00e+00 1.00e+00h  1
 439  1.4841699e+00 9.12e+02 2.71e+10 -11.0 4.79e-01    -  1.00e+00 5.00e-01h  2
iter    objective    inf_pr   inf_du lg(mu)  ||d||  lg(rg) alpha_du alpha_pr  ls
 440  1.5776268e+00 1.95e+02 2.15e+12 -11.0 1.13e-01    -  1.00e+00 1.00e+00h  1
 441  1.6855826e+00 1.68e+02 6.77e+11 -11.0 2.03e-01    -  1.00e+00 5.00e-01h  2
 442  1.9367040e+00 1.20e+02 2.10e+11 -11.0 1.92e-01    -  1.00e+00 5.00e-01h  2
 443  2.0891555e+00 1.11e+02 4.30e+11 -11.0 1.30e-01    -  1.00e+00 5.00e-01h  2
 444  2.1102237e+00 1.16e+02 3.48e+11 -11.0 1.21e-01    -  1.00e+00 1.25e-01h  4
 445  1.9614768e+00 9.70e+01 2.43e+11 -11.0 3.55e-01    -  1.00e+00 1.25e-01h  4
 446  2.0207469e+00 1.25e+02 8.20e+10 -11.0 6.80e-02    -  1.00e+00 5.00e-01h  2
 447  2.0073959e+00 1.53e+02 5.09e+10 -11.0 1.85e-01    -  1.00e+00 2.50e-01h  3
 448  2.1480388e+00 1.47e+02 1.65e+10 -11.0 1.04e-01    -  1.00e+00 5.00e-01h  2
 449  2.1757085e+00 1.26e+02 1.28e+10 -11.0 2.55e-01    -  1.00e+00 1.25e-01h  4
iter    objective    inf_pr   inf_du lg(mu)  ||d||  lg(rg) alpha_du alpha_pr  ls
 450  2.1759562e+00 1.26e+02 1.25e+10 -11.0 2.76e-01    -  1.00e+00 1.56e-02h  7
 451  2.2923078e+00 9.39e+01 7.08e+11 -11.0 2.52e-01    -  1.00e+00 1.00e+00w  1
 452  2.6801679e+00 1.60e+02 3.51e+11 -11.0 3.11e-01    -  1.00e+00 1.00e+00w  1
 453  2.7644700e+00 6.83e+01 4.41e+11 -11.0 1.49e-01    -  1.00e+00 1.00e+00w  1
 454  2.1533539e+00 1.01e+02 8.98e+09 -11.0 1.37e-01    -  1.00e+00 2.50e-01h  2
 455  1.7800422e+00 1.07e+02 1.47e+11 -11.0 4.63e-01    -  1.00e+00 2.50e-01h  3
 456  1.8586821e+00 5.67e+01 3.65e+12 -11.0 1.38e-01    -  1.00e+00 5.00e-01h  2
 457  1.8750367e+00 4.90e+01 3.48e+12 -11.0 1.59e-01    -  1.00e+00 1.25e-01h  4
 458  1.8727147e+00 5.58e+01 3.06e+12 -11.0 1.49e-01    -  1.00e+00 1.25e-01h  4
 459  1.9016724e+00 4.11e+01 2.15e+12 -11.0 1.05e-01    -  1.00e+00 2.50e-01h  3
iter    objective    inf_pr   inf_du lg(mu)  ||d||  lg(rg) alpha_du alpha_pr  ls
 460  1.9918632e+00 5.82e+00 8.95e+10 -11.0 7.23e-02    -  1.00e+00 1.00e+00h  1
 461  2.0612987e+00 1.26e+01 3.79e+10 -11.0 1.47e-01    -  1.00e+00 5.00e-01h  2
 462  1.6570875e+00 6.31e+01 3.15e+10 -11.0 5.57e-01    -  1.00e+00 2.50e-01h  3
 463  1.4294337e+00 7.07e+01 1.33e+03 -11.0 2.44e-01    -  1.00e+00 1.00e+00h  1
 464  1.3605374e+00 6.22e+01 1.48e+03 -11.0 5.08e-01    -  1.00e+00 5.00e-01h  2
 465  1.3559377e+00 2.25e+02 8.79e+02 -11.0 3.70e-01    -  1.00e+00 5.00e-01h  2
 466  1.4539443e+00 6.00e+01 8.27e+02 -11.0 3.70e-01    -  1.00e+00 1.00e+00h  1
 467  1.2977711e+00 2.43e+02 5.15e+02 -11.0 3.21e-01    -  1.00e+00 5.00e-01h  2
 468  1.4441519e+00 7.28e+01 3.39e+03 -11.0 4.17e-01    -  1.00e+00 5.00e-01h  2
 469  1.6628453e+00 8.31e+01 2.23e+03 -11.0 3.95e-01    -  1.00e+00 2.50e-01h  3
iter    objective    inf_pr   inf_du lg(mu)  ||d||  lg(rg) alpha_du alpha_pr  ls
 470  1.6732359e+00 8.35e+01 2.17e+03 -11.0 3.41e-01    -  1.00e+00 1.56e-02h  7
 471  1.7408180e+00 8.56e+01 1.76e+03 -11.0 3.21e-01    -  1.00e+00 1.25e-01h  4
 472  1.7877067e+00 7.98e+01 1.58e+03 -11.0 2.89e-01    -  1.00e+00 6.25e-02h  5
 473  1.8318464e+00 7.47e+01 1.41e+03 -11.0 2.70e-01    -  1.00e+00 6.25e-02h  5
 474  1.8304110e+00 7.55e+01 1.23e+03 -11.0 2.73e-01    -  1.00e+00 6.25e-02h  5
 475  1.8477521e+00 7.09e+01 1.09e+03 -11.0 1.99e-01    -  1.00e+00 6.25e-02h  5
 476  1.8580633e+00 6.86e+01 1.03e+03 -11.0 1.87e-01    -  1.00e+00 3.12e-02h  6
 477  2.4501575e+00 2.41e+01 1.98e+03 -11.0 1.84e-01    -  1.00e+00 1.00e+00w  1
 478  2.6928772e+00 6.57e+01 1.61e+03 -11.0 3.34e-01    -  1.00e+00 1.00e+00w  1
 479  2.5469028e+00 2.93e+01 2.79e+03 -11.0 2.83e-01    -  1.00e+00 1.00e+00w  1
iter    objective    inf_pr   inf_du lg(mu)  ||d||  lg(rg) alpha_du alpha_pr  ls
 480  1.8584313e+00 6.85e+01 1.02e+03 -11.0 7.60e-01    -  1.00e+00 9.77e-04h 10
 481  1.8585639e+00 6.85e+01 1.02e+03 -11.0 2.01e-01    -  1.00e+00 2.44e-04h 13
 482  1.8586803e+00 6.85e+01 1.02e+03 -11.0 2.01e-01    -  1.00e+00 2.44e-04h 13
 483  2.1500228e+00 9.07e+01 2.92e+02 -11.0 2.01e-01    -  1.00e+00 5.00e-01h  2
 484  2.3750689e+00 9.99e+00 1.95e+03 -11.0 1.30e-01    -  1.00e+00 1.00e+00h  1
 485  2.3799324e+00 9.64e+00 1.85e+03 -11.0 7.38e-02    -  1.00e+00 3.12e-02h  6
 486  2.4731703e+00 1.43e+01 5.86e+02 -11.0 8.98e-02    -  1.00e+00 1.00e+00h  1
 487  2.2123349e+00 1.02e+01 3.97e+02 -11.0 6.16e-01    -  1.00e+00 2.50e-01h  3
 488  2.2807207e+00 4.45e+00 2.43e+02 -11.0 3.69e-01    -  1.00e+00 5.00e-01h  2
 489  2.3459073e+00 3.49e+00 5.93e+02 -11.0 2.00e-01    -  1.00e+00 5.00e-01h  2
iter    objective    inf_pr   inf_du lg(mu)  ||d||  lg(rg) alpha_du alpha_pr  ls
 490  2.3320900e+00 2.60e+00 4.50e+02 -11.0 8.64e-02    -  1.00e+00 2.50e-01h  3
 491  2.2163870e+00 5.22e+00 3.42e+02 -11.0 1.22e-01    -  1.00e+00 5.00e-01h  2
 492  1.7661402e+00 7.21e+01 2.05e+02 -11.0 1.90e-01    -  1.00e+00 1.00e+00h  1
 493  1.4923108e+00 2.76e+01 2.41e+04 -11.0 5.32e-01    -  1.00e+00 1.00e+00h  1
 494  1.6127383e+00 2.15e+01 2.06e+04 -11.0 5.63e-01    -  1.00e+00 5.00e-01h  2
 495  1.6698762e+00 1.64e+01 1.72e+04 -11.0 2.51e-01    -  1.00e+00 2.50e-01h  3
 496  1.7618882e+00 1.58e+01 1.31e+04 -11.0 1.51e-01    -  1.00e+00 5.00e-01h  2
 497  1.7646318e+00 8.69e+00 1.10e+04 -11.0 8.77e-02    -  1.00e+00 2.50e-01h  3
 498  1.1050782e+00 1.61e+02 1.57e+04 -11.0 1.01e+00    -  1.00e+00 5.00e-01h  2
 499  1.4198059e+00 3.53e+01 1.35e+04 -11.0 2.50e-01    -  1.00e+00 1.00e+00h  1
iter    objective    inf_pr   inf_du lg(mu)  ||d||  lg(rg) alpha_du alpha_pr  ls
 500  1.6428758e+00 1.93e+01 3.18e+04 -11.0 7.17e-01    -  1.00e+00 1.25e-01h  4
 501  1.5760624e+00 9.25e+00 1.35e+05 -11.0 9.38e-02    -  1.00e+00 1.00e+00h  1
 502  1.5719106e+00 1.01e+01 1.99e+04 -11.0 1.20e-01    -  1.00e+00 1.00e+00h  1
 503  1.2783997e+00 6.06e+01 4.56e+04 -11.0 5.32e-01    -  1.00e+00 2.50e-01h  3
 504  1.2661664e+00 3.65e+01 5.04e+04 -11.0 3.97e-01    -  1.00e+00 1.25e-01h  4
 505  1.2892361e+00 2.89e+01 2.47e+04 -11.0 3.26e-01    -  1.00e+00 1.25e-01h  4
 506  1.3227578e+00 2.09e+01 3.11e+04 -11.0 2.74e-01    -  1.00e+00 1.25e-01h  4
 507  1.4131160e+00 9.02e+00 2.76e+04 -11.0 2.93e-01    -  1.00e+00 2.50e-01h  3
 508  1.6192687e+00 1.71e+01 3.46e+04 -11.0 3.77e-01    -  1.00e+00 2.50e-01h  3
 509  1.8970047e+00 6.89e+00 9.41e+04 -11.0 2.75e-01    -  1.00e+00 2.50e-01h  3
iter    objective    inf_pr   inf_du lg(mu)  ||d||  lg(rg) alpha_du alpha_pr  ls
 510  1.9431330e+00 6.15e+00 8.46e+04 -11.0 2.92e-01    -  1.00e+00 6.25e-02h  5
 511  1.8197266e+00 5.15e+00 1.48e+05 -11.0 5.26e-01    -  1.00e+00 6.25e-02h  5
 512  1.7547292e+00 5.80e+00 2.23e+06 -11.0 3.12e-01    -  1.00e+00 1.25e-01h  4
 513  2.3059749e+00 1.83e+02 4.39e+07 -11.0 2.64e-01    -  1.00e+00 1.00e+00w  1
 514  2.6781986e+00 6.66e+01 2.83e+07 -11.0 2.84e-01    -  1.00e+00 1.00e+00w  1
 515  3.0937331e+00 1.64e+01 1.98e+05 -11.0 1.96e-01    -  1.00e+00 1.00e+00w  1
 516  1.7595616e+00 7.22e+00 1.94e+06 -11.0 1.47e-01    -  1.00e+00 1.25e-01h  3
 517  1.7999018e+00 7.59e+00 1.48e+06 -11.0 1.89e-01    -  1.00e+00 1.25e-01h  4
 518  1.4961557e+00 7.22e+00 8.32e+05 -11.0 4.32e-01    -  1.00e+00 2.50e-01h  3
 519  1.0862460e+00 1.77e+01 1.51e+06 -11.0 7.35e-01    -  1.00e+00 5.00e-01h  2
iter    objective    inf_pr   inf_du lg(mu)  ||d||  lg(rg) alpha_du alpha_pr  ls
 520  1.2242218e+00 2.05e+01 9.20e+06 -11.0 5.86e-01    -  1.00e+00 2.50e-01h  3
 521  1.6250363e+00 3.68e+00 2.93e+06 -11.0 5.51e-01    -  1.00e+00 5.00e-01h  2
 522  1.8293581e+00 5.80e+00 1.91e+06 -11.0 3.06e-01    -  1.00e+00 2.50e-01h  3
 523  1.0538925e+00 4.76e+01 1.23e+07 -11.0 6.35e-01    -  1.00e+00 5.00e-01h  2
 524  1.0436450e+00 1.10e+01 1.08e+07 -11.0 1.22e-01    -  1.00e+00 1.00e+00h  1
 525  1.0636704e+00 1.45e+01 1.75e+08 -11.0 1.23e-01    -  1.00e+00 2.50e-01h  3
 526  1.0564380e+00 1.12e+01 5.17e+09 -11.0 1.61e-01    -  1.00e+00 2.50e-01h  3
 527  1.0884480e+00 1.02e+01 4.29e+09 -11.0 2.07e-01    -  1.00e+00 1.25e-01h  4
 528  1.1026060e+00 8.71e+00 3.55e+09 -11.0 2.63e-01    -  1.00e+00 1.25e-01h  4
 529  1.0340893e+00 1.44e+01 1.91e+10 -11.0 3.00e-01    -  1.00e+00 5.00e-01h  2
iter    objective    inf_pr   inf_du lg(mu)  ||d||  lg(rg) alpha_du alpha_pr  ls
 530  9.1460877e-01 1.69e+01 5.77e+09 -11.0 3.00e-01    -  1.00e+00 5.00e-01h  2
 531  8.7520726e-01 8.58e+00 2.34e+09 -11.0 2.74e-01    -  1.00e+00 5.00e-01h  2
 532  8.7749689e-01 1.79e+01 1.02e+09 -11.0 2.09e-01    -  1.00e+00 5.00e-01h  2
 533  8.5170097e-01 1.92e+01 7.34e+02 -11.0 2.74e-01    -  1.00e+00 1.00e+00h  1
 534  8.6109481e-01 1.77e+01 7.31e+02 -11.0 4.78e-01    -  1.00e+00 1.25e-01h  4
 535  8.3434037e-01 9.74e+00 1.20e+03 -11.0 3.13e-01    -  1.00e+00 5.00e-01h  2
 536  8.1167615e-01 9.67e+00 1.42e+04 -11.0 1.99e-01    -  1.00e+00 5.00e-01h  2
 537  7.9264310e-01 1.55e+02 7.33e+04 -11.0 5.03e-01    -  1.00e+00 2.50e-01h  3
 538  5.5478098e-01 7.91e+01 4.44e+05 -11.0 4.53e-01    -  1.00e+00 5.00e-01h  2
 539  5.9108155e-01 1.07e+01 1.88e+05 -11.0 2.72e-01    -  1.00e+00 5.00e-01h  2
iter    objective    inf_pr   inf_du lg(mu)  ||d||  lg(rg) alpha_du alpha_pr  ls
 540  5.8736793e-01 1.41e+01 1.39e+05 -11.0 3.35e-01    -  1.00e+00 2.50e-01h  3
 541  7.0101316e-01 1.27e+01 6.77e+04 -11.0 1.39e-01    -  1.00e+00 5.00e-01h  2
 542  7.2443774e-01 1.31e+01 4.78e+04 -11.0 4.42e-01    -  1.00e+00 2.50e-01h  3
 543  8.3367150e-01 4.54e+00 3.37e+04 -11.0 1.09e-01    -  1.00e+00 5.00e-01h  2
 544  8.0042163e-01 7.40e+00 2.73e+04 -11.0 5.13e-02    -  1.00e+00 1.00e+00h  1
 545  8.5049543e-01 5.69e+00 2.41e+04 -11.0 1.69e-01    -  1.00e+00 2.50e-01h  3
 546  7.3600510e-01 4.27e+00 1.79e+04 -11.0 3.09e-01    -  1.00e+00 2.50e-01h  3
 547  7.3447574e-01 1.20e+01 7.46e+03 -11.0 1.72e-01    -  1.00e+00 5.00e-01h  2
 548  7.3598095e-01 1.13e+01 6.79e+03 -11.0 1.21e-01    -  1.00e+00 6.25e-02h  5
 549  7.5953615e-01 1.23e+01 2.44e+03 -11.0 8.45e-02    -  1.00e+00 5.00e-01h  2
iter    objective    inf_pr   inf_du lg(mu)  ||d||  lg(rg) alpha_du alpha_pr  ls
 550  7.8517107e-01 1.86e+01 7.21e+02 -11.0 6.02e-02    -  1.00e+00 5.00e-01h  2
 551  7.8800823e-01 1.55e+01 5.03e+02 -11.0 6.14e-02    -  1.00e+00 2.50e-01h  3
 552  7.9088744e-01 1.15e+01 2.69e+02 -11.0 5.14e-02    -  1.00e+00 5.00e-01h  2
 553  8.1628125e-01 1.03e+01 2.11e+03 -11.0 7.62e-02    -  1.00e+00 5.00e-01h  2
 554  8.1358811e-01 1.04e+00 5.90e+02 -11.0 2.58e-02    -  1.00e+00 1.00e+00h  1
 555  7.4218616e-01 1.66e+01 4.98e+02 -11.0 2.96e-01    -  1.00e+00 2.50e-01h  3
 556  7.4356296e-01 1.25e+01 2.97e+02 -11.0 2.49e-02    -  1.00e+00 2.50e-01h  3
 557  7.7442993e-01 1.84e+00 5.91e+01 -11.0 3.19e-02    -  1.00e+00 1.00e+00h  1
 558  7.5227941e-01 3.07e+00 6.38e+01 -11.0 1.11e-01    -  1.00e+00 2.50e-01h  3
 559  7.3526929e-01 4.13e+00 6.68e+01 -11.0 3.18e-02    -  1.00e+00 1.00e+00h  1
iter    objective    inf_pr   inf_du lg(mu)  ||d||  lg(rg) alpha_du alpha_pr  ls
 560  6.9928650e-01 2.38e+01 1.29e+02 -11.0 3.87e-02    -  1.00e+00 1.00e+00h  1
 561  6.7979471e-01 8.62e+00 3.04e+02 -11.0 5.09e-02    -  1.00e+00 1.00e+00h  1
 562  7.3437246e-01 5.55e+00 8.97e+01 -11.0 6.51e-02    -  1.00e+00 1.00e+00h  1
 563  7.2485880e-01 5.48e+00 1.08e+02 -11.0 1.14e+00    -  1.00e+00 7.81e-03h  8
 564  7.1225326e-01 5.87e+00 1.32e+02 -11.0 4.43e-01    -  1.00e+00 3.12e-02h  6
 565  6.8575204e-01 2.48e+01 1.32e+02 -11.0 1.31e-01    -  1.00e+00 2.50e-01h  3
 566  6.5629480e-01 1.97e+01 7.86e+01 -11.0 8.09e-02    -  1.00e+00 2.50e-01h  3
 567  5.9570158e-01 2.13e+01 2.57e+02 -11.0 1.06e-01    -  1.00e+00 5.00e-01h  2
 568  5.7122008e-01 1.62e+01 5.26e+02 -11.0 2.10e-01    -  1.00e+00 1.00e+00h  1
 569  5.7214770e-01 1.25e+01 6.59e+02 -11.0 1.53e-01    -  1.00e+00 2.50e-01h  3
iter    objective    inf_pr   inf_du lg(mu)  ||d||  lg(rg) alpha_du alpha_pr  ls
 570  5.8286730e-01 1.13e+01 7.08e+03 -11.0 1.92e-01    -  1.00e+00 5.00e-01h  2
 571  6.6367449e-01 5.85e+00 1.49e+03 -11.0 8.05e-02    -  1.00e+00 1.00e+00h  1
 572  5.8303667e-01 1.10e+01 7.73e+02 -11.0 3.46e-01    -  1.00e+00 5.00e-01h  2
 573  6.0171713e-01 8.92e+00 1.89e+02 -11.0 2.36e-01    -  1.00e+00 5.00e-01h  2
 574  5.9948267e-01 1.98e+00 9.78e+01 -11.0 6.23e-02    -  1.00e+00 5.00e-01h  2
 575  5.9123721e-01 2.93e+00 9.21e+01 -11.0 1.62e-01    -  1.00e+00 2.50e-01h  3
 576  5.9012185e-01 1.84e+00 1.19e+02 -11.0 8.17e-02    -  1.00e+00 2.50e-01h  3
 577  5.7694595e-01 2.30e+01 1.27e+02 -11.0 1.40e-01    -  1.00e+00 5.00e-01h  2
 578  5.6364037e-01 8.23e+00 7.36e+01 -11.0 5.83e-02    -  1.00e+00 1.00e+00h  1
 579  5.4288779e-01 1.25e+01 1.45e+03 -11.0 5.11e-02    -  1.00e+00 1.00e+00h  1
iter    objective    inf_pr   inf_du lg(mu)  ||d||  lg(rg) alpha_du alpha_pr  ls
 580  5.4569546e-01 1.14e+01 5.80e+02 -11.0 9.84e-02    -  1.00e+00 1.00e+00h  1
 581  5.4951239e-01 1.34e+01 4.04e+02 -11.0 1.12e-01    -  1.00e+00 5.00e-01h  2
 582  5.6577487e-01 3.64e+00 9.84e+02 -11.0 1.10e-01    -  1.00e+00 5.00e-01h  2
 583  5.6132128e-01 2.84e+00 1.77e+03 -11.0 1.43e-01    -  1.00e+00 2.50e-01h  3
 584  5.6525835e-01 2.55e+00 4.02e+03 -11.0 1.72e-01    -  1.00e+00 1.25e-01h  4
 585  5.8809280e-01 1.98e+00 6.23e+03 -11.0 1.20e-01    -  1.00e+00 2.50e-01h  3
 586  5.8934081e-01 1.95e+00 6.33e+03 -11.0 1.23e-01    -  1.00e+00 1.56e-02h  7
 587  5.8974296e-01 1.95e+00 6.38e+03 -11.0 1.71e-01    -  1.00e+00 3.91e-03h  9
 588  5.9010060e-01 1.94e+00 6.43e+03 -11.0 1.83e-01    -  1.00e+00 3.91e-03h  9
 589  5.9011210e-01 1.94e+00 6.43e+03 -11.0 1.92e-01    -  1.00e+00 1.22e-04h 14
iter    objective    inf_pr   inf_du lg(mu)  ||d||  lg(rg) alpha_du alpha_pr  ls
 590  5.9011786e-01 1.94e+00 6.43e+03 -11.0 1.92e-01    -  1.00e+00 6.10e-05h 15
 591  8.4225229e-01 7.36e+01 1.29e+03 -11.0 2.31e-01    -  1.00e+00 1.00e+00w  1
 592  1.0329892e+00 4.40e+01 5.29e+02 -11.0 2.90e-01    -  1.00e+00 1.00e+00w  1
 593  1.5721126e+00 1.84e+02 4.76e+04 -11.0 3.82e-01    -  1.00e+00 1.00e+00w  1
 594  5.4300960e-01 5.08e+01 5.70e+03 -11.0 4.09e-01    -  1.00e+00 5.00e-01h  1
 595  5.6130632e-01 1.47e+01 4.11e+04 -11.0 9.65e-02    -  1.00e+00 5.00e-01h  2
 596  5.7131954e-01 1.17e+01 2.66e+05 -11.0 1.03e-01    -  1.00e+00 2.50e-01h  3
 597  5.5291723e-01 1.74e+01 1.28e+05 -11.0 1.01e-01    -  1.00e+00 5.00e-01h  2
 598  5.8657290e-01 3.36e+00 5.76e+02 -11.0 4.37e-02    -  1.00e+00 1.00e+00h  1
 599  5.6654313e-01 5.89e+00 8.09e+02 -11.0 8.04e-02    -  1.00e+00 5.00e-01h  2
iter    objective    inf_pr   inf_du lg(mu)  ||d||  lg(rg) alpha_du alpha_pr  ls
 600  5.3604043e-01 2.23e+00 1.69e+02 -11.0 5.67e-02    -  1.00e+00 1.00e+00h  1
 601  5.2950918e-01 5.13e+00 1.90e+02 -11.0 1.46e-01    -  1.00e+00 2.50e-01h  3
 602  5.1033985e-01 5.06e+01 1.83e+02 -11.0 2.38e-01    -  1.00e+00 2.50e-01h  3
 603  4.8855042e-01 1.02e+02 1.79e+02 -11.0 1.62e+02    -  1.00e+00 4.88e-04h 12
 604  4.8680393e-01 1.97e+01 4.46e+02 -11.0 1.91e-01    -  1.00e+00 5.00e-01h  2
 605  4.7798432e-01 2.45e+01 2.93e+02 -11.0 1.44e+00    -  1.00e+00 1.25e-01h  4
 606  4.6983709e-01 2.00e+01 2.40e+02 -11.0 2.45e-01    -  1.00e+00 2.50e-01h  3
 607  4.6152758e-01 2.46e+01 1.70e+02 -11.0 4.09e-01    -  1.00e+00 2.50e-01h  3
 608  5.0537050e-01 2.18e+01 2.08e+02 -11.0 2.18e-01    -  1.00e+00 5.00e-01h  2
 609  4.9772449e-01 1.45e+01 9.98e+02 -11.0 1.98e-01    -  1.00e+00 5.00e-01h  2
iter    objective    inf_pr   inf_du lg(mu)  ||d||  lg(rg) alpha_du alpha_pr  ls
 610  5.0925841e-01 7.47e+00 2.82e+02 -11.0 1.78e-01    -  1.00e+00 5.00e-01h  2
 611  5.4696221e-01 1.79e+01 1.11e+05 -11.0 1.11e-01    -  1.00e+00 1.00e+00w  1
 612  6.1861399e-01 5.75e+00 1.77e+05 -11.0 1.10e-01    -  1.00e+00 1.00e+00w  1
 613  7.8501871e-01 1.03e+01 6.63e+06 -11.0 1.72e-01    -  1.00e+00 1.00e+00w  1
 614  4.9977745e-01 7.13e+00 1.55e+04 -11.0 5.78e-01    -  1.00e+00 5.00e-01h  1
 615  4.6681380e-01 9.20e+00 6.83e+03 -11.0 1.35e-01    -  1.00e+00 5.00e-01h  2
 616  4.8018672e-01 1.77e+01 2.26e+03 -11.0 9.42e-02    -  1.00e+00 5.00e-01h  2
 617  4.9760991e-01 1.77e+00 6.30e+03 -11.0 5.26e-02    -  1.00e+00 1.00e+00h  1
 618  5.0289688e-01 1.05e+00 2.85e+03 -11.0 5.06e-02    -  1.00e+00 5.00e-01h  2
 619  5.0911828e-01 1.37e+00 1.36e+03 -11.0 5.34e-02    -  1.00e+00 5.00e-01h  2
iter    objective    inf_pr   inf_du lg(mu)  ||d||  lg(rg) alpha_du alpha_pr  ls
 620  4.4684824e-01 1.13e+01 1.67e+04 -11.0 1.86e-01    -  1.00e+00 5.00e-01h  2
 621  4.3757533e-01 5.16e+00 5.84e+03 -11.0 7.39e-02    -  1.00e+00 5.00e-01h  2
 622  4.3830764e-01 4.90e+00 5.25e+03 -11.0 8.54e-01    -  1.00e+00 6.25e-02h  5
 623  4.4753248e-01 4.46e+00 4.23e+03 -11.0 8.30e-01    -  1.00e+00 1.25e-01h  4
 624  4.6000084e-01 3.41e+00 2.66e+03 -11.0 7.09e-01    -  1.00e+00 2.50e-01h  3
 625  4.4593804e-01 2.63e+00 9.08e+02 -11.0 3.54e-01    -  1.00e+00 5.00e-01h  2
 626  4.3470674e-01 3.96e+00 3.34e+02 -11.0 1.11e-01    -  1.00e+00 5.00e-01h  2
 627  4.3117201e-01 3.11e+00 2.32e+02 -11.0 1.49e-01    -  1.00e+00 2.50e-01h  3
 628  4.5246624e-01 4.53e+00 3.34e+01 -11.0 1.05e-01    -  1.00e+00 1.00e+00w  1
 629  4.3210807e-01 3.15e+00 2.59e+02 -11.0 9.80e-02    -  1.00e+00 1.00e+00w  1
iter    objective    inf_pr   inf_du lg(mu)  ||d||  lg(rg) alpha_du alpha_pr  ls
 630  4.4254581e-01 4.17e+00 7.41e+02 -11.0 5.74e-02    -  1.00e+00 1.00e+00w  1
 631  4.3013394e-01 2.44e+00 1.47e+02 -11.0 1.33e-01    -  1.00e+00 2.50e-01h  2
 632  4.3117551e-01 9.50e-01 2.86e+01 -11.0 4.70e-02    -  1.00e+00 1.00e+00h  1
 633  4.1975251e-01 7.03e+00 8.25e+01 -11.0 7.88e-02    -  1.00e+00 1.00e+00h  1
 634  4.1472628e-01 6.82e+00 7.98e+01 -11.0 2.67e-01    -  1.00e+00 2.50e-01h  3
 635  4.0726810e-01 5.43e+00 2.25e+02 -11.0 8.80e-02    -  1.00e+00 1.00e+00h  1
 636  3.8712412e-01 8.53e+00 9.86e+01 -11.0 1.85e-01    -  1.00e+00 5.00e-01h  2
 637  3.8677400e-01 3.59e+00 6.98e+01 -11.0 1.09e-01    -  1.00e+00 5.00e-01h  2
 638  3.7671237e-01 2.07e+00 4.31e+01 -11.0 7.01e-02    -  1.00e+00 5.00e-01h  2
 639  3.9550510e-01 1.47e+00 1.16e+02 -11.0 3.10e-02    -  1.00e+00 1.00e+00h  1
iter    objective    inf_pr   inf_du lg(mu)  ||d||  lg(rg) alpha_du alpha_pr  ls
 640  3.8499825e-01 6.09e+00 1.01e+02 -11.0 2.70e-02    -  1.00e+00 1.00e+00h  1
 641  3.8453294e-01 4.67e+00 7.07e+02 -11.0 5.99e-02    -  1.00e+00 5.00e-01h  2
 642  3.7943761e-01 3.08e+00 2.42e+02 -11.0 1.07e-02    -  1.00e+00 1.00e+00h  1
 643  3.7916374e-01 1.70e+00 1.85e+02 -11.0 8.50e-03    -  1.00e+00 1.00e+00h  1
 644  3.7858575e-01 1.22e+00 9.36e+01 -11.0 1.34e-02    -  1.00e+00 1.00e+00h  1
 645  3.7790313e-01 8.86e-01 6.78e+02 -11.0 6.38e-03    -  1.00e+00 1.00e+00h  1
 646  3.7888238e-01 5.42e-01 3.49e+02 -11.0 9.12e-03    -  1.00e+00 5.00e-01h  2
 647  3.7907308e-01 3.66e-01 3.99e+02 -11.0 3.42e-03    -  1.00e+00 1.00e+00h  1
 648  3.7909073e-01 3.24e-01 3.62e+02 -11.0 7.72e-02    -  1.00e+00 3.12e-02h  6
 649  3.7988144e-01 1.67e-01 4.78e+03 -11.0 1.29e-02    -  1.00e+00 5.00e-01h  2
iter    objective    inf_pr   inf_du lg(mu)  ||d||  lg(rg) alpha_du alpha_pr  ls
 650  3.8108847e-01 3.15e-01 4.00e+02 -11.0 5.54e-03    -  1.00e+00 1.00e+00h  1
 651  3.8119016e-01 2.92e-01 2.70e+02 -11.0 2.12e-02    -  1.00e+00 6.25e-02h  5
 652  3.8140349e-01 2.50e-01 1.27e+02 -11.0 2.49e-02    -  1.00e+00 1.25e-01h  4
 653  3.7856736e-01 6.61e-01 2.69e+01 -11.0 2.59e-02    -  1.00e+00 1.00e+00h  1
 654  3.6883769e-01 3.22e+00 2.13e+01 -11.0 3.38e-01    -  1.00e+00 1.25e-01h  4
 655  3.5949180e-01 7.24e+00 5.97e+01 -11.0 6.63e-02    -  1.00e+00 1.00e+00h  1
 656  3.5755228e-01 6.74e+00 7.63e+01 -11.0 1.84e-01    -  1.00e+00 2.50e-01h  3
 657  3.4970366e-01 8.51e+00 1.60e+02 -11.0 4.15e-02    -  1.00e+00 1.00e+00h  1
 658  3.6302516e-01 2.23e+00 6.17e+01 -11.0 4.49e-02    -  1.00e+00 5.00e-01h  2
 659  3.6215505e-01 1.43e+00 4.00e+01 -11.0 3.60e-02    -  1.00e+00 5.00e-01h  2
iter    objective    inf_pr   inf_du lg(mu)  ||d||  lg(rg) alpha_du alpha_pr  ls
 660  3.4624385e-01 2.27e+00 3.01e+01 -11.0 7.64e-02    -  1.00e+00 5.00e-01h  2
 661  3.4387230e-01 4.98e+00 2.70e+01 -11.0 4.42e-02    -  1.00e+00 5.00e-01h  2
 662  3.3839393e-01 8.99e+00 3.75e+01 -11.0 4.55e-01    -  1.00e+00 2.50e-01h  3
 663  3.4122106e-01 8.53e+00 5.53e+01 -11.0 2.11e-01    -  1.00e+00 1.25e-01h  4
 664  3.3517212e-01 7.59e+00 4.36e+01 -11.0 2.59e+00    -  1.00e+00 3.12e-02h  6
 665  3.3626273e-01 7.16e+00 4.97e+01 -11.0 2.97e-01    -  1.00e+00 6.25e-02h  5
 666  3.4245728e-01 7.46e+00 6.00e+01 -11.0 1.73e-01    -  1.00e+00 2.50e-01h  3
 667  3.3768306e-01 7.27e+00 8.32e+01 -11.0 3.59e-01    -  1.00e+00 6.25e-02h  5
 668  4.3183687e-01 7.60e+00 2.57e+02 -11.0 1.01e-01    -  1.00e+00 1.00e+00w  1
 669  4.0154493e-01 2.49e+01 2.11e+02 -11.0 1.13e-01    -  1.00e+00 1.00e+00w  1
iter    objective    inf_pr   inf_du lg(mu)  ||d||  lg(rg) alpha_du alpha_pr  ls
 670  6.3484032e-01 1.17e+01 4.46e+02 -11.0 2.50e-01    -  1.00e+00 1.00e+00w  1
 671  3.4129336e-01 6.48e+00 9.63e+01 -11.0 2.49e-01    -  1.00e+00 1.25e-01h  3
 672  3.4250221e-01 6.07e+00 9.61e+01 -11.0 1.03e-01    -  1.00e+00 6.25e-02h  5
 673  3.3415168e-01 5.65e+00 1.13e+02 -11.0 7.24e-01    -  1.00e+00 1.25e-01h  4
 674  3.3845475e-01 2.99e+00 7.73e+01 -11.0 9.86e-02    -  1.00e+00 2.50e-01h  3
 675  3.4225845e-01 3.06e+00 8.03e+01 -11.0 4.31e-01    -  1.00e+00 6.25e-02h  5
 676  3.4325382e-01 2.95e+00 7.51e+01 -11.0 3.07e-01    -  1.00e+00 6.25e-02h  5
 677  3.4287704e-01 2.86e+00 7.36e+01 -11.0 1.98e-01    -  1.00e+00 3.12e-02h  6
 678  3.3682278e-01 5.94e+00 3.18e+01 -11.0 2.15e-01    -  1.00e+00 1.25e-01h  4
 679  3.3056616e-01 7.61e+00 3.17e+01 -11.0 2.98e-01    -  1.00e+00 1.25e-01h  4
iter    objective    inf_pr   inf_du lg(mu)  ||d||  lg(rg) alpha_du alpha_pr  ls
 680  3.3478127e-01 5.82e+00 3.83e+01 -11.0 2.20e-01    -  1.00e+00 1.25e-01h  4
 681  4.1754398e-01 1.13e+01 3.96e+02 -11.0 1.41e-01    -  1.00e+00 1.00e+00w  1
 682  3.7104108e-01 6.12e+00 2.49e+02 -11.0 1.14e-01    -  1.00e+00 1.00e+00w  1
 683  4.1289227e-01 9.70e+00 1.04e+03 -11.0 9.43e-02    -  1.00e+00 1.00e+00w  1
 684  3.3831360e-01 5.02e+00 2.24e+01 -11.0 8.79e-02    -  1.00e+00 1.25e-01h  3
 685  3.3842396e-01 4.97e+00 2.26e+01 -11.0 1.23e-01    -  1.00e+00 7.81e-03h  8
 686  3.4246798e-01 3.69e+00 2.28e+01 -11.0 1.47e-01    -  1.00e+00 2.50e-01h  3
 687  3.3450359e-01 3.98e+00 2.91e+01 -11.0 4.99e-01    -  1.00e+00 6.25e-02h  5
 688  3.2854699e-01 8.83e+00 1.08e+02 -11.0 3.51e-01    -  1.00e+00 2.50e-01h  3
 689  3.1703642e-01 1.04e+01 1.16e+02 -11.0 4.26e+00    -  1.00e+00 3.12e-02h  6
iter    objective    inf_pr   inf_du lg(mu)  ||d||  lg(rg) alpha_du alpha_pr  ls
 690  3.1104236e-01 6.67e+00 9.98e+01 -11.0 9.80e-02    -  1.00e+00 5.00e-01h  2
 691  3.0344387e-01 6.43e+00 3.13e+01 -11.0 8.40e-02    -  1.00e+00 5.00e-01h  2
 692  2.9673485e-01 3.76e+00 2.69e+01 -11.0 6.60e-02    -  1.00e+00 5.00e-01h  2
 693  3.0205320e-01 8.57e+00 2.54e+01 -11.0 5.11e-02    -  1.00e+00 5.00e-01h  2
 694  3.2765477e-01 9.00e+00 5.75e+01 -11.0 6.02e-02    -  1.00e+00 1.00e+00w  1
 695  3.3712704e-01 1.34e+01 1.27e+02 -11.0 8.83e-02    -  1.00e+00 1.00e+00w  1
 696  7.2871958e-01 2.94e+01 1.57e+04 -11.0 2.46e-01    -  1.00e+00 1.00e+00w  1
 697  2.9969982e-01 5.79e+00 2.92e+01 -11.0 2.64e-01    -  1.00e+00 2.50e-01h  2
 698  2.9826795e-01 4.24e+00 6.31e+01 -11.0 4.27e-02    -  1.00e+00 2.50e-01h  3
 699  2.8732246e-01 2.49e+00 1.01e+02 -11.0 4.67e-02    -  1.00e+00 5.00e-01h  2
iter    objective    inf_pr   inf_du lg(mu)  ||d||  lg(rg) alpha_du alpha_pr  ls
 700  2.8815314e-01 5.21e+00 7.87e+02 -11.0 4.62e-02    -  1.00e+00 2.50e-01h  3
 701  2.9859874e-01 1.73e+00 3.35e+02 -11.0 1.70e-02    -  1.00e+00 1.00e+00h  1
 702  2.9340970e-01 5.49e+00 2.02e+02 -11.0 1.49e-02    -  1.00e+00 1.00e+00h  1
 703  2.9334028e-01 1.02e+01 1.80e+02 -11.0 2.97e-02    -  1.00e+00 1.25e-01h  4
 704  2.9508053e-01 3.50e+00 1.29e+02 -11.0 1.84e-02    -  1.00e+00 2.50e-01h  3
 705  2.9900839e-01 2.70e+00 3.69e+03 -11.0 7.33e-03    -  1.00e+00 1.00e+00h  1
 706  3.0033239e-01 3.01e+00 8.52e+02 -11.0 4.24e-03    -  1.00e+00 1.00e+00h  1
 707  3.0037278e-01 2.64e+00 7.81e+02 -11.0 1.73e-03    -  1.00e+00 1.25e-01h  4
 708  2.9953049e-01 5.43e+00 9.16e+03 -11.0 1.72e-03    -  1.00e+00 1.00e+00h  1
 709  2.9964936e-01 5.08e+00 9.66e+03 -11.0 5.00e-03    -  1.00e+00 6.25e-02h  5
iter    objective    inf_pr   inf_du lg(mu)  ||d||  lg(rg) alpha_du alpha_pr  ls
 710  2.9928356e-01 2.34e+00 4.30e+04 -11.0 2.06e-03    -  1.00e+00 1.00e+00h  1
 711  2.9891075e-01 4.45e+00 1.75e+05 -11.0 4.43e-03    -  1.00e+00 1.00e+00h  1
 712  2.9908189e-01 2.72e+00 1.37e+05 -11.0 1.53e-03    -  1.00e+00 5.00e-01h  2
 713  2.9921090e-01 2.64e+00 1.07e+06 -11.0 1.83e-02    -  1.00e+00 3.12e-02h  6
 714  2.9958982e-01 1.31e+00 3.35e+07 -11.0 1.39e-03    -  1.00e+00 1.00e+00h  1
 715  2.9980664e-01 4.24e-01 5.30e+06 -11.0 7.65e-04    -  1.00e+00 1.00e+00h  1
 716  2.9977860e-01 9.26e-01 3.75e+07 -11.0 2.81e-02    -  1.00e+00 1.56e-02h  7
 717  2.9701012e-01 1.95e+00 2.02e+08 -11.0 1.96e-03    -  1.00e+00 1.00e+00H  1
 718  2.9699221e-01 1.72e+00 1.92e+08 -11.0 3.33e-02    -  1.00e+00 1.25e-01h  4
 719  2.9735592e-01 7.63e-01 1.49e+08 -11.0 2.80e-02    -  1.00e+00 1.00e+00h  1
iter    objective    inf_pr   inf_du lg(mu)  ||d||  lg(rg) alpha_du alpha_pr  ls
 720  2.9797462e-01 4.60e-01 4.84e+08 -11.0 7.39e-03    -  1.00e+00 5.00e-01h  2
 721  2.9938377e-01 2.88e-01 5.58e+07 -11.0 3.95e-03    -  1.00e+00 1.00e+00h  1
 722  2.9942642e-01 2.86e-01 6.01e+07 -11.0 3.17e-02    -  1.00e+00 7.81e-03h  8
 723  3.0002447e-01 2.55e-01 4.00e+07 -11.0 3.69e-02    -  1.00e+00 1.25e-01h  4
 724  3.0058653e-01 2.23e-01 3.56e+07 -11.0 4.45e-02    -  1.00e+00 1.25e-01h  4
 725  3.0107348e-01 1.96e-01 5.65e+07 -11.0 4.20e-02    -  1.00e+00 1.25e-01h  4
 726  3.0813966e-01 7.77e-02 1.01e+07 -11.0 3.28e-02    -  1.00e+00 1.00e+00H  1
 727  3.0832081e-01 5.07e-03 3.81e+05 -11.0 4.32e-04    -  1.00e+00 1.00e+00h  1
 728  3.0831996e-01 6.03e-05 3.58e+02 -11.0 2.38e-05    -  1.00e+00 1.00e+00h  1
 729  3.0829442e-01 1.07e-06 6.75e+01 -11.0 4.72e-05    -  1.00e+00 1.00e+00h  1
iter    objective    inf_pr   inf_du lg(mu)  ||d||  lg(rg) alpha_du alpha_pr  ls
 730  2.9579269e-01 3.53e-01 5.02e+01 -11.0 4.01e-02    -  1.00e+00 5.00e-01f  2
 731  2.8716142e-01 3.06e+00 3.79e+01 -11.0 6.23e-02    -  1.00e+00 1.00e+00h  1
 732  2.7618314e-01 1.18e+01 8.20e+01 -11.0 6.34e-02    -  1.00e+00 1.00e+00h  1
 733  2.6995174e-01 6.87e+00 4.51e+01 -11.0 5.05e-02    -  1.00e+00 5.00e-01h  2
 734  2.6522234e-01 5.93e+00 1.18e+02 -11.0 8.62e-02    -  1.00e+00 5.00e-01h  2
 735  2.6237666e-01 1.19e+01 2.95e+02 -11.0 8.67e-02    -  1.00e+00 5.00e-01h  2
 736  2.5281397e-01 7.18e+00 1.85e+02 -11.0 2.00e-01    -  1.00e+00 2.50e-01h  3
 737  2.4875489e-01 3.61e+00 4.71e+02 -11.0 8.91e-02    -  1.00e+00 2.50e-01h  3
 738  2.5225047e-01 1.70e+00 3.47e+02 -11.0 9.66e-02    -  1.00e+00 5.00e-01h  2
 739  2.6637197e-01 6.08e+00 6.03e+02 -11.0 5.89e-02    -  1.00e+00 5.00e-01h  2
iter    objective    inf_pr   inf_du lg(mu)  ||d||  lg(rg) alpha_du alpha_pr  ls
 740  2.6410064e-01 9.01e+00 5.03e+02 -11.0 1.43e-01    -  1.00e+00 1.25e-01h  4
 741  2.6249222e-01 1.19e+01 4.24e+02 -11.0 1.37e-01    -  1.00e+00 1.25e-01h  4
 742  2.5155906e-01 3.74e+01 2.47e+02 -11.0 1.33e-01    -  1.00e+00 2.50e-01h  3
 743  3.0921242e-01 4.24e+01 2.65e+02 -11.0 1.20e-01    -  1.00e+00 1.00e+00w  1
 744  2.9686078e-01 1.21e+01 2.25e+02 -11.0 7.31e-02    -  1.00e+00 1.00e+00w  1
 745  2.9368642e-01 2.00e+01 1.47e+03 -11.0 7.88e-02    -  1.00e+00 1.00e+00w  1
 746  2.5198613e-01 3.65e+01 2.36e+02 -11.0 1.01e-01    -  1.00e+00 3.12e-02h  5
 747  2.4967393e-01 3.85e+01 2.33e+02 -11.0 2.23e-01    -  1.00e+00 6.25e-02h  5
 748  2.4860810e-01 4.14e+01 2.40e+02 -11.0 2.87e+00    -  1.00e+00 7.81e-03h  8
 749  2.4400541e-01 1.05e+01 2.11e+02 -11.0 4.95e-01    -  1.00e+00 1.25e-01h  4
iter    objective    inf_pr   inf_du lg(mu)  ||d||  lg(rg) alpha_du alpha_pr  ls
 750  2.4364013e-01 5.01e+00 1.56e+02 -11.0 2.22e-01    -  1.00e+00 2.50e-01h  3
 751  2.9457092e-01 1.87e+01 4.49e+02 -11.0 6.92e-02    -  1.00e+00 1.00e+00H  1
 752  2.7251265e-01 1.94e+01 2.53e+02 -11.0 1.21e-01    -  1.00e+00 5.00e-01h  2
 753  2.4476446e-01 1.03e+01 7.51e+01 -11.0 6.92e-02    -  1.00e+00 1.00e+00h  1
 754  2.4753680e-01 4.16e+00 9.92e+01 -11.0 8.41e-02    -  1.00e+00 1.00e+00h  1
 755  2.3790703e-01 4.07e+01 7.85e+01 -11.0 1.55e-01    -  1.00e+00 5.00e-01h  2
 756  2.3098751e-01 4.70e+00 9.61e+01 -11.0 4.01e-02    -  1.00e+00 1.00e+00h  1
 757  2.2974706e-01 4.95e+00 3.96e+01 -11.0 3.03e-02    -  1.00e+00 1.00e+00h  1
 758  2.2859469e-01 8.55e-01 3.64e+01 -11.0 2.52e-02    -  1.00e+00 1.00e+00h  1
 759  2.2759925e-01 3.40e+00 2.50e+01 -11.0 2.95e-02    -  1.00e+00 5.00e-01h  2
iter    objective    inf_pr   inf_du lg(mu)  ||d||  lg(rg) alpha_du alpha_pr  ls
 760  2.3173015e-01 5.18e-01 4.35e+01 -11.0 1.31e-02    -  1.00e+00 1.00e+00h  1
 761  2.3042347e-01 1.54e+00 2.05e+01 -11.0 1.40e-02    -  1.00e+00 5.00e-01h  2
 762  2.2954412e-01 2.31e+00 1.37e+01 -11.0 2.39e-02    -  1.00e+00 2.50e-01h  3
 763  2.2587762e-01 1.15e+01 1.40e+02 -11.0 1.37e-01    -  1.00e+00 5.00e-01h  2
 764  2.2569761e-01 7.71e+00 4.94e+02 -11.0 1.21e-01    -  1.00e+00 5.00e-01h  2
 765  2.2144152e-01 9.59e+00 4.27e+02 -11.0 1.55e-01    -  1.00e+00 2.50e-01h  3
 766  2.2637745e-01 7.15e+00 2.87e+02 -11.0 9.70e-02    -  1.00e+00 2.50e-01h  3
 767  2.2723695e-01 6.13e+00 2.31e+02 -11.0 9.64e-02    -  1.00e+00 1.25e-01h  4
 768  2.2596357e-01 5.37e+00 1.91e+02 -11.0 1.99e-01    -  1.00e+00 1.25e-01h  4
 769  2.1605583e-01 4.06e+00 2.07e+02 -11.0 4.72e-01    -  1.00e+00 1.25e-01h  4
iter    objective    inf_pr   inf_du lg(mu)  ||d||  lg(rg) alpha_du alpha_pr  ls
 770  2.0209480e-01 4.31e+00 1.77e+02 -11.0 3.40e-01    -  1.00e+00 2.50e-01h  3
 771  2.1340195e-01 9.45e+00 6.33e+02 -11.0 6.07e-02    -  1.00e+00 1.00e+00h  1
 772  2.1959136e-01 7.33e+00 7.33e+02 -11.0 2.52e-01    -  1.00e+00 1.25e-01h  4
 773  2.2313692e-01 6.36e+00 5.95e+02 -11.0 1.93e-01    -  1.00e+00 1.25e-01h  4
 774  2.2558329e-01 5.95e+00 5.45e+02 -11.0 1.62e-01    -  1.00e+00 6.25e-02h  5
 775  2.2370330e-01 4.45e+00 3.49e+02 -11.0 1.54e-01    -  1.00e+00 2.50e-01h  3
 776  2.2457286e-01 3.89e+00 2.65e+02 -11.0 1.12e-01    -  1.00e+00 1.25e-01h  4
 777  2.1490105e-01 3.38e+00 2.48e+02 -11.0 2.62e-01    -  1.00e+00 1.25e-01h  4
 778  2.2343899e-01 2.96e+00 2.06e+02 -11.0 9.99e-02    -  1.00e+00 1.25e-01h  4
 779  2.2731158e-01 2.78e+00 1.83e+02 -11.0 9.19e-02    -  1.00e+00 6.25e-02h  5
iter    objective    inf_pr   inf_du lg(mu)  ||d||  lg(rg) alpha_du alpha_pr  ls
 780  2.2614818e-01 2.60e+00 1.71e+02 -11.0 2.48e-01    -  1.00e+00 6.25e-02h  5
 781  2.2701247e-01 2.56e+00 1.68e+02 -11.0 9.51e-02    -  1.00e+00 1.56e-02h  7
 782  3.1122215e-01 7.90e+00 6.57e+01 -11.0 9.65e-02    -  1.00e+00 1.00e+00w  1
 783  3.5615426e-01 6.14e+00 3.31e+02 -11.0 1.06e-01    -  1.00e+00 1.00e+00w  1
 784  4.1462547e-01 3.89e+01 3.88e+03 -11.0 2.12e-01    -  1.00e+00 1.00e+00w  1
 785  2.2733681e-01 2.54e+00 1.67e+02 -11.0 2.82e-01    -  1.00e+00 7.81e-03h  7
 786  2.2709924e-01 2.37e+00 1.66e+02 -11.0 1.48e-01    -  1.00e+00 6.25e-02h  5
 787  2.5623692e-01 2.02e+00 1.18e+02 -11.0 6.52e-02    -  1.00e+00 5.00e-01h  2
 788  2.8663676e-01 1.76e+00 6.25e+01 -11.0 3.81e-02    -  1.00e+00 1.00e+00h  1
 789  2.7649645e-01 3.91e+00 3.23e+01 -11.0 2.06e-02    -  1.00e+00 1.00e+00h  1
iter    objective    inf_pr   inf_du lg(mu)  ||d||  lg(rg) alpha_du alpha_pr  ls
 790  2.7140265e-01 1.47e+00 2.55e+01 -11.0 2.62e-02    -  1.00e+00 1.00e+00h  1
 791  2.6596767e-01 1.33e+00 3.81e+01 -11.0 2.60e-02    -  1.00e+00 1.00e+00h  1
 792  2.6260662e-01 5.01e-01 2.50e+01 -11.0 1.92e-02    -  1.00e+00 1.00e+00h  1
 793  2.5980351e-01 7.44e-01 1.77e+01 -11.0 1.73e-02    -  1.00e+00 1.00e+00h  1
 794  2.5819882e-01 4.96e-01 6.68e+00 -11.0 1.07e-02    -  1.00e+00 1.00e+00h  1
 795  2.5620706e-01 1.09e+00 3.32e+01 -11.0 1.57e-02    -  1.00e+00 1.00e+00h  1
 796  2.5349772e-01 2.06e+00 2.87e+01 -11.0 2.14e-02    -  1.00e+00 1.00e+00h  1
 797  2.5055679e-01 2.66e+00 1.42e+01 -11.0 3.99e-02    -  1.00e+00 5.00e-01h  2
 798  2.5004885e-01 8.26e-01 3.73e+01 -11.0 2.67e-02    -  1.00e+00 1.00e+00h  1
 799  2.4838631e-01 5.95e-01 4.50e+01 -11.0 4.29e-02    -  1.00e+00 5.00e-01h  2
iter    objective    inf_pr   inf_du lg(mu)  ||d||  lg(rg) alpha_du alpha_pr  ls
 800  2.4445411e-01 2.64e+00 4.71e+01 -11.0 7.89e-02    -  1.00e+00 2.50e-01h  3
 801  2.4628934e-01 9.76e-01 7.87e+01 -11.0 3.49e-02    -  1.00e+00 1.00e+00h  1
 802  2.4521279e-01 1.65e+00 1.97e+01 -11.0 1.73e-02    -  1.00e+00 1.00e+00h  1
 803  2.4353715e-01 2.06e+00 2.47e+01 -11.0 2.70e-02    -  1.00e+00 1.00e+00h  1
 804  2.4241062e-01 3.18e+00 2.73e+01 -11.0 3.19e-02    -  1.00e+00 1.00e+00h  1
 805  2.3793408e-01 1.76e+00 4.04e+01 -11.0 1.11e-01    -  1.00e+00 2.50e-01h  3
 806  2.3583491e-01 2.28e+00 2.19e+01 -11.0 3.16e-02    -  1.00e+00 5.00e-01h  2
 807  2.3450734e-01 1.98e+00 9.55e+00 -11.0 3.38e-02    -  1.00e+00 5.00e-01h  2
 808  2.3951298e-01 1.43e+00 9.43e+01 -11.0 2.32e-02    -  1.00e+00 1.00e+00h  1
 809  2.3595878e-01 2.61e+00 4.32e+01 -11.0 2.05e-02    -  1.00e+00 1.00e+00h  1
iter    objective    inf_pr   inf_du lg(mu)  ||d||  lg(rg) alpha_du alpha_pr  ls
 810  2.3565456e-01 4.58e-01 1.02e+02 -11.0 1.25e-02    -  1.00e+00 1.00e+00h  1
 811  2.3583965e-01 5.03e-01 5.36e+01 -11.0 5.81e-03    -  1.00e+00 5.00e-01h  2
 812  2.3624472e-01 4.64e-01 2.77e+01 -11.0 1.54e-02    -  1.00e+00 5.00e-01h  2
 813  2.3626720e-01 7.05e-01 6.49e+01 -11.0 4.14e-03    -  1.00e+00 1.00e+00h  1
 814  2.3698056e-01 4.08e-01 1.28e+01 -11.0 7.61e-03    -  1.00e+00 5.00e-01h  2
 815  2.3712608e-01 4.06e-01 1.09e+01 -11.0 1.02e-01    -  1.00e+00 7.81e-03h  8
 816  2.3726736e-01 4.02e-01 1.64e+01 -11.0 9.99e-02    -  1.00e+00 7.81e-03h  8
 817  2.3754839e-01 3.96e-01 2.76e+01 -11.0 8.96e-02    -  1.00e+00 1.56e-02h  7
 818  2.3781754e-01 3.89e-01 3.79e+01 -11.0 7.40e-02    -  1.00e+00 1.56e-02h  7
 819  2.3354490e-01 6.32e+00 1.93e+02 -11.0 6.43e-02    -  1.00e+00 5.00e-01h  2
iter    objective    inf_pr   inf_du lg(mu)  ||d||  lg(rg) alpha_du alpha_pr  ls
 820  2.3427769e-01 3.94e+00 7.60e+02 -11.0 2.78e-02    -  1.00e+00 2.50e-01h  3
 821  2.3556795e-01 6.75e-01 4.17e+01 -11.0 3.25e-02    -  1.00e+00 1.00e+00h  1
 822  2.3311285e-01 4.38e+00 3.73e+01 -11.0 3.33e-02    -  1.00e+00 1.00e+00h  1
 823  2.3411138e-01 3.70e+00 5.79e+01 -11.0 3.78e-02    -  1.00e+00 1.25e-01h  4
 824  2.3419425e-01 3.45e+00 6.03e+01 -11.0 3.53e-02    -  1.00e+00 6.25e-02h  5
 825  2.3422511e-01 2.98e+00 6.14e+01 -11.0 3.05e-02    -  1.00e+00 1.25e-01h  4
 826  2.3513561e-01 6.10e-01 3.31e+01 -11.0 1.02e-01    -  1.00e+00 1.00e+00h  1
 827  2.2460200e-01 1.22e+00 1.67e+01 -11.0 6.61e-02    -  1.00e+00 1.00e+00h  1
 828  2.2763553e-01 2.22e+00 9.46e+01 -11.0 3.32e-02    -  1.00e+00 5.00e-01h  2
 829  2.3355901e-01 8.23e-01 7.15e+00 -11.0 1.43e-02    -  1.00e+00 1.00e+00h  1
iter    objective    inf_pr   inf_du lg(mu)  ||d||  lg(rg) alpha_du alpha_pr  ls
 830  2.3174534e-01 3.70e-01 5.47e+00 -11.0 2.14e-02    -  1.00e+00 1.00e+00h  1
 831  2.3192531e-01 4.03e-01 1.09e+01 -11.0 1.02e-02    -  1.00e+00 1.25e-01h  4
 832  2.3203780e-01 4.09e-01 7.01e+01 -11.0 1.31e-02    -  1.00e+00 1.25e-01h  4
 833  2.3216270e-01 4.07e-01 5.96e+01 -11.0 7.11e-03    -  1.00e+00 1.25e-01h  4
 834  2.3258937e-01 4.12e-01 2.98e+02 -11.0 1.02e-02    -  1.00e+00 2.50e-01h  3
 835  2.3253935e-01 4.07e-01 2.77e+02 -11.0 4.02e-02    -  1.00e+00 3.12e-02h  6
 836  2.3268958e-01 4.07e-01 4.98e+02 -11.0 5.76e-03    -  1.00e+00 5.00e-01h  2
 837  2.3289435e-01 3.67e-01 9.41e+02 -11.0 7.39e-03    -  1.00e+00 2.50e-01h  3
 838  2.3283872e-01 3.58e-01 7.22e+02 -11.0 6.01e-02    -  1.00e+00 3.12e-02h  6
 839  2.3282808e-01 3.53e-01 3.65e+02 -11.0 6.57e-02    -  1.00e+00 3.12e-02h  6
iter    objective    inf_pr   inf_du lg(mu)  ||d||  lg(rg) alpha_du alpha_pr  ls
 840  2.3297456e-01 3.43e-01 3.59e+02 -11.0 1.60e-01    -  1.00e+00 3.12e-02h  6
 841  2.4661837e-01 1.06e+00 1.49e+03 -11.0 1.72e-01    -  1.00e+00 1.00e+00w  1
 842  1.4178643e+00 2.83e+01 3.47e+03 -11.0 6.38e-01    -  1.00e+00 1.00e+00w  1
 843  1.2110291e+01 9.79e+01 1.68e+04 -11.0 1.76e+00    -  1.00e+00 1.00e+00w  1
 844  2.3326847e-01 3.22e-01 3.25e+02 -11.0 8.61e+00    -  1.00e+00 6.25e-02h  4
 845  2.3317402e-01 3.34e-01 1.63e+03 -11.0 5.27e-02    -  1.00e+00 1.56e-02h  7
 846  2.3328440e-01 3.23e-01 2.34e+03 -11.0 9.90e-03    -  1.00e+00 6.25e-02h  5
 847  2.3331099e-01 3.27e-01 5.70e+03 -11.0 3.08e-02    -  1.00e+00 1.56e-02h  7
 848  2.3332126e-01 3.23e-01 1.89e+04 -11.0 3.52e-02    -  1.00e+00 3.12e-02h  6
 849  2.3311795e-01 3.06e-01 1.16e+05 -11.0 1.56e-01    -  1.00e+00 6.25e-02h  5
iter    objective    inf_pr   inf_du lg(mu)  ||d||  lg(rg) alpha_du alpha_pr  ls
 850  2.3318789e-01 2.70e-01 9.99e+04 -11.0 1.51e-01    -  1.00e+00 1.25e-01h  4
 851  2.3333451e-01 2.53e-01 9.71e+04 -11.0 1.40e-01    -  1.00e+00 6.25e-02h  5
 852  2.3351813e-01 2.37e-01 9.34e+04 -11.0 1.31e-01    -  1.00e+00 6.25e-02h  5
 853  2.3372471e-01 2.22e-01 8.93e+04 -11.0 1.22e-01    -  1.00e+00 6.25e-02h  5
 854  2.3449545e-01 9.62e+00 2.80e+02 -11.0 3.18e-02    -  1.00e+00 1.00e+00w  1
 855  2.7889892e-01 6.09e+00 5.36e+02 -11.0 1.16e-01    -  1.00e+00 1.00e+00w  1
 856  2.7768254e-01 4.99e+00 9.29e+01 -11.0 8.72e-02    -  1.00e+00 1.00e+00w  1
 857  2.3350462e-01 2.50e-01 2.07e+05 -11.0 1.73e-01    -  1.00e+00 3.12e-02h  5
 858  2.3352961e-01 2.36e-01 1.50e+05 -11.0 6.17e-03    -  1.00e+00 6.25e-02h  5
 859  2.3359923e-01 2.29e-01 1.35e+06 -11.0 8.67e-03    -  1.00e+00 1.25e-01h  4
iter    objective    inf_pr   inf_du lg(mu)  ||d||  lg(rg) alpha_du alpha_pr  ls
 860  2.3359354e-01 2.47e-01 1.30e+06 -11.0 1.08e-02    -  1.00e+00 6.25e-02h  5
 861  2.3366400e-01 2.30e-01 6.14e+05 -11.0 6.49e-03    -  1.00e+00 1.25e-01h  4
 862  2.3370579e-01 2.29e-01 1.52e+06 -11.0 4.70e-02    -  1.00e+00 1.56e-02h  7
 863  2.3374503e-01 2.25e-01 1.13e+06 -11.0 6.10e-02    -  1.00e+00 1.56e-02h  7
 864  2.3438560e-01 1.99e-01 8.46e+06 -11.0 1.02e-01    -  1.00e+00 1.25e-01h  4
 865  2.4567529e-01 1.68e-02 5.15e+06 -11.0 9.36e-02    -  1.00e+00 1.00e+00H  1
 866  2.4569687e-01 7.80e-05 5.73e+02 -11.0 3.45e-04    -  1.00e+00 1.00e+00h  1
 867  2.4450615e-01 1.17e-03 3.88e+01 -11.0 1.71e-03    -  1.00e+00 1.00e+00h  1
 868  2.4230842e-01 1.50e-02 4.32e+01 -11.0 4.91e-02    -  1.00e+00 6.25e-02h  5
 869  2.3897663e-01 2.98e-02 2.32e+01 -11.0 8.97e-02    -  1.00e+00 6.25e-02h  5
iter    objective    inf_pr   inf_du lg(mu)  ||d||  lg(rg) alpha_du alpha_pr  ls
 870  2.3589452e-01 6.23e-02 3.39e+01 -11.0 4.19e-02    -  1.00e+00 1.25e-01h  4
 871  2.3534564e-01 7.29e-02 2.64e+01 -11.0 3.80e-02    -  1.00e+00 3.12e-02h  6
 872  2.3524952e-01 7.35e-02 2.61e+01 -11.0 8.95e-02    -  1.00e+00 3.91e-03h  9
 873  2.2841892e-01 1.49e+01 8.02e+02 -11.0 3.34e+03    -  1.00e+00 1.53e-05f 17
 874  2.3119943e-01 7.43e+00 8.26e+02 -11.0 4.39e-02    -  1.00e+00 5.00e-01h  2
 875  2.3247649e-01 4.03e+00 6.83e+02 -11.0 1.78e-02    -  1.00e+00 5.00e-01h  2
 876  2.3511617e-01 2.03e+00 2.78e+02 -11.0 1.70e-02    -  1.00e+00 5.00e-01h  2
 877  2.3524294e-01 1.91e+00 2.55e+02 -11.0 1.49e-02    -  1.00e+00 6.25e-02h  5
 878  2.3788212e-01 1.42e-01 1.94e+01 -11.0 1.38e-02    -  1.00e+00 1.00e+00w  1
 879  2.3664124e-01 3.22e+00 1.82e+01 -11.0 4.57e-02    -  1.00e+00 1.00e+00w  1
iter    objective    inf_pr   inf_du lg(mu)  ||d||  lg(rg) alpha_du alpha_pr  ls
 880  2.3481018e-01 5.24e+00 2.24e+02 -11.0 4.19e-02    -  1.00e+00 1.00e+00w  1
 881  2.2722811e-01 2.99e+00 1.35e+02 -11.0 3.30e-02    -  1.00e+00 1.00e+00h  1
 882  2.3468577e-01 8.59e-01 9.81e+01 -11.0 4.74e-02    -  1.00e+00 1.00e+00h  1
 883  2.3446154e-01 3.92e+00 1.41e+01 -11.0 6.50e-02    -  1.00e+00 1.00e+00h  1
 884  2.3201496e-01 4.37e+00 2.88e+01 -11.0 4.62e-02    -  1.00e+00 1.00e+00h  1
 885  2.3372952e-01 2.04e+00 1.86e+01 -11.0 4.57e-02    -  1.00e+00 5.00e-01h  2
 886  2.3433536e-01 9.98e-01 2.04e+01 -11.0 3.53e-02    -  1.00e+00 5.00e-01h  2
 887  2.3422135e-01 3.42e-01 1.65e+01 -11.0 2.28e-02    -  1.00e+00 1.00e+00H  1
 888  2.2770782e-01 2.47e+00 2.74e+01 -11.0 4.00e-02    -  1.00e+00 1.00e+00h  1
 889  2.2587176e-01 6.44e+00 2.40e+01 -11.0 2.28e-02    -  1.00e+00 5.00e-01h  2
iter    objective    inf_pr   inf_du lg(mu)  ||d||  lg(rg) alpha_du alpha_pr  ls
 890  2.2638875e-01 8.56e-01 1.79e+01 -11.0 2.34e-02    -  1.00e+00 1.00e+00h  1
 891  2.2527056e-01 1.22e+00 1.05e+01 -11.0 3.99e-02    -  1.00e+00 5.00e-01h  2
 892  2.2408119e-01 7.24e+00 2.65e+01 -11.0 2.45e-02    -  1.00e+00 1.00e+00h  1
 893  2.2392384e-01 6.86e+00 2.43e+01 -11.0 8.66e-02    -  1.00e+00 6.25e-02h  5
 894  2.2350289e-01 5.91e+00 1.91e+01 -11.0 9.82e-02    -  1.00e+00 1.25e-01h  4
 895  2.2287571e-01 4.93e+00 1.89e+01 -11.0 1.64e-01    -  1.00e+00 1.25e-01h  4
 896  2.2588934e-01 1.45e+00 2.14e+01 -11.0 4.52e-02    -  1.00e+00 5.00e-01h  2
 897  2.2614593e-01 3.71e-01 9.27e+01 -11.0 1.76e-02    -  1.00e+00 1.00e+00h  1
 898  2.2541027e-01 1.02e-01 7.39e+00 -11.0 5.31e-03    -  1.00e+00 1.00e+00h  1
 899  2.2418463e-01 2.39e-01 8.19e+00 -11.0 4.59e-02    -  1.00e+00 2.50e-01h  3
iter    objective    inf_pr   inf_du lg(mu)  ||d||  lg(rg) alpha_du alpha_pr  ls
 900  2.2393142e-01 3.40e+00 2.72e+01 -11.0 3.06e-02    -  1.00e+00 1.00e+00h  1
 901  2.2122165e-01 5.72e-01 5.08e+00 -11.0 2.96e-02    -  1.00e+00 1.00e+00h  1
 902  2.1936469e-01 7.50e+00 7.23e+01 -11.0 1.76e-02    -  1.00e+00 1.00e+00h  1
 903  2.2022375e-01 1.17e+00 8.77e+01 -11.0 1.29e-02    -  1.00e+00 1.00e+00h  1
 904  2.1918237e-01 1.78e+00 1.22e+01 -11.0 1.93e-02    -  1.00e+00 1.00e+00h  1
 905  2.1887007e-01 3.26e+00 1.43e+01 -11.0 9.74e-03    -  1.00e+00 1.00e+00h  1
 906  2.1798352e-01 8.56e-01 1.21e+01 -11.0 1.42e-02    -  1.00e+00 1.00e+00h  1
 907  2.1656964e-01 5.94e-01 7.58e+00 -11.0 4.56e-02    -  1.00e+00 5.00e-01h  2
 908  2.1526004e-01 1.07e+01 5.63e+01 -11.0 8.26e-02    -  1.00e+00 5.00e-01h  2
 909  2.1400494e-01 8.89e+00 4.92e+01 -11.0 1.32e-01    -  1.00e+00 1.25e-01h  4
iter    objective    inf_pr   inf_du lg(mu)  ||d||  lg(rg) alpha_du alpha_pr  ls
 910  2.1476245e-01 5.26e+00 3.82e+01 -11.0 4.56e-02    -  1.00e+00 2.50e-01h  3
 911  2.1232090e-01 1.34e+01 2.26e+02 -11.0 5.27e-02    -  1.00e+00 5.00e-01h  2
 912  2.1105624e-01 5.16e+00 2.73e+02 -11.0 4.15e-02    -  1.00e+00 1.00e+00h  1
 913  1.9080770e-01 5.64e+00 6.46e+02 -11.0 3.45e-02    -  1.00e+00 1.00e+00h  1
 914  1.8456440e-01 6.84e+00 1.46e+02 -11.0 4.68e-02    -  1.00e+00 1.00e+00h  1
 915  1.8142047e-01 1.49e+01 5.00e+02 -11.0 5.97e-02    -  1.00e+00 1.00e+00h  1
 916  1.8365690e-01 1.38e+01 4.68e+02 -11.0 7.89e-02    -  1.00e+00 6.25e-02h  5
 917  1.8435420e-01 1.36e+01 4.60e+02 -11.0 8.53e-02    -  1.00e+00 1.56e-02h  7
 918  1.8455129e-01 1.35e+01 4.57e+02 -11.0 9.76e-02    -  1.00e+00 3.91e-03h  9
 919  1.8455877e-01 1.35e+01 4.57e+02 -11.0 1.14e-01    -  1.00e+00 9.77e-04h 11
iter    objective    inf_pr   inf_du lg(mu)  ||d||  lg(rg) alpha_du alpha_pr  ls
 920  1.7837682e-01 1.24e+01 3.94e+02 -11.0 2.35e-01    -  1.00e+00 1.25e-01h  4
 921  1.8390510e-01 1.24e+01 4.64e+02 -11.0 1.49e-01    -  1.00e+00 2.50e-01h  3
 922  1.8113272e-01 1.11e+01 4.73e+02 -11.0 1.25e-01    -  1.00e+00 1.25e-01h  4
 923  2.1579671e-01 7.84e+00 3.62e+03 -11.0 1.66e-01    -  1.00e+00 5.00e-01h  2
 924  3.2240637e-01 8.40e+00 6.68e+03 -11.0 2.29e-01    -  1.00e+00 1.00e+00h  1
 925  3.2720893e-01 7.15e+00 7.81e+03 -11.0 1.84e-01    -  1.00e+00 1.25e-01h  4
 926  3.4507453e-01 5.94e+00 3.57e+03 -11.0 1.16e-01    -  1.00e+00 5.00e-01h  2
 927  3.5384562e-01 4.66e+00 2.38e+03 -11.0 7.14e-02    -  1.00e+00 2.50e-01h  3
 928  3.7454718e-01 2.33e+00 3.42e+02 -11.0 5.66e-02    -  1.00e+00 1.00e+00h  1
 929  3.4645903e-01 2.27e+00 3.84e+02 -11.0 3.02e+00    -  1.00e+00 7.81e-03h  8
iter    objective    inf_pr   inf_du lg(mu)  ||d||  lg(rg) alpha_du alpha_pr  ls
 930  3.3395813e-01 4.94e+00 7.16e+02 -11.0 1.07e-01    -  1.00e+00 5.00e-01h  2
 931  3.2243023e-01 1.79e+00 8.99e+01 -11.0 5.15e-02    -  1.00e+00 1.00e+00h  1
 932  3.0759917e-01 3.76e+00 4.20e+02 -11.0 6.27e-02    -  1.00e+00 1.00e+00h  1
 933  2.9495982e-01 1.49e+00 1.57e+02 -11.0 8.06e-02    -  1.00e+00 5.00e-01h  2
 934  2.8789272e-01 1.38e+00 1.15e+02 -11.0 7.92e-02    -  1.00e+00 5.00e-01h  2
 935  2.9134090e-01 1.95e+00 1.14e+03 -11.0 2.84e-02    -  1.00e+00 1.00e+00h  1
 936  2.8439574e-01 2.23e+00 2.68e+02 -11.0 5.13e-02    -  1.00e+00 1.00e+00h  1
 937  2.8417039e-01 1.69e+00 2.01e+02 -11.0 8.92e-02    -  1.00e+00 2.50e-01h  3
 938  2.8125034e-01 1.08e+00 1.37e+02 -11.0 4.39e-02    -  1.00e+00 1.00e+00h  1
 939  2.8197812e-01 7.86e-01 1.18e+02 -11.0 3.30e-02    -  1.00e+00 2.50e-01h  3
iter    objective    inf_pr   inf_du lg(mu)  ||d||  lg(rg) alpha_du alpha_pr  ls
 940  2.8118791e-01 3.46e-01 2.09e+02 -11.0 4.80e-02    -  1.00e+00 5.00e-01h  2
 941  2.7580495e-01 9.67e-01 1.28e+02 -11.0 3.56e-02    -  1.00e+00 1.00e+00h  1
 942  2.6500084e-01 7.15e-01 6.99e+01 -11.0 1.48e-02    -  1.00e+00 1.00e+00h  1
 943  2.5012573e-01 2.33e+00 2.93e+02 -11.0 4.72e-02    -  1.00e+00 1.00e+00h  1
 944  2.3888030e-01 1.70e+00 2.32e+02 -11.0 3.77e-02    -  1.00e+00 1.00e+00h  1
 945  2.3220945e-01 3.15e+00 9.98e+02 -11.0 5.92e-02    -  1.00e+00 1.00e+00h  1
 946  2.4404415e-01 3.16e+00 2.58e+03 -11.0 5.82e-02    -  1.00e+00 1.00e+00h  1
 947  1.8947005e-01 1.68e+00 1.02e+03 -11.0 2.11e-01    -  1.00e+00 5.00e-01h  2
 948  2.4090730e-01 3.01e+00 2.06e+02 -11.0 1.84e-01    -  1.00e+00 1.00e+00h  1
 949  2.5151724e-01 2.84e+00 2.21e+02 -11.0 5.86e-02    -  1.00e+00 1.00e+00h  1
iter    objective    inf_pr   inf_du lg(mu)  ||d||  lg(rg) alpha_du alpha_pr  ls
 950  2.4848464e-01 4.12e+00 1.35e+02 -11.0 3.75e-02    -  1.00e+00 1.00e+00h  1
 951  2.4720064e-01 1.32e+00 4.85e+01 -11.0 1.59e-02    -  1.00e+00 1.00e+00h  1
 952  2.4370212e-01 3.01e-01 3.72e+01 -11.0 1.21e-02    -  1.00e+00 1.00e+00h  1
 953  2.4138035e-01 3.61e-01 1.61e+03 -11.0 4.21e-02    -  1.00e+00 1.00e+00h  1
 954  2.4019121e-01 8.73e-01 8.18e+02 -11.0 4.63e-02    -  1.00e+00 5.00e-01h  2
 955  2.4017951e-01 9.48e-02 3.42e+02 -11.0 1.68e-02    -  1.00e+00 1.00e+00h  1
 956  2.4059901e-01 8.45e-02 2.89e+02 -11.0 2.08e-02    -  1.00e+00 1.25e-01h  4
 957  2.3828112e-01 2.80e-01 1.57e+01 -11.0 1.86e-02    -  1.00e+00 1.00e+00H  1
 958  2.2983746e-01 1.06e+00 7.62e+01 -11.0 1.04e-01    -  1.00e+00 5.00e-01h  2
 959  2.1828549e-01 1.20e+00 1.36e+02 -11.0 2.64e-01    -  1.00e+00 5.00e-01h  2
iter    objective    inf_pr   inf_du lg(mu)  ||d||  lg(rg) alpha_du alpha_pr  ls
 960  2.1274409e-01 9.94e-01 1.55e+03 -11.0 1.14e-01    -  1.00e+00 5.00e-01h  2
 961  2.2013911e-01 7.41e-01 5.73e+02 -11.0 4.76e-02    -  1.00e+00 5.00e-01h  2
 962  2.3199664e-01 1.19e+00 2.69e+02 -11.0 2.90e-02    -  1.00e+00 1.00e+00h  1
 963  2.2923753e-01 2.34e+00 1.11e+02 -11.0 4.75e-02    -  1.00e+00 5.00e-01h  2
 964  2.3282293e-01 6.31e-01 1.07e+02 -11.0 1.26e-02    -  1.00e+00 1.00e+00h  1
 965  2.3244727e-01 1.25e+00 6.51e+01 -11.0 2.01e-02    -  1.00e+00 1.00e+00h  1
 966  2.3153058e-01 1.61e+00 3.89e+01 -11.0 7.92e-03    -  1.00e+00 1.00e+00h  1
 967  2.3097063e-01 2.99e-01 1.18e+01 -11.0 4.97e-03    -  1.00e+00 1.00e+00h  1
 968  2.2989807e-01 3.92e-01 3.49e+01 -11.0 1.14e-02    -  1.00e+00 1.00e+00h  1
 969  2.2762931e-01 7.64e-01 4.15e+01 -11.0 6.19e-02    -  1.00e+00 5.00e-01h  2
iter    objective    inf_pr   inf_du lg(mu)  ||d||  lg(rg) alpha_du alpha_pr  ls
 970  2.2709629e-01 9.77e-01 5.06e+01 -11.0 6.71e-02    -  1.00e+00 5.00e-01h  2
 971  2.2321712e-01 6.72e-01 3.70e+01 -11.0 8.57e-02    -  1.00e+00 5.00e-01h  2
 972  2.1913574e-01 6.06e-01 2.88e+01 -11.0 1.52e-01    -  1.00e+00 2.50e-01h  3
 973  2.1841716e-01 8.09e+00 2.58e+01 -11.0 6.58e-02    -  1.00e+00 2.50e-01h  3
 974  2.1788321e-01 6.30e+00 2.58e+01 -11.0 5.24e-02    -  1.00e+00 2.50e-01h  3
 975  2.1539590e-01 6.05e+00 3.62e+01 -11.0 2.53e-01    -  1.00e+00 3.12e-02h  6
 976  2.1197240e-01 5.10e+00 4.48e+01 -11.0 8.36e-02    -  1.00e+00 1.25e-01h  4
 977  2.0960088e-01 4.00e+00 3.97e+01 -11.0 3.03e-01    -  1.00e+00 6.25e-02h  5
 978  2.0996023e-01 4.10e+00 3.64e+01 -11.0 6.50e-02    -  1.00e+00 2.50e-01h  3
 979  2.1294148e-01 6.13e+00 1.88e+02 -11.0 3.55e-02    -  1.00e+00 1.00e+00w  1
iter    objective    inf_pr   inf_du lg(mu)  ||d||  lg(rg) alpha_du alpha_pr  ls
 980  2.8201971e-01 3.21e+01 5.18e+03 -11.0 1.43e-01    -  1.00e+00 1.00e+00w  1
 981  8.5058574e-01 5.31e+01 4.57e+04 -11.0 3.92e-01    -  1.00e+00 1.00e+00w  1
 982  2.0986971e-01 3.12e+00 4.32e+01 -11.0 1.92e-01    -  1.00e+00 5.00e-01h  1
 983  2.1292824e-01 2.66e+00 3.24e+02 -11.0 2.64e-02    -  1.00e+00 1.00e+00h  1
 984  2.1651808e-01 1.08e+00 1.66e+02 -11.0 5.34e-02    -  1.00e+00 5.00e-01h  2
 985  2.2127151e-01 1.69e-01 3.10e+02 -11.0 3.27e-02    -  1.00e+00 1.00e+00h  1
 986  2.1567423e-01 8.69e-02 3.87e+01 -11.0 1.86e-02    -  1.00e+00 1.00e+00h  1
 987  2.1330950e-01 7.74e-01 3.15e+01 -11.0 5.35e-02    -  1.00e+00 5.00e-01h  2
 988  2.1027700e-01 8.94e-01 6.99e+01 -11.0 6.47e-02    -  1.00e+00 1.00e+00h  1
 989  2.0860387e-01 4.22e-01 9.21e+01 -11.0 4.92e-02    -  1.00e+00 1.00e+00h  1
iter    objective    inf_pr   inf_du lg(mu)  ||d||  lg(rg) alpha_du alpha_pr  ls
 990  2.0979617e-01 1.83e-01 6.16e+01 -11.0 2.12e-02    -  1.00e+00 1.00e+00H  1
 991  2.0859297e-01 7.54e-01 7.50e+01 -11.0 4.28e-02    -  1.00e+00 5.00e-01h  2
 992  2.0591307e-01 4.39e-01 4.79e+01 -11.0 2.46e-02    -  1.00e+00 5.00e-01h  2
 993  2.0525795e-01 3.99e-01 2.47e+01 -11.0 3.45e-02    -  1.00e+00 5.00e-01h  2
 994  2.0463667e-01 2.23e+00 1.29e+01 -11.0 2.57e-02    -  1.00e+00 5.00e-01h  2
 995  2.0332605e-01 2.86e-01 1.94e+01 -11.0 1.55e-02    -  1.00e+00 1.00e+00h  1
 996  2.0269472e-01 2.08e+00 2.98e+01 -11.0 3.99e-01    -  1.00e+00 1.25e-01h  4
 997  1.9706931e-01 8.99e-01 4.29e+01 -11.0 7.38e-02    -  1.00e+00 5.00e-01h  2
 998  1.9354808e-01 4.68e-01 4.36e+01 -11.0 1.42e-01    -  1.00e+00 2.50e-01h  3
 999  1.9108214e-01 6.52e-01 4.22e+01 -11.0 4.68e-02    -  1.00e+00 5.00e-01h  2
iter    objective    inf_pr   inf_du lg(mu)  ||d||  lg(rg) alpha_du alpha_pr  ls
1000  1.8926435e-01 7.37e+00 2.49e+01 -11.0 6.14e-02    -  1.00e+00 5.00e-01h  2
1001  1.8839959e-01 6.71e+00 4.78e+01 -11.0 2.69e-01    -  1.00e+00 1.25e-01h  4
1002  1.8492515e-01 5.99e+00 3.57e+01 -11.0 5.36e-01    -  1.00e+00 1.25e-01h  4
1003  1.8233573e-01 5.00e+00 2.96e+01 -11.0 1.59e-01    -  1.00e+00 1.25e-01h  4
1004  1.7844268e-01 4.59e+00 6.26e+01 -11.0 5.98e-02    -  1.00e+00 5.00e-01h  2
1005  1.7022530e-01 5.81e+00 5.65e+01 -11.0 6.05e+01    -  1.00e+00 4.88e-04h 12
1006  5.9523641e-01 4.01e+01 4.34e+03 -11.0 5.54e-01    -  1.00e+00 1.00e+00w  1
1007  9.5368936e-01 2.27e+01 1.22e+03 -11.0 3.46e-01    -  1.00e+00 1.00e+00w  1
1008  1.9141972e+00 9.36e+01 3.03e+04 -11.0 7.19e-01    -  1.00e+00 1.00e+00w  1
1009  1.7144863e-01 5.63e+00 5.29e+01 -11.0 3.48e-01    -  1.00e+00 3.12e-02h  5
iter    objective    inf_pr   inf_du lg(mu)  ||d||  lg(rg) alpha_du alpha_pr  ls
1010  1.7140463e-01 5.57e+00 5.23e+01 -11.0 5.34e-01    -  1.00e+00 7.81e-03h  8
1011  1.7119125e-01 5.44e+00 5.10e+01 -11.0 4.14e-01    -  1.00e+00 1.56e-02h  7
1012  1.6864990e-01 8.72e+00 1.30e+02 -11.0 2.25e-01    -  1.00e+00 2.50e-01h  3
1013  1.6646416e-01 3.73e+00 9.80e+01 -11.0 8.54e-02    -  1.00e+00 1.00e+00h  1
1014  1.6230550e-01 6.82e+00 6.10e+01 -11.0 7.04e-02    -  1.00e+00 1.00e+00h  1
1015  1.5192016e-01 6.50e-01 1.58e+02 -11.0 4.80e-02    -  1.00e+00 1.00e+00h  1
1016  1.5152239e-01 3.86e-01 5.20e+01 -11.0 4.70e-02    -  1.00e+00 5.00e-01h  2
1017  1.5130984e-01 1.72e+00 3.78e+01 -11.0 2.82e-02    -  1.00e+00 2.50e-01h  3
1018  1.5118687e-01 1.51e+00 3.44e+01 -11.0 8.56e-02    -  1.00e+00 1.25e-01h  4
1019  1.5190381e-01 1.33e+00 2.62e+01 -11.0 6.37e-02    -  1.00e+00 1.25e-01h  4
iter    objective    inf_pr   inf_du lg(mu)  ||d||  lg(rg) alpha_du alpha_pr  ls
1020  1.5396572e-01 1.02e+00 1.31e+01 -11.0 5.25e-02    -  1.00e+00 2.50e-01h  3
1021  1.5886427e-01 1.66e+00 1.17e+01 -11.0 3.66e-02    -  1.00e+00 5.00e-01h  2
1022  1.6453908e-01 2.85e-01 1.05e+01 -11.0 2.96e-02    -  1.00e+00 1.00e+00h  1
1023  1.6391008e-01 2.36e-01 9.11e+00 -11.0 2.57e-02    -  1.00e+00 2.50e-01h  3
1024  1.6916281e-01 1.73e-01 4.50e+01 -11.0 2.25e-02    -  1.00e+00 1.00e+00H  1
1025  1.6330631e-01 2.66e-01 2.11e+01 -11.0 2.29e-02    -  1.00e+00 5.00e-01h  2
1026  1.6229067e-01 5.71e-02 1.42e+01 -11.0 1.12e-02    -  1.00e+00 1.00e+00H  1
1027  1.6226749e-01 7.35e-03 4.87e+00 -11.0 5.22e-03    -  1.00e+00 1.00e+00h  1
1028  1.6166885e-01 4.33e-02 6.84e+00 -11.0 9.87e-02    -  1.00e+00 6.25e-02h  5
1029  1.6075915e-01 1.01e-01 8.69e+00 -11.0 2.70e-01    -  1.00e+00 3.12e-02h  6
iter    objective    inf_pr   inf_du lg(mu)  ||d||  lg(rg) alpha_du alpha_pr  ls
1030  1.5858628e-01 8.83e-02 5.62e+00 -11.0 2.13e-01    -  1.00e+00 1.25e-01h  4
1031  1.5778794e-01 6.71e-02 5.21e+00 -11.0 6.44e-01    -  1.00e+00 1.56e-02h  7
1032  1.5714655e-01 8.44e-02 5.71e+00 -11.0 5.26e-01    -  1.00e+00 1.56e-02h  7
1033  1.5365193e-01 1.94e+01 4.33e+02 -11.0 1.02e+01    -  1.00e+00 1.56e-02h  7
1034  1.5195606e-01 1.94e+01 5.13e+03 -11.0 1.46e+00    -  1.00e+00 6.25e-02h  5
1035  1.5087287e-01 7.16e+00 5.88e+02 -11.0 1.78e-01    -  1.00e+00 2.50e-01h  3
1036  1.5375527e-01 8.70e+00 4.04e+02 -11.0 2.19e-01    -  1.00e+00 2.50e-01h  3
1037  1.5579794e-01 7.05e+00 3.35e+02 -11.0 1.56e-01    -  1.00e+00 1.25e-01h  4
1038  3.8990661e-01 6.62e+01 3.57e+03 -11.0 2.15e-01    -  1.00e+00 1.00e+00w  1
1039  9.9336996e-01 5.83e+01 1.69e+03 -11.0 2.73e-01    -  1.00e+00 1.00e+00w  1
iter    objective    inf_pr   inf_du lg(mu)  ||d||  lg(rg) alpha_du alpha_pr  ls
1040  1.1645216e+00 7.10e+01 1.18e+05 -11.0 3.93e-01    -  1.00e+00 1.00e+00w  1
1041  1.5575126e-01 4.04e+00 1.80e+02 -11.0 4.67e-01    -  1.00e+00 2.50e-01h  2
1042  1.5640246e-01 3.23e+00 1.42e+02 -11.0 6.79e-02    -  1.00e+00 2.50e-01h  3
1043  1.5121338e-01 3.22e+00 1.73e+02 -11.0 2.66e-01    -  1.00e+00 1.25e-01h  4
1044  1.5429325e-01 4.04e+00 1.97e+02 -11.0 4.71e-02    -  1.00e+00 5.00e-01h  2
1045  1.5375767e-01 3.53e+00 9.84e+01 -11.0 1.02e-01    -  1.00e+00 2.50e-01h  3
1046  1.5287494e-01 2.75e+00 9.72e+01 -11.0 9.67e-02    -  1.00e+00 2.50e-01h  3
1047  1.5155213e-01 4.67e+00 9.31e+01 -11.0 3.87e-02    -  1.00e+00 2.50e-01h  3
1048  1.4761045e-01 3.99e+00 2.09e+02 -11.0 2.14e-01    -  1.00e+00 1.25e-01h  4
1049  1.5251774e-01 1.29e+00 5.63e+01 -11.0 7.85e-02    -  1.00e+00 5.00e-01h  2
iter    objective    inf_pr   inf_du lg(mu)  ||d||  lg(rg) alpha_du alpha_pr  ls
1050  1.4981134e-01 2.45e+00 2.19e+02 -11.0 2.12e-01    -  1.00e+00 1.25e-01h  4
1051  7.5532664e-01 9.54e+01 4.92e+03 -11.0 2.79e-01    -  1.00e+00 1.00e+00w  1
1052  3.4782128e+01 2.84e+03 1.82e+04 -11.0 1.55e+00    -  1.00e+00 1.00e+00w  1
1053  3.8680150e+03 4.31e+05 2.44e+05 -11.0 1.55e+01    -  1.00e+00 1.00e+00w  1
1054  1.4627591e-01 6.11e+00 1.98e+02 -11.0 3.57e+01    -  1.00e+00 6.25e-02h  4
1055  1.5163818e-01 2.98e+00 1.29e+03 -11.0 3.06e-02    -  1.00e+00 5.00e-01h  2
1056  1.5631335e-01 1.73e+00 2.61e+02 -11.0 9.39e-03    -  1.00e+00 1.00e+00h  1
1057  1.5631461e-01 1.72e+00 2.58e+02 -11.0 1.77e-02    -  1.00e+00 7.81e-03h  8
1058  1.5098359e-01 5.74e-01 2.67e+02 -11.0 8.40e-02    -  1.00e+00 5.00e-01h  2
1059  1.5317216e-01 5.00e-01 2.26e+02 -11.0 2.73e-01    -  1.00e+00 1.25e-01h  4
iter    objective    inf_pr   inf_du lg(mu)  ||d||  lg(rg) alpha_du alpha_pr  ls
1060  1.5116288e-01 4.20e-01 1.18e+02 -11.0 3.04e-01    -  1.00e+00 1.25e-01h  4
1061  1.4993026e-01 2.07e+00 2.02e+02 -11.0 8.60e-01    -  1.00e+00 6.25e-02h  5
1062  1.4955215e-01 6.16e+00 1.54e+02 -11.0 2.11e-01    -  1.00e+00 2.50e-01h  3
1063  1.4783576e-01 3.99e+00 2.19e+02 -11.0 3.25e-01    -  1.00e+00 2.50e-01h  3
1064  1.4747919e-01 3.75e+00 1.84e+02 -11.0 1.86e-01    -  1.00e+00 6.25e-02h  5
1065  1.4914236e-01 3.29e+00 1.68e+02 -11.0 1.02e-01    -  1.00e+00 1.25e-01h  4
1066  1.4941760e-01 3.24e+00 1.65e+02 -11.0 6.96e-02    -  1.00e+00 1.56e-02h  7
1067  1.8275907e-01 5.11e+00 1.07e+02 -11.0 7.30e-02    -  1.00e+00 1.00e+00w  1
1068  2.4925535e-01 6.79e+00 1.37e+03 -11.0 1.94e-01    -  1.00e+00 1.00e+00w  1
1069  2.8862642e-01 9.74e+00 1.04e+04 -11.0 2.25e-01    -  1.00e+00 1.00e+00w  1
iter    objective    inf_pr   inf_du lg(mu)  ||d||  lg(rg) alpha_du alpha_pr  ls
1070  1.4947755e-01 3.19e+00 1.63e+02 -11.0 1.52e-01    -  1.00e+00 1.56e-02h  6
1071  1.4753241e-01 2.61e+00 1.69e+02 -11.0 2.10e-01    -  1.00e+00 1.25e-01h  4
1072  1.4961353e-01 1.21e+00 9.82e+01 -11.0 9.61e-02    -  1.00e+00 5.00e-01h  2
1073  1.5031553e-01 6.20e-01 3.40e+01 -11.0 6.41e-02    -  1.00e+00 5.00e-01h  2
1074  1.4916775e-01 2.69e+00 4.36e+02 -11.0 5.48e-02    -  1.00e+00 5.00e-01h  2
1075  1.5264126e-01 2.48e+00 5.77e+02 -11.0 2.81e-02    -  1.00e+00 5.00e-01h  2
1076  1.5616348e-01 2.58e+00 9.32e+02 -11.0 4.72e-02    -  1.00e+00 2.50e-01h  3
1077  1.5627282e-01 2.55e+00 9.50e+02 -11.0 6.81e-02    -  1.00e+00 1.56e-02h  7
1078  1.4191964e-01 2.13e+00 3.88e+03 -11.0 1.66e-01    -  1.00e+00 5.00e-01h  2
1079  1.5319935e-01 5.98e-01 1.33e+03 -11.0 6.65e-02    -  1.00e+00 1.00e+00h  1
iter    objective    inf_pr   inf_du lg(mu)  ||d||  lg(rg) alpha_du alpha_pr  ls
1080  1.5440488e-01 1.94e-01 3.50e+02 -11.0 5.56e-03    -  1.00e+00 1.00e+00h  1
1081  1.5382621e-01 1.64e-01 3.94e+01 -11.0 7.11e-03    -  1.00e+00 1.00e+00h  1
1082  1.5505446e-01 1.28e-01 5.52e+01 -11.0 1.71e-02    -  1.00e+00 2.50e-01h  3
1083  1.5975647e-01 2.17e-02 3.02e+01 -11.0 1.32e-02    -  1.00e+00 1.00e+00H  1
1084  1.5871806e-01 1.32e-01 1.38e+01 -11.0 6.93e-03    -  1.00e+00 5.00e-01h  2
1085  1.5847339e-01 1.36e-01 1.43e+01 -11.0 1.37e-01    -  1.00e+00 7.81e-03h  8
1086  1.5832619e-01 1.37e-01 1.42e+01 -11.0 6.35e-01    -  1.00e+00 9.77e-04h 11
1087  1.5819247e-01 1.37e-01 1.46e+01 -11.0 1.34e+00    -  1.00e+00 4.88e-04h 12
1088  1.5803498e-01 1.40e-01 1.43e+01 -11.0 6.35e-01    -  1.00e+00 9.77e-04h 11
1089  1.5091904e-01 4.29e+00 1.96e+02 -11.0 6.00e-01    -  1.00e+00 1.25e-01h  4
iter    objective    inf_pr   inf_du lg(mu)  ||d||  lg(rg) alpha_du alpha_pr  ls
1090  1.4837197e-01 3.19e+00 1.17e+02 -11.0 3.45e-01    -  1.00e+00 2.50e-01h  3
1091  1.3946274e-01 4.81e+00 1.28e+02 -11.0 1.76e-01    -  1.00e+00 2.50e-01h  3
1092  1.4760192e-01 1.01e+01 1.11e+03 -11.0 3.22e-02    -  1.00e+00 1.00e+00h  1
1093  1.4569155e-01 6.09e+00 4.00e+02 -11.0 7.70e-02    -  1.00e+00 5.00e-01h  2
1094  1.4858555e-01 5.04e+00 1.31e+02 -11.0 4.06e-02    -  1.00e+00 5.00e-01h  2
1095  1.4535978e-01 3.14e+00 8.63e+01 -11.0 9.86e-02    -  1.00e+00 5.00e-01h  2
1096  1.4330953e-01 5.51e+00 7.00e+01 -11.0 1.15e-01    -  1.00e+00 2.50e-01h  3
1097  1.4450282e-01 6.30e+00 8.62e+01 -11.0 2.74e-02    -  1.00e+00 1.00e+00h  1
1098  1.4459986e-01 6.28e+00 8.61e+01 -11.0 2.15e-01    -  1.00e+00 3.91e-03h  9
1099  1.4432858e-01 5.87e+00 7.64e+01 -11.0 8.19e-02    -  1.00e+00 6.25e-02h  5
iter    objective    inf_pr   inf_du lg(mu)  ||d||  lg(rg) alpha_du alpha_pr  ls
1100  1.4462417e-01 2.51e+00 8.18e+02 -11.0 7.16e-02    -  1.00e+00 5.00e-01h  2
1101  1.5002741e-01 1.68e+00 5.18e+02 -11.0 1.70e-02    -  1.00e+00 1.00e+00h  1
1102  1.4831912e-01 7.48e+00 4.00e+02 -11.0 2.24e-02    -  1.00e+00 1.00e+00h  1
1103  1.4146733e-01 3.54e+00 1.26e+03 -11.0 4.85e-02    -  1.00e+00 5.00e-01h  2
1104  1.3259919e-01 5.20e+00 7.29e+01 -11.0 4.63e-02    -  1.00e+00 1.00e+00h  1
1105  1.2950137e-01 2.49e+00 1.44e+03 -11.0 5.52e-02    -  1.00e+00 1.00e+00h  1
1106  1.3015707e-01 3.56e+00 1.45e+03 -11.0 2.08e-02    -  1.00e+00 5.00e-01h  2
1107  1.3349737e-01 2.22e+00 6.13e+03 -11.0 2.98e-02    -  1.00e+00 1.00e+00h  1
1108  1.4497228e-01 9.55e-01 4.44e+02 -11.0 4.50e-02    -  1.00e+00 1.00e+00h  1
1109  1.4582462e-01 9.06e-01 1.60e+03 -11.0 1.29e-02    -  1.00e+00 2.50e-01h  3
iter    objective    inf_pr   inf_du lg(mu)  ||d||  lg(rg) alpha_du alpha_pr  ls
1110  1.3936862e-01 1.53e+00 6.57e+01 -11.0 3.97e-02    -  1.00e+00 1.00e+00h  1
1111  1.3239170e-01 5.44e-01 1.63e+01 -11.0 2.56e-02    -  1.00e+00 1.00e+00h  1
1112  1.3145457e-01 1.18e+00 4.00e+02 -11.0 3.37e-02    -  1.00e+00 1.00e+00h  1
1113  1.3153042e-01 1.19e+00 3.31e+02 -11.0 4.34e-02    -  1.00e+00 1.25e-01h  4
1114  1.3044165e-01 1.13e+00 1.53e+02 -11.0 1.02e-02    -  1.00e+00 1.00e+00h  1
1115  1.3063252e-01 4.52e-01 2.10e+02 -11.0 3.18e-03    -  1.00e+00 1.00e+00h  1
1116  1.3019596e-01 5.59e-01 7.07e+01 -11.0 6.64e-03    -  1.00e+00 1.00e+00h  1
1117  1.2964197e-01 1.84e+00 1.65e+03 -11.0 9.42e-03    -  1.00e+00 1.00e+00h  1
1118  1.2936713e-01 6.09e+00 2.70e+03 -11.0 2.13e-02    -  1.00e+00 5.00e-01h  2
1119  1.2959317e-01 2.35e+00 1.76e+04 -11.0 7.41e-03    -  1.00e+00 2.50e-01h  3
iter    objective    inf_pr   inf_du lg(mu)  ||d||  lg(rg) alpha_du alpha_pr  ls
1120  1.2965202e-01 2.62e+00 7.00e+02 -11.0 6.60e-03    -  1.00e+00 1.00e+00h  1
1121  1.2974319e-01 1.06e+00 1.23e+03 -11.0 1.90e-03    -  1.00e+00 1.00e+00h  1
1122  1.2952717e-01 3.30e+00 1.75e+04 -11.0 4.20e-03    -  1.00e+00 1.00e+00h  1
1123  1.2963015e-01 2.50e+00 2.59e+04 -11.0 1.13e-02    -  1.00e+00 2.50e-01h  3
1124  1.2956881e-01 9.97e-01 2.25e+04 -11.0 2.59e-03    -  1.00e+00 1.00e+00h  1
1125  1.2965333e-01 3.97e-01 5.29e+03 -11.0 2.34e-03    -  1.00e+00 1.00e+00h  1
1126  1.2917921e-01 6.51e+00 4.05e+05 -11.0 7.00e-03    -  1.00e+00 1.00e+00h  1
1127  1.2934655e-01 6.00e+00 5.95e+05 -11.0 4.43e-02    -  1.00e+00 6.25e-02h  5
1128  1.2936219e-01 4.39e+00 1.08e+06 -11.0 2.18e-02    -  1.00e+00 1.25e-01h  4
1129  1.2945380e-01 3.78e+00 1.12e+06 -11.0 1.02e-02    -  1.00e+00 1.25e-01h  4
iter    objective    inf_pr   inf_du lg(mu)  ||d||  lg(rg) alpha_du alpha_pr  ls
1130  1.2836058e-01 6.68e+00 7.80e+01 -11.0 3.16e-02    -  1.00e+00 1.00e+00h  1
1131  1.2844524e-01 6.63e+00 7.82e+01 -11.0 9.62e-02    -  1.00e+00 7.81e-03h  8
1132  1.2857968e-01 6.52e+00 7.75e+01 -11.0 7.99e-02    -  1.00e+00 1.56e-02h  7
1133  1.2804003e-01 6.09e+00 6.34e+01 -11.0 1.97e-01    -  1.00e+00 6.25e-02h  5
1134  1.2806962e-01 5.69e+00 5.58e+01 -11.0 1.17e-01    -  1.00e+00 6.25e-02h  5
1135  1.2714636e-01 5.01e+00 3.57e+01 -11.0 3.64e-01    -  1.00e+00 6.25e-02h  5
1136  1.2681413e-01 4.61e+00 3.35e+01 -11.0 2.68e-01    -  1.00e+00 6.25e-02h  5
1137  1.2420286e-01 2.48e+00 1.19e+02 -11.0 8.24e-01    -  1.00e+00 3.12e-02h  6
1138  1.2595813e-01 2.56e+00 9.57e+01 -11.0 1.09e-01    -  1.00e+00 2.50e-01h  3
1139  1.2570571e-01 3.27e+00 9.17e+01 -11.0 1.19e-01    -  1.00e+00 1.25e-01h  4
iter    objective    inf_pr   inf_du lg(mu)  ||d||  lg(rg) alpha_du alpha_pr  ls
1140  1.2566467e-01 3.24e+00 8.88e+01 -11.0 1.10e-01    -  1.00e+00 3.12e-02h  6
1141  1.8795412e-01 6.49e+01 4.42e+03 -11.0 1.17e-01    -  1.00e+00 1.00e+00w  1
1142  5.6843694e-01 4.15e+01 3.30e+03 -11.0 2.24e-01    -  1.00e+00 1.00e+00w  1
1143  8.4287258e-01 1.50e+01 1.18e+03 -11.0 2.84e-01    -  1.00e+00 1.00e+00w  1
1144  1.2579591e-01 3.43e+00 8.80e+01 -11.0 2.80e-01    -  1.00e+00 3.12e-02h  5
1145  1.2679376e-01 3.35e+00 8.27e+01 -11.0 8.43e-02    -  1.00e+00 3.12e-02h  6
1146  1.2680540e-01 3.35e+00 8.26e+01 -11.0 1.68e-01    -  1.00e+00 4.88e-04h 12
1147  1.2681369e-01 3.35e+00 8.24e+01 -11.0 2.13e-01    -  1.00e+00 9.77e-04h 11
1148  1.2681399e-01 3.35e+00 8.24e+01 -11.0 2.07e-01    -  1.00e+00 3.05e-05h 16
1149r 1.2681399e-01 3.35e+00 9.99e+02  -0.4 0.00e+00    -  0.00e+00 4.77e-07R 22
iter    objective    inf_pr   inf_du lg(mu)  ||d||  lg(rg) alpha_du alpha_pr  ls
1150r 1.4640051e-01 3.16e+00 9.91e+02   1.5 3.46e+02    -  9.73e-02 1.10e-03f  1
1151r 1.9086421e-01 7.62e+00 2.11e+02  -0.0 1.13e+00    -  1.00e+00 9.42e-02f  1
1152r 2.5418557e-01 8.69e+00 3.29e+02  -0.6 6.36e-02    -  1.00e+00 9.92e-01f  1
1153r 3.5053375e-01 6.42e+00 4.68e+03  -1.8 1.51e-01    -  1.00e+00 9.94e-01f  1
1154r 3.3692931e-01 8.13e+00 2.25e+02  -2.6 1.37e-01    -  1.00e+00 9.99e-01f  1
1155r 3.7674322e-01 9.01e+00 4.19e+03  -3.6 9.44e-02    -  1.00e+00 1.00e+00h  1
1156r 4.0637003e-01 8.84e+00 1.76e+02  -4.3 4.84e-02    -  1.00e+00 1.00e+00h  1
1157r 4.6480390e-01 6.28e+00 1.89e+04  -5.1 1.31e-01    -  1.00e+00 1.00e+00h  1
1158r 3.3103809e-01 5.84e+00 5.47e+03  -5.6 1.26e-01    -  1.00e+00 1.00e+00h  1
1159r 3.7308402e-01 7.74e+00 1.58e+04  -9.0 2.66e-01    -  4.03e-01 2.88e-01h  1
iter    objective    inf_pr   inf_du lg(mu)  ||d||  lg(rg) alpha_du alpha_pr  ls
1160r 4.2224601e-01 2.10e+00 3.22e+04  -5.4 7.73e-02    -  1.00e+00 1.00e+00h  1
1161r 4.0439849e-01 1.38e+00 3.88e+04  -5.5 8.45e-02    -  4.25e-01 3.14e-01h  1
1162r 4.4488523e-01 9.72e+00 7.49e+05  -4.6 6.09e-02    -  6.57e-01 1.00e+00h  1
1163r 4.2540012e-01 6.19e+00 4.08e+05  -2.3 3.87e-02    -  2.00e-02 1.00e+00f  1
1164r 4.2503851e-01 2.86e+00 2.26e+05  -0.7 2.36e-02    -  6.58e-02 4.37e-01f  1
1165r 4.1699164e-01 1.44e+00 1.21e+05  -1.0 4.36e-02    -  1.00e+00 5.60e-01f  1
1166r 4.1657014e-01 3.86e-01 3.05e+04  -7.0 4.08e-02    -  1.00e+00 6.81e-01f  1
1167r 4.0881540e-01 3.17e-01 2.33e+04  -7.5 4.46e-02    -  1.00e+00 4.04e-01f  1
1168r 4.0735373e-01 2.70e-01 1.94e+04  -2.5 2.95e-02    -  1.00e+00 1.67e-01f  1
1169r 4.0631650e-01 2.05e-01 1.46e+04  -3.9 4.61e-02    -  1.00e+00 3.05e-01f  1
iter    objective    inf_pr   inf_du lg(mu)  ||d||  lg(rg) alpha_du alpha_pr  ls
1170r 4.1043488e-01 1.24e-01 5.64e+03  -3.5 2.11e-02    -  1.00e+00 4.98e-01f  1
1171r 4.1184170e-01 6.77e+00 1.19e+04  -3.8 4.83e-02    -  1.00e+00 6.80e-01f  1
1172r 4.3291986e-01 1.99e+00 1.53e+03  -3.2 2.22e-02    -  1.00e+00 9.99e-01h  1
1173r 4.4066825e-01 7.19e-01 1.75e+03  -3.9 1.36e-02    -  1.00e+00 1.00e+00h  1
1174r 4.4057756e-01 3.24e-01 2.07e+03  -3.6 1.42e-02    -  1.00e+00 1.00e+00h  1
1175r 4.4094250e-01 8.49e-02 4.24e+02  -4.6 3.15e-03    -  1.00e+00 1.00e+00h  1
1176  4.3395840e-01 8.35e-02 5.40e-01 -11.0 2.01e-01    -  1.00e+00 1.56e-02h  7
1177  3.0839355e-01 9.54e+00 1.27e+03 -11.0 1.10e-01    -  1.00e+00 1.00e+00f  1
1178  2.4801599e-01 2.42e+00 3.01e+02 -11.0 1.11e-01    -  1.00e+00 1.00e+00h  1
1179  2.7630096e-01 5.61e+00 3.49e+02 -11.0 7.10e-02    -  1.00e+00 1.00e+00h  1
iter    objective    inf_pr   inf_du lg(mu)  ||d||  lg(rg) alpha_du alpha_pr  ls
1180  2.8034822e-01 2.93e+00 1.25e+03 -11.0 1.78e-01    -  1.00e+00 5.00e-01h  2
1181  2.7970413e-01 3.75e+00 8.46e+02 -11.0 8.79e-02    -  1.00e+00 2.50e-01h  3
1182  2.8936917e-01 2.61e+00 8.80e+02 -11.0 1.23e-01    -  1.00e+00 2.50e-01h  3
1183  3.3464454e-01 1.60e+00 7.47e+02 -11.0 7.38e-02    -  1.00e+00 5.00e-01h  2
1184  3.3200887e-01 1.36e+00 1.06e+03 -11.0 1.03e-01    -  1.00e+00 2.50e-01h  3
1185  3.9719498e-01 5.47e-01 1.22e+03 -11.0 5.70e-02    -  1.00e+00 1.00e+00h  1
1186  3.7183154e-01 3.76e-01 6.10e+02 -11.0 3.62e-02    -  1.00e+00 5.00e-01h  2
1187  3.5653104e-01 2.13e+00 1.48e+03 -11.0 2.19e-02    -  1.00e+00 1.00e+00h  1
1188  3.8126280e-01 1.22e+00 1.04e+04 -11.0 3.13e-02    -  1.00e+00 5.00e-01h  2
1189  3.8848295e-01 6.89e-01 3.95e+03 -11.0 3.55e-02    -  1.00e+00 5.00e-01h  2
iter    objective    inf_pr   inf_du lg(mu)  ||d||  lg(rg) alpha_du alpha_pr  ls
1190  3.9737965e-01 1.53e+00 3.44e+03 -11.0 1.25e-02    -  1.00e+00 5.00e-01h  2
1191  4.0741297e-01 3.79e-01 4.51e+03 -11.0 1.63e-02    -  1.00e+00 1.00e+00h  1
1192  4.0536265e-01 8.56e-02 1.09e+03 -11.0 8.32e-03    -  1.00e+00 1.00e+00h  1
1193  3.9824103e-01 1.06e-01 4.50e+02 -11.0 5.39e-03    -  1.00e+00 1.00e+00h  1
1194  4.0016981e-01 6.11e-02 1.73e+02 -11.0 2.24e-03    -  1.00e+00 1.00e+00h  1
1195  3.9533989e-01 2.79e-01 2.25e+03 -11.0 6.17e-03    -  1.00e+00 1.00e+00h  1
1196  3.9842957e-01 9.07e-02 3.82e+02 -11.0 5.88e-03    -  1.00e+00 1.00e+00h  1
1197  3.9291419e-01 3.62e-01 2.38e+04 -11.0 2.67e-02    -  1.00e+00 1.00e+00h  1
1198  3.9467453e-01 7.11e-02 4.94e+03 -11.0 1.07e-02    -  1.00e+00 1.00e+00h  1
1199  3.9109991e-01 2.74e-02 5.46e+02 -11.0 9.08e-03    -  1.00e+00 1.00e+00h  1
iter    objective    inf_pr   inf_du lg(mu)  ||d||  lg(rg) alpha_du alpha_pr  ls
1200  3.8843709e-01 1.02e-01 1.69e+03 -11.0 1.71e-02    -  1.00e+00 1.00e+00h  1
1201  3.8989390e-01 7.51e-02 1.44e+03 -11.0 6.08e-03    -  1.00e+00 2.50e-01h  3
1202  3.7257665e-01 9.71e-02 2.86e+02 -11.0 1.08e-02    -  1.00e+00 1.00e+00h  1
1203  3.4382410e-01 6.07e-01 3.48e+02 -11.0 3.56e-02    -  1.00e+00 1.00e+00h  1
1204  3.4505397e-01 5.55e-01 3.24e+02 -11.0 4.14e-02    -  1.00e+00 1.25e-01h  4
1205  3.4684363e-01 4.98e-01 1.69e+02 -11.0 6.85e-02    -  1.00e+00 5.00e-01h  2
1206  3.4201503e-01 4.96e-01 1.38e+02 -11.0 6.62e-02    -  1.00e+00 2.50e-01h  3
1207  3.4039454e-01 2.01e+00 1.04e+03 -11.0 2.65e-02    -  1.00e+00 5.00e-01h  2
1208  3.4554730e-01 1.63e+00 1.22e+02 -11.0 1.94e-02    -  1.00e+00 1.00e+00h  1
1209  3.4804662e-01 3.90e-01 2.19e+02 -11.0 3.62e-02    -  1.00e+00 5.00e-01h  2
iter    objective    inf_pr   inf_du lg(mu)  ||d||  lg(rg) alpha_du alpha_pr  ls
1210  3.2785793e-01 1.07e+00 3.71e+03 -11.0 3.23e-01    -  1.00e+00 1.25e-01h  4
1211  3.2774347e-01 9.88e-01 1.91e+03 -11.0 5.07e-02    -  1.00e+00 5.00e-01h  2
1212  3.3206161e-01 5.79e-01 1.37e+03 -11.0 3.27e-02    -  1.00e+00 5.00e-01h  2
1213  3.3373669e-01 4.83e-01 1.02e+03 -11.0 1.92e-02    -  1.00e+00 2.50e-01h  3
1214  3.3505600e-01 3.14e-01 5.37e+02 -11.0 1.69e-02    -  1.00e+00 5.00e-01h  2
1215  3.3663634e-01 2.65e-01 3.76e+02 -11.0 1.38e-02    -  1.00e+00 2.50e-01h  3
1216  3.3980068e-01 2.26e-01 2.65e+02 -11.0 2.93e-02    -  1.00e+00 2.50e-01h  3
1217  3.3957795e-01 2.15e-01 2.32e+02 -11.0 2.17e-02    -  1.00e+00 1.25e-01h  4
1218  3.4008798e-01 1.51e-01 3.02e+02 -11.0 2.18e-02    -  1.00e+00 5.00e-01h  2
1219  3.3939996e-01 4.83e-01 2.28e+02 -11.0 2.50e-02    -  1.00e+00 1.00e+00w  1
iter    objective    inf_pr   inf_du lg(mu)  ||d||  lg(rg) alpha_du alpha_pr  ls
1220  3.2341459e-01 8.47e-01 9.65e+02 -11.0 6.79e-02    -  1.00e+00 1.00e+00h  1
1221  3.0816660e-01 5.81e-01 4.68e+02 -11.0 7.44e-02    -  1.00e+00 5.00e-01h  2
1222  2.9825472e-01 3.76e+00 4.40e+02 -11.0 6.11e-02    -  1.00e+00 5.00e-01h  2
1223  3.0108619e-01 2.27e+00 3.17e+02 -11.0 3.94e-02    -  1.00e+00 5.00e-01h  2
1224  2.9997677e-01 1.63e+00 1.57e+03 -11.0 6.06e-02    -  1.00e+00 5.00e-01h  2
1225  2.9575412e-01 1.39e+00 1.33e+03 -11.0 4.26e-02    -  1.00e+00 5.00e-01h  2
1226  2.9587505e-01 1.11e+00 1.29e+03 -11.0 3.33e-02    -  1.00e+00 2.50e-01h  3
1227  2.9981429e-01 9.73e-01 1.36e+03 -11.0 3.43e-02    -  1.00e+00 2.50e-01h  3
1228  3.0418745e-01 7.38e-01 1.08e+03 -11.0 3.15e-02    -  1.00e+00 2.50e-01h  3
1229  3.0567272e-01 6.42e-01 9.64e+02 -11.0 4.33e-02    -  1.00e+00 1.25e-01h  4
iter    objective    inf_pr   inf_du lg(mu)  ||d||  lg(rg) alpha_du alpha_pr  ls
1230  3.0673007e-01 4.60e-01 7.51e+02 -11.0 4.68e-02    -  1.00e+00 2.50e-01h  3
1231  3.1314452e-01 2.28e+00 3.02e+02 -11.0 3.55e-02    -  1.00e+00 1.00e+00w  1
1232  2.9014833e-01 3.31e+00 2.21e+02 -11.0 2.78e-02    -  1.00e+00 1.00e+00w  1
1233  2.9038830e-01 5.25e-01 6.65e+01 -11.0 1.65e-02    -  1.00e+00 1.00e+00h  1
1234  2.8756803e-01 9.27e-01 1.55e+02 -11.0 3.59e-02    -  1.00e+00 5.00e-01h  2
1235  2.9251495e-01 1.16e-01 2.43e+02 -11.0 1.25e-02    -  1.00e+00 1.00e+00h  1
1236  2.9495262e-01 3.41e-02 2.41e+02 -11.0 1.09e-02    -  1.00e+00 1.00e+00h  1
1237  2.9374776e-01 8.07e-03 2.01e+01 -11.0 4.26e-03    -  1.00e+00 1.00e+00h  1
1238  2.9176270e-01 2.30e-02 3.37e+01 -11.0 6.15e-03    -  1.00e+00 1.00e+00h  1
1239  2.8912565e-01 2.41e-01 4.23e+01 -11.0 1.27e-02    -  1.00e+00 1.00e+00h  1
iter    objective    inf_pr   inf_du lg(mu)  ||d||  lg(rg) alpha_du alpha_pr  ls
1240  2.8159947e-01 4.45e-01 1.13e+02 -11.0 2.44e-01    -  1.00e+00 1.25e-01h  4
1241  2.7980325e-01 4.05e+00 2.59e+02 -11.0 3.33e-02    -  1.00e+00 1.00e+00h  1
1242  2.7782691e-01 2.90e+00 1.60e+03 -11.0 1.18e-01    -  1.00e+00 2.50e-01h  3
1243  2.7940375e-01 2.70e+00 1.47e+03 -11.0 5.52e-02    -  1.00e+00 6.25e-02h  5
1244  2.7966046e-01 2.66e+00 1.44e+03 -11.0 7.11e-02    -  1.00e+00 1.56e-02h  7
1245  2.7979440e-01 2.64e+00 1.42e+03 -11.0 7.24e-02    -  1.00e+00 7.81e-03h  8
1246  2.7980288e-01 2.64e+00 1.42e+03 -11.0 7.29e-02    -  1.00e+00 4.88e-04h 12
1247  2.7020895e-01 7.72e-01 8.61e+02 -11.0 1.55e-01    -  1.00e+00 5.00e-01h  2
1248  2.6250242e-01 4.70e+00 5.92e+02 -11.0 8.21e-02    -  1.00e+00 1.00e+00h  1
1249  2.7979610e-01 8.66e+00 2.00e+04 -11.0 5.00e-02    -  1.00e+00 1.00e+00h  1
iter    objective    inf_pr   inf_du lg(mu)  ||d||  lg(rg) alpha_du alpha_pr  ls
1250  2.7266899e-01 7.87e+00 8.77e+03 -11.0 8.33e-02    -  1.00e+00 5.00e-01h  2
1251  2.7609035e-01 9.63e-01 2.78e+04 -11.0 7.95e-02    -  1.00e+00 2.50e-01h  3
1252  2.7606322e-01 5.66e-01 5.55e+04 -11.0 6.33e-02    -  1.00e+00 5.00e-01h  2
1253  2.8892391e-01 7.07e-01 3.71e+04 -11.0 2.99e-02    -  1.00e+00 1.00e+00h  1
1254  2.6980993e-01 1.84e+00 2.55e+05 -11.0 1.14e-01    -  1.00e+00 5.00e-01h  2
1255  2.3113920e-01 5.30e+00 9.34e+04 -11.0 1.61e-01    -  1.00e+00 5.00e-01h  2
1256  2.4034156e-01 2.80e+00 3.16e+04 -11.0 9.71e-02    -  1.00e+00 5.00e-01h  2
1257  2.4372328e-01 1.78e+00 1.40e+04 -11.0 4.31e-02    -  1.00e+00 1.00e+00h  1
1258  2.4076919e-01 1.35e+00 9.43e+03 -11.0 6.33e-02    -  1.00e+00 2.50e-01h  3
1259  2.5658277e-01 4.11e-01 2.37e+03 -11.0 3.68e-02    -  1.00e+00 1.00e+00h  1
iter    objective    inf_pr   inf_du lg(mu)  ||d||  lg(rg) alpha_du alpha_pr  ls
1260  2.2118857e-01 4.91e-01 1.96e+03 -11.0 1.32e-01    -  1.00e+00 5.00e-01h  2
1261  2.3120897e-01 8.06e-01 5.74e+03 -11.0 2.58e-02    -  1.00e+00 1.00e+00h  1
1262  2.2278638e-01 2.57e-01 7.44e+02 -11.0 3.19e-02    -  1.00e+00 1.00e+00h  1
1263  2.2398262e-01 2.38e-01 4.31e+02 -11.0 3.34e-02    -  1.00e+00 5.00e-01h  2
1264  2.3499692e-01 1.10e-01 8.42e+03 -11.0 1.78e-02    -  1.00e+00 1.00e+00h  1
1265  2.3610659e-01 7.81e-02 9.36e+03 -11.0 1.28e-02    -  1.00e+00 1.00e+00h  1
1266  2.3325269e-01 4.15e-02 4.50e+02 -11.0 5.49e-03    -  1.00e+00 1.00e+00h  1
1267  2.2979120e-01 9.68e-02 2.10e+02 -11.0 7.34e-03    -  1.00e+00 1.00e+00h  1
1268  2.3256840e-01 6.11e-02 1.09e+03 -11.0 9.19e-03    -  1.00e+00 5.00e-01h  2
1269  2.3255498e-01 6.97e-03 3.28e+02 -11.0 4.87e-03    -  1.00e+00 1.00e+00h  1
iter    objective    inf_pr   inf_du lg(mu)  ||d||  lg(rg) alpha_du alpha_pr  ls
1270  2.1785058e-01 1.47e-01 1.23e+02 -11.0 2.24e-02    -  1.00e+00 1.00e+00h  1
1271  2.0277350e-01 1.29e+01 8.59e+02 -11.0 1.71e-01    -  1.00e+00 1.00e+00h  1
1272  2.0178719e-01 6.96e+00 1.45e+03 -11.0 1.20e-01    -  1.00e+00 1.00e+00h  1
1273  1.9119611e-01 2.09e+00 5.44e+02 -11.0 1.25e-01    -  1.00e+00 5.00e-01h  2
1274  1.8964526e-01 8.85e+00 3.15e+03 -11.0 1.43e-01    -  1.00e+00 1.00e+00h  1
1275  1.8832639e-01 5.85e+00 2.46e+03 -11.0 1.55e-01    -  1.00e+00 5.00e-01h  2
1276  1.8954032e-01 5.14e+00 2.44e+03 -11.0 1.19e-01    -  1.00e+00 1.25e-01h  4
1277  1.9052487e-01 4.82e+00 2.60e+03 -11.0 1.12e-01    -  1.00e+00 6.25e-02h  5
1278  1.9009263e-01 3.65e+00 3.29e+03 -11.0 1.15e-01    -  1.00e+00 2.50e-01h  3
1279  1.9885785e-01 2.31e+00 2.37e+03 -11.0 1.12e-01    -  1.00e+00 5.00e-01h  2
iter    objective    inf_pr   inf_du lg(mu)  ||d||  lg(rg) alpha_du alpha_pr  ls
1280  2.0594713e-01 1.44e+00 1.02e+03 -11.0 5.04e-02    -  1.00e+00 5.00e-01h  2
1281  2.0252858e-01 9.57e-01 4.01e+02 -11.0 5.51e-02    -  1.00e+00 5.00e-01h  2
1282  2.0811374e-01 1.93e+00 1.87e+02 -11.0 2.32e-02    -  1.00e+00 1.00e+00h  1
1283  2.0779459e-01 4.29e+00 1.28e+02 -11.0 2.84e-02    -  1.00e+00 5.00e-01h  2
1284  2.0100950e-01 2.72e+00 1.49e+02 -11.0 3.62e-02    -  1.00e+00 5.00e-01h  2
1285  1.8927793e-01 3.25e+01 5.23e+03 -11.0 1.24e-01    -  1.00e+00 5.00e-01h  2
1286  1.9310151e-01 1.56e+01 2.07e+03 -11.0 3.16e-02    -  1.00e+00 5.00e-01h  2
1287  1.9528368e-01 5.76e+00 3.46e+03 -11.0 4.85e-02    -  1.00e+00 1.00e+00h  1
1288  1.9824821e-01 2.86e+00 2.35e+03 -11.0 4.02e-02    -  1.00e+00 5.00e-01h  2
1289  1.7390692e-01 2.39e+01 1.53e+03 -11.0 1.38e+00    -  1.00e+00 1.25e-01h  4
iter    objective    inf_pr   inf_du lg(mu)  ||d||  lg(rg) alpha_du alpha_pr  ls
1290  1.8133345e-01 1.06e+01 8.81e+02 -11.0 8.22e-02    -  1.00e+00 5.00e-01h  2
1291  1.6833632e-01 8.17e+00 7.06e+02 -11.0 1.66e-01    -  1.00e+00 2.50e-01h  3
1292  1.7052091e-01 2.27e+00 2.48e+02 -11.0 7.86e-02    -  1.00e+00 5.00e-01h  2
1293  1.6805962e-01 1.31e+01 5.52e+02 -11.0 5.66e-02    -  1.00e+00 5.00e-01h  2
1294  1.6804236e-01 1.31e+01 6.36e+02 -11.0 5.32e-02    -  1.00e+00 1.00e+00h  1
1295  1.6331687e-01 1.33e+01 1.86e+03 -11.0 8.15e-02    -  1.00e+00 1.00e+00h  1
1296  1.5257157e-01 1.57e+00 1.53e+02 -11.0 7.57e-02    -  1.00e+00 1.00e+00h  1
1297  1.3109483e-01 3.13e+00 9.68e+01 -11.0 4.51e-02    -  1.00e+00 1.00e+00h  1
1298  1.3450474e-01 9.56e-01 4.57e+02 -11.0 1.94e-02    -  1.00e+00 1.00e+00h  1
1299  1.4343690e-01 1.79e+00 1.00e+03 -11.0 5.34e-02    -  1.00e+00 1.00e+00h  1
iter    objective    inf_pr   inf_du lg(mu)  ||d||  lg(rg) alpha_du alpha_pr  ls
1300  1.4256274e-01 1.36e+00 1.42e+03 -11.0 7.40e-02    -  1.00e+00 2.50e-01h  3
1301  1.4282583e-01 1.06e+00 1.04e+03 -11.0 6.85e-02    -  1.00e+00 2.50e-01h  3
1302  1.4417104e-01 8.79e-01 1.16e+03 -11.0 5.53e-02    -  1.00e+00 2.50e-01h  3
1303  1.5523064e-01 2.29e-01 5.28e+02 -11.0 4.31e-02    -  1.00e+00 1.00e+00H  1
1304  1.5518803e-01 6.70e-02 7.45e+01 -11.0 1.41e-02    -  1.00e+00 1.00e+00h  1
1305  1.4981196e-01 6.88e-02 3.05e+01 -11.0 2.64e-02    -  1.00e+00 5.00e-01h  2
1306  1.4832918e-01 6.34e-02 2.73e+01 -11.0 2.79e-02    -  1.00e+00 2.50e-01h  3
1307  1.4693544e-01 3.49e-01 3.45e+01 -11.0 5.25e-02    -  1.00e+00 2.50e-01h  3
1308  1.4614839e-01 5.09e-01 4.15e+01 -11.0 5.56e-01    -  1.00e+00 1.56e-02h  7
1309  1.4563291e-01 5.76e-01 5.10e+01 -11.0 3.02e+00    -  1.00e+00 1.95e-03h 10
iter    objective    inf_pr   inf_du lg(mu)  ||d||  lg(rg) alpha_du alpha_pr  ls
1310  1.4512356e-01 6.34e-01 7.40e+01 -11.0 2.21e+01    -  1.00e+00 4.88e-04h 12
1311  1.4493219e-01 2.26e+00 1.31e+02 -11.0 1.90e+00    -  1.00e+00 1.56e-02h  7
1312  1.4359563e-01 1.58e+00 1.25e+02 -11.0 3.66e-01    -  1.00e+00 6.25e-02h  5
1313  1.4197230e-01 1.04e+00 1.29e+02 -11.0 1.43e-01    -  1.00e+00 5.00e-01h  2
1314  1.3854846e-01 9.24e-01 9.61e+01 -11.0 7.66e-02    -  1.00e+00 5.00e-01h  2
1315  3.3161098e-01 1.35e+01 5.09e+02 -11.0 2.84e-01    -  1.00e+00 1.00e+00w  1
1316  3.6669781e-01 2.13e+01 1.08e+03 -11.0 2.30e-01    -  1.00e+00 1.00e+00w  1
1317  1.4052477e+00 6.90e+01 2.28e+05 -11.0 3.52e-01    -  1.00e+00 1.00e+00w  1
1318  1.3729941e-01 1.52e+00 1.18e+02 -11.0 4.40e-01    -  1.00e+00 1.25e-01h  3
1319  1.4128100e-01 2.24e-01 3.07e+04 -11.0 3.03e-02    -  1.00e+00 1.00e+00h  1
iter    objective    inf_pr   inf_du lg(mu)  ||d||  lg(rg) alpha_du alpha_pr  ls
1320  1.4321611e-01 3.31e-02 3.46e+03 -11.0 1.60e-02    -  1.00e+00 1.00e+00h  1
1321  1.4179573e-01 1.73e-02 1.24e+02 -11.0 6.91e-03    -  1.00e+00 1.00e+00h  1
1322  1.3756242e-01 5.29e-01 1.50e+02 -11.0 6.47e-02    -  1.00e+00 5.00e-01h  2
1323  1.3549936e-01 3.36e-01 5.42e+01 -11.0 4.06e-02    -  1.00e+00 5.00e-01h  2
1324  1.3262865e-01 3.53e-01 4.21e+02 -11.0 1.73e-02    -  1.00e+00 1.00e+00h  1
1325  1.3269294e-01 1.82e-01 2.06e+02 -11.0 2.09e-02    -  1.00e+00 5.00e-01h  2
1326  1.3356007e-01 5.26e-02 4.56e+01 -11.0 7.65e-03    -  1.00e+00 1.00e+00h  1
1327  1.3462034e-01 4.23e-02 1.71e+02 -11.0 1.41e-02    -  1.00e+00 1.00e+00H  1
1328  1.3368877e-01 1.95e-02 5.16e+01 -11.0 5.85e-03    -  1.00e+00 1.00e+00h  1
1329  1.3319847e-01 2.48e-02 1.42e+01 -11.0 7.26e-03    -  1.00e+00 1.00e+00h  1
iter    objective    inf_pr   inf_du lg(mu)  ||d||  lg(rg) alpha_du alpha_pr  ls
1330  1.3286847e-01 2.33e-02 1.02e+01 -11.0 7.76e-03    -  1.00e+00 1.00e+00h  1
1331  1.3159813e-01 2.28e+00 1.27e+02 -11.0 1.82e-01    -  1.00e+00 2.50e-01h  3
1332  1.3011609e-01 1.53e+01 1.27e+02 -11.0 3.06e-01    -  1.00e+00 1.25e-01h  4
1333  1.3055128e-01 1.25e+01 8.67e+01 -11.0 7.35e-02    -  1.00e+00 2.50e-01h  3
1334  1.2979144e-01 1.07e+01 7.52e+01 -11.0 7.39e-02    -  1.00e+00 2.50e-01h  3
1335  1.2978370e-01 1.00e+01 5.39e+01 -11.0 4.46e-02    -  1.00e+00 2.50e-01h  3
1336  1.3075477e-01 7.88e+00 4.17e+01 -11.0 5.83e-02    -  1.00e+00 2.50e-01h  3
1337  1.3113094e-01 7.40e+00 3.93e+01 -11.0 1.28e-01    -  1.00e+00 6.25e-02h  5
1338  1.4433189e-01 3.12e+00 6.28e+01 -11.0 1.57e-01    -  1.00e+00 1.00e+00h  1
1339  1.6199831e-01 1.42e+00 1.41e+03 -11.0 6.88e-02    -  1.00e+00 1.00e+00h  1
iter    objective    inf_pr   inf_du lg(mu)  ||d||  lg(rg) alpha_du alpha_pr  ls
1340  1.3385379e-01 1.85e+00 8.44e+02 -11.0 2.97e-01    -  1.00e+00 2.50e-01h  3
1341  1.3258439e-01 1.73e+00 1.07e+03 -11.0 1.98e-01    -  1.00e+00 5.00e-01h  2
1342  1.3141660e-01 1.46e+00 2.84e+02 -11.0 1.41e-01    -  1.00e+00 2.50e-01h  3
1343  1.3062482e-01 5.91e+00 1.28e+03 -11.0 2.23e-01    -  1.00e+00 5.00e-01h  2
1344  1.2662630e-01 2.59e+00 3.31e+02 -11.0 5.92e-02    -  1.00e+00 5.00e-01h  2
1345  1.3041604e-01 9.30e-01 1.56e+02 -11.0 2.89e-02    -  1.00e+00 5.00e-01h  2
1346  1.2845989e-01 1.05e+00 1.02e+02 -11.0 1.02e-01    -  1.00e+00 2.50e-01h  3
1347  1.3060787e-01 5.07e-01 9.58e+01 -11.0 3.80e-02    -  1.00e+00 5.00e-01h  2
1348  1.2909395e-01 4.58e-01 1.09e+02 -11.0 8.89e-02    -  1.00e+00 1.25e-01h  4
1349  1.2917230e-01 4.93e-01 8.24e+01 -11.0 2.76e-02    -  1.00e+00 5.00e-01h  2
iter    objective    inf_pr   inf_du lg(mu)  ||d||  lg(rg) alpha_du alpha_pr  ls
1350  1.2871582e-01 1.17e-01 4.74e+01 -11.0 1.40e-02    -  1.00e+00 1.00e+00h  1
1351  1.2728636e-01 3.80e+00 3.85e+01 -11.0 2.09e-02    -  1.00e+00 5.00e-01h  2
1352  1.2769726e-01 1.99e+00 2.67e+01 -11.0 1.46e-02    -  1.00e+00 5.00e-01h  2
1353  1.2796961e-01 1.11e+00 1.93e+01 -11.0 1.32e-02    -  1.00e+00 5.00e-01h  2
1354  1.2770112e-01 2.87e-01 1.44e+01 -11.0 5.67e-03    -  1.00e+00 1.00e+00h  1
1355  1.2770565e-01 1.74e-01 6.17e+01 -11.0 6.23e-03    -  1.00e+00 5.00e-01h  2
1356  1.2757158e-01 1.01e-01 2.44e+01 -11.0 3.45e-03    -  1.00e+00 1.00e+00h  1
1357  1.2749063e-01 2.59e+00 3.24e+03 -11.0 9.34e-03    -  1.00e+00 1.00e+00h  1
1358  1.2753564e-01 1.97e+00 2.62e+03 -11.0 4.77e-03    -  1.00e+00 2.50e-01h  3
1359  1.2747794e-01 4.88e-01 8.50e+02 -11.0 3.32e-03    -  1.00e+00 1.00e+00h  1
iter    objective    inf_pr   inf_du lg(mu)  ||d||  lg(rg) alpha_du alpha_pr  ls
1360  1.2753353e-01 4.30e-01 6.40e+02 -11.0 5.56e-03    -  1.00e+00 1.25e-01h  4
1361  1.2754988e-01 3.79e-01 5.67e+02 -11.0 4.73e-03    -  1.00e+00 1.25e-01h  4
1362  1.2752916e-01 2.94e-01 3.54e+02 -11.0 5.77e-03    -  1.00e+00 2.50e-01h  3
1363  1.2752950e-01 2.29e-01 2.24e+02 -11.0 5.73e-03    -  1.00e+00 2.50e-01h  3
1364  1.2754424e-01 1.44e-01 3.52e+01 -11.0 1.50e-02    -  1.00e+00 5.00e-01h  2
1365  1.2756779e-01 1.40e-01 3.35e+01 -11.0 8.70e-03    -  1.00e+00 3.12e-02h  6
1366  1.2747750e-01 1.13e-01 2.92e+01 -11.0 1.20e-02    -  1.00e+00 2.50e-01h  3
1367  1.2747240e-01 1.01e-01 2.49e+01 -11.0 1.71e-02    -  1.00e+00 1.25e-01h  4
1368  1.2680718e-01 3.40e-01 3.33e+01 -11.0 2.38e-01    -  1.00e+00 6.25e-02h  5
1369  1.2668738e-01 5.51e-01 3.84e+01 -11.0 7.70e-02    -  1.00e+00 1.25e-01h  4
iter    objective    inf_pr   inf_du lg(mu)  ||d||  lg(rg) alpha_du alpha_pr  ls
1370  3.7135454e-01 6.83e+01 7.72e+02 -11.0 1.51e-01    -  1.00e+00 1.00e+00w  1
1371  1.4280470e+00 5.34e+01 4.88e+05 -11.0 4.17e-01    -  1.00e+00 1.00e+00w  1
1372  3.1365740e+00 7.80e+01 1.62e+04 -11.0 8.92e-01    -  1.00e+00 1.00e+00w  1
1373  1.2647436e-01 5.99e-01 4.50e+01 -11.0 4.92e-01    -  1.00e+00 3.12e-02h  5
1374  1.2712201e-01 3.11e-01 4.12e+01 -11.0 1.34e-02    -  1.00e+00 5.00e-01h  2
1375  1.2676473e-01 3.03e-01 5.26e+01 -11.0 4.35e-02    -  1.00e+00 2.50e-01h  3
1376  1.2689071e-01 5.11e-01 2.22e+02 -11.0 4.39e-02    -  1.00e+00 2.50e-01h  3
1377  1.2637940e-01 1.23e+00 8.98e+01 -11.0 4.15e-02    -  1.00e+00 5.00e-01h  2
1378  1.2597351e-01 4.19e-01 4.01e+01 -11.0 4.15e-02    -  1.00e+00 5.00e-01h  2
1379  1.2556102e-01 3.15e-01 3.85e+01 -11.0 6.87e-02    -  1.00e+00 2.50e-01h  3
iter    objective    inf_pr   inf_du lg(mu)  ||d||  lg(rg) alpha_du alpha_pr  ls
1380  1.2600287e-01 7.43e-02 2.04e+01 -11.0 2.77e-02    -  1.00e+00 1.00e+00h  1
1381  1.2574626e-01 6.60e-01 9.44e+01 -11.0 6.03e-02    -  1.00e+00 5.00e-01h  2
1382  1.2407990e-01 4.37e-01 2.25e+02 -11.0 2.55e-02    -  1.00e+00 1.00e+00h  1
1383  1.2596244e-01 1.09e-01 1.92e+01 -11.0 1.36e-02    -  1.00e+00 1.00e+00h  1
1384  1.2388723e-01 5.37e-01 2.41e+01 -11.0 3.86e-02    -  1.00e+00 5.00e-01h  2
1385  1.2376901e-01 2.33e-01 9.39e+00 -11.0 1.92e-02    -  1.00e+00 1.00e+00h  1
1386  1.2330118e-01 1.19e-01 1.02e+01 -11.0 9.46e-03    -  1.00e+00 1.00e+00h  1
1387  1.2298100e-01 3.33e-01 1.23e+01 -11.0 8.69e-03    -  1.00e+00 1.00e+00h  1
1388  1.2244176e-01 1.27e-01 5.55e+00 -11.0 1.57e-02    -  1.00e+00 1.00e+00h  1
1389  1.2188509e-01 1.90e-01 5.89e+00 -11.0 1.10e-01    -  1.00e+00 2.50e-01h  3
iter    objective    inf_pr   inf_du lg(mu)  ||d||  lg(rg) alpha_du alpha_pr  ls
1390  1.2123976e-01 1.36e+00 1.71e+01 -11.0 1.22e-01    -  1.00e+00 2.50e-01h  3
1391  1.2052747e-01 1.80e+00 2.33e+01 -11.0 5.33e-02    -  1.00e+00 1.00e+00h  1
1392  1.1906591e-01 1.11e+00 1.50e+01 -11.0 4.58e-02    -  1.00e+00 5.00e-01h  2
1393  1.1776766e-01 1.54e+00 1.54e+02 -11.0 3.74e-02    -  1.00e+00 5.00e-01h  2
1394  1.1767802e-01 5.81e+00 1.20e+02 -11.0 1.55e-01    -  1.00e+00 2.50e-01h  3
1395  1.1662516e-01 3.59e+00 1.68e+02 -11.0 3.70e-02    -  1.00e+00 5.00e-01h  2
1396  1.1605698e-01 3.11e+00 1.48e+02 -11.0 1.56e-01    -  1.00e+00 2.50e-01h  3
1397  1.1563621e-01 2.89e+00 1.52e+02 -11.0 3.57e-01    -  1.00e+00 1.25e-01h  4
1398  1.1531912e-01 6.19e+00 7.08e+01 -11.0 3.49e-02    -  1.00e+00 1.00e+00h  1
1399  1.1482785e-01 1.09e+00 1.14e+02 -11.0 5.65e-02    -  1.00e+00 1.00e+00h  1
iter    objective    inf_pr   inf_du lg(mu)  ||d||  lg(rg) alpha_du alpha_pr  ls
1400  1.2145809e-01 1.01e+00 1.64e+02 -11.0 3.89e-02    -  1.00e+00 5.00e-01h  2
1401  1.1936479e-01 9.12e-01 1.47e+02 -11.0 3.25e-02    -  1.00e+00 2.50e-01h  3
1402  1.1730973e-01 9.76e-01 1.50e+02 -11.0 1.18e-01    -  1.00e+00 6.25e-02h  5
1403  1.1634056e-01 1.04e+00 1.55e+02 -11.0 6.60e+00    -  1.00e+00 4.88e-04h 12
1404  1.1477422e-01 1.86e+00 2.14e+02 -11.0 2.58e+00    -  1.00e+00 3.91e-03h  9
1405  1.1314866e-01 2.25e+00 2.36e+02 -11.0 1.91e-01    -  1.00e+00 1.25e-01h  4
1406  1.1511893e-01 1.27e+00 1.85e+02 -11.0 5.80e-02    -  1.00e+00 5.00e-01h  2
1407  1.1463184e-01 8.16e-01 1.44e+02 -11.0 1.75e-02    -  1.00e+00 1.00e+00h  1
1408  1.1303744e-01 2.89e-01 6.63e+01 -11.0 9.47e-03    -  1.00e+00 1.00e+00h  1
1409  1.1580586e-01 1.35e-01 3.73e+01 -11.0 1.19e-02    -  1.00e+00 1.00e+00h  1
iter    objective    inf_pr   inf_du lg(mu)  ||d||  lg(rg) alpha_du alpha_pr  ls
1410  1.1461977e-01 1.28e+00 1.66e+02 -11.0 6.16e-03    -  1.00e+00 1.00e+00h  1
1411  1.1491933e-01 4.85e-01 3.94e+01 -11.0 4.15e-03    -  1.00e+00 1.00e+00h  1
1412  1.1389690e-01 1.64e-01 2.16e+01 -11.0 3.59e-03    -  1.00e+00 1.00e+00h  1
1413  1.1268443e-01 5.34e-01 1.25e+03 -11.0 8.02e-03    -  1.00e+00 1.00e+00h  1
1414  1.1259828e-01 1.52e-01 3.18e+02 -11.0 2.07e-03    -  1.00e+00 1.00e+00h  1
1415  1.1234950e-01 5.75e-02 7.10e+01 -11.0 2.06e-03    -  1.00e+00 1.00e+00h  1
1416  1.1205061e-01 1.71e-02 1.25e+02 -11.0 4.27e-03    -  1.00e+00 1.00e+00h  1
1417  1.1180469e-01 1.51e-03 1.30e+01 -11.0 2.57e-03    -  1.00e+00 1.00e+00h  1
1418  1.0864362e-01 3.40e-01 3.15e+01 -11.0 3.94e-02    -  1.00e+00 1.00e+00h  1
1419  1.0795342e-01 1.98e-01 3.49e+01 -11.0 2.48e-02    -  1.00e+00 1.00e+00h  1
iter    objective    inf_pr   inf_du lg(mu)  ||d||  lg(rg) alpha_du alpha_pr  ls
1420  1.0538254e-01 4.49e-01 5.85e+01 -11.0 2.43e-02    -  1.00e+00 1.00e+00h  1
1421  1.0475102e-01 2.88e+00 4.53e+01 -11.0 3.84e-02    -  1.00e+00 2.50e-01h  3
1422  1.0698622e-01 7.03e-01 6.39e+01 -11.0 2.94e-02    -  1.00e+00 5.00e-01h  2
1423  1.0595439e-01 2.06e-01 4.70e+01 -11.0 1.90e-02    -  1.00e+00 1.00e+00h  1
1424  1.0579432e-01 2.20e-01 1.30e+01 -11.0 6.79e-03    -  1.00e+00 1.00e+00h  1
1425  1.0526400e-01 9.39e-02 3.80e+00 -11.0 9.48e-03    -  1.00e+00 1.00e+00h  1
1426  1.0458211e-01 7.41e+00 3.63e+01 -11.0 7.14e-02    -  1.00e+00 5.00e-01h  2
1427  1.0218289e-01 5.40e-01 8.95e+01 -11.0 2.05e-02    -  1.00e+00 1.00e+00h  1
1428  1.0363211e-01 1.97e-01 2.08e+01 -11.0 2.36e-02    -  1.00e+00 1.00e+00h  1
1429  1.0314192e-01 1.15e-01 1.53e+01 -11.0 2.34e-02    -  1.00e+00 5.00e-01h  2
iter    objective    inf_pr   inf_du lg(mu)  ||d||  lg(rg) alpha_du alpha_pr  ls
1430  1.0274582e-01 3.65e-01 1.45e+01 -11.0 4.51e-02    -  1.00e+00 1.00e+00h  1
1431  1.0184824e-01 9.38e-01 2.23e+01 -11.0 3.53e-01    -  1.00e+00 6.25e-02h  5
1432  1.0110924e-01 9.59e-01 3.37e+01 -11.0 9.50e-02    -  1.00e+00 2.50e-01h  3
1433  1.0042234e-01 8.96e-01 2.05e+02 -11.0 1.20e-01    -  1.00e+00 2.50e-01h  3
1434  9.9013868e-02 1.01e+00 1.84e+02 -11.0 2.32e-01    -  1.00e+00 6.25e-02h  5
1435  1.0066929e-01 6.38e-01 1.91e+02 -11.0 2.92e-02    -  1.00e+00 1.00e+00h  1
1436  1.0039121e-01 1.35e+00 1.37e+02 -11.0 1.76e-02    -  1.00e+00 1.00e+00h  1
1437  9.9201409e-02 1.71e+00 4.13e+01 -11.0 2.18e-02    -  1.00e+00 1.00e+00h  1
1438  9.8132941e-02 2.01e+00 5.36e+01 -11.0 7.02e-02    -  1.00e+00 2.50e-01h  3
1439  1.0130227e-01 5.14e-01 3.35e+02 -11.0 2.80e-02    -  1.00e+00 1.00e+00h  1
iter    objective    inf_pr   inf_du lg(mu)  ||d||  lg(rg) alpha_du alpha_pr  ls
1440  9.8724811e-02 8.18e-01 5.51e+01 -11.0 5.76e-02    -  1.00e+00 5.00e-01h  2
1441  9.7026402e-02 9.37e-01 4.09e+01 -11.0 7.63e-02    -  1.00e+00 2.50e-01h  3
1442  9.8285849e-02 2.07e+00 1.77e+01 -11.0 1.53e-02    -  1.00e+00 1.00e+00h  1
1443  9.7136074e-02 5.53e-01 1.11e+01 -11.0 1.25e-02    -  1.00e+00 1.00e+00h  1
1444  9.6925698e-02 1.19e-01 5.88e+00 -11.0 6.24e-03    -  1.00e+00 1.00e+00h  1
1445  9.6651673e-02 4.05e-02 7.11e+00 -11.0 6.41e-03    -  1.00e+00 1.00e+00h  1
1446  9.6431689e-02 6.70e-03 2.31e+00 -11.0 6.40e-03    -  1.00e+00 1.00e+00h  1
1447  9.5982497e-02 2.39e-01 7.32e+00 -11.0 2.75e-02    -  1.00e+00 1.00e+00h  1
1448  9.5622522e-02 9.60e-01 2.13e+01 -11.0 7.38e-02    -  1.00e+00 5.00e-01h  2
1449  9.5200771e-02 7.42e-01 1.83e+01 -11.0 4.76e-02    -  1.00e+00 2.50e-01h  3
iter    objective    inf_pr   inf_du lg(mu)  ||d||  lg(rg) alpha_du alpha_pr  ls
1450  9.4718943e-02 5.68e-01 1.26e+01 -11.0 4.42e-02    -  1.00e+00 2.50e-01h  3
1451  9.4394870e-02 2.22e-01 6.31e+00 -11.0 2.31e-02    -  1.00e+00 1.00e+00h  1
1452  9.4128661e-02 1.01e-01 8.57e+00 -11.0 2.02e-02    -  1.00e+00 1.00e+00h  1
1453  9.5477923e-02 3.68e-02 4.21e+00 -11.0 2.89e-02    -  1.00e+00 1.00e+00H  1
1454  9.3479126e-02 7.09e-01 1.46e+01 -11.0 2.30e-02    -  1.00e+00 1.00e+00h  1
1455  9.2920374e-02 4.91e-01 5.92e+00 -11.0 1.39e-02    -  1.00e+00 5.00e-01h  2
1456  9.2762744e-02 6.25e-02 8.66e+00 -11.0 6.66e-03    -  1.00e+00 1.00e+00h  1
1457  9.2669144e-02 6.49e-02 2.88e+00 -11.0 1.08e-02    -  1.00e+00 1.00e+00h  1
1458  9.2446939e-02 2.97e-01 1.06e+01 -11.0 5.27e-02    -  1.00e+00 5.00e-01h  2
1459  9.2007576e-02 1.12e+00 3.12e+01 -11.0 2.10e-01    -  1.00e+00 2.50e-01h  3
iter    objective    inf_pr   inf_du lg(mu)  ||d||  lg(rg) alpha_du alpha_pr  ls
1460  9.1444657e-02 9.70e-01 2.73e+01 -11.0 2.12e-01    -  1.00e+00 2.50e-01h  3
1461  9.0772319e-02 2.52e+00 6.93e+01 -11.0 6.34e-01    -  1.00e+00 1.25e-01h  4
1462  8.9807144e-02 3.29e+00 1.50e+02 -11.0 4.64e-01    -  1.00e+00 2.50e-01h  3
1463  8.8902230e-02 2.63e+00 8.96e+01 -11.0 1.28e-01    -  1.00e+00 2.50e-01h  3
1464  8.9146758e-02 2.82e+00 5.64e+01 -11.0 1.12e-01    -  1.00e+00 2.50e-01h  3
1465  8.9564128e-02 2.24e+00 4.25e+01 -11.0 1.06e-01    -  1.00e+00 2.50e-01h  3
1466  9.0423754e-02 1.38e+00 1.84e+01 -11.0 5.68e-02    -  1.00e+00 5.00e-01h  2
1467  9.0018864e-02 1.44e+00 1.91e+01 -11.0 3.39e-01    -  1.00e+00 6.25e-02h  5
1468  1.7634443e-01 4.50e+01 7.48e+03 -11.0 1.84e-01    -  1.00e+00 1.00e+00w  1
1469  8.2136689e+00 1.79e+02 1.44e+04 -11.0 8.56e-01    -  1.00e+00 1.00e+00w  1
iter    objective    inf_pr   inf_du lg(mu)  ||d||  lg(rg) alpha_du alpha_pr  ls
1470  1.2717168e+02 3.42e+03 1.10e+05 -11.0 3.39e+00    -  1.00e+00 1.00e+00w  1
1471  8.9249116e-02 2.00e+00 2.70e+01 -11.0 2.38e+02    -  1.00e+00 6.25e-02h  4
1472  8.9947020e-02 8.27e-01 1.34e+03 -11.0 4.92e-02    -  1.00e+00 5.00e-01h  2
1473  9.1906849e-02 4.31e-01 1.54e+03 -11.0 1.71e-02    -  1.00e+00 5.00e-01h  2
1474  9.2380075e-02 3.77e-01 1.30e+03 -11.0 1.22e-02    -  1.00e+00 1.25e-01h  4
1475  9.5849636e-02 1.54e-01 2.11e+02 -11.0 1.17e-02    -  1.00e+00 1.00e+00h  1
1476  9.3930941e-02 2.03e-01 5.39e+01 -11.0 4.52e-03    -  1.00e+00 1.00e+00h  1
1477  9.2293417e-02 4.91e-01 5.22e+01 -11.0 7.43e-02    -  1.00e+00 2.50e-01h  3
1478  9.1575949e-02 3.52e-01 4.11e+01 -11.0 2.81e-02    -  1.00e+00 5.00e-01h  2
1479  9.1055251e-02 1.67e+00 1.01e+02 -11.0 3.71e-02    -  1.00e+00 5.00e-01h  2
iter    objective    inf_pr   inf_du lg(mu)  ||d||  lg(rg) alpha_du alpha_pr  ls
1480  8.9895561e-02 5.00e+00 1.18e+02 -11.0 2.33e-02    -  1.00e+00 1.00e+00h  1
1481  8.9653032e-02 6.61e-01 7.33e+01 -11.0 1.76e-02    -  1.00e+00 1.00e+00h  1
1482  9.0142080e-02 4.61e+00 6.51e+03 -11.0 1.18e-02    -  1.00e+00 1.00e+00h  1
1483  9.3126252e-02 1.41e+00 1.12e+02 -11.0 1.49e-02    -  1.00e+00 1.00e+00h  1
1484  9.1430831e-02 8.37e-01 4.96e+02 -11.0 2.63e-02    -  1.00e+00 5.00e-01h  2
1485  9.1043087e-02 5.48e-01 1.34e+02 -11.0 9.71e-03    -  1.00e+00 1.00e+00h  1
1486  9.0291531e-02 1.91e-01 3.80e+02 -11.0 2.02e-02    -  1.00e+00 5.00e-01h  2
1487  8.9906320e-02 1.09e-01 7.60e+00 -11.0 1.50e-02    -  1.00e+00 1.00e+00h  1
1488  8.9449351e-02 4.14e-02 1.94e+01 -11.0 8.20e-03    -  1.00e+00 1.00e+00h  1
1489  8.9120920e-02 4.25e-02 4.47e+00 -11.0 7.37e-03    -  1.00e+00 1.00e+00h  1
iter    objective    inf_pr   inf_du lg(mu)  ||d||  lg(rg) alpha_du alpha_pr  ls
1490  8.8517634e-02 8.51e-01 6.72e+01 -11.0 3.18e-02    -  1.00e+00 1.00e+00h  1
1491  8.7588348e-02 6.79e+00 2.94e+02 -11.0 1.71e-02    -  1.00e+00 1.00e+00h  1
1492  8.7556301e-02 6.38e+00 2.81e+02 -11.0 8.47e-02    -  1.00e+00 6.25e-02h  5
1493  8.7598827e-02 5.98e+00 1.84e+02 -11.0 5.59e-02    -  1.00e+00 6.25e-02h  5
1494  8.7875636e-02 5.62e+00 1.72e+02 -11.0 5.47e-02    -  1.00e+00 6.25e-02h  5
1495  8.8212288e-02 5.25e+00 9.04e+01 -11.0 4.71e-02    -  1.00e+00 6.25e-02h  5
1496  8.8941018e-02 4.53e+00 1.95e+01 -11.0 5.17e-02    -  1.00e+00 1.25e-01h  4
1497  8.9031125e-02 4.46e+00 1.74e+01 -11.0 3.72e-02    -  1.00e+00 1.56e-02h  7
1498  8.9074193e-02 4.09e+00 2.27e+01 -11.0 4.07e-02    -  1.00e+00 6.25e-02h  5
1499  8.9106615e-02 4.03e+00 2.36e+01 -11.0 2.87e-02    -  1.00e+00 1.56e-02h  7
iter    objective    inf_pr   inf_du lg(mu)  ||d||  lg(rg) alpha_du alpha_pr  ls
1500  8.8316260e-02 6.15e+00 4.35e+01 -11.0 1.26e+00    -  1.00e+00 3.12e-02h  6
1501  8.7526508e-02 5.96e+00 2.70e+02 -11.0 1.26e-01    -  1.00e+00 1.25e-01h  4
1502  8.8846653e-02 1.23e+00 9.75e+01 -11.0 2.09e-02    -  1.00e+00 1.00e+00h  1
1503  8.8813693e-02 1.05e+00 8.36e+01 -11.0 2.98e-02    -  1.00e+00 1.25e-01h  4
1504  8.8801403e-02 7.40e-01 5.56e+01 -11.0 3.68e-02    -  1.00e+00 2.50e-01h  3
1505  9.0068000e-02 3.06e-01 4.59e+01 -11.0 2.02e-02    -  1.00e+00 5.00e-01h  2
1506  8.9989502e-02 2.75e-01 4.69e+01 -11.0 2.36e-02    -  1.00e+00 2.50e-01h  3
1507  8.9436893e-02 5.44e-01 7.10e+01 -11.0 7.85e-01    -  1.00e+00 7.81e-03h  8
1508  8.9169834e-02 6.06e-01 7.99e+01 -11.0 2.49e-01    -  1.00e+00 1.56e-02h  7
1509  8.9118341e-02 3.12e-01 4.81e+01 -11.0 2.36e-02    -  1.00e+00 5.00e-01h  2
iter    objective    inf_pr   inf_du lg(mu)  ||d||  lg(rg) alpha_du alpha_pr  ls
1510  8.8920200e-02 3.26e-01 3.98e+01 -11.0 1.12e-01    -  1.00e+00 6.25e-02h  5
1511  8.8711572e-02 3.65e+00 9.68e+01 -11.0 4.20e-02    -  1.00e+00 5.00e-01h  2
1512  8.8723909e-02 3.15e+00 6.29e+01 -11.0 2.22e-02    -  1.00e+00 1.25e-01h  4
1513  9.8648536e-02 4.23e+00 1.95e+02 -11.0 9.20e-02    -  1.00e+00 1.00e+00w  1
1514  1.9646771e-01 1.98e+01 5.62e+03 -11.0 1.54e-01    -  1.00e+00 1.00e+00w  1
1515  1.3501351e+00 1.05e+02 1.41e+05 -11.0 2.39e-01    -  1.00e+00 1.00e+00w  1
1516  8.7981122e-02 4.48e-01 8.84e+01 -11.0 5.10e-01    -  1.00e+00 2.50e-01h  2
1517  8.7073842e-02 6.23e-01 5.25e+01 -11.0 1.41e-02    -  1.00e+00 1.00e+00h  1
1518  8.6221745e-02 1.02e+00 3.86e+01 -11.0 1.52e-02    -  1.00e+00 1.00e+00h  1
1519  8.5797671e-02 1.48e-01 8.56e+00 -11.0 7.71e-03    -  1.00e+00 1.00e+00h  1
iter    objective    inf_pr   inf_du lg(mu)  ||d||  lg(rg) alpha_du alpha_pr  ls
1520  8.5309936e-02 6.21e-01 3.28e+01 -11.0 1.12e-02    -  1.00e+00 1.00e+00h  1
1521  8.5252994e-02 5.96e-01 4.39e+01 -11.0 1.02e-02    -  1.00e+00 1.00e+00h  1
1522  8.4666877e-02 4.43e+00 1.02e+02 -11.0 4.14e-02    -  1.00e+00 1.00e+00h  1
1523  8.4848328e-02 4.11e+00 9.53e+01 -11.0 7.22e-02    -  1.00e+00 6.25e-02h  5
1524  8.5039181e-02 3.99e+00 9.15e+01 -11.0 6.05e-02    -  1.00e+00 3.12e-02h  6
1525  8.5146819e-02 3.93e+00 8.97e+01 -11.0 7.73e-02    -  1.00e+00 1.56e-02h  7
1526  8.5246180e-02 3.82e+00 8.52e+01 -11.0 8.23e-02    -  1.00e+00 3.12e-02h  6
1527  8.5190545e-02 3.67e+00 7.63e+01 -11.0 1.15e-01    -  1.00e+00 6.25e-02h  5
1528  8.8497608e-02 3.99e+00 1.63e+02 -11.0 7.11e-02    -  1.00e+00 2.50e-01h  3
1529  1.0391475e-01 2.16e+00 2.87e+02 -11.0 4.78e-02    -  1.00e+00 1.00e+00h  1
iter    objective    inf_pr   inf_du lg(mu)  ||d||  lg(rg) alpha_du alpha_pr  ls
1530  1.0398982e-01 6.07e+00 1.69e+03 -11.0 5.06e-02    -  1.00e+00 1.00e+00h  1
1531  1.1106641e-01 5.50e-01 6.45e+02 -11.0 1.65e-01    -  1.00e+00 2.50e-01h  3
1532  1.1827687e-01 2.19e-01 7.83e+02 -11.0 6.79e-02    -  1.00e+00 5.00e-01h  2
1533  1.1430647e-01 2.44e-01 3.84e+02 -11.0 7.46e-02    -  1.00e+00 2.50e-01h  3
1534  1.1035732e-01 3.13e-01 4.12e+02 -11.0 2.32e-01    -  1.00e+00 6.25e-02h  5
1535  1.0910595e-01 5.06e-01 3.85e+02 -11.0 1.58e-01    -  1.00e+00 6.25e-02h  5
1536  1.0859896e-01 4.50e-01 2.59e+02 -11.0 8.16e-02    -  1.00e+00 1.25e-01h  4
1537  1.0859480e-01 2.62e-01 2.20e+02 -11.0 6.52e-02    -  1.00e+00 1.25e-01h  4
1538  1.0179910e-01 7.45e+00 9.05e+02 -11.0 4.89e-02    -  1.00e+00 5.00e-01h  2
1539  1.0365518e-01 2.42e+00 6.12e+02 -11.0 5.73e-02    -  1.00e+00 5.00e-01h  2
iter    objective    inf_pr   inf_du lg(mu)  ||d||  lg(rg) alpha_du alpha_pr  ls
1540  1.0660232e-01 1.10e+00 2.15e+02 -11.0 3.34e-02    -  1.00e+00 5.00e-01h  2
1541  1.0891123e-01 3.20e+00 1.14e+02 -11.0 4.84e-02    -  1.00e+00 1.00e+00w  1
1542  1.0758952e-01 5.20e+00 1.25e+02 -11.0 3.80e-02    -  1.00e+00 1.00e+00h  1
1543  1.0688639e-01 2.49e+00 1.34e+03 -11.0 4.27e-02    -  1.00e+00 5.00e-01h  2
1544  1.0145330e-01 4.89e-01 1.08e+02 -11.0 4.89e-02    -  1.00e+00 1.00e+00h  1
1545  1.0152576e-01 2.73e-01 4.97e+01 -11.0 1.35e-02    -  1.00e+00 5.00e-01h  2
1546  1.0128081e-01 2.33e-01 3.17e+01 -11.0 1.26e-02    -  1.00e+00 1.00e+00h  1
1547  1.0070608e-01 2.69e-01 3.40e+01 -11.0 4.89e-03    -  1.00e+00 1.00e+00h  1
1548  1.0025358e-01 4.81e-01 2.69e+01 -11.0 1.05e-02    -  1.00e+00 1.00e+00h  1
1549  9.9963983e-02 1.07e-01 8.60e+01 -11.0 8.63e-03    -  1.00e+00 1.00e+00h  1
iter    objective    inf_pr   inf_du lg(mu)  ||d||  lg(rg) alpha_du alpha_pr  ls
1550  9.9190173e-02 8.77e-02 6.39e+01 -11.0 6.38e-03    -  1.00e+00 1.00e+00h  1
1551  9.8611748e-02 3.94e-01 6.87e+01 -11.0 8.96e-02    -  1.00e+00 1.25e-01h  4
1552  9.8352544e-02 6.07e-01 1.29e+01 -11.0 9.89e-03    -  1.00e+00 1.00e+00h  1
1553  9.7851023e-02 6.96e-02 1.61e+01 -11.0 9.49e-03    -  1.00e+00 1.00e+00h  1
1554  9.7516717e-02 4.22e-01 1.08e+01 -11.0 2.95e-02    -  1.00e+00 1.00e+00h  1
1555  9.6947786e-02 2.08e+00 1.42e+01 -11.0 1.44e-01    -  1.00e+00 2.50e-01h  3
1556  9.6103631e-02 1.89e+00 1.70e+01 -11.0 4.04e-01    -  1.00e+00 1.25e-01h  4
1557  9.5697470e-02 1.86e+00 2.05e+01 -11.0 4.19e-01    -  1.00e+00 6.25e-02h  5
1558  9.4750614e-02 3.25e+00 5.12e+01 -11.0 1.01e-01    -  1.00e+00 2.50e-01h  3
1559  9.3974891e-02 4.68e+00 4.75e+01 -11.0 3.83e-01    -  1.00e+00 1.25e-01h  4
iter    objective    inf_pr   inf_du lg(mu)  ||d||  lg(rg) alpha_du alpha_pr  ls
1560  9.2789151e-02 5.28e+00 8.02e+01 -11.0 3.18e-01    -  1.00e+00 1.25e-01h  4
1561  9.1761337e-02 4.13e+00 3.71e+01 -11.0 2.02e+00    -  1.00e+00 1.56e-02h  7
1562  9.1248774e-02 3.23e+00 6.71e+01 -11.0 3.42e-01    -  1.00e+00 6.25e-02h  5
1563  9.0647811e-02 3.47e+00 3.01e+01 -11.0 6.08e-01    -  1.00e+00 1.25e-01h  4
1564  8.9566876e-02 2.66e+00 5.87e+01 -11.0 8.13e-02    -  1.00e+00 2.50e-01h  3
1565  1.3827336e-01 1.01e+02 3.46e+03 -11.0 1.92e-01    -  1.00e+00 1.00e+00w  1
1566  8.9900175e-01 6.18e+01 9.20e+03 -11.0 2.66e-01    -  1.00e+00 1.00e+00w  1
1567  2.1262373e+00 1.76e+02 2.99e+05 -11.0 6.26e-01    -  1.00e+00 1.00e+00w  1
1568  8.9511632e-02 2.61e+00 8.69e+01 -11.0 8.40e-01    -  1.00e+00 1.25e-01h  3
1569  9.4544404e-02 1.07e+00 4.74e+03 -11.0 5.06e-02    -  1.00e+00 5.00e-01h  2
iter    objective    inf_pr   inf_du lg(mu)  ||d||  lg(rg) alpha_du alpha_pr  ls
1570  9.5547764e-02 6.35e-01 1.33e+04 -11.0 5.48e-02    -  1.00e+00 5.00e-01h  2
1571  9.5341348e-02 9.46e-01 5.18e+01 -11.0 3.74e-02    -  1.00e+00 1.00e+00h  1
1572  9.1528350e-02 8.96e-01 6.84e+01 -11.0 2.61e-02    -  1.00e+00 1.00e+00h  1
1573  9.0939495e-02 8.43e-01 1.54e+01 -11.0 1.68e-02    -  1.00e+00 1.00e+00h  1
1574  9.0752894e-02 7.59e-01 7.54e+01 -11.0 1.76e-02    -  1.00e+00 1.00e+00h  1
1575  9.6438832e-02 2.97e-01 4.26e+01 -11.0 7.04e-03    -  1.00e+00 1.00e+00H  1
1576  9.2012230e-02 1.37e-01 1.47e+01 -11.0 1.88e-02    -  1.00e+00 1.00e+00h  1
1577  9.1511746e-02 3.33e-01 1.07e+01 -11.0 1.28e-02    -  1.00e+00 1.00e+00h  1
1578  9.0968156e-02 4.51e-01 6.89e+00 -11.0 1.92e-02    -  1.00e+00 5.00e-01h  2
1579  9.0191172e-02 8.78e-01 3.51e+01 -11.0 2.22e-02    -  1.00e+00 1.00e+00h  1
iter    objective    inf_pr   inf_du lg(mu)  ||d||  lg(rg) alpha_du alpha_pr  ls
1580  9.0142897e-02 3.20e-01 1.19e+01 -11.0 4.12e-02    -  1.00e+00 2.50e-01h  3
1581  9.0115029e-02 1.76e-01 5.88e+00 -11.0 7.41e-03    -  1.00e+00 1.00e+00h  1
1582  8.9924126e-02 4.25e-01 1.22e+01 -11.0 1.07e-02    -  1.00e+00 1.00e+00h  1
1583  8.9640930e-02 1.89e+00 3.22e+01 -11.0 1.82e-02    -  1.00e+00 1.00e+00H  1
1584  8.9536640e-02 1.84e+00 4.80e+01 -11.0 1.69e-01    -  1.00e+00 6.25e-02h  5
1585  8.9270030e-02 1.02e+00 3.60e+01 -11.0 3.50e-02    -  1.00e+00 5.00e-01h  2
1586  8.9039834e-02 2.24e+00 3.49e+01 -11.0 2.79e-01    -  1.00e+00 6.25e-02h  5
1587  8.8630433e-02 2.71e+00 3.36e+01 -11.0 1.77e-01    -  1.00e+00 6.25e-02h  5
1588  8.8196922e-02 2.60e+00 3.03e+01 -11.0 8.77e-02    -  1.00e+00 1.25e-01h  4
1589  9.0059948e-02 1.09e+00 3.73e+01 -11.0 2.00e-02    -  1.00e+00 1.00e+00h  1
iter    objective    inf_pr   inf_du lg(mu)  ||d||  lg(rg) alpha_du alpha_pr  ls
1590  8.8750339e-02 7.80e-01 3.65e+01 -11.0 1.85e-02    -  1.00e+00 1.00e+00h  1
1591  8.8270453e-02 1.03e-01 9.34e+00 -11.0 9.03e-03    -  1.00e+00 1.00e+00h  1
1592  8.8074007e-02 3.63e-02 2.12e+00 -11.0 3.30e-03    -  1.00e+00 1.00e+00h  1
1593  8.7808711e-02 7.20e-02 3.45e+00 -11.0 6.76e-03    -  1.00e+00 1.00e+00h  1
1594  8.8298537e-02 2.79e-02 7.36e+00 -11.0 3.71e-02    -  1.00e+00 1.00e+00H  1
1595  8.7808458e-02 5.10e-01 1.26e+01 -11.0 2.03e-02    -  1.00e+00 1.00e+00h  1
1596  8.7214162e-02 3.52e-01 2.68e+02 -11.0 2.06e-02    -  1.00e+00 1.00e+00h  1
1597  8.7117975e-02 5.43e-01 7.20e+01 -11.0 7.39e-02    -  1.00e+00 5.00e-01h  2
1598  8.6922738e-02 2.37e-01 1.58e+01 -11.0 4.83e-02    -  1.00e+00 5.00e-01h  2
1599  8.7106551e-02 1.83e-01 1.08e+01 -11.0 1.00e-02    -  1.00e+00 2.50e-01h  3
iter    objective    inf_pr   inf_du lg(mu)  ||d||  lg(rg) alpha_du alpha_pr  ls
1600  8.6897980e-02 3.82e-01 3.47e+01 -11.0 4.92e-02    -  1.00e+00 2.50e-01h  3
1601  8.6830753e-02 3.41e-01 2.38e+01 -11.0 3.99e-02    -  1.00e+00 2.50e-01h  3
1602  8.5720421e-02 3.89e-01 2.21e+02 -11.0 3.94e-02    -  1.00e+00 5.00e-01h  2
1603  8.5478152e-02 4.66e-01 1.61e+02 -11.0 6.22e-02    -  1.00e+00 2.50e-01h  3
1604  8.4624173e-02 7.47e-01 1.21e+02 -11.0 6.22e-01    -  1.00e+00 3.12e-02h  6
1605  8.4491683e-02 4.56e-01 9.16e+01 -11.0 5.07e-02    -  1.00e+00 1.25e-01h  4
1606  8.4585774e-02 8.89e-01 6.14e+01 -11.0 2.98e-02    -  1.00e+00 2.50e-01h  3
1607  8.9445390e-02 1.78e+00 3.90e+01 -11.0 3.37e-02    -  1.00e+00 1.00e+00w  1
1608  1.0369499e-01 5.71e+01 3.05e+03 -11.0 9.87e-02    -  1.00e+00 1.00e+00w  1
1609  2.1161466e-01 1.85e+01 1.20e+04 -11.0 1.44e-01    -  1.00e+00 1.00e+00w  1
iter    objective    inf_pr   inf_du lg(mu)  ||d||  lg(rg) alpha_du alpha_pr  ls
1610  8.4515688e-02 7.51e-01 4.30e+01 -11.0 1.92e-01    -  1.00e+00 2.50e-01h  2
1611  8.4458966e-02 8.98e-01 2.56e+01 -11.0 2.45e-02    -  1.00e+00 2.50e-01h  3
1612  8.4827454e-02 3.14e-01 5.45e+00 -11.0 1.18e-02    -  1.00e+00 5.00e-01h  2
1613  8.4835918e-02 3.09e-01 4.47e+00 -11.0 2.46e-02    -  1.00e+00 6.25e-02h  5
1614  8.4699427e-02 3.09e-01 8.97e+00 -11.0 6.13e-02    -  1.00e+00 2.50e-01h  3
1615  8.4243729e-02 7.93e-01 2.29e+01 -11.0 1.33e-01    -  1.00e+00 2.50e-01h  3
1616  8.4180470e-02 6.61e-01 2.75e+01 -11.0 5.69e-02    -  1.00e+00 2.50e-01h  3
1617  8.4099317e-02 3.45e-01 3.34e+00 -11.0 1.93e-02    -  1.00e+00 5.00e-01h  2
1618  8.4041294e-02 2.88e-01 6.56e+00 -11.0 2.50e-02    -  1.00e+00 2.50e-01h  3
1619  8.3930813e-02 3.61e-01 5.29e+00 -11.0 2.90e-02    -  1.00e+00 2.50e-01h  3
iter    objective    inf_pr   inf_du lg(mu)  ||d||  lg(rg) alpha_du alpha_pr  ls
1620  8.7103527e-02 1.74e+01 4.16e+02 -11.0 6.17e-02    -  1.00e+00 1.00e+00w  1
1621  7.3512581e-01 8.82e+01 2.06e+03 -11.0 3.97e-01    -  1.00e+00 1.00e+00w  1
1622  2.1215443e+00 2.77e+02 2.26e+06 -11.0 4.79e-01    -  1.00e+00 1.00e+00w  1
1623  8.3797848e-02 1.43e+00 3.15e+01 -11.0 1.43e+00    -  1.00e+00 2.50e-01h  2
1624  8.4095825e-02 1.58e-01 5.04e+01 -11.0 1.81e-03    -  1.00e+00 1.00e+00h  1
1625  8.4403339e-02 1.74e-02 2.34e+01 -11.0 8.72e-03    -  1.00e+00 1.00e+00H  1
1626  8.4334564e-02 6.09e-04 1.69e+00 -11.0 1.18e-03    -  1.00e+00 1.00e+00h  1
1627  8.2774854e-02 5.76e-01 2.98e+03 -11.0 3.21e-02    -  1.00e+00 1.00e+00h  1
1628  8.1897857e-02 1.11e-01 5.34e+01 -11.0 9.23e-03    -  1.00e+00 1.00e+00h  1
1629  8.1779794e-02 1.55e-02 2.57e+01 -11.0 4.41e-03    -  1.00e+00 1.00e+00h  1
iter    objective    inf_pr   inf_du lg(mu)  ||d||  lg(rg) alpha_du alpha_pr  ls
1630  8.1412152e-02 3.41e-02 2.37e+01 -11.0 1.24e-02    -  1.00e+00 1.00e+00h  1
1631  8.1125236e-02 4.81e-01 1.44e+01 -11.0 2.24e-02    -  1.00e+00 1.00e+00h  1
1632  8.0589171e-02 8.91e-01 2.51e+01 -11.0 3.09e-02    -  1.00e+00 1.00e+00h  1
1633  8.0285009e-02 9.52e-01 2.64e+01 -11.0 1.18e-01    -  1.00e+00 1.25e-01h  4
1634  7.9872947e-02 8.60e-01 8.67e+01 -11.0 4.20e-02    -  1.00e+00 1.00e+00h  1
1635  7.9460954e-02 1.09e+00 5.44e+01 -11.0 3.54e-01    -  1.00e+00 1.25e-01h  4
1636  7.9071395e-02 1.34e+00 8.69e+01 -11.0 3.43e-01    -  1.00e+00 1.25e-01h  4
1637  7.8981009e-02 3.86e+00 7.80e+01 -11.0 2.52e-01    -  1.00e+00 2.50e-01h  3
1638  7.8346475e-02 3.15e+00 1.26e+02 -11.0 2.29e-01    -  1.00e+00 2.50e-01h  3
1639  7.8359139e-02 3.88e+00 4.01e+01 -11.0 9.85e-02    -  1.00e+00 5.00e-01h  2
iter    objective    inf_pr   inf_du lg(mu)  ||d||  lg(rg) alpha_du alpha_pr  ls
1640  7.8312554e-02 2.70e+00 3.01e+01 -11.0 2.15e-02    -  1.00e+00 5.00e-01h  2
1641  7.8877809e-02 2.11e+00 5.00e+01 -11.0 1.57e-02    -  1.00e+00 1.00e+00h  1
1642  7.8200956e-02 5.94e-01 5.12e+01 -11.0 9.69e-03    -  1.00e+00 1.00e+00h  1
1643  7.8001905e-02 2.25e+00 3.71e+01 -11.0 6.88e-03    -  1.00e+00 5.00e-01h  2
1644  7.8036835e-02 1.96e+00 2.34e+02 -11.0 9.51e-03    -  1.00e+00 1.00e+00h  1
1645  7.7798853e-02 5.84e+00 4.12e+02 -11.0 4.24e-03    -  1.00e+00 1.00e+00h  1
1646  7.7486708e-02 3.09e+00 3.17e+02 -11.0 8.02e-03    -  1.00e+00 1.00e+00h  1
1647  7.7785497e-02 1.35e+00 1.89e+02 -11.0 1.06e-02    -  1.00e+00 1.00e+00h  1
1648  7.7618008e-02 6.44e-01 2.59e+01 -11.0 7.67e-03    -  1.00e+00 1.00e+00h  1
1649  7.7322001e-02 1.03e+00 1.90e+01 -11.0 1.05e-02    -  1.00e+00 5.00e-01h  2
iter    objective    inf_pr   inf_du lg(mu)  ||d||  lg(rg) alpha_du alpha_pr  ls
1650  7.7133782e-02 6.76e-01 5.75e+01 -11.0 1.26e-02    -  1.00e+00 5.00e-01h  2
1651  7.7115560e-02 1.66e+00 2.33e+01 -11.0 1.61e-02    -  1.00e+00 5.00e-01h  2
1652  7.7014844e-02 8.86e-01 2.88e+01 -11.0 2.45e-02    -  1.00e+00 5.00e-01h  2
1653  7.6997861e-02 1.23e+01 8.57e+01 -11.0 1.15e-02    -  1.00e+00 1.00e+00h  1
1654  7.6991364e-02 1.22e+01 8.71e+01 -11.0 2.72e-01    -  1.00e+00 7.81e-03h  8
1655  7.7007267e-02 1.22e+01 8.63e+01 -11.0 1.93e-01    -  1.00e+00 3.91e-03h  9
1656  7.7013130e-02 1.22e+01 8.65e+01 -11.0 2.30e-01    -  1.00e+00 1.95e-03h 10
1657  7.7014396e-02 1.21e+01 8.64e+01 -11.0 2.43e-01    -  1.00e+00 4.88e-04h 12
1658  7.7014721e-02 1.21e+01 8.64e+01 -11.0 2.46e-01    -  1.00e+00 1.22e-04h 14
1659  7.7014803e-02 1.21e+01 8.64e+01 -11.0 2.46e-01    -  1.00e+00 3.05e-05h 16
iter    objective    inf_pr   inf_du lg(mu)  ||d||  lg(rg) alpha_du alpha_pr  ls
1660  7.9729047e-02 1.02e+01 1.61e+02 -11.0 1.77e-01    -  1.00e+00 1.25e-01h  4
1661  8.3546976e-02 8.53e+00 1.87e+02 -11.0 9.93e-02    -  1.00e+00 1.25e-01h  4
1662  8.5473427e-02 7.99e+00 1.98e+02 -11.0 7.42e-02    -  1.00e+00 6.25e-02h  5
1663  8.6969866e-02 7.37e+00 1.99e+02 -11.0 1.01e-01    -  1.00e+00 6.25e-02h  5
1664  1.3475599e-01 2.69e+01 7.25e+03 -11.0 1.24e-01    -  1.00e+00 1.00e+00w  1
1665  1.3783204e+00 1.57e+02 2.96e+04 -11.0 4.26e-01    -  1.00e+00 1.00e+00w  1
1666  3.6014951e+00 7.47e+01 4.85e+04 -11.0 6.17e-01    -  1.00e+00 1.00e+00w  1
1667  8.7208983e-02 7.26e+00 2.01e+02 -11.0 4.83e-01    -  1.00e+00 1.56e-02h  6
1668  9.4420822e-02 4.47e+00 6.59e+02 -11.0 9.51e-02    -  1.00e+00 2.50e-01h  3
1669  1.1004630e-01 2.66e+00 9.53e+02 -11.0 3.98e-02    -  1.00e+00 5.00e-01h  2
iter    objective    inf_pr   inf_du lg(mu)  ||d||  lg(rg) alpha_du alpha_pr  ls
1670  1.3132811e-01 1.08e+00 1.38e+03 -11.0 2.20e-02    -  1.00e+00 1.00e+00h  1
1671  1.2381606e-01 3.34e+00 1.33e+03 -11.0 1.58e-02    -  1.00e+00 5.00e-01h  2
1672  1.1531992e-01 1.71e+00 1.40e+03 -11.0 2.03e-02    -  1.00e+00 5.00e-01h  2
1673  1.0893958e-01 1.53e+00 1.44e+03 -11.0 6.11e-02    -  1.00e+00 1.25e-01h  4
1674  9.8745976e-02 1.30e+00 1.34e+03 -11.0 6.67e-02    -  1.00e+00 2.50e-01h  3
1675  9.6292346e-02 1.28e+00 1.36e+03 -11.0 3.57e-01    -  1.00e+00 1.56e-02h  7
1676  9.3896136e-02 1.26e+00 1.41e+03 -11.0 4.89e+00    -  1.00e+00 1.95e-03h 10
1677  9.2313263e-02 1.16e+00 1.33e+03 -11.0 3.19e-01    -  1.00e+00 6.25e-02h  5
1678  9.1459349e-02 1.14e+00 1.36e+03 -11.0 5.06e-01    -  1.00e+00 1.56e-02h  7
1679  9.0487982e-02 1.52e+00 1.31e+03 -11.0 9.97e-02    -  1.00e+00 2.50e-01h  3
iter    objective    inf_pr   inf_du lg(mu)  ||d||  lg(rg) alpha_du alpha_pr  ls
1680  8.4093404e-02 9.54e-01 1.25e+03 -11.0 2.68e-01    -  1.00e+00 1.25e-01h  4
1681  8.7739545e-02 1.33e+00 4.57e+02 -11.0 2.21e-02    -  1.00e+00 1.00e+00w  1
1682  8.4472555e-02 8.64e+00 2.87e+02 -11.0 3.24e-02    -  1.00e+00 1.00e+00w  1
1683  1.0181638e-01 8.32e+00 2.82e+03 -11.0 6.24e-02    -  1.00e+00 1.00e+00w  1
1684  8.3877951e-02 7.42e-01 6.82e+02 -11.0 3.47e-02    -  1.00e+00 5.00e-01h  1
1685  8.2079142e-02 7.33e-01 6.55e+02 -11.0 2.00e-01    -  1.00e+00 3.12e-02h  6
1686  8.0787636e-02 4.89e-01 4.40e+02 -11.0 4.39e-02    -  1.00e+00 2.50e-01h  3
1687  8.1627960e-02 7.65e-01 2.29e+02 -11.0 1.84e-02    -  1.00e+00 5.00e-01h  2
1688  8.1347943e-02 7.33e-01 2.05e+02 -11.0 1.25e-01    -  1.00e+00 6.25e-02h  5
1689  8.2187769e-02 3.92e-01 1.17e+02 -11.0 3.50e-02    -  1.00e+00 5.00e-01h  2
iter    objective    inf_pr   inf_du lg(mu)  ||d||  lg(rg) alpha_du alpha_pr  ls
1690  8.1472185e-02 4.29e-01 7.34e+01 -11.0 1.99e-02    -  1.00e+00 5.00e-01h  2
1691  8.1318966e-02 2.67e+00 1.64e+02 -11.0 1.50e-02    -  1.00e+00 1.00e+00h  1
1692  8.1417787e-02 1.79e+00 5.50e+01 -11.0 1.12e-02    -  1.00e+00 1.00e+00h  1
1693  8.1722161e-02 1.79e+00 2.28e+02 -11.0 1.32e-01    -  1.00e+00 1.25e-01h  4
1694  8.0823698e-02 4.74e-01 1.48e+01 -11.0 1.36e-02    -  1.00e+00 1.00e+00h  1
1695  8.0998401e-02 4.87e-01 4.64e+01 -11.0 2.12e-02    -  1.00e+00 2.50e-01h  3
1696  8.1119306e-02 1.54e-01 1.09e+02 -11.0 2.25e-02    -  1.00e+00 1.00e+00h  1
1697  8.1508411e-02 1.13e-01 3.40e+01 -11.0 8.98e-03    -  1.00e+00 1.00e+00H  1
1698  8.0782903e-02 1.33e-01 3.99e+01 -11.0 3.28e-02    -  1.00e+00 5.00e-01h  2
1699  8.0608703e-02 3.92e-02 1.10e+01 -11.0 7.93e-03    -  1.00e+00 1.00e+00h  1
iter    objective    inf_pr   inf_du lg(mu)  ||d||  lg(rg) alpha_du alpha_pr  ls
1700  8.0398995e-02 8.27e-02 5.68e+00 -11.0 5.42e-03    -  1.00e+00 1.00e+00h  1
1701  8.0313153e-02 3.72e-02 5.74e+00 -11.0 8.13e-03    -  1.00e+00 1.00e+00h  1
1702  8.0222436e-02 3.20e+00 9.59e+00 -11.0 3.42e-02    -  1.00e+00 5.00e-01h  2
1703  8.0063744e-02 1.43e+00 7.95e+00 -11.0 1.98e-02    -  1.00e+00 5.00e-01h  2
1704  8.1090283e-02 6.62e-02 6.09e+00 -11.0 2.07e-02    -  1.00e+00 1.00e+00H  1
1705  7.9849274e-02 2.98e-01 2.04e+01 -11.0 1.72e-02    -  1.00e+00 1.00e+00h  1
1706  7.9552553e-02 5.02e-01 2.52e+01 -11.0 2.33e-02    -  1.00e+00 1.00e+00h  1
1707  7.9418393e-02 2.48e+00 9.13e+01 -11.0 1.68e-02    -  1.00e+00 5.00e-01h  2
1708  7.9326269e-02 5.11e-01 1.37e+01 -11.0 7.34e-03    -  1.00e+00 1.00e+00h  1
1709  7.9518565e-02 1.09e-01 1.05e+01 -11.0 7.68e-03    -  1.00e+00 1.00e+00H  1
iter    objective    inf_pr   inf_du lg(mu)  ||d||  lg(rg) alpha_du alpha_pr  ls
1710  7.9024677e-02 2.71e-01 1.91e+01 -11.0 1.53e-02    -  1.00e+00 1.00e+00h  1
1711  7.8957360e-02 3.07e-01 1.01e+01 -11.0 6.34e-02    -  1.00e+00 2.50e-01h  3
1712  7.8703899e-02 1.38e+00 3.92e+01 -11.0 5.52e-02    -  1.00e+00 5.00e-01h  2
1713  7.8303256e-02 6.84e-01 3.39e+01 -11.0 9.46e-02    -  1.00e+00 2.50e-01h  3
1714  7.8073955e-02 9.34e-01 3.50e+01 -11.0 3.38e+00    -  1.00e+00 3.91e-03h  9
1715  7.7832981e-02 1.11e+00 3.35e+01 -11.0 9.11e-01    -  1.00e+00 1.56e-02h  7
1716  7.7721927e-02 8.86e-01 2.99e+01 -11.0 2.35e-01    -  1.00e+00 6.25e-02h  5
1717  7.7677225e-02 1.25e+00 4.87e+01 -11.0 2.97e-01    -  1.00e+00 1.25e-01h  4
1718  7.7447215e-02 1.24e+00 4.82e+01 -11.0 3.36e-01    -  1.00e+00 3.12e-02h  6
1719  7.7388942e-02 6.86e-01 3.98e+01 -11.0 5.45e-01    -  1.00e+00 3.12e-02h  6
iter    objective    inf_pr   inf_du lg(mu)  ||d||  lg(rg) alpha_du alpha_pr  ls
1720  7.7114635e-02 6.66e-01 4.41e+01 -11.0 8.61e+00  -4.1 1.00e+00 9.77e-04h 11
1721  2.4258872e+00 6.39e+03 3.81e+05 -11.0 2.74e+00    -  1.00e+00 1.00e+00w  1
1722  1.3249012e+02 3.93e+03 9.44e+06 -11.0 4.56e+00    -  1.00e+00 1.00e+00w  1
1723  1.5191201e+04 3.41e+07 2.14e+06 -11.0 5.67e+01    -  1.00e+00 1.00e+00w  1
1724  7.7101675e-02 6.67e-01 4.42e+01 -11.0 6.22e+01    -  1.00e+00 9.77e-04h 10
1725  7.7176188e-02 1.51e-01 3.03e+01 -11.0 8.36e-03    -  1.00e+00 1.00e+00h  1
1726  7.7157160e-02 1.89e-01 1.56e+01 -11.0 3.98e-03    -  1.00e+00 1.00e+00h  1
1727  7.7138974e-02 1.27e-01 9.18e+00 -11.0 1.65e-03    -  1.00e+00 1.00e+00h  1
1728  7.7099050e-02 2.90e-01 1.58e+01 -11.0 8.46e-03    -  1.00e+00 5.00e-01h  2
1729  7.6985852e-02 2.86e-01 9.66e+00 -11.0 1.58e-02    -  1.00e+00 5.00e-01h  2
iter    objective    inf_pr   inf_du lg(mu)  ||d||  lg(rg) alpha_du alpha_pr  ls
1730  7.6860058e-02 1.56e+00 9.88e+01 -11.0 3.14e-02    -  1.00e+00 1.00e+00h  1
1731  7.6552034e-02 2.72e+00 1.18e+02 -11.0 1.02e-01    -  1.00e+00 2.50e-01h  3
1732  7.6443235e-02 1.74e+00 3.32e+01 -11.0 3.75e-02    -  1.00e+00 2.50e-01h  3
1733  7.6413513e-02 3.62e-01 1.72e+02 -11.0 1.03e-02    -  1.00e+00 1.00e+00h  1
1734  7.6202308e-02 1.42e-01 5.13e+00 -11.0 6.21e-03    -  1.00e+00 1.00e+00h  1
1735  7.6309821e-02 3.62e-02 2.26e+01 -11.0 6.64e-03    -  1.00e+00 1.00e+00h  1
1736  7.6212010e-02 6.14e-02 1.04e+01 -11.0 4.99e-03    -  1.00e+00 1.00e+00h  1
1737  7.6159564e-02 2.07e-01 3.54e+01 -11.0 3.40e-03    -  1.00e+00 1.00e+00h  1
1738  7.6110798e-02 3.96e-02 3.63e+00 -11.0 5.00e-03    -  1.00e+00 1.00e+00h  1
1739  7.6036579e-02 6.14e-02 1.01e+01 -11.0 5.77e-02    -  1.00e+00 2.50e-01h  3
iter    objective    inf_pr   inf_du lg(mu)  ||d||  lg(rg) alpha_du alpha_pr  ls
1740  7.5885858e-02 8.09e-01 2.85e+01 -11.0 4.90e-02    -  1.00e+00 5.00e-01h  2
1741  7.5787743e-02 1.92e+00 5.77e+01 -11.0 2.55e-01    -  1.00e+00 1.25e-01h  4
1742  7.5715267e-02 1.25e+00 2.72e+01 -11.0 1.65e-01    -  1.00e+00 2.50e-01h  3
1743  7.5566353e-02 8.00e-01 2.40e+01 -11.0 1.52e-01    -  1.00e+00 1.25e-01h  4
1744  7.5549860e-02 7.68e-01 1.46e+01 -11.0 6.80e-02    -  1.00e+00 2.50e-01h  3
1745  7.5280990e-02 3.91e-01 1.13e+01 -11.0 4.47e-01    -  1.00e+00 6.25e-02h  5
1746  7.5021806e-02 1.89e+00 7.99e+01 -11.0 4.39e-01    -  1.00e+00 1.25e-01h  4
1747  7.4934994e-02 2.19e+00 9.88e+01 -11.0 6.32e-01    -  1.00e+00 7.81e-03h  8
1748  7.5363158e-02 3.48e-01 1.69e+02 -11.0 1.64e-02    -  1.00e+00 1.00e+00h  1
1749  7.5076189e-02 1.56e+00 5.47e+01 -11.0 1.70e-01    -  1.00e+00 2.50e-01h  3
iter    objective    inf_pr   inf_du lg(mu)  ||d||  lg(rg) alpha_du alpha_pr  ls
1750  7.4958675e-02 1.79e+00 3.47e+01 -11.0 1.78e-01    -  1.00e+00 6.25e-02h  5
1751  7.4654780e-02 1.80e-01 7.78e+01 -11.0 1.38e-02    -  1.00e+00 1.00e+00h  1
1752  7.4147980e-02 1.48e-01 5.10e+01 -11.0 8.58e-03    -  1.00e+00 1.00e+00h  1
1753  7.4042252e-02 1.09e-01 1.49e+01 -11.0 1.75e-02    -  1.00e+00 1.00e+00h  1
1754  7.3897776e-02 1.38e-01 8.86e+00 -11.0 4.36e-02    -  1.00e+00 1.25e-01h  4
1755  7.3644538e-02 5.31e-01 1.95e+01 -11.0 1.69e-02    -  1.00e+00 1.00e+00h  1
1756  7.3527285e-02 4.81e+00 9.42e+00 -11.0 4.73e-01    -  1.00e+00 6.25e-02h  5
1757  7.3479453e-02 3.69e+00 1.13e+02 -11.0 2.25e-01    -  1.00e+00 2.50e-01h  3
1758  7.3371630e-02 2.95e+00 1.22e+02 -11.0 1.17e+00    -  1.00e+00 3.12e-02h  6
1759  7.3355001e-02 2.44e+00 1.53e+02 -11.0 5.23e-01    -  1.00e+00 1.25e-01h  4
iter    objective    inf_pr   inf_du lg(mu)  ||d||  lg(rg) alpha_du alpha_pr  ls
1760  7.3470968e-02 2.17e+00 1.35e+02 -11.0 5.04e-01    -  1.00e+00 1.25e-01h  4
1761  7.3288181e-02 1.44e+00 9.11e+01 -11.0 7.89e-01    -  1.00e+00 1.25e-01h  4
1762  7.3180404e-02 1.82e+00 9.34e+01 -11.0 3.09e+00    -  1.00e+00 1.56e-02h  7
1763  7.2909259e-02 1.66e+00 9.53e+01 -11.0 6.01e-01    -  1.00e+00 3.12e-02h  6
1764  7.2622313e-02 1.49e+00 1.15e+02 -11.0 2.61e+00    -  1.00e+00 1.56e-02h  7
1765  7.2392745e-02 1.88e+00 1.31e+02 -11.0 4.67e+00    -  1.00e+00 7.81e-03h  8
1766  4.8433866e+02 2.85e+07 1.33e+07 -11.0 4.64e+01    -  1.00e+00 1.00e+00w  1
1767  1.9631450e+05 3.93e+13 6.07e+12 -11.0 1.53e+02    -  1.00e+00 1.00e+00w  1
1768  2.0312632e+08 1.76e+22 7.82e+22 -11.0 4.86e+03    -  1.00e+00 1.00e+00w  1
WARNING: Problem in step computation; switching to emergency mode.
1769  7.2226019e-02 2.45e+00 2.10e+02 -11.0 0.00e+00    -  1.00e+00 9.77e-04h 11
iter    objective    inf_pr   inf_du lg(mu)  ||d||  lg(rg) alpha_du alpha_pr  ls
1770  7.2405794e-02 3.45e+00 2.04e+02 -11.0 1.36e-02    -  1.00e+00 1.00e+00h  1
1771  7.2076255e-02 5.90e-01 7.85e+01 -11.0 1.20e-02    -  1.00e+00 1.00e+00h  1
1772  7.1991462e-02 8.06e-02 8.88e+00 -11.0 8.88e-03    -  1.00e+00 1.00e+00h  1
1773  7.1806745e-02 5.54e-02 5.38e+00 -11.0 4.20e-03    -  1.00e+00 1.00e+00h  1
1774  7.1734976e-02 5.22e-01 1.36e+01 -11.0 6.22e-03    -  1.00e+00 1.00e+00h  1
1775  7.1744678e-02 1.52e-01 6.77e+00 -11.0 2.83e-03    -  1.00e+00 1.00e+00h  1
1776  7.1725921e-02 5.07e-02 1.81e+00 -11.0 1.25e-03    -  1.00e+00 1.00e+00h  1
1777  7.1692623e-02 6.95e-02 5.08e+00 -11.0 4.72e-03    -  1.00e+00 1.00e+00h  1
1778  7.1683206e-02 1.70e-01 4.13e+01 -11.0 4.33e-03    -  1.00e+00 1.00e+00h  1
1779  7.1641630e-02 4.99e-02 5.65e+00 -11.0 1.01e-03    -  1.00e+00 1.00e+00h  1
iter    objective    inf_pr   inf_du lg(mu)  ||d||  lg(rg) alpha_du alpha_pr  ls
1780  7.1634655e-02 4.09e-02 3.52e+00 -11.0 3.93e-03    -  1.00e+00 5.00e-01h  2
1781  7.1638235e-02 4.03e-02 1.89e+00 -11.0 2.01e-02    -  1.00e+00 1.56e-02h  7
1782  7.1646796e-02 3.90e-02 2.76e+00 -11.0 2.77e-02    -  1.00e+00 3.12e-02h  6
1783  7.1647691e-02 3.84e-02 3.67e+00 -11.0 3.84e-02    -  1.00e+00 1.56e-02h  7
1784  7.1632909e-02 4.62e-02 8.01e+00 -11.0 4.27e-02    -  1.00e+00 1.25e-01h  4
1785  7.1560222e-02 8.23e-01 3.99e+01 -11.0 3.43e-01    -  1.00e+00 3.12e-02h  6
1786  7.1539014e-02 8.67e-01 2.17e+01 -11.0 3.20e-02    -  1.00e+00 2.50e-01h  3
1787  7.1537816e-02 5.45e-01 1.68e+01 -11.0 1.91e-02    -  1.00e+00 5.00e-01h  2
1788  7.1574812e-02 3.70e-01 1.05e+01 -11.0 8.32e-02    -  1.00e+00 1.25e-01h  4
1789  7.1506348e-02 1.07e-01 7.48e+01 -11.0 1.51e-02    -  1.00e+00 1.00e+00h  1
iter    objective    inf_pr   inf_du lg(mu)  ||d||  lg(rg) alpha_du alpha_pr  ls
1790  7.1491730e-02 3.20e-01 2.18e+01 -11.0 1.78e-02    -  1.00e+00 5.00e-01h  2
1791  7.1470847e-02 7.82e-01 1.75e+01 -11.0 1.11e-02    -  1.00e+00 1.00e+00h  1
1792  7.1351806e-02 5.40e-01 2.63e+01 -11.0 1.04e-02    -  1.00e+00 5.00e-01h  2
1793  7.1564091e-02 4.01e-02 3.52e+01 -11.0 3.10e-02    -  1.00e+00 1.00e+00H  1
1794  7.1340275e-02 2.50e-01 3.76e+01 -11.0 4.49e-03    -  1.00e+00 1.00e+00h  1
1795  7.1318428e-02 1.53e-01 2.32e+01 -11.0 1.00e-02    -  1.00e+00 5.00e-01h  2
1796  7.1234402e-02 4.14e-01 9.83e+00 -11.0 5.08e-02    -  1.00e+00 1.25e-01h  4
1797  7.1208868e-02 2.55e-01 8.41e+00 -11.0 5.78e-03    -  1.00e+00 5.00e-01h  2
1798  7.1284804e-02 3.59e-02 1.20e+01 -11.0 8.85e-03    -  1.00e+00 1.00e+00H  1
1799  7.1232260e-02 1.32e-01 1.71e+01 -11.0 1.88e-02    -  1.00e+00 5.00e-01h  2
iter    objective    inf_pr   inf_du lg(mu)  ||d||  lg(rg) alpha_du alpha_pr  ls
1800  7.1131462e-02 2.28e-01 1.40e+01 -11.0 1.81e-02    -  1.00e+00 5.00e-01h  2
1801  7.1083444e-02 2.10e-01 3.90e+01 -11.0 3.98e-02    -  1.00e+00 2.50e-01h  3
1802  7.1276375e-02 1.82e-01 6.47e+01 -11.0 2.01e-02    -  1.00e+00 1.00e+00H  1
1803  7.0967797e-02 1.55e-01 6.51e+01 -11.0 2.46e-02    -  1.00e+00 5.00e-01h  2
1804  7.0760432e-02 5.09e-01 1.96e+02 -11.0 4.22e-02    -  1.00e+00 5.00e-01h  2
1805  7.0587714e-02 6.36e-01 6.08e+01 -11.0 4.28e-02    -  1.00e+00 5.00e-01h  2
1806  7.0581079e-02 6.07e-01 4.33e+01 -11.0 8.07e-02    -  1.00e+00 6.25e-02h  5
1807  7.0517202e-02 3.04e-01 3.23e+01 -11.0 1.23e-02    -  1.00e+00 5.00e-01h  2
1808  7.0485074e-02 4.94e-02 2.65e+01 -11.0 7.70e-03    -  1.00e+00 1.00e+00h  1
1809  7.0363165e-02 9.03e+00 1.43e+02 -11.0 1.52e-01    -  1.00e+00 1.25e-01h  4
iter    objective    inf_pr   inf_du lg(mu)  ||d||  lg(rg) alpha_du alpha_pr  ls
1810  7.0297199e-02 6.30e+00 1.19e+02 -11.0 3.52e-02    -  1.00e+00 2.50e-01h  3
1811  7.0268074e-02 3.30e+00 5.35e+01 -11.0 1.37e-02    -  1.00e+00 5.00e-01h  2
1812  7.0215446e-02 1.75e+00 4.40e+01 -11.0 5.21e-02    -  1.00e+00 5.00e-01h  2
1813  7.0143873e-02 1.04e+00 3.66e+01 -11.0 4.06e-01    -  1.00e+00 6.25e-02h  5
1814  7.0004792e-02 1.79e+00 2.16e+02 -11.0 1.00e-01    -  1.00e+00 2.50e-01h  3
1815  6.9900635e-02 2.07e+00 1.82e+02 -11.0 7.26e-01    -  1.00e+00 1.56e-02h  7
1816  6.9979584e-02 1.95e+00 1.57e+02 -11.0 8.64e-02    -  1.00e+00 6.25e-02h  5
1817  7.0047814e-02 1.89e+00 1.53e+02 -11.0 6.68e-02    -  1.00e+00 3.12e-02h  6
1818  7.0120712e-02 1.84e+00 1.49e+02 -11.0 5.53e-02    -  1.00e+00 3.12e-02h  6
1819  8.6943444e-02 5.71e+00 1.52e+03 -11.0 5.58e-02    -  1.00e+00 1.00e+00w  1
iter    objective    inf_pr   inf_du lg(mu)  ||d||  lg(rg) alpha_du alpha_pr  ls
1820  1.3369688e-01 1.19e+01 7.39e+04 -11.0 1.48e-01    -  1.00e+00 1.00e+00w  1
1821  1.5612940e+00 2.29e+02 6.38e+05 -11.0 4.09e-01    -  1.00e+00 1.00e+00w  1
1822  7.0143730e-02 1.82e+00 1.47e+02 -11.0 7.60e-01    -  1.00e+00 7.81e-03h  7
1823  7.0143848e-02 1.82e+00 1.47e+02 -11.0 5.25e-02    -  1.00e+00 3.05e-05h 16
1824  8.6276137e-02 2.02e+00 1.89e+02 -11.0 5.25e-02    -  1.00e+00 1.00e+00h  1
1825  8.6222205e-02 5.93e-01 1.72e+02 -11.0 2.57e-02    -  1.00e+00 1.00e+00h  1
1826  8.6905021e-02 1.65e+00 6.46e+01 -11.0 7.85e-03    -  1.00e+00 1.00e+00h  1
1827  8.5791705e-02 5.10e-01 1.24e+02 -11.0 1.47e-02    -  1.00e+00 1.00e+00h  1
1828  8.4445864e-02 6.44e-01 1.48e+02 -11.0 4.44e-02    -  1.00e+00 1.00e+00h  1
1829  8.3893912e-02 5.78e-01 1.29e+02 -11.0 6.95e-02    -  1.00e+00 1.25e-01h  4
iter    objective    inf_pr   inf_du lg(mu)  ||d||  lg(rg) alpha_du alpha_pr  ls
1830  8.3519605e-02 1.24e+00 1.15e+02 -11.0 1.01e-02    -  1.00e+00 1.00e+00h  1
1831  8.3078362e-02 4.33e-01 5.05e+01 -11.0 1.31e-02    -  1.00e+00 1.00e+00h  1
1832  8.2883661e-02 2.17e-01 1.55e+01 -11.0 3.64e-02    -  1.00e+00 5.00e-01h  2
1833  8.2394653e-02 2.21e-01 3.75e+01 -11.0 2.44e-02    -  1.00e+00 5.00e-01h  2
1834  8.1981580e-02 2.58e-01 3.27e+01 -11.0 5.00e-02    -  1.00e+00 1.25e-01h  4
1835  8.1629702e-02 3.60e-01 2.52e+01 -11.0 6.26e-03    -  1.00e+00 1.00e+00h  1
1836  8.1296835e-02 3.79e-01 1.50e+01 -11.0 1.78e-02    -  1.00e+00 5.00e-01h  2
1837  8.1466468e-02 1.41e+00 2.46e+02 -11.0 5.85e-03    -  1.00e+00 1.00e+00h  1
1838  8.1240039e-02 2.29e-01 3.23e+01 -11.0 4.92e-03    -  1.00e+00 1.00e+00h  1
1839  8.0874172e-02 1.10e+00 3.45e+02 -11.0 6.05e-03    -  1.00e+00 1.00e+00h  1
iter    objective    inf_pr   inf_du lg(mu)  ||d||  lg(rg) alpha_du alpha_pr  ls
1840  8.0728611e-02 4.08e-01 7.82e+01 -11.0 2.57e-03    -  1.00e+00 1.00e+00h  1
1841  8.0688437e-02 3.91e-01 8.70e+01 -11.0 4.15e-03    -  1.00e+00 1.00e+00h  1
1842  8.0648768e-02 6.09e-01 4.26e+01 -11.0 4.29e-03    -  1.00e+00 5.00e-01h  2
1843  8.0558902e-02 4.51e-01 3.24e+01 -11.0 2.30e-02    -  1.00e+00 2.50e-01h  3
1844  8.0492414e-02 2.08e-01 3.12e+01 -11.0 2.04e-02    -  1.00e+00 5.00e-01h  2
1845  8.0423192e-02 2.17e-01 4.74e+01 -11.0 2.32e-02    -  1.00e+00 1.00e+00h  1
1846  7.9523057e-02 1.92e+00 2.11e+02 -11.0 1.14e-01    -  1.00e+00 2.50e-01h  3
1847  7.8709664e-02 1.65e+00 1.98e+02 -11.0 3.01e-02    -  1.00e+00 2.50e-01h  3
1848  7.8234018e-02 4.66e-01 2.27e+01 -11.0 7.47e-03    -  1.00e+00 1.00e+00h  1
1849  7.8322340e-02 1.47e+00 1.40e+02 -11.0 1.76e-02    -  1.00e+00 5.00e-01h  2
iter    objective    inf_pr   inf_du lg(mu)  ||d||  lg(rg) alpha_du alpha_pr  ls
1850  7.8895004e-02 4.51e-01 1.65e+01 -11.0 1.72e-02    -  1.00e+00 1.00e+00h  1
1851  7.9221474e-02 3.33e-01 3.49e+01 -11.0 2.64e-02    -  1.00e+00 1.00e+00H  1
1852  7.8749618e-02 1.64e+00 2.58e+01 -11.0 4.81e-02    -  1.00e+00 2.50e-01h  3
1853  7.8210869e-02 5.60e-01 6.44e+01 -11.0 1.14e-01    -  1.00e+00 5.00e-01h  2
1854  7.7935610e-02 4.82e-01 3.80e+01 -11.0 5.91e-02    -  1.00e+00 2.50e-01h  3
1855  7.7743152e-02 4.41e-01 3.51e+01 -11.0 3.14e-02    -  1.00e+00 5.00e-01h  2
1856  7.7102038e-02 4.46e-01 5.71e+01 -11.0 1.31e-02    -  1.00e+00 5.00e-01h  2
1857  7.9523162e-02 9.17e-02 9.58e+01 -11.0 1.54e-02    -  1.00e+00 1.00e+00H  1
1858  7.8265616e-02 6.47e-01 1.03e+02 -11.0 4.31e-02    -  1.00e+00 2.50e-01h  3
1859  7.6943362e-02 6.59e-01 3.26e+01 -11.0 1.11e-01    -  1.00e+00 2.50e-01h  3
iter    objective    inf_pr   inf_du lg(mu)  ||d||  lg(rg) alpha_du alpha_pr  ls
1860  7.6619452e-02 7.37e-01 1.25e+02 -11.0 3.57e-02    -  1.00e+00 5.00e-01h  2
1861  7.6713526e-02 5.57e-01 7.98e+01 -11.0 1.65e-02    -  1.00e+00 5.00e-01h  2
1862  7.6454363e-02 6.86e-01 1.19e+02 -11.0 4.81e-02    -  1.00e+00 2.50e-01h  3
1863  7.6214438e-02 3.40e+00 7.06e+01 -11.0 1.73e-02    -  1.00e+00 5.00e-01h  2
1864  7.6893220e-02 2.41e-01 1.70e+02 -11.0 1.38e-02    -  1.00e+00 1.00e+00h  1
1865  7.6863931e-02 2.28e-01 8.10e+01 -11.0 3.08e-02    -  1.00e+00 5.00e-01h  2
1866  7.6695544e-02 1.30e+00 3.23e+02 -11.0 1.54e-01    -  1.00e+00 6.25e-02h  5
1867  7.5970018e-02 4.14e-01 8.45e+01 -11.0 1.12e-02    -  1.00e+00 1.00e+00h  1
1868  7.5990162e-02 3.83e-01 5.12e+01 -11.0 3.01e-02    -  1.00e+00 5.00e-01h  2
1869  7.5987101e-02 3.60e-01 4.07e+01 -11.0 3.12e-02    -  1.00e+00 1.25e-01h  4
iter    objective    inf_pr   inf_du lg(mu)  ||d||  lg(rg) alpha_du alpha_pr  ls
1870  7.7913114e-02 4.52e-01 1.55e+02 -11.0 1.84e-02    -  1.00e+00 1.00e+00H  1
1871  7.7119072e-02 2.56e-01 1.14e+02 -11.0 1.54e-02    -  1.00e+00 5.00e-01h  2
1872  7.7057718e-02 2.43e-01 6.30e+01 -11.0 1.10e-02    -  1.00e+00 1.00e+00H  1
1873  7.6876152e-02 2.83e-01 5.63e+01 -11.0 7.53e-02    -  1.00e+00 1.25e-01h  4
1874  7.6459084e-02 2.16e-01 6.98e+01 -11.0 5.15e-02    -  1.00e+00 2.50e-01h  3
1875  7.6320433e-02 1.94e-01 7.04e+01 -11.0 1.12e-01    -  1.00e+00 6.25e-02h  5
1876  7.6120251e-02 1.73e-01 9.24e+01 -11.0 4.80e-01    -  1.00e+00 1.56e-02h  7
1877  7.5940930e-02 2.30e+00 2.00e+02 -11.0 1.01e-01    -  1.00e+00 5.00e-01h  2
1878  7.5873309e-02 2.27e+00 2.15e+02 -11.0 1.32e-01    -  1.00e+00 2.50e-01h  3
1879  7.5035304e-02 2.50e+00 2.34e+02 -11.0 8.68e-02    -  1.00e+00 5.00e-01h  2
iter    objective    inf_pr   inf_du lg(mu)  ||d||  lg(rg) alpha_du alpha_pr  ls
1880  7.4205754e-02 4.02e+00 1.97e+02 -11.0 1.54e-01    -  1.00e+00 1.25e-01h  4
1881  7.3803394e-02 5.57e+00 2.09e+02 -11.0 2.41e-01    -  1.00e+00 2.50e-01h  3
1882  7.2885862e-02 2.51e+00 2.26e+02 -11.0 1.38e+00    -  1.00e+00 1.56e-02h  7
1883  9.1985792e-02 1.21e+01 7.39e+02 -11.0 5.49e-02    -  1.00e+00 1.00e+00w  1
1884  1.0100382e-01 1.74e+01 2.78e+03 -11.0 2.16e-01    -  1.00e+00 1.00e+00w  1
1885  4.0687945e-01 2.87e+01 4.92e+03 -11.0 2.08e-01    -  1.00e+00 1.00e+00w  1
1886  7.3713625e-02 2.00e+00 1.78e+02 -11.0 6.16e-01    -  1.00e+00 2.50e-01h  2
1887  7.4776656e-02 1.51e+00 2.42e+02 -11.0 1.95e-02    -  1.00e+00 2.50e-01h  3
1888  7.5721087e-02 8.27e-01 2.42e+02 -11.0 1.56e-02    -  1.00e+00 5.00e-01h  2
1889  7.5588471e-02 8.87e-01 5.09e+02 -11.0 7.48e-02    -  1.00e+00 1.25e-01h  4
iter    objective    inf_pr   inf_du lg(mu)  ||d||  lg(rg) alpha_du alpha_pr  ls
1890  7.5914264e-02 6.54e-01 3.14e+02 -11.0 1.75e-02    -  1.00e+00 1.00e+00h  1
1891  7.4670901e-02 7.07e-01 2.06e+02 -11.0 6.21e-02    -  1.00e+00 2.50e-01h  3
1892  7.3964800e-02 6.72e-01 1.31e+02 -11.0 3.04e-02    -  1.00e+00 5.00e-01h  2
1893  7.4355313e-02 5.79e+00 3.97e+02 -11.0 4.35e-02    -  1.00e+00 1.00e+00h  1
1894  7.3204803e-02 3.49e+00 2.52e+02 -11.0 4.05e-02    -  1.00e+00 5.00e-01h  2
1895  7.3149936e-02 1.21e+00 1.14e+02 -11.0 3.22e-02    -  1.00e+00 1.00e+00h  1
1896  7.1534527e-02 1.42e+00 9.20e+01 -11.0 1.68e-01    -  1.00e+00 2.50e-01h  3
1897  7.2071928e-02 1.04e+00 1.71e+03 -11.0 7.38e-02    -  1.00e+00 2.50e-01h  3
1898  7.1007587e-02 4.44e-01 1.64e+02 -11.0 3.75e-02    -  1.00e+00 1.00e+00h  1
1899  7.2863054e-02 5.13e-01 4.04e+02 -11.0 1.56e-01    -  1.00e+00 1.25e-01h  4
iter    objective    inf_pr   inf_du lg(mu)  ||d||  lg(rg) alpha_du alpha_pr  ls
1900  7.0824565e-02 3.42e-01 4.02e+02 -11.0 2.98e-02    -  1.00e+00 5.00e-01h  2
1901  7.0649750e-02 3.08e-01 1.60e+02 -11.0 1.54e-02    -  1.00e+00 5.00e-01h  2
1902  7.0755338e-02 2.29e-01 1.72e+02 -11.0 1.41e-02    -  1.00e+00 5.00e-01h  2
1903  7.1931087e-02 2.84e-01 3.09e+01 -11.0 1.08e-02    -  1.00e+00 1.00e+00H  1
1904  7.1502234e-02 6.07e-01 6.79e+01 -11.0 3.17e-02    -  1.00e+00 5.00e-01h  2
1905  7.0587747e-02 3.11e+00 1.03e+02 -11.0 4.01e-02    -  1.00e+00 2.50e-01h  3
1906  7.0544225e-02 1.77e+00 1.07e+02 -11.0 1.23e-02    -  1.00e+00 5.00e-01h  2
1907  7.0801862e-02 5.29e-01 2.74e+01 -11.0 8.19e-03    -  1.00e+00 1.00e+00h  1
1908  7.0318119e-02 4.26e-01 7.95e+01 -11.0 8.49e-03    -  1.00e+00 1.00e+00h  1
1909  7.0921523e-02 2.44e-01 1.36e+02 -11.0 5.40e-03    -  1.00e+00 1.00e+00H  1
iter    objective    inf_pr   inf_du lg(mu)  ||d||  lg(rg) alpha_du alpha_pr  ls
1910  6.9848707e-02 7.17e-01 1.26e+02 -11.0 2.06e-02    -  1.00e+00 1.00e+00h  1
1911  6.9576047e-02 5.78e-01 1.74e+02 -11.0 2.31e-02    -  1.00e+00 5.00e-01h  2
1912  6.9177151e-02 1.20e-01 3.44e+01 -11.0 8.56e-03    -  1.00e+00 1.00e+00h  1
1913  6.9311884e-02 1.32e-01 3.95e+01 -11.0 7.82e-03    -  1.00e+00 5.00e-01h  2
1914  6.9559098e-02 7.97e-02 2.96e+01 -11.0 6.06e-03    -  1.00e+00 5.00e-01h  2
1915  6.9449091e-02 6.23e-02 2.57e+01 -11.0 2.47e-02    -  1.00e+00 2.50e-01h  3
1916  6.8861556e-02 5.73e+00 7.19e+03 -11.0 6.47e-02    -  1.00e+00 1.00e+00h  1
1917  6.9056016e-02 5.39e+00 7.31e+03 -11.0 1.65e-01    -  1.00e+00 6.25e-02h  5
1918  6.9138968e-02 5.30e+00 7.27e+03 -11.0 1.58e-01    -  1.00e+00 1.56e-02h  7
1919  6.9161926e-02 5.28e+00 7.26e+03 -11.0 9.99e-02    -  1.00e+00 3.91e-03h  9
iter    objective    inf_pr   inf_du lg(mu)  ||d||  lg(rg) alpha_du alpha_pr  ls
1920  6.9169953e-02 5.27e+00 7.26e+03 -11.0 9.73e-02    -  1.00e+00 1.95e-03h 10
1921  6.9173968e-02 5.27e+00 7.26e+03 -11.0 9.60e-02    -  1.00e+00 9.77e-04h 11
1922  1.3114765e-01 1.01e+01 8.42e+02 -11.0 9.54e-02    -  1.00e+00 1.00e+00h  1
1923  1.1066237e-01 5.94e+00 6.48e+02 -11.0 2.41e-01    -  1.00e+00 2.50e-01h  3
1924  1.1544234e-01 9.70e+00 4.88e+02 -11.0 2.59e-01    -  1.00e+00 2.50e-01h  3
1925  1.2816929e-01 7.88e+00 4.34e+02 -11.0 2.05e-01    -  1.00e+00 2.50e-01h  3
1926  1.1435256e-01 7.13e+00 8.39e+02 -11.0 2.97e-01    -  1.00e+00 1.25e-01h  4
1927  1.0400369e-01 6.16e+00 4.98e+02 -11.0 1.29e-01    -  1.00e+00 2.50e-01h  3
1928  9.8236623e-02 5.33e+00 5.96e+02 -11.0 7.41e-02    -  1.00e+00 5.00e-01h  2
1929  1.0470299e-01 4.44e+00 9.97e+02 -11.0 4.34e-02    -  1.00e+00 1.00e+00h  1
iter    objective    inf_pr   inf_du lg(mu)  ||d||  lg(rg) alpha_du alpha_pr  ls
1930  8.1985653e-02 2.62e+00 1.17e+03 -11.0 9.27e-02    -  1.00e+00 5.00e-01h  2
1931  1.0530800e-01 9.41e+00 2.14e+03 -11.0 5.53e-02    -  1.00e+00 1.00e+00h  1
1932  1.1379275e-01 5.33e+00 1.43e+04 -11.0 1.11e-01    -  1.00e+00 2.50e-01h  3
1933  1.3183356e-01 2.09e+00 3.18e+04 -11.0 3.99e-02    -  1.00e+00 1.00e+00h  1
1934  1.3658627e-01 4.54e-01 2.24e+03 -11.0 1.54e-02    -  1.00e+00 1.00e+00h  1
1935  1.2867586e-01 3.93e-01 1.68e+02 -11.0 2.12e-02    -  1.00e+00 1.00e+00h  1
1936  1.3129109e-01 2.70e-01 1.47e+02 -11.0 4.99e-02    -  1.00e+00 2.50e-01h  3
1937  1.3733622e-01 1.95e-01 1.50e+02 -11.0 4.91e-02    -  1.00e+00 2.50e-01h  3
1938  1.3739688e-01 1.94e-01 1.49e+02 -11.0 3.67e-02    -  1.00e+00 1.56e-02h  7
1939  1.3588740e-01 2.13e-01 2.12e+02 -11.0 2.01e-01    -  1.00e+00 1.56e-02h  7
iter    objective    inf_pr   inf_du lg(mu)  ||d||  lg(rg) alpha_du alpha_pr  ls
1940  1.3356267e-01 9.49e-02 2.39e+02 -11.0 1.09e-01    -  1.00e+00 6.25e-02h  5
1941  1.3270059e-01 6.13e-02 2.35e+02 -11.0 8.69e-02    -  1.00e+00 3.12e-02h  6
1942  1.3195413e-01 6.97e-02 2.43e+02 -11.0 8.04e-02    -  1.00e+00 3.12e-02h  6
1943  1.2451360e-01 2.10e-01 3.28e+02 -11.0 9.90e-02    -  1.00e+00 5.00e-01h  2
1944  1.1837279e-01 1.06e+00 3.78e+02 -11.0 1.19e-01    -  1.00e+00 2.50e-01h  3
1945  1.1383244e-01 1.54e+00 4.45e+02 -11.0 1.38e-01    -  1.00e+00 1.25e-01h  4
1946  2.0993080e-01 1.21e+01 3.11e+03 -11.0 9.86e-02    -  1.00e+00 1.00e+00w  1
1947  1.7440984e+00 7.19e+01 2.98e+05 -11.0 4.00e-01    -  1.00e+00 1.00e+00w  1
1948  4.7967726e+00 2.66e+02 8.86e+05 -11.0 6.12e-01    -  1.00e+00 1.00e+00w  1
1949  1.1221181e-01 2.68e+00 4.63e+02 -11.0 1.23e+00    -  1.00e+00 6.25e-02h  4
iter    objective    inf_pr   inf_du lg(mu)  ||d||  lg(rg) alpha_du alpha_pr  ls
1950  1.1180667e-01 4.12e+00 3.58e+02 -11.0 4.31e-02    -  1.00e+00 2.50e-01h  3
1951  1.1252709e-01 1.96e+00 1.48e+02 -11.0 5.40e-02    -  1.00e+00 5.00e-01h  2
1952  1.1197620e-01 9.77e-01 2.10e+02 -11.0 4.22e-02    -  1.00e+00 2.50e-01h  3
1953  1.1027215e-01 9.47e-01 5.64e+02 -11.0 4.23e-02    -  1.00e+00 5.00e-01h  2
1954  1.0787597e-01 2.09e+00 6.22e+02 -11.0 9.36e-02    -  1.00e+00 2.50e-01h  3
1955  1.0456014e-01 2.14e+00 5.31e+03 -11.0 6.62e-02    -  1.00e+00 5.00e-01h  2
1956  1.1137805e-01 2.12e+00 2.10e+03 -11.0 4.58e-02    -  1.00e+00 1.00e+00h  1
1957  1.0013156e-01 5.11e-01 8.04e+02 -11.0 1.95e-01    -  1.00e+00 5.00e-01h  2
1958  1.0294106e-01 4.72e-01 1.63e+02 -11.0 2.54e-02    -  1.00e+00 1.00e+00h  1
1959  9.9327631e-02 1.41e+00 5.83e+02 -11.0 4.03e-02    -  1.00e+00 5.00e-01h  2
iter    objective    inf_pr   inf_du lg(mu)  ||d||  lg(rg) alpha_du alpha_pr  ls
1960  1.0453774e-01 7.57e-01 2.59e+02 -11.0 2.60e-02    -  1.00e+00 1.00e+00h  1
1961  1.0127893e-01 3.70e-01 1.84e+02 -11.0 2.91e-02    -  1.00e+00 1.00e+00h  1
1962  9.8457585e-02 1.66e+00 1.45e+02 -11.0 3.80e-02    -  1.00e+00 5.00e-01h  2
1963  9.6546009e-02 2.47e+00 1.77e+02 -11.0 4.92e-01    -  1.00e+00 3.12e-02h  6
1964  9.4254850e-02 8.96e-01 1.82e+02 -11.0 1.06e-01    -  1.00e+00 2.50e-01h  3
1965  9.3700834e-02 3.02e+00 9.11e+01 -11.0 1.78e-02    -  1.00e+00 1.00e+00h  1
1966  9.2998934e-02 2.08e+00 5.74e+01 -11.0 2.21e-02    -  1.00e+00 5.00e-01h  2
1967  9.2606648e-02 3.14e+00 3.49e+01 -11.0 4.07e-02    -  1.00e+00 5.00e-01h  2
1968  9.2438775e-02 6.51e-01 6.70e+01 -11.0 2.21e-02    -  1.00e+00 1.00e+00h  1
1969  9.2396711e-02 8.23e-01 4.93e+01 -11.0 5.36e-02    -  1.00e+00 1.00e+00H  1
iter    objective    inf_pr   inf_du lg(mu)  ||d||  lg(rg) alpha_du alpha_pr  ls
1970  9.0642420e-02 4.82e+00 3.24e+01 -11.0 2.05e-02    -  1.00e+00 5.00e-01h  2
1971  9.0138513e-02 1.56e+00 5.50e+01 -11.0 1.40e-02    -  1.00e+00 1.00e+00h  1
1972  8.9996573e-02 3.84e-01 5.16e+01 -11.0 2.61e-02    -  1.00e+00 1.00e+00h  1
1973  8.9322180e-02 5.63e-01 9.85e+01 -11.0 9.57e-02    -  1.00e+00 1.25e-01h  4
1974  8.9037771e-02 6.13e-01 6.91e+01 -11.0 6.85e-02    -  1.00e+00 2.50e-01h  3
1975  8.8825544e-02 7.80e-01 5.50e+01 -11.0 4.34e-02    -  1.00e+00 1.25e-01h  4
1976  8.8345642e-02 7.11e-01 4.59e+01 -11.0 5.77e-02    -  1.00e+00 1.25e-01h  4
1977  8.8083240e-02 7.90e-01 4.03e+01 -11.0 7.65e-02    -  1.00e+00 6.25e-02h  5
1978  8.7862861e-02 8.02e-01 3.25e+01 -11.0 1.02e-01    -  1.00e+00 6.25e-02h  5
1979  8.7837127e-02 1.34e+00 9.90e+01 -11.0 8.96e-01    -  1.00e+00 1.56e-02h  7
iter    objective    inf_pr   inf_du lg(mu)  ||d||  lg(rg) alpha_du alpha_pr  ls
1980  8.7499592e-02 2.12e+00 7.26e+01 -11.0 3.87e-01    -  1.00e+00 6.25e-02h  5
1981  8.7348338e-02 2.72e+00 7.52e+01 -11.0 4.05e-01    -  1.00e+00 3.12e-02h  6
1982  8.9405649e-02 1.81e+00 1.52e+03 -11.0 3.70e-02    -  1.00e+00 1.00e+00h  1
1983  8.7754215e-02 1.61e+00 6.03e+02 -11.0 3.52e-02    -  1.00e+00 1.00e+00h  1
1984  8.5187881e-02 1.19e+00 2.37e+02 -11.0 1.69e-02    -  1.00e+00 1.00e+00h  1
1985  9.7634643e-02 1.05e-01 1.45e+02 -11.0 5.94e-02    -  1.00e+00 1.00e+00H  1
1986  9.6827158e-02 2.73e-01 5.47e+01 -11.0 9.05e-03    -  1.00e+00 1.00e+00h  1
1987  9.6058365e-02 1.69e-01 6.66e+01 -11.0 1.87e-02    -  1.00e+00 1.00e+00H  1
1988  9.5704396e-02 4.62e-01 3.78e+01 -11.0 1.49e-02    -  1.00e+00 2.50e-01h  3
1989  9.5347740e-02 1.58e-01 3.33e+01 -11.0 1.01e-02    -  1.00e+00 5.00e-01h  2
iter    objective    inf_pr   inf_du lg(mu)  ||d||  lg(rg) alpha_du alpha_pr  ls
1990  9.5145632e-02 2.53e-01 2.02e+01 -11.0 1.01e-02    -  1.00e+00 1.00e+00h  1
1991  9.4890965e-02 7.29e-01 4.23e+01 -11.0 2.14e-02    -  1.00e+00 2.50e-01h  3
1992  9.4692078e-02 1.16e+00 6.20e+01 -11.0 6.72e-02    -  1.00e+00 6.25e-02h  5
1993  9.4651403e-02 1.18e+00 6.40e+01 -11.0 4.47e-01    -  1.00e+00 1.95e-03h 10
1994  9.4621111e-02 1.19e+00 6.53e+01 -11.0 3.41e-01    -  1.00e+00 1.95e-03h 10
1995  9.4596309e-02 1.19e+00 6.62e+01 -11.0 2.87e-01    -  1.00e+00 1.95e-03h 10
1996  9.4515448e-02 2.90e-01 5.70e+01 -11.0 3.07e-03    -  1.00e+00 1.00e+00h  1
1997  9.4254345e-02 2.65e-01 5.63e+01 -11.0 1.10e-02    -  1.00e+00 1.00e+00h  1
1998  9.3688863e-02 5.84e+00 1.50e+02 -11.0 4.40e-02    -  1.00e+00 1.00e+00h  1
1999  9.3269353e-02 5.66e+00 1.51e+02 -11.0 3.16e-01    -  1.00e+00 6.25e-02h  5
iter    objective    inf_pr   inf_du lg(mu)  ||d||  lg(rg) alpha_du alpha_pr  ls
2000  9.3023113e-02 2.08e+00 2.49e+02 -11.0 1.85e-01    -  1.00e+00 1.25e-01h  4
2001  9.2694273e-02 2.10e+00 2.62e+02 -11.0 4.43e-01    -  1.00e+00 3.12e-02h  6
2002  9.2625073e-02 3.38e+00 2.79e+02 -11.0 1.70e+00    -  1.00e+00 1.56e-02h  7
2003  9.2395685e-02 4.92e+00 3.19e+02 -11.0 1.34e+00    -  1.00e+00 1.56e-02h  7
2004  9.1750311e-02 6.03e+00 3.78e+02 -11.0 1.18e-01    -  1.00e+00 2.50e-01h  3
2005  9.1241677e-02 2.93e+00 1.83e+02 -11.0 3.64e-01    -  1.00e+00 1.25e-01h  4
2006  9.1038370e-02 2.84e+00 1.87e+02 -11.0 1.58e-01    -  1.00e+00 3.12e-02h  6
2007  9.1103854e-02 2.67e+00 1.63e+02 -11.0 1.35e-01    -  1.00e+00 6.25e-02h  5
2008  9.1398866e-02 2.58e+00 1.48e+02 -11.0 1.06e-01    -  1.00e+00 3.12e-02h  6
2009  1.7891216e-01 2.06e+01 2.76e+03 -11.0 1.77e-01    -  1.00e+00 1.00e+00w  1
iter    objective    inf_pr   inf_du lg(mu)  ||d||  lg(rg) alpha_du alpha_pr  ls
2010  1.6552095e+00 3.96e+01 7.62e+04 -11.0 4.31e-01    -  1.00e+00 1.00e+00w  1
2011  3.7439866e+00 3.14e+02 2.14e+04 -11.0 7.05e-01    -  1.00e+00 1.00e+00w  1
2012  9.1583107e-02 2.54e+00 1.42e+02 -11.0 1.17e+00    -  1.00e+00 1.56e-02h  6
2013  9.1689895e-02 2.52e+00 1.40e+02 -11.0 8.48e-02    -  1.00e+00 7.81e-03h  8
2014  9.1731649e-02 2.51e+00 1.39e+02 -11.0 1.36e-01    -  1.00e+00 3.91e-03h  9
2015  9.2642149e-02 2.35e+00 3.66e+02 -11.0 1.35e-01    -  1.00e+00 6.25e-02h  5
2016  9.3242907e-02 2.28e+00 3.89e+02 -11.0 1.14e-01    -  1.00e+00 3.12e-02h  6
2017  1.4767115e-01 2.85e+00 7.79e+02 -11.0 4.69e-02    -  1.00e+00 1.00e+00h  1
2018  1.3769457e-01 1.08e+00 1.97e+03 -11.0 2.96e-02    -  1.00e+00 1.00e+00h  1
2019  1.3314005e-01 5.97e-01 1.10e+03 -11.0 2.87e-02    -  1.00e+00 1.00e+00h  1
iter    objective    inf_pr   inf_du lg(mu)  ||d||  lg(rg) alpha_du alpha_pr  ls
2020  1.2794149e-01 1.12e+01 1.38e+03 -11.0 1.13e-01    -  1.00e+00 2.50e-01h  3
2021  1.2334255e-01 1.01e+01 1.21e+03 -11.0 3.23e-02    -  1.00e+00 5.00e-01h  2
2022  1.2468626e-01 2.81e+00 1.17e+03 -11.0 2.52e-02    -  1.00e+00 1.00e+00h  1
2023  1.2228868e-01 1.09e+00 8.50e+02 -11.0 1.44e-01    -  1.00e+00 1.25e-01h  4
2024  1.2047214e-01 1.93e+00 9.98e+02 -11.0 4.27e-02    -  1.00e+00 5.00e-01h  2
2025  1.2006148e-01 1.79e+00 9.93e+02 -11.0 2.35e-02    -  1.00e+00 5.00e-01h  2
2026  1.1982395e-01 1.78e+00 1.30e+03 -11.0 1.15e-01    -  1.00e+00 2.50e-01h  3
2027  1.1861178e-01 3.32e+00 1.43e+03 -11.0 6.09e-02    -  1.00e+00 2.50e-01h  3
2028  1.1946327e-01 1.33e+00 1.77e+02 -11.0 3.37e-02    -  1.00e+00 5.00e-01h  2
2029  1.1863906e-01 1.11e+00 2.79e+02 -11.0 4.50e-02    -  1.00e+00 2.50e-01h  3
iter    objective    inf_pr   inf_du lg(mu)  ||d||  lg(rg) alpha_du alpha_pr  ls
2030  1.1823362e-01 3.29e+00 1.16e+03 -11.0 1.96e-01    -  1.00e+00 6.25e-02h  5
2031  1.1789807e-01 3.31e+00 9.18e+02 -11.0 1.11e-01    -  1.00e+00 6.25e-02h  5
2032  1.1789720e-01 2.33e+00 6.70e+02 -11.0 2.24e-02    -  1.00e+00 2.50e-01h  3
2033  1.3691594e-01 1.57e+01 2.72e+03 -11.0 4.55e-02    -  1.00e+00 1.00e+00w  1
2034  2.7760959e-01 1.37e+01 4.26e+04 -11.0 1.43e-01    -  1.00e+00 1.00e+00w  1
2035  9.2743753e-01 1.95e+02 4.96e+05 -11.0 2.41e-01    -  1.00e+00 1.00e+00w  1
2036  1.1779688e-01 2.24e+00 6.15e+02 -11.0 6.58e-01    -  1.00e+00 1.25e-01h  3
2037  1.1834705e-01 1.50e+00 4.69e+02 -11.0 1.64e-02    -  1.00e+00 5.00e-01h  2
2038  1.1820936e-01 7.68e-01 5.83e+02 -11.0 2.50e-02    -  1.00e+00 1.00e+00h  1
2039  1.1744548e-01 4.41e-01 4.67e+02 -11.0 1.90e-02    -  1.00e+00 1.00e+00h  1
iter    objective    inf_pr   inf_du lg(mu)  ||d||  lg(rg) alpha_du alpha_pr  ls
2040  1.1698433e-01 3.62e-01 1.42e+02 -11.0 1.26e-02    -  1.00e+00 1.00e+00h  1
2041  1.1718125e-01 1.14e-01 6.12e+01 -11.0 7.28e-03    -  1.00e+00 1.00e+00h  1
2042  1.1702265e-01 3.70e-02 4.63e+01 -11.0 3.62e-03    -  1.00e+00 1.00e+00h  1
2043  1.1688369e-01 3.40e+00 1.06e+03 -11.0 1.56e-02    -  1.00e+00 1.00e+00h  1
2044  1.1661385e-01 3.45e+00 1.03e+03 -11.0 3.18e-02    -  1.00e+00 5.00e-01h  2
2045  1.1672179e-01 1.63e+00 9.31e+02 -11.0 2.68e-02    -  1.00e+00 1.00e+00h  1
2046  1.1594521e-01 1.52e+00 9.33e+02 -11.0 6.62e-02    -  1.00e+00 2.50e-01h  3
2047  1.1477320e-01 2.25e+00 8.88e+02 -11.0 1.22e-01    -  1.00e+00 6.25e-02h  5
2048  1.1599051e-01 1.55e+00 1.29e+03 -11.0 5.88e-02    -  1.00e+00 5.00e-01h  2
2049  1.1509872e-01 6.22e-01 1.35e+03 -11.0 1.33e-01    -  1.00e+00 2.50e-01h  3
iter    objective    inf_pr   inf_du lg(mu)  ||d||  lg(rg) alpha_du alpha_pr  ls
2050  1.1426806e-01 6.55e-01 1.11e+03 -11.0 4.64e-02    -  1.00e+00 5.00e-01h  2
2051  1.1399107e-01 6.59e-01 9.78e+02 -11.0 6.04e-02    -  1.00e+00 5.00e-01h  2
2052  1.1322894e-01 6.97e-01 9.47e+02 -11.0 3.14e-02    -  1.00e+00 5.00e-01h  2
2053  1.1194319e-01 6.66e-01 1.38e+03 -11.0 3.78e-01    -  1.00e+00 6.25e-02h  5
2054  1.1207501e-01 6.62e-01 1.27e+03 -11.0 5.76e-02    -  1.00e+00 2.50e-01h  3
2055  1.1109850e-01 1.78e+00 9.05e+02 -11.0 5.22e-02    -  1.00e+00 2.50e-01h  3
2056  1.1510642e-01 6.22e-01 1.40e+03 -11.0 1.59e-02    -  1.00e+00 1.00e+00w  1
2057  1.2038798e-01 2.19e+01 2.25e+04 -11.0 4.82e-02    -  1.00e+00 1.00e+00w  1
2058  1.4333185e-01 1.75e+01 5.62e+03 -11.0 8.84e-02    -  1.00e+00 1.00e+00w  1
2059  1.1288714e-01 6.92e-01 1.06e+03 -11.0 8.17e-02    -  1.00e+00 5.00e-01h  1
iter    objective    inf_pr   inf_du lg(mu)  ||d||  lg(rg) alpha_du alpha_pr  ls
2060  1.1254514e-01 9.42e-01 4.49e+03 -11.0 3.09e-02    -  1.00e+00 5.00e-01h  2
2061  1.1181692e-01 1.63e+00 1.77e+03 -11.0 1.72e-02    -  1.00e+00 5.00e-01h  2
2062  1.1217529e-01 1.40e+00 7.40e+02 -11.0 3.06e-02    -  1.00e+00 1.25e-01h  4
2063  1.1270507e-01 1.01e+00 3.47e+02 -11.0 2.03e-02    -  1.00e+00 2.50e-01h  3
2064  1.1216212e-01 1.11e+00 3.03e+02 -11.0 1.03e-01    -  1.00e+00 6.25e-02h  5
2065  1.1225151e-01 1.05e+00 5.12e+02 -11.0 3.01e-02    -  1.00e+00 2.50e-01h  3
2066  1.1201326e-01 1.08e+00 4.60e+02 -11.0 3.19e-02    -  1.00e+00 2.50e-01h  3
2067  1.1284197e-01 5.26e-01 1.46e+03 -11.0 1.41e-02    -  1.00e+00 1.00e+00h  1
2068  1.1045244e-01 9.82e-01 1.91e+03 -11.0 1.35e-02    -  1.00e+00 1.00e+00h  1
2069  1.0679996e-01 1.33e+00 2.29e+03 -11.0 1.37e-01    -  1.00e+00 1.25e-01h  4
iter    objective    inf_pr   inf_du lg(mu)  ||d||  lg(rg) alpha_du alpha_pr  ls
2070  1.0761836e-01 6.05e-01 8.17e+02 -11.0 3.61e-02    -  1.00e+00 2.50e-01h  3
2071  1.0718685e-01 4.98e-01 6.65e+02 -11.0 8.52e-02    -  1.00e+00 6.25e-02h  5
2072  1.0708283e-01 5.22e-01 6.60e+02 -11.0 9.90e-01    -  1.00e+00 1.95e-03h 10
2073  1.0702923e-01 5.25e-01 6.43e+02 -11.0 3.59e-01    -  1.00e+00 3.91e-03h  9
2074  1.0700878e-01 5.25e-01 6.32e+02 -11.0 2.40e-01    -  1.00e+00 3.91e-03h  9
2075  1.0700142e-01 5.26e-01 6.14e+02 -11.0 1.57e-01    -  1.00e+00 7.81e-03h  8
2076  1.1045652e-01 1.30e-01 1.16e+03 -11.0 2.92e-02    -  1.00e+00 1.00e+00h  1
2077  1.0934815e-01 3.05e-01 3.66e+03 -11.0 1.36e-02    -  1.00e+00 1.00e+00h  1
2078  1.0990193e-01 4.70e-02 2.77e+02 -11.0 5.44e-03    -  1.00e+00 1.00e+00H  1
2079  1.0962609e-01 4.75e-02 2.27e+02 -11.0 6.41e-02    -  1.00e+00 6.25e-02h  5
iter    objective    inf_pr   inf_du lg(mu)  ||d||  lg(rg) alpha_du alpha_pr  ls
2080  1.0951868e-01 4.55e-02 2.44e+02 -11.0 2.30e-02    -  1.00e+00 6.25e-02h  5
2081  1.0924633e-01 1.47e-01 2.07e+02 -11.0 1.50e-02    -  1.00e+00 5.00e-01h  2
2082  1.0912100e-01 3.98e-01 1.17e+02 -11.0 1.44e-02    -  1.00e+00 1.00e+00H  1
2083  1.0861133e-01 3.48e-01 2.10e+02 -11.0 3.42e-02    -  1.00e+00 2.50e-01h  3
2084  1.0837796e-01 1.02e+00 3.02e+03 -11.0 3.66e-01    -  1.00e+00 3.12e-02h  6
2085  1.0802188e-01 1.77e+00 2.49e+03 -11.0 7.11e-02    -  1.00e+00 1.25e-01h  4
2086  1.0832576e-01 8.27e-01 2.07e+02 -11.0 3.04e-02    -  1.00e+00 5.00e-01h  2
2087  1.0855736e-01 5.55e-01 7.82e+02 -11.0 6.65e-03    -  1.00e+00 1.00e+00h  1
2088  1.0776508e-01 3.92e-01 1.29e+03 -11.0 1.12e-02    -  1.00e+00 1.00e+00h  1
2089  1.0760725e-01 5.44e-02 2.25e+02 -11.0 5.01e-03    -  1.00e+00 1.00e+00h  1
iter    objective    inf_pr   inf_du lg(mu)  ||d||  lg(rg) alpha_du alpha_pr  ls
2090  1.0739000e-01 1.53e-02 1.10e+02 -11.0 2.67e-03    -  1.00e+00 1.00e+00h  1
2091  1.0701551e-01 3.78e-01 4.23e+02 -11.0 1.63e-02    -  1.00e+00 1.00e+00h  1
2092  1.0707927e-01 3.43e-01 8.69e+01 -11.0 7.64e-03    -  1.00e+00 1.00e+00h  1
2093  1.0694547e-01 1.93e+00 7.71e+02 -11.0 9.90e-03    -  1.00e+00 1.00e+00h  1
2094  1.0687239e-01 1.67e+00 6.59e+02 -11.0 2.64e-02    -  1.00e+00 2.50e-01h  3
2095  1.0649776e-01 2.71e+00 4.99e+02 -11.0 1.23e-02    -  1.00e+00 1.00e+00h  1
2096  1.0652813e-01 1.93e+00 1.12e+02 -11.0 1.79e-02    -  1.00e+00 5.00e-01h  2
2097  1.0651661e-01 1.78e+00 1.55e+02 -11.0 3.02e-02    -  1.00e+00 2.50e-01h  3
2098  1.0698483e-01 3.00e-01 8.73e+02 -11.0 6.84e-03    -  1.00e+00 1.00e+00h  1
2099  1.0662235e-01 1.83e-02 2.07e+02 -11.0 7.40e-03    -  1.00e+00 1.00e+00h  1
iter    objective    inf_pr   inf_du lg(mu)  ||d||  lg(rg) alpha_du alpha_pr  ls
2100  1.0621264e-01 8.96e-01 1.22e+03 -11.0 1.72e-02    -  1.00e+00 5.00e-01h  2
2101  1.0618987e-01 1.70e-01 2.80e+02 -11.0 7.41e-03    -  1.00e+00 1.00e+00h  1
2102  1.0625867e-01 3.27e-02 3.35e+02 -11.0 5.37e-03    -  1.00e+00 1.00e+00H  1
2103  1.0611931e-01 1.46e-02 1.08e+02 -11.0 4.19e-03    -  1.00e+00 1.00e+00H  1
2104  1.0545687e-01 2.54e+00 3.42e+03 -11.0 1.72e-02    -  1.00e+00 1.00e+00H  1
2105  1.0563122e-01 2.38e+00 3.53e+03 -11.0 3.75e-02    -  1.00e+00 2.50e-01h  3
2106  1.0558896e-01 2.20e+00 2.89e+03 -11.0 2.63e-02    -  1.00e+00 2.50e-01h  3
2107  1.0582829e-01 2.00e+00 7.56e+02 -11.0 3.79e-02    -  1.00e+00 5.00e-01h  2
2108  1.0543530e-01 9.57e-01 3.93e+02 -11.0 4.44e-02    -  1.00e+00 2.50e-01h  3
2109  1.0459768e-01 7.42e-01 6.13e+02 -11.0 4.61e-02    -  1.00e+00 2.50e-01h  3
iter    objective    inf_pr   inf_du lg(mu)  ||d||  lg(rg) alpha_du alpha_pr  ls
2110  1.0510815e-01 3.92e-01 2.72e+02 -11.0 2.26e-02    -  1.00e+00 5.00e-01h  2
2111  1.0582761e-01 2.74e-01 1.75e+02 -11.0 1.45e-02    -  1.00e+00 5.00e-01h  2
2112  1.0601709e-01 1.62e-01 1.75e+02 -11.0 1.41e-02    -  1.00e+00 2.50e-01h  3
2113  1.0610977e-01 1.71e-01 2.53e+02 -11.0 1.18e-02    -  1.00e+00 2.50e-01h  3
2114  1.0611810e-01 1.67e-01 2.48e+02 -11.0 1.56e-02    -  1.00e+00 3.12e-02h  6
2115  1.0713852e-01 1.61e+00 1.61e+02 -11.0 3.38e-02    -  1.00e+00 1.00e+00w  1
2116  1.0833532e-01 2.08e+00 9.82e+02 -11.0 5.30e-02    -  1.00e+00 1.00e+00w  1
2117  3.0343105e-01 9.95e+01 2.26e+03 -11.0 2.31e-01    -  1.00e+00 1.00e+00w  1
2118  1.0610686e-01 7.89e-02 2.27e+02 -11.0 4.02e-01    -  1.00e+00 2.50e-01h  2
2119  1.0581572e-01 2.04e-01 2.00e+02 -11.0 1.97e-01    -  1.00e+00 6.25e-02h  5
iter    objective    inf_pr   inf_du lg(mu)  ||d||  lg(rg) alpha_du alpha_pr  ls
2120  1.0571633e-01 2.19e-01 1.97e+02 -11.0 5.85e-01    -  1.00e+00 7.81e-03h  8
2121  1.0568901e-01 2.19e-01 1.93e+02 -11.0 4.53e-01    -  1.00e+00 1.95e-03h 10
2122  1.0565810e-01 2.20e-01 1.94e+02 -11.0 5.89e-01    -  1.00e+00 1.95e-03h 10
2123  1.0563447e-01 2.21e-01 1.91e+02 -11.0 1.96e+00    -  1.00e+00 4.88e-04h 12
2124  1.0524059e-01 5.25e+00 9.20e+02 -11.0 5.98e+01    -  1.00e+00 9.77e-04h 11
2125  1.0453277e-01 5.50e+00 9.48e+02 -11.0 1.09e+01    -  1.00e+00 1.95e-03h 10
2126  1.0470780e-01 4.80e+00 7.22e+02 -11.0 1.40e-01    -  1.00e+00 1.25e-01h  4
2127  1.0426601e-01 3.78e+00 1.07e+03 -11.0 5.29e-02    -  1.00e+00 2.50e-01h  3
2128  1.5051610e+00 6.10e+02 6.05e+05 -11.0 7.15e-01    -  1.00e+00 1.00e+00w  1
2129  1.3589425e+02 2.36e+04 3.79e+04 -11.0 3.86e+00    -  1.00e+00 1.00e+00w  1
iter    objective    inf_pr   inf_du lg(mu)  ||d||  lg(rg) alpha_du alpha_pr  ls
2130  2.4491816e+04 1.72e+09 1.24e+07 -11.0 5.21e+01    -  1.00e+00 1.00e+00w  1
2131  1.0416528e-01 3.86e+00 7.41e+02 -11.0 8.66e+01    -  1.00e+00 1.56e-02h  6
2132  1.0648112e-01 7.76e-01 1.65e+07 -11.0 9.13e-03    -  1.00e+00 1.00e+00h  1
2133  1.0831799e-01 2.08e-01 5.59e+06 -11.0 1.10e-02    -  1.00e+00 1.00e+00h  1
2134  1.0832676e-01 1.04e-02 1.62e+03 -11.0 7.44e-04    -  1.00e+00 1.00e+00h  1
2135  1.0810440e-01 3.47e-03 4.22e+02 -11.0 8.31e-04    -  1.00e+00 1.00e+00h  1
2136  1.0750379e-01 2.50e-01 3.92e+02 -11.0 3.86e-02    -  1.00e+00 6.25e-02h  5
2137  1.0696727e-01 3.42e-01 3.56e+02 -11.0 3.12e-02    -  1.00e+00 6.25e-02h  5
2138  1.0613078e-01 7.12e-01 2.09e+02 -11.0 6.60e-02    -  1.00e+00 6.25e-02h  5
2139  1.0539611e-01 5.06e+00 1.44e+03 -11.0 1.83e-02    -  1.00e+00 5.00e-01h  2
iter    objective    inf_pr   inf_du lg(mu)  ||d||  lg(rg) alpha_du alpha_pr  ls
2140  1.0553810e-01 2.28e+00 1.69e+03 -11.0 2.72e-02    -  1.00e+00 5.00e-01h  2
2141  1.0608902e-01 1.04e+00 6.11e+03 -11.0 1.48e-02    -  1.00e+00 1.00e+00h  1
2142  1.0577882e-01 4.82e-01 2.16e+03 -11.0 7.59e-03    -  1.00e+00 1.00e+00h  1
2143  1.0551107e-01 2.86e-02 1.64e+02 -11.0 2.79e-03    -  1.00e+00 1.00e+00h  1
2144  1.0526123e-01 1.91e-01 6.64e+01 -11.0 6.84e-02    -  1.00e+00 1.25e-01h  4
2145  1.0509636e-01 6.11e-01 1.23e+02 -11.0 5.70e-03    -  1.00e+00 1.00e+00h  1
2146  1.0514046e-01 1.38e+00 4.92e+02 -11.0 6.21e-03    -  1.00e+00 1.00e+00h  1
2147  1.0503388e-01 6.14e-01 9.53e+01 -11.0 7.55e-03    -  1.00e+00 1.00e+00h  1
2148  1.0520300e-01 5.76e-01 1.37e+02 -11.0 8.15e-03    -  1.00e+00 1.00e+00h  1
2149  1.0492665e-01 1.14e+00 7.48e+01 -11.0 7.06e-03    -  1.00e+00 1.00e+00h  1
iter    objective    inf_pr   inf_du lg(mu)  ||d||  lg(rg) alpha_du alpha_pr  ls
2150  1.0481726e-01 7.63e-01 1.20e+02 -11.0 7.24e-03    -  1.00e+00 1.00e+00h  1
2151  1.0489777e-01 1.49e-01 1.99e+02 -11.0 3.95e-03    -  1.00e+00 1.00e+00h  1
2152  1.0488682e-01 1.56e-01 7.70e+01 -11.0 8.46e-03    -  1.00e+00 1.00e+00H  1
2153  1.0479828e-01 2.92e-01 7.26e+01 -11.0 2.89e-02    -  1.00e+00 1.25e-01h  4
2154  1.0473378e-01 3.14e-01 8.01e+01 -11.0 5.55e-03    -  1.00e+00 1.00e+00h  1
2155  1.0458435e-01 2.17e-01 6.34e+01 -11.0 4.68e-03    -  1.00e+00 1.00e+00h  1
2156  1.0444033e-01 1.07e-01 1.10e+02 -11.0 6.01e-03    -  1.00e+00 1.00e+00h  1
2157  1.0468112e-01 1.56e-01 7.70e+01 -11.0 1.49e-02    -  1.00e+00 1.00e+00H  1
2158  1.0459160e-01 1.55e-01 7.43e+01 -11.0 2.42e-02    -  1.00e+00 6.25e-02h  5
2159  1.0423840e-01 3.59e+00 3.25e+02 -11.0 4.20e-02    -  1.00e+00 2.50e-01h  3
iter    objective    inf_pr   inf_du lg(mu)  ||d||  lg(rg) alpha_du alpha_pr  ls
2160  1.0412394e-01 3.23e+00 2.14e+02 -11.0 2.09e-02    -  1.00e+00 2.50e-01h  3
2161  1.0409102e-01 1.79e+00 1.53e+02 -11.0 3.83e-02    -  1.00e+00 1.25e-01h  4
2162  1.0416708e-01 1.80e+00 4.32e+01 -11.0 8.65e-03    -  1.00e+00 5.00e-01h  2
2163  1.0404886e-01 2.96e+00 6.45e+01 -11.0 2.78e-02    -  1.00e+00 2.50e-01h  3
2164  1.0403086e-01 2.81e+00 4.94e+01 -11.0 1.57e-02    -  1.00e+00 1.25e-01h  4
2165  1.0401364e-01 4.93e+00 1.74e+02 -11.0 7.40e-02    -  1.00e+00 5.00e-01h  2
2166  1.0396440e-01 7.67e+00 2.73e+02 -11.0 2.49e-01    -  1.00e+00 1.25e-01h  4
2167  1.0389505e-01 7.43e+00 2.43e+02 -11.0 9.26e-02    -  1.00e+00 2.50e-01h  3
2168  1.3054412e-01 4.35e+01 1.32e+03 -11.0 1.32e-01    -  1.00e+00 1.00e+00w  1
2169  1.2390214e+00 5.20e+01 6.89e+04 -11.0 3.96e-01    -  1.00e+00 1.00e+00w  1
iter    objective    inf_pr   inf_du lg(mu)  ||d||  lg(rg) alpha_du alpha_pr  ls
2170  3.7628880e+00 2.73e+02 1.54e+06 -11.0 6.37e-01    -  1.00e+00 1.00e+00w  1
2171  1.0349052e-01 1.03e+01 2.24e+02 -11.0 5.86e-01    -  1.00e+00 1.25e-01h  3
2172  1.0369920e-01 8.17e+00 2.91e+02 -11.0 2.14e-02    -  1.00e+00 2.50e-01h  3
2173  1.0358013e-01 6.19e+00 1.91e+02 -11.0 2.11e-02    -  1.00e+00 5.00e-01h  2
2174  1.0417720e-01 7.05e-01 4.50e+02 -11.0 1.69e-02    -  1.00e+00 1.00e+00h  1
2175  1.0270768e-01 7.80e-01 5.55e+02 -11.0 8.86e-03    -  1.00e+00 1.00e+00h  1
2176  1.0343560e-01 1.44e-01 5.31e+02 -11.0 1.11e-02    -  1.00e+00 1.00e+00h  1
2177  1.0305730e-01 4.74e-01 2.23e+02 -11.0 8.05e-03    -  1.00e+00 1.00e+00h  1
2178  1.0302387e-01 1.25e-01 2.71e+01 -11.0 4.40e-03    -  1.00e+00 1.00e+00h  1
2179  1.0294996e-01 2.24e-02 3.56e+01 -11.0 5.04e-03    -  1.00e+00 1.00e+00h  1
iter    objective    inf_pr   inf_du lg(mu)  ||d||  lg(rg) alpha_du alpha_pr  ls
2180  1.0284163e-01 4.93e-01 5.46e+01 -11.0 5.56e-03    -  1.00e+00 1.00e+00h  1
2181  1.0277553e-01 4.00e-01 3.43e+01 -11.0 5.41e-03    -  1.00e+00 1.00e+00h  1
2182  1.0280550e-01 2.57e-02 4.83e+01 -11.0 3.28e-03    -  1.00e+00 1.00e+00h  1
2183  1.0304085e-01 2.16e-02 5.17e+01 -11.0 8.64e-03    -  1.00e+00 1.00e+00H  1
2184  1.0274001e-01 2.01e-01 6.89e+01 -11.0 1.30e-02    -  1.00e+00 5.00e-01h  2
2185  1.0265088e-01 1.17e+00 1.16e+02 -11.0 6.37e-02    -  1.00e+00 1.25e-01h  4
2186  1.0247790e-01 9.64e-01 9.32e+01 -11.0 5.26e-02    -  1.00e+00 1.25e-01h  4
2187  1.0264904e-01 9.49e-02 4.14e+01 -11.0 1.29e-02    -  1.00e+00 1.00e+00H  1
2188  1.0264246e-01 3.37e-01 9.22e+01 -11.0 1.19e-02    -  1.00e+00 5.00e-01h  2
2189  1.0246067e-01 4.10e-01 5.67e+01 -11.0 1.12e-02    -  1.00e+00 5.00e-01h  2
iter    objective    inf_pr   inf_du lg(mu)  ||d||  lg(rg) alpha_du alpha_pr  ls
2190  1.0259237e-01 2.15e-01 1.64e+02 -11.0 1.02e-02    -  1.00e+00 1.00e+00h  1
2191  1.0246843e-01 1.75e-01 1.27e+02 -11.0 2.08e-02    -  1.00e+00 2.50e-01h  3
2192  1.0232177e-01 2.86e-01 1.13e+02 -11.0 1.49e-02    -  1.00e+00 5.00e-01h  2
2193  1.0224927e-01 1.30e-01 1.03e+02 -11.0 5.15e-03    -  1.00e+00 1.00e+00h  1
2194  1.0214628e-01 5.34e-01 9.64e+01 -11.0 5.89e-03    -  1.00e+00 1.00e+00h  1
2195  1.0215261e-01 3.93e-01 7.32e+01 -11.0 1.22e-02    -  1.00e+00 5.00e-01h  2
2196  1.0206456e-01 1.62e+00 1.44e+02 -11.0 2.69e-02    -  1.00e+00 5.00e-01h  2
2197  1.0199535e-01 2.43e+00 1.91e+02 -11.0 1.24e-01    -  1.00e+00 3.12e-02h  6
2198  1.0197770e-01 2.60e+00 1.87e+02 -11.0 2.21e-01    -  1.00e+00 1.56e-02h  7
2199  1.0197407e-01 2.24e+00 1.13e+02 -11.0 2.08e-02    -  1.00e+00 2.50e-01h  3
iter    objective    inf_pr   inf_du lg(mu)  ||d||  lg(rg) alpha_du alpha_pr  ls
2200  1.0203282e-01 2.25e+00 8.04e+01 -11.0 1.48e-02    -  1.00e+00 2.50e-01h  3
2201  1.0195611e-01 3.26e+00 1.23e+02 -11.0 1.32e-01    -  1.00e+00 3.12e-02h  6
2202  1.0193926e-01 3.09e+00 2.04e+02 -11.0 2.02e-02    -  1.00e+00 1.25e-01h  4
2203  1.0191391e-01 3.30e+00 2.31e+02 -11.0 8.11e-02    -  1.00e+00 3.12e-02h  6
2204  1.0199850e-01 1.84e+00 1.43e+02 -11.0 9.54e-03    -  1.00e+00 5.00e-01h  2
2205  1.0219897e-01 4.40e-01 1.45e+02 -11.0 8.28e-03    -  1.00e+00 1.00e+00h  1
2206  1.0200538e-01 8.81e-02 6.79e+01 -11.0 3.49e-03    -  1.00e+00 1.00e+00h  1
2207  1.0200883e-01 3.70e-02 2.49e+01 -11.0 2.25e-03    -  1.00e+00 1.00e+00h  1
2208  1.0186147e-01 1.41e+00 4.83e+02 -11.0 1.28e-02    -  1.00e+00 1.00e+00h  1
2209  1.0166606e-01 3.30e-01 1.01e+02 -11.0 2.00e-03    -  1.00e+00 1.00e+00h  1
iter    objective    inf_pr   inf_du lg(mu)  ||d||  lg(rg) alpha_du alpha_pr  ls
2210  1.0181344e-01 2.57e-02 3.82e+01 -11.0 2.64e-03    -  1.00e+00 1.00e+00h  1
2211  1.0182131e-01 1.10e-02 2.20e+01 -11.0 1.56e-03    -  1.00e+00 1.00e+00h  1
2212  1.0177485e-01 3.43e-02 3.73e+01 -11.0 1.11e-02    -  1.00e+00 1.00e+00H  1
2213  1.0173006e-01 1.45e-01 6.16e+01 -11.0 4.05e-02    -  1.00e+00 1.25e-01h  4
2214  1.0164970e-01 2.01e-01 9.29e+01 -11.0 7.39e-03    -  1.00e+00 1.00e+00h  1
2215  1.0160984e-01 2.10e-01 7.56e+01 -11.0 6.55e-03    -  1.00e+00 5.00e-01h  2
2216  1.0159369e-01 6.19e-01 1.38e+02 -11.0 1.55e-02    -  1.00e+00 1.00e+00h  1
2217  1.0156958e-01 4.02e+00 8.18e+02 -11.0 4.39e-02    -  1.00e+00 5.00e-01h  2
2218  1.0155766e-01 3.57e+00 5.03e+02 -11.0 2.47e-02    -  1.00e+00 5.00e-01h  2
2219  1.0146990e-01 3.94e+00 2.58e+02 -11.0 1.04e-01    -  1.00e+00 2.50e-01h  3
iter    objective    inf_pr   inf_du lg(mu)  ||d||  lg(rg) alpha_du alpha_pr  ls
2220  1.0139685e-01 2.06e+00 9.25e+01 -11.0 6.12e-01    -  1.00e+00 3.12e-02h  6
2221  1.0129198e-01 2.20e+00 8.90e+01 -11.0 5.70e-01    -  1.00e+00 3.12e-02h  6
2222  1.0125280e-01 2.59e+00 9.76e+01 -11.0 2.24e+00    -  1.00e+00 7.81e-03h  8
2223  1.0118205e-01 3.66e+00 1.50e+02 -11.0 2.11e+00    -  1.00e+00 7.81e-03h  8
2224  1.0112922e-01 4.10e+00 1.58e+02 -11.0 2.43e-01    -  1.00e+00 1.56e-02h  7
2225  1.0112203e-01 4.12e+00 1.59e+02 -11.0 2.86e-01    -  1.00e+00 1.56e-02h  7
2226  1.0111135e-01 4.29e+00 1.66e+02 -11.0 6.54e+00    -  1.00e+00 9.77e-04h 11
2227  4.2419749e+02 5.13e+06 3.41e+06 -11.0 1.34e+01    -  1.00e+00 1.00e+00w  1
2228  3.8942269e+02 1.85e+06 4.69e+10 -11.0 6.52e+00    -  1.00e+00 1.00e+00w  1
2229  3.7345476e+02 6.98e+05 1.05e+13 -11.0 1.51e+00    -  1.00e+00 1.00e+00w  1
iter    objective    inf_pr   inf_du lg(mu)  ||d||  lg(rg) alpha_du alpha_pr  ls
2230  1.0109385e-01 4.66e+00 1.70e+02 -11.0 1.33e+00    -  1.00e+00 2.44e-04h 12
2231  1.0146691e-01 2.72e+00 3.63e+03 -11.0 5.90e-03   0.4 1.00e+00 5.00e-01h  2
2232  1.0153364e-01 2.38e+00 9.57e+02 -11.0 3.18e-03   3.1 1.00e+00 1.25e-01h  4
2233  1.0156726e-01 2.24e+00 6.20e+04 -11.0 3.28e-03   5.7 1.00e+00 6.25e-02h  5
2234  1.0159112e-01 2.10e+00 9.98e+05 -11.0 2.95e-03   7.1 1.00e+00 6.25e-02h  5
2235  1.0159312e-01 2.07e+00 9.53e+05 -11.0 5.76e-03    -  1.00e+00 1.56e-02h  7
2236  1.0171214e-01 4.70e-01 2.48e+06 -11.0 6.44e-03    -  1.00e+00 1.00e+00h  1
2237  1.0160977e-01 9.44e-02 5.56e+04 -11.0 2.05e-03    -  1.00e+00 1.00e+00h  1
2238  1.0165912e-01 3.78e-03 8.36e+03 -11.0 1.05e-03    -  1.00e+00 1.00e+00h  1
2239  1.0166374e-01 2.58e-05 1.24e+02 -11.0 8.87e-05    -  1.00e+00 1.00e+00h  1
iter    objective    inf_pr   inf_du lg(mu)  ||d||  lg(rg) alpha_du alpha_pr  ls
2240  1.0146054e-01 4.80e-02 1.55e+02 -11.0 3.78e-03    -  1.00e+00 1.00e+00h  1
2241  1.0142140e-01 1.89e-01 3.12e+01 -11.0 2.45e-03    -  1.00e+00 1.00e+00h  1
2242  1.0141586e-01 1.48e-01 1.65e+02 -11.0 1.37e-02    -  1.00e+00 5.00e-01h  2
2243  1.0121003e-01 1.25e-01 3.23e+01 -11.0 4.82e-03    -  1.00e+00 1.00e+00h  1
2244  1.0127003e-01 9.07e-02 2.99e+01 -11.0 2.19e-03    -  1.00e+00 1.00e+00h  1
2245  1.0123093e-01 3.92e-02 3.67e+01 -11.0 2.04e-03    -  1.00e+00 1.00e+00h  1
2246  1.0121991e-01 6.66e-02 2.85e+01 -11.0 1.55e-01    -  1.00e+00 7.81e-03h  8
2247  1.0117710e-01 1.05e+00 2.20e+02 -11.0 2.41e-02    -  1.00e+00 2.50e-01h  3
2248  1.0114568e-01 9.87e-01 1.16e+02 -11.0 5.06e-03    -  1.00e+00 1.00e+00h  1
2249  1.0105238e-01 1.73e-01 1.29e+02 -11.0 6.57e-03    -  1.00e+00 1.00e+00h  1
iter    objective    inf_pr   inf_du lg(mu)  ||d||  lg(rg) alpha_du alpha_pr  ls
2250  1.0131331e-01 2.64e-02 1.06e+02 -11.0 6.46e-03    -  1.00e+00 1.00e+00H  1
2251  1.0116279e-01 1.35e-02 8.42e+01 -11.0 5.37e-03    -  1.00e+00 1.00e+00H  1
2252  1.0112604e-01 8.89e-03 2.86e+01 -11.0 4.67e-03    -  1.00e+00 1.00e+00H  1
2253  1.0108911e-01 3.75e-03 1.90e+01 -11.0 1.82e-03    -  1.00e+00 1.00e+00h  1
2254  1.0105996e-01 2.49e-02 2.28e+01 -11.0 3.27e-03    -  1.00e+00 1.00e+00h  1
2255  1.0104584e-01 6.73e-01 2.63e+02 -11.0 2.04e-02    -  1.00e+00 1.00e+00h  1
2256  1.0099694e-01 6.48e-01 2.69e+02 -11.0 1.15e-01    -  1.00e+00 1.25e-01h  4
2257  1.0087844e-01 3.45e-01 1.56e+02 -11.0 2.23e-02    -  1.00e+00 2.50e-01h  3
2258  1.0086308e-01 1.77e+00 1.40e+03 -11.0 3.62e-02    -  1.00e+00 5.00e-01h  2
2259  9.7445001e-02 1.93e+01 1.23e+03 -11.0 1.55e-01    -  1.00e+00 5.00e-01h  2
iter    objective    inf_pr   inf_du lg(mu)  ||d||  lg(rg) alpha_du alpha_pr  ls
2260  9.9600318e-02 1.79e+01 1.20e+03 -11.0 2.79e-01    -  1.00e+00 3.12e-02h  6
2261  9.9207716e-02 1.68e+01 1.08e+03 -11.0 1.95e-01    -  1.00e+00 6.25e-02h  5
2262  9.8778173e-02 1.48e+01 1.03e+03 -11.0 2.07e-01    -  1.00e+00 6.25e-02h  5
2263  1.0052697e-01 1.39e+01 1.16e+03 -11.0 2.18e-01    -  1.00e+00 6.25e-02h  5
2264  9.7461004e-02 1.34e+01 1.26e+03 -11.0 6.28e-01    -  1.00e+00 6.25e-02h  5
2265  9.4508061e-02 1.15e+01 1.17e+03 -11.0 6.10e-01    -  1.00e+00 6.25e-02h  5
2266  5.2709668e-01 1.02e+02 2.16e+03 -11.0 3.11e-01    -  1.00e+00 1.00e+00w  1
2267  1.5401567e+01 5.71e+02 2.95e+04 -11.0 2.43e+00    -  1.00e+00 1.00e+00w  1
2268  1.5327269e+01 1.03e+03 2.25e+04 -11.0 3.58e+00    -  1.00e+00 1.00e+00w  1
2269  9.2099691e-02 1.05e+01 9.27e+02 -11.0 4.21e-01    -  1.00e+00 1.25e-01h  3
iter    objective    inf_pr   inf_du lg(mu)  ||d||  lg(rg) alpha_du alpha_pr  ls
2270  1.1384356e-01 5.49e+00 2.33e+03 -11.0 1.22e-01    -  1.00e+00 5.00e-01h  2
2271  1.0226190e-01 4.40e+00 2.29e+03 -11.0 1.31e-01    -  1.00e+00 2.50e-01h  3
2272  1.0710073e-01 3.90e+00 1.34e+03 -11.0 1.08e-01    -  1.00e+00 2.50e-01h  3
2273  1.8032126e-01 1.54e+01 1.19e+04 -11.0 1.72e-01    -  1.00e+00 1.00e+00h  1
2274  1.8240054e-01 2.10e+00 3.48e+03 -11.0 1.54e-01    -  1.00e+00 5.00e-01h  2
2275  1.4058659e-01 2.11e+01 1.38e+04 -11.0 7.76e-01    -  1.00e+00 6.25e-02h  5
2276  1.2901461e-01 2.06e+01 1.28e+04 -11.0 3.87e-01    -  1.00e+00 3.12e-02h  6
2277  1.2025503e-01 1.96e+01 1.22e+04 -11.0 4.19e-01    -  1.00e+00 3.12e-02h  6
2278  1.0336929e-01 2.35e+01 7.15e+03 -11.0 1.86e-01    -  1.00e+00 5.00e-01h  2
2279  1.1233149e-01 4.81e+00 4.69e+03 -11.0 1.83e-01    -  1.00e+00 2.50e-01h  3
iter    objective    inf_pr   inf_du lg(mu)  ||d||  lg(rg) alpha_du alpha_pr  ls
2280  1.6161968e-01 3.54e+00 7.27e+03 -11.0 4.65e-02    -  1.00e+00 1.00e+00h  1
2281  1.8083498e-01 5.49e+00 1.23e+05 -11.0 5.93e-02    -  1.00e+00 5.00e-01h  2
2282  1.7227098e-01 4.80e+00 6.63e+04 -11.0 7.96e-02    -  1.00e+00 5.00e-01h  2
2283  1.9484702e-01 6.17e-01 3.83e+04 -11.0 7.41e-02    -  1.00e+00 1.00e+00h  1
2284  1.4607104e-01 9.75e+00 1.40e+04 -11.0 1.43e-01    -  1.00e+00 5.00e-01h  2
2285  1.3153035e-01 5.31e+00 1.37e+03 -11.0 6.22e-02    -  1.00e+00 5.00e-01h  2
2286  1.3365953e-01 6.12e+00 2.21e+03 -11.0 1.44e-01    -  1.00e+00 1.25e-01h  4
2287  1.3687314e-01 5.07e+00 2.17e+03 -11.0 1.55e-01    -  1.00e+00 1.25e-01h  4
2288  1.4317019e-01 4.30e+00 1.90e+03 -11.0 1.39e-01    -  1.00e+00 1.25e-01h  4
2289  1.2394419e-01 9.20e+00 2.23e+03 -11.0 1.56e-01    -  1.00e+00 5.00e-01h  2
iter    objective    inf_pr   inf_du lg(mu)  ||d||  lg(rg) alpha_du alpha_pr  ls
2290  1.2910050e-01 7.54e+00 1.86e+03 -11.0 2.52e-01    -  1.00e+00 1.25e-01h  4
2291  1.3296535e-01 7.04e+00 1.76e+03 -11.0 2.16e-01    -  1.00e+00 6.25e-02h  5
2292  1.3458915e-01 6.83e+00 1.71e+03 -11.0 1.93e-01    -  1.00e+00 3.12e-02h  6
2293  1.3901187e-01 6.01e+00 1.42e+03 -11.0 1.21e-01    -  1.00e+00 1.25e-01h  4
2294  2.1976281e-01 4.60e+01 3.46e+04 -11.0 1.34e-01    -  1.00e+00 1.00e+00w  1
2295  2.7049482e-01 3.20e+01 1.97e+06 -11.0 1.58e-01    -  1.00e+00 1.00e+00w  1
2296  3.2681060e-01 1.15e+01 2.54e+05 -11.0 9.57e-02    -  1.00e+00 1.00e+00w  1
2297  1.4192757e-01 5.21e+00 1.29e+03 -11.0 2.36e-01    -  1.00e+00 1.25e-01h  3
2298  1.4450049e-01 4.69e+00 1.11e+03 -11.0 1.45e-01    -  1.00e+00 1.25e-01h  4
2299  1.4710034e-01 4.50e+00 1.04e+03 -11.0 1.35e-01    -  1.00e+00 1.25e-01h  4
iter    objective    inf_pr   inf_du lg(mu)  ||d||  lg(rg) alpha_du alpha_pr  ls
2300  1.4975266e-01 4.40e+00 9.31e+02 -11.0 1.23e-01    -  1.00e+00 1.25e-01h  4
2301  1.4075050e-01 4.71e+00 6.60e+02 -11.0 1.25e-01    -  1.00e+00 2.50e-01h  3
2302  1.2307267e-01 4.93e+00 2.33e+02 -11.0 1.02e-01    -  1.00e+00 5.00e-01h  2
2303  1.2932026e-01 1.06e+00 1.08e+03 -11.0 9.71e-02    -  1.00e+00 1.00e+00h  1
2304  1.2293839e-01 5.81e+00 6.23e+04 -11.0 6.30e-02    -  1.00e+00 1.00e+00h  1
2305  1.2752190e-01 1.19e+00 5.96e+03 -11.0 3.70e-02    -  1.00e+00 1.00e+00h  1
2306  1.3625326e-01 5.33e-01 2.51e+04 -11.0 2.86e-02    -  1.00e+00 1.00e+00h  1
2307  1.1550421e-01 4.77e+00 9.74e+03 -11.0 1.20e-01    -  1.00e+00 5.00e-01h  2
2308  1.1376744e-01 2.13e+00 5.36e+02 -11.0 5.47e-02    -  1.00e+00 1.00e+00h  1
2309  1.0960813e-01 6.05e-01 6.02e+02 -11.0 2.12e-02    -  1.00e+00 1.00e+00h  1
iter    objective    inf_pr   inf_du lg(mu)  ||d||  lg(rg) alpha_du alpha_pr  ls
2310  1.0964611e-01 5.82e-01 6.17e+02 -11.0 1.28e-01    -  1.00e+00 6.25e-02h  5
2311  1.0886755e-01 7.71e-01 5.40e+02 -11.0 1.31e-01    -  1.00e+00 2.50e-01h  3
2312  1.0550539e-01 2.49e+00 5.03e+02 -11.0 1.02e-01    -  1.00e+00 2.50e-01h  3
2313  1.0690914e-01 2.15e+00 4.90e+02 -11.0 7.52e-02    -  1.00e+00 1.25e-01h  4
2314  1.0621637e-01 1.95e+00 5.13e+02 -11.0 8.59e-02    -  1.00e+00 1.25e-01h  4
2315  1.0136103e-01 2.31e+00 1.32e+03 -11.0 1.89e-01    -  1.00e+00 1.25e-01h  4
2316  1.0198317e-01 8.25e-01 5.43e+03 -11.0 4.79e-02    -  1.00e+00 5.00e-01h  2
2317  1.0084225e-01 2.24e+00 1.69e+03 -11.0 3.19e-02    -  1.00e+00 1.00e+00h  1
2318  1.0073824e-01 4.91e+00 1.23e+03 -11.0 4.24e-02    -  1.00e+00 5.00e-01h  2
2319  9.9385530e-02 6.89e+00 5.16e+03 -11.0 5.55e-02    -  1.00e+00 5.00e-01h  2
iter    objective    inf_pr   inf_du lg(mu)  ||d||  lg(rg) alpha_du alpha_pr  ls
2320  1.0602924e-01 1.74e+00 1.41e+04 -11.0 2.67e-02    -  1.00e+00 1.00e+00h  1
2321  1.0597185e-01 6.52e-01 9.46e+02 -11.0 2.13e-02    -  1.00e+00 1.00e+00h  1
2322  1.0443087e-01 3.50e-01 1.03e+03 -11.0 1.38e-02    -  1.00e+00 1.00e+00h  1
2323  1.0371135e-01 2.12e-01 1.11e+03 -11.0 2.00e-02    -  1.00e+00 1.00e+00h  1
2324  1.0181085e-01 1.23e+00 4.97e+02 -11.0 3.90e-02    -  1.00e+00 5.00e-01h  2
2325  1.0114172e-01 9.65e-01 1.84e+02 -11.0 6.45e-02    -  1.00e+00 2.50e-01h  3
2326  1.0007927e-01 6.46e-01 1.39e+03 -11.0 1.17e-01    -  1.00e+00 2.50e-01h  3
2327  9.6880991e-02 2.12e+01 6.81e+02 -11.0 6.77e-02    -  1.00e+00 1.00e+00h  1
2328  9.5701531e-02 2.13e+01 6.79e+02 -11.0 3.88e-01    -  1.00e+00 1.56e-02h  7
2329  9.4912379e-02 2.11e+01 6.64e+02 -11.0 2.68e-01    -  1.00e+00 1.56e-02h  7
iter    objective    inf_pr   inf_du lg(mu)  ||d||  lg(rg) alpha_du alpha_pr  ls
2330  9.4391453e-02 2.07e+01 6.44e+02 -11.0 1.67e-01    -  1.00e+00 3.12e-02h  6
2331  9.4171134e-02 1.96e+01 6.20e+02 -11.0 1.73e-01    -  1.00e+00 6.25e-02h  5
2332  9.7630046e-02 1.53e+01 5.24e+02 -11.0 6.55e-02    -  1.00e+00 2.50e-01h  3
2333  9.8857857e-02 1.25e+01 3.62e+02 -11.0 5.94e-02    -  1.00e+00 2.50e-01h  3
2334  9.9284231e-02 1.17e+01 3.48e+02 -11.0 4.60e-02    -  1.00e+00 6.25e-02h  5
2335  9.9321201e-02 1.10e+01 3.25e+02 -11.0 7.17e-02    -  1.00e+00 6.25e-02h  5
2336  9.9353420e-02 1.06e+01 3.14e+02 -11.0 6.92e-02    -  1.00e+00 3.12e-02h  6
2337  1.0234812e-01 5.93e+00 3.48e+02 -11.0 6.80e-02    -  1.00e+00 5.00e-01h  2
2338  1.1577998e-01 3.20e+00 1.18e+04 -11.0 5.14e-02    -  1.00e+00 1.00e+00h  1
2339  1.2364806e-01 2.58e+00 1.17e+03 -11.0 6.67e-02    -  1.00e+00 1.00e+00h  1
iter    objective    inf_pr   inf_du lg(mu)  ||d||  lg(rg) alpha_du alpha_pr  ls
2340  1.2171791e-01 1.67e+00 3.01e+04 -11.0 5.41e-02    -  1.00e+00 1.00e+00h  1
2341  1.1415472e-01 2.32e+00 4.78e+03 -11.0 3.94e-02    -  1.00e+00 1.00e+00h  1
2342  1.2327051e-01 3.10e+00 2.34e+03 -11.0 5.50e-02    -  1.00e+00 1.00e+00h  1
2343  1.2166256e-01 4.35e+00 7.34e+03 -11.0 1.01e-01    -  1.00e+00 1.00e+00h  1
2344  1.2039876e-01 4.75e+00 6.92e+03 -11.0 1.82e-01    -  1.00e+00 1.25e-01h  4
2345  1.1777974e-01 5.22e+00 5.98e+03 -11.0 5.50e-02    -  1.00e+00 5.00e-01h  2
2346  1.0668847e-01 4.45e+00 5.11e+03 -11.0 2.23e-01    -  1.00e+00 2.50e-01h  3
2347  1.1113597e-01 1.79e+00 3.07e+03 -11.0 1.08e-01    -  1.00e+00 5.00e-01h  2
2348  1.0553305e-01 3.03e+00 3.39e+03 -11.0 1.18e-01    -  1.00e+00 2.50e-01h  3
2349  9.4947328e-02 2.57e+00 2.25e+03 -11.0 8.24e-02    -  1.00e+00 5.00e-01h  2
iter    objective    inf_pr   inf_du lg(mu)  ||d||  lg(rg) alpha_du alpha_pr  ls
2350  1.0350603e-01 2.31e+00 1.69e+03 -11.0 2.12e-01    -  1.00e+00 2.50e-01h  3
2351  1.0433220e-01 2.66e+00 1.63e+03 -11.0 3.35e-01    -  1.00e+00 1.56e-02h  7
2352  1.0475541e-01 2.73e+00 1.60e+03 -11.0 2.75e-01    -  1.00e+00 7.81e-03h  8
2353  1.0824072e-01 2.92e+00 9.66e+03 -11.0 1.82e-01    -  1.00e+00 5.00e-01h  2
2354  1.6970118e-01 1.10e+01 2.41e+03 -11.0 1.63e-01    -  1.00e+00 1.00e+00w  1
2355  1.5294041e-01 1.40e+01 2.51e+03 -11.0 8.24e-02    -  1.00e+00 1.00e+00w  1
2356  7.7333814e-01 2.62e+01 6.28e+04 -11.0 8.16e-01    -  1.00e+00 1.00e+00w  1
2357  1.1427451e-01 2.82e+00 7.25e+03 -11.0 5.58e-01    -  1.00e+00 2.50e-01h  2
2358  1.1770275e-01 2.84e+00 5.89e+03 -11.0 1.06e-01    -  1.00e+00 1.25e-01h  4
2359  1.2341247e-01 1.88e+00 2.21e+03 -11.0 8.61e-02    -  1.00e+00 5.00e-01h  2
iter    objective    inf_pr   inf_du lg(mu)  ||d||  lg(rg) alpha_du alpha_pr  ls
2360  1.1892122e-01 2.05e+00 1.75e+03 -11.0 1.29e-01    -  1.00e+00 1.25e-01h  4
2361  1.2754301e-01 7.02e-01 7.86e+02 -11.0 4.35e-02    -  1.00e+00 5.00e-01h  2
2362  1.2750222e-01 6.36e-01 7.11e+02 -11.0 2.87e-02    -  1.00e+00 1.25e-01h  4
2363  1.2735065e-01 7.45e-01 7.26e+02 -11.0 2.50e-02    -  1.00e+00 5.00e-01h  2
2364  1.2544395e-01 8.65e-01 8.75e+02 -11.0 2.80e-01    -  1.00e+00 3.12e-02h  6
2365  1.2283890e-01 4.38e-01 7.24e+02 -11.0 2.35e-01    -  1.00e+00 6.25e-02h  5
2366  1.2225605e-01 5.56e-01 4.06e+02 -11.0 2.83e-01    -  1.00e+00 1.25e-01h  4
2367  1.6916708e-01 1.93e+01 1.82e+03 -11.0 1.60e-01    -  1.00e+00 1.00e+00w  1
2368  4.1557905e-01 4.88e+01 9.96e+03 -11.0 1.65e-01    -  1.00e+00 1.00e+00w  1
2369  9.8840812e+00 7.99e+01 4.77e+05 -11.0 1.41e+00    -  1.00e+00 1.00e+00w  1
iter    objective    inf_pr   inf_du lg(mu)  ||d||  lg(rg) alpha_du alpha_pr  ls
2370  1.2224497e-01 5.38e-01 3.91e+02 -11.0 1.24e+01    -  1.00e+00 3.12e-02h  5
2371  1.0777434e-01 4.06e+00 6.49e+03 -11.0 5.95e-02    -  1.00e+00 1.00e+00h  1
2372  9.9282654e-02 5.68e+00 1.03e+04 -11.0 4.80e-02    -  1.00e+00 1.00e+00h  1
2373  9.9413186e-02 6.37e-01 1.97e+04 -11.0 3.44e-02    -  1.00e+00 1.00e+00h  1
2374  1.0611182e-01 2.88e-01 8.19e+03 -11.0 2.80e-02    -  1.00e+00 1.00e+00h  1
2375  9.4911737e-02 1.18e+00 1.22e+03 -11.0 4.82e-02    -  1.00e+00 1.00e+00h  1
2376  9.8227369e-02 1.16e+00 1.14e+03 -11.0 1.35e-01    -  1.00e+00 1.25e-01h  4
2377  9.8526912e-02 8.99e-01 1.21e+03 -11.0 8.03e-02    -  1.00e+00 1.25e-01h  4
2378  9.9078149e-02 8.42e-01 1.13e+03 -11.0 5.14e-02    -  1.00e+00 6.25e-02h  5
2379  9.8372590e-02 6.65e-01 9.03e+02 -11.0 9.19e-02    -  1.00e+00 2.50e-01h  3
iter    objective    inf_pr   inf_du lg(mu)  ||d||  lg(rg) alpha_du alpha_pr  ls
2380  9.7522386e-02 5.85e-01 1.18e+03 -11.0 7.29e-02    -  1.00e+00 1.25e-01h  4
2381  9.6635125e-02 4.48e-01 2.47e+03 -11.0 5.92e-02    -  1.00e+00 1.25e-01h  4
2382  9.3045408e-02 1.99e+01 4.02e+03 -11.0 3.44e-01    -  1.00e+00 2.50e-01h  3
2383  9.2651309e-02 1.22e+01 1.45e+03 -11.0 7.35e-02    -  1.00e+00 1.00e+00h  1
2384  8.8812457e-02 6.14e+00 1.01e+03 -11.0 1.33e-01    -  1.00e+00 2.50e-01h  3
2385  9.0272651e-02 4.70e+00 7.06e+02 -11.0 1.21e-01    -  1.00e+00 2.50e-01h  3
2386  9.0605034e-02 3.84e+00 6.15e+02 -11.0 1.14e-01    -  1.00e+00 2.50e-01h  3
2387  8.7351684e-02 3.75e+00 5.31e+02 -11.0 1.64e-01    -  1.00e+00 1.25e-01h  4
2388  9.0493746e-02 3.14e+00 4.71e+02 -11.0 9.11e-02    -  1.00e+00 1.25e-01h  4
2389  9.1756438e-02 3.05e+00 5.35e+02 -11.0 8.54e-02    -  1.00e+00 1.25e-01h  4
iter    objective    inf_pr   inf_du lg(mu)  ||d||  lg(rg) alpha_du alpha_pr  ls
2390  9.3693140e-02 2.69e+00 6.48e+02 -11.0 1.73e-01    -  1.00e+00 1.25e-01h  4
2391  9.0885581e-02 1.88e+00 2.20e+03 -11.0 5.05e-02    -  1.00e+00 2.50e-01h  3
2392  9.2905089e-02 1.50e+00 1.16e+03 -11.0 3.34e-01    -  1.00e+00 1.25e-01h  4
2393  9.4087344e-02 1.13e+00 1.25e+03 -11.0 2.66e-01    -  1.00e+00 1.25e-01h  4
2394  1.6113504e-01 3.07e+01 4.19e+04 -11.0 2.55e-01    -  1.00e+00 1.00e+00w  1
2395  1.9933089e+00 6.60e+01 1.16e+04 -11.0 8.37e-01    -  1.00e+00 1.00e+00w  1
2396  1.3740816e+01 2.98e+02 6.72e+04 -11.0 1.52e+00    -  1.00e+00 1.00e+00w  1
2397  9.4791869e-02 8.56e-01 1.57e+03 -11.0 1.54e+00    -  1.00e+00 6.25e-02h  4
2398  9.5393373e-02 2.55e-01 9.04e+02 -11.0 1.61e-02    -  1.00e+00 1.00e+00h  1
2399  9.1735503e-02 1.01e-01 3.38e+03 -11.0 2.36e-02    -  1.00e+00 1.00e+00h  1
iter    objective    inf_pr   inf_du lg(mu)  ||d||  lg(rg) alpha_du alpha_pr  ls
2400  8.7091729e-02 1.96e-01 4.56e+02 -11.0 9.37e-03    -  1.00e+00 1.00e+00h  1
2401  8.4133047e-02 9.93e-01 3.17e+02 -11.0 1.99e-02    -  1.00e+00 1.00e+00h  1
2402  8.2648912e-02 1.16e+00 7.32e+03 -11.0 1.91e-02    -  1.00e+00 1.00e+00h  1
2403  8.3076725e-02 3.20e-01 1.25e+03 -11.0 1.08e-02    -  1.00e+00 1.00e+00h  1
2404  8.3139976e-02 1.02e-01 4.21e+01 -11.0 6.66e-03    -  1.00e+00 1.00e+00h  1
2405  8.2461766e-02 1.08e+00 7.25e+02 -11.0 3.37e-02    -  1.00e+00 5.00e-01h  2
2406  8.2146777e-02 5.13e-01 1.91e+02 -11.0 1.16e-01    -  1.00e+00 6.25e-02h  5
2407  8.1588846e-02 4.01e-01 7.80e+02 -11.0 4.56e-02    -  1.00e+00 5.00e-01h  2
2408  8.0746695e-02 1.03e+00 7.36e+02 -11.0 2.13e-02    -  1.00e+00 1.00e+00h  1
2409  8.0358168e-02 1.07e+00 7.76e+02 -11.0 1.26e-01    -  1.00e+00 1.25e-01h  4
iter    objective    inf_pr   inf_du lg(mu)  ||d||  lg(rg) alpha_du alpha_pr  ls
2410  7.8300691e-02 9.60e-01 3.78e+02 -11.0 2.64e-02    -  1.00e+00 1.00e+00h  1
2411  7.7687908e-02 8.41e-01 3.55e+02 -11.0 3.29e-02    -  1.00e+00 5.00e-01h  2
2412  7.8650688e-02 8.15e-01 2.36e+02 -11.0 4.61e-02    -  1.00e+00 5.00e-01h  2
2413  7.8088811e-02 7.40e-01 2.09e+02 -11.0 2.55e-02    -  1.00e+00 2.50e-01h  3
2414  7.9618775e-02 1.60e-01 4.31e+01 -11.0 8.39e-03    -  1.00e+00 1.00e+00H  1
2415  7.9284095e-02 3.67e-01 6.83e+01 -11.0 2.08e-02    -  1.00e+00 2.50e-01h  3
2416  7.9569010e-02 2.67e-01 1.12e+02 -11.0 9.49e-03    -  1.00e+00 1.00e+00H  1
2417  7.9251010e-02 3.55e-01 1.20e+02 -11.0 2.64e-02    -  1.00e+00 1.25e-01h  4
2418  7.8616804e-02 3.88e-01 2.61e+02 -11.0 1.08e-02    -  1.00e+00 1.00e+00H  1
2419  7.7592411e-02 1.19e+01 1.32e+03 -11.0 1.96e-02    -  1.00e+00 1.00e+00h  1
iter    objective    inf_pr   inf_du lg(mu)  ||d||  lg(rg) alpha_du alpha_pr  ls
2420  7.7765855e-02 7.52e+00 2.54e+03 -11.0 2.32e-02    -  1.00e+00 5.00e-01h  2
2421  7.6943132e-02 7.70e+00 4.10e+02 -11.0 1.83e-02    -  1.00e+00 1.00e+00h  1
2422  7.7530632e-02 9.56e-01 3.95e+02 -11.0 1.54e-02    -  1.00e+00 1.00e+00h  1
2423  7.7703958e-02 1.53e+00 2.40e+02 -11.0 1.80e-02    -  1.00e+00 5.00e-01h  2
2424  7.6512304e-02 7.87e-01 1.95e+02 -11.0 2.28e-02    -  1.00e+00 1.00e+00H  1
2425  7.6274758e-02 6.80e-01 1.70e+02 -11.0 2.35e-02    -  1.00e+00 5.00e-01h  2
2426  7.6953679e-02 6.86e-01 8.17e+01 -11.0 9.87e-03    -  1.00e+00 5.00e-01h  2
2427  7.6971680e-02 6.72e-01 7.87e+01 -11.0 1.54e-02    -  1.00e+00 6.25e-02h  5
2428  7.7106795e-02 6.52e-01 6.80e+01 -11.0 1.34e-02    -  1.00e+00 2.50e-01h  3
2429  7.7099080e-02 6.92e-01 6.33e+01 -11.0 8.98e-02    -  1.00e+00 1.56e-02h  7
iter    objective    inf_pr   inf_du lg(mu)  ||d||  lg(rg) alpha_du alpha_pr  ls
2430  7.7093974e-02 7.00e-01 6.67e+01 -11.0 4.32e-02    -  1.00e+00 1.56e-02h  7
2431  7.7090028e-02 6.95e-01 6.36e+01 -11.0 4.31e-02    -  1.00e+00 3.12e-02h  6
2432  7.7745114e-02 1.29e-01 2.01e+02 -11.0 3.12e-03    -  1.00e+00 1.00e+00h  1
2433  7.7721972e-02 1.13e-02 1.46e+02 -11.0 2.38e-03    -  1.00e+00 1.00e+00h  1
2434  7.7433645e-02 8.37e-02 9.70e+01 -11.0 1.01e-02    -  1.00e+00 1.00e+00h  1
2435  7.7176376e-02 1.79e-01 3.14e+02 -11.0 6.60e-01    -  1.00e+00 1.56e-02h  7
2436  7.6558379e-02 3.40e-01 4.58e+02 -11.0 2.16e-01    -  1.00e+00 6.25e-02h  5
2437  7.5939139e-02 4.44e-01 5.45e+02 -11.0 1.67e-01    -  1.00e+00 6.25e-02h  5
2438  7.5634535e-02 2.84e-01 2.90e+02 -11.0 2.31e-02    -  1.00e+00 1.00e+00h  1
2439  7.4253173e-02 7.02e-02 6.42e+01 -11.0 1.25e-02    -  1.00e+00 1.00e+00h  1
iter    objective    inf_pr   inf_du lg(mu)  ||d||  lg(rg) alpha_du alpha_pr  ls
2440  7.5722528e-02 5.18e-02 5.24e+01 -11.0 8.73e-03    -  1.00e+00 1.00e+00H  1
2441  7.5536260e-02 1.37e-02 2.94e+01 -11.0 4.10e-03    -  1.00e+00 1.00e+00H  1
2442  7.5306898e-02 1.20e-02 1.98e+01 -11.0 5.92e-03    -  1.00e+00 1.00e+00H  1
2443  7.5149046e-02 3.81e-02 4.41e+01 -11.0 1.78e-02    -  1.00e+00 1.00e+00H  1
2444  7.4939464e-02 2.33e-02 1.03e+01 -11.0 8.29e-03    -  1.00e+00 1.00e+00H  1
2445  7.4856558e-02 1.98e-02 1.15e+01 -11.0 1.10e-02    -  1.00e+00 1.25e-01h  4
2446  7.4671653e-02 6.25e-02 6.27e+00 -11.0 3.58e-03    -  1.00e+00 1.00e+00h  1
2447  7.4598442e-02 2.32e-02 3.63e+00 -11.0 4.59e-03    -  1.00e+00 1.00e+00h  1
2448  7.4475314e-02 1.62e-01 1.86e+01 -11.0 1.61e-01    -  1.00e+00 6.25e-02h  5
2449  7.4419562e-02 5.84e-01 2.74e+01 -11.0 4.47e-02    -  1.00e+00 2.50e-01h  3
iter    objective    inf_pr   inf_du lg(mu)  ||d||  lg(rg) alpha_du alpha_pr  ls
2450  7.4060983e-02 5.42e-01 2.52e+01 -11.0 8.59e-02    -  1.00e+00 2.50e-01h  3
2451  7.3862100e-02 8.70e-01 6.82e+01 -11.0 4.70e-02    -  1.00e+00 5.00e-01h  2
2452  7.3438228e-02 1.67e+00 1.69e+02 -11.0 2.71e-01    -  1.00e+00 1.25e-01h  4
2453  7.0673063e-02 6.47e+00 3.00e+02 -11.0 1.82e-01    -  1.00e+00 2.50e-01h  3
2454  7.1017730e-02 3.32e+00 2.66e+02 -11.0 8.42e-02    -  1.00e+00 2.50e-01h  3
2455  7.1506301e-02 2.45e+00 3.17e+02 -11.0 7.36e-02    -  1.00e+00 2.50e-01h  3
2456  7.2639413e-02 1.77e+00 2.68e+02 -11.0 4.32e-02    -  1.00e+00 2.50e-01h  3
2457  7.3388656e-02 1.50e+00 2.27e+02 -11.0 6.53e-02    -  1.00e+00 1.25e-01h  4
2458  1.0232752e-01 7.69e+00 4.99e+03 -11.0 6.47e-02    -  1.00e+00 1.00e+00w  1
2459  9.3823431e-02 7.54e+00 1.16e+04 -11.0 5.84e-02    -  1.00e+00 1.00e+00w  1
iter    objective    inf_pr   inf_du lg(mu)  ||d||  lg(rg) alpha_du alpha_pr  ls
2460  1.6760088e-01 2.41e+01 6.41e+04 -11.0 1.29e-01    -  1.00e+00 1.00e+00w  1
2461  7.3314822e-02 1.31e+00 2.12e+02 -11.0 2.28e-01    -  1.00e+00 1.25e-01h  3
2462  7.3110547e-02 1.45e+00 1.94e+02 -11.0 7.04e-02    -  1.00e+00 1.25e-01h  4
2463  7.7348283e-02 1.41e+00 3.74e+02 -11.0 5.39e-02    -  1.00e+00 5.00e-01h  2
2464  7.7477596e-02 1.26e+00 1.64e+02 -11.0 5.33e-02    -  1.00e+00 1.25e-01h  4
2465  8.0071594e-02 9.65e-01 1.71e+02 -11.0 2.94e-02    -  1.00e+00 2.50e-01h  3
2466  8.5368357e-02 4.24e-01 1.92e+02 -11.0 2.66e-02    -  1.00e+00 5.00e-01h  2
2467  1.0668353e-01 5.42e-01 2.57e+02 -11.0 3.50e-02    -  1.00e+00 1.00e+00H  1
2468  9.2823260e-02 6.93e-02 6.47e+01 -11.0 3.28e-02    -  1.00e+00 1.00e+00h  1
2469  8.9029070e-02 5.65e-01 1.10e+02 -11.0 1.82e-02    -  1.00e+00 1.00e+00h  1
iter    objective    inf_pr   inf_du lg(mu)  ||d||  lg(rg) alpha_du alpha_pr  ls
2470  8.6606575e-02 4.66e-01 5.00e+01 -11.0 1.48e-01    -  1.00e+00 1.25e-01h  4
2471  8.5103057e-02 1.12e+00 1.91e+02 -11.0 5.89e-02    -  1.00e+00 5.00e-01h  2
2472  8.3146170e-02 5.23e-01 1.52e+02 -11.0 3.15e-02    -  1.00e+00 5.00e-01h  2
2473  8.2765234e-02 5.76e-01 5.80e+01 -11.0 3.68e-02    -  1.00e+00 5.00e-01h  2
2474  8.2675558e-02 7.85e-01 1.80e+02 -11.0 1.08e-02    -  1.00e+00 1.00e+00h  1
2475  8.2620415e-02 7.42e-01 1.72e+02 -11.0 4.16e-02    -  1.00e+00 6.25e-02h  5
2476  8.2385365e-02 7.24e-01 1.70e+02 -11.0 6.91e-02    -  1.00e+00 6.25e-02h  5
2477  8.2520035e-02 6.81e-01 1.69e+02 -11.0 4.94e-02    -  1.00e+00 6.25e-02h  5
2478  8.3164959e-02 6.94e-01 5.50e+02 -11.0 3.18e-02    -  1.00e+00 2.50e-01h  3
2479  8.2796215e-02 9.67e-01 7.49e+02 -11.0 1.10e-01    -  1.00e+00 1.25e-01h  4
iter    objective    inf_pr   inf_du lg(mu)  ||d||  lg(rg) alpha_du alpha_pr  ls
2480  8.1855985e-02 6.78e-01 4.69e+02 -11.0 2.73e-02    -  1.00e+00 2.50e-01h  3
2481  8.1822331e-02 7.57e-01 9.04e+02 -11.0 4.72e-02    -  1.00e+00 2.50e-01h  3
2482  8.0497225e-02 1.02e+00 1.13e+03 -11.0 2.80e-02    -  1.00e+00 5.00e-01h  2
2483  8.1885795e-02 3.96e-01 3.33e+02 -11.0 7.96e-03    -  1.00e+00 1.00e+00h  1
2484  8.1086592e-02 6.34e-01 2.40e+02 -11.0 4.93e-02    -  1.00e+00 2.50e-01h  3
2485  8.0685271e-02 1.03e+00 1.03e+02 -11.0 2.01e-02    -  1.00e+00 5.00e-01h  2
2486  8.0520793e-02 8.88e-01 7.66e+01 -11.0 3.88e-02    -  1.00e+00 2.50e-01h  3
2487  8.0507810e-02 8.63e-01 5.87e+01 -11.0 5.69e-02    -  1.00e+00 2.50e-01h  3
2488  8.0293166e-02 8.82e-01 5.19e+01 -11.0 5.60e-02    -  1.00e+00 1.25e-01h  4
2489  8.0224532e-02 8.83e-01 5.07e+01 -11.0 6.51e-02    -  1.00e+00 1.25e-01h  4
iter    objective    inf_pr   inf_du lg(mu)  ||d||  lg(rg) alpha_du alpha_pr  ls
2490  8.0112742e-02 9.51e-01 6.88e+01 -11.0 1.36e-01    -  1.00e+00 6.25e-02h  5
2491  8.0290201e-02 4.75e-01 1.52e+02 -11.0 1.20e-02    -  1.00e+00 1.00e+00h  1
2492  8.0077386e-02 2.68e-01 1.75e+02 -11.0 8.65e-03    -  1.00e+00 1.00e+00h  1
2493  7.9779770e-02 7.85e-02 3.38e+01 -11.0 5.85e-03    -  1.00e+00 1.00e+00h  1
2494  7.9558173e-02 8.43e-02 2.28e+01 -11.0 5.14e-03    -  1.00e+00 1.00e+00h  1
2495  7.9104744e-02 6.24e-01 3.56e+01 -11.0 2.72e-02    -  1.00e+00 5.00e-01h  2
2496  7.8742710e-02 5.52e-01 7.99e+01 -11.0 5.05e-02    -  1.00e+00 2.50e-01h  3
2497  7.8997928e-02 4.25e-01 7.46e+02 -11.0 3.74e-02    -  1.00e+00 2.50e-01h  3
2498  7.8528931e-02 1.77e-01 1.36e+02 -11.0 1.27e-02    -  1.00e+00 1.00e+00h  1
2499  7.8396508e-02 2.63e-01 9.44e+01 -11.0 1.48e-02    -  1.00e+00 5.00e-01h  2
iter    objective    inf_pr   inf_du lg(mu)  ||d||  lg(rg) alpha_du alpha_pr  ls
2500  7.8545946e-02 7.52e-02 2.92e+01 -11.0 7.85e-03    -  1.00e+00 1.00e+00h  1
2501  7.8164683e-02 1.08e+00 6.45e+01 -11.0 2.82e-02    -  1.00e+00 1.00e+00h  1
2502  7.8383843e-02 1.55e+00 9.25e+01 -11.0 1.07e-01    -  1.00e+00 5.00e-01h  2
2503  7.7836174e-02 1.24e+00 7.63e+01 -11.0 1.94e-01    -  1.00e+00 6.25e-02h  5
2504  7.6774976e-02 1.40e+00 5.91e+01 -11.0 3.05e-02    -  1.00e+00 2.50e-01h  3
2505  7.6198769e-02 1.08e+00 7.36e+01 -11.0 2.14e-02    -  1.00e+00 5.00e-01h  2
2506  7.6823471e-02 3.93e-01 5.64e+02 -11.0 1.01e-02    -  1.00e+00 1.00e+00h  1
2507  7.6582467e-02 5.13e-01 9.74e+01 -11.0 6.55e-03    -  1.00e+00 1.00e+00h  1
2508  7.6462016e-02 9.67e-02 3.28e+01 -11.0 5.53e-03    -  1.00e+00 1.00e+00h  1
2509  7.6868907e-02 4.26e-02 1.79e+01 -11.0 1.17e-02    -  1.00e+00 1.00e+00H  1
iter    objective    inf_pr   inf_du lg(mu)  ||d||  lg(rg) alpha_du alpha_pr  ls
2510  7.5946529e-02 5.91e-01 3.30e+01 -11.0 7.83e-03    -  1.00e+00 1.00e+00H  1
2511  7.5661261e-02 1.92e-01 5.11e+01 -11.0 8.75e-03    -  1.00e+00 1.00e+00H  1
2512  7.5833649e-02 2.51e-01 3.07e+01 -11.0 1.89e-02    -  1.00e+00 5.00e-01h  2
2513  7.6437352e-02 1.69e-01 1.36e+01 -11.0 7.38e-03    -  1.00e+00 1.00e+00H  1
2514  7.6142470e-02 9.50e-02 2.89e+01 -11.0 1.48e-02    -  1.00e+00 1.00e+00H  1
2515  7.5974708e-02 7.21e-02 3.03e+01 -11.0 4.71e-02    -  1.00e+00 2.50e-01h  3
2516  7.5619738e-02 1.17e+00 1.45e+02 -11.0 1.03e-01    -  1.00e+00 2.50e-01h  3
2517  7.5492810e-02 2.05e+00 1.90e+02 -11.0 4.25e-01    -  1.00e+00 6.25e-02h  5
2518  7.5162424e-02 1.03e+00 1.35e+02 -11.0 5.13e-01    -  1.00e+00 6.25e-02h  5
2519  7.4568655e-02 9.16e-01 6.71e+01 -11.0 3.47e-01    -  1.00e+00 1.25e-01h  4
iter    objective    inf_pr   inf_du lg(mu)  ||d||  lg(rg) alpha_du alpha_pr  ls
2520  7.3760808e-02 2.05e+00 1.24e+02 -11.0 4.60e+00    -  1.00e+00 7.81e-03h  8
2521  7.3227321e-02 2.76e+00 1.22e+02 -11.0 1.85e-01    -  1.00e+00 1.25e-01h  4
2522  7.3937639e-02 4.13e+00 1.34e+03 -11.0 3.75e-02    -  1.00e+00 5.00e-01h  2
2523  7.3827594e-02 3.60e+00 1.17e+03 -11.0 3.97e-01    -  1.00e+00 6.25e-02h  5
2524  7.3031871e-02 3.78e+00 1.06e+03 -11.0 3.81e-01    -  1.00e+00 3.12e-02h  6
2525  1.0312991e-01 1.90e+01 1.72e+03 -11.0 2.57e-01    -  1.00e+00 1.00e+00w  1
2526  3.0376311e-01 4.44e+01 2.98e+04 -11.0 4.49e-01    -  1.00e+00 1.00e+00w  1
2527  2.1448996e+00 2.60e+02 3.20e+05 -11.0 6.22e-01    -  1.00e+00 1.00e+00w  1
2528  7.3093822e-02 3.61e+00 1.01e+03 -11.0 5.69e-01    -  1.00e+00 3.12e-02h  5
2529  7.3522849e-02 3.31e+00 9.44e+02 -11.0 2.32e-01    -  1.00e+00 6.25e-02h  5
iter    objective    inf_pr   inf_du lg(mu)  ||d||  lg(rg) alpha_du alpha_pr  ls
2530  7.4703376e-02 2.73e+00 8.48e+02 -11.0 2.09e-01    -  1.00e+00 1.25e-01h  4
2531  7.4964205e-02 2.64e+00 8.10e+02 -11.0 1.42e-01    -  1.00e+00 3.12e-02h  6
2532  7.5059013e-02 2.10e+00 4.10e+02 -11.0 5.43e-02    -  1.00e+00 2.50e-01h  3
2533  7.5501671e-02 1.77e+00 5.18e+02 -11.0 4.92e-02    -  1.00e+00 1.25e-01h  4
2534  8.1273472e-02 3.81e+00 1.65e+03 -11.0 4.39e-02    -  1.00e+00 1.00e+00h  1
2535  7.9262327e-02 2.18e-01 1.01e+03 -11.0 1.44e-02    -  1.00e+00 1.00e+00h  1
2536  7.6779454e-02 4.89e-01 3.72e+02 -11.0 2.32e-02    -  1.00e+00 1.00e+00h  1
2537  7.6129866e-02 2.70e-01 2.20e+02 -11.0 3.45e-02    -  1.00e+00 5.00e-01h  2
2538  7.5622850e-02 5.31e-01 1.74e+02 -11.0 1.62e-01    -  1.00e+00 1.25e-01h  4
2539  7.4657720e-02 5.37e+00 1.91e+03 -11.0 1.75e-01    -  1.00e+00 2.50e-01h  3
iter    objective    inf_pr   inf_du lg(mu)  ||d||  lg(rg) alpha_du alpha_pr  ls
2540  6.6071137e-02 3.26e+00 8.06e+02 -11.0 3.38e-01    -  1.00e+00 5.00e-01h  2
2541  6.4875999e-02 3.47e+00 2.62e+03 -11.0 3.15e-01    -  1.00e+00 1.25e-01h  4
2542  6.3424492e-02 5.32e+00 6.81e+02 -11.0 4.18e-01    -  1.00e+00 1.25e-01h  4
2543  6.2379152e-02 4.84e+00 4.77e+02 -11.0 8.26e-02    -  1.00e+00 2.50e-01h  3
2544  6.4916025e-02 4.10e+00 6.38e+02 -11.0 8.04e-02    -  1.00e+00 2.50e-01h  3
2545  6.8415894e-02 1.89e+00 1.25e+03 -11.0 4.30e-02    -  1.00e+00 5.00e-01h  2
2546  7.1411291e-02 8.54e-01 8.90e+02 -11.0 3.06e-02    -  1.00e+00 5.00e-01h  2
2547  7.8273415e-02 1.80e+00 3.22e+04 -11.0 4.19e-02    -  1.00e+00 1.00e+00w  1
2548  7.6683245e-02 6.27e-01 1.49e+02 -11.0 2.18e-02    -  1.00e+00 1.00e+00w  1
2549  8.0073827e-02 5.16e-01 1.33e+02 -11.0 2.66e-02    -  1.00e+00 1.00e+00w  1
iter    objective    inf_pr   inf_du lg(mu)  ||d||  lg(rg) alpha_du alpha_pr  ls
2550  7.3765177e-02 4.79e-01 1.97e+03 -11.0 1.54e-02    -  1.00e+00 5.00e-01h  1
2551  7.4400746e-02 3.24e-01 1.49e+03 -11.0 1.57e-02    -  1.00e+00 5.00e-01h  2
2552  7.4089769e-02 3.61e-01 1.46e+03 -11.0 3.97e-02    -  1.00e+00 1.25e-01h  4
2553  7.4072177e-02 3.53e-01 1.44e+03 -11.0 2.58e-02    -  1.00e+00 6.25e-02h  5
2554  7.4082562e-02 3.39e-01 1.38e+03 -11.0 1.54e-02    -  1.00e+00 6.25e-02h  5
2555  7.4075627e-02 3.23e-01 1.27e+03 -11.0 1.26e-02    -  1.00e+00 1.25e-01h  4
2556  7.4467444e-02 1.92e-01 6.03e+02 -11.0 1.23e-02    -  1.00e+00 5.00e-01h  2
2557  7.4350440e-02 8.36e-02 5.12e+02 -11.0 1.41e-02    -  1.00e+00 5.00e-01h  2
2558  7.4215272e-02 2.58e-01 5.92e+02 -11.0 4.59e-02    -  1.00e+00 2.50e-01h  3
2559  7.4018376e-02 1.48e-01 2.65e+02 -11.0 2.00e-02    -  1.00e+00 5.00e-01h  2
iter    objective    inf_pr   inf_du lg(mu)  ||d||  lg(rg) alpha_du alpha_pr  ls
2560  7.4292674e-02 3.70e-02 1.50e+02 -11.0 1.14e-02    -  1.00e+00 1.00e+00h  1
2561  7.4029152e-02 2.50e-02 3.13e+01 -11.0 8.94e-03    -  1.00e+00 1.00e+00h  1
2562  7.3787514e-02 1.75e-02 4.57e+01 -11.0 3.25e-03    -  1.00e+00 1.00e+00h  1
2563  7.4080523e-02 9.09e-03 1.48e+01 -11.0 1.37e-03    -  1.00e+00 1.00e+00h  1
2564  7.3936502e-02 1.22e-02 1.12e+01 -11.0 5.36e-03    -  1.00e+00 1.00e+00H  1
2565  7.3379242e-02 8.68e-01 2.44e+02 -11.0 1.16e-02    -  1.00e+00 1.00e+00h  1
2566  7.3324506e-02 2.59e-01 3.47e+01 -11.0 4.29e-03    -  1.00e+00 1.00e+00h  1
2567  7.3315176e-02 1.97e-01 2.21e+01 -11.0 1.77e-02    -  1.00e+00 2.50e-01h  3
2568  7.3239696e-02 1.87e-01 3.68e+01 -11.0 2.76e-02    -  1.00e+00 2.50e-01h  3
2569  7.3164806e-02 3.20e-01 3.97e+01 -11.0 6.41e-02    -  1.00e+00 2.50e-01h  3
iter    objective    inf_pr   inf_du lg(mu)  ||d||  lg(rg) alpha_du alpha_pr  ls
2570  7.3112961e-02 3.02e-01 3.67e+01 -11.0 2.09e-02    -  1.00e+00 1.25e-01h  4
2571  7.3076076e-02 2.13e-01 2.98e+01 -11.0 3.13e-02    -  1.00e+00 2.50e-01h  3
2572  7.3265532e-02 3.16e-01 1.72e+01 -11.0 1.90e-02    -  1.00e+00 5.00e-01h  2
2573  7.3015701e-02 1.83e-01 1.03e+01 -11.0 6.10e-03    -  1.00e+00 1.00e+00h  1
2574  7.2948362e-02 7.50e-02 8.69e+00 -11.0 4.71e-03    -  1.00e+00 1.00e+00h  1
2575  7.2921174e-02 1.82e-01 1.96e+01 -11.0 1.31e-02    -  1.00e+00 1.00e+00h  1
2576  7.2748550e-02 2.23e-01 2.91e+01 -11.0 7.79e-02    -  1.00e+00 1.25e-01h  4
2577  7.2627408e-02 2.58e-01 3.70e+01 -11.0 3.32e-02    -  1.00e+00 5.00e-01h  2
2578  7.2464655e-02 2.55e-01 3.40e+01 -11.0 1.20e-01    -  1.00e+00 6.25e-02h  5
2579  7.2034208e-02 6.53e-01 2.44e+01 -11.0 2.92e-02    -  1.00e+00 1.00e+00h  1
iter    objective    inf_pr   inf_du lg(mu)  ||d||  lg(rg) alpha_du alpha_pr  ls
2580  7.2002918e-02 5.70e-01 4.14e+01 -11.0 1.09e-01    -  1.00e+00 6.25e-02h  5
2581  7.1858093e-02 4.13e-01 3.24e+01 -11.0 2.20e-02    -  1.00e+00 5.00e-01h  2
2582  7.1673104e-02 5.09e-01 3.25e+01 -11.0 2.22e-01    -  1.00e+00 6.25e-02h  5
2583  7.1596855e-02 3.84e-01 3.23e+01 -11.0 2.40e+00    -  1.00e+00 3.91e-03h  9
2584  7.1486552e-02 4.05e-01 4.48e+01 -11.0 3.01e-01    -  1.00e+00 6.25e-02h  5
2585  7.1338274e-02 4.14e-01 5.02e+01 -11.0 1.69e+00    -  1.00e+00 3.91e-03h  9
2586  7.1251512e-02 4.77e-01 4.84e+01 -11.0 7.06e-01    -  1.00e+00 3.91e-03h  9
2587  7.1370485e-02 7.60e-01 4.10e+01 -11.0 2.06e-02    -  1.00e+00 1.00e+00h  1
2588  7.1170715e-02 7.54e-01 1.18e+02 -11.0 5.05e-01    -  1.00e+00 6.25e-02h  5
2589  7.0869245e-02 1.52e+00 1.14e+02 -11.0 1.12e-01    -  1.00e+00 1.25e-01h  4
iter    objective    inf_pr   inf_du lg(mu)  ||d||  lg(rg) alpha_du alpha_pr  ls
2590  7.1005184e-02 1.27e+00 7.31e+01 -11.0 3.41e-02    -  1.00e+00 2.50e-01h  3
2591  7.1085779e-02 1.11e+00 9.41e+01 -11.0 1.70e-02    -  1.00e+00 1.25e-01h  4
2592  7.1263641e-02 8.20e-01 2.46e+02 -11.0 1.17e-02    -  1.00e+00 2.50e-01h  3
2593  7.1344245e-02 5.48e-01 2.25e+02 -11.0 1.90e-02    -  1.00e+00 5.00e-01h  2
2594  7.1947298e-02 2.10e-01 1.26e+02 -11.0 9.45e-03    -  1.00e+00 5.00e-01h  2
2595  7.2005188e-02 1.88e-01 1.02e+02 -11.0 1.58e-02    -  1.00e+00 2.50e-01h  3
2596  7.1789607e-02 3.58e-01 1.13e+02 -11.0 3.83e-01    -  1.00e+00 1.56e-02h  7
2597  7.1758229e-02 3.58e-01 1.11e+02 -11.0 5.71e-02    -  1.00e+00 3.12e-02h  6
2598  7.3815779e-02 8.23e+00 1.28e+03 -11.0 4.86e-02    -  1.00e+00 1.00e+00w  1
2599  2.1251554e-01 1.94e+01 4.21e+04 -11.0 1.22e-01    -  1.00e+00 1.00e+00w  1
iter    objective    inf_pr   inf_du lg(mu)  ||d||  lg(rg) alpha_du alpha_pr  ls
2600  4.6096532e-01 1.32e+01 3.61e+05 -11.0 1.27e-01    -  1.00e+00 1.00e+00w  1
2601  7.1718031e-02 3.59e-01 1.07e+02 -11.0 3.70e-01    -  1.00e+00 6.25e-02h  4
2602  7.1802976e-02 2.08e-01 9.50e+01 -11.0 2.04e-02    -  1.00e+00 1.00e+00H  1
2603  7.1434102e-02 3.23e-01 1.08e+02 -11.0 2.26e-02    -  1.00e+00 2.50e-01h  3
2604  7.1230139e-02 4.39e-01 9.17e+01 -11.0 2.54e-02    -  1.00e+00 1.25e-01h  4
2605  7.1052985e-02 5.54e-01 8.20e+01 -11.0 7.39e-02    -  1.00e+00 6.25e-02h  5
2606  7.1013622e-02 2.71e-01 1.33e+02 -11.0 3.21e-02    -  1.00e+00 5.00e-01h  2
2607  7.0981249e-02 3.24e-01 1.47e+02 -11.0 1.46e-01    -  1.00e+00 1.56e-02h  7
2608  6.9278599e-02 7.79e-01 6.88e+01 -11.0 9.52e-03    -  1.00e+00 1.00e+00H  1
2609  6.9372696e-02 4.60e-01 6.77e+01 -11.0 1.71e-02    -  1.00e+00 2.50e-01h  3
iter    objective    inf_pr   inf_du lg(mu)  ||d||  lg(rg) alpha_du alpha_pr  ls
2610  7.0065699e-02 4.26e-01 4.31e+01 -11.0 1.65e-02    -  1.00e+00 5.00e-01h  2
2611  7.0069519e-02 4.19e-01 4.16e+01 -11.0 1.79e-02    -  1.00e+00 3.12e-02h  6
2612  7.0917124e-02 1.31e-01 3.65e+01 -11.0 6.66e-03    -  1.00e+00 1.00e+00h  1
2613  7.0580862e-02 2.97e-01 4.67e+01 -11.0 6.24e-03    -  1.00e+00 1.00e+00h  1
2614  7.0401320e-02 1.29e-01 2.70e+01 -11.0 3.57e-03    -  1.00e+00 1.00e+00h  1
2615  7.0573537e-02 1.95e-02 2.04e+01 -11.0 2.95e-03    -  1.00e+00 1.00e+00h  1
2616  7.0523161e-02 6.95e-02 9.04e+00 -11.0 3.14e-03    -  1.00e+00 1.00e+00h  1
2617  7.0629139e-02 2.80e-03 1.36e+01 -11.0 9.55e-03    -  1.00e+00 1.00e+00H  1
2618  7.0401087e-02 1.85e-01 1.45e+01 -11.0 1.16e-02    -  1.00e+00 5.00e-01h  2
2619  7.0364874e-02 3.04e-02 1.56e+01 -11.0 1.31e-02    -  1.00e+00 5.00e-01h  2
iter    objective    inf_pr   inf_du lg(mu)  ||d||  lg(rg) alpha_du alpha_pr  ls
2620  6.9631518e-02 4.44e-01 1.29e+01 -11.0 1.14e-02    -  1.00e+00 1.00e+00H  1
2621  6.9944081e-02 3.12e-01 1.11e+01 -11.0 7.26e-03    -  1.00e+00 1.00e+00H  1
2622  7.0060446e-02 1.11e-01 1.73e+01 -11.0 1.33e-02    -  1.00e+00 5.00e-01h  2
2623  7.0202785e-02 5.83e-02 1.43e+01 -11.0 3.06e-03    -  1.00e+00 1.00e+00h  1
2624  7.0261965e-02 3.31e-03 3.29e+00 -11.0 1.45e-03    -  1.00e+00 1.00e+00h  1
2625  7.0150781e-02 9.77e-02 1.27e+01 -11.0 1.38e-02    -  1.00e+00 1.00e+00h  1
2626  7.0165501e-02 1.83e-01 2.40e+01 -11.0 1.02e-01    -  1.00e+00 1.25e-01h  4
2627  6.9994836e-02 1.64e-01 3.12e+01 -11.0 6.33e-02    -  1.00e+00 1.25e-01h  4
2628  6.9888750e-02 2.66e-01 3.30e+01 -11.0 2.05e+00    -  1.00e+00 1.95e-03h 10
2629  6.9679225e-02 2.92e-01 3.16e+01 -11.0 4.71e-02    -  1.00e+00 2.50e-01h  3
iter    objective    inf_pr   inf_du lg(mu)  ||d||  lg(rg) alpha_du alpha_pr  ls
2630  6.9468201e-02 4.17e-01 4.12e+01 -11.0 1.35e-01    -  1.00e+00 6.25e-02h  5
2631  6.9269843e-02 4.31e-01 5.37e+01 -11.0 5.88e-01    -  1.00e+00 3.12e-02h  6
2632  6.9060801e-02 1.94e+00 1.44e+02 -11.0 1.46e-01    -  1.00e+00 2.50e-01h  3
2633  6.8737046e-02 4.45e+00 4.45e+02 -11.0 9.90e-01    -  1.00e+00 6.25e-02h  5
2634  6.7666908e-02 3.88e+00 4.19e+02 -11.0 1.07e-01    -  1.00e+00 1.25e-01h  4
2635  6.7406054e-02 4.09e+00 4.86e+02 -11.0 1.38e-01    -  1.00e+00 2.50e-01h  3
2636  7.6777657e-02 5.60e+00 1.82e+03 -11.0 1.22e-01    -  1.00e+00 1.00e+00w  1
2637  3.4845828e-01 2.82e+01 1.37e+05 -11.0 2.58e-01    -  1.00e+00 1.00e+00w  1
2638  2.2504372e+00 4.76e+02 4.19e+05 -11.0 4.82e-01    -  1.00e+00 1.00e+00w  1
2639  6.5611539e-02 2.18e+00 7.11e+02 -11.0 6.75e-01    -  1.00e+00 5.00e-01h  1
iter    objective    inf_pr   inf_du lg(mu)  ||d||  lg(rg) alpha_du alpha_pr  ls
2640  6.8721242e-02 1.02e+00 8.38e+03 -11.0 3.04e-02    -  1.00e+00 5.00e-01h  2
2641  6.9018354e-02 9.56e-01 8.13e+03 -11.0 2.13e-02    -  1.00e+00 6.25e-02h  5
2642  6.9158567e-02 9.26e-01 8.00e+03 -11.0 2.01e-02    -  1.00e+00 3.12e-02h  6
2643  7.5544316e-02 3.98e-01 2.21e+02 -11.0 4.38e-02    -  1.00e+00 1.00e+00h  1
2644  7.0777491e-02 1.87e-01 7.60e+02 -11.0 2.08e-02    -  1.00e+00 1.00e+00h  1
2645  6.9948346e-02 1.63e-01 1.47e+02 -11.0 6.98e-03    -  1.00e+00 1.00e+00h  1
2646  7.0372591e-02 7.21e-02 5.96e+02 -11.0 6.52e-03    -  1.00e+00 1.00e+00H  1
2647  6.9800634e-02 2.88e-02 4.51e+01 -11.0 5.78e-03    -  1.00e+00 1.00e+00h  1
2648  6.8628332e-02 4.58e-01 2.35e+02 -11.0 3.00e-02    -  1.00e+00 1.00e+00h  1
2649  6.8308370e-02 2.22e+00 2.84e+02 -11.0 1.04e-01    -  1.00e+00 5.00e-01h  2
iter    objective    inf_pr   inf_du lg(mu)  ||d||  lg(rg) alpha_du alpha_pr  ls
2650  6.8305987e-02 1.69e+00 2.43e+02 -11.0 6.71e-02    -  1.00e+00 2.50e-01h  3
2651  6.8397984e-02 1.58e+00 2.00e+02 -11.0 5.77e-02    -  1.00e+00 6.25e-02h  5
2652  6.8433079e-02 1.58e+00 2.01e+02 -11.0 1.15e-01    -  1.00e+00 6.25e-02h  5
2653  6.8325956e-02 1.56e+00 2.13e+02 -11.0 1.61e-01    -  1.00e+00 3.12e-02h  6
2654  6.8034046e-02 1.65e+00 2.45e+02 -11.0 3.39e-01    -  1.00e+00 3.12e-02h  6
2655  6.7735627e-02 1.44e+00 4.08e+02 -11.0 1.13e-01    -  1.00e+00 1.25e-01h  4
2656  6.8012694e-02 1.36e+00 2.70e+02 -11.0 6.35e-02    -  1.00e+00 6.25e-02h  5
2657  6.7820851e-02 1.35e+00 3.19e+02 -11.0 5.31e-01    -  1.00e+00 3.12e-02h  6
2658  6.8301117e-02 1.17e+00 1.63e+02 -11.0 3.97e-02    -  1.00e+00 1.25e-01h  4
2659  9.1233575e-02 1.08e+01 2.40e+04 -11.0 4.32e-02    -  1.00e+00 1.00e+00w  1
iter    objective    inf_pr   inf_du lg(mu)  ||d||  lg(rg) alpha_du alpha_pr  ls
2660  2.4522402e-01 2.00e+01 3.20e+04 -11.0 1.10e-01    -  1.00e+00 1.00e+00w  1
2661  1.3298800e+00 8.66e+01 3.41e+06 -11.0 6.02e-01    -  1.00e+00 1.00e+00w  1
2662  6.8304023e-02 1.17e+00 1.62e+02 -11.0 7.59e-01    -  1.00e+00 4.88e-04h 11
2663  6.8305216e-02 1.17e+00 1.66e+02 -11.0 3.35e-02    -  1.00e+00 1.22e-04h 14
2664  6.8305753e-02 1.17e+00 1.65e+02 -11.0 5.00e-02    -  1.00e+00 1.22e-04h 14
2665  6.7698576e-02 1.18e+00 3.29e+02 -11.0 6.73e-01    -  1.00e+00 1.56e-02h  7
2666  6.8240494e-02 1.04e+00 5.23e+02 -11.0 4.10e-02    -  1.00e+00 1.25e-01h  4
2667  6.8280134e-02 1.04e+00 5.38e+02 -11.0 2.87e-02    -  1.00e+00 7.81e-03h  8
2668  6.8171331e-02 9.78e-01 1.74e+03 -11.0 1.51e-01    -  1.00e+00 6.25e-02h  5
2669  6.6870760e-02 1.50e+00 5.59e+03 -11.0 1.20e-01    -  1.00e+00 1.25e-01h  4
iter    objective    inf_pr   inf_du lg(mu)  ||d||  lg(rg) alpha_du alpha_pr  ls
2670  6.6384656e-02 1.73e+00 5.07e+03 -11.0 1.52e-01    -  1.00e+00 1.25e-01h  4
2671  6.6605832e-02 1.18e+00 4.23e+02 -11.0 4.20e-02    -  1.00e+00 1.00e+00h  1
2672  6.8309163e-02 1.69e+00 1.75e+03 -11.0 4.74e-02    -  1.00e+00 1.00e+00h  1
2673  6.7403548e-02 2.63e-01 3.24e+02 -11.0 2.10e-02    -  1.00e+00 1.00e+00h  1
2674  6.6501635e-02 2.24e-01 4.09e+02 -11.0 2.62e-02    -  1.00e+00 2.50e-01h  3
2675  6.6315052e-02 6.04e-01 7.96e+01 -11.0 8.29e-03    -  1.00e+00 1.00e+00h  1
2676  6.7009448e-02 6.39e-02 1.76e+02 -11.0 6.60e-03    -  1.00e+00 1.00e+00H  1
2677  6.6386016e-02 4.20e-02 6.63e+01 -11.0 4.68e-03    -  1.00e+00 1.00e+00h  1
2678  6.6060347e-02 1.53e-01 9.91e+01 -11.0 1.33e-02    -  1.00e+00 1.00e+00h  1
2679  6.5652289e-02 3.54e-01 2.15e+01 -11.0 2.08e-02    -  1.00e+00 1.00e+00h  1
iter    objective    inf_pr   inf_du lg(mu)  ||d||  lg(rg) alpha_du alpha_pr  ls
2680  6.5239971e-02 1.78e+00 8.38e+01 -11.0 2.88e-01    -  1.00e+00 1.25e-01h  4
2681  6.4741005e-02 3.63e+00 1.07e+03 -11.0 5.69e-01    -  1.00e+00 1.25e-01h  4
2682  6.4226615e-02 1.04e+01 5.21e+03 -11.0 6.04e-02    -  1.00e+00 5.00e-01h  2
2683  6.3977806e-02 6.60e+00 4.01e+03 -11.0 3.59e-01    -  1.00e+00 1.25e-01h  4
2684  6.4205658e-02 6.37e+00 3.79e+03 -11.0 3.02e-01    -  1.00e+00 3.12e-02h  6
2685  6.4504132e-02 6.16e+00 3.57e+03 -11.0 3.03e-01    -  1.00e+00 3.12e-02h  6
2686  6.4280110e-02 4.34e+00 2.33e+03 -11.0 4.42e-02    -  1.00e+00 2.50e-01h  3
2687  6.5440034e-02 2.54e+00 1.72e+03 -11.0 4.12e-02    -  1.00e+00 2.50e-01h  3
2688  6.5479303e-02 2.33e+00 1.57e+03 -11.0 6.10e-02    -  1.00e+00 1.25e-01h  4
2689  6.5647349e-02 2.26e+00 1.54e+03 -11.0 4.04e-02    -  1.00e+00 3.12e-02h  6
iter    objective    inf_pr   inf_du lg(mu)  ||d||  lg(rg) alpha_du alpha_pr  ls
2690  7.4125315e-02 1.55e+00 1.23e+03 -11.0 4.02e-02    -  1.00e+00 1.00e+00w  1
2691  6.7724525e-02 6.97e-01 1.01e+03 -11.0 2.57e-02    -  1.00e+00 1.00e+00w  1
2692  6.6441649e-02 4.12e-01 4.84e+02 -11.0 2.55e-02    -  1.00e+00 1.00e+00w  1
2693  6.5649857e-02 2.26e+00 1.54e+03 -11.0 2.15e-02    -  1.00e+00 4.88e-04h 11
2694  6.4592884e-02 2.65e+00 1.48e+03 -11.0 2.66e-01    -  1.00e+00 1.25e-01h  4
2695  6.4346546e-02 4.46e+00 5.45e+02 -11.0 3.81e-02    -  1.00e+00 1.00e+00h  1
2696  6.2097609e-02 1.31e+00 3.27e+02 -11.0 1.00e-02    -  1.00e+00 1.00e+00h  1
2697  6.7724897e-02 9.87e-01 1.13e+03 -11.0 1.63e-02    -  1.00e+00 1.00e+00h  1
2698  6.5982262e-02 4.06e-01 2.04e+02 -11.0 1.67e-02    -  1.00e+00 1.00e+00h  1
2699  6.5380395e-02 1.27e+00 4.25e+03 -11.0 2.50e-02    -  1.00e+00 1.00e+00h  1
iter    objective    inf_pr   inf_du lg(mu)  ||d||  lg(rg) alpha_du alpha_pr  ls
2700  6.5103346e-02 1.61e+00 2.21e+02 -11.0 2.32e-01    -  1.00e+00 6.25e-02h  5
2701  6.4744816e-02 1.20e+00 1.04e+03 -11.0 1.52e-02    -  1.00e+00 5.00e-01h  2
2702  6.5162035e-02 1.11e+00 8.81e+02 -11.0 5.05e-02    -  1.00e+00 2.50e-01h  3
2703  6.4483991e-02 7.23e-01 9.13e+02 -11.0 2.06e-02    -  1.00e+00 5.00e-01h  2
2704  6.3097781e-02 6.21e+00 1.05e+03 -11.0 1.69e-01    -  1.00e+00 1.25e-01h  4
2705  6.1404216e-02 5.49e+00 4.14e+03 -11.0 2.58e-01    -  1.00e+00 6.25e-02h  5
2706  6.0918773e-02 5.33e+00 4.30e+03 -11.0 2.89e-01    -  1.00e+00 3.12e-02h  6
2707  6.2779360e-02 2.41e+00 1.53e+03 -11.0 3.88e-02    -  1.00e+00 5.00e-01h  2
2708  6.3134778e-02 5.76e-01 6.30e+02 -11.0 2.18e-02    -  1.00e+00 1.00e+00h  1
2709  6.3361245e-02 6.25e-01 3.67e+02 -11.0 1.15e-02    -  1.00e+00 1.00e+00h  1
iter    objective    inf_pr   inf_du lg(mu)  ||d||  lg(rg) alpha_du alpha_pr  ls
2710  6.1958963e-02 1.79e-01 2.39e+02 -11.0 7.62e-03    -  1.00e+00 1.00e+00h  1
2711  6.1439251e-02 4.62e-02 2.76e+02 -11.0 5.83e-03    -  1.00e+00 1.00e+00h  1
2712  6.1600605e-02 1.93e-02 2.26e+01 -11.0 2.72e-03    -  1.00e+00 1.00e+00h  1
2713  6.1699934e-02 7.19e-03 2.52e+01 -11.0 2.87e-03    -  1.00e+00 1.00e+00h  1
2714  6.1150633e-02 2.17e-01 3.50e+01 -11.0 1.34e-02    -  1.00e+00 1.00e+00h  1
2715  6.0388824e-02 2.76e+00 5.39e+02 -11.0 1.15e-01    -  1.00e+00 2.50e-01h  3
2716  6.0689340e-02 2.54e+00 3.61e+02 -11.0 3.82e-02    -  1.00e+00 1.25e-01h  4
2717  5.9969778e-02 3.64e+00 8.16e+02 -11.0 9.34e-02    -  1.00e+00 5.00e-01h  2
2718  5.9300340e-02 4.42e+00 6.55e+02 -11.0 7.78e-02    -  1.00e+00 2.50e-01h  3
2719  5.8806351e-02 1.09e+01 1.37e+03 -11.0 1.52e-01    -  1.00e+00 1.25e-01h  4
iter    objective    inf_pr   inf_du lg(mu)  ||d||  lg(rg) alpha_du alpha_pr  ls
2720  5.6967843e-02 1.21e+01 1.31e+03 -11.0 4.77e-01    -  1.00e+00 3.12e-02h  6
2721  5.6726457e-02 1.19e+01 1.28e+03 -11.0 1.21e-01    -  1.00e+00 6.25e-02h  5
2722  5.6622859e-02 1.24e+01 1.25e+03 -11.0 4.83e-01    -  1.00e+00 1.56e-02h  7
2723  5.6324948e-02 1.24e+01 1.21e+03 -11.0 1.21e-01    -  1.00e+00 6.25e-02h  5
2724  6.1100893e-02 3.53e+00 1.44e+02 -11.0 2.44e-02    -  1.00e+00 1.00e+00h  1
2725  5.8762248e-02 8.58e-01 1.08e+03 -11.0 1.75e-02    -  1.00e+00 1.00e+00h  1
2726  5.9148378e-02 3.67e-01 5.68e+02 -11.0 1.47e-02    -  1.00e+00 1.00e+00h  1
2727  5.9012046e-02 7.09e-02 6.66e+03 -11.0 7.44e-03    -  1.00e+00 1.00e+00h  1
2728  6.0568426e-02 6.32e-02 2.21e+03 -11.0 7.24e-03    -  1.00e+00 1.00e+00H  1
2729  5.9810450e-02 6.78e-02 2.94e+02 -11.0 8.73e-03    -  1.00e+00 1.00e+00H  1
iter    objective    inf_pr   inf_du lg(mu)  ||d||  lg(rg) alpha_du alpha_pr  ls
2730  5.9656811e-02 5.80e-03 4.36e+01 -11.0 2.70e-03    -  1.00e+00 1.00e+00h  1
2731  5.9191637e-02 6.31e-02 7.99e+01 -11.0 4.51e-03    -  1.00e+00 1.00e+00h  1
2732  5.8951335e-02 7.48e-02 5.55e+01 -11.0 7.65e-03    -  1.00e+00 1.00e+00h  1
2733  5.8437154e-02 9.32e-01 2.65e+02 -11.0 6.77e-02    -  1.00e+00 5.00e-01h  2
2734  5.8422699e-02 1.01e+00 4.19e+02 -11.0 1.27e-01    -  1.00e+00 1.25e-01h  4
2735  5.7386346e-02 6.21e-01 3.22e+02 -11.0 1.52e-02    -  1.00e+00 5.00e-01h  2
2736  5.7185748e-02 9.35e-01 4.30e+02 -11.0 4.49e-02    -  1.00e+00 1.25e-01h  4
2737  5.7992338e-02 5.11e-01 1.46e+02 -11.0 1.65e-02    -  1.00e+00 5.00e-01h  2
2738  5.8155119e-02 3.64e-01 2.70e+02 -11.0 8.73e-03    -  1.00e+00 5.00e-01h  2
2739  5.8197692e-02 9.98e-02 1.34e+02 -11.0 6.30e-03    -  1.00e+00 1.00e+00h  1
iter    objective    inf_pr   inf_du lg(mu)  ||d||  lg(rg) alpha_du alpha_pr  ls
2740  5.8127185e-02 1.77e-01 3.56e+01 -11.0 8.69e-03    -  1.00e+00 5.00e-01h  2
2741  5.8000363e-02 1.92e-01 4.97e+01 -11.0 1.29e-02    -  1.00e+00 5.00e-01h  2
2742  5.7787867e-02 1.04e-01 2.40e+01 -11.0 1.22e-02    -  1.00e+00 5.00e-01h  2
2743  5.7500502e-02 3.19e-01 1.55e+02 -11.0 3.17e-02    -  1.00e+00 5.00e-01h  2
2744  5.7493073e-02 3.13e-01 5.45e+01 -11.0 1.42e-02    -  1.00e+00 5.00e-01h  2
2745  5.7620404e-02 2.65e-01 1.77e+01 -11.0 1.02e-02    -  1.00e+00 1.00e+00h  1
2746  5.7320782e-02 2.03e+00 3.84e+02 -11.0 5.13e-02    -  1.00e+00 5.00e-01h  2
2747  5.6938928e-02 1.67e+00 2.46e+02 -11.0 6.07e-02    -  1.00e+00 1.25e-01h  4
2748  5.7064462e-02 1.18e+00 3.94e+01 -11.0 3.56e-02    -  1.00e+00 5.00e-01h  2
2749  5.6803600e-02 8.15e-01 6.11e+01 -11.0 1.62e-02    -  1.00e+00 5.00e-01h  2
iter    objective    inf_pr   inf_du lg(mu)  ||d||  lg(rg) alpha_du alpha_pr  ls
2750  5.6687018e-02 7.83e-01 2.16e+02 -11.0 1.82e-02    -  1.00e+00 1.00e+00h  1
2751  5.6485069e-02 1.53e+00 1.07e+02 -11.0 4.56e-02    -  1.00e+00 5.00e-01h  2
2752  5.6142530e-02 7.38e+00 6.03e+02 -11.0 2.99e-02    -  1.00e+00 1.00e+00h  1
2753  5.5537779e-02 5.48e+00 3.06e+02 -11.0 7.21e-02    -  1.00e+00 1.25e-01h  4
2754  5.6208645e-02 3.97e+00 3.15e+02 -11.0 3.39e-02    -  1.00e+00 2.50e-01h  3
2755  5.6429099e-02 2.19e+00 6.93e+01 -11.0 3.23e-02    -  1.00e+00 5.00e-01h  2
2756  5.7265734e-02 1.23e+00 1.76e+02 -11.0 1.44e-02    -  1.00e+00 5.00e-01h  2
2757  5.8351662e-02 1.45e-01 4.05e+02 -11.0 6.51e-03    -  1.00e+00 1.00e+00h  1
2758  5.7145835e-02 1.40e-01 4.56e+02 -11.0 1.33e-02    -  1.00e+00 1.00e+00h  1
2759  5.6940655e-02 1.18e-01 1.34e+02 -11.0 3.43e-03    -  1.00e+00 1.00e+00h  1
iter    objective    inf_pr   inf_du lg(mu)  ||d||  lg(rg) alpha_du alpha_pr  ls
2760  5.7044950e-02 7.99e-02 1.23e+02 -11.0 5.13e-03    -  1.00e+00 2.50e-01h  3
2761  5.7792618e-02 3.74e-02 1.05e+02 -11.0 1.20e-02    -  1.00e+00 1.00e+00H  1
2762  5.7493543e-02 3.55e-02 8.71e+01 -11.0 2.08e-02    -  1.00e+00 1.25e-01h  4
2763  5.7317770e-02 3.13e-02 6.68e+01 -11.0 5.25e-03    -  1.00e+00 2.50e-01h  3
2764  5.7206053e-02 1.27e-02 1.82e+02 -11.0 9.70e-03    -  1.00e+00 1.00e+00H  1
2765  5.6866441e-02 4.56e-01 1.12e+02 -11.0 6.80e-03    -  1.00e+00 1.00e+00h  1
2766  5.6703101e-02 9.38e-02 1.01e+01 -11.0 2.63e-03    -  1.00e+00 1.00e+00h  1
2767  5.6634194e-02 4.34e-02 4.43e+01 -11.0 5.73e-03    -  1.00e+00 1.00e+00h  1
2768  5.6424609e-02 5.06e-01 1.70e+02 -11.0 3.15e-02    -  1.00e+00 1.00e+00h  1
2769  5.6109307e-02 2.30e+00 5.20e+01 -11.0 1.48e-01    -  1.00e+00 2.50e-01h  3
iter    objective    inf_pr   inf_du lg(mu)  ||d||  lg(rg) alpha_du alpha_pr  ls
2770  5.5777463e-02 2.36e+00 3.11e+02 -11.0 1.20e-01    -  1.00e+00 6.25e-02h  5
2771  5.5743337e-02 8.19e-01 7.74e+02 -11.0 8.28e-03    -  1.00e+00 1.00e+00h  1
2772  5.5721946e-02 7.23e-01 6.24e+02 -11.0 2.28e-02    -  1.00e+00 2.50e-01h  3
2773  5.5706001e-02 3.54e-01 3.23e+02 -11.0 7.74e-03    -  1.00e+00 5.00e-01h  2
2774  5.5643400e-02 2.65e-01 6.44e+01 -11.0 1.77e-02    -  1.00e+00 5.00e-01h  2
2775  5.5450388e-02 1.02e+00 5.21e+02 -11.0 2.93e-02    -  1.00e+00 5.00e-01h  2
2776  5.5537345e-02 5.73e-01 2.37e+02 -11.0 2.05e-02    -  1.00e+00 5.00e-01h  2
2777  5.5438816e-02 4.13e-01 4.12e+01 -11.0 1.57e-02    -  1.00e+00 5.00e-01h  2
2778  5.4695261e-02 6.58e-01 5.05e+02 -11.0 3.86e-02    -  1.00e+00 1.00e+00H  1
2779  5.3883067e-02 2.73e+00 1.17e+03 -11.0 1.61e-01    -  1.00e+00 2.50e-01h  3
iter    objective    inf_pr   inf_du lg(mu)  ||d||  lg(rg) alpha_du alpha_pr  ls
2780  5.3971265e-02 1.95e+00 1.01e+02 -11.0 5.00e-02    -  1.00e+00 1.00e+00h  1
2781  5.3617283e-02 2.03e+00 8.08e+01 -11.0 2.55e-01    -  1.00e+00 6.25e-02h  5
2782  5.3560101e-02 1.22e+00 7.65e+01 -11.0 3.55e-02    -  1.00e+00 5.00e-01h  2
2783  5.3526752e-02 1.11e+00 6.35e+01 -11.0 5.88e-02    -  1.00e+00 2.50e-01h  3
2784  5.3969371e-02 1.47e+00 5.57e+01 -11.0 1.37e-01    -  1.00e+00 2.50e-01h  3
2785  5.2780644e-02 1.36e+00 7.43e+01 -11.0 2.48e-02    -  1.00e+00 1.00e+00h  1
2786  5.2441842e-02 4.57e+00 5.24e+02 -11.0 3.93e-02    -  1.00e+00 5.00e-01h  2
2787  5.2358121e-02 3.94e+00 4.69e+02 -11.0 2.32e-01    -  1.00e+00 1.25e-01h  4
2788  5.1988216e-02 3.73e+00 4.40e+02 -11.0 1.72e-01    -  1.00e+00 6.25e-02h  5
2789  5.3353112e-02 2.52e+00 2.50e+02 -11.0 3.39e-02    -  1.00e+00 2.50e-01h  3
iter    objective    inf_pr   inf_du lg(mu)  ||d||  lg(rg) alpha_du alpha_pr  ls
2790  5.2981474e-02 2.45e+00 2.42e+02 -11.0 5.36e-01    -  1.00e+00 1.56e-02h  7
2791  5.2941945e-02 2.37e+00 2.29e+02 -11.0 2.16e-01    -  1.00e+00 3.12e-02h  6
2792  5.3175132e-02 2.06e+00 1.82e+02 -11.0 9.37e-02    -  1.00e+00 1.25e-01h  4
2793  5.4903322e-02 9.47e-01 1.10e+02 -11.0 2.43e-02    -  1.00e+00 5.00e-01h  2
2794  5.6405927e-02 5.69e-01 3.21e+02 -11.0 1.46e-02    -  1.00e+00 1.00e+00h  1
2795  5.8112540e-02 8.77e-01 5.11e+02 -11.0 6.27e-02    -  1.00e+00 1.00e+00H  1
2796  5.7357745e-02 8.07e-01 4.79e+02 -11.0 5.48e-02    -  1.00e+00 6.25e-02h  5
2797  5.5899798e-02 8.55e-01 4.16e+02 -11.0 2.11e-02    -  1.00e+00 2.50e-01h  3
2798  5.4911920e-02 2.20e+00 4.90e+02 -11.0 1.48e-01    -  1.00e+00 6.25e-02h  5
2799  5.4467684e-02 3.82e+00 3.86e+02 -11.0 1.07e-01    -  1.00e+00 1.25e-01h  4
iter    objective    inf_pr   inf_du lg(mu)  ||d||  lg(rg) alpha_du alpha_pr  ls
2800  5.4341681e-02 3.80e+00 3.39e+02 -11.0 1.39e-01    -  1.00e+00 6.25e-02h  5
2801  5.6591272e-02 4.74e-01 1.78e+03 -11.0 4.51e-02    -  1.00e+00 1.00e+00h  1
2802  5.4359802e-02 5.24e-01 8.63e+02 -11.0 7.45e-02    -  1.00e+00 5.00e-01h  2
2803  5.5766226e-02 2.81e-02 4.28e+02 -11.0 1.63e-02    -  1.00e+00 1.00e+00H  1
2804  5.5295572e-02 3.47e-01 2.88e+02 -11.0 2.95e-02    -  1.00e+00 5.00e-01h  2
2805  5.4344110e-02 1.92e+00 3.26e+02 -11.0 6.42e-02    -  1.00e+00 1.00e+00h  1
2806  5.4334260e-02 1.42e+00 4.39e+02 -11.0 1.75e-01    -  1.00e+00 2.50e-01h  3
2807  5.4261668e-02 1.10e+00 3.50e+02 -11.0 1.51e-02    -  1.00e+00 2.50e-01h  3
2808  5.4161932e-02 1.03e+00 4.25e+02 -11.0 7.69e-02    -  1.00e+00 1.25e-01h  4
2809  5.4323370e-02 8.85e-01 5.52e+02 -11.0 4.21e-02    -  1.00e+00 1.25e-01h  4
iter    objective    inf_pr   inf_du lg(mu)  ||d||  lg(rg) alpha_du alpha_pr  ls
2810  5.4353492e-02 8.57e-01 5.80e+02 -11.0 5.38e-02    -  1.00e+00 3.12e-02h  6
2811  5.4357850e-02 8.54e-01 5.82e+02 -11.0 5.15e-02    -  1.00e+00 3.91e-03h  9
2812  5.4025172e-02 8.04e-01 6.60e+02 -11.0 1.31e-01    -  1.00e+00 6.25e-02h  5
2813  5.4337121e-02 7.05e-01 7.94e+02 -11.0 5.23e-02    -  1.00e+00 1.25e-01h  4
2814  5.4886226e-02 5.63e-01 8.96e+02 -11.0 4.09e-02    -  1.00e+00 2.50e-01h  3
2815  5.7096007e-02 2.79e-01 3.15e+02 -11.0 2.57e-02    -  1.00e+00 1.00e+00H  1
2816  5.5117422e-02 1.79e-01 5.51e+02 -11.0 2.54e-02    -  1.00e+00 5.00e-01h  2
2817  5.5748842e-02 1.20e-01 1.87e+02 -11.0 8.66e-03    -  1.00e+00 1.00e+00h  1
2818  5.6086904e-02 1.35e-01 2.54e+02 -11.0 4.26e-03    -  1.00e+00 1.00e+00h  1
2819  5.6119531e-02 4.27e-02 3.43e+01 -11.0 1.13e-03    -  1.00e+00 1.00e+00h  1
iter    objective    inf_pr   inf_du lg(mu)  ||d||  lg(rg) alpha_du alpha_pr  ls
2820  5.6089934e-02 1.58e-02 1.49e+01 -11.0 7.97e-04    -  1.00e+00 1.00e+00h  1
2821  5.6036623e-02 1.25e-02 2.33e+01 -11.0 9.37e-04    -  1.00e+00 1.00e+00h  1
2822  5.6047422e-02 1.07e-02 6.97e+00 -11.0 1.53e-03    -  1.00e+00 2.50e-01h  3
2823  5.6038559e-02 8.63e-03 1.72e+02 -11.0 4.46e-03    -  1.00e+00 2.50e-01h  3
2824  5.6060680e-02 1.36e-03 2.96e+01 -11.0 4.48e-03    -  1.00e+00 1.00e+00H  1
2825  5.5228608e-02 1.36e-01 2.15e+01 -11.0 1.94e-02    -  1.00e+00 1.00e+00h  1
2826  5.4632943e-02 8.29e-02 6.05e+01 -11.0 4.23e-02    -  1.00e+00 1.00e+00H  1
2827  5.4108141e-02 1.61e-01 2.96e+02 -11.0 6.24e-02    -  1.00e+00 5.00e-01h  2
2828  5.3845727e-02 6.48e-01 8.80e+01 -11.0 2.26e-02    -  1.00e+00 1.00e+00h  1
2829  5.3242780e-02 2.46e+00 8.30e+01 -11.0 1.45e-02    -  1.00e+00 1.00e+00h  1
iter    objective    inf_pr   inf_du lg(mu)  ||d||  lg(rg) alpha_du alpha_pr  ls
2830  5.1921424e-02 3.07e+00 2.51e+02 -11.0 2.53e-01    -  1.00e+00 1.25e-01h  4
2831  5.2826590e-02 2.77e+00 2.17e+03 -11.0 2.22e-01    -  1.00e+00 1.25e-01h  4
2832  5.3033696e-02 2.69e+00 2.04e+03 -11.0 6.48e-02    -  1.00e+00 6.25e-02h  5
2833  5.3086645e-02 2.64e+00 1.99e+03 -11.0 9.09e-02    -  1.00e+00 3.12e-02h  6
2834  5.2916103e-02 2.76e+00 2.21e+03 -11.0 1.80e+00    -  1.00e+00 7.81e-03h  8
2835  5.2556665e-02 2.95e+00 2.18e+03 -11.0 1.28e+00    -  1.00e+00 7.81e-03h  8
2836  5.2437707e-02 3.02e+00 2.19e+03 -11.0 2.50e+00    -  1.00e+00 3.91e-03h  9
2837  5.3125372e-02 2.66e+00 1.90e+03 -11.0 3.11e-02    -  1.00e+00 1.25e-01h  4
2838  5.3517198e-02 2.50e+00 1.77e+03 -11.0 3.65e-02    -  1.00e+00 6.25e-02h  5
2839  5.3742346e-02 2.42e+00 1.71e+03 -11.0 4.22e-02    -  1.00e+00 3.12e-02h  6
iter    objective    inf_pr   inf_du lg(mu)  ||d||  lg(rg) alpha_du alpha_pr  ls
2840  8.3513114e-02 6.97e+00 3.61e+02 -11.0 1.03e-01    -  1.00e+00 1.00e+00w  1
2841  6.7978304e-02 8.81e+00 1.80e+03 -11.0 5.98e-02    -  1.00e+00 1.00e+00w  1
2842  2.8754630e-01 8.64e+00 2.40e+05 -11.0 2.14e-01    -  1.00e+00 1.00e+00w  1
2843  5.3815554e-02 2.35e+00 1.65e+03 -11.0 1.80e-01    -  1.00e+00 3.12e-02h  5
2844  5.3831177e-02 2.34e+00 1.65e+03 -11.0 5.62e-02    -  1.00e+00 1.95e-03h 10
2845  5.3499054e-02 2.42e+00 1.59e+03 -11.0 3.15e-01    -  1.00e+00 3.12e-02h  6
2846  5.9397616e-02 3.23e+00 6.13e+02 -11.0 6.26e-02    -  1.00e+00 5.00e-01h  2
2847  5.2817124e-02 5.14e+00 1.51e+03 -11.0 1.36e+00    -  1.00e+00 3.12e-02h  6
2848  8.4486003e-02 2.59e+00 1.91e+03 -11.0 9.14e-02    -  1.00e+00 1.00e+00h  1
2849  6.2302171e-02 6.79e+00 9.22e+02 -11.0 1.03e-01    -  1.00e+00 5.00e-01h  2
iter    objective    inf_pr   inf_du lg(mu)  ||d||  lg(rg) alpha_du alpha_pr  ls
2850  6.8049495e-02 3.36e+00 5.64e+02 -11.0 9.01e-02    -  1.00e+00 5.00e-01h  2
2851  7.1174675e-02 1.72e+00 1.49e+03 -11.0 6.11e-02    -  1.00e+00 5.00e-01h  2
2852  8.5445236e-02 9.45e-01 7.34e+02 -11.0 2.64e-02    -  1.00e+00 1.00e+00H  1
2853  7.5502159e-02 1.34e+00 7.30e+02 -11.0 1.78e-02    -  1.00e+00 1.00e+00h  1
2854  7.1923302e-02 1.90e+00 1.81e+02 -11.0 2.70e-02    -  1.00e+00 1.00e+00h  1
2855  7.2147120e-02 1.69e+00 7.21e+02 -11.0 5.34e-02    -  1.00e+00 5.00e-01h  2
2856  7.6684716e-02 1.09e+00 3.15e+02 -11.0 3.96e-02    -  1.00e+00 5.00e-01h  2
2857  8.1912613e-02 5.92e-01 2.72e+02 -11.0 2.06e-02    -  1.00e+00 1.00e+00h  1
2858  8.2097662e-02 6.16e-01 7.29e+02 -11.0 1.75e-01    -  1.00e+00 6.25e-02h  5
2859  8.1793248e-02 5.09e-01 2.16e+02 -11.0 9.06e-02    -  1.00e+00 2.50e-01h  3
iter    objective    inf_pr   inf_du lg(mu)  ||d||  lg(rg) alpha_du alpha_pr  ls
2860  8.0243298e-02 1.08e+00 4.86e+02 -11.0 1.82e-01    -  1.00e+00 2.50e-01h  3
2861  7.9316991e-02 9.50e-01 9.39e+02 -11.0 1.48e-01    -  1.00e+00 1.25e-01h  4
2862  7.7882207e-02 1.02e+00 5.10e+02 -11.0 9.18e-02    -  1.00e+00 1.25e-01h  4
2863  7.6061478e-02 7.32e-01 2.64e+02 -11.0 9.10e-02    -  1.00e+00 2.50e-01h  3
2864  7.5575316e-02 8.39e+00 2.48e+02 -11.0 8.85e-02    -  1.00e+00 5.00e-01h  2
2865  7.4640238e-02 8.23e+00 3.79e+02 -11.0 7.56e-02    -  1.00e+00 5.00e-01h  2
2866  7.2480058e-02 2.32e+00 3.20e+02 -11.0 3.92e-01    -  1.00e+00 2.50e-01h  3
2867  7.2423438e-02 1.21e+01 3.91e+02 -11.0 1.28e+01    -  1.00e+00 3.91e-03h  9
2868  7.6453605e-02 1.00e+01 1.11e+03 -11.0 4.84e-02    -  1.00e+00 1.00e+00w  1
2869  1.6199239e-01 8.88e+00 8.68e+03 -11.0 1.36e-01    -  1.00e+00 1.00e+00w  1
iter    objective    inf_pr   inf_du lg(mu)  ||d||  lg(rg) alpha_du alpha_pr  ls
2870  2.5421478e-01 9.84e+00 2.68e+04 -11.0 1.26e-01    -  1.00e+00 1.00e+00w  1
2871  7.0247670e-02 4.38e+00 3.08e+03 -11.0 3.96e-01    -  1.00e+00 5.00e-01h  1
2872  7.0405527e-02 3.20e+00 2.43e+03 -11.0 2.51e-01    -  1.00e+00 1.25e-01h  4
2873  6.5396210e-02 6.81e+00 5.70e+03 -11.0 3.63e-01    -  1.00e+00 1.25e-01h  4
2874  6.7154740e-02 6.32e+00 5.44e+03 -11.0 7.29e-01    -  1.00e+00 3.12e-02h  6
2875  6.9806345e-02 5.34e+00 3.98e+03 -11.0 1.66e-01    -  1.00e+00 2.50e-01h  3
2876  7.0218488e-02 5.19e+00 3.81e+03 -11.0 1.89e-01    -  1.00e+00 3.12e-02h  6
2877  7.0234045e-02 5.17e+00 3.79e+03 -11.0 7.12e-02    -  1.00e+00 3.91e-03h  9
2878  7.0122720e-02 4.81e+00 3.41e+03 -11.0 9.71e-02    -  1.00e+00 6.25e-02h  5
2879  1.0550508e-01 5.07e+00 1.34e+03 -11.0 8.34e-02    -  1.00e+00 1.00e+00h  1
iter    objective    inf_pr   inf_du lg(mu)  ||d||  lg(rg) alpha_du alpha_pr  ls
2880  1.3480037e-01 3.25e+00 8.25e+03 -11.0 9.12e-02    -  1.00e+00 1.00e+00h  1
2881  1.2937082e-01 3.11e+00 5.83e+03 -11.0 6.59e-02    -  1.00e+00 5.00e-01h  2
2882  1.1958253e-01 1.50e+00 3.00e+03 -11.0 6.09e-02    -  1.00e+00 5.00e-01h  2
2883  1.0513353e-01 1.88e+00 2.29e+03 -11.0 6.55e-02    -  1.00e+00 1.00e+00h  1
2884  1.0377140e-01 4.57e+00 1.27e+03 -11.0 1.90e-02    -  1.00e+00 1.00e+00H  1
2885  1.0364053e-01 4.27e+00 1.27e+03 -11.0 1.57e-01    -  1.00e+00 6.25e-02h  5
2886  1.0484064e-01 4.03e+00 1.23e+03 -11.0 1.70e-01    -  1.00e+00 6.25e-02h  5
2887  1.0508274e-01 3.99e+00 1.22e+03 -11.0 1.58e-01    -  1.00e+00 7.81e-03h  8
2888  8.5531105e-02 4.72e+00 2.66e+03 -11.0 5.27e+00    -  1.00e+00 1.56e-02h  7
2889  8.0804323e-02 4.71e+00 2.59e+03 -11.0 2.16e+00    -  1.00e+00 7.81e-03h  8
iter    objective    inf_pr   inf_du lg(mu)  ||d||  lg(rg) alpha_du alpha_pr  ls
2890  8.0866845e-02 4.58e+00 2.46e+03 -11.0 1.79e-01    -  1.00e+00 3.12e-02h  6
2891  7.9636998e-02 4.51e+00 2.40e+03 -11.0 4.79e-01    -  1.00e+00 1.56e-02h  7
2892  7.9247522e-02 4.45e+00 2.33e+03 -11.0 3.70e-01    -  1.00e+00 1.56e-02h  7
2893  7.9254942e-02 4.39e+00 2.28e+03 -11.0 2.46e-01    -  1.00e+00 1.56e-02h  7
2894  8.4768129e-02 3.88e+00 1.88e+03 -11.0 1.12e-01    -  1.00e+00 1.25e-01h  4
2895  2.0201467e-01 4.78e+01 6.75e+03 -11.0 1.36e-01    -  1.00e+00 1.00e+00w  1
2896  3.7469577e-01 4.69e+01 1.81e+04 -11.0 3.22e-01    -  1.00e+00 1.00e+00w  1
2897  3.5792747e+00 4.75e+03 2.65e+04 -11.0 1.44e+00    -  1.00e+00 1.00e+00w  1
2898  8.7725473e-02 3.65e+00 1.73e+03 -11.0 1.53e+00    -  1.00e+00 6.25e-02h  4
2899  9.4763526e-02 3.27e+00 1.44e+03 -11.0 1.32e-01    -  1.00e+00 1.25e-01h  4
iter    objective    inf_pr   inf_du lg(mu)  ||d||  lg(rg) alpha_du alpha_pr  ls
2900  9.4461223e-02 2.86e+00 1.16e+03 -11.0 1.96e-01    -  1.00e+00 1.25e-01h  4
2901  9.5829068e-02 3.38e+00 9.86e+02 -11.0 1.89e-01    -  1.00e+00 1.25e-01h  4
2902  9.6682015e-02 3.99e+00 1.06e+03 -11.0 1.88e-01    -  1.00e+00 1.25e-01h  4
2903  1.0162659e-01 3.75e+00 1.02e+03 -11.0 9.30e-02    -  1.00e+00 1.25e-01h  4
2904  1.0402194e-01 3.58e+00 1.05e+03 -11.0 9.72e-02    -  1.00e+00 6.25e-02h  5
2905  1.0458497e-01 3.53e+00 1.07e+03 -11.0 9.98e-02    -  1.00e+00 1.56e-02h  7
2906  1.0486473e-01 3.50e+00 1.08e+03 -11.0 1.02e-01    -  1.00e+00 7.81e-03h  8
2907  1.0500428e-01 3.49e+00 1.09e+03 -11.0 1.02e-01    -  1.00e+00 3.91e-03h  9
2908  1.9074597e-01 1.60e+01 1.30e+04 -11.0 1.03e-01    -  1.00e+00 1.00e+00w  1
2909  1.0330534e+00 1.65e+02 1.43e+05 -11.0 2.87e-01    -  1.00e+00 1.00e+00w  1
iter    objective    inf_pr   inf_du lg(mu)  ||d||  lg(rg) alpha_du alpha_pr  ls
2910  2.5500586e+00 4.01e+02 4.70e+04 -11.0 6.61e-01    -  1.00e+00 1.00e+00w  1
2911  1.0507398e-01 3.48e+00 1.09e+03 -11.0 1.17e+00    -  1.00e+00 1.95e-03h  9
2912  1.5505644e-01 3.13e+00 6.66e+04 -11.0 8.55e-02    -  1.00e+00 5.00e-01h  2
2913  1.8093207e-01 2.16e+00 8.05e+04 -11.0 2.15e-01    -  1.00e+00 2.50e-01h  3
2914  1.7698136e-01 1.99e+00 7.97e+04 -11.0 1.96e-01    -  1.00e+00 6.25e-02h  5
2915  1.7592263e-01 2.03e+00 1.05e+05 -11.0 1.91e-01    -  1.00e+00 1.25e-01h  4
2916  1.7869754e-01 1.94e+00 1.16e+05 -11.0 1.79e-01    -  1.00e+00 6.25e-02h  5
2917  1.8971680e-01 1.61e+00 1.15e+05 -11.0 1.11e-01    -  1.00e+00 1.25e-01h  4
2918  2.3674099e-01 8.68e-01 8.12e+04 -11.0 1.26e-01    -  1.00e+00 5.00e-01h  2
2919  2.4363527e-01 6.21e-01 7.57e+04 -11.0 5.00e-02    -  1.00e+00 2.50e-01h  3
iter    objective    inf_pr   inf_du lg(mu)  ||d||  lg(rg) alpha_du alpha_pr  ls
2920  2.4932800e-01 5.81e-01 6.41e+04 -11.0 3.84e-02    -  1.00e+00 2.50e-01h  3
2921  2.6625894e-01 1.93e+00 4.70e+03 -11.0 2.77e-02    -  1.00e+00 1.00e+00w  1
2922  2.1667649e-01 2.28e+01 2.95e+03 -11.0 2.45e-01    -  1.00e+00 1.00e+00w  1
2923  2.8671240e+00 4.07e+02 2.06e+06 -11.0 5.28e-01    -  1.00e+00 1.00e+00w  1
2924  2.5254334e-01 5.41e-01 5.15e+04 -11.0 6.82e-01    -  1.00e+00 2.50e-01h  2
2925  2.0911542e-01 9.40e-01 2.73e+04 -11.0 2.46e-01    -  1.00e+00 1.25e-01h  4
2926  1.8047257e-01 1.21e+00 2.06e+04 -11.0 1.20e-01    -  1.00e+00 2.50e-01h  3
2927  1.5756624e-01 1.30e+00 1.27e+04 -11.0 8.24e-02    -  1.00e+00 5.00e-01h  2
2928  1.4345484e-01 1.72e+00 7.47e+03 -11.0 1.44e-01    -  1.00e+00 5.00e-01h  2
2929  1.4065057e-01 3.88e+00 5.51e+03 -11.0 1.85e-01    -  1.00e+00 2.50e-01h  3
iter    objective    inf_pr   inf_du lg(mu)  ||d||  lg(rg) alpha_du alpha_pr  ls
2930  1.4286836e-01 3.59e+00 5.00e+03 -11.0 4.04e-01    -  1.00e+00 6.25e-02h  5
2931  1.4363879e-01 3.48e+00 5.05e+03 -11.0 3.72e-01    -  1.00e+00 3.12e-02h  6
2932  1.4413347e-01 3.39e+00 5.23e+03 -11.0 3.31e-01    -  1.00e+00 3.12e-02h  6
2933  1.4320548e-01 3.30e+00 5.62e+03 -11.0 2.64e-01    -  1.00e+00 3.12e-02h  6
2934  2.5282628e-01 2.74e+01 4.39e+04 -11.0 1.40e-01    -  1.00e+00 1.00e+00w  1
2935  4.1587018e-01 3.41e+01 6.25e+04 -11.0 2.55e-01    -  1.00e+00 1.00e+00w  1
2936  1.4212774e+00 4.41e+02 5.55e+06 -11.0 3.52e-01    -  1.00e+00 1.00e+00w  1
2937  1.4139009e-01 3.15e+00 6.75e+03 -11.0 5.57e-01    -  1.00e+00 6.25e-02h  4
2938  1.4078949e-01 2.79e+00 6.27e+04 -11.0 7.64e-02    -  1.00e+00 1.25e-01h  4
2939  1.5116954e-01 1.40e+00 1.68e+05 -11.0 5.75e-02    -  1.00e+00 5.00e-01h  2
iter    objective    inf_pr   inf_du lg(mu)  ||d||  lg(rg) alpha_du alpha_pr  ls
2940  1.6769048e-01 7.70e-01 2.52e+05 -11.0 3.29e-02    -  1.00e+00 1.00e+00h  1
2941  1.6661189e-01 7.04e-01 4.49e+05 -11.0 9.67e-03    -  1.00e+00 1.00e+00h  1
2942  1.4469632e-01 8.36e+00 1.05e+05 -11.0 1.13e-01    -  1.00e+00 2.50e-01h  3
2943  1.5052261e-01 1.97e+00 1.19e+04 -11.0 1.46e-02    -  1.00e+00 1.00e+00h  1
2944  1.5340478e-01 8.29e-01 1.71e+03 -11.0 7.65e-03    -  1.00e+00 1.00e+00h  1
2945  1.4337037e-01 2.42e+00 1.13e+03 -11.0 3.15e-02    -  1.00e+00 1.00e+00h  1
2946  1.3588067e-01 7.60e+00 3.42e+02 -11.0 1.32e-02    -  1.00e+00 1.00e+00h  1
2947  1.3051895e-01 1.22e+00 1.16e+03 -11.0 2.47e-02    -  1.00e+00 1.00e+00h  1
2948  1.2839700e-01 1.89e+00 3.53e+02 -11.0 5.15e-02    -  1.00e+00 5.00e-01h  2
2949  1.2342626e-01 1.13e+00 1.96e+02 -11.0 2.18e-02    -  1.00e+00 1.00e+00h  1
iter    objective    inf_pr   inf_du lg(mu)  ||d||  lg(rg) alpha_du alpha_pr  ls
2950  1.2812074e-01 8.79e-01 1.87e+02 -11.0 8.10e-02    -  1.00e+00 2.50e-01h  3
2951  1.2633580e-01 1.08e+00 1.38e+02 -11.0 1.71e-01    -  1.00e+00 6.25e-02h  5
2952  1.2471996e-01 1.12e+00 3.02e+02 -11.0 1.61e-01    -  1.00e+00 6.25e-02h  5
2953  1.2319618e-01 3.47e+00 2.98e+03 -11.0 9.60e-02    -  1.00e+00 5.00e-01h  2
2954  1.2338296e-01 3.42e+00 2.96e+03 -11.0 2.46e-01    -  1.00e+00 1.56e-02h  7
2955  1.2341880e-01 3.41e+00 2.96e+03 -11.0 3.05e-01    -  1.00e+00 1.95e-03h 10
2956  1.2342248e-01 3.41e+00 2.95e+03 -11.0 3.34e-01    -  1.00e+00 9.77e-04h 11
2957  1.2342436e-01 3.41e+00 2.95e+03 -11.0 3.36e-01    -  1.00e+00 4.88e-04h 12
2958  1.2342531e-01 3.41e+00 2.95e+03 -11.0 3.37e-01    -  1.00e+00 2.44e-04h 13
2959  1.2460619e-01 6.49e+00 1.86e+03 -11.0 2.49e-01    -  1.00e+00 2.50e-01h  3
iter    objective    inf_pr   inf_du lg(mu)  ||d||  lg(rg) alpha_du alpha_pr  ls
2960  1.2450268e-01 2.68e+00 4.00e+03 -11.0 5.25e-02    -  1.00e+00 1.00e+00h  1
2961  1.2356390e-01 1.02e+00 1.86e+03 -11.0 4.20e-02    -  1.00e+00 1.00e+00h  1
2962  1.1523590e-01 6.16e-01 1.05e+03 -11.0 6.36e-02    -  1.00e+00 5.00e-01h  2
2963  1.1461383e-01 1.27e+00 3.82e+02 -11.0 2.93e-02    -  1.00e+00 1.00e+00h  1
2964  1.1512787e-01 1.17e+00 9.15e+02 -11.0 3.91e-02    -  1.00e+00 6.25e-02h  5
2965  1.1522791e-01 1.15e+00 9.81e+02 -11.0 3.46e-02    -  1.00e+00 1.56e-02h  7
2966  1.1523395e-01 1.15e+00 9.84e+02 -11.0 3.36e-02    -  1.00e+00 9.77e-04h 11
2967  1.1495828e-01 6.72e-01 1.45e+03 -11.0 4.22e-02    -  1.00e+00 2.50e-01h  3
2968  1.1505114e-01 3.56e-01 1.01e+03 -11.0 3.44e-02    -  1.00e+00 5.00e-01h  2
2969  1.1327406e-01 3.47e-01 3.94e+02 -11.0 2.66e-02    -  1.00e+00 1.00e+00h  1
iter    objective    inf_pr   inf_du lg(mu)  ||d||  lg(rg) alpha_du alpha_pr  ls
2970  1.1100414e-01 2.23e+00 9.43e+03 -11.0 5.54e-02    -  1.00e+00 1.00e+00h  1
2971  1.0788098e-01 8.06e+00 6.97e+03 -11.0 1.07e-01    -  1.00e+00 2.50e-01h  3
2972  1.0995580e-01 6.11e+00 5.11e+03 -11.0 5.69e-02    -  1.00e+00 2.50e-01h  3
2973  1.1054707e-01 4.69e+00 3.80e+03 -11.0 3.72e-02    -  1.00e+00 2.50e-01h  3
2974  1.1051390e-01 3.57e+00 2.86e+03 -11.0 3.98e-02    -  1.00e+00 2.50e-01h  3
2975  1.1067093e-01 2.72e+00 2.18e+03 -11.0 3.66e-02    -  1.00e+00 2.50e-01h  3
2976  1.1112268e-01 1.81e+00 1.85e+03 -11.0 3.93e-02    -  1.00e+00 2.50e-01h  3
2977  1.1904619e-01 7.31e-01 3.11e+03 -11.0 4.81e-02    -  1.00e+00 5.00e-01h  2
2978  1.1467790e-01 2.09e+00 2.53e+03 -11.0 6.33e-02    -  1.00e+00 2.50e-01h  3
2979  1.1224481e-01 1.54e+00 2.82e+03 -11.0 1.27e-01    -  1.00e+00 2.50e-01h  3
iter    objective    inf_pr   inf_du lg(mu)  ||d||  lg(rg) alpha_du alpha_pr  ls
2980  1.0637502e-01 4.84e+00 4.24e+03 -11.0 3.31e-01    -  1.00e+00 1.25e-01h  4
2981  5.6302518e-01 1.99e+01 1.06e+05 -11.0 2.96e-01    -  1.00e+00 1.00e+00w  1
2982  1.4345388e+00 1.94e+02 2.13e+07 -11.0 3.25e-01    -  1.00e+00 1.00e+00w  1
2983  2.1113477e+00 4.69e+02 7.49e+08 -11.0 4.66e-01    -  1.00e+00 1.00e+00w  1
2984  9.8693090e-02 3.39e+00 4.15e+03 -11.0 4.89e-01    -  1.00e+00 1.25e-01h  3
2985  1.0147483e-01 2.44e+00 2.84e+05 -11.0 9.72e-02    -  1.00e+00 2.50e-01h  3
2986  1.0537153e-01 2.09e+00 2.56e+05 -11.0 9.47e-02    -  1.00e+00 1.25e-01h  4
2987  1.0946455e-01 1.55e+00 2.05e+05 -11.0 4.50e-02    -  1.00e+00 2.50e-01h  3
2988  1.1008916e-01 1.44e+00 2.01e+05 -11.0 4.18e-02    -  1.00e+00 6.25e-02h  5
2989  1.0082654e-01 1.22e+00 1.61e+05 -11.0 9.23e-02    -  1.00e+00 5.00e-01h  2
iter    objective    inf_pr   inf_du lg(mu)  ||d||  lg(rg) alpha_du alpha_pr  ls
2990  1.0633647e-01 9.15e-01 1.12e+05 -11.0 5.17e-02    -  1.00e+00 5.00e-01h  2
2991  1.0859182e-01 6.77e-01 9.08e+04 -11.0 6.08e-02    -  1.00e+00 5.00e-01h  2
2992  1.1492531e-01 6.06e-01 6.18e+04 -11.0 5.22e-02    -  1.00e+00 5.00e-01h  2
2993  1.1929286e-01 1.12e+00 1.20e+05 -11.0 1.59e-02    -  1.00e+00 5.00e-01h  2
2994  1.2138519e-01 2.69e-01 4.21e+05 -11.0 8.61e-03    -  1.00e+00 1.00e+00h  1
2995  1.1904982e-01 6.89e-02 3.78e+04 -11.0 3.72e-03    -  1.00e+00 1.00e+00h  1
2996  1.1831301e-01 2.03e-02 8.30e+03 -11.0 1.17e-03    -  1.00e+00 1.00e+00h  1
2997  1.1752378e-01 8.26e-03 2.72e+03 -11.0 1.90e-03    -  1.00e+00 1.00e+00h  1
2998  1.1614827e-01 6.62e-03 2.14e+03 -11.0 3.63e-03    -  1.00e+00 1.00e+00h  1
2999  1.1321237e-01 6.30e-02 1.89e+03 -11.0 8.62e-03    -  1.00e+00 1.00e+00h  1
iter    objective    inf_pr   inf_du lg(mu)  ||d||  lg(rg) alpha_du alpha_pr  ls
3000  1.0702518e-01 4.02e-01 6.74e+02 -11.0 1.68e-02    -  1.00e+00 1.00e+00h  1

Number of Iterations....: 3000

                                   (scaled)                 (unscaled)
Objective...............:   1.0702517947730765e-01    1.0702517947730765e-01
Dual infeasibility......:   6.7366644442785287e+02    6.7366644442785287e+02
Constraint violation....:   4.9530636131324010e-02    4.0248815279788858e-01
Variable bound violation:   0.0000000000000000e+00    0.0000000000000000e+00
Complementarity.........:   0.0000000000000000e+00    0.0000000000000000e+00
Overall NLP error.......:   6.7366644442785287e+02    6.7366644442785287e+02


Number of objective function evaluations             = 10623
Number of objective gradient evaluations             = 2977
Number of equality constraint evaluations            = 11084
Number of inequality constraint evaluations          = 0
Number of equality constraint Jacobian evaluations   = 3004
Number of inequality constraint Jacobian evaluations = 0
Number of Lagrangian Hessian evaluations             = 0
Total seconds in IPOPT                               = 2547.471

EXIT: Maximum Number of Iterations Exceeded.
shapovalova [2556s]  loss=0.107
  [final]  nrmse=0.4107  l2=325.7
saved /orcd/home/002/txenakis/projects/BVPsolver/src/../data/runs/run_UKE3w3Ll/vanderpol_fit.png
saved /orcd/home/002/txenakis/projects/BVPsolver/src/../data/runs/run_UKE3w3Ll/vanderpol_spectral_fit.png
┌ Warning: Attempting to store StiffNN.var"#14#15"{Float64}.
│ JLD2 only stores functions by name.
│  This may not be useful for anonymous functions.
└ @ JLD2 ~/.julia/packages/JLD2/ADycq/src/data/writing_datatypes.jl:447
saved run → /orcd/home/002/txenakis/projects/BVPsolver/src/../data/runs/run_UKE3w3Ll
--------------------------------------
Done: Wed Aug 12 13:26:44 EDT 2026
