Task 65/214: --problem vanderpol --model stiff --profile fast --seed 11 --pretraining derivmatch --training shapovalova
Logging to /home/txenakis/projects/BVPsolver/logs/run_main_20252509_65.log
vanderpol  model=stiff d=2 tlen=151 profile=fast seed=11  solver=Kvaerno5  N=268
  derivmatch lr=0.01 iter=170/3400 loss=7.329
  derivmatch lr=0.01 iter=340/3400 loss=7.32
  derivmatch lr=0.01 iter=510/3400 loss=6.948
  derivmatch lr=0.01 iter=680/3400 loss=3.393
  derivmatch lr=0.01 iter=850/3400 loss=2.279
  derivmatch lr=0.01 iter=1020/3400 loss=2.817
  derivmatch lr=0.01 iter=1190/3400 loss=4.738
  derivmatch lr=0.01 iter=1360/3400 loss=3.244
  derivmatch lr=0.01 iter=1530/3400 loss=1.718
  derivmatch lr=0.01 iter=1700/3400 loss=1.439
  derivmatch lr=0.01 iter=1870/3400 loss=2.649
  derivmatch lr=0.01 iter=2040/3400 loss=2.667
  derivmatch lr=0.01 iter=2210/3400 loss=2.395
  derivmatch lr=0.01 iter=2380/3400 loss=1.568
  derivmatch lr=0.01 iter=2550/3400 loss=1.215
  derivmatch lr=0.01 iter=2720/3400 loss=3.894
  derivmatch lr=0.01 iter=2890/3400 loss=3.721
  derivmatch lr=0.01 iter=3060/3400 loss=1.773
  derivmatch lr=0.01 iter=3230/3400 loss=1.218
  derivmatch lr=0.01 iter=3400/3400 loss=3.522
  derivmatch lr=0.01 iter=3400/3400 loss=0.0749
  derivmatch lr=0.003 iter=125/2500 loss=0.0352
  derivmatch lr=0.003 iter=250/2500 loss=0.04672
  derivmatch lr=0.003 iter=375/2500 loss=0.04075
  derivmatch lr=0.003 iter=500/2500 loss=0.04075
  derivmatch lr=0.003 iter=625/2500 loss=0.03687
  derivmatch lr=0.003 iter=750/2500 loss=0.05436
  derivmatch lr=0.003 iter=875/2500 loss=0.03557
  derivmatch lr=0.003 iter=1000/2500 loss=0.03549
  derivmatch lr=0.003 iter=1125/2500 loss=0.03287
  derivmatch lr=0.003 iter=1250/2500 loss=0.03476
  derivmatch lr=0.003 iter=1375/2500 loss=0.03348
  derivmatch lr=0.003 iter=1500/2500 loss=0.03445
  derivmatch lr=0.003 iter=1625/2500 loss=0.03105
  derivmatch lr=0.003 iter=1750/2500 loss=0.03422
  derivmatch lr=0.003 iter=1875/2500 loss=0.0305
  derivmatch lr=0.003 iter=2000/2500 loss=0.03325
  derivmatch lr=0.003 iter=2125/2500 loss=0.03023
  derivmatch lr=0.003 iter=2250/2500 loss=0.03152
  derivmatch lr=0.003 iter=2375/2500 loss=0.02952
  derivmatch lr=0.003 iter=2500/2500 loss=0.03137
  derivmatch lr=0.003 iter=2500/2500 loss=0.0258
  derivmatch lr=0.001 iter=125/2500 loss=0.02009
  derivmatch lr=0.001 iter=250/2500 loss=0.01528
  derivmatch lr=0.001 iter=375/2500 loss=0.01199
  derivmatch lr=0.001 iter=500/2500 loss=0.01376
  derivmatch lr=0.001 iter=625/2500 loss=0.0114
  derivmatch lr=0.001 iter=750/2500 loss=0.01076
  derivmatch lr=0.001 iter=875/2500 loss=0.01032
  derivmatch lr=0.001 iter=1000/2500 loss=0.01013
  derivmatch lr=0.001 iter=1125/2500 loss=0.009445
  derivmatch lr=0.001 iter=1250/2500 loss=0.008573
  derivmatch lr=0.001 iter=1375/2500 loss=0.008545
  derivmatch lr=0.001 iter=1500/2500 loss=0.008559
  derivmatch lr=0.001 iter=1625/2500 loss=0.007306
  derivmatch lr=0.001 iter=1750/2500 loss=0.007809
  derivmatch lr=0.001 iter=1875/2500 loss=0.00778
  derivmatch lr=0.001 iter=2000/2500 loss=0.007419
  derivmatch lr=0.001 iter=2125/2500 loss=0.00713
  derivmatch lr=0.001 iter=2250/2500 loss=0.007425
  derivmatch lr=0.001 iter=2375/2500 loss=0.006821
  derivmatch lr=0.001 iter=2500/2500 loss=0.006884
  derivmatch lr=0.001 iter=2500/2500 loss=0.006608
  derivmatch lr=0.0003 iter=80/1600 loss=0.003473
  derivmatch lr=0.0003 iter=160/1600 loss=0.003412
  derivmatch lr=0.0003 iter=240/1600 loss=0.003373
  derivmatch lr=0.0003 iter=320/1600 loss=0.00333
  derivmatch lr=0.0003 iter=400/1600 loss=0.003282
  derivmatch lr=0.0003 iter=480/1600 loss=0.00323
  derivmatch lr=0.0003 iter=560/1600 loss=0.003174
  derivmatch lr=0.0003 iter=640/1600 loss=0.003114
  derivmatch lr=0.0003 iter=720/1600 loss=0.003052
  derivmatch lr=0.0003 iter=800/1600 loss=0.002986
  derivmatch lr=0.0003 iter=880/1600 loss=0.002918
  derivmatch lr=0.0003 iter=960/1600 loss=0.002847
  derivmatch lr=0.0003 iter=1040/1600 loss=0.002774
  derivmatch lr=0.0003 iter=1120/1600 loss=0.002698
  derivmatch lr=0.0003 iter=1200/1600 loss=0.002621
  derivmatch lr=0.0003 iter=1280/1600 loss=0.002555
  derivmatch lr=0.0003 iter=1360/1600 loss=0.002486
  derivmatch lr=0.0003 iter=1440/1600 loss=0.002417
  derivmatch lr=0.0003 iter=1520/1600 loss=0.003047
  derivmatch lr=0.0003 iter=1600/1600 loss=0.002284
  derivmatch lr=0.0003 iter=1600/1600 loss=0.002284
derivative matching [29s]  fitloss=0.00228
  [derivative matching]  nrmse=0.3942  l2=325.5

******************************************************************************
This program contains Ipopt, a library for large-scale nonlinear optimization.
 Ipopt is released as open source code under the Eclipse Public License (EPL).
         For more information visit https://github.com/coin-or/Ipopt
******************************************************************************

This is Ipopt version 3.14.19, running with linear solver MUMPS 5.9.0.

Number of nonzeros in equality constraint Jacobian...:   126842
Number of nonzeros in inequality constraint Jacobian.:        0
Number of nonzeros in Lagrangian Hessian.............:        0

Total number of variables............................:      570
                     variables with only lower bounds:        0
                variables with lower and upper bounds:        0
                     variables with only upper bounds:        0
Total number of equality constraints.................:      304
Total number of inequality constraints...............:        0
        inequality constraints with only lower bounds:        0
   inequality constraints with lower and upper bounds:        0
        inequality constraints with only upper bounds:        0

iter    objective    inf_pr   inf_du lg(mu)  ||d||  lg(rg) alpha_du alpha_pr  ls
   0  1.9944972e-04 1.26e+00 1.22e-05   0.0 0.00e+00    -  0.00e+00 0.00e+00   0
   1  8.9140098e-03 1.25e+00 3.15e-01 -11.0 1.92e+00    -  1.00e+00 3.12e-02h  6
   2  2.6018876e-02 1.22e+00 5.27e-01 -11.0 1.48e+00    -  1.00e+00 3.12e-02h  6
   3  7.9041645e-02 1.07e+00 6.55e-01 -11.0 1.32e+00    -  1.00e+00 6.25e-02h  5
   4  1.0946773e-01 1.04e+00 2.45e+00 -11.0 1.16e+00    -  1.00e+00 3.12e-02h  6
   5  1.4476097e-01 1.00e+00 1.94e+00 -11.0 1.09e+00    -  1.00e+00 3.12e-02h  6
   6  1.4903362e-01 9.98e-01 1.98e+00 -11.0 9.87e-01    -  1.00e+00 3.91e-03h  9
   7  1.5792321e-01 9.89e-01 2.04e+00 -11.0 9.74e-01    -  1.00e+00 7.81e-03h  8
   8  1.5997067e-01 9.87e-01 2.13e+00 -11.0 1.26e+00    -  1.00e+00 1.95e-03h 10
   9  1.6097369e-01 9.86e-01 2.17e+00 -11.0 1.37e+00    -  1.00e+00 9.77e-04h 11
iter    objective    inf_pr   inf_du lg(mu)  ||d||  lg(rg) alpha_du alpha_pr  ls
  10  1.6196517e-01 9.85e-01 2.21e+00 -11.0 1.43e+00    -  1.00e+00 9.77e-04h 11
  11  4.5217716e+00 4.23e+01 1.44e+02 -11.0 1.10e+00    -  1.00e+00 1.00e+00w  1
  12  2.6886760e+00 9.85e+01 7.77e+01 -11.0 9.98e-01    -  1.00e+00 1.00e+00w  1
  13  2.1710537e+00 1.37e+01 2.38e+01 -11.0 4.56e-01    -  1.00e+00 1.00e+00w  1
  14  2.0700701e-01 9.55e-01 3.54e+00 -11.0 5.47e-01    -  1.00e+00 3.12e-02h  5
  15  2.5426272e-01 9.24e-01 5.05e+00 -11.0 1.01e+00    -  1.00e+00 3.12e-02h  6
  16  2.5699018e-01 9.22e-01 5.11e+00 -11.0 1.13e+00    -  1.00e+00 1.95e-03h 10
  17  2.5973327e-01 9.20e-01 5.16e+00 -11.0 1.15e+00    -  1.00e+00 1.95e-03h 10
  18  2.6249533e-01 9.18e-01 5.20e+00 -11.0 1.16e+00    -  1.00e+00 1.95e-03h 10
  19  3.7229787e-01 8.61e-01 7.71e+00 -11.0 9.97e-01    -  1.00e+00 6.25e-02h  5
iter    objective    inf_pr   inf_du lg(mu)  ||d||  lg(rg) alpha_du alpha_pr  ls
  20  3.7905924e-01 8.57e-01 7.78e+00 -11.0 8.81e-01    -  1.00e+00 3.91e-03h  9
  21  3.8586605e-01 8.54e-01 7.85e+00 -11.0 8.77e-01    -  1.00e+00 3.91e-03h  9
  22  3.9272389e-01 8.51e-01 7.90e+00 -11.0 8.75e-01    -  1.00e+00 3.91e-03h  9
  23  5.1419455e-01 7.98e-01 1.01e+01 -11.0 9.08e-01    -  1.00e+00 6.25e-02h  5
  24  4.2985936e+00 3.51e+01 2.97e+01 -11.0 8.16e-01    -  1.00e+00 1.00e+00w  1
  25  2.4615236e+00 1.51e+02 2.39e+02 -11.0 1.16e+00    -  1.00e+00 1.00e+00w  1
  26  2.3610974e+00 8.28e+01 3.17e+01 -11.0 4.70e-01    -  1.00e+00 1.00e+00w  1
  27  5.2913026e-01 7.91e-01 1.03e+01 -11.0 4.71e-01    -  1.00e+00 7.81e-03h  7
  28  5.4418016e-01 7.85e-01 1.04e+01 -11.0 8.53e-01    -  1.00e+00 7.81e-03h  8
  29  5.5937224e-01 7.79e-01 1.04e+01 -11.0 8.48e-01    -  1.00e+00 7.81e-03h  8
iter    objective    inf_pr   inf_du lg(mu)  ||d||  lg(rg) alpha_du alpha_pr  ls
  30  8.3408091e-01 6.79e-01 1.43e+01 -11.0 8.22e-01    -  1.00e+00 1.25e-01h  4
  31  8.5023139e-01 6.74e-01 1.44e+01 -11.0 6.92e-01    -  1.00e+00 7.81e-03h  8
  32  8.6643527e-01 6.69e-01 1.45e+01 -11.0 6.88e-01    -  1.00e+00 7.81e-03h  8
  33  8.8269608e-01 6.64e-01 1.47e+01 -11.0 6.84e-01    -  1.00e+00 7.81e-03h  8
  34  1.1622069e+00 7.18e-01 2.12e+01 -11.0 6.84e-01    -  1.00e+00 1.25e-01h  4
  35  1.1940543e+00 7.10e-01 2.19e+01 -11.0 5.75e-01    -  1.00e+00 1.56e-02h  7
  36  1.2258818e+00 7.03e-01 2.25e+01 -11.0 5.67e-01    -  1.00e+00 1.56e-02h  7
  37  4.1997130e+00 1.51e+01 7.39e+01 -11.0 5.60e-01    -  1.00e+00 1.00e+00w  1
  38  2.1344048e+00 1.89e+02 9.13e+01 -11.0 1.64e+00    -  1.00e+00 1.00e+00w  1
  39  9.5633384e+00 1.14e+02 4.84e+02 -11.0 2.48e+00    -  1.00e+00 1.00e+00w  1
iter    objective    inf_pr   inf_du lg(mu)  ||d||  lg(rg) alpha_du alpha_pr  ls
  40  1.2576847e+00 6.95e-01 2.30e+01 -11.0 1.59e+00    -  1.00e+00 1.56e-02h  6
  41  1.3869198e+00 7.23e-01 2.46e+01 -11.0 5.73e-01    -  1.00e+00 6.25e-02h  5
  42  1.5143452e+00 8.79e-01 2.57e+01 -11.0 5.36e-01    -  1.00e+00 6.25e-02h  5
  43  1.5764237e+00 9.05e-01 2.60e+01 -11.0 5.05e-01    -  1.00e+00 3.12e-02h  6
  44  1.8268994e+00 1.55e+00 2.93e+01 -11.0 4.63e-01    -  1.00e+00 1.25e-01h  4
  45  1.9406300e+00 1.70e+00 3.00e+01 -11.0 4.12e-01    -  1.00e+00 6.25e-02h  5
  46  1.9958983e+00 1.72e+00 3.01e+01 -11.0 3.92e-01    -  1.00e+00 3.12e-02h  6
  47  2.0505100e+00 1.74e+00 3.02e+01 -11.0 3.81e-01    -  1.00e+00 3.12e-02h  6
  48  2.1599493e+00 2.01e+00 3.08e+01 -11.0 3.75e-01    -  1.00e+00 6.25e-02h  5
  49  2.2120854e+00 2.07e+00 3.07e+01 -11.0 3.70e-01    -  1.00e+00 3.12e-02h  6
iter    objective    inf_pr   inf_du lg(mu)  ||d||  lg(rg) alpha_du alpha_pr  ls
  50  2.9628803e+01 5.20e+03 5.73e+02 -11.0 2.80e+00    -  1.00e+00 1.00e+00w  1
  51  5.9609470e+04 3.87e+06 1.08e+04 -11.0 1.27e+02    -  1.00e+00 1.00e+00w  1
  52  6.2549449e+04 4.46e+06 2.20e+05 -11.0 2.91e+02    -  1.00e+00 1.00e+00w  1
  53  2.2141971e+00 2.21e+00 3.32e+01 -11.0 2.76e+07    -  1.00e+00 7.81e-03h  7
  54  2.2186045e+00 2.21e+00 3.38e+01 -11.0 1.20e+00    -  1.00e+00 3.91e-03h  9
  55  2.3230669e+00 2.02e+00 3.51e+01 -11.0 7.78e-01    -  1.00e+00 6.25e-02h  5
  56  2.3749889e+00 1.94e+00 3.57e+01 -11.0 6.98e-01    -  1.00e+00 3.12e-02h  6
  57  2.4833574e+00 1.79e+00 3.67e+01 -11.0 6.55e-01    -  1.00e+00 6.25e-02h  5
  58  2.5261772e+00 1.91e+00 3.64e+01 -11.0 3.45e-01    -  1.00e+00 3.12e-02h  6
  59  2.5467749e+00 1.94e+00 3.60e+01 -11.0 3.62e-01    -  1.00e+00 1.56e-02h  7
iter    objective    inf_pr   inf_du lg(mu)  ||d||  lg(rg) alpha_du alpha_pr  ls
  60  2.5660546e+00 1.99e+00 3.57e+01 -11.0 3.99e-01    -  1.00e+00 1.56e-02h  7
  61  2.5756762e+00 2.00e+00 3.56e+01 -11.0 3.84e-01    -  1.00e+00 7.81e-03h  8
  62  2.5853040e+00 2.01e+00 3.55e+01 -11.0 3.76e-01    -  1.00e+00 7.81e-03h  8
  63  4.1343011e+00 1.41e+01 4.46e+01 -11.0 2.82e-01    -  1.00e+00 1.00e+00w  1
  64  3.8751513e+00 1.77e+01 6.80e+01 -11.0 1.88e-01    -  1.00e+00 1.00e+00w  1
  65  3.4064767e+00 4.56e+02 6.56e+01 -11.0 2.43e-01    -  1.00e+00 1.00e+00w  1
  66  2.6061063e+00 2.04e+00 3.53e+01 -11.0 4.19e-01    -  1.00e+00 1.56e-02h  6
  67  2.6255483e+00 2.11e+00 3.52e+01 -11.0 3.36e-01    -  1.00e+00 1.56e-02h  7
  68  2.6255850e+00 2.11e+00 3.52e+01 -11.0 1.55e+00    -  1.00e+00 9.77e-04h 11
  69  2.6241040e+00 2.11e+00 3.53e+01 -11.0 1.83e+03    -  1.00e+00 9.54e-07h 21
iter    objective    inf_pr   inf_du lg(mu)  ||d||  lg(rg) alpha_du alpha_pr  ls
  70  2.6233358e+00 2.11e+00 3.54e+01 -11.0 1.93e+03    -  1.00e+00 4.77e-07h 22
  71  2.6225622e+00 2.12e+00 3.54e+01 -11.0 1.98e+03    -  1.00e+00 4.77e-07h 22
  72  2.6432684e+00 2.15e+00 3.53e+01 -11.0 2.43e-01    -  1.00e+00 1.56e-02h  7
  73  2.6633499e+00 2.22e+00 3.51e+01 -11.0 2.65e-01    -  1.00e+00 1.56e-02h  7
  74  2.6620901e+00 2.25e+00 3.53e+01 -11.0 3.21e+00    -  1.00e+00 9.77e-04h 11
  75  2.6630952e+00 2.25e+00 3.53e+01 -11.0 4.83e-01    -  1.00e+00 9.77e-04h 11
  76  5.2579805e+00 3.40e+01 1.04e+02 -11.0 4.81e-01    -  1.00e+00 1.00e+00w  1
  77  6.6066623e+00 3.23e+02 4.90e+02 -11.0 2.22e+00    -  1.00e+00 1.00e+00w  1
  78  4.0519790e+00 1.43e+02 5.50e+01 -11.0 1.69e+00    -  1.00e+00 1.00e+00w  1
  79  2.6651170e+00 2.25e+00 3.54e+01 -11.0 3.19e-01    -  1.00e+00 1.95e-03h  9
iter    objective    inf_pr   inf_du lg(mu)  ||d||  lg(rg) alpha_du alpha_pr  ls
  80  2.6858499e+00 2.30e+00 3.53e+01 -11.0 2.88e-01    -  1.00e+00 1.56e-02h  7
  81  2.7062807e+00 2.37e+00 3.51e+01 -11.0 2.40e-01    -  1.00e+00 1.56e-02h  7
  82  2.7075862e+00 2.38e+00 3.52e+01 -11.0 8.38e-01    -  1.00e+00 1.95e-03h 10
  83  2.7091152e+00 2.38e+00 3.53e+01 -11.0 7.78e-01    -  1.00e+00 1.95e-03h 10
  84  2.7107363e+00 2.39e+00 3.54e+01 -11.0 7.44e-01    -  1.00e+00 1.95e-03h 10
  85  2.7124374e+00 2.39e+00 3.55e+01 -11.0 7.14e-01    -  1.00e+00 1.95e-03h 10
  86  2.7326750e+00 2.43e+00 3.55e+01 -11.0 2.37e-01    -  1.00e+00 1.56e-02h  7
  87  2.7524361e+00 2.50e+00 3.54e+01 -11.0 2.21e-01    -  1.00e+00 1.56e-02h  7
  88  2.7720202e+00 2.57e+00 3.53e+01 -11.0 2.28e-01    -  1.00e+00 1.56e-02h  7
  89  4.3075059e+00 1.29e+01 4.40e+01 -11.0 2.34e-01    -  1.00e+00 1.00e+00w  1
iter    objective    inf_pr   inf_du lg(mu)  ||d||  lg(rg) alpha_du alpha_pr  ls
  90  3.4324711e+00 6.21e+02 1.22e+02 -11.0 6.22e-01    -  1.00e+00 1.00e+00w  1
  91  3.0349813e+00 4.61e+01 3.09e+01 -11.0 1.05e+00    -  1.00e+00 1.00e+00w  1
  92  2.7914301e+00 2.65e+00 3.52e+01 -11.0 4.23e-01    -  1.00e+00 1.56e-02h  6
  93  2.8316592e+00 2.86e+00 3.50e+01 -11.0 2.70e-01    -  1.00e+00 3.12e-02h  6
  94  2.8509411e+00 2.89e+00 3.48e+01 -11.0 2.74e-01    -  1.00e+00 1.56e-02h  7
  95  2.8700345e+00 2.93e+00 3.47e+01 -11.0 2.75e-01    -  1.00e+00 1.56e-02h  7
  96  2.8889352e+00 2.96e+00 3.46e+01 -11.0 2.75e-01    -  1.00e+00 1.56e-02h  7
  97  2.9652118e+00 3.30e+00 3.50e+01 -11.0 3.07e-01    -  1.00e+00 6.25e-02h  5
  98  3.0335699e+00 3.65e+00 3.66e+01 -11.0 2.84e-01    -  1.00e+00 6.25e-02h  5
  99  3.0950913e+00 3.78e+00 3.83e+01 -11.0 3.01e-01    -  1.00e+00 6.25e-02h  5
iter    objective    inf_pr   inf_du lg(mu)  ||d||  lg(rg) alpha_du alpha_pr  ls
 100  3.1214382e+00 3.71e+00 3.92e+01 -11.0 3.09e-01    -  1.00e+00 3.12e-02h  6
 101  3.1755827e+00 3.47e+00 4.06e+01 -11.0 2.54e-01    -  1.00e+00 6.25e-02h  5
 102  4.0934833e+00 5.04e+00 9.17e+01 -11.0 2.52e-01    -  1.00e+00 1.00e+00w  1
 103  3.6347041e+00 4.81e+01 1.41e+02 -11.0 7.27e-01    -  1.00e+00 1.00e+00w  1
 104  3.0244451e+00 3.15e+01 3.65e+01 -11.0 4.55e-01    -  1.00e+00 1.00e+00w  1
 105  3.2214162e+00 3.25e+00 4.23e+01 -11.0 9.68e-01    -  1.00e+00 6.25e-02h  4
 106  3.2280252e+00 3.20e+00 4.32e+01 -11.0 3.81e-01    -  1.00e+00 1.56e-02h  7
 107  3.2339102e+00 3.15e+00 4.41e+01 -11.0 3.86e-01    -  1.00e+00 1.56e-02h  7
 108  3.2497737e+00 3.06e+00 4.51e+01 -11.0 2.63e-01    -  1.00e+00 3.12e-02h  6
 109  3.2635219e+00 2.97e+00 4.61e+01 -11.0 2.64e-01    -  1.00e+00 3.12e-02h  6
iter    objective    inf_pr   inf_du lg(mu)  ||d||  lg(rg) alpha_du alpha_pr  ls
 110  3.2752114e+00 2.89e+00 4.71e+01 -11.0 2.63e-01    -  1.00e+00 3.12e-02h  6
 111  3.2849467e+00 2.82e+00 4.80e+01 -11.0 2.61e-01    -  1.00e+00 3.12e-02h  6
 112  3.2928797e+00 2.75e+00 4.90e+01 -11.0 2.57e-01    -  1.00e+00 3.12e-02h  6
 113  3.2992022e+00 2.69e+00 4.99e+01 -11.0 2.51e-01    -  1.00e+00 3.12e-02h  6
 114  3.3041357e+00 2.63e+00 5.08e+01 -11.0 2.43e-01    -  1.00e+00 3.12e-02h  6
 115  3.6671830e+00 1.72e+01 7.24e+01 -11.0 2.35e-01    -  1.00e+00 1.00e+00w  1
 116  2.9702725e+00 8.86e+01 1.65e+02 -11.0 5.11e-01    -  1.00e+00 1.00e+00w  1
 117  2.5315706e+00 4.91e+01 2.56e+01 -11.0 1.28e+00    -  1.00e+00 1.00e+00w  1
 118  3.3079167e+00 2.57e+00 5.16e+01 -11.0 5.47e-01    -  1.00e+00 3.12e-02h  5
 119  3.3141740e+00 2.53e+00 5.30e+01 -11.0 2.26e-01    -  1.00e+00 6.25e-02h  5
iter    objective    inf_pr   inf_du lg(mu)  ||d||  lg(rg) alpha_du alpha_pr  ls
 120  3.3179439e+00 2.49e+00 5.42e+01 -11.0 2.06e-01    -  1.00e+00 6.25e-02h  5
 121  3.3207843e+00 2.46e+00 5.50e+01 -11.0 1.88e-01    -  1.00e+00 6.25e-02h  5
 122  3.3237067e+00 2.42e+00 5.55e+01 -11.0 1.73e-01    -  1.00e+00 6.25e-02h  5
 123  3.3330664e+00 2.57e+00 5.61e+01 -11.0 1.60e-01    -  1.00e+00 1.25e-01h  4
 124  3.3459084e+00 2.70e+00 5.59e+01 -11.0 1.41e-01    -  1.00e+00 1.25e-01h  4
 125  3.3613850e+00 2.84e+00 5.53e+01 -11.0 1.29e-01    -  1.00e+00 1.25e-01h  4
 126  3.3688887e+00 2.80e+00 5.50e+01 -11.0 1.20e-01    -  1.00e+00 6.25e-02h  5
 127  3.3659002e+00 2.82e+00 5.57e+01 -11.0 4.91e+00    -  1.00e+00 4.88e-04h 12
 128  4.4139953e+10 2.32e+08 5.04e+05 -11.0 1.02e+05    -  1.00e+00 1.00e+00w  1
 129  1.5708433e+08 1.02e+03 1.12e+14 -11.0 1.01e+05    -  1.00e+00 1.00e+00w  1
iter    objective    inf_pr   inf_du lg(mu)  ||d||  lg(rg) alpha_du alpha_pr  ls
 130  1.5708433e+08 1.02e+03 5.81e+07 -11.0 1.35e-01    -  1.00e+00 1.00e+00w  1
 131r 3.3659002e+00 2.82e+00 9.99e+02   0.5 0.00e+00    -  0.00e+00 4.77e-07R 21
 132r 3.3781847e+00 2.51e-01 2.16e+01  -5.5 2.82e+03    -  1.00e+00 9.90e-04f  1
 133  3.3643897e+00 3.49e-01 2.00e+00 -11.0 5.83e+00    -  1.00e+00 1.95e-03h 10
 134  3.3596379e+00 7.87e-01 1.94e+00 -11.0 3.29e-01    -  1.00e+00 3.12e-02h  6
 135  3.3564459e+00 8.23e-01 1.93e+00 -11.0 4.40e+00    -  1.00e+00 9.77e-04h 11
 136  3.3522516e+00 8.73e-01 1.93e+00 -11.0 2.84e+00    -  1.00e+00 1.95e-03h 10
 137  3.0235779e+00 7.67e+01 3.49e+01 -11.0 1.60e+01    -  1.00e+00 6.25e-02f  5
 138  2.6884059e+00 1.02e+02 3.53e+01 -11.0 2.05e+01    -  1.00e+00 6.25e-02h  5
 139  3.0270287e+00 2.47e+02 3.85e+02 -11.0 1.20e+00    -  1.00e+00 1.00e+00h  1
iter    objective    inf_pr   inf_du lg(mu)  ||d||  lg(rg) alpha_du alpha_pr  ls
 140  2.1081184e+00 5.90e+01 2.46e+02 -11.0 1.20e+00    -  1.00e+00 5.00e-01h  2
 141  1.7337018e+00 1.45e+01 3.80e+01 -11.0 3.77e-01    -  1.00e+00 1.00e+00h  1
 142  2.7172474e+00 1.45e+01 2.93e+02 -11.0 5.43e-01    -  1.00e+00 1.00e+00h  1
 143  2.0214218e+00 4.68e+00 3.73e+02 -11.0 2.96e-01    -  1.00e+00 1.00e+00h  1
 144  2.0321384e+00 3.49e+00 2.74e+02 -11.0 3.25e-01    -  1.00e+00 2.50e-01h  3
 145  2.0826687e+00 2.56e+00 2.08e+02 -11.0 4.76e-01    -  1.00e+00 2.50e-01h  3
 146  2.3718862e+00 1.43e+00 3.61e+02 -11.0 3.71e-01    -  1.00e+00 5.00e-01h  2
 147  2.1311603e+00 1.11e+00 1.07e+03 -11.0 4.56e-01    -  1.00e+00 2.50e-01h  3
 148  2.2512753e+00 5.56e-01 1.08e+03 -11.0 2.03e-01    -  1.00e+00 5.00e-01h  2
 149  2.3047607e+00 4.08e-01 3.26e+02 -11.0 2.23e-01    -  1.00e+00 1.00e+00h  1
iter    objective    inf_pr   inf_du lg(mu)  ||d||  lg(rg) alpha_du alpha_pr  ls
 150  1.7246486e+00 9.16e-01 3.22e+02 -11.0 1.60e-01    -  1.00e+00 1.00e+00h  1
 151  1.9122223e+00 5.26e-01 1.06e+02 -11.0 1.76e-01    -  1.00e+00 1.00e+00h  1
 152  1.6032456e+00 6.23e-01 5.59e+01 -11.0 1.65e-01    -  1.00e+00 1.00e+00h  1
 153  1.4768015e+00 3.08e+00 6.72e+01 -11.0 2.13e-01    -  1.00e+00 1.00e+00h  1
 154  1.4073121e+00 2.58e+00 1.27e+03 -11.0 2.22e-01    -  1.00e+00 1.00e+00h  1
 155  9.7651853e-01 3.38e+00 2.42e+02 -11.0 6.12e-01    -  1.00e+00 1.00e+00h  1
 156  1.1630742e+00 2.26e+00 1.00e+02 -11.0 6.38e-01    -  1.00e+00 1.00e+00h  1
 157  1.1929325e+00 1.05e+00 8.32e+02 -11.0 3.01e-01    -  1.00e+00 1.00e+00h  1
 158  1.0017375e+00 1.58e+00 3.43e+02 -11.0 2.04e-01    -  1.00e+00 1.00e+00h  1
 159  9.0212799e-01 5.93e-01 2.78e+02 -11.0 1.84e-01    -  1.00e+00 1.00e+00h  1
iter    objective    inf_pr   inf_du lg(mu)  ||d||  lg(rg) alpha_du alpha_pr  ls
 160  8.9140819e-01 6.77e-01 2.00e+03 -11.0 2.44e-01    -  1.00e+00 5.00e-01h  2
 161  7.5107848e-01 2.26e-01 1.06e+02 -11.0 9.83e-02    -  1.00e+00 1.00e+00h  1
 162  6.9067207e-01 1.82e+00 7.51e+01 -11.0 4.78e-01    -  1.00e+00 5.00e-01h  2
 163  5.6969110e-01 2.19e-01 7.38e+01 -11.0 1.05e-01    -  1.00e+00 1.00e+00h  1
 164  5.4035485e-01 5.24e-01 4.99e+01 -11.0 3.60e-01    -  1.00e+00 5.00e-01h  2
 165  4.8090315e-01 1.10e-01 4.30e+01 -11.0 1.13e-01    -  1.00e+00 1.00e+00h  1
 166  4.7917656e-01 8.38e-02 2.58e+01 -11.0 6.48e-02    -  1.00e+00 5.00e-01h  2
 167  4.9967355e-01 8.15e-02 3.16e+01 -11.0 5.81e-02    -  1.00e+00 1.00e+00h  1
 168  4.7400622e-01 7.79e-02 3.52e+01 -11.0 5.92e-02    -  1.00e+00 1.00e+00h  1
 169  3.9743963e-01 3.20e-02 3.32e+01 -11.0 8.32e-02    -  1.00e+00 1.00e+00h  1
iter    objective    inf_pr   inf_du lg(mu)  ||d||  lg(rg) alpha_du alpha_pr  ls
 170  3.3469539e-01 6.19e-02 4.07e+01 -11.0 6.74e-02    -  1.00e+00 1.00e+00h  1
 171  3.1066424e-01 4.64e-01 2.81e+02 -11.0 1.84e-01    -  1.00e+00 1.00e+00h  1
 172  2.8415377e-01 1.33e-01 1.79e+02 -11.0 1.68e-01    -  1.00e+00 1.00e+00h  1
 173  3.0792242e-01 7.46e-02 8.44e+01 -11.0 6.96e-02    -  1.00e+00 5.00e-01h  2
 174  3.2088553e-01 8.46e-02 6.67e+01 -11.0 9.37e-02    -  1.00e+00 5.00e-01h  2
 175  3.5994139e-01 8.18e-02 7.63e+01 -11.0 5.87e-02    -  1.00e+00 5.00e-01h  2
 176  3.9772777e-01 6.14e-02 2.97e+01 -11.0 3.76e-02    -  1.00e+00 1.00e+00h  1
 177  3.9806507e-01 3.71e-02 1.79e+02 -11.0 1.23e-01    -  1.00e+00 5.00e-01h  2
 178  3.7000051e-01 1.49e-02 3.85e+01 -11.0 8.30e-02    -  1.00e+00 1.00e+00h  1
 179  3.4733943e-01 3.06e-02 9.14e+01 -11.0 6.83e-02    -  1.00e+00 1.00e+00H  1
iter    objective    inf_pr   inf_du lg(mu)  ||d||  lg(rg) alpha_du alpha_pr  ls
 180  3.1714338e-01 3.36e-02 3.10e+01 -11.0 6.57e-02    -  1.00e+00 1.00e+00h  1
 181  3.0664334e-01 3.16e-02 1.75e+01 -11.0 6.59e-02    -  1.00e+00 5.00e-01h  2
 182  3.0067510e-01 2.22e-02 1.82e+01 -11.0 6.19e-02    -  1.00e+00 5.00e-01h  2
 183  2.9087919e-01 9.34e-02 5.53e+01 -11.0 5.23e-02    -  1.00e+00 1.00e+00h  1
 184  2.6711295e-01 1.17e-01 1.12e+02 -11.0 8.34e-02    -  1.00e+00 1.00e+00h  1
 185  2.6306999e-01 6.73e-01 2.05e+02 -11.0 2.01e+00    -  1.00e+00 6.25e-02h  5
 186  2.2974704e-01 7.53e-01 2.11e+02 -11.0 5.76e+00    -  1.00e+00 1.56e-02h  7
 187  2.1888389e-01 4.65e-01 9.15e+01 -11.0 2.59e-01    -  1.00e+00 5.00e-01h  2
 188  2.0307059e-01 4.96e-01 1.29e+02 -11.0 1.12e+00    -  1.00e+00 6.25e-02h  5
 189  1.9816009e-01 3.88e-01 9.27e+01 -11.0 1.47e-01    -  1.00e+00 2.50e-01h  3
iter    objective    inf_pr   inf_du lg(mu)  ||d||  lg(rg) alpha_du alpha_pr  ls
 190  2.4446463e-01 5.62e-01 1.20e+02 -11.0 3.49e+00    -  1.00e+00 3.12e-02h  6
 191  2.0361996e-01 5.90e-01 1.51e+02 -11.0 1.37e+01    -  1.00e+00 3.91e-03h  9
 192  1.9638180e-01 9.00e-01 1.61e+02 -11.0 3.81e+00    -  1.00e+00 3.12e-02h  6
 193  1.9535530e-01 5.29e-01 2.81e+01 -11.0 1.47e-01    -  1.00e+00 1.00e+00h  1
 194  1.6489797e-01 3.14e-01 1.48e+01 -11.0 9.78e-02    -  1.00e+00 1.00e+00h  1
 195  1.6234482e-01 2.65e-01 1.48e+01 -11.0 1.06e-01    -  1.00e+00 2.50e-01h  3
 196  1.7969351e-01 1.63e-01 2.68e+01 -11.0 8.92e-02    -  1.00e+00 5.00e-01h  2
 197  1.8710399e-01 1.34e-01 3.79e+01 -11.0 1.11e-01    -  1.00e+00 2.50e-01h  3
 198  1.9057624e-01 1.22e-01 4.29e+01 -11.0 1.23e-01    -  1.00e+00 1.25e-01h  4
 199  1.9476276e-01 1.09e-01 3.90e+01 -11.0 1.26e-01    -  1.00e+00 1.25e-01h  4
iter    objective    inf_pr   inf_du lg(mu)  ||d||  lg(rg) alpha_du alpha_pr  ls
 200  1.9363562e-01 1.06e-01 4.09e+01 -11.0 1.28e-01    -  1.00e+00 3.12e-02h  6
 201  1.9258928e-01 1.04e-01 4.27e+01 -11.0 1.33e-01    -  1.00e+00 3.12e-02h  6
 202  1.9206985e-01 1.02e-01 4.35e+01 -11.0 1.38e-01    -  1.00e+00 1.56e-02h  7
 203  1.9171681e-01 1.00e-01 4.35e+01 -11.0 1.22e-01    -  1.00e+00 3.12e-02h  6
 204  1.9155853e-01 9.80e-02 4.34e+01 -11.0 1.20e-01    -  1.00e+00 3.12e-02h  6
 205  2.5834863e-01 1.23e+00 1.34e+02 -11.0 1.19e-01    -  1.00e+00 1.00e+00w  1
 206  2.3025330e-01 9.41e-01 4.28e+01 -11.0 1.56e-01    -  1.00e+00 1.00e+00w  1
 207  2.6777914e-01 3.98e-01 2.69e+01 -11.0 1.99e-01    -  1.00e+00 1.00e+00w  1
 208  1.9155843e-01 9.59e-02 4.33e+01 -11.0 1.67e-01    -  1.00e+00 3.12e-02h  5
 209  1.9061504e-01 1.36e-01 4.13e+01 -11.0 1.29e-01    -  1.00e+00 1.25e-01h  4
iter    objective    inf_pr   inf_du lg(mu)  ||d||  lg(rg) alpha_du alpha_pr  ls
 210  1.9091054e-01 1.30e-01 4.01e+01 -11.0 1.27e-01    -  1.00e+00 6.25e-02h  5
 211  2.8002951e-01 3.08e-02 5.94e+01 -11.0 9.97e-02    -  1.00e+00 1.00e+00H  1
 212  2.5702291e-01 5.13e-02 8.05e+01 -11.0 1.36e-01    -  1.00e+00 5.00e-01h  2
 213  2.3473448e-01 3.86e-02 1.54e+02 -11.0 2.49e-01    -  1.00e+00 5.00e-01h  2
 214  2.6211981e-01 2.77e-02 3.12e+01 -11.0 4.11e-02    -  1.00e+00 1.00e+00h  1
 215  2.7994169e-01 1.55e-02 2.78e+02 -11.0 5.04e-02    -  1.00e+00 1.00e+00h  1
 216  2.6040395e-01 6.51e-03 5.74e+01 -11.0 4.82e-02    -  1.00e+00 1.00e+00h  1
 217  2.4326898e-01 2.60e-02 6.60e+01 -11.0 5.57e-01    -  1.00e+00 6.25e-02h  5
 218  2.4062444e-01 7.19e-03 1.62e+01 -11.0 1.02e-02    -  1.00e+00 1.00e+00h  1
 219  2.2599985e-01 6.05e-02 4.73e+01 -11.0 7.36e-02    -  1.00e+00 5.00e-01h  2
iter    objective    inf_pr   inf_du lg(mu)  ||d||  lg(rg) alpha_du alpha_pr  ls
 220  2.1929983e-01 1.16e-01 5.49e+01 -11.0 1.27e-01    -  1.00e+00 5.00e-01h  2
 221  2.0916906e-01 9.51e-02 6.39e+01 -11.0 8.34e-02    -  1.00e+00 5.00e-01h  2
 222  2.0177800e-01 7.36e-02 5.09e+01 -11.0 1.58e-01    -  1.00e+00 2.50e-01h  3
 223  2.0034906e-01 5.14e-02 3.42e+01 -11.0 6.57e-02    -  1.00e+00 5.00e-01h  2
 224  1.8393127e-01 3.20e-01 5.02e+01 -11.0 8.46e-02    -  1.00e+00 1.00e+00h  1
 225  1.7816833e-01 3.08e-02 2.36e+01 -11.0 4.21e-02    -  1.00e+00 1.00e+00h  1
 226  1.7055570e-01 2.39e-02 3.33e+01 -11.0 9.50e-02    -  1.00e+00 5.00e-01h  2
 227  1.6302399e-01 2.60e-01 1.11e+02 -11.0 5.28e-02    -  1.00e+00 1.00e+00h  1
 228  1.5951616e-01 9.68e-02 1.57e+01 -11.0 7.19e-02    -  1.00e+00 1.00e+00h  1
 229  1.5512905e-01 1.04e-01 9.55e+01 -11.0 5.92e-02    -  1.00e+00 1.00e+00h  1
iter    objective    inf_pr   inf_du lg(mu)  ||d||  lg(rg) alpha_du alpha_pr  ls
 230  1.4561960e-01 1.93e-02 3.70e+01 -11.0 3.04e-02    -  1.00e+00 1.00e+00h  1
 231  1.4337130e-01 4.48e-02 1.29e+01 -11.0 3.49e-02    -  1.00e+00 1.00e+00h  1
 232  1.3512890e-01 4.64e-02 2.67e+01 -11.0 4.97e-02    -  1.00e+00 5.00e-01h  2
 233  1.3114455e-01 6.86e-02 1.47e+01 -11.0 4.19e-02    -  1.00e+00 5.00e-01h  2
 234  1.3081972e-01 8.08e-02 1.10e+01 -11.0 7.68e-02    -  1.00e+00 5.00e-01h  2
 235  1.2962855e-01 2.96e-01 1.50e+01 -11.0 1.02e-01    -  1.00e+00 5.00e-01h  2
 236  1.2862294e-01 1.37e-01 2.17e+01 -11.0 6.07e-02    -  1.00e+00 1.00e+00h  1
 237  1.2341276e-01 3.19e-01 3.34e+01 -11.0 4.96e-02    -  1.00e+00 1.00e+00h  1
 238  1.2053946e-01 2.11e-01 2.25e+01 -11.0 7.22e-02    -  1.00e+00 5.00e-01h  2
 239  1.4320687e-01 1.08e-01 9.59e+01 -11.0 9.41e-02    -  1.00e+00 1.00e+00h  1
iter    objective    inf_pr   inf_du lg(mu)  ||d||  lg(rg) alpha_du alpha_pr  ls
 240  1.4209275e-01 8.53e-02 4.95e+01 -11.0 6.31e-02    -  1.00e+00 5.00e-01h  2
 241  1.2869800e-01 8.76e-02 4.13e+01 -11.0 9.61e-02    -  1.00e+00 5.00e-01h  2
 242  1.1265675e-01 3.07e-02 1.48e+01 -11.0 4.48e-02    -  1.00e+00 1.00e+00h  1
 243  1.0853190e-01 3.93e-02 2.14e+01 -11.0 6.91e-02    -  1.00e+00 1.00e+00h  1
 244  1.0518427e-01 1.84e-02 7.27e+00 -11.0 2.46e-02    -  1.00e+00 1.00e+00h  1
 245  1.0369553e-01 3.02e-03 2.24e+00 -11.0 7.64e-03    -  1.00e+00 1.00e+00h  1
 246  1.0368237e-01 3.66e-03 6.85e+00 -11.0 5.52e-03    -  1.00e+00 1.00e+00H  1
 247  1.0213348e-01 2.06e-01 1.46e+01 -11.0 3.53e-02    -  1.00e+00 1.00e+00h  1
 248  9.9580026e-02 3.71e-02 5.84e+00 -11.0 1.34e-02    -  1.00e+00 1.00e+00h  1
 249  9.8974574e-02 5.79e-02 4.90e+00 -11.0 1.78e-02    -  1.00e+00 1.00e+00h  1
iter    objective    inf_pr   inf_du lg(mu)  ||d||  lg(rg) alpha_du alpha_pr  ls
 250  9.8061997e-02 5.98e-02 2.29e+00 -11.0 2.81e-02    -  1.00e+00 1.00e+00h  1
 251  9.7207268e-02 6.88e-02 4.26e+00 -11.0 2.94e-02    -  1.00e+00 5.00e-01h  2
 252  9.8094665e-02 5.01e-02 6.47e+00 -11.0 1.76e-02    -  1.00e+00 1.00e+00h  1
 253  9.5467720e-02 1.65e-01 8.49e+00 -11.0 3.19e-02    -  1.00e+00 1.00e+00h  1
 254  9.5497856e-02 2.74e-02 1.75e+00 -11.0 2.07e-02    -  1.00e+00 1.00e+00h  1
 255  9.5260036e-02 2.23e-02 4.02e+00 -11.0 2.44e-02    -  1.00e+00 1.00e+00h  1
 256  9.2950607e-02 4.01e-01 1.01e+01 -11.0 4.32e-02    -  1.00e+00 1.00e+00h  1
 257  9.1673805e-02 1.82e-02 2.15e+00 -11.0 2.07e-02    -  1.00e+00 1.00e+00h  1
 258  9.2861351e-02 1.94e-03 5.22e+00 -11.0 1.57e-02    -  1.00e+00 1.00e+00H  1
 259  9.2060774e-02 5.12e-03 4.60e+00 -11.0 5.99e-03    -  1.00e+00 1.00e+00h  1
iter    objective    inf_pr   inf_du lg(mu)  ||d||  lg(rg) alpha_du alpha_pr  ls
 260  9.1191479e-02 1.10e-01 1.04e+01 -11.0 2.65e-02    -  1.00e+00 1.00e+00h  1
 261  9.0753278e-02 1.44e-01 1.25e+01 -11.0 2.15e+00    -  1.00e+00 7.81e-03h  8
 262  9.0232600e-02 3.23e-03 3.61e+00 -11.0 8.33e-03    -  1.00e+00 1.00e+00h  1
 263  8.9733905e-02 3.25e-02 6.02e+00 -11.0 1.20e-01    -  1.00e+00 1.25e-01h  4
 264  8.9271777e-02 5.50e-02 8.64e+00 -11.0 3.98e+00    -  1.00e+00 3.91e-03h  9
 265  8.8809969e-02 1.19e-01 2.78e+01 -11.0 4.99e-01    -  1.00e+00 6.25e-02h  5
 266  8.8300111e-02 1.06e-01 2.66e+01 -11.0 1.02e-01    -  1.00e+00 1.25e-01h  4
 267  8.8870742e-02 5.84e-02 1.07e+01 -11.0 4.80e-02    -  1.00e+00 5.00e-01h  2
 268  8.8894099e-02 1.59e-02 4.67e+00 -11.0 2.21e-02    -  1.00e+00 1.00e+00h  1
 269  8.8498134e-02 4.07e-02 7.31e+00 -11.0 1.62e-02    -  1.00e+00 1.00e+00h  1
iter    objective    inf_pr   inf_du lg(mu)  ||d||  lg(rg) alpha_du alpha_pr  ls
 270  8.8243033e-02 3.19e-02 7.76e+00 -11.0 3.03e-02    -  1.00e+00 2.50e-01h  3
 271  8.7922024e-02 3.11e-02 1.40e+01 -11.0 2.71e-02    -  1.00e+00 5.00e-01h  2
 272  8.7915629e-02 8.50e-03 6.52e+00 -11.0 1.43e-02    -  1.00e+00 1.00e+00h  1
 273  8.7763397e-02 8.38e-03 8.88e+00 -11.0 1.81e-02    -  1.00e+00 5.00e-01h  2
 274  8.7717586e-02 2.82e-02 9.00e+00 -11.0 4.16e-02    -  1.00e+00 5.00e-01h  2
 275  8.7150726e-02 3.54e-02 8.24e+00 -11.0 6.40e-02    -  1.00e+00 2.50e-01h  3
 276  8.7087112e-02 3.59e-02 6.41e+00 -11.0 1.03e-01    -  1.00e+00 6.25e-02h  5
 277  8.7026755e-02 3.55e-02 7.55e+00 -11.0 9.86e-02    -  1.00e+00 6.25e-02h  5
 278  8.6954764e-02 3.70e-02 6.24e+00 -11.0 1.15e-01    -  1.00e+00 6.25e-02h  5
 279  8.6898816e-02 4.34e-03 4.44e+00 -11.0 2.13e-02    -  1.00e+00 1.00e+00h  1
iter    objective    inf_pr   inf_du lg(mu)  ||d||  lg(rg) alpha_du alpha_pr  ls
 280  8.8228976e-02 1.72e-03 1.17e+01 -11.0 1.37e-02    -  1.00e+00 1.00e+00H  1
 281  8.8104048e-02 6.03e-04 8.75e+00 -11.0 9.99e-03    -  1.00e+00 1.00e+00H  1
 282  8.7251928e-02 2.39e-03 1.10e+01 -11.0 1.02e-02    -  1.00e+00 1.00e+00h  1
 283  8.6900166e-02 8.28e-04 3.11e+00 -11.0 2.58e-03    -  1.00e+00 1.00e+00h  1
 284  8.7050738e-02 4.86e-04 4.49e+00 -11.0 4.83e-03    -  1.00e+00 1.00e+00h  1
 285  8.6933132e-02 3.05e-04 1.98e+00 -11.0 1.42e-03    -  1.00e+00 1.00e+00h  1
 286  8.6903221e-02 8.81e-04 1.42e+00 -11.0 2.10e-03    -  1.00e+00 1.00e+00h  1
 287  8.6658600e-02 4.20e-02 5.70e+00 -11.0 5.69e-02    -  1.00e+00 2.50e-01h  3
 288  8.6490081e-02 4.49e-02 4.33e+00 -11.0 1.99e-02    -  1.00e+00 5.00e-01h  2
 289  8.6511096e-02 2.72e-02 2.73e+00 -11.0 2.43e-02    -  1.00e+00 5.00e-01h  2
iter    objective    inf_pr   inf_du lg(mu)  ||d||  lg(rg) alpha_du alpha_pr  ls
 290  8.6486647e-02 2.62e-02 1.11e+01 -11.0 2.34e-02    -  1.00e+00 5.00e-01h  2
 291  8.6254616e-02 1.98e-03 7.03e+00 -11.0 9.68e-03    -  1.00e+00 1.00e+00h  1
 292  8.6039285e-02 3.51e-02 3.20e+00 -11.0 1.23e-02    -  1.00e+00 1.00e+00h  1
 293  8.5980750e-02 3.43e-02 3.20e+00 -11.0 1.12e-01    -  1.00e+00 3.12e-02h  6
 294  8.6205334e-02 5.10e-02 1.76e+01 -11.0 2.46e-02    -  1.00e+00 1.00e+00h  1
 295  8.5634786e-02 5.56e-02 1.92e+01 -11.0 3.52e-02    -  1.00e+00 2.50e-01h  3
 296  8.5120924e-02 1.55e-01 1.15e+01 -11.0 1.04e-01    -  1.00e+00 2.50e-01h  3
 297  8.4261841e-02 1.32e-01 1.27e+02 -11.0 1.69e-01    -  1.00e+00 2.50e-01h  3
 298  8.1207860e-02 4.09e-01 1.94e+01 -11.0 5.97e-02    -  1.00e+00 1.00e+00h  1
 299  7.8059826e-02 2.78e-01 1.60e+01 -11.0 1.11e-01    -  1.00e+00 2.50e-01h  3
iter    objective    inf_pr   inf_du lg(mu)  ||d||  lg(rg) alpha_du alpha_pr  ls
 300  7.5910530e-02 2.91e-01 1.41e+01 -11.0 1.54e-01    -  1.00e+00 1.25e-01h  4
 301  7.5132781e-02 2.78e-01 7.92e+00 -11.0 6.06e-02    -  1.00e+00 5.00e-01h  2
 302  7.5007703e-02 4.40e-01 7.09e+00 -11.0 2.47e+00    -  1.00e+00 1.56e-02h  7
 303  7.3606224e-02 2.54e-01 8.27e+00 -11.0 6.80e-02    -  1.00e+00 5.00e-01h  2
 304  7.9509280e-02 7.41e-02 6.47e+01 -11.0 2.79e-02    -  1.00e+00 1.00e+00h  1
 305  7.7721778e-02 7.92e-02 3.03e+01 -11.0 4.80e-02    -  1.00e+00 5.00e-01h  2
 306  7.3331000e-02 2.81e-02 1.68e+01 -11.0 3.51e-02    -  1.00e+00 1.00e+00h  1
 307  7.0213388e-02 7.54e-02 1.02e+02 -11.0 4.86e-02    -  1.00e+00 5.00e-01h  2
 308  6.9769813e-02 3.88e-01 3.42e+01 -11.0 4.74e-02    -  1.00e+00 1.00e+00h  1
 309  6.5777220e-02 1.02e-01 2.25e+01 -11.0 3.08e-02    -  1.00e+00 1.00e+00h  1
iter    objective    inf_pr   inf_du lg(mu)  ||d||  lg(rg) alpha_du alpha_pr  ls
 310  6.6249265e-02 3.69e-02 2.66e+01 -11.0 1.85e-02    -  1.00e+00 1.00e+00h  1
 311  6.7180943e-02 2.04e-02 1.23e+01 -11.0 2.76e-02    -  1.00e+00 1.00e+00h  1
 312  6.8335739e-02 1.39e-02 6.75e+02 -11.0 1.47e-02    -  1.00e+00 1.00e+00h  1
 313  6.6677788e-02 3.17e-03 4.09e+01 -11.0 8.79e-03    -  1.00e+00 1.00e+00h  1
 314  6.8086083e-02 4.21e-03 1.45e+03 -11.0 2.03e-02    -  1.00e+00 1.00e+00H  1
 315  6.7818193e-02 4.19e-03 1.42e+03 -11.0 8.30e-02    -  1.00e+00 3.12e-02h  6
 316  6.7456859e-02 4.13e-04 3.86e+02 -11.0 4.00e-03    -  1.00e+00 1.00e+00h  1
 317  6.6576251e-02 2.71e-03 3.66e+02 -11.0 9.59e-03    -  1.00e+00 1.00e+00h  1
 318  6.6175143e-02 3.01e-03 3.39e+02 -11.0 7.99e-01    -  1.00e+00 1.56e-02h  7
 319  6.6027922e-02 2.58e-03 2.40e+02 -11.0 2.07e-02    -  1.00e+00 2.50e-01h  3
iter    objective    inf_pr   inf_du lg(mu)  ||d||  lg(rg) alpha_du alpha_pr  ls
 320  6.5961145e-02 7.26e-03 2.18e+01 -11.0 6.56e-03    -  1.00e+00 1.00e+00h  1
 321  6.5924581e-02 8.60e-03 1.88e+01 -11.0 5.32e-02    -  1.00e+00 1.25e-01h  4
 322  6.5498496e-02 7.57e-02 6.78e+00 -11.0 2.24e-02    -  1.00e+00 1.00e+00h  1
 323  6.5236491e-02 5.39e-02 9.12e+00 -11.0 2.28e-02    -  1.00e+00 5.00e-01h  2
 324  6.5125677e-02 1.73e-02 1.29e+01 -11.0 5.44e-02    -  1.00e+00 2.50e-01h  3
 325  6.4994676e-02 3.35e-02 9.27e+00 -11.0 2.00e-02    -  1.00e+00 5.00e-01h  2
 326  6.5113393e-02 1.15e-02 5.88e+00 -11.0 1.97e-02    -  1.00e+00 5.00e-01h  2
 327  6.5082086e-02 2.28e-02 5.64e+00 -11.0 1.36e-02    -  1.00e+00 5.00e-01h  2
 328  6.5043494e-02 2.42e-02 4.08e+00 -11.0 2.86e-02    -  1.00e+00 2.50e-01h  3
 329  6.4660906e-02 3.17e-02 4.66e+00 -11.0 4.28e-01    -  1.00e+00 6.25e-02h  5
iter    objective    inf_pr   inf_du lg(mu)  ||d||  lg(rg) alpha_du alpha_pr  ls
 330  6.4230203e-02 1.27e-01 5.26e+00 -11.0 1.47e-01    -  1.00e+00 2.50e-01h  3
 331  6.3632011e-02 1.28e-01 5.62e+00 -11.0 1.35e-01    -  1.00e+00 2.50e-01h  3
 332  6.3456246e-02 1.34e-01 4.10e+00 -11.0 1.34e-01    -  1.00e+00 1.25e-01h  4
 333  7.8253735e-02 6.20e-02 5.63e+01 -11.0 3.59e-02    -  1.00e+00 1.00e+00w  1
 334  6.4558417e-02 4.22e-02 2.04e+01 -11.0 3.57e-02    -  1.00e+00 1.00e+00h  1
 335  6.4165595e-02 8.87e-02 8.58e+00 -11.0 7.09e-02    -  1.00e+00 5.00e-01h  2
 336  6.4102295e-02 4.03e-02 5.20e+00 -11.0 3.60e-02    -  1.00e+00 5.00e-01h  2
 337  6.3474356e-02 2.92e-02 9.59e+00 -11.0 6.27e-02    -  1.00e+00 2.50e-01h  3
 338  6.3503422e-02 2.55e-02 5.14e+00 -11.0 2.52e-02    -  1.00e+00 5.00e-01h  2
 339  6.3405106e-02 2.04e-02 2.77e+00 -11.0 3.03e-02    -  1.00e+00 2.50e-01h  3
iter    objective    inf_pr   inf_du lg(mu)  ||d||  lg(rg) alpha_du alpha_pr  ls
 340  6.3577351e-02 1.81e-02 3.07e+00 -11.0 1.94e-02    -  1.00e+00 1.25e-01h  4
 341  6.3477305e-02 1.80e-02 4.32e+00 -11.0 1.20e-01    -  1.00e+00 1.56e-02h  7
 342  6.3429954e-02 1.81e-02 5.12e+00 -11.0 1.76e-01    -  1.00e+00 7.81e-03h  8
 343  6.3386375e-02 1.76e-02 4.95e+00 -11.0 4.86e-02    -  1.00e+00 6.25e-02h  5
 344  6.4779409e-02 1.09e-02 9.85e+00 -11.0 1.39e-02    -  1.00e+00 5.00e-01h  2
 345  6.6281410e-02 3.37e-03 1.01e+01 -11.0 8.35e-03    -  1.00e+00 1.00e+00w  1
 346  9.5323257e-02 5.75e-01 5.98e+01 -11.0 8.06e-02    -  1.00e+00 1.00e+00w  1
 347  1.0033467e+00 4.14e+01 1.10e+03 -11.0 3.24e-01    -  1.00e+00 1.00e+00w  1
 348  6.5414015e-02 6.31e-03 5.05e+00 -11.0 5.39e+00    -  1.00e+00 5.00e-01h  1
 349  6.6494751e-02 1.20e-03 5.27e+00 -11.0 4.96e-03    -  1.00e+00 1.00e+00h  1
iter    objective    inf_pr   inf_du lg(mu)  ||d||  lg(rg) alpha_du alpha_pr  ls
 350  6.6177970e-02 2.50e-03 6.96e+00 -11.0 5.84e-03    -  1.00e+00 1.00e+00h  1
 351  6.5774997e-02 3.38e-03 7.58e+00 -11.0 2.13e-02    -  1.00e+00 2.50e-01h  3
 352  6.5530507e-02 4.05e-03 4.69e+00 -11.0 3.47e-02    -  1.00e+00 1.25e-01h  4
 353  6.5476734e-02 7.02e-03 9.64e+00 -11.0 1.02e-02    -  1.00e+00 1.00e+00h  1
 354  6.4616489e-02 1.36e-02 1.05e+01 -11.0 2.16e-02    -  1.00e+00 1.00e+00H  1
 355  6.4481589e-02 9.62e-03 4.02e+00 -11.0 1.70e-02    -  1.00e+00 2.50e-01h  3
 356  6.4458165e-02 6.27e-03 3.10e+00 -11.0 1.76e-02    -  1.00e+00 2.50e-01h  3
 357  6.4315625e-02 4.46e-03 3.09e+00 -11.0 4.39e-02    -  1.00e+00 1.25e-01h  4
 358  6.3235235e-02 7.51e-02 4.56e+00 -11.0 7.12e-01    -  1.00e+00 6.25e-02h  5
 359  6.2169621e-02 1.71e-01 1.75e+01 -11.0 1.26e-01    -  1.00e+00 5.00e-01h  2
iter    objective    inf_pr   inf_du lg(mu)  ||d||  lg(rg) alpha_du alpha_pr  ls
 360  6.1354666e-02 2.62e-01 3.12e+01 -11.0 1.44e-01    -  1.00e+00 5.00e-01h  2
 361  5.8534339e-02 1.60e-01 2.70e+01 -11.0 8.98e-02    -  1.00e+00 5.00e-01h  2
 362  5.7703695e-02 8.12e-02 1.86e+01 -11.0 4.18e-02    -  1.00e+00 5.00e-01h  2
 363  5.8027368e-02 6.16e-02 1.40e+01 -11.0 1.43e-02    -  1.00e+00 2.50e-01h  3
 364  5.8112486e-02 5.61e-02 1.35e+01 -11.0 5.46e-02    -  1.00e+00 1.25e-01h  4
 365  6.4201457e-02 9.54e-02 6.81e+00 -11.0 3.14e-02    -  1.00e+00 1.00e+00w  1
 366  6.2042789e-02 3.62e-01 1.30e+01 -11.0 9.42e-02    -  1.00e+00 1.00e+00w  1
 367  3.5283763e+00 1.08e+03 5.90e+03 -11.0 1.43e+00    -  1.00e+00 1.00e+00w  1
 368  5.8584218e-02 4.28e-02 7.98e+00 -11.0 7.48e+01    -  1.00e+00 2.50e-01h  2
 369  5.8459053e-02 4.39e-02 9.06e+00 -11.0 1.06e-01    -  1.00e+00 1.25e-01h  4
iter    objective    inf_pr   inf_du lg(mu)  ||d||  lg(rg) alpha_du alpha_pr  ls
 370  5.8512375e-02 4.15e-02 9.00e+00 -11.0 7.03e-02    -  1.00e+00 1.25e-01h  4
 371  5.8121007e-02 5.64e-02 1.23e+01 -11.0 8.91e+00    -  1.00e+00 1.95e-03h 10
 372  5.7923922e-02 6.14e-02 1.38e+01 -11.0 1.79e+01    -  1.00e+00 4.88e-04h 12
 373  5.7674059e-02 3.13e-01 2.77e+01 -11.0 2.80e+00    -  1.00e+00 1.56e-02h  7
 374  5.5780358e-02 6.71e-01 4.73e+01 -11.0 1.25e+00    -  1.00e+00 3.12e-02h  6
 375  5.5553629e-02 1.21e+00 3.11e+01 -11.0 1.62e-01    -  1.00e+00 5.00e-01h  2
 376  5.0699148e-02 1.82e+00 3.18e+01 -11.0 2.81e-01    -  1.00e+00 2.50e-01h  3
 377  4.6700951e-02 2.61e+00 4.49e+01 -11.0 5.23e-01    -  1.00e+00 1.25e-01h  4
 378  1.2238338e-01 3.46e+01 8.18e+01 -11.0 3.27e-01    -  1.00e+00 1.00e+00w  1
 379  1.7096186e+00 1.43e+02 6.88e+02 -11.0 1.01e+00    -  1.00e+00 1.00e+00w  1
iter    objective    inf_pr   inf_du lg(mu)  ||d||  lg(rg) alpha_du alpha_pr  ls
 380  7.8086416e-01 8.42e+01 5.47e+02 -11.0 4.95e-01    -  1.00e+00 1.00e+00w  1
 381  4.1860046e-02 4.26e+00 5.60e+01 -11.0 3.61e-01    -  1.00e+00 2.50e-01h  2
 382  4.4840314e-02 6.70e-01 1.30e+01 -11.0 4.65e-02    -  1.00e+00 1.00e+00h  1
 383  3.2075722e-02 6.26e-01 7.83e+00 -11.0 3.88e-02    -  1.00e+00 1.00e+00h  1
 384  3.0853995e-02 1.49e-01 2.59e+00 -11.0 2.77e-02    -  1.00e+00 1.00e+00h  1
 385  2.4805369e-02 5.84e-01 3.19e+00 -11.0 3.55e-02    -  1.00e+00 1.00e+00h  1
 386  2.2495680e-02 3.90e-02 1.15e+00 -11.0 2.20e-02    -  1.00e+00 1.00e+00h  1
 387  2.3452488e-02 1.29e-02 3.09e+00 -11.0 2.46e-02    -  1.00e+00 1.00e+00h  1
 388  2.2320914e-02 4.33e-02 1.06e+00 -11.0 1.13e-02    -  1.00e+00 1.00e+00h  1
 389  2.1958238e-02 2.06e-01 6.98e-01 -11.0 2.17e-02    -  1.00e+00 1.00e+00h  1
iter    objective    inf_pr   inf_du lg(mu)  ||d||  lg(rg) alpha_du alpha_pr  ls
 390  2.1789220e-02 6.95e-02 8.67e-01 -11.0 2.13e-02    -  1.00e+00 1.00e+00h  1
 391  2.1283726e-02 1.34e-02 8.30e-01 -11.0 1.11e-02    -  1.00e+00 1.00e+00h  1
 392  2.1104015e-02 9.26e-03 4.94e-01 -11.0 6.30e-03    -  1.00e+00 1.00e+00h  1
 393  2.1027304e-02 9.54e-03 1.44e-01 -11.0 7.29e-03    -  1.00e+00 1.00e+00h  1
 394  2.0658072e-02 1.08e+00 2.42e+00 -11.0 6.50e-02    -  1.00e+00 1.00e+00h  1
 395  2.0791239e-02 1.05e+00 3.40e+00 -11.0 2.29e-01    -  1.00e+00 1.25e-01h  4
 396  2.0222219e-02 8.49e-01 5.11e+00 -11.0 7.41e-02    -  1.00e+00 2.50e-01h  3
 397  2.0398210e-02 7.74e-01 3.87e+00 -11.0 7.85e-02    -  1.00e+00 2.50e-01h  3
 398  2.0398328e-02 4.22e-01 5.96e-01 -11.0 3.16e-02    -  1.00e+00 5.00e-01h  2
 399  2.0199243e-02 1.76e-01 2.59e+00 -11.0 2.08e-02    -  1.00e+00 1.00e+00h  1
iter    objective    inf_pr   inf_du lg(mu)  ||d||  lg(rg) alpha_du alpha_pr  ls
 400  2.0015884e-02 2.03e-01 1.41e+00 -11.0 6.98e-02    -  1.00e+00 5.00e-01h  2
 401  1.9931634e-02 1.82e-01 9.46e-01 -11.0 2.73e-02    -  1.00e+00 2.50e-01h  3
 402  1.9693600e-02 6.48e-03 1.70e-01 -11.0 8.20e-03    -  1.00e+00 1.00e+00h  1
 403  1.9842731e-02 1.12e-03 6.10e-01 -11.0 1.04e-02    -  1.00e+00 1.00e+00H  1
 404  1.9553256e-02 4.17e-03 8.25e-02 -11.0 5.01e-03    -  1.00e+00 1.00e+00h  1
 405  1.9522207e-02 1.58e-03 5.58e-02 -11.0 3.01e-03    -  1.00e+00 1.00e+00h  1
 406  1.9458259e-02 2.75e-02 9.82e-02 -11.0 1.20e-02    -  1.00e+00 1.00e+00h  1
 407  1.9410006e-02 1.88e-01 5.24e-01 -11.0 8.76e-01    -  1.00e+00 3.12e-02h  6
 408  1.9359724e-02 2.15e-01 1.08e+00 -11.0 2.34e-01    -  1.00e+00 6.25e-02h  5
 409  1.9212235e-02 3.57e-01 8.08e-01 -11.0 2.42e-01    -  1.00e+00 1.25e-01h  4
iter    objective    inf_pr   inf_du lg(mu)  ||d||  lg(rg) alpha_du alpha_pr  ls
 410  1.9323082e-02 3.34e-01 9.02e-01 -11.0 1.34e-01    -  1.00e+00 1.25e-01h  4
 411  1.9098895e-02 2.48e-01 5.99e-01 -11.0 3.84e-02    -  1.00e+00 5.00e-01h  2
 412  1.8870957e-02 2.23e-01 6.37e-01 -11.0 4.34e-02    -  1.00e+00 2.50e-01h  3
 413  1.9052242e-02 1.17e-01 1.31e+00 -11.0 1.87e-02    -  1.00e+00 5.00e-01h  2
 414  1.9001390e-02 2.20e-03 4.82e-01 -11.0 4.68e-03    -  1.00e+00 1.00e+00h  1
 415  1.8921252e-02 2.47e-03 1.97e-01 -11.0 2.87e-03    -  1.00e+00 1.00e+00h  1
 416  1.8849450e-02 4.84e-03 1.06e-01 -11.0 7.69e-03    -  1.00e+00 1.00e+00h  1
 417  1.8837003e-02 1.05e-01 1.05e+00 -11.0 2.92e-01    -  1.00e+00 1.25e-01h  4
 418  1.8775842e-02 1.18e-01 7.20e-01 -11.0 4.48e-01    -  1.00e+00 3.12e-02h  6
 419  1.8710700e-02 1.52e-01 2.11e+00 -11.0 1.00e-01    -  1.00e+00 2.50e-01h  3
iter    objective    inf_pr   inf_du lg(mu)  ||d||  lg(rg) alpha_du alpha_pr  ls
 420  1.8488956e-02 1.39e-01 1.99e+00 -11.0 1.47e-01    -  1.00e+00 1.25e-01h  4
 421  1.8330910e-02 7.07e-02 1.66e+00 -11.0 1.07e-02    -  1.00e+00 5.00e-01h  2
 422  1.7964090e-02 3.19e-02 1.16e+00 -11.0 1.81e-02    -  1.00e+00 1.00e+00h  1
 423  1.7946741e-02 4.92e-02 1.86e+00 -11.0 6.21e-02    -  1.00e+00 2.50e-01h  3
 424  1.8620922e-02 1.98e-02 3.18e+00 -11.0 2.28e-02    -  1.00e+00 1.00e+00H  1
 425  1.7616929e-02 9.80e-02 1.70e+00 -11.0 2.51e-02    -  1.00e+00 1.00e+00h  1
 426  1.7402389e-02 9.44e-02 1.63e+00 -11.0 3.03e-02    -  1.00e+00 5.00e-01h  2
 427  1.7266555e-02 1.31e-02 7.93e-01 -11.0 1.31e-02    -  1.00e+00 1.00e+00h  1
 428  1.7240702e-02 9.03e-02 1.39e+00 -11.0 2.57e-02    -  1.00e+00 1.00e+00h  1
 429  1.7185638e-02 8.03e-02 2.60e-01 -11.0 5.52e-02    -  1.00e+00 1.25e-01h  4
iter    objective    inf_pr   inf_du lg(mu)  ||d||  lg(rg) alpha_du alpha_pr  ls
 430  1.7199559e-02 4.75e-02 5.06e-01 -11.0 1.55e-02    -  1.00e+00 5.00e-01h  2
 431  1.7070215e-02 1.18e-02 4.26e-01 -11.0 6.39e-03    -  1.00e+00 1.00e+00h  1
 432  1.7008730e-02 2.00e-03 2.61e-01 -11.0 5.15e-03    -  1.00e+00 1.00e+00h  1
 433  1.6975398e-02 3.45e-03 2.87e-01 -11.0 6.95e-03    -  1.00e+00 1.00e+00h  1
 434  1.7025080e-02 3.66e-04 3.29e-01 -11.0 1.14e-02    -  1.00e+00 1.00e+00H  1
 435  1.7003294e-02 1.18e-03 3.01e-01 -11.0 5.76e-03    -  1.00e+00 1.00e+00H  1
 436  1.6936368e-02 6.15e-03 1.97e-01 -11.0 3.34e-03    -  1.00e+00 1.00e+00h  1
 437  1.6927236e-02 1.58e-03 1.68e-01 -11.0 4.20e-03    -  1.00e+00 1.00e+00h  1
 438  1.6921773e-02 3.66e-03 1.28e-01 -11.0 1.01e-02    -  1.00e+00 1.00e+00h  1
 439  1.6908868e-02 2.37e-02 3.55e-01 -11.0 4.92e-02    -  1.00e+00 5.00e-01h  2
iter    objective    inf_pr   inf_du lg(mu)  ||d||  lg(rg) alpha_du alpha_pr  ls
 440  1.6889946e-02 2.81e-02 2.01e-01 -11.0 2.15e-01    -  1.00e+00 6.25e-02h  5
 441  1.6886904e-02 2.21e-02 9.39e-01 -11.0 4.22e-02    -  1.00e+00 2.50e-01h  3
 442  1.6890990e-02 2.63e-02 1.61e+00 -11.0 1.42e-02    -  1.00e+00 5.00e-01h  2
 443  1.6835662e-02 4.94e-03 5.87e-01 -11.0 4.85e-03    -  1.00e+00 1.00e+00h  1
 444  1.6793892e-02 2.61e-03 3.13e-01 -11.0 9.53e-03    -  1.00e+00 1.00e+00h  1
 445  1.7002700e-02 4.30e-04 3.11e-01 -11.0 2.76e-02    -  1.00e+00 1.00e+00H  1
 446  1.6764779e-02 7.00e-03 7.17e-01 -11.0 9.26e-03    -  1.00e+00 1.00e+00H  1
 447  1.6768083e-02 2.35e-03 1.00e+00 -11.0 1.31e-02    -  1.00e+00 5.00e-01h  2
 448  1.6690570e-02 1.32e-03 1.54e-01 -11.0 5.76e-03    -  1.00e+00 1.00e+00h  1
 449  1.6737617e-02 1.08e-04 1.41e-01 -11.0 2.04e-03    -  1.00e+00 1.00e+00h  1
iter    objective    inf_pr   inf_du lg(mu)  ||d||  lg(rg) alpha_du alpha_pr  ls
 450  1.6732440e-02 7.27e-06 9.04e-02 -11.0 2.23e-03    -  1.00e+00 1.00e+00H  1
 451  1.6728916e-02 2.23e-04 1.21e-01 -11.0 5.61e-02    -  1.00e+00 3.12e-02h  6
 452  1.6727319e-02 2.76e-04 1.23e-01 -11.0 2.05e-01    -  1.00e+00 3.91e-03h  9
 453  1.6726159e-02 3.06e-04 1.29e-01 -11.0 2.97e-01    -  1.00e+00 1.95e-03h 10
 454  1.6725818e-02 3.09e-04 1.31e-01 -11.0 3.13e-01    -  1.00e+00 4.88e-04h 12
 455  1.6707790e-02 7.46e-02 6.48e-01 -11.0 1.69e+00    -  1.00e+00 1.56e-02h  7
 456  1.6705932e-02 3.77e-01 2.60e+00 -11.0 1.59e+00    -  1.00e+00 3.12e-02h  6
 457  1.6334643e-02 8.30e-01 1.01e+01 -11.0 7.53e+00    -  1.00e+00 7.81e-03h  8
 458  1.6061085e-02 1.10e+00 1.08e+01 -11.0 2.40e+00    -  1.00e+00 1.56e-02h  7
 459  1.5876397e-02 2.61e-01 2.17e+00 -11.0 2.06e-02    -  1.00e+00 1.00e+00h  1
iter    objective    inf_pr   inf_du lg(mu)  ||d||  lg(rg) alpha_du alpha_pr  ls
 460  1.5333872e-02 2.04e-02 1.57e+00 -11.0 1.02e-02    -  1.00e+00 1.00e+00h  1
 461  1.5008804e-02 4.04e-02 2.90e+00 -11.0 1.47e-02    -  1.00e+00 1.00e+00h  1
 462  1.4727915e-02 4.84e-03 1.59e+00 -11.0 5.80e-03    -  1.00e+00 1.00e+00h  1
 463  1.4684678e-02 5.25e-02 1.44e+00 -11.0 1.14e-02    -  1.00e+00 1.00e+00h  1
 464  1.4481528e-02 4.15e-03 6.84e-01 -11.0 6.04e-03    -  1.00e+00 1.00e+00h  1
 465  1.4520864e-02 4.17e-04 2.22e-01 -11.0 1.45e-03    -  1.00e+00 1.00e+00h  1
 466  1.4513649e-02 9.25e-04 4.42e-02 -11.0 1.12e-03    -  1.00e+00 1.00e+00h  1
 467  1.4507438e-02 2.26e-04 2.13e-01 -11.0 4.58e-03    -  1.00e+00 1.00e+00H  1
 468  1.4525125e-02 1.86e-04 2.60e-01 -11.0 4.89e-03    -  1.00e+00 1.00e+00H  1
 469  1.4484192e-02 4.05e-04 1.57e-01 -11.0 2.88e-03    -  1.00e+00 1.00e+00H  1
iter    objective    inf_pr   inf_du lg(mu)  ||d||  lg(rg) alpha_du alpha_pr  ls
 470  1.4480894e-02 7.64e-04 1.43e-01 -11.0 2.36e-03    -  1.00e+00 1.00e+00h  1
 471  1.4461986e-02 1.64e-03 4.06e-02 -11.0 1.49e-03    -  1.00e+00 1.00e+00h  1
 472  1.4446890e-02 9.54e-03 7.70e-02 -11.0 4.23e-03    -  1.00e+00 1.00e+00h  1
 473  1.4427762e-02 4.34e-02 2.50e-01 -11.0 1.39e-01    -  1.00e+00 6.25e-02h  5
 474  1.4422598e-02 4.47e-02 3.02e-01 -11.0 5.04e-02    -  1.00e+00 6.25e-02h  5
 475  1.4480609e-02 1.64e-03 4.07e-01 -11.0 1.96e-02    -  1.00e+00 1.00e+00H  1
 476  1.4455561e-02 6.84e-03 5.15e-01 -11.0 4.56e-02    -  1.00e+00 1.25e-01h  4
 477  1.4421725e-02 7.55e-02 3.66e-01 -11.0 1.38e-02    -  1.00e+00 5.00e-01h  2
 478  1.4441328e-02 2.43e-02 4.56e-01 -11.0 6.89e-03    -  1.00e+00 1.00e+00h  1
 479  1.4360647e-02 1.27e-02 9.73e-02 -11.0 3.32e-03    -  1.00e+00 1.00e+00h  1
iter    objective    inf_pr   inf_du lg(mu)  ||d||  lg(rg) alpha_du alpha_pr  ls
 480  1.4354544e-02 3.50e-03 1.56e-01 -11.0 4.32e-03    -  1.00e+00 1.00e+00h  1
 481  1.4341892e-02 1.57e-02 2.92e-01 -11.0 1.32e-02    -  1.00e+00 1.00e+00h  1
 482  1.4326169e-02 3.40e-02 5.36e-01 -11.0 2.56e-01    -  1.00e+00 6.25e-02h  5
 483  1.4321819e-02 5.58e-02 6.82e-01 -11.0 5.32e-01    -  1.00e+00 3.12e-02h  6
 484  1.4296658e-02 6.78e-02 8.91e-01 -11.0 3.87e-01    -  1.00e+00 3.12e-02h  6
 485  1.4287342e-02 6.99e-02 1.04e+00 -11.0 1.29e-01    -  1.00e+00 6.25e-02h  5
 486  1.4261062e-02 6.21e-02 8.52e-01 -11.0 2.70e-02    -  1.00e+00 2.50e-01h  3
 487  1.4255042e-02 5.69e-02 8.16e-01 -11.0 4.58e-02    -  1.00e+00 1.25e-01h  4
 488  1.4251283e-02 5.44e-02 7.13e-01 -11.0 3.36e-02    -  1.00e+00 2.50e-01h  3
 489  1.4231160e-02 4.29e-02 5.73e-01 -11.0 2.55e-02    -  1.00e+00 2.50e-01h  3
iter    objective    inf_pr   inf_du lg(mu)  ||d||  lg(rg) alpha_du alpha_pr  ls
 490  1.4310917e-02 6.17e-02 5.95e-01 -11.0 5.47e-02    -  1.00e+00 5.00e-01h  2
 491  1.4275613e-02 6.75e-02 6.24e-01 -11.0 1.04e-01    -  1.00e+00 1.25e-01h  4
 492  2.4034231e-02 3.47e+00 3.80e+00 -11.0 1.52e-01    -  1.00e+00 1.00e+00w  1
 493  1.0144631e+01 3.96e+02 6.94e+01 -11.0 1.74e+00    -  1.00e+00 1.00e+00w  1
 494  3.6449956e+00 1.80e+02 3.26e+02 -11.0 1.25e+00    -  1.00e+00 1.00e+00w  1
 495  1.4251214e-02 6.82e-02 6.34e-01 -11.0 8.04e-01    -  1.00e+00 6.25e-02h  4
 496  1.4216314e-02 4.30e-04 7.29e-02 -11.0 1.07e-03    -  1.00e+00 1.00e+00h  1
 497  1.4225955e-02 3.91e-04 1.98e-01 -11.0 1.02e-02    -  1.00e+00 1.00e+00H  1
 498  1.4928981e-02 3.85e-04 5.22e-01 -11.0 1.75e-02    -  1.00e+00 1.00e+00H  1
 499  1.4831462e-02 3.77e-04 4.87e-01 -11.0 1.29e-02    -  1.00e+00 6.25e-02h  5
iter    objective    inf_pr   inf_du lg(mu)  ||d||  lg(rg) alpha_du alpha_pr  ls
 500  1.4183323e-02 8.64e-04 1.37e-01 -11.0 1.18e-02    -  1.00e+00 1.00e+00H  1
 501  1.4177829e-02 1.87e-03 1.54e-01 -11.0 3.15e-03    -  1.00e+00 1.00e+00h  1
 502  1.4163808e-02 2.54e-03 6.80e-02 -11.0 2.68e-03    -  1.00e+00 1.00e+00h  1
 503  1.4172345e-02 4.91e-04 1.13e-01 -11.0 1.84e-03    -  1.00e+00 1.00e+00h  1
 504  1.4158497e-02 1.07e-04 2.14e-02 -11.0 1.45e-03    -  1.00e+00 1.00e+00h  1
 505  1.4155555e-02 5.11e-05 1.03e-02 -11.0 5.28e-04    -  1.00e+00 1.00e+00h  1
 506  1.4147463e-02 2.08e-02 1.61e-01 -11.0 1.18e-02    -  1.00e+00 1.00e+00h  1
 507  1.4141622e-02 2.38e-02 2.46e-01 -11.0 5.85e-02    -  1.00e+00 1.25e-01h  4
 508  1.4140398e-02 3.81e-02 3.60e-01 -11.0 4.05e-02    -  1.00e+00 5.00e-01h  2
 509  1.4129168e-02 2.49e-02 3.83e-01 -11.0 2.70e-02    -  1.00e+00 2.50e-01h  3
iter    objective    inf_pr   inf_du lg(mu)  ||d||  lg(rg) alpha_du alpha_pr  ls
 510  1.4131353e-02 3.88e-03 2.82e-01 -11.0 7.79e-03    -  1.00e+00 1.00e+00h  1
 511  1.4095862e-02 1.35e-02 9.26e-02 -11.0 1.04e-02    -  1.00e+00 1.00e+00h  1
 512  1.4111686e-02 5.55e-03 1.47e-01 -11.0 8.39e-03    -  1.00e+00 5.00e-01h  2
 513  1.4069473e-02 6.56e-03 3.96e-02 -11.0 7.57e-03    -  1.00e+00 1.00e+00h  1
 514  1.4129127e-02 1.22e-03 9.88e-02 -11.0 4.50e-03    -  1.00e+00 1.00e+00H  1
 515  1.4048771e-02 6.40e-04 5.61e-02 -11.0 2.92e-03    -  1.00e+00 1.00e+00h  1
 516  1.4051060e-02 7.43e-04 6.79e-02 -11.0 1.21e-03    -  1.00e+00 1.00e+00h  1
 517  1.4048423e-02 7.04e-05 1.12e-02 -11.0 5.46e-04    -  1.00e+00 1.00e+00h  1
 518  1.4044691e-02 4.05e-04 2.58e-02 -11.0 1.86e-03    -  1.00e+00 1.00e+00h  1
 519  1.4075898e-02 2.00e-05 2.10e-01 -11.0 1.70e-02    -  1.00e+00 1.00e+00H  1
iter    objective    inf_pr   inf_du lg(mu)  ||d||  lg(rg) alpha_du alpha_pr  ls
 520  1.4072733e-02 5.32e-05 2.20e-01 -11.0 4.65e-02    -  1.00e+00 1.56e-02h  7
 521  1.4195529e-02 3.97e-06 3.63e-01 -11.0 1.68e-02    -  1.00e+00 1.00e+00H  1
 522  1.4043321e-02 4.04e-03 2.19e-01 -11.0 4.35e-03    -  1.00e+00 5.00e-01h  2
 523  1.4011924e-02 6.71e-03 1.01e-01 -11.0 4.75e-03    -  1.00e+00 1.00e+00h  1
 524  1.3985560e-02 5.04e-03 3.47e-02 -11.0 7.56e-03    -  1.00e+00 1.00e+00h  1
 525  1.3980748e-02 1.85e-02 1.46e-01 -11.0 1.10e-01    -  1.00e+00 1.25e-01h  4
 526  1.3978591e-02 4.73e-02 3.10e-01 -11.0 1.46e-01    -  1.00e+00 1.25e-01h  4
 527  1.3965732e-02 7.79e-02 5.11e-01 -11.0 2.70e-01    -  1.00e+00 1.25e-01h  4
 528  1.3957232e-02 6.35e-02 5.65e-01 -11.0 3.67e-01    -  1.00e+00 6.25e-02h  5
 529  1.3954956e-02 4.18e-01 7.85e-01 -11.0 2.92e-01    -  1.00e+00 2.50e-01h  3
iter    objective    inf_pr   inf_du lg(mu)  ||d||  lg(rg) alpha_du alpha_pr  ls
 530  1.3932632e-02 4.09e-01 7.58e-01 -11.0 1.07e+00    -  1.00e+00 1.56e-02h  7
 531  1.3895099e-02 3.79e-01 7.89e-01 -11.0 6.95e-01    -  1.00e+00 3.12e-02h  6
 532  1.3852469e-02 3.55e-01 8.36e-01 -11.0 3.58e-01    -  1.00e+00 6.25e-02h  5
 533  1.3754473e-02 4.64e-01 1.08e+00 -11.0 5.97e-01    -  1.00e+00 6.25e-02h  5
 534  1.3662597e-02 5.54e-01 1.26e+00 -11.0 1.89e+00    -  1.00e+00 1.56e-02h  7
 535  9.3006308e-02 1.88e+01 6.86e+00 -11.0 1.48e-01    -  1.00e+00 1.00e+00w  1
 536  1.3103023e+02 4.29e+04 4.23e+05 -11.0 6.91e+00    -  1.00e+00 1.00e+00w  1
 537  9.4818430e+01 1.82e+04 1.32e+04 -11.0 1.32e+00    -  1.00e+00 1.00e+00w  1
 538  1.3642835e-02 5.51e-01 1.27e+00 -11.0 6.92e-01    -  1.00e+00 3.12e-02h  5
 539  1.3702990e-02 1.34e-02 4.74e+00 -11.0 1.62e-02    -  1.00e+00 1.00e+00h  1
iter    objective    inf_pr   inf_du lg(mu)  ||d||  lg(rg) alpha_du alpha_pr  ls
 540  1.3660168e-02 2.24e-03 2.03e-01 -11.0 2.32e-03    -  1.00e+00 1.00e+00h  1
 541  1.3629334e-02 1.69e-02 3.76e-01 -11.0 1.10e-02    -  1.00e+00 1.00e+00h  1
 542  1.3552592e-02 1.80e-03 2.13e-02 -11.0 5.18e-03    -  1.00e+00 1.00e+00h  1
 543  1.3552338e-02 9.06e-05 1.63e-02 -11.0 3.83e-04    -  1.00e+00 1.00e+00h  1
 544  1.3522256e-02 2.49e-02 1.65e-01 -11.0 9.12e-03    -  1.00e+00 1.00e+00h  1
 545  1.3520167e-02 4.85e-02 2.54e-01 -11.0 4.19e-02    -  1.00e+00 2.50e-01h  3
 546  1.3800301e-02 2.60e-05 2.66e-01 -11.0 9.77e-03    -  1.00e+00 1.00e+00H  1
 547  1.3461871e-02 3.28e-02 6.03e-02 -11.0 1.06e-02    -  1.00e+00 1.00e+00h  1
 548  1.3524650e-02 8.72e-04 1.80e-01 -11.0 3.31e-03    -  1.00e+00 1.00e+00h  1
 549  1.3456371e-02 3.14e-04 3.96e-02 -11.0 2.60e-03    -  1.00e+00 1.00e+00h  1
iter    objective    inf_pr   inf_du lg(mu)  ||d||  lg(rg) alpha_du alpha_pr  ls
 550  1.3452627e-02 2.48e-04 2.08e-02 -11.0 8.95e-04    -  1.00e+00 1.00e+00h  1
 551  1.3443866e-02 9.06e-03 9.66e-02 -11.0 1.98e-02    -  1.00e+00 2.50e-01h  3
 552  1.3438936e-02 1.09e-02 1.16e-01 -11.0 2.07e-02    -  1.00e+00 1.25e-01h  4
 553  1.3442535e-02 6.06e-03 1.96e-01 -11.0 7.58e-03    -  1.00e+00 1.00e+00H  1
 554  1.3433036e-02 6.24e-03 2.25e-01 -11.0 1.53e-02    -  1.00e+00 2.50e-01h  3
 555  1.3423159e-02 1.33e-02 1.72e-01 -11.0 4.15e-03    -  1.00e+00 1.00e+00h  1
 556  1.3404481e-02 8.78e-03 2.36e-01 -11.0 3.57e-03    -  1.00e+00 1.00e+00h  1
 557  1.3381314e-02 2.47e-02 3.94e-02 -11.0 8.96e-03    -  1.00e+00 1.00e+00h  1
 558  1.3380321e-02 2.85e-02 1.13e-01 -11.0 4.90e-02    -  1.00e+00 1.25e-01h  4
 559  1.3359193e-02 5.59e-03 8.96e-02 -11.0 1.05e-02    -  1.00e+00 1.00e+00h  1
iter    objective    inf_pr   inf_du lg(mu)  ||d||  lg(rg) alpha_du alpha_pr  ls
 560  1.3330704e-02 3.54e-02 1.52e-01 -11.0 1.29e-01    -  1.00e+00 1.25e-01h  4
 561  1.3316540e-02 3.38e-02 2.02e-01 -11.0 1.19e-01    -  1.00e+00 6.25e-02h  5
 562  1.3311054e-02 6.31e-02 2.95e-01 -11.0 7.65e-02    -  1.00e+00 2.50e-01h  3
 563  1.3296938e-02 8.47e-02 4.27e-01 -11.0 2.36e-01    -  1.00e+00 6.25e-02h  5
 564  1.3286134e-02 8.47e-02 4.94e-01 -11.0 7.53e-02    -  1.00e+00 6.25e-02h  5
 565  1.3268342e-02 1.44e-01 7.96e-01 -11.0 1.26e-01    -  1.00e+00 2.50e-01h  3
 566  1.3254839e-02 1.51e-01 7.51e-01 -11.0 4.20e-01    -  1.00e+00 1.56e-02h  7
 567  1.3259804e-02 1.15e-01 4.76e-01 -11.0 2.74e-02    -  1.00e+00 1.00e+00h  1
 568  1.3251797e-02 1.00e-01 4.62e-01 -11.0 2.66e-02    -  1.00e+00 1.25e-01h  4
 569  1.3204057e-02 8.52e-02 2.00e-01 -11.0 1.10e-02    -  1.00e+00 1.00e+00h  1
iter    objective    inf_pr   inf_du lg(mu)  ||d||  lg(rg) alpha_du alpha_pr  ls
 570  1.3376693e-02 1.73e-03 3.36e-01 -11.0 1.49e-02    -  1.00e+00 1.00e+00H  1
 571  1.3186567e-02 6.08e-03 1.73e-01 -11.0 5.40e-03    -  1.00e+00 1.00e+00h  1
 572  1.3184844e-02 2.44e-02 1.47e-01 -11.0 1.09e-02    -  1.00e+00 1.00e+00h  1
 573  1.3212480e-02 1.66e-03 1.73e-01 -11.0 1.41e-02    -  1.00e+00 1.00e+00H  1
 574  1.3173807e-02 4.21e-03 1.58e-01 -11.0 3.39e-02    -  1.00e+00 1.25e-01h  4
 575  1.3161631e-02 4.98e-03 1.66e-01 -11.0 1.04e-02    -  1.00e+00 2.50e-01h  3
 576  1.3116032e-02 1.53e-03 7.50e-02 -11.0 3.36e-03    -  1.00e+00 1.00e+00h  1
 577  1.3108458e-02 2.40e-03 7.76e-02 -11.0 3.48e-03    -  1.00e+00 1.00e+00h  1
 578  1.3133352e-02 1.66e-03 2.90e-01 -11.0 1.89e-02    -  1.00e+00 1.00e+00H  1
 579  1.3102667e-02 4.03e-02 3.89e-01 -11.0 2.36e-01    -  1.00e+00 6.25e-02h  5
iter    objective    inf_pr   inf_du lg(mu)  ||d||  lg(rg) alpha_du alpha_pr  ls
 580  1.3096767e-02 7.81e-02 4.42e-01 -11.0 7.51e-01    -  1.00e+00 1.56e-02h  7
 581  1.3091611e-02 1.24e-01 4.52e-01 -11.0 1.03e-01    -  1.00e+00 1.25e-01h  4
 582  1.3073630e-02 1.25e-01 5.21e-01 -11.0 1.53e-01    -  1.00e+00 6.25e-02h  5
 583  1.3069938e-02 1.24e-01 5.06e-01 -11.0 2.38e-01    -  1.00e+00 3.12e-02h  6
 584  1.2964207e-02 2.13e-01 3.55e-01 -11.0 1.16e-01    -  1.00e+00 2.50e-01h  3
 585  1.3020823e-02 2.08e-01 3.83e-01 -11.0 1.24e-01    -  1.00e+00 3.12e-02h  6
 586  1.2942791e-02 2.07e-03 7.47e-02 -11.0 6.17e-03    -  1.00e+00 1.00e+00h  1
 587  1.2942371e-02 7.98e-03 1.59e-01 -11.0 1.82e-02    -  1.00e+00 5.00e-01h  2
 588  1.2931360e-02 7.35e-02 2.76e-01 -11.0 2.00e-01    -  1.00e+00 1.25e-01h  4
 589  1.2903283e-02 1.02e-01 4.55e-01 -11.0 1.65e+00    -  1.00e+00 1.56e-02h  7
iter    objective    inf_pr   inf_du lg(mu)  ||d||  lg(rg) alpha_du alpha_pr  ls
 590  1.2897607e-02 2.00e-01 8.43e-01 -11.0 1.36e+00    -  1.00e+00 3.12e-02h  6
 591  1.2881040e-02 2.17e-01 8.19e-01 -11.0 4.51e+00    -  1.00e+00 1.95e-03h 10
 592  1.2873392e-02 1.25e-01 3.82e-01 -11.0 1.27e-02    -  1.00e+00 5.00e-01h  2
 593  1.2876560e-02 3.33e-02 1.55e-01 -11.0 1.21e-02    -  1.00e+00 1.00e+00h  1
 594  1.2837831e-02 3.25e-02 1.01e-01 -11.0 1.00e-01    -  1.00e+00 1.25e-01h  4
 595  1.2827482e-02 3.62e-02 1.70e-01 -11.0 3.07e-01    -  1.00e+00 3.12e-02h  6
 596  1.2821575e-02 3.76e-02 1.16e-01 -11.0 2.91e-01    -  1.00e+00 3.12e-02h  6
 597  1.2818674e-02 3.78e-02 1.34e-01 -11.0 5.90e-02    -  1.00e+00 6.25e-02h  5
 598  1.2828002e-02 1.88e-02 8.18e-02 -11.0 6.51e-03    -  1.00e+00 5.00e-01h  2
 599  1.2841984e-02 1.39e-03 6.93e-02 -11.0 3.92e-03    -  1.00e+00 1.00e+00h  1
iter    objective    inf_pr   inf_du lg(mu)  ||d||  lg(rg) alpha_du alpha_pr  ls
 600  1.2923232e-02 1.13e-03 4.83e-01 -11.0 5.44e-03    -  1.00e+00 1.00e+00H  1
 601  1.2782683e-02 1.03e-02 8.28e-02 -11.0 6.53e-03    -  1.00e+00 1.00e+00h  1
 602  1.2825274e-02 5.44e-03 1.25e-01 -11.0 1.34e-02    -  1.00e+00 1.00e+00h  1
 603  1.2788504e-02 8.68e-03 2.23e-01 -11.0 4.14e-02    -  1.00e+00 2.50e-01h  3
 604  1.2730676e-02 9.41e-02 3.22e-01 -11.0 5.89e-01    -  1.00e+00 6.25e-02h  5
 605  1.2731309e-02 8.76e-02 3.23e-01 -11.0 1.72e-01    -  1.00e+00 6.25e-02h  5
 606  1.2720952e-02 6.72e-02 2.40e-01 -11.0 4.80e-02    -  1.00e+00 2.50e-01h  3
 607  1.2736680e-02 5.96e-02 2.29e-01 -11.0 2.98e-02    -  1.00e+00 2.50e-01h  3
 608  1.2696395e-02 3.30e-02 1.31e-01 -11.0 9.12e-03    -  1.00e+00 5.00e-01h  2
 609  1.2681025e-02 1.98e-02 6.81e-02 -11.0 1.40e-02    -  1.00e+00 5.00e-01h  2
iter    objective    inf_pr   inf_du lg(mu)  ||d||  lg(rg) alpha_du alpha_pr  ls
 610  1.2691600e-02 2.23e-02 1.07e-01 -11.0 2.60e-02    -  1.00e+00 5.00e-01h  2
 611  1.2676749e-02 2.39e-02 1.60e-01 -11.0 1.61e-01    -  1.00e+00 6.25e-02h  5
 612  1.2666048e-02 2.84e-02 1.24e-01 -11.0 5.97e-01    -  1.00e+00 1.56e-02h  7
 613  2.8335892e-02 1.89e+01 5.37e+00 -11.0 2.53e-01    -  1.00e+00 1.00e+00w  1
 614  1.2017375e-01 2.62e+01 7.32e+01 -11.0 1.76e-01    -  1.00e+00 1.00e+00w  1
 615  2.7759008e+00 9.99e+01 1.49e+02 -11.0 6.99e-01    -  1.00e+00 1.00e+00w  1
 616  1.2661068e-02 4.24e-02 1.17e-01 -11.0 9.45e-01    -  1.00e+00 3.12e-02h  5
 617  1.2630728e-02 1.49e-03 6.13e-02 -11.0 2.07e-03    -  1.00e+00 1.00e+00h  1
 618  1.2723673e-02 2.67e-04 1.19e-01 -11.0 5.12e-03    -  1.00e+00 1.00e+00H  1
 619  1.2622584e-02 2.82e-03 3.07e-02 -11.0 4.61e-03    -  1.00e+00 1.00e+00h  1
iter    objective    inf_pr   inf_du lg(mu)  ||d||  lg(rg) alpha_du alpha_pr  ls
 620  1.2628185e-02 1.23e-03 4.91e-02 -11.0 2.71e-03    -  1.00e+00 1.00e+00h  1
 621  1.2610620e-02 1.95e-03 6.01e-02 -11.0 3.49e-03    -  1.00e+00 1.00e+00h  1
 622  1.2603972e-02 2.56e-03 8.20e-02 -11.0 1.84e-02    -  1.00e+00 1.25e-01h  4
 623  1.2598190e-02 3.28e-03 1.11e-01 -11.0 2.22e-02    -  1.00e+00 1.25e-01h  4
 624  1.2648456e-02 3.11e-04 2.20e-01 -11.0 2.16e-02    -  1.00e+00 1.00e+00H  1
 625  1.2643741e-02 3.23e-04 2.30e-01 -11.0 1.76e-01    -  1.00e+00 7.81e-03h  8
 626  1.2627563e-02 1.11e-03 2.34e-01 -11.0 2.47e-01    -  1.00e+00 1.56e-02h  7
 627  1.2586535e-02 1.13e-02 2.71e-01 -11.0 9.70e-01    -  1.00e+00 1.56e-02h  7
 628  1.2569295e-02 3.55e-02 3.57e-01 -11.0 9.96e-01    -  1.00e+00 1.56e-02h  7
 629  1.2547879e-02 1.79e-01 4.87e-01 -11.0 3.82e-01    -  1.00e+00 6.25e-02h  5
iter    objective    inf_pr   inf_du lg(mu)  ||d||  lg(rg) alpha_du alpha_pr  ls
 630  1.2524848e-02 1.79e-01 4.60e-01 -11.0 1.85e-01    -  1.00e+00 3.12e-02h  6
 631  1.2508921e-02 1.78e-01 5.09e-01 -11.0 3.88e-01    -  1.00e+00 7.81e-03h  8
 632  1.2491243e-02 1.40e-01 4.23e-01 -11.0 4.34e-02    -  1.00e+00 2.50e-01h  3
 633  1.2550887e-02 1.04e-01 2.62e-01 -11.0 2.23e-02    -  1.00e+00 2.50e-01h  3
 634  1.2521219e-02 2.47e-02 1.75e-01 -11.0 8.32e-03    -  1.00e+00 1.00e+00h  1
 635  1.2481435e-02 9.77e-03 8.62e-02 -11.0 9.61e-03    -  1.00e+00 5.00e-01h  2
 636  1.2438228e-02 2.11e-03 1.01e-01 -11.0 5.50e-03    -  1.00e+00 1.00e+00h  1
 637  1.2465198e-02 2.06e-03 1.28e-01 -11.0 3.46e-03    -  1.00e+00 1.00e+00h  1
 638  1.2425282e-02 1.11e-03 1.01e-01 -11.0 2.21e-03    -  1.00e+00 1.00e+00h  1
 639  1.2418943e-02 3.01e-03 7.81e-02 -11.0 3.08e-03    -  1.00e+00 1.00e+00h  1
iter    objective    inf_pr   inf_du lg(mu)  ||d||  lg(rg) alpha_du alpha_pr  ls
 640  1.2403994e-02 1.51e-03 9.93e-02 -11.0 4.00e-03    -  1.00e+00 1.00e+00h  1
 641  1.2626413e-02 1.27e-03 3.63e-01 -11.0 1.17e-02    -  1.00e+00 1.00e+00H  1
 642  1.2429896e-02 1.48e-03 1.54e-01 -11.0 8.54e-03    -  1.00e+00 1.00e+00H  1
 643  1.2539975e-02 1.57e-03 2.56e-01 -11.0 8.53e-03    -  1.00e+00 1.00e+00H  1
 644  1.2392538e-02 2.01e-02 1.14e-01 -11.0 5.78e-03    -  1.00e+00 1.00e+00h  1
 645  1.2412334e-02 2.01e-03 1.58e-01 -11.0 3.39e-03    -  1.00e+00 1.00e+00h  1
 646  1.2385834e-02 9.91e-04 1.60e-02 -11.0 2.16e-03    -  1.00e+00 1.00e+00h  1
 647  1.2383003e-02 9.28e-05 1.00e-02 -11.0 5.93e-04    -  1.00e+00 1.00e+00h  1
 648  1.2380956e-02 1.78e-04 5.63e-03 -11.0 6.44e-04    -  1.00e+00 1.00e+00h  1
 649  1.2375772e-02 7.21e-03 5.42e-02 -11.0 6.77e-02    -  1.00e+00 6.25e-02h  5
iter    objective    inf_pr   inf_du lg(mu)  ||d||  lg(rg) alpha_du alpha_pr  ls
 650  1.2370244e-02 1.87e-02 6.11e-02 -11.0 4.51e-02    -  1.00e+00 1.25e-01h  4
 651  1.2365806e-02 1.09e-01 2.07e-01 -11.0 1.27e-01    -  1.00e+00 1.25e-01h  4
 652  1.2370135e-02 1.06e-01 2.71e-01 -11.0 6.52e-02    -  1.00e+00 1.25e-01h  4
 653  1.2360362e-02 7.19e-02 2.99e-01 -11.0 3.49e-02    -  1.00e+00 2.50e-01h  3
 654  1.2357991e-02 8.28e-02 3.92e-01 -11.0 1.36e-01    -  1.00e+00 1.25e-01h  4
 655  1.2348678e-02 8.56e-02 4.20e-01 -11.0 9.97e-02    -  1.00e+00 3.12e-02h  6
 656  1.2337882e-02 8.63e-02 3.52e-01 -11.0 2.24e-02    -  1.00e+00 2.50e-01h  3
 657  1.2337423e-02 7.67e-02 3.21e-01 -11.0 2.47e-02    -  1.00e+00 1.25e-01h  4
 658  1.2340629e-02 1.29e-02 1.11e-01 -11.0 7.42e-03    -  1.00e+00 1.00e+00h  1
 659  1.2327191e-02 2.12e-02 1.85e-01 -11.0 1.76e-02    -  1.00e+00 2.50e-01h  3
iter    objective    inf_pr   inf_du lg(mu)  ||d||  lg(rg) alpha_du alpha_pr  ls
 660  1.2315954e-02 1.95e-02 2.45e-01 -11.0 1.61e-02    -  1.00e+00 2.50e-01h  3
 661  1.2311742e-02 1.40e-02 1.54e-01 -11.0 6.02e-03    -  1.00e+00 5.00e-01h  2
 662  1.2295106e-02 3.04e-04 6.60e-02 -11.0 1.77e-03    -  1.00e+00 1.00e+00h  1
 663  1.2288153e-02 9.03e-04 2.71e-02 -11.0 2.00e-03    -  1.00e+00 1.00e+00h  1
 664  1.2303099e-02 3.05e-04 1.19e-01 -11.0 1.07e-02    -  1.00e+00 1.00e+00H  1
 665  1.2282830e-02 1.35e-01 1.84e-01 -11.0 5.49e-02    -  1.00e+00 5.00e-01h  2
 666  1.2263815e-02 3.95e-01 2.00e-01 -11.0 8.87e-01    -  1.00e+00 3.12e-02h  6
 667  1.2247465e-02 4.58e-01 2.67e-01 -11.0 1.10e+00    -  1.00e+00 1.56e-02h  7
 668  1.2214714e-02 5.21e-01 5.00e-01 -11.0 4.86e-01    -  1.00e+00 6.25e-02h  5
 669  1.2192727e-02 5.38e-01 5.30e-01 -11.0 8.58e-01    -  1.00e+00 1.56e-02h  7
iter    objective    inf_pr   inf_du lg(mu)  ||d||  lg(rg) alpha_du alpha_pr  ls
 670  1.2173051e-02 5.96e-01 4.28e-01 -11.0 2.88e-01    -  1.00e+00 6.25e-02h  5
 671  1.2158254e-02 5.88e-01 4.16e-01 -11.0 1.30e-01    -  1.00e+00 3.12e-02h  6
 672  1.2240711e-02 3.61e-01 2.45e-01 -11.0 2.65e-02    -  1.00e+00 5.00e-01h  2
 673  1.2224771e-02 3.01e-01 2.93e-01 -11.0 4.47e-02    -  1.00e+00 5.00e-01h  2
 674  1.2239598e-02 2.80e-01 3.49e-01 -11.0 5.97e-02    -  1.00e+00 1.25e-01h  4
 675  1.2200519e-02 4.98e-02 1.57e-01 -11.0 1.47e-02    -  1.00e+00 1.00e+00h  1
 676  1.2183350e-02 4.72e-02 1.14e-01 -11.0 6.74e-02    -  1.00e+00 1.25e-01h  4
 677  1.2183702e-02 3.88e-02 1.05e-01 -11.0 4.13e-02    -  1.00e+00 2.50e-01h  3
 678  1.2180191e-02 6.53e-02 1.89e-01 -11.0 9.22e-02    -  1.00e+00 1.25e-01h  4
 679  1.2176214e-02 2.84e-01 2.37e-01 -11.0 5.76e-02    -  1.00e+00 5.00e-01h  2
iter    objective    inf_pr   inf_du lg(mu)  ||d||  lg(rg) alpha_du alpha_pr  ls
 680  1.2115967e-02 3.71e-01 3.76e-01 -11.0 1.86e-01    -  1.00e+00 1.25e-01h  4
 681  1.2168793e-02 3.13e-01 3.23e-01 -11.0 4.29e-02    -  1.00e+00 2.50e-01h  3
 682  1.2053716e-02 2.73e-02 1.11e-01 -11.0 1.96e-02    -  1.00e+00 1.00e+00h  1
 683  1.2004529e-02 2.01e-02 9.49e-02 -11.0 1.75e-02    -  1.00e+00 2.50e-01h  3
 684  1.2107924e-02 6.38e-02 8.72e-02 -11.0 8.28e-03    -  1.00e+00 1.00e+00h  1
 685  1.1962775e-02 3.41e-03 5.52e-02 -11.0 5.58e-03    -  1.00e+00 1.00e+00h  1
 686  1.1957841e-02 6.32e-04 3.50e-02 -11.0 2.04e-03    -  1.00e+00 1.00e+00h  1
 687  1.1956001e-02 1.59e-04 9.19e-03 -11.0 3.87e-04    -  1.00e+00 1.00e+00h  1
 688  1.1953075e-02 3.97e-04 6.30e-03 -11.0 5.96e-04    -  1.00e+00 1.00e+00h  1
 689  1.1948677e-02 7.52e-03 8.78e-02 -11.0 1.18e-02    -  1.00e+00 2.50e-01h  3
iter    objective    inf_pr   inf_du lg(mu)  ||d||  lg(rg) alpha_du alpha_pr  ls
 690  1.1940623e-02 2.41e-02 7.42e-02 -11.0 1.16e-02    -  1.00e+00 5.00e-01h  2
 691  1.1937324e-02 3.89e-02 7.57e-02 -11.0 3.62e-02    -  1.00e+00 1.25e-01h  4
 692  1.1935004e-02 2.85e-02 6.08e-02 -11.0 6.79e-03    -  1.00e+00 5.00e-01h  2
 693  1.1925010e-02 1.87e-02 7.26e-02 -11.0 3.83e-03    -  1.00e+00 5.00e-01h  2
 694  1.1914680e-02 5.32e-03 3.38e-02 -11.0 2.33e-03    -  1.00e+00 1.00e+00h  1
 695  1.1918169e-02 2.81e-03 4.72e-02 -11.0 2.03e-03    -  1.00e+00 1.00e+00h  1
 696  1.1912772e-02 5.65e-03 5.20e-02 -11.0 3.17e-03    -  1.00e+00 1.00e+00h  1
 697  1.1945195e-02 2.94e-04 1.77e-01 -11.0 3.37e-03    -  1.00e+00 1.00e+00H  1
 698  1.1908303e-02 3.11e-03 1.95e-02 -11.0 2.94e-03    -  1.00e+00 1.00e+00h  1
 699  1.1911106e-02 8.90e-04 6.30e-02 -11.0 1.68e-03    -  1.00e+00 1.00e+00h  1
iter    objective    inf_pr   inf_du lg(mu)  ||d||  lg(rg) alpha_du alpha_pr  ls
 700  1.1902404e-02 6.48e-04 8.26e-03 -11.0 1.00e-03    -  1.00e+00 1.00e+00h  1
 701  1.1899451e-02 2.21e-03 1.03e-02 -11.0 2.11e-03    -  1.00e+00 1.00e+00h  1
 702  1.1897040e-02 4.99e-01 2.58e-01 -11.0 2.50e-01    -  1.00e+00 1.25e-01h  4
 703  1.1890792e-02 5.29e-01 3.22e-01 -11.0 1.93e+00    -  1.00e+00 3.91e-03h  9
 704  1.1886584e-02 5.35e-01 3.11e-01 -11.0 3.67e-01    -  1.00e+00 1.56e-02h  7
 705  1.1879448e-02 5.62e-01 3.45e-01 -11.0 3.28e-01    -  1.00e+00 3.12e-02h  6
 706  1.1851496e-02 8.14e-01 2.84e-01 -11.0 4.85e-01    -  1.00e+00 6.25e-02h  5
 707  1.1829625e-02 8.89e-01 2.94e-01 -11.0 3.81e+00    -  1.00e+00 3.91e-03h  9
 708  1.1817092e-02 9.90e-01 3.81e-01 -11.0 9.98e-01    -  1.00e+00 1.56e-02h  7
 709  1.1788204e-02 9.71e-01 3.52e-01 -11.0 2.45e-01    -  1.00e+00 3.12e-02h  6
iter    objective    inf_pr   inf_du lg(mu)  ||d||  lg(rg) alpha_du alpha_pr  ls
 710  1.1776750e-02 9.75e-01 3.64e-01 -11.0 1.80e-01    -  1.00e+00 6.25e-02h  5
 711  1.1774635e-02 1.09e+00 3.99e-01 -11.0 7.10e+00    -  1.00e+00 1.95e-03h 10
 712  1.4397838e+04 3.95e+06 6.03e+05 -11.0 2.64e+02    -  1.00e+00 1.00e+00w  1
 713  4.9613013e+15 2.15e+11 1.46e+08 -11.0 1.17e+08    -  1.00e+00 1.00e+00w  1
 714  7.1513850e+12 9.29e+09 1.49e+24 -11.0 1.42e+08    -  1.00e+00 1.00e+00w  1
 715  1.1772692e-02 1.10e+00 3.88e-01 -11.0 4.78e+07    -  1.00e+00 1.53e-05h 16
 716  1.1771441e-02 1.11e+00 3.62e-01 -11.0 1.06e+01    -  1.00e+00 4.88e-04h 12
 717  1.1769273e-02 1.13e+00 3.83e-01 -11.0 3.73e+01    -  1.00e+00 1.22e-04h 14
 718  1.1767871e-02 1.15e+00 3.42e-01 -11.0 3.86e+00    -  1.00e+00 1.95e-03h 10
 719  1.1766410e-02 1.19e+00 3.86e-01 -11.0 4.25e+03    -  1.00e+00 1.91e-06h 20
iter    objective    inf_pr   inf_du lg(mu)  ||d||  lg(rg) alpha_du alpha_pr  ls
 720  1.1763820e-02 1.21e+00 3.55e-01 -11.0 2.58e+04    -  1.00e+00 2.38e-07h 23
 721  1.1763125e-02 1.23e+00 3.78e-01 -11.0 2.31e+03    -  1.00e+00 1.91e-06h 20
 722  1.1835397e-02 6.14e-01 1.65e-01 -11.0 2.27e-03    -  1.00e+00 5.00e-01h  2
 723  1.1867199e-02 4.60e-01 1.05e-01 -11.0 2.98e-03    -  1.00e+00 2.50e-01h  3
 724  1.1883001e-02 3.45e-01 9.83e-02 -11.0 2.94e-03    -  1.00e+00 2.50e-01h  3
 725  1.1964370e-02 3.91e-03 3.64e-01 -11.0 4.31e-03    -  1.00e+00 1.00e+00w  1
 726  1.2050858e-02 8.15e-03 3.66e-01 -11.0 1.09e-02    -  1.00e+00 1.00e+00w  1
 727  1.1837929e-02 4.59e-03 2.55e-01 -11.0 7.86e-03    -  1.00e+00 1.00e+00h  1
 728  1.1839450e-02 1.89e-04 8.26e-02 -11.0 1.24e-03    -  1.00e+00 1.00e+00h  1
 729  1.1823462e-02 7.04e-04 4.74e-02 -11.0 2.49e-03    -  1.00e+00 1.00e+00h  1
iter    objective    inf_pr   inf_du lg(mu)  ||d||  lg(rg) alpha_du alpha_pr  ls
 730  1.1815037e-02 2.35e-03 6.84e-02 -11.0 1.32e-02    -  1.00e+00 2.50e-01h  3
 731  1.1821218e-02 1.84e-03 1.17e-01 -11.0 7.20e-03    -  1.00e+00 1.00e+00H  1
 732  1.1911637e-02 1.26e-05 3.09e-01 -11.0 7.70e-03    -  1.00e+00 1.00e+00H  1
 733  1.1800767e-02 1.67e-02 1.13e-01 -11.0 8.52e-03    -  1.00e+00 1.00e+00h  1
 734  1.1785351e-02 8.92e-03 4.95e-02 -11.0 3.90e-03    -  1.00e+00 5.00e-01h  2
 735  1.1780768e-02 2.42e-03 5.00e-02 -11.0 2.69e-03    -  1.00e+00 1.00e+00h  1
 736  1.1782837e-02 2.91e-04 8.50e-02 -11.0 3.47e-03    -  1.00e+00 1.00e+00H  1
 737  1.1796700e-02 2.72e-04 1.05e-01 -11.0 5.64e-03    -  1.00e+00 1.00e+00H  1
 738  1.1781538e-02 5.29e-04 1.74e-01 -11.0 7.04e-03    -  1.00e+00 1.00e+00H  1
 739  1.1829979e-02 2.28e-04 1.26e-01 -11.0 6.04e-03    -  1.00e+00 1.00e+00H  1
iter    objective    inf_pr   inf_du lg(mu)  ||d||  lg(rg) alpha_du alpha_pr  ls
 740  1.1763034e-02 9.60e-03 1.70e-02 -11.0 4.89e-03    -  1.00e+00 1.00e+00h  1
 741  1.1761517e-02 7.80e-04 1.64e-02 -11.0 1.05e-03    -  1.00e+00 1.00e+00h  1
 742  1.1756196e-02 2.79e-02 5.05e-02 -11.0 6.50e-03    -  1.00e+00 1.00e+00h  1
 743  1.1753845e-02 2.93e-02 9.45e-02 -11.0 6.57e-02    -  1.00e+00 3.12e-02h  6
 744  1.1757477e-02 2.58e-02 2.05e-01 -11.0 1.91e-02    -  1.00e+00 2.50e-01h  3
 745  1.1754367e-02 1.90e-02 2.37e-01 -11.0 1.17e-02    -  1.00e+00 2.50e-01h  3
 746  1.1752529e-02 1.48e-02 2.07e-01 -11.0 5.95e-03    -  1.00e+00 2.50e-01h  3
 747  1.1749028e-02 1.43e-02 2.16e-01 -11.0 1.91e-02    -  1.00e+00 1.25e-01h  4
 748  1.1738858e-02 9.39e-03 2.58e-01 -11.0 1.00e-02    -  1.00e+00 5.00e-01h  2
 749  1.1749716e-02 5.14e-03 2.14e-01 -11.0 1.46e-02    -  1.00e+00 1.00e+00H  1
iter    objective    inf_pr   inf_du lg(mu)  ||d||  lg(rg) alpha_du alpha_pr  ls
 750  1.1724485e-02 1.80e-02 2.37e-01 -11.0 1.26e-02    -  1.00e+00 5.00e-01h  2
 751  1.1686569e-02 2.41e-02 8.48e-02 -11.0 2.60e-02    -  1.00e+00 2.50e-01h  3
 752  1.1692622e-02 1.98e-02 1.89e-01 -11.0 1.51e-02    -  1.00e+00 2.50e-01h  3
 753  1.1688365e-02 2.51e-03 6.25e-02 -11.0 3.07e-03    -  1.00e+00 1.00e+00h  1
 754  1.1683310e-02 3.78e-03 1.22e-01 -11.0 2.40e-03    -  1.00e+00 1.00e+00h  1
 755  1.1675002e-02 7.21e-04 3.90e-02 -11.0 1.29e-03    -  1.00e+00 1.00e+00h  1
 756  1.1673885e-02 2.79e-04 2.17e-02 -11.0 7.36e-04    -  1.00e+00 1.00e+00h  1
 757  1.1673449e-02 7.23e-05 7.72e-03 -11.0 3.22e-04    -  1.00e+00 1.00e+00h  1
 758  1.1672661e-02 1.17e-04 2.24e-02 -11.0 1.08e-03    -  1.00e+00 1.00e+00h  1
 759  1.1683960e-02 1.49e-05 5.87e-02 -11.0 7.03e-03    -  1.00e+00 1.00e+00H  1
iter    objective    inf_pr   inf_du lg(mu)  ||d||  lg(rg) alpha_du alpha_pr  ls
 760  1.1694721e-02 6.19e-06 6.69e-02 -11.0 9.25e-03    -  1.00e+00 1.00e+00H  1
 761  1.1693425e-02 4.79e-06 6.50e-02 -11.0 1.33e-02    -  1.00e+00 7.81e-03h  8
 762  1.1674553e-02 5.44e-06 9.30e-02 -11.0 3.45e-03    -  1.00e+00 1.00e+00H  1
 763  1.1671638e-02 3.03e-03 1.69e-01 -11.0 3.64e-03    -  1.00e+00 1.00e+00h  1
 764  1.1654309e-02 1.30e-03 2.55e-02 -11.0 3.18e-03    -  1.00e+00 1.00e+00h  1
 765  1.1658071e-02 1.22e-03 4.01e-02 -11.0 3.65e-03    -  1.00e+00 1.00e+00h  1
 766  1.1654607e-02 3.25e-03 6.33e-02 -11.0 2.75e-02    -  1.00e+00 1.25e-01h  4
 767  1.1639876e-02 1.43e-01 7.37e-02 -11.0 4.64e-01    -  1.00e+00 6.25e-02h  5
 768  1.1638581e-02 2.15e-01 9.18e-02 -11.0 2.07e+00    -  1.00e+00 7.81e-03h  8
 769  1.1630441e-02 2.48e-01 1.36e-01 -11.0 6.15e-01    -  1.00e+00 1.56e-02h  7
iter    objective    inf_pr   inf_du lg(mu)  ||d||  lg(rg) alpha_du alpha_pr  ls
 770  1.1630250e-02 2.72e-01 1.74e-01 -11.0 2.68e-01    -  1.00e+00 3.12e-02h  6
 771  1.1618978e-02 2.92e-01 2.63e-01 -11.0 1.67e-01    -  1.00e+00 6.25e-02h  5
 772  1.1611593e-02 3.65e-01 2.41e-01 -11.0 2.81e-01    -  1.00e+00 6.25e-02h  5
 773  1.1603772e-02 4.36e-01 2.04e-01 -11.0 5.82e-01    -  1.00e+00 3.12e-02h  6
 774  1.1594028e-02 4.81e-01 1.97e-01 -11.0 8.08e-01    -  1.00e+00 1.56e-02h  7
 775  1.1576175e-02 5.35e-01 2.49e-01 -11.0 1.82e+00    -  1.00e+00 7.81e-03h  8
 776  2.0947006e-02 3.16e+00 2.89e+00 -11.0 1.41e-01    -  1.00e+00 1.00e+00w  1
 777  1.3589213e-02 2.82e+00 1.14e+00 -11.0 8.13e-02    -  1.00e+00 1.00e+00w  1
 778  3.1872274e-01 1.50e+02 6.75e+01 -11.0 9.07e-01    -  1.00e+00 1.00e+00w  1
 779  1.1585375e-02 5.13e-01 2.75e-01 -11.0 1.34e+00    -  1.00e+00 6.25e-02h  4
iter    objective    inf_pr   inf_du lg(mu)  ||d||  lg(rg) alpha_du alpha_pr  ls
 780  1.1561122e-02 4.35e-01 1.79e-01 -11.0 5.78e-02    -  1.00e+00 1.25e-01h  4
 781  1.1550435e-02 3.72e-01 1.66e-01 -11.0 2.51e-02    -  1.00e+00 1.25e-01h  4
 782  1.1640792e-02 1.67e-02 1.14e-01 -11.0 6.99e-03    -  1.00e+00 1.00e+00h  1
 783  1.1556531e-02 1.01e-02 9.56e-02 -11.0 5.50e-03    -  1.00e+00 1.00e+00h  1
 784  1.1582113e-02 1.28e-03 1.66e-01 -11.0 1.05e-02    -  1.00e+00 1.00e+00H  1
 785  1.1578756e-02 7.65e-04 1.32e-01 -11.0 1.77e-02    -  1.00e+00 1.25e-01h  4
 786  1.1543191e-02 2.97e-03 1.79e-02 -11.0 6.31e-03    -  1.00e+00 1.00e+00h  1
 787  1.1553480e-02 2.30e-03 6.02e-02 -11.0 3.38e-03    -  1.00e+00 1.00e+00h  1
 788  1.1536004e-02 5.07e-04 3.97e-02 -11.0 2.15e-03    -  1.00e+00 1.00e+00h  1
 789  1.1533901e-02 1.13e-03 5.62e-02 -11.0 3.07e-03    -  1.00e+00 1.00e+00h  1
iter    objective    inf_pr   inf_du lg(mu)  ||d||  lg(rg) alpha_du alpha_pr  ls
 790  1.1556559e-02 3.48e-04 1.63e-01 -11.0 8.29e-03    -  1.00e+00 1.00e+00H  1
 791  1.1570887e-02 7.87e-05 9.01e-02 -11.0 1.44e-02    -  1.00e+00 1.00e+00H  1
 792  1.1553627e-02 4.98e-04 5.64e-02 -11.0 2.76e-02    -  1.00e+00 6.25e-02h  5
 793  1.1572526e-02 7.21e-05 1.89e-01 -11.0 4.66e-03    -  1.00e+00 1.00e+00H  1
 794  1.1511462e-02 1.16e-03 1.23e-01 -11.0 3.39e-03    -  1.00e+00 1.00e+00h  1
 795  1.1501168e-02 2.50e-03 5.30e-02 -11.0 2.16e-03    -  1.00e+00 1.00e+00h  1
 796  1.1501034e-02 3.82e-04 4.27e-02 -11.0 1.28e-03    -  1.00e+00 1.00e+00h  1
 797  1.1497467e-02 1.10e-03 3.19e-02 -11.0 2.24e-03    -  1.00e+00 1.00e+00h  1
 798  1.1528240e-02 1.80e-04 9.14e-02 -11.0 3.90e-03    -  1.00e+00 1.00e+00H  1
 799  1.1487512e-02 6.12e-04 3.63e-02 -11.0 3.33e-03    -  1.00e+00 1.00e+00h  1
iter    objective    inf_pr   inf_du lg(mu)  ||d||  lg(rg) alpha_du alpha_pr  ls
 800  1.1480693e-02 2.06e-03 3.04e-02 -11.0 2.61e-03    -  1.00e+00 1.00e+00h  1
 801  1.1475595e-02 1.25e-02 1.00e-01 -11.0 3.56e-02    -  1.00e+00 2.50e-01h  3
 802  1.1466509e-02 2.65e-02 1.46e-01 -11.0 3.52e-01    -  1.00e+00 3.12e-02h  6
 803  1.1461771e-02 2.77e-02 1.79e-01 -11.0 3.83e-01    -  1.00e+00 1.56e-02h  7
 804  1.1457024e-02 6.46e-02 2.51e-01 -11.0 4.22e-01    -  1.00e+00 3.12e-02h  6
 805  1.1453518e-02 1.41e-01 2.99e-01 -11.0 1.41e-01    -  1.00e+00 6.25e-02h  5
 806  1.1438596e-02 1.83e-01 3.72e-01 -11.0 8.44e-01    -  1.00e+00 1.56e-02h  7
 807  1.1429133e-02 3.44e-01 4.29e-01 -11.0 7.42e-01    -  1.00e+00 1.56e-02h  7
 808  1.1423111e-02 3.74e-01 4.43e-01 -11.0 1.18e-01    -  1.00e+00 6.25e-02h  5
 809  1.1413630e-02 4.53e-01 4.66e-01 -11.0 1.34e-01    -  1.00e+00 6.25e-02h  5
iter    objective    inf_pr   inf_du lg(mu)  ||d||  lg(rg) alpha_du alpha_pr  ls
 810  1.1407575e-02 4.59e-01 4.43e-01 -11.0 1.96e-01    -  1.00e+00 1.56e-02h  7
 811  1.1465763e-02 6.17e-02 2.13e-01 -11.0 1.96e-02    -  1.00e+00 1.00e+00w  1
 812  1.3082372e-02 1.90e-01 6.19e-01 -11.0 2.79e-02    -  1.00e+00 1.00e+00w  1
 813  1.1666883e-02 1.13e+00 1.27e+00 -11.0 6.77e-02    -  1.00e+00 1.00e+00w  1
 814  1.1402865e-02 2.23e-01 2.62e-01 -11.0 1.94e+00    -  1.00e+00 5.00e-01h  1
 815  1.1418832e-02 2.17e-01 2.28e-01 -11.0 4.22e-02    -  1.00e+00 6.25e-02h  5
 816  1.1402450e-02 2.94e-03 1.23e-01 -11.0 2.54e-03    -  1.00e+00 1.00e+00h  1
 817  1.1404741e-02 2.92e-03 9.31e-02 -11.0 3.07e-03    -  1.00e+00 1.00e+00h  1
 818  1.1389487e-02 9.35e-04 5.49e-02 -11.0 2.08e-03    -  1.00e+00 1.00e+00h  1
 819  1.1385175e-02 1.68e-04 1.86e-02 -11.0 1.02e-03    -  1.00e+00 1.00e+00h  1
iter    objective    inf_pr   inf_du lg(mu)  ||d||  lg(rg) alpha_du alpha_pr  ls
 820  1.1384385e-02 2.10e-04 9.28e-03 -11.0 6.18e-04    -  1.00e+00 1.00e+00h  1
 821  1.1403263e-02 9.34e-05 9.66e-02 -11.0 1.06e-02    -  1.00e+00 1.00e+00H  1
 822  1.1402900e-02 9.63e-05 9.56e-02 -11.0 2.33e-02    -  1.00e+00 3.91e-03h  9
 823  1.1383575e-02 1.78e-02 8.83e-02 -11.0 6.66e-02    -  1.00e+00 1.25e-01h  4
 824  1.1375287e-02 2.27e-02 1.03e-01 -11.0 6.08e-02    -  1.00e+00 6.25e-02h  5
 825  1.1505400e-02 7.15e-05 2.43e-01 -11.0 1.52e-02    -  1.00e+00 1.00e+00H  1
 826  1.1360658e-02 3.76e-02 9.11e-02 -11.0 1.24e-02    -  1.00e+00 1.00e+00h  1
 827  1.1365405e-02 1.88e-02 6.36e-02 -11.0 3.69e-03    -  1.00e+00 5.00e-01h  2
 828  1.1351926e-02 1.16e-02 5.16e-02 -11.0 5.01e-03    -  1.00e+00 1.00e+00h  1
 829  1.1349987e-02 1.20e-02 7.55e-02 -11.0 2.63e-02    -  1.00e+00 6.25e-02h  5
iter    objective    inf_pr   inf_du lg(mu)  ||d||  lg(rg) alpha_du alpha_pr  ls
 830  1.1341434e-02 1.22e-02 5.15e-02 -11.0 5.44e-03    -  1.00e+00 1.00e+00h  1
 831  1.1340235e-02 1.13e-01 2.57e-01 -11.0 2.47e-01    -  1.00e+00 6.25e-02h  5
 832  1.1339881e-02 1.42e-01 2.67e-01 -11.0 3.38e-01    -  1.00e+00 3.12e-02h  6
 833  1.1335384e-02 1.34e-01 2.77e-01 -11.0 9.70e-02    -  1.00e+00 6.25e-02h  5
 834  1.1327581e-02 1.03e-01 2.07e-01 -11.0 8.20e-02    -  1.00e+00 1.25e-01h  4
 835  1.1315921e-02 3.57e-01 3.20e-01 -11.0 1.14e+00    -  1.00e+00 3.12e-02h  6
 836  1.1307416e-02 3.32e-01 2.74e-01 -11.0 2.25e+00    -  1.00e+00 7.81e-03h  8
 837  1.1310852e-02 2.59e-01 3.38e-01 -11.0 3.03e-01    -  1.00e+00 6.25e-02h  5
 838  1.1302051e-02 3.53e-01 4.24e-01 -11.0 5.36e-01    -  1.00e+00 6.25e-02h  5
 839  1.1300446e-02 3.49e-01 4.55e-01 -11.0 2.74e-01    -  1.00e+00 1.56e-02h  7
iter    objective    inf_pr   inf_du lg(mu)  ||d||  lg(rg) alpha_du alpha_pr  ls
 840  1.1277436e-02 2.82e-01 7.83e-02 -11.0 4.38e-02    -  1.00e+00 1.00e+00h  1
 841  1.1264885e-02 3.09e-01 1.30e-01 -11.0 1.11e+00    -  1.00e+00 7.81e-03h  8
 842  1.1259849e-02 2.90e-01 1.72e-01 -11.0 5.89e-02    -  1.00e+00 1.25e-01h  4
 843  1.1273010e-02 1.35e-01 1.47e-01 -11.0 4.20e-02    -  1.00e+00 5.00e-01h  2
 844  1.1261023e-02 1.36e-01 1.27e-01 -11.0 4.78e-01    -  1.00e+00 3.12e-02h  6
 845  1.1252952e-02 1.32e-01 1.17e-01 -11.0 3.50e-01    -  1.00e+00 1.56e-02h  7
 846  1.1267331e-02 1.00e-01 7.85e-02 -11.0 3.27e-02    -  1.00e+00 2.50e-01h  3
 847  1.1248139e-02 5.70e-02 1.63e-01 -11.0 3.74e-02    -  1.00e+00 5.00e-01h  2
 848  1.1283339e-02 4.25e-02 1.04e-01 -11.0 7.61e-02    -  1.00e+00 1.25e-01h  4
 849  1.1286779e-02 7.47e-03 1.58e-01 -11.0 1.45e-02    -  1.00e+00 1.00e+00h  1
iter    objective    inf_pr   inf_du lg(mu)  ||d||  lg(rg) alpha_du alpha_pr  ls
 850  1.1268848e-02 1.31e-02 2.22e-01 -11.0 2.97e-02    -  1.00e+00 2.50e-01h  3
 851  1.1326009e-02 1.79e-03 3.04e-01 -11.0 2.12e-02    -  1.00e+00 1.00e+00H  1
 852  1.1278668e-02 5.52e-03 2.92e-01 -11.0 7.38e-02    -  1.00e+00 1.25e-01h  4
 853  1.1277613e-02 1.50e-02 2.01e-01 -11.0 3.05e-02    -  1.00e+00 2.50e-01h  3
 854  1.1262817e-02 3.76e-02 1.87e-01 -11.0 1.33e-02    -  1.00e+00 1.00e+00h  1
 855  1.1234695e-02 1.32e-02 3.08e-01 -11.0 8.10e-03    -  1.00e+00 5.00e-01h  2
 856  1.1197841e-02 1.07e-02 1.94e-01 -11.0 1.05e-02    -  1.00e+00 1.00e+00h  1
 857  1.1231270e-02 3.77e-03 9.82e-02 -11.0 9.50e-03    -  1.00e+00 5.00e-01h  2
 858  1.1185360e-02 7.69e-03 1.97e-02 -11.0 4.14e-03    -  1.00e+00 1.00e+00h  1
 859  1.1185758e-02 2.36e-03 5.53e-02 -11.0 2.69e-03    -  1.00e+00 1.00e+00h  1
iter    objective    inf_pr   inf_du lg(mu)  ||d||  lg(rg) alpha_du alpha_pr  ls
 860  1.1176234e-02 2.69e-04 2.52e-02 -11.0 1.48e-03    -  1.00e+00 1.00e+00h  1
 861  1.1171055e-02 3.82e-04 1.23e-02 -11.0 1.26e-03    -  1.00e+00 1.00e+00h  1
 862  1.1170964e-02 2.29e-04 3.90e-02 -11.0 1.01e-03    -  1.00e+00 1.00e+00h  1
 863  1.1165423e-02 5.64e-04 2.17e-02 -11.0 2.11e-03    -  1.00e+00 1.00e+00h  1
 864  1.1356139e-02 8.89e-05 3.78e-01 -11.0 1.46e-02    -  1.00e+00 1.00e+00H  1
 865  1.1160767e-02 4.53e-03 1.54e-01 -11.0 5.82e-03    -  1.00e+00 1.00e+00h  1
 866  1.1141020e-02 8.97e-04 2.47e-02 -11.0 2.89e-03    -  1.00e+00 1.00e+00h  1
 867  1.1140504e-02 3.89e-03 3.30e-02 -11.0 7.38e-03    -  1.00e+00 1.00e+00h  1
 868  1.1128554e-02 1.49e-02 5.07e-02 -11.0 9.11e-02    -  1.00e+00 1.25e-01h  4
 869  1.1118933e-02 3.38e-02 1.37e-01 -11.0 4.80e-01    -  1.00e+00 3.12e-02h  6
iter    objective    inf_pr   inf_du lg(mu)  ||d||  lg(rg) alpha_du alpha_pr  ls
 870  1.1109631e-02 7.25e-02 3.11e-01 -11.0 1.20e+00    -  1.00e+00 1.56e-02h  7
 871  1.1100323e-02 1.66e-01 5.10e-01 -11.0 5.27e-01    -  1.00e+00 3.12e-02h  6
 872  1.1092684e-02 1.83e-01 5.40e-01 -11.0 1.01e+00    -  1.00e+00 7.81e-03h  8
 873  1.1083698e-02 2.73e-01 6.97e-01 -11.0 1.10e+00    -  1.00e+00 1.56e-02h  7
 874  1.1080104e-02 2.88e-01 6.83e-01 -11.0 4.55e-01    -  1.00e+00 7.81e-03h  8
 875  1.1073736e-02 2.22e-01 5.54e-01 -11.0 9.95e-03    -  1.00e+00 2.50e-01h  3
 876  1.1056011e-02 2.15e-02 1.03e-01 -11.0 6.98e-03    -  1.00e+00 1.00e+00h  1
 877  1.1048473e-02 4.84e-02 5.03e-02 -11.0 8.23e-02    -  1.00e+00 1.25e-01h  4
 878  1.1045482e-02 6.43e-02 1.22e-01 -11.0 3.35e-01    -  1.00e+00 3.12e-02h  6
 879  1.1037863e-02 4.94e-02 1.19e-01 -11.0 4.68e-02    -  1.00e+00 1.25e-01h  4
iter    objective    inf_pr   inf_du lg(mu)  ||d||  lg(rg) alpha_du alpha_pr  ls
 880  1.1044391e-02 3.16e-02 1.89e-01 -11.0 4.45e-02    -  1.00e+00 2.50e-01h  3
 881  1.1033680e-02 2.81e-02 1.92e-01 -11.0 2.43e-02    -  1.00e+00 1.25e-01h  4
 882  1.1010042e-02 1.03e-02 1.38e-01 -11.0 5.52e-03    -  1.00e+00 1.00e+00h  1
 883  1.1027234e-02 4.91e-03 8.71e-02 -11.0 8.82e-03    -  1.00e+00 1.00e+00h  1
 884  1.1068700e-02 5.01e-04 1.44e-01 -11.0 1.03e-02    -  1.00e+00 1.00e+00H  1
 885  1.1002786e-02 4.96e-03 1.08e-01 -11.0 1.68e-02    -  1.00e+00 5.00e-01h  2
 886  1.0989567e-02 1.19e-02 1.77e-01 -11.0 2.51e-02    -  1.00e+00 2.50e-01h  3
 887  1.0970977e-02 5.66e-03 1.60e-01 -11.0 9.96e-03    -  1.00e+00 5.00e-01h  2
 888  1.1143126e-02 7.95e-04 3.12e-01 -11.0 1.71e-02    -  1.00e+00 1.00e+00H  1
 889  1.1026789e-02 2.46e-03 2.62e-01 -11.0 1.22e-02    -  1.00e+00 5.00e-01h  2
iter    objective    inf_pr   inf_du lg(mu)  ||d||  lg(rg) alpha_du alpha_pr  ls
 890  1.1099342e-02 2.09e-04 2.72e-01 -11.0 2.31e-02    -  1.00e+00 1.00e+00H  1
 891  1.1061177e-02 3.10e-04 2.73e-01 -11.0 1.15e-02    -  1.00e+00 1.25e-01h  4
 892  1.0975068e-02 5.62e-03 1.71e-01 -11.0 1.38e-02    -  1.00e+00 1.00e+00h  1
 893  1.1042771e-02 3.57e-03 1.51e-01 -11.0 4.97e-03    -  1.00e+00 1.00e+00h  1
 894  1.0943468e-02 4.09e-03 2.35e-02 -11.0 3.26e-03    -  1.00e+00 1.00e+00h  1
 895  1.0944396e-02 3.48e-05 8.31e-03 -11.0 3.25e-04    -  1.00e+00 1.00e+00h  1
 896  1.0942839e-02 6.13e-05 1.11e-02 -11.0 5.71e-04    -  1.00e+00 1.00e+00h  1
 897  1.0944116e-02 2.63e-05 1.10e-01 -11.0 1.52e-02    -  1.00e+00 1.00e+00H  1
 898  1.0930419e-02 2.96e-02 1.19e-01 -11.0 3.23e-01    -  1.00e+00 6.25e-02h  5
 899  1.0920896e-02 7.42e-02 2.52e-01 -11.0 7.96e-01    -  1.00e+00 3.12e-02h  6
iter    objective    inf_pr   inf_du lg(mu)  ||d||  lg(rg) alpha_du alpha_pr  ls
 900  1.0913244e-02 7.69e-02 3.40e-01 -11.0 4.50e-01    -  1.00e+00 1.56e-02h  7
 901  1.0906341e-02 7.54e-02 4.11e-01 -11.0 1.14e-01    -  1.00e+00 6.25e-02h  5
 902  1.0898433e-02 6.58e-02 4.05e-01 -11.0 3.16e-02    -  1.00e+00 1.25e-01h  4
 903  1.0938455e-02 2.89e-03 1.62e-01 -11.0 1.16e-02    -  1.00e+00 1.00e+00H  1
 904  1.0911344e-02 3.14e-02 1.89e-01 -11.0 6.96e-02    -  1.00e+00 2.50e-01h  3
 905  1.0881946e-02 3.17e-02 2.91e-01 -11.0 7.16e-02    -  1.00e+00 6.25e-02h  5
 906  1.0844613e-02 1.84e-01 2.35e-01 -11.0 3.66e-02    -  1.00e+00 1.00e+00h  1
 907  1.0825444e-02 1.98e-01 4.10e-01 -11.0 8.42e-01    -  1.00e+00 1.56e-02h  7
 908  1.0805386e-02 2.16e-01 4.32e-01 -11.0 2.78e-01    -  1.00e+00 6.25e-02h  5
 909  1.0801482e-02 2.65e-01 4.35e-01 -11.0 1.49e+00    -  1.00e+00 1.56e-02h  7
iter    objective    inf_pr   inf_du lg(mu)  ||d||  lg(rg) alpha_du alpha_pr  ls
 910  1.0791668e-02 2.32e-01 3.54e-01 -11.0 4.99e-01    -  1.00e+00 6.25e-02h  5
 911  1.0783567e-02 3.11e-01 3.94e-01 -11.0 1.96e+00    -  1.00e+00 3.12e-02h  6
 912  1.0780940e-02 2.80e-01 4.63e-01 -11.0 7.32e-01    -  1.00e+00 3.12e-02h  6
 913  1.0739808e-02 3.19e-01 5.68e-01 -11.0 2.79e-01    -  1.00e+00 3.12e-02h  6
 914  1.0680502e-02 3.31e-01 4.16e-01 -11.0 1.45e-01    -  1.00e+00 1.25e-01h  4
 915  1.0642196e-02 3.59e-01 4.36e-01 -11.0 1.45e-01    -  1.00e+00 6.25e-02h  5
 916  1.0587033e-02 3.54e-01 5.34e-01 -11.0 1.69e-01    -  1.00e+00 1.25e-01h  4
 917  2.3142402e-02 2.71e+01 4.62e+01 -11.0 4.92e-01    -  1.00e+00 1.00e+00w  1
 918  1.0153961e+01 1.05e+02 8.90e+01 -11.0 1.54e+00    -  1.00e+00 1.00e+00w  1
 919  4.8519568e+00 4.18e+01 6.83e+01 -11.0 1.11e+00    -  1.00e+00 1.00e+00w  1
iter    objective    inf_pr   inf_du lg(mu)  ||d||  lg(rg) alpha_du alpha_pr  ls
 920  1.0563353e-02 3.42e-01 5.04e-01 -11.0 1.07e+00    -  1.00e+00 1.25e-01h  3
 921  1.0492648e-02 3.36e-02 5.94e-01 -11.0 1.36e-02    -  1.00e+00 1.00e+00h  1
 922  1.0619709e-02 2.77e-02 3.79e-01 -11.0 5.17e-02    -  1.00e+00 2.50e-01h  3
 923  1.0510317e-02 2.87e-02 2.93e-01 -11.0 1.04e-02    -  1.00e+00 1.00e+00h  1
 924  1.0435793e-02 1.43e-02 6.35e-01 -11.0 1.48e-02    -  1.00e+00 5.00e-01h  2
 925  1.0350491e-02 6.74e-03 1.20e-01 -11.0 5.37e-03    -  1.00e+00 1.00e+00h  1
 926  1.0359528e-02 4.60e-03 1.13e-01 -11.0 4.61e-03    -  1.00e+00 1.00e+00h  1
 927  1.0305175e-02 1.88e-03 2.84e-02 -11.0 2.71e-03    -  1.00e+00 1.00e+00h  1
 928  1.0293575e-02 2.38e-03 1.37e-02 -11.0 3.88e-03    -  1.00e+00 1.00e+00h  1
 929  1.0277012e-02 1.13e-01 3.36e-01 -11.0 4.40e-01    -  1.00e+00 6.25e-02h  5
iter    objective    inf_pr   inf_du lg(mu)  ||d||  lg(rg) alpha_du alpha_pr  ls
 930  1.0262891e-02 1.25e-01 4.03e-01 -11.0 3.15e-01    -  1.00e+00 3.12e-02h  6
 931  1.0229208e-02 2.40e-01 3.82e-01 -11.0 1.76e-01    -  1.00e+00 1.25e-01h  4
 932  1.0194659e-02 4.38e-01 6.17e-01 -11.0 8.90e-01    -  1.00e+00 3.12e-02h  6
 933  1.0201729e-02 3.49e-01 3.95e-01 -11.0 1.56e-01    -  1.00e+00 1.25e-01h  4
 934  1.0158629e-02 2.26e-01 4.12e-01 -11.0 1.54e-01    -  1.00e+00 1.25e-01h  4
 935  1.0222632e-02 2.06e-01 4.26e-01 -11.0 1.49e-01    -  1.00e+00 1.25e-01h  4
 936  1.0176621e-02 2.25e-01 3.90e-01 -11.0 1.09e-01    -  1.00e+00 1.25e-01h  4
 937  1.0105329e-02 3.48e-01 2.62e-01 -11.0 1.63e+00    -  1.00e+00 1.56e-02h  7
 938  1.0105072e-02 3.42e-01 2.09e-01 -11.0 3.64e-01    -  1.00e+00 1.56e-02h  7
 939  1.0217414e-02 1.38e-01 1.81e-01 -11.0 2.39e-02    -  1.00e+00 1.00e+00h  1
iter    objective    inf_pr   inf_du lg(mu)  ||d||  lg(rg) alpha_du alpha_pr  ls
 940  1.0199679e-02 1.46e-01 1.38e-01 -11.0 1.43e-01    -  1.00e+00 6.25e-02h  5
 941  1.0187419e-02 2.08e-01 1.49e-01 -11.0 2.60e-01    -  1.00e+00 6.25e-02h  5
 942  1.0172096e-02 1.88e-01 1.97e-01 -11.0 2.80e-01    -  1.00e+00 3.12e-02h  6
 943  1.0272752e-02 6.81e-02 2.49e-01 -11.0 1.72e-02    -  1.00e+00 5.00e-01h  2
 944  1.0079754e-02 1.34e-02 1.39e-01 -11.0 4.66e-03    -  1.00e+00 1.00e+00h  1
 945  9.9852078e-03 1.05e-02 6.83e-02 -11.0 5.24e-03    -  1.00e+00 1.00e+00h  1
 946  1.0013312e-02 1.10e-02 1.77e-01 -11.0 5.64e-03    -  1.00e+00 1.00e+00h  1
 947  9.9769822e-03 6.62e-03 1.70e-01 -11.0 5.69e-03    -  1.00e+00 1.00e+00h  1
 948  1.0159506e-02 8.86e-03 3.08e-01 -11.0 7.46e-03    -  1.00e+00 1.00e+00h  1
 949  9.9355614e-03 2.43e-03 3.73e-02 -11.0 6.16e-03    -  1.00e+00 1.00e+00h  1
iter    objective    inf_pr   inf_du lg(mu)  ||d||  lg(rg) alpha_du alpha_pr  ls
 950  9.9258132e-03 1.28e-03 5.20e-02 -11.0 2.48e-03    -  1.00e+00 1.00e+00h  1
 951  9.9498768e-03 1.24e-04 1.33e-01 -11.0 1.10e-02    -  1.00e+00 1.00e+00H  1
 952  9.9405655e-03 5.32e-04 1.55e-01 -11.0 3.52e-02    -  1.00e+00 6.25e-02h  5
 953  9.9079911e-03 1.24e-02 1.03e-01 -11.0 7.35e-02    -  1.00e+00 1.25e-01h  4
 954  9.8866818e-03 4.94e-02 1.29e-01 -11.0 2.63e-01    -  1.00e+00 6.25e-02h  5
 955  9.8693335e-03 4.79e-02 1.66e-01 -11.0 1.50e-02    -  1.00e+00 2.50e-01h  3
 956  9.8818008e-03 8.16e-03 2.88e-01 -11.0 6.97e-03    -  1.00e+00 1.00e+00h  1
 957  9.8671588e-03 1.20e-02 1.08e-01 -11.0 5.89e-03    -  1.00e+00 1.00e+00h  1
 958  9.8369224e-03 1.13e-01 1.28e-01 -11.0 2.81e-02    -  1.00e+00 1.00e+00h  1
 959  9.8308512e-03 1.13e-01 1.23e-01 -11.0 2.86e-01    -  1.00e+00 1.56e-02h  7
iter    objective    inf_pr   inf_du lg(mu)  ||d||  lg(rg) alpha_du alpha_pr  ls
 960  9.8640320e-03 1.26e-01 1.52e-01 -11.0 3.63e-02    -  1.00e+00 2.50e-01h  3
 961  9.8023878e-03 7.56e-02 9.91e-02 -11.0 1.60e-02    -  1.00e+00 5.00e-01h  2
 962  9.8523728e-03 3.56e-02 1.21e-01 -11.0 1.08e-02    -  1.00e+00 5.00e-01h  2
 963  9.7315405e-03 5.56e-03 7.52e-02 -11.0 4.98e-03    -  1.00e+00 1.00e+00h  1
 964  9.7613163e-03 8.50e-03 1.11e-01 -11.0 1.73e-02    -  1.00e+00 1.00e+00H  1
 965  9.7545732e-03 9.87e-03 1.17e-01 -11.0 1.53e-01    -  1.00e+00 1.56e-02h  7
 966  9.7235320e-03 2.27e-01 2.76e-01 -11.0 4.21e-01    -  1.00e+00 6.25e-02h  5
 967  9.6852020e-03 1.30e+00 1.35e+00 -11.0 3.64e+00    -  1.00e+00 1.56e-02h  7
 968  9.6639092e-03 1.50e+00 1.57e+00 -11.0 2.51e+01    -  1.00e+00 9.77e-04h 11
 969  9.6414985e-03 1.42e+00 1.32e+00 -11.0 1.73e+00    -  1.00e+00 1.56e-02h  7
iter    objective    inf_pr   inf_du lg(mu)  ||d||  lg(rg) alpha_du alpha_pr  ls
 970  9.6306292e-03 1.24e+00 1.68e+00 -11.0 2.71e+00    -  1.00e+00 3.12e-02h  6
 971  9.5966136e-03 1.21e+00 1.72e+00 -11.0 8.62e-01    -  1.00e+00 7.81e-03h  8
 972  9.5059107e-03 6.84e-01 1.21e+00 -11.0 3.47e-02    -  1.00e+00 5.00e-01h  2
 973  9.3778621e-03 1.71e+00 1.95e+00 -11.0 5.71e-01    -  1.00e+00 1.25e-01h  4
 974  9.1505020e-03 1.98e+00 2.61e+00 -11.0 1.17e+01    -  1.00e+00 3.91e-03h  9
 975  1.2215007e+00 3.81e+02 4.18e+01 -11.0 1.62e+00    -  1.00e+00 1.00e+00w  1
 976  6.2983368e+02 3.30e+04 2.24e+02 -11.0 1.09e+01    -  1.00e+00 1.00e+00w  1
 977  5.2262164e+01 8.53e+03 1.30e+03 -11.0 8.97e+00    -  1.00e+00 1.00e+00w  1
 978  9.1852748e-03 1.67e+00 1.94e+00 -11.0 5.65e+00    -  1.00e+00 3.12e-02h  5
 979  9.3975842e-03 1.26e+00 1.29e+00 -11.0 3.30e-02    -  1.00e+00 2.50e-01h  3
iter    objective    inf_pr   inf_du lg(mu)  ||d||  lg(rg) alpha_du alpha_pr  ls
 980  9.3204358e-03 1.62e+00 2.07e+00 -11.0 2.82e-01    -  1.00e+00 1.25e-01h  4
 981  8.7582534e-03 1.74e+00 2.69e+00 -11.0 7.14e-01    -  1.00e+00 6.25e-02h  5
 982  8.7312908e-03 1.35e+00 1.27e+00 -11.0 8.23e-02    -  1.00e+00 1.25e-01h  4
 983  8.9253794e-03 6.53e-01 8.55e-01 -11.0 2.58e-02    -  1.00e+00 5.00e-01h  2
 984  8.7752495e-03 3.60e-01 1.07e+00 -11.0 1.95e-02    -  1.00e+00 5.00e-01h  2
 985  8.8761885e-03 1.19e-01 4.27e-01 -11.0 1.24e-02    -  1.00e+00 1.00e+00h  1
 986  9.6975777e-03 7.13e-02 9.96e-01 -11.0 1.12e-01    -  1.00e+00 2.50e-01h  3
 987  8.8324418e-03 6.98e-02 7.60e-01 -11.0 2.21e-02    -  1.00e+00 1.00e+00H  1
 988  8.5429600e-03 7.60e-02 1.24e+00 -11.0 2.35e-02    -  1.00e+00 1.00e+00h  1
 989  8.1576911e-03 4.47e-02 5.12e-01 -11.0 2.47e-02    -  1.00e+00 5.00e-01h  2
iter    objective    inf_pr   inf_du lg(mu)  ||d||  lg(rg) alpha_du alpha_pr  ls
 990  8.0487301e-03 1.62e-01 5.83e-01 -11.0 1.65e-02    -  1.00e+00 1.00e+00h  1
 991  7.9304020e-03 1.36e-01 5.64e-01 -11.0 3.74e-02    -  1.00e+00 2.50e-01h  3
 992  7.8130944e-03 1.28e-01 4.33e-01 -11.0 1.80e-02    -  1.00e+00 5.00e-01h  2
 993  7.6641789e-03 3.19e-02 9.35e-01 -11.0 7.41e-03    -  1.00e+00 1.00e+00h  1
 994  7.5531274e-03 3.18e-03 2.32e-01 -11.0 3.91e-03    -  1.00e+00 1.00e+00h  1
 995  7.4801450e-03 2.36e-03 2.00e-01 -11.0 6.47e-03    -  1.00e+00 1.00e+00h  1
 996  7.4025894e-03 6.42e-02 1.07e+00 -11.0 4.52e-01    -  1.00e+00 6.25e-02h  5
 997  7.2881314e-03 2.65e-01 9.45e-01 -11.0 5.75e-01    -  1.00e+00 3.12e-02h  6
 998  7.1262053e-03 1.59e-01 1.46e+00 -11.0 1.38e-01    -  1.00e+00 2.50e-01h  3
 999  6.9718065e-03 1.05e+00 1.80e+00 -11.0 4.70e-01    -  1.00e+00 1.25e-01h  4
iter    objective    inf_pr   inf_du lg(mu)  ||d||  lg(rg) alpha_du alpha_pr  ls
1000  6.6739458e-03 1.30e+00 2.11e+00 -11.0 7.57e-01    -  1.00e+00 6.25e-02h  5
1001  6.4791593e-03 1.28e+00 2.42e+00 -11.0 2.78e-01    -  1.00e+00 6.25e-02h  5
1002  7.0158097e-03 9.58e-01 1.28e+00 -11.0 5.49e-02    -  1.00e+00 5.00e-01h  2
1003  6.6830804e-03 7.50e-01 1.10e+00 -11.0 3.00e-02    -  1.00e+00 2.50e-01h  3
1004  6.7398438e-03 4.93e-01 7.13e-01 -11.0 8.74e-02    -  1.00e+00 5.00e-01h  2
1005  6.5541491e-03 4.81e-01 1.26e+00 -11.0 7.39e-02    -  1.00e+00 1.25e-01h  4
1006  6.4649441e-03 3.44e-01 1.17e+00 -11.0 2.13e-02    -  1.00e+00 1.00e+00h  1
1007  6.0324696e-03 6.25e-02 5.74e-01 -11.0 2.27e-02    -  1.00e+00 1.00e+00h  1
1008  6.6854144e-03 4.08e-02 6.64e-01 -11.0 1.63e-02    -  1.00e+00 1.00e+00H  1
1009  6.1965248e-03 6.47e-03 9.47e-01 -11.0 2.24e-02    -  1.00e+00 1.00e+00H  1
iter    objective    inf_pr   inf_du lg(mu)  ||d||  lg(rg) alpha_du alpha_pr  ls
1010  6.0638673e-03 1.43e-02 4.16e-01 -11.0 3.67e-02    -  1.00e+00 2.50e-01h  3
1011  5.9710852e-03 2.79e-02 3.43e-01 -11.0 9.35e-03    -  1.00e+00 1.00e+00h  1
1012  5.9078405e-03 4.95e-02 3.92e-01 -11.0 9.38e-03    -  1.00e+00 1.00e+00h  1
1013  5.9541163e-03 3.21e-02 4.56e-01 -11.0 1.53e-02    -  1.00e+00 1.00e+00h  1
1014  5.7361093e-03 8.72e-02 3.42e-01 -11.0 8.66e-03    -  1.00e+00 1.00e+00h  1
1015  5.7059696e-03 1.56e-02 1.89e-01 -11.0 7.14e-03    -  1.00e+00 1.00e+00h  1
1016  5.6265216e-03 2.94e-02 1.49e-01 -11.0 1.05e-02    -  1.00e+00 1.00e+00h  1
1017  5.5797372e-03 1.60e-01 6.53e-01 -11.0 6.24e-02    -  1.00e+00 2.50e-01h  3
1018  5.5398622e-03 1.52e-01 5.02e-01 -11.0 1.93e-02    -  1.00e+00 2.50e-01h  3
1019  5.4351149e-03 5.95e-02 2.93e-01 -11.0 7.30e-03    -  1.00e+00 1.00e+00h  1
iter    objective    inf_pr   inf_du lg(mu)  ||d||  lg(rg) alpha_du alpha_pr  ls
1020  5.4592532e-03 4.47e-03 1.61e-01 -11.0 1.02e-02    -  1.00e+00 1.00e+00H  1
1021  5.4079392e-03 7.75e-02 3.11e-01 -11.0 2.38e-02    -  1.00e+00 2.50e-01h  3
1022  5.3138082e-03 2.74e-02 2.87e-01 -11.0 6.74e-03    -  1.00e+00 1.00e+00h  1
1023  5.2723087e-03 1.36e-02 9.56e-02 -11.0 8.10e-03    -  1.00e+00 1.00e+00h  1
1024  5.2369597e-03 3.32e-02 1.36e-01 -11.0 3.20e-02    -  1.00e+00 2.50e-01h  3
1025  5.2234284e-03 4.79e-02 1.38e-01 -11.0 5.84e-02    -  1.00e+00 6.25e-02h  5
1026  5.1874985e-03 1.58e-01 3.43e-01 -11.0 3.02e-02    -  1.00e+00 5.00e-01h  2
1027  5.1530457e-03 1.41e-01 5.68e-01 -11.0 5.47e-01    -  1.00e+00 1.56e-02h  7
1028  5.1222512e-03 9.76e-02 7.33e-01 -11.0 9.51e-02    -  1.00e+00 1.25e-01h  4
1029  5.0989146e-03 2.72e-01 7.87e-01 -11.0 2.07e-01    -  1.00e+00 6.25e-02h  5
iter    objective    inf_pr   inf_du lg(mu)  ||d||  lg(rg) alpha_du alpha_pr  ls
1030  5.0713964e-03 2.59e-01 8.29e-01 -11.0 2.89e-01    -  1.00e+00 3.12e-02h  6
1031  5.0632326e-03 2.60e-01 8.88e-01 -11.0 1.41e-01    -  1.00e+00 6.25e-02h  5
1032  5.0539082e-03 2.62e-01 8.42e-01 -11.0 3.34e-02    -  1.00e+00 5.00e-01h  2
1033  5.0010705e-03 2.43e-01 6.98e-01 -11.0 5.58e-02    -  1.00e+00 1.25e-01h  4
1034  5.0045545e-03 2.21e-01 2.55e-01 -11.0 2.12e-02    -  1.00e+00 1.00e+00w  1
1035  4.0534912e-02 1.51e+02 2.31e+02 -11.0 1.97e-01    -  1.00e+00 1.00e+00w  1
1036  8.1381903e+00 6.90e+02 6.90e+02 -11.0 1.44e+00    -  1.00e+00 1.00e+00w  1
1037  4.9391652e-03 1.67e-01 4.95e-01 -11.0 4.56e+01    -  1.00e+00 5.00e-01h  1
1038  5.0310555e-03 4.62e-03 8.84e-02 -11.0 4.45e-03    -  1.00e+00 1.00e+00h  1
1039  4.9588696e-03 8.57e-03 2.96e-01 -11.0 2.48e-03    -  1.00e+00 1.00e+00h  1
iter    objective    inf_pr   inf_du lg(mu)  ||d||  lg(rg) alpha_du alpha_pr  ls
1040  4.9494864e-03 2.70e-03 6.62e-02 -11.0 1.91e-03    -  1.00e+00 1.00e+00h  1
1041  4.9531384e-03 5.10e-04 3.11e-02 -11.0 4.35e-04    -  1.00e+00 1.00e+00h  1
1042  4.9380684e-03 5.44e-03 9.66e-02 -11.0 2.04e-03    -  1.00e+00 1.00e+00h  1
1043  4.9270775e-03 3.21e-03 1.15e-01 -11.0 2.61e-03    -  1.00e+00 1.00e+00h  1
1044  4.8880713e-03 4.02e-02 1.81e-01 -11.0 7.83e-03    -  1.00e+00 1.00e+00h  1
1045  4.8796162e-03 6.37e-02 3.70e-01 -11.0 4.84e-02    -  1.00e+00 1.25e-01h  4
1046  4.8667261e-03 2.68e-02 1.61e-01 -11.0 6.55e-03    -  1.00e+00 1.00e+00h  1
1047  4.8573356e-03 6.93e-03 9.75e-02 -11.0 4.92e-03    -  1.00e+00 1.00e+00h  1
1048  4.8404980e-03 4.38e-03 4.41e-02 -11.0 2.78e-03    -  1.00e+00 1.00e+00h  1
1049  4.8400378e-03 1.25e-03 1.69e-02 -11.0 1.94e-03    -  1.00e+00 1.00e+00h  1
iter    objective    inf_pr   inf_du lg(mu)  ||d||  lg(rg) alpha_du alpha_pr  ls
1050  4.8470875e-03 5.38e-04 4.88e-02 -11.0 2.98e-03    -  1.00e+00 1.00e+00H  1
1051  4.8383982e-03 4.05e-03 7.23e-02 -11.0 1.68e-03    -  1.00e+00 1.00e+00h  1
1052  4.8308178e-03 6.66e-03 7.70e-02 -11.0 2.99e-03    -  1.00e+00 1.00e+00h  1
1053  4.8250557e-03 1.66e-03 1.25e-02 -11.0 1.32e-03    -  1.00e+00 1.00e+00h  1
1054  4.8233639e-03 6.43e-04 7.22e-03 -11.0 1.56e-03    -  1.00e+00 1.00e+00h  1
1055  4.8206365e-03 4.85e-03 3.63e-02 -11.0 6.85e-02    -  1.00e+00 6.25e-02h  5
1056  4.8179380e-03 3.66e-03 5.02e-02 -11.0 2.36e-02    -  1.00e+00 2.50e-01h  3
1057  4.8110139e-03 4.99e-02 1.69e-01 -11.0 6.14e-02    -  1.00e+00 2.50e-01h  3
1058  4.8027608e-03 5.10e-02 2.49e-01 -11.0 1.06e-01    -  1.00e+00 6.25e-02h  5
1059  4.7908861e-03 1.96e-02 1.50e-01 -11.0 3.72e-02    -  1.00e+00 2.50e-01h  3
iter    objective    inf_pr   inf_du lg(mu)  ||d||  lg(rg) alpha_du alpha_pr  ls
1060  4.7880086e-03 2.22e-01 1.56e-01 -11.0 1.54e-01    -  1.00e+00 1.25e-01h  4
1061  4.7678542e-03 2.04e-01 2.17e-01 -11.0 9.41e-02    -  1.00e+00 6.25e-02h  5
1062  4.7500291e-03 5.53e-02 3.16e-01 -11.0 7.74e-02    -  1.00e+00 2.50e-01h  3
1063  4.7265907e-03 1.17e-01 3.50e-01 -11.0 1.78e-01    -  1.00e+00 6.25e-02h  5
1064  4.7198105e-03 8.93e-02 4.66e-01 -11.0 2.16e-02    -  1.00e+00 2.50e-01h  3
1065  4.7635651e-03 5.08e-02 3.21e-01 -11.0 1.50e-02    -  1.00e+00 1.00e+00w  1
1066  4.7445390e-03 7.38e-01 2.57e-01 -11.0 2.85e-02    -  1.00e+00 1.00e+00w  1
1067  3.7254035e-02 1.76e+01 8.50e+00 -11.0 4.17e-01    -  1.00e+00 1.00e+00w  1
1068  4.6757764e-03 5.71e-02 3.78e-01 -11.0 1.72e-01    -  1.00e+00 5.00e-01h  1
1069  4.6537236e-03 6.47e-02 3.43e-01 -11.0 1.08e+00    -  1.00e+00 1.56e-02h  7
iter    objective    inf_pr   inf_du lg(mu)  ||d||  lg(rg) alpha_du alpha_pr  ls
1070  4.6439545e-03 9.01e-02 3.72e-01 -11.0 2.66e-01    -  1.00e+00 3.12e-02h  6
1071  4.6328130e-03 1.34e-01 3.64e-01 -11.0 7.86e-02    -  1.00e+00 1.25e-01h  4
1072  4.6204265e-03 9.10e-02 3.16e-01 -11.0 2.16e-01    -  1.00e+00 1.25e-01h  4
1073  4.5956861e-03 1.40e-01 2.88e-01 -11.0 1.52e+00    -  1.00e+00 1.56e-02h  7
1074  4.5903949e-03 1.50e-01 3.47e-01 -11.0 3.35e-01    -  1.00e+00 3.12e-02h  6
1075  4.5840977e-03 1.26e-01 3.44e-01 -11.0 8.51e-02    -  1.00e+00 1.25e-01h  4
1076  4.5776701e-03 1.21e-01 3.98e-01 -11.0 9.66e-02    -  1.00e+00 6.25e-02h  5
1077  4.5648168e-03 1.19e-01 4.81e-01 -11.0 3.17e-02    -  1.00e+00 2.50e-01h  3
1078  4.5382506e-03 1.15e-01 4.62e-01 -11.0 6.26e-02    -  1.00e+00 2.50e-01h  3
1079  3.1623717e-02 5.78e+01 1.88e+01 -11.0 6.02e-01    -  1.00e+00 1.00e+00w  1
iter    objective    inf_pr   inf_du lg(mu)  ||d||  lg(rg) alpha_du alpha_pr  ls
1080  3.0367842e-02 1.24e+01 4.33e+00 -11.0 9.27e-02    -  1.00e+00 1.00e+00w  1
1081  4.8905650e-02 9.08e+00 6.45e+00 -11.0 1.42e-01    -  1.00e+00 1.00e+00w  1
1082  4.5160209e-03 1.59e-01 5.36e-01 -11.0 6.46e-02    -  1.00e+00 3.12e-02h  5
1083  4.5074402e-03 1.65e-01 5.93e-01 -11.0 4.92e-01    -  1.00e+00 1.56e-02h  7
1084  4.5119049e-03 1.47e-01 4.69e-01 -11.0 6.44e-02    -  1.00e+00 1.25e-01h  4
1085  4.5436437e-03 1.12e-01 3.08e-01 -11.0 2.33e-02    -  1.00e+00 2.50e-01h  3
1086  4.5011851e-03 2.91e-03 7.35e-02 -11.0 2.75e-03    -  1.00e+00 1.00e+00h  1
1087  4.5015373e-03 5.86e-04 9.60e-02 -11.0 1.85e-03    -  1.00e+00 1.00e+00h  1
1088  4.4917607e-03 2.35e-04 1.33e-02 -11.0 1.25e-03    -  1.00e+00 1.00e+00h  1
1089  4.4894599e-03 1.96e-04 2.36e-02 -11.0 8.62e-04    -  1.00e+00 1.00e+00h  1
iter    objective    inf_pr   inf_du lg(mu)  ||d||  lg(rg) alpha_du alpha_pr  ls
1090  4.5151772e-03 9.64e-05 2.48e-01 -11.0 7.74e-03    -  1.00e+00 1.00e+00H  1
1091  4.5004910e-03 1.19e-04 4.28e-02 -11.0 7.10e-03    -  1.00e+00 1.00e+00H  1
1092  4.6806897e-03 5.52e-06 2.57e-01 -11.0 9.45e-03    -  1.00e+00 1.00e+00H  1
1093  4.4754717e-03 6.33e-03 2.94e-02 -11.0 7.04e-03    -  1.00e+00 1.00e+00h  1
1094  4.4730505e-03 6.88e-04 2.56e-02 -11.0 1.88e-03    -  1.00e+00 1.00e+00h  1
1095  4.4676170e-03 1.34e-03 1.52e-02 -11.0 2.86e-03    -  1.00e+00 1.00e+00h  1
1096  4.4672105e-03 6.21e-03 7.19e-02 -11.0 3.81e-02    -  1.00e+00 1.25e-01h  4
1097  4.5129173e-03 1.19e-05 3.47e-01 -11.0 1.55e-02    -  1.00e+00 1.00e+00H  1
1098  4.5120869e-03 1.04e-05 3.46e-01 -11.0 4.90e-02    -  1.00e+00 3.91e-03h  9
1099  4.5109143e-03 9.53e-06 3.44e-01 -11.0 5.00e-01    -  1.00e+00 4.88e-04h 12
iter    objective    inf_pr   inf_du lg(mu)  ||d||  lg(rg) alpha_du alpha_pr  ls
1100  4.5105468e-03 1.11e-05 3.43e-01 -11.0 6.51e-01    -  1.00e+00 1.22e-04h 14
1101  4.4590386e-03 2.67e-01 2.99e-01 -11.0 8.05e+00    -  1.00e+00 3.91e-03h  9
1102  4.4467909e-03 2.77e-01 3.16e-01 -11.0 1.75e+00    -  1.00e+00 3.91e-03h  9
1103  4.4354922e-03 2.14e-01 2.43e-01 -11.0 1.27e-02    -  1.00e+00 2.50e-01h  3
1104  4.4141614e-03 2.58e-02 4.99e-02 -11.0 9.60e-03    -  1.00e+00 1.00e+00h  1
1105  4.4120983e-03 2.80e-02 3.76e-02 -11.0 1.32e-01    -  1.00e+00 3.12e-02h  6
1106  4.4561761e-03 2.40e-02 1.16e-01 -11.0 3.05e-02    -  1.00e+00 1.25e-01h  4
1107  4.4283666e-03 1.21e-02 3.69e-02 -11.0 4.90e-03    -  1.00e+00 1.00e+00h  1
1108  4.4273485e-03 7.16e-03 7.87e-02 -11.0 5.69e-03    -  1.00e+00 5.00e-01h  2
1109  4.4168399e-03 1.86e-03 2.28e-02 -11.0 1.68e-03    -  1.00e+00 1.00e+00h  1
iter    objective    inf_pr   inf_du lg(mu)  ||d||  lg(rg) alpha_du alpha_pr  ls
1110  4.4304411e-03 1.43e-04 3.34e-02 -11.0 2.56e-03    -  1.00e+00 1.00e+00H  1
1111  4.4120093e-03 1.10e-03 1.00e-02 -11.0 1.78e-03    -  1.00e+00 1.00e+00h  1
1112  4.4098176e-03 1.59e-04 5.52e-03 -11.0 4.49e-04    -  1.00e+00 1.00e+00h  1
1113  4.4036671e-03 7.44e-03 4.00e-02 -11.0 2.96e-03    -  1.00e+00 1.00e+00h  1
1114  4.4024357e-03 9.58e-03 5.43e-02 -11.0 2.52e-02    -  1.00e+00 6.25e-02h  5
1115  4.3997029e-03 1.46e-02 7.20e-02 -11.0 1.19e-02    -  1.00e+00 2.50e-01h  3
1116  4.3986272e-03 6.28e-02 1.32e-01 -11.0 6.17e-02    -  1.00e+00 1.25e-01h  4
1117  4.3923492e-03 9.25e-02 2.66e-01 -11.0 4.16e-01    -  1.00e+00 1.56e-02h  7
1118  4.3922393e-03 1.34e-01 5.10e-01 -11.0 3.02e-01    -  1.00e+00 3.12e-02h  6
1119  4.3870938e-03 1.35e-01 5.61e-01 -11.0 1.19e-01    -  1.00e+00 1.56e-02h  7
iter    objective    inf_pr   inf_du lg(mu)  ||d||  lg(rg) alpha_du alpha_pr  ls
1120  4.3935022e-03 4.58e-03 1.32e-01 -11.0 3.06e-03    -  1.00e+00 1.00e+00h  1
1121  4.3795156e-03 1.38e-03 6.75e-02 -11.0 1.42e-03    -  1.00e+00 1.00e+00h  1
1122  4.3761197e-03 1.40e-04 2.57e-02 -11.0 7.76e-04    -  1.00e+00 1.00e+00h  1
1123  4.3736585e-03 1.14e-04 2.56e-02 -11.0 5.31e-04    -  1.00e+00 1.00e+00h  1
1124  4.3696258e-03 8.00e-04 4.40e-02 -11.0 1.71e-03    -  1.00e+00 1.00e+00h  1
1125  4.3660423e-03 1.74e-03 8.74e-02 -11.0 8.92e-03    -  1.00e+00 2.50e-01h  3
1126  4.3604606e-03 2.57e-03 1.40e-01 -11.0 1.29e-02    -  1.00e+00 2.50e-01h  3
1127  4.3588436e-03 1.60e-02 2.18e-01 -11.0 2.12e-02    -  1.00e+00 2.50e-01h  3
1128  4.4130600e-03 7.72e-05 8.58e-02 -11.0 9.96e-03    -  1.00e+00 1.00e+00H  1
1129  4.3877670e-03 1.69e-04 1.28e-01 -11.0 5.65e-03    -  1.00e+00 1.00e+00H  1
iter    objective    inf_pr   inf_du lg(mu)  ||d||  lg(rg) alpha_du alpha_pr  ls
1130  4.3448027e-03 1.59e-02 1.09e-01 -11.0 5.47e-03    -  1.00e+00 1.00e+00h  1
1131  4.3610981e-03 2.26e-03 1.56e-01 -11.0 3.45e-03    -  1.00e+00 1.00e+00h  1
1132  4.3401198e-03 2.88e-03 3.42e-02 -11.0 2.95e-03    -  1.00e+00 1.00e+00h  1
1133  4.3452594e-03 1.37e-03 7.75e-02 -11.0 2.34e-03    -  1.00e+00 1.00e+00h  1
1134  4.3368210e-03 4.31e-04 2.15e-03 -11.0 1.55e-03    -  1.00e+00 1.00e+00h  1
1135  4.3367934e-03 2.82e-04 1.09e-02 -11.0 9.89e-04    -  1.00e+00 1.00e+00h  1
1136  4.3350509e-03 7.67e-05 4.10e-03 -11.0 5.89e-04    -  1.00e+00 1.00e+00h  1
1137  4.3333128e-03 5.04e-04 7.49e-03 -11.0 1.10e-03    -  1.00e+00 1.00e+00h  1
1138  4.3324417e-03 5.54e-03 1.69e-02 -11.0 2.57e-02    -  1.00e+00 1.25e-01h  4
1139  4.3323932e-03 1.10e-02 5.42e-02 -11.0 1.20e-02    -  1.00e+00 2.50e-01h  3
iter    objective    inf_pr   inf_du lg(mu)  ||d||  lg(rg) alpha_du alpha_pr  ls
1140  4.3305021e-03 9.87e-02 1.14e-01 -11.0 2.00e-02    -  1.00e+00 5.00e-01h  2
1141  4.3209516e-03 1.48e-01 9.17e-02 -11.0 2.27e-01    -  1.00e+00 3.12e-02h  6
1142  4.3180699e-03 1.41e-01 7.77e-02 -11.0 4.12e-02    -  1.00e+00 6.25e-02h  5
1143  4.2942489e-03 8.19e-03 4.23e-02 -11.0 7.13e-03    -  1.00e+00 1.00e+00h  1
1144  4.2852364e-03 6.85e-03 4.78e-02 -11.0 7.37e-03    -  1.00e+00 2.50e-01h  3
1145  4.2835478e-03 5.53e-02 9.54e-02 -11.0 7.21e-03    -  1.00e+00 1.00e+00h  1
1146  4.2674481e-03 2.77e-01 1.51e-01 -11.0 2.60e-01    -  1.00e+00 6.25e-02h  5
1147  4.2628498e-03 2.78e-01 3.17e-01 -11.0 1.23e-01    -  1.00e+00 3.12e-02h  6
1148  4.2502268e-03 2.13e-01 3.67e-01 -11.0 3.14e-02    -  1.00e+00 2.50e-01h  3
1149  4.2262539e-03 2.01e-01 4.02e-01 -11.0 5.12e-02    -  1.00e+00 2.50e-01h  3
iter    objective    inf_pr   inf_du lg(mu)  ||d||  lg(rg) alpha_du alpha_pr  ls
1150  4.2170142e-03 8.74e-01 6.72e-01 -11.0 2.50e-01    -  1.00e+00 1.25e-01h  4
1151  4.1843807e-03 8.47e-01 5.86e-01 -11.0 8.25e-02    -  1.00e+00 3.12e-02h  6
1152  4.1877991e-03 1.79e-02 6.16e-02 -11.0 4.96e-03    -  1.00e+00 1.00e+00h  1
1153  4.1830388e-03 5.88e-02 9.68e-02 -11.0 2.35e-02    -  1.00e+00 2.50e-01h  3
1154  4.1802432e-03 5.88e-02 9.49e-02 -11.0 4.24e-02    -  1.00e+00 3.12e-02h  6
1155  4.1760994e-03 4.60e-02 3.60e-02 -11.0 1.93e-02    -  1.00e+00 1.00e+00h  1
1156  4.1724323e-03 4.77e-02 6.35e-02 -11.0 3.77e-01    -  1.00e+00 1.56e-02h  7
1157  4.1713606e-03 4.60e-02 7.70e-02 -11.0 3.55e-02    -  1.00e+00 3.12e-02h  6
1158  4.1608603e-03 7.11e-03 3.91e-02 -11.0 4.06e-03    -  1.00e+00 1.00e+00h  1
1159  4.3331283e-03 2.77e-03 2.09e-01 -11.0 9.16e-03    -  1.00e+00 1.00e+00H  1
iter    objective    inf_pr   inf_du lg(mu)  ||d||  lg(rg) alpha_du alpha_pr  ls
1160  4.1594448e-03 1.16e-02 4.29e-02 -11.0 7.34e-03    -  1.00e+00 1.00e+00h  1
1161  4.1531564e-03 8.78e-03 1.33e-02 -11.0 2.50e-02    -  1.00e+00 2.50e-01h  3
1162  4.1597079e-03 8.42e-03 7.04e-02 -11.0 1.62e-02    -  1.00e+00 1.25e-01h  4
1163  4.1471464e-03 7.14e-04 1.41e-02 -11.0 1.34e-03    -  1.00e+00 1.00e+00h  1
1164  4.1437847e-03 1.84e-03 2.49e-02 -11.0 2.15e-03    -  1.00e+00 1.00e+00h  1
1165  4.1428536e-03 8.01e-02 8.57e-02 -11.0 2.22e-01    -  1.00e+00 6.25e-02h  5
1166  4.1368598e-03 1.08e-01 1.04e-01 -11.0 5.59e-01    -  1.00e+00 1.56e-02h  7
1167  4.1350219e-03 1.23e-01 1.12e-01 -11.0 3.74e-01    -  1.00e+00 1.56e-02h  7
1168  4.1334569e-03 1.57e-01 1.12e-01 -11.0 1.54e-01    -  1.00e+00 6.25e-02h  5
1169  4.1284668e-03 1.54e-01 1.07e-01 -11.0 3.92e-02    -  1.00e+00 6.25e-02h  5
iter    objective    inf_pr   inf_du lg(mu)  ||d||  lg(rg) alpha_du alpha_pr  ls
1170  4.1197339e-03 1.87e-01 1.22e-01 -11.0 3.88e-02    -  1.00e+00 2.50e-01h  3
1171  4.1156011e-03 2.14e-01 1.01e-01 -11.0 5.53e-02    -  1.00e+00 1.25e-01h  4
1172  4.1067941e-03 2.10e-01 9.09e-02 -11.0 5.50e-02    -  1.00e+00 1.25e-01h  4
1173  4.1055983e-03 2.09e-01 1.00e-01 -11.0 9.33e-02    -  1.00e+00 3.12e-02h  6
1174  4.1169776e-03 1.01e-01 6.14e-02 -11.0 9.34e-03    -  1.00e+00 5.00e-01h  2
1175  4.1122589e-03 1.20e-01 1.19e-01 -11.0 1.35e-02    -  1.00e+00 1.00e+00h  1
1176  4.1065060e-03 1.12e-01 8.71e-02 -11.0 4.19e-02    -  1.00e+00 1.25e-01h  4
1177  4.0982246e-03 9.86e-02 7.68e-02 -11.0 1.71e-02    -  1.00e+00 2.50e-01h  3
1178  4.0900002e-03 9.89e-02 4.09e-02 -11.0 3.54e-02    -  1.00e+00 1.25e-01h  4
1179  4.0882777e-03 9.45e-02 7.58e-02 -11.0 2.86e-02    -  1.00e+00 1.25e-01h  4
iter    objective    inf_pr   inf_du lg(mu)  ||d||  lg(rg) alpha_du alpha_pr  ls
1180  4.1087057e-03 1.01e-01 6.25e-02 -11.0 1.70e-02    -  1.00e+00 5.00e-01h  2
1181  4.1137633e-03 8.54e-02 7.86e-02 -11.0 9.47e-03    -  1.00e+00 2.50e-01h  3
1182  4.0794793e-03 6.48e-02 1.13e-02 -11.0 8.93e-03    -  1.00e+00 1.00e+00h  1
1183  4.1189437e-03 6.60e-02 1.02e-01 -11.0 1.76e-02    -  1.00e+00 2.50e-01h  3
1184  4.0766526e-03 1.24e-02 3.31e-02 -11.0 3.30e-03    -  1.00e+00 1.00e+00h  1
1185  4.0827589e-03 1.05e-03 2.51e-02 -11.0 1.11e-03    -  1.00e+00 1.00e+00h  1
1186  4.0797027e-03 3.32e-04 4.29e-03 -11.0 8.44e-04    -  1.00e+00 1.00e+00h  1
1187  4.0794160e-03 4.45e-05 4.45e-03 -11.0 3.21e-04    -  1.00e+00 1.00e+00h  1
1188  4.0778779e-03 3.61e-03 1.79e-02 -11.0 2.98e-03    -  1.00e+00 1.00e+00h  1
1189  4.0777677e-03 7.38e-03 3.21e-02 -11.0 4.90e-02    -  1.00e+00 6.25e-02h  5
iter    objective    inf_pr   inf_du lg(mu)  ||d||  lg(rg) alpha_du alpha_pr  ls
1190  4.0753578e-03 2.53e-02 9.54e-02 -11.0 2.78e-02    -  1.00e+00 2.50e-01h  3
1191  4.0732223e-03 3.50e-02 1.66e-01 -11.0 3.64e-01    -  1.00e+00 1.56e-02h  7
1192  4.0721467e-03 3.67e-02 1.96e-01 -11.0 1.39e-01    -  1.00e+00 3.12e-02h  6
1193  4.0707863e-03 4.09e-02 2.44e-01 -11.0 1.44e-01    -  1.00e+00 3.12e-02h  6
1194  4.0682365e-03 5.91e-02 3.31e-01 -11.0 2.82e-01    -  1.00e+00 3.12e-02h  6
1195  4.0662158e-03 5.57e-02 3.88e-01 -11.0 5.15e-02    -  1.00e+00 6.25e-02h  5
1196  4.0645580e-03 4.88e-02 3.69e-01 -11.0 1.02e-02    -  1.00e+00 1.25e-01h  4
1197  4.0634068e-03 5.35e-03 2.46e-02 -11.0 4.98e-03    -  1.00e+00 1.00e+00h  1
1198  4.0672523e-03 5.01e-03 8.28e-02 -11.0 1.88e-02    -  1.00e+00 6.25e-02h  5
1199  4.0592337e-03 8.02e-04 9.44e-03 -11.0 2.58e-03    -  1.00e+00 1.00e+00h  1
iter    objective    inf_pr   inf_du lg(mu)  ||d||  lg(rg) alpha_du alpha_pr  ls
1200  4.0659983e-03 4.62e-04 4.17e-02 -11.0 1.33e-02    -  1.00e+00 1.00e+00H  1
1201  4.0654381e-03 5.07e-04 4.57e-02 -11.0 2.44e-01    -  1.00e+00 3.91e-03h  9
1202  4.0650468e-03 5.87e-04 4.85e-02 -11.0 9.17e-01    -  1.00e+00 9.77e-04h 11
1203  4.0644186e-03 7.06e-04 5.08e-02 -11.0 1.11e-01    -  1.00e+00 7.81e-03h  8
1204  4.0643293e-03 7.07e-04 5.10e-02 -11.0 2.04e-01    -  1.00e+00 4.88e-04h 12
1205  4.0642762e-03 7.08e-04 5.11e-02 -11.0 3.04e-01    -  1.00e+00 1.22e-04h 14
1206  4.0605181e-03 1.18e-01 2.01e-01 -11.0 7.31e-01    -  1.00e+00 3.12e-02h  6
1207  4.0562699e-03 1.24e-01 1.61e-01 -11.0 1.08e+00    -  1.00e+00 7.81e-03h  8
1208  4.0554046e-03 1.59e-01 2.67e-01 -11.0 2.09e+00    -  1.00e+00 7.81e-03h  8
1209  4.0546313e-03 1.65e-01 2.27e-01 -11.0 8.03e+02    -  1.00e+00 7.63e-06h 18
iter    objective    inf_pr   inf_du lg(mu)  ||d||  lg(rg) alpha_du alpha_pr  ls
1210  4.0542110e-03 1.70e-01 2.71e-01 -11.0 1.15e+01    -  1.00e+00 4.88e-04h 12
1211  1.3945172e+00 1.30e+05 1.20e+04 -11.0 6.13e+00    -  1.00e+00 1.00e+00w  1
1212  4.3491872e+04 3.67e+06 1.95e+03 -11.0 4.92e+01  -2.5 1.00e+00 1.00e+00w  1
1213  7.4170569e+02 3.88e+06 8.99e+06 -11.0 4.81e+01    -  1.00e+00 1.00e+00w  1
1214  4.0533778e-03 1.74e-01 2.31e-01 -11.0 2.02e+02    -  1.00e+00 9.77e-04h 10
1215  4.0612035e-03 7.75e-03 2.85e-02 -11.0 5.39e-03    -  1.00e+00 1.00e+00h  1
1216  4.0473720e-03 1.08e-03 1.17e-01 -11.0 1.51e-03    -  1.00e+00 1.00e+00h  1
1217  4.0420525e-03 2.56e-04 1.43e-02 -11.0 7.90e-04    -  1.00e+00 1.00e+00h  1
1218  4.0416552e-03 1.32e-05 6.85e-03 -11.0 1.61e-04    -  1.00e+00 1.00e+00h  1
1219  4.0403224e-03 4.89e-04 2.10e-02 -11.0 1.16e-03    -  1.00e+00 1.00e+00h  1
iter    objective    inf_pr   inf_du lg(mu)  ||d||  lg(rg) alpha_du alpha_pr  ls
1220  4.0471752e-03 8.16e-08 1.14e-03 -11.0 2.00e-03    -  1.00e+00 1.00e+00H  1
1221  4.0391624e-03 8.22e-04 2.02e-02 -11.0 1.42e-03    -  1.00e+00 1.00e+00h  1
1222  4.0389205e-03 6.12e-05 1.78e-02 -11.0 6.16e-04    -  1.00e+00 1.00e+00h  1
1223  4.0380341e-03 1.92e-05 9.00e-03 -11.0 3.16e-04    -  1.00e+00 1.00e+00h  1
1224  4.0369793e-03 2.09e-04 9.99e-03 -11.0 8.04e-04    -  1.00e+00 1.00e+00h  1
1225  4.0367985e-03 2.67e-03 8.71e-02 -11.0 4.84e-02    -  1.00e+00 6.25e-02h  5
1226  4.0353348e-03 4.70e-03 1.89e-01 -11.0 8.21e-03    -  1.00e+00 5.00e-01h  2
1227  4.0312200e-03 1.84e-02 3.33e-01 -11.0 7.45e-02    -  1.00e+00 1.25e-01h  4
1228  4.0292870e-03 2.79e-02 4.09e-01 -11.0 2.31e-01    -  1.00e+00 3.12e-02h  6
1229  4.0218570e-03 3.38e-02 3.97e-01 -11.0 4.73e-02    -  1.00e+00 1.25e-01h  4
iter    objective    inf_pr   inf_du lg(mu)  ||d||  lg(rg) alpha_du alpha_pr  ls
1230  4.0212150e-03 2.98e-02 3.67e-01 -11.0 8.41e-03    -  1.00e+00 1.25e-01h  4
1231  4.0187209e-03 1.02e-02 6.23e-02 -11.0 7.00e-03    -  1.00e+00 1.00e+00h  1
1232  4.0171042e-03 1.13e-02 1.11e-01 -11.0 9.28e-02    -  1.00e+00 3.12e-02h  6
1233  4.0168555e-03 1.41e-02 2.02e-01 -11.0 8.12e-02    -  1.00e+00 6.25e-02h  5
1234  4.0160236e-03 1.43e-02 2.46e-01 -11.0 2.31e-01    -  1.00e+00 7.81e-03h  8
1235  4.0162914e-03 1.45e-02 3.19e-01 -11.0 4.28e-02    -  1.00e+00 1.25e-01h  4
1236  4.0161801e-03 1.36e-02 2.94e-01 -11.0 2.55e-02    -  1.00e+00 6.25e-02h  5
1237  4.0317500e-03 9.14e-03 1.35e-01 -11.0 8.33e-03    -  1.00e+00 1.00e+00h  1
1238  4.0221253e-03 5.89e-03 5.31e-02 -11.0 1.17e-02    -  1.00e+00 5.00e-01h  2
1239  4.0241728e-03 8.29e-03 4.51e-02 -11.0 3.92e-02    -  1.00e+00 1.25e-01h  4
iter    objective    inf_pr   inf_du lg(mu)  ||d||  lg(rg) alpha_du alpha_pr  ls
1240  4.0330010e-03 4.20e-03 1.60e-01 -11.0 7.76e-03    -  1.00e+00 1.00e+00h  1
1241  4.0263210e-03 4.06e-03 1.79e-01 -11.0 2.70e-02    -  1.00e+00 6.25e-02h  5
1242  4.0289849e-03 3.17e-03 9.56e-02 -11.0 7.03e-03    -  1.00e+00 2.50e-01h  3
1243  4.0104252e-03 6.28e-04 3.96e-02 -11.0 3.22e-03    -  1.00e+00 1.00e+00h  1
1244  4.0198088e-03 8.48e-04 7.24e-02 -11.0 1.70e-03    -  1.00e+00 1.00e+00h  1
1245  4.0079087e-03 7.05e-04 8.96e-03 -11.0 1.36e-03    -  1.00e+00 1.00e+00h  1
1246  4.0078158e-03 6.64e-06 3.79e-03 -11.0 9.85e-05    -  1.00e+00 1.00e+00h  1
1247  4.0071034e-03 1.39e-04 1.03e-02 -11.0 5.71e-04    -  1.00e+00 1.00e+00h  1
1248  4.0063926e-03 8.15e-04 3.25e-02 -11.0 2.45e-02    -  1.00e+00 6.25e-02h  5
1249  4.0053199e-03 2.97e-03 7.82e-02 -11.0 2.28e-02    -  1.00e+00 1.25e-01h  4
iter    objective    inf_pr   inf_du lg(mu)  ||d||  lg(rg) alpha_du alpha_pr  ls
1250  4.0039589e-03 5.42e-03 1.33e-01 -11.0 9.62e-02    -  1.00e+00 3.12e-02h  6
1251  4.0031791e-03 6.09e-03 1.58e-01 -11.0 5.73e-02    -  1.00e+00 3.12e-02h  6
1252  4.0027564e-03 6.33e-03 1.76e-01 -11.0 1.55e-02    -  1.00e+00 1.25e-01h  4
1253  4.0019395e-03 7.28e-03 2.08e-01 -11.0 3.78e-02    -  1.00e+00 6.25e-02h  5
1254  4.0017791e-03 6.54e-03 1.80e-01 -11.0 4.29e-03    -  1.00e+00 1.25e-01h  4
1255  3.9994990e-03 2.37e-03 1.90e-02 -11.0 2.89e-03    -  1.00e+00 1.00e+00h  1
1256  3.9991637e-03 2.24e-03 3.37e-02 -11.0 1.66e-02    -  1.00e+00 6.25e-02h  5
1257  3.9989078e-03 4.60e-03 8.36e-02 -11.0 1.46e-02    -  1.00e+00 2.50e-01h  3
1258  3.9986369e-03 5.40e-03 1.21e-01 -11.0 2.44e-01    -  1.00e+00 7.81e-03h  8
1259  3.9987867e-03 5.61e-03 1.31e-01 -11.0 5.46e-02    -  1.00e+00 3.12e-02h  6
iter    objective    inf_pr   inf_du lg(mu)  ||d||  lg(rg) alpha_du alpha_pr  ls
1260  4.0205674e-03 1.53e-06 7.96e-02 -11.0 8.89e-03    -  1.00e+00 1.00e+00H  1
1261  4.0200746e-03 2.28e-06 8.00e-02 -11.0 1.07e-02    -  1.00e+00 7.81e-03h  8
1262  4.0192728e-03 2.91e-06 7.90e-02 -11.0 5.19e-03    -  1.00e+00 7.81e-03h  8
1263  3.9980872e-03 7.26e-03 8.07e-02 -11.0 5.82e-03    -  1.00e+00 1.00e+00h  1
1264  3.9957171e-03 6.21e-03 3.09e-02 -11.0 4.62e-03    -  1.00e+00 2.50e-01h  3
1265  3.9959925e-03 5.26e-04 1.69e-02 -11.0 7.43e-04    -  1.00e+00 1.00e+00h  1
1266  3.9948962e-03 6.34e-05 4.28e-03 -11.0 3.73e-04    -  1.00e+00 1.00e+00h  1
1267  3.9947314e-03 4.08e-06 1.57e-03 -11.0 1.41e-04    -  1.00e+00 1.00e+00h  1
1268  3.9942511e-03 9.56e-05 1.35e-02 -11.0 5.60e-04    -  1.00e+00 1.00e+00h  1
1269  4.0160403e-03 6.39e-07 5.85e-02 -11.0 3.53e-03    -  1.00e+00 1.00e+00H  1
iter    objective    inf_pr   inf_du lg(mu)  ||d||  lg(rg) alpha_du alpha_pr  ls
1270  3.9936187e-03 3.39e-03 7.85e-03 -11.0 2.74e-03    -  1.00e+00 1.00e+00h  1
1271  3.9933372e-03 2.54e-03 1.38e-02 -11.0 1.17e-03    -  1.00e+00 2.50e-01h  3
1272  3.9933208e-03 5.36e-06 4.33e-03 -11.0 1.73e-04    -  1.00e+00 1.00e+00h  1
1273  3.9931191e-03 2.45e-05 2.91e-03 -11.0 2.06e-04    -  1.00e+00 1.00e+00h  1
1274  3.9928807e-03 2.32e-03 2.04e-02 -11.0 8.25e-03    -  1.00e+00 2.50e-01h  3
1275  4.0296421e-03 8.39e-07 1.46e-01 -11.0 7.18e-03    -  1.00e+00 1.00e+00H  1
1276  3.9955315e-03 1.87e-06 8.06e-02 -11.0 2.37e-03    -  1.00e+00 1.00e+00H  1
1277  3.9894874e-03 1.01e-03 4.80e-02 -11.0 1.53e-03    -  1.00e+00 1.00e+00h  1
1278  3.9875703e-03 1.50e-03 2.77e-02 -11.0 1.40e-03    -  1.00e+00 1.00e+00h  1
1279  3.9840919e-03 3.03e-02 6.32e-02 -11.0 1.47e-02    -  1.00e+00 5.00e-01h  2
iter    objective    inf_pr   inf_du lg(mu)  ||d||  lg(rg) alpha_du alpha_pr  ls
1280  3.9807400e-03 7.43e-02 8.58e-02 -11.0 1.14e+00    -  1.00e+00 7.81e-03h  8
1281  3.9801187e-03 8.23e-02 9.25e-02 -11.0 2.72e-01    -  1.00e+00 1.56e-02h  7
1282  3.9748555e-03 1.06e-01 1.28e-01 -11.0 6.54e-02    -  1.00e+00 1.25e-01h  4
1283  3.9714319e-03 2.58e-01 3.14e-01 -11.0 5.64e-01    -  1.00e+00 3.12e-02h  6
1284  3.9676036e-03 2.91e-01 3.77e-01 -11.0 1.27e+00    -  1.00e+00 7.81e-03h  8
1285  3.9640869e-03 3.07e-01 4.05e-01 -11.0 2.48e-01    -  1.00e+00 3.12e-02h  6
1286  3.9607070e-03 4.25e-01 4.70e-01 -11.0 2.79e-01    -  1.00e+00 6.25e-02h  5
1287  3.9578012e-03 4.39e-01 5.35e-01 -11.0 4.34e-01    -  1.00e+00 1.56e-02h  7
1288  3.9524857e-03 4.36e-01 5.23e-01 -11.0 1.85e-01    -  1.00e+00 1.56e-02h  7
1289  4.1961357e-03 1.22e-01 2.54e-01 -11.0 2.06e-02    -  1.00e+00 1.00e+00w  1
iter    objective    inf_pr   inf_du lg(mu)  ||d||  lg(rg) alpha_du alpha_pr  ls
1290  8.5859563e-03 9.82e+00 3.93e+00 -11.0 1.44e-01    -  1.00e+00 1.00e+00w  1
1291  3.8382478e-02 1.65e+00 2.61e+00 -11.0 1.17e-01    -  1.00e+00 1.00e+00w  1
1292  3.9524255e-03 3.34e-01 4.08e-01 -11.0 9.94e-02    -  1.00e+00 2.50e-01h  2
1293  3.9357748e-03 3.67e-01 3.96e-01 -11.0 9.30e-02    -  1.00e+00 1.25e-01h  4
1294  3.9306966e-03 3.61e-01 3.68e-01 -11.0 1.16e-01    -  1.00e+00 1.56e-02h  7
1295  3.9411088e-03 2.52e-02 1.55e-01 -11.0 6.16e-03    -  1.00e+00 1.00e+00h  1
1296  3.9397776e-03 6.90e-02 1.11e-01 -11.0 7.13e-02    -  1.00e+00 1.25e-01h  4
1297  3.9369425e-03 1.50e-01 1.36e-01 -11.0 1.95e-01    -  1.00e+00 6.25e-02h  5
1298  3.9317369e-03 1.83e-01 1.67e-01 -11.0 5.18e-01    -  1.00e+00 1.56e-02h  7
1299  3.9253188e-03 2.04e-01 1.71e-01 -11.0 8.43e-01    -  1.00e+00 7.81e-03h  8
iter    objective    inf_pr   inf_du lg(mu)  ||d||  lg(rg) alpha_du alpha_pr  ls
1300  3.9112796e-03 2.72e-01 2.10e-01 -11.0 7.48e-01    -  1.00e+00 1.56e-02h  7
1301  3.9060205e-03 2.82e-01 2.75e-01 -11.0 3.71e-01    -  1.00e+00 1.56e-02h  7
1302  3.9033787e-03 2.82e-01 3.05e-01 -11.0 1.80e-01    -  1.00e+00 3.12e-02h  6
1303  3.9030554e-03 1.51e-01 1.82e-01 -11.0 1.37e-02    -  1.00e+00 5.00e-01h  2
1304  3.9006617e-03 1.39e-01 1.58e-01 -11.0 4.45e-02    -  1.00e+00 1.25e-01h  4
1305  3.8936899e-03 2.84e-01 1.49e-01 -11.0 8.43e-02    -  1.00e+00 2.50e-01h  3
1306  8.4682370e-02 1.96e+02 1.38e+02 -11.0 1.07e+00    -  1.00e+00 1.00e+00w  1
1307  2.0536139e+00 6.63e+01 2.50e+01 -11.0 6.77e-01    -  1.00e+00 1.00e+00w  1
1308  2.7527227e-01 4.89e+01 8.06e+01 -11.0 6.21e-01    -  1.00e+00 1.00e+00w  1
1309  3.8863739e-03 3.93e-01 2.28e-01 -11.0 1.21e-01    -  1.00e+00 1.56e-02h  6
iter    objective    inf_pr   inf_du lg(mu)  ||d||  lg(rg) alpha_du alpha_pr  ls
1310  3.8863558e-03 3.45e-01 1.98e-01 -11.0 2.25e-02    -  1.00e+00 1.25e-01h  4
1311  3.8800613e-03 1.03e-02 1.60e-01 -11.0 2.56e-03    -  1.00e+00 1.00e+00h  1
1312  3.8648094e-03 1.84e-02 1.15e-01 -11.0 7.03e-03    -  1.00e+00 1.00e+00h  1
1313  3.8677565e-03 1.22e-02 1.08e-01 -11.0 8.09e-03    -  1.00e+00 2.50e-01h  3
1314  3.8538979e-03 1.21e-03 2.18e-02 -11.0 2.19e-03    -  1.00e+00 1.00e+00h  1
1315  3.8550733e-03 2.66e-05 3.54e-02 -11.0 1.96e-03    -  1.00e+00 1.00e+00H  1
1316  3.9526879e-03 1.25e-05 3.94e-01 -11.0 2.19e-03    -  1.00e+00 1.00e+00H  1
1317  3.8525095e-03 1.81e-03 9.46e-03 -11.0 2.33e-03    -  1.00e+00 1.00e+00h  1
1318  3.8505710e-03 3.66e-04 1.42e-03 -11.0 9.09e-04    -  1.00e+00 1.00e+00h  1
1319  3.8453966e-03 3.14e-01 2.21e-01 -11.0 8.70e-01    -  1.00e+00 3.12e-02h  6
iter    objective    inf_pr   inf_du lg(mu)  ||d||  lg(rg) alpha_du alpha_pr  ls
1320  3.8357798e-03 3.13e-01 2.23e-01 -11.0 3.84e-01    -  1.00e+00 7.81e-03h  8
1321  3.8369967e-03 2.41e-01 1.24e-01 -11.0 1.56e-02    -  1.00e+00 2.50e-01h  3
1322  3.8384825e-03 1.81e-01 6.57e-02 -11.0 9.53e-03    -  1.00e+00 2.50e-01h  3
1323  3.8355408e-03 9.41e-02 7.27e-02 -11.0 7.68e-03    -  1.00e+00 5.00e-01h  2
1324  3.8235902e-03 1.90e-01 4.19e-02 -11.0 1.36e-01    -  1.00e+00 1.25e-01h  4
1325  3.8214936e-03 2.09e-01 5.35e-02 -11.0 9.02e-01    -  1.00e+00 7.81e-03h  8
1326  3.8167135e-03 2.30e-01 1.35e-01 -11.0 1.65e-01    -  1.00e+00 6.25e-02h  5
1327  3.8107844e-03 2.68e-01 1.70e-01 -11.0 1.38e+00    -  1.00e+00 7.81e-03h  8
1328  3.8060297e-03 3.56e-01 2.81e-01 -11.0 2.16e+00    -  1.00e+00 7.81e-03h  8
1329  6.2750163e-02 1.02e+03 1.56e+02 -11.0 1.61e+00    -  1.00e+00 1.00e+00w  1
iter    objective    inf_pr   inf_du lg(mu)  ||d||  lg(rg) alpha_du alpha_pr  ls
1330  1.6419681e+03 5.17e+05 5.58e+03 -11.0 2.34e+01    -  1.00e+00 1.00e+00w  1
1331  1.1685363e+02 5.89e+05 1.73e+04 -11.0 2.42e+01    -  1.00e+00 1.00e+00w  1
1332  3.8023908e-03 5.44e-01 3.12e-01 -11.0 2.10e+00    -  1.00e+00 1.56e-02h  6
1333  3.8100576e-03 1.65e-02 6.26e-01 -11.0 7.10e-03    -  1.00e+00 1.00e+00h  1
1334  3.8425452e-03 1.41e-02 4.95e-01 -11.0 1.93e-02    -  1.00e+00 1.25e-01h  4
1335  3.7981950e-03 2.62e-03 1.22e-01 -11.0 2.24e-03    -  1.00e+00 1.00e+00h  1
1336  3.7955608e-03 1.95e-03 8.97e-02 -11.0 2.28e-03    -  1.00e+00 1.00e+00h  1
1337  3.7973357e-03 1.82e-04 1.54e-01 -11.0 4.21e-03    -  1.00e+00 1.00e+00H  1
1338  3.7874874e-03 2.25e-02 1.41e-01 -11.0 3.20e-02    -  1.00e+00 2.50e-01h  3
1339  3.7931123e-03 1.86e-02 2.20e-01 -11.0 6.06e-02    -  1.00e+00 6.25e-02h  5
iter    objective    inf_pr   inf_du lg(mu)  ||d||  lg(rg) alpha_du alpha_pr  ls
1340  3.7679907e-03 2.87e-03 3.88e-02 -11.0 2.85e-03    -  1.00e+00 1.00e+00h  1
1341  3.7681453e-03 8.88e-04 2.10e-02 -11.0 2.30e-03    -  1.00e+00 1.00e+00h  1
1342  3.7642514e-03 7.62e-03 5.11e-02 -11.0 5.33e-03    -  1.00e+00 1.00e+00h  1
1343  3.7594738e-03 6.54e-03 1.22e-01 -11.0 3.84e-02    -  1.00e+00 1.25e-01h  4
1344  3.7528975e-03 6.31e-02 1.96e-01 -11.0 6.88e-02    -  1.00e+00 2.50e-01h  3
1345  3.7489032e-03 6.24e-02 2.97e-01 -11.0 3.64e-01    -  1.00e+00 3.12e-02h  6
1346  3.7423846e-03 6.39e-02 3.38e-01 -11.0 1.13e-01    -  1.00e+00 6.25e-02h  5
1347  3.7388181e-03 6.05e-02 3.13e-01 -11.0 1.22e-01    -  1.00e+00 6.25e-02h  5
1348  3.7281168e-03 8.86e-02 3.30e-01 -11.0 2.46e-01    -  1.00e+00 6.25e-02h  5
1349  3.7198428e-03 8.73e-02 3.18e-01 -11.0 1.40e+00    -  1.00e+00 1.95e-03h 10
iter    objective    inf_pr   inf_du lg(mu)  ||d||  lg(rg) alpha_du alpha_pr  ls
1350  3.7164159e-03 8.97e-02 2.66e-01 -11.0 1.60e-01    -  1.00e+00 3.12e-02h  6
1351  3.7158970e-03 1.08e-01 2.86e-01 -11.0 2.03e-01    -  1.00e+00 6.25e-02h  5
1352  3.7132650e-03 1.10e-01 2.30e-01 -11.0 1.58e-01    -  1.00e+00 3.12e-02h  6
1353  3.7246544e-03 6.54e-04 4.75e-02 -11.0 1.19e-03    -  1.00e+00 1.00e+00h  1
1354  3.7147356e-03 5.35e-04 1.04e-01 -11.0 5.92e-04    -  1.00e+00 1.00e+00h  1
1355  3.7028042e-03 4.97e-04 1.35e-02 -11.0 9.30e-04    -  1.00e+00 1.00e+00h  1
1356  3.7003121e-03 7.93e-05 1.94e-02 -11.0 4.75e-04    -  1.00e+00 1.00e+00h  1
1357  3.6975181e-03 1.78e-04 8.77e-03 -11.0 6.32e-04    -  1.00e+00 1.00e+00h  1
1358  3.6948603e-03 7.16e-03 3.30e-02 -11.0 3.76e-03    -  1.00e+00 1.00e+00h  1
1359  3.6921829e-03 4.18e-02 1.43e-01 -11.0 1.76e-02    -  1.00e+00 5.00e-01h  2
iter    objective    inf_pr   inf_du lg(mu)  ||d||  lg(rg) alpha_du alpha_pr  ls
1360  3.6911175e-03 2.29e-02 9.99e-02 -11.0 4.84e-03    -  1.00e+00 5.00e-01h  2
1361  3.6861503e-03 2.88e-03 7.54e-02 -11.0 3.08e-03    -  1.00e+00 1.00e+00h  1
1362  3.6823016e-03 3.84e-03 7.47e-02 -11.0 1.79e-03    -  1.00e+00 1.00e+00h  1
1363  3.6797963e-03 1.43e-03 4.10e-02 -11.0 1.88e-03    -  1.00e+00 1.00e+00h  1
1364  3.6824702e-03 2.26e-05 7.47e-02 -11.0 1.37e-03    -  1.00e+00 1.00e+00H  1
1365  3.6775852e-03 4.47e-04 1.10e-02 -11.0 8.95e-04    -  1.00e+00 1.00e+00h  1
1366  3.6771419e-03 1.25e-04 2.66e-02 -11.0 3.58e-04    -  1.00e+00 1.00e+00h  1
1367  3.6754349e-03 1.00e-03 2.19e-02 -11.0 8.60e-04    -  1.00e+00 1.00e+00h  1
1368  3.6719549e-03 1.64e-02 7.26e-02 -11.0 3.44e-02    -  1.00e+00 1.25e-01h  4
1369  3.6713584e-03 3.24e-02 1.18e-01 -11.0 7.98e-02    -  1.00e+00 6.25e-02h  5
iter    objective    inf_pr   inf_du lg(mu)  ||d||  lg(rg) alpha_du alpha_pr  ls
1370  3.6700995e-03 4.08e-02 1.40e-01 -11.0 3.02e-02    -  1.00e+00 1.25e-01h  4
1371  3.6643556e-03 1.13e-01 1.04e-01 -11.0 2.15e-02    -  1.00e+00 5.00e-01h  2
1372  3.6557037e-03 1.69e-01 1.62e-01 -11.0 1.36e-01    -  1.00e+00 6.25e-02h  5
1373  3.6463981e-03 4.59e-01 3.65e-01 -11.0 5.44e-01    -  1.00e+00 3.12e-02h  6
1374  3.6418271e-03 8.70e-01 5.71e-01 -11.0 1.35e+00    -  1.00e+00 1.56e-02h  7
1375  3.6372390e-03 8.82e-01 5.88e-01 -11.0 5.80e-01    -  1.00e+00 7.81e-03h  8
1376  3.6227223e-03 1.04e+00 7.04e-01 -11.0 2.51e-01    -  1.00e+00 6.25e-02h  5
1377  3.6104942e-03 1.01e+00 7.11e-01 -11.0 8.14e-02    -  1.00e+00 1.25e-01h  4
1378  3.8355746e-02 8.62e+00 6.04e+00 -11.0 1.19e-01    -  1.00e+00 1.00e+00w  1
1379  3.8161326e-02 1.17e+01 1.73e+01 -11.0 1.15e-01    -  1.00e+00 1.00e+00w  1
iter    objective    inf_pr   inf_du lg(mu)  ||d||  lg(rg) alpha_du alpha_pr  ls
1380  1.1648835e-01 2.66e+03 6.60e+02 -11.0 6.40e-01    -  1.00e+00 1.00e+00w  1
1381  3.5976797e-03 9.88e-01 7.06e-01 -11.0 5.19e-01    -  1.00e+00 3.12e-02h  5
1382  3.5965203e-03 9.30e-01 6.34e-01 -11.0 4.72e-02    -  1.00e+00 6.25e-02h  5
1383  3.6159785e-03 4.83e-01 4.59e-01 -11.0 8.87e-03    -  1.00e+00 5.00e-01h  2
1384  3.6321479e-03 1.41e-02 3.21e-01 -11.0 3.72e-03    -  1.00e+00 1.00e+00h  1
1385  3.6214156e-03 4.43e-02 2.65e-01 -11.0 2.63e-02    -  1.00e+00 2.50e-01h  3
1386  3.6010953e-03 3.13e-02 3.81e-01 -11.0 7.04e-03    -  1.00e+00 5.00e-01h  2
1387  3.5836138e-03 7.08e-03 2.91e-01 -11.0 3.17e-03    -  1.00e+00 1.00e+00h  1
1388  3.6099020e-03 9.70e-04 4.09e-01 -11.0 4.09e-03    -  1.00e+00 1.00e+00H  1
1389  3.5524388e-03 1.79e-03 6.06e-02 -11.0 2.08e-03    -  1.00e+00 1.00e+00h  1
iter    objective    inf_pr   inf_du lg(mu)  ||d||  lg(rg) alpha_du alpha_pr  ls
1390  3.5485191e-03 4.70e-04 1.95e-02 -11.0 6.00e-04    -  1.00e+00 1.00e+00h  1
1391  3.5427126e-03 4.99e-02 1.80e-01 -11.0 1.36e-02    -  1.00e+00 5.00e-01h  2
1392  3.5319481e-03 4.54e-02 2.46e-01 -11.0 1.14e-02    -  1.00e+00 2.50e-01h  3
1393  3.5313642e-03 4.33e-02 2.66e-01 -11.0 1.37e-02    -  1.00e+00 2.50e-01h  3
1394  3.5178687e-03 4.21e-03 8.45e-02 -11.0 2.27e-03    -  1.00e+00 1.00e+00h  1
1395  3.5153593e-03 1.88e-03 3.31e-02 -11.0 1.68e-03    -  1.00e+00 1.00e+00h  1
1396  3.5129114e-03 1.05e-03 2.26e-02 -11.0 9.83e-04    -  1.00e+00 1.00e+00h  1
1397  3.5112383e-03 8.00e-04 2.49e-02 -11.0 9.50e-04    -  1.00e+00 1.00e+00h  1
1398  3.5288796e-03 1.84e-04 6.22e-02 -11.0 7.30e-03    -  1.00e+00 1.00e+00H  1
1399  3.5482935e-03 1.70e-04 1.16e-01 -11.0 7.24e-03    -  1.00e+00 1.00e+00H  1
iter    objective    inf_pr   inf_du lg(mu)  ||d||  lg(rg) alpha_du alpha_pr  ls
1400  3.5450644e-03 1.86e-04 1.14e-01 -11.0 1.03e-02    -  1.00e+00 1.56e-02h  7
1401  3.4944527e-03 5.05e-03 8.22e-02 -11.0 3.63e-03    -  1.00e+00 1.00e+00h  1
1402  3.4955192e-03 1.83e-03 5.57e-02 -11.0 1.69e-03    -  1.00e+00 1.00e+00h  1
1403  3.4899798e-03 9.26e-03 3.31e-02 -11.0 4.05e-03    -  1.00e+00 1.00e+00h  1
1404  3.4878432e-03 1.73e-02 5.46e-02 -11.0 3.24e-02    -  1.00e+00 1.25e-01h  4
1405  3.4812452e-03 5.43e-02 8.81e-02 -11.0 3.24e-02    -  1.00e+00 2.50e-01h  3
1406  3.4764007e-03 8.93e-02 9.45e-02 -11.0 9.22e-01    -  1.00e+00 7.81e-03h  8
1407  3.4707248e-03 9.26e-02 9.97e-02 -11.0 8.33e-02    -  1.00e+00 3.12e-02h  6
1408  3.4630830e-03 9.37e-02 1.38e-01 -11.0 2.98e-02    -  1.00e+00 1.25e-01h  4
1409  3.4515795e-03 1.01e-01 1.88e-01 -11.0 2.32e-02    -  1.00e+00 2.50e-01h  3
iter    objective    inf_pr   inf_du lg(mu)  ||d||  lg(rg) alpha_du alpha_pr  ls
1410  3.4445032e-03 1.06e-01 1.99e-01 -11.0 5.46e-02    -  1.00e+00 6.25e-02h  5
1411  3.4371174e-03 4.74e-01 2.38e-01 -11.0 1.93e-01    -  1.00e+00 1.25e-01h  4
1412  3.4326583e-03 4.70e-01 2.55e-01 -11.0 1.49e-01    -  1.00e+00 1.56e-02h  7
1413  3.4336580e-03 4.62e-01 2.87e-01 -11.0 9.96e-02    -  1.00e+00 6.25e-02h  5
1414  4.5907145e-03 2.80e+00 2.03e+00 -11.0 6.17e-02    -  1.00e+00 1.00e+00w  1
1415  2.3028856e-01 2.94e+02 2.41e+01 -11.0 2.26e-01    -  1.00e+00 1.00e+00w  1
1416  5.7164012e-02 2.20e+02 2.41e+02 -11.0 2.39e-01    -  1.00e+00 1.00e+00w  1
1417  3.4318444e-03 4.41e-01 2.87e-01 -11.0 8.08e-02    -  1.00e+00 6.25e-02h  4
1418  3.4364018e-03 3.32e-01 1.91e-01 -11.0 5.46e-03    -  1.00e+00 2.50e-01h  3
1419  3.4396605e-03 2.51e-01 1.39e-01 -11.0 6.19e-03    -  1.00e+00 2.50e-01h  3
iter    objective    inf_pr   inf_du lg(mu)  ||d||  lg(rg) alpha_du alpha_pr  ls
1420  3.4398567e-03 1.91e-01 1.11e-01 -11.0 7.24e-03    -  1.00e+00 2.50e-01h  3
1421  3.4693082e-03 1.12e-01 1.75e-01 -11.0 7.16e-03    -  1.00e+00 5.00e-01h  2
1422  3.4370615e-03 7.81e-03 4.95e-02 -11.0 2.56e-03    -  1.00e+00 1.00e+00h  1
1423  3.4238808e-03 1.92e-03 7.00e-02 -11.0 1.58e-03    -  1.00e+00 1.00e+00h  1
1424  3.4115208e-03 2.54e-03 4.51e-02 -11.0 1.95e-03    -  1.00e+00 1.00e+00h  1
1425  3.4395429e-03 7.10e-04 2.19e-01 -11.0 3.89e-03    -  1.00e+00 1.00e+00H  1
1426  3.4035878e-03 6.77e-03 7.94e-02 -11.0 4.05e-03    -  1.00e+00 1.00e+00h  1
1427  3.3943805e-03 5.60e-03 1.39e-01 -11.0 5.28e-03    -  1.00e+00 5.00e-01h  2
1428  3.3877935e-03 4.17e-04 1.36e-02 -11.0 7.19e-04    -  1.00e+00 1.00e+00h  1
1429  3.3857466e-03 1.81e-04 1.00e-02 -11.0 7.90e-04    -  1.00e+00 1.00e+00h  1
iter    objective    inf_pr   inf_du lg(mu)  ||d||  lg(rg) alpha_du alpha_pr  ls
1430  3.5027660e-03 3.27e-04 1.88e-01 -11.0 2.43e-02    -  1.00e+00 1.00e+00H  1
1431  3.4973882e-03 3.28e-04 1.93e-01 -11.0 4.45e-02    -  1.00e+00 1.56e-02h  7
1432  3.4865419e-03 4.24e-04 1.90e-01 -11.0 2.61e-02    -  1.00e+00 1.56e-02h  7
1433  3.4811074e-03 4.39e-04 1.88e-01 -11.0 1.42e-02    -  1.00e+00 1.56e-02h  7
1434  3.4743799e-03 4.73e-04 1.81e-01 -11.0 1.90e-02    -  1.00e+00 1.56e-02h  7
1435  3.4704171e-03 4.84e-04 1.79e-01 -11.0 2.41e-02    -  1.00e+00 7.81e-03h  8
1436  3.4051886e-03 6.68e-02 2.09e-01 -11.0 2.80e-02    -  1.00e+00 2.50e-01h  3
1437  3.3937800e-03 4.72e-02 1.34e-01 -11.0 7.82e-03    -  1.00e+00 1.00e+00h  1
1438  3.4303431e-03 1.60e-02 1.19e-01 -11.0 5.32e-03    -  1.00e+00 1.00e+00h  1
1439  3.3441501e-03 1.08e-02 4.19e-02 -11.0 3.12e-03    -  1.00e+00 1.00e+00h  1
iter    objective    inf_pr   inf_du lg(mu)  ||d||  lg(rg) alpha_du alpha_pr  ls
1440  3.3409348e-03 2.61e-03 2.49e-02 -11.0 1.63e-03    -  1.00e+00 1.00e+00h  1
1441  3.3391147e-03 6.79e-03 5.77e-02 -11.0 1.69e-02    -  1.00e+00 1.25e-01h  4
1442  3.3729098e-03 2.37e-03 1.31e-01 -11.0 7.11e-03    -  1.00e+00 1.00e+00H  1
1443  3.3601012e-03 4.89e-04 1.43e-01 -11.0 1.34e-02    -  1.00e+00 1.25e-01h  4
1444  3.3284897e-03 7.80e-03 1.11e-01 -11.0 1.32e-02    -  1.00e+00 2.50e-01h  3
1445  3.3199189e-03 2.07e-03 1.94e-02 -11.0 1.28e-03    -  1.00e+00 1.00e+00h  1
1446  3.3172155e-03 8.69e-04 5.24e-02 -11.0 1.01e-03    -  1.00e+00 1.00e+00h  1
1447  3.3140867e-03 2.55e-04 1.58e-02 -11.0 5.68e-04    -  1.00e+00 1.00e+00h  1
1448  3.3122802e-03 3.20e-04 5.11e-03 -11.0 7.94e-04    -  1.00e+00 1.00e+00h  1
1449  3.3641684e-03 1.58e-04 1.72e-01 -11.0 1.34e-02    -  1.00e+00 1.00e+00H  1
iter    objective    inf_pr   inf_du lg(mu)  ||d||  lg(rg) alpha_du alpha_pr  ls
1450  3.3613120e-03 1.11e-04 1.77e-01 -11.0 2.57e-02    -  1.00e+00 1.56e-02h  7
1451  3.3529774e-03 1.58e-04 1.62e-01 -11.0 3.94e-02    -  1.00e+00 1.56e-02h  7
1452  3.3451326e-03 1.51e-04 1.56e-01 -11.0 8.93e-03    -  1.00e+00 3.12e-02h  6
1453  3.2955190e-03 1.06e-02 1.02e-01 -11.0 5.93e-03    -  1.00e+00 1.00e+00h  1
1454  3.2887932e-03 5.32e-03 3.02e-02 -11.0 3.29e-03    -  1.00e+00 5.00e-01h  2
1455  3.2849647e-03 2.26e-03 1.70e-02 -11.0 2.06e-03    -  1.00e+00 1.00e+00h  1
1456  3.2831125e-03 9.78e-05 6.04e-03 -11.0 6.97e-04    -  1.00e+00 1.00e+00h  1
1457  3.2781212e-03 2.09e-03 1.75e-02 -11.0 3.70e-03    -  1.00e+00 1.00e+00h  1
1458  3.2705010e-03 1.49e-02 6.08e-02 -11.0 8.53e-02    -  1.00e+00 1.25e-01h  4
1459  3.2653652e-03 2.25e-02 1.09e-01 -11.0 2.97e-01    -  1.00e+00 3.12e-02h  6
iter    objective    inf_pr   inf_du lg(mu)  ||d||  lg(rg) alpha_du alpha_pr  ls
1460  3.2613479e-03 2.36e-02 1.45e-01 -11.0 9.96e-02    -  1.00e+00 6.25e-02h  5
1461  3.2591610e-03 2.35e-02 8.62e-02 -11.0 3.39e-02    -  1.00e+00 2.50e-01h  3
1462  3.2469565e-03 2.86e-02 1.60e-01 -11.0 1.63e-01    -  1.00e+00 6.25e-02h  5
1463  3.2412088e-03 5.08e-02 2.79e-01 -11.0 4.56e-01    -  1.00e+00 3.12e-02h  6
1464  3.2371084e-03 5.03e-02 3.03e-01 -11.0 1.24e-01    -  1.00e+00 3.12e-02h  6
1465  3.2367962e-03 4.63e-02 7.96e-02 -11.0 1.20e-02    -  1.00e+00 5.00e-01h  2
1466  3.2213442e-03 9.57e-02 1.43e-01 -11.0 1.37e-02    -  1.00e+00 5.00e-01h  2
1467  3.2184180e-03 7.90e-02 1.57e-01 -11.0 2.52e-02    -  1.00e+00 5.00e-01h  2
1468  5.4626868e-03 2.47e+00 5.84e-01 -11.0 1.33e-01    -  1.00e+00 1.00e+00w  1
1469  2.0728573e-02 5.01e+01 1.02e+01 -11.0 9.43e-02    -  1.00e+00 1.00e+00w  1
iter    objective    inf_pr   inf_du lg(mu)  ||d||  lg(rg) alpha_du alpha_pr  ls
1470  9.1415977e+01 1.14e+04 2.07e+03 -11.0 4.95e+00    -  1.00e+00 1.00e+00w  1
1471  3.2002102e-03 9.15e-02 1.37e-01 -11.0 6.54e+02    -  1.00e+00 1.25e-01h  3
1472  3.1895137e-03 1.76e-03 6.12e-02 -11.0 2.96e-03    -  1.00e+00 1.00e+00h  1
1473  3.1730065e-03 1.42e-04 2.40e-02 -11.0 1.22e-03    -  1.00e+00 1.00e+00h  1
1474  3.1695192e-03 1.22e-04 5.25e-03 -11.0 4.29e-04    -  1.00e+00 1.00e+00h  1
1475  3.1667430e-03 7.20e-04 2.59e-02 -11.0 8.51e-04    -  1.00e+00 1.00e+00h  1
1476  3.1671076e-03 6.51e-05 4.66e-02 -11.0 2.14e-03    -  1.00e+00 1.00e+00H  1
1477  3.1667860e-03 1.52e-04 1.05e-01 -11.0 1.95e-03    -  1.00e+00 1.00e+00H  1
1478  3.1628443e-03 3.72e-03 2.12e-02 -11.0 1.96e-03    -  1.00e+00 1.00e+00h  1
1479  3.1629166e-03 2.62e-03 1.30e-02 -11.0 1.98e-03    -  1.00e+00 5.00e-01h  2
iter    objective    inf_pr   inf_du lg(mu)  ||d||  lg(rg) alpha_du alpha_pr  ls
1480  3.1613499e-03 7.06e-04 1.99e-03 -11.0 7.12e-04    -  1.00e+00 1.00e+00h  1
1481  3.1611248e-03 2.10e-04 9.30e-03 -11.0 5.16e-04    -  1.00e+00 1.00e+00h  1
1482  3.1595380e-03 3.27e-03 3.91e-02 -11.0 2.86e-03    -  1.00e+00 1.00e+00h  1
1483  3.1590967e-03 3.37e-03 4.30e-02 -11.0 1.39e-02    -  1.00e+00 6.25e-02h  5
1484  3.1700228e-03 7.64e-06 5.28e-02 -11.0 3.37e-03    -  1.00e+00 1.00e+00H  1
1485  3.1575878e-03 2.07e-03 2.53e-02 -11.0 1.52e-03    -  1.00e+00 1.00e+00h  1
1486  3.1570527e-03 5.18e-04 1.59e-02 -11.0 9.27e-04    -  1.00e+00 1.00e+00h  1
1487  3.1560244e-03 1.06e-04 6.52e-03 -11.0 6.21e-04    -  1.00e+00 1.00e+00h  1
1488  3.1554316e-03 1.45e-04 2.23e-03 -11.0 7.14e-04    -  1.00e+00 1.00e+00h  1
1489  3.1625206e-03 3.36e-05 5.59e-02 -11.0 1.10e-02    -  1.00e+00 1.00e+00H  1
iter    objective    inf_pr   inf_du lg(mu)  ||d||  lg(rg) alpha_du alpha_pr  ls
1490  3.1624475e-03 3.45e-05 5.64e-02 -11.0 1.32e-01    -  1.00e+00 4.88e-04h 12
1491  3.1624001e-03 3.48e-05 5.64e-02 -11.0 6.80e-01    -  1.00e+00 6.10e-05h 15
1492  3.1525872e-03 7.30e-02 1.24e-01 -11.0 2.06e+00    -  1.00e+00 7.81e-03h  8
1493  3.1523502e-03 1.39e-01 1.82e-01 -11.0 1.61e+01    -  1.00e+00 9.77e-04h 11
1494  3.1496493e-03 1.46e-01 2.09e-01 -11.0 2.86e+00    -  1.00e+00 1.95e-03h 10
1495  3.1488898e-03 1.46e-01 2.07e-01 -11.0 1.74e-01    -  1.00e+00 1.56e-02h  7
1496  3.1452624e-03 1.95e-01 1.35e-01 -11.0 4.37e-01    -  1.00e+00 3.12e-02h  6
1497r 3.1452624e-03 1.95e-01 9.99e+02  -0.7 0.00e+00    -  0.00e+00 4.77e-07R 22
1498r 3.1717212e-03 5.07e-02 3.83e+01  -6.7 1.95e+02    -  1.00e+00 9.90e-04f  1
1499r 4.9228364e-03 5.87e-03 5.99e-02  -0.8 4.90e-02    -  1.00e+00 9.75e-01f  1
iter    objective    inf_pr   inf_du lg(mu)  ||d||  lg(rg) alpha_du alpha_pr  ls
1500r 3.2416671e-03 1.01e-02 2.18e-01  -6.5 1.09e-02    -  1.00e+00 9.90e-01f  1
1501r 3.2554708e-03 1.84e-04 2.38e-03  -8.5 1.05e-03    -  1.00e+00 9.90e-01f  1
1502r 3.2535077e-03 3.73e-05 1.84e-05  -9.0 2.64e-04    -  1.00e+00 1.00e+00h  1
1503r 3.2194375e-03 2.94e-04 9.41e-06  -9.0 9.51e-04    -  1.00e+00 1.00e+00h  1
1504r 3.2015308e-03 6.00e-05 7.50e-06  -9.0 6.15e-04    -  1.00e+00 1.00e+00h  1
1505r 3.1742538e-03 9.03e-04 3.07e-06  -9.0 2.34e-03    -  1.00e+00 1.00e+00h  1
1506r 3.1700487e-03 4.48e-05 3.30e-06  -9.0 6.53e-04    -  1.00e+00 1.00e+00h  1
1507r 3.1656404e-03 1.44e-04 1.28e-06  -9.0 7.98e-04    -  1.00e+00 1.00e+00h  1
1508r 3.1587901e-03 8.66e-05 1.19e-08  -9.0 3.01e-04    -  1.00e+00 1.00e+00h  1
1509r 3.1547175e-03 2.68e-05 1.05e-08  -9.0 2.01e-04    -  1.00e+00 1.00e+00h  1
iter    objective    inf_pr   inf_du lg(mu)  ||d||  lg(rg) alpha_du alpha_pr  ls
1510  3.1441492e-03 4.78e-02 2.77e-02 -11.0 1.02e-01    -  1.00e+00 1.25e-01h  4
1511  3.1418558e-03 6.62e-02 2.76e-02 -11.0 1.94e+00    -  1.00e+00 3.91e-03h  9
1512  3.1404651e-03 8.12e-02 2.72e-02 -11.0 2.65e-01    -  1.00e+00 3.12e-02h  6
1513  3.1382701e-03 9.15e-02 2.65e-02 -11.0 2.15e-01    -  1.00e+00 3.12e-02h  6
1514  3.1366087e-03 9.04e-02 2.61e-02 -11.0 9.80e-02    -  1.00e+00 1.56e-02h  7
1515  3.1325059e-03 1.56e-02 2.10e-02 -11.0 7.54e-03    -  1.00e+00 1.00e+00h  1
1516  3.1289475e-03 1.67e-02 4.18e-02 -11.0 2.28e-02    -  1.00e+00 6.25e-02h  5
1517  3.1328056e-03 1.19e-02 4.11e-02 -11.0 6.49e-03    -  1.00e+00 1.00e+00h  1
1518  3.1307369e-03 1.39e-02 6.46e-02 -11.0 6.09e-02    -  1.00e+00 6.25e-02h  5
1519  3.1381446e-03 1.49e-02 4.48e-02 -11.0 1.60e-02    -  1.00e+00 2.50e-01h  3
iter    objective    inf_pr   inf_du lg(mu)  ||d||  lg(rg) alpha_du alpha_pr  ls
1520  3.1373549e-03 1.77e-03 5.15e-02 -11.0 3.08e-03    -  1.00e+00 1.00e+00h  1
1521  3.1441189e-03 1.58e-04 7.85e-02 -11.0 2.95e-03    -  1.00e+00 1.00e+00H  1
1522  3.1210511e-03 1.96e-03 5.95e-03 -11.0 1.73e-03    -  1.00e+00 1.00e+00h  1
1523  3.1211362e-03 1.33e-04 2.17e-02 -11.0 7.19e-04    -  1.00e+00 1.00e+00h  1
1524  3.1196096e-03 4.42e-05 8.03e-03 -11.0 3.26e-04    -  1.00e+00 1.00e+00h  1
1525  3.1190458e-03 1.55e-04 8.90e-03 -11.0 6.77e-04    -  1.00e+00 1.00e+00h  1
1526  3.1331681e-03 4.61e-05 1.07e-01 -11.0 1.37e-02    -  1.00e+00 1.00e+00H  1
1527  3.1327832e-03 5.29e-05 1.08e-01 -11.0 5.89e-02    -  1.00e+00 3.91e-03h  9
1528  3.1314382e-03 7.39e-05 1.04e-01 -11.0 1.46e-02    -  1.00e+00 1.56e-02h  7
1529  3.1111580e-03 1.01e-02 6.03e-02 -11.0 1.92e-02    -  1.00e+00 2.50e-01h  3
iter    objective    inf_pr   inf_du lg(mu)  ||d||  lg(rg) alpha_du alpha_pr  ls
1530  3.1056273e-03 1.10e-02 5.51e-02 -11.0 1.79e-02    -  1.00e+00 1.25e-01h  4
1531  3.1054491e-03 4.13e-02 7.32e-02 -11.0 2.19e-02    -  1.00e+00 5.00e-01h  2
1532  3.1040386e-03 4.19e-02 5.55e-02 -11.0 1.06e-01    -  1.00e+00 1.56e-02h  7
1533  3.1021847e-03 6.41e-02 7.38e-02 -11.0 1.94e-02    -  1.00e+00 5.00e-01h  2
1534  3.0943814e-03 9.00e-02 3.12e-02 -11.0 1.15e-01    -  1.00e+00 6.25e-02h  5
1535  3.0810323e-03 1.98e-01 1.18e-01 -11.0 2.88e-01    -  1.00e+00 6.25e-02h  5
1536  3.0790245e-03 1.99e-01 1.32e-01 -11.0 1.56e+00    -  1.00e+00 1.95e-03h 10
1537  3.8131935e-03 1.42e+00 8.75e-01 -11.0 7.66e-02    -  1.00e+00 1.00e+00w  1
1538  1.3871624e-02 7.95e+00 8.47e-01 -11.0 5.55e-02    -  1.00e+00 1.00e+00w  1
1539  1.4912360e-02 4.94e+00 6.23e+00 -11.0 1.63e-01    -  1.00e+00 1.00e+00w  1
iter    objective    inf_pr   inf_du lg(mu)  ||d||  lg(rg) alpha_du alpha_pr  ls
1540  3.0790395e-03 1.68e-01 6.79e-02 -11.0 4.73e+00    -  1.00e+00 1.25e-01h  3
1541  3.0914960e-03 8.69e-02 3.16e-02 -11.0 5.73e-03    -  1.00e+00 5.00e-01h  2
1542  3.0935549e-03 1.77e-02 4.97e-02 -11.0 8.62e-03    -  1.00e+00 1.00e+00h  1
1543  3.0849794e-03 1.82e-02 5.68e-02 -11.0 4.81e-02    -  1.00e+00 6.25e-02h  5
1544  3.0910284e-03 1.34e-02 1.43e-01 -11.0 7.00e-03    -  1.00e+00 5.00e-01h  2
1545  3.0823496e-03 1.11e-02 9.19e-02 -11.0 6.84e-03    -  1.00e+00 1.00e+00h  1
1546  3.0858195e-03 4.33e-03 5.85e-02 -11.0 5.15e-03    -  1.00e+00 5.00e-01h  2
1547  3.0653778e-03 3.42e-03 3.35e-02 -11.0 3.96e-03    -  1.00e+00 1.00e+00h  1
1548  3.0944379e-03 3.67e-03 1.63e-01 -11.0 2.15e-03    -  1.00e+00 1.00e+00h  1
1549  3.0636182e-03 2.21e-03 1.49e-02 -11.0 2.00e-03    -  1.00e+00 1.00e+00h  1
iter    objective    inf_pr   inf_du lg(mu)  ||d||  lg(rg) alpha_du alpha_pr  ls
1550  3.0624888e-03 8.11e-05 5.49e-03 -11.0 4.38e-04    -  1.00e+00 1.00e+00h  1
1551  3.0611813e-03 6.32e-04 1.39e-02 -11.0 1.77e-03    -  1.00e+00 1.00e+00h  1
1552  3.0599579e-03 2.26e-03 3.95e-02 -11.0 1.08e-01    -  1.00e+00 3.12e-02h  6
1553  3.0595780e-03 3.28e-03 5.38e-02 -11.0 8.91e-02    -  1.00e+00 3.12e-02h  6
1554  3.0588887e-03 3.96e-03 6.70e-02 -11.0 4.49e-02    -  1.00e+00 6.25e-02h  5
1555  3.0577868e-03 7.46e-03 9.61e-02 -11.0 1.25e-01    -  1.00e+00 6.25e-02h  5
1556  3.0575550e-03 8.57e-03 1.33e-01 -11.0 3.61e-01    -  1.00e+00 1.56e-02h  7
1557  3.0548363e-03 2.20e-02 1.31e-01 -11.0 1.90e-01    -  1.00e+00 6.25e-02h  5
1558  3.0524186e-03 5.86e-02 1.25e-01 -11.0 1.09e+00    -  1.00e+00 1.56e-02h  7
1559  3.0487065e-03 1.24e-01 6.28e-02 -11.0 1.41e+00    -  1.00e+00 1.56e-02h  7
iter    objective    inf_pr   inf_du lg(mu)  ||d||  lg(rg) alpha_du alpha_pr  ls
1560  3.0420562e-03 1.86e-01 9.38e-02 -11.0 2.56e+00    -  1.00e+00 7.81e-03h  8
1561  3.0356775e-03 2.37e-01 1.06e-01 -11.0 4.33e+00    -  1.00e+00 3.91e-03h  9
1562  2.9501966e-01 4.28e+02 7.06e+01 -11.0 1.79e+00    -  1.00e+00 1.00e+00w  1
1563  3.8775533e+00 8.25e+03 2.61e+02 -11.0 1.24e+00    -  1.00e+00 1.00e+00w  1
1564  2.8275390e+00 2.16e+02 4.94e+01 -11.0 1.76e+00    -  1.00e+00 1.00e+00w  1
1565  3.0324269e-03 2.47e-01 9.71e-02 -11.0 1.41e+00    -  1.00e+00 3.91e-03h  8
1566  3.0299282e-03 1.72e-03 7.51e-02 -11.0 5.16e-03    -  1.00e+00 1.00e+00h  1
1567  3.0299994e-03 2.83e-03 8.51e-02 -11.0 5.63e-02    -  1.00e+00 3.12e-02h  6
1568  3.0315295e-03 2.50e-04 3.85e-02 -11.0 7.36e-03    -  1.00e+00 1.00e+00H  1
1569  3.0282900e-03 1.46e-03 4.21e-02 -11.0 2.17e-02    -  1.00e+00 6.25e-02h  5
iter    objective    inf_pr   inf_du lg(mu)  ||d||  lg(rg) alpha_du alpha_pr  ls
1570  3.0199816e-03 1.04e-03 4.59e-02 -11.0 3.64e-03    -  1.00e+00 1.00e+00h  1
1571  3.0186163e-03 2.58e-03 3.11e-02 -11.0 2.01e-02    -  1.00e+00 1.25e-01h  4
1572  3.0171621e-03 7.14e-03 2.65e-02 -11.0 6.74e-02    -  1.00e+00 6.25e-02h  5
1573  3.0137782e-03 3.32e-02 9.20e-02 -11.0 1.59e-01    -  1.00e+00 6.25e-02h  5
1574  3.0102571e-03 5.44e-02 1.34e-01 -11.0 5.88e-01    -  1.00e+00 1.56e-02h  7
1575  3.0090078e-03 6.46e-02 1.49e-01 -11.0 4.40e-01    -  1.00e+00 1.56e-02h  7
1576  3.0086861e-03 7.02e-02 1.76e-01 -11.0 1.88e-01    -  1.00e+00 3.12e-02h  6
1577  3.0076942e-03 7.35e-02 1.76e-01 -11.0 8.96e-02    -  1.00e+00 6.25e-02h  5
1578  3.0060862e-03 8.61e-02 1.96e-01 -11.0 1.38e-01    -  1.00e+00 6.25e-02h  5
1579  3.0020983e-03 1.08e-01 2.22e-01 -11.0 3.31e-01    -  1.00e+00 3.12e-02h  6
iter    objective    inf_pr   inf_du lg(mu)  ||d||  lg(rg) alpha_du alpha_pr  ls
1580  2.9971077e-03 1.22e-01 2.52e-01 -11.0 5.13e-01    -  1.00e+00 1.56e-02h  7
1581  1.8430946e-02 1.80e+02 3.66e+01 -11.0 6.33e-01    -  1.00e+00 1.00e+00w  1
1582  9.5577692e+01 2.57e+03 9.80e+02 -11.0 3.05e+00    -  1.00e+00 1.00e+00w  1
1583  5.1933605e+06 5.15e+06 3.63e+03 -11.0 7.57e+02    -  1.00e+00 1.00e+00w  1
1584  2.9885580e-03 2.45e-01 3.09e-01 -11.0 4.28e+04    -  1.00e+00 3.12e-02h  5
1585  2.9902475e-03 3.05e-03 1.30e-01 -11.0 1.68e-03    -  1.00e+00 1.00e+00h  1
1586  2.9837684e-03 9.43e-05 6.99e-02 -11.0 1.01e-03    -  1.00e+00 1.00e+00h  1
1587  2.9794752e-03 1.56e-04 2.63e-02 -11.0 6.61e-04    -  1.00e+00 1.00e+00h  1
1588  2.9750487e-03 6.94e-04 2.38e-02 -11.0 1.08e-03    -  1.00e+00 1.00e+00h  1
1589  2.9744046e-03 3.56e-03 4.06e-02 -11.0 3.10e-03    -  1.00e+00 1.00e+00h  1
iter    objective    inf_pr   inf_du lg(mu)  ||d||  lg(rg) alpha_du alpha_pr  ls
1590  2.9818969e-03 3.00e-05 1.02e-01 -11.0 2.55e-03    -  1.00e+00 1.00e+00H  1
1591  2.9697471e-03 2.60e-03 2.91e-02 -11.0 2.50e-03    -  1.00e+00 1.00e+00h  1
1592  2.9701354e-03 1.14e-03 2.42e-02 -11.0 7.52e-04    -  1.00e+00 1.00e+00h  1
1593  2.9688367e-03 3.27e-04 3.18e-03 -11.0 4.78e-04    -  1.00e+00 1.00e+00h  1
1594  2.9686397e-03 3.82e-05 9.83e-03 -11.0 2.13e-04    -  1.00e+00 1.00e+00h  1
1595  2.9676125e-03 5.67e-04 2.02e-02 -11.0 9.45e-04    -  1.00e+00 1.00e+00h  1
1596  2.9663645e-03 1.88e-02 9.66e-02 -11.0 9.50e-02    -  1.00e+00 6.25e-02h  5
1597  2.9654064e-03 1.95e-02 1.20e-01 -11.0 5.89e-02    -  1.00e+00 3.12e-02h  6
1598  2.9645149e-03 1.71e-02 1.06e-01 -11.0 1.29e-02    -  1.00e+00 2.50e-01h  3
1599  2.9630101e-03 1.69e-02 9.25e-02 -11.0 2.15e-02    -  1.00e+00 1.25e-01h  4
iter    objective    inf_pr   inf_du lg(mu)  ||d||  lg(rg) alpha_du alpha_pr  ls
1600  2.9625981e-03 1.78e-02 1.20e-01 -11.0 2.25e-02    -  1.00e+00 1.25e-01h  4
1601  2.9616397e-03 1.05e-02 5.35e-02 -11.0 2.80e-03    -  1.00e+00 5.00e-01h  2
1602  2.9616077e-03 8.30e-03 1.63e-02 -11.0 2.79e-03    -  1.00e+00 1.00e+00h  1
1603  2.9807583e-03 1.41e-05 4.26e-02 -11.0 1.16e-02    -  1.00e+00 1.00e+00H  1
1604  2.9801786e-03 1.64e-05 4.26e-02 -11.0 1.29e-02    -  1.00e+00 7.81e-03h  8
1605  2.9768349e-03 2.90e-05 9.44e-02 -11.0 4.21e-03    -  1.00e+00 1.00e+00H  1
1606  2.9634858e-03 4.24e-03 1.46e-02 -11.0 3.76e-03    -  1.00e+00 1.00e+00h  1
1607  2.9600388e-03 5.15e-03 3.01e-02 -11.0 3.91e-03    -  1.00e+00 1.00e+00h  1
1608  2.9541666e-03 1.04e-03 2.08e-02 -11.0 1.86e-03    -  1.00e+00 1.00e+00h  1
1609  2.9516540e-03 1.35e-04 1.19e-02 -11.0 7.60e-04    -  1.00e+00 1.00e+00h  1
iter    objective    inf_pr   inf_du lg(mu)  ||d||  lg(rg) alpha_du alpha_pr  ls
1610  2.9512185e-03 3.74e-05 2.09e-03 -11.0 3.14e-04    -  1.00e+00 1.00e+00h  1
1611  2.9508556e-03 9.94e-05 1.00e-02 -11.0 4.45e-04    -  1.00e+00 1.00e+00h  1
1612  2.9539784e-03 9.70e-06 3.07e-02 -11.0 4.48e-03    -  1.00e+00 1.00e+00H  1
1613  2.9536175e-03 1.42e-05 2.90e-02 -11.0 1.62e-02    -  1.00e+00 1.56e-02h  7
1614  2.9502019e-03 2.66e-03 6.46e-02 -11.0 3.48e-02    -  1.00e+00 1.25e-01h  4
1615  2.9481680e-03 3.07e-03 6.79e-02 -11.0 3.45e-02    -  1.00e+00 6.25e-02h  5
1616  2.9459325e-03 2.54e-03 4.93e-02 -11.0 7.56e-03    -  1.00e+00 2.50e-01h  3
1617  2.9450434e-03 7.12e-03 5.30e-02 -11.0 2.36e-02    -  1.00e+00 2.50e-01h  3
1618  2.9456823e-03 6.64e-03 5.74e-02 -11.0 7.24e-03    -  1.00e+00 1.25e-01h  4
1619  2.9422146e-03 3.84e-04 2.12e-02 -11.0 8.24e-04    -  1.00e+00 1.00e+00h  1
iter    objective    inf_pr   inf_du lg(mu)  ||d||  lg(rg) alpha_du alpha_pr  ls
1620  2.9418420e-03 3.05e-04 3.83e-02 -11.0 8.75e-04    -  1.00e+00 1.00e+00h  1
1621  2.9401752e-03 4.10e-04 5.84e-03 -11.0 1.75e-03    -  1.00e+00 1.00e+00h  1
1622  2.9667839e-03 1.20e-06 1.04e-01 -11.0 6.20e-03    -  1.00e+00 1.00e+00H  1
1623  2.9497720e-03 1.61e-04 8.39e-02 -11.0 4.28e-03    -  1.00e+00 1.00e+00H  1
1624  3.0142576e-03 7.36e-06 2.00e-01 -11.0 5.65e-03    -  1.00e+00 1.00e+00H  1
1625  2.9349426e-03 5.07e-03 9.89e-03 -11.0 3.52e-03    -  1.00e+00 1.00e+00h  1
1626  2.9348706e-03 3.13e-04 5.94e-03 -11.0 1.45e-03    -  1.00e+00 1.00e+00h  1
1627  2.9337725e-03 3.66e-02 5.28e-02 -11.0 2.55e-01    -  1.00e+00 6.25e-02h  5
1628  2.9335354e-03 3.70e-02 6.25e-02 -11.0 4.95e-01    -  1.00e+00 3.91e-03h  9
1629  2.9268882e-03 1.01e-02 7.29e-02 -11.0 3.50e-03    -  1.00e+00 1.00e+00h  1
iter    objective    inf_pr   inf_du lg(mu)  ||d||  lg(rg) alpha_du alpha_pr  ls
1630  2.9293015e-03 7.60e-03 4.73e-02 -11.0 8.55e-03    -  1.00e+00 5.00e-01h  2
1631  2.9265395e-03 1.16e-02 4.59e-02 -11.0 5.13e-02    -  1.00e+00 1.25e-01h  4
1632  2.9256808e-03 2.74e-02 3.38e-02 -11.0 2.93e+00    -  1.00e+00 3.91e-03h  9
1633  2.9235245e-03 2.93e-02 5.46e-02 -11.0 2.65e-01    -  1.00e+00 7.81e-03h  8
1634  2.9213244e-03 2.74e-02 4.41e-02 -11.0 1.52e-02    -  1.00e+00 2.50e-01h  3
1635  2.9201957e-03 2.88e-02 3.63e-02 -11.0 6.87e-02    -  1.00e+00 6.25e-02h  5
1636  2.9188883e-03 4.89e-02 6.09e-02 -11.0 8.67e-01    -  1.00e+00 1.56e-02h  7
1637  2.9167550e-03 7.75e-02 8.69e-02 -11.0 1.95e+00    -  1.00e+00 7.81e-03h  8
1638  2.9117829e-03 9.64e-02 1.29e-01 -11.0 8.53e-01    -  1.00e+00 1.56e-02h  7
1639  2.8965366e-03 1.16e-03 7.93e-02 -11.0 2.14e-03    -  1.00e+00 1.00e+00h  1
iter    objective    inf_pr   inf_du lg(mu)  ||d||  lg(rg) alpha_du alpha_pr  ls
1640  2.9388347e-03 5.53e-04 1.15e-01 -11.0 4.18e-03    -  1.00e+00 1.00e+00h  1
1641  2.9191545e-03 3.72e-04 1.38e-01 -11.0 8.48e-04    -  1.00e+00 1.00e+00h  1
1642  2.9157308e-03 8.46e-05 7.43e-03 -11.0 7.84e-04    -  1.00e+00 1.00e+00h  1
1643  2.9148997e-03 4.69e-05 5.98e-03 -11.0 2.89e-04    -  1.00e+00 1.00e+00h  1
1644  2.9136611e-03 6.75e-04 1.77e-02 -11.0 1.52e-03    -  1.00e+00 1.00e+00h  1
1645  2.9168643e-03 2.03e-05 2.56e-02 -11.0 1.28e-03    -  1.00e+00 1.00e+00H  1
1646  2.9120943e-03 3.06e-04 1.03e-02 -11.0 1.11e-03    -  1.00e+00 1.00e+00h  1
1647  2.9112884e-03 2.54e-04 9.96e-03 -11.0 4.33e-04    -  1.00e+00 1.00e+00h  1
1648  2.9108555e-03 2.52e-05 4.36e-03 -11.0 2.38e-04    -  1.00e+00 1.00e+00h  1
1649  2.9122787e-03 2.48e-05 2.24e-02 -11.0 2.99e-03    -  1.00e+00 1.00e+00H  1
iter    objective    inf_pr   inf_du lg(mu)  ||d||  lg(rg) alpha_du alpha_pr  ls
1650  2.9239511e-03 5.30e-06 1.01e-01 -11.0 5.13e-03    -  1.00e+00 1.00e+00H  1
1651  2.9253408e-03 2.32e-06 1.21e-01 -11.0 2.41e-03    -  1.00e+00 1.00e+00H  1
1652  2.9073778e-03 1.66e-04 4.33e-02 -11.0 2.60e-03    -  1.00e+00 1.00e+00H  1
1653  2.9079305e-03 1.23e-06 1.28e-02 -11.0 5.51e-04    -  1.00e+00 1.00e+00H  1
1654  2.9068982e-03 2.44e-05 1.80e-03 -11.0 3.79e-04    -  1.00e+00 1.00e+00h  1
1655  2.9067497e-03 2.09e-06 1.02e-03 -11.0 2.28e-04    -  1.00e+00 1.00e+00h  1
1656  2.9109881e-03 1.47e-06 3.37e-02 -11.0 6.34e-03    -  1.00e+00 1.00e+00H  1
1657  2.9109287e-03 1.54e-06 3.36e-02 -11.0 3.07e-02    -  1.00e+00 1.95e-03h 10
1658  2.9108695e-03 1.65e-06 3.36e-02 -11.0 4.37e-01    -  1.00e+00 1.22e-04h 14
1659  2.9108508e-03 1.66e-06 3.36e-02 -11.0 5.83e-02    -  1.00e+00 2.44e-04h 13
iter    objective    inf_pr   inf_du lg(mu)  ||d||  lg(rg) alpha_du alpha_pr  ls
1660  2.9108306e-03 1.67e-06 3.35e-02 -11.0 2.55e-01    -  1.00e+00 6.10e-05h 15
1661  2.9108150e-03 1.68e-06 3.35e-02 -11.0 2.22e-01    -  1.00e+00 6.10e-05h 15
1662  2.8995494e-03 1.86e-01 1.35e-01 -11.0 3.05e+00    -  1.00e+00 1.56e-02h  7
1663  2.8979357e-03 1.99e-01 1.58e-01 -11.0 7.01e+00    -  1.00e+00 1.95e-03h 10
1664  2.8971737e-03 1.96e-01 1.55e-01 -11.0 7.81e-01    -  1.00e+00 3.91e-03h  9
1665  2.9027230e-03 1.42e-01 1.79e-01 -11.0 5.07e-02    -  1.00e+00 2.50e-01h  3
1666  2.9032300e-03 1.25e-01 2.01e-01 -11.0 2.26e-02    -  1.00e+00 1.25e-01h  4
1667  2.8879821e-03 2.71e-02 1.58e-01 -11.0 1.92e-02    -  1.00e+00 1.00e+00h  1
1668  2.8860851e-03 2.29e-02 2.28e-01 -11.0 7.57e-01    -  1.00e+00 1.56e-02h  7
1669  2.8827799e-03 2.22e-02 2.23e-01 -11.0 5.62e-02    -  1.00e+00 3.12e-02h  6
iter    objective    inf_pr   inf_du lg(mu)  ||d||  lg(rg) alpha_du alpha_pr  ls
1670  2.8886770e-03 1.33e-02 3.58e-02 -11.0 1.72e-02    -  1.00e+00 1.00e+00h  1
1671  2.8942855e-03 1.16e-02 6.23e-02 -11.0 2.09e-01    -  1.00e+00 6.25e-02h  5
1672  2.8965562e-03 8.12e-03 6.22e-02 -11.0 5.44e-02    -  1.00e+00 1.25e-01h  4
1673  2.8909232e-03 8.22e-03 5.09e-02 -11.0 2.51e-02    -  1.00e+00 1.25e-01h  4
1674  2.8782089e-03 1.33e-02 2.31e-02 -11.0 4.62e-02    -  1.00e+00 6.25e-02h  5
1675  2.8739436e-03 1.24e-02 6.24e-02 -11.0 1.20e-02    -  1.00e+00 1.25e-01h  4
1676  2.8707471e-03 2.89e-03 4.75e-02 -11.0 1.13e-02    -  1.00e+00 1.00e+00h  1
1677  2.8695596e-03 3.28e-03 5.25e-02 -11.0 9.46e-02    -  1.00e+00 6.25e-02h  5
1678  2.8668070e-03 3.94e-03 6.06e-02 -11.0 1.45e-01    -  1.00e+00 3.12e-02h  6
1679  2.8637889e-03 4.88e-03 8.01e-02 -11.0 1.24e-01    -  1.00e+00 6.25e-02h  5
iter    objective    inf_pr   inf_du lg(mu)  ||d||  lg(rg) alpha_du alpha_pr  ls
1680  2.8599706e-03 4.16e-03 9.54e-02 -11.0 1.60e-01    -  1.00e+00 3.12e-02h  6
1681  2.8575224e-03 1.38e-02 7.25e-02 -11.0 2.89e-01    -  1.00e+00 6.25e-02h  5
1682  2.8526707e-03 1.68e-02 9.68e-02 -11.0 1.87e+00    -  1.00e+00 7.81e-03h  8
1683  2.8501841e-03 1.79e-02 1.01e-01 -11.0 7.15e-01    -  1.00e+00 7.81e-03h  8
1684  2.8497158e-03 2.69e-02 1.05e-01 -11.0 4.73e-02    -  1.00e+00 1.25e-01h  4
1685  2.8522348e-03 2.04e-02 1.03e-01 -11.0 3.68e-02    -  1.00e+00 2.50e-01h  3
1686  2.8431166e-03 1.91e-02 1.02e-01 -11.0 1.66e-01    -  1.00e+00 6.25e-02h  5
1687  1.1606204e-02 4.46e-01 1.26e+00 -11.0 8.14e-02    -  1.00e+00 1.00e+00w  1
1688  4.5299243e-03 3.71e-01 4.99e-01 -11.0 4.23e-02    -  1.00e+00 1.00e+00w  1
1689  6.9950511e-03 3.32e-01 6.76e-01 -11.0 3.09e-02    -  1.00e+00 1.00e+00w  1
iter    objective    inf_pr   inf_du lg(mu)  ||d||  lg(rg) alpha_du alpha_pr  ls
1690  2.8528493e-03 1.87e-02 8.84e-02 -11.0 2.48e-02    -  1.00e+00 6.25e-02h  4
1691  2.8507477e-03 1.64e-02 7.81e-02 -11.0 1.41e-02    -  1.00e+00 2.50e-01h  3
1692  2.8501620e-03 5.83e-03 7.04e-02 -11.0 3.97e-03    -  1.00e+00 1.00e+00h  1
1693  2.8243815e-03 1.32e-03 7.40e-02 -11.0 1.84e-03    -  1.00e+00 1.00e+00h  1
1694  2.8227775e-03 5.21e-05 3.18e-03 -11.0 3.14e-04    -  1.00e+00 1.00e+00h  1
1695  2.8212330e-03 8.08e-05 5.37e-03 -11.0 6.91e-04    -  1.00e+00 1.00e+00h  1
1696  2.8369053e-03 2.09e-05 3.32e-02 -11.0 1.20e-02    -  1.00e+00 1.00e+00H  1
1697  2.8355669e-03 3.27e-05 3.38e-02 -11.0 2.17e-02    -  1.00e+00 1.56e-02h  7
1698  2.8209510e-03 1.48e-02 1.20e-01 -11.0 4.06e-03    -  1.00e+00 1.00e+00h  1
1699  2.8120472e-03 3.64e-03 5.42e-02 -11.0 4.00e-03    -  1.00e+00 1.00e+00h  1
iter    objective    inf_pr   inf_du lg(mu)  ||d||  lg(rg) alpha_du alpha_pr  ls
1700  2.7885897e-03 3.95e-03 1.61e-02 -11.0 7.94e-03    -  1.00e+00 1.00e+00h  1
1701  2.7940258e-03 4.03e-03 5.40e-02 -11.0 9.36e-03    -  1.00e+00 2.50e-01h  3
1702  2.7960464e-03 2.22e-03 2.82e-02 -11.0 2.74e-03    -  1.00e+00 1.00e+00h  1
1703  2.7818575e-03 7.67e-04 1.94e-02 -11.0 2.59e-03    -  1.00e+00 1.00e+00h  1
1704  2.7807063e-03 2.36e-03 3.27e-02 -11.0 4.88e-03    -  1.00e+00 1.00e+00h  1
1705  2.7803065e-03 6.90e-03 3.59e-02 -11.0 2.89e-02    -  1.00e+00 2.50e-01h  3
1706  2.7787883e-03 8.11e-03 4.56e-02 -11.0 6.52e-02    -  1.00e+00 6.25e-02h  5
1707  2.7777696e-03 8.56e-03 4.55e-02 -11.0 1.54e-02    -  1.00e+00 1.25e-01h  4
1708  2.7766984e-03 1.01e-02 4.44e-02 -11.0 4.06e-03    -  1.00e+00 1.00e+00h  1
1709  2.7777302e-03 2.80e-03 5.65e-02 -11.0 3.12e-03    -  1.00e+00 1.00e+00h  1
iter    objective    inf_pr   inf_du lg(mu)  ||d||  lg(rg) alpha_du alpha_pr  ls
1710  2.7642597e-03 6.22e-03 6.84e-02 -11.0 8.64e-03    -  1.00e+00 1.00e+00h  1
1711  2.7611632e-03 1.44e-02 5.45e-02 -11.0 5.89e-02    -  1.00e+00 1.25e-01h  4
1712  2.7614923e-03 1.28e-02 4.40e-02 -11.0 1.40e-02    -  1.00e+00 1.25e-01h  4
1713  2.7521098e-03 1.30e-03 3.81e-02 -11.0 2.81e-03    -  1.00e+00 1.00e+00h  1
1714  2.7594078e-03 9.52e-04 4.74e-02 -11.0 1.24e-03    -  1.00e+00 1.00e+00h  1
1715  2.7543369e-03 5.25e-04 2.64e-02 -11.0 1.96e-03    -  1.00e+00 1.00e+00h  1
1716  2.7561978e-03 3.97e-06 1.76e-02 -11.0 1.55e-03    -  1.00e+00 1.00e+00H  1
1717  2.7518076e-03 1.36e-03 1.32e-02 -11.0 3.30e-03    -  1.00e+00 1.00e+00h  1
1718  2.8592007e-03 8.73e-06 6.35e-02 -11.0 5.06e-03    -  1.00e+00 1.00e+00H  1
1719  2.7484574e-03 5.06e-03 1.26e-02 -11.0 4.25e-03    -  1.00e+00 1.00e+00h  1
iter    objective    inf_pr   inf_du lg(mu)  ||d||  lg(rg) alpha_du alpha_pr  ls
1720  2.7464576e-03 6.45e-04 1.55e-02 -11.0 2.12e-03    -  1.00e+00 1.00e+00h  1
1721  2.7431731e-03 1.04e-01 5.94e-02 -11.0 2.20e-01    -  1.00e+00 1.25e-01h  4
1722  2.7136899e-03 1.04e-01 1.15e-01 -11.0 2.81e-01    -  1.00e+00 1.56e-02h  7
1723  2.7145761e-03 5.35e-02 7.39e-02 -11.0 5.65e-03    -  1.00e+00 5.00e-01h  2
1724  2.7297829e-03 2.97e-02 1.92e-02 -11.0 7.70e-03    -  1.00e+00 5.00e-01h  2
1725  2.7440337e-03 1.70e-02 3.28e-02 -11.0 2.86e-03    -  1.00e+00 5.00e-01h  2
1726  2.7391075e-03 1.99e-03 1.72e-02 -11.0 3.09e-03    -  1.00e+00 1.00e+00h  1
1727  2.7351195e-03 4.38e-03 3.69e-02 -11.0 1.11e-02    -  1.00e+00 2.50e-01h  3
1728  2.7331971e-03 1.93e-02 4.48e-02 -11.0 3.57e-02    -  1.00e+00 2.50e-01h  3
1729  2.7341583e-03 1.82e-02 7.58e-02 -11.0 3.71e-02    -  1.00e+00 1.25e-01h  4
iter    objective    inf_pr   inf_du lg(mu)  ||d||  lg(rg) alpha_du alpha_pr  ls
1730  2.7312649e-03 1.62e-02 2.78e-02 -11.0 1.96e-02    -  1.00e+00 2.50e-01h  3
1731  2.7250860e-03 1.89e-02 1.63e-02 -11.0 2.98e-02    -  1.00e+00 1.25e-01h  4
1732  2.7298459e-03 1.37e-02 5.41e-02 -11.0 8.21e-03    -  1.00e+00 5.00e-01h  2
1733  2.7340019e-03 3.11e-04 4.07e-02 -11.0 1.23e-02    -  1.00e+00 1.00e+00H  1
1734  2.7276283e-03 8.57e-04 2.80e-02 -11.0 1.38e-02    -  1.00e+00 1.25e-01h  4
1735  2.7436143e-03 3.05e-05 2.64e-01 -11.0 7.26e-03    -  1.00e+00 1.00e+00H  1
1736  2.7146175e-03 8.49e-03 5.30e-02 -11.0 6.77e-03    -  1.00e+00 1.00e+00h  1
1737  2.7089245e-03 6.95e-03 1.20e-01 -11.0 6.53e-03    -  1.00e+00 2.50e-01h  3
1738  2.7087709e-03 2.02e-03 5.84e-02 -11.0 4.84e-03    -  1.00e+00 1.00e+00h  1
1739  2.7083232e-03 1.96e-03 8.57e-02 -11.0 2.71e-02    -  1.00e+00 2.50e-01h  3
iter    objective    inf_pr   inf_du lg(mu)  ||d||  lg(rg) alpha_du alpha_pr  ls
1740  2.7052058e-03 1.92e-03 9.70e-02 -11.0 2.85e-02    -  1.00e+00 2.50e-01h  3
1741  2.6965207e-03 2.41e-03 1.12e-01 -11.0 2.23e-02    -  1.00e+00 2.50e-01h  3
1742  2.6913852e-03 5.71e-03 6.09e-02 -11.0 1.91e-02    -  1.00e+00 5.00e-01h  2
1743  2.6827273e-03 1.41e-02 1.36e-01 -11.0 1.88e-01    -  1.00e+00 6.25e-02h  5
1744  2.6814952e-03 1.86e-02 1.01e-01 -11.0 1.44e-01    -  1.00e+00 6.25e-02h  5
1745  2.6773660e-03 1.67e-02 1.35e-01 -11.0 3.26e-02    -  1.00e+00 1.25e-01h  4
1746  2.6665750e-03 3.77e-02 5.65e-02 -11.0 1.06e-01    -  1.00e+00 2.50e-01h  3
1747  2.6602046e-03 3.95e-02 7.42e-02 -11.0 5.24e-01    -  1.00e+00 1.56e-02h  7
1748  2.6496070e-03 5.43e-02 6.18e-02 -11.0 3.18e-01    -  1.00e+00 6.25e-02h  5
1749  8.1681594e-02 1.17e+01 2.18e+00 -11.0 2.54e-01    -  1.00e+00 1.00e+00w  1
iter    objective    inf_pr   inf_du lg(mu)  ||d||  lg(rg) alpha_du alpha_pr  ls
1750  1.7064076e+03 7.38e+04 1.71e+04 -11.0 2.04e+01    -  1.00e+00 1.00e+00w  1
1751  8.6876977e+01 3.44e+03 2.66e+03 -11.0 1.73e+01    -  1.00e+00 1.00e+00w  1
1752  2.6505299e-03 5.43e-02 1.05e-01 -11.0 1.66e+00    -  1.00e+00 1.56e-02h  6
1753  2.6569330e-03 2.59e-04 3.96e-02 -11.0 8.32e-04    -  1.00e+00 1.00e+00h  1
1754  2.6480062e-03 1.70e-05 1.25e-02 -11.0 3.67e-04    -  1.00e+00 1.00e+00h  1
1755  2.6388498e-03 3.29e-04 5.76e-02 -11.0 1.26e-03    -  1.00e+00 1.00e+00h  1
1756  2.6367039e-03 1.48e-04 1.02e-02 -11.0 5.66e-04    -  1.00e+00 1.00e+00h  1
1757  2.6350475e-03 7.05e-05 1.11e-02 -11.0 9.07e-04    -  1.00e+00 1.00e+00h  1
1758  2.6339581e-03 2.21e-03 3.58e-02 -11.0 4.70e-03    -  1.00e+00 1.00e+00h  1
1759  2.7020537e-03 1.41e-05 1.69e-01 -11.0 1.52e-02    -  1.00e+00 1.00e+00H  1
iter    objective    inf_pr   inf_du lg(mu)  ||d||  lg(rg) alpha_du alpha_pr  ls
1760  2.6517969e-03 2.91e-05 5.86e-02 -11.0 5.16e-03    -  1.00e+00 1.00e+00H  1
1761  2.6313800e-03 7.08e-03 4.47e-02 -11.0 8.17e-03    -  1.00e+00 1.00e+00h  1
1762  2.6294813e-03 5.27e-03 5.69e-02 -11.0 5.21e-03    -  1.00e+00 2.50e-01h  3
1763  2.6269571e-03 5.14e-04 3.91e-02 -11.0 2.31e-03    -  1.00e+00 1.00e+00h  1
1764  2.6281897e-03 3.60e-04 3.10e-02 -11.0 2.15e-03    -  1.00e+00 1.00e+00h  1
1765  2.6223900e-03 2.59e-04 1.03e-02 -11.0 8.42e-04    -  1.00e+00 1.00e+00h  1
1766  2.6221093e-03 1.63e-05 5.25e-03 -11.0 2.72e-04    -  1.00e+00 1.00e+00h  1
1767  2.6207298e-03 3.02e-04 7.24e-03 -11.0 1.69e-03    -  1.00e+00 1.00e+00h  1
1768  2.6201595e-03 1.54e-03 1.57e-02 -11.0 3.01e-02    -  1.00e+00 1.25e-01h  4
1769  2.6199427e-03 1.72e-03 1.87e-02 -11.0 1.64e-02    -  1.00e+00 1.25e-01h  4
iter    objective    inf_pr   inf_du lg(mu)  ||d||  lg(rg) alpha_du alpha_pr  ls
1770  2.6361199e-03 2.84e-06 1.62e-02 -11.0 9.81e-03    -  1.00e+00 1.00e+00H  1
1771  2.6346141e-03 5.17e-06 1.40e-02 -11.0 5.34e-03    -  1.00e+00 3.12e-02h  6
1772  2.6196734e-03 4.63e-03 7.95e-02 -11.0 1.44e-02    -  1.00e+00 5.00e-01h  2
1773  2.6193233e-03 4.87e-03 6.28e-02 -11.0 4.54e-02    -  1.00e+00 6.25e-02h  5
1774  2.6188170e-03 4.43e-03 7.21e-02 -11.0 1.21e-02    -  1.00e+00 2.50e-01h  3
1775  2.6199270e-03 3.98e-03 3.85e-02 -11.0 1.15e-02    -  1.00e+00 1.25e-01h  4
1776  2.6175976e-03 2.48e-03 1.18e-02 -11.0 5.41e-03    -  1.00e+00 5.00e-01h  2
1777  2.6151702e-03 2.74e-03 2.13e-02 -11.0 2.17e-02    -  1.00e+00 1.25e-01h  4
1778  2.6175883e-03 2.29e-03 3.40e-02 -11.0 1.52e-02    -  1.00e+00 2.50e-01h  3
1779  2.6135738e-03 1.95e-03 1.60e-02 -11.0 6.31e-03    -  1.00e+00 1.00e+00h  1
iter    objective    inf_pr   inf_du lg(mu)  ||d||  lg(rg) alpha_du alpha_pr  ls
1780  2.6102472e-03 5.00e-03 2.58e-02 -11.0 5.61e-02    -  1.00e+00 1.25e-01h  4
1781  2.6076557e-03 4.94e-03 4.66e-02 -11.0 2.06e-02    -  1.00e+00 1.25e-01h  4
1782  2.6041733e-03 1.53e-02 5.15e-02 -11.0 4.58e-02    -  1.00e+00 2.50e-01h  3
1783  2.6029228e-03 2.29e-02 5.25e-02 -11.0 3.43e-01    -  1.00e+00 3.12e-02h  6
1784  2.5995802e-03 2.52e-02 6.43e-02 -11.0 2.15e-01    -  1.00e+00 3.12e-02h  6
1785  2.5970353e-03 2.13e-02 6.31e-02 -11.0 5.24e-02    -  1.00e+00 1.25e-01h  4
1786  2.5898591e-03 3.26e-02 8.48e-02 -11.0 1.45e-01    -  1.00e+00 1.25e-01h  4
1787  2.5910312e-03 2.75e-02 6.39e-02 -11.0 4.83e-01    -  1.00e+00 6.25e-02h  5
1788  2.5843081e-03 2.95e-02 6.55e-02 -11.0 2.84e-01    -  1.00e+00 3.12e-02h  6
1789  2.5788902e-03 3.06e-02 8.61e-02 -11.0 1.71e+00    -  1.00e+00 7.81e-03h  8
iter    objective    inf_pr   inf_du lg(mu)  ||d||  lg(rg) alpha_du alpha_pr  ls
1790  1.4839633e-01 1.24e+02 2.17e+01 -11.0 1.50e+00    -  1.00e+00 1.00e+00w  1
1791  1.2145771e+00 1.07e+02 2.33e+01 -11.0 7.76e-01    -  1.00e+00 1.00e+00w  1
1792  3.6489030e-01 4.05e+01 7.88e+01 -11.0 8.16e-01    -  1.00e+00 1.00e+00w  1
1793  2.5742247e-03 3.13e-02 1.01e-01 -11.0 9.63e-01    -  1.00e+00 7.81e-03h  7
1794  2.5632763e-03 2.90e-02 8.13e-02 -11.0 4.62e-02    -  1.00e+00 1.25e-01h  4
1795  2.5557503e-03 2.83e-02 6.78e-02 -11.0 6.89e-02    -  1.00e+00 6.25e-02h  5
1796  2.5711272e-03 4.18e-02 5.03e-02 -11.0 5.07e-02    -  1.00e+00 2.50e-01h  3
1797  2.5606947e-03 4.13e-02 5.18e-02 -11.0 6.14e-02    -  1.00e+00 6.25e-02h  5
1798  2.5687191e-03 3.55e-02 5.11e-02 -11.0 1.29e-02    -  1.00e+00 2.50e-01h  3
1799  2.5424646e-03 1.61e-02 2.46e-02 -11.0 1.56e-02    -  1.00e+00 1.00e+00h  1
iter    objective    inf_pr   inf_du lg(mu)  ||d||  lg(rg) alpha_du alpha_pr  ls
1800  2.5368447e-03 2.07e-02 4.52e-02 -11.0 9.89e-02    -  1.00e+00 6.25e-02h  5
1801  2.5962889e-03 9.71e-03 6.07e-02 -11.0 1.08e-02    -  1.00e+00 5.00e-01h  2
1802  2.5337088e-03 3.44e-03 2.34e-02 -11.0 5.38e-03    -  1.00e+00 1.00e+00h  1
1803  2.5569104e-03 1.46e-03 4.83e-02 -11.0 2.09e-03    -  1.00e+00 1.00e+00h  1
1804  2.5293323e-03 1.27e-03 4.65e-03 -11.0 2.35e-03    -  1.00e+00 1.00e+00h  1
1805  2.5265559e-03 5.75e-04 1.97e-02 -11.0 2.56e-03    -  1.00e+00 1.00e+00h  1
1806  2.5537161e-03 1.03e-04 1.14e-01 -11.0 3.59e-02    -  1.00e+00 1.00e+00H  1
1807  2.5509714e-03 3.61e-04 1.13e-01 -11.0 4.43e-01    -  1.00e+00 3.91e-03h  9
1808  2.5137051e-03 3.94e-01 2.03e-01 -11.0 2.54e-01    -  1.00e+00 2.50e-01h  3
1809  2.5094667e-03 4.00e-01 2.12e-01 -11.0 9.43e+00    -  1.00e+00 9.77e-04h 11
iter    objective    inf_pr   inf_du lg(mu)  ||d||  lg(rg) alpha_du alpha_pr  ls
1810  2.5136424e-03 3.50e-01 1.86e-01 -11.0 3.45e-02    -  1.00e+00 1.25e-01h  4
1811  2.4757338e-03 1.78e-01 8.32e-02 -11.0 8.74e-03    -  1.00e+00 5.00e-01h  2
1812  2.4713970e-03 9.10e-02 1.05e-01 -11.0 7.52e-03    -  1.00e+00 5.00e-01h  2
1813  2.4568517e-03 2.03e-01 1.44e-01 -11.0 3.19e-01    -  1.00e+00 1.25e-01h  4
1814  2.4460799e-03 2.04e-01 7.83e-02 -11.0 1.92e+00    -  1.00e+00 1.95e-03h 10
1815  2.4536640e-03 4.79e-02 4.38e-02 -11.0 2.69e-02    -  1.00e+00 1.00e+00h  1
1816  2.4410176e-03 1.00e-01 7.94e-02 -11.0 9.70e-01    -  1.00e+00 3.12e-02h  6
1817  2.4361883e-03 1.06e-01 1.05e-01 -11.0 1.59e+00    -  1.00e+00 7.81e-03h  8
1818  2.4326850e-03 1.14e-01 1.69e-01 -11.0 6.06e-01    -  1.00e+00 3.12e-02h  6
1819  2.4192070e-03 1.86e-01 1.88e-01 -11.0 1.43e+00    -  1.00e+00 3.12e-02h  6
iter    objective    inf_pr   inf_du lg(mu)  ||d||  lg(rg) alpha_du alpha_pr  ls
1820  2.4004024e-03 2.16e-01 2.47e-01 -11.0 8.68e+00    -  1.00e+00 3.91e-03h  9
1821  2.3915434e-03 2.23e-01 2.69e-01 -11.0 2.30e+00    -  1.00e+00 7.81e-03h  8
1822  2.3902711e-03 2.31e-01 2.52e-01 -11.0 1.10e+00    -  1.00e+00 1.56e-02h  7
1823  2.4027860e-03 1.78e-01 1.92e-01 -11.0 3.73e-02    -  1.00e+00 2.50e-01h  3
1824  2.4057458e-03 1.04e-01 6.27e-02 -11.0 3.46e-02    -  1.00e+00 5.00e-01h  2
1825  2.3885332e-03 9.20e-02 3.86e-02 -11.0 7.85e-02    -  1.00e+00 2.50e-01h  3
1826  1.4093471e-02 2.99e+00 5.36e-01 -11.0 8.00e-02    -  1.00e+00 1.00e+00w  1
1827  1.4135522e-02 1.19e+00 9.91e-01 -11.0 9.11e-02    -  1.00e+00 1.00e+00w  1
1828  2.6013339e-02 3.08e+01 4.65e+01 -11.0 1.46e-01    -  1.00e+00 1.00e+00w  1
1829  2.3791249e-03 9.36e-02 7.20e-02 -11.0 1.17e-01    -  1.00e+00 6.25e-02h  4
iter    objective    inf_pr   inf_du lg(mu)  ||d||  lg(rg) alpha_du alpha_pr  ls
1830  2.3547666e-03 1.42e-02 1.43e-01 -11.0 1.76e-02    -  1.00e+00 1.00e+00h  1
1831  2.3521493e-03 1.51e-02 1.41e-01 -11.0 3.87e-02    -  1.00e+00 3.12e-02h  6
1832  2.3498513e-03 6.58e-04 2.12e-02 -11.0 4.21e-03    -  1.00e+00 1.00e+00h  1
1833  2.5949773e-03 4.79e-04 7.40e-02 -11.0 1.27e-02    -  1.00e+00 1.00e+00H  1
1834  2.3643100e-03 1.21e-03 3.13e-02 -11.0 1.11e-02    -  1.00e+00 1.00e+00H  1
1835  2.4000139e-03 8.45e-05 5.10e-02 -11.0 1.59e-02    -  1.00e+00 1.00e+00H  1
1836  2.3915256e-03 9.99e-05 4.46e-02 -11.0 5.52e-03    -  1.00e+00 6.25e-02h  5
1837  2.3546223e-03 1.54e-04 2.99e-02 -11.0 5.63e-03    -  1.00e+00 1.00e+00H  1
1838  2.3610656e-03 2.41e-04 5.02e-02 -11.0 7.73e-03    -  1.00e+00 1.00e+00H  1
1839  2.3775639e-03 1.62e-04 1.17e-01 -11.0 3.56e-03    -  1.00e+00 1.00e+00H  1
iter    objective    inf_pr   inf_du lg(mu)  ||d||  lg(rg) alpha_du alpha_pr  ls
1840  2.3400527e-03 7.06e-03 3.55e-02 -11.0 3.07e-03    -  1.00e+00 1.00e+00h  1
1841  2.3404462e-03 2.32e-04 5.69e-03 -11.0 6.91e-04    -  1.00e+00 1.00e+00h  1
1842  2.3397737e-03 1.51e-05 2.14e-03 -11.0 3.41e-04    -  1.00e+00 1.00e+00h  1
1843  2.3390318e-03 9.63e-05 4.01e-03 -11.0 1.02e-03    -  1.00e+00 1.00e+00h  1
1844  2.3966082e-03 5.86e-06 5.72e-02 -11.0 1.86e-02    -  1.00e+00 1.00e+00H  1
1845  2.3960231e-03 6.72e-06 5.68e-02 -11.0 3.39e-02    -  1.00e+00 3.91e-03h  9
1846  2.3931676e-03 9.04e-06 5.62e-02 -11.0 1.98e-02    -  1.00e+00 7.81e-03h  8
1847  2.3358893e-03 6.13e-03 1.82e-02 -11.0 6.59e-03    -  1.00e+00 1.00e+00h  1
1848  2.3352505e-03 4.66e-03 2.53e-02 -11.0 4.22e-03    -  1.00e+00 2.50e-01h  3
1849  2.3322353e-03 1.82e-04 7.05e-03 -11.0 1.10e-03    -  1.00e+00 1.00e+00h  1
iter    objective    inf_pr   inf_du lg(mu)  ||d||  lg(rg) alpha_du alpha_pr  ls
1850  2.3320192e-03 1.41e-04 7.82e-03 -11.0 7.71e-04    -  1.00e+00 1.00e+00h  1
1851  2.3323417e-03 3.28e-05 2.19e-02 -11.0 3.88e-03    -  1.00e+00 1.00e+00H  1
1852  2.3293800e-03 6.59e-03 2.88e-02 -11.0 2.16e-02    -  1.00e+00 2.50e-01h  3
1853  2.3276095e-03 8.91e-03 3.65e-02 -11.0 6.33e-02    -  1.00e+00 6.25e-02h  5
1854  2.3255546e-03 1.21e-02 3.99e-02 -11.0 4.01e-02    -  1.00e+00 1.25e-01h  4
1855  2.3231087e-03 2.07e-02 5.09e-02 -11.0 1.16e-01    -  1.00e+00 6.25e-02h  5
1856  2.3221090e-03 2.14e-02 5.51e-02 -11.0 9.77e-02    -  1.00e+00 3.12e-02h  6
1857  2.3218080e-03 3.78e-02 7.26e-02 -11.0 7.85e-02    -  1.00e+00 1.25e-01h  4
1858  2.3206951e-03 1.13e-01 1.10e-01 -11.0 3.48e-01    -  1.00e+00 6.25e-02h  5
1859  2.3181870e-03 1.17e-01 1.14e-01 -11.0 8.73e-01    -  1.00e+00 7.81e-03h  8
iter    objective    inf_pr   inf_du lg(mu)  ||d||  lg(rg) alpha_du alpha_pr  ls
1860  2.3144989e-03 1.32e-01 1.17e-01 -11.0 4.49e-01    -  1.00e+00 3.12e-02h  6
1861  2.3130552e-03 1.34e-01 1.08e-01 -11.0 5.80e-01    -  1.00e+00 1.56e-02h  7
1862  5.5965598e-03 3.65e+00 1.13e+00 -11.0 1.00e-01    -  1.00e+00 1.00e+00w  1
1863  4.2861931e-03 1.90e+00 5.10e-01 -11.0 3.62e-02    -  1.00e+00 1.00e+00w  1
1864  5.8979797e-03 1.60e+00 9.97e-01 -11.0 1.38e-01    -  1.00e+00 1.00e+00w  1
1865  2.3117777e-03 1.26e-01 8.56e-02 -11.0 1.60e-01    -  1.00e+00 6.25e-02h  4
1866  2.3080891e-03 1.11e-01 7.32e-02 -11.0 1.70e-02    -  1.00e+00 1.25e-01h  4
1867  2.3126746e-03 5.37e-03 3.32e-02 -11.0 3.06e-03    -  1.00e+00 1.00e+00h  1
1868  2.3277732e-03 3.26e-04 6.78e-02 -11.0 4.38e-03    -  1.00e+00 1.00e+00H  1
1869  2.3097808e-03 4.02e-03 5.94e-02 -11.0 4.49e-03    -  1.00e+00 1.00e+00h  1
iter    objective    inf_pr   inf_du lg(mu)  ||d||  lg(rg) alpha_du alpha_pr  ls
1870  2.2937411e-03 2.94e-03 2.26e-02 -11.0 2.23e-03    -  1.00e+00 1.00e+00h  1
1871  2.2926439e-03 3.92e-04 6.13e-03 -11.0 6.96e-04    -  1.00e+00 1.00e+00h  1
1872  2.2915152e-03 1.09e-04 7.45e-03 -11.0 6.96e-04    -  1.00e+00 1.00e+00h  1
1873  2.2899102e-03 4.91e-04 9.95e-03 -11.0 9.07e-04    -  1.00e+00 1.00e+00h  1
1874  2.3165923e-03 8.33e-05 5.42e-02 -11.0 5.73e-03    -  1.00e+00 1.00e+00H  1
1875  2.2911824e-03 1.66e-04 1.90e-02 -11.0 2.19e-03    -  1.00e+00 1.00e+00H  1
1876  2.2967239e-03 9.94e-05 4.03e-02 -11.0 2.08e-03    -  1.00e+00 1.00e+00H  1
1877  2.2856014e-03 1.02e-03 1.55e-02 -11.0 1.28e-03    -  1.00e+00 1.00e+00h  1
1878  2.2858194e-03 3.06e-04 5.66e-03 -11.0 8.89e-04    -  1.00e+00 1.00e+00h  1
1879  2.2849439e-03 6.75e-05 8.53e-03 -11.0 5.15e-04    -  1.00e+00 1.00e+00h  1
iter    objective    inf_pr   inf_du lg(mu)  ||d||  lg(rg) alpha_du alpha_pr  ls
1880  2.2845412e-03 5.90e-05 5.35e-03 -11.0 3.39e-04    -  1.00e+00 1.00e+00h  1
1881  2.2842307e-03 2.50e-04 5.26e-03 -11.0 1.28e-03    -  1.00e+00 1.00e+00h  1
1882  2.2840791e-03 3.95e-03 2.23e-02 -11.0 6.83e-03    -  1.00e+00 1.00e+00h  1
1883  2.2837055e-03 3.96e-03 2.72e-02 -11.0 2.48e-02    -  1.00e+00 6.25e-02h  5
1884  2.2830371e-03 2.31e-03 1.79e-02 -11.0 1.42e-03    -  1.00e+00 5.00e-01h  2
1885  2.2827781e-03 1.09e-03 1.09e-02 -11.0 2.00e-03    -  1.00e+00 1.00e+00h  1
1886  2.2834514e-03 1.75e-04 1.42e-02 -11.0 1.83e-03    -  1.00e+00 1.00e+00h  1
1887  2.2827196e-03 1.01e-03 1.08e-02 -11.0 2.99e-03    -  1.00e+00 1.00e+00h  1
1888  2.2823492e-03 4.19e-04 1.71e-02 -11.0 1.44e-03    -  1.00e+00 5.00e-01h  2
1889  2.2811414e-03 3.09e-04 6.02e-03 -11.0 1.06e-03    -  1.00e+00 1.00e+00h  1
iter    objective    inf_pr   inf_du lg(mu)  ||d||  lg(rg) alpha_du alpha_pr  ls
1890  2.2817130e-03 1.03e-04 1.02e-02 -11.0 4.46e-04    -  1.00e+00 1.00e+00h  1
1891  2.2809377e-03 4.56e-05 1.10e-03 -11.0 3.38e-04    -  1.00e+00 1.00e+00h  1
1892  2.2808158e-03 1.35e-05 5.26e-04 -11.0 5.19e-04    -  1.00e+00 1.00e+00h  1
1893  2.2807537e-03 2.10e-03 1.11e-02 -11.0 4.68e-02    -  1.00e+00 1.25e-01h  4
1894  2.2804657e-03 2.32e-03 1.33e-02 -11.0 5.91e-02    -  1.00e+00 3.12e-02h  6
1895  2.3069356e-03 1.71e-06 6.23e-02 -11.0 1.36e-02    -  1.00e+00 1.00e+00H  1
1896  2.3049282e-03 1.89e-05 5.80e-02 -11.0 5.75e-03    -  1.00e+00 3.12e-02h  6
1897  2.2794490e-03 1.02e-02 2.52e-02 -11.0 6.77e-03    -  1.00e+00 1.00e+00h  1
1898  2.2785249e-03 9.66e-03 2.36e-02 -11.0 2.18e-02    -  1.00e+00 2.50e-01h  3
1899  2.2776997e-03 9.35e-03 1.77e-02 -11.0 2.67e-02    -  1.00e+00 1.25e-01h  4
iter    objective    inf_pr   inf_du lg(mu)  ||d||  lg(rg) alpha_du alpha_pr  ls
1900  2.2763942e-03 1.91e-02 2.22e-02 -11.0 9.37e-02    -  1.00e+00 1.25e-01h  4
1901  2.2759285e-03 2.02e-02 2.30e-02 -11.0 2.33e-01    -  1.00e+00 1.56e-02h  7
1902  2.2749626e-03 1.83e-02 1.47e-02 -11.0 2.28e-02    -  1.00e+00 1.25e-01h  4
1903  2.2767569e-03 1.57e-02 2.47e-02 -11.0 1.63e-02    -  1.00e+00 2.50e-01h  3
1904  2.2889493e-03 4.20e-06 1.04e-01 -11.0 9.97e-03    -  1.00e+00 1.00e+00H  1
1905  2.2886290e-03 9.61e-06 1.05e-01 -11.0 7.67e-02    -  1.00e+00 1.95e-03h 10
1906  2.2884215e-03 1.16e-05 1.04e-01 -11.0 7.34e-02    -  1.00e+00 9.77e-04h 11
1907  2.2883444e-03 1.23e-05 1.04e-01 -11.0 1.92e-01    -  1.00e+00 2.44e-04h 13
1908  2.2686277e-03 1.85e-01 1.20e-01 -11.0 1.18e+01    -  1.00e+00 1.95e-03h 10
1909  2.2661571e-03 1.93e-01 1.18e-01 -11.0 5.30e+00    -  1.00e+00 9.77e-04h 11
iter    objective    inf_pr   inf_du lg(mu)  ||d||  lg(rg) alpha_du alpha_pr  ls
1910  2.2642052e-03 1.92e-01 1.27e-01 -11.0 1.88e-01    -  1.00e+00 1.56e-02h  7
1911  2.2615522e-03 2.19e-01 4.90e-02 -11.0 6.74e-01    -  1.00e+00 1.56e-02h  7
1912  2.2610301e-03 2.09e-01 3.74e-02 -11.0 6.63e-02    -  1.00e+00 6.25e-02h  5
1913  2.2595099e-03 2.95e-01 4.49e-02 -11.0 4.07e+00    -  1.00e+00 3.91e-03h  9
1914  2.2583141e-03 3.02e-01 4.56e-02 -11.0 9.31e+00    -  1.00e+00 4.88e-04h 12
1915  8.4566806e-02 6.77e+02 1.82e+02 -11.0 2.21e+00    -  1.00e+00 1.00e+00w  1
1916  2.3096227e-01 2.00e+02 3.31e+01 -11.0 4.50e-01    -  1.00e+00 1.00e+00w  1
1917  4.1248361e-01 6.62e+01 1.60e+01 -11.0 4.69e-01    -  1.00e+00 1.00e+00w  1
1918  2.2579131e-03 3.07e-01 4.57e-02 -11.0 3.39e-01    -  1.00e+00 1.95e-03h  9
1919  2.2566630e-03 2.89e-01 5.42e-02 -11.0 1.71e-02    -  1.00e+00 6.25e-02h  5
iter    objective    inf_pr   inf_du lg(mu)  ||d||  lg(rg) alpha_du alpha_pr  ls
1920  2.2554892e-03 7.97e-04 2.63e-02 -11.0 1.31e-03    -  1.00e+00 1.00e+00h  1
1921  2.2543587e-03 2.22e-04 9.19e-03 -11.0 7.83e-04    -  1.00e+00 1.00e+00h  1
1922  2.2533265e-03 1.62e-04 2.87e-03 -11.0 9.93e-04    -  1.00e+00 1.00e+00h  1
1923  2.2526500e-03 6.39e-04 9.38e-03 -11.0 1.69e-02    -  1.00e+00 6.25e-02h  5
1924  2.2718077e-03 7.42e-06 4.87e-02 -11.0 1.18e-02    -  1.00e+00 1.00e+00H  1
1925  2.2713407e-03 2.50e-05 4.84e-02 -11.0 6.81e-02    -  1.00e+00 3.91e-03h  9
1926  2.2711540e-03 2.79e-05 4.84e-02 -11.0 5.48e-02    -  1.00e+00 1.95e-03h 10
1927  2.2709280e-03 3.10e-05 4.79e-02 -11.0 4.77e-01    -  1.00e+00 2.44e-04h 13
1928  2.2706475e-03 3.15e-05 4.76e-02 -11.0 1.57e-01    -  1.00e+00 4.88e-04h 12
1929  2.2602850e-03 2.08e-02 5.54e-02 -11.0 7.89e-02    -  1.00e+00 1.25e-01h  4
iter    objective    inf_pr   inf_du lg(mu)  ||d||  lg(rg) alpha_du alpha_pr  ls
1930  2.2561998e-03 2.75e-02 2.57e-02 -11.0 1.84e-01    -  1.00e+00 3.12e-02h  6
1931  2.2548940e-03 1.45e-01 3.89e-02 -11.0 1.89e-01    -  1.00e+00 1.25e-01h  4
1932  2.2480799e-03 3.31e-01 6.19e-02 -11.0 3.84e+00    -  1.00e+00 7.81e-03h  8
1933  2.2546690e-03 3.32e-01 5.98e-02 -11.0 6.76e-01    -  1.00e+00 3.91e-03h  9
1934  2.2453093e-03 1.47e-01 4.05e-02 -11.0 2.53e-02    -  1.00e+00 1.00e+00h  1
1935  2.2463992e-03 1.45e-01 1.46e-02 -11.0 9.47e-02    -  1.00e+00 1.56e-02h  7
1936  2.2383007e-03 3.04e-03 2.14e-02 -11.0 3.08e-03    -  1.00e+00 1.00e+00h  1
1937  2.2536083e-03 7.23e-04 4.65e-02 -11.0 6.62e-03    -  1.00e+00 1.00e+00H  1
1938  2.2509949e-03 2.13e-03 4.18e-02 -11.0 3.93e-02    -  1.00e+00 6.25e-02h  5
1939  2.2461369e-03 2.43e-03 4.11e-02 -11.0 2.23e-01    -  1.00e+00 7.81e-03h  8
iter    objective    inf_pr   inf_du lg(mu)  ||d||  lg(rg) alpha_du alpha_pr  ls
1940  2.2402216e-03 2.69e-03 2.85e-02 -11.0 6.93e-02    -  1.00e+00 3.12e-02h  6
1941  2.2375730e-03 2.32e-03 1.83e-02 -11.0 1.44e-02    -  1.00e+00 1.25e-01h  4
1942  2.2541141e-03 7.11e-04 1.32e-02 -11.0 1.04e-02    -  1.00e+00 1.00e+00H  1
1943  2.2502063e-03 1.77e-03 2.09e-02 -11.0 2.78e-02    -  1.00e+00 1.25e-01h  4
1944  2.2469516e-03 2.38e-03 2.03e-02 -11.0 6.06e-02    -  1.00e+00 3.12e-02h  6
1945  2.2449720e-03 2.49e-03 1.65e-02 -11.0 1.64e-01    -  1.00e+00 3.91e-03h  9
1946  2.2421816e-03 2.58e-03 1.47e-02 -11.0 2.92e-02    -  1.00e+00 3.12e-02h  6
1947  2.2363605e-03 3.35e-03 2.49e-02 -11.0 2.60e-02    -  1.00e+00 1.25e-01h  4
1948  2.2337456e-03 2.96e-03 2.06e-02 -11.0 2.49e-02    -  1.00e+00 1.25e-01h  4
1949  2.2292524e-03 3.36e-03 4.64e-02 -11.0 3.07e-02    -  1.00e+00 2.50e-01h  3
iter    objective    inf_pr   inf_du lg(mu)  ||d||  lg(rg) alpha_du alpha_pr  ls
1950  2.2284324e-03 3.33e-03 5.57e-02 -11.0 2.83e-02    -  1.00e+00 6.25e-02h  5
1951  2.2322689e-03 1.08e-03 2.29e-02 -11.0 1.97e-03    -  1.00e+00 1.00e+00h  1
1952  2.2261097e-03 7.82e-04 1.24e-02 -11.0 2.66e-03    -  1.00e+00 1.00e+00h  1
1953  2.2270692e-03 3.44e-04 7.61e-03 -11.0 1.81e-03    -  1.00e+00 5.00e-01h  2
1954  2.2243628e-03 3.33e-04 9.79e-04 -11.0 2.35e-03    -  1.00e+00 1.00e+00h  1
1955  2.2243418e-03 9.04e-04 2.80e-02 -11.0 2.44e-03    -  1.00e+00 1.00e+00h  1
1956  2.2710824e-03 5.26e-05 9.30e-02 -11.0 2.09e-02    -  1.00e+00 1.00e+00H  1
1957  2.2676559e-03 1.80e-04 8.79e-02 -11.0 2.62e-02    -  1.00e+00 3.12e-02h  6
1958  2.2311264e-03 9.67e-05 3.22e-02 -11.0 1.57e-02    -  1.00e+00 1.00e+00H  1
1959  2.2283987e-03 2.76e-04 2.96e-02 -11.0 4.58e-02    -  1.00e+00 1.56e-02h  7
iter    objective    inf_pr   inf_du lg(mu)  ||d||  lg(rg) alpha_du alpha_pr  ls
1960  2.2241435e-03 4.18e-03 2.31e-02 -11.0 3.32e-03    -  1.00e+00 1.00e+00h  1
1961  2.2220023e-03 3.52e-03 1.71e-02 -11.0 7.32e-03    -  1.00e+00 2.50e-01h  3
1962  2.2225034e-03 1.24e-03 8.01e-03 -11.0 1.42e-03    -  1.00e+00 1.00e+00h  1
1963  2.2189739e-03 2.42e-04 5.77e-03 -11.0 1.06e-03    -  1.00e+00 1.00e+00h  1
1964  2.2196386e-03 2.84e-04 7.04e-03 -11.0 6.27e-04    -  1.00e+00 1.00e+00h  1
1965  2.2182141e-03 1.42e-04 9.79e-04 -11.0 3.23e-04    -  1.00e+00 1.00e+00h  1
1966  2.2180935e-03 1.14e-05 1.36e-03 -11.0 2.64e-04    -  1.00e+00 1.00e+00h  1
1967  2.2173454e-03 2.02e-04 2.58e-03 -11.0 1.33e-03    -  1.00e+00 1.00e+00h  1
1968  2.2151608e-03 9.28e-03 2.05e-02 -11.0 2.98e-01    -  1.00e+00 3.12e-02h  6
1969  2.2143375e-03 9.44e-03 2.29e-02 -11.0 1.82e-01    -  1.00e+00 1.56e-02h  7
iter    objective    inf_pr   inf_du lg(mu)  ||d||  lg(rg) alpha_du alpha_pr  ls
1970  2.2141974e-03 9.98e-03 3.54e-02 -11.0 1.16e-01    -  1.00e+00 6.25e-02h  5
1971  2.2138359e-03 9.75e-03 4.46e-02 -11.0 9.76e-02    -  1.00e+00 3.12e-02h  6
1972  2.2121978e-03 1.49e-02 6.45e-02 -11.0 2.73e-01    -  1.00e+00 3.12e-02h  6
1973  2.2111462e-03 1.58e-02 6.58e-02 -11.0 3.69e-01    -  1.00e+00 1.56e-02h  7
1974  2.2100378e-03 1.62e-02 6.79e-02 -11.0 1.85e-01    -  1.00e+00 3.12e-02h  6
1975  2.2091283e-03 2.70e-02 5.78e-02 -11.0 3.53e-01    -  1.00e+00 6.25e-02h  5
1976  2.2081475e-03 2.73e-02 5.18e-02 -11.0 3.48e+00    -  1.00e+00 9.77e-04h 11
1977  2.2071082e-03 3.24e-02 3.65e-02 -11.0 1.34e-01    -  1.00e+00 6.25e-02h  5
1978  9.4801420e-03 8.11e+00 2.04e+00 -11.0 2.65e-01    -  1.00e+00 1.00e+00w  1
1979  1.7378814e-02 1.69e+00 8.70e-01 -11.0 7.52e-02    -  1.00e+00 1.00e+00w  1
iter    objective    inf_pr   inf_du lg(mu)  ||d||  lg(rg) alpha_du alpha_pr  ls
1980  1.1672880e-02 4.99e+00 3.89e+00 -11.0 2.55e-01    -  1.00e+00 1.00e+00w  1
1981  2.2066354e-03 3.38e-02 3.57e-02 -11.0 2.03e-01    -  1.00e+00 1.56e-02h  6
1982  2.2073832e-03 2.97e-02 2.23e-02 -11.0 6.42e-03    -  1.00e+00 1.25e-01h  4
1983  2.2063206e-03 2.36e-02 2.21e-02 -11.0 1.30e-02    -  1.00e+00 5.00e-01h  2
1984  2.2060244e-03 2.37e-02 2.32e-02 -11.0 5.60e-02    -  1.00e+00 3.12e-02h  6
1985  2.2050480e-03 1.09e-03 1.70e-02 -11.0 8.72e-04    -  1.00e+00 1.00e+00h  1
1986  2.2026157e-03 2.85e-04 3.54e-02 -11.0 7.49e-04    -  1.00e+00 1.00e+00h  1
1987  2.2022924e-03 1.06e-04 1.30e-02 -11.0 2.21e-03    -  1.00e+00 1.00e+00h  1
1988  2.2074299e-03 8.58e-06 2.11e-02 -11.0 1.35e-03    -  1.00e+00 1.00e+00H  1
1989  2.2011753e-03 3.51e-04 5.52e-03 -11.0 6.80e-04    -  1.00e+00 1.00e+00h  1
iter    objective    inf_pr   inf_du lg(mu)  ||d||  lg(rg) alpha_du alpha_pr  ls
1990  2.2009845e-03 4.71e-06 1.69e-03 -11.0 6.19e-04    -  1.00e+00 1.00e+00h  1
1991  2.2045428e-03 2.61e-06 4.28e-02 -11.0 1.36e-02    -  1.00e+00 1.00e+00H  1
1992  2.2044571e-03 1.58e-06 4.27e-02 -11.0 2.22e-01    -  1.00e+00 9.77e-04h 11
1993  2.2043840e-03 1.81e-06 4.25e-02 -11.0 3.28e-01    -  1.00e+00 4.88e-04h 12
1994  2.2043299e-03 2.05e-06 4.24e-02 -11.0 1.98e-01    -  1.00e+00 4.88e-04h 12
1995  2.2042816e-03 2.80e-06 4.25e-02 -11.0 1.32e-01    -  1.00e+00 4.88e-04h 12
1996  2.2042270e-03 3.56e-06 4.23e-02 -11.0 1.28e-01    -  1.00e+00 4.88e-04h 12
1997  2.2026867e-03 2.38e-03 3.59e-02 -11.0 1.21e-01    -  1.00e+00 3.12e-02h  6
1998  2.2003537e-03 6.40e-03 2.09e-02 -11.0 4.05e-01    -  1.00e+00 3.12e-02h  6
1999  2.1998547e-03 1.08e-02 2.52e-02 -11.0 6.18e-01    -  1.00e+00 1.56e-02h  7
iter    objective    inf_pr   inf_du lg(mu)  ||d||  lg(rg) alpha_du alpha_pr  ls
2000  2.1991060e-03 1.18e-02 2.97e-02 -11.0 1.04e+00    -  1.00e+00 3.91e-03h  9
2001  2.1984993e-03 1.29e-02 2.45e-02 -11.0 4.44e-01    -  1.00e+00 7.81e-03h  8
2002  8.3240963e-03 9.47e+00 1.45e+00 -11.0 2.35e-01    -  1.00e+00 1.00e+00w  1
2003  2.3006948e-02 5.07e+00 1.50e+00 -11.0 1.22e-01    -  1.00e+00 1.00e+00w  1
2004  2.5793685e-02 4.67e+00 2.81e+00 -11.0 1.83e-01    -  1.00e+00 1.00e+00w  1
2005  2.1977608e-03 1.50e-02 1.89e-02 -11.0 6.80e-01    -  1.00e+00 1.56e-02h  6
2006  2.1979230e-03 7.95e-03 2.96e-02 -11.0 2.51e-03    -  1.00e+00 5.00e-01h  2
2007  2.1955984e-03 1.56e-04 4.45e-03 -11.0 5.54e-04    -  1.00e+00 1.00e+00h  1
2008  2.1955154e-03 2.87e-04 6.99e-03 -11.0 1.36e-03    -  1.00e+00 1.00e+00h  1
2009  2.1953917e-03 3.40e-04 1.65e-02 -11.0 3.03e-02    -  1.00e+00 6.25e-02h  5
iter    objective    inf_pr   inf_du lg(mu)  ||d||  lg(rg) alpha_du alpha_pr  ls
2010  2.1951315e-03 3.55e-04 1.79e-02 -11.0 2.24e-02    -  1.00e+00 1.25e-01h  4
2011  2.1950472e-03 6.83e-04 6.87e-03 -11.0 4.11e-02    -  1.00e+00 6.25e-02h  5
2012  2.2645072e-03 3.38e-06 1.30e-01 -11.0 9.62e-03    -  1.00e+00 1.00e+00H  1
2013  2.1945409e-03 7.45e-04 2.59e-02 -11.0 1.07e-02    -  1.00e+00 1.00e+00H  1
2014  2.1920657e-03 6.76e-04 1.14e-02 -11.0 6.52e-03    -  1.00e+00 1.25e-01h  4
2015  2.1923898e-03 1.72e-04 7.16e-03 -11.0 1.34e-03    -  1.00e+00 1.00e+00h  1
2016  2.2034729e-03 5.05e-05 6.00e-02 -11.0 5.04e-03    -  1.00e+00 1.00e+00H  1
2017  2.2018513e-03 1.32e-04 5.60e-02 -11.0 6.26e-03    -  1.00e+00 1.00e+00H  1
2018  2.1996264e-03 1.22e-04 5.41e-02 -11.0 2.34e-02    -  1.00e+00 3.12e-02h  6
2019  2.1982951e-03 1.39e-04 4.95e-02 -11.0 1.99e-02    -  1.00e+00 3.12e-02h  6
iter    objective    inf_pr   inf_du lg(mu)  ||d||  lg(rg) alpha_du alpha_pr  ls
2020  2.1980628e-03 1.39e-04 4.87e-02 -11.0 1.22e-02    -  1.00e+00 3.91e-03h  9
2021  2.1940486e-03 9.23e-05 1.80e-02 -11.0 5.87e-03    -  1.00e+00 1.00e+00H  1
2022  2.3106535e-03 1.53e-04 6.71e-02 -11.0 6.66e-03    -  1.00e+00 1.00e+00H  1
2023  2.1877442e-03 1.66e-02 1.38e-02 -11.0 6.60e-03    -  1.00e+00 1.00e+00h  1
2024  2.1900935e-03 8.85e-04 2.73e-02 -11.0 1.31e-03    -  1.00e+00 1.00e+00h  1
2025  2.1878734e-03 3.99e-04 1.14e-02 -11.0 8.54e-04    -  1.00e+00 1.00e+00h  1
2026  2.1878416e-03 1.00e-05 3.90e-03 -11.0 1.57e-04    -  1.00e+00 1.00e+00h  1
2027  2.1877673e-03 3.51e-05 2.67e-03 -11.0 3.41e-04    -  1.00e+00 1.00e+00h  1
2028  2.1884900e-03 5.24e-07 1.50e-02 -11.0 3.00e-03    -  1.00e+00 1.00e+00H  1
2029  2.1884360e-03 7.91e-07 1.53e-02 -11.0 2.61e-02    -  1.00e+00 3.91e-03h  9
iter    objective    inf_pr   inf_du lg(mu)  ||d||  lg(rg) alpha_du alpha_pr  ls
2030  2.1883661e-03 1.66e-06 1.53e-02 -11.0 1.15e-02    -  1.00e+00 7.81e-03h  8
2031  2.1875638e-03 8.70e-04 3.24e-02 -11.0 1.27e-02    -  1.00e+00 2.50e-01h  3
2032  2.1874729e-03 9.69e-04 1.72e-02 -11.0 9.56e-03    -  1.00e+00 2.50e-01h  3
2033  2.1864836e-03 1.28e-03 2.10e-02 -11.0 1.19e-02    -  1.00e+00 2.50e-01h  3
2034  2.1858363e-03 1.19e-03 2.60e-02 -11.0 7.14e-03    -  1.00e+00 1.25e-01h  4
2035  2.1854112e-03 1.98e-03 2.99e-02 -11.0 7.27e-03    -  1.00e+00 1.00e+00h  1
2036  2.1850751e-03 2.49e-03 3.83e-02 -11.0 5.84e-02    -  1.00e+00 6.25e-02h  5
2037  2.1840771e-03 2.57e-03 3.58e-02 -11.0 3.72e-02    -  1.00e+00 6.25e-02h  5
2038  2.1831934e-03 3.64e-03 5.45e-02 -11.0 2.25e-02    -  1.00e+00 2.50e-01h  3
2039  2.1807591e-03 1.56e-02 4.53e-02 -11.0 2.42e-01    -  1.00e+00 6.25e-02h  5
iter    objective    inf_pr   inf_du lg(mu)  ||d||  lg(rg) alpha_du alpha_pr  ls
2040  2.1791821e-03 1.89e-02 3.49e-02 -11.0 1.03e+00    -  1.00e+00 7.81e-03h  8
2041  2.1781274e-03 3.83e-02 6.17e-02 -11.0 1.29e+00    -  1.00e+00 1.56e-02h  7
2042  2.1770467e-03 3.93e-02 6.25e-02 -11.0 7.27e-01    -  1.00e+00 7.81e-03h  8
2043  2.1757815e-03 4.26e-02 6.43e-02 -11.0 3.26e-01    -  1.00e+00 3.12e-02h  6
2044  2.1741852e-03 4.69e-02 6.54e-02 -11.0 1.33e+00    -  1.00e+00 7.81e-03h  8
2045  2.1738175e-03 6.12e-02 7.42e-02 -11.0 2.30e+00    -  1.00e+00 7.81e-03h  8
2046  2.7133621e-02 1.58e+01 1.05e+00 -11.0 6.57e-01    -  1.00e+00 1.00e+00w  1
2047  1.8109903e+03 3.65e+06 1.22e+06 -11.0 4.08e+01    -  1.00e+00 1.00e+00w  1
2048  2.5025754e+02 3.09e+06 3.46e+05 -11.0 1.83e+01    -  1.00e+00 1.00e+00w  1
2049  2.1729354e-03 6.21e-02 6.46e-02 -11.0 6.31e+00    -  1.00e+00 7.81e-03h  7
iter    objective    inf_pr   inf_du lg(mu)  ||d||  lg(rg) alpha_du alpha_pr  ls
2050  2.1741700e-03 2.95e-04 2.56e-02 -11.0 2.81e-03    -  1.00e+00 1.00e+00h  1
2051  2.1723000e-03 8.05e-04 2.61e-02 -11.0 2.03e-01    -  1.00e+00 1.56e-02h  7
2052  2.1721898e-03 1.74e-03 4.71e-02 -11.0 7.09e-02    -  1.00e+00 6.25e-02h  5
2053  2.1708712e-03 5.51e-03 8.28e-02 -11.0 1.54e-01    -  1.00e+00 6.25e-02h  5
2054  2.1712233e-03 5.36e-03 6.85e-02 -11.0 1.68e-02  -2.1 1.00e+00 3.12e-02h  6
2055  2.1697997e-03 3.53e-05 1.55e-02 -11.0 7.19e-04    -  1.00e+00 1.00e+00h  1
2056  2.1695648e-03 6.64e-05 2.16e-03 -11.0 6.78e-04    -  1.00e+00 1.00e+00h  1
2057  2.1682243e-03 5.41e-04 5.98e-03 -11.0 2.52e-03    -  1.00e+00 1.00e+00h  1
2058  2.1672128e-03 6.03e-03 1.60e-02 -11.0 8.76e-02    -  1.00e+00 6.25e-02h  5
2059  2.1663889e-03 7.42e-03 1.27e-02 -11.0 5.70e-02    -  1.00e+00 6.25e-02h  5
iter    objective    inf_pr   inf_du lg(mu)  ||d||  lg(rg) alpha_du alpha_pr  ls
2060  2.1655473e-03 7.43e-03 1.38e-02 -11.0 2.61e-02    -  1.00e+00 6.25e-02h  5
2061  2.1633769e-03 1.50e-02 1.95e-02 -11.0 2.12e-02    -  1.00e+00 2.50e-01h  3
2062  2.1622530e-03 2.36e-02 3.17e-02 -11.0 2.09e-01    -  1.00e+00 3.12e-02h  6
2063  2.1594321e-03 3.55e-02 4.46e-02 -11.0 2.84e-01    -  1.00e+00 3.12e-02h  6
2064  2.1596542e-03 3.48e-02 4.45e-02 -11.0 9.30e-02    -  1.00e+00 3.12e-02h  6
2065  2.1611579e-03 1.93e-02 3.72e-02 -11.0 7.11e-03    -  1.00e+00 5.00e-01h  2
2066  2.1586878e-03 1.31e-02 3.47e-02 -11.0 6.38e-03    -  1.00e+00 2.50e-01h  3
2067  2.1649545e-03 3.64e-03 4.26e-02 -11.0 4.94e-03    -  1.00e+00 1.00e+00h  1
2068  2.1626699e-03 9.01e-03 5.54e-02 -11.0 1.92e-03    -  1.00e+00 1.00e+00h  1
2069  2.1571154e-03 1.46e-03 3.02e-02 -11.0 1.89e-03    -  1.00e+00 1.00e+00h  1
iter    objective    inf_pr   inf_du lg(mu)  ||d||  lg(rg) alpha_du alpha_pr  ls
2070  2.1550013e-03 8.04e-04 1.23e-02 -11.0 1.15e-03    -  1.00e+00 1.00e+00h  1
2071  2.1542834e-03 4.23e-04 1.61e-02 -11.0 5.79e-04    -  1.00e+00 1.00e+00h  1
2072  2.1537209e-03 4.35e-05 1.57e-03 -11.0 3.15e-04    -  1.00e+00 1.00e+00h  1
2073  2.1535336e-03 1.14e-05 3.34e-03 -11.0 1.58e-04    -  1.00e+00 1.00e+00h  1
2074  2.1531533e-03 5.82e-05 2.94e-03 -11.0 5.28e-04    -  1.00e+00 1.00e+00h  1
2075  2.1838521e-03 9.88e-06 1.03e-01 -11.0 8.83e-03    -  1.00e+00 1.00e+00H  1
2076  2.1614624e-03 6.87e-07 4.25e-02 -11.0 2.87e-03    -  1.00e+00 1.00e+00H  1
2077  2.1571202e-03 1.49e-05 2.57e-02 -11.0 3.00e-03    -  1.00e+00 1.00e+00H  1
2078  2.1605197e-03 3.98e-07 2.96e-02 -11.0 2.05e-03    -  1.00e+00 1.00e+00H  1
2079  2.1501211e-03 4.42e-03 2.62e-03 -11.0 2.13e-03    -  1.00e+00 1.00e+00h  1
iter    objective    inf_pr   inf_du lg(mu)  ||d||  lg(rg) alpha_du alpha_pr  ls
2080  2.1530653e-03 1.70e-03 7.89e-03 -11.0 1.72e-03    -  1.00e+00 1.00e+00h  1
2081  2.1498064e-03 7.76e-04 4.05e-03 -11.0 6.94e-04    -  1.00e+00 1.00e+00h  1
2082  2.1494040e-03 6.99e-05 3.34e-03 -11.0 2.16e-04    -  1.00e+00 1.00e+00h  1
2083  2.1492604e-03 6.16e-06 1.26e-03 -11.0 1.91e-04    -  1.00e+00 1.00e+00h  1
2084  2.1584266e-03 2.59e-07 3.06e-02 -11.0 7.72e-03    -  1.00e+00 1.00e+00H  1
2085  2.1579929e-03 2.17e-06 3.10e-02 -11.0 1.22e-02    -  1.00e+00 1.56e-02h  7
2086  2.1580001e-03 2.23e-06 8.24e-03 -11.0 3.43e-03    -  1.00e+00 1.00e+00H  1
2087  2.1478657e-03 2.06e-03 2.56e-02 -11.0 1.97e-03    -  1.00e+00 1.00e+00h  1
2088  2.1460906e-03 1.03e-03 1.09e-02 -11.0 2.34e-03    -  1.00e+00 5.00e-01h  2
2089  2.1468360e-03 2.75e-04 9.91e-03 -11.0 2.06e-03    -  1.00e+00 1.00e+00h  1
iter    objective    inf_pr   inf_du lg(mu)  ||d||  lg(rg) alpha_du alpha_pr  ls
2090  2.1476861e-03 3.03e-05 2.19e-02 -11.0 1.93e-03    -  1.00e+00 1.00e+00H  1
2091  2.1487006e-03 1.41e-05 1.23e-02 -11.0 1.16e-03    -  1.00e+00 1.00e+00H  1
2092  2.1440367e-03 2.49e-04 2.48e-03 -11.0 1.05e-03    -  1.00e+00 1.00e+00h  1
2093  2.1437163e-03 9.15e-05 2.27e-03 -11.0 1.07e-03    -  1.00e+00 1.00e+00h  1
2094  2.1433474e-03 9.62e-03 4.13e-02 -11.0 6.86e-02    -  1.00e+00 1.25e-01h  4
2095  2.1423711e-03 1.62e-02 7.14e-02 -11.0 4.13e-01    -  1.00e+00 1.56e-02h  7
2096  2.1422069e-03 2.35e-02 1.00e-01 -11.0 3.92e-01    -  1.00e+00 1.56e-02h  7
2097  2.1413683e-03 2.52e-02 1.10e-01 -11.0 2.67e-01    -  1.00e+00 1.56e-02h  7
2098  2.1406890e-03 2.65e-02 1.16e-01 -11.0 2.22e-01    -  1.00e+00 1.56e-02h  7
2099  2.1393148e-03 3.66e-02 1.46e-01 -11.0 5.62e-01    -  1.00e+00 1.56e-02h  7
iter    objective    inf_pr   inf_du lg(mu)  ||d||  lg(rg) alpha_du alpha_pr  ls
2100  2.1382995e-03 4.09e-02 1.67e-01 -11.0 8.08e-01    -  1.00e+00 7.81e-03h  8
2101  2.1384237e-03 3.94e-02 1.45e-01 -11.0 2.73e-01    -  1.00e+00 1.56e-02h  7
2102  2.1373219e-03 3.62e-02 1.30e-01 -11.0 3.42e-02    -  1.00e+00 1.25e-01h  4
2103  2.1379629e-03 3.39e-02 1.12e-01 -11.0 8.79e-03    -  1.00e+00 6.25e-02h  5
2104  2.1351188e-03 8.56e-03 9.83e-03 -11.0 8.57e-03    -  1.00e+00 1.00e+00h  1
2105  2.1350029e-03 8.11e-03 1.83e-02 -11.0 5.39e-02    -  1.00e+00 1.56e-02h  7
2106  2.1348423e-03 3.92e-03 1.51e-02 -11.0 5.47e-03    -  1.00e+00 1.00e+00h  1
2107  2.1344232e-03 1.01e-02 1.86e-02 -11.0 4.47e-01    -  1.00e+00 1.56e-02h  7
2108  2.1342729e-03 1.08e-02 2.94e-02 -11.0 3.74e-01    -  1.00e+00 7.81e-03h  8
2109  2.1341796e-03 1.04e-02 3.04e-02 -11.0 4.17e-02    -  1.00e+00 6.25e-02h  5
iter    objective    inf_pr   inf_du lg(mu)  ||d||  lg(rg) alpha_du alpha_pr  ls
2110  2.1331451e-03 1.31e-02 3.67e-02 -11.0 5.56e-02    -  1.00e+00 1.25e-01h  4
2111  2.1327060e-03 1.46e-02 4.17e-02 -11.0 5.53e-01    -  1.00e+00 7.81e-03h  8
2112  2.1320619e-03 1.42e-02 3.69e-02 -11.0 1.32e-01    -  1.00e+00 1.56e-02h  7
2113  2.1313114e-03 1.15e-02 3.19e-02 -11.0 7.46e-02    -  1.00e+00 1.25e-01h  4
2114  2.1302522e-03 8.51e-03 3.56e-02 -11.0 2.28e-01    -  1.00e+00 1.56e-02h  7
2115  2.1290204e-03 8.79e-03 2.30e-02 -11.0 3.63e-02    -  1.00e+00 6.25e-02h  5
2116  2.1275488e-03 1.32e-02 5.23e-02 -11.0 7.69e-02    -  1.00e+00 1.25e-01h  4
2117  6.8799703e-03 2.45e+00 1.02e+00 -11.0 3.05e-01    -  1.00e+00 1.00e+00w  1
2118  1.0656410e-02 4.51e-01 1.56e+00 -11.0 6.17e-02    -  1.00e+00 1.00e+00w  1
2119  5.9273195e-03 1.58e+00 2.98e+00 -11.0 1.41e-01    -  1.00e+00 1.00e+00w  1
iter    objective    inf_pr   inf_du lg(mu)  ||d||  lg(rg) alpha_du alpha_pr  ls
2120  2.1273563e-03 1.60e-02 5.92e-02 -11.0 2.95e-01    -  1.00e+00 3.12e-02h  5
2121  2.1260474e-03 1.79e-02 5.15e-02 -11.0 3.92e-01    -  1.00e+00 1.56e-02h  7
2122  2.1259282e-03 1.84e-02 6.46e-02 -11.0 1.35e-01    -  1.00e+00 3.12e-02h  6
2123  2.1255858e-03 1.88e-02 4.74e-02 -11.0 9.62e-02    -  1.00e+00 6.25e-02h  5
2124  2.1250682e-03 1.82e-02 5.18e-02 -11.0 3.62e-02    -  1.00e+00 3.12e-02h  6
2125  2.1254233e-03 3.71e-03 5.29e-02 -11.0 9.88e-03    -  1.00e+00 1.00e+00h  1
2126  2.1237527e-03 3.89e-03 6.36e-02 -11.0 1.06e-01    -  1.00e+00 3.12e-02h  6
2127  2.1233768e-03 3.46e-03 5.52e-02 -11.0 1.12e-02    -  1.00e+00 1.25e-01h  4
2128  2.1230162e-03 1.53e-03 4.75e-02 -11.0 3.16e-03    -  1.00e+00 1.00e+00h  1
2129  2.1389651e-03 1.12e-04 1.11e-01 -11.0 3.95e-03    -  1.00e+00 1.00e+00H  1
iter    objective    inf_pr   inf_du lg(mu)  ||d||  lg(rg) alpha_du alpha_pr  ls
2130  2.1201024e-03 2.45e-03 3.07e-02 -11.0 6.69e-03    -  1.00e+00 1.00e+00h  1
2131  2.1181370e-03 3.41e-03 3.18e-02 -11.0 1.93e-02    -  1.00e+00 2.50e-01h  3
2132  2.1168939e-03 3.32e-03 4.56e-02 -11.0 1.95e-02    -  1.00e+00 1.25e-01h  4
2133  2.1210755e-03 2.29e-04 7.63e-02 -11.0 1.07e-02    -  1.00e+00 1.00e+00H  1
2134  2.1172839e-03 2.83e-03 5.12e-02 -11.0 7.54e-02    -  1.00e+00 6.25e-02h  5
2135  2.1157648e-03 3.38e-03 6.48e-02 -11.0 3.24e-02    -  1.00e+00 6.25e-02h  5
2136  2.1401263e-03 1.59e-05 1.22e-01 -11.0 1.10e-02    -  1.00e+00 1.00e+00H  1
2137  2.1344111e-03 7.75e-05 1.15e-01 -11.0 2.42e-02    -  1.00e+00 6.25e-02h  5
2138  2.1298254e-03 7.23e-05 1.07e-01 -11.0 1.10e-02    -  1.00e+00 3.12e-02h  6
2139  2.1088088e-03 1.94e-03 2.80e-02 -11.0 3.12e-03    -  1.00e+00 1.00e+00h  1
iter    objective    inf_pr   inf_du lg(mu)  ||d||  lg(rg) alpha_du alpha_pr  ls
2140  2.1082154e-03 1.39e-03 5.28e-03 -11.0 3.85e-03    -  1.00e+00 1.00e+00h  1
2141  2.1198285e-03 3.17e-04 4.71e-02 -11.0 1.03e-02    -  1.00e+00 1.00e+00H  1
2142  2.1156300e-03 3.12e-04 4.58e-02 -11.0 2.51e-02    -  1.00e+00 1.25e-01h  4
2143  2.1111115e-03 7.73e-04 4.29e-02 -11.0 6.28e-02    -  1.00e+00 3.12e-02h  6
2144  2.1072837e-03 2.00e-03 4.42e-02 -11.0 1.10e-02    -  1.00e+00 2.50e-01h  3
2145  2.1329950e-03 1.04e-05 1.10e-01 -11.0 3.58e-03    -  1.00e+00 1.00e+00H  1
2146  2.1020188e-03 4.60e-03 2.04e-02 -11.0 5.74e-03    -  1.00e+00 1.00e+00h  1
2147  2.1380862e-03 4.75e-06 1.03e-01 -11.0 6.31e-03    -  1.00e+00 1.00e+00H  1
2148  2.1014512e-03 1.82e-03 2.43e-02 -11.0 2.60e-03    -  1.00e+00 1.00e+00h  1
2149  2.1008378e-03 1.90e-04 1.83e-02 -11.0 9.03e-04    -  1.00e+00 1.00e+00h  1
iter    objective    inf_pr   inf_du lg(mu)  ||d||  lg(rg) alpha_du alpha_pr  ls
2150  2.0998199e-03 3.46e-05 1.69e-03 -11.0 5.33e-04    -  1.00e+00 1.00e+00h  1
2151  2.0996982e-03 2.03e-05 5.12e-03 -11.0 3.84e-04    -  1.00e+00 1.00e+00h  1
2152  2.0989513e-03 1.53e-03 1.06e-02 -11.0 3.90e-02    -  1.00e+00 1.25e-01h  4
2153  2.0987014e-03 2.14e-03 1.32e-02 -11.0 1.10e-01    -  1.00e+00 3.12e-02h  6
2154  2.0982780e-03 5.24e-03 2.66e-02 -11.0 1.30e-01    -  1.00e+00 6.25e-02h  5
2155  2.0981652e-03 5.31e-03 4.10e-02 -11.0 1.88e-01    -  1.00e+00 1.56e-02h  7
2156  2.0971249e-03 4.48e-03 5.07e-02 -11.0 5.19e-02    -  1.00e+00 1.25e-01h  4
2157  2.0943104e-03 1.37e-02 6.21e-02 -11.0 2.12e+00    -  1.00e+00 7.81e-03h  8
2158  2.0939354e-03 4.11e-02 8.07e-02 -11.0 4.52e+00    -  1.00e+00 7.81e-03h  8
2159  2.0937013e-03 4.13e-02 7.37e-02 -11.0 1.17e+00    -  1.00e+00 7.81e-03h  8
iter    objective    inf_pr   inf_du lg(mu)  ||d||  lg(rg) alpha_du alpha_pr  ls
2160  2.0924129e-03 4.10e-02 9.86e-02 -11.0 3.94e-01    -  1.00e+00 1.56e-02h  7
2161  2.0901886e-03 3.89e-02 5.51e-02 -11.0 9.07e-02    -  1.00e+00 6.25e-02h  5
2162  2.8053740e-03 2.48e+00 9.31e-01 -11.0 3.14e-01    -  1.00e+00 1.00e+00w  1
2163  2.2603647e-01 7.75e+01 8.71e+00 -11.0 7.35e-01    -  1.00e+00 1.00e+00w  1
2164  1.8902386e-01 3.58e+01 5.79e+00 -11.0 3.70e-01    -  1.00e+00 1.00e+00w  1
2165  2.0877880e-03 4.57e-02 9.28e-02 -11.0 3.98e-01    -  1.00e+00 6.25e-02h  4
2166  2.0856654e-03 3.43e-02 7.65e-02 -11.0 4.34e-03    -  1.00e+00 2.50e-01h  3
2167  2.0843215e-03 2.74e-02 1.72e-02 -11.0 3.99e-02    -  1.00e+00 5.00e-01h  2
2168  2.0819459e-03 2.75e-02 1.57e-02 -11.0 9.05e-01    -  1.00e+00 3.91e-03h  9
2169  2.0821386e-03 1.64e-02 2.39e-02 -11.0 2.20e-02    -  1.00e+00 5.00e-01h  2
iter    objective    inf_pr   inf_du lg(mu)  ||d||  lg(rg) alpha_du alpha_pr  ls
2170  2.0786309e-03 5.05e-02 2.83e-02 -11.0 4.46e-01    -  1.00e+00 6.25e-02h  5
2171  2.0768690e-03 5.87e-02 3.92e-02 -11.0 1.84e+00    -  1.00e+00 7.81e-03h  8
2172  2.0752307e-03 1.11e-01 4.83e-02 -11.0 2.29e+00    -  1.00e+00 1.56e-02h  7
2173  2.0734535e-03 1.15e-01 4.10e-02 -11.0 1.59e+00    -  1.00e+00 3.91e-03h  9
2174  2.0730520e-03 1.11e-01 3.12e-02 -11.0 1.09e-01    -  1.00e+00 6.25e-02h  5
2175  4.9880810e-03 2.60e+01 5.43e+00 -11.0 5.86e-01    -  1.00e+00 1.00e+00w  1
2176  4.7976367e-01 1.77e+02 2.82e+01 -11.0 5.01e-01    -  1.00e+00 1.00e+00w  1
2177  3.8353504e-01 5.71e+01 2.75e+01 -11.0 6.77e-01    -  1.00e+00 1.00e+00w  1
2178  2.0720370e-03 2.00e-01 7.10e-02 -11.0 4.69e-01    -  1.00e+00 6.25e-02h  4
2179  2.0717109e-03 9.87e-02 5.37e-02 -11.0 5.23e-03    -  1.00e+00 5.00e-01h  2
iter    objective    inf_pr   inf_du lg(mu)  ||d||  lg(rg) alpha_du alpha_pr  ls
2180  2.0614504e-03 5.76e-04 2.04e-02 -11.0 9.37e-04    -  1.00e+00 1.00e+00h  1
2181  2.0607065e-03 6.18e-03 2.96e-02 -11.0 8.14e-03    -  1.00e+00 1.00e+00h  1
2182  2.0604706e-03 5.20e-03 3.24e-02 -11.0 5.86e-02    -  1.00e+00 6.25e-02h  5
2183  2.0958368e-03 7.12e-05 5.58e-02 -11.0 1.15e-02    -  1.00e+00 1.00e+00H  1
2184  2.0897161e-03 1.64e-04 1.99e-01 -11.0 1.80e-02    -  1.00e+00 1.00e+00H  1
2185  2.0829636e-03 2.03e-04 1.84e-01 -11.0 1.28e-01    -  1.00e+00 1.56e-02h  7
2186  2.0804368e-03 3.51e-04 1.66e-01 -11.0 9.92e-02    -  1.00e+00 1.56e-02h  7
2187  2.2802059e-03 4.74e-05 6.97e-02 -11.0 3.33e-02    -  1.00e+00 1.00e+00H  1
2188  2.2447172e-03 2.05e-04 6.37e-02 -11.0 1.44e-02    -  1.00e+00 6.25e-02h  5
2189  2.0866758e-03 2.21e-04 5.66e-02 -11.0 1.33e-02    -  1.00e+00 1.00e+00H  1
iter    objective    inf_pr   inf_du lg(mu)  ||d||  lg(rg) alpha_du alpha_pr  ls
2190  2.1790432e-03 3.93e-05 9.34e-02 -11.0 5.07e-03    -  1.00e+00 1.00e+00H  1
2191  2.0480832e-03 6.13e-03 1.40e-02 -11.0 3.10e-03    -  1.00e+00 1.00e+00h  1
2192  2.0480995e-03 1.68e-05 5.02e-03 -11.0 2.16e-04    -  1.00e+00 1.00e+00h  1
2193  2.0478244e-03 8.58e-06 1.37e-03 -11.0 3.11e-04    -  1.00e+00 1.00e+00h  1
2194  2.0473394e-03 1.57e-03 3.27e-02 -11.0 2.47e-02    -  1.00e+00 1.25e-01h  4
2195  2.0468891e-03 1.54e-03 6.73e-02 -11.0 1.66e-02    -  1.00e+00 6.25e-02h  5
2196  2.0761787e-03 5.55e-06 2.31e-01 -11.0 1.29e-02    -  1.00e+00 1.00e+00H  1
2197  2.0754982e-03 6.77e-06 2.31e-01 -11.0 1.46e-02    -  1.00e+00 7.81e-03h  8
2198  2.0747009e-03 8.44e-06 2.29e-01 -11.0 7.67e-03    -  1.00e+00 7.81e-03h  8
2199  2.0744333e-03 8.75e-06 2.28e-01 -11.0 9.69e-03    -  1.00e+00 1.95e-03h 10
iter    objective    inf_pr   inf_du lg(mu)  ||d||  lg(rg) alpha_du alpha_pr  ls
2200  2.0566337e-03 1.99e-06 2.84e-02 -11.0 7.93e-03    -  1.00e+00 1.00e+00H  1
2201  2.0517636e-03 5.32e-03 4.10e-02 -11.0 6.73e-03    -  1.00e+00 2.50e-01h  3
2202  2.0408835e-03 5.53e-03 1.02e-02 -11.0 3.50e-03    -  1.00e+00 1.00e+00h  1
2203  2.0448944e-03 2.87e-03 4.29e-02 -11.0 2.33e-03    -  1.00e+00 5.00e-01h  2
2204  2.0404629e-03 3.96e-04 2.15e-03 -11.0 1.08e-03    -  1.00e+00 1.00e+00h  1
2205  2.0405507e-03 4.22e-05 9.11e-03 -11.0 3.26e-04    -  1.00e+00 1.00e+00h  1
2206  2.0403123e-03 6.68e-06 2.67e-03 -11.0 1.66e-04    -  1.00e+00 1.00e+00h  1
2207  2.0401243e-03 3.97e-05 6.36e-03 -11.0 3.83e-04    -  1.00e+00 1.00e+00h  1
2208  2.0399810e-03 1.16e-04 1.44e-02 -11.0 1.11e-02    -  1.00e+00 6.25e-02h  5
2209  2.0386460e-03 5.03e-03 5.36e-02 -11.0 4.91e-03    -  1.00e+00 1.00e+00h  1
iter    objective    inf_pr   inf_du lg(mu)  ||d||  lg(rg) alpha_du alpha_pr  ls
2210  2.0375703e-03 9.78e-03 1.18e-01 -11.0 2.80e-01    -  1.00e+00 1.56e-02h  7
2211  2.0377293e-03 9.80e-03 1.44e-01 -11.0 4.67e-02    -  1.00e+00 3.12e-02h  6
2212  2.0373610e-03 5.15e-03 1.67e-01 -11.0 5.19e-03    -  1.00e+00 5.00e-01h  2
2213  2.0367841e-03 4.18e-03 1.50e-01 -11.0 2.03e-02    -  1.00e+00 1.25e-01h  4
2214  2.0355825e-03 7.84e-03 1.73e-01 -11.0 8.05e-02    -  1.00e+00 6.25e-02h  5
2215  2.0352806e-03 7.86e-03 1.84e-01 -11.0 5.52e-02    -  1.00e+00 3.12e-02h  6
2216  2.0348154e-03 8.20e-03 2.00e-01 -11.0 3.52e-02    -  1.00e+00 1.25e-01h  4
2217  2.0340344e-03 7.22e-03 2.16e-01 -11.0 1.10e-01    -  1.00e+00 3.12e-02h  6
2218  2.0328077e-03 7.87e-03 2.54e-01 -11.0 1.59e-01    -  1.00e+00 3.12e-02h  6
2219  2.0322217e-03 8.86e-03 2.78e-01 -11.0 2.41e-01    -  1.00e+00 1.56e-02h  7
iter    objective    inf_pr   inf_du lg(mu)  ||d||  lg(rg) alpha_du alpha_pr  ls
2220  2.4569308e-03 2.79e-01 1.91e-01 -11.0 3.81e-02    -  1.00e+00 1.00e+00w  1
2221  2.0767120e-03 3.22e-01 2.24e-01 -11.0 3.85e-02    -  1.00e+00 1.00e+00w  1
2222  8.8465420e-03 4.38e+00 1.90e+00 -11.0 1.04e-01    -  1.00e+00 1.00e+00w  1
2223  2.0320302e-03 8.63e-03 2.47e-01 -11.0 9.00e-02    -  1.00e+00 6.25e-02h  4
2224  2.0312121e-03 6.55e-03 1.44e-01 -11.0 1.08e-02    -  1.00e+00 2.50e-01h  3
2225  2.0309286e-03 6.54e-03 1.23e-01 -11.0 5.16e-02    -  1.00e+00 3.12e-02h  6
2226  2.0306902e-03 6.42e-03 1.07e-01 -11.0 2.43e-02    -  1.00e+00 6.25e-02h  5
2227  2.0306062e-03 6.48e-03 9.19e-02 -11.0 2.33e-02    -  1.00e+00 6.25e-02h  5
2228  2.0307702e-03 6.07e-03 1.01e-01 -11.0 2.73e-02    -  1.00e+00 6.25e-02h  5
2229  2.0322741e-03 6.49e-04 3.05e-02 -11.0 3.05e-03    -  1.00e+00 1.00e+00h  1
iter    objective    inf_pr   inf_du lg(mu)  ||d||  lg(rg) alpha_du alpha_pr  ls
2230  2.0317784e-03 7.63e-04 2.05e-02 -11.0 5.86e-03    -  1.00e+00 2.50e-01h  3
2231  2.0356706e-03 4.27e-05 4.17e-02 -11.0 2.04e-03    -  1.00e+00 1.00e+00H  1
2232  2.0296153e-03 6.18e-04 4.30e-02 -11.0 2.24e-03    -  1.00e+00 1.00e+00h  1
2233  2.0317475e-03 1.10e-05 1.45e-02 -11.0 1.49e-03    -  1.00e+00 1.00e+00H  1
2234  2.0299418e-03 1.55e-06 1.06e-02 -11.0 1.86e-03    -  1.00e+00 1.00e+00H  1
2235  2.0361277e-03 3.09e-07 1.99e-02 -11.0 4.98e-03    -  1.00e+00 1.00e+00H  1
2236  2.0354659e-03 9.92e-06 6.26e-02 -11.0 1.48e-03    -  1.00e+00 1.00e+00H  1
2237  2.0286265e-03 3.27e-03 1.99e-02 -11.0 2.01e-03    -  1.00e+00 1.00e+00h  1
2238  2.0283476e-03 3.74e-04 2.60e-02 -11.0 1.37e-03    -  1.00e+00 1.00e+00h  1
2239  2.0280505e-03 7.38e-04 1.87e-02 -11.0 1.32e-03    -  1.00e+00 1.00e+00h  1
iter    objective    inf_pr   inf_du lg(mu)  ||d||  lg(rg) alpha_du alpha_pr  ls
2240  2.0275199e-03 1.63e-04 2.80e-02 -11.0 8.79e-04    -  1.00e+00 1.00e+00h  1
2241  2.0279826e-03 1.62e-04 3.58e-02 -11.0 5.04e-04    -  1.00e+00 1.00e+00h  1
2242  2.0263835e-03 8.81e-05 6.51e-03 -11.0 4.06e-04    -  1.00e+00 1.00e+00h  1
2243  2.0262713e-03 2.47e-05 2.43e-03 -11.0 4.40e-04    -  1.00e+00 1.00e+00h  1
2244  2.0259088e-03 2.21e-03 3.34e-02 -11.0 2.75e-01    -  1.00e+00 1.56e-02h  7
2245  2.0256922e-03 2.89e-03 4.71e-02 -11.0 1.31e-01    -  1.00e+00 1.56e-02h  7
2246  2.0255148e-03 9.82e-03 9.58e-02 -11.0 9.61e-02    -  1.00e+00 6.25e-02h  5
2247  2.0252276e-03 1.04e-02 1.06e-01 -11.0 1.19e-01    -  1.00e+00 1.56e-02h  7
2248  2.0247378e-03 1.11e-02 1.02e-01 -11.0 3.61e-02    -  1.00e+00 1.25e-01h  4
2249  2.0215228e-03 7.99e-01 5.27e-01 -11.0 1.23e+00    -  1.00e+00 6.25e-02h  5
iter    objective    inf_pr   inf_du lg(mu)  ||d||  lg(rg) alpha_du alpha_pr  ls
2250  2.0179181e-03 8.81e-01 7.00e-01 -11.0 7.42e+00    -  1.00e+00 3.91e-03h  9
2251  2.0151392e-03 8.85e-01 7.68e-01 -11.0 5.25e+00    -  1.00e+00 9.77e-04h 11
2252  2.0116352e-03 9.01e-01 9.14e-01 -11.0 6.49e-01    -  1.00e+00 3.12e-02h  6
2253  2.0094172e-03 9.31e-01 1.04e+00 -11.0 4.55e+00    -  1.00e+00 3.91e-03h  9
2254  9.5316031e-01 7.52e+02 4.07e+02 -11.0 3.60e+00    -  1.00e+00 1.00e+00w  1
2255  1.1642510e+01 3.21e+04 2.73e+02 -11.0 1.94e+00    -  1.00e+00 1.00e+00w  1
2256  2.0954207e+02 2.46e+03 3.87e+02 -11.0 6.49e+00    -  1.00e+00 1.00e+00w  1
2257  2.0082734e-03 9.31e-01 1.08e+00 -11.0 7.60e+00    -  1.00e+00 9.77e-04h 10
2258  2.0160295e-03 2.05e-02 9.24e-02 -11.0 1.22e-02    -  1.00e+00 1.00e+00h  1
2259  2.0125567e-03 1.97e-02 8.56e-02 -11.0 1.95e-02    -  1.00e+00 6.25e-02h  5
iter    objective    inf_pr   inf_du lg(mu)  ||d||  lg(rg) alpha_du alpha_pr  ls
2260  2.0118881e-03 1.07e-02 6.66e-02 -11.0 3.37e-03    -  1.00e+00 5.00e-01h  2
2261  2.0094627e-03 1.07e-02 3.89e-02 -11.0 3.47e-02    -  1.00e+00 2.50e-01h  3
2262  2.0067323e-03 1.01e-02 5.31e-02 -11.0 9.13e-02    -  1.00e+00 3.12e-02h  6
2263  2.0060939e-03 9.70e-03 6.31e-02 -11.0 1.20e-02    -  1.00e+00 2.50e-01h  3
2264  2.0050350e-03 1.34e-02 7.52e-02 -11.0 4.12e-02    -  1.00e+00 1.25e-01h  4
2265  2.0031779e-03 1.64e-02 1.15e-01 -11.0 2.94e-02    -  1.00e+00 1.25e-01h  4
2266  2.0039127e-03 1.71e-02 1.55e-01 -11.0 1.75e-02    -  1.00e+00 1.25e-01h  4
2267  2.0038683e-03 1.48e-02 1.62e-01 -11.0 1.20e-02    -  1.00e+00 2.50e-01h  3
2268  2.0036712e-03 1.52e-02 1.73e-01 -11.0 2.48e-02    -  1.00e+00 1.25e-01h  4
2269  2.1150112e-03 5.33e-02 1.18e-01 -11.0 1.14e-02    -  1.00e+00 1.00e+00w  1
iter    objective    inf_pr   inf_du lg(mu)  ||d||  lg(rg) alpha_du alpha_pr  ls
2270  2.0295672e-03 2.96e-02 3.25e-02 -11.0 6.39e-03    -  1.00e+00 1.00e+00w  1
2271  2.0695969e-03 5.01e-02 1.00e-01 -11.0 1.03e-02    -  1.00e+00 1.00e+00w  1
2272  2.0252895e-03 7.95e-03 1.42e-01 -11.0 3.87e-03    -  1.00e+00 1.00e+00h  1
2273  2.0027514e-03 1.00e-02 7.20e-02 -11.0 3.22e-03    -  1.00e+00 1.00e+00h  1
2274  2.0123611e-03 3.14e-03 4.62e-02 -11.0 2.55e-03    -  1.00e+00 1.00e+00h  1
2275  2.0006674e-03 1.55e-03 1.34e-02 -11.0 1.19e-03    -  1.00e+00 1.00e+00h  1
2276  2.0001941e-03 1.49e-04 2.74e-03 -11.0 3.40e-04    -  1.00e+00 1.00e+00h  1
2277  1.9999380e-03 2.63e-05 2.84e-03 -11.0 2.00e-04    -  1.00e+00 1.00e+00h  1
2278  1.9997413e-03 4.44e-05 7.51e-03 -11.0 3.17e-04    -  1.00e+00 1.00e+00h  1
2279  2.0002224e-03 2.07e-06 7.02e-02 -11.0 2.85e-03    -  1.00e+00 1.00e+00H  1
iter    objective    inf_pr   inf_du lg(mu)  ||d||  lg(rg) alpha_du alpha_pr  ls
2280  1.9994566e-03 2.61e-03 1.23e-01 -11.0 1.17e-02    -  1.00e+00 2.50e-01h  3
2281  1.9993379e-03 3.51e-03 1.52e-01 -11.0 1.84e-02    -  1.00e+00 1.25e-01h  4
2282  1.9971702e-03 1.77e-03 1.54e-01 -11.0 2.57e-03    -  1.00e+00 5.00e-01h  2
2283  1.9958248e-03 8.69e-04 1.04e-01 -11.0 1.24e-03    -  1.00e+00 5.00e-01h  2
2284  1.9940869e-03 4.14e-03 7.31e-02 -11.0 3.16e-03    -  1.00e+00 1.00e+00h  1
2285  1.9938717e-03 3.36e-03 5.64e-02 -11.0 5.22e-03    -  1.00e+00 1.25e-01h  4
2286  1.9927636e-03 5.02e-03 5.16e-02 -11.0 2.79e-03    -  1.00e+00 1.00e+00h  1
2287  1.9922508e-03 8.84e-03 1.04e-01 -11.0 4.80e-02    -  1.00e+00 6.25e-02h  5
2288  1.9917072e-03 8.71e-03 1.16e-01 -11.0 3.25e-02    -  1.00e+00 3.12e-02h  6
2289  1.9937549e-03 1.10e-02 3.45e-02 -11.0 2.43e-03    -  1.00e+00 1.00e+00h  1
iter    objective    inf_pr   inf_du lg(mu)  ||d||  lg(rg) alpha_du alpha_pr  ls
2290  1.9924870e-03 6.09e-03 6.79e-02 -11.0 1.66e-02    -  1.00e+00 2.50e-01h  3
2291  1.9912288e-03 6.71e-03 1.12e-01 -11.0 2.60e-02    -  1.00e+00 6.25e-02h  5
2292  1.9906129e-03 6.56e-03 1.24e-01 -11.0 1.46e-02    -  1.00e+00 1.25e-01h  4
2293  2.0000802e-03 5.85e-06 1.18e-01 -11.0 4.57e-03    -  1.00e+00 1.00e+00H  1
2294  2.0171770e-03 4.19e-07 2.41e-01 -11.0 3.76e-03    -  1.00e+00 1.00e+00H  1
2295  1.9911480e-03 1.56e-03 7.61e-02 -11.0 8.42e-03    -  1.00e+00 1.00e+00H  1
2296  1.9900486e-03 1.35e-03 8.64e-02 -11.0 4.46e-03    -  1.00e+00 1.25e-01h  4
2297  1.9885034e-03 2.14e-03 8.25e-03 -11.0 2.20e-03    -  1.00e+00 1.00e+00h  1
2298  1.9965460e-03 2.57e-04 5.78e-02 -11.0 3.69e-03    -  1.00e+00 1.00e+00H  1
2299  1.9887657e-03 4.58e-03 3.07e-02 -11.0 2.46e-03    -  1.00e+00 1.00e+00h  1
iter    objective    inf_pr   inf_du lg(mu)  ||d||  lg(rg) alpha_du alpha_pr  ls
2300  1.9986816e-03 2.71e-05 1.13e-01 -11.0 3.91e-03    -  1.00e+00 1.00e+00H  1
2301  1.9888361e-03 4.07e-05 3.23e-02 -11.0 2.71e-03    -  1.00e+00 1.00e+00H  1
2302  2.0019609e-03 3.54e-07 1.49e-01 -11.0 3.11e-03    -  1.00e+00 1.00e+00H  1
2303  1.9883516e-03 4.86e-03 9.30e-03 -11.0 2.43e-03    -  1.00e+00 1.00e+00h  1
2304  1.9882148e-03 2.48e-03 6.65e-03 -11.0 5.55e-04    -  1.00e+00 5.00e-01h  2
2305  1.9880197e-03 6.64e-06 4.67e-04 -11.0 1.36e-04    -  1.00e+00 1.00e+00h  1
2306  1.9880051e-03 2.27e-07 5.46e-04 -11.0 2.83e-05    -  1.00e+00 1.00e+00h  1
2307  1.9877916e-03 2.43e-04 8.57e-03 -11.0 1.32e-03    -  1.00e+00 1.00e+00h  1
2308  1.9877576e-03 2.72e-04 6.75e-03 -11.0 1.20e-02    -  1.00e+00 6.25e-02h  5
2309  1.9889422e-03 1.66e-07 1.11e-02 -11.0 2.01e-03    -  1.00e+00 1.00e+00H  1
iter    objective    inf_pr   inf_du lg(mu)  ||d||  lg(rg) alpha_du alpha_pr  ls
2310  1.9959834e-03 5.62e-09 1.27e-03 -11.0 6.25e-03    -  1.00e+00 1.00e+00H  1
2311  1.9959437e-03 9.82e-08 1.26e-03 -11.0 7.18e-03    -  1.00e+00 9.77e-04h 11
2312  1.9850037e-03 1.24e-03 9.85e-03 -11.0 2.17e-03    -  1.00e+00 1.00e+00h  1
2313  1.9844150e-03 1.07e-03 1.82e-02 -11.0 6.82e-03    -  1.00e+00 2.50e-01h  3
2314  1.9842418e-03 1.42e-03 3.83e-02 -11.0 3.20e-02    -  1.00e+00 6.25e-02h  5
2315  1.9840315e-03 3.76e-03 6.51e-02 -11.0 1.34e-01    -  1.00e+00 3.12e-02h  6
2316  1.9839873e-03 1.12e-02 9.93e-02 -11.0 4.74e-01    -  1.00e+00 1.56e-02h  7
2317  1.9838132e-03 1.21e-02 1.05e-01 -11.0 3.20e-01    -  1.00e+00 7.81e-03h  8
2318  1.9836415e-03 1.20e-02 1.17e-01 -11.0 4.47e-02    -  1.00e+00 3.12e-02h  6
2319  1.9832624e-03 1.21e-02 1.41e-01 -11.0 2.23e-02    -  1.00e+00 1.25e-01h  4
iter    objective    inf_pr   inf_du lg(mu)  ||d||  lg(rg) alpha_du alpha_pr  ls
2320  1.9823707e-03 1.53e-02 1.59e-01 -11.0 3.78e-02    -  1.00e+00 1.25e-01h  4
2321  1.9810074e-03 1.50e-02 1.29e-01 -11.0 9.24e-02    -  1.00e+00 3.12e-02h  6
2322  1.9813579e-03 1.46e-02 1.23e-01 -11.0 4.13e-02    -  1.00e+00 6.25e-02h  5
2323  1.9846994e-03 9.13e-03 2.40e-02 -11.0 2.04e-03    -  1.00e+00 1.00e+00w  1
2324  1.9814408e-03 5.03e-04 3.16e-02 -11.0 1.56e-03    -  1.00e+00 1.00e+00h  1
2325  1.9796958e-03 2.59e-03 9.33e-03 -11.0 1.91e-03    -  1.00e+00 1.00e+00h  1
2326  1.9795808e-03 2.60e-03 1.29e-02 -11.0 4.71e-03    -  1.00e+00 2.50e-01h  3
2327  1.9801415e-03 1.68e-03 2.21e-02 -11.0 1.58e-03    -  1.00e+00 1.00e+00h  1
2328  1.9841400e-03 4.60e-05 9.64e-02 -11.0 3.70e-03    -  1.00e+00 1.00e+00H  1
2329  1.9816303e-03 2.18e-04 2.61e-02 -11.0 3.45e-03    -  1.00e+00 1.00e+00H  1
iter    objective    inf_pr   inf_du lg(mu)  ||d||  lg(rg) alpha_du alpha_pr  ls
2330  1.9795959e-03 1.89e-03 4.58e-02 -11.0 8.44e-03    -  1.00e+00 2.50e-01h  3
2331  1.9792176e-03 9.27e-04 9.82e-03 -11.0 2.40e-03    -  1.00e+00 5.00e-01h  2
2332  1.9813461e-03 2.44e-05 4.04e-02 -11.0 1.96e-03    -  1.00e+00 1.00e+00H  1
2333  1.9797751e-03 8.24e-04 3.91e-02 -11.0 3.37e-03    -  1.00e+00 2.50e-01h  3
2334  1.9806527e-03 2.01e-05 9.45e-03 -11.0 1.67e-03    -  1.00e+00 1.00e+00H  1
2335  1.9862592e-03 5.20e-06 6.68e-02 -11.0 3.18e-03    -  1.00e+00 1.00e+00H  1
2336  1.9782898e-03 1.02e-02 9.72e-03 -11.0 2.93e-03    -  1.00e+00 1.00e+00h  1
2337  1.9781964e-03 7.83e-03 1.84e-02 -11.0 2.14e-03    -  1.00e+00 2.50e-01h  3
2338  1.9774200e-03 3.31e-04 2.82e-03 -11.0 3.65e-04    -  1.00e+00 1.00e+00h  1
2339  1.9773660e-03 1.10e-05 1.19e-03 -11.0 1.09e-04    -  1.00e+00 1.00e+00h  1
iter    objective    inf_pr   inf_du lg(mu)  ||d||  lg(rg) alpha_du alpha_pr  ls
2340  1.9772436e-03 5.09e-05 8.42e-03 -11.0 3.39e-04    -  1.00e+00 1.00e+00h  1
2341  1.9803183e-03 4.15e-06 1.24e-01 -11.0 5.41e-03    -  1.00e+00 1.00e+00H  1
2342  1.9802661e-03 2.43e-06 1.25e-01 -11.0 3.78e-02    -  1.00e+00 1.95e-03h 10
2343  1.9801805e-03 3.14e-06 1.26e-01 -11.0 4.14e-02    -  1.00e+00 1.95e-03h 10
2344  1.9799730e-03 6.77e-06 1.27e-01 -11.0 1.41e-02    -  1.00e+00 7.81e-03h  8
2345  1.9771299e-03 6.13e-03 1.85e-01 -11.0 1.33e-01    -  1.00e+00 3.12e-02h  6
2346  1.9767146e-03 6.75e-03 1.86e-01 -11.0 8.70e-02    -  1.00e+00 3.12e-02h  6
2347  1.9762565e-03 6.41e-03 9.87e-02 -11.0 1.33e-02    -  1.00e+00 1.25e-01h  4
2348  1.9768591e-03 1.42e-03 5.15e-02 -11.0 9.11e-03    -  1.00e+00 1.00e+00H  1
2349  1.9752522e-03 3.63e-03 1.41e-01 -11.0 9.81e-02    -  1.00e+00 3.12e-02h  6
iter    objective    inf_pr   inf_du lg(mu)  ||d||  lg(rg) alpha_du alpha_pr  ls
2350  1.9747359e-03 5.94e-03 2.06e-01 -11.0 3.89e-02    -  1.00e+00 6.25e-02h  5
2351  1.9734666e-03 7.10e-03 2.36e-01 -11.0 9.42e-03    -  1.00e+00 2.50e-01h  3
2352  1.9725613e-03 5.88e-03 2.07e-01 -11.0 8.34e-03    -  1.00e+00 1.25e-01h  4
2353  1.9735476e-03 4.51e-03 3.77e-02 -11.0 2.28e-03    -  1.00e+00 1.00e+00h  1
2354  1.9921028e-03 3.66e-06 1.77e-01 -11.0 6.79e-03    -  1.00e+00 1.00e+00H  1
2355  2.0055482e-03 1.46e-06 3.58e-02 -11.0 4.11e-03    -  1.00e+00 1.00e+00H  1
2356  1.9782937e-03 7.30e-04 3.08e-02 -11.0 6.18e-03    -  1.00e+00 1.00e+00H  1
2357  1.9743131e-03 9.97e-04 3.50e-02 -11.0 5.48e-03    -  1.00e+00 2.50e-01h  3
2358  1.9693007e-03 3.54e-03 1.02e-02 -11.0 2.97e-03    -  1.00e+00 1.00e+00h  1
2359  1.9703164e-03 2.63e-03 1.48e-02 -11.0 2.43e-03    -  1.00e+00 2.50e-01h  3
iter    objective    inf_pr   inf_du lg(mu)  ||d||  lg(rg) alpha_du alpha_pr  ls
2360  1.9691921e-03 8.94e-05 5.17e-04 -11.0 5.02e-04    -  1.00e+00 1.00e+00h  1
2361  1.9691591e-03 8.60e-07 8.00e-04 -11.0 1.28e-04    -  1.00e+00 1.00e+00h  1
2362  1.9721060e-03 9.27e-07 2.37e-02 -11.0 7.14e-03    -  1.00e+00 1.00e+00H  1
2363  1.9720661e-03 6.54e-07 2.37e-02 -11.0 3.05e-02    -  1.00e+00 1.95e-03h 10
2364  1.9720264e-03 4.47e-07 2.37e-02 -11.0 4.66e-02    -  1.00e+00 9.77e-04h 11
2365  1.9719897e-03 4.78e-07 2.35e-02 -11.0 1.51e-01    -  1.00e+00 2.44e-04h 13
2366  1.9719605e-03 5.46e-07 2.35e-02 -11.0 1.04e-01    -  1.00e+00 2.44e-04h 13
2367  1.9719200e-03 7.84e-07 2.33e-02 -11.0 3.52e-01    -  1.00e+00 1.22e-04h 14
2368  1.9700853e-03 1.27e-02 1.34e-01 -11.0 4.80e-01    -  1.00e+00 1.56e-02h  7
2369  1.9660832e-03 1.46e-01 3.70e-01 -11.0 8.52e-01    -  1.00e+00 3.12e-02h  6
iter    objective    inf_pr   inf_du lg(mu)  ||d||  lg(rg) alpha_du alpha_pr  ls
2370  1.9654971e-03 1.48e-01 4.01e-01 -11.0 1.14e+01    -  1.00e+00 2.44e-04h 13
2371  1.9664671e-03 1.45e-01 4.08e-01 -11.0 5.49e-02    -  1.00e+00 3.12e-02h  6
2372  1.9669868e-03 1.23e-01 1.63e-01 -11.0 3.02e-02    -  1.00e+00 5.00e-01h  2
2373  1.1288121e-01 2.45e+02 4.93e+00 -11.0 5.92e-01    -  1.00e+00 1.00e+00w  1
2374  5.2213409e-02 3.62e+02 5.04e+00 -11.0 3.70e-01    -  1.00e+00 1.00e+00w  1
2375  7.9538648e-01 4.98e+02 1.40e+01 -11.0 6.36e-01    -  1.00e+00 1.00e+00w  1
2376  1.9631890e-03 1.26e-01 1.35e-01 -11.0 7.73e-01    -  1.00e+00 7.81e-03h  7
2377  1.9624121e-03 1.18e-01 1.37e-01 -11.0 2.97e-02    -  1.00e+00 1.25e-01h  4
2378  1.9629366e-03 1.05e-01 1.30e-01 -11.0 2.21e-02    -  1.00e+00 1.25e-01h  4
2379  1.9621797e-03 9.29e-02 1.31e-01 -11.0 7.03e-03    -  1.00e+00 1.25e-01h  4
iter    objective    inf_pr   inf_du lg(mu)  ||d||  lg(rg) alpha_du alpha_pr  ls
2380  1.9645112e-03 2.09e-03 1.36e-02 -11.0 1.12e-03    -  1.00e+00 1.00e+00h  1
2381  1.9641810e-03 1.96e-03 3.82e-02 -11.0 1.31e-03    -  1.00e+00 1.00e+00h  1
2382  1.9622918e-03 8.29e-03 5.24e-02 -11.0 3.17e-03    -  1.00e+00 1.00e+00h  1
2383  1.9607394e-03 8.11e-03 8.01e-02 -11.0 1.17e-02    -  1.00e+00 6.25e-02h  5
2384  1.9605746e-03 5.89e-03 8.34e-02 -11.0 3.11e-03    -  1.00e+00 5.00e-01h  2
2385  1.9602678e-03 1.30e-03 6.41e-03 -11.0 8.85e-04    -  1.00e+00 1.00e+00h  1
2386  1.9603914e-03 1.18e-03 2.56e-02 -11.0 1.05e-03    -  1.00e+00 1.00e+00h  1
2387  1.9587140e-03 3.93e-03 1.42e-02 -11.0 2.14e-03    -  1.00e+00 1.00e+00h  1
2388  1.9584627e-03 5.57e-03 3.30e-02 -11.0 1.52e-02    -  1.00e+00 1.25e-01h  4
2389  1.9582945e-03 5.22e-03 4.50e-02 -11.0 8.19e-03    -  1.00e+00 1.25e-01h  4
iter    objective    inf_pr   inf_du lg(mu)  ||d||  lg(rg) alpha_du alpha_pr  ls
2390  1.9581618e-03 3.93e-03 3.33e-02 -11.0 4.93e-03    -  1.00e+00 5.00e-01h  2
2391  1.9577807e-03 6.09e-03 1.81e-02 -11.0 1.76e-02    -  1.00e+00 2.50e-01h  3
2392  1.9569732e-03 6.01e-03 2.34e-02 -11.0 2.34e-02    -  1.00e+00 6.25e-02h  5
2393  1.9651518e-03 6.78e-05 1.05e-01 -11.0 1.06e-02    -  1.00e+00 1.00e+00H  1
2394  1.9646575e-03 1.42e-04 1.09e-01 -11.0 1.77e-01    -  1.00e+00 3.91e-03h  9
2395  1.9640497e-03 3.53e-04 1.10e-01 -11.0 9.35e-02    -  1.00e+00 7.81e-03h  8
2396  1.9630367e-03 5.07e-04 1.14e-01 -11.0 4.16e-02    -  1.00e+00 1.56e-02h  7
2397  1.9567835e-03 6.81e-04 9.87e-02 -11.0 3.45e-02    -  1.00e+00 6.25e-02h  5
2398  2.0116734e-03 2.05e-04 2.39e-01 -11.0 1.68e-02    -  1.00e+00 1.00e+00H  1
2399  2.0032052e-03 7.10e-05 2.23e-01 -11.0 7.35e-03    -  1.00e+00 6.25e-02h  5
iter    objective    inf_pr   inf_du lg(mu)  ||d||  lg(rg) alpha_du alpha_pr  ls
2400  1.9501425e-03 1.24e-01 8.43e-02 -11.0 3.14e-02    -  1.00e+00 5.00e-01h  2
2401  1.9564324e-03 1.17e-01 1.37e-01 -11.0 2.29e-02    -  1.00e+00 6.25e-02h  5
2402  1.9511468e-03 3.35e-02 1.77e-02 -11.0 8.54e-03    -  1.00e+00 1.00e+00h  1
2403  1.9526064e-03 2.92e-02 3.42e-02 -11.0 1.16e-02    -  1.00e+00 1.25e-01h  4
2404  1.9489340e-03 1.02e-02 5.00e-02 -11.0 4.86e-03    -  1.00e+00 1.00e+00h  1
2405  1.9467517e-03 1.23e-02 6.92e-02 -11.0 4.12e-02    -  1.00e+00 6.25e-02h  5
2406  1.9467377e-03 1.60e-02 8.11e-02 -11.0 2.51e-02    -  1.00e+00 1.25e-01h  4
2407  1.9453672e-03 2.58e-02 7.02e-02 -11.0 8.10e-02    -  1.00e+00 6.25e-02h  5
2408  1.9445434e-03 4.12e-02 6.28e-02 -11.0 2.02e-01    -  1.00e+00 3.12e-02h  6
2409  1.9420623e-03 1.24e-01 7.14e-02 -11.0 4.85e-01    -  1.00e+00 3.12e-02h  6
iter    objective    inf_pr   inf_du lg(mu)  ||d||  lg(rg) alpha_du alpha_pr  ls
2410  1.9407461e-03 1.28e-01 8.78e-02 -11.0 2.96e-01    -  1.00e+00 1.56e-02h  7
2411  1.9386120e-03 1.31e-01 7.73e-02 -11.0 2.92e-01    -  1.00e+00 1.56e-02h  7
2412  1.9356382e-03 1.39e-01 4.15e-02 -11.0 1.23e-01    -  1.00e+00 6.25e-02h  5
2413  1.9320686e-03 1.76e-01 3.23e-02 -11.0 7.82e-01    -  1.00e+00 1.56e-02h  7
2414  1.9280896e-03 4.74e-01 7.08e-02 -11.0 1.89e+00    -  1.00e+00 1.56e-02h  7
2415  3.7447499e+00 1.41e+04 2.84e+02 -11.0 7.69e+00    -  1.00e+00 1.00e+00w  1
2416  1.5281692e+02 3.35e+06 8.88e+05 -11.0 4.71e+00    -  1.00e+00 1.00e+00w  1
2417  1.0225523e+04 3.53e+06 1.14e+05 -11.0 4.54e+01    -  1.00e+00 1.00e+00w  1
2418  1.9247071e-03 4.88e-01 6.12e-02 -11.0 4.79e+01    -  1.00e+00 9.77e-04h 10
2419  1.9422072e-03 1.17e-02 1.61e+01 -11.0 5.32e-03    -  1.00e+00 1.00e+00h  1
iter    objective    inf_pr   inf_du lg(mu)  ||d||  lg(rg) alpha_du alpha_pr  ls
2420  1.9295472e-03 1.65e-02 1.21e+01 -11.0 3.52e-02    -  1.00e+00 1.25e-01h  4
2421  1.9309063e-03 6.75e-03 9.38e-02 -11.0 3.33e-03    -  1.00e+00 1.00e+00h  1
2422  1.9301461e-03 6.72e-03 7.67e-02 -11.0 3.15e-02    -  1.00e+00 3.12e-02h  6
2423  1.9293334e-03 6.45e-03 7.69e-02 -11.0 6.02e-03    -  1.00e+00 6.25e-02h  5
2424  1.9271712e-03 8.18e-04 5.75e-02 -11.0 1.01e-03    -  1.00e+00 1.00e+00h  1
2425  1.9294595e-03 5.13e-04 5.15e-02 -11.0 8.83e-04    -  1.00e+00 1.00e+00h  1
2426  1.9241427e-03 9.92e-04 1.59e-01 -11.0 1.20e-03    -  1.00e+00 1.00e+00h  1
2427  1.9179387e-03 1.14e-04 1.07e-02 -11.0 5.50e-04    -  1.00e+00 1.00e+00h  1
2428  1.9176830e-03 1.47e-05 2.38e-03 -11.0 1.32e-04    -  1.00e+00 1.00e+00h  1
2429  1.9212709e-03 1.85e-05 2.25e-02 -11.0 2.82e-03    -  1.00e+00 1.00e+00H  1
iter    objective    inf_pr   inf_du lg(mu)  ||d||  lg(rg) alpha_du alpha_pr  ls
2430  1.9187166e-03 4.15e-06 4.78e-02 -11.0 1.91e-03    -  1.00e+00 1.00e+00H  1
2431  1.9247266e-03 4.05e-07 8.11e-02 -11.0 1.85e-03    -  1.00e+00 1.00e+00H  1
2432  1.9146892e-03 1.77e-03 1.09e-02 -11.0 1.04e-03    -  1.00e+00 1.00e+00h  1
2433  1.9144310e-03 2.28e-04 4.18e-03 -11.0 4.22e-04    -  1.00e+00 1.00e+00h  1
2434  1.9142547e-03 2.24e-04 1.15e-02 -11.0 7.00e-04    -  1.00e+00 1.00e+00h  1
2435  1.9164791e-03 2.06e-04 7.91e-02 -11.0 3.56e-03    -  1.00e+00 1.00e+00H  1
2436  1.9157924e-03 1.36e-04 8.58e-02 -11.0 6.21e-03    -  1.00e+00 6.25e-02h  5
2437  1.9240880e-03 4.46e-06 1.60e-02 -11.0 1.79e-03    -  1.00e+00 1.00e+00H  1
2438  1.9128423e-03 2.55e-03 1.21e-02 -11.0 1.59e-03    -  1.00e+00 1.00e+00h  1
2439  1.9136288e-03 2.70e-03 1.94e-02 -11.0 9.46e-04    -  1.00e+00 1.00e+00h  1
iter    objective    inf_pr   inf_du lg(mu)  ||d||  lg(rg) alpha_du alpha_pr  ls
2440  1.9120615e-03 3.84e-04 5.34e-03 -11.0 5.89e-04    -  1.00e+00 1.00e+00h  1
2441  1.9119877e-03 1.38e-04 3.81e-03 -11.0 2.26e-04    -  1.00e+00 1.00e+00h  1
2442  1.9118015e-03 5.48e-05 6.00e-03 -11.0 2.68e-04    -  1.00e+00 1.00e+00h  1
2443  1.9121341e-03 1.38e-06 3.52e-02 -11.0 1.33e-03    -  1.00e+00 1.00e+00H  1
2444  1.9149932e-03 1.79e-07 8.83e-02 -11.0 3.44e-03    -  1.00e+00 1.00e+00H  1
2445  1.9222984e-03 6.11e-08 2.47e-03 -11.0 1.71e-03    -  1.00e+00 1.00e+00H  1
2446  1.9098820e-03 5.46e-03 2.86e-02 -11.0 2.16e-03    -  1.00e+00 1.00e+00h  1
2447  1.9104663e-03 9.93e-04 2.75e-02 -11.0 1.07e-03    -  1.00e+00 1.00e+00h  1
2448  1.9093551e-03 1.45e-03 5.36e-02 -11.0 2.00e-03    -  1.00e+00 1.00e+00h  1
2449  1.9094002e-03 1.39e-03 6.61e-02 -11.0 1.36e-02    -  1.00e+00 1.25e-01h  4
iter    objective    inf_pr   inf_du lg(mu)  ||d||  lg(rg) alpha_du alpha_pr  ls
2450  1.9108968e-03 7.34e-06 5.30e-02 -11.0 1.84e-03    -  1.00e+00 1.00e+00H  1
2451  1.9117468e-03 2.22e-06 9.79e-02 -11.0 1.44e-03    -  1.00e+00 1.00e+00H  1
2452  1.9079526e-03 1.24e-03 1.46e-02 -11.0 8.85e-04    -  1.00e+00 1.00e+00h  1
2453  1.9079359e-03 1.21e-04 8.48e-03 -11.0 5.58e-04    -  1.00e+00 1.00e+00h  1
2454  1.9080204e-03 2.68e-05 5.27e-02 -11.0 1.90e-03    -  1.00e+00 1.00e+00H  1
2455  1.9078387e-03 4.71e-03 1.09e-01 -11.0 2.01e-02    -  1.00e+00 1.25e-01h  4
2456  1.9077741e-03 5.36e-03 1.29e-01 -11.0 2.18e-02    -  1.00e+00 6.25e-02h  5
2457  1.9076149e-03 5.12e-03 1.40e-01 -11.0 1.10e-02    -  1.00e+00 1.25e-01h  4
2458  1.9078549e-03 3.77e-03 1.02e-01 -11.0 4.18e-03    -  1.00e+00 2.50e-01h  3
2459  1.9071122e-03 1.90e-03 5.15e-02 -11.0 8.99e-04    -  1.00e+00 5.00e-01h  2
iter    objective    inf_pr   inf_du lg(mu)  ||d||  lg(rg) alpha_du alpha_pr  ls
2460  1.9074318e-03 4.72e-04 2.86e-02 -11.0 7.76e-04    -  1.00e+00 1.00e+00h  1
2461  1.9065505e-03 7.75e-05 8.90e-03 -11.0 4.65e-04    -  1.00e+00 1.00e+00h  1
2462  1.9064313e-03 4.24e-05 5.85e-03 -11.0 7.58e-04    -  1.00e+00 1.00e+00h  1
2463  1.9064473e-03 8.03e-05 6.24e-03 -11.0 9.22e-04    -  1.00e+00 1.00e+00h  1
2464  1.9066648e-03 2.22e-05 9.95e-03 -11.0 2.44e-03    -  1.00e+00 1.00e+00H  1
2465  1.9063792e-03 8.96e-05 2.11e-02 -11.0 3.72e-03    -  1.00e+00 1.25e-01h  4
2466  1.9050493e-03 2.71e-04 7.10e-03 -11.0 6.07e-04    -  1.00e+00 1.00e+00h  1
2467  1.9049781e-03 1.28e-04 6.58e-03 -11.0 1.57e-03    -  1.00e+00 1.00e+00h  1
2468  1.9048346e-03 5.06e-04 1.78e-02 -11.0 1.86e-02    -  1.00e+00 2.50e-01h  3
2469  1.9044177e-03 3.80e-03 6.27e-02 -11.0 2.81e-01    -  1.00e+00 3.12e-02h  6
iter    objective    inf_pr   inf_du lg(mu)  ||d||  lg(rg) alpha_du alpha_pr  ls
2470  1.9042462e-03 5.67e-03 9.42e-02 -11.0 3.85e-01    -  1.00e+00 1.56e-02h  7
2471  1.9037853e-03 5.35e-03 1.06e-01 -11.0 6.90e-02    -  1.00e+00 3.12e-02h  6
2472  1.9028436e-03 8.34e-03 1.23e-01 -11.0 8.90e-02    -  1.00e+00 1.25e-01h  4
2473  1.9023588e-03 2.72e-02 1.12e-01 -11.0 8.81e-01    -  1.00e+00 1.56e-02h  7
2474  1.9013532e-03 3.34e-02 1.60e-01 -11.0 6.31e-01    -  1.00e+00 1.56e-02h  7
2475  1.8997880e-03 3.40e-02 1.47e-01 -11.0 3.15e-01    -  1.00e+00 7.81e-03h  8
2476  1.9012955e-03 3.41e-02 1.20e-01 -11.0 3.64e-02    -  1.00e+00 1.25e-01h  4
2477  1.8998304e-03 1.85e-02 4.44e-02 -11.0 1.78e-02    -  1.00e+00 2.50e-01h  3
2478  1.9510066e-03 4.91e-02 9.66e-02 -11.0 7.58e-03    -  1.00e+00 1.00e+00w  1
2479  1.9726438e-03 3.48e-02 1.73e-01 -11.0 1.88e-02    -  1.00e+00 1.00e+00w  1
iter    objective    inf_pr   inf_du lg(mu)  ||d||  lg(rg) alpha_du alpha_pr  ls
2480  3.6722083e-03 9.92e-01 3.73e-01 -11.0 4.86e-02    -  1.00e+00 1.00e+00w  1
2481  1.9027815e-03 1.40e-02 5.89e-02 -11.0 6.40e-02    -  1.00e+00 5.00e-01h  1
2482  1.9077524e-03 1.57e-05 4.10e-02 -11.0 6.04e-03    -  1.00e+00 1.00e+00H  1
2483  1.8985788e-03 1.02e-03 4.70e-02 -11.0 3.90e-03    -  1.00e+00 5.00e-01h  2
2484  1.8977522e-03 3.68e-03 7.35e-02 -11.0 3.67e-03    -  1.00e+00 1.00e+00h  1
2485  1.8990567e-03 1.04e-03 6.68e-02 -11.0 2.64e-03    -  1.00e+00 1.00e+00h  1
2486  1.8924357e-03 2.48e-03 3.45e-02 -11.0 2.86e-03    -  1.00e+00 1.00e+00h  1
2487  1.8919054e-03 1.39e-03 3.40e-02 -11.0 1.60e-03    -  1.00e+00 5.00e-01h  2
2488  1.8899576e-03 3.17e-04 1.02e-02 -11.0 1.10e-03    -  1.00e+00 1.00e+00h  1
2489  1.8902048e-03 5.30e-05 8.88e-03 -11.0 3.26e-04    -  1.00e+00 1.00e+00h  1
iter    objective    inf_pr   inf_du lg(mu)  ||d||  lg(rg) alpha_du alpha_pr  ls
2490  1.8896370e-03 2.37e-05 6.14e-03 -11.0 1.45e-04    -  1.00e+00 1.00e+00h  1
2491  1.8894533e-03 7.24e-06 4.28e-03 -11.0 1.96e-04    -  1.00e+00 1.00e+00h  1
2492  1.8906091e-03 1.37e-05 3.83e-02 -11.0 2.61e-03    -  1.00e+00 1.00e+00H  1
2493  1.8904707e-03 1.67e-05 4.05e-02 -11.0 7.26e-03    -  1.00e+00 1.56e-02h  7
2494  1.9084035e-03 2.51e-06 1.94e-01 -11.0 7.69e-03    -  1.00e+00 1.00e+00H  1
2495  1.9067712e-03 1.41e-05 1.93e-01 -11.0 4.77e-03    -  1.00e+00 3.12e-02h  6
2496  1.8866160e-03 6.14e-03 3.14e-02 -11.0 5.07e-03    -  1.00e+00 1.00e+00h  1
2497  1.8889100e-03 3.20e-03 2.70e-02 -11.0 1.95e-03    -  1.00e+00 5.00e-01h  2
2498  1.8862920e-03 7.77e-04 2.40e-03 -11.0 9.83e-04    -  1.00e+00 1.00e+00h  1
2499  1.8861885e-03 7.16e-04 3.69e-02 -11.0 1.94e-03    -  1.00e+00 1.00e+00h  1
iter    objective    inf_pr   inf_du lg(mu)  ||d||  lg(rg) alpha_du alpha_pr  ls
2500  1.8852073e-03 3.21e-03 1.08e-01 -11.0 6.66e-02    -  1.00e+00 6.25e-02h  5
2501  1.8840222e-03 5.74e-03 2.05e-01 -11.0 3.91e-01    -  1.00e+00 1.56e-02h  7
2502  1.8839465e-03 9.04e-03 2.16e-01 -11.0 1.67e-01    -  1.00e+00 1.56e-02h  7
2503  1.8836618e-03 1.03e-02 1.79e-01 -11.0 1.57e-02    -  1.00e+00 1.25e-01h  4
2504  1.8828719e-03 1.02e-02 1.55e-01 -11.0 8.06e-03    -  1.00e+00 1.25e-01h  4
2505  1.8830850e-03 9.01e-03 1.31e-01 -11.0 7.49e-03    -  1.00e+00 2.50e-01h  3
2506  1.8824709e-03 9.02e-03 4.89e-02 -11.0 1.45e-02    -  1.00e+00 2.50e-01h  3
2507  1.8816417e-03 1.03e-02 1.87e-02 -11.0 9.85e-02    -  1.00e+00 3.12e-02h  6
2508  1.8813607e-03 1.04e-02 1.82e-02 -11.0 5.30e-02    -  1.00e+00 1.56e-02h  7
2509  1.8816587e-03 8.34e-03 3.34e-02 -11.0 5.07e-03    -  1.00e+00 2.50e-01h  3
iter    objective    inf_pr   inf_du lg(mu)  ||d||  lg(rg) alpha_du alpha_pr  ls
2510  1.8840246e-03 5.56e-03 6.75e-02 -11.0 5.09e-03    -  1.00e+00 1.00e+00w  1
2511  2.2265328e-03 4.75e-01 2.34e-01 -11.0 3.73e-02    -  1.00e+00 1.00e+00w  1
2512  2.7480001e-03 2.35e+00 1.13e+00 -11.0 3.94e-02    -  1.00e+00 1.00e+00w  1
2513  1.8809440e-03 3.86e-03 5.03e-02 -11.0 1.78e-01    -  1.00e+00 5.00e-01h  1
2514  1.8806288e-03 5.26e-03 5.78e-02 -11.0 1.14e-01    -  1.00e+00 1.56e-02h  7
2515  1.8798222e-03 8.40e-03 7.07e-02 -11.0 5.36e-02    -  1.00e+00 6.25e-02h  5
2516  1.8789206e-03 1.40e-02 1.15e-01 -11.0 2.03e-01    -  1.00e+00 3.12e-02h  6
2517  1.8788484e-03 1.38e-02 1.30e-01 -11.0 9.15e-02    -  1.00e+00 1.56e-02h  7
2518  1.8789926e-03 1.47e-02 1.61e-01 -11.0 2.42e-02    -  1.00e+00 2.50e-01h  3
2519  1.8786945e-03 1.55e-02 1.80e-01 -11.0 2.58e-01    -  1.00e+00 1.56e-02h  7
iter    objective    inf_pr   inf_du lg(mu)  ||d||  lg(rg) alpha_du alpha_pr  ls
2520  1.8785226e-03 1.55e-02 1.80e-01 -11.0 2.17e-01    -  1.00e+00 1.56e-02h  7
2521  1.8777493e-03 1.82e-02 1.87e-01 -11.0 2.19e-01    -  1.00e+00 3.12e-02h  6
2522  1.8768631e-03 1.95e-02 1.59e-01 -11.0 2.18e-01    -  1.00e+00 7.81e-03h  8
2523  1.8755496e-03 2.05e-02 4.27e-02 -11.0 1.32e-02    -  1.00e+00 2.50e-01h  3
2524  2.2786445e-03 1.14e+00 6.87e-01 -11.0 6.35e-02    -  1.00e+00 1.00e+00w  1
2525  2.7065295e-03 4.01e-01 5.83e-01 -11.0 1.46e-02    -  1.00e+00 1.00e+00w  1
2526  2.1583866e-03 4.57e-01 1.52e-01 -11.0 3.77e-02    -  1.00e+00 1.00e+00w  1
2527  1.8743032e-03 2.27e-02 2.72e-02 -11.0 4.89e-02    -  1.00e+00 6.25e-02h  4
2528  1.8748634e-03 2.30e-02 6.61e-02 -11.0 1.80e-02    -  1.00e+00 2.50e-01h  3
2529  1.8716182e-03 2.77e-02 1.35e-01 -11.0 5.10e-02    -  1.00e+00 1.25e-01h  4
iter    objective    inf_pr   inf_du lg(mu)  ||d||  lg(rg) alpha_du alpha_pr  ls
2530  1.8706865e-03 2.84e-02 1.73e-01 -11.0 1.11e-01    -  1.00e+00 3.12e-02h  6
2531  1.8699448e-03 3.33e-02 2.72e-01 -11.0 2.77e-02    -  1.00e+00 2.50e-01h  3
2532  1.8674157e-03 4.39e-02 3.09e-01 -11.0 9.82e-02    -  1.00e+00 6.25e-02h  5
2533  1.8660397e-03 4.76e-02 3.48e-01 -11.0 1.12e-01    -  1.00e+00 3.12e-02h  6
2534  1.8641572e-03 4.88e-02 4.00e-01 -11.0 5.88e-02    -  1.00e+00 6.25e-02h  5
2535  1.8624472e-03 5.47e-02 4.82e-01 -11.0 1.10e-01    -  1.00e+00 6.25e-02h  5
2536  1.8621273e-03 5.82e-02 5.20e-01 -11.0 2.48e-01    -  1.00e+00 1.56e-02h  7
2537  2.0675977e-03 3.42e-01 4.93e-01 -11.0 4.45e-02    -  1.00e+00 1.00e+00w  1
2538  5.5716105e-03 5.99e-01 1.12e+00 -11.0 4.43e-02    -  1.00e+00 1.00e+00w  1
2539  4.1624485e-03 8.75e-01 9.48e-01 -11.0 7.44e-02    -  1.00e+00 1.00e+00w  1
iter    objective    inf_pr   inf_du lg(mu)  ||d||  lg(rg) alpha_du alpha_pr  ls
2540  1.8614353e-03 5.61e-02 5.20e-01 -11.0 1.85e+00    -  1.00e+00 1.25e-01h  3
2541  1.8596188e-03 5.66e-02 4.87e-01 -11.0 1.81e+00    -  1.00e+00 9.77e-04h 11
2542  1.8641924e-03 2.81e-02 2.79e-01 -11.0 4.42e-03    -  1.00e+00 5.00e-01h  2
2543  1.8554125e-03 4.90e-04 6.04e-02 -11.0 1.83e-03    -  1.00e+00 1.00e+00h  1
2544  1.8604260e-03 7.22e-05 3.91e-02 -11.0 1.59e-03    -  1.00e+00 1.00e+00H  1
2545  1.8535648e-03 9.80e-04 5.09e-03 -11.0 1.15e-03    -  1.00e+00 1.00e+00h  1
2546  1.8532725e-03 3.07e-05 6.62e-03 -11.0 2.33e-04    -  1.00e+00 1.00e+00h  1
2547  1.8525281e-03 4.77e-04 1.51e-02 -11.0 1.52e-03    -  1.00e+00 1.00e+00h  1
2548  1.8522107e-03 9.27e-04 2.60e-02 -11.0 1.30e-02    -  1.00e+00 1.25e-01h  4
2549  1.8668117e-03 7.76e-06 1.54e-01 -11.0 1.26e-02    -  1.00e+00 1.00e+00H  1
iter    objective    inf_pr   inf_du lg(mu)  ||d||  lg(rg) alpha_du alpha_pr  ls
2550  1.8665005e-03 5.84e-06 1.56e-01 -11.0 5.18e-02    -  1.00e+00 3.91e-03h  9
2551  1.8659678e-03 9.68e-06 1.56e-01 -11.0 1.05e-02    -  1.00e+00 7.81e-03h  8
2552  1.8647675e-03 1.53e-05 1.55e-01 -11.0 7.03e-03    -  1.00e+00 1.56e-02h  7
2553  1.8574529e-03 3.24e-06 5.09e-02 -11.0 3.87e-03    -  1.00e+00 1.00e+00H  1
2554  1.8963203e-03 1.12e-05 4.91e-02 -11.0 3.97e-03    -  1.00e+00 1.00e+00H  1
2555  1.8474833e-03 5.78e-03 1.73e-02 -11.0 2.90e-03    -  1.00e+00 1.00e+00h  1
2556  1.8474985e-03 7.49e-05 9.68e-03 -11.0 2.79e-04    -  1.00e+00 1.00e+00h  1
2557  1.8471003e-03 9.64e-05 1.41e-02 -11.0 3.00e-04    -  1.00e+00 1.00e+00h  1
2558  1.8470715e-03 3.37e-04 1.76e-02 -11.0 6.47e-04    -  1.00e+00 1.00e+00h  1
2559  1.8462140e-03 1.26e-04 2.10e-02 -11.0 8.89e-04    -  1.00e+00 1.00e+00h  1
iter    objective    inf_pr   inf_du lg(mu)  ||d||  lg(rg) alpha_du alpha_pr  ls
2560  1.8603109e-03 4.78e-06 1.65e-02 -11.0 3.57e-03    -  1.00e+00 1.00e+00H  1
2561  1.8458104e-03 1.07e-03 1.45e-02 -11.0 2.02e-03    -  1.00e+00 1.00e+00h  1
2562  1.8453721e-03 3.26e-04 5.58e-03 -11.0 9.41e-04    -  1.00e+00 1.00e+00h  1
2563  1.8443851e-03 7.44e-05 5.88e-03 -11.0 4.21e-04    -  1.00e+00 1.00e+00h  1
2564  1.8442263e-03 1.04e-04 4.73e-03 -11.0 5.42e-04    -  1.00e+00 1.00e+00h  1
2565  1.8441153e-03 4.31e-03 5.47e-02 -11.0 1.22e-02    -  1.00e+00 2.50e-01h  3
2566  1.8438332e-03 5.03e-03 7.71e-02 -11.0 4.31e-02    -  1.00e+00 3.12e-02h  6
2567  1.8433970e-03 5.26e-03 8.31e-02 -11.0 1.66e-02    -  1.00e+00 6.25e-02h  5
2568  1.8802963e-03 5.72e-06 1.50e-01 -11.0 8.29e-03    -  1.00e+00 1.00e+00H  1
2569  1.8482249e-03 4.25e-06 1.14e-01 -11.0 3.03e-03    -  1.00e+00 1.00e+00H  1
iter    objective    inf_pr   inf_du lg(mu)  ||d||  lg(rg) alpha_du alpha_pr  ls
2570  1.8587575e-03 4.24e-06 4.68e-02 -11.0 3.70e-03    -  1.00e+00 1.00e+00H  1
2571  1.8416828e-03 7.87e-04 3.74e-02 -11.0 2.01e-03    -  1.00e+00 1.00e+00h  1
2572  1.8408581e-03 6.62e-04 1.84e-02 -11.0 5.73e-04    -  1.00e+00 1.00e+00h  1
2573  1.8404272e-03 1.15e-04 1.63e-03 -11.0 2.97e-04    -  1.00e+00 1.00e+00h  1
2574  1.8403519e-03 6.58e-06 1.83e-03 -11.0 1.05e-04    -  1.00e+00 1.00e+00h  1
2575  1.8399786e-03 3.39e-05 1.89e-03 -11.0 6.30e-04    -  1.00e+00 1.00e+00h  1
2576  1.8396981e-03 4.12e-04 1.46e-02 -11.0 3.49e-02    -  1.00e+00 6.25e-02h  5
2577  1.8635103e-03 4.87e-06 6.76e-02 -11.0 6.79e-03    -  1.00e+00 1.00e+00H  1
2578  1.8520768e-03 8.53e-06 2.12e-02 -11.0 2.43e-03    -  1.00e+00 1.00e+00H  1
2579  1.8387427e-03 3.04e-03 1.79e-02 -11.0 3.63e-03    -  1.00e+00 1.00e+00h  1
iter    objective    inf_pr   inf_du lg(mu)  ||d||  lg(rg) alpha_du alpha_pr  ls
2580  1.8678808e-03 1.37e-06 7.38e-02 -11.0 2.65e-03    -  1.00e+00 1.00e+00H  1
2581  1.8374425e-03 6.42e-03 5.46e-03 -11.0 2.30e-03    -  1.00e+00 1.00e+00h  1
2582  1.8376321e-03 3.25e-05 9.94e-03 -11.0 2.29e-04    -  1.00e+00 1.00e+00h  1
2583  1.8373570e-03 1.13e-05 4.44e-03 -11.0 1.91e-04    -  1.00e+00 1.00e+00h  1
2584  1.8371964e-03 1.77e-05 1.57e-03 -11.0 2.87e-04    -  1.00e+00 1.00e+00h  1
2585  1.8452389e-03 1.05e-06 9.52e-02 -11.0 5.68e-03    -  1.00e+00 1.00e+00H  1
2586  1.8755331e-03 1.78e-07 1.08e-01 -11.0 5.53e-03    -  1.00e+00 1.00e+00H  1
2587  1.8462425e-03 4.99e-07 9.91e-03 -11.0 6.67e-03    -  1.00e+00 1.00e+00H  1
2588  1.8457699e-03 1.16e-06 9.84e-03 -11.0 6.98e-03    -  1.00e+00 7.81e-03h  8
2589  1.8429186e-03 8.09e-06 4.04e-02 -11.0 2.51e-03    -  1.00e+00 1.00e+00H  1
iter    objective    inf_pr   inf_du lg(mu)  ||d||  lg(rg) alpha_du alpha_pr  ls
2590  1.8365228e-03 8.91e-04 4.44e-02 -11.0 1.12e-03    -  1.00e+00 1.00e+00h  1
2591  1.8350338e-03 9.17e-05 1.70e-02 -11.0 5.28e-04    -  1.00e+00 1.00e+00h  1
2592  1.8349109e-03 2.49e-05 1.44e-03 -11.0 2.57e-04    -  1.00e+00 1.00e+00h  1
2593  1.8347371e-03 6.06e-05 9.33e-03 -11.0 6.48e-04    -  1.00e+00 1.00e+00h  1
2594  1.8375965e-03 6.11e-06 2.38e-02 -11.0 3.38e-03    -  1.00e+00 1.00e+00H  1
2595  1.8541318e-03 7.04e-07 5.33e-02 -11.0 5.35e-03    -  1.00e+00 1.00e+00H  1
2596  1.8434289e-03 5.51e-06 2.74e-02 -11.0 4.51e-03    -  1.00e+00 1.00e+00H  1
2597  1.8419872e-03 8.46e-06 2.51e-02 -11.0 3.34e-03    -  1.00e+00 3.12e-02h  6
2598  1.8322250e-03 7.66e-04 1.60e-02 -11.0 2.80e-03    -  1.00e+00 1.00e+00h  1
2599  1.8327691e-03 5.07e-04 2.51e-02 -11.0 2.38e-03    -  1.00e+00 5.00e-01h  2
iter    objective    inf_pr   inf_du lg(mu)  ||d||  lg(rg) alpha_du alpha_pr  ls
2600  1.8321348e-03 2.72e-04 7.14e-03 -11.0 5.62e-04    -  1.00e+00 1.00e+00h  1
2601  1.8319072e-03 6.49e-04 1.75e-02 -11.0 7.05e-04    -  1.00e+00 1.00e+00h  1
2602  1.8309593e-03 1.24e-04 3.98e-03 -11.0 5.31e-04    -  1.00e+00 1.00e+00h  1
2603  1.8306211e-03 6.24e-05 2.60e-03 -11.0 1.14e-03    -  1.00e+00 1.00e+00h  1
2604  1.8297864e-03 7.27e-03 3.27e-02 -11.0 7.68e-02    -  1.00e+00 1.25e-01h  4
2605  1.8291578e-03 8.18e-03 2.67e-02 -11.0 4.29e-01    -  1.00e+00 7.81e-03h  8
2606  1.8291507e-03 8.45e-03 4.56e-02 -11.0 6.78e-02    -  1.00e+00 3.12e-02h  6
2607  1.8286555e-03 8.74e-03 2.80e-02 -11.0 4.49e-02    -  1.00e+00 6.25e-02h  5
2608  1.8271061e-03 2.03e-02 2.42e-02 -11.0 1.15e-01    -  1.00e+00 1.25e-01h  4
2609  1.8242554e-03 1.55e-01 1.31e-01 -11.0 5.54e+00    -  1.00e+00 7.81e-03h  8
iter    objective    inf_pr   inf_du lg(mu)  ||d||  lg(rg) alpha_du alpha_pr  ls
2610  1.8218705e-03 1.65e-01 1.09e-01 -11.0 2.79e+00    -  1.00e+00 3.91e-03h  9
2611  1.8192749e-03 1.85e-01 6.49e-02 -11.0 1.65e+01    -  1.00e+00 9.77e-04h 11
2612  1.8177419e-03 1.86e-01 2.96e-02 -11.0 3.08e+00    -  1.00e+00 3.91e-03h  9
2613  1.8165230e-03 1.88e-01 4.39e-02 -11.0 1.05e+00    -  1.00e+00 3.91e-03h  9
2614  2.9848731e-02 1.04e+02 7.67e+00 -11.0 8.44e-01    -  1.00e+00 1.00e+00w  1
2615  7.2360287e-01 2.73e+03 7.33e+01 -11.0 1.17e+00    -  1.00e+00 1.00e+00w  1
2616  8.3878014e+00 2.90e+05 1.17e+05 -11.0 4.68e+00    -  1.00e+00 1.00e+00w  1
2617  1.8154775e-03 1.81e-01 5.50e-02 -11.0 6.23e-01    -  1.00e+00 1.56e-02h  6
2618  1.8129126e-03 2.34e-03 1.11e-01 -11.0 1.88e-03    -  1.00e+00 1.00e+00h  1
2619  1.8171085e-03 4.40e-03 1.03e-01 -11.0 1.85e-02    -  1.00e+00 2.50e-01h  3
iter    objective    inf_pr   inf_du lg(mu)  ||d||  lg(rg) alpha_du alpha_pr  ls
2620  1.8109343e-03 3.70e-03 7.59e-02 -11.0 1.39e-02    -  1.00e+00 2.50e-01h  3
2621  1.8077572e-03 1.63e-02 7.68e-02 -11.0 2.61e-02    -  1.00e+00 2.50e-01h  3
2622  1.8017302e-03 1.83e-02 1.04e-01 -11.0 3.68e-02    -  1.00e+00 1.25e-01h  4
2623  1.7987968e-03 1.69e-02 9.86e-02 -11.0 6.41e-03    -  1.00e+00 1.25e-01h  4
2624  1.7930448e-03 2.50e-03 4.73e-02 -11.0 3.20e-03    -  1.00e+00 1.00e+00h  1
2625  1.7928002e-03 2.25e-03 4.43e-02 -11.0 5.84e-03    -  1.00e+00 1.25e-01h  4
2626  1.7911129e-03 8.24e-04 2.61e-02 -11.0 2.63e-03    -  1.00e+00 1.00e+00h  1
2627  1.7907147e-03 2.56e-03 5.95e-02 -11.0 5.94e-02    -  1.00e+00 6.25e-02h  5
2628  1.7897795e-03 5.95e-03 8.50e-02 -11.0 5.22e-02    -  1.00e+00 6.25e-02h  5
2629  1.7887272e-03 8.99e-03 1.27e-01 -11.0 3.45e-02    -  1.00e+00 1.25e-01h  4
iter    objective    inf_pr   inf_du lg(mu)  ||d||  lg(rg) alpha_du alpha_pr  ls
2630  1.7817717e-03 2.68e-02 2.46e-01 -11.0 7.78e-02    -  1.00e+00 1.25e-01h  4
2631  1.7776308e-03 3.13e-02 3.09e-01 -11.0 7.05e-01    -  1.00e+00 7.81e-03h  8
2632  1.7749403e-03 5.36e-02 4.15e-01 -11.0 3.75e-01    -  1.00e+00 3.12e-02h  6
2633  1.7728360e-03 5.76e-02 4.55e-01 -11.0 4.63e-01    -  1.00e+00 7.81e-03h  8
2634  1.7705674e-03 1.04e-01 5.58e-01 -11.0 2.36e-01    -  1.00e+00 6.25e-02h  5
2635  1.7677459e-03 1.28e-01 6.03e-01 -11.0 1.12e+00    -  1.00e+00 7.81e-03h  8
2636  1.7663196e-03 1.28e-01 5.73e-01 -11.0 1.70e-01    -  1.00e+00 7.81e-03h  8
2637  1.7666474e-03 2.38e-02 4.03e-02 -11.0 8.56e-03    -  1.00e+00 1.00e+00h  1
2638  1.7637080e-03 2.37e-02 4.30e-02 -11.0 2.49e-02    -  1.00e+00 6.25e-02h  5
2639  1.7640114e-03 2.21e-02 9.31e-02 -11.0 1.46e-02    -  1.00e+00 1.00e+00h  1
iter    objective    inf_pr   inf_du lg(mu)  ||d||  lg(rg) alpha_du alpha_pr  ls
2640  1.7613790e-03 3.38e-02 1.37e-01 -11.0 3.56e-01    -  1.00e+00 3.12e-02h  6
2641  1.7597234e-03 3.60e-02 1.50e-01 -11.0 3.23e-01    -  1.00e+00 1.56e-02h  7
2642  1.7591643e-03 3.41e-02 1.53e-01 -11.0 4.03e-02    -  1.00e+00 6.25e-02h  5
2643  1.7573256e-03 3.06e-02 8.89e-02 -11.0 2.00e-02    -  1.00e+00 2.50e-01h  3
2644  1.7570190e-03 2.69e-02 8.70e-02 -11.0 3.08e-02    -  1.00e+00 2.50e-01h  3
2645  1.7560462e-03 2.54e-02 6.96e-02 -11.0 2.78e-02    -  1.00e+00 1.25e-01h  4
2646  1.7628563e-03 2.44e-02 7.74e-02 -11.0 8.71e-03    -  1.00e+00 1.00e+00h  1
2647  1.7550904e-03 3.11e-02 1.18e-01 -11.0 2.18e-02    -  1.00e+00 2.50e-01h  3
2648  1.7874465e-03 1.47e-02 3.77e-02 -11.0 8.27e-03    -  1.00e+00 5.00e-01h  2
2649  1.7421243e-03 2.65e-02 3.84e-02 -11.0 7.39e-03    -  1.00e+00 1.00e+00h  1
iter    objective    inf_pr   inf_du lg(mu)  ||d||  lg(rg) alpha_du alpha_pr  ls
2650  1.7404950e-03 2.33e-02 2.92e-02 -11.0 1.12e-02    -  1.00e+00 1.25e-01h  4
2651  1.7382446e-03 3.73e-03 1.09e-02 -11.0 2.83e-03    -  1.00e+00 1.00e+00h  1
2652  1.7523615e-03 1.05e-03 1.20e-01 -11.0 2.16e-03    -  1.00e+00 5.00e-01h  2
2653  1.7358416e-03 1.42e-03 1.11e-02 -11.0 1.05e-03    -  1.00e+00 1.00e+00h  1
2654  1.7356273e-03 5.00e-05 2.72e-03 -11.0 4.24e-04    -  1.00e+00 1.00e+00h  1
2655  1.7350753e-03 5.37e-04 1.28e-02 -11.0 4.90e-02    -  1.00e+00 3.12e-02h  6
2656  1.7343400e-03 1.35e-03 5.04e-02 -11.0 1.45e-02    -  1.00e+00 2.50e-01h  3
2657  1.7320251e-03 8.93e-03 1.61e-01 -11.0 7.99e-02    -  1.00e+00 1.25e-01h  4
2658  1.7278838e-03 1.71e-02 2.68e-01 -11.0 7.58e-01    -  1.00e+00 1.56e-02h  7
2659  1.7274504e-03 1.79e-02 2.96e-01 -11.0 2.58e-01    -  1.00e+00 1.56e-02h  7
iter    objective    inf_pr   inf_du lg(mu)  ||d||  lg(rg) alpha_du alpha_pr  ls
2660  1.7265375e-03 1.80e-02 3.22e-01 -11.0 9.15e-02    -  1.00e+00 3.12e-02h  6
2661  1.7287850e-03 1.64e-02 3.81e-01 -11.0 4.46e-02    -  1.00e+00 1.25e-01h  4
2662  1.7290764e-03 1.24e-02 3.67e-01 -11.0 1.07e-02    -  1.00e+00 2.50e-01h  3
2663  1.7263605e-03 1.65e-02 6.85e-02 -11.0 2.39e-02    -  1.00e+00 5.00e-01h  2
2664  1.7228739e-03 1.65e-02 6.29e-02 -11.0 1.56e-01    -  1.00e+00 3.12e-02h  6
2665  1.7999441e-03 4.67e-02 4.62e-02 -11.0 1.40e-02    -  1.00e+00 1.00e+00w  1
2666  1.8757273e-03 1.61e-01 8.57e-01 -11.0 5.13e-02    -  1.00e+00 1.00e+00w  1
2667  5.4035453e-02 1.78e+01 5.45e+00 -11.0 3.91e-01    -  1.00e+00 1.00e+00w  1
2668  1.7230441e-03 1.34e-02 4.70e-02 -11.0 1.64e-01    -  1.00e+00 2.50e-01h  2
2669  1.7234896e-03 1.18e-02 4.13e-02 -11.0 1.41e-02    -  1.00e+00 1.25e-01h  4
iter    objective    inf_pr   inf_du lg(mu)  ||d||  lg(rg) alpha_du alpha_pr  ls
2670  1.7277720e-03 3.05e-02 1.05e-01 -11.0 1.84e-02    -  1.00e+00 5.00e-01h  2
2671  1.7250749e-03 3.14e-02 1.36e-01 -11.0 5.60e-02    -  1.00e+00 3.12e-02h  6
2672  1.7224508e-03 2.86e-02 1.80e-01 -11.0 5.69e-02    -  1.00e+00 6.25e-02h  5
2673  1.7189553e-03 2.30e-02 2.29e-01 -11.0 1.46e-01    -  1.00e+00 3.12e-02h  6
2674  1.7159778e-03 1.88e-02 2.87e-01 -11.0 1.09e-01    -  1.00e+00 6.25e-02h  5
2675  1.7137770e-03 1.73e-02 3.03e-01 -11.0 3.11e-01    -  1.00e+00 1.56e-02h  7
2676  1.7129100e-03 2.16e-02 3.69e-01 -11.0 1.26e-01    -  1.00e+00 6.25e-02h  5
2677  1.7119716e-03 2.37e-02 3.17e-01 -11.0 2.02e-01    -  1.00e+00 1.56e-02h  7
2678  1.9495436e-03 3.22e-01 1.44e-01 -11.0 4.00e-02    -  1.00e+00 1.00e+00w  1
2679  3.7264217e-03 3.36e+00 1.31e+00 -11.0 1.49e-01    -  1.00e+00 1.00e+00w  1
iter    objective    inf_pr   inf_du lg(mu)  ||d||  lg(rg) alpha_du alpha_pr  ls
2680  1.2268224e-01 1.80e+01 9.70e+00 -11.0 4.95e-01    -  1.00e+00 1.00e+00w  1
2681  1.7087513e-03 2.04e-02 2.51e-01 -11.0 3.47e-01    -  1.00e+00 1.25e-01h  3
2682  3.5013223e-03 5.94e-02 3.24e-01 -11.0 1.50e-02    -  1.00e+00 1.00e+00H  1
2683  1.7202145e-03 8.37e-02 3.69e-01 -11.0 1.83e-02    -  1.00e+00 1.00e+00H  1
2684  1.7490807e-03 4.42e-03 1.82e-01 -11.0 2.81e-03    -  1.00e+00 1.00e+00h  1
2685  1.6996357e-03 1.76e-03 1.64e-01 -11.0 3.41e-03    -  1.00e+00 1.00e+00h  1
2686  1.7064086e-03 2.11e-03 1.50e-02 -11.0 1.81e-03    -  1.00e+00 1.00e+00h  1
2687  1.6995548e-03 2.23e-04 1.86e-02 -11.0 9.41e-04    -  1.00e+00 1.00e+00h  1
2688  1.6988362e-03 5.85e-05 4.38e-03 -11.0 2.75e-04    -  1.00e+00 1.00e+00h  1
2689  1.6985921e-03 8.91e-05 2.18e-03 -11.0 2.92e-04    -  1.00e+00 1.00e+00h  1
iter    objective    inf_pr   inf_du lg(mu)  ||d||  lg(rg) alpha_du alpha_pr  ls
2690  1.6980205e-03 2.02e-03 1.80e-02 -11.0 2.55e-02    -  1.00e+00 6.25e-02h  5
2691  1.6973774e-03 3.51e-03 3.61e-02 -11.0 1.62e-02    -  1.00e+00 1.25e-01h  4
2692  1.6962930e-03 1.25e-02 9.68e-02 -11.0 4.10e-02    -  1.00e+00 1.25e-01h  4
2693  1.6948873e-03 1.55e-02 1.50e-01 -11.0 1.22e-01    -  1.00e+00 3.12e-02h  6
2694  1.6940911e-03 1.90e-02 1.87e-01 -11.0 9.90e-02    -  1.00e+00 3.12e-02h  6
2695  1.6917482e-03 9.40e-02 3.20e-01 -11.0 1.78e-01    -  1.00e+00 6.25e-02h  5
2696  1.6910126e-03 9.37e-02 3.63e-01 -11.0 1.99e-01    -  1.00e+00 1.56e-02h  7
2697  1.6907547e-03 8.52e-02 3.88e-01 -11.0 3.18e-02    -  1.00e+00 1.25e-01h  4
2698  1.6921876e-03 9.39e-02 3.30e-01 -11.0 2.74e-02    -  1.00e+00 1.25e-01h  4
2699  1.6906033e-03 4.76e-02 2.11e-01 -11.0 1.75e-03    -  1.00e+00 5.00e-01h  2
iter    objective    inf_pr   inf_du lg(mu)  ||d||  lg(rg) alpha_du alpha_pr  ls
2700  1.6873940e-03 5.63e-03 5.07e-02 -11.0 4.08e-03    -  1.00e+00 1.00e+00h  1
2701  1.6964270e-03 6.68e-03 1.00e-01 -11.0 5.67e-03    -  1.00e+00 2.50e-01h  3
2702  1.6862777e-03 4.50e-03 4.44e-03 -11.0 2.43e-03    -  1.00e+00 1.00e+00h  1
2703  1.6884317e-03 3.64e-05 2.36e-02 -11.0 2.18e-03    -  1.00e+00 1.00e+00H  1
2704  1.6844615e-03 4.19e-03 5.56e-02 -11.0 4.39e-03    -  1.00e+00 1.00e+00h  1
2705  1.6835642e-03 4.23e-03 6.35e-02 -11.0 3.78e-02    -  1.00e+00 3.12e-02h  6
2706  1.6832144e-03 5.56e-03 8.23e-02 -11.0 1.13e-02    -  1.00e+00 2.50e-01h  3
2707  1.6830682e-03 6.96e-03 1.01e-01 -11.0 2.38e-02    -  1.00e+00 1.25e-01h  4
2708  1.6823951e-03 6.63e-03 1.35e-01 -11.0 2.43e-02    -  1.00e+00 1.25e-01h  4
2709  1.6822985e-03 5.05e-03 2.54e-01 -11.0 4.26e-02    -  1.00e+00 2.50e-01h  3
iter    objective    inf_pr   inf_du lg(mu)  ||d||  lg(rg) alpha_du alpha_pr  ls
2710  1.6786467e-03 1.03e-02 3.19e-01 -11.0 2.83e-01    -  1.00e+00 3.12e-02h  6
2711  1.6761265e-03 2.32e-02 4.40e-01 -11.0 1.04e+00    -  1.00e+00 1.56e-02h  7
2712  1.6746423e-03 2.51e-02 4.90e-01 -11.0 1.37e+00    -  1.00e+00 3.91e-03h  9
2713  1.6764163e-03 3.28e-02 5.46e-01 -11.0 2.70e-01    -  1.00e+00 3.12e-02h  6
2714  1.6745033e-03 3.61e-02 5.93e-01 -11.0 3.93e-01    -  1.00e+00 1.56e-02h  7
2715  7.7644011e-02 2.05e+02 9.59e+00 -11.0 8.81e-01    -  1.00e+00 1.00e+00w  1
2716  2.0787948e-01 3.24e+02 1.22e+01 -11.0 3.77e-01    -  1.00e+00 1.00e+00w  1
2717  2.6852232e-01 8.26e+01 1.08e+02 -11.0 5.13e-01    -  1.00e+00 1.00e+00w  1
2718  1.6736822e-03 3.87e-02 6.39e-01 -11.0 6.91e-01    -  1.00e+00 7.81e-03h  7
2719  1.6728078e-03 9.12e-04 4.84e-02 -11.0 2.64e-03    -  1.00e+00 1.00e+00h  1
iter    objective    inf_pr   inf_du lg(mu)  ||d||  lg(rg) alpha_du alpha_pr  ls
2720  1.6694581e-03 1.24e-03 7.41e-02 -11.0 2.62e-03    -  1.00e+00 1.00e+00h  1
2721  1.6980747e-03 1.91e-05 9.60e-02 -11.0 8.11e-03    -  1.00e+00 1.00e+00H  1
2722  1.6974346e-03 1.92e-05 9.68e-02 -11.0 8.30e-03    -  1.00e+00 7.81e-03h  8
2723  1.6865450e-03 4.60e-04 3.94e-02 -11.0 5.12e-03    -  1.00e+00 1.00e+00H  1
2724  1.6834480e-03 7.74e-04 5.80e-02 -11.0 3.18e-03    -  1.00e+00 1.00e+00H  1
2725  1.6665487e-03 8.61e-03 2.03e-02 -11.0 2.02e-03    -  1.00e+00 1.00e+00h  1
2726  1.6656956e-03 8.06e-04 1.14e-02 -11.0 9.04e-04    -  1.00e+00 1.00e+00h  1
2727  1.6641905e-03 1.95e-04 1.11e-02 -11.0 5.22e-04    -  1.00e+00 1.00e+00h  1
2728  1.6640415e-03 2.42e-05 8.02e-03 -11.0 1.41e-04    -  1.00e+00 1.00e+00h  1
2729  1.6637931e-03 7.74e-05 5.41e-03 -11.0 2.69e-04    -  1.00e+00 1.00e+00h  1
iter    objective    inf_pr   inf_du lg(mu)  ||d||  lg(rg) alpha_du alpha_pr  ls
2730  1.6747348e-03 7.72e-06 1.29e-01 -11.0 7.47e-03    -  1.00e+00 1.00e+00H  1
2731  1.6741762e-03 1.56e-05 1.28e-01 -11.0 6.42e-03    -  1.00e+00 1.56e-02h  7
2732  1.6697627e-03 3.55e-05 1.08e-01 -11.0 3.54e-03    -  1.00e+00 1.00e+00H  1
2733  1.6607307e-03 4.33e-03 1.65e-02 -11.0 2.38e-03    -  1.00e+00 1.00e+00h  1
2734  1.6630225e-03 3.70e-03 3.09e-02 -11.0 2.76e-03    -  1.00e+00 1.00e+00h  1
2735  1.6593063e-03 1.46e-03 2.97e-02 -11.0 1.22e-03    -  1.00e+00 1.00e+00h  1
2736  1.6567816e-03 8.86e-04 3.02e-02 -11.0 9.23e-04    -  1.00e+00 1.00e+00h  1
2737  1.6560840e-03 2.17e-04 9.89e-03 -11.0 5.52e-04    -  1.00e+00 1.00e+00h  1
2738  1.6582298e-03 4.60e-06 3.73e-03 -11.0 1.40e-03    -  1.00e+00 1.00e+00H  1
2739  1.6552693e-03 7.72e-04 1.81e-02 -11.0 6.36e-04    -  1.00e+00 1.00e+00h  1
iter    objective    inf_pr   inf_du lg(mu)  ||d||  lg(rg) alpha_du alpha_pr  ls
2740  1.6548582e-03 4.91e-04 3.09e-02 -11.0 4.04e-04    -  1.00e+00 1.00e+00h  1
2741  1.6542232e-03 1.76e-04 9.56e-03 -11.0 5.07e-04    -  1.00e+00 1.00e+00h  1
2742  1.6552501e-03 3.86e-05 1.26e-02 -11.0 2.39e-03    -  1.00e+00 1.00e+00H  1
2743  1.6539703e-03 4.39e-03 3.90e-02 -11.0 7.86e-03    -  1.00e+00 2.50e-01h  3
2744  1.6536642e-03 2.35e-02 1.10e-01 -11.0 6.02e-02    -  1.00e+00 6.25e-02h  5
2745  1.6529868e-03 2.39e-02 1.39e-01 -11.0 2.04e-02    -  1.00e+00 6.25e-02h  5
2746  1.6528373e-03 1.79e-02 1.37e-01 -11.0 1.88e-03    -  1.00e+00 2.50e-01h  3
2747  1.6514984e-03 2.19e-03 1.09e-02 -11.0 1.50e-03    -  1.00e+00 1.00e+00h  1
2748  1.6520368e-03 1.90e-03 7.65e-03 -11.0 2.00e-03    -  1.00e+00 2.50e-01h  3
2749  1.6512764e-03 4.31e-04 2.26e-03 -11.0 4.33e-04    -  1.00e+00 1.00e+00h  1
iter    objective    inf_pr   inf_du lg(mu)  ||d||  lg(rg) alpha_du alpha_pr  ls
2750  1.6511206e-03 1.03e-04 3.18e-03 -11.0 4.54e-04    -  1.00e+00 1.00e+00h  1
2751  1.6507077e-03 4.21e-03 4.72e-02 -11.0 4.69e-02    -  1.00e+00 6.25e-02h  5
2752  1.6506707e-03 5.59e-03 7.59e-02 -11.0 4.39e-02    -  1.00e+00 3.12e-02h  6
2753  1.6504774e-03 5.33e-03 8.49e-02 -11.0 9.21e-03    -  1.00e+00 1.25e-01h  4
2754  1.6502319e-03 6.98e-03 1.00e-01 -11.0 2.50e-02    -  1.00e+00 1.25e-01h  4
2755  1.6499360e-03 7.10e-03 1.05e-01 -11.0 3.40e-02    -  1.00e+00 3.12e-02h  6
2756  1.6495463e-03 1.31e-02 1.54e-01 -11.0 6.06e-02    -  1.00e+00 6.25e-02h  5
2757  1.6490547e-03 1.34e-02 1.66e-01 -11.0 5.38e-02    -  1.00e+00 3.12e-02h  6
2758  1.6488516e-03 2.18e-02 2.18e-01 -11.0 8.90e-02    -  1.00e+00 6.25e-02h  5
2759  1.6483052e-03 2.55e-02 2.65e-01 -11.0 2.36e-01    -  1.00e+00 1.56e-02h  7
iter    objective    inf_pr   inf_du lg(mu)  ||d||  lg(rg) alpha_du alpha_pr  ls
2760  1.6478481e-03 2.55e-02 2.80e-01 -11.0 7.06e-02    -  1.00e+00 1.56e-02h  7
2761  1.6747187e-03 4.75e-02 9.81e-02 -11.0 7.82e-03    -  1.00e+00 1.00e+00w  1
2762  1.6555720e-03 7.79e-03 7.36e-02 -11.0 2.29e-03    -  1.00e+00 1.00e+00w  1
2763  1.6464296e-03 4.05e-02 6.46e-02 -11.0 6.99e-03    -  1.00e+00 1.00e+00h  1
2764  1.6446396e-03 3.93e-02 7.82e-02 -11.0 2.82e-02    -  1.00e+00 6.25e-02h  5
2765  1.6446408e-03 3.02e-02 6.06e-02 -11.0 5.73e-03    -  1.00e+00 2.50e-01h  3
2766  1.6434641e-03 2.10e-02 2.88e-02 -11.0 5.17e-03    -  1.00e+00 5.00e-01h  2
2767  1.6500779e-03 2.37e-03 1.66e-01 -11.0 1.35e-02    -  1.00e+00 1.00e+00H  1
2768  1.6484699e-03 1.05e-03 1.86e-01 -11.0 2.82e-02    -  1.00e+00 6.25e-02h  5
2769  1.6436650e-03 5.13e-03 9.90e-02 -11.0 4.31e-03    -  1.00e+00 1.00e+00h  1
iter    objective    inf_pr   inf_du lg(mu)  ||d||  lg(rg) alpha_du alpha_pr  ls
2770  1.6446035e-03 1.25e-03 1.09e-01 -11.0 5.39e-03    -  1.00e+00 1.00e+00H  1
2771  1.6429054e-03 3.70e-03 1.18e-01 -11.0 5.72e-03    -  1.00e+00 2.50e-01h  3
2772  1.6366751e-03 2.41e-02 6.22e-02 -11.0 5.73e-03    -  1.00e+00 1.00e+00h  1
2773  1.6357455e-03 2.29e-02 7.57e-02 -11.0 1.25e-02    -  1.00e+00 6.25e-02h  5
2774  1.6348625e-03 5.41e-04 9.84e-03 -11.0 1.05e-03    -  1.00e+00 1.00e+00h  1
2775  1.6358500e-03 2.96e-05 4.70e-02 -11.0 2.42e-03    -  1.00e+00 1.00e+00H  1
2776  1.6488938e-03 7.02e-06 3.16e-02 -11.0 2.46e-03    -  1.00e+00 1.00e+00H  1
2777  1.6334684e-03 5.82e-03 2.56e-02 -11.0 3.18e-03    -  1.00e+00 1.00e+00h  1
2778  1.6343565e-03 2.96e-03 2.81e-02 -11.0 1.14e-03    -  1.00e+00 5.00e-01h  2
2779  1.6332288e-03 1.78e-04 3.38e-03 -11.0 6.40e-04    -  1.00e+00 1.00e+00h  1
iter    objective    inf_pr   inf_du lg(mu)  ||d||  lg(rg) alpha_du alpha_pr  ls
2780  1.6331484e-03 6.27e-05 3.62e-03 -11.0 4.47e-04    -  1.00e+00 1.00e+00h  1
2781  1.6333576e-03 2.53e-05 1.03e-02 -11.0 3.79e-03    -  1.00e+00 1.00e+00H  1
2782  1.6328996e-03 5.72e-04 1.14e-02 -11.0 5.30e-02    -  1.00e+00 3.12e-02h  6
2783  1.6323616e-03 1.32e-03 7.15e-03 -11.0 3.00e-02    -  1.00e+00 6.25e-02h  5
2784  1.6319161e-03 1.62e-03 1.81e-02 -11.0 4.14e-02    -  1.00e+00 6.25e-02h  5
2785  1.6307346e-03 2.34e-03 2.68e-02 -11.0 5.37e-02    -  1.00e+00 6.25e-02h  5
2786  1.6295659e-03 3.54e-03 4.37e-02 -11.0 1.23e-01    -  1.00e+00 3.12e-02h  6
2787  1.6284129e-03 1.02e-02 7.22e-02 -11.0 2.44e-01    -  1.00e+00 3.12e-02h  6
2788  1.6273788e-03 1.03e-02 8.57e-02 -11.0 2.94e-01    -  1.00e+00 1.56e-02h  7
2789  1.6265793e-03 1.02e-02 6.86e-02 -11.0 8.91e-02    -  1.00e+00 3.12e-02h  6
iter    objective    inf_pr   inf_du lg(mu)  ||d||  lg(rg) alpha_du alpha_pr  ls
2790  1.6247626e-03 9.66e-03 7.98e-02 -11.0 3.61e-02    -  1.00e+00 6.25e-02h  5
2791  1.6229846e-03 8.19e-03 9.80e-02 -11.0 4.68e-02    -  1.00e+00 1.25e-01h  4
2792  8.3507414e-03 7.26e+00 1.99e+00 -11.0 3.17e-01    -  1.00e+00 1.00e+00w  1
2793  1.0336061e-01 2.02e+02 4.65e+00 -11.0 2.80e-01    -  1.00e+00 1.00e+00w  1
2794  5.3943666e-02 2.56e+03 1.38e+01 -11.0 1.94e-01    -  1.00e+00 1.00e+00w  1
2795  1.6194927e-03 1.14e-02 1.04e-01 -11.0 7.80e-01    -  1.00e+00 3.12e-02h  5
2796  1.6167803e-03 1.37e-02 1.26e-01 -11.0 2.16e-01    -  1.00e+00 3.12e-02h  6
2797  1.6138370e-03 1.51e-02 1.75e-01 -11.0 1.97e-01    -  1.00e+00 3.12e-02h  6
2798  1.6115392e-03 1.79e-02 2.34e-01 -11.0 2.63e-01    -  1.00e+00 3.12e-02h  6
2799  1.6109450e-03 1.82e-02 2.56e-01 -11.0 1.55e-01    -  1.00e+00 3.12e-02h  6
iter    objective    inf_pr   inf_du lg(mu)  ||d||  lg(rg) alpha_du alpha_pr  ls
2800  1.6092810e-03 2.06e-02 2.55e-01 -11.0 7.31e-02    -  1.00e+00 1.25e-01h  4
2801  1.6089559e-03 2.78e-02 2.83e-01 -11.0 1.87e-01    -  1.00e+00 6.25e-02h  5
2802  1.6052906e-03 3.37e-02 3.40e-01 -11.0 7.11e-01    -  1.00e+00 1.56e-02h  7
2803  1.6031650e-03 3.60e-02 3.65e-01 -11.0 3.98e-01    -  1.00e+00 1.56e-02h  7
2804  1.6024361e-03 3.59e-02 3.60e-01 -11.0 1.20e-01    -  1.00e+00 3.12e-02h  6
2805  1.9219122e-03 3.04e-01 1.98e-01 -11.0 2.73e-02    -  1.00e+00 1.00e+00w  1
2806  1.8489854e-03 1.96e-01 1.64e-01 -11.0 2.85e-02    -  1.00e+00 1.00e+00w  1
2807  9.5933730e-03 1.24e+00 1.48e+00 -11.0 9.37e-02    -  1.00e+00 1.00e+00w  1
2808  1.5995629e-03 3.25e-02 3.18e-01 -11.0 9.47e-02    -  1.00e+00 1.25e-01h  3
2809  1.5982387e-03 3.08e-02 2.49e-01 -11.0 4.42e-02    -  1.00e+00 1.25e-01h  4
iter    objective    inf_pr   inf_du lg(mu)  ||d||  lg(rg) alpha_du alpha_pr  ls
2810  1.5974161e-03 2.83e-02 2.02e-01 -11.0 2.41e-02    -  1.00e+00 1.25e-01h  4
2811  1.6108128e-03 1.95e-02 5.77e-02 -11.0 5.63e-03    -  1.00e+00 5.00e-01h  2
2812  1.5950910e-03 2.65e-02 1.13e-01 -11.0 2.87e-03    -  1.00e+00 1.00e+00h  1
2813  1.6007817e-03 1.65e-02 7.91e-02 -11.0 9.13e-03    -  1.00e+00 5.00e-01h  2
2814  1.6260798e-03 8.34e-04 1.57e-01 -11.0 3.60e-03    -  1.00e+00 1.00e+00H  1
2815  1.6023456e-03 6.15e-03 1.89e-02 -11.0 2.55e-03    -  1.00e+00 1.00e+00h  1
2816  1.5866965e-03 5.76e-03 4.11e-02 -11.0 2.35e-03    -  1.00e+00 1.00e+00h  1
2817  1.5910799e-03 4.72e-03 1.86e-02 -11.0 1.18e-03    -  1.00e+00 1.00e+00h  1
2818  1.5848043e-03 2.74e-03 3.61e-03 -11.0 1.14e-03    -  1.00e+00 1.00e+00h  1
2819  1.5848818e-03 1.29e-04 1.46e-02 -11.0 2.43e-04    -  1.00e+00 1.00e+00h  1
iter    objective    inf_pr   inf_du lg(mu)  ||d||  lg(rg) alpha_du alpha_pr  ls
2820  1.5845346e-03 2.70e-05 4.61e-03 -11.0 1.29e-04    -  1.00e+00 1.00e+00h  1
2821  1.5843317e-03 1.92e-05 1.64e-03 -11.0 1.96e-04    -  1.00e+00 1.00e+00h  1
2822  1.5875557e-03 5.25e-07 1.00e-01 -11.0 2.71e-03    -  1.00e+00 1.00e+00H  1
2823  1.5855011e-03 7.67e-06 9.39e-02 -11.0 2.87e-03    -  1.00e+00 1.00e+00H  1
2824  1.5832291e-03 3.60e-04 9.70e-02 -11.0 5.30e-03    -  1.00e+00 1.25e-01h  4
2825  1.5814770e-03 1.27e-03 1.92e-02 -11.0 1.24e-03    -  1.00e+00 1.00e+00h  1
2826  1.5819749e-03 1.23e-03 2.98e-02 -11.0 1.43e-03    -  1.00e+00 5.00e-01h  2
2827  1.5805279e-03 8.51e-04 6.59e-03 -11.0 1.32e-03    -  1.00e+00 1.00e+00h  1
2828  1.5989594e-03 3.56e-07 7.12e-02 -11.0 3.53e-03    -  1.00e+00 1.00e+00H  1
2829  1.5779701e-03 6.62e-04 6.62e-02 -11.0 1.20e-03    -  1.00e+00 1.00e+00h  1
iter    objective    inf_pr   inf_du lg(mu)  ||d||  lg(rg) alpha_du alpha_pr  ls
2830  1.5774014e-03 4.00e-05 7.80e-03 -11.0 3.09e-04    -  1.00e+00 1.00e+00h  1
2831  1.5769026e-03 2.39e-04 5.97e-03 -11.0 6.89e-04    -  1.00e+00 1.00e+00h  1
2832  1.5759400e-03 5.89e-03 4.11e-02 -11.0 5.74e-02    -  1.00e+00 6.25e-02h  5
2833  1.5751665e-03 1.26e-02 9.58e-02 -11.0 1.02e-01    -  1.00e+00 3.12e-02h  6
2834  1.5746190e-03 1.52e-02 1.28e-01 -11.0 2.66e-01    -  1.00e+00 7.81e-03h  8
2835  1.5742054e-03 1.96e-02 1.69e-01 -11.0 9.21e-02    -  1.00e+00 3.12e-02h  6
2836  1.5740881e-03 2.25e-02 1.88e-01 -11.0 9.59e-02    -  1.00e+00 3.12e-02h  6
2837  1.5715628e-03 7.00e-02 2.93e-01 -11.0 3.32e-01    -  1.00e+00 3.12e-02h  6
2838  1.5711491e-03 7.09e-02 3.02e-01 -11.0 4.48e-01    -  1.00e+00 3.91e-03h  9
2839  1.5701593e-03 6.35e-02 2.39e-01 -11.0 1.32e-02    -  1.00e+00 1.25e-01h  4
iter    objective    inf_pr   inf_du lg(mu)  ||d||  lg(rg) alpha_du alpha_pr  ls
2840  1.5693375e-03 5.62e-02 1.84e-01 -11.0 2.15e-02    -  1.00e+00 1.25e-01h  4
2841  1.5706836e-03 5.66e-02 1.76e-01 -11.0 2.73e-02    -  1.00e+00 2.50e-01h  3
2842  4.3743318e-03 4.56e+00 3.48e-01 -11.0 1.16e-01    -  1.00e+00 1.00e+00w  1
2843  4.3811459e-03 3.05e+00 5.32e-01 -11.0 9.51e-02    -  1.00e+00 1.00e+00w  1
2844  6.5364349e-02 1.92e+01 5.99e+00 -11.0 2.15e-01    -  1.00e+00 1.00e+00w  1
2845  1.5700678e-03 5.69e-02 1.86e-01 -11.0 1.53e-01    -  1.00e+00 1.56e-02h  6
2846  1.5696356e-03 2.90e-02 1.15e-01 -11.0 5.39e-03    -  1.00e+00 5.00e-01h  2
2847  1.5720619e-03 2.05e-02 4.93e-02 -11.0 1.05e-02    -  1.00e+00 5.00e-01h  2
2848  1.5712958e-03 1.96e-02 3.82e-02 -11.0 1.42e-02    -  1.00e+00 6.25e-02h  5
2849  1.5654257e-03 2.69e-03 1.15e-02 -11.0 3.78e-03    -  1.00e+00 1.00e+00h  1
iter    objective    inf_pr   inf_du lg(mu)  ||d||  lg(rg) alpha_du alpha_pr  ls
2850  1.5664458e-03 2.57e-03 6.65e-03 -11.0 9.61e-03    -  1.00e+00 1.25e-01h  4
2851  1.5651829e-03 1.30e-03 5.88e-03 -11.0 5.67e-04    -  1.00e+00 1.00e+00h  1
2852  1.5648793e-03 2.95e-04 9.33e-03 -11.0 8.39e-04    -  1.00e+00 1.00e+00h  1
2853  1.5644497e-03 5.06e-04 1.47e-02 -11.0 7.58e-04    -  1.00e+00 1.00e+00h  1
2854  1.5654798e-03 1.99e-05 1.90e-02 -11.0 1.78e-03    -  1.00e+00 1.00e+00H  1
2855  1.5679634e-03 7.14e-06 3.33e-02 -11.0 2.96e-03    -  1.00e+00 1.00e+00H  1
2856  1.5936298e-03 1.30e-06 5.28e-02 -11.0 4.77e-03    -  1.00e+00 1.00e+00H  1
2857  1.5638181e-03 1.35e-02 3.84e-02 -11.0 5.11e-03    -  1.00e+00 1.00e+00h  1
2858  1.5639002e-03 1.29e-02 1.81e-02 -11.0 6.30e-03    -  1.00e+00 2.50e-01h  3
2859  1.5594009e-03 2.34e-03 8.46e-03 -11.0 2.31e-03    -  1.00e+00 1.00e+00h  1
iter    objective    inf_pr   inf_du lg(mu)  ||d||  lg(rg) alpha_du alpha_pr  ls
2860  1.5848799e-03 1.82e-06 7.60e-02 -11.0 3.84e-03    -  1.00e+00 1.00e+00H  1
2861  1.5596143e-03 1.79e-03 2.10e-02 -11.0 2.05e-03    -  1.00e+00 1.00e+00h  1
2862  1.5591890e-03 3.33e-04 2.13e-02 -11.0 8.59e-04    -  1.00e+00 1.00e+00h  1
2863  1.5579857e-03 1.35e-04 7.54e-03 -11.0 3.80e-04    -  1.00e+00 1.00e+00h  1
2864  1.5577143e-03 9.78e-05 6.56e-03 -11.0 4.60e-04    -  1.00e+00 1.00e+00h  1
2865  1.5585395e-03 4.71e-06 2.30e-02 -11.0 2.54e-03    -  1.00e+00 1.00e+00H  1
2866  1.5626122e-03 1.69e-06 1.23e-01 -11.0 1.30e-02    -  1.00e+00 1.00e+00H  1
2867  1.5625480e-03 2.59e-06 1.24e-01 -11.0 2.90e-01    -  1.00e+00 2.44e-04h 13
2868  1.5624821e-03 2.99e-06 1.24e-01 -11.0 2.69e-01    -  1.00e+00 2.44e-04h 13
2869  1.5624521e-03 3.05e-06 1.25e-01 -11.0 3.91e-02    -  1.00e+00 4.88e-04h 12
iter    objective    inf_pr   inf_du lg(mu)  ||d||  lg(rg) alpha_du alpha_pr  ls
2870  1.5575620e-03 1.99e-02 2.30e-01 -11.0 1.72e-01    -  1.00e+00 6.25e-02h  5
2871  1.5550635e-03 2.25e-02 2.83e-01 -11.0 5.91e-01    -  1.00e+00 7.81e-03h  8
2872  1.5523494e-03 8.92e-02 5.04e-01 -11.0 6.33e-01    -  1.00e+00 3.12e-02h  6
2873  1.5510385e-03 1.05e-01 4.11e-01 -11.0 2.26e+00    -  1.00e+00 3.91e-03h  9
2874  1.5501595e-03 1.05e-01 3.83e-01 -11.0 3.13e-01    -  1.00e+00 7.81e-03h  8
2875  1.5500834e-03 9.86e-02 3.71e-01 -11.0 1.51e-02    -  1.00e+00 6.25e-02h  5
2876  1.5487178e-03 1.58e-03 5.08e-02 -11.0 1.57e-03    -  1.00e+00 1.00e+00h  1
2877  1.5463378e-03 1.63e-03 4.82e-02 -11.0 2.93e-03    -  1.00e+00 1.00e+00h  1
2878  1.5461061e-03 3.34e-03 9.60e-02 -11.0 1.96e-02    -  1.00e+00 1.25e-01h  4
2879  1.5455902e-03 4.45e-03 1.30e-01 -11.0 4.23e-02    -  1.00e+00 3.12e-02h  6
iter    objective    inf_pr   inf_du lg(mu)  ||d||  lg(rg) alpha_du alpha_pr  ls
2880  1.5449670e-03 1.10e-02 2.10e-01 -11.0 4.73e-02    -  1.00e+00 6.25e-02h  5
2881  1.5444742e-03 1.13e-02 2.30e-01 -11.0 2.05e-02    -  1.00e+00 3.12e-02h  6
2882  1.5588858e-03 1.87e-06 1.56e-01 -11.0 6.84e-03    -  1.00e+00 1.00e+00H  1
2883  1.5476356e-03 9.92e-04 1.15e-01 -11.0 1.92e-02    -  1.00e+00 1.00e+00H  1
2884  1.5438538e-03 6.70e-03 2.03e-01 -11.0 2.89e-01    -  1.00e+00 1.56e-02h  7
2885  1.5419102e-03 6.58e-03 1.85e-01 -11.0 8.30e-03    -  1.00e+00 6.25e-02h  5
2886  1.5383872e-03 1.17e-02 1.75e-02 -11.0 6.34e-03    -  1.00e+00 1.00e+00h  1
2887  1.5381540e-03 1.17e-02 9.98e-03 -11.0 2.60e-02    -  1.00e+00 3.12e-02h  6
2888  1.5379561e-03 8.54e-03 3.41e-02 -11.0 3.12e-03    -  1.00e+00 5.00e-01h  2
2889  1.5378335e-03 2.80e-03 9.28e-02 -11.0 2.12e-02    -  1.00e+00 1.00e+00H  1
iter    objective    inf_pr   inf_du lg(mu)  ||d||  lg(rg) alpha_du alpha_pr  ls
2890  1.5366811e-03 2.39e-02 1.63e-01 -11.0 1.95e+00    -  1.00e+00 7.81e-03h  8
2891  1.5357755e-03 2.77e-02 2.25e-01 -11.0 8.36e-01    -  1.00e+00 7.81e-03h  8
2892  1.5348820e-03 3.00e-02 2.61e-01 -11.0 7.04e-01    -  1.00e+00 7.81e-03h  8
2893  1.5317355e-03 5.99e-02 3.32e-01 -11.0 2.33e+00    -  1.00e+00 7.81e-03h  8
2894  1.5298089e-03 7.92e-02 3.46e-01 -11.0 6.73e+00    -  1.00e+00 1.95e-03h 10
2895  1.5274513e-03 1.13e-01 3.83e-01 -11.0 2.36e+00    -  1.00e+00 7.81e-03h  8
2896  1.5243505e-03 1.18e-01 3.20e-01 -11.0 2.79e+00    -  1.00e+00 1.95e-03h 10
2897  1.5224030e-03 1.21e-01 2.83e-01 -11.0 1.14e-01    -  1.00e+00 3.12e-02h  6
2898  1.5206462e-03 7.99e-02 4.44e-02 -11.0 1.03e-02    -  1.00e+00 5.00e-01h  2
2899  1.5207772e-03 7.27e-02 7.58e-02 -11.0 1.82e-02    -  1.00e+00 1.25e-01h  4
iter    objective    inf_pr   inf_du lg(mu)  ||d||  lg(rg) alpha_du alpha_pr  ls
2900  1.5192249e-03 5.25e-02 2.95e-02 -11.0 2.26e-02    -  1.00e+00 1.00e+00h  1
2901  1.5171038e-03 1.30e-01 2.39e-01 -11.0 1.88e+00    -  1.00e+00 1.56e-02h  7
2902  1.5160781e-03 1.32e-01 2.78e-01 -11.0 2.69e+00    -  1.00e+00 1.95e-03h 10
2903  1.5149598e-03 1.33e-01 2.70e-01 -11.0 2.41e-01    -  1.00e+00 1.56e-02h  7
2904  1.5120073e-03 1.74e-01 2.95e-01 -11.0 6.15e-01    -  1.00e+00 3.12e-02h  6
2905  1.5060742e-03 2.99e-01 3.39e-01 -11.0 8.35e+00    -  1.00e+00 3.91e-03h  9
2906  1.5042800e-03 3.54e-01 2.79e-01 -11.0 2.01e+01    -  1.00e+00 9.77e-04h 11
2907  1.5034651e-03 3.73e-01 1.81e-01 -11.0 8.18e-01    -  1.00e+00 7.81e-03h  8
2908  1.5016949e-03 3.94e-01 9.16e-02 -11.0 2.70e-01    -  1.00e+00 3.12e-02h  6
2909  1.4999224e-03 4.05e-01 8.50e-02 -11.0 4.41e-01    -  1.00e+00 3.12e-02h  6
iter    objective    inf_pr   inf_du lg(mu)  ||d||  lg(rg) alpha_du alpha_pr  ls
2910  1.4984256e-03 4.97e-01 9.01e-02 -11.0 1.96e+00    -  1.00e+00 1.56e-02h  7
2911  2.2343589e+00 7.25e+03 1.66e+03 -11.0 8.08e+00    -  1.00e+00 1.00e+00w  1
2912  1.0153158e+06 4.27e+06 1.08e+03 -11.0 6.08e+02    -  1.00e+00 1.00e+00w  1
2913  2.6037104e+12 3.60e+09 1.25e+11 -11.0 9.42e+05    -  1.00e+00 1.00e+00w  1
2914  1.4964362e-03 5.22e-01 7.71e-02 -11.0 9.43e+05    -  1.00e+00 1.95e-03h  9
2915  1.4915381e-03 1.43e-01 5.12e-02 -11.0 3.38e-02    -  1.00e+00 1.00e+00h  1
2916  1.4898065e-03 1.45e-01 2.99e-02 -11.0 9.06e-01    -  1.00e+00 3.91e-03h  9
2917  1.4875888e-03 1.41e-01 4.60e-02 -11.0 9.14e-02    -  1.00e+00 1.25e-01h  4
2918  1.5101982e-03 1.07e-01 4.03e-02 -11.0 1.55e-02  -2.2 1.00e+00 2.50e-01h  3
2919  1.4892176e-03 3.47e-02 9.90e-02 -11.0 1.28e-02    -  1.00e+00 1.00e+00h  1
iter    objective    inf_pr   inf_du lg(mu)  ||d||  lg(rg) alpha_du alpha_pr  ls
2920  1.4833728e-03 4.46e-02 6.39e-02 -11.0 3.19e-02    -  1.00e+00 6.25e-02h  5
2921  1.4819224e-03 1.58e-03 1.33e-02 -11.0 1.86e-03    -  1.00e+00 1.00e+00h  1
2922  1.4779964e-03 3.73e-03 5.45e-02 -11.0 3.53e-03    -  1.00e+00 1.00e+00h  1
2923  1.4788589e-03 2.18e-03 2.56e-02 -11.0 1.57e-03    -  1.00e+00 5.00e-01h  2
2924  1.4747916e-03 2.92e-03 1.21e-02 -11.0 1.58e-03    -  1.00e+00 1.00e+00h  1
2925  1.4765835e-03 3.80e-04 7.39e-03 -11.0 6.65e-04    -  1.00e+00 1.00e+00h  1
2926  1.4736868e-03 1.37e-04 5.39e-03 -11.0 8.46e-04    -  1.00e+00 1.00e+00h  1
2927  1.4728144e-03 2.45e-04 6.02e-03 -11.0 1.11e-03    -  1.00e+00 1.00e+00h  1
2928  1.4701942e-03 9.05e-03 4.48e-02 -11.0 5.36e-02    -  1.00e+00 1.25e-01h  4
2929  1.4694849e-03 9.33e-03 4.57e-02 -11.0 8.10e-02    -  1.00e+00 1.56e-02h  7
iter    objective    inf_pr   inf_du lg(mu)  ||d||  lg(rg) alpha_du alpha_pr  ls
2930  1.4691892e-03 9.26e-03 4.31e-02 -11.0 1.48e-02    -  1.00e+00 1.25e-01h  4
2931  1.4934284e-03 7.97e-06 5.10e-02 -11.0 8.49e-03    -  1.00e+00 1.00e+00H  1
2932  1.4917141e-03 3.23e-05 5.05e-02 -11.0 2.40e-02    -  1.00e+00 1.56e-02h  7
2933  1.4909233e-03 4.26e-05 5.17e-02 -11.0 6.11e-02    -  1.00e+00 3.91e-03h  9
2934  1.4892522e-03 3.75e-05 4.87e-02 -11.0 1.56e-02    -  1.00e+00 7.81e-03h  8
2935  1.4847053e-03 1.14e-05 4.46e-02 -11.0 6.41e-03    -  1.00e+00 1.00e+00H  1
2936  1.4705486e-03 1.03e-03 1.78e-02 -11.0 8.41e-03    -  1.00e+00 2.50e-01h  3
2937  1.4655263e-03 5.14e-03 7.57e-02 -11.0 5.16e-03    -  1.00e+00 1.00e+00h  1
2938  1.4653596e-03 4.38e-03 1.97e-02 -11.0 1.44e-02    -  1.00e+00 1.25e-01h  4
2939  1.4624050e-03 2.02e-03 3.76e-03 -11.0 3.50e-03    -  1.00e+00 1.00e+00h  1
iter    objective    inf_pr   inf_du lg(mu)  ||d||  lg(rg) alpha_du alpha_pr  ls
2940  1.4609878e-03 1.90e-03 1.00e-02 -11.0 2.21e-02    -  1.00e+00 6.25e-02h  5
2941  1.4926581e-03 2.11e-05 5.80e-02 -11.0 3.09e-03    -  1.00e+00 1.00e+00H  1
2942  1.4588391e-03 8.01e-03 6.65e-03 -11.0 3.74e-03    -  1.00e+00 1.00e+00h  1
2943  1.4628597e-03 1.58e-03 2.90e-02 -11.0 1.15e-03    -  1.00e+00 1.00e+00h  1
2944  1.4599001e-03 1.05e-03 1.63e-02 -11.0 6.73e-04    -  1.00e+00 1.00e+00h  1
2945  1.4594196e-03 5.98e-05 1.05e-02 -11.0 2.34e-04    -  1.00e+00 1.00e+00h  1
2946  1.4592043e-03 5.81e-05 1.42e-03 -11.0 2.44e-04    -  1.00e+00 1.00e+00h  1
2947  1.4588108e-03 7.75e-04 8.63e-03 -11.0 1.24e-03    -  1.00e+00 1.00e+00h  1
2948  1.4583039e-03 9.46e-03 4.27e-02 -11.0 3.84e-02    -  1.00e+00 1.25e-01h  4
2949  1.4576699e-03 2.90e-02 7.58e-02 -11.0 1.38e-01    -  1.00e+00 6.25e-02h  5
iter    objective    inf_pr   inf_du lg(mu)  ||d||  lg(rg) alpha_du alpha_pr  ls
2950  1.4569029e-03 3.11e-02 8.77e-02 -11.0 4.15e-01    -  1.00e+00 7.81e-03h  8
2951  1.4566001e-03 3.11e-02 9.87e-02 -11.0 8.93e-02    -  1.00e+00 1.56e-02h  7
2952  1.4566054e-03 2.88e-02 1.01e-01 -11.0 1.55e-02    -  1.00e+00 1.25e-01h  4
2953  1.4539427e-03 5.09e-02 1.38e-01 -11.0 1.40e-01    -  1.00e+00 6.25e-02h  5
2954  1.4536956e-03 6.18e-02 1.69e-01 -11.0 3.54e-01    -  1.00e+00 1.56e-02h  7
2955  1.4532976e-03 5.99e-02 1.65e-01 -11.0 2.16e-02    -  1.00e+00 3.12e-02h  6
2956  1.4521798e-03 2.47e-02 1.11e-02 -11.0 9.30e-03    -  1.00e+00 1.00e+00h  1
2957  1.4514757e-03 2.68e-02 3.74e-02 -11.0 1.90e-01    -  1.00e+00 1.56e-02h  7
2958  1.4506864e-03 2.98e-02 3.40e-02 -11.0 6.93e-02    -  1.00e+00 6.25e-02h  5
2959  1.4504422e-03 3.29e-02 3.64e-02 -11.0 2.23e-01    -  1.00e+00 1.56e-02h  7
iter    objective    inf_pr   inf_du lg(mu)  ||d||  lg(rg) alpha_du alpha_pr  ls
2960  1.4501039e-03 6.57e-02 1.18e-02 -11.0 1.68e-01    -  1.00e+00 6.25e-02h  5
2961  1.4486392e-03 1.22e-01 1.26e-02 -11.0 1.72e+00    -  1.00e+00 7.81e-03h  8
2962  1.4485452e-03 1.40e-01 3.23e-02 -11.0 1.08e+00    -  1.00e+00 7.81e-03h  8
2963  1.4481428e-03 1.39e-01 2.71e-02 -11.0 1.02e-01    -  1.00e+00 1.56e-02h  7
2964  1.4471785e-03 1.05e-01 1.21e-02 -11.0 1.40e-02    -  1.00e+00 2.50e-01h  3
2965  1.4480790e-03 7.78e-02 2.97e-02 -11.0 1.82e-02    -  1.00e+00 2.50e-01h  3
2966  1.4454547e-03 6.97e-02 4.17e-02 -11.0 1.82e-02    -  1.00e+00 1.25e-01h  4
2967  1.4601418e-03 1.62e-02 4.10e-02 -11.0 8.04e-03    -  1.00e+00 1.00e+00w  1
2968  1.5472570e-03 2.61e-01 5.68e-02 -11.0 3.20e-02    -  1.00e+00 1.00e+00w  1
2969  8.1073939e-03 8.54e+00 2.66e+00 -11.0 2.35e-01    -  1.00e+00 1.00e+00w  1
iter    objective    inf_pr   inf_du lg(mu)  ||d||  lg(rg) alpha_du alpha_pr  ls
2970  1.4413989e-03 3.74e-02 2.43e-02 -11.0 8.33e-02    -  1.00e+00 5.00e-01h  1
2971  1.4428591e-03 3.35e-02 3.52e-02 -11.0 9.44e-02    -  1.00e+00 6.25e-02h  5
2972  1.4462801e-03 3.72e-02 5.00e-02 -11.0 7.26e-02    -  1.00e+00 2.50e-01h  3
2973  1.4433541e-03 4.23e-02 6.38e-02 -11.0 2.64e-01    -  1.00e+00 1.56e-02h  7
2974  1.4401101e-03 1.86e-01 1.02e-01 -11.0 4.26e-01    -  1.00e+00 6.25e-02h  5
2975  1.4397367e-03 2.42e-01 1.29e-01 -11.0 2.19e+00    -  1.00e+00 7.81e-03h  8
2976  1.4345951e-03 2.85e-01 1.56e-01 -11.0 6.03e-01    -  1.00e+00 3.12e-02h  6
2977  1.4281801e-03 3.95e-01 2.04e-01 -11.0 6.51e+00    -  1.00e+00 3.91e-03h  9
2978  1.4240846e-03 4.68e-01 2.47e-01 -11.0 5.11e+00    -  1.00e+00 3.91e-03h  9
2979  1.4202540e-03 4.75e-01 2.55e-01 -11.0 2.36e+00    -  1.00e+00 3.91e-03h  9
iter    objective    inf_pr   inf_du lg(mu)  ||d||  lg(rg) alpha_du alpha_pr  ls
2980  1.4180634e-03 4.78e-01 2.65e-01 -11.0 3.65e-01    -  1.00e+00 3.12e-02h  6
2981  7.9766329e-02 1.32e+01 2.28e+00 -11.0 2.41e-01    -  1.00e+00 1.00e+00w  1
2982  8.3472903e-02 2.86e+01 4.66e+00 -11.0 2.49e-01    -  1.00e+00 1.00e+00w  1
2983  2.4706328e-01 4.76e+02 2.80e+01 -11.0 2.49e-01    -  1.00e+00 1.00e+00w  1
2984  1.4157518e-03 4.69e-01 2.64e-01 -11.0 1.54e-01    -  1.00e+00 1.56e-02h  6
2985  1.4327953e-03 2.15e-02 4.56e-02 -11.0 1.18e-02    -  1.00e+00 1.00e+00h  1
2986  1.4354680e-03 1.95e-02 3.12e-02 -11.0 1.17e-02    -  1.00e+00 1.25e-01h  4
2987  1.4117899e-03 7.98e-03 7.39e-03 -11.0 5.34e-03    -  1.00e+00 1.00e+00h  1
2988  1.4300676e-03 1.06e-02 1.41e-02 -11.0 1.55e-02    -  1.00e+00 2.50e-01h  3
2989  1.4102758e-03 2.21e-03 2.02e-02 -11.0 3.47e-03    -  1.00e+00 1.00e+00h  1
iter    objective    inf_pr   inf_du lg(mu)  ||d||  lg(rg) alpha_du alpha_pr  ls
2990  1.4658553e-03 1.17e-05 3.65e-02 -11.0 6.48e-03    -  1.00e+00 1.00e+00H  1
2991  1.4050223e-03 1.02e-02 1.50e-02 -11.0 4.22e-03    -  1.00e+00 1.00e+00h  1
2992  1.4301981e-03 1.83e-04 2.06e-02 -11.0 3.68e-03    -  1.00e+00 1.00e+00H  1
2993  1.4019843e-03 2.75e-03 4.63e-03 -11.0 2.25e-03    -  1.00e+00 1.00e+00h  1
2994  1.4017627e-03 7.17e-05 5.18e-03 -11.0 6.88e-04    -  1.00e+00 1.00e+00h  1
2995  1.4009831e-03 1.51e-05 1.69e-03 -11.0 3.15e-04    -  1.00e+00 1.00e+00h  1
2996  1.4007373e-03 7.74e-06 2.26e-03 -11.0 1.79e-04    -  1.00e+00 1.00e+00h  1
2997  1.4000350e-03 1.16e-04 4.08e-03 -11.0 8.22e-04    -  1.00e+00 1.00e+00h  1
2998  1.4660274e-03 3.56e-06 4.87e-02 -11.0 1.22e-02    -  1.00e+00 1.00e+00H  1
2999  1.4275102e-03 8.03e-06 2.64e-02 -11.0 5.62e-03    -  1.00e+00 1.00e+00H  1
iter    objective    inf_pr   inf_du lg(mu)  ||d||  lg(rg) alpha_du alpha_pr  ls
3000  1.4270008e-03 7.94e-06 2.61e-02 -11.0 1.16e-02    -  1.00e+00 3.91e-03h  9

Number of Iterations....: 3000

                                   (scaled)                 (unscaled)
Objective...............:   1.4270007654507740e-03    1.4270007654507740e-03
Dual infeasibility......:   2.6141767451241860e-02    2.6141767451241860e-02
Constraint violation....:   7.9396916790042127e-06    7.9396916790042127e-06
Variable bound violation:   0.0000000000000000e+00    0.0000000000000000e+00
Complementarity.........:   0.0000000000000000e+00    0.0000000000000000e+00
Overall NLP error.......:   2.6141767451241860e-02    2.6141767451241860e-02


Number of objective function evaluations             = 12993
Number of objective gradient evaluations             = 2991
Number of equality constraint evaluations            = 13436
Number of inequality constraint evaluations          = 0
Number of equality constraint Jacobian evaluations   = 3003
Number of inequality constraint Jacobian evaluations = 0
Number of Lagrangian Hessian evaluations             = 0
Total seconds in IPOPT                               = 5191.975

EXIT: Maximum Number of Iterations Exceeded.
shapovalova [5201s]  loss=0.00143
  [final]  nrmse=0.3193  l2=325.2
saved /orcd/home/002/txenakis/projects/BVPsolver/src/../data/runs/run_wzYoChDq/vanderpol_fit.png
saved /orcd/home/002/txenakis/projects/BVPsolver/src/../data/runs/run_wzYoChDq/vanderpol_spectral_fit.png
┌ Warning: Attempting to store StiffNN.var"#14#15"{Float64}.
│ JLD2 only stores functions by name.
│  This may not be useful for anonymous functions.
└ @ JLD2 ~/.julia/packages/JLD2/ADycq/src/data/writing_datatypes.jl:447
saved run → /orcd/home/002/txenakis/projects/BVPsolver/src/../data/runs/run_wzYoChDq
--------------------------------------
Done: Wed Aug 12 10:03:25 EDT 2026
