Task 71/214: --problem vanderpol --model mlp --profile fast --seed 12 --pretraining none --training shapovalova
Logging to /home/txenakis/projects/BVPsolver/logs/run_main_20252509_71.log
vanderpol  model=mlp d=2 tlen=151 profile=fast seed=12  solver=Kvaerno5  N=218

******************************************************************************
This program contains Ipopt, a library for large-scale nonlinear optimization.
 Ipopt is released as open source code under the Eclipse Public License (EPL).
         For more information visit https://github.com/coin-or/Ipopt
******************************************************************************

This is Ipopt version 3.14.19, running with linear solver MUMPS 5.9.0.

Number of nonzeros in equality constraint Jacobian...:   111742
Number of nonzeros in inequality constraint Jacobian.:        0
Number of nonzeros in Lagrangian Hessian.............:        0

Total number of variables............................:      520
                     variables with only lower bounds:        0
                variables with lower and upper bounds:        0
                     variables with only upper bounds:        0
Total number of equality constraints.................:      304
Total number of inequality constraints...............:        0
        inequality constraints with only lower bounds:        0
   inequality constraints with lower and upper bounds:        0
        inequality constraints with only upper bounds:        0

iter    objective    inf_pr   inf_du lg(mu)  ||d||  lg(rg) alpha_du alpha_pr  ls
   0  7.3905760e-05 1.31e+00 3.74e-06   0.0 0.00e+00    -  0.00e+00 0.00e+00   0
   1  1.6826893e+00 9.75e-01 6.78e+00 -11.0 2.12e+00    -  1.00e+00 2.50e-01h  3
   2  4.4970332e+00 6.22e-01 1.29e+01 -11.0 1.27e+00    -  1.00e+00 5.00e-01h  2
   3  7.4605018e+00 3.76e-01 8.00e+00 -11.0 5.36e-01    -  1.00e+00 1.00e+00h  1
   4  5.8051297e+00 3.00e-01 1.01e+01 -11.0 3.36e+00    -  1.00e+00 1.25e-01f  4
   5  4.7995473e+00 6.49e-01 1.22e+01 -11.0 5.40e+00    -  1.00e+00 6.25e-02f  5
   6  4.0987440e+00 7.10e-01 1.34e+01 -11.0 1.44e+00    -  1.00e+00 1.25e-01h  4
   7  3.0791107e+00 6.43e-01 1.54e+01 -11.0 2.36e+00    -  1.00e+00 1.25e-01h  4
   8  1.9396433e+00 4.93e-01 1.42e+01 -11.0 1.04e+00    -  1.00e+00 5.00e-01h  2
   9  1.6001763e+00 7.39e-01 7.06e+00 -11.0 5.66e-01    -  1.00e+00 1.00e+00h  1
iter    objective    inf_pr   inf_du lg(mu)  ||d||  lg(rg) alpha_du alpha_pr  ls
  10  1.2419541e+00 6.21e-01 1.04e+01 -11.0 6.35e+00    -  1.00e+00 6.25e-02h  5
  11  1.0017590e+00 1.58e-01 4.36e+00 -11.0 3.64e-01    -  1.00e+00 1.00e+00h  1
  12  7.1075309e-01 1.06e-01 2.47e+00 -11.0 1.98e-01    -  1.00e+00 1.00e+00h  1
  13  5.3328504e-01 2.86e-01 1.22e+00 -11.0 2.86e-01    -  1.00e+00 1.00e+00h  1
  14  4.2259913e-01 1.15e-01 1.21e+00 -11.0 2.25e-01    -  1.00e+00 1.00e+00h  1
  15  3.1375565e-01 1.76e-01 6.58e-01 -11.0 1.78e-01    -  1.00e+00 1.00e+00h  1
  16  2.0591276e-01 2.18e-01 1.37e+00 -11.0 2.00e-01    -  1.00e+00 1.00e+00h  1
  17  1.7616283e-01 6.48e-02 1.70e+00 -11.0 1.03e-01    -  1.00e+00 1.00e+00h  1
  18  1.4041288e-01 1.52e-02 1.25e+00 -11.0 4.80e-02    -  1.00e+00 1.00e+00h  1
  19  1.0489554e-01 3.58e-02 1.10e+00 -11.0 8.67e-02    -  1.00e+00 1.00e+00h  1
iter    objective    inf_pr   inf_du lg(mu)  ||d||  lg(rg) alpha_du alpha_pr  ls
  20  8.8627779e-02 1.17e-01 2.94e+00 -11.0 3.27e-01    -  1.00e+00 5.00e-01h  2
  21  8.0397815e-02 1.62e-01 2.34e+00 -11.0 2.54e-01    -  1.00e+00 5.00e-01h  2
  22  6.0682044e-02 8.72e-02 1.30e+00 -11.0 1.09e-01    -  1.00e+00 1.00e+00h  1
  23  5.7041682e-02 1.51e-02 5.94e-01 -11.0 7.44e-02    -  1.00e+00 1.00e+00h  1
  24  5.4965173e-02 2.04e-03 2.48e-01 -11.0 1.97e-02    -  1.00e+00 1.00e+00h  1
  25  5.1803606e-02 1.26e-03 1.07e-01 -11.0 1.61e-02    -  1.00e+00 1.00e+00h  1
  26  4.8699286e-02 5.05e-03 6.67e-02 -11.0 3.38e-02    -  1.00e+00 1.00e+00h  1
  27  4.6445706e-02 2.01e-02 3.71e-01 -11.0 2.75e-01    -  1.00e+00 2.50e-01h  3
  28  3.9570036e-02 9.58e-02 6.71e-01 -11.0 1.53e-01    -  1.00e+00 1.00e+00h  1
  29  3.7024049e-02 1.52e-01 9.81e-01 -11.0 9.32e-01    -  1.00e+00 1.25e-01h  4
iter    objective    inf_pr   inf_du lg(mu)  ||d||  lg(rg) alpha_du alpha_pr  ls
  30  4.7656624e-02 3.64e-02 1.20e+00 -11.0 1.67e-01    -  1.00e+00 1.00e+00h  1
  31  4.0715592e-02 2.06e-02 6.04e-01 -11.0 6.59e-02    -  1.00e+00 1.00e+00h  1
  32  3.1261746e-02 2.22e-02 5.14e-01 -11.0 3.05e-02    -  1.00e+00 1.00e+00h  1
  33  2.9248923e-02 1.94e-03 1.47e-01 -11.0 2.73e-02    -  1.00e+00 1.00e+00h  1
  34  2.7937697e-02 8.86e-03 5.90e-01 -11.0 7.29e-02    -  1.00e+00 1.00e+00h  1
  35  2.6835064e-02 2.99e-02 1.36e+00 -11.0 1.79e+00    -  1.00e+00 6.25e-02h  5
  36  2.5725713e-02 5.41e-02 2.22e+00 -11.0 2.05e+00    -  1.00e+00 6.25e-02h  5
  37  2.5837986e-02 5.90e-02 3.04e+00 -11.0 1.14e+00    -  1.00e+00 6.25e-02h  5
  38  2.4849634e-02 5.65e-02 3.24e+00 -11.0 4.41e-01    -  1.00e+00 1.25e-01h  4
  39  2.3696100e-02 7.79e-02 4.20e+00 -11.0 5.40e-01    -  1.00e+00 2.50e-01h  3
iter    objective    inf_pr   inf_du lg(mu)  ||d||  lg(rg) alpha_du alpha_pr  ls
  40  2.2833476e-02 8.44e-02 4.18e+00 -11.0 8.50e-01    -  1.00e+00 6.25e-02h  5
  41  2.1888050e-02 8.19e-02 3.92e+00 -11.0 3.64e-01    -  1.00e+00 1.25e-01h  4
  42  2.1374231e-02 8.61e-02 3.51e+00 -11.0 3.94e-01    -  1.00e+00 1.25e-01h  4
  43  2.0844142e-02 7.83e-02 3.15e+00 -11.0 2.37e-01    -  1.00e+00 1.25e-01h  4
  44  2.0156435e-02 8.34e-02 3.33e+00 -11.0 5.34e-01    -  1.00e+00 1.25e-01h  4
  45  2.8566366e+00 3.58e+00 4.91e+01 -11.0 8.70e-01    -  1.00e+00 1.00e+00w  1
  46  9.6837460e-01 7.51e+00 5.98e+01 -11.0 5.79e-01    -  1.00e+00 1.00e+00w  1
  47  8.6904154e-01 5.29e+00 1.98e+01 -11.0 9.52e-01    -  1.00e+00 1.00e+00w  1
  48  2.0260462e-02 8.40e-02 4.12e+00 -11.0 5.41e-01    -  1.00e+00 3.12e-02h  5
  49  1.9511570e-02 8.26e-02 2.87e+00 -11.0 2.33e-01    -  1.00e+00 1.25e-01h  4
iter    objective    inf_pr   inf_du lg(mu)  ||d||  lg(rg) alpha_du alpha_pr  ls
  50  2.0054136e-02 5.90e-03 6.76e-01 -11.0 2.60e-02    -  1.00e+00 1.00e+00h  1
  51  2.0226697e-02 7.01e-04 1.24e-01 -11.0 1.10e-02    -  1.00e+00 1.00e+00h  1
  52  1.9563915e-02 1.89e-04 1.82e-01 -11.0 5.55e-03    -  1.00e+00 1.00e+00h  1
  53  1.9307500e-02 3.19e-04 1.02e-01 -11.0 6.42e-03    -  1.00e+00 1.00e+00h  1
  54  1.9285461e-02 1.04e-02 5.92e-01 -11.0 2.78e-02    -  1.00e+00 1.00e+00h  1
  55  1.9054624e-02 5.67e-03 8.02e-01 -11.0 2.76e-02    -  1.00e+00 5.00e-01h  2
  56  1.8885419e-02 1.44e-03 1.43e-01 -11.0 1.04e-02    -  1.00e+00 1.00e+00h  1
  57  1.8522503e-02 3.33e-04 8.43e-02 -11.0 6.21e-03    -  1.00e+00 1.00e+00h  1
  58  1.8469766e-02 6.27e-05 1.63e-02 -11.0 3.32e-03    -  1.00e+00 1.00e+00h  1
  59  1.8218444e-02 1.52e-02 1.05e+00 -11.0 7.43e-02    -  1.00e+00 1.00e+00h  1
iter    objective    inf_pr   inf_du lg(mu)  ||d||  lg(rg) alpha_du alpha_pr  ls
  60  1.8092074e-02 1.60e-02 1.48e+00 -11.0 4.98e-01    -  1.00e+00 6.25e-02h  5
  61  1.7661793e-02 1.64e-02 1.08e+00 -11.0 9.50e-02    -  1.00e+00 5.00e-01h  2
  62  1.7366387e-02 1.73e-02 7.09e-01 -11.0 1.14e-01    -  1.00e+00 1.25e-01h  4
  63  1.7606786e-02 2.42e-02 1.01e+00 -11.0 3.76e-02    -  1.00e+00 1.00e+00h  1
  64  1.6888216e-02 5.23e-03 3.40e-01 -11.0 3.17e-02    -  1.00e+00 1.00e+00h  1
  65  1.6611879e-02 1.98e-03 7.19e-02 -11.0 1.98e-02    -  1.00e+00 1.00e+00h  1
  66  1.6564539e-02 1.12e-02 3.66e-01 -11.0 3.36e-02    -  1.00e+00 1.00e+00h  1
  67  1.8167403e-02 8.80e-04 6.42e-01 -11.0 4.63e-02    -  1.00e+00 1.00e+00H  1
  68  1.6926933e-02 9.36e-04 3.74e-01 -11.0 3.79e-02    -  1.00e+00 1.00e+00H  1
  69  1.5916499e-02 1.73e-03 3.21e-01 -11.0 1.81e-02    -  1.00e+00 1.00e+00h  1
iter    objective    inf_pr   inf_du lg(mu)  ||d||  lg(rg) alpha_du alpha_pr  ls
  70  1.5675003e-02 1.72e-03 7.64e-02 -11.0 1.22e-02    -  1.00e+00 1.00e+00h  1
  71  1.6023547e-02 6.07e-04 3.81e-01 -11.0 3.89e-02    -  1.00e+00 1.00e+00H  1
  72  1.5156291e-02 5.12e-02 9.02e-01 -11.0 8.61e-02    -  1.00e+00 1.00e+00h  1
  73  1.4263571e-02 7.58e-02 1.53e+00 -11.0 1.09e+00    -  1.00e+00 6.25e-02h  5
  74  1.4101463e-02 8.49e-02 2.22e+00 -11.0 4.54e-01    -  1.00e+00 1.25e-01h  4
  75  1.3854939e-02 7.91e-02 2.03e+00 -11.0 2.49e-01    -  1.00e+00 1.25e-01h  4
  76  1.4308917e-02 2.38e-02 1.22e+00 -11.0 4.69e-02    -  1.00e+00 5.00e-01h  2
  77  1.2972864e-02 5.32e-03 7.40e-02 -11.0 2.24e-02    -  1.00e+00 1.00e+00h  1
  78  1.3457793e-02 5.55e-04 8.34e-02 -11.0 1.42e-02    -  1.00e+00 1.00e+00h  1
  79  1.2743845e-02 1.83e-04 4.19e-02 -11.0 1.03e-02    -  1.00e+00 1.00e+00h  1
iter    objective    inf_pr   inf_du lg(mu)  ||d||  lg(rg) alpha_du alpha_pr  ls
  80  1.2703657e-02 8.51e-05 1.26e-02 -11.0 4.73e-03    -  1.00e+00 1.00e+00h  1
  81  1.2233290e-02 4.03e-02 3.88e-01 -11.0 1.13e-01    -  1.00e+00 1.00e+00h  1
  82  1.2161247e-02 4.10e-02 4.44e-01 -11.0 3.05e+00    -  1.00e+00 7.81e-03h  8
  83  1.2650989e-02 3.27e-02 4.21e-01 -11.0 1.13e-01    -  1.00e+00 2.50e-01h  3
  84  1.2352837e-02 1.67e-02 2.47e-01 -11.0 2.01e-02    -  1.00e+00 5.00e-01h  2
  85  1.2362819e-02 4.82e-03 1.23e-01 -11.0 4.65e-02    -  1.00e+00 1.00e+00h  1
  86  1.2309894e-02 6.58e-03 1.83e-01 -11.0 1.70e-01    -  1.00e+00 1.25e-01h  4
  87  1.2291221e-02 6.09e-03 3.24e-01 -11.0 9.97e-02    -  1.00e+00 1.25e-01h  4
  88  1.2142773e-02 3.77e-03 4.89e-01 -11.0 3.08e-02    -  1.00e+00 1.00e+00h  1
  89  1.2131207e-02 5.06e-03 1.83e-01 -11.0 1.41e-01    -  1.00e+00 2.50e-01h  3
iter    objective    inf_pr   inf_du lg(mu)  ||d||  lg(rg) alpha_du alpha_pr  ls
  90  1.2132278e-02 4.91e-03 1.77e-01 -11.0 9.75e-02    -  1.00e+00 1.25e-01h  4
  91  1.2303625e-02 5.92e-04 4.42e-02 -11.0 2.64e-02    -  1.00e+00 1.00e+00H  1
  92  1.2043766e-02 7.06e-04 1.25e-01 -11.0 3.89e-02    -  1.00e+00 2.50e-01h  3
  93  1.1939710e-02 4.66e-03 3.01e-01 -11.0 1.39e-02    -  1.00e+00 1.00e+00h  1
  94  1.1813073e-02 2.33e-03 2.02e-01 -11.0 1.90e-02    -  1.00e+00 5.00e-01h  2
  95  1.2295367e-02 2.56e-04 1.91e-01 -11.0 4.06e-02    -  1.00e+00 1.00e+00H  1
  96  1.2123738e-02 5.09e-04 3.73e-01 -11.0 9.40e-02    -  1.00e+00 1.25e-01h  4
  97  1.1854852e-02 6.36e-04 2.17e-01 -11.0 3.11e-02    -  1.00e+00 2.50e-01h  3
  98  1.1606522e-02 3.58e-03 1.57e-01 -11.0 3.28e-02    -  1.00e+00 5.00e-01h  2
  99  1.1649766e-02 2.05e-03 1.33e-01 -11.0 1.07e-02    -  1.00e+00 5.00e-01h  2
iter    objective    inf_pr   inf_du lg(mu)  ||d||  lg(rg) alpha_du alpha_pr  ls
 100  1.1574169e-02 2.34e-04 3.66e-02 -11.0 6.99e-03    -  1.00e+00 1.00e+00h  1
 101  1.1628411e-02 7.26e-06 3.90e-02 -11.0 5.78e-03    -  1.00e+00 1.00e+00H  1
 102  1.1542388e-02 1.40e-04 3.36e-02 -11.0 3.09e-03    -  1.00e+00 1.00e+00h  1
 103  1.1547510e-02 3.91e-05 4.23e-02 -11.0 2.54e-03    -  1.00e+00 1.00e+00h  1
 104  1.1525285e-02 2.45e-05 8.73e-03 -11.0 1.29e-03    -  1.00e+00 1.00e+00h  1
 105  1.1514843e-02 5.46e-05 6.86e-03 -11.0 2.63e-03    -  1.00e+00 1.00e+00h  1
 106  1.1505641e-02 1.84e-03 8.56e-02 -11.0 1.31e-01    -  1.00e+00 1.25e-01h  4
 107  1.1497014e-02 2.00e-03 1.15e-01 -11.0 9.84e-02    -  1.00e+00 6.25e-02h  5
 108  1.1758357e-02 3.44e-06 1.43e-01 -11.0 2.75e-02    -  1.00e+00 1.00e+00H  1
 109  1.1748233e-02 5.59e-06 1.47e-01 -11.0 7.54e-02    -  1.00e+00 7.81e-03h  8
iter    objective    inf_pr   inf_du lg(mu)  ||d||  lg(rg) alpha_du alpha_pr  ls
 110  1.1744014e-02 5.61e-06 1.47e-01 -11.0 1.53e-01    -  1.00e+00 9.77e-04h 11
 111  1.1385476e-02 1.52e-02 3.26e-01 -11.0 9.75e-02    -  1.00e+00 5.00e-01h  2
 112  1.1311634e-02 1.50e-02 3.88e-01 -11.0 2.42e-01    -  1.00e+00 3.12e-02h  6
 113  1.1309131e-02 1.32e-02 3.68e-01 -11.0 6.48e-02    -  1.00e+00 2.50e-01h  3
 114  1.1453751e-02 6.81e-03 2.57e-01 -11.0 1.49e-02    -  1.00e+00 5.00e-01h  2
 115  1.1250185e-02 3.46e-04 6.38e-02 -11.0 8.54e-03    -  1.00e+00 1.00e+00h  1
 116  1.1273822e-02 1.41e-04 2.43e-02 -11.0 1.09e-02    -  1.00e+00 1.00e+00H  1
 117  1.1626017e-02 3.95e-06 5.94e-02 -11.0 1.06e-02    -  1.00e+00 1.00e+00H  1
 118  1.1202768e-02 1.14e-03 2.01e-02 -11.0 1.16e-02    -  1.00e+00 1.00e+00h  1
 119  1.1240581e-02 3.02e-04 3.75e-02 -11.0 5.86e-03    -  1.00e+00 1.00e+00h  1
iter    objective    inf_pr   inf_du lg(mu)  ||d||  lg(rg) alpha_du alpha_pr  ls
 120  1.1189337e-02 3.36e-04 7.23e-02 -11.0 4.58e-03    -  1.00e+00 1.00e+00h  1
 121  1.1181301e-02 1.60e-04 2.67e-02 -11.0 3.77e-03    -  1.00e+00 1.00e+00h  1
 122  1.1166149e-02 1.32e-04 5.76e-02 -11.0 4.47e-03    -  1.00e+00 1.00e+00h  1
 123  1.1266385e-02 4.98e-05 1.44e-01 -11.0 1.35e-02    -  1.00e+00 1.00e+00H  1
 124  1.1316881e-02 1.54e-05 1.52e-01 -11.0 7.43e-03    -  1.00e+00 1.00e+00H  1
 125  1.1134058e-02 4.70e-04 2.47e-02 -11.0 8.56e-03    -  1.00e+00 1.00e+00h  1
 126  1.1166657e-02 1.43e-04 3.35e-02 -11.0 5.03e-03    -  1.00e+00 1.00e+00h  1
 127  1.1115898e-02 7.16e-05 3.49e-02 -11.0 2.60e-03    -  1.00e+00 1.00e+00h  1
 128  1.1111731e-02 2.66e-05 1.35e-02 -11.0 2.68e-03    -  1.00e+00 1.00e+00h  1
 129  1.1084688e-02 3.29e-03 3.62e-01 -11.0 3.06e-02    -  1.00e+00 1.00e+00h  1
iter    objective    inf_pr   inf_du lg(mu)  ||d||  lg(rg) alpha_du alpha_pr  ls
 130  1.1050711e-02 1.91e-02 1.20e+00 -11.0 2.28e+00    -  1.00e+00 3.12e-02h  6
 131  1.1013615e-02 2.28e-02 1.68e+00 -11.0 5.35e+00    -  1.00e+00 7.81e-03h  8
 132  1.1002134e-02 2.37e-02 2.10e+00 -11.0 2.40e+00    -  1.00e+00 1.56e-02h  7
 133  1.1001014e-02 2.39e-02 2.35e+00 -11.0 1.02e+00    -  1.00e+00 3.12e-02h  6
 134  1.0940579e-02 2.50e-02 2.77e+00 -11.0 1.47e+00    -  1.00e+00 3.12e-02h  6
 135  1.0867054e-02 2.81e-02 3.36e+00 -11.0 4.68e+00    -  1.00e+00 1.56e-02h  7
 136  1.0811824e-02 2.79e-02 3.48e+00 -11.0 2.90e+00    -  1.00e+00 7.81e-03h  8
 137  1.0744559e-02 2.75e-02 3.28e+00 -11.0 5.98e-01    -  1.00e+00 6.25e-02h  5
 138  1.0875156e-02 2.60e-02 3.10e+00 -11.0 5.74e-01    -  1.00e+00 6.25e-02h  5
 139  1.0848261e-02 2.19e-02 2.73e+00 -11.0 1.21e-01    -  1.00e+00 1.25e-01h  4
iter    objective    inf_pr   inf_du lg(mu)  ||d||  lg(rg) alpha_du alpha_pr  ls
 140  1.4922626e-02 8.01e-02 3.66e-01 -11.0 2.11e-01    -  1.00e+00 1.00e+00w  1
 141  4.1630925e-02 4.60e-01 6.72e+00 -11.0 5.86e-01    -  1.00e+00 1.00e+00w  1
 142  1.0759989e+00 1.86e+00 1.26e+01 -11.0 4.77e-01    -  1.00e+00 1.00e+00w  1
 143  1.0844410e-02 1.91e-02 2.09e+00 -11.0 4.22e-01    -  1.00e+00 2.50e-01h  2
 144  1.0693776e-02 1.60e-02 1.86e+00 -11.0 1.53e-01    -  1.00e+00 2.50e-01h  3
 145  1.0554952e-02 2.76e-02 1.94e+00 -11.0 9.17e-01    -  1.00e+00 6.25e-02h  5
 146  1.0484466e-02 3.42e-02 2.07e+00 -11.0 2.14e+00    -  1.00e+00 1.56e-02h  7
 147  1.0530552e-02 3.36e-02 2.01e+00 -11.0 2.51e-01    -  1.00e+00 6.25e-02h  5
 148  1.0753454e-02 7.11e-03 2.41e-01 -11.0 3.25e-02    -  1.00e+00 1.00e+00h  1
 149  1.0644137e-02 6.70e-03 2.42e-01 -11.0 4.25e-02    -  1.00e+00 1.25e-01h  4
iter    objective    inf_pr   inf_du lg(mu)  ||d||  lg(rg) alpha_du alpha_pr  ls
 150  1.0375494e-02 6.26e-03 2.09e-01 -11.0 2.97e-02    -  1.00e+00 1.00e+00h  1
 151  1.0332787e-02 6.81e-03 2.08e-01 -11.0 2.50e-01    -  1.00e+00 6.25e-02h  5
 152  1.0311025e-02 6.20e-03 5.34e-02 -11.0 9.07e-02    -  1.00e+00 1.25e-01h  4
 153  1.0292067e-02 7.74e-03 3.14e-01 -11.0 8.29e-02    -  1.00e+00 2.50e-01h  3
 154  1.0260441e-02 7.85e-03 4.88e-01 -11.0 1.46e-01    -  1.00e+00 6.25e-02h  5
 155  1.0262977e-02 6.94e-03 4.34e-01 -11.0 8.64e-02    -  1.00e+00 2.50e-01h  3
 156  1.0434667e-02 4.82e-03 3.76e-01 -11.0 1.20e-01    -  1.00e+00 2.50e-01h  3
 157  1.0409255e-02 3.90e-03 2.51e-01 -11.0 4.50e-02    -  1.00e+00 5.00e-01h  2
 158  1.0333739e-02 2.14e-03 1.69e-01 -11.0 3.44e-02    -  1.00e+00 5.00e-01h  2
 159  1.0852687e-02 1.42e-03 8.89e-02 -11.0 5.91e-02    -  1.00e+00 1.00e+00H  1
iter    objective    inf_pr   inf_du lg(mu)  ||d||  lg(rg) alpha_du alpha_pr  ls
 160  1.0555018e-02 2.02e-03 1.64e-01 -11.0 4.80e-02    -  1.00e+00 2.50e-01h  3
 161  1.0223402e-02 6.99e-03 4.73e-02 -11.0 1.30e-01    -  1.00e+00 2.50e-01h  3
 162  1.0182475e-02 6.78e-03 9.61e-02 -11.0 1.54e-01    -  1.00e+00 1.25e-01h  4
 163  1.0151629e-02 5.44e-03 2.84e-01 -11.0 1.31e-01    -  1.00e+00 2.50e-01h  3
 164  1.0141958e-02 5.08e-03 2.69e-01 -11.0 3.13e-02    -  1.00e+00 6.25e-02h  5
 165  1.0088331e-02 1.88e-03 4.01e-02 -11.0 2.43e-02    -  1.00e+00 1.00e+00h  1
 166  1.0097350e-02 1.87e-03 1.69e-01 -11.0 7.24e-02    -  1.00e+00 6.25e-02h  5
 167  1.0095195e-02 1.52e-04 2.12e-01 -11.0 4.77e-03    -  1.00e+00 1.00e+00h  1
 168  1.0102146e-02 8.58e-06 3.12e-02 -11.0 1.23e-02    -  1.00e+00 1.00e+00H  1
 169  1.0271360e-02 3.81e-06 2.25e-01 -11.0 7.88e-03    -  1.00e+00 1.00e+00H  1
iter    objective    inf_pr   inf_du lg(mu)  ||d||  lg(rg) alpha_du alpha_pr  ls
 170  1.0075864e-02 4.79e-04 3.57e-02 -11.0 1.45e-02    -  1.00e+00 1.00e+00h  1
 171  1.0095245e-02 8.74e-05 3.52e-02 -11.0 2.09e-03    -  1.00e+00 1.00e+00h  1
 172  1.0072651e-02 5.01e-05 5.53e-03 -11.0 2.21e-03    -  1.00e+00 1.00e+00h  1
 173  1.0070319e-02 1.28e-05 2.41e-03 -11.0 2.11e-03    -  1.00e+00 1.00e+00h  1
 174  1.0065627e-02 2.12e-03 1.46e-01 -11.0 2.21e-01    -  1.00e+00 1.25e-01h  4
 175  1.0060562e-02 2.35e-03 1.62e-01 -11.0 6.15e-01    -  1.00e+00 1.56e-02h  7
 176  1.0060383e-02 2.30e-03 1.24e-01 -11.0 5.76e-02    -  1.00e+00 1.25e-01h  4
 177  1.0063168e-02 2.10e-03 9.62e-02 -11.0 3.08e-02    -  1.00e+00 2.50e-01h  3
 178  1.0061310e-02 1.61e-03 6.14e-02 -11.0 8.76e-03    -  1.00e+00 2.50e-01h  3
 179  1.0036537e-02 2.60e-03 5.84e-02 -11.0 2.93e-02    -  1.00e+00 1.00e+00h  1
iter    objective    inf_pr   inf_du lg(mu)  ||d||  lg(rg) alpha_du alpha_pr  ls
 180  1.0032103e-02 2.56e-03 1.15e-01 -11.0 8.10e-02    -  1.00e+00 6.25e-02h  5
 181  1.0039416e-02 1.97e-03 2.39e-01 -11.0 1.23e-02    -  1.00e+00 2.50e-01h  3
 182  1.0014380e-02 3.13e-04 2.16e-02 -11.0 8.34e-03    -  1.00e+00 1.00e+00h  1
 183  1.0270157e-02 7.96e-06 3.24e-01 -11.0 9.98e-03    -  1.00e+00 1.00e+00H  1
 184  1.0010153e-02 1.60e-03 2.89e-02 -11.0 7.95e-03    -  1.00e+00 1.00e+00h  1
 185  1.0025512e-02 4.04e-05 3.20e-02 -11.0 2.83e-03    -  1.00e+00 1.00e+00h  1
 186  1.0000596e-02 4.92e-05 8.99e-03 -11.0 2.03e-03    -  1.00e+00 1.00e+00h  1
 187  9.9978985e-03 6.03e-06 5.78e-03 -11.0 9.10e-04    -  1.00e+00 1.00e+00h  1
 188  9.9969899e-03 4.40e-03 2.48e-01 -11.0 5.67e-02    -  1.00e+00 5.00e-01h  2
 189  9.9950830e-03 4.54e-03 3.15e-01 -11.0 3.63e-01    -  1.00e+00 1.56e-02h  7
iter    objective    inf_pr   inf_du lg(mu)  ||d||  lg(rg) alpha_du alpha_pr  ls
 190  9.9795443e-03 2.80e-03 2.50e-01 -11.0 1.07e-02    -  1.00e+00 5.00e-01h  2
 191  9.9493341e-03 2.93e-03 4.97e-02 -11.0 1.80e-02    -  1.00e+00 5.00e-01h  2
 192  9.9449819e-03 1.53e-03 8.20e-02 -11.0 7.16e-03    -  1.00e+00 5.00e-01h  2
 193  9.9157234e-03 5.25e-04 1.18e-02 -11.0 4.75e-03    -  1.00e+00 1.00e+00h  1
 194  9.9663061e-03 7.00e-06 1.80e-01 -11.0 5.43e-03    -  1.00e+00 1.00e+00H  1
 195  9.9031272e-03 8.69e-04 1.07e-01 -11.0 4.61e-03    -  1.00e+00 1.00e+00h  1
 196  9.9366699e-03 3.96e-04 1.79e-01 -11.0 4.95e-03    -  1.00e+00 1.00e+00h  1
 197  9.8959867e-03 9.95e-05 1.94e-02 -11.0 3.77e-03    -  1.00e+00 1.00e+00h  1
 198  9.8940337e-03 1.26e-05 5.46e-03 -11.0 1.10e-03    -  1.00e+00 1.00e+00h  1
 199  9.8856999e-03 8.07e-04 2.38e-02 -11.0 7.85e-02    -  1.00e+00 1.25e-01h  4
iter    objective    inf_pr   inf_du lg(mu)  ||d||  lg(rg) alpha_du alpha_pr  ls
 200  9.8841143e-03 2.68e-03 1.06e-01 -11.0 2.58e-01    -  1.00e+00 6.25e-02h  5
 201  9.8654948e-03 1.24e-02 4.59e-01 -11.0 5.55e-01    -  1.00e+00 6.25e-02h  5
 202  9.8626417e-03 1.27e-02 5.33e-01 -11.0 9.86e-01    -  1.00e+00 7.81e-03h  8
 203  9.8375253e-03 1.16e-02 4.92e-01 -11.0 5.77e-02    -  1.00e+00 2.50e-01h  3
 204  9.7833027e-03 4.25e-02 9.81e-01 -11.0 1.96e+00    -  1.00e+00 3.12e-02h  6
 205  9.7729738e-03 4.66e-02 1.35e+00 -11.0 2.50e+00    -  1.00e+00 7.81e-03h  8
 206  9.7632580e-03 4.61e-02 1.57e+00 -11.0 2.65e-01    -  1.00e+00 3.12e-02h  6
 207  9.7988630e-03 3.61e-02 1.44e+00 -11.0 4.96e-02    -  1.00e+00 2.50e-01h  3
 208  9.7528080e-03 2.96e-02 1.06e+00 -11.0 5.18e-02    -  1.00e+00 2.50e-01h  3
 209  1.6354974e-02 7.94e-02 1.20e+00 -11.0 5.96e-02    -  1.00e+00 1.00e+00w  1
iter    objective    inf_pr   inf_du lg(mu)  ||d||  lg(rg) alpha_du alpha_pr  ls
 210  9.8844836e-03 6.32e-02 2.02e-01 -11.0 5.07e-02    -  1.00e+00 1.00e+00w  1
 211  1.0600732e-02 9.12e-03 8.82e-01 -11.0 1.80e-02    -  1.00e+00 1.00e+00w  1
 212  9.7466881e-03 8.86e-03 7.11e-02 -11.0 1.62e-02    -  1.00e+00 1.00e+00h  1
 213  9.7760984e-03 4.50e-03 5.56e-02 -11.0 7.24e-03    -  1.00e+00 5.00e-01h  2
 214  9.6836647e-03 3.64e-04 2.20e-02 -11.0 4.60e-03    -  1.00e+00 1.00e+00h  1
 215  9.7016889e-03 8.54e-05 2.13e-02 -11.0 1.78e-03    -  1.00e+00 1.00e+00h  1
 216  9.6804869e-03 1.90e-05 3.05e-03 -11.0 1.32e-03    -  1.00e+00 1.00e+00h  1
 217  9.6792605e-03 1.95e-06 8.46e-04 -11.0 3.10e-04    -  1.00e+00 1.00e+00h  1
 218  9.6747394e-03 5.55e-04 2.78e-02 -11.0 5.43e-03    -  1.00e+00 1.00e+00h  1
 219  9.8145242e-03 3.13e-07 3.30e-02 -11.0 9.33e-03    -  1.00e+00 1.00e+00H  1
iter    objective    inf_pr   inf_du lg(mu)  ||d||  lg(rg) alpha_du alpha_pr  ls
 220  9.6628147e-03 4.06e-04 2.57e-02 -11.0 5.33e-03    -  1.00e+00 1.00e+00h  1
 221  9.6575730e-03 5.17e-05 8.49e-02 -11.0 1.50e-03    -  1.00e+00 1.00e+00h  1
 222  9.6546226e-03 1.85e-05 3.69e-02 -11.0 1.10e-03    -  1.00e+00 1.00e+00h  1
 223  9.6534668e-03 3.17e-04 1.46e-02 -11.0 4.68e-03    -  1.00e+00 1.00e+00h  1
 224  9.6509268e-03 4.14e-04 2.40e-02 -11.0 3.09e-02    -  1.00e+00 1.25e-01h  4
 225  9.6479511e-03 7.65e-04 7.81e-02 -11.0 2.28e-02    -  1.00e+00 2.50e-01h  3
 226  9.6460264e-03 1.08e-03 1.54e-01 -11.0 2.35e-02    -  1.00e+00 2.50e-01h  3
 227  9.7968707e-03 7.02e-07 7.52e-02 -11.0 1.29e-02    -  1.00e+00 1.00e+00H  1
 228  9.7557690e-03 1.26e-06 1.43e-01 -11.0 1.34e-02    -  1.00e+00 1.00e+00H  1
 229  9.7314137e-03 6.50e-07 1.14e-01 -11.0 1.77e-02    -  1.00e+00 1.00e+00H  1
iter    objective    inf_pr   inf_du lg(mu)  ||d||  lg(rg) alpha_du alpha_pr  ls
 230  9.7262638e-03 1.20e-06 1.12e-01 -11.0 2.41e-02    -  1.00e+00 7.81e-03h  8
 231  9.6430748e-03 8.92e-04 3.19e-02 -11.0 8.06e-03    -  1.00e+00 1.00e+00h  1
 232  9.6885007e-03 1.05e-06 3.85e-02 -11.0 1.12e-02    -  1.00e+00 1.00e+00H  1
 233  9.6490281e-03 1.70e-05 4.45e-02 -11.0 6.12e-03    -  1.00e+00 1.00e+00H  1
 234  9.6286443e-03 3.97e-04 5.56e-02 -11.0 5.24e-03    -  1.00e+00 1.00e+00h  1
 235  9.6152274e-03 2.16e-04 2.38e-02 -11.0 2.94e-03    -  1.00e+00 1.00e+00h  1
 236  9.6075655e-03 3.64e-05 1.13e-02 -11.0 2.16e-03    -  1.00e+00 1.00e+00h  1
 237  9.6027673e-03 7.84e-06 6.26e-03 -11.0 1.00e-03    -  1.00e+00 1.00e+00h  1
 238  9.6013649e-03 1.77e-06 3.49e-03 -11.0 3.19e-04    -  1.00e+00 1.00e+00h  1
 239  9.5994644e-03 3.66e-06 8.46e-03 -11.0 6.72e-04    -  1.00e+00 1.00e+00h  1
iter    objective    inf_pr   inf_du lg(mu)  ||d||  lg(rg) alpha_du alpha_pr  ls
 240  9.8032373e-03 2.04e-07 6.06e-02 -11.0 2.24e-02    -  1.00e+00 1.00e+00H  1
 241  9.7756035e-03 2.47e-07 1.38e-01 -11.0 1.06e-02    -  1.00e+00 1.00e+00H  1
 242  9.5717018e-03 7.40e-04 1.02e-01 -11.0 9.67e-03    -  1.00e+00 1.00e+00h  1
 243  9.6374755e-03 1.88e-08 2.63e-01 -11.0 6.38e-03    -  1.00e+00 1.00e+00H  1
 244  9.5604631e-03 2.77e-04 3.52e-02 -11.0 3.47e-03    -  1.00e+00 1.00e+00h  1
 245  9.5555021e-03 4.43e-05 1.78e-02 -11.0 2.51e-03    -  1.00e+00 1.00e+00h  1
 246  9.5527840e-03 1.13e-04 1.85e-02 -11.0 5.21e-02    -  1.00e+00 6.25e-02h  5
 247  9.5452226e-03 9.02e-04 3.66e-02 -11.0 8.32e-02    -  1.00e+00 1.25e-01h  4
 248  9.5428886e-03 1.00e-03 4.28e-02 -11.0 4.30e-01    -  1.00e+00 7.81e-03h  8
 249  9.5403886e-03 1.22e-03 4.12e-02 -11.0 3.69e-02    -  1.00e+00 1.25e-01h  4
iter    objective    inf_pr   inf_du lg(mu)  ||d||  lg(rg) alpha_du alpha_pr  ls
 250  9.5269776e-03 7.29e-03 8.36e-02 -11.0 9.68e-02    -  1.00e+00 2.50e-01h  3
 251  9.5249529e-03 1.03e-02 8.76e-02 -11.0 6.29e-01    -  1.00e+00 3.12e-02h  6
 252  9.5155557e-03 1.05e-02 6.27e-02 -11.0 2.55e-01    -  1.00e+00 3.12e-02h  6
 253  9.5149217e-03 1.08e-02 1.35e-01 -11.0 1.49e-01    -  1.00e+00 1.25e-01h  4
 254  9.4844244e-03 1.16e-02 2.20e-01 -11.0 2.59e-01    -  1.00e+00 6.25e-02h  5
 255  9.4789660e-03 1.23e-02 1.53e-01 -11.0 3.68e-01    -  1.00e+00 3.12e-02h  6
 256  1.3804620e-02 8.56e-02 4.21e-01 -11.0 6.06e-02    -  1.00e+00 1.00e+00w  1
 257  9.4671847e-03 6.86e-02 1.32e-01 -11.0 4.94e-02    -  1.00e+00 1.00e+00h  1
 258  9.4227594e-03 3.47e-02 8.21e-02 -11.0 2.09e-02    -  1.00e+00 5.00e-01h  2
 259  9.4536968e-03 2.71e-02 1.40e-01 -11.0 3.42e-02    -  1.00e+00 2.50e-01h  3
iter    objective    inf_pr   inf_du lg(mu)  ||d||  lg(rg) alpha_du alpha_pr  ls
 260  9.4520205e-03 1.38e-02 1.64e-01 -11.0 1.38e-02    -  1.00e+00 5.00e-01h  2
 261  9.4226672e-03 1.15e-02 1.47e-01 -11.0 3.12e-02    -  1.00e+00 2.50e-01h  3
 262  9.5231949e-03 5.82e-04 9.56e-02 -11.0 7.02e-03    -  1.00e+00 1.00e+00h  1
 263  9.4151371e-03 3.36e-04 3.14e-02 -11.0 5.59e-03    -  1.00e+00 1.00e+00h  1
 264  9.4140364e-03 7.51e-06 1.98e-02 -11.0 9.14e-04    -  1.00e+00 1.00e+00h  1
 265  9.4121953e-03 6.39e-06 1.05e-02 -11.0 1.14e-03    -  1.00e+00 1.00e+00h  1
 266  9.4343044e-03 7.25e-07 4.35e-02 -11.0 1.90e-02    -  1.00e+00 1.00e+00H  1
 267  9.4328238e-03 5.92e-06 4.91e-02 -11.0 9.23e-02    -  1.00e+00 7.81e-03h  8
 268  9.4300738e-03 2.13e-06 1.95e-01 -11.0 1.36e-02    -  1.00e+00 1.00e+00H  1
 269  9.4109159e-03 5.20e-05 1.72e-01 -11.0 1.25e-02    -  1.00e+00 1.25e-01h  4
iter    objective    inf_pr   inf_du lg(mu)  ||d||  lg(rg) alpha_du alpha_pr  ls
 270  9.3778008e-03 1.67e-04 1.50e-02 -11.0 3.89e-03    -  1.00e+00 1.00e+00h  1
 271  9.3856104e-03 4.64e-05 5.55e-02 -11.0 1.37e-02    -  1.00e+00 1.00e+00H  1
 272  9.3828413e-03 6.74e-05 5.91e-02 -11.0 1.48e-01    -  1.00e+00 1.56e-02h  7
 273  9.3712384e-03 1.77e-03 8.34e-02 -11.0 6.77e-01    -  1.00e+00 3.12e-02h  6
 274  9.3583580e-03 2.66e-03 1.20e-01 -11.0 9.99e-01    -  1.00e+00 1.56e-02h  7
 275  9.3347794e-03 6.46e-03 1.41e-01 -11.0 9.86e-01    -  1.00e+00 3.12e-02h  6
 276  9.3144069e-03 7.61e-03 1.80e-01 -11.0 2.13e+00    -  1.00e+00 7.81e-03h  8
 277  9.3046227e-03 7.94e-03 1.89e-01 -11.0 5.66e-01    -  1.00e+00 1.56e-02h  7
 278  9.2791534e-03 7.83e-03 1.63e-01 -11.0 6.49e-02    -  1.00e+00 6.25e-02h  5
 279  9.2858698e-03 4.19e-03 1.23e-01 -11.0 1.72e-02    -  1.00e+00 5.00e-01h  2
iter    objective    inf_pr   inf_du lg(mu)  ||d||  lg(rg) alpha_du alpha_pr  ls
 280  9.4083383e-03 4.48e-05 1.89e-01 -11.0 4.36e-02    -  1.00e+00 1.00e+00H  1
 281  9.3761892e-03 7.01e-04 2.92e-01 -11.0 6.66e-02    -  1.00e+00 1.25e-01h  4
 282  9.3415654e-03 2.96e-03 3.74e-01 -11.0 1.53e-02    -  1.00e+00 1.00e+00h  1
 283  9.3239641e-03 5.46e-04 7.85e-02 -11.0 7.35e-03    -  1.00e+00 1.00e+00h  1
 284  9.1671354e-03 7.47e-04 4.88e-02 -11.0 6.70e-03    -  1.00e+00 1.00e+00h  1
 285  9.1674233e-03 1.16e-04 3.16e-02 -11.0 3.32e-03    -  1.00e+00 1.00e+00h  1
 286  9.1468203e-03 6.04e-05 4.84e-03 -11.0 2.08e-03    -  1.00e+00 1.00e+00h  1
 287  9.1433866e-03 2.64e-06 1.40e-02 -11.0 5.38e-04    -  1.00e+00 1.00e+00h  1
 288  9.1352896e-03 2.95e-05 1.12e-02 -11.0 2.42e-03    -  1.00e+00 1.00e+00h  1
 289  9.1290120e-03 2.08e-04 4.80e-02 -11.0 6.33e-02    -  1.00e+00 1.25e-01h  4
iter    objective    inf_pr   inf_du lg(mu)  ||d||  lg(rg) alpha_du alpha_pr  ls
 290  9.1183856e-03 5.97e-04 1.24e-01 -11.0 5.63e-02    -  1.00e+00 1.25e-01h  4
 291  9.1179099e-03 6.32e-04 3.25e-01 -11.0 5.50e-02    -  1.00e+00 1.25e-01h  4
 292  9.1131924e-03 5.82e-04 3.64e-01 -11.0 2.39e-02    -  1.00e+00 2.50e-01h  3
 293  9.2007705e-03 8.87e-07 1.39e-01 -11.0 2.12e-02    -  1.00e+00 1.00e+00H  1
 294  9.1862248e-03 1.71e-06 1.57e-01 -11.0 1.93e-02    -  1.00e+00 3.12e-02h  6
 295  9.0574525e-03 5.29e-04 2.72e-02 -11.0 1.08e-02    -  1.00e+00 1.00e+00h  1
 296  9.1010841e-03 3.40e-04 9.05e-02 -11.0 1.92e-02    -  1.00e+00 1.00e+00H  1
 297  9.0794734e-03 3.59e-04 1.17e-01 -11.0 6.88e-02    -  1.00e+00 1.25e-01h  4
 298  9.0502687e-03 1.49e-03 8.25e-02 -11.0 7.54e-01    -  1.00e+00 1.56e-02h  7
 299  9.0501525e-03 1.96e-03 1.04e-01 -11.0 2.98e-01    -  1.00e+00 3.12e-02h  6
iter    objective    inf_pr   inf_du lg(mu)  ||d||  lg(rg) alpha_du alpha_pr  ls
 300  9.0381655e-03 1.72e-03 1.01e-01 -11.0 3.08e-02    -  1.00e+00 1.25e-01h  4
 301  9.0308828e-03 1.18e-03 3.74e-02 -11.0 1.25e-02    -  1.00e+00 5.00e-01h  2
 302  9.0127835e-03 1.27e-03 8.24e-02 -11.0 3.06e-02    -  1.00e+00 2.50e-01h  3
 303  9.0035531e-03 1.31e-03 4.72e-02 -11.0 1.00e-01    -  1.00e+00 6.25e-02h  5
 304  8.9995574e-03 1.31e-03 2.73e-02 -11.0 8.62e-02    -  1.00e+00 6.25e-02h  5
 305  8.9914164e-03 2.75e-03 5.32e-02 -11.0 1.52e-01    -  1.00e+00 1.25e-01h  4
 306  8.9652934e-03 5.33e-03 8.97e-02 -11.0 3.94e+00    -  1.00e+00 7.81e-03h  8
 307  1.4227841e-01 1.20e+00 5.40e+00 -11.0 5.28e-01    -  1.00e+00 1.00e+00w  1
 308  1.2435982e-01 1.49e+00 4.79e+00 -11.0 5.42e-01    -  1.00e+00 1.00e+00w  1
 309  2.8408791e+00 1.07e+01 2.49e+01 -11.0 3.69e+00    -  1.00e+00 1.00e+00w  1
iter    objective    inf_pr   inf_du lg(mu)  ||d||  lg(rg) alpha_du alpha_pr  ls
 310  8.9730693e-03 5.44e-03 1.32e-01 -11.0 3.09e+00    -  1.00e+00 1.56e-02h  6
 311  8.9638944e-03 5.58e-03 9.71e-02 -11.0 1.88e+00    -  1.00e+00 3.91e-03h  9
 312  8.9585059e-03 5.43e-03 1.54e-01 -11.0 9.26e-02    -  1.00e+00 3.12e-02h  6
 313  8.9767577e-03 7.00e-05 5.20e-02 -11.0 4.28e-03    -  1.00e+00 1.00e+00h  1
 314  8.9426440e-03 9.06e-05 3.12e-02 -11.0 4.60e-03    -  1.00e+00 1.00e+00h  1
 315  8.9871368e-03 3.63e-05 4.75e-02 -11.0 1.74e-02    -  1.00e+00 1.00e+00H  1
 316  8.9758942e-03 1.34e-05 4.04e-02 -11.0 5.24e-02    -  1.00e+00 6.25e-02h  5
 317  8.9616779e-03 2.66e-05 5.44e-02 -11.0 2.16e-01    -  1.00e+00 1.56e-02h  7
 318  8.9533792e-03 3.58e-05 6.74e-02 -11.0 2.18e-01    -  1.00e+00 7.81e-03h  8
 319  8.9394040e-03 1.03e-03 9.99e-02 -11.0 1.45e-01    -  1.00e+00 1.25e-01h  4
iter    objective    inf_pr   inf_du lg(mu)  ||d||  lg(rg) alpha_du alpha_pr  ls
 320  8.9232412e-03 9.57e-04 7.24e-02 -11.0 6.02e-02    -  1.00e+00 1.25e-01h  4
 321  8.8953109e-03 8.07e-04 1.32e-01 -11.0 1.85e-02    -  1.00e+00 5.00e-01h  2
 322  8.8877376e-03 8.04e-03 6.98e-01 -11.0 9.76e-02    -  1.00e+00 1.00e+00H  1
 323  8.8328731e-03 5.55e-03 7.37e-01 -11.0 4.22e+00    -  1.00e+00 7.81e-03h  8
 324  8.7892719e-03 9.89e-03 6.71e-01 -11.0 2.55e+00    -  1.00e+00 1.56e-02h  7
 325  8.7682727e-03 9.90e-03 6.17e-01 -11.0 4.07e-01    -  1.00e+00 1.56e-02h  7
 326  8.7268235e-03 1.12e-02 6.78e-01 -11.0 2.89e-01    -  1.00e+00 1.25e-01h  4
 327  8.6745708e-03 1.37e-02 5.84e-01 -11.0 7.62e-01    -  1.00e+00 3.12e-02h  6
 328  8.6197194e-03 1.30e-02 5.26e-01 -11.0 2.06e-01    -  1.00e+00 6.25e-02h  5
 329  8.5511563e-03 1.31e-02 2.94e-01 -11.0 2.79e-01    -  1.00e+00 1.25e-01h  4
iter    objective    inf_pr   inf_du lg(mu)  ||d||  lg(rg) alpha_du alpha_pr  ls
 330  8.5538979e-03 1.32e-02 2.60e-01 -11.0 2.00e-01    -  1.00e+00 3.12e-02h  6
 331  8.7349309e-03 6.63e-03 1.88e-01 -11.0 1.79e-02    -  1.00e+00 1.00e+00h  1
 332  8.6095857e-03 3.07e-03 2.77e-01 -11.0 3.26e-02    -  1.00e+00 5.00e-01h  2
 333  8.5572075e-03 4.28e-03 2.37e-01 -11.0 8.39e-02    -  1.00e+00 2.50e-01h  3
 334  8.5220774e-03 4.29e-03 2.74e-01 -11.0 1.49e-01    -  1.00e+00 6.25e-02h  5
 335  8.5893689e-03 2.36e-03 2.34e-01 -11.0 1.98e-02    -  1.00e+00 5.00e-01h  2
 336  8.5000734e-03 2.48e-03 5.61e-02 -11.0 1.56e-02    -  1.00e+00 1.00e+00h  1
 337  8.4958278e-03 2.29e-03 4.48e-02 -11.0 3.34e-02    -  1.00e+00 1.25e-01h  4
 338  8.5290276e-03 8.41e-04 2.47e-01 -11.0 1.81e-02    -  1.00e+00 1.00e+00h  1
 339  8.5080424e-03 8.41e-04 3.59e-01 -11.0 6.73e-02    -  1.00e+00 1.25e-01h  4
iter    objective    inf_pr   inf_du lg(mu)  ||d||  lg(rg) alpha_du alpha_pr  ls
 340  8.4905199e-03 6.30e-04 3.11e-01 -11.0 1.02e-01    -  1.00e+00 1.25e-01h  4
 341  8.4801352e-03 2.60e-03 1.99e-01 -11.0 1.75e-01    -  1.00e+00 1.25e-01h  4
 342  8.4788862e-03 2.47e-03 2.17e-01 -11.0 5.81e-02    -  1.00e+00 6.25e-02h  5
 343  8.5032521e-03 5.75e-04 4.45e-02 -11.0 1.60e-02    -  1.00e+00 1.00e+00h  1
 344  8.4410609e-03 4.57e-04 5.96e-02 -11.0 3.42e-02    -  1.00e+00 2.50e-01h  3
 345  8.3670516e-03 1.10e-03 2.86e-01 -11.0 9.54e-02    -  1.00e+00 2.50e-01h  3
 346  8.3559483e-03 1.15e-03 3.39e-01 -11.0 2.61e-01    -  1.00e+00 3.12e-02h  6
 347  8.3834651e-03 1.31e-03 2.92e-01 -11.0 5.50e-02    -  1.00e+00 2.50e-01h  3
 348  8.3668475e-03 1.00e-03 2.56e-01 -11.0 4.81e-02    -  1.00e+00 2.50e-01h  3
 349  8.3412727e-03 1.02e-03 2.98e-01 -11.0 1.22e-01    -  1.00e+00 6.25e-02h  5
iter    objective    inf_pr   inf_du lg(mu)  ||d||  lg(rg) alpha_du alpha_pr  ls
 350  8.3190014e-03 1.18e-02 6.23e-01 -11.0 1.83e-01    -  1.00e+00 5.00e-01h  2
 351  8.3081186e-03 1.23e-02 7.76e-01 -11.0 5.80e+00    -  1.00e+00 3.91e-03h  9
 352  8.3049794e-03 1.15e-02 7.42e-01 -11.0 5.06e-02    -  1.00e+00 6.25e-02h  5
 353  8.2428164e-03 5.59e-03 2.52e-02 -11.0 5.70e-02    -  1.00e+00 1.00e+00h  1
 354  8.2255193e-03 5.85e-03 1.00e-01 -11.0 2.00e+00    -  1.00e+00 7.81e-03h  8
 355  8.2199090e-03 8.35e-03 3.18e-01 -11.0 1.50e+00    -  1.00e+00 3.12e-02h  6
 356  8.2090285e-03 1.56e-02 6.92e-01 -11.0 1.81e+01    -  1.00e+00 3.91e-03h  9
 357  8.1943152e-03 1.63e-02 5.38e-01 -11.0 1.09e+01    -  1.00e+00 1.95e-03h 10
 358  8.1870939e-03 1.60e-02 5.59e-01 -11.0 5.65e-01    -  1.00e+00 7.81e-03h  8
 359  8.2144229e-03 1.32e-02 6.69e-01 -11.0 1.07e-01    -  1.00e+00 2.50e-01h  3
iter    objective    inf_pr   inf_du lg(mu)  ||d||  lg(rg) alpha_du alpha_pr  ls
 360  8.2039042e-03 1.59e-02 3.68e-01 -11.0 1.37e+00    -  1.00e+00 3.12e-02h  6
 361  8.1833371e-03 1.72e-02 5.52e-01 -11.0 3.74e+00    -  1.00e+00 7.81e-03h  8
 362  8.1689979e-03 1.75e-02 7.12e-01 -11.0 7.91e-01    -  1.00e+00 3.12e-02h  6
 363  8.3960051e-03 2.61e-04 1.34e-01 -11.0 3.18e-03    -  1.00e+00 1.00e+00h  1
 364  8.3255944e-03 7.36e-05 8.42e-02 -11.0 2.10e-03    -  1.00e+00 1.00e+00h  1
 365  8.2194775e-03 2.41e-04 6.23e-02 -11.0 3.20e-03    -  1.00e+00 1.00e+00h  1
 366  8.1876834e-03 1.89e-04 8.61e-02 -11.0 2.28e-03    -  1.00e+00 1.00e+00h  1
 367  8.1741489e-03 1.28e-04 2.93e-02 -11.0 2.26e-03    -  1.00e+00 1.00e+00h  1
 368  8.1677943e-03 7.91e-05 8.46e-03 -11.0 1.71e-03    -  1.00e+00 1.00e+00h  1
 369  8.1579294e-03 1.83e-04 9.92e-02 -11.0 3.16e-03    -  1.00e+00 1.00e+00h  1
iter    objective    inf_pr   inf_du lg(mu)  ||d||  lg(rg) alpha_du alpha_pr  ls
 370  8.1526120e-03 6.43e-04 2.43e-01 -11.0 2.20e-02    -  1.00e+00 2.50e-01h  3
 371  8.1709991e-03 7.03e-05 2.42e-01 -11.0 6.88e-03    -  1.00e+00 1.00e+00H  1
 372  8.1894300e-03 2.21e-05 2.99e-01 -11.0 5.63e-03    -  1.00e+00 1.00e+00H  1
 373  8.1348416e-03 8.82e-04 6.53e-02 -11.0 6.79e-03    -  1.00e+00 1.00e+00h  1
 374  8.1218713e-03 1.21e-04 3.67e-02 -11.0 2.56e-03    -  1.00e+00 1.00e+00h  1
 375  8.1182112e-03 1.38e-04 6.89e-02 -11.0 3.11e-03    -  1.00e+00 1.00e+00h  1
 376  8.1071655e-03 2.10e-04 5.23e-02 -11.0 3.99e-03    -  1.00e+00 1.00e+00h  1
 377  8.3709481e-03 2.51e-06 2.27e-01 -11.0 1.64e-02    -  1.00e+00 1.00e+00H  1
 378  8.0933724e-03 9.43e-04 1.24e-01 -11.0 7.18e-03    -  1.00e+00 1.00e+00h  1
 379  8.0852566e-03 3.29e-04 1.17e-01 -11.0 3.89e-03    -  1.00e+00 1.00e+00h  1
iter    objective    inf_pr   inf_du lg(mu)  ||d||  lg(rg) alpha_du alpha_pr  ls
 380  8.0641679e-03 1.26e-04 4.83e-02 -11.0 4.79e-03    -  1.00e+00 1.00e+00h  1
 381  8.1677145e-03 1.48e-05 1.06e-01 -11.0 1.77e-02    -  1.00e+00 1.00e+00H  1
 382  8.2241520e-03 8.81e-06 8.38e-02 -11.0 1.80e-02    -  1.00e+00 1.00e+00H  1
 383  8.1059962e-03 3.60e-04 1.29e-01 -11.0 1.32e-02    -  1.00e+00 2.50e-01h  3
 384  8.0308188e-03 1.01e-03 1.47e-02 -11.0 5.49e-03    -  1.00e+00 1.00e+00h  1
 385  8.0363964e-03 3.30e-04 8.28e-03 -11.0 4.44e-03    -  1.00e+00 1.00e+00h  1
 386  8.0149533e-03 6.34e-05 5.89e-02 -11.0 3.18e-03    -  1.00e+00 1.00e+00h  1
 387  8.0131746e-03 1.05e-04 5.76e-02 -11.0 2.49e-03    -  1.00e+00 1.00e+00h  1
 388  7.9992628e-03 2.89e-05 2.90e-02 -11.0 2.06e-03    -  1.00e+00 1.00e+00h  1
 389  8.0027988e-03 4.83e-06 4.87e-02 -11.0 6.95e-03    -  1.00e+00 1.00e+00H  1
iter    objective    inf_pr   inf_du lg(mu)  ||d||  lg(rg) alpha_du alpha_pr  ls
 390  7.9821767e-03 7.46e-04 2.25e-01 -11.0 1.42e-02    -  1.00e+00 1.00e+00h  1
 391  7.9658540e-03 2.48e-03 4.57e-01 -11.0 1.65e-01    -  1.00e+00 1.25e-01h  4
 392  7.9572392e-03 2.46e-03 4.83e-01 -11.0 6.62e-02    -  1.00e+00 6.25e-02h  5
 393  7.9730706e-03 4.42e-04 3.13e-01 -11.0 7.87e-03    -  1.00e+00 1.00e+00h  1
 394  7.8698302e-03 6.21e-05 1.05e-01 -11.0 5.49e-03    -  1.00e+00 1.00e+00h  1
 395  7.8237299e-03 1.08e-03 4.63e-02 -11.0 1.57e-02    -  1.00e+00 1.00e+00h  1
 396  7.8125505e-03 2.20e-03 1.78e-01 -11.0 4.05e-01    -  1.00e+00 3.12e-02h  6
 397  7.7927980e-03 4.14e-03 3.56e-01 -11.0 5.24e-01    -  1.00e+00 3.12e-02h  6
 398  7.7764966e-03 1.75e-02 5.61e-01 -11.0 6.16e-01    -  1.00e+00 6.25e-02h  5
 399  7.7482870e-03 1.87e-02 5.80e-01 -11.0 1.64e+00    -  1.00e+00 7.81e-03h  8
iter    objective    inf_pr   inf_du lg(mu)  ||d||  lg(rg) alpha_du alpha_pr  ls
 400  7.7247096e-03 1.99e-02 2.69e-01 -11.0 1.72e-01    -  1.00e+00 1.25e-01h  4
 401  7.6613959e-03 2.11e-02 2.07e-01 -11.0 2.30e-01    -  1.00e+00 1.25e-01h  4
 402  7.6249735e-03 2.10e-02 2.36e-01 -11.0 4.39e-01    -  1.00e+00 3.12e-02h  6
 403  7.7148757e-03 1.79e-02 7.40e-01 -11.0 1.30e-01    -  1.00e+00 5.00e-01h  2
 404  7.6061595e-03 2.10e-02 8.20e-01 -11.0 6.55e-01    -  1.00e+00 6.25e-02h  5
 405  7.4980132e-03 1.97e-02 4.08e-01 -11.0 4.49e-01    -  1.00e+00 6.25e-02h  5
 406  2.4976741e-02 4.08e-01 3.95e+00 -11.0 1.36e-01    -  1.00e+00 1.00e+00w  1
 407  1.1437765e-02 2.16e-01 1.23e+00 -11.0 1.10e-01    -  1.00e+00 1.00e+00w  1
 408  3.4383275e-02 3.43e-01 3.98e+00 -11.0 1.26e-01    -  1.00e+00 1.00e+00w  1
 409  7.4697558e-03 1.63e-02 3.78e-01 -11.0 6.78e-02    -  1.00e+00 1.25e-01h  3
iter    objective    inf_pr   inf_du lg(mu)  ||d||  lg(rg) alpha_du alpha_pr  ls
 410  7.3508355e-03 1.13e-02 4.53e-01 -11.0 7.60e-02    -  1.00e+00 5.00e-01h  2
 411  7.2989988e-03 1.10e-02 6.94e-01 -11.0 2.27e-01    -  1.00e+00 6.25e-02h  5
 412  7.5043111e-03 7.00e-03 3.91e-01 -11.0 5.71e-02    -  1.00e+00 5.00e-01h  2
 413  7.4958025e-03 1.58e-03 6.85e-02 -11.0 2.04e-02    -  1.00e+00 1.00e+00h  1
 414  7.4433174e-03 2.11e-03 9.18e-02 -11.0 3.93e-02    -  1.00e+00 5.00e-01h  2
 415  7.3777968e-03 8.29e-04 2.91e-01 -11.0 1.61e-02    -  1.00e+00 1.00e+00h  1
 416  7.6294738e-03 1.02e-03 9.65e-02 -11.0 1.05e-02    -  1.00e+00 1.00e+00h  1
 417  7.2811268e-03 2.70e-04 2.17e-02 -11.0 6.51e-03    -  1.00e+00 1.00e+00h  1
 418  7.2792105e-03 7.48e-06 2.12e-02 -11.0 9.08e-04    -  1.00e+00 1.00e+00h  1
 419  7.2624144e-03 1.67e-04 3.77e-02 -11.0 3.91e-03    -  1.00e+00 1.00e+00h  1
iter    objective    inf_pr   inf_du lg(mu)  ||d||  lg(rg) alpha_du alpha_pr  ls
 420  7.2618569e-03 1.05e-03 1.13e-01 -11.0 1.37e-01    -  1.00e+00 6.25e-02h  5
 421  7.3956102e-03 2.03e-06 2.67e-01 -11.0 1.05e-02    -  1.00e+00 1.00e+00H  1
 422  7.2366023e-03 7.72e-04 9.81e-02 -11.0 5.93e-03    -  1.00e+00 1.00e+00h  1
 423  7.2292788e-03 7.60e-05 4.30e-02 -11.0 1.66e-03    -  1.00e+00 1.00e+00h  1
 424  7.2179131e-03 4.58e-05 4.34e-03 -11.0 9.82e-04    -  1.00e+00 1.00e+00h  1
 425  7.2154961e-03 3.55e-06 2.83e-03 -11.0 9.70e-04    -  1.00e+00 1.00e+00h  1
 426  7.1930816e-03 1.16e-03 8.55e-02 -11.0 2.37e-02    -  1.00e+00 1.00e+00h  1
 427  7.1823285e-03 1.32e-03 1.27e-01 -11.0 6.12e-01    -  1.00e+00 1.56e-02h  7
 428  7.1768798e-03 1.29e-03 1.54e-01 -11.0 7.90e-02    -  1.00e+00 6.25e-02h  5
 429  7.1714496e-03 1.39e-03 2.45e-01 -11.0 6.85e-02    -  1.00e+00 2.50e-01h  3
iter    objective    inf_pr   inf_du lg(mu)  ||d||  lg(rg) alpha_du alpha_pr  ls
 430  7.1504557e-03 2.53e-03 3.06e-01 -11.0 1.49e-01    -  1.00e+00 1.25e-01h  4
 431  7.1365977e-03 2.65e-03 3.03e-01 -11.0 3.78e-01    -  1.00e+00 3.12e-02h  6
 432  7.1237752e-03 2.77e-03 3.04e-01 -11.0 2.81e-01    -  1.00e+00 3.12e-02h  6
 433  7.1916088e-03 2.44e-04 1.58e-01 -11.0 2.17e-02    -  1.00e+00 1.00e+00H  1
 434  7.1598698e-03 3.28e-04 2.98e-01 -11.0 2.55e-02    -  1.00e+00 2.50e-01h  3
 435  7.1989222e-03 6.24e-05 3.10e-01 -11.0 1.44e-02    -  1.00e+00 1.00e+00H  1
 436  7.1915002e-03 5.57e-05 1.85e-01 -11.0 1.01e-02    -  1.00e+00 1.00e+00H  1
 437  7.0740072e-03 5.00e-04 1.05e-01 -11.0 1.38e-02    -  1.00e+00 1.00e+00h  1
 438  7.3560515e-03 7.21e-07 1.98e-01 -11.0 1.17e-02    -  1.00e+00 1.00e+00H  1
 439  7.0412388e-03 4.53e-04 3.76e-02 -11.0 9.87e-03    -  1.00e+00 1.00e+00h  1
iter    objective    inf_pr   inf_du lg(mu)  ||d||  lg(rg) alpha_du alpha_pr  ls
 440  7.0435094e-03 3.20e-05 4.00e-02 -11.0 1.95e-03    -  1.00e+00 1.00e+00h  1
 441  7.0354462e-03 1.55e-05 2.08e-02 -11.0 1.27e-03    -  1.00e+00 1.00e+00h  1
 442  7.0322847e-03 1.31e-05 2.88e-03 -11.0 1.11e-03    -  1.00e+00 1.00e+00h  1
 443  7.1345396e-03 7.42e-07 8.22e-02 -11.0 2.23e-02    -  1.00e+00 1.00e+00H  1
 444  7.1252118e-03 2.10e-06 8.51e-02 -11.0 2.11e-02    -  1.00e+00 3.12e-02h  6
 445  7.1437035e-03 1.35e-07 1.74e-01 -11.0 9.13e-03    -  1.00e+00 1.00e+00H  1
 446  7.0439416e-03 1.04e-05 6.58e-02 -11.0 5.89e-03    -  1.00e+00 1.00e+00H  1
 447  6.9953514e-03 2.23e-04 2.75e-02 -11.0 5.45e-03    -  1.00e+00 1.00e+00h  1
 448  7.0034683e-03 2.06e-04 6.80e-02 -11.0 7.77e-03    -  1.00e+00 1.00e+00h  1
 449  7.0825468e-03 7.88e-07 3.39e-02 -11.0 1.18e-02    -  1.00e+00 1.00e+00H  1
iter    objective    inf_pr   inf_du lg(mu)  ||d||  lg(rg) alpha_du alpha_pr  ls
 450  7.0471269e-03 4.90e-07 1.59e-01 -11.0 5.45e-03    -  1.00e+00 1.00e+00H  1
 451  6.9646815e-03 2.73e-04 1.21e-02 -11.0 4.35e-03    -  1.00e+00 1.00e+00h  1
 452  6.9586149e-03 4.71e-05 5.67e-03 -11.0 3.55e-03    -  1.00e+00 1.00e+00h  1
 453  7.0061797e-03 2.63e-05 1.18e-01 -11.0 2.52e-02    -  1.00e+00 1.00e+00H  1
 454  7.0034850e-03 3.43e-05 1.26e-01 -11.0 1.56e-01    -  1.00e+00 7.81e-03h  8
 455  7.0010203e-03 3.72e-05 1.30e-01 -11.0 1.85e-01    -  1.00e+00 3.91e-03h  9
 456  6.9946967e-03 4.27e-05 1.31e-01 -11.0 1.08e-01    -  1.00e+00 7.81e-03h  8
 457  6.9574398e-03 8.57e-04 8.79e-02 -11.0 6.61e-02    -  1.00e+00 1.25e-01h  4
 458  6.9400878e-03 1.14e-03 1.33e-01 -11.0 2.45e-02    -  1.00e+00 5.00e-01h  2
 459  6.9482148e-03 9.26e-04 1.04e-01 -11.0 3.34e-02    -  1.00e+00 5.00e-01h  2
iter    objective    inf_pr   inf_du lg(mu)  ||d||  lg(rg) alpha_du alpha_pr  ls
 460  6.9332730e-03 6.59e-03 1.22e-01 -11.0 6.67e-02    -  1.00e+00 5.00e-01h  2
 461  6.9105386e-03 8.00e-03 1.58e-01 -11.0 4.75e-01    -  1.00e+00 3.12e-02h  6
 462  6.9264084e-03 7.09e-03 9.67e-02 -11.0 4.57e-02    -  1.00e+00 1.25e-01h  4
 463  6.8912405e-03 1.36e-03 1.15e-01 -11.0 5.84e-03    -  1.00e+00 1.00e+00h  1
 464  6.8814548e-03 4.34e-04 1.36e-01 -11.0 6.17e-03    -  1.00e+00 1.00e+00h  1
 465  6.8654127e-03 8.64e-04 1.29e-02 -11.0 1.31e-02    -  1.00e+00 1.00e+00h  1
 466  6.8505940e-03 1.34e-03 6.23e-02 -11.0 9.61e-02    -  1.00e+00 1.25e-01h  4
 467  6.8465537e-03 1.56e-03 1.09e-01 -11.0 1.79e-01    -  1.00e+00 6.25e-02h  5
 468  6.8306376e-03 2.60e-03 1.09e-01 -11.0 1.32e-01    -  1.00e+00 2.50e-01h  3
 469  6.8160921e-03 2.98e-03 3.85e-02 -11.0 1.25e+00    -  1.00e+00 1.56e-02h  7
iter    objective    inf_pr   inf_du lg(mu)  ||d||  lg(rg) alpha_du alpha_pr  ls
 470  6.8109932e-03 2.94e-03 4.01e-02 -11.0 3.06e-01    -  1.00e+00 3.12e-02h  6
 471  6.8002097e-03 3.96e-03 5.23e-02 -11.0 2.12e-01    -  1.00e+00 1.25e-01h  4
 472  6.7886528e-03 5.76e-03 9.48e-02 -11.0 2.53e+00    -  1.00e+00 1.56e-02h  7
 473  6.7854379e-03 2.58e-02 1.94e-01 -11.0 3.92e+00    -  1.00e+00 3.12e-02h  6
 474  6.7752714e-03 5.66e-02 2.75e-01 -11.0 2.04e+01    -  1.00e+00 7.81e-03h  8
 475  6.7749336e-03 5.75e-02 2.44e-01 -11.0 7.27e+00    -  1.00e+00 7.81e-03h  8
 476  5.9228665e-02 6.86e-01 1.71e+00 -11.0 7.14e-01    -  1.00e+00 1.00e+00w  1
 477  5.6875312e-02 6.51e-01 2.94e+00 -11.0 2.98e-01    -  1.00e+00 1.00e+00w  1
 478  2.0928867e-01 6.53e-01 7.03e+00 -11.0 2.35e-01    -  1.00e+00 1.00e+00w  1
 479  6.7475312e-03 5.61e-02 2.46e-01 -11.0 1.97e-01    -  1.00e+00 3.12e-02h  5
iter    objective    inf_pr   inf_du lg(mu)  ||d||  lg(rg) alpha_du alpha_pr  ls
 480  6.6774950e-03 3.18e-02 1.18e-01 -11.0 1.19e-01    -  1.00e+00 5.00e-01h  2
 481  6.6258978e-03 3.26e-02 1.93e-01 -11.0 2.43e+00    -  1.00e+00 1.56e-02h  7
 482  6.6028741e-03 3.26e-02 2.99e-01 -11.0 1.27e+00    -  1.00e+00 3.12e-02h  6
 483  6.7320535e-03 3.12e-02 2.99e-01 -11.0 2.04e-01    -  1.00e+00 1.25e-01h  4
 484  6.6446252e-03 2.51e-02 1.48e-01 -11.0 1.49e-01    -  1.00e+00 2.50e-01h  3
 485  6.5709967e-03 2.41e-02 9.81e-02 -11.0 5.09e-01    -  1.00e+00 6.25e-02h  5
 486  6.5010858e-03 2.52e-02 5.98e-02 -11.0 1.13e+00    -  1.00e+00 6.25e-02h  5
 487  6.4560550e-03 2.51e-02 1.14e-01 -11.0 1.44e+00    -  1.00e+00 1.56e-02h  7
 488  6.5120531e-03 2.28e-02 8.06e-02 -11.0 2.35e-01    -  1.00e+00 1.25e-01h  4
 489  1.2126627e-02 6.53e-02 1.04e+00 -11.0 1.32e-01    -  1.00e+00 1.00e+00w  1
iter    objective    inf_pr   inf_du lg(mu)  ||d||  lg(rg) alpha_du alpha_pr  ls
 490  1.9788618e-02 3.50e-01 1.36e+00 -11.0 6.98e-01    -  1.00e+00 1.00e+00w  1
 491  3.8266285e+00 5.79e+00 5.97e+00 -11.0 1.76e+00    -  1.00e+00 1.00e+00w  1
 492  6.6344244e-03 1.74e-02 2.01e-01 -11.0 1.14e+00    -  1.00e+00 2.50e-01h  2
 493  6.5003503e-03 1.76e-02 5.08e-02 -11.0 5.79e-01    -  1.00e+00 1.25e-01h  4
 494  6.4344229e-03 1.74e-02 8.03e-02 -11.0 5.14e-01    -  1.00e+00 1.56e-02h  7
 495  6.3759804e-03 2.46e-03 1.49e-01 -11.0 3.48e-02    -  1.00e+00 1.00e+00h  1
 496  6.3973060e-03 2.32e-03 1.97e-01 -11.0 8.37e-02    -  1.00e+00 1.25e-01h  4
 497  6.3063560e-03 1.25e-03 2.30e-01 -11.0 3.34e-02    -  1.00e+00 1.00e+00h  1
 498  6.2814908e-03 2.20e-03 2.66e-01 -11.0 5.07e-01    -  1.00e+00 6.25e-02h  5
 499  6.2687642e-03 2.21e-03 2.11e-01 -11.0 9.42e-02    -  1.00e+00 1.25e-01h  4
iter    objective    inf_pr   inf_du lg(mu)  ||d||  lg(rg) alpha_du alpha_pr  ls
 500  6.2460462e-03 1.92e-03 1.93e-01 -11.0 1.50e-01    -  1.00e+00 1.25e-01h  4
 501  6.2233743e-03 2.11e-03 1.76e-01 -11.0 2.38e-01    -  1.00e+00 6.25e-02h  5
 502  6.1970863e-03 2.43e-03 1.53e-01 -11.0 1.57e-01    -  1.00e+00 1.25e-01h  4
 503  6.1666695e-03 2.84e-03 1.83e-01 -11.0 5.81e-01    -  1.00e+00 3.12e-02h  6
 504  6.1432928e-03 2.97e-03 1.87e-01 -11.0 1.85e-01    -  1.00e+00 6.25e-02h  5
 505  6.1785645e-03 2.85e-03 2.35e-01 -11.0 6.06e-02    -  1.00e+00 2.50e-01h  3
 506  6.2289850e-03 1.95e-03 1.91e-01 -11.0 1.22e-02    -  1.00e+00 1.00e+00h  1
 507  6.2377935e-03 1.63e-03 9.61e-02 -11.0 1.75e-02    -  1.00e+00 1.00e+00h  1
 508  6.4935611e-03 2.52e-04 2.62e-01 -11.0 4.85e-02    -  1.00e+00 1.00e+00H  1
 509  6.3682383e-03 2.92e-04 3.32e-01 -11.0 2.14e-02    -  1.00e+00 2.50e-01h  3
iter    objective    inf_pr   inf_du lg(mu)  ||d||  lg(rg) alpha_du alpha_pr  ls
 510  6.0637593e-03 2.10e-03 1.58e-01 -11.0 3.53e-02    -  1.00e+00 1.00e+00h  1
 511  6.1036178e-03 1.60e-03 1.98e-01 -11.0 1.70e-02    -  1.00e+00 2.50e-01h  3
 512  6.0336288e-03 2.14e-04 4.53e-02 -11.0 6.57e-03    -  1.00e+00 1.00e+00h  1
 513  6.0148489e-03 1.45e-04 4.36e-02 -11.0 2.11e-03    -  1.00e+00 1.00e+00h  1
 514  6.0002475e-03 6.02e-05 4.02e-02 -11.0 2.95e-03    -  1.00e+00 1.00e+00h  1
 515  5.9971331e-03 2.35e-04 6.94e-02 -11.0 4.76e-03    -  1.00e+00 1.00e+00h  1
 516  5.9855000e-03 1.79e-04 4.27e-02 -11.0 5.91e-03    -  1.00e+00 1.00e+00h  1
 517  5.9789522e-03 4.71e-04 5.27e-02 -11.0 5.18e-02    -  1.00e+00 1.25e-01h  4
 518  6.1215091e-03 8.80e-05 1.34e-01 -11.0 2.36e-02    -  1.00e+00 1.00e+00H  1
 519  6.0747589e-03 4.94e-05 5.48e-02 -11.0 7.90e-03    -  1.00e+00 1.00e+00H  1
iter    objective    inf_pr   inf_du lg(mu)  ||d||  lg(rg) alpha_du alpha_pr  ls
 520  5.9736766e-03 1.10e-03 8.84e-02 -11.0 6.52e-03    -  1.00e+00 1.00e+00h  1
 521  5.9299266e-03 6.94e-04 2.91e-02 -11.0 1.04e-02    -  1.00e+00 1.00e+00h  1
 522  5.9247125e-03 8.02e-04 3.80e-02 -11.0 5.19e-02    -  1.00e+00 1.25e-01h  4
 523  5.9182687e-03 1.41e-03 9.45e-02 -11.0 1.17e-01    -  1.00e+00 1.25e-01h  4
 524  5.8966800e-03 6.95e-03 2.14e-01 -11.0 6.49e-01    -  1.00e+00 6.25e-02h  5
 525  5.9044103e-03 6.85e-03 1.91e-01 -11.0 1.46e-01    -  1.00e+00 3.12e-02h  6
 526  5.9165188e-03 2.75e-04 1.40e-02 -11.0 5.90e-03    -  1.00e+00 1.00e+00h  1
 527  5.9087478e-03 2.58e-04 5.50e-02 -11.0 1.66e-02    -  1.00e+00 2.50e-01h  3
 528  5.8724715e-03 9.22e-04 5.70e-02 -11.0 1.49e-02    -  1.00e+00 1.00e+00h  1
 529  5.8714797e-03 1.17e-03 6.31e-02 -11.0 2.79e-01    -  1.00e+00 3.12e-02h  6
iter    objective    inf_pr   inf_du lg(mu)  ||d||  lg(rg) alpha_du alpha_pr  ls
 530  5.8664163e-03 1.23e-03 8.06e-02 -11.0 7.56e-02    -  1.00e+00 1.25e-01h  4
 531  5.8603701e-03 1.67e-03 1.51e-01 -11.0 4.26e-01    -  1.00e+00 3.12e-02h  6
 532  5.8581891e-03 2.21e-03 2.21e-01 -11.0 2.89e-01    -  1.00e+00 6.25e-02h  5
 533  5.8535979e-03 2.66e-03 2.73e-01 -11.0 4.82e-01    -  1.00e+00 3.12e-02h  6
 534  5.8548119e-03 2.65e-03 3.26e-01 -11.0 1.25e-01    -  1.00e+00 1.25e-01h  4
 535  5.8497811e-03 2.67e-03 3.44e-01 -11.0 1.77e-01    -  1.00e+00 6.25e-02h  5
 536  5.8379612e-03 4.37e-03 3.84e-01 -11.0 2.87e-01    -  1.00e+00 1.25e-01h  4
 537  5.8244046e-03 6.29e-03 4.18e-01 -11.0 4.56e+00    -  1.00e+00 7.81e-03h  8
 538  5.8074991e-03 1.07e-02 3.50e-01 -11.0 7.64e-01    -  1.00e+00 3.12e-02h  6
 539  1.1326831e+00 1.65e+01 1.48e+01 -11.0 9.57e+00    -  1.00e+00 1.00e+00w  1
iter    objective    inf_pr   inf_du lg(mu)  ||d||  lg(rg) alpha_du alpha_pr  ls
 540  4.0470208e+01 1.72e+01 3.04e+01 -11.0 7.46e+00    -  1.00e+00 1.00e+00w  1
 541  2.5765189e+01 5.48e+00 7.38e+01 -11.0 3.83e+00    -  1.00e+00 1.00e+00w  1
 542  5.7990113e-03 2.05e-02 4.96e-01 -11.0 1.75e+00    -  1.00e+00 7.81e-03h  7
 543  5.7659378e-03 1.09e-02 3.61e-01 -11.0 1.67e-02    -  1.00e+00 5.00e-01h  2
 544  5.8142315e-03 5.99e-03 2.67e-01 -11.0 1.68e-02    -  1.00e+00 5.00e-01h  2
 545  5.8171785e-03 4.51e-03 2.31e-01 -11.0 1.31e-02    -  1.00e+00 2.50e-01h  3
 546  5.9089940e-03 4.40e-04 9.77e-02 -11.0 4.20e-03    -  1.00e+00 1.00e+00h  1
 547  5.8007031e-03 3.10e-05 1.29e-01 -11.0 1.90e-03    -  1.00e+00 1.00e+00h  1
 548  5.7761311e-03 1.58e-04 2.02e-02 -11.0 2.85e-03    -  1.00e+00 1.00e+00h  1
 549  5.7670116e-03 5.00e-05 4.35e-02 -11.0 2.59e-03    -  1.00e+00 1.00e+00h  1
iter    objective    inf_pr   inf_du lg(mu)  ||d||  lg(rg) alpha_du alpha_pr  ls
 550  5.7619532e-03 3.53e-04 5.35e-02 -11.0 6.59e-03    -  1.00e+00 1.00e+00h  1
 551  5.7533106e-03 2.21e-04 3.44e-02 -11.0 6.12e-03    -  1.00e+00 5.00e-01h  2
 552  5.7316514e-03 7.22e-05 5.93e-02 -11.0 2.68e-03    -  1.00e+00 1.00e+00h  1
 553  5.7231482e-03 1.16e-04 1.58e-02 -11.0 5.38e-03    -  1.00e+00 1.00e+00h  1
 554  5.7316144e-03 8.92e-05 1.40e-01 -11.0 2.69e-02    -  1.00e+00 1.00e+00H  1
 555  5.7232862e-03 7.88e-05 1.80e-01 -11.0 1.78e-01    -  1.00e+00 3.12e-02h  6
 556  5.8462244e-03 2.56e-05 1.70e-01 -11.0 2.57e-02    -  1.00e+00 1.00e+00H  1
 557  5.8311870e-03 9.06e-06 9.52e-02 -11.0 1.02e-02    -  1.00e+00 1.00e+00H  1
 558  5.6763323e-03 1.10e-03 1.26e-01 -11.0 1.14e-02    -  1.00e+00 1.00e+00h  1
 559  5.6638622e-03 8.43e-04 3.15e-02 -11.0 1.25e-02    -  1.00e+00 1.00e+00h  1
iter    objective    inf_pr   inf_du lg(mu)  ||d||  lg(rg) alpha_du alpha_pr  ls
 560  5.7215357e-03 4.68e-04 1.48e-01 -11.0 3.02e-02    -  1.00e+00 1.00e+00H  1
 561  6.5375391e-03 9.66e-06 5.74e-01 -11.0 5.89e-02    -  1.00e+00 1.00e+00H  1
 562  6.4775916e-03 1.16e-05 5.64e-01 -11.0 5.49e-02    -  1.00e+00 3.12e-02h  6
 563  6.4520714e-03 1.38e-05 5.50e-01 -11.0 1.65e-01    -  1.00e+00 7.81e-03h  8
 564  6.4396313e-03 1.41e-05 5.44e-01 -11.0 1.56e-01    -  1.00e+00 3.91e-03h  9
 565  6.4283598e-03 1.44e-05 5.40e-01 -11.0 3.16e-01    -  1.00e+00 1.95e-03h 10
 566  6.1132371e-03 1.47e-02 3.76e-01 -11.0 2.37e-01    -  1.00e+00 2.50e-01h  3
 567  5.9303069e-03 1.61e-02 3.60e-01 -11.0 3.80e-01    -  1.00e+00 6.25e-02h  5
 568  5.9487237e-03 1.03e-02 2.30e-01 -11.0 2.68e-02    -  1.00e+00 5.00e-01h  2
 569  5.6831151e-03 2.02e-03 7.98e-02 -11.0 3.25e-02    -  1.00e+00 1.00e+00h  1
iter    objective    inf_pr   inf_du lg(mu)  ||d||  lg(rg) alpha_du alpha_pr  ls
 570  6.0037504e-03 1.45e-03 2.95e-01 -11.0 2.75e-02    -  1.00e+00 5.00e-01h  2
 571  5.6403906e-03 6.46e-04 7.41e-02 -11.0 1.43e-02    -  1.00e+00 1.00e+00h  1
 572  5.6222617e-03 2.56e-04 4.03e-02 -11.0 7.86e-03    -  1.00e+00 1.00e+00h  1
 573  5.6184438e-03 1.19e-04 3.22e-02 -11.0 5.55e-03    -  1.00e+00 1.00e+00h  1
 574  5.6470952e-03 9.54e-06 1.22e-01 -11.0 7.75e-03    -  1.00e+00 1.00e+00H  1
 575  5.6035209e-03 1.41e-04 3.72e-02 -11.0 2.45e-03    -  1.00e+00 1.00e+00h  1
 576  5.6029315e-03 2.74e-05 1.30e-02 -11.0 1.59e-03    -  1.00e+00 1.00e+00h  1
 577  5.5989843e-03 2.58e-05 1.54e-02 -11.0 1.46e-03    -  1.00e+00 1.00e+00h  1
 578  5.5976606e-03 3.94e-05 1.98e-02 -11.0 3.54e-03    -  1.00e+00 1.00e+00h  1
 579  5.6252549e-03 2.50e-06 4.19e-01 -11.0 6.37e-02    -  1.00e+00 1.00e+00H  1
iter    objective    inf_pr   inf_du lg(mu)  ||d||  lg(rg) alpha_du alpha_pr  ls
 580  5.6244262e-03 5.40e-06 4.28e-01 -11.0 1.04e+00    -  1.00e+00 9.77e-04h 11
 581  5.6217130e-03 8.85e-06 4.39e-01 -11.0 8.14e-02    -  1.00e+00 1.56e-02h  7
 582  5.6483679e-03 1.44e-06 3.50e-01 -11.0 1.73e-02    -  1.00e+00 1.00e+00H  1
 583  5.6419885e-03 2.05e-06 3.44e-01 -11.0 1.77e-02    -  1.00e+00 1.56e-02h  7
 584  5.5646344e-03 2.35e-03 3.17e-02 -11.0 1.77e-02    -  1.00e+00 1.00e+00h  1
 585  5.5565736e-03 2.08e-03 2.60e-02 -11.0 3.72e-02    -  1.00e+00 1.25e-01h  4
 586  5.5588972e-03 3.16e-04 6.02e-02 -11.0 7.34e-03    -  1.00e+00 1.00e+00h  1
 587  5.5842753e-03 1.13e-05 6.61e-02 -11.0 1.12e-02    -  1.00e+00 1.00e+00H  1
 588  5.6170440e-03 1.92e-06 1.53e-01 -11.0 4.26e-03    -  1.00e+00 1.00e+00H  1
 589  5.5361677e-03 1.56e-04 2.66e-02 -11.0 3.31e-03    -  1.00e+00 1.00e+00h  1
iter    objective    inf_pr   inf_du lg(mu)  ||d||  lg(rg) alpha_du alpha_pr  ls
 590  5.5317948e-03 4.07e-05 2.26e-02 -11.0 3.37e-03    -  1.00e+00 1.00e+00h  1
 591  5.5791304e-03 3.89e-05 2.42e-01 -11.0 4.60e-02    -  1.00e+00 1.00e+00H  1
 592  5.5761465e-03 5.05e-05 2.57e-01 -11.0 5.88e-01    -  1.00e+00 3.91e-03h  9
 593  5.5729156e-03 5.97e-05 2.63e-01 -11.0 4.88e-01    -  1.00e+00 3.91e-03h  9
 594  5.5695502e-03 6.66e-05 2.70e-01 -11.0 1.75e+00    -  1.00e+00 9.77e-04h 11
 595  5.5082060e-03 5.20e-03 5.71e-01 -11.0 6.50e-01    -  1.00e+00 6.25e-02h  5
 596  5.5023639e-03 1.66e-02 9.46e-01 -11.0 4.37e+00    -  1.00e+00 1.56e-02h  7
 597  5.4868470e-03 1.65e-02 1.07e+00 -11.0 5.34e-01    -  1.00e+00 1.56e-02h  7
 598  5.4686889e-03 1.70e-02 7.88e-01 -11.0 2.72e-01    -  1.00e+00 1.25e-01h  4
 599  5.4455034e-03 1.93e-02 1.12e+00 -11.0 6.97e-01    -  1.00e+00 6.25e-02h  5
iter    objective    inf_pr   inf_du lg(mu)  ||d||  lg(rg) alpha_du alpha_pr  ls
 600  5.4197844e-03 2.24e-02 1.31e+00 -11.0 4.93e+00    -  1.00e+00 7.81e-03h  8
 601  5.4079834e-03 3.15e-02 1.48e+00 -11.0 1.65e+01    -  1.00e+00 3.91e-03h  9
 602  4.8386010e-01 8.34e+00 9.88e+00 -11.0 2.42e+00    -  1.00e+00 1.00e+00w  1
 603  4.8078077e+00 1.26e+01 8.20e+00 -11.0 1.29e+00    -  1.00e+00 1.00e+00w  1
 604  4.2189087e+00 6.68e+00 1.26e+02 -11.0 1.97e+00    -  1.00e+00 1.00e+00w  1
 605  5.3945089e-03 3.20e-02 1.43e+00 -11.0 1.10e+00    -  1.00e+00 7.81e-03h  7
 606  5.3723206e-03 2.99e-02 1.42e+00 -11.0 1.20e-01    -  1.00e+00 6.25e-02h  5
 607  5.4499394e-03 1.39e-03 4.63e-02 -11.0 2.32e-02    -  1.00e+00 1.00e+00h  1
 608  5.4456243e-03 1.35e-03 6.39e-02 -11.0 3.83e-02    -  1.00e+00 1.25e-01h  4
 609  5.3765906e-03 1.52e-04 1.59e-01 -11.0 4.13e-03    -  1.00e+00 1.00e+00h  1
iter    objective    inf_pr   inf_du lg(mu)  ||d||  lg(rg) alpha_du alpha_pr  ls
 610  5.3407957e-03 3.86e-04 1.48e-01 -11.0 6.39e-03    -  1.00e+00 1.00e+00h  1
 611  5.2935497e-03 1.46e-04 6.75e-02 -11.0 4.37e-03    -  1.00e+00 1.00e+00h  1
 612  5.2839674e-03 2.89e-04 6.79e-02 -11.0 7.79e-03    -  1.00e+00 1.00e+00h  1
 613  5.2848674e-03 9.29e-06 7.09e-02 -11.0 1.20e-02    -  1.00e+00 1.00e+00H  1
 614  5.2510399e-03 4.01e-04 1.04e-01 -11.0 5.55e-02    -  1.00e+00 2.50e-01h  3
 615  5.2234637e-03 7.79e-04 3.40e-01 -11.0 1.10e-01    -  1.00e+00 1.25e-01h  4
 616  5.2123841e-03 7.01e-04 3.54e-01 -11.0 3.36e-02    -  1.00e+00 1.25e-01h  4
 617  5.1645189e-03 6.92e-04 5.98e-02 -11.0 5.74e-03    -  1.00e+00 1.00e+00h  1
 618  5.2260143e-03 2.89e-05 4.36e-01 -11.0 2.06e-02    -  1.00e+00 1.00e+00H  1
 619  5.2015318e-03 4.09e-05 4.73e-01 -11.0 8.71e-02    -  1.00e+00 6.25e-02h  5
iter    objective    inf_pr   inf_du lg(mu)  ||d||  lg(rg) alpha_du alpha_pr  ls
 620  5.0946653e-03 2.38e-03 8.53e-01 -11.0 1.51e+00    -  1.00e+00 3.12e-02h  6
 621  5.0789372e-03 5.00e-03 1.10e+00 -11.0 2.80e+00    -  1.00e+00 1.56e-02h  7
 622  5.0197326e-03 5.93e-03 1.47e+00 -11.0 1.82e+00    -  1.00e+00 1.56e-02h  7
 623  5.0177048e-03 1.22e-02 2.14e+00 -11.0 2.02e+00    -  1.00e+00 3.12e-02h  6
 624  5.0046130e-03 1.35e-02 2.45e+00 -11.0 5.09e-01    -  1.00e+00 6.25e-02h  5
 625  4.8939043e-03 3.10e-02 3.75e+00 -11.0 1.95e+00    -  1.00e+00 6.25e-02h  5
 626  4.8613400e-03 3.23e-02 3.94e+00 -11.0 4.34e+00    -  1.00e+00 7.81e-03h  8
 627  4.8806919e-03 3.62e-02 4.31e+00 -11.0 7.92e-01    -  1.00e+00 6.25e-02h  5
 628  4.8835924e-03 3.96e-02 4.44e+00 -11.0 7.17e-01    -  1.00e+00 6.25e-02h  5
 629  1.3612648e-02 3.10e-02 1.20e+00 -11.0 8.38e-02    -  1.00e+00 1.00e+00w  1
iter    objective    inf_pr   inf_du lg(mu)  ||d||  lg(rg) alpha_du alpha_pr  ls
 630  5.9687857e-03 2.21e-02 4.26e-01 -11.0 3.13e-02    -  1.00e+00 1.00e+00w  1
 631  5.1255022e-03 1.33e-02 6.53e-01 -11.0 9.55e-02    -  1.00e+00 1.00e+00w  1
 632  4.8765142e-03 3.44e-02 4.09e+00 -11.0 1.33e-01    -  1.00e+00 1.25e-01h  3
 633  4.8455482e-03 3.27e-02 3.66e+00 -11.0 3.04e-01    -  1.00e+00 6.25e-02h  5
 634  4.7742130e-03 2.53e-02 2.52e+00 -11.0 7.00e-02    -  1.00e+00 2.50e-01h  3
 635  4.7770192e-03 1.91e-02 1.72e+00 -11.0 3.88e-02    -  1.00e+00 2.50e-01h  3
 636  4.5380631e-03 1.36e-03 9.37e-02 -11.0 6.73e-03    -  1.00e+00 1.00e+00h  1
 637  4.5158840e-03 3.30e-04 4.01e-02 -11.0 5.13e-03    -  1.00e+00 1.00e+00h  1
 638  4.4976431e-03 2.35e-04 5.80e-02 -11.0 3.74e-03    -  1.00e+00 1.00e+00h  1
 639  4.4799743e-03 6.60e-04 9.48e-02 -11.0 8.52e-03    -  1.00e+00 1.00e+00h  1
iter    objective    inf_pr   inf_du lg(mu)  ||d||  lg(rg) alpha_du alpha_pr  ls
 640  4.6627743e-03 2.36e-04 1.57e-01 -11.0 1.27e-02    -  1.00e+00 1.00e+00H  1
 641  4.4401277e-03 1.68e-03 5.65e-02 -11.0 8.48e-03    -  1.00e+00 1.00e+00h  1
 642  4.4287147e-03 8.68e-04 2.43e-02 -11.0 4.63e-03    -  1.00e+00 5.00e-01h  2
 643  4.4131831e-03 6.53e-05 1.49e-02 -11.0 2.82e-03    -  1.00e+00 1.00e+00h  1
 644  4.3936469e-03 1.03e-03 5.08e-02 -11.0 9.56e-03    -  1.00e+00 1.00e+00h  1
 645  4.3687836e-03 6.17e-03 1.67e-01 -11.0 1.99e-01    -  1.00e+00 1.25e-01h  4
 646  4.3578414e-03 6.03e-03 1.92e-01 -11.0 1.18e-01    -  1.00e+00 3.12e-02h  6
 647  4.3711740e-03 3.46e-03 1.10e-01 -11.0 9.44e-03    -  1.00e+00 1.00e+00h  1
 648  4.3485651e-03 1.84e-03 8.37e-02 -11.0 1.76e-02    -  1.00e+00 5.00e-01h  2
 649  4.3068977e-03 1.40e-03 2.00e-01 -11.0 1.24e-02    -  1.00e+00 5.00e-01h  2
iter    objective    inf_pr   inf_du lg(mu)  ||d||  lg(rg) alpha_du alpha_pr  ls
 650  4.2484079e-03 5.15e-03 1.68e-01 -11.0 2.46e-02    -  1.00e+00 1.00e+00h  1
 651  4.2309228e-03 5.37e-03 1.42e-01 -11.0 1.01e-01    -  1.00e+00 6.25e-02h  5
 652  4.2616434e-03 2.22e-03 9.44e-02 -11.0 1.12e-02    -  1.00e+00 1.00e+00h  1
 653  4.2333365e-03 1.98e-03 2.37e-01 -11.0 4.75e-02    -  1.00e+00 2.50e-01h  3
 654  4.1931107e-03 3.18e-03 1.40e-01 -11.0 4.31e-02    -  1.00e+00 2.50e-01h  3
 655  4.1694104e-03 2.49e-03 1.86e-01 -11.0 1.75e-02    -  1.00e+00 2.50e-01h  3
 656  4.2540362e-03 1.10e-03 3.98e-01 -11.0 2.74e-02    -  1.00e+00 1.00e+00H  1
 657  5.6827016e-03 2.04e-05 3.23e-01 -11.0 3.50e-02    -  1.00e+00 1.00e+00H  1
 658  5.4747618e-03 2.23e-05 2.94e-01 -11.0 1.95e-02    -  1.00e+00 6.25e-02h  5
 659  5.3702487e-03 3.41e-05 2.87e-01 -11.0 3.90e-02    -  1.00e+00 3.12e-02h  6
iter    objective    inf_pr   inf_du lg(mu)  ||d||  lg(rg) alpha_du alpha_pr  ls
 660  5.3494791e-03 3.72e-05 2.84e-01 -11.0 1.70e-01    -  1.00e+00 3.91e-03h  9
 661  5.3396423e-03 3.84e-05 2.83e-01 -11.0 1.23e+01    -  1.00e+00 3.05e-05h 16
 662  4.7952104e-03 8.23e-02 4.52e-01 -11.0 1.23e+01    -  1.00e+00 7.81e-03h  8
 663  5.3159011e-03 4.67e-02 3.33e-01 -11.0 4.87e-02    -  1.00e+00 5.00e-01h  2
 664  4.6846492e-03 1.02e-02 2.19e-01 -11.0 3.57e-02    -  1.00e+00 1.00e+00h  1
 665  4.3373236e-03 1.13e-02 1.80e-01 -11.0 4.46e-02    -  1.00e+00 5.00e-01h  2
 666  4.5162078e-03 3.98e-03 1.81e-01 -11.0 2.37e-02    -  1.00e+00 5.00e-01h  2
 667  4.2028880e-03 1.16e-03 1.61e-01 -11.0 9.69e-03    -  1.00e+00 1.00e+00h  1
 668  4.0773572e-03 1.94e-03 7.96e-02 -11.0 1.69e-02    -  1.00e+00 1.00e+00h  1
 669  4.1079819e-03 1.07e-03 1.23e-01 -11.0 1.37e-02    -  1.00e+00 1.00e+00h  1
iter    objective    inf_pr   inf_du lg(mu)  ||d||  lg(rg) alpha_du alpha_pr  ls
 670  4.2121681e-03 2.54e-04 2.01e-01 -11.0 1.63e-02    -  1.00e+00 1.00e+00H  1
 671  4.1770388e-03 2.12e-04 6.84e-02 -11.0 1.67e-02    -  1.00e+00 1.00e+00H  1
 672  4.0294414e-03 1.84e-03 6.00e-02 -11.0 8.17e-03    -  1.00e+00 1.00e+00h  1
 673  3.9847662e-03 2.13e-04 5.13e-02 -11.0 3.98e-03    -  1.00e+00 1.00e+00h  1
 674  3.9695610e-03 5.73e-05 2.24e-02 -11.0 1.16e-03    -  1.00e+00 1.00e+00h  1
 675  3.9658955e-03 4.58e-06 6.07e-03 -11.0 6.60e-04    -  1.00e+00 1.00e+00h  1
 676  3.9590362e-03 1.48e-05 1.04e-02 -11.0 1.53e-03    -  1.00e+00 1.00e+00h  1
 677  4.1080003e-03 3.14e-06 1.49e-01 -11.0 2.08e-02    -  1.00e+00 1.00e+00H  1
 678  4.0877901e-03 7.79e-07 1.14e-01 -11.0 1.01e-02    -  1.00e+00 1.00e+00H  1
 679  3.9554612e-03 1.34e-04 1.67e-01 -11.0 1.22e-02    -  1.00e+00 1.00e+00H  1
iter    objective    inf_pr   inf_du lg(mu)  ||d||  lg(rg) alpha_du alpha_pr  ls
 680  3.8960058e-03 4.87e-04 4.92e-02 -11.0 6.36e-03    -  1.00e+00 1.00e+00h  1
 681  3.8628725e-03 6.40e-04 9.01e-02 -11.0 1.05e-02    -  1.00e+00 1.00e+00h  1
 682  3.8502922e-03 1.02e-03 1.10e-01 -11.0 3.85e-02    -  1.00e+00 2.50e-01h  3
 683  3.8310487e-03 1.43e-03 9.62e-02 -11.0 4.09e-02    -  1.00e+00 2.50e-01h  3
 684  3.8237498e-03 2.86e-03 1.94e-01 -11.0 7.24e-02    -  1.00e+00 2.50e-01h  3
 685  3.8092198e-03 2.54e-03 1.32e-01 -11.0 3.16e-02    -  1.00e+00 1.25e-01h  4
 686  3.7483034e-03 4.41e-04 4.47e-02 -11.0 5.56e-03    -  1.00e+00 1.00e+00h  1
 687  3.7672741e-03 2.35e-05 1.53e-01 -11.0 1.49e-02    -  1.00e+00 1.00e+00H  1
 688  3.7481706e-03 2.59e-04 2.06e-01 -11.0 7.55e-02    -  1.00e+00 1.25e-01h  4
 689  3.7202181e-03 2.23e-03 2.35e-01 -11.0 2.35e-01    -  1.00e+00 1.25e-01h  4
iter    objective    inf_pr   inf_du lg(mu)  ||d||  lg(rg) alpha_du alpha_pr  ls
 690  3.6908533e-03 8.41e-03 2.63e-01 -11.0 8.80e-01    -  1.00e+00 6.25e-02h  5
 691  3.6660396e-03 9.56e-03 3.60e-01 -11.0 1.97e+00    -  1.00e+00 1.56e-02h  7
 692  3.6476012e-03 9.37e-03 3.31e-01 -11.0 3.63e-01    -  1.00e+00 3.12e-02h  6
 693  3.6299475e-03 7.10e-03 2.44e-01 -11.0 3.83e-02    -  1.00e+00 2.50e-01h  3
 694  3.5799225e-03 1.19e-02 4.28e-01 -11.0 1.37e-01    -  1.00e+00 5.00e-01h  2
 695  3.5839021e-03 1.18e-02 4.53e-01 -11.0 1.70e-01    -  1.00e+00 3.12e-02h  6
 696  3.4207413e-03 1.73e-03 1.18e-01 -11.0 3.20e-02    -  1.00e+00 1.00e+00h  1
 697  3.3849227e-03 2.01e-03 1.49e-01 -11.0 1.71e-01    -  1.00e+00 3.12e-02h  6
 698  3.3615771e-03 7.86e-04 6.53e-02 -11.0 1.26e-02    -  1.00e+00 1.00e+00h  1
 699  3.3033266e-03 2.28e-03 1.57e-01 -11.0 1.50e-01    -  1.00e+00 1.25e-01h  4
iter    objective    inf_pr   inf_du lg(mu)  ||d||  lg(rg) alpha_du alpha_pr  ls
 700  3.2518602e-03 7.74e-03 1.82e-01 -11.0 3.97e-01    -  1.00e+00 1.25e-01h  4
 701  3.2031273e-03 9.73e-03 2.36e-01 -11.0 2.09e+00    -  1.00e+00 1.56e-02h  7
 702  3.1738293e-03 1.06e-02 3.91e-01 -11.0 5.35e-01    -  1.00e+00 6.25e-02h  5
 703  3.1685006e-03 1.43e-02 6.27e-01 -11.0 9.86e-01    -  1.00e+00 6.25e-02h  5
 704  3.1529749e-03 1.50e-02 7.23e-01 -11.0 1.13e+00    -  1.00e+00 3.12e-02h  6
 705  3.0768500e-03 1.45e-02 6.45e-01 -11.0 1.28e-01    -  1.00e+00 1.25e-01h  4
 706  2.9951355e-03 1.36e-02 4.25e-01 -11.0 9.59e-02    -  1.00e+00 2.50e-01h  3
 707  2.9374307e-03 1.31e-02 3.30e-01 -11.0 2.84e-01    -  1.00e+00 6.25e-02h  5
 708  2.9512062e-03 1.21e-02 2.74e-01 -11.0 6.28e-02    -  1.00e+00 1.25e-01h  4
 709  2.9015433e-03 1.13e-03 5.53e-02 -11.0 1.06e-02    -  1.00e+00 1.00e+00h  1
iter    objective    inf_pr   inf_du lg(mu)  ||d||  lg(rg) alpha_du alpha_pr  ls
 710  3.7256344e-03 7.50e-04 2.65e-01 -11.0 1.88e-02    -  1.00e+00 1.00e+00H  1
 711  2.8986055e-03 4.60e-03 6.77e-02 -11.0 1.72e-02    -  1.00e+00 1.00e+00h  1
 712  2.8494058e-03 2.43e-03 7.51e-02 -11.0 9.30e-03    -  1.00e+00 5.00e-01h  2
 713  2.8358334e-03 1.13e-04 1.12e-02 -11.0 2.65e-03    -  1.00e+00 1.00e+00h  1
 714  2.8311949e-03 3.60e-05 1.74e-02 -11.0 1.91e-03    -  1.00e+00 1.00e+00h  1
 715  2.8120947e-03 1.72e-04 1.99e-02 -11.0 4.92e-03    -  1.00e+00 1.00e+00h  1
 716  2.7908529e-03 7.64e-04 5.71e-02 -11.0 8.89e-02    -  1.00e+00 1.25e-01h  4
 717  2.7721390e-03 1.27e-03 1.16e-01 -11.0 8.06e-02    -  1.00e+00 1.25e-01h  4
 718  2.7503492e-03 1.95e-03 2.15e-01 -11.0 1.06e-01    -  1.00e+00 1.25e-01h  4
 719  2.7350051e-03 1.93e-03 2.45e-01 -11.0 9.45e-02    -  1.00e+00 6.25e-02h  5
iter    objective    inf_pr   inf_du lg(mu)  ||d||  lg(rg) alpha_du alpha_pr  ls
 720  2.7184646e-03 1.92e-03 2.61e-01 -11.0 1.19e-01    -  1.00e+00 6.25e-02h  5
 721  2.7562009e-03 4.03e-03 3.31e-02 -11.0 8.63e-03    -  1.00e+00 1.00e+00h  1
 722  2.7477241e-03 2.87e-03 8.01e-02 -11.0 9.30e-03    -  1.00e+00 1.00e+00h  1
 723  2.7533318e-03 2.08e-04 7.64e-02 -11.0 9.01e-03    -  1.00e+00 1.00e+00H  1
 724  2.7067161e-03 5.84e-04 5.20e-02 -11.0 1.22e-02    -  1.00e+00 1.00e+00h  1
 725  3.0746140e-03 5.19e-05 1.71e-01 -11.0 1.88e-02    -  1.00e+00 1.00e+00H  1
 726  2.7065232e-03 3.49e-03 3.77e-02 -11.0 1.64e-02    -  1.00e+00 1.00e+00h  1
 727  3.5944543e-03 2.84e-05 1.63e-01 -11.0 1.61e-02    -  1.00e+00 1.00e+00H  1
 728  2.6282066e-03 1.41e-02 1.84e-02 -11.0 1.65e-02    -  1.00e+00 1.00e+00h  1
 729  2.6909706e-03 4.41e-04 5.44e-02 -11.0 3.98e-03    -  1.00e+00 1.00e+00h  1
iter    objective    inf_pr   inf_du lg(mu)  ||d||  lg(rg) alpha_du alpha_pr  ls
 730  2.6131045e-03 2.47e-04 7.35e-03 -11.0 2.19e-03    -  1.00e+00 1.00e+00h  1
 731  2.6108961e-03 8.98e-06 3.74e-03 -11.0 4.81e-04    -  1.00e+00 1.00e+00h  1
 732  2.6023084e-03 5.73e-05 1.26e-02 -11.0 2.45e-03    -  1.00e+00 1.00e+00h  1
 733  2.6016788e-03 1.20e-03 8.29e-02 -11.0 1.03e-01    -  1.00e+00 1.25e-01h  4
 734  2.5976715e-03 1.18e-03 9.08e-02 -11.0 5.80e-02    -  1.00e+00 1.25e-01h  4
 735  2.5772013e-03 9.65e-04 5.40e-02 -11.0 3.34e-02    -  1.00e+00 2.50e-01h  3
 736  2.5519480e-03 1.01e-03 4.90e-02 -11.0 4.92e-02    -  1.00e+00 1.25e-01h  4
 737  2.5363110e-03 1.30e-03 6.85e-02 -11.0 6.91e-02    -  1.00e+00 1.25e-01h  4
 738  2.5311855e-03 1.69e-03 9.51e-02 -11.0 1.09e-01    -  1.00e+00 1.25e-01h  4
 739  3.1898828e-03 9.11e-06 1.36e-01 -11.0 2.66e-02    -  1.00e+00 1.00e+00H  1
iter    objective    inf_pr   inf_du lg(mu)  ||d||  lg(rg) alpha_du alpha_pr  ls
 740  2.5643278e-03 1.24e-03 1.56e-01 -11.0 3.60e-02    -  1.00e+00 1.00e+00H  1
 741  2.4652637e-03 1.15e-03 1.18e-01 -11.0 4.30e-02    -  1.00e+00 6.25e-02h  5
 742  2.4209826e-03 4.79e-04 1.63e-02 -11.0 4.07e-03    -  1.00e+00 1.00e+00h  1
 743  2.4043012e-03 2.98e-04 2.26e-02 -11.0 3.13e-03    -  1.00e+00 1.00e+00h  1
 744  2.5464633e-03 1.29e-04 1.13e-01 -11.0 2.03e-02    -  1.00e+00 1.00e+00H  1
 745  2.5403035e-03 3.14e-04 9.81e-02 -11.0 1.65e-02    -  1.00e+00 1.00e+00H  1
 746  2.4532075e-03 2.92e-04 9.06e-02 -11.0 2.64e-02    -  1.00e+00 1.25e-01h  4
 747  2.3658997e-03 1.88e-03 6.30e-02 -11.0 1.86e-02    -  1.00e+00 5.00e-01h  2
 748  2.3267392e-03 9.85e-04 2.48e-02 -11.0 8.72e-03    -  1.00e+00 5.00e-01h  2
 749  2.2975668e-03 4.65e-04 1.64e-02 -11.0 3.58e-03    -  1.00e+00 1.00e+00h  1
iter    objective    inf_pr   inf_du lg(mu)  ||d||  lg(rg) alpha_du alpha_pr  ls
 750  2.3047660e-03 1.58e-04 2.55e-02 -11.0 3.95e-03    -  1.00e+00 1.00e+00h  1
 751  2.2894608e-03 1.11e-04 8.91e-03 -11.0 2.07e-03    -  1.00e+00 1.00e+00h  1
 752  2.2896244e-03 1.26e-06 1.70e-02 -11.0 2.18e-03    -  1.00e+00 1.00e+00H  1
 753  2.2805999e-03 3.97e-05 8.96e-03 -11.0 1.24e-03    -  1.00e+00 1.00e+00h  1
 754  2.2764440e-03 2.26e-05 1.04e-02 -11.0 2.50e-03    -  1.00e+00 1.00e+00h  1
 755  2.3264324e-03 1.80e-06 2.39e-02 -11.0 1.31e-02    -  1.00e+00 1.00e+00H  1
 756  2.3291613e-03 8.10e-07 3.06e-02 -11.0 2.18e-02    -  1.00e+00 1.00e+00H  1
 757  2.3252080e-03 1.75e-06 3.09e-02 -11.0 9.45e-02    -  1.00e+00 3.91e-03h  9
 758  2.3221389e-03 1.57e-06 3.02e-02 -11.0 3.15e-02    -  1.00e+00 7.81e-03h  8
 759  2.2394998e-03 1.38e-03 2.19e-02 -11.0 2.81e-02    -  1.00e+00 5.00e-01h  2
iter    objective    inf_pr   inf_du lg(mu)  ||d||  lg(rg) alpha_du alpha_pr  ls
 760  2.2186671e-03 1.52e-03 2.11e-02 -11.0 8.94e-02    -  1.00e+00 6.25e-02h  5
 761  2.2071108e-03 1.30e-03 1.63e-02 -11.0 2.97e-02    -  1.00e+00 2.50e-01h  3
 762  2.2019226e-03 1.17e-03 3.08e-02 -11.0 7.23e-02    -  1.00e+00 1.25e-01h  4
 763  2.1981780e-03 1.24e-03 2.78e-02 -11.0 1.85e-01    -  1.00e+00 6.25e-02h  5
 764  2.1873329e-03 2.20e-03 8.02e-02 -11.0 7.28e-01    -  1.00e+00 3.12e-02h  6
 765  2.1842158e-03 1.60e-02 1.97e-01 -11.0 2.22e+00    -  1.00e+00 3.12e-02h  6
 766  2.1829985e-03 1.60e-02 2.05e-01 -11.0 1.71e+00    -  1.00e+00 3.91e-03h  9
 767  2.5934596e-03 5.89e-03 8.67e-02 -11.0 2.41e-02    -  1.00e+00 1.00e+00w  1
 768  2.2499190e-03 7.94e-03 4.39e-02 -11.0 2.50e-02    -  1.00e+00 1.00e+00w  1
 769  3.9463316e-03 1.28e-02 1.69e-01 -11.0 3.55e-02    -  1.00e+00 1.00e+00w  1
iter    objective    inf_pr   inf_du lg(mu)  ||d||  lg(rg) alpha_du alpha_pr  ls
 770  2.1869496e-03 1.23e-02 1.66e-01 -11.0 5.36e-02    -  1.00e+00 2.50e-01h  2
 771  2.1685803e-03 1.18e-02 7.38e-02 -11.0 1.15e-01    -  1.00e+00 2.50e-01h  3
 772  2.1635062e-03 1.48e-02 2.17e-02 -11.0 3.81e+00    -  1.00e+00 7.81e-03h  8
 773  2.1637433e-03 1.47e-02 1.62e-02 -11.0 1.58e-01    -  1.00e+00 3.12e-02h  6
 774  2.1793293e-03 2.47e-03 2.39e-02 -11.0 2.81e-02    -  1.00e+00 1.00e+00h  1
 775  2.1765460e-03 2.73e-03 3.16e-02 -11.0 4.74e-01    -  1.00e+00 3.12e-02h  6
 776  2.1740552e-03 3.14e-03 5.33e-02 -11.0 1.29e-01    -  1.00e+00 1.25e-01h  4
 777  2.1720489e-03 3.41e-03 5.86e-02 -11.0 1.34e-01    -  1.00e+00 6.25e-02h  5
 778  2.1556057e-03 2.80e-03 3.85e-02 -11.0 3.68e-02    -  1.00e+00 2.50e-01h  3
 779  2.1555873e-03 2.53e-03 3.07e-02 -11.0 5.75e-02    -  1.00e+00 1.25e-01h  4
iter    objective    inf_pr   inf_du lg(mu)  ||d||  lg(rg) alpha_du alpha_pr  ls
 780  2.1862570e-03 2.73e-03 3.19e-02 -11.0 1.10e-02    -  1.00e+00 1.00e+00h  1
 781  2.1714707e-03 3.57e-03 4.30e-02 -11.0 1.99e-02    -  1.00e+00 1.00e+00h  1
 782  2.1570220e-03 3.24e-03 1.44e-02 -11.0 6.55e-02    -  1.00e+00 1.25e-01h  4
 783  2.1346837e-03 2.58e-03 1.33e-02 -11.0 1.94e-02    -  1.00e+00 2.50e-01h  3
 784  2.1706048e-03 1.66e-03 5.30e-02 -11.0 1.93e-02    -  1.00e+00 5.00e-01h  2
 785  2.1403902e-03 1.53e-03 4.85e-02 -11.0 9.42e-03    -  1.00e+00 1.00e+00h  1
 786  2.2969826e-03 6.13e-07 4.11e-02 -11.0 1.12e-02    -  1.00e+00 1.00e+00H  1
 787  2.1058981e-03 2.18e-03 2.32e-02 -11.0 6.69e-03    -  1.00e+00 1.00e+00h  1
 788  2.1639391e-03 5.07e-04 2.33e-02 -11.0 4.68e-03    -  1.00e+00 1.00e+00h  1
 789  2.0913015e-03 5.55e-04 2.87e-03 -11.0 3.21e-03    -  1.00e+00 1.00e+00h  1
iter    objective    inf_pr   inf_du lg(mu)  ||d||  lg(rg) alpha_du alpha_pr  ls
 790  2.0904728e-03 1.46e-05 4.21e-03 -11.0 5.35e-04    -  1.00e+00 1.00e+00h  1
 791  2.0898041e-03 1.49e-06 1.79e-03 -11.0 1.77e-04    -  1.00e+00 1.00e+00h  1
 792  2.0894363e-03 5.61e-07 6.14e-04 -11.0 2.66e-04    -  1.00e+00 1.00e+00h  1
 793  2.0939434e-03 4.94e-07 2.39e-02 -11.0 5.56e-03    -  1.00e+00 1.00e+00H  1
 794  2.1729161e-03 5.50e-07 8.28e-02 -11.0 1.63e-02    -  1.00e+00 1.00e+00H  1
 795  2.1720782e-03 5.89e-07 8.25e-02 -11.0 6.41e-03    -  1.00e+00 3.91e-03h  9
 796  2.0777041e-03 7.03e-04 1.98e-02 -11.0 7.89e-03    -  1.00e+00 1.00e+00h  1
 797  2.0772408e-03 5.33e-04 1.51e-02 -11.0 3.66e-03    -  1.00e+00 2.50e-01h  3
 798  2.0727908e-03 4.54e-05 6.68e-03 -11.0 3.58e-03    -  1.00e+00 1.00e+00h  1
 799  2.0717483e-03 6.45e-05 1.42e-02 -11.0 5.00e-02    -  1.00e+00 6.25e-02h  5
iter    objective    inf_pr   inf_du lg(mu)  ||d||  lg(rg) alpha_du alpha_pr  ls
 800  2.0707119e-03 2.03e-04 2.04e-02 -11.0 7.48e-02    -  1.00e+00 1.25e-01h  4
 801  2.0692263e-03 3.81e-03 4.55e-02 -11.0 7.72e-01    -  1.00e+00 6.25e-02h  5
 802  2.0674947e-03 3.90e-03 5.22e-02 -11.0 1.98e+00    -  1.00e+00 3.91e-03h  9
 803  2.0673018e-03 3.78e-03 5.83e-02 -11.0 1.45e-01    -  1.00e+00 6.25e-02h  5
 804  2.0615856e-03 3.64e-03 6.15e-02 -11.0 1.09e-01    -  1.00e+00 6.25e-02h  5
 805  2.0702023e-03 2.88e-03 9.12e-02 -11.0 2.46e-02    -  1.00e+00 2.50e-01h  3
 806  2.0488285e-03 1.47e-03 8.23e-02 -11.0 1.72e-02    -  1.00e+00 5.00e-01h  2
 807  2.0555609e-03 1.71e-03 5.19e-02 -11.0 5.98e-02    -  1.00e+00 2.50e-01h  3
 808  2.0532182e-03 1.59e-03 1.47e-02 -11.0 4.07e-02    -  1.00e+00 1.25e-01h  4
 809  2.0726760e-03 6.93e-04 4.03e-02 -11.0 1.42e-02    -  1.00e+00 1.00e+00w  1
iter    objective    inf_pr   inf_du lg(mu)  ||d||  lg(rg) alpha_du alpha_pr  ls
 810  3.0061263e-03 1.06e-02 1.32e-01 -11.0 5.68e-02    -  1.00e+00 1.00e+00w  1
 811  4.4263958e-03 9.10e-03 1.22e-01 -11.0 2.66e-02    -  1.00e+00 1.00e+00w  1
 812  2.0383496e-03 8.81e-04 1.36e-02 -11.0 8.69e-02    -  1.00e+00 5.00e-01h  1
 813  2.0524725e-03 6.95e-04 1.45e-02 -11.0 2.22e-02    -  1.00e+00 2.50e-01h  3
 814  2.0306967e-03 4.69e-04 2.10e-02 -11.0 1.53e-02    -  1.00e+00 5.00e-01h  2
 815  2.1908500e-03 1.25e-07 6.06e-02 -11.0 1.53e-02    -  1.00e+00 1.00e+00H  1
 816  2.0839319e-03 1.95e-04 4.49e-02 -11.0 1.02e-02    -  1.00e+00 1.00e+00H  1
 817  2.0348874e-03 4.66e-04 1.79e-02 -11.0 1.38e-02    -  1.00e+00 2.50e-01h  3
 818  2.0284926e-03 5.68e-04 1.65e-02 -11.0 3.92e-03    -  1.00e+00 1.00e+00h  1
 819  2.0150667e-03 2.66e-04 8.65e-03 -11.0 2.44e-03    -  1.00e+00 1.00e+00h  1
iter    objective    inf_pr   inf_du lg(mu)  ||d||  lg(rg) alpha_du alpha_pr  ls
 820  2.0107850e-03 1.09e-04 8.42e-03 -11.0 1.56e-03    -  1.00e+00 1.00e+00h  1
 821  2.0087318e-03 2.05e-05 2.05e-03 -11.0 7.08e-04    -  1.00e+00 1.00e+00h  1
 822  2.0083011e-03 5.53e-07 8.17e-04 -11.0 3.06e-04    -  1.00e+00 1.00e+00h  1
 823  2.0076179e-03 1.03e-05 1.87e-03 -11.0 9.77e-04    -  1.00e+00 1.00e+00h  1
 824  2.0206407e-03 1.33e-08 3.02e-03 -11.0 8.49e-03    -  1.00e+00 1.00e+00H  1
 825  2.0203078e-03 2.22e-07 3.02e-03 -11.0 3.53e-02    -  1.00e+00 3.91e-03h  9
 826  2.0197593e-03 3.59e-07 3.03e-03 -11.0 3.56e-02    -  1.00e+00 3.91e-03h  9
 827  2.0655808e-03 8.80e-09 5.25e-03 -11.0 9.23e-03    -  1.00e+00 1.00e+00H  1
 828  2.0652404e-03 9.33e-09 5.24e-03 -11.0 5.94e-03    -  1.00e+00 1.95e-03h 10
 829  2.0070834e-03 5.74e-04 1.71e-02 -11.0 4.47e-03    -  1.00e+00 1.00e+00h  1
iter    objective    inf_pr   inf_du lg(mu)  ||d||  lg(rg) alpha_du alpha_pr  ls
 830  1.9963782e-03 7.34e-05 8.48e-03 -11.0 2.10e-03    -  1.00e+00 1.00e+00h  1
 831  1.9968347e-03 5.16e-05 8.40e-03 -11.0 9.48e-04    -  1.00e+00 1.00e+00h  1
 832  1.9944033e-03 2.98e-05 2.00e-03 -11.0 5.69e-04    -  1.00e+00 1.00e+00h  1
 833  1.9942739e-03 1.05e-07 6.17e-04 -11.0 1.04e-04    -  1.00e+00 1.00e+00h  1
 834  1.9930023e-03 3.63e-05 1.10e-02 -11.0 2.04e-03    -  1.00e+00 1.00e+00h  1
 835  1.9925002e-03 4.91e-05 1.90e-02 -11.0 2.79e-02    -  1.00e+00 6.25e-02h  5
 836  2.0122751e-03 1.18e-08 1.98e-03 -11.0 5.12e-03    -  1.00e+00 1.00e+00H  1
 837  2.0042262e-03 4.14e-09 1.80e-03 -11.0 1.91e-03    -  1.00e+00 1.00e+00H  1
 838  1.9925182e-03 2.60e-06 1.22e-02 -11.0 4.79e-03    -  1.00e+00 1.00e+00H  1
 839  2.0159777e-03 2.36e-10 2.31e-03 -11.0 2.49e-03    -  1.00e+00 1.00e+00H  1
iter    objective    inf_pr   inf_du lg(mu)  ||d||  lg(rg) alpha_du alpha_pr  ls
 840  1.9886538e-03 1.81e-04 2.85e-03 -11.0 2.26e-03    -  1.00e+00 1.00e+00h  1
 841  1.9880570e-03 3.67e-06 1.06e-03 -11.0 5.74e-04    -  1.00e+00 1.00e+00h  1
 842  1.9853412e-03 1.30e-03 1.26e-02 -11.0 2.51e-02    -  1.00e+00 5.00e-01h  2
 843  1.9828693e-03 2.19e-03 1.62e-02 -11.0 6.61e-01    -  1.00e+00 1.56e-02h  7
 844  1.9811023e-03 2.29e-03 1.83e-02 -11.0 4.98e-01    -  1.00e+00 7.81e-03h  8
 845  1.9790370e-03 2.39e-03 2.24e-02 -11.0 1.53e-01    -  1.00e+00 3.12e-02h  6
 846  1.9760017e-03 2.70e-03 3.25e-02 -11.0 2.64e-01    -  1.00e+00 3.12e-02h  6
 847  1.9751686e-03 2.72e-03 3.49e-02 -11.0 2.07e-01    -  1.00e+00 1.56e-02h  7
 848  1.9760557e-03 2.78e-03 2.97e-02 -11.0 6.57e-02    -  1.00e+00 1.25e-01h  4
 849  1.9704154e-03 2.65e-03 1.29e-02 -11.0 9.32e-02    -  1.00e+00 6.25e-02h  5
iter    objective    inf_pr   inf_du lg(mu)  ||d||  lg(rg) alpha_du alpha_pr  ls
 850  1.9779536e-03 2.48e-03 2.78e-02 -11.0 7.62e-02    -  1.00e+00 1.25e-01h  4
 851  1.9766703e-03 2.36e-03 3.19e-02 -11.0 4.25e-02    -  1.00e+00 2.50e-01h  3
 852  5.0386431e-03 1.35e-01 1.42e-01 -11.0 1.18e-01    -  1.00e+00 1.00e+00w  1
 853  5.6776825e-03 4.40e-02 1.79e-01 -11.0 3.13e-02    -  1.00e+00 1.00e+00w  1
 854  2.5537000e-03 8.78e-02 7.27e-01 -11.0 9.69e-02    -  1.00e+00 1.00e+00w  1
 855  1.9718282e-03 2.73e-03 3.23e-02 -11.0 9.57e-02    -  1.00e+00 6.25e-02h  4
 856  1.9924659e-03 4.10e-06 3.64e-02 -11.0 1.95e-02    -  1.00e+00 1.00e+00H  1
 857  1.9842865e-03 2.11e-04 4.44e-02 -11.0 3.83e-02    -  1.00e+00 6.25e-02h  5
 858  1.9468391e-03 1.44e-03 1.82e-02 -11.0 1.15e-02    -  1.00e+00 1.00e+00h  1
 859  1.9421572e-03 1.41e-03 1.48e-02 -11.0 3.33e-02    -  1.00e+00 6.25e-02h  5
iter    objective    inf_pr   inf_du lg(mu)  ||d||  lg(rg) alpha_du alpha_pr  ls
 860  1.9526286e-03 3.23e-04 1.45e-02 -11.0 6.50e-03    -  1.00e+00 1.00e+00h  1
 861  1.9451876e-03 7.77e-04 1.65e-02 -11.0 3.02e-02    -  1.00e+00 2.50e-01h  3
 862  1.9392228e-03 1.03e-03 1.89e-02 -11.0 1.86e-01    -  1.00e+00 3.12e-02h  6
 863  1.9346656e-03 1.02e-03 1.35e-02 -11.0 3.53e-02    -  1.00e+00 6.25e-02h  5
 864  1.9577361e-03 4.17e-04 1.77e-02 -11.0 3.31e-03    -  1.00e+00 1.00e+00h  1
 865  1.9282146e-03 4.89e-04 8.00e-03 -11.0 5.03e-03    -  1.00e+00 1.00e+00h  1
 866  1.9722258e-03 1.46e-05 4.01e-02 -11.0 6.80e-03    -  1.00e+00 1.00e+00H  1
 867  1.9376009e-03 3.89e-05 9.91e-03 -11.0 1.63e-02    -  1.00e+00 1.00e+00H  1
 868  1.9292686e-03 5.38e-05 1.25e-02 -11.0 3.14e-02    -  1.00e+00 6.25e-02h  5
 869  1.9199490e-03 2.19e-04 6.20e-03 -11.0 4.38e-03    -  1.00e+00 1.00e+00h  1
iter    objective    inf_pr   inf_du lg(mu)  ||d||  lg(rg) alpha_du alpha_pr  ls
 870  1.9191855e-03 2.17e-04 5.10e-03 -11.0 1.51e-02    -  1.00e+00 1.25e-01h  4
 871  1.9233096e-03 4.29e-04 1.50e-02 -11.0 3.21e-03    -  1.00e+00 1.00e+00h  1
 872  1.9176177e-03 2.20e-04 9.19e-03 -11.0 4.14e-03    -  1.00e+00 1.00e+00h  1
 873  1.9149849e-03 3.29e-04 5.69e-03 -11.0 2.45e-02    -  1.00e+00 1.25e-01h  4
 874  1.9662318e-03 3.41e-06 2.61e-02 -11.0 1.26e-02    -  1.00e+00 1.00e+00H  1
 875  1.9576096e-03 1.29e-05 2.81e-02 -11.0 1.03e-02    -  1.00e+00 1.00e+00H  1
 876  1.9447761e-03 4.30e-05 2.25e-02 -11.0 1.71e-02    -  1.00e+00 6.25e-02h  5
 877  1.9707621e-03 8.39e-07 2.21e-02 -11.0 1.21e-02    -  1.00e+00 1.00e+00H  1
 878  1.9946347e-03 8.09e-08 2.18e-02 -11.0 5.57e-03    -  1.00e+00 1.00e+00H  1
 879  1.9080739e-03 4.62e-04 2.43e-02 -11.0 6.22e-03    -  1.00e+00 1.00e+00h  1
iter    objective    inf_pr   inf_du lg(mu)  ||d||  lg(rg) alpha_du alpha_pr  ls
 880  1.9134817e-03 1.95e-04 2.49e-02 -11.0 1.96e-03    -  1.00e+00 1.00e+00h  1
 881  1.9017294e-03 9.63e-05 2.08e-03 -11.0 1.30e-03    -  1.00e+00 1.00e+00h  1
 882  1.9015080e-03 2.35e-06 1.16e-03 -11.0 2.43e-04    -  1.00e+00 1.00e+00h  1
 883  1.9013975e-03 1.59e-07 4.43e-04 -11.0 9.26e-05    -  1.00e+00 1.00e+00h  1
 884  1.9011079e-03 1.61e-06 5.52e-04 -11.0 4.97e-04    -  1.00e+00 1.00e+00h  1
 885  1.9460801e-03 5.36e-08 2.39e-02 -11.0 1.03e-02    -  1.00e+00 1.00e+00H  1
 886  1.9141923e-03 1.16e-07 1.01e-02 -11.0 2.47e-03    -  1.00e+00 1.00e+00H  1
 887  1.9019031e-03 1.13e-08 9.92e-04 -11.0 3.57e-03    -  1.00e+00 1.00e+00H  1
 888  1.9185197e-03 3.57e-09 2.01e-03 -11.0 2.27e-03    -  1.00e+00 1.00e+00H  1
 889  1.8976378e-03 1.31e-04 2.34e-03 -11.0 1.99e-03    -  1.00e+00 1.00e+00h  1
iter    objective    inf_pr   inf_du lg(mu)  ||d||  lg(rg) alpha_du alpha_pr  ls
 890  1.8970590e-03 1.34e-05 9.61e-04 -11.0 1.65e-03    -  1.00e+00 1.00e+00h  1
 891  1.8962940e-03 1.03e-04 3.89e-03 -11.0 2.60e-01    -  1.00e+00 1.56e-02h  7
 892  1.8954235e-03 1.37e-03 1.27e-02 -11.0 2.36e-01    -  1.00e+00 6.25e-02h  5
 893  1.8935552e-03 2.24e-03 1.62e-02 -11.0 1.53e+00    -  1.00e+00 7.81e-03h  8
 894  1.8907258e-03 3.39e-03 1.96e-02 -11.0 1.68e+00    -  1.00e+00 7.81e-03h  8
 895  1.8886331e-03 4.36e-03 2.71e-02 -11.0 1.38e+00    -  1.00e+00 7.81e-03h  8
 896  1.8873693e-03 4.64e-03 3.33e-02 -11.0 8.36e-01    -  1.00e+00 7.81e-03h  8
 897  1.8856201e-03 6.84e-03 4.73e-02 -11.0 3.11e-01    -  1.00e+00 6.25e-02h  5
 898  1.8843767e-03 6.85e-03 4.85e-02 -11.0 4.37e-01    -  1.00e+00 3.91e-03h  9
 899  1.8885950e-03 4.12e-03 2.75e-02 -11.0 2.86e-02    -  1.00e+00 5.00e-01h  2
iter    objective    inf_pr   inf_du lg(mu)  ||d||  lg(rg) alpha_du alpha_pr  ls
 900  1.8854737e-03 4.13e-03 2.90e-02 -11.0 1.91e-01    -  1.00e+00 3.12e-02h  6
 901  4.7715703e-03 3.82e-02 1.06e-01 -11.0 5.47e-02    -  1.00e+00 1.00e+00w  1
 902  1.9147819e-03 2.70e-02 2.00e-02 -11.0 5.20e-02    -  1.00e+00 1.00e+00w  1
 903  4.2099704e-03 5.32e-02 1.43e-01 -11.0 4.67e-02    -  1.00e+00 1.00e+00w  1
 904  1.8852678e-03 3.97e-03 3.06e-02 -11.0 3.50e-02    -  1.00e+00 6.25e-02h  4
 905  1.8800018e-03 3.17e-03 1.97e-02 -11.0 2.10e-02    -  1.00e+00 2.50e-01h  3
 906  1.8741816e-03 3.22e-03 2.05e-02 -11.0 6.66e-02    -  1.00e+00 1.25e-01h  4
 907  1.8736122e-03 3.46e-03 3.03e-02 -11.0 1.23e-01    -  1.00e+00 6.25e-02h  5
 908  1.8700677e-03 3.19e-03 3.61e-02 -11.0 3.43e-02    -  1.00e+00 1.25e-01h  4
 909  1.8679402e-03 3.10e-03 4.45e-02 -11.0 4.43e-02    -  1.00e+00 6.25e-02h  5
iter    objective    inf_pr   inf_du lg(mu)  ||d||  lg(rg) alpha_du alpha_pr  ls
 910  1.8862183e-03 8.09e-04 3.01e-02 -11.0 8.71e-03    -  1.00e+00 1.00e+00h  1
 911  1.8865076e-03 6.81e-04 1.50e-02 -11.0 6.07e-03    -  1.00e+00 5.00e-01h  2
 912  1.8720537e-03 1.11e-03 1.58e-02 -11.0 7.30e-03    -  1.00e+00 1.00e+00h  1
 913  1.8629093e-03 9.20e-04 8.50e-03 -11.0 1.53e-02    -  1.00e+00 2.50e-01h  3
 914  1.8600505e-03 8.31e-04 6.45e-03 -11.0 2.47e-02    -  1.00e+00 1.25e-01h  4
 915  1.8569012e-03 7.67e-04 7.93e-03 -11.0 2.07e-02    -  1.00e+00 2.50e-01h  3
 916  1.8536593e-03 9.91e-04 1.26e-02 -11.0 8.38e-02    -  1.00e+00 6.25e-02h  5
 917  1.8534007e-03 9.72e-04 1.28e-02 -11.0 3.88e-02    -  1.00e+00 6.25e-02h  5
 918  1.8701929e-03 8.76e-05 1.86e-02 -11.0 2.69e-03    -  1.00e+00 1.00e+00h  1
 919  1.8478090e-03 1.08e-04 4.25e-03 -11.0 3.14e-03    -  1.00e+00 1.00e+00h  1
iter    objective    inf_pr   inf_du lg(mu)  ||d||  lg(rg) alpha_du alpha_pr  ls
 920  1.8505494e-03 1.42e-04 9.38e-03 -11.0 3.96e-03    -  1.00e+00 1.00e+00h  1
 921  1.8931423e-03 6.32e-05 1.34e-02 -11.0 2.54e-02    -  1.00e+00 1.00e+00H  1
 922  1.8898858e-03 7.07e-05 1.39e-02 -11.0 1.94e-01    -  1.00e+00 1.56e-02h  7
 923  1.8850590e-03 7.93e-05 1.38e-02 -11.0 4.14e-01    -  1.00e+00 7.81e-03h  8
 924  1.8822982e-03 8.35e-05 1.42e-02 -11.0 3.20e-01    -  1.00e+00 3.91e-03h  9
 925  1.8780864e-03 8.81e-05 1.34e-02 -11.0 7.69e-02    -  1.00e+00 1.56e-02h  7
 926  1.8712741e-03 9.71e-05 1.22e-02 -11.0 4.19e-02    -  1.00e+00 3.12e-02h  6
 927  1.8627343e-03 2.97e-03 1.81e-02 -11.0 3.74e-01    -  1.00e+00 6.25e-02h  5
 928  1.8603858e-03 3.04e-03 1.72e-02 -11.0 1.82e-01    -  1.00e+00 1.56e-02h  7
 929  1.8498833e-03 1.17e-03 1.47e-02 -11.0 1.71e-02    -  1.00e+00 1.00e+00h  1
iter    objective    inf_pr   inf_du lg(mu)  ||d||  lg(rg) alpha_du alpha_pr  ls
 930  1.8416551e-03 1.41e-03 1.54e-02 -11.0 3.02e-01    -  1.00e+00 3.12e-02h  6
 931  1.8385896e-03 1.39e-03 1.71e-02 -11.0 1.05e-01    -  1.00e+00 3.12e-02h  6
 932  2.1445862e-03 4.28e-05 2.42e-02 -11.0 3.03e-02    -  1.00e+00 1.00e+00H  1
 933  2.0893244e-03 4.60e-05 2.13e-02 -11.0 6.13e-02    -  1.00e+00 1.00e+00H  1
 934  2.0461282e-03 4.97e-05 2.22e-02 -11.0 4.41e-01    -  1.00e+00 7.81e-03h  8
 935  2.0082825e-03 1.29e-04 2.19e-02 -11.0 4.79e-02    -  1.00e+00 3.12e-02h  6
 936  1.9168936e-03 5.87e-05 2.47e-02 -11.0 1.07e-02    -  1.00e+00 1.00e+00H  1
 937  1.8634599e-03 5.53e-04 2.47e-02 -11.0 6.25e-03    -  1.00e+00 1.00e+00h  1
 938  1.8152620e-03 5.27e-04 6.47e-03 -11.0 8.51e-03    -  1.00e+00 1.00e+00h  1
 939  1.9003320e-03 1.59e-05 1.09e-02 -11.0 8.18e-03    -  1.00e+00 1.00e+00H  1
iter    objective    inf_pr   inf_du lg(mu)  ||d||  lg(rg) alpha_du alpha_pr  ls
 940  1.8110609e-03 4.16e-04 2.81e-03 -11.0 7.37e-03    -  1.00e+00 1.00e+00h  1
 941  1.8368110e-03 5.25e-04 8.07e-03 -11.0 3.32e-03    -  1.00e+00 1.00e+00h  1
 942  1.8059288e-03 2.99e-04 1.14e-03 -11.0 2.15e-03    -  1.00e+00 1.00e+00h  1
 943  1.8057625e-03 5.26e-06 1.19e-03 -11.0 4.33e-04    -  1.00e+00 1.00e+00h  1
 944  1.8049834e-03 1.74e-06 4.34e-04 -11.0 2.37e-04    -  1.00e+00 1.00e+00h  1
 945  1.8041141e-03 3.21e-06 9.32e-04 -11.0 7.68e-04    -  1.00e+00 1.00e+00h  1
 946  1.8491554e-03 2.61e-06 1.75e-02 -11.0 9.54e-03    -  1.00e+00 1.00e+00H  1
 947  1.8043058e-03 3.35e-06 6.67e-03 -11.0 5.35e-03    -  1.00e+00 1.00e+00H  1
 948  1.8663621e-03 7.06e-07 2.62e-02 -11.0 4.98e-03    -  1.00e+00 1.00e+00H  1
 949  1.8010241e-03 1.66e-03 1.65e-03 -11.0 4.19e-03    -  1.00e+00 1.00e+00h  1
iter    objective    inf_pr   inf_du lg(mu)  ||d||  lg(rg) alpha_du alpha_pr  ls
 950  1.8002667e-03 3.10e-06 1.54e-03 -11.0 4.49e-04    -  1.00e+00 1.00e+00h  1
 951  1.7998331e-03 6.84e-05 4.49e-03 -11.0 3.59e-03    -  1.00e+00 1.00e+00h  1
 952  1.7988849e-03 1.18e-04 9.42e-03 -11.0 6.49e-02    -  1.00e+00 6.25e-02h  5
 953  1.7971785e-03 1.54e-04 2.68e-02 -11.0 5.52e-02    -  1.00e+00 1.25e-01h  4
 954  1.7959434e-03 1.56e-04 3.41e-02 -11.0 9.17e-02    -  1.00e+00 3.12e-02h  6
 955  1.8946845e-03 1.90e-07 4.48e-02 -11.0 1.58e-02    -  1.00e+00 1.00e+00H  1
 956  1.8204775e-03 3.40e-07 1.02e-02 -11.0 1.16e-02    -  1.00e+00 1.00e+00H  1
 957  1.7983908e-03 2.79e-04 4.56e-03 -11.0 2.24e-02    -  1.00e+00 2.50e-01h  3
 958  1.9191095e-03 1.07e-07 3.02e-02 -11.0 6.02e-03    -  1.00e+00 1.00e+00H  1
 959  1.7917804e-03 9.06e-04 5.82e-03 -11.0 5.28e-03    -  1.00e+00 1.00e+00h  1
iter    objective    inf_pr   inf_du lg(mu)  ||d||  lg(rg) alpha_du alpha_pr  ls
 960  1.7931371e-03 3.27e-05 5.36e-03 -11.0 6.96e-04    -  1.00e+00 1.00e+00h  1
 961  1.7910916e-03 1.26e-05 5.22e-04 -11.0 3.99e-04    -  1.00e+00 1.00e+00h  1
 962  1.7910030e-03 9.92e-08 3.29e-04 -11.0 6.08e-05    -  1.00e+00 1.00e+00h  1
 963  1.7941507e-03 9.03e-09 1.32e-03 -11.0 3.90e-03    -  1.00e+00 1.00e+00H  1
 964  1.8139070e-03 3.47e-09 2.47e-03 -11.0 3.80e-03    -  1.00e+00 1.00e+00H  1
 965  1.7921836e-03 1.93e-07 5.84e-03 -11.0 3.98e-03    -  1.00e+00 1.00e+00H  1
 966  1.8174017e-03 4.12e-09 2.64e-03 -11.0 3.15e-03    -  1.00e+00 1.00e+00H  1
 967  1.7883638e-03 7.28e-04 4.92e-03 -11.0 2.28e-03    -  1.00e+00 1.00e+00h  1
 968  1.7882594e-03 6.19e-06 1.63e-03 -11.0 4.27e-04    -  1.00e+00 1.00e+00h  1
 969  1.7879335e-03 2.81e-06 3.07e-04 -11.0 2.38e-04    -  1.00e+00 1.00e+00h  1
iter    objective    inf_pr   inf_du lg(mu)  ||d||  lg(rg) alpha_du alpha_pr  ls
 970  1.7878014e-03 1.97e-06 7.64e-04 -11.0 3.37e-04    -  1.00e+00 1.00e+00h  1
 971  1.7875772e-03 4.56e-06 4.93e-04 -11.0 1.22e-03    -  1.00e+00 1.00e+00h  1
 972  1.7870041e-03 3.59e-05 2.35e-03 -11.0 3.16e-02    -  1.00e+00 1.25e-01h  4
 973  1.7868995e-03 3.84e-05 3.32e-03 -11.0 6.56e-02    -  1.00e+00 3.12e-02h  6
 974  1.8122116e-03 8.05e-10 2.19e-03 -11.0 1.68e-02    -  1.00e+00 1.00e+00H  1
 975  1.8120908e-03 4.17e-09 2.18e-03 -11.0 1.36e-02    -  1.00e+00 1.95e-03h 10
 976  1.8120633e-03 4.19e-09 2.18e-03 -11.0 4.69e-03    -  1.00e+00 2.44e-04h 13
 977  1.7884934e-03 7.02e-07 1.10e-02 -11.0 8.72e-03    -  1.00e+00 1.00e+00H  1
 978  1.7859725e-03 1.40e-04 8.07e-03 -11.0 1.34e-02    -  1.00e+00 1.25e-01h  4
 979  1.7858972e-03 8.02e-05 5.57e-03 -11.0 2.11e-03    -  1.00e+00 1.00e+00h  1
iter    objective    inf_pr   inf_du lg(mu)  ||d||  lg(rg) alpha_du alpha_pr  ls
 980  1.7869990e-03 6.22e-05 3.52e-03 -11.0 1.14e-03    -  1.00e+00 1.00e+00h  1
 981  1.7839533e-03 4.41e-05 1.24e-03 -11.0 1.31e-03    -  1.00e+00 1.00e+00h  1
 982  1.7840983e-03 3.63e-06 2.42e-03 -11.0 2.49e-04    -  1.00e+00 1.00e+00h  1
 983  1.7837976e-03 1.80e-06 1.48e-04 -11.0 1.49e-04    -  1.00e+00 1.00e+00h  1
 984  1.7837159e-03 1.24e-07 2.18e-04 -11.0 2.08e-04    -  1.00e+00 1.00e+00h  1
 985  1.7867426e-03 3.10e-09 1.06e-03 -11.0 3.39e-03    -  1.00e+00 1.00e+00H  1
 986  1.7834921e-03 1.94e-05 4.06e-03 -11.0 2.19e-03    -  1.00e+00 1.00e+00h  1
 987  1.7931034e-03 3.44e-09 2.30e-03 -11.0 1.54e-03    -  1.00e+00 1.00e+00H  1
 988  1.7819600e-03 1.46e-04 8.16e-04 -11.0 1.47e-03    -  1.00e+00 1.00e+00h  1
 989  1.7818479e-03 5.27e-07 4.50e-04 -11.0 6.29e-04    -  1.00e+00 1.00e+00h  1
iter    objective    inf_pr   inf_du lg(mu)  ||d||  lg(rg) alpha_du alpha_pr  ls
 990  1.7816370e-03 1.67e-05 2.31e-03 -11.0 4.97e-02    -  1.00e+00 6.25e-02h  5
 991  1.7815325e-03 4.74e-05 3.39e-03 -11.0 2.83e-02    -  1.00e+00 1.25e-01h  4
 992  1.7813334e-03 6.57e-05 3.75e-03 -11.0 5.59e-02    -  1.00e+00 6.25e-02h  5
 993  1.7811020e-03 6.63e-05 4.86e-03 -11.0 1.15e-02    -  1.00e+00 6.25e-02h  5
 994  1.7811191e-03 7.43e-06 3.52e-03 -11.0 9.86e-04    -  1.00e+00 1.00e+00h  1
 995  1.7807507e-03 3.26e-05 1.53e-03 -11.0 1.07e-03    -  1.00e+00 1.00e+00h  1
 996  1.7814068e-03 6.57e-08 2.05e-03 -11.0 7.41e-04    -  1.00e+00 1.00e+00H  1
 997  1.7799951e-03 5.43e-06 2.29e-03 -11.0 1.68e-03    -  1.00e+00 1.00e+00h  1
 998  1.7821604e-03 5.42e-09 1.07e-03 -11.0 2.79e-03    -  1.00e+00 1.00e+00H  1
 999  1.7798970e-03 3.47e-05 1.70e-03 -11.0 7.93e-04    -  1.00e+00 1.00e+00h  1
iter    objective    inf_pr   inf_du lg(mu)  ||d||  lg(rg) alpha_du alpha_pr  ls
1000  1.7800534e-03 1.84e-07 4.62e-03 -11.0 9.91e-04    -  1.00e+00 1.00e+00H  1
1001  1.7791090e-03 2.74e-05 2.10e-03 -11.0 9.59e-04    -  1.00e+00 1.00e+00h  1
1002  1.7792281e-03 1.25e-05 1.59e-03 -11.0 1.70e-03    -  1.00e+00 1.00e+00h  1
1003  1.7798080e-03 7.81e-08 4.76e-03 -11.0 3.68e-03    -  1.00e+00 1.00e+00H  1
1004  1.7915573e-03 1.11e-10 1.73e-03 -11.0 1.70e-02    -  1.00e+00 1.00e+00H  1
1005  1.7915026e-03 4.12e-09 1.72e-03 -11.0 3.02e-02    -  1.00e+00 9.77e-04h 11
1006  1.7788747e-03 7.41e-04 4.06e-03 -11.0 6.62e-03    -  1.00e+00 1.00e+00h  1
1007  1.7771745e-03 5.76e-04 3.53e-03 -11.0 3.40e-03    -  1.00e+00 2.50e-01h  3
1008  1.7743667e-03 1.01e-04 3.94e-03 -11.0 7.09e-03    -  1.00e+00 1.00e+00h  1
1009  1.7738820e-03 1.20e-04 3.79e-03 -11.0 1.49e-01    -  1.00e+00 3.12e-02h  6
iter    objective    inf_pr   inf_du lg(mu)  ||d||  lg(rg) alpha_du alpha_pr  ls
1010  1.7727685e-03 2.40e-04 6.43e-03 -11.0 4.10e-01    -  1.00e+00 3.12e-02h  6
1011  1.7687383e-03 1.98e-03 2.50e-02 -11.0 3.14e+00    -  1.00e+00 1.56e-02h  7
1012  1.7682721e-03 2.46e-03 3.70e-02 -11.0 1.19e+01    -  1.00e+00 1.95e-03h 10
1013  1.7663768e-03 2.86e-03 5.13e-02 -11.0 3.00e+00    -  1.00e+00 7.81e-03h  8
1014  1.7653689e-03 2.92e-03 5.74e-02 -11.0 5.52e+00    -  1.00e+00 1.95e-03h 10
1015  1.7657724e-03 2.88e-03 5.56e-02 -11.0 2.32e-01    -  1.00e+00 1.56e-02h  7
1016  1.7701119e-03 1.55e-03 1.99e-02 -11.0 2.31e-02    -  1.00e+00 5.00e-01h  2
1017  1.7696973e-03 1.45e-03 1.36e-02 -11.0 3.44e-02    -  1.00e+00 6.25e-02h  5
1018  1.7716773e-03 1.88e-04 3.11e-02 -11.0 1.04e-02    -  1.00e+00 1.00e+00h  1
1019  1.7705788e-03 1.76e-04 2.85e-02 -11.0 7.35e-03    -  1.00e+00 1.25e-01h  4
iter    objective    inf_pr   inf_du lg(mu)  ||d||  lg(rg) alpha_du alpha_pr  ls
1020  1.7626908e-03 7.52e-05 3.51e-03 -11.0 9.24e-03    -  1.00e+00 1.00e+00h  1
1021  1.7629652e-03 7.52e-05 4.38e-03 -11.0 2.36e-02    -  1.00e+00 6.25e-02h  5
1022  1.7628667e-03 2.67e-05 5.84e-03 -11.0 1.56e-03    -  1.00e+00 1.00e+00h  1
1023  1.7632498e-03 5.13e-07 6.24e-03 -11.0 4.02e-03    -  1.00e+00 1.00e+00H  1
1024  1.7632255e-03 5.83e-05 5.95e-03 -11.0 2.84e-03    -  1.00e+00 2.50e-01h  3
1025  1.7613994e-03 1.46e-05 1.40e-03 -11.0 2.51e-03    -  1.00e+00 1.00e+00h  1
1026  1.7759292e-03 2.08e-07 7.38e-03 -11.0 3.39e-03    -  1.00e+00 1.00e+00H  1
1027  1.7612174e-03 3.81e-04 7.71e-04 -11.0 3.80e-03    -  1.00e+00 1.00e+00h  1
1028  1.7613259e-03 1.93e-04 1.43e-03 -11.0 2.13e-03    -  1.00e+00 5.00e-01h  2
1029  1.7604832e-03 2.28e-06 1.64e-03 -11.0 1.27e-03    -  1.00e+00 1.00e+00h  1
iter    objective    inf_pr   inf_du lg(mu)  ||d||  lg(rg) alpha_du alpha_pr  ls
1030  1.7885040e-03 1.03e-10 3.00e-03 -11.0 6.41e-03    -  1.00e+00 1.00e+00H  1
1031  1.7611505e-03 4.07e-06 3.29e-03 -11.0 3.72e-03    -  1.00e+00 1.00e+00H  1
1032  1.7677985e-03 2.49e-08 1.36e-03 -11.0 1.11e-03    -  1.00e+00 1.00e+00H  1
1033  1.7591009e-03 5.46e-05 1.27e-03 -11.0 1.18e-03    -  1.00e+00 1.00e+00h  1
1034  1.7588885e-03 2.82e-06 1.27e-03 -11.0 1.12e-03    -  1.00e+00 1.00e+00h  1
1035  1.7581711e-03 1.03e-04 7.24e-03 -11.0 1.08e-01    -  1.00e+00 6.25e-02h  5
1036  1.7579285e-03 2.29e-04 1.13e-02 -11.0 4.64e-01    -  1.00e+00 1.56e-02h  7
1037  1.7577601e-03 2.56e-04 1.43e-02 -11.0 2.29e-01    -  1.00e+00 1.56e-02h  7
1038  1.7576655e-03 2.53e-04 1.55e-02 -11.0 4.21e-02    -  1.00e+00 3.12e-02h  6
1039  1.7575259e-03 1.90e-04 1.37e-02 -11.0 3.68e-03    -  1.00e+00 2.50e-01h  3
iter    objective    inf_pr   inf_du lg(mu)  ||d||  lg(rg) alpha_du alpha_pr  ls
1040  1.7579747e-03 9.45e-05 9.58e-03 -11.0 3.01e-03    -  1.00e+00 5.00e-01h  2
1041  1.7578724e-03 6.05e-05 6.20e-03 -11.0 5.28e-03    -  1.00e+00 1.00e+00h  1
1042  1.7576815e-03 6.86e-05 4.26e-03 -11.0 1.58e-02    -  1.00e+00 6.25e-02h  5
1043  1.7585307e-03 9.67e-05 2.42e-03 -11.0 5.16e-03    -  1.00e+00 1.00e+00h  1
1044  1.7582195e-03 9.41e-05 2.41e-03 -11.0 2.17e-02    -  1.00e+00 3.12e-02h  6
1045  1.7574272e-03 7.45e-05 3.19e-03 -11.0 3.67e-02    -  1.00e+00 6.25e-02h  5
1046  1.7570696e-03 7.27e-05 4.03e-03 -11.0 1.84e-02    -  1.00e+00 6.25e-02h  5
1047  1.7681985e-03 5.82e-09 2.00e-03 -11.0 4.55e-03    -  1.00e+00 1.00e+00H  1
1048  1.7722344e-03 1.56e-09 2.30e-03 -11.0 7.36e-03    -  1.00e+00 1.00e+00H  1
1049  1.7721572e-03 2.29e-09 2.30e-03 -11.0 9.45e-03    -  1.00e+00 9.77e-04h 11
iter    objective    inf_pr   inf_du lg(mu)  ||d||  lg(rg) alpha_du alpha_pr  ls
1050  1.7720528e-03 2.23e-09 2.29e-03 -11.0 3.03e-03    -  1.00e+00 1.95e-03h 10
1051  1.7561049e-03 5.56e-05 8.01e-03 -11.0 3.14e-03    -  1.00e+00 1.00e+00h  1
1052  1.7561462e-03 4.71e-05 2.46e-03 -11.0 1.27e-03    -  1.00e+00 5.00e-01h  2
1053  1.7548097e-03 2.06e-05 6.52e-04 -11.0 6.28e-04    -  1.00e+00 1.00e+00h  1
1054  1.7547634e-03 1.18e-07 3.10e-04 -11.0 1.11e-04    -  1.00e+00 1.00e+00h  1
1055  1.7546745e-03 6.61e-06 1.80e-03 -11.0 1.26e-03    -  1.00e+00 1.00e+00h  1
1056  1.7543935e-03 5.42e-05 6.31e-03 -11.0 1.46e-02    -  1.00e+00 2.50e-01h  3
1057  1.7542313e-03 5.74e-05 7.27e-03 -11.0 3.76e-02    -  1.00e+00 3.12e-02h  6
1058  1.7542211e-03 5.46e-05 7.23e-03 -11.0 1.31e-02    -  1.00e+00 1.25e-01h  4
1059  1.7596008e-03 1.92e-09 9.13e-04 -11.0 2.99e-03    -  1.00e+00 1.00e+00H  1
iter    objective    inf_pr   inf_du lg(mu)  ||d||  lg(rg) alpha_du alpha_pr  ls
1060  1.7594452e-03 1.84e-08 8.93e-04 -11.0 9.29e-03    -  1.00e+00 7.81e-03h  8
1061  1.7592458e-03 5.07e-08 8.82e-04 -11.0 4.65e-03    -  1.00e+00 3.91e-03h  9
1062  1.7525528e-03 2.85e-04 2.80e-03 -11.0 1.52e-03    -  1.00e+00 1.00e+00h  1
1063  1.7540442e-03 3.77e-05 1.77e-03 -11.0 1.01e-03    -  1.00e+00 1.00e+00h  1
1064  1.7521043e-03 1.12e-05 1.08e-03 -11.0 3.69e-04    -  1.00e+00 1.00e+00h  1
1065  1.7519740e-03 2.71e-07 7.85e-04 -11.0 2.73e-04    -  1.00e+00 1.00e+00h  1
1066  1.7517972e-03 7.78e-07 1.26e-03 -11.0 7.73e-04    -  1.00e+00 1.00e+00h  1
1067  1.7517252e-03 4.70e-05 4.85e-03 -11.0 4.90e-02    -  1.00e+00 1.25e-01h  4
1068  1.7512707e-03 1.58e-04 1.23e-02 -11.0 2.66e-01    -  1.00e+00 3.12e-02h  6
1069  1.7502516e-03 3.48e-04 1.58e-02 -11.0 5.98e-01    -  1.00e+00 1.56e-02h  7
iter    objective    inf_pr   inf_du lg(mu)  ||d||  lg(rg) alpha_du alpha_pr  ls
1070  1.7500644e-03 5.11e-04 1.58e-02 -11.0 1.04e+00    -  1.00e+00 7.81e-03h  8
1071  1.7498697e-03 5.77e-04 2.13e-02 -11.0 7.43e-01    -  1.00e+00 7.81e-03h  8
1072  1.7497961e-03 6.24e-04 2.70e-02 -11.0 3.37e-01    -  1.00e+00 1.56e-02h  7
1073  1.7496201e-03 7.76e-04 3.07e-02 -11.0 1.38e-01    -  1.00e+00 6.25e-02h  5
1074  1.7490970e-03 7.76e-04 2.82e-02 -11.0 2.09e-01    -  1.00e+00 1.56e-02h  7
1075  1.7481249e-03 7.60e-04 1.82e-02 -11.0 7.26e-02    -  1.00e+00 6.25e-02h  5
1076  1.7478591e-03 7.19e-04 1.50e-02 -11.0 3.07e-02    -  1.00e+00 6.25e-02h  5
1077  1.7822312e-03 5.05e-04 9.90e-03 -11.0 4.92e-03    -  1.00e+00 1.00e+00w  1
1078  1.7482271e-03 4.26e-04 9.49e-03 -11.0 2.97e-03    -  1.00e+00 1.00e+00h  1
1079  1.7507579e-03 9.10e-05 1.29e-02 -11.0 4.27e-03    -  1.00e+00 1.00e+00h  1
iter    objective    inf_pr   inf_du lg(mu)  ||d||  lg(rg) alpha_du alpha_pr  ls
1080  1.7483653e-03 2.31e-04 3.77e-03 -11.0 2.38e-03    -  1.00e+00 1.00e+00h  1
1081  1.7428762e-03 6.03e-05 3.38e-03 -11.0 1.25e-03    -  1.00e+00 1.00e+00h  1
1082  1.7439536e-03 2.07e-05 1.43e-03 -11.0 5.75e-04    -  1.00e+00 1.00e+00h  1
1083  1.7424176e-03 6.92e-06 3.86e-04 -11.0 4.26e-04    -  1.00e+00 1.00e+00h  1
1084  1.7423421e-03 4.13e-07 4.32e-04 -11.0 1.74e-04    -  1.00e+00 1.00e+00h  1
1085  1.7417992e-03 2.54e-05 3.50e-03 -11.0 3.61e-03    -  1.00e+00 1.00e+00h  1
1086  1.7415957e-03 2.95e-05 6.92e-03 -11.0 5.12e-02    -  1.00e+00 6.25e-02h  5
1087  1.7411589e-03 2.77e-05 9.78e-03 -11.0 3.95e-02    -  1.00e+00 6.25e-02h  5
1088  1.7409508e-03 4.26e-05 1.17e-02 -11.0 1.52e-02    -  1.00e+00 1.25e-01h  4
1089  1.7516708e-03 1.74e-08 1.54e-03 -11.0 1.11e-02    -  1.00e+00 1.00e+00H  1
iter    objective    inf_pr   inf_du lg(mu)  ||d||  lg(rg) alpha_du alpha_pr  ls
1090  1.7515584e-03 3.41e-08 1.52e-03 -11.0 1.50e-01    -  1.00e+00 9.77e-04h 11
1091  1.7514070e-03 1.13e-07 1.53e-03 -11.0 3.00e-01    -  1.00e+00 4.88e-04h 12
1092  1.7513153e-03 1.22e-07 1.52e-03 -11.0 9.36e-02    -  1.00e+00 9.77e-04h 11
1093  1.7512564e-03 1.27e-07 1.52e-03 -11.0 2.42e-01    -  1.00e+00 2.44e-04h 13
1094  1.7481586e-03 8.86e-05 2.19e-03 -11.0 2.07e-01    -  1.00e+00 3.12e-02h  6
1095  1.7416546e-03 2.79e-04 8.50e-03 -11.0 6.42e-02    -  1.00e+00 1.25e-01h  4
1096  1.7347699e-03 3.99e-04 1.40e-02 -11.0 7.20e-02    -  1.00e+00 1.25e-01h  4
1097  1.7338492e-03 9.28e-04 2.27e-02 -11.0 2.42e-01    -  1.00e+00 6.25e-02h  5
1098  1.7324050e-03 1.05e-03 2.69e-02 -11.0 5.82e-01    -  1.00e+00 1.56e-02h  7
1099  1.7321748e-03 1.02e-03 2.42e-02 -11.0 7.58e-02    -  1.00e+00 3.12e-02h  6
iter    objective    inf_pr   inf_du lg(mu)  ||d||  lg(rg) alpha_du alpha_pr  ls
1100  1.7874938e-03 5.11e-04 3.16e-02 -11.0 7.11e-03    -  1.00e+00 1.00e+00w  1
1101  1.7308672e-03 4.57e-04 1.53e-02 -11.0 8.51e-03    -  1.00e+00 1.00e+00h  1
1102  1.7488088e-03 3.35e-05 2.96e-02 -11.0 1.29e-02    -  1.00e+00 1.00e+00H  1
1103  1.8554990e-03 1.46e-07 3.05e-02 -11.0 4.60e-03    -  1.00e+00 1.00e+00H  1
1104  1.7294631e-03 1.97e-03 6.75e-03 -11.0 6.15e-03    -  1.00e+00 1.00e+00h  1
1105  1.7304066e-03 1.43e-04 4.27e-03 -11.0 1.63e-03    -  1.00e+00 1.00e+00h  1
1106  1.7270651e-03 5.30e-05 2.91e-03 -11.0 5.76e-04    -  1.00e+00 1.00e+00h  1
1107  1.7268871e-03 3.57e-07 7.61e-04 -11.0 8.10e-05    -  1.00e+00 1.00e+00h  1
1108  1.7267029e-03 3.92e-07 5.68e-04 -11.0 2.01e-04    -  1.00e+00 1.00e+00h  1
1109  1.7292062e-03 4.40e-09 8.21e-04 -11.0 2.65e-03    -  1.00e+00 1.00e+00H  1
iter    objective    inf_pr   inf_du lg(mu)  ||d||  lg(rg) alpha_du alpha_pr  ls
1110  1.7300285e-03 7.56e-10 1.12e-03 -11.0 3.59e-03    -  1.00e+00 1.00e+00H  1
1111  1.7299158e-03 1.06e-08 1.12e-03 -11.0 4.16e-03    -  1.00e+00 3.91e-03h  9
1112  1.7241581e-03 1.25e-04 2.70e-03 -11.0 1.49e-03    -  1.00e+00 1.00e+00h  1
1113  1.7250614e-03 4.95e-07 3.58e-03 -11.0 1.02e-03    -  1.00e+00 1.00e+00H  1
1114  1.7232909e-03 2.51e-05 1.63e-03 -11.0 9.61e-04    -  1.00e+00 1.00e+00h  1
1115  1.7249980e-03 1.86e-05 3.35e-03 -11.0 7.61e-04    -  1.00e+00 1.00e+00h  1
1116  1.7227373e-03 1.46e-05 1.81e-03 -11.0 4.01e-04    -  1.00e+00 1.00e+00h  1
1117  1.7225405e-03 9.73e-07 1.38e-03 -11.0 3.41e-04    -  1.00e+00 1.00e+00h  1
1118  1.7220049e-03 8.52e-06 2.92e-03 -11.0 2.06e-03    -  1.00e+00 1.00e+00h  1
1119  1.7215763e-03 1.44e-05 6.71e-03 -11.0 3.07e-02    -  1.00e+00 6.25e-02h  5
iter    objective    inf_pr   inf_du lg(mu)  ||d||  lg(rg) alpha_du alpha_pr  ls
1120  1.7210711e-03 6.29e-05 1.00e-02 -11.0 3.09e-02    -  1.00e+00 1.25e-01h  4
1121  1.7208357e-03 9.62e-05 1.18e-02 -11.0 8.40e-02    -  1.00e+00 3.12e-02h  6
1122  1.7206072e-03 9.60e-05 1.34e-02 -11.0 2.23e-02    -  1.00e+00 1.25e-01h  4
1123  1.7201086e-03 1.02e-04 1.48e-02 -11.0 8.37e-02    -  1.00e+00 3.12e-02h  6
1124  1.7200664e-03 1.01e-04 1.58e-02 -11.0 1.89e-02    -  1.00e+00 6.25e-02h  5
1125  1.7193328e-03 5.56e-05 4.38e-03 -11.0 4.03e-03    -  1.00e+00 5.00e-01h  2
1126  1.7190532e-03 5.53e-05 3.65e-03 -11.0 1.77e-02    -  1.00e+00 6.25e-02h  5
1127  1.7188460e-03 6.16e-05 2.01e-03 -11.0 9.27e-03    -  1.00e+00 1.25e-01h  4
1128  1.7204782e-03 6.39e-05 5.00e-03 -11.0 3.04e-03    -  1.00e+00 5.00e-01h  2
1129  1.7184409e-03 6.18e-05 1.19e-03 -11.0 1.69e-03    -  1.00e+00 1.00e+00h  1
iter    objective    inf_pr   inf_du lg(mu)  ||d||  lg(rg) alpha_du alpha_pr  ls
1130  1.7416032e-03 1.95e-10 3.31e-03 -11.0 4.92e-03    -  1.00e+00 1.00e+00H  1
1131  1.7182408e-03 1.78e-04 2.77e-03 -11.0 4.07e-03    -  1.00e+00 1.00e+00h  1
1132  1.7178865e-03 1.31e-04 2.27e-03 -11.0 1.73e-03    -  1.00e+00 2.50e-01h  3
1133  1.7177353e-03 3.70e-06 4.55e-04 -11.0 2.46e-04    -  1.00e+00 1.00e+00h  1
1134  1.7176269e-03 9.60e-06 1.63e-03 -11.0 9.86e-04    -  1.00e+00 1.00e+00h  1
1135  1.7231794e-03 5.34e-08 7.59e-03 -11.0 5.68e-03    -  1.00e+00 1.00e+00H  1
1136  1.7317916e-03 1.83e-09 3.02e-03 -11.0 5.12e-03    -  1.00e+00 1.00e+00H  1
1137  1.7317663e-03 1.80e-09 3.02e-03 -11.0 9.35e-03    -  1.00e+00 4.88e-04h 12
1138  1.7296959e-03 4.10e-09 1.90e-03 -11.0 9.07e-03    -  1.00e+00 1.00e+00H  1
1139  1.7291410e-03 4.90e-08 1.83e-03 -11.0 4.96e-03    -  1.00e+00 7.81e-03h  8
iter    objective    inf_pr   inf_du lg(mu)  ||d||  lg(rg) alpha_du alpha_pr  ls
1140  1.7146526e-03 4.49e-04 3.13e-03 -11.0 6.72e-03    -  1.00e+00 1.00e+00h  1
1141  1.7264776e-03 7.82e-04 5.29e-03 -11.0 3.93e-03    -  1.00e+00 5.00e-01h  2
1142  1.7139529e-03 4.80e-04 2.23e-03 -11.0 1.73e-03    -  1.00e+00 1.00e+00h  1
1143  1.7138789e-03 7.45e-07 7.42e-04 -11.0 1.99e-04    -  1.00e+00 1.00e+00h  1
1144  1.7136616e-03 1.57e-05 2.03e-03 -11.0 1.97e-03    -  1.00e+00 1.00e+00h  1
1145  1.7127775e-03 1.06e-04 4.34e-03 -11.0 4.79e-02    -  1.00e+00 1.25e-01h  4
1146  1.7118552e-03 1.83e-04 8.67e-03 -11.0 4.31e-01    -  1.00e+00 1.56e-02h  7
1147  1.7113152e-03 2.60e-04 1.10e-02 -11.0 4.25e-01    -  1.00e+00 1.56e-02h  7
1148  1.7107072e-03 2.92e-04 1.15e-02 -11.0 2.46e-01    -  1.00e+00 1.56e-02h  7
1149  1.7105991e-03 3.42e-04 1.46e-02 -11.0 2.43e-01    -  1.00e+00 3.12e-02h  6
iter    objective    inf_pr   inf_du lg(mu)  ||d||  lg(rg) alpha_du alpha_pr  ls
1150  1.7094226e-03 4.33e-04 1.97e-02 -11.0 6.55e-01    -  1.00e+00 1.56e-02h  7
1151  1.7074157e-03 6.01e-04 2.02e-02 -11.0 5.39e-01    -  1.00e+00 1.56e-02h  7
1152  1.7042811e-03 8.25e-04 2.47e-02 -11.0 1.03e+00    -  1.00e+00 1.56e-02h  7
1153  1.7011466e-03 1.02e-03 2.02e-02 -11.0 1.58e+00    -  1.00e+00 7.81e-03h  8
1154  1.6971841e-03 1.27e-03 2.62e-02 -11.0 1.40e+00    -  1.00e+00 1.56e-02h  7
1155  1.3370674e-01 1.29e+01 2.62e+00 -11.0 3.73e+00    -  1.00e+00 1.00e+00w  1
1156  5.6477895e+00 2.59e+01 8.68e+00 -11.0 2.04e+00    -  1.00e+00 1.00e+00w  1
1157  7.7318085e+00 6.49e+00 4.21e+03 -11.0 3.79e+00    -  1.00e+00 1.00e+00w  1
1158  1.6947577e-03 1.87e-03 4.05e-02 -11.0 5.81e+00    -  1.00e+00 7.81e-03h  7
1159  1.6910148e-03 1.59e-03 1.62e-02 -11.0 9.00e-03    -  1.00e+00 5.00e-01h  2
iter    objective    inf_pr   inf_du lg(mu)  ||d||  lg(rg) alpha_du alpha_pr  ls
1160  1.6886297e-03 1.98e-03 1.62e-02 -11.0 3.01e-02    -  1.00e+00 5.00e-01h  2
1161  1.6870294e-03 1.93e-03 1.46e-02 -11.0 3.70e-02    -  1.00e+00 3.12e-02h  6
1162  1.6794578e-03 1.50e-04 4.60e-02 -11.0 4.70e-03    -  1.00e+00 1.00e+00h  1
1163  1.6785205e-03 1.50e-04 4.57e-02 -11.0 3.00e-02    -  1.00e+00 6.25e-02h  5
1164  1.6907929e-03 1.79e-04 2.23e-02 -11.0 8.08e-03    -  1.00e+00 5.00e-01h  2
1165  1.6743173e-03 1.35e-04 6.89e-03 -11.0 7.17e-04    -  1.00e+00 1.00e+00h  1
1166  1.6731499e-03 4.58e-06 1.75e-03 -11.0 1.31e-03    -  1.00e+00 1.00e+00h  1
1167  1.6776077e-03 4.09e-06 8.12e-03 -11.0 1.03e-02    -  1.00e+00 1.00e+00H  1
1168  1.6768032e-03 5.37e-06 8.84e-03 -11.0 1.02e-01    -  1.00e+00 7.81e-03h  8
1169  1.6758933e-03 1.89e-05 9.98e-03 -11.0 8.55e-02    -  1.00e+00 7.81e-03h  8
iter    objective    inf_pr   inf_du lg(mu)  ||d||  lg(rg) alpha_du alpha_pr  ls
1170  1.6756056e-03 1.90e-05 9.94e-03 -11.0 4.19e-02    -  1.00e+00 3.91e-03h  9
1171  1.6721397e-03 2.99e-04 3.13e-03 -11.0 1.93e-02    -  1.00e+00 2.50e-01h  3
1172  1.6714607e-03 3.39e-04 4.36e-03 -11.0 5.85e-02    -  1.00e+00 1.25e-01h  4
1173  1.6691962e-03 3.05e-04 1.04e-02 -11.0 1.88e-02    -  1.00e+00 1.25e-01h  4
1174  1.6651458e-03 1.91e-04 1.28e-02 -11.0 4.81e-03    -  1.00e+00 5.00e-01h  2
1175  1.6624569e-03 1.43e-04 8.54e-03 -11.0 2.01e-03    -  1.00e+00 5.00e-01h  2
1176  1.6599705e-03 2.81e-05 3.53e-03 -11.0 5.56e-04    -  1.00e+00 1.00e+00h  1
1177  1.6595590e-03 6.98e-06 7.33e-04 -11.0 3.68e-04    -  1.00e+00 1.00e+00h  1
1178  1.6588687e-03 6.97e-06 8.78e-04 -11.0 1.49e-03    -  1.00e+00 1.00e+00h  1
1179  1.6580147e-03 5.98e-05 2.70e-03 -11.0 4.32e-02    -  1.00e+00 6.25e-02h  5
iter    objective    inf_pr   inf_du lg(mu)  ||d||  lg(rg) alpha_du alpha_pr  ls
1180  1.6577577e-03 7.60e-05 5.30e-03 -11.0 4.82e-02    -  1.00e+00 6.25e-02h  5
1181  1.6572777e-03 8.38e-05 6.97e-03 -11.0 4.33e-02    -  1.00e+00 6.25e-02h  5
1182  1.6563324e-03 1.61e-04 1.04e-02 -11.0 9.19e-02    -  1.00e+00 6.25e-02h  5
1183  1.6541358e-03 2.10e-04 1.85e-02 -11.0 2.93e-01    -  1.00e+00 3.12e-02h  6
1184  1.6530099e-03 2.30e-04 2.46e-02 -11.0 7.14e-01    -  1.00e+00 7.81e-03h  8
1185  1.6525687e-03 3.16e-04 3.24e-02 -11.0 1.97e-01    -  1.00e+00 3.12e-02h  6
1186  1.6504487e-03 3.76e-04 4.12e-02 -11.0 2.21e-01    -  1.00e+00 3.12e-02h  6
1187  1.6497519e-03 3.64e-04 4.77e-02 -11.0 4.11e-01    -  1.00e+00 1.56e-02h  7
1188  1.6477097e-03 3.67e-04 5.56e-02 -11.0 2.41e-01    -  1.00e+00 3.12e-02h  6
1189  1.7625690e-02 1.34e-01 3.87e-01 -11.0 3.81e-01    -  1.00e+00 1.00e+00w  1
iter    objective    inf_pr   inf_du lg(mu)  ||d||  lg(rg) alpha_du alpha_pr  ls
1190  9.0274946e-03 2.02e-01 1.68e-01 -11.0 2.24e-01    -  1.00e+00 1.00e+00w  1
1191  3.8791031e-01 3.20e+00 1.39e+01 -11.0 1.17e+00    -  1.00e+00 1.00e+00w  1
1192  1.6470734e-03 3.61e-04 6.00e-02 -11.0 2.45e-01    -  1.00e+00 1.56e-02h  6
1193  1.6499890e-03 2.91e-04 4.41e-02 -11.0 1.45e-02    -  1.00e+00 2.50e-01h  3
1194  1.6471270e-03 2.36e-04 1.53e-02 -11.0 8.16e-03    -  1.00e+00 5.00e-01h  2
1195  1.6489696e-03 5.61e-04 9.16e-03 -11.0 2.41e-02    -  1.00e+00 2.50e-01h  3
1196  1.6474752e-03 4.37e-04 1.73e-02 -11.0 5.37e-03    -  1.00e+00 2.50e-01h  3
1197  1.6400663e-03 1.28e-04 2.04e-03 -11.0 6.12e-03    -  1.00e+00 1.00e+00h  1
1198  1.6396934e-03 1.20e-04 3.16e-03 -11.0 2.70e-02    -  1.00e+00 6.25e-02h  5
1199  1.6499715e-03 2.76e-06 7.31e-03 -11.0 8.42e-03    -  1.00e+00 1.00e+00H  1
iter    objective    inf_pr   inf_du lg(mu)  ||d||  lg(rg) alpha_du alpha_pr  ls
1200  1.6457938e-03 8.86e-05 8.39e-03 -11.0 2.43e-02    -  1.00e+00 1.25e-01h  4
1201  1.6392588e-03 3.75e-04 2.46e-02 -11.0 9.59e-02    -  1.00e+00 6.25e-02h  5
1202  1.6358066e-03 3.61e-04 2.99e-02 -11.0 8.56e-02    -  1.00e+00 6.25e-02h  5
1203  1.6352276e-03 4.04e-04 3.41e-02 -11.0 3.94e-02    -  1.00e+00 1.25e-01h  4
1204  1.6333547e-03 3.86e-04 3.49e-02 -11.0 2.18e-02    -  1.00e+00 1.25e-01h  4
1205  1.6323076e-03 2.87e-04 2.90e-02 -11.0 7.72e-03    -  1.00e+00 2.50e-01h  3
1206  1.6341288e-03 2.89e-04 5.56e-03 -11.0 6.63e-03    -  1.00e+00 1.00e+00h  1
1207  1.6319480e-03 2.90e-04 3.82e-03 -11.0 1.32e-02    -  1.00e+00 1.25e-01h  4
1208  1.6376959e-03 1.83e-04 5.66e-03 -11.0 2.07e-03    -  1.00e+00 1.00e+00h  1
1209  1.6244468e-03 3.94e-05 3.20e-03 -11.0 1.11e-03    -  1.00e+00 1.00e+00h  1
iter    objective    inf_pr   inf_du lg(mu)  ||d||  lg(rg) alpha_du alpha_pr  ls
1210  1.6236357e-03 1.07e-05 1.68e-03 -11.0 1.53e-03    -  1.00e+00 1.00e+00h  1
1211  1.6272342e-03 4.07e-07 7.18e-03 -11.0 5.60e-03    -  1.00e+00 1.00e+00H  1
1212  1.6266589e-03 2.05e-06 7.95e-03 -11.0 3.35e-02    -  1.00e+00 1.56e-02h  7
1213  1.6259195e-03 4.65e-06 8.89e-03 -11.0 1.53e-01    -  1.00e+00 3.91e-03h  9
1214  1.6235434e-03 2.85e-04 1.86e-02 -11.0 1.68e-02    -  1.00e+00 2.50e-01h  3
1215  1.6232680e-03 4.06e-04 2.95e-02 -11.0 1.73e-02    -  1.00e+00 2.50e-01h  3
1216  1.6188640e-03 5.97e-04 3.56e-02 -11.0 4.65e-02    -  1.00e+00 1.25e-01h  4
1217  1.6174068e-03 6.52e-04 3.80e-02 -11.0 1.19e-01    -  1.00e+00 3.12e-02h  6
1218  1.6159002e-03 8.55e-04 4.32e-02 -11.0 9.54e-02    -  1.00e+00 6.25e-02h  5
1219  1.6146810e-03 9.96e-04 4.67e-02 -11.0 2.61e-01    -  1.00e+00 1.56e-02h  7
iter    objective    inf_pr   inf_du lg(mu)  ||d||  lg(rg) alpha_du alpha_pr  ls
1220  1.6128046e-03 9.85e-04 3.74e-02 -11.0 8.00e-02    -  1.00e+00 6.25e-02h  5
1221  1.6112041e-03 9.65e-04 2.53e-02 -11.0 8.95e-02    -  1.00e+00 6.25e-02h  5
1222  3.5575907e-03 4.65e-02 1.85e-01 -11.0 6.78e-02    -  1.00e+00 1.00e+00w  1
1223  2.0168159e-03 4.60e-02 5.65e-02 -11.0 4.73e-02    -  1.00e+00 1.00e+00w  1
1224  3.2606642e-02 9.95e-01 1.42e+00 -11.0 2.05e-01    -  1.00e+00 1.00e+00w  1
1225  1.6093494e-03 9.38e-04 1.70e-02 -11.0 1.58e-01    -  1.00e+00 3.12e-02h  5
1226  1.6108242e-03 1.07e-03 3.97e-03 -11.0 1.90e-02    -  1.00e+00 2.50e-01h  3
1227  1.6518772e-03 7.82e-07 2.19e-02 -11.0 6.09e-03    -  1.00e+00 1.00e+00H  1
1228  1.6215445e-03 3.51e-04 1.11e-02 -11.0 9.12e-03    -  1.00e+00 5.00e-01h  2
1229  1.6090586e-03 9.00e-04 3.36e-03 -11.0 1.01e-02    -  1.00e+00 2.50e-01h  3
iter    objective    inf_pr   inf_du lg(mu)  ||d||  lg(rg) alpha_du alpha_pr  ls
1230  1.6184337e-03 1.19e-04 1.40e-02 -11.0 2.32e-03    -  1.00e+00 1.00e+00h  1
1231  1.6067557e-03 1.29e-04 5.22e-03 -11.0 1.55e-03    -  1.00e+00 1.00e+00h  1
1232  1.6054058e-03 2.24e-05 1.01e-03 -11.0 7.50e-04    -  1.00e+00 1.00e+00h  1
1233  1.6051699e-03 7.98e-06 6.24e-04 -11.0 2.74e-04    -  1.00e+00 1.00e+00h  1
1234  1.6050851e-03 2.39e-06 5.13e-04 -11.0 1.46e-04    -  1.00e+00 1.00e+00h  1
1235  1.6049282e-03 5.26e-07 5.16e-04 -11.0 2.18e-04    -  1.00e+00 1.00e+00h  1
1236  1.6085760e-03 1.26e-07 8.19e-03 -11.0 5.02e-03    -  1.00e+00 1.00e+00H  1
1237  1.6961429e-03 2.92e-07 1.47e-02 -11.0 1.09e-02    -  1.00e+00 1.00e+00H  1
1238  1.6471617e-03 1.28e-07 1.03e-02 -11.0 3.15e-03    -  1.00e+00 1.00e+00H  1
1239  1.6075701e-03 6.37e-07 8.20e-03 -11.0 5.04e-03    -  1.00e+00 1.00e+00H  1
iter    objective    inf_pr   inf_du lg(mu)  ||d||  lg(rg) alpha_du alpha_pr  ls
1240  1.6057201e-03 1.08e-06 2.52e-03 -11.0 4.16e-03    -  1.00e+00 1.00e+00H  1
1241  1.6674052e-03 2.20e-08 3.76e-03 -11.0 9.28e-03    -  1.00e+00 1.00e+00H  1
1242  1.6211637e-03 1.18e-08 1.76e-03 -11.0 3.68e-03    -  1.00e+00 1.00e+00H  1
1243  1.6044323e-03 3.81e-04 1.00e-02 -11.0 3.65e-03    -  1.00e+00 1.00e+00h  1
1244  1.6134283e-03 1.46e-04 7.26e-03 -11.0 1.81e-03    -  1.00e+00 1.00e+00h  1
1245  1.5987312e-03 7.52e-05 9.39e-04 -11.0 1.25e-03    -  1.00e+00 1.00e+00h  1
1246  1.5986058e-03 2.79e-07 2.47e-04 -11.0 1.78e-04    -  1.00e+00 1.00e+00h  1
1247  1.6047617e-03 2.01e-07 2.64e-03 -11.0 7.88e-03    -  1.00e+00 1.00e+00H  1
1248  1.6046717e-03 4.12e-07 2.61e-03 -11.0 2.35e-02    -  1.00e+00 3.91e-03h  9
1249  1.6044265e-03 5.97e-07 2.53e-03 -11.0 3.47e-02    -  1.00e+00 3.91e-03h  9
iter    objective    inf_pr   inf_du lg(mu)  ||d||  lg(rg) alpha_du alpha_pr  ls
1250  1.6042119e-03 6.00e-07 2.49e-03 -11.0 1.34e-02    -  1.00e+00 3.91e-03h  9
1251  1.6128418e-03 6.41e-08 2.11e-03 -11.0 4.67e-03    -  1.00e+00 1.00e+00H  1
1252  1.5987746e-03 5.84e-09 7.30e-04 -11.0 3.97e-03    -  1.00e+00 1.00e+00H  1
1253  1.6513292e-03 5.67e-09 4.61e-03 -11.0 2.95e-03    -  1.00e+00 1.00e+00H  1
1254  1.5957341e-03 1.92e-04 1.51e-03 -11.0 2.67e-03    -  1.00e+00 1.00e+00h  1
1255  1.5955393e-03 1.46e-06 3.29e-04 -11.0 2.47e-04    -  1.00e+00 1.00e+00h  1
1256  1.5952146e-03 2.77e-05 3.72e-03 -11.0 2.20e-02    -  1.00e+00 1.25e-01h  4
1257  1.5938807e-03 1.35e-04 9.10e-03 -11.0 4.28e-02    -  1.00e+00 1.25e-01h  4
1258  1.5926415e-03 2.39e-04 1.33e-02 -11.0 3.47e-01    -  1.00e+00 1.56e-02h  7
1259  1.5917757e-03 4.28e-04 1.75e-02 -11.0 4.42e-01    -  1.00e+00 1.56e-02h  7
iter    objective    inf_pr   inf_du lg(mu)  ||d||  lg(rg) alpha_du alpha_pr  ls
1260  1.5905127e-03 8.09e-04 1.82e-02 -11.0 2.84e-01    -  1.00e+00 3.12e-02h  6
1261  1.5888511e-03 9.96e-04 2.01e-02 -11.0 9.22e-01    -  1.00e+00 7.81e-03h  8
1262  1.5884145e-03 2.95e-03 2.38e-02 -11.0 7.53e-01    -  1.00e+00 3.12e-02h  6
1263  1.5842009e-03 4.69e-03 2.42e-02 -11.0 2.81e+00    -  1.00e+00 7.81e-03h  8
1264  1.5822726e-03 5.47e-03 2.34e-02 -11.0 3.71e+00    -  1.00e+00 3.91e-03h  9
1265  1.5809954e-03 5.75e-03 2.10e-02 -11.0 1.37e+00    -  1.00e+00 7.81e-03h  8
1266  2.2211110e-02 1.86e-01 3.52e-01 -11.0 1.66e-01    -  1.00e+00 1.00e+00w  1
1267  5.2933397e-03 9.61e-02 4.05e-01 -11.0 1.20e-01    -  1.00e+00 1.00e+00w  1
1268  2.1659384e-02 9.37e-01 2.31e+00 -11.0 1.19e-01    -  1.00e+00 1.00e+00w  1
1269  1.5818535e-03 5.65e-03 1.72e-02 -11.0 7.13e-02    -  1.00e+00 1.56e-02h  6
iter    objective    inf_pr   inf_du lg(mu)  ||d||  lg(rg) alpha_du alpha_pr  ls
1270  1.5780194e-03 4.34e-04 1.03e-02 -11.0 1.08e-02    -  1.00e+00 1.00e+00h  1
1271  1.5769005e-03 5.55e-04 7.71e-03 -11.0 3.72e-01    -  1.00e+00 1.56e-02h  7
1272  1.5765006e-03 5.94e-04 9.09e-03 -11.0 9.47e-02    -  1.00e+00 3.12e-02h  6
1273  1.5757611e-03 6.56e-04 1.05e-02 -11.0 2.39e-02    -  1.00e+00 6.25e-02h  5
1274  1.5752543e-03 8.31e-04 1.35e-02 -11.0 2.06e-02    -  1.00e+00 2.50e-01h  3
1275  1.5738578e-03 7.75e-04 1.32e-02 -11.0 2.98e-02    -  1.00e+00 6.25e-02h  5
1276  1.5713971e-03 7.97e-04 1.24e-02 -11.0 2.93e-02    -  1.00e+00 2.50e-01h  3
1277  1.5692045e-03 9.20e-04 1.50e-02 -11.0 4.93e-01    -  1.00e+00 1.56e-02h  7
1278  1.5681427e-03 1.04e-03 1.69e-02 -11.0 4.66e-01    -  1.00e+00 1.56e-02h  7
1279  1.5658979e-03 1.23e-03 1.92e-02 -11.0 6.22e-01    -  1.00e+00 1.56e-02h  7
iter    objective    inf_pr   inf_du lg(mu)  ||d||  lg(rg) alpha_du alpha_pr  ls
1280  1.5651049e-03 1.40e-03 2.17e-02 -11.0 9.38e-01    -  1.00e+00 7.81e-03h  8
1281  1.3108814e-02 2.55e+00 4.82e-01 -11.0 1.00e+00    -  1.00e+00 1.00e+00w  1
1282  9.7134502e-02 2.05e+00 1.35e+00 -11.0 3.62e-01    -  1.00e+00 1.00e+00w  1
1283  7.6475009e-02 3.13e+00 5.84e-01 -11.0 1.49e-01    -  1.00e+00 1.00e+00w  1
1284  1.5631201e-03 1.79e-03 2.65e-02 -11.0 1.76e-01    -  1.00e+00 1.56e-02h  6
1285  1.5611137e-03 1.87e-03 2.54e-02 -11.0 3.09e-01    -  1.00e+00 3.12e-02h  6
1286  1.5589542e-03 2.03e-03 2.46e-02 -11.0 3.87e-01    -  1.00e+00 3.12e-02h  6
1287  1.5583100e-03 2.59e-03 2.13e-02 -11.0 5.23e-01    -  1.00e+00 1.56e-02h  7
1288  1.5564569e-03 2.57e-03 1.86e-02 -11.0 1.99e-01    -  1.00e+00 3.12e-02h  6
1289  1.5550523e-03 2.71e-03 1.58e-02 -11.0 3.61e-01    -  1.00e+00 3.12e-02h  6
iter    objective    inf_pr   inf_du lg(mu)  ||d||  lg(rg) alpha_du alpha_pr  ls
1290  1.5548595e-03 3.11e-03 1.76e-02 -11.0 5.65e-01    -  1.00e+00 1.56e-02h  7
1291  1.5531257e-03 3.18e-03 2.27e-02 -11.0 7.33e-01    -  1.00e+00 7.81e-03h  8
1292  1.5530628e-03 3.13e-03 2.06e-02 -11.0 1.40e-01    -  1.00e+00 3.12e-02h  6
1293  1.5522751e-03 2.78e-03 1.82e-02 -11.0 2.20e-02    -  1.00e+00 1.25e-01h  4
1294  1.5898063e-03 4.76e-03 3.18e-02 -11.0 1.46e-02    -  1.00e+00 1.00e+00w  1
1295  1.7659462e-03 1.62e-02 2.33e-02 -11.0 2.38e-02    -  1.00e+00 1.00e+00w  1
1296  2.2178722e-03 2.45e-02 2.00e-01 -11.0 1.11e-01    -  1.00e+00 1.00e+00w  1
1297  1.5540969e-03 2.59e-03 1.45e-02 -11.0 7.23e-01    -  1.00e+00 5.00e-01h  1
1298  1.5524024e-03 2.62e-03 1.24e-02 -11.0 1.45e-01    -  1.00e+00 1.56e-02h  7
1299  1.5466845e-03 2.34e-03 7.14e-03 -11.0 4.53e-02    -  1.00e+00 2.50e-01h  3
iter    objective    inf_pr   inf_du lg(mu)  ||d||  lg(rg) alpha_du alpha_pr  ls
1300  1.5431254e-03 2.54e-03 7.97e-03 -11.0 7.08e-02    -  1.00e+00 3.12e-02h  6
1301  1.5979837e-03 3.43e-07 7.50e-03 -11.0 1.92e-02    -  1.00e+00 1.00e+00H  1
1302  1.5829079e-03 3.71e-04 1.68e-02 -11.0 9.50e-02    -  1.00e+00 1.25e-01h  4
1303  1.5637404e-03 6.01e-04 1.93e-02 -11.0 4.22e-01    -  1.00e+00 1.56e-02h  7
1304  1.5444736e-03 1.32e-03 2.12e-02 -11.0 1.78e-01    -  1.00e+00 6.25e-02h  5
1305  1.5422054e-03 1.76e-03 1.72e-02 -11.0 1.20e-01    -  1.00e+00 6.25e-02h  5
1306  1.5428245e-03 1.60e-03 2.23e-02 -11.0 2.46e-02    -  1.00e+00 2.50e-01h  3
1307  1.5400842e-03 1.69e-03 2.60e-02 -11.0 2.43e-02    -  1.00e+00 2.50e-01h  3
1308  1.5333581e-03 2.11e-03 3.38e-02 -11.0 9.83e-02    -  1.00e+00 1.25e-01h  4
1309  1.5307934e-03 2.20e-03 3.40e-02 -11.0 4.08e-01    -  1.00e+00 1.56e-02h  7
iter    objective    inf_pr   inf_du lg(mu)  ||d||  lg(rg) alpha_du alpha_pr  ls
1310  1.5295386e-03 2.36e-03 2.98e-02 -11.0 2.62e-01    -  1.00e+00 3.12e-02h  6
1311  1.5289827e-03 2.39e-03 2.93e-02 -11.0 1.83e-01    -  1.00e+00 1.56e-02h  7
1312  1.9545389e-03 4.08e-02 4.62e-02 -11.0 1.20e-01    -  1.00e+00 1.00e+00w  1
1313  2.6760313e-02 9.93e-01 6.60e-01 -11.0 2.94e-01    -  1.00e+00 1.00e+00w  1
1314  9.0153631e-03 7.35e-01 1.89e-01 -11.0 1.44e-01    -  1.00e+00 1.00e+00w  1
1315  1.5284404e-03 2.39e-03 2.90e-02 -11.0 1.10e-01    -  1.00e+00 6.25e-02h  4
1316  1.5275453e-03 2.37e-03 2.87e-02 -11.0 1.27e-01    -  1.00e+00 1.56e-02h  7
1317  1.5295742e-03 2.26e-03 2.69e-02 -11.0 1.08e-02    -  1.00e+00 1.25e-01h  4
1318  1.5256631e-03 5.97e-04 5.18e-03 -11.0 1.29e-03    -  1.00e+00 1.00e+00h  1
1319  1.5254337e-03 1.17e-04 3.25e-03 -11.0 6.31e-04    -  1.00e+00 1.00e+00h  1
iter    objective    inf_pr   inf_du lg(mu)  ||d||  lg(rg) alpha_du alpha_pr  ls
1320  1.5248856e-03 1.89e-05 1.21e-03 -11.0 9.08e-04    -  1.00e+00 1.00e+00h  1
1321  1.5280705e-03 3.05e-07 3.97e-03 -11.0 6.30e-03    -  1.00e+00 1.00e+00H  1
1322  1.5276184e-03 3.43e-06 3.56e-03 -11.0 3.27e-02    -  1.00e+00 3.12e-02h  6
1323  1.5273040e-03 4.32e-06 3.54e-03 -11.0 1.26e-01    -  1.00e+00 3.91e-03h  9
1324  1.5269933e-03 4.75e-06 3.38e-03 -11.0 4.69e-01    -  1.00e+00 9.77e-04h 11
1325  1.5268149e-03 4.91e-06 3.26e-03 -11.0 4.46e-01    -  1.00e+00 4.88e-04h 12
1326  1.5265142e-03 5.08e-06 3.53e-03 -11.0 7.66e-02    -  1.00e+00 3.91e-03h  9
1327  1.5253280e-03 5.12e-05 5.12e-03 -11.0 7.29e-02    -  1.00e+00 6.25e-02h  5
1328  1.5230826e-03 5.22e-04 7.25e-03 -11.0 4.75e-01    -  1.00e+00 3.12e-02h  6
1329  1.5211994e-03 1.30e-03 1.53e-02 -11.0 4.96e+00    -  1.00e+00 3.91e-03h  9
iter    objective    inf_pr   inf_du lg(mu)  ||d||  lg(rg) alpha_du alpha_pr  ls
1330  1.5204062e-03 1.42e-03 1.18e-02 -11.0 3.43e+00    -  1.00e+00 1.95e-03h 10
1331  1.5208135e-03 1.39e-03 1.23e-02 -11.0 3.44e-02    -  1.00e+00 1.56e-02h  7
1332  1.5182456e-03 1.82e-04 8.09e-03 -11.0 8.41e-03    -  1.00e+00 1.00e+00h  1
1333  1.5181216e-03 1.83e-04 8.54e-03 -11.0 1.20e-01    -  1.00e+00 7.81e-03h  8
1334  1.5191668e-03 1.33e-04 3.95e-03 -11.0 2.85e-03    -  1.00e+00 1.00e+00h  1
1335  1.5576289e-03 3.02e-06 3.20e-02 -11.0 1.31e-02    -  1.00e+00 1.00e+00H  1
1336  1.5920477e-03 3.26e-08 4.84e-02 -11.0 4.28e-03    -  1.00e+00 1.00e+00H  1
1337  1.5174455e-03 1.73e-03 1.15e-02 -11.0 1.27e-02    -  1.00e+00 1.00e+00h  1
1338  1.5168934e-03 1.63e-03 1.81e-02 -11.0 5.34e-03    -  1.00e+00 6.25e-02h  5
1339  1.5165914e-03 2.78e-05 1.48e-03 -11.0 1.46e-03    -  1.00e+00 1.00e+00h  1
iter    objective    inf_pr   inf_du lg(mu)  ||d||  lg(rg) alpha_du alpha_pr  ls
1340  1.5248660e-03 1.46e-06 6.88e-03 -11.0 4.04e-03    -  1.00e+00 1.00e+00H  1
1341  1.5190314e-03 6.19e-07 3.95e-03 -11.0 1.73e-03    -  1.00e+00 1.00e+00H  1
1342  1.5161525e-03 7.81e-05 4.85e-03 -11.0 2.73e-03    -  1.00e+00 1.00e+00h  1
1343  1.5569130e-03 4.46e-08 4.98e-02 -11.0 3.50e-03    -  1.00e+00 1.00e+00H  1
1344  1.5155661e-03 4.55e-04 3.41e-03 -11.0 3.40e-03    -  1.00e+00 1.00e+00h  1
1345  1.5153729e-03 1.07e-05 5.58e-03 -11.0 9.08e-04    -  1.00e+00 1.00e+00h  1
1346  1.5157239e-03 1.62e-07 6.38e-03 -11.0 3.43e-03    -  1.00e+00 1.00e+00H  1
1347  1.5149650e-03 5.15e-05 1.73e-03 -11.0 5.41e-02    -  1.00e+00 6.25e-02h  5
1348  1.5141147e-03 1.99e-04 5.93e-03 -11.0 3.73e-01    -  1.00e+00 1.56e-02h  7
1349  1.5139010e-03 2.27e-04 4.77e-03 -11.0 2.79e-01    -  1.00e+00 7.81e-03h  8
iter    objective    inf_pr   inf_du lg(mu)  ||d||  lg(rg) alpha_du alpha_pr  ls
1350  1.5134166e-03 2.51e-04 4.17e-03 -11.0 5.41e-02    -  1.00e+00 6.25e-02h  5
1351  1.5132074e-03 2.51e-04 4.38e-03 -11.0 7.37e-02    -  1.00e+00 1.56e-02h  7
1352  1.5118150e-03 1.48e-02 2.36e-02 -11.0 5.16e-01    -  1.00e+00 1.25e-01h  4
1353  1.5111519e-03 1.49e-02 2.50e-02 -11.0 1.18e+01    -  1.00e+00 4.88e-04h 12
1354  1.5103448e-03 1.48e-02 2.86e-02 -11.0 4.09e-01    -  1.00e+00 1.56e-02h  7
1355  1.5096044e-03 1.51e-02 4.15e-02 -11.0 1.24e+00    -  1.00e+00 7.81e-03h  8
1356  1.5094616e-03 1.57e-02 4.37e-02 -11.0 6.61e-01    -  1.00e+00 3.12e-02h  6
1357  1.8415489e-01 1.19e+01 2.66e+00 -11.0 3.22e+00    -  1.00e+00 1.00e+00w  1
1358  2.2983954e+00 7.68e+00 3.74e+00 -11.0 8.70e-01    -  1.00e+00 1.00e+00w  1
1359  2.2811291e+00 2.19e+01 1.15e+01 -11.0 6.81e-01    -  1.00e+00 1.00e+00w  1
iter    objective    inf_pr   inf_du lg(mu)  ||d||  lg(rg) alpha_du alpha_pr  ls
1360  1.5088509e-03 1.61e-02 5.21e-02 -11.0 1.09e+00    -  1.00e+00 3.91e-03h  8
1361  1.5062350e-03 1.56e-02 5.30e-02 -11.0 4.26e-02    -  1.00e+00 3.12e-02h  6
1362  1.5066655e-03 8.09e-03 2.42e-02 -11.0 5.28e-03    -  1.00e+00 5.00e-01h  2
1363  1.5069059e-03 6.11e-03 1.30e-02 -11.0 7.00e-03    -  1.00e+00 2.50e-01h  3
1364  1.5087955e-03 4.54e-04 1.81e-02 -11.0 2.14e-03    -  1.00e+00 1.00e+00h  1
1365  1.5145844e-03 3.42e-04 1.45e-02 -11.0 3.04e-03    -  1.00e+00 1.00e+00h  1
1366  1.5143818e-03 2.51e-04 1.36e-02 -11.0 1.69e-03    -  1.00e+00 1.00e+00h  1
1367  1.5043142e-03 1.01e-04 2.78e-03 -11.0 1.21e-03    -  1.00e+00 1.00e+00h  1
1368  1.5019997e-03 1.91e-05 3.47e-03 -11.0 3.83e-04    -  1.00e+00 1.00e+00h  1
1369  1.5016101e-03 2.20e-06 1.17e-03 -11.0 3.63e-04    -  1.00e+00 1.00e+00h  1
iter    objective    inf_pr   inf_du lg(mu)  ||d||  lg(rg) alpha_du alpha_pr  ls
1370  1.5137658e-03 3.18e-06 1.82e-02 -11.0 3.61e-03    -  1.00e+00 1.00e+00H  1
1371  1.5033414e-03 5.41e-06 1.42e-02 -11.0 1.64e-03    -  1.00e+00 1.00e+00H  1
1372  1.5025947e-03 8.76e-07 1.35e-02 -11.0 1.63e-03    -  1.00e+00 1.00e+00H  1
1373  1.4991069e-03 9.33e-05 9.06e-03 -11.0 6.32e-04    -  1.00e+00 1.00e+00h  1
1374  1.4975902e-03 2.78e-05 3.36e-03 -11.0 8.22e-04    -  1.00e+00 1.00e+00h  1
1375  1.4982087e-03 1.44e-07 9.45e-03 -11.0 1.63e-03    -  1.00e+00 1.00e+00H  1
1376  1.5186109e-03 1.36e-08 1.89e-03 -11.0 9.42e-03    -  1.00e+00 1.00e+00H  1
1377  1.5185230e-03 2.42e-08 1.90e-03 -11.0 3.60e-02    -  1.00e+00 9.77e-04h 11
1378  1.5180896e-03 1.23e-07 1.88e-03 -11.0 1.10e-02    -  1.00e+00 3.91e-03h  9
1379  1.5008673e-03 2.68e-08 1.82e-02 -11.0 3.92e-03    -  1.00e+00 1.00e+00H  1
iter    objective    inf_pr   inf_du lg(mu)  ||d||  lg(rg) alpha_du alpha_pr  ls
1380  1.4973999e-03 1.09e-04 1.11e-02 -11.0 4.15e-03    -  1.00e+00 2.50e-01h  3
1381  1.5000122e-03 7.30e-08 1.34e-03 -11.0 2.01e-03    -  1.00e+00 1.00e+00H  1
1382  1.4947809e-03 8.72e-05 5.98e-03 -11.0 1.02e-03    -  1.00e+00 1.00e+00h  1
1383  1.4944320e-03 8.54e-06 3.22e-03 -11.0 4.54e-04    -  1.00e+00 1.00e+00h  1
1384  1.4943559e-03 1.70e-06 6.13e-04 -11.0 1.37e-04    -  1.00e+00 1.00e+00h  1
1385  1.4943249e-03 1.45e-06 2.83e-04 -11.0 4.37e-05    -  1.00e+00 1.00e+00h  1
1386  1.4942971e-03 1.00e-07 5.65e-04 -11.0 6.32e-05    -  1.00e+00 1.00e+00h  1
1387  1.4956459e-03 5.67e-08 1.16e-03 -11.0 1.68e-03    -  1.00e+00 1.00e+00H  1
1388  1.4946615e-03 1.30e-07 3.63e-03 -11.0 7.08e-04    -  1.00e+00 1.00e+00H  1
1389  1.4937064e-03 6.40e-06 3.87e-03 -11.0 3.06e-04    -  1.00e+00 1.00e+00h  1
iter    objective    inf_pr   inf_du lg(mu)  ||d||  lg(rg) alpha_du alpha_pr  ls
1390  1.4934613e-03 1.94e-06 2.22e-03 -11.0 4.55e-04    -  1.00e+00 1.00e+00h  1
1391  1.4977715e-03 1.74e-09 1.54e-03 -11.0 8.25e-03    -  1.00e+00 1.00e+00H  1
1392  1.4977600e-03 2.49e-09 1.54e-03 -11.0 1.02e-01    -  1.00e+00 2.44e-04h 13
1393  1.4977433e-03 4.85e-09 1.54e-03 -11.0 9.94e-02    -  1.00e+00 2.44e-04h 13
1394  1.4977103e-03 9.43e-09 1.54e-03 -11.0 7.07e-02    -  1.00e+00 4.88e-04h 12
1395  1.4976998e-03 9.69e-09 1.54e-03 -11.0 1.17e-01    -  1.00e+00 6.10e-05h 15
1396  1.4957895e-03 1.43e-04 1.43e-02 -11.0 1.13e-01    -  1.00e+00 6.25e-02h  5
1397  1.4955284e-03 2.15e-04 2.74e-02 -11.0 1.66e-01    -  1.00e+00 3.12e-02h  6
1398  1.4945106e-03 2.46e-04 1.68e-02 -11.0 5.15e-02    -  1.00e+00 6.25e-02h  5
1399  1.4935818e-03 2.41e-04 1.00e-02 -11.0 1.80e-02    -  1.00e+00 6.25e-02h  5
iter    objective    inf_pr   inf_du lg(mu)  ||d||  lg(rg) alpha_du alpha_pr  ls
1400  1.4909492e-03 2.63e-04 3.09e-03 -11.0 8.08e-03    -  1.00e+00 5.00e-01h  2
1401  1.4894788e-03 3.52e-04 1.21e-02 -11.0 6.43e-02    -  1.00e+00 6.25e-02h  5
1402  2.7761573e-03 1.17e-01 1.74e-01 -11.0 2.31e-02    -  1.00e+00 1.00e+00w  1
1403  1.6045631e-03 8.54e-02 3.67e-02 -11.0 1.89e-02    -  1.00e+00 1.00e+00w  1
1404  1.9670515e-03 9.69e-02 1.75e-01 -11.0 1.33e-02    -  1.00e+00 1.00e+00w  1
1405  1.4893865e-03 3.54e-04 1.15e-02 -11.0 1.10e-02    -  1.00e+00 3.12e-02h  5
1406  1.4885518e-03 4.88e-05 1.49e-03 -11.0 2.24e-03    -  1.00e+00 1.00e+00h  1
1407  1.4885017e-03 5.84e-05 2.78e-03 -11.0 3.98e-03    -  1.00e+00 6.25e-02h  5
1408  1.4882217e-03 2.28e-06 1.03e-03 -11.0 4.13e-04    -  1.00e+00 1.00e+00h  1
1409  1.4933136e-03 2.51e-06 8.95e-03 -11.0 2.21e-03    -  1.00e+00 1.00e+00H  1
iter    objective    inf_pr   inf_du lg(mu)  ||d||  lg(rg) alpha_du alpha_pr  ls
1410  1.4885496e-03 1.14e-06 6.60e-03 -11.0 8.19e-04    -  1.00e+00 1.00e+00H  1
1411  1.4877040e-03 7.38e-05 3.04e-03 -11.0 5.56e-04    -  1.00e+00 1.00e+00h  1
1412  1.4876118e-03 2.55e-06 2.80e-03 -11.0 4.44e-04    -  1.00e+00 1.00e+00h  1
1413  1.4874086e-03 1.16e-05 1.21e-03 -11.0 5.41e-04    -  1.00e+00 1.00e+00h  1
1414  1.4892487e-03 2.46e-07 4.63e-03 -11.0 1.71e-03    -  1.00e+00 1.00e+00H  1
1415  1.4879967e-03 1.25e-06 4.40e-03 -11.0 1.14e-03    -  1.00e+00 1.00e+00H  1
1416  1.4871279e-03 6.94e-05 5.35e-03 -11.0 8.11e-04    -  1.00e+00 1.00e+00h  1
1417  1.4861420e-03 1.91e-05 7.04e-04 -11.0 8.08e-04    -  1.00e+00 1.00e+00h  1
1418  1.4876756e-03 2.78e-07 5.23e-03 -11.0 3.35e-03    -  1.00e+00 1.00e+00H  1
1419  1.4873020e-03 2.55e-06 6.95e-03 -11.0 2.59e-02    -  1.00e+00 3.12e-02h  6
iter    objective    inf_pr   inf_du lg(mu)  ||d||  lg(rg) alpha_du alpha_pr  ls
1420  1.4870259e-03 4.44e-06 7.79e-03 -11.0 3.20e-01    -  1.00e+00 1.95e-03h 10
1421  1.4868722e-03 4.91e-06 7.69e-03 -11.0 1.75e-01    -  1.00e+00 1.95e-03h 10
1422  1.4867780e-03 5.03e-06 7.77e-03 -11.0 1.84e-01    -  1.00e+00 9.77e-04h 11
1423  1.4860325e-03 5.10e-05 3.20e-03 -11.0 2.36e-02    -  1.00e+00 1.25e-01h  4
1424  1.4857787e-03 1.88e-04 6.62e-03 -11.0 1.04e-01    -  1.00e+00 6.25e-02h  5
1425  1.4849765e-03 2.18e-04 1.12e-02 -11.0 6.18e-02    -  1.00e+00 3.12e-02h  6
1426  1.4840687e-03 3.14e-04 7.37e-03 -11.0 2.03e-02    -  1.00e+00 2.50e-01h  3
1427  1.4834378e-03 1.01e-03 9.54e-03 -11.0 4.22e-01    -  1.00e+00 3.12e-02h  6
1428  1.4829082e-03 1.06e-03 1.28e-02 -11.0 1.05e+00    -  1.00e+00 3.91e-03h  9
1429  3.0430043e-03 1.95e-02 2.37e-01 -11.0 8.56e-02    -  1.00e+00 1.00e+00w  1
iter    objective    inf_pr   inf_du lg(mu)  ||d||  lg(rg) alpha_du alpha_pr  ls
1430  1.7035518e-03 1.28e-02 6.56e-02 -11.0 7.77e-02    -  1.00e+00 1.00e+00w  1
1431  7.6051962e-02 1.39e+00 2.48e+00 -11.0 2.03e-01    -  1.00e+00 1.00e+00w  1
1432  1.4826736e-03 1.04e-03 1.97e-02 -11.0 7.05e-02    -  1.00e+00 3.12e-02h  5
1433  1.4825453e-03 5.20e-05 5.61e-03 -11.0 1.50e-02    -  1.00e+00 1.00e+00H  1
1434  1.4819371e-03 1.52e-04 5.46e-03 -11.0 1.37e+00    -  1.00e+00 3.91e-03h  9
1435  1.4818760e-03 1.88e-04 8.48e-03 -11.0 2.11e-01    -  1.00e+00 1.56e-02h  7
1436  1.4817222e-03 1.86e-04 7.11e-03 -11.0 2.79e-02    -  1.00e+00 3.12e-02h  6
1437  1.4815507e-03 1.39e-03 8.48e-03 -11.0 3.08e-02    -  1.00e+00 5.00e-01h  2
1438  1.4808374e-03 1.51e-03 6.79e-03 -11.0 1.39e+00    -  1.00e+00 3.91e-03h  9
1439  1.4803037e-03 1.54e-03 6.64e-03 -11.0 2.56e-01    -  1.00e+00 1.56e-02h  7
iter    objective    inf_pr   inf_du lg(mu)  ||d||  lg(rg) alpha_du alpha_pr  ls
1440  1.4796840e-03 2.24e-03 1.19e-02 -11.0 4.55e-01    -  1.00e+00 3.12e-02h  6
1441  1.4794712e-03 2.69e-03 2.25e-02 -11.0 2.76e+00    -  1.00e+00 3.91e-03h  9
1442  1.4792491e-03 2.98e-03 2.53e-02 -11.0 1.15e+00    -  1.00e+00 7.81e-03h  8
1443  1.4786431e-03 3.15e-03 3.71e-02 -11.0 9.99e-01    -  1.00e+00 7.81e-03h  8
1444  7.6735677e-02 1.76e+00 8.22e-01 -11.0 4.28e-01    -  1.00e+00 1.00e+00w  1
1445  5.8640862e-02 1.09e+00 1.26e+00 -11.0 2.58e-01    -  1.00e+00 1.00e+00w  1
1446  2.6005934e-01 4.56e+00 5.17e+00 -11.0 3.96e-01    -  1.00e+00 1.00e+00w  1
1447  1.4775010e-03 3.14e-03 4.15e-02 -11.0 3.02e-01    -  1.00e+00 3.91e-03h  8
1448  1.4778942e-03 7.79e-04 1.44e-02 -11.0 1.28e-02    -  1.00e+00 1.00e+00h  1
1449  1.4774715e-03 8.09e-04 1.63e-02 -11.0 3.89e-01    -  1.00e+00 7.81e-03h  8
iter    objective    inf_pr   inf_du lg(mu)  ||d||  lg(rg) alpha_du alpha_pr  ls
1450  1.4773809e-03 7.69e-04 2.19e-02 -11.0 2.66e-02    -  1.00e+00 6.25e-02h  5
1451  1.4792692e-03 4.65e-04 2.09e-02 -11.0 9.39e-03    -  1.00e+00 5.00e-01h  2
1452  1.4792121e-03 4.07e-04 1.73e-02 -11.0 1.01e-02    -  1.00e+00 2.50e-01h  3
1453  1.4932804e-03 6.11e-08 3.07e-02 -11.0 7.31e-03    -  1.00e+00 1.00e+00H  1
1454  1.4931309e-03 5.68e-08 3.07e-02 -11.0 2.92e-02    -  1.00e+00 1.95e-03h 10
1455  1.4929867e-03 2.60e-08 3.06e-02 -11.0 3.74e-02    -  1.00e+00 9.77e-04h 11
1456  1.4849045e-03 1.22e-04 1.58e-02 -11.0 1.74e-02    -  1.00e+00 1.25e-01h  4
1457  1.4816022e-03 1.99e-04 1.41e-02 -11.0 1.27e-02    -  1.00e+00 2.50e-01h  3
1458  1.4771547e-03 2.06e-04 2.13e-02 -11.0 8.93e-03    -  1.00e+00 2.50e-01h  3
1459  1.5078820e-03 1.29e-09 2.98e-03 -11.0 2.69e-03    -  1.00e+00 1.00e+00H  1
iter    objective    inf_pr   inf_du lg(mu)  ||d||  lg(rg) alpha_du alpha_pr  ls
1460  1.4731117e-03 2.41e-04 4.56e-03 -11.0 2.13e-03    -  1.00e+00 1.00e+00h  1
1461  1.4729393e-03 2.84e-05 2.61e-03 -11.0 2.94e-04    -  1.00e+00 1.00e+00h  1
1462  1.4727265e-03 7.46e-07 9.60e-04 -11.0 1.59e-04    -  1.00e+00 1.00e+00h  1
1463  1.4726896e-03 1.02e-07 2.28e-04 -11.0 9.79e-05    -  1.00e+00 1.00e+00h  1
1464  1.4724834e-03 1.64e-05 3.93e-03 -11.0 1.49e-03    -  1.00e+00 1.00e+00h  1
1465  1.4720532e-03 4.29e-05 1.16e-02 -11.0 4.41e-02    -  1.00e+00 6.25e-02h  5
1466  1.4718587e-03 4.33e-05 1.34e-02 -11.0 3.72e-02    -  1.00e+00 3.12e-02h  6
1467  1.4715607e-03 5.28e-05 1.63e-02 -11.0 5.64e-02    -  1.00e+00 3.12e-02h  6
1468  1.4712329e-03 1.57e-04 1.19e-02 -11.0 2.48e-02    -  1.00e+00 1.25e-01h  4
1469  1.4709520e-03 1.69e-04 1.29e-02 -11.0 1.20e-01    -  1.00e+00 1.56e-02h  7
iter    objective    inf_pr   inf_du lg(mu)  ||d||  lg(rg) alpha_du alpha_pr  ls
1470  1.4705117e-03 1.84e-04 1.56e-02 -11.0 9.76e-02    -  1.00e+00 3.12e-02h  6
1471  1.4709276e-03 1.80e-04 4.45e-03 -11.0 1.19e-02    -  1.00e+00 1.25e-01h  4
1472  1.4708190e-03 1.07e-04 6.58e-03 -11.0 3.11e-03    -  1.00e+00 5.00e-01h  2
1473  1.4713335e-03 6.13e-05 6.30e-03 -11.0 2.45e-03    -  1.00e+00 5.00e-01h  2
1474  1.4699974e-03 5.98e-05 3.51e-03 -11.0 1.52e-03    -  1.00e+00 1.00e+00h  1
1475  1.4862115e-03 6.12e-08 1.67e-03 -11.0 2.31e-03    -  1.00e+00 1.00e+00H  1
1476  1.4694259e-03 1.29e-04 7.13e-03 -11.0 2.26e-03    -  1.00e+00 1.00e+00h  1
1477  1.4693664e-03 9.92e-06 6.09e-04 -11.0 1.68e-04    -  1.00e+00 1.00e+00h  1
1478  1.4692576e-03 8.51e-07 2.46e-04 -11.0 1.88e-04    -  1.00e+00 1.00e+00h  1
1479  1.4691952e-03 1.88e-05 4.94e-03 -11.0 1.01e-03    -  1.00e+00 1.00e+00h  1
iter    objective    inf_pr   inf_du lg(mu)  ||d||  lg(rg) alpha_du alpha_pr  ls
1480  1.4748926e-03 6.36e-09 1.08e-03 -11.0 2.30e-03    -  1.00e+00 1.00e+00H  1
1481  1.4688479e-03 2.69e-04 4.18e-03 -11.0 1.23e-03    -  1.00e+00 1.00e+00h  1
1482  1.4685567e-03 1.57e-04 1.50e-03 -11.0 6.29e-04    -  1.00e+00 5.00e-01h  2
1483  1.4683752e-03 1.12e-05 3.57e-04 -11.0 3.68e-04    -  1.00e+00 1.00e+00h  1
1484  1.4683193e-03 5.49e-06 2.33e-03 -11.0 7.49e-04    -  1.00e+00 1.00e+00h  1
1485  1.4682100e-03 1.63e-05 4.64e-03 -11.0 1.36e-02    -  1.00e+00 6.25e-02h  5
1486  1.4681133e-03 2.11e-05 6.12e-03 -11.0 1.42e-02    -  1.00e+00 6.25e-02h  5
1487  1.4797680e-03 5.07e-09 1.08e-03 -11.0 6.24e-03    -  1.00e+00 1.00e+00H  1
1488  1.4954733e-03 2.70e-09 2.70e-03 -11.0 1.97e-03    -  1.00e+00 1.00e+00H  1
1489  1.4679638e-03 3.18e-04 5.76e-03 -11.0 5.08e-03    -  1.00e+00 1.00e+00h  1
iter    objective    inf_pr   inf_du lg(mu)  ||d||  lg(rg) alpha_du alpha_pr  ls
1490  1.4680199e-03 2.54e-04 8.62e-03 -11.0 1.42e-03    -  1.00e+00 2.50e-01h  3
1491  1.4677336e-03 4.10e-06 7.75e-04 -11.0 4.22e-04    -  1.00e+00 1.00e+00h  1
1492  1.4681173e-03 1.54e-08 2.46e-04 -11.0 3.88e-04    -  1.00e+00 1.00e+00H  1
1493  1.4676137e-03 9.23e-06 5.23e-04 -11.0 2.84e-04    -  1.00e+00 1.00e+00h  1
1494  1.4675646e-03 2.06e-07 5.10e-04 -11.0 1.02e-04    -  1.00e+00 1.00e+00h  1
1495  1.4674084e-03 5.91e-05 4.21e-03 -11.0 2.06e-03    -  1.00e+00 1.00e+00h  1
1496  1.4673393e-03 6.87e-05 6.19e-03 -11.0 2.75e-02    -  1.00e+00 3.12e-02h  6
1497  1.4770446e-03 1.96e-09 2.01e-03 -11.0 6.25e-03    -  1.00e+00 1.00e+00H  1
1498  1.4770104e-03 1.04e-08 2.01e-03 -11.0 2.33e-02    -  1.00e+00 9.77e-04h 11
1499  1.4769696e-03 1.23e-08 2.01e-03 -11.0 6.57e-02    -  1.00e+00 2.44e-04h 13
iter    objective    inf_pr   inf_du lg(mu)  ||d||  lg(rg) alpha_du alpha_pr  ls
1500  1.4769437e-03 1.31e-08 2.01e-03 -11.0 6.48e-03    -  1.00e+00 4.88e-04h 12
1501  1.4688716e-03 3.29e-09 1.06e-03 -11.0 3.93e-03    -  1.00e+00 1.00e+00H  1
1502  1.4876663e-03 1.40e-10 2.78e-03 -11.0 2.09e-03    -  1.00e+00 1.00e+00H  1
1503  1.4650249e-03 8.42e-05 4.47e-03 -11.0 1.57e-03    -  1.00e+00 1.00e+00h  1
1504  1.4650673e-03 1.72e-06 1.03e-03 -11.0 1.93e-04    -  1.00e+00 1.00e+00h  1
1505  1.4649076e-03 2.19e-06 1.52e-03 -11.0 5.46e-04    -  1.00e+00 1.00e+00h  1
1506  1.4647509e-03 3.85e-06 3.39e-03 -11.0 1.35e-02    -  1.00e+00 6.25e-02h  5
1507  1.4646527e-03 1.58e-05 5.67e-03 -11.0 1.46e-02    -  1.00e+00 1.25e-01h  4
1508  1.4645369e-03 1.67e-05 7.98e-03 -11.0 1.38e-02    -  1.00e+00 6.25e-02h  5
1509  1.4739784e-03 8.22e-10 1.37e-03 -11.0 8.15e-03    -  1.00e+00 1.00e+00H  1
iter    objective    inf_pr   inf_du lg(mu)  ||d||  lg(rg) alpha_du alpha_pr  ls
1510  1.4739631e-03 2.54e-09 1.37e-03 -11.0 2.26e-02    -  1.00e+00 4.88e-04h 12
1511  1.4739539e-03 2.58e-09 1.37e-03 -11.0 3.97e-02    -  1.00e+00 1.22e-04h 14
1512  1.4739423e-03 2.64e-09 1.37e-03 -11.0 2.68e-02    -  1.00e+00 6.10e-05h 15
1513  1.4668789e-03 1.11e-06 3.81e-03 -11.0 6.81e-03    -  1.00e+00 1.00e+00H  1
1514  1.4643676e-03 3.69e-05 4.04e-03 -11.0 3.21e-02    -  1.00e+00 6.25e-02h  5
1515  1.4866838e-03 2.55e-10 2.38e-03 -11.0 2.15e-03    -  1.00e+00 1.00e+00H  1
1516  1.4619112e-03 2.44e-04 4.68e-03 -11.0 2.73e-03    -  1.00e+00 1.00e+00h  1
1517  1.4619739e-03 8.63e-06 5.23e-03 -11.0 3.42e-04    -  1.00e+00 1.00e+00h  1
1518  1.4616425e-03 6.55e-06 6.04e-04 -11.0 2.65e-04    -  1.00e+00 1.00e+00h  1
1519  1.4616109e-03 1.66e-07 3.92e-04 -11.0 1.46e-04    -  1.00e+00 1.00e+00h  1
iter    objective    inf_pr   inf_du lg(mu)  ||d||  lg(rg) alpha_du alpha_pr  ls
1520  1.4614560e-03 5.62e-05 4.03e-03 -11.0 4.16e-03    -  1.00e+00 1.00e+00h  1
1521  1.4612622e-03 6.52e-05 4.67e-03 -11.0 2.11e-01    -  1.00e+00 7.81e-03h  8
1522  1.4611320e-03 6.66e-05 5.21e-03 -11.0 3.75e-02    -  1.00e+00 3.12e-02h  6
1523  1.4607090e-03 9.06e-05 1.03e-02 -11.0 5.30e-02    -  1.00e+00 6.25e-02h  5
1524  1.4605840e-03 9.38e-05 1.27e-02 -11.0 1.68e-01    -  1.00e+00 7.81e-03h  8
1525  1.4603076e-03 4.09e-04 2.22e-02 -11.0 3.25e-01    -  1.00e+00 3.12e-02h  6
1526  1.4601348e-03 4.52e-04 2.40e-02 -11.0 4.66e-01    -  1.00e+00 7.81e-03h  8
1527  1.4596532e-03 4.40e-04 2.05e-02 -11.0 4.34e-02    -  1.00e+00 3.12e-02h  6
1528  1.4593809e-03 3.45e-04 1.85e-02 -11.0 9.42e-03    -  1.00e+00 2.50e-01h  3
1529  1.4590260e-03 3.52e-04 1.95e-02 -11.0 4.83e-02    -  1.00e+00 6.25e-02h  5
iter    objective    inf_pr   inf_du lg(mu)  ||d||  lg(rg) alpha_du alpha_pr  ls
1530  1.4587220e-03 3.64e-04 1.93e-02 -11.0 1.59e-01    -  1.00e+00 1.56e-02h  7
1531  1.6360647e-03 9.31e-03 7.99e-02 -11.0 3.92e-02    -  1.00e+00 1.00e+00w  1
1532  2.5762166e-03 2.11e-02 1.48e-01 -11.0 3.79e-02    -  1.00e+00 1.00e+00w  1
1533  2.6406462e-03 1.06e-01 2.20e-01 -11.0 5.70e-02    -  1.00e+00 1.00e+00w  1
1534  1.4580333e-03 3.77e-04 1.20e-02 -11.0 2.87e-01    -  1.00e+00 6.25e-02h  4
1535  1.4574417e-03 8.24e-05 3.39e-03 -11.0 2.69e-03    -  1.00e+00 1.00e+00h  1
1536  1.4571498e-03 8.62e-05 4.44e-03 -11.0 1.39e-02    -  1.00e+00 6.25e-02h  5
1537  1.4582843e-03 1.61e-06 6.49e-03 -11.0 3.29e-03    -  1.00e+00 1.00e+00H  1
1538  1.4577569e-03 9.17e-06 5.88e-03 -11.0 8.27e-03    -  1.00e+00 1.25e-01h  4
1539  1.4574853e-03 4.05e-05 4.38e-03 -11.0 4.62e-03    -  1.00e+00 2.50e-01h  3
iter    objective    inf_pr   inf_du lg(mu)  ||d||  lg(rg) alpha_du alpha_pr  ls
1540  1.4562336e-03 1.36e-04 2.08e-03 -11.0 1.27e-03    -  1.00e+00 1.00e+00h  1
1541  1.4594880e-03 1.14e-07 7.24e-03 -11.0 2.28e-03    -  1.00e+00 1.00e+00H  1
1542  1.4603959e-03 7.04e-08 9.21e-03 -11.0 2.64e-03    -  1.00e+00 1.00e+00H  1
1543  1.4602124e-03 8.62e-08 9.04e-03 -11.0 7.99e-03    -  1.00e+00 7.81e-03h  8
1544  1.4600656e-03 1.00e-07 8.85e-03 -11.0 5.60e-03    -  1.00e+00 7.81e-03h  8
1545  1.4710190e-03 7.30e-08 1.10e-02 -11.0 6.09e-03    -  1.00e+00 1.00e+00H  1
1546  1.4706773e-03 7.36e-08 1.10e-02 -11.0 2.50e-03    -  1.00e+00 7.81e-03h  8
1547  1.4554919e-03 2.18e-04 4.87e-03 -11.0 2.73e-03    -  1.00e+00 1.00e+00h  1
1548  1.4562222e-03 1.14e-04 2.07e-03 -11.0 8.33e-04    -  1.00e+00 5.00e-01h  2
1549  1.4551587e-03 7.29e-06 3.86e-04 -11.0 2.29e-04    -  1.00e+00 1.00e+00h  1
iter    objective    inf_pr   inf_du lg(mu)  ||d||  lg(rg) alpha_du alpha_pr  ls
1550  1.4551225e-03 1.40e-07 3.95e-04 -11.0 5.94e-05    -  1.00e+00 1.00e+00h  1
1551  1.4550676e-03 2.34e-07 1.61e-04 -11.0 1.65e-04    -  1.00e+00 1.00e+00h  1
1552  1.4656624e-03 1.82e-08 1.71e-03 -11.0 4.51e-03    -  1.00e+00 1.00e+00H  1
1553  1.4555074e-03 1.17e-08 3.81e-04 -11.0 3.24e-03    -  1.00e+00 1.00e+00H  1
1554  1.4549841e-03 6.24e-05 1.96e-03 -11.0 3.74e-03    -  1.00e+00 1.25e-01h  4
1555  1.4549084e-03 6.63e-06 1.05e-03 -11.0 2.15e-04    -  1.00e+00 1.00e+00h  1
1556  1.4548379e-03 5.92e-07 2.68e-04 -11.0 1.08e-04    -  1.00e+00 1.00e+00h  1
1557  1.4548220e-03 6.58e-07 2.71e-04 -11.0 4.34e-05    -  1.00e+00 1.00e+00h  1
1558  1.4547917e-03 1.78e-07 2.95e-04 -11.0 1.09e-04    -  1.00e+00 1.00e+00h  1
1559  1.4577191e-03 1.96e-09 7.06e-04 -11.0 3.25e-03    -  1.00e+00 1.00e+00H  1
iter    objective    inf_pr   inf_du lg(mu)  ||d||  lg(rg) alpha_du alpha_pr  ls
1560  1.4595814e-03 1.70e-10 1.15e-03 -11.0 4.26e-03    -  1.00e+00 1.00e+00H  1
1561  1.4595520e-03 2.16e-09 1.14e-03 -11.0 3.50e-03    -  1.00e+00 9.77e-04h 11
1562  1.4541375e-03 1.10e-04 4.57e-03 -11.0 2.56e-03    -  1.00e+00 1.00e+00h  1
1563  1.4544462e-03 1.03e-04 4.71e-03 -11.0 1.78e-03    -  1.00e+00 2.50e-01h  3
1564  1.4538884e-03 1.90e-05 6.09e-04 -11.0 6.00e-04    -  1.00e+00 1.00e+00h  1
1565  1.4537847e-03 3.77e-06 1.83e-03 -11.0 5.97e-04    -  1.00e+00 1.00e+00h  1
1566  1.4535366e-03 6.73e-05 8.32e-03 -11.0 1.09e-02    -  1.00e+00 2.50e-01h  3
1567  1.4534924e-03 9.76e-05 8.85e-03 -11.0 5.47e-02    -  1.00e+00 3.12e-02h  6
1568  1.4534884e-03 4.84e-04 9.90e-03 -11.0 6.15e-02    -  1.00e+00 1.25e-01h  4
1569  1.4532765e-03 5.62e-04 1.01e-02 -11.0 4.51e-01    -  1.00e+00 7.81e-03h  8
iter    objective    inf_pr   inf_du lg(mu)  ||d||  lg(rg) alpha_du alpha_pr  ls
1570  1.4530455e-03 6.34e-04 9.23e-03 -11.0 1.98e-01    -  1.00e+00 1.56e-02h  7
1571  1.4529910e-03 8.20e-04 1.20e-02 -11.0 6.04e-01    -  1.00e+00 7.81e-03h  8
1572  1.4527131e-03 8.29e-04 1.37e-02 -11.0 6.60e-02    -  1.00e+00 3.12e-02h  6
1573  1.4525994e-03 8.28e-04 1.27e-02 -11.0 8.98e-02    -  1.00e+00 1.56e-02h  7
1574  1.4527217e-03 8.00e-04 1.16e-02 -11.0 2.47e-02    -  1.00e+00 6.25e-02h  5
1575  1.4523534e-03 8.05e-04 1.10e-02 -11.0 4.78e-02    -  1.00e+00 6.25e-02h  5
1576  3.4656850e-03 5.53e-01 2.80e-01 -11.0 3.00e-01    -  1.00e+00 1.00e+00w  1
1577  1.3743774e-02 9.61e-02 1.58e-01 -11.0 1.88e-01    -  1.00e+00 1.00e+00w  1
1578  5.0761610e-02 1.52e+00 7.27e-01 -11.0 4.09e-01    -  1.00e+00 1.00e+00w  1
1579  1.4522548e-03 9.55e-04 8.71e-03 -11.0 2.75e-01    -  1.00e+00 1.56e-02h  6
iter    objective    inf_pr   inf_du lg(mu)  ||d||  lg(rg) alpha_du alpha_pr  ls
1580  1.4519800e-03 8.95e-04 8.61e-03 -11.0 3.73e-03    -  1.00e+00 6.25e-02h  5
1581  1.4516475e-03 2.97e-05 3.86e-03 -11.0 2.18e-03    -  1.00e+00 1.00e+00h  1
1582  1.4516675e-03 2.92e-05 2.29e-03 -11.0 4.73e-03    -  1.00e+00 6.25e-02h  5
1583  1.4514681e-03 4.82e-06 3.92e-04 -11.0 6.50e-04    -  1.00e+00 1.00e+00h  1
1584  1.4593603e-03 2.87e-09 1.83e-03 -11.0 5.03e-03    -  1.00e+00 1.00e+00H  1
1585  1.4517289e-03 2.73e-05 2.32e-03 -11.0 2.11e-03    -  1.00e+00 1.00e+00H  1
1586  1.4670299e-03 4.30e-11 2.31e-03 -11.0 4.24e-03    -  1.00e+00 1.00e+00H  1
1587  1.4521957e-03 2.90e-07 2.44e-03 -11.0 1.67e-03    -  1.00e+00 1.00e+00H  1
1588  1.4516617e-03 3.83e-07 3.27e-03 -11.0 1.10e-03    -  1.00e+00 1.00e+00H  1
1589  1.4514360e-03 5.41e-05 2.16e-03 -11.0 3.96e-04    -  1.00e+00 1.00e+00h  1
iter    objective    inf_pr   inf_du lg(mu)  ||d||  lg(rg) alpha_du alpha_pr  ls
1590  1.4509324e-03 1.60e-05 5.27e-04 -11.0 3.13e-04    -  1.00e+00 1.00e+00h  1
1591  1.4509124e-03 2.95e-07 3.72e-04 -11.0 9.56e-05    -  1.00e+00 1.00e+00h  1
1592  1.4508403e-03 4.49e-06 1.83e-03 -11.0 4.67e-04    -  1.00e+00 1.00e+00h  1
1593  1.4634700e-03 7.16e-09 1.47e-03 -11.0 1.13e-02    -  1.00e+00 1.00e+00H  1
1594  1.4633340e-03 2.56e-08 1.48e-03 -11.0 2.55e-02    -  1.00e+00 3.91e-03h  9
1595  1.4628571e-03 9.52e-08 1.44e-03 -11.0 6.89e-03    -  1.00e+00 7.81e-03h  8
1596  1.4598235e-03 7.67e-08 1.11e-02 -11.0 7.80e-03    -  1.00e+00 1.00e+00H  1
1597  1.4595048e-03 8.45e-08 1.12e-02 -11.0 7.68e-03    -  1.00e+00 7.81e-03h  8
1598  1.4547406e-03 2.58e-04 5.14e-03 -11.0 4.80e-03    -  1.00e+00 1.00e+00h  1
1599  1.4517537e-03 3.17e-04 2.48e-03 -11.0 2.19e-03    -  1.00e+00 5.00e-01h  2
iter    objective    inf_pr   inf_du lg(mu)  ||d||  lg(rg) alpha_du alpha_pr  ls
1600  1.4495380e-03 2.30e-04 2.18e-03 -11.0 1.84e-03    -  1.00e+00 1.00e+00h  1
1601  1.4501142e-03 4.11e-05 3.88e-03 -11.0 5.01e-04    -  1.00e+00 1.00e+00h  1
1602  1.4490673e-03 2.02e-05 3.45e-04 -11.0 5.38e-04    -  1.00e+00 1.00e+00h  1
1603  1.4490455e-03 1.17e-07 5.48e-04 -11.0 1.02e-04    -  1.00e+00 1.00e+00h  1
1604  1.4507615e-03 3.99e-09 7.93e-04 -11.0 2.53e-03    -  1.00e+00 1.00e+00H  1
1605  1.4597672e-03 2.63e-09 1.46e-03 -11.0 5.90e-03    -  1.00e+00 1.00e+00H  1
1606  1.4596951e-03 2.75e-09 1.45e-03 -11.0 4.67e-03    -  1.00e+00 1.95e-03h 10
1607  1.4504540e-03 4.60e-09 9.62e-04 -11.0 4.39e-03    -  1.00e+00 1.00e+00H  1
1608  1.4488979e-03 3.38e-05 5.14e-03 -11.0 1.06e-02    -  1.00e+00 6.25e-02h  5
1609  1.4489637e-03 5.13e-06 4.03e-03 -11.0 6.07e-04    -  1.00e+00 1.00e+00h  1
iter    objective    inf_pr   inf_du lg(mu)  ||d||  lg(rg) alpha_du alpha_pr  ls
1610  1.4483460e-03 5.47e-05 1.71e-03 -11.0 5.55e-04    -  1.00e+00 1.00e+00h  1
1611  1.4482564e-03 4.29e-05 1.15e-03 -11.0 4.28e-04    -  1.00e+00 1.00e+00h  1
1612  1.4480409e-03 6.42e-06 1.46e-04 -11.0 2.35e-04    -  1.00e+00 1.00e+00h  1
1613  1.4480076e-03 3.55e-07 3.26e-04 -11.0 1.14e-04    -  1.00e+00 1.00e+00h  1
1614  1.4478640e-03 1.32e-06 6.82e-04 -11.0 4.55e-04    -  1.00e+00 1.00e+00h  1
1615  1.4477959e-03 4.61e-06 2.84e-03 -11.0 7.32e-03    -  1.00e+00 6.25e-02h  5
1616  1.4495457e-03 3.19e-08 2.31e-03 -11.0 2.43e-03    -  1.00e+00 1.00e+00H  1
1617  1.4559558e-03 4.17e-09 1.36e-03 -11.0 9.04e-03    -  1.00e+00 1.00e+00H  1
1618  1.4559531e-03 4.19e-09 1.36e-03 -11.0 8.71e-02    -  1.00e+00 3.05e-05h 16
1619  1.4559466e-03 4.29e-09 1.36e-03 -11.0 7.46e-02    -  1.00e+00 6.10e-05h 15
iter    objective    inf_pr   inf_du lg(mu)  ||d||  lg(rg) alpha_du alpha_pr  ls
1620  1.4559451e-03 4.29e-09 1.36e-03 -11.0 5.91e-02    -  1.00e+00 1.53e-05h 17
1621  1.4547222e-03 5.28e-05 3.81e-03 -11.0 2.72e-02    -  1.00e+00 1.25e-01h  4
1622  1.4527070e-03 2.32e-04 5.66e-03 -11.0 2.83e-02    -  1.00e+00 2.50e-01h  3
1623  1.4477498e-03 8.31e-04 1.72e-02 -11.0 1.79e-01    -  1.00e+00 6.25e-02h  5
1624  1.4475889e-03 8.94e-04 1.69e-02 -11.0 2.55e-01    -  1.00e+00 1.56e-02h  7
1625  1.4463148e-03 1.77e-03 1.82e-02 -11.0 1.20e-01    -  1.00e+00 1.25e-01h  4
1626  1.4443916e-03 2.31e-03 2.43e-02 -11.0 2.79e+00    -  1.00e+00 3.91e-03h  9
1627  1.4435774e-03 2.44e-03 2.74e-02 -11.0 1.45e+00    -  1.00e+00 3.91e-03h  9
1628  8.8544939e-02 1.23e+00 1.58e+00 -11.0 5.62e-01    -  1.00e+00 1.00e+00w  1
1629  1.1984808e-01 2.07e+00 1.67e+00 -11.0 3.66e-01    -  1.00e+00 1.00e+00w  1
iter    objective    inf_pr   inf_du lg(mu)  ||d||  lg(rg) alpha_du alpha_pr  ls
1630  8.1715719e-01 5.97e+00 7.08e+00 -11.0 5.54e-01    -  1.00e+00 1.00e+00w  1
1631  1.4430110e-03 2.44e-03 2.75e-02 -11.0 4.12e-01    -  1.00e+00 3.91e-03h  8
1632  1.4424946e-03 2.05e-03 9.48e-03 -11.0 2.75e-02    -  1.00e+00 5.00e-01h  2
1633  1.4424292e-03 2.04e-03 1.02e-02 -11.0 4.38e-01    -  1.00e+00 3.91e-03h  9
1634  1.4428645e-03 1.53e-03 8.01e-03 -11.0 2.68e-03    -  1.00e+00 2.50e-01h  3
1635  1.4403990e-03 1.96e-04 1.32e-03 -11.0 6.29e-03    -  1.00e+00 1.00e+00h  1
1636  1.4485760e-03 1.82e-04 1.07e-02 -11.0 1.75e-02    -  1.00e+00 6.25e-02h  5
1637  1.4398890e-03 3.58e-05 6.63e-04 -11.0 2.38e-03    -  1.00e+00 1.00e+00h  1
1638  1.4415364e-03 7.26e-05 3.00e-03 -11.0 1.03e-03    -  1.00e+00 1.00e+00h  1
1639  1.4391357e-03 3.74e-05 2.46e-03 -11.0 1.49e-03    -  1.00e+00 1.00e+00h  1
iter    objective    inf_pr   inf_du lg(mu)  ||d||  lg(rg) alpha_du alpha_pr  ls
1640  1.4623122e-03 3.45e-09 3.13e-03 -11.0 3.34e-03    -  1.00e+00 1.00e+00H  1
1641  1.4385885e-03 4.08e-04 4.35e-03 -11.0 2.27e-03    -  1.00e+00 1.00e+00h  1
1642  1.4388898e-03 7.86e-05 5.32e-03 -11.0 5.53e-04    -  1.00e+00 1.00e+00h  1
1643  1.4378350e-03 2.06e-05 8.20e-04 -11.0 3.55e-04    -  1.00e+00 1.00e+00h  1
1644  1.4375753e-03 7.92e-06 1.09e-03 -11.0 5.64e-04    -  1.00e+00 1.00e+00h  1
1645  1.4378998e-03 3.40e-06 8.63e-03 -11.0 8.02e-03    -  1.00e+00 1.00e+00H  1
1646  1.4375154e-03 5.37e-05 1.19e-02 -11.0 1.54e-01    -  1.00e+00 1.56e-02h  7
1647  1.4373230e-03 5.16e-05 1.23e-02 -11.0 6.89e-03    -  1.00e+00 6.25e-02h  5
1648  1.4358734e-03 1.42e-04 2.91e-03 -11.0 3.74e-03    -  1.00e+00 1.00e+00h  1
1649  1.4358796e-03 1.38e-04 2.90e-03 -11.0 1.94e-02    -  1.00e+00 3.12e-02h  6
iter    objective    inf_pr   inf_du lg(mu)  ||d||  lg(rg) alpha_du alpha_pr  ls
1650  1.4357565e-03 2.06e-05 6.68e-04 -11.0 1.39e-03    -  1.00e+00 1.00e+00h  1
1651  1.4482246e-03 1.02e-06 2.40e-02 -11.0 3.83e-03    -  1.00e+00 1.00e+00H  1
1652  1.4371741e-03 1.93e-06 6.21e-03 -11.0 2.39e-03    -  1.00e+00 1.00e+00H  1
1653  1.4506562e-03 7.05e-08 1.96e-02 -11.0 1.95e-03    -  1.00e+00 1.00e+00H  1
1654  1.4352070e-03 3.07e-04 5.66e-04 -11.0 1.69e-03    -  1.00e+00 1.00e+00h  1
1655  1.4353369e-03 1.20e-06 1.24e-03 -11.0 2.27e-04    -  1.00e+00 1.00e+00h  1
1656  1.4351128e-03 2.28e-06 3.96e-04 -11.0 4.01e-04    -  1.00e+00 1.00e+00h  1
1657  1.4351973e-03 9.37e-09 2.51e-04 -11.0 5.85e-04    -  1.00e+00 1.00e+00H  1
1658  1.4348152e-03 3.48e-05 9.33e-04 -11.0 1.53e-03    -  1.00e+00 1.00e+00h  1
1659  1.4347802e-03 4.98e-05 3.75e-03 -11.0 2.58e-02    -  1.00e+00 6.25e-02h  5
iter    objective    inf_pr   inf_du lg(mu)  ||d||  lg(rg) alpha_du alpha_pr  ls
1660  1.4498560e-03 3.66e-10 1.24e-03 -11.0 5.71e-03    -  1.00e+00 1.00e+00H  1
1661  1.4362567e-03 2.15e-09 5.06e-04 -11.0 2.89e-03    -  1.00e+00 1.00e+00H  1
1662  1.4428203e-03 6.63e-10 1.44e-03 -11.0 2.34e-03    -  1.00e+00 1.00e+00H  1
1663  1.4358199e-03 8.38e-10 5.85e-04 -11.0 1.82e-03    -  1.00e+00 1.00e+00H  1
1664  1.4394521e-03 1.16e-10 1.21e-03 -11.0 1.95e-03    -  1.00e+00 1.00e+00H  1
1665  1.4339095e-03 5.41e-05 1.75e-03 -11.0 1.29e-03    -  1.00e+00 1.00e+00h  1
1666  1.4339025e-03 5.83e-06 1.18e-03 -11.0 1.36e-04    -  1.00e+00 1.00e+00h  1
1667  1.4338282e-03 1.74e-06 1.05e-04 -11.0 6.90e-05    -  1.00e+00 1.00e+00h  1
1668  1.4338185e-03 1.83e-08 2.94e-05 -11.0 2.29e-05    -  1.00e+00 1.00e+00h  1
1669  1.4338697e-03 4.84e-09 2.66e-04 -11.0 6.77e-04    -  1.00e+00 1.00e+00H  1
iter    objective    inf_pr   inf_du lg(mu)  ||d||  lg(rg) alpha_du alpha_pr  ls
1670  1.4353929e-03 3.29e-10 9.63e-04 -11.0 2.80e-03    -  1.00e+00 1.00e+00H  1
1671  1.4353782e-03 1.22e-09 9.58e-04 -11.0 5.89e-03    -  1.00e+00 1.95e-03h 10
1672  1.4381691e-03 2.72e-11 1.04e-03 -11.0 1.44e-03    -  1.00e+00 1.00e+00H  1
1673  1.4336237e-03 6.56e-05 2.68e-03 -11.0 7.56e-04    -  1.00e+00 1.00e+00h  1
1674  1.4330484e-03 8.95e-06 2.15e-03 -11.0 9.30e-04    -  1.00e+00 1.00e+00h  1
1675  1.4354692e-03 3.07e-11 5.45e-04 -11.0 4.54e-03    -  1.00e+00 1.00e+00H  1
1676  1.4354681e-03 2.60e-11 5.45e-04 -11.0 1.83e-02    -  1.00e+00 1.22e-04h 14
1677  1.4354660e-03 2.67e-11 5.45e-04 -11.0 8.15e-03    -  1.00e+00 1.22e-04h 14
1678  1.4354623e-03 3.51e-11 5.44e-04 -11.0 3.86e-03    -  1.00e+00 2.44e-04h 13
1679  1.4346815e-03 1.50e-10 7.92e-04 -11.0 2.50e-03    -  1.00e+00 1.00e+00H  1
iter    objective    inf_pr   inf_du lg(mu)  ||d||  lg(rg) alpha_du alpha_pr  ls
1680  1.4344623e-03 1.61e-05 7.27e-03 -11.0 2.89e-03    -  1.00e+00 2.50e-01h  3
1681  1.4328483e-03 3.61e-05 2.18e-03 -11.0 1.45e-03    -  1.00e+00 1.00e+00h  1
1682  1.4326075e-03 3.31e-05 3.01e-03 -11.0 2.51e-03    -  1.00e+00 1.25e-01h  4
1683  1.4327612e-03 4.19e-06 8.75e-04 -11.0 3.15e-04    -  1.00e+00 1.00e+00h  1
1684  1.4324710e-03 3.48e-06 5.37e-04 -11.0 1.79e-04    -  1.00e+00 1.00e+00h  1
1685  1.4324460e-03 9.31e-07 6.95e-04 -11.0 6.83e-05    -  1.00e+00 1.00e+00h  1
1686  1.4324210e-03 7.66e-08 1.63e-04 -11.0 7.65e-05    -  1.00e+00 1.00e+00h  1
1687  1.4323590e-03 7.91e-07 3.61e-04 -11.0 4.88e-04    -  1.00e+00 1.00e+00h  1
1688  1.4357229e-03 2.96e-11 6.92e-04 -11.0 2.33e-03    -  1.00e+00 1.00e+00H  1
1689  1.4323265e-03 3.27e-05 2.39e-03 -11.0 1.51e-03    -  1.00e+00 1.00e+00h  1
iter    objective    inf_pr   inf_du lg(mu)  ||d||  lg(rg) alpha_du alpha_pr  ls
1690  1.4322062e-03 2.47e-05 1.41e-03 -11.0 5.45e-04    -  1.00e+00 2.50e-01h  3
1691  1.4321504e-03 1.95e-06 2.31e-04 -11.0 7.40e-05    -  1.00e+00 1.00e+00h  1
1692  1.4321400e-03 1.07e-07 1.50e-04 -11.0 1.08e-04    -  1.00e+00 1.00e+00h  1
1693  1.4324786e-03 3.52e-10 3.61e-04 -11.0 1.99e-03    -  1.00e+00 1.00e+00H  1
1694  1.4324673e-03 8.52e-09 3.42e-04 -11.0 1.33e-02    -  1.00e+00 3.91e-03h  9
1695  1.4324445e-03 1.94e-08 3.46e-04 -11.0 1.66e-02    -  1.00e+00 3.91e-03h  9
1696  1.4324203e-03 2.79e-08 3.32e-04 -11.0 5.58e-02    -  1.00e+00 9.77e-04h 11
1697  1.4323851e-03 3.36e-08 3.11e-04 -11.0 1.77e-02    -  1.00e+00 3.91e-03h  9
1698  1.4320491e-03 1.18e-05 1.76e-03 -11.0 2.40e-02    -  1.00e+00 6.25e-02h  5
1699  1.4318216e-03 1.39e-05 5.82e-03 -11.0 3.96e-02    -  1.00e+00 3.12e-02h  6
iter    objective    inf_pr   inf_du lg(mu)  ||d||  lg(rg) alpha_du alpha_pr  ls
1700  1.4476316e-03 8.78e-09 2.19e-03 -11.0 1.80e-02    -  1.00e+00 1.00e+00H  1
1701  1.4476076e-03 1.08e-08 2.19e-03 -11.0 2.49e-01    -  1.00e+00 2.44e-04h 13
1702  1.4475698e-03 2.43e-08 2.19e-03 -11.0 7.53e-01    -  1.00e+00 1.22e-04h 14
1703  1.4475503e-03 2.68e-08 2.19e-03 -11.0 1.40e+00    -  1.00e+00 3.05e-05h 16
1704  1.4475318e-03 2.70e-08 2.19e-03 -11.0 8.16e-01    -  1.00e+00 3.05e-05h 16
1705  1.4448762e-03 1.67e-04 9.90e-03 -11.0 5.71e-01    -  1.00e+00 1.56e-02h  7
1706  1.4435771e-03 2.19e-04 2.05e-02 -11.0 3.27e-01    -  1.00e+00 1.56e-02h  7
1707  1.4377768e-03 8.21e-04 1.56e-02 -11.0 7.03e-01    -  1.00e+00 3.12e-02h  6
1708  1.4381138e-03 8.12e-04 1.97e-02 -11.0 6.39e-01    -  1.00e+00 3.91e-03h  9
1709  1.4443193e-03 5.62e-05 2.24e-02 -11.0 2.57e-02    -  1.00e+00 1.00e+00H  1
iter    objective    inf_pr   inf_du lg(mu)  ||d||  lg(rg) alpha_du alpha_pr  ls
1710  1.4426135e-03 3.44e-05 2.10e-02 -11.0 6.61e-01    -  1.00e+00 7.81e-03h  8
1711  1.4412020e-03 1.22e-04 1.66e-02 -11.0 4.86e-01    -  1.00e+00 1.56e-02h  7
1712  1.4407011e-03 1.90e-04 1.65e-02 -11.0 3.70e-02    -  1.00e+00 3.12e-02h  6
1713  1.4369015e-03 1.11e-03 1.81e-02 -11.0 1.76e-02    -  1.00e+00 1.00e+00h  1
1714  1.4336197e-03 1.02e-03 8.70e-03 -11.0 4.14e-01    -  1.00e+00 1.56e-02h  7
1715  1.4345050e-03 1.03e-03 7.70e-03 -11.0 1.24e-02    -  1.00e+00 6.25e-02h  5
1716  1.4268334e-03 2.43e-04 1.05e-03 -11.0 8.39e-03    -  1.00e+00 1.00e+00h  1
1717  1.4337626e-03 3.82e-04 6.35e-03 -11.0 1.30e-02    -  1.00e+00 1.25e-01h  4
1718  1.4265319e-03 1.42e-04 2.03e-03 -11.0 1.09e-03    -  1.00e+00 1.00e+00h  1
1719  1.4263768e-03 1.25e-06 9.49e-04 -11.0 3.64e-04    -  1.00e+00 1.00e+00h  1
iter    objective    inf_pr   inf_du lg(mu)  ||d||  lg(rg) alpha_du alpha_pr  ls
1720  1.4385239e-03 4.05e-07 2.93e-02 -11.0 1.43e-02    -  1.00e+00 1.00e+00H  1
1721  1.4382646e-03 4.88e-07 2.94e-02 -11.0 2.93e-02    -  1.00e+00 7.81e-03h  8
1722  1.4376180e-03 7.16e-07 2.88e-02 -11.0 1.74e-02    -  1.00e+00 1.56e-02h  7
1723  1.4373198e-03 7.30e-07 2.87e-02 -11.0 1.43e-01    -  1.00e+00 9.77e-04h 11
1724  1.4371802e-03 7.31e-07 2.85e-02 -11.0 5.02e-02    -  1.00e+00 1.95e-03h 10
1725  1.4371236e-03 7.35e-07 2.84e-02 -11.0 7.67e-02    -  1.00e+00 4.88e-04h 12
1726  1.4369023e-03 1.12e-04 2.17e-02 -11.0 3.31e-02    -  1.00e+00 1.25e-01h  4
1727  1.4337765e-03 6.99e-04 1.26e-02 -11.0 5.41e-02    -  1.00e+00 2.50e-01h  3
1728  1.4300481e-03 6.97e-04 1.33e-02 -11.0 2.01e-01    -  1.00e+00 1.56e-02h  7
1729  1.5308622e-03 5.65e-07 4.25e-02 -11.0 1.08e-02    -  1.00e+00 1.00e+00H  1
iter    objective    inf_pr   inf_du lg(mu)  ||d||  lg(rg) alpha_du alpha_pr  ls
1730  1.4352172e-03 1.63e-04 1.09e-02 -11.0 1.20e-02    -  1.00e+00 1.00e+00H  1
1731  1.4271681e-03 2.94e-04 5.38e-03 -11.0 2.86e-02    -  1.00e+00 1.25e-01h  4
1732  1.4489686e-03 7.67e-07 1.07e-02 -11.0 9.93e-03    -  1.00e+00 1.00e+00H  1
1733  1.5450853e-03 5.63e-08 3.78e-02 -11.0 3.81e-03    -  1.00e+00 1.00e+00H  1
1734  1.4242816e-03 2.29e-03 8.47e-03 -11.0 1.01e-02    -  1.00e+00 1.00e+00h  1
1735  1.4256930e-03 1.20e-03 1.00e-02 -11.0 1.80e-03    -  1.00e+00 5.00e-01h  2
1736  1.4231872e-03 3.07e-05 5.27e-04 -11.0 5.66e-04    -  1.00e+00 1.00e+00h  1
1737  1.4231640e-03 2.10e-06 8.85e-04 -11.0 1.34e-04    -  1.00e+00 1.00e+00h  1
1738  1.4231087e-03 2.14e-07 3.49e-04 -11.0 1.66e-04    -  1.00e+00 1.00e+00h  1
1739  1.4256035e-03 1.42e-06 6.09e-03 -11.0 2.29e-03    -  1.00e+00 1.00e+00H  1
iter    objective    inf_pr   inf_du lg(mu)  ||d||  lg(rg) alpha_du alpha_pr  ls
1740  1.4241696e-03 6.03e-07 5.19e-03 -11.0 8.60e-04    -  1.00e+00 1.00e+00H  1
1741  1.4226274e-03 3.17e-05 1.05e-03 -11.0 5.21e-04    -  1.00e+00 1.00e+00h  1
1742  1.4224236e-03 2.89e-06 1.09e-03 -11.0 6.10e-04    -  1.00e+00 1.00e+00h  1
1743  1.4273132e-03 2.22e-09 1.50e-03 -11.0 8.13e-03    -  1.00e+00 1.00e+00H  1
1744  1.4272594e-03 9.86e-08 1.49e-03 -11.0 6.87e-02    -  1.00e+00 1.95e-03h 10
1745  1.4272343e-03 9.74e-08 1.48e-03 -11.0 1.89e-01    -  1.00e+00 2.44e-04h 13
1746  1.4272130e-03 9.76e-08 1.49e-03 -11.0 5.95e-01    -  1.00e+00 6.10e-05h 15
1747  1.4271921e-03 1.02e-07 1.49e-03 -11.0 9.66e-01    -  1.00e+00 3.05e-05h 16
1748  1.4230378e-03 6.43e-04 9.93e-03 -11.0 1.27e+00    -  1.00e+00 1.56e-02h  7
1749  1.4225422e-03 6.59e-04 1.49e-02 -11.0 1.81e+00    -  1.00e+00 1.95e-03h 10
iter    objective    inf_pr   inf_du lg(mu)  ||d||  lg(rg) alpha_du alpha_pr  ls
1750  1.4212534e-03 9.02e-04 2.00e-02 -11.0 2.14e-01    -  1.00e+00 6.25e-02h  5
1751  1.4191146e-03 1.43e-03 1.76e-02 -11.0 4.51e+00    -  1.00e+00 3.91e-03h  9
1752  1.4185338e-03 1.58e-03 9.75e-03 -11.0 4.81e+00    -  1.00e+00 1.95e-03h 10
1753  1.4164774e-03 1.62e-03 6.08e-03 -11.0 6.34e-01    -  1.00e+00 7.81e-03h  8
1754  6.9227728e-03 3.12e-01 2.34e-01 -11.0 3.87e-02    -  1.00e+00 1.00e+00w  1
1755  1.6197127e-03 2.37e-01 5.63e-01 -11.0 6.57e-02    -  1.00e+00 1.00e+00w  1
1756  3.3326851e-03 6.23e-02 1.61e-01 -11.0 1.55e-01    -  1.00e+00 1.00e+00w  1
1757  1.4169095e-03 1.56e-03 1.38e-02 -11.0 1.99e-01    -  1.00e+00 3.12e-02h  5
1758  1.4164645e-03 1.55e-03 1.34e-02 -11.0 1.22e-01    -  1.00e+00 1.56e-02h  7
1759  1.4159749e-03 1.36e-03 1.79e-02 -11.0 1.79e-02    -  1.00e+00 1.25e-01h  4
iter    objective    inf_pr   inf_du lg(mu)  ||d||  lg(rg) alpha_du alpha_pr  ls
1760  1.4200433e-03 7.37e-04 1.51e-02 -11.0 1.30e-02    -  1.00e+00 5.00e-01h  2
1761  1.4189982e-03 6.69e-04 1.62e-02 -11.0 3.21e-02    -  1.00e+00 2.50e-01h  3
1762  1.4210103e-03 6.31e-04 2.63e-02 -11.0 3.19e-02    -  1.00e+00 6.25e-02h  5
1763  1.4164282e-03 1.17e-03 2.16e-02 -11.0 8.13e-03    -  1.00e+00 1.00e+00h  1
1764  1.4154670e-03 1.17e-03 6.68e-03 -11.0 5.03e-02    -  1.00e+00 1.25e-01h  4
1765  1.4146213e-03 1.14e-03 4.33e-03 -11.0 4.01e-02    -  1.00e+00 3.12e-02h  6
1766  1.4682092e-03 1.45e-07 5.50e-02 -11.0 4.64e-03    -  1.00e+00 1.00e+00H  1
1767  1.4112245e-03 1.06e-03 6.00e-03 -11.0 4.48e-03    -  1.00e+00 1.00e+00h  1
1768  1.4197545e-03 1.23e-04 1.71e-02 -11.0 1.55e-03    -  1.00e+00 1.00e+00h  1
1769  1.4102753e-03 6.16e-05 2.83e-03 -11.0 2.29e-03    -  1.00e+00 1.00e+00h  1
iter    objective    inf_pr   inf_du lg(mu)  ||d||  lg(rg) alpha_du alpha_pr  ls
1770  1.4185757e-03 7.79e-07 1.46e-02 -11.0 1.11e-03    -  1.00e+00 1.00e+00H  1
1771  1.4099170e-03 9.78e-05 6.57e-04 -11.0 9.15e-04    -  1.00e+00 1.00e+00h  1
1772  1.4098524e-03 1.86e-07 3.92e-04 -11.0 9.04e-05    -  1.00e+00 1.00e+00h  1
1773  1.4095097e-03 1.51e-06 1.45e-03 -11.0 8.94e-04    -  1.00e+00 1.00e+00h  1
1774  1.4094864e-03 1.80e-05 4.48e-03 -11.0 3.28e-02    -  1.00e+00 6.25e-02h  5
1775  1.4192069e-03 4.84e-08 1.32e-03 -11.0 9.29e-03    -  1.00e+00 1.00e+00H  1
1776  1.4190727e-03 4.66e-08 1.30e-03 -11.0 1.69e-02    -  1.00e+00 3.91e-03h  9
1777  1.4189464e-03 6.31e-08 1.29e-03 -11.0 7.49e-03    -  1.00e+00 1.95e-03h 10
1778  1.4078235e-03 6.69e-04 4.01e-03 -11.0 2.23e-03    -  1.00e+00 1.00e+00h  1
1779  1.4085715e-03 6.42e-05 7.93e-03 -11.0 8.24e-04    -  1.00e+00 1.00e+00h  1
iter    objective    inf_pr   inf_du lg(mu)  ||d||  lg(rg) alpha_du alpha_pr  ls
1780  1.4073875e-03 2.35e-05 8.75e-04 -11.0 4.72e-04    -  1.00e+00 1.00e+00h  1
1781  1.4073667e-03 1.29e-06 4.90e-04 -11.0 1.30e-04    -  1.00e+00 1.00e+00h  1
1782  1.4073235e-03 2.84e-07 1.14e-04 -11.0 5.91e-05    -  1.00e+00 1.00e+00h  1
1783  1.4073011e-03 5.90e-08 1.92e-04 -11.0 6.97e-05    -  1.00e+00 1.00e+00h  1
1784  1.4075666e-03 4.53e-08 3.52e-04 -11.0 6.85e-04    -  1.00e+00 1.00e+00H  1
1785  1.4071743e-03 1.01e-05 1.70e-03 -11.0 3.02e-04    -  1.00e+00 1.00e+00h  1
1786  1.4071288e-03 2.84e-07 1.61e-04 -11.0 7.70e-05    -  1.00e+00 1.00e+00h  1
1787  1.4070782e-03 8.24e-07 8.41e-04 -11.0 4.26e-04    -  1.00e+00 1.00e+00h  1
1788  1.4080546e-03 1.87e-10 8.20e-04 -11.0 5.13e-03    -  1.00e+00 1.00e+00H  1
1789  1.4080440e-03 1.50e-09 8.14e-04 -11.0 1.92e-02    -  1.00e+00 1.95e-03h 10
iter    objective    inf_pr   inf_du lg(mu)  ||d||  lg(rg) alpha_du alpha_pr  ls
1790  1.4080219e-03 2.12e-08 8.16e-04 -11.0 5.88e-03    -  1.00e+00 3.91e-03h  9
1791  1.4087023e-03 9.04e-12 6.80e-04 -11.0 3.01e-03    -  1.00e+00 1.00e+00H  1
1792  1.4087035e-03 2.32e-12 6.08e-04 -11.0 8.46e-04    -  1.00e+00 1.00e+00H  1
1793  1.4067130e-03 3.42e-05 9.73e-04 -11.0 1.96e-03    -  1.00e+00 1.00e+00h  1
1794  1.4069216e-03 1.14e-05 1.47e-03 -11.0 6.70e-04    -  1.00e+00 1.00e+00h  1
1795  1.4066580e-03 9.48e-06 8.43e-04 -11.0 1.56e-04    -  1.00e+00 1.00e+00h  1
1796  1.4066104e-03 2.32e-07 3.94e-04 -11.0 2.20e-04    -  1.00e+00 1.00e+00h  1
1797  1.4065832e-03 4.18e-07 6.62e-04 -11.0 1.29e-04    -  1.00e+00 1.00e+00h  1
1798  1.4065309e-03 1.09e-05 4.61e-03 -11.0 1.30e-03    -  1.00e+00 1.00e+00h  1
1799  1.4065116e-03 1.06e-05 6.03e-03 -11.0 8.99e-03    -  1.00e+00 6.25e-02h  5
iter    objective    inf_pr   inf_du lg(mu)  ||d||  lg(rg) alpha_du alpha_pr  ls
1800  1.4065160e-03 8.17e-06 4.42e-03 -11.0 5.20e-04    -  1.00e+00 2.50e-01h  3
1801  1.4064285e-03 2.44e-06 4.34e-04 -11.0 7.40e-04    -  1.00e+00 1.00e+00h  1
1802  1.4085557e-03 9.42e-11 5.10e-04 -11.0 3.03e-03    -  1.00e+00 1.00e+00H  1
1803  1.4065485e-03 6.52e-07 1.79e-03 -11.0 2.46e-03    -  1.00e+00 1.00e+00H  1
1804  1.4063962e-03 3.05e-06 2.02e-03 -11.0 1.82e-03    -  1.00e+00 1.25e-01h  4
1805  1.4063262e-03 6.19e-07 3.69e-04 -11.0 1.48e-04    -  1.00e+00 1.00e+00h  1
1806  1.4063128e-03 2.12e-07 4.15e-04 -11.0 1.44e-04    -  1.00e+00 1.00e+00h  1
1807  1.4063348e-03 5.04e-09 1.77e-04 -11.0 8.82e-04    -  1.00e+00 1.00e+00H  1
1808  1.4062164e-03 6.72e-06 3.28e-03 -11.0 1.24e-02    -  1.00e+00 1.25e-01h  4
1809  1.4061803e-03 2.10e-05 6.94e-03 -11.0 6.97e-02    -  1.00e+00 3.12e-02h  6
iter    objective    inf_pr   inf_du lg(mu)  ||d||  lg(rg) alpha_du alpha_pr  ls
1810  1.4061367e-03 2.90e-05 8.25e-03 -11.0 5.74e-02    -  1.00e+00 3.12e-02h  6
1811  1.4060660e-03 2.97e-05 8.25e-03 -11.0 2.58e-02    -  1.00e+00 3.12e-02h  6
1812  1.4057300e-03 4.19e-04 1.75e-02 -11.0 1.82e-01    -  1.00e+00 6.25e-02h  5
1813  1.4054313e-03 4.88e-04 1.63e-02 -11.0 1.22e+00    -  1.00e+00 3.91e-03h  9
1814  1.4051508e-03 4.95e-04 1.75e-02 -11.0 1.89e-01    -  1.00e+00 1.56e-02h  7
1815  1.4042810e-03 5.72e-04 1.88e-02 -11.0 5.40e-01    -  1.00e+00 1.56e-02h  7
1816  1.4029575e-03 1.73e-03 2.20e-02 -11.0 3.35e+00    -  1.00e+00 7.81e-03h  8
1817  1.4019532e-03 1.82e-03 1.64e-02 -11.0 5.93e+00    -  1.00e+00 1.95e-03h 10
1818  3.6796588e-02 2.78e+00 3.58e+00 -11.0 1.39e+00    -  1.00e+00 1.00e+00w  1
1819  1.6344051e-01 1.96e+00 3.35e+00 -11.0 7.38e-01    -  1.00e+00 1.00e+00w  1
iter    objective    inf_pr   inf_du lg(mu)  ||d||  lg(rg) alpha_du alpha_pr  ls
1820  1.2511880e+00 9.86e+00 6.02e+01 -11.0 5.98e-01    -  1.00e+00 1.00e+00w  1
1821  1.4009623e-03 1.90e-03 1.06e-02 -11.0 5.89e-01    -  1.00e+00 7.81e-03h  7
1822  1.4018110e-03 9.44e-04 4.82e-03 -11.0 6.68e-03    -  1.00e+00 5.00e-01h  2
1823  1.4021728e-03 4.79e-04 7.79e-03 -11.0 6.24e-03    -  1.00e+00 5.00e-01h  2
1824  1.4014925e-03 6.37e-04 1.36e-02 -11.0 1.19e-01    -  1.00e+00 1.25e-01h  4
1825  1.4000558e-03 6.84e-04 2.13e-02 -11.0 1.72e+00    -  1.00e+00 3.91e-03h  9
1826  1.4014433e-03 6.70e-04 2.38e-02 -11.0 9.05e-02    -  1.00e+00 3.12e-02h  6
1827  1.3997752e-03 3.73e-04 1.38e-02 -11.0 9.45e-03    -  1.00e+00 5.00e-01h  2
1828  1.3993694e-03 4.23e-04 1.36e-02 -11.0 1.08e-01    -  1.00e+00 6.25e-02h  5
1829  1.3990130e-03 4.10e-04 1.81e-02 -11.0 3.25e-02    -  1.00e+00 3.12e-02h  6
iter    objective    inf_pr   inf_du lg(mu)  ||d||  lg(rg) alpha_du alpha_pr  ls
1830  1.3965633e-03 5.06e-05 5.75e-03 -11.0 2.29e-03    -  1.00e+00 1.00e+00h  1
1831  1.4028219e-03 1.32e-04 7.95e-03 -11.0 3.39e-03    -  1.00e+00 2.50e-01h  3
1832  1.3958629e-03 8.08e-05 3.79e-04 -11.0 6.32e-04    -  1.00e+00 1.00e+00h  1
1833  1.3957635e-03 5.68e-07 5.04e-04 -11.0 4.59e-04    -  1.00e+00 1.00e+00h  1
1834  1.3957193e-03 3.14e-04 9.58e-03 -11.0 1.33e+00    -  1.00e+00 7.81e-03h  8
1835  1.3955492e-03 3.13e-04 9.50e-03 -11.0 2.68e-01    -  1.00e+00 3.91e-03h  9
1836  1.3997086e-03 5.58e-07 1.73e-02 -11.0 1.62e-02    -  1.00e+00 1.00e+00H  1
1837  1.3994040e-03 5.68e-07 1.77e-02 -11.0 9.12e-01    -  1.00e+00 4.88e-04h 12
1838  1.3993228e-03 5.34e-07 1.76e-02 -11.0 4.42e-01    -  1.00e+00 2.44e-04h 13
1839  1.3992744e-03 5.77e-07 1.76e-02 -11.0 5.19e-01    -  1.00e+00 2.44e-04h 13
iter    objective    inf_pr   inf_du lg(mu)  ||d||  lg(rg) alpha_du alpha_pr  ls
1840  1.3992677e-03 5.77e-07 1.76e-02 -11.0 4.10e-01    -  1.00e+00 3.05e-05h 16
1841  1.3971659e-03 3.37e-04 1.82e-02 -11.0 7.11e-02    -  1.00e+00 1.25e-01h  4
1842  1.3943482e-03 7.54e-04 2.30e-02 -11.0 6.58e-01    -  1.00e+00 1.56e-02h  7
1843  1.3906842e-03 9.51e-04 1.29e-02 -11.0 9.66e-01    -  1.00e+00 7.81e-03h  8
1844  1.3917979e-03 9.43e-04 1.80e-02 -11.0 2.90e-01    -  1.00e+00 1.56e-02h  7
1845  1.3912904e-03 5.63e-04 8.92e-03 -11.0 8.62e-03    -  1.00e+00 5.00e-01h  2
1846  1.3942004e-03 5.85e-04 1.57e-02 -11.0 3.88e-02    -  1.00e+00 1.25e-01h  4
1847  1.6457039e-03 2.42e-03 5.88e-02 -11.0 3.06e-02    -  1.00e+00 1.00e+00w  1
1848  1.6286042e-03 1.62e-02 4.12e-02 -11.0 3.81e-02    -  1.00e+00 1.00e+00w  1
1849  3.8893913e-03 1.88e-01 1.28e-01 -11.0 4.58e-02    -  1.00e+00 1.00e+00w  1
iter    objective    inf_pr   inf_du lg(mu)  ||d||  lg(rg) alpha_du alpha_pr  ls
1850  1.3926177e-03 5.07e-04 2.16e-02 -11.0 8.08e-02    -  1.00e+00 1.25e-01h  3
1851  1.3916130e-03 7.46e-05 5.40e-03 -11.0 5.36e-03    -  1.00e+00 1.00e+00h  1
1852  1.4505813e-03 1.16e-07 2.22e-02 -11.0 5.41e-03    -  1.00e+00 1.00e+00H  1
1853  1.3876312e-03 1.04e-03 5.06e-03 -11.0 5.64e-03    -  1.00e+00 1.00e+00h  1
1854  1.3887475e-03 4.47e-05 3.56e-03 -11.0 1.03e-03    -  1.00e+00 1.00e+00h  1
1855  1.3863664e-03 2.03e-05 5.46e-04 -11.0 1.04e-03    -  1.00e+00 1.00e+00h  1
1856  1.3862587e-03 1.68e-06 1.31e-03 -11.0 5.30e-04    -  1.00e+00 1.00e+00h  1
1857  1.3863089e-03 1.14e-07 6.52e-03 -11.0 3.86e-03    -  1.00e+00 1.00e+00H  1
1858  1.3858649e-03 2.03e-05 8.62e-03 -11.0 5.97e-02    -  1.00e+00 6.25e-02h  5
1859  1.3857192e-03 2.21e-05 9.22e-03 -11.0 1.62e-02    -  1.00e+00 3.12e-02h  6
iter    objective    inf_pr   inf_du lg(mu)  ||d||  lg(rg) alpha_du alpha_pr  ls
1860  1.3870586e-03 2.63e-07 5.99e-03 -11.0 3.00e-03    -  1.00e+00 1.00e+00H  1
1861  1.3951367e-03 3.25e-08 2.67e-02 -11.0 8.60e-03    -  1.00e+00 1.00e+00H  1
1862  1.3894241e-03 2.23e-07 3.76e-03 -11.0 6.98e-03    -  1.00e+00 1.00e+00H  1
1863  1.3893225e-03 2.81e-07 3.73e-03 -11.0 1.14e-02    -  1.00e+00 3.91e-03h  9
1864  1.3952591e-03 9.72e-09 1.52e-03 -11.0 3.38e-03    -  1.00e+00 1.00e+00H  1
1865  1.3898448e-03 4.23e-09 1.45e-03 -11.0 1.55e-03    -  1.00e+00 1.00e+00H  1
1866  1.3838039e-03 5.94e-04 9.63e-04 -11.0 1.51e-03    -  1.00e+00 1.00e+00h  1
1867  1.3838537e-03 1.22e-05 1.50e-03 -11.0 4.20e-04    -  1.00e+00 1.00e+00h  1
1868  1.3836634e-03 1.04e-06 4.26e-04 -11.0 1.45e-04    -  1.00e+00 1.00e+00h  1
1869  1.3836336e-03 2.97e-07 2.04e-04 -11.0 1.00e-04    -  1.00e+00 1.00e+00h  1
iter    objective    inf_pr   inf_du lg(mu)  ||d||  lg(rg) alpha_du alpha_pr  ls
1870  1.3835368e-03 4.11e-06 1.24e-03 -11.0 7.11e-04    -  1.00e+00 1.00e+00h  1
1871  1.3834744e-03 6.34e-06 3.17e-03 -11.0 9.09e-03    -  1.00e+00 6.25e-02h  5
1872  1.3846486e-03 5.54e-09 7.26e-04 -11.0 1.11e-03    -  1.00e+00 1.00e+00H  1
1873  1.3835082e-03 9.65e-06 1.38e-03 -11.0 4.71e-04    -  1.00e+00 1.00e+00h  1
1874  1.3833962e-03 7.27e-06 3.46e-04 -11.0 3.95e-04    -  1.00e+00 1.00e+00h  1
1875  1.3833320e-03 1.09e-06 6.78e-04 -11.0 1.12e-04    -  1.00e+00 1.00e+00h  1
1876  1.3832765e-03 8.65e-07 2.09e-04 -11.0 2.51e-04    -  1.00e+00 1.00e+00h  1
1877  1.3832427e-03 1.02e-06 6.39e-04 -11.0 2.10e-04    -  1.00e+00 1.00e+00h  1
1878  1.3854420e-03 1.40e-09 1.22e-03 -11.0 6.39e-03    -  1.00e+00 1.00e+00H  1
1879  1.3854352e-03 1.45e-09 1.22e-03 -11.0 8.14e-02    -  1.00e+00 2.44e-04h 13
iter    objective    inf_pr   inf_du lg(mu)  ||d||  lg(rg) alpha_du alpha_pr  ls
1880  1.3854277e-03 1.77e-09 1.22e-03 -11.0 6.97e-02    -  1.00e+00 2.44e-04h 13
1881  1.3854220e-03 1.87e-09 1.22e-03 -11.0 9.41e-02    -  1.00e+00 1.22e-04h 14
1882  1.3854130e-03 2.39e-09 1.22e-03 -11.0 5.05e-02    -  1.00e+00 2.44e-04h 13
1883  1.3840687e-03 1.09e-04 1.28e-02 -11.0 8.54e-02    -  1.00e+00 6.25e-02h  5
1884  1.3834061e-03 1.28e-04 1.39e-02 -11.0 1.55e-01    -  1.00e+00 1.56e-02h  7
1885  1.3832879e-03 1.36e-04 1.18e-02 -11.0 6.57e-02    -  1.00e+00 6.25e-02h  5
1886  1.3830776e-03 1.37e-04 1.09e-02 -11.0 7.56e-02    -  1.00e+00 1.56e-02h  7
1887  1.3827255e-03 1.32e-04 9.54e-03 -11.0 1.78e-02    -  1.00e+00 6.25e-02h  5
1888  1.3830825e-03 1.37e-04 6.09e-03 -11.0 2.17e-02    -  1.00e+00 1.25e-01h  4
1889  2.0384746e-03 3.26e-02 8.68e-02 -11.0 9.59e-02    -  1.00e+00 1.00e+00w  1
iter    objective    inf_pr   inf_du lg(mu)  ||d||  lg(rg) alpha_du alpha_pr  ls
1890  3.3420895e-03 3.35e-02 2.19e-01 -11.0 9.32e-02    -  1.00e+00 1.00e+00w  1
1891  5.4334575e-02 9.15e-01 8.54e-01 -11.0 4.66e-01    -  1.00e+00 1.00e+00w  1
1892  1.3823791e-03 1.60e-04 7.04e-03 -11.0 1.27e-01    -  1.00e+00 3.12e-02h  5
1893  1.3821472e-03 1.56e-04 8.44e-03 -11.0 2.70e-02    -  1.00e+00 3.12e-02h  6
1894  1.3826863e-03 9.29e-05 4.51e-03 -11.0 1.96e-03    -  1.00e+00 5.00e-01h  2
1895  1.3843978e-03 5.13e-05 7.96e-03 -11.0 3.36e-03    -  1.00e+00 5.00e-01h  2
1896  1.3819294e-03 1.57e-05 3.43e-03 -11.0 6.95e-04    -  1.00e+00 1.00e+00h  1
1897  1.3814275e-03 1.02e-05 1.85e-03 -11.0 1.12e-03    -  1.00e+00 1.00e+00h  1
1898  1.3815767e-03 3.57e-08 3.01e-04 -11.0 3.41e-04    -  1.00e+00 1.00e+00H  1
1899  1.3810022e-03 7.88e-06 1.05e-03 -11.0 3.47e-04    -  1.00e+00 1.00e+00h  1
iter    objective    inf_pr   inf_du lg(mu)  ||d||  lg(rg) alpha_du alpha_pr  ls
1900  1.3810555e-03 1.41e-05 9.54e-04 -11.0 1.30e-04    -  1.00e+00 1.00e+00h  1
1901  1.3809293e-03 4.64e-06 8.57e-05 -11.0 1.26e-04    -  1.00e+00 1.00e+00h  1
1902  1.3808831e-03 4.03e-07 1.98e-04 -11.0 1.53e-04    -  1.00e+00 1.00e+00h  1
1903  1.3807820e-03 1.08e-05 2.08e-03 -11.0 2.37e-02    -  1.00e+00 6.25e-02h  5
1904  1.3807294e-03 1.55e-05 3.79e-03 -11.0 1.96e-02    -  1.00e+00 6.25e-02h  5
1905  1.4009445e-03 9.90e-09 1.45e-03 -11.0 6.50e-03    -  1.00e+00 1.00e+00H  1
1906  1.3940255e-03 3.28e-10 1.79e-03 -11.0 1.63e-03    -  1.00e+00 1.00e+00H  1
1907  1.3801874e-03 1.75e-04 9.03e-03 -11.0 2.93e-03    -  1.00e+00 1.00e+00h  1
1908  1.3800443e-03 1.59e-04 1.74e-03 -11.0 2.77e-03    -  1.00e+00 5.00e-01h  2
1909  1.3850202e-03 1.44e-08 9.40e-04 -11.0 3.35e-03    -  1.00e+00 1.00e+00H  1
iter    objective    inf_pr   inf_du lg(mu)  ||d||  lg(rg) alpha_du alpha_pr  ls
1910  1.3841106e-03 2.89e-10 8.05e-04 -11.0 3.39e-03    -  1.00e+00 1.00e+00H  1
1911  1.3840278e-03 6.50e-09 7.88e-04 -11.0 5.15e-03    -  1.00e+00 3.91e-03h  9
1912  1.3840391e-03 1.95e-09 8.93e-04 -11.0 5.89e-03    -  1.00e+00 1.00e+00H  1
1913  1.3839710e-03 1.77e-08 8.79e-04 -11.0 1.10e-02    -  1.00e+00 1.95e-03h 10
1914  1.3835395e-03 7.82e-09 1.02e-03 -11.0 1.22e-03    -  1.00e+00 1.00e+00H  1
1915  1.3792315e-03 7.33e-05 2.53e-03 -11.0 8.30e-04    -  1.00e+00 1.00e+00h  1
1916  1.3792128e-03 1.82e-05 1.46e-03 -11.0 2.63e-04    -  1.00e+00 1.00e+00h  1
1917  1.3790864e-03 2.09e-06 3.65e-04 -11.0 1.43e-04    -  1.00e+00 1.00e+00h  1
1918  1.3790801e-03 9.40e-09 2.41e-05 -11.0 3.18e-05    -  1.00e+00 1.00e+00h  1
1919  1.3789948e-03 2.88e-05 2.75e-03 -11.0 2.65e-03    -  1.00e+00 1.00e+00h  1
iter    objective    inf_pr   inf_du lg(mu)  ||d||  lg(rg) alpha_du alpha_pr  ls
1920  1.3788264e-03 4.39e-05 4.86e-03 -11.0 1.26e-01    -  1.00e+00 1.56e-02h  7
1921  1.3785529e-03 8.11e-05 6.73e-03 -11.0 1.04e-01    -  1.00e+00 3.12e-02h  6
1922  1.3783965e-03 1.05e-04 9.86e-03 -11.0 3.18e-01    -  1.00e+00 7.81e-03h  8
1923  1.3783889e-03 1.06e-04 1.15e-02 -11.0 5.00e-02    -  1.00e+00 3.12e-02h  6
1924  1.3782534e-03 1.07e-04 1.22e-02 -11.0 7.62e-02    -  1.00e+00 1.56e-02h  7
1925  1.3780959e-03 1.11e-04 1.24e-02 -11.0 1.09e-01    -  1.00e+00 1.56e-02h  7
1926  1.3780157e-03 1.26e-04 9.60e-03 -11.0 5.56e-02    -  1.00e+00 3.12e-02h  6
1927  1.3778979e-03 1.25e-04 7.04e-03 -11.0 1.61e-02    -  1.00e+00 3.12e-02h  6
1928  1.3780955e-03 2.18e-05 5.32e-03 -11.0 1.17e-03    -  1.00e+00 1.00e+00h  1
1929  1.3835438e-03 4.89e-10 1.41e-03 -11.0 2.93e-03    -  1.00e+00 1.00e+00H  1
iter    objective    inf_pr   inf_du lg(mu)  ||d||  lg(rg) alpha_du alpha_pr  ls
1930  1.3835128e-03 1.35e-09 1.40e-03 -11.0 7.74e-03    -  1.00e+00 1.95e-03h 10
1931  1.3834833e-03 1.46e-09 1.40e-03 -11.0 5.43e-02    -  1.00e+00 2.44e-04h 13
1932  1.3834542e-03 3.42e-09 1.40e-03 -11.0 1.53e-02    -  1.00e+00 9.77e-04h 11
1933  1.3834405e-03 3.69e-09 1.40e-03 -11.0 1.39e-02    -  1.00e+00 4.88e-04h 12
1934  1.3816226e-03 3.86e-05 2.32e-03 -11.0 5.60e-02    -  1.00e+00 6.25e-02h  5
1935  1.3807050e-03 1.71e-04 3.64e-03 -11.0 2.44e-02    -  1.00e+00 1.25e-01h  4
1936  1.3794073e-03 1.76e-04 1.24e-02 -11.0 2.80e-02    -  1.00e+00 2.50e-01h  3
1937  1.3785517e-03 1.78e-04 1.60e-02 -11.0 1.32e-01    -  1.00e+00 1.56e-02h  7
1938  1.3775878e-03 1.85e-04 1.69e-02 -11.0 6.21e-02    -  1.00e+00 6.25e-02h  5
1939  1.3764817e-03 3.32e-04 2.00e-02 -11.0 2.79e-01    -  1.00e+00 3.12e-02h  6
iter    objective    inf_pr   inf_du lg(mu)  ||d||  lg(rg) alpha_du alpha_pr  ls
1940  1.4837202e-02 2.63e-01 5.68e-01 -11.0 3.12e-01    -  1.00e+00 1.00e+00w  1
1941  4.1767069e-03 3.67e-01 2.77e-01 -11.0 1.77e-01    -  1.00e+00 1.00e+00w  1
1942  5.8063189e-01 3.15e+00 7.19e+00 -11.0 8.22e-01    -  1.00e+00 1.00e+00w  1
1943  1.3762647e-03 3.34e-04 1.99e-02 -11.0 4.90e-01    -  1.00e+00 7.81e-03h  7
1944  1.3761615e-03 2.47e-04 1.55e-02 -11.0 3.18e-03    -  1.00e+00 2.50e-01h  3
1945  1.3750399e-03 2.63e-05 3.32e-03 -11.0 3.14e-03    -  1.00e+00 1.00e+00h  1
1946  1.3746407e-03 3.14e-05 2.59e-03 -11.0 1.01e-01    -  1.00e+00 1.56e-02h  7
1947  1.3793859e-03 1.48e-04 4.15e-03 -11.0 5.20e-03    -  1.00e+00 2.50e-01h  3
1948  1.3743211e-03 4.75e-05 2.66e-03 -11.0 1.21e-03    -  1.00e+00 1.00e+00h  1
1949  1.3760560e-03 8.19e-05 4.67e-03 -11.0 9.99e-04    -  1.00e+00 1.00e+00h  1
iter    objective    inf_pr   inf_du lg(mu)  ||d||  lg(rg) alpha_du alpha_pr  ls
1950  1.3740383e-03 2.84e-05 3.64e-04 -11.0 5.15e-04    -  1.00e+00 1.00e+00h  1
1951  1.3740257e-03 1.97e-05 4.16e-04 -11.0 3.62e-04    -  1.00e+00 1.00e+00h  1
1952  1.3737430e-03 3.43e-06 9.96e-04 -11.0 9.57e-04    -  1.00e+00 1.00e+00h  1
1953  1.3735548e-03 1.54e-05 3.75e-03 -11.0 4.39e-02    -  1.00e+00 6.25e-02h  5
1954  1.3734985e-03 1.64e-05 2.80e-03 -11.0 2.92e-02    -  1.00e+00 3.12e-02h  6
1955  1.3817782e-03 2.44e-07 8.01e-03 -11.0 6.25e-03    -  1.00e+00 1.00e+00H  1
1956  1.3812590e-03 5.27e-07 7.66e-03 -11.0 2.76e-02    -  1.00e+00 1.56e-02h  7
1957  1.3807986e-03 1.37e-06 6.84e-03 -11.0 1.58e-01    -  1.00e+00 1.95e-03h 10
1958  1.3805091e-03 1.69e-06 6.67e-03 -11.0 6.31e-02    -  1.00e+00 3.91e-03h  9
1959  1.3801012e-03 1.56e-06 6.07e-03 -11.0 1.52e-01    -  1.00e+00 1.95e-03h 10
iter    objective    inf_pr   inf_du lg(mu)  ||d||  lg(rg) alpha_du alpha_pr  ls
1960  1.3781041e-03 8.70e-05 7.37e-03 -11.0 1.85e-01    -  1.00e+00 3.12e-02h  6
1961  1.3770646e-03 1.38e-04 5.71e-03 -11.0 2.32e-01    -  1.00e+00 1.56e-02h  7
1962  1.3762205e-03 1.44e-04 9.26e-03 -11.0 1.19e-02    -  1.00e+00 6.25e-02h  5
1963  1.3725013e-03 8.56e-05 5.15e-03 -11.0 1.70e-03    -  1.00e+00 5.00e-01h  2
1964  1.3703882e-03 2.61e-04 2.75e-03 -11.0 3.08e-03    -  1.00e+00 1.00e+00h  1
1965  1.6044932e-03 3.39e-06 6.93e-02 -11.0 1.75e-02    -  1.00e+00 1.00e+00H  1
1966  1.3710424e-03 1.62e-04 4.01e-03 -11.0 1.51e-02    -  1.00e+00 1.00e+00H  1
1967  1.4135765e-03 1.95e-06 2.79e-02 -11.0 4.32e-03    -  1.00e+00 1.00e+00H  1
1968  1.3700674e-03 4.96e-04 7.64e-04 -11.0 3.48e-03    -  1.00e+00 1.00e+00h  1
1969  1.3701884e-03 8.17e-06 1.98e-03 -11.0 3.29e-04    -  1.00e+00 1.00e+00h  1
iter    objective    inf_pr   inf_du lg(mu)  ||d||  lg(rg) alpha_du alpha_pr  ls
1970  1.3699067e-03 2.79e-06 1.98e-04 -11.0 1.93e-04    -  1.00e+00 1.00e+00h  1
1971  1.3698924e-03 2.60e-08 4.15e-05 -11.0 3.71e-05    -  1.00e+00 1.00e+00h  1
1972  1.3704416e-03 1.91e-09 5.52e-04 -11.0 3.05e-03    -  1.00e+00 1.00e+00H  1
1973  1.3704240e-03 5.71e-08 5.53e-04 -11.0 6.44e-03    -  1.00e+00 3.91e-03h  9
1974  1.3701560e-03 5.62e-09 5.74e-04 -11.0 6.72e-04    -  1.00e+00 1.00e+00H  1
1975  1.3692387e-03 2.22e-05 2.02e-03 -11.0 4.20e-04    -  1.00e+00 1.00e+00h  1
1976  1.3690669e-03 9.46e-06 2.57e-04 -11.0 5.50e-04    -  1.00e+00 1.00e+00h  1
1977  1.3695260e-03 2.35e-07 4.89e-03 -11.0 3.20e-03    -  1.00e+00 1.00e+00H  1
1978  1.3694913e-03 1.51e-06 5.35e-03 -11.0 6.10e-03    -  1.00e+00 6.25e-02h  5
1979  1.3692161e-03 5.77e-08 3.05e-03 -11.0 9.64e-04    -  1.00e+00 1.00e+00H  1
iter    objective    inf_pr   inf_du lg(mu)  ||d||  lg(rg) alpha_du alpha_pr  ls
1980  1.3701843e-03 2.50e-11 3.91e-04 -11.0 2.06e-03    -  1.00e+00 1.00e+00H  1
1981  1.3699029e-03 4.00e-09 4.30e-04 -11.0 1.12e-03    -  1.00e+00 1.00e+00H  1
1982  1.3696979e-03 1.88e-08 4.17e-04 -11.0 2.91e-03    -  1.00e+00 1.00e+00H  1
1983  1.3696507e-03 1.44e-07 3.93e-04 -11.0 9.42e-03    -  1.00e+00 7.81e-03h  8
1984  1.3887229e-03 3.27e-08 2.15e-03 -11.0 5.74e-03    -  1.00e+00 1.00e+00H  1
1985  1.3742297e-03 5.99e-08 1.08e-03 -11.0 3.55e-03    -  1.00e+00 1.00e+00H  1
1986  1.4181308e-03 5.11e-09 2.90e-03 -11.0 6.92e-03    -  1.00e+00 1.00e+00H  1
1987  1.3833236e-03 2.44e-08 1.98e-03 -11.0 4.43e-03    -  1.00e+00 1.00e+00H  1
1988  1.3832561e-03 2.34e-08 1.98e-03 -11.0 5.60e-03    -  1.00e+00 9.77e-04h 11
1989  1.3741322e-03 2.56e-08 1.19e-03 -11.0 1.98e-03    -  1.00e+00 1.00e+00H  1
iter    objective    inf_pr   inf_du lg(mu)  ||d||  lg(rg) alpha_du alpha_pr  ls
1990  1.3736050e-03 2.07e-08 1.34e-03 -11.0 1.32e-03    -  1.00e+00 1.00e+00H  1
1991  1.3683019e-03 1.30e-05 2.74e-04 -11.0 6.85e-04    -  1.00e+00 1.00e+00h  1
1992  1.3682981e-03 3.07e-08 3.95e-05 -11.0 2.11e-05    -  1.00e+00 1.00e+00h  1
1993  1.3682573e-03 3.61e-07 4.66e-04 -11.0 3.13e-04    -  1.00e+00 1.00e+00h  1
1994  1.3704720e-03 3.74e-08 1.03e-03 -11.0 3.71e-03    -  1.00e+00 1.00e+00H  1
1995  1.3716740e-03 1.96e-08 9.72e-04 -11.0 1.10e-03    -  1.00e+00 1.00e+00H  1
1996  1.3687928e-03 2.52e-09 4.51e-04 -11.0 2.45e-03    -  1.00e+00 1.00e+00H  1
1997  1.3738999e-03 6.23e-10 9.42e-04 -11.0 1.34e-03    -  1.00e+00 1.00e+00H  1
1998  1.3677296e-03 3.13e-04 2.87e-03 -11.0 1.15e-03    -  1.00e+00 1.00e+00h  1
1999  1.3677021e-03 9.44e-06 9.93e-04 -11.0 1.27e-03    -  1.00e+00 1.00e+00h  1
iter    objective    inf_pr   inf_du lg(mu)  ||d||  lg(rg) alpha_du alpha_pr  ls
2000  1.3675717e-03 1.12e-05 2.08e-03 -11.0 1.79e-02    -  1.00e+00 1.25e-01h  4
2001  1.3674974e-03 6.59e-05 8.92e-03 -11.0 1.24e-01    -  1.00e+00 6.25e-02h  5
2002  1.3671885e-03 7.50e-05 1.18e-02 -11.0 6.20e-01    -  1.00e+00 7.81e-03h  8
2003  1.3669888e-03 8.30e-05 1.45e-02 -11.0 5.22e-01    -  1.00e+00 7.81e-03h  8
2004  1.3666334e-03 1.07e-04 1.73e-02 -11.0 1.51e-01    -  1.00e+00 3.12e-02h  6
2005  1.3663866e-03 1.25e-04 2.11e-02 -11.0 2.73e-01    -  1.00e+00 1.56e-02h  7
2006  1.3662699e-03 1.66e-04 2.46e-02 -11.0 1.80e-01    -  1.00e+00 3.12e-02h  6
2007  1.3661397e-03 1.69e-04 2.27e-02 -11.0 1.26e-01    -  1.00e+00 7.81e-03h  8
2008  1.3662962e-03 1.62e-04 1.81e-02 -11.0 3.86e-02    -  1.00e+00 1.25e-01h  4
2009  1.3660728e-03 1.75e-04 1.49e-02 -11.0 1.50e-01    -  1.00e+00 3.12e-02h  6
iter    objective    inf_pr   inf_du lg(mu)  ||d||  lg(rg) alpha_du alpha_pr  ls
2010  1.2135227e-02 3.42e-01 2.40e+00 -11.0 7.29e-01    -  1.00e+00 1.00e+00w  1
2011  7.1243269e-02 1.45e+00 2.14e+00 -11.0 2.43e-01    -  1.00e+00 1.00e+00w  1
2012  1.0836115e-01 6.29e-01 7.08e+01 -11.0 2.21e-01    -  1.00e+00 1.00e+00w  1
2013  1.3659008e-03 1.93e-04 1.45e-02 -11.0 2.33e-01    -  1.00e+00 7.81e-03h  7
2014  1.3657311e-03 1.45e-04 9.98e-03 -11.0 1.76e-03    -  1.00e+00 2.50e-01h  3
2015  1.3657181e-03 7.50e-05 5.02e-03 -11.0 4.22e-03    -  1.00e+00 1.00e+00h  1
2016  1.3653393e-03 6.27e-05 8.12e-03 -11.0 3.94e-02    -  1.00e+00 6.25e-02h  5
2017  1.3652176e-03 8.20e-05 8.58e-03 -11.0 3.06e-02    -  1.00e+00 3.12e-02h  6
2018  1.3656046e-03 3.44e-05 5.73e-03 -11.0 8.34e-04    -  1.00e+00 1.00e+00h  1
2019  1.3659286e-03 4.52e-05 6.60e-03 -11.0 2.52e-03    -  1.00e+00 1.00e+00h  1
iter    objective    inf_pr   inf_du lg(mu)  ||d||  lg(rg) alpha_du alpha_pr  ls
2020  1.3708064e-03 6.56e-11 1.01e-03 -11.0 2.46e-03    -  1.00e+00 1.00e+00H  1
2021  1.3670295e-03 8.42e-07 2.00e-03 -11.0 2.62e-03    -  1.00e+00 1.00e+00H  1
2022  1.3652855e-03 1.00e-04 1.81e-03 -11.0 5.35e-03    -  1.00e+00 2.50e-01h  3
2023  1.3652735e-03 8.22e-05 3.09e-03 -11.0 4.40e-03    -  1.00e+00 2.50e-01h  3
2024  1.3677033e-03 4.11e-07 1.86e-03 -11.0 1.09e-03    -  1.00e+00 1.00e+00H  1
2025  1.3645929e-03 1.01e-04 3.57e-03 -11.0 1.17e-03    -  1.00e+00 1.00e+00h  1
2026  1.3650922e-03 1.35e-05 4.72e-03 -11.0 4.51e-04    -  1.00e+00 1.00e+00h  1
2027  1.3641409e-03 4.94e-06 5.98e-04 -11.0 3.51e-04    -  1.00e+00 1.00e+00h  1
2028  1.3641291e-03 1.74e-07 4.34e-04 -11.0 6.91e-05    -  1.00e+00 1.00e+00h  1
2029  1.3641048e-03 3.65e-08 1.67e-04 -11.0 1.16e-04    -  1.00e+00 1.00e+00h  1
iter    objective    inf_pr   inf_du lg(mu)  ||d||  lg(rg) alpha_du alpha_pr  ls
2030  1.3643070e-03 4.38e-08 3.58e-03 -11.0 1.54e-03    -  1.00e+00 1.00e+00H  1
2031  1.3650997e-03 1.00e-07 7.71e-04 -11.0 7.91e-04    -  1.00e+00 1.00e+00H  1
2032  1.3640338e-03 9.00e-05 1.26e-03 -11.0 8.24e-04    -  1.00e+00 1.00e+00h  1
2033  1.3640208e-03 5.69e-06 7.50e-04 -11.0 2.45e-04    -  1.00e+00 1.00e+00h  1
2034  1.3638795e-03 1.39e-06 2.79e-04 -11.0 1.81e-04    -  1.00e+00 1.00e+00h  1
2035  1.3638688e-03 1.73e-07 1.84e-04 -11.0 5.95e-05    -  1.00e+00 1.00e+00h  1
2036  1.3638381e-03 2.89e-06 9.68e-04 -11.0 3.81e-04    -  1.00e+00 1.00e+00h  1
2037  1.3638184e-03 5.74e-06 2.80e-03 -11.0 8.57e-03    -  1.00e+00 1.25e-01h  4
2038  1.3637930e-03 5.94e-06 2.48e-03 -11.0 1.12e-02    -  1.00e+00 3.12e-02h  6
2039  1.3656959e-03 7.21e-09 1.14e-03 -11.0 1.56e-03    -  1.00e+00 1.00e+00H  1
iter    objective    inf_pr   inf_du lg(mu)  ||d||  lg(rg) alpha_du alpha_pr  ls
2040  1.3637462e-03 3.11e-04 6.43e-04 -11.0 1.44e-03    -  1.00e+00 1.00e+00h  1
2041  1.3663306e-03 6.74e-11 6.37e-04 -11.0 5.81e-04    -  1.00e+00 1.00e+00H  1
2042  1.3636525e-03 1.10e-04 6.01e-04 -11.0 6.38e-04    -  1.00e+00 1.00e+00h  1
2043  1.3636449e-03 2.91e-07 3.58e-04 -11.0 5.58e-05    -  1.00e+00 1.00e+00h  1
2044  1.3636128e-03 1.69e-07 1.01e-04 -11.0 1.52e-04    -  1.00e+00 1.00e+00h  1
2045  1.3635595e-03 1.32e-06 8.89e-04 -11.0 5.87e-03    -  1.00e+00 1.25e-01h  4
2046  1.3633953e-03 1.55e-05 3.85e-03 -11.0 2.82e-02    -  1.00e+00 6.25e-02h  5
2047  1.3633563e-03 2.03e-05 7.86e-03 -11.0 1.39e-01    -  1.00e+00 1.56e-02h  7
2048  1.3633365e-03 1.94e-05 9.70e-03 -11.0 4.23e-02    -  1.00e+00 3.12e-02h  6
2049  1.3631764e-03 3.14e-05 1.25e-02 -11.0 5.64e-02    -  1.00e+00 6.25e-02h  5
iter    objective    inf_pr   inf_du lg(mu)  ||d||  lg(rg) alpha_du alpha_pr  ls
2050  1.3628009e-03 1.32e-04 1.89e-02 -11.0 9.55e-01    -  1.00e+00 7.81e-03h  8
2051  1.3625655e-03 1.44e-04 2.18e-02 -11.0 6.65e-01    -  1.00e+00 3.91e-03h  9
2052  1.3622541e-03 1.93e-04 2.89e-02 -11.0 3.08e-01    -  1.00e+00 1.56e-02h  7
2053  1.3620520e-03 2.21e-04 3.30e-02 -11.0 4.71e-01    -  1.00e+00 7.81e-03h  8
2054  1.3618801e-03 2.31e-04 3.38e-02 -11.0 2.48e-01    -  1.00e+00 7.81e-03h  8
2055  4.0410703e-03 2.01e-01 1.31e-01 -11.0 3.90e-02    -  1.00e+00 1.00e+00w  1
2056  1.3726039e-03 1.86e-01 1.69e-02 -11.0 2.90e-02    -  1.00e+00 1.00e+00w  1
2057  1.3887767e-03 5.79e-03 2.05e-02 -11.0 1.48e-02    -  1.00e+00 1.00e+00w  1
2058  1.3618209e-03 2.29e-04 3.23e-02 -11.0 1.07e-02    -  1.00e+00 7.81e-03h  7
2059  1.3617488e-03 2.25e-04 2.95e-02 -11.0 1.40e-01    -  1.00e+00 7.81e-03h  8
iter    objective    inf_pr   inf_du lg(mu)  ||d||  lg(rg) alpha_du alpha_pr  ls
2060  1.3615421e-03 2.17e-04 2.36e-02 -11.0 3.39e-02    -  1.00e+00 6.25e-02h  5
2061  1.3613664e-03 2.18e-04 1.89e-02 -11.0 1.38e-01    -  1.00e+00 1.56e-02h  7
2062  1.3612967e-03 2.14e-04 1.77e-02 -11.0 4.40e-02    -  1.00e+00 1.56e-02h  7
2063  1.3613773e-03 2.01e-04 1.63e-02 -11.0 8.28e-03    -  1.00e+00 6.25e-02h  5
2064  1.3609356e-03 2.85e-05 9.05e-04 -11.0 6.13e-04    -  1.00e+00 1.00e+00h  1
2065  1.3647754e-03 1.56e-08 8.12e-04 -11.0 1.42e-03    -  1.00e+00 1.00e+00H  1
2066  1.3607697e-03 2.50e-05 1.86e-03 -11.0 1.01e-03    -  1.00e+00 1.00e+00h  1
2067  1.3617418e-03 1.82e-08 5.08e-04 -11.0 1.48e-03    -  1.00e+00 1.00e+00H  1
2068  1.3623721e-03 7.50e-09 5.95e-04 -11.0 2.84e-03    -  1.00e+00 1.00e+00H  1
2069  1.3623270e-03 2.97e-08 5.89e-04 -11.0 4.29e-03    -  1.00e+00 3.91e-03h  9
iter    objective    inf_pr   inf_du lg(mu)  ||d||  lg(rg) alpha_du alpha_pr  ls
2070  1.3614898e-03 2.01e-06 4.32e-03 -11.0 1.58e-03    -  1.00e+00 1.00e+00H  1
2071  1.3609534e-03 1.33e-05 4.84e-03 -11.0 1.66e-03    -  1.00e+00 2.50e-01h  3
2072  1.3602625e-03 7.47e-05 1.11e-03 -11.0 1.07e-03    -  1.00e+00 1.00e+00h  1
2073  1.3602861e-03 6.59e-05 1.85e-03 -11.0 1.65e-03    -  1.00e+00 1.25e-01h  4
2074  1.3601596e-03 2.51e-06 3.30e-04 -11.0 2.41e-04    -  1.00e+00 1.00e+00h  1
2075  1.3603659e-03 5.51e-09 2.32e-04 -11.0 2.98e-04    -  1.00e+00 1.00e+00H  1
2076  1.3601223e-03 2.86e-06 4.82e-04 -11.0 1.73e-04    -  1.00e+00 1.00e+00h  1
2077  1.3600948e-03 9.71e-07 6.08e-04 -11.0 7.85e-05    -  1.00e+00 1.00e+00h  1
2078  1.3600680e-03 1.01e-07 1.28e-04 -11.0 1.10e-04    -  1.00e+00 1.00e+00h  1
2079  1.3621955e-03 9.05e-10 6.31e-04 -11.0 2.22e-03    -  1.00e+00 1.00e+00H  1
iter    objective    inf_pr   inf_du lg(mu)  ||d||  lg(rg) alpha_du alpha_pr  ls
2080  1.3601463e-03 2.14e-07 1.82e-03 -11.0 5.83e-04    -  1.00e+00 1.00e+00H  1
2081  1.3602199e-03 1.05e-08 3.09e-04 -11.0 4.36e-04    -  1.00e+00 1.00e+00H  1
2082  1.3596595e-03 2.24e-05 9.29e-04 -11.0 4.18e-04    -  1.00e+00 1.00e+00h  1
2083  1.3596306e-03 1.52e-06 6.13e-04 -11.0 4.80e-04    -  1.00e+00 1.00e+00h  1
2084  1.3614044e-03 5.71e-10 4.50e-04 -11.0 7.23e-03    -  1.00e+00 1.00e+00H  1
2085  1.3614012e-03 1.01e-09 4.50e-04 -11.0 7.18e-02    -  1.00e+00 2.44e-04h 13
2086  1.3613967e-03 1.10e-09 4.49e-04 -11.0 2.28e-02    -  1.00e+00 4.88e-04h 12
2087  1.3613920e-03 1.27e-09 4.50e-04 -11.0 1.58e-02    -  1.00e+00 2.44e-04h 13
2088  1.3609355e-03 8.75e-10 4.61e-04 -11.0 3.11e-03    -  1.00e+00 1.00e+00H  1
2089  1.3603709e-03 5.08e-05 3.00e-03 -11.0 6.57e-03    -  1.00e+00 1.25e-01h  4
iter    objective    inf_pr   inf_du lg(mu)  ||d||  lg(rg) alpha_du alpha_pr  ls
2090  1.3597024e-03 3.67e-05 2.94e-03 -11.0 2.66e-03    -  1.00e+00 1.00e+00h  1
2091  1.3593327e-03 4.82e-05 3.54e-03 -11.0 3.06e-02    -  1.00e+00 6.25e-02h  5
2092  1.3593381e-03 4.55e-05 3.19e-03 -11.0 5.60e-03    -  1.00e+00 6.25e-02h  5
2093  1.3590462e-03 1.23e-05 3.60e-04 -11.0 1.45e-03    -  1.00e+00 1.00e+00h  1
2094  1.3590069e-03 5.26e-05 9.24e-04 -11.0 7.37e-03    -  1.00e+00 6.25e-02h  5
2095  1.3592238e-03 4.15e-06 1.17e-03 -11.0 4.80e-04    -  1.00e+00 1.00e+00h  1
2096  1.3589371e-03 4.93e-06 7.06e-04 -11.0 4.99e-04    -  1.00e+00 1.00e+00h  1
2097  1.3593222e-03 4.37e-08 1.11e-03 -11.0 6.47e-04    -  1.00e+00 1.00e+00H  1
2098  1.3588961e-03 2.71e-06 5.23e-04 -11.0 2.36e-04    -  1.00e+00 1.00e+00h  1
2099  1.3588579e-03 3.58e-06 3.69e-04 -11.0 3.64e-04    -  1.00e+00 1.00e+00h  1
iter    objective    inf_pr   inf_du lg(mu)  ||d||  lg(rg) alpha_du alpha_pr  ls
2100  1.3588570e-03 2.53e-06 7.44e-04 -11.0 3.77e-04    -  1.00e+00 5.00e-01h  2
2101  1.3588283e-03 7.21e-06 9.87e-04 -11.0 3.87e-04    -  1.00e+00 1.00e+00h  1
2102  1.3593017e-03 1.31e-07 5.37e-04 -11.0 5.10e-04    -  1.00e+00 1.00e+00H  1
2103  1.3587262e-03 1.78e-05 8.91e-04 -11.0 3.63e-04    -  1.00e+00 1.00e+00h  1
2104  1.3587002e-03 1.74e-06 7.71e-04 -11.0 2.98e-04    -  1.00e+00 1.00e+00h  1
2105  1.3586413e-03 1.94e-06 5.92e-04 -11.0 6.95e-04    -  1.00e+00 1.00e+00h  1
2106  1.3585500e-03 2.65e-06 1.56e-03 -11.0 1.93e-02    -  1.00e+00 6.25e-02h  5
2107  1.3584848e-03 5.03e-06 2.77e-03 -11.0 4.40e-02    -  1.00e+00 3.12e-02h  6
2108  1.3584260e-03 6.42e-06 2.93e-03 -11.0 3.02e-02    -  1.00e+00 3.12e-02h  6
2109  1.3583923e-03 7.32e-06 2.86e-03 -11.0 1.06e-02    -  1.00e+00 6.25e-02h  5
iter    objective    inf_pr   inf_du lg(mu)  ||d||  lg(rg) alpha_du alpha_pr  ls
2110  1.3583432e-03 1.06e-05 4.09e-03 -11.0 1.51e-02    -  1.00e+00 6.25e-02h  5
2111  1.3579925e-03 4.79e-05 1.04e-02 -11.0 7.35e-02    -  1.00e+00 6.25e-02h  5
2112  1.3579251e-03 5.41e-05 1.45e-02 -11.0 2.41e-01    -  1.00e+00 7.81e-03h  8
2113  1.3577428e-03 6.10e-05 1.75e-02 -11.0 5.47e-02    -  1.00e+00 3.12e-02h  6
2114  1.3576011e-03 7.94e-05 2.08e-02 -11.0 8.12e-02    -  1.00e+00 1.56e-02h  7
2115  1.3576212e-03 8.02e-05 2.14e-02 -11.0 1.68e-02    -  1.00e+00 6.25e-02h  5
2116  1.3601882e-03 6.60e-05 5.14e-03 -11.0 3.47e-03    -  1.00e+00 1.00e+00w  1
2117  1.3604106e-03 1.91e-04 6.54e-03 -11.0 5.81e-03    -  1.00e+00 1.00e+00w  1
2118  2.2537862e-03 5.36e-02 7.12e-02 -11.0 5.39e-02    -  1.00e+00 1.00e+00w  1
2119  1.3577949e-03 5.61e-05 1.33e-02 -11.0 3.14e-02    -  1.00e+00 5.00e-01h  1
iter    objective    inf_pr   inf_du lg(mu)  ||d||  lg(rg) alpha_du alpha_pr  ls
2120  1.3878535e-03 3.56e-10 2.52e-03 -11.0 6.98e-03    -  1.00e+00 1.00e+00H  1
2121  1.3877900e-03 4.97e-10 2.51e-03 -11.0 6.77e-03    -  1.00e+00 9.77e-04h 11
2122  1.3877401e-03 5.45e-10 2.51e-03 -11.0 1.07e-02    -  1.00e+00 4.88e-04h 12
2123  1.3876950e-03 6.69e-10 2.51e-03 -11.0 5.56e-03    -  1.00e+00 4.88e-04h 12
2124  1.3637033e-03 2.33e-10 1.69e-03 -11.0 5.30e-03    -  1.00e+00 1.00e+00H  1
2125  1.3649222e-03 1.30e-10 1.14e-03 -11.0 1.42e-03    -  1.00e+00 1.00e+00H  1
2126  1.3562847e-03 5.66e-05 1.38e-03 -11.0 1.07e-03    -  1.00e+00 1.00e+00h  1
2127  1.3562495e-03 1.43e-07 1.02e-03 -11.0 1.68e-04    -  1.00e+00 1.00e+00h  1
2128  1.3561514e-03 1.73e-06 7.34e-04 -11.0 3.74e-04    -  1.00e+00 1.00e+00h  1
2129  1.3592957e-03 3.86e-08 9.30e-04 -11.0 4.81e-03    -  1.00e+00 1.00e+00H  1
iter    objective    inf_pr   inf_du lg(mu)  ||d||  lg(rg) alpha_du alpha_pr  ls
2130  1.3583801e-03 1.28e-07 6.32e-03 -11.0 2.76e-03    -  1.00e+00 1.00e+00H  1
2131  1.3581995e-03 4.87e-07 5.91e-03 -11.0 5.76e-03    -  1.00e+00 1.56e-02h  7
2132  1.3587419e-03 1.22e-08 8.20e-04 -11.0 1.72e-03    -  1.00e+00 1.00e+00H  1
2133  1.3568932e-03 2.08e-08 7.67e-04 -11.0 8.31e-04    -  1.00e+00 1.00e+00H  1
2134  1.3558909e-03 2.44e-05 1.02e-03 -11.0 4.77e-04    -  1.00e+00 1.00e+00h  1
2135  1.3558316e-03 2.34e-06 1.92e-04 -11.0 8.95e-05    -  1.00e+00 1.00e+00h  1
2136  1.3558247e-03 4.75e-08 6.23e-05 -11.0 2.22e-05    -  1.00e+00 1.00e+00h  1
2137  1.3557951e-03 8.42e-07 2.74e-04 -11.0 1.70e-04    -  1.00e+00 1.00e+00h  1
2138  1.3566141e-03 2.23e-08 4.82e-04 -11.0 1.46e-03    -  1.00e+00 1.00e+00H  1
2139  1.3579668e-03 5.85e-08 7.44e-04 -11.0 1.01e-03    -  1.00e+00 1.00e+00H  1
iter    objective    inf_pr   inf_du lg(mu)  ||d||  lg(rg) alpha_du alpha_pr  ls
2140  1.3558126e-03 3.42e-07 1.40e-03 -11.0 1.73e-03    -  1.00e+00 1.00e+00H  1
2141  1.3635067e-03 4.79e-09 2.15e-03 -11.0 1.29e-03    -  1.00e+00 1.00e+00H  1
2142  1.3554415e-03 9.32e-04 1.38e-03 -11.0 1.23e-03    -  1.00e+00 1.00e+00h  1
2143  1.3554615e-03 8.33e-07 6.81e-04 -11.0 2.98e-04    -  1.00e+00 1.00e+00h  1
2144  1.3553870e-03 1.11e-05 3.89e-03 -11.0 7.04e-02    -  1.00e+00 1.56e-02h  7
2145  1.3553780e-03 1.16e-05 5.23e-03 -11.0 1.54e-02    -  1.00e+00 3.12e-02h  6
2146  1.3567549e-03 2.37e-09 4.58e-04 -11.0 2.37e-03    -  1.00e+00 1.00e+00H  1
2147  1.3567351e-03 7.14e-09 4.44e-04 -11.0 5.20e-03    -  1.00e+00 3.91e-03h  9
2148  1.3567077e-03 9.13e-09 4.44e-04 -11.0 2.14e-03    -  1.00e+00 3.91e-03h  9
2149  1.3571017e-03 7.13e-10 4.97e-04 -11.0 1.05e-03    -  1.00e+00 1.00e+00H  1
iter    objective    inf_pr   inf_du lg(mu)  ||d||  lg(rg) alpha_du alpha_pr  ls
2150  1.3590979e-03 9.91e-11 9.83e-04 -11.0 1.47e-03    -  1.00e+00 1.00e+00H  1
2151  1.3561892e-03 1.66e-09 6.81e-04 -11.0 1.35e-03    -  1.00e+00 1.00e+00H  1
2152  1.3587651e-03 2.39e-10 1.23e-03 -11.0 1.50e-03    -  1.00e+00 1.00e+00H  1
2153  1.3553001e-03 4.34e-05 9.06e-04 -11.0 1.20e-03    -  1.00e+00 1.00e+00h  1
2154  1.3551877e-03 3.34e-05 8.88e-04 -11.0 7.28e-04    -  1.00e+00 2.50e-01h  3
2155  1.3550875e-03 4.00e-07 2.33e-04 -11.0 1.53e-04    -  1.00e+00 1.00e+00h  1
2156  1.3550901e-03 1.22e-06 4.19e-04 -11.0 6.26e-05    -  1.00e+00 1.00e+00h  1
2157  1.3550736e-03 4.36e-07 3.44e-05 -11.0 2.99e-05    -  1.00e+00 1.00e+00h  1
2158  1.3550607e-03 2.59e-08 6.36e-05 -11.0 7.21e-05    -  1.00e+00 1.00e+00h  1
2159  1.3555755e-03 2.36e-07 2.59e-03 -11.0 1.13e-03    -  1.00e+00 1.00e+00H  1
iter    objective    inf_pr   inf_du lg(mu)  ||d||  lg(rg) alpha_du alpha_pr  ls
2160  1.3551183e-03 7.84e-08 2.97e-04 -11.0 2.53e-04    -  1.00e+00 1.00e+00H  1
2161  1.3549200e-03 5.91e-06 7.15e-04 -11.0 2.26e-04    -  1.00e+00 1.00e+00h  1
2162  1.3548888e-03 4.27e-07 3.33e-04 -11.0 1.67e-04    -  1.00e+00 1.00e+00h  1
2163  1.3558552e-03 7.38e-09 3.68e-04 -11.0 2.20e-03    -  1.00e+00 1.00e+00H  1
2164  1.3558492e-03 7.39e-09 3.67e-04 -11.0 5.37e-03    -  1.00e+00 1.95e-03h 10
2165  1.3558360e-03 7.35e-09 3.64e-04 -11.0 1.93e-03    -  1.00e+00 1.95e-03h 10
2166  1.3561272e-03 3.86e-08 8.80e-04 -11.0 1.27e-03    -  1.00e+00 1.00e+00H  1
2167  1.3549371e-03 1.55e-07 2.19e-04 -11.0 5.99e-04    -  1.00e+00 1.00e+00H  1
2168  1.3547098e-03 3.82e-06 9.22e-04 -11.0 1.61e-04    -  1.00e+00 1.00e+00h  1
2169  1.3547042e-03 2.61e-08 6.41e-05 -11.0 6.01e-05    -  1.00e+00 1.00e+00h  1
iter    objective    inf_pr   inf_du lg(mu)  ||d||  lg(rg) alpha_du alpha_pr  ls
2170  1.3549419e-03 6.96e-08 1.73e-04 -11.0 7.76e-04    -  1.00e+00 1.00e+00H  1
2171  1.3549055e-03 3.24e-07 2.80e-04 -11.0 3.16e-04    -  1.00e+00 1.00e+00H  1
2172  1.3548715e-03 2.54e-08 1.89e-04 -11.0 6.63e-04    -  1.00e+00 1.00e+00H  1
2173  1.3551041e-03 2.94e-09 3.69e-04 -11.0 7.63e-04    -  1.00e+00 1.00e+00H  1
2174  1.3547565e-03 2.51e-09 1.16e-04 -11.0 8.61e-04    -  1.00e+00 1.00e+00H  1
2175  1.3560680e-03 1.06e-11 4.59e-04 -11.0 9.87e-04    -  1.00e+00 1.00e+00H  1
2176  1.3546785e-03 2.97e-05 1.18e-03 -11.0 8.85e-04    -  1.00e+00 1.00e+00h  1
2177  1.3546367e-03 1.58e-05 5.42e-04 -11.0 6.63e-04    -  1.00e+00 5.00e-01h  2
2178  1.3546371e-03 1.61e-06 5.04e-04 -11.0 1.44e-04    -  1.00e+00 1.00e+00h  1
2179  1.3545860e-03 7.34e-07 1.31e-04 -11.0 8.55e-05    -  1.00e+00 1.00e+00h  1
iter    objective    inf_pr   inf_du lg(mu)  ||d||  lg(rg) alpha_du alpha_pr  ls
2180  1.3545812e-03 3.36e-08 1.29e-05 -11.0 2.91e-05    -  1.00e+00 1.00e+00h  1
2181  1.3545564e-03 3.02e-07 3.54e-04 -11.0 2.11e-04    -  1.00e+00 1.00e+00h  1
2182  1.3545242e-03 7.19e-06 1.43e-03 -11.0 7.85e-03    -  1.00e+00 1.25e-01h  4
2183  1.3544969e-03 8.69e-06 2.26e-03 -11.0 1.73e-02    -  1.00e+00 3.12e-02h  6
2184  1.3544845e-03 1.21e-05 4.09e-03 -11.0 1.18e-02    -  1.00e+00 6.25e-02h  5
2185  1.3544626e-03 1.67e-05 6.72e-03 -11.0 7.34e-03    -  1.00e+00 1.25e-01h  4
2186  1.3544164e-03 2.09e-05 9.05e-03 -11.0 3.05e-02    -  1.00e+00 3.12e-02h  6
2187  1.3543062e-03 2.68e-05 1.02e-02 -11.0 6.41e-02    -  1.00e+00 1.56e-02h  7
2188  1.3543347e-03 2.51e-05 1.02e-02 -11.0 6.82e-03    -  1.00e+00 6.25e-02h  5
2189  1.3550037e-03 8.52e-11 3.34e-04 -11.0 3.28e-03    -  1.00e+00 1.00e+00H  1
iter    objective    inf_pr   inf_du lg(mu)  ||d||  lg(rg) alpha_du alpha_pr  ls
2190  1.3549996e-03 2.48e-10 3.32e-04 -11.0 1.52e-02    -  1.00e+00 4.88e-04h 12
2191  1.3544873e-03 8.50e-06 1.39e-03 -11.0 4.22e-03    -  1.00e+00 2.50e-01h  3
2192  1.3541409e-03 1.92e-05 2.62e-03 -11.0 3.92e-02    -  1.00e+00 6.25e-02h  5
2193  1.3539749e-03 2.73e-05 2.56e-03 -11.0 6.16e-02    -  1.00e+00 3.12e-02h  6
2194  1.3538328e-03 3.27e-05 3.30e-03 -11.0 4.22e-02    -  1.00e+00 3.12e-02h  6
2195  1.3536744e-03 3.26e-05 3.82e-03 -11.0 5.09e-02    -  1.00e+00 1.56e-02h  7
2196  1.3532535e-03 1.11e-04 2.74e-03 -11.0 2.51e-02    -  1.00e+00 2.50e-01h  3
2197  1.3513206e-03 1.41e-03 5.20e-03 -11.0 3.01e+00    -  1.00e+00 7.81e-03h  8
2198  1.3510740e-03 1.44e-03 5.81e-03 -11.0 6.69e+00    -  1.00e+00 4.88e-04h 12
2199  1.3507521e-03 1.67e-03 6.46e-03 -11.0 2.53e+00    -  1.00e+00 3.91e-03h  9
iter    objective    inf_pr   inf_du lg(mu)  ||d||  lg(rg) alpha_du alpha_pr  ls
2200  3.6687804e-02 4.73e+00 3.15e+00 -11.0 1.16e+00    -  1.00e+00 1.00e+00w  1
2201  1.3347419e+00 3.67e+00 1.71e+00 -11.0 8.04e-01    -  1.00e+00 1.00e+00w  1
2202  2.5969982e-01 3.30e+00 1.92e+00 -11.0 5.93e-01    -  1.00e+00 1.00e+00w  1
2203  1.3506099e-03 1.71e-03 6.90e-03 -11.0 5.57e-01    -  1.00e+00 3.91e-03h  8
2204  1.3505628e-03 8.57e-04 4.42e-03 -11.0 2.71e-03    -  1.00e+00 5.00e-01h  2
2205  1.3513180e-03 6.30e-04 2.13e-03 -11.0 2.61e-03    -  1.00e+00 2.50e-01h  3
2206  1.3489715e-03 8.78e-05 2.93e-03 -11.0 5.81e-03    -  1.00e+00 1.00e+00h  1
2207  1.3488495e-03 7.73e-05 4.51e-03 -11.0 1.98e-01    -  1.00e+00 1.56e-02h  7
2208  1.3482748e-03 7.96e-05 6.44e-03 -11.0 1.47e-02    -  1.00e+00 6.25e-02h  5
2209  1.3500875e-03 1.41e-04 5.20e-03 -11.0 4.00e-03    -  1.00e+00 1.00e+00h  1
iter    objective    inf_pr   inf_du lg(mu)  ||d||  lg(rg) alpha_du alpha_pr  ls
2210  1.3495422e-03 1.31e-04 2.35e-03 -11.0 1.04e-02    -  1.00e+00 2.50e-01h  3
2211  1.3500948e-03 1.51e-04 7.33e-03 -11.0 4.45e-03    -  1.00e+00 5.00e-01h  2
2212  1.3544211e-03 8.53e-06 7.43e-03 -11.0 5.00e-03    -  1.00e+00 1.00e+00H  1
2213  1.3497215e-03 8.46e-05 6.76e-03 -11.0 1.03e-02    -  1.00e+00 2.50e-01h  3
2214  1.3461028e-03 1.92e-04 4.41e-03 -11.0 3.41e-03    -  1.00e+00 5.00e-01h  2
2215  1.3501030e-03 2.37e-05 5.53e-03 -11.0 3.44e-03    -  1.00e+00 1.00e+00H  1
2216  1.3455604e-03 1.52e-04 4.05e-03 -11.0 1.98e-03    -  1.00e+00 1.00e+00h  1
2217  1.3447187e-03 1.19e-04 2.32e-03 -11.0 2.30e-03    -  1.00e+00 5.00e-01h  2
2218  1.3437760e-03 4.00e-05 2.10e-03 -11.0 7.17e-04    -  1.00e+00 1.00e+00h  1
2219  1.3435237e-03 3.99e-05 1.70e-03 -11.0 5.04e-04    -  1.00e+00 1.00e+00h  1
iter    objective    inf_pr   inf_du lg(mu)  ||d||  lg(rg) alpha_du alpha_pr  ls
2220  1.3433610e-03 6.06e-06 6.20e-04 -11.0 2.17e-04    -  1.00e+00 1.00e+00h  1
2221  1.3433190e-03 2.02e-06 4.95e-04 -11.0 1.45e-04    -  1.00e+00 1.00e+00h  1
2222  1.3432763e-03 4.73e-07 9.37e-05 -11.0 7.88e-05    -  1.00e+00 1.00e+00h  1
2223  1.3433286e-03 3.49e-09 1.92e-04 -11.0 4.75e-04    -  1.00e+00 1.00e+00H  1
2224  1.3431442e-03 3.86e-06 9.66e-04 -11.0 8.21e-04    -  1.00e+00 1.00e+00h  1
2225  1.3477287e-03 3.97e-10 9.07e-04 -11.0 1.93e-03    -  1.00e+00 1.00e+00H  1
2226  1.3430011e-03 4.36e-05 5.71e-04 -11.0 1.59e-03    -  1.00e+00 1.00e+00h  1
2227  1.3430348e-03 6.99e-06 6.29e-04 -11.0 2.39e-04    -  1.00e+00 1.00e+00h  1
2228  1.3429199e-03 5.09e-06 2.83e-04 -11.0 2.70e-04    -  1.00e+00 1.00e+00h  1
2229  1.3430842e-03 5.63e-09 2.79e-04 -11.0 5.86e-04    -  1.00e+00 1.00e+00H  1
iter    objective    inf_pr   inf_du lg(mu)  ||d||  lg(rg) alpha_du alpha_pr  ls
2230  1.3428553e-03 2.17e-06 8.34e-04 -11.0 2.46e-04    -  1.00e+00 1.00e+00h  1
2231  1.3431133e-03 5.82e-10 2.49e-04 -11.0 2.66e-04    -  1.00e+00 1.00e+00H  1
2232  1.3427989e-03 7.49e-06 4.03e-04 -11.0 1.53e-04    -  1.00e+00 1.00e+00h  1
2233  1.3427837e-03 1.59e-07 1.04e-04 -11.0 9.58e-05    -  1.00e+00 1.00e+00h  1
2234  1.3427249e-03 1.18e-05 1.52e-03 -11.0 1.10e-02    -  1.00e+00 1.25e-01h  4
2235  1.3427018e-03 1.18e-05 2.24e-03 -11.0 2.20e-02    -  1.00e+00 1.56e-02h  7
2236  1.3442816e-03 3.62e-11 6.63e-04 -11.0 2.51e-03    -  1.00e+00 1.00e+00H  1
2237  1.3442800e-03 4.60e-11 6.63e-04 -11.0 6.20e-03    -  1.00e+00 2.44e-04h 13
2238  1.3442780e-03 5.02e-11 6.63e-04 -11.0 7.99e-03    -  1.00e+00 1.22e-04h 14
2239  1.3424279e-03 1.66e-04 2.37e-03 -11.0 2.29e-03    -  1.00e+00 1.00e+00h  1
iter    objective    inf_pr   inf_du lg(mu)  ||d||  lg(rg) alpha_du alpha_pr  ls
2240  1.3422050e-03 1.60e-04 1.62e-03 -11.0 8.04e-03    -  1.00e+00 6.25e-02h  5
2241  1.3456600e-03 5.05e-13 9.87e-04 -11.0 2.67e-03    -  1.00e+00 1.00e+00H  1
2242  1.3456590e-03 2.60e-12 9.87e-04 -11.0 2.21e-03    -  1.00e+00 1.22e-04h 14
2243  1.3456581e-03 4.75e-12 9.86e-04 -11.0 5.06e-03    -  1.00e+00 6.10e-05h 15
2244  1.3456575e-03 5.37e-12 9.86e-04 -11.0 1.14e-02    -  1.00e+00 3.05e-05h 16
2245  1.3456573e-03 5.43e-12 9.86e-04 -11.0 2.31e-02    -  1.00e+00 7.63e-06h 18
2246  1.3438177e-03 2.61e-05 4.30e-03 -11.0 1.03e-02    -  1.00e+00 2.50e-01h  3
2247  1.3431638e-03 1.76e-04 7.88e-03 -11.0 2.87e-02    -  1.00e+00 6.25e-02h  5
2248  1.3425082e-03 1.55e-04 7.53e-03 -11.0 2.60e-03    -  1.00e+00 2.50e-01h  3
2249  1.3445719e-03 1.20e-05 3.74e-03 -11.0 2.86e-03    -  1.00e+00 1.00e+00H  1
iter    objective    inf_pr   inf_du lg(mu)  ||d||  lg(rg) alpha_du alpha_pr  ls
2250  1.3439519e-03 1.20e-05 4.10e-03 -11.0 3.89e-03    -  1.00e+00 1.25e-01h  4
2251  1.3421223e-03 2.69e-04 5.79e-03 -11.0 1.25e-03    -  1.00e+00 1.00e+00h  1
2252  1.3436167e-03 3.46e-05 7.92e-03 -11.0 5.53e-04    -  1.00e+00 1.00e+00h  1
2253  1.3413627e-03 1.67e-05 6.40e-04 -11.0 4.32e-04    -  1.00e+00 1.00e+00h  1
2254  1.3413403e-03 1.24e-07 1.41e-04 -11.0 7.34e-05    -  1.00e+00 1.00e+00h  1
2255  1.3412806e-03 1.78e-05 2.38e-03 -11.0 1.61e-03    -  1.00e+00 1.00e+00h  1
2256  1.3412084e-03 1.83e-05 4.96e-03 -11.0 4.27e-02    -  1.00e+00 3.12e-02h  6
2257  1.3411446e-03 2.10e-05 7.35e-03 -11.0 2.07e-02    -  1.00e+00 6.25e-02h  5
2258  1.3411150e-03 5.39e-05 8.58e-03 -11.0 4.97e-02    -  1.00e+00 6.25e-02h  5
2259  1.3410853e-03 5.47e-05 7.73e-03 -11.0 4.97e-02    -  1.00e+00 1.56e-02h  7
iter    objective    inf_pr   inf_du lg(mu)  ||d||  lg(rg) alpha_du alpha_pr  ls
2260  1.3409557e-03 5.48e-05 7.77e-03 -11.0 2.55e-02    -  1.00e+00 3.12e-02h  6
2261  1.3410958e-03 5.19e-05 8.24e-03 -11.0 1.77e-02    -  1.00e+00 6.25e-02h  5
2262  1.3408700e-03 5.92e-05 5.84e-03 -11.0 8.04e-03    -  1.00e+00 2.50e-01h  3
2263  1.3407392e-03 6.70e-05 5.19e-03 -11.0 4.24e-02    -  1.00e+00 3.12e-02h  6
2264  1.3406289e-03 5.82e-05 4.71e-03 -11.0 3.23e-03    -  1.00e+00 1.25e-01h  4
2265  1.3404390e-03 3.09e-05 3.38e-03 -11.0 1.22e-03    -  1.00e+00 5.00e-01h  2
2266  1.3412874e-03 4.69e-05 5.07e-03 -11.0 3.16e-03    -  1.00e+00 1.00e+00w  1
2267  1.4242053e-03 9.07e-04 1.22e-02 -11.0 1.51e-02    -  1.00e+00 1.00e+00w  1
2268  1.3601291e-03 3.44e-03 1.99e-02 -11.0 4.11e-03    -  1.00e+00 1.00e+00w  1
2269  1.3403941e-03 2.65e-05 3.55e-03 -11.0 1.54e-02    -  1.00e+00 5.00e-01h  1
iter    objective    inf_pr   inf_du lg(mu)  ||d||  lg(rg) alpha_du alpha_pr  ls
2270  1.3404481e-03 2.36e-05 3.41e-03 -11.0 8.68e-03    -  1.00e+00 1.25e-01h  4
2271  1.3403247e-03 2.54e-05 4.05e-03 -11.0 8.31e-03    -  1.00e+00 2.50e-01h  3
2272  1.3399651e-03 4.90e-05 3.71e-03 -11.0 6.03e-02    -  1.00e+00 6.25e-02h  5
2273  1.3397032e-03 7.13e-05 4.72e-03 -11.0 2.36e-01    -  1.00e+00 1.56e-02h  7
2274  1.3395022e-03 1.62e-04 3.24e-03 -11.0 1.94e-01    -  1.00e+00 3.12e-02h  6
2275  1.3392793e-03 2.57e-04 2.62e-03 -11.0 1.69e+00    -  1.00e+00 3.91e-03h  9
2276  1.3389334e-03 3.70e-04 4.68e-03 -11.0 1.79e+00    -  1.00e+00 3.91e-03h  9
2277  1.3387179e-03 5.31e-04 8.00e-03 -11.0 2.19e+00    -  1.00e+00 3.91e-03h  9
2278  1.3384867e-03 5.31e-04 7.72e-03 -11.0 1.20e+00    -  1.00e+00 9.77e-04h 11
2279  1.3384494e-03 4.95e-04 9.17e-03 -11.0 2.81e-02    -  1.00e+00 6.25e-02h  5
iter    objective    inf_pr   inf_du lg(mu)  ||d||  lg(rg) alpha_du alpha_pr  ls
2280  1.4090770e-03 3.35e-03 2.11e-02 -11.0 4.15e-02    -  1.00e+00 1.00e+00w  1
2281  1.4184013e-02 8.50e-01 4.34e-01 -11.0 1.46e-01    -  1.00e+00 1.00e+00w  1
2282  1.5490188e-02 3.08e-01 2.67e-01 -11.0 1.18e-01    -  1.00e+00 1.00e+00w  1
2283  1.3380679e-03 4.51e-04 1.02e-02 -11.0 1.19e-01    -  1.00e+00 1.25e-01h  3
2284  1.3386621e-03 3.88e-04 5.31e-03 -11.0 1.82e-02    -  1.00e+00 1.25e-01h  4
2285  1.3381935e-03 2.76e-04 5.39e-03 -11.0 6.78e-03    -  1.00e+00 2.50e-01h  3
2286  1.3377392e-03 2.08e-04 5.78e-03 -11.0 7.82e-03    -  1.00e+00 2.50e-01h  3
2287  1.4287311e-03 2.08e-05 1.55e-02 -11.0 1.11e-02    -  1.00e+00 1.00e+00H  1
2288  1.3629827e-03 1.81e-03 2.54e-02 -11.0 3.48e-03    -  1.00e+00 1.00e+00h  1
2289  1.3455999e-03 1.47e-04 2.32e-02 -11.0 8.12e-03    -  1.00e+00 1.00e+00H  1
iter    objective    inf_pr   inf_du lg(mu)  ||d||  lg(rg) alpha_du alpha_pr  ls
2290  1.4511286e-03 2.64e-05 2.39e-02 -11.0 5.94e-03    -  1.00e+00 1.00e+00H  1
2291  1.3384625e-03 1.67e-03 9.18e-03 -11.0 7.10e-03    -  1.00e+00 1.00e+00H  1
2292  1.3644324e-03 3.42e-06 1.41e-02 -11.0 2.49e-03    -  1.00e+00 1.00e+00H  1
2293  1.3360670e-03 3.05e-04 2.81e-03 -11.0 2.15e-03    -  1.00e+00 1.00e+00h  1
2294  1.3366216e-03 1.26e-05 3.28e-03 -11.0 3.60e-04    -  1.00e+00 1.00e+00h  1
2295  1.3357452e-03 8.05e-06 2.77e-04 -11.0 2.16e-04    -  1.00e+00 1.00e+00h  1
2296  1.3357384e-03 1.75e-07 1.35e-04 -11.0 2.52e-05    -  1.00e+00 1.00e+00h  1
2297  1.3356372e-03 3.05e-06 6.18e-04 -11.0 4.13e-04    -  1.00e+00 1.00e+00h  1
2298  1.3535255e-03 7.04e-08 2.54e-02 -11.0 6.73e-03    -  1.00e+00 1.00e+00H  1
2299  1.3377248e-03 5.19e-08 6.32e-04 -11.0 3.86e-03    -  1.00e+00 1.00e+00H  1
iter    objective    inf_pr   inf_du lg(mu)  ||d||  lg(rg) alpha_du alpha_pr  ls
2300  1.3878331e-03 5.24e-09 3.18e-03 -11.0 6.94e-03    -  1.00e+00 1.00e+00H  1
2301  1.3375247e-03 1.62e-08 7.13e-04 -11.0 5.18e-03    -  1.00e+00 1.00e+00H  1
2302  1.3355760e-03 6.09e-05 6.68e-03 -11.0 4.27e-03    -  1.00e+00 2.50e-01h  3
2303  1.3353683e-03 3.14e-05 2.37e-03 -11.0 4.76e-04    -  1.00e+00 5.00e-01h  2
2304  1.3352109e-03 3.16e-06 8.51e-04 -11.0 1.62e-04    -  1.00e+00 1.00e+00h  1
2305  1.3351971e-03 2.18e-07 2.87e-04 -11.0 5.99e-05    -  1.00e+00 1.00e+00h  1
2306  1.3351773e-03 4.61e-07 4.67e-04 -11.0 1.61e-04    -  1.00e+00 1.00e+00h  1
2307  1.3354334e-03 5.58e-08 4.03e-03 -11.0 1.64e-03    -  1.00e+00 1.00e+00H  1
2308  1.3571077e-03 6.75e-08 3.01e-03 -11.0 7.19e-03    -  1.00e+00 1.00e+00H  1
2309  1.3569234e-03 1.15e-07 2.99e-03 -11.0 2.64e-03    -  1.00e+00 3.91e-03h  9
iter    objective    inf_pr   inf_du lg(mu)  ||d||  lg(rg) alpha_du alpha_pr  ls
2310  1.3356103e-03 2.74e-08 3.46e-04 -11.0 4.05e-03    -  1.00e+00 1.00e+00H  1
2311  1.3349511e-03 1.58e-05 2.88e-03 -11.0 2.62e-03    -  1.00e+00 1.25e-01h  4
2312  1.3347840e-03 3.00e-06 1.72e-03 -11.0 7.10e-04    -  1.00e+00 1.00e+00h  1
2313  1.3408558e-03 1.20e-09 2.03e-03 -11.0 4.23e-03    -  1.00e+00 1.00e+00H  1
2314  1.3432677e-03 1.85e-10 1.09e-03 -11.0 1.43e-03    -  1.00e+00 1.00e+00H  1
2315  1.3346847e-03 3.79e-04 2.40e-03 -11.0 3.53e-03    -  1.00e+00 1.00e+00h  1
2316  1.3346927e-03 3.32e-04 2.22e-03 -11.0 2.96e-03    -  1.00e+00 1.25e-01h  4
2317  1.3347473e-03 1.66e-04 1.48e-03 -11.0 1.51e-03    -  1.00e+00 5.00e-01h  2
2318  1.3347174e-03 1.56e-04 2.44e-03 -11.0 5.00e-03    -  1.00e+00 6.25e-02h  5
2319  1.3346676e-03 1.18e-04 3.50e-03 -11.0 1.51e-03    -  1.00e+00 2.50e-01h  3
iter    objective    inf_pr   inf_du lg(mu)  ||d||  lg(rg) alpha_du alpha_pr  ls
2320  1.3346740e-03 8.83e-05 1.90e-03 -11.0 9.87e-04    -  1.00e+00 2.50e-01h  3
2321  1.3345851e-03 2.59e-06 1.37e-03 -11.0 6.57e-04    -  1.00e+00 1.00e+00h  1
2322  1.3467614e-03 1.19e-06 5.04e-03 -11.0 1.79e-03    -  1.00e+00 1.00e+00H  1
2323  1.3345087e-03 1.24e-04 3.93e-04 -11.0 1.72e-03    -  1.00e+00 1.00e+00h  1
2324  1.3345287e-03 7.83e-07 5.02e-04 -11.0 1.59e-04    -  1.00e+00 1.00e+00h  1
2325  1.3343911e-03 4.60e-06 6.30e-04 -11.0 1.36e-03    -  1.00e+00 1.00e+00h  1
2326  1.3342238e-03 7.94e-05 2.99e-03 -11.0 2.71e-01    -  1.00e+00 1.56e-02h  7
2327  1.3340780e-03 1.34e-04 4.73e-03 -11.0 4.44e-01    -  1.00e+00 7.81e-03h  8
2328  1.3340460e-03 1.38e-04 5.21e-03 -11.0 2.66e-01    -  1.00e+00 3.91e-03h  9
2329  1.3776555e-03 9.86e-08 1.53e-02 -11.0 1.50e-02    -  1.00e+00 1.00e+00H  1
iter    objective    inf_pr   inf_du lg(mu)  ||d||  lg(rg) alpha_du alpha_pr  ls
2330  1.3438947e-03 2.92e-08 1.45e-02 -11.0 6.50e-03    -  1.00e+00 1.00e+00H  1
2331  1.3434886e-03 1.47e-07 1.41e-02 -11.0 4.32e-02    -  1.00e+00 3.91e-03h  9
2332  1.3434064e-03 1.57e-07 1.40e-02 -11.0 4.86e-02    -  1.00e+00 9.77e-04h 11
2333  1.3433775e-03 1.57e-07 1.40e-02 -11.0 8.51e-03    -  1.00e+00 9.77e-04h 11
2334  1.4314029e-03 1.73e-07 1.22e-02 -11.0 6.30e-03    -  1.00e+00 1.00e+00H  1
2335  1.3341858e-03 2.81e-03 6.17e-03 -11.0 4.26e-03    -  1.00e+00 1.00e+00h  1
2336  1.3335494e-03 1.31e-05 1.85e-03 -11.0 3.10e-04    -  1.00e+00 1.00e+00h  1
2337  1.3334634e-03 7.87e-07 7.05e-04 -11.0 1.75e-04    -  1.00e+00 1.00e+00h  1
2338  1.3334803e-03 8.76e-09 1.09e-04 -11.0 2.47e-04    -  1.00e+00 1.00e+00H  1
2339  1.3333873e-03 5.19e-07 1.01e-03 -11.0 3.09e-04    -  1.00e+00 1.00e+00h  1
iter    objective    inf_pr   inf_du lg(mu)  ||d||  lg(rg) alpha_du alpha_pr  ls
2340  1.3338502e-03 2.34e-09 5.10e-04 -11.0 9.56e-04    -  1.00e+00 1.00e+00H  1
2341  1.3332992e-03 6.72e-06 4.59e-04 -11.0 3.26e-04    -  1.00e+00 1.00e+00h  1
2342  1.3332030e-03 1.83e-06 1.49e-04 -11.0 2.07e-04    -  1.00e+00 1.00e+00h  1
2343  1.3331530e-03 1.73e-06 9.33e-04 -11.0 7.02e-04    -  1.00e+00 1.00e+00h  1
2344  1.3330384e-03 1.99e-05 2.10e-03 -11.0 1.95e-02    -  1.00e+00 1.25e-01h  4
2345  1.3329782e-03 2.16e-05 1.98e-03 -11.0 4.98e-02    -  1.00e+00 1.56e-02h  7
2346  1.3454992e-03 3.87e-10 1.12e-03 -11.0 4.18e-03    -  1.00e+00 1.00e+00H  1
2347  1.3329718e-03 1.05e-06 6.86e-03 -11.0 4.16e-03    -  1.00e+00 1.00e+00H  1
2348  1.3328656e-03 1.13e-05 5.28e-03 -11.0 1.30e-03    -  1.00e+00 1.25e-01h  4
2349  1.3328113e-03 1.87e-06 5.98e-04 -11.0 5.09e-04    -  1.00e+00 1.00e+00h  1
iter    objective    inf_pr   inf_du lg(mu)  ||d||  lg(rg) alpha_du alpha_pr  ls
2350  1.3361275e-03 1.36e-10 7.81e-04 -11.0 9.00e-04    -  1.00e+00 1.00e+00H  1
2351  1.3328025e-03 4.39e-05 6.59e-04 -11.0 7.13e-04    -  1.00e+00 1.00e+00h  1
2352  1.3327791e-03 1.06e-06 1.55e-04 -11.0 4.32e-05    -  1.00e+00 1.00e+00h  1
2353  1.3327687e-03 2.16e-07 8.44e-05 -11.0 2.18e-05    -  1.00e+00 1.00e+00h  1
2354  1.3327642e-03 1.16e-08 1.35e-05 -11.0 2.45e-05    -  1.00e+00 1.00e+00h  1
2355  1.3330025e-03 6.44e-09 2.67e-04 -11.0 5.06e-04    -  1.00e+00 1.00e+00H  1
2356  1.3327063e-03 2.82e-06 1.06e-03 -11.0 1.99e-04    -  1.00e+00 1.00e+00h  1
2357  1.3326837e-03 1.65e-06 2.53e-04 -11.0 7.77e-05    -  1.00e+00 1.00e+00h  1
2358  1.3326577e-03 1.62e-07 2.19e-04 -11.0 9.18e-05    -  1.00e+00 1.00e+00h  1
2359  1.3327835e-03 1.76e-08 1.90e-04 -11.0 6.78e-04    -  1.00e+00 1.00e+00H  1
iter    objective    inf_pr   inf_du lg(mu)  ||d||  lg(rg) alpha_du alpha_pr  ls
2360  1.3328017e-03 3.45e-09 2.91e-04 -11.0 1.61e-03    -  1.00e+00 1.00e+00H  1
2361  1.3327958e-03 5.21e-09 2.90e-04 -11.0 1.56e-02    -  1.00e+00 9.77e-04h 11
2362  1.3365787e-03 7.49e-11 1.03e-03 -11.0 1.58e-03    -  1.00e+00 1.00e+00H  1
2363  1.3324939e-03 3.29e-05 7.32e-04 -11.0 1.19e-03    -  1.00e+00 1.00e+00h  1
2364  1.3325232e-03 2.12e-06 8.01e-04 -11.0 3.49e-04    -  1.00e+00 1.00e+00h  1
2365  1.3325968e-03 9.24e-08 2.08e-04 -11.0 8.49e-04    -  1.00e+00 1.00e+00H  1
2366  1.3369910e-03 1.10e-11 9.63e-04 -11.0 2.50e-03    -  1.00e+00 1.00e+00H  1
2367  1.3335105e-03 2.56e-09 4.57e-04 -11.0 2.74e-03    -  1.00e+00 1.00e+00H  1
2368  1.3335024e-03 2.05e-09 4.55e-04 -11.0 7.96e-03    -  1.00e+00 4.88e-04h 12
2369  1.3333282e-03 1.35e-10 2.61e-04 -11.0 1.02e-03    -  1.00e+00 1.00e+00H  1
iter    objective    inf_pr   inf_du lg(mu)  ||d||  lg(rg) alpha_du alpha_pr  ls
2370  1.3337784e-03 6.92e-10 4.64e-04 -11.0 3.97e-04    -  1.00e+00 1.00e+00H  1
2371  1.3323461e-03 5.98e-05 7.05e-04 -11.0 3.51e-04    -  1.00e+00 1.00e+00h  1
2372  1.3323224e-03 1.01e-07 2.78e-04 -11.0 7.50e-05    -  1.00e+00 1.00e+00h  1
2373  1.3323375e-03 4.83e-10 1.02e-04 -11.0 2.45e-04    -  1.00e+00 1.00e+00H  1
2374  1.3323788e-03 1.51e-10 1.29e-04 -11.0 4.36e-04    -  1.00e+00 1.00e+00H  1
2375  1.3324634e-03 1.19e-11 3.08e-04 -11.0 7.63e-04    -  1.00e+00 1.00e+00H  1
2376  1.3345498e-03 2.82e-11 8.00e-04 -11.0 5.88e-04    -  1.00e+00 1.00e+00H  1
2377  1.3321614e-03 7.97e-05 2.83e-04 -11.0 5.48e-04    -  1.00e+00 1.00e+00h  1
2378  1.3321317e-03 2.60e-07 2.77e-04 -11.0 3.26e-04    -  1.00e+00 1.00e+00h  1
2379  1.3320034e-03 1.89e-05 2.35e-03 -11.0 3.73e-01    -  1.00e+00 7.81e-03h  8
iter    objective    inf_pr   inf_du lg(mu)  ||d||  lg(rg) alpha_du alpha_pr  ls
2380  1.3319953e-03 2.97e-05 5.74e-03 -11.0 3.39e-01    -  1.00e+00 7.81e-03h  8
2381  1.3319519e-03 3.63e-05 9.64e-03 -11.0 6.01e-02    -  1.00e+00 3.12e-02h  6
2382  1.3318601e-03 7.43e-05 1.39e-02 -11.0 2.39e-01    -  1.00e+00 1.56e-02h  7
2383  1.3317918e-03 9.66e-05 2.02e-02 -11.0 1.90e-01    -  1.00e+00 1.56e-02h  7
2384  1.3317939e-03 9.66e-05 2.20e-02 -11.0 7.40e-02    -  1.00e+00 1.56e-02h  7
2385  1.3317003e-03 1.04e-04 2.37e-02 -11.0 7.91e-02    -  1.00e+00 3.12e-02h  6
2386  1.3317594e-03 1.04e-04 2.08e-02 -11.0 2.68e-02    -  1.00e+00 1.56e-02h  7
2387  1.3319411e-03 6.18e-05 6.50e-03 -11.0 2.77e-03    -  1.00e+00 5.00e-01h  2
2388  1.3316916e-03 6.86e-05 8.83e-04 -11.0 1.97e-02    -  1.00e+00 1.25e-01h  4
2389  2.8247249e-03 3.85e-02 8.38e-02 -11.0 9.20e-02    -  1.00e+00 1.00e+00w  1
iter    objective    inf_pr   inf_du lg(mu)  ||d||  lg(rg) alpha_du alpha_pr  ls
2390  1.6464701e-03 4.09e-02 5.11e-02 -11.0 1.00e-01    -  1.00e+00 1.00e+00w  1
2391  5.1583039e-01 9.77e+00 2.14e+00 -11.0 1.32e+00    -  1.00e+00 1.00e+00w  1
2392  1.3314404e-03 7.53e-05 1.56e-03 -11.0 4.19e-01    -  1.00e+00 1.56e-02h  6
2393  1.3314022e-03 7.16e-05 3.28e-03 -11.0 1.32e-02    -  1.00e+00 6.25e-02h  5
2394  1.3311949e-03 7.34e-05 1.28e-03 -11.0 3.01e-02    -  1.00e+00 3.12e-02h  6
2395  1.3311674e-03 6.69e-05 2.28e-03 -11.0 6.92e-03    -  1.00e+00 1.25e-01h  4
2396  1.3311038e-03 6.37e-05 3.94e-03 -11.0 1.16e-02    -  1.00e+00 6.25e-02h  5
2397  1.3316108e-03 8.19e-05 4.77e-03 -11.0 1.25e-02    -  1.00e+00 1.25e-01h  4
2398  1.3315952e-03 4.26e-05 4.29e-03 -11.0 1.10e-03    -  1.00e+00 5.00e-01h  2
2399  1.3314270e-03 2.98e-05 1.88e-03 -11.0 2.20e-03    -  1.00e+00 1.00e+00h  1
iter    objective    inf_pr   inf_du lg(mu)  ||d||  lg(rg) alpha_du alpha_pr  ls
2400  1.3314074e-03 3.20e-05 2.96e-03 -11.0 5.29e-03    -  1.00e+00 1.25e-01h  4
2401  1.3317773e-03 1.30e-05 1.77e-03 -11.0 7.80e-04    -  1.00e+00 1.00e+00h  1
2402  1.3314119e-03 7.75e-05 2.30e-03 -11.0 2.00e-03    -  1.00e+00 1.00e+00h  1
2403  1.3312432e-03 6.84e-05 2.58e-03 -11.0 2.79e-03    -  1.00e+00 1.25e-01h  4
2404  1.3308835e-03 1.45e-05 9.62e-04 -11.0 1.25e-03    -  1.00e+00 1.00e+00h  1
2405  1.3308273e-03 1.41e-05 9.30e-04 -11.0 6.00e-03    -  1.00e+00 6.25e-02h  5
2406  1.3316576e-03 4.51e-05 3.74e-03 -11.0 3.99e-04    -  1.00e+00 1.00e+00h  1
2407  1.3307618e-03 2.39e-05 1.94e-04 -11.0 7.08e-04    -  1.00e+00 1.00e+00h  1
2408  1.3308224e-03 1.33e-06 7.55e-04 -11.0 1.42e-04    -  1.00e+00 1.00e+00h  1
2409  1.3307420e-03 3.40e-07 1.47e-04 -11.0 8.35e-05    -  1.00e+00 1.00e+00h  1
iter    objective    inf_pr   inf_du lg(mu)  ||d||  lg(rg) alpha_du alpha_pr  ls
2410  1.3307315e-03 1.33e-08 1.62e-05 -11.0 3.72e-05    -  1.00e+00 1.00e+00h  1
2411  1.3306693e-03 5.18e-06 9.24e-04 -11.0 8.21e-04    -  1.00e+00 1.00e+00h  1
2412  1.3306476e-03 5.48e-06 1.37e-03 -11.0 7.82e-03    -  1.00e+00 3.12e-02h  6
2413  1.3304738e-03 4.65e-05 3.76e-03 -11.0 2.39e-03    -  1.00e+00 1.00e+00h  1
2414  1.3303785e-03 6.34e-05 4.67e-03 -11.0 9.22e-02    -  1.00e+00 1.56e-02h  7
2415  1.3304227e-03 6.15e-05 4.03e-03 -11.0 8.71e-03    -  1.00e+00 6.25e-02h  5
2416  1.3301322e-03 2.05e-05 2.53e-03 -11.0 1.78e-03    -  1.00e+00 1.00e+00h  1
2417  1.3300869e-03 1.26e-04 7.62e-03 -11.0 6.26e-02    -  1.00e+00 6.25e-02h  5
2418  1.3300159e-03 1.38e-04 7.98e-03 -11.0 9.07e-02    -  1.00e+00 1.56e-02h  7
2419  1.3299783e-03 1.35e-04 8.40e-03 -11.0 1.61e-02    -  1.00e+00 3.12e-02h  6
iter    objective    inf_pr   inf_du lg(mu)  ||d||  lg(rg) alpha_du alpha_pr  ls
2420  1.3300585e-03 9.00e-05 5.87e-03 -11.0 3.95e-03    -  1.00e+00 5.00e-01h  2
2421  1.3300316e-03 9.33e-05 2.31e-03 -11.0 1.41e-02    -  1.00e+00 1.25e-01h  4
2422  1.3297983e-03 8.17e-05 2.76e-03 -11.0 3.63e-03    -  1.00e+00 1.25e-01h  4
2423  1.3303694e-03 2.30e-07 1.55e-03 -11.0 2.98e-03    -  1.00e+00 1.00e+00H  1
2424  1.3302893e-03 1.09e-05 5.30e-03 -11.0 6.39e-03    -  1.00e+00 1.25e-01h  4
2425  1.3308563e-03 6.29e-09 5.78e-04 -11.0 2.91e-03    -  1.00e+00 1.00e+00H  1
2426  1.3301744e-03 1.34e-05 1.32e-03 -11.0 8.60e-03    -  1.00e+00 1.25e-01h  4
2427  1.3297946e-03 1.81e-05 1.74e-03 -11.0 3.51e-03    -  1.00e+00 1.25e-01h  4
2428  1.3292802e-03 3.03e-05 8.84e-04 -11.0 1.39e-03    -  1.00e+00 1.00e+00h  1
2429  1.3291569e-03 2.78e-05 8.72e-04 -11.0 3.73e-03    -  1.00e+00 1.25e-01h  4
iter    objective    inf_pr   inf_du lg(mu)  ||d||  lg(rg) alpha_du alpha_pr  ls
2430  1.3293380e-03 2.93e-05 2.19e-03 -11.0 1.08e-03    -  1.00e+00 1.00e+00h  1
2431  1.3316744e-03 5.60e-09 7.39e-04 -11.0 2.44e-03    -  1.00e+00 1.00e+00H  1
2432  1.3305119e-03 2.14e-07 3.34e-03 -11.0 2.30e-03    -  1.00e+00 1.00e+00H  1
2433  1.3295770e-03 1.13e-05 3.02e-03 -11.0 2.73e-03    -  1.00e+00 2.50e-01h  3
2434  1.3291302e-03 2.67e-05 1.59e-03 -11.0 8.95e-04    -  1.00e+00 2.50e-01h  3
2435  1.3288953e-03 1.53e-05 8.36e-04 -11.0 6.02e-04    -  1.00e+00 1.00e+00h  1
2436  1.3293276e-03 2.58e-05 1.28e-03 -11.0 4.85e-04    -  1.00e+00 1.00e+00h  1
2437  1.3288775e-03 1.86e-05 7.12e-04 -11.0 3.37e-04    -  1.00e+00 1.00e+00h  1
2438  1.3289040e-03 7.33e-07 1.69e-03 -11.0 1.52e-04    -  1.00e+00 1.00e+00h  1
2439  1.3288558e-03 2.25e-07 2.02e-04 -11.0 9.15e-05    -  1.00e+00 1.00e+00h  1
iter    objective    inf_pr   inf_du lg(mu)  ||d||  lg(rg) alpha_du alpha_pr  ls
2440  1.3288550e-03 2.44e-07 5.05e-04 -11.0 9.22e-05    -  1.00e+00 1.00e+00h  1
2441  1.3288299e-03 4.19e-08 2.46e-04 -11.0 1.13e-04    -  1.00e+00 1.00e+00h  1
2442  1.3294545e-03 2.03e-08 3.65e-04 -11.0 1.20e-03    -  1.00e+00 1.00e+00H  1
2443  1.3288314e-03 2.50e-08 1.54e-04 -11.0 2.71e-04    -  1.00e+00 1.00e+00H  1
2444  1.3286647e-03 8.53e-07 8.46e-04 -11.0 2.16e-04    -  1.00e+00 1.00e+00h  1
2445  1.3287241e-03 1.39e-08 1.99e-04 -11.0 8.12e-04    -  1.00e+00 1.00e+00H  1
2446  1.3290110e-03 9.35e-11 3.10e-04 -11.0 2.81e-03    -  1.00e+00 1.00e+00H  1
2447  1.3290075e-03 5.74e-10 3.09e-04 -11.0 2.97e-02    -  1.00e+00 4.88e-04h 12
2448  1.3290049e-03 9.43e-10 3.09e-04 -11.0 8.73e-02    -  1.00e+00 1.22e-04h 14
2449  1.3290031e-03 1.14e-09 3.08e-04 -11.0 5.66e-02    -  1.00e+00 1.22e-04h 14
iter    objective    inf_pr   inf_du lg(mu)  ||d||  lg(rg) alpha_du alpha_pr  ls
2450  1.3290000e-03 1.48e-09 3.07e-04 -11.0 4.58e-02    -  1.00e+00 2.44e-04h 13
2451  1.3289988e-03 1.54e-09 3.07e-04 -11.0 3.02e-02    -  1.00e+00 1.22e-04h 14
2452  1.3285769e-03 2.78e-04 2.10e-03 -11.0 8.01e-02    -  1.00e+00 1.25e-01h  4
2453  1.3282991e-03 2.89e-04 2.87e-03 -11.0 1.15e+00    -  1.00e+00 1.95e-03h 10
2454  1.3281428e-03 2.92e-04 3.07e-03 -11.0 1.16e-01    -  1.00e+00 1.56e-02h  7
2455  1.3280597e-03 3.13e-04 4.79e-03 -11.0 1.14e-01    -  1.00e+00 3.12e-02h  6
2456  1.3279383e-03 3.12e-04 6.00e-03 -11.0 1.23e-01    -  1.00e+00 7.81e-03h  8
2457  1.5367136e-03 2.00e-03 4.50e-02 -11.0 5.81e-03    -  1.00e+00 1.00e+00w  1
2458  1.3287783e-03 1.88e-03 2.11e-03 -11.0 7.73e-03    -  1.00e+00 1.00e+00w  1
2459  1.3290616e-03 2.47e-05 3.15e-03 -11.0 5.80e-04    -  1.00e+00 1.00e+00w  1
iter    objective    inf_pr   inf_du lg(mu)  ||d||  lg(rg) alpha_du alpha_pr  ls
2460  1.3272952e-03 1.40e-05 5.17e-04 -11.0 4.39e-04    -  1.00e+00 1.00e+00h  1
2461  1.3272311e-03 3.33e-07 1.90e-04 -11.0 4.41e-04    -  1.00e+00 1.00e+00h  1
2462  1.3268877e-03 4.17e-05 1.09e-03 -11.0 1.46e-01    -  1.00e+00 3.12e-02h  6
2463  1.3263470e-03 1.70e-04 3.80e-03 -11.0 1.01e+00    -  1.00e+00 7.81e-03h  8
2464  1.3259952e-03 2.39e-04 6.31e-03 -11.0 1.63e+00    -  1.00e+00 3.91e-03h  9
2465  1.3259664e-03 2.61e-04 7.88e-03 -11.0 9.47e-01    -  1.00e+00 3.91e-03h  9
2466  1.3259030e-03 2.60e-04 9.60e-03 -11.0 1.02e-01    -  1.00e+00 1.56e-02h  7
2467  1.3258148e-03 2.58e-04 9.64e-03 -11.0 8.44e-02    -  1.00e+00 1.56e-02h  7
2468  1.3256600e-03 2.63e-04 9.06e-03 -11.0 1.51e-01    -  1.00e+00 1.56e-02h  7
2469  1.3252995e-03 3.76e-04 8.26e-03 -11.0 2.71e-01    -  1.00e+00 3.12e-02h  6
iter    objective    inf_pr   inf_du lg(mu)  ||d||  lg(rg) alpha_du alpha_pr  ls
2470  1.3250812e-03 5.56e-04 9.75e-03 -11.0 2.65e+00    -  1.00e+00 3.91e-03h  9
2471  1.3247462e-03 6.21e-04 1.08e-02 -11.0 1.68e+00    -  1.00e+00 3.91e-03h  9
2472  2.0327869e-02 4.81e-01 3.70e-01 -11.0 4.35e-01    -  1.00e+00 1.00e+00w  1
2473  1.4279771e-02 4.34e-01 2.39e-01 -11.0 2.96e-01    -  1.00e+00 1.00e+00w  1
2474  1.2652969e+00 7.35e+00 1.77e+01 -11.0 1.19e+00    -  1.00e+00 1.00e+00w  1
2475  1.3245158e-03 6.22e-04 1.12e-02 -11.0 5.85e-01    -  1.00e+00 3.91e-03h  8
2476  1.3246795e-03 4.33e-05 5.69e-03 -11.0 2.23e-03    -  1.00e+00 1.00e+00h  1
2477  1.3243758e-03 4.29e-05 4.53e-03 -11.0 1.00e-02    -  1.00e+00 6.25e-02h  5
2478  1.3249713e-03 7.39e-05 3.61e-03 -11.0 1.26e-03    -  1.00e+00 1.00e+00h  1
2479  1.3256032e-03 4.04e-05 1.01e-02 -11.0 2.58e-03    -  1.00e+00 1.00e+00h  1
iter    objective    inf_pr   inf_du lg(mu)  ||d||  lg(rg) alpha_du alpha_pr  ls
2480  1.3292795e-03 1.25e-09 9.64e-04 -11.0 2.14e-03    -  1.00e+00 1.00e+00H  1
2481  1.3255941e-03 2.33e-06 6.39e-03 -11.0 2.35e-03    -  1.00e+00 1.00e+00H  1
2482  1.3312262e-03 7.70e-10 1.02e-03 -11.0 2.17e-03    -  1.00e+00 1.00e+00H  1
2483  1.3249097e-03 3.88e-04 1.30e-02 -11.0 1.90e-03    -  1.00e+00 1.00e+00h  1
2484  1.3248737e-03 8.01e-05 1.27e-02 -11.0 1.45e-03    -  1.00e+00 1.00e+00h  1
2485  1.3227687e-03 3.38e-05 3.00e-03 -11.0 8.17e-04    -  1.00e+00 1.00e+00h  1
2486  1.3234730e-03 6.28e-05 7.65e-03 -11.0 6.17e-04    -  1.00e+00 1.00e+00h  1
2487  1.3220365e-03 4.22e-05 2.93e-04 -11.0 4.50e-04    -  1.00e+00 1.00e+00h  1
2488  1.3220340e-03 2.55e-06 5.00e-04 -11.0 1.27e-04    -  1.00e+00 1.00e+00h  1
2489  1.3219977e-03 5.63e-07 4.23e-05 -11.0 6.53e-05    -  1.00e+00 1.00e+00h  1
iter    objective    inf_pr   inf_du lg(mu)  ||d||  lg(rg) alpha_du alpha_pr  ls
2490  1.3219749e-03 1.77e-07 1.52e-04 -11.0 5.56e-05    -  1.00e+00 1.00e+00h  1
2491  1.3219477e-03 6.28e-06 1.01e-03 -11.0 5.32e-04    -  1.00e+00 1.00e+00h  1
2492  1.3245111e-03 1.67e-09 7.81e-04 -11.0 4.02e-03    -  1.00e+00 1.00e+00H  1
2493  1.3307399e-03 5.29e-10 1.34e-03 -11.0 1.74e-03    -  1.00e+00 1.00e+00H  1
2494  1.3233502e-03 1.91e-07 2.74e-03 -11.0 2.50e-03    -  1.00e+00 1.00e+00H  1
2495  1.3232245e-03 1.92e-07 2.58e-03 -11.0 2.23e-03    -  1.00e+00 1.56e-02h  7
2496  1.3228948e-03 4.82e-08 2.94e-03 -11.0 2.98e-03    -  1.00e+00 1.00e+00H  1
2497  1.3550133e-03 1.21e-08 3.28e-03 -11.0 5.00e-03    -  1.00e+00 1.00e+00H  1
2498  1.3228900e-03 1.20e-03 2.92e-03 -11.0 5.50e-03    -  1.00e+00 1.00e+00h  1
2499  1.3226282e-03 9.03e-04 4.07e-03 -11.0 4.90e-03    -  1.00e+00 2.50e-01h  3
iter    objective    inf_pr   inf_du lg(mu)  ||d||  lg(rg) alpha_du alpha_pr  ls
2500  1.3226480e-03 3.57e-05 2.61e-03 -11.0 9.86e-04    -  1.00e+00 1.00e+00h  1
2501  1.3216200e-03 1.13e-04 2.60e-03 -11.0 8.94e-04    -  1.00e+00 1.00e+00h  1
2502  1.3218580e-03 5.19e-06 3.35e-03 -11.0 3.64e-04    -  1.00e+00 1.00e+00h  1
2503  1.3212481e-03 6.37e-06 4.10e-04 -11.0 2.06e-04    -  1.00e+00 1.00e+00h  1
2504  1.3212263e-03 5.72e-07 1.83e-04 -11.0 1.12e-04    -  1.00e+00 1.00e+00h  1
2505  1.3213587e-03 3.19e-09 2.23e-04 -11.0 6.57e-04    -  1.00e+00 1.00e+00H  1
2506  1.3212526e-03 5.63e-08 1.43e-03 -11.0 1.71e-03    -  1.00e+00 1.00e+00H  1
2507  1.3212069e-03 1.56e-05 3.18e-03 -11.0 7.51e-03    -  1.00e+00 1.25e-01h  4
2508  1.3252911e-03 7.22e-10 9.50e-04 -11.0 8.46e-04    -  1.00e+00 1.00e+00H  1
2509  1.3207606e-03 5.82e-05 1.00e-03 -11.0 6.74e-04    -  1.00e+00 1.00e+00h  1
iter    objective    inf_pr   inf_du lg(mu)  ||d||  lg(rg) alpha_du alpha_pr  ls
2510  1.3206948e-03 1.18e-05 2.70e-04 -11.0 8.52e-04    -  1.00e+00 1.00e+00h  1
2511  1.3206357e-03 4.22e-05 1.01e-03 -11.0 1.75e-01    -  1.00e+00 7.81e-03h  8
2512  1.3206325e-03 5.45e-05 1.69e-03 -11.0 5.80e-02    -  1.00e+00 1.56e-02h  7
2513  1.3206233e-03 5.29e-05 1.35e-03 -11.0 2.02e-03    -  1.00e+00 3.12e-02h  6
2514  1.3205754e-03 4.05e-06 2.77e-04 -11.0 4.64e-04    -  1.00e+00 1.00e+00h  1
2515  1.3232892e-03 1.08e-09 1.10e-03 -11.0 7.33e-04    -  1.00e+00 1.00e+00H  1
2516  1.3205653e-03 7.50e-05 2.12e-04 -11.0 6.86e-04    -  1.00e+00 1.00e+00h  1
2517  1.3205462e-03 2.61e-07 2.36e-04 -11.0 5.59e-05    -  1.00e+00 1.00e+00h  1
2518  1.3205291e-03 3.67e-07 3.51e-04 -11.0 1.51e-04    -  1.00e+00 1.00e+00h  1
2519  1.3205188e-03 5.07e-07 4.40e-04 -11.0 4.36e-03    -  1.00e+00 3.12e-02h  6
iter    objective    inf_pr   inf_du lg(mu)  ||d||  lg(rg) alpha_du alpha_pr  ls
2520  1.3206325e-03 2.52e-08 1.40e-03 -11.0 1.00e-03    -  1.00e+00 1.00e+00H  1
2521  1.3206216e-03 2.42e-08 1.45e-03 -11.0 7.51e-03    -  1.00e+00 7.81e-03h  8
2522  1.3206136e-03 3.26e-08 1.51e-03 -11.0 1.74e-02    -  1.00e+00 1.95e-03h 10
2523  1.3205966e-03 6.17e-08 1.52e-03 -11.0 7.26e-03    -  1.00e+00 7.81e-03h  8
2524  1.3205932e-03 6.29e-08 1.50e-03 -11.0 1.72e-02    -  1.00e+00 9.77e-04h 11
2525  1.3205426e-03 2.59e-07 2.03e-03 -11.0 2.94e-02    -  1.00e+00 7.81e-03h  8
2526  1.3606209e-03 4.37e-08 2.51e-02 -11.0 1.27e-02    -  1.00e+00 1.00e+00H  1
2527  1.3434219e-03 2.18e-08 1.17e-03 -11.0 2.99e-03    -  1.00e+00 1.00e+00H  1
2528  1.3283986e-03 2.59e-08 1.29e-03 -11.0 8.76e-03    -  1.00e+00 1.00e+00H  1
2529  1.3282735e-03 3.01e-08 1.29e-03 -11.0 7.85e-02    -  1.00e+00 9.77e-04h 11
iter    objective    inf_pr   inf_du lg(mu)  ||d||  lg(rg) alpha_du alpha_pr  ls
2530  1.3281988e-03 3.52e-08 1.30e-03 -11.0 2.60e-02    -  1.00e+00 9.77e-04h 11
2531  1.3211639e-03 1.34e-04 6.44e-03 -11.0 1.99e-03    -  1.00e+00 1.00e+00h  1
2532  1.3262132e-03 6.65e-05 5.26e-03 -11.0 9.31e-04    -  1.00e+00 1.00e+00h  1
2533  1.3198291e-03 3.94e-05 5.31e-04 -11.0 6.85e-04    -  1.00e+00 1.00e+00h  1
2534  1.3198129e-03 4.08e-08 3.49e-05 -11.0 4.24e-05    -  1.00e+00 1.00e+00h  1
2535  1.3198564e-03 8.55e-09 1.23e-04 -11.0 7.49e-04    -  1.00e+00 1.00e+00H  1
2536  1.3209303e-03 4.00e-09 3.06e-04 -11.0 2.49e-03    -  1.00e+00 1.00e+00H  1
2537  1.3231791e-03 4.21e-09 1.13e-03 -11.0 7.63e-04    -  1.00e+00 1.00e+00H  1
2538  1.3197023e-03 2.32e-04 4.93e-04 -11.0 2.02e-03    -  1.00e+00 1.00e+00h  1
2539  1.3197811e-03 1.20e-04 8.40e-04 -11.0 2.55e-04    -  1.00e+00 5.00e-01h  2
iter    objective    inf_pr   inf_du lg(mu)  ||d||  lg(rg) alpha_du alpha_pr  ls
2540  1.3196893e-03 2.43e-06 9.18e-05 -11.0 8.79e-05    -  1.00e+00 1.00e+00h  1
2541  1.3196861e-03 4.41e-09 1.36e-05 -11.0 1.65e-05    -  1.00e+00 1.00e+00h  1
2542  1.3196649e-03 1.65e-06 5.95e-04 -11.0 3.30e-04    -  1.00e+00 1.00e+00h  1
2543  1.3212102e-03 2.93e-10 5.92e-04 -11.0 1.58e-03    -  1.00e+00 1.00e+00H  1
2544  1.3200309e-03 3.47e-09 3.48e-04 -11.0 7.19e-04    -  1.00e+00 1.00e+00H  1
2545  1.3200926e-03 2.36e-11 2.87e-04 -11.0 1.03e-03    -  1.00e+00 1.00e+00H  1
2546  1.3209600e-03 2.20e-12 3.87e-04 -11.0 4.40e-04    -  1.00e+00 1.00e+00H  1
2547  1.3195627e-03 2.58e-05 4.80e-04 -11.0 8.27e-04    -  1.00e+00 1.00e+00h  1
2548  1.3195835e-03 1.38e-06 5.60e-04 -11.0 1.04e-04    -  1.00e+00 1.00e+00h  1
2549  1.3195454e-03 4.63e-07 6.70e-05 -11.0 5.53e-05    -  1.00e+00 1.00e+00h  1
iter    objective    inf_pr   inf_du lg(mu)  ||d||  lg(rg) alpha_du alpha_pr  ls
2550  1.3195405e-03 1.80e-08 1.77e-05 -11.0 2.76e-05    -  1.00e+00 1.00e+00h  1
2551  1.3195513e-03 8.47e-09 1.33e-04 -11.0 6.05e-04    -  1.00e+00 1.00e+00H  1
2552  1.3195399e-03 2.44e-07 3.34e-04 -11.0 1.37e-03    -  1.00e+00 6.25e-02h  5
2553  1.3194814e-03 8.83e-07 3.12e-04 -11.0 2.05e-04    -  1.00e+00 1.00e+00h  1
2554  1.3196436e-03 1.02e-09 2.21e-04 -11.0 2.87e-04    -  1.00e+00 1.00e+00H  1
2555  1.3194228e-03 3.55e-06 1.04e-04 -11.0 1.03e-04    -  1.00e+00 1.00e+00h  1
2556  1.3194033e-03 6.76e-07 1.07e-04 -11.0 2.19e-04    -  1.00e+00 1.00e+00h  1
2557  1.3193689e-03 6.12e-06 1.09e-03 -11.0 8.02e-03    -  1.00e+00 1.25e-01h  4
2558  1.3193218e-03 3.34e-05 1.87e-03 -11.0 7.48e-02    -  1.00e+00 3.12e-02h  6
2559  1.3192288e-03 4.30e-05 2.46e-03 -11.0 1.13e-01    -  1.00e+00 1.56e-02h  7
iter    objective    inf_pr   inf_du lg(mu)  ||d||  lg(rg) alpha_du alpha_pr  ls
2560  1.3191682e-03 4.65e-05 3.81e-03 -11.0 1.72e-01    -  1.00e+00 7.81e-03h  8
2561  1.3191911e-03 4.75e-05 5.44e-03 -11.0 3.80e-02    -  1.00e+00 3.12e-02h  6
2562  1.3191178e-03 5.18e-05 6.36e-03 -11.0 7.98e-02    -  1.00e+00 1.56e-02h  7
2563  1.3191089e-03 5.12e-05 7.37e-03 -11.0 3.02e-02    -  1.00e+00 6.25e-02h  5
2564  1.3190382e-03 5.11e-05 8.56e-03 -11.0 4.23e-02    -  1.00e+00 3.12e-02h  6
2565  1.3189881e-03 6.25e-05 8.62e-03 -11.0 1.75e-02    -  1.00e+00 6.25e-02h  5
2566  1.3189583e-03 6.34e-05 6.43e-03 -11.0 5.31e-03    -  1.00e+00 1.25e-01h  4
2567  1.3208876e-03 1.29e-04 4.95e-03 -11.0 5.12e-03    -  1.00e+00 1.00e+00w  1
2568  1.5632344e-03 2.09e-02 5.01e-02 -11.0 6.75e-02    -  1.00e+00 1.00e+00w  1
2569  2.8045788e-03 4.01e-02 1.43e-01 -11.0 1.23e-01    -  1.00e+00 1.00e+00w  1
iter    objective    inf_pr   inf_du lg(mu)  ||d||  lg(rg) alpha_du alpha_pr  ls
2570  1.3187898e-03 5.56e-05 4.01e-03 -11.0 3.12e-01    -  1.00e+00 2.50e-01h  2
2571  1.3187238e-03 5.89e-05 4.90e-03 -11.0 5.97e-02    -  1.00e+00 1.56e-02h  7
2572  1.3186640e-03 6.59e-05 4.80e-03 -11.0 1.56e-02    -  1.00e+00 6.25e-02h  5
2573  1.3192974e-03 5.89e-05 3.58e-03 -11.0 3.99e-03    -  1.00e+00 2.50e-01h  3
2574  1.3187551e-03 1.08e-05 1.63e-03 -11.0 1.40e-03    -  1.00e+00 1.00e+00h  1
2575  1.3185771e-03 1.94e-05 2.23e-03 -11.0 1.07e-02    -  1.00e+00 1.25e-01h  4
2576  1.3184768e-03 4.65e-05 4.46e-03 -11.0 1.48e-02    -  1.00e+00 2.50e-01h  3
2577  1.3183705e-03 5.20e-05 4.64e-03 -11.0 2.25e-01    -  1.00e+00 7.81e-03h  8
2578  1.3182796e-03 6.75e-05 3.40e-03 -11.0 2.06e-01    -  1.00e+00 1.56e-02h  7
2579  1.3181417e-03 1.39e-04 7.07e-03 -11.0 3.76e-01    -  1.00e+00 1.56e-02h  7
iter    objective    inf_pr   inf_du lg(mu)  ||d||  lg(rg) alpha_du alpha_pr  ls
2580  1.3180489e-03 2.76e-04 1.08e-02 -11.0 1.14e+00    -  1.00e+00 7.81e-03h  8
2581  1.3180028e-03 4.20e-04 1.63e-02 -11.0 2.29e+00    -  1.00e+00 3.91e-03h  9
2582  1.3179672e-03 6.24e-04 2.23e-02 -11.0 1.37e+00    -  1.00e+00 7.81e-03h  8
2583  1.3176747e-03 7.00e-04 2.50e-02 -11.0 3.55e+00    -  1.00e+00 1.95e-03h 10
2584  1.3174434e-03 7.66e-04 2.52e-02 -11.0 2.07e+00    -  1.00e+00 3.91e-03h  9
2585  2.2991687e-02 6.05e-01 1.01e+00 -11.0 6.45e-01    -  1.00e+00 1.00e+00w  1
2586  2.4330488e-02 7.03e-01 3.11e-01 -11.0 3.90e-01    -  1.00e+00 1.00e+00w  1
2587  3.7177858e+00 1.44e+01 3.04e+01 -11.0 3.08e+00    -  1.00e+00 1.00e+00w  1
2588  1.3172722e-03 7.66e-04 2.79e-02 -11.0 1.43e+00    -  1.00e+00 3.91e-03h  8
2589  1.3176444e-03 6.35e-04 1.70e-02 -11.0 7.85e-03    -  1.00e+00 2.50e-01h  3
iter    objective    inf_pr   inf_du lg(mu)  ||d||  lg(rg) alpha_du alpha_pr  ls
2590  1.3176992e-03 5.31e-04 1.66e-02 -11.0 1.11e-02    -  1.00e+00 2.50e-01h  3
2591  1.3178276e-03 4.77e-04 1.33e-02 -11.0 3.57e-02    -  1.00e+00 1.25e-01h  4
2592  1.3176898e-03 5.46e-04 6.50e-03 -11.0 9.83e-02    -  1.00e+00 6.25e-02h  5
2593  1.3172295e-03 5.38e-04 3.45e-03 -11.0 4.58e-02    -  1.00e+00 3.12e-02h  6
2594  1.3167318e-03 4.19e-04 6.07e-03 -11.0 8.11e-03    -  1.00e+00 2.50e-01h  3
2595  1.3160473e-03 3.91e-04 1.13e-02 -11.0 1.97e-02    -  1.00e+00 2.50e-01h  3
2596  1.3155449e-03 4.00e-04 1.24e-02 -11.0 1.16e-01    -  1.00e+00 6.25e-02h  5
2597  1.3150023e-03 3.95e-04 1.27e-02 -11.0 1.81e-01    -  1.00e+00 1.56e-02h  7
2598  1.9610649e-03 1.20e-02 7.18e-02 -11.0 8.28e-02    -  1.00e+00 1.00e+00w  1
2599  1.7669865e-03 5.82e-03 3.49e-02 -11.0 2.68e-02    -  1.00e+00 1.00e+00w  1
iter    objective    inf_pr   inf_du lg(mu)  ||d||  lg(rg) alpha_du alpha_pr  ls
2600  4.4700011e-03 1.03e-01 1.47e-01 -11.0 1.41e-01    -  1.00e+00 1.00e+00w  1
2601  1.3148095e-03 3.87e-04 1.43e-02 -11.0 1.30e-01    -  1.00e+00 3.12e-02h  5
2602  1.3168796e-03 3.07e-04 9.26e-03 -11.0 5.88e-03    -  1.00e+00 2.50e-01h  3
2603  1.3152272e-03 1.78e-04 5.31e-03 -11.0 7.72e-03    -  1.00e+00 5.00e-01h  2
2604  1.3140672e-03 1.61e-04 2.98e-03 -11.0 2.35e-02    -  1.00e+00 1.25e-01h  4
2605  1.3143050e-03 1.53e-04 2.88e-03 -11.0 5.02e-03    -  1.00e+00 2.50e-01h  3
2606  1.3139122e-03 7.18e-05 4.09e-03 -11.0 4.06e-03    -  1.00e+00 1.00e+00h  1
2607  1.3143429e-03 6.50e-05 3.10e-03 -11.0 2.01e-02    -  1.00e+00 1.25e-01h  4
2608  1.3163019e-03 1.29e-04 1.50e-03 -11.0 1.70e-03    -  1.00e+00 5.00e-01h  2
2609  1.3122096e-03 5.97e-05 3.89e-04 -11.0 3.08e-03    -  1.00e+00 1.00e+00h  1
iter    objective    inf_pr   inf_du lg(mu)  ||d||  lg(rg) alpha_du alpha_pr  ls
2610  1.3129222e-03 4.68e-05 9.15e-04 -11.0 1.35e-03    -  1.00e+00 2.50e-01h  3
2611  1.3120937e-03 2.57e-05 1.39e-04 -11.0 3.06e-04    -  1.00e+00 1.00e+00h  1
2612  1.3120706e-03 2.29e-07 2.51e-04 -11.0 1.35e-04    -  1.00e+00 1.00e+00h  1
2613  1.3125487e-03 5.47e-08 3.28e-04 -11.0 3.80e-03    -  1.00e+00 1.00e+00H  1
2614  1.3125205e-03 5.72e-08 3.29e-04 -11.0 6.53e-02    -  1.00e+00 1.95e-03h 10
2615  1.3124893e-03 1.46e-07 3.26e-04 -11.0 1.49e-01    -  1.00e+00 9.77e-04h 11
2616  1.3124807e-03 1.53e-07 3.28e-04 -11.0 6.26e-01    -  1.00e+00 6.10e-05h 15
2617  1.3124748e-03 1.56e-07 3.26e-04 -11.0 2.26e-01    -  1.00e+00 1.22e-04h 14
2618  1.3116102e-03 5.50e-04 6.83e-03 -11.0 7.77e-01    -  1.00e+00 1.56e-02h  7
2619  1.3112933e-03 6.09e-04 6.30e-03 -11.0 9.95e-01    -  1.00e+00 3.91e-03h  9
iter    objective    inf_pr   inf_du lg(mu)  ||d||  lg(rg) alpha_du alpha_pr  ls
2620  1.3108395e-03 6.10e-04 2.33e-03 -11.0 1.10e-01    -  1.00e+00 1.56e-02h  7
2621  1.3103503e-03 5.85e-04 4.23e-03 -11.0 3.19e-02    -  1.00e+00 1.25e-01h  4
2622  1.3096476e-03 8.52e-04 7.10e-03 -11.0 1.12e+00    -  1.00e+00 7.81e-03h  8
2623  1.3091889e-03 1.01e-03 1.23e-02 -11.0 3.53e+00    -  1.00e+00 1.95e-03h 10
2624  3.6448797e-02 3.95e+00 9.53e-01 -11.0 1.01e+00    -  1.00e+00 1.00e+00w  1
2625  5.7917201e-02 1.24e+00 6.41e-01 -11.0 4.78e-01    -  1.00e+00 1.00e+00w  1
2626  1.8547024e+00 1.47e+01 1.89e+01 -11.0 6.01e-01    -  1.00e+00 1.00e+00w  1
2627  1.3089857e-03 1.06e-03 1.51e-02 -11.0 1.76e+00    -  1.00e+00 3.91e-03h  8
2628  1.3094072e-03 7.38e-04 4.98e-03 -11.0 1.54e-02    -  1.00e+00 5.00e-01h  2
2629  1.3091583e-03 7.48e-04 5.88e-03 -11.0 1.92e-01    -  1.00e+00 7.81e-03h  8
iter    objective    inf_pr   inf_du lg(mu)  ||d||  lg(rg) alpha_du alpha_pr  ls
2630  1.3110523e-03 5.73e-04 3.19e-03 -11.0 4.14e-03    -  1.00e+00 2.50e-01h  3
2631  1.3084360e-03 2.75e-04 2.11e-03 -11.0 7.88e-03    -  1.00e+00 1.00e+00h  1
2632  1.3081475e-03 2.90e-04 3.66e-03 -11.0 2.44e-01    -  1.00e+00 7.81e-03h  8
2633  1.3083712e-03 2.80e-04 4.92e-03 -11.0 2.68e-02    -  1.00e+00 6.25e-02h  5
2634  1.3103102e-03 2.27e-04 5.28e-03 -11.0 8.92e-03    -  1.00e+00 2.50e-01h  3
2635  1.3119502e-03 6.04e-05 6.21e-03 -11.0 2.59e-03    -  1.00e+00 1.00e+00h  1
2636  1.3117624e-03 2.71e-04 4.37e-03 -11.0 1.20e-02    -  1.00e+00 5.00e-01h  2
2637  1.3110190e-03 2.65e-04 3.71e-03 -11.0 1.23e-02    -  1.00e+00 6.25e-02h  5
2638  1.3089014e-03 2.10e-04 4.19e-03 -11.0 3.31e-03    -  1.00e+00 1.00e+00h  1
2639  1.3086446e-03 1.92e-04 2.17e-03 -11.0 6.16e-03    -  1.00e+00 1.25e-01h  4
iter    objective    inf_pr   inf_du lg(mu)  ||d||  lg(rg) alpha_du alpha_pr  ls
2640  1.3076681e-03 3.74e-05 2.26e-03 -11.0 1.08e-03    -  1.00e+00 1.00e+00h  1
2641  1.3173798e-03 4.08e-08 1.96e-03 -11.0 1.26e-03    -  1.00e+00 1.00e+00H  1
2642  1.3074320e-03 8.96e-05 1.23e-03 -11.0 1.17e-03    -  1.00e+00 1.00e+00h  1
2643  1.3074335e-03 6.21e-07 7.45e-04 -11.0 8.08e-05    -  1.00e+00 1.00e+00h  1
2644  1.3074097e-03 1.86e-07 1.92e-04 -11.0 5.16e-05    -  1.00e+00 1.00e+00h  1
2645  1.3074067e-03 7.22e-06 1.86e-03 -11.0 5.81e-04    -  1.00e+00 1.00e+00h  1
2646  1.3077416e-03 9.89e-09 3.95e-04 -11.0 1.91e-03    -  1.00e+00 1.00e+00H  1
2647  1.3188894e-03 2.79e-09 1.54e-03 -11.0 7.88e-03    -  1.00e+00 1.00e+00H  1
2648  1.3158458e-03 1.01e-09 1.36e-03 -11.0 4.98e-03    -  1.00e+00 1.00e+00H  1
2649  1.3157912e-03 2.98e-09 1.36e-03 -11.0 1.38e-02    -  1.00e+00 9.77e-04h 11
iter    objective    inf_pr   inf_du lg(mu)  ||d||  lg(rg) alpha_du alpha_pr  ls
2650  1.3157389e-03 6.41e-09 1.36e-03 -11.0 2.29e-03    -  1.00e+00 1.95e-03h 10
2651  1.3068472e-03 1.29e-04 3.88e-03 -11.0 1.14e-03    -  1.00e+00 1.00e+00h  1
2652  1.3065440e-03 4.40e-06 9.35e-04 -11.0 3.45e-04    -  1.00e+00 1.00e+00h  1
2653  1.3064749e-03 2.78e-06 5.11e-04 -11.0 1.25e-04    -  1.00e+00 1.00e+00h  1
2654  1.3064513e-03 1.97e-07 4.18e-04 -11.0 9.96e-05    -  1.00e+00 1.00e+00h  1
2655  1.3064004e-03 1.10e-06 1.54e-04 -11.0 3.60e-04    -  1.00e+00 1.00e+00h  1
2656  1.3086412e-03 1.37e-08 6.81e-04 -11.0 4.22e-03    -  1.00e+00 1.00e+00H  1
2657  1.3086290e-03 1.37e-08 6.77e-04 -11.0 5.11e-03    -  1.00e+00 1.95e-03h 10
2658  1.3086156e-03 1.38e-08 6.76e-04 -11.0 1.90e-03    -  1.00e+00 9.77e-04h 11
2659  1.3061933e-03 5.17e-05 1.16e-03 -11.0 1.04e-03    -  1.00e+00 1.00e+00h  1
iter    objective    inf_pr   inf_du lg(mu)  ||d||  lg(rg) alpha_du alpha_pr  ls
2660  1.3061424e-03 3.07e-05 7.23e-04 -11.0 3.81e-04    -  1.00e+00 5.00e-01h  2
2661  1.3061101e-03 4.06e-07 1.89e-04 -11.0 8.24e-05    -  1.00e+00 1.00e+00h  1
2662  1.3061016e-03 1.63e-07 3.40e-04 -11.0 7.02e-05    -  1.00e+00 1.00e+00h  1
2663  1.3060778e-03 1.17e-07 5.19e-04 -11.0 2.07e-04    -  1.00e+00 1.00e+00h  1
2664  1.3071769e-03 6.48e-09 3.38e-04 -11.0 2.10e-03    -  1.00e+00 1.00e+00H  1
2665  1.3062084e-03 1.46e-08 1.50e-04 -11.0 1.15e-03    -  1.00e+00 1.00e+00H  1
2666  1.3064146e-03 2.67e-09 2.90e-04 -11.0 1.03e-03    -  1.00e+00 1.00e+00H  1
2667  1.3060913e-03 1.21e-06 7.35e-04 -11.0 6.49e-04    -  1.00e+00 1.00e+00H  1
2668  1.3063699e-03 1.48e-09 2.71e-04 -11.0 6.51e-04    -  1.00e+00 1.00e+00H  1
2669  1.3060044e-03 1.31e-05 1.17e-04 -11.0 4.74e-04    -  1.00e+00 1.00e+00h  1
iter    objective    inf_pr   inf_du lg(mu)  ||d||  lg(rg) alpha_du alpha_pr  ls
2670  1.3060099e-03 3.50e-07 1.86e-04 -11.0 1.04e-04    -  1.00e+00 1.00e+00h  1
2671  1.3059901e-03 2.32e-07 4.08e-05 -11.0 4.86e-05    -  1.00e+00 1.00e+00h  1
2672  1.3059882e-03 1.31e-09 1.09e-05 -11.0 1.01e-05    -  1.00e+00 1.00e+00h  1
2673  1.3059736e-03 1.02e-06 1.64e-04 -11.0 2.76e-04    -  1.00e+00 1.00e+00h  1
2674  1.3064506e-03 8.10e-10 3.94e-04 -11.0 1.00e-03    -  1.00e+00 1.00e+00H  1
2675  1.3061721e-03 1.42e-09 2.47e-04 -11.0 7.18e-04    -  1.00e+00 1.00e+00H  1
2676  1.3082619e-03 2.43e-10 5.92e-04 -11.0 6.10e-04    -  1.00e+00 1.00e+00H  1
2677  1.3058435e-03 4.48e-05 5.21e-04 -11.0 5.60e-04    -  1.00e+00 1.00e+00h  1
2678  1.3058030e-03 1.09e-06 2.12e-04 -11.0 4.04e-04    -  1.00e+00 1.00e+00h  1
2679  1.3057857e-03 4.71e-06 1.13e-03 -11.0 6.85e-03    -  1.00e+00 1.25e-01h  4
iter    objective    inf_pr   inf_du lg(mu)  ||d||  lg(rg) alpha_du alpha_pr  ls
2680  1.3057725e-03 6.33e-06 1.95e-03 -11.0 2.14e-02    -  1.00e+00 3.12e-02h  6
2681  1.3057311e-03 1.18e-05 3.61e-03 -11.0 4.73e-02    -  1.00e+00 3.12e-02h  6
2682  1.3056948e-03 1.28e-05 4.92e-03 -11.0 1.06e-01    -  1.00e+00 7.81e-03h  8
2683  1.3056392e-03 1.34e-05 7.38e-03 -11.0 4.73e-02    -  1.00e+00 3.12e-02h  6
2684  1.3056294e-03 1.28e-05 8.26e-03 -11.0 3.19e-02    -  1.00e+00 1.56e-02h  7
2685  1.3056384e-03 1.11e-05 7.42e-03 -11.0 1.19e-03    -  1.00e+00 1.25e-01h  4
2686  1.3055808e-03 6.39e-06 1.65e-03 -11.0 1.66e-03    -  1.00e+00 1.00e+00h  1
2687  1.3055553e-03 6.53e-06 2.70e-03 -11.0 5.65e-02    -  1.00e+00 7.81e-03h  8
2688  1.3126570e-03 2.66e-11 1.26e-03 -11.0 2.40e-03    -  1.00e+00 1.00e+00H  1
2689  1.3055217e-03 5.53e-05 5.16e-04 -11.0 2.64e-03    -  1.00e+00 1.00e+00h  1
iter    objective    inf_pr   inf_du lg(mu)  ||d||  lg(rg) alpha_du alpha_pr  ls
2690  1.3057376e-03 9.13e-06 1.33e-03 -11.0 5.93e-04    -  1.00e+00 1.00e+00h  1
2691  1.3053957e-03 3.49e-06 2.36e-04 -11.0 3.57e-04    -  1.00e+00 1.00e+00h  1
2692  1.3055896e-03 1.35e-08 3.07e-04 -11.0 1.26e-03    -  1.00e+00 1.00e+00H  1
2693  1.3075052e-03 3.91e-11 7.84e-04 -11.0 3.16e-03    -  1.00e+00 1.00e+00H  1
2694  1.3075014e-03 1.02e-10 7.83e-04 -11.0 1.10e-02    -  1.00e+00 4.88e-04h 12
2695  1.3074986e-03 1.61e-10 7.82e-04 -11.0 4.89e-02    -  1.00e+00 6.10e-05h 15
2696  1.3074972e-03 1.79e-10 7.82e-04 -11.0 6.39e-03    -  1.00e+00 1.22e-04h 14
2697  1.3074966e-03 1.79e-10 7.82e-04 -11.0 5.39e-03    -  1.00e+00 6.10e-05h 15
2698  1.3071646e-03 9.43e-05 3.71e-03 -11.0 1.42e-02    -  1.00e+00 2.50e-01h  3
2699  1.3070938e-03 1.19e-04 4.46e-03 -11.0 1.82e-02    -  1.00e+00 1.25e-01h  4
iter    objective    inf_pr   inf_du lg(mu)  ||d||  lg(rg) alpha_du alpha_pr  ls
2700  1.3062618e-03 1.13e-04 2.42e-03 -11.0 2.24e-02    -  1.00e+00 1.25e-01h  4
2701  1.3054154e-03 1.22e-04 4.99e-03 -11.0 1.23e-01    -  1.00e+00 3.12e-02h  6
2702  1.3045654e-03 1.34e-04 6.48e-03 -11.0 2.22e-01    -  1.00e+00 1.56e-02h  7
2703  1.3040637e-03 2.50e-04 8.14e-03 -11.0 2.01e-01    -  1.00e+00 3.12e-02h  6
2704  5.6239548e-03 6.28e-01 8.52e-02 -11.0 5.84e-01    -  1.00e+00 1.00e+00w  1
2705  1.6242737e-02 4.88e-01 1.17e+00 -11.0 3.53e-01    -  1.00e+00 1.00e+00w  1
2706  6.4489123e-01 9.05e+00 2.73e+00 -11.0 8.04e-01    -  1.00e+00 1.00e+00w  1
2707  1.3035882e-03 3.59e-04 8.68e-03 -11.0 3.23e-01    -  1.00e+00 1.56e-02h  6
2708  1.3032626e-03 3.47e-04 7.61e-03 -11.0 1.19e-01    -  1.00e+00 3.12e-02h  6
2709  1.3031158e-03 5.01e-04 7.97e-03 -11.0 6.34e-01    -  1.00e+00 1.56e-02h  7
iter    objective    inf_pr   inf_du lg(mu)  ||d||  lg(rg) alpha_du alpha_pr  ls
2710  1.3027521e-03 5.16e-04 9.03e-03 -11.0 3.16e+00    -  1.00e+00 9.77e-04h 11
2711  1.3026420e-03 5.56e-04 1.09e-02 -11.0 3.64e-01    -  1.00e+00 1.56e-02h  7
2712  1.3025508e-03 5.61e-04 1.09e-02 -11.0 1.01e+00    -  1.00e+00 1.95e-03h 10
2713  1.3024279e-03 1.31e-03 1.58e-02 -11.0 2.00e-01    -  1.00e+00 1.25e-01h  4
2714  1.3020310e-03 1.54e-03 1.57e-02 -11.0 1.49e+01    -  1.00e+00 9.77e-04h 11
2715  1.3015412e-03 1.62e-03 1.63e-02 -11.0 4.74e+00    -  1.00e+00 1.95e-03h 10
2716  1.3010047e-03 1.85e-03 2.05e-02 -11.0 2.08e+00    -  1.00e+00 7.81e-03h  8
2717  1.5615534e-01 2.84e+01 5.73e+00 -11.0 7.18e+00    -  1.00e+00 1.00e+00w  1
2718  2.8918775e+04 2.60e+02 1.21e+02 -11.0 6.07e+01    -  1.00e+00 1.00e+00w  1
2719  6.3184298e+01 8.05e+00 8.92e+02 -11.0 6.14e+01    -  1.00e+00 1.00e+00w  1
iter    objective    inf_pr   inf_du lg(mu)  ||d||  lg(rg) alpha_du alpha_pr  ls
2720  1.2996003e-03 2.87e-03 1.92e-02 -11.0 3.38e+00    -  1.00e+00 3.91e-03h  8
2721  1.3001739e-03 1.44e-04 6.70e-03 -11.0 2.51e-03    -  1.00e+00 1.00e+00h  1
2722  1.2994691e-03 1.29e-04 5.30e-03 -11.0 1.60e-02    -  1.00e+00 2.50e-01h  3
2723  1.2978608e-03 1.35e-04 4.71e-03 -11.0 4.98e-02    -  1.00e+00 3.12e-02h  6
2724  1.2965556e-03 1.27e-04 1.28e-02 -11.0 6.66e-03    -  1.00e+00 2.50e-01h  3
2725  1.2989126e-03 1.50e-04 1.51e-02 -11.0 2.22e-03    -  1.00e+00 5.00e-01h  2
2726  1.2953717e-03 5.02e-05 9.93e-04 -11.0 1.96e-03    -  1.00e+00 1.00e+00h  1
2727  1.2972439e-03 3.75e-07 5.09e-03 -11.0 1.41e-03    -  1.00e+00 1.00e+00H  1
2728  1.2952352e-03 2.93e-05 9.91e-03 -11.0 1.34e-03    -  1.00e+00 1.00e+00h  1
2729  1.2959813e-03 1.30e-06 3.67e-03 -11.0 1.93e-03    -  1.00e+00 1.00e+00H  1
iter    objective    inf_pr   inf_du lg(mu)  ||d||  lg(rg) alpha_du alpha_pr  ls
2730  1.2978107e-03 6.03e-08 5.03e-03 -11.0 7.47e-04    -  1.00e+00 1.00e+00H  1
2731  1.2942020e-03 8.37e-05 1.74e-03 -11.0 1.26e-03    -  1.00e+00 1.00e+00h  1
2732  1.2941625e-03 4.99e-06 1.59e-03 -11.0 4.87e-04    -  1.00e+00 1.00e+00h  1
2733  1.2936293e-03 7.54e-06 1.29e-03 -11.0 1.50e-03    -  1.00e+00 1.00e+00h  1
2734  1.2931357e-03 2.43e-05 4.00e-03 -11.0 3.05e-02    -  1.00e+00 6.25e-02h  5
2735  1.2930385e-03 2.54e-05 5.99e-03 -11.0 1.15e-02    -  1.00e+00 6.25e-02h  5
2736  1.2936965e-03 3.93e-07 8.13e-03 -11.0 3.49e-03    -  1.00e+00 1.00e+00H  1
2737  1.2932898e-03 1.04e-05 7.36e-03 -11.0 2.00e-02    -  1.00e+00 6.25e-02h  5
2738  1.2930346e-03 1.82e-05 9.11e-03 -11.0 1.72e-02    -  1.00e+00 6.25e-02h  5
2739  1.2926945e-03 2.22e-05 9.75e-03 -11.0 9.75e-03    -  1.00e+00 1.25e-01h  4
iter    objective    inf_pr   inf_du lg(mu)  ||d||  lg(rg) alpha_du alpha_pr  ls
2740  1.2924037e-03 2.67e-05 1.06e-02 -11.0 2.55e-03    -  1.00e+00 1.25e-01h  4
2741  1.2930099e-03 6.16e-05 3.86e-03 -11.0 1.23e-03    -  1.00e+00 1.00e+00h  1
2742  1.2924447e-03 4.97e-05 1.59e-03 -11.0 1.10e-03    -  1.00e+00 1.00e+00h  1
2743  1.2923952e-03 2.87e-05 2.91e-03 -11.0 8.96e-04    -  1.00e+00 5.00e-01h  2
2744  1.2919142e-03 1.32e-05 3.05e-04 -11.0 4.12e-04    -  1.00e+00 1.00e+00h  1
2745  1.2919025e-03 3.84e-07 7.39e-04 -11.0 9.20e-05    -  1.00e+00 1.00e+00h  1
2746  1.2918662e-03 1.58e-07 5.66e-04 -11.0 1.09e-04    -  1.00e+00 1.00e+00h  1
2747  1.2918739e-03 3.02e-08 1.64e-04 -11.0 2.59e-04    -  1.00e+00 1.00e+00H  1
2748  1.2918956e-03 4.75e-09 1.40e-04 -11.0 5.30e-04    -  1.00e+00 1.00e+00H  1
2749  1.2921659e-03 3.18e-09 2.76e-04 -11.0 6.25e-04    -  1.00e+00 1.00e+00H  1
iter    objective    inf_pr   inf_du lg(mu)  ||d||  lg(rg) alpha_du alpha_pr  ls
2750  1.2919735e-03 3.25e-10 3.46e-04 -11.0 4.00e-04    -  1.00e+00 1.00e+00H  1
2751  1.2917753e-03 2.23e-05 2.07e-03 -11.0 2.41e-04    -  1.00e+00 1.00e+00h  1
2752  1.2917011e-03 4.27e-06 4.54e-04 -11.0 1.75e-04    -  1.00e+00 1.00e+00h  1
2753  1.2917067e-03 1.20e-06 2.04e-04 -11.0 1.13e-04    -  1.00e+00 1.00e+00h  1
2754  1.2916817e-03 1.04e-06 7.51e-05 -11.0 8.06e-05    -  1.00e+00 1.00e+00h  1
2755  1.2916907e-03 2.00e-10 7.78e-05 -11.0 1.80e-04    -  1.00e+00 1.00e+00H  1
2756  1.2916761e-03 1.85e-06 1.07e-03 -11.0 2.50e-04    -  1.00e+00 1.00e+00h  1
2757  1.2918739e-03 1.51e-11 2.56e-04 -11.0 5.20e-04    -  1.00e+00 1.00e+00H  1
2758  1.2916667e-03 5.33e-06 7.85e-04 -11.0 2.66e-04    -  1.00e+00 1.00e+00h  1
2759  1.2916380e-03 2.97e-06 4.24e-04 -11.0 1.85e-04    -  1.00e+00 5.00e-01h  2
iter    objective    inf_pr   inf_du lg(mu)  ||d||  lg(rg) alpha_du alpha_pr  ls
2760  1.2916226e-03 4.38e-07 1.19e-04 -11.0 1.29e-04    -  1.00e+00 1.00e+00h  1
2761  1.2916330e-03 5.24e-09 8.93e-05 -11.0 3.40e-04    -  1.00e+00 1.00e+00H  1
2762  1.2917034e-03 3.31e-12 1.49e-04 -11.0 1.94e-03    -  1.00e+00 1.00e+00H  1
2763  1.2917031e-03 3.45e-11 1.49e-04 -11.0 2.30e-02    -  1.00e+00 1.22e-04h 14
2764  1.2917025e-03 1.08e-10 1.49e-04 -11.0 1.56e-02    -  1.00e+00 2.44e-04h 13
2765  1.2917022e-03 1.16e-10 1.49e-04 -11.0 5.98e-03    -  1.00e+00 2.44e-04h 13
2766  1.2916125e-03 4.74e-06 1.49e-03 -11.0 5.98e-03    -  1.00e+00 1.25e-01h  4
2767  1.2915752e-03 1.48e-05 1.84e-03 -11.0 1.81e-02    -  1.00e+00 6.25e-02h  5
2768  1.2915362e-03 2.22e-05 1.44e-03 -11.0 1.80e-02    -  1.00e+00 6.25e-02h  5
2769  1.2915286e-03 2.18e-05 1.34e-03 -11.0 7.16e-03    -  1.00e+00 6.25e-02h  5
iter    objective    inf_pr   inf_du lg(mu)  ||d||  lg(rg) alpha_du alpha_pr  ls
2770  1.2921145e-03 2.96e-12 4.86e-04 -11.0 2.52e-03    -  1.00e+00 1.00e+00H  1
2771  1.2921144e-03 2.99e-12 4.86e-04 -11.0 9.69e-03    -  1.00e+00 1.53e-05h 17
2772  1.2921142e-03 3.03e-12 4.86e-04 -11.0 2.51e-03    -  1.00e+00 6.10e-05h 15
2773  1.2921988e-03 2.07e-12 3.68e-04 -11.0 8.14e-04    -  1.00e+00 1.00e+00H  1
2774  1.2924665e-03 4.03e-13 9.50e-04 -11.0 6.03e-04    -  1.00e+00 1.00e+00H  1
2775  1.2912030e-03 1.74e-05 1.37e-03 -11.0 5.21e-04    -  1.00e+00 1.00e+00h  1
2776  1.2911876e-03 7.47e-07 2.11e-04 -11.0 4.73e-05    -  1.00e+00 1.00e+00h  1
2777  1.2911747e-03 7.87e-08 9.97e-05 -11.0 2.73e-05    -  1.00e+00 1.00e+00h  1
2778  1.2911560e-03 9.05e-07 2.36e-04 -11.0 1.32e-04    -  1.00e+00 1.00e+00h  1
2779  1.2913734e-03 1.10e-07 1.96e-04 -11.0 6.50e-04    -  1.00e+00 1.00e+00H  1
iter    objective    inf_pr   inf_du lg(mu)  ||d||  lg(rg) alpha_du alpha_pr  ls
2780  1.2914396e-03 4.79e-09 2.71e-04 -11.0 3.55e-04    -  1.00e+00 1.00e+00H  1
2781  1.2910775e-03 1.08e-05 6.49e-04 -11.0 3.28e-04    -  1.00e+00 1.00e+00h  1
2782  1.2911062e-03 3.33e-06 8.33e-04 -11.0 1.67e-04    -  1.00e+00 1.00e+00h  1
2783  1.2910449e-03 3.81e-06 2.80e-04 -11.0 1.00e-04    -  1.00e+00 1.00e+00h  1
2784  1.2910334e-03 1.28e-07 1.31e-04 -11.0 1.12e-04    -  1.00e+00 1.00e+00h  1
2785  1.2911709e-03 2.99e-08 3.27e-04 -11.0 1.56e-03    -  1.00e+00 1.00e+00H  1
2786  1.2911573e-03 1.77e-07 3.14e-04 -11.0 1.02e-02    -  1.00e+00 7.81e-03h  8
2787  1.2911538e-03 1.77e-07 3.13e-04 -11.0 1.56e-03    -  1.00e+00 3.91e-03h  9
2788  1.2912319e-03 5.67e-10 2.00e-04 -11.0 6.29e-04    -  1.00e+00 1.00e+00H  1
2789  1.2913190e-03 8.22e-10 3.90e-04 -11.0 2.58e-04    -  1.00e+00 1.00e+00H  1
iter    objective    inf_pr   inf_du lg(mu)  ||d||  lg(rg) alpha_du alpha_pr  ls
2790  1.2908744e-03 5.20e-06 4.20e-04 -11.0 6.96e-04    -  1.00e+00 1.00e+00h  1
2791  1.2909770e-03 4.81e-06 4.69e-04 -11.0 2.92e-04    -  1.00e+00 5.00e-01h  2
2792  1.2908592e-03 1.41e-06 3.90e-05 -11.0 1.08e-04    -  1.00e+00 1.00e+00h  1
2793  1.2908547e-03 3.93e-08 1.31e-05 -11.0 2.47e-05    -  1.00e+00 1.00e+00h  1
2794  1.2913613e-03 2.33e-12 3.35e-04 -11.0 1.32e-03    -  1.00e+00 1.00e+00H  1
2795  1.2913149e-03 2.08e-11 3.09e-04 -11.0 5.43e-04    -  1.00e+00 1.00e+00H  1
2796  1.2915093e-03 5.46e-13 3.00e-04 -11.0 8.45e-04    -  1.00e+00 1.00e+00H  1
2797  1.2915088e-03 4.19e-12 3.00e-04 -11.0 3.40e-04    -  1.00e+00 2.44e-04h 13
2798  1.2907739e-03 8.40e-06 4.02e-04 -11.0 6.62e-04    -  1.00e+00 1.00e+00h  1
2799  1.2907809e-03 4.09e-06 3.55e-04 -11.0 1.34e-04    -  1.00e+00 5.00e-01h  2
iter    objective    inf_pr   inf_du lg(mu)  ||d||  lg(rg) alpha_du alpha_pr  ls
2800  1.2907616e-03 4.36e-07 6.11e-05 -11.0 4.42e-05    -  1.00e+00 1.00e+00h  1
2801  1.2907595e-03 1.07e-08 1.54e-05 -11.0 1.64e-05    -  1.00e+00 1.00e+00h  1
2802  1.2907926e-03 1.87e-08 1.65e-04 -11.0 4.36e-04    -  1.00e+00 1.00e+00H  1
2803  1.2909199e-03 1.12e-09 1.73e-04 -11.0 4.49e-04    -  1.00e+00 1.00e+00H  1
2804  1.2907868e-03 9.65e-09 1.22e-04 -11.0 2.72e-04    -  1.00e+00 1.00e+00H  1
2805  1.2907964e-03 2.28e-09 1.13e-04 -11.0 2.06e-04    -  1.00e+00 1.00e+00H  1
2806  1.2907139e-03 6.31e-06 1.00e-04 -11.0 2.05e-04    -  1.00e+00 1.00e+00h  1
2807  1.2907161e-03 3.80e-07 4.47e-04 -11.0 1.28e-04    -  1.00e+00 1.00e+00h  1
2808  1.2907014e-03 4.44e-07 2.92e-04 -11.0 1.84e-04    -  1.00e+00 1.00e+00h  1
2809  1.2906964e-03 3.59e-06 7.16e-04 -11.0 1.65e-03    -  1.00e+00 2.50e-01h  3
iter    objective    inf_pr   inf_du lg(mu)  ||d||  lg(rg) alpha_du alpha_pr  ls
2810  1.2910299e-03 2.03e-10 3.09e-04 -11.0 8.12e-04    -  1.00e+00 1.00e+00H  1
2811  1.2909379e-03 1.78e-10 2.14e-04 -11.0 4.39e-04    -  1.00e+00 1.00e+00H  1
2812  1.2907236e-03 1.24e-08 1.73e-04 -11.0 3.51e-04    -  1.00e+00 1.00e+00H  1
2813  1.2906096e-03 8.07e-06 4.35e-04 -11.0 3.80e-04    -  1.00e+00 1.00e+00h  1
2814  1.2909008e-03 2.10e-10 3.07e-04 -11.0 8.10e-04    -  1.00e+00 1.00e+00H  1
2815  1.2907167e-03 2.29e-08 1.50e-04 -11.0 2.57e-04    -  1.00e+00 1.00e+00H  1
2816  1.2905351e-03 1.38e-05 5.41e-04 -11.0 3.79e-04    -  1.00e+00 1.00e+00h  1
2817  1.2906347e-03 2.54e-06 2.59e-03 -11.0 2.16e-04    -  1.00e+00 1.00e+00h  1
2818  1.2905062e-03 2.59e-06 2.46e-04 -11.0 1.28e-04    -  1.00e+00 1.00e+00h  1
2819  1.2904982e-03 4.17e-08 2.09e-04 -11.0 1.19e-04    -  1.00e+00 1.00e+00h  1
iter    objective    inf_pr   inf_du lg(mu)  ||d||  lg(rg) alpha_du alpha_pr  ls
2820  1.2905284e-03 3.63e-08 6.01e-03 -11.0 5.94e-03    -  1.00e+00 1.00e+00H  1
2821  1.2904350e-03 1.52e-05 7.28e-03 -11.0 6.56e-01    -  1.00e+00 3.91e-03h  9
2822  1.2904128e-03 1.68e-05 8.34e-03 -11.0 2.56e-01    -  1.00e+00 3.91e-03h  9
2823  1.2903886e-03 1.72e-05 9.03e-03 -11.0 3.53e-02    -  1.00e+00 3.12e-02h  6
2824  1.2902754e-03 1.06e-04 9.72e-03 -11.0 4.81e-02    -  1.00e+00 1.25e-01h  4
2825  1.2902328e-03 1.27e-03 1.23e-02 -11.0 3.65e+00    -  1.00e+00 7.81e-03h  8
2826  1.2901252e-03 1.35e-03 1.17e-02 -11.0 6.33e+00    -  1.00e+00 9.77e-04h 11
2827  1.2900613e-03 1.34e-03 1.14e-02 -11.0 9.73e-02    -  1.00e+00 7.81e-03h  8
2828  1.2895301e-03 9.77e-04 8.07e-03 -11.0 1.75e-02    -  1.00e+00 2.50e-01h  3
2829  1.2891636e-03 9.52e-04 1.01e-02 -11.0 4.39e-02    -  1.00e+00 1.56e-02h  7
iter    objective    inf_pr   inf_du lg(mu)  ||d||  lg(rg) alpha_du alpha_pr  ls
2830  1.2887905e-03 4.67e-04 9.38e-03 -11.0 2.08e-03    -  1.00e+00 5.00e-01h  2
2831  1.2991058e-03 1.36e-03 4.42e-03 -11.0 7.78e-03    -  1.00e+00 1.00e+00w  1
2832  1.3035675e-03 4.52e-04 5.68e-03 -11.0 8.41e-03    -  1.00e+00 1.00e+00w  1
2833  2.3734155e-03 7.46e-02 7.35e-02 -11.0 5.02e-02    -  1.00e+00 1.00e+00w  1
2834  1.2887823e-03 3.52e-04 8.13e-03 -11.0 4.53e-02    -  1.00e+00 2.50e-01h  2
2835  1.2925937e-03 1.48e-04 1.29e-02 -11.0 1.79e-03    -  1.00e+00 1.00e+00h  1
2836  1.2892987e-03 5.48e-05 8.03e-03 -11.0 1.49e-03    -  1.00e+00 1.00e+00h  1
2837  1.2889836e-03 1.76e-04 7.05e-03 -11.0 1.55e-03    -  1.00e+00 1.00e+00h  1
2838  1.2911032e-03 5.75e-05 7.92e-03 -11.0 7.81e-04    -  1.00e+00 1.00e+00h  1
2839  1.2878943e-03 1.13e-04 2.41e-03 -11.0 9.82e-04    -  1.00e+00 1.00e+00h  1
iter    objective    inf_pr   inf_du lg(mu)  ||d||  lg(rg) alpha_du alpha_pr  ls
2840  1.2880245e-03 7.89e-06 1.87e-03 -11.0 3.74e-04    -  1.00e+00 1.00e+00h  1
2841  1.2877462e-03 9.10e-06 4.97e-04 -11.0 1.74e-04    -  1.00e+00 1.00e+00h  1
2842  1.2876944e-03 5.91e-07 4.95e-04 -11.0 1.15e-04    -  1.00e+00 1.00e+00h  1
2843  1.2876144e-03 1.23e-06 5.67e-04 -11.0 3.75e-04    -  1.00e+00 1.00e+00h  1
2844  1.2930509e-03 5.78e-08 1.86e-02 -11.0 1.17e-02    -  1.00e+00 1.00e+00H  1
2845  1.2930136e-03 8.28e-08 1.86e-02 -11.0 1.03e-01    -  1.00e+00 9.77e-04h 11
2846  1.2929313e-03 1.56e-07 1.88e-02 -11.0 7.46e-02    -  1.00e+00 1.95e-03h 10
2847  1.2928043e-03 1.91e-07 1.90e-02 -11.0 6.21e-02    -  1.00e+00 1.95e-03h 10
2848  1.2926968e-03 2.62e-07 1.92e-02 -11.0 3.28e-02    -  1.00e+00 1.95e-03h 10
2849  1.4257560e-03 2.91e-07 4.95e-02 -11.0 1.14e-02    -  1.00e+00 1.00e+00H  1
iter    objective    inf_pr   inf_du lg(mu)  ||d||  lg(rg) alpha_du alpha_pr  ls
2850  1.2932138e-03 2.35e-07 1.37e-02 -11.0 1.10e-02    -  1.00e+00 1.00e+00H  1
2851  1.2919854e-03 4.42e-04 6.22e-03 -11.0 1.10e-02    -  1.00e+00 2.50e-01h  3
2852  1.2877016e-03 7.61e-05 7.50e-03 -11.0 1.66e-03    -  1.00e+00 1.00e+00h  1
2853  1.2926727e-03 1.44e-04 9.90e-03 -11.0 1.10e-03    -  1.00e+00 1.00e+00h  1
2854  1.2863038e-03 8.89e-05 1.40e-03 -11.0 8.06e-04    -  1.00e+00 1.00e+00h  1
2855  1.2862955e-03 1.17e-07 1.67e-04 -11.0 3.29e-05    -  1.00e+00 1.00e+00h  1
2856  1.2862791e-03 1.55e-07 1.13e-04 -11.0 7.65e-05    -  1.00e+00 1.00e+00h  1
2857  1.2864026e-03 1.46e-08 1.76e-04 -11.0 1.07e-03    -  1.00e+00 1.00e+00H  1
2858  1.2893527e-03 4.56e-09 7.38e-04 -11.0 2.19e-03    -  1.00e+00 1.00e+00H  1
2859  1.2872043e-03 1.03e-08 6.14e-04 -11.0 1.42e-03    -  1.00e+00 1.00e+00H  1
iter    objective    inf_pr   inf_du lg(mu)  ||d||  lg(rg) alpha_du alpha_pr  ls
2860  1.2962365e-03 3.67e-09 1.79e-03 -11.0 3.73e-03    -  1.00e+00 1.00e+00H  1
2861  1.2880470e-03 2.26e-09 6.39e-04 -11.0 2.93e-03    -  1.00e+00 1.00e+00H  1
2862  1.2879730e-03 8.47e-09 6.31e-04 -11.0 4.00e-03    -  1.00e+00 3.91e-03h  9
2863  1.2862443e-03 4.04e-05 1.07e-03 -11.0 6.35e-04    -  1.00e+00 1.00e+00h  1
2864  1.2860948e-03 2.36e-05 4.47e-04 -11.0 2.81e-04    -  1.00e+00 5.00e-01h  2
2865  1.2860701e-03 2.52e-07 8.86e-05 -11.0 5.91e-05    -  1.00e+00 1.00e+00h  1
2866  1.2860671e-03 1.55e-07 4.62e-05 -11.0 3.19e-05    -  1.00e+00 1.00e+00h  1
2867  1.2860624e-03 1.50e-07 7.37e-05 -11.0 5.23e-05    -  1.00e+00 1.00e+00h  1
2868  1.2860747e-03 1.74e-09 9.97e-05 -11.0 2.17e-04    -  1.00e+00 1.00e+00H  1
2869  1.2862948e-03 2.25e-10 2.85e-04 -11.0 5.22e-04    -  1.00e+00 1.00e+00H  1
iter    objective    inf_pr   inf_du lg(mu)  ||d||  lg(rg) alpha_du alpha_pr  ls
2870  1.2860957e-03 2.05e-10 1.60e-04 -11.0 3.57e-04    -  1.00e+00 1.00e+00H  1
2871  1.2865254e-03 2.00e-10 3.55e-04 -11.0 4.77e-04    -  1.00e+00 1.00e+00H  1
2872  1.2860376e-03 1.44e-05 8.31e-04 -11.0 4.17e-04    -  1.00e+00 1.00e+00h  1
2873  1.2860281e-03 1.08e-05 1.24e-04 -11.0 2.71e-04    -  1.00e+00 2.50e-01h  3
2874  1.2860196e-03 2.77e-07 1.52e-04 -11.0 2.82e-05    -  1.00e+00 1.00e+00h  1
2875  1.2860178e-03 3.90e-09 9.47e-06 -11.0 2.23e-05    -  1.00e+00 1.00e+00h  1
2876  1.2861032e-03 1.83e-10 1.54e-04 -11.0 6.60e-04    -  1.00e+00 1.00e+00H  1
2877  1.2866160e-03 1.73e-12 3.58e-04 -11.0 1.15e-03    -  1.00e+00 1.00e+00H  1
2878  1.2863376e-03 1.60e-11 2.90e-04 -11.0 5.47e-04    -  1.00e+00 1.00e+00H  1
2879  1.2861689e-03 1.10e-11 2.76e-04 -11.0 3.22e-04    -  1.00e+00 1.00e+00H  1
iter    objective    inf_pr   inf_du lg(mu)  ||d||  lg(rg) alpha_du alpha_pr  ls
2880  1.2859143e-03 2.13e-06 6.11e-04 -11.0 5.52e-04    -  1.00e+00 1.00e+00h  1
2881  1.2860699e-03 1.61e-09 2.28e-04 -11.0 2.07e-03    -  1.00e+00 1.00e+00H  1
2882  1.2860674e-03 1.97e-09 2.24e-04 -11.0 2.46e-02    -  1.00e+00 9.77e-04h 11
2883  1.2860652e-03 2.95e-09 2.22e-04 -11.0 2.69e-02    -  1.00e+00 9.77e-04h 11
2884  1.2858815e-03 6.62e-05 3.02e-03 -11.0 1.76e-01    -  1.00e+00 3.12e-02h  6
2885  1.2858089e-03 7.27e-05 2.83e-03 -11.0 4.41e-01    -  1.00e+00 3.91e-03h  9
2886  1.2857618e-03 7.22e-05 2.99e-03 -11.0 3.66e-02    -  1.00e+00 1.56e-02h  7
2887  1.2857411e-03 6.43e-05 2.87e-03 -11.0 5.36e-03    -  1.00e+00 1.25e-01h  4
2888  1.2856650e-03 5.87e-05 7.77e-04 -11.0 1.01e-02    -  1.00e+00 2.50e-01h  3
2889  1.2855678e-03 6.06e-05 1.84e-03 -11.0 4.91e-02    -  1.00e+00 1.56e-02h  7
iter    objective    inf_pr   inf_du lg(mu)  ||d||  lg(rg) alpha_du alpha_pr  ls
2890  1.2854551e-03 6.38e-05 2.22e-03 -11.0 2.55e-02    -  1.00e+00 6.25e-02h  5
2891  1.2853402e-03 8.63e-05 2.21e-03 -11.0 1.71e-01    -  1.00e+00 1.56e-02h  7
2892  1.9972612e-03 2.21e-01 1.09e-01 -11.0 2.77e-01    -  1.00e+00 1.00e+00w  1
2893  7.5776551e-03 9.37e-01 2.36e-01 -11.0 3.44e-01    -  1.00e+00 1.00e+00w  1
2894  8.0745198e-01 5.96e+00 2.16e+00 -11.0 1.10e+00    -  1.00e+00 1.00e+00w  1
2895  1.2852614e-03 1.36e-04 2.22e-03 -11.0 1.26e+00    -  1.00e+00 1.56e-02h  6
2896  1.2852165e-03 1.27e-04 2.09e-03 -11.0 3.00e-03    -  1.00e+00 6.25e-02h  5
2897  1.2849171e-03 4.73e-05 9.54e-04 -11.0 4.79e-03    -  1.00e+00 1.00e+00h  1
2898  1.2848244e-03 4.78e-05 7.13e-04 -11.0 2.16e-01    -  1.00e+00 1.95e-03h 10
2899  1.2851190e-03 2.16e-07 2.81e-03 -11.0 4.80e-03    -  1.00e+00 1.00e+00H  1
iter    objective    inf_pr   inf_du lg(mu)  ||d||  lg(rg) alpha_du alpha_pr  ls
2900  1.2849618e-03 1.26e-05 3.11e-03 -11.0 3.39e-01    -  1.00e+00 7.81e-03h  8
2901  1.2847457e-03 2.64e-04 8.16e-03 -11.0 1.47e+00    -  1.00e+00 7.81e-03h  8
2902  1.2846084e-03 4.69e-04 1.35e-02 -11.0 2.42e+00    -  1.00e+00 3.91e-03h  9
2903  1.2844162e-03 9.96e-04 2.05e-02 -11.0 7.94e+00    -  1.00e+00 1.95e-03h 10
2904  1.2840849e-03 1.91e-03 2.61e-02 -11.0 1.02e+01    -  1.00e+00 1.95e-03h 10
2905  1.2840030e-03 3.01e-03 2.82e-02 -11.0 2.22e+01    -  1.00e+00 9.77e-04h 11
2906  1.2835452e-03 3.01e-03 2.84e-02 -11.0 3.33e+00    -  1.00e+00 4.88e-04h 12
2907  1.2832362e-03 3.01e-03 3.03e-02 -11.0 2.07e-01    -  1.00e+00 3.12e-02h  6
2908  1.2830053e-03 3.45e-03 3.40e-02 -11.0 3.51e+00    -  1.00e+00 3.91e-03h  9
2909  1.2827332e-03 3.49e-03 3.52e-02 -11.0 2.36e+00    -  1.00e+00 1.95e-03h 10
iter    objective    inf_pr   inf_du lg(mu)  ||d||  lg(rg) alpha_du alpha_pr  ls
2910  8.0064342e-03 1.50e-01 2.07e-01 -11.0 1.86e-01    -  1.00e+00 1.00e+00w  1
2911  1.9181944e-03 1.44e-01 7.09e-02 -11.0 1.22e-01    -  1.00e+00 1.00e+00w  1
2912  9.7311828e-02 1.56e+00 2.29e+00 -11.0 4.53e-01    -  1.00e+00 1.00e+00w  1
2913  1.2825629e-03 3.47e-03 3.44e-02 -11.0 4.73e-01    -  1.00e+00 7.81e-03h  7
2914  1.2828395e-03 2.88e-03 2.60e-02 -11.0 4.24e-02    -  1.00e+00 2.50e-01h  3
2915  1.2824893e-03 2.93e-03 2.51e-02 -11.0 1.30e+00    -  1.00e+00 3.91e-03h  9
2916  1.2822435e-03 2.94e-03 2.31e-02 -11.0 8.73e-01    -  1.00e+00 3.91e-03h  9
2917  1.2821247e-03 2.93e-03 2.08e-02 -11.0 3.60e-01    -  1.00e+00 7.81e-03h  8
2918  1.2822809e-03 2.92e-03 1.89e-02 -11.0 2.38e-01    -  1.00e+00 7.81e-03h  8
2919  1.2823752e-03 1.43e-03 5.48e-03 -11.0 3.09e-03    -  1.00e+00 5.00e-01h  2
iter    objective    inf_pr   inf_du lg(mu)  ||d||  lg(rg) alpha_du alpha_pr  ls
2920  1.2815435e-03 6.91e-04 2.97e-03 -11.0 6.05e-03    -  1.00e+00 5.00e-01h  2
2921  1.2829080e-03 6.24e-04 9.20e-03 -11.0 4.05e-02    -  1.00e+00 1.25e-01h  4
2922  1.2832926e-03 5.15e-04 1.53e-02 -11.0 1.62e-02    -  1.00e+00 1.25e-01h  4
2923  1.3069805e-03 1.87e-03 1.90e-02 -11.0 8.62e-03    -  1.00e+00 1.00e+00w  1
2924  1.3274555e-03 3.40e-03 2.32e-02 -11.0 2.74e-02    -  1.00e+00 1.00e+00w  1
2925  1.0934893e-02 1.79e-01 2.96e-01 -11.0 6.35e-02    -  1.00e+00 1.00e+00w  1
2926  1.2825883e-03 4.03e-04 1.63e-02 -11.0 4.33e-02    -  1.00e+00 2.50e-01h  2
2927  1.2806788e-03 2.19e-04 2.26e-03 -11.0 4.13e-03    -  1.00e+00 1.00e+00h  1
2928  1.2799858e-03 2.21e-04 1.84e-03 -11.0 4.79e-02    -  1.00e+00 3.12e-02h  6
2929  1.2808042e-03 1.74e-04 4.33e-03 -11.0 1.98e-03    -  1.00e+00 2.50e-01h  3
iter    objective    inf_pr   inf_du lg(mu)  ||d||  lg(rg) alpha_du alpha_pr  ls
2930  1.2796054e-03 3.90e-05 4.16e-04 -11.0 1.85e-03    -  1.00e+00 1.00e+00h  1
2931  1.2848678e-03 6.55e-06 2.72e-03 -11.0 8.98e-04    -  1.00e+00 1.00e+00H  1
2932  1.2795350e-03 1.59e-04 3.62e-04 -11.0 8.56e-04    -  1.00e+00 1.00e+00h  1
2933  1.2795264e-03 4.59e-07 1.70e-04 -11.0 8.31e-05    -  1.00e+00 1.00e+00h  1
2934  1.2794092e-03 1.88e-05 2.63e-03 -11.0 1.06e-03    -  1.00e+00 1.00e+00h  1
2935  1.2793964e-03 2.18e-05 3.87e-03 -11.0 7.48e-03    -  1.00e+00 6.25e-02h  5
2936  1.2798909e-03 9.57e-08 2.34e-03 -11.0 2.89e-03    -  1.00e+00 1.00e+00H  1
2937  1.2798399e-03 1.22e-07 2.43e-03 -11.0 2.15e-02    -  1.00e+00 7.81e-03h  8
2938  1.2798166e-03 1.29e-07 2.48e-03 -11.0 3.15e-02    -  1.00e+00 1.95e-03h 10
2939  1.2798003e-03 1.33e-07 2.47e-03 -11.0 5.90e-03    -  1.00e+00 3.91e-03h  9
iter    objective    inf_pr   inf_du lg(mu)  ||d||  lg(rg) alpha_du alpha_pr  ls
2940  1.2792765e-03 1.84e-05 2.13e-03 -11.0 1.18e-02    -  1.00e+00 1.25e-01h  4
2941  1.2788403e-03 2.11e-05 2.79e-03 -11.0 1.60e-02    -  1.00e+00 6.25e-02h  5
2942  1.2788099e-03 2.25e-05 2.85e-03 -11.0 1.63e-02    -  1.00e+00 1.25e-01h  4
2943  1.2785630e-03 2.93e-05 3.43e-03 -11.0 4.33e-02    -  1.00e+00 6.25e-02h  5
2944  1.2782673e-03 1.24e-04 6.29e-03 -11.0 2.48e-01    -  1.00e+00 3.12e-02h  6
2945  1.2779751e-03 1.55e-04 8.18e-03 -11.0 1.14e+00    -  1.00e+00 3.91e-03h  9
2946  1.2778330e-03 2.93e-04 1.41e-02 -11.0 1.24e+00    -  1.00e+00 7.81e-03h  8
2947  2.3036959e-02 8.54e-01 8.50e-01 -11.0 6.94e-01    -  1.00e+00 1.00e+00w  1
2948  9.3345875e+03 5.47e+01 3.66e+02 -11.0 3.65e+01    -  1.00e+00 1.00e+00w  1
2949  9.9190228e+01 1.01e+01 1.34e+02 -11.0 3.63e+01    -  1.00e+00 1.00e+00w  1
iter    objective    inf_pr   inf_du lg(mu)  ||d||  lg(rg) alpha_du alpha_pr  ls
2950  1.2777153e-03 3.03e-04 1.75e-02 -11.0 4.25e+00    -  1.00e+00 3.91e-03h  8
2951  1.2780473e-03 5.32e-05 1.93e-03 -11.0 5.39e-03    -  1.00e+00 1.00e+00h  1
2952  1.2779971e-03 7.84e-05 2.27e-03 -11.0 2.72e-01    -  1.00e+00 1.56e-02h  7
2953  1.2778702e-03 9.22e-05 2.97e-03 -11.0 3.83e-01    -  1.00e+00 7.81e-03h  8
2954  1.2777625e-03 9.35e-05 3.80e-03 -11.0 2.60e-01    -  1.00e+00 3.91e-03h  9
2955  1.2777989e-03 8.13e-05 5.07e-03 -11.0 4.16e-03    -  1.00e+00 1.25e-01h  4
2956  1.2769564e-03 9.64e-05 3.91e-03 -11.0 7.75e-03    -  1.00e+00 1.00e+00h  1
2957  1.2768960e-03 1.01e-04 5.16e-03 -11.0 4.80e-01    -  1.00e+00 3.91e-03h  9
2958  1.2768166e-03 1.04e-04 6.53e-03 -11.0 6.78e-02    -  1.00e+00 3.12e-02h  6
2959  1.2767538e-03 1.14e-04 9.27e-03 -11.0 3.25e-01    -  1.00e+00 7.81e-03h  8
iter    objective    inf_pr   inf_du lg(mu)  ||d||  lg(rg) alpha_du alpha_pr  ls
2960  1.2766962e-03 1.13e-04 1.03e-02 -11.0 6.45e-02    -  1.00e+00 7.81e-03h  8
2961  1.2776931e-03 7.82e-05 1.25e-02 -11.0 6.13e-03    -  1.00e+00 2.50e-01h  3
2962  1.2774168e-03 7.76e-05 1.35e-02 -11.0 2.86e-02    -  1.00e+00 6.25e-02h  5
2963  1.2771280e-03 8.07e-05 1.42e-02 -11.0 1.53e+00    -  1.00e+00 9.77e-04h 11
2964  1.2768482e-03 8.85e-05 1.51e-02 -11.0 3.09e-01    -  1.00e+00 7.81e-03h  8
2965  1.2767290e-03 9.63e-05 1.60e-02 -11.0 3.27e-01    -  1.00e+00 7.81e-03h  8
2966  1.2766022e-03 9.54e-05 1.54e-02 -11.0 3.85e-02    -  1.00e+00 3.12e-02h  6
2967  1.3546763e-03 3.38e-03 3.21e-02 -11.0 1.34e-02    -  1.00e+00 1.00e+00w  1
2968  1.2942589e-03 2.25e-03 1.82e-02 -11.0 7.82e-03    -  1.00e+00 1.00e+00w  1
2969  1.5459872e-03 9.00e-03 5.66e-02 -11.0 1.90e-02    -  1.00e+00 1.00e+00w  1
iter    objective    inf_pr   inf_du lg(mu)  ||d||  lg(rg) alpha_du alpha_pr  ls
2970  1.2767671e-03 9.63e-05 9.26e-03 -11.0 2.56e-02    -  1.00e+00 1.25e-01h  3
2971  1.2765178e-03 9.15e-05 8.13e-03 -11.0 2.80e-03    -  1.00e+00 2.50e-01h  3
2972  1.2775273e-03 2.28e-05 1.75e-03 -11.0 4.55e-04    -  1.00e+00 1.00e+00h  1
2973  1.2757924e-03 1.61e-05 3.88e-04 -11.0 3.16e-04    -  1.00e+00 1.00e+00h  1
2974  1.2757726e-03 8.18e-07 4.19e-04 -11.0 3.94e-05    -  1.00e+00 1.00e+00h  1
2975  1.2757595e-03 7.01e-08 7.29e-05 -11.0 3.97e-05    -  1.00e+00 1.00e+00h  1
2976  1.2758396e-03 9.26e-10 1.82e-04 -11.0 8.00e-04    -  1.00e+00 1.00e+00H  1
2977  1.2761289e-03 4.66e-12 2.58e-04 -11.0 1.06e-03    -  1.00e+00 1.00e+00H  1
2978  1.2768394e-03 9.75e-12 6.28e-04 -11.0 7.40e-04    -  1.00e+00 1.00e+00H  1
2979  1.2756441e-03 5.32e-05 9.78e-04 -11.0 8.27e-04    -  1.00e+00 1.00e+00h  1
iter    objective    inf_pr   inf_du lg(mu)  ||d||  lg(rg) alpha_du alpha_pr  ls
2980  1.2756153e-03 3.19e-05 1.39e-03 -11.0 4.06e-04    -  1.00e+00 5.00e-01h  2
2981  1.2755107e-03 6.23e-06 2.07e-04 -11.0 2.45e-04    -  1.00e+00 1.00e+00h  1
2982  1.2755288e-03 1.29e-06 4.07e-04 -11.0 3.21e-04    -  1.00e+00 1.00e+00h  1
2983  1.2754908e-03 1.27e-05 1.12e-03 -11.0 1.36e-03    -  1.00e+00 1.00e+00h  1
2984  1.2754238e-03 1.52e-05 1.70e-03 -11.0 2.31e-02    -  1.00e+00 3.12e-02h  6
2985  1.2754440e-03 1.61e-05 2.65e-03 -11.0 4.39e-03    -  1.00e+00 1.25e-01h  4
2986  1.2766987e-03 1.30e-12 4.53e-04 -11.0 1.36e-03    -  1.00e+00 1.00e+00H  1
2987  1.2753611e-03 3.23e-05 5.93e-04 -11.0 1.22e-03    -  1.00e+00 1.00e+00h  1
2988  1.2753576e-03 1.63e-05 4.04e-04 -11.0 3.44e-04    -  1.00e+00 5.00e-01h  2
2989  1.2752836e-03 2.16e-06 4.35e-04 -11.0 4.74e-04    -  1.00e+00 1.00e+00h  1
iter    objective    inf_pr   inf_du lg(mu)  ||d||  lg(rg) alpha_du alpha_pr  ls
2990  1.2765820e-03 3.46e-12 5.60e-04 -11.0 4.55e-04    -  1.00e+00 1.00e+00H  1
2991  1.2752678e-03 5.31e-05 6.06e-05 -11.0 4.23e-04    -  1.00e+00 1.00e+00h  1
2992  1.2752716e-03 5.10e-08 1.44e-05 -11.0 2.23e-05    -  1.00e+00 1.00e+00h  1
2993  1.2752346e-03 9.72e-07 5.80e-04 -11.0 4.13e-04    -  1.00e+00 1.00e+00h  1
2994  1.2752160e-03 1.36e-06 1.15e-03 -11.0 2.01e-02    -  1.00e+00 1.56e-02h  7
2995  1.2752093e-03 1.62e-06 1.89e-03 -11.0 3.60e-03    -  1.00e+00 6.25e-02h  5
2996  1.2751923e-03 1.68e-06 3.11e-03 -11.0 2.63e-03    -  1.00e+00 1.25e-01h  4
2997  1.2751731e-03 3.16e-06 4.73e-03 -11.0 7.46e-03    -  1.00e+00 6.25e-02h  5
2998  1.2751572e-03 3.30e-06 5.80e-03 -11.0 9.50e-03    -  1.00e+00 3.12e-02h  6
2999  1.2751491e-03 5.15e-06 1.01e-02 -11.0 1.57e-02    -  1.00e+00 6.25e-02h  5
iter    objective    inf_pr   inf_du lg(mu)  ||d||  lg(rg) alpha_du alpha_pr  ls
3000  1.2751141e-03 7.93e-06 1.52e-02 -11.0 1.68e-02    -  1.00e+00 6.25e-02h  5

Number of Iterations....: 3000

                                   (scaled)                 (unscaled)
Objective...............:   1.2751141370805498e-03    1.2751141370805498e-03
Dual infeasibility......:   1.5233379137864409e-02    1.5233379137864409e-02
Constraint violation....:   7.9293529935409168e-06    7.9293529935409168e-06
Variable bound violation:   0.0000000000000000e+00    0.0000000000000000e+00
Complementarity.........:   0.0000000000000000e+00    0.0000000000000000e+00
Overall NLP error.......:   1.5233379137864409e-02    1.5233379137864409e-02


Number of objective function evaluations             = 14672
Number of objective gradient evaluations             = 3001
Number of equality constraint evaluations            = 14673
Number of inequality constraint evaluations          = 0
Number of equality constraint Jacobian evaluations   = 3001
Number of inequality constraint Jacobian evaluations = 0
Number of Lagrangian Hessian evaluations             = 0
Total seconds in IPOPT                               = 3495.010

EXIT: Maximum Number of Iterations Exceeded.
shapovalova [3503s]  loss=0.00128
  [final]  nrmse=159.4  l2=11120.0
saved /orcd/home/002/txenakis/projects/BVPsolver/src/../data/runs/run_YbW9DQXs/vanderpol_fit.png
saved /orcd/home/002/txenakis/projects/BVPsolver/src/../data/runs/run_YbW9DQXs/vanderpol_spectral_fit.png
┌ Warning: Attempting to store StiffNN.var"#14#15"{Float64}.
│ JLD2 only stores functions by name.
│  This may not be useful for anonymous functions.
└ @ JLD2 ~/.julia/packages/JLD2/ADycq/src/data/writing_datatypes.jl:447
saved run → /orcd/home/002/txenakis/projects/BVPsolver/src/../data/runs/run_YbW9DQXs
--------------------------------------
Done: Wed Aug 12 10:54:32 EDT 2026
