Task 39/214: --problem rober --model stiff --profile fast --seed 15 --pretraining derivmatch --training shapovalova
Logging to /home/txenakis/projects/BVPsolver/logs/run_main_20252509_39.log
rober  model=stiff d=3 tlen=50 profile=fast seed=15  solver=Rodas5  N=318
  derivmatch lr=0.01 iter=170/3400 loss=0.3125
  derivmatch lr=0.01 iter=340/3400 loss=0.1282
  derivmatch lr=0.01 iter=510/3400 loss=0.06196
  derivmatch lr=0.01 iter=680/3400 loss=0.03434
  derivmatch lr=0.01 iter=850/3400 loss=0.02166
  derivmatch lr=0.01 iter=1020/3400 loss=0.006843
  derivmatch lr=0.01 iter=1190/3400 loss=0.003382
  derivmatch lr=0.01 iter=1360/3400 loss=0.002352
  derivmatch lr=0.01 iter=1530/3400 loss=0.001761
  derivmatch lr=0.01 iter=1700/3400 loss=0.001537
  derivmatch lr=0.01 iter=1870/3400 loss=0.001308
  derivmatch lr=0.01 iter=2040/3400 loss=0.001024
  derivmatch lr=0.01 iter=2210/3400 loss=0.001079
  derivmatch lr=0.01 iter=2380/3400 loss=0.001505
  derivmatch lr=0.01 iter=2550/3400 loss=0.0007395
  derivmatch lr=0.01 iter=2720/3400 loss=0.0006329
  derivmatch lr=0.01 iter=2890/3400 loss=0.0009429
  derivmatch lr=0.01 iter=3060/3400 loss=0.000534
  derivmatch lr=0.01 iter=3230/3400 loss=0.001234
  derivmatch lr=0.01 iter=3400/3400 loss=0.0004655
  derivmatch lr=0.01 iter=3400/3400 loss=0.0004655
  derivmatch lr=0.003 iter=125/2500 loss=0.0004431
  derivmatch lr=0.003 iter=250/2500 loss=0.0003959
  derivmatch lr=0.003 iter=375/2500 loss=0.0003561
  derivmatch lr=0.003 iter=500/2500 loss=0.0003213
  derivmatch lr=0.003 iter=625/2500 loss=0.0002886
  derivmatch lr=0.003 iter=750/2500 loss=0.0002584
  derivmatch lr=0.003 iter=875/2500 loss=0.0002583
  derivmatch lr=0.003 iter=1000/2500 loss=0.000228
  derivmatch lr=0.003 iter=1125/2500 loss=0.0002105
  derivmatch lr=0.003 iter=1250/2500 loss=0.0001946
  derivmatch lr=0.003 iter=1375/2500 loss=0.0004805
  derivmatch lr=0.003 iter=1500/2500 loss=0.0002761
  derivmatch lr=0.003 iter=1625/2500 loss=0.0001642
  derivmatch lr=0.003 iter=1750/2500 loss=0.0001519
  derivmatch lr=0.003 iter=1875/2500 loss=0.0001406
  derivmatch lr=0.003 iter=2000/2500 loss=0.0001396
  derivmatch lr=0.003 iter=2125/2500 loss=0.0004387
  derivmatch lr=0.003 iter=2250/2500 loss=0.0002988
  derivmatch lr=0.003 iter=2375/2500 loss=0.0001217
  derivmatch lr=0.003 iter=2500/2500 loss=0.0001082
  derivmatch lr=0.003 iter=2500/2500 loss=0.0001055
  derivmatch lr=0.001 iter=125/2500 loss=0.0001044
  derivmatch lr=0.001 iter=250/2500 loss=0.0001026
  derivmatch lr=0.001 iter=375/2500 loss=0.0001006
  derivmatch lr=0.001 iter=500/2500 loss=9.845e-5
  derivmatch lr=0.001 iter=625/2500 loss=9.608e-5
  derivmatch lr=0.001 iter=750/2500 loss=9.353e-5
  derivmatch lr=0.001 iter=875/2500 loss=9.086e-5
  derivmatch lr=0.001 iter=1000/2500 loss=8.808e-5
  derivmatch lr=0.001 iter=1125/2500 loss=8.523e-5
  derivmatch lr=0.001 iter=1250/2500 loss=8.233e-5
  derivmatch lr=0.001 iter=1375/2500 loss=7.941e-5
  derivmatch lr=0.001 iter=1500/2500 loss=7.695e-5
  derivmatch lr=0.001 iter=1625/2500 loss=7.438e-5
  derivmatch lr=0.001 iter=1750/2500 loss=7.19e-5
  derivmatch lr=0.001 iter=1875/2500 loss=6.967e-5
  derivmatch lr=0.001 iter=2000/2500 loss=6.744e-5
  derivmatch lr=0.001 iter=2125/2500 loss=6.56e-5
  derivmatch lr=0.001 iter=2250/2500 loss=6.335e-5
  derivmatch lr=0.001 iter=2375/2500 loss=6.151e-5
  derivmatch lr=0.001 iter=2500/2500 loss=6.576e-5
  derivmatch lr=0.001 iter=2500/2500 loss=5.989e-5
  derivmatch lr=0.0003 iter=80/1600 loss=5.98e-5
  derivmatch lr=0.0003 iter=160/1600 loss=5.947e-5
  derivmatch lr=0.0003 iter=240/1600 loss=5.919e-5
  derivmatch lr=0.0003 iter=320/1600 loss=5.888e-5
  derivmatch lr=0.0003 iter=400/1600 loss=5.853e-5
  derivmatch lr=0.0003 iter=480/1600 loss=5.814e-5
  derivmatch lr=0.0003 iter=560/1600 loss=5.772e-5
  derivmatch lr=0.0003 iter=640/1600 loss=5.727e-5
  derivmatch lr=0.0003 iter=720/1600 loss=5.679e-5
  derivmatch lr=0.0003 iter=800/1600 loss=5.629e-5
  derivmatch lr=0.0003 iter=880/1600 loss=5.576e-5
  derivmatch lr=0.0003 iter=960/1600 loss=5.522e-5
  derivmatch lr=0.0003 iter=1040/1600 loss=5.465e-5
  derivmatch lr=0.0003 iter=1120/1600 loss=5.406e-5
  derivmatch lr=0.0003 iter=1200/1600 loss=5.346e-5
  derivmatch lr=0.0003 iter=1280/1600 loss=5.284e-5
  derivmatch lr=0.0003 iter=1360/1600 loss=5.222e-5
  derivmatch lr=0.0003 iter=1440/1600 loss=5.16e-5
  derivmatch lr=0.0003 iter=1520/1600 loss=5.096e-5
  derivmatch lr=0.0003 iter=1600/1600 loss=5.031e-5
  derivmatch lr=0.0003 iter=1600/1600 loss=5.031e-5
derivative matching [31s]  fitloss=5.03e-5
  [derivative matching]  nrmse=0.004858  l2=0.02669

******************************************************************************
This program contains Ipopt, a library for large-scale nonlinear optimization.
 Ipopt is released as open source code under the Eclipse Public License (EPL).
         For more information visit https://github.com/coin-or/Ipopt
******************************************************************************

This is Ipopt version 3.14.19, running with linear solver MUMPS 5.9.0.

Number of nonzeros in equality constraint Jacobian...:    55503
Number of nonzeros in inequality constraint Jacobian.:        0
Number of nonzeros in Lagrangian Hessian.............:        0

Total number of variables............................:      468
                     variables with only lower bounds:        0
                variables with lower and upper bounds:        0
                     variables with only upper bounds:        0
Total number of equality constraints.................:      153
Total number of inequality constraints...............:        0
        inequality constraints with only lower bounds:        0
   inequality constraints with lower and upper bounds:        0
        inequality constraints with only upper bounds:        0

iter    objective    inf_pr   inf_du lg(mu)  ||d||  lg(rg) alpha_du alpha_pr  ls
   0  4.0742621e-04 4.01e-02 1.32e-05   0.0 0.00e+00    -  0.00e+00 0.00e+00   0
   1  2.6794949e-02 1.38e-02 7.65e+03 -11.0 1.62e-01    -  1.00e+00 1.00e+00h  1
   2  3.4383959e-02 8.29e-03 4.52e+03 -11.0 1.77e-01    -  1.00e+00 5.00e-01h  2
   3  3.5076331e-02 6.43e-03 3.86e+03 -11.0 2.37e-01    -  1.00e+00 2.50e-01h  3
   4  3.4752786e-02 5.67e-03 3.31e+03 -11.0 2.26e-01    -  1.00e+00 1.25e-01h  4
   5  4.0485279e-02 5.00e-03 2.69e+03 -11.0 2.62e-01    -  1.00e+00 1.25e-01h  4
   6  6.2068309e-02 3.88e-03 2.28e+03 -11.0 3.50e-01    -  1.00e+00 2.50e-01h  3
   7  7.0999622e-02 3.42e-03 1.98e+03 -11.0 4.10e-01    -  1.00e+00 1.25e-01h  4
   8  9.6364752e-02 2.65e-03 2.62e+03 -11.0 5.05e-01    -  1.00e+00 2.50e-01h  3
   9  1.1153134e-01 2.05e-03 4.78e+03 -11.0 3.67e-01    -  1.00e+00 2.50e-01h  3
iter    objective    inf_pr   inf_du lg(mu)  ||d||  lg(rg) alpha_du alpha_pr  ls
  10  9.6973817e-02 1.23e-03 2.97e+03 -11.0 2.92e-01    -  1.00e+00 5.00e-01h  2
  11  8.3070469e-02 1.19e-03 2.46e+03 -11.0 1.17e+00    -  1.00e+00 3.12e-02f  6
  12  1.0171017e-01 5.64e-04 1.61e+05 -11.0 3.40e-01    -  1.00e+00 1.00e+00h  1
  13  1.0299013e-01 6.45e-04 1.01e+05 -11.0 1.26e-01    -  1.00e+00 5.00e-01h  2
  14  1.1725915e-01 4.47e-04 5.92e+04 -11.0 1.72e-01    -  1.00e+00 5.00e-01h  2
  15  8.9382715e-02 3.98e-04 3.14e+04 -11.0 4.34e-01    -  1.00e+00 1.25e-01f  4
  16  1.8397503e-01 1.97e-04 6.62e+03 -11.0 1.16e-01    -  1.00e+00 1.00e+00h  1
  17  1.1378795e-01 3.11e-04 1.03e+04 -11.0 1.35e-01    -  1.00e+00 5.00e-01f  2
  18  8.4251926e-02 2.81e-04 1.15e+04 -11.0 8.77e-02    -  1.00e+00 5.00e-01f  2
  19  7.9880540e-02 2.14e-04 5.28e+03 -11.0 3.41e-02    -  1.00e+00 5.00e-01h  2
iter    objective    inf_pr   inf_du lg(mu)  ||d||  lg(rg) alpha_du alpha_pr  ls
  20  7.7983576e-02 1.91e-04 5.87e+03 -11.0 2.82e-02    -  1.00e+00 2.50e-01h  3
  21  7.3931622e-02 3.73e-04 1.23e+04 -11.0 1.99e-02    -  1.00e+00 5.00e-01h  2
  22  7.5515834e-02 2.25e-04 2.06e+04 -11.0 1.03e-02    -  1.00e+00 5.00e-01h  2
  23  7.6213751e-02 1.83e-04 2.12e+04 -11.0 2.21e-02    -  1.00e+00 6.25e-02h  5
  24  7.7520239e-02 1.63e-04 2.28e+04 -11.0 2.26e-02    -  1.00e+00 1.25e-01h  4
  25  7.8772414e-02 1.55e-04 2.39e+04 -11.0 3.94e-02    -  1.00e+00 6.25e-02h  5
  26  7.6263516e-02 2.07e-04 2.59e+05 -11.0 1.38e-02    -  1.00e+00 1.00e+00h  1
  27  7.6678477e-02 1.94e-04 2.45e+05 -11.0 5.00e-02    -  1.00e+00 6.25e-02h  5
  28  7.7598089e-02 9.70e-05 3.91e+05 -11.0 1.35e-02    -  1.00e+00 5.00e-01h  2
  29  7.4486056e-02 2.48e-04 1.13e+06 -11.0 1.05e-02    -  1.00e+00 1.00e+00h  1
iter    objective    inf_pr   inf_du lg(mu)  ||d||  lg(rg) alpha_du alpha_pr  ls
  30  6.8426816e-02 2.67e-04 4.33e+05 -11.0 2.65e-02    -  1.00e+00 5.00e-01h  2
  31  5.9950457e-02 3.12e-04 1.73e+05 -11.0 2.99e-02    -  1.00e+00 5.00e-01h  2
  32  3.9744528e-02 1.58e-03 9.46e+03 -11.0 3.80e-02    -  1.00e+00 1.00e+00h  1
  33  2.9261305e-02 2.07e-03 2.57e+03 -11.0 3.75e-02    -  1.00e+00 1.00e+00h  1
  34  2.6714827e-02 1.04e-03 1.22e+04 -11.0 6.03e-02    -  1.00e+00 5.00e-01h  2
  35  2.9264081e-02 5.29e-04 3.43e+04 -11.0 6.16e-02    -  1.00e+00 5.00e-01h  2
  36  3.0693358e-02 3.98e-04 3.49e+04 -11.0 3.62e-02    -  1.00e+00 2.50e-01h  3
  37  2.8905771e-02 4.06e-04 1.17e+05 -11.0 3.63e-02    -  1.00e+00 5.00e-01h  2
  38  2.6109406e-02 1.64e-04 3.23e+05 -11.0 1.32e-02    -  1.00e+00 1.00e+00h  1
  39  2.8051151e-02 9.65e-05 1.69e+05 -11.0 2.15e-02    -  1.00e+00 1.00e+00h  1
iter    objective    inf_pr   inf_du lg(mu)  ||d||  lg(rg) alpha_du alpha_pr  ls
  40  2.7388070e-02 8.88e-05 1.67e+05 -11.0 3.02e-02    -  1.00e+00 1.25e-01h  4
  41  2.5814355e-02 1.47e-03 2.61e+06 -11.0 1.84e-02    -  1.00e+00 1.00e+00h  1
  42  2.5599733e-02 8.25e-04 5.98e+07 -11.0 2.46e-02    -  1.00e+00 5.00e-01h  2
  43  2.3883100e-02 4.60e-04 1.95e+09 -11.0 1.37e-02    -  1.00e+00 1.00e+00h  1
  44  2.3427424e-02 2.55e-03 7.74e+10 -11.0 1.38e-02    -  1.00e+00 1.00e+00h  1
  45  2.3101096e-02 2.60e-04 4.18e+11 -11.0 2.71e-02    -  1.00e+00 1.00e+00h  1
  46  2.2627156e-02 7.89e-04 7.89e+11 -11.0 1.83e-02    -  1.00e+00 1.00e+00h  1
  47  2.2879707e-02 6.09e-04 8.75e+11 -11.0 3.41e-02    -  1.00e+00 2.50e-01h  3
  48  2.3216082e-02 4.44e-04 1.53e+12 -11.0 1.65e-02    -  1.00e+00 1.00e+00h  1
  49  2.4628339e-02 1.94e-04 1.42e+11 -11.0 1.34e-02    -  1.00e+00 1.00e+00h  1
iter    objective    inf_pr   inf_du lg(mu)  ||d||  lg(rg) alpha_du alpha_pr  ls
  50  1.7630646e-02 2.55e-03 1.10e+05 -11.0 2.38e-02    -  1.00e+00 1.00e+00h  1
  51  1.4006130e-02 3.75e-03 3.22e+04 -11.0 1.84e-02    -  1.00e+00 1.00e+00h  1
  52  1.3929598e-02 6.26e-03 3.11e+05 -11.0 3.22e-02    -  1.00e+00 5.00e-01h  2
  53  1.5455913e-02 7.98e-04 6.12e+06 -11.0 1.25e-02    -  1.00e+00 1.00e+00h  1
  54  1.3648157e-02 7.07e-04 5.75e+06 -11.0 1.21e-02    -  1.00e+00 1.00e+00h  1
  55  1.3580920e-02 6.68e-04 2.93e+06 -11.0 6.06e-03    -  1.00e+00 1.00e+00h  1
  56  1.4939645e-02 3.14e-04 4.82e+06 -11.0 1.11e-02    -  1.00e+00 1.00e+00h  1
  57  1.1684836e-02 1.33e-04 1.20e+04 -11.0 1.44e-02    -  1.00e+00 1.00e+00h  1
  58  9.0848050e-03 3.20e-04 6.87e+03 -11.0 1.10e-02    -  1.00e+00 1.00e+00h  1
  59  8.6320946e-03 1.88e-04 5.80e+04 -11.0 5.82e-03    -  1.00e+00 1.00e+00h  1
iter    objective    inf_pr   inf_du lg(mu)  ||d||  lg(rg) alpha_du alpha_pr  ls
  60  7.5609325e-03 1.10e-04 9.20e+03 -11.0 6.78e-03    -  1.00e+00 1.00e+00h  1
  61  7.3063858e-03 9.33e-06 3.80e+02 -11.0 1.98e-03    -  1.00e+00 1.00e+00h  1
  62  6.4522365e-03 3.67e-05 1.06e+03 -11.0 8.98e-03    -  1.00e+00 1.00e+00h  1
  63  6.8828454e-03 2.60e-05 1.03e+02 -11.0 8.28e-03    -  1.00e+00 1.00e+00H  1
  64  5.6372186e-03 6.19e-05 4.38e+03 -11.0 6.85e-03    -  1.00e+00 1.00e+00h  1
  65  5.9548263e-03 6.66e-05 3.63e+02 -11.0 4.82e-03    -  1.00e+00 1.00e+00h  1
  66  5.7799161e-03 2.61e-05 4.24e+03 -11.0 8.86e-03    -  1.00e+00 1.00e+00H  1
  67  4.6358103e-03 6.33e-04 2.89e+03 -11.0 6.46e-02    -  1.00e+00 5.00e-01h  2
  68  4.5328262e-03 2.50e-05 1.16e+04 -11.0 1.60e-02    -  1.00e+00 1.00e+00h  1
  69  4.1924128e-03 4.67e-05 7.16e+02 -11.0 8.92e-03    -  1.00e+00 1.00e+00h  1
iter    objective    inf_pr   inf_du lg(mu)  ||d||  lg(rg) alpha_du alpha_pr  ls
  70  3.5055077e-03 1.12e-04 7.27e+02 -11.0 1.14e-02    -  1.00e+00 1.00e+00h  1
  71  3.3814664e-03 5.04e-04 4.47e+02 -11.0 2.98e-02    -  1.00e+00 5.00e-01h  2
  72  3.4979489e-03 4.43e-04 3.40e+02 -11.0 3.01e-02    -  1.00e+00 1.25e-01h  4
  73  3.4674012e-03 3.91e-04 6.44e+02 -11.0 1.68e-02    -  1.00e+00 1.25e-01h  4
  74  3.7767129e-03 1.70e-04 7.20e+03 -11.0 1.03e-02    -  1.00e+00 1.00e+00h  1
  75  3.0930465e-03 2.63e-05 6.06e+01 -11.0 7.61e-03    -  1.00e+00 1.00e+00h  1
  76  2.6373564e-03 1.50e-05 7.15e+01 -11.0 3.47e-03    -  1.00e+00 1.00e+00h  1
  77  2.5172343e-03 1.93e-05 3.60e+01 -11.0 3.88e-03    -  1.00e+00 1.00e+00h  1
  78  2.4243940e-03 3.60e-06 3.68e+01 -11.0 4.28e-03    -  1.00e+00 1.00e+00h  1
  79  2.2340348e-03 6.25e-06 9.72e+01 -11.0 9.47e-03    -  1.00e+00 1.00e+00h  1
iter    objective    inf_pr   inf_du lg(mu)  ||d||  lg(rg) alpha_du alpha_pr  ls
  80  2.2152142e-03 7.93e-05 2.31e+02 -11.0 1.60e-01    -  1.00e+00 2.50e-01h  3
  81  2.1265445e-03 7.38e-05 2.58e+02 -11.0 3.57e-02    -  1.00e+00 2.50e-01h  3
  82  1.5860921e-03 1.28e-05 1.75e+02 -11.0 1.15e-02    -  1.00e+00 1.00e+00h  1
  83  1.5194528e-03 9.43e-05 1.38e+02 -11.0 7.40e-03    -  1.00e+00 1.00e+00h  1
  84  1.3777155e-03 2.57e-05 6.93e+01 -11.0 1.89e-02    -  1.00e+00 1.00e+00h  1
  85  1.3153360e-03 2.41e-05 5.62e+01 -11.0 4.00e-02    -  1.00e+00 1.25e-01h  4
  86  1.2653623e-03 2.14e-06 2.63e+01 -11.0 5.17e-03    -  1.00e+00 1.00e+00h  1
  87  1.2870098e-03 8.34e-07 3.91e+01 -11.0 1.11e-02    -  1.00e+00 1.00e+00H  1
  88  1.2397589e-03 1.23e-05 8.48e+01 -11.0 1.25e-02    -  1.00e+00 1.00e+00h  1
  89  1.1578580e-03 4.66e-05 9.80e+01 -11.0 3.72e-02    -  1.00e+00 2.50e-01h  3
iter    objective    inf_pr   inf_du lg(mu)  ||d||  lg(rg) alpha_du alpha_pr  ls
  90  1.1453584e-03 3.79e-05 8.54e+01 -11.0 1.13e-02    -  1.00e+00 2.50e-01h  3
  91  1.1225571e-03 2.88e-05 1.01e+02 -11.0 1.60e-02    -  1.00e+00 2.50e-01h  3
  92  1.1139243e-03 1.42e-05 6.79e+01 -11.0 5.88e-03    -  1.00e+00 5.00e-01h  2
  93  1.0919758e-03 2.51e-05 4.29e+01 -11.0 3.96e-03    -  1.00e+00 1.00e+00h  1
  94  1.0952577e-03 3.29e-05 1.03e+01 -11.0 7.39e-03    -  1.00e+00 1.00e+00h  1
  95  1.0835715e-03 7.71e-06 2.83e+01 -11.0 2.97e-03    -  1.00e+00 1.00e+00h  1
  96  1.0780844e-03 9.70e-07 2.67e+01 -11.0 1.70e-03    -  1.00e+00 1.00e+00h  1
  97  1.0662481e-03 1.76e-06 7.17e+00 -11.0 1.95e-03    -  1.00e+00 1.00e+00h  1
  98  1.0640913e-03 3.23e-06 5.44e+00 -11.0 2.81e-03    -  1.00e+00 1.00e+00h  1
  99  1.1045378e-03 4.80e-07 2.46e+01 -11.0 7.23e-03    -  1.00e+00 1.00e+00H  1
iter    objective    inf_pr   inf_du lg(mu)  ||d||  lg(rg) alpha_du alpha_pr  ls
 100  1.0888747e-03 1.00e-06 1.71e+01 -11.0 1.23e-02    -  1.00e+00 1.25e-01h  4
 101  1.2140309e-03 1.33e-07 3.67e-03 -11.0 4.75e-03    -  1.00e+00 1.00e+00H  1
 102  1.0619574e-03 3.95e-06 1.02e+02 -11.0 3.24e-03    -  1.00e+00 1.00e+00h  1
 103  1.0463645e-03 9.50e-07 1.31e+01 -11.0 1.11e-03    -  1.00e+00 1.00e+00h  1
 104  1.0430569e-03 2.60e-07 6.43e+00 -11.0 7.52e-04    -  1.00e+00 1.00e+00h  1
 105  1.0401570e-03 9.66e-07 6.26e+00 -11.0 1.27e-03    -  1.00e+00 1.00e+00h  1
 106  1.0354967e-03 1.39e-05 1.38e+01 -11.0 7.95e-03    -  1.00e+00 1.00e+00h  1
 107  1.0342624e-03 1.47e-05 1.63e+01 -11.0 6.31e-02    -  1.00e+00 6.25e-02h  5
 108  1.0336232e-03 1.43e-05 3.01e+01 -11.0 2.17e-02    -  1.00e+00 3.12e-02h  6
 109  1.0318205e-03 1.08e-05 1.97e+01 -11.0 3.42e-03    -  1.00e+00 2.50e-01h  3
iter    objective    inf_pr   inf_du lg(mu)  ||d||  lg(rg) alpha_du alpha_pr  ls
 110  1.0167528e-03 4.66e-06 2.13e+01 -11.0 3.67e-03    -  1.00e+00 1.00e+00h  1
 111  1.0146743e-03 4.59e-06 1.15e+01 -11.0 8.69e-03    -  1.00e+00 2.50e-01h  3
 112  1.0131392e-03 2.04e-05 8.78e+00 -11.0 3.32e-02    -  1.00e+00 2.50e-01h  3
 113  1.0107972e-03 2.02e-05 8.40e+00 -11.0 4.12e-02    -  1.00e+00 6.25e-02h  5
 114  1.0033124e-03 2.83e-05 1.20e+01 -11.0 4.54e-02    -  1.00e+00 2.50e-01h  3
 115  9.9126030e-04 3.62e-05 2.07e+01 -11.0 2.04e-01    -  1.00e+00 6.25e-02h  5
 116  9.9014111e-04 3.89e-05 1.66e+01 -11.0 2.79e-01    -  1.00e+00 1.56e-02h  7
 117  9.8776196e-04 4.36e-05 1.79e+01 -11.0 4.23e-01    -  1.00e+00 1.56e-02h  7
 118  9.8628373e-04 4.50e-05 2.03e+01 -11.0 5.34e-01    -  1.00e+00 7.81e-03h  8
 119  9.8037763e-04 4.18e-05 1.85e+01 -11.0 6.46e-02    -  1.00e+00 1.25e-01h  4
iter    objective    inf_pr   inf_du lg(mu)  ||d||  lg(rg) alpha_du alpha_pr  ls
 120  9.7798258e-04 4.10e-05 2.00e+01 -11.0 1.47e-01    -  1.00e+00 3.12e-02h  6
 121  3.8894763e-03 7.50e-04 3.44e+03 -11.0 4.12e-02    -  1.00e+00 1.00e+00w  1
 122  8.9648345e-01 1.25e-02 1.08e+04 -11.0 2.70e-01    -  1.00e+00 1.00e+00w  1
 123  4.4094860e-02 1.52e-02 2.76e+04 -11.0 2.32e-01    -  1.00e+00 1.00e+00w  1
 124  9.7407325e-04 3.90e-05 1.57e+01 -11.0 1.33e-01    -  1.00e+00 6.25e-02h  4
 125  1.0105251e-03 1.19e-06 5.60e+01 -11.0 2.42e-03    -  1.00e+00 1.00e+00h  1
 126  9.9652497e-04 2.90e-06 1.22e+02 -11.0 5.25e-03    -  1.00e+00 1.00e+00h  1
 127  9.8905033e-04 2.95e-06 1.08e+02 -11.0 2.95e-02    -  1.00e+00 3.12e-02h  6
 128  9.8645103e-04 1.84e-05 1.32e+02 -11.0 1.26e-03    -  1.00e+00 1.00e+00h  1
 129  9.8343465e-04 8.66e-06 3.26e+01 -11.0 7.17e-04    -  1.00e+00 1.00e+00h  1
iter    objective    inf_pr   inf_du lg(mu)  ||d||  lg(rg) alpha_du alpha_pr  ls
 130  9.8114808e-04 1.57e-06 5.92e+00 -11.0 3.94e-04    -  1.00e+00 1.00e+00h  1
 131  9.7899291e-04 1.64e-06 7.19e+01 -11.0 1.09e-03    -  1.00e+00 5.00e-01h  2
 132  9.7792013e-04 6.79e-07 1.07e+01 -11.0 2.77e-04    -  1.00e+00 1.00e+00h  1
 133  9.7776702e-04 5.90e-07 1.19e+02 -11.0 3.07e-03    -  1.00e+00 2.50e-01h  3
 134  9.9787236e-04 7.18e-08 1.82e-03 -11.0 2.75e-03    -  1.00e+00 1.00e+00H  1
 135  9.9518378e-04 7.31e-08 1.78e-03 -11.0 3.75e-03    -  1.00e+00 6.25e-02h  5
 136  9.8812894e-04 1.03e-07 1.33e-03 -11.0 3.78e-03    -  1.00e+00 2.50e-01h  3
 137  9.8338779e-04 1.59e-07 3.43e+00 -11.0 5.26e-03    -  1.00e+00 1.25e-01h  4
 138  9.7941381e-04 3.05e-08 5.06e-04 -11.0 2.42e-03    -  1.00e+00 1.00e+00H  1
 139  9.8195799e-04 1.18e-08 8.51e-04 -11.0 2.10e-03    -  1.00e+00 1.00e+00H  1
iter    objective    inf_pr   inf_du lg(mu)  ||d||  lg(rg) alpha_du alpha_pr  ls
 140  9.7506526e-04 1.01e-06 7.72e+00 -11.0 3.05e-03    -  1.00e+00 1.00e+00h  1
 141  9.7546785e-04 1.26e-06 4.64e+00 -11.0 9.43e-03    -  1.00e+00 2.50e-01h  3
 142  9.7443806e-04 9.50e-07 4.14e+00 -11.0 1.64e-03    -  1.00e+00 2.50e-01h  3
 143  9.7309202e-04 5.97e-07 2.18e+00 -11.0 2.52e-03    -  1.00e+00 1.00e+00h  1
 144  9.7245583e-04 7.61e-07 6.89e+00 -11.0 2.86e-03    -  1.00e+00 5.00e-01h  2
 145  9.7102219e-04 7.60e-07 8.86e+00 -11.0 8.68e-03    -  1.00e+00 2.50e-01h  3
 146  9.7005354e-04 3.81e-06 7.50e+00 -11.0 8.07e-03    -  1.00e+00 5.00e-01h  2
 147  9.7087572e-04 4.69e-06 3.81e+00 -11.0 9.40e-03    -  1.00e+00 2.50e-01h  3
 148  9.6589914e-04 5.67e-06 3.36e+00 -11.0 7.55e-03    -  1.00e+00 5.00e-01h  2
 149  9.6231456e-04 7.78e-06 5.14e+00 -11.0 6.81e-02    -  1.00e+00 6.25e-02h  5
iter    objective    inf_pr   inf_du lg(mu)  ||d||  lg(rg) alpha_du alpha_pr  ls
 150  9.6220773e-04 9.89e-06 7.35e+00 -11.0 1.15e-01    -  1.00e+00 3.12e-02h  6
 151  9.6093207e-04 7.39e-06 3.38e+00 -11.0 9.78e-03    -  1.00e+00 2.50e-01h  3
 152  9.6086726e-04 6.52e-06 3.66e+00 -11.0 1.11e-02    -  1.00e+00 2.50e-01h  3
 153  9.6389196e-04 4.16e-06 5.03e+00 -11.0 5.26e-03    -  1.00e+00 5.00e-01h  2
 154  9.6619706e-04 3.84e-06 7.09e+00 -11.0 4.95e-03    -  1.00e+00 1.00e+00h  1
 155  9.5987535e-04 6.20e-06 7.88e+00 -11.0 1.29e-02    -  1.00e+00 5.00e-01h  2
 156  9.5691531e-04 5.46e-06 8.43e+00 -11.0 6.01e-03    -  1.00e+00 2.50e-01h  3
 157  9.4964312e-04 3.02e-06 1.59e+01 -11.0 6.78e-03    -  1.00e+00 1.00e+00h  1
 158  9.5550048e-04 2.22e-06 1.62e+01 -11.0 4.57e-03    -  1.00e+00 2.50e-01h  3
 159  9.4781701e-04 9.97e-07 3.32e+00 -11.0 2.44e-03    -  1.00e+00 1.00e+00h  1
iter    objective    inf_pr   inf_du lg(mu)  ||d||  lg(rg) alpha_du alpha_pr  ls
 160  9.5316454e-04 1.94e-07 1.18e-03 -11.0 1.57e-03    -  1.00e+00 1.00e+00h  1
 161  9.4699978e-04 2.44e-07 4.37e-04 -11.0 1.06e-03    -  1.00e+00 1.00e+00h  1
 162  9.4686061e-04 1.80e-07 4.24e-04 -11.0 6.16e-04    -  1.00e+00 1.00e+00h  1
 163  9.4598576e-04 5.46e-08 5.31e-05 -11.0 8.50e-04    -  1.00e+00 1.00e+00h  1
 164  9.4692494e-04 1.51e-08 6.12e-04 -11.0 2.04e-03    -  1.00e+00 1.00e+00H  1
 165  9.4572848e-04 1.31e-06 3.06e+00 -11.0 7.99e-03    -  1.00e+00 1.00e+00H  1
 166  9.4382150e-04 2.75e-06 4.07e+00 -11.0 1.03e-01    -  1.00e+00 3.12e-02h  6
 167  9.4189674e-04 5.12e-06 5.80e+00 -11.0 5.08e-02    -  1.00e+00 6.25e-02h  5
 168  9.3998873e-04 6.36e-06 5.25e+00 -11.0 2.46e-02    -  1.00e+00 1.25e-01h  4
 169  9.3883969e-04 1.15e-05 5.74e+00 -11.0 7.74e-02    -  1.00e+00 6.25e-02h  5
iter    objective    inf_pr   inf_du lg(mu)  ||d||  lg(rg) alpha_du alpha_pr  ls
 170  9.3821447e-04 1.91e-05 8.47e+00 -11.0 8.89e-02    -  1.00e+00 6.25e-02h  5
 171  9.3525808e-04 1.18e-04 1.54e+01 -11.0 1.66e-01    -  1.00e+00 1.25e-01h  4
 172  9.3176647e-04 1.17e-04 1.76e+01 -11.0 2.19e-01    -  1.00e+00 1.56e-02h  7
 173  9.3377039e-04 9.03e-05 1.61e+01 -11.0 1.34e-02    -  1.00e+00 2.50e-01h  3
 174  9.3197055e-04 4.67e-05 1.04e+01 -11.0 3.38e-03    -  1.00e+00 5.00e-01h  2
 175  9.2329476e-04 1.52e-05 7.11e-01 -11.0 7.67e-03    -  1.00e+00 1.00e+00h  1
 176  9.2267090e-04 1.54e-05 1.02e+00 -11.0 2.47e-02    -  1.00e+00 6.25e-02h  5
 177  9.3164409e-04 8.36e-06 1.83e+00 -11.0 5.13e-03    -  1.00e+00 5.00e-01h  2
 178  9.1991267e-04 5.06e-06 1.26e+00 -11.0 3.44e-03    -  1.00e+00 1.00e+00h  1
 179  1.0021286e-03 1.62e-08 5.11e-03 -11.0 8.04e-03    -  1.00e+00 1.00e+00H  1
iter    objective    inf_pr   inf_du lg(mu)  ||d||  lg(rg) alpha_du alpha_pr  ls
 180  9.2286520e-04 2.14e-06 2.05e+01 -11.0 9.55e-03    -  1.00e+00 1.00e+00H  1
 181  9.2226292e-04 2.70e-06 1.53e+01 -11.0 5.03e-03    -  1.00e+00 2.50e-01h  3
 182  9.1881406e-04 4.03e-06 8.97e-01 -11.0 2.78e-03    -  1.00e+00 1.00e+00h  1
 183  9.2772792e-04 3.01e-07 2.05e-03 -11.0 4.68e-03    -  1.00e+00 1.00e+00H  1
 184  9.3640700e-04 1.27e-07 1.31e-03 -11.0 7.52e-03    -  1.00e+00 1.00e+00H  1
 185  9.2613260e-04 8.50e-07 1.23e+01 -11.0 9.07e-03    -  1.00e+00 1.25e-01h  4
 186  9.1799926e-04 3.64e-06 3.16e+00 -11.0 2.51e-03    -  1.00e+00 1.00e+00h  1
 187  9.1502846e-04 2.02e-06 1.88e+00 -11.0 2.01e-03    -  1.00e+00 5.00e-01h  2
 188  9.1170464e-04 4.43e-06 1.58e+00 -11.0 2.93e-03    -  1.00e+00 1.00e+00h  1
 189  9.1112524e-04 4.51e-06 1.30e+00 -11.0 1.39e-02    -  1.00e+00 1.25e-01h  4
iter    objective    inf_pr   inf_du lg(mu)  ||d||  lg(rg) alpha_du alpha_pr  ls
 190  9.1023750e-04 1.41e-05 1.98e+00 -11.0 7.74e-03    -  1.00e+00 1.00e+00h  1
 191  9.0705844e-04 4.37e-05 3.97e+00 -11.0 2.88e-01    -  1.00e+00 3.12e-02h  6
 192  9.0653378e-04 4.58e-05 4.61e+00 -11.0 3.06e-01    -  1.00e+00 7.81e-03h  8
 193  9.0573364e-04 4.99e-05 5.38e+00 -11.0 4.10e-02    -  1.00e+00 1.25e-01h  4
 194  9.0417132e-04 5.54e-05 5.64e+00 -11.0 1.66e-01    -  1.00e+00 3.12e-02h  6
 195  8.9963361e-04 1.23e-04 6.69e+00 -11.0 9.54e-01    -  1.00e+00 1.56e-02h  7
 196  8.9732728e-04 1.49e-04 6.40e+00 -11.0 2.64e+00    -  1.00e+00 3.91e-03h  9
 197  8.9608566e-04 1.47e-04 5.99e+00 -11.0 1.42e-01    -  1.00e+00 7.81e-03h  8
 198  8.9653776e-04 1.10e-04 6.13e+00 -11.0 3.57e-03    -  1.00e+00 2.50e-01h  3
 199  8.9402547e-04 2.17e-05 1.30e+02 -11.0 8.22e-03    -  1.00e+00 1.00e+00h  1
iter    objective    inf_pr   inf_du lg(mu)  ||d||  lg(rg) alpha_du alpha_pr  ls
 200  9.0631535e-04 4.59e-06 4.17e+01 -11.0 2.95e-03    -  1.00e+00 1.00e+00h  1
 201  8.9489529e-04 4.23e-05 1.97e+01 -11.0 1.31e-02    -  1.00e+00 1.00e+00h  1
 202  8.9551080e-04 3.98e-05 1.83e+01 -11.0 1.87e-02    -  1.00e+00 6.25e-02h  5
 203  8.9236087e-04 7.68e-06 1.41e+01 -11.0 5.90e-03    -  1.00e+00 1.00e+00h  1
 204  8.9220592e-04 7.41e-06 1.10e+01 -11.0 2.17e-02    -  1.00e+00 3.12e-02h  6
 205  8.9275467e-04 4.05e-07 7.52e-04 -11.0 9.90e-04    -  1.00e+00 1.00e+00h  1
 206  8.9094338e-04 8.72e-07 2.56e-04 -11.0 1.88e-03    -  1.00e+00 1.00e+00h  1
 207  9.2240636e-04 2.34e-08 1.41e-03 -11.0 8.90e-03    -  1.00e+00 1.00e+00H  1
 208  9.1510600e-04 2.57e-07 1.06e-03 -11.0 1.01e-02    -  1.00e+00 1.25e-01h  4
 209  9.0939770e-04 2.24e-07 9.32e-04 -11.0 1.14e-02    -  1.00e+00 3.12e-02h  6
iter    objective    inf_pr   inf_du lg(mu)  ||d||  lg(rg) alpha_du alpha_pr  ls
 210  9.0026481e-04 4.82e-08 9.93e-04 -11.0 5.76e-03    -  1.00e+00 1.00e+00H  1
 211  8.9410773e-04 2.93e-08 7.00e-04 -11.0 5.05e-03    -  1.00e+00 1.25e-01h  4
 212  8.8862776e-04 1.47e-06 2.01e+00 -11.0 2.50e-03    -  1.00e+00 1.00e+00h  1
 213  8.9150173e-04 7.69e-07 8.63e-04 -11.0 1.13e-03    -  1.00e+00 5.00e-01h  2
 214  8.8787350e-04 9.98e-08 5.50e-05 -11.0 5.45e-04    -  1.00e+00 1.00e+00h  1
 215  8.8778982e-04 1.24e-09 4.72e-05 -11.0 1.02e-04    -  1.00e+00 1.00e+00h  1
 216  8.8699513e-04 9.13e-07 2.80e+00 -11.0 1.92e-02    -  1.00e+00 1.25e-01h  4
 217  8.8673164e-04 2.00e-06 1.50e+01 -11.0 3.65e-02    -  1.00e+00 6.25e-02h  5
 218  9.9022423e-04 8.89e-10 3.33e-03 -11.0 6.39e-03    -  1.00e+00 1.00e+00H  1
 219  8.8549065e-04 4.32e-06 5.19e+00 -11.0 5.46e-03    -  1.00e+00 1.00e+00f  1
iter    objective    inf_pr   inf_du lg(mu)  ||d||  lg(rg) alpha_du alpha_pr  ls
 220  8.8619290e-04 2.16e-06 4.35e+00 -11.0 5.96e-04    -  1.00e+00 5.00e-01h  2
 221  8.8518159e-04 4.49e-09 5.99e-05 -11.0 1.76e-04    -  1.00e+00 1.00e+00h  1
 222  8.8504202e-04 8.38e-09 5.03e-05 -11.0 1.00e-04    -  1.00e+00 1.00e+00h  1
 223  8.8473984e-04 2.15e-07 2.46e+00 -11.0 1.56e-03    -  1.00e+00 1.00e+00h  1
 224  8.8448470e-04 3.84e-07 2.59e+00 -11.0 1.53e-02    -  1.00e+00 1.25e-01h  4
 225  8.8387007e-04 1.01e-06 4.53e+00 -11.0 4.55e-02    -  1.00e+00 6.25e-02h  5
 226  8.8384083e-04 1.52e-06 5.33e+00 -11.0 5.17e-02    -  1.00e+00 6.25e-02h  5
 227  8.8308274e-04 1.58e-06 5.43e+00 -11.0 2.32e-02    -  1.00e+00 1.25e-01h  4
 228  8.8255012e-04 2.05e-06 6.41e+00 -11.0 5.21e-02    -  1.00e+00 6.25e-02h  5
 229  8.8130302e-04 2.86e-06 8.31e+00 -11.0 1.32e-01    -  1.00e+00 3.12e-02h  6
iter    objective    inf_pr   inf_du lg(mu)  ||d||  lg(rg) alpha_du alpha_pr  ls
 230  8.8102502e-04 3.73e-06 8.83e+00 -11.0 1.45e-01    -  1.00e+00 3.12e-02h  6
 231  8.8037012e-04 4.70e-06 5.99e+00 -11.0 4.26e-02    -  1.00e+00 6.25e-02h  5
 232  8.8035233e-04 4.79e-06 4.21e+00 -11.0 2.28e-02    -  1.00e+00 1.25e-01h  4
 233  8.8003324e-04 4.56e-06 3.41e+00 -11.0 1.58e-02    -  1.00e+00 6.25e-02h  5
 234  8.8700627e-04 7.65e-06 3.63e+00 -11.0 1.33e-02    -  1.00e+00 1.00e+00w  1
 235  1.2363118e-03 3.79e-04 7.15e+01 -11.0 6.43e-02    -  1.00e+00 1.00e+00w  1
 236  5.2350674e-03 1.89e-04 2.22e+02 -11.0 4.52e-02    -  1.00e+00 1.00e+00w  1
 237  8.7927552e-04 3.70e-06 1.15e+00 -11.0 6.19e-02    -  1.00e+00 5.00e-01h  1
 238  8.7933460e-04 3.56e-06 1.29e+00 -11.0 1.87e-02    -  1.00e+00 1.25e-01h  4
 239  8.7872581e-04 3.99e-06 1.61e+00 -11.0 1.62e-02    -  1.00e+00 2.50e-01h  3
iter    objective    inf_pr   inf_du lg(mu)  ||d||  lg(rg) alpha_du alpha_pr  ls
 240  8.7811496e-04 4.22e-06 1.86e+00 -11.0 6.62e-02    -  1.00e+00 3.12e-02h  6
 241  8.7814481e-04 4.17e-06 1.94e+00 -11.0 2.87e-02    -  1.00e+00 6.25e-02h  5
 242  8.7899393e-04 2.23e-06 2.06e+00 -11.0 4.67e-03    -  1.00e+00 5.00e-01h  2
 243  8.8140559e-04 6.68e-07 5.46e+00 -11.0 6.49e-03    -  1.00e+00 1.00e+00H  1
 244  8.8083600e-04 7.60e-07 4.10e+00 -11.0 1.52e-02    -  1.00e+00 6.25e-02h  5
 245  8.7606583e-04 2.80e-06 5.98e+00 -11.0 6.02e-03    -  1.00e+00 1.00e+00h  1
 246  8.7859271e-04 2.48e-06 3.15e+00 -11.0 1.19e-02    -  1.00e+00 1.25e-01h  4
 247  8.7562266e-04 2.73e-07 3.34e-04 -11.0 1.99e-03    -  1.00e+00 1.00e+00h  1
 248  8.7546623e-04 2.61e-07 3.96e-04 -11.0 4.24e-03    -  1.00e+00 1.25e-01h  4
 249  8.7487706e-04 7.28e-08 6.65e-05 -11.0 5.91e-04    -  1.00e+00 1.00e+00h  1
iter    objective    inf_pr   inf_du lg(mu)  ||d||  lg(rg) alpha_du alpha_pr  ls
 250  8.7732600e-04 1.02e-08 4.67e-04 -11.0 2.88e-03    -  1.00e+00 1.00e+00H  1
 251  8.7677663e-04 1.73e-08 3.90e-04 -11.0 7.47e-03    -  1.00e+00 6.25e-02h  5
 252  8.7371977e-04 1.32e-06 8.13e-01 -11.0 1.19e-02    -  1.00e+00 2.50e-01h  3
 253  8.7342564e-04 1.67e-06 8.30e-01 -11.0 1.86e-02    -  1.00e+00 6.25e-02h  5
 254  8.7307548e-04 2.07e-06 1.57e+00 -11.0 6.11e-03    -  1.00e+00 2.50e-01h  3
 255  8.7617309e-04 4.04e-09 7.12e-04 -11.0 3.41e-03    -  1.00e+00 1.00e+00H  1
 256  8.7507750e-04 3.33e-08 6.68e-04 -11.0 2.60e-03    -  1.00e+00 1.25e-01h  4
 257  8.7209786e-04 7.05e-07 4.08e+00 -11.0 2.37e-03    -  1.00e+00 1.00e+00h  1
 258  8.7228212e-04 8.75e-07 3.75e+00 -11.0 9.72e-03    -  1.00e+00 1.25e-01h  4
 259  8.7231482e-04 1.20e-07 3.24e-04 -11.0 1.39e-03    -  1.00e+00 1.00e+00h  1
iter    objective    inf_pr   inf_du lg(mu)  ||d||  lg(rg) alpha_du alpha_pr  ls
 260  8.7516491e-04 3.26e-08 4.84e-04 -11.0 3.24e-03    -  1.00e+00 1.00e+00H  1
 261  8.7418845e-04 2.84e-08 6.65e-04 -11.0 3.45e-03    -  1.00e+00 1.00e+00H  1
 262  8.7227573e-04 2.29e-07 3.66e-04 -11.0 1.17e-02    -  1.00e+00 1.25e-01h  4
 263  8.7118650e-04 5.77e-07 2.60e+00 -11.0 2.57e-03    -  1.00e+00 1.00e+00h  1
 264  9.2678338e-04 1.25e-09 2.09e-03 -11.0 5.05e-03    -  1.00e+00 1.00e+00H  1
 265  8.7103961e-04 1.34e-06 1.08e+00 -11.0 4.88e-03    -  1.00e+00 1.00e+00f  1
 266  8.7060681e-04 1.05e-06 9.57e-01 -11.0 2.04e-03    -  1.00e+00 2.50e-01h  3
 267  8.7060788e-04 6.81e-09 6.96e-05 -11.0 3.04e-04    -  1.00e+00 1.00e+00h  1
 268  8.7050800e-04 7.25e-09 6.29e-05 -11.0 1.55e-04    -  1.00e+00 1.00e+00h  1
 269  8.7044307e-04 1.16e-08 6.85e-05 -11.0 3.36e-04    -  1.00e+00 1.00e+00h  1
iter    objective    inf_pr   inf_du lg(mu)  ||d||  lg(rg) alpha_du alpha_pr  ls
 270  8.7696572e-04 4.02e-09 9.76e-04 -11.0 3.41e-03    -  1.00e+00 1.00e+00H  1
 271  8.7035151e-04 6.07e-07 5.68e+00 -11.0 2.93e-03    -  1.00e+00 1.00e+00h  1
 272  8.8829429e-04 2.93e-10 2.21e-03 -11.0 3.26e-03    -  1.00e+00 1.00e+00H  1
 273  8.6992827e-04 3.37e-07 3.47e+00 -11.0 1.87e-03    -  1.00e+00 1.00e+00h  1
 274  8.7005917e-04 4.14e-08 2.60e-04 -11.0 5.84e-04    -  1.00e+00 1.00e+00h  1
 275  8.6997142e-04 1.57e-08 1.53e-04 -11.0 2.48e-04    -  1.00e+00 1.00e+00h  1
 276  8.6969910e-04 2.11e-08 4.54e-05 -11.0 3.59e-04    -  1.00e+00 1.00e+00h  1
 277  8.6981158e-04 7.17e-10 1.61e-04 -11.0 5.06e-04    -  1.00e+00 1.00e+00H  1
 278  8.6957756e-04 8.71e-09 4.59e-05 -11.0 3.84e-04    -  1.00e+00 1.00e+00h  1
 279  8.6965101e-04 7.47e-09 1.53e-04 -11.0 6.07e-04    -  1.00e+00 5.00e-01h  2
iter    objective    inf_pr   inf_du lg(mu)  ||d||  lg(rg) alpha_du alpha_pr  ls
 280  8.6942074e-04 4.11e-09 4.67e-05 -11.0 3.30e-04    -  1.00e+00 1.00e+00h  1
 281  8.6948472e-04 2.40e-11 2.89e-04 -11.0 8.21e-04    -  1.00e+00 1.00e+00H  1
 282  8.6937471e-04 2.27e-07 4.47e-04 -11.0 3.21e-03    -  1.00e+00 1.00e+00h  1
 283  8.6911048e-04 2.86e-07 5.40e-04 -11.0 4.79e-02    -  1.00e+00 3.12e-02h  6
 284  8.6904783e-04 3.22e-07 5.59e-04 -11.0 1.93e-02    -  1.00e+00 6.25e-02h  5
 285  8.6892442e-04 2.95e-07 4.09e-04 -11.0 5.51e-03    -  1.00e+00 1.25e-01h  4
 286  8.6702633e-04 4.00e-07 7.25e-01 -11.0 4.13e-03    -  1.00e+00 1.00e+00h  1
 287  8.6681570e-04 5.33e-07 9.21e-01 -11.0 7.72e-02    -  1.00e+00 3.12e-02h  6
 288  8.6667783e-04 3.50e-06 1.86e+00 -11.0 3.64e-01    -  1.00e+00 3.12e-02h  6
 289  8.6614887e-04 8.10e-06 3.17e+00 -11.0 1.84e+00    -  1.00e+00 7.81e-03h  8
iter    objective    inf_pr   inf_du lg(mu)  ||d||  lg(rg) alpha_du alpha_pr  ls
 290  8.6602523e-04 8.32e-06 3.44e+00 -11.0 2.68e-01    -  1.00e+00 1.56e-02h  7
 291  8.6544608e-04 9.32e-06 3.88e+00 -11.0 4.98e-01    -  1.00e+00 1.56e-02h  7
 292  8.6506629e-04 9.35e-06 3.97e+00 -11.0 4.20e-01    -  1.00e+00 7.81e-03h  8
 293  8.6497117e-04 9.28e-06 2.90e+00 -11.0 7.80e-02    -  1.00e+00 6.25e-02h  5
 294  8.6442776e-04 1.00e-05 2.28e+00 -11.0 4.85e-02    -  1.00e+00 1.25e-01h  4
 295  8.6243920e-04 1.35e-05 3.88e+00 -11.0 1.18e-01    -  1.00e+00 3.12e-02h  6
 296  8.6198973e-04 1.22e-05 5.18e+00 -11.0 4.01e-02    -  1.00e+00 1.25e-01h  4
 297  1.3328717e-03 3.83e-04 3.54e+01 -11.0 6.69e-02    -  1.00e+00 1.00e+00w  1
 298  2.7780800e-03 2.38e-03 5.22e+01 -11.0 7.26e-02    -  1.00e+00 1.00e+00w  1
 299  6.1180980e-03 9.72e-04 2.04e+02 -11.0 2.28e-01    -  1.00e+00 1.00e+00w  1
iter    objective    inf_pr   inf_du lg(mu)  ||d||  lg(rg) alpha_du alpha_pr  ls
 300  8.6033630e-04 1.48e-05 3.03e+00 -11.0 2.19e+00    -  1.00e+00 1.25e-01h  3
 301  8.6135778e-04 1.14e-05 3.12e+00 -11.0 3.85e-02    -  1.00e+00 5.00e-01h  2
 302  8.5955944e-04 1.19e-05 3.70e+00 -11.0 4.07e-01    -  1.00e+00 1.56e-02h  7
 303  8.5890112e-04 1.21e-05 4.15e+00 -11.0 8.23e-02    -  1.00e+00 3.12e-02h  6
 304  8.6537461e-04 2.44e-06 2.14e+00 -11.0 4.41e-03    -  1.00e+00 1.00e+00h  1
 305  8.5844047e-04 8.95e-06 2.39e+00 -11.0 7.71e-03    -  1.00e+00 1.00e+00h  1
 306  8.5677302e-04 7.31e-06 1.85e+00 -11.0 4.17e-02    -  1.00e+00 2.50e-01h  3
 307  8.5597767e-04 2.24e-05 1.44e+00 -11.0 9.58e-01    -  1.00e+00 3.12e-02h  6
 308  8.5503591e-04 2.32e-05 1.85e+00 -11.0 1.16e+00    -  1.00e+00 3.91e-03h  9
 309  8.5436480e-04 2.34e-05 2.17e+00 -11.0 1.61e-01    -  1.00e+00 3.12e-02h  6
iter    objective    inf_pr   inf_du lg(mu)  ||d||  lg(rg) alpha_du alpha_pr  ls
 310  8.5419341e-04 2.38e-05 2.42e+00 -11.0 2.11e-01    -  1.00e+00 3.12e-02h  6
 311  8.5366036e-04 2.50e-05 2.84e+00 -11.0 2.95e-01    -  1.00e+00 3.12e-02h  6
 312  8.5295673e-04 2.91e-05 3.48e+00 -11.0 4.07e-01    -  1.00e+00 3.12e-02h  6
 313  8.5150202e-04 2.91e-05 3.26e+00 -11.0 4.91e-01    -  1.00e+00 7.81e-03h  8
 314  8.5003249e-04 3.07e-05 2.61e+00 -11.0 3.11e-01    -  1.00e+00 3.12e-02h  6
 315  8.4956978e-04 2.97e-05 3.22e+00 -11.0 8.99e-02    -  1.00e+00 6.25e-02h  5
 316  1.7978450e-03 3.54e-04 1.24e+01 -11.0 1.13e-01    -  1.00e+00 1.00e+00w  1
 317  8.4887582e-03 2.52e-04 5.73e+02 -11.0 7.31e-02    -  1.00e+00 1.00e+00w  1
 318  1.7745664e-03 1.63e-04 1.67e+02 -11.0 3.88e-02    -  1.00e+00 1.00e+00w  1
 319  8.4895326e-04 2.91e-05 3.18e+00 -11.0 6.27e-02    -  1.00e+00 3.12e-02h  5
iter    objective    inf_pr   inf_du lg(mu)  ||d||  lg(rg) alpha_du alpha_pr  ls
 320  8.4830854e-04 2.72e-05 3.20e+00 -11.0 9.98e-03    -  1.00e+00 6.25e-02h  5
 321  8.4627874e-04 1.23e-06 5.98e+00 -11.0 3.70e-03    -  1.00e+00 1.00e+00h  1
 322  8.4595517e-04 2.61e-06 5.22e+00 -11.0 5.66e-02    -  1.00e+00 1.25e-01h  4
 323  8.4557697e-04 2.69e-06 5.00e+00 -11.0 1.13e-01    -  1.00e+00 3.12e-02h  6
 324  8.4533835e-04 2.86e-06 4.92e+00 -11.0 2.78e-01    -  1.00e+00 1.56e-02h  7
 325  8.4386514e-04 1.16e-05 4.68e+00 -11.0 5.63e-01    -  1.00e+00 3.12e-02h  6
 326  8.4327216e-04 1.30e-05 4.58e+00 -11.0 4.15e+00    -  1.00e+00 1.95e-03h 10
 327  8.4279751e-04 1.38e-05 4.60e+00 -11.0 9.84e-01    -  1.00e+00 7.81e-03h  8
 328  8.4239984e-04 1.38e-05 4.62e+00 -11.0 3.01e-01    -  1.00e+00 1.56e-02h  7
 329  8.4203677e-04 1.39e-05 4.61e+00 -11.0 4.45e-01    -  1.00e+00 7.81e-03h  8
iter    objective    inf_pr   inf_du lg(mu)  ||d||  lg(rg) alpha_du alpha_pr  ls
 330  8.4206020e-04 1.35e-05 4.46e+00 -11.0 3.41e-02    -  1.00e+00 3.12e-02h  6
 331  8.4307306e-04 1.03e-05 3.34e+00 -11.0 7.65e-03    -  1.00e+00 2.50e-01h  3
 332  8.5893286e-04 9.85e-06 2.39e+00 -11.0 1.03e-02    -  1.00e+00 1.00e+00w  1
 333  9.3281814e-04 4.39e-05 2.44e+00 -11.0 2.50e-02    -  1.00e+00 1.00e+00w  1
 334  1.8901244e-03 3.89e-04 1.26e+02 -11.0 5.28e-02    -  1.00e+00 1.00e+00w  1
 335  8.4516107e-04 6.23e-06 2.05e+00 -11.0 8.77e-02    -  1.00e+00 5.00e-01h  1
 336  8.5780084e-04 5.35e-07 3.75e+00 -11.0 7.16e-03    -  1.00e+00 1.00e+00H  1
 337  8.5188492e-04 7.92e-07 3.35e+00 -11.0 7.36e-03    -  1.00e+00 5.00e-01h  2
 338  8.4519063e-04 7.57e-07 2.24e+00 -11.0 6.21e-03    -  1.00e+00 2.50e-01h  3
 339  8.4422737e-04 3.95e-06 1.01e+00 -11.0 6.28e-03    -  1.00e+00 1.00e+00h  1
iter    objective    inf_pr   inf_du lg(mu)  ||d||  lg(rg) alpha_du alpha_pr  ls
 340  8.4335361e-04 4.12e-06 8.25e-01 -11.0 2.74e-02    -  1.00e+00 6.25e-02h  5
 341  8.4420730e-04 1.57e-06 1.09e+00 -11.0 2.35e-03    -  1.00e+00 1.00e+00h  1
 342  8.4756592e-04 2.20e-07 7.22e-04 -11.0 1.90e-03    -  1.00e+00 1.00e+00H  1
 343  8.4214116e-04 4.77e-06 4.21e+00 -11.0 3.95e-03    -  1.00e+00 1.00e+00h  1
 344  8.4136632e-04 4.20e-06 3.95e+00 -11.0 4.11e-03    -  1.00e+00 1.25e-01h  4
 345  8.4038096e-04 9.67e-07 2.80e+00 -11.0 1.63e-03    -  1.00e+00 1.00e+00h  1
 346  8.4102597e-04 4.06e-07 3.77e-04 -11.0 5.05e-04    -  1.00e+00 1.00e+00h  1
 347  8.4030624e-04 6.90e-08 4.78e-05 -11.0 3.00e-04    -  1.00e+00 1.00e+00h  1
 348  8.4027051e-04 6.49e-09 4.88e-05 -11.0 6.89e-05    -  1.00e+00 1.00e+00h  1
 349  8.4022655e-04 2.23e-09 4.19e-05 -11.0 8.52e-05    -  1.00e+00 1.00e+00h  1
iter    objective    inf_pr   inf_du lg(mu)  ||d||  lg(rg) alpha_du alpha_pr  ls
 350  8.4068673e-04 1.01e-09 3.25e-04 -11.0 1.20e-03    -  1.00e+00 1.00e+00H  1
 351  8.4005967e-04 2.14e-07 3.07e-04 -11.0 2.58e-03    -  1.00e+00 1.00e+00h  1
 352  8.3992657e-04 2.02e-07 2.80e-04 -11.0 6.30e-03    -  1.00e+00 6.25e-02h  5
 353  8.3926916e-04 1.40e-07 1.05e-04 -11.0 9.31e-04    -  1.00e+00 1.00e+00h  1
 354  8.3950271e-04 1.11e-07 2.27e-04 -11.0 6.45e-04    -  1.00e+00 5.00e-01h  2
 355  8.3870572e-04 3.12e-08 8.98e-05 -11.0 1.42e-03    -  1.00e+00 1.00e+00h  1
 356  8.3857148e-04 6.19e-08 1.89e-04 -11.0 8.74e-03    -  1.00e+00 1.25e-01h  4
 357  8.3722887e-04 2.73e-06 1.13e+00 -11.0 2.31e-02    -  1.00e+00 5.00e-01h  2
 358  8.3710969e-04 3.14e-06 1.53e+00 -11.0 6.41e-01    -  1.00e+00 7.81e-03h  8
 359  8.3680160e-04 3.17e-06 1.80e+00 -11.0 1.31e-01    -  1.00e+00 1.56e-02h  7
iter    objective    inf_pr   inf_du lg(mu)  ||d||  lg(rg) alpha_du alpha_pr  ls
 360  8.3618452e-04 3.77e-06 2.30e+00 -11.0 1.40e-01    -  1.00e+00 3.12e-02h  6
 361  8.3616188e-04 3.79e-06 2.47e+00 -11.0 6.07e-02    -  1.00e+00 1.56e-02h  7
 362  8.3615094e-04 1.51e-06 2.28e+00 -11.0 3.14e-03    -  1.00e+00 5.00e-01h  2
 363  8.3633224e-04 1.78e-06 1.20e+00 -11.0 7.78e-03    -  1.00e+00 5.00e-01h  2
 364  8.3657931e-04 1.66e-06 1.06e+00 -11.0 1.86e-02    -  1.00e+00 1.25e-01h  4
 365  8.3832662e-04 9.57e-07 1.00e+00 -11.0 4.34e-03    -  1.00e+00 5.00e-01h  2
 366  8.4095166e-04 6.81e-06 2.51e+00 -11.0 3.54e-03    -  1.00e+00 1.00e+00w  1
 367  8.5162925e-04 2.34e-06 1.10e+00 -11.0 3.79e-03    -  1.00e+00 1.00e+00w  1
 368  8.4316386e-04 7.39e-06 2.57e+00 -11.0 5.01e-03    -  1.00e+00 1.00e+00w  1
 369  8.3519623e-04 2.18e-06 1.31e+00 -11.0 4.81e-03    -  1.00e+00 5.00e-01h  1
iter    objective    inf_pr   inf_du lg(mu)  ||d||  lg(rg) alpha_du alpha_pr  ls
 370  8.3431044e-04 8.43e-07 3.54e-01 -11.0 1.96e-03    -  1.00e+00 1.00e+00h  1
 371  8.3588571e-04 7.34e-07 8.91e-01 -11.0 4.72e-03    -  1.00e+00 2.50e-01h  3
 372  8.3364714e-04 6.56e-07 3.41e-01 -11.0 2.30e-03    -  1.00e+00 1.00e+00h  1
 373  8.3375534e-04 5.77e-07 2.91e-01 -11.0 3.06e-03    -  1.00e+00 1.25e-01h  4
 374  8.3345900e-04 2.23e-08 2.60e-05 -11.0 3.71e-04    -  1.00e+00 1.00e+00h  1
 375  8.3346739e-04 7.41e-09 7.83e-05 -11.0 1.53e-04    -  1.00e+00 1.00e+00h  1
 376  8.3337188e-04 8.88e-09 2.54e-05 -11.0 2.11e-04    -  1.00e+00 1.00e+00h  1
 377  8.3339632e-04 6.10e-11 1.31e-04 -11.0 4.31e-04    -  1.00e+00 1.00e+00H  1
 378  8.3324172e-04 1.16e-07 1.04e-04 -11.0 9.42e-04    -  1.00e+00 1.00e+00h  1
 379  8.3323811e-04 1.67e-07 9.94e-05 -11.0 8.99e-03    -  1.00e+00 6.25e-02h  5
iter    objective    inf_pr   inf_du lg(mu)  ||d||  lg(rg) alpha_du alpha_pr  ls
 380  8.3522502e-04 1.29e-11 7.30e-04 -11.0 9.05e-04    -  1.00e+00 1.00e+00H  1
 381  8.3312237e-04 3.85e-07 1.28e-04 -11.0 6.44e-04    -  1.00e+00 1.00e+00h  1
 382  8.3334504e-04 1.00e-07 3.20e-04 -11.0 3.21e-04    -  1.00e+00 1.00e+00h  1
 383  8.3295949e-04 6.11e-08 2.47e-05 -11.0 2.66e-04    -  1.00e+00 1.00e+00h  1
 384  8.3290933e-04 8.38e-09 2.27e-05 -11.0 1.75e-04    -  1.00e+00 1.00e+00h  1
 385  8.3289281e-04 4.69e-07 2.12e-04 -11.0 7.46e-02    -  1.00e+00 1.56e-02h  7
 386  8.3284286e-04 1.01e-06 2.51e-04 -11.0 1.88e-02    -  1.00e+00 6.25e-02h  5
 387  8.3266730e-04 4.82e-06 1.28e+00 -11.0 2.58e-02    -  1.00e+00 1.25e-01h  4
 388  8.3247147e-04 5.23e-06 1.70e+00 -11.0 1.53e-01    -  1.00e+00 7.81e-03h  8
 389  8.3226948e-04 5.39e-06 2.13e+00 -11.0 1.87e-02    -  1.00e+00 6.25e-02h  5
iter    objective    inf_pr   inf_du lg(mu)  ||d||  lg(rg) alpha_du alpha_pr  ls
 390  8.3146980e-04 1.41e-05 2.85e+00 -11.0 1.58e-01    -  1.00e+00 3.12e-02h  6
 391  8.3115012e-04 1.70e-05 2.81e+00 -11.0 3.47e-01    -  1.00e+00 7.81e-03h  8
 392  8.3057585e-04 2.19e-05 2.82e+00 -11.0 1.19e-01    -  1.00e+00 3.12e-02h  6
 393  8.3004156e-04 2.87e-05 2.97e+00 -11.0 3.08e-01    -  1.00e+00 1.56e-02h  7
 394  8.2979752e-04 2.86e-05 3.25e+00 -11.0 1.48e-01    -  1.00e+00 7.81e-03h  8
 395  8.3820797e-04 4.02e-05 3.31e+00 -11.0 1.41e-02    -  1.00e+00 1.00e+00w  1
 396  7.7803579e-03 8.67e-04 2.42e+02 -11.0 1.85e-01    -  1.00e+00 1.00e+00w  1
 397  2.3990245e-03 4.93e-04 1.06e+02 -11.0 8.52e-02    -  1.00e+00 1.00e+00w  1
 398  8.3066251e-04 2.43e-05 2.76e+00 -11.0 4.04e-01    -  1.00e+00 5.00e-01h  1
 399  8.3038068e-04 2.46e-05 2.58e+00 -11.0 6.76e-02    -  1.00e+00 1.56e-02h  7
iter    objective    inf_pr   inf_du lg(mu)  ||d||  lg(rg) alpha_du alpha_pr  ls
 400  8.2908314e-04 2.67e-05 2.21e+00 -11.0 1.43e-02    -  1.00e+00 2.50e-01h  3
 401  8.2948555e-04 2.58e-05 1.87e+00 -11.0 1.69e-02    -  1.00e+00 6.25e-02h  5
 402  8.2924278e-04 1.97e-05 1.77e+00 -11.0 1.04e-02    -  1.00e+00 2.50e-01h  3
 403  8.2760628e-04 4.30e-06 1.76e+00 -11.0 4.55e-03    -  1.00e+00 1.00e+00h  1
 404  8.2762263e-04 4.32e-06 1.65e+00 -11.0 1.30e-02    -  1.00e+00 6.25e-02h  5
 405  8.2991791e-04 5.07e-07 6.03e-04 -11.0 1.41e-03    -  1.00e+00 1.00e+00h  1
 406  8.2764623e-04 2.74e-06 2.04e-01 -11.0 2.91e-03    -  1.00e+00 1.00e+00h  1
 407  8.2749888e-04 3.05e-06 4.55e-01 -11.0 1.66e-02    -  1.00e+00 6.25e-02h  5
 408  8.2642192e-04 5.72e-07 2.31e-01 -11.0 3.09e-03    -  1.00e+00 1.00e+00h  1
 409  8.2628011e-04 5.83e-07 1.79e-01 -11.0 3.26e-02    -  1.00e+00 1.56e-02h  7
iter    objective    inf_pr   inf_du lg(mu)  ||d||  lg(rg) alpha_du alpha_pr  ls
 410  8.2769830e-04 6.24e-07 1.43e+00 -11.0 6.62e-03    -  1.00e+00 5.00e-01h  2
 411  8.2740199e-04 6.02e-07 1.43e+00 -11.0 2.09e-02    -  1.00e+00 3.12e-02h  6
 412  8.2707092e-04 5.98e-07 1.30e+00 -11.0 6.61e-02    -  1.00e+00 7.81e-03h  8
 413  8.2511740e-04 5.33e-06 1.56e+00 -11.0 1.06e-01    -  1.00e+00 6.25e-02h  5
 414  8.2510236e-04 1.66e-05 2.93e+00 -11.0 1.28e+00    -  1.00e+00 7.81e-03h  8
 415  8.2384871e-04 2.09e-05 2.82e+00 -11.0 8.14e-01    -  1.00e+00 7.81e-03h  8
 416  8.2360847e-04 2.14e-05 3.32e+00 -11.0 2.61e-01    -  1.00e+00 1.56e-02h  7
 417  8.2174474e-04 6.22e-05 6.10e+00 -11.0 1.49e+00    -  1.00e+00 1.56e-02h  7
 418  8.2327860e-04 6.16e-05 4.61e+00 -11.0 3.40e-01    -  1.00e+00 7.81e-03h  8
 419  1.1065882e-03 3.27e-05 4.67e+01 -11.0 2.75e-02    -  1.00e+00 1.00e+00w  1
iter    objective    inf_pr   inf_du lg(mu)  ||d||  lg(rg) alpha_du alpha_pr  ls
 420  8.6761573e-04 2.87e-05 1.05e+01 -11.0 6.78e-03    -  1.00e+00 1.00e+00w  1
 421  8.3502257e-04 1.16e-05 2.88e+01 -11.0 6.00e-03    -  1.00e+00 1.00e+00w  1
 422  8.2248685e-04 5.79e-05 3.89e+00 -11.0 2.84e-02    -  1.00e+00 6.25e-02h  4
 423  8.2142800e-04 5.87e-05 3.66e+00 -11.0 1.07e+00    -  1.00e+00 3.91e-03h  9
 424  8.2004014e-04 5.84e-05 2.94e+00 -11.0 1.69e-01    -  1.00e+00 3.12e-02h  6
 425  8.1829210e-04 5.90e-05 2.46e+00 -11.0 6.35e-01    -  1.00e+00 7.81e-03h  8
 426  8.1932044e-04 5.83e-05 3.20e+00 -11.0 1.08e-01    -  1.00e+00 6.25e-02h  5
 427  8.1911088e-04 6.18e-05 2.81e+00 -11.0 4.70e-01    -  1.00e+00 1.56e-02h  7
 428  8.1677668e-04 1.17e-04 3.73e+00 -11.0 3.59e+00    -  1.00e+00 7.81e-03h  8
 429  8.1568731e-04 1.26e-04 3.86e+00 -11.0 1.07e+01    -  1.00e+00 9.77e-04h 11
iter    objective    inf_pr   inf_du lg(mu)  ||d||  lg(rg) alpha_du alpha_pr  ls
 430  8.1316847e-04 1.39e-04 4.76e+00 -11.0 7.62e-01    -  1.00e+00 1.56e-02h  7
 431  8.1234515e-04 1.43e-04 5.18e+00 -11.0 3.12e+00    -  1.00e+00 1.95e-03h 10
 432  3.7449015e-02 2.29e-02 3.71e+02 -11.0 1.00e+00    -  1.00e+00 1.00e+00w  1
 433  1.6971639e-01 2.70e-02 1.79e+02 -11.0 3.19e-01    -  1.00e+00 1.00e+00w  1
 434  2.0033801e-01 4.62e-02 3.61e+04 -11.0 2.46e-01    -  1.00e+00 1.00e+00w  1
 435  8.1166146e-04 1.46e-04 5.17e+00 -11.0 1.50e-01    -  1.00e+00 7.81e-03h  7
 436  8.0960537e-04 1.37e-04 4.91e+00 -11.0 3.17e-02    -  1.00e+00 6.25e-02h  5
 437  8.1650397e-04 1.61e-06 6.18e+00 -11.0 3.29e-03    -  1.00e+00 1.00e+00h  1
 438  8.2281772e-04 3.22e-07 2.53e+00 -11.0 2.88e-03    -  1.00e+00 1.00e+00h  1
 439  8.0673838e-04 9.02e-07 3.11e+01 -11.0 1.61e-03    -  1.00e+00 1.00e+00h  1
iter    objective    inf_pr   inf_du lg(mu)  ||d||  lg(rg) alpha_du alpha_pr  ls
 440  8.0582357e-04 1.47e-07 7.05e-04 -11.0 7.74e-04    -  1.00e+00 1.00e+00h  1
 441  8.0488861e-04 3.77e-08 3.28e-04 -11.0 4.21e-04    -  1.00e+00 1.00e+00h  1
 442  8.0457611e-04 2.07e-08 2.68e-04 -11.0 3.38e-04    -  1.00e+00 5.00e-01h  2
 443  8.0453421e-04 8.16e-09 9.24e-05 -11.0 1.26e-04    -  1.00e+00 1.00e+00h  1
 444  8.0452977e-04 1.83e-09 9.19e-05 -11.0 8.08e-05    -  1.00e+00 1.00e+00h  1
 445  8.0507943e-04 1.32e-10 4.83e-04 -11.0 1.29e-03    -  1.00e+00 1.00e+00H  1
 446  8.0440422e-04 3.48e-08 2.53e-04 -11.0 7.28e-04    -  1.00e+00 5.00e-01h  2
 447  8.0421423e-04 2.55e-07 2.33e-04 -11.0 4.27e-04    -  1.00e+00 1.00e+00h  1
 448  8.0386545e-04 4.83e-09 4.56e-05 -11.0 1.12e-04    -  1.00e+00 1.00e+00h  1
 449  8.0379156e-04 3.97e-09 6.66e-05 -11.0 2.68e-04    -  1.00e+00 1.00e+00h  1
iter    objective    inf_pr   inf_du lg(mu)  ||d||  lg(rg) alpha_du alpha_pr  ls
 450  8.0367828e-04 2.60e-07 2.46e-04 -11.0 3.35e-03    -  1.00e+00 5.00e-01h  2
 451  8.0360451e-04 3.26e-07 1.40e-04 -11.0 4.92e-03    -  1.00e+00 6.25e-02h  5
 452  8.0346596e-04 2.47e-08 1.12e-04 -11.0 2.61e-04    -  1.00e+00 1.00e+00h  1
 453  8.0334656e-04 3.14e-08 6.25e-05 -11.0 2.11e-04    -  1.00e+00 1.00e+00h  1
 454  8.0328207e-04 5.02e-09 3.36e-05 -11.0 1.74e-04    -  1.00e+00 1.00e+00h  1
 455  8.0329861e-04 1.92e-09 1.99e-04 -11.0 2.50e-04    -  1.00e+00 1.00e+00H  1
 456  8.0313266e-04 8.92e-08 8.12e-05 -11.0 6.39e-04    -  1.00e+00 1.00e+00h  1
 457  8.0309081e-04 7.81e-08 3.21e-04 -11.0 2.50e-03    -  1.00e+00 5.00e-01h  2
 458  8.0303074e-04 1.29e-07 1.68e-04 -11.0 1.07e-02    -  1.00e+00 1.25e-01h  4
 459  8.0291285e-04 1.43e-07 1.82e-04 -11.0 1.17e-02    -  1.00e+00 6.25e-02h  5
iter    objective    inf_pr   inf_du lg(mu)  ||d||  lg(rg) alpha_du alpha_pr  ls
 460  8.0271527e-04 1.98e-07 2.34e-04 -11.0 1.22e-02    -  1.00e+00 1.25e-01h  4
 461  8.0229484e-04 3.91e-07 4.75e-04 -11.0 7.03e-03    -  1.00e+00 2.50e-01h  3
 462  8.0192304e-04 1.81e-05 4.49e+00 -11.0 1.64e-01    -  1.00e+00 1.25e-01h  4
 463  8.0135705e-04 1.87e-05 4.58e+00 -11.0 8.06e-01    -  1.00e+00 3.91e-03h  9
 464  8.0079081e-04 2.29e-05 3.59e+00 -11.0 3.91e-01    -  1.00e+00 3.12e-02h  6
 465  8.0050076e-04 3.74e-05 4.32e+00 -11.0 2.28e+00    -  1.00e+00 7.81e-03h  8
 466  8.0049412e-04 3.74e-05 4.12e+00 -11.0 3.03e-01    -  1.00e+00 7.81e-03h  8
 467  1.0492904e-03 4.90e-05 1.21e+01 -11.0 2.10e-02    -  1.00e+00 1.00e+00w  1
 468  8.3222461e-04 2.73e-05 1.17e+01 -11.0 2.59e-02    -  1.00e+00 1.00e+00w  1
 469  6.9134618e-03 2.05e-03 2.74e+03 -11.0 9.92e-02    -  1.00e+00 1.00e+00w  1
iter    objective    inf_pr   inf_du lg(mu)  ||d||  lg(rg) alpha_du alpha_pr  ls
 470  8.0018958e-04 3.50e-05 3.99e+00 -11.0 9.34e-02    -  1.00e+00 6.25e-02h  4
 471  7.9945362e-04 3.54e-05 3.50e+00 -11.0 1.79e-01    -  1.00e+00 3.12e-02h  6
 472  7.9919938e-04 3.69e-05 3.18e+00 -11.0 8.29e-01    -  1.00e+00 7.81e-03h  8
 473  7.9892664e-04 3.92e-05 3.42e+00 -11.0 1.03e+00    -  1.00e+00 7.81e-03h  8
 474  7.9861150e-04 3.93e-05 3.35e+00 -11.0 5.05e-01    -  1.00e+00 7.81e-03h  8
 475  7.9809442e-04 3.90e-05 3.28e+00 -11.0 4.73e-02    -  1.00e+00 7.81e-03h  8
 476  7.9831529e-04 2.77e-06 5.55e+00 -11.0 8.28e-03    -  1.00e+00 1.00e+00h  1
 477  7.9769280e-04 2.88e-06 7.16e+00 -11.0 2.67e-01    -  1.00e+00 7.81e-03h  8
 478  8.0195420e-04 4.99e-07 2.67e+00 -11.0 1.82e-02    -  1.00e+00 1.00e+00H  1
 479  8.0191549e-04 6.61e-07 3.09e+00 -11.0 3.99e-01    -  1.00e+00 7.81e-03h  8
iter    objective    inf_pr   inf_du lg(mu)  ||d||  lg(rg) alpha_du alpha_pr  ls
 480  8.0136657e-04 6.31e-07 3.08e+00 -11.0 2.03e-02    -  1.00e+00 6.25e-02h  5
 481  7.9910819e-04 3.92e-06 5.95e+00 -11.0 2.48e-02    -  1.00e+00 2.50e-01h  3
 482  7.9760320e-04 4.01e-06 1.15e+01 -11.0 6.64e-02    -  1.00e+00 1.56e-02h  7
 483  7.9656447e-04 1.30e-06 4.07e+00 -11.0 4.93e-03    -  1.00e+00 1.00e+00h  1
 484  7.9640288e-04 1.29e-06 5.19e+00 -11.0 3.48e-02    -  1.00e+00 1.56e-02h  7
 485  7.9627955e-04 1.64e-06 3.47e+00 -11.0 6.16e-03    -  1.00e+00 1.00e+00h  1
 486  7.9614849e-04 1.78e-06 3.65e+00 -11.0 4.84e-01    -  1.00e+00 3.91e-03h  9
 487  7.9610082e-04 1.77e-06 3.68e+00 -11.0 4.14e-02    -  1.00e+00 1.56e-02h  7
 488  7.9751408e-04 1.08e-06 4.76e+00 -11.0 4.24e-03    -  1.00e+00 1.00e+00h  1
 489  7.9661083e-04 9.94e-07 4.79e+00 -11.0 1.35e-02    -  1.00e+00 2.50e-01h  3
iter    objective    inf_pr   inf_du lg(mu)  ||d||  lg(rg) alpha_du alpha_pr  ls
 490  7.9557206e-04 5.11e-06 5.62e+00 -11.0 2.65e-01    -  1.00e+00 3.12e-02h  6
 491  7.9556750e-04 5.13e-06 4.89e+00 -11.0 8.35e-02    -  1.00e+00 7.81e-03h  8
 492  7.9485400e-04 2.77e-06 2.86e+00 -11.0 9.64e-03    -  1.00e+00 5.00e-01h  2
 493  7.9466693e-04 2.82e-06 2.68e+00 -11.0 8.74e-02    -  1.00e+00 3.12e-02h  6
 494  7.9460259e-04 2.79e-06 2.82e+00 -11.0 5.60e-02    -  1.00e+00 7.81e-03h  8
 495  7.9431006e-04 2.60e-07 2.27e-04 -11.0 1.90e-03    -  1.00e+00 1.00e+00h  1
 496  7.9417647e-04 3.20e-07 1.86e-04 -11.0 2.84e-02    -  1.00e+00 6.25e-02h  5
 497  7.9407200e-04 3.89e-07 1.59e+00 -11.0 1.04e-02    -  1.00e+00 1.25e-01h  4
 498  7.9386270e-04 4.06e-07 1.34e+00 -11.0 2.05e-02    -  1.00e+00 6.25e-02h  5
 499  7.9358368e-04 1.13e-06 1.12e+00 -11.0 8.68e-02    -  1.00e+00 6.25e-02h  5
iter    objective    inf_pr   inf_du lg(mu)  ||d||  lg(rg) alpha_du alpha_pr  ls
 500  7.9346817e-04 1.15e-06 1.25e+00 -11.0 2.49e-01    -  1.00e+00 7.81e-03h  8
 501  7.9320384e-04 3.01e-06 2.04e+00 -11.0 4.67e-01    -  1.00e+00 1.56e-02h  7
 502  7.9302990e-04 2.58e-05 4.46e+00 -11.0 1.47e+00    -  1.00e+00 1.56e-02h  7
 503  7.9289524e-04 2.61e-05 4.65e+00 -11.0 1.18e+00    -  1.00e+00 1.95e-03h 10
 504  7.9282628e-04 2.53e-05 4.63e+00 -11.0 2.67e-02    -  1.00e+00 3.12e-02h  6
 505  7.9258557e-04 1.92e-05 3.71e+00 -11.0 8.05e-03    -  1.00e+00 2.50e-01h  3
 506  1.1112282e-03 5.99e-04 5.75e+00 -11.0 9.86e-02    -  1.00e+00 1.00e+00w  1
 507  3.1145282e-03 3.42e-04 2.14e+01 -11.0 3.65e-02    -  1.00e+00 1.00e+00w  1
 508  1.5403847e-03 1.55e-03 1.11e+02 -11.0 1.45e-01    -  1.00e+00 1.00e+00w  1
 509  7.9241924e-04 1.95e-05 3.15e+00 -11.0 1.03e+00    -  1.00e+00 6.25e-02h  4
iter    objective    inf_pr   inf_du lg(mu)  ||d||  lg(rg) alpha_du alpha_pr  ls
 510  7.9264681e-04 1.96e-05 2.00e+00 -11.0 3.85e-02    -  1.00e+00 2.50e-01h  3
 511  7.9272818e-04 1.96e-05 1.89e+00 -11.0 2.31e-01    -  1.00e+00 7.81e-03h  8
 512  7.9265691e-04 1.77e-05 1.73e+00 -11.0 2.35e-02    -  1.00e+00 1.25e-01h  4
 513  7.9235611e-04 1.81e-05 1.84e+00 -11.0 1.98e-01    -  1.00e+00 1.56e-02h  7
 514  7.9288369e-04 1.67e-05 2.34e+00 -11.0 3.39e-02    -  1.00e+00 1.25e-01h  4
 515  7.9270216e-04 1.61e-05 2.26e+00 -11.0 1.03e-02    -  1.00e+00 3.12e-02h  6
 516  7.9246058e-04 3.74e-07 2.93e-04 -11.0 8.87e-04    -  1.00e+00 1.00e+00h  1
 517  7.9283600e-04 2.13e-07 2.94e-04 -11.0 5.47e-03    -  1.00e+00 1.00e+00H  1
 518  7.9268694e-04 2.04e-07 2.95e-04 -11.0 1.88e-02    -  1.00e+00 6.25e-02h  5
 519  7.9235435e-04 2.71e-07 2.06e-04 -11.0 1.59e-02    -  1.00e+00 6.25e-02h  5
iter    objective    inf_pr   inf_du lg(mu)  ||d||  lg(rg) alpha_du alpha_pr  ls
 520  7.9209759e-04 3.92e-07 2.34e-04 -11.0 2.67e-02    -  1.00e+00 6.25e-02h  5
 521  7.9170979e-04 5.63e-07 1.09e+00 -11.0 7.08e-02    -  1.00e+00 3.12e-02h  6
 522  7.9205431e-04 5.29e-07 3.80e-01 -11.0 2.15e-02    -  1.00e+00 6.25e-02h  5
 523  7.9135330e-04 8.27e-07 3.19e-01 -11.0 2.09e-02    -  1.00e+00 1.25e-01h  4
 524  7.9119020e-04 3.59e-06 7.75e-01 -11.0 1.28e-01    -  1.00e+00 6.25e-02h  5
 525  7.9072442e-04 9.91e-06 1.09e+00 -11.0 3.10e+00    -  1.00e+00 3.91e-03h  9
 526  7.9069716e-04 1.01e-05 1.23e+00 -11.0 1.24e+00    -  1.00e+00 1.95e-03h 10
 527  7.9035128e-04 9.93e-06 1.17e+00 -11.0 1.02e-01    -  1.00e+00 3.12e-02h  6
 528  1.3513222e-03 9.49e-05 1.06e+01 -11.0 1.39e-02    -  1.00e+00 1.00e+00w  1
 529  7.9761436e-04 6.42e-05 5.31e+01 -11.0 1.36e-02    -  1.00e+00 1.00e+00w  1
iter    objective    inf_pr   inf_du lg(mu)  ||d||  lg(rg) alpha_du alpha_pr  ls
 530  8.2744595e-04 7.47e-05 5.93e+01 -11.0 4.16e-02    -  1.00e+00 1.00e+00w  1
 531  7.9062822e-04 9.62e-06 1.29e+00 -11.0 7.06e-01    -  1.00e+00 3.12e-02h  5
 532  7.9054277e-04 9.61e-06 1.31e+00 -11.0 7.27e-02    -  1.00e+00 3.91e-03h  9
 533  7.9008707e-04 1.58e-07 9.95e-05 -11.0 1.37e-03    -  1.00e+00 1.00e+00h  1
 534  8.0409552e-04 2.06e-09 1.35e-03 -11.0 6.56e-03    -  1.00e+00 1.00e+00H  1
 535  7.9209390e-04 8.38e-08 8.52e-04 -11.0 8.38e-03    -  1.00e+00 1.00e+00H  1
 536  7.9026699e-04 1.03e-07 3.43e-04 -11.0 4.96e-02    -  1.00e+00 1.56e-02h  7
 537  7.9070994e-04 5.79e-09 2.92e-04 -11.0 1.36e-03    -  1.00e+00 1.00e+00H  1
 538  7.9788371e-04 1.37e-09 9.27e-04 -11.0 3.82e-03    -  1.00e+00 1.00e+00H  1
 539  7.9169760e-04 2.79e-09 3.36e-04 -11.0 4.54e-03    -  1.00e+00 1.00e+00H  1
iter    objective    inf_pr   inf_du lg(mu)  ||d||  lg(rg) alpha_du alpha_pr  ls
 540  7.9056963e-04 7.04e-08 2.75e-04 -11.0 1.63e-02    -  1.00e+00 6.25e-02h  5
 541  7.8979742e-04 6.28e-08 1.88e-04 -11.0 2.30e-03    -  1.00e+00 2.50e-01h  3
 542  7.9032527e-04 3.90e-09 5.32e-04 -11.0 5.27e-04    -  1.00e+00 1.00e+00H  1
 543  7.8953911e-04 3.51e-08 1.86e-04 -11.0 3.21e-04    -  1.00e+00 1.00e+00h  1
 544  7.8941122e-04 3.95e-09 3.70e-05 -11.0 2.15e-04    -  1.00e+00 1.00e+00h  1
 545  7.8941510e-04 1.15e-09 5.68e-05 -11.0 9.89e-05    -  1.00e+00 1.00e+00h  1
 546  7.8937488e-04 1.55e-10 3.07e-05 -11.0 4.32e-05    -  1.00e+00 1.00e+00h  1
 547  7.8934339e-04 4.37e-10 1.95e-05 -11.0 8.82e-05    -  1.00e+00 1.00e+00h  1
 548  7.9074856e-04 2.69e-11 4.58e-04 -11.0 1.71e-03    -  1.00e+00 1.00e+00H  1
 549  7.9030755e-04 2.21e-10 6.23e-04 -11.0 1.55e-03    -  1.00e+00 1.00e+00H  1
iter    objective    inf_pr   inf_du lg(mu)  ||d||  lg(rg) alpha_du alpha_pr  ls
 550  7.9014207e-04 4.09e-10 5.90e-04 -11.0 1.60e-03    -  1.00e+00 1.56e-02h  7
 551  7.8862694e-04 8.91e-09 8.91e-05 -11.0 2.89e-04    -  1.00e+00 1.00e+00h  1
 552  7.8844691e-04 1.86e-08 1.24e-04 -11.0 5.82e-04    -  1.00e+00 1.00e+00h  1
 553  7.8833161e-04 1.53e-06 1.28e+00 -11.0 1.68e-01    -  1.00e+00 3.12e-02h  6
 554  7.8786245e-04 1.78e-06 1.59e+00 -11.0 1.05e-01    -  1.00e+00 3.12e-02h  6
 555  7.8740608e-04 2.92e-06 2.37e+00 -11.0 7.04e-01    -  1.00e+00 7.81e-03h  8
 556  7.8740187e-04 3.44e-06 2.78e+00 -11.0 6.81e-02    -  1.00e+00 6.25e-02h  5
 557  7.8733470e-04 3.62e-06 2.65e+00 -11.0 8.54e-02    -  1.00e+00 3.12e-02h  6
 558  7.8614376e-04 2.95e-05 8.14e+00 -11.0 7.58e-01    -  1.00e+00 3.12e-02h  6
 559  7.8623733e-04 2.95e-05 7.89e+00 -11.0 3.80e-01    -  1.00e+00 3.91e-03h  9
iter    objective    inf_pr   inf_du lg(mu)  ||d||  lg(rg) alpha_du alpha_pr  ls
 560  7.8725851e-04 2.68e-05 5.35e+00 -11.0 3.85e-02    -  1.00e+00 1.25e-01h  4
 561  7.8709969e-04 2.60e-05 8.08e+00 -11.0 7.40e-02    -  1.00e+00 6.25e-02h  5
 562  7.8687036e-04 2.55e-05 9.27e+00 -11.0 7.53e-02    -  1.00e+00 3.12e-02h  6
 563  9.8565520e-04 1.64e-04 1.22e+02 -11.0 4.91e-02    -  1.00e+00 1.00e+00w  1
 564  2.1321093e-03 1.39e-04 5.86e+01 -11.0 3.04e-02    -  1.00e+00 1.00e+00w  1
 565  1.0428368e-03 2.20e-04 2.36e+02 -11.0 2.76e-02    -  1.00e+00 1.00e+00w  1
 566  7.8629785e-04 2.50e-05 3.70e+00 -11.0 6.23e-02    -  1.00e+00 1.25e-01h  3
 567  7.8599163e-04 1.05e-06 7.96e+00 -11.0 2.53e-03    -  1.00e+00 1.00e+00h  1
 568  7.8496256e-04 7.91e-07 8.05e+00 -11.0 4.61e-03    -  1.00e+00 2.50e-01h  3
 569  7.8442269e-04 8.42e-07 9.18e+00 -11.0 5.21e-03    -  1.00e+00 1.25e-01h  4
iter    objective    inf_pr   inf_du lg(mu)  ||d||  lg(rg) alpha_du alpha_pr  ls
 570  7.8434248e-04 9.36e-07 1.25e+01 -11.0 1.09e-03    -  1.00e+00 1.00e+00h  1
 571  7.8408934e-04 1.25e-07 2.85e-04 -11.0 3.93e-04    -  1.00e+00 1.00e+00h  1
 572  7.8367543e-04 3.71e-07 1.64e-04 -11.0 1.04e-03    -  1.00e+00 5.00e-01h  2
 573  7.8308572e-04 1.17e-07 1.53e-04 -11.0 4.17e-04    -  1.00e+00 1.00e+00h  1
 574  7.8281010e-04 1.49e-07 2.86e-04 -11.0 1.07e-03    -  1.00e+00 1.00e+00h  1
 575  7.8676665e-04 9.18e-08 6.59e-04 -11.0 4.70e-03    -  1.00e+00 1.00e+00H  1
 576  7.8605965e-04 1.56e-07 4.69e-04 -11.0 7.21e-03    -  1.00e+00 6.25e-02h  5
 577  7.8450115e-04 1.43e-07 4.64e-04 -11.0 5.61e-03    -  1.00e+00 1.25e-01h  4
 578  7.8384390e-04 1.72e-07 3.58e-04 -11.0 1.69e-02    -  1.00e+00 3.12e-02h  6
 579  7.8311334e-04 3.26e-07 3.30e-04 -11.0 6.69e-03    -  1.00e+00 6.25e-02h  5
iter    objective    inf_pr   inf_du lg(mu)  ||d||  lg(rg) alpha_du alpha_pr  ls
 580  7.8174940e-04 1.31e-07 8.36e-05 -11.0 1.15e-03    -  1.00e+00 1.00e+00h  1
 581  7.8217236e-04 1.85e-07 2.60e-04 -11.0 3.92e-04    -  1.00e+00 1.00e+00h  1
 582  7.8167679e-04 3.46e-09 6.54e-05 -11.0 1.65e-04    -  1.00e+00 1.00e+00h  1
 583  7.8161115e-04 1.24e-08 3.21e-05 -11.0 1.15e-04    -  1.00e+00 1.00e+00h  1
 584  7.8156863e-04 3.81e-08 4.20e-05 -11.0 2.03e-04    -  1.00e+00 1.00e+00h  1
 585  7.8167251e-04 1.11e-09 1.77e-04 -11.0 8.58e-04    -  1.00e+00 1.00e+00H  1
 586  7.8158027e-04 1.54e-08 1.62e-04 -11.0 1.42e-03    -  1.00e+00 1.25e-01h  4
 587  7.8173010e-04 5.48e-10 2.50e-04 -11.0 7.22e-04    -  1.00e+00 1.00e+00H  1
 588  7.8170039e-04 2.36e-10 2.24e-04 -11.0 5.65e-04    -  1.00e+00 1.00e+00H  1
 589  7.8102654e-04 5.90e-08 1.23e-04 -11.0 6.36e-04    -  1.00e+00 1.00e+00h  1
iter    objective    inf_pr   inf_du lg(mu)  ||d||  lg(rg) alpha_du alpha_pr  ls
 590  7.8115961e-04 5.95e-08 2.04e-04 -11.0 5.15e-04    -  1.00e+00 1.00e+00h  1
 591  7.8090749e-04 9.12e-08 1.27e-04 -11.0 5.04e-04    -  1.00e+00 1.00e+00h  1
 592  7.8085315e-04 7.60e-08 1.47e-04 -11.0 7.96e-04    -  1.00e+00 2.50e-01h  3
 593  7.8073379e-04 5.57e-08 3.91e-05 -11.0 1.58e-04    -  1.00e+00 1.00e+00h  1
 594  7.8069076e-04 1.88e-08 9.14e-05 -11.0 3.39e-04    -  1.00e+00 1.00e+00h  1
 595  7.8105096e-04 1.09e-09 2.57e-04 -11.0 1.75e-03    -  1.00e+00 1.00e+00H  1
 596  7.8057461e-04 1.15e-06 1.30e+00 -11.0 1.98e-02    -  1.00e+00 1.25e-01h  4
 597  7.8052822e-04 1.20e-06 1.54e+00 -11.0 4.71e-02    -  1.00e+00 1.56e-02h  7
 598  7.8036667e-04 1.13e-06 1.72e+00 -11.0 1.05e-02    -  1.00e+00 1.25e-01h  4
 599  7.8045478e-04 1.04e-06 1.79e+00 -11.0 9.37e-03    -  1.00e+00 6.25e-02h  5
iter    objective    inf_pr   inf_du lg(mu)  ||d||  lg(rg) alpha_du alpha_pr  ls
 600  7.8032790e-04 1.11e-06 2.12e+00 -11.0 2.76e-03    -  1.00e+00 5.00e-01h  2
 601  7.8012903e-04 1.07e-06 2.04e+00 -11.0 7.90e-03    -  1.00e+00 6.25e-02h  5
 602  7.7994417e-04 1.33e-06 7.18e-01 -11.0 7.19e-03    -  1.00e+00 2.50e-01h  3
 603  7.7992860e-04 1.38e-06 5.58e-01 -11.0 3.08e-02    -  1.00e+00 3.12e-02h  6
 604  7.8021216e-04 7.24e-07 3.34e-01 -11.0 2.60e-03    -  1.00e+00 5.00e-01h  2
 605  7.8004375e-04 6.55e-07 4.64e-01 -11.0 8.41e-03    -  1.00e+00 1.25e-01h  4
 606  1.0562456e-03 1.49e-05 1.36e+01 -11.0 8.40e-03    -  1.00e+00 1.00e+00w  1
 607  7.8065865e-04 1.52e-05 1.70e+00 -11.0 8.81e-03    -  1.00e+00 1.00e+00w  1
 608  7.8218143e-04 1.31e-06 3.26e+00 -11.0 1.62e-03    -  1.00e+00 1.00e+00w  1
 609  7.8034793e-04 6.08e-07 9.68e-01 -11.0 8.12e-04    -  1.00e+00 6.25e-02h  4
iter    objective    inf_pr   inf_du lg(mu)  ||d||  lg(rg) alpha_du alpha_pr  ls
 610  7.7991612e-04 2.54e-07 2.15e-04 -11.0 9.78e-04    -  1.00e+00 1.00e+00h  1
 611  7.7997428e-04 2.09e-07 2.82e-04 -11.0 1.44e-03    -  1.00e+00 2.50e-01h  3
 612  7.7959350e-04 5.95e-08 4.26e-05 -11.0 3.48e-04    -  1.00e+00 1.00e+00h  1
 613  7.7967368e-04 2.14e-08 7.68e-05 -11.0 2.32e-04    -  1.00e+00 1.00e+00h  1
 614  7.7955899e-04 1.42e-08 1.65e-05 -11.0 1.58e-04    -  1.00e+00 1.00e+00h  1
 615  7.7955433e-04 4.21e-09 3.74e-05 -11.0 1.08e-04    -  1.00e+00 1.00e+00h  1
 616  7.7950421e-04 1.53e-08 2.40e-05 -11.0 3.62e-04    -  1.00e+00 1.00e+00h  1
 617  7.7948090e-04 3.67e-08 9.01e-05 -11.0 1.34e-02    -  1.00e+00 3.12e-02h  6
 618  7.7944197e-04 5.75e-08 4.62e-05 -11.0 4.22e-03    -  1.00e+00 1.25e-01h  4
 619  7.8009854e-04 1.59e-09 5.60e-04 -11.0 2.11e-03    -  1.00e+00 1.00e+00H  1
iter    objective    inf_pr   inf_du lg(mu)  ||d||  lg(rg) alpha_du alpha_pr  ls
 620  7.8003894e-04 7.04e-09 5.25e-04 -11.0 1.40e-02    -  1.00e+00 1.56e-02h  7
 621  7.8002728e-04 7.14e-09 5.26e-04 -11.0 2.91e-02    -  1.00e+00 9.77e-04h 11
 622  7.8000958e-04 7.18e-09 5.21e-04 -11.0 8.65e-03    -  1.00e+00 3.91e-03h  9
 623  7.7997847e-04 7.16e-09 5.12e-04 -11.0 2.03e-03    -  1.00e+00 7.81e-03h  8
 624  7.7983213e-04 6.04e-07 1.18e+00 -11.0 2.32e-03    -  1.00e+00 1.00e+00h  1
 625  8.0594098e-04 1.29e-09 2.64e-03 -11.0 1.71e-03    -  1.00e+00 1.00e+00H  1
 626  7.7918946e-04 1.39e-06 2.52e+00 -11.0 1.62e-03    -  1.00e+00 1.00e+00h  1
 627  7.7915764e-04 5.59e-09 3.12e-05 -11.0 2.47e-04    -  1.00e+00 1.00e+00h  1
 628  7.7969963e-04 3.89e-09 2.77e-04 -11.0 4.39e-03    -  1.00e+00 1.00e+00H  1
 629  7.7967151e-04 1.08e-08 2.69e-04 -11.0 2.81e-02    -  1.00e+00 7.81e-03h  8
iter    objective    inf_pr   inf_du lg(mu)  ||d||  lg(rg) alpha_du alpha_pr  ls
 630  7.7963953e-04 1.14e-08 2.54e-04 -11.0 2.77e-03    -  1.00e+00 1.56e-02h  7
 631  7.7930213e-04 3.76e-09 1.60e-04 -11.0 5.26e-03    -  1.00e+00 1.00e+00H  1
 632  7.7926236e-04 5.47e-09 1.33e-04 -11.0 1.19e-01    -  1.00e+00 9.77e-04h 11
 633  7.8365344e-04 1.44e-09 9.90e-04 -11.0 3.77e-03    -  1.00e+00 1.00e+00H  1
 634  7.8133192e-04 8.66e-10 6.37e-04 -11.0 1.32e-03    -  1.00e+00 1.00e+00H  1
 635  7.8110159e-04 2.88e-09 5.92e-04 -11.0 3.79e-03    -  1.00e+00 3.12e-02h  6
 636  7.8089301e-04 3.83e-09 6.04e-04 -11.0 3.61e-03    -  1.00e+00 1.56e-02h  7
 637  7.7907193e-04 3.50e-07 1.63e-04 -11.0 1.08e-03    -  1.00e+00 1.00e+00h  1
 638  7.7900043e-04 1.74e-07 1.16e-04 -11.0 5.23e-04    -  1.00e+00 5.00e-01h  2
 639  7.7890404e-04 1.39e-08 9.18e-05 -11.0 2.18e-04    -  1.00e+00 1.00e+00h  1
iter    objective    inf_pr   inf_du lg(mu)  ||d||  lg(rg) alpha_du alpha_pr  ls
 640  7.7898530e-04 9.85e-09 1.13e-04 -11.0 2.81e-04    -  1.00e+00 1.00e+00h  1
 641  7.7885730e-04 9.68e-09 5.05e-05 -11.0 2.30e-04    -  1.00e+00 1.00e+00h  1
 642  7.7900558e-04 8.75e-09 2.08e-04 -11.0 1.35e-04    -  1.00e+00 1.00e+00h  1
 643  7.7884241e-04 4.56e-09 1.22e-05 -11.0 1.07e-04    -  1.00e+00 1.00e+00h  1
 644  7.7883898e-04 6.24e-11 1.22e-05 -11.0 2.77e-05    -  1.00e+00 1.00e+00h  1
 645  7.7879550e-04 9.48e-08 8.28e-05 -11.0 2.09e-02    -  1.00e+00 6.25e-02h  5
 646  7.7879291e-04 1.05e-07 2.05e-04 -11.0 2.86e-02    -  1.00e+00 3.12e-02h  6
 647  7.7870689e-04 1.45e-07 2.04e-04 -11.0 1.13e-02    -  1.00e+00 1.25e-01h  4
 648  7.7867182e-04 2.04e-07 3.90e-04 -11.0 3.94e-02    -  1.00e+00 3.12e-02h  6
 649  7.7852724e-04 5.73e-07 3.07e-04 -11.0 2.13e-02    -  1.00e+00 1.25e-01h  4
iter    objective    inf_pr   inf_du lg(mu)  ||d||  lg(rg) alpha_du alpha_pr  ls
 650  7.7769360e-04 6.23e-06 2.22e+00 -11.0 8.02e-01    -  1.00e+00 1.56e-02h  7
 651  7.7755528e-04 7.53e-06 2.74e+00 -11.0 2.77e+00    -  1.00e+00 1.95e-03h 10
 652  7.7732099e-04 1.37e-05 3.19e+00 -11.0 7.68e-01    -  1.00e+00 1.56e-02h  7
 653  7.7679711e-04 1.99e-05 4.58e+00 -11.0 6.49e+00    -  1.00e+00 1.95e-03h 10
 654  7.7675602e-04 2.51e-05 2.97e+00 -11.0 4.00e+00    -  1.00e+00 3.91e-03h  9
 655  1.8292146e-02 1.25e-02 4.77e+02 -11.0 1.32e+00    -  1.00e+00 1.00e+00w  1
 656  4.4529834e-02 3.70e-02 5.67e+02 -11.0 8.77e-01    -  1.00e+00 1.00e+00w  1
 657  1.5034472e+01 8.40e-01 2.74e+06 -11.0 3.78e+00    -  1.00e+00 1.00e+00w  1
 658  7.7663099e-04 2.78e-05 2.12e+00 -11.0 9.12e+01  -2.0 1.00e+00 7.81e-03h  7
 659  7.7700818e-04 1.21e-05 2.28e+00 -11.0 1.84e-02    -  1.00e+00 1.00e+00h  1
iter    objective    inf_pr   inf_du lg(mu)  ||d||  lg(rg) alpha_du alpha_pr  ls
 660  7.7631493e-04 1.38e-05 2.64e+00 -11.0 1.53e+00    -  1.00e+00 3.91e-03h  9
 661  7.7606946e-04 1.42e-05 2.73e+00 -11.0 9.10e-02    -  1.00e+00 1.56e-02h  7
 662  7.7496954e-04 1.82e-05 1.16e+01 -11.0 5.58e-02    -  1.00e+00 2.50e-01h  3
 663  7.7377136e-04 2.51e-05 1.29e+01 -11.0 3.62e+00    -  1.00e+00 3.91e-03h  9
 664  7.7185827e-04 5.22e-05 1.10e+01 -11.0 7.65e+00    -  1.00e+00 3.91e-03h  9
 665  7.7096688e-04 8.08e-05 1.75e+01 -11.0 1.54e+01    -  1.00e+00 1.95e-03h 10
 666  7.7051806e-04 1.18e-04 1.57e+01 -11.0 9.39e+00    -  1.00e+00 3.91e-03h  9
 667  7.7029850e-04 1.26e-04 1.54e+01 -11.0 7.83e+00    -  1.00e+00 1.95e-03h 10
 668  7.6984965e-04 1.27e-04 1.49e+01 -11.0 2.85e+00    -  1.00e+00 1.95e-03h 10
 669  7.7019970e-04 1.27e-04 1.49e+01 -11.0 4.06e-01    -  1.00e+00 1.56e-02h  7
iter    objective    inf_pr   inf_du lg(mu)  ||d||  lg(rg) alpha_du alpha_pr  ls
 670  2.0787101e-03 3.64e-03 4.04e+02 -11.0 3.43e-01    -  1.00e+00 1.00e+00w  1
 671  2.0733491e-01 7.69e-03 2.24e+02 -11.0 2.02e-01    -  1.00e+00 1.00e+00w  1
 672  6.2123027e-03 9.85e-03 5.06e+03 -11.0 2.48e-01    -  1.00e+00 1.00e+00w  1
 673  7.6976965e-04 1.28e-04 1.47e+01 -11.0 5.21e-01    -  1.00e+00 3.12e-02h  5
 674  7.7079132e-04 9.88e-05 1.58e+01 -11.0 5.40e-02    -  1.00e+00 2.50e-01h  3
 675  7.7088898e-04 9.71e-05 2.23e+01 -11.0 6.20e-02    -  1.00e+00 1.56e-02h  7
 676  7.7160930e-04 3.16e-06 2.85e+01 -11.0 4.57e-03    -  1.00e+00 1.00e+00h  1
 677  7.7035471e-04 2.83e-06 1.72e+01 -11.0 5.68e-02    -  1.00e+00 1.25e-01h  4
 678  7.7010540e-04 2.75e-06 1.66e+01 -11.0 3.61e-02    -  1.00e+00 3.12e-02h  6
 679  7.6832985e-04 1.46e-06 3.43e+01 -11.0 6.27e-03    -  1.00e+00 5.00e-01h  2
iter    objective    inf_pr   inf_du lg(mu)  ||d||  lg(rg) alpha_du alpha_pr  ls
 680  7.6627672e-04 1.86e-06 2.57e+01 -11.0 2.83e-02    -  1.00e+00 1.25e-01h  4
 681  7.6565112e-04 2.16e-06 2.38e+01 -11.0 4.33e-02    -  1.00e+00 6.25e-02h  5
 682  7.6480526e-04 2.24e-06 2.15e+01 -11.0 2.59e-02    -  1.00e+00 6.25e-02h  5
 683  7.6526848e-04 2.12e-06 1.24e+01 -11.0 9.16e-03    -  1.00e+00 6.25e-02h  5
 684  7.6628632e-04 4.67e-07 9.78e-04 -11.0 1.67e-03    -  1.00e+00 1.00e+00h  1
 685  7.6553176e-04 5.13e-07 4.71e-04 -11.0 8.19e-03    -  1.00e+00 1.25e-01h  4
 686  7.6493236e-04 3.90e-07 3.36e-04 -11.0 1.18e-03    -  1.00e+00 2.50e-01h  3
 687  7.6420684e-04 2.65e-08 2.09e-04 -11.0 6.59e-04    -  1.00e+00 1.00e+00h  1
 688  7.6411543e-04 4.92e-08 3.38e-04 -11.0 1.98e-03    -  1.00e+00 2.50e-01h  3
 689  7.6308662e-04 8.28e-08 1.41e-04 -11.0 8.45e-04    -  1.00e+00 1.00e+00h  1
iter    objective    inf_pr   inf_du lg(mu)  ||d||  lg(rg) alpha_du alpha_pr  ls
 690  7.7255427e-04 2.40e-08 1.37e-03 -11.0 2.38e-03    -  1.00e+00 1.00e+00H  1
 691  7.7088928e-04 4.15e-08 1.18e-03 -11.0 3.43e-03    -  1.00e+00 6.25e-02h  5
 692  7.6719133e-04 1.76e-09 9.48e-04 -11.0 9.93e-04    -  1.00e+00 1.00e+00H  1
 693  7.6203144e-04 1.04e-07 1.32e-04 -11.0 5.00e-04    -  1.00e+00 1.00e+00h  1
 694  7.6174879e-04 1.61e-08 1.31e-04 -11.0 1.90e-04    -  1.00e+00 1.00e+00h  1
 695  7.6163948e-04 3.97e-08 7.08e-05 -11.0 3.81e-04    -  1.00e+00 1.00e+00h  1
 696  7.6192570e-04 7.84e-09 3.46e-04 -11.0 8.73e-04    -  1.00e+00 1.00e+00H  1
 697  7.6168089e-04 5.66e-09 2.17e-04 -11.0 1.64e-03    -  1.00e+00 1.00e+00H  1
 698  7.6146059e-04 5.87e-08 2.63e-04 -11.0 8.92e-03    -  1.00e+00 6.25e-02h  5
 699  7.6127935e-04 2.06e-07 1.64e-04 -11.0 1.57e-03    -  1.00e+00 1.00e+00h  1
iter    objective    inf_pr   inf_du lg(mu)  ||d||  lg(rg) alpha_du alpha_pr  ls
 700  7.6109044e-04 2.02e-07 2.40e-04 -11.0 6.91e-03    -  1.00e+00 6.25e-02h  5
 701  7.6099674e-04 1.80e-07 1.88e-04 -11.0 1.08e-03    -  1.00e+00 5.00e-01h  2
 702  7.6061249e-04 3.54e-07 1.63e-04 -11.0 1.80e-03    -  1.00e+00 1.00e+00h  1
 703  7.6052633e-04 1.23e-06 7.23e-01 -11.0 4.71e-02    -  1.00e+00 6.25e-02h  5
 704  7.6037751e-04 1.24e-06 4.56e-01 -11.0 2.91e-02    -  1.00e+00 3.12e-02h  6
 705  7.6020660e-04 9.26e-07 8.77e-01 -11.0 1.78e-03    -  1.00e+00 2.50e-01h  3
 706  7.5904652e-04 2.09e-06 1.51e+00 -11.0 6.39e-03    -  1.00e+00 5.00e-01h  2
 707  7.5882577e-04 2.12e-06 1.73e+00 -11.0 2.16e-02    -  1.00e+00 3.12e-02h  6
 708  7.5820159e-04 3.17e-06 2.63e+00 -11.0 2.85e-02    -  1.00e+00 1.25e-01h  4
 709  7.5804724e-04 3.32e-06 2.38e+00 -11.0 1.04e-01    -  1.00e+00 1.56e-02h  7
iter    objective    inf_pr   inf_du lg(mu)  ||d||  lg(rg) alpha_du alpha_pr  ls
 710  7.5793269e-04 3.57e-06 3.41e+00 -11.0 7.87e-02    -  1.00e+00 3.12e-02h  6
 711  7.5755693e-04 4.93e-06 3.71e+00 -11.0 1.45e-01    -  1.00e+00 3.12e-02h  6
 712  7.5727094e-04 5.80e-06 3.36e+00 -11.0 2.12e-01    -  1.00e+00 1.56e-02h  7
 713  3.8704800e-03 2.30e-03 9.53e+01 -11.0 1.40e-01    -  1.00e+00 1.00e+00w  1
 714  1.3466249e-03 7.13e-04 4.33e+01 -11.0 9.02e-02    -  1.00e+00 1.00e+00w  1
 715  1.0183549e-01 3.25e-03 6.70e+03 -11.0 1.15e-01    -  1.00e+00 1.00e+00w  1
 716  7.5715120e-04 5.84e-06 3.35e+00 -11.0 1.15e-01    -  1.00e+00 7.81e-03h  7
 717  7.5748777e-04 4.10e-07 4.73e+01 -11.0 1.77e-03    -  1.00e+00 1.00e+00h  1
 718  7.5804235e-04 4.84e-07 3.59e-04 -11.0 2.48e-03    -  1.00e+00 5.00e-01h  2
 719  7.6543275e-04 6.53e-10 1.43e-03 -11.0 2.02e-03    -  1.00e+00 1.00e+00H  1
iter    objective    inf_pr   inf_du lg(mu)  ||d||  lg(rg) alpha_du alpha_pr  ls
 720  7.5741321e-04 9.24e-08 4.90e-04 -11.0 1.27e-03    -  1.00e+00 1.00e+00H  1
 721  7.5762104e-04 4.20e-09 3.60e-04 -11.0 6.33e-04    -  1.00e+00 1.00e+00H  1
 722  7.5654239e-04 9.32e-09 9.62e-05 -11.0 1.96e-04    -  1.00e+00 1.00e+00h  1
 723  7.5648665e-04 3.51e-09 8.33e-05 -11.0 8.98e-05    -  1.00e+00 1.00e+00h  1
 724  7.5643363e-04 1.05e-07 1.45e-04 -11.0 5.16e-04    -  1.00e+00 1.00e+00h  1
 725  7.5639923e-04 5.51e-08 5.99e-05 -11.0 3.48e-04    -  1.00e+00 5.00e-01h  2
 726  7.5636766e-04 7.65e-09 7.86e-05 -11.0 2.45e-04    -  1.00e+00 1.00e+00h  1
 727  7.5641906e-04 6.96e-09 2.07e-04 -11.0 5.27e-04    -  1.00e+00 1.00e+00H  1
 728  7.5631604e-04 9.54e-09 1.11e-04 -11.0 1.76e-04    -  1.00e+00 1.00e+00h  1
 729  7.5616211e-04 2.64e-08 3.13e-05 -11.0 2.46e-04    -  1.00e+00 1.00e+00h  1
iter    objective    inf_pr   inf_du lg(mu)  ||d||  lg(rg) alpha_du alpha_pr  ls
 730  7.5616438e-04 1.01e-08 1.11e-04 -11.0 3.26e-04    -  1.00e+00 1.00e+00h  1
 731  7.5618168e-04 1.51e-09 2.52e-04 -11.0 1.32e-03    -  1.00e+00 1.00e+00H  1
 732  7.5604192e-04 4.27e-08 3.14e-04 -11.0 1.13e-02    -  1.00e+00 6.25e-02h  5
 733  7.5597585e-04 4.12e-08 2.41e-04 -11.0 1.90e-03    -  1.00e+00 6.25e-02h  5
 734  7.5563499e-04 3.54e-08 5.98e-05 -11.0 3.15e-04    -  1.00e+00 1.00e+00h  1
 735  7.5608507e-04 9.48e-10 2.54e-04 -11.0 1.07e-03    -  1.00e+00 1.00e+00H  1
 736  7.5570002e-04 9.39e-09 4.07e-04 -11.0 2.37e-03    -  1.00e+00 1.00e+00H  1
 737  7.5533260e-04 4.76e-08 1.97e-04 -11.0 1.94e-02    -  1.00e+00 3.12e-02h  6
 738  7.5558776e-04 2.47e-08 1.61e-04 -11.0 1.73e-03    -  1.00e+00 1.00e+00H  1
 739  7.5544050e-04 2.24e-08 1.04e-04 -11.0 3.65e-03    -  1.00e+00 6.25e-02h  5
iter    objective    inf_pr   inf_du lg(mu)  ||d||  lg(rg) alpha_du alpha_pr  ls
 740  7.5491872e-04 3.51e-07 1.11e+00 -11.0 2.86e-03    -  1.00e+00 5.00e-01h  2
 741  7.5491547e-04 3.51e-07 1.49e+00 -11.0 2.37e-02    -  1.00e+00 6.25e-02h  5
 742  7.5478894e-04 4.42e-07 1.59e+00 -11.0 2.49e-02    -  1.00e+00 6.25e-02h  5
 743  7.5474262e-04 4.41e-07 2.04e+00 -11.0 3.02e-02    -  1.00e+00 3.12e-02h  6
 744  7.5467951e-04 5.18e-07 1.89e+00 -11.0 1.08e-02    -  1.00e+00 6.25e-02h  5
 745  7.5466875e-04 5.72e-07 1.92e+00 -11.0 2.51e-02    -  1.00e+00 6.25e-02h  5
 746  7.5455445e-04 7.17e-07 1.60e+00 -11.0 2.13e-02    -  1.00e+00 6.25e-02h  5
 747  7.5454788e-04 6.98e-07 1.43e+00 -11.0 7.52e-03    -  1.00e+00 3.12e-02h  6
 748  7.5478162e-04 3.10e-08 3.41e-04 -11.0 4.29e-03    -  1.00e+00 1.00e+00H  1
 749  7.5472425e-04 1.27e-07 2.41e-04 -11.0 1.59e-01    -  1.00e+00 7.81e-03h  8
iter    objective    inf_pr   inf_du lg(mu)  ||d||  lg(rg) alpha_du alpha_pr  ls
 750  7.5465906e-04 1.36e-07 2.65e-04 -11.0 1.75e-02    -  1.00e+00 3.12e-02h  6
 751  7.5452968e-04 1.32e-07 2.01e-04 -11.0 2.55e-03    -  1.00e+00 1.25e-01h  4
 752  7.5450007e-04 3.41e-06 9.71e-01 -11.0 6.15e-03    -  1.00e+00 1.00e+00h  1
 753  7.5435848e-04 3.69e-06 1.59e+00 -11.0 4.94e-01    -  1.00e+00 3.91e-03h  9
 754  7.5436335e-04 3.65e-06 1.49e+00 -11.0 3.02e-02    -  1.00e+00 1.56e-02h  7
 755  7.5423240e-04 1.96e-06 2.21e+00 -11.0 3.04e-03    -  1.00e+00 5.00e-01h  2
 756  7.5415953e-04 1.93e-06 1.88e+00 -11.0 2.43e-02    -  1.00e+00 3.12e-02h  6
 757  7.5423165e-04 1.90e-06 1.72e+00 -11.0 2.37e-02    -  1.00e+00 6.25e-02h  5
 758  7.5444365e-04 1.75e-06 1.06e+00 -11.0 9.50e-03    -  1.00e+00 1.25e-01h  4
 759  7.5421510e-04 1.37e-06 1.37e+00 -11.0 3.40e-03    -  1.00e+00 2.50e-01h  3
iter    objective    inf_pr   inf_du lg(mu)  ||d||  lg(rg) alpha_du alpha_pr  ls
 760  7.5388059e-04 1.29e-06 1.52e+00 -11.0 1.12e-02    -  1.00e+00 1.25e-01h  4
 761  7.5378683e-04 1.23e-06 1.46e+00 -11.0 7.13e-03    -  1.00e+00 6.25e-02h  5
 762  7.5406036e-04 1.00e-06 1.69e+00 -11.0 4.08e-03    -  1.00e+00 2.50e-01h  3
 763  7.5531488e-04 8.01e-07 1.79e+00 -11.0 2.91e-03    -  1.00e+00 1.00e+00w  1
 764  7.7028262e-04 2.18e-06 2.16e+00 -11.0 4.43e-03    -  1.00e+00 1.00e+00w  1
 765  7.6912977e-04 7.26e-07 4.70e+00 -11.0 2.04e-03    -  1.00e+00 1.00e+00w  1
 766  7.5387751e-04 5.22e-07 1.21e+00 -11.0 3.63e-03    -  1.00e+00 5.00e-01h  1
 767  7.5367309e-04 2.57e-07 2.50e-04 -11.0 1.25e-03    -  1.00e+00 5.00e-01h  2
 768  7.5533170e-04 1.28e-08 3.62e-04 -11.0 1.82e-03    -  1.00e+00 1.00e+00H  1
 769  7.5425226e-04 6.78e-08 7.25e-04 -11.0 4.62e-04    -  1.00e+00 1.00e+00h  1
iter    objective    inf_pr   inf_du lg(mu)  ||d||  lg(rg) alpha_du alpha_pr  ls
 770  7.5330622e-04 1.72e-07 1.06e-04 -11.0 7.00e-04    -  1.00e+00 1.00e+00h  1
 771  7.5323713e-04 3.42e-08 1.19e-04 -11.0 1.70e-04    -  1.00e+00 1.00e+00h  1
 772  7.5312044e-04 9.37e-09 2.32e-05 -11.0 2.33e-04    -  1.00e+00 1.00e+00h  1
 773  7.5313742e-04 1.39e-09 9.21e-05 -11.0 2.75e-04    -  1.00e+00 1.00e+00h  1
 774  7.5302252e-04 1.68e-08 4.74e-05 -11.0 8.52e-04    -  1.00e+00 1.00e+00h  1
 775  7.5301195e-04 1.87e-08 9.00e-05 -11.0 5.00e-03    -  1.00e+00 1.25e-01h  4
 776  7.5289465e-04 2.77e-08 1.37e-04 -11.0 7.16e-03    -  1.00e+00 1.25e-01h  4
 777  7.5288584e-04 3.50e-08 1.36e-04 -11.0 1.05e-02    -  1.00e+00 6.25e-02h  5
 778  7.5278118e-04 9.33e-07 9.18e-01 -11.0 5.15e-03    -  1.00e+00 1.00e+00h  1
 779  7.5259259e-04 1.05e-06 1.16e+00 -11.0 2.14e-01    -  1.00e+00 7.81e-03h  8
iter    objective    inf_pr   inf_du lg(mu)  ||d||  lg(rg) alpha_du alpha_pr  ls
 780  7.5243964e-04 3.73e-06 1.74e+00 -11.0 1.91e-01    -  1.00e+00 6.25e-02h  5
 781  7.5240271e-04 3.74e-06 1.95e+00 -11.0 1.89e-01    -  1.00e+00 3.91e-03h  9
 782  7.5222898e-04 3.87e-06 2.01e+00 -11.0 1.11e-01    -  1.00e+00 3.12e-02h  6
 783  7.5218170e-04 3.85e-06 2.13e+00 -11.0 1.30e-01    -  1.00e+00 7.81e-03h  8
 784  7.5204280e-04 3.86e-06 2.15e+00 -11.0 1.35e-01    -  1.00e+00 1.56e-02h  7
 785  7.5165799e-04 4.16e-06 1.96e+00 -11.0 1.64e-01    -  1.00e+00 1.56e-02h  7
 786  7.5150103e-04 3.99e-06 1.54e+00 -11.0 2.37e-02    -  1.00e+00 6.25e-02h  5
 787  7.5139077e-04 4.17e-06 1.60e+00 -11.0 2.59e-02    -  1.00e+00 1.25e-01h  4
 788  7.5133999e-04 8.67e-06 2.04e+00 -11.0 1.45e-01    -  1.00e+00 1.25e-01h  4
 789  1.1463964e-02 3.64e-02 6.62e+01 -11.0 1.73e+00    -  1.00e+00 1.00e+00w  1
iter    objective    inf_pr   inf_du lg(mu)  ||d||  lg(rg) alpha_du alpha_pr  ls
 790  9.1898581e-03 5.11e-02 4.05e+03 -11.0 1.47e+00    -  1.00e+00 1.00e+00w  1
 791  9.2979030e-01 6.87e-02 4.49e+03 -11.0 1.26e+00    -  1.00e+00 1.00e+00w  1
 792  7.5086424e-04 2.06e-05 2.71e+00 -11.0 3.39e-01    -  1.00e+00 1.56e-02h  6
 793  7.4984969e-04 1.80e-05 1.22e+00 -11.0 1.08e-02    -  1.00e+00 1.25e-01h  4
 794  7.4908145e-04 1.34e-05 6.74e-01 -11.0 8.18e-03    -  1.00e+00 2.50e-01h  3
 795  7.4862219e-04 1.17e-05 2.02e+00 -11.0 2.98e-02    -  1.00e+00 1.25e-01h  4
 796  7.4807345e-04 1.02e-05 4.36e+00 -11.0 5.95e-02    -  1.00e+00 1.25e-01h  4
 797  7.4831031e-04 9.13e-06 4.06e+00 -11.0 1.61e-02    -  1.00e+00 1.25e-01h  4
 798  7.6678427e-04 1.37e-06 2.75e+00 -11.0 1.70e-02    -  1.00e+00 1.00e+00H  1
 799  7.6591315e-04 1.92e-06 2.48e+00 -11.0 5.00e-02    -  1.00e+00 6.25e-02h  5
iter    objective    inf_pr   inf_du lg(mu)  ||d||  lg(rg) alpha_du alpha_pr  ls
 800  7.5844493e-04 1.43e-06 1.55e+00 -11.0 1.39e-02    -  1.00e+00 2.50e-01h  3
 801  7.4912363e-04 4.98e-06 1.10e+00 -11.0 3.49e-02    -  1.00e+00 2.50e-01h  3
 802  7.4661468e-04 5.01e-06 1.33e+00 -11.0 1.55e-01    -  1.00e+00 1.56e-02h  7
 803  8.6009306e-04 2.08e-07 2.62e-03 -11.0 2.57e-02    -  1.00e+00 1.00e+00H  1
 804  8.3333485e-04 5.45e-07 1.96e+00 -11.0 1.44e-02    -  1.00e+00 1.25e-01h  4
 805  7.5809002e-04 3.50e-07 4.22e+00 -11.0 2.78e-02    -  1.00e+00 1.00e+00H  1
 806  7.5507789e-04 1.62e-06 4.13e+00 -11.0 7.17e-02    -  1.00e+00 6.25e-02h  5
 807  7.5175577e-04 4.67e-06 4.22e+00 -11.0 1.38e-02    -  1.00e+00 1.25e-01h  4
 808  7.4537917e-04 2.88e-06 1.68e+00 -11.0 7.12e-03    -  1.00e+00 1.00e+00h  1
 809  7.4391983e-04 3.10e-06 1.51e+00 -11.0 6.28e-02    -  1.00e+00 3.12e-02h  6
iter    objective    inf_pr   inf_du lg(mu)  ||d||  lg(rg) alpha_du alpha_pr  ls
 810  7.4606681e-04 2.65e-06 9.64e-01 -11.0 5.40e-03    -  1.00e+00 1.00e+00h  1
 811  7.4572188e-04 2.70e-06 1.01e+00 -11.0 4.88e-02    -  1.00e+00 6.25e-02h  5
 812  7.4472741e-04 2.41e-06 5.50e-01 -11.0 2.18e-02    -  1.00e+00 1.25e-01h  4
 813  7.4458461e-04 2.30e-06 1.02e+00 -11.0 1.25e-02    -  1.00e+00 1.25e-01h  4
 814  7.4708901e-04 1.87e-06 1.41e+00 -11.0 1.16e-03    -  1.00e+00 1.00e+00h  1
 815  7.4268825e-04 2.03e-06 2.64e-01 -11.0 4.22e-03    -  1.00e+00 1.00e+00h  1
 816  7.4569811e-04 1.60e-06 4.49e-01 -11.0 2.77e-03    -  1.00e+00 2.50e-01h  3
 817  7.4253847e-04 8.74e-08 3.13e-05 -11.0 9.46e-04    -  1.00e+00 1.00e+00h  1
 818  7.4249142e-04 3.89e-09 3.32e-05 -11.0 2.35e-04    -  1.00e+00 1.00e+00h  1
 819  7.4229075e-04 2.97e-07 1.87e-04 -11.0 3.10e-02    -  1.00e+00 6.25e-02h  5
iter    objective    inf_pr   inf_du lg(mu)  ||d||  lg(rg) alpha_du alpha_pr  ls
 820  7.4215011e-04 3.50e-07 3.01e-04 -11.0 2.28e-02    -  1.00e+00 6.25e-02h  5
 821  7.4196715e-04 4.70e-07 1.82e-04 -11.0 7.65e-02    -  1.00e+00 3.12e-02h  6
 822  7.4190659e-04 4.84e-07 1.69e-04 -11.0 9.70e-02    -  1.00e+00 7.81e-03h  8
 823  7.5181422e-04 1.36e-09 9.75e-04 -11.0 1.60e-02    -  1.00e+00 1.00e+00H  1
 824  7.5177437e-04 1.60e-09 9.77e-04 -11.0 2.85e-01    -  1.00e+00 4.88e-04h 12
 825  7.5175705e-04 1.66e-09 9.76e-04 -11.0 7.73e-01    -  1.00e+00 6.10e-05h 15
 826  7.5172486e-04 1.84e-09 9.72e-04 -11.0 4.30e-01    -  1.00e+00 2.44e-04h 13
 827  7.5171201e-04 1.85e-09 9.72e-04 -11.0 8.49e-01    -  1.00e+00 3.05e-05h 16
 828  7.5043854e-04 1.44e-06 1.36e+00 -11.0 5.81e-01    -  1.00e+00 1.56e-02h  7
 829  7.4952692e-04 2.21e-05 4.96e+00 -11.0 1.95e+00    -  1.00e+00 1.56e-02h  7
iter    objective    inf_pr   inf_du lg(mu)  ||d||  lg(rg) alpha_du alpha_pr  ls
 830  7.4832377e-04 4.28e-05 9.09e+00 -11.0 1.28e+01    -  1.00e+00 1.95e-03h 10
 831  7.4798496e-04 4.28e-05 1.68e+01 -11.0 4.37e-01    -  1.00e+00 7.81e-03h  8
 832  7.4352178e-04 2.05e-05 1.07e+01 -11.0 3.02e-03    -  1.00e+00 5.00e-01h  2
 833  7.4327015e-04 1.27e-05 6.79e+00 -11.0 2.13e-02    -  1.00e+00 5.00e-01h  2
 834  1.0236958e-02 6.74e-03 4.01e+01 -11.0 6.87e-01    -  1.00e+00 1.00e+00w  1
 835  2.5679944e-02 3.16e-03 2.83e+01 -11.0 3.74e-01    -  1.00e+00 1.00e+00w  1
 836  2.6864640e-01 1.33e-02 2.19e+03 -11.0 3.16e-01    -  1.00e+00 1.00e+00w  1
 837  7.4204470e-04 1.48e-05 6.98e+00 -11.0 3.73e-01    -  1.00e+00 1.56e-02h  6
 838  7.4019132e-04 1.13e-06 2.44e-04 -11.0 7.75e-03    -  1.00e+00 1.00e+00h  1
 839  7.4002767e-04 1.16e-06 7.80e-05 -11.0 1.57e-01    -  1.00e+00 7.81e-03h  8
iter    objective    inf_pr   inf_du lg(mu)  ||d||  lg(rg) alpha_du alpha_pr  ls
 840  7.4964768e-04 5.11e-08 1.11e-03 -11.0 4.60e-03    -  1.00e+00 1.00e+00H  1
 841  7.4599972e-04 1.06e-06 6.32e-04 -11.0 3.13e-02    -  1.00e+00 1.00e+00H  1
 842  7.4458802e-04 1.11e-06 5.79e-04 -11.0 7.00e-01    -  1.00e+00 1.95e-03h 10
 843  7.4285548e-04 8.68e-07 6.57e-04 -11.0 2.22e-02    -  1.00e+00 6.25e-02h  5
 844  7.4270584e-04 9.18e-07 6.08e-04 -11.0 2.07e-02    -  1.00e+00 1.25e-01h  4
 845  7.4243997e-04 9.12e-07 6.06e-04 -11.0 3.98e-02    -  1.00e+00 7.81e-03h  8
 846  7.4212364e-04 9.11e-07 6.02e-04 -11.0 9.05e-02    -  1.00e+00 3.91e-03h  9
 847  7.4181025e-04 9.09e-07 5.65e-04 -11.0 2.99e-02    -  1.00e+00 3.91e-03h  9
 848  7.4427351e-04 3.26e-07 1.08e-03 -11.0 8.65e-03    -  1.00e+00 5.00e-01h  2
 849  7.4171236e-04 3.18e-07 8.62e-04 -11.0 6.34e-03    -  1.00e+00 1.25e-01h  4
iter    objective    inf_pr   inf_du lg(mu)  ||d||  lg(rg) alpha_du alpha_pr  ls
 850  7.4060957e-04 9.17e-07 1.01e+01 -11.0 1.92e-02    -  1.00e+00 1.25e-01h  4
 851  7.3940445e-04 1.28e-06 1.45e+01 -11.0 1.71e-02    -  1.00e+00 1.25e-01h  4
 852  1.8320040e-03 4.57e-05 2.81e+02 -11.0 2.32e-02    -  1.00e+00 1.00e+00w  1
 853  7.6533153e-04 4.32e-05 1.05e+02 -11.0 2.53e-02    -  1.00e+00 1.00e+00w  1
 854  8.0680525e-04 1.58e-05 1.11e+01 -11.0 6.83e-03    -  1.00e+00 1.00e+00w  1
 855  7.3842916e-04 1.19e-06 2.78e+01 -11.0 2.98e-03    -  1.00e+00 6.25e-02h  4
 856  7.3753662e-04 2.19e-06 1.20e+01 -11.0 4.67e-03    -  1.00e+00 5.00e-01h  2
 857  7.3654849e-04 1.97e-06 1.05e+01 -11.0 1.20e-02    -  1.00e+00 1.25e-01h  4
 858  7.3640316e-04 1.52e-06 8.25e+00 -11.0 5.68e-03    -  1.00e+00 2.50e-01h  3
 859  7.3624698e-04 4.62e-07 4.43e-04 -11.0 9.57e-04    -  1.00e+00 1.00e+00h  1
iter    objective    inf_pr   inf_du lg(mu)  ||d||  lg(rg) alpha_du alpha_pr  ls
 860  7.3657176e-04 8.22e-08 3.43e-04 -11.0 1.85e-03    -  1.00e+00 1.00e+00H  1
 861  7.3490867e-04 5.26e-07 1.93e-04 -11.0 1.84e-03    -  1.00e+00 1.00e+00h  1
 862  7.3509019e-04 3.99e-07 3.13e-04 -11.0 2.74e-03    -  1.00e+00 2.50e-01h  3
 863  7.3468462e-04 8.03e-09 2.49e-04 -11.0 2.84e-04    -  1.00e+00 1.00e+00h  1
 864  7.3445773e-04 9.10e-09 4.94e-05 -11.0 1.86e-04    -  1.00e+00 1.00e+00h  1
 865  7.3437382e-04 8.19e-09 6.47e-05 -11.0 1.54e-04    -  1.00e+00 1.00e+00h  1
 866  7.3403342e-04 1.15e-06 2.30e-04 -11.0 4.12e-03    -  1.00e+00 5.00e-01h  2
 867  7.3392512e-04 1.44e-06 1.17e+00 -11.0 3.53e-02    -  1.00e+00 3.12e-02h  6
 868  7.3353231e-04 1.58e-06 1.36e+00 -11.0 5.72e-03    -  1.00e+00 2.50e-01h  3
 869  7.3335161e-04 1.88e-06 3.36e+00 -11.0 8.63e-03    -  1.00e+00 1.25e-01h  4
iter    objective    inf_pr   inf_du lg(mu)  ||d||  lg(rg) alpha_du alpha_pr  ls
 870  7.3396606e-04 1.08e-06 2.95e+00 -11.0 1.68e-03    -  1.00e+00 5.00e-01h  2
 871  7.3357078e-04 5.68e-07 4.68e-04 -11.0 6.69e-04    -  1.00e+00 5.00e-01h  2
 872  7.3290961e-04 1.02e-07 1.84e-04 -11.0 6.15e-04    -  1.00e+00 1.00e+00h  1
 873  7.3291742e-04 1.07e-07 2.24e-04 -11.0 1.01e-03    -  1.00e+00 5.00e-01h  2
 874  7.3294398e-04 1.05e-07 2.18e-04 -11.0 5.11e-04    -  1.00e+00 1.00e+00h  1
 875  7.3349964e-04 7.53e-08 3.43e-04 -11.0 3.69e-04    -  1.00e+00 1.00e+00h  1
 876  7.3260692e-04 1.49e-08 9.93e-05 -11.0 2.09e-04    -  1.00e+00 1.00e+00h  1
 877  7.3255681e-04 6.62e-09 3.60e-05 -11.0 1.59e-04    -  1.00e+00 1.00e+00h  1
 878  7.3241921e-04 3.32e-07 1.64e-04 -11.0 8.22e-03    -  1.00e+00 1.25e-01h  4
 879  7.3239951e-04 1.68e-06 2.62e-01 -11.0 2.96e-02    -  1.00e+00 6.25e-02h  5
iter    objective    inf_pr   inf_du lg(mu)  ||d||  lg(rg) alpha_du alpha_pr  ls
 880  7.3229149e-04 1.86e-06 3.88e-01 -11.0 2.41e-02    -  1.00e+00 3.12e-02h  6
 881  7.3234232e-04 1.70e-06 8.92e-01 -11.0 3.65e-03    -  1.00e+00 1.25e-01h  4
 882  7.3192460e-04 1.77e-07 1.06e-04 -11.0 4.86e-04    -  1.00e+00 1.00e+00h  1
 883  7.3207657e-04 7.69e-08 1.85e-04 -11.0 3.71e-04    -  1.00e+00 1.00e+00h  1
 884  7.3184879e-04 1.88e-07 2.88e-05 -11.0 5.17e-04    -  1.00e+00 1.00e+00h  1
 885  7.3200390e-04 9.45e-08 2.44e-04 -11.0 3.55e-04    -  1.00e+00 5.00e-01h  2
 886  7.3180330e-04 3.83e-09 3.04e-05 -11.0 1.24e-04    -  1.00e+00 1.00e+00h  1
 887  7.3178538e-04 5.47e-10 2.12e-05 -11.0 7.97e-05    -  1.00e+00 1.00e+00h  1
 888  7.3500248e-04 2.83e-11 1.07e-03 -11.0 3.54e-03    -  1.00e+00 1.00e+00H  1
 889  7.3487453e-04 3.17e-10 1.06e-03 -11.0 4.78e-03    -  1.00e+00 1.56e-02h  7
iter    objective    inf_pr   inf_du lg(mu)  ||d||  lg(rg) alpha_du alpha_pr  ls
 890  7.3476984e-04 2.96e-10 1.05e-03 -11.0 3.91e-03    -  1.00e+00 7.81e-03h  8
 891  7.3463884e-04 4.38e-10 1.03e-03 -11.0 7.72e-03    -  1.00e+00 7.81e-03h  8
 892  7.3454293e-04 4.73e-10 1.01e-03 -11.0 3.68e-03    -  1.00e+00 7.81e-03h  8
 893  7.3442800e-04 5.15e-10 9.99e-04 -11.0 3.72e-03    -  1.00e+00 1.56e-02h  7
 894  7.3360419e-04 1.22e-07 4.94e-04 -11.0 1.31e-02    -  1.00e+00 1.25e-01h  4
 895  7.3316280e-04 1.15e-07 3.43e-04 -11.0 2.83e-03    -  1.00e+00 1.25e-01h  4
 896  7.3147620e-04 1.90e-07 4.48e-05 -11.0 1.91e-03    -  1.00e+00 1.00e+00h  1
 897  7.3156054e-04 1.72e-07 7.87e-05 -11.0 1.01e-02    -  1.00e+00 1.25e-01h  4
 898  7.3180367e-04 2.19e-07 1.65e-04 -11.0 3.99e-03    -  1.00e+00 2.50e-01h  3
 899  7.3169058e-04 1.95e-07 2.02e-04 -11.0 3.25e-03    -  1.00e+00 1.25e-01h  4
iter    objective    inf_pr   inf_du lg(mu)  ||d||  lg(rg) alpha_du alpha_pr  ls
 900  7.3119086e-04 3.89e-07 1.72e+00 -11.0 1.98e-02    -  1.00e+00 1.25e-01h  4
 901  7.3121232e-04 3.80e-07 1.56e+00 -11.0 3.25e-02    -  1.00e+00 1.56e-02h  7
 902  7.3130873e-04 2.18e-07 1.58e-04 -11.0 2.00e-03    -  1.00e+00 5.00e-01h  2
 903  7.3137482e-04 1.86e-07 1.50e-04 -11.0 4.27e-03    -  1.00e+00 2.50e-01h  3
 904  7.3132674e-04 1.93e-07 2.22e-04 -11.0 3.01e-03    -  1.00e+00 2.50e-01h  3
 905  7.3100890e-04 1.42e-07 1.65e-04 -11.0 3.52e-03    -  1.00e+00 2.50e-01h  3
 906  7.3099756e-04 1.32e-07 2.94e-04 -11.0 5.07e-03    -  1.00e+00 2.50e-01h  3
 907  7.4771029e-04 1.56e-06 3.99e+00 -11.0 6.85e-03    -  1.00e+00 1.00e+00w  1
 908  7.6221268e-04 3.31e-06 6.71e+00 -11.0 1.44e-02    -  1.00e+00 1.00e+00w  1
 909  2.3692945e-03 2.34e-04 3.22e+02 -11.0 4.27e-02    -  1.00e+00 1.00e+00w  1
iter    objective    inf_pr   inf_du lg(mu)  ||d||  lg(rg) alpha_du alpha_pr  ls
 910  7.3080479e-04 1.37e-07 4.26e-04 -11.0 4.36e-02    -  1.00e+00 1.25e-01h  3
 911  7.3065670e-04 2.22e-07 5.05e-04 -11.0 6.65e-03    -  1.00e+00 5.00e-01h  2
 912  7.3062938e-04 2.86e-07 3.92e+00 -11.0 5.01e-02    -  1.00e+00 3.12e-02h  6
 913  7.3057206e-04 2.76e-07 5.84e+00 -11.0 7.25e-03    -  1.00e+00 6.25e-02h  5
 914  7.3028175e-04 3.42e-07 1.22e+00 -11.0 2.94e-02    -  1.00e+00 1.25e-01h  4
 915  7.2990681e-04 5.64e-07 2.18e+00 -11.0 2.37e-01    -  1.00e+00 1.56e-02h  7
 916  7.2959108e-04 6.77e-07 4.64e+00 -11.0 4.06e-01    -  1.00e+00 7.81e-03h  8
 917  7.2944386e-04 6.96e-07 4.69e+00 -11.0 2.35e-01    -  1.00e+00 7.81e-03h  8
 918  7.2935713e-04 7.07e-07 4.98e+00 -11.0 2.10e-01    -  1.00e+00 7.81e-03h  8
 919  7.2925120e-04 8.29e-07 4.45e+00 -11.0 9.46e-02    -  1.00e+00 3.12e-02h  6
iter    objective    inf_pr   inf_du lg(mu)  ||d||  lg(rg) alpha_du alpha_pr  ls
 920  2.7134264e-02 8.09e-03 3.29e+03 -11.0 6.92e-01    -  1.00e+00 1.00e+00w  1
 921  5.2315107e-02 1.43e-02 4.22e+02 -11.0 9.94e-02    -  1.00e+00 1.00e+00w  1
 922  2.6885854e-02 9.64e-03 3.52e+03 -11.0 2.07e-01    -  1.00e+00 1.00e+00w  1
 923  7.2915144e-04 8.51e-07 4.27e+00 -11.0 8.36e-02    -  1.00e+00 3.91e-03h  8
 924  7.2902108e-04 8.57e-07 2.95e+00 -11.0 7.71e-02    -  1.00e+00 1.56e-02h  7
 925  7.2886249e-04 8.43e-07 1.81e+00 -11.0 1.10e-01    -  1.00e+00 1.56e-02h  7
 926  7.2899139e-04 8.31e-07 1.51e+00 -11.0 3.55e-02    -  1.00e+00 3.12e-02h  6
 927  7.2910981e-04 4.75e-07 2.44e+00 -11.0 6.03e-03    -  1.00e+00 5.00e-01h  2
 928  7.2899089e-04 1.13e-06 4.05e+00 -11.0 3.90e-02    -  1.00e+00 1.25e-01h  4
 929  7.2884235e-04 1.97e-06 4.12e+00 -11.0 2.67e-01    -  1.00e+00 1.56e-02h  7
iter    objective    inf_pr   inf_du lg(mu)  ||d||  lg(rg) alpha_du alpha_pr  ls
 930  7.2862287e-04 2.71e-06 4.21e+00 -11.0 1.48e-01    -  1.00e+00 3.12e-02h  6
 931  7.2869778e-04 2.73e-06 3.93e+00 -11.0 9.37e-02    -  1.00e+00 1.56e-02h  7
 932  7.2866973e-04 2.12e-06 2.43e+00 -11.0 1.13e-02    -  1.00e+00 2.50e-01h  3
 933  1.2423890e-03 4.41e-04 5.92e+01 -11.0 1.50e-01    -  1.00e+00 1.00e+00w  1
 934  3.2862498e-03 4.94e-04 2.84e+01 -11.0 2.49e-02    -  1.00e+00 1.00e+00w  1
 935  1.1120349e-03 2.13e-04 2.48e+01 -11.0 3.25e-02    -  1.00e+00 1.00e+00w  1
 936  7.2823515e-04 2.50e-06 2.85e+00 -11.0 4.98e-02    -  1.00e+00 3.12e-02h  5
 937  7.2818850e-04 2.47e-06 2.19e+00 -11.0 8.84e-02    -  1.00e+00 7.81e-03h  8
 938  7.2808901e-04 2.06e-06 1.74e+00 -11.0 1.36e-02    -  1.00e+00 2.50e-01h  3
 939  7.2786252e-04 2.02e-06 1.67e+00 -11.0 4.67e-02    -  1.00e+00 1.56e-02h  7
iter    objective    inf_pr   inf_du lg(mu)  ||d||  lg(rg) alpha_du alpha_pr  ls
 940  7.3356232e-04 1.58e-07 6.43e-04 -11.0 7.61e-03    -  1.00e+00 1.00e+00H  1
 941  7.3308108e-04 1.58e-07 7.37e-04 -11.0 1.18e-02    -  1.00e+00 6.25e-02h  5
 942  7.2781372e-04 1.21e-07 1.65e-04 -11.0 1.05e-02    -  1.00e+00 1.00e+00H  1
 943  7.2763735e-04 4.41e-07 1.07e+01 -11.0 6.35e-02    -  1.00e+00 3.12e-02h  6
 944  7.2739422e-04 3.30e-07 2.59e-04 -11.0 3.21e-03    -  1.00e+00 2.50e-01h  3
 945  7.2991193e-04 1.90e-07 7.20e-04 -11.0 1.75e-03    -  1.00e+00 1.00e+00H  1
 946  7.2738609e-04 9.20e-08 3.17e-04 -11.0 2.43e-03    -  1.00e+00 1.00e+00H  1
 947  7.2705346e-04 9.83e-08 3.92e-04 -11.0 7.32e-03    -  1.00e+00 1.25e-01h  4
 948  7.2684236e-04 1.45e-07 1.32e-04 -11.0 1.90e-03    -  1.00e+00 1.25e-01h  4
 949  7.2660588e-04 3.24e-08 1.42e-04 -11.0 2.34e-04    -  1.00e+00 1.00e+00h  1
iter    objective    inf_pr   inf_du lg(mu)  ||d||  lg(rg) alpha_du alpha_pr  ls
 950  7.2653439e-04 2.96e-08 5.57e-05 -11.0 4.31e-04    -  1.00e+00 1.00e+00h  1
 951  7.2651203e-04 3.65e-08 3.15e-05 -11.0 1.87e-03    -  1.00e+00 6.25e-02h  5
 952  7.2651175e-04 4.42e-09 6.21e-05 -11.0 2.88e-04    -  1.00e+00 1.00e+00h  1
 953  7.2650216e-04 1.87e-08 3.09e-04 -11.0 4.81e-04    -  1.00e+00 1.00e+00h  1
 954  7.2636526e-04 3.72e-08 1.51e-04 -11.0 1.07e-03    -  1.00e+00 5.00e-01h  2
 955  7.2631919e-04 4.10e-08 1.15e-04 -11.0 1.26e-03    -  1.00e+00 1.25e-01h  4
 956  7.2619953e-04 2.17e-08 9.61e-05 -11.0 4.88e-04    -  1.00e+00 1.00e+00h  1
 957  7.2611214e-04 3.78e-08 1.32e-04 -11.0 3.65e-03    -  1.00e+00 1.25e-01h  4
 958  7.2602539e-04 8.47e-08 1.46e-04 -11.0 4.46e-03    -  1.00e+00 1.25e-01h  4
 959  7.2597858e-04 1.63e-07 1.61e-04 -11.0 8.56e-03    -  1.00e+00 1.25e-01h  4
iter    objective    inf_pr   inf_du lg(mu)  ||d||  lg(rg) alpha_du alpha_pr  ls
 960  7.2588979e-04 6.31e-07 1.47e+00 -11.0 1.97e-02    -  1.00e+00 1.25e-01h  4
 961  7.2542930e-04 1.48e-06 1.74e+00 -11.0 3.20e-02    -  1.00e+00 1.25e-01h  4
 962  7.2529529e-04 1.62e-06 1.90e+00 -11.0 2.19e-01    -  1.00e+00 7.81e-03h  8
 963  7.2522029e-04 1.97e-06 8.93e-01 -11.0 3.33e-02    -  1.00e+00 1.25e-01h  4
 964  7.2505008e-04 5.60e-06 1.70e+00 -11.0 2.86e-01    -  1.00e+00 3.12e-02h  6
 965  7.2486973e-04 5.75e-06 1.75e+00 -11.0 5.76e-01    -  1.00e+00 3.91e-03h  9
 966  7.2473091e-04 6.72e-06 2.17e+00 -11.0 3.60e-01    -  1.00e+00 1.56e-02h  7
 967  7.2139167e-03 6.86e-03 2.03e+02 -11.0 6.61e-01    -  1.00e+00 1.00e+00w  1
 968  5.1793124e-02 3.13e-03 1.81e+02 -11.0 2.20e-01    -  1.00e+00 1.00e+00w  1
 969  1.2690513e-02 1.99e-03 2.53e+02 -11.0 1.79e-01    -  1.00e+00 1.00e+00w  1
iter    objective    inf_pr   inf_du lg(mu)  ||d||  lg(rg) alpha_du alpha_pr  ls
 970  7.2457753e-04 7.20e-06 2.38e+00 -11.0 5.97e-01    -  1.00e+00 7.81e-03h  7
 971  7.2452323e-04 8.97e-06 1.92e+00 -11.0 8.95e-01    -  1.00e+00 7.81e-03h  8
 972  7.2434350e-04 9.57e-06 1.74e+00 -11.0 9.56e-01    -  1.00e+00 3.91e-03h  9
 973  7.2423033e-04 9.74e-06 1.55e+00 -11.0 1.24e+00    -  1.00e+00 1.95e-03h 10
 974  7.2456122e-04 9.12e-06 3.87e+00 -11.0 1.32e-02    -  1.00e+00 6.25e-02h  5
 975  7.2489049e-04 6.09e-06 2.75e+00 -11.0 1.14e-02    -  1.00e+00 1.00e+00h  1
 976  7.2452641e-04 6.55e-06 2.61e+00 -11.0 4.61e-01    -  1.00e+00 1.56e-02h  7
 977  7.2440442e-04 6.52e-06 1.98e+00 -11.0 5.28e-01    -  1.00e+00 3.91e-03h  9
 978  7.2416139e-04 6.24e-06 1.85e+00 -11.0 4.67e-02    -  1.00e+00 6.25e-02h  5
 979  7.2471332e-04 5.53e-06 1.29e+00 -11.0 1.27e-02    -  1.00e+00 1.25e-01h  4
iter    objective    inf_pr   inf_du lg(mu)  ||d||  lg(rg) alpha_du alpha_pr  ls
 980  7.2331636e-04 6.94e-06 5.72e+00 -11.0 2.65e-02    -  1.00e+00 2.50e-01h  3
 981  7.2176760e-04 6.93e-06 7.30e+00 -11.0 1.05e+00    -  1.00e+00 3.91e-03h  9
 982  7.2131938e-04 7.25e-06 7.33e+00 -11.0 1.03e-01    -  1.00e+00 6.25e-02h  5
 983  7.2131562e-04 1.07e-05 8.85e+00 -11.0 1.76e+00    -  1.00e+00 7.81e-03h  8
 984  7.2079311e-04 1.37e-05 9.92e+00 -11.0 2.77e+00    -  1.00e+00 3.91e-03h  9
 985  7.2050992e-04 1.54e-05 9.67e+00 -11.0 4.22e+00    -  1.00e+00 1.95e-03h 10
 986  4.7571422e-02 5.34e-02 3.23e+02 -11.0 3.12e+00    -  1.00e+00 1.00e+00w  1
 987  1.7522035e+00 1.13e+01 1.45e+05 -11.0 2.49e+00    -  1.00e+00 1.00e+00w  1
 988  7.4570376e-01 3.63e+01 4.87e+04 -11.0 8.98e-01    -  1.00e+00 1.00e+00w  1
 989  7.1990739e-04 1.69e-05 9.83e+00 -11.0 2.98e+00    -  1.00e+00 3.91e-03h  8
iter    objective    inf_pr   inf_du lg(mu)  ||d||  lg(rg) alpha_du alpha_pr  ls
 990  7.2078162e-04 9.50e-06 3.66e+00 -11.0 6.71e-03    -  1.00e+00 5.00e-01h  2
 991  7.2060926e-04 5.63e-07 3.97e+02 -11.0 8.11e-04    -  1.00e+00 1.00e+00h  1
 992  7.2003925e-04 1.47e-07 8.45e-04 -11.0 9.11e-04    -  1.00e+00 1.00e+00h  1
 993  7.1868937e-04 1.16e-07 2.11e-04 -11.0 4.70e-04    -  1.00e+00 1.00e+00h  1
 994  7.1853128e-04 3.09e-09 2.18e-04 -11.0 1.25e-04    -  1.00e+00 1.00e+00h  1
 995  7.1802497e-04 1.71e-07 2.60e-04 -11.0 8.74e-04    -  1.00e+00 1.00e+00h  1
 996  7.1772474e-04 2.15e-08 2.62e-04 -11.0 4.24e-04    -  1.00e+00 1.00e+00h  1
 997  7.1748821e-04 4.07e-09 8.53e-05 -11.0 1.36e-04    -  1.00e+00 1.00e+00h  1
 998  7.1736596e-04 4.02e-09 6.68e-05 -11.0 1.07e-04    -  1.00e+00 1.00e+00h  1
 999  7.1717177e-04 6.09e-08 6.09e-05 -11.0 4.07e-04    -  1.00e+00 1.00e+00h  1
iter    objective    inf_pr   inf_du lg(mu)  ||d||  lg(rg) alpha_du alpha_pr  ls
1000  7.2157094e-04 5.11e-09 6.20e-04 -11.0 2.42e-03    -  1.00e+00 1.00e+00H  1
1001  7.1792549e-04 2.29e-09 5.84e-04 -11.0 1.20e-03    -  1.00e+00 1.00e+00H  1
1002  7.1767288e-04 1.21e-09 2.67e-04 -11.0 6.23e-04    -  1.00e+00 1.00e+00H  1
1003  7.1631808e-04 1.49e-07 1.03e-04 -11.0 4.36e-04    -  1.00e+00 1.00e+00h  1
1004  7.1641055e-04 3.10e-08 2.47e-04 -11.0 2.04e-04    -  1.00e+00 1.00e+00h  1
1005  7.1619302e-04 6.43e-09 4.21e-05 -11.0 1.24e-04    -  1.00e+00 1.00e+00h  1
1006  7.1614600e-04 1.05e-08 3.14e-05 -11.0 1.47e-04    -  1.00e+00 1.00e+00h  1
1007  7.1606287e-04 1.07e-07 1.16e-04 -11.0 3.90e-03    -  1.00e+00 1.25e-01h  4
1008  7.1815483e-04 1.75e-09 7.00e-04 -11.0 1.60e-03    -  1.00e+00 1.00e+00H  1
1009  7.1623425e-04 1.87e-09 1.50e-04 -11.0 5.93e-04    -  1.00e+00 1.00e+00H  1
iter    objective    inf_pr   inf_du lg(mu)  ||d||  lg(rg) alpha_du alpha_pr  ls
1010  7.1581758e-04 3.11e-07 1.06e-04 -11.0 9.55e-04    -  1.00e+00 1.00e+00h  1
1011  7.1574134e-04 3.09e-07 5.64e-05 -11.0 2.53e-03    -  1.00e+00 1.25e-01h  4
1012  7.1575461e-04 4.62e-09 1.09e-04 -11.0 9.71e-04    -  1.00e+00 1.00e+00H  1
1013  7.1561322e-04 4.35e-07 8.10e-05 -11.0 8.89e-03    -  1.00e+00 1.25e-01h  4
1014  7.1557269e-04 4.95e-07 6.90e-05 -11.0 1.69e-02    -  1.00e+00 3.12e-02h  6
1015  7.1552666e-04 4.78e-07 1.38e-04 -11.0 5.01e-03    -  1.00e+00 2.50e-01h  3
1016  7.1546596e-04 4.72e-07 8.53e-05 -11.0 3.01e-03    -  1.00e+00 6.25e-02h  5
1017  7.1593088e-04 1.89e-10 2.46e-04 -11.0 9.89e-04    -  1.00e+00 1.00e+00H  1
1018  7.1567581e-04 5.30e-08 1.43e-04 -11.0 1.33e-03    -  1.00e+00 2.50e-01h  3
1019  7.1519138e-04 2.21e-07 1.13e-04 -11.0 8.45e-04    -  1.00e+00 1.00e+00h  1
iter    objective    inf_pr   inf_du lg(mu)  ||d||  lg(rg) alpha_du alpha_pr  ls
1020  7.1680204e-04 1.29e-10 5.26e-04 -11.0 7.25e-04    -  1.00e+00 1.00e+00H  1
1021  7.1501094e-04 6.79e-08 8.90e-05 -11.0 7.26e-04    -  1.00e+00 1.00e+00h  1
1022  7.1507092e-04 3.47e-08 1.55e-04 -11.0 4.77e-04    -  1.00e+00 5.00e-01h  2
1023  7.1493048e-04 1.01e-08 3.75e-05 -11.0 1.97e-04    -  1.00e+00 1.00e+00h  1
1024  7.1503525e-04 1.41e-10 1.31e-04 -11.0 1.32e-04    -  1.00e+00 1.00e+00H  1
1025  7.1489175e-04 7.80e-09 1.90e-05 -11.0 8.79e-05    -  1.00e+00 1.00e+00h  1
1026  7.1487710e-04 1.14e-09 2.37e-05 -11.0 5.23e-05    -  1.00e+00 1.00e+00h  1
1027  7.1478168e-04 3.19e-07 7.62e-05 -11.0 7.42e-04    -  1.00e+00 1.00e+00h  1
1028  7.1478700e-04 3.04e-07 9.81e-05 -11.0 2.28e-03    -  1.00e+00 1.25e-01h  4
1029  7.1598813e-04 3.23e-11 3.06e-04 -11.0 1.12e-03    -  1.00e+00 1.00e+00H  1
iter    objective    inf_pr   inf_du lg(mu)  ||d||  lg(rg) alpha_du alpha_pr  ls
1030  7.1596613e-04 3.25e-11 3.03e-04 -11.0 7.36e-04    -  1.00e+00 7.81e-03h  8
1031  7.1595034e-04 2.84e-11 3.02e-04 -11.0 1.45e-03    -  1.00e+00 3.91e-03h  9
1032  7.1593508e-04 1.96e-11 3.00e-04 -11.0 1.61e-03    -  1.00e+00 3.91e-03h  9
1033  7.1591866e-04 1.35e-11 2.98e-04 -11.0 1.62e-03    -  1.00e+00 3.91e-03h  9
1034  7.1549708e-04 3.46e-07 4.46e-04 -11.0 1.68e-03    -  1.00e+00 5.00e-01h  2
1035  7.1519608e-04 1.25e-07 2.35e-04 -11.0 6.70e-04    -  1.00e+00 1.00e+00h  1
1036  7.1459432e-04 4.19e-08 7.09e-05 -11.0 3.62e-04    -  1.00e+00 1.00e+00h  1
1037  7.1452877e-04 4.24e-09 4.14e-05 -11.0 6.95e-05    -  1.00e+00 1.00e+00h  1
1038  7.1451226e-04 6.36e-09 3.34e-05 -11.0 1.23e-04    -  1.00e+00 1.00e+00h  1
1039  7.1458137e-04 1.76e-09 1.20e-04 -11.0 7.34e-04    -  1.00e+00 1.00e+00H  1
iter    objective    inf_pr   inf_du lg(mu)  ||d||  lg(rg) alpha_du alpha_pr  ls
1040  7.1468616e-04 3.07e-10 1.90e-04 -11.0 4.87e-04    -  1.00e+00 1.00e+00H  1
1041  7.1487694e-04 6.12e-11 2.42e-04 -11.0 5.14e-04    -  1.00e+00 1.00e+00H  1
1042  7.1444307e-04 4.22e-08 4.57e-05 -11.0 2.57e-04    -  1.00e+00 1.00e+00h  1
1043  7.1448422e-04 2.36e-09 7.76e-05 -11.0 7.91e-05    -  1.00e+00 1.00e+00h  1
1044  7.1441053e-04 3.47e-09 1.11e-05 -11.0 7.26e-05    -  1.00e+00 1.00e+00h  1
1045  7.1440629e-04 6.23e-10 1.11e-05 -11.0 5.05e-05    -  1.00e+00 1.00e+00h  1
1046  7.1462035e-04 3.20e-10 1.70e-04 -11.0 1.33e-03    -  1.00e+00 1.00e+00H  1
1047  7.1460696e-04 3.24e-10 1.59e-04 -11.0 2.37e-03    -  1.00e+00 1.56e-02h  7
1048  7.1495452e-04 1.49e-11 2.36e-04 -11.0 2.29e-03    -  1.00e+00 1.00e+00H  1
1049  7.1493665e-04 1.46e-10 2.34e-04 -11.0 4.68e-03    -  1.00e+00 3.91e-03h  9
iter    objective    inf_pr   inf_du lg(mu)  ||d||  lg(rg) alpha_du alpha_pr  ls
1050  7.1491533e-04 1.36e-10 2.30e-04 -11.0 1.50e-03    -  1.00e+00 7.81e-03h  8
1051  7.1410820e-04 2.09e-07 8.24e-05 -11.0 1.46e-03    -  1.00e+00 1.00e+00h  1
1052  7.1431364e-04 1.58e-07 1.60e-04 -11.0 8.23e-04    -  1.00e+00 2.50e-01h  3
1053  7.1402907e-04 4.94e-09 4.32e-05 -11.0 2.15e-04    -  1.00e+00 1.00e+00h  1
1054  7.1401641e-04 2.59e-08 9.44e-05 -11.0 2.03e-04    -  1.00e+00 1.00e+00h  1
1055  7.1428849e-04 1.19e-10 2.97e-04 -11.0 5.01e-04    -  1.00e+00 1.00e+00H  1
1056  7.1397999e-04 3.32e-08 1.26e-04 -11.0 2.83e-04    -  1.00e+00 1.00e+00h  1
1057  7.1397476e-04 6.96e-09 1.29e-04 -11.0 2.57e-04    -  1.00e+00 1.00e+00h  1
1058  7.1390047e-04 4.35e-09 1.47e-05 -11.0 1.76e-04    -  1.00e+00 1.00e+00h  1
1059  7.1381484e-04 1.79e-08 2.68e-05 -11.0 6.63e-04    -  1.00e+00 1.00e+00h  1
iter    objective    inf_pr   inf_du lg(mu)  ||d||  lg(rg) alpha_du alpha_pr  ls
1060  7.1375488e-04 4.15e-08 1.11e-04 -11.0 2.66e-01    -  1.00e+00 3.91e-03h  9
1061  7.1360611e-04 4.62e-07 2.92e-04 -11.0 1.22e-01    -  1.00e+00 3.12e-02h  6
1062  7.1355405e-04 4.87e-07 2.72e-01 -11.0 1.64e-01    -  1.00e+00 7.81e-03h  8
1063  7.1351665e-04 4.78e-07 3.70e-01 -11.0 3.83e-02    -  1.00e+00 1.56e-02h  7
1064  7.1336428e-04 4.24e-07 6.97e-01 -11.0 1.83e-02    -  1.00e+00 2.50e-01h  3
1065  7.1280192e-04 3.05e-06 1.61e+00 -11.0 1.67e+00    -  1.00e+00 7.81e-03h  8
1066  7.1286566e-04 2.98e-06 1.23e+00 -11.0 4.39e-01    -  1.00e+00 7.81e-03h  8
1067  7.1334057e-04 2.58e-06 1.75e+00 -11.0 1.09e-01    -  1.00e+00 3.12e-02h  6
1068  7.1324899e-04 2.51e-06 1.37e+00 -11.0 2.50e-02    -  1.00e+00 3.12e-02h  6
1069  7.1305544e-04 2.40e-06 2.49e+00 -11.0 7.06e-03    -  1.00e+00 6.25e-02h  5
iter    objective    inf_pr   inf_du lg(mu)  ||d||  lg(rg) alpha_du alpha_pr  ls
1070  7.1463833e-04 1.06e-06 6.68e-04 -11.0 2.12e-03    -  1.00e+00 1.00e+00w  1
1071  7.1614627e-04 9.96e-07 2.62e+00 -11.0 9.65e-03    -  1.00e+00 1.00e+00w  1
1072  2.2313853e-03 1.98e-04 3.28e+01 -11.0 8.11e-02    -  1.00e+00 1.00e+00w  1
1073  7.1262294e-04 1.21e-06 1.42e+00 -11.0 6.35e-02    -  1.00e+00 5.00e-01h  1
1074  7.1254805e-04 1.01e-06 8.51e-01 -11.0 3.17e-03    -  1.00e+00 2.50e-01h  3
1075  7.1216506e-04 5.26e-07 1.20e+00 -11.0 1.61e-03    -  1.00e+00 5.00e-01h  2
1076  7.1351161e-04 5.11e-07 4.62e-04 -11.0 2.19e-03    -  1.00e+00 1.00e+00h  1
1077  7.1273372e-04 3.77e-07 2.05e-04 -11.0 4.69e-03    -  1.00e+00 2.50e-01h  3
1078  7.1252319e-04 3.61e-07 2.60e-04 -11.0 3.05e-03    -  1.00e+00 1.25e-01h  4
1079  7.1179908e-04 2.22e-07 1.71e-04 -11.0 7.01e-04    -  1.00e+00 1.00e+00h  1
iter    objective    inf_pr   inf_du lg(mu)  ||d||  lg(rg) alpha_du alpha_pr  ls
1080  7.1171365e-04 2.06e-07 1.05e-04 -11.0 8.73e-04    -  1.00e+00 2.50e-01h  3
1081  7.1158663e-04 1.64e-08 4.23e-05 -11.0 2.42e-04    -  1.00e+00 1.00e+00h  1
1082  7.1157094e-04 1.99e-08 3.31e-05 -11.0 1.50e-04    -  1.00e+00 1.00e+00h  1
1083  7.1152575e-04 3.82e-09 8.66e-05 -11.0 1.95e-04    -  1.00e+00 1.00e+00h  1
1084  7.1249396e-04 5.14e-10 3.92e-04 -11.0 1.35e-03    -  1.00e+00 1.00e+00H  1
1085  7.1232742e-04 8.19e-10 3.72e-04 -11.0 1.31e-03    -  1.00e+00 6.25e-02h  5
1086  7.1211880e-04 3.06e-09 3.23e-04 -11.0 1.14e-03    -  1.00e+00 6.25e-02h  5
1087  7.1274143e-04 3.84e-10 3.42e-04 -11.0 7.63e-04    -  1.00e+00 1.00e+00H  1
1088  7.1124733e-04 1.12e-07 1.58e-04 -11.0 7.04e-04    -  1.00e+00 1.00e+00h  1
1089  7.1136906e-04 9.11e-08 2.46e-04 -11.0 3.83e-04    -  1.00e+00 1.00e+00h  1
iter    objective    inf_pr   inf_du lg(mu)  ||d||  lg(rg) alpha_du alpha_pr  ls
1090  7.1127641e-04 3.72e-08 2.58e-04 -11.0 2.84e-04    -  1.00e+00 1.00e+00h  1
1091  7.1110052e-04 1.59e-08 4.21e-05 -11.0 1.95e-04    -  1.00e+00 1.00e+00h  1
1092  7.1111356e-04 9.75e-09 1.30e-04 -11.0 7.84e-05    -  1.00e+00 1.00e+00h  1
1093  7.1106879e-04 1.50e-09 1.77e-05 -11.0 5.91e-05    -  1.00e+00 1.00e+00h  1
1094  7.1105434e-04 3.70e-10 2.01e-05 -11.0 7.56e-05    -  1.00e+00 1.00e+00h  1
1095  7.1104988e-04 6.04e-09 1.85e-04 -11.0 6.97e-03    -  1.00e+00 6.25e-02h  5
1096  7.1104141e-04 7.65e-09 3.16e-04 -11.0 2.94e-03    -  1.00e+00 1.25e-01h  4
1097  7.1097279e-04 1.82e-08 1.85e-04 -11.0 2.46e-03    -  1.00e+00 2.50e-01h  3
1098  7.1089050e-04 3.12e-08 1.16e-04 -11.0 9.57e-03    -  1.00e+00 6.25e-02h  5
1099  7.1082523e-04 1.08e-07 1.57e-04 -11.0 9.18e-03    -  1.00e+00 1.25e-01h  4
iter    objective    inf_pr   inf_du lg(mu)  ||d||  lg(rg) alpha_du alpha_pr  ls
1100  7.1066594e-04 2.33e-07 9.95e-05 -11.0 2.28e-02    -  1.00e+00 6.25e-02h  5
1101  7.1061991e-04 2.48e-07 1.93e-04 -11.0 8.38e-02    -  1.00e+00 7.81e-03h  8
1102  7.1058303e-04 2.71e-07 1.08e-04 -11.0 2.61e-02    -  1.00e+00 3.12e-02h  6
1103  7.1056849e-04 2.96e-07 6.13e-05 -11.0 5.63e-02    -  1.00e+00 1.56e-02h  7
1104  7.1055205e-04 2.87e-07 1.15e-04 -11.0 1.81e-02    -  1.00e+00 6.25e-02h  5
1105  7.7318713e-04 2.62e-05 1.54e+01 -11.0 2.62e-02    -  1.00e+00 1.00e+00w  1
1106  9.3486447e-04 1.72e-04 7.00e+00 -11.0 3.22e-02    -  1.00e+00 1.00e+00w  1
1107  3.3709894e-03 2.51e-03 1.23e+02 -11.0 1.53e-01    -  1.00e+00 1.00e+00w  1
1108  7.1041863e-04 3.39e-07 1.46e-04 -11.0 6.99e-02    -  1.00e+00 6.25e-02h  4
1109  7.1034011e-04 3.64e-07 1.22e-04 -11.0 3.18e-02    -  1.00e+00 1.56e-02h  7
iter    objective    inf_pr   inf_du lg(mu)  ||d||  lg(rg) alpha_du alpha_pr  ls
1110  7.0986516e-04 2.26e-06 9.03e-01 -11.0 1.75e-02    -  1.00e+00 2.50e-01h  3
1111  7.0977332e-04 3.15e-06 6.58e-01 -11.0 4.39e-01    -  1.00e+00 7.81e-03h  8
1112  7.0969507e-04 4.61e-06 2.65e+00 -11.0 1.31e-01    -  1.00e+00 3.12e-02h  6
1113  7.0950504e-04 5.23e-06 4.17e+00 -11.0 3.12e-01    -  1.00e+00 7.81e-03h  8
1114  7.0941158e-04 5.61e-06 2.87e+00 -11.0 5.87e-02    -  1.00e+00 3.12e-02h  6
1115  7.0931382e-04 5.48e-06 2.03e+00 -11.0 1.82e-02    -  1.00e+00 3.12e-02h  6
1116  7.1008641e-04 2.39e-06 4.32e-01 -11.0 4.10e-03    -  1.00e+00 1.00e+00h  1
1117  7.0984665e-04 2.58e-06 6.90e-01 -11.0 7.99e-02    -  1.00e+00 1.56e-02h  7
1118  7.0979155e-04 2.52e-06 1.30e+00 -11.0 1.19e-02    -  1.00e+00 3.12e-02h  6
1119  7.0898892e-04 7.34e-07 2.67e-04 -11.0 2.73e-03    -  1.00e+00 1.00e+00h  1
iter    objective    inf_pr   inf_du lg(mu)  ||d||  lg(rg) alpha_du alpha_pr  ls
1120  7.0892238e-04 7.92e-07 1.19e-04 -11.0 3.05e-02    -  1.00e+00 3.12e-02h  6
1121  7.0905062e-04 4.54e-07 1.26e-04 -11.0 1.13e-03    -  1.00e+00 1.00e+00h  1
1122  7.0894179e-04 4.04e-07 3.67e-04 -11.0 4.08e-03    -  1.00e+00 1.25e-01h  4
1123  7.0871497e-04 4.13e-07 9.54e-05 -11.0 1.05e-02    -  1.00e+00 6.25e-02h  5
1124  7.0879976e-04 3.66e-07 1.75e-04 -11.0 3.76e-03    -  1.00e+00 2.50e-01h  3
1125  7.0864413e-04 3.58e-07 1.35e-04 -11.0 2.72e-03    -  1.00e+00 2.50e-01h  3
1126  7.0892507e-04 1.84e-07 2.82e-04 -11.0 5.83e-04    -  1.00e+00 5.00e-01h  2
1127  7.0825570e-04 3.43e-08 4.41e-05 -11.0 4.00e-04    -  1.00e+00 1.00e+00h  1
1128  7.0823307e-04 1.89e-09 9.66e-05 -11.0 7.85e-05    -  1.00e+00 1.00e+00h  1
1129  7.0819437e-04 3.03e-09 5.25e-05 -11.0 1.44e-04    -  1.00e+00 1.00e+00h  1
iter    objective    inf_pr   inf_du lg(mu)  ||d||  lg(rg) alpha_du alpha_pr  ls
1130  7.0817686e-04 3.22e-09 5.61e-05 -11.0 6.46e-04    -  1.00e+00 2.50e-01h  3
1131  7.0814482e-04 2.04e-08 7.42e-05 -11.0 3.62e-04    -  1.00e+00 1.00e+00h  1
1132  7.1239797e-04 1.23e-10 7.42e-04 -11.0 1.86e-03    -  1.00e+00 1.00e+00H  1
1133  7.0818482e-04 2.47e-10 1.21e-04 -11.0 1.53e-03    -  1.00e+00 1.00e+00H  1
1134  7.0808452e-04 8.36e-09 4.96e-05 -11.0 8.96e-04    -  1.00e+00 1.25e-01h  4
1135  7.0803182e-04 1.16e-08 1.98e-05 -11.0 2.03e-04    -  1.00e+00 1.00e+00h  1
1136  7.0804750e-04 3.41e-09 6.57e-05 -11.0 1.90e-04    -  1.00e+00 1.00e+00h  1
1137  7.0805758e-04 8.37e-10 1.04e-04 -11.0 5.25e-04    -  1.00e+00 1.00e+00H  1
1138  7.1130306e-04 1.66e-10 7.47e-04 -11.0 1.06e-03    -  1.00e+00 1.00e+00H  1
1139  7.0793255e-04 2.56e-07 3.31e-05 -11.0 1.29e-03    -  1.00e+00 1.00e+00h  1
iter    objective    inf_pr   inf_du lg(mu)  ||d||  lg(rg) alpha_du alpha_pr  ls
1140  7.0798117e-04 5.72e-08 1.80e-04 -11.0 3.66e-04    -  1.00e+00 1.00e+00h  1
1141  7.0792998e-04 9.23e-08 8.01e-05 -11.0 1.53e-03    -  1.00e+00 2.50e-01h  3
1142  7.0788339e-04 1.11e-07 6.35e-05 -11.0 2.97e-03    -  1.00e+00 2.50e-01h  3
1143  7.0790144e-04 1.30e-07 8.73e-05 -11.0 5.35e-03    -  1.00e+00 6.25e-02h  5
1144  7.0782904e-04 6.03e-08 1.26e-04 -11.0 6.01e-04    -  1.00e+00 1.00e+00h  1
1145  7.0780341e-04 6.21e-08 4.24e-05 -11.0 3.88e-03    -  1.00e+00 6.25e-02h  5
1146  7.0775372e-04 1.88e-08 2.73e-05 -11.0 3.98e-04    -  1.00e+00 1.00e+00h  1
1147  7.0774148e-04 2.52e-08 1.75e-05 -11.0 7.74e-03    -  1.00e+00 3.12e-02h  6
1148  7.0773703e-04 3.07e-08 2.60e-05 -11.0 3.28e-03    -  1.00e+00 6.25e-02h  5
1149  7.0772701e-04 6.91e-08 3.99e-05 -11.0 3.43e-03    -  1.00e+00 1.25e-01h  4
iter    objective    inf_pr   inf_du lg(mu)  ||d||  lg(rg) alpha_du alpha_pr  ls
1150  7.0771504e-04 9.36e-08 2.79e-05 -11.0 9.85e-03    -  1.00e+00 3.12e-02h  6
1151  7.0907794e-04 5.53e-10 5.64e-04 -11.0 3.13e-03    -  1.00e+00 1.00e+00H  1
1152  7.0906849e-04 6.35e-10 5.61e-04 -11.0 1.38e-02    -  1.00e+00 1.95e-03h 10
1153  7.0902972e-04 6.86e-10 5.49e-04 -11.0 3.67e-03    -  1.00e+00 3.91e-03h  9
1154  7.0763371e-04 7.64e-07 7.75e-05 -11.0 1.55e-03    -  1.00e+00 1.00e+00h  1
1155  7.0765448e-04 5.76e-07 1.61e-04 -11.0 5.79e-04    -  1.00e+00 2.50e-01h  3
1156  7.0753222e-04 6.01e-08 5.59e-05 -11.0 6.76e-04    -  1.00e+00 1.00e+00h  1
1157  7.0750971e-04 5.76e-08 4.04e-05 -11.0 3.18e-03    -  1.00e+00 6.25e-02h  5
1158  7.0755691e-04 7.29e-08 1.10e-04 -11.0 5.84e-04    -  1.00e+00 1.00e+00h  1
1159  7.0783139e-04 1.81e-09 1.73e-04 -11.0 2.41e-03    -  1.00e+00 1.00e+00H  1
iter    objective    inf_pr   inf_du lg(mu)  ||d||  lg(rg) alpha_du alpha_pr  ls
1160  7.0771406e-04 2.87e-08 2.16e-04 -11.0 2.19e-02    -  1.00e+00 3.12e-02h  6
1161  7.0748341e-04 4.32e-08 1.61e-04 -11.0 1.91e-02    -  1.00e+00 6.25e-02h  5
1162  7.0737822e-04 6.89e-08 1.62e-04 -11.0 4.58e-02    -  1.00e+00 3.12e-02h  6
1163  7.0721298e-04 1.42e-07 1.89e-04 -11.0 6.58e-02    -  1.00e+00 3.12e-02h  6
1164  7.0703802e-04 1.66e-07 2.85e-04 -11.0 5.56e-02    -  1.00e+00 3.12e-02h  6
1165  7.0675199e-04 9.53e-07 9.14e-01 -11.0 1.78e-01    -  1.00e+00 3.12e-02h  6
1166  7.0668502e-04 9.92e-07 2.27e+00 -11.0 2.80e-01    -  1.00e+00 7.81e-03h  8
1167  7.0642964e-04 1.19e-06 1.33e+00 -11.0 2.13e-01    -  1.00e+00 3.12e-02h  6
1168  7.0619617e-04 2.15e-06 1.39e+00 -11.0 1.16e+00    -  1.00e+00 7.81e-03h  8
1169  7.0605433e-04 2.08e-05 2.64e+00 -11.0 5.02e+00    -  1.00e+00 7.81e-03h  8
iter    objective    inf_pr   inf_du lg(mu)  ||d||  lg(rg) alpha_du alpha_pr  ls
1170  1.6903257e+00 3.02e+03 7.15e+07 -11.0 1.20e+01    -  1.00e+00 1.00e+00w  1
1171  1.1777216e+00 9.63e+02 5.91e+06 -11.0 1.08e+00    -  1.00e+00 1.00e+00w  1
1172  8.4221330e-01 2.69e+02 7.98e+05 -11.0 7.50e-01    -  1.00e+00 1.00e+00w  1
1173  7.0569065e-04 2.13e-05 2.85e+00 -11.0 2.13e+00    -  1.00e+00 4.88e-04h 11
1174  7.0514481e-04 1.57e-05 1.85e+00 -11.0 4.95e-03    -  1.00e+00 2.50e-01h  3
1175  7.0606451e-04 1.17e-05 1.24e+00 -11.0 9.53e-03    -  1.00e+00 2.50e-01h  3
1176  7.0590754e-04 8.63e-06 1.15e+00 -11.0 1.22e-02    -  1.00e+00 2.50e-01h  3
1177  7.0517419e-04 7.89e-06 1.71e+00 -11.0 2.61e-02    -  1.00e+00 1.25e-01h  4
1178  7.0475474e-04 7.82e-06 1.11e+00 -11.0 2.43e-02    -  1.00e+00 3.12e-02h  6
1179  7.0934604e-04 1.12e-06 4.53e+00 -11.0 1.30e-03    -  1.00e+00 1.00e+00h  1
iter    objective    inf_pr   inf_du lg(mu)  ||d||  lg(rg) alpha_du alpha_pr  ls
1180  7.0304747e-04 8.27e-07 1.13e+00 -11.0 2.55e-03    -  1.00e+00 1.00e+00h  1
1181  7.0296602e-04 4.16e-07 1.74e+00 -11.0 1.02e-03    -  1.00e+00 5.00e-01h  2
1182  7.0256594e-04 5.19e-08 9.45e-05 -11.0 2.88e-04    -  1.00e+00 1.00e+00h  1
1183  7.0251477e-04 4.48e-09 8.22e-05 -11.0 1.57e-04    -  1.00e+00 1.00e+00h  1
1184  7.0235769e-04 2.68e-08 6.36e-05 -11.0 3.62e-04    -  1.00e+00 1.00e+00h  1
1185  7.0228177e-04 4.99e-08 8.77e-05 -11.0 2.28e-03    -  1.00e+00 1.25e-01h  4
1186  7.0214340e-04 1.32e-07 8.78e-05 -11.0 2.53e-03    -  1.00e+00 2.50e-01h  3
1187  7.0207322e-04 2.34e-07 1.06e-04 -11.0 1.34e-02    -  1.00e+00 6.25e-02h  5
1188  7.0198609e-04 2.08e-07 1.15e-04 -11.0 2.23e-03    -  1.00e+00 1.25e-01h  4
1189  7.0212156e-04 1.13e-07 2.26e-04 -11.0 1.69e-03    -  1.00e+00 2.50e-01h  3
iter    objective    inf_pr   inf_du lg(mu)  ||d||  lg(rg) alpha_du alpha_pr  ls
1190  7.0202095e-04 5.69e-08 2.06e-04 -11.0 5.95e-04    -  1.00e+00 5.00e-01h  2
1191  7.0208568e-04 4.11e-09 3.03e-04 -11.0 5.62e-04    -  1.00e+00 1.00e+00H  1
1192  7.0195456e-04 1.41e-08 1.43e-04 -11.0 3.68e-04    -  1.00e+00 1.00e+00h  1
1193  7.0180926e-04 1.97e-08 1.78e-04 -11.0 3.29e-04    -  1.00e+00 5.00e-01h  2
1194  7.0172497e-04 1.44e-08 5.72e-05 -11.0 2.08e-04    -  1.00e+00 1.00e+00h  1
1195  7.0167202e-04 7.85e-09 4.88e-05 -11.0 1.44e-04    -  1.00e+00 1.00e+00h  1
1196  7.0161688e-04 8.98e-09 5.91e-05 -11.0 1.96e-04    -  1.00e+00 1.00e+00h  1
1197  7.0161592e-04 5.56e-08 2.03e-04 -11.0 1.18e-03    -  1.00e+00 5.00e-01h  2
1198  7.0158721e-04 1.81e-07 2.85e-04 -11.0 9.52e-04    -  1.00e+00 5.00e-01h  2
1199  7.0152812e-04 1.62e-07 1.03e-04 -11.0 1.90e-03    -  1.00e+00 2.50e-01h  3
iter    objective    inf_pr   inf_du lg(mu)  ||d||  lg(rg) alpha_du alpha_pr  ls
1200  7.0776764e-04 5.26e-10 9.81e-04 -11.0 2.30e-03    -  1.00e+00 1.00e+00H  1
1201  7.0692774e-04 1.66e-09 9.00e-04 -11.0 9.01e-04    -  1.00e+00 6.25e-02h  5
1202  7.0145943e-04 6.23e-08 1.14e-04 -11.0 6.44e-04    -  1.00e+00 1.00e+00h  1
1203  7.0139757e-04 1.92e-08 1.51e-04 -11.0 2.83e-04    -  1.00e+00 1.00e+00h  1
1204  7.0123142e-04 1.11e-08 5.13e-05 -11.0 1.33e-04    -  1.00e+00 1.00e+00h  1
1205  7.0121095e-04 2.43e-10 2.59e-05 -11.0 4.09e-05    -  1.00e+00 1.00e+00h  1
1206  7.0120048e-04 3.28e-10 2.95e-05 -11.0 3.56e-05    -  1.00e+00 1.00e+00h  1
1207  7.0116569e-04 1.93e-08 7.45e-05 -11.0 1.15e-03    -  1.00e+00 2.50e-01h  3
1208  7.0116309e-04 1.49e-07 1.89e-04 -11.0 1.49e-03    -  1.00e+00 5.00e-01h  2
1209  7.0337451e-04 9.13e-11 6.72e-04 -11.0 1.51e-03    -  1.00e+00 1.00e+00H  1
iter    objective    inf_pr   inf_du lg(mu)  ||d||  lg(rg) alpha_du alpha_pr  ls
1210  7.0112813e-04 3.91e-07 1.33e-04 -11.0 1.17e-03    -  1.00e+00 1.00e+00h  1
1211  7.0108002e-04 2.08e-07 1.09e-04 -11.0 3.93e-04    -  1.00e+00 5.00e-01h  2
1212  7.0105046e-04 9.03e-09 6.23e-05 -11.0 1.95e-04    -  1.00e+00 1.00e+00h  1
1213  7.0101770e-04 6.27e-09 1.34e-05 -11.0 1.24e-04    -  1.00e+00 1.00e+00h  1
1214  7.0101116e-04 1.18e-09 2.11e-05 -11.0 6.89e-05    -  1.00e+00 1.00e+00h  1
1215  7.0095983e-04 1.33e-07 9.98e-05 -11.0 9.10e-04    -  1.00e+00 1.00e+00h  1
1216  7.0087874e-04 3.20e-07 1.63e-04 -11.0 2.17e-02    -  1.00e+00 6.25e-02h  5
1217  7.0071664e-04 1.36e-06 7.60e-01 -11.0 1.16e-01    -  1.00e+00 3.12e-02h  6
1218  7.0066224e-04 1.35e-06 8.52e-01 -11.0 3.76e-02    -  1.00e+00 1.56e-02h  7
1219  7.0064298e-04 1.62e-06 1.38e+00 -11.0 1.52e-02    -  1.00e+00 1.25e-01h  4
iter    objective    inf_pr   inf_du lg(mu)  ||d||  lg(rg) alpha_du alpha_pr  ls
1220  6.9980990e-04 9.31e-06 2.55e+00 -11.0 3.41e-01    -  1.00e+00 3.12e-02h  6
1221  6.9962068e-04 1.01e-05 3.43e+00 -11.0 2.60e+00    -  1.00e+00 1.95e-03h 10
1222  6.9974167e-04 9.54e-06 3.31e+00 -11.0 2.39e-02    -  1.00e+00 6.25e-02h  5
1223  6.9931199e-04 8.49e-06 2.19e+00 -11.0 1.17e-02    -  1.00e+00 2.50e-01h  3
1224  6.9937601e-04 8.03e-06 1.83e+00 -11.0 1.13e-02    -  1.00e+00 6.25e-02h  5
1225  6.9864449e-04 7.31e-07 1.23e-04 -11.0 2.64e-03    -  1.00e+00 1.00e+00h  1
1226  6.9869710e-04 6.38e-07 1.01e-04 -11.0 8.81e-03    -  1.00e+00 6.25e-02h  5
1227  6.9881027e-04 1.22e-07 1.25e-04 -11.0 3.45e-04    -  1.00e+00 1.00e+00h  1
1228  6.9870978e-04 2.31e-07 1.62e-04 -11.0 8.33e-04    -  1.00e+00 1.00e+00h  1
1229  6.9864597e-04 1.94e-07 1.20e-04 -11.0 1.50e-03    -  1.00e+00 2.50e-01h  3
iter    objective    inf_pr   inf_du lg(mu)  ||d||  lg(rg) alpha_du alpha_pr  ls
1230  6.9858154e-04 1.52e-07 2.20e-04 -11.0 1.20e-03    -  1.00e+00 5.00e-01h  2
1231  6.9841281e-04 1.16e-07 1.83e-04 -11.0 2.15e-03    -  1.00e+00 2.50e-01h  3
1232  6.9859830e-04 3.27e-08 3.43e-04 -11.0 3.52e-04    -  1.00e+00 1.00e+00h  1
1233  6.9818495e-04 6.87e-08 5.10e-05 -11.0 4.04e-04    -  1.00e+00 1.00e+00h  1
1234  6.9817717e-04 3.56e-08 1.61e-04 -11.0 2.88e-04    -  1.00e+00 1.00e+00h  1
1235  6.9803009e-04 1.55e-07 1.67e-04 -11.0 1.87e-03    -  1.00e+00 5.00e-01h  2
1236  6.9799310e-04 2.27e-07 1.40e-04 -11.0 1.21e-02    -  1.00e+00 6.25e-02h  5
1237  6.9794942e-04 1.75e-07 1.65e-04 -11.0 4.87e-03    -  1.00e+00 1.25e-01h  4
1238  6.9788792e-04 1.53e-07 2.48e-04 -11.0 3.61e-03    -  1.00e+00 1.25e-01h  4
1239  6.9914206e-04 6.59e-09 3.78e-04 -11.0 6.16e-04    -  1.00e+00 1.00e+00H  1
iter    objective    inf_pr   inf_du lg(mu)  ||d||  lg(rg) alpha_du alpha_pr  ls
1240  6.9788278e-04 1.12e-07 2.80e-04 -11.0 6.93e-04    -  1.00e+00 1.00e+00h  1
1241  6.9769964e-04 5.25e-08 1.21e-04 -11.0 9.52e-04    -  1.00e+00 5.00e-01h  2
1242  6.9783035e-04 8.65e-09 1.89e-04 -11.0 2.96e-04    -  1.00e+00 1.00e+00h  1
1243  6.9759698e-04 1.33e-08 7.29e-05 -11.0 5.20e-04    -  1.00e+00 1.00e+00h  1
1244  6.9934196e-04 1.44e-09 7.38e-04 -11.0 7.97e-04    -  1.00e+00 1.00e+00H  1
1245  6.9756215e-04 3.94e-08 3.18e-05 -11.0 6.76e-04    -  1.00e+00 1.00e+00h  1
1246  6.9755135e-04 6.43e-09 4.02e-05 -11.0 1.70e-04    -  1.00e+00 1.00e+00h  1
1247  6.9754281e-04 1.30e-09 3.32e-05 -11.0 8.02e-05    -  1.00e+00 1.00e+00h  1
1248  6.9752175e-04 4.90e-09 2.85e-05 -11.0 1.20e-04    -  1.00e+00 1.00e+00h  1
1249  6.9753746e-04 5.62e-11 8.96e-05 -11.0 3.33e-04    -  1.00e+00 1.00e+00H  1
iter    objective    inf_pr   inf_du lg(mu)  ||d||  lg(rg) alpha_du alpha_pr  ls
1250  6.9759963e-04 3.16e-11 1.70e-04 -11.0 1.17e-03    -  1.00e+00 1.00e+00H  1
1251  6.9759461e-04 5.20e-11 1.69e-04 -11.0 1.16e-02    -  1.00e+00 1.95e-03h 10
1252  6.9759198e-04 5.96e-11 1.69e-04 -11.0 4.23e-03    -  1.00e+00 1.95e-03h 10
1253  6.9743172e-04 1.57e-07 1.37e-04 -11.0 1.40e-03    -  1.00e+00 1.00e+00h  1
1254  6.9741296e-04 1.80e-07 1.90e-04 -11.0 2.50e-03    -  1.00e+00 1.25e-01h  4
1255  6.9834816e-04 1.44e-11 5.07e-04 -11.0 8.97e-04    -  1.00e+00 1.00e+00H  1
1256  6.9741660e-04 1.79e-08 1.12e-04 -11.0 1.48e-03    -  1.00e+00 1.00e+00H  1
1257  6.9730445e-04 2.09e-08 8.47e-05 -11.0 3.07e-03    -  1.00e+00 6.25e-02h  5
1258  6.9724894e-04 3.76e-09 3.25e-05 -11.0 2.21e-04    -  1.00e+00 1.00e+00h  1
1259  6.9722946e-04 4.19e-07 5.35e-05 -11.0 6.12e-04    -  1.00e+00 1.00e+00h  1
iter    objective    inf_pr   inf_du lg(mu)  ||d||  lg(rg) alpha_du alpha_pr  ls
1260  6.9721953e-04 4.35e-07 1.02e-04 -11.0 3.44e-03    -  1.00e+00 6.25e-02h  5
1261  6.9717757e-04 3.84e-07 5.60e-05 -11.0 1.10e-03    -  1.00e+00 2.50e-01h  3
1262  6.9721095e-04 2.84e-07 1.01e-04 -11.0 2.04e-03    -  1.00e+00 2.50e-01h  3
1263  6.9717642e-04 4.29e-07 1.47e-04 -11.0 1.84e-03    -  1.00e+00 1.00e+00h  1
1264  6.9708595e-04 4.31e-07 1.23e-04 -11.0 1.87e-02    -  1.00e+00 3.12e-02h  6
1265  6.9707766e-04 3.98e-07 2.00e-04 -11.0 5.31e-03    -  1.00e+00 1.25e-01h  4
1266  6.9694963e-04 3.59e-07 1.40e-04 -11.0 8.80e-03    -  1.00e+00 1.25e-01h  4
1267  6.9694951e-04 3.83e-07 1.28e-04 -11.0 7.64e-03    -  1.00e+00 6.25e-02h  5
1268  6.9722857e-04 3.20e-08 4.86e-04 -11.0 1.72e-03    -  1.00e+00 1.00e+00H  1
1269  6.9688797e-04 2.38e-07 4.19e-04 -11.0 3.53e-02    -  1.00e+00 1.25e-01h  4
iter    objective    inf_pr   inf_du lg(mu)  ||d||  lg(rg) alpha_du alpha_pr  ls
1270  6.9660078e-04 3.18e-07 2.37e-01 -11.0 2.00e-01    -  1.00e+00 1.56e-02h  7
1271  6.9655923e-04 5.94e-07 9.24e-01 -11.0 1.07e-01    -  1.00e+00 6.25e-02h  5
1272  6.9592555e-04 1.18e-06 1.69e+00 -11.0 2.53e+00    -  1.00e+00 3.91e-03h  9
1273  6.9575919e-04 1.43e-06 1.84e+00 -11.0 3.17e+00    -  1.00e+00 1.95e-03h 10
1274  6.9543040e-04 7.61e-06 2.09e+00 -11.0 5.48e+00    -  1.00e+00 3.91e-03h  9
1275  6.9570831e-04 7.69e-06 1.92e+00 -11.0 3.89e-01    -  1.00e+00 1.95e-03h 10
1276  6.9511264e-04 3.88e-06 1.26e+00 -11.0 7.93e-03    -  1.00e+00 5.00e-01h  2
1277  6.9541772e-04 3.67e-06 1.13e+00 -11.0 8.75e-02    -  1.00e+00 6.25e-02h  5
1278  6.9573656e-04 3.04e-06 4.98e-01 -11.0 2.63e-02    -  1.00e+00 1.25e-01h  4
1279  6.9726003e-04 2.39e-05 2.35e+00 -11.0 5.71e-02    -  1.00e+00 1.00e+00w  1
iter    objective    inf_pr   inf_du lg(mu)  ||d||  lg(rg) alpha_du alpha_pr  ls
1280  6.0178142e-01 1.32e+03 1.69e+08 -11.0 1.13e+01    -  1.00e+00 1.00e+00w  1
1281  5.0850260e-01 4.16e+02 5.26e+06 -11.0 1.01e+00    -  1.00e+00 1.00e+00w  1
1282  6.9383998e-04 7.46e-06 1.15e+00 -11.0 7.48e-01    -  1.00e+00 5.00e-01h  1
1283  6.9309095e-04 1.15e-06 2.96e-04 -11.0 1.94e-03    -  1.00e+00 1.00e+00h  1
1284  6.9443410e-04 1.03e-06 4.74e-04 -11.0 4.11e-03    -  1.00e+00 2.50e-01h  3
1285  6.9201266e-04 3.48e-08 6.92e-05 -11.0 6.28e-04    -  1.00e+00 1.00e+00h  1
1286  6.9192851e-04 4.88e-08 6.24e-05 -11.0 8.92e-04    -  1.00e+00 1.00e+00h  1
1287  6.9184956e-04 2.56e-07 1.31e-04 -11.0 1.33e-02    -  1.00e+00 1.25e-01h  4
1288  6.9163043e-04 1.78e-06 8.00e-01 -11.0 5.90e-02    -  1.00e+00 1.25e-01h  4
1289  6.9148866e-04 2.01e-06 1.06e+00 -11.0 7.18e-01    -  1.00e+00 3.91e-03h  9
iter    objective    inf_pr   inf_du lg(mu)  ||d||  lg(rg) alpha_du alpha_pr  ls
1290  6.9148281e-04 1.89e-06 6.15e-01 -11.0 4.35e-02    -  1.00e+00 6.25e-02h  5
1291  6.9148031e-04 1.99e-06 9.31e-01 -11.0 5.20e-02    -  1.00e+00 6.25e-02h  5
1292  6.9122393e-04 2.05e-06 1.20e+00 -11.0 1.41e-01    -  1.00e+00 3.12e-02h  6
1293  6.9117711e-04 3.89e-06 1.30e+00 -11.0 2.45e-01    -  1.00e+00 3.12e-02h  6
1294  6.9088558e-04 4.43e-06 1.43e+00 -11.0 4.62e-01    -  1.00e+00 7.81e-03h  8
1295  6.9047080e-04 4.38e-06 1.34e+00 -11.0 4.48e-02    -  1.00e+00 3.12e-02h  6
1296  6.8972921e-04 4.01e-06 1.21e+00 -11.0 1.59e-02    -  1.00e+00 1.25e-01h  4
1297  8.5208265e-04 6.61e-05 3.97e+00 -11.0 1.56e-02    -  1.00e+00 1.00e+00w  1
1298  7.0488119e-04 4.38e-05 2.15e+01 -11.0 1.15e-02    -  1.00e+00 1.00e+00w  1
1299  1.1447100e-03 1.41e-04 1.17e+01 -11.0 1.66e-02    -  1.00e+00 1.00e+00w  1
iter    objective    inf_pr   inf_du lg(mu)  ||d||  lg(rg) alpha_du alpha_pr  ls
1300  6.8941117e-04 3.78e-06 9.69e-01 -11.0 1.08e-02    -  1.00e+00 6.25e-02h  4
1301  6.8877063e-04 7.54e-08 1.63e-04 -11.0 6.00e-04    -  1.00e+00 1.00e+00h  1
1302  6.8858179e-04 7.32e-08 1.03e-04 -11.0 3.73e-03    -  1.00e+00 1.25e-01h  4
1303  6.8842858e-04 4.87e-08 7.47e-05 -11.0 6.85e-04    -  1.00e+00 1.00e+00h  1
1304  6.8943666e-04 1.24e-08 3.65e-04 -11.0 1.08e-03    -  1.00e+00 1.00e+00H  1
1305  6.8833962e-04 4.98e-08 2.03e-05 -11.0 7.46e-04    -  1.00e+00 1.00e+00h  1
1306  6.8834860e-04 9.46e-10 2.44e-05 -11.0 8.50e-05    -  1.00e+00 1.00e+00h  1
1307  6.8848662e-04 6.13e-11 1.31e-04 -11.0 1.01e-03    -  1.00e+00 1.00e+00H  1
1308  6.8943897e-04 1.07e-11 7.39e-04 -11.0 1.45e-03    -  1.00e+00 1.00e+00H  1
1309  6.8940182e-04 7.05e-11 7.29e-04 -11.0 2.39e-03    -  1.00e+00 7.81e-03h  8
iter    objective    inf_pr   inf_du lg(mu)  ||d||  lg(rg) alpha_du alpha_pr  ls
1310  6.8938053e-04 7.36e-11 7.22e-04 -11.0 1.77e-03    -  1.00e+00 3.91e-03h  9
1311  6.8796811e-04 1.48e-07 2.92e-04 -11.0 1.88e-03    -  1.00e+00 5.00e-01h  2
1312  6.8866244e-04 1.86e-11 2.81e-04 -11.0 2.24e-03    -  1.00e+00 1.00e+00H  1
1313  6.8829571e-04 5.94e-09 4.23e-04 -11.0 3.40e-03    -  1.00e+00 1.25e-01h  4
1314  6.8788571e-04 2.12e-08 2.74e-04 -11.0 1.01e-03    -  1.00e+00 2.50e-01h  3
1315  6.8740481e-04 5.08e-08 8.86e-05 -11.0 8.21e-04    -  1.00e+00 1.00e+00h  1
1316  6.8737645e-04 3.78e-08 1.48e-04 -11.0 1.48e-03    -  1.00e+00 2.50e-01h  3
1317  6.8725705e-04 4.91e-07 1.98e-04 -11.0 6.71e-03    -  1.00e+00 5.00e-01h  2
1318  6.8686168e-04 2.61e-06 5.58e-01 -11.0 1.55e-01    -  1.00e+00 3.12e-02h  6
1319  6.8682980e-04 3.06e-06 9.29e-01 -11.0 3.84e-01    -  1.00e+00 7.81e-03h  8
iter    objective    inf_pr   inf_du lg(mu)  ||d||  lg(rg) alpha_du alpha_pr  ls
1320  6.8678057e-04 7.48e-06 7.98e-01 -11.0 1.54e-01    -  1.00e+00 6.25e-02h  5
1321  6.8661225e-04 8.47e-06 1.29e+00 -11.0 5.22e-01    -  1.00e+00 7.81e-03h  8
1322  6.8640239e-04 8.59e-06 1.47e+00 -11.0 2.74e-01    -  1.00e+00 7.81e-03h  8
1323  6.8627888e-04 8.82e-06 1.19e+00 -11.0 2.08e-01    -  1.00e+00 1.56e-02h  7
1324  6.8612137e-04 8.90e-06 7.53e-01 -11.0 7.49e-02    -  1.00e+00 3.12e-02h  6
1325  6.8573961e-04 8.75e-06 4.98e-01 -11.0 3.87e-02    -  1.00e+00 6.25e-02h  5
1326  1.3504653e-03 5.34e-05 1.57e+01 -11.0 3.51e-02    -  1.00e+00 1.00e+00w  1
1327  7.4825469e-04 5.42e-05 8.13e+00 -11.0 1.38e-02    -  1.00e+00 1.00e+00w  1
1328  9.6598866e-04 4.33e-05 2.03e+01 -11.0 3.44e-02    -  1.00e+00 1.00e+00w  1
1329  6.8580614e-04 8.53e-06 5.11e-01 -11.0 1.14e-01    -  1.00e+00 3.12e-02h  5
iter    objective    inf_pr   inf_du lg(mu)  ||d||  lg(rg) alpha_du alpha_pr  ls
1330  6.8593578e-04 4.48e-06 1.33e+00 -11.0 3.02e-03    -  1.00e+00 5.00e-01h  2
1331  6.8576233e-04 4.85e-06 2.37e+00 -11.0 1.21e-02    -  1.00e+00 2.50e-01h  3
1332  6.8650692e-04 4.63e-06 1.43e+00 -11.0 7.75e-03    -  1.00e+00 1.25e-01h  4
1333  6.8489060e-04 3.30e-06 4.99e-01 -11.0 2.98e-03    -  1.00e+00 1.00e+00h  1
1334  6.8567710e-04 3.65e-06 1.54e+00 -11.0 9.81e-03    -  1.00e+00 1.25e-01h  4
1335  6.8475514e-04 6.11e-07 2.47e-05 -11.0 1.26e-03    -  1.00e+00 1.00e+00h  1
1336  6.8485782e-04 3.85e-08 1.50e-04 -11.0 3.59e-04    -  1.00e+00 1.00e+00h  1
1337  6.8453011e-04 1.70e-07 1.24e-04 -11.0 5.79e-04    -  1.00e+00 1.00e+00h  1
1338  6.8439878e-04 1.94e-07 1.45e-04 -11.0 5.00e-03    -  1.00e+00 6.25e-02h  5
1339  6.8430690e-04 3.17e-07 1.73e-04 -11.0 4.36e-03    -  1.00e+00 2.50e-01h  3
iter    objective    inf_pr   inf_du lg(mu)  ||d||  lg(rg) alpha_du alpha_pr  ls
1340  6.8424174e-04 3.88e-07 2.00e-04 -11.0 4.83e-03    -  1.00e+00 2.50e-01h  3
1341  6.8420121e-04 1.06e-06 1.95e-04 -11.0 1.21e-02    -  1.00e+00 1.25e-01h  4
1342  6.8403623e-04 1.87e-06 6.50e-01 -11.0 2.33e-02    -  1.00e+00 6.25e-02h  5
1343  6.8387957e-04 4.62e-06 8.55e-01 -11.0 3.89e-02    -  1.00e+00 6.25e-02h  5
1344  6.8389037e-04 4.49e-06 8.70e-01 -11.0 1.01e-02    -  1.00e+00 3.12e-02h  6
1345  6.8349436e-04 2.40e-06 2.33e-01 -11.0 2.39e-03    -  1.00e+00 1.00e+00h  1
1346  6.8346692e-04 2.43e-06 1.97e-01 -11.0 2.45e-02    -  1.00e+00 1.56e-02h  7
1347  6.8357463e-04 2.28e-06 2.77e-01 -11.0 5.67e-03    -  1.00e+00 1.25e-01h  4
1348  6.8420154e-04 8.72e-09 2.80e-04 -11.0 3.42e-04    -  1.00e+00 1.00e+00h  1
1349  6.8342467e-04 3.59e-07 4.16e-05 -11.0 1.15e-03    -  1.00e+00 1.00e+00h  1
iter    objective    inf_pr   inf_du lg(mu)  ||d||  lg(rg) alpha_du alpha_pr  ls
1350  6.8810081e-04 1.06e-08 9.23e-04 -11.0 5.19e-04    -  1.00e+00 1.00e+00H  1
1351  6.8341964e-04 1.03e-07 1.22e-05 -11.0 5.16e-04    -  1.00e+00 1.00e+00h  1
1352  6.8341362e-04 2.06e-10 1.17e-05 -11.0 1.54e-05    -  1.00e+00 1.00e+00h  1
1353  6.8340561e-04 3.65e-09 1.26e-05 -11.0 7.29e-05    -  1.00e+00 1.00e+00h  1
1354  6.8339321e-04 5.58e-08 4.27e-05 -11.0 1.05e-02    -  1.00e+00 3.12e-02h  6
1355  6.8336795e-04 1.50e-07 4.63e-05 -11.0 9.26e-03    -  1.00e+00 6.25e-02h  5
1356  6.8336408e-04 3.45e-07 6.60e-05 -11.0 4.11e-02    -  1.00e+00 1.56e-02h  7
1357  6.8800016e-04 2.00e-10 1.03e-03 -11.0 1.89e-03    -  1.00e+00 1.00e+00H  1
1358  6.8334361e-04 5.25e-07 1.29e-04 -11.0 1.59e-03    -  1.00e+00 1.00e+00h  1
1359  6.8331681e-04 4.23e-07 8.95e-05 -11.0 8.60e-04    -  1.00e+00 2.50e-01h  3
iter    objective    inf_pr   inf_du lg(mu)  ||d||  lg(rg) alpha_du alpha_pr  ls
1360  6.8326397e-04 1.58e-08 3.07e-05 -11.0 3.78e-04    -  1.00e+00 1.00e+00h  1
1361  6.8813009e-04 1.45e-10 6.57e-04 -11.0 2.60e-03    -  1.00e+00 1.00e+00H  1
1362  6.8325007e-04 1.92e-06 5.03e-01 -11.0 2.41e-03    -  1.00e+00 1.00e+00h  1
1363  6.8322152e-04 1.68e-06 4.44e-01 -11.0 7.71e-04    -  1.00e+00 1.25e-01h  4
1364  6.8319840e-04 4.77e-09 2.96e-05 -11.0 2.35e-04    -  1.00e+00 1.00e+00h  1
1365  6.8324927e-04 9.72e-10 2.45e-04 -11.0 1.54e-03    -  1.00e+00 1.00e+00H  1
1366  6.8311822e-04 1.91e-06 1.34e-01 -11.0 7.32e-02    -  1.00e+00 6.25e-02h  5
1367  6.8308748e-04 1.93e-06 2.76e-01 -11.0 9.39e-02    -  1.00e+00 7.81e-03h  8
1368  6.8301933e-04 2.26e-06 6.79e-01 -11.0 2.51e-02    -  1.00e+00 1.25e-01h  4
1369  6.8295431e-04 2.35e-06 8.23e-01 -11.0 3.53e-01    -  1.00e+00 3.91e-03h  9
iter    objective    inf_pr   inf_du lg(mu)  ||d||  lg(rg) alpha_du alpha_pr  ls
1370  6.8286348e-04 2.61e-06 1.26e+00 -11.0 1.85e-01    -  1.00e+00 1.56e-02h  7
1371  6.8283421e-04 2.62e-06 1.51e+00 -11.0 1.76e-01    -  1.00e+00 7.81e-03h  8
1372  6.8277767e-04 2.76e-06 1.52e+00 -11.0 1.69e-01    -  1.00e+00 7.81e-03h  8
1373  6.8270065e-04 3.08e-06 1.57e+00 -11.0 5.27e-02    -  1.00e+00 3.12e-02h  6
1374  6.8268957e-04 3.08e-06 1.02e+00 -11.0 2.12e-02    -  1.00e+00 1.56e-02h  7
1375  6.8257104e-04 1.58e-06 1.15e-01 -11.0 1.89e-03    -  1.00e+00 5.00e-01h  2
1376  6.8792168e-04 1.97e-06 2.56e+00 -11.0 4.27e-03    -  1.00e+00 1.00e+00w  1
1377  7.0947292e-04 3.22e-06 3.91e+00 -11.0 5.12e-03    -  1.00e+00 1.00e+00w  1
1378  6.9374132e-04 4.91e-06 2.22e+00 -11.0 6.45e-03    -  1.00e+00 1.00e+00w  1
1379  6.8259993e-04 1.30e-06 1.42e-04 -11.0 8.03e-03    -  1.00e+00 2.50e-01h  2
iter    objective    inf_pr   inf_du lg(mu)  ||d||  lg(rg) alpha_du alpha_pr  ls
1380  6.8261494e-04 9.81e-07 1.86e-04 -11.0 4.00e-03    -  1.00e+00 2.50e-01h  3
1381  6.8287640e-04 5.41e-07 2.91e-04 -11.0 3.53e-03    -  1.00e+00 5.00e-01h  2
1382  6.8301852e-04 2.76e-07 4.62e-04 -11.0 6.91e-04    -  1.00e+00 5.00e-01h  2
1383  6.8205039e-04 9.08e-08 4.38e-05 -11.0 4.40e-04    -  1.00e+00 1.00e+00h  1
1384  6.8199175e-04 1.90e-08 7.24e-05 -11.0 9.47e-04    -  1.00e+00 1.00e+00h  1
1385  6.8194917e-04 1.14e-07 1.32e-04 -11.0 5.00e-02    -  1.00e+00 6.25e-02h  5
1386  6.8178436e-04 1.18e-07 1.23e-04 -11.0 1.29e-01    -  1.00e+00 1.56e-02h  7
1387  6.8142568e-04 1.78e-06 4.16e-01 -11.0 2.27e-01    -  1.00e+00 6.25e-02h  5
1388  6.8114817e-04 1.85e-06 1.04e+00 -11.0 2.01e+00    -  1.00e+00 1.95e-03h 10
1389  6.8112146e-04 1.84e-06 5.81e-01 -11.0 1.48e-01    -  1.00e+00 7.81e-03h  8
iter    objective    inf_pr   inf_du lg(mu)  ||d||  lg(rg) alpha_du alpha_pr  ls
1390  6.8104542e-04 1.80e-05 8.36e+00 -11.0 7.66e-01    -  1.00e+00 6.25e-02h  5
1391  6.8091806e-04 1.80e-05 6.91e+00 -11.0 2.36e+00    -  1.00e+00 9.77e-04h 11
1392  6.7980585e-04 2.93e-05 3.66e+00 -11.0 3.62e-01    -  1.00e+00 1.25e-01h  4
1393  6.7931022e-04 2.96e-05 3.39e+00 -11.0 4.05e+00    -  1.00e+00 1.95e-03h 10
1394  6.7930175e-04 3.07e-05 2.29e+00 -11.0 1.41e+00    -  1.00e+00 7.81e-03h  8
1395  4.1298833e-03 5.46e-03 2.87e+01 -11.0 8.36e-01    -  1.00e+00 1.00e+00w  1
1396  2.4435245e-02 1.84e-02 3.82e+03 -11.0 1.13e+00    -  1.00e+00 1.00e+00w  1
1397  2.2315076e+00 4.61e-01 1.37e+05 -11.0 3.32e+00    -  1.00e+00 1.00e+00w  1
1398  6.7922475e-04 3.16e-05 3.42e+00 -11.0 1.23e+00    -  1.00e+00 1.56e-02h  6
1399  6.7998763e-04 1.74e-06 1.15e+01 -11.0 2.99e-03    -  1.00e+00 1.00e+00h  1
iter    objective    inf_pr   inf_du lg(mu)  ||d||  lg(rg) alpha_du alpha_pr  ls
1400  6.7922017e-04 1.55e-06 5.46e+00 -11.0 2.22e-03    -  1.00e+00 5.00e-01h  2
1401  6.7647124e-04 5.15e-07 7.22e-04 -11.0 1.30e-03    -  1.00e+00 1.00e+00h  1
1402  6.7548014e-04 4.21e-07 5.29e-04 -11.0 2.51e-03    -  1.00e+00 5.00e-01h  2
1403  6.7500685e-04 4.38e-07 6.33e+00 -11.0 2.23e-03    -  1.00e+00 2.50e-01h  3
1404  6.7484048e-04 3.33e-07 2.44e-04 -11.0 1.37e-03    -  1.00e+00 2.50e-01h  3
1405  6.7490888e-04 6.27e-07 3.18e-04 -11.0 1.03e-03    -  1.00e+00 1.00e+00h  1
1406  6.7479565e-04 4.92e-07 3.38e-04 -11.0 1.95e-03    -  1.00e+00 2.50e-01h  3
1407  6.7385577e-04 3.90e-07 3.22e-04 -11.0 1.04e-03    -  1.00e+00 1.00e+00h  1
1408  6.7343551e-04 6.91e-07 2.05e-04 -11.0 2.87e-03    -  1.00e+00 2.50e-01h  3
1409  6.7825749e-04 1.91e-07 6.21e-04 -11.0 2.58e-03    -  1.00e+00 1.00e+00H  1
iter    objective    inf_pr   inf_du lg(mu)  ||d||  lg(rg) alpha_du alpha_pr  ls
1410  6.7564182e-04 1.82e-07 5.84e-04 -11.0 3.10e-03    -  1.00e+00 2.50e-01h  3
1411  6.7378514e-04 6.33e-07 4.81e-04 -11.0 7.71e-04    -  1.00e+00 1.00e+00h  1
1412  6.7277878e-04 1.76e-07 4.23e-04 -11.0 6.85e-04    -  1.00e+00 1.00e+00h  1
1413  6.7258801e-04 2.78e-07 3.67e-04 -11.0 1.30e-03    -  1.00e+00 5.00e-01h  2
1414  6.7190082e-04 1.43e-07 2.21e-04 -11.0 5.57e-04    -  1.00e+00 5.00e-01h  2
1415  6.7194353e-04 7.85e-08 3.15e-04 -11.0 5.78e-04    -  1.00e+00 5.00e-01h  2
1416  6.7202682e-04 2.86e-08 1.70e-04 -11.0 2.55e-04    -  1.00e+00 1.00e+00h  1
1417  6.7187217e-04 9.74e-08 2.27e-04 -11.0 4.87e-04    -  1.00e+00 1.00e+00h  1
1418  6.7168223e-04 5.70e-08 1.10e-04 -11.0 5.44e-04    -  1.00e+00 5.00e-01h  2
1419  6.7177731e-04 4.32e-08 1.12e-04 -11.0 1.06e-03    -  1.00e+00 5.00e-01h  2
iter    objective    inf_pr   inf_du lg(mu)  ||d||  lg(rg) alpha_du alpha_pr  ls
1420  6.7191416e-04 3.45e-08 7.98e-05 -11.0 4.91e-04    -  1.00e+00 5.00e-01h  2
1421  6.7213605e-04 8.24e-09 5.66e-05 -11.0 3.35e-04    -  1.00e+00 1.00e+00h  1
1422  6.7213268e-04 1.18e-09 6.14e-05 -11.0 1.12e-04    -  1.00e+00 1.00e+00h  1
1423  6.7207651e-04 1.52e-09 3.90e-05 -11.0 1.79e-04    -  1.00e+00 1.00e+00h  1
1424  6.7190759e-04 3.66e-08 1.70e-04 -11.0 2.00e-03    -  1.00e+00 5.00e-01h  2
1425  6.7174653e-04 5.93e-08 1.34e-04 -11.0 2.69e-02    -  1.00e+00 3.12e-02h  6
1426  6.7155861e-04 2.21e-07 2.23e-04 -11.0 2.04e-02    -  1.00e+00 6.25e-02h  5
1427  6.7148354e-04 2.80e-07 1.93e-04 -11.0 1.16e-02    -  1.00e+00 6.25e-02h  5
1428  6.7136857e-04 3.44e-07 2.13e-04 -11.0 1.64e-02    -  1.00e+00 6.25e-02h  5
1429  6.7124917e-04 8.10e-07 1.96e+00 -11.0 5.36e-02    -  1.00e+00 6.25e-02h  5
iter    objective    inf_pr   inf_du lg(mu)  ||d||  lg(rg) alpha_du alpha_pr  ls
1430  6.7120695e-04 8.28e-07 2.47e+00 -11.0 2.01e-02    -  1.00e+00 3.12e-02h  6
1431  6.7106614e-04 7.11e-07 2.15e+00 -11.0 6.45e-03    -  1.00e+00 2.50e-01h  3
1432  6.7107195e-04 6.53e-07 2.38e-04 -11.0 3.47e-03    -  1.00e+00 2.50e-01h  3
1433  6.7120741e-04 4.68e-07 3.33e-04 -11.0 4.38e-03    -  1.00e+00 5.00e-01h  2
1434  6.8180469e-04 1.83e-06 5.19e+00 -11.0 4.68e-03    -  1.00e+00 1.00e+00w  1
1435  6.7875160e-04 4.62e-06 8.49e+00 -11.0 1.08e-02    -  1.00e+00 1.00e+00w  1
1436  8.6697078e-04 5.52e-05 9.86e+02 -11.0 1.16e-02    -  1.00e+00 1.00e+00w  1
1437  6.7102956e-04 4.56e-07 3.50e-04 -11.0 1.19e-02    -  1.00e+00 2.50e-01h  2
1438  6.7080840e-04 9.10e-07 1.25e+01 -11.0 9.46e-03    -  1.00e+00 5.00e-01h  2
1439  6.7049549e-04 1.02e-06 1.48e+01 -11.0 1.51e-02    -  1.00e+00 6.25e-02h  5
iter    objective    inf_pr   inf_du lg(mu)  ||d||  lg(rg) alpha_du alpha_pr  ls
1440  6.7092329e-04 8.85e-07 1.17e+01 -11.0 3.86e-03    -  1.00e+00 2.50e-01h  3
1441  6.7023831e-04 7.80e-08 1.87e-04 -11.0 8.00e-04    -  1.00e+00 1.00e+00h  1
1442  6.7065482e-04 3.62e-08 2.90e-04 -11.0 3.45e-04    -  1.00e+00 1.00e+00h  1
1443  6.6984685e-04 2.80e-08 1.68e-04 -11.0 2.81e-04    -  1.00e+00 1.00e+00h  1
1444  6.6969408e-04 1.11e-08 3.92e-05 -11.0 1.85e-04    -  1.00e+00 1.00e+00h  1
1445  6.6961691e-04 9.11e-09 6.70e-05 -11.0 2.15e-04    -  1.00e+00 1.00e+00h  1
1446  6.6957989e-04 2.69e-08 1.96e-04 -11.0 9.72e-04    -  1.00e+00 5.00e-01h  2
1447  6.6951406e-04 1.51e-08 7.88e-05 -11.0 1.70e-04    -  1.00e+00 5.00e-01h  2
1448  6.6952940e-04 8.54e-09 5.82e-05 -11.0 2.26e-04    -  1.00e+00 1.00e+00h  1
1449  6.6971482e-04 3.82e-09 1.74e-04 -11.0 3.46e-04    -  1.00e+00 1.00e+00H  1
iter    objective    inf_pr   inf_du lg(mu)  ||d||  lg(rg) alpha_du alpha_pr  ls
1450  6.6947654e-04 2.58e-08 3.91e-05 -11.0 2.14e-04    -  1.00e+00 1.00e+00h  1
1451  6.6952004e-04 2.47e-09 4.34e-05 -11.0 7.20e-05    -  1.00e+00 1.00e+00h  1
1452  6.6949467e-04 1.53e-09 2.03e-05 -11.0 9.01e-05    -  1.00e+00 1.00e+00h  1
1453  6.6949181e-04 2.41e-10 2.73e-05 -11.0 5.14e-05    -  1.00e+00 1.00e+00h  1
1454  6.6947912e-04 2.03e-09 4.43e-05 -11.0 2.06e-04    -  1.00e+00 1.00e+00h  1
1455  6.6943673e-04 2.47e-08 5.16e-05 -11.0 2.47e-03    -  1.00e+00 2.50e-01h  3
1456  6.6937940e-04 7.73e-08 7.78e-05 -11.0 7.27e-03    -  1.00e+00 1.25e-01h  4
1457  6.6934640e-04 8.24e-08 6.31e-05 -11.0 1.08e-02    -  1.00e+00 3.12e-02h  6
1458  6.6930346e-04 1.28e-07 9.65e-05 -11.0 3.23e-03    -  1.00e+00 2.50e-01h  3
1459  6.6921622e-04 4.04e-07 1.28e-04 -11.0 1.47e-02    -  1.00e+00 1.25e-01h  4
iter    objective    inf_pr   inf_du lg(mu)  ||d||  lg(rg) alpha_du alpha_pr  ls
1460  6.6914519e-04 4.37e-07 8.52e-05 -11.0 4.73e-02    -  1.00e+00 1.56e-02h  7
1461  6.6911758e-04 3.60e-07 1.71e-04 -11.0 1.33e-02    -  1.00e+00 1.25e-01h  4
1462  6.6896950e-04 5.60e-07 7.98e-02 -11.0 9.20e-02    -  1.00e+00 3.12e-02h  6
1463  6.6895121e-04 1.53e-06 5.19e-01 -11.0 2.19e-01    -  1.00e+00 3.12e-02h  6
1464  6.6886310e-04 1.81e-06 6.14e-01 -11.0 4.43e-01    -  1.00e+00 7.81e-03h  8
1465  1.8473575e-03 1.98e-03 1.42e+01 -11.0 2.09e-01    -  1.00e+00 1.00e+00w  1
1466  1.0714843e-03 3.01e-04 9.78e+00 -11.0 2.71e-02    -  1.00e+00 1.00e+00w  1
1467  6.5663928e-03 2.34e-04 3.03e+02 -11.0 1.87e-02    -  1.00e+00 1.00e+00w  1
1468  6.6861213e-04 2.15e-06 6.73e-01 -11.0 4.58e-02    -  1.00e+00 1.56e-02h  6
1469  6.6857303e-04 2.07e-06 6.49e-01 -11.0 1.09e-02    -  1.00e+00 6.25e-02h  5
iter    objective    inf_pr   inf_du lg(mu)  ||d||  lg(rg) alpha_du alpha_pr  ls
1470  6.6879262e-04 1.03e-06 4.92e-01 -11.0 6.39e-03    -  1.00e+00 5.00e-01h  2
1471  6.6858417e-04 1.03e-06 6.15e-01 -11.0 4.25e-02    -  1.00e+00 3.12e-02h  6
1472  6.6868295e-04 8.67e-07 6.71e-01 -11.0 6.27e-03    -  1.00e+00 2.50e-01h  3
1473  6.6829270e-04 7.92e-07 8.23e-01 -11.0 9.99e-03    -  1.00e+00 1.25e-01h  4
1474  6.6911977e-04 1.21e-07 4.02e-04 -11.0 6.66e-03    -  1.00e+00 1.00e+00H  1
1475  6.6891718e-04 2.65e-07 4.77e-04 -11.0 1.28e-01    -  1.00e+00 1.56e-02h  7
1476  6.6880120e-04 2.63e-07 3.98e-04 -11.0 8.01e-03    -  1.00e+00 3.12e-02h  6
1477  6.6812711e-04 6.84e-07 5.10e-01 -11.0 5.15e-03    -  1.00e+00 1.00e+00h  1
1478  6.6799046e-04 9.25e-07 4.03e-01 -11.0 1.01e-01    -  1.00e+00 3.12e-02h  6
1479  6.6809282e-04 9.18e-07 8.07e-01 -11.0 2.44e-02    -  1.00e+00 3.12e-02h  6
iter    objective    inf_pr   inf_du lg(mu)  ||d||  lg(rg) alpha_du alpha_pr  ls
1480  6.6787339e-04 3.98e-07 1.51e-01 -11.0 3.75e-03    -  1.00e+00 1.00e+00h  1
1481  6.6784264e-04 4.41e-07 5.34e-01 -11.0 5.70e-02    -  1.00e+00 3.12e-02h  6
1482  6.6787214e-04 3.76e-07 6.74e-01 -11.0 4.42e-03    -  1.00e+00 2.50e-01h  3
1483  6.6741507e-04 9.40e-07 2.51e-01 -11.0 1.25e-02    -  1.00e+00 2.50e-01h  3
1484  6.6737194e-04 9.41e-07 1.34e-01 -11.0 4.56e-02    -  1.00e+00 7.81e-03h  8
1485  6.6737381e-04 2.31e-08 1.11e-04 -11.0 2.66e-04    -  1.00e+00 1.00e+00h  1
1486  6.6743718e-04 1.46e-10 1.65e-04 -11.0 1.03e-03    -  1.00e+00 1.00e+00H  1
1487  6.6849639e-04 9.58e-11 3.00e-04 -11.0 8.74e-04    -  1.00e+00 1.00e+00H  1
1488  6.6762153e-04 6.17e-11 1.94e-04 -11.0 1.09e-03    -  1.00e+00 1.00e+00H  1
1489  6.6736393e-04 3.08e-08 1.20e-04 -11.0 1.92e-03    -  1.00e+00 2.50e-01h  3
iter    objective    inf_pr   inf_du lg(mu)  ||d||  lg(rg) alpha_du alpha_pr  ls
1490  6.6735798e-04 1.46e-08 1.94e-04 -11.0 2.26e-04    -  1.00e+00 1.00e+00h  1
1491  6.6720126e-04 1.59e-08 3.46e-05 -11.0 1.89e-04    -  1.00e+00 1.00e+00h  1
1492  6.6721751e-04 5.75e-09 1.02e-04 -11.0 1.52e-04    -  1.00e+00 1.00e+00h  1
1493  6.6718112e-04 1.43e-09 2.83e-05 -11.0 6.37e-05    -  1.00e+00 1.00e+00h  1
1494  6.6716931e-04 6.25e-10 1.17e-05 -11.0 5.02e-05    -  1.00e+00 1.00e+00h  1
1495  6.6715699e-04 1.01e-09 1.15e-05 -11.0 9.40e-05    -  1.00e+00 1.00e+00h  1
1496  6.7653746e-04 3.56e-12 9.50e-04 -11.0 7.58e-03    -  1.00e+00 1.00e+00H  1
1497  6.7638045e-04 6.21e-11 9.42e-04 -11.0 4.70e-03    -  1.00e+00 7.81e-03h  8
1498  6.7630867e-04 7.26e-11 9.42e-04 -11.0 8.61e-03    -  1.00e+00 1.95e-03h 10
1499  6.7620127e-04 7.45e-11 9.38e-04 -11.0 1.71e-03    -  1.00e+00 3.91e-03h  9
iter    objective    inf_pr   inf_du lg(mu)  ||d||  lg(rg) alpha_du alpha_pr  ls
1500  6.7611073e-04 9.27e-11 9.30e-04 -11.0 4.65e-03    -  1.00e+00 3.91e-03h  9
1501  6.7258900e-04 1.31e-07 1.32e-03 -11.0 6.20e-03    -  1.00e+00 2.50e-01f  3
1502  6.7180687e-04 2.46e-07 8.91e-04 -11.0 5.43e-03    -  1.00e+00 2.50e-01h  3
1503  6.7110802e-04 6.92e-07 1.74e+01 -11.0 8.75e-03    -  1.00e+00 2.50e-01h  3
1504  6.7144023e-04 1.14e-06 2.67e+01 -11.0 2.45e-03    -  1.00e+00 1.00e+00h  1
1505  6.7044196e-04 2.74e-07 5.98e-04 -11.0 1.36e-03    -  1.00e+00 1.00e+00h  1
1506  6.6842850e-04 2.93e-07 3.36e-04 -11.0 1.04e-03    -  1.00e+00 1.00e+00h  1
1507  6.6769904e-04 8.76e-09 4.36e-04 -11.0 2.58e-04    -  1.00e+00 1.00e+00h  1
1508  6.6656631e-04 1.06e-07 1.45e-04 -11.0 9.20e-04    -  1.00e+00 1.00e+00h  1
1509  6.6639769e-04 6.17e-08 1.64e-04 -11.0 6.95e-04    -  1.00e+00 1.00e+00h  1
iter    objective    inf_pr   inf_du lg(mu)  ||d||  lg(rg) alpha_du alpha_pr  ls
1510  6.6634063e-04 1.17e-08 2.73e-04 -11.0 5.89e-04    -  1.00e+00 1.00e+00h  1
1511  6.6625877e-04 1.37e-08 1.88e-04 -11.0 2.48e-04    -  1.00e+00 1.00e+00h  1
1512  6.6616267e-04 8.41e-09 1.95e-05 -11.0 1.37e-04    -  1.00e+00 1.00e+00h  1
1513  6.6615657e-04 9.71e-11 1.32e-05 -11.0 3.10e-05    -  1.00e+00 1.00e+00h  1
1514  6.6615101e-04 2.02e-09 1.81e-05 -11.0 1.26e-04    -  1.00e+00 1.00e+00h  1
1515  6.6613084e-04 1.00e-08 3.45e-05 -11.0 2.02e-04    -  1.00e+00 1.00e+00h  1
1516  6.6643317e-04 5.29e-11 2.60e-04 -11.0 1.37e-03    -  1.00e+00 1.00e+00H  1
1517  6.6641618e-04 6.43e-11 2.57e-04 -11.0 1.31e-03    -  1.00e+00 1.56e-02h  7
1518  6.6609267e-04 1.36e-07 8.45e-05 -11.0 3.97e-04    -  1.00e+00 1.00e+00h  1
1519  6.6586561e-04 1.34e-07 8.14e-05 -11.0 6.91e-04    -  1.00e+00 1.00e+00h  1
iter    objective    inf_pr   inf_du lg(mu)  ||d||  lg(rg) alpha_du alpha_pr  ls
1520  6.6582628e-04 1.46e-07 6.14e-05 -11.0 5.05e-03    -  1.00e+00 6.25e-02h  5
1521  6.6589159e-04 1.53e-08 1.77e-04 -11.0 3.22e-03    -  1.00e+00 1.00e+00H  1
1522  6.6578101e-04 2.16e-07 1.63e-04 -11.0 9.54e-02    -  1.00e+00 1.56e-02h  7
1523  6.6558620e-04 2.02e-06 3.15e-01 -11.0 2.84e-01    -  1.00e+00 1.56e-02h  7
1524  6.6556669e-04 2.01e-06 4.02e-01 -11.0 8.53e-02    -  1.00e+00 7.81e-03h  8
1525  6.6549316e-04 1.52e-06 1.31e-04 -11.0 5.25e-03    -  1.00e+00 2.50e-01h  3
1526  6.6546289e-04 1.50e-06 8.04e-05 -11.0 7.00e-03    -  1.00e+00 3.12e-02h  6
1527  6.6551161e-04 1.96e-07 2.79e-04 -11.0 1.96e-03    -  1.00e+00 1.00e+00h  1
1528  6.6540427e-04 7.58e-07 1.64e-04 -11.0 7.63e-02    -  1.00e+00 3.12e-02h  6
1529  6.6540004e-04 8.98e-07 1.55e-04 -11.0 6.59e-02    -  1.00e+00 1.56e-02h  7
iter    objective    inf_pr   inf_du lg(mu)  ||d||  lg(rg) alpha_du alpha_pr  ls
1530  6.6535080e-04 8.51e-07 1.06e-04 -11.0 1.18e-02    -  1.00e+00 1.25e-01h  4
1531  6.6534554e-04 1.65e-06 1.78e-01 -11.0 1.18e-01    -  1.00e+00 6.25e-02h  5
1532  6.6526724e-04 2.19e-06 4.30e-01 -11.0 3.63e-01    -  1.00e+00 1.56e-02h  7
1533  6.6517033e-04 2.19e-06 5.10e-01 -11.0 3.60e-01    -  1.00e+00 3.91e-03h  9
1534  6.6497909e-04 1.99e-06 4.54e-01 -11.0 4.33e-02    -  1.00e+00 1.25e-01h  4
1535  6.6486842e-04 1.97e-06 4.82e-01 -11.0 2.47e-01    -  1.00e+00 3.91e-03h  9
1536  6.6509453e-04 2.03e-06 1.10e+00 -11.0 3.39e-02    -  1.00e+00 1.25e-01h  4
1537  6.6494829e-04 2.26e-06 1.57e+00 -11.0 1.20e-01    -  1.00e+00 3.12e-02h  6
1538  2.5560849e-03 9.56e-04 1.50e+01 -11.0 5.59e-02    -  1.00e+00 1.00e+00w  1
1539  7.2539982e-04 4.09e-04 2.33e+01 -11.0 2.60e-02    -  1.00e+00 1.00e+00w  1
iter    objective    inf_pr   inf_du lg(mu)  ||d||  lg(rg) alpha_du alpha_pr  ls
1540  7.4689327e-04 4.40e-05 2.04e+02 -11.0 2.69e-02    -  1.00e+00 1.00e+00w  1
1541  6.6483253e-04 2.26e-06 1.59e+00 -11.0 1.07e-01    -  1.00e+00 7.81e-03h  7
1542  6.6468790e-04 2.53e-06 1.18e+00 -11.0 2.70e-02    -  1.00e+00 6.25e-02h  5
1543  6.6534157e-04 2.36e-06 1.04e+00 -11.0 4.78e-03    -  1.00e+00 1.25e-01h  4
1544  6.6369680e-04 2.09e-07 9.36e-05 -11.0 1.04e-03    -  1.00e+00 1.00e+00h  1
1545  6.6358673e-04 2.37e-07 1.29e-04 -11.0 1.99e-03    -  1.00e+00 2.50e-01h  3
1546  6.6329295e-04 3.01e-07 1.46e-04 -11.0 1.34e-03    -  1.00e+00 1.00e+00h  1
1547  6.6320466e-04 4.39e-07 1.89e-04 -11.0 3.10e-02    -  1.00e+00 6.25e-02h  5
1548  6.6317753e-04 4.42e-07 1.56e-04 -11.0 1.30e-02    -  1.00e+00 6.25e-02h  5
1549  6.6296739e-04 4.17e-07 2.24e-04 -11.0 7.84e-03    -  1.00e+00 2.50e-01h  3
iter    objective    inf_pr   inf_du lg(mu)  ||d||  lg(rg) alpha_du alpha_pr  ls
1550  6.6282344e-04 8.46e-07 2.05e-04 -11.0 5.33e-02    -  1.00e+00 6.25e-02h  5
1551  6.6266768e-04 8.88e-07 1.27e-04 -11.0 7.54e-02    -  1.00e+00 1.56e-02h  7
1552  6.6249096e-04 2.12e-06 4.18e-01 -11.0 4.73e-02    -  1.00e+00 1.25e-01h  4
1553  6.6233693e-04 3.51e-06 9.64e-01 -11.0 3.58e-01    -  1.00e+00 1.56e-02h  7
1554  6.6215838e-04 6.49e-06 1.60e+00 -11.0 5.39e-01    -  1.00e+00 1.56e-02h  7
1555  6.6188975e-04 6.63e-06 1.58e+00 -11.0 2.56e-01    -  1.00e+00 1.56e-02h  7
1556  6.6160881e-04 6.96e-06 1.64e+00 -11.0 6.95e-01    -  1.00e+00 7.81e-03h  8
1557  1.6578119e-03 1.66e-03 2.90e+02 -11.0 2.40e-01    -  1.00e+00 1.00e+00w  1
1558  1.0035166e-02 1.40e-03 3.08e+02 -11.0 1.10e-01    -  1.00e+00 1.00e+00w  1
1559  2.4417850e-03 3.20e-03 1.97e+03 -11.0 1.18e-01    -  1.00e+00 1.00e+00w  1
iter    objective    inf_pr   inf_du lg(mu)  ||d||  lg(rg) alpha_du alpha_pr  ls
1560  6.6121397e-04 8.68e-06 1.33e+00 -11.0 1.12e+00    -  1.00e+00 3.12e-02h  5
1561  6.6114652e-04 8.56e-06 1.10e+00 -11.0 5.17e-02    -  1.00e+00 1.56e-02h  7
1562  6.6081785e-04 6.73e-06 3.64e+00 -11.0 1.68e-02    -  1.00e+00 5.00e-01h  2
1563  6.6065885e-04 7.11e-06 2.70e+00 -11.0 2.81e-01    -  1.00e+00 1.56e-02h  7
1564  6.6057614e-04 6.90e-06 2.67e+00 -11.0 2.03e-02    -  1.00e+00 3.12e-02h  6
1565  6.5980748e-04 1.20e-06 2.05e+00 -11.0 7.45e-03    -  1.00e+00 1.00e+00h  1
1566  6.5959105e-04 1.29e-06 2.09e+00 -11.0 3.51e-01    -  1.00e+00 7.81e-03h  8
1567  6.6013217e-04 1.21e-06 2.04e+00 -11.0 8.44e-03    -  1.00e+00 6.25e-02h  5
1568  6.5956115e-04 9.63e-08 1.82e-04 -11.0 1.99e-03    -  1.00e+00 1.00e+00h  1
1569  6.5952963e-04 9.27e-08 1.07e-04 -11.0 6.26e-03    -  1.00e+00 6.25e-02h  5
iter    objective    inf_pr   inf_du lg(mu)  ||d||  lg(rg) alpha_du alpha_pr  ls
1570  6.5963226e-04 1.78e-08 1.99e-04 -11.0 6.25e-04    -  1.00e+00 1.00e+00h  1
1571  6.5937263e-04 4.65e-08 1.39e-04 -11.0 9.55e-04    -  1.00e+00 1.00e+00h  1
1572  6.5979183e-04 3.55e-09 4.10e-04 -11.0 2.70e-03    -  1.00e+00 1.00e+00H  1
1573  6.5968969e-04 3.46e-09 3.74e-04 -11.0 3.31e-03    -  1.00e+00 1.56e-02h  7
1574  6.5914382e-04 6.38e-09 1.02e-04 -11.0 5.94e-04    -  1.00e+00 1.00e+00h  1
1575  6.6028993e-04 8.16e-09 4.77e-04 -11.0 1.80e-03    -  1.00e+00 1.00e+00H  1
1576  6.5897095e-04 2.56e-07 1.62e-04 -11.0 2.08e-03    -  1.00e+00 1.00e+00h  1
1577  6.5876704e-04 2.50e-07 1.22e-04 -11.0 1.14e-02    -  1.00e+00 6.25e-02h  5
1578  6.5863656e-04 1.29e-07 1.30e-04 -11.0 8.20e-03    -  1.00e+00 5.00e-01h  2
1579  6.5850706e-04 5.24e-07 1.91e-04 -11.0 1.38e-01    -  1.00e+00 3.12e-02h  6
iter    objective    inf_pr   inf_du lg(mu)  ||d||  lg(rg) alpha_du alpha_pr  ls
1580  6.5822826e-04 1.38e-05 1.43e+00 -11.0 1.50e+00    -  1.00e+00 1.56e-02h  7
1581  6.5790227e-04 1.54e-05 5.56e-01 -11.0 8.39e+00    -  1.00e+00 9.77e-04h 11
1582  6.5772723e-04 4.28e-05 1.14e+00 -11.0 4.38e+00    -  1.00e+00 7.81e-03h  8
1583  6.5615389e-04 1.02e-04 2.11e+00 -11.0 5.46e+01    -  1.00e+00 9.77e-04h 11
1584  6.5590833e-04 1.04e-04 2.31e+00 -11.0 2.21e+01    -  1.00e+00 4.88e-04h 12
1585  6.5546473e-04 1.08e-04 2.62e+00 -11.0 2.16e+00    -  1.00e+00 7.81e-03h  8
1586  6.5515209e-04 1.08e-04 2.76e+00 -11.0 7.73e+00    -  1.00e+00 9.77e-04h 11
1587  2.1780061e-02 3.82e-02 2.82e+04 -11.0 4.63e+00    -  1.00e+00 1.00e+00w  1
1588  3.7139732e-01 1.57e+00 4.90e+04 -11.0 1.10e+00    -  1.00e+00 1.00e+00w  1
1589  1.1274900e+01 2.56e+00 1.44e+06 -11.0 5.77e+00    -  1.00e+00 1.00e+00w  1
iter    objective    inf_pr   inf_du lg(mu)  ||d||  lg(rg) alpha_du alpha_pr  ls
1590  6.5456135e-04 1.21e-04 3.42e+00 -11.0 1.45e+00    -  1.00e+00 7.81e-03h  7
1591  6.5409653e-04 1.17e-04 3.19e+00 -11.0 3.33e-02    -  1.00e+00 3.12e-02h  6
1592  6.5438256e-04 5.87e-05 1.51e+00 -11.0 1.68e-03    -  1.00e+00 5.00e-01h  2
1593  6.5240636e-04 1.26e-07 2.56e-04 -11.0 7.94e-04    -  1.00e+00 1.00e+00h  1
1594  6.5422689e-04 1.08e-07 1.01e-03 -11.0 1.00e-03    -  1.00e+00 1.00e+00H  1
1595  6.5149992e-04 3.00e-07 9.13e-05 -11.0 8.40e-04    -  1.00e+00 1.00e+00h  1
1596  6.5093909e-04 2.08e-07 1.51e-04 -11.0 5.19e-04    -  1.00e+00 1.00e+00h  1
1597  6.4956312e-04 1.04e-05 3.30e+00 -11.0 3.50e-02    -  1.00e+00 1.25e-01h  4
1598  6.4860409e-04 1.68e-05 5.36e+00 -11.0 1.93e-01    -  1.00e+00 1.56e-02h  7
1599  6.4774230e-04 2.01e-05 6.82e+00 -11.0 5.38e-02    -  1.00e+00 3.12e-02h  6
iter    objective    inf_pr   inf_du lg(mu)  ||d||  lg(rg) alpha_du alpha_pr  ls
1600  6.4692472e-04 3.22e-05 8.83e+00 -11.0 4.41e-02    -  1.00e+00 6.25e-02h  5
1601  6.4726936e-04 3.00e-05 8.39e+00 -11.0 1.93e-02    -  1.00e+00 1.25e-01h  4
1602  6.4661640e-04 2.77e-05 7.87e+00 -11.0 9.95e-03    -  1.00e+00 1.25e-01h  4
1603  6.4752319e-04 1.29e-05 1.86e+01 -11.0 4.06e-03    -  1.00e+00 5.00e-01h  2
1604  6.4649052e-04 1.35e-05 2.79e+01 -11.0 1.59e-02    -  1.00e+00 1.25e-01h  4
1605  6.4595596e-04 1.39e-05 2.65e+01 -11.0 1.65e-02    -  1.00e+00 6.25e-02h  5
1606  6.4707677e-04 7.09e-06 1.31e+01 -11.0 3.52e-03    -  1.00e+00 5.00e-01h  2
1607  6.5500537e-04 3.45e-06 1.36e+01 -11.0 2.71e-03    -  1.00e+00 1.00e+00w  1
1608  6.4294504e-04 6.27e-07 2.20e+00 -11.0 1.89e-03    -  1.00e+00 1.00e+00h  1
1609  6.4640614e-04 7.18e-07 5.93e-04 -11.0 1.03e-03    -  1.00e+00 1.00e+00h  1
iter    objective    inf_pr   inf_du lg(mu)  ||d||  lg(rg) alpha_du alpha_pr  ls
1610  6.4498300e-04 9.42e-07 4.94e-04 -11.0 1.59e-03    -  1.00e+00 1.00e+00h  1
1611  6.4682478e-04 5.04e-07 9.80e-04 -11.0 1.52e-03    -  1.00e+00 5.00e-01h  2
1612  6.4276941e-04 1.06e-07 1.72e-04 -11.0 6.27e-04    -  1.00e+00 1.00e+00h  1
1613  6.4260670e-04 1.34e-08 1.72e-04 -11.0 3.07e-04    -  1.00e+00 1.00e+00h  1
1614  6.4246577e-04 1.71e-08 1.40e-04 -11.0 1.81e-04    -  1.00e+00 1.00e+00h  1
1615  6.4237530e-04 2.96e-09 9.51e-05 -11.0 1.00e-04    -  1.00e+00 1.00e+00h  1
1616  6.4232413e-04 2.19e-09 3.70e-05 -11.0 6.29e-05    -  1.00e+00 1.00e+00h  1
1617  6.4231030e-04 4.78e-10 2.77e-05 -11.0 3.53e-05    -  1.00e+00 1.00e+00h  1
1618  6.4230303e-04 4.48e-08 1.87e-04 -11.0 3.34e-04    -  1.00e+00 1.00e+00h  1
1619  6.4227628e-04 4.15e-08 6.24e-05 -11.0 6.52e-04    -  1.00e+00 5.00e-01h  2
iter    objective    inf_pr   inf_du lg(mu)  ||d||  lg(rg) alpha_du alpha_pr  ls
1620  6.4222410e-04 3.93e-08 4.58e-05 -11.0 1.91e-04    -  1.00e+00 1.00e+00h  1
1621  6.4232923e-04 1.68e-11 1.05e-04 -11.0 2.64e-04    -  1.00e+00 1.00e+00H  1
1622  6.4216416e-04 1.30e-08 2.66e-05 -11.0 2.16e-04    -  1.00e+00 1.00e+00h  1
1623  6.4215396e-04 9.92e-09 5.16e-05 -11.0 1.82e-04    -  1.00e+00 1.00e+00h  1
1624  6.4206712e-04 2.29e-08 5.10e-05 -11.0 3.29e-04    -  1.00e+00 1.00e+00h  1
1625  6.4205196e-04 3.09e-07 2.08e-04 -11.0 1.86e-02    -  1.00e+00 6.25e-02h  5
1626  6.4201985e-04 4.15e-07 1.56e-04 -11.0 6.02e-03    -  1.00e+00 1.25e-01h  4
1627  6.4186330e-04 7.11e-07 1.39e-04 -11.0 9.47e-03    -  1.00e+00 1.25e-01h  4
1628  6.4185307e-04 8.25e-07 2.22e-04 -11.0 1.42e-02    -  1.00e+00 6.25e-02h  5
1629  6.4178219e-04 1.14e-06 2.27e-04 -11.0 7.04e-03    -  1.00e+00 2.50e-01h  3
iter    objective    inf_pr   inf_du lg(mu)  ||d||  lg(rg) alpha_du alpha_pr  ls
1630  6.4161562e-04 7.44e-06 3.25e+00 -11.0 8.91e-02    -  1.00e+00 6.25e-02h  5
1631  6.4155506e-04 7.84e-06 4.29e+00 -11.0 1.83e-01    -  1.00e+00 7.81e-03h  8
1632  6.4152687e-04 8.08e-06 7.04e+00 -11.0 2.23e-02    -  1.00e+00 1.25e-01h  4
1633  6.4146825e-04 9.03e-06 1.22e+01 -11.0 1.21e-01    -  1.00e+00 3.12e-02h  6
1634  6.4124121e-04 8.89e-06 1.22e+01 -11.0 6.35e-02    -  1.00e+00 1.56e-02h  7
1635  6.8777470e-04 3.54e-05 2.14e+01 -11.0 1.12e-02    -  1.00e+00 1.00e+00w  1
1636  7.2704438e-04 1.41e-04 1.55e+01 -11.0 3.06e-02    -  1.00e+00 1.00e+00w  1
1637  1.4948693e-02 9.10e-03 4.23e+02 -11.0 2.31e-01    -  1.00e+00 1.00e+00w  1
1638  6.4085576e-04 7.66e-06 1.50e+01 -11.0 9.45e-02    -  1.00e+00 1.25e-01h  3
1639  6.4046191e-04 7.82e-06 1.30e+01 -11.0 2.46e-02    -  1.00e+00 6.25e-02h  5
iter    objective    inf_pr   inf_du lg(mu)  ||d||  lg(rg) alpha_du alpha_pr  ls
1640  6.4027681e-04 8.05e-06 1.32e+01 -11.0 4.52e-02    -  1.00e+00 3.12e-02h  6
1641  6.4061174e-04 7.03e-06 1.01e+01 -11.0 9.07e-03    -  1.00e+00 1.25e-01h  4
1642  6.4139205e-04 1.04e-06 1.45e+00 -11.0 2.40e-03    -  1.00e+00 1.00e+00h  1
1643  6.4102821e-04 9.46e-07 4.38e-04 -11.0 1.17e-02    -  1.00e+00 6.25e-02h  5
1644  6.4095092e-04 1.47e-06 2.16e+00 -11.0 7.66e-03    -  1.00e+00 5.00e-01h  2
1645  6.4075944e-04 1.38e-06 2.18e+00 -11.0 2.93e-03    -  1.00e+00 6.25e-02h  5
1646  6.4004502e-04 2.38e-06 1.51e+00 -11.0 5.61e-03    -  1.00e+00 1.00e+00h  1
1647  6.4015170e-04 2.34e-06 5.86e+00 -11.0 1.38e-02    -  1.00e+00 3.12e-02h  6
1648  6.4044537e-04 1.72e-06 1.02e+01 -11.0 1.84e-03    -  1.00e+00 2.50e-01h  3
1649  6.3976686e-04 8.85e-08 1.18e-04 -11.0 1.13e-03    -  1.00e+00 1.00e+00h  1
iter    objective    inf_pr   inf_du lg(mu)  ||d||  lg(rg) alpha_du alpha_pr  ls
1650  6.3972478e-04 3.41e-07 8.79e-05 -11.0 9.72e-03    -  1.00e+00 1.25e-01h  4
1651  6.3970487e-04 3.28e-07 8.43e-05 -11.0 3.06e-03    -  1.00e+00 6.25e-02h  5
1652  6.3965802e-04 3.19e-07 5.24e-05 -11.0 3.06e-03    -  1.00e+00 1.25e-01h  4
1653  6.3964231e-04 3.50e-07 1.21e-04 -11.0 2.13e-03    -  1.00e+00 2.50e-01h  3
1654  6.3963274e-04 3.45e-07 6.82e-05 -11.0 3.96e-03    -  1.00e+00 1.56e-02h  7
1655  6.3962184e-04 6.12e-09 9.37e-05 -11.0 1.67e-04    -  1.00e+00 1.00e+00h  1
1656  6.3958306e-04 1.99e-08 6.65e-05 -11.0 3.39e-04    -  1.00e+00 5.00e-01h  2
1657  6.3957074e-04 1.47e-08 7.14e-05 -11.0 2.68e-04    -  1.00e+00 5.00e-01h  2
1658  6.3958169e-04 8.45e-09 8.25e-05 -11.0 1.53e-04    -  1.00e+00 5.00e-01h  2
1659  6.3961091e-04 3.14e-09 1.80e-04 -11.0 1.55e-04    -  1.00e+00 1.00e+00h  1
iter    objective    inf_pr   inf_du lg(mu)  ||d||  lg(rg) alpha_du alpha_pr  ls
1660  6.3955892e-04 8.99e-09 4.47e-05 -11.0 1.14e-04    -  1.00e+00 1.00e+00h  1
1661  6.3955386e-04 8.52e-09 4.39e-05 -11.0 3.05e-04    -  1.00e+00 2.50e-01h  3
1662  6.3954223e-04 1.40e-08 7.99e-05 -11.0 4.10e-04    -  1.00e+00 1.00e+00h  1
1663  6.4207896e-04 2.27e-09 7.52e-04 -11.0 2.89e-03    -  1.00e+00 1.00e+00H  1
1664  6.4173663e-04 1.96e-09 7.16e-04 -11.0 7.18e-04    -  1.00e+00 6.25e-02h  5
1665  6.4126644e-04 3.54e-09 6.30e-04 -11.0 1.01e-03    -  1.00e+00 6.25e-02h  5
1666  6.3920185e-04 8.81e-07 1.45e-04 -11.0 9.60e-04    -  1.00e+00 1.00e+00h  1
1667  6.3928530e-04 4.77e-07 1.45e-04 -11.0 1.50e-03    -  1.00e+00 5.00e-01h  2
1668  6.3917349e-04 2.45e-07 1.86e-04 -11.0 2.36e-03    -  1.00e+00 5.00e-01h  2
1669  6.3910522e-04 2.88e-07 9.09e-05 -11.0 4.80e-03    -  1.00e+00 2.50e-01h  3
iter    objective    inf_pr   inf_du lg(mu)  ||d||  lg(rg) alpha_du alpha_pr  ls
1670  6.3905350e-04 2.77e-07 9.81e-05 -11.0 4.75e-03    -  1.00e+00 6.25e-02h  5
1671  6.3930340e-04 1.67e-08 2.15e-04 -11.0 4.97e-04    -  1.00e+00 1.00e+00h  1
1672  6.3892314e-04 4.31e-08 1.37e-04 -11.0 2.53e-04    -  1.00e+00 1.00e+00h  1
1673  6.3885373e-04 2.20e-08 1.06e-04 -11.0 6.99e-04    -  1.00e+00 1.00e+00h  1
1674  6.4064775e-04 4.90e-09 5.05e-04 -11.0 6.67e-03    -  1.00e+00 1.00e+00H  1
1675  6.4058639e-04 4.36e-09 4.84e-04 -11.0 4.67e-02    -  1.00e+00 7.81e-03h  8
1676  6.4054695e-04 4.27e-09 4.80e-04 -11.0 3.63e-02    -  1.00e+00 1.95e-03h 10
1677  6.4048171e-04 3.84e-09 4.79e-04 -11.0 5.14e-02    -  1.00e+00 1.95e-03h 10
1678  6.4026800e-04 4.06e-09 4.54e-04 -11.0 8.94e-03    -  1.00e+00 3.12e-02h  6
1679  6.4022538e-04 4.06e-09 4.53e-04 -11.0 1.34e-01    -  1.00e+00 4.88e-04h 12
iter    objective    inf_pr   inf_du lg(mu)  ||d||  lg(rg) alpha_du alpha_pr  ls
1680  6.4009298e-04 2.92e-08 2.88e-04 -11.0 3.90e-02    -  1.00e+00 3.12e-02h  6
1681  6.3999991e-04 1.07e-05 1.43e+00 -11.0 4.39e-02    -  1.00e+00 5.00e-01h  2
1682  6.3970611e-04 1.09e-05 1.56e+00 -11.0 1.73e+00    -  1.00e+00 1.95e-03h 10
1683  6.3896664e-04 1.23e-05 1.75e+00 -11.0 5.41e-01    -  1.00e+00 1.56e-02h  7
1684  6.3879076e-04 1.25e-05 2.33e+00 -11.0 1.31e+00    -  1.00e+00 3.91e-03h  9
1685  3.2325561e-03 3.53e-03 4.60e+02 -11.0 5.43e-01    -  1.00e+00 1.00e+00w  1
1686  2.4974770e-02 9.21e-03 1.78e+04 -11.0 3.22e-01    -  1.00e+00 1.00e+00w  1
1687  8.0690847e-02 2.95e-03 3.84e+03 -11.0 1.79e-01    -  1.00e+00 1.00e+00w  1
1688  6.3837128e-04 1.31e-05 2.53e+00 -11.0 1.02e-01    -  1.00e+00 1.56e-02h  6
1689  6.3929666e-04 1.19e-05 1.88e+00 -11.0 3.65e-02    -  1.00e+00 2.50e-01h  3
iter    objective    inf_pr   inf_du lg(mu)  ||d||  lg(rg) alpha_du alpha_pr  ls
1690  6.3918056e-04 1.19e-05 1.88e+00 -11.0 3.73e-01    -  1.00e+00 3.91e-03h  9
1691  6.3924612e-04 1.19e-05 1.78e+00 -11.0 3.31e-01    -  1.00e+00 3.91e-03h  9
1692  6.3880631e-04 9.73e-06 2.31e+00 -11.0 1.23e-02    -  1.00e+00 2.50e-01h  3
1693  6.3909989e-04 1.01e-05 1.28e+00 -11.0 3.72e-02    -  1.00e+00 1.25e-01h  4
1694  6.3939171e-04 9.73e-06 2.90e+00 -11.0 2.12e-02    -  1.00e+00 6.25e-02h  5
1695  6.3807737e-04 5.47e-06 1.30e+00 -11.0 1.84e-03    -  1.00e+00 5.00e-01h  2
1696  6.3768726e-04 3.49e-06 1.01e+01 -11.0 5.67e-03    -  1.00e+00 5.00e-01h  2
1697  6.3994296e-04 3.03e-06 1.25e+01 -11.0 9.58e-03    -  1.00e+00 1.25e-01h  4
1698  6.3750167e-04 3.58e-07 1.67e-04 -11.0 2.01e-03    -  1.00e+00 1.00e+00h  1
1699  6.3911654e-04 2.31e-07 4.76e-04 -11.0 1.06e-03    -  1.00e+00 5.00e-01h  2
iter    objective    inf_pr   inf_du lg(mu)  ||d||  lg(rg) alpha_du alpha_pr  ls
1700  6.3712268e-04 7.48e-08 2.56e-05 -11.0 4.59e-04    -  1.00e+00 1.00e+00h  1
1701  6.3710352e-04 7.24e-10 2.13e-05 -11.0 1.26e-04    -  1.00e+00 1.00e+00h  1
1702  6.3759566e-04 1.93e-10 1.95e-04 -11.0 1.45e-03    -  1.00e+00 1.00e+00H  1
1703  6.3754320e-04 5.93e-10 1.86e-04 -11.0 4.34e-03    -  1.00e+00 3.12e-02h  6
1704  6.3750318e-04 6.16e-10 1.82e-04 -11.0 1.33e-02    -  1.00e+00 3.91e-03h  9
1705  6.3746986e-04 5.99e-10 1.77e-04 -11.0 1.38e-02    -  1.00e+00 3.91e-03h  9
1706  6.3710027e-04 5.83e-08 1.98e-04 -11.0 5.47e-03    -  1.00e+00 2.50e-01h  3
1707  6.3687786e-04 2.78e-07 2.85e-04 -11.0 2.75e-02    -  1.00e+00 1.25e-01h  4
1708  6.3675796e-04 2.80e-07 1.28e-04 -11.0 4.17e-02    -  1.00e+00 3.12e-02h  6
1709  6.3650162e-04 3.90e-07 1.59e-04 -11.0 6.16e-02    -  1.00e+00 6.25e-02h  5
iter    objective    inf_pr   inf_du lg(mu)  ||d||  lg(rg) alpha_du alpha_pr  ls
1710  6.3646810e-04 5.16e-07 1.82e-04 -11.0 1.86e-01    -  1.00e+00 1.56e-02h  7
1711  6.3621104e-04 9.94e-07 5.55e-01 -11.0 2.05e-01    -  1.00e+00 3.12e-02h  6
1712  6.3618842e-04 1.15e-06 8.27e-01 -11.0 7.52e-01    -  1.00e+00 7.81e-03h  8
1713  4.9344356e-03 1.09e-03 8.71e+02 -11.0 4.26e-01    -  1.00e+00 1.00e+00w  1
1714  8.4169547e-03 1.80e-03 5.00e+02 -11.0 2.11e-01    -  1.00e+00 1.00e+00w  1
1715  2.2408919e-01 3.35e-02 2.87e+04 -11.0 2.07e+00    -  1.00e+00 1.00e+00w  1
1716  6.3599689e-04 1.19e-06 8.73e-01 -11.0 7.56e-01    -  1.00e+00 7.81e-03h  7
1717  6.3511727e-04 1.69e-06 6.87e-01 -11.0 1.07e-01    -  1.00e+00 6.25e-02h  5
1718  6.3402912e-04 1.74e-06 1.11e+00 -11.0 7.46e-01    -  1.00e+00 1.56e-02h  7
1719  6.3316721e-04 1.69e-06 1.24e+00 -11.0 2.19e+00    -  1.00e+00 3.91e-03h  9
iter    objective    inf_pr   inf_du lg(mu)  ||d||  lg(rg) alpha_du alpha_pr  ls
1720  6.3298151e-04 2.84e-06 2.81e+00 -11.0 1.95e+00    -  1.00e+00 7.81e-03h  8
1721  6.3254219e-04 3.31e-06 2.86e+00 -11.0 2.25e+00    -  1.00e+00 3.91e-03h  9
1722  6.3210402e-04 3.58e-06 2.36e+00 -11.0 2.18e+00    -  1.00e+00 3.91e-03h  9
1723  6.3195343e-04 3.62e-06 2.65e+00 -11.0 2.27e+00    -  1.00e+00 1.95e-03h 10
1724  6.3168680e-04 3.56e-06 2.22e+00 -11.0 1.03e-01    -  1.00e+00 1.56e-02h  7
1725  6.3149223e-04 3.33e-06 1.32e+00 -11.0 2.45e-02    -  1.00e+00 6.25e-02h  5
1726  6.9653424e-04 1.28e-05 5.20e+01 -11.0 8.15e-03    -  1.00e+00 1.00e+00w  1
1727  7.0544410e-04 3.67e-06 7.70e+01 -11.0 3.30e-03    -  1.00e+00 1.00e+00w  1
1728  6.3469181e-04 7.19e-06 4.42e+01 -11.0 1.25e-02    -  1.00e+00 1.00e+00w  1
1729  6.3145060e-04 2.99e-06 1.51e+00 -11.0 2.99e-02    -  1.00e+00 1.25e-01h  3
iter    objective    inf_pr   inf_du lg(mu)  ||d||  lg(rg) alpha_du alpha_pr  ls
1730  6.3081360e-04 2.95e-06 1.40e+00 -11.0 9.68e-02    -  1.00e+00 1.56e-02h  7
1731  6.3239484e-04 1.45e-06 4.60e+00 -11.0 2.64e-03    -  1.00e+00 5.00e-01h  2
1732  6.3311573e-04 8.63e-07 2.34e+01 -11.0 6.82e-03    -  1.00e+00 5.00e-01h  2
1733  6.3482915e-04 3.68e-07 7.97e-04 -11.0 2.52e-03    -  1.00e+00 1.00e+00H  1
1734  6.3246518e-04 2.82e-06 4.48e+00 -11.0 4.84e-03    -  1.00e+00 5.00e-01h  2
1735  6.3146336e-04 2.27e-06 3.45e+00 -11.0 1.24e-02    -  1.00e+00 2.50e-01h  3
1736  6.3044395e-04 3.60e-06 3.90e+00 -11.0 2.16e-02    -  1.00e+00 2.50e-01h  3
1737  6.3049962e-04 3.43e-06 3.95e+00 -11.0 2.45e-02    -  1.00e+00 6.25e-02h  5
1738  6.3207217e-04 2.82e-07 5.73e-04 -11.0 1.53e-03    -  1.00e+00 1.00e+00h  1
1739  6.3597475e-04 2.76e-07 7.05e-04 -11.0 8.11e-04    -  1.00e+00 1.00e+00h  1
iter    objective    inf_pr   inf_du lg(mu)  ||d||  lg(rg) alpha_du alpha_pr  ls
1740  6.2920045e-04 3.74e-07 2.47e-04 -11.0 1.33e-03    -  1.00e+00 1.00e+00h  1
1741  6.3041681e-04 2.16e-07 4.38e-04 -11.0 1.35e-03    -  1.00e+00 1.00e+00h  1
1742  6.2924228e-04 1.37e-07 2.20e-04 -11.0 2.07e-03    -  1.00e+00 5.00e-01h  2
1743  6.2877859e-04 3.75e-07 1.70e-04 -11.0 1.39e-02    -  1.00e+00 1.25e-01h  4
1744  6.2874291e-04 3.55e-07 1.22e-04 -11.0 7.38e-03    -  1.00e+00 6.25e-02h  5
1745  6.2878870e-04 1.77e-07 2.04e-04 -11.0 1.43e-03    -  1.00e+00 5.00e-01h  2
1746  6.2860461e-04 1.61e-07 2.18e-04 -11.0 2.79e-03    -  1.00e+00 1.25e-01h  4
1747  6.2834257e-04 8.35e-08 8.01e-05 -11.0 4.66e-04    -  1.00e+00 5.00e-01h  2
1748  6.2828017e-04 6.10e-08 8.33e-05 -11.0 2.70e-03    -  1.00e+00 2.50e-01h  3
1749  6.2815984e-04 6.22e-08 1.14e-04 -11.0 1.12e-02    -  1.00e+00 6.25e-02h  5
iter    objective    inf_pr   inf_du lg(mu)  ||d||  lg(rg) alpha_du alpha_pr  ls
1750  6.2813440e-04 7.38e-08 1.26e-04 -11.0 7.35e-03    -  1.00e+00 1.25e-01h  4
1751  6.2794987e-04 1.17e-07 2.00e-04 -11.0 1.30e-02    -  1.00e+00 1.25e-01h  4
1752  9.0232894e-04 1.93e-04 7.34e+00 -11.0 8.56e-02    -  1.00e+00 1.00e+00w  1
1753  3.1749311e-03 5.46e-03 9.62e+02 -11.0 3.82e-01    -  1.00e+00 1.00e+00w  1
1754  2.1776386e-01 9.56e-02 1.35e+04 -11.0 2.69e+00    -  1.00e+00 1.00e+00w  1
1755  6.2790281e-04 8.65e-07 4.37e-01 -11.0 1.16e+01    -  1.00e+00 6.25e-02h  4
1756  6.2713239e-04 5.41e-06 1.50e+00 -11.0 1.40e+00    -  1.00e+00 7.81e-03h  8
1757  6.2708893e-04 9.71e-09 2.27e-04 -11.0 2.74e-04    -  1.00e+00 1.00e+00h  1
1758  6.2690753e-04 4.31e-09 6.10e-05 -11.0 2.38e-04    -  1.00e+00 1.00e+00h  1
1759  6.2686326e-04 1.40e-09 4.88e-05 -11.0 7.20e-05    -  1.00e+00 1.00e+00h  1
iter    objective    inf_pr   inf_du lg(mu)  ||d||  lg(rg) alpha_du alpha_pr  ls
1760  6.2680639e-04 1.25e-09 4.91e-05 -11.0 8.24e-05    -  1.00e+00 1.00e+00h  1
1761  6.2729761e-04 2.18e-09 3.59e-04 -11.0 1.41e-03    -  1.00e+00 1.00e+00H  1
1762  6.2911873e-04 2.39e-10 6.34e-04 -11.0 1.72e-03    -  1.00e+00 1.00e+00H  1
1763  6.2640348e-04 4.57e-07 1.31e-04 -11.0 1.67e-03    -  1.00e+00 1.00e+00h  1
1764  6.2633202e-04 2.24e-07 9.79e-05 -11.0 4.47e-04    -  1.00e+00 5.00e-01h  2
1765  6.2621121e-04 3.52e-08 5.92e-05 -11.0 4.44e-04    -  1.00e+00 1.00e+00h  1
1766  6.2615218e-04 1.25e-08 1.01e-04 -11.0 7.86e-04    -  1.00e+00 1.00e+00h  1
1767  6.2606671e-04 2.90e-08 1.22e-04 -11.0 3.01e-03    -  1.00e+00 1.25e-01h  4
1768  6.2602535e-04 8.21e-08 1.82e-04 -11.0 1.21e-03    -  1.00e+00 1.00e+00h  1
1769  6.2588564e-04 9.81e-08 1.14e-04 -11.0 4.35e-03    -  1.00e+00 1.25e-01h  4
iter    objective    inf_pr   inf_du lg(mu)  ||d||  lg(rg) alpha_du alpha_pr  ls
1770  6.2583612e-04 9.06e-08 1.58e-04 -11.0 2.56e-03    -  1.00e+00 2.50e-01h  3
1771  6.2562108e-04 1.88e-07 1.20e-04 -11.0 1.44e-03    -  1.00e+00 5.00e-01h  2
1772  6.2558048e-04 2.78e-07 1.14e-04 -11.0 5.03e-03    -  1.00e+00 2.50e-01h  3
1773  6.2546906e-04 2.60e-07 6.90e-05 -11.0 7.52e-03    -  1.00e+00 1.25e-01h  4
1774  6.2544339e-04 2.48e-07 8.76e-05 -11.0 8.58e-03    -  1.00e+00 6.25e-02h  5
1775  6.2535430e-04 3.73e-08 6.55e-05 -11.0 8.06e-04    -  1.00e+00 1.00e+00h  1
1776  6.2531377e-04 3.81e-08 5.87e-05 -11.0 1.40e-03    -  1.00e+00 1.25e-01h  4
1777  6.2540617e-04 1.87e-08 1.48e-04 -11.0 1.94e-04    -  1.00e+00 1.00e+00h  1
1778  6.2522043e-04 6.91e-09 2.79e-05 -11.0 2.98e-04    -  1.00e+00 1.00e+00h  1
1779  6.2530537e-04 2.24e-09 1.06e-04 -11.0 2.56e-04    -  1.00e+00 1.00e+00H  1
iter    objective    inf_pr   inf_du lg(mu)  ||d||  lg(rg) alpha_du alpha_pr  ls
1780  6.2515246e-04 1.27e-08 4.45e-05 -11.0 2.27e-04    -  1.00e+00 1.00e+00h  1
1781  6.2531379e-04 1.60e-09 1.87e-04 -11.0 3.17e-04    -  1.00e+00 1.00e+00H  1
1782  6.2510600e-04 4.24e-09 4.71e-05 -11.0 9.80e-05    -  1.00e+00 1.00e+00h  1
1783  6.2509856e-04 3.39e-09 1.51e-05 -11.0 1.39e-04    -  1.00e+00 1.00e+00h  1
1784  6.2513002e-04 6.53e-10 1.34e-04 -11.0 4.79e-04    -  1.00e+00 1.00e+00H  1
1785  6.2509599e-04 2.99e-08 8.21e-05 -11.0 2.65e-03    -  1.00e+00 1.25e-01h  4
1786  6.2503990e-04 2.27e-07 1.09e-04 -11.0 8.60e-03    -  1.00e+00 1.25e-01h  4
1787  6.2502520e-04 2.30e-07 6.00e-05 -11.0 6.44e-03    -  1.00e+00 3.12e-02h  6
1788  6.2494227e-04 1.03e-07 5.30e-05 -11.0 5.66e-04    -  1.00e+00 1.00e+00h  1
1789  6.2491778e-04 1.19e-07 8.86e-05 -11.0 2.56e-03    -  1.00e+00 1.25e-01h  4
iter    objective    inf_pr   inf_du lg(mu)  ||d||  lg(rg) alpha_du alpha_pr  ls
1790  6.2508705e-04 1.85e-09 1.61e-04 -11.0 7.36e-04    -  1.00e+00 1.00e+00H  1
1791  6.2501902e-04 2.06e-08 1.66e-04 -11.0 5.52e-03    -  1.00e+00 6.25e-02h  5
1792  6.2496068e-04 3.74e-08 1.76e-04 -11.0 4.13e-03    -  1.00e+00 6.25e-02h  5
1793  6.2484511e-04 3.67e-07 1.58e-04 -11.0 2.06e-02    -  1.00e+00 6.25e-02h  5
1794  6.2479672e-04 3.65e-07 1.13e-04 -11.0 7.69e-03    -  1.00e+00 1.56e-02h  7
1795  6.2466501e-04 2.32e-08 1.59e-05 -11.0 3.27e-04    -  1.00e+00 1.00e+00h  1
1796  6.2466652e-04 1.10e-09 6.22e-05 -11.0 7.82e-04    -  1.00e+00 1.00e+00H  1
1797  6.2464648e-04 1.61e-07 3.57e-05 -11.0 5.97e-02    -  1.00e+00 1.56e-02h  7
1798  6.2464560e-04 2.81e-07 1.11e-04 -11.0 2.63e-02    -  1.00e+00 3.12e-02h  6
1799  6.2462133e-04 6.86e-07 9.20e-05 -11.0 2.54e-02    -  1.00e+00 6.25e-02h  5
iter    objective    inf_pr   inf_du lg(mu)  ||d||  lg(rg) alpha_du alpha_pr  ls
1800  6.2457362e-04 9.75e-07 8.53e-05 -11.0 9.44e-02    -  1.00e+00 1.56e-02h  7
1801  6.2452721e-04 1.04e-06 9.97e-05 -11.0 7.52e-02    -  1.00e+00 1.56e-02h  7
1802  6.2443103e-04 1.17e-06 6.69e-05 -11.0 1.01e-01    -  1.00e+00 1.56e-02h  7
1803  6.2438505e-04 1.41e-06 4.29e-01 -11.0 8.60e-02    -  1.00e+00 1.56e-02h  7
1804  6.2433316e-04 1.42e-06 4.93e-01 -11.0 1.28e-02    -  1.00e+00 6.25e-02h  5
1805  6.2428981e-04 1.93e-06 1.24e+00 -11.0 2.76e-02    -  1.00e+00 6.25e-02h  5
1806  6.2424364e-04 1.98e-06 1.83e+00 -11.0 4.24e-02    -  1.00e+00 1.56e-02h  7
1807  6.2798117e-04 4.38e-07 2.11e+00 -11.0 3.06e-03    -  1.00e+00 1.00e+00w  1
1808  6.3045094e-04 8.16e-06 5.31e-01 -11.0 5.94e-03    -  1.00e+00 1.00e+00w  1
1809  1.4390421e-03 4.72e-05 1.53e+01 -11.0 2.75e-02    -  1.00e+00 1.00e+00w  1
iter    objective    inf_pr   inf_du lg(mu)  ||d||  lg(rg) alpha_du alpha_pr  ls
1810  6.2427221e-04 1.50e-06 2.01e+00 -11.0 2.76e-02    -  1.00e+00 2.50e-01h  2
1811  6.2391372e-04 7.80e-07 1.04e-04 -11.0 2.82e-03    -  1.00e+00 1.00e+00h  1
1812  6.2389688e-04 8.47e-07 2.65e-04 -11.0 6.19e-02    -  1.00e+00 1.56e-02h  7
1813  6.2385788e-04 7.33e-07 1.37e-04 -11.0 5.03e-03    -  1.00e+00 2.50e-01h  3
1814  6.2438316e-04 7.24e-07 2.12e-04 -11.0 1.28e-02    -  1.00e+00 1.25e-01h  4
1815  6.2412962e-04 6.71e-07 2.37e-04 -11.0 9.09e-03    -  1.00e+00 1.25e-01h  4
1816  6.2361460e-04 8.61e-07 1.44e-04 -11.0 1.52e-02    -  1.00e+00 3.12e-02h  6
1817  6.2359768e-04 1.25e-06 8.67e-01 -11.0 7.16e-03    -  1.00e+00 5.00e-01h  2
1818  6.2354427e-04 1.27e-06 1.41e+00 -11.0 4.63e-02    -  1.00e+00 1.56e-02h  7
1819  6.2339012e-04 1.43e-06 1.79e+00 -11.0 1.31e-01    -  1.00e+00 1.56e-02h  7
iter    objective    inf_pr   inf_du lg(mu)  ||d||  lg(rg) alpha_du alpha_pr  ls
1820  6.2336564e-04 1.43e-06 1.86e+00 -11.0 5.01e-02    -  1.00e+00 1.56e-02h  7
1821  6.2317479e-04 4.32e-06 2.99e+00 -11.0 8.83e-02    -  1.00e+00 1.25e-01h  4
1822  2.4371323e-02 2.10e-02 1.06e+02 -11.0 1.78e+00    -  1.00e+00 1.00e+00w  1
1823  6.0114926e-02 1.97e-02 9.52e+02 -11.0 9.62e-01    -  1.00e+00 1.00e+00w  1
1824  2.9629335e+00 3.58e+00 4.19e+06 -11.0 3.14e+00    -  1.00e+00 1.00e+00w  1
1825  6.2292987e-04 5.29e-06 3.01e+00 -11.0 1.61e+00    -  1.00e+00 3.91e-03h  8
1826  6.2274730e-04 5.31e-06 2.44e+00 -11.0 2.50e-02    -  1.00e+00 3.12e-02h  6
1827  6.2299616e-04 2.99e-06 9.17e+00 -11.0 1.38e-02    -  1.00e+00 5.00e-01h  2
1828  6.2274135e-04 2.99e-06 9.10e+00 -11.0 1.93e-01    -  1.00e+00 7.81e-03h  8
1829  6.2220884e-04 2.54e-06 1.07e+01 -11.0 1.29e-02    -  1.00e+00 2.50e-01h  3
iter    objective    inf_pr   inf_du lg(mu)  ||d||  lg(rg) alpha_du alpha_pr  ls
1830  6.2205317e-04 2.52e-06 1.10e+01 -11.0 1.41e-01    -  1.00e+00 3.12e-02h  6
1831  6.2158654e-04 2.53e-06 1.04e+01 -11.0 7.03e-02    -  1.00e+00 6.25e-02h  5
1832  6.2126276e-04 2.65e-06 1.04e+01 -11.0 4.99e-01    -  1.00e+00 7.81e-03h  8
1833  6.2108750e-04 2.73e-06 1.04e+01 -11.0 4.83e-01    -  1.00e+00 7.81e-03h  8
1834  6.2102047e-04 2.70e-06 1.02e+01 -11.0 4.68e-02    -  1.00e+00 1.56e-02h  7
1835  6.2254449e-04 1.83e-06 8.92e-01 -11.0 1.33e-02    -  1.00e+00 1.00e+00h  1
1836  6.2213432e-04 1.97e-06 8.71e-01 -11.0 5.66e-01    -  1.00e+00 7.81e-03h  8
1837  6.2198248e-04 1.97e-06 8.39e-01 -11.0 3.10e-01    -  1.00e+00 1.95e-03h 10
1838  6.1944402e-04 1.49e-06 5.30e-01 -11.0 6.06e-03    -  1.00e+00 1.00e+00h  1
1839  6.1896437e-04 1.56e-06 5.72e-01 -11.0 8.18e-02    -  1.00e+00 1.56e-02h  7
iter    objective    inf_pr   inf_du lg(mu)  ||d||  lg(rg) alpha_du alpha_pr  ls
1840  6.1862751e-04 1.66e-06 2.18e+00 -11.0 1.29e-02    -  1.00e+00 1.00e+00h  1
1841  6.1838617e-04 2.17e-06 2.07e+00 -11.0 1.56e+00    -  1.00e+00 3.91e-03h  9
1842  6.1769902e-04 6.41e-06 3.97e+00 -11.0 2.53e+00    -  1.00e+00 7.81e-03h  8
1843  6.1526076e-04 8.79e-05 9.61e+00 -11.0 2.07e+01    -  1.00e+00 3.91e-03h  9
1844  6.1511824e-04 9.23e-05 1.12e+01 -11.0 7.66e+01    -  1.00e+00 2.44e-04h 13
1845  6.1480026e-04 1.10e-04 1.46e+01 -11.0 3.86e+01    -  1.00e+00 9.77e-04h 11
1846  6.1448037e-04 2.04e-04 2.24e+01 -11.0 3.44e+02    -  1.00e+00 2.44e-04h 13
1847  6.1410256e-04 2.11e-04 2.45e+01 -11.0 1.80e+02    -  1.00e+00 1.22e-04h 14
1848  6.1359042e-04 2.23e-04 2.73e+01 -11.0 5.86e+01    -  1.00e+00 4.88e-04h 12
1849  6.1297748e-04 2.30e-04 2.94e+01 -11.0 4.13e+01    -  1.00e+00 4.88e-04h 12
iter    objective    inf_pr   inf_du lg(mu)  ||d||  lg(rg) alpha_du alpha_pr  ls
1850  6.1184745e-04 2.43e-04 3.26e+01 -11.0 1.63e+01    -  1.00e+00 1.95e-03h 10
1851  4.6548948e+00 1.24e+05 1.46e+10 -11.0 2.55e+01    -  1.00e+00 1.00e+00w  1
1852  1.2975463e+01 7.09e+04 6.36e+11 -11.0 9.11e+00    -  1.00e+00 1.00e+00w  1
1853  1.1599473e+01 1.68e+04 5.78e+09 -11.0 2.24e+00    -  1.00e+00 1.00e+00w  1
1854  6.1026110e-04 2.51e-04 3.52e+01 -11.0 1.31e+00    -  1.00e+00 9.77e-04h 10
1855  6.1209704e-04 2.20e-04 5.72e+01 -11.0 2.50e-02    -  1.00e+00 1.25e-01h  4
1856  6.1390984e-04 2.15e-04 1.10e+02 -11.0 3.55e-01    -  1.00e+00 3.12e-02h  6
1857  6.1247405e-04 1.61e-04 9.58e+01 -11.0 1.36e-02  -1.1 1.00e+00 2.50e-01h  3
1858  6.1183647e-04 1.41e-04 1.05e+02 -11.0 3.50e-02    -  1.00e+00 1.25e-01h  4
1859  6.1070517e-04 1.08e-04 8.76e+01 -11.0 2.34e-02  -1.6 1.00e+00 2.50e-01h  3
iter    objective    inf_pr   inf_du lg(mu)  ||d||  lg(rg) alpha_du alpha_pr  ls
1860  6.4858345e-04 8.61e-05 1.66e+02 -11.0 6.51e-02    -  1.00e+00 2.50e-01h  3
1861  6.5288936e-04 1.09e-05 4.48e+01 -11.0 1.86e-02    -  1.00e+00 1.00e+00h  1
1862  7.5819616e-04 7.28e-06 2.99e+01 -11.0 8.60e-03    -  1.00e+00 5.00e-01h  2
1863  6.1685970e-04 1.57e-05 3.92e+01 -11.0 2.09e-02    -  1.00e+00 1.00e+00h  1
1864  1.1868965e-03 4.21e-06 2.43e+01 -11.0 1.39e-02    -  1.00e+00 1.00e+00H  1
1865  6.1858608e-04 2.80e-06 1.84e+01 -11.0 1.11e-02    -  1.00e+00 1.00e+00H  1
1866  6.7273808e-04 1.38e-06 7.78e+00 -11.0 4.54e-03    -  1.00e+00 1.00e+00H  1
1867  6.0779440e-04 4.73e-07 7.76e-04 -11.0 1.43e-03    -  1.00e+00 1.00e+00h  1
1868  6.0473646e-04 2.29e-07 2.00e-04 -11.0 1.27e-03    -  1.00e+00 1.00e+00h  1
1869  6.0453659e-04 4.26e-08 1.69e-04 -11.0 7.77e-04    -  1.00e+00 1.00e+00h  1
iter    objective    inf_pr   inf_du lg(mu)  ||d||  lg(rg) alpha_du alpha_pr  ls
1870  6.0737527e-04 3.53e-09 1.01e-03 -11.0 6.31e-04    -  1.00e+00 1.00e+00H  1
1871  6.0427892e-04 4.12e-08 7.77e-05 -11.0 5.72e-04    -  1.00e+00 1.00e+00h  1
1872  6.0419892e-04 6.06e-09 8.39e-05 -11.0 1.38e-04    -  1.00e+00 1.00e+00h  1
1873  6.0397801e-04 1.11e-06 2.35e-04 -11.0 8.43e-03    -  1.00e+00 2.50e-01h  3
1874  6.0342850e-04 2.19e-06 3.21e-01 -11.0 5.77e-03    -  1.00e+00 5.00e-01h  2
1875  6.0184827e-04 4.57e-06 5.87e-01 -11.0 5.97e-02    -  1.00e+00 6.25e-02h  5
1876  6.0163266e-04 4.87e-06 9.21e-01 -11.0 5.17e-02    -  1.00e+00 3.12e-02h  6
1877  6.1436080e-04 3.42e-10 1.90e-03 -11.0 3.51e-03    -  1.00e+00 1.00e+00H  1
1878  6.1401229e-04 4.94e-09 1.86e-03 -11.0 1.85e-02    -  1.00e+00 7.81e-03h  8
1879  6.1356600e-04 4.97e-09 1.83e-03 -11.0 1.06e-02    -  1.00e+00 3.91e-03h  9
iter    objective    inf_pr   inf_du lg(mu)  ||d||  lg(rg) alpha_du alpha_pr  ls
1880  6.0626589e-04 1.52e-09 9.34e-04 -11.0 2.76e-03    -  1.00e+00 1.00e+00H  1
1881  5.9795320e-04 1.45e-06 5.78e-01 -11.0 3.59e-03    -  1.00e+00 1.00e+00h  1
1882  5.9951657e-04 6.97e-07 4.84e-04 -11.0 2.58e-03    -  1.00e+00 5.00e-01h  2
1883  5.9725128e-04 6.78e-08 1.67e-04 -11.0 8.00e-04    -  1.00e+00 1.00e+00h  1
1884  5.9740168e-04 1.90e-09 2.18e-04 -11.0 6.73e-04    -  1.00e+00 1.00e+00H  1
1885  5.9667514e-04 6.66e-08 3.66e-04 -11.0 9.39e-04    -  1.00e+00 1.00e+00h  1
1886  5.9884092e-04 6.51e-10 6.91e-04 -11.0 4.08e-03    -  1.00e+00 1.00e+00H  1
1887  5.9867477e-04 1.24e-09 7.12e-04 -11.0 6.08e-03    -  1.00e+00 1.56e-02h  7
1888  5.9781489e-04 2.47e-10 6.16e-04 -11.0 3.94e-03    -  1.00e+00 1.00e+00H  1
1889  5.9444493e-04 7.28e-07 8.71e-01 -11.0 4.48e-03    -  1.00e+00 5.00e-01h  2
iter    objective    inf_pr   inf_du lg(mu)  ||d||  lg(rg) alpha_du alpha_pr  ls
1890  5.9553213e-04 6.27e-07 4.95e-01 -11.0 3.67e-03    -  1.00e+00 5.00e-01h  2
1891  5.9988208e-04 5.28e-11 1.32e-03 -11.0 8.53e-03    -  1.00e+00 1.00e+00H  1
1892  5.9927523e-04 1.37e-10 1.38e-03 -11.0 1.26e-02    -  1.00e+00 1.00e+00H  1
1893  5.9915583e-04 1.72e-10 1.38e-03 -11.0 8.37e-02    -  1.00e+00 4.88e-04h 12
1894  5.9558566e-04 1.76e-07 1.70e-03 -11.0 3.99e-03    -  1.00e+00 2.50e-01h  3
1895  5.9056328e-04 2.37e-06 1.91e+00 -11.0 5.10e-03    -  1.00e+00 1.00e+00h  1
1896  5.9049792e-04 1.44e-06 1.23e+00 -11.0 3.93e-03    -  1.00e+00 5.00e-01h  2
1897  5.8958244e-04 1.50e-06 1.45e+00 -11.0 1.40e-02    -  1.00e+00 1.25e-01h  4
1898  5.8871161e-04 2.32e-06 1.26e+00 -11.0 3.10e-02    -  1.00e+00 1.25e-01h  4
1899  5.8823838e-04 2.61e-06 8.38e-01 -11.0 1.69e-01    -  1.00e+00 1.56e-02h  7
iter    objective    inf_pr   inf_du lg(mu)  ||d||  lg(rg) alpha_du alpha_pr  ls
1900  5.8816519e-04 2.65e-06 8.09e-01 -11.0 2.55e-02    -  1.00e+00 3.12e-02h  6
1901  5.9771568e-04 7.68e-08 6.34e-04 -11.0 6.96e-03    -  1.00e+00 1.00e+00H  1
1902  5.9488656e-04 2.81e-06 2.15e+00 -11.0 4.74e-02    -  1.00e+00 1.25e-01h  4
1903  5.9400651e-04 2.90e-06 2.47e+00 -11.0 1.18e+00    -  1.00e+00 9.77e-04h 11
1904  5.9332385e-04 2.95e-06 2.18e+00 -11.0 2.60e-01    -  1.00e+00 1.95e-03h 10
1905  5.9184505e-04 2.66e-06 1.22e+00 -11.0 7.38e-03    -  1.00e+00 1.25e-01h  4
1906  5.8766350e-04 2.95e-06 4.41e+00 -11.0 3.19e-03    -  1.00e+00 1.00e+00h  1
1907  6.4624494e-04 1.70e-10 2.73e-03 -11.0 6.63e-03    -  1.00e+00 1.00e+00H  1
1908  5.8592198e-04 6.21e-07 4.59e-05 -11.0 1.52e-03    -  1.00e+00 1.00e+00f  1
1909  5.8579658e-04 1.52e-08 2.99e-05 -11.0 3.75e-04    -  1.00e+00 1.00e+00h  1
iter    objective    inf_pr   inf_du lg(mu)  ||d||  lg(rg) alpha_du alpha_pr  ls
1910  5.8791785e-04 1.67e-09 1.00e-03 -11.0 2.41e-03    -  1.00e+00 1.00e+00H  1
1911  5.8775547e-04 8.59e-09 9.84e-04 -11.0 9.06e-03    -  1.00e+00 1.56e-02h  7
1912  5.8758849e-04 1.89e-08 9.62e-04 -11.0 1.59e-01    -  1.00e+00 9.77e-04h 11
1913  5.8743469e-04 2.46e-08 9.42e-04 -11.0 1.28e-01    -  1.00e+00 9.77e-04h 11
1914  5.8724811e-04 2.82e-08 9.45e-04 -11.0 3.83e-02    -  1.00e+00 3.91e-03h  9
1915  5.8531173e-04 4.89e-06 6.82e-01 -11.0 3.38e-02    -  1.00e+00 1.25e-01h  4
1916  5.8448282e-04 6.00e-06 1.26e+00 -11.0 3.89e-01    -  1.00e+00 7.81e-03h  8
1917  5.8238074e-04 9.66e-05 4.95e+00 -11.0 2.42e-01    -  1.00e+00 6.25e-02h  5
1918  5.8181365e-04 9.66e-05 5.13e+00 -11.0 4.74e-01    -  1.00e+00 1.95e-03h 10
1919  5.8444438e-04 8.44e-05 4.55e+00 -11.0 7.40e-03    -  1.00e+00 1.25e-01h  4
iter    objective    inf_pr   inf_du lg(mu)  ||d||  lg(rg) alpha_du alpha_pr  ls
1920  5.7969651e-04 1.12e-06 6.81e-01 -11.0 1.69e-03    -  1.00e+00 1.00e+00h  1
1921  5.8723314e-04 1.37e-08 9.00e-04 -11.0 2.33e-03    -  1.00e+00 1.00e+00H  1
1922  5.7919193e-04 2.12e-06 2.23e+00 -11.0 1.65e-03    -  1.00e+00 1.00e+00h  1
1923  5.8026414e-04 6.02e-07 5.03e-04 -11.0 4.50e-03    -  1.00e+00 1.00e+00H  1
1924  5.7994594e-04 1.52e-06 1.19e+00 -11.0 6.78e-02    -  1.00e+00 3.12e-02h  6
1925  5.7966211e-04 1.84e-06 1.98e+00 -11.0 1.30e+00    -  1.00e+00 9.77e-04h 11
1926  5.7911226e-04 5.11e-06 5.21e+00 -11.0 2.67e+02    -  1.00e+00 1.53e-05h 17
1927  5.7828580e-04 1.03e-05 5.19e+00 -11.0 6.02e+00    -  1.00e+00 9.77e-04h 11
1928  5.7809583e-04 1.23e-05 4.41e+00 -11.0 1.29e+00    -  1.00e+00 3.91e-03h  9
1929  5.7805640e-04 1.19e-05 7.47e+00 -11.0 5.95e-02    -  1.00e+00 6.25e-02h  5
iter    objective    inf_pr   inf_du lg(mu)  ||d||  lg(rg) alpha_du alpha_pr  ls
1930  5.7777846e-04 1.16e-05 7.22e+00 -11.0 3.30e-02    -  1.00e+00 3.12e-02h  6
1931  5.7678672e-04 1.30e-05 7.46e+00 -11.0 3.62e-01    -  1.00e+00 7.81e-03h  8
1932  5.7670120e-04 1.58e-05 7.76e+00 -11.0 1.83e-01    -  1.00e+00 1.56e-02h  7
1933  5.7615781e-04 2.05e-05 7.76e+00 -11.0 9.92e-02    -  1.00e+00 3.12e-02h  6
1934  1.7198755e-02 1.61e-02 3.47e+02 -11.0 2.74e-01    -  1.00e+00 1.00e+00w  1
1935  1.4140694e-02 5.86e-03 9.61e+02 -11.0 2.82e-01    -  1.00e+00 1.00e+00w  1
1936  2.3092663e+00 1.22e-01 9.63e+05 -11.0 9.14e-01    -  1.00e+00 1.00e+00w  1
1937  5.7593165e-04 2.25e-05 8.39e+00 -11.0 3.42e+01    -  1.00e+00 7.81e-03h  7
1938  5.7539367e-04 3.26e-07 1.09e-04 -11.0 1.03e-03    -  1.00e+00 1.00e+00h  1
1939  5.7497920e-04 9.62e-07 5.31e-01 -11.0 7.23e-03    -  1.00e+00 1.25e-01h  4
iter    objective    inf_pr   inf_du lg(mu)  ||d||  lg(rg) alpha_du alpha_pr  ls
1940  5.7500385e-04 8.41e-07 1.86e-04 -11.0 3.95e-03    -  1.00e+00 2.50e-01h  3
1941  5.7477845e-04 8.16e-07 2.57e-04 -11.0 3.03e-03    -  1.00e+00 5.00e-01h  2
1942  5.7432887e-04 1.23e-06 3.22e-01 -11.0 1.35e-02    -  1.00e+00 1.25e-01h  4
1943  5.7384008e-04 3.33e-06 4.26e-01 -11.0 3.57e-02    -  1.00e+00 6.25e-02h  5
1944  5.7369449e-04 3.87e-06 4.55e-01 -11.0 1.62e-02    -  1.00e+00 6.25e-02h  5
1945  5.7370708e-04 3.50e-06 5.32e-01 -11.0 3.60e-03    -  1.00e+00 1.25e-01h  4
1946  5.7342842e-04 9.28e-07 3.24e+00 -11.0 1.56e-03    -  1.00e+00 1.00e+00h  1
1947  5.7302088e-04 1.05e-06 8.93e-01 -11.0 1.11e-02    -  1.00e+00 2.50e-01h  3
1948  5.7281846e-04 1.02e-06 3.90e-01 -11.0 2.55e-02    -  1.00e+00 3.12e-02h  6
1949  5.7286876e-04 1.00e-06 3.92e-01 -11.0 4.87e-03    -  1.00e+00 1.25e-01h  4
iter    objective    inf_pr   inf_du lg(mu)  ||d||  lg(rg) alpha_du alpha_pr  ls
1950  5.7266460e-04 1.25e-06 4.22e-01 -11.0 9.52e-03    -  1.00e+00 6.25e-02h  5
1951  5.8152851e-04 2.29e-07 1.03e-03 -11.0 5.77e-03    -  1.00e+00 1.00e+00H  1
1952  5.7813906e-04 2.26e-07 7.13e-04 -11.0 3.10e-03    -  1.00e+00 2.50e-01h  3
1953  5.7569551e-04 3.07e-07 5.23e-04 -11.0 1.26e-02    -  1.00e+00 1.25e-01h  4
1954  5.7431257e-04 2.86e-07 3.92e-04 -11.0 2.06e-02    -  1.00e+00 6.25e-02h  5
1955  5.7351966e-04 2.93e-07 5.10e-04 -11.0 8.09e-03    -  1.00e+00 6.25e-02h  5
1956  5.7314536e-04 1.13e-06 1.01e+00 -11.0 5.63e-03    -  1.00e+00 5.00e-01h  2
1957  5.7196908e-04 2.07e-06 7.33e-01 -11.0 3.81e-03    -  1.00e+00 5.00e-01h  2
1958  5.7288246e-04 1.37e-06 9.29e-01 -11.0 2.74e-03    -  1.00e+00 5.00e-01h  2
1959  5.7583502e-04 3.64e-07 5.32e-04 -11.0 1.53e-03    -  1.00e+00 1.00e+00h  1
iter    objective    inf_pr   inf_du lg(mu)  ||d||  lg(rg) alpha_du alpha_pr  ls
1960  5.7203556e-04 9.20e-07 5.55e+00 -11.0 1.55e-03    -  1.00e+00 1.00e+00h  1
1961  5.7150739e-04 1.05e-07 1.74e-04 -11.0 9.94e-04    -  1.00e+00 1.00e+00h  1
1962  5.7141210e-04 1.53e-07 2.82e-04 -11.0 3.28e-04    -  1.00e+00 1.00e+00h  1
1963  5.7508788e-04 6.89e-08 6.11e-04 -11.0 1.98e-03    -  1.00e+00 1.00e+00H  1
1964  5.7321586e-04 8.45e-08 4.64e-04 -11.0 2.58e-03    -  1.00e+00 1.25e-01h  4
1965  5.7274463e-04 7.76e-08 3.28e-04 -11.0 6.11e-04    -  1.00e+00 5.00e-01h  2
1966  5.7159998e-04 1.35e-07 1.68e-04 -11.0 6.46e-04    -  1.00e+00 5.00e-01h  2
1967  5.7163045e-04 1.31e-07 1.71e-04 -11.0 1.34e-03    -  1.00e+00 1.25e-01h  4
1968  5.7550326e-04 4.31e-08 5.70e-04 -11.0 1.83e-03    -  1.00e+00 1.00e+00H  1
1969  5.8586663e-04 2.13e-08 9.87e-04 -11.0 7.68e-04    -  1.00e+00 1.00e+00H  1
iter    objective    inf_pr   inf_du lg(mu)  ||d||  lg(rg) alpha_du alpha_pr  ls
1970  5.8246753e-04 4.55e-08 8.65e-04 -11.0 1.45e-03    -  1.00e+00 1.25e-01h  4
1971  5.8110386e-04 5.02e-08 8.06e-04 -11.0 1.38e-03    -  1.00e+00 6.25e-02h  5
1972  5.8043570e-04 4.97e-08 7.84e-04 -11.0 1.55e-03    -  1.00e+00 3.12e-02h  6
1973  5.7917621e-04 5.01e-08 7.19e-04 -11.0 1.11e-03    -  1.00e+00 6.25e-02h  5
1974  5.7392683e-04 8.41e-08 5.14e-04 -11.0 6.08e-04    -  1.00e+00 5.00e-01h  2
1975  5.7146529e-04 1.50e-07 2.29e-04 -11.0 7.93e-04    -  1.00e+00 1.00e+00h  1
1976  5.7119283e-04 1.28e-07 2.63e-04 -11.0 6.16e-04    -  1.00e+00 1.00e+00h  1
1977  5.7099513e-04 9.73e-08 1.68e-04 -11.0 5.01e-04    -  1.00e+00 2.50e-01h  3
1978  5.7100895e-04 5.06e-08 1.66e-04 -11.0 1.10e-04    -  1.00e+00 1.00e+00h  1
1979  5.7105583e-04 4.75e-08 1.29e-04 -11.0 2.16e-03    -  1.00e+00 6.25e-02h  5
iter    objective    inf_pr   inf_du lg(mu)  ||d||  lg(rg) alpha_du alpha_pr  ls
1980  5.7299029e-04 2.12e-08 2.00e-04 -11.0 1.70e-03    -  1.00e+00 1.00e+00H  1
1981  5.7383681e-04 3.06e-09 4.61e-04 -11.0 4.53e-04    -  1.00e+00 1.00e+00H  1
1982  5.7259310e-04 1.64e-08 1.48e-04 -11.0 2.44e-04    -  1.00e+00 1.00e+00h  1
1983  5.7252715e-04 5.34e-10 1.08e-04 -11.0 5.22e-05    -  1.00e+00 1.00e+00h  1
1984  5.7251057e-04 1.05e-09 4.16e-05 -11.0 4.91e-05    -  1.00e+00 1.00e+00h  1
1985  5.7249425e-04 9.50e-08 2.05e-04 -11.0 3.37e-03    -  1.00e+00 1.25e-01h  4
1986  5.7334097e-04 2.06e-11 6.05e-04 -11.0 1.07e-03    -  1.00e+00 1.00e+00H  1
1987  5.7314257e-04 1.35e-11 2.97e-04 -11.0 4.58e-04    -  1.00e+00 1.00e+00H  1
1988  5.7191669e-04 3.18e-08 1.29e-04 -11.0 3.30e-04    -  1.00e+00 1.00e+00h  1
1989  5.7177788e-04 1.60e-08 1.46e-04 -11.0 3.79e-04    -  1.00e+00 1.00e+00h  1
iter    objective    inf_pr   inf_du lg(mu)  ||d||  lg(rg) alpha_du alpha_pr  ls
1990  5.7172363e-04 3.44e-08 1.15e-04 -11.0 5.75e-03    -  1.00e+00 6.25e-02h  5
1991  5.7167453e-04 3.43e-08 1.76e-04 -11.0 8.68e-03    -  1.00e+00 3.12e-02h  6
1992  5.7243638e-04 3.04e-09 3.75e-04 -11.0 3.61e-03    -  1.00e+00 1.00e+00H  1
1993  5.7226409e-04 1.14e-08 2.99e-04 -11.0 5.65e-03    -  1.00e+00 3.12e-02h  6
1994  5.7096451e-04 2.54e-07 2.17e-04 -11.0 6.48e-04    -  1.00e+00 1.00e+00h  1
1995  5.7075528e-04 1.19e-07 2.15e-04 -11.0 8.84e-04    -  1.00e+00 5.00e-01h  2
1996  5.7040830e-04 4.54e-08 2.33e-04 -11.0 1.07e-03    -  1.00e+00 1.00e+00h  1
1997  5.7031146e-04 1.42e-07 2.24e-04 -11.0 5.54e-03    -  1.00e+00 2.50e-01h  3
1998  5.7000675e-04 2.62e-07 2.01e-04 -11.0 1.17e-02    -  1.00e+00 1.25e-01h  4
1999  5.6980571e-04 3.16e-07 1.67e-04 -11.0 2.58e-02    -  1.00e+00 3.12e-02h  6
iter    objective    inf_pr   inf_du lg(mu)  ||d||  lg(rg) alpha_du alpha_pr  ls
2000  5.6933580e-04 5.83e-07 1.07e+00 -11.0 5.60e-03    -  1.00e+00 2.50e-01h  3
2001  5.6923869e-04 2.81e-06 1.26e+00 -11.0 3.27e-02    -  1.00e+00 1.25e-01h  4
2002  5.6893986e-04 3.21e-06 6.10e-01 -11.0 7.97e-02    -  1.00e+00 3.12e-02h  6
2003  5.6839502e-04 5.37e-06 1.65e+00 -11.0 1.04e-01    -  1.00e+00 6.25e-02h  5
2004  5.6669954e-04 2.13e-05 7.75e+00 -11.0 2.18e+00    -  1.00e+00 7.81e-03h  8
2005  5.6595764e-04 4.10e-05 7.28e+00 -11.0 9.20e+01    -  1.00e+00 2.44e-04h 13
2006  5.6389615e-04 4.62e-05 1.39e+01 -11.0 6.80e+01    -  1.00e+00 1.22e-04h 14
2007  4.3050947e-03 9.13e-04 1.53e+02 -11.0 4.04e-02    -  1.00e+00 1.00e+00w  1
2008  1.2169578e-02 4.35e-03 3.55e+03 -11.0 1.80e-01    -  1.00e+00 1.00e+00w  1
2009  7.2253197e-02 2.91e-03 9.17e+03 -11.0 1.96e-01    -  1.00e+00 1.00e+00w  1
iter    objective    inf_pr   inf_du lg(mu)  ||d||  lg(rg) alpha_du alpha_pr  ls
2010  5.6458779e-04 4.50e-05 1.49e+01 -11.0 3.18e-01    -  1.00e+00 3.12e-02h  5
2011  5.6468216e-04 2.92e-05 7.42e+00 -11.0 1.82e-02    -  1.00e+00 5.00e-01h  2
2012  5.6372778e-04 3.01e-05 1.50e+01 -11.0 1.67e-01    -  1.00e+00 3.12e-02h  6
2013  5.6196657e-04 3.13e-05 2.15e+01 -11.0 9.49e-01    -  1.00e+00 3.91e-03h  9
2014  5.6189899e-04 3.12e-05 1.98e+01 -11.0 1.65e-01    -  1.00e+00 1.56e-02h  7
2015  5.6216792e-04 2.70e-05 3.44e+01 -11.0 3.09e-02    -  1.00e+00 1.25e-01h  4
2016  5.5839337e-04 1.37e-05 1.82e+01 -11.0 2.50e-03    -  1.00e+00 5.00e-01h  2
2017  5.5880445e-04 7.08e-06 5.94e+01 -11.0 6.30e-03    -  1.00e+00 5.00e-01h  2
2018  5.6121956e-04 4.52e-06 1.28e+01 -11.0 7.59e-03    -  1.00e+00 1.00e+00h  1
2019  5.6074596e-04 4.36e-06 1.33e+01 -11.0 8.68e-02    -  1.00e+00 1.56e-02h  7
iter    objective    inf_pr   inf_du lg(mu)  ||d||  lg(rg) alpha_du alpha_pr  ls
2020  5.5811265e-04 3.66e-06 1.78e+01 -11.0 1.05e-02    -  1.00e+00 2.50e-01h  3
2021  5.6158159e-04 2.16e-06 8.76e+00 -11.0 6.22e-03    -  1.00e+00 5.00e-01h  2
2022  5.5493427e-04 2.25e-07 2.26e-04 -11.0 1.49e-03    -  1.00e+00 1.00e+00h  1
2023  5.5490617e-04 5.38e-07 2.29e-04 -11.0 1.21e-03    -  1.00e+00 1.00e+00h  1
2024  5.5646403e-04 1.29e-08 7.40e-04 -11.0 1.75e-03    -  1.00e+00 1.00e+00H  1
2025  5.5236459e-04 4.07e-07 7.18e-01 -11.0 2.12e-03    -  1.00e+00 1.00e+00h  1
2026  5.5396181e-04 2.40e-07 5.03e-04 -11.0 1.30e-03    -  1.00e+00 1.00e+00h  1
2027  5.5122281e-04 1.37e-07 3.23e-04 -11.0 2.15e-03    -  1.00e+00 1.00e+00h  1
2028  5.5129099e-04 2.76e-07 5.41e-04 -11.0 8.39e-04    -  1.00e+00 1.00e+00h  1
2029  5.5016308e-04 1.11e-07 1.98e-04 -11.0 6.60e-04    -  1.00e+00 1.00e+00h  1
iter    objective    inf_pr   inf_du lg(mu)  ||d||  lg(rg) alpha_du alpha_pr  ls
2030  5.4969201e-04 4.98e-08 9.48e-05 -11.0 6.77e-04    -  1.00e+00 1.00e+00h  1
2031  5.5037261e-04 6.85e-09 2.92e-04 -11.0 1.98e-03    -  1.00e+00 1.00e+00H  1
2032  5.4921463e-04 9.85e-07 2.48e+00 -11.0 1.43e-02    -  1.00e+00 2.50e-01h  3
2033  5.4900352e-04 1.07e-06 2.65e+00 -11.0 3.36e-02    -  1.00e+00 3.12e-02h  6
2034  5.4806508e-04 7.16e-07 3.29e+00 -11.0 2.51e-03    -  1.00e+00 5.00e-01h  2
2035  5.4760947e-04 6.86e-07 1.13e+00 -11.0 5.04e-03    -  1.00e+00 2.50e-01h  3
2036  5.5140792e-04 1.40e-09 6.68e-04 -11.0 4.91e-03    -  1.00e+00 1.00e+00H  1
2037  5.5028729e-04 7.63e-08 1.16e-03 -11.0 9.71e-03    -  1.00e+00 6.25e-02h  5
2038  5.4537219e-04 1.98e-06 6.20e+00 -11.0 8.53e-03    -  1.00e+00 5.00e-01h  2
2039  5.4486187e-04 1.98e-06 6.22e+00 -11.0 1.28e-02    -  1.00e+00 1.25e-01h  4
iter    objective    inf_pr   inf_du lg(mu)  ||d||  lg(rg) alpha_du alpha_pr  ls
2040  5.4426470e-04 2.11e-06 2.58e+01 -11.0 2.63e-02    -  1.00e+00 6.25e-02h  5
2041  5.4389555e-04 2.00e-06 2.32e+01 -11.0 1.72e-02    -  1.00e+00 6.25e-02h  5
2042  5.4535127e-04 4.68e-07 5.56e+00 -11.0 2.23e-03    -  1.00e+00 1.00e+00h  1
2043  5.4585938e-04 3.64e-07 4.55e+00 -11.0 2.82e-03    -  1.00e+00 2.50e-01h  3
2044  5.4345657e-04 9.37e-07 2.12e+01 -11.0 3.11e-03    -  1.00e+00 1.00e+00h  1
2045  5.4316428e-04 9.28e-07 2.04e+01 -11.0 1.79e-02    -  1.00e+00 1.56e-02h  7
2046  5.4288793e-04 8.47e-07 2.10e+01 -11.0 5.83e-03    -  1.00e+00 1.25e-01h  4
2047  5.4287268e-04 1.72e-06 3.63e+00 -11.0 4.91e-03    -  1.00e+00 1.00e+00h  1
2048  5.4210739e-04 4.80e-06 3.27e+00 -11.0 5.58e-02    -  1.00e+00 1.25e-01h  4
2049  5.4190210e-04 4.74e-06 2.53e+00 -11.0 4.40e-02    -  1.00e+00 1.56e-02h  7
iter    objective    inf_pr   inf_du lg(mu)  ||d||  lg(rg) alpha_du alpha_pr  ls
2050  5.4226137e-04 4.04e-06 1.66e+00 -11.0 1.11e-02    -  1.00e+00 5.00e-01h  2
2051  5.3807553e-04 6.68e-06 1.23e+01 -11.0 2.93e-02    -  1.00e+00 2.50e-01h  3
2052  5.3692294e-04 1.36e-05 9.51e+00 -11.0 1.67e-01    -  1.00e+00 6.25e-02h  5
2053  5.3586876e-04 8.69e-05 7.21e+00 -11.0 9.58e-01    -  1.00e+00 3.12e-02h  6
2054  5.2943604e-04 2.28e-04 4.22e+00 -11.0 4.61e+00    -  1.00e+00 7.81e-03h  8
2055  5.2035520e-04 5.75e-04 7.81e+00 -11.0 1.30e+01    -  1.00e+00 3.91e-03h  9
2056  5.1505776e-04 8.46e-04 8.18e+00 -11.0 7.75e+01    -  1.00e+00 4.88e-04h 12
2057  5.1177103e-04 1.05e-03 8.45e+00 -11.0 7.44e+00    -  1.00e+00 3.91e-03h  9
2058  1.1312706e-01 2.52e-02 1.87e+04 -11.0 2.97e-01    -  1.00e+00 1.00e+00w  1
2059  7.5070132e+04 7.62e+06 2.00e+10 -11.0 1.36e+02    -  1.00e+00 1.00e+00w  1
iter    objective    inf_pr   inf_du lg(mu)  ||d||  lg(rg) alpha_du alpha_pr  ls
2060  1.8213264e+04 3.39e+07 1.79e+14 -11.0 7.53e+02    -  1.00e+00 1.00e+00w  1
2061  5.1040646e-04 1.04e-03 8.43e+00 -11.0 1.73e+04    -  1.00e+00 7.81e-03h  7
2062  4.9555882e-04 2.02e-04 1.76e+04 -11.0 2.87e-02    -  1.00e+00 1.00e+00h  1
2063  4.8707217e-04 7.03e-07 4.12e+01 -11.0 1.84e-03    -  1.00e+00 1.00e+00h  1
2064  4.6678330e-04 1.13e-07 3.81e-04 -11.0 8.04e-04    -  1.00e+00 1.00e+00h  1
2065  4.6522304e-04 3.07e-08 3.57e-04 -11.0 2.85e-04    -  1.00e+00 1.00e+00h  1
2066  4.6190119e-04 7.31e-07 1.80e+00 -11.0 2.54e-03    -  1.00e+00 5.00e-01h  2
2067  4.5982013e-04 6.93e-08 4.67e-04 -11.0 1.08e-03    -  1.00e+00 1.00e+00h  1
2068  4.5592261e-04 2.66e-07 1.90e+00 -11.0 2.24e-03    -  1.00e+00 1.00e+00h  1
2069  4.5868790e-04 2.17e-08 9.21e-04 -11.0 3.76e-03    -  1.00e+00 1.00e+00H  1
iter    objective    inf_pr   inf_du lg(mu)  ||d||  lg(rg) alpha_du alpha_pr  ls
2070  4.4144796e-04 6.44e-06 2.94e+00 -11.0 5.03e-03    -  1.00e+00 1.00e+00h  1
2071  4.3449002e-04 7.74e-06 3.72e+00 -11.0 4.39e-02    -  1.00e+00 6.25e-02h  5
2072  4.2938419e-04 6.25e-06 2.33e+00 -11.0 5.63e-03    -  1.00e+00 1.00e+00h  1
2073  4.2889417e-04 2.72e-05 3.42e+00 -11.0 4.48e-02    -  1.00e+00 2.50e-01h  3
2074  4.2608107e-04 2.81e-05 3.97e+00 -11.0 7.87e-02    -  1.00e+00 3.12e-02h  6
2075  4.2213539e-04 2.93e-05 4.82e+00 -11.0 2.80e-02    -  1.00e+00 1.25e-01h  4
2076  4.2203618e-04 4.37e-05 6.77e+00 -11.0 5.79e-02    -  1.00e+00 1.25e-01h  4
2077  4.1672095e-04 4.55e-05 7.48e+00 -11.0 3.46e-02    -  1.00e+00 1.25e-01h  4
2078  4.1070019e-04 4.92e-05 8.40e+00 -11.0 7.42e-02    -  1.00e+00 6.25e-02h  5
2079  4.0755842e-04 5.28e-05 9.06e+00 -11.0 7.18e-02    -  1.00e+00 6.25e-02h  5
iter    objective    inf_pr   inf_du lg(mu)  ||d||  lg(rg) alpha_du alpha_pr  ls
2080  4.0586423e-04 6.40e-04 1.58e+01 -11.0 1.65e-01    -  1.00e+00 2.50e-01h  3
2081  4.0093130e-04 8.96e-04 2.09e+01 -11.0 1.46e+00    -  1.00e+00 1.56e-02h  7
2082  3.9024781e-04 1.09e-03 2.51e+01 -11.0 6.05e-01    -  1.00e+00 3.12e-02h  6
2083  1.0207922e-01 5.73e-01 7.27e+03 -11.0 6.28e-01    -  1.00e+00 1.00e+00w  1
2084  1.2600630e+01 2.27e-01 7.16e+04 -11.0 2.76e+00    -  1.00e+00 1.00e+00w  1
2085  6.9481397e-01 9.07e-02 5.27e+05 -11.0 2.81e+00    -  1.00e+00 1.00e+00w  1
2086  3.8504879e-04 1.12e-03 2.17e+02 -11.0 3.05e-01    -  1.00e+00 1.56e-02h  6
2087  3.6258749e-04 2.44e-04 1.74e+02 -11.0 2.02e-02    -  1.00e+00 1.00e+00h  1
2088  3.7838861e-04 2.50e-04 1.45e+02 -11.0 7.40e-02    -  1.00e+00 1.25e-01h  4
2089  3.6515759e-04 1.90e-04 9.18e+01 -11.0 1.44e-02    -  1.00e+00 2.50e-01h  3
iter    objective    inf_pr   inf_du lg(mu)  ||d||  lg(rg) alpha_du alpha_pr  ls
2090  3.5669123e-04 5.95e-05 7.20e+01 -11.0 9.54e-03    -  1.00e+00 1.00e+00h  1
2091  3.3923615e-04 5.67e-05 6.04e+01 -11.0 2.14e-02    -  1.00e+00 2.50e-01h  3
2092  3.4682867e-04 2.83e-05 2.78e+01 -11.0 5.22e-03    -  1.00e+00 5.00e-01h  2
2093  3.2920783e-04 3.81e-05 1.11e+01 -11.0 9.28e-03    -  1.00e+00 1.00e+00h  1
2094  3.2257452e-04 3.67e-05 1.39e+01 -11.0 2.18e-02    -  1.00e+00 6.25e-02h  5
2095  3.2330904e-04 1.68e-05 5.93e+00 -11.0 5.74e-03    -  1.00e+00 1.00e+00h  1
2096  3.1837078e-04 2.10e-05 5.29e+00 -11.0 1.11e-01    -  1.00e+00 3.12e-02h  6
2097  3.1471449e-04 2.36e-05 4.80e+00 -11.0 3.08e-02    -  1.00e+00 1.25e-01h  4
2098  3.1177553e-04 1.14e-04 1.64e+01 -11.0 4.16e-02    -  1.00e+00 5.00e-01h  2
2099  3.0631236e-04 1.12e-04 1.53e+01 -11.0 1.86e-01    -  1.00e+00 3.12e-02h  6
iter    objective    inf_pr   inf_du lg(mu)  ||d||  lg(rg) alpha_du alpha_pr  ls
2100  3.0344471e-04 9.82e-05 1.25e+01 -11.0 2.47e-02    -  1.00e+00 1.25e-01h  4
2101  2.9846195e-04 8.15e-05 8.77e+00 -11.0 1.75e-02    -  1.00e+00 2.50e-01h  3
2102  3.0054322e-04 6.32e-05 7.14e+00 -11.0 1.74e-02    -  1.00e+00 5.00e-01h  2
2103  2.9794068e-04 5.82e-05 5.49e+00 -11.0 2.07e-02    -  1.00e+00 1.25e-01h  4
2104  2.9721244e-04 6.88e-06 2.81e+00 -11.0 5.47e-03    -  1.00e+00 1.00e+00h  1
2105  2.9064724e-04 5.09e-06 2.36e+00 -11.0 5.55e-03    -  1.00e+00 1.00e+00h  1
2106  3.4305720e-04 6.98e-06 7.45e+00 -11.0 1.72e-02    -  1.00e+00 1.00e+00H  1
2107  3.2306849e-04 3.41e-06 6.74e+00 -11.0 2.21e-02    -  1.00e+00 2.50e-01h  3
2108  2.8887884e-04 2.43e-05 3.40e+00 -11.0 4.34e-02    -  1.00e+00 2.50e-01h  3
2109  2.7647901e-04 2.59e-05 3.88e+00 -11.0 4.89e-02    -  1.00e+00 1.25e-01h  4
iter    objective    inf_pr   inf_du lg(mu)  ||d||  lg(rg) alpha_du alpha_pr  ls
2110  2.6978438e-04 1.96e-05 1.95e+00 -11.0 8.44e-03    -  1.00e+00 2.50e-01h  3
2111  2.6706592e-04 1.53e-05 3.35e+00 -11.0 9.38e-03    -  1.00e+00 2.50e-01h  3
2112  2.6585689e-04 3.41e-06 2.15e+00 -11.0 4.23e-03    -  1.00e+00 1.00e+00h  1
2113  2.8051111e-04 2.11e-06 6.42e+00 -11.0 9.98e-03    -  1.00e+00 1.00e+00H  1
2114  2.6748641e-04 9.83e-07 6.30e+00 -11.0 4.93e-03    -  1.00e+00 2.50e-01h  3
2115  2.5209076e-04 6.06e-06 3.15e+00 -11.0 2.89e-03    -  1.00e+00 1.00e+00h  1
2116  2.8516016e-04 8.97e-07 2.54e+00 -11.0 2.40e-03    -  1.00e+00 1.00e+00h  1
2117  2.4532324e-04 1.78e-06 1.77e+01 -11.0 1.99e-03    -  1.00e+00 1.00e+00h  1
2118  2.4210636e-04 2.54e-06 6.50e+00 -11.0 3.57e-03    -  1.00e+00 1.00e+00h  1
2119  2.4124825e-04 2.46e-06 8.20e+00 -11.0 2.37e-02    -  1.00e+00 1.25e-01h  4
iter    objective    inf_pr   inf_du lg(mu)  ||d||  lg(rg) alpha_du alpha_pr  ls
2120  2.3689201e-04 1.46e-06 7.21e+00 -11.0 3.99e-03    -  1.00e+00 1.00e+00h  1
2121  2.3961297e-04 1.94e-06 7.28e+00 -11.0 6.55e-03    -  1.00e+00 5.00e-01h  2
2122  2.3308173e-04 8.80e-07 4.20e+00 -11.0 1.52e-03    -  1.00e+00 1.00e+00h  1
2123  2.3222926e-04 4.13e-06 9.52e+00 -11.0 6.37e-03    -  1.00e+00 5.00e-01h  2
2124  2.4632786e-04 4.66e-07 4.94e+00 -11.0 4.02e-03    -  1.00e+00 1.00e+00h  1
2125  2.2907811e-04 3.19e-06 1.18e+01 -11.0 3.39e-03    -  1.00e+00 1.00e+00h  1
2126  2.3216654e-04 1.94e-07 7.92e-04 -11.0 2.80e-03    -  1.00e+00 1.00e+00h  1
2127  2.2811361e-04 3.91e-07 6.71e-04 -11.0 2.65e-03    -  1.00e+00 1.00e+00h  1
2128  2.2387850e-04 1.31e-06 2.76e+00 -11.0 1.87e-03    -  1.00e+00 1.00e+00h  1
2129  2.2448465e-04 1.68e-07 6.22e-04 -11.0 5.54e-03    -  1.00e+00 1.00e+00H  1
iter    objective    inf_pr   inf_du lg(mu)  ||d||  lg(rg) alpha_du alpha_pr  ls
2130  2.2339729e-04 4.98e-07 4.51e-01 -11.0 4.33e-02    -  1.00e+00 6.25e-02h  5
2131  2.2127175e-04 2.62e-06 2.03e+00 -11.0 1.28e-01    -  1.00e+00 6.25e-02h  5
2132  2.1884376e-04 5.64e-06 3.61e+00 -11.0 2.50e-01    -  1.00e+00 3.12e-02h  6
2133  2.1818611e-04 7.65e-06 2.67e+00 -11.0 1.31e-01    -  1.00e+00 6.25e-02h  5
2134  2.1725118e-04 1.04e-05 2.36e+00 -11.0 5.81e-01    -  1.00e+00 1.56e-02h  7
2135  2.1247504e-04 3.34e-05 3.41e+00 -11.0 1.58e+00    -  1.00e+00 1.56e-02h  7
2136  2.1134624e-04 6.19e-05 2.68e+00 -11.0 8.77e-01    -  1.00e+00 3.12e-02h  6
2137  2.1087209e-04 6.15e-05 3.58e+00 -11.0 3.09e-01    -  1.00e+00 7.81e-03h  8
2138  2.1155710e-04 5.97e-05 4.35e+00 -11.0 3.59e-02    -  1.00e+00 3.12e-02h  6
2139  2.1093361e-04 1.52e-05 1.05e+00 -11.0 1.93e-02    -  1.00e+00 1.00e+00h  1
iter    objective    inf_pr   inf_du lg(mu)  ||d||  lg(rg) alpha_du alpha_pr  ls
2140  2.0958792e-04 1.70e-05 1.11e+00 -11.0 1.03e+00    -  1.00e+00 7.81e-03h  8
2141  2.0957326e-04 1.70e-05 1.14e+00 -11.0 1.74e-01    -  1.00e+00 1.56e-02h  7
2142  2.1113854e-04 1.27e-05 8.97e-01 -11.0 5.63e-03    -  1.00e+00 2.50e-01h  3
2143  2.1000453e-04 7.29e-06 1.84e+00 -11.0 7.88e-03    -  1.00e+00 5.00e-01h  2
2144  2.0904290e-04 7.80e-06 1.92e+00 -11.0 7.07e-02    -  1.00e+00 6.25e-02h  5
2145  2.0894040e-04 8.31e-06 1.31e+00 -11.0 7.55e-02    -  1.00e+00 6.25e-02h  5
2146  2.0873875e-04 8.72e-06 1.26e+00 -11.0 1.00e-01    -  1.00e+00 3.12e-02h  6
2147  2.0856095e-04 8.35e-06 1.20e+00 -11.0 1.55e-02    -  1.00e+00 6.25e-02h  5
2148  2.0883983e-04 2.22e-06 1.35e+00 -11.0 3.57e-03    -  1.00e+00 1.00e+00h  1
2149  2.0859658e-04 1.97e-06 1.18e+00 -11.0 7.42e-03    -  1.00e+00 1.25e-01h  4
iter    objective    inf_pr   inf_du lg(mu)  ||d||  lg(rg) alpha_du alpha_pr  ls
2150  2.0827724e-04 6.57e-06 1.02e+00 -11.0 9.05e-03    -  1.00e+00 1.00e+00h  1
2151  2.0792203e-04 6.42e-06 1.18e+00 -11.0 3.38e-02    -  1.00e+00 1.56e-02h  7
2152  2.0933183e-04 1.09e-06 5.26e-01 -11.0 1.14e-03    -  1.00e+00 1.00e+00h  1
2153  2.0821252e-04 2.06e-06 8.50e+00 -11.0 9.54e-03    -  1.00e+00 5.00e-01h  2
2154  2.0825924e-04 2.01e-06 3.60e+00 -11.0 1.11e-03    -  1.00e+00 1.00e+00h  1
2155  2.0715776e-04 5.28e-07 8.55e-01 -11.0 7.10e-04    -  1.00e+00 1.00e+00h  1
2156  2.0707076e-04 1.23e-07 1.33e-04 -11.0 1.22e-03    -  1.00e+00 1.00e+00h  1
2157  2.0706868e-04 2.27e-07 1.08e-04 -11.0 4.11e-03    -  1.00e+00 2.50e-01h  3
2158  2.0702330e-04 2.17e-07 1.71e-04 -11.0 4.86e-03    -  1.00e+00 6.25e-02h  5
2159  2.0699339e-04 1.51e-07 1.55e-04 -11.0 8.30e-04    -  1.00e+00 1.00e+00h  1
iter    objective    inf_pr   inf_du lg(mu)  ||d||  lg(rg) alpha_du alpha_pr  ls
2160  2.0698228e-04 2.01e-07 1.35e-04 -11.0 8.76e-04    -  1.00e+00 5.00e-01h  2
2161  2.0674956e-04 1.19e-07 1.17e-04 -11.0 3.32e-04    -  1.00e+00 1.00e+00h  1
2162  2.0681766e-04 4.57e-08 1.89e-04 -11.0 5.02e-04    -  1.00e+00 1.00e+00h  1
2163  2.0733908e-04 7.78e-09 3.45e-04 -11.0 1.37e-03    -  1.00e+00 1.00e+00H  1
2164  2.0714707e-04 1.33e-08 2.85e-04 -11.0 5.32e-03    -  1.00e+00 6.25e-02h  5
2165  2.0697319e-04 2.39e-08 2.39e-04 -11.0 1.14e-02    -  1.00e+00 3.12e-02h  6
2166  2.0678836e-04 3.68e-08 2.63e-04 -11.0 2.96e-03    -  1.00e+00 1.25e-01h  4
2167  2.0638433e-04 3.73e-08 1.13e-04 -11.0 5.16e-04    -  1.00e+00 1.00e+00h  1
2168  2.0634150e-04 1.96e-08 7.18e-05 -11.0 4.88e-04    -  1.00e+00 1.00e+00h  1
2169  2.0633480e-04 4.83e-07 1.90e-01 -11.0 1.03e-02    -  1.00e+00 2.50e-01h  3
iter    objective    inf_pr   inf_du lg(mu)  ||d||  lg(rg) alpha_du alpha_pr  ls
2170  2.0631499e-04 5.02e-07 8.68e-02 -11.0 3.39e-02    -  1.00e+00 1.56e-02h  7
2171  2.0605494e-04 1.32e-06 4.07e-01 -11.0 1.27e-02    -  1.00e+00 2.50e-01h  3
2172  2.0600082e-04 1.39e-06 3.01e-01 -11.0 2.21e-01    -  1.00e+00 3.91e-03h  9
2173  2.0597145e-04 1.31e-06 3.39e-01 -11.0 7.07e-03    -  1.00e+00 6.25e-02h  5
2174  2.0594893e-04 2.79e-06 3.90e-01 -11.0 8.29e-03    -  1.00e+00 1.00e+00h  1
2175  2.0581602e-04 2.93e-06 5.24e-01 -11.0 1.44e-01    -  1.00e+00 7.81e-03h  8
2176  2.0550183e-04 3.16e-06 4.84e-01 -11.0 4.11e-02    -  1.00e+00 6.25e-02h  5
2177  2.0511338e-04 4.28e-06 1.05e+00 -11.0 1.53e-01    -  1.00e+00 6.25e-02h  5
2178  2.0477367e-04 1.41e-05 1.89e+00 -11.0 1.77e+00    -  1.00e+00 7.81e-03h  8
2179  2.0443987e-04 1.73e-05 2.10e+00 -11.0 6.28e-01    -  1.00e+00 1.56e-02h  7
iter    objective    inf_pr   inf_du lg(mu)  ||d||  lg(rg) alpha_du alpha_pr  ls
2180  2.0370535e-04 2.30e-05 3.97e+00 -11.0 1.04e+00    -  1.00e+00 1.56e-02h  7
2181  2.0376858e-04 2.30e-05 3.92e+00 -11.0 9.20e-01    -  1.00e+00 1.95e-03h 10
2182  2.0356667e-04 2.16e-05 3.66e+00 -11.0 1.65e-02    -  1.00e+00 6.25e-02h  5
2183  2.0252825e-04 1.09e-05 1.66e+01 -11.0 4.63e-03    -  1.00e+00 5.00e-01h  2
2184  2.0048833e-04 9.82e-06 1.22e+01 -11.0 2.73e-02    -  1.00e+00 2.50e-01h  3
2185  2.4809454e-04 6.14e-04 7.87e+01 -11.0 1.15e-01    -  1.00e+00 1.00e+00w  1
2186  2.3215181e-03 5.20e-03 1.85e+01 -11.0 2.77e-01    -  1.00e+00 1.00e+00w  1
2187  3.2960379e-02 1.40e-02 5.94e+03 -11.0 2.36e-01    -  1.00e+00 1.00e+00w  1
2188  2.0014200e-04 3.43e-05 1.07e+01 -11.0 2.56e-01    -  1.00e+00 2.50e-01h  2
2189  2.0039221e-04 3.26e-05 1.05e+01 -11.0 7.44e-02    -  1.00e+00 6.25e-02h  5
iter    objective    inf_pr   inf_du lg(mu)  ||d||  lg(rg) alpha_du alpha_pr  ls
2190  1.9992598e-04 3.05e-05 9.95e+00 -11.0 7.45e-03    -  1.00e+00 6.25e-02h  5
2191  1.9975961e-04 1.54e-05 4.97e+00 -11.0 2.04e-03    -  1.00e+00 5.00e-01h  2
2192  1.9823315e-04 2.58e-07 7.63e-01 -11.0 2.20e-03    -  1.00e+00 1.00e+00h  1
2193  1.9765871e-04 3.73e-07 6.54e-01 -11.0 1.10e-02    -  1.00e+00 1.25e-01h  4
2194  2.0809463e-04 3.71e-09 5.43e-04 -11.0 1.38e-02    -  1.00e+00 1.00e+00H  1
2195  2.0784097e-04 4.84e-09 5.47e-04 -11.0 2.53e-02    -  1.00e+00 7.81e-03h  8
2196  2.0103198e-04 2.87e-06 5.91e-01 -11.0 1.66e-02    -  1.00e+00 2.50e-01h  3
2197  1.9928053e-04 2.70e-06 7.26e-01 -11.0 3.47e-02    -  1.00e+00 3.12e-02h  6
2198  1.9873631e-04 2.58e-06 6.50e-01 -11.0 9.18e-03    -  1.00e+00 6.25e-02h  5
2199  1.9785357e-04 3.62e-06 7.40e-01 -11.0 2.54e-02    -  1.00e+00 1.25e-01h  4
iter    objective    inf_pr   inf_du lg(mu)  ||d||  lg(rg) alpha_du alpha_pr  ls
2200  2.6596838e-04 3.41e-07 4.80e-01 -11.0 7.72e-03    -  1.00e+00 1.00e+00H  1
2201  2.3504358e-04 5.19e-07 6.14e-01 -11.0 3.48e-03    -  1.00e+00 2.50e-01h  3
2202  2.1691205e-04 1.05e-06 2.75e-01 -11.0 5.55e-03    -  1.00e+00 2.50e-01h  3
2203  2.1277638e-04 9.78e-07 2.07e-01 -11.0 8.44e-03    -  1.00e+00 6.25e-02h  5
2204  2.0073922e-04 1.02e-07 6.91e-04 -11.0 2.71e-03    -  1.00e+00 1.00e+00H  1
2205  1.9737978e-04 3.41e-07 1.40e+00 -11.0 1.69e-03    -  1.00e+00 5.00e-01h  2
2206  1.9667986e-04 7.12e-07 2.77e-04 -11.0 8.08e-04    -  1.00e+00 1.00e+00h  1
2207  1.9611777e-04 7.60e-08 9.96e-05 -11.0 3.44e-04    -  1.00e+00 1.00e+00h  1
2208  1.9605178e-04 6.47e-08 7.96e-05 -11.0 3.86e-04    -  1.00e+00 1.00e+00h  1
2209  1.9591588e-04 4.67e-09 1.93e-05 -11.0 1.33e-04    -  1.00e+00 1.00e+00h  1
iter    objective    inf_pr   inf_du lg(mu)  ||d||  lg(rg) alpha_du alpha_pr  ls
2210  1.9589504e-04 6.94e-10 2.68e-05 -11.0 5.25e-05    -  1.00e+00 1.00e+00h  1
2211  1.9584796e-04 1.64e-08 5.43e-05 -11.0 2.33e-04    -  1.00e+00 1.00e+00h  1
2212  1.9583416e-04 3.77e-08 1.15e-04 -11.0 1.29e-03    -  1.00e+00 2.50e-01h  3
2213  1.9608161e-04 6.70e-11 2.72e-04 -11.0 2.25e-03    -  1.00e+00 1.00e+00H  1
2214  1.9569708e-04 1.51e-07 2.85e-04 -11.0 4.26e-03    -  1.00e+00 2.50e-01h  3
2215  1.9523842e-04 4.39e-07 2.53e-01 -11.0 2.23e-02    -  1.00e+00 1.25e-01h  4
2216  1.9509254e-04 6.23e-07 3.16e-01 -11.0 1.70e-02    -  1.00e+00 6.25e-02h  5
2217  1.9476404e-04 9.80e-07 6.48e-01 -11.0 3.23e-02    -  1.00e+00 6.25e-02h  5
2218  1.9469946e-04 9.34e-07 5.34e-01 -11.0 4.99e-03    -  1.00e+00 6.25e-02h  5
2219  1.9449514e-04 1.47e-06 9.97e-01 -11.0 9.43e-03    -  1.00e+00 2.50e-01h  3
iter    objective    inf_pr   inf_du lg(mu)  ||d||  lg(rg) alpha_du alpha_pr  ls
2220  1.9423464e-04 1.56e-06 5.84e-01 -11.0 6.47e-02    -  1.00e+00 3.12e-02h  6
2221  1.9410991e-04 7.32e-06 1.28e+00 -11.0 3.66e-02    -  1.00e+00 1.25e-01h  4
2222  1.9378232e-04 7.28e-06 1.03e+00 -11.0 6.20e-02    -  1.00e+00 6.25e-02h  5
2223  1.9349361e-04 7.47e-06 7.90e-01 -11.0 2.09e-01    -  1.00e+00 1.56e-02h  7
2224  1.0481400e-03 2.50e-03 7.38e+01 -11.0 1.75e-01    -  1.00e+00 1.00e+00w  1
2225  6.8467921e-03 1.26e-02 6.27e+02 -11.0 1.96e-01    -  1.00e+00 1.00e+00w  1
2226  1.1737125e-02 4.30e-03 3.38e+03 -11.0 2.73e-01    -  1.00e+00 1.00e+00w  1
2227  1.9319381e-04 1.00e-05 1.55e+00 -11.0 1.49e-01    -  1.00e+00 3.12e-02h  5
2228  1.9294756e-04 1.16e-05 1.07e+00 -11.0 1.79e-01    -  1.00e+00 1.56e-02h  7
2229  1.9316186e-04 1.15e-05 9.32e-01 -11.0 4.21e-02    -  1.00e+00 6.25e-02h  5
iter    objective    inf_pr   inf_du lg(mu)  ||d||  lg(rg) alpha_du alpha_pr  ls
2230  1.9301598e-04 1.14e-05 1.02e+00 -11.0 3.25e-02    -  1.00e+00 1.25e-01h  4
2231  1.9299869e-04 1.06e-05 1.05e+00 -11.0 1.50e-02    -  1.00e+00 6.25e-02h  5
2232  1.9260637e-04 5.68e-06 2.34e-01 -11.0 4.26e-03    -  1.00e+00 5.00e-01h  2
2233  1.9224113e-04 5.68e-06 2.48e-01 -11.0 3.66e-02    -  1.00e+00 6.25e-02h  5
2234  1.9208974e-04 5.98e-06 3.46e-01 -11.0 8.01e-02    -  1.00e+00 3.12e-02h  6
2235  1.9191127e-04 6.26e-06 4.61e-01 -11.0 1.26e-01    -  1.00e+00 1.56e-02h  7
2236  1.9183114e-04 6.20e-06 7.41e-01 -11.0 6.29e-02    -  1.00e+00 1.56e-02h  7
2237  3.4556069e-04 3.58e-04 6.43e+01 -11.0 3.45e-02    -  1.00e+00 1.00e+00w  1
2238  1.2444169e-02 9.00e-03 1.42e+02 -11.0 2.93e-01    -  1.00e+00 1.00e+00w  1
2239  3.0901575e-02 2.66e-02 9.03e+02 -11.0 9.49e-01    -  1.00e+00 1.00e+00w  1
iter    objective    inf_pr   inf_du lg(mu)  ||d||  lg(rg) alpha_du alpha_pr  ls
2240  1.9172856e-04 5.94e-06 1.86e+00 -11.0 4.29e+00    -  1.00e+00 6.25e-02h  4
2241  1.9155892e-04 5.99e-06 1.66e+00 -11.0 2.78e-01    -  1.00e+00 3.91e-03h  9
2242  1.9181974e-04 4.75e-06 9.34e-01 -11.0 4.24e-03    -  1.00e+00 2.50e-01h  3
2243  1.9229586e-04 2.32e-06 9.15e-01 -11.0 3.52e-03    -  1.00e+00 5.00e-01h  2
2244  1.9267573e-04 1.88e-06 7.77e-01 -11.0 4.13e-03    -  1.00e+00 2.50e-01h  3
2245  1.9287648e-04 8.10e-07 1.97e+00 -11.0 8.07e-04    -  1.00e+00 1.00e+00h  1
2246  1.9240163e-04 1.48e-07 1.38e-04 -11.0 5.61e-04    -  1.00e+00 1.00e+00h  1
2247  1.9187163e-04 4.37e-07 1.18e+00 -11.0 8.26e-04    -  1.00e+00 1.00e+00h  1
2248  1.9181105e-04 1.95e-07 7.77e-05 -11.0 1.67e-03    -  1.00e+00 1.00e+00h  1
2249  1.9170166e-04 4.23e-07 5.28e-01 -11.0 1.74e-03    -  1.00e+00 2.50e-01h  3
iter    objective    inf_pr   inf_du lg(mu)  ||d||  lg(rg) alpha_du alpha_pr  ls
2250  1.9167843e-04 3.78e-07 1.07e-04 -11.0 1.78e-03    -  1.00e+00 1.25e-01h  4
2251  1.9180416e-04 3.65e-07 1.14e-04 -11.0 5.82e-04    -  1.00e+00 1.00e+00h  1
2252  1.9188471e-04 3.03e-07 1.00e-04 -11.0 1.17e-03    -  1.00e+00 2.50e-01h  3
2253  1.9160478e-04 9.94e-07 8.12e-01 -11.0 1.46e-03    -  1.00e+00 1.00e+00h  1
2254  1.9157286e-04 4.96e-07 1.26e+00 -11.0 9.95e-04    -  1.00e+00 5.00e-01h  2
2255  1.9151923e-04 3.72e-07 1.12e+00 -11.0 8.97e-04    -  1.00e+00 2.50e-01h  3
2256  1.9146146e-04 1.67e-07 1.26e-04 -11.0 2.34e-04    -  1.00e+00 1.00e+00h  1
2257  1.9129164e-04 1.47e-07 1.07e-04 -11.0 2.94e-04    -  1.00e+00 1.00e+00h  1
2258  1.9122786e-04 2.65e-08 5.44e-05 -11.0 1.95e-04    -  1.00e+00 1.00e+00h  1
2259  1.9111235e-04 4.84e-08 4.04e-05 -11.0 4.67e-04    -  1.00e+00 1.00e+00h  1
iter    objective    inf_pr   inf_du lg(mu)  ||d||  lg(rg) alpha_du alpha_pr  ls
2260  1.9062704e-04 3.49e-07 1.56e-04 -11.0 3.15e-03    -  1.00e+00 1.00e+00h  1
2261  1.9044032e-04 2.06e-06 8.27e-01 -11.0 4.38e-01    -  1.00e+00 1.56e-02h  7
2262  1.9029732e-04 2.12e-06 1.00e+00 -11.0 1.92e-01    -  1.00e+00 7.81e-03h  8
2263  1.9023009e-04 2.01e-06 1.07e+00 -11.0 1.87e-02    -  1.00e+00 6.25e-02h  5
2264  1.9056357e-04 1.04e-06 6.54e-01 -11.0 3.26e-03    -  1.00e+00 5.00e-01h  2
2265  1.8967892e-04 5.51e-07 2.51e+00 -11.0 2.40e-03    -  1.00e+00 5.00e-01h  2
2266  1.8966243e-04 4.62e-07 1.09e-04 -11.0 8.70e-04    -  1.00e+00 1.00e+00h  1
2267  1.8958258e-04 8.07e-07 2.78e-01 -11.0 3.15e-03    -  1.00e+00 5.00e-01h  2
2268  1.8949960e-04 8.04e-07 4.42e-01 -11.0 1.22e-02    -  1.00e+00 1.25e-01h  4
2269  1.8958276e-04 7.81e-07 2.96e-01 -11.0 1.80e-03    -  1.00e+00 1.25e-01h  4
iter    objective    inf_pr   inf_du lg(mu)  ||d||  lg(rg) alpha_du alpha_pr  ls
2270  1.8901620e-04 3.04e-08 5.46e-05 -11.0 4.98e-04    -  1.00e+00 1.00e+00h  1
2271  1.8892298e-04 2.84e-08 5.32e-05 -11.0 1.26e-03    -  1.00e+00 1.00e+00h  1
2272  1.8884066e-04 8.88e-08 8.18e-05 -11.0 1.28e-01    -  1.00e+00 1.56e-02h  7
2273  1.8882847e-04 1.09e-07 1.02e-04 -11.0 6.25e-02    -  1.00e+00 1.56e-02h  7
2274  1.9242384e-04 6.32e-09 6.01e-04 -11.0 1.38e-02    -  1.00e+00 1.00e+00H  1
2275  1.9234150e-04 2.54e-08 4.57e-04 -11.0 1.59e-02    -  1.00e+00 7.81e-03h  8
2276  1.9230030e-04 3.38e-08 4.06e-04 -11.0 7.43e-03    -  1.00e+00 3.91e-03h  9
2277  1.9225819e-04 4.46e-08 3.95e-04 -11.0 7.33e-03    -  1.00e+00 3.91e-03h  9
2278  1.8981334e-04 6.09e-09 2.06e-04 -11.0 3.92e-04    -  1.00e+00 1.00e+00H  1
2279  1.8915770e-04 1.75e-08 1.52e-04 -11.0 1.14e-04    -  1.00e+00 1.00e+00h  1
iter    objective    inf_pr   inf_du lg(mu)  ||d||  lg(rg) alpha_du alpha_pr  ls
2280  1.8900966e-04 6.15e-08 1.80e-04 -11.0 1.07e-04    -  1.00e+00 1.00e+00h  1
2281  1.8890189e-04 4.19e-07 6.33e-05 -11.0 2.96e-03    -  1.00e+00 6.25e-02h  5
2282  1.8870662e-04 5.01e-08 4.18e-05 -11.0 1.21e-04    -  1.00e+00 1.00e+00h  1
2283  1.8863251e-04 1.38e-08 5.76e-05 -11.0 2.11e-04    -  1.00e+00 1.00e+00h  1
2284  1.8864576e-04 5.63e-11 9.74e-05 -11.0 3.30e-04    -  1.00e+00 1.00e+00H  1
2285  1.8858356e-04 3.75e-08 1.36e-04 -11.0 5.22e-04    -  1.00e+00 1.00e+00h  1
2286  1.8838572e-04 4.27e-08 5.24e-05 -11.0 1.81e-04    -  1.00e+00 1.00e+00h  1
2287  1.8825431e-04 6.55e-08 3.14e-05 -11.0 2.97e-04    -  1.00e+00 1.00e+00h  1
2288  1.8819605e-04 3.30e-07 5.60e-01 -11.0 1.29e-02    -  1.00e+00 6.25e-02h  5
2289  1.8815286e-04 4.24e-07 3.53e-01 -11.0 1.03e-02    -  1.00e+00 6.25e-02h  5
iter    objective    inf_pr   inf_du lg(mu)  ||d||  lg(rg) alpha_du alpha_pr  ls
2290  1.8786154e-04 1.06e-06 3.77e-01 -11.0 4.07e-03    -  1.00e+00 2.50e-01h  3
2291  1.8780510e-04 1.09e-06 2.05e-01 -11.0 6.65e-03    -  1.00e+00 1.25e-01h  4
2292  1.8778190e-04 1.05e-06 3.29e-01 -11.0 2.52e-03    -  1.00e+00 6.25e-02h  5
2293  1.8767388e-04 2.51e-07 5.79e-05 -11.0 6.91e-04    -  1.00e+00 1.00e+00h  1
2294  1.8765671e-04 2.82e-07 4.75e-05 -11.0 3.29e-03    -  1.00e+00 3.12e-02h  6
2295  1.8767719e-04 3.37e-07 4.58e-05 -11.0 3.60e-04    -  1.00e+00 5.00e-01h  2
2296  1.8760838e-04 3.09e-07 4.38e-05 -11.0 5.07e-04    -  1.00e+00 5.00e-01h  2
2297  1.8758015e-04 3.80e-07 5.73e-05 -11.0 1.71e-03    -  1.00e+00 2.50e-01h  3
2298  1.8752346e-04 4.26e-07 7.35e-05 -11.0 1.00e-01    -  1.00e+00 7.81e-03h  8
2299  1.8751838e-04 4.13e-07 8.51e-05 -11.0 9.02e-03    -  1.00e+00 3.12e-02h  6
iter    objective    inf_pr   inf_du lg(mu)  ||d||  lg(rg) alpha_du alpha_pr  ls
2300  1.8745056e-04 4.20e-07 5.00e-02 -11.0 8.23e-03    -  1.00e+00 1.25e-01h  4
2301  1.8742818e-04 4.34e-07 4.10e-02 -11.0 3.11e-02    -  1.00e+00 1.56e-02h  7
2302  1.8740376e-04 4.75e-07 6.73e-02 -11.0 1.17e-02    -  1.00e+00 3.12e-02h  6
2303  1.8733312e-04 7.07e-07 3.96e-01 -11.0 3.57e-02    -  1.00e+00 6.25e-02h  5
2304  5.2434473e-04 6.07e-04 8.05e+00 -11.0 2.13e-02    -  1.00e+00 1.00e+00w  1
2305  4.9998231e-04 2.19e-04 3.45e+01 -11.0 3.03e-02    -  1.00e+00 1.00e+00w  1
2306  1.2161404e-02 1.02e-02 1.77e+04 -11.0 5.96e-02    -  1.00e+00 1.00e+00w  1
2307  1.8732887e-04 7.51e-07 2.78e-01 -11.0 1.21e+00    -  1.00e+00 1.56e-02h  6
2308  1.8732303e-04 7.32e-07 2.87e-01 -11.0 6.12e-03    -  1.00e+00 6.25e-02h  5
2309  1.8741416e-04 8.50e-08 2.16e-04 -11.0 2.20e-04    -  1.00e+00 1.00e+00h  1
iter    objective    inf_pr   inf_du lg(mu)  ||d||  lg(rg) alpha_du alpha_pr  ls
2310  1.8734146e-04 5.67e-08 8.41e-05 -11.0 8.35e-05    -  1.00e+00 1.00e+00h  1
2311  1.8734092e-04 3.25e-09 2.15e-05 -11.0 2.93e-05    -  1.00e+00 1.00e+00h  1
2312  1.8733077e-04 3.76e-10 2.21e-05 -11.0 3.80e-05    -  1.00e+00 1.00e+00h  1
2313  1.8731808e-04 6.39e-10 2.65e-05 -11.0 6.34e-05    -  1.00e+00 1.00e+00h  1
2314  1.8729150e-04 3.02e-08 5.64e-05 -11.0 4.77e-04    -  1.00e+00 1.00e+00h  1
2315  1.8725625e-04 3.66e-07 1.14e-01 -11.0 1.90e-03    -  1.00e+00 1.00e+00h  1
2316  1.8724913e-04 4.04e-07 1.44e-01 -11.0 2.20e-02    -  1.00e+00 3.12e-02h  6
2317  1.8727517e-04 2.63e-07 1.12e-04 -11.0 8.68e-04    -  1.00e+00 1.00e+00h  1
2318  1.8708616e-04 7.93e-07 3.06e-01 -11.0 4.79e-04    -  1.00e+00 5.00e-01h  2
2319  1.8696985e-04 7.28e-07 7.14e-05 -11.0 1.10e-03    -  1.00e+00 5.00e-01h  2
iter    objective    inf_pr   inf_du lg(mu)  ||d||  lg(rg) alpha_du alpha_pr  ls
2320  1.8710351e-04 1.62e-07 1.43e-04 -11.0 7.01e-04    -  1.00e+00 1.00e+00h  1
2321  1.8696587e-04 1.05e-07 3.48e-05 -11.0 1.33e-03    -  1.00e+00 5.00e-01h  2
2322  1.8698646e-04 1.43e-07 9.50e-05 -11.0 1.79e-03    -  1.00e+00 5.00e-01h  2
2323  1.8700591e-04 1.44e-07 9.65e-05 -11.0 3.22e-03    -  1.00e+00 1.25e-01h  4
2324  1.8696753e-04 2.09e-07 1.21e-04 -11.0 7.74e-04    -  1.00e+00 5.00e-01h  2
2325  1.8686367e-04 2.57e-07 6.36e-05 -11.0 3.51e-04    -  1.00e+00 5.00e-01h  2
2326  1.8697322e-04 5.59e-09 9.55e-05 -11.0 1.14e-03    -  1.00e+00 1.00e+00H  1
2327  1.8693369e-04 9.82e-08 1.36e-04 -11.0 1.13e-03    -  1.00e+00 1.25e-01h  4
2328  1.8678645e-04 1.62e-07 1.25e-04 -11.0 1.30e-03    -  1.00e+00 1.00e+00h  1
2329  1.8676318e-04 2.56e-07 8.70e-05 -11.0 8.59e-03    -  1.00e+00 6.25e-02h  5
iter    objective    inf_pr   inf_du lg(mu)  ||d||  lg(rg) alpha_du alpha_pr  ls
2330  1.8674817e-04 2.40e-07 7.58e-05 -11.0 2.17e-03    -  1.00e+00 6.25e-02h  5
2331  1.8666398e-04 3.30e-07 2.42e-05 -11.0 6.45e-04    -  1.00e+00 1.00e+00h  1
2332  1.8665442e-04 2.77e-07 6.16e-05 -11.0 1.23e-03    -  1.00e+00 5.00e-01h  2
2333  1.8655086e-04 2.01e-07 8.83e-05 -11.0 7.51e-03    -  1.00e+00 2.50e-01h  3
2334  1.8609227e-04 4.12e-06 6.01e-01 -11.0 2.97e-01    -  1.00e+00 3.12e-02h  6
2335  1.8635641e-04 4.28e-06 5.98e-01 -11.0 1.69e-01    -  1.00e+00 1.56e-02h  7
2336  1.8617780e-04 4.39e-06 6.50e-01 -11.0 3.74e-02    -  1.00e+00 6.25e-02h  5
2337  1.8607095e-04 4.69e-06 7.41e-01 -11.0 3.56e-01    -  1.00e+00 7.81e-03h  8
2338  1.8600973e-04 5.81e-06 9.22e-01 -11.0 3.92e-01    -  1.00e+00 1.56e-02h  7
2339  1.8584604e-04 7.54e-06 8.75e-01 -11.0 3.23e-01    -  1.00e+00 1.56e-02h  7
iter    objective    inf_pr   inf_du lg(mu)  ||d||  lg(rg) alpha_du alpha_pr  ls
2340  1.8561075e-04 8.11e-06 8.76e-01 -11.0 2.73e-01    -  1.00e+00 1.56e-02h  7
2341  1.8534934e-04 8.69e-06 7.60e-01 -11.0 7.19e-02    -  1.00e+00 3.12e-02h  6
2342  6.4174234e-04 5.06e-04 1.44e+01 -11.0 8.92e-02    -  1.00e+00 1.00e+00w  1
2343  3.5304616e-04 1.04e-03 5.58e+00 -11.0 1.54e-01    -  1.00e+00 1.00e+00w  1
2344  1.9328639e+00 3.29e-01 2.23e+03 -11.0 5.04e-01    -  1.00e+00 1.00e+00w  1
2345  1.8523462e-04 8.86e-06 7.02e-01 -11.0 2.78e-01    -  1.00e+00 3.12e-02h  5
2346  1.8437324e-04 1.05e-07 6.86e-05 -11.0 1.01e-03    -  1.00e+00 1.00e+00h  1
2347  1.8418617e-04 7.01e-07 2.15e-01 -11.0 2.19e-02    -  1.00e+00 1.25e-01h  4
2348  1.8405364e-04 1.18e-06 4.24e-01 -11.0 8.73e-02    -  1.00e+00 3.12e-02h  6
2349  1.8379037e-04 1.14e-06 4.41e-01 -11.0 8.34e-02    -  1.00e+00 1.56e-02h  7
iter    objective    inf_pr   inf_du lg(mu)  ||d||  lg(rg) alpha_du alpha_pr  ls
2350  1.8367323e-04 1.22e-05 4.17e-01 -11.0 3.47e-02    -  1.00e+00 5.00e-01h  2
2351  1.8349161e-04 1.24e-05 5.19e-01 -11.0 4.38e-01    -  1.00e+00 7.81e-03h  8
2352  1.8354127e-04 1.21e-05 5.47e-01 -11.0 5.16e-02    -  1.00e+00 3.12e-02h  6
2353  1.8328431e-04 1.10e-05 5.49e-01 -11.0 2.46e-02    -  1.00e+00 1.25e-01h  4
2354  1.8274288e-04 1.42e-05 7.04e-01 -11.0 2.58e-01    -  1.00e+00 3.12e-02h  6
2355  1.8270512e-04 1.43e-05 7.25e-01 -11.0 3.90e-01    -  1.00e+00 3.91e-03h  9
2356  1.8285818e-04 1.26e-05 6.28e-01 -11.0 1.74e-02    -  1.00e+00 1.25e-01h  4
2357  1.9913517e-04 1.03e-04 5.68e+00 -11.0 2.91e-02    -  1.00e+00 1.00e+00w  1
2358  4.7209804e-03 2.33e-03 3.87e+01 -11.0 2.93e-01    -  1.00e+00 1.00e+00w  1
2359  2.0435969e-03 3.99e-03 9.07e+02 -11.0 2.09e-01    -  1.00e+00 1.00e+00w  1
iter    objective    inf_pr   inf_du lg(mu)  ||d||  lg(rg) alpha_du alpha_pr  ls
2360  1.8230516e-04 1.58e-05 6.52e-01 -11.0 4.82e+00    -  1.00e+00 2.50e-01h  2
2361  1.8228918e-04 6.83e-07 7.38e-01 -11.0 2.76e-03    -  1.00e+00 1.00e+00h  1
2362  1.8194951e-04 6.12e-07 4.02e-01 -11.0 3.37e-03    -  1.00e+00 1.25e-01h  4
2363  1.8161687e-04 8.07e-07 7.86e-01 -11.0 4.78e-03    -  1.00e+00 5.00e-01h  2
2364  1.8182524e-04 8.11e-07 8.67e-01 -11.0 1.74e-01    -  1.00e+00 1.56e-02h  7
2365  1.8181872e-04 7.86e-07 8.94e-01 -11.0 1.35e-02    -  1.00e+00 1.25e-01h  4
2366  1.8138143e-04 8.61e-07 7.24e-01 -11.0 4.12e-02    -  1.00e+00 6.25e-02h  5
2367  1.7975164e-04 7.17e-06 1.02e+00 -11.0 2.37e-01    -  1.00e+00 6.25e-02h  5
2368  1.7954603e-04 7.20e-06 1.15e+00 -11.0 1.39e+00    -  1.00e+00 1.95e-03h 10
2369  1.7932502e-04 7.26e-06 1.42e+00 -11.0 3.61e-01    -  1.00e+00 1.56e-02h  7
iter    objective    inf_pr   inf_du lg(mu)  ||d||  lg(rg) alpha_du alpha_pr  ls
2370  1.7921876e-04 7.10e-06 1.61e+00 -11.0 4.66e-01    -  1.00e+00 7.81e-03h  8
2371  1.7860679e-04 2.60e-05 2.95e+00 -11.0 3.46e+00    -  1.00e+00 7.81e-03h  8
2372  8.3143883e-01 2.33e-01 8.54e+02 -11.0 1.79e+00    -  1.00e+00 1.00e+00w  1
2373  1.3453396e+00 2.06e-01 4.31e+04 -11.0 1.66e+00    -  1.00e+00 1.00e+00w  1
2374  9.0778532e-01 2.02e-01 6.51e+06 -11.0 6.83e-01    -  1.00e+00 1.00e+00w  1
2375  1.7866393e-04 2.65e-05 3.01e+00 -11.0 3.68e+01    -  1.00e+00 9.77e-04h 10
2376  1.7901364e-04 1.37e-05 1.47e+00 -11.0 4.11e-03    -  1.00e+00 5.00e-01h  2
2377  1.7908346e-04 1.20e-05 1.44e+00 -11.0 6.11e-03    -  1.00e+00 1.25e-01h  4
2378  1.8144211e-04 2.26e-07 1.04e+00 -11.0 1.19e-03    -  1.00e+00 1.00e+00h  1
2379  1.7779964e-04 1.40e-07 1.66e-04 -11.0 1.15e-03    -  1.00e+00 1.00e+00h  1
iter    objective    inf_pr   inf_du lg(mu)  ||d||  lg(rg) alpha_du alpha_pr  ls
2380  1.7750591e-04 8.87e-08 1.16e-04 -11.0 2.15e-04    -  1.00e+00 1.00e+00h  1
2381  1.7726549e-04 1.07e-08 5.91e-05 -11.0 2.06e-04    -  1.00e+00 1.00e+00h  1
2382  1.7704492e-04 3.17e-08 4.29e-05 -11.0 4.03e-04    -  1.00e+00 1.00e+00h  1
2383  1.7699680e-04 3.65e-07 2.08e-04 -11.0 7.24e-03    -  1.00e+00 1.25e-01h  4
2384  1.7686745e-04 4.85e-07 2.47e-01 -11.0 5.35e-03    -  1.00e+00 2.50e-01h  3
2385  1.7653858e-04 8.27e-07 8.66e-01 -11.0 6.33e-03    -  1.00e+00 2.50e-01h  3
2386  1.7639686e-04 8.20e-07 4.70e-01 -11.0 6.73e-03    -  1.00e+00 6.25e-02h  5
2387  1.7611634e-04 4.67e-08 5.91e-05 -11.0 3.38e-04    -  1.00e+00 1.00e+00h  1
2388  1.7608877e-04 2.90e-08 1.04e-04 -11.0 3.17e-04    -  1.00e+00 1.00e+00h  1
2389  1.7606250e-04 5.02e-08 2.10e-05 -11.0 1.21e-03    -  1.00e+00 1.25e-01h  4
iter    objective    inf_pr   inf_du lg(mu)  ||d||  lg(rg) alpha_du alpha_pr  ls
2390  1.7601719e-04 7.13e-08 3.72e-05 -11.0 5.19e-04    -  1.00e+00 1.00e+00h  1
2391  1.7601120e-04 1.41e-07 8.22e-05 -11.0 6.41e-03    -  1.00e+00 1.25e-01h  4
2392  1.7600862e-04 2.18e-07 9.36e-05 -11.0 1.04e-02    -  1.00e+00 6.25e-02h  5
2393  1.7589293e-04 2.91e-06 5.47e+00 -11.0 6.84e-03    -  1.00e+00 1.00e+00H  1
2394  1.7581233e-04 2.55e-06 4.93e+00 -11.0 2.12e-03    -  1.00e+00 1.25e-01h  4
2395  1.8639630e-04 8.92e-09 9.05e-04 -11.0 4.13e-03    -  1.00e+00 1.00e+00H  1
2396  1.7765496e-04 1.24e-08 4.37e-04 -11.0 4.49e-03    -  1.00e+00 1.00e+00H  1
2397  1.7663033e-04 2.36e-08 2.70e-04 -11.0 9.27e-03    -  1.00e+00 6.25e-02h  5
2398  1.7610938e-04 5.28e-09 1.93e-04 -11.0 2.50e-03    -  1.00e+00 1.00e+00H  1
2399  1.7592792e-04 8.68e-08 1.19e-04 -11.0 1.06e-02    -  1.00e+00 6.25e-02h  5
iter    objective    inf_pr   inf_du lg(mu)  ||d||  lg(rg) alpha_du alpha_pr  ls
2400  1.7789427e-04 9.50e-10 4.98e-04 -11.0 1.55e-03    -  1.00e+00 1.00e+00H  1
2401  1.7655708e-04 1.54e-09 1.63e-04 -11.0 3.37e-03    -  1.00e+00 1.00e+00H  1
2402  1.7572561e-04 1.06e-06 3.32e-01 -11.0 5.80e-03    -  1.00e+00 5.00e-01h  2
2403  1.7560553e-04 1.07e-06 3.69e-01 -11.0 2.48e-02    -  1.00e+00 1.56e-02h  7
2404  1.7587761e-04 1.03e-07 3.82e-04 -11.0 4.63e-04    -  1.00e+00 1.00e+00h  1
2405  1.7544939e-04 5.30e-08 1.13e-04 -11.0 5.93e-04    -  1.00e+00 1.00e+00h  1
2406  1.7542435e-04 8.34e-08 2.43e-01 -11.0 7.13e-04    -  1.00e+00 1.00e+00h  1
2407  1.7581809e-04 1.67e-07 1.74e-04 -11.0 6.74e-04    -  1.00e+00 1.00e+00h  1
2408  1.7544196e-04 3.76e-08 2.14e-04 -11.0 4.01e-04    -  1.00e+00 1.00e+00h  1
2409  1.7532967e-04 2.07e-08 1.07e-04 -11.0 2.42e-04    -  1.00e+00 1.00e+00h  1
iter    objective    inf_pr   inf_du lg(mu)  ||d||  lg(rg) alpha_du alpha_pr  ls
2410  1.7523493e-04 7.20e-09 2.98e-05 -11.0 1.20e-04    -  1.00e+00 1.00e+00h  1
2411  1.7522869e-04 3.16e-10 2.65e-05 -11.0 3.10e-05    -  1.00e+00 1.00e+00h  1
2412  1.7522056e-04 1.02e-10 9.89e-06 -11.0 1.66e-05    -  1.00e+00 1.00e+00h  1
2413  1.7521277e-04 2.10e-10 1.06e-05 -11.0 4.83e-05    -  1.00e+00 1.00e+00h  1
2414  1.7520480e-04 3.33e-08 6.74e-05 -11.0 5.22e-04    -  1.00e+00 1.00e+00h  1
2415  1.7518099e-04 7.68e-08 1.05e-04 -11.0 5.91e-03    -  1.00e+00 1.25e-01h  4
2416  1.7515345e-04 9.69e-08 1.37e-04 -11.0 1.56e-02    -  1.00e+00 3.12e-02h  6
2417  1.7513933e-04 1.13e-07 1.19e-04 -11.0 6.87e-03    -  1.00e+00 6.25e-02h  5
2418  1.7511648e-04 8.68e-08 1.04e-04 -11.0 4.14e-04    -  1.00e+00 2.50e-01h  3
2419  1.7498592e-04 1.13e-08 1.08e-05 -11.0 2.98e-04    -  1.00e+00 1.00e+00h  1
iter    objective    inf_pr   inf_du lg(mu)  ||d||  lg(rg) alpha_du alpha_pr  ls
2420  1.7507496e-04 1.22e-08 4.76e-05 -11.0 1.81e-03    -  1.00e+00 1.00e+00H  1
2421  1.7505210e-04 4.62e-09 5.43e-05 -11.0 8.67e-03    -  1.00e+00 3.12e-02h  6
2422  1.7501538e-04 6.06e-09 4.32e-05 -11.0 8.19e-03    -  1.00e+00 3.12e-02h  6
2423  1.7496567e-04 2.87e-08 7.54e-05 -11.0 2.01e-02    -  1.00e+00 3.12e-02h  6
2424  1.7486226e-04 1.57e-07 7.01e-05 -11.0 3.53e-02    -  1.00e+00 3.12e-02h  6
2425  1.7483953e-04 2.08e-07 6.79e-05 -11.0 1.55e-02    -  1.00e+00 3.12e-02h  6
2426  1.7466357e-04 7.01e-08 5.30e-05 -11.0 5.88e-04    -  1.00e+00 1.00e+00h  1
2427  1.7463961e-04 2.32e-07 1.27e-04 -11.0 1.55e-02    -  1.00e+00 6.25e-02h  5
2428  1.7717955e-04 2.08e-11 3.92e-04 -11.0 3.21e-03    -  1.00e+00 1.00e+00H  1
2429  1.7711989e-04 2.96e-10 3.88e-04 -11.0 5.19e-03    -  1.00e+00 7.81e-03h  8
iter    objective    inf_pr   inf_du lg(mu)  ||d||  lg(rg) alpha_du alpha_pr  ls
2430  1.7690246e-04 7.36e-10 3.66e-04 -11.0 3.50e-03    -  1.00e+00 1.56e-02h  7
2431  1.7682382e-04 7.35e-10 3.62e-04 -11.0 2.09e-03    -  1.00e+00 7.81e-03h  8
2432  1.7462621e-04 7.01e-07 4.58e-04 -11.0 2.34e-03    -  1.00e+00 1.00e+00h  1
2433  1.7437766e-04 6.75e-07 2.37e-04 -11.0 3.87e-03    -  1.00e+00 2.50e-01h  3
2434  1.7426725e-04 5.94e-07 1.51e-04 -11.0 1.11e-03    -  1.00e+00 1.25e-01h  4
2435  1.7399112e-04 6.83e-08 3.17e-05 -11.0 7.70e-04    -  1.00e+00 1.00e+00h  1
2436  1.7410885e-04 5.17e-09 1.19e-04 -11.0 1.45e-04    -  1.00e+00 1.00e+00H  1
2437  1.7396357e-04 1.03e-08 1.80e-05 -11.0 1.56e-04    -  1.00e+00 1.00e+00h  1
2438  1.7393452e-04 6.22e-09 2.18e-05 -11.0 3.47e-04    -  1.00e+00 1.00e+00h  1
2439  1.7385838e-04 1.82e-07 6.02e-05 -11.0 4.76e-01    -  1.00e+00 3.91e-03h  9
iter    objective    inf_pr   inf_du lg(mu)  ||d||  lg(rg) alpha_du alpha_pr  ls
2440  1.7385258e-04 1.97e-07 5.69e-05 -11.0 7.29e-02    -  1.00e+00 7.81e-03h  8
2441  1.7378940e-04 2.98e-07 1.13e-04 -11.0 1.28e-02    -  1.00e+00 1.25e-01h  4
2442  1.7352568e-04 2.60e-06 2.01e-01 -11.0 4.50e-01    -  1.00e+00 1.56e-02h  7
2443  1.7350624e-04 2.62e-06 1.97e-01 -11.0 2.84e-01    -  1.00e+00 3.91e-03h  9
2444  1.7336435e-04 5.28e-06 2.66e-01 -11.0 2.47e-01    -  1.00e+00 3.12e-02h  6
2445  1.7264125e-04 1.75e-05 5.57e-01 -11.0 3.29e-01    -  1.00e+00 6.25e-02h  5
2446  1.7260098e-04 1.77e-05 5.96e-01 -11.0 4.28e+00    -  1.00e+00 4.88e-04h 12
2447  1.7258794e-04 1.92e-05 7.19e-01 -11.0 1.78e+00    -  1.00e+00 3.91e-03h  9
2448  1.7257289e-04 2.15e-05 8.42e-01 -11.0 1.02e+00    -  1.00e+00 7.81e-03h  8
2449  7.1817570e-02 7.81e+00 9.48e+05 -11.0 7.20e+00    -  1.00e+00 1.00e+00w  1
iter    objective    inf_pr   inf_du lg(mu)  ||d||  lg(rg) alpha_du alpha_pr  ls
2450  2.1263004e+01 1.69e+01 7.41e+05 -11.0 1.62e+00    -  1.00e+00 1.00e+00w  1
2451  4.5007460e+00 9.59e+01 4.39e+07 -11.0 1.42e+00    -  1.00e+00 1.00e+00w  1
2452  1.7245029e-04 4.94e-05 1.32e+00 -11.0 6.27e-01    -  1.00e+00 3.91e-03h  8
2453  1.7225791e-04 7.30e-08 2.69e-04 -11.0 2.06e-03    -  1.00e+00 1.00e+00h  1
2454  1.7224004e-04 9.40e-08 1.93e-04 -11.0 4.72e-02    -  1.00e+00 1.56e-02h  7
2455  1.7204568e-04 2.94e-07 5.78e+01 -11.0 2.84e-03    -  1.00e+00 1.00e+00h  1
2456  1.7180605e-04 3.36e-07 5.71e+01 -11.0 3.47e-02    -  1.00e+00 3.12e-02h  6
2457  1.7176390e-04 3.87e-07 4.87e+01 -11.0 5.39e-03    -  1.00e+00 2.50e-01h  3
2458  1.7343894e-04 1.09e-07 9.12e-04 -11.0 9.62e-03    -  1.00e+00 1.00e+00H  1
2459  1.7323053e-04 1.56e-07 8.95e-04 -11.0 3.27e-01    -  1.00e+00 3.91e-03h  9
iter    objective    inf_pr   inf_du lg(mu)  ||d||  lg(rg) alpha_du alpha_pr  ls
2460  1.7292794e-04 2.07e-07 8.94e-04 -11.0 5.05e-02    -  1.00e+00 1.56e-02h  7
2461  1.7165751e-04 3.99e-05 2.96e+00 -11.0 1.30e-01    -  1.00e+00 2.50e-01h  3
2462  1.7161398e-04 4.26e-05 1.69e+00 -11.0 7.21e+00    -  1.00e+00 9.77e-04h 11
2463  1.7161803e-04 4.27e-05 1.26e+00 -11.0 5.47e-01    -  1.00e+00 3.91e-03h  9
2464  1.7125298e-04 4.31e-05 3.33e-01 -11.0 1.34e-01    -  1.00e+00 6.25e-02h  5
2465  1.7124368e-04 4.90e-05 1.70e+00 -11.0 3.01e+00    -  1.00e+00 1.95e-03h 10
2466  1.7089116e-04 4.88e-05 1.39e+00 -11.0 2.14e-01    -  1.00e+00 7.81e-03h  8
2467  1.7117464e-04 3.74e-05 2.00e+00 -11.0 1.15e-02    -  1.00e+00 2.50e-01h  3
2468  1.7067213e-04 3.68e-05 1.54e+00 -11.0 1.05e-01    -  1.00e+00 6.25e-02h  5
2469  1.7551793e-03 3.27e-03 8.72e+00 -11.0 3.07e-01    -  1.00e+00 1.00e+00w  1
iter    objective    inf_pr   inf_du lg(mu)  ||d||  lg(rg) alpha_du alpha_pr  ls
2470  4.4057213e-03 2.23e-03 2.93e+01 -11.0 1.13e-01    -  1.00e+00 1.00e+00w  1
2471  9.1027082e-02 2.10e-03 4.53e+02 -11.0 5.84e-02    -  1.00e+00 1.00e+00w  1
2472  1.7059477e-04 3.68e-05 1.79e+00 -11.0 1.62e-01    -  1.00e+00 7.81e-03h  7
2473  1.7010065e-04 1.95e-05 8.99e-01 -11.0 6.59e-03    -  1.00e+00 5.00e-01h  2
2474  1.7021187e-04 1.92e-05 8.43e-01 -11.0 5.63e-02    -  1.00e+00 3.12e-02h  6
2475  1.7068106e-04 1.45e-05 6.45e-01 -11.0 7.01e-03    -  1.00e+00 2.50e-01h  3
2476  1.7109211e-04 1.02e-06 1.93e-01 -11.0 1.95e-03    -  1.00e+00 1.00e+00h  1
2477  1.7245846e-04 9.08e-08 4.09e-04 -11.0 3.44e-03    -  1.00e+00 1.00e+00H  1
2478  1.7116244e-04 3.00e-07 3.61e-04 -11.0 4.27e-03    -  1.00e+00 2.50e-01h  3
2479  1.7036739e-04 4.76e-06 5.16e-01 -11.0 1.64e-02    -  1.00e+00 2.50e-01h  3
iter    objective    inf_pr   inf_du lg(mu)  ||d||  lg(rg) alpha_du alpha_pr  ls
2480  1.7059523e-04 4.18e-06 3.05e-01 -11.0 2.05e-03    -  1.00e+00 1.25e-01h  4
2481  1.6935580e-04 6.37e-07 2.87e-05 -11.0 1.61e-03    -  1.00e+00 1.00e+00h  1
2482  1.7116604e-04 3.53e-08 3.13e-04 -11.0 5.18e-04    -  1.00e+00 1.00e+00h  1
2483  1.6933010e-04 1.94e-08 1.99e-05 -11.0 3.84e-04    -  1.00e+00 1.00e+00h  1
2484  1.6932058e-04 9.78e-10 1.48e-05 -11.0 5.49e-05    -  1.00e+00 1.00e+00h  1
2485  1.6923729e-04 5.92e-08 2.91e-05 -11.0 3.51e-04    -  1.00e+00 1.00e+00h  1
2486  1.6922572e-04 8.10e-07 2.16e-01 -11.0 3.31e-02    -  1.00e+00 6.25e-02h  5
2487  1.6912953e-04 8.26e-07 2.49e-01 -11.0 4.73e-02    -  1.00e+00 1.56e-02h  7
2488  1.6909137e-04 8.02e-07 2.25e-01 -11.0 7.39e-03    -  1.00e+00 6.25e-02h  5
2489  1.6859455e-04 4.59e-07 1.17e-04 -11.0 2.05e-03    -  1.00e+00 1.00e+00h  1
iter    objective    inf_pr   inf_du lg(mu)  ||d||  lg(rg) alpha_du alpha_pr  ls
2490  1.6844196e-04 1.15e-06 8.26e-02 -11.0 2.40e-02    -  1.00e+00 6.25e-02h  5
2491  1.6839058e-04 1.19e-06 9.61e-02 -11.0 1.47e-02    -  1.00e+00 3.12e-02h  6
2492  1.6815632e-04 1.84e-07 6.26e-01 -11.0 9.17e-04    -  1.00e+00 1.00e+00h  1
2493  1.6769352e-04 8.18e-06 2.53e-01 -11.0 2.67e-02    -  1.00e+00 2.50e-01h  3
2494  1.6773129e-04 8.18e-06 3.33e-01 -11.0 7.32e-02    -  1.00e+00 7.81e-03h  8
2495  1.6756910e-04 8.66e-06 4.76e-01 -11.0 2.12e-02    -  1.00e+00 1.25e-01h  4
2496  1.6743001e-04 8.75e-06 5.12e-01 -11.0 2.51e-02    -  1.00e+00 6.25e-02h  5
2497  1.6717245e-04 1.07e-05 8.51e-01 -11.0 8.61e-02    -  1.00e+00 3.12e-02h  6
2498  1.6716489e-04 1.07e-05 9.17e-01 -11.0 6.75e-02    -  1.00e+00 7.81e-03h  8
2499  1.6739850e-04 7.51e-07 1.33e-04 -11.0 2.39e-03    -  1.00e+00 1.00e+00h  1
iter    objective    inf_pr   inf_du lg(mu)  ||d||  lg(rg) alpha_du alpha_pr  ls
2500  1.6733243e-04 1.73e-06 3.94e-01 -11.0 2.36e-02    -  1.00e+00 1.25e-01h  4
2501  1.6728281e-04 1.66e-06 3.58e-01 -11.0 8.79e-03    -  1.00e+00 6.25e-02h  5
2502  1.6704502e-04 1.61e-06 2.28e-01 -11.0 5.72e-03    -  1.00e+00 2.50e-01h  3
2503  1.6697036e-04 1.93e-06 1.72e-01 -11.0 2.63e-02    -  1.00e+00 6.25e-02h  5
2504  1.6692350e-04 2.02e-06 2.05e-01 -11.0 3.08e-02    -  1.00e+00 3.12e-02h  6
2505  1.6692142e-04 1.96e-06 2.30e-01 -11.0 9.66e-03    -  1.00e+00 3.12e-02h  6
2506  1.6670852e-04 2.05e-07 1.30e-05 -11.0 1.18e-03    -  1.00e+00 1.00e+00h  1
2507  1.6670867e-04 2.01e-07 4.11e-05 -11.0 4.52e-03    -  1.00e+00 6.25e-02h  5
2508  1.6644710e-04 5.76e-07 3.03e-01 -11.0 1.81e-03    -  1.00e+00 1.00e+00h  1
2509  1.6642290e-04 5.76e-07 3.11e-01 -11.0 5.32e-02    -  1.00e+00 3.91e-03h  9
iter    objective    inf_pr   inf_du lg(mu)  ||d||  lg(rg) alpha_du alpha_pr  ls
2510  1.6667701e-04 4.78e-07 2.53e-04 -11.0 2.34e-03    -  1.00e+00 5.00e-01h  2
2511  1.6635532e-04 2.49e-07 1.09e-04 -11.0 2.39e-03    -  1.00e+00 1.00e+00h  1
2512  1.6628698e-04 2.50e-07 7.16e-05 -11.0 1.99e-02    -  1.00e+00 3.12e-02h  6
2513  1.6798864e-04 1.79e-08 4.85e-04 -11.0 2.12e-03    -  1.00e+00 1.00e+00H  1
2514  1.6866968e-04 2.74e-08 3.66e-04 -11.0 2.18e-03    -  1.00e+00 1.00e+00H  1
2515  1.7235490e-04 2.23e-10 6.45e-04 -11.0 3.87e-03    -  1.00e+00 1.00e+00H  1
2516  1.7219531e-04 5.10e-10 6.38e-04 -11.0 1.12e-02    -  1.00e+00 7.81e-03h  8
2517  1.7196882e-04 9.72e-10 6.32e-04 -11.0 2.18e-02    -  1.00e+00 3.91e-03h  9
2518  1.6798948e-04 1.69e-08 6.09e-04 -11.0 1.82e-03    -  1.00e+00 1.00e+00H  1
2519  1.6673897e-04 1.20e-07 2.52e-04 -11.0 1.87e-03    -  1.00e+00 2.50e-01h  3
iter    objective    inf_pr   inf_du lg(mu)  ||d||  lg(rg) alpha_du alpha_pr  ls
2520  1.6707764e-04 4.26e-09 2.81e-04 -11.0 1.21e-03    -  1.00e+00 1.00e+00H  1
2521  1.6715456e-04 5.25e-10 3.61e-04 -11.0 5.76e-04    -  1.00e+00 1.00e+00H  1
2522  1.6603475e-04 4.38e-08 8.16e-05 -11.0 7.37e-04    -  1.00e+00 1.00e+00h  1
2523  1.6619193e-04 3.95e-09 1.75e-04 -11.0 2.90e-04    -  1.00e+00 1.00e+00H  1
2524  1.6592155e-04 2.54e-08 1.13e-05 -11.0 2.08e-04    -  1.00e+00 1.00e+00h  1
2525  1.6591480e-04 3.59e-11 9.96e-06 -11.0 2.56e-05    -  1.00e+00 1.00e+00h  1
2526  1.6587818e-04 5.76e-09 4.59e-05 -11.0 3.80e-04    -  1.00e+00 1.00e+00h  1
2527  1.6586369e-04 5.86e-09 3.96e-05 -11.0 4.66e-03    -  1.00e+00 6.25e-02h  5
2528  1.6645368e-04 1.28e-10 2.67e-04 -11.0 9.54e-04    -  1.00e+00 1.00e+00H  1
2529  1.6631631e-04 1.55e-10 2.01e-04 -11.0 3.21e-04    -  1.00e+00 1.00e+00H  1
iter    objective    inf_pr   inf_du lg(mu)  ||d||  lg(rg) alpha_du alpha_pr  ls
2530  1.6597830e-04 1.21e-11 1.17e-04 -11.0 6.92e-04    -  1.00e+00 1.00e+00H  1
2531  1.6585651e-04 6.61e-09 7.81e-05 -11.0 2.05e-04    -  1.00e+00 1.00e+00h  1
2532  1.6579405e-04 2.97e-09 4.63e-05 -11.0 1.42e-04    -  1.00e+00 1.00e+00h  1
2533  1.6591066e-04 5.61e-11 2.05e-04 -11.0 1.98e-04    -  1.00e+00 1.00e+00H  1
2534  1.6577887e-04 2.71e-09 1.07e-05 -11.0 1.28e-04    -  1.00e+00 1.00e+00h  1
2535  1.6577574e-04 1.70e-10 1.04e-05 -11.0 2.40e-05    -  1.00e+00 1.00e+00h  1
2536  1.6577018e-04 1.71e-10 7.43e-06 -11.0 2.99e-05    -  1.00e+00 1.00e+00h  1
2537  1.6707090e-04 2.24e-12 2.75e-04 -11.0 2.19e-03    -  1.00e+00 1.00e+00H  1
2538  1.6702659e-04 2.30e-11 2.70e-04 -11.0 6.55e-04    -  1.00e+00 1.56e-02h  7
2539  1.6699615e-04 3.03e-11 2.67e-04 -11.0 7.74e-04    -  1.00e+00 7.81e-03h  8
iter    objective    inf_pr   inf_du lg(mu)  ||d||  lg(rg) alpha_du alpha_pr  ls
2540  1.6575622e-04 7.10e-08 1.14e-04 -11.0 4.29e-04    -  1.00e+00 1.00e+00h  1
2541  1.6565854e-04 8.71e-09 5.67e-05 -11.0 1.50e-04    -  1.00e+00 1.00e+00h  1
2542  1.6564352e-04 4.55e-09 6.97e-05 -11.0 1.94e-04    -  1.00e+00 1.00e+00h  1
2543  1.6575592e-04 4.53e-09 9.34e-05 -11.0 3.92e-04    -  1.00e+00 1.00e+00h  1
2544  1.6568680e-04 3.61e-10 1.31e-04 -11.0 1.23e-04    -  1.00e+00 1.00e+00H  1
2545  1.6561769e-04 7.08e-09 3.72e-05 -11.0 1.90e-04    -  1.00e+00 1.00e+00h  1
2546  1.6560219e-04 8.81e-10 1.25e-05 -11.0 1.55e-04    -  1.00e+00 1.00e+00h  1
2547  1.6562162e-04 7.74e-11 6.24e-05 -11.0 4.66e-04    -  1.00e+00 1.00e+00H  1
2548  1.6558247e-04 1.94e-08 1.44e-04 -11.0 5.44e-03    -  1.00e+00 1.25e-01h  4
2549  1.6556069e-04 5.12e-08 1.05e-04 -11.0 2.38e-02    -  1.00e+00 3.12e-02h  6
iter    objective    inf_pr   inf_du lg(mu)  ||d||  lg(rg) alpha_du alpha_pr  ls
2550  1.6555460e-04 2.93e-07 1.57e-04 -11.0 7.25e-03    -  1.00e+00 2.50e-01h  3
2551  1.6547345e-04 3.94e-07 1.18e-04 -11.0 4.17e-02    -  1.00e+00 3.12e-02h  6
2552  1.6542276e-04 4.75e-06 2.01e-01 -11.0 2.72e-02    -  1.00e+00 5.00e-01h  2
2553  1.6529251e-04 5.11e-06 2.92e-01 -11.0 1.61e+00    -  1.00e+00 1.95e-03h 10
2554  1.6522656e-04 5.81e-06 3.57e-01 -11.0 5.62e-01    -  1.00e+00 7.81e-03h  8
2555  1.6514797e-04 5.78e-06 2.90e-01 -11.0 1.68e-01    -  1.00e+00 1.56e-02h  7
2556  1.6492548e-04 7.60e-06 9.80e-01 -11.0 4.83e-01    -  1.00e+00 3.12e-02h  6
2557  1.6488169e-04 7.62e-06 1.01e+00 -11.0 1.56e+00    -  1.00e+00 9.77e-04h 11
2558  1.8366958e-04 4.81e-06 1.33e+00 -11.0 6.30e-03    -  1.00e+00 1.00e+00w  1
2559  1.7375281e-04 2.25e-05 3.38e+00 -11.0 2.73e-02    -  1.00e+00 1.00e+00w  1
iter    objective    inf_pr   inf_du lg(mu)  ||d||  lg(rg) alpha_du alpha_pr  ls
2560  1.0986585e-02 1.05e-02 3.36e+03 -11.0 7.81e-01    -  1.00e+00 1.00e+00w  1
2561  1.6484015e-04 6.72e-06 1.05e+00 -11.0 5.74e+00    -  1.00e+00 1.25e-01h  3
2562  1.6454131e-04 6.86e-06 1.00e+00 -11.0 2.77e-01    -  1.00e+00 3.91e-03h  9
2563  1.6312103e-04 1.83e-05 1.88e+00 -11.0 6.15e-02    -  1.00e+00 5.00e-01h  2
2564  1.6246513e-04 2.71e-05 2.97e+00 -11.0 2.12e+01    -  1.00e+00 9.77e-04h 11
2565  1.6239514e-04 2.78e-05 3.07e+00 -11.0 5.65e+00    -  1.00e+00 9.77e-04h 11
2566  1.6234087e-04 2.88e-05 3.05e+00 -11.0 6.49e-01    -  1.00e+00 1.56e-02h  7
2567  1.6196402e-04 3.43e-05 2.64e+00 -11.0 5.42e+00    -  1.00e+00 3.91e-03h  9
2568  1.6153185e-04 3.97e-05 2.93e+00 -11.0 2.39e+01    -  1.00e+00 9.77e-04h 11
2569  1.6163786e-04 4.14e-05 4.29e+00 -11.0 1.50e+01    -  1.00e+00 1.95e-03h 10
iter    objective    inf_pr   inf_du lg(mu)  ||d||  lg(rg) alpha_du alpha_pr  ls
2570  1.6133194e-04 4.26e-05 4.87e+00 -11.0 1.44e+01    -  1.00e+00 9.77e-04h 11
2571  2.2682668e-01 2.23e-02 2.08e+02 -11.0 4.37e-01    -  1.00e+00 1.00e+00w  1
2572  2.2598500e-02 8.62e-03 1.67e+04 -11.0 5.80e-01    -  1.00e+00 1.00e+00w  1
2573  1.0376841e+00 1.50e-02 4.19e+04 -11.0 7.95e-01    -  1.00e+00 1.00e+00w  1
2574  1.6122833e-04 4.25e-05 4.90e+00 -11.0 3.34e-01    -  1.00e+00 9.77e-04h 10
2575  1.6020187e-04 2.70e-06 9.99e+00 -11.0 2.17e-02    -  1.00e+00 1.00e+00h  1
2576  1.6013163e-04 2.72e-06 9.15e+00 -11.0 2.40e+00    -  1.00e+00 9.77e-04h 11
2577  1.6011465e-04 3.43e-06 2.22e+00 -11.0 9.32e-02    -  1.00e+00 1.25e-01h  4
2578  1.6004856e-04 3.50e-06 1.34e+00 -11.0 1.65e+00    -  1.00e+00 1.95e-03h 10
2579  1.6002082e-04 3.43e-06 1.76e+00 -11.0 3.19e-02    -  1.00e+00 1.56e-02h  7
iter    objective    inf_pr   inf_du lg(mu)  ||d||  lg(rg) alpha_du alpha_pr  ls
2580  1.5914851e-04 2.19e-06 2.44e+00 -11.0 8.68e-03    -  1.00e+00 1.00e+00h  1
2581  1.5888049e-04 2.55e-06 2.82e+00 -11.0 7.90e-01    -  1.00e+00 1.95e-03h 10
2582  1.6210810e-04 4.80e-08 7.59e-04 -11.0 8.49e-03    -  1.00e+00 1.00e+00H  1
2583  1.6126965e-04 7.40e-07 3.17e+00 -11.0 1.51e-01    -  1.00e+00 3.12e-02h  6
2584  1.6062043e-04 1.12e-06 3.19e+00 -11.0 6.54e-01    -  1.00e+00 1.56e-02h  7
2585  1.6011505e-04 1.22e-06 3.24e+00 -11.0 4.42e+00    -  1.00e+00 9.77e-04h 11
2586  1.5957845e-04 1.37e-06 3.25e+00 -11.0 3.14e+00    -  1.00e+00 9.77e-04h 11
2587  1.5946564e-04 1.37e-06 2.85e+00 -11.0 6.92e-01    -  1.00e+00 3.91e-03h  9
2588  1.5934109e-04 1.41e-06 2.79e+00 -11.0 7.86e-02    -  1.00e+00 3.91e-03h  9
2589  1.5770503e-04 6.40e-06 2.98e+00 -11.0 1.11e+00    -  1.00e+00 1.56e-02h  7
iter    objective    inf_pr   inf_du lg(mu)  ||d||  lg(rg) alpha_du alpha_pr  ls
2590  1.5870510e-04 6.22e-06 1.38e+00 -11.0 2.07e-01    -  1.00e+00 1.56e-02h  7
2591  1.5766630e-04 4.67e-06 2.92e+00 -11.0 2.11e-02    -  1.00e+00 2.50e-01h  3
2592  1.5697852e-04 5.81e-06 5.97e-01 -11.0 1.94e-01    -  1.00e+00 1.56e-02h  7
2593  5.3325722e-03 1.59e-02 2.79e+02 -11.0 6.57e-01    -  1.00e+00 1.00e+00w  1
2594  3.9081904e-03 7.68e-03 1.92e+02 -11.0 2.68e-01    -  1.00e+00 1.00e+00w  1
2595  3.1115067e+00 2.66e+00 1.32e+04 -11.0 6.29e+00    -  1.00e+00 1.00e+00w  1
2596  1.5685651e-04 8.34e-06 1.32e+00 -11.0 3.10e+00    -  1.00e+00 1.56e-02h  6
2597  1.5679404e-04 8.08e-06 2.02e+00 -11.0 2.30e-02    -  1.00e+00 3.12e-02h  6
2598  1.5798690e-04 1.35e-06 6.87e-01 -11.0 2.80e-03    -  1.00e+00 1.00e+00h  1
2599  1.5730490e-04 1.70e-06 1.31e+00 -11.0 1.94e-02    -  1.00e+00 2.50e-01h  3
iter    objective    inf_pr   inf_du lg(mu)  ||d||  lg(rg) alpha_du alpha_pr  ls
2600  1.5745449e-04 1.71e-06 1.28e+00 -11.0 2.92e-02    -  1.00e+00 6.25e-02h  5
2601  1.5607621e-04 3.26e-06 6.31e-01 -11.0 6.09e-03    -  1.00e+00 5.00e-01h  2
2602  1.5614184e-04 3.25e-06 4.66e-01 -11.0 3.50e-02    -  1.00e+00 6.25e-02h  5
2603  1.5600601e-04 3.23e-06 5.45e-01 -11.0 2.36e-02    -  1.00e+00 6.25e-02h  5
2604  1.5582731e-04 3.33e-06 4.45e-01 -11.0 1.56e-02    -  1.00e+00 6.25e-02h  5
2605  1.5789473e-04 2.18e-06 3.03e-01 -11.0 3.96e-03    -  1.00e+00 5.00e-01h  2
2606  1.5627502e-04 1.69e-06 1.07e+00 -11.0 3.09e-03    -  1.00e+00 5.00e-01h  2
2607  1.5565956e-04 2.34e-06 1.60e+00 -11.0 1.90e-02    -  1.00e+00 1.25e-01h  4
2608  1.5552068e-04 3.82e-06 6.00e-01 -11.0 4.18e-02    -  1.00e+00 6.25e-02h  5
2609  5.6226424e-04 1.70e-04 1.19e+01 -11.0 3.93e-02    -  1.00e+00 1.00e+00w  1
iter    objective    inf_pr   inf_du lg(mu)  ||d||  lg(rg) alpha_du alpha_pr  ls
2610  1.6405693e-04 1.64e-04 3.69e+00 -11.0 3.84e-02    -  1.00e+00 1.00e+00w  1
2611  1.2406371e-03 8.85e-04 1.01e+02 -11.0 4.72e-02    -  1.00e+00 1.00e+00w  1
2612  1.5550024e-04 3.85e-06 5.70e-01 -11.0 5.43e-02    -  1.00e+00 3.12e-02h  5
2613  1.5547238e-04 3.38e-06 4.99e-01 -11.0 2.16e-03    -  1.00e+00 1.25e-01h  4
2614  1.5544279e-04 3.80e-07 1.77e-04 -11.0 6.45e-04    -  1.00e+00 1.00e+00h  1
2615  1.5707045e-04 1.82e-07 3.23e-04 -11.0 4.41e-04    -  1.00e+00 1.00e+00H  1
2616  1.5694515e-04 1.81e-07 3.19e-04 -11.0 4.43e-03    -  1.00e+00 1.56e-02h  7
2617  1.5678380e-04 1.81e-07 3.14e-04 -11.0 4.28e-03    -  1.00e+00 1.56e-02h  7
2618  1.5531315e-04 9.60e-07 1.34e+00 -11.0 6.92e-03    -  1.00e+00 2.50e-01h  3
2619  1.5504226e-04 1.41e-06 4.03e+00 -11.0 2.62e-02    -  1.00e+00 1.56e-02h  7
iter    objective    inf_pr   inf_du lg(mu)  ||d||  lg(rg) alpha_du alpha_pr  ls
2620  1.5509420e-04 1.24e-06 3.71e+00 -11.0 1.39e-03    -  1.00e+00 1.25e-01h  4
2621  1.5509749e-04 4.30e-07 2.06e-04 -11.0 4.94e-04    -  1.00e+00 1.00e+00h  1
2622  1.5508050e-04 4.34e-07 1.31e-04 -11.0 8.84e-04    -  1.00e+00 6.25e-02h  5
2623  1.5516692e-04 1.07e-07 1.09e-04 -11.0 5.14e-04    -  1.00e+00 1.00e+00h  1
2624  1.5578666e-04 3.96e-07 1.79e-04 -11.0 9.92e-04    -  1.00e+00 1.00e+00h  1
2625  1.5535013e-04 2.64e-07 1.53e-04 -11.0 7.65e-04    -  1.00e+00 1.00e+00h  1
2626  1.5779475e-04 1.42e-07 8.59e-04 -11.0 1.25e-03    -  1.00e+00 1.00e+00H  1
2627  1.5496066e-04 4.76e-07 6.43e-05 -11.0 9.46e-04    -  1.00e+00 1.00e+00h  1
2628  1.5533396e-04 3.83e-08 1.75e-04 -11.0 3.39e-04    -  1.00e+00 1.00e+00h  1
2629  1.5496204e-04 6.85e-08 9.24e-05 -11.0 2.08e-04    -  1.00e+00 1.00e+00h  1
iter    objective    inf_pr   inf_du lg(mu)  ||d||  lg(rg) alpha_du alpha_pr  ls
2630  1.5503270e-04 1.09e-08 1.66e-04 -11.0 1.51e-04    -  1.00e+00 1.00e+00H  1
2631  1.5494058e-04 5.66e-08 1.52e-05 -11.0 1.14e-04    -  1.00e+00 1.00e+00h  1
2632  1.5495486e-04 5.60e-10 1.47e-05 -11.0 3.05e-05    -  1.00e+00 1.00e+00h  1
2633  1.5493037e-04 8.44e-09 6.96e-05 -11.0 1.42e-04    -  1.00e+00 1.00e+00h  1
2634  1.5915871e-04 2.11e-10 7.02e-04 -11.0 2.24e-03    -  1.00e+00 1.00e+00H  1
2635  1.5474868e-04 1.30e-07 1.97e-04 -11.0 7.91e-04    -  1.00e+00 1.00e+00h  1
2636  1.5467668e-04 7.14e-08 1.23e-04 -11.0 4.52e-04    -  1.00e+00 1.00e+00h  1
2637  1.5443894e-04 2.43e-07 1.03e-04 -11.0 8.30e-04    -  1.00e+00 1.00e+00h  1
2638  1.5425750e-04 1.04e-06 1.31e-01 -11.0 5.87e-02    -  1.00e+00 3.12e-02h  6
2639  1.5423904e-04 2.49e-06 1.98e-01 -11.0 1.49e-01    -  1.00e+00 1.56e-02h  7
iter    objective    inf_pr   inf_du lg(mu)  ||d||  lg(rg) alpha_du alpha_pr  ls
2640  1.5402315e-04 3.51e-06 1.18e+00 -11.0 3.80e-02    -  1.00e+00 6.25e-02h  5
2641  1.5395033e-04 3.77e-06 9.42e-01 -11.0 1.45e-01    -  1.00e+00 7.81e-03h  8
2642  1.5387922e-04 4.24e-06 9.86e-01 -11.0 9.83e-02    -  1.00e+00 1.56e-02h  7
2643  1.5308219e-04 2.74e-05 1.31e+00 -11.0 1.63e-01    -  1.00e+00 6.25e-02h  5
2644  1.5317468e-04 2.74e-05 8.17e-01 -11.0 1.24e-01    -  1.00e+00 7.81e-03h  8
2645  1.5320882e-04 1.60e-05 2.70e-01 -11.0 6.25e-03    -  1.00e+00 5.00e-01h  2
2646  1.5318110e-04 1.77e-05 3.95e-01 -11.0 1.70e-01    -  1.00e+00 1.56e-02h  7
2647  1.5305919e-04 1.87e-05 7.77e-01 -11.0 9.49e-02    -  1.00e+00 3.12e-02h  6
2648  6.6964836e-04 2.88e-04 8.82e+00 -11.0 1.80e-02    -  1.00e+00 1.00e+00w  1
2649  4.3506874e-04 6.12e-04 6.93e+01 -11.0 4.46e-02    -  1.00e+00 1.00e+00w  1
iter    objective    inf_pr   inf_du lg(mu)  ||d||  lg(rg) alpha_du alpha_pr  ls
2650  3.4279868e-02 9.16e-03 1.63e+02 -11.0 2.07e-01    -  1.00e+00 1.00e+00w  1
2651  1.5300238e-04 1.84e-05 5.86e-01 -11.0 1.61e-01    -  1.00e+00 1.56e-02h  6
2652  1.5338309e-04 1.48e-05 5.39e-01 -11.0 6.49e-03    -  1.00e+00 2.50e-01h  3
2653  1.5325145e-04 1.38e-05 9.40e-01 -11.0 2.47e-03    -  1.00e+00 6.25e-02h  5
2654  1.5287517e-04 1.71e-07 1.86e-04 -11.0 6.67e-04    -  1.00e+00 1.00e+00h  1
2655  1.5270619e-04 3.69e-07 1.87e-04 -11.0 1.52e-03    -  1.00e+00 2.50e-01h  3
2656  1.5272691e-04 4.24e-07 1.62e-04 -11.0 4.46e-04    -  1.00e+00 5.00e-01h  2
2657  1.5274364e-04 2.22e-08 2.30e-05 -11.0 1.49e-04    -  1.00e+00 1.00e+00h  1
2658  1.5273771e-04 4.92e-10 2.14e-05 -11.0 4.16e-05    -  1.00e+00 1.00e+00h  1
2659  1.5271851e-04 6.41e-09 8.17e-05 -11.0 2.26e-04    -  1.00e+00 1.00e+00h  1
iter    objective    inf_pr   inf_du lg(mu)  ||d||  lg(rg) alpha_du alpha_pr  ls
2660  1.5263413e-04 6.13e-08 1.30e-04 -11.0 6.48e-04    -  1.00e+00 1.00e+00h  1
2661  1.5261922e-04 5.80e-08 9.37e-05 -11.0 2.56e-03    -  1.00e+00 6.25e-02h  5
2662  1.5257221e-04 6.43e-08 9.64e-05 -11.0 1.44e-03    -  1.00e+00 5.00e-01h  2
2663  1.5255958e-04 6.34e-08 1.69e-04 -11.0 2.23e-03    -  1.00e+00 1.25e-01h  4
2664  1.5244905e-04 2.45e-07 1.42e-04 -11.0 1.78e-03    -  1.00e+00 1.00e+00h  1
2665  1.5232505e-04 4.20e-07 2.78e-04 -11.0 2.25e-02    -  1.00e+00 6.25e-02h  5
2666  1.5230086e-04 4.09e-07 2.75e-04 -11.0 1.82e-02    -  1.00e+00 3.12e-02h  6
2667  1.5226498e-04 3.84e-07 2.56e-04 -11.0 1.03e-02    -  1.00e+00 6.25e-02h  5
2668  1.5222311e-04 4.06e-07 3.60e-02 -11.0 2.62e-02    -  1.00e+00 3.12e-02h  6
2669  1.5204184e-04 1.46e-06 2.18e-01 -11.0 6.77e-02    -  1.00e+00 6.25e-02h  5
iter    objective    inf_pr   inf_du lg(mu)  ||d||  lg(rg) alpha_du alpha_pr  ls
2670  1.5199077e-04 1.50e-06 2.57e-01 -11.0 2.20e-01    -  1.00e+00 3.91e-03h  9
2671  1.5196523e-04 1.51e-06 2.10e-01 -11.0 3.24e-02    -  1.00e+00 3.12e-02h  6
2672  1.5172834e-04 1.67e-06 6.93e-01 -11.0 1.47e-02    -  1.00e+00 2.50e-01h  3
2673  1.5179035e-04 1.59e-06 3.87e-01 -11.0 9.03e-03    -  1.00e+00 1.25e-01h  4
2674  1.5168866e-04 1.63e-06 5.33e-01 -11.0 7.08e-03    -  1.00e+00 2.50e-01h  3
2675  1.6736083e-04 5.26e-06 8.54e-01 -11.0 2.72e-03    -  1.00e+00 1.00e+00w  1
2676  1.5137458e-04 1.82e-06 1.33e-01 -11.0 2.59e-03    -  1.00e+00 1.00e+00h  1
2677  1.5165015e-04 6.75e-08 1.63e-04 -11.0 7.50e-04    -  1.00e+00 1.00e+00h  1
2678  1.5154282e-04 1.13e-07 1.61e-04 -11.0 1.91e-03    -  1.00e+00 2.50e-01h  3
2679  1.5149231e-04 4.81e-07 2.53e-01 -11.0 5.64e-03    -  1.00e+00 2.50e-01h  3
iter    objective    inf_pr   inf_du lg(mu)  ||d||  lg(rg) alpha_du alpha_pr  ls
2680  1.5148231e-04 5.46e-07 2.72e-01 -11.0 4.29e-03    -  1.00e+00 1.25e-01h  4
2681  1.5137588e-04 2.87e-07 4.32e-05 -11.0 1.36e-03    -  1.00e+00 1.00e+00h  1
2682  1.5137237e-04 2.31e-07 1.06e-04 -11.0 1.17e-03    -  1.00e+00 2.50e-01h  3
2683  1.5139330e-04 2.68e-08 1.12e-04 -11.0 1.46e-03    -  1.00e+00 1.00e+00H  1
2684  1.5137625e-04 2.63e-08 7.55e-05 -11.0 3.64e-03    -  1.00e+00 6.25e-02h  5
2685  1.5172767e-04 3.81e-08 3.19e-04 -11.0 2.18e-03    -  1.00e+00 1.00e+00H  1
2686  1.5166528e-04 3.91e-08 2.98e-04 -11.0 3.09e-02    -  1.00e+00 7.81e-03h  8
2687  1.5163687e-04 4.12e-08 3.48e-04 -11.0 2.89e-02    -  1.00e+00 7.81e-03h  8
2688  1.5157108e-04 4.01e-08 3.27e-04 -11.0 5.85e-03    -  1.00e+00 3.12e-02h  6
2689  1.5128155e-04 7.03e-07 2.46e-01 -11.0 8.78e-03    -  1.00e+00 1.25e-01h  4
iter    objective    inf_pr   inf_du lg(mu)  ||d||  lg(rg) alpha_du alpha_pr  ls
2690  1.5118920e-04 1.94e-06 1.52e+00 -11.0 5.57e-03    -  1.00e+00 5.00e-01h  2
2691  1.5098715e-04 1.91e-06 1.33e+00 -11.0 1.15e-01    -  1.00e+00 1.56e-02h  7
2692  1.5092051e-04 1.88e-06 1.34e+00 -11.0 6.10e-02    -  1.00e+00 1.56e-02h  7
2693  1.5089770e-04 1.82e-06 1.33e+00 -11.0 3.51e-02    -  1.00e+00 3.12e-02h  6
2694  1.5088409e-04 1.77e-06 1.17e+00 -11.0 2.13e-02    -  1.00e+00 3.12e-02h  6
2695  1.5099848e-04 1.59e-06 9.31e-01 -11.0 6.18e-03    -  1.00e+00 2.50e-01h  3
2696  1.7684179e-04 5.77e-04 3.99e+00 -11.0 7.47e-02    -  1.00e+00 1.00e+00w  1
2697  9.5065626e-03 1.58e-02 3.49e+01 -11.0 2.60e-01    -  1.00e+00 1.00e+00w  1
2698  1.5650423e-03 3.52e-03 3.71e+02 -11.0 1.45e-01    -  1.00e+00 1.00e+00w  1
2699  1.5068604e-04 1.11e-05 7.75e-01 -11.0 2.89e-01    -  1.00e+00 1.25e-01h  3
iter    objective    inf_pr   inf_du lg(mu)  ||d||  lg(rg) alpha_du alpha_pr  ls
2700  1.5063299e-04 1.11e-05 7.67e-01 -11.0 6.97e-02    -  1.00e+00 3.12e-02h  6
2701  1.5051910e-04 1.10e-05 7.65e-01 -11.0 5.96e-02    -  1.00e+00 1.56e-02h  7
2702  1.5048176e-04 1.08e-05 7.59e-01 -11.0 2.63e-02    -  1.00e+00 6.25e-02h  5
2703  1.5043818e-04 1.06e-05 7.40e-01 -11.0 2.00e-02    -  1.00e+00 6.25e-02h  5
2704  1.5039400e-04 1.06e-05 7.24e-01 -11.0 3.96e-02    -  1.00e+00 6.25e-02h  5
2705  1.5041724e-04 1.05e-05 6.98e-01 -11.0 2.94e-02    -  1.00e+00 3.12e-02h  6
2706  1.5006474e-04 5.58e-06 5.69e-01 -11.0 7.58e-03    -  1.00e+00 5.00e-01h  2
2707  1.4993855e-04 6.35e-06 8.00e-01 -11.0 1.81e-01    -  1.00e+00 1.56e-02h  7
2708  1.4983219e-04 7.83e-06 6.83e-01 -11.0 4.96e-01    -  1.00e+00 7.81e-03h  8
2709  7.0645911e-03 2.47e-02 2.80e+02 -11.0 1.70e+00    -  1.00e+00 1.00e+00w  1
iter    objective    inf_pr   inf_du lg(mu)  ||d||  lg(rg) alpha_du alpha_pr  ls
2710  4.3207514e-02 1.36e-02 3.34e+02 -11.0 6.21e-01    -  1.00e+00 1.00e+00w  1
2711  2.4359210e-01 1.26e-02 1.71e+04 -11.0 1.81e-01    -  1.00e+00 1.00e+00w  1
2712  1.4969936e-04 2.60e-05 5.15e-01 -11.0 5.04e-01    -  1.00e+00 1.56e-02h  6
2713  1.4947414e-04 2.57e-05 5.37e-01 -11.0 1.43e-01    -  1.00e+00 1.56e-02h  7
2714  1.4982200e-04 2.49e-05 6.15e-01 -11.0 1.29e-01    -  1.00e+00 6.25e-02h  5
2715  1.4955919e-04 2.51e-05 6.77e-01 -11.0 1.25e-01    -  1.00e+00 1.56e-02h  7
2716  1.4904171e-04 2.99e-05 1.37e+00 -11.0 9.83e-02    -  1.00e+00 3.12e-02h  6
2717  1.4905645e-04 2.92e-05 1.58e+00 -11.0 5.83e-02    -  1.00e+00 6.25e-02h  5
2718  1.4899934e-04 2.92e-05 1.81e+00 -11.0 2.97e-01    -  1.00e+00 3.12e-02h  6
2719  1.4891194e-04 3.01e-05 1.87e+00 -11.0 2.31e+00    -  1.00e+00 1.95e-03h 10
iter    objective    inf_pr   inf_du lg(mu)  ||d||  lg(rg) alpha_du alpha_pr  ls
2720  1.4860147e-04 3.28e-05 2.07e+00 -11.0 2.47e+00    -  1.00e+00 3.91e-03h  9
2721  1.4831621e-04 3.28e-05 2.04e+00 -11.0 1.23e+00    -  1.00e+00 4.88e-04h 12
2722  1.4923054e-04 2.76e-06 5.97e-01 -11.0 8.26e-03    -  1.00e+00 1.00e+00h  1
2723  1.4913989e-04 3.14e-06 6.82e-01 -11.0 2.47e-01    -  1.00e+00 1.56e-02h  7
2724  1.4912911e-04 3.18e-06 5.14e-01 -11.0 1.03e-01    -  1.00e+00 7.81e-03h  8
2725  1.4910880e-04 3.11e-06 4.95e-01 -11.0 2.03e-01    -  1.00e+00 3.12e-02h  6
2726  1.4909750e-04 3.10e-06 4.92e-01 -11.0 8.52e-01    -  1.00e+00 1.95e-03h 10
2727  1.4905206e-04 3.61e-06 4.97e-01 -11.0 3.09e-01    -  1.00e+00 1.56e-02h  7
2728  1.4903119e-04 3.62e-06 5.70e-01 -11.0 5.27e-01    -  1.00e+00 1.95e-03h 10
2729  1.4891353e-04 9.12e-06 6.37e-01 -11.0 5.61e-01    -  1.00e+00 3.12e-02h  6
iter    objective    inf_pr   inf_du lg(mu)  ||d||  lg(rg) alpha_du alpha_pr  ls
2730  1.4883091e-04 9.39e-06 6.08e-01 -11.0 4.25e-01    -  1.00e+00 3.91e-03h  9
2731  1.4881095e-04 9.37e-06 4.70e-01 -11.0 1.25e-01    -  1.00e+00 6.25e-02h  5
2732  1.4877670e-04 9.92e-06 4.93e-01 -11.0 2.73e+00    -  1.00e+00 3.91e-03h  9
2733  1.0141613e-01 1.58e-01 1.17e+04 -11.0 4.31e+00    -  1.00e+00 1.00e+00w  1
2734  1.1710312e+01 6.30e-01 1.61e+04 -11.0 1.94e+00    -  1.00e+00 1.00e+00w  1
2735  3.1171479e+00 1.73e-01 7.20e+05 -11.0 1.25e+00    -  1.00e+00 1.00e+00w  1
2736  1.4862879e-04 1.07e-05 4.59e-01 -11.0 8.49e-01    -  1.00e+00 1.95e-03h  9
2737  1.4844191e-04 1.05e-05 1.01e+00 -11.0 7.41e-02    -  1.00e+00 3.12e-02h  6
2738  1.4839000e-04 1.06e-05 4.48e-01 -11.0 6.28e-02    -  1.00e+00 3.12e-02h  6
2739  1.4825460e-04 1.04e-05 5.90e-01 -11.0 1.16e-01    -  1.00e+00 1.56e-02h  7
iter    objective    inf_pr   inf_du lg(mu)  ||d||  lg(rg) alpha_du alpha_pr  ls
2740  1.4811580e-04 1.06e-05 2.62e+00 -11.0 3.30e-02    -  1.00e+00 3.12e-02h  6
2741  1.4846184e-04 9.96e-06 1.78e+00 -11.0 7.55e-03    -  1.00e+00 5.00e-01h  2
2742  1.4800703e-04 9.02e-06 1.50e+00 -11.0 6.00e-02    -  1.00e+00 1.25e-01h  4
2743  1.4798609e-04 1.52e-05 1.52e+00 -11.0 5.02e-01    -  1.00e+00 1.56e-02h  7
2744  1.4793579e-04 1.51e-05 1.51e+00 -11.0 7.52e-02    -  1.00e+00 7.81e-03h  8
2745  1.5050356e-04 6.72e-07 2.21e+00 -11.0 3.70e-02    -  1.00e+00 1.00e+00H  1
2746  1.5034699e-04 1.48e-06 2.52e+00 -11.0 1.52e+00    -  1.00e+00 1.95e-03h 10
2747  1.5023187e-04 1.67e-06 2.64e+00 -11.0 7.20e-02    -  1.00e+00 1.56e-02h  7
2748  1.4897808e-04 2.86e-06 1.78e+00 -11.0 4.77e-02    -  1.00e+00 2.50e-01h  3
2749  1.4779622e-04 1.56e-05 8.53e-01 -11.0 2.66e+00    -  1.00e+00 7.81e-03h  8
iter    objective    inf_pr   inf_du lg(mu)  ||d||  lg(rg) alpha_du alpha_pr  ls
2750  1.4767090e-04 1.54e-05 1.01e+00 -11.0 4.57e-01    -  1.00e+00 7.81e-03h  8
2751  1.4721925e-04 1.47e-05 1.91e-01 -11.0 1.43e-02    -  1.00e+00 2.50e-01h  3
2752  1.4720895e-04 1.45e-05 2.29e-01 -11.0 1.14e-01    -  1.00e+00 1.56e-02h  7
2753  1.4720165e-04 1.09e-05 6.43e-01 -11.0 4.07e-02    -  1.00e+00 2.50e-01h  3
2754  1.4705805e-04 1.12e-05 8.14e-01 -11.0 6.06e-01    -  1.00e+00 7.81e-03h  8
2755  1.4698303e-04 1.27e-05 1.16e+00 -11.0 6.72e-02    -  1.00e+00 1.25e-01h  4
2756  1.2088508e-02 2.08e-02 7.42e+01 -11.0 1.45e+00    -  1.00e+00 1.00e+00w  1
2757  4.9197163e-02 1.53e-02 2.45e+02 -11.0 5.68e-01    -  1.00e+00 1.00e+00w  1
2758  1.9193118e+00 1.48e-02 1.01e+04 -11.0 1.36e+00    -  1.00e+00 1.00e+00w  1
2759  1.4697164e-04 3.95e-05 2.42e+00 -11.0 1.39e+00    -  1.00e+00 1.56e-02h  6
iter    objective    inf_pr   inf_du lg(mu)  ||d||  lg(rg) alpha_du alpha_pr  ls
2760  1.4639975e-04 3.58e-05 2.14e+00 -11.0 1.15e-02    -  1.00e+00 2.50e-01h  3
2761  1.4608558e-04 3.36e-05 2.15e+00 -11.0 2.35e-02    -  1.00e+00 6.25e-02h  5
2762  1.4585477e-04 3.35e-05 1.63e+00 -11.0 5.96e-02    -  1.00e+00 1.25e-01h  4
2763  1.4563729e-04 3.59e-05 1.48e+00 -11.0 1.36e+00    -  1.00e+00 3.91e-03h  9
2764  1.4564837e-04 3.58e-05 1.27e+00 -11.0 8.81e-02    -  1.00e+00 3.91e-03h  9
2765  1.4464820e-04 9.82e-06 1.23e+00 -11.0 8.23e-03    -  1.00e+00 1.00e+00h  1
2766  1.4477623e-04 9.96e-06 2.05e+00 -11.0 6.16e-01    -  1.00e+00 3.91e-03h  9
2767  1.4632699e-04 9.66e-06 1.85e+00 -11.0 1.28e-02    -  1.00e+00 1.25e-01h  4
2768  1.4515008e-04 8.77e-07 1.34e+00 -11.0 2.76e-03    -  1.00e+00 1.00e+00h  1
2769  1.4465074e-04 8.22e-07 1.23e+00 -11.0 9.92e-03    -  1.00e+00 6.25e-02h  5
iter    objective    inf_pr   inf_du lg(mu)  ||d||  lg(rg) alpha_du alpha_pr  ls
2770  1.4491090e-04 7.20e-07 2.06e+00 -11.0 2.61e-03    -  1.00e+00 1.00e+00h  1
2771  1.4460208e-04 2.79e-06 2.78e+00 -11.0 3.85e-02    -  1.00e+00 1.25e-01h  4
2772  1.4455277e-04 2.77e-06 1.49e+00 -11.0 6.30e-02    -  1.00e+00 7.81e-03h  8
2773  1.4469226e-04 1.90e-06 7.13e-01 -11.0 2.22e-03    -  1.00e+00 1.00e+00h  1
2774  1.4435926e-04 2.28e-06 1.07e+00 -11.0 1.67e-02    -  1.00e+00 6.25e-02h  5
2775  1.4408940e-04 2.80e-06 2.46e+00 -11.0 1.63e-02    -  1.00e+00 1.25e-01h  4
2776  1.4345019e-04 2.00e-06 9.32e-01 -11.0 1.83e-02    -  1.00e+00 2.50e-01h  3
2777  1.4341266e-04 2.52e-06 1.23e+00 -11.0 6.48e-02    -  1.00e+00 1.56e-02h  7
2778  1.4593596e-04 3.97e-07 5.69e-04 -11.0 1.90e-02    -  1.00e+00 1.00e+00H  1
2779  1.4586778e-04 3.80e-07 4.47e-04 -11.0 9.63e-01    -  1.00e+00 1.95e-03h 10
iter    objective    inf_pr   inf_du lg(mu)  ||d||  lg(rg) alpha_du alpha_pr  ls
2780  1.4572080e-04 4.16e-07 3.83e-01 -11.0 5.22e-01    -  1.00e+00 3.91e-03h  9
2781  1.4552554e-04 4.29e-07 8.05e-01 -11.0 4.97e+00    -  1.00e+00 4.88e-04h 12
2782  1.4542987e-04 4.36e-07 8.91e-01 -11.0 2.35e+00    -  1.00e+00 2.44e-04h 13
2783  1.4105693e-04 4.94e-05 9.40e+00 -11.0 2.96e-01    -  1.00e+00 2.50e-01h  3
2784  1.3954667e-04 7.89e-05 1.46e+01 -11.0 8.28e+01    -  1.00e+00 4.88e-04h 12
2785  1.3916922e-04 8.22e-05 1.39e+01 -11.0 3.61e+00    -  1.00e+00 1.95e-03h 10
2786  1.3939931e-04 8.15e-05 1.42e+01 -11.0 3.15e-01    -  1.00e+00 1.56e-02h  7
2787  1.3981669e-04 7.92e-05 1.44e+01 -11.0 1.45e-01    -  1.00e+00 3.12e-02h  6
2788  1.3971196e-04 7.98e-05 1.51e+01 -11.0 8.33e-01    -  1.00e+00 7.81e-03h  8
2789  1.4801213e+00 1.22e+03 9.38e+06 -11.0 1.08e+01    -  1.00e+00 1.00e+00w  1
iter    objective    inf_pr   inf_du lg(mu)  ||d||  lg(rg) alpha_du alpha_pr  ls
2790  1.4748994e+02 5.19e+03 4.92e+05 -11.0 3.85e+00  -1.2 1.00e+00 1.00e+00w  1
2791  1.3583139e+01 2.33e+02 4.90e+05 -11.0 2.81e+00    -  1.00e+00 1.00e+00w  1
2792  1.3962869e-04 7.99e-05 1.55e+01 -11.0 7.37e+00    -  1.00e+00 2.44e-04h 12
2793  1.3905785e-04 7.49e-05 1.49e+01 -11.0 3.93e-02    -  1.00e+00 6.25e-02h  5
2794  1.4085184e-04 6.82e-05 1.52e+01 -11.0 1.15e-01    -  1.00e+00 1.25e-01h  4
2795  1.4062864e-04 6.77e-05 1.51e+01 -11.0 8.65e-02    -  1.00e+00 7.81e-03h  8
2796  1.3814218e-04 1.30e-06 1.28e+00 -11.0 7.35e-03    -  1.00e+00 1.00e+00h  1
2797  1.3799293e-04 2.34e-06 1.78e+00 -11.0 5.06e-02    -  1.00e+00 1.56e-02h  7
2798  1.3801087e-04 1.59e-06 1.70e+00 -11.0 9.47e-03    -  1.00e+00 1.00e+00h  1
2799  1.3789543e-04 1.64e-06 2.04e+00 -11.0 4.12e-01    -  1.00e+00 3.91e-03h  9
iter    objective    inf_pr   inf_du lg(mu)  ||d||  lg(rg) alpha_du alpha_pr  ls
2800  1.3797268e-04 1.58e-06 1.38e+00 -11.0 2.14e-02    -  1.00e+00 6.25e-02h  5
2801  1.3743882e-04 6.15e-06 1.66e+00 -11.0 2.70e-02    -  1.00e+00 5.00e-01h  2
2802  1.3740114e-04 6.87e-06 2.60e+00 -11.0 1.42e+00    -  1.00e+00 3.91e-03h  9
2803  1.3735408e-04 6.91e-06 2.81e+00 -11.0 3.08e-01    -  1.00e+00 3.91e-03h  9
2804  1.3711063e-04 8.18e-06 2.97e+00 -11.0 2.56e-02    -  1.00e+00 6.25e-02h  5
2805  1.3700977e-04 1.94e-05 1.64e+00 -11.0 6.74e-02    -  1.00e+00 2.50e-01h  3
2806  1.3700358e-04 1.93e-05 1.59e+00 -11.0 1.34e-01    -  1.00e+00 7.81e-03h  8
2807  1.3689381e-04 2.08e-05 1.51e+00 -11.0 1.19e-01    -  1.00e+00 6.25e-02h  5
2808  1.3645836e-04 2.25e-05 1.67e+00 -11.0 7.63e-01    -  1.00e+00 1.56e-02h  7
2809  1.2811703e-01 7.59e-02 8.29e+02 -11.0 2.91e+00    -  1.00e+00 1.00e+00w  1
iter    objective    inf_pr   inf_du lg(mu)  ||d||  lg(rg) alpha_du alpha_pr  ls
2810  2.1588537e-01 2.75e-02 6.56e+02 -11.0 6.99e-01    -  1.00e+00 1.00e+00w  1
2811  1.4352628e+00 4.01e-02 2.14e+03 -11.0 5.95e-01    -  1.00e+00 1.00e+00w  1
2812  1.3639566e-04 2.74e-05 5.62e-01 -11.0 4.83e-01    -  1.00e+00 3.91e-03h  8
2813  1.3609240e-04 2.48e-05 5.90e-01 -11.0 5.15e-02    -  1.00e+00 1.25e-01h  4
2814  1.3572099e-04 2.56e-05 5.64e-01 -11.0 2.43e+00    -  1.00e+00 1.95e-03h 10
2815  1.3549147e-04 2.70e-05 8.87e-01 -11.0 8.47e-01    -  1.00e+00 7.81e-03h  8
2816  1.3532323e-04 2.72e-05 7.06e-01 -11.0 3.36e-01    -  1.00e+00 7.81e-03h  8
2817  1.3513892e-04 2.73e-05 7.45e-01 -11.0 1.09e-01    -  1.00e+00 1.56e-02h  7
2818  1.3529551e-04 2.70e-05 1.78e+00 -11.0 7.27e-02    -  1.00e+00 2.50e-01h  3
2819  1.3466139e-04 6.41e-05 5.49e+00 -11.0 3.42e+00    -  1.00e+00 1.56e-02h  7
iter    objective    inf_pr   inf_du lg(mu)  ||d||  lg(rg) alpha_du alpha_pr  ls
2820  1.3450321e-04 6.59e-05 5.56e+00 -11.0 1.56e+01    -  1.00e+00 4.88e-04h 12
2821  1.3421557e-04 7.27e-05 5.70e+00 -11.0 1.81e+01    -  1.00e+00 9.77e-04h 11
2822  5.6084885e+00 1.13e+05 8.84e+07 -11.0 5.35e+01    -  1.00e+00 1.00e+00w  1
2823  5.5055986e+06 9.83e+07 6.09e+06 -11.0 4.67e+03    -  1.00e+00 1.00e+00w  1
2824  3.9911387e+08 1.72e+10 5.86e+17 -11.0 8.93e+05    -  1.00e+00 1.00e+00w  1
2825  1.3408768e-04 8.59e-05 5.95e+00 -11.0 5.07e+04    -  1.00e+00 4.88e-04h 11
2826  1.3307564e-04 8.71e-05 6.03e+00 -11.0 3.07e+00    -  1.00e+00 3.91e-03h  9
2827  1.3337687e-04 9.00e-05 5.79e+00 -11.0 4.62e-01    -  1.00e+00 1.56e-02h  7
2828  1.3336749e-04 9.06e-05 5.76e+00 -11.0 2.36e+00    -  1.00e+00 1.95e-03h 10
2829  1.3329971e-04 9.07e-05 5.66e+00 -11.0 1.22e+00    -  1.00e+00 3.91e-03h  9
iter    objective    inf_pr   inf_du lg(mu)  ||d||  lg(rg) alpha_du alpha_pr  ls
2830  1.3325636e-04 9.10e-05 5.61e+00 -11.0 2.36e+00    -  1.00e+00 9.77e-04h 11
2831  1.3413943e-04 8.84e-05 5.24e+00 -11.0 4.36e-02    -  1.00e+00 6.25e-02h  5
2832  1.3427448e-04 7.40e-05 3.77e+00 -11.0 2.60e-02    -  1.00e+00 2.50e-01h  3
2833  1.3366071e-04 7.37e-05 3.69e+00 -11.0 5.44e-01    -  1.00e+00 3.12e-02h  6
2834  1.3343681e-04 7.85e-05 3.08e+00 -11.0 4.55e+00    -  1.00e+00 1.95e-03h 10
2835  2.3625288e-02 5.97e-02 3.45e+03 -11.0 2.55e+00    -  1.00e+00 1.00e+00w  1
2836  8.7260892e-01 1.05e-01 1.31e+05 -11.0 1.65e+00    -  1.00e+00 1.00e+00w  1
2837  8.7718740e+00 1.43e-01 1.16e+06 -11.0 3.29e+00    -  1.00e+00 1.00e+00w  1
2838  1.3315363e-04 8.03e-05 2.91e+00 -11.0 1.56e+00    -  1.00e+00 3.91e-03h  8
2839  1.3285817e-04 6.03e-05 2.03e+00 -11.0 6.28e-03    -  1.00e+00 2.50e-01h  3
iter    objective    inf_pr   inf_du lg(mu)  ||d||  lg(rg) alpha_du alpha_pr  ls
2840  1.3291409e-04 4.64e-05 1.84e+01 -11.0 1.40e-02    -  1.00e+00 2.50e-01h  3
2841  1.3436952e-04 4.16e-05 1.92e+01 -11.0 4.66e-02    -  1.00e+00 1.25e-01h  4
2842  1.3436586e-04 3.65e-05 1.68e+01 -11.0 1.56e-02    -  1.00e+00 1.25e-01h  4
2843  1.3261610e-04 2.84e-05 1.21e+01 -11.0 8.08e-03    -  1.00e+00 2.50e-01h  3
2844  1.3717776e-04 4.91e-06 4.44e+00 -11.0 2.27e-03    -  1.00e+00 1.00e+00h  1
2845  1.3305578e-04 3.09e-06 9.94e+00 -11.0 2.21e-03    -  1.00e+00 1.00e+00h  1
2846  1.3432995e-04 5.34e-07 3.53e+00 -11.0 1.76e-03    -  1.00e+00 1.00e+00h  1
2847  1.3228879e-04 2.13e-07 1.70e-04 -11.0 6.48e-04    -  1.00e+00 1.00e+00h  1
2848  1.3414874e-04 4.77e-09 3.67e-04 -11.0 8.78e-04    -  1.00e+00 1.00e+00H  1
2849  1.3196468e-04 5.39e-08 7.04e-05 -11.0 2.66e-04    -  1.00e+00 1.00e+00h  1
iter    objective    inf_pr   inf_du lg(mu)  ||d||  lg(rg) alpha_du alpha_pr  ls
2850  1.3191974e-04 1.02e-08 2.91e-05 -11.0 4.97e-05    -  1.00e+00 1.00e+00h  1
2851  1.3190370e-04 5.03e-10 3.06e-05 -11.0 4.29e-05    -  1.00e+00 1.00e+00h  1
2852  1.3182657e-04 1.11e-08 3.68e-05 -11.0 2.67e-04    -  1.00e+00 1.00e+00h  1
2853  1.3179104e-04 4.16e-08 1.14e-04 -11.0 1.16e-02    -  1.00e+00 3.12e-02h  6
2854  1.3200791e-04 1.24e-10 2.96e-04 -11.0 1.39e-03    -  1.00e+00 1.00e+00H  1
2855  1.3162314e-04 2.17e-07 2.45e-04 -11.0 5.01e-03    -  1.00e+00 2.50e-01h  3
2856  1.3156035e-04 2.09e-07 2.18e-04 -11.0 8.30e-03    -  1.00e+00 3.12e-02h  6
2857  1.3139115e-04 6.97e-08 9.82e-05 -11.0 6.30e-04    -  1.00e+00 1.00e+00h  1
2858  1.3127909e-04 7.00e-08 1.61e-04 -11.0 1.91e-03    -  1.00e+00 2.50e-01h  3
2859  1.3121368e-04 1.57e-07 1.04e-04 -11.0 1.18e-03    -  1.00e+00 1.00e+00h  1
iter    objective    inf_pr   inf_du lg(mu)  ||d||  lg(rg) alpha_du alpha_pr  ls
2860  1.3105808e-04 3.82e-07 7.35e-05 -11.0 4.51e-02    -  1.00e+00 3.12e-02h  6
2861  1.3098765e-04 5.30e-07 1.13e+00 -11.0 1.58e-02    -  1.00e+00 6.25e-02h  5
2862  1.3621444e-04 1.77e-11 6.76e-04 -11.0 3.84e-03    -  1.00e+00 1.00e+00H  1
2863  1.3007246e-04 2.76e-06 1.84e+00 -11.0 4.55e-03    -  1.00e+00 1.00e+00h  1
2864  1.3001853e-04 3.71e-06 1.45e+00 -11.0 2.00e-02    -  1.00e+00 1.25e-01h  4
2865  1.2956517e-04 8.77e-05 1.74e+00 -11.0 3.34e-01    -  1.00e+00 6.25e-02h  5
2866  1.2839163e-04 1.07e-04 2.70e+00 -11.0 1.26e+00    -  1.00e+00 7.81e-03h  8
2867  1.2831157e-04 1.07e-04 2.59e+00 -11.0 3.28e-01    -  1.00e+00 3.91e-03h  9
2868  1.2817697e-04 1.05e-04 4.01e+00 -11.0 1.15e-01    -  1.00e+00 1.56e-02h  7
2869  1.2850970e-04 9.27e-05 4.06e+00 -11.0 1.45e-02    -  1.00e+00 1.25e-01h  4
iter    objective    inf_pr   inf_du lg(mu)  ||d||  lg(rg) alpha_du alpha_pr  ls
2870  1.2747781e-04 3.25e-05 1.86e+00 -11.0 1.33e-02    -  1.00e+00 1.00e+00h  1
2871  1.2750270e-04 3.22e-05 1.74e+00 -11.0 5.47e-02    -  1.00e+00 3.12e-02h  6
2872  1.2920063e-04 3.13e-05 1.54e+00 -11.0 2.75e-02    -  1.00e+00 1.25e-01h  4
2873  1.2851806e-04 2.82e-05 1.98e+00 -11.0 1.38e-02    -  1.00e+00 1.25e-01h  4
2874  1.2847785e-04 2.72e-05 2.08e+00 -11.0 1.81e-02    -  1.00e+00 6.25e-02h  5
2875  1.2712296e-04 2.78e-05 1.50e+00 -11.0 1.66e-02    -  1.00e+00 5.00e-01h  2
2876  1.2696669e-04 2.88e-05 1.96e+00 -11.0 1.92e-01    -  1.00e+00 1.56e-02h  7
2877  1.2810615e-04 2.54e-05 2.42e+00 -11.0 8.86e-03    -  1.00e+00 1.25e-01h  4
2878  1.2635923e-04 4.29e-06 1.21e+00 -11.0 5.26e-03    -  1.00e+00 1.00e+00h  1
2879  1.2633296e-04 4.19e-06 1.29e+00 -11.0 1.65e-02    -  1.00e+00 3.12e-02h  6
iter    objective    inf_pr   inf_du lg(mu)  ||d||  lg(rg) alpha_du alpha_pr  ls
2880  1.2667278e-04 1.30e-06 5.35e+00 -11.0 1.11e-03    -  1.00e+00 1.00e+00h  1
2881  1.2638626e-04 1.32e-06 2.64e+00 -11.0 2.41e-03    -  1.00e+00 1.00e+00h  1
2882  1.2714370e-04 1.25e-06 1.69e+00 -11.0 5.49e-03    -  1.00e+00 1.25e-01h  4
2883  1.2747497e-04 4.03e-07 4.46e+00 -11.0 1.30e-03    -  1.00e+00 1.00e+00H  1
2884  1.2668912e-04 2.95e-07 2.88e+00 -11.0 1.06e-03    -  1.00e+00 2.50e-01h  3
2885  1.2619124e-04 1.93e-06 8.83e+00 -11.0 1.22e-03    -  1.00e+00 1.00e+00h  1
2886  1.2605808e-04 1.06e-06 4.65e+00 -11.0 4.47e-04    -  1.00e+00 5.00e-01h  2
2887  1.2607641e-04 1.44e-07 5.64e-05 -11.0 8.29e-04    -  1.00e+00 1.00e+00h  1
2888  1.2765226e-04 2.49e-07 4.85e-04 -11.0 7.91e-04    -  1.00e+00 1.00e+00h  1
2889  1.2607113e-04 1.65e-07 3.03e-05 -11.0 6.21e-04    -  1.00e+00 1.00e+00h  1
iter    objective    inf_pr   inf_du lg(mu)  ||d||  lg(rg) alpha_du alpha_pr  ls
2890  1.2606268e-04 2.69e-09 3.77e-05 -11.0 1.18e-04    -  1.00e+00 1.00e+00h  1
2891  1.2602078e-04 5.14e-09 1.80e-05 -11.0 2.01e-04    -  1.00e+00 1.00e+00h  1
2892  1.2600165e-04 1.57e-08 5.73e-05 -11.0 3.82e-03    -  1.00e+00 6.25e-02h  5
2893  1.2597746e-04 5.10e-08 5.48e-05 -11.0 3.71e-03    -  1.00e+00 1.25e-01h  4
2894  1.2594964e-04 1.33e-06 1.43e+00 -11.0 4.11e-03    -  1.00e+00 5.00e-01h  2
2895  1.2585725e-04 1.52e-06 8.13e-01 -11.0 2.69e-02    -  1.00e+00 3.12e-02h  6
2896  1.2585367e-04 1.46e-06 4.34e-01 -11.0 7.52e-03    -  1.00e+00 6.25e-02h  5
2897  1.2579877e-04 1.09e-06 3.69e-01 -11.0 6.53e-04    -  1.00e+00 2.50e-01h  3
2898  1.2559788e-04 1.86e-07 4.31e-05 -11.0 9.77e-04    -  1.00e+00 1.00e+00h  1
2899  1.2556698e-04 1.67e-07 4.24e-05 -11.0 3.01e-03    -  1.00e+00 1.25e-01h  4
iter    objective    inf_pr   inf_du lg(mu)  ||d||  lg(rg) alpha_du alpha_pr  ls
2900  1.2650592e-04 1.22e-09 2.57e-04 -11.0 5.98e-03    -  1.00e+00 1.00e+00H  1
2901  1.2649821e-04 1.66e-09 2.55e-04 -11.0 1.94e-01    -  1.00e+00 2.44e-04h 13
2902  1.2648316e-04 1.83e-09 2.56e-04 -11.0 5.58e-02    -  1.00e+00 9.77e-04h 11
2903  1.2645492e-04 1.99e-09 2.55e-04 -11.0 4.74e-03    -  1.00e+00 7.81e-03h  8
2904  1.2641940e-04 1.99e-09 2.47e-04 -11.0 2.31e-02    -  1.00e+00 1.95e-03h 10
2905  1.2646166e-04 3.48e-10 4.07e-04 -11.0 3.25e-03    -  1.00e+00 1.00e+00H  1
2906  1.2577886e-04 1.11e-07 1.50e-04 -11.0 3.51e-03    -  1.00e+00 2.50e-01h  3
2907  1.2562043e-04 3.55e-06 1.06e+00 -11.0 4.12e-03    -  1.00e+00 1.00e+00h  1
2908  1.2544279e-04 3.57e-06 1.68e+00 -11.0 4.41e-02    -  1.00e+00 1.56e-02h  7
2909  1.2538292e-04 3.36e-06 2.15e+00 -11.0 3.71e-03    -  1.00e+00 6.25e-02h  5
iter    objective    inf_pr   inf_du lg(mu)  ||d||  lg(rg) alpha_du alpha_pr  ls
2910  1.2493958e-04 2.62e-06 3.93e-01 -11.0 3.42e-03    -  1.00e+00 1.00e+00h  1
2911  1.2535331e-04 2.54e-06 3.48e-01 -11.0 1.06e-02    -  1.00e+00 3.12e-02h  6
2912  1.2482368e-04 2.53e-07 2.86e-05 -11.0 1.17e-03    -  1.00e+00 1.00e+00h  1
2913  1.2538668e-04 1.30e-07 2.63e-04 -11.0 1.08e-03    -  1.00e+00 1.00e+00H  1
2914  1.2519109e-04 1.23e-07 3.07e-04 -11.0 2.72e-03    -  1.00e+00 1.25e-01h  4
2915  1.2465979e-04 1.92e-07 6.02e-05 -11.0 3.32e-03    -  1.00e+00 2.50e-01h  3
2916  1.2469209e-04 2.24e-07 1.56e-04 -11.0 2.88e-03    -  1.00e+00 2.50e-01h  3
2917  1.2462389e-04 1.13e-06 2.61e+00 -11.0 6.17e-04    -  1.00e+00 5.00e-01h  2
2918  1.2482675e-04 1.73e-07 1.81e-04 -11.0 1.95e-03    -  1.00e+00 1.00e+00H  1
2919  1.2477131e-04 2.45e-07 1.66e-04 -11.0 1.18e-02    -  1.00e+00 1.56e-02h  7
iter    objective    inf_pr   inf_du lg(mu)  ||d||  lg(rg) alpha_du alpha_pr  ls
2920  1.2467811e-04 2.19e-07 1.35e-04 -11.0 2.69e-03    -  1.00e+00 1.25e-01h  4
2921  1.2452190e-04 2.14e-07 8.86e-05 -11.0 3.27e-03    -  1.00e+00 2.50e-01h  3
2922  1.2441709e-04 2.55e-07 3.46e-05 -11.0 5.48e-03    -  1.00e+00 6.25e-02h  5
2923  1.2458411e-04 1.91e-07 1.20e-04 -11.0 3.10e-04    -  1.00e+00 1.00e+00h  1
2924  1.2438914e-04 1.12e-07 8.38e-05 -11.0 4.09e-04    -  1.00e+00 1.00e+00h  1
2925  1.2455754e-04 2.07e-08 1.08e-04 -11.0 1.16e-03    -  1.00e+00 1.00e+00H  1
2926  1.2493822e-04 4.56e-08 2.14e-04 -11.0 2.76e-03    -  1.00e+00 1.00e+00H  1
2927  1.2486604e-04 4.08e-08 2.00e-04 -11.0 5.01e-03    -  1.00e+00 1.56e-02h  7
2928  1.2435911e-04 4.47e-07 8.39e-01 -11.0 7.69e-04    -  1.00e+00 5.00e-01h  2
2929  1.2430886e-04 1.14e-06 6.04e+00 -11.0 1.05e-03    -  1.00e+00 5.00e-01h  2
iter    objective    inf_pr   inf_du lg(mu)  ||d||  lg(rg) alpha_du alpha_pr  ls
2930  1.2425475e-04 1.00e-06 6.34e+00 -11.0 4.65e-03    -  1.00e+00 1.25e-01h  4
2931  1.2434882e-04 7.51e-07 5.53e+00 -11.0 9.14e-04    -  1.00e+00 2.50e-01h  3
2932  1.2416919e-04 2.26e-07 2.29e-05 -11.0 1.42e-04    -  1.00e+00 1.00e+00h  1
2933  1.2415454e-04 2.10e-08 1.19e-05 -11.0 1.25e-04    -  1.00e+00 1.00e+00h  1
2934  1.2413392e-04 1.88e-07 5.03e-05 -11.0 6.40e-04    -  1.00e+00 5.00e-01h  2
2935  1.2504144e-04 7.91e-09 2.89e-04 -11.0 1.54e-03    -  1.00e+00 1.00e+00H  1
2936  1.2583006e-04 4.05e-09 5.76e-04 -11.0 1.86e-03    -  1.00e+00 1.00e+00H  1
2937  1.2561532e-04 2.57e-09 5.44e-04 -11.0 2.89e-03    -  1.00e+00 3.12e-02h  6
2938  1.2553598e-04 3.01e-09 5.30e-04 -11.0 3.86e-03    -  1.00e+00 1.56e-02h  7
2939  1.2548141e-04 3.05e-09 5.20e-04 -11.0 7.09e-03    -  1.00e+00 7.81e-03h  8
iter    objective    inf_pr   inf_du lg(mu)  ||d||  lg(rg) alpha_du alpha_pr  ls
2940  1.2528519e-04 3.01e-09 4.85e-04 -11.0 3.53e-03    -  1.00e+00 3.12e-02h  6
2941  1.2589655e-04 1.20e-09 4.00e-04 -11.0 1.99e-03    -  1.00e+00 1.00e+00H  1
2942  1.2498018e-04 1.88e-06 2.09e+00 -11.0 5.77e-04    -  1.00e+00 1.00e+00h  1
2943  1.2403417e-04 6.32e-07 3.61e+00 -11.0 4.68e-04    -  1.00e+00 1.00e+00h  1
2944  1.2396272e-04 9.04e-07 1.15e+00 -11.0 4.99e-04    -  1.00e+00 1.00e+00h  1
2945  1.2396111e-04 8.22e-07 1.28e+00 -11.0 3.13e-03    -  1.00e+00 1.25e-01h  4
2946  1.2394694e-04 1.52e-07 8.57e-05 -11.0 3.02e-04    -  1.00e+00 1.00e+00h  1
2947  1.2398959e-04 9.92e-08 6.05e-05 -11.0 2.86e-04    -  1.00e+00 1.00e+00H  1
2948  1.2393008e-04 4.36e-07 5.14e-05 -11.0 1.27e-03    -  1.00e+00 1.25e-01h  4
2949  1.2392403e-04 3.82e-07 6.97e-05 -11.0 7.85e-04    -  1.00e+00 1.25e-01h  4
iter    objective    inf_pr   inf_du lg(mu)  ||d||  lg(rg) alpha_du alpha_pr  ls
2950  1.2387184e-04 3.61e-08 2.99e-05 -11.0 1.49e-04    -  1.00e+00 1.00e+00h  1
2951  1.2387046e-04 6.73e-08 5.53e-05 -11.0 5.06e-04    -  1.00e+00 1.00e+00h  1
2952  1.2413243e-04 1.56e-08 3.12e-04 -11.0 1.53e-03    -  1.00e+00 1.00e+00H  1
2953  1.2408191e-04 1.60e-08 2.83e-04 -11.0 5.80e-03    -  1.00e+00 3.12e-02h  6
2954  1.2401997e-04 1.58e-08 2.60e-04 -11.0 8.28e-03    -  1.00e+00 1.56e-02h  7
2955  1.2378415e-04 1.15e-06 5.51e-01 -11.0 2.01e-02    -  1.00e+00 1.25e-01h  4
2956  1.2385218e-04 7.08e-07 1.29e+00 -11.0 5.12e-03    -  1.00e+00 1.00e+00H  1
2957  1.2374260e-04 6.19e-07 1.26e+00 -11.0 1.10e-02    -  1.00e+00 1.25e-01h  4
2958  1.2302028e-04 8.71e-06 9.31e-01 -11.0 1.16e-01    -  1.00e+00 6.25e-02h  5
2959  1.2297769e-04 9.08e-06 9.08e-01 -11.0 2.17e-01    -  1.00e+00 7.81e-03h  8
iter    objective    inf_pr   inf_du lg(mu)  ||d||  lg(rg) alpha_du alpha_pr  ls
2960  1.2269838e-04 8.16e-06 1.51e+00 -11.0 7.55e-03    -  1.00e+00 1.25e-01h  4
2961  1.2265445e-04 9.02e-06 1.19e+00 -11.0 4.58e-02    -  1.00e+00 6.25e-02h  5
2962  1.2260342e-04 1.43e-05 1.17e+00 -11.0 3.45e-01    -  1.00e+00 1.56e-02h  7
2963  1.2255555e-04 1.61e-05 8.93e-01 -11.0 8.25e-01    -  1.00e+00 3.91e-03h  9
2964  1.2255341e-04 1.60e-05 9.21e-01 -11.0 9.21e-02    -  1.00e+00 1.95e-03h 10
2965  1.2235582e-04 2.68e-06 4.17e+00 -11.0 3.97e-03    -  1.00e+00 1.00e+00h  1
2966  1.2234582e-04 2.67e-06 1.84e+00 -11.0 4.90e-02    -  1.00e+00 7.81e-03h  8
2967  1.2269066e-04 1.47e-06 2.43e+00 -11.0 2.45e-03    -  1.00e+00 1.00e+00h  1
2968  1.2264510e-04 1.89e-06 2.49e+00 -11.0 5.49e-02    -  1.00e+00 3.12e-02h  6
2969  1.2260366e-04 1.96e-06 2.41e+00 -11.0 4.91e-02    -  1.00e+00 1.56e-02h  7
iter    objective    inf_pr   inf_du lg(mu)  ||d||  lg(rg) alpha_du alpha_pr  ls
2970  1.2253265e-04 2.17e-06 2.37e+00 -11.0 5.69e-01    -  1.00e+00 1.95e-03h 10
2971  1.2250084e-04 2.19e-06 2.36e+00 -11.0 1.63e-01    -  1.00e+00 1.95e-03h 10
2972  1.2248120e-04 2.19e-06 2.19e+00 -11.0 4.19e-02    -  1.00e+00 7.81e-03h  8
2973  1.2231427e-04 3.35e-05 4.23e+00 -11.0 8.36e-01    -  1.00e+00 1.56e-02h  7
2974  1.2224345e-04 3.54e-05 3.89e+00 -11.0 3.28e+00    -  1.00e+00 9.77e-04h 11
2975  1.2222689e-04 3.55e-05 3.79e+00 -11.0 4.41e-01    -  1.00e+00 1.95e-03h 10
2976  1.2220681e-04 3.57e-05 3.73e+00 -11.0 2.05e-01    -  1.00e+00 7.81e-03h  8
2977  1.2218188e-04 3.57e-05 3.77e+00 -11.0 2.50e-01    -  1.00e+00 3.91e-03h  9
2978  7.7335793e-04 5.06e-04 7.14e+00 -11.0 5.23e-02    -  1.00e+00 1.00e+00w  1
2979  1.2916806e-04 2.72e-04 1.52e+01 -11.0 4.28e-02    -  1.00e+00 1.00e+00w  1
iter    objective    inf_pr   inf_du lg(mu)  ||d||  lg(rg) alpha_du alpha_pr  ls
2980  7.4766575e-04 6.01e-03 3.57e+02 -11.0 1.76e-01    -  1.00e+00 1.00e+00w  1
2981  1.2224212e-04 3.53e-05 3.79e+00 -11.0 2.58e-01    -  1.00e+00 1.56e-02h  6
2982  1.2214274e-04 3.55e-05 3.13e+00 -11.0 3.67e-01    -  1.00e+00 3.91e-03h  9
2983  1.2214719e-04 3.52e-05 3.09e+00 -11.0 7.06e-02    -  1.00e+00 1.56e-02h  7
2984  1.2213088e-04 3.52e-05 2.94e+00 -11.0 9.74e-02    -  1.00e+00 1.56e-02h  7
2985  1.2207489e-04 3.57e-05 2.13e+00 -11.0 5.37e-02    -  1.00e+00 6.25e-02h  5
2986  1.2227606e-04 3.54e-05 2.19e+00 -11.0 5.03e-02    -  1.00e+00 7.81e-03h  8
2987  1.2186667e-04 1.46e-06 4.44e-01 -11.0 2.74e-03    -  1.00e+00 1.00e+00h  1
2988  1.2185202e-04 1.46e-06 5.54e-01 -11.0 1.50e-02    -  1.00e+00 1.56e-02h  7
2989  1.2206614e-04 1.05e-07 2.89e-04 -11.0 3.22e-03    -  1.00e+00 1.00e+00H  1
iter    objective    inf_pr   inf_du lg(mu)  ||d||  lg(rg) alpha_du alpha_pr  ls
2990  1.2194618e-04 4.58e-07 2.59e-04 -11.0 5.71e-02    -  1.00e+00 1.56e-02h  7
2991  1.2192866e-04 4.84e-07 2.39e-04 -11.0 4.19e-02    -  1.00e+00 7.81e-03h  8
2992  1.2185828e-04 3.03e-07 7.68e-05 -11.0 1.45e-03    -  1.00e+00 5.00e-01h  2
2993  1.2179055e-04 8.09e-07 1.40e+00 -11.0 5.52e-03    -  1.00e+00 2.50e-01h  3
2994  1.2178732e-04 7.86e-07 1.48e+00 -11.0 3.96e-03    -  1.00e+00 3.12e-02h  6
2995  1.2162736e-04 1.31e-07 2.42e-05 -11.0 7.51e-04    -  1.00e+00 1.00e+00h  1
2996  1.2161400e-04 1.31e-07 3.38e-05 -11.0 4.57e-03    -  1.00e+00 6.25e-02h  5
2997  1.2169200e-04 1.77e-07 1.62e-04 -11.0 5.55e-03    -  1.00e+00 1.00e+00H  1
2998  1.2173267e-04 8.55e-08 1.28e-04 -11.0 1.72e-01    -  1.00e+00 7.81e-03h  8
2999  1.2171829e-04 8.52e-08 1.12e-04 -11.0 2.25e-02    -  1.00e+00 7.81e-03h  8
iter    objective    inf_pr   inf_du lg(mu)  ||d||  lg(rg) alpha_du alpha_pr  ls
3000  1.2166328e-04 7.69e-08 9.47e-05 -11.0 5.17e-03    -  1.00e+00 6.25e-02h  5

Number of Iterations....: 3000

                                   (scaled)                 (unscaled)
Objective...............:   1.2166328329807886e-04    1.2166328329807886e-04
Dual infeasibility......:   9.4650519554293627e-05    9.4650519554293627e-05
Constraint violation....:   1.8316789483726103e-08    7.6874731757409220e-08
Variable bound violation:   0.0000000000000000e+00    0.0000000000000000e+00
Complementarity.........:   0.0000000000000000e+00    0.0000000000000000e+00
Overall NLP error.......:   9.4650519554293627e-05    9.4650519554293627e-05


Number of objective function evaluations             = 14181
Number of objective gradient evaluations             = 3001
Number of equality constraint evaluations            = 14388
Number of inequality constraint evaluations          = 0
Number of equality constraint Jacobian evaluations   = 3001
Number of inequality constraint Jacobian evaluations = 0
Number of Lagrangian Hessian evaluations             = 0
Total seconds in IPOPT                               = 4618.136

EXIT: Maximum Number of Iterations Exceeded.
shapovalova [4629s]  loss=0.000122
  [final]  nrmse=0.3432  l2=0.03176
saved /orcd/home/002/txenakis/projects/BVPsolver/src/../data/runs/run_VmWlIVDd/rober_fit.png
saved /orcd/home/002/txenakis/projects/BVPsolver/src/../data/runs/run_VmWlIVDd/rober_spectral_fit.png
┌ Warning: Attempting to store StiffNN.var"#12#13"{Float64, Float64, Float64}.
│ JLD2 only stores functions by name.
│  This may not be useful for anonymous functions.
└ @ JLD2 ~/.julia/packages/JLD2/ADycq/src/data/writing_datatypes.jl:447
saved run → /orcd/home/002/txenakis/projects/BVPsolver/src/../data/runs/run_VmWlIVDd
--------------------------------------
Done: Wed Aug 12 07:54:04 EDT 2026
