Task 83/214: --problem vanderpol --model GELU-scaled --profile fast --seed 14 --pretraining none --training shapovalova
Logging to /home/txenakis/projects/BVPsolver/logs/run_main_20252509_83.log
vanderpol  model=GELU-scaled d=2 tlen=151 profile=fast seed=14  solver=Kvaerno5  N=177

******************************************************************************
This program contains Ipopt, a library for large-scale nonlinear optimization.
 Ipopt is released as open source code under the Eclipse Public License (EPL).
         For more information visit https://github.com/coin-or/Ipopt
******************************************************************************

This is Ipopt version 3.14.19, running with linear solver MUMPS 5.9.0.

Number of nonzeros in equality constraint Jacobian...:    99360
Number of nonzeros in inequality constraint Jacobian.:        0
Number of nonzeros in Lagrangian Hessian.............:        0

Total number of variables............................:      479
                     variables with only lower bounds:        0
                variables with lower and upper bounds:        0
                     variables with only upper bounds:        0
Total number of equality constraints.................:      304
Total number of inequality constraints...............:        0
        inequality constraints with only lower bounds:        0
   inequality constraints with lower and upper bounds:        0
        inequality constraints with only upper bounds:        0

iter    objective    inf_pr   inf_du lg(mu)  ||d||  lg(rg) alpha_du alpha_pr  ls
   0  3.2791984e-05 1.34e+00 1.70e-06   0.0 0.00e+00    -  0.00e+00 0.00e+00   0
   1  8.9505391e+01 6.66e-01 1.22e+01 -11.0 3.04e+00    -  1.00e+00 5.00e-01h  2
   2  1.2773242e+02 5.01e-01 1.61e+01 -11.0 1.11e+00    -  1.00e+00 2.50e-01h  3
   3  1.4235839e+02 4.39e-01 2.02e+01 -11.0 1.47e+00    -  1.00e+00 1.25e-01h  4
   4  1.6881829e+02 3.32e-01 1.97e+01 -11.0 1.46e+00    -  1.00e+00 2.50e-01h  3
   5  2.0184948e+02 1.63e-01 1.92e+02 -11.0 9.56e-01    -  1.00e+00 5.00e-01h  2
   6  1.8868905e+02 1.53e-01 2.30e+02 -11.0 1.44e+00    -  1.00e+00 6.25e-02f  5
   7  7.1205226e+01 4.83e-01 2.72e+02 -11.0 2.57e+00    -  1.00e+00 5.00e-01f  2
   8  9.0616880e+01 3.48e-01 2.28e+02 -11.0 1.67e+00    -  1.00e+00 2.50e-01h  3
   9  9.0601735e+01 3.34e-01 2.32e+02 -11.0 1.58e+00    -  1.00e+00 3.12e-02h  6
iter    objective    inf_pr   inf_du lg(mu)  ||d||  lg(rg) alpha_du alpha_pr  ls
  10  8.7583303e+01 2.91e-01 3.10e+02 -11.0 1.73e+00    -  1.00e+00 6.25e-02f  5
  11  1.2675899e+02 1.51e+00 2.01e+03 -11.0 8.20e-01    -  1.00e+00 1.00e+00w  1
  12  1.1674833e+02 1.49e+02 4.76e+05 -11.0 2.78e+00    -  1.00e+00 1.00e+00w  1
  13  1.7737929e+02 2.45e+01 1.81e+04 -11.0 3.23e+00    -  1.00e+00 1.00e+00w  1
  14  1.0259632e+02 2.05e-01 2.13e+02 -11.0 1.16e+00    -  1.00e+00 5.00e-01h  1
  15  1.2974503e+02 8.93e-02 3.47e+03 -11.0 5.53e-01    -  1.00e+00 5.00e-01h  2
  16  1.1107076e+02 1.08e-01 3.71e+03 -11.0 2.95e+00    -  1.00e+00 6.25e-02f  5
  17  5.9186316e+01 1.65e-01 1.50e+04 -11.0 2.40e+00    -  1.00e+00 2.50e-01f  3
  18  5.2613965e+01 8.80e-01 2.84e+03 -11.0 3.45e+00    -  1.00e+00 1.00e+00f  1
  19  6.3299522e+01 1.80e+00 2.05e+02 -11.0 4.00e+00    -  1.00e+00 1.00e+00h  1
iter    objective    inf_pr   inf_du lg(mu)  ||d||  lg(rg) alpha_du alpha_pr  ls
  20  2.6701729e+01 3.42e+00 2.45e+03 -11.0 2.34e+00    -  1.00e+00 1.00e+00f  1
  21  2.1188752e+01 6.39e-01 6.23e+02 -11.0 9.98e-01    -  1.00e+00 1.00e+00f  1
  22  2.5998593e+01 4.64e-01 4.40e+02 -11.0 2.03e+00    -  1.00e+00 5.00e-01h  2
  23  2.8054443e+01 9.84e-01 6.20e+02 -11.0 1.56e+00    -  1.00e+00 2.50e-01h  3
  24  3.4020042e+01 4.71e-01 5.82e+02 -11.0 1.02e+00    -  1.00e+00 5.00e-01h  2
  25  3.1148401e+01 4.55e-01 6.85e+02 -11.0 5.84e+00    -  1.00e+00 3.12e-02f  6
  26  2.6323129e+01 3.88e-01 6.95e+02 -11.0 2.46e+00    -  1.00e+00 1.25e-01f  4
  27  1.9238930e+01 1.03e+00 2.68e+02 -11.0 2.38e+00    -  1.00e+00 5.00e-01f  2
  28  1.4516230e+01 6.88e-01 1.92e+02 -11.0 1.87e+00    -  1.00e+00 5.00e-01f  2
  29  1.3818314e+01 3.81e-01 3.01e+02 -11.0 9.39e-01    -  1.00e+00 5.00e-01h  2
iter    objective    inf_pr   inf_du lg(mu)  ||d||  lg(rg) alpha_du alpha_pr  ls
  30  1.1508128e+01 7.25e-01 4.61e+02 -11.0 8.16e-01    -  1.00e+00 1.00e+00f  1
  31  1.1888662e+01 4.31e-01 1.95e+02 -11.0 7.73e-01    -  1.00e+00 5.00e-01h  2
  32  8.4205696e+00 1.67e+00 2.58e+03 -11.0 1.43e+00    -  1.00e+00 5.00e-01f  2
  33  6.9985539e+00 1.01e+00 5.82e+02 -11.0 3.28e-01    -  1.00e+00 1.00e+00h  1
  34  9.4608167e+00 1.10e+00 8.61e+02 -11.0 4.13e-01    -  1.00e+00 1.00e+00h  1
  35  1.1287113e+01 3.74e-01 9.86e+02 -11.0 4.43e-01    -  1.00e+00 5.00e-01h  2
  36  7.8288116e+00 5.33e-01 4.95e+02 -11.0 5.79e-01    -  1.00e+00 1.00e+00f  1
  37  6.5096981e+00 6.14e-01 3.26e+02 -11.0 1.84e+00    -  1.00e+00 2.50e-01f  3
  38  5.5514040e+00 6.08e-01 4.19e+02 -11.0 7.68e-01    -  1.00e+00 5.00e-01h  2
  39  5.5747986e+00 5.90e-01 4.01e+02 -11.0 7.96e-01    -  1.00e+00 3.12e-02h  6
iter    objective    inf_pr   inf_du lg(mu)  ||d||  lg(rg) alpha_du alpha_pr  ls
  40  5.6598116e+00 5.72e-01 3.85e+02 -11.0 1.23e+00    -  1.00e+00 3.12e-02h  6
  41  5.9749338e+00 5.09e-01 3.35e+02 -11.0 1.16e+00    -  1.00e+00 1.25e-01h  4
  42  6.6938475e+00 4.03e-01 3.09e+02 -11.0 9.87e-01    -  1.00e+00 2.50e-01h  3
  43  6.6341304e+00 3.63e-01 3.45e+02 -11.0 1.33e+00    -  1.00e+00 1.25e-01h  4
  44  6.5281229e+00 2.58e-01 3.10e+02 -11.0 1.71e+00    -  1.00e+00 1.25e-01h  4
  45  6.3940746e+00 3.32e-01 5.32e+02 -11.0 5.32e-01    -  1.00e+00 5.00e-01h  2
  46  4.9088907e+00 5.91e-01 2.17e+02 -11.0 4.58e-01    -  1.00e+00 1.00e+00f  1
  47  4.6126750e+00 1.66e+00 7.87e+01 -11.0 4.51e-01    -  1.00e+00 1.00e+00h  1
  48  4.7374510e+00 7.12e-01 3.35e+02 -11.0 5.34e-01    -  1.00e+00 5.00e-01h  2
  49  4.8229375e+00 5.79e-01 8.40e+02 -11.0 6.62e-01    -  1.00e+00 2.50e-01h  3
iter    objective    inf_pr   inf_du lg(mu)  ||d||  lg(rg) alpha_du alpha_pr  ls
  50  4.9572256e+00 4.56e-01 6.60e+02 -11.0 5.39e-01    -  1.00e+00 2.50e-01h  3
  51  4.9060423e+00 2.98e-01 6.87e+02 -11.0 3.07e-01    -  1.00e+00 5.00e-01h  2
  52  3.1929689e+00 5.44e-01 1.28e+03 -11.0 5.12e-01    -  1.00e+00 1.00e+00f  1
  53  2.6311156e+00 2.37e-01 7.00e+02 -11.0 2.79e-01    -  1.00e+00 1.00e+00h  1
  54  1.5781341e+00 1.93e+00 3.08e+03 -11.0 4.55e-01    -  1.00e+00 1.00e+00h  1
  55  2.2157923e+00 1.06e+00 1.25e+03 -11.0 9.38e-01    -  1.00e+00 5.00e-01h  2
  56  2.1095856e+00 7.62e-01 7.19e+02 -11.0 5.84e-01    -  1.00e+00 5.00e-01h  2
  57  1.6349544e+00 5.51e-01 8.10e+02 -11.0 7.85e-01    -  1.00e+00 5.00e-01h  2
  58  1.5413569e+00 5.01e-01 6.33e+02 -11.0 3.94e-01    -  1.00e+00 5.00e-01h  2
  59  1.7766116e+00 2.40e-01 3.64e+02 -11.0 4.96e-01    -  1.00e+00 5.00e-01h  2
iter    objective    inf_pr   inf_du lg(mu)  ||d||  lg(rg) alpha_du alpha_pr  ls
  60  2.0625839e+00 1.77e-01 8.68e+02 -11.0 2.88e-01    -  1.00e+00 5.00e-01h  2
  61  2.0734910e+00 1.36e-01 6.44e+02 -11.0 1.58e-01    -  1.00e+00 2.50e-01h  3
  62  1.4462201e+00 6.32e-01 1.84e+03 -11.0 6.39e-01    -  1.00e+00 5.00e-01h  2
  63  1.4644521e+00 3.81e-01 1.52e+03 -11.0 2.98e-01    -  1.00e+00 5.00e-01h  2
  64  1.2231810e+00 3.81e-01 1.63e+03 -11.0 1.56e-01    -  1.00e+00 1.00e+00h  1
  65  1.2075164e+00 2.91e-01 3.53e+02 -11.0 1.01e-01    -  1.00e+00 1.00e+00h  1
  66  1.2111015e+00 2.99e-01 2.69e+02 -11.0 2.95e-01    -  1.00e+00 5.00e-01h  2
  67  1.1578840e+00 1.10e-01 1.20e+02 -11.0 1.31e-01    -  1.00e+00 1.00e+00h  1
  68  1.1850403e+00 7.71e-02 8.93e+01 -11.0 1.36e-01    -  1.00e+00 5.00e-01h  2
  69  9.7966210e-01 5.55e-01 2.26e+03 -11.0 9.46e-01    -  1.00e+00 5.00e-01f  2
iter    objective    inf_pr   inf_du lg(mu)  ||d||  lg(rg) alpha_du alpha_pr  ls
  70  1.1480235e+00 4.14e-01 8.37e+02 -11.0 5.71e-01    -  1.00e+00 5.00e-01h  2
  71  1.0613002e+00 3.23e-01 8.34e+02 -11.0 5.99e-01    -  1.00e+00 2.50e-01h  3
  72  1.0538816e+00 1.49e-01 1.74e+03 -11.0 2.80e-01    -  1.00e+00 5.00e-01h  2
  73  7.8057309e-01 2.72e-01 6.19e+02 -11.0 3.58e-01    -  1.00e+00 5.00e-01h  2
  74  1.0048575e+00 8.77e-02 8.82e+02 -11.0 1.18e-01    -  1.00e+00 1.00e+00h  1
  75  8.9929642e-01 9.44e-02 3.73e+02 -11.0 1.79e-01    -  1.00e+00 1.00e+00h  1
  76  7.8975765e-01 3.05e-01 2.48e+03 -11.0 1.79e-01    -  1.00e+00 1.00e+00h  1
  77  7.6220394e-01 3.59e-01 4.77e+02 -11.0 1.71e-01    -  1.00e+00 1.00e+00h  1
  78  7.4553130e-01 5.14e-02 5.22e+02 -11.0 4.50e-02    -  1.00e+00 1.00e+00H  1
  79  7.5969953e-01 1.44e-02 9.37e+01 -11.0 5.91e-02    -  1.00e+00 5.00e-01h  2
iter    objective    inf_pr   inf_du lg(mu)  ||d||  lg(rg) alpha_du alpha_pr  ls
  80  8.4032587e-01 1.85e-02 3.32e+02 -11.0 3.74e-02    -  1.00e+00 1.00e+00H  1
  81  7.5788237e-01 7.30e-03 1.52e+02 -11.0 3.32e-02    -  1.00e+00 1.00e+00h  1
  82  7.0882104e-01 3.93e-01 1.72e+03 -11.0 3.80e-01    -  1.00e+00 2.50e-01h  3
  83  6.5246560e-01 3.65e-01 2.31e+03 -11.0 1.06e-01    -  1.00e+00 1.00e+00h  1
  84  5.6687397e-01 1.60e-01 2.49e+02 -11.0 2.13e-01    -  1.00e+00 1.00e+00h  1
  85  5.8719102e-01 1.20e-01 2.00e+02 -11.0 2.13e-01    -  1.00e+00 2.50e-01h  3
  86  5.7747006e-01 1.12e-01 1.89e+02 -11.0 4.19e-01    -  1.00e+00 6.25e-02h  5
  87  5.3237827e-01 1.30e-01 9.75e+02 -11.0 2.26e+01    -  1.00e+00 7.81e-03f  8
  88  5.1542542e-01 1.37e-01 5.70e+02 -11.0 9.50e-01    -  1.00e+00 1.25e-01h  4
  89  5.2125305e-01 1.28e-01 3.90e+02 -11.0 2.06e-01    -  1.00e+00 2.50e-01h  3
iter    objective    inf_pr   inf_du lg(mu)  ||d||  lg(rg) alpha_du alpha_pr  ls
  90  5.4382609e-01 9.77e-02 2.11e+02 -11.0 6.87e-02    -  1.00e+00 2.50e-01h  3
  91  5.6525010e-01 7.71e-02 1.33e+02 -11.0 7.30e-02    -  1.00e+00 2.50e-01h  3
  92  5.6534856e-01 8.03e-02 1.02e+02 -11.0 4.46e-01    -  1.00e+00 1.25e-01h  4
  93  5.5319277e-01 1.32e-01 1.13e+02 -11.0 6.59e+00    -  1.00e+00 1.56e-02h  7
  94  5.4902061e-01 1.35e-01 1.11e+02 -11.0 2.67e+00    -  1.00e+00 1.56e-02h  7
  95  7.8393235e-01 3.24e+00 3.37e+03 -11.0 2.05e+00    -  1.00e+00 1.00e+00w  1
  96  2.2393339e+00 1.95e+00 1.22e+04 -11.0 1.26e+00    -  1.00e+00 1.00e+00w  1
  97  4.8645177e+00 2.02e+00 4.54e+04 -11.0 1.37e+00    -  1.00e+00 1.00e+00w  1
  98  5.2442884e-01 6.37e-01 4.00e+02 -11.0 1.17e+00    -  1.00e+00 2.50e-01h  2
  99  5.4353715e-01 1.70e-01 1.17e+02 -11.0 1.24e-01    -  1.00e+00 1.00e+00h  1
iter    objective    inf_pr   inf_du lg(mu)  ||d||  lg(rg) alpha_du alpha_pr  ls
 100  5.2362346e-01 1.41e-01 2.88e+02 -11.0 1.31e-01    -  1.00e+00 5.00e-01h  2
 101  5.1852693e-01 6.35e-01 2.29e+03 -11.0 1.84e-01    -  1.00e+00 1.00e+00h  1
 102  3.4956180e-01 1.25e-01 4.89e+03 -11.0 1.28e-01    -  1.00e+00 1.00e+00h  1
 103  4.2946255e-01 6.12e-02 1.78e+03 -11.0 2.26e-01    -  1.00e+00 5.00e-01h  2
 104  5.9864849e-01 4.42e-02 1.93e+02 -11.0 1.57e-01    -  1.00e+00 1.00e+00H  1
 105  5.2064305e-01 7.34e-02 7.31e+01 -11.0 9.60e-02    -  1.00e+00 1.00e+00h  1
 106  5.0606181e-01 2.19e-02 5.15e+01 -11.0 8.77e-02    -  1.00e+00 1.00e+00h  1
 107  5.0349167e-01 7.32e-03 5.80e+00 -11.0 9.49e-02    -  1.00e+00 1.00e+00h  1
 108  4.8985661e-01 3.60e-02 8.84e+01 -11.0 5.40e-01    -  1.00e+00 1.00e+00h  1
 109  4.3926134e-01 1.21e-01 1.27e+02 -11.0 2.03e+00    -  1.00e+00 2.50e-01h  3
iter    objective    inf_pr   inf_du lg(mu)  ||d||  lg(rg) alpha_du alpha_pr  ls
 110  3.9547477e-01 1.21e-01 2.63e+02 -11.0 1.44e+00    -  1.00e+00 2.50e-01h  3
 111  3.5687499e-01 8.51e-02 8.61e+01 -11.0 6.41e-01    -  1.00e+00 5.00e-01h  2
 112  3.4706584e-01 6.36e-01 1.57e+03 -11.0 1.48e+00    -  1.00e+00 5.00e-01h  2
 113  3.2375843e-01 2.08e-01 1.96e+02 -11.0 1.50e-01    -  1.00e+00 1.00e+00h  1
 114  2.5048422e-01 2.42e-01 1.62e+02 -11.0 3.21e-01    -  1.00e+00 5.00e-01h  2
 115  3.3942749e-01 8.43e-02 1.83e+02 -11.0 1.71e-01    -  1.00e+00 1.00e+00H  1
 116  3.0202717e-01 4.99e-02 5.38e+01 -11.0 1.98e-01    -  1.00e+00 1.00e+00h  1
 117  2.8368355e-01 6.84e-02 5.33e+01 -11.0 5.55e-01    -  1.00e+00 5.00e-01h  2
 118  2.7060908e-01 6.52e-02 5.66e+01 -11.0 1.87e+00    -  1.00e+00 1.25e-01h  4
 119  2.4727811e-01 1.45e+00 4.51e+03 -11.0 7.89e+00    -  1.00e+00 2.50e-01h  3
iter    objective    inf_pr   inf_du lg(mu)  ||d||  lg(rg) alpha_du alpha_pr  ls
 120  1.7448746e-01 9.63e-01 2.18e+03 -11.0 6.68e-01    -  1.00e+00 5.00e-01h  2
 121  1.7754073e-01 5.34e-01 9.23e+02 -11.0 2.43e-01    -  1.00e+00 5.00e-01h  2
 122  2.4806571e-01 3.05e-01 1.57e+03 -11.0 2.62e-01    -  1.00e+00 1.00e+00h  1
 123  2.4082869e-01 2.08e-01 1.18e+03 -11.0 1.04e+00    -  1.00e+00 2.50e-01h  3
 124  2.2081605e-01 1.58e-01 1.54e+03 -11.0 1.62e+00    -  1.00e+00 1.25e-01h  4
 125  2.1507770e-01 1.28e-01 1.33e+03 -11.0 1.35e+00    -  1.00e+00 1.25e-01h  4
 126  2.3999816e-01 1.06e-01 9.99e+02 -11.0 1.62e-01    -  1.00e+00 5.00e-01h  2
 127  2.6043055e-01 8.51e-02 2.29e+02 -11.0 1.29e-01    -  1.00e+00 1.00e+00h  1
 128  2.3253278e-01 5.85e-02 6.98e+02 -11.0 1.68e-01    -  1.00e+00 1.00e+00h  1
 129  1.9533020e-01 1.69e-01 9.25e+02 -11.0 7.62e-02    -  1.00e+00 1.00e+00h  1
iter    objective    inf_pr   inf_du lg(mu)  ||d||  lg(rg) alpha_du alpha_pr  ls
 130  1.5087608e-01 6.89e-02 2.92e+02 -11.0 4.65e-02    -  1.00e+00 1.00e+00h  1
 131  1.5616712e-01 4.31e-02 1.34e+02 -11.0 1.04e-01    -  1.00e+00 5.00e-01h  2
 132  1.6347287e-01 3.50e-02 5.10e+01 -11.0 6.66e-02    -  1.00e+00 5.00e-01h  2
 133  1.8556028e-01 5.29e-03 3.74e+02 -11.0 4.25e-02    -  1.00e+00 1.00e+00H  1
 134  1.8098518e-01 5.52e-03 3.77e+02 -11.0 4.21e-01    -  1.00e+00 3.12e-02h  6
 135  1.7814405e-01 5.37e-03 3.72e+02 -11.0 2.83e-01    -  1.00e+00 3.12e-02h  6
 136  1.7685169e-01 5.32e-03 3.67e+02 -11.0 2.43e-01    -  1.00e+00 1.56e-02h  7
 137  1.7568667e-01 5.29e-03 3.62e+02 -11.0 2.16e-01    -  1.00e+00 1.56e-02h  7
 138  1.7295698e-01 5.25e-03 3.45e+02 -11.0 7.93e-02    -  1.00e+00 6.25e-02h  5
 139  1.5852261e-01 1.65e-01 4.96e+02 -11.0 8.92e+00    -  1.00e+00 7.81e-03h  8
iter    objective    inf_pr   inf_du lg(mu)  ||d||  lg(rg) alpha_du alpha_pr  ls
 140  1.3793442e-01 9.36e-02 2.08e+02 -11.0 1.51e-01    -  1.00e+00 5.00e-01h  2
 141  1.3925942e-01 8.69e-02 1.09e+02 -11.0 5.08e-02    -  1.00e+00 1.00e+00h  1
 142  1.2641967e-01 1.00e-01 1.52e+02 -11.0 9.28e-02    -  1.00e+00 1.00e+00h  1
 143  1.2653907e-01 1.47e-01 6.81e+01 -11.0 6.76e-02    -  1.00e+00 1.00e+00h  1
 144  1.1692445e-01 5.93e-02 1.05e+02 -11.0 1.32e-01    -  1.00e+00 5.00e-01h  2
 145  1.0642102e-01 1.96e-02 7.97e+01 -11.0 7.04e-02    -  1.00e+00 1.00e+00h  1
 146  1.1500662e-01 5.85e-03 4.20e+01 -11.0 2.76e-02    -  1.00e+00 1.00e+00h  1
 147  1.1394398e-01 1.75e-03 7.77e+00 -11.0 1.33e-02    -  1.00e+00 1.00e+00h  1
 148  1.1115817e-01 1.01e-02 2.84e+01 -11.0 7.50e-02    -  1.00e+00 5.00e-01h  2
 149  1.0948210e-01 1.26e-02 2.55e+01 -11.0 2.07e-01    -  1.00e+00 1.25e-01h  4
iter    objective    inf_pr   inf_du lg(mu)  ||d||  lg(rg) alpha_du alpha_pr  ls
 150  1.0858475e-01 1.69e-02 1.44e+01 -11.0 2.01e-01    -  1.00e+00 1.25e-01h  4
 151  1.0710001e-01 1.40e-02 1.73e+01 -11.0 1.76e-01    -  1.00e+00 5.00e-01h  2
 152  1.0501103e-01 5.60e-02 7.15e+01 -11.0 5.21e-01    -  1.00e+00 2.50e-01h  3
 153  1.0466879e-01 4.55e-02 1.86e+01 -11.0 3.31e-01    -  1.00e+00 5.00e-01h  2
 154  1.0246154e-01 6.51e-02 1.94e+01 -11.0 1.12e-01    -  1.00e+00 2.50e-01h  3
 155  1.0441419e-01 1.71e-02 1.09e+01 -11.0 7.63e-02    -  1.00e+00 1.00e+00H  1
 156  1.0208460e-01 3.50e-02 1.09e+01 -11.0 1.32e-01    -  1.00e+00 5.00e-01h  2
 157  9.9751286e-02 3.86e-02 3.64e+01 -11.0 2.18e-01    -  1.00e+00 1.00e+00h  1
 158  9.9022488e-02 1.91e-01 4.34e+01 -11.0 3.05e+00    -  1.00e+00 1.25e-01h  4
 159  9.4050513e-02 2.00e-01 1.39e+02 -11.0 5.46e-01    -  1.00e+00 6.25e-02h  5
iter    objective    inf_pr   inf_du lg(mu)  ||d||  lg(rg) alpha_du alpha_pr  ls
 160  9.2647410e-02 4.60e-01 1.78e+02 -11.0 9.94e-02    -  1.00e+00 1.00e+00h  1
 161  9.5043176e-02 2.33e-01 1.04e+02 -11.0 2.85e-01    -  1.00e+00 5.00e-01h  2
 162  9.6518821e-02 1.60e-01 5.54e+01 -11.0 9.30e-02    -  1.00e+00 5.00e-01h  2
 163  9.8704492e-02 1.15e-01 4.89e+01 -11.0 5.84e-02    -  1.00e+00 5.00e-01h  2
 164  9.3685805e-02 1.20e-01 5.70e+01 -11.0 8.47e-02    -  1.00e+00 5.00e-01h  2
 165  9.8927815e-02 5.60e-02 6.00e+01 -11.0 3.10e-02    -  1.00e+00 1.00e+00h  1
 166  9.4150916e-02 2.07e-02 4.52e+01 -11.0 3.15e-02    -  1.00e+00 1.00e+00h  1
 167  9.6432831e-02 1.65e-02 4.05e+01 -11.0 2.87e-02    -  1.00e+00 1.00e+00h  1
 168  9.3441420e-02 4.66e-01 6.10e+01 -11.0 5.18e-02    -  1.00e+00 1.00e+00h  1
 169  8.9402484e-02 6.14e-02 1.04e+02 -11.0 8.62e-02    -  1.00e+00 1.00e+00H  1
iter    objective    inf_pr   inf_du lg(mu)  ||d||  lg(rg) alpha_du alpha_pr  ls
 170  8.5559083e-02 3.95e-02 4.22e+01 -11.0 3.61e-02    -  1.00e+00 1.00e+00h  1
 171  8.6622973e-02 6.53e-02 2.12e+01 -11.0 3.68e-02    -  1.00e+00 5.00e-01h  2
 172  8.8366996e-02 5.12e-03 6.85e+00 -11.0 3.67e-02    -  1.00e+00 1.00e+00H  1
 173  8.7353698e-02 8.51e-03 3.58e+00 -11.0 2.36e-02    -  1.00e+00 1.00e+00H  1
 174  8.6518224e-02 8.31e-03 1.64e+01 -11.0 2.16e-02    -  1.00e+00 1.00e+00h  1
 175  8.5631802e-02 3.42e-04 1.23e+01 -11.0 3.25e-02    -  1.00e+00 1.00e+00H  1
 176  8.4373676e-02 3.20e-02 1.47e+01 -11.0 9.83e-02    -  1.00e+00 1.00e+00h  1
 177  8.4179284e-02 5.19e-01 3.92e+02 -11.0 1.28e+00    -  1.00e+00 5.00e-01h  2
 178  7.6996099e-02 2.98e-01 1.16e+02 -11.0 4.69e-01    -  1.00e+00 5.00e-01h  2
 179  7.4194456e-02 2.36e-01 1.90e+01 -11.0 1.31e-01    -  1.00e+00 5.00e-01h  2
iter    objective    inf_pr   inf_du lg(mu)  ||d||  lg(rg) alpha_du alpha_pr  ls
 180  8.2878274e-02 1.86e-01 5.18e+02 -11.0 9.57e-02    -  1.00e+00 5.00e-01h  2
 181  7.8189432e-02 1.24e-01 1.58e+02 -11.0 4.45e-02    -  1.00e+00 5.00e-01h  2
 182  8.2349914e-02 1.31e-02 7.70e+01 -11.0 2.99e-02    -  1.00e+00 1.00e+00h  1
 183  7.9418499e-02 6.25e-02 1.58e+02 -11.0 7.40e-02    -  1.00e+00 1.00e+00h  1
 184  8.4661986e-02 7.33e-02 9.30e+01 -11.0 6.82e-02    -  1.00e+00 5.00e-01h  2
 185  8.3948029e-02 3.84e-02 6.89e+01 -11.0 4.43e-02    -  1.00e+00 5.00e-01h  2
 186  7.5412524e-02 6.20e-02 1.77e+02 -11.0 2.73e-01    -  1.00e+00 2.50e-01h  3
 187  7.2744588e-02 2.67e-02 3.90e+01 -11.0 3.18e-02    -  1.00e+00 1.00e+00h  1
 188  8.0693851e-02 4.29e-03 4.16e+01 -11.0 1.94e-02    -  1.00e+00 1.00e+00h  1
 189  8.2198894e-02 1.47e-03 1.76e+01 -11.0 4.70e-03    -  1.00e+00 1.00e+00h  1
iter    objective    inf_pr   inf_du lg(mu)  ||d||  lg(rg) alpha_du alpha_pr  ls
 190  8.0570066e-02 1.18e-02 2.62e+01 -11.0 1.53e-02    -  1.00e+00 1.00e+00h  1
 191  7.9734692e-02 1.41e-02 3.54e+01 -11.0 4.08e-02    -  1.00e+00 2.50e-01h  3
 192  7.9229038e-02 1.66e-02 4.19e+01 -11.0 8.92e-02    -  1.00e+00 1.25e-01h  4
 193  7.8650185e-02 1.81e-02 3.75e+01 -11.0 2.92e-01    -  1.00e+00 6.25e-02h  5
 194  7.8104951e-02 1.99e-02 3.46e+01 -11.0 1.01e+01    -  1.00e+00 1.95e-03h 10
 195  7.7822494e-02 2.03e-02 2.70e+01 -11.0 3.43e+00    -  1.00e+00 3.91e-03h  9
 196  7.7654018e-02 2.04e-02 4.41e+01 -11.0 1.94e-01    -  1.00e+00 3.12e-02h  6
 197  7.7206007e-02 1.91e-02 3.52e+01 -11.0 3.29e-01    -  1.00e+00 1.25e-01h  4
 198  7.5949677e-02 6.06e-02 3.76e+01 -11.0 1.34e-01    -  1.00e+00 1.00e+00h  1
 199  7.6362151e-02 3.52e-02 2.69e+01 -11.0 6.65e-02    -  1.00e+00 1.00e+00h  1
iter    objective    inf_pr   inf_du lg(mu)  ||d||  lg(rg) alpha_du alpha_pr  ls
 200  7.5823154e-02 4.08e-02 3.58e+01 -11.0 3.21e-02    -  1.00e+00 1.00e+00h  1
 201  7.5275261e-02 2.16e-02 1.59e+01 -11.0 2.40e-02    -  1.00e+00 5.00e-01h  2
 202  7.4951559e-02 1.69e-02 7.04e+00 -11.0 7.42e-02    -  1.00e+00 2.50e-01h  3
 203  7.4013117e-02 2.59e-02 1.68e+01 -11.0 1.42e-01    -  1.00e+00 1.00e+00h  1
 204  7.1738351e-02 1.61e-01 2.88e+01 -11.0 8.04e-01    -  1.00e+00 5.00e-01h  2
 205  6.6573693e-02 1.49e-01 3.94e+02 -11.0 4.02e+00    -  1.00e+00 1.25e-01h  4
 206  5.9666014e-02 1.51e-01 2.01e+02 -11.0 2.16e-01    -  1.00e+00 5.00e-01h  2
 207  6.6907416e-02 4.01e-02 1.18e+02 -11.0 1.85e-01    -  1.00e+00 1.00e+00h  1
 208  6.8881848e-02 3.79e-02 6.43e+01 -11.0 2.99e-01    -  1.00e+00 5.00e-01h  2
 209  6.7028755e-02 6.36e-02 7.23e+01 -11.0 6.56e-02    -  1.00e+00 2.50e-01h  3
iter    objective    inf_pr   inf_du lg(mu)  ||d||  lg(rg) alpha_du alpha_pr  ls
 210  6.6568183e-02 4.90e-02 7.69e+01 -11.0 1.31e-01    -  1.00e+00 2.50e-01h  3
 211  6.6135266e-02 4.14e-02 7.97e+01 -11.0 3.90e-01    -  1.00e+00 2.50e-01h  3
 212  6.5381737e-02 3.86e-02 4.34e+01 -11.0 9.22e-01    -  1.00e+00 1.25e-01h  4
 213  6.4208543e-02 2.34e-02 3.85e+01 -11.0 1.69e-01    -  1.00e+00 5.00e-01h  2
 214  6.2837047e-02 4.47e-02 6.39e+01 -11.0 1.21e-01    -  1.00e+00 2.50e-01h  3
 215  6.2158212e-02 1.88e-02 2.42e+01 -11.0 2.26e-01    -  1.00e+00 5.00e-01h  2
 216  6.1694289e-02 1.82e-02 1.66e+01 -11.0 4.54e-01    -  1.00e+00 1.25e-01h  4
 217  6.2037425e-02 1.56e-02 1.36e+01 -11.0 2.60e-01    -  1.00e+00 2.50e-01h  3
 218  1.2273657e-01 9.27e-01 4.25e+02 -11.0 1.06e+00    -  1.00e+00 1.00e+00w  1
 219  2.6893382e+01 3.43e+01 1.73e+05 -11.0 4.72e+00    -  1.00e+00 1.00e+00w  1
iter    objective    inf_pr   inf_du lg(mu)  ||d||  lg(rg) alpha_du alpha_pr  ls
 220  1.7554860e+04 4.24e+06 1.45e+09 -11.0 4.20e+01    -  1.00e+00 1.00e+00w  1
 221  6.1995626e-02 2.38e-02 2.07e+01 -11.0 6.44e+01    -  1.00e+00 1.25e-01h  3
 222  6.3356528e-02 2.58e-02 6.26e+01 -11.0 2.10e-02    -  1.00e+00 1.00e+00h  1
 223  6.2676157e-02 1.03e-02 3.42e+01 -11.0 1.99e-02    -  1.00e+00 1.00e+00h  1
 224  6.3550512e-02 3.18e-03 2.65e+01 -11.0 8.57e-03    -  1.00e+00 1.00e+00h  1
 225  6.3591790e-02 1.69e-03 2.19e+01 -11.0 8.08e-03    -  1.00e+00 5.00e-01h  2
 226  6.3785355e-02 3.81e-03 9.34e+00 -11.0 3.96e-03    -  1.00e+00 1.00e+00h  1
 227  6.3688877e-02 8.65e-04 1.04e+01 -11.0 2.20e-03    -  1.00e+00 1.00e+00h  1
 228  6.3538682e-02 6.04e-04 1.60e+01 -11.0 3.71e-03    -  1.00e+00 1.00e+00h  1
 229  6.3294015e-02 1.64e-03 1.59e+01 -11.0 7.21e-03    -  1.00e+00 1.00e+00h  1
iter    objective    inf_pr   inf_du lg(mu)  ||d||  lg(rg) alpha_du alpha_pr  ls
 230  6.2844372e-02 3.01e-03 1.81e+01 -11.0 3.73e-02    -  1.00e+00 1.00e+00H  1
 231  6.2605780e-02 1.38e-03 1.17e+01 -11.0 1.50e-01    -  1.00e+00 1.25e-01h  4
 232  6.2553542e-02 3.69e-03 4.60e+01 -11.0 5.28e-02    -  1.00e+00 2.50e-01h  3
 233  6.2022704e-02 3.30e-03 1.94e+01 -11.0 2.97e-02    -  1.00e+00 1.00e+00h  1
 234  6.1916972e-02 6.47e-03 1.16e+01 -11.0 5.24e-02    -  1.00e+00 5.00e-01h  2
 235  6.1932983e-02 5.10e-03 8.49e+00 -11.0 6.34e-02    -  1.00e+00 2.50e-01h  3
 236  6.1875834e-02 8.72e-03 8.63e+00 -11.0 1.03e-02    -  1.00e+00 1.00e+00h  1
 237  6.1589864e-02 2.35e-03 2.35e+01 -11.0 2.02e-02    -  1.00e+00 1.00e+00h  1
 238  6.1097538e-02 4.07e-03 1.25e+01 -11.0 2.87e-02    -  1.00e+00 1.00e+00h  1
 239  6.0991294e-02 5.32e-03 2.14e+01 -11.0 6.10e-02    -  1.00e+00 5.00e-01h  2
iter    objective    inf_pr   inf_du lg(mu)  ||d||  lg(rg) alpha_du alpha_pr  ls
 240  6.0795299e-02 7.12e-03 7.14e+00 -11.0 1.94e-02    -  1.00e+00 5.00e-01h  2
 241  6.0676544e-02 4.92e-03 9.84e+00 -11.0 2.40e-02    -  1.00e+00 5.00e-01h  2
 242  6.0762861e-02 1.02e-03 1.73e+01 -11.0 2.81e-02    -  1.00e+00 1.00e+00h  1
 243  6.0610533e-02 1.71e-03 8.69e+00 -11.0 4.40e-02    -  1.00e+00 5.00e-01h  2
 244  6.0247900e-02 4.04e-03 1.50e+01 -11.0 2.91e-01    -  1.00e+00 2.50e-01h  3
 245  5.9818786e-02 1.79e-02 2.86e+01 -11.0 8.47e-01    -  1.00e+00 1.25e-01h  4
 246  5.9276590e-02 6.10e-02 2.50e+01 -11.0 6.90e-01    -  1.00e+00 2.50e-01h  3
 247  5.9442451e-02 6.63e-02 4.52e+01 -11.0 2.22e+00    -  1.00e+00 6.25e-02h  5
 248  5.7822249e-02 1.26e-01 5.50e+01 -11.0 1.24e+00    -  1.00e+00 2.50e-01h  3
 249  5.7379399e-02 1.20e-01 4.33e+01 -11.0 1.19e+00    -  1.00e+00 2.50e-01h  3
iter    objective    inf_pr   inf_du lg(mu)  ||d||  lg(rg) alpha_du alpha_pr  ls
 250  5.5552625e-02 1.50e-01 2.87e+01 -11.0 3.93e+00    -  1.00e+00 6.25e-02h  5
 251  5.5386130e-02 1.32e-01 2.41e+01 -11.0 6.45e-01    -  1.00e+00 6.25e-02h  5
 252  5.7145065e-02 2.48e-02 3.88e+01 -11.0 1.74e-01    -  1.00e+00 1.00e+00h  1
 253  5.4586323e-02 5.42e-02 8.28e+01 -11.0 2.02e-01    -  1.00e+00 2.50e-01h  3
 254  5.2900023e-02 1.65e-02 2.80e+01 -11.0 2.06e-02    -  1.00e+00 1.00e+00h  1
 255  5.2988158e-02 6.67e-03 2.30e+01 -11.0 8.06e-02    -  1.00e+00 5.00e-01h  2
 256  5.5995158e-02 2.77e-02 2.82e+01 -11.0 5.86e-02    -  1.00e+00 5.00e-01h  2
 257  5.4167812e-02 1.66e-02 1.90e+01 -11.0 2.65e-02    -  1.00e+00 5.00e-01h  2
 258  5.2649893e-02 3.13e-02 1.94e+01 -11.0 3.15e-02    -  1.00e+00 5.00e-01h  2
 259  5.3727914e-02 5.66e-03 1.24e+01 -11.0 2.42e-02    -  1.00e+00 1.00e+00h  1
iter    objective    inf_pr   inf_du lg(mu)  ||d||  lg(rg) alpha_du alpha_pr  ls
 260  5.3020152e-02 2.56e-03 2.72e+00 -11.0 1.70e-02    -  1.00e+00 1.00e+00h  1
 261  5.3005718e-02 1.30e-03 6.34e+00 -11.0 5.40e-03    -  1.00e+00 1.00e+00h  1
 262  5.2989781e-02 7.78e-04 5.31e+00 -11.0 6.29e-03    -  1.00e+00 1.00e+00h  1
 263  5.3030480e-02 4.76e-05 3.78e+00 -11.0 3.68e-03    -  1.00e+00 1.00e+00H  1
 264  5.2816385e-02 2.29e-03 8.91e+00 -11.0 4.25e-02    -  1.00e+00 5.00e-01h  2
 265  5.2662324e-02 8.38e-03 3.80e+01 -11.0 2.70e-02    -  1.00e+00 1.00e+00h  1
 266  5.1852166e-02 4.42e-03 4.80e+00 -11.0 1.13e-02    -  1.00e+00 1.00e+00h  1
 267  5.2198828e-02 6.33e-04 1.50e+00 -11.0 9.53e-03    -  1.00e+00 1.00e+00h  1
 268  5.2038976e-02 1.26e-03 1.06e+01 -11.0 1.85e-02    -  1.00e+00 1.00e+00h  1
 269  5.1953763e-02 1.02e-02 1.68e+01 -11.0 2.63e-01    -  1.00e+00 1.25e-01h  4
iter    objective    inf_pr   inf_du lg(mu)  ||d||  lg(rg) alpha_du alpha_pr  ls
 270  5.1270591e-02 2.44e-02 1.61e+01 -11.0 9.03e-02    -  1.00e+00 1.00e+00h  1
 271  5.0937243e-02 4.21e-02 7.04e+00 -11.0 5.16e-01    -  1.00e+00 1.25e-01h  4
 272  5.0384537e-02 2.74e-02 1.33e+01 -11.0 4.32e-01    -  1.00e+00 2.50e-01h  3
 273  5.0341192e-02 4.64e-02 2.15e+01 -11.0 3.95e-01    -  1.00e+00 2.50e-01h  3
 274  4.9972880e-02 3.84e-02 3.12e+01 -11.0 1.60e-01    -  1.00e+00 2.50e-01h  3
 275  4.9605707e-02 2.73e-02 9.35e+00 -11.0 7.60e-02    -  1.00e+00 1.00e+00h  1
 276  4.9293171e-02 1.99e-02 1.52e+01 -11.0 1.58e-01    -  1.00e+00 5.00e-01h  2
 277  4.8959451e-02 9.35e-02 3.16e+01 -11.0 1.99e+00    -  1.00e+00 1.25e-01h  4
 278  4.9284905e-02 8.72e-02 3.05e+01 -11.0 6.46e-01    -  1.00e+00 6.25e-02h  5
 279  4.8647159e-02 7.15e-02 3.50e+01 -11.0 1.75e-01    -  1.00e+00 5.00e-01h  2
iter    objective    inf_pr   inf_du lg(mu)  ||d||  lg(rg) alpha_du alpha_pr  ls
 280  4.9034417e-02 1.49e-02 2.06e+01 -11.0 3.40e-02    -  1.00e+00 1.00e+00h  1
 281  4.9106619e-02 1.38e-02 1.33e+01 -11.0 3.13e-02    -  1.00e+00 1.00e+00h  1
 282  4.8236394e-02 7.88e-03 1.70e+01 -11.0 2.33e-02    -  1.00e+00 1.00e+00h  1
 283  4.8065332e-02 2.78e-03 5.03e+00 -11.0 1.21e-02    -  1.00e+00 1.00e+00h  1
 284  4.7749654e-02 4.04e-03 2.81e+00 -11.0 3.71e-02    -  1.00e+00 1.00e+00h  1
 285  4.7726277e-02 7.32e-03 2.10e+01 -11.0 4.98e-02    -  1.00e+00 5.00e-01h  2
 286  4.6697482e-02 6.95e-03 4.37e+01 -11.0 1.82e-02    -  1.00e+00 1.00e+00h  1
 287  4.6639329e-02 5.62e-03 1.53e+01 -11.0 1.43e-02    -  1.00e+00 1.00e+00h  1
 288  4.7156850e-02 2.30e-03 2.14e+00 -11.0 1.77e-02    -  1.00e+00 1.00e+00h  1
 289  4.7079120e-02 2.39e-03 2.00e+00 -11.0 3.12e-01    -  1.00e+00 1.56e-02h  7
iter    objective    inf_pr   inf_du lg(mu)  ||d||  lg(rg) alpha_du alpha_pr  ls
 290  4.6497135e-02 3.40e-02 2.12e+01 -11.0 1.07e+00    -  1.00e+00 1.25e-01h  4
 291  4.6283229e-02 3.49e-02 4.69e+01 -11.0 3.76e-01    -  1.00e+00 5.00e-01h  2
 292  4.4854337e-02 1.51e-01 6.21e+01 -11.0 1.55e-01    -  1.00e+00 5.00e-01h  2
 293  4.6511132e-02 1.05e-01 2.30e+01 -11.0 5.57e-02    -  1.00e+00 5.00e-01h  2
 294  4.4529209e-02 4.01e-02 1.81e+01 -11.0 3.57e-02    -  1.00e+00 1.00e+00h  1
 295  4.4180111e-02 4.37e-02 2.32e+01 -11.0 3.34e-02    -  1.00e+00 1.00e+00h  1
 296  4.5040870e-02 3.03e-02 3.70e+01 -11.0 7.32e-02    -  1.00e+00 1.00e+00h  1
 297  4.5932114e-02 2.22e-02 5.19e+01 -11.0 5.84e-02    -  1.00e+00 1.00e+00H  1
 298  4.3967512e-02 1.04e-02 2.81e+01 -11.0 2.06e-02    -  1.00e+00 5.00e-01h  2
 299  4.3456649e-02 4.17e-03 6.06e+00 -11.0 8.53e-03    -  1.00e+00 1.00e+00h  1
iter    objective    inf_pr   inf_du lg(mu)  ||d||  lg(rg) alpha_du alpha_pr  ls
 300  4.3368836e-02 1.48e-03 5.79e+00 -11.0 8.37e-03    -  1.00e+00 1.00e+00h  1
 301  4.3293251e-02 3.66e-03 4.86e+00 -11.0 3.09e-02    -  1.00e+00 5.00e-01h  2
 302  4.3350953e-02 3.64e-03 6.03e+00 -11.0 2.86e-02    -  1.00e+00 1.00e+00h  1
 303  4.3043016e-02 5.65e-03 7.50e+00 -11.0 1.10e-01    -  1.00e+00 5.00e-01h  2
 304  4.2871698e-02 4.62e-03 1.33e+01 -11.0 1.31e-01    -  1.00e+00 2.50e-01h  3
 305  4.2499983e-02 2.15e-02 1.13e+01 -11.0 3.31e-02    -  1.00e+00 1.00e+00h  1
 306  4.2406201e-02 8.96e-03 2.09e+01 -11.0 1.75e-02    -  1.00e+00 1.00e+00h  1
 307  4.2163886e-02 4.09e-03 3.89e+00 -11.0 1.09e-02    -  1.00e+00 1.00e+00h  1
 308  4.2093627e-02 7.08e-04 1.82e+00 -11.0 3.27e-02    -  1.00e+00 1.00e+00h  1
 309  4.1903109e-02 4.94e-03 5.72e+00 -11.0 7.37e-01    -  1.00e+00 1.25e-01h  4
iter    objective    inf_pr   inf_du lg(mu)  ||d||  lg(rg) alpha_du alpha_pr  ls
 310  4.1844640e-02 1.10e-02 5.74e+00 -11.0 2.85e+00    -  1.00e+00 6.25e-02h  5
 311  4.1692354e-02 1.16e-02 5.44e+00 -11.0 4.30e+00    -  1.00e+00 1.56e-02h  7
 312  4.1664016e-02 2.60e-02 3.71e+01 -11.0 1.27e+00    -  1.00e+00 2.50e-01h  3
 313  4.1269598e-02 2.84e-02 2.20e+01 -11.0 1.08e+01    -  1.00e+00 1.56e-02h  7
 314  4.1197122e-02 7.45e-02 1.78e+01 -11.0 8.30e+00    -  1.00e+00 3.12e-02h  6
 315  4.1051234e-02 6.55e-02 1.50e+01 -11.0 9.17e-01    -  1.00e+00 3.12e-02h  6
 316  4.1072203e-02 5.74e-02 1.33e+01 -11.0 3.27e-01    -  1.00e+00 1.25e-01h  4
 317  4.0358679e-02 6.11e-02 1.43e+01 -11.0 2.33e+00    -  1.00e+00 6.25e-02h  5
 318  3.9748316e-02 7.58e-02 2.17e+01 -11.0 3.31e-01    -  1.00e+00 6.25e-02h  5
 319  4.3245753e-02 4.64e-02 3.04e+01 -11.0 2.60e-01    -  1.00e+00 1.00e+00w  1
iter    objective    inf_pr   inf_du lg(mu)  ||d||  lg(rg) alpha_du alpha_pr  ls
 320  4.2462985e-02 5.26e-02 9.49e+00 -11.0 2.54e-01    -  1.00e+00 1.00e+00w  1
 321  4.9771465e-02 3.55e-01 1.36e+02 -11.0 1.69e-01    -  1.00e+00 1.00e+00w  1
 322  4.0702541e-02 4.47e-02 1.01e+01 -11.0 4.65e-01    -  1.00e+00 5.00e-01h  1
 323  4.0871599e-02 5.87e-02 1.56e+01 -11.0 4.64e-02    -  1.00e+00 5.00e-01h  2
 324  4.0836426e-02 4.51e-02 4.62e+01 -11.0 2.74e-02    -  1.00e+00 1.00e+00h  1
 325  4.0414282e-02 3.01e-02 2.27e+02 -11.0 1.71e-02    -  1.00e+00 1.00e+00h  1
 326  4.1057673e-02 7.98e-03 1.53e+02 -11.0 7.45e-03    -  1.00e+00 1.00e+00h  1
 327  4.1065357e-02 2.01e-03 2.38e+01 -11.0 3.78e-03    -  1.00e+00 1.00e+00h  1
 328  4.0984185e-02 3.53e-04 7.71e+00 -11.0 1.81e-03    -  1.00e+00 1.00e+00h  1
 329  4.0928050e-02 2.01e-05 7.27e-01 -11.0 5.07e-04    -  1.00e+00 1.00e+00h  1
iter    objective    inf_pr   inf_du lg(mu)  ||d||  lg(rg) alpha_du alpha_pr  ls
 330  4.0372426e-02 3.64e-04 3.32e+00 -11.0 3.41e-03    -  1.00e+00 1.00e+00h  1
 331  3.9822978e-02 5.85e-03 7.38e+00 -11.0 8.20e-03    -  1.00e+00 1.00e+00h  1
 332  3.9516583e-02 5.95e-03 1.34e+01 -11.0 1.12e-02    -  1.00e+00 1.00e+00h  1
 333  3.9498066e-02 6.34e-03 1.84e+00 -11.0 1.22e-02    -  1.00e+00 1.00e+00h  1
 334  3.9614679e-02 6.30e-04 2.42e+00 -11.0 2.33e-03    -  1.00e+00 1.00e+00h  1
 335  3.9443094e-02 3.80e-03 5.30e+00 -11.0 6.42e-03    -  1.00e+00 1.00e+00h  1
 336  3.9306811e-02 7.15e-04 3.03e+00 -11.0 5.84e-03    -  1.00e+00 1.00e+00h  1
 337  3.9136054e-02 9.05e-04 6.64e+00 -11.0 4.51e-03    -  1.00e+00 1.00e+00h  1
 338  3.9025975e-02 2.07e-03 1.09e+00 -11.0 6.90e-03    -  1.00e+00 1.00e+00h  1
 339  3.8988388e-02 2.92e-02 1.28e+01 -11.0 9.80e-02    -  1.00e+00 2.50e-01h  3
iter    objective    inf_pr   inf_du lg(mu)  ||d||  lg(rg) alpha_du alpha_pr  ls
 340  3.8952959e-02 2.74e-02 1.70e+01 -11.0 8.89e-02    -  1.00e+00 1.25e-01h  4
 341  3.8250349e-02 3.54e-02 1.61e+01 -11.0 1.29e-02    -  1.00e+00 1.00e+00h  1
 342  3.8604239e-02 2.99e-03 6.27e+00 -11.0 4.86e-03    -  1.00e+00 1.00e+00h  1
 343  3.8521725e-02 5.82e-03 4.14e+00 -11.0 1.38e-02    -  1.00e+00 5.00e-01h  2
 344  3.8501346e-02 4.85e-03 6.56e+00 -11.0 2.25e-02    -  1.00e+00 2.50e-01h  3
 345  3.8453496e-02 6.99e-03 3.87e+00 -11.0 4.59e-02    -  1.00e+00 1.25e-01h  4
 346  3.8401701e-02 1.20e-03 2.91e+00 -11.0 1.03e-02    -  1.00e+00 1.00e+00h  1
 347  3.8878970e-02 1.48e-03 3.15e+00 -11.0 2.67e-02    -  1.00e+00 1.00e+00H  1
 348  3.8194983e-02 1.57e-02 3.65e+00 -11.0 9.06e-03    -  1.00e+00 1.00e+00h  1
 349  3.8156577e-02 4.90e-03 3.00e+00 -11.0 5.08e-03    -  1.00e+00 1.00e+00h  1
iter    objective    inf_pr   inf_du lg(mu)  ||d||  lg(rg) alpha_du alpha_pr  ls
 350  3.8137872e-02 6.27e-03 2.02e+00 -11.0 1.32e-02    -  1.00e+00 1.00e+00h  1
 351  3.7974785e-02 9.64e-03 9.06e+00 -11.0 1.10e-01    -  1.00e+00 2.50e-01h  3
 352  3.8000086e-02 1.03e-02 1.20e+01 -11.0 1.41e-01    -  1.00e+00 3.12e-02h  6
 353  3.7916460e-02 3.91e-02 1.08e+01 -11.0 4.73e-01    -  1.00e+00 1.25e-01h  4
 354  3.7775661e-02 7.01e-02 1.66e+01 -11.0 2.85e-01    -  1.00e+00 1.25e-01h  4
 355  3.7750570e-02 7.98e-02 1.77e+01 -11.0 1.82e+00    -  1.00e+00 3.91e-03h  9
 356  3.7865573e-02 7.81e-02 1.72e+01 -11.0 6.86e-01    -  1.00e+00 6.25e-02h  5
 357  3.7693499e-02 1.24e-01 1.93e+01 -11.0 2.05e-01    -  1.00e+00 1.25e-01h  4
 358  3.7666211e-02 1.15e-01 2.30e+01 -11.0 4.69e+00    -  1.00e+00 1.56e-02h  7
 359  3.7616285e-02 1.28e-01 2.34e+01 -11.0 1.80e+00    -  1.00e+00 7.81e-03h  8
iter    objective    inf_pr   inf_du lg(mu)  ||d||  lg(rg) alpha_du alpha_pr  ls
 360  3.7556667e-02 1.27e-01 2.40e+01 -11.0 7.57e+00    -  1.00e+00 3.91e-03h  9
 361  3.1302559e-01 5.57e+00 5.49e+03 -11.0 1.23e+00    -  1.00e+00 1.00e+00w  1
 362  2.3174789e+00 1.51e+01 4.23e+04 -11.0 1.04e+00    -  1.00e+00 1.00e+00w  1
 363  3.8812390e+02 1.31e+02 1.48e+05 -11.0 1.04e+01    -  1.00e+00 1.00e+00w  1
 364  3.7464009e-02 1.33e-01 2.23e+01 -11.0 1.13e+02    -  1.00e+00 3.12e-02h  5
 365  3.7753145e-02 3.51e-02 1.25e+01 -11.0 1.64e-02    -  1.00e+00 1.00e+00h  1
 366  3.7154383e-02 4.32e-02 1.21e+01 -11.0 7.60e-03    -  1.00e+00 1.00e+00h  1
 367  3.7270800e-02 7.79e-03 2.61e+01 -11.0 7.05e-03    -  1.00e+00 1.00e+00h  1
 368  3.7679436e-02 5.15e-03 2.05e+01 -11.0 1.00e-02    -  1.00e+00 1.00e+00h  1
 369  3.7640783e-02 2.45e-03 5.81e+00 -11.0 4.37e-03    -  1.00e+00 1.00e+00h  1
iter    objective    inf_pr   inf_du lg(mu)  ||d||  lg(rg) alpha_du alpha_pr  ls
 370  3.7582814e-02 1.30e-03 2.99e+00 -11.0 3.48e-03    -  1.00e+00 1.00e+00h  1
 371  3.7590022e-02 1.22e-03 3.14e+00 -11.0 6.60e-03    -  1.00e+00 1.25e-01h  4
 372  3.7595546e-02 1.20e-03 3.26e+00 -11.0 6.42e-03    -  1.00e+00 1.56e-02h  7
 373  3.7598213e-02 1.19e-03 3.27e+00 -11.0 7.92e-03    -  1.00e+00 7.81e-03h  8
 374  3.7596997e-02 1.18e-03 3.28e+00 -11.0 1.47e-02    -  1.00e+00 7.81e-03h  8
 375  3.7504244e-02 6.44e-03 7.15e+00 -11.0 4.92e-02    -  1.00e+00 1.25e-01h  4
 376  3.7469053e-02 6.14e-03 7.49e+00 -11.0 2.08e-02    -  1.00e+00 1.25e-01h  4
 377  3.7415227e-02 5.33e-03 7.24e+00 -11.0 1.77e-02    -  1.00e+00 1.25e-01h  4
 378  3.7430101e-02 4.25e-03 5.56e+00 -11.0 1.42e-02    -  1.00e+00 2.50e-01h  3
 379  3.7327851e-02 3.79e-03 4.46e+00 -11.0 4.72e-02    -  1.00e+00 1.25e-01h  4
iter    objective    inf_pr   inf_du lg(mu)  ||d||  lg(rg) alpha_du alpha_pr  ls
 380  3.7454614e-02 8.04e-04 4.60e+00 -11.0 1.46e-02    -  1.00e+00 1.00e+00H  1
 381  3.7390123e-02 7.50e-04 4.42e+00 -11.0 1.57e-02    -  1.00e+00 1.25e-01h  4
 382  3.7256517e-02 1.40e-03 5.80e+00 -11.0 1.11e-02    -  1.00e+00 1.00e+00H  1
 383  3.7166880e-02 1.81e-03 8.57e+00 -11.0 2.83e-02    -  1.00e+00 1.25e-01h  4
 384  3.7112615e-02 4.19e-04 1.78e+00 -11.0 3.46e-03    -  1.00e+00 1.00e+00h  1
 385  3.7075127e-02 2.32e-04 4.57e+00 -11.0 2.12e-03    -  1.00e+00 1.00e+00h  1
 386  3.7030781e-02 1.13e-03 3.18e+00 -11.0 6.57e-03    -  1.00e+00 1.00e+00h  1
 387  3.6958289e-02 1.04e-02 5.83e+00 -11.0 8.98e-02    -  1.00e+00 2.50e-01h  3
 388  3.6809458e-02 1.11e-02 6.66e+00 -11.0 5.91e-02    -  1.00e+00 5.00e-01h  2
 389  3.6796498e-02 5.56e-02 1.35e+01 -11.0 8.54e-02    -  1.00e+00 2.50e-01h  3
iter    objective    inf_pr   inf_du lg(mu)  ||d||  lg(rg) alpha_du alpha_pr  ls
 390  3.6703103e-02 1.16e-02 1.36e+01 -11.0 1.72e-02    -  1.00e+00 1.00e+00h  1
 391  3.6605819e-02 1.27e-02 5.17e+00 -11.0 3.29e-02    -  1.00e+00 5.00e-01h  2
 392  3.6645177e-02 8.20e-03 4.98e+00 -11.0 2.46e-02    -  1.00e+00 5.00e-01h  2
 393  3.6768936e-02 2.31e-03 3.72e+00 -11.0 2.42e-02    -  1.00e+00 1.00e+00H  1
 394  3.6693421e-02 1.64e-03 3.36e+00 -11.0 2.83e-02    -  1.00e+00 2.50e-01h  3
 395  3.6595928e-02 2.01e-03 1.59e+00 -11.0 6.69e-03    -  1.00e+00 1.00e+00h  1
 396  3.6555954e-02 1.72e-03 1.76e+00 -11.0 7.28e-03    -  1.00e+00 1.00e+00h  1
 397  3.6500370e-02 1.81e-03 3.31e+00 -11.0 1.78e-02    -  1.00e+00 1.00e+00h  1
 398  3.6445984e-02 2.19e-03 2.57e+00 -11.0 8.17e-02    -  1.00e+00 2.50e-01h  3
 399  3.6336955e-02 4.99e-03 5.18e+00 -11.0 1.81e-01    -  1.00e+00 2.50e-01h  3
iter    objective    inf_pr   inf_du lg(mu)  ||d||  lg(rg) alpha_du alpha_pr  ls
 400  3.6221657e-02 1.62e-02 6.20e+00 -11.0 8.88e-01    -  1.00e+00 6.25e-02h  5
 401  3.6099410e-02 2.64e-02 1.02e+01 -11.0 3.15e-01    -  1.00e+00 2.50e-01h  3
 402  3.5911537e-02 5.62e-02 1.39e+01 -11.0 9.75e-01    -  1.00e+00 1.25e-01h  4
 403  3.5622561e-02 7.26e-02 1.72e+01 -11.0 2.89e+00    -  1.00e+00 3.12e-02h  6
 404  3.5434560e-02 7.89e-02 8.00e+00 -11.0 1.41e+00    -  1.00e+00 6.25e-02h  5
 405  3.5133245e-02 8.87e-02 1.08e+01 -11.0 9.33e-01    -  1.00e+00 1.25e-01h  4
 406  3.4882935e-02 8.27e-02 1.14e+01 -11.0 4.71e-01    -  1.00e+00 6.25e-02h  5
 407  3.4212122e-02 6.52e-02 1.11e+01 -11.0 2.83e-01    -  1.00e+00 5.00e-01h  2
 408  5.9624306e-01 3.51e+00 6.39e+02 -11.0 7.84e-01    -  1.00e+00 1.00e+00w  1
 409  4.1247753e+01 6.40e+02 1.18e+06 -11.0 1.84e+01    -  1.00e+00 1.00e+00w  1
iter    objective    inf_pr   inf_du lg(mu)  ||d||  lg(rg) alpha_du alpha_pr  ls
 410  7.1516726e+01 9.93e+03 4.29e+07 -11.0 9.55e+00    -  1.00e+00 1.00e+00w  1
 411  3.4595429e-02 1.51e-01 2.35e+01 -11.0 2.04e+00    -  1.00e+00 6.25e-02h  4
 412  3.5385395e-02 2.67e-02 1.79e+03 -11.0 1.85e-02    -  1.00e+00 1.00e+00h  1
 413  3.5929321e-02 4.93e-03 5.22e+01 -11.0 4.86e-02    -  1.00e+00 1.00e+00h  1
 414  3.5448623e-02 2.16e-02 4.58e+01 -11.0 2.49e-01  -4.0 1.00e+00 1.25e-01h  4
 415  3.5413670e-02 1.03e-02 2.23e+01 -11.0 5.26e-02  -4.1 1.00e+00 5.00e-01h  2
 416  3.5354094e-02 6.00e-03 1.17e+01 -11.0 1.19e-02  -4.1 1.00e+00 5.00e-01h  2
 417  3.5241066e-02 5.09e-02 5.39e+00 -11.0 2.83e-02    -  1.00e+00 5.00e-01h  2
 418  3.5326713e-02 7.06e-03 9.08e+00 -11.0 9.85e-03    -  1.00e+00 1.00e+00h  1
 419  3.5421472e-02 1.29e-03 4.24e+00 -11.0 3.45e-03    -  1.00e+00 1.00e+00h  1
iter    objective    inf_pr   inf_du lg(mu)  ||d||  lg(rg) alpha_du alpha_pr  ls
 420  3.5406625e-02 3.70e-04 2.15e+00 -11.0 1.14e-02    -  1.00e+00 1.00e+00H  1
 421  3.5543121e-02 5.33e-05 2.33e+00 -11.0 3.01e-02    -  1.00e+00 1.00e+00H  1
 422  3.5366621e-02 7.40e-04 2.84e+00 -11.0 1.47e-02    -  1.00e+00 2.50e-01h  3
 423  3.5238873e-02 4.16e-03 3.91e+00 -11.0 2.03e-02    -  1.00e+00 5.00e-01h  2
 424  3.4876628e-02 2.19e-02 7.15e+00 -11.0 8.89e-03    -  1.00e+00 1.00e+00h  1
 425  3.5061524e-02 3.75e-03 5.99e+00 -11.0 1.01e-02    -  1.00e+00 1.00e+00h  1
 426  3.5043986e-02 1.42e-03 4.46e+00 -11.0 1.51e-02    -  1.00e+00 1.00e+00h  1
 427  3.4944782e-02 1.91e-03 3.34e+00 -11.0 5.74e-02    -  1.00e+00 2.50e-01h  3
 428  3.4880741e-02 5.06e-03 1.45e+00 -11.0 4.71e-01    -  1.00e+00 6.25e-02h  5
 429  3.4869363e-02 1.21e-02 4.67e+00 -11.0 1.09e-01    -  1.00e+00 1.25e-01h  4
iter    objective    inf_pr   inf_du lg(mu)  ||d||  lg(rg) alpha_du alpha_pr  ls
 430  3.4548524e-02 8.43e-03 7.17e+00 -11.0 3.53e-02    -  1.00e+00 1.00e+00h  1
 431  3.4407510e-02 6.16e-03 6.70e+00 -11.0 1.23e-01    -  1.00e+00 2.50e-01h  3
 432  3.4292745e-02 6.54e-03 6.78e+00 -11.0 2.25e-01    -  1.00e+00 1.25e-01h  4
 433  3.4182852e-02 6.70e-02 2.22e+01 -11.0 1.04e+00    -  1.00e+00 1.25e-01h  4
 434  3.4030103e-02 5.78e-02 3.04e+01 -11.0 4.17e+00    -  1.00e+00 1.56e-02h  7
 435  3.3679356e-02 1.07e-01 4.03e+01 -11.0 9.40e-01    -  1.00e+00 1.25e-01h  4
 436  3.3459966e-02 1.20e-01 4.58e+01 -11.0 3.47e+00    -  1.00e+00 1.56e-02h  7
 437  3.2760900e-02 2.33e-01 5.79e+01 -11.0 3.58e-01    -  1.00e+00 6.25e-02h  5
 438  3.2559438e-02 1.93e-01 1.67e+01 -11.0 1.54e-01    -  1.00e+00 5.00e-01h  2
 439  3.2334966e-02 5.74e-01 2.93e+01 -11.0 2.35e-01    -  1.00e+00 1.25e-01h  4
iter    objective    inf_pr   inf_du lg(mu)  ||d||  lg(rg) alpha_du alpha_pr  ls
 440  3.1996182e-02 4.38e-01 2.08e+01 -11.0 2.20e-01    -  1.00e+00 2.50e-01h  3
 441  5.4803043e-01 3.35e+01 2.73e+04 -11.0 6.12e-01    -  1.00e+00 1.00e+00w  1
 442  2.9666233e+01 3.73e+02 3.99e+07 -11.0 1.82e+01    -  1.00e+00 1.00e+00w  1
 443  3.2226786e+01 2.55e+02 2.16e+08 -11.0 9.89e+00    -  1.00e+00 1.00e+00w  1
 444  3.1691625e-02 4.94e-01 2.64e+01 -11.0 1.03e+00    -  1.00e+00 3.12e-02h  5
 445  3.2073953e-02 4.34e-01 1.86e+01 -11.0 2.03e-01    -  1.00e+00 1.25e-01h  4
 446  3.2047183e-02 4.05e-01 2.19e+01 -11.0 1.25e-01    -  1.00e+00 1.25e-01h  4
 447  3.2440557e-02 3.65e-01 1.52e+01 -11.0 1.42e-01    -  1.00e+00 1.25e-01h  4
 448  3.2538384e-02 3.26e-01 1.08e+01 -11.0 2.12e-01    -  1.00e+00 1.25e-01h  4
 449  3.2559169e-02 3.24e-01 1.10e+01 -11.0 2.02e-01    -  1.00e+00 7.81e-03h  8
iter    objective    inf_pr   inf_du lg(mu)  ||d||  lg(rg) alpha_du alpha_pr  ls
 450  4.1257199e-02 1.84e-01 3.41e+01 -11.0 4.63e-01    -  1.00e+00 2.50e-01h  3
 451  3.9230854e-02 2.01e-01 5.31e+01 -11.0 3.52e-01    -  1.00e+00 1.25e-01h  4
 452  4.2079733e-02 1.93e-01 1.41e+02 -11.0 3.12e+00    -  1.00e+00 3.12e-02h  6
 453  3.9960996e-02 1.05e-01 6.38e+01 -11.0 8.85e-02    -  1.00e+00 5.00e-01h  2
 454  4.8876328e-02 3.33e-01 1.92e+02 -11.0 5.58e-02    -  1.00e+00 1.00e+00w  1
 455  1.3382324e-01 2.35e+00 1.53e+02 -11.0 1.42e-01    -  1.00e+00 1.00e+00w  1
 456  2.7351040e+00 1.37e+01 2.08e+06 -11.0 9.23e-01    -  1.00e+00 1.00e+00w  1
 457  3.8596564e-02 1.38e-01 9.68e+01 -11.0 8.98e+00    -  1.00e+00 5.00e-01h  1
 458  4.5210078e-02 3.88e-01 3.66e+04 -11.0 2.86e-02    -  1.00e+00 1.00e+00h  1
 459  5.1075249e-02 2.13e-01 2.81e+04 -11.0 2.61e-01    -  1.00e+00 5.00e-01h  2
iter    objective    inf_pr   inf_du lg(mu)  ||d||  lg(rg) alpha_du alpha_pr  ls
 460  6.1686082e-02 1.39e-01 2.22e+04 -11.0 6.39e-02    -  1.00e+00 5.00e-01h  2
 461  6.9585048e-02 6.35e-02 1.77e+04 -11.0 8.99e-02    -  1.00e+00 5.00e-01h  2
 462  7.0366876e-02 2.30e-01 8.89e+03 -11.0 3.38e-02    -  1.00e+00 5.00e-01h  2
 463  7.0848256e-02 2.16e-01 8.31e+03 -11.0 1.85e-01    -  1.00e+00 6.25e-02h  5
 464  5.3474589e-02 9.20e-01 3.84e+03 -11.0 1.76e-01    -  1.00e+00 5.00e-01h  2
 465  5.1236721e-02 1.26e+00 2.07e+03 -11.0 1.75e-01    -  1.00e+00 2.50e-01h  3
 466  5.1722994e-02 9.47e-01 2.17e+03 -11.0 8.06e-02    -  1.00e+00 2.50e-01h  3
 467  5.5832511e-02 7.20e-01 2.96e+03 -11.0 6.79e-02    -  1.00e+00 2.50e-01h  3
 468  5.8241114e-02 6.31e-01 2.63e+03 -11.0 6.79e-02    -  1.00e+00 1.25e-01h  4
 469  1.1482628e-01 1.19e+00 1.75e+04 -11.0 9.57e-02    -  1.00e+00 1.00e+00w  1
iter    objective    inf_pr   inf_du lg(mu)  ||d||  lg(rg) alpha_du alpha_pr  ls
 470  1.8022372e-01 1.02e+00 6.33e+05 -11.0 1.43e-01    -  1.00e+00 1.00e+00w  1
 471  6.0731362e+00 8.59e+00 4.02e+07 -11.0 1.61e+00    -  1.00e+00 1.00e+00w  1
 472  5.8983821e-02 6.11e-01 2.55e+03 -11.0 1.57e+01    -  1.00e+00 3.12e-02h  5
 473  5.8866781e-02 5.72e-01 2.53e+03 -11.0 8.40e-02    -  1.00e+00 6.25e-02h  5
 474  5.8778604e-02 5.54e-01 2.95e+03 -11.0 1.05e-01    -  1.00e+00 3.12e-02h  6
 475  5.8775722e-02 5.45e-01 3.14e+03 -11.0 1.09e-01    -  1.00e+00 1.56e-02h  7
 476  5.8808609e-02 5.37e-01 3.32e+03 -11.0 1.09e-01    -  1.00e+00 1.56e-02h  7
 477  6.0074505e-02 5.04e-01 3.96e+03 -11.0 9.28e-02    -  1.00e+00 6.25e-02h  5
 478  6.0724362e-02 4.88e-01 4.30e+03 -11.0 1.11e-01    -  1.00e+00 3.12e-02h  6
 479  6.3847103e-02 4.39e-01 5.39e+03 -11.0 9.91e-02    -  1.00e+00 1.25e-01h  4
iter    objective    inf_pr   inf_du lg(mu)  ||d||  lg(rg) alpha_du alpha_pr  ls
 480  6.4825765e-02 4.33e-01 5.60e+03 -11.0 2.62e-01    -  1.00e+00 1.56e-02h  7
 481  6.6644062e-02 4.20e-01 6.10e+03 -11.0 1.31e-01    -  1.00e+00 3.12e-02h  6
 482  4.2007245e-01 2.69e+00 1.17e+06 -11.0 2.07e-01    -  1.00e+00 1.00e+00w  1
 483  5.4057946e+00 9.94e+00 1.70e+05 -11.0 1.12e+00    -  1.00e+00 1.00e+00w  1
 484  4.4889533e+01 1.79e+01 1.68e+06 -11.0 3.30e+00    -  1.00e+00 1.00e+00w  1
 485  6.7393030e-02 4.17e-01 6.21e+03 -11.0 2.46e+00    -  1.00e+00 7.81e-03h  7
 486  7.0145218e-02 4.04e-01 6.07e+03 -11.0 1.88e-01    -  1.00e+00 3.12e-02h  6
 487  7.0304345e-02 4.03e-01 6.05e+03 -11.0 2.25e-01    -  1.00e+00 1.95e-03h 10
 488  7.0343882e-02 4.03e-01 6.04e+03 -11.0 2.24e-01    -  1.00e+00 4.88e-04h 12
 489  7.0363660e-02 4.03e-01 6.04e+03 -11.0 2.24e-01    -  1.00e+00 2.44e-04h 13
iter    objective    inf_pr   inf_du lg(mu)  ||d||  lg(rg) alpha_du alpha_pr  ls
 490  7.0365456e-02 4.03e-01 6.04e+03 -11.0 2.22e-01    -  1.00e+00 6.10e-05h 15
 491  7.0478006e-02 4.01e-01 6.05e+03 -11.0 2.26e-01    -  1.00e+00 3.91e-03h  9
 492  7.2492404e-02 3.76e-01 4.50e+03 -11.0 2.01e-01    -  1.00e+00 6.25e-02h  5
 493  7.3191486e-02 3.53e-01 3.03e+03 -11.0 2.21e-01    -  1.00e+00 6.25e-02h  5
 494  7.8539714e-02 3.10e-01 2.06e+03 -11.0 2.29e-01    -  1.00e+00 1.25e-01h  4
 495  1.7571749e-01 3.41e-01 2.66e+03 -11.0 9.72e-02    -  1.00e+00 1.00e+00w  1
 496  1.1001823e-01 3.42e-01 2.52e+02 -11.0 1.02e-01    -  1.00e+00 1.00e+00w  1
 497  1.0420343e-01 1.13e+00 4.75e+03 -11.0 9.03e-02    -  1.00e+00 1.00e+00w  1
 498  9.4432839e-02 2.31e-01 2.85e+03 -11.0 2.03e-01    -  1.00e+00 2.50e-01h  2
 499  9.6320950e-02 1.71e-01 3.94e+03 -11.0 8.38e-02    -  1.00e+00 2.50e-01h  3
iter    objective    inf_pr   inf_du lg(mu)  ||d||  lg(rg) alpha_du alpha_pr  ls
 500  9.1208272e-02 1.25e-01 3.40e+03 -11.0 6.34e-02    -  1.00e+00 2.50e-01h  3
 501  6.9733628e-02 6.07e-01 9.12e+02 -11.0 1.01e-01    -  1.00e+00 1.00e+00h  1
 502  6.2470107e-02 3.43e-01 1.91e+02 -11.0 9.69e-02    -  1.00e+00 5.00e-01h  2
 503  6.5590411e-02 2.65e-01 2.01e+02 -11.0 1.54e-01    -  1.00e+00 2.50e-01h  3
 504  6.4189893e-02 3.81e-01 1.44e+02 -11.0 4.69e-02    -  1.00e+00 1.00e+00h  1
 505  6.4239266e-02 4.94e-01 3.75e+02 -11.0 5.05e-02    -  1.00e+00 5.00e-01h  2
 506  6.5677994e-02 4.78e-01 3.59e+02 -11.0 1.94e-01    -  1.00e+00 3.12e-02h  6
 507  6.8321798e-02 4.47e-01 3.47e+02 -11.0 1.66e-01    -  1.00e+00 6.25e-02h  5
 508  6.9576323e-02 4.33e-01 3.22e+02 -11.0 1.93e-01    -  1.00e+00 3.12e-02h  6
 509  7.0270616e-02 4.27e-01 3.12e+02 -11.0 1.77e-01    -  1.00e+00 1.56e-02h  7
iter    objective    inf_pr   inf_du lg(mu)  ||d||  lg(rg) alpha_du alpha_pr  ls
 510  6.8435079e-02 3.99e-01 2.82e+02 -11.0 4.22e-01    -  1.00e+00 6.25e-02h  5
 511  6.9537244e-02 3.74e-01 2.34e+02 -11.0 2.62e-01    -  1.00e+00 6.25e-02h  5
 512  6.7366478e-02 3.64e-01 2.12e+02 -11.0 1.17e+00    -  1.00e+00 1.56e-02h  7
 513  6.6218584e-02 3.55e-01 2.04e+02 -11.0 5.44e-01    -  1.00e+00 1.56e-02h  7
 514  6.3747002e-02 4.16e-01 2.16e+02 -11.0 1.96e-01    -  1.00e+00 1.25e-01h  4
 515  1.1465311e-01 1.84e+00 5.66e+02 -11.0 1.00e-01    -  1.00e+00 1.00e+00w  1
 516  4.2868297e+01 1.48e+01 5.78e+07 -11.0 3.87e+00    -  1.00e+00 1.00e+00w  1
 517  3.7836319e+01 3.80e+01 2.86e+07 -11.0 1.37e+01    -  1.00e+00 1.00e+00w  1
 518  6.3407937e-02 3.90e-01 2.42e+02 -11.0 3.77e-01    -  1.00e+00 1.25e-01h  3
 519  6.5169057e-02 7.13e-01 1.62e+02 -11.0 7.76e-01    -  1.00e+00 1.25e-01h  4
iter    objective    inf_pr   inf_du lg(mu)  ||d||  lg(rg) alpha_du alpha_pr  ls
 520  6.4754527e-02 6.63e-01 7.39e+01 -11.0 5.03e-01    -  1.00e+00 6.25e-02h  5
 521  6.1452633e-02 5.71e-01 7.11e+01 -11.0 2.58e-01    -  1.00e+00 1.25e-01h  4
 522  6.2025261e-02 4.98e-01 7.80e+01 -11.0 1.23e-01    -  1.00e+00 1.25e-01h  4
 523  6.1598824e-02 3.44e-01 6.37e+01 -11.0 4.20e-02    -  1.00e+00 5.00e-01h  2
 524  6.1625361e-02 3.21e-01 7.34e+01 -11.0 2.54e-01    -  1.00e+00 6.25e-02h  5
 525  6.2773258e-02 3.02e-01 8.08e+01 -11.0 2.08e-01    -  1.00e+00 1.25e-01h  4
 526  6.2225020e-02 2.76e-01 5.99e+01 -11.0 6.29e-02    -  1.00e+00 5.00e-01h  2
 527  6.3019620e-02 2.59e-01 6.64e+01 -11.0 1.03e-01    -  1.00e+00 1.25e-01h  4
 528  8.1061428e-02 1.60e-01 1.59e+02 -11.0 6.71e-02    -  1.00e+00 1.00e+00w  1
 529  8.5434782e-02 6.05e-02 4.23e+02 -11.0 3.32e-02    -  1.00e+00 1.00e+00h  1
iter    objective    inf_pr   inf_du lg(mu)  ||d||  lg(rg) alpha_du alpha_pr  ls
 530  7.8069481e-02 3.76e-02 2.41e+02 -11.0 3.51e-02    -  1.00e+00 5.00e-01h  2
 531  7.0009662e-02 9.33e-02 1.46e+02 -11.0 3.83e-02    -  1.00e+00 1.00e+00h  1
 532  6.7746041e-02 5.89e-02 2.45e+01 -11.0 3.21e-02    -  1.00e+00 1.00e+00h  1
 533  5.5025991e-02 5.81e-01 8.12e+01 -11.0 1.27e-01    -  1.00e+00 5.00e-01h  2
 534  5.5630083e-02 5.19e-01 6.37e+01 -11.0 5.59e-02    -  1.00e+00 1.25e-01h  4
 535  5.7383318e-02 4.57e-01 3.32e+01 -11.0 4.20e-02    -  1.00e+00 2.50e-01h  3
 536  6.2229993e-02 8.24e-02 9.11e+01 -11.0 7.52e-02    -  1.00e+00 5.00e-01h  2
 537  6.6913086e-02 1.42e-01 1.42e+02 -11.0 6.51e-02    -  1.00e+00 5.00e-01h  2
 538  6.7447135e-02 1.31e-01 1.37e+02 -11.0 5.05e-02    -  1.00e+00 1.25e-01h  4
 539  6.9577483e-02 9.60e-02 1.16e+02 -11.0 3.23e-02    -  1.00e+00 2.50e-01h  3
iter    objective    inf_pr   inf_du lg(mu)  ||d||  lg(rg) alpha_du alpha_pr  ls
 540  7.1292069e-02 4.05e-02 1.06e+02 -11.0 2.10e-02    -  1.00e+00 5.00e-01h  2
 541  6.9334604e-02 3.56e-02 8.00e+01 -11.0 3.74e-02    -  1.00e+00 1.25e-01h  4
 542  6.5654955e-02 5.56e-02 9.72e+01 -11.0 7.32e-02    -  1.00e+00 1.25e-01h  4
 543  6.9277218e-02 2.66e-01 5.48e+02 -11.0 4.18e-02    -  1.00e+00 1.00e+00w  1
 544  1.4809565e-01 2.24e+00 3.03e+03 -11.0 1.46e-01    -  1.00e+00 1.00e+00w  1
 545  3.4110195e-01 1.17e+01 1.06e+04 -11.0 1.60e-01    -  1.00e+00 1.00e+00w  1
 546  6.5329881e-02 2.90e-02 1.19e+02 -11.0 2.20e+00    -  1.00e+00 2.50e-01h  2
 547  6.2705920e-02 1.02e-01 8.12e+01 -11.0 3.52e-02    -  1.00e+00 5.00e-01h  2
 548  6.6551676e-02 6.38e-02 2.60e+02 -11.0 1.71e-02    -  1.00e+00 1.00e+00h  1
 549  6.8240026e-02 3.78e-02 1.82e+02 -11.0 1.96e-02    -  1.00e+00 2.50e-01h  3
iter    objective    inf_pr   inf_du lg(mu)  ||d||  lg(rg) alpha_du alpha_pr  ls
 550  6.8200060e-02 7.87e-02 6.08e+01 -11.0 1.74e-02    -  1.00e+00 1.00e+00h  1
 551  7.5488996e-02 2.31e-02 9.98e+01 -11.0 1.92e-02    -  1.00e+00 5.00e-01h  2
 552  7.7710186e-02 1.27e-01 1.94e+02 -11.0 1.08e-02    -  1.00e+00 1.00e+00h  1
 553  7.7117145e-02 6.69e-02 6.14e+01 -11.0 2.35e-02    -  1.00e+00 5.00e-01h  2
 554  7.4448190e-02 5.62e-02 4.26e+01 -11.0 1.12e-02    -  1.00e+00 5.00e-01h  2
 555  7.0078140e-02 1.95e-01 4.38e+01 -11.0 9.96e-02    -  1.00e+00 1.25e-01h  4
 556  7.2952350e-02 2.09e-01 1.22e+02 -11.0 3.14e-02    -  1.00e+00 5.00e-01h  2
 557  7.3312258e-02 2.05e-01 1.23e+02 -11.0 6.09e-02    -  1.00e+00 1.56e-02h  7
 558  7.3879679e-02 1.99e-01 1.25e+02 -11.0 3.49e-02    -  1.00e+00 3.12e-02h  6
 559  7.3712823e-02 1.92e-01 1.25e+02 -11.0 5.02e-02    -  1.00e+00 3.12e-02h  6
iter    objective    inf_pr   inf_du lg(mu)  ||d||  lg(rg) alpha_du alpha_pr  ls
 560  7.3569100e-02 1.86e-01 1.26e+02 -11.0 4.80e-02    -  1.00e+00 3.12e-02h  6
 561  7.3419547e-02 1.80e-01 1.29e+02 -11.0 4.56e-02    -  1.00e+00 3.12e-02h  6
 562  7.3293505e-02 1.75e-01 1.32e+02 -11.0 4.27e-02    -  1.00e+00 3.12e-02h  6
 563  8.5708335e-02 9.78e-01 2.19e+02 -11.0 3.91e-02    -  1.00e+00 1.00e+00w  1
 564  8.5091535e-02 2.08e+00 5.65e+02 -11.0 8.72e-02    -  1.00e+00 1.00e+00w  1
 565  1.5038727e+00 1.32e+01 7.27e+04 -11.0 7.83e-01    -  1.00e+00 1.00e+00w  1
 566  7.3248867e-02 1.63e-01 1.40e+02 -11.0 2.14e+00    -  1.00e+00 6.25e-02h  4
 567  7.3282358e-02 1.63e-01 1.40e+02 -11.0 2.87e-02    -  1.00e+00 1.95e-03h 10
 568  7.3290708e-02 1.63e-01 1.40e+02 -11.0 2.85e-02    -  1.00e+00 4.88e-04h 12
 569  7.3292794e-02 1.63e-01 1.40e+02 -11.0 2.84e-02    -  1.00e+00 1.22e-04h 14
iter    objective    inf_pr   inf_du lg(mu)  ||d||  lg(rg) alpha_du alpha_pr  ls
 570  7.3293372e-02 1.63e-01 1.40e+02 -11.0 3.70e-02    -  1.00e+00 1.22e-04h 14
 571  7.3293444e-02 1.63e-01 1.40e+02 -11.0 3.70e-02    -  1.00e+00 1.53e-05h 17
 572  7.3450726e-02 1.58e-01 1.45e+02 -11.0 3.70e-02    -  1.00e+00 3.12e-02h  6
 573  7.3639383e-02 1.53e-01 1.50e+02 -11.0 3.85e-02    -  1.00e+00 3.12e-02h  6
 574  7.3838962e-02 1.48e-01 1.55e+02 -11.0 3.87e-02    -  1.00e+00 3.12e-02h  6
 575  7.4246388e-02 1.39e-01 1.65e+02 -11.0 4.89e-02    -  1.00e+00 6.25e-02h  5
 576  8.4258162e-02 1.48e-01 1.73e+02 -11.0 4.40e-02    -  1.00e+00 1.00e+00w  1
 577  7.7933072e-02 1.26e-01 1.29e+02 -11.0 6.67e-02    -  1.00e+00 1.00e+00w  1
 578  8.4057484e-02 1.95e+00 1.64e+03 -11.0 4.90e-02    -  1.00e+00 1.00e+00w  1
 579  7.4965418e-02 1.21e-01 1.75e+02 -11.0 3.77e-01    -  1.00e+00 1.25e-01h  3
iter    objective    inf_pr   inf_du lg(mu)  ||d||  lg(rg) alpha_du alpha_pr  ls
 580  7.9953790e-02 1.76e-02 1.93e+02 -11.0 1.23e-02    -  1.00e+00 1.00e+00h  1
 581  7.1574515e-02 7.56e-02 1.47e+02 -11.0 2.72e-02    -  1.00e+00 1.00e+00h  1
 582  7.1275383e-02 7.17e-02 2.18e+02 -11.0 4.48e-02    -  1.00e+00 5.00e-01h  2
 583  7.1154517e-02 2.06e-01 9.82e+01 -11.0 1.18e-02    -  1.00e+00 1.00e+00h  1
 584  7.1937370e-02 8.88e-02 5.81e+01 -11.0 1.39e-02    -  1.00e+00 5.00e-01h  2
 585  6.4805852e-02 1.93e+00 2.37e+02 -11.0 1.36e-01    -  1.00e+00 5.00e-01h  2
 586  5.8290372e-02 9.20e-01 2.25e+02 -11.0 3.10e-01    -  1.00e+00 1.25e-01h  4
 587  6.3290580e-02 6.47e-01 2.37e+02 -11.0 4.98e-02    -  1.00e+00 5.00e-01h  2
 588  6.1135233e-02 6.25e-01 1.33e+02 -11.0 7.93e-01    -  1.00e+00 3.12e-02h  6
 589  6.3254775e-02 6.04e-01 1.29e+02 -11.0 5.00e-01    -  1.00e+00 3.12e-02h  6
iter    objective    inf_pr   inf_du lg(mu)  ||d||  lg(rg) alpha_du alpha_pr  ls
 590  6.3276245e-02 6.04e-01 1.29e+02 -11.0 3.07e-01    -  1.00e+00 2.44e-04h 13
 591  6.5995974e-02 5.86e-01 1.28e+02 -11.0 2.97e-01    -  1.00e+00 3.12e-02h  6
 592  7.0071556e-02 5.68e-01 1.28e+02 -11.0 6.08e-01    -  1.00e+00 3.12e-02h  6
 593  7.0648786e-02 5.66e-01 1.27e+02 -11.0 4.69e-01    -  1.00e+00 3.91e-03h  9
 594  1.4190628e+00 2.29e+00 2.75e+03 -11.0 5.36e-01    -  1.00e+00 1.00e+00w  1
 595  6.1011467e+01 3.27e+00 5.28e+04 -11.0 1.12e+01    -  1.00e+00 1.00e+00w  1
 596  6.3000171e+01 1.47e+00 5.05e+03 -11.0 7.55e+00    -  1.00e+00 1.00e+00w  1
 597  7.0937139e-02 5.64e-01 1.27e+02 -11.0 1.25e+00    -  1.00e+00 1.95e-03h  9
 598  7.0837486e-02 5.62e-01 1.27e+02 -11.0 8.73e-01    -  1.00e+00 3.91e-03h  9
 599  7.0817773e-02 5.62e-01 1.27e+02 -11.0 1.64e+00    -  1.00e+00 9.77e-04h 11
iter    objective    inf_pr   inf_du lg(mu)  ||d||  lg(rg) alpha_du alpha_pr  ls
 600  7.0804722e-02 5.61e-01 1.27e+02 -11.0 1.64e+00    -  1.00e+00 9.77e-04h 11
 601  7.0796516e-02 5.59e-01 1.26e+02 -11.0 1.64e+00    -  1.00e+00 3.91e-03h  9
 602  7.0801006e-02 5.59e-01 1.26e+02 -11.0 5.35e-01    -  1.00e+00 3.05e-05h 16
 603  7.0803135e-02 5.59e-01 1.26e+02 -11.0 6.39e-01    -  1.00e+00 1.53e-05h 17
 604r 7.0803135e-02 5.59e-01 9.99e+02  -0.3 0.00e+00    -  0.00e+00 4.77e-07R 22
 605r 4.3009529e-01 1.82e+00 1.15e+03   1.7 2.98e+02    -  1.60e-02 1.51e-03f  1
 606r 4.1056876e-01 1.80e+00 1.09e+03  -6.2 1.73e+01    -  1.00e+00 9.85e-03f  1
 607r 9.0554588e-01 2.15e+00 2.92e+04   0.1 6.03e-01    -  1.00e+00 9.64e-01f  1
 608r 3.9726922e+00 6.23e+00 5.48e+04   0.2 1.46e+00    -  8.26e-01 5.84e-01f  1
 609r 4.0333586e+00 5.87e+00 5.45e+04   0.1 9.46e-01    -  6.98e-01 5.74e-02f  1
iter    objective    inf_pr   inf_du lg(mu)  ||d||  lg(rg) alpha_du alpha_pr  ls
 610r 5.4908875e+00 1.22e+01 6.09e+04  -0.1 7.96e-01    -  1.00e+00 8.73e-01f  1
 611r 2.5752200e+01 1.78e+01 1.38e+04  -0.1 1.65e+01    -  1.00e+00 7.22e-01h  1
 612r 1.9569957e+01 1.20e+01 1.45e+04  -0.6 4.44e+00    -  1.00e+00 9.78e-01f  1
 613r 1.3979561e+01 3.97e+00 4.79e+04  -1.4 8.43e-01    -  1.00e+00 9.99e-01f  1
 614r 1.3415247e+01 3.41e+00 4.76e+04  -7.4 5.81e-01    -  1.59e-01 1.37e-01f  1
 615r 1.5155260e+01 1.64e+01 1.36e+05  -0.7 8.59e-01    -  1.00e+00 1.00e+00f  1
 616r 2.4019821e+01 8.46e+00 9.10e+04  -0.7 1.63e+00    -  4.20e-01 4.50e-01h  1
 617r 2.2771492e+01 7.29e+00 8.27e+04  -0.7 1.16e+00    -  5.48e-02 1.37e-01h  1
 618r 2.2777498e+01 7.13e+00 8.10e+04  -0.7 1.46e+00    -  4.72e-01 2.36e-02f  1
 619r 2.5574579e+01 4.70e+00 2.98e+04  -0.7 1.15e+00    -  3.98e-01 4.98e-01h  1
iter    objective    inf_pr   inf_du lg(mu)  ||d||  lg(rg) alpha_du alpha_pr  ls
 620r 2.8985437e+01 3.17e+00 3.73e+04  -0.4 7.30e-01    -  5.98e-01 3.69e-01f  1
 621r 2.7251233e+01 2.82e+00 7.19e+04  -0.3 2.71e+00    -  1.00e+00 1.83e-01f  1
 622r 2.6048728e+01 1.12e+01 3.20e+05   0.1 5.50e-01    -  3.72e-01 9.95e-01f  1
 623r 2.5680617e+01 9.80e+00 2.78e+05  -0.0 1.10e+00    -  5.08e-01 1.32e-01f  1
 624r 2.5723843e+01 6.77e+00 1.97e+05  -0.0 9.51e-01    -  2.17e-01 3.34e-01h  1
 625r 2.6203251e+01 5.02e+00 1.57e+05  -0.0 6.26e-01    -  4.19e-01 2.73e-01h  1
 626r 2.7435179e+01 2.63e+00 2.28e+05  -0.0 4.59e-01    -  1.00e+00 5.15e-01f  1
 627r 2.8016395e+01 1.72e+00 1.60e+05  -0.3 5.91e-01    -  5.08e-01 3.40e-01f  1
 628r 2.8234277e+01 1.49e+00 1.49e+05   0.2 4.23e-01    -  1.00e+00 1.43e-01f  1
 629r 2.8429280e+01 9.16e-01 7.71e+04  -6.0 4.46e-01    -  1.00e+00 3.84e-01f  1
iter    objective    inf_pr   inf_du lg(mu)  ||d||  lg(rg) alpha_du alpha_pr  ls
 630r 2.8944139e+01 8.57e-01 7.40e+04  -6.3 7.13e-01    -  1.00e+00 5.86e-02f  1
 631r 3.5822730e+01 1.41e+00 7.62e+04  -0.3 4.63e-01    -  1.00e+00 8.57e-01f  1
 632r 3.5500931e+01 1.17e+00 5.53e+04  -0.4 3.09e-01    -  1.00e+00 1.63e-01f  1
 633r 2.8933369e+01 7.82e-01 3.10e+03  -0.4 9.35e-01    -  1.00e+00 5.06e-01f  1
 634r 1.6495513e+01 2.43e+00 8.48e+03  -0.4 1.21e+00    -  1.00e+00 1.00e+00f  1
 635r 1.2513965e+01 1.42e+00 2.44e+03  -6.4 7.74e-01    -  1.00e+00 6.67e-01f  1
 636r 1.5731736e+01 1.57e+00 5.98e+03  -1.3 5.37e-01    -  1.00e+00 9.52e-01f  1
 637r 1.3640159e+01 2.74e+00 1.68e+04  -1.5 3.62e-01    -  1.00e+00 9.39e-01f  1
 638r 1.3649351e+01 5.64e-01 1.40e+03  -1.7 3.54e-01    -  1.00e+00 1.00e+00h  1
 639r 1.3707478e+01 3.24e+00 3.23e+04  -1.8 4.88e-01    -  1.00e+00 9.69e-01h  1
iter    objective    inf_pr   inf_du lg(mu)  ||d||  lg(rg) alpha_du alpha_pr  ls
 640r 1.4785058e+01 1.79e+00 1.01e+04  -1.5 4.58e-01    -  1.00e+00 1.00e+00f  1
 641r 1.3762807e+01 8.20e-01 1.90e+04  -1.6 2.35e-01    -  1.00e+00 1.00e+00h  1
 642r 1.3081266e+01 4.34e-01 2.29e+04  -1.8 2.05e-01    -  1.00e+00 9.69e-01h  1
 643r 1.4247813e+01 3.62e-01 3.78e+04  -1.4 1.84e-01    -  1.00e+00 1.00e+00f  1
 644r 1.4786073e+01 2.67e-01 2.67e+04  -1.5 2.44e-01    -  1.00e+00 2.39e-01h  1
 645r 1.4629566e+01 9.24e-01 6.48e+04  -0.8 1.48e-01    -  6.39e-01 1.00e+00f  1
 646r 1.4679086e+01 7.56e-01 3.75e+04  -0.9 1.88e-01    -  6.06e-01 1.97e-01h  1
 647r 1.4465386e+01 4.58e-01 1.09e+04  -0.9 1.94e-01    -  4.97e-01 4.50e-01h  1
 648r 1.4517976e+01 4.24e-01 1.58e+04  -0.9 1.45e-01    -  4.00e-01 7.78e-02f  1
 649r 1.4389370e+01 4.04e-01 4.06e+03  -0.9 7.39e-01    -  1.00e+00 1.36e-01f  1
iter    objective    inf_pr   inf_du lg(mu)  ||d||  lg(rg) alpha_du alpha_pr  ls
 650r 1.1272392e+01 7.00e-01 1.61e+03  -0.9 3.76e-01    -  1.00e+00 1.00e+00f  1
 651r 1.0167138e+01 1.28e+00 4.20e+03  -0.9 4.81e-01    -  1.00e+00 1.00e+00h  1
 652r 7.1185294e+00 7.00e+00 2.83e+06  -0.9 1.09e+00    -  1.00e+00 1.00e+00h  1
 653r 6.7990529e+00 4.89e+01 4.23e+04  -0.9 4.69e-01    -  1.00e+00 1.00e+00h  1
 654r 6.9295469e+00 3.62e+01 3.04e+04  -0.9 7.16e-01    -  1.00e+00 2.50e-01h  3
 655r 7.4325780e+00 2.68e+01 2.67e+04  -0.9 1.05e+00    -  1.00e+00 2.50e-01h  3
 656r 7.4770323e+00 2.36e+01 3.19e+04  -0.9 7.90e-01    -  1.00e+00 1.25e-01h  4
 657r 7.8126842e+00 2.22e+01 3.59e+04  -0.9 1.21e+00    -  1.00e+00 6.25e-02h  5
 658r 8.0461281e+00 2.08e+01 3.50e+04  -0.9 8.38e-01    -  1.00e+00 6.25e-02h  5
 659r 8.2528768e+00 2.01e+01 3.33e+04  -0.9 1.04e+00    -  1.00e+00 3.12e-02h  6
iter    objective    inf_pr   inf_du lg(mu)  ||d||  lg(rg) alpha_du alpha_pr  ls
 660r 8.2812145e+00 2.00e+01 3.30e+04  -0.9 1.11e+00    -  1.00e+00 3.91e-03h  9
 661r 8.2820850e+00 2.00e+01 3.30e+04  -0.9 1.11e+00    -  1.00e+00 1.22e-04h 14
 662r 8.2825199e+00 2.00e+01 3.30e+04  -0.9 1.11e+00    -  1.00e+00 6.10e-05h 15
 663r 9.2858872e+00 1.73e+01 2.99e+04  -0.9 1.11e+00    -  1.00e+00 1.25e-01h  4
 664r 1.2420232e+01 7.20e+01 1.62e+05  -0.9 5.41e-01    -  1.00e+00 1.00e+00w  1
 665r 1.1839828e+01 5.99e+01 1.53e+05  -0.9 4.58e-01    -  1.81e-01 1.74e-01w  1
 666r 1.1155226e+01 2.72e+01 1.10e+05  -0.9 4.16e-01    -  3.18e-01 5.17e-01w  1
 667r 9.2957409e+00 1.63e+01 2.93e+04  -0.9 5.27e-01    -  1.00e+00 6.25e-02h  4
 668r 1.0092821e+01 1.41e+01 2.53e+04  -0.9 1.06e+00    -  1.00e+00 1.25e-01h  4
 669r 1.4126228e+01 9.50e+00 1.44e+06  -0.9 9.15e-01    -  1.00e+00 5.00e-01h  2
iter    objective    inf_pr   inf_du lg(mu)  ||d||  lg(rg) alpha_du alpha_pr  ls
 670r 1.4541646e+01 9.10e+00 2.58e+05  -0.9 7.01e-01    -  1.00e+00 2.50e-01h  3
 671r 1.4706460e+01 8.76e+00 2.38e+05  -0.9 5.94e-01    -  3.78e-02 3.79e-02h  1
 672r 1.5668528e+01 7.49e+00 3.38e+05  -0.9 6.69e-01    -  5.11e-02 1.68e-01h  1
 673r 1.6624107e+01 6.38e+00 1.17e+06  -0.9 8.29e-01    -  2.46e-01 1.59e-01h  1
 674r 1.6825293e+01 6.21e+00 1.15e+06  -0.9 8.25e-01    -  1.00e+00 2.70e-02h  1
 675r 2.0545785e+01 4.15e+00 2.39e+06  -0.9 8.12e-01    -  5.39e-01 4.00e-01f  1
 676r 2.0750714e+01 3.96e+00 2.21e+06  -0.9 5.10e-01    -  1.02e-01 4.47e-02h  1
 677r 2.0802029e+01 3.91e+00 2.16e+06  -0.9 5.02e-01    -  7.59e-02 1.31e-02h  1
 678r 2.0798393e+01 3.91e+00 2.16e+06  -0.9 4.72e+00    -  1.00e+00 2.54e-04h  1
 679r 2.3694974e+01 2.69e+00 1.31e+06  -0.9 4.38e-01    -  6.58e-01 8.69e-01h  1
iter    objective    inf_pr   inf_du lg(mu)  ||d||  lg(rg) alpha_du alpha_pr  ls
 680r 2.3626165e+01 2.64e+00 1.28e+06  -0.9 8.00e-01    -  5.86e-02 1.53e-02h  1
 681r 2.3110956e+01 2.36e+00 5.72e+05  -0.9 8.19e-01    -  1.08e-02 1.01e-01h  1
 682r 2.2668976e+01 1.97e+00 4.56e+05  -0.9 7.52e-01    -  1.45e-01 1.49e-01h  1
 683r 2.2649480e+01 1.95e+00 4.51e+05  -0.9 7.22e-01    -  1.00e+00 6.93e-03f  1
 684r 2.3083561e+01 1.90e+00 4.33e+05  -0.9 7.64e-01    -  8.45e-01 7.50e-01f  1
 685r 2.2947806e+01 1.86e+00 3.01e+05  -0.9 7.00e-01    -  3.02e-01 1.83e-02h  1
 686r 2.1544992e+01 1.57e+00 1.67e+05  -0.9 6.87e-01    -  4.50e-02 1.92e-01h  1
 687r 2.1454648e+01 1.52e+00 2.40e+05  -0.9 4.29e-01    -  1.22e-01 3.55e-02f  1
 688r 2.1362165e+01 1.46e+00 2.62e+05  -0.9 4.53e-01    -  6.78e-02 4.71e-02h  1
 689r 2.1334032e+01 1.41e+00 2.66e+05  -0.9 7.69e-01    -  1.91e-02 3.94e-02h  1
iter    objective    inf_pr   inf_du lg(mu)  ||d||  lg(rg) alpha_du alpha_pr  ls
 690r 2.1280350e+01 1.33e+00 2.92e+05  -0.9 8.84e-01    -  1.39e-01 5.87e-02h  1
 691r 2.1321280e+01 1.31e+00 2.67e+05  -0.9 7.44e-01    -  4.18e-02 2.10e-02f  1
 692r 2.1341665e+01 1.28e+00 2.44e+05  -0.9 7.43e-01    -  6.06e-03 1.80e-02h  1
 693r 2.1388609e+01 1.25e+00 2.27e+05  -0.9 6.83e-01    -  7.52e-02 2.88e-02h  1
 694r 2.1615881e+01 1.14e+00 4.03e+05  -0.9 7.44e-01    -  1.46e-02 9.02e-02h  1
 695r 2.1623420e+01 1.14e+00 3.98e+05  -0.9 2.71e+01    -  1.00e+00 9.13e-04f  1
 696r 2.1644527e+01 1.06e+00 7.41e+05  -0.9 5.61e-01    -  6.18e-03 6.75e-02h  1
 697r 2.1826046e+01 1.02e+00 8.05e+05  -0.9 8.46e-01    -  3.03e-02 4.34e-02h  1
 698r 2.1888995e+01 1.01e+00 8.34e+05  -0.9 8.15e-01    -  1.88e-02 1.54e-02h  1
 699r 2.1998518e+01 9.85e-01 8.68e+05  -0.9 7.52e-01    -  2.76e-03 2.42e-02h  1
iter    objective    inf_pr   inf_du lg(mu)  ||d||  lg(rg) alpha_du alpha_pr  ls
 700r 2.2038867e+01 9.76e-01 8.76e+05  -0.9 6.41e-01    -  1.70e-02 9.61e-03h  1
 701r 2.2026467e+01 9.75e-01 8.84e+05  -0.9 1.23e+01    -  1.00e+00 1.23e-03f  1
 702r 2.1949063e+01 1.28e+00 9.54e+05  -0.9 6.82e-01    -  1.00e+00 8.90e-02f  4
 703r 2.4833539e+01 2.83e+00 2.68e+03  -0.9 4.91e-01    -  1.00e+00 1.00e+00f  1
 704r 2.5363710e+01 1.51e+00 1.06e+03  -0.9 7.35e-01    -  1.00e+00 1.00e+00h  1
 705r 2.6317944e+01 1.59e+00 2.31e+03  -0.9 1.73e+00    -  1.00e+00 2.50e-01h  3
 706r 3.0648825e+01 1.28e+00 3.43e+02  -0.9 3.58e+00    -  1.00e+00 2.50e-01h  3
 707r 3.2020666e+01 7.92e-01 8.25e+02  -0.9 1.21e+00    -  1.00e+00 5.00e-01h  2
 708r 4.0508661e+01 9.39e-01 1.57e+03  -0.9 1.87e+00    -  1.00e+00 5.00e-01h  2
 709r 2.9862837e+01 9.14e-01 2.57e+02  -0.9 1.45e+00    -  1.00e+00 1.00e+00h  1
iter    objective    inf_pr   inf_du lg(mu)  ||d||  lg(rg) alpha_du alpha_pr  ls
 710r 3.2028769e+01 8.57e-01 3.04e+02  -0.9 2.01e+00    -  1.00e+00 6.25e-02h  5
 711r 3.7976587e+01 7.50e-01 2.28e+03  -0.9 1.56e+00    -  1.00e+00 1.25e-01h  4
 712r 4.8992748e+01 5.62e-01 5.19e+02  -0.9 1.17e+00    -  1.00e+00 2.50e-01h  3
 713r 5.3365746e+01 7.40e-01 7.32e+02  -0.9 1.77e+00    -  1.00e+00 2.50e-01h  3
 714r 9.0042459e+01 1.00e+00 6.49e+03  -0.9 1.89e+00    -  1.00e+00 2.50e-01h  3
 715r 9.2123319e+01 9.98e-01 6.16e+03  -0.9 1.32e+00    -  1.00e+00 1.56e-02h  7
 716r 1.7539571e+02 5.82e-01 1.92e+03  -0.9 1.29e+00    -  1.00e+00 5.00e-01h  2
 717r 3.0393630e+02 2.10e+00 4.09e+03  -2.2 8.79e-01    -  1.00e+00 9.98e-01f  1
 718r 3.1791308e+02 4.99e-01 2.22e+02  -3.5 6.54e-01    -  1.00e+00 1.00e+00h  1
 719r 3.3615612e+02 3.28e+00 1.41e+04  -4.8 1.36e+00    -  1.00e+00 1.00e+00h  1
iter    objective    inf_pr   inf_du lg(mu)  ||d||  lg(rg) alpha_du alpha_pr  ls
 720r 3.0266757e+02 2.29e+00 2.40e+03  -5.8 4.19e-01    -  1.00e+00 1.00e+00h  1
 721r 3.0449398e+02 2.11e+00 7.52e+03  -6.5 4.75e-01    -  1.00e+00 1.00e+00h  1
 722r 3.0246786e+02 3.84e-01 2.24e+01  -7.7 3.97e-01    -  1.00e+00 1.00e+00h  1
 723r 2.9832688e+02 2.26e-01 7.50e+02  -9.0 3.42e-01    -  1.00e+00 1.00e+00h  1
 724r 2.9567599e+02 2.56e-01 1.69e+01  -9.0 5.03e-01    -  1.00e+00 1.00e+00h  1
 725r 3.0689277e+02 1.92e-01 6.53e+01  -9.0 4.64e-01    -  1.00e+00 2.50e-01h  3
 726r 3.7129871e+02 3.85e-01 5.16e+02  -9.0 4.46e-01    -  1.00e+00 1.00e+00h  1
 727r 3.5796856e+02 1.41e-01 2.67e+02  -9.0 2.55e-01    -  1.00e+00 1.00e+00h  1
 728r 3.6686840e+02 1.14e-01 2.40e+02  -9.0 3.56e-01    -  1.00e+00 5.00e-01h  2
 729  3.5814240e+02 1.13e-01 2.82e+01 -11.0 4.31e+00    -  1.00e+00 1.56e-02f  7
iter    objective    inf_pr   inf_du lg(mu)  ||d||  lg(rg) alpha_du alpha_pr  ls
 730  3.4803342e+02 1.11e-01 4.07e+01 -11.0 4.62e+00    -  1.00e+00 1.56e-02f  7
 731  3.2673875e+02 1.07e-01 1.08e+02 -11.0 5.33e+00    -  1.00e+00 3.12e-02f  6
 732  6.4753750e+01 4.92e+02 2.12e+06 -11.0 5.36e+00    -  1.00e+00 1.00e+00f  1
 733  4.2542569e+02 1.20e+03 2.76e+05 -11.0 5.25e+00    -  1.00e+00 1.00e+00h  1
 734  2.9916866e+02 2.40e+02 3.82e+06 -11.0 1.18e+00    -  1.00e+00 1.00e+00f  1
 735  3.0208197e+02 4.21e+01 1.48e+06 -11.0 4.17e-01    -  1.00e+00 1.00e+00h  1
 736  2.8165948e+02 4.52e+01 3.43e+08 -11.0 4.33e-01    -  1.00e+00 1.00e+00h  1
 737  3.1482866e+02 1.65e+01 6.14e+09 -11.0 8.12e-01    -  1.00e+00 1.00e+00h  1
 738  3.3695991e+02 7.04e-01 4.93e+08 -11.0 1.81e-01    -  1.00e+00 1.00e+00h  1
 739  3.2670742e+02 6.93e-01 4.47e+08 -11.0 3.70e-01    -  1.00e+00 1.00e+00f  1
iter    objective    inf_pr   inf_du lg(mu)  ||d||  lg(rg) alpha_du alpha_pr  ls
 740  3.2147630e+02 8.93e-02 1.99e+09 -11.0 4.23e-01    -  1.00e+00 1.00e+00f  1
 741  3.2276748e+02 9.73e-02 9.53e+08 -11.0 3.55e-01    -  1.00e+00 2.50e-01h  3
 742  3.3137089e+02 6.48e-02 1.02e+08 -11.0 1.07e-01    -  1.00e+00 1.00e+00h  1
 743  2.8950840e+02 1.62e+00 1.11e+07 -11.0 5.84e+00    -  1.00e+00 1.00e+00f  1
 744  2.3684997e+02 7.10e-01 1.30e+07 -11.0 5.24e+00    -  1.00e+00 5.00e-01f  2
 745  2.7453774e+02 3.26e-01 2.30e+06 -11.0 3.37e+00    -  1.00e+00 5.00e-01h  2
 746  2.8664387e+02 3.61e-01 8.85e+05 -11.0 1.54e+00    -  1.00e+00 2.50e-01h  3
 747  3.0795647e+02 5.20e-02 5.73e+05 -11.0 1.08e+00    -  1.00e+00 1.00e+00H  1
 748  3.1461132e+02 5.97e-02 1.05e+06 -11.0 1.82e+00    -  1.00e+00 2.50e-01h  3
 749  3.2750354e+02 6.64e-02 2.98e+06 -11.0 9.54e-01    -  1.00e+00 5.00e-01h  2
iter    objective    inf_pr   inf_du lg(mu)  ||d||  lg(rg) alpha_du alpha_pr  ls
 750  3.4645510e+02 6.98e-03 2.33e+07 -11.0 8.21e-01    -  1.00e+00 1.00e+00h  1
 751  3.3986053e+02 4.06e-02 5.54e+07 -11.0 2.19e+00    -  1.00e+00 2.50e-01f  3
 752  3.3848858e+02 2.37e-02 1.80e+07 -11.0 7.61e-01    -  1.00e+00 5.00e-01f  2
 753  3.3655549e+02 3.96e-02 9.49e+06 -11.0 8.95e+00    -  1.00e+00 3.12e-02f  6
 754  3.3450985e+02 4.63e-02 2.41e+05 -11.0 5.86e+01    -  1.00e+00 1.95e-03f 10
 755  3.3211121e+02 4.56e-02 4.68e+06 -11.0 7.37e-01  -4.6 1.00e+00 1.25e-01f  4
 756  2.9165697e+02 1.28e-01 3.30e+02 -11.0 2.60e+00    -  1.00e+00 1.00e+00f  1
 757  2.9414884e+02 1.12e-01 1.33e+09 -11.0 4.86e+00    -  1.00e+00 1.25e-01h  4
 758  2.9428328e+02 1.12e-01 1.13e+09 -11.0 2.22e+00    -  1.00e+00 7.81e-03h  8
 759  2.9436374e+02 1.23e-01 9.71e+08 -11.0 1.80e+00    -  1.00e+00 7.81e-03h  8
iter    objective    inf_pr   inf_du lg(mu)  ||d||  lg(rg) alpha_du alpha_pr  ls
 760  2.9463605e+02 1.21e-01 9.21e+08 -11.0 8.76e+00    -  1.00e+00 1.56e-02h  7
 761  2.9470975e+02 1.21e-01 9.10e+08 -11.0 8.47e+00    -  1.00e+00 3.91e-03h  9
 762  2.9472854e+02 1.21e-01 8.94e+08 -11.0 8.43e+00    -  1.00e+00 9.77e-04h 11
 763  2.9143009e+02 2.34e-01 3.77e+08 -11.0 3.18e+00    -  1.00e+00 3.12e-02f  6
 764  2.6424337e+02 8.13e-01 1.96e+08 -11.0 3.34e+00    -  1.00e+00 5.00e-01f  2
 765  2.6314595e+02 1.11e+00 6.76e+08 -11.0 1.86e+00    -  1.00e+00 1.56e-02f  7
 766  2.6193415e+02 1.09e+00 4.52e+08 -11.0 1.08e+00    -  1.00e+00 3.12e-02f  6
 767  2.5808539e+02 2.73e+00 2.52e+09 -11.0 6.08e-01    -  1.00e+00 1.00e+00f  1
 768  2.5755784e+02 2.60e+00 1.65e+09 -11.0 1.53e+00    -  1.00e+00 1.56e-02f  7
 769  2.5757672e+02 2.58e+00 1.56e+09 -11.0 1.25e+00    -  1.00e+00 7.81e-03h  8
iter    objective    inf_pr   inf_du lg(mu)  ||d||  lg(rg) alpha_du alpha_pr  ls
 770  2.5757976e+02 2.58e+00 3.67e+09 -11.0 1.23e+00    -  1.00e+00 9.77e-04h 11
 771  2.5669615e+02 2.45e+00 1.60e+11 -11.0 1.83e+00    -  1.00e+00 1.25e-01h  4
 772  2.5632873e+02 2.34e+00 1.50e+11 -11.0 2.33e+00    -  1.00e+00 3.12e-02h  6
 773  2.5631049e+02 2.32e+00 8.74e+10 -11.0 1.63e+00    -  1.00e+00 7.81e-03h  8
 774  2.5615520e+02 1.92e+00 3.53e+10 -11.0 3.23e+00    -  1.00e+00 6.25e-02h  5
 775  2.5600044e+02 1.92e+00 2.60e+12 -11.0 1.68e+00    -  1.00e+00 6.25e-02h  5
 776  2.5596709e+02 1.90e+00 5.18e+12 -11.0 1.68e+00    -  1.00e+00 1.56e-02h  7
 777  2.5596725e+02 1.88e+00 5.10e+12 -11.0 1.99e+00    -  1.00e+00 7.81e-03h  8
 778  2.8038272e+02 2.44e+00 3.74e+01 -11.0 3.84e+00    -  1.00e+00 1.00e+00w  1
 779  3.7507875e+02 9.17e+01 2.39e+05 -11.0 3.04e+00    -  1.00e+00 1.00e+00w  1
iter    objective    inf_pr   inf_du lg(mu)  ||d||  lg(rg) alpha_du alpha_pr  ls
 780  3.2183776e+02 6.26e+01 1.93e+07 -11.0 1.45e+00    -  1.00e+00 1.00e+00w  1
 781  2.5119489e+02 1.44e+00 5.79e+11 -11.0 1.08e+00    -  1.00e+00 5.00e-01f  1
 782  2.5125156e+02 1.43e+00 1.60e+12 -11.0 2.01e+00    -  1.00e+00 3.91e-03h  9
 783  2.5164691e+02 1.41e+00 1.52e+12 -11.0 2.57e+00    -  1.00e+00 1.56e-02h  7
 784  2.5215312e+02 1.36e+00 1.41e+12 -11.0 4.08e+00    -  1.00e+00 3.12e-02h  6
 785  2.6516792e+02 1.02e+00 1.10e+12 -11.0 3.40e+00    -  1.00e+00 2.50e-01h  3
 786  2.7291291e+02 1.65e+00 1.73e+12 -11.0 2.92e+00    -  1.00e+00 1.25e-01h  4
 787  3.7995116e+02 4.11e-02 2.38e+10 -11.0 2.71e+00    -  1.00e+00 1.00e+00h  1
 788  3.8675877e+02 3.38e-02 3.45e+11 -11.0 1.98e-01    -  1.00e+00 1.00e+00h  1
 789  3.8696203e+02 2.46e-03 5.64e+08 -11.0 6.55e-03    -  1.00e+00 1.00e+00h  1
iter    objective    inf_pr   inf_du lg(mu)  ||d||  lg(rg) alpha_du alpha_pr  ls
 790  3.8715841e+02 6.44e-05 1.23e+09 -11.0 1.56e-02    -  1.00e+00 1.00e+00h  1
 791  3.8718702e+02 5.23e-07 4.53e+07 -11.0 1.96e-03    -  1.00e+00 1.00e+00h  1
 792  3.8718663e+02 5.15e-11 1.12e+06 -11.0 1.76e-05  -5.1 1.00e+00 1.00e+00h  1
 793  3.8718650e+02 1.24e-12 9.49e+04 -11.0 3.41e-06    -  1.00e+00 1.00e+00f  1
 794  3.4152847e+02 1.55e-01 1.56e+10 -11.0 3.94e+00    -  1.00e+00 1.25e-01f  4
 795  3.3445977e+02 2.56e-01 8.56e+01 -11.0 4.96e+00    -  1.00e+00 1.25e-01f  4
 796  3.5251926e+02 1.28e-01 4.26e+01 -11.0 4.73e-01    -  1.00e+00 5.00e-01h  2
 797  3.6342363e+02 6.39e-02 2.12e+01 -11.0 2.05e-01    -  1.00e+00 5.00e-01h  2
 798  3.6905711e+02 3.20e-02 1.06e+01 -11.0 1.02e-01    -  1.00e+00 5.00e-01h  2
 799  3.7048436e+02 2.40e-02 7.97e+00 -11.0 5.12e-02    -  1.00e+00 2.50e-01h  3
iter    objective    inf_pr   inf_du lg(mu)  ||d||  lg(rg) alpha_du alpha_pr  ls
 800  3.7102153e+02 2.10e-02 6.97e+00 -11.0 3.84e-02    -  1.00e+00 1.25e-01h  4
 801  3.7125688e+02 1.97e-02 6.54e+00 -11.0 3.36e-02    -  1.00e+00 6.25e-02h  5
 802  3.7136726e+02 1.91e-02 6.33e+00 -11.0 3.15e-02    -  1.00e+00 3.12e-02h  6
 803  3.7142075e+02 1.88e-02 4.23e+08 -11.0 3.05e-02    -  1.00e+00 1.56e-02h  7
 804  3.7481928e+02 5.60e-02 3.12e+01 -11.0 7.41e-02    -  1.00e+00 1.00e+00h  1
 805  3.7480751e+02 7.85e-02 8.95e+00 -11.0 4.57e-02    -  1.00e+00 1.00e+00h  1
 806  3.7480401e+02 6.87e-02 7.65e+00 -11.0 4.02e-01    -  1.00e+00 1.25e-01h  4
 807  3.7480587e+02 5.15e-02 5.74e+00 -11.0 4.24e-02    -  1.00e+00 2.50e-01h  3
 808  3.7480658e+02 4.51e-02 5.02e+00 -11.0 3.26e-02    -  1.00e+00 1.25e-01h  4
 809  3.7480718e+02 3.95e-02 7.82e+00 -11.0 2.77e-02    -  1.00e+00 1.25e-01h  4
iter    objective    inf_pr   inf_du lg(mu)  ||d||  lg(rg) alpha_du alpha_pr  ls
 810  3.7481743e+02 1.97e-02 6.71e+00 -11.0 8.76e-02    -  1.00e+00 5.00e-01h  2
 811  3.7481302e+02 2.73e-02 1.70e+02 -11.0 1.68e-02    -  1.00e+00 5.00e-01h  2
 812  3.7483145e+02 3.19e-03 2.83e+00 -11.0 7.28e-02    -  1.00e+00 1.00e+00h  1
 813  3.7482548e+02 3.19e-03 2.84e+00 -11.0 1.90e+02    -  1.00e+00 2.44e-04f 13
 814  3.7481847e+02 3.78e-03 9.01e+02 -11.0 8.95e-02    -  1.00e+00 2.50e-01h  3
 815  3.7481148e+02 5.02e-02 7.75e+00 -11.0 5.50e-02    -  1.00e+00 1.00e+00h  1
 816  3.7481145e+02 2.45e-03 1.63e+00 -11.0 1.13e-02    -  1.00e+00 1.00e+00h  1
 817  3.7481147e+02 3.37e-14 9.67e-04 -11.0 9.24e-03    -  1.00e+00 1.00e+00h  1
 818  3.7481145e+02 1.76e-13 4.14e-04 -11.0 1.95e-02    -  1.00e+00 1.00e+00f  1
 819  3.7481145e+02 1.74e-13 2.72e-04 -11.0 5.65e+00    -  1.00e+00 1.95e-03f 10
iter    objective    inf_pr   inf_du lg(mu)  ||d||  lg(rg) alpha_du alpha_pr  ls
 820  3.7481145e+02 3.44e-07 2.08e-05 -11.0 7.46e-02    -  1.00e+00 1.00e+00h  1
 821  3.7481145e+02 9.34e-08 2.02e-05 -11.0 3.10e-02    -  1.00e+00 1.00e+00h  1
 822  3.7481144e+02 2.44e-04 7.18e-03 -11.0 2.91e+02    -  1.00e+00 3.91e-03h  9
 823  3.7481132e+02 1.17e-13 8.98e-05 -11.0 8.49e-01  -4.6 1.00e+00 1.00e+00h  1
 824  3.7481119e+02 3.39e-03 4.29e+00 -11.0 2.00e+00  -5.1 1.00e+00 5.00e-01f  2
 825  3.7481107e+02 4.64e-03 4.62e+00 -11.0 4.90e+02    -  1.00e+00 9.77e-04h 11
 826  3.7481010e+02 5.55e-04 1.06e+03 -11.0 9.88e+01    -  1.00e+00 3.91e-03h  9
 827  3.7477025e+02 1.08e-02 9.95e+05 -11.0 5.95e+02    -  1.00e+00 1.95e-03f 10
 828  3.7477518e+02 8.13e-03 6.37e+05 -11.0 2.17e-01    -  1.00e+00 2.50e-01h  3
 829  3.7477847e+02 5.96e-03 9.50e+07 -11.0 5.26e-01    -  1.00e+00 2.50e-01h  3
iter    objective    inf_pr   inf_du lg(mu)  ||d||  lg(rg) alpha_du alpha_pr  ls
 830  3.7479378e+02 6.96e-03 9.27e+01 -11.0 8.41e-01    -  1.00e+00 1.00e+00h  1
 831  3.7475790e+02 1.22e-02 9.36e+01 -11.0 4.56e-01    -  1.00e+00 1.56e-02f  7
 832  3.7465299e+02 4.58e-03 4.00e+01 -11.0 1.68e-02    -  1.00e+00 1.00e+00h  1
 833  3.7446672e+02 2.65e-02 1.33e+01 -11.0 1.77e+00    -  1.00e+00 6.25e-02f  5
 834  3.7428197e+02 1.43e-02 9.91e+01 -11.0 2.72e+00    -  1.00e+00 1.56e-02f  7
 835  3.7410149e+02 1.42e-02 9.76e+01 -11.0 2.46e+00    -  1.00e+00 1.56e-02f  7
 836  3.7406717e+02 1.41e-02 6.64e+01 -11.0 8.40e-01    -  1.00e+00 7.81e-03f  8
 837  3.7403488e+02 1.52e-02 2.29e+02 -11.0 8.23e-01    -  1.00e+00 7.81e-03f  8
 838  3.7334693e+02 3.05e-01 1.05e+03 -11.0 1.67e-01    -  1.00e+00 1.00e+00f  1
 839  3.7363885e+02 6.13e-02 3.87e+03 -11.0 1.03e-01    -  1.00e+00 1.00e+00h  1
iter    objective    inf_pr   inf_du lg(mu)  ||d||  lg(rg) alpha_du alpha_pr  ls
 840  3.7364810e+02 5.38e-02 3.17e+03 -11.0 6.08e-02    -  1.00e+00 1.25e-01h  4
 841  3.7267413e+02 1.00e+00 4.32e+03 -11.0 6.62e-01    -  1.00e+00 1.00e+00f  1
 842  3.7167630e+02 2.00e-01 7.26e+03 -11.0 4.98e-01    -  1.00e+00 1.00e+00h  1
 843  3.7116067e+02 5.35e-01 2.65e+02 -11.0 3.65e-01    -  1.00e+00 1.00e+00h  1
 844  3.7067299e+02 6.97e-01 3.07e+03 -11.0 9.64e-01    -  1.00e+00 2.50e-01h  3
 845  3.7052775e+02 2.95e-01 8.35e+02 -11.0 3.91e-01    -  1.00e+00 5.00e-01h  2
 846  3.7046845e+02 1.44e-01 1.45e+04 -11.0 4.08e-01    -  1.00e+00 1.00e+00h  1
 847  3.6995418e+02 1.58e+01 9.70e+03 -11.0 3.61e-01    -  1.00e+00 1.00e+00h  1
 848  3.7010282e+02 1.83e+00 1.76e+03 -11.0 1.27e-01    -  1.00e+00 1.00e+00h  1
 849  3.7022087e+02 4.17e+00 7.35e+04 -11.0 1.31e-01    -  1.00e+00 1.00e+00h  1
iter    objective    inf_pr   inf_du lg(mu)  ||d||  lg(rg) alpha_du alpha_pr  ls
 850  3.7023818e+02 3.11e+00 4.02e+04 -11.0 1.16e-01    -  1.00e+00 2.50e-01h  3
 851  3.7028071e+02 3.20e+00 3.60e+04 -11.0 4.67e-02    -  1.00e+00 5.00e-01h  2
 852  3.7033213e+02 3.60e-02 2.46e+02 -11.0 2.13e-02    -  1.00e+00 1.00e+00h  1
 853  3.7013562e+02 8.04e-02 2.07e+04 -11.0 7.96e-02    -  1.00e+00 1.00e+00h  1
 854  3.7005283e+02 1.72e+01 6.95e+05 -11.0 1.13e-01    -  1.00e+00 1.00e+00h  1
 855  3.7002038e+02 1.06e+00 1.70e+02 -11.0 8.04e-02    -  1.00e+00 1.00e+00h  1
 856  3.7006107e+02 1.98e+00 7.51e+04 -11.0 5.73e-02    -  1.00e+00 1.00e+00h  1
 857  3.7005565e+02 1.85e+00 1.92e+04 -11.0 1.30e-01    -  1.00e+00 6.25e-02h  5
 858  3.7004803e+02 2.31e-02 1.04e+03 -11.0 1.56e-02    -  1.00e+00 1.00e+00h  1
 859  3.7003783e+02 4.61e-02 3.20e+05 -11.0 2.42e-02    -  1.00e+00 1.00e+00h  1
iter    objective    inf_pr   inf_du lg(mu)  ||d||  lg(rg) alpha_du alpha_pr  ls
 860  3.7003069e+02 1.87e+00 1.15e+06 -11.0 4.29e-02    -  1.00e+00 1.00e+00h  1
 861  3.7003431e+02 1.40e+00 6.25e+05 -11.0 3.04e-02    -  1.00e+00 2.50e-01h  3
 862  3.7001885e+02 3.10e+00 1.06e+06 -11.0 2.46e-01    -  1.00e+00 2.50e-01h  3
 863  3.7000999e+02 2.46e+00 5.19e+05 -11.0 2.32e-01    -  1.00e+00 5.00e-01h  2
 864  3.7000182e+02 1.07e-01 3.18e+01 -11.0 5.24e-02    -  1.00e+00 1.00e+00h  1
 865  3.6999789e+02 2.41e+00 1.28e+03 -11.0 5.21e-02    -  1.00e+00 1.00e+00h  1
 866  3.6999344e+02 6.85e-01 8.72e+01 -11.0 4.87e-02    -  1.00e+00 1.00e+00h  1
 867  3.6998833e+02 9.78e-02 1.13e+02 -11.0 1.60e-02    -  1.00e+00 1.00e+00h  1
 868  3.6998882e+02 9.47e-02 1.08e+02 -11.0 1.13e-01    -  1.00e+00 3.12e-02h  6
 869  3.6998780e+02 8.88e-02 9.90e+01 -11.0 2.61e-01    -  1.00e+00 6.25e-02h  5
iter    objective    inf_pr   inf_du lg(mu)  ||d||  lg(rg) alpha_du alpha_pr  ls
 870  3.6998807e+02 8.61e-02 9.67e+01 -11.0 3.23e-01    -  1.00e+00 3.12e-02h  6
 871  3.6999000e+02 6.46e-02 8.83e+01 -11.0 3.48e-01    -  1.00e+00 2.50e-01h  3
 872  3.6999017e+02 7.12e-02 1.02e+02 -11.0 2.60e-01    -  1.00e+00 2.50e-01h  3
 873  3.6999053e+02 6.57e-02 8.91e+01 -11.0 1.12e-01    -  1.00e+00 6.25e-02h  5
 874  3.6999090e+02 6.14e-02 7.82e+01 -11.0 8.22e-02    -  1.00e+00 6.25e-02h  5
 875  3.6998960e+02 5.79e-02 1.47e+02 -11.0 1.83e-01    -  1.00e+00 1.25e-01h  4
 876  3.6998905e+02 5.47e-02 1.23e+02 -11.0 3.01e-01    -  1.00e+00 6.25e-02h  5
 877  3.6998338e+02 3.52e-01 1.59e+02 -11.0 7.74e-01    -  1.00e+00 2.50e-01h  3
 878  3.7016366e+02 1.17e+02 4.36e+05 -11.0 8.71e-01    -  1.00e+00 1.00e+00w  1
 879  3.8799064e+02 4.81e+02 2.78e+05 -11.0 1.31e+00    -  1.00e+00 1.00e+00w  1
iter    objective    inf_pr   inf_du lg(mu)  ||d||  lg(rg) alpha_du alpha_pr  ls
 880  3.6677344e+02 1.77e+02 6.72e+04 -11.0 1.25e+00    -  1.00e+00 1.00e+00h  1
 881  3.6869465e+02 7.04e+01 3.10e+04 -11.0 2.68e-01    -  1.00e+00 5.00e-01h  2
 882  3.6965870e+02 3.61e+01 1.27e+06 -11.0 1.42e-01    -  1.00e+00 5.00e-01h  2
 883  3.6989154e+02 2.70e+01 1.01e+06 -11.0 1.72e-01    -  1.00e+00 2.50e-01h  3
 884  3.6994557e+02 2.53e+01 9.55e+05 -11.0 7.06e-02    -  1.00e+00 6.25e-02h  5
 885  3.6981011e+02 3.98e+01 1.57e+06 -11.0 5.93e-01    -  1.00e+00 2.50e-01h  3
 886  3.6984050e+02 4.11e+01 2.20e+06 -11.0 2.94e-01    -  1.00e+00 2.50e-01h  3
 887  3.6984121e+02 4.09e+01 2.19e+06 -11.0 2.56e-01    -  1.00e+00 3.91e-03h  9
 888  3.7053202e+02 5.54e+01 2.85e+04 -11.0 2.60e-01    -  1.00e+00 1.00e+00h  1
 889  3.7040002e+02 3.91e+01 2.39e+06 -11.0 1.98e-01    -  1.00e+00 1.00e+00h  1
iter    objective    inf_pr   inf_du lg(mu)  ||d||  lg(rg) alpha_du alpha_pr  ls
 890  3.7024693e+02 6.04e+01 1.31e+06 -11.0 2.24e-01    -  1.00e+00 5.00e-01h  2
 891  3.7023075e+02 4.50e+01 3.21e+07 -11.0 2.52e-01    -  1.00e+00 2.50e-01h  3
 892  3.7023189e+02 4.36e+01 1.68e+08 -11.0 1.71e-01    -  1.00e+00 3.12e-02h  6
 893  3.7027027e+02 3.82e+01 2.32e+09 -11.0 3.83e-01    -  1.00e+00 1.25e-01h  4
 894  3.7033572e+02 2.88e+01 1.74e+09 -11.0 1.95e-01    -  1.00e+00 2.50e-01h  3
 895  3.7009639e+02 7.82e+01 1.24e+09 -11.0 2.80e-01    -  1.00e+00 2.50e-01h  3
 896  3.7035823e+02 1.36e+01 5.92e+03 -11.0 1.35e-01    -  1.00e+00 1.00e+00h  1
 897  3.7036618e+02 1.04e+01 6.09e+03 -11.0 2.75e-01    -  1.00e+00 2.50e-01h  3
 898  3.7007585e+02 3.19e+01 5.40e+04 -11.0 3.93e-01    -  1.00e+00 5.00e-01h  2
 899  3.6990252e+02 3.85e+01 3.60e+04 -11.0 2.28e-01    -  1.00e+00 2.50e-01h  3
iter    objective    inf_pr   inf_du lg(mu)  ||d||  lg(rg) alpha_du alpha_pr  ls
 900  3.6996355e+02 7.58e+00 8.11e+05 -11.0 7.89e-01    -  1.00e+00 1.00e+00h  1
 901  3.6996498e+02 6.66e+00 1.77e+06 -11.0 2.04e-01    -  1.00e+00 1.25e-01h  4
 902  3.7024512e+02 1.71e+00 1.23e+08 -11.0 3.65e-01    -  1.00e+00 5.00e-01h  2
 903  3.7041426e+02 4.61e-01 2.67e+08 -11.0 1.87e-01    -  1.00e+00 1.00e+00h  1
 904  3.7040025e+02 3.46e-01 9.98e+08 -11.0 1.87e-01    -  1.00e+00 2.50e-01h  3
 905  3.7040383e+02 5.83e-01 1.95e+09 -11.0 3.18e-01    -  1.00e+00 2.50e-01h  3
 906  3.6998247e+02 5.01e+00 1.38e+10 -11.0 3.57e-01    -  1.00e+00 1.00e+00h  1
 907  3.7012598e+02 3.74e+00 3.22e+10 -11.0 3.81e-01    -  1.00e+00 2.50e-01h  3
 908  3.7097849e+02 3.33e-02 8.41e+08 -11.0 1.69e-01    -  1.00e+00 1.00e+00h  1
 909  3.7106036e+02 2.64e-02 3.45e+08 -11.0 3.23e-01    -  1.00e+00 2.50e-01h  3
iter    objective    inf_pr   inf_du lg(mu)  ||d||  lg(rg) alpha_du alpha_pr  ls
 910  3.7118179e+02 2.69e-02 2.09e+08 -11.0 4.31e-01    -  1.00e+00 5.00e-01h  2
 911  3.7108602e+02 1.36e-02 2.74e+08 -11.0 1.41e-01    -  1.00e+00 5.00e-01h  2
 912  3.7113673e+02 1.38e-02 2.28e+08 -11.0 1.76e-01    -  1.00e+00 2.50e-01h  3
 913  3.7104564e+02 4.59e-02 7.42e+07 -11.0 6.88e-02    -  1.00e+00 1.00e+00h  1
 914  3.7111923e+02 1.78e-02 3.80e+08 -11.0 9.25e-02    -  1.00e+00 1.00e+00h  1
 915  3.7111624e+02 1.68e-02 1.22e+08 -11.0 9.64e-02    -  1.00e+00 5.00e-01h  2
 916  3.7121590e+02 1.69e-02 1.02e+08 -11.0 6.23e-02    -  1.00e+00 5.00e-01h  2
 917  3.7059430e+02 4.84e-02 6.03e+07 -11.0 3.23e-01    -  1.00e+00 2.50e-01f  3
 918  3.7088324e+02 2.80e-02 1.49e+07 -11.0 1.22e-01    -  1.00e+00 5.00e-01h  2
 919  3.7096669e+02 9.17e-03 6.03e+05 -11.0 3.31e-02    -  1.00e+00 1.00e+00h  1
iter    objective    inf_pr   inf_du lg(mu)  ||d||  lg(rg) alpha_du alpha_pr  ls
 920  3.7095649e+02 3.97e-04 9.55e+04 -11.0 9.10e-03    -  1.00e+00 1.00e+00h  1
 921  3.7095062e+02 6.01e-06 6.85e+01 -11.0 7.59e-04    -  1.00e+00 1.00e+00h  1
 922  3.7048259e+02 2.17e-02 1.14e+04 -11.0 3.17e-01  -1.1 1.00e+00 5.00e-01f  2
 923  3.7069182e+02 2.69e-02 3.55e+04 -11.0 6.53e-01    -  1.00e+00 2.50e-01h  3
 924  3.7069114e+02 2.02e-02 1.41e+04 -11.0 4.83e-01    -  1.00e+00 1.25e-01h  4
 925  3.7061850e+02 2.10e-02 1.69e+04 -11.0 1.15e+00    -  1.00e+00 6.25e-02h  5
 926  3.7056056e+02 2.02e-02 4.73e+02 -11.0 5.20e-01    -  1.00e+00 2.50e-01h  3
 927  3.7061211e+02 1.76e-02 4.11e+04 -11.0 5.84e-01  -1.1 1.00e+00 1.25e-01h  4
 928  3.7055217e+02 4.47e-02 3.90e+03 -11.0 1.55e-01    -  1.00e+00 1.00e+00h  1
 929  3.7046452e+02 1.02e-01 5.45e+02 -11.0 1.94e-01    -  1.00e+00 5.00e-01h  2
iter    objective    inf_pr   inf_du lg(mu)  ||d||  lg(rg) alpha_du alpha_pr  ls
 930  3.7046637e+02 9.66e-02 7.79e+03 -11.0 1.29e-01    -  1.00e+00 6.25e-02h  5
 931  3.7046613e+02 7.37e-02 7.65e+03 -11.0 1.76e-01    -  1.00e+00 2.50e-01h  3
 932  3.7047496e+02 6.49e-02 1.95e+03 -11.0 1.11e-01    -  1.00e+00 1.25e-01h  4
 933  3.7048657e+02 4.24e-02 9.93e+02 -11.0 9.75e-02    -  1.00e+00 5.00e-01h  2
 934  3.7047856e+02 3.98e-02 1.47e+03 -11.0 1.50e-01    -  1.00e+00 6.25e-02h  5
 935  3.7047989e+02 3.91e-02 4.06e+03 -11.0 5.13e-02    -  1.00e+00 1.56e-02h  7
 936  3.7060526e+02 1.78e-02 1.14e+04 -11.0 7.39e-02    -  1.00e+00 1.00e+00h  1
 937  3.7060546e+02 1.51e-02 1.16e+05 -11.0 5.18e-02    -  1.00e+00 1.25e-01h  4
 938  3.7061773e+02 1.45e-02 1.21e+05 -11.0 1.61e-01    -  1.00e+00 6.25e-02h  5
 939  3.7061525e+02 1.29e-02 6.09e+04 -11.0 3.53e-02    -  1.00e+00 5.00e-01h  2
iter    objective    inf_pr   inf_du lg(mu)  ||d||  lg(rg) alpha_du alpha_pr  ls
 940  3.7061780e+02 1.32e-02 1.96e+04 -11.0 2.53e-02    -  1.00e+00 1.00e+00h  1
 941  3.7063320e+02 1.08e-02 1.08e+05 -11.0 7.53e-02    -  1.00e+00 2.50e-01h  3
 942  3.7062640e+02 6.29e-03 2.35e+04 -11.0 1.04e-02    -  1.00e+00 1.00e+00h  1
 943  3.7063389e+02 5.50e-03 2.41e+04 -11.0 4.26e-02    -  1.00e+00 1.25e-01h  4
 944  3.7061323e+02 3.10e-02 1.35e+04 -11.0 6.34e-02    -  1.00e+00 1.00e+00H  1
 945  3.7062035e+02 2.70e-02 1.28e+04 -11.0 8.22e-02    -  1.00e+00 1.25e-01h  4
 946  3.7062405e+02 2.51e-02 1.22e+04 -11.0 9.41e-02    -  1.00e+00 6.25e-02h  5
 947  3.7062610e+02 2.43e-02 1.33e+04 -11.0 1.08e-01    -  1.00e+00 3.12e-02h  6
 948  3.7062628e+02 2.42e-02 1.35e+04 -11.0 9.66e-02    -  1.00e+00 3.91e-03h  9
 949  3.7055158e+02 3.87e-02 3.07e+03 -11.0 2.24e-01    -  1.00e+00 2.50e-01h  3
iter    objective    inf_pr   inf_du lg(mu)  ||d||  lg(rg) alpha_du alpha_pr  ls
 950  3.7057023e+02 3.38e-02 2.70e+03 -11.0 1.20e-01    -  1.00e+00 1.25e-01h  4
 951  3.7059472e+02 2.33e-02 8.14e+03 -11.0 7.80e-02    -  1.00e+00 5.00e-01h  2
 952  3.7059702e+02 1.98e-02 7.73e+03 -11.0 3.46e-02    -  1.00e+00 1.25e-01h  4
 953  3.7059774e+02 1.92e-02 8.14e+03 -11.0 1.62e-01    -  1.00e+00 3.12e-02h  6
 954  3.7060170e+02 1.79e-02 1.28e+06 -11.0 2.27e-01    -  1.00e+00 6.25e-02h  5
 955  3.7088647e+02 1.26e+02 1.11e+08 -11.0 4.95e-01    -  1.00e+00 1.00e+00w  1
 956  3.7135873e+02 1.37e+02 9.52e+08 -11.0 2.30e-01    -  1.00e+00 1.00e+00w  1
 957  3.7099754e+02 1.08e+02 3.91e+10 -11.0 3.11e-01    -  1.00e+00 1.00e+00w  1
 958  3.7060370e+02 1.76e-02 1.24e+06 -11.0 3.29e-01    -  1.00e+00 1.56e-02h  6
 959  3.7061521e+02 1.49e-02 8.15e+05 -11.0 1.63e-01    -  1.00e+00 1.25e-01h  4
iter    objective    inf_pr   inf_du lg(mu)  ||d||  lg(rg) alpha_du alpha_pr  ls
 960  3.7054082e+02 2.41e+01 1.93e+08 -11.0 1.55e-01    -  1.00e+00 5.00e-01h  2
 961  3.7047019e+02 4.93e+01 2.31e+04 -11.0 1.76e-01    -  1.00e+00 1.00e+00h  1
 962  3.7050669e+02 3.91e+01 1.17e+06 -11.0 1.63e-01    -  1.00e+00 1.00e+00h  1
 963  3.7052539e+02 1.84e+01 2.90e+06 -11.0 8.60e-02    -  1.00e+00 5.00e-01h  2
 964  3.7053421e+02 1.62e+01 2.91e+06 -11.0 1.05e-01    -  1.00e+00 1.25e-01h  4
 965  3.7048610e+02 1.45e-01 2.33e+06 -11.0 4.25e-02    -  1.00e+00 1.00e+00h  1
 966  3.7055548e+02 2.83e-02 2.82e+07 -11.0 6.16e-02    -  1.00e+00 1.00e+00h  1
 967  3.7055741e+02 4.25e-02 1.47e+07 -11.0 2.17e-02    -  1.00e+00 2.50e-01h  3
 968  3.7056257e+02 3.05e-02 1.34e+08 -11.0 5.36e-02    -  1.00e+00 2.50e-01h  3
 969  3.7056980e+02 2.39e-02 1.68e+08 -11.0 6.30e-02    -  1.00e+00 1.25e-01h  4
iter    objective    inf_pr   inf_du lg(mu)  ||d||  lg(rg) alpha_du alpha_pr  ls
 970  3.7058828e+02 1.64e-02 1.70e+08 -11.0 7.02e-02    -  1.00e+00 2.50e-01h  3
 971  3.7059849e+02 1.25e-02 1.45e+08 -11.0 3.30e-02    -  1.00e+00 5.00e-01h  2
 972  3.7060087e+02 1.28e-02 1.33e+08 -11.0 8.95e-02    -  1.00e+00 1.25e-01h  4
 973  3.7060510e+02 1.31e-02 1.21e+08 -11.0 9.05e-02    -  1.00e+00 1.25e-01h  4
 974  3.7060698e+02 1.34e-02 9.66e+07 -11.0 8.13e-02    -  1.00e+00 2.50e-01h  3
 975  3.7061307e+02 1.18e-02 5.17e+07 -11.0 7.62e-02    -  1.00e+00 5.00e-01h  2
 976  3.7061586e+02 6.78e-03 2.65e+07 -11.0 4.59e-02    -  1.00e+00 5.00e-01h  2
 977  3.7062263e+02 1.85e+00 3.87e+07 -11.0 3.24e-02    -  1.00e+00 1.00e+00w  1
 978  3.7061820e+02 1.77e-01 1.44e+07 -11.0 1.50e-02    -  1.00e+00 1.00e+00w  1
 979  3.7061897e+02 2.89e-02 5.96e+05 -11.0 3.98e-03    -  1.00e+00 1.00e+00w  1
iter    objective    inf_pr   inf_du lg(mu)  ||d||  lg(rg) alpha_du alpha_pr  ls
 980  3.7061959e+02 4.45e-03 2.17e+04 -11.0 1.57e-03    -  1.00e+00 1.00e+00h  1
 981  3.7061956e+02 2.38e-04 6.44e+02 -11.0 1.91e-04    -  1.00e+00 1.00e+00h  1
 982  3.7061898e+02 6.13e-05 9.05e+01 -11.0 2.05e-03  -1.6 1.00e+00 1.00e+00h  1
 983  3.7061899e+02 1.89e-07 9.57e+00 -11.0 1.12e-05  10.2 1.00e+00 1.00e+00h  1
 984  3.7061899e+02 1.75e-08 7.34e+02 -11.0 1.25e-07   9.8 1.00e+00 1.00e+00h  1
 985  3.7061898e+02 7.65e-09 3.14e+02 -11.0 2.20e-05    -  1.00e+00 1.00e+00h  1
 986  3.7061896e+02 7.70e-09 3.14e+02 -11.0 2.19e-05    -  1.00e+00 1.00e+00h  1
 987  3.7061896e+02 1.08e-13 2.16e+01 -11.0 4.59e-09   9.3 1.00e+00 1.00e+00h  1
 988  3.7061514e+02 2.01e-04 9.28e+04 -11.0 3.53e-03    -  1.00e+00 1.00e+00f  1
 989  3.7061513e+02 1.24e-05 3.21e+05 -11.0 6.82e-05   8.8 1.00e+00 1.00e+00h  1
iter    objective    inf_pr   inf_du lg(mu)  ||d||  lg(rg) alpha_du alpha_pr  ls
 990  3.7061524e+02 1.40e-06 3.16e+05 -11.0 2.91e-04    -  1.00e+00 1.00e+00h  1
 991  3.7061521e+02 1.68e-09 4.23e+04 -11.0 1.08e-05    -  1.00e+00 1.00e+00h  1
 992  3.7061446e+02 8.65e-07 7.92e+05 -11.0 1.92e-04    -  1.00e+00 1.00e+00f  1
 993  2.1815290e+02 5.44e+04 7.28e+11 -11.0 1.65e+01    -  1.00e+00 2.50e-01f  3
 994  2.2455768e+02 4.81e+04 6.77e+11 -11.0 3.98e+00    -  1.00e+00 1.25e-01h  4
 995  3.0036331e+02 2.67e+04 4.01e+13 -11.0 3.42e+00    -  1.00e+00 5.00e-01h  2
 996  3.5811323e+02 9.56e+03 3.26e+13 -11.0 5.99e+00    -  1.00e+00 2.50e-01h  3
 997  3.6018637e+02 8.66e+03 2.19e+13 -11.0 7.31e+00    -  1.00e+00 2.50e-01h  3
 998  3.6499170e+02 8.40e+03 2.10e+13 -11.0 7.02e+00    -  1.00e+00 6.25e-02h  5
 999  3.6931697e+02 7.89e+03 1.94e+13 -11.0 8.46e+00    -  1.00e+00 6.25e-02h  5
iter    objective    inf_pr   inf_du lg(mu)  ||d||  lg(rg) alpha_du alpha_pr  ls
1000  3.9607752e+02 2.03e+04 1.84e+13 -11.0 6.38e+00    -  1.00e+00 2.50e-01h  3
1001  5.6546078e+02 9.18e+00 3.03e+10 -11.0 2.68e+00    -  1.00e+00 1.00e+00h  1
1002  4.7977635e+02 2.83e+03 6.64e+13 -11.0 1.84e+00    -  1.00e+00 1.00e+00f  1
1003  4.7976269e+02 1.69e+03 2.71e+13 -11.0 1.47e+00    -  1.00e+00 5.00e-01h  2
1004  4.7988445e+02 1.30e+03 1.15e+13 -11.0 4.86e-01    -  1.00e+00 1.00e+00h  1
1005  4.9227803e+02 8.20e+02 1.31e+13 -11.0 5.74e-01    -  1.00e+00 1.00e+00h  1
1006  4.9854154e+02 7.60e+02 6.56e+12 -11.0 5.52e-01    -  1.00e+00 1.00e+00h  1
1007  4.9765412e+02 7.10e+02 3.09e+12 -11.0 7.17e-01    -  1.00e+00 5.00e-01h  2
1008  4.8254793e+02 2.11e+02 4.54e+11 -11.0 5.48e-01    -  1.00e+00 1.00e+00h  1
1009  4.2280342e+02 1.02e+02 1.20e+04 -11.0 2.76e+00    -  1.00e+00 1.00e+00f  1
iter    objective    inf_pr   inf_du lg(mu)  ||d||  lg(rg) alpha_du alpha_pr  ls
1010  4.1977877e+02 4.78e+01 6.40e+02 -11.0 3.04e+00    -  1.00e+00 1.00e+00f  1
1011  3.2156352e+02 3.55e+03 4.77e+04 -11.0 1.43e+00    -  1.00e+00 1.00e+00f  1
1012  3.2452143e+02 9.78e+02 1.03e+05 -11.0 4.24e-01    -  1.00e+00 1.00e+00h  1
1013  3.1973879e+02 3.80e+02 2.31e+04 -11.0 5.56e-01    -  1.00e+00 1.00e+00h  1
1014  3.1734661e+02 3.99e+02 1.10e+07 -11.0 6.50e-01    -  1.00e+00 1.00e+00h  1
1015  2.8997655e+02 1.81e+02 1.59e+03 -11.0 2.84e+00    -  1.00e+00 1.00e+00f  1
1016  2.6015645e+02 1.42e+02 1.79e+03 -11.0 2.78e+00    -  1.00e+00 1.00e+00f  1
1017  2.2808939e+02 1.67e+02 2.89e+03 -11.0 1.21e+00    -  1.00e+00 1.00e+00h  1
1018  2.2532728e+02 2.05e+02 1.95e+03 -11.0 4.34e+00    -  1.00e+00 5.00e-01h  2
1019  1.9698612e+02 4.68e+02 1.28e+04 -11.0 3.61e+00    -  1.00e+00 1.00e+00f  1
iter    objective    inf_pr   inf_du lg(mu)  ||d||  lg(rg) alpha_du alpha_pr  ls
1020  2.0366110e+02 1.13e+02 2.97e+04 -11.0 2.13e+00    -  1.00e+00 1.00e+00h  1
1021  2.0429483e+02 1.77e+03 5.73e+05 -11.0 1.09e+00    -  1.00e+00 1.00e+00h  1
1022  2.1104970e+02 1.53e+03 4.27e+05 -11.0 1.24e+00    -  1.00e+00 1.25e-01h  4
1023  1.8781008e+02 8.38e+03 3.55e+04 -11.0 4.31e+00    -  1.00e+00 1.00e+00f  1
1024  6.6999204e+01 2.41e+03 1.72e+04 -11.0 4.76e+00    -  1.00e+00 5.00e-01f  2
1025  5.3737740e+01 2.55e+03 1.45e+04 -11.0 3.17e+00    -  1.00e+00 5.00e-01h  2
1026  6.4649185e+01 1.21e+03 8.93e+03 -11.0 3.06e+00    -  1.00e+00 5.00e-01h  2
1027  2.0024554e+04 3.69e+01 1.23e+02 -11.0 4.07e+00    -  1.00e+00 1.00e+00H  1
1028  4.0378559e+02 1.46e-13 1.22e+00 -11.0 6.14e+01    -  1.00e+00 1.00e+00f  1
1029  3.7483573e+02 2.91e-12 5.08e-03 -11.0 6.12e-01    -  1.00e+00 1.00e+00f  1
iter    objective    inf_pr   inf_du lg(mu)  ||d||  lg(rg) alpha_du alpha_pr  ls
1030  3.7483528e+02 1.66e-14 2.26e-04 -11.0 2.54e-03    -  1.00e+00 1.00e+00f  1
1031  3.7483528e+02 8.79e-15 2.26e-04 -11.0 1.89e-04    -  1.00e+00 1.00e+00h  1
1032  3.7483520e+02 1.16e-14 2.96e-03 -11.0 3.91e+03    -  1.00e+00 1.22e-04f 14
1033  3.7483393e+02 7.20e-14 4.65e-03 -11.0 3.60e+00    -  1.00e+00 1.00e+00f  1
1034  3.7482831e+02 1.02e-02 9.88e-03 -11.0 1.72e+01    -  1.00e+00 1.00e+00f  1
1035  3.7481157e+02 1.06e-01 1.72e+05 -11.0 7.78e+01    -  1.00e+00 1.00e+00h  1
1036  3.7460316e+02 1.95e-03 3.01e+07 -11.0 1.38e-01   8.3 1.00e+00 1.00e+00h  1
1037  3.7473807e+02 1.71e-03 2.63e+07 -11.0 9.15e-01    -  1.00e+00 1.25e-01h  4
1038  3.7482313e+02 1.65e-03 2.55e+07 -11.0 8.66e-01    -  1.00e+00 3.12e-02h  6
1039  3.7475268e+02 1.24e-03 1.91e+07 -11.0 2.34e-01    -  1.00e+00 2.50e-01f  3
iter    objective    inf_pr   inf_du lg(mu)  ||d||  lg(rg) alpha_du alpha_pr  ls
1040  3.7475089e+02 1.39e-03 2.08e+07 -11.0 5.05e+02    -  1.00e+00 3.05e-05f 16
1041  3.7458585e+02 1.11e-07 2.76e+04 -11.0 6.02e-03    -  1.00e+00 1.00e+00h  1
1042  3.7457562e+02 5.22e-07 8.23e+03 -11.0 1.48e-03    -  1.00e+00 1.00e+00f  1
1043  3.7456243e+02 4.63e-07 2.72e+04 -11.0 2.57e-03    -  1.00e+00 1.00e+00f  1
1044  3.7450881e+02 9.56e-06 7.57e+04 -11.0 8.83e-03    -  1.00e+00 1.00e+00f  1
1045  3.7439283e+02 2.76e-05 2.78e+05 -11.0 3.02e-02    -  1.00e+00 1.00e+00f  1
1046  3.3787191e+02 1.27e-01 1.02e+08 -11.0 5.13e+00    -  1.00e+00 1.00e+00f  1
1047  3.7443905e+02 5.44e-02 3.37e+07 -11.0 2.43e+00    -  1.00e+00 1.00e+00H  1
1048  3.7452742e+02 5.40e-02 3.70e+07 -11.0 2.39e+00    -  1.00e+00 7.81e-03h  8
1049  3.7456535e+02 5.40e-02 5.39e+07 -11.0 6.26e+00    -  1.00e+00 7.81e-03h  8
iter    objective    inf_pr   inf_du lg(mu)  ||d||  lg(rg) alpha_du alpha_pr  ls
1050  3.7457460e+02 5.40e-02 6.04e+07 -11.0 1.92e+01    -  1.00e+00 9.77e-04h 11
1051  3.7337694e+02 5.28e-02 1.27e+04 -11.0 5.47e-01    -  1.00e+00 1.00e+00f  1
1052  3.7452818e+02 1.72e-02 1.16e+04 -11.0 3.19e-01    -  1.00e+00 1.00e+00h  1
1053  3.7257304e+02 7.16e-02 5.63e+04 -11.0 4.23e+01    -  1.00e+00 7.81e-03f  8
1054  3.5825146e+02 7.86e-02 6.84e+04 -11.0 1.01e+00    -  1.00e+00 1.00e+00f  1
1055  3.3207874e+02 1.15e+00 1.62e+05 -11.0 2.27e+00    -  1.00e+00 1.00e+00f  1
1056  3.3653170e+02 8.43e-01 3.60e+05 -11.0 1.36e+00    -  1.00e+00 2.50e-01h  3
1057  3.3403687e+02 5.24e-01 3.09e+06 -11.0 3.10e+00    -  1.00e+00 2.50e-01f  3
1058  3.3784286e+02 4.55e-01 2.42e+06 -11.0 1.07e+00    -  1.00e+00 1.25e-01h  4
1059  3.3787048e+02 4.54e-01 2.42e+06 -11.0 9.55e-01    -  1.00e+00 9.77e-04h 11
iter    objective    inf_pr   inf_du lg(mu)  ||d||  lg(rg) alpha_du alpha_pr  ls
1060  3.3787134e+02 4.54e-01 2.42e+06 -11.0 9.55e-01    -  1.00e+00 3.05e-05h 16
1061  3.1909236e+02 1.78e+00 3.27e+05 -11.0 2.30e+00    -  1.00e+00 1.00e+00f  1
1062  3.2823775e+02 6.00e-01 3.97e+04 -11.0 1.55e+00    -  1.00e+00 1.00e+00h  1
1063  3.3427732e+02 1.67e-01 3.90e+03 -11.0 3.64e-01    -  1.00e+00 1.00e+00h  1
1064  3.3234969e+02 1.78e-01 3.29e+03 -11.0 3.90e-01    -  1.00e+00 1.00e+00H  1
1065  3.2469285e+02 1.19e-01 3.33e+03 -11.0 2.97e-01    -  1.00e+00 1.00e+00f  1
1066  3.2180175e+02 2.22e-01 1.07e+04 -11.0 4.21e-01    -  1.00e+00 1.00e+00H  1
1067  3.2393591e+02 1.92e-01 1.91e+04 -11.0 6.78e-01    -  1.00e+00 1.25e-01h  4
1068  2.8868397e+02 5.58e+00 5.37e+01 -11.0 6.90e+00    -  1.00e+00 1.00e+00f  1
1069  2.4984954e+02 2.73e+00 4.80e+02 -11.0 6.95e+00    -  1.00e+00 5.00e-01f  2
iter    objective    inf_pr   inf_du lg(mu)  ||d||  lg(rg) alpha_du alpha_pr  ls
1070  2.9282205e+02 1.45e+00 2.67e+01 -11.0 3.45e+00    -  1.00e+00 5.00e-01h  2
1071  3.0893660e+02 1.09e+00 3.76e+01 -11.0 1.89e+00    -  1.00e+00 2.50e-01h  3
1072  3.1557728e+02 9.36e-01 2.47e+03 -11.0 2.60e+00    -  1.00e+00 1.25e-01h  4
1073  3.1876218e+02 8.77e-01 2.13e+03 -11.0 1.10e+00    -  1.00e+00 6.25e-02h  5
1074  3.2036687e+02 8.50e-01 1.95e+03 -11.0 1.00e+00    -  1.00e+00 3.12e-02h  6
1075  3.2114835e+02 8.37e-01 1.81e+03 -11.0 1.39e+00    -  1.00e+00 1.56e-02h  7
1076  3.2153561e+02 8.30e-01 1.76e+03 -11.0 1.36e+00    -  1.00e+00 7.81e-03h  8
1077  3.2172822e+02 8.27e-01 1.74e+03 -11.0 1.32e+00    -  1.00e+00 3.91e-03h  9
1078  3.8582267e+02 1.13e-01 5.83e+01 -11.0 1.30e+00    -  1.00e+00 1.00e+00h  1
1079  3.8429322e+02 5.30e-02 3.86e+01 -11.0 9.32e-01    -  1.00e+00 1.00e+00f  1
iter    objective    inf_pr   inf_du lg(mu)  ||d||  lg(rg) alpha_du alpha_pr  ls
1080  3.7450447e+02 8.48e-03 1.65e+02 -11.0 5.74e-01    -  1.00e+00 1.00e+00f  1
1081  3.7360334e+02 2.31e-02 3.70e+02 -11.0 6.97e-01    -  1.00e+00 5.00e-01f  2
1082  3.7272099e+02 5.37e-02 4.88e+03 -11.0 6.37e-01    -  1.00e+00 2.50e-01f  3
1083  3.6724450e+02 1.94e-02 3.37e+02 -11.0 1.45e-01    -  1.00e+00 1.00e+00f  1
1084  3.7222545e+02 4.63e-02 1.56e+03 -11.0 2.33e-01    -  1.00e+00 1.00e+00H  1
1085  3.7199023e+02 6.55e-02 2.17e+02 -11.0 2.12e-01    -  1.00e+00 1.00e+00f  1
1086  3.7043304e+02 5.01e-02 3.68e+02 -11.0 6.05e-01    -  1.00e+00 2.50e-01f  3
1087  3.7049236e+02 4.34e-02 3.36e+02 -11.0 4.67e-01    -  1.00e+00 1.25e-01h  4
1088  3.7126866e+02 1.68e-02 3.42e+01 -11.0 1.77e-01    -  1.00e+00 1.00e+00h  1
1089  3.7105824e+02 3.41e-03 2.71e+01 -11.0 1.32e-01    -  1.00e+00 1.00e+00f  1
iter    objective    inf_pr   inf_du lg(mu)  ||d||  lg(rg) alpha_du alpha_pr  ls
1090  3.7112144e+02 3.53e-04 2.23e+00 -11.0 6.02e-02    -  1.00e+00 1.00e+00h  1
1091  3.7102568e+02 3.83e-04 3.67e+01 -11.0 6.61e-02    -  1.00e+00 1.00e+00f  1
1092  3.7102289e+02 1.64e-04 2.06e+01 -11.0 2.77e-02    -  1.00e+00 1.00e+00h  1
1093  3.7102176e+02 3.81e-04 4.98e+01 -11.0 1.05e-01    -  1.00e+00 5.00e-01h  2
1094  3.7101487e+02 3.02e-03 3.93e+01 -11.0 1.21e-01    -  1.00e+00 1.00e+00h  1
1095  3.7100953e+02 6.13e-03 1.67e+01 -11.0 2.35e-01    -  1.00e+00 1.00e+00h  1
1096  3.7100554e+02 4.00e-03 2.04e+01 -11.0 2.30e-01    -  1.00e+00 2.50e-01h  3
1097  3.7101101e+02 1.72e-03 3.49e+01 -11.0 1.02e-01    -  1.00e+00 5.00e-01h  2
1098  3.7101475e+02 1.44e-03 2.30e+01 -11.0 4.11e-01    -  1.00e+00 2.50e-01h  3
1099  3.7101405e+02 1.86e-03 2.46e+01 -11.0 2.28e-01    -  1.00e+00 1.25e-01h  4
iter    objective    inf_pr   inf_du lg(mu)  ||d||  lg(rg) alpha_du alpha_pr  ls
1100  3.7100780e+02 3.20e-03 3.03e+01 -11.0 8.42e-01    -  1.00e+00 3.12e-02h  6
1101  3.7098000e+02 5.34e-03 2.06e+01 -11.0 6.18e-01    -  1.00e+00 6.25e-02h  5
1102  3.7091883e+02 9.28e-03 5.10e+01 -11.0 1.23e-01    -  1.00e+00 5.00e-01h  2
1103  3.7091376e+02 1.73e-02 5.24e+01 -11.0 1.32e-01    -  1.00e+00 5.00e-01h  2
1104  3.7090796e+02 3.35e-02 1.06e+01 -11.0 1.03e-01    -  1.00e+00 1.00e+00h  1
1105  3.7091391e+02 1.21e-02 2.72e+01 -11.0 6.80e-02    -  1.00e+00 1.00e+00h  1
1106  3.7088925e+02 3.68e-03 3.89e+01 -11.0 5.54e-02    -  1.00e+00 1.00e+00h  1
1107  3.7089070e+02 1.60e-03 1.42e+01 -11.0 5.28e-02    -  1.00e+00 1.00e+00h  1
1108  3.7088707e+02 4.86e-03 7.55e+01 -11.0 2.06e-01    -  1.00e+00 1.00e+00H  1
1109  3.7085350e+02 1.58e-02 9.05e+01 -11.0 2.68e-01    -  1.00e+00 1.00e+00H  1
iter    objective    inf_pr   inf_du lg(mu)  ||d||  lg(rg) alpha_du alpha_pr  ls
1110  3.7084455e+02 1.43e-02 7.48e+01 -11.0 3.18e-01    -  1.00e+00 1.25e-01h  4
1111  3.7083518e+02 1.08e-02 1.61e+02 -11.0 1.69e-01    -  1.00e+00 1.00e+00h  1
1112  3.7082595e+02 3.23e-03 1.26e+01 -11.0 6.54e-02    -  1.00e+00 1.00e+00h  1
1113  3.7081723e+02 7.66e-03 3.34e+01 -11.0 1.24e-01    -  1.00e+00 1.00e+00h  1
1114  3.7080153e+02 2.51e-03 2.57e+01 -11.0 4.48e-02    -  1.00e+00 1.00e+00h  1
1115  3.7078883e+02 2.45e-03 2.28e+01 -11.0 7.41e-02    -  1.00e+00 1.00e+00h  1
1116  3.7078863e+02 2.36e-02 3.86e+01 -11.0 1.93e-01    -  1.00e+00 1.00e+00h  1
1117  3.7075949e+02 1.62e-02 3.30e+01 -11.0 5.17e-01    -  1.00e+00 2.50e-01h  3
1118  3.7071907e+02 7.45e-03 5.02e+02 -11.0 2.00e-01    -  1.00e+00 1.00e+00H  1
1119  3.4998100e+02 1.15e-01 5.38e+01 -11.0 5.00e+00    -  1.00e+00 5.00e-01f  2
iter    objective    inf_pr   inf_du lg(mu)  ||d||  lg(rg) alpha_du alpha_pr  ls
1120  3.5460832e+02 8.62e-02 4.02e+01 -11.0 2.16e+00    -  1.00e+00 2.50e-01h  3
1121  3.5906301e+02 6.46e-02 3.02e+01 -11.0 1.50e+00    -  1.00e+00 2.50e-01h  3
1122  3.5984911e+02 6.05e-02 2.82e+01 -11.0 1.19e+00    -  1.00e+00 6.25e-02h  5
1123  3.6625819e+02 2.85e-02 1.44e+01 -11.0 1.05e+00    -  1.00e+00 5.00e-01h  2
1124  3.7491024e+02 2.92e-14 6.38e-02 -11.0 4.44e-01    -  1.00e+00 1.00e+00h  1
1125  3.7485375e+02 1.98e-11 5.47e-02 -11.0 6.72e-02    -  1.00e+00 1.00e+00f  1
1126  3.7481113e+02 1.09e-12 2.79e-05 -11.0 3.49e-02    -  1.00e+00 1.00e+00f  1
1127  3.7481113e+02 5.37e-13 2.79e-05 -11.0 1.62e-05    -  1.00e+00 1.00e+00h  1
1128  3.7481113e+02 7.25e-15 2.79e-05 -11.0 5.12e-05    -  1.00e+00 1.00e+00h  1
1129  3.7481113e+02 1.95e-14 3.58e-05 -11.0 8.24e-04    -  1.00e+00 1.00e+00h  1
iter    objective    inf_pr   inf_du lg(mu)  ||d||  lg(rg) alpha_du alpha_pr  ls
1130  3.7481113e+02 7.26e-15 1.91e-04 -11.0 1.32e-02    -  1.00e+00 5.00e-01h  2
1131  3.7481113e+02 2.61e-15 9.82e-05 -11.0 7.80e-03    -  1.00e+00 1.00e+00f  1
1132  3.7481112e+02 1.60e-14 2.08e-04 -11.0 5.79e-02    -  1.00e+00 1.00e+00f  1
1133  3.7481112e+02 1.69e-14 6.07e-04 -11.0 6.07e-01    -  1.00e+00 2.50e-01f  3
1134  3.7481094e+02 4.07e-07 1.04e-02 -11.0 3.23e+00    -  1.00e+00 1.00e+00f  1
1135  3.7480914e+02 7.29e-06 5.83e+04 -11.0 2.19e+01    -  1.00e+00 1.25e-01f  4
1136  3.7480914e+02 7.29e-06 5.83e+04 -11.0 3.14e+01    -  1.00e+00 4.88e-04h 12
1137  3.7481108e+02 3.42e-07 1.06e+01 -11.0 9.15e-01    -  1.00e+00 1.00e+00h  1

Number of Iterations....: 1137

                                   (scaled)                 (unscaled)
Objective...............:   3.7481108358594855e+02    3.7481108358594855e+02
Dual infeasibility......:   1.0613104506688343e+01    1.0613104506688343e+01
Constraint violation....:   3.4244443745945485e-07    3.4244443745945485e-07
Variable bound violation:   0.0000000000000000e+00    0.0000000000000000e+00
Complementarity.........:   0.0000000000000000e+00    0.0000000000000000e+00
Overall NLP error.......:   3.4244443745945485e-07    1.0613104506688343e+01


Number of objective function evaluations             = 3759
Number of objective gradient evaluations             = 1016
Number of equality constraint evaluations            = 3927
Number of inequality constraint evaluations          = 0
Number of equality constraint Jacobian evaluations   = 1140
Number of inequality constraint Jacobian evaluations = 0
Number of Lagrangian Hessian evaluations             = 0
Total seconds in IPOPT                               = 826.156

EXIT: Solved To Acceptable Level.
shapovalova [836s]  loss=375.0
  [final]  nrmse=0.3148  l2=325.2
saved /orcd/home/002/txenakis/projects/BVPsolver/src/../data/runs/run_1sAIHBve/vanderpol_fit.png
saved /orcd/home/002/txenakis/projects/BVPsolver/src/../data/runs/run_1sAIHBve/vanderpol_spectral_fit.png
┌ Warning: Attempting to store StiffNN.var"#14#15"{Float64}.
│ JLD2 only stores functions by name.
│  This may not be useful for anonymous functions.
└ @ JLD2 ~/.julia/packages/JLD2/ADycq/src/data/writing_datatypes.jl:447
saved run → /orcd/home/002/txenakis/projects/BVPsolver/src/../data/runs/run_1sAIHBve
--------------------------------------
Done: Wed Aug 12 12:50:28 EDT 2026
