rober  model=GELU-scaled d=3 tlen=50 profile=fast seed=11  solver=Rodas5  N=188
  derivmatch lr=0.01 iter=170/3400 loss=9.227
  derivmatch lr=0.01 iter=340/3400 loss=7.351
  derivmatch lr=0.01 iter=510/3400 loss=8.189
  derivmatch lr=0.01 iter=680/3400 loss=6.085
  derivmatch lr=0.01 iter=850/3400 loss=5.923
  derivmatch lr=0.01 iter=1020/3400 loss=5.822
  derivmatch lr=0.01 iter=1190/3400 loss=5.713
  derivmatch lr=0.01 iter=1360/3400 loss=5.576
  derivmatch lr=0.01 iter=1530/3400 loss=8.734
  derivmatch lr=0.01 iter=1700/3400 loss=8.378
  derivmatch lr=0.01 iter=1870/3400 loss=8.054
  derivmatch lr=0.01 iter=2040/3400 loss=7.705
  derivmatch lr=0.01 iter=2210/3400 loss=7.207
  derivmatch lr=0.01 iter=2380/3400 loss=5.737
  derivmatch lr=0.01 iter=2550/3400 loss=7.645
  derivmatch lr=0.01 iter=2720/3400 loss=7.051
  derivmatch lr=0.01 iter=2890/3400 loss=5.571
  derivmatch lr=0.01 iter=3060/3400 loss=5.472
  derivmatch lr=0.01 iter=3230/3400 loss=5.286
  derivmatch lr=0.01 iter=3400/3400 loss=5.026
  derivmatch lr=0.01 iter=3400/3400 loss=5.026
  derivmatch lr=0.003 iter=125/2500 loss=4.991
  derivmatch lr=0.003 iter=250/2500 loss=4.929
  derivmatch lr=0.003 iter=375/2500 loss=4.845
  derivmatch lr=0.003 iter=500/2500 loss=4.752
  derivmatch lr=0.003 iter=625/2500 loss=4.66
  derivmatch lr=0.003 iter=750/2500 loss=4.566
  derivmatch lr=0.003 iter=875/2500 loss=7.333
  derivmatch lr=0.003 iter=1000/2500 loss=6.858
  derivmatch lr=0.003 iter=1125/2500 loss=6.763
  derivmatch lr=0.003 iter=1250/2500 loss=6.661
  derivmatch lr=0.003 iter=1375/2500 loss=6.543
  derivmatch lr=0.003 iter=1500/2500 loss=6.392
  derivmatch lr=0.003 iter=1625/2500 loss=6.175
  derivmatch lr=0.003 iter=1750/2500 loss=5.755
  derivmatch lr=0.003 iter=1875/2500 loss=4.532
  derivmatch lr=0.003 iter=2000/2500 loss=4.397
  derivmatch lr=0.003 iter=2125/2500 loss=4.303
  derivmatch lr=0.003 iter=2250/2500 loss=4.243
  derivmatch lr=0.003 iter=2375/2500 loss=6.647
  derivmatch lr=0.003 iter=2500/2500 loss=6.365
  derivmatch lr=0.003 iter=2500/2500 loss=4.213
  derivmatch lr=0.001 iter=125/2500 loss=4.165
  derivmatch lr=0.001 iter=250/2500 loss=4.088
  derivmatch lr=0.001 iter=375/2500 loss=4.342
  derivmatch lr=0.001 iter=500/2500 loss=4.182
  derivmatch lr=0.001 iter=625/2500 loss=4.149
  derivmatch lr=0.001 iter=750/2500 loss=4.124
  derivmatch lr=0.001 iter=875/2500 loss=4.101
  derivmatch lr=0.001 iter=1000/2500 loss=4.079
  derivmatch lr=0.001 iter=1125/2500 loss=4.055
  derivmatch lr=0.001 iter=1250/2500 loss=4.029
  derivmatch lr=0.001 iter=1375/2500 loss=4.002
  derivmatch lr=0.001 iter=1500/2500 loss=3.973
  derivmatch lr=0.001 iter=1625/2500 loss=3.942
  derivmatch lr=0.001 iter=1750/2500 loss=5.362
  derivmatch lr=0.001 iter=1875/2500 loss=5.688
  derivmatch lr=0.001 iter=2000/2500 loss=5.423
  derivmatch lr=0.001 iter=2125/2500 loss=4.723
  derivmatch lr=0.001 iter=2250/2500 loss=4.111
  derivmatch lr=0.001 iter=2375/2500 loss=4.087
  derivmatch lr=0.001 iter=2500/2500 loss=4.068
  derivmatch lr=0.001 iter=2500/2500 loss=3.913
  derivmatch lr=0.0003 iter=80/1600 loss=3.92
  derivmatch lr=0.0003 iter=160/1600 loss=3.907
  derivmatch lr=0.0003 iter=240/1600 loss=3.904
  derivmatch lr=0.0003 iter=320/1600 loss=3.9
  derivmatch lr=0.0003 iter=400/1600 loss=3.896
  derivmatch lr=0.0003 iter=480/1600 loss=3.891
  derivmatch lr=0.0003 iter=560/1600 loss=3.887
  derivmatch lr=0.0003 iter=640/1600 loss=3.882
  derivmatch lr=0.0003 iter=720/1600 loss=3.877
  derivmatch lr=0.0003 iter=800/1600 loss=3.872
  derivmatch lr=0.0003 iter=880/1600 loss=3.867
  derivmatch lr=0.0003 iter=960/1600 loss=3.861
  derivmatch lr=0.0003 iter=1040/1600 loss=3.856
  derivmatch lr=0.0003 iter=1120/1600 loss=3.85
  derivmatch lr=0.0003 iter=1200/1600 loss=3.845
  derivmatch lr=0.0003 iter=1280/1600 loss=3.839
  derivmatch lr=0.0003 iter=1360/1600 loss=3.833
  derivmatch lr=0.0003 iter=1440/1600 loss=3.827
  derivmatch lr=0.0003 iter=1520/1600 loss=3.82
  derivmatch lr=0.0003 iter=1600/1600 loss=3.814
  derivmatch lr=0.0003 iter=1600/1600 loss=3.814
derivative matching [26s]  fitloss=3.81
  [derivative matching]  nrmse=10.89  l2=0.3301

******************************************************************************
This program contains Ipopt, a library for large-scale nonlinear optimization.
 Ipopt is released as open source code under the Eclipse Public License (EPL).
         For more information visit https://github.com/coin-or/Ipopt
******************************************************************************

This is Ipopt version 3.14.19, running with linear solver MUMPS 5.9.0.

Number of nonzeros in equality constraint Jacobian...:    36003
Number of nonzeros in inequality constraint Jacobian.:        0
Number of nonzeros in Lagrangian Hessian.............:        0

Total number of variables............................:      338
                     variables with only lower bounds:        0
                variables with lower and upper bounds:        0
                     variables with only upper bounds:        0
Total number of equality constraints.................:      153
Total number of inequality constraints...............:        0
        inequality constraints with only lower bounds:        0
   inequality constraints with lower and upper bounds:        0
        inequality constraints with only upper bounds:        0

iter    objective    inf_pr   inf_du lg(mu)  ||d||  lg(rg) alpha_du alpha_pr  ls
   0  6.8485582e-03 3.87e-02 5.75e-05   0.0 0.00e+00    -  0.00e+00 0.00e+00   0
   1  7.1544330e-02 1.09e-02 2.60e+00 -11.0 1.01e-01    -  1.00e+00 1.00e+00h  1
   2  1.0136922e-01 5.41e-03 9.83e+00 -11.0 3.77e-02    -  1.00e+00 1.00e+00h  1
   3  9.1556499e-02 2.10e-03 2.20e+00 -11.0 3.11e-02    -  1.00e+00 1.00e+00h  1
   4  4.8509213e-02 5.63e-03 5.50e+00 -11.0 2.74e-01    -  1.00e+00 5.00e-01f  2
   5  4.7006029e-02 8.77e-04 2.85e+00 -11.0 6.94e-02    -  1.00e+00 1.00e+00h  1
   6  3.7528962e-02 3.38e-03 1.58e+00 -11.0 7.52e-02    -  1.00e+00 1.00e+00h  1
   7  4.3272152e-02 3.00e-04 1.08e+00 -11.0 3.27e-02    -  1.00e+00 1.00e+00h  1
   8  4.6063891e-02 5.43e-05 1.12e+00 -11.0 2.01e-02    -  1.00e+00 1.00e+00h  1
   9  4.4179824e-02 6.19e-04 1.47e+00 -11.0 4.59e-02    -  1.00e+00 5.00e-01h  2
iter    objective    inf_pr   inf_du lg(mu)  ||d||  lg(rg) alpha_du alpha_pr  ls
  10  4.2331010e-02 4.40e-04 1.52e+00 -11.0 1.48e-02    -  1.00e+00 1.00e+00h  1
  11  3.4078361e-02 2.17e-03 3.99e+00 -11.0 3.05e+00    -  1.00e+00 3.12e-02f  6
  12  2.8494432e-02 1.96e-03 4.45e+00 -11.0 1.58e-01    -  1.00e+00 5.00e-01h  2
  13  3.1727116e-02 4.39e-04 1.62e+00 -11.0 3.81e-02    -  1.00e+00 1.00e+00h  1
  14  2.6346097e-02 1.07e-04 1.16e+00 -11.0 2.91e-02    -  1.00e+00 1.00e+00h  1
  15  2.3371783e-02 3.44e-04 7.73e-01 -11.0 3.42e-02    -  1.00e+00 1.00e+00h  1
  16  2.2478001e-02 7.95e-03 1.17e+00 -11.0 2.68e-01    -  1.00e+00 1.00e+00h  1
  17  2.1159565e-02 6.19e-03 1.18e+00 -11.0 2.33e-01    -  1.00e+00 2.50e-01h  3
  18  1.8921972e-02 1.63e-03 1.47e+00 -11.0 7.81e-02    -  1.00e+00 1.00e+00h  1
  19  1.3485637e-02 1.22e-03 6.11e+00 -11.0 1.15e-01    -  1.00e+00 1.00e+00h  1
iter    objective    inf_pr   inf_du lg(mu)  ||d||  lg(rg) alpha_du alpha_pr  ls
  20  1.6366258e-02 1.41e-03 7.15e-01 -11.0 9.01e-02    -  1.00e+00 1.00e+00h  1
  21  1.3098931e-02 3.73e-04 3.23e-01 -11.0 6.56e-02    -  1.00e+00 1.00e+00h  1
  22  1.1539004e-02 8.41e-04 3.26e-01 -11.0 5.99e-02    -  1.00e+00 5.00e-01h  2
  23  1.0495884e-02 9.32e-04 4.82e-01 -11.0 4.14e-02    -  1.00e+00 1.00e+00h  1
  24  1.1991181e-02 7.35e-05 1.47e-01 -11.0 3.81e-02    -  1.00e+00 1.00e+00H  1
  25  9.7381457e-03 3.55e-05 3.79e-01 -11.0 2.89e-02    -  1.00e+00 1.00e+00h  1
  26  9.4335053e-03 4.07e-05 5.58e-02 -11.0 2.22e-02    -  1.00e+00 1.00e+00h  1
  27  8.7491870e-03 1.81e-04 1.09e-01 -11.0 2.33e-02    -  1.00e+00 1.00e+00h  1
  28  8.5266737e-03 2.32e-04 2.51e-01 -11.0 1.76e-01    -  1.00e+00 1.25e-01h  4
  29  1.2737499e-02 9.64e-05 6.93e-01 -11.0 6.34e-02    -  1.00e+00 1.00e+00H  1
iter    objective    inf_pr   inf_du lg(mu)  ||d||  lg(rg) alpha_du alpha_pr  ls
  30  8.5514663e-03 6.06e-05 6.04e-01 -11.0 1.44e-02    -  1.00e+00 1.00e+00h  1
  31  7.9204165e-03 4.74e-05 1.55e-01 -11.0 1.70e-02    -  1.00e+00 1.00e+00h  1
  32  7.8743987e-03 5.86e-05 5.23e-02 -11.0 1.77e-02    -  1.00e+00 1.00e+00h  1
  33  7.8576665e-03 1.06e-04 2.12e-02 -11.0 1.25e-02    -  1.00e+00 1.00e+00h  1
  34  7.8000370e-03 2.17e-05 2.11e-02 -11.0 1.03e-02    -  1.00e+00 1.00e+00h  1
  35  7.9337374e-03 6.70e-06 6.62e-02 -11.0 1.75e-02    -  1.00e+00 1.00e+00H  1
  36  7.6802141e-03 1.01e-05 2.08e-02 -11.0 1.09e-02    -  1.00e+00 1.00e+00h  1
  37  7.6373408e-03 4.18e-05 1.01e-02 -11.0 8.72e-03    -  1.00e+00 1.00e+00h  1
  38  7.6180670e-03 3.36e-04 9.03e-02 -11.0 3.55e-01    -  1.00e+00 6.25e-02h  5
  39  7.5471920e-03 3.63e-04 1.31e-01 -11.0 1.15e-01    -  1.00e+00 2.50e-01h  3
iter    objective    inf_pr   inf_du lg(mu)  ||d||  lg(rg) alpha_du alpha_pr  ls
  40  7.4199521e-03 2.94e-04 9.64e-02 -11.0 1.38e-01    -  1.00e+00 2.50e-01h  3
  41  7.3984622e-03 3.32e-04 1.27e-01 -11.0 1.11e-01    -  1.00e+00 2.50e-01h  3
  42  7.4976871e-03 1.80e-04 1.04e-01 -11.0 2.94e-02    -  1.00e+00 5.00e-01h  2
  43  7.3426045e-03 3.85e-05 6.37e-02 -11.0 1.61e-02    -  1.00e+00 1.00e+00h  1
  44  7.9420233e-03 8.79e-06 1.55e-02 -11.0 2.44e-02    -  1.00e+00 1.00e+00H  1
  45  7.2865111e-03 1.18e-04 3.57e-02 -11.0 2.19e-02    -  1.00e+00 1.00e+00h  1
  46  7.2902688e-03 1.12e-05 3.99e-03 -11.0 7.42e-03    -  1.00e+00 1.00e+00h  1
  47  7.2633561e-03 4.66e-04 1.83e-02 -11.0 3.43e-02    -  1.00e+00 1.00e+00h  1
  48  7.2636727e-03 4.34e-04 1.51e-02 -11.0 4.04e-02    -  1.00e+00 1.25e-01h  4
  49  7.2420726e-03 1.47e-04 9.16e-03 -11.0 2.10e-02    -  1.00e+00 1.00e+00h  1
iter    objective    inf_pr   inf_du lg(mu)  ||d||  lg(rg) alpha_du alpha_pr  ls
  50  7.2403274e-03 1.35e-04 1.02e-02 -11.0 1.89e-02    -  1.00e+00 1.25e-01h  4
  51  7.2347980e-03 7.60e-06 4.14e-03 -11.0 5.61e-03    -  1.00e+00 1.00e+00h  1
  52  7.2252498e-03 1.31e-05 5.97e-03 -11.0 1.61e-01    -  1.00e+00 6.25e-02h  5
  53  7.1974303e-03 2.47e-05 6.14e-03 -11.0 1.56e-01    -  1.00e+00 2.50e-01h  3
  54  7.1935943e-03 4.90e-05 1.01e-02 -11.0 6.48e-01    -  1.00e+00 3.12e-02h  6
  55  7.1894923e-03 6.21e-05 6.63e-02 -11.0 9.65e-02    -  1.00e+00 1.00e+00H  1
  56  7.1635493e-03 1.39e-04 9.53e-02 -11.0 1.97e+00    -  1.00e+00 1.56e-02h  7
  57  7.1399275e-03 2.40e-04 1.33e-01 -11.0 4.40e-01    -  1.00e+00 6.25e-02h  5
  58  7.1295093e-03 2.28e-04 1.26e-01 -11.0 2.21e-01    -  1.00e+00 6.25e-02h  5
  59  7.1253629e-03 2.08e-04 1.18e-01 -11.0 8.93e-02    -  1.00e+00 1.25e-01h  4
iter    objective    inf_pr   inf_du lg(mu)  ||d||  lg(rg) alpha_du alpha_pr  ls
  60  7.2751868e-03 1.75e-07 3.33e-02 -11.0 3.14e-02    -  1.00e+00 1.00e+00H  1
  61  7.9636732e-03 1.14e-07 6.13e-02 -11.0 7.08e-02    -  1.00e+00 1.00e+00H  1
  62  7.9034401e-03 2.50e-07 5.88e-02 -11.0 1.07e-01    -  1.00e+00 3.12e-02h  6
  63  7.5904431e-03 1.16e-06 5.14e-02 -11.0 5.13e-02    -  1.00e+00 1.00e+00H  1
  64  7.5477972e-03 1.13e-06 5.05e-02 -11.0 5.65e-02    -  1.00e+00 1.56e-02h  7
  65  7.0811393e-03 4.38e-05 1.43e-02 -11.0 1.85e-02    -  1.00e+00 1.00e+00h  1
  66  7.0755699e-03 5.42e-06 2.02e-03 -11.0 2.37e-03    -  1.00e+00 1.00e+00h  1
  67  7.0734366e-03 7.63e-06 3.18e-03 -11.0 1.51e-02    -  1.00e+00 2.50e-01h  3
  68  7.0576512e-03 2.48e-05 3.49e-03 -11.0 9.07e-03    -  1.00e+00 1.00e+00h  1
  69  7.0566934e-03 1.39e-05 2.42e-03 -11.0 1.32e-02    -  1.00e+00 5.00e-01h  2
iter    objective    inf_pr   inf_du lg(mu)  ||d||  lg(rg) alpha_du alpha_pr  ls
  70  7.0611769e-03 6.26e-07 3.33e-03 -11.0 1.16e-02    -  1.00e+00 1.00e+00H  1
  71  7.0445011e-03 3.89e-06 9.82e-03 -11.0 1.23e-02    -  1.00e+00 1.00e+00h  1
  72  7.1324386e-03 2.65e-07 2.67e-02 -11.0 1.03e-02    -  1.00e+00 1.00e+00H  1
  73  7.0273315e-03 5.01e-06 9.25e-03 -11.0 9.45e-03    -  1.00e+00 1.00e+00h  1
  74  7.0238133e-03 4.75e-06 6.94e-04 -11.0 7.59e-03    -  1.00e+00 1.00e+00h  1
  75  7.0173551e-03 3.74e-05 2.59e-03 -11.0 2.19e-01    -  1.00e+00 6.25e-02h  5
  76  7.0131474e-03 5.50e-05 4.74e-03 -11.0 7.10e-01    -  1.00e+00 1.56e-02h  7
  77  7.0092495e-03 8.08e-05 5.94e-03 -11.0 1.05e-01    -  1.00e+00 2.50e-01h  3
  78  7.0057982e-03 8.29e-05 6.34e-03 -11.0 3.35e-01    -  1.00e+00 3.12e-02h  6
  79  6.9866664e-03 4.17e-04 8.18e-03 -11.0 1.09e-01    -  1.00e+00 1.00e+00h  1
iter    objective    inf_pr   inf_du lg(mu)  ||d||  lg(rg) alpha_du alpha_pr  ls
  80  6.9828153e-03 4.28e-04 1.20e-02 -11.0 2.82e+00    -  1.00e+00 1.56e-02h  7
  81  6.9656709e-03 4.33e-04 2.39e-02 -11.0 1.48e+00    -  1.00e+00 6.25e-02h  5
  82  6.9575314e-03 4.35e-04 2.77e-02 -11.0 2.31e+00    -  1.00e+00 7.81e-03h  8
  83  6.9576872e-03 4.22e-04 2.87e-02 -11.0 4.08e-01    -  1.00e+00 3.12e-02h  6
  84  6.9286836e-03 1.28e-05 1.47e-02 -11.0 3.62e-02    -  1.00e+00 1.00e+00h  1
  85  6.9254193e-03 1.32e-05 1.58e-02 -11.0 3.19e-01    -  1.00e+00 3.12e-02h  6
  86  7.1003579e-03 1.31e-07 4.32e-03 -11.0 3.70e-02    -  1.00e+00 1.00e+00H  1
  87  7.0965843e-03 1.05e-07 4.29e-03 -11.0 1.99e-01    -  1.00e+00 7.81e-03h  8
  88  7.0951805e-03 1.05e-07 4.29e-03 -11.0 1.00e+00    -  1.00e+00 4.88e-04h 12
  89  7.0902848e-03 4.53e-08 4.25e-03 -11.0 5.05e-02    -  1.00e+00 7.81e-03h  8
iter    objective    inf_pr   inf_du lg(mu)  ||d||  lg(rg) alpha_du alpha_pr  ls
  90  7.0302688e-03 2.10e-06 3.32e-02 -11.0 2.37e-02    -  1.00e+00 1.00e+00H  1
  91  7.8672480e-03 2.26e-08 1.23e-02 -11.0 2.13e-02    -  1.00e+00 1.00e+00H  1
  92  6.9301617e-03 5.16e-05 2.94e-02 -11.0 2.18e-02    -  1.00e+00 1.00e+00f  1
  93  6.9243009e-03 6.18e-06 2.59e-03 -11.0 4.80e-03    -  1.00e+00 1.00e+00h  1
  94  6.9749360e-03 1.80e-06 5.18e-03 -11.0 1.86e-02    -  1.00e+00 1.00e+00H  1
  95  6.9209206e-03 1.10e-05 1.84e-03 -11.0 1.25e-02    -  1.00e+00 1.00e+00h  1
  96  6.9220207e-03 2.47e-07 5.27e-04 -11.0 2.50e-03    -  1.00e+00 1.00e+00h  1
  97  6.9178110e-03 9.84e-07 5.43e-04 -11.0 4.76e-03    -  1.00e+00 1.00e+00h  1
  98  7.6633543e-03 1.59e-07 9.06e-03 -11.0 5.20e-02    -  1.00e+00 1.00e+00H  1
  99  6.9268373e-03 2.70e-07 1.83e-02 -11.0 3.76e-02    -  1.00e+00 1.00e+00F  1
iter    objective    inf_pr   inf_du lg(mu)  ||d||  lg(rg) alpha_du alpha_pr  ls
 100  7.2356222e-03 8.05e-08 7.56e-03 -11.0 1.48e-02    -  1.00e+00 1.00e+00H  1
 101  6.9125547e-03 8.13e-06 8.43e-03 -11.0 5.86e-03    -  1.00e+00 1.00e+00h  1
 102  6.9106202e-03 6.79e-07 8.92e-04 -11.0 3.14e-03    -  1.00e+00 1.00e+00h  1
 103  6.9049104e-03 1.35e-05 9.98e-04 -11.0 1.55e-02    -  1.00e+00 1.00e+00h  1
 104  6.9036279e-03 1.06e-04 2.66e-03 -11.0 1.31e+00    -  1.00e+00 3.12e-02h  6
 105  6.9028583e-03 1.08e-04 2.65e-03 -11.0 6.95e-01    -  1.00e+00 7.81e-03h  8
 106  6.9003559e-03 1.08e-04 2.41e-03 -11.0 1.33e-01    -  1.00e+00 6.25e-02h  5
 107  6.8928954e-03 1.14e-04 3.03e-03 -11.0 1.86e-01    -  1.00e+00 6.25e-02h  5
 108  6.9689329e-03 3.56e-07 5.96e-03 -11.0 5.53e-02    -  1.00e+00 1.00e+00H  1
 109  6.9680210e-03 4.30e-07 5.98e-03 -11.0 9.62e-01    -  1.00e+00 9.77e-04h 11
iter    objective    inf_pr   inf_du lg(mu)  ||d||  lg(rg) alpha_du alpha_pr  ls
 110  6.9665399e-03 5.68e-07 5.62e-03 -11.0 3.30e-01    -  1.00e+00 3.91e-03h  9
 111  6.8556213e-03 5.99e-04 2.08e-03 -11.0 8.06e-02    -  1.00e+00 1.00e+00h  1
 112  6.8552692e-03 6.03e-04 1.54e-03 -11.0 3.58e-01    -  1.00e+00 3.12e-02h  6
 113  6.8532201e-03 6.04e-04 1.36e-03 -11.0 3.45e-01    -  1.00e+00 3.12e-02h  6
 114  6.8672471e-03 6.10e-04 1.69e-03 -11.0 1.78e-01    -  1.00e+00 6.25e-02h  5
 115  6.8704694e-03 1.46e-04 5.76e-03 -11.0 6.86e-02    -  1.00e+00 1.00e+00h  1
 116  6.8512720e-03 3.12e-04 3.86e-03 -11.0 7.49e-01    -  1.00e+00 1.56e-02h  7
 117  6.8344953e-03 1.02e-04 1.81e-03 -11.0 2.60e-02    -  1.00e+00 1.00e+00h  1
 118  6.8360026e-03 9.90e-05 2.31e-03 -11.0 1.49e-01    -  1.00e+00 3.12e-02h  6
 119  6.8291658e-03 1.54e-04 3.22e-03 -11.0 2.06e-02    -  1.00e+00 1.00e+00h  1
iter    objective    inf_pr   inf_du lg(mu)  ||d||  lg(rg) alpha_du alpha_pr  ls
 120  6.8269764e-03 1.57e-04 3.75e-03 -11.0 2.25e-01    -  1.00e+00 1.56e-02h  7
 121  6.8235168e-03 1.45e-04 3.94e-03 -11.0 1.28e-01    -  1.00e+00 1.25e-01h  4
 122  6.8170548e-03 1.63e-04 4.71e-03 -11.0 1.12e+00    -  1.00e+00 3.12e-02h  6
 123  6.8145335e-03 2.04e-04 5.97e-03 -11.0 3.39e+00    -  1.00e+00 7.81e-03h  8
 124  6.8123156e-03 2.18e-04 6.79e-03 -11.0 3.03e-01    -  1.00e+00 1.56e-02h  7
 125  6.8023675e-03 7.06e-04 1.10e-02 -11.0 2.27e-01    -  1.00e+00 1.25e-01h  4
 126  6.8002904e-03 7.04e-04 1.14e-02 -11.0 3.02e-01    -  1.00e+00 1.56e-02h  7
 127  6.8060740e-03 6.17e-04 1.06e-02 -11.0 2.70e-02    -  1.00e+00 1.25e-01h  4
 128  6.7980927e-03 2.35e-04 3.25e-03 -11.0 2.40e-02    -  1.00e+00 1.00e+00h  1
 129  6.7955670e-03 2.41e-04 4.13e-03 -11.0 2.86e-01    -  1.00e+00 1.56e-02h  7
iter    objective    inf_pr   inf_du lg(mu)  ||d||  lg(rg) alpha_du alpha_pr  ls
 130  6.8050489e-03 1.90e-04 4.72e-03 -11.0 2.24e-02    -  1.00e+00 2.50e-01h  3
 131  6.7910563e-03 3.62e-05 1.23e-03 -11.0 9.30e-03    -  1.00e+00 1.00e+00h  1
 132  6.7906105e-03 3.95e-05 1.55e-03 -11.0 7.95e-02    -  1.00e+00 3.12e-02h  6
 133  6.7880365e-03 3.52e-06 1.24e-03 -11.0 7.31e-03    -  1.00e+00 1.00e+00h  1
 134  6.7877755e-03 2.38e-05 2.47e-03 -11.0 1.09e-01    -  1.00e+00 1.25e-01h  4
 135  6.7867050e-03 2.36e-05 2.50e-03 -11.0 1.15e-01    -  1.00e+00 3.12e-02h  6
 136  6.8769888e-03 2.58e-05 4.32e-03 -11.0 1.48e-02    -  1.00e+00 1.00e+00h  1
 137  6.8147510e-03 5.70e-05 2.00e-03 -11.0 1.04e-02    -  1.00e+00 1.00e+00h  1
 138  6.9001774e-03 3.01e-06 4.71e-03 -11.0 1.82e-02    -  1.00e+00 1.00e+00H  1
 139  6.8848908e-03 1.68e-05 3.50e-03 -11.0 1.52e-02    -  1.00e+00 1.00e+00h  1
iter    objective    inf_pr   inf_du lg(mu)  ||d||  lg(rg) alpha_du alpha_pr  ls
 140  7.2406551e-03 1.68e-08 8.09e-03 -11.0 1.55e-02    -  1.00e+00 1.00e+00H  1
 141  6.7872202e-03 3.29e-05 1.92e-02 -11.0 1.79e-02    -  1.00e+00 1.00e+00f  1
 142  6.8438670e-03 4.77e-06 3.93e-03 -11.0 4.79e-03    -  1.00e+00 1.00e+00h  1
 143  6.7781891e-03 2.03e-06 1.44e-03 -11.0 3.99e-03    -  1.00e+00 1.00e+00h  1
 144  6.7780256e-03 3.73e-09 8.54e-05 -11.0 1.57e-04    -  1.00e+00 1.00e+00h  1
 145  6.7804284e-03 2.38e-09 6.64e-04 -11.0 4.34e-03    -  1.00e+00 1.00e+00H  1
 146  6.7801438e-03 1.26e-08 6.61e-04 -11.0 1.50e-02    -  1.00e+00 1.56e-02h  7
 147  6.7799407e-03 1.79e-08 6.46e-04 -11.0 3.57e-02    -  1.00e+00 3.91e-03h  9
 148  6.7771016e-03 1.31e-05 1.41e-03 -11.0 6.00e-02    -  1.00e+00 1.25e-01h  4
 149  6.7756366e-03 1.26e-05 1.75e-03 -11.0 2.91e-02    -  1.00e+00 1.25e-01h  4
iter    objective    inf_pr   inf_du lg(mu)  ||d||  lg(rg) alpha_du alpha_pr  ls
 150  6.8369518e-03 1.68e-09 3.08e-03 -11.0 1.79e-02    -  1.00e+00 1.00e+00H  1
 151  6.8368402e-03 1.69e-09 3.07e-03 -11.0 2.78e-02    -  1.00e+00 4.88e-04h 12
 152  6.8366466e-03 1.70e-09 3.07e-03 -11.0 3.36e-02    -  1.00e+00 9.77e-04h 11
 153  6.8366200e-03 1.71e-09 3.07e-03 -11.0 8.74e-02    -  1.00e+00 6.10e-05h 15
 154  6.8365829e-03 1.71e-09 3.07e-03 -11.0 6.58e-02    -  1.00e+00 1.22e-04h 14
 155  6.8358249e-03 5.39e-04 8.15e-03 -11.0 3.27e-01    -  1.00e+00 1.25e-01h  4
 156  6.8302521e-03 5.32e-04 8.34e-03 -11.0 1.78e-01    -  1.00e+00 1.56e-02h  7
 157  6.7721848e-03 3.48e-04 3.09e-03 -11.0 4.32e-02    -  1.00e+00 1.00e+00h  1
 158  6.7709575e-03 3.44e-04 4.09e-03 -11.0 2.71e-01    -  1.00e+00 1.56e-02h  7
 159  6.7643061e-03 2.18e-06 6.56e-04 -11.0 2.76e-03    -  1.00e+00 1.00e+00h  1
iter    objective    inf_pr   inf_du lg(mu)  ||d||  lg(rg) alpha_du alpha_pr  ls
 160  6.7647046e-03 1.38e-06 1.22e-03 -11.0 8.56e-03    -  1.00e+00 1.00e+00H  1
 161  6.7643045e-03 9.86e-06 1.26e-03 -11.0 1.47e-01    -  1.00e+00 3.12e-02h  6
 162  6.7635110e-03 3.13e-05 1.81e-03 -11.0 2.41e-01    -  1.00e+00 3.12e-02h  6
 163  6.7625542e-03 5.97e-05 2.71e-03 -11.0 1.08e+00    -  1.00e+00 7.81e-03h  8
 164  6.7603695e-03 2.03e-04 4.38e-03 -11.0 4.38e+00    -  1.00e+00 3.91e-03h  9
 165  6.7567224e-03 1.77e-03 9.42e-03 -11.0 1.27e+01    -  1.00e+00 3.91e-03h  9
 166  6.7493287e-03 2.24e-03 1.08e-02 -11.0 3.71e+00    -  1.00e+00 7.81e-03h  8
 167  6.7535902e-03 2.17e-03 1.09e-02 -11.0 2.64e-01    -  1.00e+00 3.12e-02h  6
 168  6.7496031e-03 1.14e-03 9.02e-03 -11.0 1.98e-02    -  1.00e+00 5.00e-01h  2
 169  6.7581641e-03 6.12e-04 6.25e-03 -11.0 4.72e-02    -  1.00e+00 5.00e-01h  2
iter    objective    inf_pr   inf_du lg(mu)  ||d||  lg(rg) alpha_du alpha_pr  ls
 170  6.7577230e-03 4.62e-04 3.80e-03 -11.0 2.26e-02    -  1.00e+00 2.50e-01h  3
 171  6.8859482e-03 5.86e-05 6.96e-03 -11.0 3.91e-02    -  1.00e+00 1.00e+00w  1
 172  7.0106276e-03 1.64e-04 8.11e-03 -11.0 2.53e-02    -  1.00e+00 1.00e+00w  1
 173  6.7681164e-03 1.48e-04 7.54e-02 -11.0 2.98e-02    -  1.00e+00 1.00e+00w  1
 174  6.7518655e-03 2.46e-04 3.14e-03 -11.0 1.75e-02    -  1.00e+00 5.00e-01h  1
 175  6.7620593e-03 3.92e-05 1.51e-02 -11.0 1.22e-02    -  1.00e+00 1.00e+00h  1
 176  6.8764409e-03 1.31e-05 2.04e-02 -11.0 1.12e-02    -  1.00e+00 1.00e+00h  1
 177  6.7135430e-03 1.87e-05 1.05e-02 -11.0 8.97e-03    -  1.00e+00 1.00e+00h  1
 178  6.7514414e-03 9.74e-07 2.87e-03 -11.0 3.66e-03    -  1.00e+00 1.00e+00h  1
 179  6.7103758e-03 2.12e-07 1.22e-03 -11.0 2.32e-03    -  1.00e+00 1.00e+00h  1
iter    objective    inf_pr   inf_du lg(mu)  ||d||  lg(rg) alpha_du alpha_pr  ls
 180  6.7098825e-03 2.45e-08 2.41e-04 -11.0 4.97e-04    -  1.00e+00 1.00e+00h  1
 181  6.7085299e-03 2.16e-06 6.27e-04 -11.0 1.36e-01    -  1.00e+00 3.12e-02h  6
 182  6.7067497e-03 5.44e-05 1.70e-03 -11.0 1.61e-01    -  1.00e+00 1.25e-01h  4
 183  6.6986816e-03 7.59e-04 5.60e-03 -11.0 1.71e-01    -  1.00e+00 2.50e-01h  3
 184  6.6910925e-03 1.02e-03 6.21e-03 -11.0 8.58e-01    -  1.00e+00 3.12e-02h  6
 185  6.6902265e-03 1.04e-03 5.61e-03 -11.0 3.64e-01    -  1.00e+00 3.12e-02h  6
 186  6.6623981e-03 1.59e-03 8.73e-03 -11.0 8.58e-01    -  1.00e+00 6.25e-02h  5
 187  6.6205939e-03 2.27e-03 7.29e-03 -11.0 2.96e+00    -  1.00e+00 1.56e-02h  7
 188  6.6334584e-03 2.24e-03 7.69e-03 -11.0 1.04e+00    -  1.00e+00 1.56e-02h  7
 189  6.6413799e-03 2.13e-03 7.85e-03 -11.0 4.86e-01    -  1.00e+00 6.25e-02h  5
iter    objective    inf_pr   inf_du lg(mu)  ||d||  lg(rg) alpha_du alpha_pr  ls
 190  6.6564131e-03 2.00e-03 9.97e-03 -11.0 4.30e-01    -  1.00e+00 6.25e-02h  5
 191  7.0405782e-03 1.60e-03 1.27e-02 -11.0 1.18e-01    -  1.00e+00 1.00e+00w  1
 192  3.2050275e-02 1.25e+01 1.57e+01 -11.0 1.27e+00    -  1.00e+00 1.00e+00w  1
 193  1.7396123e+01 9.92e+02 1.86e+03 -11.0 3.99e+00    -  1.00e+00 1.00e+00w  1
 194  6.6362969e-03 1.52e-03 6.81e-03 -11.0 2.73e+00    -  1.00e+00 2.50e-01h  2
 195  6.6146285e-03 2.30e-04 4.61e-02 -11.0 6.53e-02    -  1.00e+00 1.00e+00h  1
 196  6.6116487e-03 2.33e-04 5.12e-02 -11.0 1.03e+00    -  1.00e+00 7.81e-03h  8
 197  6.6124438e-03 1.13e-04 2.91e-02 -11.0 4.14e-02    -  1.00e+00 5.00e-01h  2
 198  6.6299576e-03 1.01e-04 3.21e-02 -11.0 2.35e-01    -  1.00e+00 6.25e-02h  5
 199  6.6720694e-03 9.11e-05 2.44e-02 -11.0 5.01e-02    -  1.00e+00 2.50e-01h  3
iter    objective    inf_pr   inf_du lg(mu)  ||d||  lg(rg) alpha_du alpha_pr  ls
 200  6.7030408e-03 2.68e-05 1.07e-02 -11.0 1.35e-02    -  1.00e+00 1.00e+00h  1
 201  6.7702763e-03 5.95e-09 8.36e-03 -11.0 2.81e-02    -  1.00e+00 1.00e+00H  1
 202  6.5885419e-03 3.90e-05 2.16e-02 -11.0 2.01e-02    -  1.00e+00 1.00e+00f  1
 203  6.5948744e-03 1.90e-05 4.45e-03 -11.0 1.36e-02    -  1.00e+00 1.00e+00h  1
 204  8.0105408e-03 1.29e-08 1.31e-02 -11.0 4.66e-02    -  1.00e+00 1.00e+00H  1
 205  6.6241109e-03 4.82e-06 4.24e-02 -11.0 3.79e-02    -  1.00e+00 1.00e+00F  1
 206  7.8651446e-03 4.38e-09 1.47e-02 -11.0 2.00e-02    -  1.00e+00 1.00e+00H  1
 207  6.5561318e-03 4.19e-06 3.58e-02 -11.0 1.43e-02    -  1.00e+00 1.00e+00f  1
 208  6.5552959e-03 1.14e-07 4.25e-04 -11.0 1.05e-03    -  1.00e+00 1.00e+00h  1
 209  6.5534038e-03 2.09e-08 3.02e-04 -11.0 3.74e-04    -  1.00e+00 1.00e+00h  1
iter    objective    inf_pr   inf_du lg(mu)  ||d||  lg(rg) alpha_du alpha_pr  ls
 210  6.5526228e-03 8.78e-08 2.70e-04 -11.0 4.38e-04    -  1.00e+00 1.00e+00h  1
 211  6.5506753e-03 2.34e-06 6.15e-04 -11.0 2.41e-03    -  1.00e+00 1.00e+00h  1
 212  6.6180184e-03 3.31e-08 3.15e-03 -11.0 8.54e-03    -  1.00e+00 1.00e+00H  1
 213  6.5495171e-03 2.94e-05 1.18e-03 -11.0 7.35e-03    -  1.00e+00 1.00e+00h  1
 214  6.5495460e-03 1.45e-07 3.86e-04 -11.0 9.71e-04    -  1.00e+00 1.00e+00h  1
 215  6.5488701e-03 1.21e-07 1.84e-04 -11.0 5.01e-04    -  1.00e+00 1.00e+00h  1
 216  6.5483677e-03 5.88e-07 2.13e-04 -11.0 1.10e-03    -  1.00e+00 1.00e+00h  1
 217  6.5475165e-03 4.13e-06 5.79e-04 -11.0 2.20e-02    -  1.00e+00 1.25e-01h  4
 218  6.5623403e-03 1.92e-08 2.18e-03 -11.0 7.71e-03    -  1.00e+00 1.00e+00H  1
 219  6.5538126e-03 6.43e-09 8.90e-04 -11.0 1.89e-03    -  1.00e+00 1.00e+00H  1
iter    objective    inf_pr   inf_du lg(mu)  ||d||  lg(rg) alpha_du alpha_pr  ls
 220  6.5455964e-03 2.22e-06 5.78e-04 -11.0 2.88e-03    -  1.00e+00 1.00e+00h  1
 221  6.5455773e-03 1.03e-06 2.76e-04 -11.0 1.46e-03    -  1.00e+00 1.00e+00h  1
 222  6.5460270e-03 1.08e-07 6.57e-04 -11.0 4.35e-03    -  1.00e+00 1.00e+00H  1
 223  6.5488649e-03 7.40e-08 1.26e-03 -11.0 2.76e-03    -  1.00e+00 1.00e+00H  1
 224  6.5461988e-03 1.31e-08 6.30e-04 -11.0 2.54e-03    -  1.00e+00 1.00e+00H  1
 225  6.5423370e-03 1.51e-06 3.16e-04 -11.0 1.88e-03    -  1.00e+00 1.00e+00h  1
 226  6.5440030e-03 5.99e-07 7.41e-04 -11.0 1.87e-03    -  1.00e+00 1.00e+00h  1
 227  6.5410963e-03 9.03e-07 2.48e-04 -11.0 1.19e-03    -  1.00e+00 1.00e+00h  1
 228  6.5473612e-03 5.28e-09 1.17e-03 -11.0 4.15e-03    -  1.00e+00 1.00e+00H  1
 229  6.5432706e-03 1.99e-07 6.16e-04 -11.0 1.05e-03    -  1.00e+00 1.00e+00h  1
iter    objective    inf_pr   inf_du lg(mu)  ||d||  lg(rg) alpha_du alpha_pr  ls
 230  6.5410053e-03 1.09e-06 4.02e-04 -11.0 1.33e-03    -  1.00e+00 1.00e+00h  1
 231  6.5395183e-03 1.02e-06 1.04e-04 -11.0 1.25e-03    -  1.00e+00 1.00e+00h  1
 232  6.5390511e-03 1.50e-06 1.42e-04 -11.0 1.66e-03    -  1.00e+00 1.00e+00h  1
 233  6.5379581e-03 6.20e-05 8.22e-04 -11.0 6.33e-01    -  1.00e+00 1.56e-02h  7
 234  6.5374302e-03 1.00e-04 1.41e-03 -11.0 5.41e-01    -  1.00e+00 1.56e-02h  7
 235  6.5348814e-03 1.23e-03 2.44e-03 -11.0 3.47e-01    -  1.00e+00 1.25e-01h  4
 236  6.5325867e-03 1.86e-03 2.89e-03 -11.0 4.48e+00    -  1.00e+00 7.81e-03h  8
 237  6.5315020e-03 1.83e-03 2.49e-03 -11.0 4.47e-01    -  1.00e+00 1.56e-02h  7
 238  6.5018201e-03 3.28e-04 7.46e-03 -11.0 1.29e-01    -  1.00e+00 1.00e+00h  1
 239  6.4989442e-03 3.29e-04 7.56e-03 -11.0 3.18e+00    -  1.00e+00 1.95e-03h 10
iter    objective    inf_pr   inf_du lg(mu)  ||d||  lg(rg) alpha_du alpha_pr  ls
 240  6.4902742e-03 2.52e-04 6.28e-03 -11.0 4.56e-02    -  1.00e+00 2.50e-01h  3
 241  6.4904167e-03 2.78e-04 6.85e-03 -11.0 1.84e-01    -  1.00e+00 1.25e-01h  4
 242  6.4746287e-03 8.24e-04 9.94e-03 -11.0 2.17e+00    -  1.00e+00 3.12e-02h  6
 243  6.4241390e-03 3.85e-03 9.90e-03 -11.0 2.57e+00    -  1.00e+00 3.12e-02h  6
 244  6.4725736e-03 3.77e-03 8.43e-03 -11.0 3.37e-01    -  1.00e+00 3.12e-02h  6
 245  6.4457974e-03 2.98e-04 1.59e-02 -11.0 9.10e-02    -  1.00e+00 1.00e+00h  1
 246  6.4264055e-03 4.43e-04 2.02e-02 -11.0 4.31e+00    -  1.00e+00 7.81e-03h  8
 247  6.4205109e-03 4.65e-04 2.15e-02 -11.0 1.45e+00    -  1.00e+00 7.81e-03h  8
 248  6.4131372e-03 7.38e-04 1.52e-02 -11.0 1.87e-01    -  1.00e+00 2.50e-01h  3
 249  6.4121722e-03 7.79e-04 1.46e-02 -11.0 1.32e+00    -  1.00e+00 1.56e-02h  7
iter    objective    inf_pr   inf_du lg(mu)  ||d||  lg(rg) alpha_du alpha_pr  ls
 250  6.4031004e-03 8.43e-04 1.54e-02 -11.0 8.33e-01    -  1.00e+00 3.12e-02h  6
 251  6.3900823e-03 8.42e-04 1.80e-02 -11.0 3.68e-01    -  1.00e+00 6.25e-02h  5
 252  6.4029507e-03 7.91e-04 2.00e-02 -11.0 2.76e-01    -  1.00e+00 6.25e-02h  5
 253  6.4005030e-03 6.20e-04 1.79e-02 -11.0 1.07e-01    -  1.00e+00 2.50e-01h  3
 254  6.3923266e-03 6.11e-04 1.79e-02 -11.0 7.29e-01    -  1.00e+00 1.56e-02h  7
 255  6.3882644e-03 5.92e-04 1.60e-02 -11.0 1.50e-01    -  1.00e+00 2.50e-01h  3
 256  1.7211615e-02 9.89e-03 5.21e-02 -11.0 1.11e-01    -  1.00e+00 1.00e+00w  1
 257  7.2787216e-03 5.00e-03 6.53e-02 -11.0 9.24e-02    -  1.00e+00 1.00e+00w  1
 258  7.9106145e-03 4.84e-04 5.30e-02 -11.0 4.78e-02    -  1.00e+00 1.00e+00w  1
 259  6.4107707e-03 5.70e-04 1.53e-02 -11.0 1.02e-01    -  1.00e+00 6.25e-02h  4
iter    objective    inf_pr   inf_du lg(mu)  ||d||  lg(rg) alpha_du alpha_pr  ls
 260  6.4026916e-03 5.03e-04 1.26e-02 -11.0 7.50e-02    -  1.00e+00 1.25e-01h  4
 261  6.3870157e-03 2.98e-04 5.32e-03 -11.0 3.75e-02    -  1.00e+00 5.00e-01h  2
 262  6.4034022e-03 2.72e-04 5.23e-03 -11.0 6.12e-02    -  1.00e+00 1.25e-01h  4
 263  6.3746220e-03 2.23e-05 2.85e-03 -11.0 1.53e-02    -  1.00e+00 1.00e+00h  1
 264  6.4556711e-03 6.46e-05 5.32e-03 -11.0 1.74e-02    -  1.00e+00 1.00e+00h  1
 265  6.4339080e-03 3.58e-06 7.95e-03 -11.0 2.20e-02    -  1.00e+00 1.00e+00H  1
 266  6.3995910e-03 1.92e-05 6.01e-03 -11.0 3.47e-02    -  1.00e+00 2.50e-01h  3
 267  6.5446179e-03 1.77e-07 3.45e-03 -11.0 2.12e-02    -  1.00e+00 1.00e+00H  1
 268  6.4807857e-03 1.59e-05 3.33e-03 -11.0 5.90e-02    -  1.00e+00 1.25e-01h  4
 269  6.3917136e-03 5.94e-05 1.05e-02 -11.0 4.63e-02    -  1.00e+00 2.50e-01h  3
iter    objective    inf_pr   inf_du lg(mu)  ||d||  lg(rg) alpha_du alpha_pr  ls
 270  6.3812788e-03 6.54e-05 6.84e-03 -11.0 2.93e-02    -  1.00e+00 2.50e-01h  3
 271  6.5056161e-03 7.16e-06 6.75e-03 -11.0 1.80e-02    -  1.00e+00 1.00e+00H  1
 272  6.3666457e-03 2.63e-04 2.63e-03 -11.0 1.96e-02    -  1.00e+00 1.00e+00h  1
 273  6.3604833e-03 2.46e-04 2.59e-03 -11.0 4.88e-02    -  1.00e+00 1.25e-01h  4
 274  6.3663938e-03 3.92e-06 2.58e-03 -11.0 3.09e-03    -  1.00e+00 1.00e+00h  1
 275  6.3474715e-03 2.22e-06 1.28e-03 -11.0 3.13e-03    -  1.00e+00 1.00e+00h  1
 276  6.3478398e-03 2.69e-06 7.10e-04 -11.0 2.39e-03    -  1.00e+00 1.00e+00h  1
 277  6.3486370e-03 1.66e-06 7.15e-04 -11.0 1.66e-03    -  1.00e+00 1.00e+00h  1
 278  6.3465352e-03 2.60e-06 4.30e-04 -11.0 2.29e-03    -  1.00e+00 1.00e+00h  1
 279  6.3472179e-03 3.24e-07 6.99e-04 -11.0 1.37e-03    -  1.00e+00 1.00e+00h  1
iter    objective    inf_pr   inf_du lg(mu)  ||d||  lg(rg) alpha_du alpha_pr  ls
 280  6.3453982e-03 1.72e-06 1.12e-04 -11.0 1.72e-03    -  1.00e+00 1.00e+00h  1
 281  6.3456493e-03 6.53e-08 5.65e-04 -11.0 1.37e-03    -  1.00e+00 1.00e+00h  1
 282  6.3443486e-03 9.51e-06 1.08e-03 -11.0 3.94e-03    -  1.00e+00 1.00e+00h  1
 283  6.3426103e-03 2.11e-05 1.24e-03 -11.0 6.90e-02    -  1.00e+00 6.25e-02h  5
 284  6.3415229e-03 2.89e-05 1.49e-03 -11.0 5.78e-02    -  1.00e+00 6.25e-02h  5
 285  6.3396979e-03 9.84e-06 1.09e-03 -11.0 5.00e-03    -  1.00e+00 1.00e+00h  1
 286  6.3381801e-03 4.14e-05 3.86e-03 -11.0 6.87e-02    -  1.00e+00 2.50e-01h  3
 287  6.3368389e-03 4.99e-05 3.94e-03 -11.0 9.80e-02    -  1.00e+00 6.25e-02h  5
 288  6.3333570e-03 1.81e-04 3.72e-03 -11.0 1.85e-01    -  1.00e+00 6.25e-02h  5
 289  6.3292553e-03 5.84e-04 4.81e-03 -11.0 1.21e+00    -  1.00e+00 1.56e-02h  7
iter    objective    inf_pr   inf_du lg(mu)  ||d||  lg(rg) alpha_du alpha_pr  ls
 290  6.3286241e-03 5.82e-04 5.08e-03 -11.0 2.15e-01    -  1.00e+00 7.81e-03h  8
 291  6.3207356e-03 1.82e-04 2.64e-03 -11.0 2.54e-02    -  1.00e+00 1.00e+00h  1
 292  6.3184049e-03 2.08e-04 3.38e-03 -11.0 4.23e-01    -  1.00e+00 3.12e-02h  6
 293  6.3116179e-03 4.77e-04 3.95e-03 -11.0 7.84e-01    -  1.00e+00 3.12e-02h  6
 294  6.2782857e-03 4.88e-03 7.16e-03 -11.0 3.57e+00    -  1.00e+00 3.12e-02h  6
 295  6.2595479e-03 4.81e-03 7.20e-03 -11.0 5.88e+00    -  1.00e+00 7.81e-03h  8
 296  6.2462375e-03 4.76e-03 7.87e-03 -11.0 1.12e+01    -  1.00e+00 3.91e-03h  9
 297  6.2284188e-03 4.43e-03 5.36e-03 -11.0 1.17e+00    -  1.00e+00 6.25e-02h  5
 298  6.2148890e-03 4.38e-03 5.96e-03 -11.0 1.14e+01    -  1.00e+00 3.91e-03h  9
 299  6.1954910e-03 4.36e-03 7.12e-03 -11.0 1.04e+01    -  1.00e+00 3.91e-03h  9
iter    objective    inf_pr   inf_du lg(mu)  ||d||  lg(rg) alpha_du alpha_pr  ls
 300  6.1849868e-03 4.32e-03 6.92e-03 -11.0 4.50e+00    -  1.00e+00 7.81e-03h  8
 301  6.1789108e-03 4.31e-03 7.25e-03 -11.0 1.75e+01    -  1.00e+00 3.91e-03h  9
 302  7.1535471e-01 5.63e-01 3.95e-01 -11.0 1.79e+01    -  1.00e+00 1.00e+00w  1
 303  2.9710754e+02 1.46e+04 2.89e+08 -11.0 1.11e+02    -  1.00e+00 1.00e+00w  1
 304  1.9936210e+02 6.65e+02 5.39e+08 -11.0 3.16e+01    -  1.00e+00 1.00e+00w  1
 305  6.1572210e-03 4.21e-03 8.91e-03 -11.0 3.17e+01    -  1.00e+00 7.81e-03h  7
 306  6.2079302e-03 2.13e-03 2.27e+03 -11.0 3.48e-02    -  1.00e+00 5.00e-01h  2
 307  6.2446458e-03 1.02e-03 1.36e+03 -11.0 2.33e-01    -  1.00e+00 5.00e-01h  2
 308  6.1869746e-03 5.15e-04 7.18e+02 -11.0 9.88e-02    -  1.00e+00 5.00e-01h  2
 309  6.2330972e-03 2.57e-04 3.72e+02 -11.0 4.64e-02    -  1.00e+00 5.00e-01h  2
iter    objective    inf_pr   inf_du lg(mu)  ||d||  lg(rg) alpha_du alpha_pr  ls
 310  6.1977786e-03 1.24e-04 1.90e+02 -11.0 4.78e-02    -  1.00e+00 5.00e-01h  2
 311  6.2063785e-03 1.10e-06 2.32e-01 -11.0 1.49e-02    -  1.00e+00 1.00e+00h  1
 312  6.1971021e-03 1.25e-06 2.20e-01 -11.0 6.62e-02    -  1.00e+00 3.12e-02h  6
 313  6.1832718e-03 5.09e-07 5.10e-02 -11.0 1.08e-02    -  1.00e+00 1.00e+00h  1
 314  6.5262737e-03 1.56e-07 3.15e-02 -11.0 1.08e-01    -  1.00e+00 1.00e+00H  1
 315  6.5216840e-03 2.72e-07 3.20e-02 -11.0 3.02e+00    -  1.00e+00 1.95e-03h 10
 316  6.5183198e-03 3.57e-07 3.25e-02 -11.0 9.97e+00    -  1.00e+00 4.88e-04h 12
 317  6.5156382e-03 4.01e-07 3.28e-02 -11.0 1.18e+02    -  1.00e+00 3.05e-05h 16
 318  6.5128500e-03 4.43e-07 3.29e-02 -11.0 2.72e+01    -  1.00e+00 1.22e-04h 14
 319  6.5103200e-03 4.83e-07 3.30e-02 -11.0 2.76e+01    -  1.00e+00 1.22e-04h 14
iter    objective    inf_pr   inf_du lg(mu)  ||d||  lg(rg) alpha_du alpha_pr  ls
 320  6.3490007e-03 1.91e-03 9.68e-02 -11.0 5.90e+02    -  1.00e+00 9.77e-04f 11
 321  6.3330760e-03 1.72e-03 8.73e-02 -11.0 1.47e+02    -  1.00e+00 4.88e-04h 12
 322  6.2050430e-03 1.07e-03 4.48e-02 -11.0 5.66e-01    -  1.00e+00 5.00e-01h  2
 323  6.1780485e-03 1.27e-03 5.43e-02 -11.0 9.16e+00    -  1.00e+00 3.91e-03h  9
 324  6.1836491e-03 1.44e-03 4.88e-02 -11.0 4.68e-01    -  1.00e+00 1.25e-01h  4
 325  2.3409117e-02 2.34e-02 7.82e-02 -11.0 4.82e-01    -  1.00e+00 1.00e+00w  1
 326  8.3232627e-02 1.38e+00 2.62e+01 -11.0 2.03e+00    -  1.00e+00 1.00e+00w  1
 327  4.2224320e+00 2.79e+00 2.20e+02 -11.0 1.01e+00    -  1.00e+00 1.00e+00w  1
 328  6.2095118e-03 3.14e-03 4.58e-02 -11.0 2.60e+00    -  1.00e+00 1.25e-01h  3
 329  6.1753280e-03 3.06e-03 4.64e-02 -11.0 4.95e-01    -  1.00e+00 3.12e-02h  6
iter    objective    inf_pr   inf_du lg(mu)  ||d||  lg(rg) alpha_du alpha_pr  ls
 330  6.3068037e-03 2.70e-03 4.29e-02 -11.0 8.67e-02    -  1.00e+00 1.25e-01h  4
 331  6.3271487e-03 2.11e-03 7.26e-02 -11.0 5.40e-02    -  1.00e+00 2.50e-01h  3
 332  6.3381290e-03 1.60e-03 4.36e-02 -11.0 4.50e-02    -  1.00e+00 2.50e-01h  3
 333  6.2866116e-03 1.21e-04 1.03e-01 -11.0 4.74e-02    -  1.00e+00 1.00e+00h  1
 334  6.1299195e-03 1.04e-03 2.33e-01 -11.0 3.22e-02    -  1.00e+00 1.00e+00h  1
 335  6.0789042e-03 1.16e-03 2.20e-01 -11.0 2.06e-01    -  1.00e+00 1.25e-01h  4
 336  6.0760031e-03 1.53e-03 3.60e-01 -11.0 2.56e-01    -  1.00e+00 1.25e-01h  4
 337  6.0175672e-03 1.60e-03 4.38e-01 -11.0 5.19e-01    -  1.00e+00 3.12e-02h  6
 338  5.9557723e-03 1.52e-03 4.47e-01 -11.0 1.15e-01    -  1.00e+00 1.25e-01h  4
 339  5.9204407e-03 1.52e-03 4.67e-01 -11.0 1.81e-01    -  1.00e+00 6.25e-02h  5
iter    objective    inf_pr   inf_du lg(mu)  ||d||  lg(rg) alpha_du alpha_pr  ls
 340  5.8798512e-03 1.43e-03 5.00e-01 -11.0 9.46e-02    -  1.00e+00 2.50e-01h  3
 341  5.8213363e-03 1.00e-03 2.31e-01 -11.0 7.45e-02    -  1.00e+00 5.00e-01h  2
 342  5.8092694e-03 1.14e-03 2.72e-01 -11.0 7.60e-01    -  1.00e+00 1.56e-02h  7
 343  5.8098117e-03 1.10e-03 2.29e-01 -11.0 1.46e-01    -  1.00e+00 1.25e-01h  4
 344  5.8044693e-03 1.14e-03 2.51e-01 -11.0 3.93e+00    -  1.00e+00 1.95e-03h 10
 345  7.1226952e-03 8.67e-03 5.08e-02 -11.0 1.36e-01    -  1.00e+00 1.00e+00w  1
 346  6.6340894e-03 1.66e-03 9.31e-02 -11.0 1.07e-01    -  1.00e+00 1.00e+00w  1
 347  3.5706882e-02 5.68e-02 1.06e+00 -11.0 5.90e-01    -  1.00e+00 1.00e+00w  1
 348  5.8035679e-03 1.10e-03 2.57e-01 -11.0 4.98e-01    -  1.00e+00 6.25e-02h  4
 349  5.7989563e-03 1.10e-03 2.28e-01 -11.0 2.26e-01    -  1.00e+00 6.25e-02h  5
iter    objective    inf_pr   inf_du lg(mu)  ||d||  lg(rg) alpha_du alpha_pr  ls
 350  5.7870514e-03 1.26e-03 2.51e-01 -11.0 7.42e-01    -  1.00e+00 3.12e-02h  6
 351  5.7860705e-03 1.21e-03 2.31e-01 -11.0 1.49e-01    -  1.00e+00 6.25e-02h  5
 352  5.7843062e-03 1.26e-03 2.45e-01 -11.0 8.37e-01    -  1.00e+00 1.56e-02h  7
 353  5.7839979e-03 1.27e-03 2.22e-01 -11.0 2.82e-01    -  1.00e+00 6.25e-02h  5
 354  5.7808764e-03 1.33e-03 2.38e-01 -11.0 9.57e-01    -  1.00e+00 1.56e-02h  7
 355  5.7932694e-03 4.19e-05 2.29e-02 -11.0 3.62e-03    -  1.00e+00 1.00e+00h  1
 356  5.7785101e-03 4.81e-06 1.31e-02 -11.0 2.69e-03    -  1.00e+00 1.00e+00h  1
 357  5.7724981e-03 4.88e-06 5.47e-03 -11.0 2.53e-03    -  1.00e+00 1.00e+00h  1
 358  5.7708992e-03 5.87e-07 2.62e-03 -11.0 1.03e-03    -  1.00e+00 1.00e+00h  1
 359  5.7685470e-03 1.81e-07 5.94e-04 -11.0 4.23e-04    -  1.00e+00 1.00e+00h  1
iter    objective    inf_pr   inf_du lg(mu)  ||d||  lg(rg) alpha_du alpha_pr  ls
 360  5.7676242e-03 6.63e-08 3.22e-04 -11.0 3.87e-04    -  1.00e+00 1.00e+00h  1
 361  5.7579951e-03 5.25e-06 7.96e-04 -11.0 7.84e-03    -  1.00e+00 1.00e+00h  1
 362  5.7579308e-03 4.00e-05 3.67e-03 -11.0 9.00e-02    -  1.00e+00 1.25e-01h  4
 363  5.7569770e-03 3.81e-05 4.16e-03 -11.0 3.93e-02    -  1.00e+00 1.25e-01h  4
 364  5.7389019e-03 2.32e-05 1.91e-03 -11.0 1.57e-02    -  1.00e+00 1.00e+00h  1
 365  5.8447493e-03 1.70e-08 5.16e-03 -11.0 2.07e-02    -  1.00e+00 1.00e+00H  1
 366  5.7385209e-03 4.55e-05 5.10e-02 -11.0 1.15e-02    -  1.00e+00 1.00e+00h  1
 367  5.7253339e-03 3.44e-05 3.77e-02 -11.0 1.28e-02    -  1.00e+00 2.50e-01h  3
 368  5.7196639e-03 3.09e-07 1.76e-03 -11.0 4.96e-03    -  1.00e+00 1.00e+00h  1
 369  5.7964475e-03 6.64e-10 3.97e-03 -11.0 3.61e-02    -  1.00e+00 1.00e+00H  1
iter    objective    inf_pr   inf_du lg(mu)  ||d||  lg(rg) alpha_du alpha_pr  ls
 370  5.7955225e-03 3.44e-09 3.94e-03 -11.0 1.13e-01    -  1.00e+00 3.91e-03h  9
 371  5.7945399e-03 9.47e-09 3.94e-03 -11.0 6.78e-01    -  1.00e+00 4.88e-04h 12
 372  5.7936843e-03 9.17e-09 3.92e-03 -11.0 1.66e-01    -  1.00e+00 9.77e-04h 11
 373  5.7923378e-03 1.16e-08 3.90e-03 -11.0 3.85e-02    -  1.00e+00 3.91e-03h  9
 374  5.7072362e-03 1.66e-05 1.55e-02 -11.0 2.76e-02    -  1.00e+00 1.00e+00h  1
 375  5.7457236e-03 3.25e-05 1.05e-02 -11.0 3.87e-02    -  1.00e+00 2.50e-01h  3
 376  5.7140694e-03 3.70e-05 3.48e-03 -11.0 2.84e-02    -  1.00e+00 1.00e+00h  1
 377  5.7052599e-03 4.35e-05 1.81e-03 -11.0 1.31e-01    -  1.00e+00 6.25e-02h  5
 378  5.7855850e-03 4.07e-05 5.53e-03 -11.0 2.04e-02    -  1.00e+00 5.00e-01h  2
 379  5.6929685e-03 2.13e-05 1.22e-03 -11.0 5.18e-03    -  1.00e+00 1.00e+00h  1
iter    objective    inf_pr   inf_du lg(mu)  ||d||  lg(rg) alpha_du alpha_pr  ls
 380  5.6934388e-03 5.40e-07 1.29e-03 -11.0 1.32e-03    -  1.00e+00 1.00e+00h  1
 381  5.6893187e-03 2.01e-07 2.73e-04 -11.0 4.91e-04    -  1.00e+00 1.00e+00h  1
 382  5.6886877e-03 9.56e-09 2.88e-04 -11.0 1.32e-03    -  1.00e+00 1.00e+00h  1
 383  5.6878260e-03 1.01e-06 3.88e-04 -11.0 5.36e-02    -  1.00e+00 3.12e-02h  6
 384  5.6981921e-03 1.52e-07 1.14e-03 -11.0 1.22e-02    -  1.00e+00 1.00e+00H  1
 385  5.6777061e-03 1.10e-04 1.40e-02 -11.0 5.09e-02    -  1.00e+00 5.00e-01h  2
 386  5.6692771e-03 1.36e-04 1.84e-02 -11.0 1.92e+00    -  1.00e+00 7.81e-03h  8
 387  5.6756312e-03 1.30e-04 1.96e-02 -11.0 5.93e-02    -  1.00e+00 1.25e-01h  4
 388  5.6540536e-03 6.23e-05 8.56e-03 -11.0 5.28e-02    -  1.00e+00 1.00e+00h  1
 389  5.6427032e-03 1.15e-04 5.16e-03 -11.0 7.52e-01    -  1.00e+00 3.12e-02h  6
iter    objective    inf_pr   inf_du lg(mu)  ||d||  lg(rg) alpha_du alpha_pr  ls
 390  5.6320223e-03 1.96e-04 1.47e-02 -11.0 1.28e-01    -  1.00e+00 1.25e-01h  4
 391  5.6267639e-03 8.96e-03 3.86e-02 -11.0 1.71e+00    -  1.00e+00 1.25e-01h  4
 392  5.6169187e-03 8.82e-03 5.73e-02 -11.0 1.21e+00    -  1.00e+00 3.12e-02h  6
 393  5.6132122e-03 8.22e-03 6.38e-02 -11.0 3.92e-01    -  1.00e+00 6.25e-02h  5
 394  5.6107911e-03 7.95e-03 6.37e-02 -11.0 1.79e-01    -  1.00e+00 3.12e-02h  6
 395  5.6190067e-03 5.82e-03 7.37e-02 -11.0 2.08e-01    -  1.00e+00 2.50e-01h  3
 396  5.6073458e-03 5.73e-03 6.96e-02 -11.0 8.61e-01    -  1.00e+00 1.56e-02h  7
 397  6.9583158e-03 7.62e-03 1.56e-01 -11.0 1.41e-01    -  1.00e+00 1.00e+00h  1
 398  1.4729043e-02 5.75e-03 1.43e-01 -11.0 3.21e-01    -  1.00e+00 1.00e+00H  1
 399  1.0889262e-02 4.27e-03 1.33e-01 -11.0 2.38e-01    -  1.00e+00 2.50e-01h  3
iter    objective    inf_pr   inf_du lg(mu)  ||d||  lg(rg) alpha_du alpha_pr  ls
 400  7.8874944e-03 3.23e-03 1.20e-01 -11.0 4.67e-01    -  1.00e+00 2.50e-01h  3
 401  3.2274288e-02 9.00e-04 3.02e-01 -11.0 1.76e-01    -  1.00e+00 1.00e+00H  1
 402  1.2211833e-02 1.41e-03 7.30e-01 -11.0 6.64e-02    -  1.00e+00 1.00e+00h  1
 403  6.0635624e-03 5.17e-04 1.09e-01 -11.0 9.84e-02    -  1.00e+00 1.00e+00h  1
 404  7.6571118e-03 7.81e-05 2.93e-02 -11.0 2.07e-02    -  1.00e+00 1.00e+00h  1
 405  5.7415479e-03 2.66e-05 2.04e-02 -11.0 1.40e-02    -  1.00e+00 1.00e+00h  1
 406  5.7270167e-03 1.08e-06 4.15e-03 -11.0 4.11e-03    -  1.00e+00 1.00e+00h  1
 407  5.7000292e-03 1.08e-05 2.33e-02 -11.0 2.33e-01    -  1.00e+00 6.25e-02h  5
 408  5.6670464e-03 2.54e-05 4.53e-02 -11.0 3.08e-01    -  1.00e+00 6.25e-02h  5
 409  5.6345523e-03 4.56e-05 7.53e-02 -11.0 2.94e-01    -  1.00e+00 6.25e-02h  5
iter    objective    inf_pr   inf_du lg(mu)  ||d||  lg(rg) alpha_du alpha_pr  ls
 410  5.6331051e-03 3.67e-04 1.02e-01 -11.0 1.90e-01    -  1.00e+00 2.50e-01h  3
 411  5.6331093e-03 2.77e-04 8.41e-02 -11.0 2.20e-02    -  1.00e+00 2.50e-01h  3
 412  5.5957831e-03 1.44e-04 4.97e-02 -11.0 2.54e-02    -  1.00e+00 5.00e-01h  2
 413  5.6292440e-03 6.15e-06 1.38e-02 -11.0 4.62e-02    -  1.00e+00 1.00e+00H  1
 414  5.6816947e-03 2.33e-06 4.55e-03 -11.0 3.25e-02    -  1.00e+00 1.00e+00H  1
 415  5.6657739e-03 2.63e-06 4.56e-03 -11.0 7.38e-02    -  1.00e+00 3.12e-02h  6
 416  5.8081589e-03 8.99e-07 9.67e-03 -11.0 7.28e-02    -  1.00e+00 1.00e+00H  1
 417  5.7934625e-03 1.21e-06 9.49e-03 -11.0 2.41e-01    -  1.00e+00 7.81e-03h  8
 418  5.7112244e-03 4.77e-06 8.72e-03 -11.0 8.15e-02    -  1.00e+00 1.00e+00H  1
 419  5.6723873e-03 4.90e-06 8.91e-03 -11.0 4.75e-01    -  1.00e+00 7.81e-03h  8
iter    objective    inf_pr   inf_du lg(mu)  ||d||  lg(rg) alpha_du alpha_pr  ls
 420  5.6197984e-03 1.33e-04 1.43e-02 -11.0 4.22e-02    -  1.00e+00 1.00e+00h  1
 421  5.6139050e-03 2.13e-04 2.19e-02 -11.0 5.23e-01    -  1.00e+00 6.25e-02h  5
 422  5.6129208e-03 1.58e-04 1.76e-02 -11.0 2.66e-02    -  1.00e+00 2.50e-01h  3
 423  5.5587963e-03 1.66e-04 7.62e-03 -11.0 3.75e-02    -  1.00e+00 1.00e+00h  1
 424  1.4501423e-02 1.52e-06 3.86e-02 -11.0 1.09e-01    -  1.00e+00 1.00e+00H  1
 425  5.5578205e-03 6.57e-05 1.23e-02 -11.0 1.20e-01    -  1.00e+00 1.00e+00F  1
 426  5.6720003e-03 2.98e-06 3.82e-03 -11.0 5.21e-03    -  1.00e+00 1.00e+00h  1
 427  5.5552407e-03 1.14e-06 1.74e-03 -11.0 4.28e-03    -  1.00e+00 1.00e+00h  1
 428  5.5550292e-03 2.57e-08 9.49e-05 -11.0 5.49e-04    -  1.00e+00 1.00e+00h  1
 429  5.5551988e-03 1.92e-10 2.80e-04 -11.0 1.92e-03    -  1.00e+00 1.00e+00H  1
iter    objective    inf_pr   inf_du lg(mu)  ||d||  lg(rg) alpha_du alpha_pr  ls
 430  5.5565290e-03 1.56e-11 9.70e-04 -11.0 3.57e-03    -  1.00e+00 1.00e+00H  1
 431  5.5602727e-03 4.39e-12 8.90e-04 -11.0 5.88e-03    -  1.00e+00 1.00e+00H  1
 432  5.5582842e-03 6.21e-13 1.22e-03 -11.0 4.18e-03    -  1.00e+00 1.00e+00F  1
 433  5.5539257e-03 6.89e-07 7.62e-04 -11.0 4.74e-03    -  1.00e+00 5.00e-01f  2
 434  5.5544689e-03 2.04e-07 8.45e-04 -11.0 4.29e-03    -  1.00e+00 1.00e+00h  1
 435  5.5509199e-03 2.10e-06 9.97e-04 -11.0 4.76e-03    -  1.00e+00 1.00e+00h  1
 436  5.5663510e-03 2.69e-11 1.35e-03 -11.0 8.59e-03    -  1.00e+00 1.00e+00H  1
 437  5.5662246e-03 5.25e-11 1.35e-03 -11.0 1.15e-02    -  1.00e+00 1.95e-03h 10
 438  5.5475996e-03 1.16e-05 1.56e-03 -11.0 1.70e-02    -  1.00e+00 5.00e-01f  2
 439  5.5457184e-03 9.19e-06 1.35e-03 -11.0 6.83e-03    -  1.00e+00 2.50e-01h  3
iter    objective    inf_pr   inf_du lg(mu)  ||d||  lg(rg) alpha_du alpha_pr  ls
 440  5.5371925e-03 4.53e-06 3.73e-04 -11.0 7.70e-03    -  1.00e+00 1.00e+00h  1
 441  5.5363073e-03 3.67e-05 2.00e-03 -11.0 6.12e-02    -  1.00e+00 2.50e-01h  3
 442  5.5352258e-03 6.15e-05 2.92e-03 -11.0 4.50e-01    -  1.00e+00 3.12e-02h  6
 443  5.5259249e-03 1.99e-04 5.08e-03 -11.0 1.21e+00    -  1.00e+00 3.12e-02h  6
 444  5.5255491e-03 1.99e-04 5.12e-03 -11.0 1.44e+00    -  1.00e+00 3.91e-03h  9
 445  5.5201477e-03 1.37e-04 3.80e-03 -11.0 6.45e-02    -  1.00e+00 2.50e-01h  3
 446  5.5159349e-03 9.76e-04 1.30e-02 -11.0 1.96e+00    -  1.00e+00 1.25e-01h  4
 447  5.5158829e-03 1.00e-03 1.51e-02 -11.0 5.62e+00    -  1.00e+00 7.81e-03h  8
 448  5.4939313e-03 1.01e-03 1.72e-02 -11.0 8.55e-01    -  1.00e+00 6.25e-02h  5
 449  5.4778095e-03 1.15e-03 1.57e-02 -11.0 1.79e+00    -  1.00e+00 3.12e-02h  6
iter    objective    inf_pr   inf_du lg(mu)  ||d||  lg(rg) alpha_du alpha_pr  ls
 450  5.4762950e-03 1.88e-03 1.56e-02 -11.0 4.63e+00    -  1.00e+00 1.56e-02h  7
 451  3.1062692e-01 5.89e+00 1.47e+01 -11.0 1.08e+00    -  1.00e+00 1.00e+00w  1
 452  2.2585425e+03 2.19e+03 9.38e+04 -11.0 8.12e+01    -  1.00e+00 1.00e+00w  1
 453  1.6676194e+02 2.32e+02 1.71e+08 -11.0 6.20e+01    -  1.00e+00 1.00e+00w  1
 454  5.4758354e-03 1.87e-03 1.65e-02 -11.0 5.43e+00    -  1.00e+00 7.81e-03h  7
 455  5.4768085e-03 1.84e-03 1.63e-02 -11.0 6.35e-02    -  1.00e+00 1.56e-02h  7
 456  5.4677361e-03 1.79e-03 1.48e-02 -11.0 1.14e-01    -  1.00e+00 3.12e-02h  6
 457  5.4816256e-03 1.39e-03 1.12e-02 -11.0 6.55e-02  -4.0 1.00e+00 2.50e-01h  3
 458  5.4984927e-03 1.28e-03 9.84e-03 -11.0 3.22e-01    -  1.00e+00 6.25e-02h  5
 459  5.4984455e-03 3.17e-04 1.33e-02 -11.0 3.95e-02    -  1.00e+00 1.00e+00h  1
iter    objective    inf_pr   inf_du lg(mu)  ||d||  lg(rg) alpha_du alpha_pr  ls
 460  5.4319296e-03 3.75e-04 1.23e-02 -11.0 9.79e-01    -  1.00e+00 6.25e-02h  5
 461  5.4196519e-03 3.82e-04 1.90e-02 -11.0 1.53e-01    -  1.00e+00 6.25e-02h  5
 462  5.5718448e-03 1.95e-04 1.12e-02 -11.0 4.40e-02    -  1.00e+00 1.00e+00h  1
 463  5.7748463e-03 1.54e-05 1.33e-02 -11.0 8.18e-02    -  1.00e+00 1.00e+00H  1
 464  5.6528348e-03 5.05e-05 8.85e-03 -11.0 9.78e-02    -  1.00e+00 1.25e-01h  4
 465  5.4395148e-03 1.51e-04 1.10e-02 -11.0 2.28e-01    -  1.00e+00 2.50e-01h  3
 466  5.3990677e-03 1.97e-04 1.05e-02 -11.0 1.34e+00    -  1.00e+00 3.12e-02h  6
 467  5.3583008e-03 2.19e-04 8.75e-03 -11.0 3.45e-01    -  1.00e+00 1.25e-01h  4
 468  5.3608164e-03 1.63e-04 6.97e-03 -11.0 3.29e-02    -  1.00e+00 1.00e+00h  1
 469  5.3540579e-03 2.09e-04 6.64e-03 -11.0 9.02e-02    -  1.00e+00 1.25e-01h  4
iter    objective    inf_pr   inf_du lg(mu)  ||d||  lg(rg) alpha_du alpha_pr  ls
 470  5.9412094e-03 3.62e-05 8.43e-03 -11.0 9.29e-03    -  1.00e+00 1.00e+00h  1
 471  5.3105892e-03 1.93e-04 4.05e-03 -11.0 2.26e-02    -  1.00e+00 1.00e+00h  1
 472  5.3129704e-03 2.45e-06 9.62e-04 -11.0 1.45e-02    -  1.00e+00 1.00e+00h  1
 473  5.5534969e-03 7.04e-07 7.21e-03 -11.0 2.84e-02    -  1.00e+00 1.00e+00H  1
 474  5.3126401e-03 3.83e-05 1.18e-03 -11.0 3.43e-02    -  1.00e+00 1.00e+00h  1
 475  5.3097353e-03 2.98e-05 8.68e-04 -11.0 2.51e-02    -  1.00e+00 2.50e-01h  3
 476  5.3161789e-03 7.08e-07 1.27e-03 -11.0 4.30e-03    -  1.00e+00 1.00e+00h  1
 477  5.3082528e-03 7.17e-08 5.41e-04 -11.0 2.28e-03    -  1.00e+00 1.00e+00h  1
 478  5.3081156e-03 4.17e-08 5.76e-05 -11.0 8.87e-04    -  1.00e+00 1.00e+00h  1
 479  5.3078727e-03 4.83e-07 1.22e-04 -11.0 1.85e-03    -  1.00e+00 1.00e+00h  1
iter    objective    inf_pr   inf_du lg(mu)  ||d||  lg(rg) alpha_du alpha_pr  ls
 480  5.3075834e-03 5.05e-06 4.64e-04 -11.0 4.56e-02    -  1.00e+00 6.25e-02h  5
 481  5.3071712e-03 8.89e-06 6.10e-04 -11.0 3.64e-02    -  1.00e+00 6.25e-02h  5
 482  5.3066134e-03 6.52e-05 1.92e-03 -11.0 1.35e-01    -  1.00e+00 6.25e-02h  5
 483  5.3064356e-03 6.61e-05 2.24e-03 -11.0 9.79e-02    -  1.00e+00 1.56e-02h  7
 484  5.3041306e-03 2.46e-05 1.36e-03 -11.0 5.86e-03    -  1.00e+00 1.00e+00h  1
 485  5.3021581e-03 4.22e-05 2.45e-03 -11.0 1.72e-01    -  1.00e+00 3.12e-02h  6
 486  5.3012625e-03 4.27e-05 2.20e-03 -11.0 6.19e-02    -  1.00e+00 1.25e-01h  4
 487  5.6669797e-03 3.18e-08 7.08e-03 -11.0 5.83e-02    -  1.00e+00 1.00e+00H  1
 488  5.6661106e-03 3.26e-08 7.08e-03 -11.0 1.68e-01    -  1.00e+00 9.77e-04h 11
 489  5.6654763e-03 3.26e-08 7.07e-03 -11.0 1.15e+00    -  1.00e+00 6.10e-05h 15
iter    objective    inf_pr   inf_du lg(mu)  ||d||  lg(rg) alpha_du alpha_pr  ls
 490  5.6635191e-03 3.53e-08 7.05e-03 -11.0 2.43e-01    -  1.00e+00 4.88e-04h 12
 491  5.6630590e-03 3.53e-08 7.04e-03 -11.0 3.66e-01    -  1.00e+00 2.44e-04h 13
 492  5.5425255e-03 1.63e-04 4.20e-02 -11.0 1.08e+01    -  1.00e+00 7.81e-03f  8
 493  5.4793693e-03 2.77e-04 5.78e-02 -11.0 4.40e+00    -  1.00e+00 7.81e-03h  8
 494  5.4838403e-03 2.37e-04 3.71e-02 -11.0 4.31e-02    -  1.00e+00 2.50e-01h  3
 495  5.3445616e-03 2.70e-04 5.23e-03 -11.0 3.40e-02    -  1.00e+00 1.00e+00h  1
 496  5.6611077e-03 1.75e-05 7.69e-03 -11.0 5.24e-02    -  1.00e+00 1.00e+00H  1
 497  5.4521275e-03 3.46e-05 1.01e-02 -11.0 6.08e-02    -  1.00e+00 1.00e+00H  1
 498  5.3830309e-03 3.12e-05 1.14e-02 -11.0 9.16e-02    -  1.00e+00 1.25e-01h  4
 499  5.3200203e-03 1.81e-04 1.18e-02 -11.0 2.74e-02    -  1.00e+00 1.00e+00h  1
iter    objective    inf_pr   inf_du lg(mu)  ||d||  lg(rg) alpha_du alpha_pr  ls
 500  5.3538886e-03 3.35e-05 4.09e-03 -11.0 5.07e-03    -  1.00e+00 1.00e+00h  1
 501  5.2967441e-03 1.44e-05 2.88e-03 -11.0 5.97e-03    -  1.00e+00 1.00e+00h  1
 502  5.2941763e-03 9.01e-07 9.29e-04 -11.0 1.15e-03    -  1.00e+00 1.00e+00h  1
 503  5.2919219e-03 1.04e-06 2.80e-04 -11.0 1.59e-03    -  1.00e+00 1.00e+00h  1
 504  5.2912001e-03 3.14e-06 3.02e-04 -11.0 1.81e-03    -  1.00e+00 1.00e+00h  1
 505  5.2908423e-03 1.67e-04 2.10e-03 -11.0 1.34e-02    -  1.00e+00 1.00e+00h  1
 506  5.2890153e-03 1.98e-04 3.16e-03 -11.0 1.10e-01    -  1.00e+00 6.25e-02h  5
 507  5.2896493e-03 1.01e-04 1.91e-03 -11.0 7.11e-03    -  1.00e+00 5.00e-01h  2
 508  5.2881060e-03 3.94e-05 1.49e-03 -11.0 6.76e-03    -  1.00e+00 1.00e+00h  1
 509  5.2892523e-03 1.99e-05 9.39e-04 -11.0 1.72e-03    -  1.00e+00 5.00e-01h  2
iter    objective    inf_pr   inf_du lg(mu)  ||d||  lg(rg) alpha_du alpha_pr  ls
 510  5.2842117e-03 1.48e-05 4.64e-04 -11.0 4.13e-03    -  1.00e+00 1.00e+00h  1
 511  5.2841935e-03 1.99e-06 2.82e-04 -11.0 1.44e-03    -  1.00e+00 1.00e+00h  1
 512  5.2854608e-03 3.95e-07 4.26e-04 -11.0 2.95e-03    -  1.00e+00 1.00e+00H  1
 513  5.2847545e-03 4.69e-07 5.04e-04 -11.0 3.23e-03    -  1.00e+00 1.00e+00H  1
 514  5.2836701e-03 1.45e-05 7.24e-04 -11.0 1.65e-02    -  1.00e+00 2.50e-01h  3
 515  5.2834629e-03 7.44e-06 7.03e-04 -11.0 1.41e-03    -  1.00e+00 5.00e-01h  2
 516  5.2823004e-03 8.82e-06 2.13e-04 -11.0 3.14e-03    -  1.00e+00 1.00e+00h  1
 517  5.2924194e-03 7.14e-08 1.39e-03 -11.0 6.64e-03    -  1.00e+00 1.00e+00H  1
 518  5.2822770e-03 4.05e-05 1.28e-03 -11.0 6.73e-03    -  1.00e+00 1.00e+00h  1
 519  5.2812966e-03 3.96e-05 1.09e-03 -11.0 1.77e-02    -  1.00e+00 1.25e-01h  4
iter    objective    inf_pr   inf_du lg(mu)  ||d||  lg(rg) alpha_du alpha_pr  ls
 520  5.2806542e-03 2.83e-06 2.40e-04 -11.0 1.62e-03    -  1.00e+00 1.00e+00h  1
 521  5.2802719e-03 3.56e-06 8.20e-04 -11.0 4.09e-02    -  1.00e+00 1.25e-01h  4
 522  5.2798146e-03 6.39e-05 1.12e-03 -11.0 1.27e-01    -  1.00e+00 6.25e-02h  5
 523  5.4910330e-03 3.99e-08 5.28e-03 -11.0 2.18e-02    -  1.00e+00 1.00e+00H  1
 524  5.2750985e-03 8.36e-05 1.22e-02 -11.0 1.05e-02    -  1.00e+00 1.00e+00h  1
 525  5.2711583e-03 2.31e-05 1.66e-03 -11.0 6.33e-03    -  1.00e+00 1.00e+00h  1
 526  5.2693999e-03 2.25e-05 2.34e-03 -11.0 7.82e-02    -  1.00e+00 1.25e-01h  4
 527  5.2681209e-03 2.59e-05 3.39e-03 -11.0 1.20e+00    -  1.00e+00 1.56e-02h  7
 528  5.2634153e-03 1.38e-04 5.46e-03 -11.0 1.18e+00    -  1.00e+00 6.25e-02h  5
 529  5.2448931e-03 8.14e-04 5.29e-03 -11.0 1.44e+01    -  1.00e+00 7.81e-03h  8
iter    objective    inf_pr   inf_du lg(mu)  ||d||  lg(rg) alpha_du alpha_pr  ls
 530  5.2313924e-03 1.01e-03 6.82e-03 -11.0 4.80e+01    -  1.00e+00 1.95e-03h 10
 531  5.2123961e-03 1.00e-03 8.58e-03 -11.0 2.06e+01    -  1.00e+00 3.91e-03h  9
 532  5.1561571e-03 1.28e-03 1.37e-02 -11.0 8.94e+01    -  1.00e+00 3.91e-03h  9
 533  5.1558680e-03 1.27e-03 1.45e-02 -11.0 4.61e+01    -  1.00e+00 1.95e-03h 10
 534  5.1480286e-03 1.24e-03 1.49e-02 -11.0 3.58e+01    -  1.00e+00 3.91e-03h  9
 535  5.1344552e-03 1.24e-03 1.52e-02 -11.0 4.99e+01    -  1.00e+00 9.77e-04h 11
 536  7.7351824e-01 1.77e+00 7.79e+00 -11.0 8.12e+00    -  1.00e+00 1.00e+00w  1
 537  6.3938583e-01 1.40e+00 2.11e+00 -11.0 6.75e+00    -  1.00e+00 1.00e+00w  1
 538  2.8243422e+02 5.75e+02 1.30e+04 -11.0 4.53e+01    -  1.00e+00 1.00e+00w  1
 539  5.1162792e-03 1.23e-03 1.63e-02 -11.0 1.36e+01    -  1.00e+00 7.81e-03h  7
iter    objective    inf_pr   inf_du lg(mu)  ||d||  lg(rg) alpha_du alpha_pr  ls
 540  5.1898200e-03 6.06e-04 1.08e-01 -11.0 1.53e-02    -  1.00e+00 5.00e-01h  2
 541  5.2268498e-03 2.95e-04 8.19e-02 -11.0 1.22e-02    -  1.00e+00 5.00e-01h  2
 542  5.2769410e-03 2.47e-06 4.35e-03 -11.0 4.27e-03    -  1.00e+00 1.00e+00h  1
 543  5.2446308e-03 8.65e-07 2.06e-03 -11.0 1.72e-03    -  1.00e+00 1.00e+00h  1
 544  5.1672704e-03 1.11e-05 4.51e-03 -11.0 9.38e-03    -  1.00e+00 1.00e+00h  1
 545  5.1440938e-03 1.54e-05 8.00e-03 -11.0 2.74e-02    -  1.00e+00 2.50e-01h  3
 546  5.0966066e-03 9.00e-05 9.20e-03 -11.0 2.06e-02    -  1.00e+00 1.00e+00h  1
 547  5.0764637e-03 8.40e-05 1.35e-02 -11.0 2.76e-02    -  1.00e+00 5.00e-01h  2
 548  5.0855540e-03 1.21e-05 1.03e-02 -11.0 7.17e-03    -  1.00e+00 1.00e+00h  1
 549  5.0063792e-03 6.65e-06 3.72e-03 -11.0 4.40e-03    -  1.00e+00 1.00e+00h  1
iter    objective    inf_pr   inf_du lg(mu)  ||d||  lg(rg) alpha_du alpha_pr  ls
 550  4.9978916e-03 1.18e-06 6.86e-04 -11.0 2.53e-03    -  1.00e+00 1.00e+00h  1
 551  4.9751368e-03 4.97e-05 3.04e-03 -11.0 1.30e-01    -  1.00e+00 1.25e-01h  4
 552  4.9498534e-03 2.66e-04 6.48e-03 -11.0 1.83e-01    -  1.00e+00 1.25e-01h  4
 553  4.9210186e-03 9.89e-04 1.90e-02 -11.0 3.15e-01    -  1.00e+00 1.25e-01h  4
 554  4.9088684e-03 9.92e-04 2.19e-02 -11.0 2.80e-01    -  1.00e+00 3.12e-02h  6
 555  4.8677755e-03 1.43e-04 1.00e-02 -11.0 4.13e-02    -  1.00e+00 1.00e+00h  1
 556  4.8871643e-03 7.17e-05 5.26e-03 -11.0 8.83e-03    -  1.00e+00 5.00e-01h  2
 557  4.8404424e-03 6.35e-06 1.87e-03 -11.0 9.26e-03    -  1.00e+00 1.00e+00h  1
 558  4.8392260e-03 2.06e-06 1.75e-03 -11.0 3.38e-03    -  1.00e+00 1.00e+00h  1
 559  4.8357718e-03 1.99e-05 1.51e-03 -11.0 9.40e-03    -  1.00e+00 1.00e+00h  1
iter    objective    inf_pr   inf_du lg(mu)  ||d||  lg(rg) alpha_du alpha_pr  ls
 560  4.8333134e-03 2.36e-05 1.24e-03 -11.0 9.58e-02    -  1.00e+00 6.25e-02h  5
 561  4.8329995e-03 2.17e-05 1.08e-03 -11.0 4.82e-02    -  1.00e+00 1.25e-01h  4
 562  4.8695118e-03 1.78e-06 2.92e-03 -11.0 1.20e-02    -  1.00e+00 1.00e+00H  1
 563  4.8806230e-03 2.90e-07 3.36e-03 -11.0 1.02e-02    -  1.00e+00 1.00e+00H  1
 564  4.8271806e-03 1.64e-04 6.73e-03 -11.0 1.33e-02    -  1.00e+00 1.00e+00h  1
 565  4.8207874e-03 1.24e-04 5.62e-03 -11.0 1.34e-02    -  1.00e+00 2.50e-01h  3
 566  4.8180788e-03 9.01e-06 7.46e-04 -11.0 2.96e-03    -  1.00e+00 1.00e+00h  1
 567  4.8282719e-03 2.77e-06 1.63e-03 -11.0 5.79e-03    -  1.00e+00 1.00e+00H  1
 568  4.8168407e-03 3.35e-06 4.56e-04 -11.0 1.90e-03    -  1.00e+00 1.00e+00h  1
 569  4.8163870e-03 2.52e-07 2.55e-04 -11.0 1.13e-03    -  1.00e+00 1.00e+00h  1
iter    objective    inf_pr   inf_du lg(mu)  ||d||  lg(rg) alpha_du alpha_pr  ls
 570  4.8159074e-03 2.17e-07 9.35e-05 -11.0 6.25e-04    -  1.00e+00 1.00e+00h  1
 571  4.8289838e-03 4.54e-08 1.29e-03 -11.0 8.09e-03    -  1.00e+00 1.00e+00H  1
 572  4.8151643e-03 1.19e-05 1.21e-03 -11.0 5.14e-03    -  1.00e+00 1.00e+00h  1
 573  4.8155627e-03 5.94e-06 6.34e-04 -11.0 1.15e-03    -  1.00e+00 5.00e-01h  2
 574  4.8143621e-03 1.68e-07 8.24e-05 -11.0 9.41e-04    -  1.00e+00 1.00e+00h  1
 575  4.8141682e-03 1.07e-07 8.16e-05 -11.0 6.09e-04    -  1.00e+00 1.00e+00h  1
 576  4.8137573e-03 7.11e-06 4.66e-04 -11.0 2.33e-02    -  1.00e+00 1.25e-01h  4
 577  4.8136479e-03 7.09e-06 4.47e-04 -11.0 1.56e-02    -  1.00e+00 3.12e-02h  6
 578  4.8131281e-03 5.45e-07 4.90e-04 -11.0 1.65e-03    -  1.00e+00 1.00e+00h  1
 579  4.8132126e-03 4.24e-07 3.93e-04 -11.0 1.72e-03    -  1.00e+00 2.50e-01h  3
iter    objective    inf_pr   inf_du lg(mu)  ||d||  lg(rg) alpha_du alpha_pr  ls
 580  4.8127564e-03 1.61e-08 8.13e-05 -11.0 7.21e-04    -  1.00e+00 1.00e+00h  1
 581  4.8158330e-03 3.60e-08 7.67e-04 -11.0 4.43e-03    -  1.00e+00 1.00e+00H  1
 582  4.8127348e-03 2.46e-05 8.72e-04 -11.0 6.16e-03    -  1.00e+00 1.00e+00h  1
 583  4.8118439e-03 2.47e-05 1.01e-03 -11.0 2.53e-02    -  1.00e+00 6.25e-02h  5
 584  4.8120438e-03 1.24e-05 6.84e-04 -11.0 4.09e-03    -  1.00e+00 5.00e-01h  2
 585  4.8096996e-03 6.61e-06 1.15e-03 -11.0 7.12e-03    -  1.00e+00 1.00e+00h  1
 586  4.8098379e-03 5.80e-06 8.86e-04 -11.0 6.78e-03    -  1.00e+00 1.25e-01h  4
 587  4.8082371e-03 1.17e-05 3.91e-04 -11.0 4.10e-03    -  1.00e+00 1.00e+00h  1
 588  4.8076287e-03 4.42e-05 5.86e-04 -11.0 5.75e-02    -  1.00e+00 1.25e-01h  4
 589  4.8072704e-03 4.45e-05 7.74e-04 -11.0 5.30e-02    -  1.00e+00 6.25e-02h  5
iter    objective    inf_pr   inf_du lg(mu)  ||d||  lg(rg) alpha_du alpha_pr  ls
 590  4.8015333e-03 1.61e-04 1.92e-03 -11.0 1.69e-01    -  1.00e+00 2.50e-01h  3
 591  4.7977191e-03 3.75e-04 3.15e-03 -11.0 1.39e+01    -  1.00e+00 3.91e-03h  9
 592  4.7952389e-03 5.86e-04 4.03e-03 -11.0 1.22e+01    -  1.00e+00 3.91e-03h  9
 593  4.7883083e-03 8.68e-04 6.67e-03 -11.0 7.02e+00    -  1.00e+00 7.81e-03h  8
 594  4.7833346e-03 8.94e-04 6.59e-03 -11.0 1.12e+01    -  1.00e+00 1.95e-03h 10
 595  4.7815232e-03 9.24e-04 6.49e-03 -11.0 8.04e+00    -  1.00e+00 3.91e-03h  9
 596  4.7784950e-03 9.23e-04 6.50e-03 -11.0 3.08e+00    -  1.00e+00 3.91e-03h  9
 597  4.7660779e-03 9.34e-04 8.35e-03 -11.0 1.17e+00    -  1.00e+00 3.12e-02h  6
 598  4.6341218e-01 2.64e+00 7.25e+00 -11.0 3.00e+00    -  1.00e+00 1.00e+00w  1
 599  3.1213391e-01 4.06e-01 4.55e+01 -11.0 6.09e+00    -  1.00e+00 1.00e+00w  1
iter    objective    inf_pr   inf_du lg(mu)  ||d||  lg(rg) alpha_du alpha_pr  ls
 600  4.3811065e+01 9.44e+00 1.54e+03 -11.0 5.18e+00    -  1.00e+00 1.00e+00w  1
 601  4.7538067e-03 9.30e-04 7.56e-03 -11.0 3.05e+00    -  1.00e+00 7.81e-03h  7
 602  4.7531904e-03 6.94e-04 3.96e-03 -11.0 9.87e-02    -  1.00e+00 2.50e-01h  3
 603  4.7456091e-03 6.75e-04 3.24e-03 -11.0 4.60e-01    -  1.00e+00 3.12e-02h  6
 604  4.7358524e-03 6.58e-04 2.36e-03 -11.0 3.98e-01    -  1.00e+00 3.12e-02h  6
 605  4.7146034e-03 5.72e-04 3.06e-03 -11.0 1.05e-01    -  1.00e+00 1.25e-01h  4
 606  4.7000612e-03 5.56e-04 2.77e-03 -11.0 3.83e-01    -  1.00e+00 3.12e-02h  6
 607  4.7152710e-03 2.78e-04 2.33e-03 -11.0 1.70e-02    -  1.00e+00 5.00e-01h  2
 608  4.7606937e-03 2.80e-05 3.68e-03 -11.0 4.02e-02    -  1.00e+00 1.00e+00h  1
 609  4.7422479e-03 8.11e-05 5.57e-03 -11.0 9.44e-01    -  1.00e+00 6.25e-02h  5
iter    objective    inf_pr   inf_du lg(mu)  ||d||  lg(rg) alpha_du alpha_pr  ls
 610  4.7383271e-03 7.91e-05 5.01e-03 -11.0 5.03e+00    -  1.00e+00 3.91e-03h  9
 611  4.7363820e-03 7.78e-05 5.37e-03 -11.0 2.65e-01    -  1.00e+00 1.56e-02h  7
 612  4.7150615e-03 7.22e-05 7.20e-03 -11.0 1.45e-01    -  1.00e+00 2.50e-01h  3
 613  4.7074088e-03 6.91e-05 8.40e-03 -11.0 3.11e+00    -  1.00e+00 1.56e-02h  7
 614  4.6586820e-03 6.42e-05 5.40e-03 -11.0 9.91e-01    -  1.00e+00 6.25e-02h  5
 615  4.6507641e-03 2.80e-04 1.02e-02 -11.0 1.71e+00    -  1.00e+00 3.12e-02h  6
 616  4.6513833e-03 2.76e-04 1.06e-02 -11.0 2.39e-01    -  1.00e+00 1.56e-02h  7
 617  4.6344045e-03 2.21e-05 3.26e-03 -11.0 1.17e-02    -  1.00e+00 1.00e+00h  1
 618  4.6960793e-03 2.45e-05 4.39e-03 -11.0 1.14e-01    -  1.00e+00 5.00e-01h  2
 619  4.6672816e-03 2.70e-05 4.63e-03 -11.0 1.52e+00    -  1.00e+00 1.56e-02h  7
iter    objective    inf_pr   inf_du lg(mu)  ||d||  lg(rg) alpha_du alpha_pr  ls
 620  4.6531697e-03 3.17e-05 5.20e-03 -11.0 1.06e+01    -  1.00e+00 1.95e-03h 10
 621  4.6293252e-03 6.19e-04 8.88e-03 -11.0 2.11e+00    -  1.00e+00 1.25e-01h  4
 622  4.6185977e-03 8.22e-04 1.04e-02 -11.0 6.23e+01    -  1.00e+00 1.95e-03h 10
 623  4.6075712e-03 7.88e-04 9.77e-03 -11.0 1.82e+01    -  1.00e+00 3.91e-03h  9
 624  4.5760251e-03 7.85e-03 2.22e-02 -11.0 1.07e+01    -  1.00e+00 3.12e-02h  6
 625  4.5236682e-03 8.32e-03 2.42e-02 -11.0 1.75e+01    -  1.00e+00 1.95e-03h 10
 626  4.5860752e-03 7.65e-03 2.07e-02 -11.0 2.35e-01    -  1.00e+00 1.25e-01h  4
 627  4.5643486e-03 3.67e-03 8.50e-03 -11.0 1.34e-01    -  1.00e+00 1.00e+00h  1
 628  4.5231157e-03 3.91e-03 1.27e-02 -11.0 6.46e+00    -  1.00e+00 7.81e-03h  8
 629  4.4994322e-03 4.33e-03 1.85e-02 -11.0 2.49e+00    -  1.00e+00 3.12e-02h  6
iter    objective    inf_pr   inf_du lg(mu)  ||d||  lg(rg) alpha_du alpha_pr  ls
 630  4.4963557e-03 4.37e-03 2.09e-02 -11.0 9.31e+00    -  1.00e+00 3.91e-03h  9
 631  4.4880400e-03 4.09e-03 2.07e-02 -11.0 2.19e-01    -  1.00e+00 6.25e-02h  5
 632  4.4213211e-03 2.47e-03 5.72e-03 -11.0 3.18e-01    -  1.00e+00 5.00e-01h  2
 633  4.3934130e-03 2.55e-03 9.77e-03 -11.0 3.05e+00    -  1.00e+00 7.81e-03h  8
 634  4.3180839e-03 3.24e-03 2.48e-02 -11.0 2.74e-01    -  1.00e+00 5.00e-01h  2
 635  4.3170033e-03 3.24e-03 2.78e-02 -11.0 1.31e+00    -  1.00e+00 1.56e-02h  7
 636  4.3243289e-03 3.25e-03 2.93e-02 -11.0 6.93e-01    -  1.00e+00 3.12e-02h  6
 637  4.3428497e-03 3.12e-03 2.99e-02 -11.0 3.38e-01    -  1.00e+00 6.25e-02h  5
 638  5.9764277e-03 1.22e-02 5.29e-02 -11.0 5.53e-01    -  1.00e+00 1.00e+00w  1
 639  3.1120591e-01 2.09e+01 1.70e+01 -11.0 9.02e+00    -  1.00e+00 1.00e+00w  1
iter    objective    inf_pr   inf_du lg(mu)  ||d||  lg(rg) alpha_du alpha_pr  ls
 640  5.1013033e+03 2.68e+08 2.97e+09 -11.0 1.36e+02    -  1.00e+00 1.00e+00w  1
 641  4.3326084e-03 2.93e-03 3.44e-02 -11.0 3.34e+01    -  1.00e+00 1.25e-01h  3
 642  4.3522901e-03 2.84e-03 8.38e+00 -11.0 6.46e-02    -  1.00e+00 3.12e-02h  6
 643  4.3713255e-03 2.79e-03 1.12e+01 -11.0 5.20e-02    -  1.00e+00 1.56e-02h  7
 644  4.4033563e-03 1.88e-04 2.69e-01 -11.0 1.51e-02    -  1.00e+00 1.00e+00h  1
 645  4.3510644e-03 2.24e-05 3.11e-01 -11.0 3.47e-02    -  1.00e+00 1.00e+00h  1
 646  4.3291025e-03 1.17e-06 3.70e-02 -11.0 2.54e-03    -  1.00e+00 1.00e+00h  1
 647  4.3222660e-03 5.12e-07 9.98e-03 -11.0 2.21e-03    -  1.00e+00 1.00e+00h  1
 648  4.3155438e-03 2.41e-06 9.34e-03 -11.0 5.19e-03    -  1.00e+00 1.00e+00h  1
 649  4.3148128e-03 5.01e-06 3.85e-03 -11.0 5.00e-03    -  1.00e+00 1.00e+00h  1
iter    objective    inf_pr   inf_du lg(mu)  ||d||  lg(rg) alpha_du alpha_pr  ls
 650  4.3037274e-03 1.51e-06 7.82e-04 -11.0 2.30e-03    -  1.00e+00 1.00e+00h  1
 651  4.3083949e-03 2.65e-08 9.13e-04 -11.0 2.42e-03    -  1.00e+00 1.00e+00H  1
 652  4.2969664e-03 3.63e-07 1.15e-03 -11.0 1.54e-03    -  1.00e+00 1.00e+00h  1
 653  4.2931689e-03 6.17e-07 1.64e-03 -11.0 2.57e-03    -  1.00e+00 1.00e+00h  1
 654  4.2858529e-03 4.45e-06 7.34e-03 -11.0 1.03e-02    -  1.00e+00 1.00e+00h  1
 655  4.2823081e-03 5.10e-06 9.01e-03 -11.0 1.46e-01    -  1.00e+00 3.12e-02h  6
 656  4.5310549e-03 9.80e-09 5.97e-03 -11.0 2.20e-02    -  1.00e+00 1.00e+00H  1
 657  4.2794998e-03 3.64e-05 5.04e-02 -11.0 2.24e-02    -  1.00e+00 1.00e+00f  1
 658  4.2758714e-03 3.20e-05 4.40e-02 -11.0 1.52e-02    -  1.00e+00 1.25e-01h  4
 659  4.2736777e-03 1.56e-06 4.04e-03 -11.0 4.22e-03    -  1.00e+00 1.00e+00h  1
iter    objective    inf_pr   inf_du lg(mu)  ||d||  lg(rg) alpha_du alpha_pr  ls
 660  4.2725326e-03 1.53e-06 4.86e-03 -11.0 3.96e-02    -  1.00e+00 3.12e-02h  6
 661  4.2678074e-03 4.57e-06 1.13e-03 -11.0 3.87e-03    -  1.00e+00 1.00e+00h  1
 662  4.2652143e-03 1.06e-05 1.14e-03 -11.0 1.54e-01    -  1.00e+00 3.12e-02h  6
 663  4.2575030e-03 7.35e-05 2.41e-03 -11.0 6.10e-02    -  1.00e+00 2.50e-01h  3
 664  4.2518564e-03 2.19e-04 3.99e-03 -11.0 7.60e-01    -  1.00e+00 3.12e-02h  6
 665  4.2507327e-03 2.22e-04 4.23e-03 -11.0 4.20e-01    -  1.00e+00 1.56e-02h  7
 666  4.2492889e-03 2.28e-04 4.76e-03 -11.0 2.45e-01    -  1.00e+00 3.12e-02h  6
 667  4.2500150e-03 1.75e-04 4.98e-03 -11.0 2.41e-02    -  1.00e+00 2.50e-01h  3
 668  4.2478493e-03 1.30e-04 4.74e-03 -11.0 3.51e-02    -  1.00e+00 2.50e-01h  3
 669  4.2499573e-03 1.01e-04 3.26e-03 -11.0 1.72e-02    -  1.00e+00 2.50e-01h  3
iter    objective    inf_pr   inf_du lg(mu)  ||d||  lg(rg) alpha_du alpha_pr  ls
 670  4.2470867e-03 4.68e-05 3.22e-03 -11.0 1.31e-02    -  1.00e+00 5.00e-01h  2
 671  4.2438743e-03 2.69e-05 1.78e-03 -11.0 8.63e-03    -  1.00e+00 5.00e-01h  2
 672  4.2381099e-03 1.83e-05 2.35e-03 -11.0 8.03e-03    -  1.00e+00 1.00e+00h  1
 673  5.6868579e-03 1.95e-06 1.29e-02 -11.0 2.47e-02    -  1.00e+00 1.00e+00H  1
 674  4.2334169e-03 1.63e-04 1.31e-02 -11.0 2.43e-02    -  1.00e+00 1.00e+00h  1
 675  4.2352459e-03 1.98e-06 7.73e-04 -11.0 2.81e-03    -  1.00e+00 1.00e+00h  1
 676  4.2382300e-03 5.39e-08 5.96e-04 -11.0 4.37e-03    -  1.00e+00 1.00e+00H  1
 677  4.2551625e-03 2.54e-08 1.76e-03 -11.0 6.15e-03    -  1.00e+00 1.00e+00H  1
 678  4.2514855e-03 1.99e-08 1.25e-03 -11.0 7.86e-03    -  1.00e+00 1.00e+00H  1
 679  4.4467724e-03 3.74e-09 4.93e-03 -11.0 1.19e-02    -  1.00e+00 1.00e+00H  1
iter    objective    inf_pr   inf_du lg(mu)  ||d||  lg(rg) alpha_du alpha_pr  ls
 680  4.2296281e-03 4.42e-05 1.07e-02 -11.0 1.42e-02    -  1.00e+00 1.00e+00f  1
 681  4.2332285e-03 1.29e-06 1.22e-03 -11.0 2.07e-03    -  1.00e+00 1.00e+00h  1
 682  4.2283757e-03 1.12e-06 5.32e-04 -11.0 1.44e-03    -  1.00e+00 1.00e+00h  1
 683  4.2285187e-03 3.73e-08 5.90e-04 -11.0 1.24e-03    -  1.00e+00 1.00e+00h  1
 684  4.2258023e-03 8.55e-08 1.46e-04 -11.0 8.15e-04    -  1.00e+00 1.00e+00h  1
 685  4.2248805e-03 2.64e-07 2.21e-04 -11.0 1.07e-03    -  1.00e+00 1.00e+00h  1
 686  4.2225900e-03 1.38e-05 1.03e-03 -11.0 1.29e-01    -  1.00e+00 6.25e-02h  5
 687  4.2223683e-03 1.47e-05 1.14e-03 -11.0 8.73e-02    -  1.00e+00 3.12e-02h  6
 688  4.2471383e-03 1.09e-08 3.17e-03 -11.0 1.71e-02    -  1.00e+00 1.00e+00H  1
 689  4.2452794e-03 2.90e-08 3.12e-03 -11.0 3.46e-02    -  1.00e+00 1.56e-02h  7
iter    objective    inf_pr   inf_du lg(mu)  ||d||  lg(rg) alpha_du alpha_pr  ls
 690  4.2435319e-03 3.13e-08 2.99e-03 -11.0 8.13e-02    -  1.00e+00 3.91e-03h  9
 691  4.2163458e-03 2.60e-05 8.16e-03 -11.0 1.19e-02    -  1.00e+00 1.00e+00h  1
 692  4.2496017e-03 1.41e-08 2.07e-03 -11.0 1.21e-02    -  1.00e+00 1.00e+00H  1
 693  4.2753568e-03 4.11e-11 3.13e-03 -11.0 5.19e-03    -  1.00e+00 1.00e+00H  1
 694  4.2052605e-03 4.92e-06 2.61e-03 -11.0 7.66e-03    -  1.00e+00 1.00e+00f  1
 695  4.2304653e-03 2.65e-08 2.41e-03 -11.0 1.08e-02    -  1.00e+00 1.00e+00H  1
 696  4.3082600e-03 9.21e-10 3.24e-03 -11.0 5.04e-03    -  1.00e+00 1.00e+00H  1
 697  4.2006589e-03 8.49e-06 3.44e-03 -11.0 7.83e-03    -  1.00e+00 1.00e+00f  1
 698  4.2000825e-03 2.75e-07 2.46e-04 -11.0 1.67e-03    -  1.00e+00 1.00e+00h  1
 699  4.2585003e-03 8.77e-09 4.02e-03 -11.0 1.92e-02    -  1.00e+00 1.00e+00H  1
iter    objective    inf_pr   inf_du lg(mu)  ||d||  lg(rg) alpha_du alpha_pr  ls
 700  4.2573153e-03 6.43e-09 3.99e-03 -11.0 4.03e-02    -  1.00e+00 7.81e-03h  8
 701  4.2565341e-03 9.97e-09 3.96e-03 -11.0 3.50e-01    -  1.00e+00 4.88e-04h 12
 702  4.2550668e-03 1.48e-08 3.93e-03 -11.0 6.36e-02    -  1.00e+00 3.91e-03h  9
 703  4.2547953e-03 1.48e-08 3.92e-03 -11.0 2.71e-02    -  1.00e+00 9.77e-04h 11
 704  4.2211126e-03 9.96e-06 2.48e-03 -11.0 3.58e-02    -  1.00e+00 2.50e-01h  3
 705  4.1943269e-03 1.70e-04 4.63e-03 -11.0 7.38e-02    -  1.00e+00 5.00e-01h  2
 706  4.1808720e-03 1.94e-04 8.79e-03 -11.0 2.04e+00    -  1.00e+00 7.81e-03h  8
 707  4.1812524e-03 1.80e-04 8.63e-03 -11.0 7.16e-02    -  1.00e+00 2.50e-01h  3
 708  4.1739244e-03 2.25e-04 1.23e-02 -11.0 1.52e+00    -  1.00e+00 1.56e-02h  7
 709  4.1609418e-03 2.50e-04 1.68e-02 -11.0 1.78e+00    -  1.00e+00 1.56e-02h  7
iter    objective    inf_pr   inf_du lg(mu)  ||d||  lg(rg) alpha_du alpha_pr  ls
 710  4.7789742e-02 1.62e-02 1.77e+00 -11.0 8.12e-01    -  1.00e+00 1.00e+00w  1
 711  1.7459166e-01 4.29e-01 5.39e+00 -11.0 2.54e+00    -  1.00e+00 1.00e+00w  1
 712  8.0913123e-01 1.21e+00 1.92e+01 -11.0 1.75e+00    -  1.00e+00 1.00e+00w  1
 713  4.1661325e-03 2.41e-04 1.64e-02 -11.0 2.51e+00    -  1.00e+00 3.12e-02h  5
 714  4.1581836e-03 2.42e-04 1.74e-02 -11.0 4.16e-01    -  1.00e+00 1.56e-02h  7
 715  4.1655239e-03 1.80e-04 1.36e-02 -11.0 1.34e-02    -  1.00e+00 2.50e-01h  3
 716  4.1521709e-03 2.21e-06 1.57e-02 -11.0 5.33e-03    -  1.00e+00 1.00e+00h  1
 717  4.1510614e-03 5.25e-06 1.05e-02 -11.0 4.63e-02    -  1.00e+00 1.25e-01h  4
 718  4.1626907e-03 1.86e-07 4.09e-03 -11.0 8.89e-03    -  1.00e+00 1.00e+00H  1
 719  4.1780499e-03 1.74e-07 4.07e-03 -11.0 9.76e-03    -  1.00e+00 1.00e+00H  1
iter    objective    inf_pr   inf_du lg(mu)  ||d||  lg(rg) alpha_du alpha_pr  ls
 720  4.1664966e-03 8.75e-07 3.01e-03 -11.0 1.40e-02    -  1.00e+00 1.00e+00H  1
 721  4.3998911e-03 9.69e-09 6.98e-03 -11.0 8.82e-03    -  1.00e+00 1.00e+00H  1
 722  4.1316085e-03 2.49e-05 5.18e-02 -11.0 8.56e-03    -  1.00e+00 1.00e+00f  1
 723  4.1309345e-03 3.39e-07 4.89e-04 -11.0 1.24e-03    -  1.00e+00 1.00e+00h  1
 724  4.1808172e-03 6.89e-08 1.77e-03 -11.0 2.10e-02    -  1.00e+00 1.00e+00H  1
 725  4.1787841e-03 4.08e-07 1.74e-03 -11.0 6.28e-02    -  1.00e+00 1.56e-02h  7
 726  4.1780439e-03 4.44e-07 1.74e-03 -11.0 2.62e+00    -  1.00e+00 1.22e-04h 14
 727  4.1777768e-03 4.65e-07 1.74e-03 -11.0 1.03e+00    -  1.00e+00 2.44e-04h 13
 728  4.1776580e-03 4.71e-07 1.74e-03 -11.0 2.26e+00    -  1.00e+00 6.10e-05h 15
 729  4.1775209e-03 4.79e-07 1.74e-03 -11.0 8.05e+01    -  1.00e+00 1.91e-06h 20
iter    objective    inf_pr   inf_du lg(mu)  ||d||  lg(rg) alpha_du alpha_pr  ls
 730  4.1692464e-03 1.33e-03 2.18e-02 -11.0 7.82e+01    -  1.00e+00 9.77e-04f 11
 731  4.1681715e-03 1.34e-03 2.05e-02 -11.0 4.36e+00    -  1.00e+00 9.77e-04h 11
 732  4.1403456e-03 9.93e-04 4.91e-03 -11.0 9.04e-02    -  1.00e+00 5.00e-01h  2
 733  4.1367556e-03 1.04e-03 8.07e-03 -11.0 3.44e+00    -  1.00e+00 3.91e-03h  9
 734  4.1355569e-03 1.04e-03 9.72e-03 -11.0 9.56e-01    -  1.00e+00 7.81e-03h  8
 735  4.5414848e-03 6.10e-05 1.15e-02 -11.0 1.56e-02    -  1.00e+00 1.00e+00w  1
 736  4.1404516e-03 1.65e-04 1.04e-02 -11.0 2.27e-02    -  1.00e+00 1.00e+00h  1
 737  4.1377685e-03 1.43e-04 8.80e-03 -11.0 3.03e-02    -  1.00e+00 2.50e-01h  3
 738  4.1357173e-03 1.48e-04 7.57e-03 -11.0 4.78e-02    -  1.00e+00 2.50e-01h  3
 739  4.1345298e-03 1.41e-04 7.87e-03 -11.0 1.22e-01    -  1.00e+00 3.12e-02h  6
iter    objective    inf_pr   inf_du lg(mu)  ||d||  lg(rg) alpha_du alpha_pr  ls
 740  4.1278254e-03 1.33e-04 1.38e-03 -11.0 2.20e-02    -  1.00e+00 1.00e+00h  1
 741  4.1260202e-03 1.78e-04 1.82e-03 -11.0 7.47e-01    -  1.00e+00 1.56e-02h  7
 742  4.1245000e-03 3.26e-04 3.52e-03 -11.0 3.24e-01    -  1.00e+00 6.25e-02h  5
 743  4.1239989e-03 4.47e-04 5.32e-03 -11.0 2.94e-01    -  1.00e+00 6.25e-02h  5
 744  4.1185551e-03 1.18e-03 1.06e-02 -11.0 6.25e-01    -  1.00e+00 6.25e-02h  5
 745  4.1168351e-03 1.18e-03 1.18e-02 -11.0 4.49e-01    -  1.00e+00 1.56e-02h  7
 746  4.1179898e-03 6.00e-04 6.43e-03 -11.0 2.15e-02    -  1.00e+00 5.00e-01h  2
 747  4.1183821e-03 5.28e-04 5.76e-03 -11.0 4.65e-02    -  1.00e+00 1.25e-01h  4
 748  4.1402698e-03 6.54e-05 1.95e-03 -11.0 9.25e-03    -  1.00e+00 1.00e+00h  1
 749  4.1284956e-03 8.37e-05 1.57e-03 -11.0 1.75e-02    -  1.00e+00 1.00e+00h  1
iter    objective    inf_pr   inf_du lg(mu)  ||d||  lg(rg) alpha_du alpha_pr  ls
 750  4.1225254e-03 8.23e-05 1.48e-03 -11.0 5.60e-02    -  1.00e+00 6.25e-02h  5
 751  4.1199005e-03 1.62e-05 1.39e-03 -11.0 9.46e-03    -  1.00e+00 1.00e+00h  1
 752  4.1279241e-03 1.28e-05 2.55e-03 -11.0 7.89e-03    -  1.00e+00 1.00e+00h  1
 753  4.1260051e-03 1.36e-06 1.39e-03 -11.0 1.07e-02    -  1.00e+00 1.00e+00H  1
 754  4.2171322e-03 6.07e-08 3.74e-03 -11.0 1.90e-02    -  1.00e+00 1.00e+00H  1
 755  4.1135076e-03 9.56e-05 3.92e-03 -11.0 2.03e-02    -  1.00e+00 1.00e+00h  1
 756  4.1157760e-03 4.81e-05 1.98e-03 -11.0 3.22e-03    -  1.00e+00 5.00e-01h  2
 757  4.1132529e-03 9.67e-07 1.59e-04 -11.0 2.14e-03    -  1.00e+00 1.00e+00h  1
 758  4.1134226e-03 3.45e-08 2.25e-04 -11.0 3.08e-04    -  1.00e+00 1.00e+00h  1
 759  4.1130703e-03 7.79e-09 6.16e-05 -11.0 1.16e-04    -  1.00e+00 1.00e+00h  1
iter    objective    inf_pr   inf_du lg(mu)  ||d||  lg(rg) alpha_du alpha_pr  ls
 760  4.1129603e-03 1.56e-08 6.18e-05 -11.0 1.76e-04    -  1.00e+00 1.00e+00h  1
 761  4.1121000e-03 1.66e-06 2.27e-04 -11.0 1.97e-03    -  1.00e+00 1.00e+00h  1
 762  4.1119861e-03 9.14e-06 6.33e-04 -11.0 2.67e-01    -  1.00e+00 1.56e-02h  7
 763  4.1623434e-03 3.19e-09 3.08e-03 -11.0 1.08e-02    -  1.00e+00 1.00e+00H  1
 764  4.1618276e-03 7.28e-09 3.07e-03 -11.0 2.30e-02    -  1.00e+00 3.91e-03h  9
 765  4.1609244e-03 7.08e-09 3.04e-03 -11.0 3.55e-02    -  1.00e+00 1.95e-03h 10
 766  4.1073043e-03 2.95e-05 4.63e-03 -11.0 8.40e-03    -  1.00e+00 1.00e+00h  1
 767  4.1059920e-03 1.48e-06 1.08e-03 -11.0 1.61e-03    -  1.00e+00 1.00e+00h  1
 768  4.1097010e-03 9.93e-07 9.33e-04 -11.0 7.82e-03    -  1.00e+00 1.00e+00H  1
 769  4.1088601e-03 9.28e-07 9.69e-04 -11.0 7.27e-02    -  1.00e+00 3.12e-02h  6
iter    objective    inf_pr   inf_du lg(mu)  ||d||  lg(rg) alpha_du alpha_pr  ls
 770  4.1059767e-03 9.11e-06 9.26e-04 -11.0 8.52e-02    -  1.00e+00 6.25e-02h  5
 771  4.1042626e-03 1.52e-04 1.89e-03 -11.0 3.84e-01    -  1.00e+00 6.25e-02h  5
 772  4.1039580e-03 1.50e-04 2.47e-03 -11.0 1.01e-01    -  1.00e+00 1.56e-02h  7
 773  4.0962785e-03 4.26e-05 1.85e-03 -11.0 1.22e-02    -  1.00e+00 1.00e+00h  1
 774  4.0945571e-03 6.77e-05 2.28e-03 -11.0 1.83e-01    -  1.00e+00 6.25e-02h  5
 775  4.0887983e-03 2.25e-04 4.60e-03 -11.0 5.03e-01    -  1.00e+00 6.25e-02h  5
 776  4.0869139e-03 2.23e-04 4.77e-03 -11.0 3.44e-01    -  1.00e+00 1.56e-02h  7
 777  4.0814982e-03 2.88e-04 5.58e-03 -11.0 1.78e-01    -  1.00e+00 2.50e-01h  3
 778  4.0759472e-03 3.06e-04 6.13e-03 -11.0 5.65e+00    -  1.00e+00 3.91e-03h  9
 779  4.0752968e-03 3.00e-04 6.05e-03 -11.0 2.61e-01    -  1.00e+00 1.56e-02h  7
iter    objective    inf_pr   inf_du lg(mu)  ||d||  lg(rg) alpha_du alpha_pr  ls
 780  4.0691834e-03 3.52e-05 4.28e-03 -11.0 2.89e-02    -  1.00e+00 1.00e+00h  1
 781  4.0636988e-03 4.30e-05 5.31e-03 -11.0 6.68e-01    -  1.00e+00 1.56e-02h  7
 782  4.0626516e-03 8.26e-05 4.58e-03 -11.0 4.85e-01    -  1.00e+00 6.25e-02h  5
 783  4.0617435e-03 8.19e-05 4.89e-03 -11.0 5.97e-01    -  1.00e+00 7.81e-03h  8
 784  4.0472078e-03 2.29e-04 2.81e-03 -11.0 2.47e-01    -  1.00e+00 2.50e-01h  3
 785  4.0359996e-03 2.68e-04 3.20e-03 -11.0 6.21e+00    -  1.00e+00 3.91e-03h  9
 786  4.0260403e-03 3.90e-04 3.93e-03 -11.0 7.76e-01    -  1.00e+00 3.12e-02h  6
 787  4.0203485e-03 3.86e-04 4.08e-03 -11.0 3.64e-01    -  1.00e+00 3.12e-02h  6
 788  4.0257722e-03 2.85e-04 4.46e-03 -11.0 7.90e-02    -  1.00e+00 2.50e-01h  3
 789  4.0279327e-03 2.55e-04 4.93e-03 -11.0 4.02e-02    -  1.00e+00 1.25e-01h  4
iter    objective    inf_pr   inf_du lg(mu)  ||d||  lg(rg) alpha_du alpha_pr  ls
 790  4.0495940e-03 2.22e-04 2.49e-03 -11.0 2.09e-02    -  1.00e+00 1.00e+00h  1
 791  4.0312582e-03 2.65e-04 4.59e-03 -11.0 3.43e-01    -  1.00e+00 6.25e-02h  5
 792  4.0291571e-03 2.64e-04 4.53e-03 -11.0 2.29e-01    -  1.00e+00 7.81e-03h  8
 793  4.0511580e-03 1.66e-04 3.26e-03 -11.0 2.52e-02    -  1.00e+00 1.00e+00h  1
 794  4.0365259e-03 2.77e-04 4.21e-03 -11.0 2.14e-01    -  1.00e+00 6.25e-02h  5
 795  4.0391229e-03 2.66e-04 4.22e-03 -11.0 7.62e-02    -  1.00e+00 6.25e-02h  5
 796  4.0058361e-03 2.54e-04 1.83e-03 -11.0 2.04e-02    -  1.00e+00 1.00e+00h  1
 797  4.0165256e-03 2.48e-04 2.19e-03 -11.0 2.13e-01    -  1.00e+00 6.25e-02h  5
 798  4.0984669e-03 5.58e-06 6.42e-03 -11.0 1.75e-02    -  1.00e+00 1.00e+00H  1
 799  4.0370558e-03 5.15e-05 1.11e-02 -11.0 1.54e-02    -  1.00e+00 1.00e+00h  1
iter    objective    inf_pr   inf_du lg(mu)  ||d||  lg(rg) alpha_du alpha_pr  ls
 800  4.0141892e-03 4.87e-05 1.30e-02 -11.0 4.30e-02    -  1.00e+00 1.25e-01h  4
 801  4.0136637e-03 2.36e-04 6.93e-03 -11.0 6.75e-02    -  1.00e+00 5.00e-01h  2
 802  4.0112418e-03 2.28e-04 6.72e-03 -11.0 9.44e-02    -  1.00e+00 3.12e-02h  6
 803  3.9999018e-03 7.33e-05 2.90e-03 -11.0 2.37e-02    -  1.00e+00 1.00e+00h  1
 804  3.9987038e-03 9.02e-05 3.29e-03 -11.0 1.26e-01    -  1.00e+00 6.25e-02h  5
 805  3.9985723e-03 8.74e-05 3.24e-03 -11.0 3.03e-02    -  1.00e+00 2.50e-01h  3
 806  4.0614790e-03 4.89e-05 3.68e-03 -11.0 1.07e-02    -  1.00e+00 5.00e-01h  2
 807  3.9847781e-03 1.22e-04 6.57e-04 -11.0 2.06e-02    -  1.00e+00 1.00e+00h  1
 808  4.0043007e-03 2.95e-06 3.86e-03 -11.0 1.04e-02    -  1.00e+00 1.00e+00H  1
 809  4.0002295e-03 7.09e-06 4.51e-03 -11.0 4.40e-02    -  1.00e+00 1.25e-01h  4
iter    objective    inf_pr   inf_du lg(mu)  ||d||  lg(rg) alpha_du alpha_pr  ls
 810  3.9968735e-03 8.99e-06 3.68e-03 -11.0 5.68e-02    -  1.00e+00 6.25e-02h  5
 811  4.0757272e-03 4.12e-07 4.34e-03 -11.0 9.50e-03    -  1.00e+00 1.00e+00H  1
 812  3.9958877e-03 5.93e-06 4.08e-03 -11.0 1.12e-02    -  1.00e+00 1.00e+00H  1
 813  4.0794977e-03 2.95e-07 7.38e-03 -11.0 1.02e-02    -  1.00e+00 1.00e+00H  1
 814  3.9867046e-03 1.38e-05 6.55e-03 -11.0 6.84e-03    -  1.00e+00 1.00e+00h  1
 815  4.0472904e-03 1.57e-06 3.26e-03 -11.0 1.14e-02    -  1.00e+00 1.00e+00H  1
 816  3.9861473e-03 5.37e-07 1.70e-03 -11.0 2.39e-03    -  1.00e+00 1.00e+00h  1
 817  3.9825754e-03 8.10e-07 4.89e-04 -11.0 2.02e-03    -  1.00e+00 1.00e+00h  1
 818  4.0514575e-03 4.89e-07 2.96e-03 -11.0 1.36e-02    -  1.00e+00 1.00e+00H  1
 819  4.0505819e-03 3.44e-07 2.96e-03 -11.0 1.12e-02    -  1.00e+00 1.00e+00H  1
iter    objective    inf_pr   inf_du lg(mu)  ||d||  lg(rg) alpha_du alpha_pr  ls
 820  4.0206626e-03 4.34e-07 2.07e-03 -11.0 1.58e-02    -  1.00e+00 1.25e-01h  4
 821  3.9894204e-03 7.02e-09 1.64e-03 -11.0 2.63e-03    -  1.00e+00 1.00e+00H  1
 822  3.9812296e-03 4.23e-07 8.86e-04 -11.0 1.87e-03    -  1.00e+00 1.00e+00h  1
 823  3.9809879e-03 4.99e-08 4.35e-05 -11.0 5.00e-04    -  1.00e+00 1.00e+00h  1
 824  3.9809518e-03 1.56e-08 6.38e-05 -11.0 2.86e-04    -  1.00e+00 1.00e+00h  1
 825  3.9815489e-03 2.37e-09 3.55e-04 -11.0 1.84e-03    -  1.00e+00 1.00e+00H  1
 826  3.9804177e-03 6.84e-07 5.26e-04 -11.0 2.13e-03    -  1.00e+00 1.00e+00h  1
 827  3.9791319e-03 8.76e-07 7.48e-04 -11.0 3.26e-02    -  1.00e+00 6.25e-02h  5
 828  3.9850383e-03 2.31e-10 8.59e-04 -11.0 1.13e-02    -  1.00e+00 1.00e+00H  1
 829  3.9847034e-03 3.04e-09 8.22e-04 -11.0 6.36e-02    -  1.00e+00 7.81e-03h  8
iter    objective    inf_pr   inf_du lg(mu)  ||d||  lg(rg) alpha_du alpha_pr  ls
 830  3.9717514e-03 1.57e-05 1.21e-03 -11.0 5.77e-01    -  1.00e+00 6.25e-02h  5
 831  3.9611675e-03 2.73e-05 1.71e-03 -11.0 1.71e+01    -  1.00e+00 1.95e-03h 10
 832  3.9596604e-03 2.73e-05 1.85e-03 -11.0 2.45e+00    -  1.00e+00 3.91e-03h  9
 833  3.9495340e-03 5.52e-05 4.48e-03 -11.0 4.55e+00    -  1.00e+00 1.56e-02h  7
 834  3.9454873e-03 5.63e-05 5.65e-03 -11.0 1.66e+01    -  1.00e+00 9.77e-04h 11
 835  3.8910135e-03 2.46e-03 1.90e-02 -11.0 6.56e+00    -  1.00e+00 6.25e-02h  5
 836  3.8877464e-03 2.46e-03 1.81e-02 -11.0 4.67e+01    -  1.00e+00 1.22e-04h 14
 837  3.9010241e-03 2.16e-03 1.56e-02 -11.0 8.83e-02    -  1.00e+00 1.25e-01h  4
 838  3.9095147e-03 1.64e-03 1.26e-02 -11.0 7.26e-02    -  1.00e+00 2.50e-01h  3
 839  1.2193261e-02 5.29e-03 6.23e-02 -11.0 2.96e-01    -  1.00e+00 1.00e+00w  1
iter    objective    inf_pr   inf_du lg(mu)  ||d||  lg(rg) alpha_du alpha_pr  ls
 840  2.1050889e-02 6.69e-03 1.52e-01 -11.0 2.11e-01    -  1.00e+00 1.00e+00w  1
 841  1.3046928e-01 5.14e-02 1.41e+01 -11.0 7.53e-01    -  1.00e+00 1.00e+00w  1
 842  3.9063775e-03 1.59e-03 1.63e-02 -11.0 1.76e+00    -  1.00e+00 6.25e-02h  4
 843  3.9096063e-03 1.35e-03 2.13e-02 -11.0 2.15e-01    -  1.00e+00 2.50e-01h  3
 844  3.9104845e-03 1.19e-03 1.93e-02 -11.0 7.63e-02    -  1.00e+00 5.00e-01h  2
 845  3.9150811e-03 9.00e-04 1.63e-02 -11.0 4.42e-02    -  1.00e+00 2.50e-01h  3
 846  3.9326965e-03 5.37e-04 1.41e-02 -11.0 3.99e-02    -  1.00e+00 5.00e-01h  2
 847  3.8704624e-03 3.10e-04 6.76e-03 -11.0 1.15e-01    -  1.00e+00 2.50e-01h  3
 848  3.8442448e-03 3.11e-04 7.75e-03 -11.0 3.80e-01    -  1.00e+00 3.12e-02h  6
 849  3.8862556e-03 3.08e-04 5.61e-03 -11.0 1.41e-01    -  1.00e+00 1.25e-01h  4
iter    objective    inf_pr   inf_du lg(mu)  ||d||  lg(rg) alpha_du alpha_pr  ls
 850  3.8877002e-03 1.55e-04 4.39e-03 -11.0 1.29e-02    -  1.00e+00 5.00e-01h  2
 851  3.8540995e-03 1.14e-04 1.15e-02 -11.0 3.28e-02    -  1.00e+00 1.00e+00h  1
 852  3.8372196e-03 1.16e-04 5.38e-03 -11.0 7.52e-02    -  1.00e+00 2.50e-01h  3
 853  3.8881160e-03 8.86e-05 6.49e-03 -11.0 2.13e-02    -  1.00e+00 2.50e-01h  3
 854  3.8090703e-03 2.23e-05 1.63e-03 -11.0 9.59e-03    -  1.00e+00 1.00e+00h  1
 855  3.8248400e-03 7.09e-06 2.20e-03 -11.0 8.07e-03    -  1.00e+00 1.00e+00h  1
 856  3.8409764e-03 1.10e-06 3.42e-03 -11.0 1.68e-02    -  1.00e+00 1.00e+00H  1
 857  3.8258659e-03 7.18e-06 2.59e-03 -11.0 8.38e-02    -  1.00e+00 6.25e-02h  5
 858  3.8243817e-03 1.08e-05 2.07e-03 -11.0 3.68e-02    -  1.00e+00 1.25e-01h  4
 859  3.8491411e-03 4.83e-07 5.03e-03 -11.0 3.27e-02    -  1.00e+00 1.00e+00H  1
iter    objective    inf_pr   inf_du lg(mu)  ||d||  lg(rg) alpha_du alpha_pr  ls
 860  3.8471631e-03 6.35e-07 4.97e-03 -11.0 1.45e-01    -  1.00e+00 7.81e-03h  8
 861  3.8467500e-03 6.49e-07 4.94e-03 -11.0 1.64e-01    -  1.00e+00 1.95e-03h 10
 862  3.8409019e-03 2.23e-06 4.90e-03 -11.0 1.99e-01    -  1.00e+00 1.56e-02h  7
 863  3.8067624e-03 1.04e-04 3.18e-03 -11.0 7.48e-01    -  1.00e+00 3.12e-02h  6
 864  3.8012162e-03 1.08e-04 2.68e-03 -11.0 9.45e-01    -  1.00e+00 7.81e-03h  8
 865  7.4557679e-03 1.64e-07 2.10e-02 -11.0 5.69e-02    -  1.00e+00 1.00e+00H  1
 866  3.7883459e-03 2.01e-04 1.49e-02 -11.0 5.56e-02    -  1.00e+00 1.00e+00f  1
 867  3.7896073e-03 7.86e-06 2.05e-03 -11.0 1.06e-02    -  1.00e+00 1.00e+00h  1
 868  4.3247107e-03 1.15e-06 1.28e-02 -11.0 9.27e-02    -  1.00e+00 1.00e+00H  1
 869  4.2149044e-03 2.00e-06 1.26e-02 -11.0 5.25e-02    -  1.00e+00 1.25e-01h  4
iter    objective    inf_pr   inf_du lg(mu)  ||d||  lg(rg) alpha_du alpha_pr  ls
 870  4.2068758e-03 2.02e-06 1.24e-02 -11.0 1.20e-01    -  1.00e+00 3.91e-03h  9
 871  4.2027423e-03 2.06e-06 1.24e-02 -11.0 4.45e-01    -  1.00e+00 9.77e-04h 11
 872  4.1997846e-03 2.07e-06 1.23e-02 -11.0 2.14e-01    -  1.00e+00 1.95e-03h 10
 873  4.0604422e-03 6.14e-05 1.19e-02 -11.0 2.99e-01    -  1.00e+00 1.25e-01h  4
 874  4.0571222e-03 5.12e-05 1.51e-02 -11.0 5.80e-02    -  1.00e+00 2.50e-01h  3
 875  3.8289423e-03 4.27e-04 9.72e-03 -11.0 4.40e-02    -  1.00e+00 1.00e+00h  1
 876  3.8973031e-03 4.18e-04 1.36e-02 -11.0 1.44e-01    -  1.00e+00 1.25e-01h  4
 877  3.7991791e-03 6.91e-05 1.33e-02 -11.0 1.88e-02    -  1.00e+00 1.00e+00h  1
 878  3.7721627e-03 6.88e-05 1.40e-02 -11.0 8.47e-02    -  1.00e+00 1.25e-01h  4
 879  3.7717322e-03 8.10e-06 1.27e-03 -11.0 8.26e-03    -  1.00e+00 1.00e+00h  1
iter    objective    inf_pr   inf_du lg(mu)  ||d||  lg(rg) alpha_du alpha_pr  ls
 880  3.8147657e-03 3.23e-06 3.52e-03 -11.0 2.02e-02    -  1.00e+00 1.00e+00H  1
 881  4.1616497e-03 8.32e-07 7.62e-03 -11.0 3.06e-02    -  1.00e+00 1.00e+00H  1
 882  3.7667316e-03 2.79e-05 5.18e-03 -11.0 3.42e-02    -  1.00e+00 1.00e+00H  1
 883  3.7618671e-03 2.28e-05 4.48e-03 -11.0 1.53e-02    -  1.00e+00 2.50e-01h  3
 884  3.7793755e-03 1.27e-06 1.81e-03 -11.0 3.53e-03    -  1.00e+00 1.00e+00h  1
 885  3.7594440e-03 7.33e-07 5.79e-04 -11.0 2.06e-03    -  1.00e+00 1.00e+00h  1
 886  3.7592329e-03 4.81e-08 9.09e-05 -11.0 5.37e-04    -  1.00e+00 1.00e+00h  1
 887  3.7594853e-03 5.20e-10 3.80e-04 -11.0 8.50e-04    -  1.00e+00 1.00e+00H  1
 888  3.7586059e-03 1.03e-07 1.74e-04 -11.0 8.66e-04    -  1.00e+00 1.00e+00h  1
 889  3.7719057e-03 9.79e-11 1.86e-03 -11.0 2.71e-03    -  1.00e+00 1.00e+00H  1
iter    objective    inf_pr   inf_du lg(mu)  ||d||  lg(rg) alpha_du alpha_pr  ls
 890  3.7583672e-03 2.04e-07 4.14e-04 -11.0 1.53e-03    -  1.00e+00 1.00e+00h  1
 891  3.7578469e-03 1.20e-07 1.77e-04 -11.0 5.85e-04    -  1.00e+00 1.00e+00h  1
 892  3.7574168e-03 1.64e-08 1.05e-04 -11.0 6.85e-04    -  1.00e+00 1.00e+00h  1
 893  3.7677437e-03 9.78e-12 1.08e-03 -11.0 4.21e-03    -  1.00e+00 1.00e+00H  1
 894  3.7570774e-03 2.81e-07 5.90e-04 -11.0 1.38e-03    -  1.00e+00 1.00e+00f  1
 895  3.7569520e-03 8.13e-09 2.58e-04 -11.0 2.47e-04    -  1.00e+00 1.00e+00h  1
 896  3.7564608e-03 7.55e-10 8.20e-05 -11.0 1.69e-04    -  1.00e+00 1.00e+00h  1
 897  3.7563762e-03 1.63e-09 7.55e-05 -11.0 2.92e-04    -  1.00e+00 1.00e+00h  1
 898  3.7561582e-03 2.62e-07 3.93e-04 -11.0 3.41e-02    -  1.00e+00 1.25e-01h  4
 899  3.7557999e-03 2.59e-07 4.78e-04 -11.0 7.40e-02    -  1.00e+00 3.12e-02h  6
iter    objective    inf_pr   inf_du lg(mu)  ||d||  lg(rg) alpha_du alpha_pr  ls
 900  3.8325114e-03 4.20e-12 3.77e-03 -11.0 2.17e-02    -  1.00e+00 1.00e+00H  1
 901  3.8321380e-03 1.64e-11 3.77e-03 -11.0 3.98e-02    -  1.00e+00 1.95e-03f 10
 902  3.8321012e-03 1.65e-11 3.77e-03 -11.0 3.54e-01    -  1.00e+00 1.53e-05h 17
 903  3.8320247e-03 3.22e-11 3.76e-03 -11.0 2.55e-01    -  1.00e+00 2.44e-04h 13
 904  3.8320024e-03 3.24e-11 3.76e-03 -11.0 1.17e+00    -  1.00e+00 1.91e-06h 20
 905  3.7534062e-03 3.94e-05 2.73e-03 -11.0 1.68e-01    -  1.00e+00 5.00e-01f  2
 906  3.7175526e-03 4.76e-05 3.78e-03 -11.0 8.02e+00    -  1.00e+00 3.91e-03h  9
 907  3.7117057e-03 4.30e-05 4.52e-03 -11.0 3.14e-01    -  1.00e+00 1.25e-01h  4
 908  3.7079694e-03 4.69e-05 6.95e-03 -11.0 1.39e+01    -  1.00e+00 3.91e-03h  9
 909  3.7006397e-03 5.06e-05 7.69e-03 -11.0 1.79e+01    -  1.00e+00 3.91e-03h  9
iter    objective    inf_pr   inf_du lg(mu)  ||d||  lg(rg) alpha_du alpha_pr  ls
 910  3.6969408e-03 5.33e-05 6.46e-03 -11.0 9.19e+00    -  1.00e+00 3.91e-03h  9
 911  5.8099866e-01 1.94e-01 5.83e-01 -11.0 1.57e+01    -  1.00e+00 1.00e+00w  1
 912  1.4993509e+00 7.96e+00 1.31e+01 -11.0 7.42e+00    -  1.00e+00 1.00e+00w  1
 913  1.8120447e+04 5.95e+06 2.22e+12 -11.0 1.65e+02    -  1.00e+00 1.00e+00w  1
 914  3.6900077e-03 5.60e-05 7.26e-03 -11.0 1.61e+02    -  1.00e+00 3.91e-03h  8
 915  3.7379942e-03 2.91e-05 3.47e+05 -11.0 1.16e-02    -  1.00e+00 5.00e-01h  2
 916  3.7923067e-03 1.39e-05 1.21e+03 -11.0 8.88e-03    -  1.00e+00 1.00e+00h  1
 917  3.7336549e-03 1.00e-06 4.25e+00 -11.0 5.39e-03    -  1.00e+00 1.00e+00h  1
 918  3.7527461e-03 9.71e-07 4.22e+00 -11.0 3.26e-01    -  1.00e+00 3.91e-03h  9
 919  3.7292041e-03 1.81e-06 3.80e+00 -11.0 6.16e-02    -  1.00e+00 1.25e-01h  4
iter    objective    inf_pr   inf_du lg(mu)  ||d||  lg(rg) alpha_du alpha_pr  ls
 920  3.7570992e-03 1.36e-06 3.08e-01 -11.0 9.82e-03  -1.0 1.00e+00 1.00e+00H  1
 921  3.6996002e-03 1.02e-05 3.24e-02 -11.0 1.31e-02    -  1.00e+00 1.00e+00h  1
 922  3.6968864e-03 7.93e-06 2.86e-02 -11.0 2.07e-02    -  1.00e+00 2.50e-01h  3
 923  3.6765811e-03 4.60e-07 9.96e-03 -11.0 3.04e-03    -  1.00e+00 1.00e+00h  1
 924  3.6698738e-03 3.94e-07 1.78e-03 -11.0 1.90e-03    -  1.00e+00 1.00e+00h  1
 925  3.6846988e-03 4.77e-07 2.30e-02 -11.0 1.34e-02    -  1.00e+00 1.00e+00H  1
 926  3.6782592e-03 3.34e-07 2.30e-02 -11.0 9.74e-03    -  1.00e+00 2.50e-01h  3
 927  3.6493247e-03 3.28e-06 7.12e-04 -11.0 4.92e-03    -  1.00e+00 1.00e+00h  1
 928  3.6422516e-03 5.32e-07 5.95e-04 -11.0 3.96e-03    -  1.00e+00 1.00e+00h  1
 929  3.6385275e-03 6.63e-07 1.76e-03 -11.0 5.79e-02    -  1.00e+00 6.25e-02h  5
iter    objective    inf_pr   inf_du lg(mu)  ||d||  lg(rg) alpha_du alpha_pr  ls
 930  3.6324532e-03 6.10e-06 5.43e-03 -11.0 1.25e-02    -  1.00e+00 1.00e+00h  1
 931  3.6293509e-03 4.74e-06 7.33e-03 -11.0 4.34e-02    -  1.00e+00 1.25e-01h  4
 932  3.6309642e-03 2.46e-06 3.60e-03 -11.0 5.52e-03    -  1.00e+00 5.00e-01h  2
 933  3.6239318e-03 8.53e-07 4.89e-04 -11.0 3.88e-03    -  1.00e+00 1.00e+00h  1
 934  3.6278833e-03 4.46e-07 8.66e-04 -11.0 1.04e-03    -  1.00e+00 5.00e-01h  2
 935  3.6235463e-03 2.61e-08 1.35e-04 -11.0 4.31e-04    -  1.00e+00 1.00e+00h  1
 936  3.6233935e-03 6.50e-09 1.13e-04 -11.0 3.79e-04    -  1.00e+00 1.00e+00h  1
 937  3.7659683e-03 2.74e-09 3.91e-03 -11.0 2.40e-02    -  1.00e+00 1.00e+00H  1
 938  3.6221947e-03 1.63e-05 3.84e-03 -11.0 1.64e-02    -  1.00e+00 1.00e+00f  1
 939  3.6213933e-03 1.15e-05 2.34e-03 -11.0 1.24e-02    -  1.00e+00 2.50e-01h  3
iter    objective    inf_pr   inf_du lg(mu)  ||d||  lg(rg) alpha_du alpha_pr  ls
 940  3.6203481e-03 5.15e-07 8.78e-04 -11.0 3.81e-03    -  1.00e+00 1.00e+00h  1
 941  3.6183362e-03 1.12e-06 1.14e-03 -11.0 1.80e-02    -  1.00e+00 2.50e-01h  3
 942  3.6180972e-03 9.55e-07 1.58e-03 -11.0 3.50e-02    -  1.00e+00 6.25e-02h  5
 943  3.6197672e-03 9.91e-07 1.14e-03 -11.0 3.11e-03    -  1.00e+00 1.00e+00h  1
 944  3.6160715e-03 1.48e-06 2.00e-03 -11.0 4.99e-03    -  1.00e+00 1.00e+00h  1
 945  3.6356731e-03 2.96e-09 1.44e-03 -11.0 1.16e-02    -  1.00e+00 1.00e+00H  1
 946  3.6348152e-03 4.02e-09 1.40e-03 -11.0 2.24e-02    -  1.00e+00 1.56e-02h  7
 947  3.6338641e-03 3.97e-09 1.39e-03 -11.0 2.42e-02    -  1.00e+00 7.81e-03h  8
 948  3.6328033e-03 4.87e-09 1.34e-03 -11.0 2.45e-02    -  1.00e+00 7.81e-03h  8
 949  3.6150835e-03 1.32e-05 2.33e-03 -11.0 9.02e-03    -  1.00e+00 1.00e+00h  1
iter    objective    inf_pr   inf_du lg(mu)  ||d||  lg(rg) alpha_du alpha_pr  ls
 950  3.6124681e-03 1.18e-05 1.97e-03 -11.0 1.70e-02    -  1.00e+00 1.25e-01h  4
 951  3.6120781e-03 6.75e-07 5.16e-04 -11.0 2.07e-03    -  1.00e+00 1.00e+00h  1
 952  3.6142285e-03 4.23e-07 8.38e-04 -11.0 2.04e-03    -  1.00e+00 1.00e+00h  1
 953  3.6106125e-03 3.14e-07 3.76e-04 -11.0 2.62e-03    -  1.00e+00 1.00e+00h  1
 954  3.6108055e-03 3.93e-08 3.26e-04 -11.0 1.08e-03    -  1.00e+00 1.00e+00h  1
 955  3.6109006e-03 8.43e-10 4.24e-04 -11.0 1.87e-03    -  1.00e+00 1.00e+00H  1
 956  3.6137473e-03 4.17e-11 1.33e-03 -11.0 7.46e-03    -  1.00e+00 1.00e+00H  1
 957  3.6122811e-03 1.92e-11 5.67e-04 -11.0 2.24e-03    -  1.00e+00 1.00e+00H  1
 958  3.6121640e-03 5.38e-12 7.81e-04 -11.0 3.92e-03    -  1.00e+00 1.00e+00H  1
 959  3.6089357e-03 6.86e-07 5.99e-04 -11.0 3.03e-03    -  1.00e+00 1.00e+00h  1
iter    objective    inf_pr   inf_du lg(mu)  ||d||  lg(rg) alpha_du alpha_pr  ls
 960  3.6400809e-03 1.74e-12 1.87e-03 -11.0 7.61e-03    -  1.00e+00 1.00e+00H  1
 961  3.6073531e-03 2.26e-06 1.12e-03 -11.0 4.91e-03    -  1.00e+00 1.00e+00f  1
 962  3.6071761e-03 2.08e-08 9.63e-05 -11.0 5.06e-04    -  1.00e+00 1.00e+00h  1
 963  3.6100318e-03 2.06e-10 1.59e-03 -11.0 1.43e-02    -  1.00e+00 1.00e+00H  1
 964  3.6098746e-03 1.04e-08 1.59e-03 -11.0 3.73e-01    -  1.00e+00 9.77e-04h 11
 965  3.6097075e-03 2.33e-08 1.57e-03 -11.0 8.05e-01    -  1.00e+00 4.88e-04h 12
 966  3.6063247e-03 4.11e-05 1.12e-02 -11.0 1.51e+00    -  1.00e+00 1.56e-02h  7
 967  3.6041110e-03 3.97e-04 1.67e-02 -11.0 9.88e-01    -  1.00e+00 6.25e-02h  5
 968  3.6027067e-03 4.04e-04 1.95e-02 -11.0 2.05e+00    -  1.00e+00 3.91e-03h  9
 969  3.5939773e-03 5.82e-04 1.97e-02 -11.0 6.01e-01    -  1.00e+00 6.25e-02h  5
iter    objective    inf_pr   inf_du lg(mu)  ||d||  lg(rg) alpha_du alpha_pr  ls
 970  3.5619902e-03 1.58e-03 3.33e-02 -11.0 2.12e+01    -  1.00e+00 3.91e-03h  9
 971  3.5601852e-03 1.58e-03 2.66e-02 -11.0 1.71e+01    -  1.00e+00 4.88e-04h 12
 972  3.5906103e-03 1.40e-03 1.94e-02 -11.0 1.05e-01    -  1.00e+00 1.25e-01h  4
 973  3.5844384e-03 1.31e-03 2.00e-02 -11.0 5.75e-02    -  1.00e+00 6.25e-02h  5
 974  3.5555463e-03 6.15e-04 1.72e-02 -11.0 7.51e-02    -  1.00e+00 1.00e+00h  1
 975  3.5499343e-03 9.53e-04 1.65e-02 -11.0 5.45e+00    -  1.00e+00 7.81e-03h  8
 976  3.5499311e-03 9.39e-04 1.77e-02 -11.0 2.21e-01    -  1.00e+00 1.56e-02h  7
 977  3.5588503e-03 9.40e-05 3.26e-03 -11.0 2.83e-02    -  1.00e+00 1.00e+00h  1
 978  3.5586679e-03 9.23e-05 3.86e-03 -11.0 3.51e-01    -  1.00e+00 3.12e-02h  6
 979  3.5533540e-03 1.51e-04 7.16e-03 -11.0 6.39e-02    -  1.00e+00 5.00e-01h  2
iter    objective    inf_pr   inf_du lg(mu)  ||d||  lg(rg) alpha_du alpha_pr  ls
 980  3.5516552e-03 1.43e-04 7.54e-03 -11.0 4.27e-02    -  1.00e+00 6.25e-02h  5
 981  3.5233052e-03 8.06e-05 6.95e-03 -11.0 2.87e-02    -  1.00e+00 1.00e+00h  1
 982  3.5225492e-03 8.04e-05 5.44e-03 -11.0 2.83e-01    -  1.00e+00 1.56e-02h  7
 983  3.5164992e-03 4.57e-04 3.53e-02 -11.0 3.29e-01    -  1.00e+00 2.50e-01h  3
 984  3.5078623e-03 9.62e-04 6.66e-02 -11.0 2.55e+01    -  1.00e+00 3.91e-03h  9
 985  3.4994867e-03 9.69e-04 7.02e-02 -11.0 4.45e+00    -  1.00e+00 1.95e-03h 10
 986  3.4982342e-03 9.42e-04 7.14e-02 -11.0 1.52e-01    -  1.00e+00 3.12e-02h  6
 987  3.5163088e-03 7.18e-04 5.95e-02 -11.0 1.44e-02    -  1.00e+00 2.50e-01h  3
 988  3.5082911e-03 1.29e-04 5.63e-02 -11.0 2.78e-02    -  1.00e+00 1.00e+00h  1
 989  3.4933971e-03 1.26e-04 2.22e-02 -11.0 1.58e+00    -  1.00e+00 7.81e-03h  8
iter    objective    inf_pr   inf_du lg(mu)  ||d||  lg(rg) alpha_du alpha_pr  ls
 990  3.4929980e-03 1.26e-04 3.14e-02 -11.0 1.46e-01    -  1.00e+00 1.25e-01h  4
 991  3.4924851e-03 1.42e-04 3.66e-02 -11.0 9.83e-01    -  1.00e+00 1.56e-02h  7
 992  3.4918289e-03 1.41e-04 3.35e-02 -11.0 6.50e-01    -  1.00e+00 1.56e-02h  7
 993  3.4928359e-03 1.40e-04 3.21e-02 -11.0 2.63e-01    -  1.00e+00 3.12e-02h  6
 994  3.4893338e-03 1.35e-04 3.03e-02 -11.0 1.75e-01    -  1.00e+00 3.12e-02h  6
 995  3.4794740e-03 4.58e-04 1.42e-01 -11.0 2.49e-01    -  1.00e+00 2.50e-01h  3
 996  3.4736541e-03 3.80e-04 7.01e-02 -11.0 5.70e-02    -  1.00e+00 5.00e-01h  2
 997  3.4705401e-03 4.78e-04 1.09e-01 -11.0 3.85e+00    -  1.00e+00 7.81e-03h  8
 998  3.4700941e-03 4.79e-04 1.03e-01 -11.0 1.97e+00    -  1.00e+00 3.91e-03h  9
 999  1.2391054e-02 2.72e-03 8.01e-02 -11.0 1.22e-01    -  1.00e+00 1.00e+00w  1
iter    objective    inf_pr   inf_du lg(mu)  ||d||  lg(rg) alpha_du alpha_pr  ls
1000  3.6943206e-03 1.41e-03 2.11e-01 -11.0 1.39e-01    -  1.00e+00 1.00e+00w  1
1001  4.6343689e-02 1.26e-03 9.06e-02 -11.0 6.34e-02    -  1.00e+00 1.00e+00w  1
1002  3.4685583e-03 4.68e-04 9.76e-02 -11.0 1.57e-01    -  1.00e+00 3.12e-02h  5
1003  3.4902305e-03 4.54e-04 4.37e-02 -11.0 6.49e-02    -  1.00e+00 1.00e+00h  1
1004  3.4882697e-03 4.57e-04 4.72e-02 -11.0 2.51e+00    -  1.00e+00 3.91e-03h  9
1005  3.4908353e-03 4.57e-04 4.49e-02 -11.0 5.69e-01    -  1.00e+00 1.56e-02h  7
1006  3.4803984e-03 5.97e-04 4.40e-02 -11.0 1.56e-01    -  1.00e+00 5.00e-01h  2
1007  3.4756834e-03 6.01e-04 4.51e-02 -11.0 2.78e+00    -  1.00e+00 3.91e-03h  9
1008  3.4462054e-03 2.29e-03 3.13e-02 -11.0 1.59e+00    -  1.00e+00 6.25e-02h  5
1009  3.4517187e-03 2.29e-03 2.96e-02 -11.0 1.18e+00    -  1.00e+00 3.91e-03h  9
iter    objective    inf_pr   inf_du lg(mu)  ||d||  lg(rg) alpha_du alpha_pr  ls
1010  3.4542226e-03 1.18e-03 2.52e-02 -11.0 4.87e-02    -  1.00e+00 5.00e-01h  2
1011  3.4600974e-03 1.12e-03 2.55e-02 -11.0 1.98e-01    -  1.00e+00 6.25e-02h  5
1012  3.4488185e-03 5.77e-04 9.30e-03 -11.0 1.15e-02    -  1.00e+00 5.00e-01h  2
1013  3.4282089e-03 6.41e-06 8.46e-03 -11.0 1.03e-02    -  1.00e+00 1.00e+00h  1
1014  3.5760472e-03 2.06e-06 9.03e-03 -11.0 1.23e-02    -  1.00e+00 1.00e+00H  1
1015  3.4248202e-03 8.32e-06 1.11e-03 -11.0 8.47e-03    -  1.00e+00 1.00e+00h  1
1016  3.4247928e-03 6.80e-07 8.87e-04 -11.0 2.73e-03    -  1.00e+00 1.00e+00h  1
1017  3.4207155e-03 3.91e-06 8.69e-04 -11.0 7.78e-03    -  1.00e+00 1.00e+00h  1
1018  3.4190527e-03 4.51e-06 1.43e-03 -11.0 6.92e-02    -  1.00e+00 6.25e-02h  5
1019  3.4204624e-03 4.02e-06 1.16e-03 -11.0 3.48e-02    -  1.00e+00 1.25e-01h  4
iter    objective    inf_pr   inf_du lg(mu)  ||d||  lg(rg) alpha_du alpha_pr  ls
1020  3.4186105e-03 2.13e-06 1.05e-03 -11.0 5.75e-03    -  1.00e+00 5.00e-01h  2
1021  3.4148934e-03 4.26e-07 7.53e-04 -11.0 3.47e-03    -  1.00e+00 1.00e+00h  1
1022  3.4127605e-03 1.46e-06 6.27e-04 -11.0 6.45e-03    -  1.00e+00 1.00e+00h  1
1023  3.4102144e-03 7.70e-06 1.11e-03 -11.0 1.11e+00    -  1.00e+00 1.56e-02h  7
1024  3.4101279e-03 7.68e-06 1.37e-03 -11.0 4.50e-01    -  1.00e+00 7.81e-03h  8
1025  3.4215702e-03 6.58e-08 1.62e-03 -11.0 3.76e-02    -  1.00e+00 1.00e+00H  1
1026  3.4198552e-03 1.81e-07 1.53e-03 -11.0 1.19e-01    -  1.00e+00 1.56e-02h  7
1027  3.4179960e-03 4.31e-07 1.51e-03 -11.0 3.55e-01    -  1.00e+00 3.91e-03h  9
1028  3.4062199e-03 6.49e-05 3.06e-02 -11.0 8.65e-01    -  1.00e+00 3.12e-02h  6
1029  3.4040858e-03 6.78e-05 4.98e-02 -11.0 2.64e+00    -  1.00e+00 7.81e-03h  8
iter    objective    inf_pr   inf_du lg(mu)  ||d||  lg(rg) alpha_du alpha_pr  ls
1030  3.4032564e-03 7.91e-05 5.96e-02 -11.0 1.99e+00    -  1.00e+00 7.81e-03h  8
1031  3.4002591e-03 8.99e-05 7.63e-02 -11.0 3.09e+00    -  1.00e+00 7.81e-03h  8
1032  3.3866990e-03 7.25e-05 5.05e-02 -11.0 1.25e+00    -  1.00e+00 1.56e-02h  7
1033  3.3817847e-03 1.12e-04 8.42e-02 -11.0 3.22e+00    -  1.00e+00 1.56e-02h  7
1034  3.3683851e-03 2.10e-04 1.36e-01 -11.0 5.03e+01    -  1.00e+00 1.95e-03h 10
1035  3.3562328e-03 2.44e-04 1.91e-01 -11.0 1.23e+02    -  1.00e+00 9.77e-04h 11
1036  1.0015319e+00 3.42e-01 6.79e-01 -11.0 2.09e+01    -  1.00e+00 1.00e+00w  1
1037  1.1384597e+00 6.57e-02 5.37e+01 -11.0 4.34e+00    -  1.00e+00 1.00e+00w  1
1038  5.3426994e+01 5.51e+02 7.88e+04 -11.0 3.27e+01    -  1.00e+00 1.00e+00w  1
1039  3.3511028e-03 2.68e-04 2.28e-01 -11.0 2.97e+01    -  1.00e+00 3.91e-03h  8
iter    objective    inf_pr   inf_du lg(mu)  ||d||  lg(rg) alpha_du alpha_pr  ls
1040  3.3460386e-03 2.48e-04 2.32e-01 -11.0 4.56e-01    -  1.00e+00 6.25e-02h  5
1041  3.3608889e-03 2.00e-05 2.19e-01 -11.0 9.22e-03    -  1.00e+00 1.00e+00h  1
1042  3.3190130e-03 3.93e-06 2.09e-01 -11.0 5.88e-03    -  1.00e+00 1.00e+00h  1
1043  3.3121375e-03 2.64e-06 2.61e-02 -11.0 2.84e-03    -  1.00e+00 1.00e+00h  1
1044  3.3038844e-03 6.02e-07 6.15e-04 -11.0 8.80e-04    -  1.00e+00 1.00e+00h  1
1045  3.3024474e-03 6.18e-08 4.69e-04 -11.0 5.42e-04    -  1.00e+00 1.00e+00h  1
1046  3.3088921e-03 3.06e-08 1.18e-03 -11.0 7.36e-03    -  1.00e+00 1.00e+00H  1
1047  3.2918778e-03 1.11e-06 9.66e-03 -11.0 6.59e-03    -  1.00e+00 1.00e+00h  1
1048  3.2857524e-03 2.81e-06 1.80e-02 -11.0 2.39e-03    -  1.00e+00 1.00e+00h  1
1049  3.2808295e-03 2.90e-07 2.37e-03 -11.0 2.12e-03    -  1.00e+00 1.00e+00h  1
iter    objective    inf_pr   inf_du lg(mu)  ||d||  lg(rg) alpha_du alpha_pr  ls
1050  3.2773063e-03 3.74e-06 1.33e-03 -11.0 1.14e-02    -  1.00e+00 1.00e+00h  1
1051  3.2750656e-03 1.21e-05 7.13e-03 -11.0 1.86e-02    -  1.00e+00 1.00e+00h  1
1052  3.2719339e-03 1.24e-05 9.71e-03 -11.0 1.28e-01    -  1.00e+00 3.12e-02h  6
1053  3.2732286e-03 4.99e-06 2.61e-02 -11.0 8.55e-03    -  1.00e+00 1.00e+00h  1
1054  3.2822072e-03 1.21e-07 8.23e-03 -11.0 1.18e-02    -  1.00e+00 1.00e+00H  1
1055  3.3796019e-03 4.33e-09 4.34e-03 -11.0 6.92e-03    -  1.00e+00 1.00e+00H  1
1056  3.2638713e-03 5.78e-06 2.44e-01 -11.0 9.23e-03    -  1.00e+00 1.00e+00f  1
1057  3.2638017e-03 8.30e-08 3.54e-04 -11.0 4.77e-04    -  1.00e+00 1.00e+00h  1
1058  3.2629247e-03 6.68e-09 1.03e-04 -11.0 8.11e-04    -  1.00e+00 1.00e+00h  1
1059  3.2622537e-03 1.54e-07 1.49e-04 -11.0 2.46e-03    -  1.00e+00 1.00e+00h  1
iter    objective    inf_pr   inf_du lg(mu)  ||d||  lg(rg) alpha_du alpha_pr  ls
1060  3.2618708e-03 9.50e-07 5.48e-04 -11.0 2.46e-02    -  1.00e+00 1.25e-01h  4
1061  3.2612490e-03 3.58e-06 1.33e-03 -11.0 1.24e-02    -  1.00e+00 2.50e-01h  3
1062  3.2729197e-03 8.69e-09 1.45e-03 -11.0 5.80e-03    -  1.00e+00 1.00e+00H  1
1063  3.2572376e-03 1.33e-05 2.49e-02 -11.0 6.80e-03    -  1.00e+00 1.00e+00h  1
1064  3.2578196e-03 1.13e-05 1.74e-02 -11.0 1.06e-02    -  1.00e+00 2.50e-01h  3
1065  3.2527546e-03 9.54e-07 1.64e-03 -11.0 1.43e-03    -  1.00e+00 1.00e+00h  1
1066  3.2531707e-03 3.45e-06 9.17e-04 -11.0 2.73e-03    -  1.00e+00 1.00e+00h  1
1067  3.2525531e-03 2.77e-05 3.10e-03 -11.0 7.69e-03    -  1.00e+00 1.00e+00h  1
1068  3.2508323e-03 3.35e-05 5.36e-03 -11.0 6.68e-02    -  1.00e+00 6.25e-02h  5
1069  3.2499872e-03 3.57e-05 6.21e-03 -11.0 4.79e-02    -  1.00e+00 6.25e-02h  5
iter    objective    inf_pr   inf_du lg(mu)  ||d||  lg(rg) alpha_du alpha_pr  ls
1070  3.2514570e-03 2.63e-05 4.96e-03 -11.0 7.67e-03    -  1.00e+00 2.50e-01h  3
1071  3.2476863e-03 5.62e-07 5.11e-04 -11.0 1.25e-03    -  1.00e+00 1.00e+00h  1
1072  3.2473986e-03 1.35e-06 1.31e-03 -11.0 1.62e-03    -  1.00e+00 1.00e+00h  1
1073  3.2472932e-03 2.18e-06 1.69e-03 -11.0 4.23e-02    -  1.00e+00 3.12e-02h  6
1074  3.2470473e-03 6.10e-06 1.67e-03 -11.0 2.35e-02    -  1.00e+00 1.25e-01h  4
1075  3.2462159e-03 2.20e-05 8.15e-04 -11.0 9.20e-02    -  1.00e+00 6.25e-02h  5
1076  3.2460906e-03 2.19e-05 9.14e-04 -11.0 5.66e-02    -  1.00e+00 7.81e-03h  8
1077  3.2465593e-03 1.10e-05 6.72e-04 -11.0 4.05e-03    -  1.00e+00 5.00e-01h  2
1078  3.2498804e-03 3.71e-07 2.26e-03 -11.0 1.40e-02    -  1.00e+00 1.00e+00H  1
1079  3.2493841e-03 4.26e-08 5.95e-04 -11.0 5.91e-02    -  1.00e+00 1.56e-02h  7
iter    objective    inf_pr   inf_du lg(mu)  ||d||  lg(rg) alpha_du alpha_pr  ls
1080  3.2465463e-03 2.58e-06 1.18e-03 -11.0 8.61e-03    -  1.00e+00 1.00e+00H  1
1081  3.2452178e-03 8.32e-06 1.17e-03 -11.0 1.22e-01    -  1.00e+00 3.12e-02h  6
1082  3.2455622e-03 7.73e-06 1.01e-03 -11.0 8.41e-03    -  1.00e+00 1.25e-01h  4
1083  3.2440744e-03 3.83e-06 1.08e-03 -11.0 3.29e-03    -  1.00e+00 1.00e+00h  1
1084  3.2438341e-03 4.36e-06 1.16e-03 -11.0 2.44e-02    -  1.00e+00 6.25e-02h  5
1085  3.2433799e-03 7.53e-07 2.59e-04 -11.0 1.71e-03    -  1.00e+00 1.00e+00h  1
1086  3.2425520e-03 1.46e-06 6.80e-04 -11.0 3.65e-02    -  1.00e+00 1.25e-01h  4
1087  3.2422617e-03 1.61e-06 7.98e-04 -11.0 2.28e-02    -  1.00e+00 1.25e-01h  4
1088  3.2419373e-03 6.44e-06 1.36e-03 -11.0 3.13e-02    -  1.00e+00 1.25e-01h  4
1089  3.2410127e-03 8.38e-06 1.45e-03 -11.0 1.60e-01    -  1.00e+00 6.25e-02h  5
iter    objective    inf_pr   inf_du lg(mu)  ||d||  lg(rg) alpha_du alpha_pr  ls
1090  3.2393000e-03 1.33e-05 1.84e-03 -11.0 7.35e-01    -  1.00e+00 1.56e-02h  7
1091  3.2313413e-03 1.04e-04 3.20e-03 -11.0 4.60e+00    -  1.00e+00 1.56e-02h  7
1092  3.2304892e-03 1.06e-04 4.39e-03 -11.0 4.38e+00    -  1.00e+00 3.91e-03h  9
1093  3.2256924e-03 1.17e-04 5.68e-03 -11.0 3.15e+00    -  1.00e+00 1.56e-02h  7
1094  3.2256538e-03 1.39e-04 6.06e-03 -11.0 1.56e+01    -  1.00e+00 3.91e-03h  9
1095  3.2198924e-03 1.64e-04 6.17e-03 -11.0 5.88e+00    -  1.00e+00 7.81e-03h  8
1096  6.1980109e-01 1.81e+00 2.65e+02 -11.0 3.92e+01    -  1.00e+00 1.00e+00w  1
1097  1.2126893e+02 1.34e+04 1.69e+05 -11.0 2.09e+01    -  1.00e+00 1.00e+00w  1
1098  5.8269900e+06 2.24e+17 8.65e+17 -11.0 1.81e+03    -  1.00e+00 1.00e+00w  1
1099  3.1407659e-03 2.91e-03 9.05e-03 -11.0 2.12e+03    -  1.00e+00 1.56e-02h  6
iter    objective    inf_pr   inf_du lg(mu)  ||d||  lg(rg) alpha_du alpha_pr  ls
1100  3.1570290e-03 2.74e-03 6.48e+03 -11.0 3.42e-01    -  1.00e+00 6.25e-02h  5
1101  3.2043858e-03 2.57e-03 1.96e+04 -11.0 3.23e-01    -  1.00e+00 6.25e-02h  5
1102  3.1842628e-03 2.26e-03 1.71e+04 -11.0 2.56e-02    -  1.00e+00 1.25e-01h  4
1103  3.2005177e-03 2.12e-03 1.60e+04 -11.0 2.48e-02    -  1.00e+00 6.25e-02h  5
1104  3.2132412e-03 2.05e-03 1.55e+04 -11.0 3.49e-02    -  1.00e+00 3.12e-02h  6
1105  5.0062019e-03 3.37e-04 4.72e+03 -11.0 3.42e-02    -  1.00e+00 1.00e+00h  1
1106  5.7385530e-03 1.92e-05 8.65e+02 -11.0 9.62e-03    -  1.00e+00 1.00e+00h  1
1107  5.7224503e-03 1.28e-07 1.91e-02 -11.0 1.20e-03    -  1.00e+00 1.00e+00h  1
1108  5.4674942e-03 4.06e-05 4.96e-01 -11.0 4.85e-02    -  1.00e+00 5.00e-01f  2
1109  3.3323197e-03 5.15e-06 3.96e-01 -11.0 1.10e-02    -  1.00e+00 1.00e+00h  1
iter    objective    inf_pr   inf_du lg(mu)  ||d||  lg(rg) alpha_du alpha_pr  ls
1110  3.2716282e-03 1.18e-06 5.01e-02 -11.0 1.88e-03    -  1.00e+00 1.00e+00h  1
1111  3.1280316e-03 1.77e-05 8.69e-02 -11.0 9.30e-03    -  1.00e+00 1.00e+00h  1
1112  3.0671628e-03 1.80e-05 1.29e-01 -11.0 1.10e-02    -  1.00e+00 1.00e+00h  1
1113  3.3641641e-03 1.08e-06 3.55e-02 -11.0 1.47e-02    -  1.00e+00 1.00e+00H  1
1114  3.0409130e-03 1.23e-05 1.80e-02 -11.0 1.02e-02    -  1.00e+00 1.00e+00h  1
1115  3.0394825e-03 2.44e-08 3.58e-04 -11.0 5.96e-04    -  1.00e+00 1.00e+00h  1
1116  3.0377779e-03 9.74e-08 3.50e-04 -11.0 1.26e-03    -  1.00e+00 1.00e+00h  1
1117  3.1149118e-03 9.39e-09 3.26e-03 -11.0 3.30e-02    -  1.00e+00 1.00e+00H  1
1118  3.1114965e-03 8.96e-09 3.11e-03 -11.0 2.70e-02    -  1.00e+00 1.56e-02h  7
1119  3.0821309e-03 4.61e-09 2.66e-03 -11.0 1.63e-02    -  1.00e+00 1.00e+00H  1
iter    objective    inf_pr   inf_du lg(mu)  ||d||  lg(rg) alpha_du alpha_pr  ls
1120  3.0647829e-03 4.34e-09 2.20e-03 -11.0 6.79e-03    -  1.00e+00 1.00e+00H  1
1121  3.0121585e-03 9.30e-06 2.11e-02 -11.0 1.21e-02    -  1.00e+00 1.00e+00h  1
1122  3.0186496e-03 5.70e-06 8.37e-03 -11.0 5.36e-03    -  1.00e+00 5.00e-01h  2
1123  3.0099923e-03 8.00e-08 1.94e-03 -11.0 1.10e-03    -  1.00e+00 1.00e+00h  1
1124  3.0094211e-03 3.05e-08 2.67e-04 -11.0 4.80e-04    -  1.00e+00 1.00e+00h  1
1125  3.0065086e-03 1.62e-06 1.89e-03 -11.0 3.31e-03    -  1.00e+00 1.00e+00h  1
1126  3.0043111e-03 1.46e-05 2.50e-03 -11.0 7.33e-02    -  1.00e+00 1.25e-01h  4
1127  3.0026964e-03 1.56e-05 1.77e-03 -11.0 6.11e-02    -  1.00e+00 6.25e-02h  5
1128  2.9954117e-03 3.10e-05 9.95e-03 -11.0 1.65e-02    -  1.00e+00 1.00e+00h  1
1129  2.9870520e-03 5.98e-05 1.46e-02 -11.0 2.92e-01    -  1.00e+00 6.25e-02h  5
iter    objective    inf_pr   inf_du lg(mu)  ||d||  lg(rg) alpha_du alpha_pr  ls
1130  2.9855017e-03 3.66e-05 9.41e-03 -11.0 1.17e-02    -  1.00e+00 5.00e-01h  2
1131  2.9969779e-03 2.92e-05 7.87e-03 -11.0 2.34e-02    -  1.00e+00 2.50e-01h  3
1132  2.9761137e-03 1.03e-05 9.30e-04 -11.0 7.97e-03    -  1.00e+00 1.00e+00h  1
1133  2.9948749e-03 1.02e-05 2.57e-03 -11.0 2.79e-02    -  1.00e+00 1.00e+00H  1
1134  2.9878785e-03 2.42e-05 3.56e-03 -11.0 1.10e-01    -  1.00e+00 1.25e-01h  4
1135  2.9851407e-03 2.55e-05 3.79e-03 -11.0 7.07e-01    -  1.00e+00 3.91e-03h  9
1136  2.9831995e-03 2.61e-05 3.91e-03 -11.0 2.34e-01    -  1.00e+00 7.81e-03h  8
1137  2.9744867e-03 1.69e-05 1.57e-03 -11.0 1.02e-02    -  1.00e+00 1.00e+00h  1
1138  2.9743480e-03 1.75e-05 1.90e-03 -11.0 3.27e-02    -  1.00e+00 1.25e-01h  4
1139  2.9700567e-03 4.03e-06 3.21e-04 -11.0 4.53e-03    -  1.00e+00 1.00e+00h  1
iter    objective    inf_pr   inf_du lg(mu)  ||d||  lg(rg) alpha_du alpha_pr  ls
1140  3.0305050e-03 1.09e-08 3.53e-03 -11.0 2.95e-03    -  1.00e+00 1.00e+00H  1
1141  2.9696749e-03 1.07e-06 3.80e-03 -11.0 2.58e-03    -  1.00e+00 1.00e+00h  1
1142  2.9696154e-03 2.21e-08 6.66e-05 -11.0 3.77e-04    -  1.00e+00 1.00e+00h  1
1143  2.9692500e-03 1.39e-06 3.34e-04 -11.0 5.24e-02    -  1.00e+00 6.25e-02h  5
1144  2.9692349e-03 2.97e-05 1.14e-03 -11.0 9.68e-02    -  1.00e+00 1.25e-01h  4
1145  2.9690830e-03 2.98e-05 1.21e-03 -11.0 1.05e-01    -  1.00e+00 1.56e-02h  7
1146  3.0072549e-03 2.80e-09 2.25e-03 -11.0 1.51e-02    -  1.00e+00 1.00e+00H  1
1147  2.9685323e-03 1.80e-04 2.02e-03 -11.0 2.44e-02    -  1.00e+00 1.00e+00h  1
1148  2.9676829e-03 1.70e-04 2.11e-03 -11.0 4.76e-02    -  1.00e+00 6.25e-02h  5
1149  2.9666953e-03 1.18e-05 4.25e-04 -11.0 7.28e-03    -  1.00e+00 1.00e+00h  1
iter    objective    inf_pr   inf_du lg(mu)  ||d||  lg(rg) alpha_du alpha_pr  ls
1150  2.9662881e-03 1.69e-05 3.26e-04 -11.0 2.79e-01    -  1.00e+00 1.56e-02h  7
1151  2.9660067e-03 2.10e-05 3.51e-04 -11.0 1.26e-01    -  1.00e+00 3.12e-02h  6
1152  2.9658901e-03 2.15e-05 4.70e-04 -11.0 5.91e-02    -  1.00e+00 3.12e-02h  6
1153  2.9657780e-03 1.07e-06 2.26e-03 -11.0 7.95e-03    -  1.00e+00 1.00e+00H  1
1154  2.9634526e-03 4.46e-05 2.91e-03 -11.0 4.31e-01    -  1.00e+00 3.12e-02h  6
1155  2.9296205e-03 5.59e-03 4.13e-03 -11.0 6.10e+00    -  1.00e+00 3.12e-02h  6
1156  2.9139282e-03 6.14e-03 7.54e-03 -11.0 5.91e+00    -  1.00e+00 3.12e-02h  6
1157  2.9044983e-03 6.37e-03 8.20e-03 -11.0 8.32e+00    -  1.00e+00 3.91e-03h  9
1158  2.9041296e-03 6.41e-03 1.02e-02 -11.0 4.10e+00    -  1.00e+00 7.81e-03h  8
1159  2.8942332e-03 6.55e-03 1.13e-02 -11.0 3.07e+00    -  1.00e+00 1.56e-02h  7
iter    objective    inf_pr   inf_du lg(mu)  ||d||  lg(rg) alpha_du alpha_pr  ls
1160  2.8895394e-03 6.59e-03 1.28e-02 -11.0 6.99e+00    -  1.00e+00 7.81e-03h  8
1161  2.8893416e-03 6.57e-03 1.23e-02 -11.0 4.75e+00    -  1.00e+00 3.91e-03h  9
1162  2.8858458e-03 6.17e-03 1.13e-02 -11.0 3.67e-01    -  1.00e+00 6.25e-02h  5
1163  2.9038079e-03 5.32e-03 4.67e-03 -11.0 4.88e-01    -  1.00e+00 2.50e-01h  3
1164  5.6847233e-02 1.03e-02 1.10e-01 -11.0 1.07e+00    -  1.00e+00 1.00e+00w  1
1165  2.0916322e-01 4.91e-02 1.09e+02 -11.0 1.33e+01    -  1.00e+00 1.00e+00w  1
1166  6.8855601e+01 4.04e+01 2.43e+04 -11.0 1.30e+01    -  1.00e+00 1.00e+00w  1
1167  2.8933604e-03 5.25e-03 4.15e-03 -11.0 3.70e+00    -  1.00e+00 1.56e-02h  6
1168  2.8865681e-03 4.63e-03 3.75e-03 -11.0 1.11e-01    -  1.00e+00 1.25e-01h  4
1169  2.8819543e-03 4.34e-03 2.97e-03 -11.0 1.23e-01    -  1.00e+00 6.25e-02h  5
iter    objective    inf_pr   inf_du lg(mu)  ||d||  lg(rg) alpha_du alpha_pr  ls
1170  2.9548314e-03 2.36e-03 7.38e-03 -11.0 1.07e-01    -  1.00e+00 5.00e-01h  2
1171  2.9434817e-03 2.21e-03 7.31e-03 -11.0 2.45e-01    -  1.00e+00 6.25e-02h  5
1172  2.9306110e-03 2.06e-03 6.92e-03 -11.0 2.12e-01    -  1.00e+00 6.25e-02h  5
1173  3.3602156e-03 2.12e-04 5.83e-02 -11.0 4.44e-02    -  1.00e+00 1.00e+00h  1
1174  2.9184538e-03 1.77e-04 4.56e-01 -11.0 4.77e-02    -  1.00e+00 1.00e+00h  1
1175  3.1742716e-03 3.55e-05 1.11e-01 -11.0 2.75e-02    -  1.00e+00 1.00e+00h  1
1176  3.1051861e-03 6.98e-05 2.22e-01 -11.0 2.83e-02    -  1.00e+00 1.00e+00H  1
1177  3.9611267e-03 3.16e-05 4.24e-01 -11.0 5.46e-02    -  1.00e+00 1.00e+00H  1
1178  2.9141580e-03 4.58e-05 1.90e-01 -11.0 4.49e-02    -  1.00e+00 1.00e+00h  1
1179  3.0806646e-03 4.25e-05 8.84e-02 -11.0 1.79e-02    -  1.00e+00 1.00e+00h  1
iter    objective    inf_pr   inf_du lg(mu)  ||d||  lg(rg) alpha_du alpha_pr  ls
1180  2.9547122e-03 1.54e-06 7.85e-02 -11.0 4.10e-03    -  1.00e+00 1.00e+00h  1
1181  2.8459864e-03 3.67e-06 4.72e-02 -11.0 9.63e-03    -  1.00e+00 1.00e+00h  1
1182  2.8455159e-03 3.99e-07 9.54e-04 -11.0 1.44e-03    -  1.00e+00 1.00e+00h  1
1183  2.8416466e-03 1.14e-07 2.12e-03 -11.0 2.61e-03    -  1.00e+00 1.00e+00h  1
1184  3.0076360e-03 7.92e-08 4.46e-03 -11.0 1.66e-02    -  1.00e+00 1.00e+00H  1
1185  2.8444520e-03 1.29e-07 8.88e-04 -11.0 9.36e-03    -  1.00e+00 1.00e+00H  1
1186  2.8929122e-03 2.27e-08 2.13e-03 -11.0 5.80e-03    -  1.00e+00 1.00e+00H  1
1187  2.8349948e-03 8.03e-07 2.26e-02 -11.0 5.54e-03    -  1.00e+00 1.00e+00h  1
1188  2.8346913e-03 2.77e-08 1.34e-04 -11.0 1.02e-03    -  1.00e+00 1.00e+00h  1
1189  2.8342592e-03 2.39e-07 5.91e-04 -11.0 8.17e-02    -  1.00e+00 3.12e-02h  6
iter    objective    inf_pr   inf_du lg(mu)  ||d||  lg(rg) alpha_du alpha_pr  ls
1190  2.9051810e-03 3.71e-08 2.64e-03 -11.0 2.55e-02    -  1.00e+00 1.00e+00H  1
1191  2.8324333e-03 1.37e-05 6.62e-02 -11.0 2.22e-02    -  1.00e+00 1.00e+00h  1
1192  2.8320800e-03 6.50e-06 3.33e-02 -11.0 2.37e-03    -  1.00e+00 5.00e-01h  2
1193  2.8313097e-03 3.47e-06 1.69e-02 -11.0 6.15e-03    -  1.00e+00 5.00e-01h  2
1194  2.8334157e-03 1.62e-06 6.78e-03 -11.0 5.24e-03    -  1.00e+00 5.00e-01h  2
1195  2.8314371e-03 3.36e-07 2.04e-03 -11.0 2.79e-03    -  1.00e+00 1.00e+00h  1
1196  2.8307862e-03 2.65e-07 1.72e-03 -11.0 3.65e-03    -  1.00e+00 1.00e+00h  1
1197  2.8309165e-03 1.32e-08 3.84e-04 -11.0 6.29e-03    -  1.00e+00 1.00e+00H  1
1198  2.8303422e-03 5.56e-08 2.86e-04 -11.0 2.85e-02    -  1.00e+00 6.25e-02h  5
1199  2.8345608e-03 2.50e-09 7.96e-04 -11.0 4.31e-03    -  1.00e+00 1.00e+00H  1
iter    objective    inf_pr   inf_du lg(mu)  ||d||  lg(rg) alpha_du alpha_pr  ls
1200  2.8520284e-03 6.14e-09 1.74e-03 -11.0 1.37e-02    -  1.00e+00 1.00e+00H  1
1201  2.8513646e-03 5.22e-09 1.71e-03 -11.0 1.60e-02    -  1.00e+00 7.81e-03h  8
1202  2.8510653e-03 5.03e-09 1.70e-03 -11.0 1.27e-02    -  1.00e+00 3.91e-03h  9
1203  2.8505764e-03 4.93e-09 1.69e-03 -11.0 3.08e-02    -  1.00e+00 3.91e-03h  9
1204  2.9421775e-03 1.10e-10 4.01e-03 -11.0 2.09e-02    -  1.00e+00 1.00e+00H  1
1205  2.8695588e-03 2.78e-09 2.18e-03 -11.0 2.00e-02    -  1.00e+00 1.00e+00F  1
1206  2.8667531e-03 2.54e-09 2.08e-03 -11.0 3.72e-02    -  1.00e+00 7.81e-03h  8
1207  2.8274382e-03 1.52e-06 4.46e-02 -11.0 5.53e-03    -  1.00e+00 1.00e+00h  1
1208  2.8300307e-03 1.63e-07 6.47e-04 -11.0 5.78e-03    -  1.00e+00 1.00e+00H  1
1209  2.8269192e-03 4.73e-07 1.87e-03 -11.0 2.47e-03    -  1.00e+00 1.00e+00h  1
iter    objective    inf_pr   inf_du lg(mu)  ||d||  lg(rg) alpha_du alpha_pr  ls
1210  2.8259204e-03 6.39e-07 8.98e-04 -11.0 5.55e-03    -  1.00e+00 1.00e+00h  1
1211  2.8252098e-03 7.93e-07 1.02e-03 -11.0 8.33e-02    -  1.00e+00 3.12e-02h  6
1212  2.8613887e-03 2.34e-10 2.41e-03 -11.0 5.17e-03    -  1.00e+00 1.00e+00H  1
1213  2.8245247e-03 3.38e-06 6.32e-03 -11.0 3.38e-03    -  1.00e+00 1.00e+00f  1
1214  2.8243439e-03 7.53e-09 6.44e-05 -11.0 3.87e-04    -  1.00e+00 1.00e+00h  1
1215  2.8230557e-03 7.05e-07 7.87e-04 -11.0 5.16e-02    -  1.00e+00 1.25e-01h  4
1216  2.8216809e-03 3.49e-06 8.42e-04 -11.0 2.82e-01    -  1.00e+00 3.12e-02h  6
1217  2.8214613e-03 4.46e-06 7.87e-04 -11.0 1.17e-01    -  1.00e+00 3.12e-02h  6
1218  2.8185164e-03 6.97e-05 2.24e-03 -11.0 1.23e+00    -  1.00e+00 3.12e-02h  6
1219  2.8165716e-03 9.89e-05 3.07e-03 -11.0 1.30e+00    -  1.00e+00 1.56e-02h  7
iter    objective    inf_pr   inf_du lg(mu)  ||d||  lg(rg) alpha_du alpha_pr  ls
1220  2.8143340e-03 3.32e-04 6.08e-03 -11.0 2.13e+00    -  1.00e+00 3.12e-02h  6
1221  2.8122975e-03 3.35e-04 5.73e-03 -11.0 1.30e+00    -  1.00e+00 7.81e-03h  8
1222  2.8079440e-03 3.77e-04 6.33e-03 -11.0 3.80e-01    -  1.00e+00 1.25e-01h  4
1223  2.8076714e-03 4.48e-04 5.68e-03 -11.0 2.68e+00    -  1.00e+00 1.56e-02h  7
1224  2.8070577e-03 4.24e-04 5.99e-03 -11.0 1.34e-01    -  1.00e+00 6.25e-02h  5
1225  4.5616852e-03 4.95e-03 1.92e-02 -11.0 1.89e-01    -  1.00e+00 1.00e+00w  1
1226  5.2487909e-03 4.58e-03 2.04e-02 -11.0 2.47e-01    -  1.00e+00 1.00e+00w  1
1227  2.4358449e-02 2.89e-02 8.40e-02 -11.0 4.91e-01    -  1.00e+00 1.00e+00w  1
1228  2.8004464e-03 4.15e-04 5.92e-03 -11.0 9.00e-01    -  1.00e+00 6.25e-02h  4
1229  2.8044170e-03 3.18e-04 4.58e-03 -11.0 4.65e-02    -  1.00e+00 2.50e-01h  3
iter    objective    inf_pr   inf_du lg(mu)  ||d||  lg(rg) alpha_du alpha_pr  ls
1230  2.8050210e-03 2.78e-04 4.08e-03 -11.0 5.82e-02    -  1.00e+00 1.25e-01h  4
1231  2.7969915e-03 4.82e-06 1.27e-03 -11.0 8.34e-03    -  1.00e+00 1.00e+00h  1
1232  2.7959307e-03 3.88e-06 1.23e-03 -11.0 1.51e-02    -  1.00e+00 5.00e-01h  2
1233  2.7928593e-03 3.35e-06 1.62e-03 -11.0 1.96e-02    -  1.00e+00 2.50e-01h  3
1234  2.7939101e-03 1.28e-07 9.19e-04 -11.0 4.34e-03    -  1.00e+00 1.00e+00H  1
1235  2.7935347e-03 4.70e-07 1.97e-03 -11.0 5.03e-03    -  1.00e+00 1.00e+00h  1
1236  2.7857096e-03 7.88e-07 7.42e-04 -11.0 3.49e-03    -  1.00e+00 1.00e+00h  1
1237  2.7869198e-03 1.96e-07 6.08e-04 -11.0 1.42e-03    -  1.00e+00 1.00e+00h  1
1238  2.7858087e-03 1.29e-07 4.55e-04 -11.0 6.89e-04    -  1.00e+00 1.00e+00h  1
1239  2.7849156e-03 1.87e-07 1.10e-04 -11.0 1.09e-03    -  1.00e+00 1.00e+00h  1
iter    objective    inf_pr   inf_du lg(mu)  ||d||  lg(rg) alpha_du alpha_pr  ls
1240  2.7846856e-03 1.40e-08 6.16e-05 -11.0 5.52e-04    -  1.00e+00 1.00e+00h  1
1241  2.8212418e-03 3.53e-09 1.84e-03 -11.0 1.65e-02    -  1.00e+00 1.00e+00H  1
1242  2.8186457e-03 1.69e-08 1.77e-03 -11.0 1.59e-02    -  1.00e+00 3.12e-02h  6
1243  2.8169526e-03 1.65e-08 1.70e-03 -11.0 2.18e-02    -  1.00e+00 7.81e-03h  8
1244  2.7946080e-03 2.95e-09 1.23e-03 -11.0 8.19e-03    -  1.00e+00 1.00e+00H  1
1245  2.8025547e-03 8.76e-10 2.51e-03 -11.0 6.99e-03    -  1.00e+00 1.00e+00H  1
1246  2.7864221e-03 7.88e-10 6.38e-04 -11.0 8.02e-03    -  1.00e+00 1.00e+00H  1
1247  2.7840290e-03 6.22e-08 4.75e-04 -11.0 1.17e-02    -  1.00e+00 6.25e-02h  5
1248  2.7819730e-03 5.68e-07 6.16e-04 -11.0 2.60e-03    -  1.00e+00 1.00e+00h  1
1249  2.7816927e-03 6.22e-07 5.75e-04 -11.0 1.54e-02    -  1.00e+00 6.25e-02h  5
iter    objective    inf_pr   inf_du lg(mu)  ||d||  lg(rg) alpha_du alpha_pr  ls
1250  2.7809872e-03 2.88e-07 4.04e-04 -11.0 1.70e-03    -  1.00e+00 1.00e+00h  1
1251  2.7807685e-03 2.87e-07 4.68e-04 -11.0 6.85e-03    -  1.00e+00 6.25e-02h  5
1252  2.7800991e-03 3.12e-08 1.85e-04 -11.0 1.21e-03    -  1.00e+00 1.00e+00h  1
1253  2.7792029e-03 4.41e-07 1.27e-03 -11.0 6.08e-02    -  1.00e+00 6.25e-02h  5
1254  2.7791814e-03 5.36e-07 1.41e-03 -11.0 2.20e-02    -  1.00e+00 6.25e-02h  5
1255  2.7765194e-03 8.71e-06 9.13e-04 -11.0 1.43e-02    -  1.00e+00 1.00e+00h  1
1256  2.7726955e-03 1.47e-05 1.23e-03 -11.0 8.39e-01    -  1.00e+00 1.56e-02h  7
1257  2.7757282e-03 1.41e-05 1.57e-03 -11.0 2.28e-01    -  1.00e+00 1.56e-02h  7
1258  2.7678424e-03 4.12e-06 9.62e-04 -11.0 8.65e-03    -  1.00e+00 1.00e+00h  1
1259  2.7665539e-03 5.18e-06 1.14e-03 -11.0 3.02e-01    -  1.00e+00 1.56e-02h  7
iter    objective    inf_pr   inf_du lg(mu)  ||d||  lg(rg) alpha_du alpha_pr  ls
1260  2.7610818e-03 4.38e-05 4.92e-03 -11.0 7.22e-02    -  1.00e+00 5.00e-01h  2
1261  2.7597824e-03 4.47e-05 5.61e-03 -11.0 1.10e+00    -  1.00e+00 3.91e-03h  9
1262  2.7611441e-03 4.13e-05 1.33e-02 -11.0 8.14e-02    -  1.00e+00 5.00e-01h  2
1263  2.7607155e-03 4.17e-05 1.49e-02 -11.0 1.04e+00    -  1.00e+00 7.81e-03h  8
1264  2.7626056e-03 4.04e-05 1.47e-02 -11.0 9.87e-02    -  1.00e+00 3.12e-02h  6
1265  2.7527934e-03 7.55e-06 3.56e-03 -11.0 1.35e-02    -  1.00e+00 1.00e+00h  1
1266  2.7506496e-03 7.29e-06 4.66e-03 -11.0 3.62e-01    -  1.00e+00 7.81e-03h  8
1267  2.7513560e-03 6.59e-06 6.00e-03 -11.0 4.80e-02    -  1.00e+00 1.25e-01h  4
1268  2.7510419e-03 9.11e-06 2.90e-03 -11.0 8.98e-02    -  1.00e+00 2.50e-01h  3
1269  2.7475894e-03 2.87e-05 2.43e-03 -11.0 9.38e+00    -  1.00e+00 3.91e-03h  9
iter    objective    inf_pr   inf_du lg(mu)  ||d||  lg(rg) alpha_du alpha_pr  ls
1270  2.7469588e-03 2.43e-05 3.29e-03 -11.0 4.04e+00    -  1.00e+00 7.81e-03h  8
1271  2.7438458e-03 4.63e-05 4.57e-03 -11.0 4.36e+00    -  1.00e+00 1.56e-02h  7
1272  2.7417398e-03 5.08e-05 4.74e-03 -11.0 6.12e+00    -  1.00e+00 3.91e-03h  9
1273  2.7395398e-03 5.44e-05 4.84e-03 -11.0 8.42e+00    -  1.00e+00 1.95e-03h 10
1274  2.6863217e-03 4.32e-03 1.10e-02 -11.0 1.40e+01    -  1.00e+00 3.12e-02h  6
1275  2.6859404e-03 4.33e-03 1.20e-02 -11.0 5.29e+01    -  1.00e+00 4.88e-04h 12
1276  2.4604555e-02 7.31e-03 8.74e-02 -11.0 9.62e-01    -  1.00e+00 1.00e+00w  1
1277  2.1088492e-01 7.04e-03 2.63e-01 -11.0 1.07e+00    -  1.00e+00 1.00e+00w  1
1278  2.8410631e-01 1.17e+00 1.26e+03 -11.0 4.97e+00    -  1.00e+00 1.00e+00w  1
1279  2.7338456e-03 4.08e-03 1.28e-02 -11.0 4.16e+00    -  1.00e+00 6.25e-02h  4
iter    objective    inf_pr   inf_du lg(mu)  ||d||  lg(rg) alpha_du alpha_pr  ls
1280  2.7289418e-03 4.02e-03 1.23e-02 -11.0 2.65e-01    -  1.00e+00 1.56e-02h  7
1281  2.7048192e-03 2.04e-03 1.96e-02 -11.0 1.51e-01    -  1.00e+00 5.00e-01h  2
1282  2.6672458e-03 2.07e-03 2.53e-02 -11.0 4.88e+00    -  1.00e+00 3.91e-03h  9
1283  2.6500329e-03 1.96e-03 4.87e-02 -11.0 4.19e-01    -  1.00e+00 1.25e-01h  4
1284  2.6374226e-03 1.35e-03 4.44e-02 -11.0 9.91e-02    -  1.00e+00 5.00e-01h  2
1285  2.6564866e-03 1.32e-03 4.12e-02 -11.0 2.91e-01    -  1.00e+00 3.12e-02h  6
1286  2.6857152e-03 7.04e-04 2.30e-02 -11.0 4.82e-02    -  1.00e+00 5.00e-01h  2
1287  2.6582649e-03 5.33e-04 2.05e-02 -11.0 7.37e-02    -  1.00e+00 2.50e-01h  3
1288  2.6506475e-03 4.65e-04 2.06e-02 -11.0 8.12e-02    -  1.00e+00 1.25e-01h  4
1289  2.7347026e-03 5.63e-05 4.59e-02 -11.0 3.45e-02    -  1.00e+00 1.00e+00h  1
iter    objective    inf_pr   inf_du lg(mu)  ||d||  lg(rg) alpha_du alpha_pr  ls
1290  2.6947960e-03 5.26e-05 5.14e-02 -11.0 8.98e-02    -  1.00e+00 1.25e-01h  4
1291  2.6149135e-03 4.86e-05 3.73e-02 -11.0 1.92e-02    -  1.00e+00 1.00e+00h  1
1292  2.6803193e-03 4.48e-05 4.30e-02 -11.0 6.49e-02    -  1.00e+00 1.25e-01h  4
1293  2.6047656e-03 8.93e-07 6.34e-03 -11.0 3.64e-03    -  1.00e+00 1.00e+00h  1
1294  2.6032875e-03 4.33e-07 1.40e-03 -11.0 1.96e-03    -  1.00e+00 1.00e+00h  1
1295  2.6032665e-03 2.92e-06 1.09e-03 -11.0 3.85e-02    -  1.00e+00 1.25e-01h  4
1296  2.8499621e-03 2.22e-10 5.51e-03 -11.0 1.37e-02    -  1.00e+00 1.00e+00H  1
1297  2.6027860e-03 4.24e-05 3.58e-02 -11.0 1.73e-02    -  1.00e+00 1.00e+00f  1
1298  2.6024048e-03 3.20e-05 2.64e-02 -11.0 4.01e-03    -  1.00e+00 2.50e-01h  3
1299  2.6024329e-03 1.77e-05 1.31e-02 -11.0 6.32e-03    -  1.00e+00 5.00e-01h  2
iter    objective    inf_pr   inf_du lg(mu)  ||d||  lg(rg) alpha_du alpha_pr  ls
1300  2.6735566e-03 4.50e-07 4.13e-03 -11.0 1.55e-02    -  1.00e+00 1.00e+00H  1
1301  2.6829030e-03 2.83e-07 4.06e-03 -11.0 1.25e-02    -  1.00e+00 1.00e+00H  1
1302  2.6589955e-03 4.78e-08 3.51e-03 -11.0 2.26e-02    -  1.00e+00 1.00e+00H  1
1303  2.6259440e-03 1.16e-07 7.95e-03 -11.0 2.75e-02    -  1.00e+00 1.00e+00H  1
1304  2.6222127e-03 5.09e-07 5.74e-03 -11.0 2.66e-02    -  1.00e+00 1.25e-01h  4
1305  2.6098582e-03 1.39e-07 1.19e-02 -11.0 8.48e-03    -  1.00e+00 1.00e+00H  1
1306  2.9612616e-03 1.57e-09 6.39e-03 -11.0 1.77e-02    -  1.00e+00 1.00e+00H  1
1307  2.6061700e-03 9.46e-08 6.34e-04 -11.0 1.30e-02    -  1.00e+00 1.00e+00F  1
1308  2.6129050e-03 4.34e-08 1.05e-03 -11.0 4.16e-03    -  1.00e+00 1.00e+00H  1
1309  2.6000243e-03 1.85e-06 3.71e-03 -11.0 4.15e-03    -  1.00e+00 1.00e+00h  1
iter    objective    inf_pr   inf_du lg(mu)  ||d||  lg(rg) alpha_du alpha_pr  ls
1310  2.6073862e-03 6.98e-08 1.36e-03 -11.0 6.95e-03    -  1.00e+00 1.00e+00H  1
1311  2.5991268e-03 2.38e-06 1.53e-03 -11.0 4.35e-03    -  1.00e+00 1.00e+00h  1
1312  2.5998858e-03 1.72e-06 9.83e-04 -11.0 4.04e-03    -  1.00e+00 2.50e-01h  3
1313  2.5977826e-03 7.37e-09 1.21e-04 -11.0 3.99e-04    -  1.00e+00 1.00e+00h  1
1314  2.5976744e-03 6.39e-09 5.86e-05 -11.0 2.24e-04    -  1.00e+00 1.00e+00h  1
1315  2.5975492e-03 8.73e-09 5.20e-05 -11.0 4.02e-04    -  1.00e+00 1.00e+00h  1
1316  2.5973927e-03 2.57e-07 2.28e-04 -11.0 5.31e-02    -  1.00e+00 3.12e-02h  6
1317  2.5952895e-03 7.32e-07 5.29e-04 -11.0 6.90e-03    -  1.00e+00 1.00e+00h  1
1318  2.5951035e-03 8.25e-07 6.81e-04 -11.0 6.81e-01    -  1.00e+00 3.91e-03h  9
1319  2.5922189e-03 4.54e-06 7.72e-04 -11.0 1.84e-02    -  1.00e+00 1.00e+00h  1
iter    objective    inf_pr   inf_du lg(mu)  ||d||  lg(rg) alpha_du alpha_pr  ls
1320  2.5912746e-03 7.24e-06 3.37e-03 -11.0 5.15e-01    -  1.00e+00 3.12e-02h  6
1321  2.5917976e-03 7.68e-06 5.19e-03 -11.0 4.49e-02    -  1.00e+00 1.25e-01h  4
1322  2.5912959e-03 7.05e-06 4.99e-03 -11.0 3.14e-02    -  1.00e+00 6.25e-02h  5
1323  2.5883933e-03 6.74e-06 5.44e-03 -11.0 2.48e-02    -  1.00e+00 2.50e-01h  3
1324  2.5849911e-03 1.98e-05 2.59e-03 -11.0 2.16e-01    -  1.00e+00 6.25e-02h  5
1325  2.5844056e-03 1.89e-05 2.79e-03 -11.0 1.46e-01    -  1.00e+00 3.12e-02h  6
1326  2.5840409e-03 2.08e-05 2.98e-03 -11.0 2.48e-01    -  1.00e+00 6.25e-02h  5
1327  2.5830645e-03 3.05e-05 3.65e-03 -11.0 1.63e+00    -  1.00e+00 1.56e-02h  7
1328  2.5711777e-03 3.89e-04 1.13e-02 -11.0 1.64e+00    -  1.00e+00 6.25e-02h  5
1329  2.5703215e-03 3.91e-04 9.64e-03 -11.0 4.17e+00    -  1.00e+00 1.95e-03h 10
iter    objective    inf_pr   inf_du lg(mu)  ||d||  lg(rg) alpha_du alpha_pr  ls
1330  4.6743253e-03 7.81e-05 1.82e-02 -11.0 4.16e-02    -  1.00e+00 1.00e+00w  1
1331  2.5615076e-03 1.19e-04 2.20e-01 -11.0 5.27e-02    -  1.00e+00 1.00e+00h  1
1332  2.5647733e-03 1.43e-05 2.19e-03 -11.0 1.32e-02    -  1.00e+00 1.00e+00h  1
1333  2.5643034e-03 1.56e-05 2.24e-03 -11.0 2.48e-01    -  1.00e+00 3.12e-02h  6
1334  2.5639328e-03 1.52e-05 1.60e-03 -11.0 1.25e-01    -  1.00e+00 6.25e-02h  5
1335  2.5855210e-03 7.51e-06 1.22e-02 -11.0 2.70e-02    -  1.00e+00 1.00e+00H  1
1336  2.5673395e-03 1.09e-05 6.84e-03 -11.0 5.70e-02    -  1.00e+00 2.50e-01h  3
1337  2.5627030e-03 1.38e-05 2.81e-03 -11.0 5.28e-01    -  1.00e+00 3.12e-02h  6
1338  2.5613444e-03 1.35e-05 2.61e-03 -11.0 9.02e-02    -  1.00e+00 6.25e-02h  5
1339  2.5628985e-03 1.38e-05 1.89e-03 -11.0 2.49e-02    -  1.00e+00 5.00e-01h  2
iter    objective    inf_pr   inf_du lg(mu)  ||d||  lg(rg) alpha_du alpha_pr  ls
1340  2.5634852e-03 1.36e-05 2.40e-03 -11.0 6.61e-02    -  1.00e+00 1.25e-01h  4
1341  2.5587431e-03 7.05e-06 2.41e-03 -11.0 1.80e-02    -  1.00e+00 5.00e-01h  2
1342  2.5556369e-03 7.28e-06 1.60e-03 -11.0 2.87e-02    -  1.00e+00 2.50e-01h  3
1343  2.5513848e-03 1.79e-05 2.50e-03 -11.0 5.31e-02    -  1.00e+00 2.50e-01h  3
1344  2.5727965e-03 1.85e-05 3.54e-03 -11.0 4.96e-02    -  1.00e+00 5.00e-01h  2
1345  2.5688606e-03 1.84e-05 3.56e-03 -11.0 7.17e-02    -  1.00e+00 6.25e-02h  5
1346  4.6933159e-03 4.11e-04 1.58e-02 -11.0 1.40e-01    -  1.00e+00 1.00e+00w  1
1347  7.6451183e-03 4.69e-04 4.59e-02 -11.0 6.26e-02    -  1.00e+00 1.00e+00w  1
1348  4.4818165e-03 4.06e-04 6.27e-02 -11.0 1.45e-01    -  1.00e+00 1.00e+00w  1
1349  2.5633751e-03 1.84e-05 3.52e-03 -11.0 5.88e-01    -  1.00e+00 3.12e-02h  5
iter    objective    inf_pr   inf_du lg(mu)  ||d||  lg(rg) alpha_du alpha_pr  ls
1350  2.5843061e-03 3.15e-06 1.64e-02 -11.0 1.96e-02    -  1.00e+00 1.00e+00h  1
1351  2.5776490e-03 3.03e-06 2.29e-02 -11.0 4.70e-02    -  1.00e+00 1.25e-01h  4
1352  2.5421342e-03 9.92e-06 1.05e-02 -11.0 1.23e-02    -  1.00e+00 1.00e+00h  1
1353  2.7847314e-03 5.72e-10 4.34e-03 -11.0 8.44e-03    -  1.00e+00 1.00e+00H  1
1354  2.5406650e-03 2.03e-05 2.03e-02 -11.0 1.60e-02    -  1.00e+00 1.00e+00f  1
1355  2.5517008e-03 2.66e-07 1.56e-03 -11.0 1.67e-03    -  1.00e+00 1.00e+00h  1
1356  2.5408092e-03 8.37e-07 1.76e-03 -11.0 2.65e-03    -  1.00e+00 1.00e+00h  1
1357  2.5428585e-03 1.23e-07 4.96e-04 -11.0 1.62e-03    -  1.00e+00 1.00e+00h  1
1358  2.5400370e-03 2.98e-08 1.65e-04 -11.0 6.80e-04    -  1.00e+00 1.00e+00h  1
1359  2.5396667e-03 6.44e-09 6.93e-05 -11.0 3.90e-04    -  1.00e+00 1.00e+00h  1
iter    objective    inf_pr   inf_du lg(mu)  ||d||  lg(rg) alpha_du alpha_pr  ls
1360  2.5396133e-03 7.97e-09 9.07e-05 -11.0 2.34e-04    -  1.00e+00 1.00e+00h  1
1361  2.5394781e-03 1.40e-08 5.28e-05 -11.0 3.40e-04    -  1.00e+00 1.00e+00h  1
1362  2.5395498e-03 6.51e-09 2.94e-04 -11.0 1.60e-03    -  1.00e+00 1.00e+00H  1
1363  2.5426920e-03 1.67e-09 8.79e-04 -11.0 3.57e-03    -  1.00e+00 1.00e+00H  1
1364  2.5387705e-03 2.59e-07 1.81e-03 -11.0 3.60e-03    -  1.00e+00 1.00e+00h  1
1365  2.5396122e-03 4.47e-10 4.95e-04 -11.0 1.73e-03    -  1.00e+00 1.00e+00H  1
1366  2.5370557e-03 1.89e-07 2.22e-03 -11.0 1.47e-03    -  1.00e+00 1.00e+00h  1
1367  2.5376162e-03 8.99e-08 4.01e-04 -11.0 6.83e-04    -  1.00e+00 1.00e+00h  1
1368  2.5359565e-03 4.16e-07 2.63e-04 -11.0 1.80e-03    -  1.00e+00 1.00e+00h  1
1369  2.5359293e-03 6.23e-07 3.91e-04 -11.0 8.91e-03    -  1.00e+00 1.25e-01h  4
iter    objective    inf_pr   inf_du lg(mu)  ||d||  lg(rg) alpha_du alpha_pr  ls
1370  2.5373490e-03 1.50e-07 9.51e-04 -11.0 4.08e-03    -  1.00e+00 1.00e+00H  1
1371  2.5363749e-03 2.83e-07 9.34e-04 -11.0 2.42e-02    -  1.00e+00 6.25e-02h  5
1372  2.5355535e-03 3.37e-07 8.09e-04 -11.0 1.77e-02    -  1.00e+00 6.25e-02h  5
1373  2.5337078e-03 5.47e-07 4.35e-04 -11.0 2.53e-03    -  1.00e+00 1.00e+00h  1
1374  2.5364112e-03 3.72e-07 9.87e-04 -11.0 3.53e-03    -  1.00e+00 5.00e-01h  2
1375  2.5325408e-03 2.92e-07 3.31e-04 -11.0 1.94e-03    -  1.00e+00 1.00e+00h  1
1376  2.5360241e-03 5.44e-08 7.56e-04 -11.0 6.69e-04    -  1.00e+00 1.00e+00h  1
1377  2.5320988e-03 2.12e-08 8.66e-05 -11.0 3.52e-04    -  1.00e+00 1.00e+00h  1
1378  2.5319091e-03 3.48e-09 1.06e-04 -11.0 3.46e-04    -  1.00e+00 1.00e+00h  1
1379  2.5536174e-03 3.95e-09 1.28e-03 -11.0 1.24e-02    -  1.00e+00 1.00e+00H  1
iter    objective    inf_pr   inf_du lg(mu)  ||d||  lg(rg) alpha_du alpha_pr  ls
1380  2.5539242e-03 7.52e-10 2.49e-03 -11.0 1.33e-02    -  1.00e+00 1.00e+00H  1
1381  2.5426490e-03 4.52e-10 1.07e-03 -11.0 1.03e-02    -  1.00e+00 1.00e+00H  1
1382  2.6514992e-03 3.85e-10 4.01e-03 -11.0 2.04e-02    -  1.00e+00 1.00e+00H  1
1383  2.6104888e-03 4.40e-11 2.62e-03 -11.0 1.76e-02    -  1.00e+00 1.00e+00F  1
1384  2.6093331e-03 1.05e-10 2.61e-03 -11.0 9.99e-03    -  1.00e+00 3.91e-03h  9
1385  2.5313324e-03 1.97e-06 9.07e-03 -11.0 3.76e-03    -  1.00e+00 1.00e+00f  1
1386  2.5296907e-03 9.95e-07 4.82e-03 -11.0 5.49e-04    -  1.00e+00 5.00e-01h  2
1387  2.5294905e-03 1.09e-08 7.30e-05 -11.0 5.13e-04    -  1.00e+00 1.00e+00h  1
1388  2.5295513e-03 4.59e-10 2.17e-04 -11.0 1.74e-03    -  1.00e+00 1.00e+00H  1
1389  2.5335430e-03 3.18e-10 7.83e-04 -11.0 3.15e-03    -  1.00e+00 1.00e+00H  1
iter    objective    inf_pr   inf_du lg(mu)  ||d||  lg(rg) alpha_du alpha_pr  ls
1390  2.5299958e-03 6.24e-11 3.24e-04 -11.0 2.78e-03    -  1.00e+00 1.00e+00H  1
1391  2.5292899e-03 2.46e-07 6.09e-04 -11.0 1.56e-03    -  1.00e+00 1.00e+00h  1
1392  2.5290718e-03 8.66e-08 2.19e-04 -11.0 1.22e-03    -  1.00e+00 1.00e+00h  1
1393  2.5413259e-03 1.41e-11 1.14e-03 -11.0 7.44e-03    -  1.00e+00 1.00e+00H  1
1394  2.5337136e-03 4.74e-12 8.29e-04 -11.0 4.16e-03    -  1.00e+00 1.00e+00H  1
1395  2.5334170e-03 2.93e-11 8.24e-04 -11.0 1.80e-03    -  1.00e+00 7.81e-03h  8
1396  2.5270138e-03 1.68e-07 4.55e-04 -11.0 1.77e-03    -  1.00e+00 1.00e+00h  1
1397  2.5280195e-03 8.23e-08 5.36e-04 -11.0 1.53e-03    -  1.00e+00 1.00e+00h  1
1398  2.5289874e-03 1.53e-09 9.61e-04 -11.0 3.91e-03    -  1.00e+00 1.00e+00H  1
1399  2.5267804e-03 2.99e-07 1.41e-03 -11.0 1.21e-02    -  1.00e+00 2.50e-01h  3
iter    objective    inf_pr   inf_du lg(mu)  ||d||  lg(rg) alpha_du alpha_pr  ls
1400  2.5255471e-03 1.07e-06 9.16e-04 -11.0 8.25e-02    -  1.00e+00 6.25e-02h  5
1401  2.5263127e-03 2.68e-07 8.50e-04 -11.0 3.63e-03    -  1.00e+00 1.00e+00h  1
1402  2.5248610e-03 1.15e-06 1.09e-03 -11.0 1.05e-02    -  1.00e+00 5.00e-01h  2
1403  2.5334224e-03 4.51e-12 1.18e-03 -11.0 3.71e-03    -  1.00e+00 1.00e+00H  1
1404  2.5271286e-03 9.46e-09 1.11e-03 -11.0 5.39e-03    -  1.00e+00 1.00e+00F  1
1405  2.5248282e-03 9.49e-07 1.32e-03 -11.0 2.75e-03    -  1.00e+00 1.00e+00h  1
1406  2.5161784e-03 7.41e-07 8.20e-04 -11.0 5.09e-03    -  1.00e+00 1.00e+00h  1
1407  2.5151580e-03 8.12e-07 8.32e-04 -11.0 2.45e-02    -  1.00e+00 1.25e-01h  4
1408  2.5139697e-03 1.94e-06 8.53e-04 -11.0 5.87e-02    -  1.00e+00 1.25e-01h  4
1409  2.5125274e-03 3.95e-06 1.15e-03 -11.0 3.09e-01    -  1.00e+00 3.12e-02h  6
iter    objective    inf_pr   inf_du lg(mu)  ||d||  lg(rg) alpha_du alpha_pr  ls
1410  2.5125259e-03 8.39e-04 8.44e-03 -11.0 1.68e+00    -  1.00e+00 1.25e-01h  4
1411  2.5076859e-03 8.55e-04 9.38e-03 -11.0 1.74e+01    -  1.00e+00 1.95e-03h 10
1412  2.5068860e-03 8.96e-04 1.17e-02 -11.0 7.82e-01    -  1.00e+00 6.25e-02h  5
1413  2.5001115e-03 1.47e-03 1.52e-02 -11.0 1.01e+01    -  1.00e+00 1.56e-02h  7
1414  2.4940113e-03 1.51e-03 1.56e-02 -11.0 1.84e+01    -  1.00e+00 1.95e-03h 10
1415  2.4913888e-03 1.52e-03 1.58e-02 -11.0 6.57e+00    -  1.00e+00 3.91e-03h  9
1416  2.4890875e-03 1.53e-03 1.59e-02 -11.0 9.01e+00    -  1.00e+00 1.95e-03h 10
1417  2.5396102e-02 6.39e+00 5.46e+01 -11.0 5.04e+00    -  1.00e+00 1.00e+00w  1
1418  6.3455499e-01 4.89e+00 3.38e+04 -11.0 5.76e+00    -  1.00e+00 1.00e+00w  1
1419  2.0246471e+04 1.68e+06 3.12e+07 -11.0 5.61e+01    -  1.00e+00 1.00e+00w  1
iter    objective    inf_pr   inf_du lg(mu)  ||d||  lg(rg) alpha_du alpha_pr  ls
1420  2.4801961e-03 2.04e-03 1.19e-02 -11.0 1.07e+02    -  1.00e+00 3.12e-02h  5
1421  2.4897150e-03 1.78e-03 1.20e-02 -11.0 3.14e-02    -  1.00e+00 1.25e-01h  4
1422  2.5093631e-03 9.03e-04 3.51e-02 -11.0 2.69e-02    -  1.00e+00 5.00e-01h  2
1423  2.5062489e-03 7.91e-04 3.75e-02 -11.0 1.81e-02    -  1.00e+00 1.25e-01h  4
1424  2.5008427e-03 4.01e-04 3.96e-02 -11.0 1.21e-02    -  1.00e+00 5.00e-01h  2
1425  2.4964115e-03 2.16e-04 3.09e-02 -11.0 2.07e-02    -  1.00e+00 5.00e-01h  2
1426  2.4783855e-03 6.63e-07 7.20e-03 -11.0 4.39e-03    -  1.00e+00 1.00e+00h  1
1427  2.5339165e-03 2.04e-07 3.38e-03 -11.0 2.72e-03    -  1.00e+00 1.00e+00h  1
1428  2.4757715e-03 2.35e-07 1.67e-03 -11.0 2.06e-03    -  1.00e+00 1.00e+00h  1
1429  2.4751854e-03 4.77e-09 3.16e-04 -11.0 4.72e-04    -  1.00e+00 1.00e+00h  1
iter    objective    inf_pr   inf_du lg(mu)  ||d||  lg(rg) alpha_du alpha_pr  ls
1430  2.5068639e-03 1.50e-10 1.78e-03 -11.0 1.40e-02    -  1.00e+00 1.00e+00H  1
1431  2.5058699e-03 1.71e-09 1.75e-03 -11.0 4.24e-02    -  1.00e+00 7.81e-03h  8
1432  2.5415731e-03 8.57e-11 3.18e-03 -11.0 9.40e-03    -  1.00e+00 1.00e+00H  1
1433  2.4596102e-03 2.01e-06 4.09e-03 -11.0 8.73e-03    -  1.00e+00 1.00e+00f  1
1434  2.4571670e-03 3.25e-07 1.14e-03 -11.0 4.66e-03    -  1.00e+00 1.00e+00h  1
1435  2.4521226e-03 3.55e-06 1.52e-03 -11.0 2.99e-01    -  1.00e+00 6.25e-02h  5
1436  2.4507535e-03 4.64e-06 1.88e-03 -11.0 4.33e-01    -  1.00e+00 1.56e-02h  7
1437  2.4476606e-03 8.63e-06 4.40e-03 -11.0 4.43e-02    -  1.00e+00 2.50e-01h  3
1438  2.4542373e-03 7.30e-06 4.70e-03 -11.0 2.87e-02    -  1.00e+00 1.25e-01h  4
1439  2.4416310e-03 1.37e-06 5.05e-03 -11.0 5.64e-03    -  1.00e+00 1.00e+00h  1
iter    objective    inf_pr   inf_du lg(mu)  ||d||  lg(rg) alpha_du alpha_pr  ls
1440  2.4640393e-03 6.72e-09 1.48e-03 -11.0 2.42e-02    -  1.00e+00 1.00e+00H  1
1441  2.4473106e-03 9.02e-08 3.51e-03 -11.0 3.43e-02    -  1.00e+00 1.00e+00H  1
1442  2.4438849e-03 2.23e-07 2.78e-03 -11.0 9.03e-02    -  1.00e+00 3.12e-02h  6
1443  2.4406556e-03 4.89e-06 1.99e-03 -11.0 9.19e-02    -  1.00e+00 1.25e-01h  4
1444  2.4397718e-03 8.45e-06 1.26e-03 -11.0 1.71e-01    -  1.00e+00 6.25e-02h  5
1445  2.4364850e-03 1.86e-05 1.79e-03 -11.0 2.59e-01    -  1.00e+00 6.25e-02h  5
1446  2.4357951e-03 2.07e-05 3.05e-03 -11.0 4.25e-01    -  1.00e+00 1.56e-02h  7
1447  2.4310322e-03 1.29e-04 2.95e-03 -11.0 7.50e-02    -  1.00e+00 5.00e-01h  2
1448  2.4300906e-03 1.57e-04 5.15e-03 -11.0 4.41e-01    -  1.00e+00 6.25e-02h  5
1449  2.4279237e-03 4.27e-04 5.49e-03 -11.0 1.87e-01    -  1.00e+00 2.50e-01h  3
iter    objective    inf_pr   inf_du lg(mu)  ||d||  lg(rg) alpha_du alpha_pr  ls
1450  2.4174680e-03 4.44e-04 6.53e-03 -11.0 2.47e-01    -  1.00e+00 6.25e-02h  5
1451  2.4125934e-03 4.42e-04 6.99e-03 -11.0 3.22e-01    -  1.00e+00 3.12e-02h  6
1452  3.5316519e-03 2.29e-03 3.50e-02 -11.0 1.63e-01    -  1.00e+00 1.00e+00w  1
1453  7.8448341e-03 2.37e-04 4.92e-02 -11.0 1.03e-01    -  1.00e+00 1.00e+00w  1
1454  2.7920512e-03 2.44e-03 1.73e+00 -11.0 1.57e-01    -  1.00e+00 1.00e+00w  1
1455  2.4143348e-03 4.15e-04 6.68e-03 -11.0 1.08e-01    -  1.00e+00 1.25e-01h  3
1456  2.4130445e-03 4.65e-04 4.12e-03 -11.0 2.81e-01    -  1.00e+00 1.25e-01h  4
1457  2.4131528e-03 4.56e-04 3.66e-03 -11.0 3.02e-01    -  1.00e+00 3.12e-02h  6
1458  2.4261824e-03 2.95e-04 2.15e-02 -11.0 4.77e-02    -  1.00e+00 5.00e-01h  2
1459  2.4208412e-03 2.56e-04 2.35e-02 -11.0 8.49e-02    -  1.00e+00 1.25e-01h  4
iter    objective    inf_pr   inf_du lg(mu)  ||d||  lg(rg) alpha_du alpha_pr  ls
1460  2.4251292e-03 1.83e-04 1.55e-02 -11.0 5.87e-02    -  1.00e+00 2.50e-01h  3
1461  2.4171621e-03 1.64e-04 1.65e-02 -11.0 3.38e-02    -  1.00e+00 1.25e-01h  4
1462  2.4036961e-03 2.56e-05 1.98e-03 -11.0 9.20e-03    -  1.00e+00 1.00e+00h  1
1463  2.4466914e-03 1.55e-06 4.15e-03 -11.0 2.70e-02    -  1.00e+00 1.00e+00H  1
1464  2.4311969e-03 1.35e-06 2.16e-03 -11.0 1.62e-02    -  1.00e+00 1.00e+00H  1
1465  2.4122296e-03 2.94e-06 2.28e-03 -11.0 1.09e-01    -  1.00e+00 6.25e-02h  5
1466  2.4078078e-03 2.55e-06 2.31e-03 -11.0 2.01e-02    -  1.00e+00 5.00e-01h  2
1467  2.6200893e-03 7.52e-07 2.89e-02 -11.0 2.77e-02    -  1.00e+00 1.00e+00H  1
1468  2.4426113e-03 2.34e-07 2.92e-02 -11.0 1.04e-02    -  1.00e+00 1.00e+00H  1
1469  2.3982166e-03 1.31e-05 1.49e-02 -11.0 1.63e-02    -  1.00e+00 1.00e+00h  1
iter    objective    inf_pr   inf_du lg(mu)  ||d||  lg(rg) alpha_du alpha_pr  ls
1470  2.4015811e-03 7.72e-06 1.48e-02 -11.0 7.51e-03    -  1.00e+00 5.00e-01h  2
1471  2.4008016e-03 7.89e-08 5.78e-03 -11.0 2.55e-03    -  1.00e+00 1.00e+00h  1
1472  2.4098451e-03 1.55e-07 1.44e-03 -11.0 6.48e-03    -  1.00e+00 1.00e+00H  1
1473  2.3998737e-03 9.03e-07 1.79e-02 -11.0 3.62e-03    -  1.00e+00 1.00e+00h  1
1474  2.3983251e-03 1.53e-07 8.83e-03 -11.0 2.27e-03    -  1.00e+00 1.00e+00h  1
1475  2.3982864e-03 2.36e-08 2.99e-04 -11.0 5.17e-04    -  1.00e+00 1.00e+00h  1
1476  2.3971538e-03 1.76e-08 4.77e-05 -11.0 5.71e-04    -  1.00e+00 1.00e+00h  1
1477  2.3971220e-03 1.51e-09 4.88e-05 -11.0 8.75e-05    -  1.00e+00 1.00e+00h  1
1478  2.3969021e-03 2.64e-07 1.28e-04 -11.0 1.14e-03    -  1.00e+00 1.00e+00h  1
1479  2.3968858e-03 4.24e-07 1.71e-04 -11.0 1.55e-02    -  1.00e+00 6.25e-02h  5
iter    objective    inf_pr   inf_du lg(mu)  ||d||  lg(rg) alpha_du alpha_pr  ls
1480  2.3970156e-03 5.03e-08 5.26e-04 -11.0 1.42e-02    -  1.00e+00 1.00e+00H  1
1481  2.3966105e-03 5.23e-07 5.31e-04 -11.0 5.52e-02    -  1.00e+00 3.12e-02h  6
1482  2.3919432e-03 2.76e-06 1.03e-03 -11.0 3.98e-03    -  1.00e+00 1.00e+00h  1
1483  2.3888981e-03 1.56e-05 4.58e-04 -11.0 9.43e-03    -  1.00e+00 1.00e+00h  1
1484  2.3882989e-03 1.53e-05 9.86e-04 -11.0 1.32e+00    -  1.00e+00 1.95e-03h 10
1485  2.3878063e-03 1.63e-05 1.22e-03 -11.0 9.45e-02    -  1.00e+00 3.12e-02h  6
1486  2.3867798e-03 2.48e-05 1.57e-03 -11.0 4.68e-01    -  1.00e+00 1.56e-02h  7
1487  2.3842252e-03 1.33e-04 2.24e-03 -11.0 8.72e-01    -  1.00e+00 3.12e-02h  6
1488  2.3824057e-03 1.77e-04 2.02e-03 -11.0 2.25e+00    -  1.00e+00 7.81e-03h  8
1489  2.3582513e-03 1.86e-03 4.43e-03 -11.0 2.55e+00    -  1.00e+00 6.25e-02h  5
iter    objective    inf_pr   inf_du lg(mu)  ||d||  lg(rg) alpha_du alpha_pr  ls
1490  2.3565066e-03 1.87e-03 4.22e-03 -11.0 7.45e+00    -  1.00e+00 1.95e-03h 10
1491  2.3534970e-03 1.88e-03 4.44e-03 -11.0 2.53e+00    -  1.00e+00 7.81e-03h  8
1492  2.3531170e-03 1.86e-03 4.61e-03 -11.0 2.92e-01    -  1.00e+00 7.81e-03h  8
1493  2.3695364e-03 1.39e-03 3.72e-03 -11.0 3.58e-02    -  1.00e+00 2.50e-01h  3
1494  2.5603258e-03 9.25e-05 8.12e-03 -11.0 5.48e-02    -  1.00e+00 1.00e+00w  1
1495  2.4542983e-03 8.35e-05 1.41e-02 -11.0 3.17e-02    -  1.00e+00 1.00e+00w  1
1496  2.4969155e-03 8.51e-05 7.21e-02 -11.0 2.25e-02    -  1.00e+00 1.00e+00w  1
1497  2.3603863e-03 1.04e-03 4.33e-03 -11.0 1.39e-01    -  1.00e+00 2.50e-01h  2
1498  2.3562992e-03 9.79e-04 4.12e-03 -11.0 1.85e-01    -  1.00e+00 6.25e-02h  5
1499  2.3810328e-03 4.67e-04 2.78e-03 -11.0 3.90e-02    -  1.00e+00 5.00e-01h  2
iter    objective    inf_pr   inf_du lg(mu)  ||d||  lg(rg) alpha_du alpha_pr  ls
1500  2.5283178e-03 1.00e-05 5.46e-03 -11.0 1.55e-02    -  1.00e+00 1.00e+00h  1
1501  2.4455176e-03 1.33e-05 3.63e-03 -11.0 1.37e-02    -  1.00e+00 1.00e+00h  1
1502  2.3690927e-03 2.94e-06 1.80e-02 -11.0 8.82e-03    -  1.00e+00 1.00e+00h  1
1503  2.3523732e-03 1.75e-06 6.34e-03 -11.0 3.54e-03    -  1.00e+00 1.00e+00h  1
1504  2.3508246e-03 1.93e-07 1.22e-03 -11.0 1.01e-03    -  1.00e+00 1.00e+00h  1
1505  2.3504057e-03 3.56e-08 2.14e-04 -11.0 9.50e-04    -  1.00e+00 1.00e+00h  1
1506  2.3499458e-03 6.91e-07 7.39e-04 -11.0 2.64e-03    -  1.00e+00 1.00e+00h  1
1507  2.3491200e-03 1.11e-06 1.29e-03 -11.0 1.41e-02    -  1.00e+00 2.50e-01h  3
1508  2.4007260e-03 1.96e-08 2.57e-03 -11.0 7.64e-03    -  1.00e+00 1.00e+00H  1
1509  2.3457562e-03 4.57e-06 7.69e-03 -11.0 7.67e-03    -  1.00e+00 1.00e+00h  1
iter    objective    inf_pr   inf_du lg(mu)  ||d||  lg(rg) alpha_du alpha_pr  ls
1510  2.3441877e-03 1.04e-06 3.29e-04 -11.0 3.33e-03    -  1.00e+00 1.00e+00h  1
1511  2.3432752e-03 3.09e-06 7.15e-04 -11.0 3.13e-01    -  1.00e+00 1.56e-02h  7
1512  2.3421670e-03 1.99e-05 1.65e-03 -11.0 1.45e-02    -  1.00e+00 1.00e+00h  1
1513  2.3405729e-03 6.26e-05 3.61e-03 -11.0 6.39e-01    -  1.00e+00 3.12e-02h  6
1514  2.3382235e-03 7.81e-05 4.22e-03 -11.0 7.52e-01    -  1.00e+00 1.56e-02h  7
1515  2.3375601e-03 7.62e-05 3.52e-03 -11.0 1.04e-01    -  1.00e+00 3.12e-02h  6
1516  2.3395925e-03 5.75e-05 3.18e-03 -11.0 1.28e-02    -  1.00e+00 2.50e-01h  3
1517  2.3322869e-03 2.76e-05 6.11e-04 -11.0 1.49e-02    -  1.00e+00 1.00e+00h  1
1518  2.3364136e-03 2.47e-05 1.11e-03 -11.0 3.48e-02    -  1.00e+00 1.25e-01h  4
1519  2.3328010e-03 1.02e-05 2.11e-03 -11.0 1.09e-02    -  1.00e+00 1.00e+00h  1
iter    objective    inf_pr   inf_du lg(mu)  ||d||  lg(rg) alpha_du alpha_pr  ls
1520  2.3315512e-03 1.02e-05 1.94e-03 -11.0 6.04e-02    -  1.00e+00 3.12e-02h  6
1521  2.3374179e-03 5.06e-06 1.21e-03 -11.0 1.25e-02    -  1.00e+00 5.00e-01h  2
1522  2.3279686e-03 4.29e-07 1.08e-03 -11.0 3.71e-03    -  1.00e+00 1.00e+00h  1
1523  2.3290293e-03 3.92e-08 5.43e-04 -11.0 5.27e-03    -  1.00e+00 1.00e+00H  1
1524  2.3460613e-03 1.90e-09 1.20e-03 -11.0 9.61e-03    -  1.00e+00 1.00e+00H  1
1525  2.3512848e-03 4.32e-10 1.76e-03 -11.0 1.50e-02    -  1.00e+00 1.00e+00H  1
1526  2.3507677e-03 1.64e-09 1.75e-03 -11.0 4.05e-02    -  1.00e+00 3.91e-03h  9
1527  2.3505168e-03 1.86e-09 1.74e-03 -11.0 8.78e-02    -  1.00e+00 9.77e-04h 11
1528  2.3350412e-03 1.48e-08 1.18e-03 -11.0 9.62e-03    -  1.00e+00 1.00e+00H  1
1529  3.1411822e-03 4.88e-10 1.25e-02 -11.0 1.71e-02    -  1.00e+00 1.00e+00H  1
iter    objective    inf_pr   inf_du lg(mu)  ||d||  lg(rg) alpha_du alpha_pr  ls
1530  2.3274605e-03 2.19e-05 8.02e-03 -11.0 1.54e-02    -  1.00e+00 1.00e+00f  1
1531  2.3258894e-03 1.08e-05 3.20e-03 -11.0 4.66e-03    -  1.00e+00 5.00e-01h  2
1532  2.3276071e-03 5.28e-06 1.20e-03 -11.0 6.52e-03    -  1.00e+00 5.00e-01h  2
1533  2.3261050e-03 3.82e-08 6.92e-04 -11.0 1.40e-03    -  1.00e+00 1.00e+00h  1
1534  2.3260145e-03 2.44e-07 4.46e-04 -11.0 2.76e-03    -  1.00e+00 1.00e+00h  1
1535  2.3790932e-03 2.62e-10 3.06e-03 -11.0 1.70e-02    -  1.00e+00 1.00e+00H  1
1536  2.3257913e-03 2.39e-06 1.94e-02 -11.0 1.61e-02    -  1.00e+00 1.00e+00f  1
1537  2.3256234e-03 1.55e-06 1.46e-02 -11.0 4.74e-03    -  1.00e+00 2.50e-01h  3
1538  2.3256900e-03 1.01e-08 2.65e-04 -11.0 4.17e-04    -  1.00e+00 1.00e+00h  1
1539  2.3250875e-03 4.54e-08 3.42e-05 -11.0 5.20e-04    -  1.00e+00 1.00e+00h  1
iter    objective    inf_pr   inf_du lg(mu)  ||d||  lg(rg) alpha_du alpha_pr  ls
1540  2.3250530e-03 9.14e-10 3.29e-05 -11.0 1.45e-04    -  1.00e+00 1.00e+00h  1
1541  2.3256692e-03 9.29e-10 3.73e-04 -11.0 1.60e-03    -  1.00e+00 1.00e+00H  1
1542  2.3250152e-03 1.40e-07 2.17e-04 -11.0 1.12e-03    -  1.00e+00 1.00e+00h  1
1543  2.3472742e-03 4.37e-10 2.07e-03 -11.0 2.10e-03    -  1.00e+00 1.00e+00H  1
1544  2.3244078e-03 1.12e-06 1.75e-04 -11.0 1.87e-03    -  1.00e+00 1.00e+00h  1
1545  2.3242408e-03 8.16e-09 6.42e-05 -11.0 5.90e-04    -  1.00e+00 1.00e+00h  1
1546  2.3230389e-03 2.56e-06 8.13e-04 -11.0 7.07e-01    -  1.00e+00 1.56e-02h  7
1547  2.3223700e-03 4.33e-06 1.01e-03 -11.0 1.30e+00    -  1.00e+00 7.81e-03h  8
1548  2.3204667e-03 9.31e-06 2.19e-03 -11.0 1.19e+00    -  1.00e+00 1.56e-02h  7
1549  2.3199392e-03 9.50e-06 2.24e-03 -11.0 9.82e-01    -  1.00e+00 3.91e-03h  9
iter    objective    inf_pr   inf_du lg(mu)  ||d||  lg(rg) alpha_du alpha_pr  ls
1550  2.3197937e-03 9.08e-06 2.72e-03 -11.0 8.39e-02    -  1.00e+00 6.25e-02h  5
1551  2.3135441e-03 3.55e-05 4.02e-03 -11.0 6.98e-01    -  1.00e+00 6.25e-02h  5
1552  2.3122252e-03 3.74e-05 4.15e-03 -11.0 3.03e+00    -  1.00e+00 3.91e-03h  9
1553  2.3112631e-03 9.99e-05 3.77e-03 -11.0 5.01e-01    -  1.00e+00 1.25e-01h  4
1554  2.3109701e-03 1.04e-04 5.13e-03 -11.0 3.99e+00    -  1.00e+00 3.91e-03h  9
1555  2.3112538e-03 1.02e-04 4.92e-03 -11.0 2.30e-01    -  1.00e+00 1.56e-02h  7
1556  2.3484011e-03 3.63e-05 1.18e-02 -11.0 4.89e-02    -  1.00e+00 1.00e+00w  1
1557  6.2559550e-03 2.57e-03 2.19e-01 -11.0 3.79e-01    -  1.00e+00 1.00e+00w  1
1558  6.9877078e-02 2.80e-03 2.24e-01 -11.0 1.61e-01    -  1.00e+00 1.00e+00w  1
1559  2.3095245e-03 7.89e-05 3.85e-03 -11.0 2.22e-01    -  1.00e+00 2.50e-01h  2
iter    objective    inf_pr   inf_du lg(mu)  ||d||  lg(rg) alpha_du alpha_pr  ls
1560  2.3083359e-03 5.56e-05 2.73e-03 -11.0 4.69e-02    -  1.00e+00 5.00e-01h  2
1561  2.3067069e-03 5.71e-05 2.73e-03 -11.0 8.57e-01    -  1.00e+00 7.81e-03h  8
1562  2.3068445e-03 5.40e-05 2.71e-03 -11.0 9.19e-02    -  1.00e+00 6.25e-02h  5
1563  2.3062389e-03 4.77e-05 2.49e-03 -11.0 3.30e-02    -  1.00e+00 1.25e-01h  4
1564  2.3219215e-03 5.78e-06 2.52e-03 -11.0 1.04e-02    -  1.00e+00 1.00e+00h  1
1565  2.3028064e-03 2.28e-05 1.22e-02 -11.0 2.48e-02    -  1.00e+00 1.00e+00h  1
1566  2.3089914e-03 2.02e-05 9.21e-03 -11.0 2.81e-02    -  1.00e+00 1.25e-01h  4
1567  2.2937910e-03 8.22e-06 5.55e-03 -11.0 1.44e-02    -  1.00e+00 1.00e+00h  1
1568  2.2934146e-03 8.21e-06 5.98e-03 -11.0 4.29e-02    -  1.00e+00 3.12e-02h  6
1569  2.3048059e-03 8.09e-07 2.41e-03 -11.0 1.16e-02    -  1.00e+00 1.00e+00H  1
iter    objective    inf_pr   inf_du lg(mu)  ||d||  lg(rg) alpha_du alpha_pr  ls
1570  2.3037521e-03 1.54e-06 2.55e-03 -11.0 5.49e-02    -  1.00e+00 6.25e-02h  5
1571  2.2945309e-03 2.09e-07 2.91e-03 -11.0 9.21e-03    -  1.00e+00 1.00e+00H  1
1572  2.3101654e-03 9.35e-08 1.98e-03 -11.0 4.96e-03    -  1.00e+00 1.00e+00H  1
1573  2.2864994e-03 3.30e-06 3.44e-03 -11.0 6.50e-03    -  1.00e+00 1.00e+00h  1
1574  2.2865446e-03 5.59e-07 8.89e-04 -11.0 7.17e-03    -  1.00e+00 1.00e+00H  1
1575  2.2869431e-03 2.70e-07 1.12e-03 -11.0 1.82e-02    -  1.00e+00 1.25e-01h  4
1576  2.2913237e-03 6.36e-07 2.39e-03 -11.0 1.58e-02    -  1.00e+00 1.00e+00H  1
1577  2.2892836e-03 7.95e-07 2.48e-03 -11.0 1.09e-01    -  1.00e+00 3.12e-02h  6
1578  2.2858745e-03 6.77e-06 2.00e-03 -11.0 3.06e-02    -  1.00e+00 2.50e-01h  3
1579  2.2836121e-03 9.63e-06 1.81e-03 -11.0 1.54e-01    -  1.00e+00 3.12e-02h  6
iter    objective    inf_pr   inf_du lg(mu)  ||d||  lg(rg) alpha_du alpha_pr  ls
1580  2.2804459e-03 1.13e-05 1.96e-03 -11.0 5.48e-02    -  1.00e+00 1.25e-01h  4
1581  2.2779560e-03 3.18e-05 2.39e-03 -11.0 1.03e-01    -  1.00e+00 1.25e-01h  4
1582  2.2766153e-03 3.40e-05 2.38e-03 -11.0 2.83e-01    -  1.00e+00 1.56e-02h  7
1583  2.2732001e-03 1.66e-04 3.52e-03 -11.0 1.24e-01    -  1.00e+00 2.50e-01h  3
1584  2.2731018e-03 1.68e-04 3.98e-03 -11.0 1.21e+00    -  1.00e+00 3.91e-03h  9
1585  2.2704639e-03 2.71e-04 2.45e-03 -11.0 4.68e-02    -  1.00e+00 1.00e+00H  1
1586  2.2741477e-03 2.55e-04 3.09e-03 -11.0 1.96e-01    -  1.00e+00 3.12e-02h  6
1587  2.2706283e-03 1.18e-04 4.91e-03 -11.0 1.26e-02    -  1.00e+00 5.00e-01h  2
1588  2.2762821e-03 5.23e-05 6.28e-03 -11.0 5.56e-02    -  1.00e+00 2.50e-01h  3
1589  2.2755887e-03 4.49e-05 5.21e-03 -11.0 3.35e-02    -  1.00e+00 1.25e-01h  4
iter    objective    inf_pr   inf_du lg(mu)  ||d||  lg(rg) alpha_du alpha_pr  ls
1590  2.2674693e-03 3.16e-05 2.25e-03 -11.0 2.43e-02    -  1.00e+00 2.50e-01h  3
1591  2.2732165e-03 2.28e-05 3.02e-03 -11.0 2.14e-02    -  1.00e+00 2.50e-01h  3
1592  2.2601149e-03 2.00e-06 1.65e-03 -11.0 7.10e-03    -  1.00e+00 1.00e+00h  1
1593  2.2826399e-03 5.25e-06 1.92e-03 -11.0 8.87e-03    -  1.00e+00 5.00e-01h  2
1594  2.2582202e-03 3.87e-06 5.02e-04 -11.0 4.18e-03    -  1.00e+00 1.00e+00h  1
1595  2.2582551e-03 4.54e-07 6.20e-04 -11.0 2.72e-03    -  1.00e+00 1.00e+00h  1
1596  2.2570224e-03 1.43e-07 1.16e-04 -11.0 1.03e-03    -  1.00e+00 1.00e+00h  1
1597  2.2621034e-03 8.30e-08 1.10e-03 -11.0 5.23e-03    -  1.00e+00 1.00e+00H  1
1598  2.2686188e-03 1.76e-08 1.28e-03 -11.0 7.25e-03    -  1.00e+00 1.00e+00H  1
1599  2.2672123e-03 1.34e-08 1.18e-03 -11.0 2.20e-02    -  1.00e+00 1.56e-02h  7
iter    objective    inf_pr   inf_du lg(mu)  ||d||  lg(rg) alpha_du alpha_pr  ls
1600  2.2711258e-03 5.33e-09 1.64e-03 -11.0 7.21e-03    -  1.00e+00 1.00e+00H  1
1601  2.2962290e-03 6.42e-10 2.87e-03 -11.0 6.74e-03    -  1.00e+00 1.00e+00H  1
1602  2.2526990e-03 1.09e-06 9.20e-03 -11.0 7.64e-03    -  1.00e+00 1.00e+00h  1
1603  2.2562419e-03 6.21e-07 4.76e-03 -11.0 2.55e-03    -  1.00e+00 5.00e-01h  2
1604  2.2516108e-03 1.34e-07 2.97e-04 -11.0 1.33e-03    -  1.00e+00 1.00e+00h  1
1605  2.2515235e-03 1.19e-08 8.10e-05 -11.0 4.24e-04    -  1.00e+00 1.00e+00h  1
1606  2.2589574e-03 3.17e-09 8.45e-04 -11.0 5.89e-03    -  1.00e+00 1.00e+00H  1
1607  2.2965049e-03 9.12e-11 2.31e-03 -11.0 1.30e-02    -  1.00e+00 1.00e+00H  1
1608  2.2959320e-03 4.88e-10 2.30e-03 -11.0 2.64e-02    -  1.00e+00 3.91e-03h  9
1609  2.2953522e-03 6.99e-10 2.28e-03 -11.0 1.66e-02    -  1.00e+00 3.91e-03h  9
iter    objective    inf_pr   inf_du lg(mu)  ||d||  lg(rg) alpha_du alpha_pr  ls
1610  2.2951714e-03 7.93e-10 2.28e-03 -11.0 3.77e-02    -  1.00e+00 9.77e-04h 11
1611  2.2944633e-03 1.04e-09 2.26e-03 -11.0 3.69e-02    -  1.00e+00 1.95e-03h 10
1612  2.2943860e-03 1.74e-06 2.03e-02 -11.0 8.64e-03    -  1.00e+00 1.00e+00h  1
1613  2.2615427e-03 3.50e-06 1.70e-02 -11.0 1.60e-02    -  1.00e+00 5.00e-01h  2
1614  2.2456828e-03 2.49e-06 1.25e-03 -11.0 8.09e-03    -  1.00e+00 1.00e+00h  1
1615  2.2725518e-03 1.36e-06 2.82e-03 -11.0 7.44e-03    -  1.00e+00 1.00e+00h  1
1616  2.2437600e-03 1.29e-06 1.01e-03 -11.0 5.34e-03    -  1.00e+00 1.00e+00h  1
1617  2.2483778e-03 1.37e-07 1.03e-03 -11.0 3.43e-03    -  1.00e+00 1.00e+00h  1
1618  2.2430177e-03 1.14e-07 1.76e-03 -11.0 2.84e-03    -  1.00e+00 1.00e+00h  1
1619  2.2429474e-03 6.69e-09 5.38e-05 -11.0 3.72e-04    -  1.00e+00 1.00e+00h  1
iter    objective    inf_pr   inf_du lg(mu)  ||d||  lg(rg) alpha_du alpha_pr  ls
1620  2.2429748e-03 1.28e-10 1.40e-04 -11.0 5.86e-04    -  1.00e+00 1.00e+00H  1
1621  2.2431445e-03 8.31e-12 3.99e-04 -11.0 3.40e-03    -  1.00e+00 1.00e+00H  1
1622  2.2429234e-03 9.80e-09 4.13e-04 -11.0 1.58e-02    -  1.00e+00 3.12e-02h  6
1623  2.2424794e-03 3.34e-08 3.49e-04 -11.0 3.81e-03    -  1.00e+00 2.50e-01h  3
1624  2.2416452e-03 5.85e-07 6.53e-04 -11.0 7.62e-03    -  1.00e+00 5.00e-01h  2
1625  2.2418912e-03 3.12e-07 7.48e-04 -11.0 3.23e-03    -  1.00e+00 5.00e-01h  2
1626  2.2409478e-03 6.93e-07 4.02e-04 -11.0 2.36e-02    -  1.00e+00 1.25e-01h  4
1627  2.2405067e-03 7.91e-07 5.95e-04 -11.0 1.32e-01    -  1.00e+00 1.56e-02h  7
1628  2.2393523e-03 1.67e-06 7.31e-04 -11.0 1.15e-01    -  1.00e+00 6.25e-02h  5
1629  2.2396360e-03 1.70e-06 8.01e-04 -11.0 3.23e-02    -  1.00e+00 3.12e-02h  6
iter    objective    inf_pr   inf_du lg(mu)  ||d||  lg(rg) alpha_du alpha_pr  ls
1630  2.2374669e-03 4.14e-08 1.27e-04 -11.0 2.58e-03    -  1.00e+00 1.00e+00h  1
1631  2.2282628e-03 3.48e-05 7.67e-04 -11.0 5.30e-02    -  1.00e+00 1.00e+00h  1
1632  2.2205283e-03 6.04e-05 2.32e-03 -11.0 4.88e+01    -  1.00e+00 9.77e-04h 11
1633  2.2185463e-03 6.27e-05 3.16e-03 -11.0 1.51e+01    -  1.00e+00 9.77e-04h 11
1634  2.2161739e-03 7.70e-04 4.54e-03 -11.0 1.44e+00    -  1.00e+00 1.25e-01h  4
1635  2.2136625e-03 7.74e-04 4.86e-03 -11.0 2.14e+01    -  1.00e+00 4.88e-04h 12
1636  2.2141009e-03 7.66e-04 5.15e-03 -11.0 6.31e-01    -  1.00e+00 1.56e-02h  7
1637  2.2035107e-03 8.20e-04 6.93e-03 -11.0 1.67e+00    -  1.00e+00 3.12e-02h  6
1638  2.2018438e-03 8.18e-04 6.51e-03 -11.0 2.90e+00    -  1.00e+00 1.95e-03h 10
1639  2.2051478e-03 7.73e-04 7.15e-03 -11.0 4.74e-01    -  1.00e+00 6.25e-02h  5
iter    objective    inf_pr   inf_du lg(mu)  ||d||  lg(rg) alpha_du alpha_pr  ls
1640  2.2172383e-03 7.67e-04 7.97e-03 -11.0 1.30e+00    -  1.00e+00 1.56e-02h  7
1641  2.1941432e-03 8.47e-04 4.77e-03 -11.0 1.48e+00    -  1.00e+00 3.12e-02h  6
1642  2.1117333e-02 9.41e-03 1.14e-01 -11.0 3.91e-01    -  1.00e+00 1.00e+00w  1
1643  2.4706492e-02 1.23e-03 1.02e-01 -11.0 3.36e-01    -  1.00e+00 1.00e+00w  1
1644  9.5266060e-02 2.02e-03 6.48e+00 -11.0 3.90e-01    -  1.00e+00 1.00e+00w  1
1645  2.2066026e-03 8.34e-04 3.74e-03 -11.0 6.79e-01    -  1.00e+00 3.12e-02h  5
1646  2.2171962e-03 7.28e-04 2.67e-03 -11.0 4.56e-02    -  1.00e+00 1.25e-01h  4
1647  2.1996715e-03 6.39e-04 3.42e-03 -11.0 7.46e-02    -  1.00e+00 1.25e-01h  4
1648  2.2019236e-03 5.00e-04 7.28e-03 -11.0 1.05e-01    -  1.00e+00 5.00e-01h  2
1649  2.2015963e-03 4.92e-04 7.60e-03 -11.0 3.05e-01    -  1.00e+00 1.56e-02h  7
iter    objective    inf_pr   inf_du lg(mu)  ||d||  lg(rg) alpha_du alpha_pr  ls
1650  2.1920013e-03 1.75e-04 1.48e-01 -11.0 4.27e-02    -  1.00e+00 1.00e+00h  1
1651  2.2119884e-03 1.75e-04 1.24e-01 -11.0 3.48e-01    -  1.00e+00 1.56e-02h  7
1652  2.1955715e-03 1.86e-05 6.35e-02 -11.0 1.64e-02    -  1.00e+00 1.00e+00h  1
1653  3.0730639e-03 4.88e-07 1.51e-02 -11.0 4.48e-02    -  1.00e+00 1.00e+00H  1
1654  2.2170170e-03 4.59e-07 4.33e-02 -11.0 4.17e-02    -  1.00e+00 1.00e+00H  1
1655  1.0910034e-02 1.74e-06 1.73e-01 -11.0 9.26e-02    -  1.00e+00 1.00e+00H  1
1656  2.1775870e-03 1.97e-04 9.39e-02 -11.0 8.44e-02    -  1.00e+00 1.00e+00f  1
1657  2.1879389e-03 9.00e-07 6.62e-03 -11.0 4.71e-03    -  1.00e+00 1.00e+00h  1
1658  2.1715212e-03 3.09e-07 8.88e-04 -11.0 2.09e-03    -  1.00e+00 1.00e+00h  1
1659  2.1722677e-03 2.88e-10 3.95e-04 -11.0 7.84e-04    -  1.00e+00 1.00e+00H  1
iter    objective    inf_pr   inf_du lg(mu)  ||d||  lg(rg) alpha_du alpha_pr  ls
1660  2.1707334e-03 1.27e-08 1.58e-04 -11.0 4.09e-04    -  1.00e+00 1.00e+00h  1
1661  2.1705988e-03 2.93e-09 1.48e-04 -11.0 2.04e-04    -  1.00e+00 1.00e+00h  1
1662  2.1694891e-03 6.55e-07 5.05e-04 -11.0 2.83e-03    -  1.00e+00 1.00e+00h  1
1663  2.1688052e-03 1.33e-06 7.39e-04 -11.0 3.30e-02    -  1.00e+00 6.25e-02h  5
1664  2.2488926e-03 1.91e-09 2.93e-03 -11.0 9.84e-03    -  1.00e+00 1.00e+00H  1
1665  2.1667541e-03 6.99e-06 7.98e-03 -11.0 6.07e-03    -  1.00e+00 1.00e+00f  1
1666  2.1667834e-03 6.77e-07 5.96e-04 -11.0 1.56e-03    -  1.00e+00 1.00e+00h  1
1667  2.1711730e-03 1.72e-10 7.67e-04 -11.0 1.35e-02    -  1.00e+00 1.00e+00H  1
1668  2.1702117e-03 3.13e-07 6.94e-04 -11.0 9.39e-02    -  1.00e+00 1.56e-02h  7
1669  2.1664821e-03 1.02e-05 1.49e-03 -11.0 1.42e-01    -  1.00e+00 6.25e-02h  5
iter    objective    inf_pr   inf_du lg(mu)  ||d||  lg(rg) alpha_du alpha_pr  ls
1670  2.1660693e-03 2.20e-05 9.97e-04 -11.0 2.58e-01    -  1.00e+00 3.12e-02h  6
1671  2.1612746e-03 1.90e-05 2.18e-03 -11.0 5.08e-02    -  1.00e+00 1.25e-01h  4
1672  2.1608008e-03 1.90e-05 1.65e-03 -11.0 4.67e-02    -  1.00e+00 6.25e-02h  5
1673  2.1571390e-03 5.80e-05 1.73e-03 -11.0 1.37e-01    -  1.00e+00 1.25e-01h  4
1674  2.1562414e-03 7.97e-05 1.49e-03 -11.0 4.45e-01    -  1.00e+00 3.12e-02h  6
1675  2.1553235e-03 8.11e-05 2.55e-03 -11.0 2.61e-01    -  1.00e+00 1.56e-02h  7
1676  2.1526032e-03 7.45e-05 8.68e-04 -11.0 2.92e-02    -  1.00e+00 2.50e-01h  3
1677  2.1494036e-03 5.57e-04 8.60e-03 -11.0 2.13e-01    -  1.00e+00 2.50e-01h  3
1678  8.1481361e-03 1.34e-02 5.09e-02 -11.0 1.09e+00    -  1.00e+00 1.00e+00w  1
1679  1.1511573e-01 1.67e-01 5.26e-01 -11.0 4.67e+00    -  1.00e+00 1.00e+00w  1
iter    objective    inf_pr   inf_du lg(mu)  ||d||  lg(rg) alpha_du alpha_pr  ls
1680  1.1533462e+00 1.25e+00 1.05e+04 -11.0 6.63e+00    -  1.00e+00 1.00e+00w  1
1681  2.1445882e-03 7.17e-04 1.73e-02 -11.0 7.22e+02    -  1.00e+00 3.12e-02h  5
1682  2.1428391e-03 7.30e-04 2.58e-02 -11.0 3.81e-01    -  1.00e+00 6.25e-02h  5
1683  2.1404820e-03 7.25e-04 2.79e-02 -11.0 5.44e-01    -  1.00e+00 7.81e-03h  8
1684  2.1439911e-03 3.85e-04 1.49e-02 -11.0 3.88e-02    -  1.00e+00 5.00e-01h  2
1685  2.1397740e-03 3.58e-04 1.22e-02 -11.0 1.15e-01    -  1.00e+00 6.25e-02h  5
1686  2.1357877e-03 3.14e-04 1.14e-02 -11.0 3.57e-02    -  1.00e+00 1.25e-01h  4
1687  2.1374642e-03 1.60e-04 5.18e-03 -11.0 1.90e-02    -  1.00e+00 5.00e-01h  2
1688  2.1290989e-03 4.72e-05 3.28e-03 -11.0 2.56e-02    -  1.00e+00 1.00e+00h  1
1689  2.1285149e-03 4.65e-05 3.02e-03 -11.0 2.85e-01    -  1.00e+00 1.56e-02h  7
iter    objective    inf_pr   inf_du lg(mu)  ||d||  lg(rg) alpha_du alpha_pr  ls
1690  2.1185535e-03 7.56e-06 1.21e-03 -11.0 1.22e-02    -  1.00e+00 1.00e+00h  1
1691  2.1198435e-03 7.23e-06 1.20e-03 -11.0 1.06e-01    -  1.00e+00 6.25e-02h  5
1692  2.1298119e-03 7.38e-06 3.80e-03 -11.0 5.84e-02    -  1.00e+00 5.00e-01h  2
1693  2.1287228e-03 6.89e-06 4.19e-03 -11.0 4.11e-01    -  1.00e+00 1.56e-02h  7
1694  2.1520482e-03 3.71e-06 3.84e-03 -11.0 7.44e-02    -  1.00e+00 2.50e-01h  3
1695  2.1320401e-03 1.51e-06 3.73e-03 -11.0 4.67e-02    -  1.00e+00 1.00e+00H  1
1696  2.1240908e-03 1.81e-06 5.15e-03 -11.0 8.63e-01    -  1.00e+00 1.56e-02h  7
1697  2.1442373e-03 1.78e-06 5.22e-03 -11.0 3.65e-02    -  1.00e+00 1.25e-01h  4
1698  2.1232389e-03 4.01e-06 1.69e-03 -11.0 3.98e-02    -  1.00e+00 1.00e+00h  1
1699  2.1160284e-03 3.75e-06 1.72e-03 -11.0 2.56e-01    -  1.00e+00 1.56e-02h  7
iter    objective    inf_pr   inf_du lg(mu)  ||d||  lg(rg) alpha_du alpha_pr  ls
1700  2.1172542e-03 1.31e-06 1.08e-03 -11.0 3.53e-03    -  1.00e+00 1.00e+00h  1
1701  2.1138853e-03 2.91e-06 1.70e-03 -11.0 2.50e-02    -  1.00e+00 1.00e+00h  1
1702  2.1168875e-03 3.13e-06 1.43e-03 -11.0 6.69e-02    -  1.00e+00 6.25e-02h  5
1703  2.1156301e-03 2.81e-06 1.33e-03 -11.0 2.03e-02    -  1.00e+00 1.25e-01h  4
1704  2.1148536e-03 3.41e-06 1.10e-03 -11.0 9.33e-02    -  1.00e+00 1.25e-01h  4
1705  2.1123527e-03 4.14e-06 6.78e-04 -11.0 3.37e-01    -  1.00e+00 3.12e-02h  6
1706  2.1116119e-03 3.50e-06 9.78e-04 -11.0 3.12e-01    -  1.00e+00 3.12e-02h  6
1707  2.1100173e-03 2.63e-06 5.29e-04 -11.0 8.66e-02    -  1.00e+00 6.25e-02h  5
1708  2.1100684e-03 2.45e-06 1.05e-03 -11.0 3.81e-02    -  1.00e+00 1.25e-01h  4
1709  2.1081396e-03 2.30e-05 1.92e-03 -11.0 8.95e-02    -  1.00e+00 2.50e-01h  3
iter    objective    inf_pr   inf_du lg(mu)  ||d||  lg(rg) alpha_du alpha_pr  ls
1710  2.1074479e-03 1.01e-04 3.41e-03 -11.0 1.04e+00    -  1.00e+00 3.12e-02h  6
1711  2.1027298e-03 1.44e-04 2.75e-03 -11.0 2.96e+00    -  1.00e+00 7.81e-03h  8
1712  7.1129968e-03 4.79e-01 3.01e-01 -11.0 9.97e-01    -  1.00e+00 1.00e+00w  1
1713  4.1699859e-02 1.11e-01 1.72e-01 -11.0 8.89e-01    -  1.00e+00 1.00e+00w  1
1714  6.6151582e-03 1.31e+00 2.44e+01 -11.0 1.08e+00    -  1.00e+00 1.00e+00w  1
1715  2.0997877e-03 1.75e-04 2.75e-03 -11.0 8.70e-01    -  1.00e+00 3.12e-02h  5
1716  2.0887112e-03 5.88e-06 1.94e-02 -11.0 2.20e-02    -  1.00e+00 1.00e+00h  1
1717  2.0865753e-03 6.10e-06 1.98e-02 -11.0 4.73e-01    -  1.00e+00 1.56e-02h  7
1718  2.0860801e-03 6.97e-06 2.38e-02 -11.0 9.80e-02    -  1.00e+00 6.25e-02h  5
1719  2.0852346e-03 1.13e-05 3.54e-02 -11.0 6.05e-02    -  1.00e+00 1.25e-01h  4
iter    objective    inf_pr   inf_du lg(mu)  ||d||  lg(rg) alpha_du alpha_pr  ls
1720  2.0841555e-03 1.07e-05 3.75e-02 -11.0 7.99e-02    -  1.00e+00 3.12e-02h  6
1721  2.1047328e-03 1.88e-06 6.80e-03 -11.0 2.07e-02    -  1.00e+00 1.00e+00H  1
1722  2.1374940e-03 7.14e-07 5.79e-03 -11.0 4.31e-02    -  1.00e+00 1.00e+00H  1
1723  2.1348369e-03 1.02e-06 5.54e-03 -11.0 1.31e-01    -  1.00e+00 1.56e-02h  7
1724  2.0824083e-03 1.81e-05 8.94e-03 -11.0 5.23e-02    -  1.00e+00 1.00e+00h  1
1725  2.0812046e-03 1.80e-05 8.89e-03 -11.0 1.53e-01    -  1.00e+00 7.81e-03h  8
1726  2.0772837e-03 3.24e-06 4.55e-03 -11.0 1.33e-02    -  1.00e+00 1.00e+00h  1
1727  2.0769202e-03 3.26e-06 5.45e-03 -11.0 1.39e-01    -  1.00e+00 1.56e-02h  7
1728  2.0988697e-03 2.19e-06 6.21e-03 -11.0 1.70e-02    -  1.00e+00 5.00e-01h  2
1729  2.0747089e-03 1.83e-06 2.78e-03 -11.0 8.66e-03    -  1.00e+00 1.00e+00h  1
iter    objective    inf_pr   inf_du lg(mu)  ||d||  lg(rg) alpha_du alpha_pr  ls
1730  2.0877267e-03 3.90e-08 1.43e-03 -11.0 1.08e-02    -  1.00e+00 1.00e+00H  1
1731  2.1029107e-03 9.18e-08 2.24e-03 -11.0 9.01e-03    -  1.00e+00 1.00e+00H  1
1732  2.1366789e-03 1.06e-08 2.03e-03 -11.0 4.19e-02    -  1.00e+00 1.00e+00H  1
1733  2.1348373e-03 2.55e-08 1.95e-03 -11.0 7.26e-02    -  1.00e+00 3.91e-03h  9
1734  2.0745926e-03 5.53e-05 2.40e-02 -11.0 3.50e-02    -  1.00e+00 1.00e+00h  1
1735  2.0727829e-03 5.46e-05 2.36e-02 -11.0 1.47e-01    -  1.00e+00 1.56e-02h  7
1736  2.0722842e-03 1.24e-06 3.43e-04 -11.0 4.65e-03    -  1.00e+00 1.00e+00h  1
1737  2.0720286e-03 1.61e-06 5.40e-04 -11.0 4.30e-02    -  1.00e+00 6.25e-02h  5
1738  2.0794340e-03 7.46e-07 1.01e-03 -11.0 6.10e-03    -  1.00e+00 5.00e-01h  2
1739  2.0716036e-03 3.96e-07 7.42e-05 -11.0 3.69e-03    -  1.00e+00 1.00e+00h  1
iter    objective    inf_pr   inf_du lg(mu)  ||d||  lg(rg) alpha_du alpha_pr  ls
1740  2.0715148e-03 8.04e-09 6.33e-05 -11.0 1.01e-03    -  1.00e+00 1.00e+00h  1
1741  2.1682964e-03 5.77e-09 3.45e-03 -11.0 1.76e-02    -  1.00e+00 1.00e+00H  1
1742  2.0740073e-03 2.15e-09 9.94e-04 -11.0 1.08e-02    -  1.00e+00 1.00e+00H  1
1743  2.0678130e-03 2.42e-07 6.79e-04 -11.0 7.27e-03    -  1.00e+00 1.25e-01h  4
1744  2.0675517e-03 9.45e-08 2.26e-04 -11.0 1.47e-03    -  1.00e+00 1.00e+00h  1
1745  2.0694178e-03 7.67e-08 5.08e-04 -11.0 1.10e-02    -  1.00e+00 1.00e+00H  1
1746  2.0690599e-03 9.73e-08 4.88e-04 -11.0 4.24e-02    -  1.00e+00 1.56e-02h  7
1747  2.0669482e-03 2.22e-06 6.68e-04 -11.0 2.39e-01    -  1.00e+00 3.12e-02h  6
1748  2.0628755e-03 9.36e-06 2.31e-03 -11.0 2.58e-01    -  1.00e+00 6.25e-02h  5
1749  2.0629584e-03 1.42e-05 1.94e-03 -11.0 7.76e-01    -  1.00e+00 1.56e-02h  7
iter    objective    inf_pr   inf_du lg(mu)  ||d||  lg(rg) alpha_du alpha_pr  ls
1750  2.0620675e-03 1.42e-05 2.08e-03 -11.0 9.26e-02    -  1.00e+00 6.25e-02h  5
1751  2.0485296e-03 2.52e-04 3.97e-03 -11.0 1.50e+00    -  1.00e+00 6.25e-02h  5
1752  2.0384065e-03 4.40e-04 6.41e-03 -11.0 1.80e+01    -  1.00e+00 7.81e-03h  8
1753  2.0373712e-03 4.40e-04 6.80e-03 -11.0 9.65e+00    -  1.00e+00 1.95e-03h 10
1754  2.0395516e-03 4.31e-04 6.86e-03 -11.0 4.52e-01    -  1.00e+00 1.56e-02h  7
1755  2.0289518e-03 1.92e-04 3.36e-03 -11.0 7.85e-02    -  1.00e+00 5.00e-01h  2
1756  2.0198106e-01 1.90e-02 2.11e-01 -11.0 1.23e+00    -  1.00e+00 1.00e+00w  1
1757  3.7144503e-01 1.45e-02 2.99e+00 -11.0 1.17e+00    -  1.00e+00 1.00e+00w  1
1758  2.3815201e+00 8.51e-02 1.37e+01 -11.0 1.60e+00    -  1.00e+00 1.00e+00w  1
1759  2.0282358e-03 1.91e-04 3.59e-03 -11.0 8.67e-01    -  1.00e+00 3.91e-03h  8
iter    objective    inf_pr   inf_du lg(mu)  ||d||  lg(rg) alpha_du alpha_pr  ls
1760  2.0470900e-03 4.46e-06 3.57e-03 -11.0 1.86e-02    -  1.00e+00 1.00e+00h  1
1761  2.0458488e-03 4.57e-06 4.07e-03 -11.0 2.81e-01    -  1.00e+00 7.81e-03h  8
1762  2.1548356e-03 3.46e-09 3.67e-03 -11.0 3.45e-02    -  1.00e+00 1.00e+00H  1
1763  2.1515154e-03 2.88e-09 3.61e-03 -11.0 5.23e-02    -  1.00e+00 7.81e-03h  8
1764  2.1465532e-03 6.54e-09 3.55e-03 -11.0 3.60e-02    -  1.00e+00 1.56e-02h  7
1765  2.1461137e-03 7.10e-09 3.54e-03 -11.0 1.39e-01    -  1.00e+00 4.88e-04h 12
1766  2.1438789e-03 9.66e-09 3.52e-03 -11.0 3.71e-02    -  1.00e+00 7.81e-03h  8
1767  2.1236135e-03 1.71e-06 4.37e-03 -11.0 4.69e-01    -  1.00e+00 3.12e-02f  6
1768  2.2004878e-03 1.13e-09 4.00e-03 -11.0 1.07e-02    -  1.00e+00 1.00e+00H  1
1769  2.0656356e-03 1.14e-05 9.16e-03 -11.0 2.30e-02    -  1.00e+00 5.00e-01f  2
iter    objective    inf_pr   inf_du lg(mu)  ||d||  lg(rg) alpha_du alpha_pr  ls
1770  2.0627498e-03 4.10e-05 9.43e-03 -11.0 4.69e-02    -  1.00e+00 5.00e-01h  2
1771  2.0599252e-03 4.65e-05 5.33e-03 -11.0 7.67e-02    -  1.00e+00 1.25e-01h  4
1772  2.0544988e-03 2.30e-05 3.94e-03 -11.0 3.03e-02    -  1.00e+00 5.00e-01h  2
1773  2.3536760e-03 5.87e-06 9.86e-03 -11.0 4.56e-02    -  1.00e+00 1.00e+00H  1
1774  2.0577899e-03 8.61e-06 1.64e-02 -11.0 5.46e-02    -  1.00e+00 1.00e+00H  1
1775  2.0501908e-03 7.47e-06 1.32e-02 -11.0 3.34e-01    -  1.00e+00 3.12e-02h  6
1776  2.1304372e-03 1.75e-06 5.53e-03 -11.0 3.84e-02    -  1.00e+00 1.00e+00H  1
1777  5.0063494e-03 5.40e-07 5.36e-02 -11.0 8.01e-02    -  1.00e+00 1.00e+00H  1
1778  4.8209754e-03 1.61e-06 5.25e-02 -11.0 8.36e-02    -  1.00e+00 3.12e-02h  6
1779  4.7227384e-03 2.59e-06 5.14e-02 -11.0 6.54e-01    -  1.00e+00 3.91e-03h  9
iter    objective    inf_pr   inf_du lg(mu)  ||d||  lg(rg) alpha_du alpha_pr  ls
1780  4.5279839e-03 4.26e-06 4.97e-02 -11.0 1.02e-01    -  1.00e+00 3.12e-02h  6
1781  4.4318002e-03 4.28e-06 4.77e-02 -11.0 1.58e-01    -  1.00e+00 1.56e-02h  7
1782  4.3373992e-03 4.45e-06 4.71e-02 -11.0 1.86e-01    -  1.00e+00 7.81e-03h  8
1783  3.8216096e-03 1.25e-03 2.33e-02 -11.0 2.53e-01    -  1.00e+00 2.50e-01f  3
1784  3.1748378e-03 1.13e-03 1.34e-01 -11.0 1.57e-01    -  1.00e+00 2.50e-01h  3
1785  2.4901863e-03 1.00e-03 9.51e-02 -11.0 1.17e-01    -  1.00e+00 2.50e-01h  3
1786  2.1725615e-03 3.32e-06 2.15e-02 -11.0 1.71e-02    -  1.00e+00 1.00e+00h  1
1787  2.8188099e-03 4.45e-06 6.97e-02 -11.0 4.05e-02    -  1.00e+00 1.00e+00H  1
1788  2.0171131e-03 5.51e-06 4.97e-02 -11.0 3.13e-02    -  1.00e+00 1.00e+00h  1
1789  2.0958747e-03 1.76e-05 2.01e-02 -11.0 1.41e-02    -  1.00e+00 5.00e-01h  2
iter    objective    inf_pr   inf_du lg(mu)  ||d||  lg(rg) alpha_du alpha_pr  ls
1790  2.0057536e-03 1.33e-05 2.98e-03 -11.0 5.58e-03    -  1.00e+00 1.00e+00h  1
1791  2.0062407e-03 6.52e-08 5.29e-04 -11.0 4.45e-04    -  1.00e+00 1.00e+00h  1
1792  2.0049798e-03 1.50e-09 1.03e-04 -11.0 3.85e-04    -  1.00e+00 1.00e+00h  1
1793  2.0047366e-03 2.61e-08 8.44e-05 -11.0 3.38e-04    -  1.00e+00 1.00e+00h  1
1794  2.0718287e-03 7.11e-09 2.62e-03 -11.0 1.48e-02    -  1.00e+00 1.00e+00H  1
1795  2.0741427e-03 1.62e-09 2.32e-03 -11.0 1.24e-02    -  1.00e+00 1.00e+00H  1
1796  2.0717263e-03 1.13e-09 2.26e-03 -11.0 3.93e-02    -  1.00e+00 7.81e-03h  8
1797  2.0696459e-03 3.74e-09 2.30e-03 -11.0 9.49e-02    -  1.00e+00 3.91e-03h  9
1798  2.0672256e-03 1.97e-08 2.25e-03 -11.0 9.23e-02    -  1.00e+00 3.91e-03h  9
1799  2.0669286e-03 2.07e-08 2.24e-03 -11.0 1.19e-01    -  1.00e+00 9.77e-04h 11
iter    objective    inf_pr   inf_du lg(mu)  ||d||  lg(rg) alpha_du alpha_pr  ls
1800  2.0666230e-03 2.12e-08 2.24e-03 -11.0 2.74e-01    -  1.00e+00 2.44e-04h 13
1801  2.0165966e-03 5.60e-06 3.88e-03 -11.0 4.40e-02    -  1.00e+00 5.00e-01h  2
1802  2.0160469e-03 5.30e-06 3.49e-03 -11.0 5.06e-02    -  1.00e+00 1.25e-01h  4
1803  2.0095298e-03 9.71e-06 3.03e-03 -11.0 6.92e-02    -  1.00e+00 6.25e-02h  5
1804  2.2451517e-03 7.32e-10 4.53e-03 -11.0 1.42e-02    -  1.00e+00 1.00e+00H  1
1805  2.0029248e-03 5.87e-05 4.51e-02 -11.0 1.04e-02    -  1.00e+00 1.00e+00f  1
1806  2.0066591e-03 1.58e-06 4.94e-03 -11.0 4.37e-03    -  1.00e+00 1.00e+00h  1
1807  2.0294838e-03 6.13e-08 2.69e-03 -11.0 8.42e-03    -  1.00e+00 1.00e+00H  1
1808  2.1323038e-03 2.57e-09 2.59e-03 -11.0 1.38e-02    -  1.00e+00 1.00e+00H  1
1809  2.1270152e-03 1.25e-09 2.52e-03 -11.0 1.26e-02    -  1.00e+00 1.56e-02h  7
iter    objective    inf_pr   inf_du lg(mu)  ||d||  lg(rg) alpha_du alpha_pr  ls
1810  2.0194207e-03 6.64e-08 6.52e-03 -11.0 2.40e-02    -  1.00e+00 1.00e+00F  1
1811  2.0152457e-03 3.36e-07 6.04e-03 -11.0 1.63e-02    -  1.00e+00 6.25e-02h  5
1812  1.9977522e-03 5.56e-06 7.42e-04 -11.0 7.24e-03    -  1.00e+00 1.00e+00h  1
1813  1.9968898e-03 5.90e-06 7.06e-04 -11.0 2.33e-02    -  1.00e+00 6.25e-02h  5
1814  1.9962916e-03 5.05e-07 2.89e-04 -11.0 1.60e-03    -  1.00e+00 1.00e+00h  1
1815  2.0982561e-03 1.17e-08 3.02e-03 -11.0 1.59e-02    -  1.00e+00 1.00e+00H  1
1816  2.0000583e-03 4.06e-08 7.29e-04 -11.0 1.82e-02    -  1.00e+00 1.00e+00H  1
1817  1.9975622e-03 2.59e-07 7.26e-04 -11.0 4.61e-02    -  1.00e+00 1.56e-02h  7
1818  1.9957613e-03 3.14e-07 7.50e-04 -11.0 3.17e-03    -  1.00e+00 1.00e+00h  1
1819  2.1202987e-03 1.29e-08 3.69e-03 -11.0 1.38e-02    -  1.00e+00 1.00e+00H  1
iter    objective    inf_pr   inf_du lg(mu)  ||d||  lg(rg) alpha_du alpha_pr  ls
1820  2.0176310e-03 1.06e-08 1.39e-03 -11.0 1.75e-02    -  1.00e+00 1.00e+00H  1
1821  2.0125177e-03 6.22e-08 1.18e-03 -11.0 5.15e-02    -  1.00e+00 7.81e-03h  8
1822  1.9943472e-03 5.73e-07 1.01e-03 -11.0 4.28e-03    -  1.00e+00 1.00e+00h  1
1823  1.9952585e-03 3.70e-07 6.46e-04 -11.0 2.38e-03    -  1.00e+00 2.50e-01h  3
1824  1.9938952e-03 4.48e-08 1.08e-04 -11.0 3.49e-04    -  1.00e+00 1.00e+00h  1
1825  1.9938377e-03 1.17e-09 1.06e-04 -11.0 1.13e-04    -  1.00e+00 1.00e+00h  1
1826  1.9937357e-03 5.62e-07 6.60e-04 -11.0 5.43e-03    -  1.00e+00 1.00e+00h  1
1827  1.9934857e-03 6.78e-07 6.24e-04 -11.0 2.45e-02    -  1.00e+00 6.25e-02h  5
1828  1.9932233e-03 1.53e-06 1.20e-03 -11.0 1.67e-02    -  1.00e+00 5.00e-01h  2
1829  1.9925805e-03 1.73e-06 1.13e-03 -11.0 5.48e-02    -  1.00e+00 3.12e-02h  6
iter    objective    inf_pr   inf_du lg(mu)  ||d||  lg(rg) alpha_du alpha_pr  ls
1830  2.1313501e-03 2.62e-10 4.09e-03 -11.0 1.83e-02    -  1.00e+00 1.00e+00H  1
1831  2.1307624e-03 1.53e-10 4.08e-03 -11.0 3.31e-02    -  1.00e+00 1.95e-03h 10
1832  2.1302293e-03 9.28e-10 4.07e-03 -11.0 1.85e-01    -  1.00e+00 4.88e-04h 12
1833  2.1301310e-03 1.22e-09 4.07e-03 -11.0 4.58e-01    -  1.00e+00 1.22e-04h 14
1834  2.1301222e-03 1.23e-09 4.07e-03 -11.0 4.23e+00    -  1.00e+00 1.91e-06h 20
1835  2.1123022e-03 1.58e-04 1.37e-02 -11.0 2.13e+02    -  1.00e+00 2.44e-04f 13
1836  2.1029144e-03 2.10e-04 6.15e-03 -11.0 7.88e+00    -  1.00e+00 3.91e-03h  9
1837  2.0988083e-03 2.33e-04 1.17e-02 -11.0 4.10e+01    -  1.00e+00 4.88e-04h 12
1838  2.0633455e-03 1.47e-06 1.66e-02 -11.0 5.22e-03    -  1.00e+00 1.00e+00h  1
1839  2.0101229e-03 2.33e-07 6.80e-03 -11.0 1.38e-03    -  1.00e+00 1.00e+00h  1
iter    objective    inf_pr   inf_du lg(mu)  ||d||  lg(rg) alpha_du alpha_pr  ls
1840  2.0046882e-03 1.34e-07 3.41e-04 -11.0 6.75e-04    -  1.00e+00 1.00e+00h  1
1841  2.0037142e-03 4.14e-08 2.83e-04 -11.0 3.98e-04    -  1.00e+00 1.00e+00h  1
1842  2.0023430e-03 2.94e-08 3.45e-04 -11.0 1.47e-03    -  1.00e+00 1.00e+00h  1
1843  2.0160836e-03 1.31e-10 1.46e-03 -11.0 6.78e-03    -  1.00e+00 1.00e+00H  1
1844  1.9995596e-03 1.17e-07 4.16e-04 -11.0 2.94e-03    -  1.00e+00 1.00e+00h  1
1845  1.9991949e-03 4.98e-08 1.89e-04 -11.0 4.48e-04    -  1.00e+00 1.00e+00h  1
1846  1.9986979e-03 1.23e-07 4.16e-04 -11.0 1.08e-03    -  1.00e+00 1.00e+00h  1
1847  1.9983185e-03 2.75e-08 3.73e-04 -11.0 1.71e-03    -  1.00e+00 1.00e+00h  1
1848  2.0182969e-03 5.56e-11 1.32e-03 -11.0 6.87e-03    -  1.00e+00 1.00e+00H  1
1849  1.9969005e-03 8.37e-07 2.79e-03 -11.0 4.56e-03    -  1.00e+00 1.00e+00f  1
iter    objective    inf_pr   inf_du lg(mu)  ||d||  lg(rg) alpha_du alpha_pr  ls
1850  1.9965308e-03 4.24e-08 2.80e-04 -11.0 7.78e-04    -  1.00e+00 1.00e+00h  1
1851  1.9979213e-03 1.07e-08 7.20e-04 -11.0 3.45e-03    -  1.00e+00 1.00e+00H  1
1852  1.9969630e-03 2.11e-08 7.38e-04 -11.0 1.07e-02    -  1.00e+00 1.00e+00H  1
1853  1.9963142e-03 5.50e-07 7.15e-04 -11.0 7.24e-02    -  1.00e+00 3.12e-02h  6
1854  1.9958872e-03 2.46e-06 1.26e-03 -11.0 8.32e-03    -  1.00e+00 1.00e+00h  1
1855  2.0769201e-03 2.73e-10 2.81e-03 -11.0 9.72e-03    -  1.00e+00 1.00e+00H  1
1856  1.9911498e-03 3.45e-05 7.85e-03 -11.0 1.09e-02    -  1.00e+00 1.00e+00f  1
1857  1.9920080e-03 1.17e-06 7.57e-04 -11.0 2.13e-03    -  1.00e+00 1.00e+00h  1
1858  1.9906445e-03 4.24e-07 2.03e-04 -11.0 3.76e-03    -  1.00e+00 1.00e+00h  1
1859  1.9904144e-03 4.30e-07 1.72e-04 -11.0 2.74e-02    -  1.00e+00 1.56e-02h  7
iter    objective    inf_pr   inf_du lg(mu)  ||d||  lg(rg) alpha_du alpha_pr  ls
1860  1.9903454e-03 8.47e-09 1.72e-04 -11.0 6.03e-04    -  1.00e+00 1.00e+00h  1
1861  1.9893406e-03 5.98e-08 2.43e-04 -11.0 1.69e-03    -  1.00e+00 1.00e+00h  1
1862  1.9881349e-03 4.38e-07 5.16e-04 -11.0 1.91e-02    -  1.00e+00 2.50e-01h  3
1863  1.9876377e-03 1.10e-06 5.88e-04 -11.0 2.53e-02    -  1.00e+00 1.25e-01h  4
1864  1.9862671e-03 6.55e-06 1.36e-03 -11.0 9.11e-02    -  1.00e+00 1.25e-01h  4
1865  1.9852493e-03 1.68e-05 1.83e-03 -11.0 3.45e-01    -  1.00e+00 3.12e-02h  6
1866  1.9811603e-03 8.87e-04 3.47e-03 -11.0 6.03e-01    -  1.00e+00 1.25e-01h  4
1867  1.9800125e-03 8.80e-04 3.49e-03 -11.0 1.58e+00    -  1.00e+00 7.81e-03h  8
1868  1.9847303e-03 6.65e-04 4.21e-03 -11.0 4.46e-02    -  1.00e+00 2.50e-01h  3
1869  1.9776251e-03 5.04e-04 2.40e-03 -11.0 3.98e-02    -  1.00e+00 2.50e-01h  3
iter    objective    inf_pr   inf_du lg(mu)  ||d||  lg(rg) alpha_du alpha_pr  ls
1870  1.9824174e-03 3.50e-04 2.30e-03 -11.0 1.16e-01    -  1.00e+00 2.50e-01h  3
1871  1.9831789e-03 3.40e-04 2.67e-03 -11.0 2.06e-01    -  1.00e+00 3.12e-02h  6
1872  2.0459007e-03 5.92e-05 3.72e-03 -11.0 2.71e-02    -  1.00e+00 1.00e+00h  1
1873  1.9853796e-03 7.70e-06 2.83e-03 -11.0 2.90e-02    -  1.00e+00 1.00e+00h  1
1874  2.1970952e-03 8.81e-06 9.84e-03 -11.0 4.80e-02    -  1.00e+00 1.00e+00H  1
1875  2.1420745e-03 1.06e-05 8.47e-03 -11.0 6.64e-02    -  1.00e+00 1.25e-01h  4
1876  8.8953332e-03 3.59e-05 3.40e-02 -11.0 7.63e-02    -  1.00e+00 1.00e+00H  1
1877  2.0931853e-03 5.00e-06 1.70e-02 -11.0 4.98e-02    -  1.00e+00 1.00e+00H  1
1878  4.8456324e-03 2.99e-06 4.11e-02 -11.0 2.66e-02    -  1.00e+00 1.00e+00H  1
1879  1.9790582e-03 6.24e-05 1.04e-02 -11.0 1.94e-02    -  1.00e+00 1.00e+00f  1
iter    objective    inf_pr   inf_du lg(mu)  ||d||  lg(rg) alpha_du alpha_pr  ls
1880  1.9768072e-03 1.79e-07 7.48e-04 -11.0 1.88e-03    -  1.00e+00 1.00e+00h  1
1881  1.9748379e-03 6.54e-07 7.31e-04 -11.0 2.09e-01    -  1.00e+00 3.12e-02h  6
1882  1.9735749e-03 5.12e-06 2.00e-03 -11.0 2.46e-01    -  1.00e+00 6.25e-02h  5
1883  1.9729058e-03 6.07e-06 1.90e-03 -11.0 1.07e-01    -  1.00e+00 3.12e-02h  6
1884  1.9681760e-03 1.33e-07 1.95e-03 -11.0 3.47e-03    -  1.00e+00 1.00e+00h  1
1885  2.0339888e-03 1.09e-08 2.99e-03 -11.0 4.98e-03    -  1.00e+00 1.00e+00H  1
1886  1.9670445e-03 9.32e-07 5.73e-03 -11.0 4.94e-03    -  1.00e+00 1.00e+00h  1
1887  1.9671192e-03 3.31e-08 1.36e-04 -11.0 6.08e-04    -  1.00e+00 1.00e+00h  1
1888  1.9669092e-03 5.57e-09 3.11e-05 -11.0 4.56e-04    -  1.00e+00 1.00e+00h  1
1889  1.9668253e-03 3.29e-09 8.60e-05 -11.0 6.92e-04    -  1.00e+00 1.00e+00h  1
iter    objective    inf_pr   inf_du lg(mu)  ||d||  lg(rg) alpha_du alpha_pr  ls
1890  1.9773293e-03 1.05e-09 1.05e-03 -11.0 1.84e-02    -  1.00e+00 1.00e+00H  1
1891  2.0689593e-03 4.20e-10 3.66e-03 -11.0 1.10e-02    -  1.00e+00 1.00e+00H  1
1892  1.9651418e-03 3.30e-05 1.82e-02 -11.0 1.51e-02    -  1.00e+00 1.00e+00f  1
1893  1.9652672e-03 1.65e-05 8.90e-03 -11.0 5.22e-03    -  1.00e+00 5.00e-01h  2
1894  2.0306075e-03 1.60e-09 3.69e-03 -11.0 4.84e-02    -  1.00e+00 1.00e+00H  1
1895  2.0305011e-03 1.20e-09 3.69e-03 -11.0 1.01e+00    -  1.00e+00 2.44e-04h 13
1896  2.0303737e-03 9.35e-10 3.69e-03 -11.0 8.77e+00    -  1.00e+00 3.05e-05h 16
1897  2.0302659e-03 8.37e-10 3.68e-03 -11.0 6.38e+00    -  1.00e+00 3.05e-05h 16
1898  2.0151475e-03 1.45e-05 3.74e-03 -11.0 3.06e+01    -  1.00e+00 1.95e-03f 10
1899  2.0174998e-03 1.17e-05 4.40e-03 -11.0 9.64e-01    -  1.00e+00 3.12e-02h  6
iter    objective    inf_pr   inf_du lg(mu)  ||d||  lg(rg) alpha_du alpha_pr  ls
1900  2.0069934e-03 6.54e-05 1.15e-02 -11.0 3.74e+00    -  1.00e+00 3.12e-02h  6
1901  1.9660858e-03 5.33e-05 1.47e-02 -11.0 7.49e+00    -  1.00e+00 7.81e-03h  8
1902  1.9646361e-03 3.64e-03 2.72e-02 -11.0 3.59e+00    -  1.00e+00 1.25e-01h  4
1903  1.9606537e-03 3.69e-03 2.71e-02 -11.0 1.34e+01    -  1.00e+00 3.91e-03h  9
1904  1.9333295e-03 3.92e-03 2.21e-02 -11.0 7.03e+00    -  1.00e+00 1.56e-02h  7
1905  3.2451328e-01 6.80e-02 2.57e-01 -11.0 4.27e+00    -  1.00e+00 1.00e+00w  1
1906  2.6977450e-01 4.66e+01 5.35e+04 -11.0 1.06e+01    -  1.00e+00 1.00e+00w  1
1907  1.3416201e-01 1.58e+01 1.02e+04 -11.0 2.34e+00    -  1.00e+00 1.00e+00w  1
1908  1.9012455e-03 4.13e-03 1.99e-02 -11.0 1.68e+00    -  1.00e+00 1.56e-02h  6
1909  1.9370979e-03 3.15e-03 1.78e-01 -11.0 4.75e-02    -  1.00e+00 2.50e-01h  3
iter    objective    inf_pr   inf_du lg(mu)  ||d||  lg(rg) alpha_du alpha_pr  ls
1910  1.9078703e-03 2.82e-03 1.42e-01 -11.0 1.75e-01    -  1.00e+00 1.25e-01h  4
1911  1.9094605e-03 2.74e-03 1.41e-01 -11.0 3.48e-01    -  1.00e+00 3.12e-02h  6
1912  1.9068479e-03 2.44e-03 1.46e-01 -11.0 1.80e-01    -  1.00e+00 1.25e-01h  4
1913  1.9222999e-03 2.36e-03 1.41e-01 -11.0 1.34e-01    -  1.00e+00 3.12e-02h  6
1914  1.9703248e-03 7.15e-04 1.06e-01 -11.0 9.11e-02    -  1.00e+00 1.00e+00h  1
1915  1.9195685e-03 7.09e-04 1.16e-01 -11.0 2.11e+00    -  1.00e+00 3.91e-03h  9
1916  1.8748176e-03 2.56e-06 6.28e-02 -11.0 1.76e-02    -  1.00e+00 1.00e+00h  1
1917  1.9533962e-03 6.19e-07 1.92e-02 -11.0 2.66e-02    -  1.00e+00 1.00e+00H  1
1918  2.1632422e-03 1.33e-08 6.00e-03 -11.0 1.67e-02    -  1.00e+00 1.00e+00H  1
1919  1.8711463e-03 1.44e-05 1.13e-02 -11.0 1.99e-02    -  1.00e+00 1.00e+00f  1
iter    objective    inf_pr   inf_du lg(mu)  ||d||  lg(rg) alpha_du alpha_pr  ls
1920  1.8547261e-03 7.21e-06 1.54e-02 -11.0 8.76e-03    -  1.00e+00 5.00e-01h  2
1921  1.8431304e-03 1.05e-06 4.09e-03 -11.0 3.94e-03    -  1.00e+00 1.00e+00h  1
1922  1.8412204e-03 2.31e-07 4.68e-04 -11.0 2.16e-03    -  1.00e+00 1.00e+00h  1
1923  1.8384856e-03 3.35e-07 1.48e-03 -11.0 4.07e-03    -  1.00e+00 1.00e+00h  1
1924  1.9157416e-03 6.59e-09 2.79e-03 -11.0 2.12e-02    -  1.00e+00 1.00e+00H  1
1925  1.8310499e-03 5.01e-06 6.57e-03 -11.0 1.89e-02    -  1.00e+00 1.00e+00h  1
1926  1.8278854e-03 4.65e-06 6.09e-03 -11.0 2.64e-02    -  1.00e+00 6.25e-02h  5
1927  1.8200111e-03 6.49e-07 1.37e-03 -11.0 4.42e-03    -  1.00e+00 1.00e+00h  1
1928  1.8183918e-03 4.44e-06 1.88e-03 -11.0 2.08e-02    -  1.00e+00 1.00e+00h  1
1929  1.8144379e-03 8.74e-06 2.99e-03 -11.0 1.08e+00    -  1.00e+00 1.56e-02h  7
iter    objective    inf_pr   inf_du lg(mu)  ||d||  lg(rg) alpha_du alpha_pr  ls
1930  1.9912463e-03 1.78e-08 4.41e-03 -11.0 2.06e-02    -  1.00e+00 1.00e+00H  1
1931  1.8353537e-03 1.09e-07 1.21e-03 -11.0 2.19e-02    -  1.00e+00 1.00e+00H  1
1932  1.8180237e-03 1.39e-06 9.96e-04 -11.0 6.38e-02    -  1.00e+00 6.25e-02h  5
1933  1.8173308e-03 1.54e-06 1.91e-03 -11.0 1.17e-02    -  1.00e+00 1.00e+00h  1
1934  1.8162189e-03 1.57e-06 2.09e-03 -11.0 7.78e-02    -  1.00e+00 6.25e-02h  5
1935  2.4560773e-03 1.29e-09 9.28e-03 -11.0 4.87e-02    -  1.00e+00 1.00e+00H  1
1936  1.8536272e-03 1.17e-08 1.81e-03 -11.0 4.30e-02    -  1.00e+00 1.00e+00F  1
1937  1.8342666e-03 1.99e-07 1.78e-03 -11.0 1.80e-01    -  1.00e+00 1.56e-02h  7
1938  1.8337235e-03 1.56e-08 2.59e-03 -11.0 7.39e-03    -  1.00e+00 1.00e+00H  1
1939  1.8244811e-03 1.74e-08 1.75e-03 -11.0 8.56e-03    -  1.00e+00 1.00e+00H  1
iter    objective    inf_pr   inf_du lg(mu)  ||d||  lg(rg) alpha_du alpha_pr  ls
1940  2.2625243e-03 1.79e-08 7.14e-03 -11.0 2.49e-02    -  1.00e+00 1.00e+00H  1
1941  1.8113882e-03 2.58e-05 1.02e-01 -11.0 1.60e-02    -  1.00e+00 1.00e+00f  1
1942  1.8095493e-03 2.77e-07 1.47e-03 -11.0 2.70e-03    -  1.00e+00 1.00e+00h  1
1943  1.8638946e-03 1.68e-08 3.17e-03 -11.0 8.86e-03    -  1.00e+00 1.00e+00H  1
1944  1.8092951e-03 1.08e-06 1.74e-02 -11.0 9.34e-03    -  1.00e+00 1.00e+00h  1
1945  1.8124194e-03 9.51e-08 9.62e-04 -11.0 9.30e-04    -  1.00e+00 1.00e+00h  1
1946  1.8087928e-03 5.13e-08 1.39e-04 -11.0 8.45e-04    -  1.00e+00 1.00e+00h  1
1947  1.8086815e-03 3.10e-09 9.27e-05 -11.0 2.22e-04    -  1.00e+00 1.00e+00h  1
1948  1.8082819e-03 8.31e-09 1.02e-04 -11.0 7.77e-04    -  1.00e+00 1.00e+00h  1
1949  1.8082061e-03 1.39e-06 8.65e-04 -11.0 1.19e-01    -  1.00e+00 6.25e-02h  5
iter    objective    inf_pr   inf_du lg(mu)  ||d||  lg(rg) alpha_du alpha_pr  ls
1950  1.8160411e-03 6.19e-11 1.25e-03 -11.0 1.43e-02    -  1.00e+00 1.00e+00H  1
1951  1.8159007e-03 6.34e-10 1.25e-03 -11.0 1.99e-01    -  1.00e+00 9.77e-04h 11
1952  1.8156793e-03 5.55e-10 1.21e-03 -11.0 3.73e-02    -  1.00e+00 3.91e-03h  9
1953  1.8141663e-03 1.50e-11 1.29e-03 -11.0 7.98e-03    -  1.00e+00 1.00e+00H  1
1954  1.8135689e-03 1.27e-09 1.24e-03 -11.0 3.31e-02    -  1.00e+00 3.91e-03h  9
1955  1.8026801e-03 1.66e-07 1.97e-04 -11.0 3.25e-03    -  1.00e+00 1.00e+00h  1
1956  1.8119740e-03 1.07e-08 1.06e-03 -11.0 7.74e-03    -  1.00e+00 1.00e+00H  1
1957  1.8056850e-03 1.17e-06 2.45e-03 -11.0 2.04e-02    -  1.00e+00 1.00e+00H  1
1958  1.8052211e-03 5.82e-07 2.01e-03 -11.0 3.38e-01    -  1.00e+00 1.56e-02h  7
1959  1.8937355e-03 1.13e-10 3.49e-03 -11.0 2.01e-02    -  1.00e+00 1.00e+00H  1
iter    objective    inf_pr   inf_du lg(mu)  ||d||  lg(rg) alpha_du alpha_pr  ls
1960  1.8171888e-03 2.29e-10 1.92e-03 -11.0 1.40e-02    -  1.00e+00 1.00e+00F  1
1961  1.8057701e-03 5.00e-07 8.50e-03 -11.0 2.61e-02    -  1.00e+00 2.50e-01f  3
1962  1.7939663e-03 5.13e-06 1.99e-03 -11.0 1.53e-02    -  1.00e+00 1.00e+00h  1
1963  1.7896190e-03 1.03e-05 1.21e-03 -11.0 7.40e-01    -  1.00e+00 1.56e-02h  7
1964  1.7887367e-03 1.06e-05 1.30e-03 -11.0 3.68e-01    -  1.00e+00 7.81e-03h  8
1965  1.7865396e-03 2.60e-05 1.63e-03 -11.0 1.28e-01    -  1.00e+00 1.25e-01h  4
1966  1.7844293e-03 6.89e-04 5.09e-03 -11.0 3.50e+00    -  1.00e+00 3.12e-02h  6
1967  1.7836267e-03 7.21e-04 5.29e-03 -11.0 5.49e+00    -  1.00e+00 3.91e-03h  9
1968  1.7822279e-03 7.27e-04 6.00e-03 -11.0 2.02e+00    -  1.00e+00 7.81e-03h  8
1969  1.7608103e-03 1.11e-04 4.02e-03 -11.0 1.54e-01    -  1.00e+00 1.00e+00H  1
iter    objective    inf_pr   inf_du lg(mu)  ||d||  lg(rg) alpha_du alpha_pr  ls
1970  1.7571225e-03 9.37e-05 6.32e-03 -11.0 6.64e+00    -  1.00e+00 3.91e-03h  9
1971  1.7603559e-03 9.14e-05 6.92e-03 -11.0 2.63e-01    -  1.00e+00 1.56e-02h  7
1972  1.7563168e-03 4.74e-05 6.47e-03 -11.0 5.10e-02    -  1.00e+00 5.00e-01h  2
1973  1.7520501e-03 5.29e-05 4.95e-03 -11.0 5.41e-01    -  1.00e+00 3.12e-02h  6
1974  1.7485051e-03 7.36e-05 4.50e-03 -11.0 4.54e-01    -  1.00e+00 6.25e-02h  5
1975  1.7503915e-03 7.29e-05 4.59e-03 -11.0 1.30e-01    -  1.00e+00 1.56e-02h  7
1976  1.7423428e-03 7.40e-06 1.22e-02 -11.0 1.91e-02    -  1.00e+00 1.00e+00h  1
1977  1.7417197e-03 1.04e-05 1.37e-02 -11.0 1.22e+00    -  1.00e+00 7.81e-03h  8
1978  1.7414463e-03 1.03e-05 1.18e-02 -11.0 8.17e-02    -  1.00e+00 1.56e-02h  7
1979  1.7429069e-03 1.56e-06 8.19e-04 -11.0 3.94e-03    -  1.00e+00 1.00e+00h  1
iter    objective    inf_pr   inf_du lg(mu)  ||d||  lg(rg) alpha_du alpha_pr  ls
1980  1.7825993e-03 5.49e-07 2.88e-03 -11.0 1.68e-02    -  1.00e+00 1.00e+00H  1
1981  1.7375104e-03 4.06e-06 1.07e-03 -11.0 4.04e-03    -  1.00e+00 1.00e+00h  1
1982  1.7360420e-03 9.64e-08 1.47e-04 -11.0 2.23e-03    -  1.00e+00 1.00e+00h  1
1983  1.7360882e-03 2.67e-09 2.19e-04 -11.0 7.80e-03    -  1.00e+00 1.00e+00H  1
1984  1.7357745e-03 1.70e-07 2.68e-04 -11.0 3.80e-01    -  1.00e+00 7.81e-03h  8
1985  1.7354173e-03 3.17e-06 7.86e-04 -11.0 1.59e-01    -  1.00e+00 6.25e-02h  5
1986  1.7339220e-03 1.00e-05 1.74e-03 -11.0 2.21e+00    -  1.00e+00 7.81e-03h  8
1987  1.7314323e-03 2.12e-05 3.06e-03 -11.0 4.29e+00    -  1.00e+00 7.81e-03h  8
1988  1.7319330e-03 2.12e-05 3.13e-03 -11.0 3.48e-01    -  1.00e+00 3.91e-03h  9
1989  1.7315584e-03 1.07e-05 2.18e-03 -11.0 5.74e-03    -  1.00e+00 5.00e-01h  2
iter    objective    inf_pr   inf_du lg(mu)  ||d||  lg(rg) alpha_du alpha_pr  ls
1990  1.7295991e-03 1.25e-05 1.52e-03 -11.0 2.26e-02    -  1.00e+00 1.00e+00h  1
1991  1.7293916e-03 1.32e-05 1.67e-03 -11.0 6.76e-01    -  1.00e+00 3.91e-03h  9
1992  1.7282629e-03 3.09e-06 5.14e-04 -11.0 1.56e-02    -  1.00e+00 1.00e+00h  1
1993  1.7273158e-03 5.15e-06 5.65e-04 -11.0 3.15e+00    -  1.00e+00 3.91e-03h  9
1994  1.7265432e-03 5.32e-06 6.52e-04 -11.0 3.93e+00    -  1.00e+00 1.95e-03h 10
1995  1.7263982e-03 7.62e-06 7.23e-04 -11.0 5.25e-01    -  1.00e+00 7.81e-03h  8
1996  1.7265208e-03 7.41e-06 9.63e-04 -11.0 6.57e-02    -  1.00e+00 3.12e-02h  6
1997  1.7252798e-03 6.54e-06 1.71e-03 -11.0 6.83e-02    -  1.00e+00 1.25e-01h  4
1998  1.7084142e-03 1.25e-03 3.07e-03 -11.0 2.41e+00    -  1.00e+00 1.25e-01h  4
1999  1.7103611e-03 1.26e-03 3.43e-03 -11.0 1.68e+01    -  1.00e+00 1.95e-03h 10
iter    objective    inf_pr   inf_du lg(mu)  ||d||  lg(rg) alpha_du alpha_pr  ls
2000  1.7169525e-03 1.26e-03 3.52e-03 -11.0 3.16e+00    -  1.00e+00 1.56e-02h  7
2001  1.7161204e-03 1.26e-03 4.17e-03 -11.0 1.94e+00    -  1.00e+00 7.81e-03h  8
2002  1.6485023e-03 9.96e-04 3.12e-02 -11.0 5.82e-01    -  1.00e+00 1.00e+00H  1
2003  1.6499889e-03 9.46e-04 3.77e-02 -11.0 4.44e+00    -  1.00e+00 1.56e-02h  7
2004  1.6799623e-03 9.01e-04 4.50e-02 -11.0 5.29e-01    -  1.00e+00 3.12e-02h  6
2005  1.6892477e-03 7.59e-04 6.99e-02 -11.0 1.17e-01    -  1.00e+00 1.25e-01h  4
2006  1.6751583e-03 3.54e-04 2.58e-02 -11.0 6.74e-02    -  1.00e+00 5.00e-01h  2
2007  1.6765985e-03 3.29e-04 2.24e-02 -11.0 2.35e-01    -  1.00e+00 6.25e-02h  5
2008  1.8242518e-03 2.29e-04 2.25e-02 -11.0 3.75e-01    -  1.00e+00 2.50e-01h  3
2009  3.0638796e-03 9.29e-04 2.32e-01 -11.0 2.39e-01    -  1.00e+00 5.00e-01h  2
iter    objective    inf_pr   inf_du lg(mu)  ||d||  lg(rg) alpha_du alpha_pr  ls
2010  2.3217437e-03 1.81e-04 3.24e-01 -11.0 5.49e-02    -  1.00e+00 1.00e+00h  1
2011  1.9309048e-03 2.02e-04 3.02e-01 -11.0 2.50e-01    -  1.00e+00 1.25e-01h  4
2012  4.6568724e-03 8.37e-05 9.32e-01 -11.0 5.07e-02    -  1.00e+00 1.00e+00H  1
2013  1.6684175e-03 3.12e-04 3.94e-01 -11.0 6.58e-02    -  1.00e+00 1.00e+00h  1
2014  1.6779683e-03 7.02e-06 5.10e-02 -11.0 3.68e-02    -  1.00e+00 1.00e+00h  1
2015  1.6827203e-03 6.73e-06 5.51e-02 -11.0 2.65e-01    -  1.00e+00 1.56e-02h  7
2016  1.6636015e-03 7.06e-07 1.81e-02 -11.0 8.89e-03    -  1.00e+00 1.00e+00h  1
2017  1.6990770e-03 3.39e-06 1.06e-02 -11.0 2.24e-02    -  1.00e+00 1.00e+00H  1
2018  2.6731719e-03 1.00e-06 1.16e-02 -11.0 2.25e-02    -  1.00e+00 1.00e+00H  1
2019  1.6398918e-03 8.12e-05 3.69e-02 -11.0 2.26e-02    -  1.00e+00 1.00e+00h  1
iter    objective    inf_pr   inf_du lg(mu)  ||d||  lg(rg) alpha_du alpha_pr  ls
2020  1.6356996e-03 1.28e-06 4.42e-03 -11.0 4.74e-03    -  1.00e+00 1.00e+00h  1
2021  1.6355260e-03 1.17e-05 3.41e-03 -11.0 3.26e-02    -  1.00e+00 2.50e-01h  3
2022  1.6332064e-03 1.31e-05 3.03e-03 -11.0 5.95e-02    -  1.00e+00 6.25e-02h  5
2023  1.6612813e-03 2.88e-06 3.23e-02 -11.0 3.82e-02    -  1.00e+00 1.00e+00H  1
2024  1.6542037e-03 3.24e-06 3.25e-02 -11.0 8.28e-02    -  1.00e+00 6.25e-02h  5
2025  1.6500470e-03 3.00e-06 3.06e-02 -11.0 7.26e-02    -  1.00e+00 3.12e-02h  6
2026  1.6472001e-03 2.93e-06 3.04e-02 -11.0 1.59e-01    -  1.00e+00 7.81e-03h  8
2027  1.6276556e-03 1.56e-05 5.28e-03 -11.0 1.92e-02    -  1.00e+00 1.00e+00h  1
2028  1.6239840e-03 1.85e-05 1.54e-03 -11.0 5.50e-01    -  1.00e+00 1.56e-02h  7
2029  1.6254704e-03 1.65e-05 2.54e-03 -11.0 2.33e-02    -  1.00e+00 1.25e-01h  4
iter    objective    inf_pr   inf_du lg(mu)  ||d||  lg(rg) alpha_du alpha_pr  ls
2030  1.6194578e-03 6.96e-07 3.12e-03 -11.0 5.26e-03    -  1.00e+00 1.00e+00h  1
2031  1.6192410e-03 7.27e-08 8.82e-04 -11.0 2.24e-03    -  1.00e+00 1.00e+00h  1
2032  1.6183433e-03 1.17e-07 4.03e-04 -11.0 2.82e-03    -  1.00e+00 1.00e+00h  1
2033  1.6253748e-03 1.79e-07 1.43e-03 -11.0 9.63e-03    -  1.00e+00 1.00e+00H  1
2034  1.6251469e-03 1.84e-07 1.46e-03 -11.0 6.31e-02    -  1.00e+00 7.81e-03h  8
2035  1.6249470e-03 1.84e-07 1.50e-03 -11.0 1.68e-01    -  1.00e+00 1.95e-03h 10
2036  1.6613909e-03 1.26e-07 2.83e-03 -11.0 9.41e-03    -  1.00e+00 1.00e+00H  1
2037  1.7067429e-03 1.83e-08 4.04e-03 -11.0 1.32e-02    -  1.00e+00 1.00e+00H  1
2038  1.6507261e-03 6.37e-08 2.54e-03 -11.0 2.81e-02    -  1.00e+00 1.00e+00H  1
2039  1.6463754e-03 2.45e-08 2.36e-03 -11.0 4.55e-02    -  1.00e+00 3.12e-02h  6
iter    objective    inf_pr   inf_du lg(mu)  ||d||  lg(rg) alpha_du alpha_pr  ls
2040  1.6447105e-03 1.73e-08 2.30e-03 -11.0 8.09e-02    -  1.00e+00 7.81e-03h  8
2041  1.6432826e-03 6.00e-08 2.28e-03 -11.0 1.18e-01    -  1.00e+00 7.81e-03h  8
2042  1.6428276e-03 6.29e-08 2.28e-03 -11.0 2.40e-01    -  1.00e+00 9.77e-04h 11
2043  1.6100045e-03 5.01e-06 5.78e-02 -11.0 2.42e-02    -  1.00e+00 1.00e+00h  1
2044  1.6086059e-03 4.83e-06 5.09e-02 -11.0 8.85e-02    -  1.00e+00 6.25e-02h  5
2045  1.6068911e-03 5.11e-06 5.02e-02 -11.0 6.15e-01    -  1.00e+00 3.12e-02h  6
2046  1.6000369e-03 8.98e-06 6.93e-02 -11.0 2.47e+00    -  1.00e+00 1.56e-02h  7
2047  1.5948225e-03 2.13e-05 7.20e-02 -11.0 1.32e+01    -  1.00e+00 7.81e-03h  8
2048  1.5943395e-03 5.02e-04 1.18e-01 -11.0 3.43e+01    -  1.00e+00 7.81e-03h  8
2049  1.5905771e-03 5.93e-04 1.40e-01 -11.0 7.02e+01    -  1.00e+00 1.95e-03h 10
iter    objective    inf_pr   inf_du lg(mu)  ||d||  lg(rg) alpha_du alpha_pr  ls
2050  1.5823038e-03 4.91e-04 1.68e-01 -11.0 1.77e+01    -  1.00e+00 1.56e-02h  7
2051  1.5781830e-03 4.61e-04 1.82e-01 -11.0 2.75e+02    -  1.00e+00 4.88e-04h 12
2052  1.5749259e-03 4.61e-04 1.83e-01 -11.0 1.59e+01    -  1.00e+00 9.77e-04h 11
2053  1.5148195e-03 3.26e-04 1.20e-01 -11.0 2.27e-01    -  1.00e+00 5.00e-01h  2
2054  2.3646704e-01 1.57e-02 1.47e+00 -11.0 2.17e+00    -  1.00e+00 1.00e+00w  1
2055  1.1045913e-01 1.03e-02 8.80e-01 -11.0 1.71e+00    -  1.00e+00 1.00e+00w  1
2056  3.7074559e+00 7.40e+00 2.72e+02 -11.0 2.68e+00    -  1.00e+00 1.00e+00w  1
2057  1.5222403e-03 3.25e-04 1.14e-01 -11.0 5.03e+00    -  1.00e+00 1.56e-02h  6
2058  1.5036247e-03 2.41e-04 5.99e-02 -11.0 7.18e-02    -  1.00e+00 2.50e-01h  3
2059  1.5363195e-03 1.08e-04 2.21e-02 -11.0 6.23e-02    -  1.00e+00 5.00e-01h  2
iter    objective    inf_pr   inf_du lg(mu)  ||d||  lg(rg) alpha_du alpha_pr  ls
2060  1.5491540e-03 1.08e-04 2.07e-02 -11.0 1.87e-01    -  1.00e+00 6.25e-02h  5
2061  2.2638461e-03 2.38e-05 1.08e-02 -11.0 1.74e-02    -  1.00e+00 1.00e+00h  1
2062  1.4506354e-03 3.66e-05 2.97e-02 -11.0 3.84e-02    -  1.00e+00 1.00e+00h  1
2063  1.5743810e-03 1.10e-05 1.34e-02 -11.0 3.29e-02    -  1.00e+00 1.00e+00h  1
2064  1.5037222e-03 1.14e-05 5.49e-03 -11.0 4.51e-02    -  1.00e+00 1.00e+00h  1
2065  1.4706710e-03 9.57e-06 4.02e-03 -11.0 1.63e-01    -  1.00e+00 3.12e-02h  6
2066  1.5939045e-03 5.87e-06 1.75e-02 -11.0 2.43e-02    -  1.00e+00 1.00e+00h  1
2067  2.7546287e-03 4.78e-06 1.55e-01 -11.0 7.11e-02    -  1.00e+00 1.00e+00H  1
2068  6.6218416e-03 1.96e-06 8.17e-02 -11.0 9.10e-02    -  1.00e+00 1.00e+00H  1
2069  1.6832931e-03 9.35e-06 4.48e-01 -11.0 1.42e-01    -  1.00e+00 1.00e+00F  1
iter    objective    inf_pr   inf_du lg(mu)  ||d||  lg(rg) alpha_du alpha_pr  ls
2070  2.1253336e-03 7.98e-06 4.17e-01 -11.0 9.72e-02    -  1.00e+00 1.25e-01h  4
2071  1.4770300e-03 1.99e-05 1.39e-01 -11.0 2.05e-02    -  1.00e+00 1.00e+00h  1
2072  1.5367222e-03 6.84e-07 5.67e-03 -11.0 2.91e-02    -  1.00e+00 1.00e+00H  1
2073  1.5067745e-03 3.19e-06 6.03e-03 -11.0 1.25e-01    -  1.00e+00 1.25e-01h  4
2074  1.5045833e-03 3.47e-06 6.26e-03 -11.0 1.51e-01    -  1.00e+00 6.25e-02h  5
2075  1.4915163e-03 1.50e-06 1.45e-02 -11.0 2.88e-02    -  1.00e+00 1.00e+00H  1
2076  1.4770658e-03 5.23e-06 2.33e-02 -11.0 3.13e-01    -  1.00e+00 3.12e-02h  6
2077  1.4723692e-03 5.49e-06 8.06e-03 -11.0 1.79e-02    -  1.00e+00 1.00e+00h  1
2078  2.4024945e-03 5.56e-07 4.65e-02 -11.0 2.44e-02    -  1.00e+00 1.00e+00H  1
2079  1.4406588e-03 2.32e-04 9.35e-02 -11.0 2.04e-02    -  1.00e+00 1.00e+00h  1
iter    objective    inf_pr   inf_du lg(mu)  ||d||  lg(rg) alpha_du alpha_pr  ls
2080  1.4652665e-03 6.94e-06 3.08e-03 -11.0 6.37e-03    -  1.00e+00 1.00e+00h  1
2081  1.4314485e-03 3.32e-06 1.97e-03 -11.0 3.73e-03    -  1.00e+00 1.00e+00h  1
2082  1.4389037e-03 8.88e-07 9.13e-04 -11.0 2.06e-03    -  1.00e+00 1.00e+00h  1
2083  1.4305327e-03 6.15e-07 2.29e-04 -11.0 1.38e-03    -  1.00e+00 1.00e+00h  1
2084  1.4304388e-03 1.32e-09 7.26e-05 -11.0 2.17e-04    -  1.00e+00 1.00e+00h  1
2085  1.4294715e-03 1.81e-07 1.23e-04 -11.0 2.16e-03    -  1.00e+00 1.00e+00h  1
2086  1.7119756e-03 3.65e-10 8.15e-03 -11.0 3.39e-02    -  1.00e+00 1.00e+00H  1
2087  1.7095904e-03 7.45e-10 8.13e-03 -11.0 2.60e-02    -  1.00e+00 3.91e-03h  9
2088  1.7084442e-03 7.51e-10 8.10e-03 -11.0 1.54e-01    -  1.00e+00 4.88e-04h 12
2089  1.7073889e-03 7.03e-10 8.09e-03 -11.0 2.20e-01    -  1.00e+00 4.88e-04h 12
iter    objective    inf_pr   inf_du lg(mu)  ||d||  lg(rg) alpha_du alpha_pr  ls
2090  1.7068639e-03 7.21e-10 8.08e-03 -11.0 2.19e-01    -  1.00e+00 2.44e-04h 13
2091  1.4404620e-03 2.12e-05 1.85e-01 -11.0 2.19e-01    -  1.00e+00 2.50e-01f  3
2092  1.4573033e-03 3.29e-06 5.48e-01 -11.0 1.98e-02    -  1.00e+00 1.00e+00h  1
2093  1.5872203e-03 3.43e-06 1.80e-01 -11.0 8.51e-03    -  1.00e+00 1.00e+00h  1
2094  1.4370819e-03 3.99e-06 5.99e-02 -11.0 5.50e-03    -  1.00e+00 1.00e+00h  1
2095  1.4362007e-03 6.76e-08 2.70e-04 -11.0 3.16e-04    -  1.00e+00 1.00e+00h  1
2096  1.4355529e-03 5.47e-07 1.49e-02 -11.0 8.51e-04    -  1.00e+00 1.00e+00h  1
2097  1.4353178e-03 4.61e-07 7.71e-03 -11.0 8.52e-04    -  1.00e+00 1.00e+00h  1
2098  1.4343065e-03 6.17e-08 3.16e-04 -11.0 6.18e-04    -  1.00e+00 1.00e+00h  1
2099  1.4334345e-03 5.54e-09 9.34e-05 -11.0 3.14e-04    -  1.00e+00 1.00e+00h  1
iter    objective    inf_pr   inf_du lg(mu)  ||d||  lg(rg) alpha_du alpha_pr  ls
2100  1.4327507e-03 6.40e-08 7.58e-05 -11.0 7.17e-04    -  1.00e+00 1.00e+00h  1
2101  1.4631182e-03 1.52e-09 2.78e-03 -11.0 7.65e-03    -  1.00e+00 1.00e+00H  1
2102  1.4344500e-03 4.48e-09 1.20e-03 -11.0 1.89e-03    -  1.00e+00 1.00e+00H  1
2103  1.4292636e-03 8.82e-08 1.63e-03 -11.0 2.78e-03    -  1.00e+00 1.00e+00h  1
2104  1.4291484e-03 1.24e-07 5.80e-04 -11.0 2.55e-03    -  1.00e+00 1.00e+00h  1
2105  1.4287528e-03 4.11e-07 7.53e-04 -11.0 1.48e-02    -  1.00e+00 1.25e-01h  4
2106  1.4397005e-03 6.15e-11 1.29e-03 -11.0 6.61e-03    -  1.00e+00 1.00e+00H  1
2107  1.4402641e-03 6.82e-11 1.85e-03 -11.0 5.86e-03    -  1.00e+00 1.00e+00H  1
2108  1.4291815e-03 6.14e-09 4.82e-04 -11.0 4.31e-03    -  1.00e+00 1.00e+00H  1
2109  1.4266314e-03 1.64e-07 9.65e-04 -11.0 3.52e-03    -  1.00e+00 1.00e+00h  1
iter    objective    inf_pr   inf_du lg(mu)  ||d||  lg(rg) alpha_du alpha_pr  ls
2110  1.4277592e-03 1.07e-07 6.87e-04 -11.0 4.08e-03    -  1.00e+00 1.00e+00h  1
2111  1.4350983e-03 1.50e-09 1.04e-03 -11.0 7.03e-03    -  1.00e+00 1.00e+00H  1
2112  1.4353490e-03 1.15e-09 1.30e-03 -11.0 8.14e-03    -  1.00e+00 1.00e+00H  1
2113  1.4336901e-03 1.53e-09 1.20e-03 -11.0 3.11e-02    -  1.00e+00 1.56e-02h  7
2114  1.4550857e-03 5.42e-12 2.14e-03 -11.0 6.83e-03    -  1.00e+00 1.00e+00H  1
2115  1.4292855e-03 7.70e-10 1.00e-03 -11.0 1.47e-03    -  1.00e+00 1.00e+00F  1
2116  1.4220155e-03 1.50e-08 6.25e-05 -11.0 1.39e-03    -  1.00e+00 1.00e+00h  1
2117  1.4218753e-03 3.32e-09 6.47e-05 -11.0 3.18e-04    -  1.00e+00 1.00e+00h  1
2118  1.4220244e-03 7.14e-09 7.99e-04 -11.0 1.26e-02    -  1.00e+00 1.00e+00H  1
2119  1.4212701e-03 2.11e-07 7.78e-04 -11.0 2.09e-01    -  1.00e+00 1.56e-02h  7
iter    objective    inf_pr   inf_du lg(mu)  ||d||  lg(rg) alpha_du alpha_pr  ls
2120  1.4181396e-03 3.45e-05 1.16e-02 -11.0 3.03e-01    -  1.00e+00 1.25e-01h  4
2121  1.4175799e-03 3.47e-05 1.28e-02 -11.0 5.66e-01    -  1.00e+00 7.81e-03h  8
2122  1.4146073e-03 3.92e-05 9.88e-03 -11.0 2.02e-02    -  1.00e+00 5.00e-01h  2
2123  1.4132516e-03 3.71e-05 1.01e-02 -11.0 6.69e-02    -  1.00e+00 6.25e-02h  5
2124  1.4097428e-03 2.41e-05 9.95e-03 -11.0 2.55e-02    -  1.00e+00 5.00e-01h  2
2125  1.4068323e-03 2.27e-05 1.10e-02 -11.0 1.42e-01    -  1.00e+00 6.25e-02h  5
2126  1.4092261e-03 2.08e-05 9.52e-03 -11.0 5.07e-02    -  1.00e+00 1.25e-01h  4
2127  1.9561240e-03 9.63e-07 1.95e-02 -11.0 3.37e-02    -  1.00e+00 1.00e+00H  1
2128  1.4022174e-03 6.62e-06 3.17e-02 -11.0 3.28e-02    -  1.00e+00 1.00e+00h  1
2129  1.4482234e-03 1.03e-05 5.15e-03 -11.0 1.25e-02    -  1.00e+00 1.00e+00h  1
iter    objective    inf_pr   inf_du lg(mu)  ||d||  lg(rg) alpha_du alpha_pr  ls
2130  1.3962463e-03 1.28e-05 2.31e-03 -11.0 2.22e-02    -  1.00e+00 1.00e+00h  1
2131  3.7683206e-03 1.47e-07 1.78e-02 -11.0 5.32e-02    -  1.00e+00 1.00e+00H  1
2132  1.4009144e-03 4.36e-06 9.90e-03 -11.0 4.30e-02    -  1.00e+00 1.00e+00F  1
2133  1.6559194e-03 6.83e-08 1.04e-02 -11.0 9.78e-03    -  1.00e+00 1.00e+00H  1
2134  1.3949417e-03 3.13e-06 8.25e-03 -11.0 7.57e-03    -  1.00e+00 1.00e+00h  1
2135  1.3952201e-03 8.32e-08 5.76e-04 -11.0 1.41e-03    -  1.00e+00 1.00e+00h  1
2136  1.3940423e-03 1.27e-07 2.60e-04 -11.0 1.38e-03    -  1.00e+00 1.00e+00h  1
2137  1.3973886e-03 1.24e-09 1.11e-03 -11.0 2.14e-03    -  1.00e+00 1.00e+00H  1
2138  1.3933871e-03 4.80e-07 1.44e-03 -11.0 1.69e-03    -  1.00e+00 1.00e+00h  1
2139  1.3932013e-03 3.21e-08 8.45e-05 -11.0 8.05e-04    -  1.00e+00 1.00e+00h  1
iter    objective    inf_pr   inf_du lg(mu)  ||d||  lg(rg) alpha_du alpha_pr  ls
2140  1.4446823e-03 1.12e-09 4.25e-03 -11.0 4.10e-02    -  1.00e+00 1.00e+00H  1
2141  1.4445438e-03 6.26e-10 4.26e-03 -11.0 1.72e-01    -  1.00e+00 9.77e-04h 11
2142  1.4444718e-03 5.87e-10 4.25e-03 -11.0 9.26e-01    -  1.00e+00 6.10e-05h 15
2143  1.4442576e-03 4.10e-10 4.25e-03 -11.0 2.12e-01    -  1.00e+00 2.44e-04h 13
2144  1.4438805e-03 4.04e-10 4.23e-03 -11.0 6.36e-02    -  1.00e+00 9.77e-04h 11
2145  1.3733750e-03 1.45e-04 3.74e-03 -11.0 9.16e-02    -  1.00e+00 1.00e+00h  1
2146  1.3916301e-03 1.43e-04 2.65e-03 -11.0 6.46e-01    -  1.00e+00 1.56e-02h  7
2147  1.3759617e-03 2.99e-06 6.47e-04 -11.0 3.11e-03    -  1.00e+00 1.00e+00h  1
2148  1.3760312e-03 3.25e-07 4.58e-04 -11.0 3.28e-03    -  1.00e+00 1.00e+00h  1
2149  1.3752983e-03 5.82e-07 6.77e-04 -11.0 4.35e-02    -  1.00e+00 6.25e-02h  5
iter    objective    inf_pr   inf_du lg(mu)  ||d||  lg(rg) alpha_du alpha_pr  ls
2150  1.4264671e-03 3.32e-07 3.20e-03 -11.0 2.08e-02    -  1.00e+00 1.00e+00H  1
2151  1.4243133e-03 3.90e-07 3.17e-03 -11.0 9.13e-02    -  1.00e+00 1.56e-02h  7
2152  1.4191126e-03 4.80e-07 2.93e-03 -11.0 1.78e-01    -  1.00e+00 7.81e-03h  8
2153  1.4179679e-03 4.87e-07 2.94e-03 -11.0 2.07e-01    -  1.00e+00 1.95e-03h 10
2154  1.5021527e-03 1.56e-09 3.44e-03 -11.0 1.10e-02    -  1.00e+00 1.00e+00H  1
2155  1.3825931e-03 1.92e-07 1.59e-03 -11.0 6.44e-03    -  1.00e+00 1.00e+00F  1
2156  1.3729679e-03 1.11e-06 4.86e-04 -11.0 1.97e-03    -  1.00e+00 1.00e+00h  1
2157  1.3726050e-03 2.22e-07 3.06e-04 -11.0 2.43e-03    -  1.00e+00 1.00e+00h  1
2158  1.4113336e-03 1.00e-08 1.78e-03 -11.0 1.10e-02    -  1.00e+00 1.00e+00H  1
2159  1.3746571e-03 2.62e-07 1.33e-03 -11.0 8.45e-03    -  1.00e+00 1.00e+00H  1
iter    objective    inf_pr   inf_du lg(mu)  ||d||  lg(rg) alpha_du alpha_pr  ls
2160  1.4592669e-03 1.27e-09 3.34e-03 -11.0 1.73e-02    -  1.00e+00 1.00e+00H  1
2161  1.3726678e-03 1.09e-07 6.08e-02 -11.0 1.54e-02    -  1.00e+00 1.00e+00F  1
2162  1.4969108e-03 7.65e-10 6.30e-03 -11.0 1.22e-02    -  1.00e+00 1.00e+00H  1
2163  1.3716701e-03 1.49e-06 1.13e-02 -11.0 1.13e-02    -  1.00e+00 1.00e+00f  1
2164  1.3716164e-03 1.14e-08 6.54e-05 -11.0 7.46e-04    -  1.00e+00 1.00e+00h  1
2165  1.3773352e-03 8.00e-10 4.70e-04 -11.0 1.17e-02    -  1.00e+00 1.00e+00H  1
2166  1.6441087e-03 3.87e-10 6.51e-03 -11.0 2.19e-02    -  1.00e+00 1.00e+00H  1
2167  1.6430299e-03 5.80e-10 6.49e-03 -11.0 3.43e-02    -  1.00e+00 1.95e-03h 10
2168  1.6426454e-03 8.67e-10 6.49e-03 -11.0 8.85e-02    -  1.00e+00 4.88e-04h 12
2169  1.6416235e-03 1.01e-09 6.48e-03 -11.0 5.99e-02    -  1.00e+00 9.77e-04h 11
iter    objective    inf_pr   inf_du lg(mu)  ||d||  lg(rg) alpha_du alpha_pr  ls
2170  1.6410584e-03 1.03e-09 6.47e-03 -11.0 1.15e-01    -  1.00e+00 2.44e-04h 13
2171  1.6404629e-03 1.12e-09 6.46e-03 -11.0 5.07e-02    -  1.00e+00 9.77e-04h 11
2172  1.6354330e-03 6.14e-05 3.30e-02 -11.0 4.33e-01    -  1.00e+00 6.25e-02f  5
2173  1.5904367e-03 4.89e-05 6.44e-03 -11.0 2.69e-02    -  1.00e+00 5.00e-01h  2
2174  1.3784400e-03 1.12e-05 1.87e-02 -11.0 1.66e-02    -  1.00e+00 1.00e+00h  1
2175  1.3696366e-03 6.75e-07 6.35e-03 -11.0 5.52e-03    -  1.00e+00 1.00e+00h  1
2176  1.3965746e-03 7.76e-08 1.42e-03 -11.0 8.72e-03    -  1.00e+00 1.00e+00H  1
2177  1.3712771e-03 1.90e-08 4.36e-04 -11.0 5.20e-03    -  1.00e+00 1.00e+00H  1
2178  1.3861063e-03 1.14e-08 1.19e-03 -11.0 9.10e-03    -  1.00e+00 1.00e+00H  1
2179  1.3700368e-03 3.21e-08 2.86e-04 -11.0 3.89e-03    -  1.00e+00 1.00e+00H  1
iter    objective    inf_pr   inf_du lg(mu)  ||d||  lg(rg) alpha_du alpha_pr  ls
2180  1.3784105e-03 8.23e-11 1.09e-03 -11.0 5.23e-03    -  1.00e+00 1.00e+00H  1
2181  1.3716148e-03 2.69e-09 4.38e-04 -11.0 2.35e-03    -  1.00e+00 1.00e+00H  1
2182  1.3695720e-03 2.45e-07 4.74e-04 -11.0 7.42e-04    -  1.00e+00 1.00e+00h  1
2183  1.3690751e-03 8.11e-08 4.60e-05 -11.0 9.51e-04    -  1.00e+00 1.00e+00h  1
2184  1.3696148e-03 2.20e-09 4.64e-04 -11.0 1.94e-03    -  1.00e+00 1.00e+00H  1
2185  1.3725789e-03 6.04e-10 6.82e-04 -11.0 6.45e-03    -  1.00e+00 1.00e+00H  1
2186  1.5019912e-03 1.75e-10 5.61e-03 -11.0 6.57e-03    -  1.00e+00 1.00e+00H  1
2187  1.3685736e-03 2.89e-06 1.73e-02 -11.0 1.20e-02    -  1.00e+00 1.00e+00f  1
2188  1.3685176e-03 1.92e-08 1.81e-04 -11.0 1.04e-03    -  1.00e+00 1.00e+00h  1
2189  1.3676918e-03 6.56e-07 3.96e-04 -11.0 3.22e-02    -  1.00e+00 1.25e-01h  4
iter    objective    inf_pr   inf_du lg(mu)  ||d||  lg(rg) alpha_du alpha_pr  ls
2190  1.3675655e-03 6.61e-07 4.70e-04 -11.0 1.10e-01    -  1.00e+00 7.81e-03h  8
2191  1.3659419e-03 5.07e-06 1.07e-03 -11.0 7.05e-02    -  1.00e+00 2.50e-01h  3
2192  1.3655453e-03 3.52e-05 1.88e-03 -11.0 3.33e+00    -  1.00e+00 7.81e-03h  8
2193  1.3653740e-03 3.48e-05 1.87e-03 -11.0 9.76e-02    -  1.00e+00 1.56e-02h  7
2194  1.3407398e-03 1.84e-04 3.30e-02 -11.0 6.55e-02    -  1.00e+00 1.00e+00h  1
2195  1.3491198e-03 1.85e-04 3.43e-02 -11.0 2.53e+00    -  1.00e+00 3.91e-03h  9
2196  1.3515062e-03 1.69e-04 2.51e-02 -11.0 1.42e-01    -  1.00e+00 1.25e-01h  4
2197  1.3509447e-03 1.69e-04 2.59e-02 -11.0 8.74e-01    -  1.00e+00 1.56e-02h  7
2198  1.3349042e-03 1.72e-04 3.39e-02 -11.0 1.72e+00    -  1.00e+00 3.12e-02h  6
2199  1.3273809e-03 1.90e-04 5.45e-02 -11.0 1.78e+01    -  1.00e+00 3.91e-03h  9
iter    objective    inf_pr   inf_du lg(mu)  ||d||  lg(rg) alpha_du alpha_pr  ls
2200  1.3279454e-03 1.89e-04 5.78e-02 -11.0 4.53e-01    -  1.00e+00 1.56e-02h  7
2201  1.3214690e-03 1.79e-04 6.42e-02 -11.0 2.61e-01    -  1.00e+00 6.25e-02h  5
2202  1.3173106e-03 2.79e-04 1.61e-01 -11.0 8.80e+00    -  1.00e+00 1.56e-02h  7
2203  1.2924378e-03 4.07e-04 1.16e-01 -11.0 1.50e+01    -  1.00e+00 3.91e-03h  9
2204  1.2885619e-03 4.71e-04 1.72e-01 -11.0 1.67e+01    -  1.00e+00 3.91e-03h  9
2205  1.1141599e+01 5.10e+02 3.33e+03 -11.0 2.94e+01    -  1.00e+00 1.00e+00w  1
2206  1.1034244e+02 1.79e+03 2.19e+05 -11.0 9.53e+01    -  1.00e+00 1.00e+00w  1
2207  4.3706118e+03 2.89e+00 8.74e+01 -11.0 4.91e+02    -  1.00e+00 1.00e+00w  1
2208  1.2819492e-03 4.96e-04 1.38e-01 -11.0 5.91e+02    -  1.00e+00 9.77e-04h 10
2209  1.2837806e-03 4.69e-04 1.20e-01 -11.0 3.27e-01    -  1.00e+00 6.25e-02h  5
iter    objective    inf_pr   inf_du lg(mu)  ||d||  lg(rg) alpha_du alpha_pr  ls
2210  1.2803811e-03 4.50e-04 1.45e-01 -11.0 5.55e-01    -  1.00e+00 6.25e-02h  5
2211  1.2789243e-03 4.36e-04 1.79e-01 -11.0 7.37e-01    -  1.00e+00 3.12e-02h  6
2212  1.2793320e-03 4.10e-04 1.96e-01 -11.0 5.06e-01    -  1.00e+00 3.12e-02h  6
2213  1.2788719e-03 3.98e-04 2.17e-01 -11.0 4.22e-01    -  1.00e+00 1.25e-01h  4
2214  1.2776933e-03 7.31e-04 1.07e-01 -11.0 2.03e+00    -  1.00e+00 6.25e-02h  5
2215  1.2635986e-03 1.46e-03 1.75e-01 -11.0 4.86e+00    -  1.00e+00 6.25e-02h  5
2216  1.2590408e-03 1.46e-03 1.51e-01 -11.0 1.46e+01    -  1.00e+00 1.95e-03h 10
2217  1.2585790e-03 1.45e-03 1.47e-01 -11.0 4.98e-01    -  1.00e+00 7.81e-03h  8
2218  5.0291377e-03 3.41e-04 1.48e-01 -11.0 1.81e-01    -  1.00e+00 1.00e+00w  1
2219  2.6598654e-02 1.78e-02 3.32e-01 -11.0 1.92e+00    -  1.00e+00 1.00e+00w  1
iter    objective    inf_pr   inf_du lg(mu)  ||d||  lg(rg) alpha_du alpha_pr  ls
2220  4.0714329e-01 1.96e+00 1.88e+01 -11.0 6.74e+00    -  1.00e+00 1.00e+00w  1
2221  1.2612554e-03 1.27e-03 1.54e-01 -11.0 2.81e+01    -  1.00e+00 1.25e-01h  3
2222  1.2566360e-03 1.23e-03 1.35e-01 -11.0 3.47e-01    -  1.00e+00 3.12e-02h  6
2223  1.2765209e-03 1.07e-03 8.61e-02 -11.0 8.81e-02    -  1.00e+00 1.25e-01h  4
2224  3.9899837e-03 1.44e-04 1.76e-01 -11.0 9.72e-02    -  1.00e+00 1.00e+00h  1
2225  4.9278436e-03 7.09e-04 7.33e+00 -11.0 1.26e-01    -  1.00e+00 1.00e+00h  1
2226  8.7548917e-03 1.75e-04 3.08e+00 -11.0 7.54e-02    -  1.00e+00 1.00e+00H  1
2227  1.3848262e-03 8.14e-05 7.90e-01 -11.0 3.51e-02    -  1.00e+00 1.00e+00h  1
2228  1.2680156e-03 4.55e-06 3.01e-01 -11.0 8.55e-03    -  1.00e+00 1.00e+00h  1
2229  1.2438731e-03 1.52e-06 2.64e-01 -11.0 6.42e-03    -  1.00e+00 1.00e+00h  1
iter    objective    inf_pr   inf_du lg(mu)  ||d||  lg(rg) alpha_du alpha_pr  ls
2230  1.2179527e-03 5.16e-07 1.25e-01 -11.0 3.93e-03    -  1.00e+00 1.00e+00h  1
2231  1.2158750e-03 4.18e-08 4.98e-04 -11.0 9.47e-04    -  1.00e+00 1.00e+00h  1
2232  1.2123402e-03 2.53e-08 3.31e-03 -11.0 1.76e-03    -  1.00e+00 1.00e+00h  1
2233  1.2095813e-03 1.88e-06 3.94e-03 -11.0 6.40e-03    -  1.00e+00 1.00e+00h  1
2234  1.2300088e-03 6.09e-09 1.33e-03 -11.0 1.19e-02    -  1.00e+00 1.00e+00H  1
2235  1.2268062e-03 4.13e-10 1.81e-03 -11.0 8.91e-03    -  1.00e+00 1.00e+00H  1
2236  1.2716269e-03 1.47e-10 2.59e-03 -11.0 1.40e-02    -  1.00e+00 1.00e+00H  1
2237  1.2189938e-03 1.89e-09 1.61e-03 -11.0 1.19e-02    -  1.00e+00 1.00e+00F  1
2238  1.3231770e-03 2.11e-09 3.36e-03 -11.0 1.03e-02    -  1.00e+00 1.00e+00H  1
2239  1.2046423e-03 4.11e-06 1.90e-01 -11.0 8.53e-03    -  1.00e+00 1.00e+00f  1
iter    objective    inf_pr   inf_du lg(mu)  ||d||  lg(rg) alpha_du alpha_pr  ls
2240  1.2057669e-03 2.13e-06 9.66e-02 -11.0 2.78e-03    -  1.00e+00 5.00e-01h  2
2241  1.2021422e-03 4.93e-08 1.32e-03 -11.0 1.17e-03    -  1.00e+00 1.00e+00h  1
2242  1.2019068e-03 3.89e-09 1.05e-04 -11.0 2.39e-04    -  1.00e+00 1.00e+00h  1
2243  1.2349221e-03 1.59e-09 2.20e-03 -11.0 2.55e-02    -  1.00e+00 1.00e+00H  1
2244  1.2347027e-03 7.76e-10 2.20e-03 -11.0 1.31e-01    -  1.00e+00 9.77e-04h 11
2245  1.2627542e-03 1.02e-10 2.32e-03 -11.0 1.04e-02    -  1.00e+00 1.00e+00H  1
2246  1.2601497e-03 2.01e-10 2.51e-03 -11.0 8.67e-03    -  1.00e+00 1.00e+00F  1
2247  1.1949072e-03 3.74e-06 2.02e-03 -11.0 1.13e-02    -  1.00e+00 1.00e+00f  1
2248  1.1886616e-03 3.69e-06 3.36e-03 -11.0 3.41e-02    -  1.00e+00 2.50e-01h  3
2249  1.1868487e-03 3.08e-06 1.76e-03 -11.0 2.04e-02    -  1.00e+00 1.25e-01h  4
iter    objective    inf_pr   inf_du lg(mu)  ||d||  lg(rg) alpha_du alpha_pr  ls
2250  1.2093052e-03 3.45e-10 1.66e-03 -11.0 9.05e-03    -  1.00e+00 1.00e+00H  1
2251  1.1862780e-03 3.86e-06 8.43e-03 -11.0 4.69e-03    -  1.00e+00 1.00e+00h  1
2252  1.2131277e-03 1.13e-11 1.53e-03 -11.0 1.16e-02    -  1.00e+00 1.00e+00H  1
2253  1.1905914e-03 5.49e-08 1.06e-03 -11.0 1.18e-02    -  1.00e+00 1.00e+00F  1
2254  1.1854983e-03 1.11e-07 1.04e-03 -11.0 5.40e-02    -  1.00e+00 6.25e-02h  5
2255  1.2155831e-03 1.79e-11 2.03e-03 -11.0 7.04e-03    -  1.00e+00 1.00e+00H  1
2256  1.1840400e-03 2.85e-06 6.26e-03 -11.0 5.33e-03    -  1.00e+00 1.00e+00f  1
2257  1.1830999e-03 1.91e-06 4.61e-03 -11.0 5.37e-03    -  1.00e+00 5.00e-01h  2
2258  1.1833838e-03 1.18e-07 3.99e-04 -11.0 2.43e-03    -  1.00e+00 1.00e+00h  1
2259  1.1841834e-03 3.02e-09 4.74e-04 -11.0 6.15e-03    -  1.00e+00 1.00e+00H  1
iter    objective    inf_pr   inf_du lg(mu)  ||d||  lg(rg) alpha_du alpha_pr  ls
2260  1.1838710e-03 1.38e-07 2.56e-03 -11.0 4.34e-02    -  1.00e+00 6.25e-02h  5
2261  1.2160359e-03 6.90e-11 1.84e-03 -11.0 5.82e-03    -  1.00e+00 1.00e+00H  1
2262  1.1816203e-03 4.95e-07 1.91e-02 -11.0 3.00e-03    -  1.00e+00 1.00e+00f  1
2263  1.1811492e-03 2.34e-07 1.78e-04 -11.0 2.65e-03    -  1.00e+00 1.00e+00h  1
2264  1.1808452e-03 4.93e-07 3.03e-04 -11.0 2.03e-01    -  1.00e+00 1.56e-02h  7
2265  1.1806342e-03 1.13e-06 7.46e-04 -11.0 1.44e-01    -  1.00e+00 3.12e-02h  6
2266  1.1801966e-03 2.31e-06 1.16e-03 -11.0 3.47e-01    -  1.00e+00 1.56e-02h  7
2267  1.1794750e-03 2.46e-06 1.29e-03 -11.0 9.23e-02    -  1.00e+00 6.25e-02h  5
2268  1.1795705e-03 2.27e-06 1.53e-03 -11.0 1.24e-01    -  1.00e+00 1.56e-02h  7
2269  1.1792576e-03 2.56e-06 1.56e-03 -11.0 6.71e-02    -  1.00e+00 6.25e-02h  5
iter    objective    inf_pr   inf_du lg(mu)  ||d||  lg(rg) alpha_du alpha_pr  ls
2270  1.1792522e-03 2.67e-06 1.48e-03 -11.0 8.19e-02    -  1.00e+00 3.12e-02h  6
2271  1.1774783e-03 3.51e-06 1.28e-03 -11.0 1.11e-02    -  1.00e+00 1.00e+00h  1
2272  1.1760833e-03 6.66e-06 1.94e-03 -11.0 1.04e+00    -  1.00e+00 7.81e-03h  8
2273  1.1773428e-03 6.39e-06 1.88e-03 -11.0 8.16e-02    -  1.00e+00 3.12e-02h  6
2274  1.1736034e-03 3.27e-08 3.63e-04 -11.0 2.59e-03    -  1.00e+00 1.00e+00h  1
2275  1.1737076e-03 4.30e-08 4.94e-04 -11.0 1.06e-02    -  1.00e+00 1.00e+00H  1
2276  1.1734744e-03 1.61e-06 1.39e-03 -11.0 1.10e+00    -  1.00e+00 7.81e-03h  8
2277  1.1732427e-03 3.41e-06 2.10e-03 -11.0 1.54e+00    -  1.00e+00 7.81e-03h  8
2278  1.1730033e-03 3.56e-06 2.87e-03 -11.0 7.00e-01    -  1.00e+00 3.91e-03h  9
2279  1.1729969e-03 3.45e-06 3.47e-03 -11.0 3.97e-02    -  1.00e+00 6.25e-02h  5
iter    objective    inf_pr   inf_du lg(mu)  ||d||  lg(rg) alpha_du alpha_pr  ls
2280  1.1672388e-03 9.20e-06 7.88e-03 -11.0 5.07e-02    -  1.00e+00 1.00e+00H  1
2281  1.1596138e-03 7.61e-05 5.70e-03 -11.0 2.54e+00    -  1.00e+00 1.56e-02h  7
2282  1.1555744e-03 2.11e-04 4.82e-03 -11.0 1.72e+01    -  1.00e+00 3.91e-03h  9
2283  1.1530498e-03 2.12e-04 6.89e-03 -11.0 1.09e+01    -  1.00e+00 9.77e-04h 11
2284  1.1574194e-03 2.05e-04 1.26e-02 -11.0 6.03e-01    -  1.00e+00 3.12e-02h  6
2285  1.1564219e-03 1.98e-04 1.25e-02 -11.0 1.46e-01    -  1.00e+00 3.12e-02h  6
2286  1.1567576e-03 1.73e-04 1.03e-02 -11.0 3.59e-02    -  1.00e+00 1.25e-01h  4
2287  1.1423698e-03 1.07e-04 7.92e-03 -11.0 7.57e-02    -  1.00e+00 1.00e+00h  1
2288  1.1462697e-03 1.06e-04 7.52e-03 -11.0 8.24e-01    -  1.00e+00 7.81e-03h  8
2289  1.1590492e-03 1.26e-04 4.46e-03 -11.0 7.25e-02    -  1.00e+00 1.00e+00h  1
iter    objective    inf_pr   inf_du lg(mu)  ||d||  lg(rg) alpha_du alpha_pr  ls
2290  1.1576427e-03 1.27e-04 4.46e-03 -11.0 2.91e+00    -  1.00e+00 1.95e-03h 10
2291  1.1513936e-03 1.27e-04 4.61e-03 -11.0 9.81e-01    -  1.00e+00 7.81e-03h  8
2292  1.1551972e-03 1.26e-04 4.80e-03 -11.0 2.98e-01    -  1.00e+00 3.12e-02h  6
2293  1.1551121e-03 1.19e-04 6.36e-03 -11.0 1.27e-01    -  1.00e+00 6.25e-02h  5
2294  1.1465683e-03 1.05e-04 4.13e-03 -11.0 1.14e-01    -  1.00e+00 2.50e-01h  3
2295  1.1431083e-03 1.33e-04 5.12e-03 -11.0 2.30e+00    -  1.00e+00 1.56e-02h  7
2296  1.1369857e-03 1.83e-04 3.14e-03 -11.0 7.04e-01    -  1.00e+00 6.25e-02h  5
2297  1.1335124e-03 2.12e-04 2.05e-03 -11.0 2.36e+00    -  1.00e+00 3.12e-02h  6
2298  1.1325233e-03 2.12e-04 2.84e-03 -11.0 5.84e+00    -  1.00e+00 1.95e-03h 10
2299  1.1251108e-03 2.35e-04 2.60e-03 -11.0 5.73e-01    -  1.00e+00 1.25e-01h  4
iter    objective    inf_pr   inf_du lg(mu)  ||d||  lg(rg) alpha_du alpha_pr  ls
2300  3.5217732e+00 6.39e+03 5.05e+04 -11.0 2.73e+01    -  1.00e+00 1.00e+00w  1
2301  4.0651420e+03 1.74e+01 3.46e+01 -11.0 6.28e+02    -  1.00e+00 1.00e+00w  1
2302  6.9711473e+00 2.49e+13 4.50e+15 -11.0 8.46e+02    -  1.00e+00 1.00e+00w  1
2303  1.1125141e-03 2.72e-04 4.12e-03 -11.0 3.55e+01   2.2 1.00e+00 1.95e-03h  9
2304  1.1136970e-03 1.83e-04 3.37e+05 -11.0 1.20e-01    -  1.00e+00 2.50e-01h  3
2305  1.1302013e-03 1.40e-04 3.16e+05 -11.0 5.56e-02    -  1.00e+00 2.50e-01h  3
2306  1.1403315e-03 1.23e-04 2.23e+05 -11.0 4.38e-02    -  1.00e+00 1.25e-01h  4
2307  1.1361035e-03 6.29e-05 3.68e+04 -11.0 1.69e-02    -  1.00e+00 5.00e-01h  2
2308  1.1634162e-03 9.80e-07 2.52e+04 -11.0 1.19e-02    -  1.00e+00 1.00e+00h  1
2309  1.1615042e-03 1.79e-09 1.62e-03 -11.0 5.88e-04    -  1.00e+00 1.00e+00h  1
iter    objective    inf_pr   inf_du lg(mu)  ||d||  lg(rg) alpha_du alpha_pr  ls
2310  1.1559067e-03 4.88e-07 1.86e-02 -11.0 1.98e-02    -  1.00e+00 1.25e-01h  4
2311  1.1334938e-03 7.06e-09 5.92e-04 -11.0 9.16e-04    -  1.00e+00 1.00e+00h  1
2312  1.1320339e-03 7.76e-09 4.51e-04 -11.0 2.85e-04    -  1.00e+00 1.00e+00h  1
2313  1.1301760e-03 5.43e-08 1.77e-02 -11.0 8.41e-04    -  1.00e+00 1.00e+00h  1
2314  1.1280161e-03 1.95e-08 4.02e-03 -11.0 1.07e-03    -  1.00e+00 1.00e+00h  1
2315  1.1265443e-03 5.96e-08 4.37e-03 -11.0 2.81e-02    -  1.00e+00 6.25e-02h  5
2316  1.1227810e-03 5.21e-07 1.70e-03 -11.0 6.73e-03    -  1.00e+00 1.00e+00h  1
2317  1.1166962e-03 2.41e-06 2.28e-03 -11.0 4.92e-02    -  1.00e+00 1.25e-01h  4
2318  1.1165627e-03 1.60e-06 4.31e-03 -11.0 1.34e-02    -  1.00e+00 2.50e-01h  3
2319  1.1094066e-03 2.14e-07 1.95e-03 -11.0 2.71e-03    -  1.00e+00 1.00e+00h  1
iter    objective    inf_pr   inf_du lg(mu)  ||d||  lg(rg) alpha_du alpha_pr  ls
2320  1.1113048e-03 2.13e-07 9.65e-04 -11.0 5.49e-03    -  1.00e+00 5.00e-01h  2
2321  1.1063898e-03 9.02e-08 3.24e-04 -11.0 3.17e-03    -  1.00e+00 1.00e+00h  1
2322  1.1049783e-03 5.56e-07 9.21e-04 -11.0 2.86e-03    -  1.00e+00 1.00e+00h  1
2323  1.1032830e-03 7.05e-07 1.67e-03 -11.0 3.08e-02    -  1.00e+00 2.50e-01h  3
2324  1.0946867e-03 5.03e-07 4.64e-03 -11.0 8.13e-02    -  1.00e+00 2.50e-01h  3
2325  1.0909405e-03 5.95e-07 6.17e-03 -11.0 1.12e+00    -  1.00e+00 7.81e-03h  8
2326  1.0924460e-03 6.42e-07 6.02e-03 -11.0 1.85e-02    -  1.00e+00 6.25e-02h  5
2327  1.0860353e-03 3.43e-07 4.31e-03 -11.0 4.19e-03    -  1.00e+00 1.00e+00h  1
2328  1.0862788e-03 2.35e-08 2.64e-04 -11.0 6.38e-03    -  1.00e+00 1.00e+00H  1
2329  1.0861448e-03 8.39e-09 2.11e-04 -11.0 2.19e-02    -  1.00e+00 3.12e-02h  6
iter    objective    inf_pr   inf_du lg(mu)  ||d||  lg(rg) alpha_du alpha_pr  ls
2330  1.0884029e-03 1.03e-09 5.22e-04 -11.0 8.92e-03    -  1.00e+00 1.00e+00H  1
2331  1.0881249e-03 1.04e-08 5.65e-04 -11.0 3.49e-02    -  1.00e+00 3.12e-02h  6
2332  1.0888011e-03 1.58e-10 5.90e-04 -11.0 5.04e-03    -  1.00e+00 1.00e+00H  1
2333  1.1436875e-03 7.77e-11 2.91e-03 -11.0 1.45e-02    -  1.00e+00 1.00e+00H  1
2334  1.1022277e-03 7.02e-11 1.07e-03 -11.0 1.12e-02    -  1.00e+00 1.00e+00F  1
2335  1.1018888e-03 1.79e-10 1.06e-03 -11.0 4.37e-02    -  1.00e+00 1.95e-03h 10
2336  1.1015556e-03 5.38e-10 1.04e-03 -11.0 3.77e-02    -  1.00e+00 7.81e-03h  8
2337  1.1010431e-03 3.59e-10 1.03e-03 -11.0 3.93e-01    -  1.00e+00 9.77e-04h 11
2338  1.1008863e-03 2.51e-10 1.03e-03 -11.0 7.58e-02    -  1.00e+00 9.77e-04h 11
2339  1.0946007e-03 5.96e-07 2.39e-02 -11.0 1.94e-02    -  1.00e+00 1.00e+00h  1
iter    objective    inf_pr   inf_du lg(mu)  ||d||  lg(rg) alpha_du alpha_pr  ls
2340  1.0893203e-03 1.19e-06 2.37e-02 -11.0 4.97e-02    -  1.00e+00 1.25e-01h  4
2341  1.0987950e-03 8.58e-07 1.18e-02 -11.0 2.52e-03    -  1.00e+00 5.00e-01h  2
2342  1.0840986e-03 3.94e-07 1.35e-03 -11.0 9.25e-03    -  1.00e+00 1.00e+00h  1
2343  1.0841381e-03 1.21e-07 1.60e-04 -11.0 1.54e-03    -  1.00e+00 1.00e+00h  1
2344  1.0840784e-03 1.27e-07 1.92e-04 -11.0 3.14e-02    -  1.00e+00 3.12e-02h  6
2345  1.0839538e-03 1.20e-07 1.86e-04 -11.0 2.07e-02    -  1.00e+00 6.25e-02h  5
2346  1.0834737e-03 3.89e-07 3.20e-04 -11.0 7.22e-02    -  1.00e+00 6.25e-02h  5
2347  1.0833319e-03 4.02e-07 5.39e-04 -11.0 3.98e-02    -  1.00e+00 3.12e-02h  6
2348  1.0830468e-03 4.91e-07 4.38e-04 -11.0 4.95e-02    -  1.00e+00 3.12e-02h  6
2349  1.0827332e-03 9.33e-07 5.40e-04 -11.0 8.20e-02    -  1.00e+00 6.25e-02h  5
iter    objective    inf_pr   inf_du lg(mu)  ||d||  lg(rg) alpha_du alpha_pr  ls
2350  1.0779497e-03 3.23e-05 1.78e-03 -11.0 3.26e-01    -  1.00e+00 1.25e-01h  4
2351  1.0778460e-03 3.23e-05 1.77e-03 -11.0 9.19e-01    -  1.00e+00 1.95e-03h 10
2352  1.0791088e-03 3.14e-05 2.47e-03 -11.0 1.26e-01    -  1.00e+00 6.25e-02h  5
2353  1.0806559e-03 2.95e-05 2.36e-03 -11.0 9.50e-02    -  1.00e+00 6.25e-02h  5
2354  1.1032868e-03 4.34e-06 6.02e-03 -11.0 3.02e-02    -  1.00e+00 1.00e+00w  1
2355  1.7890372e-03 2.95e-04 1.69e-02 -11.0 6.64e-02    -  1.00e+00 1.00e+00w  1
2356  1.1260604e-03 2.37e-04 1.44e-02 -11.0 8.47e-02    -  1.00e+00 1.00e+00w  1
2357  1.0825636e-03 1.58e-05 1.85e-03 -11.0 2.42e-01    -  1.00e+00 5.00e-01h  1
2358  1.0800812e-03 1.88e-05 1.61e-03 -11.0 1.65e+00    -  1.00e+00 7.81e-03h  8
2359  1.0800756e-03 1.86e-05 1.27e-03 -11.0 1.49e-01    -  1.00e+00 1.56e-02h  7
iter    objective    inf_pr   inf_du lg(mu)  ||d||  lg(rg) alpha_du alpha_pr  ls
2360  1.0813256e-03 7.43e-06 2.36e-03 -11.0 1.41e-02    -  1.00e+00 1.00e+00h  1
2361  1.0812692e-03 8.23e-06 3.43e-03 -11.0 2.63e-01    -  1.00e+00 3.12e-02h  6
2362  1.0812360e-03 7.35e-06 1.41e-03 -11.0 3.05e-02    -  1.00e+00 2.50e-01h  3
2363  1.0804085e-03 7.35e-06 1.08e-03 -11.0 9.10e-02    -  1.00e+00 3.12e-02h  6
2364  1.0954064e-03 9.67e-08 1.78e-03 -11.0 2.63e-02    -  1.00e+00 1.00e+00H  1
2365  1.0947125e-03 8.39e-08 1.76e-03 -11.0 1.32e-01    -  1.00e+00 7.81e-03h  8
2366  1.0934069e-03 2.60e-08 1.72e-03 -11.0 5.71e-02    -  1.00e+00 1.56e-02h  7
2367  1.0918470e-03 2.23e-08 1.69e-03 -11.0 1.18e-01    -  1.00e+00 7.81e-03h  8
2368  1.0836283e-03 3.97e-07 1.66e-03 -11.0 3.15e-01    -  1.00e+00 1.56e-02h  7
2369  1.0792193e-03 4.74e-07 8.93e-03 -11.0 1.89e-01    -  1.00e+00 6.25e-02h  5
iter    objective    inf_pr   inf_du lg(mu)  ||d||  lg(rg) alpha_du alpha_pr  ls
2370  1.0783835e-03 5.15e-07 1.15e-02 -11.0 1.94e-01    -  1.00e+00 1.56e-02h  7
2371  1.0696179e-03 3.30e-05 5.06e-03 -11.0 6.83e-02    -  1.00e+00 1.00e+00h  1
2372  1.0691478e-03 3.30e-05 5.83e-03 -11.0 2.32e+00    -  1.00e+00 3.91e-03h  9
2373  1.0740309e-03 2.96e-05 5.70e-03 -11.0 1.81e-01    -  1.00e+00 1.25e-01h  4
2374  1.0717658e-03 2.77e-05 7.95e-03 -11.0 1.35e+00    -  1.00e+00 3.12e-02h  6
2375  1.0696497e-03 2.90e-05 9.13e-03 -11.0 1.31e+01    -  1.00e+00 1.95e-03h 10
2376  1.0664996e-03 3.21e-05 7.62e-03 -11.0 3.96e+00    -  1.00e+00 7.81e-03h  8
2377  1.0661560e-03 3.24e-05 6.49e-03 -11.0 5.54e+00    -  1.00e+00 1.95e-03h 10
2378  1.0613894e-03 3.87e-05 5.43e-03 -11.0 1.20e+00    -  1.00e+00 3.12e-02h  6
2379  1.0607325e-03 3.87e-05 5.41e-03 -11.0 2.52e+00    -  1.00e+00 1.95e-03h 10
iter    objective    inf_pr   inf_du lg(mu)  ||d||  lg(rg) alpha_du alpha_pr  ls
2380  1.0587526e-03 3.92e-05 5.38e-03 -11.0 3.05e+00    -  1.00e+00 7.81e-03h  8
2381  1.0576757e-03 4.09e-05 4.37e-03 -11.0 3.48e+00    -  1.00e+00 7.81e-03h  8
2382  4.9669471e-01 3.64e-01 6.40e-01 -11.0 6.86e+00    -  1.00e+00 1.00e+00w  1
2383  1.0414472e+01 9.47e-01 1.38e+05 -11.0 1.26e+01    -  1.00e+00 1.00e+00w  1
2384  6.5497340e+06 8.77e+12 1.03e+15 -11.0 1.17e+03    -  1.00e+00 1.00e+00w  1
WARNING: Problem in step computation; switching to emergency mode.
2385  1.0566017e-03 4.15e-05 3.89e-03 -11.0 0.00e+00    -  1.00e+00 1.95e-03h 10
2386r 1.0566017e-03 4.15e-05 9.99e+02  -4.4 0.00e+00  19.1 0.00e+00 4.77e-07R 22
2387r 1.0585446e-03 1.09e-05 9.87e+02  -9.0 1.44e+00    -  3.88e-01 1.17e-03f  1
2388  1.0711805e-03 1.00e-06 5.37e-03 -11.0 7.26e-03    -  1.00e+00 1.00e+00h  1
2389  1.0726389e-03 7.34e-07 6.11e-03 -11.0 6.63e-03    -  1.00e+00 2.50e-01h  3
iter    objective    inf_pr   inf_du lg(mu)  ||d||  lg(rg) alpha_du alpha_pr  ls
2390r 1.0726389e-03 7.34e-07 9.99e+02  -6.1 0.00e+00  17.6 0.00e+00 4.77e-07R 22
2391r 1.0727008e-03 1.44e-07 3.60e+01  -9.0 7.39e-02    -  9.67e-01 1.16e-03f  1
2392  1.0696684e-03 1.87e-06 9.98e-03 -11.0 9.15e-03    -  1.00e+00 1.00e+00h  1
2393r 1.0696684e-03 1.87e-06 9.99e+02  -5.7 0.00e+00  16.2 0.00e+00 4.77e-07R 22
2394r 1.0696827e-03 4.38e-07 1.05e-01  -9.0 1.05e-01    -  1.00e+00 1.24e-03f  1
2395  1.1669151e-03 2.08e-09 4.18e-03 -11.0 4.48e-03    -  1.00e+00 1.00e+00H  1
2396  1.0524458e-03 7.66e-07 1.96e-02 -11.0 7.39e-03    -  1.00e+00 1.00e+00h  1
2397  1.0538579e-03 8.12e-08 3.94e-04 -11.0 9.94e-04    -  1.00e+00 1.00e+00h  1
2398  1.0518076e-03 4.62e-08 1.07e-04 -11.0 5.49e-04    -  1.00e+00 1.00e+00h  1
2399  1.0514964e-03 1.76e-09 1.12e-04 -11.0 5.15e-04    -  1.00e+00 1.00e+00h  1
iter    objective    inf_pr   inf_du lg(mu)  ||d||  lg(rg) alpha_du alpha_pr  ls
2400  1.0522194e-03 3.70e-11 6.24e-04 -11.0 4.63e-03    -  1.00e+00 1.00e+00H  1
2401  1.0512867e-03 1.35e-07 1.52e-03 -11.0 1.54e-02    -  1.00e+00 1.25e-01h  4
2402  1.0567399e-03 2.56e-11 9.50e-04 -11.0 4.20e-03    -  1.00e+00 1.00e+00H  1
2403  1.0538745e-03 1.19e-11 9.34e-04 -11.0 3.46e-03    -  1.00e+00 1.00e+00H  1
2404  1.0496235e-03 1.28e-07 7.39e-03 -11.0 1.86e-03    -  1.00e+00 5.00e-01h  2
2405  1.0477627e-03 1.06e-07 4.55e-04 -11.0 1.34e-03    -  1.00e+00 1.00e+00h  1
2406  1.0476050e-03 9.25e-08 3.45e-04 -11.0 1.87e-03    -  1.00e+00 1.00e+00h  1
2407  1.0473796e-03 1.00e-07 4.31e-04 -11.0 2.16e-02    -  1.00e+00 3.12e-02h  6
2408  1.0458892e-03 1.56e-07 1.26e-03 -11.0 3.97e-03    -  1.00e+00 1.00e+00h  1
2409  1.0428398e-03 2.88e-06 9.97e-04 -11.0 1.94e+00    -  1.00e+00 7.81e-03h  8
iter    objective    inf_pr   inf_du lg(mu)  ||d||  lg(rg) alpha_du alpha_pr  ls
2410  1.0427562e-03 2.84e-06 1.24e-03 -11.0 1.58e-01    -  1.00e+00 7.81e-03h  8
2411  1.0403470e-03 5.86e-06 1.14e-03 -11.0 1.51e-02    -  1.00e+00 1.00e+00h  1
2412  1.0384022e-03 8.32e-06 2.05e-03 -11.0 1.82e+00    -  1.00e+00 7.81e-03h  8
2413  1.0382770e-03 8.22e-06 2.10e-03 -11.0 1.54e-01    -  1.00e+00 1.56e-02h  7
2414  1.0402512e-03 6.13e-07 1.60e-03 -11.0 5.76e-03    -  1.00e+00 1.00e+00h  1
2415  1.0400065e-03 6.15e-07 1.42e-03 -11.0 5.05e-02    -  1.00e+00 6.25e-02h  5
2416  1.0372690e-03 3.91e-06 9.52e-04 -11.0 3.77e-02    -  1.00e+00 2.50e-01h  3
2417  1.0374492e-03 3.71e-06 8.84e-04 -11.0 3.26e-02    -  1.00e+00 6.25e-02h  5
2418  1.0512073e-03 7.70e-08 1.41e-03 -11.0 3.60e-02    -  1.00e+00 1.00e+00H  1
2419  1.0504549e-03 8.32e-08 1.51e-03 -11.0 9.79e-01    -  1.00e+00 1.95e-03h 10
iter    objective    inf_pr   inf_du lg(mu)  ||d||  lg(rg) alpha_du alpha_pr  ls
2420  1.0500205e-03 8.20e-08 1.52e-03 -11.0 4.48e-02    -  1.00e+00 7.81e-03h  8
2421  1.0415497e-03 2.78e-07 7.45e-03 -11.0 3.81e-02    -  1.00e+00 1.00e+00H  1
2422  1.0404992e-03 3.06e-07 6.70e-03 -11.0 8.66e-01    -  1.00e+00 7.81e-03h  8
2423  1.0392463e-03 7.70e-07 5.81e-03 -11.0 6.79e-01    -  1.00e+00 1.56e-02h  7
2424  1.0373402e-03 1.29e-06 4.64e-03 -11.0 9.82e+00    -  1.00e+00 9.77e-04h 11
2425  1.0302629e-03 6.12e-05 1.76e-02 -11.0 2.56e+00    -  1.00e+00 6.25e-02h  5
2426  1.0286570e-03 6.19e-05 1.79e-02 -11.0 6.73e+01    -  1.00e+00 2.44e-04h 13
2427  1.0255165e-03 7.06e-05 1.64e-02 -11.0 8.58e+00    -  1.00e+00 7.81e-03h  8
2428  1.0227476e-03 7.25e-05 1.60e-02 -11.0 1.57e+01    -  1.00e+00 9.77e-04h 11
2429  1.0273850e-03 7.06e-05 1.77e-02 -11.0 3.16e-01    -  1.00e+00 3.12e-02h  6
iter    objective    inf_pr   inf_du lg(mu)  ||d||  lg(rg) alpha_du alpha_pr  ls
2430  1.0297835e-03 5.63e-05 1.04e-02 -11.0 1.52e-01    -  1.00e+00 2.50e-01h  3
2431  1.0279309e-03 5.66e-05 7.36e-03 -11.0 4.50e+00    -  1.00e+00 3.91e-03h  9
2432  7.4786852e-03 8.54e-02 1.02e+00 -11.0 1.93e+00    -  1.00e+00 1.00e+00w  1
2433  5.1894519e-01 8.50e-02 3.19e-01 -11.0 4.10e+00    -  1.00e+00 1.00e+00w  1
2434  1.3485898e-01 2.73e-01 1.21e+00 -11.0 3.90e+00    -  1.00e+00 1.00e+00w  1
2435  1.0205214e-03 6.58e-05 4.53e-03 -11.0 2.31e+00    -  1.00e+00 3.12e-02h  5
2436  1.0213382e-03 6.47e-05 4.33e-03 -11.0 2.31e-01    -  1.00e+00 1.56e-02h  7
2437  1.0340877e-03 3.51e-05 1.29e-02 -11.0 1.67e-02    -  1.00e+00 5.00e-01h  2
2438  1.0261390e-03 2.67e-05 1.50e-02 -11.0 1.16e-02    -  1.00e+00 2.50e-01h  3
2439  1.0206540e-03 5.46e-06 1.77e-02 -11.0 1.19e-02    -  1.00e+00 1.00e+00h  1
iter    objective    inf_pr   inf_du lg(mu)  ||d||  lg(rg) alpha_du alpha_pr  ls
2440  1.0094602e-03 8.01e-07 2.48e-03 -11.0 8.67e-03    -  1.00e+00 1.00e+00h  1
2441  1.0086364e-03 7.91e-07 2.13e-03 -11.0 2.82e-02    -  1.00e+00 3.12e-02h  6
2442  1.0064810e-03 2.56e-07 6.93e-03 -11.0 4.41e-03    -  1.00e+00 1.00e+00h  1
2443  1.0280399e-03 3.47e-07 3.06e-03 -11.0 3.28e-03    -  1.00e+00 1.00e+00h  1
2444  1.0049622e-03 7.00e-08 2.35e-03 -11.0 1.70e-03    -  1.00e+00 1.00e+00h  1
2445  1.0042198e-03 1.90e-08 4.60e-04 -11.0 1.63e-03    -  1.00e+00 1.00e+00h  1
2446  1.0009088e-03 1.88e-05 1.77e-03 -11.0 4.11e-02    -  1.00e+00 1.00e+00h  1
2447  9.9461320e-04 4.73e-05 6.24e-03 -11.0 1.63e+01    -  1.00e+00 3.91e-03h  9
2448  9.9133729e-04 4.93e-05 7.37e-03 -11.0 1.07e+01    -  1.00e+00 1.95e-03h 10
2449  9.9237623e-04 4.88e-05 7.89e-03 -11.0 5.83e-01    -  1.00e+00 7.81e-03h  8
iter    objective    inf_pr   inf_du lg(mu)  ||d||  lg(rg) alpha_du alpha_pr  ls
2450  9.9127086e-04 3.68e-05 7.63e-03 -11.0 2.30e-02    -  1.00e+00 2.50e-01h  3
2451  9.8525102e-04 3.50e-05 8.45e-03 -11.0 3.70e-01    -  1.00e+00 6.25e-02h  5
2452  9.7875730e-04 2.96e-05 2.02e-03 -11.0 1.67e-01    -  1.00e+00 2.50e-01h  3
2453  9.7843957e-04 2.82e-05 1.87e-03 -11.0 9.27e-01    -  1.00e+00 7.81e-03h  8
2454  9.7649077e-04 2.76e-05 2.33e-03 -11.0 7.21e-01    -  1.00e+00 3.12e-02h  6
2455  9.7528749e-04 2.97e-05 2.77e-03 -11.0 6.59e+00    -  1.00e+00 3.91e-03h  9
2456  9.6992465e-04 3.83e-05 3.30e-03 -11.0 4.94e+01    -  1.00e+00 9.77e-04h 11
2457  6.2091428e-01 5.21e-01 6.51e-01 -11.0 1.40e+00    -  1.00e+00 1.00e+00w  1
2458  5.6609712e-01 1.76e-01 1.01e+01 -11.0 3.08e+00    -  1.00e+00 1.00e+00w  1
2459  4.3514289e+00 3.46e-03 1.92e+00 -11.0 1.05e+01    -  1.00e+00 1.00e+00w  1
iter    objective    inf_pr   inf_du lg(mu)  ||d||  lg(rg) alpha_du alpha_pr  ls
2460  9.7317600e-04 3.96e-05 4.67e-03 -11.0 1.50e+01    -  1.00e+00 3.91e-03h  8
2461  9.7230837e-04 4.00e-05 5.06e-03 -11.0 6.53e-01    -  1.00e+00 3.12e-02h  6
2462  9.7391049e-04 3.72e-05 8.92e-03 -11.0 5.50e-01    -  1.00e+00 3.12e-02h  6
2463  9.7332721e-04 3.61e-05 9.23e-03 -11.0 5.46e-02    -  1.00e+00 3.12e-02h  6
2464  9.6923979e-04 1.92e-05 1.32e-02 -11.0 4.52e-02    -  1.00e+00 5.00e-01h  2
2465  9.6787373e-04 1.88e-05 1.69e-02 -11.0 4.26e-01    -  1.00e+00 1.56e-02h  7
2466  9.8601807e-04 1.36e-05 1.33e-02 -11.0 3.64e-02    -  1.00e+00 5.00e-01h  2
2467  9.9997271e-04 1.04e-05 1.31e-02 -11.0 4.05e-02    -  1.00e+00 2.50e-01h  3
2468  9.7939695e-04 9.97e-06 1.26e-02 -11.0 3.59e-02    -  1.00e+00 2.50e-01h  3
2469  9.7945650e-04 8.74e-06 7.18e-03 -11.0 9.78e-02    -  1.00e+00 1.25e-01h  4
iter    objective    inf_pr   inf_du lg(mu)  ||d||  lg(rg) alpha_du alpha_pr  ls
2470  1.1788620e-03 3.06e-05 1.13e-02 -11.0 6.03e-02    -  1.00e+00 1.00e+00w  1
2471  2.9832019e-02 6.06e-04 8.86e-02 -11.0 2.29e-01    -  1.00e+00 1.00e+00w  1
2472  4.3193887e-03 3.60e-04 3.77e-01 -11.0 1.37e-01    -  1.00e+00 1.00e+00w  1
2473  9.6885988e-04 6.38e-06 1.40e-03 -11.0 2.07e-01    -  1.00e+00 2.50e-01h  2
2474  9.6450277e-04 5.01e-06 7.52e-03 -11.0 3.46e-02    -  1.00e+00 2.50e-01h  3
2475  9.6592398e-04 5.20e-06 6.57e-03 -11.0 5.38e-02    -  1.00e+00 2.50e-01h  3
2476  9.7311286e-04 6.15e-06 6.54e-03 -11.0 4.09e-02    -  1.00e+00 2.50e-01h  3
2477  9.5757038e-04 1.66e-05 1.14e-02 -11.0 6.57e-02    -  1.00e+00 5.00e-01h  2
2478  9.5810657e-04 1.61e-05 1.11e-02 -11.0 1.15e-01    -  1.00e+00 3.12e-02h  6
2479  9.5038161e-04 1.74e-05 9.85e-03 -11.0 1.30e-01    -  1.00e+00 1.25e-01h  4
iter    objective    inf_pr   inf_du lg(mu)  ||d||  lg(rg) alpha_du alpha_pr  ls
2480  9.4772995e-04 1.72e-05 9.60e-03 -11.0 2.10e-01    -  1.00e+00 3.12e-02h  6
2481  9.4131299e-04 1.72e-05 7.07e-03 -11.0 8.53e-02    -  1.00e+00 1.25e-01h  4
2482  9.3771776e-04 2.53e-05 6.57e-03 -11.0 7.80e-01    -  1.00e+00 3.12e-02h  6
2483  5.4099557e-02 4.12e-02 2.05e-01 -11.0 5.13e+00    -  1.00e+00 1.00e+00w  1
2484  2.9079954e+00 7.85e-03 3.61e-01 -11.0 4.05e+01    -  1.00e+00 1.00e+00w  1
2485  6.8664266e+00 1.24e+06 2.11e+09 -11.0 3.00e+01    -  1.00e+00 1.00e+00w  1
2486  9.2654139e-04 1.15e-04 5.14e-03 -11.0 2.05e+00  15.7 1.00e+00 1.56e-02h  6
2487  9.3351089e-04 7.03e-05 4.17e-01 -11.0 5.90e-02    -  1.00e+00 5.00e-01h  2
2488  9.3246551e-04 7.68e-05 6.09e-01 -11.0 4.20e+00    -  1.00e+00 3.91e-03h  9
2489  9.3016919e-04 8.39e-05 8.02e-01 -11.0 5.47e+00    -  1.00e+00 3.91e-03h  9
iter    objective    inf_pr   inf_du lg(mu)  ||d||  lg(rg) alpha_du alpha_pr  ls
2490  9.2892191e-04 8.37e-05 8.09e-01 -11.0 3.85e-01    -  1.00e+00 7.81e-03h  8
2491  9.5646190e-04 1.52e-06 2.52e-01 -11.0 1.01e-02    -  1.00e+00 1.00e+00h  1
2492  1.0302241e-03 5.69e-09 3.31e-03 -11.0 2.38e-02    -  1.00e+00 1.00e+00H  1
2493  1.0029869e-03 1.31e-07 2.58e-02 -11.0 7.99e-02    -  1.00e+00 6.25e-02h  5
2494  9.5508261e-04 8.95e-06 7.28e-02 -11.0 5.61e-02    -  1.00e+00 5.00e-01h  2
2495  9.2738432e-04 2.53e-05 4.64e-02 -11.0 5.85e-01    -  1.00e+00 6.25e-02h  5
2496  9.4430375e-04 1.81e-05 1.42e-02 -11.0 8.79e-02    -  1.00e+00 5.00e-01h  2
2497  9.4124406e-04 2.15e-05 1.39e-02 -11.0 3.26e+00    -  1.00e+00 7.81e-03h  8
2498  9.4024291e-04 2.21e-05 1.42e-02 -11.0 4.83e+00    -  1.00e+00 1.95e-03h 10
2499  9.3527195e-04 2.67e-05 1.79e-02 -11.0 2.90e+00    -  1.00e+00 7.81e-03h  8
iter    objective    inf_pr   inf_du lg(mu)  ||d||  lg(rg) alpha_du alpha_pr  ls
2500  9.3392177e-04 2.74e-05 1.78e-02 -11.0 1.85e+01    -  1.00e+00 4.88e-04h 12
2501  9.3333092e-04 2.79e-05 1.81e-02 -11.0 3.52e+01    -  1.00e+00 2.44e-04h 13
2502  9.3269466e-04 2.85e-05 1.81e-02 -11.0 2.03e+01    -  1.00e+00 4.88e-04h 12
2503  1.1737484e+02 3.67e-01 5.20e+00 -11.0 1.42e+02    -  1.00e+00 1.00e+00w  1
2504  3.5550201e+00 2.31e+00 2.91e+03 -11.0 1.45e+02    -  1.00e+00 1.00e+00w  1
2505  7.9092563e-01 7.45e-01 2.11e+03 -11.0 8.79e-01    -  1.00e+00 1.00e+00w  1
2506  9.1567932e-04 5.45e-05 2.16e-02 -11.0 1.06e+00    -  1.00e+00 4.88e-04h 11
2507  9.1567938e-04 5.45e-05 6.38e+06 -11.0 1.10e-08  14.8 1.00e+00 1.00e+00h  1
2508  9.1712776e-04 4.11e-05 4.78e+06 -11.0 2.94e-02    -  1.00e+00 2.50e-01h  3
2509  9.3014059e-04 4.94e-07 1.54e+01 -11.0 4.51e-03    -  1.00e+00 1.00e+00h  1
iter    objective    inf_pr   inf_du lg(mu)  ||d||  lg(rg) alpha_du alpha_pr  ls
2510  9.1452013e-04 3.24e-08 3.45e-04 -11.0 1.75e-03    -  1.00e+00 1.00e+00h  1
2511  9.1519714e-04 1.87e-08 5.27e-04 -11.0 1.50e-03    -  1.00e+00 1.00e+00h  1
2512  9.1363044e-04 5.78e-09 3.52e-04 -11.0 5.37e-04    -  1.00e+00 1.00e+00h  1
2513  9.1327782e-04 3.18e-09 1.93e-04 -11.0 7.68e-04    -  1.00e+00 1.00e+00h  1
2514  9.1260028e-04 3.87e-08 1.41e-04 -11.0 2.51e-03    -  1.00e+00 1.00e+00h  1
2515  9.1176308e-04 1.89e-07 4.75e-04 -11.0 7.52e-02    -  1.00e+00 6.25e-02h  5
2516  9.1022653e-04 1.44e-06 8.52e-04 -11.0 9.47e-02    -  1.00e+00 1.25e-01h  4
2517  9.0885360e-04 2.61e-06 1.83e-03 -11.0 2.94e-01    -  1.00e+00 6.25e-02h  5
2518  9.0783853e-04 5.72e-06 2.32e-03 -11.0 3.35e+00    -  1.00e+00 7.81e-03h  8
2519  9.0284544e-04 1.75e-05 3.17e-03 -11.0 2.29e+00    -  1.00e+00 1.56e-02h  7
iter    objective    inf_pr   inf_du lg(mu)  ||d||  lg(rg) alpha_du alpha_pr  ls
2520  9.0243283e-04 2.00e-05 4.12e-03 -11.0 9.55e+00    -  1.00e+00 1.95e-03h 10
2521  9.0201470e-04 1.99e-05 4.11e-03 -11.0 1.33e+00    -  1.00e+00 3.91e-03h  9
2522  8.8308046e-04 2.76e-05 6.35e-04 -11.0 6.27e-02    -  1.00e+00 1.00e+00h  1
2523  8.7624745e-04 4.70e-05 1.60e-03 -11.0 7.14e+01    -  1.00e+00 9.77e-04h 11
2524  8.7359500e-04 4.77e-05 1.84e-03 -11.0 4.28e+01    -  1.00e+00 9.77e-04h 11
2525  8.5968427e-04 7.22e-05 3.29e-03 -11.0 1.96e+02    -  1.00e+00 9.77e-04h 11
2526  8.5611329e-04 1.10e-04 3.96e-03 -11.0 6.22e+02    -  1.00e+00 4.88e-04h 12
2527  7.9577587e-04 1.15e-03 5.44e-03 -11.0 2.30e+03    -  1.00e+00 4.88e-04h 12
2528  7.0093950e-04 1.19e-02 1.10e-02 -11.0 1.26e+03    -  1.00e+00 1.95e-03h 10
2529  6.6411267e-04 1.18e-02 7.52e-03 -11.0 1.39e+03    -  1.00e+00 1.22e-04h 14
iter    objective    inf_pr   inf_du lg(mu)  ||d||  lg(rg) alpha_du alpha_pr  ls
2530  6.6573793e-04 1.14e-02 8.69e-03 -11.0 1.73e+00    -  1.00e+00 3.12e-02h  6
2531  6.6518016e-04 1.10e-02 9.95e-03 -11.0 3.69e-01    -  1.00e+00 3.12e-02h  6
2532  7.3437881e-04 9.49e-03 9.37e-03 -11.0 2.98e-01    -  1.00e+00 1.25e-01h  4
2533  4.9940748e-02 8.81e-03 6.73e-02 -11.0 5.56e-01    -  1.00e+00 1.00e+00w  1
2534  2.8346944e-03 1.24e-03 4.97e-02 -11.0 3.68e-01    -  1.00e+00 1.00e+00w  1
2535  1.8306888e-03 1.48e-03 6.33e-02 -11.0 2.15e-01    -  1.00e+00 1.00e+00w  1
2536  7.7617989e-04 8.85e-03 9.62e-03 -11.0 3.41e-01    -  1.00e+00 6.25e-02h  4
2537  7.4043948e-04 8.42e-03 1.25e-02 -11.0 1.93e+00    -  1.00e+00 3.12e-02h  6
2538  7.3504644e-04 7.32e-03 1.17e-02 -11.0 3.51e-01    -  1.00e+00 1.25e-01h  4
2539  7.8432466e-04 7.10e-03 1.15e-02 -11.0 1.02e+00    -  1.00e+00 3.12e-02h  6
iter    objective    inf_pr   inf_du lg(mu)  ||d||  lg(rg) alpha_du alpha_pr  ls
2540  6.3624061e-04 1.44e-03 6.95e-03 -11.0 1.64e-01    -  1.00e+00 1.00e+00h  1
2541  6.4804021e-04 1.39e-03 1.02e-02 -11.0 1.63e+00    -  1.00e+00 1.56e-02h  7
2542  7.3758034e-04 1.81e-04 7.95e-03 -11.0 5.14e-02    -  1.00e+00 1.00e+00h  1
2543  8.2170467e-04 1.43e-04 9.91e-03 -11.0 1.18e-01    -  1.00e+00 1.25e-01h  4
2544  6.8989850e-04 3.91e-05 4.63e-01 -11.0 5.46e-02    -  1.00e+00 1.00e+00h  1
2545  6.3343331e-04 3.70e-05 1.01e+00 -11.0 2.38e-01    -  1.00e+00 3.12e-02h  6
2546  6.0757464e-04 2.94e-05 1.33e+00 -11.0 4.59e-02    -  1.00e+00 2.50e-01h  3
2547  7.8796388e-04 1.57e-05 3.57e-01 -11.0 2.35e-02    -  1.00e+00 1.00e+00h  1
2548  5.6375232e-04 2.57e-05 1.96e-01 -11.0 2.36e-02    -  1.00e+00 1.00e+00h  1
2549  7.7413277e-04 9.76e-06 4.71e-02 -11.0 1.57e-02    -  1.00e+00 1.00e+00h  1
iter    objective    inf_pr   inf_du lg(mu)  ||d||  lg(rg) alpha_du alpha_pr  ls
2550  5.3836660e-04 4.68e-06 6.60e-03 -11.0 2.24e-02    -  1.00e+00 1.00e+00h  1
2551  7.3322258e-04 2.94e-06 2.12e-02 -11.0 4.60e-02    -  1.00e+00 2.50e-01h  3
2552  5.2333569e-04 1.57e-06 5.96e-02 -11.0 7.79e-03    -  1.00e+00 1.00e+00h  1
2553  5.2168958e-04 1.02e-07 8.49e-04 -11.0 2.29e-03    -  1.00e+00 1.00e+00h  1
2554  5.0686720e-04 4.76e-06 8.62e-04 -11.0 1.78e-02    -  1.00e+00 1.00e+00h  1
2555  4.9797709e-04 7.10e-06 1.55e-03 -11.0 5.25e-01    -  1.00e+00 3.12e-02h  6
2556  4.9655109e-04 7.03e-06 2.71e-03 -11.0 1.41e-01    -  1.00e+00 6.25e-02h  5
2557  4.7868979e-04 7.93e-06 2.06e-03 -11.0 2.15e-02    -  1.00e+00 1.00e+00h  1
2558  4.6544784e-04 2.08e-05 4.04e-03 -11.0 9.25e-01    -  1.00e+00 3.12e-02h  6
2559  4.5888858e-04 1.55e-05 2.93e-03 -11.0 6.42e-02    -  1.00e+00 2.50e-01h  3
iter    objective    inf_pr   inf_du lg(mu)  ||d||  lg(rg) alpha_du alpha_pr  ls
2560  4.5320949e-04 1.51e-05 2.93e-03 -11.0 1.18e-01    -  1.00e+00 3.12e-02h  6
2561  4.4796772e-04 1.30e-05 2.86e-03 -11.0 1.32e-01    -  1.00e+00 1.25e-01h  4
2562  4.2744428e-04 7.55e-05 3.10e-03 -11.0 2.86e-01    -  1.00e+00 2.50e-01h  3
2563  4.2636301e-04 7.48e-05 3.14e-03 -11.0 8.86e-01    -  1.00e+00 7.81e-03h  8
2564  4.3080088e-04 6.56e-05 2.33e-03 -11.0 4.37e-02    -  1.00e+00 1.25e-01h  4
2565  4.1709891e-04 1.31e-05 9.26e-03 -11.0 2.66e-02    -  1.00e+00 1.00e+00h  1
2566  4.5062115e-04 1.08e-05 1.53e-02 -11.0 1.78e-01    -  1.00e+00 6.25e-02h  5
2567  4.1217652e-04 3.03e-06 3.55e-03 -11.0 1.34e-02    -  1.00e+00 1.00e+00h  1
2568  4.6638140e-04 1.16e-06 5.13e-03 -11.0 2.14e-02    -  1.00e+00 1.00e+00H  1
2569  4.4901802e-04 6.77e-07 1.02e-02 -11.0 4.72e-02    -  1.00e+00 1.00e+00H  1
iter    objective    inf_pr   inf_du lg(mu)  ||d||  lg(rg) alpha_du alpha_pr  ls
2570  4.1975930e-04 2.84e-06 1.31e-02 -11.0 1.90e+00    -  1.00e+00 7.81e-03h  8
2571  4.2218448e-04 2.72e-06 1.33e-02 -11.0 9.35e-02    -  1.00e+00 3.12e-02h  6
2572  3.9554507e-04 7.65e-07 2.98e-03 -11.0 7.47e-03    -  1.00e+00 1.00e+00h  1
2573  4.1490202e-04 1.27e-06 8.41e-03 -11.0 7.75e-03    -  1.00e+00 1.00e+00h  1
2574  4.0762558e-04 3.90e-08 1.67e-03 -11.0 8.76e-03    -  1.00e+00 1.00e+00H  1
2575  3.9846351e-04 1.78e-07 2.26e-03 -11.0 4.38e-02    -  1.00e+00 6.25e-02h  5
2576  3.9410877e-04 4.02e-06 1.13e-03 -11.0 1.15e-02    -  1.00e+00 1.00e+00h  1
2577  4.2625113e-04 2.25e-08 2.56e-03 -11.0 2.62e-02    -  1.00e+00 1.00e+00H  1
2578  4.2472217e-04 6.45e-08 2.38e-03 -11.0 1.93e-01    -  1.00e+00 7.81e-03h  8
2579  4.0494281e-04 9.16e-08 1.34e-02 -11.0 2.12e-02    -  1.00e+00 1.00e+00H  1
iter    objective    inf_pr   inf_du lg(mu)  ||d||  lg(rg) alpha_du alpha_pr  ls
2580  3.9912507e-04 2.23e-07 1.51e-02 -11.0 1.15e-01    -  1.00e+00 3.12e-02h  6
2581  3.8975183e-04 3.26e-06 1.66e-03 -11.0 1.99e-02    -  1.00e+00 1.00e+00h  1
2582  3.8891232e-04 3.30e-06 1.19e-03 -11.0 8.31e-02    -  1.00e+00 3.12e-02h  6
2583  3.8841881e-04 6.97e-07 6.13e-04 -11.0 9.59e-03    -  1.00e+00 1.00e+00h  1
2584  3.9345152e-04 8.39e-07 1.16e-03 -11.0 4.54e-02    -  1.00e+00 6.25e-02h  5
2585  3.8652966e-04 1.34e-07 3.42e-04 -11.0 2.12e-03    -  1.00e+00 1.00e+00h  1
2586  3.8656745e-04 1.99e-08 1.92e-04 -11.0 8.05e-04    -  1.00e+00 1.00e+00h  1
2587  3.8627183e-04 8.34e-09 1.52e-04 -11.0 9.00e-04    -  1.00e+00 1.00e+00h  1
2588  3.9255169e-04 2.57e-09 8.02e-04 -11.0 2.62e-03    -  1.00e+00 1.00e+00H  1
2589  3.8592561e-04 1.42e-07 7.75e-03 -11.0 1.98e-03    -  1.00e+00 1.00e+00h  1
iter    objective    inf_pr   inf_du lg(mu)  ||d||  lg(rg) alpha_du alpha_pr  ls
2590  3.8586331e-04 6.38e-09 1.17e-04 -11.0 3.90e-04    -  1.00e+00 1.00e+00h  1
2591  3.8569476e-04 2.34e-08 2.23e-04 -11.0 7.14e-04    -  1.00e+00 1.00e+00h  1
2592  3.9192708e-04 1.45e-10 8.68e-04 -11.0 8.37e-03    -  1.00e+00 1.00e+00H  1
2593  3.9166760e-04 2.33e-09 8.66e-04 -11.0 3.60e-02    -  1.00e+00 7.81e-03h  8
2594  3.9147400e-04 2.61e-09 8.60e-04 -11.0 4.18e-02    -  1.00e+00 3.91e-03h  9
2595  3.9128261e-04 2.95e-09 8.69e-04 -11.0 1.02e-01    -  1.00e+00 9.77e-04h 11
2596  3.9116261e-04 3.00e-09 8.57e-04 -11.0 2.00e-02    -  1.00e+00 3.91e-03h  9
2597  3.8310849e-04 3.84e-06 1.20e-03 -11.0 2.35e-01    -  1.00e+00 6.25e-02h  5
2598  3.8478015e-04 3.83e-06 1.25e-03 -11.0 7.87e-02    -  1.00e+00 3.12e-02h  6
2599  3.7921520e-04 1.89e-05 1.03e-02 -11.0 1.07e-01    -  1.00e+00 2.50e-01h  3
iter    objective    inf_pr   inf_du lg(mu)  ||d||  lg(rg) alpha_du alpha_pr  ls
2600  3.7886933e-04 1.89e-05 8.21e-03 -11.0 6.60e-01    -  1.00e+00 3.91e-03h  9
2601  3.7781826e-04 1.76e-05 1.15e-02 -11.0 7.55e-02    -  1.00e+00 1.25e-01h  4
2602  3.7774004e-04 1.71e-05 1.38e-02 -11.0 3.36e-01    -  1.00e+00 1.56e-02h  7
2603  3.7258233e-03 4.44e-04 3.63e-02 -11.0 1.30e-01    -  1.00e+00 1.00e+00w  1
2604  4.0282294e-04 3.80e-04 1.59e-02 -11.0 1.11e-01    -  1.00e+00 1.00e+00w  1
2605  6.2571087e-03 1.86e-03 4.77e-02 -11.0 3.58e-01    -  1.00e+00 1.00e+00w  1
2606  3.7832699e-04 1.71e-05 1.31e-02 -11.0 1.57e-01    -  1.00e+00 3.12e-02h  5
2607  3.7900741e-04 1.68e-05 1.30e-02 -11.0 2.19e-01    -  1.00e+00 1.56e-02h  7
2608  3.7880809e-04 1.62e-05 1.09e-02 -11.0 1.33e-01    -  1.00e+00 6.25e-02h  5
2609  3.7799485e-04 1.61e-05 9.79e-03 -11.0 8.47e-01    -  1.00e+00 3.91e-03h  9
iter    objective    inf_pr   inf_du lg(mu)  ||d||  lg(rg) alpha_du alpha_pr  ls
2610  3.7942922e-04 1.42e-05 2.90e-03 -11.0 2.33e-02    -  1.00e+00 1.25e-01h  4
2611  3.7887585e-04 1.27e-05 2.55e-03 -11.0 1.79e-02    -  1.00e+00 1.25e-01h  4
2612  3.7564176e-04 1.17e-06 2.49e-03 -11.0 1.03e-02    -  1.00e+00 1.00e+00h  1
2613  3.8162490e-04 1.03e-06 1.15e-03 -11.0 3.15e-02    -  1.00e+00 6.25e-02h  5
2614  3.7545525e-04 4.57e-08 2.99e-03 -11.0 1.42e-03    -  1.00e+00 1.00e+00h  1
2615  3.7549094e-04 1.74e-08 1.15e-04 -11.0 7.19e-04    -  1.00e+00 1.00e+00h  1
2616  3.7670602e-04 1.62e-09 2.96e-04 -11.0 3.17e-03    -  1.00e+00 1.00e+00H  1
2617  3.7652509e-04 1.17e-08 2.64e-04 -11.0 1.47e-02    -  1.00e+00 3.12e-02h  6
2618  3.7627536e-04 1.08e-08 2.51e-04 -11.0 2.03e-02    -  1.00e+00 1.56e-02h  7
2619  3.7925761e-04 7.31e-10 5.43e-04 -11.0 4.51e-03    -  1.00e+00 1.00e+00H  1
iter    objective    inf_pr   inf_du lg(mu)  ||d||  lg(rg) alpha_du alpha_pr  ls
2620  3.8020673e-04 1.77e-10 8.04e-04 -11.0 3.69e-03    -  1.00e+00 1.00e+00H  1
2621  3.8011758e-04 8.91e-11 7.96e-04 -11.0 1.32e-02    -  1.00e+00 3.91e-03h  9
2622  5.5705114e-04 1.25e-10 5.36e-03 -11.0 8.23e-03    -  1.00e+00 1.00e+00H  1
2623  3.7539457e-04 8.20e-07 2.49e-01 -11.0 8.17e-03    -  1.00e+00 1.00e+00f  1
2624  3.7525661e-04 4.32e-07 1.25e-01 -11.0 1.46e-03    -  1.00e+00 5.00e-01h  2
2625  3.7504731e-04 2.85e-07 6.28e-02 -11.0 2.42e-03    -  1.00e+00 5.00e-01h  2
2626  3.7507144e-04 2.12e-07 4.73e-02 -11.0 1.77e-03    -  1.00e+00 2.50e-01h  3
2627  3.7538881e-04 9.38e-08 2.39e-02 -11.0 1.13e-03    -  1.00e+00 5.00e-01h  2
2628  3.7479768e-04 1.68e-08 7.16e-05 -11.0 7.52e-04    -  1.00e+00 1.00e+00h  1
2629  3.7473558e-04 4.90e-09 4.35e-05 -11.0 3.00e-04    -  1.00e+00 1.00e+00h  1
iter    objective    inf_pr   inf_du lg(mu)  ||d||  lg(rg) alpha_du alpha_pr  ls
2630  3.7467033e-04 3.09e-08 9.67e-05 -11.0 7.77e-04    -  1.00e+00 1.00e+00h  1
2631  3.7459458e-04 9.62e-08 8.86e-05 -11.0 2.13e-02    -  1.00e+00 6.25e-02h  5
2632  4.0536838e-04 8.68e-12 1.74e-03 -11.0 5.59e-03    -  1.00e+00 1.00e+00H  1
2633  3.7458382e-04 1.52e-06 1.19e-02 -11.0 6.26e-03    -  1.00e+00 1.00e+00f  1
2634  3.7451741e-04 1.33e-06 1.04e-02 -11.0 1.62e-03    -  1.00e+00 1.25e-01h  4
2635  3.7444764e-04 1.99e-08 3.16e-05 -11.0 7.32e-04    -  1.00e+00 1.00e+00h  1
2636  3.7442952e-04 5.09e-08 4.78e-05 -11.0 2.88e-02    -  1.00e+00 3.12e-02h  6
2637  3.8411662e-04 8.12e-11 1.41e-03 -11.0 7.15e-03    -  1.00e+00 1.00e+00H  1
2638  3.7902536e-04 7.98e-10 9.38e-04 -11.0 9.26e-03    -  1.00e+00 1.00e+00H  1
2639  3.7865286e-04 1.35e-09 9.16e-04 -11.0 3.29e-02    -  1.00e+00 7.81e-03h  8
iter    objective    inf_pr   inf_du lg(mu)  ||d||  lg(rg) alpha_du alpha_pr  ls
2640  3.7817938e-04 4.68e-10 8.57e-04 -11.0 1.30e-02    -  1.00e+00 1.56e-02h  7
2641  3.7724770e-04 5.50e-10 6.84e-04 -11.0 4.99e-03    -  1.00e+00 1.00e+00H  1
2642  4.0814257e-04 1.27e-10 1.55e-03 -11.0 9.00e-03    -  1.00e+00 1.00e+00H  1
2643  3.9947933e-04 2.20e-11 2.08e-03 -11.0 1.92e-02    -  1.00e+00 1.00e+00F  1
2644  3.9921411e-04 2.45e-10 2.07e-03 -11.0 6.32e-02    -  1.00e+00 9.77e-04h 11
2645  3.9895349e-04 2.78e-10 2.06e-03 -11.0 2.44e-02    -  1.00e+00 3.91e-03h  9
2646  3.9862020e-04 2.49e-10 2.05e-03 -11.0 2.86e-01    -  1.00e+00 4.88e-04h 12
2647  3.9858459e-04 2.67e-10 2.05e-03 -11.0 9.15e-02    -  1.00e+00 2.44e-04h 13
2648  3.9004796e-04 3.22e-06 1.85e-03 -11.0 3.58e-02    -  1.00e+00 2.50e-01h  3
2649  3.7928973e-04 6.39e-06 1.10e-02 -11.0 1.04e-01    -  1.00e+00 1.25e-01h  4
iter    objective    inf_pr   inf_du lg(mu)  ||d||  lg(rg) alpha_du alpha_pr  ls
2650  3.8584870e-04 5.92e-06 2.03e-03 -11.0 6.35e-02    -  1.00e+00 1.25e-01h  4
2651  3.8727572e-04 1.90e-06 4.33e-03 -11.0 5.87e-02    -  1.00e+00 2.50e-01h  3
2652  3.8138727e-04 2.23e-06 3.53e-03 -11.0 3.42e-02    -  1.00e+00 2.50e-01h  3
2653  3.7629575e-04 2.94e-06 2.65e-03 -11.0 4.59e-01    -  1.00e+00 1.56e-02h  7
2654  3.2319234e-03 7.14e-04 5.23e-02 -11.0 1.33e-01    -  1.00e+00 1.00e+00w  1
2655  6.3040630e-04 4.16e-04 2.32e-02 -11.0 1.08e-01    -  1.00e+00 1.00e+00w  1
2656  2.1999909e-01 1.03e-02 2.20e+00 -11.0 7.90e-01    -  1.00e+00 1.00e+00w  1
2657  3.7568498e-04 2.68e-06 3.29e-03 -11.0 4.79e-01    -  1.00e+00 3.12e-02h  5
2658  3.7492634e-04 2.59e-06 2.03e-03 -11.0 3.49e-02    -  1.00e+00 1.25e-01h  4
2659  3.7553698e-04 7.53e-07 1.20e-03 -11.0 8.66e-03    -  1.00e+00 1.00e+00h  1
iter    objective    inf_pr   inf_du lg(mu)  ||d||  lg(rg) alpha_du alpha_pr  ls
2660  3.7443606e-04 1.06e-06 1.18e-03 -11.0 9.59e-02    -  1.00e+00 6.25e-02h  5
2661  3.7396456e-04 1.24e-06 1.03e-03 -11.0 1.66e-01    -  1.00e+00 1.56e-02h  7
2662  3.7367376e-04 1.24e-06 1.01e-03 -11.0 2.65e-02    -  1.00e+00 6.25e-02h  5
2663  3.7246662e-04 1.14e-06 4.48e-04 -11.0 7.94e-03    -  1.00e+00 1.00e+00h  1
2664  3.9450825e-04 1.02e-06 2.23e-03 -11.0 9.76e-03    -  1.00e+00 1.00e+00h  1
2665  3.8492833e-04 6.06e-07 1.47e-03 -11.0 1.04e-02    -  1.00e+00 5.00e-01h  2
2666  3.7395825e-04 8.01e-07 9.89e-04 -11.0 1.37e-02    -  1.00e+00 2.50e-01h  3
2667  3.7198799e-04 1.82e-07 3.51e-03 -11.0 3.97e-03    -  1.00e+00 1.00e+00h  1
2668  3.7180543e-04 1.95e-07 2.92e-03 -11.0 2.26e-02    -  1.00e+00 6.25e-02h  5
2669  3.7170703e-04 1.90e-07 2.55e-03 -11.0 1.19e-02    -  1.00e+00 6.25e-02h  5
iter    objective    inf_pr   inf_du lg(mu)  ||d||  lg(rg) alpha_du alpha_pr  ls
2670  3.8839387e-04 1.66e-08 1.35e-03 -11.0 1.77e-02    -  1.00e+00 1.00e+00H  1
2671  3.8151071e-04 2.67e-08 6.81e-04 -11.0 3.27e-02    -  1.00e+00 1.00e+00H  1
2672  3.8044535e-04 9.49e-08 6.80e-04 -11.0 5.09e-01    -  1.00e+00 3.91e-03h  9
2673  3.7860807e-04 1.04e-07 6.77e-04 -11.0 4.32e-02    -  1.00e+00 3.12e-02h  6
2674  3.7700732e-04 8.13e-08 6.45e-04 -11.0 2.45e-02    -  1.00e+00 6.25e-02h  5
2675  3.7625043e-04 8.09e-08 6.22e-04 -11.0 2.79e-02    -  1.00e+00 3.12e-02h  6
2676  7.3618885e-04 1.97e-07 8.60e-03 -11.0 5.49e-02    -  1.00e+00 1.00e+00H  1
2677  5.2259036e-04 1.17e-07 8.73e-03 -11.0 5.26e-02    -  1.00e+00 1.00e+00H  1
2678  5.1159809e-04 1.41e-07 8.73e-03 -11.0 3.46e-01    -  1.00e+00 3.91e-03h  9
2679  4.9293237e-04 9.68e-08 8.99e-03 -11.0 4.57e-02    -  1.00e+00 3.12e-02h  6
iter    objective    inf_pr   inf_du lg(mu)  ||d||  lg(rg) alpha_du alpha_pr  ls
2680  3.7473847e-04 2.91e-06 1.98e-02 -11.0 1.28e-02    -  1.00e+00 1.00e+00h  1
2681  3.7225817e-04 6.10e-07 2.15e-03 -11.0 8.30e-03    -  1.00e+00 1.00e+00h  1
2682  3.7430290e-04 5.92e-07 1.95e-03 -11.0 6.49e-02    -  1.00e+00 3.12e-02h  6
2683  3.7132914e-04 2.04e-08 4.15e-05 -11.0 1.35e-03    -  1.00e+00 1.00e+00h  1
2684  3.7131383e-04 1.78e-09 5.31e-05 -11.0 5.73e-04    -  1.00e+00 1.00e+00h  1
2685  3.7217278e-04 5.33e-10 3.27e-04 -11.0 8.16e-03    -  1.00e+00 1.00e+00H  1
2686  4.2448133e-04 2.05e-09 3.96e-03 -11.0 2.79e-02    -  1.00e+00 1.00e+00H  1
2687  4.9839291e-04 5.81e-10 3.09e-03 -11.0 1.99e-02    -  1.00e+00 1.00e+00H  1
2688  4.9805866e-04 6.35e-10 3.08e-03 -11.0 1.59e-01    -  1.00e+00 4.88e-04h 12
2689  4.9770703e-04 5.95e-10 3.08e-03 -11.0 8.76e-02    -  1.00e+00 4.88e-04h 12
iter    objective    inf_pr   inf_du lg(mu)  ||d||  lg(rg) alpha_du alpha_pr  ls
2690  4.9746533e-04 6.18e-10 3.08e-03 -11.0 1.65e-01    -  1.00e+00 2.44e-04h 13
2691  4.9607097e-04 8.81e-10 3.07e-03 -11.0 2.61e-02    -  1.00e+00 3.91e-03h  9
2692  4.9583110e-04 9.07e-10 3.07e-03 -11.0 7.14e-02    -  1.00e+00 4.88e-04h 12
2693  4.6870820e-04 5.38e-06 1.61e-02 -11.0 3.72e-01    -  1.00e+00 3.12e-02f  6
2694  4.1532146e-04 7.47e-05 4.58e-03 -11.0 8.34e-02    -  1.00e+00 5.00e-01h  2
2695  4.4538180e-04 7.35e-05 2.02e-02 -11.0 1.31e-01    -  1.00e+00 6.25e-02h  5
2696  3.7124041e-04 6.52e-06 3.53e-02 -11.0 1.44e-02    -  1.00e+00 1.00e+00h  1
2697  5.7525391e-04 1.87e-10 4.31e-03 -11.0 2.03e-02    -  1.00e+00 1.00e+00H  1
2698  3.7113564e-04 4.23e-06 1.98e-01 -11.0 9.40e-03    -  1.00e+00 1.00e+00f  1
2699  3.7151067e-04 5.36e-07 2.75e-03 -11.0 3.82e-03    -  1.00e+00 1.00e+00h  1
iter    objective    inf_pr   inf_du lg(mu)  ||d||  lg(rg) alpha_du alpha_pr  ls
2700  3.9128190e-04 1.24e-08 1.46e-03 -11.0 7.44e-03    -  1.00e+00 1.00e+00H  1
2701  3.7385431e-04 1.02e-08 7.09e-04 -11.0 4.14e-03    -  1.00e+00 1.00e+00H  1
2702  3.7004785e-04 2.19e-06 1.99e-03 -11.0 6.72e-03    -  1.00e+00 1.00e+00h  1
2703  3.7107383e-04 2.06e-06 1.79e-03 -11.0 1.61e-02    -  1.00e+00 6.25e-02h  5
2704  3.6961984e-04 5.94e-08 4.88e-05 -11.0 1.21e-03    -  1.00e+00 1.00e+00h  1
2705  3.7002852e-04 4.70e-08 3.36e-04 -11.0 9.24e-04    -  1.00e+00 1.00e+00h  1
2706  3.6985560e-04 9.10e-10 1.73e-04 -11.0 1.58e-03    -  1.00e+00 1.00e+00H  1
2707  4.3431878e-04 2.67e-10 2.71e-03 -11.0 5.86e-03    -  1.00e+00 1.00e+00H  1
2708  3.6957874e-04 6.46e-08 8.81e-05 -11.0 6.17e-03    -  1.00e+00 1.00e+00F  1
2709  3.6983880e-04 2.83e-08 2.12e-04 -11.0 9.00e-04    -  1.00e+00 5.00e-01h  2
iter    objective    inf_pr   inf_du lg(mu)  ||d||  lg(rg) alpha_du alpha_pr  ls
2710  3.6947221e-04 7.66e-09 4.94e-05 -11.0 3.86e-04    -  1.00e+00 1.00e+00h  1
2711  3.6945795e-04 2.82e-09 5.16e-05 -11.0 1.43e-04    -  1.00e+00 1.00e+00h  1
2712  3.6944718e-04 1.97e-09 5.92e-05 -11.0 2.67e-04    -  1.00e+00 1.00e+00h  1
2713  3.6948781e-04 1.71e-10 1.67e-04 -11.0 1.45e-03    -  1.00e+00 1.00e+00H  1
2714  3.8563046e-04 1.10e-10 1.68e-03 -11.0 6.95e-03    -  1.00e+00 1.00e+00H  1
2715  3.7230794e-04 6.82e-11 6.56e-04 -11.0 5.59e-03    -  1.00e+00 1.00e+00H  1
2716  3.6929713e-04 2.07e-07 1.13e-02 -11.0 1.68e-02    -  1.00e+00 1.25e-01h  4
2717  3.6872586e-04 9.28e-08 1.77e-03 -11.0 1.82e-03    -  1.00e+00 1.00e+00h  1
2718  4.9385997e-04 5.49e-12 4.29e-03 -11.0 1.12e-02    -  1.00e+00 1.00e+00H  1
2719  3.6862693e-04 1.13e-06 8.72e-02 -11.0 9.42e-03    -  1.00e+00 1.00e+00f  1
iter    objective    inf_pr   inf_du lg(mu)  ||d||  lg(rg) alpha_du alpha_pr  ls
2720  3.6867604e-04 8.45e-07 6.52e-02 -11.0 8.34e-04    -  1.00e+00 2.50e-01h  3
2721  3.6847681e-04 2.28e-10 9.27e-05 -11.0 8.28e-05    -  1.00e+00 1.00e+00h  1
2722  3.6845092e-04 2.83e-10 9.02e-05 -11.0 1.17e-04    -  1.00e+00 1.00e+00h  1
2723  3.6870771e-04 5.51e-12 3.18e-04 -11.0 4.22e-03    -  1.00e+00 1.00e+00H  1
2724  3.6869650e-04 1.04e-10 3.17e-04 -11.0 1.55e-01    -  1.00e+00 4.88e-04h 12
2725  3.6842676e-04 1.18e-07 1.44e-03 -11.0 3.13e-01    -  1.00e+00 7.81e-03h  8
2726  3.6823356e-04 3.74e-07 2.30e-03 -11.0 4.73e-01    -  1.00e+00 7.81e-03h  8
2727  3.6778267e-04 1.06e-06 1.83e-03 -11.0 3.82e-01    -  1.00e+00 1.56e-02h  7
2728  3.6762576e-04 1.29e-06 2.07e-03 -11.0 1.07e-01    -  1.00e+00 3.12e-02h  6
2729  3.6741905e-04 1.31e-06 2.21e-03 -11.0 9.11e-02    -  1.00e+00 3.12e-02h  6
iter    objective    inf_pr   inf_du lg(mu)  ||d||  lg(rg) alpha_du alpha_pr  ls
2730  3.6706727e-04 1.47e-06 2.91e-03 -11.0 9.03e-01    -  1.00e+00 3.91e-03h  9
2731  3.6697836e-04 1.49e-06 3.28e-03 -11.0 2.30e-01    -  1.00e+00 7.81e-03h  8
2732  3.6689909e-04 7.54e-06 4.90e-03 -11.0 3.93e-02    -  1.00e+00 5.00e-01h  2
2733  3.6627606e-04 1.06e-05 4.03e-03 -11.0 1.81e+00    -  1.00e+00 7.81e-03h  8
2734  8.6572844e-02 8.27e-03 2.10e-01 -11.0 4.74e-01    -  1.00e+00 1.00e+00w  1
2735  4.5998124e-03 6.40e-03 2.12e+00 -11.0 4.35e-01    -  1.00e+00 1.00e+00w  1
2736  2.8784872e-02 2.62e-03 1.21e-01 -11.0 3.28e-01    -  1.00e+00 1.00e+00w  1
2737  3.6613685e-04 1.06e-05 3.50e-03 -11.0 3.68e-01    -  1.00e+00 1.95e-03h  9
2738  3.6599782e-04 5.31e-06 3.03e-03 -11.0 2.94e-03    -  1.00e+00 5.00e-01h  2
2739  3.6594609e-04 4.62e-06 1.91e-03 -11.0 2.49e-02    -  1.00e+00 2.50e-01h  3
iter    objective    inf_pr   inf_du lg(mu)  ||d||  lg(rg) alpha_du alpha_pr  ls
2740  3.6571303e-04 4.68e-06 1.85e-03 -11.0 3.69e-01    -  1.00e+00 7.81e-03h  8
2741  3.6590999e-04 4.29e-06 1.25e-03 -11.0 3.88e-02    -  1.00e+00 6.25e-02h  5
2742  3.6591796e-04 4.07e-06 1.22e-03 -11.0 2.33e-02    -  1.00e+00 6.25e-02h  5
2743  3.6556469e-04 7.94e-07 7.45e-04 -11.0 5.07e-03    -  1.00e+00 1.00e+00h  1
2744  3.6518949e-04 9.29e-07 4.67e-04 -11.0 3.05e-02    -  1.00e+00 6.25e-02h  5
2745  3.6499037e-04 2.17e-06 1.16e-03 -11.0 2.01e-02    -  1.00e+00 2.50e-01h  3
2746  3.6462589e-04 1.94e-06 9.21e-04 -11.0 1.00e-01    -  1.00e+00 6.25e-02h  5
2747  3.6454498e-04 1.96e-06 8.11e-04 -11.0 4.27e-01    -  1.00e+00 3.91e-03h  9
2748  3.6445725e-04 1.04e-06 8.77e-04 -11.0 2.29e-01    -  1.00e+00 3.12e-02h  6
2749  3.6401988e-04 1.43e-06 1.18e-03 -11.0 5.58e-01    -  1.00e+00 1.56e-02h  7
iter    objective    inf_pr   inf_du lg(mu)  ||d||  lg(rg) alpha_du alpha_pr  ls
2750  3.6383449e-04 1.43e-06 1.29e-03 -11.0 8.78e-02    -  1.00e+00 3.12e-02h  6
2751  3.6376693e-04 1.51e-06 1.41e-03 -11.0 3.75e-01    -  1.00e+00 7.81e-03h  8
2752  3.6368656e-04 1.29e-06 1.26e-03 -11.0 5.48e-02    -  1.00e+00 3.12e-02h  6
2753  3.6355206e-04 1.35e-06 1.03e-03 -11.0 4.38e-02    -  1.00e+00 6.25e-02h  5
2754  2.1614163e-03 6.03e-04 1.78e-02 -11.0 1.78e-01    -  1.00e+00 1.00e+00w  1
2755  5.0552717e-04 3.48e-04 6.77e-02 -11.0 1.28e-01    -  1.00e+00 1.00e+00w  1
2756  4.6277298e-02 2.49e-03 5.41e+00 -11.0 4.97e-01    -  1.00e+00 1.00e+00w  1
2757  3.6344546e-04 1.37e-06 9.60e-04 -11.0 8.24e-01    -  1.00e+00 7.81e-03h  7
2758  3.6335145e-04 1.75e-06 7.26e-04 -11.0 8.23e-02    -  1.00e+00 6.25e-02h  5
2759  3.6324619e-04 1.75e-06 6.44e-04 -11.0 5.38e-02    -  1.00e+00 3.12e-02h  6
iter    objective    inf_pr   inf_du lg(mu)  ||d||  lg(rg) alpha_du alpha_pr  ls
2760  3.6372075e-04 1.43e-06 5.64e-04 -11.0 2.58e-02    -  1.00e+00 1.25e-01h  4
2761  3.6407323e-04 8.75e-07 4.30e-04 -11.0 1.51e-02    -  1.00e+00 5.00e-01h  2
2762  3.6377327e-04 9.33e-07 4.94e-04 -11.0 2.09e-02    -  1.00e+00 1.25e-01h  4
2763  3.6368603e-04 8.97e-07 5.59e-04 -11.0 1.57e-02    -  1.00e+00 1.25e-01h  4
2764  3.6490711e-04 4.41e-07 1.51e-03 -11.0 2.14e-02    -  1.00e+00 1.00e+00H  1
2765  3.6472703e-04 5.14e-07 1.57e-03 -11.0 1.58e+00    -  1.00e+00 1.95e-03h 10
2766  3.6446729e-04 4.17e-07 1.45e-03 -11.0 1.18e-02    -  1.00e+00 1.25e-01h  4
2767  3.6326667e-04 1.16e-06 1.08e-03 -11.0 5.33e-02    -  1.00e+00 1.25e-01h  4
2768  3.6277321e-04 1.86e-06 1.04e-03 -11.0 1.64e+00    -  1.00e+00 3.91e-03h  9
2769  3.6269486e-04 2.35e-06 5.60e-04 -11.0 6.72e-01    -  1.00e+00 7.81e-03h  8
iter    objective    inf_pr   inf_du lg(mu)  ||d||  lg(rg) alpha_du alpha_pr  ls
2770  3.6259612e-04 2.35e-06 3.69e-04 -11.0 1.69e-02    -  1.00e+00 1.25e-01h  4
2771  3.6286504e-04 2.49e-06 7.18e-04 -11.0 1.94e-02    -  1.00e+00 1.25e-01h  4
2772  3.6276431e-04 2.25e-06 6.79e-04 -11.0 2.37e-02    -  1.00e+00 1.25e-01h  4
2773  3.6253523e-04 2.33e-06 5.22e-04 -11.0 7.71e-02    -  1.00e+00 6.25e-02h  5
2774  3.6271212e-04 2.24e-06 6.67e-04 -11.0 2.70e-02    -  1.00e+00 6.25e-02h  5
2775  3.7782027e-04 9.65e-07 2.03e-03 -11.0 4.34e-03    -  1.00e+00 1.00e+00w  1
2776  3.6301736e-04 2.55e-06 6.47e-04 -11.0 1.37e-02    -  1.00e+00 1.00e+00w  1
2777  1.1515022e-03 6.39e-04 1.83e-02 -11.0 1.78e-01    -  1.00e+00 1.00e+00w  1
2778  3.6290427e-04 1.65e-06 9.80e-04 -11.0 1.12e-01    -  1.00e+00 2.50e-01h  2
2779  3.6304704e-04 1.58e-06 9.89e-04 -11.0 3.92e-02    -  1.00e+00 3.12e-02h  6
iter    objective    inf_pr   inf_du lg(mu)  ||d||  lg(rg) alpha_du alpha_pr  ls
2780  3.6275937e-04 1.05e-06 5.49e-04 -11.0 1.01e-02    -  1.00e+00 5.00e-01h  2
2781  3.6225173e-04 1.23e-06 7.44e-04 -11.0 7.73e-02    -  1.00e+00 6.25e-02h  5
2782  3.6162823e-04 1.61e-06 7.35e-04 -11.0 1.01e-01    -  1.00e+00 6.25e-02h  5
2783  3.6152338e-04 1.83e-06 6.95e-04 -11.0 1.12e-01    -  1.00e+00 3.12e-02h  6
2784  3.6080239e-04 1.08e-05 8.24e-04 -11.0 4.11e-01    -  1.00e+00 6.25e-02h  5
2785  3.6064496e-04 1.10e-05 1.03e-03 -11.0 4.37e+00    -  1.00e+00 9.77e-04h 11
2786  3.6000394e-04 1.11e-05 1.21e-03 -11.0 8.73e-01    -  1.00e+00 7.81e-03h  8
2787  3.6050625e-04 9.59e-06 1.29e-03 -11.0 1.16e-01    -  1.00e+00 6.25e-02h  5
2788  4.1866205e-04 4.18e-04 5.45e-03 -11.0 1.39e-01    -  1.00e+00 1.00e+00w  1
2789  2.1764405e-01 3.49e+01 2.19e+03 -11.0 1.59e+01    -  1.00e+00 1.00e+00w  1
iter    objective    inf_pr   inf_du lg(mu)  ||d||  lg(rg) alpha_du alpha_pr  ls
2790  6.1268268e+00 7.50e+00 9.83e+01 -11.0 4.40e+00    -  1.00e+00 1.00e+00w  1
2791  3.5892561e-04 2.21e-05 1.10e-03 -11.0 2.15e+01    -  1.00e+00 2.50e-01h  2
2792  3.5876490e-04 8.55e-05 1.86e-03 -11.0 6.76e-01    -  1.00e+00 6.25e-02h  5
2793  3.5682406e-04 9.98e-05 1.96e-03 -11.0 5.55e+00    -  1.00e+00 3.91e-03h  9
2794  3.5552744e-04 1.05e-04 2.44e-03 -11.0 6.85e+00    -  1.00e+00 1.95e-03h 10
2795  3.5339586e-04 1.60e-04 2.95e-03 -11.0 3.24e+00    -  1.00e+00 1.56e-02h  7
2796  3.5185429e-04 1.69e-04 2.83e-03 -11.0 1.56e+01    -  1.00e+00 1.95e-03h 10
2797  3.5173112e-04 1.69e-04 2.97e-03 -11.0 8.67e+00    -  1.00e+00 4.88e-04h 12
2798  3.5159438e-04 1.82e-04 3.70e-03 -11.0 2.03e+00    -  1.00e+00 1.56e-02h  7
2799  3.4917014e-04 2.03e-04 2.90e-03 -11.0 1.25e+02    -  1.00e+00 2.44e-04h 13
iter    objective    inf_pr   inf_du lg(mu)  ||d||  lg(rg) alpha_du alpha_pr  ls
2800  3.4889833e-04 2.05e-04 2.86e-03 -11.0 9.21e+00    -  1.00e+00 9.77e-04h 11
2801  1.6072102e-01 5.11e-02 1.58e-01 -11.0 3.32e+00    -  1.00e+00 1.00e+00w  1
2802  1.0914562e-01 2.45e-02 2.26e-01 -11.0 1.00e+00    -  1.00e+00 1.00e+00w  1
2803  4.6027237e+00 4.86e-03 3.15e+00 -11.0 3.76e+00    -  1.00e+00 1.00e+00w  1
2804  3.4875583e-04 2.05e-04 2.77e-03 -11.0 5.75e+00    -  1.00e+00 9.77e-04h 10
2805  3.4924981e-04 1.97e-04 2.06e-03 -11.0 2.29e-01    -  1.00e+00 6.25e-02h  5
2806  3.4914325e-04 1.97e-04 2.02e-03 -11.0 2.31e+00    -  1.00e+00 1.95e-03h 10
2807  3.4947304e-04 1.95e-04 1.90e-03 -11.0 3.12e-01    -  1.00e+00 1.56e-02h  7
2808  3.5037468e-04 1.78e-04 2.51e-03 -11.0 1.05e-01    -  1.00e+00 1.25e-01h  4
2809  3.4916557e-04 1.82e-04 1.93e-03 -11.0 1.68e+00    -  1.00e+00 1.56e-02h  7
iter    objective    inf_pr   inf_du lg(mu)  ||d||  lg(rg) alpha_du alpha_pr  ls
2810  3.4809340e-04 1.82e-04 2.17e-03 -11.0 1.71e+01    -  1.00e+00 9.77e-04h 11
2811  3.4716892e-04 2.06e-04 1.43e-03 -11.0 1.07e+00    -  1.00e+00 3.12e-02h  6
2812  3.4708138e-04 2.07e-04 1.56e-03 -11.0 2.01e+01    -  1.00e+00 2.44e-04h 13
2813  3.4705769e-04 2.06e-04 1.60e-03 -11.0 4.48e-01    -  1.00e+00 9.77e-04h 11
2814  3.5280656e-04 2.43e-05 4.59e-03 -11.0 4.25e-02    -  1.00e+00 1.00e+00h  1
2815  3.5261834e-04 2.41e-05 2.06e-03 -11.0 3.03e+00    -  1.00e+00 1.95e-03h 10
2816  3.5201633e-04 2.37e-05 5.54e-03 -11.0 1.58e-01    -  1.00e+00 6.25e-02h  5
2817  3.4693679e-04 3.16e-05 1.75e-03 -11.0 2.84e-01    -  1.00e+00 6.25e-02h  5
2818  3.4603636e-04 3.48e-05 3.10e-03 -11.0 3.59e+00    -  1.00e+00 3.91e-03h  9
2819  3.4529889e-04 3.43e-05 2.63e-03 -11.0 5.06e-01    -  1.00e+00 7.81e-03h  8
iter    objective    inf_pr   inf_du lg(mu)  ||d||  lg(rg) alpha_du alpha_pr  ls
2820  3.4332979e-04 3.61e-05 1.93e-03 -11.0 7.03e-01    -  1.00e+00 1.56e-02h  7
2821  3.4275580e-04 3.56e-05 6.72e-03 -11.0 2.26e+00    -  1.00e+00 7.81e-03h  8
2822  3.4207983e-04 3.43e-05 1.11e-02 -11.0 9.97e-01    -  1.00e+00 7.81e-03h  8
2823  3.4124019e-04 8.69e-05 2.55e-02 -11.0 1.01e+00    -  1.00e+00 6.25e-02h  5
2824  3.2452068e-04 9.76e-04 5.98e-02 -11.0 8.55e+01    -  1.00e+00 3.91e-03h  9
2825  2.6801322e+02 2.45e+09 8.73e+10 -11.0 1.55e+02    -  1.00e+00 1.00e+00w  1
2826  1.9020742e+02 4.13e+08 8.49e+19 -11.0 2.74e+00  13.3 1.00e+00 1.00e+00w  1
2827  1.2750883e+02 1.33e+09 2.85e+20 -11.0 4.00e+00  12.9 1.00e+00 1.00e+00w  1
2828  3.2366747e-04 9.77e-04 5.93e-02 -11.0 1.34e+05    -  1.00e+00 6.10e-05h 14
2829  3.2497536e-04 7.32e-04 4.28e-02 -11.0 6.79e-03    -  1.00e+00 2.50e-01h  3
iter    objective    inf_pr   inf_du lg(mu)  ||d||  lg(rg) alpha_du alpha_pr  ls
2830  3.3352109e-04 5.49e-04 3.24e-02 -11.0 6.96e-03    -  1.00e+00 2.50e-01h  3
2831  3.3945693e-04 4.12e-04 1.95e-02 -11.0 6.79e-03    -  1.00e+00 2.50e-01h  3
2832  3.4063814e-04 3.61e-04 1.48e-02 -11.0 7.70e-03    -  1.00e+00 1.25e-01h  4
2833  3.5283576e-04 1.49e-06 9.93e-03 -11.0 1.09e-02    -  1.00e+00 1.00e+00h  1
2834  3.5039873e-04 1.45e-06 1.26e-02 -11.0 3.61e-02    -  1.00e+00 6.25e-02h  5
2835  3.4245341e-04 3.65e-07 1.12e-02 -11.0 2.33e-03    -  1.00e+00 1.00e+00h  1
2836  3.3695992e-04 2.12e-06 6.74e-03 -11.0 2.14e-02    -  1.00e+00 2.50e-01h  3
2837  3.2967778e-04 1.50e-05 5.37e-03 -11.0 1.22e-02    -  1.00e+00 1.00e+00h  1
2838  3.3297774e-04 1.79e-06 2.35e-03 -11.0 4.53e-03    -  1.00e+00 1.00e+00h  1
2839  3.2140321e-04 2.33e-07 1.80e-03 -11.0 4.02e-03    -  1.00e+00 1.00e+00h  1
iter    objective    inf_pr   inf_du lg(mu)  ||d||  lg(rg) alpha_du alpha_pr  ls
2840  3.2070549e-04 1.13e-07 1.94e-04 -11.0 1.16e-03    -  1.00e+00 1.00e+00h  1
2841  3.2829586e-04 3.74e-08 1.12e-03 -11.0 5.26e-03    -  1.00e+00 1.00e+00H  1
2842  3.3090893e-04 4.28e-10 1.31e-03 -11.0 1.11e-02    -  1.00e+00 1.00e+00H  1
2843  3.2787125e-04 1.72e-07 1.30e-03 -11.0 6.31e-02    -  1.00e+00 1.56e-02h  7
2844  3.1661392e-04 7.31e-06 4.96e-03 -11.0 9.69e-03    -  1.00e+00 1.00e+00h  1
2845  3.1668273e-04 6.90e-06 4.73e-03 -11.0 1.26e-02    -  1.00e+00 6.25e-02h  5
2846  3.1390673e-04 1.58e-06 1.46e-03 -11.0 4.51e-03    -  1.00e+00 1.00e+00h  1
2847  3.1980858e-04 1.80e-06 1.58e-03 -11.0 6.27e-03    -  1.00e+00 5.00e-01h  2
2848  3.1360899e-04 3.84e-07 1.13e-03 -11.0 2.00e-03    -  1.00e+00 1.00e+00h  1
2849  3.1398903e-04 2.05e-10 3.74e-04 -11.0 1.05e-03    -  1.00e+00 1.00e+00H  1
iter    objective    inf_pr   inf_du lg(mu)  ||d||  lg(rg) alpha_du alpha_pr  ls
2850  3.1325335e-04 5.00e-09 1.66e-04 -11.0 5.86e-04    -  1.00e+00 1.00e+00h  1
2851  3.1297491e-04 3.58e-08 9.28e-05 -11.0 7.74e-04    -  1.00e+00 1.00e+00h  1
2852  3.1259871e-04 1.11e-09 8.48e-05 -11.0 9.41e-04    -  1.00e+00 1.00e+00h  1
2853  3.1216780e-04 2.20e-08 3.59e-04 -11.0 6.67e-02    -  1.00e+00 6.25e-02h  5
2854  3.1165719e-04 4.12e-08 4.37e-04 -11.0 3.59e-02    -  1.00e+00 6.25e-02h  5
2855  3.1342192e-04 2.13e-09 7.90e-04 -11.0 1.61e-02    -  1.00e+00 1.00e+00H  1
2856  3.1142097e-04 1.04e-06 9.02e-03 -11.0 3.11e-01    -  1.00e+00 3.12e-02h  6
2857  3.1099105e-04 1.04e-06 1.01e-02 -11.0 1.31e-01    -  1.00e+00 3.12e-02h  6
2858  3.0494704e-04 3.26e-06 3.82e-02 -11.0 3.68e-01    -  1.00e+00 1.25e-01h  4
2859  3.0457852e-04 3.40e-06 4.01e-02 -11.0 7.52e-01    -  1.00e+00 3.91e-03h  9
iter    objective    inf_pr   inf_du lg(mu)  ||d||  lg(rg) alpha_du alpha_pr  ls
2860  3.0606188e-04 2.59e-06 3.59e-02 -11.0 3.95e-02    -  1.00e+00 2.50e-01h  3
2861  3.0628710e-04 2.19e-06 2.74e-02 -11.0 3.95e-02    -  1.00e+00 1.25e-01h  4
2862  3.0453084e-04 7.38e-06 9.95e-03 -11.0 7.74e-02    -  1.00e+00 5.00e-01h  2
2863  3.0414527e-04 7.73e-06 7.11e-03 -11.0 1.13e+00    -  1.00e+00 7.81e-03h  8
2864  3.0365860e-04 7.72e-06 8.18e-03 -11.0 5.45e-02    -  1.00e+00 6.25e-02h  5
2865  3.0696114e-04 4.25e-06 2.69e-03 -11.0 1.87e-02    -  1.00e+00 5.00e-01h  2
2866  3.2881276e-04 1.23e-05 1.96e-02 -11.0 7.92e-02    -  1.00e+00 1.00e+00w  1
2867  8.1719772e-02 1.66e-03 2.44e-01 -11.0 1.48e+00    -  1.00e+00 1.00e+00w  1
2868  6.5124664e-02 6.44e-03 2.24e+00 -11.0 1.72e+00    -  1.00e+00 1.00e+00w  1
2869  3.0360865e-04 3.95e-06 2.76e-03 -11.0 7.14e+00    -  1.00e+00 2.50e-01h  2
iter    objective    inf_pr   inf_du lg(mu)  ||d||  lg(rg) alpha_du alpha_pr  ls
2870  3.2569432e-04 2.05e-10 1.06e-03 -11.0 3.05e-02    -  1.00e+00 1.00e+00H  1
2871  3.2544582e-04 8.16e-10 1.05e-03 -11.0 1.12e-01    -  1.00e+00 3.91e-03h  9
2872  3.1828356e-04 1.39e-06 1.75e-03 -11.0 1.25e+00    -  1.00e+00 3.12e-02f  6
2873  3.1738318e-04 2.38e-06 2.91e-03 -11.0 3.63e+00    -  1.00e+00 7.81e-03h  8
2874  3.1518636e-04 2.43e-06 3.25e-03 -11.0 6.59e-01    -  1.00e+00 1.56e-02h  7
2875  3.1427749e-04 6.47e-06 5.13e-03 -11.0 1.56e-01    -  1.00e+00 2.50e-01h  3
2876  3.0959997e-04 1.11e-05 9.53e-03 -11.0 1.64e+00    -  1.00e+00 1.56e-02h  7
2877  3.1004763e-04 1.10e-05 7.22e-03 -11.0 1.43e-01    -  1.00e+00 6.25e-02h  5
2878  3.0823343e-04 1.14e-05 3.18e-03 -11.0 1.44e-01    -  1.00e+00 1.25e-01h  4
2879  3.0696064e-04 1.13e-05 4.70e-03 -11.0 5.61e-01    -  1.00e+00 1.56e-02h  7
iter    objective    inf_pr   inf_du lg(mu)  ||d||  lg(rg) alpha_du alpha_pr  ls
2880  3.0673282e-04 1.06e-05 6.70e-03 -11.0 1.20e-01    -  1.00e+00 6.25e-02h  5
2881  7.9346378e-04 3.46e-05 8.67e-03 -11.0 2.19e-02    -  1.00e+00 1.00e+00w  1
2882  3.0286309e-04 2.46e-05 1.64e-02 -11.0 1.93e-02    -  1.00e+00 1.00e+00h  1
2883  3.0938543e-04 2.21e-06 2.89e-02 -11.0 4.46e-02    -  1.00e+00 1.00e+00h  1
2884  3.1052032e-04 2.14e-06 2.69e-02 -11.0 1.79e-01    -  1.00e+00 6.25e-02h  5
2885  3.0955419e-04 1.60e-06 2.51e-02 -11.0 9.73e-03    -  1.00e+00 5.00e-01h  2
2886  3.1928302e-04 3.69e-06 1.44e-02 -11.0 2.46e-02    -  1.00e+00 1.00e+00h  1
2887  3.1600148e-04 4.30e-06 1.69e-02 -11.0 5.27e-01    -  1.00e+00 3.12e-02h  6
2888  3.1507633e-04 4.33e-06 1.86e-02 -11.0 1.73e+00    -  1.00e+00 3.91e-03h  9
2889  3.1038263e-04 5.56e-06 1.85e-02 -11.0 1.07e-01    -  1.00e+00 6.25e-02h  5
iter    objective    inf_pr   inf_du lg(mu)  ||d||  lg(rg) alpha_du alpha_pr  ls
2890  4.7844256e-04 6.77e-11 4.67e-03 -11.0 2.52e-02    -  1.00e+00 1.00e+00H  1
2891  3.1173933e-04 8.88e-08 1.31e-02 -11.0 1.28e-02    -  1.00e+00 1.00e+00F  1
2892  3.0428395e-04 3.18e-06 1.08e-02 -11.0 2.08e-02    -  1.00e+00 1.00e+00h  1
2893  3.0398122e-04 3.76e-06 9.57e-03 -11.0 1.31e-01    -  1.00e+00 6.25e-02h  5
2894  4.4616700e-04 2.92e-08 5.36e-03 -11.0 5.99e-02    -  1.00e+00 1.00e+00H  1
2895  4.7884767e-04 5.72e-09 4.39e-03 -11.0 4.08e-02    -  1.00e+00 1.00e+00H  1
2896  4.6664923e-04 3.37e-08 4.14e-03 -11.0 1.24e-01    -  1.00e+00 1.56e-02h  7
2897  4.5722775e-04 4.45e-08 4.01e-03 -11.0 2.14e-01    -  1.00e+00 1.56e-02h  7
2898  4.5532901e-04 5.32e-08 4.05e-03 -11.0 3.09e+00    -  1.00e+00 4.88e-04h 12
2899  4.5374876e-04 5.65e-08 4.00e-03 -11.0 1.16e+00    -  1.00e+00 9.77e-04h 11
iter    objective    inf_pr   inf_du lg(mu)  ||d||  lg(rg) alpha_du alpha_pr  ls
2900  4.4511326e-04 1.08e-07 4.27e-03 -11.0 3.41e-01    -  1.00e+00 1.56e-02h  7
2901  3.3917862e-04 8.01e-06 1.03e-02 -11.0 2.28e-01    -  1.00e+00 2.50e-01h  3
2902  3.1730327e-04 3.00e-05 1.94e-02 -11.0 1.42e-01    -  1.00e+00 2.50e-01h  3
2903  3.1573947e-04 3.01e-05 4.64e-02 -11.0 2.44e-01    -  1.00e+00 2.50e-01h  3
2904  3.1439631e-04 3.07e-05 4.70e-02 -11.0 3.26e+00    -  1.00e+00 3.91e-03h  9
2905  3.3456235e-04 5.02e-06 2.34e-02 -11.0 4.29e-02    -  1.00e+00 1.00e+00h  1
2906  3.3149964e-04 6.87e-06 2.57e-02 -11.0 7.09e-01    -  1.00e+00 3.12e-02h  6
2907  3.3556554e-04 9.83e-06 3.24e-02 -11.0 1.02e+00    -  1.00e+00 3.12e-02h  6
2908  3.3780263e-04 1.48e-05 3.36e-02 -11.0 5.51e-01    -  1.00e+00 6.25e-02h  5
2909  3.2587724e-04 1.41e-05 3.16e-02 -11.0 1.55e-01    -  1.00e+00 1.25e-01h  4
iter    objective    inf_pr   inf_du lg(mu)  ||d||  lg(rg) alpha_du alpha_pr  ls
2910  3.2155382e-04 1.42e-05 3.14e-02 -11.0 1.24e-01    -  1.00e+00 1.56e-02h  7
2911  2.9962914e-04 1.48e-05 2.85e-02 -11.0 8.03e-02    -  1.00e+00 1.00e+00h  1
2912  3.1577985e-04 1.54e-05 3.26e-02 -11.0 3.75e-01    -  1.00e+00 1.56e-02h  7
2913  3.0003281e-04 8.62e-07 1.28e-02 -11.0 4.05e-03    -  1.00e+00 1.00e+00h  1
2914  3.2537594e-04 6.89e-08 5.32e-03 -11.0 2.59e-02    -  1.00e+00 1.00e+00H  1
2915  3.2389267e-04 1.03e-08 1.57e-03 -11.0 6.66e-03    -  1.00e+00 1.00e+00H  1
2916  3.4061919e-04 4.34e-10 2.75e-03 -11.0 3.43e-02    -  1.00e+00 1.00e+00H  1
2917  3.8376817e-04 9.18e-10 2.43e-03 -11.0 3.77e-02    -  1.00e+00 1.00e+00H  1
2918  3.8213680e-04 1.11e-09 2.38e-03 -11.0 2.50e-01    -  1.00e+00 1.95e-03h 10
2919  3.8121362e-04 1.60e-09 2.37e-03 -11.0 2.23e-02    -  1.00e+00 3.91e-03h  9
iter    objective    inf_pr   inf_du lg(mu)  ||d||  lg(rg) alpha_du alpha_pr  ls
2920  3.1637942e-04 6.45e-08 1.17e-03 -11.0 1.78e-02    -  1.00e+00 1.00e+00F  1
2921  3.1777530e-04 7.34e-09 1.28e-03 -11.0 1.67e-02    -  1.00e+00 1.00e+00H  1
2922  3.1068949e-04 4.13e-08 4.78e-03 -11.0 1.13e-01    -  1.00e+00 6.25e-02h  5
2923  6.1307194e-04 2.01e-10 7.01e-03 -11.0 2.48e-02    -  1.00e+00 1.00e+00H  1
2924  3.1156557e-04 3.55e-08 9.61e-04 -11.0 1.18e-02    -  1.00e+00 1.00e+00F  1
2925  3.0634692e-04 7.51e-09 8.85e-04 -11.0 1.08e-02    -  1.00e+00 1.00e+00H  1
2926  3.1330766e-04 2.35e-10 1.27e-03 -11.0 8.45e-03    -  1.00e+00 1.00e+00H  1
2927  3.1224165e-04 2.86e-10 1.52e-03 -11.0 9.58e-03    -  1.00e+00 1.00e+00H  1
2928  4.1308582e-04 9.66e-12 3.72e-03 -11.0 1.16e-02    -  1.00e+00 1.00e+00H  1
2929  3.0054966e-04 4.84e-09 4.26e-04 -11.0 2.16e-03    -  1.00e+00 1.00e+00F  1
iter    objective    inf_pr   inf_du lg(mu)  ||d||  lg(rg) alpha_du alpha_pr  ls
2930  2.9921006e-04 3.34e-08 5.97e-04 -11.0 1.78e-03    -  1.00e+00 1.00e+00h  1
2931  2.9926641e-04 7.23e-10 1.19e-04 -11.0 4.53e-04    -  1.00e+00 1.00e+00h  1
2932  2.9923721e-04 3.34e-09 6.10e-05 -11.0 2.04e-04    -  1.00e+00 1.00e+00h  1
2933  2.9920163e-04 2.93e-09 3.37e-05 -11.0 2.89e-04    -  1.00e+00 1.00e+00h  1
2934  2.9919751e-04 1.61e-10 2.65e-05 -11.0 8.77e-05    -  1.00e+00 1.00e+00h  1
2935  2.9919261e-04 1.14e-10 2.83e-05 -11.0 1.38e-04    -  1.00e+00 1.00e+00h  1
2936  2.9918474e-04 1.03e-10 1.60e-05 -11.0 8.02e-05    -  1.00e+00 1.00e+00h  1
2937  2.9918890e-04 9.62e-14 6.39e-05 -11.0 2.98e-04    -  1.00e+00 1.00e+00H  1
2938  2.9925196e-04 9.64e-14 2.19e-04 -11.0 2.45e-03    -  1.00e+00 1.00e+00H  1
2939  2.9925175e-04 1.39e-13 2.19e-04 -11.0 1.11e-02    -  1.00e+00 1.22e-04h 14
iter    objective    inf_pr   inf_du lg(mu)  ||d||  lg(rg) alpha_du alpha_pr  ls
2940  2.9897430e-04 5.56e-09 1.16e-04 -11.0 5.62e-04    -  1.00e+00 1.00e+00h  1
2941  2.9896517e-04 1.60e-08 1.65e-04 -11.0 1.95e-03    -  1.00e+00 1.00e+00h  1
2942  2.9873363e-04 1.42e-07 2.76e-04 -11.0 4.69e-02    -  1.00e+00 1.25e-01h  4
2943  2.9740376e-04 7.02e-06 1.35e-03 -11.0 5.40e+00    -  1.00e+00 7.81e-03h  8
2944  2.9706328e-04 7.36e-06 1.47e-03 -11.0 2.02e+01    -  1.00e+00 4.88e-04h 12
2945  2.9652500e-04 1.38e-05 1.81e-03 -11.0 2.85e+00    -  1.00e+00 1.56e-02h  7
2946  2.9632521e-04 1.57e-05 1.67e-03 -11.0 2.60e+01    -  1.00e+00 9.77e-04h 11
2947  2.9447609e-04 3.30e-05 2.70e-03 -11.0 3.78e+01    -  1.00e+00 1.95e-03h 10
2948  2.9425647e-04 3.32e-05 2.53e-03 -11.0 1.78e+01    -  1.00e+00 4.88e-04h 12
2949  2.9438912e-04 3.29e-05 1.97e-03 -11.0 2.54e-01    -  1.00e+00 1.56e-02h  7
iter    objective    inf_pr   inf_du lg(mu)  ||d||  lg(rg) alpha_du alpha_pr  ls
2950  2.9396055e-04 4.11e-05 2.58e-03 -11.0 1.11e-01    -  1.00e+00 1.25e-01h  4
2951  2.9458900e-04 4.12e-05 2.47e-03 -11.0 2.82e-01    -  1.00e+00 3.12e-02h  6
2952  3.5381675e-03 1.16e-03 2.56e-02 -11.0 6.72e-01    -  1.00e+00 1.00e+00w  1
2953  2.5181565e-02 6.17e-03 1.98e-01 -11.0 1.01e+00    -  1.00e+00 1.00e+00w  1
2954  5.7211188e-01 2.08e-01 2.25e+00 -11.0 2.51e+00    -  1.00e+00 1.00e+00w  1
2955  2.8859535e-04 4.16e-05 2.75e-03 -11.0 2.88e+00    -  1.00e+00 6.25e-02h  4
2956  2.8993703e-04 4.04e-05 3.06e-03 -11.0 1.93e-01    -  1.00e+00 3.12e-02h  6
2957  2.9270747e-04 3.62e-05 1.96e-03 -11.0 3.50e-02    -  1.00e+00 1.25e-01h  4
2958  2.9240406e-04 2.72e-05 2.19e-03 -11.0 1.14e-02    -  1.00e+00 2.50e-01h  3
2959  2.8463677e-04 1.51e-06 9.36e-04 -11.0 9.55e-03    -  1.00e+00 1.00e+00h  1
iter    objective    inf_pr   inf_du lg(mu)  ||d||  lg(rg) alpha_du alpha_pr  ls
2960  2.8437517e-04 1.82e-06 2.09e-03 -11.0 4.31e-02    -  1.00e+00 1.25e-01h  4
2961  2.9255092e-04 1.56e-06 4.83e-03 -11.0 1.12e-02    -  1.00e+00 5.00e-01h  2
2962  2.8706848e-04 1.79e-06 1.76e-03 -11.0 5.20e-03    -  1.00e+00 1.00e+00h  1
2963  2.8063024e-04 6.30e-07 5.92e-04 -11.0 3.91e-03    -  1.00e+00 1.00e+00h  1
2964  2.8495263e-04 1.02e-08 1.23e-03 -11.0 3.97e-03    -  1.00e+00 1.00e+00H  1
2965  2.8483369e-04 2.41e-07 8.13e-04 -11.0 2.92e-03    -  1.00e+00 1.00e+00h  1
2966  2.8033106e-04 1.03e-07 2.21e-03 -11.0 2.87e-03    -  1.00e+00 1.00e+00h  1
2967  2.8029122e-04 8.83e-08 1.20e-03 -11.0 1.87e-03    -  1.00e+00 5.00e-01h  2
2968  2.7922694e-04 3.43e-08 2.77e-04 -11.0 1.10e-03    -  1.00e+00 1.00e+00h  1
2969  2.7916685e-04 3.86e-08 2.00e-04 -11.0 1.12e-03    -  1.00e+00 1.00e+00h  1
iter    objective    inf_pr   inf_du lg(mu)  ||d||  lg(rg) alpha_du alpha_pr  ls
2970  2.7906045e-04 1.54e-08 3.14e-04 -11.0 8.16e-04    -  1.00e+00 1.00e+00h  1
2971  2.7893567e-04 4.84e-08 2.09e-04 -11.0 1.09e-03    -  1.00e+00 1.00e+00h  1
2972  2.7871956e-04 3.95e-08 1.48e-04 -11.0 1.07e-03    -  1.00e+00 1.00e+00h  1
2973  2.8147148e-04 2.78e-08 5.87e-04 -11.0 1.25e-03    -  1.00e+00 1.00e+00h  1
2974  2.7864110e-04 2.94e-08 3.46e-05 -11.0 1.01e-03    -  1.00e+00 1.00e+00h  1
2975  2.7866014e-04 1.92e-10 5.36e-05 -11.0 9.48e-05    -  1.00e+00 1.00e+00h  1
2976  2.7862851e-04 8.16e-11 1.47e-05 -11.0 4.27e-05    -  1.00e+00 1.00e+00h  1
2977  2.7862618e-04 9.32e-12 1.45e-05 -11.0 1.41e-05    -  1.00e+00 1.00e+00h  1
2978  2.8105020e-04 5.02e-12 5.65e-04 -11.0 2.01e-03    -  1.00e+00 1.00e+00H  1
2979  2.7875872e-04 9.46e-12 2.18e-04 -11.0 8.74e-04    -  1.00e+00 1.00e+00H  1
iter    objective    inf_pr   inf_du lg(mu)  ||d||  lg(rg) alpha_du alpha_pr  ls
2980  2.7897344e-04 1.82e-12 2.83e-04 -11.0 1.10e-03    -  1.00e+00 1.00e+00H  1
2981  2.7849423e-04 7.08e-09 4.15e-05 -11.0 6.48e-04    -  1.00e+00 1.00e+00h  1
2982  2.7856938e-04 4.82e-09 1.52e-04 -11.0 7.60e-04    -  1.00e+00 5.00e-01h  2
2983  2.7843056e-04 2.91e-08 3.24e-05 -11.0 6.67e-04    -  1.00e+00 1.00e+00h  1
2984  2.7918768e-04 3.56e-14 2.95e-04 -11.0 9.00e-04    -  1.00e+00 1.00e+00H  1
2985  2.7840310e-04 4.78e-09 2.37e-05 -11.0 5.21e-04    -  1.00e+00 1.00e+00h  1
2986  2.7839210e-04 1.89e-10 2.13e-05 -11.0 1.37e-04    -  1.00e+00 1.00e+00h  1
2987  2.7838463e-04 4.55e-10 4.34e-05 -11.0 6.59e-03    -  1.00e+00 3.12e-02h  6
2988  2.7848298e-04 6.27e-11 2.38e-04 -11.0 4.90e-03    -  1.00e+00 1.00e+00H  1
2989  2.7847676e-04 1.03e-10 2.37e-04 -11.0 1.47e-01    -  1.00e+00 4.88e-04h 12
iter    objective    inf_pr   inf_du lg(mu)  ||d||  lg(rg) alpha_du alpha_pr  ls
2990  2.7847226e-04 1.32e-10 2.35e-04 -11.0 2.31e-01    -  1.00e+00 2.44e-04h 13
2991  2.7846671e-04 1.55e-10 2.34e-04 -11.0 1.13e-01    -  1.00e+00 4.88e-04h 12
2992  2.7845588e-04 1.66e-10 2.32e-04 -11.0 1.81e-02    -  1.00e+00 3.91e-03h  9
2993  2.7745930e-04 2.51e-06 1.72e-03 -11.0 1.02e-01    -  1.00e+00 2.50e-01h  3
2994  2.7742716e-04 2.57e-06 1.95e-03 -11.0 3.54e+00    -  1.00e+00 9.77e-04h 11
2995  2.7718197e-04 3.95e-06 2.76e-03 -11.0 1.25e-01    -  1.00e+00 1.25e-01h  4
2996  2.7716507e-04 3.94e-06 2.63e-03 -11.0 5.98e-01    -  1.00e+00 3.91e-03h  9
2997  2.7706001e-04 3.89e-06 2.40e-03 -11.0 1.10e-01    -  1.00e+00 3.12e-02h  6
2998  2.7728588e-04 3.82e-06 2.44e-03 -11.0 1.05e-01    -  1.00e+00 3.12e-02h  6
2999  4.6437951e-04 1.78e-05 5.25e-03 -11.0 4.80e-02    -  1.00e+00 1.00e+00w  1
iter    objective    inf_pr   inf_du lg(mu)  ||d||  lg(rg) alpha_du alpha_pr  ls
3000  3.6342991e-04 6.20e-05 5.37e-03 -11.0 5.05e-02    -  1.00e+00 1.00e+00w  1

Number of Iterations....: 3000

                                   (scaled)                 (unscaled)
Objective...............:   2.7728588069812743e-04    2.7728588069812743e-04
Dual infeasibility......:   2.4429282191196946e-03    2.4429282191196946e-03
Constraint violation....:   3.8219321741064761e-06    3.8219321741064761e-06
Variable bound violation:   0.0000000000000000e+00    0.0000000000000000e+00
Complementarity.........:   0.0000000000000000e+00    0.0000000000000000e+00
Overall NLP error.......:   4.5518012334152971e-04    2.4429282191196946e-03


Number of objective function evaluations             = 15048
Number of objective gradient evaluations             = 3002
Number of equality constraint evaluations            = 15319
Number of inequality constraint evaluations          = 0
Number of equality constraint Jacobian evaluations   = 3005
Number of inequality constraint Jacobian evaluations = 0
Number of Lagrangian Hessian evaluations             = 0
Total seconds in IPOPT                               = 1541.544

EXIT: Maximum Number of Iterations Exceeded.
shapovalova [1549s]  loss=0.000277
  [final]  nrmse=0.5511  l2=0.006769
saved /orcd/home/002/txenakis/projects/BVPsolver/src/../data/runs/run_a1reChoq/rober_fit.png
saved /orcd/home/002/txenakis/projects/BVPsolver/src/../data/runs/run_a1reChoq/rober_spectral_fit.png
┌ Warning: Attempting to store StiffNN.var"#12#13"{Float64, Float64, Float64}.
│ JLD2 only stores functions by name.
│  This may not be useful for anonymous functions.
└ @ JLD2 ~/.julia/packages/JLD2/ADycq/src/data/writing_datatypes.jl:447
saved run → /orcd/home/002/txenakis/projects/BVPsolver/src/../data/runs/run_a1reChoq
