vanderpol  model=stiff d=2 tlen=151 profile=fast seed=14  solver=Kvaerno5  N=268
  derivmatch lr=0.01 iter=170/3400 loss=4.889
  derivmatch lr=0.01 iter=340/3400 loss=4.678
  derivmatch lr=0.01 iter=510/3400 loss=6.333
  derivmatch lr=0.01 iter=680/3400 loss=3.333
  derivmatch lr=0.01 iter=850/3400 loss=4.311
  derivmatch lr=0.01 iter=1020/3400 loss=1.933
  derivmatch lr=0.01 iter=1190/3400 loss=1.495
  derivmatch lr=0.01 iter=1360/3400 loss=4.87
  derivmatch lr=0.01 iter=1530/3400 loss=4.474
  derivmatch lr=0.01 iter=1700/3400 loss=1.207
  derivmatch lr=0.01 iter=1870/3400 loss=5.285
  derivmatch lr=0.01 iter=2040/3400 loss=3.264
  derivmatch lr=0.01 iter=2210/3400 loss=3.245
  derivmatch lr=0.01 iter=2380/3400 loss=2.7
  derivmatch lr=0.01 iter=2550/3400 loss=1.44
  derivmatch lr=0.01 iter=2720/3400 loss=1.196
  derivmatch lr=0.01 iter=2890/3400 loss=0.9606
  derivmatch lr=0.01 iter=3060/3400 loss=0.7694
  derivmatch lr=0.01 iter=3230/3400 loss=0.302
  derivmatch lr=0.01 iter=3400/3400 loss=0.4874
  derivmatch lr=0.01 iter=3400/3400 loss=0.1462
  derivmatch lr=0.003 iter=125/2500 loss=0.07684
  derivmatch lr=0.003 iter=250/2500 loss=0.08231
  derivmatch lr=0.003 iter=375/2500 loss=0.07192
  derivmatch lr=0.003 iter=500/2500 loss=0.06428
  derivmatch lr=0.003 iter=625/2500 loss=0.05577
  derivmatch lr=0.003 iter=750/2500 loss=0.05105
  derivmatch lr=0.003 iter=875/2500 loss=0.04491
  derivmatch lr=0.003 iter=1000/2500 loss=0.04201
  derivmatch lr=0.003 iter=1125/2500 loss=0.03775
  derivmatch lr=0.003 iter=1250/2500 loss=0.03644
  derivmatch lr=0.003 iter=1375/2500 loss=0.0336
  derivmatch lr=0.003 iter=1500/2500 loss=0.03328
  derivmatch lr=0.003 iter=1625/2500 loss=0.03119
  derivmatch lr=0.003 iter=1750/2500 loss=0.03136
  derivmatch lr=0.003 iter=1875/2500 loss=0.03381
  derivmatch lr=0.003 iter=2000/2500 loss=0.03864
  derivmatch lr=0.003 iter=2125/2500 loss=0.02711
  derivmatch lr=0.003 iter=2250/2500 loss=0.02775
  derivmatch lr=0.003 iter=2375/2500 loss=0.02843
  derivmatch lr=0.003 iter=2500/2500 loss=0.03111
  derivmatch lr=0.003 iter=2500/2500 loss=0.02397
  derivmatch lr=0.001 iter=125/2500 loss=0.007561
  derivmatch lr=0.001 iter=250/2500 loss=0.007269
  derivmatch lr=0.001 iter=375/2500 loss=0.006928
  derivmatch lr=0.001 iter=500/2500 loss=0.006547
  derivmatch lr=0.001 iter=625/2500 loss=0.00614
  derivmatch lr=0.001 iter=750/2500 loss=0.01443
  derivmatch lr=0.001 iter=875/2500 loss=0.01112
  derivmatch lr=0.001 iter=1000/2500 loss=0.005017
  derivmatch lr=0.001 iter=1125/2500 loss=0.004642
  derivmatch lr=0.001 iter=1250/2500 loss=0.005405
  derivmatch lr=0.001 iter=1375/2500 loss=0.006421
  derivmatch lr=0.001 iter=1500/2500 loss=0.003872
  derivmatch lr=0.001 iter=1625/2500 loss=0.003212
  derivmatch lr=0.001 iter=1750/2500 loss=0.01087
  derivmatch lr=0.001 iter=1875/2500 loss=0.003684
  derivmatch lr=0.001 iter=2000/2500 loss=0.006915
  derivmatch lr=0.001 iter=2125/2500 loss=0.004846
  derivmatch lr=0.001 iter=2250/2500 loss=0.003546
  derivmatch lr=0.001 iter=2375/2500 loss=0.005872
  derivmatch lr=0.001 iter=2500/2500 loss=0.003613
  derivmatch lr=0.001 iter=2500/2500 loss=0.00297
  derivmatch lr=0.0003 iter=80/1600 loss=0.002938
  derivmatch lr=0.0003 iter=160/1600 loss=0.002887
  derivmatch lr=0.0003 iter=240/1600 loss=0.00283
  derivmatch lr=0.0003 iter=320/1600 loss=0.002768
  derivmatch lr=0.0003 iter=400/1600 loss=0.002702
  derivmatch lr=0.0003 iter=480/1600 loss=0.002634
  derivmatch lr=0.0003 iter=560/1600 loss=0.002564
  derivmatch lr=0.0003 iter=640/1600 loss=0.002494
  derivmatch lr=0.0003 iter=720/1600 loss=0.002423
  derivmatch lr=0.0003 iter=800/1600 loss=0.002351
  derivmatch lr=0.0003 iter=880/1600 loss=0.002289
  derivmatch lr=0.0003 iter=960/1600 loss=0.002226
  derivmatch lr=0.0003 iter=1040/1600 loss=0.00216
  derivmatch lr=0.0003 iter=1120/1600 loss=0.002099
  derivmatch lr=0.0003 iter=1200/1600 loss=0.003569
  derivmatch lr=0.0003 iter=1280/1600 loss=0.001988
  derivmatch lr=0.0003 iter=1360/1600 loss=0.00193
  derivmatch lr=0.0003 iter=1440/1600 loss=0.002148
  derivmatch lr=0.0003 iter=1520/1600 loss=0.001826
  derivmatch lr=0.0003 iter=1600/1600 loss=0.002709
  derivmatch lr=0.0003 iter=1600/1600 loss=0.001784
derivative matching [36s]  fitloss=0.00178
  [derivative matching]  nrmse=0.3433  l2=325.2

******************************************************************************
This program contains Ipopt, a library for large-scale nonlinear optimization.
 Ipopt is released as open source code under the Eclipse Public License (EPL).
         For more information visit https://github.com/coin-or/Ipopt
******************************************************************************

This is Ipopt version 3.14.19, running with linear solver MUMPS 5.9.0.

Number of nonzeros in equality constraint Jacobian...:   126842
Number of nonzeros in inequality constraint Jacobian.:        0
Number of nonzeros in Lagrangian Hessian.............:        0

Total number of variables............................:      570
                     variables with only lower bounds:        0
                variables with lower and upper bounds:        0
                     variables with only upper bounds:        0
Total number of equality constraints.................:      304
Total number of inequality constraints...............:        0
        inequality constraints with only lower bounds:        0
   inequality constraints with lower and upper bounds:        0
        inequality constraints with only upper bounds:        0

iter    objective    inf_pr   inf_du lg(mu)  ||d||  lg(rg) alpha_du alpha_pr  ls
   0  1.9707594e-04 1.26e+00 1.13e-05   0.0 0.00e+00    -  0.00e+00 0.00e+00   0
   1  3.5819392e-02 1.35e+00 2.07e+00 -11.0 1.91e+00    -  1.00e+00 6.25e-02h  5
   2  8.1735790e-02 1.33e+00 2.39e+00 -11.0 1.27e+00    -  1.00e+00 6.25e-02h  5
   3  1.4532022e-01 1.07e+00 5.19e+00 -11.0 1.01e+00    -  1.00e+00 6.25e-02h  5
   4  2.2024843e-01 9.91e-01 7.99e+00 -11.0 8.62e-01    -  1.00e+00 6.25e-02h  5
   5  2.3882699e-01 9.55e-01 8.60e+00 -11.0 9.79e-01    -  1.00e+00 1.56e-02h  7
   6  2.4879212e-01 9.47e-01 8.69e+00 -11.0 8.41e-01    -  1.00e+00 7.81e-03h  8
   7  2.6868804e-01 9.31e-01 9.90e+00 -11.0 1.02e+00    -  1.00e+00 1.56e-02h  7
   8  3.1250192e-01 9.05e-01 1.21e+01 -11.0 1.03e+00    -  1.00e+00 3.12e-02h  6
   9  4.1608738e-01 9.44e-01 1.45e+01 -11.0 7.78e-01    -  1.00e+00 6.25e-02h  5
iter    objective    inf_pr   inf_du lg(mu)  ||d||  lg(rg) alpha_du alpha_pr  ls
  10  6.6731907e-01 8.04e-01 1.79e+01 -11.0 9.59e-01    -  1.00e+00 1.25e-01h  4
  11  4.2075086e+00 2.08e+01 2.91e+01 -11.0 8.68e-01    -  1.00e+00 1.00e+00w  1
  12  2.2845460e+00 1.47e+03 3.54e+02 -11.0 1.23e+00    -  1.00e+00 1.00e+00w  1
  13  1.3741961e+00 7.92e+01 3.55e+01 -11.0 6.88e-01    -  1.00e+00 1.00e+00w  1
  14  6.9829487e-01 7.91e-01 1.81e+01 -11.0 7.58e-01    -  1.00e+00 1.56e-02h  6
  15  9.7190846e-01 6.76e-01 2.13e+01 -11.0 8.28e-01    -  1.00e+00 1.25e-01h  4
  16  1.0036005e+00 6.65e-01 2.15e+01 -11.0 7.36e-01    -  1.00e+00 1.56e-02h  7
  17  1.0353243e+00 6.54e-01 2.16e+01 -11.0 7.23e-01    -  1.00e+00 1.56e-02h  7
  18  1.0670708e+00 6.44e-01 2.18e+01 -11.0 7.10e-01    -  1.00e+00 1.56e-02h  7
  19  1.6390206e+00 8.89e-01 3.06e+01 -11.0 6.74e-01    -  1.00e+00 2.50e-01h  3
iter    objective    inf_pr   inf_du lg(mu)  ||d||  lg(rg) alpha_du alpha_pr  ls
  20  1.6961859e+00 8.78e-01 3.10e+01 -11.0 5.05e-01    -  1.00e+00 3.12e-02h  6
  21  1.7522570e+00 8.69e-01 3.13e+01 -11.0 4.87e-01    -  1.00e+00 3.12e-02h  6
  22  1.8071980e+00 8.63e-01 3.16e+01 -11.0 4.70e-01    -  1.00e+00 3.12e-02h  6
  23  2.0247835e+00 1.20e+00 3.61e+01 -11.0 4.36e-01    -  1.00e+00 1.25e-01h  4
  24  3.8437530e+00 1.07e+01 8.50e+01 -11.0 3.79e-01    -  1.00e+00 1.00e+00w  1
  25  3.0795593e+00 5.16e+01 1.26e+02 -11.0 2.59e-01    -  1.00e+00 1.00e+00w  1
  26  2.6192925e+00 1.29e+01 4.43e+01 -11.0 1.91e-01    -  1.00e+00 1.00e+00w  1
  27  2.0710941e+00 1.21e+00 3.67e+01 -11.0 1.29e-01    -  1.00e+00 3.12e-02h  5
  28  2.0900188e+00 1.20e+00 3.77e+01 -11.0 4.97e-01    -  1.00e+00 1.56e-02h  7
  29  2.1086381e+00 1.20e+00 3.86e+01 -11.0 4.96e-01    -  1.00e+00 1.56e-02h  7
iter    objective    inf_pr   inf_du lg(mu)  ||d||  lg(rg) alpha_du alpha_pr  ls
  30  2.1269486e+00 1.19e+00 3.96e+01 -11.0 5.00e-01    -  1.00e+00 1.56e-02h  7
  31  2.2161406e+00 1.45e+00 4.18e+01 -11.0 3.09e-01    -  1.00e+00 6.25e-02h  5
  32  2.2359306e+00 1.46e+00 4.20e+01 -11.0 2.93e-01    -  1.00e+00 1.56e-02h  7
  33  2.2554064e+00 1.47e+00 4.22e+01 -11.0 2.94e-01    -  1.00e+00 1.56e-02h  7
  34  2.2745683e+00 1.49e+00 4.24e+01 -11.0 2.96e-01    -  1.00e+00 1.56e-02h  7
  35  2.3142389e+00 1.59e+00 4.35e+01 -11.0 2.85e-01    -  1.00e+00 3.12e-02h  6
  36  2.3327713e+00 1.60e+00 4.35e+01 -11.0 2.58e-01    -  1.00e+00 1.56e-02h  7
  37  5.5289027e+00 1.59e+02 3.29e+02 -11.0 1.07e+00    -  1.00e+00 1.00e+00w  1
  38  8.5768771e+00 3.36e+01 5.04e+02 -11.0 5.33e-01    -  1.00e+00 1.00e+00w  1
  39  7.1232027e+00 2.00e+01 2.89e+03 -11.0 5.81e-01    -  1.00e+00 1.00e+00w  1
iter    objective    inf_pr   inf_du lg(mu)  ||d||  lg(rg) alpha_du alpha_pr  ls
  40  2.3316367e+00 1.61e+00 4.49e+01 -11.0 3.35e-01    -  1.00e+00 7.81e-03h  7
  41  2.3308589e+00 1.61e+00 4.62e+01 -11.0 1.02e+00    -  1.00e+00 7.81e-03h  8
  42  2.3572477e+00 1.73e+00 4.86e+01 -11.0 4.25e-01    -  1.00e+00 3.12e-02h  6
  43  2.3410988e+00 1.73e+00 5.21e+01 -11.0 1.12e+02    -  1.00e+00 1.22e-04h 14
  44  2.3148468e+00 1.72e+00 5.92e+01 -11.0 2.74e+01    -  1.00e+00 9.77e-04h 11
  45  2.3001230e+00 1.72e+00 6.44e+01 -11.0 9.51e+00    -  1.00e+00 1.95e-03h 10
  46  2.2961169e+00 1.72e+00 6.61e+01 -11.0 5.97e+00    -  1.00e+00 9.77e-04h 11
  47  2.3520608e+00 1.61e+00 6.68e+01 -11.0 4.12e-01    -  1.00e+00 6.25e-02h  5
  48  2.3995540e+00 1.56e+00 6.77e+01 -11.0 3.74e-01    -  1.00e+00 6.25e-02h  5
  49  2.4103590e+00 1.54e+00 6.78e+01 -11.0 3.26e-01    -  1.00e+00 1.56e-02h  7
iter    objective    inf_pr   inf_du lg(mu)  ||d||  lg(rg) alpha_du alpha_pr  ls
  50  3.5702430e+00 1.23e+01 1.05e+02 -11.0 3.13e-01    -  1.00e+00 1.00e+00w  1
  51  2.2834968e+00 2.92e+02 1.54e+01 -11.0 1.17e+00    -  1.00e+00 1.00e+00h  1
  52  1.5298348e+00 3.20e+01 2.26e+01 -11.0 3.58e-01    -  1.00e+00 1.00e+00h  1
  53  1.4160076e+00 5.48e+00 7.40e+00 -11.0 5.29e-01    -  1.00e+00 1.00e+00h  1
  54  1.2616395e+00 3.94e+00 1.41e+01 -11.0 4.47e-01    -  1.00e+00 1.00e+00h  1
  55  1.2767542e+00 3.06e+00 1.33e+01 -11.0 5.58e-01    -  1.00e+00 2.50e-01h  3
  56  1.2706087e+00 3.11e+00 1.40e+01 -11.0 6.70e-01    -  1.00e+00 2.50e-01h  3
  57  1.1829159e+00 1.63e+00 3.70e+01 -11.0 4.13e-01    -  1.00e+00 5.00e-01h  2
  58  1.0210025e+00 1.88e+00 6.94e+01 -11.0 7.01e-01    -  1.00e+00 5.00e-01h  2
  59  8.6833667e-01 8.19e-01 3.94e+01 -11.0 3.50e-01    -  1.00e+00 5.00e-01h  2
iter    objective    inf_pr   inf_du lg(mu)  ||d||  lg(rg) alpha_du alpha_pr  ls
  60  1.0430572e+00 1.09e+00 4.20e+02 -11.0 2.08e-01    -  1.00e+00 1.00e+00h  1
  61  8.8594774e-01 1.29e+00 8.67e+01 -11.0 1.74e-01    -  1.00e+00 1.00e+00h  1
  62  8.5032640e-01 1.33e+00 3.22e+01 -11.0 4.99e-01    -  1.00e+00 5.00e-01h  2
  63  6.9411304e-01 1.34e+00 1.38e+02 -11.0 2.27e-01    -  1.00e+00 1.00e+00h  1
  64  5.1197355e-01 8.57e-01 8.56e+01 -11.0 3.45e-01    -  1.00e+00 1.00e+00h  1
  65  4.2009419e-01 6.77e-01 4.58e+01 -11.0 2.79e-01    -  1.00e+00 1.00e+00h  1
  66  3.3403689e-01 9.39e-01 1.11e+02 -11.0 1.56e-01    -  1.00e+00 1.00e+00h  1
  67  2.6993226e-01 2.01e-01 8.14e+01 -11.0 1.58e-01    -  1.00e+00 1.00e+00h  1
  68  2.9968666e-01 3.21e-01 9.13e+01 -11.0 1.51e-01    -  1.00e+00 1.00e+00h  1
  69  2.1672262e-01 8.20e-01 5.02e+01 -11.0 1.56e-01    -  1.00e+00 1.00e+00h  1
iter    objective    inf_pr   inf_du lg(mu)  ||d||  lg(rg) alpha_du alpha_pr  ls
  70  1.9883016e-01 9.11e-01 2.83e+01 -11.0 7.24e-01    -  1.00e+00 2.50e-01h  3
  71  1.7265860e-01 9.26e-01 4.66e+01 -11.0 7.06e-01    -  1.00e+00 1.25e-01h  4
  72  1.8136434e-01 9.33e-01 3.36e+01 -11.0 3.23e-01    -  1.00e+00 2.50e-01h  3
  73  1.7095417e-01 1.34e+00 4.13e+01 -11.0 1.02e+01    -  1.00e+00 7.81e-03h  8
  74  1.6062073e-01 1.40e+00 3.24e+01 -11.0 1.06e+01    -  1.00e+00 3.91e-03h  9
  75  1.6027527e-01 1.42e+00 3.39e+01 -11.0 4.71e+00    -  1.00e+00 3.91e-03h  9
  76  1.5902787e-01 1.43e+00 3.17e+01 -11.0 1.31e+01    -  1.00e+00 9.77e-04h 11
  77  1.5856406e-01 1.43e+00 3.19e+01 -11.0 2.01e+00    -  1.00e+00 3.91e-03h  9
  78  1.5243413e-01 2.03e-01 9.23e+00 -11.0 3.94e-02    -  1.00e+00 1.00e+00h  1
  79  1.4298440e-01 3.07e-01 9.77e+00 -11.0 8.84e-02    -  1.00e+00 5.00e-01h  2
iter    objective    inf_pr   inf_du lg(mu)  ||d||  lg(rg) alpha_du alpha_pr  ls
  80  1.3558960e-01 3.09e-02 5.46e+01 -11.0 7.16e-02    -  1.00e+00 1.00e+00h  1
  81  1.2143928e-01 4.27e-02 2.46e+01 -11.0 2.66e-02    -  1.00e+00 1.00e+00h  1
  82  9.7396738e-02 1.19e-01 1.63e+01 -11.0 7.80e-02    -  1.00e+00 1.00e+00h  1
  83  8.1064597e-02 1.23e-01 1.68e+01 -11.0 6.06e-02    -  1.00e+00 1.00e+00h  1
  84  7.6271665e-02 1.58e-02 7.90e+00 -11.0 3.85e-02    -  1.00e+00 1.00e+00h  1
  85  6.8760721e-02 1.38e-02 1.30e+01 -11.0 3.33e-02    -  1.00e+00 1.00e+00H  1
  86  6.5341635e-02 9.59e-02 8.89e+00 -11.0 3.57e-02    -  1.00e+00 1.00e+00h  1
  87  5.5116681e-02 3.95e-02 3.75e+00 -11.0 4.19e-02    -  1.00e+00 1.00e+00h  1
  88  5.1351021e-02 1.04e-01 1.13e+01 -11.0 2.43e-02    -  1.00e+00 1.00e+00h  1
  89  4.9410554e-02 2.35e-02 4.76e+00 -11.0 1.18e-02    -  1.00e+00 1.00e+00h  1
iter    objective    inf_pr   inf_du lg(mu)  ||d||  lg(rg) alpha_du alpha_pr  ls
  90  4.8041826e-02 2.30e-02 3.93e+00 -11.0 1.36e-02    -  1.00e+00 1.00e+00h  1
  91  4.6019283e-02 1.49e-01 4.57e+00 -11.0 4.32e-02    -  1.00e+00 1.00e+00h  1
  92  4.2236924e-02 1.61e-01 4.57e+00 -11.0 5.66e-02    -  1.00e+00 1.00e+00h  1
  93  3.7392119e-02 4.11e-02 2.96e+00 -11.0 1.53e-02    -  1.00e+00 1.00e+00h  1
  94  4.0635673e-02 6.28e-03 3.04e+01 -11.0 2.86e-02    -  1.00e+00 1.00e+00H  1
  95  3.9266557e-02 1.04e-02 2.21e+01 -11.0 4.01e-02    -  1.00e+00 2.50e-01h  3
  96  3.8609526e-02 1.50e-02 2.05e+01 -11.0 2.85e-01    -  1.00e+00 3.12e-02h  6
  97  3.7835857e-02 1.86e-02 1.96e+01 -11.0 1.03e-01    -  1.00e+00 1.25e-01h  4
  98  3.7192830e-02 1.62e-02 3.42e+01 -11.0 2.50e-01    -  1.00e+00 1.25e-01h  4
  99  3.6576806e-02 2.43e-02 2.77e+01 -11.0 1.28e-01    -  1.00e+00 1.25e-01h  4
iter    objective    inf_pr   inf_du lg(mu)  ||d||  lg(rg) alpha_du alpha_pr  ls
 100  3.6095164e-02 2.46e-02 3.28e+01 -11.0 1.10e-01    -  1.00e+00 1.25e-01h  4
 101  3.5743871e-02 5.50e-03 2.95e+00 -11.0 1.60e-02    -  1.00e+00 1.00e+00h  1
 102  3.4555240e-02 2.68e-03 2.92e+00 -11.0 1.09e-02    -  1.00e+00 1.00e+00h  1
 103  3.3628401e-02 1.30e-02 1.46e+00 -11.0 1.69e-02    -  1.00e+00 1.00e+00h  1
 104  3.2652004e-02 1.60e-01 5.96e+00 -11.0 1.24e-01    -  1.00e+00 5.00e-01h  2
 105  2.9807455e-02 2.61e-02 1.60e+00 -11.0 2.48e-02    -  1.00e+00 1.00e+00h  1
 106  3.1388470e-02 1.32e-02 1.08e+01 -11.0 3.50e-02    -  1.00e+00 5.00e-01h  2
 107  3.1381638e-02 3.02e-03 1.72e+00 -11.0 1.72e-02    -  1.00e+00 1.00e+00h  1
 108  3.0729605e-02 2.84e-02 1.44e+00 -11.0 2.86e-02    -  1.00e+00 1.00e+00h  1
 109  3.0173491e-02 2.90e-02 3.08e+00 -11.0 1.15e-01    -  1.00e+00 1.25e-01h  4
iter    objective    inf_pr   inf_du lg(mu)  ||d||  lg(rg) alpha_du alpha_pr  ls
 110  2.9188507e-02 1.47e-01 3.22e+00 -11.0 1.31e-01    -  1.00e+00 5.00e-01h  2
 111  2.8221714e-02 1.53e-01 4.96e+00 -11.0 5.67e-02    -  1.00e+00 1.00e+00h  1
 112  2.7118664e-02 1.15e-01 1.53e+00 -11.0 5.65e-02    -  1.00e+00 1.00e+00h  1
 113  2.9966426e-02 1.32e-02 4.70e+00 -11.0 4.56e-02    -  1.00e+00 1.00e+00h  1
 114  2.8470101e-02 5.59e-02 2.50e+00 -11.0 7.81e-02    -  1.00e+00 5.00e-01h  2
 115  2.7891296e-02 6.06e-02 3.60e+00 -11.0 4.40e-01    -  1.00e+00 6.25e-02h  5
 116  2.7527026e-02 6.25e-02 2.51e+00 -11.0 3.39e-02    -  1.00e+00 1.00e+00h  1
 117  2.7003445e-02 6.14e-02 3.09e+00 -11.0 8.06e-02    -  1.00e+00 2.50e-01h  3
 118  2.6870973e-02 3.84e-02 6.79e+00 -11.0 2.63e-02    -  1.00e+00 5.00e-01h  2
 119  2.6916659e-02 1.36e-03 1.68e+00 -11.0 1.65e-02    -  1.00e+00 1.00e+00h  1
iter    objective    inf_pr   inf_du lg(mu)  ||d||  lg(rg) alpha_du alpha_pr  ls
 120  2.6714803e-02 9.57e-04 1.46e+00 -11.0 7.29e-03    -  1.00e+00 1.00e+00h  1
 121  2.6664377e-02 1.01e-02 1.46e+00 -11.0 1.36e-02    -  1.00e+00 1.00e+00h  1
 122  2.6805040e-02 5.33e-04 4.42e+00 -11.0 1.07e-02    -  1.00e+00 1.00e+00H  1
 123  2.6500837e-02 1.25e-03 1.39e+00 -11.0 8.92e-03    -  1.00e+00 1.00e+00h  1
 124  2.6486548e-02 5.39e-04 4.39e-01 -11.0 2.23e-03    -  1.00e+00 1.00e+00h  1
 125  2.6399072e-02 4.87e-02 4.29e+00 -11.0 1.98e-02    -  1.00e+00 1.00e+00h  1
 126  2.6291446e-02 1.35e-01 1.12e+01 -11.0 4.37e-01    -  1.00e+00 6.25e-02h  5
 127  2.6282991e-02 1.42e-01 1.32e+01 -11.0 1.83e+00    -  1.00e+00 3.91e-03h  9
 128  2.6263558e-02 1.39e-01 1.44e+01 -11.0 1.17e-01    -  1.00e+00 6.25e-02h  5
 129  2.6067249e-02 2.04e-01 1.40e+01 -11.0 1.61e-01    -  1.00e+00 1.25e-01h  4
iter    objective    inf_pr   inf_du lg(mu)  ||d||  lg(rg) alpha_du alpha_pr  ls
 130  2.5888926e-02 9.89e-02 5.50e+00 -11.0 4.68e-02    -  1.00e+00 5.00e-01h  2
 131  2.5766701e-02 1.35e-01 8.02e+00 -11.0 1.66e-01    -  1.00e+00 1.25e-01h  4
 132  2.5687723e-02 1.95e-01 5.79e+00 -11.0 7.00e-01    -  1.00e+00 6.25e-02h  5
 133  2.5575162e-02 2.38e-01 1.17e+00 -11.0 1.74e+00    -  1.00e+00 1.56e-02h  7
 134  2.5568985e-02 2.48e-01 5.53e+00 -11.0 9.87e-01    -  1.00e+00 1.56e-02h  7
 135  2.5326408e-02 2.23e-01 8.78e+00 -11.0 1.37e-01    -  1.00e+00 1.25e-01h  4
 136  2.7475831e-02 6.78e-01 1.85e+01 -11.0 1.05e-01    -  1.00e+00 1.00e+00w  1
 137  1.3886569e-01 2.16e+00 1.06e+01 -11.0 1.77e-01    -  1.00e+00 1.00e+00w  1
 138  8.5702481e-02 2.09e+00 1.16e+02 -11.0 1.82e-01    -  1.00e+00 1.00e+00w  1
 139  2.5133266e-02 2.06e-01 2.42e+00 -11.0 2.22e-01    -  1.00e+00 2.50e-01h  2
iter    objective    inf_pr   inf_du lg(mu)  ||d||  lg(rg) alpha_du alpha_pr  ls
 140  2.4879439e-02 2.17e-01 6.12e+00 -11.0 2.33e-01    -  1.00e+00 1.25e-01h  4
 141  2.5043422e-02 1.96e-01 6.21e+00 -11.0 1.02e-01    -  1.00e+00 1.25e-01h  4
 142  2.4786181e-02 2.75e-01 2.18e+01 -11.0 2.27e-01    -  1.00e+00 2.50e-01h  3
 143  2.4809602e-02 2.12e-01 2.56e+00 -11.0 7.06e-02    -  1.00e+00 5.00e-01h  2
 144  2.4441473e-02 2.23e-01 1.69e+01 -11.0 1.68e-01    -  1.00e+00 2.50e-01h  3
 145  2.4926453e-02 2.45e-03 1.45e+00 -11.0 1.61e-02    -  1.00e+00 1.00e+00h  1
 146  2.5776223e-02 4.90e-03 4.06e+00 -11.0 2.62e-02    -  1.00e+00 1.00e+00h  1
 147  2.5240481e-02 5.33e-03 2.57e+00 -11.0 5.87e-03    -  1.00e+00 1.00e+00h  1
 148  2.4970592e-02 4.70e-03 1.89e+00 -11.0 4.19e-03    -  1.00e+00 1.00e+00h  1
 149  2.4878292e-02 2.42e-03 1.91e+00 -11.0 3.38e-03    -  1.00e+00 1.00e+00h  1
iter    objective    inf_pr   inf_du lg(mu)  ||d||  lg(rg) alpha_du alpha_pr  ls
 150  2.4813137e-02 2.36e-02 2.51e+00 -11.0 1.42e-02    -  1.00e+00 1.00e+00h  1
 151  2.4695741e-02 2.31e-02 1.82e+00 -11.0 1.52e-02    -  1.00e+00 5.00e-01h  2
 152  2.4491637e-02 3.66e-02 4.14e+00 -11.0 2.50e-02    -  1.00e+00 5.00e-01h  2
 153  2.4390469e-02 3.75e-02 5.38e+00 -11.0 4.09e-02    -  1.00e+00 1.25e-01h  4
 154  2.4686523e-02 1.79e-02 4.01e+00 -11.0 1.30e-02    -  1.00e+00 1.00e+00h  1
 155  2.4282205e-02 3.57e-03 7.75e-01 -11.0 1.23e-02    -  1.00e+00 1.00e+00h  1
 156  2.4261403e-02 3.11e-03 1.18e+00 -11.0 1.55e-02    -  1.00e+00 2.50e-01h  3
 157  2.4220578e-02 1.45e-02 5.36e-01 -11.0 1.94e-02    -  1.00e+00 5.00e-01h  2
 158  2.4152706e-02 2.21e-02 8.13e-01 -11.0 3.04e-02    -  1.00e+00 2.50e-01h  3
 159  2.4126389e-02 2.02e-02 7.75e-01 -11.0 3.00e-02    -  1.00e+00 2.50e-01h  3
iter    objective    inf_pr   inf_du lg(mu)  ||d||  lg(rg) alpha_du alpha_pr  ls
 160  2.4100413e-02 4.42e-02 2.18e+00 -11.0 1.63e-02    -  1.00e+00 1.00e+00h  1
 161  2.3880859e-02 2.81e-01 3.59e+00 -11.0 1.33e-01    -  1.00e+00 2.50e-01h  3
 162  2.3836746e-02 2.47e-01 1.50e+00 -11.0 8.11e-02    -  1.00e+00 1.25e-01h  4
 163  2.4044312e-02 1.05e-02 2.35e+00 -11.0 5.13e-02    -  1.00e+00 1.00e+00H  1
 164  2.4217851e-02 1.30e-02 3.05e+00 -11.0 1.54e-01    -  1.00e+00 6.25e-02h  5
 165  2.3371397e-02 4.82e-03 1.72e+00 -11.0 1.12e-02    -  1.00e+00 1.00e+00h  1
 166  2.3264511e-02 3.37e-02 9.62e-01 -11.0 1.45e-02    -  1.00e+00 1.00e+00h  1
 167  2.2965195e-02 1.20e-01 6.59e+00 -11.0 4.51e-02    -  1.00e+00 1.00e+00h  1
 168  2.2712368e-02 1.38e-01 1.07e+01 -11.0 9.66e-01    -  1.00e+00 3.12e-02h  6
 169  2.2689551e-02 2.30e-01 3.27e+01 -11.0 9.54e-01    -  1.00e+00 1.25e-01h  4
iter    objective    inf_pr   inf_du lg(mu)  ||d||  lg(rg) alpha_du alpha_pr  ls
 170  2.2290883e-02 2.43e-01 3.88e+01 -11.0 3.85e+00    -  1.00e+00 1.56e-02h  7
 171  2.2268382e-02 4.78e-01 5.89e+01 -11.0 3.66e+00    -  1.00e+00 3.12e-02h  6
 172  2.2204346e-02 4.39e-01 7.19e+01 -11.0 5.30e+00    -  1.00e+00 1.56e-02h  7
 173  2.0857068e-02 5.27e-01 8.92e+01 -11.0 1.48e+00    -  1.00e+00 6.25e-02h  5
 174  1.9597543e-02 5.23e-01 8.94e+01 -11.0 1.08e+00    -  1.00e+00 1.56e-02h  7
 175  1.7147739e-02 2.15e-01 6.26e+00 -11.0 8.12e-02    -  1.00e+00 1.00e+00h  1
 176  1.5744814e-02 1.31e-01 4.98e+00 -11.0 3.07e-01    -  1.00e+00 1.25e-01h  4
 177  1.5155941e-02 1.49e-01 8.26e+00 -11.0 1.30e-01    -  1.00e+00 2.50e-01h  3
 178  1.8629773e-02 6.32e-02 1.14e+01 -11.0 8.40e-02    -  1.00e+00 1.00e+00H  1
 179  1.6812810e-02 2.04e-02 9.27e+00 -11.0 1.12e-01    -  1.00e+00 2.50e-01h  3
iter    objective    inf_pr   inf_du lg(mu)  ||d||  lg(rg) alpha_du alpha_pr  ls
 180  1.6348163e-02 2.48e-02 7.21e+00 -11.0 1.85e-01    -  1.00e+00 6.25e-02h  5
 181  1.5328374e-02 2.20e-02 4.36e+00 -11.0 2.19e-02    -  1.00e+00 1.00e+00h  1
 182  1.4977856e-02 4.02e-02 2.72e+00 -11.0 6.11e-02    -  1.00e+00 5.00e-01h  2
 183  1.4375876e-02 5.92e-02 6.84e+00 -11.0 8.17e-02    -  1.00e+00 5.00e-01h  2
 184  1.3766623e-02 1.53e-01 7.41e+00 -11.0 9.73e-02    -  1.00e+00 5.00e-01h  2
 185  1.2605016e-02 1.99e-01 8.05e+00 -11.0 9.84e-02    -  1.00e+00 2.50e-01h  3
 186  1.1796183e-02 3.60e-02 4.13e+00 -11.0 1.71e-02    -  1.00e+00 1.00e+00h  1
 187  1.1724003e-02 2.06e-02 2.02e-01 -11.0 1.47e-02    -  1.00e+00 1.00e+00h  1
 188  1.1185876e-02 5.90e-02 3.37e-01 -11.0 2.50e-02    -  1.00e+00 1.00e+00h  1
 189  1.1367436e-02 8.67e-02 1.60e+00 -11.0 4.89e-02    -  1.00e+00 5.00e-01h  2
iter    objective    inf_pr   inf_du lg(mu)  ||d||  lg(rg) alpha_du alpha_pr  ls
 190  1.0651187e-02 2.20e-02 1.68e+00 -11.0 1.45e-02    -  1.00e+00 1.00e+00h  1
 191  1.0516818e-02 8.68e-02 5.33e-01 -11.0 2.73e-02    -  1.00e+00 1.00e+00h  1
 192  9.9117926e-03 6.18e-02 6.44e-01 -11.0 2.19e-02    -  1.00e+00 1.00e+00h  1
 193  9.6642393e-03 7.50e-02 9.17e-01 -11.0 1.36e-01    -  1.00e+00 1.25e-01h  4
 194  9.5848508e-03 5.44e-01 1.01e+00 -11.0 7.65e-02    -  1.00e+00 1.00e+00h  1
 195  9.4069269e-03 6.75e-01 1.92e+00 -11.0 6.90e-01    -  1.00e+00 6.25e-02h  5
 196  9.2622947e-03 6.33e-01 2.24e+00 -11.0 1.72e-01    -  1.00e+00 1.25e-01h  4
 197  9.2867165e-03 3.03e-01 2.05e+00 -11.0 5.09e-02    -  1.00e+00 5.00e-01h  2
 198  9.0400046e-03 2.51e-01 1.17e+00 -11.0 5.44e-02    -  1.00e+00 1.00e+00h  1
 199  1.0259731e-02 1.39e-01 3.48e-01 -11.0 4.89e-02    -  1.00e+00 5.00e-01h  2
iter    objective    inf_pr   inf_du lg(mu)  ||d||  lg(rg) alpha_du alpha_pr  ls
 200  9.0764513e-03 7.02e-02 1.68e-01 -11.0 1.88e-02    -  1.00e+00 1.00e+00h  1
 201  9.3307530e-03 9.27e-03 2.53e-01 -11.0 8.74e-03    -  1.00e+00 1.00e+00h  1
 202  8.7611418e-03 7.24e-03 2.03e-01 -11.0 7.22e-03    -  1.00e+00 1.00e+00h  1
 203  8.7222861e-03 1.10e-03 1.69e-01 -11.0 2.50e-03    -  1.00e+00 1.00e+00h  1
 204  8.7075171e-03 2.92e-04 3.78e-02 -11.0 1.39e-03    -  1.00e+00 1.00e+00h  1
 205  8.6871888e-03 2.90e-04 3.85e-02 -11.0 1.91e-03    -  1.00e+00 1.00e+00h  1
 206  8.7301348e-03 2.27e-04 5.84e-01 -11.0 1.55e-02    -  1.00e+00 1.00e+00H  1
 207  8.6490516e-03 4.16e-02 4.92e-01 -11.0 1.74e-02    -  1.00e+00 1.00e+00h  1
 208  8.6276553e-03 2.50e-02 3.19e-01 -11.0 1.28e-02    -  1.00e+00 5.00e-01h  2
 209  8.5890247e-03 4.27e-03 7.54e-02 -11.0 7.21e-03    -  1.00e+00 1.00e+00h  1
iter    objective    inf_pr   inf_du lg(mu)  ||d||  lg(rg) alpha_du alpha_pr  ls
 210  8.5625771e-03 2.05e-03 4.49e-02 -11.0 2.90e-03    -  1.00e+00 1.00e+00h  1
 211  8.5385344e-03 3.57e-03 7.84e-02 -11.0 5.01e-03    -  1.00e+00 1.00e+00h  1
 212  8.5106596e-03 2.87e-02 1.38e-01 -11.0 4.99e-02    -  1.00e+00 2.50e-01h  3
 213  8.5018887e-03 3.18e-02 1.83e-01 -11.0 4.92e-02    -  1.00e+00 2.50e-01h  3
 214  8.3506319e-03 5.04e-01 5.13e-01 -11.0 1.10e-01    -  1.00e+00 5.00e-01h  2
 215  8.2574171e-03 5.10e-01 7.58e-01 -11.0 5.63e-01    -  1.00e+00 3.12e-02h  6
 216  8.3284975e-03 4.51e-01 6.05e-01 -11.0 1.19e-01    -  1.00e+00 1.25e-01h  4
 217  8.1551130e-03 3.75e-01 1.64e+00 -11.0 8.26e-02    -  1.00e+00 5.00e-01h  2
 218  8.1715665e-03 3.43e-01 8.77e-01 -11.0 1.06e-01    -  1.00e+00 1.25e-01h  4
 219  8.4046469e-03 6.14e-03 1.24e+00 -11.0 1.58e-02    -  1.00e+00 1.00e+00h  1
iter    objective    inf_pr   inf_du lg(mu)  ||d||  lg(rg) alpha_du alpha_pr  ls
 220  7.9535698e-03 2.24e-03 3.57e-01 -11.0 1.12e-02    -  1.00e+00 1.00e+00h  1
 221  7.9159089e-03 2.00e-03 1.44e-01 -11.0 4.78e-03    -  1.00e+00 1.00e+00h  1
 222  7.8989369e-03 3.12e-02 1.21e-01 -11.0 7.43e-02    -  1.00e+00 2.50e-01h  3
 223  7.8908479e-03 8.51e-02 3.41e-01 -11.0 1.96e-01    -  1.00e+00 1.25e-01h  4
 224  7.8468548e-03 1.72e-01 4.95e-01 -11.0 5.15e-01    -  1.00e+00 6.25e-02h  5
 225  7.7746438e-03 2.07e-01 8.50e-01 -11.0 4.07e-01    -  1.00e+00 6.25e-02h  5
 226  7.7401907e-03 2.18e-01 1.10e+00 -11.0 1.93e+00    -  1.00e+00 7.81e-03h  8
 227  7.7253741e-03 2.04e-01 9.98e-01 -11.0 1.81e-01    -  1.00e+00 6.25e-02h  5
 228  7.7195992e-03 1.82e-01 7.06e-01 -11.0 5.83e-02    -  1.00e+00 1.25e-01h  4
 229  7.8721123e-03 2.13e-01 9.34e-01 -11.0 8.89e-02    -  1.00e+00 5.00e-01h  2
iter    objective    inf_pr   inf_du lg(mu)  ||d||  lg(rg) alpha_du alpha_pr  ls
 230  7.7508044e-03 2.20e-01 7.78e-01 -11.0 1.30e+01    -  1.00e+00 9.77e-04h 11
 231  7.6835897e-03 1.87e-01 8.83e-01 -11.0 9.15e-02    -  1.00e+00 2.50e-01h  3
 232  2.0685468e-01 3.81e+01 8.00e+01 -11.0 7.06e-01    -  1.00e+00 1.00e+00w  1
 233  2.8019248e-01 1.60e+01 1.58e+01 -11.0 2.88e-01    -  1.00e+00 1.00e+00w  1
 234  2.1028992e-01 1.14e+01 2.01e+01 -11.0 2.27e-01    -  1.00e+00 1.00e+00w  1
 235  7.6418361e-03 1.92e-01 1.11e+00 -11.0 1.59e-01    -  1.00e+00 1.56e-02h  6
 236  7.5703519e-03 1.81e-01 7.65e-01 -11.0 1.52e-01    -  1.00e+00 6.25e-02h  5
 237  7.8379829e-03 1.89e-01 1.24e+00 -11.0 2.02e-01    -  1.00e+00 1.25e-01h  4
 238  7.7608164e-03 1.92e-01 1.09e+00 -11.0 5.75e-01    -  1.00e+00 1.56e-02h  7
 239  7.7441652e-03 1.93e-01 9.89e-01 -11.0 4.95e+00    -  1.00e+00 9.77e-04h 11
iter    objective    inf_pr   inf_du lg(mu)  ||d||  lg(rg) alpha_du alpha_pr  ls
 240  7.7387782e-03 1.93e-01 9.08e-01 -11.0 1.82e+00    -  1.00e+00 1.95e-03h 10
 241  7.7384262e-03 1.93e-01 8.74e-01 -11.0 4.99e+01    -  1.00e+00 3.05e-05h 16
 242  7.7318703e-03 1.93e-01 9.21e-01 -11.0 3.69e+01    -  1.00e+00 6.10e-05h 15
 243  7.7091361e-03 1.94e-01 1.03e+00 -11.0 7.07e-01    -  1.00e+00 1.56e-02h  7
 244  7.6946187e-03 1.95e-01 8.78e-01 -11.0 1.44e+00    -  1.00e+00 3.91e-03h  9
 245  2.9893015e-01 1.19e+02 1.70e+01 -11.0 3.60e-01    -  1.00e+00 1.00e+00w  1
 246  1.4188328e-01 6.27e+01 1.22e+02 -11.0 2.22e-01    -  1.00e+00 1.00e+00w  1
 247  4.0842456e-01 2.19e+01 5.66e+01 -11.0 3.45e-01    -  1.00e+00 1.00e+00w  1
 248  7.6666887e-03 1.79e-01 9.30e-01 -11.0 3.11e-01    -  1.00e+00 3.12e-02h  5
 249  7.6579854e-03 1.90e-01 5.68e-01 -11.0 3.27e-01    -  1.00e+00 6.25e-02h  5
iter    objective    inf_pr   inf_du lg(mu)  ||d||  lg(rg) alpha_du alpha_pr  ls
 250  7.6338178e-03 1.92e-01 6.47e-01 -11.0 3.89e-01    -  1.00e+00 3.12e-02h  6
 251  7.7355765e-03 1.99e-02 4.23e-01 -11.0 8.93e-03    -  1.00e+00 1.00e+00h  1
 252  7.8478156e-03 6.29e-03 1.79e+00 -11.0 8.23e-03    -  1.00e+00 1.00e+00h  1
 253  7.8930923e-03 5.19e-03 1.90e+00 -11.0 7.48e-03    -  1.00e+00 1.00e+00h  1
 254  7.6072772e-03 4.89e-03 1.71e+00 -11.0 9.23e-03    -  1.00e+00 1.00e+00h  1
 255  7.4919327e-03 1.08e-02 2.69e+00 -11.0 5.79e-03    -  1.00e+00 1.00e+00h  1
 256  7.5001970e-03 2.01e-03 3.78e-01 -11.0 5.63e-03    -  1.00e+00 1.00e+00h  1
 257  7.4209818e-03 2.83e-03 1.18e+00 -11.0 3.41e-03    -  1.00e+00 1.00e+00h  1
 258  7.4084321e-03 7.10e-04 6.14e-01 -11.0 4.19e-03    -  1.00e+00 1.00e+00h  1
 259  7.4025572e-03 7.54e-05 1.77e-01 -11.0 7.25e-04    -  1.00e+00 1.00e+00h  1
iter    objective    inf_pr   inf_du lg(mu)  ||d||  lg(rg) alpha_du alpha_pr  ls
 260  7.3906976e-03 7.54e-04 2.01e-01 -11.0 1.99e-03    -  1.00e+00 1.00e+00h  1
 261  7.3714631e-03 1.35e-02 5.87e-01 -11.0 1.79e-02    -  1.00e+00 5.00e-01h  2
 262  7.3650861e-03 3.65e-02 1.85e+00 -11.0 1.15e-01    -  1.00e+00 1.25e-01h  4
 263  7.3520207e-03 4.41e-02 1.14e+00 -11.0 6.74e-02    -  1.00e+00 1.25e-01h  4
 264  7.3473087e-03 5.90e-02 3.11e+00 -11.0 3.33e-02    -  1.00e+00 5.00e-01h  2
 265  7.3082829e-03 7.62e-02 3.27e+00 -11.0 6.18e-02    -  1.00e+00 2.50e-01h  3
 266  7.2656522e-03 7.80e-02 2.87e+00 -11.0 1.34e-01    -  1.00e+00 6.25e-02h  5
 267  7.2436456e-03 7.25e-02 2.77e+00 -11.0 9.40e-02    -  1.00e+00 6.25e-02h  5
 268  7.2172608e-03 1.70e-02 4.21e-01 -11.0 1.12e-02    -  1.00e+00 1.00e+00h  1
 269  7.1947736e-03 1.34e-02 8.44e-01 -11.0 2.30e-02    -  1.00e+00 2.50e-01h  3
iter    objective    inf_pr   inf_du lg(mu)  ||d||  lg(rg) alpha_du alpha_pr  ls
 270  7.1186021e-03 6.58e-02 7.30e-01 -11.0 2.21e-02    -  1.00e+00 1.00e+00h  1
 271  7.0990142e-03 6.74e-02 7.51e-01 -11.0 5.00e-01    -  1.00e+00 1.56e-02h  7
 272  7.1372726e-03 3.70e-02 6.98e-01 -11.0 1.10e-02    -  1.00e+00 5.00e-01h  2
 273  7.1175387e-03 3.67e-02 6.34e-01 -11.0 1.58e-02    -  1.00e+00 5.00e-01h  2
 274  7.0906209e-03 4.75e-02 6.29e-01 -11.0 7.30e-02    -  1.00e+00 1.25e-01h  4
 275  7.0804592e-03 4.27e-02 4.99e-01 -11.0 2.90e-02    -  1.00e+00 2.50e-01h  3
 276  7.0745280e-03 5.03e-02 3.34e-01 -11.0 4.01e-02    -  1.00e+00 2.50e-01h  3
 277  7.0537030e-03 5.37e-02 4.30e-01 -11.0 4.03e-01    -  1.00e+00 3.12e-02h  6
 278  7.0502631e-03 4.98e-02 4.13e-01 -11.0 2.63e-02    -  1.00e+00 2.50e-01h  3
 279  7.0489045e-03 5.04e-02 4.29e-01 -11.0 2.17e-01    -  1.00e+00 7.81e-03h  8
iter    objective    inf_pr   inf_du lg(mu)  ||d||  lg(rg) alpha_du alpha_pr  ls
 280  7.0378818e-03 1.34e-01 9.66e-01 -11.0 5.78e-01    -  1.00e+00 6.25e-02h  5
 281  9.6535815e-02 9.71e+00 1.42e+01 -11.0 1.81e-01    -  1.00e+00 1.00e+00w  1
 282  3.1953953e-02 2.04e+00 4.11e+00 -11.0 7.67e-02    -  1.00e+00 1.00e+00w  1
 283  1.6332601e+00 8.00e+01 1.29e+02 -11.0 9.47e-01    -  1.00e+00 1.00e+00w  1
 284  7.0357038e-03 1.34e-01 1.02e+00 -11.0 5.78e-01    -  1.00e+00 1.56e-02h  6
 285  7.0367794e-03 1.08e-01 7.22e-01 -11.0 2.05e-02    -  1.00e+00 2.50e-01h  3
 286  7.0265429e-03 9.57e-02 6.18e-01 -11.0 2.14e-02    -  1.00e+00 1.25e-01h  4
 287  7.1457775e-03 5.06e-03 1.45e-01 -11.0 5.91e-03    -  1.00e+00 1.00e+00h  1
 288  7.0074627e-03 1.72e-02 1.35e-01 -11.0 7.04e-03    -  1.00e+00 1.00e+00h  1
 289  7.2683854e-03 5.54e-03 1.77e-01 -11.0 1.37e-02    -  1.00e+00 1.00e+00H  1
iter    objective    inf_pr   inf_du lg(mu)  ||d||  lg(rg) alpha_du alpha_pr  ls
 290  7.0005504e-03 2.89e-03 3.86e-01 -11.0 9.12e-03    -  1.00e+00 1.00e+00h  1
 291  6.9286381e-03 6.22e-03 1.72e-01 -11.0 7.02e-03    -  1.00e+00 1.00e+00h  1
 292  6.9306129e-03 2.18e-03 1.25e-01 -11.0 3.35e-03    -  1.00e+00 1.00e+00h  1
 293  6.9030821e-03 1.97e-03 3.90e-02 -11.0 3.53e-03    -  1.00e+00 1.00e+00h  1
 294  6.8966427e-03 2.35e-03 2.52e-01 -11.0 4.26e-03    -  1.00e+00 1.00e+00h  1
 295  6.8896182e-03 1.59e-02 1.69e-01 -11.0 9.40e-03    -  1.00e+00 1.00e+00h  1
 296  6.8845525e-03 1.46e-02 1.32e-01 -11.0 1.58e-02    -  1.00e+00 2.50e-01h  3
 297  6.8623017e-03 8.34e-03 2.72e-01 -11.0 4.63e-03    -  1.00e+00 5.00e-01h  2
 298  6.8550925e-03 1.17e-03 1.52e-01 -11.0 2.57e-03    -  1.00e+00 1.00e+00h  1
 299  6.8483852e-03 7.05e-03 2.93e-01 -11.0 5.98e-03    -  1.00e+00 1.00e+00h  1
iter    objective    inf_pr   inf_du lg(mu)  ||d||  lg(rg) alpha_du alpha_pr  ls
 300  6.8395431e-03 1.48e-02 3.14e-01 -11.0 5.31e-02    -  1.00e+00 1.25e-01h  4
 301  6.8234329e-03 2.16e-02 1.55e-01 -11.0 5.34e-02    -  1.00e+00 1.25e-01h  4
 302  6.8224790e-03 1.01e-01 1.58e-01 -11.0 1.24e-01    -  1.00e+00 1.25e-01h  4
 303  6.8146624e-03 1.12e-01 2.77e-01 -11.0 9.08e-02    -  1.00e+00 6.25e-02h  5
 304  6.7973020e-03 1.25e-01 8.10e-01 -11.0 4.91e-02    -  1.00e+00 2.50e-01h  3
 305  6.7755780e-03 9.33e-02 5.08e-01 -11.0 3.36e-02    -  1.00e+00 2.50e-01h  3
 306  6.8056616e-03 6.35e-02 2.02e-01 -11.0 1.45e-02    -  1.00e+00 5.00e-01h  2
 307  6.7598885e-03 1.02e-02 1.68e-01 -11.0 4.65e-03    -  1.00e+00 1.00e+00h  1
 308  6.7379467e-03 1.64e-02 2.81e-01 -11.0 5.99e-03    -  1.00e+00 1.00e+00h  1
 309  6.7329452e-03 2.67e-02 1.87e-01 -11.0 1.63e-02    -  1.00e+00 1.00e+00h  1
iter    objective    inf_pr   inf_du lg(mu)  ||d||  lg(rg) alpha_du alpha_pr  ls
 310  6.7264618e-03 2.60e-02 3.04e-01 -11.0 5.80e-02    -  1.00e+00 1.25e-01h  4
 311  6.7183893e-03 1.76e-02 3.64e-01 -11.0 8.62e-03    -  1.00e+00 5.00e-01h  2
 312  6.6991356e-03 1.20e-02 3.14e-01 -11.0 9.58e-03    -  1.00e+00 5.00e-01h  2
 313  6.6953621e-03 4.24e-03 6.42e-02 -11.0 3.40e-03    -  1.00e+00 1.00e+00h  1
 314  6.6918431e-03 2.31e-03 5.22e-02 -11.0 3.78e-03    -  1.00e+00 1.00e+00h  1
 315  6.6703454e-03 2.43e-03 1.75e-02 -11.0 1.80e-03    -  1.00e+00 1.00e+00h  1
 316  6.6698798e-03 4.12e-04 3.59e-02 -11.0 9.13e-04    -  1.00e+00 1.00e+00h  1
 317  6.6656469e-03 1.46e-04 1.19e-02 -11.0 7.01e-04    -  1.00e+00 1.00e+00h  1
 318  6.6651368e-03 3.33e-03 3.44e-02 -11.0 3.22e-03    -  1.00e+00 1.00e+00h  1
 319  6.6597363e-03 3.17e-03 1.73e-01 -11.0 1.40e-02    -  1.00e+00 1.00e+00H  1
iter    objective    inf_pr   inf_du lg(mu)  ||d||  lg(rg) alpha_du alpha_pr  ls
 320  6.6547440e-03 7.75e-02 3.13e-01 -11.0 2.45e-01    -  1.00e+00 6.25e-02h  5
 321  6.6472533e-03 8.44e-02 3.32e-01 -11.0 1.63e-01    -  1.00e+00 3.12e-02h  6
 322  6.6341552e-03 1.26e-01 3.94e-01 -11.0 1.91e-01    -  1.00e+00 6.25e-02h  5
 323  6.6227225e-03 1.25e-01 3.68e-01 -11.0 1.01e-01    -  1.00e+00 3.12e-02h  6
 324  6.6110318e-03 1.15e-01 2.68e-01 -11.0 3.02e-02    -  1.00e+00 2.50e-01h  3
 325  6.5845762e-03 9.70e-02 1.14e-01 -11.0 2.52e-02    -  1.00e+00 2.50e-01h  3
 326  6.5722327e-03 1.07e-01 7.40e-02 -11.0 7.00e-02    -  1.00e+00 1.25e-01h  4
 327  6.5568618e-03 1.52e-01 1.17e-01 -11.0 4.02e-01    -  1.00e+00 3.12e-02h  6
 328  6.5518429e-03 3.22e-01 2.19e-01 -11.0 7.62e-01    -  1.00e+00 3.12e-02h  6
 329  6.5238362e-03 3.21e-01 1.94e-01 -11.0 2.87e-01    -  1.00e+00 7.81e-03h  8
iter    objective    inf_pr   inf_du lg(mu)  ||d||  lg(rg) alpha_du alpha_pr  ls
 330  6.6147467e-03 6.41e-02 2.34e-01 -11.0 1.55e-02    -  1.00e+00 1.00e+00w  1
 331  1.6860434e-02 2.73e+00 1.46e+01 -11.0 8.35e-02    -  1.00e+00 1.00e+00w  1
 332  2.5582943e-02 6.94e-01 5.28e+00 -11.0 3.21e-02    -  1.00e+00 1.00e+00w  1
 333  6.5497934e-03 1.76e-01 1.14e-01 -11.0 3.87e-02    -  1.00e+00 5.00e-01h  1
 334  6.5453448e-03 1.60e-01 9.74e-02 -11.0 3.87e-02    -  1.00e+00 1.25e-01h  4
 335  6.5323436e-03 1.67e-01 1.87e-01 -11.0 8.18e-02    -  1.00e+00 1.25e-01h  4
 336  6.5299278e-03 1.70e-01 3.25e-01 -11.0 7.17e-02    -  1.00e+00 1.25e-01h  4
 337  6.5039891e-03 1.74e-01 3.12e-01 -11.0 5.68e-02    -  1.00e+00 1.25e-01h  4
 338  6.4787028e-03 1.70e-01 4.50e-01 -11.0 4.73e-02    -  1.00e+00 1.25e-01h  4
 339  6.4990517e-03 1.40e-01 5.54e-01 -11.0 2.89e-02    -  1.00e+00 2.50e-01h  3
iter    objective    inf_pr   inf_du lg(mu)  ||d||  lg(rg) alpha_du alpha_pr  ls
 340  6.4659220e-03 2.87e-02 3.14e-01 -11.0 1.48e-02    -  1.00e+00 1.00e+00h  1
 341  6.4489867e-03 5.25e-02 1.28e-01 -11.0 5.18e-02    -  1.00e+00 1.25e-01h  4
 342  6.4172115e-03 1.70e-01 3.85e-01 -11.0 6.57e-02    -  1.00e+00 2.50e-01h  3
 343  6.3991449e-03 1.66e-01 4.88e-01 -11.0 6.50e-02    -  1.00e+00 3.12e-02h  6
 344  6.3845038e-03 5.07e-02 1.02e-01 -11.0 1.14e-02    -  1.00e+00 1.00e+00h  1
 345  6.3861031e-03 5.21e-02 8.17e-02 -11.0 2.25e-02    -  1.00e+00 2.50e-01h  3
 346  6.3826558e-03 4.28e-01 1.66e-01 -11.0 3.91e-02    -  1.00e+00 1.00e+00h  1
 347  6.3724756e-03 4.22e-01 1.59e-01 -11.0 1.77e-01    -  1.00e+00 1.56e-02h  7
 348  6.3484296e-03 2.65e-01 8.40e-02 -11.0 2.53e-02    -  1.00e+00 5.00e-01h  2
 349  6.3193428e-03 2.76e-01 6.79e-02 -11.0 1.36e-01    -  1.00e+00 6.25e-02h  5
iter    objective    inf_pr   inf_du lg(mu)  ||d||  lg(rg) alpha_du alpha_pr  ls
 350  6.3530170e-03 2.49e-01 1.22e-01 -11.0 2.98e-02    -  1.00e+00 1.25e-01h  4
 351  6.3682010e-03 6.06e-02 6.36e-02 -11.0 1.50e-02    -  1.00e+00 1.00e+00h  1
 352  6.3666752e-03 9.98e-02 1.49e-01 -11.0 1.97e-01    -  1.00e+00 6.25e-02h  5
 353  6.3605969e-03 8.17e-02 8.68e-02 -11.0 1.94e-02    -  1.00e+00 2.50e-01h  3
 354  6.3670904e-03 8.37e-03 1.45e-01 -11.0 6.29e-03    -  1.00e+00 1.00e+00h  1
 355  6.2807612e-03 1.08e-02 3.94e-02 -11.0 6.52e-03    -  1.00e+00 1.00e+00h  1
 356  6.3114259e-03 7.46e-04 1.61e-01 -11.0 7.23e-03    -  1.00e+00 1.00e+00H  1
 357  6.2949100e-03 2.14e-03 9.96e-02 -11.0 1.03e-02    -  1.00e+00 1.00e+00H  1
 358  6.2805907e-03 8.88e-03 6.62e-02 -11.0 2.20e-02    -  1.00e+00 2.50e-01h  3
 359  6.3233216e-03 4.10e-04 1.96e-01 -11.0 9.45e-03    -  1.00e+00 1.00e+00H  1
iter    objective    inf_pr   inf_du lg(mu)  ||d||  lg(rg) alpha_du alpha_pr  ls
 360  6.2738878e-03 3.99e-03 6.87e-02 -11.0 6.62e-03    -  1.00e+00 5.00e-01h  2
 361  6.2595348e-03 7.92e-03 5.28e-02 -11.0 8.28e-03    -  1.00e+00 5.00e-01h  2
 362  6.2792031e-03 7.07e-04 8.15e-02 -11.0 5.59e-03    -  1.00e+00 1.00e+00H  1
 363  6.2541751e-03 1.06e-02 9.98e-02 -11.0 6.72e-03    -  1.00e+00 1.00e+00h  1
 364  6.2502809e-03 6.07e-03 4.43e-02 -11.0 4.57e-03    -  1.00e+00 5.00e-01h  2
 365  6.2295511e-03 6.58e-04 3.24e-02 -11.0 1.18e-03    -  1.00e+00 1.00e+00h  1
 366  6.2252156e-03 1.27e-03 1.61e-02 -11.0 2.45e-03    -  1.00e+00 1.00e+00h  1
 367  6.2202406e-03 2.75e-01 2.31e-01 -11.0 1.17e+00    -  1.00e+00 3.12e-02h  6
 368  6.2144159e-03 3.03e-01 3.11e-01 -11.0 1.68e+00    -  1.00e+00 7.81e-03h  8
 369  6.1966233e-03 3.51e-01 3.31e-01 -11.0 4.28e-01    -  1.00e+00 6.25e-02h  5
iter    objective    inf_pr   inf_du lg(mu)  ||d||  lg(rg) alpha_du alpha_pr  ls
 370  6.1728359e-03 5.71e-01 1.87e-01 -11.0 3.60e+00    -  1.00e+00 1.56e-02h  7
 371  6.1325542e-03 5.69e-01 1.93e-01 -11.0 7.00e-01    -  1.00e+00 7.81e-03h  8
 372  6.1431891e-03 4.05e-02 2.86e-01 -11.0 1.78e-02    -  1.00e+00 1.00e+00h  1
 373  6.1294244e-03 5.68e-02 3.45e-01 -11.0 6.35e-02    -  1.00e+00 1.25e-01h  4
 374  6.0964072e-03 8.84e-02 3.80e-01 -11.0 6.74e-02    -  1.00e+00 2.50e-01h  3
 375  6.0921447e-03 2.49e-01 5.41e-01 -11.0 5.72e-01    -  1.00e+00 6.25e-02h  5
 376  6.0819741e-03 3.16e-01 7.93e-01 -11.0 1.54e+00    -  1.00e+00 1.56e-02h  7
 377  6.0623580e-03 5.21e-01 1.20e+00 -11.0 2.62e+00    -  1.00e+00 1.56e-02h  7
 378  6.0458513e-03 5.43e-01 1.39e+00 -11.0 7.80e-01    -  1.00e+00 1.56e-02h  7
 379  6.0091064e-03 6.84e-01 1.89e+00 -11.0 5.24e-01    -  1.00e+00 6.25e-02h  5
iter    objective    inf_pr   inf_du lg(mu)  ||d||  lg(rg) alpha_du alpha_pr  ls
 380  5.9875996e-03 7.14e-01 2.11e+00 -11.0 3.42e+00    -  1.00e+00 3.91e-03h  9
 381  5.9806302e-03 7.70e-01 2.42e+00 -11.0 4.75e-01    -  1.00e+00 6.25e-02h  5
 382  5.9739575e-03 7.75e-01 2.57e+00 -11.0 8.54e-01    -  1.00e+00 1.56e-02h  7
 383  8.4335421e-03 1.95e-01 8.89e-01 -11.0 2.75e-02    -  1.00e+00 1.00e+00w  1
 384  5.9949907e-03 2.50e-01 3.86e-01 -11.0 3.18e-02    -  1.00e+00 1.00e+00h  1
 385  5.8265944e-03 2.06e-01 9.82e-01 -11.0 4.04e-02    -  1.00e+00 2.50e-01h  3
 386  5.9553096e-03 3.73e-02 4.64e-01 -11.0 1.43e-02    -  1.00e+00 1.00e+00h  1
 387  5.8808626e-03 4.40e-02 5.88e-01 -11.0 4.59e-02    -  1.00e+00 2.50e-01h  3
 388  6.0245724e-03 4.17e-02 4.86e-01 -11.0 1.54e-02    -  1.00e+00 5.00e-01h  2
 389  5.9548266e-03 3.92e-03 4.41e-01 -11.0 6.16e-03    -  1.00e+00 1.00e+00h  1
iter    objective    inf_pr   inf_du lg(mu)  ||d||  lg(rg) alpha_du alpha_pr  ls
 390  5.9742333e-03 4.01e-04 8.76e-02 -11.0 1.85e-03    -  1.00e+00 1.00e+00h  1
 391  5.9697877e-03 5.05e-04 1.13e-01 -11.0 1.56e-03    -  1.00e+00 1.00e+00h  1
 392  5.9677076e-03 6.67e-04 2.88e-01 -11.0 7.88e-03    -  1.00e+00 1.00e+00H  1
 393  5.9491968e-03 7.22e-03 1.08e+00 -11.0 5.34e-02    -  1.00e+00 1.25e-01h  4
 394  5.9288837e-03 1.33e-02 1.62e+00 -11.0 8.29e-02    -  1.00e+00 6.25e-02h  5
 395  5.9057081e-03 2.77e-02 2.40e+00 -11.0 1.03e-01    -  1.00e+00 6.25e-02h  5
 396  5.8956595e-03 3.96e-02 3.19e+00 -11.0 1.53e-01    -  1.00e+00 3.12e-02h  6
 397  5.8903813e-03 4.72e-02 1.99e+00 -11.0 1.93e-02    -  1.00e+00 5.00e-01h  2
 398  5.8809591e-03 4.64e-02 1.93e+00 -11.0 6.29e-02    -  1.00e+00 6.25e-02h  5
 399  5.8790204e-03 4.69e-02 1.31e+00 -11.0 1.26e-02    -  1.00e+00 5.00e-01h  2
iter    objective    inf_pr   inf_du lg(mu)  ||d||  lg(rg) alpha_du alpha_pr  ls
 400  5.8755021e-03 4.17e-02 2.09e+00 -11.0 1.91e-02    -  1.00e+00 2.50e-01h  3
 401  5.8609319e-03 3.72e-02 2.00e+00 -11.0 2.82e-02    -  1.00e+00 2.50e-01h  3
 402  5.8781146e-03 1.82e-02 1.43e+00 -11.0 5.87e-03    -  1.00e+00 5.00e-01h  2
 403  5.8371817e-03 1.78e-02 4.08e-01 -11.0 6.21e-03    -  1.00e+00 1.00e+00h  1
 404  5.8390500e-03 2.08e-02 2.58e-01 -11.0 1.48e-02    -  1.00e+00 2.50e-01h  3
 405  5.8460008e-03 2.08e-02 2.72e-01 -11.0 6.21e-03    -  1.00e+00 1.00e+00h  1
 406  5.8349397e-03 1.72e-02 1.06e-01 -11.0 9.64e-03    -  1.00e+00 2.50e-01h  3
 407  5.8632225e-03 3.45e-03 2.22e-01 -11.0 5.66e-03    -  1.00e+00 1.00e+00h  1
 408  5.8153382e-03 5.02e-03 2.55e-01 -11.0 1.17e-02    -  1.00e+00 1.00e+00H  1
 409  5.7892609e-03 1.08e-02 1.42e-01 -11.0 7.98e-03    -  1.00e+00 5.00e-01h  2
iter    objective    inf_pr   inf_du lg(mu)  ||d||  lg(rg) alpha_du alpha_pr  ls
 410  5.8282781e-03 7.69e-03 2.21e-01 -11.0 4.89e-03    -  1.00e+00 1.00e+00h  1
 411  5.8040627e-03 1.21e-03 2.86e-01 -11.0 3.17e-03    -  1.00e+00 1.00e+00h  1
 412  5.7939070e-03 2.46e-04 2.55e-02 -11.0 2.33e-03    -  1.00e+00 1.00e+00h  1
 413  5.7910975e-03 5.63e-05 4.49e-02 -11.0 6.17e-04    -  1.00e+00 1.00e+00h  1
 414  5.7882208e-03 1.78e-04 1.70e-02 -11.0 1.28e-03    -  1.00e+00 1.00e+00h  1
 415  5.7811796e-03 6.66e-03 6.75e-02 -11.0 5.46e-02    -  1.00e+00 1.25e-01h  4
 416  5.7781671e-03 1.98e-02 1.34e-01 -11.0 1.21e-01    -  1.00e+00 6.25e-02h  5
 417  5.7681006e-03 3.17e-02 2.02e-01 -11.0 1.38e-01    -  1.00e+00 6.25e-02h  5
 418  5.7665947e-03 5.58e-02 3.96e-01 -11.0 4.37e-01    -  1.00e+00 3.12e-02h  6
 419  5.7551824e-03 6.67e-02 6.05e-01 -11.0 3.20e-01    -  1.00e+00 6.25e-02h  5
iter    objective    inf_pr   inf_du lg(mu)  ||d||  lg(rg) alpha_du alpha_pr  ls
 420  5.7451359e-03 9.42e-02 9.53e-01 -11.0 2.76e-01    -  1.00e+00 6.25e-02h  5
 421  5.7300327e-03 1.53e-01 9.90e-01 -11.0 6.35e-01    -  1.00e+00 3.12e-02h  6
 422  5.7255129e-03 1.48e-01 7.81e-01 -11.0 6.86e-02    -  1.00e+00 3.12e-02h  6
 423  5.7083872e-03 1.32e-01 4.21e-01 -11.0 4.58e-02    -  1.00e+00 2.50e-01h  3
 424  5.6766065e-03 1.25e-01 3.92e-01 -11.0 1.65e-01    -  1.00e+00 6.25e-02h  5
 425  9.8507772e-03 6.77e-01 1.61e+00 -11.0 8.37e-02    -  1.00e+00 1.00e+00w  1
 426  9.6886680e-03 4.09e-01 9.88e-01 -11.0 5.46e-02    -  1.00e+00 1.00e+00w  1
 427  1.6217487e-02 1.11e+00 1.60e+00 -11.0 6.28e-02    -  1.00e+00 1.00e+00w  1
 428  5.6661024e-03 1.21e-01 4.18e-01 -11.0 4.80e-02    -  1.00e+00 1.25e-01h  3
 429  5.7757592e-03 9.95e-03 5.38e-01 -11.0 7.51e-03    -  1.00e+00 1.00e+00h  1
iter    objective    inf_pr   inf_du lg(mu)  ||d||  lg(rg) alpha_du alpha_pr  ls
 430  5.6823704e-03 3.76e-03 3.12e-01 -11.0 6.87e-03    -  1.00e+00 1.00e+00h  1
 431  5.6689102e-03 1.20e-03 2.69e-01 -11.0 4.01e-03    -  1.00e+00 1.00e+00h  1
 432  5.6539628e-03 1.66e-04 4.42e-02 -11.0 1.15e-03    -  1.00e+00 1.00e+00h  1
 433  5.6526687e-03 1.46e-04 3.92e-02 -11.0 5.48e-04    -  1.00e+00 1.00e+00h  1
 434  5.6489827e-03 5.17e-05 2.22e-02 -11.0 7.92e-04    -  1.00e+00 1.00e+00h  1
 435  5.6405741e-03 2.10e-03 7.60e-02 -11.0 1.97e-02    -  1.00e+00 2.50e-01h  3
 436  5.6602945e-03 1.19e-05 1.57e-01 -11.0 8.22e-03    -  1.00e+00 1.00e+00H  1
 437  5.6463646e-03 1.03e-03 1.81e-01 -11.0 1.58e-02    -  1.00e+00 1.25e-01h  4
 438  5.7070916e-03 3.10e-05 3.40e-01 -11.0 5.25e-03    -  1.00e+00 1.00e+00H  1
 439  5.6328706e-03 1.57e-02 8.69e-02 -11.0 6.11e-03    -  1.00e+00 1.00e+00h  1
iter    objective    inf_pr   inf_du lg(mu)  ||d||  lg(rg) alpha_du alpha_pr  ls
 440  5.6184525e-03 1.24e-02 1.39e-01 -11.0 8.43e-03    -  1.00e+00 2.50e-01h  3
 441  5.6255447e-03 3.57e-03 1.34e-01 -11.0 5.63e-03    -  1.00e+00 1.00e+00h  1
 442  5.6198940e-03 8.14e-03 1.25e-01 -11.0 4.58e-02    -  1.00e+00 1.25e-01h  4
 443  5.6142402e-03 9.48e-03 1.04e-01 -11.0 3.22e-02    -  1.00e+00 1.25e-01h  4
 444  5.6113983e-03 1.20e-02 2.86e-01 -11.0 2.11e-02    -  1.00e+00 2.50e-01h  3
 445  5.5952144e-03 1.69e-02 2.97e-01 -11.0 2.98e-02    -  1.00e+00 2.50e-01h  3
 446  5.5868404e-03 1.73e-02 4.55e-01 -11.0 3.20e-01    -  1.00e+00 7.81e-03h  8
 447  5.5982283e-03 8.54e-03 2.49e-01 -11.0 1.45e-02    -  1.00e+00 5.00e-01h  2
 448  5.5868953e-03 1.50e-02 3.02e-01 -11.0 1.09e-01    -  1.00e+00 1.25e-01h  4
 449  5.5744503e-03 1.33e-02 3.66e-01 -11.0 5.80e-01    -  1.00e+00 3.12e-02h  6
iter    objective    inf_pr   inf_du lg(mu)  ||d||  lg(rg) alpha_du alpha_pr  ls
 450  5.5483995e-03 4.04e-02 3.00e-01 -11.0 2.02e-01    -  1.00e+00 1.25e-01h  4
 451  5.5223459e-03 4.62e-02 5.48e-01 -11.0 4.76e-01    -  1.00e+00 1.56e-02h  7
 452  8.4737243e-03 7.16e-01 3.18e+00 -11.0 1.63e-01    -  1.00e+00 1.00e+00w  1
 453  6.8975929e-02 2.39e+00 2.50e+01 -11.0 1.63e-01    -  1.00e+00 1.00e+00w  1
 454  9.6975303e-02 1.03e+01 1.46e+01 -11.0 2.55e-01    -  1.00e+00 1.00e+00w  1
 455  5.5039577e-03 3.86e-02 3.74e-01 -11.0 2.03e-01    -  1.00e+00 1.25e-01h  3
 456  5.4598557e-03 4.29e-02 5.99e-01 -11.0 2.59e-01    -  1.00e+00 3.12e-02h  6
 457  5.4386891e-03 6.24e-02 3.60e-01 -11.0 2.18e-01    -  1.00e+00 6.25e-02h  5
 458  5.4337545e-03 6.81e-02 4.83e-01 -11.0 4.95e+01    -  1.00e+00 1.22e-04h 14
 459  5.4321724e-03 6.95e-02 4.24e-01 -11.0 2.55e+01    -  1.00e+00 1.22e-04h 14
iter    objective    inf_pr   inf_du lg(mu)  ||d||  lg(rg) alpha_du alpha_pr  ls
 460  5.4319061e-03 7.09e-02 4.85e-01 -11.0 1.28e+01    -  1.00e+00 2.44e-04h 13
 461  5.4899397e-03 4.74e-04 1.14e-01 -11.0 1.38e-03    -  1.00e+00 1.00e+00h  1
 462  5.4760385e-03 2.88e-04 1.98e-01 -11.0 1.35e-03    -  1.00e+00 1.00e+00h  1
 463  5.4447506e-03 8.54e-04 7.37e-02 -11.0 1.37e-03    -  1.00e+00 1.00e+00h  1
 464  5.4378060e-03 3.52e-04 3.91e-02 -11.0 9.76e-04    -  1.00e+00 1.00e+00h  1
 465  5.4229372e-03 2.41e-03 3.17e-01 -11.0 4.02e-03    -  1.00e+00 1.00e+00h  1
 466  5.4103778e-03 7.48e-03 7.95e-01 -11.0 2.21e-02    -  1.00e+00 2.50e-01h  3
 467  5.4051356e-03 8.13e-03 8.71e-01 -11.0 2.37e-02    -  1.00e+00 1.25e-01h  4
 468  5.3935685e-03 1.03e-02 8.56e-01 -11.0 1.67e-02    -  1.00e+00 2.50e-01h  3
 469  5.3833021e-03 9.26e-03 1.23e+00 -11.0 2.84e-02    -  1.00e+00 1.25e-01h  4
iter    objective    inf_pr   inf_du lg(mu)  ||d||  lg(rg) alpha_du alpha_pr  ls
 470  5.3606515e-03 1.18e-02 8.90e-01 -11.0 1.16e-02    -  1.00e+00 5.00e-01h  2
 471  5.3644160e-03 5.94e-03 4.37e-01 -11.0 4.48e-03    -  1.00e+00 5.00e-01h  2
 472  5.3565340e-03 7.10e-03 3.17e-01 -11.0 5.73e-03    -  1.00e+00 1.00e+00h  1
 473  5.3507615e-03 7.24e-03 1.04e-01 -11.0 1.21e-02    -  1.00e+00 2.50e-01h  3
 474  5.3377956e-03 1.04e-03 1.05e-01 -11.0 1.90e-03    -  1.00e+00 1.00e+00h  1
 475  5.3330187e-03 4.70e-03 6.22e-02 -11.0 4.50e-03    -  1.00e+00 1.00e+00h  1
 476  5.3350694e-03 2.81e-03 1.55e-01 -11.0 1.16e-02    -  1.00e+00 2.50e-01h  3
 477  5.3208361e-03 2.42e-04 5.14e-02 -11.0 1.29e-03    -  1.00e+00 1.00e+00h  1
 478  5.3150009e-03 7.50e-04 1.11e-01 -11.0 1.75e-03    -  1.00e+00 1.00e+00h  1
 479  5.3138190e-03 2.08e-02 3.75e-01 -11.0 1.70e-02    -  1.00e+00 5.00e-01h  2
iter    objective    inf_pr   inf_du lg(mu)  ||d||  lg(rg) alpha_du alpha_pr  ls
 480  5.3076155e-03 1.79e-02 6.41e-01 -11.0 2.04e-02    -  1.00e+00 1.25e-01h  4
 481  5.2884030e-03 1.33e-02 8.47e-01 -11.0 1.28e-02    -  1.00e+00 2.50e-01h  3
 482  5.2989592e-03 1.56e-02 6.87e-01 -11.0 5.92e-02    -  1.00e+00 1.25e-01h  4
 483  5.2694486e-03 6.88e-03 6.01e-01 -11.0 7.67e-03    -  1.00e+00 5.00e-01h  2
 484  5.2597057e-03 5.36e-03 3.74e-01 -11.0 6.98e-03    -  1.00e+00 5.00e-01h  2
 485  5.2515804e-03 1.47e-02 2.32e-01 -11.0 1.42e-02    -  1.00e+00 5.00e-01h  2
 486  5.2463454e-03 1.16e-02 1.79e-01 -11.0 1.85e-02    -  1.00e+00 1.25e-01h  4
 487  5.2369664e-03 6.10e-03 2.40e-01 -11.0 1.07e-02    -  1.00e+00 5.00e-01h  2
 488  5.2285602e-03 5.34e-03 2.64e-01 -11.0 1.71e-02    -  1.00e+00 2.50e-01h  3
 489  5.3159456e-03 2.38e-02 2.64e-01 -11.0 1.20e-02    -  1.00e+00 1.00e+00w  1
iter    objective    inf_pr   inf_du lg(mu)  ||d||  lg(rg) alpha_du alpha_pr  ls
 490  6.4071771e-03 8.77e-01 1.21e+00 -11.0 4.82e-02    -  1.00e+00 1.00e+00w  1
 491  6.4574526e-03 7.91e-01 1.47e+00 -11.0 4.36e-02    -  1.00e+00 1.00e+00w  1
 492  5.2270632e-03 7.38e-03 3.03e-01 -11.0 3.76e-02    -  1.00e+00 5.00e-01h  1
 493  5.2092880e-03 2.64e-02 4.65e-01 -11.0 2.36e-01    -  1.00e+00 3.12e-02h  6
 494  5.2005966e-03 2.65e-02 5.35e-01 -11.0 9.01e-02    -  1.00e+00 6.25e-02h  5
 495  5.1937233e-03 2.68e-02 7.00e-01 -11.0 5.33e-02    -  1.00e+00 6.25e-02h  5
 496  5.1961242e-03 2.13e-02 8.85e-01 -11.0 6.78e-02    -  1.00e+00 1.25e-01h  4
 497  5.1638275e-03 1.04e-01 9.72e-01 -11.0 1.54e-01    -  1.00e+00 1.25e-01h  4
 498  5.1451176e-03 1.41e-01 1.14e+00 -11.0 1.62e+00    -  1.00e+00 7.81e-03h  8
 499  5.1340716e-03 1.50e-01 1.53e+00 -11.0 2.44e-01    -  1.00e+00 3.12e-02h  6
iter    objective    inf_pr   inf_du lg(mu)  ||d||  lg(rg) alpha_du alpha_pr  ls
 500  5.0954708e-03 1.58e-01 1.82e+00 -11.0 8.56e-02    -  1.00e+00 1.25e-01h  4
 501  5.0337415e-03 2.00e-01 2.21e+00 -11.0 5.01e-01    -  1.00e+00 3.12e-02h  6
 502  5.0080017e-03 1.96e-01 1.91e+00 -11.0 1.77e-01    -  1.00e+00 3.12e-02h  6
 503  6.7207178e-03 2.88e-01 2.06e+00 -11.0 3.81e-02    -  1.00e+00 1.00e+00w  1
 504  9.6904188e-03 7.94e-01 1.60e+00 -11.0 6.43e-02    -  1.00e+00 1.00e+00w  1
 505  1.2364336e-01 4.53e+01 3.90e+01 -11.0 4.16e-01    -  1.00e+00 1.00e+00w  1
 506  4.9877008e-03 1.65e-01 9.82e-01 -11.0 5.92e-01    -  1.00e+00 2.50e-01h  2
 507  4.9850548e-03 1.91e-01 1.18e+00 -11.0 8.46e-01    -  1.00e+00 1.56e-02h  7
 508  4.9644320e-03 1.85e-01 1.20e+00 -11.0 6.76e-02    -  1.00e+00 3.12e-02h  6
 509  4.9474345e-03 1.34e-01 7.55e-01 -11.0 2.96e-02    -  1.00e+00 5.00e-01h  2
iter    objective    inf_pr   inf_du lg(mu)  ||d||  lg(rg) alpha_du alpha_pr  ls
 510  4.9070480e-03 1.55e-01 7.20e-01 -11.0 1.94e-01    -  1.00e+00 6.25e-02h  5
 511  4.8464455e-03 1.82e-01 5.48e-01 -11.0 1.16e-01    -  1.00e+00 1.25e-01h  4
 512  4.7963124e-03 2.92e-01 7.92e-01 -11.0 7.54e-01    -  1.00e+00 3.12e-02h  6
 513  4.7855426e-03 3.57e-01 9.96e-01 -11.0 1.29e+00    -  1.00e+00 1.56e-02h  7
 514  4.8432395e-03 2.32e-01 1.53e+00 -11.0 1.28e-01    -  1.00e+00 1.25e-01h  4
 515  4.8617855e-03 1.25e-01 1.28e+00 -11.0 1.77e-02    -  1.00e+00 5.00e-01h  2
 516  4.7417094e-03 2.67e-02 9.79e-01 -11.0 1.04e-02    -  1.00e+00 1.00e+00h  1
 517  4.5591640e-03 8.13e-03 5.16e-01 -11.0 7.11e-03    -  1.00e+00 1.00e+00h  1
 518  4.5885917e-03 3.27e-03 1.11e+00 -11.0 5.12e-03    -  1.00e+00 1.00e+00h  1
 519  4.5596188e-03 3.83e-03 2.99e+00 -11.0 3.32e-03    -  1.00e+00 1.00e+00h  1
iter    objective    inf_pr   inf_du lg(mu)  ||d||  lg(rg) alpha_du alpha_pr  ls
 520  4.5470988e-03 1.72e-03 5.14e-01 -11.0 2.64e-03    -  1.00e+00 1.00e+00h  1
 521  4.5385454e-03 4.98e-04 2.64e-01 -11.0 2.34e-03    -  1.00e+00 1.00e+00h  1
 522  4.5359882e-03 2.27e-04 1.92e-01 -11.0 6.37e-04    -  1.00e+00 1.00e+00h  1
 523  4.5275326e-03 2.31e-03 6.72e-01 -11.0 9.53e-03    -  1.00e+00 2.50e-01h  3
 524  4.5251037e-03 5.61e-03 1.27e+00 -11.0 9.28e-02    -  1.00e+00 3.12e-02h  6
 525  4.5253329e-03 4.41e-03 1.47e+00 -11.0 2.80e-02    -  1.00e+00 1.25e-01h  4
 526  4.5074811e-03 1.63e-03 4.96e-01 -11.0 4.22e-03    -  1.00e+00 1.00e+00h  1
 527  4.4923497e-03 2.11e-04 1.63e-01 -11.0 1.95e-03    -  1.00e+00 1.00e+00h  1
 528  4.4867630e-03 1.74e-04 1.47e-01 -11.0 7.27e-04    -  1.00e+00 1.00e+00h  1
 529  4.4791001e-03 1.83e-02 7.83e-01 -11.0 2.63e-02    -  1.00e+00 2.50e-01h  3
iter    objective    inf_pr   inf_du lg(mu)  ||d||  lg(rg) alpha_du alpha_pr  ls
 530  4.4715816e-03 2.08e-02 1.37e+00 -11.0 2.40e-02    -  1.00e+00 1.25e-01h  4
 531  4.4682778e-03 1.98e-02 1.91e+00 -11.0 1.12e-02    -  1.00e+00 5.00e-01h  2
 532  4.4728960e-03 1.06e-02 1.10e+00 -11.0 5.74e-03    -  1.00e+00 5.00e-01h  2
 533  4.4523352e-03 1.20e-02 1.83e-01 -11.0 5.05e-03    -  1.00e+00 1.00e+00h  1
 534  4.4563079e-03 9.20e-03 1.06e-01 -11.0 8.64e-03    -  1.00e+00 2.50e-01h  3
 535  4.4469411e-03 1.79e-03 1.92e-01 -11.0 1.92e-03    -  1.00e+00 1.00e+00h  1
 536  4.4454263e-03 3.97e-02 3.23e-01 -11.0 1.70e-02    -  1.00e+00 5.00e-01h  2
 537  4.4418359e-03 4.71e-02 4.38e-01 -11.0 6.70e-02    -  1.00e+00 6.25e-02h  5
 538  4.4344958e-03 4.76e-02 6.39e-01 -11.0 2.97e-02    -  1.00e+00 1.25e-01h  4
 539  4.4188542e-03 4.00e-02 1.31e+00 -11.0 1.78e-02    -  1.00e+00 2.50e-01h  3
iter    objective    inf_pr   inf_du lg(mu)  ||d||  lg(rg) alpha_du alpha_pr  ls
 540  4.4391789e-03 2.23e-02 7.03e-01 -11.0 1.24e-02    -  1.00e+00 5.00e-01h  2
 541  4.3783845e-03 2.24e-02 4.49e-01 -11.0 7.26e-03    -  1.00e+00 1.00e+00h  1
 542  4.3721763e-03 2.10e-02 4.97e-01 -11.0 1.96e-02    -  1.00e+00 1.25e-01h  4
 543  4.3703129e-03 3.06e-03 3.57e-01 -11.0 5.02e-03    -  1.00e+00 1.00e+00h  1
 544  4.3649249e-03 8.27e-03 7.63e-01 -11.0 2.45e-02    -  1.00e+00 1.25e-01h  4
 545  4.3483104e-03 7.14e-03 1.29e+00 -11.0 3.07e-02    -  1.00e+00 2.50e-01h  3
 546  4.3475803e-03 4.75e-03 1.51e+00 -11.0 1.27e-02    -  1.00e+00 2.50e-01h  3
 547  4.3274799e-03 2.60e-02 3.29e-01 -11.0 1.98e-02    -  1.00e+00 5.00e-01h  2
 548  4.3297148e-03 2.51e-02 1.67e+00 -11.0 2.18e-02    -  1.00e+00 2.50e-01h  3
 549  4.3077685e-03 3.05e-02 1.12e+00 -11.0 1.09e-02    -  1.00e+00 5.00e-01h  2
iter    objective    inf_pr   inf_du lg(mu)  ||d||  lg(rg) alpha_du alpha_pr  ls
 550  4.2912761e-03 4.02e-02 3.69e-01 -11.0 8.04e-02    -  1.00e+00 6.25e-02h  5
 551  4.2981884e-03 3.18e-02 4.86e-01 -11.0 2.53e-02    -  1.00e+00 2.50e-01h  3
 552  4.2924476e-03 3.06e-02 3.09e-01 -11.0 3.63e-02    -  1.00e+00 1.25e-01h  4
 553  4.2898755e-03 3.56e-02 8.60e-02 -11.0 3.46e-02    -  1.00e+00 2.50e-01h  3
 554  1.1648858e-02 4.37e+00 1.10e+01 -11.0 1.19e-01    -  1.00e+00 1.00e+00w  1
 555  2.5371334e+01 1.54e+03 1.33e+03 -11.0 2.62e+00    -  1.00e+00 1.00e+00w  1
 556  1.5280869e+05 4.17e+06 2.71e+05 -11.0 2.47e+02    -  1.00e+00 1.00e+00w  1
 557  4.2863117e-03 3.87e-02 2.30e-01 -11.0 7.04e+03    -  1.00e+00 3.12e-02h  5
 558  4.3048400e-03 1.01e-03 7.34e-01 -11.0 3.95e-03    -  1.00e+00 1.00e+00h  1
 559  4.2967703e-03 1.53e-04 3.46e-01 -11.0 2.14e-03    -  1.00e+00 1.00e+00h  1
iter    objective    inf_pr   inf_du lg(mu)  ||d||  lg(rg) alpha_du alpha_pr  ls
 560  4.2843085e-03 2.95e-04 3.25e-01 -11.0 3.25e-03    -  1.00e+00 1.00e+00h  1
 561  4.2830866e-03 3.55e-05 2.33e-02 -11.0 8.49e-04    -  1.00e+00 1.00e+00h  1
 562  4.2827608e-03 1.65e-06 6.96e-02 -11.0 2.15e-04    -  1.00e+00 1.00e+00h  1
 563  4.2787060e-03 5.31e-04 2.66e-01 -11.0 3.30e-03    -  1.00e+00 1.00e+00h  1
 564  4.2701398e-03 5.13e-03 7.94e-01 -11.0 3.19e-02    -  1.00e+00 2.50e-01h  3
 565  4.2712441e-03 3.00e-03 4.94e-01 -11.0 6.89e-02    -  1.00e+00 6.25e-02h  5
 566  4.2688778e-03 5.54e-03 9.37e-02 -11.0 1.85e-02    -  1.00e+00 2.50e-01h  3
 567  4.2605021e-03 3.49e-03 7.26e-01 -11.0 3.97e-03    -  1.00e+00 5.00e-01h  2
 568  4.2505106e-03 7.37e-04 1.60e-01 -11.0 2.96e-03    -  1.00e+00 1.00e+00h  1
 569  4.2420096e-03 2.75e-04 5.02e-02 -11.0 2.91e-03    -  1.00e+00 1.00e+00h  1
iter    objective    inf_pr   inf_du lg(mu)  ||d||  lg(rg) alpha_du alpha_pr  ls
 570  4.2397827e-03 8.46e-04 2.13e-01 -11.0 2.52e-02    -  1.00e+00 1.25e-01h  4
 571  4.2372336e-03 1.12e-03 2.72e-01 -11.0 3.47e-02    -  1.00e+00 1.25e-01h  4
 572  4.2307672e-03 8.83e-03 5.17e-01 -11.0 8.49e-02    -  1.00e+00 1.25e-01h  4
 573  4.2282134e-03 6.26e-02 1.87e+00 -11.0 4.05e-01    -  1.00e+00 6.25e-02h  5
 574  4.2048553e-03 1.00e-01 1.55e+00 -11.0 7.32e-01    -  1.00e+00 3.12e-02h  6
 575  4.2124830e-03 9.62e-02 2.23e+00 -11.0 1.26e-01    -  1.00e+00 3.12e-02h  6
 576  4.2033903e-03 6.58e-02 1.42e+00 -11.0 2.77e-02    -  1.00e+00 5.00e-01h  2
 577  4.1982354e-03 6.35e-02 1.48e+00 -11.0 6.50e-02    -  1.00e+00 3.12e-02h  6
 578  4.2118901e-03 7.57e-02 5.72e-01 -11.0 3.70e-02    -  1.00e+00 5.00e-01h  2
 579  4.2098237e-03 7.57e-02 5.57e-01 -11.0 1.04e+00    -  1.00e+00 4.88e-04h 12
iter    objective    inf_pr   inf_du lg(mu)  ||d||  lg(rg) alpha_du alpha_pr  ls
 580  4.3729897e-03 1.05e-01 2.11e+00 -11.0 1.38e-02    -  1.00e+00 1.00e+00w  1
 581  4.6101974e-03 2.33e-02 1.83e+00 -11.0 1.60e-02    -  1.00e+00 1.00e+00w  1
 582  4.2060677e-03 1.12e-01 1.23e+00 -11.0 1.50e-02    -  1.00e+00 1.00e+00w  1
 583  4.1978112e-03 6.33e-02 3.06e-01 -11.0 4.99e-02    -  1.00e+00 2.50e-01h  2
 584  4.2004966e-03 4.76e-02 1.83e-01 -11.0 4.80e-03    -  1.00e+00 2.50e-01h  3
 585  4.2231237e-03 2.51e-02 1.39e-01 -11.0 5.35e-03    -  1.00e+00 5.00e-01h  2
 586  4.2307292e-03 1.89e-02 4.33e-01 -11.0 3.34e-03    -  1.00e+00 2.50e-01h  3
 587  4.2302352e-03 1.66e-02 5.27e-01 -11.0 5.37e-03    -  1.00e+00 1.25e-01h  4
 588  4.2221375e-03 1.38e-02 1.70e-01 -11.0 3.80e-02    -  1.00e+00 2.50e-01h  3
 589  4.2121365e-03 1.33e-02 2.91e-01 -11.0 8.98e-02    -  1.00e+00 6.25e-02h  5
iter    objective    inf_pr   inf_du lg(mu)  ||d||  lg(rg) alpha_du alpha_pr  ls
 590  4.2059802e-03 1.20e-02 4.72e-01 -11.0 4.31e-02    -  1.00e+00 2.50e-01h  3
 591  4.1948449e-03 1.60e-02 6.16e-01 -11.0 1.41e-01    -  1.00e+00 6.25e-02h  5
 592  4.1873668e-03 1.23e-02 1.25e+00 -11.0 6.65e-02    -  1.00e+00 1.25e-01h  4
 593  1.7657082e+01 3.15e+03 5.23e+02 -11.0 3.35e+00    -  1.00e+00 1.00e+00w  1
 594  5.5709985e+00 7.60e+02 5.26e+01 -11.0 1.63e+00    -  1.00e+00 1.00e+00w  1
 595  4.5457980e+00 2.79e+02 1.01e+01 -11.0 4.70e-01    -  1.00e+00 1.00e+00w  1
 596  4.2071707e-03 9.35e-03 2.16e+00 -11.0 1.19e+00    -  1.00e+00 1.95e-03h  9
 597  4.1793855e-03 7.78e-03 1.39e+00 -11.0 6.21e-02    -  1.00e+00 6.25e-02h  5
 598  4.1712518e-03 8.91e-03 8.29e-01 -11.0 6.14e-02    -  1.00e+00 1.25e-01h  4
 599  4.1615241e-03 1.35e-02 1.87e+00 -11.0 1.40e+00    -  1.00e+00 7.81e-03h  8
iter    objective    inf_pr   inf_du lg(mu)  ||d||  lg(rg) alpha_du alpha_pr  ls
 600  4.1590010e-03 1.75e-02 1.36e+00 -11.0 2.27e+00    -  1.00e+00 3.91e-03h  9
 601  4.1567170e-03 2.13e-02 1.99e+00 -11.0 2.20e+00    -  1.00e+00 3.91e-03h  9
 602  4.1558397e-03 1.31e-03 8.73e-02 -11.0 2.07e-03    -  1.00e+00 1.00e+00h  1
 603  4.1663583e-03 2.04e-04 6.46e-01 -11.0 1.90e-03    -  1.00e+00 1.00e+00h  1
 604  4.1577272e-03 4.43e-04 4.95e-01 -11.0 2.49e-03    -  1.00e+00 1.00e+00h  1
 605  4.1485259e-03 1.57e-03 9.24e-01 -11.0 1.34e-03    -  1.00e+00 1.00e+00h  1
 606  4.1450065e-03 7.00e-05 2.30e-01 -11.0 6.49e-04    -  1.00e+00 1.00e+00h  1
 607  4.1403295e-03 1.18e-04 4.35e-02 -11.0 9.76e-04    -  1.00e+00 1.00e+00h  1
 608  4.1365845e-03 4.18e-03 2.51e-01 -11.0 5.41e-03    -  1.00e+00 1.00e+00h  1
 609  4.1306238e-03 3.59e-03 2.69e-01 -11.0 5.95e-03    -  1.00e+00 2.50e-01h  3
iter    objective    inf_pr   inf_du lg(mu)  ||d||  lg(rg) alpha_du alpha_pr  ls
 610  4.1279253e-03 2.12e-03 5.25e-01 -11.0 4.36e-03    -  1.00e+00 5.00e-01h  2
 611  4.1257176e-03 1.02e-03 4.41e-01 -11.0 2.22e-03    -  1.00e+00 1.00e+00h  1
 612  4.1180963e-03 1.28e-04 2.71e-02 -11.0 1.11e-03    -  1.00e+00 1.00e+00h  1
 613  4.1157353e-03 8.76e-05 1.15e-01 -11.0 1.07e-03    -  1.00e+00 1.00e+00h  1
 614  4.1092067e-03 4.69e-03 4.35e-01 -11.0 2.93e-02    -  1.00e+00 2.50e-01h  3
 615  4.1054414e-03 3.70e-03 5.16e-01 -11.0 6.57e-02    -  1.00e+00 6.25e-02h  5
 616  4.1059213e-03 3.34e-03 7.10e-01 -11.0 9.26e-03    -  1.00e+00 2.50e-01h  3
 617  4.0995717e-03 1.19e-02 6.51e-01 -11.0 1.07e-02    -  1.00e+00 5.00e-01h  2
 618  4.0989980e-03 1.61e-02 7.05e-01 -11.0 7.72e-03    -  1.00e+00 1.00e+00H  1
 619  4.0845431e-03 2.56e-02 7.65e-01 -11.0 3.20e-02    -  1.00e+00 2.50e-01h  3
iter    objective    inf_pr   inf_du lg(mu)  ||d||  lg(rg) alpha_du alpha_pr  ls
 620  4.0732742e-03 2.32e-02 6.10e-01 -11.0 1.91e-02    -  1.00e+00 1.25e-01h  4
 621  4.0713747e-03 1.48e-02 4.21e-01 -11.0 1.10e-02    -  1.00e+00 5.00e-01h  2
 622  4.0697707e-03 1.50e-02 3.60e-01 -11.0 4.62e-02    -  1.00e+00 1.25e-01h  4
 623  4.0652869e-03 1.58e-02 3.01e-01 -11.0 6.15e-02    -  1.00e+00 6.25e-02h  5
 624  4.1690923e-03 1.24e-04 1.40e+00 -11.0 7.43e-03    -  1.00e+00 1.00e+00H  1
 625  4.0829419e-03 1.92e-03 1.15e+00 -11.0 4.38e-03    -  1.00e+00 1.00e+00h  1
 626  4.0780159e-03 5.59e-04 2.46e-01 -11.0 1.33e-03    -  1.00e+00 1.00e+00h  1
 627  4.0762555e-03 1.95e-04 1.39e-01 -11.0 8.06e-04    -  1.00e+00 1.00e+00h  1
 628  4.0726732e-03 3.63e-03 1.43e-01 -11.0 8.51e-03    -  1.00e+00 1.00e+00H  1
 629  4.0679553e-03 2.96e-03 4.38e-01 -11.0 8.43e-02    -  1.00e+00 1.25e-01h  4
iter    objective    inf_pr   inf_du lg(mu)  ||d||  lg(rg) alpha_du alpha_pr  ls
 630  4.0639007e-03 7.27e-03 8.62e-01 -11.0 8.58e-02    -  1.00e+00 1.25e-01h  4
 631  4.0546149e-03 9.50e-03 8.17e-01 -11.0 4.27e-02    -  1.00e+00 2.50e-01h  3
 632  4.0423873e-03 3.89e-02 4.70e-01 -11.0 2.43e-01    -  1.00e+00 1.25e-01h  4
 633  4.0253990e-03 4.16e-02 2.05e+00 -11.0 2.27e-01    -  1.00e+00 6.25e-02h  5
 634  3.9888729e-03 3.81e-02 3.56e+00 -11.0 1.59e-01    -  1.00e+00 6.25e-02h  5
 635  3.9737879e-03 7.11e-02 3.47e+00 -11.0 1.92e-01    -  1.00e+00 1.25e-01h  4
 636  3.9605341e-03 8.79e-02 2.64e+00 -11.0 3.74e-01    -  1.00e+00 1.25e-01h  4
 637  3.9565249e-03 6.88e-02 2.09e+00 -11.0 2.24e-01    -  1.00e+00 1.25e-01h  4
 638  3.9954955e-03 4.24e-02 1.09e+00 -11.0 1.12e-01    -  1.00e+00 2.50e-01h  3
 639  1.0313267e-02 1.60e+00 5.30e+00 -11.0 1.17e-01    -  1.00e+00 1.00e+00w  1
iter    objective    inf_pr   inf_du lg(mu)  ||d||  lg(rg) alpha_du alpha_pr  ls
 640  4.4120882e-02 6.01e+00 1.22e+01 -11.0 3.67e-01    -  1.00e+00 1.00e+00w  1
 641  1.1027686e-01 2.72e+00 4.81e+01 -11.0 2.63e-01    -  1.00e+00 1.00e+00w  1
 642  3.8933979e-03 4.68e-02 1.25e+00 -11.0 4.01e+00    -  1.00e+00 1.25e-01h  3
 643  3.8982689e-03 2.86e-02 9.39e-01 -11.0 3.05e-02    -  1.00e+00 2.50e-01h  3
 644  3.8781010e-03 3.24e-02 1.03e+00 -11.0 1.28e-01    -  1.00e+00 6.25e-02h  5
 645  3.8651590e-03 2.80e-02 1.32e+00 -11.0 1.26e-01    -  1.00e+00 6.25e-02h  5
 646  3.8366281e-03 8.67e-04 2.30e-01 -11.0 5.60e-03    -  1.00e+00 1.00e+00h  1
 647  3.8213791e-03 1.56e-03 5.73e-01 -11.0 6.76e-03    -  1.00e+00 5.00e-01h  2
 648  3.8168695e-03 1.28e-03 9.99e-01 -11.0 9.46e-03    -  1.00e+00 2.50e-01h  3
 649  3.8166743e-03 6.85e-03 1.92e+00 -11.0 2.11e-02    -  1.00e+00 2.50e-01h  3
iter    objective    inf_pr   inf_du lg(mu)  ||d||  lg(rg) alpha_du alpha_pr  ls
 650  3.7966521e-03 4.84e-03 1.28e+00 -11.0 4.62e-03    -  1.00e+00 5.00e-01h  2
 651  3.7788181e-03 4.52e-04 5.55e-01 -11.0 1.32e-03    -  1.00e+00 1.00e+00h  1
 652  3.7685361e-03 1.99e-04 1.23e-01 -11.0 7.61e-04    -  1.00e+00 1.00e+00h  1
 653  3.7494140e-03 1.99e-03 2.89e-01 -11.0 2.83e-03    -  1.00e+00 1.00e+00h  1
 654  3.7351111e-03 2.30e-02 4.79e-01 -11.0 2.34e-02    -  1.00e+00 5.00e-01h  2
 655  3.7213945e-03 2.71e-02 1.12e+00 -11.0 3.07e-02    -  1.00e+00 2.50e-01h  3
 656  3.7316668e-03 2.13e-02 1.23e+00 -11.0 2.91e-02    -  1.00e+00 1.25e-01h  4
 657  3.6865023e-03 2.18e-03 5.04e-01 -11.0 3.39e-03    -  1.00e+00 1.00e+00h  1
 658  3.6729271e-03 8.20e-04 2.03e-01 -11.0 2.75e-03    -  1.00e+00 1.00e+00h  1
 659  3.6580385e-03 1.49e-02 5.79e-02 -11.0 8.81e-03    -  1.00e+00 1.00e+00h  1
iter    objective    inf_pr   inf_du lg(mu)  ||d||  lg(rg) alpha_du alpha_pr  ls
 660  3.6491600e-03 3.65e-02 1.07e-01 -11.0 1.68e-01    -  1.00e+00 6.25e-02h  5
 661  3.6487096e-03 6.42e-02 2.23e-01 -11.0 7.99e-01    -  1.00e+00 1.56e-02h  7
 662  3.6455816e-03 7.44e-02 1.92e-01 -11.0 9.76e-01    -  1.00e+00 7.81e-03h  8
 663  3.6270448e-03 8.65e-02 1.14e-01 -11.0 5.99e-02    -  1.00e+00 2.50e-01h  3
 664  3.5811216e-03 1.81e-01 3.00e-01 -11.0 4.41e-01    -  1.00e+00 6.25e-02h  5
 665  3.5838992e-03 1.62e-01 2.34e-01 -11.0 2.21e-01    -  1.00e+00 6.25e-02h  5
 666  3.5628588e-03 1.46e-01 2.19e-01 -11.0 3.57e-02    -  1.00e+00 1.25e-01h  4
 667  3.5777565e-03 7.15e-02 2.49e-01 -11.0 1.91e-02    -  1.00e+00 5.00e-01h  2
 668  3.5303333e-03 6.48e-02 4.45e-01 -11.0 5.56e-02    -  1.00e+00 2.50e-01h  3
 669  3.5148972e-03 5.50e-02 2.90e-01 -11.0 2.40e-02    -  1.00e+00 2.50e-01h  3
iter    objective    inf_pr   inf_du lg(mu)  ||d||  lg(rg) alpha_du alpha_pr  ls
 670  3.5227420e-03 2.76e-02 4.46e-01 -11.0 2.36e-02    -  1.00e+00 1.00e+00w  1
 671  7.3095933e-03 1.52e-01 9.67e-01 -11.0 3.90e-02    -  1.00e+00 1.00e+00w  1
 672  3.9505165e-03 1.53e-01 6.28e-01 -11.0 3.39e-02    -  1.00e+00 1.00e+00w  1
 673  3.4481839e-03 3.11e-02 4.55e-01 -11.0 1.55e-02    -  1.00e+00 5.00e-01h  1
 674  3.4217633e-03 2.53e-02 3.67e-01 -11.0 3.09e-02    -  1.00e+00 2.50e-01h  3
 675  3.4156601e-03 2.17e-02 4.34e-01 -11.0 3.53e-02    -  1.00e+00 2.50e-01h  3
 676  3.4019130e-03 2.72e-02 5.00e-01 -11.0 1.25e-01    -  1.00e+00 1.25e-01h  4
 677  3.3887796e-03 2.97e-02 8.13e-01 -11.0 8.49e-02    -  1.00e+00 1.25e-01h  4
 678  3.3820850e-03 3.59e-02 1.04e+00 -11.0 1.02e-01    -  1.00e+00 1.25e-01h  4
 679  3.3602053e-03 3.61e-02 7.29e-01 -11.0 8.26e-02    -  1.00e+00 1.25e-01h  4
iter    objective    inf_pr   inf_du lg(mu)  ||d||  lg(rg) alpha_du alpha_pr  ls
 680  3.3426320e-03 6.62e-02 1.84e-01 -11.0 1.91e-01    -  1.00e+00 1.25e-01h  4
 681  3.3388339e-03 1.43e-01 3.34e-01 -11.0 5.68e-01    -  1.00e+00 6.25e-02h  5
 682  3.3210347e-03 1.49e-01 3.68e-01 -11.0 3.12e-01    -  1.00e+00 3.12e-02h  6
 683  3.2993402e-03 1.75e-01 3.42e-01 -11.0 1.85e-01    -  1.00e+00 1.25e-01h  4
 684  3.4799367e-02 9.97e+00 1.22e+01 -11.0 3.71e-01    -  1.00e+00 1.00e+00w  1
 685  3.5729569e-02 2.48e+00 3.00e+01 -11.0 1.59e-01    -  1.00e+00 1.00e+00w  1
 686  1.4666755e-01 3.28e+00 2.18e+01 -11.0 2.72e-01    -  1.00e+00 1.00e+00w  1
 687  3.2678409e-03 1.82e-01 2.40e-01 -11.0 1.76e-01    -  1.00e+00 3.12e-02h  5
 688  3.2451452e-03 1.20e-03 3.97e-01 -11.0 1.72e-03    -  1.00e+00 1.00e+00h  1
 689  3.2277384e-03 1.34e-03 3.99e-01 -11.0 2.93e-03    -  1.00e+00 1.00e+00h  1
iter    objective    inf_pr   inf_du lg(mu)  ||d||  lg(rg) alpha_du alpha_pr  ls
 690  3.2135918e-03 7.90e-03 3.89e-01 -11.0 2.28e-02    -  1.00e+00 2.50e-01h  3
 691  3.2010237e-03 1.35e-02 3.93e-01 -11.0 2.21e-02    -  1.00e+00 2.50e-01h  3
 692  3.1819087e-03 2.74e-03 1.80e-01 -11.0 6.13e-03    -  1.00e+00 1.00e+00h  1
 693  3.1814191e-03 1.05e-02 2.16e-01 -11.0 5.42e-03    -  1.00e+00 1.00e+00h  1
 694  3.1675189e-03 2.79e-03 1.76e-01 -11.0 2.76e-03    -  1.00e+00 1.00e+00h  1
 695  3.1345766e-03 6.94e-03 9.06e-02 -11.0 2.62e-03    -  1.00e+00 1.00e+00h  1
 696  3.1334954e-03 7.22e-04 2.20e-01 -11.0 1.96e-03    -  1.00e+00 1.00e+00h  1
 697  3.1175419e-03 2.83e-03 2.25e-01 -11.0 3.11e-03    -  1.00e+00 1.00e+00h  1
 698  3.5541176e-03 2.93e-03 2.69e-01 -11.0 2.07e-02    -  1.00e+00 1.00e+00H  1
 699  3.1214812e-03 3.64e-04 1.08e-01 -11.0 1.05e-02    -  1.00e+00 1.00e+00H  1
iter    objective    inf_pr   inf_du lg(mu)  ||d||  lg(rg) alpha_du alpha_pr  ls
 700  3.4168619e-03 2.13e-04 3.84e-01 -11.0 7.20e-03    -  1.00e+00 1.00e+00H  1
 701  3.0789543e-03 6.84e-03 2.99e-01 -11.0 6.79e-03    -  1.00e+00 1.00e+00h  1
 702  3.0862577e-03 9.38e-04 4.29e-02 -11.0 1.67e-03    -  1.00e+00 1.00e+00h  1
 703  3.0831096e-03 9.56e-04 1.75e-02 -11.0 3.26e-03    -  1.00e+00 1.00e+00h  1
 704  3.0820187e-03 5.03e-03 8.83e-02 -11.0 6.17e-02    -  1.00e+00 1.25e-01h  4
 705  3.0699999e-03 1.28e-02 4.18e-02 -11.0 5.61e-02    -  1.00e+00 2.50e-01h  3
 706  3.0693556e-03 5.65e-02 3.15e-01 -11.0 4.89e-01    -  1.00e+00 6.25e-02h  5
 707  3.0607492e-03 6.29e-02 2.95e-01 -11.0 4.22e-01    -  1.00e+00 3.12e-02h  6
 708  3.0403342e-03 1.10e-01 1.53e-01 -11.0 3.11e-01    -  1.00e+00 1.25e-01h  4
 709  3.0395111e-03 1.68e-01 2.29e-01 -11.0 2.36e+00    -  1.00e+00 1.56e-02h  7
iter    objective    inf_pr   inf_du lg(mu)  ||d||  lg(rg) alpha_du alpha_pr  ls
 710  3.0333583e-03 1.72e-01 2.54e-01 -11.0 6.28e-01    -  1.00e+00 1.56e-02h  7
 711  3.0312876e-03 1.51e-01 2.50e-01 -11.0 4.00e-02    -  1.00e+00 1.25e-01h  4
 712  3.0297033e-03 5.41e-02 2.27e-01 -11.0 3.86e-02    -  1.00e+00 1.00e+00h  1
 713  3.0251814e-03 5.41e-02 2.90e-01 -11.0 3.20e-01    -  1.00e+00 1.56e-02h  7
 714  3.0631707e-03 7.61e-03 1.09e-01 -11.0 4.37e-02    -  1.00e+00 1.00e+00H  1
 715  3.0505561e-03 2.23e-02 2.85e-01 -11.0 7.22e-01    -  1.00e+00 3.12e-02h  6
 716  3.0379524e-03 3.57e-02 1.47e-01 -11.0 1.32e+00    -  1.00e+00 1.56e-02h  7
 717  3.0357298e-03 8.12e-02 6.19e-01 -11.0 1.07e+00    -  1.00e+00 3.12e-02h  6
 718  3.0213571e-03 8.16e-02 9.50e-01 -11.0 3.48e-01    -  1.00e+00 1.56e-02h  7
 719  3.0066225e-03 7.75e-02 8.02e-01 -11.0 3.66e-02    -  1.00e+00 6.25e-02h  5
iter    objective    inf_pr   inf_du lg(mu)  ||d||  lg(rg) alpha_du alpha_pr  ls
 720  2.9848975e-03 5.35e-02 6.57e-01 -11.0 4.49e-02    -  1.00e+00 5.00e-01h  2
 721  2.9776103e-03 5.40e-02 6.62e-01 -11.0 2.86e-01    -  1.00e+00 1.56e-02h  7
 722  2.9658032e-03 4.47e-02 7.36e-01 -11.0 4.43e-02    -  1.00e+00 2.50e-01h  3
 723  2.9833418e-03 4.28e-02 4.32e-01 -11.0 8.52e-02    -  1.00e+00 6.25e-02h  5
 724  2.9730039e-03 1.23e-03 4.67e-01 -11.0 6.06e-03    -  1.00e+00 1.00e+00h  1
 725  2.9717612e-03 1.49e-02 5.56e-01 -11.0 4.25e-02    -  1.00e+00 5.00e-01h  2
 726  2.9588754e-03 1.79e-02 3.86e-01 -11.0 1.72e-01    -  1.00e+00 6.25e-02h  5
 727  2.9513046e-03 6.00e-02 5.14e-01 -11.0 2.73e-01    -  1.00e+00 1.25e-01h  4
 728  2.9495029e-03 6.18e-02 4.47e-01 -11.0 1.90e-01    -  1.00e+00 3.12e-02h  6
 729  2.9578018e-03 3.40e-02 3.24e-01 -11.0 2.10e-02    -  1.00e+00 5.00e-01h  2
iter    objective    inf_pr   inf_du lg(mu)  ||d||  lg(rg) alpha_du alpha_pr  ls
 730  2.9362344e-03 3.01e-02 3.69e-01 -11.0 4.57e-02    -  1.00e+00 2.50e-01h  3
 731  2.9445860e-03 2.61e-02 2.87e-01 -11.0 4.07e-02    -  1.00e+00 2.50e-01h  3
 732  2.9448129e-03 1.69e-02 1.22e-01 -11.0 2.37e-02    -  1.00e+00 5.00e-01h  2
 733  2.9212320e-03 1.94e-02 3.76e-01 -11.0 2.33e-02    -  1.00e+00 2.50e-01h  3
 734  2.9155806e-03 1.95e-02 5.45e-01 -11.0 4.63e-02    -  1.00e+00 1.25e-01h  4
 735  3.0267822e-03 1.02e-02 5.74e-01 -11.0 1.68e-02    -  1.00e+00 1.00e+00w  1
 736  2.9575157e-03 4.45e-03 7.20e-01 -11.0 5.65e-03    -  1.00e+00 1.00e+00h  1
 737  2.8870424e-03 4.76e-03 2.90e-01 -11.0 1.44e-02    -  1.00e+00 1.00e+00h  1
 738  3.1287790e-03 1.91e-04 1.21e+00 -11.0 2.23e-02    -  1.00e+00 1.00e+00H  1
 739  2.9087321e-03 9.72e-04 3.55e-01 -11.0 1.96e-02    -  1.00e+00 1.00e+00H  1
iter    objective    inf_pr   inf_du lg(mu)  ||d||  lg(rg) alpha_du alpha_pr  ls
 740  2.8768802e-03 2.32e-03 2.27e-01 -11.0 4.64e-02    -  1.00e+00 1.25e-01h  4
 741  2.8812146e-03 8.14e-04 6.10e-02 -11.0 2.20e-03    -  1.00e+00 1.00e+00h  1
 742  2.8663859e-03 8.18e-04 2.76e-02 -11.0 3.31e-03    -  1.00e+00 1.00e+00h  1
 743  2.8695919e-03 9.75e-05 4.57e-02 -11.0 1.90e-03    -  1.00e+00 1.00e+00h  1
 744  2.8637403e-03 1.38e-04 4.92e-03 -11.0 1.05e-03    -  1.00e+00 1.00e+00h  1
 745  2.8626081e-03 6.51e-05 2.95e-02 -11.0 4.86e-04    -  1.00e+00 1.00e+00h  1
 746  2.8658078e-03 1.03e-05 2.91e-01 -11.0 6.46e-03    -  1.00e+00 1.00e+00H  1
 747  2.8625019e-03 4.99e-04 2.44e-01 -11.0 3.59e-02    -  1.00e+00 6.25e-02h  5
 748  2.8597538e-03 2.11e-03 2.82e-01 -11.0 2.69e-02    -  1.00e+00 2.50e-01h  3
 749  2.8508231e-03 2.35e-03 7.08e-02 -11.0 3.85e-02    -  1.00e+00 1.25e-01h  4
iter    objective    inf_pr   inf_du lg(mu)  ||d||  lg(rg) alpha_du alpha_pr  ls
 750  2.8480863e-03 2.39e-03 1.30e-01 -11.0 3.94e-02    -  1.00e+00 1.25e-01h  4
 751  2.8460109e-03 1.69e-02 1.64e-01 -11.0 5.64e-02    -  1.00e+00 2.50e-01h  3
 752  2.8402940e-03 1.55e-02 4.35e-02 -11.0 6.91e-02    -  1.00e+00 6.25e-02h  5
 753  2.8328222e-03 5.03e-02 8.29e-02 -11.0 5.50e-02    -  1.00e+00 5.00e-01h  2
 754  2.8271111e-03 5.78e-02 1.80e-01 -11.0 3.65e-01    -  1.00e+00 3.12e-02h  6
 755  2.8198971e-03 5.57e-02 3.60e-01 -11.0 7.81e-02    -  1.00e+00 1.25e-01h  4
 756  2.8077122e-03 5.24e-02 2.36e-01 -11.0 1.11e-01    -  1.00e+00 6.25e-02h  5
 757  3.0507108e-03 2.20e-02 1.14e+00 -11.0 2.02e-02    -  1.00e+00 1.00e+00w  1
 758  3.0582470e-03 7.82e-02 1.72e+00 -11.0 3.27e-02    -  1.00e+00 1.00e+00w  1
 759  1.1646832e-02 9.62e-01 5.90e+00 -11.0 9.72e-02    -  1.00e+00 1.00e+00w  1
iter    objective    inf_pr   inf_du lg(mu)  ||d||  lg(rg) alpha_du alpha_pr  ls
 760  2.8368699e-03 2.91e-02 6.18e-01 -11.0 6.42e-01    -  1.00e+00 5.00e-01h  1
 761  2.8154903e-03 3.69e-02 3.43e-01 -11.0 1.29e-01    -  1.00e+00 1.25e-01h  4
 762  2.8267718e-03 9.19e-04 2.23e-01 -11.0 3.31e-03    -  1.00e+00 1.00e+00h  1
 763  2.7978788e-03 4.87e-05 1.08e-01 -11.0 1.36e-03    -  1.00e+00 1.00e+00h  1
 764  2.7926314e-03 1.14e-04 2.81e-02 -11.0 8.33e-04    -  1.00e+00 1.00e+00h  1
 765  2.7911886e-03 2.54e-05 2.43e-02 -11.0 2.28e-04    -  1.00e+00 1.00e+00h  1
 766  2.7876505e-03 3.80e-03 2.42e-01 -11.0 3.60e-03    -  1.00e+00 1.00e+00h  1
 767  2.8098408e-03 1.66e-05 4.59e-01 -11.0 7.73e-03    -  1.00e+00 1.00e+00H  1
 768  2.7879016e-03 1.25e-03 5.04e-01 -11.0 6.62e-03    -  1.00e+00 2.50e-01h  3
 769  2.7606042e-03 3.91e-03 2.50e-01 -11.0 3.23e-03    -  1.00e+00 1.00e+00h  1
iter    objective    inf_pr   inf_du lg(mu)  ||d||  lg(rg) alpha_du alpha_pr  ls
 770  2.7689049e-03 7.44e-04 1.43e-01 -11.0 2.85e-03    -  1.00e+00 1.00e+00h  1
 771  2.7489048e-03 1.04e-03 6.39e-02 -11.0 1.93e-03    -  1.00e+00 1.00e+00h  1
 772  2.7470076e-03 1.48e-04 2.89e-02 -11.0 1.28e-03    -  1.00e+00 1.00e+00h  1
 773  2.7464533e-03 8.31e-04 6.38e-02 -11.0 2.51e-02    -  1.00e+00 1.25e-01h  4
 774  2.8361806e-03 4.81e-06 2.43e-01 -11.0 7.51e-03    -  1.00e+00 1.00e+00H  1
 775  2.7447676e-03 1.87e-04 4.31e-02 -11.0 6.49e-03    -  1.00e+00 1.00e+00H  1
 776  2.8335636e-03 1.36e-05 5.56e-02 -11.0 2.82e-03    -  1.00e+00 1.00e+00H  1
 777  2.7392026e-03 1.68e-03 5.25e-03 -11.0 2.33e-03    -  1.00e+00 1.00e+00h  1
 778  2.7407060e-03 2.65e-06 4.02e-03 -11.0 2.01e-04    -  1.00e+00 1.00e+00h  1
 779  2.7391327e-03 5.57e-04 3.14e-02 -11.0 2.45e-03    -  1.00e+00 1.00e+00h  1
iter    objective    inf_pr   inf_du lg(mu)  ||d||  lg(rg) alpha_du alpha_pr  ls
 780  2.7364208e-03 2.15e-03 7.62e-02 -11.0 3.48e-02    -  1.00e+00 1.25e-01h  4
 781  2.7349510e-03 5.65e-03 1.32e-01 -11.0 5.28e-02    -  1.00e+00 1.25e-01h  4
 782  2.7300685e-03 1.48e-02 2.14e-01 -11.0 1.13e-01    -  1.00e+00 6.25e-02h  5
 783  2.7270019e-03 1.79e-02 1.11e-01 -11.0 1.39e-01    -  1.00e+00 3.12e-02h  6
 784  2.7222316e-03 1.99e-02 1.15e-01 -11.0 8.75e-02    -  1.00e+00 6.25e-02h  5
 785  2.7060881e-03 7.89e-02 1.79e-01 -11.0 7.35e-01    -  1.00e+00 3.12e-02h  6
 786  2.7002557e-03 8.38e-02 3.65e-01 -11.0 1.42e+00    -  1.00e+00 7.81e-03h  8
 787  2.6948929e-03 8.62e-02 2.08e-01 -11.0 3.60e-01    -  1.00e+00 1.56e-02h  7
 788  2.6911622e-03 6.26e-02 1.58e-01 -11.0 5.78e-02    -  1.00e+00 2.50e-01h  3
 789  2.6836644e-03 1.13e-01 1.92e-01 -11.0 4.59e-01    -  1.00e+00 6.25e-02h  5
iter    objective    inf_pr   inf_du lg(mu)  ||d||  lg(rg) alpha_du alpha_pr  ls
 790  3.0824023e-01 6.30e+02 2.64e+03 -11.0 1.43e+00    -  1.00e+00 1.00e+00w  1
 791  4.2780097e+03 3.90e+06 1.17e+06 -11.0 4.59e+01    -  1.00e+00 1.00e+00w  1
 792  7.9738821e+05 4.97e+06 2.90e+08 -11.0 1.04e+03    -  1.00e+00 1.00e+00w  1
 793  2.6811513e-03 1.09e-01 2.77e-01 -11.0 3.58e+07    -  1.00e+00 1.56e-02h  6
 794  2.6536725e-03 1.10e-01 6.35e-01 -11.0 5.90e-02  -4.0 1.00e+00 2.50e-01h  3
 795  2.6605276e-03 1.06e-01 1.22e+00 -11.0 1.49e-01    -  1.00e+00 3.12e-02h  6
 796  2.6778715e-03 5.39e-02 7.94e-02 -11.0 8.76e-03    -  1.00e+00 5.00e-01h  2
 797  2.6745595e-03 4.01e-02 4.27e-01 -11.0 1.19e-02  -3.1 1.00e+00 2.50e-01h  3
 798  2.6960001e-03 1.43e-02 6.57e-01 -11.0 5.62e-03  -2.7 1.00e+00 1.00e+00h  1
 799  2.6669511e-03 2.18e-03 8.96e-01 -11.0 4.04e-03    -  1.00e+00 1.00e+00h  1
iter    objective    inf_pr   inf_du lg(mu)  ||d||  lg(rg) alpha_du alpha_pr  ls
 800  2.6434644e-03 7.58e-03 2.33e-01 -11.0 4.31e-03    -  1.00e+00 1.00e+00h  1
 801  2.7091291e-03 1.77e-04 9.45e-01 -11.0 4.99e-03    -  1.00e+00 1.00e+00H  1
 802  2.6259463e-03 7.44e-03 4.43e-02 -11.0 4.11e-03    -  1.00e+00 1.00e+00h  1
 803  2.6684817e-03 1.84e-03 2.57e-01 -11.0 3.30e-03    -  1.00e+00 1.00e+00h  1
 804  2.6294636e-03 7.82e-04 7.26e-02 -11.0 1.96e-03    -  1.00e+00 1.00e+00h  1
 805  2.6240938e-03 1.15e-04 1.45e-02 -11.0 5.92e-04    -  1.00e+00 1.00e+00h  1
 806  2.6194678e-03 1.23e-03 7.23e-02 -11.0 2.12e-03    -  1.00e+00 1.00e+00h  1
 807  2.6184801e-03 5.61e-03 1.66e-01 -11.0 3.76e-02    -  1.00e+00 1.25e-01h  4
 808  2.6557858e-03 7.04e-05 1.05e+00 -11.0 2.19e-02    -  1.00e+00 1.00e+00H  1
 809  2.6522325e-03 5.09e-05 1.01e+00 -11.0 3.88e-02    -  1.00e+00 1.56e-02h  7
iter    objective    inf_pr   inf_du lg(mu)  ||d||  lg(rg) alpha_du alpha_pr  ls
 810  2.6422545e-03 9.26e-05 9.22e-01 -11.0 1.61e-02    -  1.00e+00 6.25e-02h  5
 811  2.6239296e-03 5.14e-05 6.96e-01 -11.0 1.83e-02    -  1.00e+00 1.00e+00H  1
 812  2.6851460e-03 3.94e-06 1.69e-01 -11.0 4.81e-03    -  1.00e+00 1.00e+00H  1
 813  2.5897459e-03 7.91e-03 1.12e-01 -11.0 7.51e-03    -  1.00e+00 1.00e+00h  1
 814  2.5954499e-03 7.76e-04 1.24e-01 -11.0 2.12e-03    -  1.00e+00 1.00e+00h  1
 815  2.5867628e-03 2.80e-04 1.03e-01 -11.0 1.84e-03    -  1.00e+00 1.00e+00h  1
 816  2.5859176e-03 7.93e-05 1.81e-01 -11.0 1.61e-03    -  1.00e+00 1.00e+00h  1
 817  2.5812658e-03 3.57e-04 6.26e-02 -11.0 1.49e-03    -  1.00e+00 1.00e+00h  1
 818  2.5919879e-03 3.15e-05 4.26e-01 -11.0 7.14e-03    -  1.00e+00 1.00e+00H  1
 819  2.5899155e-03 4.30e-05 4.39e-01 -11.0 1.30e-02    -  1.00e+00 3.12e-02h  6
iter    objective    inf_pr   inf_du lg(mu)  ||d||  lg(rg) alpha_du alpha_pr  ls
 820  2.5868277e-03 1.39e-05 1.61e-01 -11.0 6.83e-03    -  1.00e+00 1.00e+00H  1
 821  2.5745200e-03 1.62e-03 1.49e-01 -11.0 1.16e-02    -  1.00e+00 2.50e-01h  3
 822  2.5722751e-03 1.66e-03 1.99e-01 -11.0 3.15e-03    -  1.00e+00 1.00e+00h  1
 823  2.5814869e-03 8.67e-05 1.64e-01 -11.0 3.57e-03    -  1.00e+00 1.00e+00H  1
 824  2.5431261e-03 5.13e-04 5.35e-02 -11.0 3.28e-03    -  1.00e+00 1.00e+00h  1
 825  2.5406444e-03 8.83e-04 3.12e-02 -11.0 2.45e-03    -  1.00e+00 1.00e+00h  1
 826  2.5396737e-03 2.29e-02 3.44e-01 -11.0 5.27e-02    -  1.00e+00 2.50e-01h  3
 827  2.5340131e-03 4.56e-02 3.40e-01 -11.0 4.45e-01    -  1.00e+00 3.12e-02h  6
 828  2.5298224e-03 5.40e-02 2.58e-01 -11.0 5.57e-01    -  1.00e+00 1.56e-02h  7
 829  2.5286811e-03 5.88e-02 2.44e-01 -11.0 2.41e-01    -  1.00e+00 3.12e-02h  6
iter    objective    inf_pr   inf_du lg(mu)  ||d||  lg(rg) alpha_du alpha_pr  ls
 830  2.5253556e-03 5.63e-02 2.52e-01 -11.0 8.55e-02    -  1.00e+00 6.25e-02h  5
 831  2.5232883e-03 5.88e-02 2.74e-01 -11.0 2.26e-01    -  1.00e+00 3.12e-02h  6
 832  2.5374047e-03 4.58e-02 4.77e-01 -11.0 4.58e-02    -  1.00e+00 2.50e-01h  3
 833  2.5293621e-03 4.91e-02 4.63e-01 -11.0 1.60e-01    -  1.00e+00 3.12e-02h  6
 834  2.5198377e-03 6.06e-02 5.19e-01 -11.0 1.77e+00    -  1.00e+00 3.91e-03h  9
 835  2.5146191e-03 6.37e-02 5.37e-01 -11.0 1.62e-01    -  1.00e+00 3.12e-02h  6
 836  3.7616689e-03 5.61e-01 3.13e+00 -11.0 7.79e-02    -  1.00e+00 1.00e+00w  1
 837  9.3067419e-01 3.30e+01 1.89e+02 -11.0 3.54e-01    -  1.00e+00 1.00e+00w  1
 838  3.8914187e-01 1.25e+01 3.78e+01 -11.0 4.29e-01    -  1.00e+00 1.00e+00w  1
 839  2.5009051e-03 6.37e-02 9.41e-01 -11.0 3.73e-01    -  1.00e+00 1.25e-01h  3
iter    objective    inf_pr   inf_du lg(mu)  ||d||  lg(rg) alpha_du alpha_pr  ls
 840  2.5396364e-03 3.91e-02 3.31e-01 -11.0 9.49e-03    -  1.00e+00 5.00e-01h  2
 841  2.5034837e-03 1.97e-02 1.86e-01 -11.0 1.15e-02    -  1.00e+00 1.00e+00h  1
 842  2.4925653e-03 2.09e-02 1.70e-01 -11.0 5.50e-02    -  1.00e+00 6.25e-02h  5
 843  2.5002643e-03 1.58e-02 6.20e-02 -11.0 1.04e-02    -  1.00e+00 5.00e-01h  2
 844  2.5371613e-03 2.76e-03 2.58e-01 -11.0 1.80e-02    -  1.00e+00 1.00e+00H  1
 845  2.5323716e-03 8.92e-03 3.99e-01 -11.0 1.15e-01    -  1.00e+00 6.25e-02h  5
 846  2.5126331e-03 1.58e-02 3.47e-01 -11.0 2.63e-02    -  1.00e+00 2.50e-01h  3
 847  2.4899116e-03 2.54e-02 2.10e-01 -11.0 1.24e-01    -  1.00e+00 6.25e-02h  5
 848  2.4783648e-03 2.51e-02 3.93e-01 -11.0 7.58e-02    -  1.00e+00 3.12e-02h  6
 849  2.5133623e-03 2.25e-03 4.84e-01 -11.0 1.43e-02    -  1.00e+00 1.00e+00H  1
iter    objective    inf_pr   inf_du lg(mu)  ||d||  lg(rg) alpha_du alpha_pr  ls
 850  2.5200678e-03 1.82e-03 1.49e-01 -11.0 2.27e-02    -  1.00e+00 1.25e-01h  4
 851  2.4685469e-03 3.87e-02 2.95e-01 -11.0 1.34e-02    -  1.00e+00 1.00e+00h  1
 852  2.4712889e-03 3.77e-02 5.00e-02 -11.0 5.79e-02    -  1.00e+00 6.25e-02h  5
 853  2.4896834e-03 3.75e-03 3.17e-01 -11.0 4.96e-03    -  1.00e+00 1.00e+00h  1
 854  2.4824600e-03 1.06e-03 2.30e-01 -11.0 2.24e-03    -  1.00e+00 1.00e+00h  1
 855  2.4643866e-03 8.12e-04 4.02e-02 -11.0 1.60e-03    -  1.00e+00 1.00e+00h  1
 856  2.4632035e-03 1.45e-05 4.37e-02 -11.0 4.39e-04    -  1.00e+00 1.00e+00h  1
 857  2.4627405e-03 8.76e-06 1.98e-02 -11.0 2.23e-04    -  1.00e+00 1.00e+00h  1
 858  2.4620501e-03 5.26e-04 1.28e-01 -11.0 1.82e-03    -  1.00e+00 1.00e+00h  1
 859  2.5075454e-03 5.65e-06 1.97e-01 -11.0 1.06e-02    -  1.00e+00 1.00e+00H  1
iter    objective    inf_pr   inf_du lg(mu)  ||d||  lg(rg) alpha_du alpha_pr  ls
 860  2.4874136e-03 1.09e-06 1.55e-01 -11.0 3.29e-03    -  1.00e+00 1.00e+00H  1
 861  2.4644951e-03 4.48e-06 2.00e-01 -11.0 3.99e-03    -  1.00e+00 1.00e+00H  1
 862  2.4568302e-03 6.74e-04 8.45e-02 -11.0 1.65e-03    -  1.00e+00 1.00e+00h  1
 863  2.4522887e-03 2.30e-04 6.33e-02 -11.0 1.80e-03    -  1.00e+00 1.00e+00h  1
 864  2.4563800e-03 1.49e-06 8.77e-02 -11.0 2.12e-03    -  1.00e+00 1.00e+00H  1
 865  2.4484040e-03 5.82e-04 2.53e-02 -11.0 1.38e-03    -  1.00e+00 1.00e+00h  1
 866  2.4479565e-03 1.36e-04 3.38e-02 -11.0 5.21e-04    -  1.00e+00 1.00e+00h  1
 867  2.4458096e-03 4.51e-05 2.79e-02 -11.0 6.43e-04    -  1.00e+00 1.00e+00h  1
 868  2.4462402e-03 2.96e-06 3.38e-02 -11.0 2.60e-03    -  1.00e+00 1.00e+00H  1
 869  2.4398733e-03 3.48e-02 1.53e-01 -11.0 1.52e-02    -  1.00e+00 1.00e+00h  1
iter    objective    inf_pr   inf_du lg(mu)  ||d||  lg(rg) alpha_du alpha_pr  ls
 870  2.4393855e-03 3.52e-02 2.51e-01 -11.0 1.86e-01    -  1.00e+00 1.56e-02h  7
 871  2.4341943e-03 1.77e-02 1.26e-01 -11.0 3.38e-03    -  1.00e+00 5.00e-01h  2
 872  2.4438377e-03 4.14e-03 3.66e-01 -11.0 5.37e-03    -  1.00e+00 1.00e+00h  1
 873  2.4232413e-03 1.08e-02 5.31e-02 -11.0 6.65e-03    -  1.00e+00 1.00e+00h  1
 874  2.4170095e-03 1.18e-02 6.91e-02 -11.0 4.40e-02    -  1.00e+00 6.25e-02h  5
 875  2.4159325e-03 9.96e-03 1.21e-01 -11.0 1.60e-02    -  1.00e+00 2.50e-01h  3
 876  2.4135326e-03 1.14e-02 4.71e-02 -11.0 9.73e-02    -  1.00e+00 6.25e-02h  5
 877  2.4108981e-03 2.19e-02 5.00e-01 -11.0 3.00e-01    -  1.00e+00 6.25e-02h  5
 878  2.4045384e-03 2.89e-02 5.86e-01 -11.0 2.09e+00    -  1.00e+00 7.81e-03h  8
 879  2.4017065e-03 3.02e-02 6.32e-01 -11.0 1.36e+00    -  1.00e+00 3.91e-03h  9
iter    objective    inf_pr   inf_du lg(mu)  ||d||  lg(rg) alpha_du alpha_pr  ls
 880  2.3943659e-03 6.43e-02 6.91e-01 -11.0 1.78e+00    -  1.00e+00 1.56e-02h  7
 881  2.3928126e-03 6.47e-02 6.11e-01 -11.0 1.95e+00    -  1.00e+00 1.95e-03h 10
 882  2.3908599e-03 5.83e-02 2.42e-01 -11.0 8.83e-02    -  1.00e+00 6.25e-02h  5
 883  2.3901809e-03 5.06e-02 1.85e-01 -11.0 1.69e-02    -  1.00e+00 1.25e-01h  4
 884  2.3935853e-03 1.88e-02 3.32e-01 -11.0 1.78e-02    -  1.00e+00 1.00e+00h  1
 885  2.3828595e-03 3.01e-02 1.16e-01 -11.0 5.81e-01    -  1.00e+00 3.12e-02h  6
 886  2.3769181e-03 3.25e-02 7.71e-02 -11.0 2.15e+00    -  1.00e+00 3.91e-03h  9
 887  2.3734354e-03 3.63e-02 1.69e-01 -11.0 1.08e-01    -  1.00e+00 3.12e-02h  6
 888  2.3577589e-03 9.72e-02 4.89e-01 -11.0 5.22e-01    -  1.00e+00 6.25e-02h  5
 889  2.3496513e-03 1.02e-01 7.31e-01 -11.0 5.68e+00    -  1.00e+00 9.77e-04h 11
iter    objective    inf_pr   inf_du lg(mu)  ||d||  lg(rg) alpha_du alpha_pr  ls
 890  2.3330112e-03 1.14e-01 1.12e+00 -11.0 1.99e-01    -  1.00e+00 1.25e-01h  4
 891  2.3325703e-03 1.37e-01 1.47e+00 -11.0 1.32e+00    -  1.00e+00 7.81e-03h  8
 892  2.3249137e-03 2.01e-01 3.09e+00 -11.0 4.56e-01    -  1.00e+00 6.25e-02h  5
 893  2.3144978e-03 1.96e-01 2.87e+00 -11.0 4.07e-01    -  1.00e+00 1.56e-02h  7
 894  2.2985366e-03 1.53e-01 1.50e+00 -11.0 2.50e-02    -  1.00e+00 2.50e-01h  3
 895  1.1166504e-02 3.24e+00 1.97e+01 -11.0 1.75e-01    -  1.00e+00 1.00e+00w  1
 896  5.4486872e-02 3.81e+00 2.21e+01 -11.0 2.03e-01    -  1.00e+00 1.00e+00w  1
 897  2.3242849e-01 1.80e+01 6.51e+01 -11.0 4.12e-01    -  1.00e+00 1.00e+00w  1
 898  2.2767643e-03 1.50e-01 8.10e-01 -11.0 9.29e-01    -  1.00e+00 6.25e-02h  4
 899  2.3146571e-03 1.46e-01 8.13e-01 -11.0 1.11e-01    -  1.00e+00 1.25e-01h  4
iter    objective    inf_pr   inf_du lg(mu)  ||d||  lg(rg) alpha_du alpha_pr  ls
 900  2.3158204e-03 1.37e-01 6.08e-01 -11.0 1.13e-01    -  1.00e+00 6.25e-02h  5
 901  2.3495563e-03 1.04e-01 2.64e-01 -11.0 1.91e-02    -  1.00e+00 2.50e-01h  3
 902  2.2688323e-03 1.02e-02 1.80e-01 -11.0 1.00e-02    -  1.00e+00 1.00e+00h  1
 903  2.2651760e-03 1.05e-02 4.92e-01 -11.0 3.18e-02    -  1.00e+00 1.25e-01h  4
 904  2.2625226e-03 2.46e-03 5.87e-01 -11.0 4.41e-03    -  1.00e+00 1.00e+00h  1
 905  2.4267402e-03 1.40e-03 1.07e+00 -11.0 6.04e-03    -  1.00e+00 1.00e+00H  1
 906  2.2456890e-03 4.05e-03 2.80e-01 -11.0 5.70e-03    -  1.00e+00 1.00e+00h  1
 907  2.2436293e-03 2.51e-03 1.01e-01 -11.0 4.83e-03    -  1.00e+00 5.00e-01h  2
 908  2.2391496e-03 2.03e-04 5.78e-02 -11.0 1.36e-03    -  1.00e+00 1.00e+00h  1
 909  2.2345868e-03 2.59e-04 1.24e-01 -11.0 1.05e-03    -  1.00e+00 1.00e+00h  1
iter    objective    inf_pr   inf_du lg(mu)  ||d||  lg(rg) alpha_du alpha_pr  ls
 910  2.2335399e-03 1.43e-04 9.32e-02 -11.0 5.80e-04    -  1.00e+00 1.00e+00h  1
 911  2.2294765e-03 7.47e-04 3.03e-02 -11.0 1.83e-03    -  1.00e+00 1.00e+00h  1
 912  2.2272679e-03 2.05e-03 1.96e-02 -11.0 2.45e-02    -  1.00e+00 1.25e-01h  4
 913  2.2241345e-03 4.34e-03 2.63e-01 -11.0 3.16e-02    -  1.00e+00 1.25e-01h  4
 914  2.2214311e-03 6.58e-03 5.59e-01 -11.0 5.81e-02    -  1.00e+00 6.25e-02h  5
 915  2.2177258e-03 2.48e-02 4.91e-01 -11.0 6.92e-02    -  1.00e+00 1.25e-01h  4
 916  2.2131543e-03 2.81e-02 4.78e-01 -11.0 2.35e-01    -  1.00e+00 1.56e-02h  7
 917  2.2064191e-03 2.92e-02 3.11e-01 -11.0 4.11e-02    -  1.00e+00 1.25e-01h  4
 918  2.1940341e-03 4.50e-02 3.31e-01 -11.0 1.69e-01    -  1.00e+00 6.25e-02h  5
 919  2.1900335e-03 1.02e-01 1.42e+00 -11.0 3.15e-01    -  1.00e+00 6.25e-02h  5
iter    objective    inf_pr   inf_du lg(mu)  ||d||  lg(rg) alpha_du alpha_pr  ls
 920  2.1846823e-03 1.41e-01 2.34e+00 -11.0 5.32e-01    -  1.00e+00 3.12e-02h  6
 921  2.1788427e-03 1.40e-01 2.39e+00 -11.0 1.67e-01    -  1.00e+00 3.12e-02h  6
 922  5.8781358e-03 1.62e+00 4.61e+00 -11.0 1.21e-01    -  1.00e+00 1.00e+00w  1
 923  8.4409097e-03 1.30e+00 1.07e+01 -11.0 4.78e-02    -  1.00e+00 1.00e+00w  1
 924  9.6810761e-03 1.64e+00 6.16e+00 -11.0 9.42e-02    -  1.00e+00 1.00e+00w  1
 925  2.1726382e-03 1.38e-01 2.51e+00 -11.0 2.92e-01    -  1.00e+00 6.25e-02h  4
 926  2.2158781e-03 2.15e-02 1.07e+00 -11.0 1.24e-02    -  1.00e+00 1.00e+00h  1
 927  2.2103606e-03 2.24e-02 8.62e-01 -11.0 7.77e-03    -  1.00e+00 5.00e-01h  2
 928  2.2163447e-03 8.49e-03 1.32e+00 -11.0 5.21e-03    -  1.00e+00 1.00e+00h  1
 929  2.2118014e-03 9.78e-03 1.26e-01 -11.0 5.46e-03    -  1.00e+00 1.00e+00h  1
iter    objective    inf_pr   inf_du lg(mu)  ||d||  lg(rg) alpha_du alpha_pr  ls
 930  2.1708064e-03 5.33e-03 1.27e-01 -11.0 3.29e-03    -  1.00e+00 1.00e+00h  1
 931  2.1667718e-03 1.36e-03 2.37e-01 -11.0 2.56e-03    -  1.00e+00 1.00e+00h  1
 932  2.1560105e-03 5.11e-04 7.51e-02 -11.0 1.16e-03    -  1.00e+00 1.00e+00h  1
 933  2.1544881e-03 2.45e-05 7.82e-02 -11.0 4.81e-04    -  1.00e+00 1.00e+00h  1
 934  2.1541498e-03 1.30e-05 1.84e-02 -11.0 2.06e-04    -  1.00e+00 1.00e+00h  1
 935  2.1525576e-03 1.84e-03 1.11e-01 -11.0 2.35e-03    -  1.00e+00 1.00e+00h  1
 936  2.1523606e-03 4.42e-03 1.60e-01 -11.0 2.27e-02    -  1.00e+00 1.25e-01h  4
 937  2.1807627e-03 1.61e-05 4.75e-01 -11.0 1.14e-02    -  1.00e+00 1.00e+00H  1
 938  2.1805609e-03 1.63e-05 4.78e-01 -11.0 1.26e-02    -  1.00e+00 1.95e-03h 10
 939  2.1774852e-03 3.47e-06 2.11e-01 -11.0 7.59e-03    -  1.00e+00 1.00e+00H  1
iter    objective    inf_pr   inf_du lg(mu)  ||d||  lg(rg) alpha_du alpha_pr  ls
 940  2.1739330e-03 4.63e-06 2.20e-01 -11.0 4.36e-03    -  1.00e+00 3.12e-02h  6
 941  2.1439204e-03 3.59e-03 5.99e-02 -11.0 3.23e-03    -  1.00e+00 1.00e+00h  1
 942  2.1443199e-03 1.12e-03 6.60e-02 -11.0 1.86e-03    -  1.00e+00 1.00e+00h  1
 943  2.1439188e-03 2.54e-03 1.22e-01 -11.0 3.09e-03    -  1.00e+00 1.00e+00h  1
 944  2.1859256e-03 8.51e-07 4.20e-01 -11.0 3.52e-03    -  1.00e+00 1.00e+00H  1
 945  2.1416817e-03 2.86e-03 1.07e-01 -11.0 4.14e-03    -  1.00e+00 1.00e+00h  1
 946  2.1407219e-03 1.82e-03 5.44e-02 -11.0 2.45e-03    -  1.00e+00 5.00e-01h  2
 947  2.1397386e-03 1.31e-03 4.60e-02 -11.0 2.09e-03    -  1.00e+00 1.00e+00h  1
 948  2.1394089e-03 1.04e-03 2.92e-02 -11.0 5.10e-03    -  1.00e+00 2.50e-01h  3
 949  2.1494678e-03 4.24e-04 6.27e-02 -11.0 7.39e-03    -  1.00e+00 1.00e+00H  1
iter    objective    inf_pr   inf_du lg(mu)  ||d||  lg(rg) alpha_du alpha_pr  ls
 950  2.1465319e-03 5.60e-04 1.58e-01 -11.0 1.25e-02    -  1.00e+00 1.25e-01h  4
 951  2.1684597e-03 1.71e-06 4.78e-01 -11.0 3.14e-03    -  1.00e+00 1.00e+00H  1
 952  2.1352887e-03 1.87e-03 2.97e-01 -11.0 2.27e-03    -  1.00e+00 1.00e+00h  1
 953  2.1355010e-03 8.65e-04 3.20e-02 -11.0 2.15e-03    -  1.00e+00 1.00e+00h  1
 954  2.1386575e-03 1.98e-05 3.13e-01 -11.0 3.40e-03    -  1.00e+00 1.00e+00H  1
 955  2.1524554e-03 1.21e-05 2.92e-01 -11.0 3.10e-03    -  1.00e+00 1.00e+00H  1
 956  2.1387568e-03 3.82e-06 2.86e-01 -11.0 2.96e-03    -  1.00e+00 1.00e+00H  1
 957  2.1399951e-03 3.20e-07 2.80e-01 -11.0 2.50e-03    -  1.00e+00 1.00e+00H  1
 958  2.1325958e-03 7.68e-04 5.41e-02 -11.0 1.57e-03    -  1.00e+00 1.00e+00h  1
 959  2.1344374e-03 2.25e-04 2.72e-01 -11.0 1.61e-03    -  1.00e+00 1.00e+00h  1
iter    objective    inf_pr   inf_du lg(mu)  ||d||  lg(rg) alpha_du alpha_pr  ls
 960  2.1294406e-03 1.40e-04 3.55e-02 -11.0 8.68e-04    -  1.00e+00 1.00e+00h  1
 961  2.1290169e-03 1.65e-04 5.42e-02 -11.0 8.40e-04    -  1.00e+00 1.00e+00h  1
 962  2.1282721e-03 2.07e-05 1.51e-02 -11.0 3.08e-04    -  1.00e+00 1.00e+00h  1
 963  2.1279170e-03 9.91e-05 3.44e-02 -11.0 7.56e-04    -  1.00e+00 1.00e+00h  1
 964  2.1250593e-03 3.72e-03 2.86e-01 -11.0 5.67e-03    -  1.00e+00 1.00e+00h  1
 965  2.1243526e-03 3.76e-03 3.55e-01 -11.0 7.66e-02    -  1.00e+00 1.56e-02h  7
 966  2.1254555e-03 1.78e-03 5.87e-01 -11.0 4.64e-03    -  1.00e+00 5.00e-01h  2
 967  2.1173790e-03 2.50e-03 4.12e-02 -11.0 8.66e-03    -  1.00e+00 5.00e-01h  2
 968  2.1109497e-03 4.24e-03 3.55e-01 -11.0 6.32e-02    -  1.00e+00 6.25e-02h  5
 969  2.1067198e-03 8.32e-03 8.78e-02 -11.0 1.11e-01    -  1.00e+00 6.25e-02h  5
iter    objective    inf_pr   inf_du lg(mu)  ||d||  lg(rg) alpha_du alpha_pr  ls
 970  2.1045742e-03 2.73e-02 2.17e-01 -11.0 9.23e-01    -  1.00e+00 1.56e-02h  7
 971  2.1038282e-03 3.86e-02 2.08e-01 -11.0 6.97e-01    -  1.00e+00 1.56e-02h  7
 972  2.1000890e-03 5.08e-02 3.81e-01 -11.0 7.49e-01    -  1.00e+00 1.56e-02h  7
 973  2.0979606e-03 6.60e-02 2.04e-01 -11.0 7.71e-01    -  1.00e+00 1.56e-02h  7
 974  2.0973673e-03 6.79e-02 2.38e-01 -11.0 3.25e-01    -  1.00e+00 1.56e-02h  7
 975  2.7767116e-03 4.36e-02 2.30e+00 -11.0 1.84e-02    -  1.00e+00 1.00e+00w  1
 976  2.0978914e-03 2.87e-02 1.20e+00 -11.0 1.36e-02    -  1.00e+00 1.00e+00h  1
 977  2.0812277e-03 1.54e-02 2.03e-01 -11.0 1.54e-02    -  1.00e+00 5.00e-01h  2
 978  2.0946587e-03 1.26e-02 1.05e+00 -11.0 1.18e-02    -  1.00e+00 2.50e-01h  3
 979  2.0757602e-03 2.35e-03 2.56e-01 -11.0 4.50e-03    -  1.00e+00 1.00e+00h  1
iter    objective    inf_pr   inf_du lg(mu)  ||d||  lg(rg) alpha_du alpha_pr  ls
 980  2.0744511e-03 2.44e-03 1.49e-01 -11.0 1.18e-02    -  1.00e+00 1.25e-01h  4
 981  2.0783541e-03 2.68e-04 1.99e-01 -11.0 1.07e-03    -  1.00e+00 1.00e+00h  1
 982  2.0740766e-03 5.43e-04 3.83e-01 -11.0 1.40e-03    -  1.00e+00 1.00e+00h  1
 983  2.0737610e-03 3.87e-04 1.65e-01 -11.0 1.34e-03    -  1.00e+00 1.00e+00h  1
 984  2.0676072e-03 4.75e-04 1.11e-01 -11.0 2.25e-03    -  1.00e+00 1.00e+00h  1
 985  2.1088124e-03 5.74e-05 1.01e-01 -11.0 6.75e-03    -  1.00e+00 1.00e+00H  1
 986  2.0994336e-03 1.77e-04 3.29e-01 -11.0 4.80e-03    -  1.00e+00 1.00e+00H  1
 987  2.0602916e-03 3.40e-03 1.71e-01 -11.0 3.74e-03    -  1.00e+00 1.00e+00h  1
 988  2.0611795e-03 1.81e-03 1.27e-01 -11.0 2.27e-03    -  1.00e+00 5.00e-01h  2
 989  2.0597037e-03 1.10e-04 3.12e-02 -11.0 7.32e-04    -  1.00e+00 1.00e+00h  1
iter    objective    inf_pr   inf_du lg(mu)  ||d||  lg(rg) alpha_du alpha_pr  ls
 990  2.0594707e-03 3.63e-06 2.03e-02 -11.0 1.08e-04    -  1.00e+00 1.00e+00h  1
 991  2.0570898e-03 1.09e-03 2.00e-01 -11.0 1.94e-03    -  1.00e+00 1.00e+00h  1
 992  2.0565657e-03 1.21e-03 2.68e-01 -11.0 2.59e-02    -  1.00e+00 3.12e-02h  6
 993  2.0652271e-03 2.10e-07 4.86e-02 -11.0 4.88e-03    -  1.00e+00 1.00e+00H  1
 994  2.0649104e-03 1.52e-06 4.36e-02 -11.0 9.48e-03    -  1.00e+00 7.81e-03h  8
 995  2.0647176e-03 1.68e-06 4.05e-02 -11.0 4.40e-02    -  1.00e+00 9.77e-04h 11
 996  2.0560579e-03 1.02e-03 1.83e-01 -11.0 1.15e-02    -  1.00e+00 2.50e-01h  3
 997  2.0517246e-03 2.46e-03 4.00e-01 -11.0 2.29e-02    -  1.00e+00 1.25e-01h  4
 998  2.0477261e-03 2.20e-03 8.69e-02 -11.0 6.06e-03    -  1.00e+00 2.50e-01h  3
 999  2.0454260e-03 3.27e-03 1.98e-02 -11.0 5.35e-03    -  1.00e+00 5.00e-01h  2
iter    objective    inf_pr   inf_du lg(mu)  ||d||  lg(rg) alpha_du alpha_pr  ls
1000  2.0423513e-03 5.60e-03 5.09e-02 -11.0 2.38e-02    -  1.00e+00 1.25e-01h  4
1001  2.0413948e-03 7.06e-03 1.27e-01 -11.0 3.71e-02    -  1.00e+00 6.25e-02h  5
1002  2.0370279e-03 2.14e-02 2.93e-01 -11.0 5.16e-02    -  1.00e+00 1.25e-01h  4
1003  2.0360818e-03 2.52e-02 4.07e-01 -11.0 2.19e-01    -  1.00e+00 1.56e-02h  7
1004  4.9478182e-03 1.16e+01 6.19e+00 -11.0 1.89e-01    -  1.00e+00 1.00e+00w  1
1005  5.5230866e-02 3.98e+00 2.92e+01 -11.0 1.16e-01    -  1.00e+00 1.00e+00w  1
1006  3.3409878e-02 8.20e+00 1.30e+01 -11.0 1.37e-01    -  1.00e+00 1.00e+00w  1
1007  2.0353104e-03 7.09e-02 4.16e-01 -11.0 2.33e-01    -  1.00e+00 6.25e-02h  4
1008  2.0318519e-03 6.91e-02 6.58e-01 -11.0 4.73e-02    -  1.00e+00 6.25e-02h  5
1009  2.0307127e-03 5.21e-02 3.93e-01 -11.0 5.85e-03    -  1.00e+00 2.50e-01h  3
iter    objective    inf_pr   inf_du lg(mu)  ||d||  lg(rg) alpha_du alpha_pr  ls
1010  2.0339736e-03 9.19e-03 1.49e-01 -11.0 5.01e-03    -  1.00e+00 1.00e+00h  1
1011  2.0324335e-03 1.21e-02 1.80e-01 -11.0 2.71e-02    -  1.00e+00 1.25e-01h  4
1012  2.0311083e-03 1.16e-02 5.23e-01 -11.0 1.19e-02    -  1.00e+00 2.50e-01h  3
1013  2.0404286e-03 8.67e-04 2.01e-01 -11.0 7.65e-03    -  1.00e+00 1.00e+00H  1
1014  2.0340268e-03 7.19e-03 2.85e-01 -11.0 2.21e-02    -  1.00e+00 2.50e-01h  3
1015  2.0236976e-03 1.14e-02 2.19e-01 -11.0 3.80e-02    -  1.00e+00 1.25e-01h  4
1016  2.0214151e-03 1.03e-02 1.66e-01 -11.0 1.61e-02    -  1.00e+00 1.25e-01h  4
1017  2.0220602e-03 3.42e-03 2.75e-01 -11.0 4.05e-03    -  1.00e+00 1.00e+00h  1
1018  2.0119049e-03 2.31e-03 1.02e-01 -11.0 4.02e-03    -  1.00e+00 5.00e-01h  2
1019  2.0031649e-03 7.39e-04 2.24e-01 -11.0 1.14e-03    -  1.00e+00 1.00e+00h  1
iter    objective    inf_pr   inf_du lg(mu)  ||d||  lg(rg) alpha_du alpha_pr  ls
1020  1.9994560e-03 1.43e-03 1.32e-01 -11.0 2.80e-03    -  1.00e+00 1.00e+00h  1
1021  1.9989556e-03 5.51e-03 3.98e-02 -11.0 2.65e-02    -  1.00e+00 2.50e-01h  3
1022  1.9950465e-03 2.37e-02 1.47e-01 -11.0 1.22e-01    -  1.00e+00 1.25e-01h  4
1023  1.9929074e-03 2.29e-02 1.46e-01 -11.0 1.07e-01    -  1.00e+00 3.12e-02h  6
1024  1.9843872e-03 2.39e-02 5.61e-01 -11.0 2.01e-02    -  1.00e+00 5.00e-01h  2
1025  1.9720487e-03 2.55e-02 5.70e-01 -11.0 8.34e-02    -  1.00e+00 6.25e-02h  5
1026  1.9836993e-03 2.25e-02 4.39e-01 -11.0 2.65e-02    -  1.00e+00 2.50e-01h  3
1027  1.9658114e-03 8.82e-03 2.85e-01 -11.0 8.67e-03    -  1.00e+00 1.00e+00h  1
1028  1.9560425e-03 8.92e-03 2.96e-01 -11.0 2.84e-02    -  1.00e+00 1.25e-01h  4
1029  1.9743356e-03 1.74e-03 1.75e-01 -11.0 2.56e-03    -  1.00e+00 1.00e+00h  1
iter    objective    inf_pr   inf_du lg(mu)  ||d||  lg(rg) alpha_du alpha_pr  ls
1030  1.9469340e-03 9.01e-04 3.25e-02 -11.0 1.95e-03    -  1.00e+00 1.00e+00h  1
1031  1.9441081e-03 6.51e-04 4.60e-02 -11.0 3.35e-03    -  1.00e+00 1.00e+00h  1
1032  1.9400579e-03 1.75e-02 8.28e-02 -11.0 3.00e-01    -  1.00e+00 6.25e-02h  5
1033  1.9390025e-03 2.25e-02 1.34e-01 -11.0 7.01e-01    -  1.00e+00 1.56e-02h  7
1034  1.9374056e-03 3.20e-02 8.83e-02 -11.0 5.08e-01    -  1.00e+00 3.12e-02h  6
1035  1.9341370e-03 3.47e-02 2.41e-01 -11.0 3.31e-01    -  1.00e+00 3.12e-02h  6
1036  1.9295669e-03 3.33e-02 6.00e-01 -11.0 2.00e-01    -  1.00e+00 6.25e-02h  5
1037  1.9247733e-03 3.26e-02 4.57e-01 -11.0 1.63e-01    -  1.00e+00 3.12e-02h  6
1038  1.9208952e-03 3.19e-02 1.93e-01 -11.0 3.00e-01    -  1.00e+00 6.25e-02h  5
1039  1.9190624e-03 3.06e-02 1.05e-01 -11.0 4.00e-02    -  1.00e+00 6.25e-02h  5
iter    objective    inf_pr   inf_du lg(mu)  ||d||  lg(rg) alpha_du alpha_pr  ls
1040  1.9206196e-03 1.97e-02 1.39e-01 -11.0 1.89e-02    -  1.00e+00 5.00e-01h  2
1041  1.9128387e-03 2.09e-02 1.91e-01 -11.0 7.03e-02    -  1.00e+00 1.25e-01h  4
1042  3.9560358e-03 2.24e-01 4.90e-01 -11.0 6.80e-02    -  1.00e+00 1.00e+00w  1
1043  2.2868393e-03 1.05e-01 1.86e+00 -11.0 4.05e-02    -  1.00e+00 1.00e+00w  1
1044  1.2004369e-02 1.04e+00 8.58e+00 -11.0 1.54e-01    -  1.00e+00 1.00e+00w  1
1045  1.9220646e-03 2.07e-02 2.19e-01 -11.0 1.56e-01    -  1.00e+00 1.25e-01h  3
1046  1.9225929e-03 1.22e-02 2.84e-01 -11.0 1.14e-02    -  1.00e+00 5.00e-01h  2
1047  1.9129567e-03 1.10e-02 6.04e-02 -11.0 1.45e-02    -  1.00e+00 5.00e-01h  2
1048  1.9317056e-03 7.17e-03 1.54e-01 -11.0 7.01e-03    -  1.00e+00 5.00e-01h  2
1049  1.8943777e-03 1.14e-03 1.02e-01 -11.0 3.22e-03    -  1.00e+00 1.00e+00h  1
iter    objective    inf_pr   inf_du lg(mu)  ||d||  lg(rg) alpha_du alpha_pr  ls
1050  1.8952800e-03 2.56e-04 5.01e-02 -11.0 1.13e-03    -  1.00e+00 1.00e+00h  1
1051  1.8925862e-03 8.80e-05 1.71e-02 -11.0 6.29e-04    -  1.00e+00 1.00e+00h  1
1052  1.8920255e-03 1.16e-05 1.07e-02 -11.0 2.76e-04    -  1.00e+00 1.00e+00h  1
1053  1.9092689e-03 4.54e-07 2.40e-01 -11.0 6.15e-03    -  1.00e+00 1.00e+00H  1
1054  1.8955278e-03 1.69e-05 4.57e-02 -11.0 3.60e-03    -  1.00e+00 1.00e+00H  1
1055  1.9235181e-03 3.31e-07 2.60e-01 -11.0 2.41e-03    -  1.00e+00 1.00e+00H  1
1056  1.8823256e-03 8.84e-04 8.46e-02 -11.0 2.04e-03    -  1.00e+00 1.00e+00h  1
1057  1.8813046e-03 3.13e-05 6.31e-03 -11.0 1.03e-03    -  1.00e+00 1.00e+00h  1
1058  1.8781735e-03 3.39e-03 3.05e-01 -11.0 1.68e-01    -  1.00e+00 6.25e-02h  5
1059  1.8766380e-03 3.68e-03 3.63e-01 -11.0 1.83e-01    -  1.00e+00 1.56e-02h  7
iter    objective    inf_pr   inf_du lg(mu)  ||d||  lg(rg) alpha_du alpha_pr  ls
1060  1.8755792e-03 3.51e-03 3.62e-01 -11.0 3.30e-02    -  1.00e+00 6.25e-02h  5
1061  1.8736470e-03 3.45e-03 2.66e-01 -11.0 4.66e-02    -  1.00e+00 6.25e-02h  5
1062  1.8722465e-03 3.85e-03 3.01e-01 -11.0 4.36e-02    -  1.00e+00 1.25e-01h  4
1063  1.8713283e-03 4.02e-03 3.17e-01 -11.0 1.38e-01    -  1.00e+00 3.12e-02h  6
1064  1.8772909e-03 2.83e-03 7.37e-02 -11.0 1.11e-02    -  1.00e+00 2.50e-01h  3
1065  1.8684405e-03 4.51e-03 2.73e-01 -11.0 1.02e-02    -  1.00e+00 1.00e+00h  1
1066  1.8646512e-03 4.29e-03 1.72e-01 -11.0 5.11e-02    -  1.00e+00 3.12e-02h  6
1067  1.8799847e-03 1.44e-03 2.70e-01 -11.0 1.31e-02    -  1.00e+00 1.00e+00H  1
1068  1.8780021e-03 2.13e-03 2.78e-01 -11.0 1.65e-01    -  1.00e+00 1.56e-02h  7
1069  1.8755421e-03 2.39e-03 2.71e-01 -11.0 1.48e-01    -  1.00e+00 7.81e-03h  8
iter    objective    inf_pr   inf_du lg(mu)  ||d||  lg(rg) alpha_du alpha_pr  ls
1070  1.8719435e-03 2.92e-03 2.62e-01 -11.0 1.21e-01    -  1.00e+00 1.56e-02h  7
1071  1.8640857e-03 2.22e-03 1.28e-01 -11.0 7.50e-02    -  1.00e+00 6.25e-02h  5
1072  1.8459902e-03 1.16e-01 3.91e-01 -11.0 1.89e-01    -  1.00e+00 1.25e-01h  4
1073  1.8386248e-03 1.55e-01 3.81e-01 -11.0 1.50e+00    -  1.00e+00 7.81e-03h  8
1074  1.8350575e-03 1.54e-01 4.40e-01 -11.0 8.73e-01    -  1.00e+00 7.81e-03h  8
1075  1.8286869e-03 3.56e-01 8.07e-01 -11.0 9.43e-01    -  1.00e+00 3.12e-02h  6
1076  1.8244330e-03 3.74e-01 9.75e-01 -11.0 8.81e+00    -  1.00e+00 9.77e-04h 11
1077  1.8222426e-03 3.75e-01 8.99e-01 -11.0 3.46e-01    -  1.00e+00 1.56e-02h  7
1078  8.0984850e-03 2.29e+00 1.58e+00 -11.0 1.73e-01    -  1.00e+00 1.00e+00w  1
1079  1.3671891e-02 3.15e+00 2.04e+00 -11.0 1.02e-01    -  1.00e+00 1.00e+00w  1
iter    objective    inf_pr   inf_du lg(mu)  ||d||  lg(rg) alpha_du alpha_pr  ls
1080  1.7906489e-02 2.09e+00 1.56e+01 -11.0 9.49e-02    -  1.00e+00 1.00e+00w  1
1081  1.8268927e-03 3.61e-01 8.56e-01 -11.0 9.07e-02    -  1.00e+00 6.25e-02h  4
1082  1.8046066e-03 2.70e-01 7.46e-01 -11.0 1.66e-02    -  1.00e+00 2.50e-01h  3
1083  1.8024579e-03 5.35e-04 3.23e-01 -11.0 2.35e-03    -  1.00e+00 1.00e+00h  1
1084  1.7980642e-03 1.17e-03 4.59e-01 -11.0 1.72e-02    -  1.00e+00 1.25e-01h  4
1085  1.7920235e-03 1.64e-04 1.43e-01 -11.0 2.16e-03    -  1.00e+00 1.00e+00h  1
1086  1.7843050e-03 9.12e-05 6.92e-02 -11.0 9.62e-04    -  1.00e+00 1.00e+00h  1
1087  1.7811125e-03 6.83e-05 1.82e-02 -11.0 6.46e-04    -  1.00e+00 1.00e+00h  1
1088  1.7883358e-03 2.68e-05 6.33e-02 -11.0 2.54e-03    -  1.00e+00 1.00e+00H  1
1089  1.7768429e-03 6.35e-04 9.48e-02 -11.0 1.55e-03    -  1.00e+00 1.00e+00h  1
iter    objective    inf_pr   inf_du lg(mu)  ||d||  lg(rg) alpha_du alpha_pr  ls
1090  1.7731850e-03 2.42e-03 2.87e-02 -11.0 1.74e-03    -  1.00e+00 1.00e+00h  1
1091  1.7677136e-03 3.54e-04 1.62e-02 -11.0 6.69e-04    -  1.00e+00 1.00e+00h  1
1092  1.7660993e-03 2.50e-04 9.35e-03 -11.0 1.01e-03    -  1.00e+00 1.00e+00h  1
1093  1.7640953e-03 4.23e-03 1.16e-01 -11.0 2.97e-02    -  1.00e+00 1.25e-01h  4
1094  1.7622904e-03 5.52e-03 5.50e-02 -11.0 1.65e-02    -  1.00e+00 1.25e-01h  4
1095  1.7583414e-03 9.27e-03 6.44e-02 -11.0 1.56e-02    -  1.00e+00 2.50e-01h  3
1096  1.7562467e-03 9.11e-03 6.37e-02 -11.0 1.57e-02    -  1.00e+00 1.25e-01h  4
1097  1.7606003e-03 7.61e-03 1.02e-01 -11.0 6.32e-03    -  1.00e+00 5.00e-01h  2
1098  1.7514611e-03 2.14e-03 7.57e-02 -11.0 2.74e-03    -  1.00e+00 1.00e+00h  1
1099  1.7529540e-03 6.93e-04 7.06e-02 -11.0 1.61e-03    -  1.00e+00 1.00e+00h  1
iter    objective    inf_pr   inf_du lg(mu)  ||d||  lg(rg) alpha_du alpha_pr  ls
1100  1.7464544e-03 5.01e-03 4.22e-02 -11.0 3.39e-03    -  1.00e+00 1.00e+00h  1
1101  1.7455576e-03 5.42e-03 9.37e-03 -11.0 1.18e-02    -  1.00e+00 1.25e-01h  4
1102  1.7459340e-03 3.83e-03 6.96e-02 -11.0 3.99e-03    -  1.00e+00 1.00e+00h  1
1103  1.7415643e-03 8.70e-03 1.59e-01 -11.0 2.41e-02    -  1.00e+00 2.50e-01h  3
1104  1.7371005e-03 1.19e-02 2.37e-01 -11.0 3.88e-02    -  1.00e+00 1.25e-01h  4
1105  1.7323123e-03 1.61e-02 1.37e-01 -11.0 7.89e-02    -  1.00e+00 6.25e-02h  5
1106  1.7294724e-03 1.91e-02 1.36e-01 -11.0 6.04e-02    -  1.00e+00 6.25e-02h  5
1107  1.7285983e-03 2.42e-02 1.29e-01 -11.0 1.35e-01    -  1.00e+00 3.12e-02h  6
1108  1.7334534e-03 8.31e-03 6.15e-02 -11.0 1.00e-02    -  1.00e+00 5.00e-01h  2
1109  1.7298502e-03 1.11e-02 6.86e-02 -11.0 1.72e-02    -  1.00e+00 1.25e-01h  4
iter    objective    inf_pr   inf_du lg(mu)  ||d||  lg(rg) alpha_du alpha_pr  ls
1110  1.7248100e-03 1.17e-02 4.21e-02 -11.0 1.32e-02    -  1.00e+00 2.50e-01h  3
1111  1.7217408e-03 1.55e-02 2.73e-02 -11.0 4.27e-02    -  1.00e+00 1.25e-01h  4
1112  1.7206826e-03 1.93e-02 4.84e-02 -11.0 6.47e-02    -  1.00e+00 6.25e-02h  5
1113  3.0693602e-03 1.54e+00 6.99e-01 -11.0 8.35e-02    -  1.00e+00 1.00e+00w  1
1114  1.0826406e-02 3.59e+00 1.43e+00 -11.0 8.69e-02    -  1.00e+00 1.00e+00w  1
1115  5.4077721e-03 2.62e+00 6.27e+00 -11.0 4.81e-02    -  1.00e+00 1.00e+00w  1
1116  1.7200300e-03 2.02e-02 5.95e-02 -11.0 3.64e-02    -  1.00e+00 3.12e-02h  5
1117  1.7246795e-03 1.15e-02 2.28e-01 -11.0 6.20e-03    -  1.00e+00 5.00e-01h  2
1118  1.7272958e-03 1.60e-03 1.12e-01 -11.0 2.49e-03    -  1.00e+00 1.00e+00h  1
1119  1.7602975e-03 2.98e-04 2.35e-01 -11.0 3.92e-03    -  1.00e+00 1.00e+00H  1
iter    objective    inf_pr   inf_du lg(mu)  ||d||  lg(rg) alpha_du alpha_pr  ls
1120  1.7150450e-03 4.82e-03 3.67e-02 -11.0 4.38e-03    -  1.00e+00 1.00e+00h  1
1121  1.7150800e-03 3.65e-03 3.23e-02 -11.0 3.89e-03    -  1.00e+00 2.50e-01h  3
1122  1.7150925e-03 1.23e-04 1.94e-02 -11.0 5.38e-04    -  1.00e+00 1.00e+00h  1
1123  1.7130313e-03 6.60e-05 1.04e-02 -11.0 7.92e-04    -  1.00e+00 1.00e+00h  1
1124  1.7116840e-03 3.70e-03 7.06e-02 -11.0 5.94e-03    -  1.00e+00 1.00e+00h  1
1125  1.7089799e-03 6.79e-03 1.20e-01 -11.0 7.86e-02    -  1.00e+00 6.25e-02h  5
1126  1.7073967e-03 7.17e-03 1.74e-01 -11.0 4.36e-02    -  1.00e+00 6.25e-02h  5
1127  1.7062250e-03 1.12e-02 1.38e-01 -11.0 2.19e-02    -  1.00e+00 2.50e-01h  3
1128  1.7058584e-03 3.39e-02 1.16e-01 -11.0 6.89e-02    -  1.00e+00 1.25e-01h  4
1129  1.6976844e-03 3.97e-02 4.27e-01 -11.0 1.17e-01    -  1.00e+00 1.25e-01h  4
iter    objective    inf_pr   inf_du lg(mu)  ||d||  lg(rg) alpha_du alpha_pr  ls
1130  1.6994295e-03 3.92e-02 4.64e-01 -11.0 8.82e-01    -  1.00e+00 3.91e-03h  9
1131  1.7043875e-03 2.49e-02 1.11e-01 -11.0 1.23e-02    -  1.00e+00 5.00e-01h  2
1132  1.7009942e-03 2.54e-02 9.95e-02 -11.0 6.57e-02    -  1.00e+00 6.25e-02h  5
1133  1.7001488e-03 2.39e-02 4.63e-02 -11.0 6.90e-02    -  1.00e+00 6.25e-02h  5
1134  1.6894430e-03 1.41e-02 1.32e-01 -11.0 1.12e-02    -  1.00e+00 5.00e-01h  2
1135  8.6824844e-03 1.87e+01 1.44e+01 -11.0 3.92e-01    -  1.00e+00 1.00e+00w  1
1136  3.3543164e-01 8.59e+01 8.72e+00 -11.0 4.10e-01    -  1.00e+00 1.00e+00w  1
1137  1.8848130e+02 2.03e+04 1.09e+03 -11.0 7.98e+00    -  1.00e+00 1.00e+00w  1
1138  1.6883538e-03 2.95e-02 3.97e-01 -11.0 8.31e+00    -  1.00e+00 3.12e-02h  5
1139  1.6889808e-03 1.31e-05 1.25e-02 -11.0 1.13e-04    -  1.00e+00 1.00e+00h  1
iter    objective    inf_pr   inf_du lg(mu)  ||d||  lg(rg) alpha_du alpha_pr  ls
1140  1.6851034e-03 3.82e-05 8.34e-02 -11.0 5.29e-04    -  1.00e+00 1.00e+00h  1
1141  1.6832552e-03 2.61e-05 1.35e-02 -11.0 2.39e-04    -  1.00e+00 1.00e+00h  1
1142  1.6819768e-03 2.11e-04 8.47e-02 -11.0 8.49e-04    -  1.00e+00 1.00e+00h  1
1143  1.6794717e-03 1.51e-04 5.24e-02 -11.0 7.90e-04    -  1.00e+00 1.00e+00h  1
1144  1.6781352e-03 3.95e-05 1.89e-02 -11.0 4.75e-04    -  1.00e+00 1.00e+00h  1
1145  1.6771911e-03 8.09e-05 2.35e-02 -11.0 4.61e-04    -  1.00e+00 1.00e+00h  1
1146  1.6763246e-03 1.44e-04 1.24e-02 -11.0 6.02e-04    -  1.00e+00 1.00e+00h  1
1147  1.6739395e-03 5.35e-04 5.32e-02 -11.0 2.30e-03    -  1.00e+00 1.00e+00h  1
1148  1.6724084e-03 1.20e-03 8.08e-02 -11.0 2.90e-02    -  1.00e+00 6.25e-02h  5
1149  1.6902208e-03 1.29e-06 1.74e-01 -11.0 7.86e-03    -  1.00e+00 1.00e+00H  1
iter    objective    inf_pr   inf_du lg(mu)  ||d||  lg(rg) alpha_du alpha_pr  ls
1150  1.6888762e-03 1.39e-05 1.72e-01 -11.0 1.96e-02    -  1.00e+00 1.56e-02h  7
1151  1.6886696e-03 1.40e-05 1.72e-01 -11.0 9.82e-03    -  1.00e+00 1.95e-03h 10
1152  1.6885288e-03 1.40e-05 1.72e-01 -11.0 1.48e-02    -  1.00e+00 9.77e-04h 11
1153  1.6883573e-03 1.41e-05 1.72e-01 -11.0 8.84e-03    -  1.00e+00 1.95e-03h 10
1154  1.6741126e-03 8.60e-03 1.58e-01 -11.0 1.20e-02    -  1.00e+00 5.00e-01h  2
1155  1.6698431e-03 8.34e-03 1.85e-01 -11.0 1.25e-02    -  1.00e+00 2.50e-01h  3
1156  1.6723441e-03 4.33e-03 1.59e-01 -11.0 2.91e-03    -  1.00e+00 5.00e-01h  2
1157  1.6611964e-03 1.36e-03 3.30e-02 -11.0 2.68e-03    -  1.00e+00 1.00e+00h  1
1158  1.6713790e-03 8.45e-04 1.40e-01 -11.0 1.66e-03    -  1.00e+00 1.00e+00h  1
1159  1.6607368e-03 2.92e-04 7.40e-03 -11.0 8.11e-04    -  1.00e+00 1.00e+00h  1
iter    objective    inf_pr   inf_du lg(mu)  ||d||  lg(rg) alpha_du alpha_pr  ls
1160  1.6608285e-03 1.44e-05 1.40e-02 -11.0 2.00e-04    -  1.00e+00 1.00e+00h  1
1161  1.6603539e-03 1.81e-05 2.24e-02 -11.0 5.52e-04    -  1.00e+00 1.00e+00h  1
1162  1.6669257e-03 1.79e-06 2.94e-01 -11.0 1.01e-02    -  1.00e+00 1.00e+00H  1
1163  1.6666550e-03 3.94e-06 2.96e-01 -11.0 4.77e-02    -  1.00e+00 3.91e-03h  9
1164  1.6661913e-03 7.62e-06 3.01e-01 -11.0 2.56e-02    -  1.00e+00 7.81e-03h  8
1165  1.6655286e-03 1.52e-05 2.93e-01 -11.0 2.98e-02    -  1.00e+00 7.81e-03h  8
1166  1.6564166e-03 3.47e-03 6.61e-02 -11.0 2.09e-02    -  1.00e+00 2.50e-01h  3
1167  1.6539029e-03 4.51e-03 8.11e-02 -11.0 2.81e-02    -  1.00e+00 1.25e-01h  4
1168  1.6499681e-03 4.30e-03 5.64e-02 -11.0 9.85e-03    -  1.00e+00 2.50e-01h  3
1169  1.6488585e-03 4.05e-03 6.87e-02 -11.0 1.24e-02    -  1.00e+00 2.50e-01h  3
iter    objective    inf_pr   inf_du lg(mu)  ||d||  lg(rg) alpha_du alpha_pr  ls
1170  1.6465684e-03 8.24e-03 5.19e-02 -11.0 9.97e-02    -  1.00e+00 6.25e-02h  5
1171  1.6441775e-03 1.15e-02 7.74e-02 -11.0 1.20e-01    -  1.00e+00 6.25e-02h  5
1172  1.6340084e-03 1.01e-01 7.59e-02 -11.0 8.24e-01    -  1.00e+00 3.12e-02h  6
1173  8.8877658e+00 7.51e+03 2.18e+03 -11.0 8.65e+00    -  1.00e+00 1.00e+00w  1
1174  1.3862672e+07 6.73e+06 3.55e+03 -11.0 1.78e+03    -  1.00e+00 1.00e+00w  1
1175  1.3788606e+17 1.40e+12 7.70e+12 -11.0 4.90e+08    -  1.00e+00 1.00e+00w  1
1176  1.6320329e-03 1.04e-01 8.08e-02 -11.0 2.95e+09    -  1.00e+00 4.88e-04h 11
1177  1.6309074e-03 1.54e-01 1.01e-01 -11.0 1.85e-01    -  1.00e+00 1.25e-01h  4
1178  1.6300922e-03 1.53e-01 1.04e-01 -11.0 3.00e-01    -  1.00e+00 1.95e-03h 10
1179  1.6372421e-03 5.07e-02 1.68e-01 -11.0 2.12e-02    -  1.00e+00 1.00e+00h  1
iter    objective    inf_pr   inf_du lg(mu)  ||d||  lg(rg) alpha_du alpha_pr  ls
1180  1.6359993e-03 5.89e-02 1.77e-01 -11.0 2.21e+00    -  1.00e+00 3.91e-03h  9
1181  1.6341149e-03 6.20e-02 1.83e-01 -11.0 5.02e+00    -  1.00e+00 9.77e-04h 11
1182  1.6330515e-03 7.22e-02 2.04e-01 -11.0 7.14e-01    -  1.00e+00 1.56e-02h  7
1183  1.6322886e-03 7.51e-02 2.05e-01 -11.0 1.04e+02    -  1.00e+00 6.10e-05h 15
1184  1.6316213e-03 7.84e-02 1.89e-01 -11.0 3.15e+01    -  1.00e+00 2.44e-04h 13
1185  1.6309145e-03 7.95e-02 1.87e-01 -11.0 7.20e+00    -  1.00e+00 4.88e-04h 12
1186  1.6410502e-03 2.12e-04 1.11e-01 -11.0 9.95e-04    -  1.00e+00 1.00e+00h  1
1187  1.6269817e-03 4.68e-05 9.33e-02 -11.0 4.66e-04    -  1.00e+00 1.00e+00h  1
1188  1.6170196e-03 1.02e-04 3.73e-02 -11.0 7.45e-04    -  1.00e+00 1.00e+00h  1
1189  1.6167342e-03 4.64e-06 7.88e-03 -11.0 1.67e-04    -  1.00e+00 1.00e+00h  1
iter    objective    inf_pr   inf_du lg(mu)  ||d||  lg(rg) alpha_du alpha_pr  ls
1190  1.6156782e-03 3.56e-05 3.05e-02 -11.0 6.50e-04    -  1.00e+00 1.00e+00h  1
1191  1.6160432e-03 1.85e-06 4.21e-02 -11.0 1.02e-03    -  1.00e+00 1.00e+00H  1
1192  1.6147842e-03 1.29e-04 2.43e-02 -11.0 9.33e-04    -  1.00e+00 1.00e+00h  1
1193  1.6146076e-03 2.54e-04 1.81e-02 -11.0 5.41e-04    -  1.00e+00 1.00e+00h  1
1194  1.6129413e-03 1.06e-04 1.98e-02 -11.0 2.68e-04    -  1.00e+00 1.00e+00h  1
1195  1.6127299e-03 1.42e-05 3.58e-03 -11.0 2.85e-04    -  1.00e+00 1.00e+00h  1
1196  1.6123127e-03 2.23e-04 2.89e-02 -11.0 7.62e-03    -  1.00e+00 1.25e-01h  4
1197  1.6202168e-03 1.10e-06 3.86e-02 -11.0 3.56e-03    -  1.00e+00 1.00e+00H  1
1198  1.6198318e-03 1.08e-06 3.84e-02 -11.0 4.08e-03    -  1.00e+00 1.56e-02h  7
1199  1.6208330e-03 3.99e-07 8.85e-02 -11.0 2.57e-03    -  1.00e+00 1.00e+00H  1
iter    objective    inf_pr   inf_du lg(mu)  ||d||  lg(rg) alpha_du alpha_pr  ls
1200  1.6122599e-03 6.82e-05 2.81e-02 -11.0 1.21e-03    -  1.00e+00 1.00e+00h  1
1201  1.6099706e-03 9.54e-05 1.60e-02 -11.0 9.39e-04    -  1.00e+00 1.00e+00h  1
1202  1.6099177e-03 1.19e-05 5.38e-03 -11.0 4.35e-04    -  1.00e+00 1.00e+00h  1
1203  1.6094795e-03 1.18e-04 2.63e-02 -11.0 6.72e-04    -  1.00e+00 1.00e+00h  1
1204  1.6246921e-03 3.38e-08 7.93e-02 -11.0 5.03e-03    -  1.00e+00 1.00e+00H  1
1205  1.6176598e-03 5.01e-07 8.39e-02 -11.0 1.93e-03    -  1.00e+00 1.00e+00H  1
1206  1.6080470e-03 8.82e-04 1.69e-02 -11.0 2.77e-03    -  1.00e+00 1.00e+00h  1
1207  1.6073713e-03 4.72e-04 6.91e-02 -11.0 1.71e-03    -  1.00e+00 5.00e-01h  2
1208  1.6070656e-03 1.04e-04 9.68e-03 -11.0 9.79e-04    -  1.00e+00 1.00e+00h  1
1209  1.6064247e-03 3.02e-04 3.55e-02 -11.0 5.64e-03    -  1.00e+00 2.50e-01h  3
iter    objective    inf_pr   inf_du lg(mu)  ||d||  lg(rg) alpha_du alpha_pr  ls
1210  1.6062330e-03 3.18e-04 6.45e-02 -11.0 9.13e-03    -  1.00e+00 1.25e-01h  4
1211  1.6081553e-03 1.91e-05 6.67e-02 -11.0 4.56e-03    -  1.00e+00 1.00e+00H  1
1212  1.6055035e-03 1.30e-03 7.42e-02 -11.0 1.59e-02    -  1.00e+00 2.50e-01h  3
1213  1.6053561e-03 1.08e-03 5.77e-02 -11.0 1.42e-02    -  1.00e+00 1.25e-01h  4
1214  1.6045860e-03 5.92e-04 1.68e-02 -11.0 2.01e-03    -  1.00e+00 5.00e-01h  2
1215  1.6009264e-03 2.45e-03 7.89e-02 -11.0 6.31e-03    -  1.00e+00 1.00e+00h  1
1216  1.6007520e-03 2.53e-03 4.91e-02 -11.0 4.57e-02    -  1.00e+00 3.12e-02h  6
1217  1.6009217e-03 2.22e-03 7.14e-02 -11.0 1.49e-02    -  1.00e+00 2.50e-01h  3
1218  1.6002130e-03 1.87e-03 5.21e-02 -11.0 3.26e-02    -  1.00e+00 1.25e-01h  4
1219  1.5996021e-03 2.03e-03 7.36e-02 -11.0 4.83e-02    -  1.00e+00 6.25e-02h  5
iter    objective    inf_pr   inf_du lg(mu)  ||d||  lg(rg) alpha_du alpha_pr  ls
1220  1.5982432e-03 2.09e-03 1.21e-01 -11.0 3.58e-02    -  1.00e+00 6.25e-02h  5
1221  1.5975800e-03 3.47e-03 2.22e-01 -11.0 8.18e-02    -  1.00e+00 6.25e-02h  5
1222  1.5981529e-03 3.41e-03 3.12e-01 -11.0 3.58e-02    -  1.00e+00 6.25e-02h  5
1223  1.5961172e-03 2.40e-03 2.05e-01 -11.0 5.38e-03    -  1.00e+00 5.00e-01h  2
1224  1.5957787e-03 1.91e-03 1.23e-01 -11.0 5.60e-03    -  1.00e+00 2.50e-01h  3
1225  1.5942683e-03 3.77e-04 2.61e-02 -11.0 1.39e-03    -  1.00e+00 1.00e+00h  1
1226  1.5984525e-03 2.03e-05 1.20e-01 -11.0 2.37e-03    -  1.00e+00 1.00e+00H  1
1227  1.5930817e-03 6.04e-04 1.10e-02 -11.0 2.32e-03    -  1.00e+00 1.00e+00h  1
1228  1.5931888e-03 4.66e-04 5.40e-03 -11.0 1.93e-03    -  1.00e+00 2.50e-01h  3
1229  1.5927357e-03 1.50e-05 1.15e-02 -11.0 3.04e-04    -  1.00e+00 1.00e+00h  1
iter    objective    inf_pr   inf_du lg(mu)  ||d||  lg(rg) alpha_du alpha_pr  ls
1230  1.5925926e-03 4.16e-05 2.35e-02 -11.0 6.37e-04    -  1.00e+00 1.00e+00h  1
1231  1.5924921e-03 2.03e-04 2.85e-02 -11.0 1.52e-03    -  1.00e+00 1.00e+00h  1
1232  1.5956116e-03 2.46e-05 1.10e-01 -11.0 5.08e-03    -  1.00e+00 1.00e+00H  1
1233  1.5953475e-03 2.60e-05 1.12e-01 -11.0 2.29e-02    -  1.00e+00 7.81e-03h  8
1234  1.5951492e-03 2.63e-05 1.13e-01 -11.0 1.01e-02    -  1.00e+00 7.81e-03h  8
1235  1.5910074e-03 4.70e-03 4.63e-02 -11.0 9.79e-03    -  1.00e+00 5.00e-01h  2
1236  1.5901716e-03 5.45e-03 7.22e-02 -11.0 2.47e-02    -  1.00e+00 1.25e-01h  4
1237  1.5879871e-03 6.49e-03 1.08e-01 -11.0 2.62e-02    -  1.00e+00 1.25e-01h  4
1238  1.5877975e-03 7.44e-03 1.32e-01 -11.0 4.94e-02    -  1.00e+00 6.25e-02h  5
1239  1.5876693e-03 6.09e-02 3.27e-01 -11.0 8.14e-02    -  1.00e+00 2.50e-01h  3
iter    objective    inf_pr   inf_du lg(mu)  ||d||  lg(rg) alpha_du alpha_pr  ls
1240  1.5868021e-03 6.34e-02 3.29e-01 -11.0 5.90e-01    -  1.00e+00 7.81e-03h  8
1241  1.5862362e-03 6.18e-02 3.08e-01 -11.0 5.73e-02    -  1.00e+00 3.12e-02h  6
1242  1.5832434e-03 4.94e-02 1.66e-01 -11.0 1.54e-02    -  1.00e+00 2.50e-01h  3
1243  1.9087308e-03 8.71e-01 6.95e-01 -11.0 8.21e-02    -  1.00e+00 1.00e+00w  1
1244  2.8259711e-02 3.52e+01 3.51e+00 -11.0 4.64e-01    -  1.00e+00 1.00e+00w  1
1245  3.0869568e+02 1.18e+06 1.49e+05 -11.0 9.25e+00    -  1.00e+00 1.00e+00w  1
1246  1.5780558e-03 5.63e-02 7.61e-02 -11.0 1.01e+03  -2.3 1.00e+00 1.25e-01h  3
1247  1.5764913e-03 9.88e-05 7.83e-02 -11.0 7.88e-04    -  1.00e+00 1.00e+00h  1
1248  1.5760110e-03 4.95e-06 1.07e-02 -11.0 4.84e-04    -  1.00e+00 1.00e+00h  1
1249  1.5755681e-03 9.38e-06 6.99e-03 -11.0 1.79e-04    -  1.00e+00 1.00e+00h  1
iter    objective    inf_pr   inf_du lg(mu)  ||d||  lg(rg) alpha_du alpha_pr  ls
1250  1.5749083e-03 8.40e-05 1.06e-02 -11.0 4.88e-04    -  1.00e+00 1.00e+00h  1
1251  1.5748546e-03 4.36e-04 2.12e-02 -11.0 1.38e-03    -  1.00e+00 1.00e+00h  1
1252  1.5734506e-03 7.90e-05 1.04e-02 -11.0 5.20e-04    -  1.00e+00 1.00e+00h  1
1253  1.5734919e-03 5.36e-06 3.98e-02 -11.0 7.93e-04    -  1.00e+00 1.00e+00H  1
1254  1.5718348e-03 9.79e-05 9.88e-03 -11.0 3.59e-04    -  1.00e+00 1.00e+00h  1
1255  1.5714305e-03 1.41e-04 1.41e-02 -11.0 5.96e-04    -  1.00e+00 1.00e+00h  1
1256  1.5715480e-03 4.19e-05 7.01e-02 -11.0 3.85e-03    -  1.00e+00 1.00e+00H  1
1257  1.5711626e-03 8.16e-05 7.50e-02 -11.0 2.19e-02    -  1.00e+00 3.12e-02h  6
1258  1.5695642e-03 2.22e-04 3.54e-02 -11.0 1.09e-03    -  1.00e+00 1.00e+00h  1
1259  1.5745577e-03 5.96e-06 3.60e-02 -11.0 1.12e-03    -  1.00e+00 1.00e+00H  1
iter    objective    inf_pr   inf_du lg(mu)  ||d||  lg(rg) alpha_du alpha_pr  ls
1260  1.5685919e-03 4.39e-04 4.83e-03 -11.0 1.16e-03    -  1.00e+00 1.00e+00h  1
1261  1.5686142e-03 1.54e-05 9.98e-03 -11.0 3.09e-04    -  1.00e+00 1.00e+00h  1
1262  1.5683570e-03 5.20e-05 2.66e-02 -11.0 4.77e-04    -  1.00e+00 1.00e+00h  1
1263  1.5693510e-03 5.07e-06 3.10e-02 -11.0 2.12e-03    -  1.00e+00 1.00e+00H  1
1264  1.5696972e-03 2.12e-06 2.81e-02 -11.0 7.89e-04    -  1.00e+00 1.00e+00H  1
1265  1.5676649e-03 1.17e-04 2.32e-02 -11.0 7.21e-04    -  1.00e+00 1.00e+00h  1
1266  1.5675502e-03 2.03e-05 1.85e-02 -11.0 4.48e-04    -  1.00e+00 1.00e+00h  1
1267  1.5673223e-03 3.14e-05 8.23e-03 -11.0 8.42e-04    -  1.00e+00 1.00e+00h  1
1268  1.5772188e-03 1.24e-07 2.26e-02 -11.0 8.90e-03    -  1.00e+00 1.00e+00H  1
1269  1.5955326e-03 3.16e-08 1.05e-01 -11.0 2.25e-03    -  1.00e+00 1.00e+00H  1
iter    objective    inf_pr   inf_du lg(mu)  ||d||  lg(rg) alpha_du alpha_pr  ls
1270  1.5663995e-03 4.79e-03 2.45e-02 -11.0 4.23e-03    -  1.00e+00 1.00e+00h  1
1271  1.5671671e-03 6.72e-04 3.39e-02 -11.0 2.96e-03    -  1.00e+00 1.00e+00h  1
1272  1.5664697e-03 8.90e-04 4.03e-02 -11.0 1.34e-02    -  1.00e+00 2.50e-01h  3
1273  1.5653133e-03 1.51e-03 5.29e-02 -11.0 8.02e-02    -  1.00e+00 6.25e-02h  5
1274  1.5639565e-03 1.83e-03 8.58e-02 -11.0 1.60e-01    -  1.00e+00 3.12e-02h  6
1275  1.5639295e-03 1.83e-03 1.05e-01 -11.0 6.24e-02    -  1.00e+00 3.12e-02h  6
1276  1.5654637e-03 1.64e-03 4.77e-02 -11.0 3.03e-03    -  1.00e+00 5.00e-01h  2
1277  1.5644703e-03 8.25e-04 1.86e-02 -11.0 1.20e-03    -  1.00e+00 5.00e-01h  2
1278  1.5628107e-03 2.87e-04 2.19e-02 -11.0 1.70e-03    -  1.00e+00 1.00e+00h  1
1279  1.5625235e-03 1.50e-04 2.30e-02 -11.0 1.16e-03    -  1.00e+00 1.00e+00h  1
iter    objective    inf_pr   inf_du lg(mu)  ||d||  lg(rg) alpha_du alpha_pr  ls
1280  1.5616848e-03 2.66e-03 8.47e-02 -11.0 2.16e-02    -  1.00e+00 2.50e-01h  3
1281  1.5610732e-03 3.10e-03 1.30e-01 -11.0 1.64e-01    -  1.00e+00 1.56e-02h  7
1282  1.5607766e-03 3.55e-03 1.39e-01 -11.0 8.62e-02    -  1.00e+00 3.12e-02h  6
1283  1.5604079e-03 5.31e-03 2.24e-01 -11.0 2.41e-02    -  1.00e+00 2.50e-01h  3
1284  1.5592311e-03 5.47e-03 2.53e-01 -11.0 8.31e-02    -  1.00e+00 3.12e-02h  6
1285  1.5580674e-03 8.22e-03 2.42e-01 -11.0 4.83e-02    -  1.00e+00 1.25e-01h  4
1286  1.5576552e-03 8.22e-03 1.90e-01 -11.0 9.32e-02    -  1.00e+00 3.12e-02h  6
1287  1.5562784e-03 8.83e-03 1.90e-01 -11.0 3.08e-02    -  1.00e+00 1.25e-01h  4
1288  1.5552035e-03 1.01e-02 1.35e-01 -11.0 5.13e-02    -  1.00e+00 6.25e-02h  5
1289  1.5543777e-03 1.29e-02 1.03e-01 -11.0 3.08e-02    -  1.00e+00 2.50e-01h  3
iter    objective    inf_pr   inf_du lg(mu)  ||d||  lg(rg) alpha_du alpha_pr  ls
1290  3.6071703e-03 7.27e-01 9.70e-01 -11.0 1.26e-01    -  1.00e+00 1.00e+00w  1
1291  4.9479843e-03 3.39e-01 3.14e+00 -11.0 3.82e-02    -  1.00e+00 1.00e+00w  1
1292  6.9516454e-03 7.09e-01 4.22e+00 -11.0 1.15e-01    -  1.00e+00 1.00e+00w  1
1293  1.5529872e-03 1.45e-02 1.16e-01 -11.0 3.33e-01    -  1.00e+00 6.25e-02h  4
1294  1.5516968e-03 7.18e-03 9.27e-02 -11.0 3.49e-03    -  1.00e+00 5.00e-01h  2
1295  1.5503842e-03 4.20e-03 4.83e-02 -11.0 6.01e-03    -  1.00e+00 1.00e+00h  1
1296  1.5503703e-03 4.18e-03 3.27e-02 -11.0 1.50e-02    -  1.00e+00 1.25e-01h  4
1297  1.5487063e-03 4.05e-04 5.82e-02 -11.0 2.23e-03    -  1.00e+00 1.00e+00h  1
1298  1.5621007e-03 1.04e-04 7.87e-02 -11.0 8.58e-03    -  1.00e+00 1.00e+00H  1
1299  1.5589157e-03 5.49e-04 6.44e-02 -11.0 1.27e-02    -  1.00e+00 2.50e-01h  3
iter    objective    inf_pr   inf_du lg(mu)  ||d||  lg(rg) alpha_du alpha_pr  ls
1300  1.5812992e-03 3.08e-07 9.26e-02 -11.0 4.41e-03    -  1.00e+00 1.00e+00H  1
1301  1.5514461e-03 1.22e-04 6.74e-02 -11.0 7.46e-03    -  1.00e+00 1.00e+00H  1
1302  1.5463840e-03 6.95e-04 4.68e-02 -11.0 8.49e-03    -  1.00e+00 2.50e-01h  3
1303  1.5436990e-03 1.27e-03 1.97e-02 -11.0 1.23e-02    -  1.00e+00 2.50e-01h  3
1304  1.5429923e-03 1.28e-03 2.19e-02 -11.0 2.13e-02    -  1.00e+00 6.25e-02h  5
1305  1.5692483e-03 5.19e-06 1.37e-01 -11.0 1.21e-02    -  1.00e+00 1.00e+00H  1
1306  1.5621952e-03 7.34e-05 1.27e-01 -11.0 4.38e-03    -  1.00e+00 1.25e-01h  4
1307  1.5454830e-03 6.30e-05 8.02e-02 -11.0 7.54e-03    -  1.00e+00 1.00e+00H  1
1308  1.5414383e-03 7.10e-04 4.10e-02 -11.0 1.73e-02    -  1.00e+00 1.25e-01h  4
1309  1.5552645e-03 3.50e-06 3.88e-02 -11.0 9.97e-03    -  1.00e+00 1.00e+00H  1
iter    objective    inf_pr   inf_du lg(mu)  ||d||  lg(rg) alpha_du alpha_pr  ls
1310  1.5526107e-03 1.74e-04 2.90e-02 -11.0 5.74e-02    -  1.00e+00 3.12e-02h  6
1311  1.5498597e-03 3.52e-04 2.97e-02 -11.0 1.09e-01    -  1.00e+00 1.56e-02h  7
1312  1.5461758e-03 6.24e-04 3.23e-02 -11.0 5.14e-02    -  1.00e+00 3.12e-02h  6
1313  1.5404697e-03 6.17e-04 2.81e-02 -11.0 1.23e-02    -  1.00e+00 1.25e-01h  4
1314  1.5468665e-03 2.21e-04 1.08e-01 -11.0 3.00e-02    -  1.00e+00 1.00e+00H  1
1315  1.5455568e-03 1.02e-04 8.90e-02 -11.0 2.40e-01    -  1.00e+00 7.81e-03h  8
1316  1.5334033e-03 1.36e-01 5.60e-02 -11.0 3.53e-01    -  1.00e+00 1.25e-01h  4
1317  1.5299765e-03 1.47e-01 4.86e-02 -11.0 1.21e+01    -  1.00e+00 9.77e-04h 11
1318  1.5285458e-03 1.85e-01 5.88e-02 -11.0 2.83e+00    -  1.00e+00 7.81e-03h  8
1319  1.5263815e-03 1.88e-01 6.57e-02 -11.0 1.76e+00    -  1.00e+00 3.91e-03h  9
iter    objective    inf_pr   inf_du lg(mu)  ||d||  lg(rg) alpha_du alpha_pr  ls
1320  1.5268928e-03 1.78e-01 1.71e-01 -11.0 5.77e-02    -  1.00e+00 1.25e-01h  4
1321  1.5206019e-03 2.14e-01 5.99e-02 -11.0 4.45e-01    -  1.00e+00 6.25e-02h  5
1322  1.5177461e-03 2.12e-01 4.65e-02 -11.0 3.93e-01    -  1.00e+00 7.81e-03h  8
1323  1.5197331e-03 1.58e-01 4.25e-02 -11.0 1.14e-02    -  1.00e+00 2.50e-01h  3
1324  1.5116927e-03 5.61e-03 1.13e-01 -11.0 1.09e-02    -  1.00e+00 1.00e+00h  1
1325  1.5062493e-03 1.31e-02 6.48e-02 -11.0 1.91e-01    -  1.00e+00 6.25e-02h  5
1326  1.5054045e-03 1.28e-02 1.16e-01 -11.0 1.11e-01    -  1.00e+00 3.12e-02h  6
1327  1.5022191e-03 1.37e-02 1.71e-01 -11.0 5.67e-02    -  1.00e+00 1.25e-01h  4
1328  1.4995679e-03 1.53e-02 2.15e-01 -11.0 4.11e-01    -  1.00e+00 1.56e-02h  7
1329  1.5022030e-03 1.51e-02 2.49e-01 -11.0 7.43e-02    -  1.00e+00 3.12e-02h  6
iter    objective    inf_pr   inf_du lg(mu)  ||d||  lg(rg) alpha_du alpha_pr  ls
1330  1.4932926e-03 1.12e-02 7.02e-02 -11.0 1.18e-02    -  1.00e+00 1.00e+00h  1
1331  1.4923900e-03 2.07e-02 8.47e-02 -11.0 3.04e-01    -  1.00e+00 3.12e-02h  6
1332  1.4907944e-03 2.26e-02 1.21e-01 -11.0 1.55e-01    -  1.00e+00 3.12e-02h  6
1333  1.4912688e-03 2.14e-02 1.38e-01 -11.0 3.07e-02    -  1.00e+00 6.25e-02h  5
1334  1.4985703e-03 1.05e-02 1.12e-01 -11.0 8.41e-03    -  1.00e+00 1.00e+00h  1
1335  1.4963008e-03 1.29e-02 1.03e-01 -11.0 4.61e-02    -  1.00e+00 1.25e-01h  4
1336  1.4891555e-03 1.19e-02 6.94e-02 -11.0 9.23e-02    -  1.00e+00 1.25e-01h  4
1337  1.4833150e-03 3.81e-02 5.56e-02 -11.0 7.30e-01    -  1.00e+00 3.12e-02h  6
1338  1.4763231e-03 1.26e-01 1.54e-01 -11.0 2.25e+00    -  1.00e+00 1.56e-02h  7
1339  1.4737968e-03 1.30e-01 1.55e-01 -11.0 1.73e+00    -  1.00e+00 3.91e-03h  9
iter    objective    inf_pr   inf_du lg(mu)  ||d||  lg(rg) alpha_du alpha_pr  ls
1340  1.4710583e-03 1.35e-01 1.15e-01 -11.0 3.12e-01    -  1.00e+00 3.12e-02h  6
1341  1.4679616e-03 1.49e-01 1.38e-01 -11.0 2.44e-01    -  1.00e+00 6.25e-02h  5
1342  1.4637053e-03 1.73e-01 1.54e-01 -11.0 2.11e+00    -  1.00e+00 7.81e-03h  8
1343  1.4629681e-03 1.86e-01 2.04e-01 -11.0 8.89e-01    -  1.00e+00 1.56e-02h  7
1344  1.4627448e-03 1.80e-01 2.48e-01 -11.0 1.86e-01    -  1.00e+00 3.12e-02h  6
1345  7.0533337e-03 2.34e-01 2.50e+00 -11.0 4.16e-02    -  1.00e+00 1.00e+00w  1
1346  1.6521735e-03 2.58e-01 1.21e+00 -11.0 4.43e-02    -  1.00e+00 1.00e+00w  1
1347  1.9658785e-03 4.12e-02 1.99e-01 -11.0 1.59e-02    -  1.00e+00 1.00e+00w  1
1348  1.4957503e-03 8.92e-03 1.52e-01 -11.0 8.92e-03    -  1.00e+00 1.00e+00h  1
1349  1.4715472e-03 1.65e-03 1.14e-01 -11.0 4.54e-03    -  1.00e+00 1.00e+00h  1
iter    objective    inf_pr   inf_du lg(mu)  ||d||  lg(rg) alpha_du alpha_pr  ls
1350  1.4448181e-03 8.48e-04 1.53e-01 -11.0 3.19e-03    -  1.00e+00 1.00e+00h  1
1351  1.4544484e-03 6.14e-04 1.59e-01 -11.0 2.62e-03    -  1.00e+00 1.00e+00h  1
1352  1.4415058e-03 3.28e-04 1.20e-02 -11.0 1.69e-03    -  1.00e+00 1.00e+00h  1
1353  1.4412187e-03 2.10e-06 4.37e-03 -11.0 2.54e-04    -  1.00e+00 1.00e+00h  1
1354  1.4485438e-03 1.58e-07 1.08e-01 -11.0 6.94e-03    -  1.00e+00 1.00e+00H  1
1355  1.4569165e-03 7.49e-08 4.99e-02 -11.0 1.77e-03    -  1.00e+00 1.00e+00H  1
1356  1.4392982e-03 1.50e-03 1.38e-02 -11.0 4.94e-03    -  1.00e+00 1.00e+00h  1
1357  1.4392942e-03 7.50e-04 1.10e-02 -11.0 8.61e-04    -  1.00e+00 5.00e-01h  2
1358  1.4385937e-03 3.44e-05 3.90e-03 -11.0 7.05e-04    -  1.00e+00 1.00e+00h  1
1359  1.4381694e-03 1.06e-04 6.73e-03 -11.0 1.60e-03    -  1.00e+00 1.00e+00h  1
iter    objective    inf_pr   inf_du lg(mu)  ||d||  lg(rg) alpha_du alpha_pr  ls
1360  1.4374622e-03 3.05e-03 3.31e-02 -11.0 2.65e-02    -  1.00e+00 2.50e-01h  3
1361  1.4372629e-03 3.00e-03 4.01e-02 -11.0 3.78e-02    -  1.00e+00 3.12e-02h  6
1362  1.4369395e-03 1.47e-03 4.72e-02 -11.0 5.07e-03    -  1.00e+00 5.00e-01h  2
1363  1.4519001e-03 1.60e-07 1.68e-01 -11.0 6.11e-03    -  1.00e+00 1.00e+00H  1
1364  1.4371806e-03 9.73e-04 7.26e-03 -11.0 6.72e-03    -  1.00e+00 1.00e+00h  1
1365  1.4366855e-03 1.07e-03 6.68e-02 -11.0 9.96e-03    -  1.00e+00 2.50e-01h  3
1366  1.4351289e-03 2.84e-04 8.87e-03 -11.0 4.56e-03    -  1.00e+00 1.00e+00h  1
1367  1.4348828e-03 3.54e-04 2.90e-02 -11.0 4.09e-02    -  1.00e+00 6.25e-02h  5
1368  1.4347019e-03 3.37e-04 4.06e-02 -11.0 8.98e-03    -  1.00e+00 1.25e-01h  4
1369  1.4363491e-03 4.14e-06 1.84e-02 -11.0 3.45e-03    -  1.00e+00 1.00e+00H  1
iter    objective    inf_pr   inf_du lg(mu)  ||d||  lg(rg) alpha_du alpha_pr  ls
1370  1.4437234e-03 1.14e-06 1.21e-01 -11.0 6.29e-03    -  1.00e+00 1.00e+00H  1
1371  1.4618668e-03 1.08e-07 1.21e-01 -11.0 2.67e-03    -  1.00e+00 1.00e+00H  1
1372  1.4326304e-03 5.52e-03 6.24e-02 -11.0 7.38e-03    -  1.00e+00 1.00e+00h  1
1373  1.4317899e-03 4.24e-03 2.40e-02 -11.0 3.79e-03    -  1.00e+00 2.50e-01h  3
1374  1.4305529e-03 1.43e-04 3.43e-02 -11.0 1.05e-03    -  1.00e+00 1.00e+00h  1
1375  1.4338960e-03 2.73e-06 5.49e-02 -11.0 1.89e-03    -  1.00e+00 1.00e+00H  1
1376  1.4299955e-03 3.90e-04 1.01e-02 -11.0 1.32e-03    -  1.00e+00 1.00e+00h  1
1377  1.4309127e-03 1.03e-04 8.43e-03 -11.0 7.76e-04    -  1.00e+00 1.00e+00h  1
1378  1.4295007e-03 6.46e-05 1.23e-02 -11.0 4.44e-04    -  1.00e+00 1.00e+00h  1
1379  1.4293469e-03 2.57e-05 4.60e-03 -11.0 2.85e-04    -  1.00e+00 1.00e+00h  1
iter    objective    inf_pr   inf_du lg(mu)  ||d||  lg(rg) alpha_du alpha_pr  ls
1380  1.4292423e-03 1.86e-03 4.79e-02 -11.0 2.90e-03    -  1.00e+00 1.00e+00h  1
1381  1.4280613e-03 3.91e-03 1.09e-01 -11.0 7.10e-02    -  1.00e+00 6.25e-02h  5
1382  1.4272378e-03 4.70e-03 1.40e-01 -11.0 2.30e-01    -  1.00e+00 1.56e-02h  7
1383  1.4270063e-03 7.56e-03 1.62e-01 -11.0 1.11e-01    -  1.00e+00 6.25e-02h  5
1384  1.4269486e-03 7.90e-03 1.84e-01 -11.0 1.24e-01    -  1.00e+00 3.12e-02h  6
1385  1.4250314e-03 1.23e-02 2.25e-01 -11.0 2.32e-01    -  1.00e+00 3.12e-02h  6
1386  1.4230454e-03 1.36e-02 2.41e-01 -11.0 4.33e-01    -  1.00e+00 1.56e-02h  7
1387  1.4203628e-03 1.95e-02 9.58e-02 -11.0 2.27e-01    -  1.00e+00 6.25e-02h  5
1388  1.4191188e-03 2.16e-02 4.99e-02 -11.0 6.60e-01    -  1.00e+00 7.81e-03h  8
1389  1.4183140e-03 2.34e-02 9.56e-02 -11.0 1.66e-01    -  1.00e+00 3.12e-02h  6
iter    objective    inf_pr   inf_du lg(mu)  ||d||  lg(rg) alpha_du alpha_pr  ls
1390  1.4175217e-03 2.37e-02 1.00e-01 -11.0 2.10e-01    -  1.00e+00 7.81e-03h  8
1391  1.6512045e-03 5.62e-02 2.76e-01 -11.0 4.75e-02    -  1.00e+00 1.00e+00w  1
1392  2.9782902e-03 3.64e-02 1.73e-01 -11.0 1.41e-02    -  1.00e+00 1.00e+00w  1
1393  1.4705845e-03 2.61e-02 1.72e-01 -11.0 2.50e-02    -  1.00e+00 1.00e+00w  1
1394  1.4179089e-03 2.14e-02 7.15e-02 -11.0 1.02e-01    -  1.00e+00 1.25e-01h  3
1395  1.4176918e-03 2.07e-02 1.38e-01 -11.0 6.75e-02    -  1.00e+00 3.12e-02h  6
1396  1.4145459e-03 1.06e-03 1.00e-01 -11.0 5.79e-03    -  1.00e+00 1.00e+00h  1
1397  1.4156244e-03 8.81e-04 6.90e-02 -11.0 1.57e-02    -  1.00e+00 1.25e-01h  4
1398  1.4114375e-03 3.10e-04 5.32e-02 -11.0 1.43e-03    -  1.00e+00 1.00e+00h  1
1399  1.4103204e-03 8.61e-05 1.17e-02 -11.0 9.07e-04    -  1.00e+00 1.00e+00h  1
iter    objective    inf_pr   inf_du lg(mu)  ||d||  lg(rg) alpha_du alpha_pr  ls
1400  1.4106683e-03 1.96e-06 2.86e-02 -11.0 1.51e-03    -  1.00e+00 1.00e+00H  1
1401  1.4095969e-03 9.30e-04 2.28e-02 -11.0 3.58e-03    -  1.00e+00 1.00e+00h  1
1402  1.4093694e-03 1.02e-03 6.79e-02 -11.0 8.76e-03    -  1.00e+00 2.50e-01h  3
1403  1.4083317e-03 5.19e-04 5.72e-02 -11.0 1.16e-03    -  1.00e+00 5.00e-01h  2
1404  1.4059729e-03 6.46e-05 1.46e-02 -11.0 5.54e-04    -  1.00e+00 1.00e+00h  1
1405  1.4055138e-03 1.21e-04 2.21e-03 -11.0 1.91e-03    -  1.00e+00 1.00e+00h  1
1406  1.4044265e-03 3.11e-03 5.58e-02 -11.0 3.47e-02    -  1.00e+00 2.50e-01h  3
1407  1.4039795e-03 3.35e-03 6.78e-02 -11.0 1.95e-01    -  1.00e+00 1.56e-02h  7
1408  1.4043402e-03 2.97e-03 1.03e-01 -11.0 1.92e-02    -  1.00e+00 1.25e-01h  4
1409  1.4035308e-03 1.51e-03 1.34e-01 -11.0 1.80e-03    -  1.00e+00 5.00e-01h  2
iter    objective    inf_pr   inf_du lg(mu)  ||d||  lg(rg) alpha_du alpha_pr  ls
1410  1.4091974e-03 1.48e-05 7.46e-02 -11.0 4.02e-03    -  1.00e+00 1.00e+00H  1
1411  1.4143532e-03 1.34e-07 3.32e-02 -11.0 1.46e-03    -  1.00e+00 1.00e+00H  1
1412  1.4013088e-03 3.06e-03 1.73e-02 -11.0 6.59e-03    -  1.00e+00 1.00e+00h  1
1413  1.4012444e-03 2.68e-03 5.50e-03 -11.0 3.05e-03    -  1.00e+00 1.25e-01h  4
1414  1.4009148e-03 5.48e-05 2.98e-03 -11.0 6.04e-04    -  1.00e+00 1.00e+00h  1
1415  1.4020715e-03 1.80e-06 1.23e-02 -11.0 1.11e-03    -  1.00e+00 1.00e+00H  1
1416  1.4006217e-03 4.72e-05 1.59e-02 -11.0 4.36e-04    -  1.00e+00 1.00e+00h  1
1417  1.4004933e-03 3.24e-05 1.28e-02 -11.0 4.51e-04    -  1.00e+00 1.00e+00h  1
1418  1.4001649e-03 1.12e-05 2.62e-03 -11.0 2.38e-04    -  1.00e+00 1.00e+00h  1
1419  1.4000151e-03 7.39e-05 7.72e-03 -11.0 6.63e-04    -  1.00e+00 1.00e+00h  1
iter    objective    inf_pr   inf_du lg(mu)  ||d||  lg(rg) alpha_du alpha_pr  ls
1420  1.4017824e-03 4.82e-06 1.70e-02 -11.0 2.91e-03    -  1.00e+00 1.00e+00H  1
1421  1.4052231e-03 1.28e-06 9.00e-02 -11.0 5.81e-03    -  1.00e+00 1.00e+00H  1
1422  1.4047799e-03 1.20e-06 9.10e-02 -11.0 4.10e-03    -  1.00e+00 1.56e-02h  7
1423  1.3986863e-03 9.13e-04 1.48e-02 -11.0 2.97e-03    -  1.00e+00 1.00e+00h  1
1424  1.4415392e-03 4.21e-08 4.65e-02 -11.0 3.05e-03    -  1.00e+00 1.00e+00H  1
1425  1.3976420e-03 2.23e-03 1.53e-02 -11.0 4.79e-03    -  1.00e+00 1.00e+00h  1
1426  1.3977590e-03 1.75e-04 1.31e-02 -11.0 1.05e-03    -  1.00e+00 1.00e+00h  1
1427  1.3987661e-03 1.18e-05 2.62e-02 -11.0 4.42e-03    -  1.00e+00 1.00e+00H  1
1428  1.3974737e-03 1.84e-03 1.92e-02 -11.0 7.22e-02    -  1.00e+00 6.25e-02h  5
1429  1.3970948e-03 2.09e-03 2.23e-02 -11.0 5.32e-02    -  1.00e+00 3.12e-02h  6
iter    objective    inf_pr   inf_du lg(mu)  ||d||  lg(rg) alpha_du alpha_pr  ls
1430  1.3964131e-03 2.64e-03 1.17e-02 -11.0 2.16e-02    -  1.00e+00 1.25e-01h  4
1431  1.3949749e-03 3.90e-03 1.82e-02 -11.0 5.53e-02    -  1.00e+00 6.25e-02h  5
1432  1.3942935e-03 4.13e-03 1.34e-02 -11.0 5.30e-02    -  1.00e+00 3.12e-02h  6
1433  1.3936103e-03 2.47e-02 3.14e-02 -11.0 1.08e-01    -  1.00e+00 1.25e-01h  4
1434  1.3935476e-03 3.25e-02 5.31e-02 -11.0 5.43e-01    -  1.00e+00 1.56e-02h  7
1435  1.3916611e-03 4.48e-02 8.22e-02 -11.0 6.88e-01    -  1.00e+00 1.56e-02h  7
1436  1.3909306e-03 4.74e-02 7.86e-02 -11.0 6.98e-01    -  1.00e+00 7.81e-03h  8
1437  1.3907485e-03 4.55e-02 1.16e-01 -11.0 5.34e-02    -  1.00e+00 3.12e-02h  6
1438  1.4074860e-03 1.04e-02 2.07e-01 -11.0 9.07e-03    -  1.00e+00 1.00e+00w  1
1439  1.4824349e-03 8.42e-02 3.99e-01 -11.0 2.39e-02    -  1.00e+00 1.00e+00w  1
iter    objective    inf_pr   inf_du lg(mu)  ||d||  lg(rg) alpha_du alpha_pr  ls
1440  4.4925439e-03 5.83e-01 9.03e-01 -11.0 8.04e-02    -  1.00e+00 1.00e+00w  1
1441  1.3902026e-03 2.07e-02 1.59e-01 -11.0 1.24e-01    -  1.00e+00 5.00e-01h  1
1442  1.3898699e-03 1.76e-02 1.44e-01 -11.0 1.39e-02    -  1.00e+00 2.50e-01h  3
1443  1.3911939e-03 1.57e-02 7.53e-02 -11.0 1.06e-02    -  1.00e+00 5.00e-01h  2
1444  1.3849483e-03 1.22e-02 1.05e-01 -11.0 8.33e-03    -  1.00e+00 2.50e-01h  3
1445  1.3937009e-03 3.37e-03 4.60e-02 -11.0 2.62e-03    -  1.00e+00 1.00e+00h  1
1446  1.3808556e-03 1.34e-03 9.72e-03 -11.0 1.87e-03    -  1.00e+00 1.00e+00h  1
1447  1.3790397e-03 1.12e-03 1.37e-02 -11.0 1.47e-03    -  1.00e+00 1.00e+00h  1
1448  1.3770466e-03 2.48e-04 2.12e-02 -11.0 8.83e-04    -  1.00e+00 1.00e+00h  1
1449  1.3772283e-03 4.16e-04 1.34e-02 -11.0 7.28e-04    -  1.00e+00 1.00e+00h  1
iter    objective    inf_pr   inf_du lg(mu)  ||d||  lg(rg) alpha_du alpha_pr  ls
1450  1.3764082e-03 4.65e-05 6.02e-03 -11.0 3.60e-04    -  1.00e+00 1.00e+00h  1
1451  1.3760055e-03 5.38e-05 3.17e-03 -11.0 2.63e-04    -  1.00e+00 1.00e+00h  1
1452  1.3756852e-03 5.11e-05 4.61e-03 -11.0 4.77e-04    -  1.00e+00 1.00e+00h  1
1453  1.3752214e-03 4.37e-03 4.07e-02 -11.0 1.86e-02    -  1.00e+00 2.50e-01h  3
1454  1.3748584e-03 5.84e-03 4.08e-02 -11.0 9.04e-02    -  1.00e+00 3.12e-02h  6
1455  1.3747754e-03 6.12e-03 3.83e-02 -11.0 2.31e-02    -  1.00e+00 6.25e-02h  5
1456  1.3776013e-03 2.85e-06 1.03e-01 -11.0 7.89e-03    -  1.00e+00 1.00e+00H  1
1457  1.3772718e-03 1.02e-05 1.02e-01 -11.0 6.64e-02    -  1.00e+00 3.91e-03h  9
1458  1.3769007e-03 1.70e-05 1.00e-01 -11.0 1.93e-02    -  1.00e+00 7.81e-03h  8
1459  1.3726185e-03 2.49e-03 2.15e-02 -11.0 2.87e-03    -  1.00e+00 1.00e+00h  1
iter    objective    inf_pr   inf_du lg(mu)  ||d||  lg(rg) alpha_du alpha_pr  ls
1460  1.3708092e-03 2.40e-03 1.78e-02 -11.0 4.14e-03    -  1.00e+00 2.50e-01h  3
1461  1.3761398e-03 8.69e-06 2.08e-02 -11.0 3.21e-03    -  1.00e+00 1.00e+00H  1
1462  1.3782646e-03 6.89e-07 5.26e-02 -11.0 4.52e-03    -  1.00e+00 1.00e+00H  1
1463  1.3755899e-03 1.59e-04 5.09e-02 -11.0 3.13e-03    -  1.00e+00 2.50e-01h  3
1464  1.3688084e-03 1.19e-03 1.00e-02 -11.0 3.13e-03    -  1.00e+00 1.00e+00h  1
1465  1.3880456e-03 2.29e-07 4.74e-02 -11.0 2.07e-03    -  1.00e+00 1.00e+00H  1
1466  1.3682997e-03 1.85e-03 1.05e-02 -11.0 1.75e-03    -  1.00e+00 1.00e+00h  1
1467  1.3683565e-03 6.63e-06 4.66e-03 -11.0 2.00e-04    -  1.00e+00 1.00e+00h  1
1468  1.3681110e-03 2.12e-04 1.69e-02 -11.0 1.41e-03    -  1.00e+00 1.00e+00h  1
1469  1.3668871e-03 8.26e-03 5.45e-02 -11.0 2.56e-02    -  1.00e+00 2.50e-01h  3
iter    objective    inf_pr   inf_du lg(mu)  ||d||  lg(rg) alpha_du alpha_pr  ls
1470  1.3668162e-03 9.38e-03 5.28e-02 -11.0 1.92e-01    -  1.00e+00 1.56e-02h  7
1471  1.3667382e-03 9.03e-03 4.85e-02 -11.0 1.67e-02    -  1.00e+00 6.25e-02h  5
1472  1.3663125e-03 1.09e-03 3.70e-02 -11.0 2.56e-03    -  1.00e+00 1.00e+00h  1
1473  1.3653734e-03 9.57e-04 3.55e-02 -11.0 1.31e-02    -  1.00e+00 1.25e-01h  4
1474  1.3725516e-03 1.75e-07 4.74e-02 -11.0 3.84e-03    -  1.00e+00 1.00e+00H  1
1475  1.3690819e-03 1.89e-06 8.60e-02 -11.0 6.17e-03    -  1.00e+00 1.00e+00H  1
1476  1.3661371e-03 2.24e-04 7.55e-02 -11.0 2.12e-02    -  1.00e+00 6.25e-02h  5
1477  1.3635606e-03 5.74e-04 4.68e-02 -11.0 8.28e-03    -  1.00e+00 2.50e-01h  3
1478  1.3619146e-03 8.52e-04 9.68e-03 -11.0 7.46e-03    -  1.00e+00 2.50e-01h  3
1479  1.3779024e-03 8.80e-08 9.21e-02 -11.0 4.50e-03    -  1.00e+00 1.00e+00H  1
iter    objective    inf_pr   inf_du lg(mu)  ||d||  lg(rg) alpha_du alpha_pr  ls
1480  1.3612987e-03 1.97e-03 2.60e-02 -11.0 1.65e-03    -  1.00e+00 1.00e+00h  1
1481  1.3618443e-03 1.16e-03 1.46e-02 -11.0 1.44e-03    -  1.00e+00 1.00e+00h  1
1482  1.3588375e-03 3.39e-04 1.01e-02 -11.0 7.20e-04    -  1.00e+00 1.00e+00h  1
1483  1.3589822e-03 4.50e-05 1.05e-02 -11.0 3.64e-04    -  1.00e+00 1.00e+00h  1
1484  1.3582977e-03 1.44e-05 2.80e-03 -11.0 2.16e-04    -  1.00e+00 1.00e+00h  1
1485  1.3581564e-03 1.22e-05 2.54e-03 -11.0 3.47e-04    -  1.00e+00 1.00e+00h  1
1486  1.3579471e-03 1.44e-04 9.16e-03 -11.0 8.58e-02    -  1.00e+00 1.56e-02h  7
1487  1.3578861e-03 3.83e-04 1.15e-02 -11.0 2.98e-02    -  1.00e+00 6.25e-02h  5
1488  1.3575260e-03 4.78e-04 2.48e-02 -11.0 1.86e-02    -  1.00e+00 1.25e-01h  4
1489  1.3564540e-03 1.28e-03 1.93e-02 -11.0 3.59e-02    -  1.00e+00 1.25e-01h  4
iter    objective    inf_pr   inf_du lg(mu)  ||d||  lg(rg) alpha_du alpha_pr  ls
1490  1.3559001e-03 2.07e-03 2.75e-02 -11.0 1.23e-01    -  1.00e+00 3.12e-02h  6
1491  1.3544773e-03 6.05e-03 2.98e-02 -11.0 2.64e-01    -  1.00e+00 3.12e-02h  6
1492  1.3543147e-03 6.90e-03 3.40e-02 -11.0 5.55e-01    -  1.00e+00 7.81e-03h  8
1493  1.3540423e-03 7.54e-03 3.14e-02 -11.0 5.96e-02    -  1.00e+00 6.25e-02h  5
1494  1.3525510e-03 1.15e-02 6.18e-02 -11.0 1.14e-01    -  1.00e+00 6.25e-02h  5
1495  1.3512570e-03 4.30e-02 1.25e-01 -11.0 6.47e-01    -  1.00e+00 3.12e-02h  6
1496  5.1021051e-02 1.39e+03 1.79e+02 -11.0 2.05e+00    -  1.00e+00 1.00e+00w  1
1497  8.8475498e-01 1.82e+03 7.85e+01 -11.0 4.73e-01    -  1.00e+00 1.00e+00w  1
1498  8.1215475e+01 5.89e+03 9.23e+01 -11.0 4.37e+00    -  1.00e+00 1.00e+00w  1
1499  1.3494733e-03 1.08e-01 7.00e-02 -11.0 6.34e+00    -  1.00e+00 1.56e-02h  6
iter    objective    inf_pr   inf_du lg(mu)  ||d||  lg(rg) alpha_du alpha_pr  ls
1500  1.3467907e-03 9.07e-04 2.79e-02 -11.0 3.61e-03    -  1.00e+00 1.00e+00h  1
1501  1.3468025e-03 8.10e-04 3.54e-02 -11.0 7.10e-03    -  1.00e+00 2.50e-01h  3
1502  1.3441906e-03 6.90e-04 1.96e-02 -11.0 1.83e-03    -  1.00e+00 1.00e+00h  1
1503  1.3555548e-03 7.37e-04 5.52e-02 -11.0 8.05e-03    -  1.00e+00 5.00e-01h  2
1504  1.3539855e-03 1.11e-03 6.45e-02 -11.0 2.35e-03    -  1.00e+00 1.00e+00h  1
1505  1.3516078e-03 5.45e-05 3.03e-02 -11.0 1.90e-03    -  1.00e+00 1.00e+00H  1
1506  1.3406467e-03 4.48e-04 2.16e-02 -11.0 1.30e-03    -  1.00e+00 1.00e+00h  1
1507  1.3402764e-03 6.22e-05 1.61e-02 -11.0 4.52e-04    -  1.00e+00 1.00e+00h  1
1508  1.3398364e-03 2.53e-05 1.36e-03 -11.0 1.69e-04    -  1.00e+00 1.00e+00h  1
1509  1.3395709e-03 1.69e-05 3.56e-03 -11.0 2.54e-04    -  1.00e+00 1.00e+00h  1
iter    objective    inf_pr   inf_du lg(mu)  ||d||  lg(rg) alpha_du alpha_pr  ls
1510  1.3559666e-03 1.44e-06 4.11e-02 -11.0 5.57e-03    -  1.00e+00 1.00e+00H  1
1511  1.3579642e-03 1.09e-06 7.30e-02 -11.0 1.75e-03    -  1.00e+00 1.00e+00H  1
1512  1.3370223e-03 4.22e-03 4.76e-02 -11.0 3.08e-03    -  1.00e+00 1.00e+00h  1
1513  1.3382325e-03 2.15e-03 3.39e-02 -11.0 1.23e-03    -  1.00e+00 5.00e-01h  2
1514  1.3355034e-03 3.70e-04 2.48e-03 -11.0 8.81e-04    -  1.00e+00 1.00e+00h  1
1515  1.3357067e-03 8.40e-05 2.34e-02 -11.0 4.48e-03    -  1.00e+00 1.00e+00H  1
1516  1.3353693e-03 4.11e-04 2.31e-02 -11.0 6.04e-02    -  1.00e+00 1.56e-02h  7
1517  1.3350723e-03 9.25e-03 3.02e-02 -11.0 1.91e-02    -  1.00e+00 2.50e-01h  3
1518  1.3345218e-03 9.25e-03 3.46e-02 -11.0 3.86e-02    -  1.00e+00 3.12e-02h  6
1519  1.3337530e-03 7.55e-03 3.08e-02 -11.0 5.34e-03    -  1.00e+00 2.50e-01h  3
iter    objective    inf_pr   inf_du lg(mu)  ||d||  lg(rg) alpha_du alpha_pr  ls
1520  1.3386130e-03 5.17e-05 4.32e-02 -11.0 6.85e-03    -  1.00e+00 1.00e+00H  1
1521  1.3375849e-03 3.16e-05 3.57e-02 -11.0 1.83e-02    -  1.00e+00 3.12e-02h  6
1522  1.3309924e-03 2.15e-02 2.28e-02 -11.0 6.92e-03    -  1.00e+00 1.00e+00h  1
1523  1.3304816e-03 2.16e-02 7.47e-03 -11.0 6.83e-02    -  1.00e+00 1.56e-02h  7
1524  1.3318958e-03 1.90e-02 1.32e-02 -11.0 9.29e-03    -  1.00e+00 1.25e-01h  4
1525  1.3299665e-03 2.60e-04 2.11e-02 -11.0 9.20e-04    -  1.00e+00 1.00e+00h  1
1526  1.3345531e-03 3.01e-05 2.77e-02 -11.0 1.94e-03    -  1.00e+00 1.00e+00H  1
1527  1.3294916e-03 2.70e-03 6.11e-03 -11.0 2.57e-03    -  1.00e+00 1.00e+00h  1
1528  1.3295058e-03 2.45e-03 8.39e-03 -11.0 5.93e-03    -  1.00e+00 1.25e-01h  4
1529  1.3288263e-03 7.94e-05 7.37e-03 -11.0 6.12e-04    -  1.00e+00 1.00e+00h  1
iter    objective    inf_pr   inf_du lg(mu)  ||d||  lg(rg) alpha_du alpha_pr  ls
1530  1.3312258e-03 3.63e-06 9.18e-03 -11.0 2.00e-03    -  1.00e+00 1.00e+00H  1
1531  1.3281637e-03 7.49e-05 5.61e-03 -11.0 6.00e-04    -  1.00e+00 1.00e+00h  1
1532  1.3278601e-03 9.48e-05 1.11e-02 -11.0 5.31e-04    -  1.00e+00 1.00e+00h  1
1533  1.3306852e-03 2.83e-05 3.06e-02 -11.0 6.18e-03    -  1.00e+00 1.00e+00H  1
1534  1.3306114e-03 3.09e-05 3.09e-02 -11.0 6.84e-02    -  1.00e+00 1.95e-03h 10
1535  1.3305239e-03 3.64e-05 3.10e-02 -11.0 7.06e-02    -  1.00e+00 1.95e-03h 10
1536  1.3272585e-03 1.83e-02 3.56e-02 -11.0 5.28e-01    -  1.00e+00 1.56e-02h  7
1537  1.3266832e-03 1.89e-02 4.36e-02 -11.0 4.27e-01    -  1.00e+00 3.91e-03h  9
1538  1.3264119e-03 1.80e-02 8.04e-02 -11.0 2.86e-02    -  1.00e+00 1.25e-01h  4
1539  1.3247194e-03 2.11e-02 7.85e-02 -11.0 5.12e-02    -  1.00e+00 1.25e-01h  4
iter    objective    inf_pr   inf_du lg(mu)  ||d||  lg(rg) alpha_du alpha_pr  ls
1540  1.3258290e-03 2.04e-02 5.49e-02 -11.0 9.28e-02    -  1.00e+00 3.12e-02h  6
1541  1.3238270e-03 8.95e-03 2.27e-02 -11.0 5.37e-03    -  1.00e+00 5.00e-01h  2
1542  1.3234013e-03 1.12e-02 4.45e-02 -11.0 1.59e-02    -  1.00e+00 2.50e-01h  3
1543  1.3212699e-03 1.65e-02 3.48e-02 -11.0 4.61e-02    -  1.00e+00 1.25e-01h  4
1544  6.4824797e-03 6.47e+00 1.09e+00 -11.0 1.73e-01    -  1.00e+00 1.00e+00w  1
1545  3.8176296e+01 7.98e+02 3.58e+03 -11.0 2.85e+00    -  1.00e+00 1.00e+00w  1
1546  1.1596663e+01 1.30e+03 8.86e+02 -11.0 1.63e+00    -  1.00e+00 1.00e+00w  1
1547  1.3207376e-03 1.78e-02 2.32e-02 -11.0 4.93e-01    -  1.00e+00 1.56e-02h  6
1548  1.3210317e-03 8.83e-03 2.06e-02 -11.0 1.50e-03    -  1.00e+00 5.00e-01h  2
1549  1.3182860e-03 2.58e-04 9.87e-03 -11.0 7.23e-04    -  1.00e+00 1.00e+00h  1
iter    objective    inf_pr   inf_du lg(mu)  ||d||  lg(rg) alpha_du alpha_pr  ls
1550  1.3179339e-03 1.73e-04 8.44e-03 -11.0 8.55e-04    -  1.00e+00 1.00e+00h  1
1551  1.3258015e-03 1.23e-05 1.23e-02 -11.0 3.54e-03    -  1.00e+00 1.00e+00H  1
1552  1.3374360e-03 1.89e-06 1.97e-02 -11.0 3.08e-03    -  1.00e+00 1.00e+00H  1
1553  1.3275202e-03 3.89e-06 1.57e-02 -11.0 2.63e-03    -  1.00e+00 1.00e+00H  1
1554  1.3155823e-03 4.94e-04 7.96e-03 -11.0 1.29e-03    -  1.00e+00 1.00e+00h  1
1555  1.3154369e-03 3.70e-05 3.80e-03 -11.0 4.66e-04    -  1.00e+00 1.00e+00h  1
1556  1.3266498e-03 2.82e-06 2.16e-02 -11.0 1.57e-02    -  1.00e+00 1.00e+00H  1
1557  1.3265091e-03 9.70e-06 2.15e-02 -11.0 1.10e-01    -  1.00e+00 1.95e-03h 10
1558  1.3263671e-03 1.13e-05 2.14e-02 -11.0 5.52e-02    -  1.00e+00 1.95e-03h 10
1559  1.3257848e-03 1.90e-05 2.13e-02 -11.0 1.30e-01    -  1.00e+00 1.95e-03h 10
iter    objective    inf_pr   inf_du lg(mu)  ||d||  lg(rg) alpha_du alpha_pr  ls
1560  1.3230259e-03 3.70e-05 1.87e-02 -11.0 6.05e-02    -  1.00e+00 7.81e-03h  8
1561  1.3180355e-03 5.09e-02 3.59e-02 -11.0 3.63e-02    -  1.00e+00 5.00e-01h  2
1562  1.3114471e-03 5.69e-02 3.89e-02 -11.0 4.71e-01    -  1.00e+00 1.56e-02h  7
1563  1.3083164e-03 7.33e-02 4.67e-02 -11.0 3.93e-01    -  1.00e+00 3.12e-02h  6
1564  1.3081959e-03 7.44e-02 2.48e-02 -11.0 2.95e-01    -  1.00e+00 1.56e-02h  7
1565  1.3076138e-03 7.48e-02 5.80e-02 -11.0 1.17e-01    -  1.00e+00 6.25e-02h  5
1566  1.3073710e-03 7.86e-02 9.09e-02 -11.0 4.79e-01    -  1.00e+00 1.56e-02h  7
1567  1.2684911e-02 2.92e+01 6.11e+00 -11.0 5.37e-01    -  1.00e+00 1.00e+00w  1
1568  6.0295297e-02 5.50e+00 1.62e+01 -11.0 2.14e-01    -  1.00e+00 1.00e+00w  1
1569  7.3785243e-02 1.44e+01 3.11e+01 -11.0 1.78e-01    -  1.00e+00 1.00e+00w  1
iter    objective    inf_pr   inf_du lg(mu)  ||d||  lg(rg) alpha_du alpha_pr  ls
1570  1.3063904e-03 8.38e-02 1.57e-01 -11.0 1.59e-01    -  1.00e+00 1.56e-02h  6
1571  1.3054176e-03 8.57e-02 9.68e-02 -11.0 3.93e-01    -  1.00e+00 1.56e-02h  7
1572  1.3041606e-03 8.54e-02 9.34e-02 -11.0 1.82e-01    -  1.00e+00 3.91e-03h  9
1573  1.3063438e-03 7.94e-04 6.28e-02 -11.0 2.60e-03    -  1.00e+00 1.00e+00h  1
1574  1.3071249e-03 2.17e-04 5.71e-02 -11.0 9.86e-04    -  1.00e+00 1.00e+00h  1
1575  1.3015367e-03 3.56e-04 2.11e-02 -11.0 2.58e-03    -  1.00e+00 1.00e+00h  1
1576  1.3060577e-03 5.53e-05 8.48e-02 -11.0 1.06e-02    -  1.00e+00 1.00e+00H  1
1577  1.3055220e-03 2.21e-04 8.88e-02 -11.0 1.86e-01    -  1.00e+00 7.81e-03h  8
1578  1.3051125e-03 3.23e-04 9.29e-02 -11.0 5.83e-01    -  1.00e+00 1.95e-03h 10
1579  1.3049229e-03 3.37e-04 9.39e-02 -11.0 7.76e-01    -  1.00e+00 4.88e-04h 12
iter    objective    inf_pr   inf_du lg(mu)  ||d||  lg(rg) alpha_du alpha_pr  ls
1580  1.3004193e-03 7.19e-02 1.81e-01 -11.0 3.42e+00    -  1.00e+00 7.81e-03h  8
1581  1.2985844e-03 7.55e-02 1.62e-01 -11.0 1.67e+00    -  1.00e+00 3.91e-03h  9
1582  1.2965055e-03 8.74e-02 1.75e-01 -11.0 7.30e-01    -  1.00e+00 1.56e-02h  7
1583  1.2943255e-03 9.18e-02 1.40e-01 -11.0 1.09e+00    -  1.00e+00 7.81e-03h  8
1584  1.2941041e-03 9.17e-02 1.32e-01 -11.0 1.76e-01    -  1.00e+00 3.12e-02h  6
1585  1.2920594e-03 9.53e-02 1.26e-01 -11.0 2.78e-01    -  1.00e+00 3.12e-02h  6
1586  1.2874596e-03 1.51e-01 2.08e-01 -11.0 3.09e+00    -  1.00e+00 7.81e-03h  8
1587  5.5997694e-01 7.81e+02 8.98e+02 -11.0 3.13e+00    -  1.00e+00 1.00e+00w  1
1588  2.8843006e+01 4.41e+03 2.40e+02 -11.0 3.59e+00    -  1.00e+00 1.00e+00w  1
1589  1.4808828e+01 1.44e+03 3.51e+02 -11.0 1.14e+00    -  1.00e+00 1.00e+00w  1
iter    objective    inf_pr   inf_du lg(mu)  ||d||  lg(rg) alpha_du alpha_pr  ls
1590  1.2858018e-03 1.54e-01 1.95e-01 -11.0 6.35e-01    -  1.00e+00 1.95e-03h  9
1591  1.2901215e-03 3.43e-04 5.94e-02 -11.0 1.36e-03    -  1.00e+00 1.00e+00h  1
1592  1.3450480e-03 1.01e-05 1.33e-01 -11.0 1.56e-02    -  1.00e+00 1.00e+00H  1
1593  1.3435077e-03 1.25e-05 1.35e-01 -11.0 1.99e-02    -  1.00e+00 7.81e-03h  8
1594  1.2827520e-03 2.17e-02 2.11e-02 -11.0 1.37e-02    -  1.00e+00 1.00e+00h  1
1595  1.2856371e-03 1.90e-02 2.04e-02 -11.0 7.68e-03    -  1.00e+00 1.25e-01h  4
1596  1.2818879e-03 2.48e-04 7.85e-03 -11.0 1.55e-03    -  1.00e+00 1.00e+00h  1
1597  1.2860413e-03 1.72e-06 4.07e-02 -11.0 8.83e-04    -  1.00e+00 1.00e+00H  1
1598  1.2810689e-03 1.31e-04 1.03e-02 -11.0 9.71e-04    -  1.00e+00 1.00e+00h  1
1599  1.2806938e-03 2.42e-05 6.01e-03 -11.0 3.56e-04    -  1.00e+00 1.00e+00h  1
iter    objective    inf_pr   inf_du lg(mu)  ||d||  lg(rg) alpha_du alpha_pr  ls
1600  1.2799611e-03 3.27e-04 6.44e-03 -11.0 1.16e-03    -  1.00e+00 1.00e+00h  1
1601  1.2787575e-03 2.73e-03 2.60e-02 -11.0 1.03e-01    -  1.00e+00 3.12e-02h  6
1602  1.2785422e-03 2.77e-03 3.19e-02 -11.0 3.43e-02    -  1.00e+00 3.12e-02h  6
1603  1.2782819e-03 2.61e-03 3.62e-02 -11.0 7.95e-03    -  1.00e+00 2.50e-01h  3
1604  1.2782045e-03 3.80e-03 4.53e-02 -11.0 2.69e-02    -  1.00e+00 1.25e-01h  4
1605  1.2779456e-03 3.62e-03 4.26e-02 -11.0 1.14e-02    -  1.00e+00 6.25e-02h  5
1606  1.2806590e-03 4.48e-06 7.65e-02 -11.0 6.30e-03    -  1.00e+00 1.00e+00H  1
1607  1.2798419e-03 1.88e-04 7.80e-02 -11.0 2.60e-02    -  1.00e+00 6.25e-02h  5
1608  1.2953446e-03 1.35e-07 9.41e-02 -11.0 7.19e-03    -  1.00e+00 1.00e+00H  1
1609  1.2947532e-03 6.46e-07 9.45e-02 -11.0 7.47e-03    -  1.00e+00 7.81e-03h  8
iter    objective    inf_pr   inf_du lg(mu)  ||d||  lg(rg) alpha_du alpha_pr  ls
1610  1.2750623e-03 6.01e-04 3.22e-02 -11.0 3.21e-03    -  1.00e+00 1.00e+00h  1
1611  1.2745648e-03 2.71e-04 1.33e-02 -11.0 1.51e-03    -  1.00e+00 1.00e+00h  1
1612  1.2721744e-03 1.96e-04 3.77e-03 -11.0 7.42e-04    -  1.00e+00 1.00e+00h  1
1613  1.2716771e-03 8.03e-05 8.64e-03 -11.0 3.18e-04    -  1.00e+00 1.00e+00h  1
1614  1.2713212e-03 2.97e-05 5.31e-03 -11.0 3.79e-04    -  1.00e+00 1.00e+00h  1
1615  1.2713504e-03 6.73e-08 6.30e-03 -11.0 8.76e-04    -  1.00e+00 1.00e+00H  1
1616  1.2740904e-03 2.76e-09 7.26e-04 -11.0 2.73e-03    -  1.00e+00 1.00e+00H  1
1617  1.2739181e-03 5.12e-09 8.58e-04 -11.0 8.44e-04    -  1.00e+00 1.00e+00H  1
1618  1.2712996e-03 2.38e-04 1.94e-02 -11.0 1.55e-03    -  1.00e+00 1.00e+00h  1
1619  1.2746084e-03 1.87e-10 1.00e-03 -11.0 8.46e-04    -  1.00e+00 1.00e+00H  1
iter    objective    inf_pr   inf_du lg(mu)  ||d||  lg(rg) alpha_du alpha_pr  ls
1620  1.2704029e-03 2.76e-04 5.28e-03 -11.0 7.31e-04    -  1.00e+00 1.00e+00h  1
1621  1.2706407e-03 6.73e-05 5.20e-03 -11.0 2.86e-04    -  1.00e+00 1.00e+00h  1
1622  1.2702502e-03 2.32e-05 1.71e-03 -11.0 1.57e-04    -  1.00e+00 1.00e+00h  1
1623  1.2701996e-03 2.01e-06 2.49e-03 -11.0 7.14e-05    -  1.00e+00 1.00e+00h  1
1624  1.2712378e-03 2.28e-06 2.32e-02 -11.0 1.77e-03    -  1.00e+00 1.00e+00H  1
1625  1.2720895e-03 5.97e-08 4.34e-02 -11.0 1.02e-03    -  1.00e+00 1.00e+00H  1
1626  1.2700163e-03 2.28e-04 1.96e-02 -11.0 8.22e-04    -  1.00e+00 1.00e+00h  1
1627  1.2695931e-03 1.30e-05 6.88e-03 -11.0 4.54e-04    -  1.00e+00 1.00e+00h  1
1628  1.2695756e-03 1.59e-05 6.50e-03 -11.0 5.15e-04    -  1.00e+00 1.00e+00h  1
1629  1.2693759e-03 2.55e-05 1.28e-02 -11.0 5.85e-04    -  1.00e+00 1.00e+00h  1
iter    objective    inf_pr   inf_du lg(mu)  ||d||  lg(rg) alpha_du alpha_pr  ls
1630  1.2713378e-03 6.26e-07 1.98e-02 -11.0 8.80e-04    -  1.00e+00 1.00e+00H  1
1631  1.2691984e-03 1.11e-04 6.90e-03 -11.0 5.53e-04    -  1.00e+00 1.00e+00h  1
1632  1.2691142e-03 1.19e-05 6.00e-03 -11.0 4.28e-04    -  1.00e+00 1.00e+00h  1
1633  1.2705131e-03 1.86e-06 4.62e-02 -11.0 1.20e-02    -  1.00e+00 1.00e+00H  1
1634  1.2704914e-03 1.01e-06 4.62e-02 -11.0 4.66e-01    -  1.00e+00 2.44e-04h 13
1635  1.2704612e-03 6.85e-07 4.58e-02 -11.0 4.64e-02    -  1.00e+00 1.95e-03h 10
1636  1.2701510e-03 1.36e-05 4.04e-02 -11.0 1.15e-02    -  1.00e+00 3.12e-02h  6
1637  1.2699125e-03 1.83e-05 3.81e-02 -11.0 8.74e-03    -  1.00e+00 1.56e-02h  7
1638  1.2876282e-03 4.55e-06 6.98e-02 -11.0 6.95e-03    -  1.00e+00 1.00e+00H  1
1639  1.2872529e-03 5.27e-06 7.05e-02 -11.0 1.25e-02    -  1.00e+00 7.81e-03h  8
iter    objective    inf_pr   inf_du lg(mu)  ||d||  lg(rg) alpha_du alpha_pr  ls
1640  1.2866033e-03 6.21e-06 6.72e-02 -11.0 1.21e-02    -  1.00e+00 3.91e-03h  9
1641  1.2677049e-03 7.05e-03 1.27e-02 -11.0 8.29e-03    -  1.00e+00 1.00e+00h  1
1642  1.2693959e-03 6.07e-03 1.22e-02 -11.0 7.30e-03    -  1.00e+00 1.25e-01h  4
1643  1.2671676e-03 9.41e-05 4.72e-03 -11.0 9.08e-04    -  1.00e+00 1.00e+00h  1
1644  1.2670757e-03 4.11e-05 1.73e-03 -11.0 8.02e-04    -  1.00e+00 1.00e+00h  1
1645  1.2668389e-03 1.09e-03 2.76e-02 -11.0 6.80e-02    -  1.00e+00 6.25e-02h  5
1646  1.2668025e-03 1.27e-03 3.60e-02 -11.0 2.38e-01    -  1.00e+00 7.81e-03h  8
1647  1.2667647e-03 1.28e-03 4.01e-02 -11.0 3.67e-02    -  1.00e+00 3.12e-02h  6
1648  1.2790709e-03 2.95e-06 8.55e-02 -11.0 1.96e-02    -  1.00e+00 1.00e+00H  1
1649  1.2790569e-03 3.07e-06 8.56e-02 -11.0 1.87e-01    -  1.00e+00 2.44e-04h 13
iter    objective    inf_pr   inf_du lg(mu)  ||d||  lg(rg) alpha_du alpha_pr  ls
1650  1.2790325e-03 3.15e-06 8.57e-02 -11.0 3.51e-01    -  1.00e+00 1.22e-04h 14
1651  1.2790007e-03 3.16e-06 8.57e-02 -11.0 2.59e-01    -  1.00e+00 1.22e-04h 14
1652  1.2789646e-03 3.17e-06 8.56e-02 -11.0 5.95e-01    -  1.00e+00 6.10e-05h 15
1653  1.2757417e-03 1.89e-03 7.77e-02 -11.0 1.34e-01    -  1.00e+00 6.25e-02h  5
1654  1.2702733e-03 6.81e-03 4.29e-02 -11.0 4.68e-01    -  1.00e+00 3.12e-02h  6
1655  1.2691442e-03 8.61e-03 3.89e-02 -11.0 5.87e-01    -  1.00e+00 1.56e-02h  7
1656  1.2666645e-03 1.05e-02 3.84e-02 -11.0 4.90e-01    -  1.00e+00 1.56e-02h  7
1657  1.2653505e-03 1.25e-02 3.27e-02 -11.0 5.97e-01    -  1.00e+00 1.56e-02h  7
1658  1.2641571e-03 1.32e-02 6.39e-02 -11.0 6.53e-01    -  1.00e+00 1.56e-02h  7
1659  6.3767789e-03 6.00e-01 9.22e-01 -11.0 5.17e-02    -  1.00e+00 1.00e+00w  1
iter    objective    inf_pr   inf_du lg(mu)  ||d||  lg(rg) alpha_du alpha_pr  ls
1660  2.4005486e-03 5.54e-01 2.03e+00 -11.0 4.16e-02    -  1.00e+00 1.00e+00w  1
1661  3.9929201e-03 9.70e-02 8.93e-01 -11.0 5.61e-02    -  1.00e+00 1.00e+00w  1
1662  1.2627188e-03 1.26e-02 4.01e-02 -11.0 2.49e-02    -  1.00e+00 3.12e-02h  5
1663  1.2627059e-03 7.91e-04 5.77e-02 -11.0 6.03e-03    -  1.00e+00 1.00e+00h  1
1664  1.2614541e-03 1.04e-03 7.13e-02 -11.0 3.20e-02    -  1.00e+00 1.25e-01h  4
1665  1.4519778e-03 1.56e-06 1.27e-01 -11.0 5.18e-03    -  1.00e+00 1.00e+00H  1
1666  1.2579637e-03 1.01e-02 7.08e-03 -11.0 9.67e-03    -  1.00e+00 1.00e+00h  1
1667  1.2589532e-03 7.54e-05 6.17e-03 -11.0 6.98e-04    -  1.00e+00 1.00e+00h  1
1668  1.2582667e-03 3.13e-05 1.35e-02 -11.0 2.58e-04    -  1.00e+00 1.00e+00h  1
1669  1.2581688e-03 8.15e-06 1.94e-03 -11.0 1.42e-04    -  1.00e+00 1.00e+00h  1
iter    objective    inf_pr   inf_du lg(mu)  ||d||  lg(rg) alpha_du alpha_pr  ls
1670  1.2579845e-03 3.65e-05 6.03e-03 -11.0 5.64e-04    -  1.00e+00 1.00e+00h  1
1671  1.2604884e-03 3.69e-06 3.43e-02 -11.0 4.21e-03    -  1.00e+00 1.00e+00H  1
1672  1.2803486e-03 2.07e-07 1.75e-02 -11.0 6.32e-03    -  1.00e+00 1.00e+00H  1
1673  1.2710118e-03 5.26e-07 1.45e-01 -11.0 3.82e-03    -  1.00e+00 1.00e+00H  1
1674  1.2693454e-03 5.77e-06 9.95e-02 -11.0 2.95e-03    -  1.00e+00 1.00e+00H  1
1675  1.2605701e-03 9.51e-07 6.69e-02 -11.0 3.38e-03    -  1.00e+00 1.00e+00H  1
1676  1.2618153e-03 7.80e-08 7.68e-02 -11.0 2.69e-03    -  1.00e+00 1.00e+00H  1
1677  1.2599677e-03 7.03e-07 4.57e-02 -11.0 1.40e-03    -  1.00e+00 1.00e+00H  1
1678  1.2555804e-03 2.62e-04 9.14e-03 -11.0 8.04e-04    -  1.00e+00 1.00e+00h  1
1679  1.2550649e-03 6.03e-05 3.49e-03 -11.0 4.72e-04    -  1.00e+00 1.00e+00h  1
iter    objective    inf_pr   inf_du lg(mu)  ||d||  lg(rg) alpha_du alpha_pr  ls
1680  1.2549206e-03 1.09e-05 5.10e-03 -11.0 1.61e-04    -  1.00e+00 1.00e+00h  1
1681  1.2548218e-03 3.99e-06 3.22e-03 -11.0 8.36e-05    -  1.00e+00 1.00e+00h  1
1682  1.2546440e-03 3.22e-05 3.37e-03 -11.0 5.37e-04    -  1.00e+00 1.00e+00h  1
1683  1.2603428e-03 1.58e-07 3.36e-02 -11.0 6.03e-03    -  1.00e+00 1.00e+00H  1
1684  1.2598863e-03 2.37e-06 3.25e-02 -11.0 6.54e-03    -  1.00e+00 3.12e-02h  6
1685  1.2586945e-03 2.18e-07 1.11e-02 -11.0 3.74e-03    -  1.00e+00 1.00e+00H  1
1686  1.2831077e-03 4.72e-09 2.90e-03 -11.0 3.12e-03    -  1.00e+00 1.00e+00H  1
1687  1.2532227e-03 1.07e-03 1.44e-02 -11.0 4.78e-03    -  1.00e+00 1.00e+00h  1
1688  1.2655930e-03 7.10e-08 6.57e-02 -11.0 5.14e-03    -  1.00e+00 1.00e+00H  1
1689  1.2577458e-03 3.81e-07 2.09e-02 -11.0 1.93e-03    -  1.00e+00 1.00e+00H  1
iter    objective    inf_pr   inf_du lg(mu)  ||d||  lg(rg) alpha_du alpha_pr  ls
1690  1.2569964e-03 8.66e-06 2.12e-02 -11.0 4.04e-03    -  1.00e+00 1.00e+00H  1
1691  1.2663511e-03 1.98e-08 1.97e-03 -11.0 2.68e-03    -  1.00e+00 1.00e+00H  1
1692  1.2536961e-03 1.21e-03 9.33e-03 -11.0 3.78e-03    -  1.00e+00 1.00e+00h  1
1693  1.2667422e-03 4.59e-08 2.18e-03 -11.0 3.45e-03    -  1.00e+00 1.00e+00H  1
1694  1.2531185e-03 5.67e-04 1.21e-02 -11.0 1.98e-03    -  1.00e+00 1.00e+00h  1
1695  1.2528435e-03 2.51e-04 1.39e-02 -11.0 8.20e-04    -  1.00e+00 1.00e+00h  1
1696  1.2521670e-03 2.43e-05 1.08e-02 -11.0 4.99e-04    -  1.00e+00 1.00e+00h  1
1697  1.2517289e-03 3.14e-05 2.82e-03 -11.0 2.78e-04    -  1.00e+00 1.00e+00h  1
1698  1.2517107e-03 5.45e-07 1.11e-03 -11.0 4.00e-05    -  1.00e+00 1.00e+00h  1
1699  1.2516389e-03 4.57e-06 1.28e-03 -11.0 1.81e-04    -  1.00e+00 1.00e+00h  1
iter    objective    inf_pr   inf_du lg(mu)  ||d||  lg(rg) alpha_du alpha_pr  ls
1700  1.2525553e-03 9.34e-08 1.41e-02 -11.0 1.61e-03    -  1.00e+00 1.00e+00H  1
1701  1.2557909e-03 1.63e-07 3.04e-02 -11.0 1.16e-03    -  1.00e+00 1.00e+00H  1
1702  1.2514454e-03 4.89e-04 6.24e-03 -11.0 1.43e-03    -  1.00e+00 1.00e+00h  1
1703  1.2512244e-03 3.68e-04 9.78e-03 -11.0 5.45e-04    -  1.00e+00 2.50e-01h  3
1704  1.2510257e-03 1.69e-05 2.69e-03 -11.0 5.33e-04    -  1.00e+00 1.00e+00h  1
1705  1.2565216e-03 1.12e-08 1.26e-03 -11.0 6.46e-03    -  1.00e+00 1.00e+00H  1
1706  1.2565053e-03 3.19e-08 1.25e-03 -11.0 1.54e-02    -  1.00e+00 9.77e-04h 11
1707  1.2509434e-03 4.67e-03 4.73e-02 -11.0 3.58e-02    -  1.00e+00 1.25e-01h  4
1708  1.2498933e-03 4.56e-03 5.86e-02 -11.0 1.84e-02    -  1.00e+00 3.12e-02h  6
1709  1.2502038e-03 1.47e-04 5.18e-03 -11.0 8.73e-04    -  1.00e+00 1.00e+00h  1
iter    objective    inf_pr   inf_du lg(mu)  ||d||  lg(rg) alpha_du alpha_pr  ls
1710  1.2495719e-03 1.13e-04 1.59e-02 -11.0 1.33e-03    -  1.00e+00 1.00e+00h  1
1711  1.2532259e-03 2.17e-09 1.12e-03 -11.0 1.90e-03    -  1.00e+00 1.00e+00H  1
1712  1.2504681e-03 3.65e-06 1.18e-02 -11.0 1.35e-03    -  1.00e+00 1.00e+00H  1
1713  1.2534344e-03 7.82e-10 1.22e-03 -11.0 1.88e-03    -  1.00e+00 1.00e+00H  1
1714  1.2495346e-03 2.44e-04 1.45e-02 -11.0 1.14e-03    -  1.00e+00 1.00e+00h  1
1715  1.2488260e-03 1.65e-04 4.28e-03 -11.0 1.01e-03    -  1.00e+00 5.00e-01h  2
1716  1.2487703e-03 6.97e-06 3.55e-03 -11.0 1.45e-04    -  1.00e+00 1.00e+00h  1
1717  1.2486258e-03 7.15e-06 2.08e-03 -11.0 1.08e-04    -  1.00e+00 1.00e+00h  1
1718  1.2486015e-03 9.21e-07 7.17e-04 -11.0 4.81e-05    -  1.00e+00 1.00e+00h  1
1719  1.2483037e-03 3.19e-04 4.77e-03 -11.0 7.09e-04    -  1.00e+00 1.00e+00h  1
iter    objective    inf_pr   inf_du lg(mu)  ||d||  lg(rg) alpha_du alpha_pr  ls
1720  1.2482315e-03 4.56e-04 1.57e-02 -11.0 1.71e-02    -  1.00e+00 3.12e-02h  6
1721  1.2481305e-03 5.12e-04 2.17e-02 -11.0 4.38e-03    -  1.00e+00 1.25e-01h  4
1722  1.2480343e-03 5.11e-04 2.74e-02 -11.0 3.85e-03    -  1.00e+00 1.25e-01h  4
1723  1.2498744e-03 4.28e-07 1.94e-02 -11.0 3.92e-03    -  1.00e+00 1.00e+00H  1
1724  1.2498068e-03 5.64e-07 1.94e-02 -11.0 7.13e-03    -  1.00e+00 7.81e-03h  8
1725  1.2484585e-03 1.16e-05 9.52e-03 -11.0 2.39e-03    -  1.00e+00 1.00e+00H  1
1726  1.2478796e-03 3.08e-04 8.12e-03 -11.0 1.46e-02    -  1.00e+00 6.25e-02h  5
1727  1.2478962e-03 2.84e-04 1.23e-02 -11.0 2.24e-03    -  1.00e+00 1.25e-01h  4
1728  1.2474057e-03 2.25e-04 5.14e-03 -11.0 8.20e-04    -  1.00e+00 1.00e+00h  1
1729  1.2554117e-03 7.52e-11 1.71e-03 -11.0 1.83e-03    -  1.00e+00 1.00e+00H  1
iter    objective    inf_pr   inf_du lg(mu)  ||d||  lg(rg) alpha_du alpha_pr  ls
1730  1.2473586e-03 1.75e-04 8.00e-03 -11.0 1.58e-03    -  1.00e+00 1.00e+00h  1
1731  1.2479909e-03 9.83e-05 3.05e-02 -11.0 3.98e-04    -  1.00e+00 1.00e+00h  1
1732  1.2472500e-03 6.60e-05 1.88e-03 -11.0 2.64e-04    -  1.00e+00 1.00e+00h  1
1733  1.2472322e-03 4.04e-07 3.88e-04 -11.0 1.07e-04    -  1.00e+00 1.00e+00h  1
1734  1.2484441e-03 7.53e-08 2.98e-02 -11.0 6.86e-03    -  1.00e+00 1.00e+00H  1
1735  1.2484340e-03 1.82e-07 2.99e-02 -11.0 1.01e-01    -  1.00e+00 4.88e-04h 12
1736  1.2484002e-03 3.40e-07 2.98e-02 -11.0 1.78e-02    -  1.00e+00 3.91e-03h  9
1737  1.2483880e-03 3.42e-07 2.97e-02 -11.0 1.05e-02    -  1.00e+00 9.77e-04h 11
1738  1.2483293e-03 3.88e-07 2.95e-02 -11.0 9.05e-03    -  1.00e+00 3.91e-03h  9
1739  1.2470283e-03 4.21e-04 4.79e-02 -11.0 1.37e-02    -  1.00e+00 2.50e-01h  3
iter    objective    inf_pr   inf_du lg(mu)  ||d||  lg(rg) alpha_du alpha_pr  ls
1740  1.2468231e-03 3.64e-04 3.31e-02 -11.0 5.52e-02    -  1.00e+00 3.12e-02h  6
1741  1.2712566e-03 9.30e-08 1.52e-01 -11.0 5.88e-03    -  1.00e+00 1.00e+00H  1
1742  1.2514024e-03 3.14e-08 4.08e-02 -11.0 3.90e-03    -  1.00e+00 1.00e+00H  1
1743  1.2470965e-03 2.44e-04 9.12e-03 -11.0 1.38e-02    -  1.00e+00 1.25e-01h  4
1744  1.2463228e-03 1.62e-04 1.24e-02 -11.0 3.21e-03    -  1.00e+00 2.50e-01h  3
1745  1.2471658e-03 4.62e-04 2.63e-02 -11.0 1.09e-03    -  1.00e+00 1.00e+00h  1
1746  1.2455461e-03 2.01e-04 8.78e-03 -11.0 9.23e-04    -  1.00e+00 1.00e+00h  1
1747  1.2462573e-03 4.79e-04 1.31e-02 -11.0 9.47e-04    -  1.00e+00 1.00e+00h  1
1748  1.2449882e-03 3.14e-04 3.47e-03 -11.0 5.29e-04    -  1.00e+00 1.00e+00h  1
1749  1.2449131e-03 1.09e-05 2.73e-03 -11.0 1.96e-04    -  1.00e+00 1.00e+00h  1
iter    objective    inf_pr   inf_du lg(mu)  ||d||  lg(rg) alpha_du alpha_pr  ls
1750  1.2448367e-03 2.07e-06 2.13e-03 -11.0 8.69e-05    -  1.00e+00 1.00e+00h  1
1751  1.2447906e-03 5.96e-06 1.67e-03 -11.0 1.46e-04    -  1.00e+00 1.00e+00h  1
1752  1.2446639e-03 3.78e-05 6.95e-03 -11.0 3.64e-04    -  1.00e+00 1.00e+00h  1
1753  1.2446593e-03 4.08e-04 1.82e-02 -11.0 7.94e-03    -  1.00e+00 1.25e-01h  4
1754  1.2446311e-03 4.41e-04 7.80e-03 -11.0 4.17e-03    -  1.00e+00 1.25e-01h  4
1755  1.2444546e-03 1.77e-04 8.69e-03 -11.0 1.36e-03    -  1.00e+00 5.00e-01h  2
1756  1.2445589e-03 7.35e-05 7.46e-03 -11.0 8.22e-04    -  1.00e+00 5.00e-01h  2
1757  1.2442745e-03 6.98e-05 1.12e-02 -11.0 4.18e-04    -  1.00e+00 1.00e+00h  1
1758  1.2441757e-03 4.62e-05 3.29e-03 -11.0 4.33e-04    -  1.00e+00 1.00e+00h  1
1759  1.2445167e-03 7.04e-07 1.41e-02 -11.0 3.72e-04    -  1.00e+00 1.00e+00H  1
iter    objective    inf_pr   inf_du lg(mu)  ||d||  lg(rg) alpha_du alpha_pr  ls
1760  1.2441028e-03 7.07e-05 3.02e-03 -11.0 5.00e-04    -  1.00e+00 1.00e+00h  1
1761  1.2441665e-03 4.97e-05 4.93e-03 -11.0 4.40e-04    -  1.00e+00 5.00e-01h  2
1762  1.2440512e-03 5.48e-06 1.63e-03 -11.0 9.51e-05    -  1.00e+00 1.00e+00h  1
1763  1.2440362e-03 3.81e-06 2.46e-03 -11.0 9.53e-05    -  1.00e+00 1.00e+00h  1
1764  1.2439963e-03 2.36e-06 1.82e-03 -11.0 1.75e-04    -  1.00e+00 1.00e+00h  1
1765  1.2533142e-03 2.24e-08 2.61e-03 -11.0 6.32e-03    -  1.00e+00 1.00e+00H  1
1766  1.2468278e-03 1.64e-08 6.27e-04 -11.0 1.92e-03    -  1.00e+00 1.00e+00H  1
1767  1.2467169e-03 1.89e-07 9.45e-04 -11.0 3.70e-03    -  1.00e+00 7.81e-03h  8
1768  1.2466378e-03 4.24e-07 6.19e-04 -11.0 3.65e-03    -  1.00e+00 7.81e-03h  8
1769  1.2465756e-03 4.87e-07 6.23e-04 -11.0 3.68e-03    -  1.00e+00 3.91e-03h  9
iter    objective    inf_pr   inf_du lg(mu)  ||d||  lg(rg) alpha_du alpha_pr  ls
1770  1.2482833e-03 1.52e-07 1.96e-02 -11.0 2.85e-03    -  1.00e+00 1.00e+00H  1
1771  1.2589710e-03 2.91e-08 1.99e-03 -11.0 1.78e-03    -  1.00e+00 1.00e+00H  1
1772  1.2432034e-03 1.06e-03 8.73e-03 -11.0 1.26e-03    -  1.00e+00 1.00e+00h  1
1773  1.2431241e-03 3.80e-06 1.79e-03 -11.0 8.84e-05    -  1.00e+00 1.00e+00h  1
1774  1.2430850e-03 2.34e-06 3.49e-03 -11.0 9.12e-05    -  1.00e+00 1.00e+00h  1
1775  1.2430446e-03 5.14e-06 2.26e-03 -11.0 2.09e-04    -  1.00e+00 1.00e+00h  1
1776  1.2440670e-03 5.04e-07 4.04e-02 -11.0 3.24e-03    -  1.00e+00 1.00e+00H  1
1777  1.2440314e-03 3.60e-07 4.06e-02 -11.0 8.57e-03    -  1.00e+00 7.81e-03h  8
1778  1.2444713e-03 2.23e-08 8.33e-04 -11.0 2.55e-03    -  1.00e+00 1.00e+00H  1
1779  1.2443917e-03 8.80e-08 8.14e-04 -11.0 2.22e-03    -  1.00e+00 7.81e-03h  8
iter    objective    inf_pr   inf_du lg(mu)  ||d||  lg(rg) alpha_du alpha_pr  ls
1780  1.2423013e-03 1.53e-04 8.09e-03 -11.0 5.13e-04    -  1.00e+00 1.00e+00h  1
1781  1.2421614e-03 2.64e-05 4.00e-03 -11.0 9.57e-04    -  1.00e+00 1.00e+00h  1
1782  1.2420463e-03 5.48e-05 2.65e-03 -11.0 8.33e-03    -  1.00e+00 1.25e-01h  4
1783  1.2419209e-03 6.29e-04 3.17e-02 -11.0 4.54e-02    -  1.00e+00 1.25e-01h  4
1784  1.2417982e-03 6.71e-04 3.48e-02 -11.0 1.37e-01    -  1.00e+00 7.81e-03h  8
1785  1.2416032e-03 8.58e-04 2.46e-02 -11.0 1.91e-02    -  1.00e+00 1.25e-01h  4
1786  1.2413245e-03 8.86e-04 2.51e-02 -11.0 2.82e-02    -  1.00e+00 6.25e-02h  5
1787  1.2403497e-03 8.35e-03 7.28e-02 -11.0 2.67e-01    -  1.00e+00 6.25e-02h  5
1788  1.2398283e-03 1.01e-02 8.83e-02 -11.0 1.88e+00    -  1.00e+00 3.91e-03h  9
1789  1.2380286e-03 2.26e-02 1.07e-01 -11.0 6.56e-01    -  1.00e+00 3.12e-02h  6
iter    objective    inf_pr   inf_du lg(mu)  ||d||  lg(rg) alpha_du alpha_pr  ls
1790  1.2347758e-03 7.27e-02 1.31e-01 -11.0 1.04e+01    -  1.00e+00 3.91e-03h  9
1791  1.2339415e-03 7.38e-02 1.35e-01 -11.0 1.58e+01    -  1.00e+00 4.88e-04h 12
1792  2.4729443e-02 9.63e+01 1.06e+01 -11.0 1.27e+00    -  1.00e+00 1.00e+00w  1
1793  8.1899331e-01 8.88e+01 5.80e+00 -11.0 9.96e-01    -  1.00e+00 1.00e+00w  1
1794  2.4278786e-01 2.66e+01 1.02e+01 -11.0 5.06e-01    -  1.00e+00 1.00e+00w  1
1795  1.2328566e-03 7.22e-02 1.47e-01 -11.0 4.77e-01    -  1.00e+00 7.81e-03h  7
1796  1.2305002e-03 5.26e-02 9.61e-02 -11.0 3.73e-02    -  1.00e+00 2.50e-01h  3
1797  1.2292902e-03 5.03e-02 6.03e-02 -11.0 3.11e-02    -  1.00e+00 6.25e-02h  5
1798  1.2315791e-03 2.69e-02 6.71e-02 -11.0 1.10e-02    -  1.00e+00 5.00e-01h  2
1799  1.2328649e-03 2.04e-02 1.11e-01 -11.0 1.51e-02    -  1.00e+00 2.50e-01h  3
iter    objective    inf_pr   inf_du lg(mu)  ||d||  lg(rg) alpha_du alpha_pr  ls
1800  1.2302115e-03 1.54e-02 1.03e-01 -11.0 4.96e-03    -  1.00e+00 2.50e-01h  3
1801  1.2271280e-03 8.62e-04 2.01e-02 -11.0 5.29e-03    -  1.00e+00 1.00e+00h  1
1802  1.2268666e-03 8.62e-04 4.43e-02 -11.0 4.87e-02    -  1.00e+00 6.25e-02h  5
1803  1.3774557e-03 3.90e-03 3.70e-01 -11.0 1.98e-02    -  1.00e+00 1.00e+00H  1
1804  1.2380870e-03 3.00e-03 5.62e-02 -11.0 1.15e-02    -  1.00e+00 1.00e+00H  1
1805  1.4873953e-03 2.48e-04 3.50e-01 -11.0 3.06e-02    -  1.00e+00 1.00e+00H  1
1806  1.7005053e-03 9.30e-04 2.69e-01 -11.0 1.44e-02    -  1.00e+00 1.00e+00H  1
1807  1.6648647e-03 9.50e-04 2.52e-01 -11.0 2.33e-02    -  1.00e+00 3.12e-02h  6
1808  1.6481835e-03 9.61e-04 2.51e-01 -11.0 1.47e-02    -  1.00e+00 1.56e-02h  7
1809  1.6391306e-03 9.58e-04 2.48e-01 -11.0 1.61e-02    -  1.00e+00 7.81e-03h  8
iter    objective    inf_pr   inf_du lg(mu)  ||d||  lg(rg) alpha_du alpha_pr  ls
1810  1.6356612e-03 9.55e-04 2.47e-01 -11.0 1.94e-02    -  1.00e+00 3.91e-03h  9
1811  1.6345916e-03 9.54e-04 2.46e-01 -11.0 2.19e-02    -  1.00e+00 9.77e-04h 11
1812  1.4671447e-03 2.36e-01 1.05e-01 -11.0 2.60e-02    -  1.00e+00 1.00e+00h  1
1813  1.3894767e-03 1.27e-01 1.29e-01 -11.0 9.70e-03    -  1.00e+00 5.00e-01h  2
1814  1.2382654e-03 2.14e-02 1.20e-01 -11.0 8.06e-03    -  1.00e+00 1.00e+00h  1
1815  1.2438987e-03 2.55e-03 7.06e-02 -11.0 1.27e-03    -  1.00e+00 1.00e+00h  1
1816  1.2240042e-03 1.53e-03 3.55e-02 -11.0 7.88e-04    -  1.00e+00 1.00e+00h  1
1817  1.2236290e-03 1.12e-05 3.01e-03 -11.0 1.55e-04    -  1.00e+00 1.00e+00h  1
1818  1.2235397e-03 1.57e-06 6.58e-04 -11.0 6.74e-05    -  1.00e+00 1.00e+00h  1
1819  1.2231931e-03 5.11e-05 4.30e-03 -11.0 4.58e-04    -  1.00e+00 1.00e+00h  1
iter    objective    inf_pr   inf_du lg(mu)  ||d||  lg(rg) alpha_du alpha_pr  ls
1820  1.2330242e-03 1.67e-07 3.07e-02 -11.0 3.01e-03    -  1.00e+00 1.00e+00H  1
1821  1.2235803e-03 1.36e-06 1.22e-02 -11.0 1.65e-03    -  1.00e+00 1.00e+00H  1
1822  1.2308960e-03 1.57e-08 2.19e-02 -11.0 1.24e-03    -  1.00e+00 1.00e+00H  1
1823  1.2224231e-03 5.49e-04 9.96e-03 -11.0 9.53e-04    -  1.00e+00 1.00e+00h  1
1824  1.2225686e-03 7.73e-05 5.82e-03 -11.0 3.69e-04    -  1.00e+00 1.00e+00h  1
1825  1.2222419e-03 6.01e-06 4.16e-03 -11.0 9.43e-05    -  1.00e+00 1.00e+00h  1
1826  1.2221653e-03 2.76e-06 3.14e-03 -11.0 9.12e-05    -  1.00e+00 1.00e+00h  1
1827  1.2222122e-03 2.11e-07 2.24e-02 -11.0 1.15e-03    -  1.00e+00 1.00e+00H  1
1828  1.2219880e-03 9.66e-05 2.68e-02 -11.0 4.00e-03    -  1.00e+00 1.25e-01h  4
1829  1.2251388e-03 5.29e-08 6.58e-02 -11.0 3.31e-03    -  1.00e+00 1.00e+00H  1
iter    objective    inf_pr   inf_du lg(mu)  ||d||  lg(rg) alpha_du alpha_pr  ls
1830  1.2251110e-03 6.48e-08 6.56e-02 -11.0 3.06e-03    -  1.00e+00 1.95e-03h 10
1831  1.2208489e-03 1.30e-03 1.36e-02 -11.0 1.71e-03    -  1.00e+00 1.00e+00h  1
1832  1.2207077e-03 9.85e-04 3.44e-03 -11.0 9.81e-04    -  1.00e+00 2.50e-01h  3
1833  1.2203732e-03 3.50e-04 1.82e-03 -11.0 8.69e-04    -  1.00e+00 1.00e+00h  1
1834  1.2202491e-03 9.71e-04 3.23e-03 -11.0 9.09e-03    -  1.00e+00 1.25e-01h  4
1835  1.2201824e-03 4.61e-03 1.67e-02 -11.0 4.40e-02    -  1.00e+00 6.25e-02h  5
1836  1.2201791e-03 4.67e-03 1.99e-02 -11.0 2.46e-02    -  1.00e+00 3.12e-02h  6
1837  1.2200416e-03 4.11e-03 2.04e-02 -11.0 3.27e-03    -  1.00e+00 1.25e-01h  4
1838  1.2203280e-03 2.99e-04 1.43e-02 -11.0 2.58e-03    -  1.00e+00 1.00e+00H  1
1839  1.2203713e-03 2.08e-04 2.62e-02 -11.0 1.61e-02    -  1.00e+00 6.25e-02h  5
iter    objective    inf_pr   inf_du lg(mu)  ||d||  lg(rg) alpha_du alpha_pr  ls
1840  1.2202854e-03 3.97e-04 3.60e-02 -11.0 3.10e-03    -  1.00e+00 2.50e-01h  3
1841  1.2221187e-03 7.88e-05 8.57e-03 -11.0 3.62e-03    -  1.00e+00 1.00e+00H  1
1842  1.2217854e-03 2.04e-04 6.88e-03 -11.0 1.78e-02    -  1.00e+00 3.12e-02h  6
1843  1.2217611e-03 2.04e-04 6.93e-03 -11.0 6.60e-02    -  1.00e+00 4.88e-04h 12
1844  1.2214248e-03 1.98e-04 7.39e-03 -11.0 1.38e-02    -  1.00e+00 3.12e-02h  6
1845  1.2241756e-03 6.71e-08 3.25e-02 -11.0 4.52e-03    -  1.00e+00 1.00e+00H  1
1846  1.2241505e-03 7.46e-08 3.25e-02 -11.0 5.95e-03    -  1.00e+00 9.77e-04h 11
1847  1.2206034e-03 1.78e-03 3.18e-02 -11.0 2.03e-03    -  1.00e+00 1.00e+00h  1
1848  1.2194829e-03 1.38e-03 3.41e-03 -11.0 2.97e-03    -  1.00e+00 2.50e-01h  3
1849  1.2196763e-03 1.94e-04 2.88e-02 -11.0 7.57e-04    -  1.00e+00 1.00e+00h  1
iter    objective    inf_pr   inf_du lg(mu)  ||d||  lg(rg) alpha_du alpha_pr  ls
1850  1.2199841e-03 1.11e-04 7.50e-03 -11.0 5.54e-04    -  1.00e+00 1.00e+00h  1
1851  1.2188847e-03 1.75e-04 8.30e-03 -11.0 6.85e-04    -  1.00e+00 1.00e+00h  1
1852  1.2195296e-03 1.90e-05 3.01e-02 -11.0 4.91e-04    -  1.00e+00 1.00e+00h  1
1853  1.2188060e-03 1.50e-05 1.24e-03 -11.0 3.64e-04    -  1.00e+00 1.00e+00h  1
1854  1.2187848e-03 4.66e-07 3.89e-04 -11.0 4.52e-05    -  1.00e+00 1.00e+00h  1
1855  1.2222193e-03 2.33e-07 3.32e-02 -11.0 2.94e-03    -  1.00e+00 1.00e+00H  1
1856  1.2366191e-03 7.98e-08 7.20e-02 -11.0 3.33e-03    -  1.00e+00 1.00e+00H  1
1857  1.2365771e-03 7.85e-08 7.19e-02 -11.0 4.48e-03    -  1.00e+00 9.77e-04h 11
1858  1.2365456e-03 7.82e-08 7.18e-02 -11.0 1.25e-02    -  1.00e+00 4.88e-04h 12
1859  1.2364900e-03 7.89e-08 7.19e-02 -11.0 1.77e-02    -  1.00e+00 4.88e-04h 12
iter    objective    inf_pr   inf_du lg(mu)  ||d||  lg(rg) alpha_du alpha_pr  ls
1860  1.2364654e-03 7.97e-08 7.18e-02 -11.0 5.98e-03    -  1.00e+00 4.88e-04h 12
1861  1.2295200e-03 1.37e-03 8.02e-02 -11.0 5.72e-03    -  1.00e+00 2.50e-01h  3
1862  1.2202326e-03 1.28e-03 4.12e-02 -11.0 2.66e-03    -  1.00e+00 1.00e+00h  1
1863  1.2517111e-03 6.16e-08 7.90e-02 -11.0 2.56e-03    -  1.00e+00 1.00e+00H  1
1864  1.2184224e-03 3.57e-03 1.76e-03 -11.0 2.38e-03    -  1.00e+00 1.00e+00h  1
1865  1.2184933e-03 4.16e-05 2.91e-03 -11.0 2.65e-04    -  1.00e+00 1.00e+00h  1
1866  1.2182052e-03 1.58e-05 1.26e-03 -11.0 1.85e-04    -  1.00e+00 1.00e+00h  1
1867  1.2181982e-03 4.74e-08 1.42e-03 -11.0 1.45e-05    -  1.00e+00 1.00e+00h  1
1868  1.2181732e-03 7.65e-07 2.45e-03 -11.0 1.12e-04    -  1.00e+00 1.00e+00h  1
1869  1.2206215e-03 3.30e-09 8.63e-04 -11.0 2.14e-03    -  1.00e+00 1.00e+00H  1
iter    objective    inf_pr   inf_du lg(mu)  ||d||  lg(rg) alpha_du alpha_pr  ls
1870  1.2181103e-03 8.72e-05 5.65e-03 -11.0 1.25e-03    -  1.00e+00 1.00e+00h  1
1871  1.2180598e-03 6.40e-05 8.61e-03 -11.0 8.07e-04    -  1.00e+00 2.50e-01h  3
1872  1.2180062e-03 1.65e-06 2.95e-03 -11.0 1.27e-04    -  1.00e+00 1.00e+00h  1
1873  1.2180086e-03 5.13e-09 1.64e-04 -11.0 2.90e-04    -  1.00e+00 1.00e+00H  1
1874  1.2178836e-03 5.13e-05 5.55e-03 -11.0 6.11e-04    -  1.00e+00 1.00e+00h  1
1875  1.2178474e-03 8.63e-05 5.99e-03 -11.0 9.65e-03    -  1.00e+00 6.25e-02h  5
1876  1.2203691e-03 8.06e-10 7.19e-04 -11.0 3.56e-03    -  1.00e+00 1.00e+00H  1
1877  1.2203621e-03 3.41e-09 7.17e-04 -11.0 4.73e-03    -  1.00e+00 9.77e-04h 11
1878  1.2203359e-03 2.04e-09 7.16e-04 -11.0 2.29e-03    -  1.00e+00 1.95e-03h 10
1879  1.2186544e-03 2.20e-09 6.15e-04 -11.0 2.99e-03    -  1.00e+00 1.00e+00H  1
iter    objective    inf_pr   inf_du lg(mu)  ||d||  lg(rg) alpha_du alpha_pr  ls
1880  1.2186490e-03 1.06e-09 6.13e-04 -11.0 7.40e-03    -  1.00e+00 4.88e-04h 12
1881  1.2178461e-03 1.14e-03 2.39e-02 -11.0 9.77e-03    -  1.00e+00 2.50e-01h  3
1882  1.2175448e-03 1.27e-03 2.64e-02 -11.0 2.06e-02    -  1.00e+00 6.25e-02h  5
1883  1.2173399e-03 8.04e-04 2.17e-02 -11.0 2.68e-03    -  1.00e+00 5.00e-01h  2
1884  1.2175166e-03 4.90e-04 1.42e-02 -11.0 1.09e-03    -  1.00e+00 5.00e-01h  2
1885  1.2161711e-03 4.49e-05 3.86e-03 -11.0 4.12e-04    -  1.00e+00 1.00e+00h  1
1886  1.2160566e-03 4.34e-05 1.52e-03 -11.0 6.77e-04    -  1.00e+00 1.00e+00h  1
1887  1.2158190e-03 1.85e-03 1.80e-02 -11.0 6.98e-02    -  1.00e+00 6.25e-02h  5
1888  1.2155454e-03 1.70e-02 5.85e-02 -11.0 4.07e-01    -  1.00e+00 3.12e-02h  6
1889  1.2149446e-03 5.84e-02 9.04e-02 -11.0 5.54e+00    -  1.00e+00 3.91e-03h  9
iter    objective    inf_pr   inf_du lg(mu)  ||d||  lg(rg) alpha_du alpha_pr  ls
1890  1.2137251e-03 5.89e-02 7.43e-02 -11.0 2.29e+00    -  1.00e+00 9.77e-04h 11
1891  1.2131922e-03 4.52e-02 3.13e-02 -11.0 1.40e-02    -  1.00e+00 2.50e-01h  3
1892  1.2119884e-03 5.66e-02 1.93e-02 -11.0 1.94e-01    -  1.00e+00 6.25e-02h  5
1893  1.2116870e-03 5.77e-02 3.22e-02 -11.0 1.72e+00    -  1.00e+00 1.95e-03h 10
1894  1.2115453e-03 5.81e-02 3.54e-02 -11.0 2.42e-01    -  1.00e+00 1.56e-02h  7
1895  1.2131470e-03 5.62e-02 6.84e-02 -11.0 6.90e-02    -  1.00e+00 6.25e-02h  5
1896  1.2123753e-03 5.58e-02 8.53e-02 -11.0 9.14e-02    -  1.00e+00 6.25e-02h  5
1897  1.4946093e-01 5.46e+03 3.91e+02 -11.0 5.22e+00    -  1.00e+00 1.00e+00w  1
1898  1.7760011e+04 3.94e+06 3.17e+03 -11.0 7.62e+01    -  1.00e+00 1.00e+00w  1
1899  5.7969803e+07 8.72e+06 1.75e+06 -11.0 2.12e+03    -  1.00e+00 1.00e+00w  1
iter    objective    inf_pr   inf_du lg(mu)  ||d||  lg(rg) alpha_du alpha_pr  ls
1900  1.2118336e-03 5.80e-02 1.05e-01 -11.0 1.41e+05    -  1.00e+00 9.77e-04h 10
1901  1.2097037e-03 7.17e-05 1.65e-02 -11.0 8.94e-04    -  1.00e+00 1.00e+00h  1
1902  1.2143463e-03 2.47e-06 6.45e-02 -11.0 1.61e-03    -  1.00e+00 1.00e+00H  1
1903  1.2094288e-03 1.61e-04 1.66e-02 -11.0 8.15e-04    -  1.00e+00 1.00e+00h  1
1904  1.2096836e-03 9.69e-05 9.85e-03 -11.0 5.71e-04    -  1.00e+00 1.00e+00h  1
1905  1.2089231e-03 2.67e-05 2.91e-03 -11.0 2.97e-04    -  1.00e+00 1.00e+00h  1
1906  1.2087914e-03 9.69e-06 1.89e-03 -11.0 8.91e-05    -  1.00e+00 1.00e+00h  1
1907  1.2102275e-03 1.24e-06 3.87e-02 -11.0 1.48e-03    -  1.00e+00 1.00e+00H  1
1908  1.2082531e-03 5.75e-05 1.40e-02 -11.0 7.73e-04    -  1.00e+00 1.00e+00h  1
1909  1.2093230e-03 1.55e-06 3.52e-02 -11.0 6.79e-04    -  1.00e+00 1.00e+00H  1
iter    objective    inf_pr   inf_du lg(mu)  ||d||  lg(rg) alpha_du alpha_pr  ls
1910  1.2072750e-03 3.71e-05 2.22e-03 -11.0 5.24e-04    -  1.00e+00 1.00e+00h  1
1911  1.2071632e-03 1.85e-05 1.71e-03 -11.0 2.15e-04    -  1.00e+00 1.00e+00h  1
1912  1.2067281e-03 1.86e-03 6.71e-03 -11.0 1.90e-02    -  1.00e+00 1.25e-01h  4
1913  1.2065243e-03 1.82e-03 8.67e-03 -11.0 1.53e-02    -  1.00e+00 3.12e-02h  6
1914  1.2064038e-03 1.03e-03 2.72e-02 -11.0 1.67e-03    -  1.00e+00 5.00e-01h  2
1915  1.2072885e-03 1.62e-06 1.29e-02 -11.0 1.78e-03    -  1.00e+00 1.00e+00H  1
1916  1.2081611e-03 5.21e-07 4.63e-02 -11.0 1.45e-03    -  1.00e+00 1.00e+00H  1
1917  1.2068459e-03 1.17e-04 2.70e-02 -11.0 2.64e-03    -  1.00e+00 1.00e+00H  1
1918  1.2065692e-03 8.90e-04 1.78e-02 -11.0 4.63e-03    -  1.00e+00 2.50e-01h  3
1919  1.2059726e-03 1.68e-03 2.82e-03 -11.0 2.18e-03    -  1.00e+00 1.00e+00h  1
iter    objective    inf_pr   inf_du lg(mu)  ||d||  lg(rg) alpha_du alpha_pr  ls
1920  1.2052069e-03 2.85e-03 2.53e-02 -11.0 6.36e-03    -  1.00e+00 2.50e-01h  3
1921  1.2051201e-03 2.67e-03 2.40e-02 -11.0 3.36e-03    -  1.00e+00 1.25e-01h  4
1922  1.2045362e-03 6.48e-04 2.29e-03 -11.0 1.02e-03    -  1.00e+00 1.00e+00h  1
1923  1.2140215e-03 9.41e-08 3.58e-02 -11.0 1.77e-03    -  1.00e+00 1.00e+00H  1
1924  1.2042785e-03 3.15e-03 3.70e-03 -11.0 1.81e-03    -  1.00e+00 1.00e+00h  1
1925  1.2042568e-03 2.37e-03 4.60e-03 -11.0 6.44e-04    -  1.00e+00 2.50e-01h  3
1926  1.2042201e-03 1.77e-06 2.09e-03 -11.0 8.24e-05    -  1.00e+00 1.00e+00h  1
1927  1.2041526e-03 7.11e-06 3.06e-03 -11.0 1.72e-04    -  1.00e+00 1.00e+00h  1
1928  1.2096148e-03 4.03e-07 3.21e-02 -11.0 2.98e-03    -  1.00e+00 1.00e+00H  1
1929  1.2084175e-03 1.30e-06 2.95e-02 -11.0 1.01e-03    -  1.00e+00 1.00e+00H  1
iter    objective    inf_pr   inf_du lg(mu)  ||d||  lg(rg) alpha_du alpha_pr  ls
1930  1.2039663e-03 5.76e-04 8.33e-03 -11.0 1.37e-03    -  1.00e+00 1.00e+00h  1
1931  1.2039127e-03 3.11e-04 1.40e-02 -11.0 6.04e-04    -  1.00e+00 5.00e-01h  2
1932  1.2036489e-03 4.95e-05 2.59e-03 -11.0 3.95e-04    -  1.00e+00 1.00e+00h  1
1933  1.2042898e-03 1.20e-06 6.73e-03 -11.0 1.38e-03    -  1.00e+00 1.00e+00H  1
1934  1.2073122e-03 3.89e-07 2.43e-02 -11.0 2.67e-03    -  1.00e+00 1.00e+00H  1
1935  1.2119433e-03 4.08e-08 1.31e-03 -11.0 1.44e-03    -  1.00e+00 1.00e+00H  1
1936  1.2036602e-03 5.51e-06 9.70e-03 -11.0 2.31e-03    -  1.00e+00 1.00e+00H  1
1937  1.2127179e-03 1.11e-09 1.35e-03 -11.0 1.43e-03    -  1.00e+00 1.00e+00H  1
1938  1.2033848e-03 9.79e-04 3.22e-03 -11.0 1.20e-03    -  1.00e+00 1.00e+00h  1
1939  1.2034140e-03 1.22e-05 4.73e-03 -11.0 2.51e-04    -  1.00e+00 1.00e+00h  1
iter    objective    inf_pr   inf_du lg(mu)  ||d||  lg(rg) alpha_du alpha_pr  ls
1940  1.2032323e-03 2.72e-06 1.82e-04 -11.0 1.48e-04    -  1.00e+00 1.00e+00h  1
1941  1.2032211e-03 1.64e-07 2.26e-04 -11.0 2.49e-05    -  1.00e+00 1.00e+00h  1
1942  1.2036573e-03 1.30e-07 9.81e-03 -11.0 8.72e-04    -  1.00e+00 1.00e+00H  1
1943  1.2035137e-03 3.21e-07 1.24e-02 -11.0 1.08e-03    -  1.00e+00 1.00e+00H  1
1944  1.2032045e-03 3.93e-05 1.16e-02 -11.0 2.66e-03    -  1.00e+00 1.25e-01h  4
1945  1.2029875e-03 1.23e-04 9.98e-03 -11.0 7.23e-04    -  1.00e+00 1.00e+00h  1
1946  1.2030065e-03 1.48e-04 1.01e-02 -11.0 1.92e-03    -  1.00e+00 2.50e-01h  3
1947  1.2028208e-03 1.08e-04 7.02e-03 -11.0 7.02e-04    -  1.00e+00 1.00e+00h  1
1948  1.2027881e-03 1.37e-04 3.93e-03 -11.0 3.55e-03    -  1.00e+00 1.25e-01h  4
1949  1.2045674e-03 7.91e-10 8.18e-04 -11.0 1.17e-03    -  1.00e+00 1.00e+00H  1
iter    objective    inf_pr   inf_du lg(mu)  ||d||  lg(rg) alpha_du alpha_pr  ls
1950  1.2026307e-03 1.85e-04 5.36e-03 -11.0 8.70e-04    -  1.00e+00 1.00e+00h  1
1951  1.2030028e-03 9.83e-05 1.57e-02 -11.0 5.12e-04    -  1.00e+00 5.00e-01h  2
1952  1.2025463e-03 2.30e-05 4.03e-04 -11.0 2.76e-04    -  1.00e+00 1.00e+00h  1
1953  1.2025215e-03 1.05e-06 1.84e-03 -11.0 1.69e-04    -  1.00e+00 1.00e+00h  1
1954  1.2023168e-03 9.99e-05 1.94e-02 -11.0 7.28e-02    -  1.00e+00 3.12e-02h  6
1955  1.2022251e-03 1.27e-04 2.84e-02 -11.0 1.64e-01    -  1.00e+00 7.81e-03h  8
1956  1.2019668e-03 6.36e-04 3.12e-02 -11.0 6.63e-02    -  1.00e+00 6.25e-02h  5
1957  1.2019375e-03 7.21e-04 1.67e-02 -11.0 2.58e-01    -  1.00e+00 7.81e-03h  8
1958  1.2016794e-03 1.41e-03 1.51e-02 -11.0 5.73e-02    -  1.00e+00 6.25e-02h  5
1959  1.2009640e-03 4.12e-03 4.27e-02 -11.0 2.05e+00    -  1.00e+00 3.91e-03h  9
iter    objective    inf_pr   inf_du lg(mu)  ||d||  lg(rg) alpha_du alpha_pr  ls
1960  1.2009159e-03 5.75e-03 3.58e-02 -11.0 1.34e+00    -  1.00e+00 3.91e-03h  9
1961  1.2008830e-03 6.47e-03 2.63e-02 -11.0 2.47e-01    -  1.00e+00 1.56e-02h  7
1962  1.2006523e-03 6.48e-03 2.92e-02 -11.0 9.40e-02    -  1.00e+00 7.81e-03h  8
1963  1.2006356e-03 5.53e-03 2.58e-02 -11.0 8.48e-03    -  1.00e+00 1.25e-01h  4
1964  1.2066881e-03 2.08e-03 6.35e-02 -11.0 4.27e-03    -  1.00e+00 1.00e+00w  1
1965  1.2145131e-03 1.43e-02 6.07e-02 -11.0 1.31e-02    -  1.00e+00 1.00e+00w  1
1966  1.1912954e-02 2.03e+00 1.25e+00 -11.0 1.38e-01    -  1.00e+00 1.00e+00w  1
1967  1.2012983e-03 2.49e-03 3.37e-02 -11.0 1.02e-01    -  1.00e+00 5.00e-01h  1
1968  1.2012987e-03 1.77e-03 4.31e-02 -11.0 2.20e-03    -  1.00e+00 2.50e-01h  3
1969  1.1995150e-03 3.58e-04 1.97e-02 -11.0 1.78e-03    -  1.00e+00 1.00e+00h  1
iter    objective    inf_pr   inf_du lg(mu)  ||d||  lg(rg) alpha_du alpha_pr  ls
1970  1.2006329e-03 3.05e-04 3.62e-02 -11.0 2.37e-03    -  1.00e+00 2.50e-01h  3
1971  1.1990877e-03 1.23e-04 6.71e-03 -11.0 8.49e-04    -  1.00e+00 1.00e+00h  1
1972  1.2016099e-03 2.83e-04 1.30e-02 -11.0 5.97e-04    -  1.00e+00 1.00e+00h  1
1973  1.1989450e-03 1.74e-04 1.34e-03 -11.0 5.52e-04    -  1.00e+00 1.00e+00h  1
1974  1.1989188e-03 1.34e-06 1.01e-03 -11.0 5.49e-05    -  1.00e+00 1.00e+00h  1
1975  1.1987458e-03 3.94e-04 1.37e-02 -11.0 1.20e-03    -  1.00e+00 1.00e+00h  1
1976  1.1987231e-03 7.55e-04 1.87e-02 -11.0 3.59e-02    -  1.00e+00 3.12e-02h  6
1977  1.1986714e-03 6.36e-04 8.15e-03 -11.0 5.09e-03    -  1.00e+00 2.50e-01h  3
1978  1.1984699e-03 5.66e-04 3.65e-02 -11.0 1.15e-02    -  1.00e+00 1.25e-01h  4
1979  1.1987019e-03 3.98e-04 3.81e-02 -11.0 7.07e-03    -  1.00e+00 1.25e-01h  4
iter    objective    inf_pr   inf_du lg(mu)  ||d||  lg(rg) alpha_du alpha_pr  ls
1980  1.2044768e-03 7.40e-08 4.08e-02 -11.0 3.61e-03    -  1.00e+00 1.00e+00H  1
1981  1.2044394e-03 5.77e-08 1.54e-03 -11.0 4.02e-03    -  1.00e+00 1.95e-03h 10
1982  1.1987471e-03 7.56e-05 1.04e-02 -11.0 6.00e-03    -  1.00e+00 1.00e+00H  1
1983  1.1986365e-03 7.39e-05 9.11e-03 -11.0 4.56e-03    -  1.00e+00 3.12e-02h  6
1984  1.1978474e-03 8.76e-04 2.26e-03 -11.0 1.97e-03    -  1.00e+00 1.00e+00h  1
1985  1.1978199e-03 8.68e-04 5.87e-03 -11.0 7.76e-03    -  1.00e+00 3.12e-02h  6
1986  1.1995475e-03 3.30e-07 3.32e-02 -11.0 1.91e-03    -  1.00e+00 1.00e+00H  1
1987  1.1986443e-03 2.18e-04 1.54e-02 -11.0 1.37e-03    -  1.00e+00 1.00e+00h  1
1988  1.1978833e-03 3.22e-04 1.40e-02 -11.0 3.92e-03    -  1.00e+00 2.50e-01h  3
1989  1.1984141e-03 1.67e-04 1.02e-02 -11.0 7.85e-04    -  1.00e+00 5.00e-01h  2
iter    objective    inf_pr   inf_du lg(mu)  ||d||  lg(rg) alpha_du alpha_pr  ls
1990  1.1976339e-03 3.45e-05 1.60e-03 -11.0 3.38e-04    -  1.00e+00 1.00e+00h  1
1991  1.1976297e-03 1.73e-06 4.36e-03 -11.0 4.69e-05    -  1.00e+00 1.00e+00h  1
1992  1.1976079e-03 9.60e-07 6.89e-04 -11.0 3.71e-05    -  1.00e+00 1.00e+00h  1
1993  1.1975922e-03 1.05e-06 1.64e-03 -11.0 6.68e-05    -  1.00e+00 1.00e+00h  1
1994  1.1981522e-03 4.11e-07 4.93e-03 -11.0 1.11e-03    -  1.00e+00 1.00e+00H  1
1995  1.1980345e-03 1.00e-07 5.06e-03 -11.0 5.24e-04    -  1.00e+00 1.00e+00H  1
1996  1.1980776e-03 2.81e-08 5.81e-04 -11.0 5.23e-04    -  1.00e+00 1.00e+00H  1
1997  1.1973612e-03 2.64e-05 6.61e-03 -11.0 3.26e-04    -  1.00e+00 1.00e+00h  1
1998  1.1974019e-03 1.22e-07 2.02e-04 -11.0 4.87e-04    -  1.00e+00 1.00e+00H  1
1999  1.1971237e-03 4.64e-04 6.22e-03 -11.0 2.03e-03    -  1.00e+00 1.00e+00h  1
iter    objective    inf_pr   inf_du lg(mu)  ||d||  lg(rg) alpha_du alpha_pr  ls
2000  1.1969990e-03 5.17e-04 7.03e-03 -11.0 5.72e-02    -  1.00e+00 1.56e-02h  7
2001  1.1969094e-03 8.27e-04 1.17e-02 -11.0 2.04e-02    -  1.00e+00 1.25e-01h  4
2002  1.1969041e-03 8.16e-04 1.97e-02 -11.0 2.40e-02    -  1.00e+00 3.12e-02h  6
2003  1.1968111e-03 4.38e-04 2.88e-02 -11.0 1.04e-03    -  1.00e+00 5.00e-01h  2
2004  1.1970865e-03 5.11e-04 2.85e-02 -11.0 1.56e-03    -  1.00e+00 1.00e+00h  1
2005  1.1967711e-03 5.72e-04 2.91e-02 -11.0 9.18e-03    -  1.00e+00 1.25e-01h  4
2006  1.1963154e-03 1.27e-03 2.22e-02 -11.0 5.69e-02    -  1.00e+00 6.25e-02h  5
2007  1.1961716e-03 1.35e-03 1.63e-02 -11.0 1.39e-01    -  1.00e+00 7.81e-03h  8
2008  1.1960498e-03 1.42e-03 1.56e-02 -11.0 3.42e-02    -  1.00e+00 3.12e-02h  6
2009  1.1959915e-03 2.40e-03 5.94e-03 -11.0 6.51e-02    -  1.00e+00 6.25e-02h  5
iter    objective    inf_pr   inf_du lg(mu)  ||d||  lg(rg) alpha_du alpha_pr  ls
2010  1.1958498e-03 2.64e-03 1.30e-02 -11.0 1.23e-01    -  1.00e+00 1.56e-02h  7
2011  1.1956296e-03 2.95e-03 1.06e-02 -11.0 6.87e-02    -  1.00e+00 3.12e-02h  6
2012  1.1951262e-03 7.43e-03 1.64e-02 -11.0 2.42e-01    -  1.00e+00 3.12e-02h  6
2013  1.1934962e-03 2.28e-02 4.90e-02 -11.0 1.81e+00    -  1.00e+00 7.81e-03h  8
2014  1.1932380e-03 2.91e-02 6.34e-02 -11.0 4.77e+00    -  1.00e+00 1.95e-03h 10
2015  2.0324325e-01 1.56e+02 3.12e+02 -11.0 2.46e+00    -  1.00e+00 1.00e+00w  1
2016  1.8098120e+04 3.91e+06 4.39e+05 -11.0 8.65e+01    -  1.00e+00 1.00e+00w  1
2017  6.0291674e+07 8.64e+06 7.21e+03 -11.0 1.73e+03    -  1.00e+00 1.00e+00w  1
2018  1.1927679e-03 3.07e-02 7.37e-02 -11.0 9.23e+05    -  1.00e+00 1.95e-03h  9
2019  1.1921789e-03 1.14e-02 1.51e-02 -11.0 1.25e-02    -  1.00e+00 1.00e+00h  1
iter    objective    inf_pr   inf_du lg(mu)  ||d||  lg(rg) alpha_du alpha_pr  ls
2020  1.1945480e-03 1.14e-02 2.49e-02 -11.0 6.97e-01    -  1.00e+00 1.95e-03h 10
2021  1.1913799e-03 3.22e-03 1.02e-02 -11.0 6.76e-03    -  1.00e+00 1.00e+00h  1
2022  1.1909245e-03 4.51e-03 5.50e-03 -11.0 5.62e-01    -  1.00e+00 7.81e-03h  8
2023  1.1906533e-03 6.02e-03 1.51e-02 -11.0 3.41e-01    -  1.00e+00 1.56e-02h  7
2024  1.1904126e-03 3.56e-02 6.93e-02 -11.0 1.50e+00    -  1.00e+00 1.56e-02h  7
2025  1.1894580e-03 4.55e-02 1.19e-01 -11.0 1.44e+01    -  1.00e+00 9.77e-04h 11
2026  1.1887887e-03 4.68e-02 1.43e-01 -11.0 2.76e+00    -  1.00e+00 1.95e-03h 10
2027  1.1890276e-03 4.74e-02 1.72e-01 -11.0 1.86e-01    -  1.00e+00 1.56e-02h  7
2028  1.1896592e-03 3.64e-02 1.80e-01 -11.0 7.90e-03    -  1.00e+00 2.50e-01h  3
2029  1.1882243e-03 6.26e-02 2.34e-01 -11.0 1.06e-01    -  1.00e+00 2.50e-01h  3
iter    objective    inf_pr   inf_du lg(mu)  ||d||  lg(rg) alpha_du alpha_pr  ls
2030  1.1873200e-03 6.42e-02 1.88e-01 -11.0 2.46e+00    -  1.00e+00 1.95e-03h 10
2031  1.1852992e-03 6.00e-02 1.03e-01 -11.0 4.14e-02    -  1.00e+00 6.25e-02h  5
2032  1.2090397e-03 7.60e-03 2.76e-02 -11.0 1.11e-02    -  1.00e+00 1.00e+00w  1
2033  1.2664835e-03 5.75e-03 1.11e-01 -11.0 6.42e-03    -  1.00e+00 1.00e+00w  1
2034  1.2102001e-03 3.84e-03 5.00e-02 -11.0 9.10e-03    -  1.00e+00 1.00e+00w  1
2035  1.1877834e-03 3.19e-02 4.47e-02 -11.0 1.29e-02    -  1.00e+00 5.00e-01h  1
2036  1.1858651e-03 2.38e-02 1.56e-02 -11.0 4.76e-03    -  1.00e+00 2.50e-01h  3
2037  1.1872477e-03 1.91e-03 3.20e-02 -11.0 5.53e-03    -  1.00e+00 1.00e+00h  1
2038  1.1906199e-03 1.49e-03 5.33e-02 -11.0 6.05e-03    -  1.00e+00 2.50e-01h  3
2039  1.1795780e-03 4.24e-04 1.55e-02 -11.0 2.81e-03    -  1.00e+00 1.00e+00h  1
iter    objective    inf_pr   inf_du lg(mu)  ||d||  lg(rg) alpha_du alpha_pr  ls
2040  1.1991667e-03 1.08e-08 2.14e-03 -11.0 2.37e-03    -  1.00e+00 1.00e+00H  1
2041  1.1789737e-03 8.53e-04 2.67e-03 -11.0 1.50e-03    -  1.00e+00 1.00e+00h  1
2042  1.1788527e-03 3.83e-05 5.16e-03 -11.0 3.41e-04    -  1.00e+00 1.00e+00h  1
2043  1.1784193e-03 3.71e-05 2.13e-03 -11.0 4.29e-04    -  1.00e+00 1.00e+00h  1
2044  1.1883600e-03 2.18e-05 5.62e-02 -11.0 5.20e-03    -  1.00e+00 1.00e+00H  1
2045  1.1870820e-03 1.33e-05 9.14e-02 -11.0 4.63e-03    -  1.00e+00 1.00e+00H  1
2046  1.1849080e-03 2.25e-05 8.74e-02 -11.0 4.04e-03    -  1.00e+00 3.12e-02h  6
2047  1.1737893e-03 3.80e-04 1.07e-02 -11.0 1.01e-03    -  1.00e+00 1.00e+00h  1
2048  1.1728771e-03 4.06e-04 1.18e-02 -11.0 1.47e-03    -  1.00e+00 1.00e+00h  1
2049  1.1721767e-03 2.45e-03 3.39e-02 -11.0 5.42e-02    -  1.00e+00 6.25e-02h  5
iter    objective    inf_pr   inf_du lg(mu)  ||d||  lg(rg) alpha_du alpha_pr  ls
2050  1.1718002e-03 2.69e-03 4.16e-02 -11.0 8.85e-02    -  1.00e+00 1.56e-02h  7
2051  1.1707588e-03 1.03e-02 8.88e-02 -11.0 1.23e-01    -  1.00e+00 6.25e-02h  5
2052  1.1706954e-03 1.03e-02 8.74e-02 -11.0 1.82e-01    -  1.00e+00 3.91e-03h  9
2053  1.1725570e-03 1.32e-03 4.28e-02 -11.0 2.42e-03    -  1.00e+00 1.00e+00h  1
2054  1.1716327e-03 7.16e-04 1.70e-02 -11.0 8.16e-03    -  1.00e+00 2.50e-01h  3
2055  1.1726171e-03 3.54e-04 2.47e-02 -11.0 5.04e-03    -  1.00e+00 2.50e-01h  3
2056  1.1732416e-03 4.28e-05 7.20e-02 -11.0 2.08e-03    -  1.00e+00 1.00e+00H  1
2057  1.1713118e-03 2.71e-03 3.38e-02 -11.0 4.73e-03    -  1.00e+00 1.00e+00h  1
2058  1.1709874e-03 2.98e-03 6.27e-02 -11.0 2.09e-02    -  1.00e+00 6.25e-02h  5
2059  1.1705134e-03 1.32e-03 1.94e-02 -11.0 2.47e-03    -  1.00e+00 5.00e-01h  2
iter    objective    inf_pr   inf_du lg(mu)  ||d||  lg(rg) alpha_du alpha_pr  ls
2060  1.1807692e-03 5.61e-06 1.24e-01 -11.0 6.13e-03    -  1.00e+00 1.00e+00H  1
2061  1.1791404e-03 2.58e-05 1.20e-01 -11.0 4.07e-03    -  1.00e+00 6.25e-02h  5
2062  1.1695054e-03 4.03e-03 1.65e-02 -11.0 4.54e-03    -  1.00e+00 1.00e+00h  1
2063  1.1698102e-03 3.58e-03 3.80e-02 -11.0 6.99e-03    -  1.00e+00 1.25e-01h  4
2064  1.1691140e-03 4.67e-04 5.94e-03 -11.0 1.09e-03    -  1.00e+00 1.00e+00h  1
2065  1.1801662e-03 9.08e-06 7.23e-02 -11.0 2.32e-03    -  1.00e+00 1.00e+00H  1
2066  1.1685541e-03 3.89e-04 1.07e-02 -11.0 1.72e-03    -  1.00e+00 1.00e+00h  1
2067  1.1693176e-03 1.30e-04 2.30e-02 -11.0 6.80e-04    -  1.00e+00 1.00e+00h  1
2068  1.1683419e-03 6.50e-05 2.10e-03 -11.0 3.59e-04    -  1.00e+00 1.00e+00h  1
2069  1.1683508e-03 5.03e-06 2.44e-03 -11.0 8.55e-05    -  1.00e+00 1.00e+00h  1
iter    objective    inf_pr   inf_du lg(mu)  ||d||  lg(rg) alpha_du alpha_pr  ls
2070  1.1683201e-03 4.92e-07 6.29e-04 -11.0 3.68e-05    -  1.00e+00 1.00e+00h  1
2071  1.1683104e-03 1.30e-07 3.53e-04 -11.0 3.08e-05    -  1.00e+00 1.00e+00h  1
2072  1.1683157e-03 4.30e-08 3.09e-03 -11.0 5.15e-04    -  1.00e+00 1.00e+00H  1
2073  1.1687652e-03 1.72e-09 5.60e-04 -11.0 2.33e-03    -  1.00e+00 1.00e+00H  1
2074  1.1687564e-03 1.34e-08 5.58e-04 -11.0 8.30e-03    -  1.00e+00 1.95e-03h 10
2075  1.1686710e-03 1.37e-07 4.80e-04 -11.0 6.19e-04    -  1.00e+00 1.00e+00H  1
2076  1.1685380e-03 1.56e-08 4.38e-04 -11.0 4.63e-04    -  1.00e+00 1.00e+00H  1
2077  1.1677891e-03 7.88e-05 1.87e-03 -11.0 1.01e-03    -  1.00e+00 1.00e+00h  1
2078  1.1677438e-03 1.38e-04 4.10e-03 -11.0 5.31e-03    -  1.00e+00 2.50e-01h  3
2079  1.1677276e-03 1.65e-04 9.40e-03 -11.0 3.67e-02    -  1.00e+00 3.12e-02h  6
iter    objective    inf_pr   inf_du lg(mu)  ||d||  lg(rg) alpha_du alpha_pr  ls
2080  1.1676672e-03 1.69e-04 1.40e-02 -11.0 1.87e-02    -  1.00e+00 6.25e-02h  5
2081  1.1676163e-03 1.76e-04 1.35e-02 -11.0 2.52e-02    -  1.00e+00 3.12e-02h  6
2082  1.1676305e-03 2.41e-04 2.22e-02 -11.0 7.76e-03    -  1.00e+00 2.50e-01h  3
2083  1.1674805e-03 7.98e-04 3.27e-02 -11.0 2.08e-02    -  1.00e+00 1.25e-01h  4
2084  1.1674129e-03 9.62e-04 3.14e-02 -11.0 3.81e-02    -  1.00e+00 3.12e-02h  6
2085  1.1673561e-03 7.80e-04 1.51e-02 -11.0 6.28e-03    -  1.00e+00 2.50e-01h  3
2086  1.1671901e-03 8.00e-04 1.90e-02 -11.0 2.06e-02    -  1.00e+00 6.25e-02h  5
2087  1.1671768e-03 7.82e-04 2.64e-02 -11.0 4.53e-03    -  1.00e+00 1.25e-01h  4
2088  1.1676134e-03 1.60e-04 8.84e-03 -11.0 8.10e-04    -  1.00e+00 1.00e+00h  1
2089  1.1672807e-03 1.89e-04 4.94e-03 -11.0 3.72e-04    -  1.00e+00 1.00e+00h  1
iter    objective    inf_pr   inf_du lg(mu)  ||d||  lg(rg) alpha_du alpha_pr  ls
2090  1.1666645e-03 8.74e-05 3.28e-03 -11.0 1.08e-03    -  1.00e+00 1.00e+00h  1
2091  1.1667977e-03 7.83e-05 1.54e-02 -11.0 7.24e-04    -  1.00e+00 1.00e+00h  1
2092  1.1664018e-03 1.10e-04 1.89e-02 -11.0 8.85e-04    -  1.00e+00 1.00e+00h  1
2093  1.1684647e-03 4.73e-09 9.25e-04 -11.0 8.06e-04    -  1.00e+00 1.00e+00H  1
2094  1.1662348e-03 1.64e-04 4.15e-03 -11.0 6.49e-04    -  1.00e+00 1.00e+00h  1
2095  1.1662063e-03 2.77e-05 4.87e-03 -11.0 2.26e-04    -  1.00e+00 1.00e+00h  1
2096  1.1660537e-03 7.25e-06 2.40e-03 -11.0 1.90e-04    -  1.00e+00 1.00e+00h  1
2097  1.1659735e-03 3.79e-05 3.39e-03 -11.0 4.76e-04    -  1.00e+00 1.00e+00h  1
2098  1.1658036e-03 1.79e-04 3.67e-03 -11.0 9.50e-03    -  1.00e+00 1.25e-01h  4
2099  1.1657855e-03 2.86e-04 5.29e-03 -11.0 1.53e-02    -  1.00e+00 6.25e-02h  5
iter    objective    inf_pr   inf_du lg(mu)  ||d||  lg(rg) alpha_du alpha_pr  ls
2100  1.1656763e-03 6.35e-04 1.42e-02 -11.0 1.11e-02    -  1.00e+00 1.25e-01h  4
2101  1.1656548e-03 7.58e-04 1.94e-02 -11.0 2.69e-02    -  1.00e+00 3.12e-02h  6
2102  1.1657376e-03 4.69e-04 2.23e-02 -11.0 2.48e-03    -  1.00e+00 5.00e-01h  2
2103  1.1653653e-03 6.69e-04 2.08e-02 -11.0 2.48e-02    -  1.00e+00 6.25e-02h  5
2104  1.1654295e-03 5.85e-04 2.22e-02 -11.0 1.28e-02    -  1.00e+00 6.25e-02h  5
2105  1.1655585e-03 9.16e-05 5.42e-03 -11.0 5.86e-04    -  1.00e+00 1.00e+00h  1
2106  1.1650570e-03 2.09e-04 5.82e-03 -11.0 7.06e-04    -  1.00e+00 1.00e+00h  1
2107  1.1648705e-03 1.02e-04 3.43e-03 -11.0 7.80e-04    -  1.00e+00 1.00e+00h  1
2108  1.1684275e-03 1.59e-08 6.84e-04 -11.0 2.74e-03    -  1.00e+00 1.00e+00H  1
2109  1.1705913e-03 8.37e-09 1.43e-03 -11.0 1.09e-03    -  1.00e+00 1.00e+00H  1
iter    objective    inf_pr   inf_du lg(mu)  ||d||  lg(rg) alpha_du alpha_pr  ls
2110  1.1650699e-03 9.98e-06 1.15e-02 -11.0 2.18e-03    -  1.00e+00 1.00e+00H  1
2111  1.1686299e-03 1.05e-09 8.64e-04 -11.0 9.06e-04    -  1.00e+00 1.00e+00H  1
2112  1.1644206e-03 6.68e-04 7.09e-03 -11.0 9.76e-04    -  1.00e+00 1.00e+00h  1
2113  1.1643809e-03 4.57e-06 2.67e-03 -11.0 1.11e-04    -  1.00e+00 1.00e+00h  1
2114  1.1643223e-03 1.14e-06 1.60e-03 -11.0 5.49e-05    -  1.00e+00 1.00e+00h  1
2115  1.1642882e-03 1.55e-06 9.89e-04 -11.0 8.78e-05    -  1.00e+00 1.00e+00h  1
2116  1.1654711e-03 3.71e-07 1.60e-02 -11.0 1.99e-03    -  1.00e+00 1.00e+00H  1
2117  1.1654085e-03 6.32e-07 1.62e-02 -11.0 2.53e-03    -  1.00e+00 1.56e-02h  7
2118  1.1657708e-03 8.39e-08 1.41e-02 -11.0 1.11e-03    -  1.00e+00 1.00e+00H  1
2119  1.1635475e-03 6.70e-05 6.17e-03 -11.0 5.49e-04    -  1.00e+00 1.00e+00h  1
iter    objective    inf_pr   inf_du lg(mu)  ||d||  lg(rg) alpha_du alpha_pr  ls
2120  1.1634282e-03 5.06e-05 3.01e-03 -11.0 5.15e-04    -  1.00e+00 1.00e+00h  1
2121  1.1631734e-03 9.25e-04 1.51e-02 -11.0 1.81e-02    -  1.00e+00 1.25e-01h  4
2122  1.1630976e-03 1.06e-03 1.70e-02 -11.0 1.18e-01    -  1.00e+00 7.81e-03h  8
2123  1.1630473e-03 1.09e-03 1.69e-02 -11.0 2.07e-02    -  1.00e+00 3.12e-02h  6
2124  1.1630147e-03 1.10e-03 2.37e-02 -11.0 2.04e-02    -  1.00e+00 3.12e-02h  6
2125  1.1631132e-03 8.67e-04 2.33e-02 -11.0 2.92e-03    -  1.00e+00 2.50e-01h  3
2126  1.1657891e-03 5.98e-08 5.41e-04 -11.0 3.46e-03    -  1.00e+00 1.00e+00H  1
2127  1.1657520e-03 9.86e-08 5.38e-04 -11.0 7.51e-03    -  1.00e+00 3.91e-03h  9
2128  1.1657114e-03 2.16e-07 5.41e-04 -11.0 3.77e-02    -  1.00e+00 9.77e-04h 11
2129  1.1657060e-03 2.17e-07 5.42e-04 -11.0 1.00e-01    -  1.00e+00 6.10e-05h 15
iter    objective    inf_pr   inf_du lg(mu)  ||d||  lg(rg) alpha_du alpha_pr  ls
2130  1.1656979e-03 2.20e-07 5.41e-04 -11.0 1.78e-02    -  1.00e+00 4.88e-04h 12
2131  1.1643334e-03 9.91e-04 2.39e-02 -11.0 5.62e-02    -  1.00e+00 6.25e-02h  5
2132  1.1642532e-03 2.88e-03 3.55e-02 -11.0 1.73e-01    -  1.00e+00 3.12e-02h  6
2133  1.1621535e-03 1.35e-02 5.71e-02 -11.0 3.91e-01    -  1.00e+00 3.12e-02h  6
2134  1.1620111e-03 1.44e-02 4.53e-02 -11.0 1.92e+00    -  1.00e+00 1.95e-03h 10
2135  1.1615749e-03 1.47e-02 3.08e-02 -11.0 1.10e-01    -  1.00e+00 3.12e-02h  6
2136  1.1610147e-03 2.03e-02 4.55e-02 -11.0 3.37e-01    -  1.00e+00 3.12e-02h  6
2137  7.3807346e-02 8.42e+01 8.08e+00 -11.0 9.14e-01    -  1.00e+00 1.00e+00w  1
2138  9.3003045e+03 3.82e+06 6.30e+05 -11.0 4.47e+01    -  1.00e+00 1.00e+00w  1
2139  2.0110369e+07 9.98e+06 1.98e+10 -11.0 6.35e+03    -  1.00e+00 1.00e+00w  1
iter    objective    inf_pr   inf_du lg(mu)  ||d||  lg(rg) alpha_du alpha_pr  ls
2140  1.1604598e-03 2.11e-02 3.60e-02 -11.0 1.16e+06    -  1.00e+00 3.91e-03h  8
2141  1.1599206e-03 1.86e-02 3.76e-02 -11.0 1.17e-02    -  1.00e+00 1.25e-01h  4
2142  1.1616523e-03 1.40e-02 1.56e-02 -11.0 3.28e-03    -  1.00e+00 2.50e-01h  3
2143  1.1571162e-03 1.49e-04 3.26e-02 -11.0 1.37e-03    -  1.00e+00 1.00e+00h  1
2144  1.1945344e-03 8.80e-08 1.43e-01 -11.0 4.66e-03    -  1.00e+00 1.00e+00H  1
2145  1.1561113e-03 8.95e-04 9.62e-03 -11.0 3.92e-03    -  1.00e+00 1.00e+00h  1
2146  1.1582886e-03 2.20e-04 3.23e-02 -11.0 1.20e-03    -  1.00e+00 1.00e+00h  1
2147  1.1556004e-03 6.07e-05 7.04e-03 -11.0 5.77e-04    -  1.00e+00 1.00e+00h  1
2148  1.1554412e-03 9.27e-06 1.77e-03 -11.0 1.95e-04    -  1.00e+00 1.00e+00h  1
2149  1.1557518e-03 9.11e-07 2.97e-02 -11.0 4.76e-03    -  1.00e+00 1.00e+00H  1
iter    objective    inf_pr   inf_du lg(mu)  ||d||  lg(rg) alpha_du alpha_pr  ls
2150  1.1556428e-03 4.26e-06 3.17e-02 -11.0 1.80e-02    -  1.00e+00 7.81e-03h  8
2151  1.1545851e-03 1.49e-04 1.69e-02 -11.0 9.37e-04    -  1.00e+00 1.00e+00h  1
2152  1.1551027e-03 2.01e-04 1.44e-02 -11.0 6.65e-04    -  1.00e+00 1.00e+00h  1
2153  1.1537997e-03 7.29e-05 4.12e-04 -11.0 6.25e-04    -  1.00e+00 1.00e+00h  1
2154  1.1537972e-03 5.02e-06 1.65e-03 -11.0 1.43e-04    -  1.00e+00 1.00e+00h  1
2155  1.1536593e-03 2.88e-05 1.22e-03 -11.0 2.64e-04    -  1.00e+00 1.00e+00h  1
2156  1.1756309e-03 9.13e-08 7.86e-02 -11.0 5.53e-03    -  1.00e+00 1.00e+00H  1
2157  1.1543030e-03 3.38e-07 3.82e-02 -11.0 2.85e-03    -  1.00e+00 1.00e+00H  1
2158  1.1679495e-03 7.50e-08 1.14e-01 -11.0 1.87e-03    -  1.00e+00 1.00e+00H  1
2159  1.1532044e-03 1.70e-03 6.85e-03 -11.0 1.63e-03    -  1.00e+00 1.00e+00h  1
iter    objective    inf_pr   inf_du lg(mu)  ||d||  lg(rg) alpha_du alpha_pr  ls
2160  1.1531620e-03 1.62e-05 6.90e-03 -11.0 2.30e-04    -  1.00e+00 1.00e+00h  1
2161  1.1530613e-03 2.64e-05 1.97e-03 -11.0 2.56e-04    -  1.00e+00 1.00e+00h  1
2162  1.1532815e-03 2.24e-05 1.25e-02 -11.0 2.19e-04    -  1.00e+00 1.00e+00h  1
2163  1.1530313e-03 7.89e-06 6.68e-04 -11.0 1.68e-04    -  1.00e+00 1.00e+00h  1
2164  1.1530194e-03 3.82e-07 6.54e-04 -11.0 4.62e-05    -  1.00e+00 1.00e+00h  1
2165  1.1535010e-03 3.33e-07 2.21e-02 -11.0 2.34e-03    -  1.00e+00 1.00e+00H  1
2166  1.1704413e-03 4.63e-08 4.70e-02 -11.0 2.95e-03    -  1.00e+00 1.00e+00H  1
2167  1.1527291e-03 3.00e-05 1.33e-02 -11.0 3.61e-03    -  1.00e+00 1.00e+00H  1
2168  1.1540086e-03 7.15e-08 6.89e-04 -11.0 5.36e-04    -  1.00e+00 1.00e+00H  1
2169  1.1527153e-03 1.29e-04 1.60e-03 -11.0 4.09e-04    -  1.00e+00 1.00e+00h  1
iter    objective    inf_pr   inf_du lg(mu)  ||d||  lg(rg) alpha_du alpha_pr  ls
2170  1.1526955e-03 3.37e-06 1.52e-03 -11.0 1.62e-04    -  1.00e+00 1.00e+00h  1
2171  1.1534334e-03 2.82e-07 1.16e-02 -11.0 3.57e-03    -  1.00e+00 1.00e+00H  1
2172  1.1534275e-03 1.40e-07 1.17e-02 -11.0 4.89e-02    -  1.00e+00 9.77e-04h 11
2173  1.1534204e-03 2.37e-07 1.18e-02 -11.0 1.71e-01    -  1.00e+00 2.44e-04h 13
2174  1.1534099e-03 2.75e-07 1.17e-02 -11.0 3.06e-02    -  1.00e+00 9.77e-04h 11
2175  1.1524788e-03 7.10e-03 2.46e-02 -11.0 1.02e-01    -  1.00e+00 6.25e-02h  5
2176  1.1521450e-03 7.22e-03 2.64e-02 -11.0 9.47e-02    -  1.00e+00 1.56e-02h  7
2177  1.1519070e-03 7.39e-03 3.09e-02 -11.0 3.46e-02    -  1.00e+00 6.25e-02h  5
2178  1.1516904e-03 1.77e-02 4.05e-02 -11.0 8.47e-02    -  1.00e+00 1.25e-01h  4
2179  1.1512954e-03 2.44e-02 6.71e-02 -11.0 4.34e+00    -  1.00e+00 1.95e-03h 10
iter    objective    inf_pr   inf_du lg(mu)  ||d||  lg(rg) alpha_du alpha_pr  ls
2180  1.1510524e-03 2.63e-02 7.50e-02 -11.0 2.79e+00    -  1.00e+00 1.95e-03h 10
2181  1.1507456e-03 2.66e-02 7.75e-02 -11.0 5.56e-01    -  1.00e+00 3.91e-03h  9
2182  1.4689339e-03 5.16e-01 2.24e-01 -11.0 6.24e-02    -  1.00e+00 1.00e+00w  1
2183  1.5107631e-03 4.68e-01 2.23e-01 -11.0 2.18e-02    -  1.00e+00 1.00e+00w  1
2184  8.7330623e-03 1.39e+01 4.64e-01 -11.0 2.70e-01    -  1.00e+00 1.00e+00w  1
2185  1.1504756e-03 2.63e-02 7.27e-02 -11.0 1.03e-01    -  1.00e+00 3.12e-02h  5
2186  1.1511042e-03 2.47e-02 9.61e-02 -11.0 2.30e-02    -  1.00e+00 6.25e-02h  5
2187  1.1496562e-03 1.25e-02 4.71e-02 -11.0 2.54e-03    -  1.00e+00 5.00e-01h  2
2188  1.1495308e-03 9.13e-03 3.18e-02 -11.0 5.65e-03    -  1.00e+00 2.50e-01h  3
2189  1.1514355e-03 4.88e-03 3.84e-02 -11.0 2.49e-03    -  1.00e+00 5.00e-01h  2
iter    objective    inf_pr   inf_du lg(mu)  ||d||  lg(rg) alpha_du alpha_pr  ls
2190  1.1482363e-03 2.38e-04 8.01e-03 -11.0 8.47e-04    -  1.00e+00 1.00e+00h  1
2191  1.1486365e-03 7.01e-05 1.87e-02 -11.0 7.56e-04    -  1.00e+00 1.00e+00h  1
2192  1.1478060e-03 3.60e-05 6.88e-03 -11.0 4.05e-04    -  1.00e+00 1.00e+00h  1
2193  1.1477719e-03 3.91e-05 3.37e-03 -11.0 2.51e-04    -  1.00e+00 1.00e+00h  1
2194  1.1476107e-03 5.85e-06 1.85e-03 -11.0 3.04e-04    -  1.00e+00 1.00e+00h  1
2195  1.1488293e-03 1.35e-06 3.79e-02 -11.0 1.37e-03    -  1.00e+00 1.00e+00H  1
2196  1.1477356e-03 2.79e-07 3.06e-02 -11.0 7.17e-04    -  1.00e+00 1.00e+00H  1
2197  1.1477667e-03 3.14e-08 6.17e-04 -11.0 8.02e-04    -  1.00e+00 1.00e+00H  1
2198  1.1469012e-03 1.75e-04 2.33e-03 -11.0 4.73e-04    -  1.00e+00 1.00e+00h  1
2199  1.1468428e-03 3.33e-05 6.90e-03 -11.0 5.84e-04    -  1.00e+00 1.00e+00h  1
iter    objective    inf_pr   inf_du lg(mu)  ||d||  lg(rg) alpha_du alpha_pr  ls
2200  1.1468322e-03 3.12e-03 5.87e-02 -11.0 7.85e-03    -  1.00e+00 1.00e+00h  1
2201  1.1466784e-03 3.16e-03 6.78e-02 -11.0 3.00e-01    -  1.00e+00 3.91e-03h  9
2202  1.1465531e-03 3.03e-03 6.27e-02 -11.0 1.88e-02    -  1.00e+00 6.25e-02h  5
2203  1.1463087e-03 2.89e-03 7.75e-02 -11.0 1.81e-02    -  1.00e+00 6.25e-02h  5
2204  1.1459553e-03 2.59e-03 6.65e-02 -11.0 9.57e-03    -  1.00e+00 1.25e-01h  4
2205  1.1457066e-03 2.30e-03 5.75e-02 -11.0 1.95e-02    -  1.00e+00 1.25e-01h  4
2206  1.1454838e-03 1.85e-03 4.05e-02 -11.0 1.23e-02    -  1.00e+00 1.25e-01h  4
2207  1.1457026e-03 1.33e-03 4.67e-02 -11.0 5.21e-03    -  1.00e+00 2.50e-01h  3
2208  1.1444233e-03 6.23e-04 4.27e-02 -11.0 2.49e-03    -  1.00e+00 5.00e-01h  2
2209  1.1440293e-03 5.42e-04 3.47e-02 -11.0 3.00e-03    -  1.00e+00 1.25e-01h  4
iter    objective    inf_pr   inf_du lg(mu)  ||d||  lg(rg) alpha_du alpha_pr  ls
2210  1.1434711e-03 5.73e-05 7.28e-03 -11.0 6.31e-04    -  1.00e+00 1.00e+00h  1
2211  1.1501468e-03 6.92e-09 2.03e-03 -11.0 3.37e-03    -  1.00e+00 1.00e+00H  1
2212  1.1467457e-03 8.15e-06 1.91e-02 -11.0 1.40e-03    -  1.00e+00 1.00e+00H  1
2213  1.1486714e-03 1.80e-08 1.47e-03 -11.0 1.04e-03    -  1.00e+00 1.00e+00H  1
2214  1.1425140e-03 5.02e-04 8.65e-03 -11.0 7.81e-04    -  1.00e+00 1.00e+00h  1
2215  1.1424909e-03 1.23e-05 1.64e-03 -11.0 2.27e-04    -  1.00e+00 1.00e+00h  1
2216  1.1423596e-03 9.31e-04 8.99e-03 -11.0 1.03e-02    -  1.00e+00 2.50e-01h  3
2217  1.1422697e-03 1.37e-03 8.61e-03 -11.0 6.63e-02    -  1.00e+00 3.12e-02h  6
2218  1.1419393e-03 3.06e-03 8.13e-03 -11.0 6.57e-02    -  1.00e+00 6.25e-02h  5
2219  1.1416897e-03 3.91e-03 1.90e-02 -11.0 3.64e-01    -  1.00e+00 7.81e-03h  8
iter    objective    inf_pr   inf_du lg(mu)  ||d||  lg(rg) alpha_du alpha_pr  ls
2220  1.1415997e-03 3.88e-03 2.38e-02 -11.0 4.58e-02    -  1.00e+00 1.56e-02h  7
2221  1.1418033e-03 3.84e-03 2.18e-02 -11.0 1.92e-02    -  1.00e+00 1.25e-01h  4
2222  1.1418850e-03 3.54e-03 1.63e-02 -11.0 9.78e-03    -  1.00e+00 1.25e-01h  4
2223  1.1413240e-03 3.45e-03 8.28e-03 -11.0 9.52e-03    -  1.00e+00 2.50e-01h  3
2224  1.1417917e-03 3.71e-03 2.63e-02 -11.0 3.11e-02    -  1.00e+00 6.25e-02h  5
2225  1.1409715e-03 3.37e-03 2.69e-02 -11.0 1.15e-02    -  1.00e+00 2.50e-01h  3
2226  2.4403236e-03 2.23e+00 3.66e-01 -11.0 1.40e-01    -  1.00e+00 1.00e+00w  1
2227  3.5305471e-03 1.34e-01 1.10e+00 -11.0 3.52e-02    -  1.00e+00 1.00e+00w  1
2228  4.3041420e-03 2.27e+00 4.72e-01 -11.0 1.34e-01    -  1.00e+00 1.00e+00w  1
2229  1.1405606e-03 5.37e-03 3.12e-02 -11.0 3.83e-01    -  1.00e+00 3.12e-02h  5
iter    objective    inf_pr   inf_du lg(mu)  ||d||  lg(rg) alpha_du alpha_pr  ls
2230  1.1406334e-03 4.96e-03 1.81e-02 -11.0 8.34e-03    -  1.00e+00 5.00e-01h  2
2231  1.1405009e-03 4.88e-03 1.93e-02 -11.0 2.68e-02    -  1.00e+00 3.12e-02h  6
2232  1.1403412e-03 2.88e-03 1.70e-02 -11.0 1.94e-03    -  1.00e+00 5.00e-01h  2
2233  1.1400715e-03 1.48e-03 3.20e-03 -11.0 1.31e-03    -  1.00e+00 5.00e-01h  2
2234  1.1400652e-03 1.77e-04 1.13e-02 -11.0 5.64e-04    -  1.00e+00 1.00e+00h  1
2235  1.1393914e-03 8.99e-05 4.75e-03 -11.0 3.85e-04    -  1.00e+00 1.00e+00h  1
2236  1.1393481e-03 7.64e-05 8.19e-03 -11.0 3.65e-04    -  1.00e+00 1.00e+00h  1
2237  1.1391885e-03 1.28e-05 1.40e-03 -11.0 2.29e-04    -  1.00e+00 1.00e+00h  1
2238  1.1391591e-03 1.84e-05 2.75e-03 -11.0 2.15e-04    -  1.00e+00 1.00e+00h  1
2239  1.1390523e-03 4.08e-06 6.69e-04 -11.0 1.37e-04    -  1.00e+00 1.00e+00h  1
iter    objective    inf_pr   inf_du lg(mu)  ||d||  lg(rg) alpha_du alpha_pr  ls
2240  1.1389817e-03 4.24e-05 3.37e-03 -11.0 3.79e-04    -  1.00e+00 1.00e+00h  1
2241  1.1393083e-03 4.07e-07 2.03e-02 -11.0 1.48e-03    -  1.00e+00 1.00e+00H  1
2242  1.1419648e-03 1.18e-07 3.56e-02 -11.0 4.89e-03    -  1.00e+00 1.00e+00H  1
2243  1.1419036e-03 3.55e-07 3.52e-02 -11.0 1.16e-02    -  1.00e+00 3.91e-03h  9
2244  1.1417066e-03 3.82e-07 3.48e-02 -11.0 2.09e-03    -  1.00e+00 1.56e-02h  7
2245  1.1378916e-03 4.16e-04 1.73e-02 -11.0 5.30e-04    -  1.00e+00 1.00e+00h  1
2246  1.1377935e-03 1.52e-05 6.45e-03 -11.0 2.69e-04    -  1.00e+00 1.00e+00h  1
2247  1.1378178e-03 1.07e-05 3.65e-03 -11.0 2.88e-04    -  1.00e+00 1.00e+00h  1
2248  1.1377387e-03 4.69e-06 4.35e-03 -11.0 1.04e-04    -  1.00e+00 1.00e+00h  1
2249  1.1377179e-03 9.17e-06 5.44e-03 -11.0 1.56e-04    -  1.00e+00 1.00e+00h  1
iter    objective    inf_pr   inf_du lg(mu)  ||d||  lg(rg) alpha_du alpha_pr  ls
2250  1.1376495e-03 2.65e-06 1.92e-03 -11.0 2.77e-04    -  1.00e+00 1.00e+00h  1
2251  1.1381688e-03 4.10e-07 4.28e-02 -11.0 1.98e-03    -  1.00e+00 1.00e+00H  1
2252  1.1419476e-03 2.73e-07 5.36e-02 -11.0 2.66e-03    -  1.00e+00 1.00e+00H  1
2253  1.1380690e-03 6.02e-06 1.85e-02 -11.0 1.21e-03    -  1.00e+00 1.00e+00H  1
2254  1.1377447e-03 4.87e-07 2.72e-02 -11.0 4.99e-04    -  1.00e+00 1.00e+00H  1
2255  1.1371405e-03 6.33e-05 2.00e-02 -11.0 8.91e-04    -  1.00e+00 1.00e+00h  1
2256  1.1370884e-03 1.67e-04 9.21e-03 -11.0 1.39e-03    -  1.00e+00 1.00e+00h  1
2257  1.1370383e-03 1.77e-04 4.53e-03 -11.0 6.38e-03    -  1.00e+00 6.25e-02h  5
2258  1.1372067e-03 4.05e-06 1.70e-02 -11.0 2.72e-03    -  1.00e+00 1.00e+00H  1
2259  1.1370679e-03 1.10e-04 3.12e-02 -11.0 1.46e-02    -  1.00e+00 6.25e-02h  5
iter    objective    inf_pr   inf_du lg(mu)  ||d||  lg(rg) alpha_du alpha_pr  ls
2260  1.1370326e-03 1.68e-04 2.54e-02 -11.0 4.59e-03    -  1.00e+00 1.25e-01h  4
2261  1.1366436e-03 2.57e-04 9.32e-03 -11.0 1.04e-03    -  1.00e+00 1.00e+00h  1
2262  1.1394601e-03 7.08e-08 4.32e-02 -11.0 4.67e-03    -  1.00e+00 1.00e+00H  1
2263  1.1394479e-03 1.32e-07 4.31e-02 -11.0 2.56e-02    -  1.00e+00 9.77e-04h 11
2264  1.1394346e-03 2.44e-07 4.34e-02 -11.0 1.44e-01    -  1.00e+00 2.44e-04h 13
2265  1.1394266e-03 2.83e-07 4.35e-02 -11.0 3.45e-01    -  1.00e+00 6.10e-05h 15
2266  1.1394197e-03 3.05e-07 4.35e-02 -11.0 2.50e-01    -  1.00e+00 6.10e-05h 15
2267  1.1392711e-03 3.92e-04 3.44e-02 -11.0 6.28e-02    -  1.00e+00 3.12e-02h  6
2268  1.1386696e-03 9.64e-04 4.96e-02 -11.0 4.10e-02    -  1.00e+00 6.25e-02h  5
2269  1.1371825e-03 6.31e-03 1.38e-02 -11.0 1.20e-01    -  1.00e+00 6.25e-02h  5
iter    objective    inf_pr   inf_du lg(mu)  ||d||  lg(rg) alpha_du alpha_pr  ls
2270  1.1368811e-03 1.05e-02 1.11e-02 -11.0 4.52e-01    -  1.00e+00 1.56e-02h  7
2271  1.1365878e-03 1.47e-02 4.15e-02 -11.0 4.53e-01    -  1.00e+00 1.56e-02h  7
2272  1.1361996e-03 1.65e-02 7.31e-02 -11.0 6.30e-01    -  1.00e+00 7.81e-03h  8
2273  2.2955502e-02 1.52e+01 3.71e+00 -11.0 5.68e-01    -  1.00e+00 1.00e+00w  1
2274  1.3799888e+03 5.20e+05 3.40e+04 -11.0 1.17e+01    -  1.00e+00 1.00e+00w  1
2275  5.9584341e+03 2.29e+05 1.64e+04 -11.0 3.44e+01    -  1.00e+00 1.00e+00w  1
2276  1.1359919e-03 1.69e-02 8.60e-02 -11.0 3.02e+01    -  1.00e+00 3.91e-03h  8
2277  1.1357265e-03 8.33e-05 3.62e-03 -11.0 3.05e-04    -  1.00e+00 1.00e+00h  1
2278  1.1363324e-03 4.02e-07 2.62e-02 -11.0 7.08e-04    -  1.00e+00 1.00e+00H  1
2279  1.1354920e-03 3.31e-05 1.30e-03 -11.0 2.85e-04    -  1.00e+00 1.00e+00h  1
iter    objective    inf_pr   inf_du lg(mu)  ||d||  lg(rg) alpha_du alpha_pr  ls
2280  1.1357099e-03 5.76e-07 8.09e-03 -11.0 2.23e-04    -  1.00e+00 1.00e+00H  1
2281  1.1353823e-03 1.69e-05 1.33e-03 -11.0 1.66e-04    -  1.00e+00 1.00e+00h  1
2282  1.1353463e-03 4.30e-06 2.73e-03 -11.0 8.74e-05    -  1.00e+00 1.00e+00h  1
2283  1.1352042e-03 2.19e-04 1.20e-02 -11.0 8.05e-04    -  1.00e+00 1.00e+00h  1
2284  1.1350396e-03 1.72e-03 4.06e-02 -11.0 1.78e-02    -  1.00e+00 1.25e-01h  4
2285  1.1349514e-03 1.72e-03 4.91e-02 -11.0 5.91e-03    -  1.00e+00 6.25e-02h  5
2286  1.1389030e-03 4.53e-08 5.61e-02 -11.0 1.99e-03    -  1.00e+00 1.00e+00H  1
2287  1.1368966e-03 1.65e-08 7.03e-04 -11.0 1.13e-03    -  1.00e+00 1.00e+00H  1
2288  1.1358942e-03 8.68e-08 3.33e-02 -11.0 1.16e-03    -  1.00e+00 1.00e+00H  1
2289  1.1346993e-03 2.81e-04 1.32e-02 -11.0 6.72e-04    -  1.00e+00 1.00e+00h  1
iter    objective    inf_pr   inf_du lg(mu)  ||d||  lg(rg) alpha_du alpha_pr  ls
2290  1.1340675e-03 9.61e-05 1.81e-02 -11.0 4.66e-04    -  1.00e+00 1.00e+00h  1
2291  1.1339084e-03 1.37e-05 4.84e-03 -11.0 2.30e-04    -  1.00e+00 1.00e+00h  1
2292  1.1338067e-03 6.83e-06 2.07e-03 -11.0 1.01e-04    -  1.00e+00 1.00e+00h  1
2293  1.1337551e-03 1.11e-05 6.26e-03 -11.0 1.36e-04    -  1.00e+00 1.00e+00h  1
2294  1.1336484e-03 3.81e-05 9.94e-03 -11.0 4.50e-04    -  1.00e+00 1.00e+00h  1
2295  1.1335955e-03 5.80e-05 9.32e-03 -11.0 6.76e-03    -  1.00e+00 6.25e-02h  5
2296  1.1339442e-03 1.95e-08 3.77e-04 -11.0 9.11e-04    -  1.00e+00 1.00e+00H  1
2297  1.1338675e-03 3.55e-07 1.93e-02 -11.0 6.08e-04    -  1.00e+00 1.00e+00H  1
2298  1.1339762e-03 6.55e-10 4.10e-04 -11.0 5.39e-04    -  1.00e+00 1.00e+00H  1
2299  1.1333926e-03 1.12e-04 4.70e-03 -11.0 3.10e-04    -  1.00e+00 1.00e+00h  1
iter    objective    inf_pr   inf_du lg(mu)  ||d||  lg(rg) alpha_du alpha_pr  ls
2300  1.1333513e-03 3.95e-05 9.02e-03 -11.0 4.83e-04    -  1.00e+00 1.00e+00h  1
2301  1.1334770e-03 9.27e-07 1.25e-02 -11.0 1.25e-03    -  1.00e+00 1.00e+00H  1
2302  1.1333987e-03 2.26e-05 1.18e-02 -11.0 4.66e-03    -  1.00e+00 6.25e-02h  5
2303  1.1331811e-03 1.25e-04 1.41e-02 -11.0 2.82e-03    -  1.00e+00 2.50e-01h  3
2304  1.1331436e-03 1.15e-04 1.44e-02 -11.0 3.14e-03    -  1.00e+00 1.25e-01h  4
2305  1.1329193e-03 3.23e-05 8.18e-03 -11.0 5.00e-04    -  1.00e+00 1.00e+00h  1
2306  1.1328914e-03 6.33e-05 9.03e-03 -11.0 4.22e-03    -  1.00e+00 1.25e-01h  4
2307  1.1328669e-03 1.41e-04 1.51e-02 -11.0 3.05e-03    -  1.00e+00 2.50e-01h  3
2308  1.1328021e-03 1.46e-03 3.45e-02 -11.0 4.67e-02    -  1.00e+00 6.25e-02h  5
2309  1.1327697e-03 1.48e-03 3.99e-02 -11.0 5.74e-02    -  1.00e+00 7.81e-03h  8
iter    objective    inf_pr   inf_du lg(mu)  ||d||  lg(rg) alpha_du alpha_pr  ls
2310  1.1327113e-03 1.56e-03 4.13e-02 -11.0 1.77e-02    -  1.00e+00 6.25e-02h  5
2311  1.1327018e-03 1.61e-03 4.51e-02 -11.0 4.65e-02    -  1.00e+00 1.56e-02h  7
2312  1.1327689e-03 1.44e-03 5.04e-02 -11.0 1.72e-03    -  1.00e+00 1.25e-01h  4
2313  1.1326111e-03 8.83e-05 1.10e-02 -11.0 7.64e-04    -  1.00e+00 1.00e+00h  1
2314  1.1326090e-03 3.80e-04 8.36e-03 -11.0 1.20e-02    -  1.00e+00 1.25e-01h  4
2315  1.1325969e-03 3.61e-04 8.64e-03 -11.0 4.39e-03    -  1.00e+00 6.25e-02h  5
2316  1.1321660e-03 1.29e-03 2.42e-02 -11.0 4.25e-03    -  1.00e+00 1.00e+00h  1
2317  1.1320344e-03 1.61e-03 4.05e-02 -11.0 5.00e-01    -  1.00e+00 3.91e-03h  9
2318  1.1319057e-03 1.84e-03 6.01e-02 -11.0 1.01e-01    -  1.00e+00 1.56e-02h  7
2319  1.1318428e-03 2.02e-03 7.43e-02 -11.0 8.97e-02    -  1.00e+00 1.56e-02h  7
iter    objective    inf_pr   inf_du lg(mu)  ||d||  lg(rg) alpha_du alpha_pr  ls
2320  1.1317467e-03 2.25e-03 8.17e-02 -11.0 1.09e-01    -  1.00e+00 1.56e-02h  7
2321  1.1316894e-03 9.86e-03 1.36e-01 -11.0 6.20e-01    -  1.00e+00 1.56e-02h  7
2322  1.1315625e-03 1.33e-02 1.75e-01 -11.0 1.77e+00    -  1.00e+00 3.91e-03h  9
2323  1.1314070e-03 1.51e-02 2.13e-01 -11.0 1.36e+00    -  1.00e+00 3.91e-03h  9
2324  1.1312078e-03 1.55e-02 2.15e-01 -11.0 3.81e-01    -  1.00e+00 7.81e-03h  8
2325  1.1307533e-03 1.59e-02 1.89e-01 -11.0 2.07e-01    -  1.00e+00 1.56e-02h  7
2326  1.1307200e-03 1.63e-02 1.81e-01 -11.0 1.82e-01    -  1.00e+00 1.56e-02h  7
2327  1.4919417e-03 1.34e+00 3.57e-01 -11.0 1.21e-01    -  1.00e+00 1.00e+00w  1
2328  5.3283791e-02 1.03e+01 3.62e+00 -11.0 2.08e-01    -  1.00e+00 1.00e+00w  1
2329  4.7466162e-02 9.69e+00 5.82e+00 -11.0 1.64e-01    -  1.00e+00 1.00e+00w  1
iter    objective    inf_pr   inf_du lg(mu)  ||d||  lg(rg) alpha_du alpha_pr  ls
2330  1.1304590e-03 2.05e-02 1.82e-01 -11.0 1.01e-01    -  1.00e+00 6.25e-02h  4
2331  1.1301990e-03 1.93e-02 1.59e-01 -11.0 1.86e-02    -  1.00e+00 6.25e-02h  5
2332  1.1296472e-03 1.02e-02 6.34e-02 -11.0 7.33e-03    -  1.00e+00 5.00e-01h  2
2333  1.1306384e-03 1.04e-02 6.19e-02 -11.0 5.03e-02    -  1.00e+00 6.25e-02h  5
2334  1.1302300e-03 9.13e-03 6.93e-02 -11.0 1.47e-02    -  1.00e+00 1.25e-01h  4
2335  1.1300791e-03 7.10e-03 2.17e-02 -11.0 6.75e-03    -  1.00e+00 2.50e-01h  3
2336  1.1305874e-03 4.10e-03 6.57e-02 -11.0 7.92e-03    -  1.00e+00 1.00e+00h  1
2337  1.9575493e-03 3.78e-03 4.87e-01 -11.0 8.02e-02    -  1.00e+00 1.00e+00H  1
2338  1.8705058e-03 4.80e-03 3.64e-01 -11.0 2.44e-02    -  1.00e+00 1.00e+00H  1
2339  1.7578995e-03 5.27e-03 3.21e-01 -11.0 1.32e-01    -  1.00e+00 3.12e-02h  6
iter    objective    inf_pr   inf_du lg(mu)  ||d||  lg(rg) alpha_du alpha_pr  ls
2340  1.7411227e-03 5.30e-03 3.27e-01 -11.0 9.90e-02    -  1.00e+00 3.91e-03h  9
2341  1.6943846e-03 5.30e-03 3.18e-01 -11.0 4.55e-02    -  1.00e+00 3.12e-02h  6
2342  1.6419695e-03 5.34e-03 2.52e-01 -11.0 7.45e-02    -  1.00e+00 1.56e-02h  7
2343  1.1374802e-03 9.60e-02 1.82e-01 -11.0 2.96e-02    -  1.00e+00 1.00e+00h  1
2344  1.2370398e-03 7.26e-02 1.18e-01 -11.0 1.20e-02    -  1.00e+00 2.50e-01h  3
2345  1.1257148e-03 6.18e-03 2.42e-02 -11.0 4.02e-03    -  1.00e+00 1.00e+00h  1
2346  1.1253923e-03 2.56e-04 3.54e-02 -11.0 8.36e-04    -  1.00e+00 1.00e+00h  1
2347  1.1246532e-03 4.06e-05 4.21e-02 -11.0 9.33e-04    -  1.00e+00 1.00e+00h  1
2348  1.1236198e-03 2.88e-05 2.51e-02 -11.0 5.61e-04    -  1.00e+00 1.00e+00h  1
2349  1.1233375e-03 1.23e-05 2.89e-03 -11.0 1.46e-04    -  1.00e+00 1.00e+00h  1
iter    objective    inf_pr   inf_du lg(mu)  ||d||  lg(rg) alpha_du alpha_pr  ls
2350  1.1231179e-03 5.38e-06 3.71e-03 -11.0 3.33e-04    -  1.00e+00 1.00e+00h  1
2351  1.1341461e-03 5.44e-06 1.19e-01 -11.0 5.69e-03    -  1.00e+00 1.00e+00H  1
2352  1.1231767e-03 2.42e-06 3.18e-02 -11.0 1.76e-03    -  1.00e+00 1.00e+00H  1
2353  1.1224005e-03 1.90e-04 3.62e-02 -11.0 1.42e-03    -  1.00e+00 1.00e+00h  1
2354  1.1219022e-03 6.32e-05 1.49e-02 -11.0 4.73e-04    -  1.00e+00 1.00e+00h  1
2355  1.1217660e-03 2.58e-05 1.41e-02 -11.0 4.65e-04    -  1.00e+00 1.00e+00h  1
2356  1.1216313e-03 9.35e-06 3.06e-03 -11.0 1.63e-04    -  1.00e+00 1.00e+00h  1
2357  1.1215564e-03 6.03e-06 6.02e-03 -11.0 1.24e-04    -  1.00e+00 1.00e+00h  1
2358  1.1214752e-03 1.26e-04 1.31e-02 -11.0 8.44e-04    -  1.00e+00 1.00e+00h  1
2359  1.1334106e-03 2.10e-06 6.59e-02 -11.0 5.92e-03    -  1.00e+00 1.00e+00H  1
iter    objective    inf_pr   inf_du lg(mu)  ||d||  lg(rg) alpha_du alpha_pr  ls
2360  1.1282333e-03 1.09e-07 5.62e-02 -11.0 1.65e-03    -  1.00e+00 1.00e+00H  1
2361  1.1311652e-03 9.45e-08 1.05e-01 -11.0 4.34e-03    -  1.00e+00 1.00e+00H  1
2362  1.1309442e-03 1.92e-07 1.04e-01 -11.0 2.76e-03    -  1.00e+00 7.81e-03h  8
2363  1.1213554e-03 1.62e-03 5.16e-02 -11.0 3.01e-03    -  1.00e+00 1.00e+00h  1
2364  1.1214111e-03 7.53e-04 2.15e-02 -11.0 1.39e-03    -  1.00e+00 5.00e-01h  2
2365  1.1209937e-03 3.47e-04 4.98e-03 -11.0 1.05e-03    -  1.00e+00 5.00e-01h  2
2366  1.1209998e-03 2.81e-05 1.03e-02 -11.0 2.84e-04    -  1.00e+00 1.00e+00h  1
2367  1.1207648e-03 1.70e-05 7.81e-03 -11.0 2.46e-04    -  1.00e+00 1.00e+00h  1
2368  1.1207009e-03 4.95e-06 2.11e-03 -11.0 9.92e-05    -  1.00e+00 1.00e+00h  1
2369  1.1206781e-03 8.12e-07 7.90e-04 -11.0 8.15e-05    -  1.00e+00 1.00e+00h  1
iter    objective    inf_pr   inf_du lg(mu)  ||d||  lg(rg) alpha_du alpha_pr  ls
2370  1.1206346e-03 3.84e-06 4.59e-03 -11.0 3.20e-04    -  1.00e+00 1.00e+00h  1
2371  1.1212094e-03 1.32e-06 4.18e-02 -11.0 1.67e-03    -  1.00e+00 1.00e+00H  1
2372  1.1209330e-03 9.17e-07 1.72e-02 -11.0 8.00e-04    -  1.00e+00 1.00e+00H  1
2373  1.1218801e-03 5.18e-08 6.24e-04 -11.0 1.05e-03    -  1.00e+00 1.00e+00H  1
2374  1.1204331e-03 6.16e-05 7.83e-03 -11.0 4.13e-04    -  1.00e+00 1.00e+00h  1
2375  1.1203168e-03 9.31e-06 3.70e-03 -11.0 3.46e-04    -  1.00e+00 1.00e+00h  1
2376  1.1203873e-03 9.79e-07 7.10e-03 -11.0 8.58e-04    -  1.00e+00 1.00e+00H  1
2377  1.1216150e-03 4.20e-09 6.85e-04 -11.0 1.75e-03    -  1.00e+00 1.00e+00H  1
2378  1.1204934e-03 1.93e-07 3.39e-02 -11.0 1.14e-03    -  1.00e+00 1.00e+00H  1
2379  1.1226861e-03 3.14e-09 1.00e-03 -11.0 1.09e-03    -  1.00e+00 1.00e+00H  1
iter    objective    inf_pr   inf_du lg(mu)  ||d||  lg(rg) alpha_du alpha_pr  ls
2380  1.1200479e-03 1.53e-04 2.76e-03 -11.0 1.25e-03    -  1.00e+00 1.00e+00h  1
2381  1.1200748e-03 7.95e-05 5.32e-03 -11.0 2.20e-04    -  1.00e+00 5.00e-01h  2
2382  1.1199744e-03 7.37e-06 1.64e-03 -11.0 1.30e-04    -  1.00e+00 1.00e+00h  1
2383  1.1199255e-03 1.56e-05 9.19e-04 -11.0 2.87e-04    -  1.00e+00 1.00e+00h  1
2384  1.1198273e-03 4.58e-04 1.14e-02 -11.0 2.35e-02    -  1.00e+00 6.25e-02h  5
2385  1.1198152e-03 4.50e-04 1.73e-02 -11.0 3.24e-03    -  1.00e+00 6.25e-02h  5
2386  1.1195134e-03 9.60e-04 8.34e-03 -11.0 1.59e-03    -  1.00e+00 1.00e+00h  1
2387  1.1194761e-03 1.04e-03 1.40e-02 -11.0 2.52e-02    -  1.00e+00 3.12e-02h  6
2388  1.1197229e-03 1.03e-03 2.70e-02 -11.0 6.21e-03    -  1.00e+00 2.50e-01h  3
2389  1.1196011e-03 1.04e-03 3.09e-02 -11.0 1.31e-02    -  1.00e+00 6.25e-02h  5
iter    objective    inf_pr   inf_du lg(mu)  ||d||  lg(rg) alpha_du alpha_pr  ls
2390  1.1194963e-03 1.14e-03 4.04e-02 -11.0 5.37e-02    -  1.00e+00 1.56e-02h  7
2391  1.1193804e-03 1.47e-03 4.74e-02 -11.0 2.68e-02    -  1.00e+00 6.25e-02h  5
2392  1.1192830e-03 1.36e-03 4.54e-02 -11.0 2.21e-02    -  1.00e+00 3.12e-02h  6
2393  1.1192805e-03 9.09e-04 3.21e-02 -11.0 2.83e-03    -  1.00e+00 2.50e-01h  3
2394  1.1198816e-03 1.65e-04 1.49e-02 -11.0 1.47e-03    -  1.00e+00 1.00e+00h  1
2395  1.1199381e-03 4.15e-05 1.46e-02 -11.0 1.69e-03    -  1.00e+00 1.00e+00H  1
2396  1.1196955e-03 1.58e-04 2.71e-02 -11.0 3.39e-03    -  1.00e+00 2.50e-01h  3
2397  1.1190034e-03 4.61e-04 2.58e-02 -11.0 2.04e-03    -  1.00e+00 1.00e+00h  1
2398  1.1195340e-03 3.74e-04 2.20e-02 -11.0 1.01e-03    -  1.00e+00 2.50e-01h  3
2399  1.1188610e-03 1.75e-04 2.28e-03 -11.0 7.22e-04    -  1.00e+00 1.00e+00h  1
iter    objective    inf_pr   inf_du lg(mu)  ||d||  lg(rg) alpha_du alpha_pr  ls
2400  1.1188829e-03 5.45e-06 1.37e-03 -11.0 1.06e-04    -  1.00e+00 1.00e+00h  1
2401  1.1188413e-03 1.17e-06 8.64e-04 -11.0 1.42e-04    -  1.00e+00 1.00e+00h  1
2402  1.1199178e-03 3.54e-07 2.53e-02 -11.0 1.47e-03    -  1.00e+00 1.00e+00H  1
2403  1.1192189e-03 8.91e-07 1.97e-02 -11.0 5.32e-04    -  1.00e+00 1.00e+00H  1
2404  1.1188340e-03 1.43e-04 6.61e-03 -11.0 6.89e-04    -  1.00e+00 1.00e+00h  1
2405  1.1185758e-03 2.44e-05 3.33e-03 -11.0 4.17e-04    -  1.00e+00 1.00e+00h  1
2406  1.1192860e-03 4.42e-07 1.90e-02 -11.0 7.06e-04    -  1.00e+00 1.00e+00H  1
2407  1.1184085e-03 1.36e-04 8.62e-03 -11.0 5.97e-04    -  1.00e+00 1.00e+00h  1
2408  1.1186050e-03 5.37e-05 7.62e-03 -11.0 5.49e-04    -  1.00e+00 1.00e+00h  1
2409  1.1182736e-03 1.70e-05 6.12e-03 -11.0 4.73e-04    -  1.00e+00 1.00e+00h  1
iter    objective    inf_pr   inf_du lg(mu)  ||d||  lg(rg) alpha_du alpha_pr  ls
2410  1.1199440e-03 2.40e-08 7.59e-04 -11.0 7.71e-04    -  1.00e+00 1.00e+00H  1
2411  1.1181202e-03 1.91e-04 8.83e-03 -11.0 4.62e-04    -  1.00e+00 1.00e+00h  1
2412  1.1179997e-03 2.23e-05 2.39e-03 -11.0 4.26e-04    -  1.00e+00 1.00e+00h  1
2413  1.1203049e-03 2.51e-08 6.61e-04 -11.0 8.91e-03    -  1.00e+00 1.00e+00H  1
2414  1.1203040e-03 2.35e-08 6.61e-04 -11.0 3.05e-01    -  1.00e+00 1.53e-05h 17
2415  1.1203036e-03 2.30e-08 6.61e-04 -11.0 1.17e+00    -  1.00e+00 1.91e-06h 20
2416  1.1203033e-03 2.28e-08 6.61e-04 -11.0 6.22e+00    -  1.00e+00 2.38e-07h 23
2417  1.1203031e-03 2.28e-08 6.61e-04 -11.0 2.61e-01    -  1.00e+00 1.91e-06h 20
2418  1.1199612e-03 5.50e-03 6.18e-02 -11.0 8.78e-01    -  1.00e+00 7.81e-03h  8
2419  1.1194655e-03 8.20e-03 7.33e-02 -11.0 5.12e-01    -  1.00e+00 7.81e-03h  8
iter    objective    inf_pr   inf_du lg(mu)  ||d||  lg(rg) alpha_du alpha_pr  ls
2420  1.1181354e-03 9.95e-03 1.86e-02 -11.0 1.04e+00    -  1.00e+00 7.81e-03h  8
2421  1.1179081e-03 1.52e-02 8.98e-02 -11.0 4.18e-01    -  1.00e+00 1.56e-02h  7
2422  1.1161381e-03 5.25e-02 2.37e-01 -11.0 1.21e+00    -  1.00e+00 1.56e-02h  7
2423  1.1158232e-03 7.81e-02 3.36e-01 -11.0 1.62e+01    -  1.00e+00 9.77e-04h 11
2424  2.4415765e-01 1.59e+03 6.64e+02 -11.0 2.95e+00    -  1.00e+00 1.00e+00w  1
2425  1.0847081e+05 4.06e+06 5.36e+05 -11.0 9.98e+01    -  1.00e+00 1.00e+00w  1
2426  1.4377837e+09 4.38e+07 3.42e+08 -11.0 4.56e+04    -  1.00e+00 1.00e+00w  1
2427  1.1154101e-03 8.30e-02 3.56e-01 -11.0 1.15e+04    -  1.00e+00 1.95e-03h  9
2428  1.1178718e-03 4.19e-02 1.29e-01 -11.0 4.00e-03    -  1.00e+00 5.00e-01h  2
2429  1.1157630e-03 2.11e-02 7.03e-02 -11.0 2.41e-03    -  1.00e+00 5.00e-01h  2
iter    objective    inf_pr   inf_du lg(mu)  ||d||  lg(rg) alpha_du alpha_pr  ls
2430  1.1145839e-03 1.08e-02 5.41e-02 -11.0 2.27e-03    -  1.00e+00 5.00e-01h  2
2431  1.1136794e-03 6.00e-05 2.98e-02 -11.0 9.53e-04    -  1.00e+00 1.00e+00h  1
2432  1.1128180e-03 3.01e-05 5.07e-03 -11.0 5.67e-04    -  1.00e+00 1.00e+00h  1
2433  1.1125337e-03 2.63e-05 2.41e-02 -11.0 2.51e-04    -  1.00e+00 1.00e+00h  1
2434  1.1123654e-03 3.49e-06 2.52e-03 -11.0 1.52e-04    -  1.00e+00 1.00e+00h  1
2435  1.1121311e-03 1.03e-05 3.28e-03 -11.0 3.38e-04    -  1.00e+00 1.00e+00h  1
2436  1.1120144e-03 2.72e-04 5.05e-02 -11.0 1.15e-02    -  1.00e+00 1.25e-01h  4
2437  1.1118952e-03 2.80e-04 6.73e-02 -11.0 3.54e-03    -  1.00e+00 1.25e-01h  4
2438  1.1108260e-03 1.62e-04 4.80e-02 -11.0 8.45e-04    -  1.00e+00 1.00e+00h  1
2439  1.1195169e-03 7.23e-07 8.37e-02 -11.0 1.87e-03    -  1.00e+00 1.00e+00H  1
iter    objective    inf_pr   inf_du lg(mu)  ||d||  lg(rg) alpha_du alpha_pr  ls
2440  1.1103612e-03 1.16e-03 2.95e-02 -11.0 1.08e-03    -  1.00e+00 1.00e+00h  1
2441  1.1100698e-03 3.71e-05 4.55e-03 -11.0 3.08e-04    -  1.00e+00 1.00e+00h  1
2442  1.1098764e-03 2.81e-05 1.14e-02 -11.0 2.78e-04    -  1.00e+00 1.00e+00h  1
2443  1.1109778e-03 1.12e-05 7.55e-02 -11.0 1.81e-03    -  1.00e+00 1.00e+00H  1
2444  1.1180337e-03 1.69e-06 1.38e-01 -11.0 2.31e-03    -  1.00e+00 1.00e+00H  1
2445  1.1132129e-03 2.65e-07 9.05e-02 -11.0 1.61e-03    -  1.00e+00 1.00e+00H  1
2446  1.1100044e-03 2.85e-06 5.10e-02 -11.0 1.15e-03    -  1.00e+00 1.00e+00H  1
2447  1.1094501e-03 6.93e-05 1.68e-02 -11.0 3.57e-04    -  1.00e+00 1.00e+00h  1
2448  1.1092101e-03 7.29e-06 1.01e-03 -11.0 1.22e-04    -  1.00e+00 1.00e+00h  1
2449  1.1091906e-03 1.24e-06 1.67e-03 -11.0 7.82e-05    -  1.00e+00 1.00e+00h  1
iter    objective    inf_pr   inf_du lg(mu)  ||d||  lg(rg) alpha_du alpha_pr  ls
2450  1.1130440e-03 2.52e-07 1.45e-01 -11.0 4.38e-03    -  1.00e+00 1.00e+00H  1
2451  1.1225599e-03 1.52e-08 2.38e-03 -11.0 2.73e-03    -  1.00e+00 1.00e+00H  1
2452  1.1109903e-03 2.53e-06 6.95e-02 -11.0 5.52e-03    -  1.00e+00 1.00e+00H  1
2453  1.1109484e-03 2.49e-06 7.00e-02 -11.0 1.97e-02    -  1.00e+00 9.77e-04h 11
2454  1.1125837e-03 7.38e-07 4.30e-02 -11.0 1.29e-03    -  1.00e+00 1.00e+00H  1
2455  1.1100115e-03 1.09e-06 1.60e-02 -11.0 7.41e-04    -  1.00e+00 1.00e+00H  1
2456  1.1091337e-03 1.50e-04 4.77e-03 -11.0 3.71e-04    -  1.00e+00 1.00e+00h  1
2457  1.1087970e-03 2.10e-05 2.13e-03 -11.0 1.71e-04    -  1.00e+00 1.00e+00h  1
2458  1.1087856e-03 1.91e-06 1.41e-03 -11.0 3.16e-05    -  1.00e+00 1.00e+00h  1
2459  1.1087734e-03 4.60e-07 1.51e-03 -11.0 3.19e-05    -  1.00e+00 1.00e+00h  1
iter    objective    inf_pr   inf_du lg(mu)  ||d||  lg(rg) alpha_du alpha_pr  ls
2460  1.1089763e-03 1.64e-08 3.01e-02 -11.0 8.67e-04    -  1.00e+00 1.00e+00H  1
2461  1.1121570e-03 2.33e-08 2.62e-02 -11.0 2.25e-03    -  1.00e+00 1.00e+00H  1
2462  1.1156293e-03 1.70e-08 1.03e-01 -11.0 2.55e-03    -  1.00e+00 1.00e+00H  1
2463  1.1156181e-03 1.77e-08 1.03e-01 -11.0 2.46e-03    -  1.00e+00 4.88e-04h 12
2464  1.1156129e-03 1.80e-08 1.03e-01 -11.0 3.38e-03    -  1.00e+00 2.44e-04h 13
2465  1.1156030e-03 1.86e-08 1.03e-01 -11.0 2.87e-03    -  1.00e+00 4.88e-04h 12
2466  1.1079883e-03 1.93e-03 1.59e-02 -11.0 1.56e-03    -  1.00e+00 1.00e+00h  1
2467  1.1078278e-03 1.03e-03 1.71e-02 -11.0 7.27e-04    -  1.00e+00 5.00e-01h  2
2468  1.1078111e-03 1.38e-04 5.72e-03 -11.0 4.60e-04    -  1.00e+00 1.00e+00h  1
2469  1.1080116e-03 2.38e-04 1.26e-02 -11.0 4.02e-04    -  1.00e+00 1.00e+00h  1
iter    objective    inf_pr   inf_du lg(mu)  ||d||  lg(rg) alpha_du alpha_pr  ls
2470  1.1076197e-03 1.50e-04 3.21e-03 -11.0 3.65e-04    -  1.00e+00 1.00e+00h  1
2471  1.1076186e-03 4.08e-06 3.20e-03 -11.0 7.90e-05    -  1.00e+00 1.00e+00h  1
2472  1.1075894e-03 2.66e-06 7.46e-04 -11.0 9.09e-05    -  1.00e+00 1.00e+00h  1
2473  1.1078781e-03 1.68e-07 2.80e-02 -11.0 7.86e-04    -  1.00e+00 1.00e+00H  1
2474  1.1080985e-03 7.43e-08 5.31e-02 -11.0 1.57e-03    -  1.00e+00 1.00e+00H  1
2475  1.1080901e-03 8.06e-08 5.30e-02 -11.0 9.09e-03    -  1.00e+00 9.77e-04h 11
2476  1.1080638e-03 1.19e-07 5.28e-02 -11.0 2.02e-03    -  1.00e+00 7.81e-03h  8
2477  1.1074146e-03 1.87e-04 9.67e-03 -11.0 4.04e-04    -  1.00e+00 1.00e+00h  1
2478  1.1073384e-03 4.07e-05 5.18e-03 -11.0 3.31e-04    -  1.00e+00 1.00e+00h  1
2479  1.1076422e-03 1.24e-06 6.61e-03 -11.0 5.08e-04    -  1.00e+00 1.00e+00H  1
iter    objective    inf_pr   inf_du lg(mu)  ||d||  lg(rg) alpha_du alpha_pr  ls
2480  1.1073800e-03 5.68e-05 1.72e-02 -11.0 2.49e-04    -  1.00e+00 1.00e+00h  1
2481  1.1072632e-03 3.90e-05 4.45e-03 -11.0 1.83e-04    -  1.00e+00 1.00e+00h  1
2482  1.1072134e-03 1.32e-05 2.32e-03 -11.0 1.29e-04    -  1.00e+00 1.00e+00h  1
2483  1.1072232e-03 2.45e-08 1.23e-04 -11.0 2.37e-04    -  1.00e+00 1.00e+00H  1
2484  1.1072547e-03 3.15e-09 1.44e-04 -11.0 6.37e-04    -  1.00e+00 1.00e+00H  1
2485  1.1071938e-03 2.84e-04 1.53e-02 -11.0 4.54e-03    -  1.00e+00 2.50e-01h  3
2486  1.1072098e-03 2.98e-04 2.42e-02 -11.0 6.09e-03    -  1.00e+00 6.25e-02h  5
2487  1.1070886e-03 1.44e-04 1.38e-02 -11.0 3.93e-04    -  1.00e+00 5.00e-01h  2
2488  1.1070743e-03 3.38e-05 6.39e-03 -11.0 3.33e-04    -  1.00e+00 1.00e+00h  1
2489  1.1068273e-03 1.52e-04 4.80e-03 -11.0 7.03e-04    -  1.00e+00 1.00e+00h  1
iter    objective    inf_pr   inf_du lg(mu)  ||d||  lg(rg) alpha_du alpha_pr  ls
2490  1.1068059e-03 1.94e-04 5.27e-03 -11.0 7.48e-03    -  1.00e+00 6.25e-02h  5
2491  1.1121974e-03 1.53e-09 1.28e-03 -11.0 5.57e-03    -  1.00e+00 1.00e+00H  1
2492  1.1121954e-03 2.27e-09 1.28e-03 -11.0 2.51e-02    -  1.00e+00 1.22e-04h 14
2493  1.1121945e-03 2.51e-09 1.28e-03 -11.0 1.40e+00    -  1.00e+00 9.54e-07h 21
2494  1.1121940e-03 2.58e-09 1.28e-03 -11.0 4.18e-01    -  1.00e+00 1.91e-06h 20
2495  1.1121936e-03 2.65e-09 1.28e-03 -11.0 8.52e-02    -  1.00e+00 7.63e-06h 18
2496  1.1113736e-03 4.39e-03 2.40e-02 -11.0 6.38e-01    -  1.00e+00 7.81e-03h  8
2497  1.1111298e-03 7.29e-03 3.51e-02 -11.0 2.86e-01    -  1.00e+00 1.56e-02h  7
2498  1.1104438e-03 2.13e-01 2.13e-01 -11.0 5.98e-01    -  1.00e+00 6.25e-02h  5
2499  1.1099672e-03 2.44e-01 2.65e-01 -11.0 2.98e+01    -  1.00e+00 4.88e-04h 12
iter    objective    inf_pr   inf_du lg(mu)  ||d||  lg(rg) alpha_du alpha_pr  ls
2500  1.1085301e-03 2.45e-01 2.67e-01 -11.0 1.51e+00    -  1.00e+00 1.95e-03h 10
2501  1.1079258e-03 2.38e-01 2.91e-01 -11.0 1.30e-02    -  1.00e+00 3.12e-02h  6
2502  1.1062008e-03 1.26e-01 3.93e-02 -11.0 2.91e-02    -  1.00e+00 1.00e+00h  1
2503  1.1056262e-03 1.37e-01 7.30e-02 -11.0 8.63e+00    -  1.00e+00 9.77e-04h 11
2504  1.1055816e-03 1.36e-01 7.68e-02 -11.0 3.76e-01    -  1.00e+00 1.95e-03h 10
2505  1.1065965e-03 1.53e-02 7.11e-02 -11.0 1.03e-02    -  1.00e+00 1.00e+00h  1
2506  1.1062423e-03 1.68e-02 9.33e-02 -11.0 8.30e-01    -  1.00e+00 3.91e-03h  9
2507  1.1058229e-03 1.70e-02 1.19e-01 -11.0 1.11e-01    -  1.00e+00 1.56e-02h  7
2508  1.1053442e-03 3.78e-02 1.02e-01 -11.0 9.67e-02    -  1.00e+00 1.25e-01h  4
2509  1.1048853e-03 4.86e-02 8.81e-02 -11.0 2.17e+00    -  1.00e+00 3.91e-03h  9
iter    objective    inf_pr   inf_du lg(mu)  ||d||  lg(rg) alpha_du alpha_pr  ls
2510  1.1046120e-03 5.33e-02 7.79e-02 -11.0 2.88e+00    -  1.00e+00 1.95e-03h 10
2511  1.1033063e-03 5.12e-02 1.51e-01 -11.0 5.75e-01    -  1.00e+00 7.81e-03h  8
2512  1.1048329e-03 5.01e-02 1.02e-01 -11.0 5.03e-02    -  1.00e+00 3.12e-02h  6
2513  1.1020351e-03 9.83e-02 3.98e-02 -11.0 4.36e-02    -  1.00e+00 5.00e-01h  2
2514  1.0991309e-03 1.06e-01 6.53e-02 -11.0 1.12e+00    -  1.00e+00 7.81e-03h  8
2515  1.0960297e-03 1.06e-01 1.19e-01 -11.0 6.68e-01    -  1.00e+00 7.81e-03h  8
2516  1.5110869e-03 1.53e-01 3.35e-01 -11.0 3.81e-02    -  1.00e+00 1.00e+00w  1
2517  4.4841023e-03 1.00e+00 1.53e+00 -11.0 1.23e-01    -  1.00e+00 1.00e+00w  1
2518  1.2245628e-02 3.78e+00 1.26e+00 -11.0 1.58e-01    -  1.00e+00 1.00e+00w  1
2519  1.0972244e-03 9.54e-02 6.91e-02 -11.0 4.69e-01    -  1.00e+00 1.25e-01h  3
iter    objective    inf_pr   inf_du lg(mu)  ||d||  lg(rg) alpha_du alpha_pr  ls
2520  1.1094409e-03 4.03e-03 7.32e-02 -11.0 4.61e-03    -  1.00e+00 1.00e+00h  1
2521  1.1021950e-03 3.76e-03 6.30e-02 -11.0 6.61e-03    -  1.00e+00 5.00e-01h  2
2522  1.0980430e-03 2.88e-03 5.51e-02 -11.0 1.04e-02    -  1.00e+00 2.50e-01h  3
2523  1.0952840e-03 9.28e-03 2.15e-02 -11.0 1.32e-02    -  1.00e+00 5.00e-01h  2
2524  1.0940379e-03 9.78e-03 1.89e-02 -11.0 7.20e-02    -  1.00e+00 3.12e-02h  6
2525  1.0931793e-03 1.00e-02 2.56e-02 -11.0 4.97e-02    -  1.00e+00 6.25e-02h  5
2526  1.0926988e-03 9.99e-03 3.72e-02 -11.0 8.19e-02    -  1.00e+00 3.12e-02h  6
2527  1.0954377e-03 9.08e-03 8.18e-02 -11.0 2.32e-02    -  1.00e+00 2.50e-01h  3
2528  1.0939547e-03 9.07e-03 1.02e-01 -11.0 3.40e-02    -  1.00e+00 6.25e-02h  5
2529  1.0915157e-03 1.48e-02 1.31e-01 -11.0 2.25e-01    -  1.00e+00 3.12e-02h  6
iter    objective    inf_pr   inf_du lg(mu)  ||d||  lg(rg) alpha_du alpha_pr  ls
2530  1.0910529e-03 4.16e-02 1.62e-01 -11.0 8.94e-01    -  1.00e+00 1.56e-02h  7
2531  6.4818733e-02 1.55e+02 1.76e+01 -11.0 8.57e-01    -  1.00e+00 1.00e+00w  1
2532  1.2960576e+04 3.90e+06 2.31e+06 -11.0 3.88e+01    -  1.00e+00 1.00e+00w  1
2533  3.6112266e+07 8.16e+06 6.73e+03 -11.0 2.66e+03  -1.9 1.00e+00 1.00e+00w  1
2534  1.0902014e-03 4.39e-02 1.72e-01 -11.0 2.53e+09    -  1.00e+00 3.91e-03h  8
2535  1.0903938e-03 3.03e-04 1.64e-02 -11.0 5.49e-04    -  1.00e+00 1.00e+00h  1
2536  1.0892909e-03 1.40e-04 2.36e-02 -11.0 3.11e-04    -  1.00e+00 1.00e+00h  1
2537  1.0882044e-03 4.44e-05 5.04e-03 -11.0 2.31e-04    -  1.00e+00 1.00e+00h  1
2538  1.0879767e-03 1.10e-05 5.33e-03 -11.0 1.24e-04    -  1.00e+00 1.00e+00h  1
2539  1.0875731e-03 2.21e-05 1.29e-02 -11.0 3.85e-04    -  1.00e+00 1.00e+00h  1
iter    objective    inf_pr   inf_du lg(mu)  ||d||  lg(rg) alpha_du alpha_pr  ls
2540  1.0896559e-03 1.81e-06 9.99e-02 -11.0 1.67e-03    -  1.00e+00 1.00e+00H  1
2541  1.0866067e-03 1.61e-04 7.07e-02 -11.0 6.86e-04    -  1.00e+00 1.00e+00h  1
2542  1.0863888e-03 8.75e-05 1.38e-02 -11.0 5.87e-04    -  1.00e+00 1.00e+00h  1
2543  1.0860187e-03 5.01e-05 1.38e-02 -11.0 2.38e-04    -  1.00e+00 1.00e+00h  1
2544  1.0858881e-03 1.67e-05 4.00e-03 -11.0 2.79e-04    -  1.00e+00 1.00e+00h  1
2545  1.0859467e-03 1.97e-06 2.62e-02 -11.0 1.20e-03    -  1.00e+00 1.00e+00H  1
2546  1.0886467e-03 1.96e-06 6.99e-02 -11.0 3.83e-03    -  1.00e+00 1.00e+00H  1
2547  1.0885333e-03 2.96e-06 6.95e-02 -11.0 5.60e-03    -  1.00e+00 7.81e-03h  8
2548  1.0858225e-03 9.05e-06 5.16e-02 -11.0 2.28e-03    -  1.00e+00 1.00e+00H  1
2549  1.1041236e-03 3.03e-07 1.73e-01 -11.0 1.90e-03    -  1.00e+00 1.00e+00H  1
iter    objective    inf_pr   inf_du lg(mu)  ||d||  lg(rg) alpha_du alpha_pr  ls
2550  1.0842523e-03 5.62e-04 9.82e-03 -11.0 2.24e-03    -  1.00e+00 1.00e+00h  1
2551  1.0849964e-03 1.52e-05 1.35e-02 -11.0 2.61e-04    -  1.00e+00 1.00e+00h  1
2552  1.0847222e-03 8.93e-06 1.39e-03 -11.0 1.89e-04    -  1.00e+00 1.00e+00h  1
2553  1.0847142e-03 1.62e-07 6.77e-04 -11.0 2.88e-05    -  1.00e+00 1.00e+00h  1
2554  1.0847342e-03 1.06e-07 1.00e-02 -11.0 7.11e-04    -  1.00e+00 1.00e+00H  1
2555  1.0881888e-03 3.66e-08 6.04e-02 -11.0 3.78e-03    -  1.00e+00 1.00e+00H  1
2556  1.0887362e-03 2.01e-08 9.99e-04 -11.0 1.40e-03    -  1.00e+00 1.00e+00H  1
2557  1.0865307e-03 3.59e-08 2.56e-02 -11.0 3.22e-03    -  1.00e+00 1.00e+00H  1
2558  1.0865070e-03 2.70e-08 2.52e-02 -11.0 4.22e-03    -  1.00e+00 1.95e-03h 10
2559  1.0858115e-03 4.38e-09 5.62e-04 -11.0 1.12e-03    -  1.00e+00 1.00e+00H  1
iter    objective    inf_pr   inf_du lg(mu)  ||d||  lg(rg) alpha_du alpha_pr  ls
2560  1.0860019e-03 9.07e-10 7.46e-04 -11.0 6.95e-04    -  1.00e+00 1.00e+00H  1
2561  1.0843239e-03 1.45e-04 3.85e-03 -11.0 4.08e-04    -  1.00e+00 1.00e+00h  1
2562  1.0843471e-03 5.05e-06 1.01e-03 -11.0 3.41e-05    -  1.00e+00 1.00e+00h  1
2563  1.0843359e-03 9.43e-07 5.19e-04 -11.0 3.41e-05    -  1.00e+00 1.00e+00h  1
2564  1.0843514e-03 4.85e-08 8.62e-03 -11.0 3.43e-04    -  1.00e+00 1.00e+00H  1
2565  1.0847015e-03 3.73e-09 4.54e-04 -11.0 2.32e-03    -  1.00e+00 1.00e+00H  1
2566  1.0846988e-03 1.30e-08 4.54e-04 -11.0 1.25e-02    -  1.00e+00 4.88e-04h 12
2567  1.0867786e-03 8.18e-10 4.73e-04 -11.0 1.19e-03    -  1.00e+00 1.00e+00H  1
2568  1.0842920e-03 5.28e-06 5.37e-03 -11.0 1.33e-03    -  1.00e+00 1.00e+00H  1
2569  1.0840179e-03 3.95e-05 3.79e-03 -11.0 1.80e-03    -  1.00e+00 1.25e-01h  4
iter    objective    inf_pr   inf_du lg(mu)  ||d||  lg(rg) alpha_du alpha_pr  ls
2570  1.0838605e-03 2.13e-04 8.68e-03 -11.0 8.94e-04    -  1.00e+00 1.00e+00h  1
2571  1.0838234e-03 2.49e-04 2.73e-03 -11.0 1.20e-02    -  1.00e+00 3.12e-02h  6
2572  1.0838045e-03 2.52e-04 3.06e-03 -11.0 5.32e-03    -  1.00e+00 6.25e-02h  5
2573  1.0837289e-03 3.83e-04 1.55e-02 -11.0 4.18e-03    -  1.00e+00 2.50e-01h  3
2574  1.0836666e-03 4.32e-04 2.55e-02 -11.0 2.80e-02    -  1.00e+00 3.12e-02h  6
2575  1.0835175e-03 1.43e-03 3.88e-02 -11.0 4.10e-02    -  1.00e+00 6.25e-02h  5
2576  1.0834767e-03 1.53e-03 4.72e-02 -11.0 6.59e-02    -  1.00e+00 1.56e-02h  7
2577  1.0833519e-03 2.34e-03 5.71e-02 -11.0 4.01e-02    -  1.00e+00 6.25e-02h  5
2578  1.0830864e-03 3.48e-03 6.43e-02 -11.0 1.98e-01    -  1.00e+00 1.56e-02h  7
2579  1.0830076e-03 5.56e-03 1.01e-01 -11.0 2.62e-01    -  1.00e+00 1.56e-02h  7
iter    objective    inf_pr   inf_du lg(mu)  ||d||  lg(rg) alpha_du alpha_pr  ls
2580  1.0827997e-03 6.17e-03 1.26e-01 -11.0 3.15e-01    -  1.00e+00 7.81e-03h  8
2581  5.2603207e-03 3.35e+00 1.36e+00 -11.0 1.89e-01    -  1.00e+00 1.00e+00w  1
2582  8.1870716e-03 6.37e-01 1.46e+00 -11.0 5.04e-02    -  1.00e+00 1.00e+00w  1
2583  3.7433513e-03 1.60e+00 1.21e+00 -11.0 7.15e-02    -  1.00e+00 1.00e+00w  1
2584  1.0827830e-03 6.36e-03 1.37e-01 -11.0 3.61e-01    -  1.00e+00 7.81e-03h  7
2585  1.0827566e-03 6.50e-03 1.26e-01 -11.0 6.32e-01    -  1.00e+00 1.95e-03h 10
2586  1.0826287e-03 6.43e-03 1.16e-01 -11.0 3.55e-02    -  1.00e+00 1.56e-02h  7
2587  1.0827538e-03 5.63e-03 1.17e-01 -11.0 3.40e-03    -  1.00e+00 1.25e-01h  4
2588  1.0825724e-03 1.91e-05 4.25e-03 -11.0 2.12e-04    -  1.00e+00 1.00e+00h  1
2589  1.0824915e-03 8.93e-06 5.91e-03 -11.0 2.61e-04    -  1.00e+00 1.00e+00h  1
iter    objective    inf_pr   inf_du lg(mu)  ||d||  lg(rg) alpha_du alpha_pr  ls
2590  1.0826055e-03 2.82e-08 3.07e-04 -11.0 3.07e-04    -  1.00e+00 1.00e+00H  1
2591  1.0823751e-03 2.28e-05 1.05e-02 -11.0 5.28e-04    -  1.00e+00 1.00e+00h  1
2592  1.0823333e-03 5.20e-05 1.28e-02 -11.0 5.13e-03    -  1.00e+00 1.25e-01h  4
2593  1.0823229e-03 4.99e-05 1.38e-02 -11.0 2.09e-03    -  1.00e+00 1.25e-01h  4
2594  1.0821361e-03 7.90e-04 4.77e-02 -11.0 1.56e-03    -  1.00e+00 1.00e+00h  1
2595  1.0820707e-03 8.56e-04 5.83e-02 -11.0 1.64e-02    -  1.00e+00 3.12e-02h  6
2596  1.0821019e-03 7.73e-04 6.03e-02 -11.0 3.00e-03    -  1.00e+00 1.25e-01h  4
2597  1.0821363e-03 4.51e-05 4.88e-03 -11.0 5.41e-04    -  1.00e+00 1.00e+00h  1
2598  1.0820901e-03 5.15e-05 7.05e-03 -11.0 2.69e-04    -  1.00e+00 1.00e+00h  1
2599  1.0819078e-03 8.54e-05 1.05e-02 -11.0 4.04e-04    -  1.00e+00 1.00e+00h  1
iter    objective    inf_pr   inf_du lg(mu)  ||d||  lg(rg) alpha_du alpha_pr  ls
2600  1.0821836e-03 3.56e-05 9.45e-03 -11.0 2.81e-04    -  1.00e+00 1.00e+00h  1
2601  1.0818417e-03 3.32e-05 1.42e-03 -11.0 2.22e-04    -  1.00e+00 1.00e+00h  1
2602  1.0818394e-03 1.25e-05 2.90e-03 -11.0 8.96e-05    -  1.00e+00 1.00e+00h  1
2603  1.0818112e-03 3.29e-06 5.96e-04 -11.0 6.50e-05    -  1.00e+00 1.00e+00h  1
2604  1.0818094e-03 2.53e-06 2.55e-03 -11.0 1.08e-04    -  1.00e+00 1.00e+00h  1
2605  1.0817489e-03 1.22e-05 2.33e-03 -11.0 1.66e-04    -  1.00e+00 1.00e+00h  1
2606  1.0817452e-03 7.86e-05 3.91e-03 -11.0 2.83e-03    -  1.00e+00 1.25e-01h  4
2607  1.0818679e-03 5.52e-07 1.12e-02 -11.0 6.44e-04    -  1.00e+00 1.00e+00H  1
2608  1.0826695e-03 3.65e-10 5.94e-04 -11.0 1.38e-03    -  1.00e+00 1.00e+00H  1
2609  1.0826562e-03 9.69e-09 5.89e-04 -11.0 8.01e-04    -  1.00e+00 3.91e-03h  9
iter    objective    inf_pr   inf_du lg(mu)  ||d||  lg(rg) alpha_du alpha_pr  ls
2610  1.0815281e-03 4.58e-04 1.77e-02 -11.0 8.63e-04    -  1.00e+00 1.00e+00h  1
2611  1.0816517e-03 2.54e-04 1.08e-02 -11.0 6.74e-04    -  1.00e+00 5.00e-01h  2
2612  1.0814608e-03 2.50e-05 3.15e-03 -11.0 3.37e-04    -  1.00e+00 1.00e+00h  1
2613  1.0817925e-03 7.67e-05 9.27e-03 -11.0 2.85e-04    -  1.00e+00 1.00e+00h  1
2614  1.0813769e-03 6.72e-05 1.26e-03 -11.0 2.32e-04    -  1.00e+00 1.00e+00h  1
2615  1.0813759e-03 1.17e-07 4.75e-04 -11.0 4.07e-05    -  1.00e+00 1.00e+00h  1
2616  1.0812216e-03 1.68e-04 2.20e-02 -11.0 7.43e-03    -  1.00e+00 2.50e-01h  3
2617  1.0811154e-03 2.08e-04 3.37e-02 -11.0 1.26e-01    -  1.00e+00 7.81e-03h  8
2618  1.0811004e-03 2.04e-04 2.57e-02 -11.0 1.79e-02    -  1.00e+00 6.25e-02h  5
2619  1.0810378e-03 2.14e-04 3.07e-02 -11.0 3.52e-02    -  1.00e+00 1.56e-02h  7
iter    objective    inf_pr   inf_du lg(mu)  ||d||  lg(rg) alpha_du alpha_pr  ls
2620  1.0811076e-03 2.01e-04 4.00e-02 -11.0 5.31e-03    -  1.00e+00 1.25e-01h  4
2621  1.0808804e-03 1.10e-03 7.31e-02 -11.0 4.02e-02    -  1.00e+00 1.25e-01h  4
2622  1.0808414e-03 1.10e-03 8.04e-02 -11.0 5.46e-02    -  1.00e+00 7.81e-03h  8
2623  1.0808047e-03 1.03e-03 6.46e-02 -11.0 7.96e-03    -  1.00e+00 1.25e-01h  4
2624  1.0807548e-03 9.71e-04 5.31e-02 -11.0 8.95e-03    -  1.00e+00 6.25e-02h  5
2625  1.0810144e-03 5.60e-04 4.35e-02 -11.0 1.82e-03    -  1.00e+00 5.00e-01h  2
2626  1.0823967e-03 1.59e-04 2.92e-02 -11.0 1.07e-03    -  1.00e+00 1.00e+00w  1
2627  1.0810627e-03 6.15e-04 1.30e-02 -11.0 2.10e-03    -  1.00e+00 1.00e+00w  1
2628  1.1282287e-03 5.22e-03 1.82e-01 -11.0 4.47e-03    -  1.00e+00 1.00e+00w  1
2629  1.0808473e-03 2.79e-04 3.63e-02 -11.0 3.58e-03    -  1.00e+00 5.00e-01h  1
iter    objective    inf_pr   inf_du lg(mu)  ||d||  lg(rg) alpha_du alpha_pr  ls
2630  1.0803785e-03 2.05e-04 6.06e-03 -11.0 1.05e-03    -  1.00e+00 1.00e+00h  1
2631  1.0810765e-03 1.83e-04 1.47e-02 -11.0 1.22e-03    -  1.00e+00 2.50e-01h  3
2632  1.0803371e-03 2.68e-05 3.27e-04 -11.0 2.72e-04    -  1.00e+00 1.00e+00h  1
2633  1.0803394e-03 1.41e-07 2.40e-04 -11.0 2.33e-05    -  1.00e+00 1.00e+00h  1
2634  1.0803281e-03 1.20e-05 4.29e-03 -11.0 2.51e-03    -  1.00e+00 1.25e-01h  4
2635  1.0806634e-03 1.47e-07 3.64e-02 -11.0 2.94e-03    -  1.00e+00 1.00e+00H  1
2636  1.0806614e-03 1.64e-07 3.64e-02 -11.0 4.24e-02    -  1.00e+00 2.44e-04h 13
2637  1.0806595e-03 1.69e-07 3.65e-02 -11.0 3.27e-02    -  1.00e+00 2.44e-04h 13
2638  1.0806584e-03 1.70e-07 3.65e-02 -11.0 6.93e-02    -  1.00e+00 6.10e-05h 15
2639  1.0806575e-03 1.71e-07 3.65e-02 -11.0 1.12e-01    -  1.00e+00 3.05e-05h 16
iter    objective    inf_pr   inf_du lg(mu)  ||d||  lg(rg) alpha_du alpha_pr  ls
2640  1.0803711e-03 3.20e-03 4.80e-02 -11.0 1.44e-01    -  1.00e+00 3.12e-02h  6
2641  1.0801681e-03 5.32e-03 7.22e-02 -11.0 5.65e-01    -  1.00e+00 7.81e-03h  8
2642  1.0800550e-03 5.51e-03 5.98e-02 -11.0 3.01e-01    -  1.00e+00 3.91e-03h  9
2643  1.0800196e-03 5.49e-03 4.49e-02 -11.0 1.75e-02    -  1.00e+00 1.56e-02h  7
2644  1.0795610e-03 5.08e-04 1.74e-02 -11.0 3.21e-03    -  1.00e+00 1.00e+00h  1
2645  1.0797258e-03 5.42e-04 2.67e-02 -11.0 1.18e-02    -  1.00e+00 3.12e-02h  6
2646  1.0793191e-03 2.69e-04 6.90e-03 -11.0 1.99e-03    -  1.00e+00 1.00e+00h  1
2647  1.0793661e-03 2.67e-04 4.87e-03 -11.0 8.33e-03    -  1.00e+00 3.12e-02h  6
2648  1.0791904e-03 2.26e-06 2.53e-03 -11.0 2.82e-04    -  1.00e+00 1.00e+00h  1
2649  1.0790319e-03 2.89e-04 5.70e-03 -11.0 1.21e-03    -  1.00e+00 1.00e+00h  1
iter    objective    inf_pr   inf_du lg(mu)  ||d||  lg(rg) alpha_du alpha_pr  ls
2650  1.0785190e-03 8.66e-03 1.44e-02 -11.0 4.08e-01    -  1.00e+00 1.56e-02h  7
2651  1.0778562e-03 2.24e-02 2.02e-02 -11.0 2.09e+00    -  1.00e+00 3.91e-03h  9
2652  1.0776052e-03 2.66e-02 4.77e-02 -11.0 2.42e+00    -  1.00e+00 1.95e-03h 10
2653  1.0775765e-03 2.72e-02 4.65e-02 -11.0 2.80e-01    -  1.00e+00 7.81e-03h  8
2654  1.0775044e-03 2.74e-02 3.84e-02 -11.0 8.88e-02    -  1.00e+00 3.12e-02h  6
2655  1.0774323e-03 2.95e-02 3.76e-02 -11.0 4.58e-01    -  1.00e+00 7.81e-03h  8
2656  1.0772704e-03 4.27e-02 3.82e-02 -11.0 1.14e+00    -  1.00e+00 7.81e-03h  8
2657  1.0772253e-03 5.09e-02 4.41e-02 -11.0 9.13e-01    -  1.00e+00 7.81e-03h  8
2658  1.0765994e-03 5.80e-02 5.00e-02 -11.0 6.98e+00    -  1.00e+00 9.77e-04h 11
2659  1.0764884e-03 5.87e-02 4.66e-02 -11.0 3.02e-01    -  1.00e+00 7.81e-03h  8
iter    objective    inf_pr   inf_du lg(mu)  ||d||  lg(rg) alpha_du alpha_pr  ls
2660  4.3357338e-03 6.66e+00 6.89e-01 -11.0 2.23e-01    -  1.00e+00 1.00e+00w  1
2661  1.1323219e+01 1.70e+03 3.27e+01 -11.0 1.42e+00    -  1.00e+00 1.00e+00w  1
2662  2.5584658e+00 4.20e+02 3.45e+01 -11.0 1.26e+00    -  1.00e+00 1.00e+00w  1
2663  1.0758359e-03 5.98e-02 4.54e-02 -11.0 1.23e+00    -  1.00e+00 1.56e-02h  6
2664  1.0758393e-03 2.99e-02 2.18e-02 -11.0 8.68e-04    -  1.00e+00 5.00e-01h  2
2665  1.0767504e-03 4.63e-04 2.84e-02 -11.0 4.35e-04    -  1.00e+00 1.00e+00h  1
2666  1.0948657e-03 5.00e-07 1.47e-01 -11.0 2.09e-03    -  1.00e+00 1.00e+00H  1
2667  1.0740950e-03 3.44e-03 2.04e-02 -11.0 1.39e-03    -  1.00e+00 1.00e+00h  1
2668  1.0741907e-03 4.57e-05 1.68e-02 -11.0 2.61e-04    -  1.00e+00 1.00e+00h  1
2669  1.0739115e-03 2.87e-06 2.13e-03 -11.0 1.17e-04    -  1.00e+00 1.00e+00h  1
iter    objective    inf_pr   inf_du lg(mu)  ||d||  lg(rg) alpha_du alpha_pr  ls
2670  1.0737219e-03 1.13e-05 2.17e-03 -11.0 2.03e-04    -  1.00e+00 1.00e+00h  1
2671  1.0751256e-03 3.70e-06 4.08e-02 -11.0 1.80e-03    -  1.00e+00 1.00e+00H  1
2672  1.0769864e-03 2.81e-06 2.70e-02 -11.0 3.35e-03    -  1.00e+00 1.00e+00H  1
2673  1.1043736e-03 7.96e-08 3.85e-03 -11.0 2.61e-03    -  1.00e+00 1.00e+00H  1
2674  1.0712752e-03 4.21e-03 6.81e-03 -11.0 3.01e-03    -  1.00e+00 1.00e+00h  1
2675  1.0717910e-03 2.29e-05 1.06e-02 -11.0 2.64e-04    -  1.00e+00 1.00e+00h  1
2676  1.0717048e-03 2.86e-05 1.35e-02 -11.0 4.24e-04    -  1.00e+00 1.00e+00h  1
2677  1.0723265e-03 5.68e-07 1.67e-02 -11.0 6.43e-04    -  1.00e+00 1.00e+00H  1
2678  1.0716218e-03 1.26e-04 9.32e-03 -11.0 4.13e-04    -  1.00e+00 1.00e+00h  1
2679  1.0714342e-03 1.11e-05 2.42e-03 -11.0 1.35e-04    -  1.00e+00 1.00e+00h  1
iter    objective    inf_pr   inf_du lg(mu)  ||d||  lg(rg) alpha_du alpha_pr  ls
2680  1.0714000e-03 5.18e-06 2.14e-03 -11.0 8.92e-05    -  1.00e+00 1.00e+00h  1
2681  1.0712448e-03 1.46e-04 9.24e-03 -11.0 1.04e-03    -  1.00e+00 1.00e+00h  1
2682  1.0711423e-03 3.37e-04 1.15e-02 -11.0 2.06e-02    -  1.00e+00 6.25e-02h  5
2683  1.0710529e-03 3.64e-04 1.19e-02 -11.0 6.86e-03    -  1.00e+00 6.25e-02h  5
2684  1.0716170e-03 1.06e-06 1.93e-02 -11.0 2.46e-03    -  1.00e+00 1.00e+00H  1
2685  1.0713628e-03 2.05e-05 2.39e-02 -11.0 3.48e-03    -  1.00e+00 6.25e-02h  5
2686  1.0728201e-03 1.85e-08 6.45e-04 -11.0 1.26e-03    -  1.00e+00 1.00e+00H  1
2687  1.0714729e-03 5.52e-06 7.10e-03 -11.0 1.71e-03    -  1.00e+00 1.00e+00H  1
2688  1.0709655e-03 7.52e-05 1.04e-02 -11.0 2.37e-03    -  1.00e+00 2.50e-01h  3
2689  1.0705313e-03 5.22e-04 9.13e-03 -11.0 1.04e-03    -  1.00e+00 1.00e+00h  1
iter    objective    inf_pr   inf_du lg(mu)  ||d||  lg(rg) alpha_du alpha_pr  ls
2690  1.0709353e-03 2.89e-04 1.35e-02 -11.0 1.05e-03    -  1.00e+00 5.00e-01h  2
2691  1.0701660e-03 1.19e-04 4.15e-03 -11.0 4.22e-04    -  1.00e+00 1.00e+00h  1
2692  1.0701432e-03 5.79e-05 3.97e-03 -11.0 3.59e-04    -  1.00e+00 1.00e+00h  1
2693  1.0701888e-03 1.91e-05 4.01e-03 -11.0 2.06e-04    -  1.00e+00 1.00e+00h  1
2694  1.0700560e-03 9.54e-06 1.69e-03 -11.0 1.38e-04    -  1.00e+00 1.00e+00h  1
2695  1.0700465e-03 1.54e-07 1.71e-03 -11.0 3.37e-05    -  1.00e+00 1.00e+00h  1
2696  1.0700063e-03 3.52e-06 1.07e-03 -11.0 2.15e-04    -  1.00e+00 1.00e+00h  1
2697  1.0699900e-03 8.45e-05 6.55e-03 -11.0 7.65e-03    -  1.00e+00 1.25e-01h  4
2698  1.0699099e-03 1.72e-04 1.31e-02 -11.0 8.49e-03    -  1.00e+00 1.25e-01h  4
2699  1.0698509e-03 1.94e-04 1.84e-02 -11.0 1.85e-02    -  1.00e+00 3.12e-02h  6
iter    objective    inf_pr   inf_du lg(mu)  ||d||  lg(rg) alpha_du alpha_pr  ls
2700  1.0697956e-03 1.73e-04 1.95e-02 -11.0 3.77e-03    -  1.00e+00 1.25e-01h  4
2701  1.0696326e-03 2.59e-04 2.62e-02 -11.0 1.71e-02    -  1.00e+00 6.25e-02h  5
2702  1.0694710e-03 3.75e-04 2.70e-02 -11.0 7.58e-02    -  1.00e+00 1.56e-02h  7
2703  1.0694852e-03 3.25e-04 2.35e-02 -11.0 3.06e-03    -  1.00e+00 1.25e-01h  4
2704  1.0694965e-03 1.71e-04 6.90e-03 -11.0 8.16e-04    -  1.00e+00 1.00e+00h  1
2705  1.0710227e-03 5.00e-07 2.03e-02 -11.0 1.24e-03    -  1.00e+00 1.00e+00H  1
2706  1.0693095e-03 9.38e-04 8.88e-03 -11.0 2.39e-03    -  1.00e+00 1.00e+00h  1
2707  1.0692263e-03 8.86e-04 7.89e-03 -11.0 4.14e-03    -  1.00e+00 6.25e-02h  5
2708  1.0692991e-03 1.83e-04 6.27e-03 -11.0 1.10e-03    -  1.00e+00 1.00e+00h  1
2709  1.0692628e-03 3.79e-04 1.22e-02 -11.0 4.91e-03    -  1.00e+00 2.50e-01h  3
iter    objective    inf_pr   inf_du lg(mu)  ||d||  lg(rg) alpha_du alpha_pr  ls
2710  1.0692334e-03 3.57e-04 1.24e-02 -11.0 3.10e-03    -  1.00e+00 6.25e-02h  5
2711  1.0691224e-03 2.05e-04 2.16e-03 -11.0 1.21e-03    -  1.00e+00 1.00e+00h  1
2712  1.0691168e-03 3.43e-04 7.73e-03 -11.0 1.64e-02    -  1.00e+00 6.25e-02h  5
2713  1.0691089e-03 3.22e-04 9.64e-03 -11.0 1.59e-03    -  1.00e+00 6.25e-02h  5
2714  1.0690351e-03 2.54e-04 3.46e-03 -11.0 1.26e-03    -  1.00e+00 1.00e+00h  1
2715  1.0690530e-03 2.47e-04 3.32e-03 -11.0 4.81e-03    -  1.00e+00 3.12e-02h  6
2716  1.0690007e-03 6.87e-06 3.82e-03 -11.0 2.62e-04    -  1.00e+00 1.00e+00h  1
2717  1.0693636e-03 1.24e-07 1.91e-02 -11.0 3.85e-04    -  1.00e+00 1.00e+00H  1
2718  1.0689707e-03 3.98e-05 7.32e-04 -11.0 2.72e-04    -  1.00e+00 1.00e+00h  1
2719  1.0689570e-03 1.90e-05 2.89e-03 -11.0 1.45e-04    -  1.00e+00 1.00e+00h  1
iter    objective    inf_pr   inf_du lg(mu)  ||d||  lg(rg) alpha_du alpha_pr  ls
2720  1.0689116e-03 5.72e-06 1.69e-03 -11.0 9.76e-05    -  1.00e+00 1.00e+00h  1
2721  1.0690375e-03 1.06e-07 3.75e-03 -11.0 4.58e-04    -  1.00e+00 1.00e+00H  1
2722  1.0688375e-03 4.60e-05 4.97e-03 -11.0 8.09e-04    -  1.00e+00 1.00e+00h  1
2723  1.0688295e-03 1.09e-04 5.93e-03 -11.0 1.01e-02    -  1.00e+00 6.25e-02h  5
2724  1.0695096e-03 5.91e-08 2.01e-02 -11.0 1.13e-03    -  1.00e+00 1.00e+00H  1
2725  1.0694851e-03 8.61e-08 2.03e-02 -11.0 2.59e-03    -  1.00e+00 7.81e-03h  8
2726  1.0717097e-03 6.17e-09 5.83e-04 -11.0 2.62e-03    -  1.00e+00 1.00e+00H  1
2727  1.0716687e-03 5.67e-08 5.73e-04 -11.0 2.30e-03    -  1.00e+00 3.91e-03h  9
2728  1.0684805e-03 1.99e-03 2.12e-02 -11.0 1.48e-03    -  1.00e+00 1.00e+00h  1
2729  1.0680996e-03 1.24e-03 2.56e-02 -11.0 8.01e-04    -  1.00e+00 5.00e-01h  2
iter    objective    inf_pr   inf_du lg(mu)  ||d||  lg(rg) alpha_du alpha_pr  ls
2730  1.0682705e-03 2.63e-04 1.39e-02 -11.0 5.62e-04    -  1.00e+00 1.00e+00h  1
2731  1.0681349e-03 2.85e-05 1.66e-03 -11.0 1.95e-04    -  1.00e+00 1.00e+00h  1
2732  1.0680989e-03 1.59e-05 2.77e-03 -11.0 1.09e-04    -  1.00e+00 1.00e+00h  1
2733  1.0680738e-03 1.09e-06 1.34e-03 -11.0 9.73e-05    -  1.00e+00 1.00e+00h  1
2734  1.0689343e-03 1.45e-07 8.37e-03 -11.0 1.21e-03    -  1.00e+00 1.00e+00H  1
2735  1.0681286e-03 1.37e-06 5.74e-03 -11.0 3.56e-04    -  1.00e+00 1.00e+00H  1
2736  1.0679140e-03 7.81e-05 4.25e-03 -11.0 3.47e-04    -  1.00e+00 1.00e+00h  1
2737  1.0677934e-03 9.54e-06 1.98e-03 -11.0 3.10e-04    -  1.00e+00 1.00e+00h  1
2738  1.0688810e-03 3.71e-07 1.45e-02 -11.0 2.03e-03    -  1.00e+00 1.00e+00H  1
2739  1.0688494e-03 2.74e-07 1.46e-02 -11.0 8.08e-03    -  1.00e+00 7.81e-03h  8
iter    objective    inf_pr   inf_du lg(mu)  ||d||  lg(rg) alpha_du alpha_pr  ls
2740  1.0688285e-03 3.89e-07 1.47e-02 -11.0 1.50e-01    -  1.00e+00 2.44e-04h 13
2741  1.0687968e-03 4.07e-07 1.45e-02 -11.0 4.92e-02    -  1.00e+00 9.77e-04h 11
2742  1.0687724e-03 4.51e-07 1.43e-02 -11.0 1.03e-02    -  1.00e+00 3.91e-03h  9
2743  1.0681772e-03 4.63e-04 1.45e-02 -11.0 5.21e-02    -  1.00e+00 6.25e-02h  5
2744  1.0678719e-03 1.59e-03 1.85e-02 -11.0 1.09e-01    -  1.00e+00 3.12e-02h  6
2745  1.0673629e-03 3.10e-03 1.27e-02 -11.0 1.20e-01    -  1.00e+00 3.12e-02h  6
2746  1.0673023e-03 3.69e-03 1.68e-02 -11.0 1.60e-01    -  1.00e+00 1.56e-02h  7
2747  1.0671945e-03 5.26e-03 2.69e-02 -11.0 2.93e-01    -  1.00e+00 1.56e-02h  7
2748  1.0671024e-03 9.69e-03 3.55e-02 -11.0 9.39e-01    -  1.00e+00 7.81e-03h  8
2749  1.5043889e-01 1.96e+01 7.88e+00 -11.0 2.71e-01    -  1.00e+00 1.00e+00w  1
iter    objective    inf_pr   inf_du lg(mu)  ||d||  lg(rg) alpha_du alpha_pr  ls
2750  2.0822951e-01 1.12e+02 2.35e+01 -11.0 1.96e-01    -  1.00e+00 1.00e+00w  1
2751  2.2192050e-01 2.92e+01 6.29e+01 -11.0 2.22e-01    -  1.00e+00 1.00e+00w  1
2752  1.0670157e-03 9.71e-03 3.12e-02 -11.0 2.16e-01    -  1.00e+00 1.95e-03h  9
2753  1.0669870e-03 9.65e-03 3.77e-02 -11.0 4.89e-02    -  1.00e+00 1.56e-02h  7
2754  1.0666076e-03 9.14e-03 2.81e-02 -11.0 2.29e-02    -  1.00e+00 1.25e-01h  4
2755  1.0664112e-03 9.12e-03 2.46e-02 -11.0 9.60e-02    -  1.00e+00 7.81e-03h  8
2756  1.0661509e-03 8.82e-03 1.32e-02 -11.0 3.72e-02    -  1.00e+00 6.25e-02h  5
2757  1.0660291e-03 8.63e-03 1.25e-02 -11.0 5.78e-02    -  1.00e+00 3.12e-02h  6
2758  1.0667315e-03 9.38e-03 6.70e-03 -11.0 2.28e-02    -  1.00e+00 1.25e-01h  4
2759  1.0662519e-03 8.39e-03 8.93e-03 -11.0 7.08e-03    -  1.00e+00 1.25e-01h  4
iter    objective    inf_pr   inf_du lg(mu)  ||d||  lg(rg) alpha_du alpha_pr  ls
2760  1.0660874e-03 7.99e-03 2.76e-02 -11.0 1.10e-02    -  1.00e+00 5.00e-01h  2
2761  1.0651835e-03 8.16e-03 2.60e-02 -11.0 9.59e-02    -  1.00e+00 3.12e-02h  6
2762  4.8789059e-03 2.36e+00 1.64e+00 -11.0 2.79e-01    -  1.00e+00 1.00e+00w  1
2763  3.7222972e-02 5.06e+00 6.17e+00 -11.0 1.68e-01    -  1.00e+00 1.00e+00w  1
2764  1.0028371e-01 8.28e+00 6.16e+00 -11.0 1.76e-01    -  1.00e+00 1.00e+00w  1
2765  1.0642820e-03 8.59e-03 2.26e-02 -11.0 1.45e+00    -  1.00e+00 1.56e-02h  6
2766  1.0638831e-03 4.54e-04 2.20e-03 -11.0 8.73e-04    -  1.00e+00 1.00e+00h  1
2767  1.0870065e-03 1.10e-06 3.98e-02 -11.0 2.75e-03    -  1.00e+00 1.00e+00H  1
2768  1.0625032e-03 6.38e-03 6.32e-03 -11.0 3.47e-03    -  1.00e+00 1.00e+00h  1
2769  1.0811034e-03 1.28e-07 5.77e-02 -11.0 3.24e-03    -  1.00e+00 1.00e+00H  1
iter    objective    inf_pr   inf_du lg(mu)  ||d||  lg(rg) alpha_du alpha_pr  ls
2770  1.0643273e-03 1.98e-05 1.28e-02 -11.0 3.35e-03    -  1.00e+00 1.00e+00H  1
2771  1.1346875e-03 1.30e-07 9.68e-02 -11.0 4.04e-03    -  1.00e+00 1.00e+00H  1
2772  1.0637023e-03 5.35e-05 1.77e-02 -11.0 3.15e-03    -  1.00e+00 1.00e+00H  1
2773  1.0653789e-03 4.82e-06 4.08e-02 -11.0 1.15e-03    -  1.00e+00 1.00e+00H  1
2774  1.0631505e-03 1.28e-04 4.48e-03 -11.0 8.18e-04    -  1.00e+00 1.00e+00h  1
2775  1.0631371e-03 2.17e-06 5.83e-04 -11.0 4.62e-05    -  1.00e+00 1.00e+00h  1
2776  1.0631593e-03 2.09e-08 4.22e-03 -11.0 7.31e-04    -  1.00e+00 1.00e+00H  1
2777  1.0684698e-03 1.42e-08 1.34e-03 -11.0 9.83e-03    -  1.00e+00 1.00e+00H  1
2778  1.0684645e-03 2.54e-08 1.34e-03 -11.0 1.23e-01    -  1.00e+00 1.22e-04h 14
2779  1.0684621e-03 2.82e-08 1.34e-03 -11.0 5.55e-02    -  1.00e+00 6.10e-05h 15
iter    objective    inf_pr   inf_du lg(mu)  ||d||  lg(rg) alpha_du alpha_pr  ls
2780  1.0684583e-03 3.20e-08 1.34e-03 -11.0 5.08e-02    -  1.00e+00 6.10e-05h 15
2781  1.0684553e-03 3.37e-08 1.34e-03 -11.0 4.40e-02    -  1.00e+00 6.10e-05h 15
2782  1.0684541e-03 3.40e-08 1.34e-03 -11.0 1.90e-01    -  1.00e+00 7.63e-06h 18
2783  1.0675215e-03 1.04e-03 1.67e-02 -11.0 7.11e-01    -  1.00e+00 3.91e-03h  9
2784  1.0667627e-03 2.70e-02 6.84e-02 -11.0 2.03e-01    -  1.00e+00 6.25e-02h  5
2785  1.0657849e-03 6.72e-02 9.29e-02 -11.0 4.04e+00    -  1.00e+00 3.91e-03h  9
2786  1.0652534e-03 6.72e-02 9.37e-02 -11.0 3.37e-01    -  1.00e+00 1.95e-03h 10
2787  1.0637955e-03 4.33e-03 4.09e-02 -11.0 6.20e-03    -  1.00e+00 1.00e+00h  1
2788  1.0620152e-03 5.41e-03 3.07e-02 -11.0 1.07e-01    -  1.00e+00 3.12e-02h  6
2789  1.0637796e-03 5.26e-03 3.32e-02 -11.0 1.26e-02    -  1.00e+00 1.25e-01h  4
iter    objective    inf_pr   inf_du lg(mu)  ||d||  lg(rg) alpha_du alpha_pr  ls
2790  1.0617026e-03 1.33e-02 2.56e-02 -11.0 1.75e-02    -  1.00e+00 5.00e-01h  2
2791  1.0615301e-03 1.44e-02 5.95e-02 -11.0 2.23e-01    -  1.00e+00 1.56e-02h  7
2792  1.0607687e-03 1.38e-02 5.86e-02 -11.0 1.72e-02    -  1.00e+00 1.25e-01h  4
2793  1.0596828e-03 1.24e-02 4.69e-02 -11.0 1.16e-02    -  1.00e+00 2.50e-01h  3
2794  1.0590238e-03 1.50e-02 4.03e-02 -11.0 6.49e-02    -  1.00e+00 6.25e-02h  5
2795  1.0583182e-03 1.47e-02 2.86e-02 -11.0 3.76e-02    -  1.00e+00 3.12e-02h  6
2796  1.0584079e-03 1.25e-02 2.06e-02 -11.0 1.85e-02    -  1.00e+00 2.50e-01h  3
2797  1.0575125e-03 1.33e-02 2.04e-02 -11.0 9.16e-02    -  1.00e+00 3.12e-02h  6
2798  1.6369296e-03 4.19e+00 5.79e-01 -11.0 1.84e-01    -  1.00e+00 1.00e+00w  1
2799  1.6807094e-02 3.27e+00 1.92e+00 -11.0 7.72e-02    -  1.00e+00 1.00e+00w  1
iter    objective    inf_pr   inf_du lg(mu)  ||d||  lg(rg) alpha_du alpha_pr  ls
2800  6.9426008e-03 4.93e+00 2.05e+01 -11.0 1.33e-01    -  1.00e+00 1.00e+00w  1
2801  1.0560658e-03 2.91e-02 4.01e-02 -11.0 6.86e-01    -  1.00e+00 6.25e-02h  4
2802  1.0554743e-03 2.92e-02 4.98e-02 -11.0 5.89e-02    -  1.00e+00 6.25e-02h  5
2803  1.0555750e-03 2.86e-02 4.83e-02 -11.0 1.00e-01    -  1.00e+00 1.56e-02h  7
2804  1.0549791e-03 2.78e-02 5.77e-02 -11.0 3.66e-02    -  1.00e+00 1.25e-01h  4
2805  1.0545991e-03 3.53e-02 6.89e-02 -11.0 8.51e-01    -  1.00e+00 7.81e-03h  8
2806  1.0541041e-03 4.24e-02 9.13e-02 -11.0 4.56e-01    -  1.00e+00 1.56e-02h  7
2807  1.0528467e-03 5.85e-02 1.29e-01 -11.0 1.45e+00    -  1.00e+00 7.81e-03h  8
2808  1.0527152e-03 6.18e-02 1.38e-01 -11.0 2.75e+00    -  1.00e+00 1.95e-03h 10
2809  1.0525911e-03 6.18e-02 1.26e-01 -11.0 1.40e-01    -  1.00e+00 1.56e-02h  7
iter    objective    inf_pr   inf_du lg(mu)  ||d||  lg(rg) alpha_du alpha_pr  ls
2810  1.0523608e-03 6.48e-02 1.04e-01 -11.0 1.65e-01    -  1.00e+00 3.12e-02h  6
2811  6.4463151e-03 1.81e+01 2.12e+00 -11.0 5.26e-01    -  1.00e+00 1.00e+00w  1
2812  8.4969832e+01 1.86e+03 1.73e+01 -11.0 2.52e+00    -  1.00e+00 1.00e+00w  1
2813  2.5855546e+01 5.42e+02 3.61e+01 -11.0 2.17e+00    -  1.00e+00 1.00e+00w  1
2814  1.0519130e-03 6.91e-02 1.28e-01 -11.0 2.52e+00    -  1.00e+00 1.56e-02h  6
2815  1.0522600e-03 5.23e-02 9.40e-02 -11.0 4.81e-03    -  1.00e+00 2.50e-01h  3
2816  1.0675594e-03 1.80e-03 5.52e-02 -11.0 1.48e-03    -  1.00e+00 1.00e+00h  1
2817  1.0538379e-03 3.27e-03 5.66e-02 -11.0 1.66e-03    -  1.00e+00 1.00e+00h  1
2818  1.0497231e-03 2.49e-04 1.11e-02 -11.0 8.15e-04    -  1.00e+00 1.00e+00h  1
2819  1.0496073e-03 4.02e-05 8.01e-03 -11.0 4.09e-04    -  1.00e+00 1.00e+00h  1
iter    objective    inf_pr   inf_du lg(mu)  ||d||  lg(rg) alpha_du alpha_pr  ls
2820  1.0487805e-03 7.92e-06 2.89e-03 -11.0 2.75e-04    -  1.00e+00 1.00e+00h  1
2821  1.0486752e-03 1.52e-06 2.31e-03 -11.0 8.55e-05    -  1.00e+00 1.00e+00h  1
2822  1.0482485e-03 2.78e-05 3.25e-03 -11.0 6.78e-04    -  1.00e+00 1.00e+00h  1
2823  1.0547496e-03 3.73e-08 6.99e-02 -11.0 3.02e-03    -  1.00e+00 1.00e+00H  1
2824  1.0490475e-03 7.53e-07 3.51e-02 -11.0 1.06e-03    -  1.00e+00 1.00e+00H  1
2825  1.0476173e-03 1.14e-04 1.33e-02 -11.0 8.41e-04    -  1.00e+00 1.00e+00h  1
2826  1.0478435e-03 8.20e-05 1.13e-02 -11.0 3.87e-04    -  1.00e+00 1.00e+00h  1
2827  1.0473977e-03 3.29e-05 6.34e-03 -11.0 2.41e-04    -  1.00e+00 1.00e+00h  1
2828  1.0473607e-03 2.02e-06 2.02e-03 -11.0 5.61e-05    -  1.00e+00 1.00e+00h  1
2829  1.0472949e-03 4.66e-06 1.44e-03 -11.0 1.11e-04    -  1.00e+00 1.00e+00h  1
iter    objective    inf_pr   inf_du lg(mu)  ||d||  lg(rg) alpha_du alpha_pr  ls
2830  1.0520547e-03 5.80e-08 3.89e-02 -11.0 3.24e-03    -  1.00e+00 1.00e+00H  1
2831  1.0575020e-03 6.50e-08 1.62e-03 -11.0 1.67e-03    -  1.00e+00 1.00e+00H  1
2832  1.0478713e-03 1.47e-07 2.08e-02 -11.0 2.97e-03    -  1.00e+00 1.00e+00H  1
2833  1.0522359e-03 2.33e-07 2.75e-02 -11.0 1.87e-03    -  1.00e+00 1.00e+00H  1
2834  1.0470433e-03 2.05e-03 1.35e-02 -11.0 1.16e-03    -  1.00e+00 1.00e+00h  1
2835  1.0472614e-03 1.93e-04 1.04e-02 -11.0 5.89e-04    -  1.00e+00 1.00e+00h  1
2836  1.0468746e-03 6.07e-05 9.37e-03 -11.0 2.65e-04    -  1.00e+00 1.00e+00h  1
2837  1.0468198e-03 6.10e-06 1.94e-03 -11.0 1.02e-04    -  1.00e+00 1.00e+00h  1
2838  1.0467975e-03 4.12e-06 4.94e-03 -11.0 1.38e-04    -  1.00e+00 1.00e+00h  1
2839  1.0468226e-03 1.23e-07 2.59e-03 -11.0 5.10e-04    -  1.00e+00 1.00e+00H  1
iter    objective    inf_pr   inf_du lg(mu)  ||d||  lg(rg) alpha_du alpha_pr  ls
2840  1.0479585e-03 1.49e-08 8.95e-04 -11.0 3.55e-03    -  1.00e+00 1.00e+00H  1
2841  1.0479507e-03 1.05e-08 8.93e-04 -11.0 2.16e-02    -  1.00e+00 4.88e-04h 12
2842  1.0479364e-03 3.64e-08 8.88e-04 -11.0 4.66e-03    -  1.00e+00 1.95e-03h 10
2843  1.0460679e-03 4.37e-04 7.46e-03 -11.0 6.74e-04    -  1.00e+00 1.00e+00h  1
2844  1.0460066e-03 1.33e-04 5.99e-03 -11.0 9.98e-04    -  1.00e+00 1.00e+00h  1
2845  1.0534591e-03 2.63e-09 2.39e-03 -11.0 2.15e-03    -  1.00e+00 1.00e+00H  1
2846  1.0469698e-03 3.82e-08 6.57e-04 -11.0 1.55e-03    -  1.00e+00 1.00e+00H  1
2847  1.0466910e-03 1.44e-05 1.07e-02 -11.0 1.04e-03    -  1.00e+00 1.00e+00H  1
2848  1.0476897e-03 1.36e-09 7.16e-04 -11.0 6.79e-04    -  1.00e+00 1.00e+00H  1
2849  1.0456769e-03 2.56e-04 5.21e-03 -11.0 7.02e-04    -  1.00e+00 1.00e+00h  1
iter    objective    inf_pr   inf_du lg(mu)  ||d||  lg(rg) alpha_du alpha_pr  ls
2850  1.0457757e-03 2.40e-05 5.62e-03 -11.0 1.24e-04    -  1.00e+00 1.00e+00h  1
2851  1.0456667e-03 7.65e-06 6.80e-04 -11.0 8.59e-05    -  1.00e+00 1.00e+00h  1
2852  1.0456605e-03 7.70e-08 2.64e-04 -11.0 1.62e-05    -  1.00e+00 1.00e+00h  1
2853  1.0458784e-03 2.31e-08 4.02e-04 -11.0 6.55e-04    -  1.00e+00 1.00e+00H  1
2854  1.0459003e-03 4.08e-08 2.67e-04 -11.0 5.10e-04    -  1.00e+00 1.00e+00H  1
2855  1.0457803e-03 4.09e-08 3.46e-04 -11.0 3.50e-04    -  1.00e+00 1.00e+00H  1
2856  1.0455125e-03 8.22e-06 5.70e-03 -11.0 1.80e-04    -  1.00e+00 1.00e+00h  1
2857  1.0454706e-03 8.31e-06 2.11e-03 -11.0 1.39e-04    -  1.00e+00 1.00e+00h  1
2858  1.0454810e-03 9.84e-09 1.11e-04 -11.0 2.67e-04    -  1.00e+00 1.00e+00H  1
2859  1.0458433e-03 5.83e-11 2.64e-04 -11.0 9.14e-04    -  1.00e+00 1.00e+00H  1
iter    objective    inf_pr   inf_du lg(mu)  ||d||  lg(rg) alpha_du alpha_pr  ls
2860  1.0458406e-03 1.44e-09 2.64e-04 -11.0 1.46e-03    -  1.00e+00 1.95e-03h 10
2861  1.0458348e-03 1.57e-09 2.63e-04 -11.0 1.81e-03    -  1.00e+00 1.95e-03h 10
2862  1.0458339e-03 1.58e-09 2.62e-04 -11.0 1.13e-03    -  1.00e+00 4.88e-04h 12
2863  1.0458329e-03 1.65e-09 2.62e-04 -11.0 1.20e-03    -  1.00e+00 4.88e-04h 12
2864  1.0471033e-03 1.61e-11 8.43e-04 -11.0 1.89e-03    -  1.00e+00 1.00e+00H  1
2865  1.0470833e-03 1.78e-08 8.37e-04 -11.0 1.05e-03    -  1.00e+00 3.91e-03h  9
2866  1.0453160e-03 1.24e-04 1.18e-02 -11.0 6.79e-04    -  1.00e+00 1.00e+00h  1
2867  1.0455750e-03 1.99e-07 1.18e-02 -11.0 4.89e-04    -  1.00e+00 1.00e+00H  1
2868  1.0452503e-03 1.29e-04 7.37e-03 -11.0 5.06e-04    -  1.00e+00 1.00e+00h  1
2869  1.0455785e-03 1.84e-08 1.95e-02 -11.0 6.06e-04    -  1.00e+00 1.00e+00H  1
iter    objective    inf_pr   inf_du lg(mu)  ||d||  lg(rg) alpha_du alpha_pr  ls
2870  1.0453711e-03 4.82e-07 9.97e-03 -11.0 2.81e-04    -  1.00e+00 1.00e+00H  1
2871  1.0450485e-03 4.65e-05 3.37e-03 -11.0 2.90e-04    -  1.00e+00 1.00e+00h  1
2872  1.0450905e-03 4.87e-06 6.43e-03 -11.0 1.24e-04    -  1.00e+00 1.00e+00h  1
2873  1.0450119e-03 3.50e-06 7.78e-04 -11.0 7.09e-05    -  1.00e+00 1.00e+00h  1
2874  1.0449988e-03 5.68e-07 2.23e-03 -11.0 8.72e-05    -  1.00e+00 1.00e+00h  1
2875  1.0451509e-03 2.70e-08 2.04e-02 -11.0 1.82e-03    -  1.00e+00 1.00e+00H  1
2876  1.0451459e-03 1.52e-07 2.06e-02 -11.0 3.27e-02    -  1.00e+00 9.77e-04h 11
2877  1.0451413e-03 2.12e-07 2.05e-02 -11.0 2.72e-02    -  1.00e+00 9.77e-04h 11
2878  1.0449767e-03 2.16e-04 1.73e-02 -11.0 1.35e-02    -  1.00e+00 1.25e-01h  4
2879  1.0446831e-03 1.51e-03 5.56e-03 -11.0 1.26e-01    -  1.00e+00 3.12e-02h  6
iter    objective    inf_pr   inf_du lg(mu)  ||d||  lg(rg) alpha_du alpha_pr  ls
2880  1.0445977e-03 1.00e-02 2.24e-02 -11.0 5.93e-01    -  1.00e+00 1.56e-02h  7
2881  1.0445529e-03 1.14e-02 3.86e-02 -11.0 4.84e-01    -  1.00e+00 7.81e-03h  8
2882  1.0443092e-03 2.44e-02 2.55e-02 -11.0 3.77e-01    -  1.00e+00 3.12e-02h  6
2883  1.0441975e-03 3.02e-02 3.15e-02 -11.0 4.22e+00    -  1.00e+00 1.95e-03h 10
2884  1.0440607e-03 3.04e-02 3.31e-02 -11.0 4.51e-01    -  1.00e+00 3.91e-03h  9
2885  1.0438091e-03 3.04e-02 2.91e-02 -11.0 1.22e-01    -  1.00e+00 1.56e-02h  7
2886  2.6942223e-03 6.26e-02 6.75e-01 -11.0 2.76e-02    -  1.00e+00 1.00e+00w  1
2887  1.5379654e-03 5.94e-01 4.57e-01 -11.0 3.93e-02    -  1.00e+00 1.00e+00w  1
2888  7.2772829e-03 3.12e+00 3.05e+00 -11.0 4.11e-02    -  1.00e+00 1.00e+00w  1
2889  1.0437163e-03 2.99e-02 2.40e-02 -11.0 4.61e-02    -  1.00e+00 1.56e-02h  6
iter    objective    inf_pr   inf_du lg(mu)  ||d||  lg(rg) alpha_du alpha_pr  ls
2890  1.0437448e-03 1.63e-02 8.64e-03 -11.0 7.26e-03    -  1.00e+00 5.00e-01h  2
2891  1.0434129e-03 1.64e-02 2.08e-02 -11.0 5.64e-02    -  1.00e+00 6.25e-02h  5
2892  1.0434997e-03 1.62e-02 1.78e-02 -11.0 7.60e-02    -  1.00e+00 3.12e-02h  6
2893  1.0435905e-03 1.41e-02 1.87e-02 -11.0 1.67e-02    -  1.00e+00 1.25e-01h  4
2894  1.0433817e-03 1.30e-02 3.97e-02 -11.0 2.78e-02    -  1.00e+00 1.25e-01h  4
2895  1.0430178e-03 1.41e-02 2.14e-02 -11.0 3.68e-02    -  1.00e+00 1.25e-01h  4
2896  1.0422491e-03 1.49e-02 7.49e-03 -11.0 1.07e-01    -  1.00e+00 3.12e-02h  6
2897  1.0416089e-03 1.77e-02 4.11e-02 -11.0 1.82e-01    -  1.00e+00 3.12e-02h  6
2898  1.0415203e-03 1.79e-02 4.67e-02 -11.0 1.62e-01    -  1.00e+00 1.56e-02h  7
2899  1.1909359e-03 7.87e-02 8.19e-02 -11.0 2.89e-02    -  1.00e+00 1.00e+00w  1
iter    objective    inf_pr   inf_du lg(mu)  ||d||  lg(rg) alpha_du alpha_pr  ls
2900  1.1433661e-03 2.58e-02 1.10e-01 -11.0 1.16e-02    -  1.00e+00 1.00e+00w  1
2901  1.4107162e-03 1.07e-01 2.72e-01 -11.0 2.94e-02    -  1.00e+00 1.00e+00w  1
2902  1.0413029e-03 1.70e-02 4.61e-02 -11.0 1.97e-02    -  1.00e+00 6.25e-02h  4
2903  1.0446178e-03 5.55e-03 2.10e-02 -11.0 5.55e-03    -  1.00e+00 1.00e+00h  1
2904  1.0444288e-03 5.47e-03 5.16e-02 -11.0 1.80e-02    -  1.00e+00 1.25e-01h  4
2905  1.0435989e-03 5.47e-03 8.83e-02 -11.0 5.82e-03    -  1.00e+00 2.50e-01h  3
2906  1.0412888e-03 3.96e-03 4.12e-02 -11.0 6.04e-03    -  1.00e+00 5.00e-01h  2
2907  1.0401989e-03 4.25e-03 1.22e-02 -11.0 4.13e-02    -  1.00e+00 6.25e-02h  5
2908  1.0403667e-03 4.11e-03 2.16e-02 -11.0 2.29e-02    -  1.00e+00 6.25e-02h  5
2909  1.0410505e-03 2.06e-03 6.41e-03 -11.0 2.02e-03    -  1.00e+00 5.00e-01h  2
iter    objective    inf_pr   inf_du lg(mu)  ||d||  lg(rg) alpha_du alpha_pr  ls
2910  1.0413248e-03 1.09e-03 1.52e-02 -11.0 7.68e-04    -  1.00e+00 1.00e+00h  1
2911  1.0398660e-03 3.46e-04 4.13e-03 -11.0 9.48e-04    -  1.00e+00 1.00e+00h  1
2912  1.0405238e-03 3.86e-05 1.11e-02 -11.0 3.65e-04    -  1.00e+00 1.00e+00h  1
2913  1.0398823e-03 2.48e-05 4.96e-04 -11.0 2.91e-04    -  1.00e+00 1.00e+00h  1
2914  1.0398739e-03 1.98e-07 6.39e-04 -11.0 5.20e-05    -  1.00e+00 1.00e+00h  1
2915  1.0398054e-03 3.30e-05 3.77e-03 -11.0 2.18e-02    -  1.00e+00 3.12e-02h  6
2916  1.0397260e-03 8.39e-05 6.89e-03 -11.0 5.00e-03    -  1.00e+00 1.25e-01h  4
2917  1.0396982e-03 1.48e-04 8.39e-03 -11.0 7.65e-03    -  1.00e+00 1.25e-01h  4
2918  1.0396407e-03 2.79e-04 7.44e-03 -11.0 8.62e-03    -  1.00e+00 1.25e-01h  4
2919  1.0395655e-03 3.42e-04 6.46e-03 -11.0 8.51e-03    -  1.00e+00 1.25e-01h  4
iter    objective    inf_pr   inf_du lg(mu)  ||d||  lg(rg) alpha_du alpha_pr  ls
2920  1.0394211e-03 5.50e-04 1.22e-02 -11.0 3.20e-02    -  1.00e+00 6.25e-02h  5
2921  1.0393671e-03 5.31e-04 1.05e-02 -11.0 9.92e-03    -  1.00e+00 6.25e-02h  5
2922  1.0438752e-03 3.23e-08 8.31e-02 -11.0 5.57e-03    -  1.00e+00 1.00e+00H  1
2923  1.0438408e-03 1.27e-07 8.32e-02 -11.0 8.55e-03    -  1.00e+00 1.95e-03h 10
2924  1.0418263e-03 2.42e-08 1.43e-02 -11.0 6.60e-03    -  1.00e+00 1.00e+00H  1
2925  1.0417401e-03 1.73e-07 1.38e-02 -11.0 2.69e-02    -  1.00e+00 9.77e-04h 11
2926  1.0401357e-03 4.12e-08 3.28e-02 -11.0 4.76e-03    -  1.00e+00 1.00e+00H  1
2927  1.0399872e-03 3.03e-04 2.96e-02 -11.0 3.13e-02    -  1.00e+00 6.25e-02h  5
2928  1.0399138e-03 2.27e-04 1.32e-02 -11.0 3.25e-03    -  1.00e+00 2.50e-01h  3
2929  1.0393707e-03 1.08e-03 2.05e-02 -11.0 3.76e-03    -  1.00e+00 1.00e+00h  1
iter    objective    inf_pr   inf_du lg(mu)  ||d||  lg(rg) alpha_du alpha_pr  ls
2930  1.0391466e-03 1.15e-03 9.62e-03 -11.0 1.52e-02    -  1.00e+00 6.25e-02h  5
2931  1.0390744e-03 8.28e-04 1.18e-02 -11.0 2.08e-03    -  1.00e+00 2.50e-01h  3
2932  1.0387627e-03 9.92e-04 7.77e-03 -11.0 3.56e-03    -  1.00e+00 1.00e+00h  1
2933  1.0387348e-03 9.32e-04 5.48e-03 -11.0 1.63e-02    -  1.00e+00 3.12e-02h  6
2934  1.0389280e-03 1.20e-03 1.40e-02 -11.0 1.92e-03    -  1.00e+00 1.00e+00h  1
2935  1.0387465e-03 9.94e-04 1.13e-02 -11.0 1.03e-02    -  1.00e+00 1.25e-01h  4
2936  1.1079903e-03 2.62e-07 7.09e-02 -11.0 3.52e-03    -  1.00e+00 1.00e+00H  1
2937  1.0380595e-03 2.20e-04 2.19e-03 -11.0 3.36e-03    -  1.00e+00 1.00e+00H  1
2938  1.0381946e-03 1.17e-06 1.15e-03 -11.0 8.39e-05    -  1.00e+00 1.00e+00h  1
2939  1.0383387e-03 6.03e-08 6.03e-03 -11.0 1.52e-03    -  1.00e+00 1.00e+00H  1
iter    objective    inf_pr   inf_du lg(mu)  ||d||  lg(rg) alpha_du alpha_pr  ls
2940  1.0383246e-03 1.78e-07 6.34e-03 -11.0 1.40e-02    -  1.00e+00 3.91e-03h  9
2941  1.0380417e-03 4.78e-04 2.66e-02 -11.0 6.26e-02    -  1.00e+00 6.25e-02h  5
2942  1.0374019e-03 1.23e-03 3.73e-02 -11.0 4.14e-01    -  1.00e+00 1.56e-02h  7
2943  1.0370562e-03 2.00e-03 4.45e-02 -11.0 1.35e+00    -  1.00e+00 3.91e-03h  9
2944  1.0369083e-03 2.06e-03 4.96e-02 -11.0 5.04e-01    -  1.00e+00 3.91e-03h  9
2945  1.0366490e-03 3.27e-03 6.08e-02 -11.0 4.97e-01    -  1.00e+00 1.56e-02h  7
2946  1.0366279e-03 5.39e-03 8.84e-02 -11.0 5.38e-01    -  1.00e+00 1.56e-02h  7
2947  1.0364936e-03 5.56e-03 9.98e-02 -11.0 1.03e+00    -  1.00e+00 1.95e-03h 10
2948  1.0363677e-03 5.49e-03 9.56e-02 -11.0 2.42e-02    -  1.00e+00 1.56e-02h  7
2949  1.0361266e-03 1.35e-03 4.01e-02 -11.0 3.64e-03    -  1.00e+00 1.00e+00h  1
iter    objective    inf_pr   inf_du lg(mu)  ||d||  lg(rg) alpha_du alpha_pr  ls
2950  1.0358620e-03 2.16e-03 3.46e-02 -11.0 1.43e-01    -  1.00e+00 3.12e-02h  6
2951  1.0354977e-03 1.93e-03 3.35e-02 -11.0 1.04e-01    -  1.00e+00 3.12e-02h  6
2952  1.0352212e-03 2.17e-03 5.80e-02 -11.0 2.78e-01    -  1.00e+00 3.12e-02h  6
2953  1.0349536e-03 2.20e-02 1.67e-01 -11.0 4.22e+00    -  1.00e+00 7.81e-03h  8
2954  1.0346560e-03 2.64e-02 2.02e-01 -11.0 1.36e+01    -  1.00e+00 9.77e-04h 11
2955  1.0343492e-03 2.72e-02 2.19e-01 -11.0 5.28e+00    -  1.00e+00 1.95e-03h 10
2956  1.0342801e-03 2.62e-02 2.60e-01 -11.0 1.63e+00    -  1.00e+00 7.81e-03h  8
2957  1.0340507e-03 2.61e-02 2.66e-01 -11.0 2.65e+00    -  1.00e+00 1.95e-03h 10
2958  1.0348366e-03 2.01e-02 2.35e-01 -11.0 3.68e-01    -  1.00e+00 3.12e-02h  6
2959  1.0346227e-03 2.22e-02 1.79e-01 -11.0 1.17e+00    -  1.00e+00 7.81e-03h  8
iter    objective    inf_pr   inf_du lg(mu)  ||d||  lg(rg) alpha_du alpha_pr  ls
2960  3.8342838e-01 3.71e+02 4.73e+01 -11.0 1.66e+00    -  1.00e+00 1.00e+00w  1
2961  1.5489793e+04 3.90e+06 2.46e+06 -11.0 1.02e+02    -  1.00e+00 1.00e+00w  1
2962  4.8214583e+08 2.59e+07 5.83e+04 -11.0 9.56e+03  -1.0 1.00e+00 1.00e+00w  1
2963  1.0340003e-03 2.59e-02 1.61e-01 -11.0 6.79e+03    -  1.00e+00 3.91e-03h  8
2964  1.0340890e-03 1.55e-03 1.39e-02 -11.0 1.04e-03    -  1.00e+00 1.00e+00h  1
2965  1.0329279e-03 6.47e-05 9.32e-03 -11.0 3.73e-04    -  1.00e+00 1.00e+00h  1
2966  1.0318586e-03 3.66e-04 6.53e-03 -11.0 3.72e-04    -  1.00e+00 1.00e+00h  1
2967  1.0307381e-03 1.26e-04 6.98e-03 -11.0 5.65e-04    -  1.00e+00 1.00e+00h  1
2968  1.0318328e-03 8.47e-05 6.76e-02 -11.0 2.10e-03    -  1.00e+00 1.00e+00H  1
2969  1.0346157e-03 2.34e-05 4.80e-02 -11.0 1.33e-03    -  1.00e+00 1.00e+00H  1
iter    objective    inf_pr   inf_du lg(mu)  ||d||  lg(rg) alpha_du alpha_pr  ls
2970  1.0290457e-03 1.27e-03 4.30e-03 -11.0 1.29e-03    -  1.00e+00 1.00e+00h  1
2971  1.0301179e-03 3.26e-04 1.72e-02 -11.0 4.10e-04    -  1.00e+00 1.00e+00h  1
2972  1.0288566e-03 1.98e-04 1.22e-03 -11.0 3.46e-04    -  1.00e+00 1.00e+00h  1
2973  1.0288118e-03 6.33e-07 8.07e-04 -11.0 4.64e-05    -  1.00e+00 1.00e+00h  1
2974  1.0287245e-03 2.18e-03 3.47e-02 -11.0 2.82e-03    -  1.00e+00 1.00e+00h  1
2975  1.0284565e-03 2.10e-03 3.33e-02 -11.0 1.06e-02    -  1.00e+00 6.25e-02h  5
2976  1.0283235e-03 1.74e-03 3.41e-02 -11.0 3.57e-03    -  1.00e+00 2.50e-01h  3
2977  1.0279852e-03 9.95e-04 4.49e-02 -11.0 1.07e-03    -  1.00e+00 1.00e+00h  1
2978  1.0270346e-03 2.55e-04 1.01e-02 -11.0 6.58e-04    -  1.00e+00 1.00e+00h  1
2979  1.0264108e-03 1.50e-04 5.15e-03 -11.0 8.01e-04    -  1.00e+00 1.00e+00h  1
iter    objective    inf_pr   inf_du lg(mu)  ||d||  lg(rg) alpha_du alpha_pr  ls
2980  1.0265957e-03 8.97e-05 1.44e-02 -11.0 8.36e-04    -  1.00e+00 5.00e-01h  2
2981  1.0260022e-03 3.12e-05 2.15e-03 -11.0 2.91e-04    -  1.00e+00 1.00e+00h  1
2982  1.0258261e-03 4.44e-05 3.38e-03 -11.0 3.54e-04    -  1.00e+00 1.00e+00h  1
2983  1.0255043e-03 1.50e-04 4.52e-03 -11.0 1.68e-03    -  1.00e+00 1.00e+00h  1
2984  1.0251312e-03 2.94e-04 1.55e-02 -11.0 2.73e-02    -  1.00e+00 6.25e-02h  5
2985  1.0250732e-03 5.36e-04 3.41e-02 -11.0 9.99e-03    -  1.00e+00 1.25e-01h  4
2986  1.0248857e-03 5.71e-04 5.15e-02 -11.0 9.39e-03    -  1.00e+00 1.25e-01h  4
2987  1.0247727e-03 7.14e-04 7.03e-02 -11.0 6.36e-03    -  1.00e+00 2.50e-01h  3
2988  1.0245307e-03 7.75e-04 7.61e-02 -11.0 1.64e-02    -  1.00e+00 6.25e-02h  5
2989  1.0243550e-03 7.68e-04 5.29e-02 -11.0 1.49e-03    -  1.00e+00 2.50e-01h  3
iter    objective    inf_pr   inf_du lg(mu)  ||d||  lg(rg) alpha_du alpha_pr  ls
2990  1.0241545e-03 2.56e-04 1.26e-02 -11.0 1.68e-03    -  1.00e+00 1.00e+00h  1
2991  1.0240565e-03 2.72e-04 1.38e-02 -11.0 6.18e-03    -  1.00e+00 1.25e-01h  4
2992  1.0280545e-03 1.67e-05 1.97e-02 -11.0 1.38e-03    -  1.00e+00 1.00e+00H  1
2993  1.0239826e-03 4.56e-04 2.66e-02 -11.0 1.92e-03    -  1.00e+00 1.00e+00h  1
2994  1.0450020e-03 1.82e-08 2.58e-03 -11.0 1.67e-03    -  1.00e+00 1.00e+00H  1
2995  1.0230057e-03 2.94e-03 7.12e-03 -11.0 1.39e-03    -  1.00e+00 1.00e+00h  1
2996  1.0235477e-03 1.08e-05 2.41e-03 -11.0 1.94e-04    -  1.00e+00 1.00e+00h  1
2997  1.0238953e-03 9.27e-06 6.88e-03 -11.0 1.22e-03    -  1.00e+00 1.00e+00H  1
2998  1.0272836e-03 1.49e-06 7.77e-02 -11.0 6.97e-03    -  1.00e+00 1.00e+00H  1
2999  1.0272369e-03 1.28e-06 7.88e-02 -11.0 4.26e-02    -  1.00e+00 1.95e-03h 10
iter    objective    inf_pr   inf_du lg(mu)  ||d||  lg(rg) alpha_du alpha_pr  ls
3000  1.0271279e-03 1.25e-06 7.78e-02 -11.0 4.45e-03    -  1.00e+00 7.81e-03h  8

Number of Iterations....: 3000

                                   (scaled)                 (unscaled)
Objective...............:   1.0271279243197567e-03    1.0271279243197567e-03
Dual infeasibility......:   7.7762269937100670e-02    7.7762269937100670e-02
Constraint violation....:   1.2547259988712756e-06    1.2547259988712756e-06
Variable bound violation:   0.0000000000000000e+00    0.0000000000000000e+00
Complementarity.........:   0.0000000000000000e+00    0.0000000000000000e+00
Overall NLP error.......:   7.7762269937100670e-02    7.7762269937100670e-02


Number of objective function evaluations             = 13021
Number of objective gradient evaluations             = 3001
Number of equality constraint evaluations            = 13326
Number of inequality constraint evaluations          = 0
Number of equality constraint Jacobian evaluations   = 3001
Number of inequality constraint Jacobian evaluations = 0
Number of Lagrangian Hessian evaluations             = 0
Total seconds in IPOPT                               = 6060.877

EXIT: Maximum Number of Iterations Exceeded.
shapovalova [6072s]  loss=0.00103
  [final]  nrmse=0.3477  l2=325.3
saved /orcd/home/002/txenakis/projects/BVPsolver/src/../data/runs/run_cKdkYfnm/vanderpol_fit.png
saved /orcd/home/002/txenakis/projects/BVPsolver/src/../data/runs/run_cKdkYfnm/vanderpol_spectral_fit.png
┌ Warning: Attempting to store StiffNN.var"#14#15"{Float64}.
│ JLD2 only stores functions by name.
│  This may not be useful for anonymous functions.
└ @ JLD2 ~/.julia/packages/JLD2/ADycq/src/data/writing_datatypes.jl:447
saved run → /orcd/home/002/txenakis/projects/BVPsolver/src/../data/runs/run_cKdkYfnm
