rober  model=mlp d=3 tlen=50 profile=fast seed=12  solver=Rodas5  N=243

******************************************************************************
This program contains Ipopt, a library for large-scale nonlinear optimization.
 Ipopt is released as open source code under the Eclipse Public License (EPL).
         For more information visit https://github.com/coin-or/Ipopt
******************************************************************************

This is Ipopt version 3.14.19, running with linear solver MUMPS 5.9.0.

Number of nonzeros in equality constraint Jacobian...:    44253
Number of nonzeros in inequality constraint Jacobian.:        0
Number of nonzeros in Lagrangian Hessian.............:        0

Total number of variables............................:      393
                     variables with only lower bounds:        0
                variables with lower and upper bounds:        0
                     variables with only upper bounds:        0
Total number of equality constraints.................:      153
Total number of inequality constraints...............:        0
        inequality constraints with only lower bounds:        0
   inequality constraints with lower and upper bounds:        0
        inequality constraints with only upper bounds:        0

iter    objective    inf_pr   inf_du lg(mu)  ||d||  lg(rg) alpha_du alpha_pr  ls
   0  7.3666546e-05 8.89e-01 3.25e-06   0.0 0.00e+00    -  0.00e+00 0.00e+00   0
   1  2.8529549e-02 1.73e-02 3.47e+00 -11.0 1.54e-01    -  1.00e+00 1.00e+00h  1
   2  2.1719787e-02 2.59e-02 1.30e+00 -11.0 1.19e-01    -  1.00e+00 1.00e+00h  1
   3  1.0366173e-02 4.10e-03 3.79e-01 -11.0 4.23e-02    -  1.00e+00 1.00e+00h  1
   4  6.2156815e-03 9.42e-04 3.78e-01 -11.0 2.57e-02    -  1.00e+00 1.00e+00h  1
   5  4.3796088e-03 7.24e-04 1.68e-01 -11.0 1.55e-02    -  1.00e+00 1.00e+00h  1
   6  5.1871392e-03 3.56e-04 1.95e+00 -11.0 2.42e-02    -  1.00e+00 1.00e+00H  1
   7  3.0369076e-03 1.57e-03 9.74e-01 -11.0 1.11e-02    -  1.00e+00 1.00e+00h  1
   8  2.5736251e-03 6.66e-04 5.31e-01 -11.0 9.63e-03    -  1.00e+00 1.00e+00h  1
   9  1.8290226e-03 1.09e-03 4.54e-01 -11.0 2.03e-02    -  1.00e+00 1.00e+00h  1
iter    objective    inf_pr   inf_du lg(mu)  ||d||  lg(rg) alpha_du alpha_pr  ls
  10  1.7821142e-03 1.20e-03 1.77e+00 -11.0 6.10e-02    -  1.00e+00 1.00e+00H  1
  11  1.2173774e-03 3.07e-03 2.77e+00 -11.0 3.23e-01    -  1.00e+00 1.25e-01h  4
  12  1.4138559e-03 1.37e-03 2.41e+00 -11.0 2.47e-02    -  1.00e+00 5.00e-01h  2
  13  9.1342149e-04 5.93e-04 6.17e-01 -11.0 2.01e-02    -  1.00e+00 1.00e+00h  1
  14  9.5438227e-04 1.17e-04 1.48e-01 -11.0 6.22e-03    -  1.00e+00 1.00e+00h  1
  15  8.0397507e-04 5.22e-05 9.13e-02 -11.0 5.20e-03    -  1.00e+00 1.00e+00h  1
  16  7.8377232e-04 1.03e-05 3.79e-02 -11.0 1.75e-03    -  1.00e+00 1.00e+00h  1
  17  7.2924284e-04 1.30e-04 1.98e-01 -11.0 6.00e-03    -  1.00e+00 1.00e+00h  1
  18  6.3960421e-04 9.62e-04 6.24e-01 -11.0 1.22e-01    -  1.00e+00 1.25e-01h  4
  19  6.2902219e-04 1.29e-03 8.44e-01 -11.0 1.82e-01    -  1.00e+00 6.25e-02h  5
iter    objective    inf_pr   inf_du lg(mu)  ||d||  lg(rg) alpha_du alpha_pr  ls
  20  6.0429922e-04 1.16e-03 9.04e-01 -11.0 3.85e-02    -  1.00e+00 1.25e-01h  4
  21  5.5345866e-04 6.38e-05 1.45e-01 -11.0 6.34e-03    -  1.00e+00 1.00e+00h  1
  22  5.1322405e-04 2.91e-05 7.39e-02 -11.0 4.30e-03    -  1.00e+00 1.00e+00h  1
  23  4.9069727e-04 3.94e-05 1.17e-01 -11.0 3.88e-03    -  1.00e+00 1.00e+00h  1
  24  4.7312648e-04 2.17e-04 1.14e-01 -11.0 3.79e-02    -  1.00e+00 2.50e-01h  3
  25  4.5970097e-04 3.13e-04 1.02e-01 -11.0 1.23e-01    -  1.00e+00 6.25e-02h  5
  26  4.4757536e-04 3.33e-04 9.14e-02 -11.0 7.82e-02    -  1.00e+00 6.25e-02h  5
  27  3.7747070e-04 3.01e-03 4.51e-02 -11.0 6.71e-02    -  1.00e+00 5.00e-01h  2
  28  3.7393860e-04 3.02e-03 4.10e-02 -11.0 2.57e-01    -  1.00e+00 3.12e-02h  6
  29  3.6576959e-04 6.96e-04 1.86e-02 -11.0 1.49e-02    -  1.00e+00 1.00e+00h  1
iter    objective    inf_pr   inf_du lg(mu)  ||d||  lg(rg) alpha_du alpha_pr  ls
  30  3.1758217e-04 9.24e-04 3.54e-02 -11.0 7.67e-02    -  1.00e+00 1.25e-01h  4
  31  8.8467943e-04 9.12e-06 2.14e-02 -11.0 2.55e-02    -  1.00e+00 1.00e+00H  1
  32  3.0535227e-04 3.71e-04 1.56e-02 -11.0 1.02e-02    -  1.00e+00 1.00e+00h  1
  33  3.6533134e-04 9.39e-05 9.34e-03 -11.0 4.53e-03    -  1.00e+00 1.00e+00h  1
  34  2.3742692e-04 3.00e-05 3.55e-03 -11.0 2.84e-03    -  1.00e+00 1.00e+00h  1
  35  2.3276450e-04 3.19e-06 1.59e-03 -11.0 1.46e-03    -  1.00e+00 1.00e+00h  1
  36  2.3161707e-04 4.96e-04 3.62e-02 -11.0 1.98e-02    -  1.00e+00 1.00e+00h  1
  37  2.1748993e-04 5.46e-04 5.80e-02 -11.0 1.89e-01    -  1.00e+00 6.25e-02h  5
  38  2.0316986e-04 6.34e-04 9.56e-02 -11.0 3.13e-01    -  1.00e+00 6.25e-02h  5
  39  1.9754073e-04 6.34e-04 1.03e-01 -11.0 2.80e-01    -  1.00e+00 1.56e-02h  7
iter    objective    inf_pr   inf_du lg(mu)  ||d||  lg(rg) alpha_du alpha_pr  ls
  40  1.7200686e-04 1.78e-04 4.29e-02 -11.0 7.54e-03    -  1.00e+00 1.00e+00h  1
  41  1.8352669e-04 1.45e-04 3.15e-02 -11.0 1.97e-02    -  1.00e+00 2.50e-01h  3
  42  1.7831942e-04 3.15e-05 3.24e-03 -11.0 2.41e-03    -  1.00e+00 1.00e+00h  1
  43  1.6069508e-04 2.11e-05 2.54e-03 -11.0 3.05e-03    -  1.00e+00 1.00e+00h  1
  44  1.6111893e-04 4.96e-07 1.93e-03 -11.0 1.23e-03    -  1.00e+00 1.00e+00H  1
  45  1.5720648e-04 5.95e-06 6.14e-04 -11.0 1.98e-03    -  1.00e+00 1.00e+00h  1
  46  1.5969213e-04 5.63e-08 1.18e-03 -11.0 1.67e-03    -  1.00e+00 1.00e+00H  1
  47  1.5583728e-04 1.43e-06 9.72e-04 -11.0 5.07e-04    -  1.00e+00 1.00e+00h  1
  48  1.5449647e-04 9.15e-07 2.41e-04 -11.0 3.40e-04    -  1.00e+00 1.00e+00h  1
  49  1.5371427e-04 1.80e-06 3.45e-04 -11.0 7.58e-04    -  1.00e+00 1.00e+00h  1
iter    objective    inf_pr   inf_du lg(mu)  ||d||  lg(rg) alpha_du alpha_pr  ls
  50  1.5177023e-04 3.36e-05 2.45e-03 -11.0 3.10e-02    -  1.00e+00 1.25e-01h  4
  51  1.5121590e-04 3.62e-05 3.19e-03 -11.0 6.56e-02    -  1.00e+00 3.12e-02h  6
  52  1.5296828e-04 3.05e-05 2.67e-03 -11.0 8.26e-03    -  1.00e+00 2.50e-01h  3
  53  1.4805881e-04 2.24e-05 4.51e-03 -11.0 4.66e-03    -  1.00e+00 1.00e+00h  1
  54  1.4920867e-04 2.08e-05 4.91e-03 -11.0 8.69e-03    -  1.00e+00 1.25e-01h  4
  55  1.4736449e-04 6.09e-07 8.23e-04 -11.0 4.80e-04    -  1.00e+00 1.00e+00h  1
  56  1.4722578e-04 1.28e-06 6.97e-04 -11.0 1.28e-03    -  1.00e+00 1.00e+00h  1
  57  1.4610552e-04 8.95e-06 3.10e-03 -11.0 3.57e-03    -  1.00e+00 1.00e+00h  1
  58  1.4563538e-04 1.41e-05 4.95e-03 -11.0 7.63e-02    -  1.00e+00 3.12e-02h  6
  59  1.4556623e-04 1.61e-05 5.38e-03 -11.0 9.61e-03    -  1.00e+00 1.25e-01h  4
iter    objective    inf_pr   inf_du lg(mu)  ||d||  lg(rg) alpha_du alpha_pr  ls
  60  1.4709804e-04 1.65e-06 5.53e-03 -11.0 3.29e-03    -  1.00e+00 1.00e+00H  1
  61  1.4529215e-04 1.79e-05 9.23e-03 -11.0 1.35e-02    -  1.00e+00 2.50e-01h  3
  62  1.4309563e-04 2.92e-05 1.28e-02 -11.0 3.28e-02    -  1.00e+00 1.25e-01h  4
  63  1.4090992e-04 9.46e-05 1.61e-02 -11.0 7.13e-02    -  1.00e+00 1.25e-01h  4
  64  1.4037637e-04 1.18e-04 1.87e-02 -11.0 3.83e-01    -  1.00e+00 1.56e-02h  7
  65  1.4002428e-04 2.16e-04 2.64e-02 -11.0 3.58e-01    -  1.00e+00 3.12e-02h  6
  66  1.3810654e-04 2.61e-04 3.16e-02 -11.0 4.57e-01    -  1.00e+00 1.56e-02h  7
  67  1.3490895e-04 4.95e-04 4.71e-02 -11.0 2.85e-01    -  1.00e+00 6.25e-02h  5
  68  1.3316245e-04 8.98e-04 6.83e-02 -11.0 1.45e+00    -  1.00e+00 1.56e-02h  7
  69  1.3215124e-04 9.24e-04 7.38e-02 -11.0 5.57e-01    -  1.00e+00 1.56e-02h  7
iter    objective    inf_pr   inf_du lg(mu)  ||d||  lg(rg) alpha_du alpha_pr  ls
  70  1.3162837e-04 2.92e-03 8.12e-02 -11.0 2.28e-01    -  1.00e+00 1.25e-01h  4
  71  7.4261849e-03 1.32e-01 2.24e-01 -11.0 1.76e-01    -  1.00e+00 1.00e+00w  1
  72  1.5317220e-02 7.99e-03 2.29e-01 -11.0 4.84e-02    -  1.00e+00 1.00e+00w  1
  73  3.1387078e-03 1.92e-02 2.29e+00 -11.0 1.08e-01    -  1.00e+00 1.00e+00w  1
  74  1.3010223e-04 2.91e-03 8.19e-02 -11.0 7.26e-02    -  1.00e+00 1.56e-02h  6
  75  1.2759552e-04 2.60e-03 7.05e-02 -11.0 3.39e-02    -  1.00e+00 1.25e-01h  4
  76  1.2710613e-04 2.45e-03 5.75e-02 -11.0 5.82e-02    -  1.00e+00 1.25e-01h  4
  77  1.2359659e-04 2.41e-03 5.01e-02 -11.0 1.03e-01    -  1.00e+00 6.25e-02h  5
  78  1.2691264e-04 2.27e-03 4.45e-02 -11.0 3.91e-02    -  1.00e+00 6.25e-02h  5
  79  1.2816200e-04 7.38e-06 5.01e-03 -11.0 1.07e-03    -  1.00e+00 1.00e+00h  1
iter    objective    inf_pr   inf_du lg(mu)  ||d||  lg(rg) alpha_du alpha_pr  ls
  80  1.2229095e-04 6.23e-05 6.89e-03 -11.0 4.31e-03    -  1.00e+00 1.00e+00h  1
  81  2.3101798e-04 1.69e-08 3.35e-03 -11.0 3.83e-03    -  1.00e+00 1.00e+00H  1
  82  1.2134428e-04 6.09e-05 1.46e-02 -11.0 4.13e-03    -  1.00e+00 1.00e+00h  1
  83  1.2203778e-04 9.41e-06 6.13e-04 -11.0 1.88e-03    -  1.00e+00 1.00e+00h  1
  84  1.2390892e-04 1.09e-07 3.46e-03 -11.0 1.54e-03    -  1.00e+00 1.00e+00H  1
  85  1.2265897e-04 4.73e-07 3.68e-03 -11.0 3.87e-04    -  1.00e+00 1.00e+00h  1
  86  1.2124102e-04 1.92e-06 6.02e-04 -11.0 6.85e-04    -  1.00e+00 1.00e+00h  1
  87  1.2121423e-04 1.88e-07 3.22e-04 -11.0 2.24e-04    -  1.00e+00 1.00e+00h  1
  88  1.2192915e-04 5.06e-08 4.19e-03 -11.0 1.68e-03    -  1.00e+00 1.00e+00H  1
  89  1.2203481e-04 8.65e-10 2.69e-04 -11.0 2.13e-03    -  1.00e+00 1.00e+00H  1
iter    objective    inf_pr   inf_du lg(mu)  ||d||  lg(rg) alpha_du alpha_pr  ls
  90  1.3037598e-04 9.08e-10 1.18e-03 -11.0 1.39e-03    -  1.00e+00 1.00e+00H  1
  91  1.2081531e-04 5.06e-06 1.03e-03 -11.0 1.67e-03    -  1.00e+00 1.00e+00h  1
  92  1.2095496e-04 1.64e-07 3.15e-04 -11.0 1.84e-04    -  1.00e+00 1.00e+00h  1
  93  1.2067021e-04 1.94e-07 6.88e-04 -11.0 2.69e-04    -  1.00e+00 1.00e+00h  1
  94  1.2059632e-04 9.03e-07 1.72e-03 -11.0 7.09e-04    -  1.00e+00 1.00e+00h  1
  95  1.2031075e-04 1.89e-05 1.27e-02 -11.0 1.30e-02    -  1.00e+00 2.50e-01h  3
  96  1.2020617e-04 1.97e-05 1.54e-02 -11.0 5.64e-02    -  1.00e+00 1.56e-02h  7
  97  1.2006638e-04 2.09e-05 1.94e-02 -11.0 2.40e-02    -  1.00e+00 6.25e-02h  5
  98  1.1995432e-04 2.14e-05 2.26e-02 -11.0 3.93e-02    -  1.00e+00 3.12e-02h  6
  99  1.1979496e-04 2.37e-05 2.85e-02 -11.0 3.60e-02    -  1.00e+00 6.25e-02h  5
iter    objective    inf_pr   inf_du lg(mu)  ||d||  lg(rg) alpha_du alpha_pr  ls
 100  1.1933795e-04 6.10e-05 4.62e-02 -11.0 3.58e-01    -  1.00e+00 1.56e-02h  7
 101  1.1930975e-04 6.09e-05 4.79e-02 -11.0 7.30e-02    -  1.00e+00 7.81e-03h  8
 102  1.1965895e-04 4.13e-05 1.97e-02 -11.0 5.02e-03    -  1.00e+00 5.00e-01h  2
 103  1.1954629e-04 4.48e-05 1.31e-02 -11.0 2.80e-02    -  1.00e+00 6.25e-02h  5
 104  1.1935399e-04 4.38e-05 1.81e-02 -11.0 2.55e-02    -  1.00e+00 6.25e-02h  5
 105  3.6062702e-04 4.04e-03 2.25e-01 -11.0 5.99e-02    -  1.00e+00 1.00e+00w  1
 106  3.0930900e-04 4.99e-04 1.46e-01 -11.0 1.88e-02    -  1.00e+00 1.00e+00w  1
 107  2.5978933e-03 8.73e-04 8.15e-02 -11.0 2.75e-02    -  1.00e+00 1.00e+00w  1
 108  1.1930660e-04 4.65e-05 2.42e-02 -11.0 1.69e-02    -  1.00e+00 3.12e-02h  5
 109  1.1906001e-04 5.86e-06 2.96e-03 -11.0 1.63e-03    -  1.00e+00 1.00e+00h  1
iter    objective    inf_pr   inf_du lg(mu)  ||d||  lg(rg) alpha_du alpha_pr  ls
 110  1.1902246e-04 6.11e-06 4.70e-03 -11.0 1.09e-02    -  1.00e+00 6.25e-02h  5
 111  1.2475156e-04 9.51e-10 1.09e-03 -11.0 3.82e-03    -  1.00e+00 1.00e+00H  1
 112  1.1888404e-04 1.54e-05 7.40e-04 -11.0 3.48e-03    -  1.00e+00 1.00e+00h  1
 113  1.1898503e-04 1.15e-05 5.38e-04 -11.0 7.82e-04    -  1.00e+00 2.50e-01h  3
 114  1.1878454e-04 5.16e-07 3.38e-04 -11.0 6.22e-04    -  1.00e+00 1.00e+00h  1
 115  1.1905843e-04 4.85e-07 1.61e-03 -11.0 6.53e-04    -  1.00e+00 1.00e+00h  1
 116  1.1876019e-04 3.63e-08 1.70e-03 -11.0 9.86e-05    -  1.00e+00 1.00e+00h  1
 117  1.1873988e-04 4.26e-09 1.68e-05 -11.0 4.38e-05    -  1.00e+00 1.00e+00h  1
 118  1.1873308e-04 6.76e-09 1.59e-05 -11.0 5.32e-05    -  1.00e+00 1.00e+00h  1
 119  1.1870497e-04 2.28e-06 4.17e-03 -11.0 1.63e-02    -  1.00e+00 6.25e-02h  5
iter    objective    inf_pr   inf_du lg(mu)  ||d||  lg(rg) alpha_du alpha_pr  ls
 120  1.1868491e-04 6.26e-06 9.97e-03 -11.0 2.58e-02    -  1.00e+00 6.25e-02h  5
 121  1.1866483e-04 6.40e-06 1.15e-02 -11.0 2.53e-02    -  1.00e+00 1.56e-02h  7
 122  1.1861634e-04 1.02e-05 1.83e-02 -11.0 1.60e-02    -  1.00e+00 1.25e-01h  4
 123  1.1858444e-04 1.08e-05 2.10e-02 -11.0 8.52e-02    -  1.00e+00 7.81e-03h  8
 124  1.1851258e-04 9.79e-06 2.39e-02 -11.0 9.14e-03    -  1.00e+00 1.25e-01h  4
 125  1.1841805e-04 1.03e-05 2.98e-02 -11.0 5.00e-02    -  1.00e+00 3.12e-02h  6
 126  1.1843408e-04 9.88e-06 3.13e-02 -11.0 1.57e-02    -  1.00e+00 3.12e-02h  6
 127  1.1861453e-04 2.61e-06 1.96e-03 -11.0 1.26e-03    -  1.00e+00 1.00e+00h  1
 128  1.1856159e-04 3.41e-06 2.71e-03 -11.0 8.16e-03    -  1.00e+00 1.25e-01h  4
 129  1.1851998e-04 3.17e-06 1.73e-03 -11.0 2.61e-03    -  1.00e+00 1.25e-01h  4
iter    objective    inf_pr   inf_du lg(mu)  ||d||  lg(rg) alpha_du alpha_pr  ls
 130  1.1875135e-04 1.40e-10 2.09e-04 -11.0 1.37e-03    -  1.00e+00 1.00e+00H  1
 131  1.1857451e-04 1.22e-06 2.84e-03 -11.0 6.55e-03    -  1.00e+00 1.25e-01h  4
 132  1.1890262e-04 1.41e-11 4.14e-04 -11.0 1.77e-03    -  1.00e+00 1.00e+00H  1
 133  1.1870718e-04 3.75e-07 2.01e-03 -11.0 8.02e-03    -  1.00e+00 6.25e-02h  5
 134  1.1857950e-04 9.65e-07 3.10e-04 -11.0 2.55e-03    -  1.00e+00 2.50e-01h  3
 135  1.1838028e-04 1.73e-06 1.88e-03 -11.0 3.21e-03    -  1.00e+00 2.50e-01h  3
 136  1.2302866e-04 1.78e-12 8.74e-04 -11.0 8.95e-04    -  1.00e+00 1.00e+00H  1
 137  1.1824768e-04 4.08e-06 5.86e-04 -11.0 1.10e-03    -  1.00e+00 1.00e+00h  1
 138  1.1829667e-04 1.61e-08 7.23e-05 -11.0 1.08e-04    -  1.00e+00 1.00e+00h  1
 139  1.1824294e-04 6.40e-09 1.35e-05 -11.0 6.26e-05    -  1.00e+00 1.00e+00h  1
iter    objective    inf_pr   inf_du lg(mu)  ||d||  lg(rg) alpha_du alpha_pr  ls
 140  1.1824136e-04 6.09e-10 1.25e-05 -11.0 1.34e-05    -  1.00e+00 1.00e+00h  1
 141  1.1822841e-04 3.61e-07 3.57e-04 -11.0 3.32e-04    -  1.00e+00 1.00e+00h  1
 142  1.1822331e-04 1.08e-06 1.43e-03 -11.0 3.99e-03    -  1.00e+00 1.25e-01h  4
 143  1.1821416e-04 1.19e-06 2.16e-03 -11.0 3.58e-03    -  1.00e+00 6.25e-02h  5
 144  1.1845913e-04 2.17e-12 2.09e-04 -11.0 1.65e-03    -  1.00e+00 1.00e+00H  1
 145  1.1845416e-04 5.34e-10 2.08e-04 -11.0 1.04e-02    -  1.00e+00 1.95e-03h 10
 146  1.1845373e-04 5.39e-10 2.08e-04 -11.0 3.02e-02    -  1.00e+00 6.10e-05h 15
 147  1.1845358e-04 5.40e-10 2.08e-04 -11.0 1.65e-01    -  1.00e+00 3.81e-06h 19
 148  1.1845345e-04 5.41e-10 2.08e-04 -11.0 4.48e-02    -  1.00e+00 1.53e-05h 17
 149  1.1836442e-04 3.97e-05 1.09e-02 -11.0 2.53e-01    -  1.00e+00 1.56e-02h  7
iter    objective    inf_pr   inf_du lg(mu)  ||d||  lg(rg) alpha_du alpha_pr  ls
 150  1.1829798e-04 4.38e-05 1.46e-02 -11.0 3.48e-01    -  1.00e+00 3.91e-03h  9
 151  1.1823630e-04 4.86e-05 9.24e-03 -11.0 1.20e-01    -  1.00e+00 1.56e-02h  7
 152  1.1824580e-04 4.84e-05 9.02e-03 -11.0 3.92e-02    -  1.00e+00 3.91e-03h  9
 153  1.1781608e-04 2.51e-05 8.40e-03 -11.0 3.54e-03    -  1.00e+00 1.00e+00h  1
 154  1.1790998e-04 2.49e-05 8.90e-03 -11.0 2.26e-02    -  1.00e+00 1.56e-02h  7
 155  1.1768953e-04 3.59e-06 9.01e-04 -11.0 1.35e-03    -  1.00e+00 1.00e+00h  1
 156  1.1767995e-04 4.57e-06 3.54e-03 -11.0 3.22e-02    -  1.00e+00 3.12e-02h  6
 157  1.2180588e-04 4.53e-11 1.00e-03 -11.0 2.39e-03    -  1.00e+00 1.00e+00H  1
 158  1.1835253e-04 6.19e-07 6.61e-03 -11.0 2.85e-03    -  1.00e+00 1.00e+00H  1
 159  1.1830822e-04 5.75e-07 6.11e-03 -11.0 6.18e-03    -  1.00e+00 6.25e-02h  5
iter    objective    inf_pr   inf_du lg(mu)  ||d||  lg(rg) alpha_du alpha_pr  ls
 160  1.1754890e-04 3.45e-06 8.05e-04 -11.0 1.22e-03    -  1.00e+00 1.00e+00h  1
 161  1.1785747e-04 2.91e-07 4.15e-03 -11.0 2.17e-03    -  1.00e+00 1.00e+00H  1
 162  1.1783394e-04 4.03e-07 4.55e-03 -11.0 1.33e-02    -  1.00e+00 1.56e-02h  7
 163  1.1905037e-04 2.34e-10 4.60e-04 -11.0 1.30e-03    -  1.00e+00 1.00e+00H  1
 164  1.1904112e-04 1.17e-10 4.59e-04 -11.0 4.34e-03    -  1.00e+00 1.95e-03h 10
 165  1.1901419e-04 2.86e-10 4.40e-04 -11.0 7.10e-03    -  1.00e+00 1.95e-03h 10
 166  1.1747109e-04 1.10e-06 8.33e-04 -11.0 6.82e-04    -  1.00e+00 1.00e+00h  1
 167  1.1750480e-04 6.24e-07 7.70e-04 -11.0 4.85e-04    -  1.00e+00 1.00e+00h  1
 168  1.1819248e-04 1.18e-08 3.44e-04 -11.0 5.72e-04    -  1.00e+00 1.00e+00H  1
 169  1.1751708e-04 5.88e-09 1.17e-04 -11.0 7.41e-04    -  1.00e+00 1.00e+00H  1
iter    objective    inf_pr   inf_du lg(mu)  ||d||  lg(rg) alpha_du alpha_pr  ls
 170  1.1770006e-04 3.72e-11 1.65e-04 -11.0 7.19e-04    -  1.00e+00 1.00e+00H  1
 171  1.1828091e-04 1.88e-11 3.31e-04 -11.0 3.11e-04    -  1.00e+00 1.00e+00H  1
 172  1.1738825e-04 8.95e-07 9.82e-05 -11.0 4.23e-04    -  1.00e+00 1.00e+00h  1
 173  1.1743449e-04 1.13e-07 3.70e-04 -11.0 1.66e-04    -  1.00e+00 1.00e+00h  1
 174  1.1738100e-04 4.53e-08 6.61e-04 -11.0 1.08e-04    -  1.00e+00 1.00e+00h  1
 175  1.1739567e-04 6.20e-11 5.79e-05 -11.0 1.11e-04    -  1.00e+00 1.00e+00H  1
 176  1.1736218e-04 8.66e-09 2.28e-05 -11.0 4.07e-05    -  1.00e+00 1.00e+00h  1
 177  1.1735705e-04 7.01e-09 1.40e-05 -11.0 4.46e-05    -  1.00e+00 1.00e+00h  1
 178  1.1733689e-04 4.52e-08 4.92e-04 -11.0 1.71e-04    -  1.00e+00 1.00e+00h  1
 179  1.1731122e-04 8.02e-06 7.73e-03 -11.0 1.54e-01    -  1.00e+00 1.56e-02h  7
iter    objective    inf_pr   inf_du lg(mu)  ||d||  lg(rg) alpha_du alpha_pr  ls
 180  1.1718593e-04 1.54e-05 1.51e-02 -11.0 1.59e-01    -  1.00e+00 1.56e-02h  7
 181  1.1712316e-04 1.80e-05 1.92e-02 -11.0 3.63e-01    -  1.00e+00 3.91e-03h  9
 182  1.1701690e-04 2.78e-05 2.69e-02 -11.0 1.82e-01    -  1.00e+00 1.56e-02h  7
 183  1.1697745e-04 3.46e-05 3.35e-02 -11.0 5.53e-01    -  1.00e+00 3.91e-03h  9
 184  1.1647856e-04 1.71e-04 6.26e-02 -11.0 1.25e+00    -  1.00e+00 7.81e-03h  8
 185  1.1656424e-04 1.50e-04 6.25e-02 -11.0 3.61e-03  -2.5 1.00e+00 1.25e-01h  4
 186  1.1642852e-04 9.09e-05 2.58e-02 -11.0 6.83e-03    -  1.00e+00 5.00e-01h  2
 187  1.1626331e-04 1.01e-04 1.57e-02 -11.0 1.67e-01    -  1.00e+00 1.56e-02h  7
 188  1.1624169e-04 1.04e-04 2.01e-02 -11.0 2.09e-01    -  1.00e+00 7.81e-03h  8
 189  7.1292503e-04 8.33e-02 6.14e-01 -11.0 2.28e-01    -  1.00e+00 1.00e+00w  1
iter    objective    inf_pr   inf_du lg(mu)  ||d||  lg(rg) alpha_du alpha_pr  ls
 190  4.9654182e-03 7.23e-03 5.06e-01 -11.0 5.65e-02    -  1.00e+00 1.00e+00w  1
 191  1.6435779e-03 5.62e-03 1.72e+00 -11.0 6.24e-02    -  1.00e+00 1.00e+00w  1
 192  1.1620546e-04 1.07e-04 2.53e-02 -11.0 9.47e-02    -  1.00e+00 7.81e-03h  7
 193  1.1613819e-04 1.10e-04 2.98e-02 -11.0 2.02e-01    -  1.00e+00 7.81e-03h  8
 194  1.1609533e-04 1.15e-04 3.51e-02 -11.0 2.51e-01    -  1.00e+00 7.81e-03h  8
 195  1.1604569e-04 1.15e-04 3.38e-02 -11.0 1.72e-01    -  1.00e+00 1.95e-03h 10
 196  1.1651222e-04 2.17e-05 8.23e-03 -11.0 3.23e-03    -  1.00e+00 1.00e+00h  1
 197  1.1639002e-04 4.07e-05 1.44e-02 -11.0 1.10e-01    -  1.00e+00 3.12e-02h  6
 198  1.1630549e-04 5.25e-05 1.86e-02 -11.0 7.12e-01    -  1.00e+00 3.91e-03h  9
 199  1.1598605e-04 5.19e-05 8.83e-03 -11.0 3.44e-02    -  1.00e+00 6.25e-02h  5
iter    objective    inf_pr   inf_du lg(mu)  ||d||  lg(rg) alpha_du alpha_pr  ls
 200  1.1593159e-04 6.37e-05 8.39e-03 -11.0 9.69e-02    -  1.00e+00 3.12e-02h  6
 201  1.1590477e-04 7.06e-05 1.12e-02 -11.0 7.31e-02    -  1.00e+00 3.12e-02h  6
 202  1.1580328e-04 9.86e-05 1.51e-02 -11.0 2.54e-01    -  1.00e+00 1.56e-02h  7
 203  1.1561379e-04 9.78e-05 1.93e-02 -11.0 2.04e-01    -  1.00e+00 3.91e-03h  9
 204  1.1629941e-04 2.53e-05 2.79e-02 -11.0 9.86e-03    -  1.00e+00 1.00e+00H  1
 205  1.1589215e-04 1.70e-05 3.80e-02 -11.0 1.17e+00    -  1.00e+00 3.91e-03h  9
 206  1.1555107e-04 1.60e-05 4.00e-02 -11.0 2.82e-02  -3.0 1.00e+00 3.12e-02h  6
 207  1.1498558e-04 2.98e-05 3.91e-02 -11.0 1.34e-02    -  1.00e+00 2.50e-01h  3
 208  1.1416638e-04 9.95e-05 4.06e-02 -11.0 1.06e-01    -  1.00e+00 6.25e-02h  5
 209  1.1381442e-04 8.68e-04 4.67e-02 -11.0 1.25e+00    -  1.00e+00 1.56e-02h  7
iter    objective    inf_pr   inf_du lg(mu)  ||d||  lg(rg) alpha_du alpha_pr  ls
 210  1.1334725e-04 8.96e-04 4.85e-02 -11.0 3.96e+00    -  1.00e+00 9.77e-04h 11
 211  1.1264211e-04 1.51e-03 5.41e-02 -11.0 5.88e-01    -  1.00e+00 3.12e-02h  6
 212  1.1216858e-04 1.93e-03 6.01e-02 -11.0 1.60e+01    -  1.00e+00 9.77e-04h 11
 213  1.1162908e-04 2.35e-03 7.12e-02 -11.0 8.43e+00    -  1.00e+00 1.95e-03h 10
 214  1.1145099e-04 2.36e-03 7.21e-02 -11.0 3.20e+00    -  1.00e+00 4.88e-04h 12
 215  3.6437356e-04 4.03e-04 2.84e-02 -11.0 1.95e-02    -  1.00e+00 1.00e+00w  1
 216  2.5021987e-04 3.56e-03 2.05e-02 -11.0 4.84e-02    -  1.00e+00 1.00e+00w  1
 217  1.9220808e-01 1.84e+00 1.49e+00 -11.0 1.13e+00    -  1.00e+00 1.00e+00w  1
 218  1.1159934e-04 2.21e-03 6.91e-02 -11.0 7.17e-01    -  1.00e+00 6.25e-02h  4
 219  1.1189060e-04 2.16e-03 6.47e-02 -11.0 9.94e-02    -  1.00e+00 3.12e-02h  6
iter    objective    inf_pr   inf_du lg(mu)  ||d||  lg(rg) alpha_du alpha_pr  ls
 220  1.1168641e-04 2.04e-03 5.81e-02 -11.0 5.44e-02    -  1.00e+00 6.25e-02h  5
 221  1.1149155e-04 2.02e-03 5.21e-02 -11.0 1.64e-01    -  1.00e+00 3.12e-02h  6
 222  1.1142989e-04 1.99e-03 4.99e-02 -11.0 7.43e-02    -  1.00e+00 1.56e-02h  7
 223  1.1247608e-04 1.74e-03 4.56e-02 -11.0 1.49e-02    -  1.00e+00 1.25e-01h  4
 224  1.1399768e-04 2.21e-05 2.39e-03 -11.0 3.51e-03    -  1.00e+00 1.00e+00h  1
 225  1.1271228e-04 2.59e-05 3.15e-03 -11.0 7.64e-03    -  1.00e+00 2.50e-01h  3
 226  1.1243293e-04 2.14e-05 3.62e-03 -11.0 4.56e-03    -  1.00e+00 2.50e-01h  3
 227  1.1091166e-04 3.90e-05 3.11e-03 -11.0 4.17e-03    -  1.00e+00 1.00e+00h  1
 228  1.1012848e-04 4.06e-05 3.70e-03 -11.0 3.47e-02    -  1.00e+00 3.12e-02h  6
 229  1.1702340e-04 3.87e-06 1.59e-03 -11.0 1.12e-03    -  1.00e+00 1.00e+00h  1
iter    objective    inf_pr   inf_du lg(mu)  ||d||  lg(rg) alpha_du alpha_pr  ls
 230  1.0932837e-04 4.65e-06 3.80e-04 -11.0 1.02e-03    -  1.00e+00 1.00e+00h  1
 231  1.0945375e-04 1.39e-07 3.24e-04 -11.0 2.00e-04    -  1.00e+00 1.00e+00h  1
 232  1.0924529e-04 7.53e-08 1.10e-04 -11.0 1.37e-04    -  1.00e+00 1.00e+00h  1
 233  1.0922614e-04 1.72e-08 2.45e-05 -11.0 5.62e-05    -  1.00e+00 1.00e+00h  1
 234  1.0901402e-04 5.19e-06 1.78e-03 -11.0 1.02e-03    -  1.00e+00 1.00e+00h  1
 235  1.0897725e-04 5.39e-06 2.16e-03 -11.0 1.84e-02    -  1.00e+00 1.56e-02h  7
 236  1.0993405e-04 3.55e-09 3.56e-04 -11.0 2.53e-03    -  1.00e+00 1.00e+00H  1
 237  1.0890120e-04 4.59e-05 8.84e-03 -11.0 6.81e-03    -  1.00e+00 5.00e-01h  2
 238  1.0874092e-04 4.60e-05 9.69e-03 -11.0 3.01e-02    -  1.00e+00 1.56e-02h  7
 239  1.0849374e-04 3.55e-05 4.58e-03 -11.0 3.05e-03    -  1.00e+00 5.00e-01h  2
iter    objective    inf_pr   inf_du lg(mu)  ||d||  lg(rg) alpha_du alpha_pr  ls
 240  1.0893009e-04 3.10e-05 4.08e-03 -11.0 2.86e-03    -  1.00e+00 1.25e-01h  4
 241  1.0843108e-04 8.95e-06 2.82e-03 -11.0 1.44e-03    -  1.00e+00 1.00e+00h  1
 242  1.0837451e-04 9.01e-06 1.58e-03 -11.0 3.78e-03    -  1.00e+00 1.25e-01h  4
 243  1.0952031e-04 7.73e-09 2.68e-04 -11.0 2.01e-03    -  1.00e+00 1.00e+00H  1
 244  1.1073963e-04 6.85e-10 5.21e-04 -11.0 8.32e-04    -  1.00e+00 1.00e+00H  1
 245  1.0885888e-04 1.06e-06 2.68e-03 -11.0 2.65e-03    -  1.00e+00 1.00e+00H  1
 246  1.0862690e-04 6.33e-07 2.75e-03 -11.0 3.63e-03    -  1.00e+00 1.25e-01h  4
 247  1.0936628e-04 1.78e-09 3.18e-04 -11.0 2.24e-03    -  1.00e+00 1.00e+00H  1
 248  1.0933306e-04 1.40e-08 3.14e-04 -11.0 7.10e-03    -  1.00e+00 7.81e-03h  8
 249  1.0908100e-04 1.94e-07 1.10e-03 -11.0 3.51e-03    -  1.00e+00 6.25e-02h  5
iter    objective    inf_pr   inf_du lg(mu)  ||d||  lg(rg) alpha_du alpha_pr  ls
 250  1.0857164e-04 8.03e-06 1.81e-03 -11.0 1.16e-03    -  1.00e+00 1.00e+00h  1
 251  1.0836670e-04 6.17e-06 1.71e-03 -11.0 7.92e-04    -  1.00e+00 2.50e-01h  3
 252  1.0819375e-04 1.98e-06 5.80e-04 -11.0 6.10e-04    -  1.00e+00 1.00e+00h  1
 253  1.0816436e-04 1.98e-06 6.31e-04 -11.0 2.61e-03    -  1.00e+00 6.25e-02h  5
 254  1.0813965e-04 1.25e-07 6.87e-04 -11.0 1.77e-04    -  1.00e+00 1.00e+00h  1
 255  1.1356820e-04 1.40e-11 1.01e-03 -11.0 2.73e-03    -  1.00e+00 1.00e+00H  1
 256  1.0815159e-04 1.10e-08 6.19e-05 -11.0 2.10e-03    -  1.00e+00 1.00e+00H  1
 257  1.1409029e-04 2.02e-11 9.21e-04 -11.0 1.25e-03    -  1.00e+00 1.00e+00H  1
 258  1.0809736e-04 1.39e-06 6.95e-04 -11.0 7.73e-04    -  1.00e+00 1.00e+00h  1
 259  1.0805193e-04 3.23e-07 9.60e-04 -11.0 3.46e-04    -  1.00e+00 1.00e+00h  1
iter    objective    inf_pr   inf_du lg(mu)  ||d||  lg(rg) alpha_du alpha_pr  ls
 260  1.1049549e-04 8.36e-10 3.84e-04 -11.0 3.44e-03    -  1.00e+00 1.00e+00H  1
 261  1.1045412e-04 1.44e-09 3.79e-04 -11.0 1.97e-03    -  1.00e+00 7.81e-03h  8
 262  1.1040787e-04 7.76e-10 4.38e-04 -11.0 4.61e-03    -  1.00e+00 1.00e+00H  1
 263  1.1039322e-04 2.84e-10 4.36e-04 -11.0 1.38e-02    -  1.00e+00 9.77e-04h 11
 264  1.1032524e-04 3.04e-11 6.78e-04 -11.0 1.15e-03    -  1.00e+00 1.00e+00H  1
 265  1.0975793e-04 4.44e-05 8.67e-03 -11.0 3.65e-03    -  1.00e+00 1.00e+00h  1
 266  1.0929894e-04 3.94e-05 6.74e-03 -11.0 4.54e-03    -  1.00e+00 1.25e-01h  4
 267  1.0944292e-04 2.61e-05 3.43e-03 -11.0 3.31e-03    -  1.00e+00 1.00e+00h  1
 268  1.0923416e-04 2.60e-05 4.53e-03 -11.0 1.20e-02    -  1.00e+00 6.25e-02h  5
 269  1.0803659e-04 1.23e-05 9.56e-04 -11.0 2.35e-03    -  1.00e+00 1.00e+00h  1
iter    objective    inf_pr   inf_du lg(mu)  ||d||  lg(rg) alpha_du alpha_pr  ls
 270  1.0915751e-04 1.19e-05 2.59e-03 -11.0 5.29e-03    -  1.00e+00 1.25e-01h  4
 271  1.0803097e-04 4.91e-07 5.15e-04 -11.0 4.02e-04    -  1.00e+00 1.00e+00h  1
 272  1.0804477e-04 2.88e-08 1.96e-03 -11.0 1.16e-03    -  1.00e+00 1.00e+00H  1
 273  1.0992116e-04 1.71e-09 4.47e-04 -11.0 5.09e-04    -  1.00e+00 1.00e+00H  1
 274  1.0787686e-04 1.62e-06 1.67e-04 -11.0 7.59e-04    -  1.00e+00 1.00e+00h  1
 275  1.0790174e-04 2.17e-08 7.97e-05 -11.0 6.85e-05    -  1.00e+00 1.00e+00h  1
 276  1.0787275e-04 1.12e-08 1.05e-05 -11.0 4.70e-05    -  1.00e+00 1.00e+00h  1
 277  1.0787090e-04 7.09e-10 1.03e-05 -11.0 1.39e-05    -  1.00e+00 1.00e+00h  1
 278  1.0790784e-04 3.12e-12 1.13e-04 -11.0 9.81e-04    -  1.00e+00 1.00e+00H  1
 279  1.0790642e-04 2.41e-10 1.12e-04 -11.0 1.09e-02    -  1.00e+00 9.77e-04h 11
iter    objective    inf_pr   inf_du lg(mu)  ||d||  lg(rg) alpha_du alpha_pr  ls
 280  1.0790448e-04 3.25e-10 1.12e-04 -11.0 2.29e-03    -  1.00e+00 3.91e-03h  9
 281  1.0776107e-04 1.71e-06 6.46e-03 -11.0 8.19e-04    -  1.00e+00 1.00e+00h  1
 282  1.0780409e-04 1.28e-06 5.98e-03 -11.0 4.63e-04    -  1.00e+00 2.50e-01h  3
 283  1.0770885e-04 4.44e-06 1.09e-02 -11.0 1.39e-03    -  1.00e+00 1.00e+00h  1
 284  1.0774896e-04 4.30e-06 1.24e-02 -11.0 7.26e-03    -  1.00e+00 3.12e-02h  6
 285  1.0767133e-04 6.36e-08 3.08e-03 -11.0 1.51e-04    -  1.00e+00 1.00e+00h  1
 286  1.0769474e-04 9.18e-10 6.35e-05 -11.0 4.61e-04    -  1.00e+00 1.00e+00H  1
 287  1.0807009e-04 1.52e-12 2.41e-04 -11.0 7.94e-04    -  1.00e+00 1.00e+00H  1
 288  1.0806903e-04 1.84e-12 2.41e-04 -11.0 8.05e-04    -  1.00e+00 9.77e-04h 11
 289  1.0806828e-04 1.34e-12 2.41e-04 -11.0 2.01e-03    -  1.00e+00 4.88e-04h 12
iter    objective    inf_pr   inf_du lg(mu)  ||d||  lg(rg) alpha_du alpha_pr  ls
 290  1.0806793e-04 1.55e-12 2.41e-04 -11.0 5.21e-03    -  1.00e+00 1.22e-04h 14
 291  1.0806749e-04 1.77e-12 2.41e-04 -11.0 2.30e-03    -  1.00e+00 2.44e-04h 13
 292  1.0852177e-04 1.35e-12 5.07e-04 -11.0 1.81e-03    -  1.00e+00 1.00e+00H  1
 293  1.0852120e-04 1.60e-12 5.07e-04 -11.0 2.72e-03    -  1.00e+00 1.22e-04h 14
 294  1.0760442e-04 1.03e-06 3.31e-04 -11.0 6.83e-04    -  1.00e+00 1.00e+00h  1
 295  1.0772928e-04 5.61e-07 1.22e-03 -11.0 5.19e-04    -  1.00e+00 5.00e-01h  2
 296  1.0757514e-04 3.69e-08 1.40e-03 -11.0 1.02e-04    -  1.00e+00 1.00e+00h  1
 297  1.0757394e-04 8.85e-09 2.43e-05 -11.0 5.98e-05    -  1.00e+00 1.00e+00h  1
 298  1.0756680e-04 1.44e-07 1.89e-03 -11.0 2.57e-04    -  1.00e+00 1.00e+00h  1
 299  1.0755724e-04 1.20e-06 6.08e-03 -11.0 5.11e-03    -  1.00e+00 1.25e-01h  4
iter    objective    inf_pr   inf_du lg(mu)  ||d||  lg(rg) alpha_du alpha_pr  ls
 300  1.0755678e-04 1.25e-06 7.20e-03 -11.0 1.10e-02    -  1.00e+00 1.56e-02h  7
 301  1.0785581e-04 7.90e-09 1.97e-04 -11.0 8.31e-04    -  1.00e+00 1.00e+00H  1
 302  1.0774339e-04 4.77e-09 1.75e-04 -11.0 7.57e-04    -  1.00e+00 1.00e+00H  1
 303  1.0755555e-04 1.59e-07 1.45e-03 -11.0 1.04e-03    -  1.00e+00 2.50e-01h  3
 304  1.0740562e-04 3.98e-06 3.02e-03 -11.0 1.09e-03    -  1.00e+00 1.00e+00h  1
 305  1.0740016e-04 3.95e-06 3.76e-03 -11.0 6.96e-03    -  1.00e+00 1.56e-02h  7
 306  1.0738257e-04 2.02e-07 1.06e-03 -11.0 3.18e-04    -  1.00e+00 1.00e+00h  1
 307  1.0737000e-04 8.58e-07 3.45e-03 -11.0 4.33e-03    -  1.00e+00 1.25e-01h  4
 308  1.0733774e-04 1.61e-06 6.78e-03 -11.0 2.12e-02    -  1.00e+00 3.12e-02h  6
 309  1.0733057e-04 1.64e-06 7.12e-03 -11.0 9.84e-03    -  1.00e+00 1.56e-02h  7
iter    objective    inf_pr   inf_du lg(mu)  ||d||  lg(rg) alpha_du alpha_pr  ls
 310  1.0726705e-04 2.18e-06 2.27e-03 -11.0 9.80e-04    -  1.00e+00 1.00e+00h  1
 311  1.0723364e-04 4.65e-06 3.77e-03 -11.0 3.25e-02    -  1.00e+00 3.12e-02h  6
 312  1.0720879e-04 5.96e-06 6.88e-03 -11.0 2.74e-02    -  1.00e+00 3.12e-02h  6
 313  1.0719112e-04 6.72e-06 9.16e-03 -11.0 4.19e-02    -  1.00e+00 1.56e-02h  7
 314  1.0716886e-04 1.20e-05 1.39e-02 -11.0 1.01e-01    -  1.00e+00 1.56e-02h  7
 315  1.0714680e-04 1.52e-05 1.78e-02 -11.0 1.67e-01    -  1.00e+00 7.81e-03h  8
 316  1.0710954e-04 1.59e-05 2.03e-02 -11.0 1.07e-01    -  1.00e+00 7.81e-03h  8
 317  1.0713873e-04 1.51e-05 1.89e-02 -11.0 1.72e-02    -  1.00e+00 3.12e-02h  6
 318  1.0715496e-04 1.23e-05 1.25e-02 -11.0 2.22e-03    -  1.00e+00 2.50e-01h  3
 319  1.0706926e-04 9.71e-06 7.38e-03 -11.0 1.51e-03    -  1.00e+00 2.50e-01h  3
iter    objective    inf_pr   inf_du lg(mu)  ||d||  lg(rg) alpha_du alpha_pr  ls
 320  1.0706464e-04 4.82e-06 3.58e-03 -11.0 9.31e-04    -  1.00e+00 5.00e-01h  2
 321  1.0866753e-04 1.06e-05 8.08e-03 -11.0 1.98e-03    -  1.00e+00 1.00e+00w  1
 322  1.0940256e-04 4.89e-06 1.64e-02 -11.0 1.73e-03    -  1.00e+00 1.00e+00w  1
 323  1.3260825e-04 4.50e-05 9.03e-03 -11.0 5.14e-03    -  1.00e+00 1.00e+00w  1
 324  1.0724657e-04 5.04e-06 5.52e-03 -11.0 3.61e-03    -  1.00e+00 5.00e-01h  1
 325  1.0698085e-04 6.24e-07 1.97e-03 -11.0 6.18e-04    -  1.00e+00 1.00e+00h  1
 326  1.0968752e-04 4.64e-13 6.21e-04 -11.0 8.63e-04    -  1.00e+00 1.00e+00H  1
 327  1.0687289e-04 1.31e-06 4.19e-04 -11.0 8.08e-04    -  1.00e+00 1.00e+00h  1
 328  1.0692524e-04 1.71e-08 9.22e-05 -11.0 7.03e-05    -  1.00e+00 1.00e+00h  1
 329  1.0685587e-04 4.62e-09 1.12e-05 -11.0 4.92e-05    -  1.00e+00 1.00e+00h  1
iter    objective    inf_pr   inf_du lg(mu)  ||d||  lg(rg) alpha_du alpha_pr  ls
 330  1.0685368e-04 4.48e-10 1.09e-05 -11.0 9.69e-06    -  1.00e+00 1.00e+00h  1
 331  1.0683189e-04 2.50e-07 6.03e-04 -11.0 3.67e-03    -  1.00e+00 6.25e-02h  5
 332  1.0681714e-04 3.29e-07 9.05e-04 -11.0 2.55e-03    -  1.00e+00 6.25e-02h  5
 333  1.0722091e-04 4.14e-10 2.23e-04 -11.0 2.24e-03    -  1.00e+00 1.00e+00H  1
 334  1.0721779e-04 9.76e-11 2.22e-04 -11.0 1.06e-02    -  1.00e+00 9.77e-04h 11
 335  1.0721137e-04 3.71e-10 2.22e-04 -11.0 5.42e-03    -  1.00e+00 1.95e-03h 10
 336  1.0720825e-04 4.58e-10 2.21e-04 -11.0 4.01e-03    -  1.00e+00 9.77e-04h 11
 337  1.0720660e-04 4.63e-10 2.22e-04 -11.0 7.11e-03    -  1.00e+00 4.88e-04h 12
 338  1.0982337e-04 1.42e-10 8.81e-04 -11.0 2.41e-03    -  1.00e+00 1.00e+00H  1
 339  1.2616744e-04 1.02e-10 2.17e-03 -11.0 1.93e-03    -  1.00e+00 1.00e+00H  1
iter    objective    inf_pr   inf_du lg(mu)  ||d||  lg(rg) alpha_du alpha_pr  ls
 340  1.0734099e-04 1.23e-10 3.01e-04 -11.0 1.30e-03    -  1.00e+00 1.00e+00H  1
 341  1.0656982e-04 3.88e-06 1.77e-03 -11.0 7.24e-04    -  1.00e+00 1.00e+00h  1
 342  1.0675525e-04 4.73e-08 1.08e-03 -11.0 1.22e-04    -  1.00e+00 1.00e+00h  1
 343  1.0654948e-04 7.58e-08 1.95e-04 -11.0 1.01e-04    -  1.00e+00 1.00e+00h  1
 344  1.0654705e-04 1.32e-09 1.04e-05 -11.0 1.50e-05    -  1.00e+00 1.00e+00h  1
 345  1.0654197e-04 3.47e-08 6.36e-04 -11.0 1.21e-03    -  1.00e+00 6.25e-02h  5
 346  1.0652332e-04 2.81e-07 7.00e-04 -11.0 2.25e-04    -  1.00e+00 1.00e+00h  1
 347  1.0726634e-04 1.09e-10 3.48e-04 -11.0 5.32e-04    -  1.00e+00 1.00e+00H  1
 348  1.0651535e-04 9.82e-07 4.48e-04 -11.0 5.00e-04    -  1.00e+00 1.00e+00h  1
 349  1.0653065e-04 6.86e-09 6.36e-05 -11.0 6.01e-05    -  1.00e+00 1.00e+00h  1
iter    objective    inf_pr   inf_du lg(mu)  ||d||  lg(rg) alpha_du alpha_pr  ls
 350  1.0651585e-04 7.23e-09 5.05e-06 -11.0 4.49e-05    -  1.00e+00 1.00e+00h  1
 351  1.0651440e-04 1.55e-09 7.04e-06 -11.0 1.71e-05    -  1.00e+00 1.00e+00h  1
 352  1.0659530e-04 4.68e-10 2.12e-04 -11.0 9.08e-04    -  1.00e+00 1.00e+00H  1
 353  1.0659413e-04 8.12e-10 2.12e-04 -11.0 4.14e-03    -  1.00e+00 1.95e-03h 10
 354  1.0648612e-04 9.51e-07 1.57e-03 -11.0 4.31e-04    -  1.00e+00 1.00e+00h  1
 355  1.0649030e-04 7.21e-07 1.76e-03 -11.0 2.81e-04    -  1.00e+00 2.50e-01h  3
 356  1.0643828e-04 5.44e-07 1.63e-03 -11.0 3.31e-04    -  1.00e+00 1.00e+00h  1
 357  1.0642630e-04 3.95e-06 6.39e-03 -11.0 6.70e-03    -  1.00e+00 1.25e-01h  4
 358  1.0642493e-04 3.91e-06 6.14e-03 -11.0 5.55e-03    -  1.00e+00 1.56e-02h  7
 359  1.0639617e-04 2.27e-06 1.90e-03 -11.0 6.82e-04    -  1.00e+00 1.00e+00h  1
iter    objective    inf_pr   inf_du lg(mu)  ||d||  lg(rg) alpha_du alpha_pr  ls
 360  1.0637828e-04 3.28e-06 2.69e-03 -11.0 3.17e-02    -  1.00e+00 1.56e-02h  7
 361  1.0637198e-04 3.25e-06 2.57e-03 -11.0 5.03e-03    -  1.00e+00 1.56e-02h  7
 362  1.0632856e-04 6.93e-07 1.27e-03 -11.0 4.31e-04    -  1.00e+00 1.00e+00h  1
 363  1.0629522e-04 9.53e-07 1.84e-03 -11.0 3.86e-03    -  1.00e+00 6.25e-02h  5
 364  1.0627217e-04 7.19e-07 2.53e-03 -11.0 6.33e-03    -  1.00e+00 6.25e-02h  5
 365  1.0624761e-04 9.99e-07 3.53e-03 -11.0 1.76e-02    -  1.00e+00 3.12e-02h  6
 366  1.0621972e-04 2.01e-06 4.95e-03 -11.0 9.04e-02    -  1.00e+00 7.81e-03h  8
 367  1.0616496e-04 6.82e-06 8.50e-03 -11.0 2.16e-01    -  1.00e+00 7.81e-03h  8
 368  1.0615229e-04 7.04e-06 9.26e-03 -11.0 1.11e-01    -  1.00e+00 3.91e-03h  9
 369  1.0605253e-04 2.62e-05 1.14e-02 -11.0 1.20e-02    -  1.00e+00 2.50e-01h  3
iter    objective    inf_pr   inf_du lg(mu)  ||d||  lg(rg) alpha_du alpha_pr  ls
 370  1.0604706e-04 2.62e-05 1.16e-02 -11.0 4.78e-02    -  1.00e+00 3.91e-03h  9
 371  1.0602873e-04 2.15e-05 1.07e-02 -11.0 4.89e-03    -  1.00e+00 2.50e-01h  3
 372  1.0602641e-04 2.31e-05 1.19e-02 -11.0 8.51e-02    -  1.00e+00 1.56e-02h  7
 373  2.3061667e-04 7.18e-04 3.00e-02 -11.0 1.44e-02    -  1.00e+00 1.00e+00w  1
 374  1.0815168e-04 5.59e-04 1.21e-02 -11.0 1.35e-02    -  1.00e+00 1.00e+00w  1
 375  3.9585074e-04 2.59e-03 4.73e-02 -11.0 3.08e-02    -  1.00e+00 1.00e+00w  1
 376  1.0600006e-04 2.28e-05 1.12e-02 -11.0 1.41e-02    -  1.00e+00 1.56e-02h  6
 377  1.0590721e-04 2.24e-05 1.06e-02 -11.0 8.11e-03    -  1.00e+00 1.25e-01h  4
 378  1.0585733e-04 2.31e-05 1.08e-02 -11.0 4.68e-02    -  1.00e+00 1.56e-02h  7
 379  1.0589755e-04 2.24e-05 1.07e-02 -11.0 8.52e-03    -  1.00e+00 3.12e-02h  6
iter    objective    inf_pr   inf_du lg(mu)  ||d||  lg(rg) alpha_du alpha_pr  ls
 380  1.0589430e-04 1.57e-06 1.96e-03 -11.0 6.99e-04    -  1.00e+00 1.00e+00h  1
 381  1.0585321e-04 1.56e-06 1.84e-03 -11.0 2.37e-03    -  1.00e+00 1.25e-01h  4
 382  1.0583801e-04 1.66e-06 1.03e-03 -11.0 1.74e-03    -  1.00e+00 2.50e-01h  3
 383  1.0582482e-04 1.88e-06 1.30e-03 -11.0 1.35e-03    -  1.00e+00 2.50e-01h  3
 384  1.0601643e-04 4.32e-08 1.92e-03 -11.0 9.06e-04    -  1.00e+00 1.00e+00H  1
 385  1.0599454e-04 3.09e-07 2.88e-03 -11.0 3.67e-03    -  1.00e+00 1.25e-01h  4
 386  1.0592126e-04 4.17e-07 2.90e-03 -11.0 2.17e-03    -  1.00e+00 1.25e-01h  4
 387  1.0578336e-04 7.02e-07 3.52e-03 -11.0 3.30e-03    -  1.00e+00 1.25e-01h  4
 388  1.0567876e-04 3.24e-06 2.86e-03 -11.0 7.66e-03    -  1.00e+00 1.25e-01h  4
 389  1.0573979e-04 3.20e-06 3.42e-03 -11.0 5.14e-03    -  1.00e+00 3.12e-02h  6
iter    objective    inf_pr   inf_du lg(mu)  ||d||  lg(rg) alpha_du alpha_pr  ls
 390  1.0564919e-04 1.50e-08 1.45e-05 -11.0 7.17e-05    -  1.00e+00 1.00e+00h  1
 391  1.0564085e-04 6.18e-09 1.09e-05 -11.0 6.61e-05    -  1.00e+00 1.00e+00h  1
 392  1.0674080e-04 2.44e-11 4.85e-04 -11.0 2.18e-03    -  1.00e+00 1.00e+00H  1
 393  1.0673530e-04 1.36e-10 4.84e-04 -11.0 4.91e-03    -  1.00e+00 1.95e-03h 10
 394  1.0649470e-04 7.12e-09 4.30e-04 -11.0 4.22e-03    -  1.00e+00 1.56e-02h  7
 395  1.0554053e-04 1.11e-06 1.72e-03 -11.0 9.43e-04    -  1.00e+00 1.00e+00h  1
 396  1.1103895e-04 3.70e-12 1.05e-03 -11.0 1.88e-03    -  1.00e+00 1.00e+00H  1
 397  1.0534341e-04 4.25e-06 1.57e-02 -11.0 1.38e-03    -  1.00e+00 1.00e+00h  1
 398  1.0534346e-04 2.43e-06 6.17e-03 -11.0 7.36e-04    -  1.00e+00 5.00e-01h  2
 399  1.0523725e-04 1.69e-06 1.89e-03 -11.0 9.69e-04    -  1.00e+00 5.00e-01h  2
iter    objective    inf_pr   inf_du lg(mu)  ||d||  lg(rg) alpha_du alpha_pr  ls
 400  1.0532465e-04 1.28e-06 2.41e-03 -11.0 9.06e-04    -  1.00e+00 1.00e+00h  1
 401  1.0523585e-04 4.00e-06 7.77e-03 -11.0 5.54e-03    -  1.00e+00 2.50e-01h  3
 402  1.0516442e-04 7.04e-06 1.31e-02 -11.0 4.60e-02    -  1.00e+00 3.12e-02h  6
 403  1.0513739e-04 6.97e-06 1.50e-02 -11.0 1.10e-02    -  1.00e+00 3.12e-02h  6
 404  1.0519363e-04 5.15e-06 1.91e-02 -11.0 1.80e-03    -  1.00e+00 5.00e-01h  2
 405  1.0500671e-04 1.03e-05 3.08e-02 -11.0 1.68e-02    -  1.00e+00 1.25e-01h  4
 406  1.0494602e-04 1.05e-05 3.46e-02 -11.0 3.48e-02    -  1.00e+00 1.56e-02h  7
 407  1.0476320e-04 5.43e-05 6.17e-02 -11.0 2.38e-02    -  1.00e+00 2.50e-01h  3
 408  1.0468047e-04 5.77e-05 6.95e-02 -11.0 8.10e-01    -  1.00e+00 1.95e-03h 10
 409  1.0459002e-04 6.27e-05 7.79e-02 -11.0 2.63e-01    -  1.00e+00 7.81e-03h  8
iter    objective    inf_pr   inf_du lg(mu)  ||d||  lg(rg) alpha_du alpha_pr  ls
 410  1.0454570e-04 6.69e-05 8.54e-02 -11.0 4.79e-01    -  1.00e+00 3.91e-03h  9
 411  9.8841042e-03 8.25e-02 1.83e+00 -11.0 2.41e-01    -  1.00e+00 1.00e+00w  1
 412  9.2971007e-03 3.10e-02 5.10e-01 -11.0 1.08e-01    -  1.00e+00 1.00e+00w  1
 413  4.8612639e-02 1.05e-01 3.28e+00 -11.0 2.56e-01    -  1.00e+00 1.00e+00w  1
 414  1.0449627e-04 6.79e-05 7.93e-02 -11.0 8.27e-02    -  1.00e+00 3.91e-03h  8
 415  1.0454980e-04 3.44e-05 3.53e-02 -11.0 1.70e-03    -  1.00e+00 5.00e-01h  2
 416  1.0507348e-04 6.46e-07 1.18e-02 -11.0 1.15e-03    -  1.00e+00 1.00e+00h  1
 417  1.0461384e-04 5.62e-07 2.64e-03 -11.0 4.60e-04    -  1.00e+00 1.00e+00h  1
 418  1.0453334e-04 9.50e-07 9.61e-03 -11.0 8.81e-04    -  1.00e+00 1.00e+00h  1
 419  1.0532663e-04 6.82e-08 2.21e-03 -11.0 1.19e-03    -  1.00e+00 1.00e+00H  1
iter    objective    inf_pr   inf_du lg(mu)  ||d||  lg(rg) alpha_du alpha_pr  ls
 420  1.0526396e-04 2.38e-07 1.56e-02 -11.0 1.79e-03    -  1.00e+00 1.00e+00H  1
 421  1.0473052e-04 2.66e-07 1.17e-02 -11.0 1.47e-03    -  1.00e+00 2.50e-01h  3
 422  1.0503235e-04 5.46e-08 2.70e-04 -11.0 2.09e-03    -  1.00e+00 1.00e+00H  1
 423  1.0965847e-04 2.13e-11 7.48e-04 -11.0 8.43e-04    -  1.00e+00 1.00e+00H  1
 424  1.0405975e-04 1.41e-06 3.47e-03 -11.0 1.11e-03    -  1.00e+00 1.00e+00h  1
 425  1.0419103e-04 1.31e-07 2.45e-03 -11.0 4.58e-04    -  1.00e+00 1.00e+00h  1
 426  1.0405306e-04 1.48e-08 7.18e-05 -11.0 8.37e-05    -  1.00e+00 1.00e+00h  1
 427  1.0402476e-04 5.59e-09 1.55e-05 -11.0 8.11e-05    -  1.00e+00 1.00e+00h  1
 428  1.0401881e-04 5.31e-09 1.81e-05 -11.0 4.42e-05    -  1.00e+00 1.00e+00h  1
 429  1.0400623e-04 1.73e-08 5.72e-04 -11.0 1.04e-04    -  1.00e+00 1.00e+00h  1
iter    objective    inf_pr   inf_du lg(mu)  ||d||  lg(rg) alpha_du alpha_pr  ls
 430  1.0414121e-04 6.25e-10 1.91e-04 -11.0 1.06e-03    -  1.00e+00 1.00e+00H  1
 431  1.0413202e-04 1.47e-09 1.89e-04 -11.0 2.30e-03    -  1.00e+00 1.56e-02h  7
 432  1.0410973e-04 2.65e-09 1.69e-04 -11.0 2.65e-03    -  1.00e+00 1.56e-02h  7
 433  1.0403539e-04 3.49e-10 1.51e-04 -11.0 7.93e-04    -  1.00e+00 1.00e+00H  1
 434  1.0429739e-04 2.02e-10 2.04e-04 -11.0 4.01e-04    -  1.00e+00 1.00e+00H  1
 435  1.0389998e-04 1.06e-07 2.88e-04 -11.0 1.98e-04    -  1.00e+00 1.00e+00h  1
 436  1.0389222e-04 1.34e-08 3.24e-05 -11.0 1.38e-04    -  1.00e+00 1.00e+00h  1
 437  1.0388196e-04 9.17e-09 1.26e-05 -11.0 7.03e-05    -  1.00e+00 1.00e+00h  1
 438  1.0387689e-04 1.17e-08 2.09e-05 -11.0 6.18e-05    -  1.00e+00 1.00e+00h  1
 439  1.0391073e-04 2.15e-10 1.70e-04 -11.0 2.30e-04    -  1.00e+00 1.00e+00H  1
iter    objective    inf_pr   inf_du lg(mu)  ||d||  lg(rg) alpha_du alpha_pr  ls
 440  1.0387410e-04 3.07e-07 1.25e-03 -11.0 2.61e-04    -  1.00e+00 1.00e+00h  1
 441  1.0487282e-04 4.77e-13 3.83e-04 -11.0 4.27e-04    -  1.00e+00 1.00e+00H  1
 442  1.0384313e-04 6.88e-07 2.77e-04 -11.0 4.10e-04    -  1.00e+00 1.00e+00h  1
 443  1.0384558e-04 8.52e-09 2.49e-05 -11.0 4.20e-05    -  1.00e+00 1.00e+00h  1
 444  1.0383749e-04 4.26e-09 9.49e-06 -11.0 2.76e-05    -  1.00e+00 1.00e+00h  1
 445  1.0383362e-04 2.59e-08 3.66e-04 -11.0 7.97e-05    -  1.00e+00 1.00e+00h  1
 446  1.0399002e-04 6.29e-11 1.38e-04 -11.0 1.28e-03    -  1.00e+00 1.00e+00H  1
 447  1.0398808e-04 5.79e-11 1.38e-04 -11.0 1.75e-03    -  1.00e+00 3.91e-03h  9
 448  1.0382547e-04 2.04e-06 3.54e-03 -11.0 6.16e-04    -  1.00e+00 1.00e+00h  1
 449  1.0382514e-04 1.80e-06 2.61e-03 -11.0 9.24e-04    -  1.00e+00 1.25e-01h  4
iter    objective    inf_pr   inf_du lg(mu)  ||d||  lg(rg) alpha_du alpha_pr  ls
 450  1.0380590e-04 3.34e-07 6.78e-04 -11.0 2.83e-04    -  1.00e+00 1.00e+00h  1
 451  1.0379963e-04 4.21e-07 1.76e-03 -11.0 3.39e-03    -  1.00e+00 6.25e-02h  5
 452  1.0452259e-04 2.91e-11 3.41e-04 -11.0 6.73e-04    -  1.00e+00 1.00e+00H  1
 453  1.0380626e-04 2.37e-08 2.57e-03 -11.0 5.71e-04    -  1.00e+00 1.00e+00H  1
 454  1.0501222e-04 1.52e-13 3.81e-04 -11.0 2.42e-04    -  1.00e+00 1.00e+00H  1
 455  1.0378349e-04 2.09e-07 4.62e-04 -11.0 2.09e-04    -  1.00e+00 1.00e+00h  1
 456  1.0378184e-04 9.58e-10 5.59e-06 -11.0 2.03e-05    -  1.00e+00 1.00e+00h  1
 457  1.0375866e-04 1.05e-06 7.39e-03 -11.0 6.24e-04    -  1.00e+00 1.00e+00h  1
 458  1.0374577e-04 4.00e-06 2.12e-02 -11.0 2.82e-01    -  1.00e+00 3.91e-03h  9
 459  1.0373964e-04 4.02e-06 2.44e-02 -11.0 2.81e-02    -  1.00e+00 7.81e-03h  8
iter    objective    inf_pr   inf_du lg(mu)  ||d||  lg(rg) alpha_du alpha_pr  ls
 460  1.0372853e-04 4.74e-06 3.46e-02 -11.0 2.43e-02    -  1.00e+00 3.12e-02h  6
 461  1.0370712e-04 5.56e-06 4.96e-02 -11.0 3.05e-02    -  1.00e+00 3.12e-02h  6
 462  1.0369572e-04 7.75e-06 6.66e-02 -11.0 1.56e-01    -  1.00e+00 7.81e-03h  8
 463  1.0366687e-04 8.87e-06 7.85e-02 -11.0 2.18e-01    -  1.00e+00 3.91e-03h  9
 464  1.0366248e-04 2.85e-05 1.26e-01 -11.0 2.26e-01    -  1.00e+00 1.56e-02h  7
 465  1.0366224e-04 3.97e-05 1.69e-01 -11.0 3.97e-01    -  1.00e+00 7.81e-03h  8
 466  1.0364146e-04 3.97e-05 1.76e-01 -11.0 1.29e-01    -  1.00e+00 3.91e-03h  9
 467  1.0359937e-04 4.17e-05 1.72e-01 -11.0 1.65e-02    -  1.00e+00 6.25e-02h  5
 468  1.8915465e-04 2.08e-03 4.26e-02 -11.0 2.36e-02    -  1.00e+00 1.00e+00w  1
 469  1.9465995e-04 1.60e-04 1.45e-01 -11.0 7.64e-03    -  1.00e+00 1.00e+00w  1
iter    objective    inf_pr   inf_du lg(mu)  ||d||  lg(rg) alpha_du alpha_pr  ls
 470  5.3714318e-04 3.32e-03 1.05e-01 -11.0 2.07e-02    -  1.00e+00 1.00e+00w  1
 471  1.0355188e-04 4.23e-05 1.65e-01 -11.0 1.50e-02    -  1.00e+00 3.12e-02h  5
 472  1.0347538e-04 3.30e-05 1.07e-01 -11.0 4.82e-03    -  1.00e+00 2.50e-01h  3
 473  1.0345273e-04 3.99e-05 7.64e-02 -11.0 6.69e-02    -  1.00e+00 3.12e-02h  6
 474  1.0342232e-04 3.96e-05 7.23e-02 -11.0 2.74e-02    -  1.00e+00 7.81e-03h  8
 475  1.0352468e-04 8.03e-07 1.24e-02 -11.0 5.86e-04    -  1.00e+00 1.00e+00h  1
 476  1.0339981e-04 9.01e-07 3.50e-03 -11.0 2.58e-03    -  1.00e+00 2.50e-01h  3
 477  1.0335675e-04 8.49e-07 1.67e-03 -11.0 2.83e-03    -  1.00e+00 6.25e-02h  5
 478  1.0325307e-04 4.24e-07 3.95e-03 -11.0 5.05e-04    -  1.00e+00 1.00e+00h  1
 479  1.0324306e-04 4.19e-07 3.24e-03 -11.0 1.91e-03    -  1.00e+00 3.12e-02h  6
iter    objective    inf_pr   inf_du lg(mu)  ||d||  lg(rg) alpha_du alpha_pr  ls
 480  1.0322738e-04 4.15e-08 1.33e-03 -11.0 1.33e-04    -  1.00e+00 1.00e+00h  1
 481  1.0321278e-04 3.58e-06 2.31e-02 -11.0 1.27e-02    -  1.00e+00 1.25e-01h  4
 482  1.0320082e-04 3.70e-06 2.85e-02 -11.0 5.02e-02    -  1.00e+00 7.81e-03h  8
 483  1.0320024e-04 3.48e-06 2.81e-02 -11.0 1.89e-03    -  1.00e+00 6.25e-02h  5
 484  1.0310573e-04 1.43e-07 1.04e-02 -11.0 2.75e-04    -  1.00e+00 1.00e+00h  1
 485  1.0308691e-04 1.61e-07 1.23e-02 -11.0 1.81e-03    -  1.00e+00 1.25e-01h  4
 486  1.0307725e-04 2.70e-07 1.59e-02 -11.0 4.72e-03    -  1.00e+00 6.25e-02h  5
 487  1.0307023e-04 3.50e-07 2.02e-02 -11.0 1.04e-02    -  1.00e+00 3.12e-02h  6
 488  1.0305976e-04 8.86e-07 3.03e-02 -11.0 4.58e-02    -  1.00e+00 1.56e-02h  7
 489  1.0301213e-04 4.16e-06 5.25e-02 -11.0 3.17e-02    -  1.00e+00 6.25e-02h  5
iter    objective    inf_pr   inf_du lg(mu)  ||d||  lg(rg) alpha_du alpha_pr  ls
 490  1.0296492e-04 5.94e-06 7.07e-02 -11.0 3.98e-01    -  1.00e+00 3.91e-03h  9
 491  1.0295462e-04 6.00e-06 7.66e-02 -11.0 7.28e-02    -  1.00e+00 7.81e-03h  8
 492  1.0290752e-04 5.57e-06 7.93e-02 -11.0 1.37e-02    -  1.00e+00 6.25e-02h  5
 493  1.0289358e-04 6.00e-06 9.84e-02 -11.0 6.59e-02    -  1.00e+00 3.12e-02h  6
 494  1.0284197e-04 7.68e-06 1.27e-01 -11.0 3.60e-01    -  1.00e+00 7.81e-03h  8
 495  7.1752957e-03 1.00e-01 3.05e+00 -11.0 4.83e-01    -  1.00e+00 1.00e+00w  1
 496  2.5214644e-03 4.81e-02 1.85e+00 -11.0 2.35e-01    -  1.00e+00 1.00e+00w  1
 497  9.4527943e+00 8.70e+00 4.09e+01 -11.0 5.40e+00    -  1.00e+00 1.00e+00w  1
 498  1.0282301e-04 8.31e-06 1.45e-01 -11.0 7.36e+01    -  1.00e+00 3.91e-03h  8
 499  1.0283280e-04 8.19e-06 1.41e-01 -11.0 8.70e-03    -  1.00e+00 1.56e-02h  7
iter    objective    inf_pr   inf_du lg(mu)  ||d||  lg(rg) alpha_du alpha_pr  ls
 500  1.0283674e-04 1.42e-06 3.52e-02 -11.0 1.48e-03    -  1.00e+00 1.00e+00h  1
 501  1.0306439e-04 1.68e-06 1.65e-02 -11.0 2.43e-02    -  1.00e+00 6.25e-02h  5
 502  1.0300600e-04 1.82e-06 8.48e-03 -11.0 2.19e-02    -  1.00e+00 3.12e-02h  6
 503  1.0296376e-04 2.33e-06 3.44e-03 -11.0 6.81e-02    -  1.00e+00 1.56e-02h  7
 504  1.0293145e-04 2.37e-06 5.76e-03 -11.0 7.40e-02    -  1.00e+00 3.91e-03h  9
 505  1.0288366e-04 2.37e-06 7.72e-03 -11.0 2.41e-02    -  1.00e+00 7.81e-03h  8
 506  1.0279832e-04 2.32e-06 1.27e-02 -11.0 8.26e-03    -  1.00e+00 6.25e-02h  5
 507  1.0269502e-04 2.24e-06 7.83e-03 -11.0 1.76e-02    -  1.00e+00 3.12e-02h  6
 508  1.0266128e-04 6.10e-06 2.32e-02 -11.0 4.78e-02    -  1.00e+00 6.25e-02h  5
 509  1.0266189e-04 5.82e-06 2.01e-02 -11.0 3.66e-02    -  1.00e+00 7.81e-03h  8
iter    objective    inf_pr   inf_du lg(mu)  ||d||  lg(rg) alpha_du alpha_pr  ls
 510  1.0267540e-04 9.03e-07 1.18e-02 -11.0 5.83e-04    -  1.00e+00 1.00e+00h  1
 511  1.0369226e-04 1.86e-08 4.48e-04 -11.0 3.55e-03    -  1.00e+00 1.00e+00H  1
 512  1.0364729e-04 2.55e-08 1.92e-03 -11.0 1.86e-02    -  1.00e+00 7.81e-03h  8
 513  1.0351605e-04 3.06e-08 2.25e-03 -11.0 3.09e-03    -  1.00e+00 3.12e-02h  6
 514  1.0348702e-04 3.18e-08 1.63e-03 -11.0 1.79e-02    -  1.00e+00 3.91e-03h  9
 515  1.0347072e-04 3.21e-08 1.16e-03 -11.0 1.97e-01    -  1.00e+00 2.44e-04h 13
 516  1.0327168e-04 2.44e-06 2.70e-02 -11.0 1.61e-01    -  1.00e+00 1.56e-02h  7
 517  1.0338555e-04 2.50e-06 1.74e-02 -11.0 5.35e-02    -  1.00e+00 1.56e-02h  7
 518  1.0230295e-04 5.64e-05 1.95e-02 -11.0 9.50e-03    -  1.00e+00 1.00e+00h  1
 519  1.0216785e-04 5.67e-05 2.53e-02 -11.0 4.32e-01    -  1.00e+00 1.95e-03h 10
iter    objective    inf_pr   inf_du lg(mu)  ||d||  lg(rg) alpha_du alpha_pr  ls
 520  1.0201154e-04 6.68e-05 6.55e-02 -11.0 8.08e-02    -  1.00e+00 6.25e-02h  5
 521  1.0193435e-04 7.43e-05 9.49e-02 -11.0 1.91e+00    -  1.00e+00 1.95e-03h 10
 522  1.0186368e-04 1.01e-04 1.43e-01 -11.0 3.52e+00    -  1.00e+00 1.95e-03h 10
 523  1.0184062e-04 1.19e-04 1.81e-01 -11.0 2.94e+00    -  1.00e+00 1.95e-03h 10
 524  1.0156377e-04 2.37e-04 2.79e-01 -11.0 7.22e+00    -  1.00e+00 1.95e-03h 10
 525  1.0125010e-04 3.94e-04 3.80e-01 -11.0 1.66e+01    -  1.00e+00 9.77e-04h 11
 526  1.0092822e-04 7.88e-04 5.43e-01 -11.0 1.33e+01    -  1.00e+00 1.95e-03h 10
 527  1.0108220e-04 7.85e-04 5.42e-01 -11.0 1.18e-01  -3.4 1.00e+00 3.91e-03h  9
 528  1.0054408e-04 9.13e-07 2.25e-01 -11.0 6.01e-04    -  1.00e+00 1.00e+00h  1
 529  9.9831816e-05 1.55e-05 1.02e-02 -11.0 4.10e-03    -  1.00e+00 1.00e+00h  1
iter    objective    inf_pr   inf_du lg(mu)  ||d||  lg(rg) alpha_du alpha_pr  ls
 530  9.9765067e-05 1.51e-05 1.04e-02 -11.0 2.70e-02    -  1.00e+00 1.56e-02h  7
 531  9.9204713e-05 1.03e-04 2.45e-02 -11.0 1.33e-02    -  1.00e+00 1.00e+00h  1
 532  9.8950459e-05 1.33e-04 6.00e-02 -11.0 1.52e+01    -  1.00e+00 4.88e-04h 12
 533  9.8887229e-05 1.34e-04 6.66e-02 -11.0 1.75e+00    -  1.00e+00 9.77e-04h 11
 534  9.8796349e-05 1.40e-04 7.86e-02 -11.0 2.68e-01    -  1.00e+00 1.56e-02h  7
 535  9.8692368e-05 1.49e-04 8.94e-02 -11.0 1.03e+00    -  1.00e+00 3.91e-03h  9
 536  9.8222653e-05 3.53e-04 1.44e-01 -11.0 4.63e+00    -  1.00e+00 3.91e-03h  9
 537  9.7863932e-05 4.14e-04 1.72e-01 -11.0 1.97e+01    -  1.00e+00 4.88e-04h 12
 538  9.7708613e-05 4.23e-04 1.81e-01 -11.0 1.89e+00    -  1.00e+00 1.95e-03h 10
 539  9.7580610e-05 4.37e-04 1.91e-01 -11.0 1.16e+00    -  1.00e+00 3.91e-03h  9
iter    objective    inf_pr   inf_du lg(mu)  ||d||  lg(rg) alpha_du alpha_pr  ls
 540  9.7602770e-05 4.34e-04 1.89e-01 -11.0 7.05e-02    -  1.00e+00 7.81e-03h  8
 541  9.7697482e-05 2.51e-04 8.17e-02 -11.0 1.40e-02    -  1.00e+00 5.00e-01h  2
 542  2.5056116e-02 7.18e-02 1.25e+00 -11.0 4.28e-01    -  1.00e+00 1.00e+00w  1
 543  4.7722922e-02 7.31e-02 3.57e+00 -11.0 2.94e-01    -  1.00e+00 1.00e+00w  1
 544  6.6332038e-01 1.29e+00 3.00e+00 -11.0 1.32e+00    -  1.00e+00 1.00e+00w  1
 545  9.7603845e-05 2.52e-04 7.43e-02 -11.0 9.78e-01    -  1.00e+00 3.91e-03h  8
 546  9.7932211e-05 2.22e-04 6.09e-02 -11.0 1.65e-02    -  1.00e+00 1.25e-01h  4
 547  9.7957656e-05 1.97e-04 5.81e-02 -11.0 1.23e-02    -  1.00e+00 1.25e-01h  4
 548  9.7652285e-05 1.85e-04 5.68e-02 -11.0 1.82e-02    -  1.00e+00 6.25e-02h  5
 549  9.8798511e-05 1.44e-04 4.78e-02 -11.0 1.03e-02    -  1.00e+00 2.50e-01h  3
iter    objective    inf_pr   inf_du lg(mu)  ||d||  lg(rg) alpha_du alpha_pr  ls
 550  9.8342239e-05 1.29e-04 4.67e-02 -11.0 1.95e-02    -  1.00e+00 1.25e-01h  4
 551  5.7142001e-04 1.13e-04 4.77e-02 -11.0 4.14e-02    -  1.00e+00 1.00e+00H  1
 552  1.4543139e-04 1.84e-04 3.48e-02 -11.0 3.58e-02    -  1.00e+00 1.00e+00H  1
 553  1.7882338e-04 1.37e-04 2.01e-02 -11.0 6.46e-02    -  1.00e+00 6.25e-02h  5
 554  1.0137198e-04 7.25e-05 2.32e-02 -11.0 1.14e-02    -  1.00e+00 1.00e+00h  1
 555  9.9779884e-05 7.03e-05 2.57e-02 -11.0 2.62e-02    -  1.00e+00 6.25e-02h  5
 556  1.0089197e-04 3.09e-05 2.04e-02 -11.0 2.84e-03    -  1.00e+00 1.00e+00h  1
 557  1.4297863e-04 3.11e-05 1.84e-02 -11.0 6.19e-03    -  1.00e+00 1.00e+00h  1
 558  9.9945053e-05 1.33e-05 1.90e-02 -11.0 2.94e-03    -  1.00e+00 1.00e+00H  1
 559  1.0089552e-04 6.28e-06 2.45e-03 -11.0 1.10e-03    -  1.00e+00 1.00e+00h  1
iter    objective    inf_pr   inf_du lg(mu)  ||d||  lg(rg) alpha_du alpha_pr  ls
 560  9.5820697e-05 5.02e-07 2.00e-03 -11.0 5.11e-04    -  1.00e+00 1.00e+00h  1
 561  9.5628685e-05 8.84e-08 3.42e-04 -11.0 1.71e-04    -  1.00e+00 1.00e+00h  1
 562  9.5599499e-05 1.88e-08 4.07e-05 -11.0 7.03e-05    -  1.00e+00 1.00e+00h  1
 563  9.5575571e-05 1.31e-07 1.29e-03 -11.0 2.47e-04    -  1.00e+00 1.00e+00h  1
 564  9.5770944e-05 2.07e-09 1.62e-04 -11.0 4.59e-04    -  1.00e+00 1.00e+00H  1
 565  9.5504245e-05 2.27e-07 1.71e-03 -11.0 2.61e-04    -  1.00e+00 1.00e+00h  1
 566  9.5514895e-05 9.26e-09 6.44e-05 -11.0 6.07e-05    -  1.00e+00 1.00e+00h  1
 567  9.5470535e-05 1.50e-08 2.36e-05 -11.0 6.41e-05    -  1.00e+00 1.00e+00h  1
 568  9.5445629e-05 1.04e-08 2.20e-05 -11.0 1.32e-04    -  1.00e+00 1.00e+00h  1
 569  1.1110767e-04 4.57e-10 1.49e-03 -11.0 5.63e-03    -  1.00e+00 1.00e+00H  1
iter    objective    inf_pr   inf_du lg(mu)  ||d||  lg(rg) alpha_du alpha_pr  ls
 570  9.5121991e-05 4.30e-06 9.59e-03 -11.0 2.69e-03    -  1.00e+00 1.00e+00h  1
 571  9.5441986e-05 3.25e-07 4.81e-03 -11.0 3.58e-04    -  1.00e+00 1.00e+00h  1
 572  9.4982348e-05 2.25e-07 2.85e-03 -11.0 2.87e-04    -  1.00e+00 1.00e+00h  1
 573  9.4932121e-05 1.61e-07 2.17e-03 -11.0 5.12e-04    -  1.00e+00 1.00e+00h  1
 574  9.4902721e-05 1.79e-05 2.99e-02 -11.0 4.22e-02    -  1.00e+00 1.25e-01h  4
 575  9.4857351e-05 1.80e-05 3.43e-02 -11.0 7.60e-02    -  1.00e+00 7.81e-03h  8
 576  9.4848612e-05 1.63e-05 3.95e-02 -11.0 6.84e-03    -  1.00e+00 1.25e-01h  4
 577  9.4886340e-05 1.00e-05 4.27e-02 -11.0 2.39e-03    -  1.00e+00 5.00e-01h  2
 578  9.4669769e-05 7.60e-06 3.06e-02 -11.0 3.70e-03    -  1.00e+00 2.50e-01h  3
 579  9.4513651e-05 7.58e-06 3.18e-02 -11.0 1.42e-02    -  1.00e+00 6.25e-02h  5
iter    objective    inf_pr   inf_du lg(mu)  ||d||  lg(rg) alpha_du alpha_pr  ls
 580  9.4536047e-05 3.99e-06 1.39e-02 -11.0 1.03e-03    -  1.00e+00 5.00e-01h  2
 581  9.4534996e-05 3.90e-06 2.19e-02 -11.0 2.57e-03    -  1.00e+00 1.00e+00h  1
 582  9.4491258e-05 4.81e-06 2.99e-02 -11.0 2.60e-02    -  1.00e+00 6.25e-02h  5
 583  9.4465021e-05 5.29e-06 4.13e-02 -11.0 8.84e-03    -  1.00e+00 1.25e-01h  4
 584  9.4376422e-05 1.10e-05 7.25e-02 -11.0 1.96e-02    -  1.00e+00 1.25e-01h  4
 585  9.4188975e-05 1.08e-05 8.59e-02 -11.0 1.72e-02    -  1.00e+00 6.25e-02h  5
 586  9.4188219e-05 1.01e-05 8.44e-02 -11.0 5.69e-03    -  1.00e+00 6.25e-02h  5
 587  9.4582301e-05 8.83e-08 5.11e-02 -11.0 3.68e-03    -  1.00e+00 1.00e+00H  1
 588  9.4353851e-05 4.65e-06 7.46e-02 -11.0 4.49e-02    -  1.00e+00 6.25e-02h  5
 589  9.4257574e-05 5.83e-06 8.61e-02 -11.0 1.96e-01    -  1.00e+00 7.81e-03h  8
iter    objective    inf_pr   inf_du lg(mu)  ||d||  lg(rg) alpha_du alpha_pr  ls
 590  9.4228642e-05 7.41e-06 9.96e-02 -11.0 5.47e-02    -  1.00e+00 3.12e-02h  6
 591  9.4062015e-05 1.60e-05 1.32e-01 -11.0 1.11e-01    -  1.00e+00 3.12e-02h  6
 592  9.3721765e-05 4.42e-05 1.94e-01 -11.0 3.37e-01    -  1.00e+00 1.56e-02h  7
 593  9.3685849e-05 5.98e-05 2.39e-01 -11.0 6.20e-01    -  1.00e+00 7.81e-03h  8
 594  9.3606998e-05 6.30e-05 2.16e-01 -11.0 5.86e-01    -  1.00e+00 3.91e-03h  9
 595  9.3595186e-05 6.20e-05 2.12e-01 -11.0 1.63e-02    -  1.00e+00 1.56e-02h  7
 596  9.3959323e-05 1.21e-05 7.19e-03 -11.0 3.74e-03    -  1.00e+00 1.00e+00h  1
 597  9.4003925e-05 1.17e-05 7.85e-03 -11.0 8.67e-03    -  1.00e+00 3.12e-02h  6
 598  9.3345366e-05 7.39e-06 1.05e-02 -11.0 2.07e-03    -  1.00e+00 1.00e+00h  1
 599  9.3377509e-05 6.91e-06 1.61e-02 -11.0 9.60e-03    -  1.00e+00 6.25e-02h  5
iter    objective    inf_pr   inf_du lg(mu)  ||d||  lg(rg) alpha_du alpha_pr  ls
 600  9.4275723e-05 4.13e-08 2.23e-02 -11.0 1.34e-03    -  1.00e+00 1.00e+00H  1
 601  9.3574214e-05 6.30e-08 2.27e-02 -11.0 1.14e-03    -  1.00e+00 1.00e+00H  1
 602  1.0044454e-04 6.28e-09 1.20e-03 -11.0 1.71e-03    -  1.00e+00 1.00e+00H  1
 603  9.3433994e-05 2.43e-06 1.10e-02 -11.0 8.73e-04    -  1.00e+00 1.00e+00h  1
 604  9.3212649e-05 1.70e-06 7.31e-03 -11.0 7.41e-04    -  1.00e+00 1.00e+00h  1
 605  9.3316362e-05 8.76e-07 5.60e-03 -11.0 4.55e-04    -  1.00e+00 1.00e+00h  1
 606  9.3759899e-05 5.88e-09 2.64e-04 -11.0 6.86e-04    -  1.00e+00 1.00e+00H  1
 607  9.3174087e-05 6.34e-06 2.27e-03 -11.0 1.25e-03    -  1.00e+00 1.00e+00h  1
 608  9.3146552e-05 5.96e-06 2.77e-03 -11.0 1.39e-03    -  1.00e+00 6.25e-02h  5
 609  9.3105904e-05 5.15e-07 9.34e-04 -11.0 3.65e-04    -  1.00e+00 1.00e+00h  1
iter    objective    inf_pr   inf_du lg(mu)  ||d||  lg(rg) alpha_du alpha_pr  ls
 610  9.5408218e-05 5.39e-10 8.89e-04 -11.0 1.90e-03    -  1.00e+00 1.00e+00H  1
 611  9.3155780e-05 3.04e-08 9.68e-03 -11.0 1.09e-03    -  1.00e+00 1.00e+00H  1
 612  9.5488395e-05 1.13e-10 6.80e-04 -11.0 1.78e-03    -  1.00e+00 1.00e+00H  1
 613  9.3128043e-05 2.99e-08 3.71e-03 -11.0 1.02e-03    -  1.00e+00 1.00e+00H  1
 614  9.3597378e-05 2.85e-09 2.55e-04 -11.0 1.03e-03    -  1.00e+00 1.00e+00H  1
 615  9.5176577e-05 4.44e-10 3.63e-04 -11.0 1.32e-03    -  1.00e+00 1.00e+00H  1
 616  9.3338536e-05 1.84e-08 1.63e-04 -11.0 2.20e-03    -  1.00e+00 1.00e+00H  1
 617  9.6986140e-05 4.52e-11 5.91e-04 -11.0 1.85e-03    -  1.00e+00 1.00e+00H  1
 618  9.4573873e-05 5.73e-10 5.67e-04 -11.0 1.57e-03    -  1.00e+00 1.00e+00H  1
 619  9.4542574e-05 1.29e-09 5.63e-04 -11.0 3.66e-03    -  1.00e+00 3.91e-03h  9
iter    objective    inf_pr   inf_du lg(mu)  ||d||  lg(rg) alpha_du alpha_pr  ls
 620  9.3767667e-05 5.37e-10 4.21e-04 -11.0 6.72e-04    -  1.00e+00 1.00e+00H  1
 621  9.4243804e-05 1.73e-11 5.60e-04 -11.0 5.23e-04    -  1.00e+00 1.00e+00H  1
 622  9.2989205e-05 1.73e-07 1.14e-04 -11.0 2.92e-04    -  1.00e+00 1.00e+00h  1
 623  9.2988374e-05 1.50e-10 1.26e-05 -11.0 7.99e-06    -  1.00e+00 1.00e+00h  1
 624  9.2979391e-05 2.27e-08 7.51e-04 -11.0 1.55e-04    -  1.00e+00 1.00e+00h  1
 625  9.2974957e-05 3.75e-08 1.40e-03 -11.0 2.23e-03    -  1.00e+00 6.25e-02h  5
 626  9.2950184e-05 7.26e-07 2.75e-03 -11.0 7.04e-04    -  1.00e+00 1.00e+00h  1
 627  9.2943034e-05 8.07e-07 3.47e-03 -11.0 6.84e-03    -  1.00e+00 3.12e-02h  6
 628  9.2936900e-05 9.10e-07 4.02e-03 -11.0 2.18e-03    -  1.00e+00 1.25e-01h  4
 629  9.2929789e-05 8.25e-07 4.79e-03 -11.0 1.56e-03    -  1.00e+00 1.25e-01h  4
iter    objective    inf_pr   inf_du lg(mu)  ||d||  lg(rg) alpha_du alpha_pr  ls
 630  9.2903285e-05 1.17e-06 7.06e-03 -11.0 4.85e-03    -  1.00e+00 1.25e-01h  4
 631  9.2905447e-05 1.03e-06 5.47e-03 -11.0 1.08e-03    -  1.00e+00 1.25e-01h  4
 632  9.2901037e-05 1.46e-07 6.17e-04 -11.0 2.49e-04    -  1.00e+00 1.00e+00h  1
 633  9.3506436e-05 1.53e-11 2.27e-04 -11.0 1.66e-03    -  1.00e+00 1.00e+00H  1
 634  9.3503909e-05 6.85e-11 2.27e-04 -11.0 2.66e-03    -  1.00e+00 1.95e-03h 10
 635  9.3500701e-05 1.30e-10 2.28e-04 -11.0 2.59e-02    -  1.00e+00 2.44e-04h 13
 636  9.3044494e-05 2.92e-11 1.63e-04 -11.0 1.82e-03    -  1.00e+00 1.00e+00H  1
 637  9.2972641e-05 8.41e-08 4.18e-04 -11.0 1.21e-02    -  1.00e+00 1.56e-02h  7
 638  9.3685511e-05 8.71e-12 3.09e-04 -11.0 6.65e-04    -  1.00e+00 1.00e+00H  1
 639  9.2876213e-05 2.15e-06 5.52e-04 -11.0 6.08e-04    -  1.00e+00 1.00e+00h  1
iter    objective    inf_pr   inf_du lg(mu)  ||d||  lg(rg) alpha_du alpha_pr  ls
 640  9.2875401e-05 1.65e-06 4.05e-04 -11.0 3.69e-04    -  1.00e+00 2.50e-01h  3
 641  9.2854229e-05 3.23e-08 7.85e-05 -11.0 8.78e-05    -  1.00e+00 1.00e+00h  1
 642  9.2857163e-05 4.86e-09 3.46e-05 -11.0 5.31e-05    -  1.00e+00 1.00e+00h  1
 643  9.2848674e-05 6.73e-09 1.28e-05 -11.0 5.06e-05    -  1.00e+00 1.00e+00h  1
 644  9.2851070e-05 1.34e-11 5.59e-05 -11.0 1.11e-04    -  1.00e+00 1.00e+00H  1
 645  9.2827525e-05 1.00e-07 1.34e-03 -11.0 2.57e-04    -  1.00e+00 1.00e+00h  1
 646  9.9142356e-05 1.73e-12 9.87e-04 -11.0 2.65e-03    -  1.00e+00 1.00e+00H  1
 647  9.2800740e-05 3.38e-06 1.55e-03 -11.0 2.01e-03    -  1.00e+00 1.00e+00h  1
 648  9.2792718e-05 2.53e-06 1.25e-03 -11.0 2.92e-04    -  1.00e+00 2.50e-01h  3
 649  9.2770762e-05 5.20e-08 8.50e-04 -11.0 2.01e-04    -  1.00e+00 1.00e+00h  1
iter    objective    inf_pr   inf_du lg(mu)  ||d||  lg(rg) alpha_du alpha_pr  ls
 650  9.2764005e-05 5.57e-07 3.49e-03 -11.0 1.06e-02    -  1.00e+00 6.25e-02h  5
 651  9.2741920e-05 2.53e-06 8.65e-03 -11.0 3.97e-02    -  1.00e+00 3.12e-02h  6
 652  9.2723428e-05 9.36e-06 1.72e-02 -11.0 8.00e-02    -  1.00e+00 3.12e-02h  6
 653  9.2648457e-05 2.91e-05 3.27e-02 -11.0 5.59e-01    -  1.00e+00 7.81e-03h  8
 654  9.2552886e-05 4.15e-05 4.23e-02 -11.0 2.57e-01    -  1.00e+00 1.56e-02h  7
 655  9.2506772e-05 9.06e-05 6.20e-02 -11.0 1.90e+00    -  1.00e+00 3.91e-03h  9
 656  9.2430932e-05 1.12e-04 8.02e-02 -11.0 6.69e-01    -  1.00e+00 7.81e-03h  8
 657  9.2266650e-05 1.29e-04 9.50e-02 -11.0 2.34e+00    -  1.00e+00 1.95e-03h 10
 658  9.2253611e-05 1.29e-04 9.82e-02 -11.0 9.00e-01    -  1.00e+00 9.77e-04h 11
 659  9.2358481e-05 1.27e-04 9.16e-02 -11.0 3.76e-02    -  1.00e+00 3.12e-02h  6
iter    objective    inf_pr   inf_du lg(mu)  ||d||  lg(rg) alpha_du alpha_pr  ls
 660  1.1932363e-04 3.03e-04 2.65e-02 -11.0 1.37e-02    -  1.00e+00 1.00e+00w  1
 661  1.6582687e-04 2.18e-03 1.15e-01 -11.0 4.46e-02    -  1.00e+00 1.00e+00w  1
 662  1.0231824e-01 1.45e+00 1.44e+00 -11.0 1.59e+00    -  1.00e+00 1.00e+00w  1
 663  9.2360238e-05 1.20e-04 8.38e-02 -11.0 6.98e-01    -  1.00e+00 6.25e-02h  4
 664  9.2388637e-05 1.19e-04 8.38e-02 -11.0 3.58e-02    -  1.00e+00 7.81e-03h  8
 665  9.2131370e-05 2.71e-06 3.59e-03 -11.0 1.73e-03    -  1.00e+00 1.00e+00h  1
 666  9.2092933e-05 2.74e-06 3.94e-03 -11.0 1.43e-02    -  1.00e+00 1.56e-02h  7
 667  9.2122933e-05 3.89e-07 1.19e-03 -11.0 5.41e-04    -  1.00e+00 1.00e+00h  1
 668  9.2091712e-05 4.76e-07 1.92e-03 -11.0 3.71e-03    -  1.00e+00 1.25e-01h  4
 669  9.2084846e-05 4.88e-07 2.27e-03 -11.0 5.26e-03    -  1.00e+00 3.12e-02h  6
iter    objective    inf_pr   inf_du lg(mu)  ||d||  lg(rg) alpha_du alpha_pr  ls
 670  9.2078612e-05 2.26e-07 2.09e-03 -11.0 2.77e-04    -  1.00e+00 1.00e+00h  1
 671  9.2069938e-05 4.32e-08 9.10e-04 -11.0 1.83e-04    -  1.00e+00 1.00e+00h  1
 672  9.2024751e-05 2.12e-07 2.82e-04 -11.0 3.87e-04    -  1.00e+00 1.00e+00h  1
 673  9.5257767e-05 3.39e-12 7.01e-04 -11.0 7.91e-04    -  1.00e+00 1.00e+00H  1
 674  9.2000471e-05 1.23e-06 8.42e-04 -11.0 7.61e-04    -  1.00e+00 1.00e+00h  1
 675  9.2014601e-05 1.73e-08 7.26e-05 -11.0 6.55e-05    -  1.00e+00 1.00e+00h  1
 676  9.1994599e-05 2.14e-09 1.29e-05 -11.0 4.17e-05    -  1.00e+00 1.00e+00h  1
 677  9.1993147e-05 7.18e-10 1.27e-05 -11.0 1.56e-05    -  1.00e+00 1.00e+00h  1
 678  9.1997325e-05 3.66e-10 7.94e-05 -11.0 3.61e-04    -  1.00e+00 1.00e+00H  1
 679  9.2169299e-05 1.50e-10 1.82e-04 -11.0 6.22e-04    -  1.00e+00 1.00e+00H  1
iter    objective    inf_pr   inf_du lg(mu)  ||d||  lg(rg) alpha_du alpha_pr  ls
 680  9.2050670e-05 2.57e-10 1.29e-04 -11.0 1.72e-04    -  1.00e+00 1.00e+00H  1
 681  9.1961117e-05 1.11e-07 2.11e-04 -11.0 1.59e-04    -  1.00e+00 1.00e+00h  1
 682  9.1943380e-05 4.87e-08 1.84e-04 -11.0 1.59e-04    -  1.00e+00 1.00e+00h  1
 683  9.1936446e-05 2.71e-07 5.13e-04 -11.0 3.26e-04    -  1.00e+00 1.00e+00h  1
 684  9.2083765e-05 8.68e-12 1.96e-04 -11.0 4.97e-04    -  1.00e+00 1.00e+00H  1
 685  9.2256752e-05 2.11e-12 2.46e-04 -11.0 3.91e-04    -  1.00e+00 1.00e+00H  1
 686  9.1979572e-05 9.99e-09 1.09e-04 -11.0 6.51e-04    -  1.00e+00 1.00e+00H  1
 687  9.1950595e-05 1.96e-08 3.67e-04 -11.0 5.46e-04    -  1.00e+00 6.25e-02h  5
 688  9.1890076e-05 4.86e-07 4.20e-04 -11.0 3.60e-04    -  1.00e+00 1.00e+00h  1
 689  9.1885817e-05 4.93e-07 8.12e-04 -11.0 1.77e-03    -  1.00e+00 6.25e-02h  5
iter    objective    inf_pr   inf_du lg(mu)  ||d||  lg(rg) alpha_du alpha_pr  ls
 690  9.1885102e-05 1.79e-08 3.30e-03 -11.0 1.12e-03    -  1.00e+00 1.00e+00H  1
 691  9.1873784e-05 4.11e-07 4.07e-03 -11.0 2.56e-02    -  1.00e+00 1.56e-02h  7
 692  9.1873125e-05 8.49e-06 6.79e-03 -11.0 2.78e-02    -  1.00e+00 6.25e-02h  5
 693  9.1865726e-05 8.40e-06 6.28e-03 -11.0 1.06e-02    -  1.00e+00 1.56e-02h  7
 694  9.2026922e-05 1.37e-10 1.46e-04 -11.0 1.06e-03    -  1.00e+00 1.00e+00H  1
 695  9.2024648e-05 9.62e-11 1.45e-04 -11.0 2.99e-03    -  1.00e+00 1.95e-03h 10
 696  9.2021926e-05 2.57e-10 1.45e-04 -11.0 2.99e-03    -  1.00e+00 1.95e-03h 10
 697  9.2020233e-05 3.90e-10 1.44e-04 -11.0 4.32e-03    -  1.00e+00 1.95e-03h 10
 698  9.1951834e-05 3.72e-07 1.40e-03 -11.0 3.48e-02    -  1.00e+00 1.56e-02h  7
 699  9.1940431e-05 4.10e-07 2.31e-03 -11.0 4.24e-03    -  1.00e+00 1.25e-01h  4
iter    objective    inf_pr   inf_du lg(mu)  ||d||  lg(rg) alpha_du alpha_pr  ls
 700  9.1925911e-05 8.70e-07 4.63e-03 -11.0 8.44e-04    -  1.00e+00 1.00e+00h  1
 701  9.1900460e-05 4.07e-06 4.47e-03 -11.0 5.03e-03    -  1.00e+00 2.50e-01h  3
 702  9.1839522e-05 4.71e-06 7.06e-03 -11.0 1.19e-02    -  1.00e+00 6.25e-02h  5
 703  9.1826242e-05 4.59e-06 8.31e-03 -11.0 1.14e-02    -  1.00e+00 6.25e-02h  5
 704  9.2165395e-05 1.76e-10 2.78e-04 -11.0 3.98e-03    -  1.00e+00 1.00e+00H  1
 705  9.2160427e-05 1.44e-10 2.76e-04 -11.0 1.51e-02    -  1.00e+00 9.77e-04h 11
 706  9.1937406e-05 4.21e-07 1.80e-03 -11.0 4.39e-03    -  1.00e+00 1.25e-01h  4
 707  9.1704472e-05 2.50e-06 6.58e-03 -11.0 9.25e-03    -  1.00e+00 1.25e-01h  4
 708  9.1516953e-05 2.66e-06 5.65e-03 -11.0 7.98e-03    -  1.00e+00 6.25e-02h  5
 709  9.1722047e-05 1.29e-06 1.99e-03 -11.0 1.19e-03    -  1.00e+00 5.00e-01h  2
iter    objective    inf_pr   inf_du lg(mu)  ||d||  lg(rg) alpha_du alpha_pr  ls
 710  9.1742351e-05 6.76e-07 2.98e-03 -11.0 5.36e-04    -  1.00e+00 1.00e+00h  1
 711  9.1442226e-05 8.95e-08 1.09e-03 -11.0 2.42e-04    -  1.00e+00 1.00e+00h  1
 712  9.1366347e-05 2.70e-08 8.51e-05 -11.0 1.58e-04    -  1.00e+00 1.00e+00h  1
 713  9.1352917e-05 7.04e-09 2.26e-05 -11.0 4.34e-05    -  1.00e+00 1.00e+00h  1
 714  9.1343734e-05 2.29e-08 2.80e-04 -11.0 1.08e-04    -  1.00e+00 1.00e+00h  1
 715  9.1361474e-05 2.32e-09 7.03e-05 -11.0 5.08e-04    -  1.00e+00 1.00e+00H  1
 716  9.1685994e-05 5.20e-10 1.98e-04 -11.0 4.00e-04    -  1.00e+00 1.00e+00H  1
 717  9.1318169e-05 5.84e-07 5.34e-04 -11.0 5.69e-04    -  1.00e+00 1.00e+00h  1
 718  9.1326376e-05 2.93e-07 2.01e-04 -11.0 1.45e-04    -  1.00e+00 5.00e-01h  2
 719  9.1311642e-05 9.18e-09 7.88e-06 -11.0 6.44e-05    -  1.00e+00 1.00e+00h  1
iter    objective    inf_pr   inf_du lg(mu)  ||d||  lg(rg) alpha_du alpha_pr  ls
 720  9.1309998e-05 2.45e-09 9.33e-06 -11.0 2.68e-05    -  1.00e+00 1.00e+00h  1
 721  9.1308667e-05 4.20e-07 3.49e-03 -11.0 3.52e-04    -  1.00e+00 1.00e+00h  1
 722  9.1306338e-05 4.22e-07 4.38e-03 -11.0 1.90e-03    -  1.00e+00 6.25e-02h  5
 723  9.1296606e-05 2.10e-07 3.76e-03 -11.0 3.54e-04    -  1.00e+00 5.00e-01h  2
 724  9.1302550e-05 2.00e-07 3.52e-04 -11.0 2.21e-04    -  1.00e+00 1.00e+00h  1
 725  9.1297931e-05 1.04e-07 5.02e-04 -11.0 1.10e-04    -  1.00e+00 5.00e-01h  2
 726  9.1274091e-05 6.29e-08 3.32e-04 -11.0 1.65e-04    -  1.00e+00 1.00e+00h  1
 727  9.1272141e-05 1.78e-08 4.33e-04 -11.0 1.22e-04    -  1.00e+00 1.00e+00h  1
 728  9.1270717e-05 9.51e-07 5.90e-03 -11.0 3.68e-03    -  1.00e+00 2.50e-01h  3
 729  9.1271479e-05 9.44e-07 6.48e-03 -11.0 6.16e-03    -  1.00e+00 1.56e-02h  7
iter    objective    inf_pr   inf_du lg(mu)  ||d||  lg(rg) alpha_du alpha_pr  ls
 730  9.1256081e-05 1.97e-07 8.77e-04 -11.0 2.45e-04    -  1.00e+00 1.00e+00h  1
 731  9.1253389e-05 2.66e-07 9.77e-04 -11.0 3.24e-03    -  1.00e+00 6.25e-02h  5
 732  9.1790860e-05 7.02e-11 2.46e-04 -11.0 2.14e-03    -  1.00e+00 1.00e+00H  1
 733  9.1781489e-05 3.56e-10 2.42e-04 -11.0 1.84e-03    -  1.00e+00 7.81e-03h  8
 734  9.1774625e-05 4.70e-10 2.40e-04 -11.0 2.86e-03    -  1.00e+00 3.91e-03h  9
 735  9.1773565e-05 4.80e-10 2.40e-04 -11.0 1.18e-02    -  1.00e+00 2.44e-04h 13
 736  9.1412568e-05 2.00e-09 1.53e-04 -11.0 2.68e-03    -  1.00e+00 1.00e+00H  1
 737  9.1314864e-05 7.65e-08 1.77e-03 -11.0 1.74e-02    -  1.00e+00 1.56e-02h  7
 738  9.1300507e-05 1.04e-06 3.99e-04 -11.0 7.58e-04    -  1.00e+00 1.00e+00h  1
 739  9.1280191e-05 2.11e-06 5.36e-03 -11.0 7.39e-03    -  1.00e+00 1.25e-01h  4
iter    objective    inf_pr   inf_du lg(mu)  ||d||  lg(rg) alpha_du alpha_pr  ls
 740  9.2429105e-05 3.35e-10 2.45e-04 -11.0 1.14e-03    -  1.00e+00 1.00e+00H  1
 741  9.1716795e-05 1.99e-10 1.93e-04 -11.0 1.75e-03    -  1.00e+00 1.00e+00H  1
 742  9.1678121e-05 1.02e-09 1.81e-04 -11.0 2.01e-03    -  1.00e+00 7.81e-03h  8
 743  9.1395593e-05 8.55e-09 2.08e-04 -11.0 1.83e-03    -  1.00e+00 1.00e+00H  1
 744  9.1274691e-05 1.35e-07 2.29e-03 -11.0 1.11e-02    -  1.00e+00 3.12e-02h  6
 745  9.1369581e-05 2.61e-08 2.04e-03 -11.0 1.00e-03    -  1.00e+00 1.00e+00H  1
 746  9.1329323e-05 1.06e-07 3.48e-03 -11.0 7.32e-03    -  1.00e+00 3.12e-02h  6
 747  9.2846056e-05 2.70e-09 5.27e-04 -11.0 8.59e-04    -  1.00e+00 1.00e+00H  1
 748  9.1281137e-05 4.86e-09 1.43e-04 -11.0 3.17e-04    -  1.00e+00 1.00e+00H  1
 749  9.1194170e-05 5.65e-07 1.65e-03 -11.0 5.07e-04    -  1.00e+00 1.00e+00h  1
iter    objective    inf_pr   inf_du lg(mu)  ||d||  lg(rg) alpha_du alpha_pr  ls
 750  9.1925711e-05 1.64e-10 3.15e-04 -11.0 6.79e-04    -  1.00e+00 1.00e+00H  1
 751  9.1179476e-05 9.24e-07 2.91e-04 -11.0 6.28e-04    -  1.00e+00 1.00e+00h  1
 752  9.1192224e-05 4.72e-09 5.20e-05 -11.0 3.79e-05    -  1.00e+00 1.00e+00h  1
 753  9.1176839e-05 1.22e-09 5.55e-06 -11.0 2.69e-05    -  1.00e+00 1.00e+00h  1
 754  9.1176395e-05 6.83e-11 5.56e-06 -11.0 4.97e-06    -  1.00e+00 1.00e+00h  1
 755  9.1332494e-05 2.41e-11 1.53e-04 -11.0 5.86e-04    -  1.00e+00 1.00e+00H  1
 756  9.1384402e-05 1.28e-12 3.36e-04 -11.0 2.12e-04    -  1.00e+00 1.00e+00H  1
 757  9.1157345e-05 3.45e-07 1.36e-04 -11.0 3.06e-04    -  1.00e+00 1.00e+00h  1
 758  9.1160494e-05 1.73e-07 1.56e-04 -11.0 8.38e-05    -  1.00e+00 5.00e-01h  2
 759  9.1152972e-05 6.92e-09 8.56e-06 -11.0 4.57e-05    -  1.00e+00 1.00e+00h  1
iter    objective    inf_pr   inf_du lg(mu)  ||d||  lg(rg) alpha_du alpha_pr  ls
 760  9.1150407e-05 4.83e-08 7.26e-04 -11.0 1.46e-04    -  1.00e+00 1.00e+00h  1
 761  9.1148613e-05 1.38e-07 1.86e-03 -11.0 6.68e-03    -  1.00e+00 3.12e-02h  6
 762  9.1147723e-05 2.02e-07 2.83e-03 -11.0 2.98e-03    -  1.00e+00 6.25e-02h  5
 763  9.1144587e-05 1.90e-07 3.23e-03 -11.0 9.14e-04    -  1.00e+00 1.25e-01h  4
 764  9.1195034e-05 5.20e-11 6.97e-05 -11.0 3.90e-04    -  1.00e+00 1.00e+00H  1
 765  9.1300974e-05 1.29e-11 2.17e-04 -11.0 1.42e-04    -  1.00e+00 1.00e+00H  1
 766  9.1133298e-05 3.32e-07 5.35e-04 -11.0 3.22e-04    -  1.00e+00 1.00e+00h  1
 767  9.1130241e-05 2.56e-07 1.11e-04 -11.0 3.04e-04    -  1.00e+00 2.50e-01h  3
 768  9.1126609e-05 3.14e-08 4.97e-04 -11.0 9.36e-05    -  1.00e+00 1.00e+00h  1
 769  9.1350742e-05 6.90e-13 1.50e-04 -11.0 2.22e-04    -  1.00e+00 1.00e+00H  1
iter    objective    inf_pr   inf_du lg(mu)  ||d||  lg(rg) alpha_du alpha_pr  ls
 770  9.1123983e-05 1.41e-07 2.16e-04 -11.0 2.06e-04    -  1.00e+00 1.00e+00h  1
 771  9.1124682e-05 5.04e-10 1.28e-05 -11.0 1.35e-05    -  1.00e+00 1.00e+00h  1
 772  9.1122620e-05 5.74e-10 5.37e-06 -11.0 1.26e-05    -  1.00e+00 1.00e+00h  1
 773  9.1120300e-05 3.59e-09 5.49e-06 -11.0 3.58e-05    -  1.00e+00 1.00e+00h  1
 774  9.1119183e-05 3.18e-08 1.18e-03 -11.0 1.60e-03    -  1.00e+00 6.25e-02h  5
 775  9.1121033e-05 2.42e-09 4.85e-05 -11.0 2.75e-04    -  1.00e+00 1.00e+00H  1
 776  9.1108653e-05 2.90e-07 3.36e-03 -11.0 4.74e-03    -  1.00e+00 6.25e-02h  5
 777  9.1115120e-05 2.77e-07 4.23e-03 -11.0 1.01e-03    -  1.00e+00 6.25e-02h  5
 778  9.1096913e-05 9.41e-08 1.64e-03 -11.0 1.63e-04    -  1.00e+00 1.00e+00h  1
 779  9.1188953e-05 9.58e-12 1.01e-04 -11.0 3.21e-04    -  1.00e+00 1.00e+00H  1
iter    objective    inf_pr   inf_du lg(mu)  ||d||  lg(rg) alpha_du alpha_pr  ls
 780  9.1100575e-05 7.75e-09 3.75e-05 -11.0 3.94e-04    -  1.00e+00 1.00e+00H  1
 781  9.3708532e-05 5.12e-13 5.32e-04 -11.0 6.11e-04    -  1.00e+00 1.00e+00H  1
 782  9.1087172e-05 8.05e-07 7.07e-04 -11.0 6.91e-04    -  1.00e+00 1.00e+00h  1
 783  9.1087421e-05 8.96e-10 7.26e-06 -11.0 3.39e-05    -  1.00e+00 1.00e+00h  1
 784  9.1077208e-05 7.02e-08 8.15e-04 -11.0 2.44e-04    -  1.00e+00 1.00e+00h  1
 785  9.1038190e-05 3.24e-06 5.98e-03 -11.0 2.91e-02    -  1.00e+00 6.25e-02h  5
 786  9.1035424e-05 3.29e-06 7.81e-03 -11.0 1.03e-01    -  1.00e+00 3.91e-03h  9
 787  9.0960206e-05 8.44e-06 1.48e-02 -11.0 7.85e-02    -  1.00e+00 3.12e-02h  6
 788  9.0924982e-05 1.05e-05 2.39e-02 -11.0 2.32e-01    -  1.00e+00 7.81e-03h  8
 789  9.0754537e-05 3.87e-05 5.21e-02 -11.0 1.61e+00    -  1.00e+00 3.91e-03h  9
iter    objective    inf_pr   inf_du lg(mu)  ||d||  lg(rg) alpha_du alpha_pr  ls
 790  9.0651830e-05 5.50e-05 7.87e-02 -11.0 5.20e+00    -  1.00e+00 9.77e-04h 11
 791  9.0610105e-05 5.64e-05 8.81e-02 -11.0 8.10e-01    -  1.00e+00 1.95e-03h 10
 792  9.0538910e-05 5.66e-05 9.58e-02 -11.0 2.54e-01    -  1.00e+00 3.91e-03h  9
 793  9.0749790e-05 5.50e-05 9.51e-02 -11.0 8.68e-03    -  1.00e+00 3.12e-02h  6
 794  9.0409121e-05 7.55e-06 1.36e-02 -11.0 3.04e-03    -  1.00e+00 1.00e+00h  1
 795  9.0400378e-05 8.22e-06 7.22e-03 -11.0 1.33e-01    -  1.00e+00 7.81e-03h  8
 796  9.0387628e-05 8.18e-06 7.37e-03 -11.0 2.23e-02    -  1.00e+00 7.81e-03h  8
 797  9.0622879e-05 2.44e-06 3.90e-03 -11.0 2.46e-03    -  1.00e+00 1.00e+00h  1
 798  9.0583340e-05 3.01e-06 8.87e-03 -11.0 8.63e-02    -  1.00e+00 1.56e-02h  7
 799  9.0559906e-05 3.26e-06 1.38e-02 -11.0 2.30e-01    -  1.00e+00 3.91e-03h  9
iter    objective    inf_pr   inf_du lg(mu)  ||d||  lg(rg) alpha_du alpha_pr  ls
 800  9.0505152e-05 4.55e-06 2.35e-02 -11.0 1.16e-01    -  1.00e+00 1.56e-02h  7
 801  9.0493829e-05 4.62e-06 1.63e-02 -11.0 6.38e-02    -  1.00e+00 1.56e-02h  7
 802  9.0476819e-05 4.60e-06 1.32e-02 -11.0 4.57e-02    -  1.00e+00 7.81e-03h  8
 803  9.0500415e-05 4.05e-06 6.11e-03 -11.0 2.97e-03    -  1.00e+00 1.25e-01h  4
 804  9.0520571e-05 3.40e-06 2.15e-03 -11.0 5.79e-03    -  1.00e+00 2.50e-01h  3
 805  9.0466441e-05 3.76e-06 6.18e-03 -11.0 1.07e-02    -  1.00e+00 6.25e-02h  5
 806  9.0418948e-05 3.73e-06 5.15e-03 -11.0 7.37e-03    -  1.00e+00 6.25e-02h  5
 807  9.0348459e-05 3.96e-06 7.55e-03 -11.0 9.64e-03    -  1.00e+00 1.25e-01h  4
 808  2.7435341e-04 7.67e-04 3.11e-01 -11.0 1.94e-02    -  1.00e+00 1.00e+00w  1
 809  1.0638293e-04 2.15e-04 1.24e-01 -11.0 1.46e-02    -  1.00e+00 1.00e+00w  1
iter    objective    inf_pr   inf_du lg(mu)  ||d||  lg(rg) alpha_du alpha_pr  ls
 810  1.4564000e-03 1.21e-03 3.50e-01 -11.0 2.82e-02    -  1.00e+00 1.00e+00w  1
 811  9.0338056e-05 3.74e-06 1.70e-02 -11.0 1.94e-02    -  1.00e+00 3.12e-02h  5
 812  9.0260831e-05 3.36e-06 1.20e-02 -11.0 3.89e-03    -  1.00e+00 2.50e-01h  3
 813  9.0298676e-05 3.60e-06 1.33e-02 -11.0 2.54e-02    -  1.00e+00 3.12e-02h  6
 814  9.0297486e-05 3.57e-06 1.05e-02 -11.0 1.05e-02    -  1.00e+00 3.12e-02h  6
 815  9.0558498e-05 1.48e-06 1.32e-02 -11.0 9.13e-04    -  1.00e+00 1.00e+00h  1
 816  9.0887052e-05 8.15e-07 1.06e-02 -11.0 3.50e-03    -  1.00e+00 2.50e-01h  3
 817  9.0754045e-05 5.00e-08 7.03e-03 -11.0 1.22e-03    -  1.00e+00 1.00e+00H  1
 818  9.0556388e-05 2.52e-07 1.28e-02 -11.0 1.32e-03    -  1.00e+00 2.50e-01h  3
 819  9.0183387e-05 1.11e-06 1.40e-03 -11.0 1.11e-03    -  1.00e+00 1.00e+00h  1
iter    objective    inf_pr   inf_du lg(mu)  ||d||  lg(rg) alpha_du alpha_pr  ls
 820  9.0259347e-05 8.38e-07 1.29e-03 -11.0 9.23e-04    -  1.00e+00 2.50e-01h  3
 821  9.0162378e-05 5.09e-08 1.90e-03 -11.0 1.23e-04    -  1.00e+00 1.00e+00h  1
 822  9.0147387e-05 9.23e-08 1.50e-03 -11.0 1.71e-04    -  1.00e+00 1.00e+00h  1
 823  9.0139925e-05 6.19e-08 2.61e-03 -11.0 1.53e-04    -  1.00e+00 5.00e-01h  2
 824  9.0133105e-05 1.53e-08 1.90e-05 -11.0 1.07e-04    -  1.00e+00 1.00e+00h  1
 825  9.0218909e-05 1.54e-09 8.95e-05 -11.0 2.70e-04    -  1.00e+00 1.00e+00H  1
 826  9.0125678e-05 8.38e-08 3.63e-04 -11.0 2.51e-04    -  1.00e+00 1.00e+00h  1
 827  9.0124394e-05 4.16e-09 2.07e-05 -11.0 5.22e-05    -  1.00e+00 1.00e+00h  1
 828  9.0120914e-05 8.85e-08 3.37e-03 -11.0 2.19e-04    -  1.00e+00 1.00e+00h  1
 829  9.0353036e-05 1.91e-10 1.81e-04 -11.0 1.64e-03    -  1.00e+00 1.00e+00H  1
iter    objective    inf_pr   inf_du lg(mu)  ||d||  lg(rg) alpha_du alpha_pr  ls
 830  9.0350147e-05 5.30e-10 1.76e-04 -11.0 7.50e-03    -  1.00e+00 1.95e-03h 10
 831  9.0192840e-05 2.92e-09 1.63e-04 -11.0 1.21e-03    -  1.00e+00 1.00e+00H  1
 832  9.0177095e-05 6.34e-09 1.52e-04 -11.0 9.31e-03    -  1.00e+00 3.91e-03h  9
 833  9.0497576e-05 1.04e-11 3.32e-04 -11.0 3.58e-04    -  1.00e+00 1.00e+00H  1
 834  9.0087167e-05 6.66e-07 3.01e-03 -11.0 5.17e-04    -  1.00e+00 1.00e+00h  1
 835  9.0161744e-05 4.36e-07 1.90e-03 -11.0 5.40e-04    -  1.00e+00 1.00e+00h  1
 836  9.0136501e-05 2.12e-07 2.61e-03 -11.0 2.99e-04    -  1.00e+00 5.00e-01h  2
 837  9.0096933e-05 4.57e-07 1.90e-03 -11.0 4.93e-04    -  1.00e+00 1.00e+00h  1
 838  9.0107298e-05 2.48e-07 9.76e-04 -11.0 2.77e-04    -  1.00e+00 5.00e-01h  2
 839  9.0063719e-05 1.40e-07 1.88e-03 -11.0 2.28e-04    -  1.00e+00 1.00e+00h  1
iter    objective    inf_pr   inf_du lg(mu)  ||d||  lg(rg) alpha_du alpha_pr  ls
 840  9.0064063e-05 1.49e-08 2.95e-04 -11.0 6.28e-05    -  1.00e+00 1.00e+00h  1
 841  9.0061150e-05 1.16e-08 1.72e-05 -11.0 7.06e-05    -  1.00e+00 1.00e+00h  1
 842  9.0054999e-05 9.63e-09 5.52e-06 -11.0 5.96e-05    -  1.00e+00 1.00e+00h  1
 843  9.0053963e-05 1.07e-09 8.88e-06 -11.0 1.53e-05    -  1.00e+00 1.00e+00h  1
 844  9.0051625e-05 1.10e-08 2.05e-05 -11.0 6.60e-05    -  1.00e+00 1.00e+00h  1
 845  9.0058708e-05 3.56e-10 6.00e-05 -11.0 5.28e-04    -  1.00e+00 1.00e+00H  1
 846  9.0057518e-05 3.44e-10 5.63e-05 -11.0 3.73e-03    -  1.00e+00 3.91e-03h  9
 847  9.0045530e-05 8.52e-06 5.08e-03 -11.0 3.30e-03    -  1.00e+00 5.00e-01h  2
 848  9.0051490e-05 8.42e-06 5.10e-03 -11.0 5.50e-03    -  1.00e+00 1.56e-02h  7
 849  9.0000496e-05 4.24e-06 4.23e-03 -11.0 3.13e-04    -  1.00e+00 5.00e-01h  2
iter    objective    inf_pr   inf_du lg(mu)  ||d||  lg(rg) alpha_du alpha_pr  ls
 850  8.9990163e-05 5.23e-07 1.97e-04 -11.0 3.30e-04    -  1.00e+00 1.00e+00h  1
 851  9.0014964e-05 5.60e-07 9.09e-04 -11.0 1.29e-03    -  1.00e+00 1.25e-01h  4
 852  8.9962547e-05 3.94e-07 3.69e-04 -11.0 2.92e-04    -  1.00e+00 1.00e+00h  1
 853  8.9958212e-05 5.65e-07 1.57e-03 -11.0 1.60e-03    -  1.00e+00 1.25e-01h  4
 854  8.9952614e-05 5.73e-07 2.47e-03 -11.0 2.15e-03    -  1.00e+00 3.12e-02h  6
 855  9.0006467e-05 1.49e-08 6.53e-03 -11.0 5.25e-04    -  1.00e+00 1.00e+00H  1
 856  8.9965860e-05 1.94e-07 8.86e-03 -11.0 1.88e-03    -  1.00e+00 1.25e-01h  4
 857  8.9948824e-05 2.02e-07 1.00e-02 -11.0 4.08e-03    -  1.00e+00 3.12e-02h  6
 858  8.9863883e-05 1.02e-05 4.95e-03 -11.0 1.79e-03    -  1.00e+00 1.00e+00h  1
 859  8.9860473e-05 1.03e-05 5.67e-03 -11.0 2.21e-02    -  1.00e+00 7.81e-03h  8
iter    objective    inf_pr   inf_du lg(mu)  ||d||  lg(rg) alpha_du alpha_pr  ls
 860  8.9858447e-05 1.03e-05 9.95e-03 -11.0 3.69e-03    -  1.00e+00 1.25e-01h  4
 861  8.9850295e-05 1.05e-05 1.21e-02 -11.0 1.57e-02    -  1.00e+00 1.56e-02h  7
 862  8.9778954e-05 5.53e-05 3.89e-02 -11.0 4.70e-02    -  1.00e+00 6.25e-02h  5
 863  8.9756043e-05 8.91e-05 5.66e-02 -11.0 6.95e-01    -  1.00e+00 3.91e-03h  9
 864  8.9750233e-05 8.93e-05 5.79e-02 -11.0 2.59e-01    -  1.00e+00 9.77e-04h 11
 865  8.9763227e-05 8.85e-05 4.79e-02 -11.0 1.58e-02    -  1.00e+00 6.25e-02h  5
 866  8.9767256e-05 8.88e-05 4.21e-02 -11.0 3.87e-02    -  1.00e+00 1.56e-02h  7
 867  8.9744134e-05 9.16e-05 3.31e-02 -11.0 5.89e-02    -  1.00e+00 1.56e-02h  7
 868  8.9732531e-05 9.15e-05 2.99e-02 -11.0 5.75e-02    -  1.00e+00 7.81e-03h  8
 869  1.0905805e-04 1.41e-03 1.35e-01 -11.0 1.68e-02    -  1.00e+00 1.00e+00w  1
iter    objective    inf_pr   inf_du lg(mu)  ||d||  lg(rg) alpha_du alpha_pr  ls
 870  1.4258882e-03 6.62e-02 9.14e-01 -11.0 1.07e-01    -  1.00e+00 1.00e+00w  1
 871  1.1418017e-03 7.32e-02 2.17e-01 -11.0 1.06e-01    -  1.00e+00 1.00e+00w  1
 872  8.9740076e-05 9.12e-05 1.93e-02 -11.0 4.84e+00    -  1.00e+00 6.25e-02h  4
 873  8.9774567e-05 5.58e-05 2.14e-02 -11.0 3.03e-03    -  1.00e+00 5.00e-01h  2
 874  8.9755883e-05 5.72e-05 2.65e-02 -11.0 8.14e-02    -  1.00e+00 7.81e-03h  8
 875  8.9754386e-05 5.71e-05 2.91e-02 -11.0 4.24e-02    -  1.00e+00 7.81e-03h  8
 876  8.9757158e-05 5.54e-05 2.94e-02 -11.0 5.80e-03    -  1.00e+00 3.12e-02h  6
 877  8.9724086e-05 1.19e-05 4.19e-03 -11.0 1.63e-03    -  1.00e+00 1.00e+00h  1
 878  8.9753369e-05 1.17e-05 3.80e-03 -11.0 4.64e-03    -  1.00e+00 1.56e-02h  7
 879  8.9673653e-05 1.36e-06 7.99e-04 -11.0 5.36e-04    -  1.00e+00 1.00e+00h  1
iter    objective    inf_pr   inf_du lg(mu)  ||d||  lg(rg) alpha_du alpha_pr  ls
 880  8.9691899e-05 1.34e-06 3.91e-04 -11.0 1.90e-03    -  1.00e+00 6.25e-02h  5
 881  8.9673597e-05 3.04e-09 2.93e-05 -11.0 3.71e-05    -  1.00e+00 1.00e+00h  1
 882  8.9667154e-05 5.23e-08 1.16e-03 -11.0 1.04e-04    -  1.00e+00 1.00e+00h  1
 883  8.9875653e-05 2.20e-09 1.38e-04 -11.0 6.95e-04    -  1.00e+00 1.00e+00H  1
 884  8.9686534e-05 4.12e-10 5.72e-05 -11.0 2.82e-04    -  1.00e+00 1.00e+00H  1
 885  8.9803635e-05 1.73e-10 1.11e-04 -11.0 3.37e-04    -  1.00e+00 1.00e+00H  1
 886  8.9673994e-05 1.08e-09 5.29e-05 -11.0 2.64e-04    -  1.00e+00 1.00e+00H  1
 887  9.0352865e-05 3.56e-11 3.02e-04 -11.0 9.00e-04    -  1.00e+00 1.00e+00H  1
 888  8.9924501e-05 3.66e-11 1.86e-04 -11.0 6.13e-04    -  1.00e+00 1.00e+00H  1
 889  8.9918905e-05 6.13e-11 1.85e-04 -11.0 2.44e-03    -  1.00e+00 1.95e-03h 10
iter    objective    inf_pr   inf_du lg(mu)  ||d||  lg(rg) alpha_du alpha_pr  ls
 890  9.0670342e-05 1.88e-12 3.41e-04 -11.0 6.77e-04    -  1.00e+00 1.00e+00H  1
 891  8.9862254e-05 7.99e-11 1.71e-04 -11.0 3.51e-04    -  1.00e+00 1.00e+00H  1
 892  8.9684898e-05 1.48e-10 7.46e-05 -11.0 1.69e-04    -  1.00e+00 1.00e+00H  1
 893  8.9642620e-05 2.13e-08 3.06e-05 -11.0 8.26e-05    -  1.00e+00 1.00e+00h  1
 894  8.9639495e-05 1.65e-09 2.16e-05 -11.0 2.43e-05    -  1.00e+00 1.00e+00h  1
 895  8.9635561e-05 1.33e-09 5.44e-06 -11.0 2.14e-05    -  1.00e+00 1.00e+00h  1
 896  8.9635126e-05 7.66e-11 3.85e-06 -11.0 7.71e-06    -  1.00e+00 1.00e+00h  1
 897  8.9633964e-05 5.89e-09 1.26e-05 -11.0 6.90e-05    -  1.00e+00 1.00e+00h  1
 898  8.9667983e-05 4.48e-12 5.45e-05 -11.0 2.96e-04    -  1.00e+00 1.00e+00H  1
 899  8.9722433e-05 2.56e-12 1.08e-04 -11.0 4.83e-04    -  1.00e+00 1.00e+00H  1
iter    objective    inf_pr   inf_du lg(mu)  ||d||  lg(rg) alpha_du alpha_pr  ls
 900  8.9721979e-05 2.58e-12 1.08e-04 -11.0 4.01e-04    -  1.00e+00 9.77e-04h 11
 901  8.9601591e-05 1.01e-07 3.35e-04 -11.0 2.55e-04    -  1.00e+00 1.00e+00h  1
 902  8.9614017e-05 4.96e-08 3.28e-04 -11.0 2.82e-04    -  1.00e+00 1.00e+00h  1
 903  8.9605519e-05 7.27e-08 5.02e-04 -11.0 4.33e-03    -  1.00e+00 6.25e-02h  5
 904  8.9586610e-05 3.47e-07 6.89e-04 -11.0 1.00e-02    -  1.00e+00 6.25e-02h  5
 905  8.9563143e-05 4.83e-06 3.52e-03 -11.0 1.50e-01    -  1.00e+00 1.56e-02h  7
 906  8.9532252e-05 1.05e-05 9.54e-03 -11.0 3.34e-01    -  1.00e+00 7.81e-03h  8
 907  8.9496840e-05 1.14e-05 1.16e-02 -11.0 5.48e-01    -  1.00e+00 1.95e-03h 10
 908  8.9454306e-05 1.31e-05 1.49e-02 -11.0 3.59e-01    -  1.00e+00 3.91e-03h  9
 909  8.9452747e-05 1.60e-05 1.76e-02 -11.0 2.63e-01    -  1.00e+00 7.81e-03h  8
iter    objective    inf_pr   inf_du lg(mu)  ||d||  lg(rg) alpha_du alpha_pr  ls
 910  8.9375824e-05 2.03e-05 2.20e-02 -11.0 2.05e-01    -  1.00e+00 1.56e-02h  7
 911  8.9229483e-05 3.09e-05 3.14e-02 -11.0 2.64e+00    -  1.00e+00 1.95e-03h 10
 912  8.9140682e-05 4.38e-05 4.74e-02 -11.0 1.19e+00    -  1.00e+00 3.91e-03h  9
 913  1.0633939e-02 1.14e-01 6.97e-01 -11.0 5.18e-01    -  1.00e+00 1.00e+00w  1
 914  3.6927739e-02 1.13e-01 1.67e+00 -11.0 4.03e-01    -  1.00e+00 1.00e+00w  1
 915  1.1751566e+00 1.74e+00 1.15e+01 -11.0 2.07e+00    -  1.00e+00 1.00e+00w  1
 916  8.9122894e-05 4.53e-05 5.10e-02 -11.0 8.73e-01    -  1.00e+00 3.91e-03h  8
 917  8.9089779e-05 4.40e-05 4.86e-02 -11.0 2.98e-02    -  1.00e+00 3.12e-02h  6
 918  8.9058008e-05 4.59e-05 4.30e-02 -11.0 1.62e-01    -  1.00e+00 1.56e-02h  7
 919  8.8981255e-05 4.79e-05 3.82e-02 -11.0 1.65e+00    -  1.00e+00 9.77e-04h 11
iter    objective    inf_pr   inf_du lg(mu)  ||d||  lg(rg) alpha_du alpha_pr  ls
 920  8.8930821e-05 4.95e-05 3.25e-02 -11.0 1.37e-01    -  1.00e+00 7.81e-03h  8
 921  8.9007001e-05 4.94e-05 2.89e-02 -11.0 2.87e-02    -  1.00e+00 1.56e-02h  7
 922  8.9353689e-05 2.10e-06 2.31e-03 -11.0 2.18e-03    -  1.00e+00 1.00e+00h  1
 923  8.9302669e-05 2.31e-06 2.82e-03 -11.0 1.56e-02    -  1.00e+00 3.12e-02h  6
 924  8.9197275e-05 3.84e-06 3.63e-03 -11.0 9.26e-03    -  1.00e+00 1.25e-01h  4
 925  8.9161061e-05 3.85e-06 3.76e-03 -11.0 9.77e-03    -  1.00e+00 3.12e-02h  6
 926  8.9028729e-05 7.11e-06 4.07e-03 -11.0 4.46e-03    -  1.00e+00 5.00e-01h  2
 927  8.8941125e-05 8.70e-06 8.70e-03 -11.0 1.39e-01    -  1.00e+00 7.81e-03h  8
 928  8.8931155e-05 1.16e-05 5.30e-03 -11.0 6.76e-02    -  1.00e+00 3.12e-02h  6
 929  8.8928244e-05 1.14e-05 5.59e-03 -11.0 1.41e-02    -  1.00e+00 1.56e-02h  7
iter    objective    inf_pr   inf_du lg(mu)  ||d||  lg(rg) alpha_du alpha_pr  ls
 930  8.8803415e-05 2.13e-06 9.95e-03 -11.0 9.30e-04    -  1.00e+00 1.00e+00h  1
 931  8.8752194e-05 1.92e-06 9.90e-03 -11.0 1.01e-02    -  1.00e+00 6.25e-02h  5
 932  8.8719209e-05 1.90e-06 1.00e-02 -11.0 1.94e-02    -  1.00e+00 1.56e-02h  7
 933  8.8699265e-05 1.79e-06 1.20e-02 -11.0 3.51e-03    -  1.00e+00 1.25e-01h  4
 934  8.8675621e-05 1.94e-06 1.44e-02 -11.0 1.48e-02    -  1.00e+00 3.12e-02h  6
 935  8.8611143e-05 2.61e-06 1.94e-02 -11.0 2.59e-02    -  1.00e+00 6.25e-02h  5
 936  8.8606817e-05 5.15e-06 2.46e-02 -11.0 2.54e-01    -  1.00e+00 7.81e-03h  8
 937  8.8610761e-05 4.97e-06 2.47e-02 -11.0 1.32e-02    -  1.00e+00 3.12e-02h  6
 938  8.9028942e-05 1.65e-07 8.73e-03 -11.0 1.68e-03    -  1.00e+00 1.00e+00H  1
 939  8.8962153e-05 3.39e-07 1.08e-02 -11.0 1.44e-02    -  1.00e+00 3.12e-02h  6
iter    objective    inf_pr   inf_du lg(mu)  ||d||  lg(rg) alpha_du alpha_pr  ls
 940  8.8882159e-05 8.44e-07 1.25e-02 -11.0 4.90e-02    -  1.00e+00 1.56e-02h  7
 941  8.8797713e-05 8.48e-07 1.12e-02 -11.0 2.89e-02    -  1.00e+00 3.12e-02h  6
 942  8.8736886e-05 4.67e-06 6.94e-03 -11.0 2.17e-01    -  1.00e+00 1.56e-02h  7
 943  8.8648530e-05 5.11e-06 7.77e-03 -11.0 4.42e-01    -  1.00e+00 3.91e-03h  9
 944  8.8555118e-05 5.22e-06 8.21e-03 -11.0 9.76e-02    -  1.00e+00 1.56e-02h  7
 945  8.8453021e-05 6.64e-06 6.43e-03 -11.0 7.85e-02    -  1.00e+00 1.56e-02h  7
 946  2.6312609e-04 2.62e-07 2.21e-02 -11.0 2.34e-02    -  1.00e+00 1.00e+00H  1
 947  9.0986151e-05 1.45e-07 2.72e-02 -11.0 8.34e-03    -  1.00e+00 1.00e+00H  1
 948  9.0523508e-05 1.53e-07 2.61e-02 -11.0 2.47e-02    -  1.00e+00 3.12e-02h  6
 949  9.0151522e-05 3.38e-07 2.59e-02 -11.0 7.66e-01    -  1.00e+00 9.77e-04h 11
iter    objective    inf_pr   inf_du lg(mu)  ||d||  lg(rg) alpha_du alpha_pr  ls
 950  9.0095049e-05 3.45e-07 2.67e-02 -11.0 5.56e-02    -  1.00e+00 3.91e-03h  9
 951  8.9905833e-05 1.62e-06 2.78e-02 -11.0 2.05e-01    -  1.00e+00 7.81e-03h  8
 952  8.9804516e-05 7.85e-06 3.15e-02 -11.0 2.66e-01    -  1.00e+00 1.56e-02h  7
 953  8.9315334e-05 2.45e-05 2.55e-02 -11.0 3.24e-01    -  1.00e+00 1.56e-02h  7
 954  8.8871852e-05 3.82e-05 3.30e-02 -11.0 2.11e+00    -  1.00e+00 1.95e-03h 10
 955  8.8176807e-05 6.03e-05 2.38e-02 -11.0 1.93e+00    -  1.00e+00 3.91e-03h  9
 956  8.7986098e-05 6.46e-05 1.92e-02 -11.0 8.37e-01    -  1.00e+00 3.91e-03h  9
 957  8.7734898e-05 6.45e-05 2.01e-02 -11.0 9.93e-02    -  1.00e+00 7.81e-03h  8
 958  1.0407484e-04 3.46e-05 2.20e-02 -11.0 3.99e-03    -  1.00e+00 1.00e+00w  1
 959  9.2575867e-05 2.51e-05 9.69e-03 -11.0 4.06e-03    -  1.00e+00 1.00e+00w  1
iter    objective    inf_pr   inf_du lg(mu)  ||d||  lg(rg) alpha_du alpha_pr  ls
 960  2.5204392e-04 2.88e-04 2.72e-02 -11.0 2.43e-02    -  1.00e+00 1.00e+00w  1
 961  8.8254315e-05 4.91e-05 2.07e-02 -11.0 8.79e-03    -  1.00e+00 2.50e-01h  2
 962  1.3139925e-04 4.33e-07 1.28e-02 -11.0 1.64e-02    -  1.00e+00 1.00e+00H  1
 963  3.4676250e-04 1.46e-07 3.61e-02 -11.0 1.28e-02    -  1.00e+00 1.00e+00H  1
 964  3.3727448e-04 4.14e-07 3.53e-02 -11.0 3.92e-02    -  1.00e+00 1.56e-02h  7
 965  3.3192353e-04 5.94e-07 3.44e-02 -11.0 2.29e-01    -  1.00e+00 1.95e-03h 10
 966  3.2419141e-04 7.80e-07 3.36e-02 -11.0 5.26e-02    -  1.00e+00 7.81e-03h  8
 967  3.1981710e-04 7.99e-07 3.34e-02 -11.0 1.92e-02    -  1.00e+00 7.81e-03h  8
 968  3.1652398e-04 8.34e-07 3.31e-02 -11.0 8.59e-02    -  1.00e+00 1.95e-03h 10
 969  2.2613446e-04 6.11e-04 1.81e-02 -11.0 2.23e-02    -  1.00e+00 1.00e+00h  1
iter    objective    inf_pr   inf_du lg(mu)  ||d||  lg(rg) alpha_du alpha_pr  ls
 970  2.3388708e-04 5.48e-04 2.49e-02 -11.0 4.35e-02    -  1.00e+00 1.25e-01h  4
 971  8.9691877e-05 1.66e-04 7.61e-03 -11.0 1.17e-02    -  1.00e+00 1.00e+00h  1
 972  2.4662834e-04 8.31e-05 8.20e-03 -11.0 4.58e-03    -  1.00e+00 5.00e-01h  2
 973  8.7191336e-05 9.44e-06 1.48e-03 -11.0 2.02e-03    -  1.00e+00 1.00e+00h  1
 974  8.7049327e-05 1.57e-08 1.36e-04 -11.0 8.15e-05    -  1.00e+00 1.00e+00h  1
 975  8.6983965e-05 1.16e-07 1.74e-04 -11.0 1.58e-04    -  1.00e+00 1.00e+00h  1
 976  8.7511699e-05 5.69e-09 2.24e-04 -11.0 9.94e-04    -  1.00e+00 1.00e+00H  1
 977  8.6895743e-05 3.50e-07 9.26e-04 -11.0 4.01e-04    -  1.00e+00 1.00e+00h  1
 978  8.9198544e-05 2.23e-09 6.09e-04 -11.0 3.87e-04    -  1.00e+00 1.00e+00H  1
 979  8.6698489e-05 4.37e-07 2.61e-04 -11.0 3.25e-04    -  1.00e+00 1.00e+00h  1
iter    objective    inf_pr   inf_du lg(mu)  ||d||  lg(rg) alpha_du alpha_pr  ls
 980  8.6685188e-05 3.27e-08 3.91e-04 -11.0 1.13e-04    -  1.00e+00 1.00e+00h  1
 981  8.6919509e-05 2.20e-08 1.01e-04 -11.0 1.66e-03    -  1.00e+00 1.00e+00H  1
 982  8.9353030e-05 1.52e-09 8.01e-04 -11.0 1.01e-03    -  1.00e+00 1.00e+00H  1
 983  8.6860102e-05 1.54e-08 1.64e-04 -11.0 1.15e-03    -  1.00e+00 1.00e+00H  1
 984  8.7761383e-05 3.87e-09 2.64e-04 -11.0 8.01e-04    -  1.00e+00 1.00e+00H  1
 985  8.6650580e-05 1.69e-06 3.15e-04 -11.0 5.86e-04    -  1.00e+00 1.00e+00h  1
 986  8.6565231e-05 1.30e-06 6.77e-04 -11.0 4.55e-04    -  1.00e+00 2.50e-01h  3
 987  8.6549375e-05 3.61e-09 1.82e-05 -11.0 6.07e-05    -  1.00e+00 1.00e+00h  1
 988  8.6540468e-05 1.07e-08 2.27e-05 -11.0 6.83e-05    -  1.00e+00 1.00e+00h  1
 989  8.6514110e-05 5.83e-08 4.54e-04 -11.0 1.49e-04    -  1.00e+00 1.00e+00h  1
iter    objective    inf_pr   inf_du lg(mu)  ||d||  lg(rg) alpha_du alpha_pr  ls
 990  8.6499800e-05 3.23e-07 1.71e-03 -11.0 9.23e-03    -  1.00e+00 3.12e-02h  6
 991  8.6506699e-05 3.71e-08 5.09e-03 -11.0 1.28e-03    -  1.00e+00 1.00e+00H  1
 992  8.6487698e-05 3.92e-07 7.22e-03 -11.0 1.16e-02    -  1.00e+00 3.12e-02h  6
 993  8.6883297e-05 2.48e-10 3.13e-04 -11.0 3.69e-04    -  1.00e+00 1.00e+00H  1
 994  8.6449057e-05 7.60e-07 3.16e-03 -11.0 3.76e-04    -  1.00e+00 1.00e+00h  1
 995  8.6386465e-05 3.09e-07 2.38e-03 -11.0 4.40e-04    -  1.00e+00 1.00e+00h  1
 996  8.6870844e-05 7.87e-11 2.28e-04 -11.0 8.12e-04    -  1.00e+00 1.00e+00H  1
 997  8.6371878e-05 7.37e-07 2.77e-03 -11.0 4.12e-04    -  1.00e+00 1.00e+00h  1
 998  8.6359475e-05 3.64e-07 8.51e-04 -11.0 3.99e-04    -  1.00e+00 5.00e-01h  2
 999  8.6346472e-05 1.78e-07 2.05e-03 -11.0 3.92e-04    -  1.00e+00 1.00e+00h  1
iter    objective    inf_pr   inf_du lg(mu)  ||d||  lg(rg) alpha_du alpha_pr  ls
1000  8.6348226e-05 7.40e-08 4.98e-04 -11.0 2.42e-04    -  1.00e+00 1.00e+00h  1
1001  8.6515452e-05 3.64e-09 2.06e-04 -11.0 2.96e-04    -  1.00e+00 1.00e+00H  1
1002  8.6345221e-05 9.10e-08 7.22e-04 -11.0 2.14e-04    -  1.00e+00 1.00e+00h  1
1003  8.6333308e-05 6.63e-08 4.44e-04 -11.0 1.30e-04    -  1.00e+00 1.00e+00h  1
1004  8.6346091e-05 8.39e-09 5.57e-05 -11.0 5.04e-05    -  1.00e+00 1.00e+00h  1
1005  8.6319486e-05 1.03e-08 3.98e-06 -11.0 4.31e-05    -  1.00e+00 1.00e+00h  1
1006  8.6319079e-05 1.89e-10 4.50e-06 -11.0 7.32e-06    -  1.00e+00 1.00e+00h  1
1007  8.6383702e-05 7.22e-11 9.74e-05 -11.0 4.92e-04    -  1.00e+00 1.00e+00H  1
1008  8.6660139e-05 4.84e-12 2.08e-04 -11.0 5.53e-04    -  1.00e+00 1.00e+00H  1
1009  8.7067101e-05 2.15e-12 4.54e-04 -11.0 1.23e-03    -  1.00e+00 1.00e+00H  1
iter    objective    inf_pr   inf_du lg(mu)  ||d||  lg(rg) alpha_du alpha_pr  ls
1010  8.7066136e-05 2.12e-12 4.54e-04 -11.0 1.63e-03    -  1.00e+00 4.88e-04h 12
1011  8.7065404e-05 2.62e-12 4.54e-04 -11.0 1.04e-02    -  1.00e+00 6.10e-05h 15
1012  8.7064473e-05 2.91e-12 4.53e-04 -11.0 9.65e-04    -  1.00e+00 4.88e-04h 12
1013  8.7063730e-05 3.20e-12 4.53e-04 -11.0 1.97e-03    -  1.00e+00 2.44e-04h 13
1014  8.7063633e-05 3.20e-12 4.53e-04 -11.0 1.78e-03    -  1.00e+00 3.05e-05h 16
1015  8.6820284e-05 1.36e-06 2.48e-03 -11.0 2.95e-03    -  1.00e+00 2.50e-01h  3
1016  8.6482852e-05 2.27e-06 4.57e-03 -11.0 6.04e-03    -  1.00e+00 1.25e-01h  4
1017  8.6380773e-05 1.67e-06 4.24e-04 -11.0 1.52e-03    -  1.00e+00 2.50e-01h  3
1018  8.6620824e-05 3.05e-07 1.75e-03 -11.0 3.85e-04    -  1.00e+00 1.00e+00h  1
1019  8.6256793e-05 6.14e-08 3.83e-04 -11.0 1.80e-04    -  1.00e+00 1.00e+00h  1
iter    objective    inf_pr   inf_du lg(mu)  ||d||  lg(rg) alpha_du alpha_pr  ls
1020  8.6235683e-05 1.32e-08 1.07e-05 -11.0 7.22e-05    -  1.00e+00 1.00e+00h  1
1021  8.6235334e-05 1.23e-09 2.08e-05 -11.0 2.94e-05    -  1.00e+00 1.00e+00h  1
1022  8.6232090e-05 1.16e-09 1.18e-05 -11.0 2.40e-05    -  1.00e+00 1.00e+00h  1
1023  8.6229879e-05 1.38e-09 8.51e-06 -11.0 2.61e-05    -  1.00e+00 1.00e+00h  1
1024  8.6230096e-05 2.80e-11 3.50e-05 -11.0 1.02e-04    -  1.00e+00 1.00e+00H  1
1025  8.6221749e-05 8.90e-07 4.44e-03 -11.0 8.13e-04    -  1.00e+00 1.00e+00h  1
1026  8.6215618e-05 9.31e-07 5.31e-03 -11.0 2.15e-02    -  1.00e+00 7.81e-03h  8
1027  8.6453503e-05 1.17e-11 1.35e-04 -11.0 1.06e-03    -  1.00e+00 1.00e+00H  1
1028  8.6452772e-05 3.66e-11 1.35e-04 -11.0 5.46e-03    -  1.00e+00 4.88e-04h 12
1029  8.6452521e-05 3.82e-11 1.35e-04 -11.0 9.62e-03    -  1.00e+00 1.22e-04h 14
iter    objective    inf_pr   inf_du lg(mu)  ||d||  lg(rg) alpha_du alpha_pr  ls
1030  8.6450705e-05 3.64e-11 1.35e-04 -11.0 3.57e-03    -  1.00e+00 4.88e-04h 12
1031  8.6670155e-05 4.07e-12 2.09e-04 -11.0 1.57e-03    -  1.00e+00 1.00e+00H  1
1032  8.6669147e-05 2.24e-12 2.08e-04 -11.0 9.17e-03    -  1.00e+00 2.44e-04h 13
1033  8.6668456e-05 7.86e-12 2.08e-04 -11.0 6.60e-03    -  1.00e+00 2.44e-04h 13
1034  8.6667455e-05 1.83e-11 2.08e-04 -11.0 4.05e-02    -  1.00e+00 6.10e-05h 15
1035  8.6666377e-05 1.80e-11 2.08e-04 -11.0 2.07e-02    -  1.00e+00 1.22e-04h 14
1036  8.6665579e-05 2.29e-11 2.08e-04 -11.0 1.55e-02    -  1.00e+00 1.22e-04h 14
1037  8.6400398e-05 6.71e-06 2.87e-03 -11.0 2.67e-02    -  1.00e+00 6.25e-02h  5
1038  8.6392712e-05 1.31e-05 7.35e-03 -11.0 7.62e-02    -  1.00e+00 3.12e-02h  6
1039  8.6302531e-05 3.84e-05 1.72e-02 -11.0 3.06e-01    -  1.00e+00 1.56e-02h  7
iter    objective    inf_pr   inf_du lg(mu)  ||d||  lg(rg) alpha_du alpha_pr  ls
1040  8.6196498e-05 3.91e-05 1.76e-02 -11.0 2.24e-01    -  1.00e+00 3.91e-03h  9
1041  8.6132391e-05 3.73e-05 1.87e-02 -11.0 1.41e-02    -  1.00e+00 6.25e-02h  5
1042  2.0798034e-04 3.31e-04 2.37e-02 -11.0 8.62e-03    -  1.00e+00 1.00e+00w  1
1043  1.0120337e-04 2.38e-04 8.24e-03 -11.0 6.43e-03    -  1.00e+00 1.00e+00w  1
1044  8.6939325e-04 1.24e-03 5.12e-02 -11.0 1.88e-02    -  1.00e+00 1.00e+00w  1
1045  8.6269822e-05 3.63e-05 1.78e-02 -11.0 1.94e-02    -  1.00e+00 6.25e-02h  4
1046  8.6659455e-05 4.82e-07 8.58e-04 -11.0 2.42e-04    -  1.00e+00 1.00e+00h  1
1047  8.5859027e-05 1.86e-07 4.84e-04 -11.0 2.23e-04    -  1.00e+00 1.00e+00h  1
1048  8.5843509e-05 2.62e-08 1.69e-05 -11.0 7.10e-05    -  1.00e+00 1.00e+00h  1
1049  8.5849541e-05 1.04e-10 8.19e-05 -11.0 1.58e-04    -  1.00e+00 1.00e+00H  1
iter    objective    inf_pr   inf_du lg(mu)  ||d||  lg(rg) alpha_du alpha_pr  ls
1050  8.5892815e-05 5.27e-11 7.19e-05 -11.0 4.92e-04    -  1.00e+00 1.00e+00H  1
1051  8.6825358e-05 1.83e-12 2.88e-04 -11.0 4.53e-04    -  1.00e+00 1.00e+00H  1
1052  8.5808735e-05 2.24e-06 5.10e-04 -11.0 5.77e-04    -  1.00e+00 1.00e+00h  1
1053  8.5799297e-05 1.69e-06 3.16e-04 -11.0 2.40e-04    -  1.00e+00 2.50e-01h  3
1054  8.5791944e-05 2.10e-08 2.49e-04 -11.0 5.23e-05    -  1.00e+00 1.00e+00h  1
1055  8.5795166e-05 2.89e-12 3.39e-05 -11.0 5.70e-05    -  1.00e+00 1.00e+00H  1
1056  8.5781386e-05 1.10e-08 1.40e-05 -11.0 6.90e-05    -  1.00e+00 1.00e+00h  1
1057  8.5789034e-05 1.71e-10 7.15e-05 -11.0 1.90e-04    -  1.00e+00 1.00e+00H  1
1058  8.5768563e-05 6.43e-07 7.03e-03 -11.0 4.57e-04    -  1.00e+00 1.00e+00h  1
1059  8.5764828e-05 6.95e-07 9.47e-03 -11.0 1.91e-03    -  1.00e+00 1.25e-01h  4
iter    objective    inf_pr   inf_du lg(mu)  ||d||  lg(rg) alpha_du alpha_pr  ls
1060  8.6715628e-05 2.01e-12 3.91e-04 -11.0 1.01e-03    -  1.00e+00 1.00e+00H  1
1061  8.5740243e-05 1.63e-06 5.46e-03 -11.0 6.61e-04    -  1.00e+00 1.00e+00h  1
1062  8.5712231e-05 1.22e-06 3.39e-03 -11.0 3.52e-04    -  1.00e+00 2.50e-01h  3
1063  8.5694047e-05 1.39e-07 1.71e-03 -11.0 2.52e-04    -  1.00e+00 1.00e+00h  1
1064  8.5692871e-05 1.59e-07 3.04e-03 -11.0 1.92e-03    -  1.00e+00 6.25e-02h  5
1065  8.6056445e-05 1.22e-12 3.26e-04 -11.0 4.30e-04    -  1.00e+00 1.00e+00H  1
1066  8.5690649e-05 1.43e-07 1.15e-03 -11.0 2.74e-04    -  1.00e+00 1.00e+00h  1
1067  8.5695703e-05 7.27e-08 1.08e-03 -11.0 1.10e-04    -  1.00e+00 1.00e+00h  1
1068  8.5706598e-05 4.66e-08 1.52e-03 -11.0 6.70e-05    -  1.00e+00 1.00e+00h  1
1069  8.5685163e-05 5.88e-08 1.30e-04 -11.0 1.13e-04    -  1.00e+00 1.00e+00h  1
iter    objective    inf_pr   inf_du lg(mu)  ||d||  lg(rg) alpha_du alpha_pr  ls
1070  8.5711151e-05 5.78e-10 6.55e-05 -11.0 2.25e-04    -  1.00e+00 1.00e+00H  1
1071  8.5686196e-05 2.83e-11 3.71e-05 -11.0 1.26e-04    -  1.00e+00 1.00e+00H  1
1072  8.5719267e-05 2.04e-12 1.03e-04 -11.0 9.47e-05    -  1.00e+00 1.00e+00H  1
1073  8.5668974e-05 3.13e-08 2.32e-04 -11.0 5.83e-05    -  1.00e+00 1.00e+00h  1
1074  8.5666394e-05 2.09e-09 9.64e-06 -11.0 4.86e-05    -  1.00e+00 1.00e+00h  1
1075  8.5635735e-05 7.09e-07 4.85e-03 -11.0 9.22e-04    -  1.00e+00 1.00e+00h  1
1076  8.5626056e-05 2.11e-06 1.21e-02 -11.0 1.78e-01    -  1.00e+00 7.81e-03h  8
1077  8.5625322e-05 3.32e-06 1.82e-02 -11.0 8.78e-02    -  1.00e+00 1.56e-02h  7
1078  8.5587985e-05 6.62e-06 2.87e-02 -11.0 2.72e-01    -  1.00e+00 7.81e-03h  8
1079  8.5580602e-05 7.21e-06 3.15e-02 -11.0 4.84e-02    -  1.00e+00 1.56e-02h  7
iter    objective    inf_pr   inf_du lg(mu)  ||d||  lg(rg) alpha_du alpha_pr  ls
1080  8.5552898e-05 8.52e-06 3.70e-02 -11.0 1.50e-01    -  1.00e+00 7.81e-03h  8
1081  8.5546342e-05 8.57e-06 3.79e-02 -11.0 6.55e-02    -  1.00e+00 3.91e-03h  9
1082  8.5537465e-05 9.02e-06 4.06e-02 -11.0 1.41e-02    -  1.00e+00 6.25e-02h  5
1083  8.5527773e-05 9.18e-06 3.81e-02 -11.0 1.34e-01    -  1.00e+00 3.91e-03h  9
1084  8.5511467e-05 9.51e-06 3.30e-02 -11.0 6.37e-02    -  1.00e+00 1.56e-02h  7
1085  8.5507025e-05 9.73e-06 2.87e-02 -11.0 5.40e-02    -  1.00e+00 1.56e-02h  7
1086  4.5834129e-04 1.15e-02 6.29e-01 -11.0 1.29e-01    -  1.00e+00 1.00e+00w  1
1087  1.0769941e-03 6.18e-03 7.97e-02 -11.0 1.05e-01    -  1.00e+00 1.00e+00w  1
1088  2.0243533e-01 6.69e-01 7.41e+00 -11.0 1.22e+00    -  1.00e+00 1.00e+00w  1
1089  8.5495496e-05 1.04e-05 2.38e-02 -11.0 1.54e-01    -  1.00e+00 7.81e-03h  7
iter    objective    inf_pr   inf_du lg(mu)  ||d||  lg(rg) alpha_du alpha_pr  ls
1090  8.5506862e-05 1.02e-05 1.89e-02 -11.0 1.17e-02    -  1.00e+00 6.25e-02h  5
1091  8.5501107e-05 1.00e-05 1.82e-02 -11.0 4.83e-03    -  1.00e+00 1.56e-02h  7
1092  8.5521909e-05 6.29e-06 1.38e-02 -11.0 2.60e-03    -  1.00e+00 5.00e-01h  2
1093  8.5504655e-05 7.93e-06 2.05e-02 -11.0 4.80e-02    -  1.00e+00 3.12e-02h  6
1094  8.5501351e-05 8.05e-06 2.22e-02 -11.0 1.88e-01    -  1.00e+00 1.95e-03h 10
1095  8.5507502e-05 7.07e-06 2.09e-02 -11.0 2.31e-03    -  1.00e+00 1.25e-01h  4
1096  8.5529458e-05 3.60e-06 1.12e-02 -11.0 1.04e-03    -  1.00e+00 5.00e-01h  2
1097  8.5473617e-05 3.00e-06 1.14e-02 -11.0 2.14e-03    -  1.00e+00 2.50e-01h  3
1098  8.5470197e-05 2.96e-06 8.44e-03 -11.0 5.89e-03    -  1.00e+00 6.25e-02h  5
1099  9.5255615e-05 2.07e-05 1.74e-02 -11.0 1.88e-03    -  1.00e+00 1.00e+00w  1
iter    objective    inf_pr   inf_du lg(mu)  ||d||  lg(rg) alpha_du alpha_pr  ls
1100  8.5502536e-05 1.87e-05 5.45e-04 -11.0 2.14e-03    -  1.00e+00 1.00e+00w  1
1101  8.6649605e-05 1.09e-06 5.24e-03 -11.0 5.29e-04    -  1.00e+00 1.00e+00w  1
1102  8.5438684e-05 6.88e-07 1.85e-04 -11.0 4.28e-04    -  1.00e+00 1.00e+00h  1
1103  8.5457706e-05 4.21e-08 1.27e-03 -11.0 1.14e-04    -  1.00e+00 1.00e+00h  1
1104  8.5428069e-05 1.52e-08 7.23e-05 -11.0 9.06e-05    -  1.00e+00 1.00e+00h  1
1105  8.5431084e-05 4.35e-09 2.31e-05 -11.0 2.87e-05    -  1.00e+00 1.00e+00h  1
1106  8.5425939e-05 1.59e-09 4.80e-06 -11.0 2.12e-05    -  1.00e+00 1.00e+00h  1
1107  8.5425183e-05 1.95e-10 4.05e-06 -11.0 7.59e-06    -  1.00e+00 1.00e+00h  1
1108  8.5440978e-05 2.84e-11 5.41e-05 -11.0 2.38e-04    -  1.00e+00 1.00e+00H  1
1109  8.5423127e-05 4.28e-08 8.59e-04 -11.0 1.93e-04    -  1.00e+00 1.00e+00h  1
iter    objective    inf_pr   inf_du lg(mu)  ||d||  lg(rg) alpha_du alpha_pr  ls
1110  8.5415657e-05 3.23e-08 7.13e-04 -11.0 6.64e-05    -  1.00e+00 2.50e-01h  3
1111  8.5408820e-05 4.21e-09 6.92e-06 -11.0 4.61e-05    -  1.00e+00 1.00e+00h  1
1112  8.5406592e-05 3.54e-09 1.24e-05 -11.0 3.38e-05    -  1.00e+00 1.00e+00h  1
1113  8.5543008e-05 9.47e-12 2.20e-04 -11.0 2.78e-04    -  1.00e+00 1.00e+00H  1
1114  8.5401634e-05 8.95e-08 3.75e-04 -11.0 1.79e-04    -  1.00e+00 1.00e+00h  1
1115  8.5400752e-05 4.60e-08 1.59e-04 -11.0 1.04e-04    -  1.00e+00 5.00e-01h  2
1116  8.5397379e-05 3.01e-09 8.91e-06 -11.0 6.05e-05    -  1.00e+00 1.00e+00h  1
1117  8.5453379e-05 3.53e-12 1.01e-04 -11.0 3.39e-04    -  1.00e+00 1.00e+00H  1
1118  8.5416348e-05 1.99e-09 5.93e-05 -11.0 2.91e-04    -  1.00e+00 1.00e+00H  1
1119  8.6380727e-05 8.77e-13 3.65e-04 -11.0 4.52e-04    -  1.00e+00 1.00e+00H  1
iter    objective    inf_pr   inf_du lg(mu)  ||d||  lg(rg) alpha_du alpha_pr  ls
1120  8.5376143e-05 2.64e-07 5.83e-04 -11.0 3.50e-04    -  1.00e+00 1.00e+00h  1
1121  8.5376787e-05 4.99e-09 1.64e-05 -11.0 8.04e-05    -  1.00e+00 1.00e+00h  1
1122  8.5371694e-05 3.88e-08 8.55e-04 -11.0 1.63e-04    -  1.00e+00 1.00e+00h  1
1123  8.5369839e-05 4.39e-08 1.17e-03 -11.0 2.14e-03    -  1.00e+00 3.12e-02h  6
1124  8.5388056e-05 1.14e-09 5.93e-05 -11.0 1.00e-03    -  1.00e+00 1.00e+00H  1
1125  8.5386168e-05 1.49e-09 5.44e-05 -11.0 1.84e-02    -  1.00e+00 1.95e-03h 10
1126  8.5479477e-05 9.25e-13 1.91e-04 -11.0 6.37e-04    -  1.00e+00 1.00e+00H  1
1127  8.5362719e-05 1.06e-06 5.45e-03 -11.0 5.23e-03    -  1.00e+00 1.25e-01h  4
1128  8.5341859e-05 1.14e-06 6.19e-03 -11.0 1.11e-02    -  1.00e+00 1.56e-02h  7
1129  8.5331404e-05 1.56e-06 7.90e-03 -11.0 3.35e-03    -  1.00e+00 2.50e-01h  3
iter    objective    inf_pr   inf_du lg(mu)  ||d||  lg(rg) alpha_du alpha_pr  ls
1130  8.5240265e-05 8.00e-06 1.38e-02 -11.0 3.79e-02    -  1.00e+00 6.25e-02h  5
1131  8.5174051e-05 1.24e-05 2.32e-02 -11.0 5.47e-01    -  1.00e+00 3.91e-03h  9
1132  8.5151626e-05 1.54e-05 3.23e-02 -11.0 3.97e-01    -  1.00e+00 3.91e-03h  9
1133  8.5115159e-05 4.14e-05 5.04e-02 -11.0 2.95e-01    -  1.00e+00 1.56e-02h  7
1134  8.5108699e-05 4.09e-05 4.97e-02 -11.0 6.57e-02  -3.9 1.00e+00 3.91e-03h  9
1135  8.5176971e-05 2.61e-06 1.12e-02 -11.0 1.09e-03    -  1.00e+00 1.00e+00h  1
1136  8.5128662e-05 6.92e-06 6.69e-03 -11.0 6.36e-02    -  1.00e+00 3.12e-02h  6
1137  8.5102909e-05 7.86e-06 6.22e-03 -11.0 2.33e-01    -  1.00e+00 3.91e-03h  9
1138  8.5098102e-05 7.80e-06 6.31e-03 -11.0 4.02e-02    -  1.00e+00 7.81e-03h  8
1139  8.5224915e-05 6.92e-07 7.32e-03 -11.0 3.41e-03    -  1.00e+00 1.00e+00H  1
iter    objective    inf_pr   inf_du lg(mu)  ||d||  lg(rg) alpha_du alpha_pr  ls
1140  8.5195069e-05 3.18e-07 8.96e-03 -11.0 3.95e-01    -  1.00e+00 1.95e-03h 10
1141  8.5156035e-05 1.18e-06 1.15e-02 -11.0 5.18e-01    -  1.00e+00 1.95e-03h 10
1142  8.5148642e-05 1.25e-06 9.74e-03 -11.0 4.53e-02    -  1.00e+00 7.81e-03h  8
1143  8.5142303e-05 1.68e-06 5.97e-03 -11.0 2.07e-02    -  1.00e+00 3.12e-02h  6
1144  8.5096295e-05 4.37e-06 6.15e-03 -11.0 1.98e-02    -  1.00e+00 6.25e-02h  5
1145  8.5077389e-05 6.61e-06 7.86e-03 -11.0 9.80e-02    -  1.00e+00 1.56e-02h  7
1146  8.5049600e-05 1.06e-05 6.07e-03 -11.0 1.16e-01    -  1.00e+00 1.56e-02h  7
1147  8.5038865e-05 1.13e-05 5.31e-03 -11.0 4.44e-02    -  1.00e+00 1.56e-02h  7
1148  8.5038789e-05 1.13e-05 5.37e-03 -11.0 2.55e-02    -  1.00e+00 1.56e-02h  7
1149  8.4979118e-05 9.94e-06 3.57e-03 -11.0 5.06e-03    -  1.00e+00 1.25e-01h  4
iter    objective    inf_pr   inf_du lg(mu)  ||d||  lg(rg) alpha_du alpha_pr  ls
1150  2.4869146e-04 4.04e-04 1.30e-01 -11.0 1.20e-02    -  1.00e+00 1.00e+00w  1
1151  9.2988028e-05 1.33e-04 3.06e-01 -11.0 9.27e-03    -  1.00e+00 1.00e+00w  1
1152  4.1315206e-04 5.91e-04 6.36e-02 -11.0 1.84e-02    -  1.00e+00 1.00e+00w  1
1153  8.4981803e-05 9.79e-06 1.66e-03 -11.0 5.66e-03    -  1.00e+00 3.12e-02h  5
1154  8.4906344e-05 9.51e-06 1.83e-03 -11.0 1.11e-02    -  1.00e+00 3.12e-02h  6
1155  8.4976637e-05 8.52e-06 3.04e-03 -11.0 3.74e-03    -  1.00e+00 1.25e-01h  4
1156  8.5024214e-05 5.08e-06 4.71e-03 -11.0 1.79e-03    -  1.00e+00 5.00e-01h  2
1157  8.4968491e-05 3.94e-06 8.58e-03 -11.0 2.77e-03    -  1.00e+00 2.50e-01h  3
1158  8.4916458e-05 3.56e-06 1.42e-02 -11.0 5.49e-03    -  1.00e+00 1.25e-01h  4
1159  8.5078119e-05 2.81e-06 1.80e-02 -11.0 3.15e-03    -  1.00e+00 1.25e-01h  4
iter    objective    inf_pr   inf_du lg(mu)  ||d||  lg(rg) alpha_du alpha_pr  ls
1160  8.5023049e-05 6.88e-09 1.55e-04 -11.0 8.49e-04    -  1.00e+00 1.00e+00H  1
1161  8.4826953e-05 7.76e-07 4.29e-03 -11.0 2.09e-03    -  1.00e+00 2.50e-01h  3
1162  8.4923867e-05 6.44e-07 4.84e-03 -11.0 2.03e-03    -  1.00e+00 1.25e-01h  4
1163  8.4732841e-05 1.32e-06 2.93e-03 -11.0 4.99e-04    -  1.00e+00 1.00e+00h  1
1164  8.4713183e-05 1.29e-06 4.32e-03 -11.0 1.85e-03    -  1.00e+00 6.25e-02h  5
1165  8.4736165e-05 9.65e-08 1.27e-03 -11.0 1.44e-04    -  1.00e+00 1.00e+00h  1
1166  8.4687194e-05 1.48e-07 1.17e-03 -11.0 1.70e-04    -  1.00e+00 1.00e+00h  1
1167  8.4955854e-05 4.37e-08 1.17e-03 -11.0 1.31e-04    -  1.00e+00 1.00e+00h  1
1168  8.4680094e-05 1.46e-08 1.14e-05 -11.0 1.05e-04    -  1.00e+00 1.00e+00h  1
1169  8.4678598e-05 2.26e-10 1.03e-05 -11.0 1.44e-05    -  1.00e+00 1.00e+00h  1
iter    objective    inf_pr   inf_du lg(mu)  ||d||  lg(rg) alpha_du alpha_pr  ls
1170  8.4663486e-05 7.52e-08 4.28e-03 -11.0 1.27e-03    -  1.00e+00 2.50e-01h  3
1171  8.4662063e-05 1.61e-07 8.28e-03 -11.0 1.00e-02    -  1.00e+00 3.12e-02h  6
1172  8.4655412e-05 1.72e-07 8.75e-03 -11.0 1.78e-03    -  1.00e+00 6.25e-02h  5
1173  8.4782788e-05 1.77e-11 1.14e-04 -11.0 8.01e-04    -  1.00e+00 1.00e+00H  1
1174  8.4775292e-05 1.54e-10 1.15e-04 -11.0 6.45e-04    -  1.00e+00 1.56e-02h  7
1175  8.4618001e-05 7.08e-07 2.60e-03 -11.0 4.77e-04    -  1.00e+00 1.00e+00h  1
1176  8.4612043e-05 6.83e-07 4.34e-04 -11.0 1.74e-03    -  1.00e+00 1.25e-01h  4
1177  8.4577483e-05 8.60e-07 2.04e-03 -11.0 7.81e-04    -  1.00e+00 1.00e+00h  1
1178  8.4566267e-05 1.34e-06 5.00e-03 -11.0 2.29e-02    -  1.00e+00 3.12e-02h  6
1179  8.4508273e-05 3.41e-06 2.24e-02 -11.0 6.21e-02    -  1.00e+00 3.12e-02h  6
iter    objective    inf_pr   inf_du lg(mu)  ||d||  lg(rg) alpha_du alpha_pr  ls
1180  8.4502975e-05 3.41e-06 2.36e-02 -11.0 7.36e-02    -  1.00e+00 1.95e-03h 10
1181  8.4529292e-05 3.58e-06 2.57e-02 -11.0 9.17e-03    -  1.00e+00 6.25e-02h  5
1182  8.4499480e-05 3.74e-06 2.96e-02 -11.0 9.92e-03    -  1.00e+00 6.25e-02h  5
1183  8.4438903e-05 6.95e-06 3.91e-02 -11.0 1.95e-01    -  1.00e+00 7.81e-03h  8
1184  8.4404852e-05 9.91e-06 4.83e-02 -11.0 1.91e-01    -  1.00e+00 7.81e-03h  8
1185  8.4362240e-05 9.98e-06 4.61e-02 -11.0 3.25e-02    -  1.00e+00 7.81e-03h  8
1186  8.4268509e-05 9.82e-06 4.10e-02 -11.0 5.26e-03    -  1.00e+00 1.25e-01h  4
1187  8.4227065e-05 1.09e-05 4.11e-02 -11.0 1.09e-02    -  1.00e+00 1.25e-01h  4
1188  2.0001900e-03 1.85e-02 5.64e-01 -11.0 1.11e-01    -  1.00e+00 1.00e+00w  1
1189  4.5799867e-04 4.78e-03 3.60e-01 -11.0 4.65e-02    -  1.00e+00 1.00e+00w  1
iter    objective    inf_pr   inf_du lg(mu)  ||d||  lg(rg) alpha_du alpha_pr  ls
1190  3.2168273e-02 1.26e-02 7.31e-01 -11.0 7.39e-02    -  1.00e+00 1.00e+00w  1
1191  8.4220231e-05 1.16e-05 4.53e-02 -11.0 7.28e-02    -  1.00e+00 7.81e-03h  7
1192  8.4302895e-05 4.87e-07 6.34e-03 -11.0 6.93e-04    -  1.00e+00 1.00e+00h  1
1193  8.4268321e-05 6.03e-07 7.70e-03 -11.0 2.60e-03    -  1.00e+00 1.25e-01h  4
1194  8.4227068e-05 7.44e-07 6.87e-03 -11.0 1.49e-03    -  1.00e+00 2.50e-01h  3
1195  8.4198809e-05 8.14e-07 3.83e-03 -11.0 2.56e-03    -  1.00e+00 2.50e-01h  3
1196  8.4198652e-05 8.38e-07 3.59e-03 -11.0 4.60e-03    -  1.00e+00 6.25e-02h  5
1197  8.4206388e-05 2.80e-08 2.76e-03 -11.0 1.01e-03    -  1.00e+00 1.00e+00H  1
1198  8.4186497e-05 1.28e-07 3.72e-03 -11.0 1.07e-02    -  1.00e+00 3.12e-02h  6
1199  8.4175872e-05 9.83e-08 3.00e-03 -11.0 8.98e-04    -  1.00e+00 1.25e-01h  4
iter    objective    inf_pr   inf_du lg(mu)  ||d||  lg(rg) alpha_du alpha_pr  ls
1200  8.4112541e-05 5.01e-07 6.30e-04 -11.0 6.42e-04    -  1.00e+00 1.00e+00h  1
1201  8.4111278e-05 5.03e-07 1.01e-03 -11.0 3.10e-03    -  1.00e+00 3.12e-02h  6
1202  8.4155497e-05 1.14e-07 1.89e-04 -11.0 1.78e-04    -  1.00e+00 1.00e+00h  1
1203  8.4115514e-05 6.22e-08 4.07e-04 -11.0 2.16e-04    -  1.00e+00 1.00e+00h  1
1204  8.5005567e-05 6.47e-12 3.37e-04 -11.0 3.99e-04    -  1.00e+00 1.00e+00H  1
1205  8.4094704e-05 4.04e-07 2.14e-04 -11.0 4.03e-04    -  1.00e+00 1.00e+00h  1
1206  8.4098550e-05 7.22e-09 3.48e-05 -11.0 4.66e-05    -  1.00e+00 1.00e+00h  1
1207  8.4091835e-05 1.07e-09 1.21e-05 -11.0 2.44e-05    -  1.00e+00 1.00e+00h  1
1208  8.4090452e-05 4.98e-10 4.99e-06 -11.0 2.41e-05    -  1.00e+00 1.00e+00h  1
1209  8.4087172e-05 4.40e-08 1.17e-03 -11.0 2.53e-04    -  1.00e+00 1.00e+00h  1
iter    objective    inf_pr   inf_du lg(mu)  ||d||  lg(rg) alpha_du alpha_pr  ls
1210  8.4077939e-05 1.69e-07 3.10e-03 -11.0 1.33e-02    -  1.00e+00 3.12e-02h  6
1211  8.4076292e-05 1.71e-07 3.46e-03 -11.0 1.11e-02    -  1.00e+00 7.81e-03h  8
1212  8.4240390e-05 1.30e-10 1.98e-04 -11.0 1.17e-03    -  1.00e+00 1.00e+00H  1
1213  8.4237768e-05 5.70e-10 1.97e-04 -11.0 1.36e-02    -  1.00e+00 1.95e-03h 10
1214  8.4235900e-05 6.72e-10 1.96e-04 -11.0 1.08e-01    -  1.00e+00 2.44e-04h 13
1215  8.4234213e-05 7.60e-10 1.96e-04 -11.0 3.35e-01    -  1.00e+00 6.10e-05h 15
1216  8.4232791e-05 9.71e-10 1.96e-04 -11.0 1.68e-01    -  1.00e+00 1.22e-04h 14
1217  8.4210566e-05 2.19e-07 2.86e-03 -11.0 1.93e-01    -  1.00e+00 3.91e-03h  9
1218  8.4195973e-05 5.83e-07 6.13e-03 -11.0 6.77e-02    -  1.00e+00 1.56e-02h  7
1219  8.4147950e-05 4.33e-06 5.53e-03 -11.0 1.61e-01    -  1.00e+00 1.56e-02h  7
iter    objective    inf_pr   inf_du lg(mu)  ||d||  lg(rg) alpha_du alpha_pr  ls
1220  8.4146001e-05 4.61e-06 1.74e-03 -11.0 1.88e-01    -  1.00e+00 3.91e-03h  9
1221  8.4118997e-05 8.72e-06 1.07e-02 -11.0 5.25e-02    -  1.00e+00 6.25e-02h  5
1222  8.4112395e-05 1.13e-05 2.02e-02 -11.0 1.30e+00    -  1.00e+00 1.95e-03h 10
1223  7.7114053e-03 7.42e-02 6.13e-01 -11.0 4.65e-01    -  1.00e+00 1.00e+00w  1
1224  7.8780162e-03 1.61e-02 7.13e-01 -11.0 1.24e-01    -  1.00e+00 1.00e+00w  1
1225  2.3807506e-01 2.89e-01 8.88e-01 -11.0 6.88e-01    -  1.00e+00 1.00e+00w  1
1226  8.4098798e-05 1.24e-05 2.70e-02 -11.0 2.88e-01    -  1.00e+00 3.91e-03h  8
1227  8.4069230e-05 1.23e-05 2.56e-02 -11.0 1.85e-02    -  1.00e+00 1.56e-02h  7
1228  8.4060658e-05 7.56e-06 8.99e-03 -11.0 3.45e-03    -  1.00e+00 5.00e-01h  2
1229  8.4043325e-05 8.37e-06 4.59e-03 -11.0 8.59e-02    -  1.00e+00 1.56e-02h  7
iter    objective    inf_pr   inf_du lg(mu)  ||d||  lg(rg) alpha_du alpha_pr  ls
1230  8.3983101e-05 9.39e-06 5.83e-04 -11.0 9.60e-02    -  1.00e+00 1.56e-02h  7
1231  8.3980148e-05 9.41e-06 1.26e-03 -11.0 6.92e-02    -  1.00e+00 3.91e-03h  9
1232  8.5576280e-05 6.47e-10 3.32e-04 -11.0 4.70e-03    -  1.00e+00 1.00e+00H  1
1233  8.5571541e-05 6.94e-10 3.31e-04 -11.0 5.61e-02    -  1.00e+00 4.88e-04h 12
1234  8.5568394e-05 6.84e-10 3.31e-04 -11.0 1.44e-01    -  1.00e+00 1.22e-04h 14
1235  8.5564123e-05 6.96e-10 3.32e-04 -11.0 3.24e-01    -  1.00e+00 6.10e-05h 15
1236  8.5563426e-05 6.99e-10 3.32e-04 -11.0 5.21e-01    -  1.00e+00 7.63e-06h 18
1237  8.5366198e-05 1.95e-06 8.83e-03 -11.0 4.03e+00    -  1.00e+00 4.88e-04h 12
1238  8.5340315e-05 6.06e-06 2.09e-02 -11.0 3.99e-01    -  1.00e+00 7.81e-03h  8
1239  8.5114265e-05 2.73e-05 6.22e-03 -11.0 4.51e-01    -  1.00e+00 1.56e-02h  7
iter    objective    inf_pr   inf_du lg(mu)  ||d||  lg(rg) alpha_du alpha_pr  ls
1240  8.4943029e-05 2.95e-05 1.41e-02 -11.0 4.35e+00    -  1.00e+00 4.88e-04h 12
1241  8.4739648e-05 2.95e-05 1.33e-02 -11.0 5.77e-02    -  1.00e+00 3.91e-03h  9
1242  8.4167796e-05 9.29e-05 2.18e-02 -11.0 2.63e-02    -  1.00e+00 5.00e-01h  2
1243  1.5198872e+00 1.62e+01 3.45e+01 -11.0 1.17e+01    -  1.00e+00 1.00e+00w  1
1244  5.2003745e+01 2.96e+00 7.23e+00 -11.0 8.78e+00    -  1.00e+00 1.00e+00w  1
1245  1.2698618e+03 1.51e+01 1.60e+02 -11.0 1.33e+01    -  1.00e+00 1.00e+00w  1
1246  8.3827173e-05 1.51e-04 6.85e-02 -11.0 1.42e+01    -  1.00e+00 9.77e-04h 10
1247  8.3622413e-05 9.12e-08 4.43e-03 -11.0 1.75e-04    -  1.00e+00 1.00e+00h  1
1248  8.3421997e-05 1.39e-07 1.77e-03 -11.0 2.05e-04    -  1.00e+00 1.00e+00h  1
1249  8.5336638e-05 1.92e-08 1.20e-02 -11.0 1.62e-03    -  1.00e+00 1.00e+00H  1
iter    objective    inf_pr   inf_du lg(mu)  ||d||  lg(rg) alpha_du alpha_pr  ls
1250  8.3888966e-05 1.40e-08 2.44e-04 -11.0 5.61e-04    -  1.00e+00 1.00e+00H  1
1251  8.3276803e-05 3.41e-07 2.94e-03 -11.0 5.12e-04    -  1.00e+00 1.00e+00h  1
1252  8.3136769e-05 8.94e-08 1.48e-03 -11.0 2.23e-04    -  1.00e+00 1.00e+00h  1
1253  8.3063865e-05 2.11e-08 1.72e-04 -11.0 1.10e-04    -  1.00e+00 1.00e+00h  1
1254  8.3038852e-05 2.64e-08 1.47e-04 -11.0 7.06e-05    -  1.00e+00 1.00e+00h  1
1255  8.2933484e-05 3.97e-07 1.27e-03 -11.0 3.45e-04    -  1.00e+00 1.00e+00h  1
1256  8.2930549e-05 3.03e-06 4.90e-03 -11.0 1.36e-02    -  1.00e+00 6.25e-02h  5
1257  8.2868917e-05 2.56e-07 5.77e-04 -11.0 2.75e-04    -  1.00e+00 1.00e+00h  1
1258  8.3019279e-05 1.77e-07 2.32e-03 -11.0 2.61e-04    -  1.00e+00 1.00e+00h  1
1259  8.2788990e-05 1.09e-07 3.19e-04 -11.0 1.93e-04    -  1.00e+00 1.00e+00h  1
iter    objective    inf_pr   inf_du lg(mu)  ||d||  lg(rg) alpha_du alpha_pr  ls
1260  8.2786352e-05 9.11e-10 1.18e-05 -11.0 1.99e-05    -  1.00e+00 1.00e+00h  1
1261  8.2781813e-05 2.20e-09 1.04e-05 -11.0 3.90e-05    -  1.00e+00 1.00e+00h  1
1262  8.2778014e-05 5.74e-08 1.20e-03 -11.0 1.99e-04    -  1.00e+00 1.00e+00h  1
1263  8.3144561e-05 7.81e-10 2.05e-04 -11.0 1.49e-03    -  1.00e+00 1.00e+00H  1
1264  8.3137437e-05 6.42e-10 1.96e-04 -11.0 4.85e-03    -  1.00e+00 3.91e-03h  9
1265  8.3033954e-05 2.78e-10 1.19e-04 -11.0 7.05e-04    -  1.00e+00 1.00e+00H  1
1266  8.3381620e-05 1.47e-11 1.96e-04 -11.0 1.11e-03    -  1.00e+00 1.00e+00H  1
1267  8.3363903e-05 2.71e-10 1.93e-04 -11.0 1.24e-03    -  1.00e+00 7.81e-03h  8
1268  8.2732152e-05 1.05e-06 1.16e-03 -11.0 7.21e-04    -  1.00e+00 1.00e+00h  1
1269  8.2757326e-05 6.07e-07 1.20e-03 -11.0 3.53e-04    -  1.00e+00 5.00e-01h  2
iter    objective    inf_pr   inf_du lg(mu)  ||d||  lg(rg) alpha_du alpha_pr  ls
1270  8.2733919e-05 2.76e-08 6.45e-04 -11.0 8.33e-05    -  1.00e+00 1.00e+00h  1
1271  8.2724019e-05 3.68e-08 3.43e-04 -11.0 9.57e-05    -  1.00e+00 1.00e+00h  1
1272  8.2726481e-05 3.19e-09 2.21e-05 -11.0 4.30e-05    -  1.00e+00 1.00e+00h  1
1273  8.2719946e-05 5.67e-09 1.08e-05 -11.0 4.71e-05    -  1.00e+00 1.00e+00h  1
1274  8.2719321e-05 3.10e-09 1.70e-05 -11.0 4.13e-05    -  1.00e+00 1.00e+00h  1
1275  8.2713765e-05 9.90e-09 1.19e-05 -11.0 7.69e-05    -  1.00e+00 1.00e+00h  1
1276  8.4084252e-05 4.23e-12 4.50e-04 -11.0 1.54e-03    -  1.00e+00 1.00e+00H  1
1277  8.2827356e-05 2.83e-10 1.47e-04 -11.0 7.69e-04    -  1.00e+00 1.00e+00H  1
1278  8.4086689e-05 2.58e-12 5.50e-04 -11.0 6.83e-04    -  1.00e+00 1.00e+00H  1
1279  8.2731956e-05 4.41e-10 6.45e-05 -11.0 4.10e-04    -  1.00e+00 1.00e+00H  1
iter    objective    inf_pr   inf_du lg(mu)  ||d||  lg(rg) alpha_du alpha_pr  ls
1280  8.2702218e-05 8.11e-08 4.37e-04 -11.0 2.07e-04    -  1.00e+00 1.00e+00h  1
1281  8.2702774e-05 4.16e-08 2.24e-04 -11.0 1.36e-04    -  1.00e+00 5.00e-01h  2
1282  8.2690806e-05 9.33e-09 7.55e-06 -11.0 6.91e-05    -  1.00e+00 1.00e+00h  1
1283  8.2691360e-05 8.58e-10 1.51e-05 -11.0 1.95e-05    -  1.00e+00 1.00e+00h  1
1284  8.2689470e-05 7.71e-10 4.86e-06 -11.0 1.61e-05    -  1.00e+00 1.00e+00h  1
1285  8.2688526e-05 7.21e-10 4.58e-06 -11.0 1.57e-05    -  1.00e+00 1.00e+00h  1
1286  8.3177118e-05 9.19e-12 2.39e-04 -11.0 7.98e-04    -  1.00e+00 1.00e+00H  1
1287  8.2676934e-05 6.32e-07 6.20e-04 -11.0 4.41e-04    -  1.00e+00 1.00e+00h  1
1288  8.2675383e-05 4.75e-07 4.16e-04 -11.0 1.56e-04    -  1.00e+00 2.50e-01h  3
1289  8.2661837e-05 1.45e-08 1.57e-05 -11.0 8.28e-05    -  1.00e+00 1.00e+00h  1
iter    objective    inf_pr   inf_du lg(mu)  ||d||  lg(rg) alpha_du alpha_pr  ls
1290  8.2655539e-05 1.29e-07 2.07e-04 -11.0 2.36e-04    -  1.00e+00 1.00e+00h  1
1291  8.2644042e-05 4.55e-06 2.14e-03 -11.0 2.22e-02    -  1.00e+00 6.25e-02h  5
1292  8.2630113e-05 5.51e-06 2.82e-03 -11.0 9.31e-02    -  1.00e+00 7.81e-03h  8
1293  8.2624006e-05 5.49e-06 2.65e-03 -11.0 1.72e-02    -  1.00e+00 7.81e-03h  8
1294  8.2654645e-05 1.00e-06 3.92e-03 -11.0 7.69e-04    -  1.00e+00 1.00e+00h  1
1295  8.2639620e-05 2.32e-06 6.69e-03 -11.0 1.46e-02    -  1.00e+00 6.25e-02h  5
1296  8.2544621e-05 6.43e-05 9.70e-03 -11.0 1.79e-01    -  1.00e+00 3.12e-02h  6
1297  8.2540913e-05 6.43e-05 9.81e-03 -11.0 1.78e-01    -  1.00e+00 9.77e-04h 11
1298  8.2529006e-05 7.21e-05 1.16e-02 -11.0 7.25e-02    -  1.00e+00 3.12e-02h  6
1299  8.2524967e-05 7.52e-05 1.28e-02 -11.0 6.96e-01    -  1.00e+00 1.95e-03h 10
iter    objective    inf_pr   inf_du lg(mu)  ||d||  lg(rg) alpha_du alpha_pr  ls
1300  8.2508028e-05 7.50e-05 1.42e-02 -11.0 8.59e-02    -  1.00e+00 7.81e-03h  8
1301  8.2503773e-05 7.59e-05 9.79e-03 -11.0 7.31e-02    -  1.00e+00 1.56e-02h  7
1302  8.2474117e-05 7.58e-05 9.37e-03 -11.0 5.02e-02    -  1.00e+00 1.56e-02h  7
1303  8.2472024e-05 1.01e-04 6.10e-03 -11.0 1.22e-01    -  1.00e+00 3.12e-02h  6
1304  8.2459466e-05 1.01e-04 5.69e-03 -11.0 2.61e-01    -  1.00e+00 1.95e-03h 10
1305  3.7506758e-04 2.65e-02 8.90e-02 -11.0 1.03e-01    -  1.00e+00 1.00e+00w  1
1306  2.3462741e-03 1.35e-02 3.59e-01 -11.0 7.07e-02    -  1.00e+00 1.00e+00w  1
1307  1.7489737e-02 1.74e-02 2.92e+00 -11.0 7.79e-02    -  1.00e+00 1.00e+00w  1
1308  8.2434936e-05 1.05e-04 4.70e-03 -11.0 2.58e-01    -  1.00e+00 1.56e-02h  6
1309  8.2500281e-05 5.31e-05 4.25e-03 -11.0 8.04e-04    -  1.00e+00 5.00e-01h  2
iter    objective    inf_pr   inf_du lg(mu)  ||d||  lg(rg) alpha_du alpha_pr  ls
1310  8.2499352e-05 1.56e-05 1.67e-03 -11.0 2.65e-03    -  1.00e+00 1.00e+00h  1
1311  8.2460271e-05 1.68e-05 2.43e-03 -11.0 6.39e-02    -  1.00e+00 1.56e-02h  7
1312  8.2457788e-05 1.63e-05 2.27e-03 -11.0 2.16e-03    -  1.00e+00 3.12e-02h  6
1313  8.2321518e-05 5.48e-06 1.03e-03 -11.0 1.65e-03    -  1.00e+00 1.00e+00h  1
1314  8.2318776e-05 5.64e-06 1.09e-03 -11.0 3.31e-02    -  1.00e+00 7.81e-03h  8
1315  8.2336291e-05 5.07e-06 1.25e-03 -11.0 1.34e-03    -  1.00e+00 1.25e-01h  4
1316  8.2311111e-05 5.88e-07 5.21e-04 -11.0 5.79e-04    -  1.00e+00 1.00e+00h  1
1317  8.2295504e-05 1.30e-06 1.45e-03 -11.0 3.82e-02    -  1.00e+00 1.56e-02h  7
1318  8.2294724e-05 1.24e-06 1.37e-03 -11.0 2.99e-03    -  1.00e+00 6.25e-02h  5
1319  8.2912421e-05 1.14e-10 2.98e-04 -11.0 3.22e-03    -  1.00e+00 1.00e+00H  1
iter    objective    inf_pr   inf_du lg(mu)  ||d||  lg(rg) alpha_du alpha_pr  ls
1320  8.2911851e-05 1.27e-10 2.98e-04 -11.0 5.29e-02    -  1.00e+00 1.22e-04h 14
1321  8.2911281e-05 1.30e-10 2.98e-04 -11.0 4.31e-02    -  1.00e+00 1.22e-04h 14
1322  8.2910942e-05 1.38e-10 2.97e-04 -11.0 1.24e-01    -  1.00e+00 3.05e-05h 16
1323  8.2781044e-05 1.17e-05 2.68e-03 -11.0 8.38e-01    -  1.00e+00 3.91e-03h  9
1324  8.2765355e-05 1.17e-05 3.00e-03 -11.0 1.24e-01    -  1.00e+00 1.95e-03h 10
1325  8.2725307e-05 2.00e-06 1.94e-03 -11.0 1.48e-03    -  1.00e+00 1.00e+00h  1
1326  8.2666691e-05 5.85e-05 8.56e-03 -11.0 2.81e-02    -  1.00e+00 2.50e-01h  3
1327  8.2636199e-05 6.10e-05 9.80e-03 -11.0 7.54e-01    -  1.00e+00 1.95e-03h 10
1328  8.2654399e-05 5.92e-05 9.72e-03 -11.0 4.54e-03    -  1.00e+00 3.12e-02h  6
1329  8.2211376e-05 2.18e-05 1.54e-03 -11.0 4.28e-03    -  1.00e+00 1.00e+00h  1
iter    objective    inf_pr   inf_du lg(mu)  ||d||  lg(rg) alpha_du alpha_pr  ls
1330  8.2196044e-05 2.22e-05 2.28e-03 -11.0 3.22e-01    -  1.00e+00 1.95e-03h 10
1331  8.2221019e-05 2.15e-05 2.17e-03 -11.0 1.38e-02    -  1.00e+00 6.25e-02h  5
1332  8.2691412e-05 1.97e-05 2.50e-03 -11.0 9.96e-03    -  1.00e+00 1.25e-01h  4
1333  8.2194255e-05 4.21e-07 2.75e-03 -11.0 5.49e-04    -  1.00e+00 1.00e+00h  1
1334  8.2147880e-05 5.44e-07 2.99e-03 -11.0 3.16e-03    -  1.00e+00 1.25e-01h  4
1335  8.2147412e-05 5.79e-07 3.79e-03 -11.0 3.72e-03    -  1.00e+00 6.25e-02h  5
1336  8.2674622e-05 5.94e-09 2.32e-04 -11.0 7.23e-04    -  1.00e+00 1.00e+00H  1
1337  8.2631782e-05 4.24e-09 2.65e-04 -11.0 1.16e-03    -  1.00e+00 1.00e+00H  1
1338  8.2395798e-05 5.00e-07 2.00e-03 -11.0 2.45e-03    -  1.00e+00 1.25e-01h  4
1339  8.3213832e-05 1.37e-10 2.59e-04 -11.0 7.41e-04    -  1.00e+00 1.00e+00H  1
iter    objective    inf_pr   inf_du lg(mu)  ||d||  lg(rg) alpha_du alpha_pr  ls
1340  8.2181611e-05 1.99e-08 1.60e-04 -11.0 7.12e-04    -  1.00e+00 1.00e+00H  1
1341  8.3515748e-05 3.74e-12 5.48e-04 -11.0 4.31e-04    -  1.00e+00 1.00e+00H  1
1342  8.2058319e-05 7.08e-07 5.91e-04 -11.0 4.16e-04    -  1.00e+00 1.00e+00h  1
1343  8.2056225e-05 8.82e-10 2.70e-05 -11.0 2.33e-05    -  1.00e+00 1.00e+00h  1
1344  8.2054571e-05 9.15e-10 8.69e-06 -11.0 1.81e-05    -  1.00e+00 1.00e+00h  1
1345  8.2051926e-05 5.69e-09 9.42e-06 -11.0 4.48e-05    -  1.00e+00 1.00e+00h  1
1346  8.2339721e-05 6.90e-11 2.13e-04 -11.0 9.59e-04    -  1.00e+00 1.00e+00H  1
1347  8.2106118e-05 2.26e-10 1.17e-04 -11.0 2.91e-04    -  1.00e+00 1.00e+00H  1
1348  8.2094117e-05 5.81e-10 1.07e-04 -11.0 3.01e-04    -  1.00e+00 1.00e+00H  1
1349  8.2063441e-05 4.44e-11 1.03e-04 -11.0 1.52e-04    -  1.00e+00 1.00e+00H  1
iter    objective    inf_pr   inf_du lg(mu)  ||d||  lg(rg) alpha_du alpha_pr  ls
1350  8.2028648e-05 7.31e-08 7.99e-04 -11.0 2.16e-04    -  1.00e+00 1.00e+00h  1
1351  8.2003268e-05 3.64e-08 3.13e-05 -11.0 1.72e-04    -  1.00e+00 1.00e+00h  1
1352  8.2022135e-05 1.83e-11 9.92e-05 -11.0 1.28e-04    -  1.00e+00 1.00e+00H  1
1353  8.1987096e-05 8.50e-09 1.85e-05 -11.0 6.86e-05    -  1.00e+00 1.00e+00h  1
1354  8.1979090e-05 1.24e-08 5.05e-06 -11.0 9.74e-05    -  1.00e+00 1.00e+00h  1
1355  8.2032081e-05 2.77e-13 9.93e-05 -11.0 7.05e-04    -  1.00e+00 1.00e+00H  1
1356  8.2031833e-05 1.95e-11 9.91e-05 -11.0 7.69e-03    -  1.00e+00 4.88e-04h 12
1357  8.2031743e-05 2.13e-11 9.89e-05 -11.0 7.02e-02    -  1.00e+00 1.53e-05h 17
1358  8.2031627e-05 2.25e-11 9.90e-05 -11.0 6.87e-03    -  1.00e+00 1.22e-04h 14
1359  8.1918221e-05 4.33e-06 6.36e-03 -11.0 3.22e-03    -  1.00e+00 5.00e-01h  2
iter    objective    inf_pr   inf_du lg(mu)  ||d||  lg(rg) alpha_du alpha_pr  ls
1360  8.1918406e-05 4.35e-06 4.08e-03 -11.0 1.60e-02    -  1.00e+00 3.12e-02h  6
1361  8.1904209e-05 4.28e-06 5.80e-03 -11.0 5.67e-03    -  1.00e+00 6.25e-02h  5
1362  8.1876194e-05 8.91e-06 1.50e-02 -11.0 5.51e-02    -  1.00e+00 3.12e-02h  6
1363  8.1871859e-05 9.34e-06 1.73e-02 -11.0 1.18e-01    -  1.00e+00 3.91e-03h  9
1364  8.1868418e-05 1.04e-05 2.06e-02 -11.0 1.33e-02    -  1.00e+00 6.25e-02h  5
1365  8.1859494e-05 1.29e-05 2.66e-02 -11.0 6.97e-02    -  1.00e+00 1.56e-02h  7
1366  1.5904995e-04 1.20e-03 5.12e-02 -11.0 1.55e-02    -  1.00e+00 1.00e+00w  1
1367  1.0072108e-04 1.75e-03 3.79e-02 -11.0 1.76e-02    -  1.00e+00 1.00e+00w  1
1368  1.6806859e-02 2.81e-02 4.46e-01 -11.0 9.31e-02    -  1.00e+00 1.00e+00w  1
1369  8.1863732e-05 1.27e-05 2.48e-02 -11.0 9.46e-02    -  1.00e+00 3.12e-02h  5
iter    objective    inf_pr   inf_du lg(mu)  ||d||  lg(rg) alpha_du alpha_pr  ls
1370  8.1854815e-05 8.08e-06 1.06e-02 -11.0 1.66e-03    -  1.00e+00 5.00e-01h  2
1371  8.1837870e-05 8.38e-06 8.18e-03 -11.0 1.48e-02    -  1.00e+00 3.12e-02h  6
1372  8.1830208e-05 7.87e-06 6.58e-03 -11.0 3.90e-03    -  1.00e+00 6.25e-02h  5
1373  8.1764704e-05 4.09e-06 1.40e-03 -11.0 1.35e-03    -  1.00e+00 5.00e-01h  2
1374  8.1784719e-05 3.99e-06 1.90e-03 -11.0 3.63e-03    -  1.00e+00 6.25e-02h  5
1375  8.1764855e-05 1.22e-06 1.56e-03 -11.0 5.20e-04    -  1.00e+00 1.00e+00h  1
1376  8.1740469e-05 1.34e-06 2.55e-03 -11.0 3.15e-03    -  1.00e+00 6.25e-02h  5
1377  8.1750005e-05 1.34e-06 3.29e-03 -11.0 2.14e-03    -  1.00e+00 1.25e-01h  4
1378  8.1848271e-05 2.18e-07 7.28e-04 -11.0 2.79e-04    -  1.00e+00 1.00e+00h  1
1379  8.1782532e-05 5.35e-07 1.28e-03 -11.0 4.36e-04    -  1.00e+00 1.00e+00h  1
iter    objective    inf_pr   inf_du lg(mu)  ||d||  lg(rg) alpha_du alpha_pr  ls
1380  8.1808763e-05 2.55e-07 9.40e-04 -11.0 2.36e-04    -  1.00e+00 5.00e-01h  2
1381  8.1688555e-05 6.06e-07 3.90e-04 -11.0 4.09e-04    -  1.00e+00 1.00e+00h  1
1382  8.1754307e-05 2.00e-07 1.03e-03 -11.0 2.84e-04    -  1.00e+00 1.00e+00h  1
1383  8.1754796e-05 5.65e-09 7.74e-05 -11.0 8.11e-04    -  1.00e+00 1.00e+00H  1
1384  8.1730704e-05 1.57e-07 8.58e-04 -11.0 2.08e-03    -  1.00e+00 1.25e-01h  4
1385  8.1763112e-05 7.62e-10 9.19e-05 -11.0 5.54e-04    -  1.00e+00 1.00e+00H  1
1386  8.1704946e-05 2.99e-07 6.69e-04 -11.0 2.97e-04    -  1.00e+00 1.00e+00h  1
1387  8.1676130e-05 2.19e-07 7.88e-04 -11.0 2.51e-04    -  1.00e+00 2.50e-01h  3
1388  8.1653608e-05 9.75e-08 6.83e-05 -11.0 2.31e-04    -  1.00e+00 1.00e+00h  1
1389  8.1869762e-05 2.49e-10 2.90e-04 -11.0 1.46e-04    -  1.00e+00 1.00e+00H  1
iter    objective    inf_pr   inf_du lg(mu)  ||d||  lg(rg) alpha_du alpha_pr  ls
1390  8.1652015e-05 1.30e-07 5.53e-05 -11.0 1.44e-04    -  1.00e+00 1.00e+00h  1
1391  8.1651769e-05 1.93e-10 3.12e-06 -11.0 7.55e-06    -  1.00e+00 1.00e+00h  1
1392  8.1650088e-05 1.20e-07 8.75e-04 -11.0 1.63e-04    -  1.00e+00 1.00e+00h  1
1393  8.1647647e-05 1.17e-07 1.44e-03 -11.0 1.52e-03    -  1.00e+00 6.25e-02h  5
1394  8.1773204e-05 1.99e-10 1.53e-04 -11.0 2.25e-03    -  1.00e+00 1.00e+00H  1
1395  8.1772712e-05 2.91e-10 1.53e-04 -11.0 1.17e-01    -  1.00e+00 6.10e-05h 15
1396  8.1772339e-05 3.11e-10 1.53e-04 -11.0 1.52e-02    -  1.00e+00 2.44e-04h 13
1397  8.1771941e-05 3.42e-10 1.53e-04 -11.0 1.72e-02    -  1.00e+00 2.44e-04h 13
1398  8.1771692e-05 3.56e-10 1.53e-04 -11.0 9.50e-02    -  1.00e+00 3.05e-05h 16
1399  8.1689505e-05 7.68e-06 1.56e-02 -11.0 1.42e-01    -  1.00e+00 1.56e-02h  7
iter    objective    inf_pr   inf_du lg(mu)  ||d||  lg(rg) alpha_du alpha_pr  ls
1400  8.1654222e-05 8.90e-06 2.23e-02 -11.0 4.83e-01    -  1.00e+00 1.95e-03h 10
1401  8.1609183e-05 2.45e-05 1.11e-03 -11.0 3.78e-01    -  1.00e+00 7.81e-03h  8
1402  8.1586836e-05 2.56e-05 7.39e-03 -11.0 4.26e-01    -  1.00e+00 1.95e-03h 10
1403  8.1550164e-05 2.78e-05 1.83e-02 -11.0 9.66e-02    -  1.00e+00 1.56e-02h  7
1404  8.1521317e-05 2.83e-05 2.27e-02 -11.0 3.17e-01    -  1.00e+00 1.95e-03h 10
1405  1.4073793e-03 9.09e-02 1.62e+00 -11.0 2.36e-01    -  1.00e+00 1.00e+00w  1
1406  2.9868384e-03 6.14e-02 5.70e-01 -11.0 1.76e-01    -  1.00e+00 1.00e+00w  1
1407  5.9750930e-01 1.73e+00 4.61e+00 -11.0 1.68e+00    -  1.00e+00 1.00e+00w  1
1408  8.1454175e-05 3.33e-05 3.63e-02 -11.0 2.69e-01    -  1.00e+00 7.81e-03h  7
1409  8.1426782e-05 3.42e-05 4.29e-02 -11.0 6.27e-02    -  1.00e+00 1.56e-02h  7
iter    objective    inf_pr   inf_du lg(mu)  ||d||  lg(rg) alpha_du alpha_pr  ls
1410  8.1409074e-05 3.48e-05 4.81e-02 -11.0 9.90e-02    -  1.00e+00 7.81e-03h  8
1411  8.1400664e-05 3.95e-05 6.02e-02 -11.0 1.23e-01    -  1.00e+00 1.56e-02h  7
1412  8.1365451e-05 4.60e-05 7.48e-02 -11.0 1.12e+00    -  1.00e+00 1.95e-03h 10
1413  8.1356864e-05 4.66e-05 7.96e-02 -11.0 7.24e-01    -  1.00e+00 9.77e-04h 11
1414  8.1396761e-05 4.27e-05 8.23e-02 -11.0 1.16e-02    -  1.00e+00 1.25e-01h  4
1415  8.1379977e-05 4.24e-05 8.46e-02 -11.0 4.50e-02    -  1.00e+00 7.81e-03h  8
1416  8.1360612e-05 4.12e-05 8.19e-02 -11.0 5.00e-03    -  1.00e+00 3.12e-02h  6
1417  8.1435652e-05 1.62e-05 8.04e-03 -11.0 2.67e-03    -  1.00e+00 1.00e+00h  1
1418  8.1400678e-05 2.15e-05 1.73e-02 -11.0 2.14e-01    -  1.00e+00 7.81e-03h  8
1419  8.1382327e-05 2.29e-05 2.45e-02 -11.0 1.19e-01    -  1.00e+00 7.81e-03h  8
iter    objective    inf_pr   inf_du lg(mu)  ||d||  lg(rg) alpha_du alpha_pr  ls
1420  8.1367946e-05 2.26e-05 2.55e-02 -11.0 1.08e-02    -  1.00e+00 1.56e-02h  7
1421  8.1357398e-05 2.20e-05 7.56e-03 -11.0 3.69e-03    -  1.00e+00 1.00e+00h  1
1422  8.1320801e-05 3.52e-05 2.95e-02 -11.0 3.47e-01    -  1.00e+00 7.81e-03h  8
1423  8.1329216e-05 3.50e-05 3.25e-02 -11.0 4.11e-02    -  1.00e+00 7.81e-03h  8
1424  8.1278937e-05 2.86e-05 2.47e-02 -11.0 3.73e-03    -  1.00e+00 2.50e-01h  3
1425  8.1147246e-05 3.03e-05 1.33e-02 -11.0 3.11e-02    -  1.00e+00 6.25e-02h  5
1426  8.1122807e-05 3.06e-05 9.65e-03 -11.0 3.46e-02    -  1.00e+00 1.56e-02h  7
1427  8.1115807e-05 3.05e-05 9.63e-03 -11.0 2.47e-02    -  1.00e+00 1.56e-02h  7
1428  8.1206016e-05 2.94e-05 9.71e-03 -11.0 9.31e-03    -  1.00e+00 1.25e-01h  4
1429  8.1155728e-05 2.88e-05 1.18e-02 -11.0 2.06e-02    -  1.00e+00 3.12e-02h  6
iter    objective    inf_pr   inf_du lg(mu)  ||d||  lg(rg) alpha_du alpha_pr  ls
1430  8.1139129e-05 2.90e-05 1.40e-02 -11.0 1.49e-01    -  1.00e+00 3.91e-03h  9
1431  8.1079836e-05 3.06e-05 2.49e-02 -11.0 3.69e-02    -  1.00e+00 6.25e-02h  5
1432  1.0605615e-02 1.75e-01 1.53e+00 -11.0 5.50e-01    -  1.00e+00 1.00e+00w  1
1433  3.6133468e-03 6.24e-02 9.12e-01 -11.0 2.61e-01    -  1.00e+00 1.00e+00w  1
1434  9.1835254e+00 3.75e+00 1.45e+01 -11.0 2.05e+00    -  1.00e+00 1.00e+00w  1
1435  8.1055138e-05 3.11e-05 2.88e-02 -11.0 1.17e+00    -  1.00e+00 1.95e-03h  9
1436  8.1036583e-05 3.01e-05 1.59e-02 -11.0 1.74e-02    -  1.00e+00 1.25e-01h  4
1437  8.1040600e-05 2.99e-05 1.57e-02 -11.0 1.56e-02    -  1.00e+00 7.81e-03h  8
1438  8.1135301e-05 8.77e-08 3.92e-03 -11.0 4.06e-04    -  1.00e+00 1.00e+00h  1
1439  8.1118017e-05 3.06e-07 7.19e-03 -11.0 4.52e-03    -  1.00e+00 1.25e-01h  4
iter    objective    inf_pr   inf_du lg(mu)  ||d||  lg(rg) alpha_du alpha_pr  ls
1440  8.1108745e-05 5.83e-07 1.09e-02 -11.0 1.96e-02    -  1.00e+00 3.12e-02h  6
1441  8.1101446e-05 5.88e-07 1.19e-02 -11.0 7.21e-03    -  1.00e+00 1.56e-02h  7
1442  8.1082132e-05 5.29e-07 7.38e-03 -11.0 6.30e-04    -  1.00e+00 1.00e+00h  1
1443  8.1092482e-05 5.43e-07 1.09e-02 -11.0 1.72e-03    -  1.00e+00 2.50e-01h  3
1444  8.1090964e-05 2.43e-08 1.35e-02 -11.0 6.86e-04    -  1.00e+00 1.00e+00H  1
1445  8.1086687e-05 4.13e-08 1.23e-02 -11.0 8.49e-04    -  1.00e+00 1.25e-01h  4
1446  8.1040213e-05 1.97e-07 3.46e-03 -11.0 3.83e-04    -  1.00e+00 1.00e+00h  1
1447  8.2744318e-05 1.58e-10 8.23e-04 -11.0 8.74e-04    -  1.00e+00 1.00e+00H  1
1448  8.1015922e-05 4.47e-07 6.17e-04 -11.0 6.09e-04    -  1.00e+00 1.00e+00h  1
1449  8.1829243e-05 4.96e-11 3.10e-04 -11.0 6.93e-04    -  1.00e+00 1.00e+00H  1
iter    objective    inf_pr   inf_du lg(mu)  ||d||  lg(rg) alpha_du alpha_pr  ls
1450  8.0966579e-05 3.33e-07 1.77e-03 -11.0 5.47e-04    -  1.00e+00 1.00e+00h  1
1451  8.1416545e-05 2.82e-09 2.78e-04 -11.0 3.37e-04    -  1.00e+00 1.00e+00H  1
1452  8.0945164e-05 9.27e-08 2.46e-04 -11.0 1.95e-04    -  1.00e+00 1.00e+00h  1
1453  8.0943727e-05 7.40e-09 2.68e-05 -11.0 4.61e-05    -  1.00e+00 1.00e+00h  1
1454  8.0939611e-05 2.82e-09 1.84e-05 -11.0 2.18e-05    -  1.00e+00 1.00e+00h  1
1455  8.0937732e-05 1.64e-09 1.03e-05 -11.0 2.06e-05    -  1.00e+00 1.00e+00h  1
1456  8.0937577e-05 4.36e-09 1.75e-05 -11.0 5.00e-05    -  1.00e+00 1.00e+00h  1
1457  8.0929328e-05 1.38e-08 1.25e-05 -11.0 6.91e-05    -  1.00e+00 1.00e+00h  1
1458  8.0923654e-05 9.29e-08 2.86e-03 -11.0 2.36e-03    -  1.00e+00 6.25e-02h  5
1459  8.1716735e-05 6.42e-11 3.99e-04 -11.0 5.45e-04    -  1.00e+00 1.00e+00H  1
iter    objective    inf_pr   inf_du lg(mu)  ||d||  lg(rg) alpha_du alpha_pr  ls
1460  8.0904452e-05 4.80e-07 6.63e-03 -11.0 3.32e-04    -  1.00e+00 1.00e+00h  1
1461  8.0916052e-05 1.57e-08 6.67e-04 -11.0 9.95e-05    -  1.00e+00 1.00e+00h  1
1462  8.0897432e-05 6.00e-09 4.67e-05 -11.0 5.70e-05    -  1.00e+00 1.00e+00h  1
1463  8.0901860e-05 2.57e-10 7.40e-05 -11.0 1.05e-04    -  1.00e+00 1.00e+00H  1
1464  8.0903573e-05 3.48e-11 5.59e-05 -11.0 7.26e-05    -  1.00e+00 1.00e+00H  1
1465  8.0889210e-05 2.63e-08 3.10e-04 -11.0 6.76e-05    -  1.00e+00 1.00e+00h  1
1466  8.0876184e-05 5.70e-09 8.32e-06 -11.0 5.65e-05    -  1.00e+00 1.00e+00h  1
1467  8.0873284e-05 3.17e-08 1.20e-03 -11.0 1.24e-04    -  1.00e+00 1.00e+00h  1
1468  8.1459072e-05 8.65e-12 3.16e-04 -11.0 1.48e-03    -  1.00e+00 1.00e+00H  1
1469  8.1457626e-05 6.60e-12 3.16e-04 -11.0 1.93e-03    -  1.00e+00 9.77e-04h 11
iter    objective    inf_pr   inf_du lg(mu)  ||d||  lg(rg) alpha_du alpha_pr  ls
1470  8.1454030e-05 3.56e-11 3.14e-04 -11.0 6.05e-03    -  1.00e+00 4.88e-04h 12
1471  8.1452024e-05 3.91e-11 3.13e-04 -11.0 9.36e-04    -  1.00e+00 9.77e-04h 11
1472  8.1451115e-05 3.96e-11 3.13e-04 -11.0 8.97e-04    -  1.00e+00 4.88e-04h 12
1473  8.1549559e-05 2.99e-12 3.22e-04 -11.0 1.07e-03    -  1.00e+00 1.00e+00H  1
1474  8.9589458e-05 4.08e-12 1.76e-03 -11.0 1.06e-03    -  1.00e+00 1.00e+00H  1
1475  8.0795274e-05 2.65e-06 1.37e-03 -11.0 1.02e-03    -  1.00e+00 1.00e+00f  1
1476  8.0792350e-05 7.58e-08 2.02e-03 -11.0 1.67e-04    -  1.00e+00 1.00e+00h  1
1477  8.0828524e-05 3.31e-08 1.25e-03 -11.0 1.52e-04    -  1.00e+00 1.00e+00h  1
1478  8.0768727e-05 3.07e-08 2.46e-04 -11.0 9.53e-05    -  1.00e+00 1.00e+00h  1
1479  8.0767563e-05 1.10e-08 2.28e-05 -11.0 5.05e-05    -  1.00e+00 1.00e+00h  1
iter    objective    inf_pr   inf_du lg(mu)  ||d||  lg(rg) alpha_du alpha_pr  ls
1480  8.0755761e-05 5.80e-09 1.94e-05 -11.0 7.11e-05    -  1.00e+00 1.00e+00h  1
1481  8.0791171e-05 1.56e-10 1.18e-04 -11.0 2.33e-04    -  1.00e+00 1.00e+00H  1
1482  8.0739688e-05 1.37e-08 6.12e-04 -11.0 6.75e-05    -  1.00e+00 1.00e+00h  1
1483  8.0738359e-05 8.30e-09 3.02e-05 -11.0 4.76e-05    -  1.00e+00 1.00e+00h  1
1484  8.0730593e-05 1.41e-08 4.58e-04 -11.0 8.48e-05    -  1.00e+00 1.00e+00h  1
1485  8.0975374e-05 2.42e-11 2.12e-04 -11.0 3.22e-04    -  1.00e+00 1.00e+00H  1
1486  8.0729129e-05 7.63e-08 6.73e-04 -11.0 1.98e-04    -  1.00e+00 1.00e+00h  1
1487  8.0745428e-05 9.42e-09 4.80e-05 -11.0 6.04e-05    -  1.00e+00 1.00e+00h  1
1488  8.0721325e-05 3.71e-09 4.95e-06 -11.0 5.08e-05    -  1.00e+00 1.00e+00h  1
1489  8.0720443e-05 8.66e-10 5.67e-06 -11.0 1.80e-05    -  1.00e+00 1.00e+00h  1
iter    objective    inf_pr   inf_du lg(mu)  ||d||  lg(rg) alpha_du alpha_pr  ls
1490  8.0713854e-05 4.24e-07 1.20e-03 -11.0 1.35e-02    -  1.00e+00 3.12e-02h  6
1491  8.0709629e-05 6.19e-07 2.07e-03 -11.0 2.01e-02    -  1.00e+00 1.56e-02h  7
1492  8.0704316e-05 1.55e-06 3.46e-03 -11.0 3.05e-03    -  1.00e+00 2.50e-01h  3
1493  8.0692367e-05 1.70e-06 4.13e-03 -11.0 3.65e-02    -  1.00e+00 7.81e-03h  8
1494  8.0693026e-05 1.62e-06 4.20e-03 -11.0 2.01e-03    -  1.00e+00 6.25e-02h  5
1495  8.0658504e-05 7.23e-06 8.24e-03 -11.0 6.86e-03    -  1.00e+00 2.50e-01h  3
1496  8.0655125e-05 7.47e-06 1.01e-02 -11.0 3.21e-02    -  1.00e+00 1.56e-02h  7
1497  8.0645173e-05 8.48e-06 1.27e-02 -11.0 2.64e-02    -  1.00e+00 3.12e-02h  6
1498  8.0639448e-05 8.75e-06 1.39e-02 -11.0 5.42e-02    -  1.00e+00 7.81e-03h  8
1499  8.0632604e-05 1.07e-05 1.65e-02 -11.0 6.99e-02    -  1.00e+00 1.56e-02h  7
iter    objective    inf_pr   inf_du lg(mu)  ||d||  lg(rg) alpha_du alpha_pr  ls
1500  1.5050214e-03 1.51e-01 7.65e-01 -11.0 2.95e-01    -  1.00e+00 1.00e+00w  1
1501  2.5806074e-03 3.69e-02 5.14e-01 -11.0 1.37e-01    -  1.00e+00 1.00e+00w  1
1502  4.2955603e-02 5.80e-02 4.62e-01 -11.0 1.43e-01    -  1.00e+00 1.00e+00w  1
1503  8.0631811e-05 1.96e-05 2.13e-02 -11.0 1.57e-01    -  1.00e+00 7.81e-03h  7
1504  8.0612480e-05 2.23e-05 2.35e-02 -11.0 4.42e-02    -  1.00e+00 3.12e-02h  6
1505  8.0604034e-05 2.29e-05 2.43e-02 -11.0 1.54e-01    -  1.00e+00 3.91e-03h  9
1506  8.0600828e-05 3.03e-05 2.60e-02 -11.0 1.40e-01    -  1.00e+00 1.56e-02h  7
1507  8.0573533e-05 3.17e-05 2.70e-02 -11.0 2.57e-01    -  1.00e+00 3.91e-03h  9
1508  8.0549099e-05 3.17e-05 2.81e-02 -11.0 1.10e-01    -  1.00e+00 3.91e-03h  9
1509  8.0494232e-05 1.37e-04 3.66e-02 -11.0 3.41e-02    -  1.00e+00 2.50e-01h  3
iter    objective    inf_pr   inf_du lg(mu)  ||d||  lg(rg) alpha_du alpha_pr  ls
1510  8.0491784e-05 1.37e-04 3.70e-02 -11.0 1.20e-01  -4.4 1.00e+00 4.88e-04h 12
1511  8.0376191e-05 8.23e-07 4.79e-03 -11.0 7.26e-04    -  1.00e+00 1.00e+00h  1
1512  8.0546594e-05 7.73e-07 5.56e-03 -11.0 4.84e-03    -  1.00e+00 6.25e-02h  5
1513  8.0328145e-05 2.32e-06 2.30e-03 -11.0 1.24e-03    -  1.00e+00 1.00e+00h  1
1514  8.0323063e-05 3.69e-06 3.78e-03 -11.0 6.05e-02    -  1.00e+00 1.56e-02h  7
1515  8.0296374e-05 4.79e-06 4.88e-03 -11.0 5.03e-02    -  1.00e+00 1.56e-02h  7
1516  8.0236365e-05 2.17e-05 1.04e-02 -11.0 2.04e-01    -  1.00e+00 1.56e-02h  7
1517  8.0228891e-05 2.57e-05 1.29e-02 -11.0 1.61e+00    -  1.00e+00 9.77e-04h 11
1518  8.0163998e-05 9.79e-05 2.28e-02 -11.0 4.37e-01    -  1.00e+00 1.56e-02h  7
1519  8.0133019e-05 1.13e-04 2.77e-02 -11.0 1.28e+01    -  1.00e+00 2.44e-04h 13
iter    objective    inf_pr   inf_du lg(mu)  ||d||  lg(rg) alpha_du alpha_pr  ls
1520  8.0113846e-05 1.28e-04 3.31e-02 -11.0 6.46e+00    -  1.00e+00 4.88e-04h 12
1521  8.0090589e-05 1.31e-04 3.65e-02 -11.0 1.49e+00    -  1.00e+00 9.77e-04h 11
1522  8.0044562e-05 1.75e-04 4.74e-02 -11.0 1.38e+00    -  1.00e+00 3.91e-03h  9
1523  8.0031575e-05 1.78e-04 5.04e-02 -11.0 5.59e+00    -  1.00e+00 2.44e-04h 13
1524  2.7097402e-02 1.76e-02 3.14e-01 -11.0 1.05e-01    -  1.00e+00 1.00e+00w  1
1525  2.6235831e-03 2.54e-02 8.49e+00 -11.0 1.27e-01    -  1.00e+00 1.00e+00w  1
1526  9.4931757e-02 1.26e+00 1.40e+01 -11.0 1.29e+00    -  1.00e+00 1.00e+00w  1
1527  8.0024625e-05 1.78e-04 5.05e-02 -11.0 5.30e-01    -  1.00e+00 9.77e-04h 10
1528  8.0022188e-05 1.78e-04 4.77e-02 -11.0 1.40e-01    -  1.00e+00 7.81e-03h  8
1529  8.0019462e-05 1.81e-04 4.42e-02 -11.0 3.70e-01    -  1.00e+00 3.91e-03h  9
iter    objective    inf_pr   inf_du lg(mu)  ||d||  lg(rg) alpha_du alpha_pr  ls
1530  8.0017207e-05 1.81e-04 4.26e-02 -11.0 3.01e-01    -  1.00e+00 1.95e-03h 10
1531  8.0054698e-05 1.72e-04 4.20e-02 -11.0 1.96e-02    -  1.00e+00 6.25e-02h  5
1532  8.0035252e-05 1.76e-04 4.58e-02 -11.0 1.43e-01    -  1.00e+00 1.56e-02h  7
1533  8.0027840e-05 1.76e-04 4.69e-02 -11.0 2.02e+00    -  1.00e+00 2.44e-04h 13
1534  8.0019555e-05 1.77e-04 4.87e-02 -11.0 1.68e+00    -  1.00e+00 4.88e-04h 12
1535  8.0010347e-05 1.77e-04 4.94e-02 -11.0 5.04e-01    -  1.00e+00 4.88e-04h 12
1536  8.0011820e-05 1.73e-04 5.07e-02 -11.0 3.33e-02    -  1.00e+00 3.12e-02h  6
1537  4.7231266e-04 2.41e-02 2.28e-01 -11.0 1.29e-01    -  1.00e+00 1.00e+00w  1
1538  1.9288029e-02 4.70e-03 3.88e-01 -11.0 4.51e-02    -  1.00e+00 1.00e+00w  1
1539  7.3492536e-04 6.81e-03 4.06e+00 -11.0 4.50e-02    -  1.00e+00 1.00e+00w  1
iter    objective    inf_pr   inf_du lg(mu)  ||d||  lg(rg) alpha_du alpha_pr  ls
1540  8.0000398e-05 1.73e-04 5.29e-02 -11.0 1.88e-02    -  1.00e+00 7.81e-03h  7
1541  8.0009783e-05 1.71e-04 5.37e-02 -11.0 4.89e-02    -  1.00e+00 1.56e-02h  7
1542  8.0009256e-05 1.64e-04 5.22e-02 -11.0 2.43e-02    -  1.00e+00 6.25e-02h  5
1543  7.9996207e-05 1.63e-04 5.17e-02 -11.0 8.76e-02    -  1.00e+00 7.81e-03h  8
1544  7.9970508e-05 1.61e-04 5.12e-02 -11.0 4.72e-02    -  1.00e+00 3.12e-02h  6
1545  7.9955424e-05 1.63e-04 5.30e-02 -11.0 3.05e-01    -  1.00e+00 3.91e-03h  9
1546  7.9943671e-05 1.74e-04 5.59e-02 -11.0 3.84e-01    -  1.00e+00 7.81e-03h  8
1547  7.9858102e-05 3.70e-04 7.02e-02 -11.0 1.21e+01    -  1.00e+00 9.77e-04h 11
1548  7.9857026e-05 3.73e-04 7.12e-02 -11.0 6.44e+00    -  1.00e+00 2.44e-04h 13
1549  7.9846806e-05 3.73e-04 7.16e-02 -11.0 3.12e-01    -  1.00e+00 1.95e-03h 10
iter    objective    inf_pr   inf_du lg(mu)  ||d||  lg(rg) alpha_du alpha_pr  ls
1550  3.3098618e-04 2.59e-03 3.55e-02 -11.0 4.12e-02    -  1.00e+00 1.00e+00w  1
1551  8.8857902e-05 5.08e-03 2.10e-02 -11.0 6.04e-02    -  1.00e+00 1.00e+00w  1
1552  3.1393441e-01 3.85e-01 3.21e-01 -11.0 6.33e-01    -  1.00e+00 1.00e+00w  1
1553  7.9863604e-05 3.68e-04 6.99e-02 -11.0 4.25e-01    -  1.00e+00 1.56e-02h  6
1554  7.9940492e-05 2.79e-04 5.09e-02 -11.0 5.51e-03    -  1.00e+00 2.50e-01h  3
1555  7.9940160e-05 2.76e-04 4.91e-02 -11.0 5.71e-02    -  1.00e+00 1.56e-02h  7
1556  7.9900515e-05 2.71e-04 4.55e-02 -11.0 5.09e-02    -  1.00e+00 3.12e-02h  6
1557  7.9847403e-05 2.77e-04 4.25e-02 -11.0 5.50e-01    -  1.00e+00 3.91e-03h  9
1558  7.9872123e-05 2.77e-04 4.09e-02 -11.0 1.52e-01    -  1.00e+00 3.91e-03h  9
1559  7.9853094e-05 2.49e-04 3.21e-02 -11.0 1.71e-02    -  1.00e+00 1.25e-01h  4
iter    objective    inf_pr   inf_du lg(mu)  ||d||  lg(rg) alpha_du alpha_pr  ls
1560  7.9885062e-05 2.48e-04 3.03e-02 -11.0 4.60e-02    -  1.00e+00 7.81e-03h  8
1561  7.9897993e-05 2.32e-04 2.99e-02 -11.0 2.52e-02    -  1.00e+00 1.25e-01h  4
1562  7.9892973e-05 2.33e-04 3.09e-02 -11.0 2.83e-01    -  1.00e+00 3.91e-03h  9
1563  2.5508145e-04 8.47e-03 7.13e-02 -11.0 7.68e-02    -  1.00e+00 1.00e+00w  1
1564  5.0094754e-04 6.34e-04 1.12e-01 -11.0 1.74e-02    -  1.00e+00 1.00e+00w  1
1565  4.5455027e-04 3.38e-03 6.28e-02 -11.0 5.42e-02    -  1.00e+00 1.00e+00w  1
1566  7.9883561e-05 2.31e-04 3.14e-02 -11.0 1.13e+00    -  1.00e+00 1.56e-02h  6
1567  7.9824398e-05 2.26e-04 2.95e-02 -11.0 3.36e-02    -  1.00e+00 3.12e-02h  6
1568  7.9754097e-05 2.28e-04 2.79e-02 -11.0 2.13e-01    -  1.00e+00 7.81e-03h  8
1569  7.9723997e-05 2.27e-04 2.71e-02 -11.0 1.03e-01    -  1.00e+00 7.81e-03h  8
iter    objective    inf_pr   inf_du lg(mu)  ||d||  lg(rg) alpha_du alpha_pr  ls
1570  7.9835835e-05 2.17e-04 2.34e-02 -11.0 2.32e-02    -  1.00e+00 6.25e-02h  5
1571  7.9854900e-05 2.10e-04 2.20e-02 -11.0 8.41e-03    -  1.00e+00 3.12e-02h  6
1572  7.9744985e-05 1.64e-05 2.25e-03 -11.0 3.68e-03    -  1.00e+00 1.00e+00h  1
1573  7.9820497e-05 1.58e-05 3.14e-03 -11.0 9.01e-02    -  1.00e+00 7.81e-03h  8
1574  7.9612243e-05 9.21e-06 1.30e-03 -11.0 2.48e-03    -  1.00e+00 1.00e+00h  1
1575  7.9553520e-05 1.01e-05 1.96e-03 -11.0 1.11e-01    -  1.00e+00 7.81e-03h  8
1576  7.9545852e-05 1.01e-05 2.54e-03 -11.0 1.33e-02    -  1.00e+00 3.12e-02h  6
1577  7.9733371e-05 9.79e-06 5.02e-03 -11.0 4.05e-03    -  1.00e+00 2.50e-01h  3
1578  8.0007960e-05 6.91e-06 7.08e-03 -11.0 5.86e-03    -  1.00e+00 2.50e-01h  3
1579  8.0797336e-05 1.01e-10 4.30e-04 -11.0 2.86e-03    -  1.00e+00 1.00e+00H  1
iter    objective    inf_pr   inf_du lg(mu)  ||d||  lg(rg) alpha_du alpha_pr  ls
1580  8.0432915e-05 1.23e-06 7.10e-04 -11.0 2.10e-02    -  1.00e+00 3.12e-02h  6
1581  8.0250569e-05 1.03e-06 7.35e-04 -11.0 3.16e-03    -  1.00e+00 1.25e-01h  4
1582  8.0244273e-05 5.97e-07 4.70e-03 -11.0 5.09e-03    -  1.00e+00 1.00e+00H  1
1583  8.0180686e-05 1.34e-06 6.65e-03 -11.0 6.60e-02    -  1.00e+00 1.56e-02h  7
1584  8.0117451e-05 1.83e-06 6.74e-03 -11.0 9.40e-03    -  1.00e+00 1.25e-01h  4
1585  7.9859070e-05 3.55e-06 6.82e-03 -11.0 2.00e-02    -  1.00e+00 6.25e-02h  5
1586  7.9313711e-05 1.53e-05 1.06e-02 -11.0 1.06e-01    -  1.00e+00 3.12e-02h  6
1587  7.9388819e-05 1.49e-05 1.23e-02 -11.0 5.07e-02    -  1.00e+00 1.56e-02h  7
1588  7.9704725e-05 7.91e-06 1.16e-02 -11.0 3.49e-03    -  1.00e+00 5.00e-01h  2
1589  7.9649975e-05 9.25e-06 1.31e-02 -11.0 1.59e-02    -  1.00e+00 6.25e-02h  5
iter    objective    inf_pr   inf_du lg(mu)  ||d||  lg(rg) alpha_du alpha_pr  ls
1590  7.9531280e-05 9.35e-06 1.39e-02 -11.0 6.13e-03    -  1.00e+00 2.50e-01h  3
1591  7.9337414e-05 1.26e-05 1.25e-02 -11.0 1.46e-02    -  1.00e+00 6.25e-02h  5
1592  7.9226030e-05 1.40e-05 1.01e-02 -11.0 8.33e-03    -  1.00e+00 1.25e-01h  4
1593  8.6159095e-05 1.02e-05 7.84e-03 -11.0 2.48e-03    -  1.00e+00 1.00e+00w  1
1594  8.0620758e-05 2.56e-05 3.14e-03 -11.0 3.90e-03    -  1.00e+00 1.00e+00w  1
1595  3.6678235e-04 2.20e-04 3.36e-02 -11.0 1.23e-02    -  1.00e+00 1.00e+00w  1
1596  7.9461510e-05 1.11e-05 5.60e-03 -11.0 1.22e-02    -  1.00e+00 2.50e-01h  2
1597  7.9981286e-05 1.69e-06 1.72e-03 -11.0 7.32e-04    -  1.00e+00 1.00e+00h  1
1598  7.9493062e-05 4.71e-06 2.37e-03 -11.0 1.42e-03    -  1.00e+00 1.00e+00h  1
1599  7.9826585e-05 2.49e-06 2.79e-03 -11.0 5.01e-04    -  1.00e+00 5.00e-01h  2
iter    objective    inf_pr   inf_du lg(mu)  ||d||  lg(rg) alpha_du alpha_pr  ls
1600  7.9014214e-05 1.10e-06 3.44e-04 -11.0 8.32e-04    -  1.00e+00 1.00e+00h  1
1601  7.9371140e-05 4.55e-07 8.59e-04 -11.0 4.22e-04    -  1.00e+00 1.00e+00h  1
1602  7.9002471e-05 2.40e-07 5.23e-05 -11.0 3.49e-04    -  1.00e+00 1.00e+00h  1
1603  7.9003179e-05 2.33e-09 2.76e-05 -11.0 3.73e-05    -  1.00e+00 1.00e+00h  1
1604  7.8996714e-05 8.66e-10 1.18e-05 -11.0 2.16e-05    -  1.00e+00 1.00e+00h  1
1605  7.8991406e-05 3.00e-09 1.22e-05 -11.0 4.15e-05    -  1.00e+00 1.00e+00h  1
1606  7.9220297e-05 2.60e-10 2.66e-04 -11.0 8.05e-04    -  1.00e+00 1.00e+00H  1
1607  7.8944481e-05 6.18e-08 1.77e-03 -11.0 1.49e-04    -  1.00e+00 1.00e+00h  1
1608  7.8922657e-05 7.88e-09 5.55e-05 -11.0 7.75e-05    -  1.00e+00 1.00e+00h  1
1609  7.8901491e-05 2.39e-08 5.12e-04 -11.0 1.64e-04    -  1.00e+00 1.00e+00h  1
iter    objective    inf_pr   inf_du lg(mu)  ||d||  lg(rg) alpha_du alpha_pr  ls
1610  7.8899498e-05 5.75e-08 1.06e-03 -11.0 3.03e-03    -  1.00e+00 6.25e-02h  5
1611  7.9001022e-05 8.77e-11 9.58e-05 -11.0 1.95e-03    -  1.00e+00 1.00e+00H  1
1612  7.8999631e-05 2.26e-10 9.48e-05 -11.0 1.16e-02    -  1.00e+00 9.77e-04h 11
1613  7.8981656e-05 9.85e-09 7.94e-05 -11.0 2.40e-03    -  1.00e+00 3.12e-02h  6
1614  7.8872071e-05 2.48e-06 7.47e-04 -11.0 9.88e-04    -  1.00e+00 1.00e+00h  1
1615  7.8856548e-05 2.49e-06 9.15e-04 -11.0 6.33e-03    -  1.00e+00 3.12e-02h  6
1616  7.8841123e-05 1.26e-07 5.23e-04 -11.0 2.49e-04    -  1.00e+00 1.00e+00h  1
1617  7.8833041e-05 1.75e-07 5.02e-04 -11.0 1.65e-03    -  1.00e+00 1.25e-01h  4
1618  7.8918487e-05 4.40e-09 2.15e-04 -11.0 5.01e-04    -  1.00e+00 1.00e+00H  1
1619  7.9112168e-05 5.08e-12 2.10e-04 -11.0 7.27e-04    -  1.00e+00 1.00e+00H  1
iter    objective    inf_pr   inf_du lg(mu)  ||d||  lg(rg) alpha_du alpha_pr  ls
1620  7.8934429e-05 1.15e-09 1.47e-04 -11.0 9.00e-04    -  1.00e+00 1.00e+00H  1
1621  7.8876120e-05 3.01e-08 9.18e-04 -11.0 2.75e-03    -  1.00e+00 6.25e-02h  5
1622  7.8952000e-05 1.71e-11 1.06e-04 -11.0 3.71e-04    -  1.00e+00 1.00e+00H  1
1623  7.8874581e-05 8.58e-10 1.19e-04 -11.0 3.46e-04    -  1.00e+00 1.00e+00H  1
1624  7.8836048e-05 1.82e-07 6.33e-04 -11.0 3.62e-04    -  1.00e+00 1.00e+00h  1
1625  7.8816116e-05 8.68e-08 6.74e-04 -11.0 1.68e-04    -  1.00e+00 5.00e-01h  2
1626  7.8780705e-05 2.37e-08 1.34e-04 -11.0 1.54e-04    -  1.00e+00 1.00e+00h  1
1627  7.8779353e-05 8.52e-09 1.81e-05 -11.0 4.46e-05    -  1.00e+00 1.00e+00h  1
1628  7.8784769e-05 9.60e-11 4.53e-05 -11.0 1.89e-04    -  1.00e+00 1.00e+00H  1
1629  7.8850479e-05 1.45e-11 1.35e-04 -11.0 1.40e-03    -  1.00e+00 1.00e+00H  1
iter    objective    inf_pr   inf_du lg(mu)  ||d||  lg(rg) alpha_du alpha_pr  ls
1630  7.8850106e-05 3.18e-11 1.35e-04 -11.0 2.71e-02    -  1.00e+00 1.22e-04h 14
1631  7.8849794e-05 5.17e-11 1.33e-04 -11.0 9.41e-03    -  1.00e+00 2.44e-04h 13
1632  7.8848947e-05 7.28e-11 1.34e-04 -11.0 1.26e-03    -  1.00e+00 1.95e-03h 10
1633  7.8773506e-05 3.15e-07 1.01e-03 -11.0 2.58e-03    -  1.00e+00 1.25e-01h  4
1634  7.8721858e-05 2.12e-06 2.38e-03 -11.0 2.78e-03    -  1.00e+00 2.50e-01h  3
1635  7.8708396e-05 2.14e-06 2.80e-03 -11.0 4.86e-03    -  1.00e+00 3.12e-02h  6
1636  7.8693738e-05 6.86e-06 6.03e-03 -11.0 2.51e-03    -  1.00e+00 5.00e-01h  2
1637  7.8681996e-05 7.20e-06 7.53e-03 -11.0 1.46e-02    -  1.00e+00 3.12e-02h  6
1638  7.8675286e-05 6.99e-06 7.62e-03 -11.0 3.33e-03    -  1.00e+00 3.12e-02h  6
1639  7.8632611e-05 1.98e-06 4.71e-04 -11.0 6.80e-04    -  1.00e+00 1.00e+00h  1
iter    objective    inf_pr   inf_du lg(mu)  ||d||  lg(rg) alpha_du alpha_pr  ls
1640  7.8631792e-05 2.10e-06 1.01e-03 -11.0 1.28e-02    -  1.00e+00 1.56e-02h  7
1641  7.8629261e-05 2.07e-06 1.40e-03 -11.0 2.86e-03    -  1.00e+00 3.12e-02h  6
1642  7.8623145e-05 6.69e-07 5.54e-04 -11.0 4.56e-04    -  1.00e+00 1.00e+00h  1
1643  7.8614523e-05 8.43e-07 8.44e-04 -11.0 1.84e-02    -  1.00e+00 1.56e-02h  7
1644  7.9773201e-05 5.62e-12 3.17e-04 -11.0 1.63e-03    -  1.00e+00 1.00e+00H  1
1645  7.8896880e-05 2.46e-12 1.95e-04 -11.0 7.13e-04    -  1.00e+00 1.00e+00H  1
1646  7.8718385e-05 2.74e-07 5.82e-04 -11.0 3.05e-03    -  1.00e+00 1.25e-01h  4
1647  7.8704293e-05 4.85e-07 1.26e-03 -11.0 4.61e-03    -  1.00e+00 6.25e-02h  5
1648  7.8702379e-05 7.95e-08 6.09e-03 -11.0 2.16e-03    -  1.00e+00 1.00e+00H  1
1649  7.8693108e-05 1.73e-07 7.18e-03 -11.0 1.62e-02    -  1.00e+00 1.56e-02h  7
iter    objective    inf_pr   inf_du lg(mu)  ||d||  lg(rg) alpha_du alpha_pr  ls
1650  7.8798954e-05 4.58e-11 1.88e-04 -11.0 1.27e-03    -  1.00e+00 1.00e+00H  1
1651  7.8778932e-05 4.11e-08 5.79e-04 -11.0 1.41e-02    -  1.00e+00 7.81e-03h  8
1652  7.8757055e-05 6.62e-08 1.96e-04 -11.0 3.49e-03    -  1.00e+00 3.12e-02h  6
1653  7.8718421e-05 4.93e-09 2.13e-04 -11.0 2.86e-04    -  1.00e+00 1.00e+00H  1
1654  7.8688242e-05 9.05e-08 1.60e-03 -11.0 1.85e-04    -  1.00e+00 1.00e+00h  1
1655  7.8564703e-05 2.45e-08 3.37e-04 -11.0 8.56e-05    -  1.00e+00 1.00e+00h  1
1656  7.8555811e-05 2.71e-09 8.96e-06 -11.0 2.86e-05    -  1.00e+00 1.00e+00h  1
1657  7.8554670e-05 3.35e-10 7.40e-06 -11.0 1.60e-05    -  1.00e+00 1.00e+00h  1
1658  7.8570083e-05 4.70e-12 1.48e-04 -11.0 5.07e-04    -  1.00e+00 1.00e+00H  1
1659  7.8568866e-05 1.65e-10 1.46e-04 -11.0 6.73e-03    -  1.00e+00 1.95e-03h 10
iter    objective    inf_pr   inf_du lg(mu)  ||d||  lg(rg) alpha_du alpha_pr  ls
1660  7.8568059e-05 2.18e-10 1.45e-04 -11.0 4.33e-03    -  1.00e+00 1.95e-03h 10
1661  7.8553958e-05 8.67e-08 2.76e-04 -11.0 4.47e-03    -  1.00e+00 6.25e-02h  5
1662  7.9348065e-05 7.67e-13 3.21e-04 -11.0 1.29e-03    -  1.00e+00 1.00e+00H  1
1663  7.9347460e-05 1.20e-12 3.21e-04 -11.0 5.14e-03    -  1.00e+00 2.44e-04h 13
1664  7.9346096e-05 2.27e-12 3.21e-04 -11.0 1.07e-02    -  1.00e+00 6.10e-05h 15
1665  7.9345602e-05 2.68e-12 3.21e-04 -11.0 5.55e-03    -  1.00e+00 1.22e-04h 14
1666  7.9345154e-05 3.06e-12 3.21e-04 -11.0 2.18e-02    -  1.00e+00 3.05e-05h 16
1667  7.9256969e-05 1.21e-06 1.43e-03 -11.0 3.48e-03    -  1.00e+00 2.50e-01h  3
1668  7.8748840e-05 2.12e-06 1.96e-03 -11.0 3.37e-03    -  1.00e+00 2.50e-01h  3
1669  7.9113192e-05 7.15e-08 5.68e-03 -11.0 1.57e-03    -  1.00e+00 1.00e+00H  1
iter    objective    inf_pr   inf_du lg(mu)  ||d||  lg(rg) alpha_du alpha_pr  ls
1670  7.9101790e-05 1.92e-07 5.86e-03 -11.0 2.56e-03    -  1.00e+00 1.25e-01h  4
1671  7.8315338e-05 1.38e-06 9.56e-04 -11.0 1.19e-03    -  1.00e+00 1.00e+00h  1
1672  7.8616393e-05 1.26e-06 8.08e-04 -11.0 2.82e-03    -  1.00e+00 1.25e-01h  4
1673  7.8423282e-05 1.25e-07 8.07e-04 -11.0 2.77e-04    -  1.00e+00 1.00e+00h  1
1674  7.8982941e-05 7.17e-08 5.73e-04 -11.0 2.62e-04    -  1.00e+00 1.00e+00h  1
1675  7.8243778e-05 4.03e-08 9.63e-05 -11.0 1.75e-04    -  1.00e+00 1.00e+00h  1
1676  7.8240263e-05 2.32e-09 1.23e-05 -11.0 4.40e-05    -  1.00e+00 1.00e+00h  1
1677  7.8239690e-05 1.99e-06 3.15e-03 -11.0 5.53e-03    -  1.00e+00 2.50e-01h  3
1678  7.8220155e-05 2.97e-06 5.06e-03 -11.0 1.19e-01    -  1.00e+00 7.81e-03h  8
1679  7.8215645e-05 7.63e-06 8.74e-03 -11.0 7.17e-02    -  1.00e+00 3.12e-02h  6
iter    objective    inf_pr   inf_du lg(mu)  ||d||  lg(rg) alpha_du alpha_pr  ls
1680  7.8172082e-05 1.36e-05 1.27e-02 -11.0 6.57e-01    -  1.00e+00 3.91e-03h  9
1681  7.8035117e-05 4.17e-05 2.04e-02 -11.0 7.79e-01    -  1.00e+00 7.81e-03h  8
1682  7.7832897e-05 1.14e-04 3.42e-02 -11.0 9.38e+00    -  1.00e+00 9.77e-04h 11
1683  7.7802124e-05 1.21e-04 3.81e-02 -11.0 5.87e+00    -  1.00e+00 4.88e-04h 12
1684  7.7790339e-05 1.21e-04 3.63e-02 -11.0 3.49e-01    -  1.00e+00 1.95e-03h 10
1685  7.7791913e-05 1.21e-04 3.38e-02 -11.0 1.05e-01    -  1.00e+00 7.81e-03h  8
1686  7.7782388e-05 1.23e-04 3.05e-02 -11.0 3.97e-01    -  1.00e+00 3.91e-03h  9
1687  3.6937479e-03 1.46e-01 4.46e-01 -11.0 3.99e-01    -  1.00e+00 1.00e+00w  1
1688  3.3869140e-03 2.71e-02 3.71e-01 -11.0 1.81e-01    -  1.00e+00 1.00e+00w  1
1689  2.7129229e+00 8.65e-01 7.69e+00 -11.0 7.26e-01    -  1.00e+00 1.00e+00w  1
iter    objective    inf_pr   inf_du lg(mu)  ||d||  lg(rg) alpha_du alpha_pr  ls
1690  7.7768944e-05 1.25e-04 2.73e-02 -11.0 4.74e-01    -  1.00e+00 3.91e-03h  8
1691  7.7798185e-05 1.22e-07 1.25e-03 -11.0 3.45e-04    -  1.00e+00 1.00e+00h  1
1692  7.8188328e-05 3.14e-08 5.75e-03 -11.0 4.21e-03    -  1.00e+00 1.00e+00H  1
1693  7.8163528e-05 7.55e-08 6.02e-03 -11.0 1.44e-01    -  1.00e+00 1.95e-03h 10
1694  7.8118218e-05 2.14e-07 6.18e-03 -11.0 8.38e-03    -  1.00e+00 3.12e-02h  6
1695  7.8105104e-05 2.18e-07 6.22e-03 -11.0 2.14e-02    -  1.00e+00 1.95e-03h 10
1696  7.8087316e-05 2.23e-07 6.42e-03 -11.0 9.96e-03    -  1.00e+00 7.81e-03h  8
1697  7.8072269e-05 2.26e-07 6.56e-03 -11.0 2.02e-01    -  1.00e+00 2.44e-04h 13
1698  1.2289137e-04 8.38e-08 5.90e-03 -11.0 4.51e-03    -  1.00e+00 1.00e+00H  1
1699  7.7619401e-05 1.39e-05 2.94e-03 -11.0 2.91e-03    -  1.00e+00 1.00e+00h  1
iter    objective    inf_pr   inf_du lg(mu)  ||d||  lg(rg) alpha_du alpha_pr  ls
1700  7.7641636e-05 9.69e-08 6.24e-04 -11.0 2.51e-04    -  1.00e+00 1.00e+00h  1
1701  7.7812528e-05 1.19e-09 1.63e-04 -11.0 7.12e-04    -  1.00e+00 1.00e+00H  1
1702  7.8620467e-05 4.30e-10 3.60e-04 -11.0 6.20e-04    -  1.00e+00 1.00e+00H  1
1703  7.7891001e-05 3.79e-11 1.23e-04 -11.0 2.19e-03    -  1.00e+00 1.00e+00H  1
1704  7.7870507e-05 6.11e-10 1.21e-04 -11.0 2.47e-03    -  1.00e+00 7.81e-03h  8
1705  7.7695187e-05 1.89e-08 8.27e-05 -11.0 1.30e-03    -  1.00e+00 1.00e+00H  1
1706  7.8899507e-05 4.46e-11 5.41e-04 -11.0 1.34e-03    -  1.00e+00 1.00e+00H  1
1707  7.8892652e-05 6.00e-11 5.38e-04 -11.0 1.42e-03    -  1.00e+00 1.95e-03h 10
1708  7.7743823e-05 5.59e-06 1.72e-03 -11.0 2.00e-03    -  1.00e+00 1.00e+00h  1
1709  7.8069397e-05 5.04e-06 3.92e-03 -11.0 2.54e-03    -  1.00e+00 1.25e-01h  4
iter    objective    inf_pr   inf_du lg(mu)  ||d||  lg(rg) alpha_du alpha_pr  ls
1710  7.7565895e-05 4.05e-07 2.11e-04 -11.0 4.56e-04    -  1.00e+00 1.00e+00h  1
1711  7.7579356e-05 1.05e-07 9.58e-04 -11.0 2.04e-04    -  1.00e+00 1.00e+00h  1
1712  7.7695369e-05 8.48e-09 1.21e-04 -11.0 9.59e-04    -  1.00e+00 1.00e+00H  1
1713  7.7673841e-05 4.51e-08 4.39e-04 -11.0 7.79e-03    -  1.00e+00 1.56e-02h  7
1714  7.7656593e-05 6.95e-08 6.44e-04 -11.0 1.86e-02    -  1.00e+00 3.91e-03h  9
1715  7.8124855e-05 2.86e-09 3.34e-04 -11.0 1.71e-03    -  1.00e+00 1.00e+00H  1
1716  7.8111250e-05 6.79e-09 3.28e-04 -11.0 2.01e-02    -  1.00e+00 1.95e-03h 10
1717  7.8105249e-05 6.94e-09 3.27e-04 -11.0 5.18e-03    -  1.00e+00 1.95e-03h 10
1718  7.7934302e-05 7.76e-06 4.96e-03 -11.0 2.66e-02    -  1.00e+00 6.25e-02h  5
1719  7.7675326e-05 3.69e-05 1.62e-02 -11.0 2.07e-01    -  1.00e+00 1.56e-02h  7
iter    objective    inf_pr   inf_du lg(mu)  ||d||  lg(rg) alpha_du alpha_pr  ls
1720  7.7574702e-05 3.96e-05 2.08e-02 -11.0 5.19e-01    -  1.00e+00 1.95e-03h 10
1721  7.7528712e-05 3.92e-05 2.26e-02 -11.0 2.40e-02    -  1.00e+00 1.56e-02h  7
1722  7.7514158e-05 4.38e-05 1.54e-02 -11.0 2.47e-02    -  1.00e+00 6.25e-02h  5
1723  7.7479234e-05 4.48e-05 1.30e-02 -11.0 1.64e-01    -  1.00e+00 3.91e-03h  9
1724  7.7499449e-05 4.45e-05 1.07e-02 -11.0 2.49e-02    -  1.00e+00 1.56e-02h  7
1725  7.7713947e-05 2.50e-07 2.44e-03 -11.0 2.37e-04    -  1.00e+00 1.00e+00h  1
1726  7.7272692e-05 1.72e-06 6.82e-04 -11.0 6.21e-04    -  1.00e+00 1.00e+00h  1
1727  7.8010200e-05 1.97e-08 5.35e-03 -11.0 1.01e-03    -  1.00e+00 1.00e+00H  1
1728  7.7709659e-05 1.77e-07 1.98e-02 -11.0 3.07e-03    -  1.00e+00 1.00e+00H  1
1729  7.7663588e-05 1.88e-07 1.92e-02 -11.0 7.37e-03    -  1.00e+00 1.56e-02h  7
iter    objective    inf_pr   inf_du lg(mu)  ||d||  lg(rg) alpha_du alpha_pr  ls
1730  7.7279239e-05 8.95e-08 1.13e-03 -11.0 1.85e-03    -  1.00e+00 1.00e+00H  1
1731  7.7270374e-05 2.86e-07 2.22e-03 -11.0 3.28e-02    -  1.00e+00 7.81e-03h  8
1732  7.7261811e-05 5.38e-07 3.28e-03 -11.0 8.73e-03    -  1.00e+00 3.12e-02h  6
1733  7.7254481e-05 6.38e-07 4.45e-03 -11.0 1.54e-02    -  1.00e+00 1.56e-02h  7
1734  7.7240124e-05 3.75e-06 9.53e-03 -11.0 3.38e-02    -  1.00e+00 3.12e-02h  6
1735  7.7239880e-05 3.81e-06 1.06e-02 -11.0 4.71e-02    -  1.00e+00 3.91e-03h  9
1736  8.1651792e-05 2.30e-09 6.57e-04 -11.0 3.88e-03    -  1.00e+00 1.00e+00H  1
1737  8.1628561e-05 4.08e-09 6.55e-04 -11.0 1.98e-02    -  1.00e+00 1.95e-03h 10
1738  8.1545286e-05 6.54e-09 6.49e-04 -11.0 1.53e-02    -  1.00e+00 1.95e-03h 10
1739  8.1504824e-05 7.52e-09 6.44e-04 -11.0 2.12e-02    -  1.00e+00 9.77e-04h 11
iter    objective    inf_pr   inf_du lg(mu)  ||d||  lg(rg) alpha_du alpha_pr  ls
1740  8.1470881e-05 8.23e-09 6.45e-04 -11.0 8.54e-03    -  1.00e+00 1.95e-03h 10
1741  8.1028928e-05 2.73e-06 7.77e-03 -11.0 8.98e-03    -  1.00e+00 1.25e-01h  4
1742  7.7922821e-05 6.48e-06 3.52e-03 -11.0 1.73e-03    -  1.00e+00 1.00e+00h  1
1743  7.8251644e-05 3.90e-06 3.03e-03 -11.0 8.32e-04    -  1.00e+00 5.00e-01h  2
1744  7.7068900e-05 6.98e-07 2.51e-03 -11.0 4.57e-04    -  1.00e+00 1.00e+00h  1
1745  7.7021423e-05 2.32e-07 1.88e-03 -11.0 2.61e-04    -  1.00e+00 1.00e+00h  1
1746  7.7276739e-05 1.89e-07 8.55e-04 -11.0 2.80e-04    -  1.00e+00 1.00e+00h  1
1747  7.6980653e-05 2.10e-07 5.63e-04 -11.0 2.83e-04    -  1.00e+00 1.00e+00h  1
1748  7.6994225e-05 1.39e-08 7.92e-05 -11.0 6.94e-05    -  1.00e+00 1.00e+00h  1
1749  7.6968676e-05 2.93e-09 1.63e-05 -11.0 3.45e-05    -  1.00e+00 1.00e+00h  1
iter    objective    inf_pr   inf_du lg(mu)  ||d||  lg(rg) alpha_du alpha_pr  ls
1750  7.6964149e-05 1.65e-09 1.58e-05 -11.0 2.88e-05    -  1.00e+00 1.00e+00h  1
1751  7.7090709e-05 1.24e-11 1.29e-04 -11.0 5.78e-04    -  1.00e+00 1.00e+00H  1
1752  7.6940549e-05 5.40e-08 1.36e-03 -11.0 2.10e-04    -  1.00e+00 1.00e+00h  1
1753  7.6929354e-05 7.63e-08 3.80e-04 -11.0 1.46e-04    -  1.00e+00 1.00e+00h  1
1754  7.6930101e-05 8.56e-09 4.99e-05 -11.0 4.67e-05    -  1.00e+00 1.00e+00h  1
1755  7.6910494e-05 1.65e-08 6.75e-05 -11.0 8.30e-05    -  1.00e+00 1.00e+00h  1
1756  7.6908108e-05 4.16e-09 1.36e-05 -11.0 6.40e-05    -  1.00e+00 1.00e+00h  1
1757  7.6932955e-05 1.22e-09 1.18e-04 -11.0 6.20e-04    -  1.00e+00 1.00e+00H  1
1758  7.6900626e-05 1.23e-06 4.00e-03 -11.0 3.82e-03    -  1.00e+00 2.50e-01h  3
1759  7.6890269e-05 1.27e-06 4.67e-03 -11.0 4.66e-03    -  1.00e+00 3.12e-02h  6
iter    objective    inf_pr   inf_du lg(mu)  ||d||  lg(rg) alpha_du alpha_pr  ls
1760  7.6866443e-05 9.91e-07 3.66e-03 -11.0 5.54e-04    -  1.00e+00 5.00e-01h  2
1761  7.6845544e-05 5.64e-07 1.49e-03 -11.0 2.80e-04    -  1.00e+00 5.00e-01h  2
1762  7.6895829e-05 1.60e-08 1.05e-04 -11.0 8.04e-04    -  1.00e+00 1.00e+00H  1
1763  7.7713592e-05 1.76e-12 5.04e-04 -11.0 3.44e-04    -  1.00e+00 1.00e+00H  1
1764  7.6806607e-05 4.12e-07 3.67e-04 -11.0 4.05e-04    -  1.00e+00 1.00e+00h  1
1765  7.6802821e-05 3.06e-08 6.07e-05 -11.0 9.61e-05    -  1.00e+00 1.00e+00h  1
1766  7.6846192e-05 2.97e-10 1.44e-04 -11.0 2.60e-04    -  1.00e+00 1.00e+00H  1
1767  7.6793158e-05 2.61e-07 1.66e-03 -11.0 4.10e-04    -  1.00e+00 1.00e+00h  1
1768  7.9838345e-05 4.66e-13 4.34e-04 -11.0 5.16e-04    -  1.00e+00 1.00e+00H  1
1769  7.6779941e-05 1.28e-06 6.28e-04 -11.0 5.43e-04    -  1.00e+00 1.00e+00f  1
iter    objective    inf_pr   inf_du lg(mu)  ||d||  lg(rg) alpha_du alpha_pr  ls
1770  7.6780137e-05 5.13e-09 1.28e-05 -11.0 4.17e-05    -  1.00e+00 1.00e+00h  1
1771  7.6786500e-05 7.77e-10 2.76e-05 -11.0 3.45e-04    -  1.00e+00 1.00e+00H  1
1772  7.6785290e-05 1.71e-09 2.73e-05 -11.0 2.08e-03    -  1.00e+00 1.56e-02h  7
1773  7.6922718e-05 2.54e-11 2.30e-04 -11.0 1.18e-03    -  1.00e+00 1.00e+00H  1
1774  7.6920524e-05 2.17e-10 2.23e-04 -11.0 2.18e-03    -  1.00e+00 3.91e-03h  9
1775  7.6791594e-05 1.60e-10 3.95e-05 -11.0 1.08e-03    -  1.00e+00 1.00e+00H  1
1776  7.6779554e-05 2.68e-08 4.25e-04 -11.0 6.51e-03    -  1.00e+00 1.56e-02h  7
1777  7.7739439e-05 4.54e-13 4.28e-04 -11.0 4.31e-04    -  1.00e+00 1.00e+00H  1
1778  7.6761923e-05 6.53e-07 1.78e-04 -11.0 3.22e-04    -  1.00e+00 1.00e+00h  1
1779  7.6765870e-05 1.10e-08 4.50e-05 -11.0 4.41e-05    -  1.00e+00 1.00e+00h  1
iter    objective    inf_pr   inf_du lg(mu)  ||d||  lg(rg) alpha_du alpha_pr  ls
1780  7.6755028e-05 8.05e-09 6.90e-06 -11.0 3.51e-05    -  1.00e+00 1.00e+00h  1
1781  7.6754676e-05 2.00e-09 1.17e-05 -11.0 2.27e-05    -  1.00e+00 1.00e+00h  1
1782  7.6751878e-05 3.73e-09 4.42e-06 -11.0 3.38e-05    -  1.00e+00 1.00e+00h  1
1783  7.6883705e-05 3.46e-12 1.96e-04 -11.0 3.26e-04    -  1.00e+00 1.00e+00H  1
1784  7.6739863e-05 1.39e-08 4.24e-04 -11.0 9.23e-05    -  1.00e+00 1.00e+00h  1
1785  7.6733506e-05 9.74e-09 9.38e-06 -11.0 5.91e-05    -  1.00e+00 1.00e+00h  1
1786  7.6966591e-05 1.90e-12 2.14e-04 -11.0 1.07e-03    -  1.00e+00 1.00e+00H  1
1787  7.6966397e-05 1.67e-12 2.14e-04 -11.0 3.91e-03    -  1.00e+00 2.44e-04h 13
1788  7.6966253e-05 2.35e-12 2.14e-04 -11.0 1.82e-01    -  1.00e+00 3.81e-06h 19
1789  7.6966133e-05 3.13e-12 2.14e-04 -11.0 2.35e-02    -  1.00e+00 3.05e-05h 16
iter    objective    inf_pr   inf_du lg(mu)  ||d||  lg(rg) alpha_du alpha_pr  ls
1790  7.6965861e-05 3.14e-12 2.14e-04 -11.0 4.62e-03    -  1.00e+00 1.22e-04h 14
1791  7.6923823e-05 4.13e-06 3.45e-03 -11.0 1.29e-02    -  1.00e+00 1.25e-01h  4
1792  7.6833901e-05 4.54e-06 4.21e-03 -11.0 3.76e-02    -  1.00e+00 1.56e-02h  7
1793  7.6682924e-05 3.24e-05 1.26e-02 -11.0 7.02e-02    -  1.00e+00 6.25e-02h  5
1794  7.6656500e-05 3.24e-05 1.30e-02 -11.0 1.43e-01    -  1.00e+00 1.95e-03h 10
1795  7.6711869e-05 2.44e-05 1.21e-02 -11.0 8.99e-04    -  1.00e+00 2.50e-01h  3
1796  7.6507114e-05 6.06e-06 2.92e-03 -11.0 1.92e-03    -  1.00e+00 1.00e+00h  1
1797  7.6504118e-05 6.24e-06 2.55e-03 -11.0 2.61e-02    -  1.00e+00 1.56e-02h  7
1798  7.6708841e-05 5.45e-06 2.61e-03 -11.0 2.10e-03    -  1.00e+00 1.25e-01h  4
1799  7.6489642e-05 5.60e-07 4.30e-04 -11.0 5.29e-04    -  1.00e+00 1.00e+00h  1
iter    objective    inf_pr   inf_du lg(mu)  ||d||  lg(rg) alpha_du alpha_pr  ls
1800  7.6706345e-05 2.81e-07 2.42e-03 -11.0 6.46e-04    -  1.00e+00 1.00e+00h  1
1801  7.6562935e-05 6.15e-09 1.97e-04 -11.0 1.09e-03    -  1.00e+00 1.00e+00H  1
1802  7.6501501e-05 1.71e-07 4.26e-04 -11.0 1.22e-02    -  1.00e+00 3.12e-02h  6
1803  7.6514838e-05 1.05e-09 1.26e-04 -11.0 7.90e-04    -  1.00e+00 1.00e+00H  1
1804  7.6492301e-05 3.07e-07 2.79e-04 -11.0 5.96e-03    -  1.00e+00 6.25e-02h  5
1805  7.6476243e-05 3.74e-07 2.19e-03 -11.0 1.09e-03    -  1.00e+00 2.50e-01h  3
1806  7.6503045e-05 1.32e-08 5.38e-03 -11.0 1.20e-03    -  1.00e+00 1.00e+00H  1
1807  7.6480307e-05 4.38e-08 5.41e-03 -11.0 4.68e-03    -  1.00e+00 3.12e-02h  6
1808  7.6834053e-05 4.72e-10 3.13e-04 -11.0 2.41e-03    -  1.00e+00 1.00e+00H  1
1809  7.6831827e-05 3.57e-10 3.13e-04 -11.0 5.10e-02    -  1.00e+00 2.44e-04h 13
iter    objective    inf_pr   inf_du lg(mu)  ||d||  lg(rg) alpha_du alpha_pr  ls
1810  7.6829996e-05 5.91e-10 3.12e-04 -11.0 5.42e-02    -  1.00e+00 2.44e-04h 13
1811  7.6827505e-05 7.90e-10 3.10e-04 -11.0 2.64e-02    -  1.00e+00 4.88e-04h 12
1812  7.6693138e-05 3.91e-06 1.87e-03 -11.0 6.83e-03    -  1.00e+00 2.50e-01h  3
1813  7.6421058e-05 7.28e-05 1.26e-02 -11.0 2.17e-01    -  1.00e+00 3.12e-02h  6
1814  7.6392536e-05 7.44e-05 1.42e-02 -11.0 5.52e-01    -  1.00e+00 1.95e-03h 10
1815  7.6366704e-05 9.61e-05 4.35e-03 -11.0 1.25e-01    -  1.00e+00 3.12e-02h  6
1816  7.6360077e-05 9.60e-05 5.09e-03 -11.0 4.38e-02    -  1.00e+00 1.95e-03h 10
1817  7.6257429e-05 5.68e-06 1.08e-03 -11.0 1.95e-03    -  1.00e+00 1.00e+00h  1
1818  7.6227837e-05 5.74e-06 6.51e-04 -11.0 3.10e-02    -  1.00e+00 7.81e-03h  8
1819  7.6348492e-05 3.05e-06 1.05e-03 -11.0 7.62e-04    -  1.00e+00 5.00e-01h  2
iter    objective    inf_pr   inf_du lg(mu)  ||d||  lg(rg) alpha_du alpha_pr  ls
1820  7.6306429e-05 2.63e-07 1.25e-03 -11.0 4.85e-04    -  1.00e+00 1.00e+00h  1
1821  7.7794685e-05 5.42e-10 6.58e-04 -11.0 1.10e-03    -  1.00e+00 1.00e+00H  1
1822  7.6510390e-05 1.59e-07 1.60e-03 -11.0 4.18e-04    -  1.00e+00 1.00e+00h  1
1823  7.6150696e-05 2.59e-07 2.34e-04 -11.0 2.86e-04    -  1.00e+00 1.00e+00h  1
1824  7.6145669e-05 2.09e-08 1.44e-04 -11.0 8.97e-05    -  1.00e+00 1.00e+00h  1
1825  7.6132495e-05 2.03e-08 5.63e-04 -11.0 5.91e-05    -  1.00e+00 1.00e+00h  1
1826  7.6140302e-05 2.56e-08 2.43e-04 -11.0 1.22e-04    -  1.00e+00 1.00e+00h  1
1827  7.6119532e-05 8.84e-09 5.92e-05 -11.0 1.05e-04    -  1.00e+00 1.00e+00h  1
1828  7.6137453e-05 2.87e-11 6.12e-05 -11.0 8.75e-05    -  1.00e+00 1.00e+00H  1
1829  7.6107005e-05 5.29e-09 1.99e-05 -11.0 4.13e-05    -  1.00e+00 1.00e+00h  1
iter    objective    inf_pr   inf_du lg(mu)  ||d||  lg(rg) alpha_du alpha_pr  ls
1830  7.6098626e-05 1.47e-08 2.35e-05 -11.0 9.27e-05    -  1.00e+00 1.00e+00h  1
1831  7.6232729e-05 1.05e-13 1.35e-04 -11.0 9.16e-04    -  1.00e+00 1.00e+00H  1
1832  7.6232107e-05 1.86e-11 1.35e-04 -11.0 4.50e-03    -  1.00e+00 9.77e-04h 11
1833  7.6231880e-05 2.07e-11 1.35e-04 -11.0 4.93e-02    -  1.00e+00 3.05e-05h 16
1834  7.6231638e-05 2.18e-11 1.34e-04 -11.0 7.18e-03    -  1.00e+00 1.22e-04h 14
1835  7.5997707e-05 4.08e-06 1.13e-03 -11.0 1.75e-03    -  1.00e+00 1.00e+00h  1
1836  7.5990268e-05 4.07e-06 1.11e-03 -11.0 8.71e-03    -  1.00e+00 3.12e-02h  6
1837  7.6041265e-05 3.62e-06 1.06e-03 -11.0 1.57e-03    -  1.00e+00 1.25e-01h  4
1838  7.6062485e-05 1.67e-06 2.43e-03 -11.0 1.32e-03    -  1.00e+00 1.00e+00h  1
1839  7.6032855e-05 1.66e-06 2.80e-03 -11.0 1.32e-02    -  1.00e+00 1.56e-02h  7
iter    objective    inf_pr   inf_du lg(mu)  ||d||  lg(rg) alpha_du alpha_pr  ls
1840  7.6030303e-05 1.47e-06 2.54e-03 -11.0 6.49e-04    -  1.00e+00 1.25e-01h  4
1841  7.5973719e-05 3.88e-07 2.08e-04 -11.0 6.76e-04    -  1.00e+00 1.00e+00h  1
1842  7.5971777e-05 3.88e-07 3.18e-04 -11.0 5.88e-03    -  1.00e+00 1.56e-02h  7
1843  7.5968421e-05 9.77e-08 5.38e-04 -11.0 2.28e-04    -  1.00e+00 1.00e+00h  1
1844  7.5960267e-05 8.05e-07 2.45e-03 -11.0 5.37e-03    -  1.00e+00 1.25e-01h  4
1845  7.5949023e-05 1.02e-06 2.80e-03 -11.0 1.65e-02    -  1.00e+00 1.56e-02h  7
1846  7.5950846e-05 1.02e-06 2.31e-03 -11.0 2.65e-03    -  1.00e+00 6.25e-02h  5
1847  7.5944301e-05 9.75e-07 2.52e-03 -11.0 1.38e-03    -  1.00e+00 1.25e-01h  4
1848  7.5940006e-05 1.37e-06 4.42e-03 -11.0 3.48e-03    -  1.00e+00 1.25e-01h  4
1849  7.5893198e-05 4.08e-06 6.71e-03 -11.0 3.89e-02    -  1.00e+00 3.12e-02h  6
iter    objective    inf_pr   inf_du lg(mu)  ||d||  lg(rg) alpha_du alpha_pr  ls
1850  7.5891935e-05 4.06e-06 7.33e-03 -11.0 1.40e-02    -  1.00e+00 1.56e-02h  7
1851  7.5906299e-05 3.57e-06 5.72e-03 -11.0 2.17e-03    -  1.00e+00 2.50e-01h  3
1852  7.6029252e-05 7.65e-08 2.00e-03 -11.0 1.71e-03    -  1.00e+00 1.00e+00H  1
1853  7.6008238e-05 1.12e-07 1.67e-03 -11.0 3.03e-02    -  1.00e+00 7.81e-03h  8
1854  7.5996544e-05 1.61e-07 1.44e-03 -11.0 4.22e-01    -  1.00e+00 4.88e-04h 12
1855  7.5991287e-05 1.71e-07 1.40e-03 -11.0 7.90e-01    -  1.00e+00 1.22e-04h 14
1856  7.5985349e-05 1.90e-07 1.30e-03 -11.0 1.02e+00    -  1.00e+00 1.22e-04h 14
1857  7.5962616e-05 3.23e-07 1.30e-03 -11.0 9.08e-01    -  1.00e+00 4.88e-04h 12
1858  7.5866602e-05 3.64e-05 4.17e-03 -11.0 1.53e+00    -  1.00e+00 3.91e-03h  9
1859  7.5783276e-05 4.45e-05 2.93e-03 -11.0 2.96e+00    -  1.00e+00 9.77e-04h 11
iter    objective    inf_pr   inf_du lg(mu)  ||d||  lg(rg) alpha_du alpha_pr  ls
1860  7.5728894e-05 4.59e-05 4.90e-03 -11.0 8.40e-01    -  1.00e+00 1.95e-03h 10
1861  7.5709703e-05 4.80e-05 7.28e-03 -11.0 4.69e-01    -  1.00e+00 3.91e-03h  9
1862  7.5668016e-05 5.12e-05 9.74e-03 -11.0 1.11e+00    -  1.00e+00 1.95e-03h 10
1863  1.4067081e-02 7.59e-01 1.26e+00 -11.0 9.57e-01    -  1.00e+00 1.00e+00w  1
1864  2.6280222e-02 1.98e-01 3.32e-01 -11.0 4.50e-01    -  1.00e+00 1.00e+00w  1
1865  3.4734518e+00 9.59e-01 1.00e+01 -11.0 1.16e+00    -  1.00e+00 1.00e+00w  1
1866  7.5643074e-05 5.34e-05 1.22e-02 -11.0 6.18e-01    -  1.00e+00 1.95e-03h  9
1867  7.5624134e-05 2.69e-05 5.87e-03 -11.0 1.16e-03    -  1.00e+00 5.00e-01h  2
1868  7.5803778e-05 2.03e-05 2.79e-03 -11.0 2.53e-03    -  1.00e+00 2.50e-01h  3
1869  7.5809095e-05 1.05e-05 3.21e-03 -11.0 2.30e-03    -  1.00e+00 5.00e-01h  2
iter    objective    inf_pr   inf_du lg(mu)  ||d||  lg(rg) alpha_du alpha_pr  ls
1870  7.5767654e-05 9.90e-06 5.30e-03 -11.0 8.76e-03    -  1.00e+00 6.25e-02h  5
1871  7.5861859e-05 7.45e-06 3.66e-03 -11.0 1.24e-03    -  1.00e+00 2.50e-01h  3
1872  7.5579125e-05 2.24e-06 2.27e-03 -11.0 1.41e-03    -  1.00e+00 1.00e+00h  1
1873  8.7620888e-05 8.54e-08 2.46e-03 -11.0 1.71e-03    -  1.00e+00 1.00e+00H  1
1874  7.5525471e-05 9.92e-06 1.50e-03 -11.0 1.86e-03    -  1.00e+00 1.00e+00h  1
1875  7.7812939e-05 1.85e-06 2.18e-03 -11.0 6.75e-04    -  1.00e+00 1.00e+00h  1
1876  7.5476914e-05 1.18e-06 1.09e-04 -11.0 5.80e-04    -  1.00e+00 1.00e+00h  1
1877  7.5497330e-05 2.49e-09 7.46e-05 -11.0 5.84e-05    -  1.00e+00 1.00e+00h  1
1878  7.5469400e-05 1.62e-09 7.67e-06 -11.0 3.87e-05    -  1.00e+00 1.00e+00h  1
1879  7.5468659e-05 6.24e-11 7.78e-06 -11.0 4.56e-06    -  1.00e+00 1.00e+00h  1
iter    objective    inf_pr   inf_du lg(mu)  ||d||  lg(rg) alpha_du alpha_pr  ls
1880  7.6039575e-05 3.39e-11 3.50e-04 -11.0 9.80e-04    -  1.00e+00 1.00e+00H  1
1881  7.5501704e-05 8.71e-12 1.50e-04 -11.0 2.61e-04    -  1.00e+00 1.00e+00H  1
1882  7.5422853e-05 1.78e-07 6.73e-04 -11.0 3.02e-04    -  1.00e+00 1.00e+00h  1
1883  7.6495768e-05 1.05e-11 5.34e-04 -11.0 6.72e-04    -  1.00e+00 1.00e+00H  1
1884  7.5408302e-05 9.33e-07 6.94e-04 -11.0 6.23e-04    -  1.00e+00 1.00e+00h  1
1885  7.5409768e-05 2.32e-08 5.13e-04 -11.0 1.10e-04    -  1.00e+00 1.00e+00h  1
1886  7.5590824e-05 8.09e-12 1.28e-04 -11.0 1.19e-03    -  1.00e+00 1.00e+00H  1
1887  7.6596420e-05 4.00e-12 3.60e-04 -11.0 1.31e-03    -  1.00e+00 1.00e+00H  1
1888  7.6595679e-05 4.54e-12 3.60e-04 -11.0 3.57e-03    -  1.00e+00 2.44e-04h 13
1889  7.6595338e-05 4.64e-12 3.60e-04 -11.0 3.26e-02    -  1.00e+00 1.53e-05h 17
iter    objective    inf_pr   inf_du lg(mu)  ||d||  lg(rg) alpha_du alpha_pr  ls
1890  7.6594433e-05 2.95e-12 3.60e-04 -11.0 5.31e-03    -  1.00e+00 1.22e-04h 14
1891  7.5484772e-05 2.41e-11 1.43e-04 -11.0 2.14e-03    -  1.00e+00 1.00e+00H  1
1892  7.5424150e-05 2.17e-08 5.37e-04 -11.0 5.07e-03    -  1.00e+00 1.56e-02h  7
1893  7.5384694e-05 1.21e-07 3.69e-04 -11.0 1.82e-04    -  1.00e+00 1.00e+00h  1
1894  7.5394700e-05 9.00e-08 4.03e-04 -11.0 1.42e-04    -  1.00e+00 2.50e-01h  3
1895  7.5382555e-05 1.44e-09 4.55e-06 -11.0 2.72e-05    -  1.00e+00 1.00e+00h  1
1896  7.5382365e-05 1.64e-11 4.42e-06 -11.0 3.52e-06    -  1.00e+00 1.00e+00h  1
1897  7.6093049e-05 3.35e-12 2.88e-04 -11.0 9.95e-04    -  1.00e+00 1.00e+00H  1
1898  7.5372308e-05 2.85e-07 1.62e-03 -11.0 5.25e-04    -  1.00e+00 1.00e+00h  1
1899  7.5367324e-05 1.52e-07 4.97e-04 -11.0 2.69e-04    -  1.00e+00 5.00e-01h  2
iter    objective    inf_pr   inf_du lg(mu)  ||d||  lg(rg) alpha_du alpha_pr  ls
1900  7.5372302e-05 7.80e-08 3.17e-04 -11.0 1.19e-04    -  1.00e+00 5.00e-01h  2
1901  7.5357857e-05 3.01e-08 5.04e-04 -11.0 8.91e-05    -  1.00e+00 1.00e+00h  1
1902  7.5363278e-05 6.79e-10 4.61e-05 -11.0 2.65e-04    -  1.00e+00 1.00e+00H  1
1903  7.5356098e-05 1.25e-07 1.51e-03 -11.0 2.64e-03    -  1.00e+00 1.25e-01h  4
1904  7.5342637e-05 6.22e-07 3.85e-03 -11.0 4.08e-02    -  1.00e+00 1.56e-02h  7
1905  7.5344598e-05 1.05e-06 5.90e-03 -11.0 1.52e-02    -  1.00e+00 3.12e-02h  6
1906  7.5334457e-05 1.26e-06 7.14e-03 -11.0 1.02e-02    -  1.00e+00 3.12e-02h  6
1907  7.5323056e-05 1.38e-06 8.11e-03 -11.0 8.81e-03    -  1.00e+00 3.12e-02h  6
1908  7.5303237e-05 1.77e-06 1.03e-02 -11.0 1.43e-02    -  1.00e+00 3.12e-02h  6
1909  7.5249124e-05 6.92e-06 2.20e-02 -11.0 2.91e-02    -  1.00e+00 6.25e-02h  5
iter    objective    inf_pr   inf_du lg(mu)  ||d||  lg(rg) alpha_du alpha_pr  ls
1910  7.5169697e-05 2.33e-05 4.27e-02 -11.0 8.72e-01    -  1.00e+00 3.91e-03h  9
1911  7.5120245e-05 3.17e-05 5.79e-02 -11.0 2.55e+00    -  1.00e+00 9.77e-04h 11
1912  7.5108001e-05 4.13e-05 7.18e-02 -11.0 6.60e-01    -  1.00e+00 3.91e-03h  9
1913  1.8239868e-03 7.04e-04 1.49e-01 -11.0 1.83e-02    -  1.00e+00 1.00e+00w  1
1914  8.7124153e-05 6.48e-04 2.57e-02 -11.0 1.51e-02    -  1.00e+00 1.00e+00w  1
1915  7.9704802e-05 5.07e-06 2.42e-02 -11.0 1.34e-03    -  1.00e+00 1.00e+00w  1
1916  7.5112568e-05 4.11e-05 7.21e-02 -11.0 6.30e-03    -  1.00e+00 3.91e-03h  8
1917  7.5104371e-05 4.16e-05 6.01e-02 -11.0 2.27e-02    -  1.00e+00 6.25e-02h  5
1918  7.5099108e-05 4.22e-05 5.60e-02 -11.0 1.80e-01    -  1.00e+00 3.91e-03h  9
1919  7.5088765e-05 4.23e-05 5.30e-02 -11.0 6.90e-02    -  1.00e+00 7.81e-03h  8
iter    objective    inf_pr   inf_du lg(mu)  ||d||  lg(rg) alpha_du alpha_pr  ls
1920  7.5093532e-05 4.22e-05 4.91e-02 -11.0 3.89e-02    -  1.00e+00 1.56e-02h  7
1921  7.5093547e-05 4.19e-05 4.84e-02 -11.0 1.02e-02    -  1.00e+00 7.81e-03h  8
1922  7.5050736e-05 6.06e-07 5.84e-03 -11.0 5.71e-04    -  1.00e+00 1.00e+00h  1
1923  7.5048497e-05 6.26e-07 6.80e-03 -11.0 5.32e-03    -  1.00e+00 3.12e-02h  6
1924  7.5047221e-05 6.34e-07 7.62e-03 -11.0 4.46e-03    -  1.00e+00 3.12e-02h  6
1925  7.5046102e-05 6.47e-07 8.44e-03 -11.0 5.20e-03    -  1.00e+00 3.12e-02h  6
1926  7.5043845e-05 7.76e-07 1.10e-02 -11.0 2.35e-02    -  1.00e+00 1.56e-02h  7
1927  7.5045069e-05 7.68e-07 1.18e-02 -11.0 6.16e-03    -  1.00e+00 1.56e-02h  7
1928  7.5040736e-05 1.89e-07 2.71e-03 -11.0 3.26e-04    -  1.00e+00 1.00e+00h  1
1929  7.5038305e-05 2.01e-07 2.70e-03 -11.0 6.00e-03    -  1.00e+00 1.56e-02h  7
iter    objective    inf_pr   inf_du lg(mu)  ||d||  lg(rg) alpha_du alpha_pr  ls
1930  7.5086979e-05 7.73e-08 2.16e-03 -11.0 2.66e-04    -  1.00e+00 1.00e+00h  1
1931  7.5033694e-05 1.04e-06 4.01e-03 -11.0 7.48e-04    -  1.00e+00 1.00e+00h  1
1932  7.5031980e-05 1.08e-06 4.67e-03 -11.0 1.08e-02    -  1.00e+00 1.56e-02h  7
1933  7.5028190e-05 8.13e-07 3.58e-03 -11.0 5.57e-04    -  1.00e+00 2.50e-01h  3
1934  7.5025047e-05 4.86e-07 1.31e-03 -11.0 4.36e-04    -  1.00e+00 5.00e-01h  2
1935  7.5021698e-05 5.47e-07 6.84e-04 -11.0 2.18e-03    -  1.00e+00 1.25e-01h  4
1936  7.5020365e-05 5.66e-07 1.06e-03 -11.0 2.87e-03    -  1.00e+00 6.25e-02h  5
1937  7.5009308e-05 5.79e-07 1.50e-03 -11.0 2.75e-03    -  1.00e+00 1.25e-01h  4
1938  7.5006302e-05 5.97e-07 1.52e-03 -11.0 5.79e-03    -  1.00e+00 3.12e-02h  6
1939  7.4991940e-05 7.09e-07 2.65e-03 -11.0 2.68e-02    -  1.00e+00 1.56e-02h  7
iter    objective    inf_pr   inf_du lg(mu)  ||d||  lg(rg) alpha_du alpha_pr  ls
1940  7.4978249e-05 2.61e-06 6.42e-03 -11.0 4.63e-02    -  1.00e+00 3.12e-02h  6
1941  7.4951184e-05 1.85e-05 1.71e-02 -11.0 2.40e-01    -  1.00e+00 1.56e-02h  7
1942  9.9674608e-03 5.09e-01 1.26e+00 -11.0 5.97e-01    -  1.00e+00 1.00e+00w  1
1943  6.8938768e-02 1.22e-01 1.08e+00 -11.0 3.56e-01    -  1.00e+00 1.00e+00w  1
1944  5.7607756e-02 2.39e-01 4.20e+00 -11.0 3.38e-01    -  1.00e+00 1.00e+00w  1
1945  7.4915353e-05 2.00e-05 2.10e-02 -11.0 1.77e-01    -  1.00e+00 1.95e-03h  9
1946  7.4871871e-05 1.51e-05 1.73e-02 -11.0 7.98e-04    -  1.00e+00 2.50e-01h  3
1947  7.4915500e-05 7.83e-06 9.04e-03 -11.0 7.63e-04    -  1.00e+00 5.00e-01h  2
1948  7.4882922e-05 5.87e-06 7.21e-03 -11.0 6.45e-04    -  1.00e+00 2.50e-01h  3
1949  7.4822873e-05 2.29e-07 2.93e-04 -11.0 3.38e-04    -  1.00e+00 1.00e+00h  1
iter    objective    inf_pr   inf_du lg(mu)  ||d||  lg(rg) alpha_du alpha_pr  ls
1950  7.6974265e-05 3.79e-12 4.65e-04 -11.0 9.58e-04    -  1.00e+00 1.00e+00H  1
1951  7.4785791e-05 1.88e-06 6.18e-04 -11.0 9.55e-04    -  1.00e+00 1.00e+00h  1
1952  7.4792758e-05 1.41e-06 3.09e-04 -11.0 1.81e-04    -  1.00e+00 2.50e-01h  3
1953  7.4777415e-05 2.19e-09 9.41e-06 -11.0 3.37e-05    -  1.00e+00 1.00e+00h  1
1954  7.4774708e-05 1.78e-09 8.31e-06 -11.0 4.27e-05    -  1.00e+00 1.00e+00h  1
1955  7.4758851e-05 3.50e-07 3.96e-04 -11.0 4.79e-03    -  1.00e+00 1.25e-01h  4
1956  7.4754519e-05 6.55e-07 4.53e-04 -11.0 1.96e-02    -  1.00e+00 3.12e-02h  6
1957  7.4747891e-05 3.49e-06 4.14e-03 -11.0 2.80e-02    -  1.00e+00 6.25e-02h  5
1958  7.4747102e-05 3.47e-06 4.24e-03 -11.0 5.97e-03    -  1.00e+00 7.81e-03h  8
1959  7.4624642e-05 2.31e-08 1.06e-03 -11.0 8.90e-05    -  1.00e+00 1.00e+00h  1
iter    objective    inf_pr   inf_du lg(mu)  ||d||  lg(rg) alpha_du alpha_pr  ls
1960  7.4557636e-05 5.01e-06 1.29e-03 -11.0 2.26e-03    -  1.00e+00 1.00e+00h  1
1961  7.4555842e-05 5.24e-06 1.74e-03 -11.0 1.25e-01    -  1.00e+00 3.91e-03h  9
1962  7.4551767e-05 5.21e-06 1.82e-03 -11.0 1.36e-02    -  1.00e+00 1.56e-02h  7
1963  7.4739437e-05 1.20e-08 4.75e-03 -11.0 2.11e-03    -  1.00e+00 1.00e+00H  1
1964  7.4727891e-05 1.01e-08 2.19e-04 -11.0 5.60e-02    -  1.00e+00 1.95e-03h 10
1965  7.4723067e-05 1.47e-08 2.30e-04 -11.0 1.82e-02    -  1.00e+00 3.91e-03h  9
1966  7.4720839e-05 1.74e-08 2.34e-04 -11.0 1.32e-01    -  1.00e+00 4.88e-04h 12
1967  7.4719629e-05 1.84e-08 2.33e-04 -11.0 1.59e-01    -  1.00e+00 2.44e-04h 13
1968  7.4705740e-05 1.16e-06 8.74e-04 -11.0 5.95e-01    -  1.00e+00 1.95e-03h 10
1969  7.4696892e-05 3.08e-06 2.44e-03 -11.0 2.00e-01    -  1.00e+00 7.81e-03h  8
iter    objective    inf_pr   inf_du lg(mu)  ||d||  lg(rg) alpha_du alpha_pr  ls
1970  7.4579596e-05 1.29e-05 3.69e-03 -11.0 6.48e-01    -  1.00e+00 3.91e-03h  9
1971  7.4562184e-05 1.34e-05 2.45e-03 -11.0 1.07e-01    -  1.00e+00 7.81e-03h  8
1972  7.4522355e-05 1.35e-05 1.12e-03 -11.0 2.60e-02    -  1.00e+00 3.12e-02h  6
1973  7.4498292e-05 1.46e-05 1.73e-03 -11.0 1.55e-01    -  1.00e+00 7.81e-03h  8
1974  3.8016760e-03 2.13e-01 4.58e-01 -11.0 5.96e-01    -  1.00e+00 1.00e+00w  1
1975  5.7306432e-03 3.54e-02 8.16e-01 -11.0 2.52e-01    -  1.00e+00 1.00e+00w  1
1976  1.3424919e+00 1.90e+00 7.07e-01 -11.0 1.22e+00    -  1.00e+00 1.00e+00w  1
1977  7.4481809e-05 1.90e-05 4.02e-03 -11.0 4.67e-01    -  1.00e+00 3.91e-03h  8
1978  1.5152920e-04 4.96e-09 3.98e-03 -11.0 7.14e-03    -  1.00e+00 1.00e+00H  1
1979  1.5122519e-04 7.52e-09 3.97e-03 -11.0 3.07e-02    -  1.00e+00 1.95e-03h 10
iter    objective    inf_pr   inf_du lg(mu)  ||d||  lg(rg) alpha_du alpha_pr  ls
1980  1.5118057e-04 1.01e-08 3.97e-03 -11.0 1.14e+00    -  1.00e+00 6.10e-05h 15
1981  1.5116157e-04 1.15e-08 3.99e-03 -11.0 1.67e+00    -  1.00e+00 3.05e-05h 16
1982  1.5115092e-04 1.24e-08 3.99e-03 -11.0 2.42e+00    -  1.00e+00 1.53e-05h 17
1983  1.5073405e-04 1.22e-03 4.63e-02 -11.0 6.18e-01    -  1.00e+00 6.25e-02h  5
1984  1.4843673e-04 3.62e-03 1.05e-01 -11.0 6.85e+00    -  1.00e+00 7.81e-03h  8
1985  1.2128039e-04 7.25e-03 1.73e-01 -11.0 1.62e+01    -  1.00e+00 3.91e-03h  9
1986  1.1887659e-04 7.32e-03 1.56e-01 -11.0 4.75e+00    -  1.00e+00 1.95e-03h 10
1987  1.1316549e-04 9.78e-03 6.47e-02 -11.0 1.68e+00    -  1.00e+00 3.12e-02h  6
1988  1.0502147e-04 1.09e-02 5.83e-02 -11.0 3.62e+01    -  1.00e+00 9.77e-04h 11
1989  1.4999597e+01 4.23e+01 7.24e+02 -11.0 4.36e+01    -  1.00e+00 1.00e+00w  1
iter    objective    inf_pr   inf_du lg(mu)  ||d||  lg(rg) alpha_du alpha_pr  ls
1990  8.9242328e+01 1.79e+00 5.32e+00 -11.0 4.38e+01    -  1.00e+00 1.00e+00w  1
1991  1.6392420e+06 4.57e+02 1.62e+03 -11.0 3.65e+02    -  1.00e+00 1.00e+00w  1
1992  1.0289242e-04 1.25e-02 5.28e-02 -11.0 3.63e+02    -  1.00e+00 9.77e-04h 10
1993  8.4828222e-05 6.12e-04 5.58e-02 -11.0 1.85e-02    -  1.00e+00 1.00e+00h  1
1994  8.2348985e-05 6.15e-04 5.43e-02 -11.0 1.64e+00    -  1.00e+00 3.91e-03h  9
1995  8.0936305e-05 6.33e-04 5.05e-02 -11.0 9.92e-01    -  1.00e+00 1.56e-02h  7
1996  8.0366437e-05 6.33e-04 5.03e-02 -11.0 6.67e-01    -  1.00e+00 1.95e-03h 10
1997  1.0346989e-04 2.59e-04 4.35e-02 -11.0 1.53e-02    -  1.00e+00 1.00e+00h  1
1998  1.0204426e-04 2.84e-04 5.63e-02 -11.0 9.46e-02    -  1.00e+00 6.25e-02h  5
1999  9.9127007e-05 2.80e-04 5.21e-02 -11.0 1.20e-01    -  1.00e+00 3.12e-02h  6
iter    objective    inf_pr   inf_du lg(mu)  ||d||  lg(rg) alpha_du alpha_pr  ls
2000  1.2769681e-04 3.39e-04 2.70e-02 -11.0 2.75e-02    -  1.00e+00 5.00e-01h  2
2001  1.3746096e-04 3.02e-04 2.61e-02 -11.0 9.79e-02    -  1.00e+00 1.25e-01h  4
2002  1.2108369e-04 2.77e-04 3.70e-02 -11.0 5.05e-02    -  1.00e+00 1.25e-01h  4
2003  9.0990014e-05 3.21e-04 3.73e-02 -11.0 1.04e-01    -  1.00e+00 6.25e-02h  5
2004  8.0076240e-05 4.45e-04 2.53e-02 -11.0 1.08e-01    -  1.00e+00 1.25e-01h  4
2005  7.9777689e-05 4.42e-04 2.35e-02 -11.0 1.39e-01    -  1.00e+00 1.56e-02h  7
2006  8.9248951e-05 1.11e-05 2.34e-03 -11.0 2.28e-03    -  1.00e+00 1.00e+00h  1
2007  7.5393320e-05 1.27e-05 3.86e-03 -11.0 3.31e-03    -  1.00e+00 1.00e+00h  1
2008  1.1257521e-04 9.05e-07 1.77e-02 -11.0 2.58e-03    -  1.00e+00 1.00e+00H  1
2009  7.4582821e-05 1.77e-05 2.10e-03 -11.0 2.44e-03    -  1.00e+00 1.00e+00h  1
iter    objective    inf_pr   inf_du lg(mu)  ||d||  lg(rg) alpha_du alpha_pr  ls
2010  7.4529704e-05 5.18e-08 4.01e-04 -11.0 1.35e-04    -  1.00e+00 1.00e+00h  1
2011  7.4397697e-05 5.15e-08 8.29e-04 -11.0 1.26e-04    -  1.00e+00 1.00e+00h  1
2012  7.4427532e-05 9.06e-10 3.25e-04 -11.0 4.86e-04    -  1.00e+00 1.00e+00H  1
2013  7.4305860e-05 4.79e-06 4.63e-03 -11.0 1.30e-03    -  1.00e+00 1.00e+00h  1
2014  8.0758424e-05 6.32e-11 1.24e-03 -11.0 1.32e-03    -  1.00e+00 1.00e+00H  1
2015  7.4104552e-05 6.96e-06 1.41e-03 -11.0 1.46e-03    -  1.00e+00 1.00e+00h  1
2016  7.4208125e-05 1.78e-07 3.39e-04 -11.0 3.69e-04    -  1.00e+00 1.00e+00h  1
2017  7.3983311e-05 1.41e-07 2.54e-04 -11.0 1.74e-04    -  1.00e+00 1.00e+00h  1
2018  7.3950591e-05 1.74e-07 2.86e-04 -11.0 1.90e-04    -  1.00e+00 1.00e+00h  1
2019  7.3897116e-05 8.41e-08 3.21e-04 -11.0 1.50e-04    -  1.00e+00 1.00e+00h  1
iter    objective    inf_pr   inf_du lg(mu)  ||d||  lg(rg) alpha_du alpha_pr  ls
2020  7.4037547e-05 4.05e-09 1.57e-04 -11.0 5.49e-04    -  1.00e+00 1.00e+00H  1
2021  7.3793283e-05 2.68e-07 5.01e-04 -11.0 2.66e-04    -  1.00e+00 1.00e+00h  1
2022  7.3873181e-05 1.60e-09 1.78e-04 -11.0 3.43e-04    -  1.00e+00 1.00e+00H  1
2023  7.3588134e-05 4.57e-07 3.92e-04 -11.0 2.53e-04    -  1.00e+00 1.00e+00h  1
2024  7.3580041e-05 1.08e-06 7.05e-04 -11.0 5.61e-04    -  1.00e+00 1.00e+00h  1
2025  7.3440797e-05 1.31e-05 4.27e-03 -11.0 7.36e-03    -  1.00e+00 2.50e-01h  3
2026  7.3430207e-05 1.31e-05 4.73e-03 -11.0 2.76e-02    -  1.00e+00 7.81e-03h  8
2027  7.3365944e-05 8.39e-07 1.42e-03 -11.0 4.41e-04    -  1.00e+00 1.00e+00h  1
2028  7.3366833e-05 8.39e-07 1.72e-03 -11.0 1.82e-03    -  1.00e+00 6.25e-02h  5
2029  7.3342066e-05 8.17e-08 1.99e-04 -11.0 1.27e-04    -  1.00e+00 1.00e+00h  1
iter    objective    inf_pr   inf_du lg(mu)  ||d||  lg(rg) alpha_du alpha_pr  ls
2030  7.3530549e-05 5.63e-09 2.24e-04 -11.0 5.73e-04    -  1.00e+00 1.00e+00H  1
2031  7.3394199e-05 2.00e-08 1.05e-04 -11.0 1.10e-03    -  1.00e+00 1.00e+00H  1
2032  7.3326068e-05 1.16e-06 1.01e-03 -11.0 8.80e-03    -  1.00e+00 6.25e-02h  5
2033  8.1668266e-05 3.05e-11 9.96e-04 -11.0 1.44e-03    -  1.00e+00 1.00e+00H  1
2034  7.3267445e-05 2.45e-06 6.33e-04 -11.0 1.04e-03    -  1.00e+00 1.00e+00h  1
2035  7.3249859e-05 3.62e-08 4.40e-05 -11.0 1.01e-04    -  1.00e+00 1.00e+00h  1
2036  7.3413079e-05 6.23e-10 1.02e-04 -11.0 1.18e-03    -  1.00e+00 1.00e+00H  1
2037  7.3391058e-05 2.49e-08 6.07e-04 -11.0 8.09e-03    -  1.00e+00 1.56e-02h  7
2038  7.3384666e-05 2.63e-08 7.32e-04 -11.0 1.58e-02    -  1.00e+00 1.95e-03h 10
2039  7.3239161e-05 2.38e-06 6.49e-03 -11.0 9.90e-03    -  1.00e+00 1.25e-01h  4
iter    objective    inf_pr   inf_du lg(mu)  ||d||  lg(rg) alpha_du alpha_pr  ls
2040  7.3148882e-05 4.03e-06 1.04e-02 -11.0 2.94e-02    -  1.00e+00 3.12e-02h  6
2041  7.3132757e-05 4.02e-06 1.07e-02 -11.0 6.97e-03    -  1.00e+00 3.12e-02h  6
2042  7.3104203e-05 2.72e-06 7.96e-03 -11.0 1.06e-03    -  1.00e+00 5.00e-01h  2
2043  7.3182667e-05 2.06e-06 4.36e-03 -11.0 2.62e-03    -  1.00e+00 2.50e-01h  3
2044  7.3097427e-05 1.15e-06 1.39e-03 -11.0 5.26e-04    -  1.00e+00 5.00e-01h  2
2045  7.3346593e-05 2.78e-08 1.08e-02 -11.0 2.29e-03    -  1.00e+00 1.00e+00H  1
2046  9.8098211e-05 9.27e-12 1.63e-03 -11.0 2.19e-03    -  1.00e+00 1.00e+00H  1
2047  7.2979603e-05 7.49e-06 3.94e-04 -11.0 2.16e-03    -  1.00e+00 1.00e+00f  1
2048  7.2975365e-05 9.67e-08 9.57e-04 -11.0 1.92e-04    -  1.00e+00 1.00e+00h  1
2049  7.3134277e-05 5.26e-08 1.22e-02 -11.0 1.58e-03    -  1.00e+00 1.00e+00H  1
iter    objective    inf_pr   inf_du lg(mu)  ||d||  lg(rg) alpha_du alpha_pr  ls
2050  7.3123886e-05 4.60e-08 1.26e-02 -11.0 5.09e-03    -  1.00e+00 1.56e-02h  7
2051  7.3096778e-05 5.72e-08 1.25e-02 -11.0 2.84e-03    -  1.00e+00 3.12e-02h  6
2052  7.4218551e-05 1.25e-10 4.74e-04 -11.0 1.11e-03    -  1.00e+00 1.00e+00H  1
2053  7.3759872e-05 1.76e-10 1.99e-04 -11.0 1.32e-03    -  1.00e+00 1.00e+00H  1
2054  7.3743940e-05 5.68e-10 1.98e-04 -11.0 2.74e-03    -  1.00e+00 3.91e-03h  9
2055  7.8610872e-05 1.28e-10 7.75e-04 -11.0 1.51e-03    -  1.00e+00 1.00e+00H  1
2056  7.3152371e-05 6.50e-07 1.35e-03 -11.0 4.56e-04    -  1.00e+00 1.00e+00h  1
2057  7.2967447e-05 3.28e-07 2.17e-04 -11.0 3.83e-04    -  1.00e+00 1.00e+00h  1
2058  7.3096510e-05 3.02e-07 1.98e-03 -11.0 3.49e-04    -  1.00e+00 1.00e+00h  1
2059  7.2947476e-05 2.52e-07 2.57e-04 -11.0 3.38e-04    -  1.00e+00 1.00e+00h  1
iter    objective    inf_pr   inf_du lg(mu)  ||d||  lg(rg) alpha_du alpha_pr  ls
2060  7.3006611e-05 2.19e-08 1.16e-04 -11.0 8.23e-05    -  1.00e+00 1.00e+00h  1
2061  7.2945128e-05 1.49e-08 3.32e-06 -11.0 7.01e-05    -  1.00e+00 1.00e+00h  1
2062  7.2944861e-05 2.91e-11 3.27e-06 -11.0 5.29e-06    -  1.00e+00 1.00e+00h  1
2063  7.2976970e-05 8.56e-12 8.20e-05 -11.0 3.75e-04    -  1.00e+00 1.00e+00H  1
2064  7.3528249e-05 3.05e-12 1.56e-04 -11.0 1.49e-03    -  1.00e+00 1.00e+00H  1
2065  7.3526954e-05 3.84e-12 1.56e-04 -11.0 1.18e-03    -  1.00e+00 9.77e-04h 11
2066  7.3526362e-05 5.29e-12 1.56e-04 -11.0 5.65e-03    -  1.00e+00 1.22e-04h 14
2067  7.3525991e-05 6.03e-12 1.56e-04 -11.0 4.77e-03    -  1.00e+00 1.22e-04h 14
2068  7.3525833e-05 6.22e-12 1.56e-04 -11.0 3.54e-03    -  1.00e+00 6.10e-05h 15
2069  7.3525719e-05 6.27e-12 1.56e-04 -11.0 2.08e-03    -  1.00e+00 6.10e-05h 15
iter    objective    inf_pr   inf_du lg(mu)  ||d||  lg(rg) alpha_du alpha_pr  ls
2070  7.3442490e-05 1.15e-07 4.51e-04 -11.0 3.04e-03    -  1.00e+00 6.25e-02h  5
2071  7.2935141e-05 6.06e-06 1.61e-03 -11.0 1.38e-03    -  1.00e+00 1.00e+00h  1
2072  7.2916118e-05 6.18e-06 3.05e-03 -11.0 9.49e-03    -  1.00e+00 3.12e-02h  6
2073  7.2916154e-05 1.42e-07 2.20e-04 -11.0 2.65e-04    -  1.00e+00 1.00e+00h  1
2074  7.4611509e-05 2.80e-12 4.03e-04 -11.0 2.31e-03    -  1.00e+00 1.00e+00H  1
2075  7.3115944e-05 1.04e-07 2.37e-03 -11.0 1.50e-03    -  1.00e+00 1.00e+00H  1
2076  7.3027725e-05 4.60e-08 1.69e-03 -11.0 5.24e-03    -  1.00e+00 3.12e-02h  6
2077  7.2971146e-05 7.97e-08 1.28e-03 -11.0 2.40e-03    -  1.00e+00 6.25e-02h  5
2078  7.2945409e-05 8.77e-08 1.23e-03 -11.0 2.27e-03    -  1.00e+00 3.12e-02h  6
2079  7.2975498e-05 1.17e-09 1.25e-04 -11.0 4.42e-04    -  1.00e+00 1.00e+00H  1
iter    objective    inf_pr   inf_du lg(mu)  ||d||  lg(rg) alpha_du alpha_pr  ls
2080  7.4639150e-05 1.02e-09 5.13e-04 -11.0 5.16e-04    -  1.00e+00 1.00e+00H  1
2081  7.2871245e-05 2.22e-06 8.61e-04 -11.0 6.50e-04    -  1.00e+00 1.00e+00h  1
2082  7.2914139e-05 4.54e-08 3.26e-04 -11.0 1.08e-04    -  1.00e+00 1.00e+00h  1
2083  7.2867065e-05 1.02e-08 5.79e-06 -11.0 6.67e-05    -  1.00e+00 1.00e+00h  1
2084  7.2866534e-05 4.07e-10 4.30e-06 -11.0 1.00e-05    -  1.00e+00 1.00e+00h  1
2085  7.2864860e-05 6.19e-09 7.29e-06 -11.0 4.26e-05    -  1.00e+00 1.00e+00h  1
2086  7.2963128e-05 1.15e-11 1.93e-04 -11.0 4.94e-04    -  1.00e+00 1.00e+00H  1
2087  7.3016144e-05 4.68e-12 1.20e-04 -11.0 3.20e-04    -  1.00e+00 1.00e+00H  1
2088  7.2937131e-05 9.13e-11 9.68e-05 -11.0 6.44e-04    -  1.00e+00 1.00e+00H  1
2089  7.2932988e-05 3.65e-10 9.26e-05 -11.0 1.78e-03    -  1.00e+00 3.91e-03h  9
iter    objective    inf_pr   inf_du lg(mu)  ||d||  lg(rg) alpha_du alpha_pr  ls
2090  7.2855187e-05 2.03e-07 4.76e-04 -11.0 2.51e-04    -  1.00e+00 1.00e+00h  1
2091  7.2853424e-05 1.57e-07 3.23e-04 -11.0 1.65e-04    -  1.00e+00 2.50e-01h  3
2092  7.2848173e-05 1.50e-08 2.13e-05 -11.0 6.45e-05    -  1.00e+00 1.00e+00h  1
2093  7.2873077e-05 1.09e-10 4.11e-05 -11.0 1.28e-04    -  1.00e+00 1.00e+00H  1
2094  7.2847921e-05 1.01e-07 2.33e-04 -11.0 1.55e-04    -  1.00e+00 1.00e+00h  1
2095  7.3199395e-05 1.06e-12 3.63e-04 -11.0 3.63e-04    -  1.00e+00 1.00e+00H  1
2096  7.2841702e-05 4.22e-07 1.66e-04 -11.0 3.49e-04    -  1.00e+00 1.00e+00h  1
2097  7.2849463e-05 8.81e-09 4.63e-05 -11.0 4.84e-05    -  1.00e+00 1.00e+00h  1
2098  7.2839482e-05 1.93e-09 5.07e-06 -11.0 2.38e-05    -  1.00e+00 1.00e+00h  1
2099  7.2838721e-05 1.17e-10 3.72e-06 -11.0 1.02e-05    -  1.00e+00 1.00e+00h  1
iter    objective    inf_pr   inf_du lg(mu)  ||d||  lg(rg) alpha_du alpha_pr  ls
2100  7.2920209e-05 4.64e-12 9.91e-05 -11.0 4.95e-04    -  1.00e+00 1.00e+00H  1
2101  7.2933631e-05 3.22e-12 1.70e-04 -11.0 4.49e-04    -  1.00e+00 1.00e+00H  1
2102  7.3903921e-05 4.47e-13 2.97e-04 -11.0 5.15e-04    -  1.00e+00 1.00e+00H  1
2103  7.2875950e-05 3.48e-12 6.45e-05 -11.0 2.04e-04    -  1.00e+00 1.00e+00H  1
2104  7.2798510e-05 3.81e-07 6.94e-04 -11.0 3.75e-04    -  1.00e+00 1.00e+00h  1
2105  7.2788298e-05 9.81e-07 2.90e-03 -11.0 4.45e-03    -  1.00e+00 1.25e-01h  4
2106  7.2785086e-05 1.01e-06 3.53e-03 -11.0 1.30e-02    -  1.00e+00 7.81e-03h  8
2107  7.2783238e-05 1.14e-05 1.31e-02 -11.0 4.19e-03    -  1.00e+00 5.00e-01h  2
2108  7.2758943e-05 1.68e-05 2.05e-02 -11.0 3.89e-01    -  1.00e+00 3.91e-03h  9
2109  7.2750686e-05 1.70e-05 2.22e-02 -11.0 8.90e-02    -  1.00e+00 3.91e-03h  9
iter    objective    inf_pr   inf_du lg(mu)  ||d||  lg(rg) alpha_du alpha_pr  ls
2110  7.2739713e-05 2.84e-05 3.10e-02 -11.0 7.06e-02    -  1.00e+00 3.12e-02h  6
2111  7.2661224e-05 5.81e-05 4.39e-02 -11.0 4.18e-01    -  1.00e+00 7.81e-03h  8
2112  7.2653089e-05 7.44e-05 5.46e-02 -11.0 1.28e+00    -  1.00e+00 1.95e-03h 10
2113  7.2644030e-05 7.38e-05 5.37e-02 -11.0 3.59e-02    -  1.00e+00 7.81e-03h  8
2114  7.2624814e-05 7.24e-05 4.50e-02 -11.0 2.16e-02    -  1.00e+00 6.25e-02h  5
2115  2.1750749e-04 1.67e-02 5.21e-01 -11.0 8.94e-02    -  1.00e+00 1.00e+00w  1
2116  5.8932321e-04 1.80e-03 6.69e-01 -11.0 2.55e-02    -  1.00e+00 1.00e+00w  1
2117  4.6897423e-04 5.08e-03 1.94e-01 -11.0 5.22e-02    -  1.00e+00 1.00e+00w  1
2118  7.2609101e-05 7.48e-05 3.79e-02 -11.0 3.26e-01    -  1.00e+00 1.56e-02h  6
2119  7.2587838e-05 7.37e-05 3.65e-02 -11.0 1.71e-02    -  1.00e+00 1.56e-02h  7
iter    objective    inf_pr   inf_du lg(mu)  ||d||  lg(rg) alpha_du alpha_pr  ls
2120  7.2580447e-05 3.94e-05 2.50e-02 -11.0 2.76e-03    -  1.00e+00 5.00e-01h  2
2121  7.2538571e-05 4.03e-05 2.87e-02 -11.0 8.37e-02    -  1.00e+00 7.81e-03h  8
2122  7.2608165e-05 3.95e-05 3.31e-02 -11.0 1.37e-02    -  1.00e+00 6.25e-02h  5
2123  7.2593198e-05 3.67e-05 2.68e-02 -11.0 1.22e-02    -  1.00e+00 1.25e-01h  4
2124  7.2527102e-05 4.20e-05 1.85e-02 -11.0 5.80e-02    -  1.00e+00 3.12e-02h  6
2125  7.2535507e-05 4.19e-05 1.76e-02 -11.0 6.81e-02    -  1.00e+00 3.91e-03h  9
2126  7.2405394e-05 6.32e-07 1.76e-03 -11.0 6.65e-04    -  1.00e+00 1.00e+00h  1
2127  7.2445570e-05 5.43e-07 1.91e-03 -11.0 2.73e-03    -  1.00e+00 1.25e-01h  4
2128  7.2393319e-05 5.66e-08 9.67e-04 -11.0 2.07e-04    -  1.00e+00 1.00e+00h  1
2129  7.2550183e-05 1.40e-08 1.08e-04 -11.0 5.11e-04    -  1.00e+00 1.00e+00H  1
iter    objective    inf_pr   inf_du lg(mu)  ||d||  lg(rg) alpha_du alpha_pr  ls
2130  7.2408068e-05 4.02e-09 4.89e-05 -11.0 2.59e-04    -  1.00e+00 1.00e+00H  1
2131  7.2461042e-05 1.12e-09 1.11e-04 -11.0 2.72e-04    -  1.00e+00 1.00e+00H  1
2132  7.2385703e-05 5.11e-08 6.25e-04 -11.0 1.63e-04    -  1.00e+00 1.00e+00h  1
2133  7.2378937e-05 2.08e-08 1.49e-05 -11.0 1.09e-04    -  1.00e+00 1.00e+00h  1
2134  7.2469418e-05 8.77e-10 1.08e-04 -11.0 4.30e-04    -  1.00e+00 1.00e+00H  1
2135  7.2428143e-05 3.50e-10 1.81e-04 -11.0 1.97e-04    -  1.00e+00 1.00e+00H  1
2136  7.2443547e-05 1.82e-10 1.47e-04 -11.0 2.13e-04    -  1.00e+00 1.00e+00H  1
2137  7.2362039e-05 7.87e-08 1.68e-04 -11.0 2.35e-04    -  1.00e+00 1.00e+00h  1
2138  7.2378576e-05 5.67e-09 5.96e-05 -11.0 7.58e-05    -  1.00e+00 1.00e+00h  1
2139  7.2358040e-05 1.84e-09 9.63e-06 -11.0 2.99e-05    -  1.00e+00 1.00e+00h  1
iter    objective    inf_pr   inf_du lg(mu)  ||d||  lg(rg) alpha_du alpha_pr  ls
2140  7.2356110e-05 1.36e-09 4.73e-06 -11.0 3.57e-05    -  1.00e+00 1.00e+00h  1
2141  7.2438842e-05 6.62e-11 1.19e-04 -11.0 1.08e-03    -  1.00e+00 1.00e+00H  1
2142  7.2438381e-05 8.79e-11 1.18e-04 -11.0 1.67e-02    -  1.00e+00 4.88e-04h 12
2143  7.2436797e-05 1.94e-10 1.21e-04 -11.0 2.46e-03    -  1.00e+00 3.91e-03h  9
2144  7.2954618e-05 1.32e-12 4.98e-04 -11.0 5.88e-04    -  1.00e+00 1.00e+00H  1
2145  7.2466162e-05 1.21e-12 1.17e-04 -11.0 2.93e-04    -  1.00e+00 1.00e+00H  1
2146  7.2316128e-05 5.79e-08 2.64e-04 -11.0 1.62e-04    -  1.00e+00 1.00e+00h  1
2147  7.2330563e-05 2.82e-09 5.53e-05 -11.0 3.70e-05    -  1.00e+00 1.00e+00h  1
2148  7.2311530e-05 1.08e-09 9.48e-06 -11.0 2.62e-05    -  1.00e+00 1.00e+00h  1
2149  7.2310873e-05 5.47e-11 8.28e-06 -11.0 6.95e-06    -  1.00e+00 1.00e+00h  1
iter    objective    inf_pr   inf_du lg(mu)  ||d||  lg(rg) alpha_du alpha_pr  ls
2150  7.2308044e-05 1.66e-08 2.05e-05 -11.0 7.12e-05    -  1.00e+00 1.00e+00h  1
2151  7.2446834e-05 6.74e-12 1.16e-04 -11.0 5.54e-04    -  1.00e+00 1.00e+00H  1
2152  7.2456579e-05 5.69e-12 2.32e-04 -11.0 2.55e-04    -  1.00e+00 1.00e+00H  1
2153  7.2427022e-05 7.86e-13 1.75e-04 -11.0 3.70e-04    -  1.00e+00 1.00e+00H  1
2154  7.2314146e-05 2.13e-11 5.04e-05 -11.0 3.33e-04    -  1.00e+00 1.00e+00H  1
2155  7.2402636e-05 1.08e-11 2.02e-04 -11.0 3.45e-04    -  1.00e+00 1.00e+00H  1
2156  7.2319848e-05 4.34e-12 5.53e-05 -11.0 1.61e-04    -  1.00e+00 1.00e+00H  1
2157  7.2281628e-05 4.39e-08 1.69e-04 -11.0 1.22e-04    -  1.00e+00 1.00e+00h  1
2158  7.2280447e-05 3.17e-09 1.67e-05 -11.0 3.41e-05    -  1.00e+00 1.00e+00h  1
2159  7.2277783e-05 2.39e-09 9.93e-06 -11.0 3.01e-05    -  1.00e+00 1.00e+00h  1
iter    objective    inf_pr   inf_du lg(mu)  ||d||  lg(rg) alpha_du alpha_pr  ls
2160  7.2276501e-05 3.73e-09 1.10e-05 -11.0 4.23e-05    -  1.00e+00 1.00e+00h  1
2161  7.2271032e-05 1.20e-07 6.31e-04 -11.0 2.43e-04    -  1.00e+00 1.00e+00h  1
2162  7.2267902e-05 4.59e-07 1.84e-03 -11.0 3.10e-03    -  1.00e+00 1.25e-01h  4
2163  7.2259249e-05 1.37e-06 4.07e-03 -11.0 2.00e-02    -  1.00e+00 3.12e-02h  6
2164  7.2258682e-05 1.48e-06 5.22e-03 -11.0 1.50e-02    -  1.00e+00 1.56e-02h  7
2165  7.2250289e-05 1.50e-06 7.27e-03 -11.0 2.21e-03    -  1.00e+00 1.25e-01h  4
2166  7.2248785e-05 1.49e-06 7.73e-03 -11.0 5.56e-03    -  1.00e+00 1.56e-02h  7
2167  7.2250684e-05 1.15e-06 6.87e-03 -11.0 5.19e-04    -  1.00e+00 2.50e-01h  3
2168  7.2249767e-05 8.53e-07 8.16e-04 -11.0 5.32e-04    -  1.00e+00 1.00e+00h  1
2169  7.2248526e-05 8.10e-07 1.19e-03 -11.0 1.82e-03    -  1.00e+00 6.25e-02h  5
iter    objective    inf_pr   inf_du lg(mu)  ||d||  lg(rg) alpha_du alpha_pr  ls
2170  7.2241454e-05 3.94e-07 1.38e-03 -11.0 3.17e-04    -  1.00e+00 5.00e-01h  2
2171  7.2291646e-05 1.26e-10 1.01e-04 -11.0 7.53e-04    -  1.00e+00 1.00e+00H  1
2172  7.2289626e-05 1.15e-09 9.98e-05 -11.0 5.52e-03    -  1.00e+00 3.91e-03h  9
2173  7.2285568e-05 1.85e-09 9.93e-05 -11.0 6.38e-03    -  1.00e+00 3.91e-03h  9
2174  7.2249678e-05 7.36e-08 7.08e-04 -11.0 1.55e-03    -  1.00e+00 1.25e-01h  4
2175  7.2244192e-05 2.82e-06 6.69e-03 -11.0 1.20e-02    -  1.00e+00 1.25e-01h  4
2176  7.2232264e-05 2.87e-06 7.77e-03 -11.0 1.33e-02    -  1.00e+00 1.56e-02h  7
2177  7.4361133e-05 3.89e-10 4.26e-04 -11.0 4.95e-03    -  1.00e+00 1.00e+00H  1
2178  7.4355315e-05 4.66e-10 4.26e-04 -11.0 2.51e-02    -  1.00e+00 9.77e-04h 11
2179  7.4351543e-05 9.00e-10 4.26e-04 -11.0 1.21e+00    -  1.00e+00 1.53e-05h 17
iter    objective    inf_pr   inf_du lg(mu)  ||d||  lg(rg) alpha_du alpha_pr  ls
2180  7.4350575e-05 9.27e-10 4.25e-04 -11.0 1.21e+00    -  1.00e+00 3.81e-06h 19
2181  7.4349843e-05 9.38e-10 4.26e-04 -11.0 7.85e-01    -  1.00e+00 3.81e-06h 19
2182  7.3826864e-05 2.51e-04 7.03e-02 -11.0 8.81e-01    -  1.00e+00 1.56e-02h  7
2183  7.3689538e-05 2.54e-04 7.75e-02 -11.0 1.66e+00    -  1.00e+00 9.77e-04h 11
2184  7.3467584e-05 3.71e-04 2.10e-02 -11.0 3.12e-01    -  1.00e+00 3.12e-02h  6
2185  7.3149696e-05 3.71e-04 2.09e-02 -11.0 4.07e+00  -5.0 1.00e+00 6.10e-05h 15
2186  7.2378839e-05 9.14e-05 1.42e-02 -11.0 8.44e-03    -  1.00e+00 1.00e+00h  1
2187  7.2297875e-05 9.32e-05 7.69e-03 -11.0 3.21e-01  -5.4 1.00e+00 3.91e-03h  9
2188r 7.2297875e-05 9.32e-05 9.99e+02  -4.0 0.00e+00    -  0.00e+00 4.77e-07R 22
2189r 7.2353042e-05 2.35e-05 9.78e-02  -9.0 9.33e-02    -  1.00e+00 9.90e-04f  1
iter    objective    inf_pr   inf_du lg(mu)  ||d||  lg(rg) alpha_du alpha_pr  ls
2190  7.2277315e-05 5.83e-05 7.05e-03 -11.0 1.04e-01    -  1.00e+00 6.25e-02h  5
2191  7.2319396e-05 5.84e-05 7.00e-03 -11.0 3.29e-01    -  1.00e+00 9.77e-04h 11
2192  7.2221729e-05 7.46e-06 1.41e-03 -11.0 2.65e-03    -  1.00e+00 1.00e+00h  1
2193  7.3340892e-05 7.36e-06 2.08e-03 -11.0 5.90e-03    -  1.00e+00 6.25e-02h  5
2194  7.1975958e-05 1.73e-07 9.43e-04 -11.0 4.75e-04    -  1.00e+00 1.00e+00h  1
2195  7.1971808e-05 6.50e-08 1.12e-03 -11.0 2.15e-04    -  1.00e+00 1.00e+00h  1
2196  7.2059149e-05 2.02e-08 5.15e-03 -11.0 9.93e-04    -  1.00e+00 1.00e+00H  1
2197  7.2052702e-05 4.20e-08 5.49e-03 -11.0 3.72e-03    -  1.00e+00 3.12e-02h  6
2198  7.2299519e-05 3.26e-10 2.17e-04 -11.0 3.63e-04    -  1.00e+00 1.00e+00H  1
2199  7.1975396e-05 5.73e-09 4.74e-05 -11.0 1.03e-03    -  1.00e+00 1.00e+00H  1
iter    objective    inf_pr   inf_du lg(mu)  ||d||  lg(rg) alpha_du alpha_pr  ls
2200  8.1522811e-05 5.00e-11 8.87e-04 -11.0 7.85e-04    -  1.00e+00 1.00e+00H  1
2201  7.1951533e-05 1.42e-06 1.15e-03 -11.0 5.33e-04    -  1.00e+00 1.00e+00h  1
2202  7.1946454e-05 2.95e-10 7.00e-06 -11.0 1.90e-05    -  1.00e+00 1.00e+00h  1
2203  7.1944993e-05 1.72e-09 5.85e-06 -11.0 3.99e-05    -  1.00e+00 1.00e+00h  1
2204  7.6567501e-05 1.01e-10 6.29e-04 -11.0 4.63e-03    -  1.00e+00 1.00e+00H  1
2205  7.2004833e-05 2.80e-11 1.03e-04 -11.0 4.42e-03    -  1.00e+00 1.00e+00H  1
2206  1.2288317e-04 1.02e-11 4.09e-03 -11.0 2.12e-03    -  1.00e+00 1.00e+00H  1
2207  7.1941837e-05 2.17e-06 1.98e-03 -11.0 2.07e-03    -  1.00e+00 1.00e+00f  1
2208  7.1931525e-05 2.42e-08 3.31e-05 -11.0 1.43e-04    -  1.00e+00 1.00e+00h  1
2209  7.3657311e-05 3.71e-11 5.83e-04 -11.0 7.19e-04    -  1.00e+00 1.00e+00H  1
iter    objective    inf_pr   inf_du lg(mu)  ||d||  lg(rg) alpha_du alpha_pr  ls
2210  7.1927300e-05 6.42e-07 1.16e-03 -11.0 5.36e-04    -  1.00e+00 1.00e+00h  1
2211  7.1914530e-05 3.32e-07 9.09e-04 -11.0 2.18e-04    -  1.00e+00 5.00e-01h  2
2212  7.1916073e-05 2.76e-09 2.36e-05 -11.0 4.02e-05    -  1.00e+00 1.00e+00h  1
2213  7.1910130e-05 4.43e-09 8.37e-06 -11.0 5.09e-05    -  1.00e+00 1.00e+00h  1
2214  7.1917509e-05 3.36e-11 6.23e-05 -11.0 1.47e-04    -  1.00e+00 1.00e+00H  1
2215  7.1911663e-05 7.94e-11 3.91e-05 -11.0 1.78e-04    -  1.00e+00 1.00e+00H  1
2216  7.2020126e-05 5.68e-12 1.37e-04 -11.0 2.51e-04    -  1.00e+00 1.00e+00H  1
2217  7.1899426e-05 7.89e-08 8.07e-05 -11.0 2.32e-04    -  1.00e+00 1.00e+00h  1
2218  7.1910138e-05 2.06e-09 4.95e-05 -11.0 4.36e-05    -  1.00e+00 1.00e+00h  1
2219  7.1897086e-05 1.48e-09 5.30e-06 -11.0 3.00e-05    -  1.00e+00 1.00e+00h  1
iter    objective    inf_pr   inf_du lg(mu)  ||d||  lg(rg) alpha_du alpha_pr  ls
2220  7.1896578e-05 6.93e-10 5.74e-06 -11.0 3.18e-05    -  1.00e+00 1.00e+00h  1
2221  7.2896511e-05 1.50e-12 3.28e-04 -11.0 1.85e-03    -  1.00e+00 1.00e+00H  1
2222  7.1910065e-05 2.63e-10 9.98e-05 -11.0 1.12e-03    -  1.00e+00 1.00e+00H  1
2223  7.3588189e-05 2.77e-13 8.48e-04 -11.0 1.42e-03    -  1.00e+00 1.00e+00H  1
2224  7.1923631e-05 4.84e-13 6.51e-05 -11.0 1.16e-03    -  1.00e+00 1.00e+00H  1
2225  7.1886319e-05 1.68e-07 4.80e-04 -11.0 1.24e-03    -  1.00e+00 2.50e-01h  3
2226  7.1878709e-05 9.13e-08 2.55e-04 -11.0 3.69e-04    -  1.00e+00 5.00e-01h  2
2227  7.1864280e-05 3.18e-08 7.36e-05 -11.0 1.03e-04    -  1.00e+00 1.00e+00h  1
2228  7.1879195e-05 2.31e-08 5.15e-05 -11.0 7.24e-05    -  1.00e+00 1.00e+00h  1
2229  7.1859823e-05 1.69e-08 5.32e-06 -11.0 8.74e-05    -  1.00e+00 1.00e+00h  1
iter    objective    inf_pr   inf_du lg(mu)  ||d||  lg(rg) alpha_du alpha_pr  ls
2230  7.1858033e-05 6.98e-10 4.46e-06 -11.0 4.28e-05    -  1.00e+00 1.00e+00h  1
2231  7.1843041e-05 8.15e-07 1.39e-03 -11.0 1.12e-02    -  1.00e+00 1.25e-01h  4
2232  7.1840981e-05 8.15e-07 1.43e-03 -11.0 2.44e-02    -  1.00e+00 3.91e-03h  9
2233  7.1814957e-05 3.77e-07 1.24e-03 -11.0 7.73e-04    -  1.00e+00 1.00e+00h  1
2234  7.1806693e-05 3.92e-07 1.43e-03 -11.0 1.22e-02    -  1.00e+00 1.56e-02h  7
2235  7.1858899e-05 1.59e-10 9.39e-05 -11.0 1.56e-03    -  1.00e+00 1.00e+00H  1
2236  7.1846799e-05 1.17e-07 6.03e-04 -11.0 3.45e-02    -  1.00e+00 1.56e-02h  7
2237  7.1835115e-05 1.80e-07 7.08e-04 -11.0 4.63e-02    -  1.00e+00 7.81e-03h  8
2238  7.1805220e-05 1.50e-06 2.04e-03 -11.0 5.34e-02    -  1.00e+00 3.12e-02h  6
2239  7.1803333e-05 1.71e-06 2.58e-03 -11.0 1.91e-01    -  1.00e+00 3.91e-03h  9
iter    objective    inf_pr   inf_du lg(mu)  ||d||  lg(rg) alpha_du alpha_pr  ls
2240  7.1799523e-05 2.16e-06 2.84e-03 -11.0 2.77e-02    -  1.00e+00 3.12e-02h  6
2241  7.1720241e-05 7.22e-06 6.04e-03 -11.0 3.42e-02    -  1.00e+00 6.25e-02h  5
2242  7.1698402e-05 7.92e-06 5.88e-03 -11.0 3.39e-01    -  1.00e+00 3.91e-03h  9
2243  7.1698159e-05 8.15e-06 5.37e-03 -11.0 8.94e-02    -  1.00e+00 7.81e-03h  8
2244  7.1697530e-05 8.14e-06 5.20e-03 -11.0 4.99e-02    -  1.00e+00 3.91e-03h  9
2245  7.1706096e-05 7.32e-06 4.34e-03 -11.0 7.08e-03    -  1.00e+00 1.25e-01h  4
2246  1.8074575e-04 3.64e-04 1.92e-02 -11.0 1.84e-02    -  1.00e+00 1.00e+00w  1
2247  7.2963448e-05 2.85e-04 3.52e-03 -11.0 1.71e-02    -  1.00e+00 1.00e+00w  1
2248  3.1198601e-04 9.81e-05 1.15e-02 -11.0 7.98e-03    -  1.00e+00 1.00e+00w  1
2249  7.1715006e-05 7.29e-06 3.97e-03 -11.0 1.04e-02    -  1.00e+00 1.56e-02h  6
iter    objective    inf_pr   inf_du lg(mu)  ||d||  lg(rg) alpha_du alpha_pr  ls
2250  7.1707576e-05 3.73e-06 1.90e-03 -11.0 1.52e-03    -  1.00e+00 5.00e-01h  2
2251  7.1718382e-05 3.53e-06 1.73e-03 -11.0 6.81e-03    -  1.00e+00 6.25e-02h  5
2252  7.1770788e-05 3.33e-06 1.46e-03 -11.0 4.90e-03    -  1.00e+00 1.25e-01h  4
2253  7.1749704e-05 2.53e-06 1.39e-03 -11.0 1.07e-03    -  1.00e+00 2.50e-01h  3
2254  7.1782247e-05 4.87e-06 1.85e-03 -11.0 2.14e-03    -  1.00e+00 1.00e+00h  1
2255  7.1788246e-05 4.73e-06 2.03e-03 -11.0 3.64e-03    -  1.00e+00 3.12e-02h  6
2256  7.1677093e-05 1.50e-06 4.77e-05 -11.0 1.19e-03    -  1.00e+00 1.00e+00h  1
2257  7.1783109e-05 1.13e-06 2.53e-04 -11.0 3.21e-04    -  1.00e+00 2.50e-01h  3
2258  7.1676530e-05 2.17e-08 1.25e-05 -11.0 7.61e-05    -  1.00e+00 1.00e+00h  1
2259  7.1676183e-05 3.54e-10 4.08e-06 -11.0 1.83e-05    -  1.00e+00 1.00e+00h  1
iter    objective    inf_pr   inf_du lg(mu)  ||d||  lg(rg) alpha_du alpha_pr  ls
2260  7.1671050e-05 3.06e-07 4.37e-04 -11.0 1.76e-02    -  1.00e+00 3.12e-02h  6
2261  7.1669643e-05 3.36e-07 4.45e-04 -11.0 1.33e-02    -  1.00e+00 1.56e-02h  7
2262  7.1816055e-05 9.69e-11 1.36e-04 -11.0 1.18e-03    -  1.00e+00 1.00e+00H  1
2263  7.1814637e-05 1.21e-10 1.35e-04 -11.0 1.38e-03    -  1.00e+00 3.91e-03h  9
2264  7.1812114e-05 1.24e-10 1.34e-04 -11.0 1.16e-03    -  1.00e+00 1.95e-03h 10
2265  7.1655014e-05 2.04e-07 1.56e-03 -11.0 4.50e-04    -  1.00e+00 1.00e+00h  1
2266  7.1660079e-05 2.76e-08 2.75e-04 -11.0 1.16e-04    -  1.00e+00 1.00e+00h  1
2267  7.1652450e-05 1.45e-08 3.30e-04 -11.0 5.12e-05    -  1.00e+00 1.00e+00h  1
2268  7.1649357e-05 3.39e-08 2.21e-04 -11.0 1.75e-04    -  1.00e+00 1.00e+00h  1
2269  7.1648809e-05 6.48e-08 5.62e-04 -11.0 1.38e-03    -  1.00e+00 1.25e-01h  4
iter    objective    inf_pr   inf_du lg(mu)  ||d||  lg(rg) alpha_du alpha_pr  ls
2270  7.1687370e-05 1.52e-11 6.30e-05 -11.0 2.54e-04    -  1.00e+00 1.00e+00H  1
2271  7.1663347e-05 9.34e-09 6.67e-05 -11.0 8.00e-05    -  1.00e+00 1.00e+00h  1
2272  7.1643250e-05 5.03e-08 4.82e-04 -11.0 2.10e-04    -  1.00e+00 1.00e+00h  1
2273  7.1744161e-05 5.46e-12 1.16e-04 -11.0 5.59e-04    -  1.00e+00 1.00e+00H  1
2274  7.1666030e-05 1.44e-09 5.31e-05 -11.0 2.60e-04    -  1.00e+00 1.00e+00H  1
2275  7.1788186e-05 1.80e-13 1.47e-04 -11.0 5.92e-04    -  1.00e+00 1.00e+00H  1
2276  7.1700407e-05 1.60e-11 8.72e-05 -11.0 3.20e-04    -  1.00e+00 1.00e+00H  1
2277  7.1729167e-05 8.58e-13 1.06e-04 -11.0 4.43e-04    -  1.00e+00 1.00e+00H  1
2278  7.1682659e-05 1.64e-11 6.18e-05 -11.0 7.40e-05    -  1.00e+00 1.00e+00H  1
2279  7.1635240e-05 4.80e-08 2.20e-04 -11.0 1.77e-04    -  1.00e+00 1.00e+00h  1
iter    objective    inf_pr   inf_du lg(mu)  ||d||  lg(rg) alpha_du alpha_pr  ls
2280  7.1646930e-05 1.82e-08 5.37e-05 -11.0 1.14e-04    -  1.00e+00 1.00e+00h  1
2281  7.1633916e-05 5.85e-09 5.47e-06 -11.0 6.16e-05    -  1.00e+00 1.00e+00h  1
2282  7.1634018e-05 3.30e-10 8.70e-06 -11.0 1.86e-05    -  1.00e+00 1.00e+00h  1
2283  7.1633454e-05 4.01e-11 2.76e-06 -11.0 4.17e-06    -  1.00e+00 1.00e+00h  1
2284  7.1633215e-05 4.76e-11 2.39e-06 -11.0 4.29e-06    -  1.00e+00 1.00e+00h  1
2285  7.1632384e-05 8.60e-10 6.92e-06 -11.0 3.05e-05    -  1.00e+00 1.00e+00h  1
2286  7.2004655e-05 1.07e-13 2.18e-04 -11.0 1.69e-03    -  1.00e+00 1.00e+00H  1
2287  7.2004551e-05 1.50e-13 2.18e-04 -11.0 1.94e-03    -  1.00e+00 1.22e-04h 14
2288  7.2004301e-05 2.47e-13 2.18e-04 -11.0 3.26e-03    -  1.00e+00 1.22e-04h 14
2289  7.2004201e-05 2.63e-13 2.18e-04 -11.0 8.28e-03    -  1.00e+00 1.53e-05h 17
iter    objective    inf_pr   inf_du lg(mu)  ||d||  lg(rg) alpha_du alpha_pr  ls
2290  7.2004089e-05 2.98e-13 2.18e-04 -11.0 1.81e-03    -  1.00e+00 1.22e-04h 14
2291  7.1831228e-05 1.09e-06 1.96e-03 -11.0 1.69e-02    -  1.00e+00 6.25e-02h  5
2292  7.1779369e-05 8.74e-07 3.22e-03 -11.0 1.00e-03    -  1.00e+00 5.00e-01h  2
2293  7.1760277e-05 1.12e-06 5.05e-03 -11.0 1.87e-03    -  1.00e+00 2.50e-01h  3
2294  7.1561928e-05 1.48e-06 3.88e-03 -11.0 7.29e-04    -  1.00e+00 1.00e+00h  1
2295  7.1631395e-05 1.30e-06 4.21e-03 -11.0 6.90e-04    -  1.00e+00 1.25e-01h  4
2296  7.1546426e-05 1.10e-07 3.56e-04 -11.0 1.97e-04    -  1.00e+00 1.00e+00h  1
2297  7.1547698e-05 5.14e-11 3.35e-05 -11.0 2.89e-04    -  1.00e+00 1.00e+00H  1
2298  7.1545774e-05 2.16e-08 3.22e-04 -11.0 4.30e-03    -  1.00e+00 3.12e-02h  6
2299  7.1544448e-05 2.21e-07 8.34e-04 -11.0 7.11e-03    -  1.00e+00 6.25e-02h  5
iter    objective    inf_pr   inf_du lg(mu)  ||d||  lg(rg) alpha_du alpha_pr  ls
2300  7.1537633e-05 4.65e-07 1.72e-03 -11.0 3.23e-02    -  1.00e+00 1.56e-02h  7
2301  7.1530599e-05 1.33e-06 3.31e-03 -11.0 3.07e-02    -  1.00e+00 3.12e-02h  6
2302  7.1525492e-05 1.51e-06 3.62e-03 -11.0 5.24e-02    -  1.00e+00 7.81e-03h  8
2303  7.1520632e-05 1.62e-06 3.96e-03 -11.0 4.15e-02    -  1.00e+00 7.81e-03h  8
2304  7.1518968e-05 1.61e-06 3.75e-03 -11.0 7.28e-03    -  1.00e+00 7.81e-03h  8
2305  7.1515989e-05 4.01e-07 1.13e-04 -11.0 6.61e-04    -  1.00e+00 1.00e+00h  1
2306  7.1515038e-05 5.65e-07 5.74e-04 -11.0 5.19e-02    -  1.00e+00 7.81e-03h  8
2307  7.1513914e-05 6.71e-07 1.05e-03 -11.0 2.10e-02    -  1.00e+00 1.56e-02h  7
2308  7.1510680e-05 6.66e-07 1.38e-03 -11.0 4.17e-03    -  1.00e+00 3.12e-02h  6
2309  7.1510093e-05 2.63e-06 2.45e-03 -11.0 1.05e-02    -  1.00e+00 1.25e-01h  4
iter    objective    inf_pr   inf_du lg(mu)  ||d||  lg(rg) alpha_du alpha_pr  ls
2310  7.1509129e-05 7.33e-06 5.29e-03 -11.0 2.42e-01    -  1.00e+00 7.81e-03h  8
2311  7.1484131e-05 1.51e-05 9.11e-03 -11.0 6.19e-01    -  1.00e+00 3.91e-03h  9
2312  7.1477529e-05 1.70e-05 1.11e-02 -11.0 6.32e-01    -  1.00e+00 1.95e-03h 10
2313  7.1471919e-05 1.75e-05 1.20e-02 -11.0 1.71e-01    -  1.00e+00 3.91e-03h  9
2314  7.1467458e-05 1.74e-05 1.18e-02 -11.0 2.46e-02    -  1.00e+00 7.81e-03h  8
2315  7.1457036e-05 1.72e-05 1.16e-02 -11.0 1.30e-02    -  1.00e+00 6.25e-02h  5
2316  5.7518721e-04 4.26e-03 1.75e-01 -11.0 5.48e-02    -  1.00e+00 1.00e+00w  1
2317  2.7521339e-04 5.14e-04 1.26e-01 -11.0 1.74e-02    -  1.00e+00 1.00e+00w  1
2318  7.0919202e-03 3.98e-03 1.12e+01 -11.0 3.36e-02    -  1.00e+00 1.00e+00w  1
2319  7.1450803e-05 1.72e-05 1.09e-02 -11.0 2.86e-02    -  1.00e+00 3.91e-03h  8
iter    objective    inf_pr   inf_du lg(mu)  ||d||  lg(rg) alpha_du alpha_pr  ls
2320  7.1443059e-05 7.08e-07 1.97e-03 -11.0 7.01e-04    -  1.00e+00 1.00e+00h  1
2321  7.1430631e-05 9.88e-07 3.64e-03 -11.0 1.86e-02    -  1.00e+00 1.56e-02h  7
2322  7.1431685e-05 9.48e-07 4.03e-03 -11.0 2.22e-03    -  1.00e+00 6.25e-02h  5
2323  7.1462035e-05 2.92e-07 8.51e-04 -11.0 4.52e-04    -  1.00e+00 1.00e+00h  1
2324  7.1499389e-05 2.15e-07 2.64e-03 -11.0 1.19e-03    -  1.00e+00 2.50e-01h  3
2325  7.1477346e-05 6.66e-08 1.86e-03 -11.0 8.06e-04    -  1.00e+00 1.00e+00H  1
2326  7.1458644e-05 8.58e-08 2.24e-03 -11.0 3.41e-03    -  1.00e+00 3.12e-02h  6
2327  7.1634425e-05 9.89e-12 2.01e-04 -11.0 1.11e-03    -  1.00e+00 1.00e+00H  1
2328  7.1633975e-05 2.27e-11 2.01e-04 -11.0 7.93e-03    -  1.00e+00 2.44e-04h 13
2329  7.1630912e-05 5.62e-11 2.01e-04 -11.0 2.85e-03    -  1.00e+00 1.95e-03h 10
iter    objective    inf_pr   inf_du lg(mu)  ||d||  lg(rg) alpha_du alpha_pr  ls
2330  7.1629302e-05 5.54e-11 2.01e-04 -11.0 1.59e-03    -  1.00e+00 1.95e-03h 10
2331  7.1626990e-05 6.31e-11 1.99e-04 -11.0 6.97e-03    -  1.00e+00 4.88e-04h 12
2332  7.1545088e-05 3.97e-07 1.71e-03 -11.0 4.20e-03    -  1.00e+00 1.25e-01h  4
2333  7.3469416e-05 4.38e-12 4.83e-04 -11.0 1.28e-03    -  1.00e+00 1.00e+00H  1
2334  7.3459626e-05 2.23e-11 4.82e-04 -11.0 1.60e-03    -  1.00e+00 1.95e-03h 10
2335  7.3454014e-05 2.84e-11 4.81e-04 -11.0 2.48e-03    -  1.00e+00 9.77e-04h 11
2336  7.3443219e-05 3.23e-11 4.81e-04 -11.0 3.81e-03    -  1.00e+00 9.77e-04h 11
2337  7.3435792e-05 3.85e-11 4.79e-04 -11.0 2.76e-03    -  1.00e+00 9.77e-04h 11
2338  7.1903576e-05 5.37e-06 3.60e-03 -11.0 2.73e-03    -  1.00e+00 5.00e-01h  2
2339  7.2392227e-05 4.01e-06 3.21e-03 -11.0 2.10e-03    -  1.00e+00 2.50e-01h  3
iter    objective    inf_pr   inf_du lg(mu)  ||d||  lg(rg) alpha_du alpha_pr  ls
2340  7.1353934e-05 2.00e-06 5.70e-04 -11.0 8.10e-04    -  1.00e+00 1.00e+00h  1
2341  7.2450010e-05 9.45e-07 7.52e-04 -11.0 5.67e-04    -  1.00e+00 5.00e-01h  2
2342  7.1316698e-05 9.31e-08 1.29e-04 -11.0 2.69e-04    -  1.00e+00 1.00e+00h  1
2343  7.1315187e-05 3.73e-10 1.07e-05 -11.0 1.49e-05    -  1.00e+00 1.00e+00h  1
2344  7.1410452e-05 7.16e-11 1.12e-04 -11.0 6.72e-04    -  1.00e+00 1.00e+00H  1
2345  7.3261912e-05 5.45e-11 3.29e-04 -11.0 1.99e-03    -  1.00e+00 1.00e+00H  1
2346  7.3257634e-05 5.85e-11 3.29e-04 -11.0 2.64e-03    -  1.00e+00 9.77e-04h 11
2347  7.3256866e-05 5.86e-11 3.29e-04 -11.0 6.73e-03    -  1.00e+00 1.22e-04h 14
2348  7.3255060e-05 5.88e-11 3.29e-04 -11.0 4.47e-03    -  1.00e+00 2.44e-04h 13
2349  7.3254459e-05 5.88e-11 3.29e-04 -11.0 3.22e-03    -  1.00e+00 6.10e-05h 15
iter    objective    inf_pr   inf_du lg(mu)  ||d||  lg(rg) alpha_du alpha_pr  ls
2350  7.3254299e-05 5.88e-11 3.29e-04 -11.0 1.90e-03    -  1.00e+00 3.05e-05h 16
2351  7.2811057e-05 2.23e-06 1.02e-02 -11.0 6.30e-03    -  1.00e+00 2.50e-01h  3
2352  7.2518841e-05 2.37e-06 1.25e-02 -11.0 5.20e-03    -  1.00e+00 1.25e-01h  4
2353  7.2165479e-05 4.58e-06 8.72e-03 -11.0 1.55e-03    -  1.00e+00 1.00e+00h  1
2354  7.2374163e-05 3.02e-06 4.22e-03 -11.0 1.86e-03    -  1.00e+00 5.00e-01h  2
2355  7.2089876e-05 2.19e-06 8.65e-03 -11.0 1.20e-03    -  1.00e+00 5.00e-01h  2
2356  7.2497118e-05 6.60e-07 1.25e-02 -11.0 1.73e-03    -  1.00e+00 1.00e+00H  1
2357  7.3248473e-05 8.70e-09 5.57e-04 -11.0 1.06e-03    -  1.00e+00 1.00e+00H  1
2358  7.1588093e-05 1.67e-06 5.43e-03 -11.0 1.21e-03    -  1.00e+00 1.00e+00h  1
2359  7.1423682e-05 1.51e-06 6.83e-03 -11.0 1.84e-03    -  1.00e+00 1.25e-01h  4
iter    objective    inf_pr   inf_du lg(mu)  ||d||  lg(rg) alpha_du alpha_pr  ls
2360  7.1574518e-05 1.97e-07 1.88e-03 -11.0 2.14e-04    -  1.00e+00 1.00e+00h  1
2361  7.1243232e-05 2.14e-07 1.39e-03 -11.0 3.45e-04    -  1.00e+00 1.00e+00h  1
2362  7.1265510e-05 4.04e-08 7.26e-04 -11.0 8.80e-05    -  1.00e+00 1.00e+00h  1
2363  7.1237355e-05 1.15e-08 5.72e-06 -11.0 4.65e-05    -  1.00e+00 1.00e+00h  1
2364  7.1236602e-05 1.91e-10 5.48e-06 -11.0 9.39e-06    -  1.00e+00 1.00e+00h  1
2365  7.1232198e-05 4.72e-08 1.47e-04 -11.0 1.91e-04    -  1.00e+00 1.00e+00h  1
2366  7.6506489e-05 1.85e-11 1.50e-03 -11.0 6.22e-03    -  1.00e+00 1.00e+00H  1
2367  7.6495712e-05 1.72e-11 1.50e-03 -11.0 2.29e-03    -  1.00e+00 9.77e-04h 11
2368  7.6485787e-05 4.51e-11 1.50e-03 -11.0 1.19e-02    -  1.00e+00 4.88e-04h 12
2369  7.6480760e-05 5.06e-11 1.50e-03 -11.0 3.52e-02    -  1.00e+00 6.10e-05h 15
iter    objective    inf_pr   inf_du lg(mu)  ||d||  lg(rg) alpha_du alpha_pr  ls
2370  7.5086858e-05 1.25e-11 6.75e-04 -11.0 2.79e-03    -  1.00e+00 1.00e+00H  1
2371  7.5022581e-05 1.05e-05 1.29e-03 -11.0 1.14e-02    -  1.00e+00 2.50e-01h  3
2372  7.3339103e-05 1.69e-05 4.43e-03 -11.0 1.27e-02    -  1.00e+00 2.50e-01h  3
2373  7.2573763e-05 1.75e-05 4.82e-03 -11.0 4.93e-02    -  1.00e+00 3.12e-02h  6
2374  7.1840846e-05 2.76e-05 2.09e-03 -11.0 8.20e-03    -  1.00e+00 5.00e-01h  2
2375  7.1774802e-05 2.79e-05 2.59e-03 -11.0 5.00e-02    -  1.00e+00 1.56e-02h  7
2376  7.2517941e-05 1.99e-05 1.99e-03 -11.0 3.90e-03    -  1.00e+00 5.00e-01h  2
2377  7.4716766e-05 1.20e-05 8.93e-04 -11.0 2.39e-03    -  1.00e+00 5.00e-01h  2
2378  7.2326389e-05 7.40e-07 8.27e-04 -11.0 5.75e-04    -  1.00e+00 1.00e+00h  1
2379  7.1262483e-05 6.30e-07 7.16e-04 -11.0 5.11e-04    -  1.00e+00 1.00e+00h  1
iter    objective    inf_pr   inf_du lg(mu)  ||d||  lg(rg) alpha_du alpha_pr  ls
2380  7.1206609e-05 1.18e-06 5.45e-04 -11.0 9.41e-04    -  1.00e+00 1.00e+00h  1
2381  7.1173928e-05 1.24e-06 4.14e-04 -11.0 4.75e-03    -  1.00e+00 6.25e-02h  5
2382  7.2606166e-05 2.92e-08 3.04e-04 -11.0 2.44e-03    -  1.00e+00 1.00e+00H  1
2383  7.2442166e-05 1.86e-07 1.29e-03 -11.0 3.55e-03    -  1.00e+00 6.25e-02h  5
2384  7.1116212e-05 1.32e-05 9.64e-04 -11.0 2.67e-03    -  1.00e+00 1.00e+00h  1
2385  7.1103005e-05 1.28e-05 8.78e-04 -11.0 3.35e-03    -  1.00e+00 3.12e-02h  6
2386  7.0979268e-05 2.16e-06 8.59e-04 -11.0 1.17e-03    -  1.00e+00 1.00e+00h  1
2387  7.0975434e-05 2.17e-06 7.35e-04 -11.0 1.55e-02    -  1.00e+00 7.81e-03h  8
2388  7.1300314e-05 1.16e-07 1.88e-03 -11.0 2.74e-03    -  1.00e+00 1.00e+00H  1
2389  7.1275666e-05 2.28e-07 2.11e-03 -11.0 6.80e-02    -  1.00e+00 7.81e-03h  8
iter    objective    inf_pr   inf_du lg(mu)  ||d||  lg(rg) alpha_du alpha_pr  ls
2390  7.1248570e-05 3.81e-07 2.32e-03 -11.0 1.19e-01    -  1.00e+00 3.91e-03h  9
2391  7.1224235e-05 5.96e-07 2.53e-03 -11.0 1.92e+00    -  1.00e+00 2.44e-04h 13
2392  7.1196227e-05 7.71e-07 2.79e-03 -11.0 1.05e-01    -  1.00e+00 3.91e-03h  9
2393  7.0947533e-05 1.81e-05 6.39e-03 -11.0 1.40e-01  -4.6 1.00e+00 3.12e-02h  6
2394  7.0878463e-05 4.49e-05 1.03e-02 -11.0 2.73e+00    -  1.00e+00 1.95e-03h 10
2395  7.0820206e-05 4.92e-05 9.12e-03 -11.0 1.18e+00    -  1.00e+00 1.95e-03h 10
2396  7.0834518e-05 4.90e-05 9.54e-03 -11.0 1.42e-02  -5.1 1.00e+00 3.91e-03h  9
2397  7.0617705e-05 3.68e-06 1.11e-03 -11.0 1.72e-03    -  1.00e+00 1.00e+00h  1
2398  7.0620316e-05 3.65e-06 1.50e-03 -11.0 6.18e-03    -  1.00e+00 1.56e-02h  7
2399  7.0615099e-05 4.65e-08 1.21e-03 -11.0 1.89e-04    -  1.00e+00 1.00e+00h  1
iter    objective    inf_pr   inf_du lg(mu)  ||d||  lg(rg) alpha_du alpha_pr  ls
2400  7.1418024e-05 4.31e-09 3.95e-04 -11.0 2.53e-03    -  1.00e+00 1.00e+00H  1
2401  7.1369598e-05 6.28e-08 5.52e-04 -11.0 7.49e-03    -  1.00e+00 3.12e-02h  6
2402  7.1359188e-05 6.45e-08 6.02e-04 -11.0 4.91e-02    -  1.00e+00 9.77e-04h 11
2403  7.1351498e-05 6.57e-08 6.34e-04 -11.0 8.37e-01    -  1.00e+00 6.10e-05h 15
2404  7.1348901e-05 6.57e-08 6.43e-04 -11.0 1.53e-01    -  1.00e+00 1.22e-04h 14
2405  7.1345417e-05 6.56e-08 6.26e-04 -11.0 2.36e-02    -  1.00e+00 9.77e-04h 11
2406  7.9218912e-05 3.86e-08 1.28e-02 -11.0 8.84e-03    -  1.00e+00 1.00e+00H  1
2407  7.9175643e-05 4.20e-08 1.29e-02 -11.0 6.09e-02    -  1.00e+00 9.77e-04h 11
2408  7.9146916e-05 4.43e-08 1.29e-02 -11.0 1.26e-01    -  1.00e+00 4.88e-04h 12
2409  7.9122806e-05 4.77e-08 1.30e-02 -11.0 1.06e+00    -  1.00e+00 6.10e-05h 15
iter    objective    inf_pr   inf_du lg(mu)  ||d||  lg(rg) alpha_du alpha_pr  ls
2410  7.9115368e-05 4.84e-08 1.30e-02 -11.0 8.95e-01    -  1.00e+00 3.05e-05h 16
2411  7.9109194e-05 4.89e-08 1.30e-02 -11.0 6.44e+00    -  1.00e+00 3.81e-06h 19
2412  7.8883744e-05 1.06e-05 1.56e-02 -11.0 3.35e+00    -  1.00e+00 9.77e-04h 11
2413  7.6454839e-05 5.78e-04 1.75e-02 -11.0 3.14e+00    -  1.00e+00 7.81e-03h  8
2414  7.6160677e-05 5.96e-04 2.18e-02 -11.0 9.92e+00    -  1.00e+00 4.88e-04h 12
2415  7.5416803e-05 6.98e-04 1.42e-02 -11.0 3.72e-01    -  1.00e+00 3.12e-02h  6
2416  7.4881649e-05 7.12e-04 1.23e-02 -11.0 2.17e+00    -  1.00e+00 1.95e-03h 10
2417  5.0434687e-02 1.74e+00 4.69e+00 -11.0 1.49e+00    -  1.00e+00 1.00e+00w  1
2418  4.1692416e-01 2.69e-01 1.34e+00 -11.0 8.33e-01    -  1.00e+00 1.00e+00w  1
2419  1.3822010e+00 6.29e-01 9.16e+00 -11.0 6.68e-01    -  1.00e+00 1.00e+00w  1
iter    objective    inf_pr   inf_du lg(mu)  ||d||  lg(rg) alpha_du alpha_pr  ls
2420  7.4287667e-05 8.16e-04 3.83e-03 -11.0 6.94e-01    -  1.00e+00 7.81e-03h  7
2421  7.1432165e-05 6.82e-06 1.29e-02 -11.0 2.02e-03    -  1.00e+00 1.00e+00h  1
2422  7.1045323e-05 1.14e-05 1.30e-02 -11.0 1.95e-02    -  1.00e+00 1.25e-01h  4
2423  7.0844492e-05 1.81e-05 1.50e-02 -11.0 3.53e-01    -  1.00e+00 7.81e-03h  8
2424  7.0778961e-05 2.15e-05 1.67e-02 -11.0 5.12e-01    -  1.00e+00 3.91e-03h  9
2425  7.0733622e-05 2.31e-05 1.81e-02 -11.0 3.68e-01    -  1.00e+00 3.91e-03h  9
2426  7.0685740e-05 2.47e-05 1.97e-02 -11.0 2.10e-01    -  1.00e+00 7.81e-03h  8
2427  7.0656690e-05 2.53e-05 2.08e-02 -11.0 5.37e-01    -  1.00e+00 1.95e-03h 10
2428  7.0542917e-05 2.86e-05 1.84e-02 -11.0 5.34e-01    -  1.00e+00 3.91e-03h  9
2429  7.0582159e-05 2.88e-05 1.75e-02 -11.0 4.57e-02    -  1.00e+00 1.56e-02h  7
iter    objective    inf_pr   inf_du lg(mu)  ||d||  lg(rg) alpha_du alpha_pr  ls
2430  7.0583499e-05 2.83e-05 1.64e-02 -11.0 1.80e-02    -  1.00e+00 3.12e-02h  6
2431  7.0656157e-05 2.86e-05 1.48e-02 -11.0 3.42e-02    -  1.00e+00 3.12e-02h  6
2432  7.7760103e-05 1.36e-04 8.72e-03 -11.0 1.30e-02    -  1.00e+00 1.00e+00w  1
2433  3.5597750e-04 7.95e-03 4.20e-02 -11.0 9.93e-02    -  1.00e+00 1.00e+00w  1
2434  2.2002400e-02 1.47e-02 1.56e-01 -11.0 1.19e-01    -  1.00e+00 1.00e+00w  1
2435  7.0653481e-05 2.74e-05 1.33e-02 -11.0 1.56e-01    -  1.00e+00 6.25e-02h  4
2436  1.0302502e-04 7.33e-08 1.39e-02 -11.0 2.08e-02    -  1.00e+00 1.00e+00H  1
2437  1.0295822e-04 7.59e-08 1.40e-02 -11.0 5.60e-02    -  1.00e+00 9.77e-04h 11
2438  1.0271195e-04 7.80e-08 1.40e-02 -11.0 2.71e-01    -  1.00e+00 2.44e-04h 13
2439  1.0248652e-04 8.31e-08 1.39e-02 -11.0 1.26e-01    -  1.00e+00 4.88e-04h 12
iter    objective    inf_pr   inf_du lg(mu)  ||d||  lg(rg) alpha_du alpha_pr  ls
2440  9.5402165e-05 1.43e-04 7.92e-03 -11.0 3.60e-01    -  1.00e+00 3.12e-02h  6
2441  9.4619643e-05 7.07e-04 1.68e-02 -11.0 4.75e-01    -  1.00e+00 6.25e-02h  5
2442  9.4257333e-05 7.09e-04 1.61e-02 -11.0 7.08e-01    -  1.00e+00 3.91e-03h  9
2443  8.9624748e-05 6.98e-04 2.87e-02 -11.0 7.81e-02    -  1.00e+00 1.25e-01h  4
2444  8.6410907e-05 7.13e-04 3.09e-02 -11.0 3.39e-01    -  1.00e+00 1.56e-02h  7
2445  8.2386483e-05 7.29e-04 2.80e-02 -11.0 7.11e-01    -  1.00e+00 7.81e-03h  8
2446  8.1593928e-05 7.16e-04 1.75e-02 -11.0 2.30e-01    -  1.00e+00 1.56e-02h  7
2447  1.4602829e-04 3.66e-04 9.31e-03 -11.0 2.30e-02    -  1.00e+00 1.00e+00w  1
2448  7.6244323e-03 1.42e-01 4.66e-01 -11.0 4.49e-01    -  1.00e+00 1.00e+00w  1
2449  1.1086761e-01 6.29e-02 1.69e+00 -11.0 2.53e-01    -  1.00e+00 1.00e+00w  1
iter    objective    inf_pr   inf_du lg(mu)  ||d||  lg(rg) alpha_du alpha_pr  ls
2450  8.8752415e-05 4.50e-04 7.86e-03 -11.0 7.96e-02    -  1.00e+00 5.00e-01h  1
2451  8.1983857e-05 4.65e-04 1.18e-02 -11.0 8.42e-02    -  1.00e+00 1.25e-01h  4
2452  7.7772963e-05 4.96e-04 2.35e-02 -11.0 8.22e-01    -  1.00e+00 7.81e-03h  8
2453  7.5703990e-05 5.06e-04 2.75e-02 -11.0 3.26e-01    -  1.00e+00 1.56e-02h  7
2454  7.3057186e-05 5.52e-04 1.90e-02 -11.0 1.03e+00    -  1.00e+00 7.81e-03h  8
2455  7.1990200e-05 6.13e-04 5.14e-03 -11.0 5.76e-01    -  1.00e+00 1.56e-02h  7
2456  7.2604662e-05 6.13e-04 1.14e-02 -11.0 1.89e-01    -  1.00e+00 7.81e-03h  8
2457  7.3506933e-05 5.40e-04 1.18e-02 -11.0 1.92e-02    -  1.00e+00 1.25e-01h  4
2458  9.2778062e-05 9.09e-05 2.64e-02 -11.0 7.11e-03    -  1.00e+00 1.00e+00h  1
2459  8.6031208e-05 1.40e-04 1.40e-02 -11.0 3.74e-02    -  1.00e+00 2.50e-01h  3
iter    objective    inf_pr   inf_du lg(mu)  ||d||  lg(rg) alpha_du alpha_pr  ls
2460  8.1547661e-05 1.47e-04 1.38e-02 -11.0 1.94e-01    -  1.00e+00 1.56e-02h  7
2461  7.9349160e-05 1.28e-04 1.07e-02 -11.0 6.91e-03    -  1.00e+00 1.25e-01h  4
2462  7.2061003e-05 1.68e-05 1.80e-02 -11.0 2.26e-03    -  1.00e+00 1.00e+00h  1
2463  9.7096975e-05 4.57e-06 6.63e-02 -11.0 5.78e-03    -  1.00e+00 1.00e+00H  1
2464  8.0471216e-05 1.24e-05 2.10e-01 -11.0 1.09e-02    -  1.00e+00 1.00e+00H  1
2465  7.7683051e-05 1.39e-05 1.84e-01 -11.0 1.65e-02    -  1.00e+00 6.25e-02h  5
2466  7.3480378e-05 3.30e-06 2.59e-02 -11.0 6.71e-03    -  1.00e+00 1.00e+00H  1
2467  7.2447751e-05 3.40e-06 3.61e-02 -11.0 5.93e-02    -  1.00e+00 3.12e-02h  6
2468  7.1917085e-05 5.43e-06 3.82e-02 -11.0 9.45e-03    -  1.00e+00 1.25e-01h  4
2469  7.3446372e-05 3.04e-06 2.18e-02 -11.0 1.57e-03    -  1.00e+00 5.00e-01h  2
iter    objective    inf_pr   inf_du lg(mu)  ||d||  lg(rg) alpha_du alpha_pr  ls
2470  7.0624400e-05 6.62e-06 5.64e-03 -11.0 2.16e-03    -  1.00e+00 1.00e+00h  1
2471  7.6715254e-05 6.54e-07 1.49e-02 -11.0 2.49e-03    -  1.00e+00 1.00e+00H  1
2472  7.1225747e-05 2.78e-07 2.11e-03 -11.0 1.77e-03    -  1.00e+00 1.00e+00H  1
2473  1.1774405e-04 1.82e-08 2.14e-03 -11.0 2.03e-03    -  1.00e+00 1.00e+00H  1
2474  7.0499606e-05 2.40e-05 1.25e-02 -11.0 1.82e-03    -  1.00e+00 1.00e+00h  1
2475  7.0474765e-05 4.38e-08 2.47e-04 -11.0 1.12e-04    -  1.00e+00 1.00e+00h  1
2476  7.0439534e-05 1.62e-08 7.93e-04 -11.0 1.03e-04    -  1.00e+00 1.00e+00h  1
2477  7.0488276e-05 2.91e-08 8.12e-05 -11.0 8.39e-05    -  1.00e+00 1.00e+00h  1
2478  7.0431193e-05 6.57e-09 1.29e-05 -11.0 4.20e-05    -  1.00e+00 1.00e+00h  1
2479  7.0428224e-05 7.02e-10 1.12e-05 -11.0 2.63e-05    -  1.00e+00 1.00e+00h  1
iter    objective    inf_pr   inf_du lg(mu)  ||d||  lg(rg) alpha_du alpha_pr  ls
2480  7.3231326e-05 6.03e-10 1.24e-03 -11.0 2.43e-03    -  1.00e+00 1.00e+00H  1
2481  7.0555771e-05 2.17e-10 1.17e-04 -11.0 1.62e-03    -  1.00e+00 1.00e+00H  1
2482  7.0538720e-05 3.90e-10 1.09e-04 -11.0 2.98e-03    -  1.00e+00 3.91e-03h  9
2483  7.0400064e-05 1.47e-07 5.44e-04 -11.0 1.50e-04    -  1.00e+00 1.00e+00h  1
2484  7.0407295e-05 8.17e-09 5.98e-05 -11.0 4.99e-05    -  1.00e+00 1.00e+00h  1
2485  7.0394444e-05 1.33e-09 6.76e-06 -11.0 3.15e-05    -  1.00e+00 1.00e+00h  1
2486  7.0393850e-05 4.95e-10 5.66e-06 -11.0 1.11e-05    -  1.00e+00 1.00e+00h  1
2487  7.0417853e-05 1.74e-10 5.59e-05 -11.0 1.61e-04    -  1.00e+00 1.00e+00H  1
2488  7.0389964e-05 3.20e-09 1.15e-05 -11.0 3.17e-05    -  1.00e+00 1.00e+00h  1
2489  7.0388119e-05 1.87e-09 4.61e-06 -11.0 2.31e-05    -  1.00e+00 1.00e+00h  1
iter    objective    inf_pr   inf_du lg(mu)  ||d||  lg(rg) alpha_du alpha_pr  ls
2490  7.0388558e-05 1.66e-12 2.85e-05 -11.0 2.88e-05    -  1.00e+00 1.00e+00H  1
2491  7.0384704e-05 3.95e-09 7.97e-06 -11.0 5.08e-05    -  1.00e+00 1.00e+00h  1
2492  7.0414541e-05 1.25e-13 5.83e-05 -11.0 1.18e-04    -  1.00e+00 1.00e+00H  1
2493  7.0378674e-05 6.79e-09 2.09e-05 -11.0 7.44e-05    -  1.00e+00 1.00e+00h  1
2494  7.0376269e-05 2.09e-09 6.97e-06 -11.0 5.49e-05    -  1.00e+00 1.00e+00h  1
2495  7.0415428e-05 5.16e-14 1.11e-04 -11.0 6.52e-04    -  1.00e+00 1.00e+00H  1
2496  7.0415413e-05 3.99e-14 1.11e-04 -11.0 3.47e-03    -  1.00e+00 6.10e-05h 15
2497  7.0415398e-05 6.96e-14 1.11e-04 -11.0 1.05e-02    -  1.00e+00 1.53e-05h 17
2498  7.0415379e-05 1.15e-13 1.11e-04 -11.0 3.58e-02    -  1.00e+00 7.63e-06h 18
2499  7.0415373e-05 1.17e-13 1.11e-04 -11.0 9.50e-03    -  1.00e+00 3.81e-06h 19
iter    objective    inf_pr   inf_du lg(mu)  ||d||  lg(rg) alpha_du alpha_pr  ls
2500  7.0406449e-05 2.88e-06 5.18e-04 -11.0 1.64e-02    -  1.00e+00 1.25e-01h  4
2501  7.0402484e-05 2.92e-06 5.43e-04 -11.0 1.58e-02    -  1.00e+00 1.56e-02h  7
2502  7.0400496e-05 1.57e-05 1.40e-03 -11.0 7.73e-03    -  1.00e+00 5.00e-01h  2
2503  7.0358045e-05 1.69e-05 1.34e-03 -11.0 2.90e-01    -  1.00e+00 3.91e-03h  9
2504  7.0354927e-05 1.69e-05 1.37e-03 -11.0 3.09e-02    -  1.00e+00 1.56e-02h  7
2505  7.0370070e-05 1.54e-05 1.53e-03 -11.0 6.84e-03    -  1.00e+00 1.25e-01h  4
2506  8.7865624e-05 1.04e-04 2.27e-02 -11.0 1.05e-02    -  1.00e+00 1.00e+00w  1
2507  7.7213103e-05 1.10e-04 1.70e-02 -11.0 7.47e-03    -  1.00e+00 1.00e+00w  1
2508  1.7874627e-04 2.00e-03 4.41e-02 -11.0 5.09e-02    -  1.00e+00 1.00e+00w  1
2509  7.0348684e-05 1.48e-05 2.91e-03 -11.0 4.91e-02    -  1.00e+00 6.25e-02h  4
iter    objective    inf_pr   inf_du lg(mu)  ||d||  lg(rg) alpha_du alpha_pr  ls
2510  7.0322702e-05 1.53e-05 2.98e-03 -11.0 5.65e-02    -  1.00e+00 1.56e-02h  7
2511  7.0310427e-05 1.60e-05 2.75e-03 -11.0 3.44e-02    -  1.00e+00 3.12e-02h  6
2512  7.0291537e-05 1.60e-05 2.02e-03 -11.0 3.60e-02    -  1.00e+00 7.81e-03h  8
2513  7.0392266e-05 5.92e-07 9.37e-04 -11.0 8.89e-04    -  1.00e+00 1.00e+00h  1
2514  7.0366591e-05 6.34e-07 1.05e-03 -11.0 1.03e-02    -  1.00e+00 3.12e-02h  6
2515  7.0325643e-05 7.81e-07 1.31e-03 -11.0 1.18e-03    -  1.00e+00 5.00e-01h  2
2516  7.0301010e-05 7.81e-07 1.37e-03 -11.0 3.04e-03    -  1.00e+00 6.25e-02h  5
2517  7.0272716e-05 1.01e-07 2.78e-04 -11.0 5.68e-04    -  1.00e+00 1.00e+00h  1
2518  7.0282098e-05 1.19e-07 6.33e-04 -11.0 1.96e-03    -  1.00e+00 1.25e-01h  4
2519  7.0256888e-05 3.41e-07 2.83e-04 -11.0 6.76e-04    -  1.00e+00 1.00e+00h  1
iter    objective    inf_pr   inf_du lg(mu)  ||d||  lg(rg) alpha_du alpha_pr  ls
2520  7.0254987e-05 3.83e-07 2.17e-04 -11.0 8.80e-03    -  1.00e+00 3.12e-02h  6
2521  7.0262291e-05 2.18e-07 8.48e-04 -11.0 3.61e-04    -  1.00e+00 1.00e+00h  1
2522  7.0260031e-05 2.19e-07 1.05e-03 -11.0 1.56e-03    -  1.00e+00 6.25e-02h  5
2523  7.0252224e-05 5.20e-08 2.77e-04 -11.0 1.28e-04    -  1.00e+00 1.00e+00h  1
2524  7.0393923e-05 2.81e-10 1.08e-04 -11.0 1.72e-04    -  1.00e+00 1.00e+00H  1
2525  7.0238398e-05 7.10e-08 1.02e-04 -11.0 1.56e-04    -  1.00e+00 1.00e+00h  1
2526  7.0240602e-05 1.02e-09 1.86e-05 -11.0 1.90e-05    -  1.00e+00 1.00e+00h  1
2527  7.0237394e-05 2.65e-10 2.97e-06 -11.0 1.76e-05    -  1.00e+00 1.00e+00h  1
2528  7.0237119e-05 4.07e-11 2.84e-06 -11.0 5.99e-06    -  1.00e+00 1.00e+00h  1
2529  7.0236014e-05 3.20e-09 1.52e-05 -11.0 7.85e-04    -  1.00e+00 6.25e-02h  5
iter    objective    inf_pr   inf_du lg(mu)  ||d||  lg(rg) alpha_du alpha_pr  ls
2530  7.0239219e-05 2.55e-12 3.20e-05 -11.0 2.12e-04    -  1.00e+00 1.00e+00H  1
2531  7.0235040e-05 2.46e-08 4.09e-04 -11.0 1.67e-03    -  1.00e+00 6.25e-02h  5
2532  7.0233219e-05 5.66e-08 9.40e-04 -11.0 4.42e-03    -  1.00e+00 3.12e-02h  6
2533  7.0231819e-05 5.61e-08 1.07e-03 -11.0 7.34e-04    -  1.00e+00 6.25e-02h  5
2534  7.0230510e-05 1.91e-08 2.94e-05 -11.0 6.40e-05    -  1.00e+00 1.00e+00h  1
2535  7.0234851e-05 9.34e-11 4.51e-05 -11.0 1.01e-04    -  1.00e+00 1.00e+00H  1
2536  7.0233172e-05 3.20e-10 3.37e-05 -11.0 9.23e-05    -  1.00e+00 1.00e+00H  1
2537  7.0230720e-05 3.21e-10 3.50e-05 -11.0 1.36e-04    -  1.00e+00 1.00e+00H  1
2538  7.0298891e-05 5.89e-14 5.90e-05 -11.0 1.39e-04    -  1.00e+00 1.00e+00H  1
2539  7.0221599e-05 2.47e-07 2.53e-04 -11.0 2.08e-04    -  1.00e+00 1.00e+00h  1
iter    objective    inf_pr   inf_du lg(mu)  ||d||  lg(rg) alpha_du alpha_pr  ls
2540  7.0223496e-05 1.23e-07 1.34e-04 -11.0 4.06e-05    -  1.00e+00 5.00e-01h  2
2541  7.0219951e-05 1.17e-09 2.89e-06 -11.0 1.30e-05    -  1.00e+00 1.00e+00h  1
2542  7.0219709e-05 9.49e-11 3.76e-06 -11.0 5.62e-06    -  1.00e+00 1.00e+00h  1
2543  7.0218698e-05 5.58e-10 4.57e-06 -11.0 2.27e-05    -  1.00e+00 1.00e+00h  1
2544  7.0215342e-05 1.38e-07 1.16e-03 -11.0 2.19e-02    -  1.00e+00 1.56e-02h  7
2545  7.0213920e-05 1.57e-07 1.74e-03 -11.0 5.06e-03    -  1.00e+00 3.12e-02h  6
2546  7.0214521e-05 1.47e-07 1.74e-03 -11.0 9.92e-04    -  1.00e+00 1.25e-01h  4
2547  7.0232415e-05 4.08e-12 7.21e-05 -11.0 1.51e-03    -  1.00e+00 1.00e+00H  1
2548  7.0232034e-05 3.71e-11 7.15e-05 -11.0 2.63e-02    -  1.00e+00 2.44e-04h 13
2549  7.0231661e-05 5.79e-11 7.21e-05 -11.0 9.18e-03    -  1.00e+00 4.88e-04h 12
iter    objective    inf_pr   inf_du lg(mu)  ||d||  lg(rg) alpha_du alpha_pr  ls
2550  7.0231434e-05 6.30e-11 7.19e-05 -11.0 2.89e-03    -  1.00e+00 4.88e-04h 12
2551  7.0205829e-05 6.89e-07 1.66e-03 -11.0 1.50e-02    -  1.00e+00 6.25e-02h  5
2552  7.0188884e-05 1.02e-06 3.00e-03 -11.0 7.39e-02    -  1.00e+00 7.81e-03h  8
2553  7.0185925e-05 1.77e-06 4.98e-03 -11.0 6.47e-02    -  1.00e+00 1.56e-02h  7
2554  7.0174725e-05 1.77e-06 5.25e-03 -11.0 2.96e-02    -  1.00e+00 7.81e-03h  8
2555  7.0179445e-05 1.57e-06 5.66e-03 -11.0 1.77e-03    -  1.00e+00 1.25e-01h  4
2556  7.0157816e-05 1.28e-06 5.56e-03 -11.0 1.17e-03    -  1.00e+00 2.50e-01h  3
2557  7.0145021e-05 2.00e-06 7.06e-03 -11.0 1.56e-02    -  1.00e+00 6.25e-02h  5
2558  1.3165607e-04 3.11e-03 8.17e-02 -11.0 6.55e-02    -  1.00e+00 1.00e+00w  1
2559  4.4776957e-03 3.29e-01 3.11e-01 -11.0 6.26e-01    -  1.00e+00 1.00e+00w  1
iter    objective    inf_pr   inf_du lg(mu)  ||d||  lg(rg) alpha_du alpha_pr  ls
2560  1.0472567e-01 2.73e-01 1.51e+00 -11.0 4.96e-01    -  1.00e+00 1.00e+00w  1
2561  7.0129675e-05 4.92e-06 9.64e-03 -11.0 1.27e-01    -  1.00e+00 3.12e-02h  5
2562  7.0105621e-05 2.36e-05 1.64e-02 -11.0 7.97e-02    -  1.00e+00 6.25e-02h  5
2563  7.0065802e-05 3.08e-05 2.09e-02 -11.0 2.99e+00    -  1.00e+00 9.77e-04h 11
2564  7.0045956e-05 7.44e-05 3.31e-02 -11.0 1.76e+00    -  1.00e+00 3.91e-03h  9
2565  6.9971569e-05 9.98e-05 4.19e-02 -11.0 5.46e+00    -  1.00e+00 9.77e-04h 11
2566  6.9917978e-05 1.48e-04 5.21e-02 -11.0 1.54e+01    -  1.00e+00 4.88e-04h 12
2567  6.9845468e-05 1.96e-04 6.13e-02 -11.0 7.69e+00    -  1.00e+00 9.77e-04h 11
2568  6.9816765e-05 2.90e-04 7.48e-02 -11.0 4.22e+01    -  1.00e+00 2.44e-04h 13
2569  6.9778103e-05 2.92e-04 7.34e-02 -11.0 3.06e+00    -  1.00e+00 4.88e-04h 12
iter    objective    inf_pr   inf_du lg(mu)  ||d||  lg(rg) alpha_du alpha_pr  ls
2570  6.9710907e-05 3.10e-04 7.88e-02 -11.0 3.27e-01    -  1.00e+00 1.56e-02h  7
2571  2.9345565e-01 5.51e+00 1.08e+01 -11.0 5.43e+00    -  1.00e+00 1.00e+00w  1
2572  1.9370298e+00 1.84e+00 6.26e+00 -11.0 2.22e+00    -  1.00e+00 1.00e+00w  1
2573  1.8533441e+01 5.31e+00 7.94e+00 -11.0 2.17e+00    -  1.00e+00 1.00e+00w  1
2574  6.9523527e-05 3.34e-04 8.34e-02 -11.0 1.88e+00    -  1.00e+00 9.77e-04h 10
2575  6.9451129e-05 2.51e-04 6.35e-02 -11.0 1.02e-03    -  1.00e+00 2.50e-01h  3
2576  6.9479449e-05 2.93e-07 2.33e-03 -11.0 3.93e-04    -  1.00e+00 1.00e+00h  1
2577  6.9346709e-05 4.25e-07 1.92e-03 -11.0 5.74e-04    -  1.00e+00 1.00e+00h  1
2578  6.9407355e-05 3.71e-07 1.79e-03 -11.0 3.68e-04    -  1.00e+00 1.00e+00h  1
2579  6.9053263e-05 1.76e-08 7.78e-05 -11.0 2.23e-04    -  1.00e+00 1.00e+00h  1
iter    objective    inf_pr   inf_du lg(mu)  ||d||  lg(rg) alpha_du alpha_pr  ls
2580  6.8996911e-05 1.32e-08 2.05e-05 -11.0 9.64e-05    -  1.00e+00 1.00e+00h  1
2581  6.8967504e-05 6.36e-08 4.41e-04 -11.0 1.79e-04    -  1.00e+00 1.00e+00h  1
2582  6.8965112e-05 1.53e-06 3.25e-03 -11.0 5.91e-03    -  1.00e+00 1.25e-01h  4
2583  6.8960259e-05 1.47e-06 3.90e-03 -11.0 2.42e-03    -  1.00e+00 6.25e-02h  5
2584  6.8852103e-05 2.07e-07 3.17e-03 -11.0 2.03e-04    -  1.00e+00 1.00e+00h  1
2585  6.8859867e-05 1.36e-08 8.46e-05 -11.0 8.45e-05    -  1.00e+00 1.00e+00h  1
2586  6.8816426e-05 2.90e-08 2.24e-04 -11.0 9.31e-05    -  1.00e+00 1.00e+00h  1
2587  6.8806233e-05 6.12e-09 1.81e-05 -11.0 7.19e-05    -  1.00e+00 1.00e+00h  1
2588  6.8789873e-05 3.40e-07 1.09e-03 -11.0 4.43e-03    -  1.00e+00 1.25e-01h  4
2589  6.8769981e-05 7.06e-07 2.19e-03 -11.0 1.13e-02    -  1.00e+00 6.25e-02h  5
iter    objective    inf_pr   inf_du lg(mu)  ||d||  lg(rg) alpha_du alpha_pr  ls
2590  6.8766106e-05 7.27e-07 2.84e-03 -11.0 6.84e-03    -  1.00e+00 3.12e-02h  6
2591  6.9667873e-05 7.00e-10 4.29e-04 -11.0 1.52e-03    -  1.00e+00 1.00e+00H  1
2592  6.9797712e-05 9.16e-10 2.72e-04 -11.0 1.36e-03    -  1.00e+00 1.00e+00H  1
2593  7.0153531e-05 3.13e-10 4.55e-04 -11.0 1.43e-03    -  1.00e+00 1.00e+00H  1
2594  7.0112401e-05 7.23e-10 4.46e-04 -11.0 2.62e-03    -  1.00e+00 7.81e-03h  8
2595  7.0066090e-05 1.70e-09 4.42e-04 -11.0 3.70e-03    -  1.00e+00 7.81e-03h  8
2596  7.0057631e-05 1.72e-09 4.41e-04 -11.0 5.00e-03    -  1.00e+00 9.77e-04h 11
2597  6.9058532e-05 3.05e-09 3.24e-04 -11.0 1.43e-03    -  1.00e+00 1.00e+00H  1
2598  6.8766287e-05 9.96e-08 2.97e-04 -11.0 9.49e-04    -  1.00e+00 2.50e-01h  3
2599  6.8513790e-05 1.63e-07 5.33e-04 -11.0 3.96e-04    -  1.00e+00 1.00e+00h  1
iter    objective    inf_pr   inf_du lg(mu)  ||d||  lg(rg) alpha_du alpha_pr  ls
2600  6.8511294e-05 1.56e-08 3.51e-05 -11.0 1.17e-04    -  1.00e+00 1.00e+00h  1
2601  6.8552403e-05 1.76e-10 8.21e-05 -11.0 3.55e-04    -  1.00e+00 1.00e+00H  1
2602  6.8479512e-05 7.40e-08 4.65e-04 -11.0 2.39e-04    -  1.00e+00 1.00e+00h  1
2603  6.8502639e-05 3.15e-10 6.32e-05 -11.0 3.06e-04    -  1.00e+00 1.00e+00H  1
2604  6.8911610e-05 1.02e-12 1.79e-04 -11.0 9.12e-04    -  1.00e+00 1.00e+00H  1
2605  6.8519713e-05 5.32e-12 1.78e-04 -11.0 8.90e-04    -  1.00e+00 1.00e+00H  1
2606  6.8432770e-05 3.44e-08 1.07e-03 -11.0 1.23e-03    -  1.00e+00 1.25e-01h  4
2607  6.8344472e-05 1.37e-07 3.18e-04 -11.0 2.71e-04    -  1.00e+00 1.00e+00h  1
2608  6.8729805e-05 1.47e-12 1.86e-04 -11.0 7.53e-04    -  1.00e+00 1.00e+00H  1
2609  6.8346716e-05 9.23e-08 2.93e-03 -11.0 2.89e-04    -  1.00e+00 1.00e+00h  1
iter    objective    inf_pr   inf_du lg(mu)  ||d||  lg(rg) alpha_du alpha_pr  ls
2610  6.8328920e-05 5.68e-08 5.03e-04 -11.0 1.40e-04    -  1.00e+00 1.00e+00h  1
2611  6.8286457e-05 4.78e-08 5.10e-04 -11.0 1.40e-04    -  1.00e+00 1.00e+00h  1
2612  6.8356389e-05 4.57e-10 9.60e-05 -11.0 2.68e-04    -  1.00e+00 1.00e+00H  1
2613  6.8276793e-05 5.62e-08 1.89e-03 -11.0 2.32e-04    -  1.00e+00 1.00e+00h  1
2614  6.8271984e-05 4.51e-08 1.31e-03 -11.0 2.94e-04    -  1.00e+00 2.50e-01h  3
2615  6.8257172e-05 1.35e-08 1.41e-05 -11.0 9.54e-05    -  1.00e+00 1.00e+00h  1
2616  6.8262921e-05 2.37e-10 5.77e-05 -11.0 3.52e-04    -  1.00e+00 1.00e+00H  1
2617  6.8244913e-05 1.12e-06 3.85e-03 -11.0 8.48e-03    -  1.00e+00 1.25e-01h  4
2618  6.8234102e-05 2.14e-06 6.38e-03 -11.0 6.85e-02    -  1.00e+00 1.56e-02h  7
2619  6.8230412e-05 2.15e-06 6.67e-03 -11.0 4.21e-02    -  1.00e+00 3.91e-03h  9
iter    objective    inf_pr   inf_du lg(mu)  ||d||  lg(rg) alpha_du alpha_pr  ls
2620  6.8226355e-05 1.68e-06 5.34e-03 -11.0 1.52e-03    -  1.00e+00 2.50e-01h  3
2621  6.8229068e-05 1.57e-06 4.94e-03 -11.0 1.42e-03    -  1.00e+00 6.25e-02h  5
2622  6.8213242e-05 2.26e-06 7.58e-03 -11.0 4.14e-03    -  1.00e+00 2.50e-01h  3
2623  6.8210995e-05 2.53e-06 5.81e-03 -11.0 3.61e-02    -  1.00e+00 1.56e-02h  7
2624  6.8201886e-05 3.20e-06 2.47e-03 -11.0 2.72e-02    -  1.00e+00 3.12e-02h  6
2625  6.8192070e-05 3.38e-06 4.08e-03 -11.0 1.80e-02    -  1.00e+00 3.12e-02h  6
2626  6.8192059e-05 3.46e-06 4.79e-03 -11.0 2.38e-02    -  1.00e+00 1.56e-02h  7
2627  7.7288904e-05 3.07e-04 2.23e-02 -11.0 1.71e-02    -  1.00e+00 1.00e+00w  1
2628  9.1070553e-05 4.09e-05 5.38e-02 -11.0 5.43e-03    -  1.00e+00 1.00e+00w  1
2629  9.6862331e-05 4.23e-04 4.81e-02 -11.0 1.91e-02    -  1.00e+00 1.00e+00w  1
iter    objective    inf_pr   inf_du lg(mu)  ||d||  lg(rg) alpha_du alpha_pr  ls
2630  6.8190132e-05 3.64e-06 5.34e-03 -11.0 1.11e-01    -  1.00e+00 3.12e-02h  5
2631  6.8185086e-05 3.28e-06 4.01e-03 -11.0 2.53e-03    -  1.00e+00 1.25e-01h  4
2632  6.8181362e-05 3.21e-06 3.54e-03 -11.0 5.80e-03    -  1.00e+00 6.25e-02h  5
2633  6.8199407e-05 3.08e-06 2.79e-03 -11.0 4.50e-03    -  1.00e+00 6.25e-02h  5
2634  6.8182185e-05 1.34e-07 9.73e-04 -11.0 2.52e-04    -  1.00e+00 1.00e+00h  1
2635  6.8251281e-05 5.42e-09 9.38e-05 -11.0 1.03e-03    -  1.00e+00 1.00e+00H  1
2636  6.8240191e-05 8.53e-08 8.57e-04 -11.0 5.65e-03    -  1.00e+00 3.12e-02h  6
2637  6.8233828e-05 1.03e-07 1.21e-03 -11.0 1.00e-02    -  1.00e+00 7.81e-03h  8
2638  6.8565614e-05 1.51e-12 1.43e-04 -11.0 9.91e-04    -  1.00e+00 1.00e+00H  1
2639  6.8473016e-05 3.18e-11 1.94e-04 -11.0 8.41e-04    -  1.00e+00 1.00e+00H  1
iter    objective    inf_pr   inf_du lg(mu)  ||d||  lg(rg) alpha_du alpha_pr  ls
2640  6.8467497e-05 4.49e-11 1.92e-04 -11.0 1.62e-03    -  1.00e+00 3.91e-03h  9
2641  6.8297774e-05 1.44e-06 2.63e-03 -11.0 7.78e-04    -  1.00e+00 1.00e+00h  1
2642  6.8379632e-05 1.09e-06 2.37e-03 -11.0 4.10e-04    -  1.00e+00 2.50e-01h  3
2643  6.8155013e-05 3.89e-07 1.06e-04 -11.0 3.70e-04    -  1.00e+00 1.00e+00h  1
2644  6.8179031e-05 6.27e-08 6.63e-04 -11.0 1.04e-04    -  1.00e+00 1.00e+00h  1
2645  6.8159148e-05 2.22e-09 3.59e-05 -11.0 4.89e-05    -  1.00e+00 1.00e+00h  1
2646  6.8148373e-05 9.88e-09 9.95e-06 -11.0 4.04e-05    -  1.00e+00 1.00e+00h  1
2647  6.8146981e-05 3.79e-09 1.59e-05 -11.0 4.01e-05    -  1.00e+00 1.00e+00h  1
2648  6.8154356e-05 3.58e-11 4.93e-05 -11.0 9.44e-05    -  1.00e+00 1.00e+00H  1
2649  6.8143712e-05 4.19e-09 1.65e-05 -11.0 3.61e-05    -  1.00e+00 1.00e+00h  1
iter    objective    inf_pr   inf_du lg(mu)  ||d||  lg(rg) alpha_du alpha_pr  ls
2650  6.8143197e-05 1.38e-09 2.21e-05 -11.0 2.25e-05    -  1.00e+00 1.00e+00h  1
2651  6.8140489e-05 1.62e-09 5.53e-06 -11.0 2.68e-05    -  1.00e+00 1.00e+00h  1
2652  6.8138278e-05 9.41e-09 5.87e-06 -11.0 7.84e-05    -  1.00e+00 1.00e+00h  1
2653  6.8135208e-05 5.67e-08 6.91e-04 -11.0 6.05e-03    -  1.00e+00 3.12e-02h  6
2654  6.8812242e-05 1.21e-12 4.14e-04 -11.0 8.82e-04    -  1.00e+00 1.00e+00H  1
2655  6.8130602e-05 7.24e-07 8.87e-04 -11.0 6.51e-04    -  1.00e+00 1.00e+00h  1
2656  6.8131446e-05 3.64e-07 6.20e-04 -11.0 7.46e-05    -  1.00e+00 5.00e-01h  2
2657  6.8127851e-05 2.54e-09 5.22e-06 -11.0 4.27e-05    -  1.00e+00 1.00e+00h  1
2658  6.8128565e-05 6.84e-12 1.10e-05 -11.0 1.29e-04    -  1.00e+00 1.00e+00H  1
2659  6.8201449e-05 3.67e-12 7.70e-05 -11.0 3.95e-04    -  1.00e+00 1.00e+00H  1
iter    objective    inf_pr   inf_du lg(mu)  ||d||  lg(rg) alpha_du alpha_pr  ls
2660  6.8126990e-05 1.29e-07 2.77e-03 -11.0 2.80e-04    -  1.00e+00 1.00e+00h  1
2661  6.8240282e-05 4.76e-13 1.25e-04 -11.0 2.02e-04    -  1.00e+00 1.00e+00H  1
2662  6.8120356e-05 6.84e-08 1.71e-04 -11.0 2.37e-04    -  1.00e+00 1.00e+00h  1
2663  6.8119846e-05 1.81e-09 1.22e-05 -11.0 4.07e-05    -  1.00e+00 1.00e+00h  1
2664  6.8118359e-05 4.70e-08 8.86e-04 -11.0 2.24e-04    -  1.00e+00 1.00e+00h  1
2665  6.8237653e-05 8.15e-13 1.15e-04 -11.0 1.57e-03    -  1.00e+00 1.00e+00H  1
2666  6.8237588e-05 1.29e-12 1.15e-04 -11.0 1.87e-02    -  1.00e+00 6.10e-05h 15
2667  6.8237523e-05 1.99e-12 1.15e-04 -11.0 2.67e-02    -  1.00e+00 3.05e-05h 16
2668  6.8237384e-05 2.35e-12 1.15e-04 -11.0 2.59e-03    -  1.00e+00 2.44e-04h 13
2669  6.8237158e-05 2.91e-12 1.15e-04 -11.0 3.91e-03    -  1.00e+00 1.22e-04h 14
iter    objective    inf_pr   inf_du lg(mu)  ||d||  lg(rg) alpha_du alpha_pr  ls
2670  6.8174711e-05 2.18e-06 8.66e-03 -11.0 3.12e-03    -  1.00e+00 5.00e-01h  2
2671  6.8114878e-05 2.47e-06 1.30e-02 -11.0 3.48e-02    -  1.00e+00 1.56e-02h  7
2672  6.8099827e-05 2.89e-06 2.18e-02 -11.0 6.61e-03    -  1.00e+00 1.25e-01h  4
2673  6.8099198e-05 3.04e-06 2.69e-02 -11.0 4.80e-02    -  1.00e+00 7.81e-03h  8
2674  6.8092588e-05 3.03e-06 1.80e-02 -11.0 4.94e-03    -  1.00e+00 1.25e-01h  4
2675  6.8091884e-05 3.81e-06 8.13e-03 -11.0 5.86e-02    -  1.00e+00 1.56e-02h  7
2676  1.2729362e-04 7.79e-04 2.38e-01 -11.0 2.25e-02    -  1.00e+00 1.00e+00w  1
2677  9.1029078e-05 4.19e-04 1.00e-01 -11.0 1.69e-02    -  1.00e+00 1.00e+00w  1
2678  4.9544076e-03 6.77e-03 1.17e+00 -11.0 7.38e-02    -  1.00e+00 1.00e+00w  1
2679  6.8081579e-05 3.93e-06 4.26e-03 -11.0 2.41e-02    -  1.00e+00 1.56e-02h  6
iter    objective    inf_pr   inf_du lg(mu)  ||d||  lg(rg) alpha_du alpha_pr  ls
2680  6.8218345e-05 2.10e-06 5.75e-03 -11.0 5.54e-04    -  1.00e+00 5.00e-01h  2
2681  6.8174687e-05 1.58e-07 4.28e-03 -11.0 3.85e-04    -  1.00e+00 1.00e+00h  1
2682  6.8483817e-05 2.62e-12 2.19e-04 -11.0 1.23e-03    -  1.00e+00 1.00e+00H  1
2683  6.8483371e-05 3.50e-12 2.19e-04 -11.0 2.63e-03    -  1.00e+00 2.44e-04h 13
2684  6.8142299e-05 2.49e-06 9.68e-03 -11.0 1.35e-03    -  1.00e+00 1.00e+00h  1
2685  6.8153756e-05 2.35e-06 1.05e-02 -11.0 1.24e-03    -  1.00e+00 6.25e-02h  5
2686  6.8044550e-05 4.23e-07 3.25e-04 -11.0 5.32e-04    -  1.00e+00 1.00e+00h  1
2687  6.8145013e-05 2.21e-07 2.44e-03 -11.0 2.01e-04    -  1.00e+00 5.00e-01h  2
2688  6.8043859e-05 3.90e-08 4.16e-05 -11.0 9.14e-05    -  1.00e+00 1.00e+00h  1
2689  6.8043083e-05 8.03e-10 3.35e-06 -11.0 2.23e-05    -  1.00e+00 1.00e+00h  1
iter    objective    inf_pr   inf_du lg(mu)  ||d||  lg(rg) alpha_du alpha_pr  ls
2690  6.8041581e-05 4.62e-07 2.90e-03 -11.0 5.13e-03    -  1.00e+00 1.25e-01h  4
2691  6.8041172e-05 4.86e-07 4.39e-03 -11.0 1.34e-02    -  1.00e+00 1.56e-02h  7
2692  6.8040383e-05 5.01e-07 5.87e-03 -11.0 4.10e-03    -  1.00e+00 6.25e-02h  5
2693  6.8038466e-05 5.82e-07 8.08e-03 -11.0 6.40e-03    -  1.00e+00 6.25e-02h  5
2694  6.8040341e-05 6.56e-07 8.21e-03 -11.0 5.92e-03    -  1.00e+00 6.25e-02h  5
2695  6.8040264e-05 6.50e-07 7.97e-03 -11.0 2.41e-03    -  1.00e+00 6.25e-02h  5
2696  6.8036041e-05 4.81e-07 5.45e-03 -11.0 4.83e-04    -  1.00e+00 2.50e-01h  3
2697  6.8102989e-05 2.81e-10 8.17e-05 -11.0 7.93e-04    -  1.00e+00 1.00e+00H  1
2698  6.8100709e-05 4.83e-10 8.03e-05 -11.0 1.62e-03    -  1.00e+00 7.81e-03h  8
2699  6.8232631e-05 4.50e-11 1.16e-04 -11.0 5.02e-04    -  1.00e+00 1.00e+00H  1
iter    objective    inf_pr   inf_du lg(mu)  ||d||  lg(rg) alpha_du alpha_pr  ls
2700  6.8313904e-05 1.24e-12 1.95e-04 -11.0 8.48e-04    -  1.00e+00 1.00e+00H  1
2701  6.8313348e-05 5.34e-13 1.94e-04 -11.0 1.09e-03    -  1.00e+00 4.88e-04h 12
2702  6.8290270e-05 1.19e-12 2.00e-04 -11.0 6.09e-04    -  1.00e+00 1.00e+00H  1
2703  6.8725214e-05 4.53e-13 3.87e-04 -11.0 2.87e-04    -  1.00e+00 1.00e+00H  1
2704  6.8019216e-05 9.03e-08 4.73e-04 -11.0 2.28e-04    -  1.00e+00 1.00e+00h  1
2705  6.8017183e-05 1.09e-09 6.77e-06 -11.0 2.43e-05    -  1.00e+00 1.00e+00h  1
2706  6.8016881e-05 8.12e-10 1.06e-05 -11.0 1.66e-05    -  1.00e+00 1.00e+00h  1
2707  6.8016182e-05 6.01e-10 6.55e-06 -11.0 1.03e-05    -  1.00e+00 1.00e+00h  1
2708  6.8015472e-05 6.48e-10 5.69e-06 -11.0 2.07e-05    -  1.00e+00 1.00e+00h  1
2709  6.8020381e-05 1.98e-11 2.98e-05 -11.0 1.49e-04    -  1.00e+00 1.00e+00H  1
iter    objective    inf_pr   inf_du lg(mu)  ||d||  lg(rg) alpha_du alpha_pr  ls
2710  6.8011893e-05 1.03e-08 1.11e-05 -11.0 7.14e-05    -  1.00e+00 1.00e+00h  1
2711  6.8013446e-05 5.68e-09 2.71e-05 -11.0 4.71e-05    -  1.00e+00 5.00e-01h  2
2712  6.8010807e-05 3.61e-10 3.95e-06 -11.0 1.78e-05    -  1.00e+00 1.00e+00h  1
2713  6.8010529e-05 1.94e-10 2.62e-06 -11.0 6.95e-06    -  1.00e+00 1.00e+00h  1
2714  6.8008819e-05 1.25e-08 5.15e-04 -11.0 6.51e-05    -  1.00e+00 1.00e+00h  1
2715  6.8007870e-05 3.38e-08 1.34e-03 -11.0 1.61e-03    -  1.00e+00 6.25e-02h  5
2716  6.8005863e-05 1.65e-07 3.57e-03 -11.0 2.08e-03    -  1.00e+00 1.25e-01h  4
2717  6.8004780e-05 1.71e-07 4.17e-03 -11.0 4.47e-03    -  1.00e+00 1.56e-02h  7
2718  6.8166318e-05 5.06e-13 1.25e-04 -11.0 1.40e-03    -  1.00e+00 1.00e+00H  1
2719  6.8166206e-05 1.08e-11 1.25e-04 -11.0 3.54e-02    -  1.00e+00 6.10e-05h 15
iter    objective    inf_pr   inf_du lg(mu)  ||d||  lg(rg) alpha_du alpha_pr  ls
2720  6.8166189e-05 1.10e-11 1.25e-04 -11.0 1.54e-01    -  1.00e+00 1.91e-06h 20
2721  6.8166163e-05 1.12e-11 1.25e-04 -11.0 1.90e-02    -  1.00e+00 1.53e-05h 17
2722  6.8166134e-05 1.13e-11 1.25e-04 -11.0 3.86e-02    -  1.00e+00 7.63e-06h 18
2723  6.8137245e-05 7.76e-06 2.34e-02 -11.0 5.26e-01    -  1.00e+00 3.91e-03h  9
2724  6.8081379e-05 1.37e-05 4.38e-02 -11.0 1.15e-01    -  1.00e+00 1.56e-02h  7
2725  6.8075885e-05 1.91e-05 6.08e-02 -11.0 2.09e-01    -  1.00e+00 7.81e-03h  8
2726  6.8050220e-05 2.57e-05 7.91e-02 -11.0 1.18e-01    -  1.00e+00 1.56e-02h  7
2727  6.8031219e-05 2.57e-05 7.68e-02 -11.0 3.54e-02    -  1.00e+00 3.91e-03h  9
2728  6.8028961e-05 2.06e-05 1.91e-02 -11.0 3.87e-03    -  1.00e+00 5.00e-01h  2
2729  1.6699083e-03 3.01e-02 1.41e+00 -11.0 1.29e-01    -  1.00e+00 1.00e+00w  1
iter    objective    inf_pr   inf_du lg(mu)  ||d||  lg(rg) alpha_du alpha_pr  ls
2730  2.1846372e-03 4.24e-03 9.47e-01 -11.0 4.86e-02    -  1.00e+00 1.00e+00w  1
2731  2.8880033e-02 1.10e-02 8.02e-01 -11.0 6.35e-02    -  1.00e+00 1.00e+00w  1
2732  6.7960090e-05 2.22e-05 2.99e-02 -11.0 5.55e-02    -  1.00e+00 7.81e-03h  7
2733  6.7952101e-05 1.77e-05 1.26e-02 -11.0 2.70e-03    -  1.00e+00 2.50e-01h  3
2734  6.7901094e-05 1.74e-05 7.01e-03 -11.0 9.64e-03    -  1.00e+00 6.25e-02h  5
2735  6.7891617e-05 1.73e-05 9.56e-03 -11.0 1.35e-02    -  1.00e+00 3.12e-02h  6
2736  6.8047565e-05 1.32e-05 1.24e-02 -11.0 1.60e-03    -  1.00e+00 2.50e-01h  3
2737  6.7869644e-05 4.57e-07 1.51e-03 -11.0 2.59e-04    -  1.00e+00 1.00e+00h  1
2738  6.8325380e-05 8.28e-12 2.80e-04 -11.0 4.23e-04    -  1.00e+00 1.00e+00H  1
2739  6.7813833e-05 5.58e-07 2.61e-04 -11.0 3.70e-04    -  1.00e+00 1.00e+00h  1
iter    objective    inf_pr   inf_du lg(mu)  ||d||  lg(rg) alpha_du alpha_pr  ls
2740  6.8004038e-05 6.20e-08 9.22e-04 -11.0 1.33e-04    -  1.00e+00 1.00e+00h  1
2741  6.7807556e-05 5.18e-08 2.82e-05 -11.0 1.19e-04    -  1.00e+00 1.00e+00h  1
2742  6.7807079e-05 5.58e-11 5.81e-06 -11.0 4.17e-06    -  1.00e+00 1.00e+00h  1
2743  6.7798350e-05 3.89e-07 1.92e-03 -11.0 2.68e-03    -  1.00e+00 1.25e-01h  4
2744  6.7797443e-05 4.11e-07 2.79e-03 -11.0 2.49e-03    -  1.00e+00 6.25e-02h  5
2745  6.8695374e-05 8.49e-13 3.74e-04 -11.0 7.95e-04    -  1.00e+00 1.00e+00H  1
2746  6.7779407e-05 8.92e-07 7.83e-04 -11.0 7.40e-04    -  1.00e+00 1.00e+00h  1
2747  6.7781346e-05 6.70e-07 7.44e-04 -11.0 8.67e-05    -  1.00e+00 2.50e-01h  3
2748  6.7776803e-05 1.21e-09 9.42e-06 -11.0 2.12e-05    -  1.00e+00 1.00e+00h  1
2749  6.7775564e-05 5.37e-10 8.75e-06 -11.0 2.20e-05    -  1.00e+00 1.00e+00h  1
iter    objective    inf_pr   inf_du lg(mu)  ||d||  lg(rg) alpha_du alpha_pr  ls
2750  6.7803660e-05 4.23e-11 5.76e-05 -11.0 3.45e-04    -  1.00e+00 1.00e+00H  1
2751  6.7785674e-05 2.29e-10 5.20e-05 -11.0 1.93e-04    -  1.00e+00 1.00e+00H  1
2752  6.8087214e-05 3.68e-13 2.01e-04 -11.0 2.65e-04    -  1.00e+00 1.00e+00H  1
2753  6.7764725e-05 2.89e-07 2.01e-04 -11.0 2.86e-04    -  1.00e+00 1.00e+00h  1
2754  6.7766916e-05 1.44e-07 6.40e-05 -11.0 5.43e-05    -  1.00e+00 5.00e-01h  2
2755  6.7762389e-05 4.42e-10 4.94e-06 -11.0 1.82e-05    -  1.00e+00 1.00e+00h  1
2756  6.7761998e-05 2.06e-10 4.57e-06 -11.0 7.15e-06    -  1.00e+00 1.00e+00h  1
2757  6.7761681e-05 1.91e-07 1.02e-03 -11.0 3.48e-03    -  1.00e+00 6.25e-02h  5
2758  6.7761420e-05 3.33e-07 1.76e-03 -11.0 3.71e-03    -  1.00e+00 6.25e-02h  5
2759  6.7760198e-05 3.35e-07 1.90e-03 -11.0 3.37e-03    -  1.00e+00 1.56e-02h  7
iter    objective    inf_pr   inf_du lg(mu)  ||d||  lg(rg) alpha_du alpha_pr  ls
2760  6.7758075e-05 2.07e-07 1.34e-03 -11.0 2.41e-04    -  1.00e+00 1.00e+00h  1
2761  6.7745993e-05 2.52e-07 1.66e-03 -11.0 1.61e-03    -  1.00e+00 6.25e-02h  5
2762  6.7737810e-05 2.20e-06 4.77e-03 -11.0 2.94e-03    -  1.00e+00 2.50e-01h  3
2763  6.7737051e-05 2.21e-06 5.11e-03 -11.0 2.00e-02    -  1.00e+00 3.91e-03h  9
2764  6.7736375e-05 1.22e-06 4.53e-03 -11.0 4.78e-04    -  1.00e+00 5.00e-01h  2
2765  6.7738201e-05 1.05e-06 4.64e-03 -11.0 2.71e-03    -  1.00e+00 1.25e-01h  4
2766  6.7728600e-05 1.66e-06 1.53e-03 -11.0 2.04e-03    -  1.00e+00 2.50e-01h  3
2767  6.7728613e-05 1.62e-06 1.27e-03 -11.0 7.29e-03    -  1.00e+00 3.12e-02h  6
2768  6.7822201e-05 3.26e-12 1.49e-04 -11.0 1.01e-03    -  1.00e+00 1.00e+00H  1
2769  6.7822069e-05 1.03e-11 1.49e-04 -11.0 2.42e-02    -  1.00e+00 6.10e-05h 15
iter    objective    inf_pr   inf_du lg(mu)  ||d||  lg(rg) alpha_du alpha_pr  ls
2770  6.7820724e-05 3.44e-11 1.47e-04 -11.0 5.38e-03    -  1.00e+00 9.77e-04h 11
2771  6.7687892e-05 2.06e-07 7.63e-04 -11.0 2.27e-04    -  1.00e+00 1.00e+00h  1
2772  6.7700230e-05 1.58e-07 1.01e-03 -11.0 2.40e-04    -  1.00e+00 5.00e-01h  2
2773  6.7679262e-05 3.49e-08 9.83e-04 -11.0 1.47e-04    -  1.00e+00 1.00e+00h  1
2774  6.7911159e-05 2.77e-12 2.25e-04 -11.0 3.76e-04    -  1.00e+00 1.00e+00H  1
2775  6.7676291e-05 3.70e-07 3.69e-04 -11.0 3.42e-04    -  1.00e+00 1.00e+00h  1
2776  6.7725838e-05 1.42e-08 7.93e-05 -11.0 7.86e-05    -  1.00e+00 1.00e+00h  1
2777  6.7673574e-05 9.90e-09 4.17e-06 -11.0 7.07e-05    -  1.00e+00 1.00e+00h  1
2778  6.7673275e-05 2.09e-10 4.02e-06 -11.0 1.46e-05    -  1.00e+00 1.00e+00h  1
2779  6.7704780e-05 9.13e-11 5.45e-05 -11.0 8.54e-04    -  1.00e+00 1.00e+00H  1
iter    objective    inf_pr   inf_du lg(mu)  ||d||  lg(rg) alpha_du alpha_pr  ls
2780  6.7703945e-05 3.10e-10 5.30e-05 -11.0 1.91e-03    -  1.00e+00 7.81e-03h  8
2781  6.7672759e-05 1.04e-07 3.22e-04 -11.0 9.81e-04    -  1.00e+00 2.50e-01h  3
2782  6.7665693e-05 1.02e-07 6.03e-04 -11.0 1.89e-03    -  1.00e+00 6.25e-02h  5
2783  6.7730906e-05 1.40e-11 7.16e-05 -11.0 4.97e-04    -  1.00e+00 1.00e+00H  1
2784  6.7726134e-05 2.76e-11 6.60e-05 -11.0 1.55e-04    -  1.00e+00 1.00e+00H  1
2785  6.7674571e-05 4.59e-12 5.77e-05 -11.0 4.03e-04    -  1.00e+00 1.00e+00H  1
2786  6.7658784e-05 1.56e-08 1.06e-03 -11.0 1.26e-03    -  1.00e+00 1.25e-01h  4
2787  6.7663409e-05 1.72e-08 1.36e-04 -11.0 1.43e-04    -  1.00e+00 1.00e+00h  1
2788  6.7701331e-05 4.58e-13 5.48e-05 -11.0 3.58e-04    -  1.00e+00 1.00e+00H  1
2789  6.7654782e-05 1.21e-07 1.45e-04 -11.0 3.65e-04    -  1.00e+00 1.00e+00h  1
iter    objective    inf_pr   inf_du lg(mu)  ||d||  lg(rg) alpha_du alpha_pr  ls
2790  6.7655331e-05 1.07e-07 6.23e-04 -11.0 7.83e-04    -  1.00e+00 1.25e-01h  4
2791  6.7651862e-05 1.87e-08 1.45e-05 -11.0 8.63e-05    -  1.00e+00 1.00e+00h  1
2792  6.7649588e-05 8.95e-09 1.87e-05 -11.0 9.83e-05    -  1.00e+00 1.00e+00h  1
2793  6.7747955e-05 1.98e-14 1.27e-04 -11.0 3.50e-04    -  1.00e+00 1.00e+00H  1
2794  6.7646748e-05 1.25e-07 1.80e-04 -11.0 3.24e-04    -  1.00e+00 1.00e+00h  1
2795  6.7647223e-05 9.39e-08 1.39e-04 -11.0 5.34e-05    -  1.00e+00 2.50e-01h  3
2796  6.7646246e-05 2.28e-10 2.06e-06 -11.0 1.39e-05    -  1.00e+00 1.00e+00h  1
2797  6.7645929e-05 2.50e-10 2.51e-06 -11.0 1.59e-05    -  1.00e+00 1.00e+00h  1
2798  6.7645606e-05 2.91e-09 9.39e-06 -11.0 1.21e-03    -  1.00e+00 3.12e-02h  6
2799  6.7708203e-05 3.79e-13 8.63e-05 -11.0 5.09e-04    -  1.00e+00 1.00e+00H  1
iter    objective    inf_pr   inf_du lg(mu)  ||d||  lg(rg) alpha_du alpha_pr  ls
2800  6.7708054e-05 4.84e-13 8.62e-05 -11.0 4.12e-04    -  1.00e+00 9.77e-04h 11
2801  6.7707908e-05 5.66e-13 8.61e-05 -11.0 6.73e-04    -  1.00e+00 4.88e-04h 12
2802  6.7675136e-05 7.03e-12 6.19e-05 -11.0 3.35e-04    -  1.00e+00 1.00e+00H  1
2803  6.7672578e-05 1.30e-10 5.80e-05 -11.0 5.71e-04    -  1.00e+00 1.56e-02h  7
2804  6.7764627e-05 1.38e-12 8.99e-05 -11.0 8.78e-04    -  1.00e+00 1.00e+00H  1
2805  7.5941367e-05 1.00e-12 1.39e-03 -11.0 7.81e-04    -  1.00e+00 1.00e+00H  1
2806  6.7634381e-05 1.20e-06 1.61e-03 -11.0 9.06e-04    -  1.00e+00 1.00e+00f  1
2807  6.7634234e-05 2.00e-08 1.33e-05 -11.0 9.50e-05    -  1.00e+00 1.00e+00h  1
2808  6.7633800e-05 3.09e-08 5.86e-04 -11.0 1.79e-03    -  1.00e+00 6.25e-02h  5
2809  6.7631865e-05 2.52e-08 1.09e-03 -11.0 7.74e-04    -  1.00e+00 1.25e-01h  4
iter    objective    inf_pr   inf_du lg(mu)  ||d||  lg(rg) alpha_du alpha_pr  ls
2810  6.7630258e-05 2.82e-08 1.49e-03 -11.0 1.36e-03    -  1.00e+00 6.25e-02h  5
2811  6.8043989e-05 3.05e-13 2.40e-04 -11.0 6.45e-04    -  1.00e+00 1.00e+00H  1
2812  6.7626227e-05 2.59e-07 3.59e-04 -11.0 5.75e-04    -  1.00e+00 1.00e+00h  1
2813  6.7626823e-05 2.80e-09 1.44e-05 -11.0 3.55e-05    -  1.00e+00 1.00e+00h  1
2814  6.7629444e-05 5.95e-12 1.99e-05 -11.0 4.67e-05    -  1.00e+00 1.00e+00H  1
2815  6.7625767e-05 6.90e-09 1.19e-05 -11.0 7.81e-05    -  1.00e+00 1.00e+00h  1
2816  6.7658206e-05 3.52e-13 6.22e-05 -11.0 7.76e-05    -  1.00e+00 1.00e+00H  1
2817  6.7624713e-05 2.34e-08 3.88e-06 -11.0 7.56e-05    -  1.00e+00 1.00e+00h  1
2818  6.7625079e-05 1.07e-10 1.28e-05 -11.0 8.55e-06    -  1.00e+00 1.00e+00h  1
2819  6.7624363e-05 3.32e-11 1.38e-06 -11.0 5.87e-06    -  1.00e+00 1.00e+00h  1
iter    objective    inf_pr   inf_du lg(mu)  ||d||  lg(rg) alpha_du alpha_pr  ls
2820  6.7624195e-05 3.88e-11 1.39e-06 -11.0 4.05e-06    -  1.00e+00 1.00e+00h  1
2821  6.7639085e-05 1.68e-14 5.53e-05 -11.0 1.22e-04    -  1.00e+00 1.00e+00H  1
2822  6.7621874e-05 3.69e-09 1.95e-05 -11.0 4.03e-05    -  1.00e+00 1.00e+00h  1
2823  6.7622737e-05 1.72e-09 2.61e-05 -11.0 1.82e-05    -  1.00e+00 1.00e+00h  1
2824  6.7618203e-05 1.09e-09 6.35e-06 -11.0 2.15e-05    -  1.00e+00 1.00e+00h  1
2825  6.7616745e-05 5.54e-09 7.75e-06 -11.0 4.97e-05    -  1.00e+00 1.00e+00h  1
2826  6.7613631e-05 8.57e-08 6.47e-04 -11.0 5.92e-03    -  1.00e+00 3.12e-02h  6
2827  6.7612077e-05 2.00e-07 9.46e-04 -11.0 7.58e-03    -  1.00e+00 3.12e-02h  6
2828  6.7610979e-05 2.16e-07 1.10e-03 -11.0 1.24e-02    -  1.00e+00 7.81e-03h  8
2829  6.7601906e-05 1.73e-06 2.96e-03 -11.0 2.22e-03    -  1.00e+00 5.00e-01h  2
iter    objective    inf_pr   inf_du lg(mu)  ||d||  lg(rg) alpha_du alpha_pr  ls
2830  6.7598904e-05 2.37e-06 4.51e-03 -11.0 1.96e-01    -  1.00e+00 3.91e-03h  9
2831  6.7593507e-05 3.35e-06 6.77e-03 -11.0 5.14e-02    -  1.00e+00 1.56e-02h  7
2832  6.7590819e-05 3.34e-06 6.97e-03 -11.0 3.58e-02    -  1.00e+00 3.91e-03h  9
2833  6.7589914e-05 3.26e-06 7.03e-03 -11.0 6.12e-03    -  1.00e+00 3.12e-02h  6
2834  6.7587135e-05 2.75e-06 3.20e-03 -11.0 2.39e-03    -  1.00e+00 2.50e-01h  3
2835  6.7550602e-05 7.03e-06 3.43e-03 -11.0 9.60e-03    -  1.00e+00 2.50e-01h  3
2836  3.9758458e-03 4.93e-02 2.46e-01 -11.0 2.26e-01    -  1.00e+00 1.00e+00w  1
2837  5.5986913e-04 1.33e-02 9.49e-02 -11.0 1.26e-01    -  1.00e+00 1.00e+00w  1
2838  1.4603470e-01 1.13e+00 1.06e+01 -11.0 6.24e-01    -  1.00e+00 1.00e+00w  1
2839  6.7537409e-05 7.20e-06 3.52e-03 -11.0 9.18e-01    -  1.00e+00 1.95e-03h  9
iter    objective    inf_pr   inf_du lg(mu)  ||d||  lg(rg) alpha_du alpha_pr  ls
2840  6.7531797e-05 7.96e-06 3.45e-03 -11.0 8.35e-03    -  1.00e+00 1.25e-01h  4
2841  6.7494188e-05 8.63e-06 4.29e-03 -11.0 7.76e-02    -  1.00e+00 7.81e-03h  8
2842  6.7475773e-05 8.76e-06 4.42e-03 -11.0 2.78e-02    -  1.00e+00 1.56e-02h  7
2843  6.7469079e-05 8.72e-06 4.45e-03 -11.0 1.42e-02    -  1.00e+00 1.56e-02h  7
2844  6.7495369e-05 8.47e-06 4.62e-03 -11.0 3.84e-03    -  1.00e+00 3.12e-02h  6
2845  6.7446855e-05 7.30e-08 2.92e-04 -11.0 1.36e-04    -  1.00e+00 1.00e+00h  1
2846  6.7439925e-05 2.28e-07 6.65e-04 -11.0 4.74e-04    -  1.00e+00 1.00e+00h  1
2847  6.7394592e-05 1.04e-05 5.10e-03 -11.0 1.98e-01    -  1.00e+00 1.56e-02h  7
2848  6.7385853e-05 1.26e-05 8.08e-03 -11.0 7.75e-01    -  1.00e+00 1.95e-03h 10
2849  6.7385661e-05 1.41e-05 1.07e-02 -11.0 3.20e-01    -  1.00e+00 3.91e-03h  9
iter    objective    inf_pr   inf_du lg(mu)  ||d||  lg(rg) alpha_du alpha_pr  ls
2850  6.7384340e-05 1.41e-05 1.11e-02 -11.0 4.48e-02    -  1.00e+00 7.81e-03h  8
2851  6.7377078e-05 1.40e-05 1.16e-02 -11.0 1.67e-02    -  1.00e+00 3.12e-02h  6
2852  6.7370882e-05 2.83e-05 1.71e-02 -11.0 4.76e-01    -  1.00e+00 7.81e-03h  8
2853  6.7308222e-05 6.03e-05 1.86e-02 -11.0 3.43e-01    -  1.00e+00 1.56e-02h  7
2854  6.7288279e-05 6.25e-05 1.92e-02 -11.0 2.92e+00    -  1.00e+00 4.88e-04h 12
2855  6.7232970e-05 6.56e-05 1.68e-02 -11.0 4.68e-01    -  1.00e+00 3.91e-03h  9
2856  6.7176395e-05 7.84e-05 1.73e-02 -11.0 4.75e-01    -  1.00e+00 7.81e-03h  8
2857  5.6751478e-03 1.68e+00 2.99e+00 -11.0 2.34e+00    -  1.00e+00 1.00e+00w  1
2858  9.5294835e-03 1.91e-01 2.17e+00 -11.0 1.29e-01  -2.0 1.00e+00 1.00e+00w  1
2859  4.0961962e-02 1.68e-02 9.91e-01 -11.0 6.99e-02    -  1.00e+00 1.00e+00w  1
iter    objective    inf_pr   inf_du lg(mu)  ||d||  lg(rg) alpha_du alpha_pr  ls
2860  6.7061370e-05 4.23e-04 2.86e-02 -11.0 5.50e-02    -  1.00e+00 7.81e-03h  7
2861  6.6953164e-05 4.31e-04 3.04e-02 -11.0 5.83e+00    -  1.00e+00 4.88e-04h 12
2862  6.6894164e-05 4.36e-04 3.60e-02 -11.0 7.42e-01    -  1.00e+00 3.91e-03h  9
2863  6.6820697e-05 4.37e-04 3.79e-02 -11.0 5.77e-01    -  1.00e+00 1.95e-03h 10
2864  6.6765611e-05 4.33e-04 3.89e-02 -11.0 1.04e-01    -  1.00e+00 1.56e-02h  7
2865  6.6744899e-05 4.33e-04 3.80e-02 -11.0 4.57e-01    -  1.00e+00 1.95e-03h 10
2866  6.6964427e-05 4.23e-04 3.98e-02 -11.0 6.37e-02    -  1.00e+00 3.12e-02h  6
2867  6.7064758e-05 4.09e-04 4.26e-02 -11.0 5.42e-02    -  1.00e+00 6.25e-02h  5
2868  6.7030296e-05 4.09e-04 5.16e-02 -11.0 2.60e-01    -  1.00e+00 7.81e-03h  8
2869  6.7135077e-05 4.07e-04 4.76e-02 -11.0 1.30e-01    -  1.00e+00 1.56e-02h  7
iter    objective    inf_pr   inf_du lg(mu)  ||d||  lg(rg) alpha_du alpha_pr  ls
2870  2.3620317e-04 1.87e-02 1.50e-01 -11.0 1.28e-01    -  1.00e+00 1.00e+00w  1
2871  1.7833642e-03 1.30e-01 4.42e-01 -11.0 3.18e-01    -  1.00e+00 1.00e+00w  1
2872  2.4227599e+00 5.56e+00 4.29e+01 -11.0 4.10e+00    -  1.00e+00 1.00e+00w  1
2873  6.7099417e-05 4.05e-04 4.68e-02 -11.0 6.20e-01  -1.6 1.00e+00 1.56e-02h  6
2874  6.7151282e-05 3.98e-04 3.98e-02 -11.0 5.12e-02    -  1.00e+00 1.56e-02h  7
2875  6.6945492e-05 1.99e-04 1.89e-02 -11.0 1.20e-03    -  1.00e+00 5.00e-01h  2
2876  6.7140113e-05 1.31e-04 1.17e-02 -11.0 1.12e-02    -  1.00e+00 5.00e-01h  2
2877  6.7098421e-05 1.31e-04 1.22e-02 -11.0 1.37e-01    -  1.00e+00 3.91e-03h  9
2878  6.7051667e-05 1.23e-04 1.11e-02 -11.0 9.00e-03    -  1.00e+00 6.25e-02h  5
2879  6.6997267e-05 1.12e-04 7.45e-03 -11.0 1.64e-02    -  1.00e+00 1.25e-01h  4
iter    objective    inf_pr   inf_du lg(mu)  ||d||  lg(rg) alpha_du alpha_pr  ls
2880  6.6950160e-05 1.14e-04 5.62e-03 -11.0 1.09e-01    -  1.00e+00 1.56e-02h  7
2881  6.6628066e-05 1.24e-04 7.67e-03 -11.0 6.37e-02    -  1.00e+00 6.25e-02h  5
2882  6.6600211e-05 1.25e-04 8.29e-03 -11.0 2.62e-01    -  1.00e+00 3.91e-03h  9
2883  5.2744073e-04 2.20e-02 1.46e-01 -11.0 1.35e-01    -  1.00e+00 1.00e+00w  1
2884  3.5079314e-04 2.49e-03 3.68e-01 -11.0 2.95e-02    -  1.00e+00 1.00e+00w  1
2885  1.2842766e-02 1.12e-01 8.56e-01 -11.0 2.77e-01    -  1.00e+00 1.00e+00w  1
2886  6.6581897e-05 1.25e-04 9.47e-03 -11.0 3.63e-01    -  1.00e+00 7.81e-03h  7
2887  6.6618786e-05 1.18e-04 1.07e-02 -11.0 1.14e-02    -  1.00e+00 6.25e-02h  5
2888  6.6797871e-05 9.02e-05 1.36e-02 -11.0 4.95e-03    -  1.00e+00 2.50e-01h  3
2889  6.6879285e-05 7.98e-05 2.20e-02 -11.0 6.20e-03    -  1.00e+00 1.25e-01h  4
iter    objective    inf_pr   inf_du lg(mu)  ||d||  lg(rg) alpha_du alpha_pr  ls
2890  6.6878705e-05 1.58e-05 9.41e-03 -11.0 3.64e-03    -  1.00e+00 1.00e+00h  1
2891  6.6811878e-05 1.61e-05 8.40e-03 -11.0 4.58e-02    -  1.00e+00 1.56e-02h  7
2892  6.6663859e-05 1.32e-05 7.49e-03 -11.0 3.40e-03    -  1.00e+00 2.50e-01h  3
2893  6.6768686e-05 7.14e-06 6.11e-03 -11.0 1.44e-03    -  1.00e+00 5.00e-01h  2
2894  6.6736822e-05 8.90e-06 7.90e-03 -11.0 3.95e-03    -  1.00e+00 5.00e-01h  2
2895  6.6671132e-05 8.66e-06 8.77e-03 -11.0 6.26e-03    -  1.00e+00 3.12e-02h  6
2896  6.6581476e-05 2.52e-06 3.54e-03 -11.0 1.29e-03    -  1.00e+00 1.00e+00h  1
2897  6.6395712e-05 3.22e-06 1.14e-03 -11.0 1.19e-02    -  1.00e+00 6.25e-02h  5
2898  6.6372295e-05 2.63e-06 2.87e-03 -11.0 1.73e-03    -  1.00e+00 2.50e-01h  3
2899  6.6428364e-05 2.46e-06 4.00e-03 -11.0 1.63e-03    -  1.00e+00 2.50e-01h  3
iter    objective    inf_pr   inf_du lg(mu)  ||d||  lg(rg) alpha_du alpha_pr  ls
2900  6.6287557e-05 8.89e-07 1.80e-03 -11.0 6.38e-04    -  1.00e+00 1.00e+00h  1
2901  6.6259875e-05 1.25e-06 4.64e-03 -11.0 3.41e-03    -  1.00e+00 1.25e-01h  4
2902  6.6200954e-05 4.21e-07 5.18e-04 -11.0 5.85e-04    -  1.00e+00 1.00e+00h  1
2903  6.6157735e-05 7.30e-07 2.55e-03 -11.0 8.19e-03    -  1.00e+00 6.25e-02h  5
2904  6.6150477e-05 4.62e-07 1.03e-03 -11.0 3.38e-04    -  1.00e+00 5.00e-01h  2
2905  6.7250576e-05 4.53e-08 4.14e-03 -11.0 9.74e-04    -  1.00e+00 1.00e+00H  1
2906  6.6701916e-05 5.27e-09 1.89e-04 -11.0 5.46e-04    -  1.00e+00 1.00e+00H  1
2907  6.6498450e-05 8.99e-08 4.36e-03 -11.0 1.07e-03    -  1.00e+00 1.00e+00H  1
2908  6.6417824e-05 1.18e-07 4.69e-03 -11.0 9.23e-04    -  1.00e+00 2.50e-01h  3
2909  6.6316346e-05 5.74e-08 1.86e-03 -11.0 7.60e-04    -  1.00e+00 1.00e+00H  1
iter    objective    inf_pr   inf_du lg(mu)  ||d||  lg(rg) alpha_du alpha_pr  ls
2910  6.6263591e-05 7.27e-08 2.16e-03 -11.0 4.91e-04    -  1.00e+00 2.50e-01h  3
2911  6.6069505e-05 7.63e-07 1.55e-04 -11.0 3.76e-04    -  1.00e+00 1.00e+00h  1
2912  6.6073739e-05 9.37e-08 1.24e-03 -11.0 2.08e-04    -  1.00e+00 1.00e+00h  1
2913  6.6561143e-05 1.59e-09 2.29e-04 -11.0 4.43e-04    -  1.00e+00 1.00e+00H  1
2914  6.6057222e-05 5.50e-07 8.39e-04 -11.0 3.93e-04    -  1.00e+00 1.00e+00h  1
2915  6.6314646e-05 2.86e-09 2.55e-04 -11.0 2.67e-04    -  1.00e+00 1.00e+00H  1
2916  6.6052799e-05 2.31e-07 5.20e-04 -11.0 2.07e-04    -  1.00e+00 1.00e+00h  1
2917  6.6091949e-05 6.19e-08 6.63e-04 -11.0 9.67e-05    -  1.00e+00 1.00e+00h  1
2918  6.6043079e-05 2.77e-08 1.14e-04 -11.0 5.99e-05    -  1.00e+00 1.00e+00h  1
2919  6.6044361e-05 1.35e-09 1.99e-05 -11.0 1.52e-05    -  1.00e+00 1.00e+00h  1
iter    objective    inf_pr   inf_du lg(mu)  ||d||  lg(rg) alpha_du alpha_pr  ls
2920  6.6041007e-05 2.94e-10 6.19e-06 -11.0 8.56e-06    -  1.00e+00 1.00e+00h  1
2921  6.6040162e-05 1.11e-10 5.79e-06 -11.0 8.10e-06    -  1.00e+00 1.00e+00h  1
2922  6.6049816e-05 4.61e-11 5.64e-05 -11.0 1.65e-04    -  1.00e+00 1.00e+00H  1
2923  6.6042420e-05 6.65e-11 4.52e-05 -11.0 2.87e-04    -  1.00e+00 1.00e+00H  1
2924  6.6037544e-05 1.65e-08 8.46e-04 -11.0 1.01e-03    -  1.00e+00 1.25e-01h  4
2925  6.6027834e-05 2.86e-08 1.63e-03 -11.0 1.20e-04    -  1.00e+00 1.00e+00h  1
2926  6.6010213e-05 1.45e-08 1.42e-03 -11.0 6.34e-05    -  1.00e+00 5.00e-01h  2
2927  6.5991657e-05 4.64e-08 6.16e-04 -11.0 2.09e-04    -  1.00e+00 1.00e+00h  1
2928  6.5988593e-05 5.30e-08 1.30e-03 -11.0 2.39e-03    -  1.00e+00 6.25e-02h  5
2929  6.6201374e-05 5.21e-12 2.01e-04 -11.0 3.30e-03    -  1.00e+00 1.00e+00H  1
iter    objective    inf_pr   inf_du lg(mu)  ||d||  lg(rg) alpha_du alpha_pr  ls
2930  6.6200974e-05 2.17e-11 2.01e-04 -11.0 8.88e-02    -  1.00e+00 6.10e-05h 15
2931  6.6200744e-05 2.66e-11 2.01e-04 -11.0 4.25e-02    -  1.00e+00 6.10e-05h 15
2932  6.6200558e-05 2.90e-11 2.01e-04 -11.0 2.73e-02    -  1.00e+00 6.10e-05h 15
2933  6.6200464e-05 2.93e-11 2.01e-04 -11.0 2.18e-02    -  1.00e+00 3.05e-05h 16
2934  6.6037758e-05 6.95e-07 2.63e-03 -11.0 3.23e-03    -  1.00e+00 2.50e-01h  3
2935  6.5998443e-05 1.40e-06 4.11e-03 -11.0 5.10e-03    -  1.00e+00 2.50e-01h  3
2936  6.6011533e-05 1.54e-06 3.58e-03 -11.0 3.37e-03    -  1.00e+00 1.25e-01h  4
2937  6.6001588e-05 1.22e-06 3.20e-03 -11.0 1.26e-03    -  1.00e+00 1.00e+00h  1
2938  6.5955052e-05 1.31e-06 4.36e-03 -11.0 7.75e-03    -  1.00e+00 6.25e-02h  5
2939  6.5913243e-05 1.13e-06 2.08e-03 -11.0 1.77e-03    -  1.00e+00 2.50e-01h  3
iter    objective    inf_pr   inf_du lg(mu)  ||d||  lg(rg) alpha_du alpha_pr  ls
2940  6.5864480e-05 1.40e-06 1.90e-03 -11.0 6.18e-03    -  1.00e+00 1.25e-01h  4
2941  6.5854508e-05 1.37e-06 2.26e-03 -11.0 4.50e-03    -  1.00e+00 3.12e-02h  6
2942  6.5987314e-05 4.28e-07 5.13e-04 -11.0 4.05e-04    -  1.00e+00 1.00e+00h  1
2943  6.6193596e-05 8.65e-09 1.49e-04 -11.0 6.54e-04    -  1.00e+00 1.00e+00H  1
2944  6.6429204e-05 1.59e-11 2.59e-04 -11.0 1.05e-03    -  1.00e+00 1.00e+00H  1
2945  6.6424418e-05 3.32e-11 2.57e-04 -11.0 1.55e-03    -  1.00e+00 1.95e-03h 10
2946  6.5999646e-05 2.95e-07 1.10e-03 -11.0 3.83e-04    -  1.00e+00 1.00e+00h  1
2947  6.5838900e-05 5.58e-08 8.38e-04 -11.0 2.19e-04    -  1.00e+00 1.00e+00h  1
2948  6.5824880e-05 2.09e-08 3.73e-05 -11.0 9.89e-05    -  1.00e+00 1.00e+00h  1
2949  6.5812605e-05 4.25e-09 1.18e-05 -11.0 5.29e-05    -  1.00e+00 1.00e+00h  1
iter    objective    inf_pr   inf_du lg(mu)  ||d||  lg(rg) alpha_du alpha_pr  ls
2950  6.5813183e-05 1.23e-09 1.33e-05 -11.0 2.07e-05    -  1.00e+00 1.00e+00h  1
2951  6.5810958e-05 3.48e-10 3.61e-06 -11.0 1.32e-05    -  1.00e+00 1.00e+00h  1
2952  6.5810673e-05 5.63e-11 3.13e-06 -11.0 4.72e-06    -  1.00e+00 1.00e+00h  1
2953  6.5835467e-05 4.24e-11 5.57e-05 -11.0 1.50e-04    -  1.00e+00 1.00e+00H  1
2954  6.5807840e-05 3.18e-09 2.08e-05 -11.0 3.48e-05    -  1.00e+00 1.00e+00h  1
2955  6.5805445e-05 4.59e-10 9.74e-06 -11.0 1.19e-05    -  1.00e+00 1.00e+00h  1
2956  6.5804617e-05 4.96e-10 3.51e-06 -11.0 1.33e-05    -  1.00e+00 1.00e+00h  1
2957  6.5808275e-05 1.93e-11 4.03e-05 -11.0 9.57e-05    -  1.00e+00 1.00e+00H  1
2958  6.5800925e-05 1.01e-07 1.51e-03 -11.0 2.90e-04    -  1.00e+00 1.00e+00h  1
2959  7.0106269e-05 9.52e-12 6.82e-04 -11.0 7.57e-04    -  1.00e+00 1.00e+00H  1
iter    objective    inf_pr   inf_du lg(mu)  ||d||  lg(rg) alpha_du alpha_pr  ls
2960  6.5789822e-05 5.62e-07 6.86e-04 -11.0 8.35e-04    -  1.00e+00 1.00e+00h  1
2961  6.5796370e-05 3.32e-09 7.00e-06 -11.0 4.34e-05    -  1.00e+00 1.00e+00h  1
2962  6.5850536e-05 3.20e-11 8.95e-05 -11.0 9.77e-04    -  1.00e+00 1.00e+00H  1
2963  6.5850291e-05 2.16e-11 8.90e-05 -11.0 4.04e-03    -  1.00e+00 9.77e-04h 11
2964  6.5850085e-05 2.05e-11 8.89e-05 -11.0 3.20e-03    -  1.00e+00 4.88e-04h 12
2965  6.7375057e-05 9.41e-13 4.39e-04 -11.0 2.32e-03    -  1.00e+00 1.00e+00H  1
2966  6.7371400e-05 1.68e-11 4.39e-04 -11.0 4.33e-03    -  1.00e+00 9.77e-04h 11
2967  6.7366870e-05 2.47e-11 4.39e-04 -11.0 1.05e-02    -  1.00e+00 2.44e-04h 13
2968  6.7364722e-05 3.08e-11 4.39e-04 -11.0 3.68e-03    -  1.00e+00 4.88e-04h 12
2969  6.7364506e-05 3.08e-11 4.39e-04 -11.0 8.26e-03    -  1.00e+00 1.53e-05h 17
iter    objective    inf_pr   inf_du lg(mu)  ||d||  lg(rg) alpha_du alpha_pr  ls
2970  6.7364192e-05 3.09e-11 4.39e-04 -11.0 3.33e-03    -  1.00e+00 6.10e-05h 15
2971  6.7253464e-05 1.28e-05 6.36e-03 -11.0 5.34e-03    -  1.00e+00 5.00e-01h  2
2972  6.7009605e-05 1.28e-05 7.01e-03 -11.0 1.01e-02    -  1.00e+00 6.25e-02h  5
2973  6.5777149e-05 3.39e-06 5.17e-04 -11.0 1.30e-03    -  1.00e+00 1.00e+00h  1
2974  6.6526501e-05 1.68e-06 6.86e-04 -11.0 4.36e-04    -  1.00e+00 5.00e-01h  2
2975  6.5765893e-05 1.26e-07 5.57e-05 -11.0 1.70e-04    -  1.00e+00 1.00e+00h  1
2976  6.5765355e-05 8.84e-11 4.77e-06 -11.0 6.29e-06    -  1.00e+00 1.00e+00h  1
2977  6.5765026e-05 1.41e-09 1.34e-05 -11.0 2.53e-05    -  1.00e+00 1.00e+00h  1
2978  6.5763989e-05 2.16e-09 7.67e-06 -11.0 4.31e-05    -  1.00e+00 1.00e+00h  1
2979  6.5844178e-05 1.39e-12 1.07e-04 -11.0 4.73e-04    -  1.00e+00 1.00e+00H  1
iter    objective    inf_pr   inf_du lg(mu)  ||d||  lg(rg) alpha_du alpha_pr  ls
2980  6.5761987e-05 7.80e-08 2.67e-04 -11.0 2.57e-04    -  1.00e+00 1.00e+00h  1
2981  6.5758755e-05 6.81e-08 3.47e-04 -11.0 1.57e-04    -  1.00e+00 1.25e-01h  4
2982  6.5756043e-05 3.35e-09 1.08e-05 -11.0 6.00e-05    -  1.00e+00 1.00e+00h  1
2983  6.5755070e-05 3.27e-07 1.50e-04 -11.0 4.19e-03    -  1.00e+00 1.25e-01h  4
2984  6.5754543e-05 4.21e-07 2.65e-04 -11.0 1.78e-02    -  1.00e+00 1.56e-02h  7
2985  6.5750990e-05 7.04e-07 3.97e-04 -11.0 7.42e-03    -  1.00e+00 6.25e-02h  5
2986  6.5750152e-05 3.50e-05 2.39e-03 -11.0 7.91e-02    -  1.00e+00 6.25e-02h  5
2987  6.5749869e-05 3.53e-05 2.48e-03 -11.0 2.28e-01    -  1.00e+00 1.95e-03h 10
2988  6.5747211e-05 3.51e-05 2.57e-03 -11.0 3.15e-02    -  1.00e+00 1.56e-02h  7
2989  6.5746358e-05 3.29e-05 2.87e-03 -11.0 2.19e-03    -  1.00e+00 6.25e-02h  5
iter    objective    inf_pr   inf_du lg(mu)  ||d||  lg(rg) alpha_du alpha_pr  ls
2990  6.5726232e-05 2.44e-05 3.44e-03 -11.0 4.25e-03    -  1.00e+00 1.00e+00h  1
2991  6.5717358e-05 2.45e-05 3.87e-03 -11.0 3.72e-01    -  1.00e+00 9.77e-04h 11
2992  6.5732600e-05 2.32e-05 4.70e-03 -11.0 8.03e-03    -  1.00e+00 6.25e-02h  5
2993  6.5740143e-05 1.43e-05 2.65e-03 -11.0 2.91e-03    -  1.00e+00 5.00e-01h  2
2994  6.5721367e-05 2.27e-05 3.78e-03 -11.0 1.65e-01    -  1.00e+00 1.56e-02h  7
2995  6.5717256e-05 2.29e-05 3.76e-03 -11.0 9.68e-02    -  1.00e+00 3.91e-03h  9
2996  6.5731257e-05 2.28e-05 7.46e-03 -11.0 2.04e-02    -  1.00e+00 3.12e-02h  6
2997  6.5727608e-05 2.23e-05 8.81e-03 -11.0 9.30e-03    -  1.00e+00 3.12e-02h  6
2998  6.5715526e-05 2.09e-05 1.00e-02 -11.0 2.89e-03    -  1.00e+00 6.25e-02h  5
2999  6.5692321e-05 1.73e-05 1.00e-02 -11.0 4.36e-03    -  1.00e+00 2.50e-01h  3
iter    objective    inf_pr   inf_du lg(mu)  ||d||  lg(rg) alpha_du alpha_pr  ls
3000  6.5674146e-05 1.72e-05 1.10e-02 -11.0 2.40e-02    -  1.00e+00 7.81e-03h  8

Number of Iterations....: 3000

                                   (scaled)                 (unscaled)
Objective...............:   6.5674145948839421e-05    6.5674145948839421e-05
Dual infeasibility......:   1.0987107813500804e-02    1.0987107813500804e-02
Constraint violation....:   1.7208241211930098e-05    1.7208241211930098e-05
Variable bound violation:   0.0000000000000000e+00    0.0000000000000000e+00
Complementarity.........:   0.0000000000000000e+00    0.0000000000000000e+00
Overall NLP error.......:   1.0987107813500804e-02    1.0987107813500804e-02


Number of objective function evaluations             = 16945
Number of objective gradient evaluations             = 3001
Number of equality constraint evaluations            = 16956
Number of inequality constraint evaluations          = 0
Number of equality constraint Jacobian evaluations   = 3002
Number of inequality constraint Jacobian evaluations = 0
Number of Lagrangian Hessian evaluations             = 0
Total seconds in IPOPT                               = 3043.523

EXIT: Maximum Number of Iterations Exceeded.
shapovalova [3053s]  loss=6.57e-5
  [final]  nrmse=737800.0  l2=1280.0
saved /orcd/home/002/txenakis/projects/BVPsolver/src/../data/runs/run_48u2qlim/rober_fit.png
saved /orcd/home/002/txenakis/projects/BVPsolver/src/../data/runs/run_48u2qlim/rober_spectral_fit.png
┌ Warning: Attempting to store StiffNN.var"#12#13"{Float64, Float64, Float64}.
│ JLD2 only stores functions by name.
│  This may not be useful for anonymous functions.
└ @ JLD2 ~/.julia/packages/JLD2/ADycq/src/data/writing_datatypes.jl:447
saved run → /orcd/home/002/txenakis/projects/BVPsolver/src/../data/runs/run_48u2qlim
