run_dir,E_VF_species_test,E_VF_species_train,E_VF_test,E_VF_train,E_spec_species_test,E_spec_species_train,E_spec_test,E_spec_train,E_trajectory_species_test,E_trajectory_species_train,E_trajectory_test,E_trajectory_train,collocation_time,computer,derivmatch_time,err-file,init,model,n_params,ncol,out-file,param,pretraining,problem,profile,seed,shap-hessian,shapovalova_time,shoot-iters,shooting_time,sigma,timestamp,training,training_time,cfg.amr_rounds,cfg.depth,cfg.dm_iters,cfg.hidden,cfg.lm_iters,cfg.signed_loss,cfg.linsolve,use_collocation,use_derivmatch,shapovalova,shooting
run_08Q75yMZ,"[10446623.782296566, 1194.5543581813756]","[10.715507911567633, 1.5986795653726147]",5223909.168327373,6.157093738470124,"[0.5359738312047515, 19239.064993098116]","[0.6441668171710596, 3.827308649691848]",9619.80048346466,2.2357377334314537,"[0.9999085679779263, 1.2339071350922954]","[0.9141669227994335, 1.0000010983614722]",1.1169078515351107,0.9570840105804528,0.0,orcd,0.0,/home/txenakis/projects/BVPsolver/logs/array_20391846_132.err,default,stiff,268,0,/home/txenakis/projects/BVPsolver/logs/array_20391846_132.out,none,none,vanderpol,fast,15,exact,0.0,1000,124.061284327,0.0,2026-08-13T22:42:06.387,shooting,124.061284327,1,2,10000,12,150,True,,,,,
run_09nnvX1K,"[1.2659853792184483, 0.27912456983322287, 1768199330533.9207, 22.445606197418023, 23348109021.564983, 41040716584.03978, 0.015594941443124065, 0.018289420944700884, 0.12923635916743947, 1514515593.966409, 4682530816.984437, 0.07487981548282788, 23.093296346820846, 70460.97826079158, 0.017360515981220594, 2.1095285041885443e+30, 0.821535689379011, 0.26911664131419766, 11474.009196866074, 398.0058138051523]","[9.478247367860889e-08, 9.053455205637821e-08, 1.0124164171521857, 4.972200388144683e-07, 0.13120068461383552, 0.5296689825927078, 0.000583425966620477, 0.0008055124461498272, 0.016491512738514093, 0.7488057623645286, 5.263127343607174, 0.007259205556469235, 4.145939527426943, 0.06977349468872113, 0.002601870815472619, 1.183722213936664, 0.016922345216195126, 0.004487133449874389, 0.1865477497452784, 0.5114270530127442]",1.0547642520942722e+29,0.6915890458933571,"[0.9999999999833352, 0.9999996564257434, 0.997855390908868, 0.9990287490102469, 0.9983025923593695, 0.9973578448558195, 0.9911441190629485, 0.742373279856344, 0.6256753760248879, 0.0803007013111689, 5.854147378598213, 38.63381302516896, 60.56222088954961, 142.7288943203143, 1295.3416295831714, 15806.835254986549, 2.2416122228170475e+305, 1.874944154464237e+305, 6.204137569810993e+304, 5.0324233985295e+301]","[0.9999999993400052, 0.9999993127647504, 0.993118227713593, 0.99532756095212, 0.9952931992268733, 0.9848396661397083, 0.9702684377464439, 0.5391730006229988, 0.12745374135311321, 7.340167792590738, 25.883736450487934, 1889.6031632832335, 14319.93455437561, 18974.61940128572, 231385.52913582674, 239501303.66309616, inf, 1.409996041578864e+308, 6.122015613480412e+307, 1.1615364054693255e+305]",2.368736688301118e+304,inf,"[6657491.871020809, 1914071.3614436523, 9.680227636363934e+19, 489133844.250999, 2.9780261300752356e+16, 4.21917641884563e+17, 2963.2333003335616, 1024.8872228803139, 2797886.0439829878, 4.350349345215216e+19, 2.338687271507741e+18, 4431464.823457899, 217731826.0279719, 14165041759628.535, 2948069.958850664, 2.692588824962455e+38, 5556981.7703279015, 33276582.567611117, 54339450640337.98, 3834342886.782566]","[687993.1519896915, 15090.967524426405, 8.829713716661266e+18, 403623.8468916671, 237438712232123.97, 1374314558526870.8, 35.59965514560823, 18.17812057769237, 24133.961756181496, 1.727781133497552e+17, 9514023006468772.0, 1934988.2439018406, 56847385.252151765, 127375432371.05313, 2514212.1346434853, 2.291891193726358e+35, 66148.81383223523, 16807776.581174895, 18633001860118.69, 3656011241.9108095]",1.3462944124812275e+37,1.145945596863179e+34,4848.803975906,orcd,0.0,/home/txenakis/projects/BVPsolver/logs/array_20391846_20.err,default,mlp,3444,0,/home/txenakis/projects/BVPsolver/logs/array_20391846_20.out,none,none,pollu,fast,11,exact,0.0,1000,0.0,0.0,2026-08-13T23:31:05.146,collocation,4848.803975906,1,3,30000,32,150,False,,,,,
run_0BLmyHm6,,,,,,,,,,,,,0.0,orcd,29.013032152,/home/txenakis/projects/BVPsolver/logs/array_20140853_161.err,default,mlp,243,0,/home/txenakis/projects/BVPsolver/logs/array_20140853_161.out,none,derivmatch,rober,fast,12,,0.0,1000,0.0,0.0,2026-08-11T02:02:05.309,none,29.013032152,1,2,10000,12,150,False,,,,,
run_0BrnUKSf,"[0.003491629023558983, 0.0003463697886834507, 0.0002583047939518965]","[0.0021643198830668007, 0.00010993092834579057, 0.00017962024103380738]",0.00136543453539811,0.0008179570174821328,"[0.9945019265279103, 0.9960549157827169, 0.8915370112590169]","[0.9901279029706659, 0.8112164424005774, 1.2821333658272804]",0.9606979511898813,1.0278259037328412,"[1.0753848000133974, 0.7632131151812649, 1.0495491496761127]","[1.0886067949684322, 9.955692466227957, 0.9269039293150907]",0.9627156882902583,3.9904010635038265,0.0,orcd,32.408726437,/home/txenakis/projects/BVPsolver/logs/array_20391846_278.err,default,stiff,486,0,/home/txenakis/projects/BVPsolver/logs/array_20391846_278.out,none,derivmatch,orego,fast,11,exact,0.0,1000,0.0,0.0,2026-08-13T23:40:36.680,none,32.408726437,1,2,10000,16,150,False,,,,,
run_0CWrKVsW,,,,,,,,,,,,,0.0,orcd,25.20771664,/home/txenakis/projects/BVPsolver/logs/array_20140853_199.err,default,GELU-scaled,188,0,/home/txenakis/projects/BVPsolver/logs/array_20140853_199.out,none,derivmatch,rober,fast,15,,0.0,1000,0.0,0.0,2026-08-11T02:19:37.650,none,25.20771664,1,2,10000,12,150,False,,,,,
run_0Gfl62cO,,,,,,,,,,,,,30.977207555,orcd,0.0,/home/txenakis/projects/BVPsolver/logs/array_20198490_515.err,default,GELU-scaled,188,0,/home/txenakis/projects/BVPsolver/logs/array_20198490_515.out,none,none,orego,fast,11,,0.0,1000,0.0,0.0,2026-08-11T13:20:59.321,collocation,30.977207555,1,2,10000,16,150,False,,,,,
run_0H5EbMNc,,,,,,,,,,,,,16.495439571,orcd,29.014587921,/home/txenakis/projects/BVPsolver/logs/array_20140853_137.err,default,stiff,318,0,/home/txenakis/projects/BVPsolver/logs/array_20140853_137.out,none,derivmatch,rober,fast,13,,0.0,1000,0.0,0.0,2026-08-11T01:49:02.052,collocation,45.510027492,1,2,10000,12,150,False,,,,,
run_0HTw2xgv,"[316270.869770714, 5820379.349529805, 8922.8969951976, 288577.5468705832, 0.9434644905490851, 0.6466268083387846, 1.6066584085012976, 5.891931006660253]","[0.9920731945570226, 0.9972382296155006, 1.0022183722282196, 0.9978877928213599, 1.0053637951560679, 1.0037544063342738, 1.0072517654656927, 0.9949703856227704]",804269.9689808767,1.0000947427251135,"[0.8914535835287711, 0.9908017319975189, 0.9754869060399847, 0.9767157751442361, 0.9747354901354477, 0.9296148743772013, 0.8482180055364246, 3.037506964560875e+28]","[0.9983119467394305, 0.991392799635112, 0.992850160418679, 0.9824354189711971, 0.9819515188479863, 0.9583336182805706, 0.9259046768777883, 9.406399740394496e+16]",3.796883705701094e+27,1.175799967549312e+16,"[129163.43483397848, 3883.106270638984, 13679.749436355069, 3857.360567308675, 0.6772455098568941, 587.6503626682658, 1.1237387355905135, 1.1529469619572357]","[0.6309213626280561, 1.1552172877178168, 1.0148344656289001, 0.9946818933934446, 0.994804432042832, 1.0139171770931583, 1.0196294884498995, 0.5366299523071802]",18896.781925269614,0.9200795074076609,256.913645443,orcd,0.0,/home/txenakis/projects/BVPsolver/logs/array_20391846_212.err,default,stiff,816,0,/home/txenakis/projects/BVPsolver/logs/array_20391846_212.out,none,none,hires,fast,11,exact,0.0,1000,0.0,0.0,2026-08-13T23:05:12.203,collocation,256.913645443,1,2,10000,16,150,False,qr,,,,
run_0Lq1bPrm,,,,,,,,,,,,,0.0,orcd,23.040825578,/home/txenakis/projects/BVPsolver/logs/array_heavy_20252509_135.err,default,mlp,387,0,/home/txenakis/projects/BVPsolver/logs/array_heavy_20252509_135.out,none,derivmatch,orego,fast,11,exact,8.929206464,1000,0.0,0.0,2026-08-12T13:32:15.418,shapovalova,31.970032042,1,2,10000,16,150,False,,,,,
run_0Yi01jZ5,"[1371433886.7428, 31690984125487.836]","[0.013868690194506964, 4.906067157785667e-06]",15846177779687.29,0.0069367981308323745,"[0.0011486234544631135, 7.1433321950699735]","[0.07645147274234751, 0.344401877320033]",3.572240409262218,0.21042667503119028,"[369200208.69495517, 672869812.172881]","[4.240779009138256e-07, 1.972422473447082e-06]",521035010.4339181,1.1982501871804537e-06,0.0,orcd,0.0,/home/txenakis/projects/BVPsolver/logs/array_20391846_345.err,default,stiff,268,0,/home/txenakis/projects/BVPsolver/logs/array_20391846_345.out,none,none,davis-skodje,fast,15,exact,0.0,1000,568.932965182,0.0,2026-08-14T00:12:23.551,shooting,568.932965182,3,2,10000,12,150,False,,,,,
run_0ehx44A8,,,,,,,,,,,,,141.590428539,orcd,29.398250662,/home/txenakis/projects/BVPsolver/logs/array_20198490_348.err,default,stiff,816,0,/home/txenakis/projects/BVPsolver/logs/array_20198490_348.out,none,derivmatch,hires,fast,14,,0.0,1000,0.0,0.0,2026-08-11T10:14:48.067,collocation,170.988679201,1,2,10000,16,150,False,qr,,,,
run_0fcggaQi,"[2252158.7672670865, 303642906.55422485, 1910811.1174601158, 582755.135358913, 225.01550380214474, 1171.3259639757143, 240.61342118955446, 242.32453174028433]","[0.32993036883799215, 0.386679666000026, 0.5152245820214862, 0.11978231838851075, 0.18108291481474628, 0.12216361029219923, 0.708243725080731, 0.7075192477255647]",38548813.85671647,0.3838283041451571,"[0.5739775546816606, 0.48027267256155964, 0.6905672259338752, 0.8812396233537574, 0.9584932545651463, 0.8373371316481926, 0.905952836714523, 4.0656283717092704e+26]","[0.9687363307188138, 0.5517346520894818, 0.8613374458664507, 0.8740182712550385, 0.9576955287797665, 0.8420856943861973, 0.9617282426639722, 2.9032788182772108e+16]",5.082035464636588e+25,3629098522846514.5,"[1052905086.3754377, 42877468.80146836, 314770620772.8273, 125539.3940994807, 2515918964.7010474, 287770457.8422881, 26091543.635706227, 1307711.9908818265]","[7.942359143557515, 2.150185881092493, 156271.55867105332, 0.3404052917726734, 1098.1776365458898, 52.82901728162047, 17481.128776229387, 17703.75451980207]",39837202193.19602,24077.235196403588,0.0,orcd,27.531921643,/home/txenakis/projects/BVPsolver/logs/array_20391846_235.err,default,mlp,552,0,/home/txenakis/projects/BVPsolver/logs/array_20391846_235.out,none,derivmatch,hires,fast,15,exact,0.0,1000,0.0,0.0,2026-08-13T23:20:25.264,none,27.531921643,1,2,10000,16,150,False,qr,,,,
run_0iYkGLtw,,,,,,,,,,,,,0.0,orcd,28.721924888,/home/txenakis/projects/BVPsolver/logs/array_20198490_443.err,default,stiff,486,0,/home/txenakis/projects/BVPsolver/logs/array_20198490_443.out,none,derivmatch,orego,fast,14,,0.0,1000,0.0,0.0,2026-08-11T12:13:45.583,none,28.721924888,1,2,10000,16,150,False,,,,,
run_0ilswGVa,,,,,,,,,,,,,0.0,orcd,0.0,/home/txenakis/projects/BVPsolver/logs/array_heavy_20252509_112.err,default,GELU-scaled,243,0,/home/txenakis/projects/BVPsolver/logs/array_heavy_20252509_112.out,none,none,hires,fast,13,exact,9.109045033,1000,0.0,0.0,2026-08-12T13:26:44.816,shapovalova,9.109045033,1,2,10000,16,150,False,qr,,,,
run_0nOPPAvJ,"[4148111.5461873366, 979996.3153949697, 467062.0928201556, 1428956.4876975885, 742.7616881729133, 2244.2519380202657, 19.170861097460726, 16.19158682186667]","[0.33110604672269267, 0.39273396122066634, 0.5836332636381119, 0.12935412055647688, 0.3135810083103868, 0.028558439799465724, 0.7969520204746895, 0.7831871482804967]",878393.6022717702,0.4198882511253733,"[0.5589094702768471, 0.4628607227019854, 0.7797829429418047, 0.7284308744122631, 0.9548971585632333, 0.9604665206788509, 0.9791977130436855, 8.10862067828736e+27]","[0.9665457145202704, 0.5158104337184183, 0.9044403852475578, 0.740753912898127, 0.9528872373164087, 0.972558963111701, 0.9786568436925517, 3.759702080491927e+16]",1.01357758478592e+27,4699627600614910.0,"[46387302955.354965, 203620363.32815677, 129655477956.68317, 131373243.7831257, 1226719743.0735455, 1812355210.054889, 2387458.560421515, 259782.54681550368]","[836.0536416269924, 26.821619419002275, 100163.10289768953, 58.7206147396224, 1096.7203178749287, 473.30680553465817, 69.39731164962299, 503.1526327934109]",22427437089.173134,12903.40948016597,0.0,orcd,25.992946386,/home/txenakis/projects/BVPsolver/logs/array_20391846_234.err,default,mlp,552,0,/home/txenakis/projects/BVPsolver/logs/array_20391846_234.out,none,derivmatch,hires,fast,14,exact,0.0,1000,0.0,0.0,2026-08-13T23:19:38.157,none,25.992946386,1,2,10000,16,150,False,qr,,,,
run_0oHxpKt3,,,,,,,,,,,,,0.0,orcd,0.0,/home/txenakis/projects/BVPsolver/logs/array_heavy_20252509_70.err,default,mlp,218,0,/home/txenakis/projects/BVPsolver/logs/array_heavy_20252509_70.out,none,none,vanderpol,fast,11,,4203.211955419,1000,0.0,0.0,2026-08-12T11:06:22.246,shapovalova,4203.211955419,1,2,10000,12,150,True,,,,,
run_0pAVzUCM,,,,,,,,,,,,,0.0,orcd,33.110367523,/home/txenakis/projects/BVPsolver/logs/array_heavy_20252509_35.err,default,stiff,318,0,/home/txenakis/projects/BVPsolver/logs/array_heavy_20252509_35.out,none,derivmatch,rober,fast,11,,4610.909011022,1000,0.0,0.0,2026-08-12T07:21:25.393,shapovalova,4644.019378545,1,2,10000,12,150,False,,,,,
run_0pSCJcJK,"[6394620308.248554, 4461733823826.289, 371100319293.5237, 43462608704.5799, 19580896.816254023, 189390.2692786465, 3375816.2924195156, 252066907.40675107]","[0.3619106385597395, 0.6086931746010191, 323.14419844650774, 4.85261490266904, 112.2603812420354, 8.056701794770412, 269.7085367597914, 3114.4326261221263]",610370823142.9283,479.1782078851326,"[0.6385791294719497, 0.5558817501170251, 0.37597469959775937, 0.2910504626250045, 0.25007447257600585, 1.1138175791438079, 0.4120740421878068, 5.542689454989696e+32]","[0.9814514549114601, 0.6996774426985432, 0.7544134479165683, 0.4931358961101248, 0.485284830207027, 0.13182112985656375, 4.205510791622209, 1.21672684387008e+21]",6.92836181873712e+31,1.5209085548376e+20,"[259954.6571229461, 9526674.502978228, 2.7216023495411816, 671034.9022400288, 523802.7432802575, 171076.1693567605, 33.86066622803152, 2.5470051183426405]","[0.11178130097658065, 22.586374088573308, 18.840640984340986, 15.12527101452034, 5.375013814055547, 3.9195336147152986, 2.1111806949496277, 0.9932647296257877]",1394072.7630314894,8.632882530219684,0.0,orcd,0.0,/home/txenakis/projects/BVPsolver/logs/array_20391846_225.err,default,mlp,552,0,/home/txenakis/projects/BVPsolver/logs/array_20391846_225.out,none,none,hires,fast,15,exact,0.0,1000,1864.593970205,0.0,2026-08-13T23:40:30.521,shooting,1864.593970205,1,2,10000,16,150,False,qr,,,,
run_0tGVJv8Q,"[11474527136.439167, 5169373470.753221]","[0.00603333809407793, 0.9295737242933024]",8321950303.596193,0.46780353119369017,"[0.9759131794600652, 0.9939965877982689]","[0.9497532496828087, 0.9954440053507472]",0.984954883629167,0.972598627516778,"[20401656596.87852, 1497104828.8073308]","[0.00014724945755521893, 0.2819302327627755]",10949380712.842926,0.14103874111016537,0.0,orcd,0.0,/home/txenakis/projects/BVPsolver/logs/array_20391846_392.err,default,GELU-scaled,177,0,/home/txenakis/projects/BVPsolver/logs/array_20391846_392.out,none,none,davis-skodje,fast,12,exact,0.0,1000,121.517736403,0.0,2026-08-14T00:17:56.389,shooting,121.517736403,3,2,10000,12,150,False,,,,,
run_0vKomsHq,,,,,,,,,,,,,51.160019518,orcd,0.0,/home/txenakis/projects/BVPsolver/logs/array_20140853_237.err,default,stiff,268,0,/home/txenakis/projects/BVPsolver/logs/array_20140853_237.out,none,none,vanderpol,fast,13,,0.0,1000,0.0,0.0,2026-08-11T02:47:57.855,collocation,51.160019518,1,2,10000,12,150,True,,,,,
run_0xqgWXhI,"[672402161.3490083, 8.013196671854266e+17, 4100275113.377672]","[320.67317881669777, 17.803088526169347, 1008.9962876458743]",2.6710655731936794e+17,449.15751832958045,"[0.9998451433838418, 8284744.964609941, 4.568433198528188e+29]","[0.9997174740672954, 1.6987380474532765, 2.1274347018789243e+29]",1.5228110661760626e+29,7.091449006263081e+28,"[10.742315002770644, 24966.191754817344, 1.020865474258097]","[0.32717737441784406, 1376.5652349176987, 1.313094751241812]",8325.984978431457,459.4018356811195,0.0,orcd,0.0,/home/txenakis/projects/BVPsolver/logs/array_20391846_81.err,default,mlp,243,0,/home/txenakis/projects/BVPsolver/logs/array_20391846_81.out,none,none,rober,fast,14,exact,0.0,1000,388.376567713,0.0,2026-08-13T22:31:24.189,shooting,388.376567713,1,2,10000,12,150,False,,,,,
run_0zFIEZKM,,,,,,,,,,,,,21.615173057,orcd,23.016732286,/home/txenakis/projects/BVPsolver/logs/array_20140853_278.err,default,mlp,218,0,/home/txenakis/projects/BVPsolver/logs/array_20140853_278.out,none,derivmatch,vanderpol,fast,14,,0.0,1000,0.0,0.0,2026-08-11T03:06:09.796,collocation,44.631905343,1,2,10000,12,150,True,,,,,
run_15UWhOKv,"[1300080321.2097821, 1.638523889489751e+19, 3675122635.6805515]","[10.176320149225882, 659.7716699322566, 567.5181416277577]",5.461746299957571e+18,412.4887105697467,"[0.9999354553474045, 1999350.8037348152, 2.5049770793287053e+29]","[0.9997516313548799, 0.7157583666417858, 1.0409036470876415e+29]",8.34992359776235e+28,3.4696788236254716e+28,"[3.482884061830207e+23, 5.903546122565047e+33, 2.0983093509501034e+19]","[3141.616514697878, 2185618405559.4492, 212.79638953096827]",1.9678487076377853e+33,728539469637.954,20.870467626,orcd,0.0,/home/txenakis/projects/BVPsolver/logs/array_20391846_96.err,default,mlp,243,0,/home/txenakis/projects/BVPsolver/logs/array_20391846_96.out,none,none,rober,fast,14,exact,0.0,1000,0.0,0.0,2026-08-13T22:31:40.517,collocation,20.870467626,1,2,10000,12,150,False,,,,,
run_1890qUf6,,,,,,,,,,,,,0.0,orcd,0.0,/home/txenakis/projects/BVPsolver/logs/array_20140853_176.err,default,GELU-scaled,188,0,/home/txenakis/projects/BVPsolver/logs/array_20140853_176.out,none,none,rober,fast,12,,0.0,1000,200.793401012,0.0,2026-08-11T02:10:03.497,shooting,200.793401012,1,2,10000,12,150,False,,,,,
run_19fJqN4g,,,,,,,,,,,,,0.0,orcd,0.0,/home/txenakis/projects/BVPsolver/logs/array_heavy_20252509_73.err,default,mlp,218,0,/home/txenakis/projects/BVPsolver/logs/array_heavy_20252509_73.out,none,none,vanderpol,fast,14,,3753.75771297,1000,0.0,0.0,2026-08-12T11:07:02.039,shapovalova,3753.75771297,1,2,10000,12,150,True,,,,,
run_1MJPRoKf,,,,,,,,,,,,,0.0,orcd,0.0,/home/txenakis/projects/BVPsolver/logs/array_20140853_246.err,default,mlp,218,0,/home/txenakis/projects/BVPsolver/logs/array_20140853_246.out,none,none,vanderpol,fast,12,,0.0,1000,442.125398893,0.0,2026-08-11T02:56:51.653,shooting,442.125398893,1,2,10000,12,150,True,,,,,
run_1NS2ZDnP,,,,,,,,,,,,,0.0,orcd,23.87681412,/home/txenakis/projects/BVPsolver/logs/array_heavy_20252509_108.err,default,mlp,552,0,/home/txenakis/projects/BVPsolver/logs/array_heavy_20252509_108.out,none,derivmatch,hires,fast,14,exact,12.528603177,1000,0.0,0.0,2026-08-12T13:25:46.154,shapovalova,36.405417297,1,2,10000,16,150,False,qr,,,,
run_1UZ7ZJuV,,,,,,,,,,,,,13.85637427,orcd,24.13365387,/home/txenakis/projects/BVPsolver/logs/array_20140853_172.err,default,mlp,243,0,/home/txenakis/projects/BVPsolver/logs/array_20140853_172.out,none,derivmatch,rober,fast,13,,0.0,1000,0.0,0.0,2026-08-11T02:05:28.250,collocation,37.99002814,1,2,10000,12,150,False,,,,,
run_1dU9hZpX,,,,,,,,,,,,,0.0,orcd,30.28950742,/home/txenakis/projects/BVPsolver/logs/array_20140853_127.err,default,stiff,318,0,/home/txenakis/projects/BVPsolver/logs/array_20140853_127.out,none,derivmatch,rober,fast,13,,0.0,1000,0.0,0.0,2026-08-11T01:42:51.672,none,30.28950742,1,2,10000,12,150,False,,,,,
run_1hpnNmzT,,,,,,,,,,,,,0.0,orcd,0.0,/home/txenakis/projects/BVPsolver/logs/array_20140853_143.err,default,mlp,243,0,/home/txenakis/projects/BVPsolver/logs/array_20140853_143.out,none,none,rober,fast,14,,0.0,1000,600.728905463,0.0,2026-08-11T02:00:22.148,shooting,600.728905463,1,2,10000,12,150,False,,,,,
run_1pne3Mdp,"[15510098.250512088, 4172536.396232189, 408794.75354100025, 1778553.8724695686, 715.1396449552384, 448.83147615924315, 6.22365359417132, 1574.04238882349]","[0.42849750183911106, 0.9016302975822312, 2.5580035246789583, 1.0288006925770317, 1.5890678770062263, 0.1593512559235149, 11.6990353259992, 0.7855069512465918]",2734090.9387397976,2.3937366783566083,"[0.5762913321424848, 0.7969612075714776, 0.508548273199084, 0.5518359839634744, 0.5196199078247555, 0.4491880113837171, 0.25782785287171406, 3.3741498357704925e+29]","[0.971435202248202, 0.8145583390681179, 0.7858994673104008, 0.6270873370530703, 0.6212921057254542, 0.24166018591499, 0.4438152652517876, 1.3227881359459136e+20]",4.217687294713116e+28,1.653485169932392e+19,"[34587016266.513435, 1958884170573.627, 6620541944833.934, 20283989155.666656, 216911041.9964597, 2702669336.979895, 38873384231.035194, 268975056.0969811]","[177.9594403020607, 78053.49399028753, 2429664.8726811814, 5678.681845679541, 3556.9095533021755, 786.8228320250709, 17038170.47306021, 3205390.9947388596]",1084544882561.9811,2845185.0260177306,136.122574908,orcd,0.0,/home/txenakis/projects/BVPsolver/logs/array_20391846_239.err,default,mlp,552,0,/home/txenakis/projects/BVPsolver/logs/array_20391846_239.out,none,none,hires,fast,14,exact,0.0,1000,0.0,0.0,2026-08-13T23:26:47.655,collocation,136.122574908,1,2,10000,16,150,False,qr,,,,
run_1sAIHBve,,,,,,,,,,,,,0.0,orcd,0.0,/home/txenakis/projects/BVPsolver/logs/array_heavy_20252509_83.err,default,GELU-scaled,177,0,/home/txenakis/projects/BVPsolver/logs/array_heavy_20252509_83.out,none,none,vanderpol,fast,14,,835.651834229,1000,0.0,0.0,2026-08-12T12:50:27.997,shapovalova,835.651834229,1,2,10000,12,150,True,,,,,
run_1u3yyQPh,,,,,,,,,,,,,0.0,orcd,29.334087447,/home/txenakis/projects/BVPsolver/logs/array_20198490_511.err,default,GELU-scaled,188,0,/home/txenakis/projects/BVPsolver/logs/array_20198490_511.out,none,derivmatch,orego,fast,12,,0.0,1000,0.0,0.0,2026-08-11T13:19:30.564,none,29.334087447,1,2,10000,16,150,False,,,,,
run_1wbL19Gt,,,,,,,,,,,,,147.917734001,orcd,29.663437897,/home/txenakis/projects/BVPsolver/logs/array_20198490_349.err,default,stiff,816,0,/home/txenakis/projects/BVPsolver/logs/array_20198490_349.out,none,derivmatch,hires,fast,15,,0.0,1000,0.0,0.0,2026-08-11T10:15:01.345,collocation,177.581171898,1,2,10000,16,150,False,qr,,,,
run_1zqChve1,,,,,,,,,,,,,2448.979570113,orcd,29.271201417,/home/txenakis/projects/BVPsolver/logs/array_20140853_104.err,default,GELU-scaled,650,0,/home/txenakis/projects/BVPsolver/logs/array_20140853_104.out,none,derivmatch,pollu,fast,15,,0.0,1000,0.0,0.0,2026-08-11T02:23:49.336,collocation,2478.2507715300003,1,3,30000,32,150,False,,,,,
run_20dQecHN,"[0.9924899443891548, 0.9981395597159884, 1.0002279062342365]","[1.0000718228977423, 0.9938504307415124, 0.9996560719136833]",0.9969524701131265,0.9978594418509793,"[0.9999966068724732, 1.0094402827077007, 0.9744522998519167]","[0.9999978751573046, 1.0072124823416486, 0.9998399404344497]",0.994629729810697,1.0023500993111343,"[0.9950371613579664, 0.7052557765370606, 0.994618604831735]","[1.0008483856457528, 0.9089519619700465, 0.99352892052271]",0.8983038475755873,0.9677764227128365,0.0,orcd,0.0,/home/txenakis/projects/BVPsolver/logs/array_20391846_321.err,default,GELU-scaled,188,0,/home/txenakis/projects/BVPsolver/logs/array_20391846_321.out,none,none,orego,fast,15,exact,0.0,1000,720.160075474,0.0,2026-08-14T00:02:34.930,shooting,720.160075474,1,2,10000,16,150,False,,,,,
run_21aaNVi7,,,,,,,,,,,,,0.0,orcd,0.0,/home/txenakis/projects/BVPsolver/logs/array_heavy_20252509_174.err,default,GELU-scaled,177,0,/home/txenakis/projects/BVPsolver/logs/array_heavy_20252509_174.out,none,none,davis-skodje,fast,15,exact,8.855956392,1000,0.0,0.0,2026-08-12T13:41:24.867,shapovalova,8.855956392,3,2,10000,12,150,False,,,,,
run_23OLz6gm,"[32.32381497318343, 1.336528080270635, 5.732969325350642, 265.04340326065045, 4450.338135561416, 11417.379435630095, 0.10411530058200442, 0.2826543311820913, 2.369113617348644, 10403.188841278457, 9591.937367036435, 0.9653310923911439, 4.939703872053267, 873.6833361117557, 0.5330108922730309, 249.2556798688602, 0.007788791373274395, 2.500645623783287, 817.3517215035988, 11.68770059304398]","[0.053593411718204906, 0.06270934572238361, 0.9999969681699769, 0.07726236371845259, 1.004703904752437, 1.0305553647006223, 10.607108490454172, 0.6584104290244432, 1.1874140793343626, 1.0380453225697415, 1.0291415668359387, 1.2931120178243924, 37.02367670151357, 2.7655769393588754, 29.306991281401643, 1.0000000000017282, 0.3505553698023011, 2.7922867638206244, 0.8127888949523389, 30.16310322839612]",1906.548064837205,6.1628516222036165,"[0.9999999999996967, 0.999999972299189, 0.9999757318198977, 0.9999874886757767, 0.9999932522373302, 0.9999995457124287, 0.9999979539014608, 0.9999951509906223, 0.9999979190072937, 0.9999959413419152, 0.999999999999739, 0.9999999999999402, 0.9999999999999469, 0.9999999999999369, 0.9999999999999002, 0.9999999999993414, 4.516408158993761e+275, 1.1348909198161694e+275, 1.922510981503997e+274, 1.0725696703128955e+258]","[0.999999999998315, 0.9999999758608138, 0.9999890483156657, 0.9999966118513388, 0.9999991719103489, 0.9999983886684208, 0.9999965025512868, 0.9999939021650192, 0.9999928136996543, 0.9999999420856384, 0.9999999999999992, 0.9999999999999943, 0.9999999999999893, 0.9999999999999913, 0.9999999999999822, 0.9999999999996397, 1.614298849254477e+274, 3.207161952504982e+273, 1.2537095677554354e+273, 6.028715960643971e+256]",2.9217750884801653e+274,1.0301930006402595e+273,"[0.06821597356122358, 0.010229635937040644, 0.08221828046810013, 0.4349029742855861, 2.2365657469297227, 8.568375235013571, 0.01787429850881798, 0.0005073802120671688, 0.07081234422416592, 8.177901991057198, 8.1978896714452, 0.31296378010902776, 0.7863189430146749, 7.993399509342127, 0.0013766849233974676, 60.287410051992644, 0.007125363250286738, 0.22867229668676683, 0.9859774010735408, 0.0004748106886280459]","[0.017211871152489833, 9.29615386561992e-05, 0.023202228203880407, 0.0050672177164502305, 1.2934441103075989, 1.8638160134457504, 0.00032462586597780334, 5.74355544000085e-06, 0.0005950061023679082, 1.8573436195027069, 1.8035672596700294, 0.16555833565317574, 0.1684927781543794, 0.1683439590207194, 0.004346979576803445, 1.8495658584972812, 9.787307678387212e-05, 0.13446057770409603, 0.3384701127355917, 0.028558791469001914]",4.92346061863619,0.48612829614745917,2439.20125521,orcd,0.0,/home/txenakis/projects/BVPsolver/logs/array_20391846_43.err,default,GELU-scaled,650,0,/home/txenakis/projects/BVPsolver/logs/array_20391846_43.out,none,none,pollu,fast,11,exact,0.0,1000,0.0,0.0,2026-08-13T22:52:24.003,collocation,2439.20125521,1,3,30000,32,150,False,,,,,
run_26WBwwKC,"[592337.5434943114, 6320767.145431286, 13045.805448208575, 52.744871320933434, 902.4970123829083, 1645.2183469033118, 1.110744156833359, 1.0389231888634596]","[0.04105415385926383, 0.1204950142902372, 0.28730360162093543, 0.24890065260416336, 0.01140079511395612, 0.053305872221764396, 0.3320160375981255, 0.3518427461982954]",866094.1380339699,0.18078985918834264,"[0.9738396854699735, 0.999516005819801, 0.9987058331171598, 1.0, 1.0, 1.0, 1.0, 0.9955441006020332]","[0.99216233994241, 0.9149394789891098, 0.9996293896037138, 0.9999999996298616, 0.9999999999999791, 0.9999999999999999, 1.0, 0.9999999880042891]",0.9959507031261209,0.9883413995211705,"[6.223429207967034e+18, 1.9636236817348383e+19, 1.4007437425388247e+18, 1.1616342770245942e+18, 1.2259189422757174e+17, 5.193285634602855e+17, 46465107277461.46, 2541605062918.908]","[105035.93677784121, 1865495.192882751, 1086366.6348935876, 738344.5699240456, 90682.51697776647, 123795.89204085132, 52647.58123524302, 58289.04458615194]",3.6330016886598794e+18,515082.1711647798,0.0,orcd,26.717702082,/home/txenakis/projects/BVPsolver/logs/array_20391846_258.err,default,GELU-scaled,243,0,/home/txenakis/projects/BVPsolver/logs/array_20391846_258.out,none,derivmatch,hires,fast,13,exact,0.0,1000,0.0,0.0,2026-08-13T23:35:17.330,none,26.717702082,1,2,10000,16,150,False,qr,,,,
run_2E4rmpoj,,,,,,,,,,,,,0.0,orcd,30.937165845,/home/txenakis/projects/BVPsolver/logs/array_20140853_160.err,default,mlp,243,0,/home/txenakis/projects/BVPsolver/logs/array_20140853_160.out,none,derivmatch,rober,fast,11,,0.0,1000,0.0,0.0,2026-08-11T02:02:09.380,none,30.937165845,1,2,10000,12,150,False,,,,,
run_2FldsJ47,"[1.0386360404481236, 0.6014906946322732, 0.9185361809876817]","[0.9993782569766783, 0.550131092606898, 0.9441964246439294]",0.8528876386893596,0.8312352580758352,"[0.9999826784999493, 1.00262766798839, 0.9784699741121164]","[0.999991393382491, 0.9998383033835206, 1.0000346466999304]",0.9936934402001518,0.999954781155314,"[1.0000175021502136, 1.000674787258267, 0.9998525346040509]","[1.000017600971491, 1.0008711812584112, 0.9999084785230586]",1.0001816080041772,1.0002657535843202,54.130232043,orcd,26.582807112,/home/txenakis/projects/BVPsolver/logs/array_20391846_314.err,default,mlp,387,0,/home/txenakis/projects/BVPsolver/logs/array_20391846_314.out,none,derivmatch,orego,fast,13,exact,0.0,1000,0.0,0.0,2026-08-13T23:50:25.042,collocation,80.713039155,1,2,10000,16,150,False,,,,,
run_2Kjn3SiU,"[nan, nan, nan]","[0.009039485943634856, 0.9978521464366266, 3.2275290948994364]",nan,1.4114735757598993,"[nan, nan, nan]","[0.9998166334905292, 0.9768408372337101, 141708539895943.75]",nan,47236179965315.24,"[nan, nan, nan]","[1.1765196541088019e-05, 0.6929394804333241, 0.0012066278958526835]",nan,0.23138595784190596,0.0,orcd,0.0,/home/txenakis/projects/BVPsolver/logs/array_20391846_104.err,default,GELU-scaled,188,0,/home/txenakis/projects/BVPsolver/logs/array_20391846_104.out,none,none,rober,fast,12,exact,0.0,1000,199.389355329,0.0,2026-08-13T22:36:00.259,shooting,199.389355329,1,2,10000,12,150,False,,,,,
run_2R1nDXhU,"[0.7303275856192776, 4.730026513572375]","[0.969892734783225, 0.9999586615210279]",2.7301770495958264,0.9849256981521264,"[0.9977307491308537, 0.9918291218070242]","[0.9985279381966975, 0.9998967616544716]",0.994779935468939,0.9992123499255845,"[1.221510135925684, 380.9517826197058]","[0.8148838971347958, 0.9680074520270298]",191.08664637781575,0.8914456745809127,0.0,orcd,0.0,/home/txenakis/projects/BVPsolver/logs/array_20391846_178.err,default,GELU-scaled,177,0,/home/txenakis/projects/BVPsolver/logs/array_20391846_178.out,none,none,vanderpol,fast,15,exact,0.0,1000,253.428840229,0.0,2026-08-13T22:55:44.701,shooting,253.428840229,1,2,10000,12,150,True,,,,,
run_2TY30y7Y,"[176455117.50867575, 6455065.081262168]","[0.0003289266451137154, 2.452872928120452e-05]",91455091.29496896,0.00017672768719745994,"[0.9862790316537035, 0.9874697078032496]","[0.435678834312532, 0.49809896317948804]",0.9868743697284765,0.46688889874601003,"[5684737104.221472, 15947293716.055153]","[1.5791952665007502e-06, 9.300780833253801e-07]",10816015410.138313,1.2546366749130652e-06,0.0,orcd,0.0,/home/txenakis/projects/BVPsolver/logs/array_20391846_394.err,default,GELU-scaled,177,0,/home/txenakis/projects/BVPsolver/logs/array_20391846_394.out,none,none,davis-skodje,fast,14,exact,0.0,1000,183.066029309,0.0,2026-08-14T00:19:49.753,shooting,183.066029309,3,2,10000,12,150,False,,,,,
run_2XXbU4G2,,,,,,,,,,,,,0.0,orcd,0.0,/home/txenakis/projects/BVPsolver/logs/array_20140853_186.err,default,GELU-scaled,188,0,/home/txenakis/projects/BVPsolver/logs/array_20140853_186.out,none,none,rober,fast,12,,103.452739246,1000,0.0,0.0,2026-08-11T02:15:03.726,shapovalova,103.452739246,1,2,10000,12,150,False,,,,,
run_2h6OxlSc,,,,,,,,,,,,,0.0,orcd,45.657152276,/home/txenakis/projects/BVPsolver/logs/array_20140853_20.err,default,stiff,4744,0,/home/txenakis/projects/BVPsolver/logs/array_20140853_20.out,none,derivmatch,pollu,fast,11,,0.0,1000,0.0,0.0,2026-08-10T22:43:02.576,none,45.657152276,1,3,30000,32,150,False,,,,,
run_2k1RhO2Z,"[367337.585562956, 1199894288.3134222]","[0.0035692442973862875, 0.3634557835934735]",600130812.9494926,0.18351251394542992,"[0.03384140662036295, 0.006019992042324148]","[0.3962979737355101, 0.5058098411103013]",0.01993069933134355,0.4510539074229057,"[826948.2908226058, 356486.7158321638]","[4.555040295240644e-05, 0.018743876828568012]",591717.5033273848,0.00939471361576021,0.0,orcd,25.78863711,/home/txenakis/projects/BVPsolver/logs/array_20391846_380.err,default,mlp,218,0,/home/txenakis/projects/BVPsolver/logs/array_20391846_380.out,none,derivmatch,davis-skodje,fast,15,exact,0.0,1000,0.0,0.0,2026-08-14T00:15:40.519,none,25.78863711,3,2,10000,12,150,False,,,,,
run_2kNbvp4s,"[2459.864646776304, 699.6133901212567, 23011776242758.098, 66640.18882612558, 103356583162.55942, 132644486343.76567, 0.285245177654081, 0.16518684691183372, 15.4225122669051, 5722966550.435757, 4471712062.877772, 0.005394017796960219, 3524.9505922912554, 28383.603536119947, 1.3939679015094781, 2.783361625807984e+29, 6.614358770993047, 5.389673658277588, 113667.07278380333, 1508.943138210594]","[2.8922674883966854e-07, 2.992085293443923e-07, 1.008673151350504, 7.069886173595277e-07, 0.007605578954184395, 0.06445261473064386, 0.0007602353267523672, 0.000821747789066978, 4.834380373976695e-05, 0.31520647685876513, 0.029500676537641962, 0.0016184298209904239, 0.17964190455088494, 0.00016661007936612704, 9.174369550411164e-05, 0.9970431258634435, 0.002798640978447195, 0.001498548416391601, 0.06109987216461834, 0.11389739367842136]",1.3916808129039923e+28,0.13924631950116312,"[0.9999999999828263, 0.9999997322841002, 0.9984006660349709, 0.9982568883886733, 0.9987344596460377, 0.9986916265071026, 0.9941144359155121, 0.8451836704563417, 0.6638805410041557, 0.0603830323302243, 26.473849360036198, 177.26655529992462, 521.0334573177945, 566.2558437251907, 4435.21992283375, 279073.1864742665, 4.1595542605793774e+305, 9.332032127426268e+304, 2.840637116959643e+304, 2.1691542678715264e+303]","[0.999999999282609, 0.9999994348840775, 0.9937589666803257, 0.9966478717111824, 0.9952661337330307, 0.9899013491899841, 0.9728891925705432, 0.5152384716707007, 0.46355456560390385, 2.101711032736056, 8.559873366154617, 735.6805860828447, 5189.329193237975, 13164.337883541994, 222811.81909053648, 82887347.03148648, 5.348821131120431e+307, 4.633055203669231e+307, 3.2459780135475505e+306, 2.3517005969935227e+306]",2.699256363848342e+304,5.2708220979218843e+306,"[8307026.093062461, 192842.79204393545, 7.001466098160507e+20, 934018800.291056, 7877442474102694.0, 1.3287072487750923e+17, 135847.7425607867, 25167.150885795105, 2696937.194260528, 2.656089049086065e+19, 1.4724832960366797e+19, 136565025.8474905, 4553594108.408501, 21290790000975.996, 336538.0587599218, 1.0458677668551931e+39, 7826268.811510882, 246310929.18067107, 1972815446572.0452, 8483160073.3230915]","[791495.2517866514, 1417.7959008617556, 6.23960358662615e+19, 719977.5237621388, 55615451106215.96, 381590646624088.5, 1017.5673902438282, 482.84920988050783, 18836.300300246956, 9.277833055017226e+16, 4.838324659430897e+16, 67425878.11969857, 1221771382.3051872, 174509093608.54697, 269049.8315252539, 8.096998841024581e+35, 76446.75024746038, 121417088.74956578, 462694580587.94214, 4998399210.178625]",5.229338834275966e+37,4.0484994205122904e+34,5149.336436512,orcd,34.41339813,/home/txenakis/projects/BVPsolver/logs/array_20391846_28.err,default,mlp,3444,0,/home/txenakis/projects/BVPsolver/logs/array_20391846_28.out,none,derivmatch,pollu,fast,14,exact,0.0,1000,0.0,0.0,2026-08-13T23:36:52.285,collocation,5183.749834642,1,3,30000,32,150,False,,,,,
run_2r6WutKj,"[214868.13948213888, 40963282579.744, 170577.50661539676]","[0.79591297786055, 1.0000116051497696, 0.8014983030586598]",13654556008.463366,0.8658076286896598,"[0.9999999472982937, 0.9999999999999999, 0.9998094875193695]","[0.999377992762329, 0.9999999999990083, 1.1691133524942403]",0.9999364782725543,1.0561637817518592,"[2.990010324900679e+20, 1.257682074740654e+26, 1.3198923952763192e+18]","[0.01510648478600244, 1.0093740547227357, 1.0367832332761076]",4.192283593166343e+25,0.6870879242616152,0.0,orcd,24.753074919,/home/txenakis/projects/BVPsolver/logs/array_20391846_108.err,default,GELU-scaled,188,0,/home/txenakis/projects/BVPsolver/logs/array_20391846_108.out,none,derivmatch,rober,fast,11,exact,0.0,1000,384.547409794,0.0,2026-08-13T22:40:23.093,shooting,409.30048471299995,1,2,10000,12,150,False,,,,,
run_2tL35rX6,,,,,,,,,,,,,0.0,orcd,32.934065927,/home/txenakis/projects/BVPsolver/logs/array_heavy_20252509_178.err,default,GELU-scaled,177,0,/home/txenakis/projects/BVPsolver/logs/array_heavy_20252509_178.out,none,derivmatch,davis-skodje,fast,14,exact,8.902818295,1000,0.0,0.0,2026-08-12T13:42:46.535,shapovalova,41.836884221999995,3,2,10000,12,150,False,,,,,
run_2ufU9WO6,,,,,,,,,,,,,0.0,orcd,37.627187567,/home/txenakis/projects/BVPsolver/logs/array_20140853_287.err,default,GELU-scaled,177,0,/home/txenakis/projects/BVPsolver/logs/array_20140853_287.out,none,derivmatch,vanderpol,fast,13,,0.0,1000,352.719609673,0.0,2026-08-11T03:14:13.247,shooting,390.34679724,1,2,10000,12,150,True,,,,,
run_2zHALaSl,,,,,,,,,,,,,22.467539264,orcd,27.551711003,/home/txenakis/projects/BVPsolver/logs/array_20140853_314.err,default,GELU-scaled,177,0,/home/txenakis/projects/BVPsolver/logs/array_20140853_314.out,none,derivmatch,vanderpol,fast,15,,0.0,1000,0.0,0.0,2026-08-11T03:27:23.481,collocation,50.019250267000004,1,2,10000,12,150,True,,,,,
run_367mVpMi,,,,,,,,,,,,,0.0,orcd,24.562044851,/home/txenakis/projects/BVPsolver/logs/array_heavy_20252509_79.err,default,mlp,218,0,/home/txenakis/projects/BVPsolver/logs/array_heavy_20252509_79.out,none,derivmatch,vanderpol,fast,15,,3916.340017596,1000,0.0,0.0,2026-08-12T12:14:28.467,shapovalova,3940.902062447,1,2,10000,12,150,True,,,,,
run_37KfMVF9,"[2.3665964167098994, 1.0241642524812808, 1.5253502286232934]","[1.020752509685625, 1.0314745797584506, 1.5786041004538656]",1.6387036326048243,1.2102770632993136,"[0.9998960905773081, 0.9911942812231178, 1.0964865433928015]","[0.9998359651618343, 0.9932323624211488, 1.0161305624486225]",1.0291923050644092,1.0030662966772017,"[1.0024456561711486, 0.5419491341120515, 1.6342702682819608]","[1.0049753192508941, 0.0026034276092439957, 0.026713195769216096]",1.0595550195217203,0.3447639808764514,0.0,orcd,0.0,/home/txenakis/projects/BVPsolver/logs/array_20391846_274.err,default,stiff,486,0,/home/txenakis/projects/BVPsolver/logs/array_20391846_274.out,none,none,orego,fast,14,exact,0.0,1000,2271.03934195,0.0,2026-08-14T00:17:04.826,shooting,2271.03934195,1,2,10000,16,150,False,,,,,
run_39mRASXX,"[1.0806048109106454, 0.045412477776035416, 0.2579068689036761]","[0.8836897346953148, 0.020452015120063782, 0.3633326761663096]",0.461308052530119,0.42249147532722936,"[0.999899018278631, 124.15194545575947, 71.70189652686419]","[0.999946197690827, 0.9986233332400777, 0.9999542132262417]",65.61791366696743,0.9995079147190489,"[1.004271611016426, 2.3097512668858333, 0.9215890003145489]","[0.9996241171399365, 0.7714537518776156, 0.9706584757579555]",1.4118706260722693,0.9139121149251692,22.458863579,orcd,26.451677345,/home/txenakis/projects/BVPsolver/logs/array_20391846_337.err,default,GELU-scaled,188,0,/home/txenakis/projects/BVPsolver/logs/array_20391846_337.out,none,derivmatch,orego,fast,12,exact,0.0,1000,0.0,0.0,2026-08-14T00:00:38.272,collocation,48.910540924,1,2,10000,16,150,False,,,,,
run_3BeZQTHZ,,,,,,,,,,,,,25.98865355,orcd,33.208890605,/home/txenakis/projects/BVPsolver/logs/array_20140853_312.err,default,GELU-scaled,177,0,/home/txenakis/projects/BVPsolver/logs/array_20140853_312.out,none,derivmatch,vanderpol,fast,13,,0.0,1000,0.0,0.0,2026-08-11T03:27:12.364,collocation,59.197544155,1,2,10000,12,150,True,,,,,
run_3Dvf3Sjs,"[0.03791009454908303, 0.018159627599197474, 15935.254578841901, 3.4243771960915175, 27.24471970995256, 38.43448847514976, 0.01865136253221716, 0.0686062822092368, 0.06183093153363096, 25.988997735690162, 46.51919505906912, 0.10011292604730718, 3.9894753573603823, 0.1829705745336631, 0.011391028457264304, 2541294823.144711, 0.0678183060118044, 0.08570746991774411, 0.006703895095565836, 0.012484768716387495]","[0.00029014922586677924, 0.00013482903951906282, 0.9951066470146988, 4.753241833761745e-05, 0.0022143566468507793, 0.002462299151600556, 0.0001806215142308625, 0.00032582389381168486, 0.00041495520377974384, 0.0010302499586008881, 0.0010256650959887083, 0.0005195911700484188, 0.000266555823669331, 0.000664005125047454, 9.054035571503512e-05, 0.9999999438580455, 0.00029907193566877606, 0.0004952753991710293, 0.0029632671789715185, 0.0018043463205992363]",127065545.23364453,0.10051678631651109,"[0.9999999991306496, 0.999999869279478, 0.9998827501514322, 0.9998553252007917, 0.9997497806914449, 0.9994159941722299, 0.9991083851109576, 0.9851921700864825, 0.9930802593454003, 0.945966914220755, 0.46709595393824765, 0.14079089237901626, 0.007137271259092146, 1.393414488044713, 26.255230351367334, 1028.8932367331781, 2.6681554627338054e+303, 1.942838908370054e+303, 7.766115058420527e+302, 2.6104420473285347e+301]","[0.9999999968352407, 0.9999716625343635, 0.9756867998726468, 0.9871066015007198, 0.9877927197904286, 0.9910585412064249, 0.9851222324231277, 0.7829333597879641, 0.8098545847729779, 0.6265860206664386, 0.8342951670802288, 0.5341596311806222, 0.07579962683876669, 0.08367747299815884, 9.250303181245384, 10043.189358503909, 2.6559028488231486e+303, 5.646115477537766e+302, 5.713036519631395e+301, 1.5323964438542602e+300]",2.706855148709599e+302,1.6395885791085466e+302,"[0.00011397283220663385, 5.2926734384272484e-05, 0.01095808728229806, 0.010272751589466646, 0.008148695191676691, 0.025996590338534183, 0.0001414049043909793, 2.806472675720976e-05, 0.0004247744758440348, 0.02000490094911268, 0.029754786469502033, 0.0034734411630367745, 0.01333873541190191, 0.0022129492625978893, 0.0006765441810727425, 0.03186503849354757, 0.00011645595527765338, 0.003190221822790873, 0.00021474926804963652, 0.0007467812770413092]","[1.7392092557402147e-05, 3.5942942017934874e-07, 0.00033344271981675415, 5.08234867862784e-07, 0.0007605940144279169, 0.0005444749221693224, 2.585215996540718e-09, 2.14302228239001e-10, 5.709616818057502e-09, 0.0009803854063153011, 0.0006547872232820807, 1.3183717933364944e-06, 2.499322352335507e-06, 1.2306341379043803e-05, 2.274622158636526e-07, 0.01605099755359608, 1.3397785709962606e-09, 1.0774626158364576e-06, 0.00021129961719324708, 1.3215017424561306e-06]",0.008086593616474489,0.0009786500762329314,6505.643845971,orcd,46.627062918,/home/txenakis/projects/BVPsolver/logs/array_20391846_14.err,default,stiff,4744,0,/home/txenakis/projects/BVPsolver/logs/array_20391846_14.out,none,derivmatch,pollu,fast,15,exact,0.0,1000,0.0,0.0,2026-08-13T23:59:34.979,collocation,6552.270908889,1,3,30000,32,150,False,,,,,
run_3E34rCsN,"[nan, nan, nan]","[0.0019199613298595969, 0.9990615243276688, 1.4498754290030045]",nan,0.8169523048868443,"[nan, nan, nan]","[0.9999003226790781, 0.9806421472507985, 241541827834644.94]",nan,80513942611548.97,"[nan, nan, nan]","[2.2103072821059077e-06, 0.7694675612441088, 0.00021912081109341395]",nan,0.2565629641208281,0.0,orcd,0.0,/home/txenakis/projects/BVPsolver/logs/array_20391846_105.err,default,GELU-scaled,188,0,/home/txenakis/projects/BVPsolver/logs/array_20391846_105.out,none,none,rober,fast,13,exact,0.0,1000,190.443903503,0.0,2026-08-13T22:35:48.162,shooting,190.443903503,1,2,10000,12,150,False,,,,,
run_3LMT5OkW,"[124196.77191608869, 3501817053324.374]","[0.0002734381083964196, 0.08980287345765875]",1750908588760.573,0.045038155783027584,"[2.5621040263175434, 0.011920229859052243]","[0.9368647643511544, 0.465243317271655]",1.2870121280882978,0.7010540408114048,"[15340062.403549459, 10614994.494481107]","[5.286989582868211e-07, 0.0012109330298756189]",12977528.449015282,0.0006057308644169528,0.0,orcd,24.17021718,/home/txenakis/projects/BVPsolver/logs/array_20391846_373.err,default,mlp,218,0,/home/txenakis/projects/BVPsolver/logs/array_20391846_373.out,none,derivmatch,davis-skodje,fast,13,exact,0.0,1000,378.508016818,0.0,2026-08-14T00:20:18.024,shooting,402.678233998,3,2,10000,12,150,False,,,,,
run_3LRnSlvJ,"[nan, nan, nan]","[0.009832173517495458, 0.9989856145529493, 1.3174046841921432]",nan,0.7754074907541959,"[nan, nan, nan]","[0.9998990378823419, 0.9992023728589314, 7766792310325443.0]",nan,2588930770108481.5,"[nan, nan, nan]","[4.74792142501768e-06, 0.7616866928046823, 0.00010822028214589803]",nan,0.2539332203360844,0.0,orcd,0.0,/home/txenakis/projects/BVPsolver/logs/array_20391846_106.err,default,GELU-scaled,188,0,/home/txenakis/projects/BVPsolver/logs/array_20391846_106.out,none,none,rober,fast,14,exact,0.0,1000,209.33744992,0.0,2026-08-13T22:36:14.152,shooting,209.33744992,1,2,10000,12,150,False,,,,,
run_3Pph53ey,"[nan, nan, nan]","[0.00121983532701212, 6.080524322230064e-05, 2.2738164142591122e-05]",nan,0.00043445957812567054,"[nan, nan, nan]","[4.201789161358067, 14560.344611947026, 2.1312917391540044e+27]",nan,7.104305797180015e+26,"[nan, nan, nan]","[3.017330576364193e-07, 1.45463349202622e-06, 1.2105843825236727e-05]",nan,4.620736791633122e-06,0.0,orcd,29.057353701,/home/txenakis/projects/BVPsolver/logs/array_20391846_58.err,default,stiff,318,0,/home/txenakis/projects/BVPsolver/logs/array_20391846_58.out,none,derivmatch,rober,fast,11,exact,0.0,1000,484.5614719,0.0,2026-08-13T22:21:43.732,shooting,513.618825601,1,2,10000,12,150,False,,,,,
run_3Shoqzo5,"[56.138737836791115, 39666.28403109169]","[4.962403051126844e-07, 8.513296759014205e-08]",19861.21138446424,2.906866363514132e-07,"[0.9816503008226948, 0.13675643504057522]","[0.4643791490979451, 0.37742212111071016]",0.559203367931635,0.4209006351043276,"[369938696.4959208, 4311680507.276482]","[8.416619410150358e-09, 4.9178402873282274e-08]",2340809601.8862014,2.8797511141716315e-08,0.0,orcd,33.253042694,/home/txenakis/projects/BVPsolver/logs/array_20391846_351.err,default,stiff,268,0,/home/txenakis/projects/BVPsolver/logs/array_20391846_351.out,none,derivmatch,davis-skodje,fast,11,exact,0.0,1000,0.0,0.0,2026-08-14T00:08:27.699,none,33.253042694,3,2,10000,12,150,False,,,,,
run_3W183g7R,,,,,,,,,,,,,5326.070715934,orcd,0.0,/home/txenakis/projects/BVPsolver/logs/array_20140853_29.err,default,stiff,4744,0,/home/txenakis/projects/BVPsolver/logs/array_20140853_29.out,none,none,pollu,fast,15,,0.0,1000,0.0,0.0,2026-08-11T00:11:36.768,collocation,5326.070715934,1,3,30000,32,150,False,,,,,
run_3ian5D05,,,,,,,,,,,,,0.0,orcd,0.0,/home/txenakis/projects/BVPsolver/logs/array_heavy_20252509_171.err,default,GELU-scaled,177,0,/home/txenakis/projects/BVPsolver/logs/array_heavy_20252509_171.out,none,none,davis-skodje,fast,12,exact,8.732745232,1000,0.0,0.0,2026-08-12T13:40:41.140,shapovalova,8.732745232,3,2,10000,12,150,False,,,,,
run_3qY5Arc3,,,,,,,,,,,,,0.0,orcd,26.123242962,/home/txenakis/projects/BVPsolver/logs/array_heavy_20252509_116.err,default,GELU-scaled,243,0,/home/txenakis/projects/BVPsolver/logs/array_heavy_20252509_116.out,none,derivmatch,hires,fast,12,exact,7.905590252,1000,0.0,0.0,2026-08-12T13:27:52.877,shapovalova,34.028833214,1,2,10000,16,150,False,qr,,,,
run_41aJHUQ4,"[14669.800396904588, 2671.5428186552454, 1.907923575734418e+21, 1412235.1618144691, 361204339700930.7, 1730296296110467.2, 67727.01879634157, 5816.306976683433, 37587.86544140577, 1.020902589752035e+18, 2.067590104072885e+18, 20011339.284600217, 88543673552.82297, 19384090727.201214, 534537.4733451811, 8.618011120817731e+37, 26441.297539372106, 152129350.2607021, 25240644661000.99, 798705813.2905842]","[0.6039420279089037, 0.6570547603444685, 26227.289127620807, 0.5717152416227043, 20845.91188681691, 102664.40425517857, 4552.156638086076, 13673.41749163215, 231172.57127935483, 81300895.07751842, 113971216.64144623, 1828435.2528743863, 368840443.4256014, 88324.76399260054, 133177.64866464134, 65158205.488426104, 13858.579265418723, 6334988.010001891, 610227520.8300459, 1439623.567251653]",4.3090055604088656e+36,62486791.34342396,"[0.9999999999990098, 0.9999999515929255, 0.9992951044098782, 0.999119088406409, 0.998808364820819, 0.9967510818621617, 0.9864647045999416, 0.6160367589424397, 0.4369252557379815, 0.719423493135538, 472.004299382211, 2200.4886670821966, 8841.552277000977, 22878.033121113593, 89458.8938749638, 8651041.702178214, 4.721442600962879e+307, 1.7573827337695843e+307, 1.7573827337695843e+307, 3.060718555374347e+306]","[0.9999999999993778, 0.9999999524375763, 0.9994459680084008, 0.9993101848618748, 0.9992355052293407, 0.9949260120394665, 0.9770512265175737, 0.7458049769702457, 0.6081847673010978, 0.32604832301437014, 2.908811337375888, 246.17672703493324, 2301.5952478960285, 4057.0862510356783, 32458.50612158264, 40906983.88406922, 2.65193393819758e+307, 1.0667628243398183e+307, 1.0667628243398183e+307, 4.756803217459755e+305]",4.271139962019741e+306,2.4165138095259074e+306,"[13227.49142366163, 147040.67754628308, 1.6045223710289935e+22, 26006935.697087806, 8.347960495957715e+16, 2.7547836900823584e+17, 223041.31890993094, 4084.7267792248167, 23913318.064178105, 2.4268656617751572e+19, 5392136669505377.0, 1146263664.1868653, 5352891708.553911, 3944759790622.6465, 33656262.067127876, 4.04789447348758e+40, 37790280.616663955, 2124771087.2267702, 1486471832559119.2, 36224420.8004605]","[984.1359798148889, 1175.121123038317, 1.634947632143646e+21, 23247.2883825737, 656097965131003.6, 914007330053157.2, 1848.7180956845837, 75.4265198716122, 190792.3433966392, 9.722357995435728e+16, 392037504065366.3, 629754726.8098763, 1817084546.9328973, 28657322549.94116, 27277987.03919417, 3.4910921693669185e+37, 414469.3824792845, 1274207881.0728865, 528153021998184.25, 675593436.1161021]",2.02394723674379e+39,1.7455460846834592e+36,0.0,orcd,31.621302511,/home/txenakis/projects/BVPsolver/logs/array_20391846_16.err,default,mlp,3444,0,/home/txenakis/projects/BVPsolver/logs/array_20391846_16.out,none,derivmatch,pollu,fast,12,exact,0.0,1000,0.0,0.0,2026-08-13T22:10:47.792,none,31.621302511,1,3,30000,32,150,False,,,,,
run_428AT6tN,"[2658.039055294746, 916.189600591107, 1560.078463437351]","[2334.505539064719, 0.862016153202977, 1149.2056316518285]",1711.435706441068,1161.52439562325,"[0.9999999999176399, 1.0, 0.9999998437899137]","[0.976606280051682, 0.9676353557103072, 10.004658814739557]",0.9999999479025178,3.9829668168338483,"[3.6761256709294013e+18, 2.5453597751026463e+18, 1.212653598608893e+16]","[0.02946918057666934, 1.0331274272709292, 0.14368451715193725]",2.0778706606727124e+18,0.4020937083331786,15.378465235,orcd,29.075095274,/home/txenakis/projects/BVPsolver/logs/array_20391846_126.err,default,GELU-scaled,188,0,/home/txenakis/projects/BVPsolver/logs/array_20391846_126.out,none,derivmatch,rober,fast,14,exact,0.0,1000,0.0,0.0,2026-08-13T22:39:01.524,collocation,44.453560509,1,2,10000,12,150,False,,,,,
run_43oK9Dl5,,,,,,,,,,,,,0.0,orcd,0.0,/home/txenakis/projects/BVPsolver/logs/array_heavy_20252509_72.err,default,mlp,218,0,/home/txenakis/projects/BVPsolver/logs/array_heavy_20252509_72.out,none,none,vanderpol,fast,13,,3566.594325803,1000,0.0,0.0,2026-08-12T11:03:56.455,shapovalova,3566.594325803,1,2,10000,12,150,True,,,,,
run_47nQ8fto,"[9.359616242700726e-05, 3.455832916981288e-07, 1.7033563505473728e-07]","[4.218890787978447e-06, 2.1080282299525514e-07, 3.431609339405019e-07]",3.1370693784586706e-05,1.5909515149714015e-06,"[0.9989336623283811, 0.9806273171859051, 0.4486597466745139]","[0.9958263080624984, 0.7599566158335057, 2.059707763401864]",0.8094069087296001,1.2718302290992893,"[2.4279974687381265, 0.11555480403667803, 1.0271933312590589]","[0.13454698788852004, 0.0028899868801221204, 0.00037113087444132654]",1.1902485346779546,0.04593603521436116,69.345975226,orcd,31.331723354,/home/txenakis/projects/BVPsolver/logs/array_20391846_288.err,default,stiff,486,0,/home/txenakis/projects/BVPsolver/logs/array_20391846_288.out,none,derivmatch,orego,fast,11,exact,0.0,1000,0.0,0.0,2026-08-13T23:43:23.313,collocation,100.67769858,1,2,10000,16,150,False,,,,,
run_48u2qlim,,,,,,,,,,,,,0.0,orcd,0.0,/home/txenakis/projects/BVPsolver/logs/array_heavy_20252509_41.err,default,mlp,243,0,/home/txenakis/projects/BVPsolver/logs/array_heavy_20252509_41.out,none,none,rober,fast,12,,3052.557205501,1000,0.0,0.0,2026-08-12T07:50:45.156,shapovalova,3052.557205501,1,2,10000,12,150,False,,,,,
run_4F0vdxDK,"[84713.22736227413, 67092673.05219696]","[0.007110451129122258, 0.000775531260689753]",33588693.13977961,0.003942991194906005,"[0.9792718647896774, 0.6104385424061728]","[0.4548702740080266, 0.5660695964446489]",0.794855203597925,0.5104699352263378,"[397703494.69725496, 251730644.04861626]","[5.788526686020935e-06, 2.4733433514440114e-05]",324717069.3729356,1.5260980100230524e-05,0.0,orcd,0.0,/home/txenakis/projects/BVPsolver/logs/array_20391846_395.err,default,GELU-scaled,177,0,/home/txenakis/projects/BVPsolver/logs/array_20391846_395.out,none,none,davis-skodje,fast,15,exact,0.0,1000,189.047384102,0.0,2026-08-14T00:19:55.262,shooting,189.047384102,3,2,10000,12,150,False,,,,,
run_4MRZ6jvw,,,,,,,,,,,,,0.0,orcd,0.0,/home/txenakis/projects/BVPsolver/logs/array_20140853_281.err,default,GELU-scaled,177,0,/home/txenakis/projects/BVPsolver/logs/array_20140853_281.out,none,none,vanderpol,fast,12,,0.0,1000,285.715442347,0.0,2026-08-11T03:10:45.798,shooting,285.715442347,1,2,10000,12,150,True,,,,,
run_4N99xXCV,,,,,,,,,,,,,0.0,orcd,0.0,/home/txenakis/projects/BVPsolver/logs/array_20140853_141.err,default,mlp,243,0,/home/txenakis/projects/BVPsolver/logs/array_20140853_141.out,none,none,rober,fast,12,,0.0,1000,384.417707422,0.0,2026-08-11T01:56:41.284,shooting,384.417707422,1,2,10000,12,150,False,,,,,
run_4NtIC1nE,"[1987897.5817253676, 169499850.4648362, 13292.92877274695, 177530.9755989677, 45.71881377466409, 125.52711776938084, 31.094559418205897, 15.944873680460303]","[0.9894722320067036, 0.9571995933314371, 0.9852808004109628, 0.9887964435567101, 1.0007147063566617, 0.9986786924628956, 0.5787302441911986, 0.9648976402271406]",21459848.779537242,0.9329712940679639,"[0.6834801682747493, 0.9720508811950176, 0.9260920008522504, 0.9688265489701768, 0.9796697821324792, 0.9096053450656, 0.8915704458570758, 4.974857209201868e+29]","[0.9899684346972816, 0.9286384276789089, 0.9481344316212484, 0.9583878462613349, 0.9740652924817077, 0.9358850951979044, 0.8935514606416491, 3.017751877177105e+16]",6.218571511502335e+28,3772189846471382.0,"[80759.61658424989, 4850.3995940439245, 6903.133919808619, 38141.369004166816, 2137.2845909161797, 25375.600708240585, 42.211466165417576, 0.7784985781643834]","[0.6153918998094597, 1.242212154202657, 1.0029329504733482, 1.025575417157117, 1.014296297542485, 1.0005759893141009, 0.7149768434707183, 0.3889517225032659]",19776.299295771198,0.875614159309144,155.786295329,orcd,0.0,/home/txenakis/projects/BVPsolver/logs/array_20391846_216.err,default,stiff,816,0,/home/txenakis/projects/BVPsolver/logs/array_20391846_216.out,none,none,hires,fast,15,exact,0.0,1000,0.0,0.0,2026-08-13T23:03:46.239,collocation,155.786295329,1,2,10000,16,150,False,qr,,,,
run_4QtHMvS3,,,,,,,,,,,,,0.0,orcd,0.0,/home/txenakis/projects/BVPsolver/logs/array_heavy_20252509_50.err,default,GELU-scaled,188,0,/home/txenakis/projects/BVPsolver/logs/array_heavy_20252509_50.out,none,none,rober,fast,11,,312.645937691,1000,0.0,0.0,2026-08-12T08:00:15.163,shapovalova,312.645937691,1,2,10000,12,150,False,,,,,
run_4RK49cD3,"[3.004066662537775, 1.1051894031129237, 16.100163936579033, 126.64248346107482, 726.8248450682486, 101.59304873218, 0.3789685234272358, 0.47363478324282177, 2.8614168129768, 95.62957979555918, 22.670614794335712, 1.699078398966643, 100.42925188984445, 49.60737273100943, 0.1640669486367431, 83739.34115417855, 1.2322488784075438, 0.8611331871678668, 4.035514337173186, 0.3046306865066529]","[0.0029274541326632965, 0.002356897301050431, 0.9999934458710575, 0.006118963543927701, 0.764186752389776, 0.548165527670018, 0.007239404025126693, 0.009496702132520261, 0.05844518142427894, 0.5098890747643169, 0.7129345039498997, 0.235220293075677, 0.11730251972959974, 0.21060673781033773, 0.014186049516268654, 0.9999999999815083, 0.5338352511157743, 1.0298697833626722, 0.2049696510173821, 0.2816048218571653]",4249.747923160476,0.3624674507335511,"[0.9999999999995761, 0.9999999996188332, 0.9999998967547624, 1.0, 1.0, 1.0, 1.0, 1.0, 1.0, 1.0, 1.0, 1.0, 1.0, 1.0, 1.0, 0.9999999999999997, 1.5218219293703402e+269, 3.709650105762983e+268, 7.65044924420532e+267, 1.0142006613002031e+255]","[0.9999999999946542, 0.9999999968030177, 0.9999981191945584, 0.9999996491055256, 0.9999998378478252, 0.9999998771574299, 0.999999960763099, 0.9999993420868909, 0.9999999647961221, 0.9999999996205763, 0.9999999999999992, 0.9999999999999996, 0.9999999999999997, 0.9999999999999997, 0.9999999999999989, 0.9999999999999951, 8.609428331695212e+271, 3.1524431306228718e+271, 6.758497611478434e+270, 1.7183152032472812e+258]",9.84645716194351e+267,6.218860611733049e+270,"[0.0047410103889599315, 0.004396110960720679, 0.03786454138396521, 1.238360399764368, 83.8902987036817, 79.7996440937255, 0.006029687905240651, 0.0004770109275951929, 0.08438653745928182, 59.824634909730925, 14.200275059024488, 0.26723409848376317, 1.4954913845479814, 3.8692774513775485, 0.0415252096819452, 23757.343935204346, 0.009263292751040143, 0.15156485575404205, 0.09447025784539696, 0.26749866390524146]","[0.0013915122811923631, 0.000126155175683431, 0.011419031634384194, 0.004508089363786093, 0.9826754800185683, 1.220447651046524, 6.14910666214047e-06, 1.2741270448269846e-06, 0.00018990384975414146, 1.1192344102545706, 1.409661473890171, 0.04222332214323695, 0.11610272871082239, 0.04887036218183937, 0.00910093537448455, 15.141882372985616, 3.034839500361712e-05, 0.02727306260089159, 0.06561371547604564, 0.14759465832820962]",1200.1315684241824,1.0174176318472246,1327.1698672,orcd,29.396932859,/home/txenakis/projects/BVPsolver/logs/array_20391846_51.err,default,GELU-scaled,650,0,/home/txenakis/projects/BVPsolver/logs/array_20391846_51.out,none,derivmatch,pollu,fast,14,exact,0.0,1000,0.0,0.0,2026-08-13T22:34:39.993,collocation,1356.566800059,1,3,30000,32,150,False,,,,,
run_4SEEULEZ,,,,,,,,,,,,,0.0,orcd,25.279457504,/home/txenakis/projects/BVPsolver/logs/array_heavy_20252509_57.err,default,GELU-scaled,188,0,/home/txenakis/projects/BVPsolver/logs/array_heavy_20252509_57.out,none,derivmatch,rober,fast,13,,381.986155304,1000,0.0,0.0,2026-08-12T08:13:44.389,shapovalova,407.265612808,1,2,10000,12,150,False,,,,,
run_4ScndQ7e,,,,,,,,,,,,,0.0,orcd,0.0,/home/txenakis/projects/BVPsolver/logs/array_heavy_20252509_134.err,default,mlp,387,0,/home/txenakis/projects/BVPsolver/logs/array_heavy_20252509_134.out,none,none,orego,fast,15,exact,13.736281447,1000,0.0,0.0,2026-08-12T13:32:04.847,shapovalova,13.736281447,1,2,10000,16,150,False,,,,,
run_4b0UcBzL,"[nan, nan, nan]","[0.9948594585716389, 1.0000000952430856, 1.0144017174277968]",nan,1.0030870904141738,"[nan, nan, nan]","[0.9999999902773912, 0.9999984611505514, 663424952.7746717]",nan,221141651.5915567,"[nan, nan, nan]","[0.0452165928003151, 1.0016237150114784, 1.3994049870942513]",nan,0.8154150983020149,20.593374942,orcd,0.0,/home/txenakis/projects/BVPsolver/logs/array_20391846_119.err,default,GELU-scaled,188,0,/home/txenakis/projects/BVPsolver/logs/array_20391846_119.out,none,none,rober,fast,12,exact,0.0,1000,0.0,0.0,2026-08-13T22:37:39.940,collocation,20.593374942,1,2,10000,12,150,False,,,,,
run_4eGxavPE,,,,,,,,,,,,,55.585855814,orcd,27.605815553,/home/txenakis/projects/BVPsolver/logs/array_20198490_487.err,default,mlp,387,0,/home/txenakis/projects/BVPsolver/logs/array_20198490_487.out,none,derivmatch,orego,fast,13,,0.0,1000,0.0,0.0,2026-08-11T13:14:37.797,collocation,83.191671367,1,2,10000,16,150,False,,,,,
run_4fj4Lj21,"[499532.84037119267, 79005.8204408687, 17662.383230531424, 99622.64033455827, 401.58362000696826, 363.9723891593533, 18.333444866913627, 18.742464960567904]","[0.3584911408179733, 0.43503864995030656, 0.5163856316098661, 0.1406824239540976, 0.22178073900580067, 0.08815646765463986, 0.737926577039263, 0.7295052151383593]",87078.2895370181,0.40349585564628826,"[0.5634617190043977, 0.468111580769025, 0.695730342762321, 0.627504470909243, 0.9708394844148834, 0.9436706108858711, 0.9682346820023956, 3.378712509612162e+27]","[0.9673848916894479, 0.5272061005542997, 0.8614640168393852, 0.6457064771272296, 0.973706817692617, 0.9210468135430974, 0.9636439939259819, 1667368606148399.5]",4.223390637015202e+26,208421075768550.66,"[5609404233.208555, 76258379.63679996, 776104661.0479156, 528263940.2464137, 2864014661.721643, 6281996243.975283, 57420133.07554815, 2964290.666928614]","[168.54637806888564, 0.4548685078032424, 2917.0880824590586, 347.8852074167233, 2252.5101359302043, 1700.4991526786553, 67100.940069227, 69572.00434799996]",2024553317.947386,18007.491030286037,0.0,orcd,27.771474609,/home/txenakis/projects/BVPsolver/logs/array_20391846_232.err,default,mlp,552,0,/home/txenakis/projects/BVPsolver/logs/array_20391846_232.out,none,derivmatch,hires,fast,12,exact,0.0,1000,0.0,0.0,2026-08-13T23:15:43.700,none,27.771474609,1,2,10000,16,150,False,qr,,,,
run_4gVwhnBZ,,,,,,,,,,,,,0.0,orcd,27.464264404,/home/txenakis/projects/BVPsolver/logs/array_20140853_128.err,default,stiff,318,0,/home/txenakis/projects/BVPsolver/logs/array_20140853_128.out,none,derivmatch,rober,fast,14,,0.0,1000,0.0,0.0,2026-08-11T01:44:45.961,none,27.464264404,1,2,10000,12,150,False,,,,,
run_54Ijf2YU,,,,,,,,,,,,,0.0,orcd,24.846584069,/home/txenakis/projects/BVPsolver/logs/array_heavy_20252509_87.err,default,GELU-scaled,177,0,/home/txenakis/projects/BVPsolver/logs/array_heavy_20252509_87.out,none,derivmatch,vanderpol,fast,13,,2054.039811117,1000,0.0,0.0,2026-08-12T13:18:06.306,shapovalova,2078.8863951860003,1,2,10000,12,150,True,,,,,
run_59IJIL47,"[1.0248706154626257, 0.5198034875390157, 0.9376548770302867]","[0.9994842052039236, 0.6120891866700962, 0.9504178562648038]",0.8274429933439761,0.8539970827129412,"[0.9999957847443631, 1.8907020942687507, 2.3124526768858047]","[0.9999716123660909, 0.9999962795152997, 0.9995390765586812]",1.734383518632973,0.9998356561466907,"[0.9998995848616435, 1.002329236421409, 1.0003694920281831]","[0.9999762928410405, 1.0026471683719926, 1.000192372519812]",1.0008661044370786,1.0009386112442817,58.349275169,orcd,25.476549812,/home/txenakis/projects/BVPsolver/logs/array_20391846_316.err,default,mlp,387,0,/home/txenakis/projects/BVPsolver/logs/array_20391846_316.out,none,derivmatch,orego,fast,15,exact,0.0,1000,0.0,0.0,2026-08-14T00:08:30.533,collocation,83.825824981,1,2,10000,16,150,False,,,,,
run_59ZpNB3j,,,,,,,,,,,,,0.0,orcd,28.770357503,/home/txenakis/projects/BVPsolver/logs/array_20140853_197.err,default,GELU-scaled,188,0,/home/txenakis/projects/BVPsolver/logs/array_20140853_197.out,none,derivmatch,rober,fast,13,,0.0,1000,0.0,0.0,2026-08-11T02:19:46.887,none,28.770357503,1,2,10000,12,150,False,,,,,
run_59oWj9tF,"[5384710.844733585, 462.9525196877893]","[6.125303491431223, 4.47949616377159]",2692586.8986266362,5.302399827601407,"[0.3705906741774335, 3110.4579739085257]","[0.42704667156636517, 1.475958266658364]",1555.4142822913516,0.9515024691123646,"[1.0001734297943128, 15.478402446273572]","[0.9098527524491985, 1.0000205370234845]",8.239287938033943,0.9549366447363414,44.949911777,orcd,0.0,/home/txenakis/projects/BVPsolver/logs/array_20391846_143.err,default,stiff,268,0,/home/txenakis/projects/BVPsolver/logs/array_20391846_143.out,none,none,vanderpol,fast,12,exact,0.0,1000,0.0,0.0,2026-08-13T22:43:58.591,collocation,44.949911777,1,2,10000,12,150,True,,,,,
run_5H1E1P7y,,,,,,,,,,,,,638.231890933,orcd,28.901372701,/home/txenakis/projects/BVPsolver/logs/array_20140853_102.err,default,GELU-scaled,650,0,/home/txenakis/projects/BVPsolver/logs/array_20140853_102.out,none,derivmatch,pollu,fast,13,,0.0,1000,0.0,0.0,2026-08-11T01:53:36.974,collocation,667.1332636340001,1,3,30000,32,150,False,,,,,
run_5KDYRJCF,,,,,,,,,,,,,0.0,orcd,0.0,/home/txenakis/projects/BVPsolver/logs/array_20140853_187.err,default,GELU-scaled,188,0,/home/txenakis/projects/BVPsolver/logs/array_20140853_187.out,none,none,rober,fast,13,,132.260104691,1000,0.0,0.0,2026-08-11T02:16:15.996,shapovalova,132.260104691,1,2,10000,12,150,False,,,,,
run_5LWhaDpr,"[nan, nan, nan]","[0.9980082596937293, 1.0000008630864348, 0.9753191783792634]",nan,0.9911094337198092,"[nan, nan, nan]","[0.9999998822364902, 0.9999999529093987, 238548745594.86404]",nan,79516248532.28801,"[nan, nan, nan]","[0.04830790804546017, 1.0322608462908096, 0.5136680772914869]",nan,0.5314122772092523,20.369181307,orcd,0.0,/home/txenakis/projects/BVPsolver/logs/array_20391846_120.err,default,GELU-scaled,188,0,/home/txenakis/projects/BVPsolver/logs/array_20391846_120.out,none,none,rober,fast,13,exact,0.0,1000,0.0,0.0,2026-08-13T22:37:41.237,collocation,20.369181307,1,2,10000,12,150,False,,,,,
run_5QeulJZC,"[425722319262.5027, 367328212738.2244, 20417569112683.668, 29533004194.219196, 102667187.57058023, 231008855.97304198, 274471078.2215822, 26556742.67744542]","[0.06335366463277287, 0.9511187126939168, 1693.464435806638, 0.8846834716043973, 416.881436658368, 25.771663794048337, 3160.4785761317044, 2685.485749073404]",2655098419092.882,997.9976271641367,"[0.4702106004399794, 0.4908767209792132, 0.04006562245434115, 0.19014312761113128, 0.46796655951876254, 0.1912941090446196, 0.13970085739059718, 9.562441400161722e+31]","[0.9645062248395645, 0.6541990908719065, 0.5541443592872706, 0.24257902111594284, 0.5807522089373649, 0.020449278605043354, 0.45528792310662336, 1.6598799680345965e+20]",1.1953051750202153e+31,2.0748499600432456e+19,"[551770.8796335055, 112006314.3953263, 141060892.040914, 19657496.140554123, 172571.96335715134, 6413188.3392294515, 353343.45155711856, 778.1341409953408]","[0.1592770565848658, 252.513241451671, 930.527166045363, 106.36916021105164, 2.2465799883248097, 8.912902924977939, 142.74836762262083, 141.66380786237164]",35027044.41808908,198.14256289537073,0.0,orcd,0.0,/home/txenakis/projects/BVPsolver/logs/array_heavy_20252509_208.err,default,mlp,552,0,/home/txenakis/projects/BVPsolver/logs/array_heavy_20252509_208.out,none,none,hires,fast,12,exact,0.0,1000,1418.319906969,0.0,2026-08-12T22:24:59.401,shooting,1418.319906969,1,2,10000,16,150,False,qr,,,,
run_5Uheu3ct,,,,,,,,,,,,,0.0,orcd,0.0,/home/txenakis/projects/BVPsolver/logs/array_20140853_185.err,default,GELU-scaled,188,0,/home/txenakis/projects/BVPsolver/logs/array_20140853_185.out,none,none,rober,fast,11,,318.042524176,1000,0.0,0.0,2026-08-11T02:18:42.010,shapovalova,318.042524176,1,2,10000,12,150,False,,,,,
run_5Vuv9Ads,,,,,,,,,,,,,0.0,orcd,32.424190065,/home/txenakis/projects/BVPsolver/logs/array_heavy_20252509_156.err,default,stiff,268,0,/home/txenakis/projects/BVPsolver/logs/array_heavy_20252509_156.out,none,derivmatch,davis-skodje,fast,12,exact,10.583763163,1000,0.0,0.0,2026-08-12T13:36:53.995,shapovalova,43.007953228,3,2,10000,12,150,False,,,,,
run_5W1y1bJq,"[721486741.7903299, 1087705354.5307457, 393251.8519195024, 56900482.60316021, 143027.791846232, 454221.7046090731, 167.22734463098502, 167.47378842575787]","[0.11057363021711077, 0.7938492586516664, 0.7070658296121052, 1.5775694056218945, 70.47409637662446, 31.836595027767643, 1.6454242368503107, 1.6453066297188796]",233385426.87171796,13.598810049383008,"[0.9613132581873832, 0.9511320555842975, 0.9957913503558011, 0.9999999902878904, 1.0, 1.0, 1.0, 0.9608154739332276]","[0.988655339366775, 0.909997444024368, 0.9995306137106752, 0.9999956158622436, 0.9999999999999186, 1.0, 1.0, 0.9999999273073663]",0.983631516043575,0.9872723675339183,"[95125.15154919, 65053.727322284976, 8613.069829439286, 3044.227607247475, 10052.335457148616, 31433.813399645685, 12.106324008437246, 0.6381346648838558]","[0.005223255130739026, 0.43502221768310645, 0.7250088998317237, 1.1699586685689265, 0.07403078649184588, 0.030618886280603875, 0.050534415742427195, 0.05295918618769235]",26666.88370295367,0.3179195394896331,0.0,orcd,25.372331286,/home/txenakis/projects/BVPsolver/logs/array_20391846_254.err,default,GELU-scaled,243,0,/home/txenakis/projects/BVPsolver/logs/array_20391846_254.out,none,derivmatch,hires,fast,14,exact,0.0,1000,810.365558472,0.0,2026-08-13T23:47:01.122,shooting,835.7378897579999,1,2,10000,16,150,False,qr,,,,
run_5b5coClp,"[108389051.76811877, 7826054276.644264]","[0.00022117810261914754, 0.12593413397710732]",3967221664.2061915,0.06307765603986323,"[0.774263160051224, 0.0097278091731792]","[0.5973987443592756, 0.45539765087380163]",0.3919954846122016,0.5263981976165386,"[96091503.22903521, 94296659.61832264]","[7.15799464348309e-07, 0.002203484639683419]",95194081.42367893,0.0011021002195738836,0.0,orcd,26.798997042,/home/txenakis/projects/BVPsolver/logs/array_20391846_372.err,default,mlp,218,0,/home/txenakis/projects/BVPsolver/logs/array_20391846_372.out,none,derivmatch,davis-skodje,fast,12,exact,0.0,1000,378.85382531,0.0,2026-08-14T00:20:22.791,shooting,405.652822352,3,2,10000,12,150,False,,,,,
run_5gUFYAkq,,,,,,,,,,,,,0.0,orcd,0.0,/home/txenakis/projects/BVPsolver/logs/array_20198490_353.err,default,mlp,552,0,/home/txenakis/projects/BVPsolver/logs/array_20198490_353.out,none,none,hires,fast,14,,0.0,1000,4377.665867571,0.0,2026-08-11T11:24:47.440,shooting,4377.665867571,1,2,10000,16,150,False,qr,,,,
run_5i9ZcGwf,"[nan, nan, nan]","[8.02216102504292e-05, 0.0003120145595345855, 0.00022869988635579802]",nan,0.0002069786853802709,"[nan, nan, nan]","[1.0176211707674763, 41793.883793058565, 6.05736048225941e+27]",nan,2.0191201607531367e+27,"[nan, nan, nan]","[8.653110849641759e-06, 3.4776906689276183e-05, 0.00016628615029021262]",nan,6.990538927637686e-05,0.0,orcd,28.054519872,/home/txenakis/projects/BVPsolver/logs/array_20391846_64.err,default,stiff,318,0,/home/txenakis/projects/BVPsolver/logs/array_20391846_64.out,none,derivmatch,rober,fast,12,exact,0.0,1000,0.0,0.0,2026-08-13T22:22:13.845,none,28.054519872,1,2,10000,12,150,False,,,,,
run_5wDGqVf4,"[0.002168162924740981, 7.836730598693145]","[0.00019857656091700079, 0.0010671054879047277]",3.9194493808089432,0.0006328410244108643,"[0.02220428950497137, 0.21132279086323014]","[0.01844380935074132, 0.07788626866569713]",0.11676354018410075,0.048165039008219224,"[0.04518048980130794, 0.9652136957763755]","[0.24451821149562464, 0.5512786032442389]",0.5051970927888417,0.39789840736993176,30.009124668,orcd,31.088378738,/home/txenakis/projects/BVPsolver/logs/array_20391846_151.err,default,stiff,268,0,/home/txenakis/projects/BVPsolver/logs/array_20391846_151.out,none,derivmatch,vanderpol,fast,15,exact,0.0,1000,0.0,0.0,2026-08-13T22:46:22.749,collocation,61.097503406,1,2,10000,12,150,True,,,,,
run_6BDb0FTu,"[0.6209745756362931, 0.1488050493596636, 0.5639850621719161]","[1.0078593548878527, 0.35583228052369725, 1.1543355468982686]",0.4445882290559576,0.8393423941032729,"[0.9999673662850553, 1.0066341462300734, 1.6519197333017468]","[0.9999439178234131, 0.9936116665016198, 0.9946689036758465]",1.2195070819389586,0.9960748293336265,"[1.0099342790934955, 0.9134934848828794, 0.9928725787349254]","[0.927359382549212, 0.0034072820216944602, 0.04990428100023233]",0.9721001142371001,0.32689031519037964,0.0,orcd,0.0,/home/txenakis/projects/BVPsolver/logs/array_20391846_273.err,default,stiff,486,0,/home/txenakis/projects/BVPsolver/logs/array_20391846_273.out,none,none,orego,fast,13,exact,0.0,1000,2731.245940049,0.0,2026-08-14T00:24:39.721,shooting,2731.245940049,1,2,10000,16,150,False,,,,,
run_6D7yPuQ7,,,,,,,,,,,,,0.0,orcd,32.792026234,/home/txenakis/projects/BVPsolver/logs/array_20140853_90.err,default,GELU-scaled,650,0,/home/txenakis/projects/BVPsolver/logs/array_20140853_90.out,none,derivmatch,pollu,fast,11,,0.0,1000,0.0,0.0,2026-08-11T01:26:06.554,none,32.792026234,1,3,30000,32,150,False,,,,,
run_6IIYshiF,,,,,,,,,,,,,0.0,orcd,0.0,/home/txenakis/projects/BVPsolver/logs/array_20140853_179.err,default,GELU-scaled,188,0,/home/txenakis/projects/BVPsolver/logs/array_20140853_179.out,none,none,rober,fast,15,,0.0,1000,231.192870155,0.0,2026-08-11T02:11:51.001,shooting,231.192870155,1,2,10000,12,150,False,,,,,
run_6OxCyzLt,"[202815509.94288075, 24329124820775.246, 9394451709.264593, 955635.3880147404, 104624.07612889828, 1740056.7416475266, 17481.26229560965, 19426.606246342704]","[0.009256508186868701, 0.031567868248755244, 0.31065430773184605, 0.9993014711594721, 0.8063314661519695, 0.49689690716199336, 0.16168214930896121, 0.18844359514722178]",3042340615652.3154,0.37551678413713596,"[11524.455884311352, 2.366268281418676, 0.07491495596348377, 0.4752907021003925, 0.5019523192001363, 0.0672662873403204, 0.07239970424396558, 2.0448285396788848e+30]","[2.212611966709325, 0.5867615310891825, 0.6995838311039397, 0.5949289872330753, 0.8223219810749296, 0.7219647030299394, 0.6808285976549455, 2.221895908481879e+18]",2.556035674598606e+29,2.7773698856023488e+17,"[85.20996399891024, 21.697856403205567, 164.99785761654437, 6.621586810765, 258.3441906597155, 79.95059906226167, 1.231628817708475, 1.0471750024343098]","[5.724418631741376e-05, 3.9932756212606406e-05, 0.0006308513572137162, 0.9866523439862278, 0.00015850147448670998, 0.0001990779038047867, 0.00020126307647827152, 0.0114532068935981]",77.38760729644314,0.12492405270429242,0.0,orcd,0.0,/home/txenakis/projects/BVPsolver/logs/array_20391846_199.err,default,stiff,816,0,/home/txenakis/projects/BVPsolver/logs/array_20391846_199.out,none,none,hires,fast,12,exact,0.0,1000,6182.675269146,0.0,2026-08-14T00:39:37.209,shooting,6182.675269146,1,2,10000,16,150,False,qr,,,,
run_6QdaN7C0,,,,,,,,,,,,,0.0,orcd,28.93173789,/home/txenakis/projects/BVPsolver/logs/array_heavy_20252509_47.err,default,mlp,243,0,/home/txenakis/projects/BVPsolver/logs/array_heavy_20252509_47.out,none,derivmatch,rober,fast,13,,3047.393247802,1000,0.0,0.0,2026-08-12T08:30:35.754,shapovalova,3076.324985692,1,2,10000,12,150,False,,,,,
run_6YyVzaLR,,,,,,,,,,,,,0.0,orcd,47.717179852,/home/txenakis/projects/BVPsolver/logs/array_20140853_21.err,default,stiff,4744,0,/home/txenakis/projects/BVPsolver/logs/array_20140853_21.out,none,derivmatch,pollu,fast,12,,0.0,1000,0.0,0.0,2026-08-10T22:43:20.878,none,47.717179852,1,3,30000,32,150,False,,,,,
run_6e0VVLlk,,,,,,,,,,,,,0.0,orcd,32.113151398,/home/txenakis/projects/BVPsolver/logs/array_20198490_408.err,default,GELU-scaled,243,0,/home/txenakis/projects/BVPsolver/logs/array_20198490_408.out,none,derivmatch,hires,fast,14,,0.0,1000,0.0,0.0,2026-08-11T10:46:44.509,none,32.113151398,1,2,10000,16,150,False,qr,,,,
run_6eHzkg0v,"[21.478839887729805, 0.6126591695042133, 8.153283604559132]","[0.899891645530759, 1.7580231821804033, 4.316448257410705]",10.081594220597717,2.3247876950406225,"[0.9977871100145239, 2.542082200235281, 1.27802724627108]","[0.9980741262595838, 0.9995350566244703, 1.1555199856341096]",1.6059655188402948,1.0510430561727213,"[0.9998504347464223, 0.705729477159645, 0.9940034601680409]","[0.999955731068229, 0.9026259547638597, 0.999304873440477]",0.8998611240247026,0.9672955197575218,0.0,orcd,26.003496782,/home/txenakis/projects/BVPsolver/logs/array_20391846_324.err,default,GELU-scaled,188,0,/home/txenakis/projects/BVPsolver/logs/array_20391846_324.out,none,derivmatch,orego,fast,14,exact,0.0,1000,1446.185185335,0.0,2026-08-14T00:18:28.797,shooting,1472.1886821169999,1,2,10000,16,150,False,,,,,
run_6g5Hlvhi,"[28.705010384524172, 34.58833686694387]","[4.830549747840731e-07, 2.2685261899674798e-10]",31.64667362573402,2.4164091370153494e-07,"[0.9801213468131116, 0.9135998220186856]","[0.4476730816758699, 0.6335481588390723]",0.9468605844158986,0.5406106202574711,"[2077.7046554032463, 1.0336800656111318]","[1.4160869991685324e-12, 9.957969460230464e-13]",1039.3691677344286,1.2059419725957894e-12,92.109338865,orcd,29.242172314,/home/txenakis/projects/BVPsolver/logs/array_20391846_411.err,default,GELU-scaled,177,0,/home/txenakis/projects/BVPsolver/logs/array_20391846_411.out,none,derivmatch,davis-skodje,fast,11,exact,0.0,1000,0.0,0.0,2026-08-14T00:23:03.259,collocation,121.351511179,3,2,10000,12,150,False,,,,,
run_6gy971Ly,"[134693.11511316494, 3423263.6526689683, 12352.442106516695, 28893.895720578745, 60.16813699162842, 467.42569203227436, 0.9081541186026814, 1.0189271476139004]","[0.0018070115646382679, 0.0004251525116830973, 0.0004941199120398228, 0.0003097642286557432, 0.0012174174605752148, 0.0008320582944246754, 0.0001664851775812747, 0.001625297534992557]",449966.5783149398,0.0008596633355738316,"[0.8504686399495202, 0.9397122670931217, 0.9543824239899054, 0.9429791498605165, 0.9775963276382208, 0.9671558542194253, 0.9739542635348075, 8.548168020077417e+27]","[1.7970745858028518, 11.45683775170935, 0.8086782699575923, 0.5535236786641968, 0.7839880915461387, 0.7698763663959058, 0.9004042295881071, 5.056848444213157e+18]",1.0685210025096772e+27,6.321060555266446e+17,"[14468.558921002523, 3607.89546580624, 16583.17488453972, 40102.56202286218, 710.1933619062862, 3803.5710504506787, 43.17857487730758, 0.3071488408446164]","[1.041506786827667e-05, 3.622573447616846e-05, 7.342044606953169e-05, 6.404474650872406e-05, 3.546611385976516e-05, 2.810896717364977e-05, 2.4286641072340708e-05, 2.2850599770101026e-05]",9914.930178785726,3.685228959981969e-05,0.0,orcd,28.598818361,/home/txenakis/projects/BVPsolver/logs/array_20391846_206.err,default,stiff,816,0,/home/txenakis/projects/BVPsolver/logs/array_20391846_206.out,none,derivmatch,hires,fast,15,exact,0.0,1000,4833.392750581,0.0,2026-08-14T00:19:58.091,shooting,4861.9915689419995,1,2,10000,16,150,False,qr,,,,
run_6htkcYWO,,,,,,,,,,,,,22.825788914,orcd,23.886050621,/home/txenakis/projects/BVPsolver/logs/array_20140853_276.err,default,mlp,218,0,/home/txenakis/projects/BVPsolver/logs/array_20140853_276.out,none,derivmatch,vanderpol,fast,12,,0.0,1000,0.0,0.0,2026-08-11T03:04:55.354,collocation,46.711839534999996,1,2,10000,12,150,True,,,,,
run_6iIrgMs7,,,,,,,,,,,,,0.0,orcd,27.773075506,/home/txenakis/projects/BVPsolver/logs/array_heavy_20252509_98.err,default,stiff,816,0,/home/txenakis/projects/BVPsolver/logs/array_heavy_20252509_98.out,none,derivmatch,hires,fast,14,exact,19.215317292,1000,0.0,0.0,2026-08-12T13:22:19.339,shapovalova,46.98839279800001,1,2,10000,16,150,False,qr,,,,
run_6kcc1goF,,,,,,,,,,,,,0.0,orcd,0.0,/home/txenakis/projects/BVPsolver/logs/array_heavy_20252509_81.err,default,GELU-scaled,177,0,/home/txenakis/projects/BVPsolver/logs/array_heavy_20252509_81.out,none,none,vanderpol,fast,12,,471.101792264,1000,0.0,0.0,2026-08-12T11:24:43.749,shapovalova,471.101792264,1,2,10000,12,150,True,,,,,
run_6pZUErEa,,,,,,,,,,,,,0.0,orcd,33.751322827,/home/txenakis/projects/BVPsolver/logs/array_20140853_121.err,default,stiff,318,0,/home/txenakis/projects/BVPsolver/logs/array_20140853_121.out,none,derivmatch,rober,fast,12,,4812.418610976,1000,0.0,0.0,2026-08-11T03:03:20.822,shapovalova,4846.169933803,1,2,10000,12,150,False,,,,,
run_6t1OUwxu,"[194928.4462565606, 928464.4586508098, 18.34932556053109, 262.7222092149079, 141.00902541015927, 904.4211415182524, 3.289030699890612, 3.289297159890409]","[0.12542776634626032, 0.2578642200388647, 0.1735696948914315, 0.0730830152559292, 0.06891852659595252, 0.017151295772296207, 0.2594247219469538, 0.2594242558202749]",140590.74811711677,0.1543579370834954,"[0.9995497204233916, 0.9994297382781177, 0.9999999080890098, 0.999999999999817, 1.0, 1.0, 1.0, 0.9924702856625663]","[1.006472924037431, 0.8332889442438176, 0.9999513048538649, 0.9999999999999969, 1.0, 1.0, 1.0, 0.9999999799336988]",0.9989312065566128,0.9799641441336011,"[503532.4051922217, 4425.38653430503, 1630.6926689664954, 947.6338323195887, 12702.03103422501, 24626.360602790297, 86.8326756144301, 4.467581341278673]","[0.07782457209610132, 0.07239144767856998, 0.2724056092024533, 0.11290102892948628, 0.1838613735026798, 0.1923553825021539, 0.14164067751100665, 0.14754721041661475]",68494.47626522297,0.15011591272988326,40.298026483,orcd,26.432921326,/home/txenakis/projects/BVPsolver/logs/array_20391846_270.err,default,GELU-scaled,243,0,/home/txenakis/projects/BVPsolver/logs/array_20391846_270.out,none,derivmatch,hires,fast,15,exact,0.0,1000,0.0,0.0,2026-08-13T23:39:24.910,collocation,66.730947809,1,2,10000,16,150,False,qr,,,,
run_6tkOMuYv,,,,,,,,,,,,,0.0,orcd,0.0,/home/txenakis/projects/BVPsolver/logs/array_heavy_20252509_132.err,default,mlp,387,0,/home/txenakis/projects/BVPsolver/logs/array_heavy_20252509_132.out,none,none,orego,fast,13,exact,9.498252198,1000,0.0,0.0,2026-08-12T13:31:07.794,shapovalova,9.498252198,1,2,10000,16,150,False,,,,,
run_6uq5hWUu,,,,,,,,,,,,,0.0,orcd,0.0,/home/txenakis/projects/BVPsolver/logs/array_20140853_294.err,default,GELU-scaled,177,0,/home/txenakis/projects/BVPsolver/logs/array_20140853_294.out,none,none,vanderpol,fast,15,,312.182039068,1000,0.0,0.0,2026-08-11T03:17:50.088,shapovalova,312.182039068,1,2,10000,12,150,True,,,,,
run_6wtxElII,"[8060.612585740847, 4539695397.400584]","[0.13429165311069544, 0.9142502206077662]",2269851729.006585,0.5242709368592308,"[0.8947092483584743, 0.12877746088155523]","[0.8138183222955762, 0.7294321936407946]",0.5117433546200147,0.7716252579681854,"[762975365.9936653, 189837946.05887747]","[0.0008742376263927292, 0.2539947902151099]",476406656.0262714,0.1274345139207513,0.0,orcd,27.711461958,/home/txenakis/projects/BVPsolver/logs/array_20391846_398.err,default,GELU-scaled,177,0,/home/txenakis/projects/BVPsolver/logs/array_20391846_398.out,none,derivmatch,davis-skodje,fast,13,exact,0.0,1000,311.623953033,0.0,2026-08-14T00:24:08.550,shooting,339.335414991,3,2,10000,12,150,False,,,,,
run_6zEwUuHB,,,,,,,,,,,,,0.0,orcd,29.34649415,/home/txenakis/projects/BVPsolver/logs/array_20140853_303.err,default,GELU-scaled,177,0,/home/txenakis/projects/BVPsolver/logs/array_20140853_303.out,none,derivmatch,vanderpol,fast,14,,0.0,1000,0.0,0.0,2026-08-11T03:23:22.650,none,29.34649415,1,2,10000,12,150,True,,,,,
run_6zhMYLbc,"[1.9433810372737168, 1.9265414324489434, 0.8729954038676244]","[0.9131989148645224, 4.221036082392216, 2.7775912225221604]",1.580972624530095,2.637275406592966,"[0.9987357166219434, 1.000853625726847, 0.9999999999999997]","[0.9977706371639735, 0.9999742755534714, 1.0]",0.9998631141162634,0.9992483042391482,"[0.9938849993139608, 3.2139504497500946, 0.9749979209870034]","[1.0001324196538182, 1.2455057577727384, 0.9974145575316711]",1.7276111233503528,1.0810175783194091,28.609363587,orcd,0.0,/home/txenakis/projects/BVPsolver/logs/array_20391846_332.err,default,GELU-scaled,188,0,/home/txenakis/projects/BVPsolver/logs/array_20391846_332.out,none,none,orego,fast,12,exact,0.0,1000,0.0,0.0,2026-08-13T23:57:41.805,collocation,28.609363587,1,2,10000,16,150,False,,,,,
run_70WeFlC6,"[91960.06054028662, 873353.7922186075, 86638.36855969648]","[0.1299734097397535, 0.913644421681453, 0.8278588509623567]",350650.7404395302,0.6238255607945211,"[0.9999971012028006, 0.9999999999999969, 0.998064134078775]","[0.9998182465180809, 0.9448007153905559, 1.4322815029879945]",0.9993537450938575,1.1256334882988772,"[2.510460357154901e+20, 1.691285021854449e+26, 1.0430498667076837e+18]","[0.0010729538935795226, 925.127764374988, 0.029193856569259484]",5.637625142484349e+25,308.38601039515027,0.0,orcd,25.696447394,/home/txenakis/projects/BVPsolver/logs/array_20391846_113.err,default,GELU-scaled,188,0,/home/txenakis/projects/BVPsolver/logs/array_20391846_113.out,none,derivmatch,rober,fast,11,exact,0.0,1000,0.0,0.0,2026-08-13T22:35:29.146,none,25.696447394,1,2,10000,12,150,False,,,,,
run_76hFeBnZ,,,,,,,,,,,,,0.0,orcd,32.748471044,/home/txenakis/projects/BVPsolver/logs/array_heavy_20252509_38.err,default,stiff,318,0,/home/txenakis/projects/BVPsolver/logs/array_heavy_20252509_38.out,none,derivmatch,rober,fast,14,,4518.781285356,1000,0.0,0.0,2026-08-12T07:24:01.685,shapovalova,4551.5297564,1,2,10000,12,150,False,,,,,
run_79o4u5tZ,"[93.45975566827516, 28.152023189109478, 6943321866305.444, 2539.7181508494327, 105311109.96832882, 90660544.94969426, 0.005639752342534645, 0.011189176377627692, 0.21437258294663006, 222693473.04757, 6050650616.353219, 0.012087478113320053, 3.177044278843645, 23489.304373491443, 0.010445195861583116, 5.109898525313833e+26, 0.25775225134086654, 0.16273662114488716, 301.6667594496773, 11.131205110248866]","[9.527826306990801e-08, 9.66157237516512e-08, 1.0049385427275042, 4.800473790088747e-07, 0.006486345348383352, 0.031198818088373322, 0.0004463759039785036, 0.0005432709612337107, 5.4729426421389055e-05, 0.10722555768471193, 0.06888428425150475, 0.0001500573413551788, 0.010505430334544458, 9.22579893681039e-05, 1.01400905690834e-05, 0.956956806074677, 0.0024753189788858775, 0.0005648577030981989, 0.012546071495529875, 0.08792706516507234]",2.5549492626569514e+25,0.11455033007532886,"[0.9999999999951819, 0.9999999333386073, 0.999491310268381, 0.9994615122622774, 0.9997859232074076, 0.9997766951910941, 0.9989919221209971, 0.982109415399667, 0.9594207750802248, 0.9074187377947953, 0.28632666263884404, 0.1637735437441178, 0.19151318184584615, 0.09737109447046775, 0.0059834303790681845, 66.0318818788974, 1.0253125391601163e+303, 1.0253125391601163e+303, 8.83572886186073e+301, 4.744338264452241e+301]","[0.9999999994171223, 0.9999996618037285, 0.9964883430852661, 0.9970895445136352, 0.9982622563525934, 0.9941790435887038, 0.9913608653990689, 0.6911730624973316, 0.2704856527826916, 10.428433491936397, 5.698048264878288, 614.1815659606987, 4991.927352279176, 15969.07220052258, 117158.19772766497, 139667101.19487008, 3.826722512952699e+307, 3.822041776111926e+307, 3.501957598731273e+306, 2.908541050447052e+306]",1.0932128747916811e+302,4.144907076991229e+306,"[4811672.3016754985, 1715985.8807599016, 4.586485947917676e+20, 405729841.6540714, 3.5727596361510464e+16, 1940650867754761.0, 102730.07167903688, 492.85245035264063, 8278978.907589898, 2.474633788054029e+17, 1.690124945745333e+19, 2989189.6421351773, 36369252.956732064, 16394465658104.535, 4732850.241577098, 1.3893244606002112e+39, 177656.32802055453, 148086896.71889827, 4062431237524.881, 21209946925.068092]","[454171.8223898471, 12090.27687658185, 4.002737124752569e+19, 303505.9693284002, 260616238185239.6, 4155183931709.6143, 793.8257519491063, 9.05965606657985, 71204.56857725118, 608571765483943.8, 5.265424470663633e+16, 2217712.109594883, 10744796.995607454, 126221642493.20569, 3510850.4045765135, 1.0684775387186194e+36, 1876.5359523178238, 82001299.88680653, 1139088436977.884, 13281297227.371532]",6.946622303001056e+37,5.342387693593097e+34,5151.388025834,orcd,35.021397727,/home/txenakis/projects/BVPsolver/logs/array_20391846_27.err,default,mlp,3444,0,/home/txenakis/projects/BVPsolver/logs/array_20391846_27.out,none,derivmatch,pollu,fast,13,exact,0.0,1000,0.0,0.0,2026-08-13T23:36:53.562,collocation,5186.409423560999,1,3,30000,32,150,False,,,,,
run_7Fd3A4NG,"[1.954366793583461, 2.8260121112900527, 0.815828163961229]","[1.039484813853235, 5.679690321441614, 0.6831232501816434]",1.8654023562782476,2.467432795158831,"[0.9999184205771972, 1.4289577234294815, 0.9999996183281308]","[0.999997739638984, 1.0275221283645999, 0.9999999999999984]",1.1429585874449364,1.0091732893345275,"[2.1897185952250555, 2.758978111867128, 6.522940480822634]","[0.9789804402631124, 0.7806140093955307, 1.0705472231077844]",3.823879062638273,0.9433805575888092,24.042040223,orcd,28.739019581,/home/txenakis/projects/BVPsolver/logs/array_20391846_336.err,default,GELU-scaled,188,0,/home/txenakis/projects/BVPsolver/logs/array_20391846_336.out,none,derivmatch,orego,fast,11,exact,0.0,1000,0.0,0.0,2026-08-13T23:59:54.756,collocation,52.781059804,1,2,10000,16,150,False,,,,,
run_7Q5E59XK,"[0.008082409748126759, 4.727197510492614]","[0.7460662150046605, 0.9335809192472474]",2.3676399601203704,0.839823567125954,"[0.1371695616960156, 0.2236949807397592]","[0.18034490491557834, 0.9965735070120577]",0.1804322712178874,0.5884592059638181,"[1.5940724553237298, 7210.429506395838]","[1.5238823462356523, 0.999432169594982]",3606.011789425581,1.2616572579153171,0.0,orcd,26.195659287,/home/txenakis/projects/BVPsolver/logs/array_20391846_158.err,default,mlp,218,0,/home/txenakis/projects/BVPsolver/logs/array_20391846_158.out,none,derivmatch,vanderpol,fast,15,exact,0.0,1000,141.817801925,0.0,2026-08-13T22:49:05.666,shooting,168.013461212,1,2,10000,12,150,True,,,,,
run_7QzcirwX,"[4682898796.7202015, 56120123.8632789, 19568612867.631947, 69502.8565292083, 117894.80614337912, 1613909.5654882959, 1076749.8349039583, 1653057.145676216]","[0.06706343204551801, 1.001500118648919, 0.6677597172437291, 1.0136421711167458, 1.1679064649302182, 0.9278178527648195, 0.7159164602207078, 0.7919636610156443]",3039020362.803021,0.7941962347482877,"[11.898750492842325, 0.37771960074468514, 0.001695299942506986, 0.0630599959998598, 0.1266079544008921, 1.4089284856242612, 1.0011976070245276, 1.0211254351937003e+31]","[0.9945307433815094, 0.714540495398574, 0.7958858496719835, 0.5130424306400829, 0.7715440261526456, 0.5932945233136763, 0.6279052422384421, 1.1366967793224182e+19]",1.2764067939921254e+30,1.4208709741530227e+18,"[75.17479392401715, 21.489066746530096, 64.9321975288914, 2.7209680937243803, 94.14150572643643, 164.8215724177742, 1.0634918066322692, 1.0511280980347322]","[1.1468739235929146e-05, 0.9755107967715033, 0.004388231223042082, 0.988782536795335, 0.0003701566591556233, 0.0003183812327561833, 0.00012669392781860552, 0.01168749195896698]",53.17434054275508,0.24764946966347673,0.0,orcd,0.0,/home/txenakis/projects/BVPsolver/logs/array_20391846_201.err,default,stiff,816,0,/home/txenakis/projects/BVPsolver/logs/array_20391846_201.out,none,none,hires,fast,14,exact,0.0,1000,6294.099174281,0.0,2026-08-14T00:42:20.689,shooting,6294.099174281,1,2,10000,16,150,False,qr,,,,
run_7RO5tN0F,,,,,,,,,,,,,62.483162833,orcd,0.0,/home/txenakis/projects/BVPsolver/logs/array_20198490_481.err,default,mlp,387,0,/home/txenakis/projects/BVPsolver/logs/array_20198490_481.out,none,none,orego,fast,12,,0.0,1000,0.0,0.0,2026-08-11T13:13:17.687,collocation,62.483162833,1,2,10000,16,150,False,,,,,
run_7WcGo9A0,,,,,,,,,,,,,0.0,orcd,24.398439504,/home/txenakis/projects/BVPsolver/logs/array_heavy_20252509_78.err,default,mlp,218,0,/home/txenakis/projects/BVPsolver/logs/array_heavy_20252509_78.out,none,derivmatch,vanderpol,fast,14,,3676.843289852,1000,0.0,0.0,2026-08-12T12:09:45.760,shapovalova,3701.241729356,1,2,10000,12,150,True,,,,,
run_7f6VFAJ6,"[0.06314269613021357, 55.206616604212705]","[0.4199694870898932, 0.47208328352779344]",27.63487965017146,0.4460263853088433,"[0.19714442029792414, 0.6034008084989708]","[8.423527861402707, 0.9967962185295548]",0.40027261439844747,4.710162039966131,"[1.3548028591613694, 0.9988594133889795]","[1.4070320547054758, 0.9997398095154217]",1.1768311362751744,1.2033859321104488,0.0,orcd,28.932403737,/home/txenakis/projects/BVPsolver/logs/array_20391846_185.err,default,GELU-scaled,177,0,/home/txenakis/projects/BVPsolver/logs/array_20391846_185.out,none,derivmatch,vanderpol,fast,13,exact,0.0,1000,0.0,0.0,2026-08-13T22:54:24.873,none,28.932403737,1,2,10000,12,150,True,,,,,
run_7nUzm0Dd,"[1.2071487916788803, 1.2657448735844408, 0.7861678809136299]","[0.9979218566131421, 0.13689719149754415, 0.6526860479083065]",1.0863538487256503,0.5958350320063309,"[0.9999855498357659, 1.047555735976441, 0.9938088783422343]","[0.9999918052466042, 1.000040307592561, 1.0002913210977986]",1.0137833880514802,1.0001078113123212,"[1533.9588786304985, 1.0324866458200395, 14256.299176569415]","[2.9221881633848423, 1.0028165702469338, 24.074965790815646]",5263.763513948578,9.33332350814914,0.0,orcd,27.25352362,/home/txenakis/projects/BVPsolver/logs/array_20391846_328.err,default,GELU-scaled,188,0,/home/txenakis/projects/BVPsolver/logs/array_20391846_328.out,none,derivmatch,orego,fast,13,exact,0.0,1000,0.0,0.0,2026-08-13T23:55:13.258,none,27.25352362,1,2,10000,16,150,False,,,,,
run_7oXLuh65,,,,,,,,,,,,,0.0,orcd,0.0,/home/txenakis/projects/BVPsolver/logs/array_heavy_20252509_114.err,default,GELU-scaled,243,0,/home/txenakis/projects/BVPsolver/logs/array_heavy_20252509_114.out,none,none,hires,fast,15,exact,9.65124913,1000,0.0,0.0,2026-08-12T13:27:31.022,shapovalova,9.65124913,1,2,10000,16,150,False,qr,,,,
run_7sENFGgI,,,,,,,,,,,,,0.0,orcd,0.0,/home/txenakis/projects/BVPsolver/logs/array_heavy_20252509_143.err,default,GELU-scaled,188,0,/home/txenakis/projects/BVPsolver/logs/array_heavy_20252509_143.out,none,none,orego,fast,14,exact,12.5269122,1000,0.0,0.0,2026-08-12T13:33:38.150,shapovalova,12.5269122,1,2,10000,16,150,False,,,,,
run_7wZoAOUM,"[152500.40769760145, 1475576647.643235]","[0.24877119010993232, 0.9164098534122649]",737864574.0254663,0.5825905217610986,"[0.9739049385675899, 0.9416635159541312]","[0.908167616025294, 0.8691682697739539]",0.9577842272608605,0.888667942899624,"[85076810251.18164, 5360873396.746999]","[0.005029748518945629, 0.2583095019690204]",45218841823.96432,0.131669625243983,0.0,orcd,27.240582013,/home/txenakis/projects/BVPsolver/logs/array_20391846_403.err,default,GELU-scaled,177,0,/home/txenakis/projects/BVPsolver/logs/array_20391846_403.out,none,derivmatch,davis-skodje,fast,13,exact,0.0,1000,0.0,0.0,2026-08-14T00:19:46.725,none,27.240582013,3,2,10000,12,150,False,,,,,
run_7y0LQJ8F,,,,,,,,,,,,,24.45489119,orcd,0.0,/home/txenakis/projects/BVPsolver/logs/array_20140853_132.err,default,stiff,318,0,/home/txenakis/projects/BVPsolver/logs/array_20140853_132.out,none,none,rober,fast,13,,0.0,1000,0.0,0.0,2026-08-11T01:45:55.411,collocation,24.45489119,1,2,10000,12,150,False,,,,,
run_7ypKnUfK,"[49111.284685191815, 182385025.5816385]","[3.1788668588920916e-05, 2.3855319235073987e-06]",91217068.43316184,1.7087100256214156e-05,"[0.9752631924862284, 0.9957998975721594]","[0.4324904446343497, 0.645182364838046]",0.9855315450291939,0.5388364047361979,"[17039427467.714622, 312275175.8888881]","[4.966365394908685e-07, 2.431946560203382e-07]",8675851321.801756,3.6991559775560335e-07,0.0,orcd,28.567179991,/home/txenakis/projects/BVPsolver/logs/array_20391846_399.err,default,GELU-scaled,177,0,/home/txenakis/projects/BVPsolver/logs/array_20391846_399.out,none,derivmatch,davis-skodje,fast,14,exact,0.0,1000,185.256525244,0.0,2026-08-14T00:22:04.114,shooting,213.82370523499998,3,2,10000,12,150,False,,,,,
run_85kHMHHH,,,,,,,,,,,,,0.0,orcd,25.681545291,/home/txenakis/projects/BVPsolver/logs/array_20198490_392.err,default,GELU-scaled,243,0,/home/txenakis/projects/BVPsolver/logs/array_20198490_392.out,none,derivmatch,hires,fast,13,,0.0,1000,1130.082263,0.0,2026-08-11T10:43:10.793,shooting,1155.763808291,1,2,10000,16,150,False,qr,,,,
run_85wdOC4T,"[250.73328016650152, 77.55468123321458]","[1.1492461387234632, 1.0002649694217491]",164.14398069985805,1.0747555540726061,"[0.9989544792166273, 0.9838132390084275]","[0.999297881407592, 0.9998938780198486]",0.9913838591125275,0.9995958797137203,"[0.2721030505680892, 6206.632210976507]","[0.5617626247170946, 1.0493839352095362]",3103.4521570135375,0.8055732799633154,0.0,orcd,0.0,/home/txenakis/projects/BVPsolver/logs/array_20391846_176.err,default,GELU-scaled,177,0,/home/txenakis/projects/BVPsolver/logs/array_20391846_176.out,none,none,vanderpol,fast,13,exact,0.0,1000,305.346838375,0.0,2026-08-13T22:55:48.133,shooting,305.346838375,1,2,10000,12,150,True,,,,,
run_8DoOO48U,"[52253.106086337306, 103376401.17738256, 1947.929633482486, 57085.29971546885, 1836.36858703732, 1447.083802936249, 0.7971614087549868, 2.243229905510123]","[1.5734524989724516e-05, 8.570832048128784e-05, 0.0005948024308707896, 0.0005623334585084309, 0.0005638416840654675, 0.0004515535986298122, 0.0043725961908918885, 0.005258538945910024]",12936371.750699895,0.001488138644293428,"[0.04405629953922102, 0.8201636336342727, 0.5679530855700387, 0.936699493010544, 0.947226251829651, 0.781755818390506, 0.9388699495945964, 6.851166469653373e+28]","[1.4754044272378193, 9.092153708930958, 0.8575304392564543, 0.8099362337479088, 0.9070612948897654, 0.8388546616736532, 0.9294848741833337, 3.245138822470926e+17]",8.563958087066716e+27,4.056423528088658e+16,"[1251.2568724850175, 16243.90949726067, 1718.8963065305181, 614.425523408346, 393.83022491177417, 2165.035105896472, 7.059266896433592, 0.8978911676657282]","[0.0001239275500967349, 0.0005232424261944564, 0.0019212590505662524, 0.00041228975817107625, 0.07971568838584066, 0.02726994717143995, 0.005242674049093216, 0.004919237733382507]",2799.4138360696124,0.015016033265598108,152.122150158,orcd,27.66584157,/home/txenakis/projects/BVPsolver/logs/array_20391846_219.err,default,stiff,816,0,/home/txenakis/projects/BVPsolver/logs/array_20391846_219.out,none,derivmatch,hires,fast,13,exact,0.0,1000,0.0,0.0,2026-08-13T23:08:36.726,collocation,179.787991728,1,2,10000,16,150,False,qr,,,,
run_8MXrhiiT,,,,,,,,,,,,,0.0,orcd,34.757066229,/home/txenakis/projects/BVPsolver/logs/array_20198490_478.err,default,mlp,387,0,/home/txenakis/projects/BVPsolver/logs/array_20198490_478.out,none,derivmatch,orego,fast,14,,0.0,1000,0.0,0.0,2026-08-11T13:09:26.755,none,34.757066229,1,2,10000,16,150,False,,,,,
run_8Pp5IjFx,,,,,,,,,,,,,0.0,orcd,0.0,/home/txenakis/projects/BVPsolver/logs/array_20140853_293.err,default,GELU-scaled,177,0,/home/txenakis/projects/BVPsolver/logs/array_20140853_293.out,none,none,vanderpol,fast,14,,703.774639456,1000,0.0,0.0,2026-08-11T03:24:20.960,shapovalova,703.774639456,1,2,10000,12,150,True,,,,,
run_8Xj70L8F,,,,,,,,,,,,,0.0,orcd,34.835382722,/home/txenakis/projects/BVPsolver/logs/array_20140853_57.err,default,mlp,3444,0,/home/txenakis/projects/BVPsolver/logs/array_20140853_57.out,none,derivmatch,pollu,fast,13,,0.0,1000,0.0,0.0,2026-08-10T22:48:31.660,none,34.835382722,1,3,30000,32,150,False,,,,,
run_8h2B1ces,"[1.0386360404481236, 0.6014906946322732, 0.9185361809876817]","[0.9993782569766783, 0.550131092606898, 0.9441964246439294]",0.8528876386893596,0.8312352580758352,"[0.9999826784999493, 1.00262766798839, 0.9784699741121164]","[0.999991393382491, 0.9998383033835206, 1.0000346466999304]",0.9936934402001518,0.999954781155314,"[1.0000175021502136, 1.000674787258267, 0.9998525346040509]","[1.000017600971491, 1.0008711812584112, 0.9999084785230586]",1.0001816080041772,1.0002657535843202,0.0,orcd,23.47378102,/home/txenakis/projects/BVPsolver/logs/array_20391846_304.err,default,mlp,387,0,/home/txenakis/projects/BVPsolver/logs/array_20391846_304.out,none,derivmatch,orego,fast,13,exact,0.0,1000,0.0,0.0,2026-08-13T23:45:21.657,none,23.47378102,1,2,10000,16,150,False,,,,,
run_8jmqUj19,,,,,,,,,,,,,0.0,orcd,0.0,/home/txenakis/projects/BVPsolver/logs/array_heavy_20252509_80.err,default,GELU-scaled,177,0,/home/txenakis/projects/BVPsolver/logs/array_heavy_20252509_80.out,none,none,vanderpol,fast,11,,2335.061657678,1000,0.0,0.0,2026-08-12T11:50:48.080,shapovalova,2335.061657678,1,2,10000,12,150,True,,,,,
run_8knQM7HB,"[2209218.6264176657, 9439497.917948432, 58138.61919748162, 648699.8774664279, 258.05067665614274, 649.1735113564757, 0.9485176325454839, 0.9500969283171731]","[0.04534517082364606, 0.19040245782659082, 0.13705767085215131, 0.36394085908991497, 1.4181993155775774, 1.1549051003512112, 0.30729693220484844, 0.3055625833178013]",1544558.0204790726,0.4903387612554677,"[0.9369853169941937, 0.9999243763146004, 0.9999999999999961, 1.0, 1.0, 1.0, 1.0, 0.9904193346441901]","[0.9906592869557466, 0.9113480390309994, 0.9991201135312375, 0.9999630690526592, 1.0, 0.9999999999999999, 1.0, 0.9999999917702171]",0.9909161284941225,0.9876363125426075,"[167420.68423737338, 3987480.798945427, 12375.043246966246, 9647.384263870783, 157974.31500710183, 489981.09566213214, 6.505914940668843, 0.31493054546222427]","[0.1679991011656913, 17.44807380734225, 0.7914823903242616, 0.6406739080381983, 1.2868085184679505, 1.2401528978561935, 0.7965277377986728, 0.8272284933464116]",603110.7677760447,2.899868356792454,40.214821486,orcd,25.547442357,/home/txenakis/projects/BVPsolver/logs/array_20391846_266.err,default,GELU-scaled,243,0,/home/txenakis/projects/BVPsolver/logs/array_20391846_266.out,none,derivmatch,hires,fast,11,exact,0.0,1000,0.0,0.0,2026-08-13T23:39:22.764,collocation,65.762263843,1,2,10000,16,150,False,qr,,,,
run_8leqOl1f,"[4222.762766952434, 1790.0255710900306, 879.2645768227065, 12333.804601253198, 1035962.9749317046, 2229309.235537097, 1.8319477264034474, 3.0063233353712366, 4.399866976915598, 1640866.956052584, 668350.5837516182, 3.426676773612286, 495.8177383403645, 57898.412304762474, 0.010237315608765537, 14080593.45022333, 1.3848208647840232, 0.9031301288102902, 1407.9901319383707, 207.23200190415292]","[0.9819212917221668, 0.9514306643380969, 0.9999886011519572, 2.5099471492548657, 0.5178576970775484, 0.3510568418727738, 0.17645230040619325, 0.14252707086364766, 0.4890390270450773, 0.5309476969194847, 0.53014298664456, 0.44391803751800885, 2.707661038449315, 0.9173697032995273, 0.87274092738082, 0.9999999999568188, 0.3958393919345686, 0.3809603290381276, 0.9948515879555899, 2.921212666990779]",986716.6736596258,0.9407932504909964,"[0.9999999999997583, 0.9999999994566209, 0.9999999909974236, 0.9999999997896626, 0.9999999999999882, 1.0, 1.0, 1.0, 1.0, 1.0, 1.0, 1.0, 1.0, 0.9999999999999998, 0.9999999999999996, 0.9999999999999984, 3.6417582096665995e+270, 1.0784184826964634e+270, 1.6939875477002188e+269, 4.1246284871898447e+257]","[0.9999999999910916, 0.9999999971051995, 0.9999994613490779, 0.9999998788865124, 0.999999978980527, 0.9999999933686997, 0.9999999984156713, 0.9999999978760125, 0.9999999999999999, 0.9999999999999998, 1.0, 0.9999999999999997, 0.9999999999999994, 0.9999999999999994, 0.9999999999999984, 0.9999999999999873, 1.7690963601602474e+272, 6.932330087416022e+271, 2.986820228696599e+271, 4.3751614478653893e+257]",2.4447877235667485e+269,1.380505695885757e+271,"[0.32119776153337715, 0.02054610466040548, 3.478764522239389, 29.963157446981864, 17.27903631634954, 9.463112578973648, 0.005122758169690342, 0.0001478103799754922, 0.007257644010615616, 4.627198573434039, 28.953186783268237, 0.030906377594995062, 0.0783318282526215, 0.5570156551331152, 0.0057961168667659, 1584.225115124974, 0.001807483072941504, 0.056071644194041655, 0.12372236012796366, 0.10164980265724334]","[0.07581309727951517, 0.00011438588100517885, 0.02493331300650389, 0.023277125551554704, 0.065540227738099, 0.047011207367610025, 4.8433271707797454e-06, 3.9857422054145365e-07, 5.729823625973324e-06, 0.036943463838748754, 0.13648614094852024, 0.0017475632833420548, 0.00765380320448444, 0.11099358349806149, 0.0005198493556088481, 0.7472555249233277, 1.7359842254430707e-06, 0.002678123628773513, 0.013614680181326132, 0.02009665259420016]",83.96495723464372,0.06573457249949621,0.0,orcd,29.197420597,/home/txenakis/projects/BVPsolver/logs/array_20391846_36.err,default,GELU-scaled,650,0,/home/txenakis/projects/BVPsolver/logs/array_20391846_36.out,none,derivmatch,pollu,fast,12,exact,0.0,1000,9547.284963741,0.0,2026-08-14T00:49:51.704,shooting,9576.482384338,1,3,30000,32,150,False,,,,,
run_8ohHipz1,,,,,,,,,,,,,0.0,orcd,0.0,/home/txenakis/projects/BVPsolver/logs/array_20198490_493.err,default,GELU-scaled,188,0,/home/txenakis/projects/BVPsolver/logs/array_20198490_493.out,none,none,orego,fast,14,,0.0,1000,990.784238429,0.0,2026-08-11T13:30:28.060,shooting,990.784238429,1,2,10000,16,150,False,,,,,
run_8rZ5Pee6,,,,,,,,,,,,,64.995890529,orcd,34.317266431,/home/txenakis/projects/BVPsolver/logs/array_20198490_454.err,default,stiff,486,0,/home/txenakis/projects/BVPsolver/logs/array_20198490_454.out,none,derivmatch,orego,fast,15,,0.0,1000,0.0,0.0,2026-08-11T12:21:13.151,collocation,99.31315695999999,1,2,10000,16,150,False,,,,,
run_8ygBUKxX,,,,,,,,,,,,,0.0,orcd,0.0,/home/txenakis/projects/BVPsolver/logs/array_20140853_175.err,default,GELU-scaled,188,0,/home/txenakis/projects/BVPsolver/logs/array_20140853_175.out,none,none,rober,fast,11,,0.0,1000,213.747090355,0.0,2026-08-11T02:10:15.792,shooting,213.747090355,1,2,10000,12,150,False,,,,,
run_926KA3ON,,,,,,,,,,,,,19.820191841,orcd,35.240356662,/home/txenakis/projects/BVPsolver/logs/array_20140853_136.err,default,stiff,318,0,/home/txenakis/projects/BVPsolver/logs/array_20140853_136.out,none,derivmatch,rober,fast,12,,0.0,1000,0.0,0.0,2026-08-11T01:49:21.624,collocation,55.06054850300001,1,2,10000,12,150,False,,,,,
run_93ZmiMSp,,,,,,,,,,,,,0.0,orcd,27.175025753,/home/txenakis/projects/BVPsolver/logs/array_20140853_183.err,default,GELU-scaled,188,0,/home/txenakis/projects/BVPsolver/logs/array_20140853_183.out,none,derivmatch,rober,fast,14,,0.0,1000,358.216427641,0.0,2026-08-11T02:17:48.944,shooting,385.391453394,1,2,10000,12,150,False,,,,,
run_95dhbFZx,"[43477.54493704438, 2411.851791439894]","[0.15824700088191898, 0.06656924969062358]",22944.698364242136,0.11240812528627128,"[0.05676377315613003, 35.34647218900061]","[0.0589469812991211, 0.346604903798396]",17.701617981078368,0.20277594254875853,"[1.6370115959851097, 373508.72165821894]","[1.0294523068741641, 1.449047334568016]",186755.17933490747,1.23924982072109,0.0,orcd,30.350406455,/home/txenakis/projects/BVPsolver/logs/array_20391846_133.err,default,stiff,268,0,/home/txenakis/projects/BVPsolver/logs/array_20391846_133.out,none,derivmatch,vanderpol,fast,11,exact,0.0,1000,3712.268046859,0.0,2026-08-13T23:43:23.011,shooting,3742.6184533140004,1,2,10000,12,150,True,,,,,
run_97ACzr3G,,,,,,,,,,,,,0.0,orcd,32.524842883,/home/txenakis/projects/BVPsolver/logs/array_20198490_460.err,default,mlp,387,0,/home/txenakis/projects/BVPsolver/logs/array_20198490_460.out,none,derivmatch,orego,fast,11,,0.0,1000,4090.606598357,0.0,2026-08-11T13:31:28.319,shooting,4123.13144124,1,2,10000,16,150,False,,,,,
run_99cZvCGL,"[91838.50797444378, 225956043.6139031]","[0.00013817915424942158, 1.7120578844686388e-05]",113023941.06093878,7.764986654705398e-05,"[0.9768106843759641, 0.9780283113848716]","[0.4348537526602386, 0.6465686161959948]",0.9774194978804178,0.5407111844281167,"[9985610580.417532, 2340475777.326765]","[1.4325831922878951e-06, 9.338538310639431e-07]",6163043178.8721485,1.183218511675919e-06,0.0,orcd,29.992733176,/home/txenakis/projects/BVPsolver/logs/array_20391846_401.err,default,GELU-scaled,177,0,/home/txenakis/projects/BVPsolver/logs/array_20391846_401.out,none,derivmatch,davis-skodje,fast,11,exact,0.0,1000,0.0,0.0,2026-08-14T00:19:52.587,none,29.992733176,3,2,10000,12,150,False,,,,,
run_9L15O0dB,"[0.8564146907764961, 0.9462788917547212, 1.5005848685194954]","[1.0022066901414088, 0.9859101602519964, 0.980006264666808]",1.1010928170169043,0.9893743716867377,"[0.999996002442898, 0.9999999426096523, 0.9999999999999994]","[0.9999967874418814, 0.9999999944899368, 1.0]",0.99999864835085,0.9999989273106061,"[1.6985480364724668, 1.0582329786200972, 18.759733003687955]","[1.0122069926673793, 1.014873750549832, 1.1448615122394055]",7.172171339593507,1.0573140851522054,20.668930609,orcd,26.789067284,/home/txenakis/projects/BVPsolver/logs/array_20391846_338.err,default,GELU-scaled,188,0,/home/txenakis/projects/BVPsolver/logs/array_20391846_338.out,none,derivmatch,orego,fast,13,exact,0.0,1000,0.0,0.0,2026-08-14T00:00:37.107,collocation,47.457997893,1,2,10000,16,150,False,,,,,
run_9PQ9Qvau,"[91960.06054028662, 873353.7922186075, 86638.36855969648]","[0.1299734097397535, 0.913644421681453, 0.8278588509623567]",350650.7404395302,0.6238255607945211,"[0.9999971012028006, 0.9999999999999969, 0.998064134078775]","[0.9998182465180809, 0.9448007153905559, 1.4322815029879945]",0.9993537450938575,1.1256334882988772,"[2.510460357154901e+20, 1.691285021854449e+26, 1.0430498667076837e+18]","[0.0010729538935795226, 925.127764374988, 0.029193856569259484]",5.637625142484349e+25,308.38601039515027,14.145094109,orcd,25.712851408,/home/txenakis/projects/BVPsolver/logs/array_20391846_123.err,default,GELU-scaled,188,0,/home/txenakis/projects/BVPsolver/logs/array_20391846_123.out,none,derivmatch,rober,fast,11,exact,0.0,1000,0.0,0.0,2026-08-13T22:38:19.903,collocation,39.857945517,1,2,10000,12,150,False,,,,,
run_9Wx9mmwH,"[4198971665.2996273, 22685277576.77997]","[0.3704202022438186, 0.9882158484330058]",13442124621.039799,0.6793180253384122,"[0.9749820395025363, 0.995737099852112]","[0.9926911125688597, 0.9992738068270269]",0.9853595696773241,0.9959824596979433,"[12164794298.206497, 807761467.8911798]","[0.013323065895376887, 0.5740739914815244]",6486277883.048839,0.29369852868845064,0.0,orcd,0.0,/home/txenakis/projects/BVPsolver/logs/array_20391846_393.err,default,GELU-scaled,177,0,/home/txenakis/projects/BVPsolver/logs/array_20391846_393.out,none,none,davis-skodje,fast,13,exact,0.0,1000,116.643893082,0.0,2026-08-14T00:17:53.030,shooting,116.643893082,3,2,10000,12,150,False,,,,,
run_9X0xZADs,"[14.2154191536118, 9985693240.35063, 0.10902632580235773]","[5.985242403315674e-08, 2.144524780689847e-07, 4.914357082678578e-07]",3328564418.225025,2.5524687012333307e-07,"[0.992283884454735, 2670.746214292358, 1.0722332091635521e+23]","[0.9589339438997303, 2271.383706996879, 2.6252016860350525e+27]",3.5741106972118405e+22,8.750672286783508e+26,"[70.69045749783082, 527.3713481546419, 3754.319057617575]","[6.53595542730006e-10, 1.3264390214903126e-07, 1.1879556305428239e-08]",1450.793621090016,4.8392351332396504e-08,17.19741097,orcd,29.251045925,/home/txenakis/projects/BVPsolver/logs/array_20391846_73.err,default,stiff,318,0,/home/txenakis/projects/BVPsolver/logs/array_20391846_73.out,none,derivmatch,rober,fast,11,exact,0.0,1000,0.0,0.0,2026-08-13T22:24:11.221,collocation,46.448456895,1,2,10000,12,150,False,,,,,
run_9ZBK1iOn,,,,,,,,,,,,,0.0,orcd,0.0,/home/txenakis/projects/BVPsolver/logs/array_heavy_20252509_30.err,default,stiff,318,0,/home/txenakis/projects/BVPsolver/logs/array_heavy_20252509_30.out,none,none,rober,fast,11,,2617.773147567,1000,0.0,0.0,2026-08-12T06:46:25.168,shapovalova,2617.773147567,1,2,10000,12,150,False,,,,,
run_9ZD8cDMb,,,,,,,,,,,,,0.0,orcd,0.0,/home/txenakis/projects/BVPsolver/logs/array_20140853_221.err,default,stiff,268,0,/home/txenakis/projects/BVPsolver/logs/array_20140853_221.out,none,none,vanderpol,fast,12,,5434.074042835,1000,0.0,0.0,2026-08-11T03:59:43.631,shapovalova,5434.074042835,1,2,10000,12,150,True,,,,,
run_9enzVwgU,"[182827.2424896285, 6319231199.320458]","[0.001184279096988481, 0.2432282844198053]",3159707013.281474,0.12220628175839689,"[0.9714881055984885, 0.9877248048621555]","[0.7969267113265439, 0.7082063681426911]",0.9796064552303221,0.7525665397346175,"[1666777777871.8394, 383656090821.3723]","[0.00011861052346160336, 0.00847014558691685]",1025216934346.6058,0.004294378055189227,0.0,orcd,26.578056263,/home/txenakis/projects/BVPsolver/logs/array_20391846_402.err,default,GELU-scaled,177,0,/home/txenakis/projects/BVPsolver/logs/array_20391846_402.out,none,derivmatch,davis-skodje,fast,12,exact,0.0,1000,0.0,0.0,2026-08-14T00:19:44.510,none,26.578056263,3,2,10000,12,150,False,,,,,
run_9p3nS8G2,,,,,,,,,,,,,0.0,orcd,27.088269567,/home/txenakis/projects/BVPsolver/logs/array_20140853_299.err,default,GELU-scaled,177,0,/home/txenakis/projects/BVPsolver/logs/array_20140853_299.out,none,derivmatch,vanderpol,fast,15,,716.988524977,1000,0.0,0.0,2026-08-11T03:27:44.950,shapovalova,744.076794544,1,2,10000,12,150,True,,,,,
run_9sUqgcvn,,,,,,,,,,,,,0.0,orcd,36.862606222,/home/txenakis/projects/BVPsolver/logs/array_20140853_268.err,default,mlp,218,0,/home/txenakis/projects/BVPsolver/logs/array_20140853_268.out,none,derivmatch,vanderpol,fast,14,,0.0,1000,0.0,0.0,2026-08-11T03:02:02.102,none,36.862606222,1,2,10000,12,150,True,,,,,
run_9zWKNJ3v,,,,,,,,,,,,,0.0,,13.560063667,,,,268,,,100.0,,vanderpol,fast,123,,,,,,,,13.560063667,1,2,10000,12,150,True,,False,True,,
run_A47R9dKL,"[15.239789919615868, 6542.704261664978]","[0.6924681847615486, 0.9576056117682692]",3278.972025792297,0.8250368982649089,"[7.264931161980589, 0.10373107567512332]","[2.985493753413061, 0.9895398854321129]",3.6843311188278562,1.987516819422587,"[1.2769886293706685, 6.10400131373077]","[1.2400507024075078, 1.0000004849480402]",3.690494971550719,1.120025593677774,22.059892576,orcd,23.088941973,/home/txenakis/projects/BVPsolver/logs/array_20391846_169.err,default,mlp,218,0,/home/txenakis/projects/BVPsolver/logs/array_20391846_169.out,none,derivmatch,vanderpol,fast,11,exact,0.0,1000,0.0,0.0,2026-08-13T22:49:56.636,collocation,45.148834549,1,2,10000,12,150,True,,,,,
run_A7EvmLqt,,,,,,,,,,,,,24.457511491,orcd,0.0,/home/txenakis/projects/BVPsolver/logs/array_20140853_130.err,default,stiff,318,0,/home/txenakis/projects/BVPsolver/logs/array_20140853_130.out,none,none,rober,fast,11,,0.0,1000,0.0,0.0,2026-08-11T01:44:36.616,collocation,24.457511491,1,2,10000,12,150,False,,,,,
run_A8E3yfzI,,,,,,,,,,,,,0.0,orcd,31.117420018,/home/txenakis/projects/BVPsolver/logs/array_20198490_322.err,default,stiff,816,0,/home/txenakis/projects/BVPsolver/logs/array_20198490_322.out,none,derivmatch,hires,fast,13,,0.0,1000,7542.540043762,0.0,2026-08-11T12:17:49.084,shooting,7573.65746378,1,2,10000,16,150,False,qr,,,,
run_ADPQe4TC,,,,,,,,,,,,,0.0,orcd,28.189718412,/home/txenakis/projects/BVPsolver/logs/array_20198490_394.err,default,GELU-scaled,243,0,/home/txenakis/projects/BVPsolver/logs/array_20198490_394.out,none,derivmatch,hires,fast,15,,0.0,1000,779.866255465,0.0,2026-08-11T10:41:34.361,shooting,808.055973877,1,2,10000,16,150,False,qr,,,,
run_AFksNiVl,"[nan, nan, nan]","[0.00022512034905350353, 2.3330091857801843e-07, 1.7209872532348282e-06]",nan,7.569154574177212e-05,"[nan, nan, nan]","[0.9785920486107202, 1217879.1959663872, 9.626736504769746e+27]",nan,3.208912168256582e+27,"[nan, nan, nan]","[6.361162259884962e-10, 6.482092789554456e-08, 1.2049147449544769e-08]",nan,2.5835397190359276e-08,16.821867766,orcd,27.442120882,/home/txenakis/projects/BVPsolver/logs/array_20391846_76.err,default,stiff,318,0,/home/txenakis/projects/BVPsolver/logs/array_20391846_76.out,none,derivmatch,rober,fast,14,exact,0.0,1000,0.0,0.0,2026-08-13T22:24:43.902,collocation,44.263988648,1,2,10000,12,150,False,,,,,
run_AIbRMRA4,"[9328912.83046889, 1486480.5923999918, 4.2711813451537485e+23, 68593854.76752694, 1.6662831295059203e+17, 1517578064617878.0, 2226798.8063582326, 2493915.8206664263, 718710039.3862348, 6.816498137295429e+19, 2.985360906399815e+18, 462708581.63611686, 679811833348.4122, 40388286214597.09, 821387.6741162973, 3.014698089871885e+40, 4595506135.737857, 9633954263.187166, 7504000640667.006, 303269458678.5967]","[11.09521485751707, 1.2620160516276477, 40087582.49552792, 6.169137091917132, 13985348.281535903, 191740.3594547512, 403484.0461556959, 470551.33905867283, 62511764.80631366, 40087239647.202736, 1659790361.0941772, 39638057.59374318, 17636923462.129894, 113565884.69374661, 1279505.0912255277, 99942955259.3584, 478008622.66687006, 1343861027.8554688, 869161472.021182, 11340452741.405973]",1.5073490449359426e+39,8681526326.548391,"[0.9999999999985312, 0.9999998832372645, 0.9982999985351565, 0.9983201642012373, 0.9970629485651831, 0.9934221749893208, 0.9705485266474538, 0.3054858495306809, 0.0009000340329369973, 23.524471849066035, 4877.533776128113, 15425.48637917551, 53952.8141223573, 284743.22820094234, 2030792.889508146, 42311537.45352834, inf, inf, inf, inf]","[0.9999999999984908, 0.9999998828812765, 0.9986124398799496, 0.9986288652750742, 0.9980406294170768, 0.9890629276576414, 0.9485255332152228, 0.5218805086629875, 0.16423166449593818, 16.73271086979849, 21.84602480588317, 1771.686087809579, 13413.968696819285, 46919.48901802795, 665516.1900128558, 422284207.24092203, inf, inf, 1.7445397081802696e+308, 1.7445397081802696e+308]",inf,inf,"[567376.9565164469, 385552.8889130831, 4.138839000192883e+21, 31181818.166668814, 9.295518721765096e+16, 1.0935005910143903e+18, 552859.4607130127, 16265.067084241227, 13086228.743346253, 7.702586716217467e+18, 1.1083920171388678e+19, 305470101.6500155, 21224536624.71433, 6851549563118.509, 8056070.175824417, 2.7237445156035934e+39, 38964349.33962558, 2223560134.9047256, 1965666929413213.8, 561097782.5999672]","[21585.970856729225, 1362.7347880707691, 4.9354277487509937e+20, 26380.738069580104, 410525012695216.06, 1483475811852578.2, 3596.1581677220124, 298.9246418744035, 107324.89266094351, 8566107469223736.0, 9125634335401384.0, 40645809.8798699, 13939094155.618765, 56869481136.3329, 5356468.038417086, 1.0156576028612598e+36, 493984.53748550866, 610086283.1477877, 408414807854644.56, 4476154392.862088]",1.3618722578017967e+38,5.078288014306301e+34,5306.712537019,orcd,0.0,/home/txenakis/projects/BVPsolver/logs/array_20391846_23.err,default,mlp,3444,0,/home/txenakis/projects/BVPsolver/logs/array_20391846_23.out,none,none,pollu,fast,14,exact,0.0,1000,0.0,0.0,2026-08-13T23:38:40.411,collocation,5306.712537019,1,3,30000,32,150,False,,,,,
run_AKh2pHOu,"[1.0344987174708822, 0.4983561769772937, 0.9189147764799932]","[0.9994132713612252, 0.5557015162267492, 0.9439256123333587]",0.8172565569760564,0.8330134666404444,"[0.9999782738605891, 5.857394031835883, 151.59529525700918]","[0.9999791620680373, 1.0004375133615302, 1.004714144965233]",52.817555854235216,1.0017102734649335,"[0.9992461967010401, 0.9963469514853074, 0.9995204152985037]","[0.9992311358814395, 0.99527856474787, 0.9997020799202294]",0.9983711878282837,0.998070593516513,53.362543364,orcd,23.78647882,/home/txenakis/projects/BVPsolver/logs/array_20391846_312.err,default,mlp,387,0,/home/txenakis/projects/BVPsolver/logs/array_20391846_312.out,none,derivmatch,orego,fast,11,exact,0.0,1000,0.0,0.0,2026-08-13T23:49:28.130,collocation,77.14902218399999,1,2,10000,16,150,False,,,,,
run_AL9rDH5u,"[7348.297081479707, 22892703.942792274, 4535.956585526547]","[0.5213266459502158, 0.9992496064628269, 0.6771714312898314]",7634862.7321530925,0.7325825612342913,"[0.9999996769356966, 0.9731707856018817, 0.9996754080700988]","[0.9998522405777848, 0.9997824417846533, 0.9919506024278966]",0.9909486235358923,0.9971950949301115,"[4.6237655388803495e+21, 7.229077693520883e+26, 1.9090467371623817e+19]","[0.0075243302736339385, 29.746639313201467, 0.0671774310709978]",2.4097080406936486e+26,9.9404470248487,13.828242388,orcd,25.303237259,/home/txenakis/projects/BVPsolver/logs/array_20391846_127.err,default,GELU-scaled,188,0,/home/txenakis/projects/BVPsolver/logs/array_20391846_127.out,none,derivmatch,rober,fast,15,exact,0.0,1000,0.0,0.0,2026-08-13T22:39:37.806,collocation,39.131479647,1,2,10000,12,150,False,,,,,
run_ARzFN7HV,"[1576.8675210399106, 41158.375095059135, 9632.41315239639]","[1.7014034830761475, 29929.26884260885, 5908.4393507817]",17455.885256165144,11946.46986562454,"[0.9998592481474803, 1.033926366327988, 1.006906869370114]","[0.9996540353023807, 1.0000305028159808, 1.0015446535241301]",1.0135641612818607,1.0004097305474973,"[1.0037530759748132, 0.8799345020054268, 0.9465838301152913]","[1.0001827551910383, 0.8947230869243953, 0.9984054820250908]",0.9434238026985104,0.9644371080468415,0.0,orcd,25.135452167,/home/txenakis/projects/BVPsolver/logs/array_20391846_323.err,default,GELU-scaled,188,0,/home/txenakis/projects/BVPsolver/logs/array_20391846_323.out,none,derivmatch,orego,fast,13,exact,0.0,1000,1054.494083987,0.0,2026-08-14T00:09:25.105,shooting,1079.629536154,1,2,10000,16,150,False,,,,,
run_ASUTUCUE,,,,,,,,,,,,,0.0,orcd,0.0,/home/txenakis/projects/BVPsolver/logs/array_heavy_20252509_164.err,default,mlp,218,0,/home/txenakis/projects/BVPsolver/logs/array_heavy_20252509_164.out,none,none,davis-skodje,fast,15,exact,9.71720731,1000,0.0,0.0,2026-08-12T13:39:16.301,shapovalova,9.71720731,3,2,10000,12,150,False,,,,,
run_AWebtUqC,"[408738.0668302124, 1793759.4576933752]","[2.7311531676550717e-05, 1.920007745099819e-06]",1101248.7622617937,1.4615769710825267e-05,"[0.9114889028513996, 0.0019389897275940982]","[0.46148598496051746, 0.17893496337353415]",0.45671394628949685,0.3202104741670258,"[404299.32441207994, 644593.6561970876]","[1.3295241920163363e-08, 4.0477152849561536e-07]",524446.4903045838,2.0903338520788937e-07,0.0,orcd,31.696929686,/home/txenakis/projects/BVPsolver/logs/array_20391846_349.err,default,stiff,268,0,/home/txenakis/projects/BVPsolver/logs/array_20391846_349.out,none,derivmatch,davis-skodje,fast,14,exact,0.0,1000,351.809570131,0.0,2026-08-14T00:10:10.051,shooting,383.50649981699996,3,2,10000,12,150,False,,,,,
run_AbHYwahE,,,,,,,,,,,,,0.0,orcd,25.697515531,/home/txenakis/projects/BVPsolver/logs/array_20140853_302.err,default,GELU-scaled,177,0,/home/txenakis/projects/BVPsolver/logs/array_20140853_302.out,none,derivmatch,vanderpol,fast,13,,0.0,1000,0.0,0.0,2026-08-11T03:21:22.191,none,25.697515531,1,2,10000,12,150,True,,,,,
run_Abo3fNsZ,,,,,,,,,,,,,0.0,orcd,0.0,/home/txenakis/projects/BVPsolver/logs/array_heavy_20252509_153.err,default,stiff,268,0,/home/txenakis/projects/BVPsolver/logs/array_heavy_20252509_153.out,none,none,davis-skodje,fast,14,exact,11.580688306,1000,0.0,0.0,2026-08-12T13:36:18.454,shapovalova,11.580688306,3,2,10000,12,150,False,,,,,
run_AdvfCqR0,,,,,,,,,,,,,30.328082723,orcd,32.062624302,/home/txenakis/projects/BVPsolver/logs/array_20140853_243.err,default,stiff,268,0,/home/txenakis/projects/BVPsolver/logs/array_20140853_243.out,none,derivmatch,vanderpol,fast,14,,0.0,1000,0.0,0.0,2026-08-11T02:50:10.541,collocation,62.390707025000005,1,2,10000,12,150,True,,,,,
run_AhTc3NeZ,"[3.246747690812608, 131337299372.27438, 11.212977240021381]","[1.74037431372833e-05, 0.00014877810852402756, 0.00021213034370830966]",43779099795.57804,0.00012610406512320686,"[0.9623748080423199, 2999.8498264424375, 8.604891517309794e+22]","[0.9661599732839592, 609.5657850194132, 3.2094079210026497e+27]",2.868297172436598e+22,1.0698026403342166e+27,"[0.9719900057450142, 11.29096729552389, 0.7659183723339187]","[8.524954509030755e-06, 9.99238556606126e-05, 0.00016215222918788272]",4.342958557867608,9.020034645250869e-05,0.0,orcd,32.776694529,/home/txenakis/projects/BVPsolver/logs/array_20391846_67.err,default,stiff,318,0,/home/txenakis/projects/BVPsolver/logs/array_20391846_67.out,none,derivmatch,rober,fast,15,exact,0.0,1000,0.0,0.0,2026-08-13T22:22:30.146,none,32.776694529,1,2,10000,12,150,False,,,,,
run_AjEcWGHB,,,,,,,,,,,,,0.0,orcd,0.0,/home/txenakis/projects/BVPsolver/logs/array_20198490_388.err,default,GELU-scaled,243,0,/home/txenakis/projects/BVPsolver/logs/array_20198490_388.out,none,none,hires,fast,14,,0.0,1000,363.273329904,0.0,2026-08-11T10:26:56.868,shooting,363.273329904,1,2,10000,16,150,False,qr,,,,
run_AlmFVlQG,,,,,,,,,,,,,0.0,orcd,26.700187999,/home/txenakis/projects/BVPsolver/logs/array_20198490_509.err,default,GELU-scaled,188,0,/home/txenakis/projects/BVPsolver/logs/array_20198490_509.out,none,derivmatch,orego,fast,15,,1445.520873126,1000,0.0,0.0,2026-08-11T13:41:42.346,shapovalova,1472.221061125,1,2,10000,16,150,False,,,,,
run_AnRU9B17,,,,,,,,,,,,,2708.114698933,orcd,0.0,/home/txenakis/projects/BVPsolver/logs/array_20140853_95.err,default,GELU-scaled,650,0,/home/txenakis/projects/BVPsolver/logs/array_20140853_95.out,none,none,pollu,fast,11,,0.0,1000,0.0,0.0,2026-08-11T02:14:42.033,collocation,2708.114698933,1,3,30000,32,150,False,,,,,
run_AxRpYhaR,,,,,,,,,,,,,0.0,orcd,0.0,/home/txenakis/projects/BVPsolver/logs/array_20198490_504.err,default,GELU-scaled,188,0,/home/txenakis/projects/BVPsolver/logs/array_20198490_504.out,none,none,orego,fast,15,,1738.6612837,1000,0.0,0.0,2026-08-11T13:44:46.964,shapovalova,1738.6612837,1,2,10000,16,150,False,,,,,
run_AxSXjoLR,"[1182252.3524467556, 133305800428.37335]","[0.00028488377235531213, 0.10032503625907728]",66653491340.3629,0.0503049600157163,"[4.572547015588019, 0.038592908557500256]","[1.0902211205046015, 0.44651185308468055]",2.3055699620727594,0.768366486794641,"[6099366.887696057, 2001737.3306111898]","[1.0138103017960364e-06, 0.001440152152011921]",4050552.109153623,0.0007205829811568584,0.0,orcd,23.874716514,/home/txenakis/projects/BVPsolver/logs/array_20391846_375.err,default,mlp,218,0,/home/txenakis/projects/BVPsolver/logs/array_20391846_375.out,none,derivmatch,davis-skodje,fast,15,exact,0.0,1000,387.688410482,0.0,2026-08-14T00:21:14.110,shooting,411.563126996,3,2,10000,12,150,False,,,,,
run_Ay3TlOvw,"[0.06506221797441968, 864560655657.2415, 10.40888405969095]","[0.029642288755049522, 1.0656787502529753e-06, 0.001173164377101895]",288186885222.57184,0.010272172936967224,"[0.899048299596846, 28.40457705115493, 3.251966041724306e+23]","[0.9235587163135279, 787264.0484277908, 4.2947906078416784e+27]",1.0839886805747688e+23,1.4315968692805596e+27,"[1.5305715459625147, 41.5424427486609, 0.0030582265573572726]","[1.2116004763879157e-06, 4.3136221550541864e-05, 6.638193751286176e-05]",14.358690840393592,3.690991984659718e-05,24.702761211,orcd,0.0,/home/txenakis/projects/BVPsolver/logs/array_20391846_69.err,default,stiff,318,0,/home/txenakis/projects/BVPsolver/logs/array_20391846_69.out,none,none,rober,fast,12,exact,0.0,1000,0.0,0.0,2026-08-13T22:22:56.905,collocation,24.702761211,1,2,10000,12,150,False,,,,,
run_B8QPp5QR,"[605.566399024699, 84415.2786422765, 2.436429959989738e+20, 1214143.8096964, 9129451910688256.0, 1078369198374952.8, 116546.25711919498, 431594.2608159065, 228164.53460607023, 2.482544419135976e+18, 2.5869231261755132e+16, 1689114.1915773016, 1528333119.6833925, 680751512424.5035, 186923.110883231, 3.427252861958465e+39, 20686191.66971604, 36233721.52987074, 2345158214282.7373, 21758053291.751904]","[0.7827665576605194, 0.6493753281184905, 30132.672606342647, 0.7437013572145531, 177286.59534237094, 46384.25372623742, 27794.414523268675, 57039.02432431587, 169724.01623423345, 116365689.31478891, 214784872.91053292, 204022.06942797048, 377706062.9437287, 191759.163941352, 65842.915291821, 6898001080.632125, 4681762.995732955, 2099577.961887742, 555039161.1761816, 395147328.49776745]",1.7136264309792327e+38,428239776.1867003,"[0.9999999999990679, 0.9999999138935141, 0.9987860670510295, 0.9984712670262308, 0.9981703137414909, 0.9950132447596575, 0.9777804524646119, 0.41757254470670657, 0.0909141443396558, 17.965252155561448, 4025.452431358875, 12595.525747855634, 50001.522183869565, 70965.90682175585, 586834.7219311662, 44631497.46670747, inf, 1.3904962933569279e+308, 1.3904962933569279e+308, 5.085726025406192e+307]","[0.9999999999990327, 0.9999999105272992, 0.9990108146626994, 0.9987384298853301, 0.9988358356811294, 0.9922515115966867, 0.9640776247335276, 0.6297612222982395, 0.2808883482576763, 6.288243060983731, 32.2364321354316, 1392.4469084758928, 12367.413785077568, 15963.793642610624, 328630.0231962684, 397393198.22431755, 1.6403960158677074e+308, 7.972307811080961e+307, 7.972307811080961e+307, 9.687595756831931e+306]",inf,inf,"[56155.07184418681, 141484.25314190728, 1.9163862975050682e+22, 10712401.177735217, 4.8076581053585176e+16, 506513173192575.0, 219213.66005311633, 26241.76049365646, 116771.8538256787, 3.3043493472188614e+17, 2.7533394752628944e+17, 7504538.775186967, 2421272340.9932175, 33089389595870.77, 2310013.4168413556, 2.354491126290578e+38, 31069241.87674012, 944061391.0700463, 298606319774484.56, 407578766356.3222]","[27263.822724830767, 1320.1211627631328, 1.9717200080095758e+21, 20825.202469123957, 816952821318322.5, 14148588683568.645, 1322.7382126630093, 1061.5444674404368, 6494.227493088535, 280042423775533.5, 1.006979541364254e+16, 11204558.44043408, 6118934539.056899, 320831440245.1006, 3314162.1611860464, 1.088603499396954e+35, 300903.44424385484, 807395619.1250536, 197772236091547.16, 276333067812.3859]",1.1772455631452891e+37,5.443017496984869e+33,6143.44435657,orcd,34.602040801,/home/txenakis/projects/BVPsolver/logs/array_20391846_29.err,default,mlp,3444,0,/home/txenakis/projects/BVPsolver/logs/array_20391846_29.out,none,derivmatch,pollu,fast,15,exact,0.0,1000,0.0,0.0,2026-08-13T23:53:23.515,collocation,6178.046397371,1,3,30000,32,150,False,,,,,
run_B8TA6bwb,,,,,,,,,,,,,9233.05091405,orcd,51.485259025,/home/txenakis/projects/BVPsolver/logs/array_20140853_31.err,default,stiff,4744,0,/home/txenakis/projects/BVPsolver/logs/array_20140853_31.out,none,derivmatch,pollu,fast,12,,0.0,1000,0.0,0.0,2026-08-11T01:22:25.089,collocation,9284.536173075,1,3,30000,32,150,False,,,,,
run_B8tTF1IB,,,,,,,,,,,,,0.0,orcd,25.060483297,/home/txenakis/projects/BVPsolver/logs/array_20198490_477.err,default,mlp,387,0,/home/txenakis/projects/BVPsolver/logs/array_20198490_477.out,none,derivmatch,orego,fast,13,,0.0,1000,0.0,0.0,2026-08-11T13:07:30.743,none,25.060483297,1,2,10000,16,150,False,,,,,
run_BC7Mfoww,,,,,,,,,,,,,47.857350239,orcd,0.0,/home/txenakis/projects/BVPsolver/logs/array_20198490_410.err,default,GELU-scaled,243,0,/home/txenakis/projects/BVPsolver/logs/array_20198490_410.out,none,none,hires,fast,11,,0.0,1000,0.0,0.0,2026-08-11T10:47:19.974,collocation,47.857350239,1,2,10000,16,150,False,qr,,,,
run_BJKXmTdt,,,,,,,,,,,,,0.0,orcd,0.0,/home/txenakis/projects/BVPsolver/logs/array_heavy_20252509_172.err,default,GELU-scaled,177,0,/home/txenakis/projects/BVPsolver/logs/array_heavy_20252509_172.out,none,none,davis-skodje,fast,13,exact,8.735884089,1000,0.0,0.0,2026-08-12T13:40:43.418,shapovalova,8.735884089,3,2,10000,12,150,False,,,,,
run_BPm7kDB5,"[22632.35167297903, 33147353.666182786, 19260.014128613017]","[390.32314902063285, 0.39373878304724924, 3091.6769171999213]",11063082.010661459,1160.7979350012004,"[0.9999983062889861, 0.9931708015476755, 0.9736116160407987]","[0.9591158400392921, 23.692124098548057, 8.506723179142302e+20]",0.9889269079591534,2.835574393047434e+20,"[2.92280511780097e+18, 2.689314454546803e+21, 1.9423121553946644e+16]","[0.0008103277985283801, 7.00665534484819, 0.014384176103453166]",8.974188942620527e+20,2.3406166162500575,15.253602974,orcd,28.362206236,/home/txenakis/projects/BVPsolver/logs/array_20391846_125.err,default,GELU-scaled,188,0,/home/txenakis/projects/BVPsolver/logs/array_20391846_125.out,none,derivmatch,rober,fast,13,exact,0.0,1000,0.0,0.0,2026-08-13T22:38:59.395,collocation,43.615809209999995,1,2,10000,12,150,False,,,,,
run_BQDCAXTq,"[211.33568601483302, 4.620024006678117e+16, 17991.28968812915]","[0.0007746979173880651, 0.011632772638600847, 0.8085395165889391]",1.5400080022266456e+16,0.273648995714976,"[0.8491873879165696, 1393295.6509595318, 1.588199998012587e+27]","[0.6874477310557119, 69.37241691899872, 2.2349495073740297e+29]",5.2939999933752896e+26,7.449831691246765e+28,"[13.550630445238022, 72625.91849989412, 0.07583560404912974]","[1.7522649829113377e-05, 1.9521611713637572, 0.0003291417357398906]",24213.18165531447,0.6508359452497754,15.000426191,orcd,26.143971438,/home/txenakis/projects/BVPsolver/logs/array_20391846_98.err,default,mlp,243,0,/home/txenakis/projects/BVPsolver/logs/array_20391846_98.out,none,derivmatch,rober,fast,11,exact,0.0,1000,0.0,0.0,2026-08-13T22:32:39.748,collocation,41.144397629000004,1,2,10000,12,150,False,,,,,
run_BQlt0Tbk,,,,,,,,,,,,,0.0,orcd,22.875398899,/home/txenakis/projects/BVPsolver/logs/array_heavy_20252509_139.err,default,mlp,387,0,/home/txenakis/projects/BVPsolver/logs/array_heavy_20252509_139.out,none,derivmatch,orego,fast,15,exact,8.747198307,1000,0.0,0.0,2026-08-12T13:36:23.793,shapovalova,31.622597206000002,1,2,10000,16,150,False,,,,,
run_BVdbhJvl,"[45.40255532007734, 15.586582903943556, 266279805983791.7, 1167.6657002846305, 1556776755833.3953, 2294389177304.1704, 0.06456655638452563, 0.03710944942090128, 0.05454086700874327, 124125851530.8218, 387355863611.4579, 0.2562979498082347, 28.80680002853061, 29183.005289548728, 0.04723738574235867, 2.318388774705865e+30, 10.347986431160228, 5.268376904973839, 32966.15230516932, 25.777481087469344]","[1.633262165395165e-07, 2.2719228603789786e-07, 1.0242749928311843, 4.3735608567578055e-07, 0.38447353312877414, 1.624271813041729, 0.0006242232307968184, 0.00035005503514155703, 0.05000516476206844, 16.759539273412667, 176.6120499846022, 0.057598242724147784, 3.9784113784493926, 0.02997461337000964, 0.014788425129140166, 2.0054887781424995, 0.09749449301076361, 0.23431180134696306, 23.708419271447376, 9.495953864429904]",1.1591943873529326e+29,11.803901536798469,"[0.9999999997834593, 0.9999999264090155, 0.9989260210053118, 0.9990564282549703, 0.9983491932535619, 0.9970400903689851, 0.9886700190271777, 0.7127580198793183, 0.41378045481526055, 0.3526369529565427, 346.35419616232036, 1345.8737744289247, 3365.945767073873, 666.8553232902858, 5768.025319978597, 193068.9881610051, 2.6637859409135626e+306, 8.453037043895667e+305, 2.8319974784038225e+305, 2.8319974784038225e+305]","[0.9999999990478213, 0.9999997211024804, 0.9984083404771358, 0.9983756157350465, 0.9977106087725608, 0.9891185115333555, 0.9640530485056507, 0.5524558495630489, 0.13876450891229614, 10.331159364551434, 39.15714877367799, 2355.465125612115, 18954.590099372366, 48311.53463688247, 1029554.6899587612, 148513383.7958286, 1.2886133925424038e+308, 8.655091888813936e+307, 2.925924473473112e+307, 1.3430216689029936e+306]",2.0377445704919468e+305,inf,"[664444.6805819622, 822744.1952008837, 5.444113084672721e+21, 59534494.31347155, 1.896509771504283e+16, 2.724697643915383e+16, 611816.4172442486, 7671.059019840404, 7143764.362246296, 9.589157380025307e+18, 1.5753639675735296e+18, 8261859.990511147, 697292765.9932183, 1453167156833.2876, 971927.1616340675, 5.886288818472679e+37, 18963350.189583886, 10602208.479585651, 2494878709225.7188, 616417176.3231117]","[51235.15969717421, 4917.840516258951, 4.601179596688136e+20, 35991.86665917762, 106155545179742.48, 61563211776147.71, 4433.9305774442955, 140.42228022640666, 45369.260986393194, 3.1429281533208216e+16, 4481115648765917.0, 5472420.034669986, 170417965.21247825, 10037991778.98256, 523518.8121143585, 3.9409761393703485e+34, 175274.13415008996, 4178332.326612716, 593616602567.3291, 373958791.97176427]",2.94314440923634e+36,1.9704880696851974e+33,5545.071103004,orcd,0.0,/home/txenakis/projects/BVPsolver/logs/array_20391846_21.err,default,mlp,3444,0,/home/txenakis/projects/BVPsolver/logs/array_20391846_21.out,none,none,pollu,fast,12,exact,0.0,1000,0.0,0.0,2026-08-13T23:42:41.111,collocation,5545.071103004,1,3,30000,32,150,False,,,,,
run_BWxEPHKr,,,,,,,,,,,,,53.922928435,orcd,0.0,/home/txenakis/projects/BVPsolver/logs/array_20198490_414.err,default,GELU-scaled,243,0,/home/txenakis/projects/BVPsolver/logs/array_20198490_414.out,none,none,hires,fast,15,,0.0,1000,0.0,0.0,2026-08-11T10:50:31.767,collocation,53.922928435,1,2,10000,16,150,False,qr,,,,
run_BdZgiugr,,,,,,,,,,,,,0.0,orcd,0.0,/home/txenakis/projects/BVPsolver/logs/array_20140853_223.err,default,stiff,268,0,/home/txenakis/projects/BVPsolver/logs/array_20140853_223.out,none,none,vanderpol,fast,14,,5283.22265487,1000,0.0,0.0,2026-08-11T03:57:09.007,shapovalova,5283.22265487,1,2,10000,12,150,True,,,,,
run_BdmsU23Q,,,,,,,,,,,,,0.0,orcd,26.24053863,/home/txenakis/projects/BVPsolver/logs/array_20140853_301.err,default,GELU-scaled,177,0,/home/txenakis/projects/BVPsolver/logs/array_20140853_301.out,none,derivmatch,vanderpol,fast,12,,0.0,1000,0.0,0.0,2026-08-11T03:21:30.807,none,26.24053863,1,2,10000,12,150,True,,,,,
run_BgRcTDFG,,,,,,,,,,,,,0.0,orcd,0.0,/home/txenakis/projects/BVPsolver/logs/array_20198490_389.err,default,GELU-scaled,243,0,/home/txenakis/projects/BVPsolver/logs/array_20198490_389.out,none,none,hires,fast,15,,0.0,1000,372.730961764,0.0,2026-08-11T10:27:45.953,shooting,372.730961764,1,2,10000,16,150,False,qr,,,,
run_Bj87jOoy,,,,,,,,,,,,,20.997889851,orcd,0.0,/home/txenakis/projects/BVPsolver/logs/array_20140853_202.err,default,GELU-scaled,188,0,/home/txenakis/projects/BVPsolver/logs/array_20140853_202.out,none,none,rober,fast,13,,0.0,1000,0.0,0.0,2026-08-11T02:20:46.465,collocation,20.997889851,1,2,10000,12,150,False,,,,,
run_BliC7DLg,"[4384.804112405802, 29060.78569370147, 38.927253727232376, 1064.4704396265456, 604.5067980186269, 1412.0749699480896, 0.9548662694983421, 0.9568543854347371]","[0.6700003336743845, 1.064156232711321, 0.5536813014550924, 0.454783333588772, 7.456777501450576, 9.21981778253239, 0.7052470287257276, 0.7078137827135906]",4570.935123510338,2.6040346621064816,"[0.9941991078279685, 0.9928426738172839, 0.9996802323855747, 0.9999939207037064, 1.0, 1.0, 1.0, 0.9955817421908665]","[0.9959450926219707, 0.9999084159480651, 0.9999795314729124, 0.9999999869309139, 0.9999999999992985, 1.0, 1.0, 0.9999999940857737]",0.997787209615675,0.9994791276323668,"[761581.3327104996, 207880.07167044643, 83624.60136843176, 161265.76906775878, 107246.94637674252, 98353.78198940847, 1.0793090481416436, 0.20503781872156912]","[0.45319931736478297, 1.9199525389510443, 1.347270248615354, 1.5470399213355728, 0.4442891851222845, 0.0786046371382973, 0.19534338450591301, 0.17351120781853901]",177494.2234412693,0.7699013051064734,45.951260655,orcd,0.0,/home/txenakis/projects/BVPsolver/logs/array_20391846_264.err,default,GELU-scaled,243,0,/home/txenakis/projects/BVPsolver/logs/array_20391846_264.out,none,none,hires,fast,14,exact,0.0,1000,0.0,0.0,2026-08-13T23:38:04.945,collocation,45.951260655,1,2,10000,16,150,False,qr,,,,
run_Bluw7aRo,,,,,,,,,,,,,2501.832374192,orcd,0.0,/home/txenakis/projects/BVPsolver/logs/array_20140853_99.err,default,GELU-scaled,650,0,/home/txenakis/projects/BVPsolver/logs/array_20140853_99.out,none,none,pollu,fast,15,,0.0,1000,0.0,0.0,2026-08-11T02:24:06.980,collocation,2501.832374192,1,3,30000,32,150,False,,,,,
run_BolK8DSi,"[58329838.62872706, 2.1843525666090936e+18, 13745807.664825853]","[0.028595715853727242, 1.1813438315012323, 0.8226130309697826]",7.281175222270565e+17,0.6775175261082474,"[0.9998021962725615, 35414342.68038549, 8.204204103895473e+27]","[0.9997720706772046, 0.7719992651559631, 1.1176623282497018e+28]",2.734734701298491e+27,3.725541094165673e+27,"[3.133155370922449e+22, 3.9443831651152346e+32, 1.0239238876746151e+21]","[243.36124165178734, 87061759590.48041, 22368.223198649244]",1.3147943884795966e+32,29020594067.35495,0.0,orcd,23.083236461,/home/txenakis/projects/BVPsolver/logs/array_20391846_90.err,default,mlp,243,0,/home/txenakis/projects/BVPsolver/logs/array_20391846_90.out,none,derivmatch,rober,fast,13,exact,0.0,1000,0.0,0.0,2026-08-13T22:29:55.538,none,23.083236461,1,2,10000,12,150,False,,,,,
run_BrqJ26tq,"[1.3592625891789536, 0.6896850493740155, 0.7837030051986433]","[0.9995312858686635, 0.7330136706033039, 0.8327022092994721]",0.9442168812505375,0.8550823885904798,"[0.9998734596592753, 22.66930481542656, 82.70444519297187]","[0.9997958810815207, 2.8028501344700523, 11.401343418214333]",35.45787448935257,5.067996477921969,"[0.9842964920463975, 5.938087309871261, 2.3049979865021526]","[0.9966633108016213, 0.7926967008744917, 1.0271240925444862]",3.075793929473271,0.9388280347401997,21.487679201,orcd,27.733315206,/home/txenakis/projects/BVPsolver/logs/array_20391846_340.err,default,GELU-scaled,188,0,/home/txenakis/projects/BVPsolver/logs/array_20391846_340.out,none,derivmatch,orego,fast,15,exact,0.0,1000,0.0,0.0,2026-08-14T00:02:22.333,collocation,49.220994407,1,2,10000,16,150,False,,,,,
run_Bv8XStsZ,"[0.9719900054989683, 1.9866717126864276e-05, 1.2236720632462416e-05]","[0.001083966533042927, 0.0001200920050925345, 1.743109017083786e-05]",0.32400736964557586,0.0004071632094354331,"[0.9993063204423153, 0.9856287979501848, 0.6324413153657571]","[0.9985533078343019, 0.9060693952927591, 4.393308374935931]",0.8724588112527524,2.0993103593543307,"[0.9981089987240859, 0.9435634023749409, 0.9894982359643771]","[1.0460570326332153, 1.1437614510790999, 0.9828089334759252]",0.9770568790211346,1.0575424723960802,69.4809266,orcd,0.0,/home/txenakis/projects/BVPsolver/logs/array_20391846_285.err,default,stiff,486,0,/home/txenakis/projects/BVPsolver/logs/array_20391846_285.out,none,none,orego,fast,13,exact,0.0,1000,0.0,0.0,2026-08-13T23:42:40.458,collocation,69.4809266,1,2,10000,16,150,False,,,,,
run_BxuMBV1d,"[2790.766170340942, 847926.6279179516]","[1.436201245605522e-05, 2.085612376771372e-08]",425358.69704414625,7.191434289911467e-06,"[0.5086923776629363, 0.0077281736850642645]","[0.4480689617167006, 1.0337153541715043]",0.2582102756740003,0.7408921579441025,"[1081049527001.3809, 688585676352265.8]","[0.00010050096175317783, 0.057992386597775766]",344833362939633.56,0.029046443779764473,148.748505318,orcd,0.0,/home/txenakis/projects/BVPsolver/logs/array_20391846_360.err,default,stiff,268,0,/home/txenakis/projects/BVPsolver/logs/array_20391846_360.out,none,none,davis-skodje,fast,15,exact,0.0,1000,0.0,0.0,2026-08-14T00:13:31.255,collocation,148.748505318,3,2,10000,12,150,False,,,,,
run_ByrM0GZ8,,,,,,,,,,,,,0.0,orcd,29.378150217,/home/txenakis/projects/BVPsolver/logs/array_20140853_216.err,default,stiff,268,0,/home/txenakis/projects/BVPsolver/logs/array_20140853_216.out,none,derivmatch,vanderpol,fast,12,,0.0,1000,314.042226973,0.0,2026-08-11T02:30:20.097,shooting,343.42037719,1,2,10000,12,150,True,,,,,
run_C0qPCrDM,"[4.466897979875202, 1.5747299721471086]","[1.0062030202478915, 1.0000089379695207]",3.020813976011155,1.0031059791087062,"[0.9862102222881941, 0.9234630918144009]","[0.9916183753408968, 0.9997533468788172]",0.9548366570512975,0.995685861109857,"[1.533332435664654, 3.477343015878633]","[1.3062297551263164, 0.9990130085341982]",2.5053377257716436,1.1526213818302573,30.910697913,orcd,0.0,/home/txenakis/projects/BVPsolver/logs/array_20391846_168.err,default,mlp,218,0,/home/txenakis/projects/BVPsolver/logs/array_20391846_168.out,none,none,vanderpol,fast,15,exact,0.0,1000,0.0,0.0,2026-08-13T22:49:35.895,collocation,30.910697913,1,2,10000,12,150,True,,,,,
run_C2CdgXTe,"[765413973131.9092, 4474807680555.024, 262653883168.0024, 12951996218.3253, 175924722.26749766, 22293750.097488023, 189991451.25857592, 266612399.09540802]","[0.43039869585717944, 1.0123392451106048, 4107.795564651639, 1.234321995947035, 1063.5129874874056, 1.9639862020651206, 35196.67465800515, 17343.844984804466]",689560294424.4976,7214.558655135956,"[0.6198171827896184, 0.5337707743087735, 0.0941261389119609, 0.22742609468715513, 0.24388496205686414, 0.06576052544095656, 0.6660475400861452, 2.819304660270109e+32]","[0.9787051686454512, 0.7100707381958774, 0.6722050006059705, 0.4838441203392174, 0.5236053331677937, 0.1041020460895192, 2.5752458287133027, 5.372192554058373e+20]",3.5241308253376365e+31,6.715240692572966e+19,"[60514972239.68358, 994309844300.6803, 182873648993.27344, 105821081549.85503, 93733543492.17049, 4421276234.067715, 18916855179.707348, 137138726.60259813]","[1543.6397557682387, 129959.58108935885, 82292.63950242463, 82534.93601838463, 88339.77745060228, 1303.5698054414875, 26839412.649860375, 6311800.404836171]",182591045089.505,4192148.399789816,137.723496527,orcd,0.0,/home/txenakis/projects/BVPsolver/logs/array_20391846_237.err,default,mlp,552,0,/home/txenakis/projects/BVPsolver/logs/array_20391846_237.out,none,none,hires,fast,12,exact,0.0,1000,0.0,0.0,2026-08-13T23:23:04.710,collocation,137.723496527,1,2,10000,16,150,False,qr,,,,
run_C2ilS3OL,"[172927772.24621177, 3394529.4440522394, 307903.4335694053, 1243874.2820432007, 441.8639195749168, 6601.687516404236, 1.49892534728406, 2.6418397617319602]","[0.5122661932186868, 0.980908750994158, 0.4763953004688796, 0.6032978788179976, 40.46023079531262, 27.082139422193222, 0.8600444539454472, 0.8572674978042504]",22235140.887259714,8.979068786594407,"[0.2336602193406656, 0.9989879275121678, 0.9999759663289146, 0.9999997115290994, 0.9999999999941629, 0.999999999999999, 0.9999999999999996, 0.8593587931930394]","[0.9877781144572736, 0.9999139955938352, 0.9999998897723783, 0.9999999818530896, 0.999999999999576, 1.0, 1.0, 0.9999999857081229]",0.886497827237256,0.9984614959230345,"[37766.80821630947, 13758.45555528528, 21993.158229559645, 22351.525191928802, 55044.09917147598, 70596.62791524577, 19.769891691355447, 0.4301424038382885]","[0.008673274537028052, 0.8707783049792344, 0.49102563505146535, 0.5564944382692183, 0.13624538603495578, 0.12151878249467216, 0.004505758598988756, 0.004858488140520072]",27691.35928923752,0.2742625085132604,0.0,orcd,0.0,/home/txenakis/projects/BVPsolver/logs/array_20391846_248.err,default,GELU-scaled,243,0,/home/txenakis/projects/BVPsolver/logs/array_20391846_248.out,none,none,hires,fast,13,exact,0.0,1000,432.544945606,0.0,2026-08-13T23:36:45.917,shooting,432.544945606,1,2,10000,16,150,False,qr,,,,
run_C5G0JSBQ,,,,,,,,,,,,,0.0,orcd,32.143569998,/home/txenakis/projects/BVPsolver/logs/array_20140853_288.err,default,GELU-scaled,177,0,/home/txenakis/projects/BVPsolver/logs/array_20140853_288.out,none,derivmatch,vanderpol,fast,14,,0.0,1000,159.122253684,0.0,2026-08-11T03:11:30.240,shooting,191.265823682,1,2,10000,12,150,True,,,,,
run_CBjRToRB,,,,,,,,,,,,,0.0,orcd,28.678668854,/home/txenakis/projects/BVPsolver/logs/array_20198490_404.err,default,GELU-scaled,243,0,/home/txenakis/projects/BVPsolver/logs/array_20198490_404.out,none,derivmatch,hires,fast,15,,4137.409575052,1000,0.0,0.0,2026-08-11T11:53:42.852,shapovalova,4166.088243906,1,2,10000,16,150,False,qr,,,,
run_CCc8Tb1V,,,,,,,,,,,,,0.0,orcd,32.707408248,/home/txenakis/projects/BVPsolver/logs/array_20140853_226.err,default,stiff,268,0,/home/txenakis/projects/BVPsolver/logs/array_20140853_226.out,none,derivmatch,vanderpol,fast,12,,5769.055011591,1000,0.0,0.0,2026-08-11T04:13:10.160,shapovalova,5801.762419839,1,2,10000,12,150,True,,,,,
run_CKbUDmfg,,,,,,,,,,,,,4315.728996185,orcd,0.0,/home/txenakis/projects/BVPsolver/logs/array_20140853_28.err,default,stiff,4744,0,/home/txenakis/projects/BVPsolver/logs/array_20140853_28.out,none,none,pollu,fast,14,,0.0,1000,0.0,0.0,2026-08-10T23:54:27.441,collocation,4315.728996185,1,3,30000,32,150,False,,,,,
run_CMR4BCYC,,,,,,,,,,,,,0.0,orcd,0.0,/home/txenakis/projects/BVPsolver/logs/array_20140853_256.err,default,mlp,218,0,/home/txenakis/projects/BVPsolver/logs/array_20140853_256.out,none,none,vanderpol,fast,12,,5730.329341023,1000,0.0,0.0,2026-08-11T04:28:44.805,shapovalova,5730.329341023,1,2,10000,12,150,True,,,,,
run_COrv6TAE,,,,,,,,,,,,,23.804723374,orcd,0.0,/home/txenakis/projects/BVPsolver/logs/array_20140853_200.err,default,GELU-scaled,188,0,/home/txenakis/projects/BVPsolver/logs/array_20140853_200.out,none,none,rober,fast,11,,0.0,1000,0.0,0.0,2026-08-11T02:19:38.664,collocation,23.804723374,1,2,10000,12,150,False,,,,,
run_CPnENXBd,"[2.4176228758216127, 0.6831117504228826, 0.621038155070778]","[0.6098779997151915, 0.6714565719787516, 1.4119549744022832]",1.2405909271050912,0.8977631820320754,"[0.9877099848466294, 1.1342031567285382, 53.09240760274187]","[0.9845270875677647, 0.9098024953613025, 2.2169489358601018]",18.404773581439013,1.370426172929723,"[0.9998448688236431, 0.8210519950070045, 1.1896937308084077]","[1.0000487263594329, 0.10376913971263185, 0.08697113132563689]",1.0035301982130185,0.3969296657992339,0.0,orcd,36.219034434,/home/txenakis/projects/BVPsolver/logs/array_heavy_20252509_209.err,default,stiff,486,0,/home/txenakis/projects/BVPsolver/logs/array_heavy_20252509_209.out,none,derivmatch,orego,fast,11,exact,0.0,1000,5248.790823637,0.0,2026-08-12T23:31:05.061,shooting,5285.009858071,1,2,10000,16,150,False,,,,,
run_CRKSGp0C,"[24170375.33577995, 72609647187226.95, 200772.45824545037, 7558631.983370419, 10605.442954959179, 442558.581284131, 28209.587964820854, 7939.939779709003]","[0.014336496932868165, 0.06432452014070748, 1.025167929774405, 0.9891925222336736, 0.6481744076648435, 0.6647944299722487, 0.9254961413899767, 0.5709822137243258]",9076209950790.033,0.6128085827291312,"[2676.8067732514305, 0.5757007515116335, 0.35499921617124647, 0.7835224624341847, 0.8398227445792328, 0.6922627552772787, 0.7080052786036168, 2.751556887420878e+30]","[1.265218999824095, 0.6415557829042001, 0.7831367990535205, 0.6272604315351887, 0.8405224122001516, 0.7371458805282433, 0.606800079744454, 2.717415507915549e+18]",3.439446109276098e+29,3.3967693848944365e+17,"[111.59644470173306, 189.16059101942105, 323.8730930389233, 4.118374041649084, 39714.26765353838, 79759.62485904386, 8.371818761212129, 0.9854266112675029]","[8.466502760761768e-05, 0.00027682694009739526, 0.9558394064939794, 0.9729588707281678, 0.00027710453528492844, 0.00030970300094010367, 0.001210425535563488, 0.011680674235401145]",15013.999782594556,0.2428297095621302,0.0,orcd,0.0,/home/txenakis/projects/BVPsolver/logs/array_20391846_198.err,default,stiff,816,0,/home/txenakis/projects/BVPsolver/logs/array_20391846_198.out,none,none,hires,fast,11,exact,0.0,1000,6998.850523824,0.0,2026-08-14T00:53:16.751,shooting,6998.850523824,1,2,10000,16,150,False,qr,,,,
run_CTZqvQc4,,,,,,,,,,,,,0.0,orcd,0.0,/home/txenakis/projects/BVPsolver/logs/array_20198490_526.err,default,stiff,268,0,/home/txenakis/projects/BVPsolver/logs/array_20198490_526.out,none,none,davis-skodje,fast,12,,0.0,1000,479.61879723,0.0,2026-08-11T13:34:32.003,shooting,479.61879723,3,2,10000,12,150,False,,,,,
run_CUNu6zUG,"[3716.7601980312443, 10849.36031649421]","[0.05927316872302511, 0.07300434829136467]",7283.060257262728,0.06613875850719489,"[0.5366486757584011, 13.301173338612863]","[0.5344494667460944, 0.34054706465009704]",6.918911007185632,0.4374982656980957,"[0.9987803088152293, 35.245321755733045]","[0.7725458399880384, 1.0000367749987504]",18.122051032274136,0.8862913074933945,0.0,orcd,33.226699321,/home/txenakis/projects/BVPsolver/logs/array_20391846_134.err,default,stiff,268,0,/home/txenakis/projects/BVPsolver/logs/array_20391846_134.out,none,derivmatch,vanderpol,fast,12,exact,0.0,1000,165.952553732,0.0,2026-08-13T22:44:17.177,shooting,199.17925305300002,1,2,10000,12,150,True,,,,,
run_CfCRIHyA,"[2518.832150011238, 10989399.678439762, 443.1102909509426, 23019.336640488535, 448.2206706157981, 1050.471896346161, 1.024971748317645, 0.787213058907773]","[1.5139463923209776e-05, 0.00019381247899451456, 0.0015010119468141139, 0.00026417069651823744, 0.0010867928629438148, 0.0003429179056230462, 0.0038699693242403247, 0.005093131082237112]",1377110.1827841226,0.0015458682201617965,"[0.8559698990905501, 0.8194834052511774, 0.8867527715194307, 0.9286979199776062, 0.9720601840279279, 0.8975044303106212, 0.8005916267372285, 7.043762639642475e+29]","[1.2364495318319528, 0.6689416643280199, 0.8273812988796986, 0.5488409576461718, 0.7892968132454865, 0.7036010317268889, 0.8566380392766476, 2.738093820894805e+18]",8.804703299553094e+28,3.422617276118506e+17,"[106442.95932560171, 533.8520020574741, 48984.319576372465, 4311.467100970268, 742.803500670798, 623.5557261783542, 44.62635091318535, 0.5065300456225266]","[0.00010378687899137743, 0.00025151571214467315, 0.017814376552656865, 0.000877896093936433, 0.0021832466741295775, 0.0024048132450534667, 0.0026334152245176953, 0.008463800514227657]",20210.511264101235,0.004341606361957219,0.0,orcd,32.374591104,/home/txenakis/projects/BVPsolver/logs/array_20391846_210.err,default,stiff,816,0,/home/txenakis/projects/BVPsolver/logs/array_20391846_210.out,none,derivmatch,hires,fast,14,exact,0.0,1000,0.0,0.0,2026-08-13T22:59:35.315,none,32.374591104,1,2,10000,16,150,False,qr,,,,
run_Ch80coja,,,,,,,,,,,,,0.0,orcd,23.857783919,/home/txenakis/projects/BVPsolver/logs/array_20140853_164.err,default,mlp,243,0,/home/txenakis/projects/BVPsolver/logs/array_20140853_164.out,none,derivmatch,rober,fast,15,,0.0,1000,0.0,0.0,2026-08-11T02:03:53.412,none,23.857783919,1,2,10000,12,150,False,,,,,
run_ChCb1ZeI,"[79597284.75176604, 1032662430.376574, 118801626.23214085, 192479.8421506621, 18.59461523330576, 365.17398566371094, 60.70221832396759, 41.14982903246572]","[1.011829089199446, 0.8473667367826636, 0.6744289141489902, 0.8755032602238265, 1.5374829955827845, 2.3937938617027976, 3.0352926985528943, 2.6609779996020166]",153906788.35290998,1.6295844444744274,"[0.6814556017327652, 0.8872332014248856, 0.7135171674071923, 0.8289939955510712, 0.8445670731960363, 0.39877017530388853, 0.6399601179731147, 7.903274252882383e+30]","[0.9855680773219675, 0.8834594218720254, 0.8834800750736003, 0.7522666716052595, 0.8266913508002915, 0.4696656210759228, 0.5199894004566277, 7.869265395804301e+19]",9.879092816102979e+29,9.836581744755376e+18,"[177158131804.39334, 4569191950305.377, 13724435717521.363, 34563221689.79568, 28112368161.326965, 3740136032.221355, 356496386.87004966, 62380843.062841095]","[3578.808068023435, 519642.497584127, 12954433.49665626, 27444.60987698679, 26095.463417024373, 1086.7495699256208, 552788.118844705, 1633273.3440284494]",2317202550343.052,1964792.8860056878,138.123594411,orcd,0.0,/home/txenakis/projects/BVPsolver/logs/array_20391846_238.err,default,mlp,552,0,/home/txenakis/projects/BVPsolver/logs/array_20391846_238.out,none,none,hires,fast,13,exact,0.0,1000,0.0,0.0,2026-08-13T23:24:09.839,collocation,138.123594411,1,2,10000,16,150,False,qr,,,,
run_CiLb8z44,"[0.06314269613021357, 55.206616604212705]","[0.4199694870898932, 0.47208328352779344]",27.63487965017146,0.4460263853088433,"[0.19714442029792414, 0.6034008084989708]","[8.423527861402707, 0.9967962185295548]",0.40027261439844747,4.710162039966131,"[1.3548028591613694, 0.9988594133889795]","[1.4070320547054758, 0.9997398095154217]",1.1768311362751744,1.2033859321104488,39.837933721,orcd,47.465597455,/home/txenakis/projects/BVPsolver/logs/array_20391846_195.err,default,GELU-scaled,177,0,/home/txenakis/projects/BVPsolver/logs/array_20391846_195.out,none,derivmatch,vanderpol,fast,13,exact,0.0,1000,0.0,0.0,2026-08-13T22:59:16.040,collocation,87.303531176,1,2,10000,12,150,True,,,,,
run_CmQXJfcX,,,,,,,,,,,,,0.0,orcd,0.0,/home/txenakis/projects/BVPsolver/logs/array_heavy_20252509_102.err,default,mlp,552,0,/home/txenakis/projects/BVPsolver/logs/array_heavy_20252509_102.out,none,none,hires,fast,13,exact,14.622561134,1000,0.0,0.0,2026-08-12T13:24:45.514,shapovalova,14.622561134,1,2,10000,16,150,False,qr,,,,
run_Cmgz5Elc,"[0.22474424767635087, 0.5552690469878443, 0.19861757748413195]","[1.000245590805108, 0.7812416947083564, 0.7027458329154236]",0.326210290716109,0.8280777061429626,"[0.9999874771663941, 0.9981955623540837, 1.8443054024333905]","[0.9999719083311883, 0.9954585018966645, 0.9873524433475315]",1.2808294806512894,0.9942609511917948,"[0.996800458393312, 0.9060809800757587, 0.9989424372477209]","[0.8554978356952115, 0.005570460167724733, 0.01871085476986307]",0.9672746252389306,0.29325971687759983,0.0,orcd,0.0,/home/txenakis/projects/BVPsolver/logs/array_20391846_275.err,default,stiff,486,0,/home/txenakis/projects/BVPsolver/logs/array_20391846_275.out,none,none,orego,fast,15,exact,0.0,1000,2042.479046718,0.0,2026-08-14T00:13:07.954,shooting,2042.479046718,1,2,10000,16,150,False,,,,,
run_CnRCamai,,,,,,,,,,,,,137.973054608,orcd,0.0,/home/txenakis/projects/BVPsolver/logs/array_20198490_375.err,default,mlp,552,0,/home/txenakis/projects/BVPsolver/logs/array_20198490_375.out,none,none,hires,fast,11,,0.0,1000,0.0,0.0,2026-08-11T10:18:21.311,collocation,137.973054608,1,2,10000,16,150,False,qr,,,,
run_D5Ex5Fsi,"[32.6203956022819, 6421765752.403568, 20.753502589394426]","[8.758516009184063e-05, 0.00030403931588991257, 0.00017613595372213345]",2140588601.9258223,0.00018925347656796222,"[0.9117395208915815, 6366.323535117334, 4.97124683969536e+23]","[13.873855970806344, 1105.6748214175732, 1.2085427158392033e+29]",1.6570822798984535e+23,4.028475719464011e+28,"[0.5609954809793457, 0.03238761239660356, 1.7112789443033123]","[9.210876494703634e-06, 3.839910554408758e-05, 0.00015205007573833716]",0.7682206792264205,6.655335259237612e-05,0.0,orcd,27.909757788,/home/txenakis/projects/BVPsolver/logs/array_20391846_65.err,default,stiff,318,0,/home/txenakis/projects/BVPsolver/logs/array_20391846_65.out,none,derivmatch,rober,fast,13,exact,0.0,1000,0.0,0.0,2026-08-13T22:21:39.506,none,27.909757788,1,2,10000,12,150,False,,,,,
run_D5hgf8Od,"[1.014808140707122, 0.5912971532909156, 0.9431883799506104]","[0.9994155723502117, 0.5773199504490935, 0.9525411760495475]",0.8497645579828829,0.8430922329496177,"[0.9998851991153771, 1.6164870833704958, 1.979165398213182]","[0.9999771261475352, 1.0001203003754051, 1.0065971748429021]",1.5318458935663515,1.002231533788614,"[0.9998062770274918, 0.8096665693205314, 0.9776664496554878]","[0.993656480535322, 0.7499342350692244, 0.9959679621056711]",0.9290464320011703,0.9131862259034058,0.0,orcd,24.314277918,/home/txenakis/projects/BVPsolver/logs/array_20391846_299.err,default,mlp,387,0,/home/txenakis/projects/BVPsolver/logs/array_20391846_299.out,none,derivmatch,orego,fast,12,exact,0.0,1000,2145.327717747,0.0,2026-08-14T00:20:16.734,shooting,2169.6419956649997,1,2,10000,16,150,False,,,,,
run_DCnsZUxl,"[20.010219646733088, 3.8774355515499925, 822.9402197343182, 636.5514491256486, 19146.555887718747, 24028.17039508559, 0.07938587494355497, 0.09179046521798277, 0.15096792344832713, 17633.47511911581, 11530.222867771638, 0.2360028406129403, 32.5581267404443, 153.39119140492502, 0.053315481135661535, 1906.6015943393859, 0.09281268922643449, 0.20271049625274018, 46.87006275552627, 0.015998279410255327]","[0.6654134957833308, 0.09141798347295246, 0.9999812187554661, 1.9617268511416999, 0.4368776494330861, 0.3650639679432983, 1.399375678609345, 1.5389699739738638, 8.537004703522973, 0.8001307293081591, 0.6151239784867054, 5.480203721098932, 6.2046597150911325, 2.252282005888994, 8.122546487336345, 0.9999999999445566, 15.306137298582737, 8.634376207008549, 3.0476036390543473, 0.4018835391661443]",3798.107377652029,3.393038942180131,"[0.9999999999999823, 0.999999999954221, 0.9999999773903221, 0.999999997310201, 0.9999999998860437, 1.0, 1.0, 1.0, 1.0, 1.0, 1.0, 1.0, 1.0, 1.0, 1.0, 1.0, 5.39489329164285e+267, 2.0369649400039128e+267, 5.284058724775578e+266, 1.1336648917251945e+255]","[0.9999999999955099, 0.9999999736440196, 0.9999975813585508, 0.99999931493047, 0.9999992103197862, 0.9999998905891557, 0.9999999874454808, 0.999999920208854, 0.9999999999809351, 0.9999999999999994, 0.9999999999999997, 0.9999999999999993, 0.9999999999999991, 0.9999999999999991, 0.9999999999999968, 0.9999999999999879, 8.121292265530394e+272, 2.071082394810203e+272, 3.717807339534936e+271, 6.325225749899227e+258]",3.980132052062727e+266,5.282077697147078e+271,"[0.0139003124293799, 0.0020416416881755147, 13.762591457858218, 7.821818350179458, 729.7126417712336, 1855.570419061491, 0.00038898354871825977, 2.4573509192681695e-05, 0.001297648525695525, 1179.4627536970795, 844.8645710458793, 0.013576540667220357, 0.29113078951319715, 23.900007252934202, 0.006428341138078038, 499.5247624626729, 0.00016095933542595946, 0.012254791650070573, 5.0670147034099475, 0.003285323754691791]","[0.020007449434266397, 0.0003639937291378668, 0.0359645977966519, 0.02050822724506224, 0.0239697279058155, 0.025920487053378606, 1.1691936502402702e-07, 3.2430462832045806e-08, 5.291234886079719e-07, 0.01689270415224719, 0.0587732484333425, 0.0007851470113905684, 0.002692535802912772, 0.1178042413372479, 1.6347355124363856e-05, 1.2665571842557013, 5.381150186138339e-08, 0.00010625100174473518, 0.022976036936421966, 0.004180148460676667]",258.0015534854249,0.08087595300979704,0.0,orcd,29.376984168,/home/txenakis/projects/BVPsolver/logs/array_20391846_35.err,default,GELU-scaled,650,0,/home/txenakis/projects/BVPsolver/logs/array_20391846_35.out,none,derivmatch,pollu,fast,11,exact,0.0,1000,9786.557078997,0.0,2026-08-14T00:53:53.484,shooting,9815.934063165001,1,3,30000,32,150,False,,,,,
run_DDR0w6i8,"[4148111.5461873366, 979996.3153949697, 467062.0928201556, 1428956.4876975885, 742.7616881729133, 2244.2519380202657, 19.170861097460726, 16.19158682186667]","[0.33110604672269267, 0.39273396122066634, 0.5836332636381119, 0.12935412055647688, 0.3135810083103868, 0.028558439799465724, 0.7969520204746895, 0.7831871482804967]",878393.6022717702,0.4198882511253733,"[0.5589094702768471, 0.4628607227019854, 0.7797829429418047, 0.7284308744122631, 0.9548971585632333, 0.9604665206788509, 0.9791977130436855, 8.10862067828736e+27]","[0.9665457145202704, 0.5158104337184183, 0.9044403852475578, 0.740753912898127, 0.9528872373164087, 0.972558963111701, 0.9786568436925517, 3.759702080491927e+16]",1.01357758478592e+27,4699627600614910.0,"[46387302955.354965, 203620363.32815677, 129655477956.68317, 131373243.7831257, 1226719743.0735455, 1812355210.054889, 2387458.560421515, 259782.54681550368]","[836.0536416269924, 26.821619419002275, 100163.10289768953, 58.7206147396224, 1096.7203178749287, 473.30680553465817, 69.39731164962299, 503.1526327934109]",22427437089.173134,12903.40948016597,125.282010514,orcd,24.079488871,/home/txenakis/projects/BVPsolver/logs/array_20391846_244.err,default,mlp,552,0,/home/txenakis/projects/BVPsolver/logs/array_20391846_244.out,none,derivmatch,hires,fast,14,exact,0.0,1000,0.0,0.0,2026-08-13T23:31:04.781,collocation,149.361499385,1,2,10000,16,150,False,qr,,,,
run_DDcfgRDI,"[15.479885501049699, 294.2976770555506]","[1.7164249395032502e-05, 3.167034975865398e-10]",154.88878127830014,8.582283049265045e-06,"[0.9802854444458939, 0.600631320857989]","[0.45977495687992725, 0.5463414680700115]",0.7904583826519415,0.5030582124749694,"[4.94526734861331, 2513.7806341501346]","[3.0540509842830135e-11, 1.1422934031484441e-11]",1259.362950749374,2.0981721937157286e-11,142.658324744,orcd,0.0,/home/txenakis/projects/BVPsolver/logs/array_20391846_357.err,default,stiff,268,0,/home/txenakis/projects/BVPsolver/logs/array_20391846_357.out,none,none,davis-skodje,fast,12,exact,0.0,1000,0.0,0.0,2026-08-14T00:13:22.772,collocation,142.658324744,3,2,10000,12,150,False,,,,,
run_DJECDqQ8,"[333.03301221432883, 95.5185042080959, 3385086627171.6, 8567.58387109743, 2018014340.6413481, 2539321551.254169, 0.129191309626796, 0.09382303608354262, 2.5182798950951057, 467296038.1002645, 913480438.1205207, 1.133969064447634, 6463.7747948066635, 28631.95890125867, 0.1333197759713857, 4.56162929906329e+28, 9.23661744825926, 4.922060421864729, 7781.99504897547, 1289.2343997308697]","[8.448007891649108e-08, 9.048241143011941e-08, 1.0033416655280274, 4.6390183278997887e-07, 0.008199742528615786, 0.06088957169123932, 0.0006082534280947433, 0.0005712399320527106, 0.002417844303885649, 2.897008076072102, 0.15715485456300737, 0.0005794512045591491, 0.34983948863800346, 0.0033087903058582756, 0.00011683081521315793, 2.0952146060391983, 0.004223302886360394, 0.010218292942268907, 0.09193209978218629, 0.09316550856171811]",2.280814649531645e+27,0.33893951290433566,"[0.9999999999923055, 0.9999996502366745, 0.9991555458259223, 0.9990703718980241, 0.9988765850317965, 0.9978782021161556, 0.9920080160499858, 0.7633842369603547, 0.7815522564152095, 0.15171022771273643, 6.47627234222863, 49.973313005852155, 99.11172194086468, 323.5007868266093, 961.8971961325559, 6358.733172182214, 6.00172677283524e+304, 9.85134134464226e+302, 9.85134134464226e+302, 3.4464739986587654e+301]","[0.9999999993162608, 0.9999997197219077, 0.9969489539374203, 0.9981239397534457, 0.9977048472724124, 0.9908066375720443, 0.9776946344814432, 0.5437020914558759, 0.14367943168488911, 4.581073021316578, 16.10589239478847, 905.868712058607, 2763.822812802632, 10653.871040326268, 144356.79272666964, 152870012.87621135, 6.54129758802891e+307, 6.498184786453227e+307, 3.55154847061005e+307, 1.3109802005394974e+306]",3.101100036863372e+303,8.361064432573068e+306,"[64778356.42504365, 13438651.353919202, 3.463635538847366e+21, 6905393913.123851, 1.120444100367068e+16, 2.952242677463356e+17, 329183.6995630236, 9327.415264586525, 233286.46093337936, 6.46444795529459e+19, 8.770066228283818e+19, 143898481.3368382, 8105599022.947568, 29324123629828.93, 9887773.26051335, 6.1839131380196015e+37, 11537.80812341151, 19310973.579475272, 140008824061794.14, 71169925192.7535]","[6496767.512382935, 102594.23046605241, 3.452489581174751e+20, 5545750.977347643, 131009022580072.14, 848674436019831.9, 2883.7680434553627, 194.74387998891004, 2087.115042008923, 2.469293017145501e+17, 3.0941575089526144e+17, 79869199.38136503, 2548762491.6877065, 258226322388.63895, 7787507.966537176, 5.084372190014989e+34, 152.1352778034339, 10547579.509925146, 47961970884090.45, 44950567546.559074]",3.091956569009801e+36,2.5421860950075115e+33,5348.708963211,orcd,31.765161301,/home/txenakis/projects/BVPsolver/logs/array_20391846_25.err,default,mlp,3444,0,/home/txenakis/projects/BVPsolver/logs/array_20391846_25.out,none,derivmatch,pollu,fast,11,exact,0.0,1000,0.0,0.0,2026-08-13T23:39:59.975,collocation,5380.474124512,1,3,30000,32,150,False,,,,,
run_DOssp4GT,"[0.019695481555286005, 1.9520995346234504]","[0.7257125692148754, 0.941498566298894]",0.9858975080893683,0.8336055677568847,"[0.09777050228161421, 0.5659322782360853]","[0.2682540019249948, 0.9970182909980622]",0.33185139025884974,0.6326361464615284,"[1.000847812824657, 1.1617053686800165]","[1.1665710187479732, 0.9997025802988657]",1.0812765907523367,1.0831367995234196,0.0,orcd,23.738121651,/home/txenakis/projects/BVPsolver/logs/array_20391846_161.err,default,mlp,218,0,/home/txenakis/projects/BVPsolver/logs/array_20391846_161.out,none,derivmatch,vanderpol,fast,13,exact,0.0,1000,0.0,0.0,2026-08-13T22:48:05.236,none,23.738121651,1,2,10000,12,150,True,,,,,
run_DSMAcPYa,,,,,,,,,,,,,0.0,orcd,0.0,/home/txenakis/projects/BVPsolver/logs/array_heavy_20252509_124.err,default,stiff,486,0,/home/txenakis/projects/BVPsolver/logs/array_heavy_20252509_124.out,none,none,orego,fast,15,exact,14.325133759,1000,0.0,0.0,2026-08-12T13:29:47.147,shapovalova,14.325133759,1,2,10000,16,150,False,,,,,
run_DlVH8qYm,,,,,,,,,,,,,0.0,orcd,28.857619982,/home/txenakis/projects/BVPsolver/logs/array_20198490_336.err,default,stiff,816,0,/home/txenakis/projects/BVPsolver/logs/array_20198490_336.out,none,derivmatch,hires,fast,12,,0.0,1000,0.0,0.0,2026-08-11T10:11:53.326,none,28.857619982,1,2,10000,16,150,False,qr,,,,
run_DnP2YqQ2,"[nan, nan, nan]","[0.001718195795330897, 8.294923591982359e-05, 0.00023694245730705165]",nan,0.000679362496185924,"[nan, nan, nan]","[1.0821245145470948, 25801.440214637656, 2.8988951710982223e+27]",nan,9.66298390366074e+26,"[nan, nan, nan]","[9.65152939755802e-08, 2.8763748523404974e-06, 1.5822120443376362e-06]",nan,1.5183673968845712e-06,0.0,orcd,28.816193083,/home/txenakis/projects/BVPsolver/logs/array_20391846_59.err,default,stiff,318,0,/home/txenakis/projects/BVPsolver/logs/array_20391846_59.out,none,derivmatch,rober,fast,12,exact,0.0,1000,517.754982994,0.0,2026-08-13T22:22:14.319,shooting,546.571176077,1,2,10000,12,150,False,,,,,
run_DofG2VYF,"[1.0243096236990106, 0.5184637777972354, 0.9381074736824878]","[0.9994871058999616, 0.6120286724998998, 0.9505075703245711]",0.8269602917262446,0.8540077829081442,"[0.9999959510140999, 1.8274146203413768, 2.406439846667994]","[0.9999754632624536, 0.999994706069895, 0.9995875087157384]",1.7446168060078235,0.9998525593493625,"[0.999986650260439, 1.0023171001879059, 1.0003686987109415]","[0.999960898195085, 1.0027567155251538, 1.0002492337248226]",1.0008908163864287,1.000988949148354,0.0,orcd,23.91566659,/home/txenakis/projects/BVPsolver/logs/array_20391846_306.err,default,mlp,387,0,/home/txenakis/projects/BVPsolver/logs/array_20391846_306.out,none,derivmatch,orego,fast,15,exact,0.0,1000,0.0,0.0,2026-08-14T00:10:05.322,none,23.91566659,1,2,10000,16,150,False,,,,,
run_DpEiOWTX,,,,,,,,,,,,,9353.078582475,orcd,50.72451465,/home/txenakis/projects/BVPsolver/logs/array_20140853_33.err,default,stiff,4744,0,/home/txenakis/projects/BVPsolver/logs/array_20140853_33.out,none,derivmatch,pollu,fast,14,,0.0,1000,0.0,0.0,2026-08-11T01:24:11.883,collocation,9403.803097125001,1,3,30000,32,150,False,,,,,
run_DpMc2X06,,,,,,,,,,,,,0.0,orcd,0.0,/home/txenakis/projects/BVPsolver/logs/array_20140853_283.err,default,GELU-scaled,177,0,/home/txenakis/projects/BVPsolver/logs/array_20140853_283.out,none,none,vanderpol,fast,14,,0.0,1000,232.633888645,0.0,2026-08-11T03:11:08.117,shooting,232.633888645,1,2,10000,12,150,True,,,,,
run_Dq14dRKp,,,,,,,,,,,,,17.066143194,orcd,30.537749686,/home/txenakis/projects/BVPsolver/logs/array_20140853_135.err,default,stiff,318,0,/home/txenakis/projects/BVPsolver/logs/array_20140853_135.out,none,derivmatch,rober,fast,11,,0.0,1000,0.0,0.0,2026-08-11T01:47:45.063,collocation,47.603892880000004,1,2,10000,12,150,False,,,,,
run_DqzDcXpP,"[7982592.942603844, 363213604.64999145, 51961.392615285265, 5439.43348745703, 70.40572894735809, 309.07371410790165, 0.959382619726386, 0.697364028116259]","[0.2592235335615528, 0.35459533602547655, 0.4612000741991651, 0.2518445944639959, 0.19486939530638198, 0.08347472759708059, 0.6970046841926044, 0.6690826828180532]",46406747.444360964,0.37141187852053886,"[0.5133817285268135, 0.7313336228324605, 0.6051143801512567, 0.7425148067030323, 0.9734947848003443, 0.9315487406177961, 0.9542651465086784, 1.1056595144718658e+29]","[0.9673139165962333, 0.7736853613829704, 0.7872251118059724, 0.8747618823317174, 0.9694040262794265, 0.8756467110833616, 0.8088136263313895, 2.391575993065247e+16]",1.3820743930898323e+28,2989469991331560.0,"[2193085906.863985, 238471712.19357675, 43050185.32462017, 46444136.55653272, 445073174.5632145, 131694274.58371377, 9901230.700646777, 622482.4394965351]","[20.480819494060817, 18.280176865594502, 38.70142452656331, 11.750720867394742, 219.6664943822729, 17.837431904499685, 3969.3399120634, 5397.3182361925265]",388542887.9032233,1211.671902037039,126.673142965,orcd,22.810167459,/home/txenakis/projects/BVPsolver/logs/array_20391846_243.err,default,mlp,552,0,/home/txenakis/projects/BVPsolver/logs/array_20391846_243.out,none,derivmatch,hires,fast,13,exact,0.0,1000,0.0,0.0,2026-08-13T23:31:03.645,collocation,149.483310424,1,2,10000,16,150,False,qr,,,,
run_DsynpObT,,,,,,,,,,,,,0.0,orcd,26.945720014,/home/txenakis/projects/BVPsolver/logs/array_20140853_146.err,default,mlp,243,0,/home/txenakis/projects/BVPsolver/logs/array_20140853_146.out,none,derivmatch,rober,fast,12,,0.0,1000,532.797196939,0.0,2026-08-11T02:00:19.513,shooting,559.742916953,1,2,10000,12,150,False,,,,,
run_DtGTfdAX,,,,,,,,,,,,,16.101847678,orcd,27.711120414,/home/txenakis/projects/BVPsolver/logs/array_20140853_173.err,default,mlp,243,0,/home/txenakis/projects/BVPsolver/logs/array_20140853_173.out,none,derivmatch,rober,fast,14,,0.0,1000,0.0,0.0,2026-08-11T02:06:54.103,collocation,43.812968092,1,2,10000,12,150,False,,,,,
run_DuXkD17A,"[0.0018913560247124145, 0.00031366521471938233, 0.000404964665351484]","[0.002690316163140392, 0.00011034040628285436, 0.00029914235812289323]",0.000869995301594427,0.0010332663091820466,"[0.9985090967165122, 0.984599135842496, 1.0775033052066865]","[0.9952867590788517, 0.8902598660429235, 1.4883788983167139]",1.0202038459218983,1.124641841146163,"[0.9875344011703175, 0.9116618489957812, 1.004789446019654]","[1.0203856439623893, 2.964354076053311, 0.8974510688330157]",0.9679952320619177,1.6273969296162385,0.0,orcd,29.078085392,/home/txenakis/projects/BVPsolver/logs/array_20391846_280.err,default,stiff,486,0,/home/txenakis/projects/BVPsolver/logs/array_20391846_280.out,none,derivmatch,orego,fast,13,exact,0.0,1000,0.0,0.0,2026-08-13T23:41:17.592,none,29.078085392,1,2,10000,16,150,False,,,,,
run_DuzbXBSW,"[451.8868796053657, 15.07777325805254, 98.42880161691453, 6743.301264687723, 446.0766099501886, 64.10131137833332, 0.10022475758184184, 0.17828590293782573, 0.15142864929170588, 342.59478554805634, 13.904428145799278, 0.04635808527230356, 6.375229122577074, 740.0174183355574, 0.5453641137436792, 182.5179350406434, 0.3272374212689882, 0.2601236094498987, 0.0917631755824186, 0.7523742110114365]","[0.00026964318122817463, 0.00041415695526273274, 0.9999950338884662, 0.0010410489739173109, 0.9634538063873276, 0.933480401650355, 0.5004126979483989, 0.24245205294847474, 0.3741339090487656, 0.9094215791055016, 0.9230381772006908, 0.7655186645822009, 3.492470661874977, 2.8068991614466157, 0.268848576711128, 0.9999999999993935, 0.7932775816084924, 0.49606244317997916, 1.4718761965298637, 0.056835914512396585]",455.3367798307675,0.8499950853866718,"[0.9999999999999224, 0.9999999999897128, 0.9999999764018038, 0.9999999937575131, 0.9999999999975099, 0.9999999999999429, 0.9999999999999977, 1.0, 1.0, 1.0, 1.0, 1.0, 1.0, 1.0, 1.0, 1.0, 2.2201855800966615e+265, 6.509268970406284e+263, 9.268319284870469e+261, 7.350618526472661e+249]","[0.9999999999980599, 0.9999999999272404, 0.9999996124193569, 0.9999999018476012, 0.9999999880788656, 0.9999999517564993, 0.99999997218558, 0.9999999792730451, 0.9999999999999999, 1.0, 1.0, 1.0, 1.0, 1.0, 1.0, 0.9999999999999997, 1.3221312896628006e+268, 3.8604469576863374e+266, 2.548516171568769e+265, 8.781122767034846e+251]",1.143102550864606e+264,6.816421377056163e+266,"[0.05166176912904094, 0.000786413179705505, 0.007179743517957266, 0.9406878032641313, 0.13951662268964649, 0.3012867229779387, 0.00677223552054242, 0.00035996753775076584, 0.016626441436829568, 0.5119294143142964, 0.3363716236055075, 0.06627118838869972, 0.47603524891011695, 0.38376908841130764, 0.0037345985131940498, 0.012395682309160046, 0.0021421525903660356, 0.06490503753988314, 0.003063816546006012, 0.0019336061242720458]","[0.011229932738031054, 5.035883708625594e-06, 0.0031192980147367474, 0.0005896189915529107, 0.36552796453446673, 0.5356833349025061, 9.051350462465752e-06, 1.174570906246398e-06, 2.4185788504760633e-05, 0.48647879085278356, 0.4896880526661325, 0.007309242546282743, 0.024832511179960923, 0.0033341235559695647, 0.0002712417005904225, 0.962369348028076, 4.536147635843764e-06, 0.005909937382729523, 0.01413898105071286, 0.0010454798931270363]",0.16637145882531762,0.1455785920889438,0.0,orcd,0.0,/home/txenakis/projects/BVPsolver/logs/array_20391846_30.err,default,GELU-scaled,650,0,/home/txenakis/projects/BVPsolver/logs/array_20391846_30.out,none,none,pollu,fast,11,exact,0.0,1000,5720.636161465,0.0,2026-08-13T23:45:43.333,shooting,5720.636161465,1,3,30000,32,150,False,,,,,
run_DwxgLUxk,,,,,,,,,,,,,29.110863031,orcd,0.0,/home/txenakis/projects/BVPsolver/logs/array_20198490_517.err,default,GELU-scaled,188,0,/home/txenakis/projects/BVPsolver/logs/array_20198490_517.out,none,none,orego,fast,13,,0.0,1000,0.0,0.0,2026-08-11T13:22:23.184,collocation,29.110863031,1,2,10000,16,150,False,,,,,
run_E7ntgVdE,"[62160.035295789865, 15741.129243063177, 52982.115039546065, 1142399.5126538621, 141336.7325989239, 117671.34410437607, 0.7571515162631607, 6.509768951534001, 36.38763093786742, 141723.25676363037, 139218.88974781678, 39.8744373468666, 28.727595160345036, 87779.13012532837, 10.546786330911942, 3467.999692825345, 0.5192735400502215, 0.31546490281181444, 512.9479249305157, 46.47318712332922]","[0.024271778149658297, 0.052488904814530606, 0.9999967544030045, 0.06450520762869562, 0.9789139068445258, 0.9669707729597891, 0.67196631305944, 0.8262866260151572, 1.3227641889853774, 0.9532539492368078, 0.9627659206231017, 1.5140916153991777, 11.476774147773988, 1.8851607121166774, 0.43941470285548606, 0.9999999999998314, 3.359379095189455, 1.410600127855412, 0.7422596383956306, 21.522870696735243]",95258.16022429513,2.5587367529520493,"[0.9999999999992375, 0.9999999998174396, 0.999999714422265, 0.9999999854864645, 0.9999999986673352, 0.9999999993262403, 0.9999999999883864, 0.9999999999999238, 0.9999999999999983, 1.0, 1.0, 1.0, 1.0, 1.0, 1.0, 1.0, 5.525905095805015e+267, 6.2918240351542266e+265, 2.6480677472195177e+264, 7.797109120691068e+253]","[0.9999999999985302, 0.9999999999401766, 0.9999999083146641, 0.9999999931849, 0.9999999969115343, 0.9999999841706562, 0.9999999999728887, 0.9999999999999987, 0.9999999999999999, 1.0, 1.0, 1.0, 1.0, 1.0, 1.0, 0.9999999999999997, 8.445229886183321e+267, 5.7403527437115406e+265, 1.3839743723970612e+264, 5.265383411582926e+250]",2.7957357019519274e+266,4.252008693996417e+266,"[0.13347446065596233, 0.0011923195980635664, 0.006712670238143312, 0.8046743045424134, 0.1550882715115881, 0.09689109956449767, 0.006663978011053955, 0.0005900243942775646, 0.02901878493054977, 0.7424556886875898, 0.46305755521578, 0.13574056792245054, 0.7219328485268844, 0.5134479796620927, 0.009301457398191527, 0.02541482064009484, 0.005835792484106293, 0.09176429180113221, 0.00465945175292978, 0.004478780044665947]","[0.02300873169891894, 2.0857470804272382e-05, 0.0062225834857127646, 0.0009827360363168804, 0.4220614221656759, 0.6136210275437234, 1.0986919600546112e-05, 2.562743696155151e-06, 4.3673019313430385e-05, 0.5643725822112247, 0.5769073733572034, 0.014281387481412965, 0.041387861602128866, 0.0046067609302784555, 0.003277247731772175, 0.9823659062671591, 1.2862256683474499e-05, 0.009214327968027071, 0.0317017656851434, 0.008653905226028578]",0.1976197573791234,0.16513782809004124,0.0,orcd,0.0,/home/txenakis/projects/BVPsolver/logs/array_20391846_32.err,default,GELU-scaled,650,0,/home/txenakis/projects/BVPsolver/logs/array_20391846_32.out,none,none,pollu,fast,13,exact,0.0,1000,4434.955770648,0.0,2026-08-13T23:24:14.978,shooting,4434.955770648,1,3,30000,32,150,False,,,,,
run_EBQfDljf,,,,,,,,,,,,,0.0,orcd,46.597442133,/home/txenakis/projects/BVPsolver/logs/array_20140853_23.err,default,stiff,4744,0,/home/txenakis/projects/BVPsolver/logs/array_20140853_23.out,none,derivmatch,pollu,fast,14,,0.0,1000,0.0,0.0,2026-08-10T22:44:38.150,none,46.597442133,1,3,30000,32,150,False,,,,,
run_EFWPTR8T,"[0.010019643667308035, 6.831571703173638]","[7.299596789547037e-05, 0.0022769723690544007]",3.4207956734204727,0.0011749841684749356,"[0.03089288937164262, 0.021294555191646018]","[0.04769927693069452, 0.29841395979420204]",0.02609372228164432,0.1730566183624483,"[1.1337242617658724e-05, 0.22686769053944952]","[0.007614348737800922, 0.2308587951384612]",0.11343951389103359,0.11923657193813106,31.529976671,orcd,34.473534459,/home/txenakis/projects/BVPsolver/logs/array_20391846_149.err,default,stiff,268,0,/home/txenakis/projects/BVPsolver/logs/array_20391846_149.out,none,derivmatch,vanderpol,fast,13,exact,0.0,1000,0.0,0.0,2026-08-13T22:46:33.973,collocation,66.00351112999999,1,2,10000,12,150,True,,,,,
run_EJ1fXHkJ,,,,,,,,,,,,,0.0,orcd,23.223496097,/home/txenakis/projects/BVPsolver/logs/array_heavy_20252509_49.err,default,mlp,243,0,/home/txenakis/projects/BVPsolver/logs/array_heavy_20252509_49.out,none,derivmatch,rober,fast,15,,2538.984540287,1000,0.0,0.0,2026-08-12T08:34:40.087,shapovalova,2562.208036384,1,2,10000,12,150,False,,,,,
run_EJLdhnus,,,,,,,,,,,,,0.0,orcd,29.295649667,/home/txenakis/projects/BVPsolver/logs/array_20140853_234.err,default,stiff,268,0,/home/txenakis/projects/BVPsolver/logs/array_20140853_234.out,none,derivmatch,vanderpol,fast,15,,0.0,1000,0.0,0.0,2026-08-11T02:46:03.358,none,29.295649667,1,2,10000,12,150,True,,,,,
run_EJP2WVgr,,,,,,,,,,,,,22.624800796,orcd,26.552052393,/home/txenakis/projects/BVPsolver/logs/array_20198490_524.err,default,GELU-scaled,188,0,/home/txenakis/projects/BVPsolver/logs/array_20198490_524.out,none,derivmatch,orego,fast,15,,0.0,1000,0.0,0.0,2026-08-11T13:26:41.226,collocation,49.176853189,1,2,10000,16,150,False,,,,,
run_EP4rIylb,"[153.8745447308717, 179.39848548193302]","[1.008266089244156, 0.9999524093512536]",166.63651510640236,1.0041092492977048,"[0.9952967853132002, 1.165243012405203]","[0.9962840464549295, 0.9996352226452665]",1.0802698988592017,0.9979596345500981,"[0.974230727393483, 3.977767193469142]","[0.8626055390796173, 1.000040976130562]",2.4759989604313124,0.9313232576050896,32.059897091,orcd,0.0,/home/txenakis/projects/BVPsolver/logs/array_20391846_164.err,default,mlp,218,0,/home/txenakis/projects/BVPsolver/logs/array_20391846_164.out,none,none,vanderpol,fast,11,exact,0.0,1000,0.0,0.0,2026-08-13T22:49:38.286,collocation,32.059897091,1,2,10000,12,150,True,,,,,
run_EQoZqiYy,,,,,,,,,,,,,0.0,orcd,35.592847211,/home/txenakis/projects/BVPsolver/logs/array_20140853_156.err,default,mlp,243,0,/home/txenakis/projects/BVPsolver/logs/array_20140853_156.out,none,derivmatch,rober,fast,12,,4278.890637616,1000,0.0,0.0,2026-08-11T03:09:49.522,shapovalova,4314.483484827,1,2,10000,12,150,False,,,,,
run_EUR4KZLC,"[2.5377158542928164, 0.6044472953487594, 58.30032539865412, 32.2662084300547, 550.4672008861254, 762.7487748417487, 0.6254644194640294, 0.6328279237988498, 0.21400883498538065, 709.2970764675393, 385.58369008412063, 0.047207037188354235, 6.058998505230182, 17.58740516631223, 0.0037384495666725184, 19.259870188541576, 0.04555622666261406, 0.045446976119567654, 5.964246779838084, 0.0002626460179821724]","[0.8239609887524255, 0.6072857116769013, 1.0000073377358958, 0.6734316781132003, 0.2854515967705706, 0.848081480530044, 27.684147527233478, 27.584454152110528, 4.897720607235858, 2.5869716901209223, 1.9403097845154391, 18.387172404820035, 12.069772609972523, 3.6644675934207465, 112.1816980783376, 1.0000000000040563, 2.793934431155488, 0.6113606140049829, 0.3585233858253283, 16.470621874857535]",127.61452362058051,11.823468677359676,"[0.9999999999999476, 0.9999999996157164, 0.9999999345223011, 0.9999999681704848, 0.9999999999756275, 0.9999999999924669, 1.0, 1.0, 1.0, 1.0, 1.0, 1.0, 0.9999999999999994, 0.9999999999999998, 0.999999999999999, 0.9999999999999971, 1.5075947951888202e+271, 1.1335961274130825e+270, 2.5048371912210935e+268, 1.9479444705525267e+256]","[0.9999999999484669, 0.9999998595708407, 0.9998392143742728, 0.9999790481165923, 0.9999930578534431, 0.9999967620218971, 0.9999954580466119, 0.9999964460100567, 0.9999998121995091, 0.9999999396055441, 0.9999999999999364, 0.9999999999998782, 0.9999999999999072, 0.99999999999993, 0.9999999999997178, 0.9999999999994045, 1.5892628192772119e+277, 1.3290805505290563e+276, 5.03015881972665e+274, 1.4656696690844148e+261]",8.117296225606757e+269,8.636005165749222e+275,"[0.0076328120829504235, 0.0008555049799263658, 0.9890324080627251, 0.8269466687560441, 34.22307634245824, 104.45128242608472, 0.006659818635498244, 0.00036618331594945693, 0.0010907264997219042, 85.8347253079854, 57.84674951003786, 0.00022631015264000322, 0.020187362809476566, 2.349479382712674, 4.838476653156277e-05, 47.9947851260711, 1.580232812486033e-05, 0.00042334649238090743, 0.5663418375070485, 0.0002859775142878242]","[0.0011411248985512326, 1.9178489719275448e-05, 0.011622591201337145, 0.0009893349202294462, 0.21933623322734008, 0.5660128594285503, 8.99030338087798e-07, 1.2869764537675468e-07, 1.8320741747402404e-06, 0.7759722477986756, 0.6588808686316887, 0.000570706226714684, 0.0016398934984512986, 0.0026190588103195455, 0.0002642609416399439, 1.7728298760601873, 3.5805982691353797e-07, 0.00042994281383377115, 0.012099264978010293, 0.0006512436888862088]",16.756010561962665,0.201254095173806,3303.571076655,orcd,29.593349354,/home/txenakis/projects/BVPsolver/logs/array_20391846_48.err,default,GELU-scaled,650,0,/home/txenakis/projects/BVPsolver/logs/array_20391846_48.out,none,derivmatch,pollu,fast,11,exact,0.0,1000,0.0,0.0,2026-08-13T23:07:36.851,collocation,3333.164426009,1,3,30000,32,150,False,,,,,
run_EZoT7NEF,,,,,,,,,,,,,0.0,orcd,0.0,/home/txenakis/projects/BVPsolver/logs/array_20140853_71.err,default,GELU-scaled,650,0,/home/txenakis/projects/BVPsolver/logs/array_20140853_71.out,none,none,pollu,fast,12,,0.0,1000,4150.079968016,0.0,2026-08-11T01:12:51.578,shooting,4150.079968016,1,3,30000,32,150,False,,,,,
run_EfENCIPI,,,,,,,,,,,,,0.0,orcd,0.0,/home/txenakis/projects/BVPsolver/logs/array_heavy_20252509_110.err,default,GELU-scaled,243,0,/home/txenakis/projects/BVPsolver/logs/array_heavy_20252509_110.out,none,none,hires,fast,11,exact,8.802715919,1000,0.0,0.0,2026-08-12T13:26:05.147,shapovalova,8.802715919,1,2,10000,16,150,False,qr,,,,
run_Ek4mMSNZ,,,,,,,,,,,,,0.0,orcd,24.776929405,/home/txenakis/projects/BVPsolver/logs/array_20198490_476.err,default,mlp,387,0,/home/txenakis/projects/BVPsolver/logs/array_20198490_476.out,none,derivmatch,orego,fast,12,,0.0,1000,0.0,0.0,2026-08-11T13:05:59.298,none,24.776929405,1,2,10000,16,150,False,,,,,
run_EkYB9uUN,,,,,,,,,,,,,19.690552331,orcd,0.0,/home/txenakis/projects/BVPsolver/logs/array_20140853_167.err,default,mlp,243,0,/home/txenakis/projects/BVPsolver/logs/array_20140853_167.out,none,none,rober,fast,13,,0.0,1000,0.0,0.0,2026-08-11T02:03:47.481,collocation,19.690552331,1,2,10000,12,150,False,,,,,
run_ExuqQvWu,"[29.57794013420757, 1071496303.0246077]","[0.0021621682215744362, 1.0755625386492442e-05]",535748166.3012739,0.0010864619234804643,"[4.691962031605582, 1.1692123938480963e-05]","[0.8727155211637625, 0.30738806151909015]",2.3459868618647604,0.5900517913414263,"[2343.3376046100516, 3042.8669464779064]","[1.7725434656800028e-09, 1.1055924727500163e-08]",2693.102275543979,6.4142340965900825e-09,102.396896262,orcd,24.971376406,/home/txenakis/projects/BVPsolver/logs/array_20391846_387.err,default,mlp,218,0,/home/txenakis/projects/BVPsolver/logs/array_20391846_387.out,none,derivmatch,davis-skodje,fast,12,exact,0.0,1000,0.0,0.0,2026-08-14T00:18:06.631,collocation,127.368272668,3,2,10000,12,150,False,,,,,
run_Ez3T7npt,"[0.0025658761273894045, 7.851168470428202]","[0.00024233537898191493, 0.0032099468712698375]",3.9268671732777953,0.0017261411251258763,"[0.048033674927017204, 0.03158068792901949]","[0.024475651553433356, 0.1440329762444342]",0.03980718142801835,0.08425431389893379,"[0.04968781619953609, 55779.52593749643]","[0.01630848152930572, 0.46239267905412423]",27889.787812656316,0.23935058029171496,16.164881625,local,13.403509084,none,default,stiff,268,0,none,none,derivmatch,vanderpol,fast,123,,0.0,1000,0.0,0.0,2026-08-12T11:42:37.736,collocation,29.568390709,1,2,10000,12,150,True,,,,,
run_F2mXkky1,"[2401046.9801790314, 590.4638725777838]","[4.083561427125927, 1.442609492143149]",1200818.7220258047,2.7630854596345378,"[0.49464530269061785, 2340.8894566171266]","[0.607335496457282, 1.228202368780535]",1170.6920509599086,0.9177689326189085,"[0.9991583335461494, 1.4138604052659483]","[0.9325946680890937, 0.9999988927832126]",1.206509369406049,0.9662967804361532,40.854519363,orcd,0.0,/home/txenakis/projects/BVPsolver/logs/array_20391846_145.err,default,stiff,268,0,/home/txenakis/projects/BVPsolver/logs/array_20391846_145.out,none,none,vanderpol,fast,14,exact,0.0,1000,0.0,0.0,2026-08-13T22:44:33.246,collocation,40.854519363,1,2,10000,12,150,True,,,,,
run_F5SP9axj,"[12.590441728666638, 0.30554559023036654, 0.795948364848797]","[0.31454457705589356, 0.33924925383614685, 0.16609198058256677]",4.563978561248601,0.27329527049153574,"[0.9981777214992866, 1.2419690227422164, 0.7215188851215523]","[0.9942649651400719, 0.9314972207800633, 1.150961744315049]",0.9872218764543518,1.025574643411728,"[1.0026448764880624, 0.7030794208776787, 1.0012763877650455]","[1.000556913511731, 0.913193899413219, 1.000774774726546]",0.9023335617102622,0.9715085292171652,0.0,orcd,29.653111389,/home/txenakis/projects/BVPsolver/logs/array_heavy_20252509_211.err,default,stiff,486,0,/home/txenakis/projects/BVPsolver/logs/array_heavy_20252509_211.out,none,derivmatch,orego,fast,14,exact,0.0,1000,1022.476073019,0.0,2026-08-12T22:20:21.586,shooting,1052.129184408,1,2,10000,16,150,False,,,,,
run_F8EXO9yx,"[141426657.700541, 88104176864.63953]","[0.0010075300191622208, 0.0640716505181288]",44122801761.17004,0.03253959026864551,"[5.427381356570977, 0.0016200471262156288]","[1.3105882443705172, 0.3903728038957928]",2.7145007018485963,0.850480524133155,"[126456895.1634385, 143198822.40202355]","[1.125267950508825e-06, 0.0006567852363587195]",134827858.78273103,0.00032895525215461416,0.0,orcd,23.691840768,/home/txenakis/projects/BVPsolver/logs/array_20391846_371.err,default,mlp,218,0,/home/txenakis/projects/BVPsolver/logs/array_20391846_371.out,none,derivmatch,davis-skodje,fast,11,exact,0.0,1000,380.946598924,0.0,2026-08-14T00:19:28.287,shooting,404.638439692,3,2,10000,12,150,False,,,,,
run_F9lFMKxn,"[433553.7200730295, 5324545.041662322, 4298.356961655565, 57627.32190887608, 307.4796140976022, 1273.6130273885544, 1.8292342570418485, 1.7796586260946365]","[0.022678020140332357, 0.09037120612991395, 0.08883261230686257, 0.2610849382227414, 0.7497352557250353, 0.5691231824071852, 0.34862828581962507, 0.3496348032376596]",727701.1427675316,0.3100110379986694,"[0.7296191544389308, 0.9993102077847595, 0.9999656144076502, 0.9999999999999998, 1.0, 1.0, 1.0, 0.9859059086677899]","[0.9906715190527964, 0.918084807720955, 0.9999929454114177, 0.9999999999999998, 1.0, 0.9999999999999999, 1.0, 0.9999999978045669]",0.9643501106623913,0.988593658748717,"[1248384.682370026, 649484.2459229473, 15874.813734022015, 35417.65279811792, 112501.10575259, 182329.40901935846, 24.839625640960286, 1.318160465693929]","[0.09109308905203993, 0.3404536890685961, 0.21729220641744393, 0.40260312624000316, 0.6148734473469608, 0.28975662930515306, 0.12970694892947562, 0.13590643757211082]",280502.25842289603,0.2777106967414729,40.60531302,orcd,26.294362149,/home/txenakis/projects/BVPsolver/logs/array_20391846_267.err,default,GELU-scaled,243,0,/home/txenakis/projects/BVPsolver/logs/array_20391846_267.out,none,derivmatch,hires,fast,12,exact,0.0,1000,0.0,0.0,2026-08-13T23:39:23.331,collocation,66.899675169,1,2,10000,16,150,False,qr,,,,
run_FAOMZ5fx,,,,,,,,,,,,,0.0,orcd,36.357732749,/home/txenakis/projects/BVPsolver/logs/array_20198490_533.err,default,stiff,268,0,/home/txenakis/projects/BVPsolver/logs/array_20198490_533.out,none,derivmatch,davis-skodje,fast,14,,0.0,1000,390.675414984,0.0,2026-08-11T13:39:44.079,shooting,427.03314773299996,3,2,10000,12,150,False,,,,,
run_FElVJ60K,,,,,,,,,,,,,13.178469457,orcd,24.755736869,/home/txenakis/projects/BVPsolver/logs/array_20140853_206.err,default,GELU-scaled,188,0,/home/txenakis/projects/BVPsolver/logs/array_20140853_206.out,none,derivmatch,rober,fast,12,,0.0,1000,0.0,0.0,2026-08-11T02:21:43.417,collocation,37.934206326,1,2,10000,12,150,False,,,,,
run_FEpcTeJ6,,,,,,,,,,,,,0.0,orcd,28.745530222,/home/txenakis/projects/BVPsolver/logs/array_20198490_508.err,default,GELU-scaled,188,0,/home/txenakis/projects/BVPsolver/logs/array_20198490_508.out,none,derivmatch,orego,fast,14,,1642.728610896,1000,0.0,0.0,2026-08-11T13:45:06.231,shapovalova,1671.474141118,1,2,10000,16,150,False,,,,,
run_FEz7CRs7,,,,,,,,,,,,,62.528874195,orcd,0.0,/home/txenakis/projects/BVPsolver/logs/array_20198490_480.err,default,mlp,387,0,/home/txenakis/projects/BVPsolver/logs/array_20198490_480.out,none,none,orego,fast,11,,0.0,1000,0.0,0.0,2026-08-11T13:13:15.525,collocation,62.528874195,1,2,10000,16,150,False,,,,,
run_FIBquaC2,,,,,,,,,,,,,27.203561168,orcd,35.009012501,/home/txenakis/projects/BVPsolver/logs/array_20140853_277.err,default,mlp,218,0,/home/txenakis/projects/BVPsolver/logs/array_20140853_277.out,none,derivmatch,vanderpol,fast,13,,0.0,1000,0.0,0.0,2026-08-11T03:06:13.523,collocation,62.212573669,1,2,10000,12,150,True,,,,,
run_FIICVUPQ,"[0.2140858998630332, 68.13705553232458]","[0.3652780558951259, 0.256222213059135]",34.17557071609381,0.31075013447713046,"[1.436163550968426, 0.8272709847289196]","[24.12056299736634, 0.699262862854182]",1.1317172678486729,12.409912930110261,"[1.1145381883448073, 38.35509220644244]","[1.0427385887856073, 1.000017675027972]",19.734815197393626,1.0213781319067896,0.0,orcd,25.001884527,/home/txenakis/projects/BVPsolver/logs/array_20391846_184.err,default,GELU-scaled,177,0,/home/txenakis/projects/BVPsolver/logs/array_20391846_184.out,none,derivmatch,vanderpol,fast,12,exact,0.0,1000,0.0,0.0,2026-08-13T22:52:41.379,none,25.001884527,1,2,10000,12,150,True,,,,,
run_FKxRMBCC,"[nan, nan, nan]","[0.0004232204077156649, 0.9996116653513469, 0.8806476667900894]",nan,0.6268941841830507,"[nan, nan, nan]","[0.999934232280377, 0.9822013709079614, 689503104585203.0]",nan,229834368195068.34,"[nan, nan, nan]","[7.943536528158885e-06, 0.840887653323043, 0.00016362187537018172]",nan,0.2803530729116471,0.0,orcd,0.0,/home/txenakis/projects/BVPsolver/logs/array_20391846_103.err,default,GELU-scaled,188,0,/home/txenakis/projects/BVPsolver/logs/array_20391846_103.out,none,none,rober,fast,11,exact,0.0,1000,204.24627031,0.0,2026-08-13T22:36:02.791,shooting,204.24627031,1,2,10000,12,150,False,,,,,
run_FMnDzvGZ,,,,,,,,,,,,,0.0,orcd,0.0,/home/txenakis/projects/BVPsolver/logs/array_heavy_20252509_144.err,default,GELU-scaled,188,0,/home/txenakis/projects/BVPsolver/logs/array_heavy_20252509_144.out,none,none,orego,fast,15,exact,8.897715687,1000,0.0,0.0,2026-08-12T13:33:21.378,shapovalova,8.897715687,1,2,10000,16,150,False,,,,,
run_FPTZ7RiP,,,,,,,,,,,,,47.689662923,orcd,31.043275548,/home/txenakis/projects/BVPsolver/logs/array_20198490_418.err,default,GELU-scaled,243,0,/home/txenakis/projects/BVPsolver/logs/array_20198490_418.out,none,derivmatch,hires,fast,14,,0.0,1000,0.0,0.0,2026-08-11T10:53:21.602,collocation,78.732938471,1,2,10000,16,150,False,qr,,,,
run_FT9TBIYQ,,,,,,,,,,,,,0.0,orcd,0.0,/home/txenakis/projects/BVPsolver/logs/array_heavy_20252509_31.err,default,stiff,318,0,/home/txenakis/projects/BVPsolver/logs/array_heavy_20252509_31.out,none,none,rober,fast,12,,3326.485533812,1000,0.0,0.0,2026-08-12T06:58:25.457,shapovalova,3326.485533812,1,2,10000,12,150,False,,,,,
run_FTqS0aHh,,,,,,,,,,,,,0.0,orcd,0.0,/home/txenakis/projects/BVPsolver/logs/array_20140853_116.err,default,stiff,318,0,/home/txenakis/projects/BVPsolver/logs/array_20140853_116.out,none,none,rober,fast,12,,3195.400833248,1000,0.0,0.0,2026-08-11T02:35:49.330,shapovalova,3195.400833248,1,2,10000,12,150,False,,,,,
run_FbGbX3v0,,,,,,,,,,,,,0.0,,12.9327995,,,,268,,,100.0,,vanderpol,fast,123,,,,,,,,12.9327995,1,2,10000,12,150,True,,False,True,,
run_FjujrvIN,,,,,,,,,,,,,20.281563589,orcd,0.0,/home/txenakis/projects/BVPsolver/logs/array_20140853_166.err,default,mlp,243,0,/home/txenakis/projects/BVPsolver/logs/array_20140853_166.out,none,none,rober,fast,12,,0.0,1000,0.0,0.0,2026-08-11T02:03:45.932,collocation,20.281563589,1,2,10000,12,150,False,,,,,
run_FrmGY10m,,,,,,,,,,,,,0.0,orcd,0.0,/home/txenakis/projects/BVPsolver/logs/array_20140853_178.err,default,GELU-scaled,188,0,/home/txenakis/projects/BVPsolver/logs/array_20140853_178.out,none,none,rober,fast,14,,0.0,1000,228.65598822,0.0,2026-08-11T02:11:51.754,shooting,228.65598822,1,2,10000,12,150,False,,,,,
run_FwT8Jdco,"[418707571.593896, 462381768.4472418, 30246983.096668843, 191767868.29545867, 45711.41952554582, 85997.30644728475, 0.9817011287599774, 0.9850761671866652]","[0.047618562801421585, 0.0247791854267252, 0.17546351431319854, 0.42903458639384706, 27.434975538042583, 14.649997454293494, 0.508229689409247, 0.507368730547156]",137904487.76575193,5.472183407653459,"[0.7719316781872909, 0.9994816322006347, 0.999999857228248, 0.9999999999780972, 1.0, 1.0, 1.0, 0.9772507832267725]","[0.9848945607747653, 0.7886858727160183, 0.9999957681711958, 0.9999999999977549, 1.0, 1.0, 1.0, 0.9999999906985507]",0.9685829938526302,0.9716970240447856,"[97792.3622672539, 73760.39539975939, 977.6153853334745, 2164.579611199563, 7454.785850872598, 30954.9895192403, 17.04364138495446, 0.8517058567119895]","[0.005333629950498954, 0.050803246299560345, 0.10730421761879669, 0.13509833421503534, 0.11354100111542309, 0.07593062513620734, 0.0029038847135800473, 0.003034458823590597]",26640.327922612614,0.061743674734086554,0.0,orcd,26.128882116,/home/txenakis/projects/BVPsolver/logs/array_20391846_252.err,default,GELU-scaled,243,0,/home/txenakis/projects/BVPsolver/logs/array_20391846_252.out,none,derivmatch,hires,fast,12,exact,0.0,1000,850.977973967,0.0,2026-08-13T23:46:55.224,shooting,877.106856083,1,2,10000,16,150,False,qr,,,,
run_FwUtDckN,"[0.14358519650105547, 0.07092251270647135, 188377.9024658312, 399.5469170421291, 12252.722328397811, 179.65484782168147, 0.03749990528060497, 1.002025506706238, 0.04036285830425182, 1723.1643768924403, 154.35433057791775, 0.00041224225513773283, 4.518529186974636, 3.7472980116871586, 0.9845578295316659, 127747224.80215906, 0.00243074478288868, 0.00125220127835016, 0.03865748299621121, 0.025616138971231214]","[0.9944268198925132, 0.9451878571795084, 0.9999967190600878, 0.7958065330458954, 0.44303465357723054, 0.2664710622123267, 0.2653154947373787, 1.005617346413364, 0.540304960961624, 0.7492586318519181, 0.6731674570217722, 0.4884821966482303, 0.2654692006102921, 0.9778351699641062, 0.9712034264564472, 0.9999999977578505, 0.4399093271101932, 0.6417269081104593, 0.9789382975241572, 0.8668060358701787]",6397516.138028773,0.7154479048002768,"[0.9999999990258452, 0.9999995303332494, 0.9978462648658569, 0.9975097632754509, 0.9967480462801186, 0.9941524592529108, 0.9948169443354192, 0.9822620270824968, 0.9855089350975368, 0.9262661355303493, 0.4384973927220297, 0.30208680379418085, 0.14585313073125641, 0.0013952281744852209, 3.3793043230118633, 405.9996374243474, 2.6340388954250127e+303, 4.7203573115621506e+302, 5.8488838476808806e+299, 2.835919800438328e+299]","[0.9999999974151307, 0.9999635378085366, 0.9124000724569016, 0.9115503274035114, 0.9863991152786872, 0.9796022608168301, 0.9761603852901604, 0.8830521999369371, 0.8661656021859907, 0.7073360264454928, 0.4527764653014766, 0.15956927387566555, 2.6367133163871257, 4.044342323146872, 22.89361955422355, 25919.578553120497, 1.5321686259688827e+304, 6.667875626871835e+303, 7.07422279498009e+302, 9.383305925745009e+299]",1.5534715534730196e+302,1.134896124832562e+303,"[0.17829587039093725, 0.007999967825138806, 0.0018256401944292586, 0.013805069483208986, 0.7666321592582834, 0.7143393537201944, 1.6782952626593585e-05, 0.009668574640078847, 0.0008573998355071233, 1.7497836724223081, 0.9485068365188744, 0.011096476347320302, 0.11231964314426478, 0.005214062639406915, 0.9718936488240263, 0.33396369041294965, 0.0002984073219486587, 0.002546629907727276, 0.04389082179363926, 0.003313193488489896]","[0.6654181546525223, 0.0062051247489878164, 0.014502999000821078, 0.05531119901427443, 0.7046223314776178, 0.749798243389074, 3.567130812048487e-05, 0.00031917857112377787, 0.00017041495511862815, 1.0866906717665497, 0.7942300822538295, 0.013647776302570728, 0.14094493944407188, 0.6262325050504052, 0.9701143868126669, 0.2481751333219298, 2.030771181301071e-05, 0.08093179489375339, 0.24763607964826267, 0.10347366476746779]",0.293813395056068,0.325424032954549,10213.028721063,orcd,0.0,/home/txenakis/projects/BVPsolver/logs/array_20391846_6.err,default,stiff,4744,0,/home/txenakis/projects/BVPsolver/logs/array_20391846_6.out,none,none,pollu,fast,12,exact,0.0,1000,0.0,0.0,2026-08-14T01:00:50.638,collocation,10213.028721063,1,3,30000,32,150,False,,,,,
run_G1PNq5bF,,,,,,,,,,,,,0.0,orcd,32.78545869,/home/txenakis/projects/BVPsolver/logs/array_20140853_56.err,default,mlp,3444,0,/home/txenakis/projects/BVPsolver/logs/array_20140853_56.out,none,derivmatch,pollu,fast,12,,0.0,1000,0.0,0.0,2026-08-10T22:48:28.255,none,32.78545869,1,3,30000,32,150,False,,,,,
run_G5JwLtnu,,,,,,,,,,,,,0.0,orcd,31.275456892,/home/txenakis/projects/BVPsolver/logs/array_heavy_20252509_159.err,default,stiff,268,0,/home/txenakis/projects/BVPsolver/logs/array_heavy_20252509_159.out,none,derivmatch,davis-skodje,fast,15,exact,10.657859224,1000,0.0,0.0,2026-08-12T13:38:20.541,shapovalova,41.933316116,3,2,10000,12,150,False,,,,,
run_GBswhXeM,"[473097.6175897355, 243231000742.49774, 1851513530.8663747, 208316299.89027998, 265588.2121691533, 4714.795218704801, 789.6915734001776, 5252.814714452657]","[0.010186399022123488, 0.003268439995917608, 0.47334369776125557, 0.11139235061803861, 1.1437096712483996, 0.039817976678336975, 0.6295062265630789, 0.41394234411966635]",30661447502.048206,0.35314588825085214,"[0.22450696457965877, 0.3036577838940164, 0.6107253059315827, 0.7092335812370434, 0.7661482902680596, 0.18717368205236687, 0.001910121791068307, 8.079071448452812e+30]","[0.929410982946552, 0.4975644000607623, 0.8268763187371758, 0.7163042484748124, 0.7655612922574616, 0.1966843183859571, 0.8219956082145133, 1.3793212982458606e+18]",1.0098839310566015e+30,1.7241516228073258e+17,"[22.17667874063381, 1.5444001519689305, 554.7104192093274, 37.17842079188434, 23027.975368055748, 49406.18598652948, 22.626758740600206, 0.5520311379263992]","[0.00014766213584734936, 0.0020251841928626206, 0.006991160927797429, 0.000560584717258048, 0.03164658616699807, 0.02334862225706002, 0.02005611090820118, 0.01339232641926172]",9134.118757919696,0.012271029715660806,0.0,orcd,23.299354672,/home/txenakis/projects/BVPsolver/logs/array_20391846_230.err,default,mlp,552,0,/home/txenakis/projects/BVPsolver/logs/array_20391846_230.out,none,derivmatch,hires,fast,15,exact,0.0,1000,1525.88770276,0.0,2026-08-13T23:36:58.653,shooting,1549.1870574319998,1,2,10000,16,150,False,qr,,,,
run_GFrxbWcL,"[6075224.300302191, 243158216.16960764, 236.23814616566577, 3447.0803933228844, 203.90016892883787, 229.92571434509202, 1.036782668467736, 3.3862485136401244]","[0.00040254183798736675, 0.0005292046753657144, 0.0002867701262443976, 0.0013873608036350754, 0.0013675369548249799, 0.0008884679777197896, 0.0034539097396554005, 0.0034258368991813377]",31154695.254670467,0.001467703626826758,"[0.5488112557250998, 0.9422334043869154, 0.8548890349908883, 0.9384563809091242, 0.9550544943457693, 0.8365542238134102, 0.9309453867113673, 5.403452462339776e+28]","[1.1866743080524158, 1.2748253015648454, 0.8153518615965127, 0.6901902628647406, 0.8833790879920579, 0.7702278018353725, 0.8048752309853457, 2.1710829841314824e+18]",6.75431557792472e+27,2.713853730164353e+17,"[101864.49105473353, 3330532.4707205626, 43911.11898399385, 36201.751653200015, 60047.85294343784, 115963.02628672797, 22.105210478725752, 0.37300546398548273]","[5.2955240640308004e-05, 0.0001370850694731637, 0.0010314216188815123, 6.768138990936657e-05, 0.000893824949297873, 0.00023218698693665523, 0.000266458908074763, 0.00034371509410803123]",461067.89873232483,0.00037816615716520916,0.0,orcd,29.544669756,/home/txenakis/projects/BVPsolver/logs/array_20391846_203.err,default,stiff,816,0,/home/txenakis/projects/BVPsolver/logs/array_20391846_203.out,none,derivmatch,hires,fast,11,exact,0.0,1000,9611.902812643,0.0,2026-08-14T01:39:38.485,shooting,9641.447482399,1,2,10000,16,150,False,qr,,,,
run_GIM7OOsx,,,,,,,,,,,,,0.0,orcd,25.711327774,/home/txenakis/projects/BVPsolver/logs/array_20198490_505.err,default,GELU-scaled,188,0,/home/txenakis/projects/BVPsolver/logs/array_20198490_505.out,none,derivmatch,orego,fast,11,,1801.594259705,1000,0.0,0.0,2026-08-11T13:46:16.604,shapovalova,1827.305587479,1,2,10000,16,150,False,,,,,
run_GJ69lNVv,,,,,,,,,,,,,23.272709465,orcd,24.739649946,/home/txenakis/projects/BVPsolver/logs/array_20140853_275.err,default,mlp,218,0,/home/txenakis/projects/BVPsolver/logs/array_20140853_275.out,none,derivmatch,vanderpol,fast,11,,0.0,1000,0.0,0.0,2026-08-11T03:04:55.937,collocation,48.012359411,1,2,10000,12,150,True,,,,,
run_GL55dJVI,,,,,,,,,,,,,0.0,orcd,30.300330353,/home/txenakis/projects/BVPsolver/logs/array_20140853_76.err,default,GELU-scaled,650,0,/home/txenakis/projects/BVPsolver/logs/array_20140853_76.out,none,derivmatch,pollu,fast,12,,0.0,1000,9178.442749526,0.0,2026-08-11T02:48:44.790,shooting,9208.743079879001,1,3,30000,32,150,False,,,,,
run_GLpdYlgW,"[143520.54033995533, 52767.55948275983, 1.1459337221096117e+21, 1813000.1010433268, 1874411880521810.0, 265447625991166.5, 12576459.722874062, 90591.65780963346, 90285.93593614212, 1.168638873627449e+16, 8.823963911064994e+18, 142716.40665250938, 2557286569.1009517, 443464650369.51697, 85783.4183335788, 4.801847170957219e+38, 58230150.92705956, 11570962.730122479, 211071469652.46402, 186982422.71485487]","[0.6445282355117936, 0.6660634137182738, 7178.945064502766, 0.8243406707647238, 235779.33938693086, 178329.81885888442, 2133218.38874196, 2293.3956542805117, 276176.6337812413, 85363818.75553778, 5171110414.893031, 18225.99532066369, 15956612.866882509, 677382.3635963902, 329229.52028200653, 2220078941.607637, 2047141.8871060212, 1006299.1789385467, 82725529.20514095, 2419876.6814294537]",2.4009235854786096e+37,379228322.5805661,"[0.9999999999991255, 0.9999999190333679, 0.9989603951548747, 0.9988911664362214, 0.9980613704473587, 0.9961586735194238, 0.9827547302401249, 0.6415240939668685, 0.3662197578861416, 4.978672231988614, 1277.7849131062808, 7147.85710648809, 16952.67004378339, 36283.591771844985, 300614.39101509127, 19745787.470918518, 7.762735928626472e+307, 7.656193278622663e+307, 8.08228692150617e+306, 1.5068187095293704e+306]","[0.9999999999991792, 0.9999999240978652, 0.9991778264601637, 0.9991233222750732, 0.9987462341016876, 0.9941666549415461, 0.9721131996018018, 0.7743606837612729, 0.5386973968238059, 1.51574182455137, 8.371932965333507, 789.4471099259401, 4255.54264544132, 5862.0735432273705, 126732.85157335576, 133463793.06805941, 3.2611144474443653e+307, 1.7746055619701325e+307, 2.319005079744494e+306, 5.7819287709555396e+305]",8.188919885176344e+306,2.6627199025492514e+306,"[142837.8865048333, 740701.5259210091, 4.804052693081261e+21, 68071717.0935906, 2.3067587360114356e+16, 3.683291865604726e+16, 5083370.890213132, 126458.86672438016, 105831922.81555134, 6.613023985634934e+18, 1.0525469554851028e+18, 96128543.43470432, 1206623916.4831169, 20401023538727.516, 476430.0599721319, 6.154614084071151e+39, 60668000.99480636, 1777712005.2363265, 81125729975753.14, 81197024565.81883]","[5474.490518114701, 5678.310126305219, 4.967633070107562e+20, 37641.48247652919, 434127773582296.56, 196231249774763.38, 50160.74440794227, 2638.6100649501413, 470349.91945178976, 2.027846784564435e+16, 1551516563159891.5, 45759789.55957354, 435417344.1235499, 270545714744.78882, 226218.06198628168, 4.405401820438349e+36, 421355.6680991151, 1462036299.3695066, 8167600560254.161, 353282331276.1583]",3.0773070420355756e+38,2.202700910219175e+35,0.0,orcd,30.888189997,/home/txenakis/projects/BVPsolver/logs/array_20391846_15.err,default,mlp,3444,0,/home/txenakis/projects/BVPsolver/logs/array_20391846_15.out,none,derivmatch,pollu,fast,11,exact,0.0,1000,0.0,0.0,2026-08-13T22:10:46.608,none,30.888189997,1,3,30000,32,150,False,,,,,
run_Gd91ori9,"[3.0828360010661684, 0.541259448020837, 66.94488773543787, 124.4929475715284, 52755.30545931521, 26532.046233332123, 0.0760535426767529, 0.028158352058843872, 0.2760985199430106, 16139.668462825111, 8166.830752775496, 0.12402113675295123, 8.792468044382753, 29.713796864938196, 0.06921641189466164, 898202.2604007819, 0.22342248666838233, 0.293542474929304, 5.4284511169539424, 1.7153845680432953]","[0.0009818104337966339, 0.000655883182974399, 0.9999935024408344, 0.041403579790842485, 0.7741230578377835, 0.6010164323010131, 0.012103211481843606, 0.011272522096587927, 0.2818261526466983, 0.5694643973735745, 0.7278488161986816, 0.0887391478073362, 0.016221360283793042, 0.10843015653253534, 0.016671792683267676, 0.9999999999820417, 0.3015815634576044, 0.33053397037381516, 0.12407817210860905, 0.29217491742977386]",50101.89569266526,0.31495602232217046,"[0.9999999999998754, 0.9999999986156193, 0.9999994287647062, 0.9999999241171934, 0.9999998900355688, 0.99999999903158, 0.9999999999759981, 1.0, 1.0, 1.0, 1.0, 1.0, 0.9999999999999994, 0.9999999999999998, 0.9999999999999992, 0.9999999999999981, 6.955400851023493e+270, 2.0693196605242263e+270, 5.738358390394574e+269, 4.8624877405126975e+258]","[0.9999999999981541, 0.9999999925541222, 0.9999960950281866, 0.9999997196652142, 0.9999998885725415, 0.9999998981266396, 0.9999999916945914, 1.0, 1.0, 1.0, 1.0, 0.9999999999999997, 0.9999999999999997, 0.9999999999999997, 0.9999999999999982, 0.9999999999999886, 3.564083048190048e+272, 9.324200892875364e+271, 1.2651585492432251e+271, 1.0589780771789468e+259]",4.799278175296021e+269,2.311509496201006e+271,"[0.0018727462762940397, 0.005235479747842602, 0.30155726851390924, 6.813741581130296, 71.73891956007444, 652.3550967313995, 5.6976871628784074e-05, 4.881490609388801e-07, 0.0017241405983920775, 620.0850763054981, 441.431425494123, 0.0036620183583646114, 0.018930275812713053, 4.928539369400405, 0.006896601604116605, 95089.17189600176, 0.0003461334778264744, 0.008795686224651973, 0.46001783538024477, 0.04725044503299778]","[0.00019195914107004197, 1.3730489222300653e-05, 0.1614979017293584, 0.0013115662495685613, 1.0975481279423174, 1.632691192735478, 4.430290576335632e-07, 9.779977075604999e-08, 8.782689229948776e-06, 1.602772981541996, 1.9281409117243662, 0.0013482861243528023, 0.007022656078493643, 0.010335913657255105, 0.00047649893448668525, 52.607453332627834, 1.7332860549355828e-06, 0.0019813444185903255, 0.03610017952579177, 0.005637828619705769]",4844.369052056972,2.9547267734171996,1026.572885289,orcd,29.194660048,/home/txenakis/projects/BVPsolver/logs/array_20391846_50.err,default,GELU-scaled,650,0,/home/txenakis/projects/BVPsolver/logs/array_20391846_50.out,none,derivmatch,pollu,fast,13,exact,0.0,1000,0.0,0.0,2026-08-13T22:29:39.758,collocation,1055.767545337,1,3,30000,32,150,False,,,,,
run_GjVBKZsH,,,,,,,,,,,,,0.0,orcd,0.0,/home/txenakis/projects/BVPsolver/logs/array_20140853_117.err,default,stiff,318,0,/home/txenakis/projects/BVPsolver/logs/array_20140853_117.out,none,none,rober,fast,13,,258.99525606,1000,0.0,0.0,2026-08-11T01:46:53.519,shapovalova,258.99525606,1,2,10000,12,150,False,,,,,
run_GlA1Ruyp,,,,,,,,,,,,,53.286558338,orcd,23.438119597,/home/txenakis/projects/BVPsolver/logs/array_20198490_486.err,default,mlp,387,0,/home/txenakis/projects/BVPsolver/logs/array_20198490_486.out,none,derivmatch,orego,fast,12,,0.0,1000,0.0,0.0,2026-08-11T13:14:25.258,collocation,76.724677935,1,2,10000,16,150,False,,,,,
run_GnEBsWue,,,,,,,,,,,,,157.01779258,orcd,32.338390064,/home/txenakis/projects/BVPsolver/logs/array_20198490_347.err,default,stiff,816,0,/home/txenakis/projects/BVPsolver/logs/array_20198490_347.out,none,derivmatch,hires,fast,13,,0.0,1000,0.0,0.0,2026-08-11T10:15:11.420,collocation,189.356182644,1,2,10000,16,150,False,qr,,,,
run_GnjXxlO7,,,,,,,,,,,,,0.0,orcd,0.0,/home/txenakis/projects/BVPsolver/logs/array_20140853_151.err,default,mlp,243,0,/home/txenakis/projects/BVPsolver/logs/array_20140853_151.out,none,none,rober,fast,12,,2395.843266578,1000,0.0,0.0,2026-08-11T02:34:51.278,shapovalova,2395.843266578,1,2,10000,12,150,False,,,,,
run_GqAXm1ce,,,,,,,,,,,,,0.0,orcd,26.554967834,/home/txenakis/projects/BVPsolver/logs/array_20198490_475.err,default,mlp,387,0,/home/txenakis/projects/BVPsolver/logs/array_20198490_475.out,none,derivmatch,orego,fast,11,,0.0,1000,0.0,0.0,2026-08-11T13:04:25.551,none,26.554967834,1,2,10000,16,150,False,,,,,
run_GzKEZO8i,"[28.230452380567094, 10.704312007804136, 690.8293907893897, 855.2849877453604, 1644.1236219741104, 692.8350690791109, 0.041510999699025546, 0.6758271612076149, 2.3791951906094018, 322.6497948864337, 164.83353191428571, 1.1488264463947553, 0.9200218745540534, 44.82199291559647, 0.0020228670828870685, 60381.28991294535, 0.43282298755503623, 1.146750354835666, 2.8929145899101116, 0.48337217867932325]","[0.35110393935301343, 0.3806604189439826, 0.999988047595446, 0.34186506396565897, 0.530172323086468, 0.3451007670751707, 0.4012913314324215, 0.03642151814234562, 0.16942881703330556, 0.518267453812415, 0.5337780233856326, 1.173605669507251, 12.233009003964126, 0.34237629571105255, 4.259787610759614, 0.9999999999588852, 1.224655648339554, 22.406162846731267, 0.12891784819591093, 3.292581041143327]",3242.2863165644267,2.533458683406842,"[0.9999999999998979, 0.9999999998740989, 0.9999981647192283, 0.9999995794556312, 0.9999999875176149, 0.9999999999999999, 1.0, 1.0, 1.0, 1.0, 1.0, 1.0, 0.9999999999999998, 0.9999999999999998, 0.9999999999999998, 0.999999999999999, 2.6065995624422184e+270, 6.332216516506354e+269, 1.60533887488691e+269, 1.3819752596914476e+258]","[0.9999999999973773, 0.9999999895671474, 0.9999976532715381, 0.9999996984165314, 0.999999946636271, 0.9999999553001943, 0.9999999953555991, 0.9999999898449649, 0.9999999998811805, 0.9999999999999998, 0.9999999999999997, 0.9999999999999996, 0.9999999999999997, 0.9999999999999994, 0.9999999999999988, 0.9999999999999875, 1.7524894466008957e+272, 5.724086765962961e+271, 2.2965004651447134e+271, 1.278407181471086e+259]",1.7001775507914636e+269,1.2772740848558955e+271,"[0.0020355473614382157, 0.0027020163396127505, 1.8171203996160066, 6.2107379058766945, 358.0066105099404, 597.2087961362114, 0.0005225428365085953, 0.00028221701527580495, 0.01820880630776674, 372.47469742248995, 196.921506248785, 0.04179339104888254, 0.03534274196100572, 1.933992516570325, 0.010971140278235822, 3898.58166310031, 0.0009170204253462024, 0.021995724050140338, 0.02067940663289948, 0.0967288288348164]","[0.005466951105455495, 0.0001029820700969477, 0.04781957944943636, 0.005454267930327555, 0.18336306262591787, 0.08086979172500969, 3.328571998831908e-06, 5.102853989697188e-07, 2.4917617140133778e-05, 0.06155199444133339, 0.12260211161103786, 0.008413229672778383, 0.016791802995711896, 0.008084601154240494, 0.008679149370362856, 0.7111628739533411, 2.7517772737055993e-06, 0.016975073133807375, 0.011945981636797148, 0.020634466312250386]",271.6703651811446,0.06549747137198582,0.0,orcd,33.821833439,/home/txenakis/projects/BVPsolver/logs/array_heavy_20252509_201.err,default,GELU-scaled,650,0,/home/txenakis/projects/BVPsolver/logs/array_heavy_20252509_201.out,none,derivmatch,pollu,fast,15,exact,0.0,1000,10969.656767829,0.0,2026-08-13T00:46:47.517,shooting,11003.478601268,1,3,30000,32,150,False,,,,,
run_H1IUoNKC,"[16809132.23774113, 3879558886372.3955]","[1.6081172432628123e-05, 4.711014416307379e-06]",1939787847752.3167,1.039609342446775e-05,"[0.12375394543109001, 1.2367901224601936]","[0.09352552727624264, 0.10879793552694793]",0.6802720339456418,0.10116173140159529,"[123704196.92688273, 29702269.170533247]","[2.1576120990046414e-07, 7.848268239278822e-06]",76703233.04870799,4.032014724589643e-06,0.0,orcd,0.0,/home/txenakis/projects/BVPsolver/logs/array_20391846_344.err,default,stiff,268,0,/home/txenakis/projects/BVPsolver/logs/array_20391846_344.out,none,none,davis-skodje,fast,14,exact,0.0,1000,542.87096343,0.0,2026-08-14T00:11:08.935,shooting,542.87096343,3,2,10000,12,150,False,,,,,
run_H8nIPGn9,"[0.002725397128253972, 0.00029510539980467953, 4.811939950137513e-05]","[0.0020936212010860826, 9.268347944062057e-05, 6.204802442977504e-05]",0.0010228739758533425,0.0007494509016521593,"[0.999329365962872, 0.9837601684148729, 0.7886306892929504]","[0.9971033695990295, 0.9365371989806398, 1.8545531285736274]",0.9239067412235652,1.2627312323844322,"[1.245573739070077, 5.081865186576787, 2.0408940761592373]","[0.9823233440754224, 7.767292082333364, 0.7387278400459241]",2.7894443339353674,3.162781088818237,0.0,orcd,30.473681355,/home/txenakis/projects/BVPsolver/logs/array_20391846_279.err,default,stiff,486,0,/home/txenakis/projects/BVPsolver/logs/array_20391846_279.out,none,derivmatch,orego,fast,12,exact,0.0,1000,0.0,0.0,2026-08-13T23:40:34.477,none,30.473681355,1,2,10000,16,150,False,,,,,
run_H95O6DFr,,,,,,,,,,,,,0.0,orcd,0.0,/home/txenakis/projects/BVPsolver/logs/array_20140853_73.err,default,GELU-scaled,650,0,/home/txenakis/projects/BVPsolver/logs/array_20140853_73.out,none,none,pollu,fast,14,,0.0,1000,4504.749774196,0.0,2026-08-11T01:28:09.708,shooting,4504.749774196,1,3,30000,32,150,False,,,,,
run_HI0hyjjy,,,,,,,,,,,,,20.071797121,orcd,0.0,/home/txenakis/projects/BVPsolver/logs/array_20140853_204.err,default,GELU-scaled,188,0,/home/txenakis/projects/BVPsolver/logs/array_20140853_204.out,none,none,rober,fast,15,,0.0,1000,0.0,0.0,2026-08-11T02:20:44.087,collocation,20.071797121,1,2,10000,12,150,False,,,,,
run_HJsRw9LP,,,,,,,,,,,,,21.752385726,orcd,25.240475087,/home/txenakis/projects/BVPsolver/logs/array_20198490_521.err,default,GELU-scaled,188,0,/home/txenakis/projects/BVPsolver/logs/array_20198490_521.out,none,derivmatch,orego,fast,12,,0.0,1000,0.0,0.0,2026-08-11T13:24:12.543,collocation,46.992860813,1,2,10000,16,150,False,,,,,
run_HMVD4hwX,"[605.566399024699, 84415.2786422765, 2.436429959989738e+20, 1214143.8096964, 9129451910688256.0, 1078369198374952.8, 116546.25711919498, 431594.2608159065, 228164.53460607023, 2.482544419135976e+18, 2.5869231261755132e+16, 1689114.1915773016, 1528333119.6833925, 680751512424.5035, 186923.110883231, 3.427252861958465e+39, 20686191.66971604, 36233721.52987074, 2345158214282.7373, 21758053291.751904]","[0.7827665576605194, 0.6493753281184905, 30132.672606342647, 0.7437013572145531, 177286.59534237094, 46384.25372623742, 27794.414523268675, 57039.02432431587, 169724.01623423345, 116365689.31478891, 214784872.91053292, 204022.06942797048, 377706062.9437287, 191759.163941352, 65842.915291821, 6898001080.632125, 4681762.995732955, 2099577.961887742, 555039161.1761816, 395147328.49776745]",1.7136264309792327e+38,428239776.1867003,"[0.9999999999990679, 0.9999999138935141, 0.9987860670510295, 0.9984712670262308, 0.9981703137414909, 0.9950132447596575, 0.9777804524646119, 0.41757254470670657, 0.0909141443396558, 17.965252155561448, 4025.452431358875, 12595.525747855634, 50001.522183869565, 70965.90682175585, 586834.7219311662, 44631497.46670747, inf, 1.3904962933569279e+308, 1.3904962933569279e+308, 5.085726025406192e+307]","[0.9999999999990327, 0.9999999105272992, 0.9990108146626994, 0.9987384298853301, 0.9988358356811294, 0.9922515115966867, 0.9640776247335276, 0.6297612222982395, 0.2808883482576763, 6.288243060983731, 32.2364321354316, 1392.4469084758928, 12367.413785077568, 15963.793642610624, 328630.0231962684, 397393198.22431755, 1.6403960158677074e+308, 7.972307811080961e+307, 7.972307811080961e+307, 9.687595756831931e+306]",inf,inf,"[56155.07184418681, 141484.25314190728, 1.9163862975050682e+22, 10712401.177735217, 4.8076581053585176e+16, 506513173192575.0, 219213.66005311633, 26241.76049365646, 116771.8538256787, 3.3043493472188614e+17, 2.7533394752628944e+17, 7504538.775186967, 2421272340.9932175, 33089389595870.77, 2310013.4168413556, 2.354491126290578e+38, 31069241.87674012, 944061391.0700463, 298606319774484.56, 407578766356.3222]","[27263.822724830767, 1320.1211627631328, 1.9717200080095758e+21, 20825.202469123957, 816952821318322.5, 14148588683568.645, 1322.7382126630093, 1061.5444674404368, 6494.227493088535, 280042423775533.5, 1.006979541364254e+16, 11204558.44043408, 6118934539.056899, 320831440245.1006, 3314162.1611860464, 1.088603499396954e+35, 300903.44424385484, 807395619.1250536, 197772236091547.16, 276333067812.3859]",1.1772455631452891e+37,5.443017496984869e+33,0.0,orcd,33.384998429,/home/txenakis/projects/BVPsolver/logs/array_20391846_19.err,default,mlp,3444,0,/home/txenakis/projects/BVPsolver/logs/array_20391846_19.out,none,derivmatch,pollu,fast,15,exact,0.0,1000,0.0,0.0,2026-08-13T22:10:51.028,none,33.384998429,1,3,30000,32,150,False,,,,,
run_HPHggo7U,,,,,,,,,,,,,0.0,orcd,0.0,/home/txenakis/projects/BVPsolver/logs/array_20140853_154.err,default,mlp,243,0,/home/txenakis/projects/BVPsolver/logs/array_20140853_154.out,none,none,rober,fast,15,,3232.933126955,1000,0.0,0.0,2026-08-11T02:50:20.114,shapovalova,3232.933126955,1,2,10000,12,150,False,,,,,
run_HQcedxYx,,,,,,,,,,,,,0.0,orcd,0.0,/home/txenakis/projects/BVPsolver/logs/array_20198490_396.err,default,GELU-scaled,243,0,/home/txenakis/projects/BVPsolver/logs/array_20198490_396.out,none,none,hires,fast,12,,6513.562580537,1000,0.0,0.0,2026-08-11T12:17:14.768,shapovalova,6513.562580537,1,2,10000,16,150,False,qr,,,,
run_HWLW6VfM,,,,,,,,,,,,,59.477838027,orcd,23.335160501,/home/txenakis/projects/BVPsolver/logs/array_20198490_489.err,default,mlp,387,0,/home/txenakis/projects/BVPsolver/logs/array_20198490_489.out,none,derivmatch,orego,fast,15,,0.0,1000,0.0,0.0,2026-08-11T13:17:41.901,collocation,82.812998528,1,2,10000,16,150,False,,,,,
run_HYeL2zVZ,"[0.9986211820257337, 9.922276385588791]","[1.0003028581058722, 1.000132011111059]",5.460448783807262,1.0002174346084656,"[0.9999514882856227, 0.9998495772939671]","[0.9998135523431531, 0.9999875231245573]",0.999900532789795,0.9999005377338552,"[2.3542535343013298, 758674.8750638973]","[2.160248457437387, 1.5273142408075184]",379338.61465871584,1.8437813491224526,51.229946625,orcd,0.0,/home/txenakis/projects/BVPsolver/logs/array_20391846_191.err,default,GELU-scaled,177,0,/home/txenakis/projects/BVPsolver/logs/array_20391846_191.out,none,none,vanderpol,fast,14,exact,0.0,1000,0.0,0.0,2026-08-13T22:57:32.620,collocation,51.229946625,1,2,10000,12,150,True,,,,,
run_HasJ8DWD,,,,,,,,,,,,,63.995069691,orcd,28.271690012,/home/txenakis/projects/BVPsolver/logs/array_20198490_453.err,default,stiff,486,0,/home/txenakis/projects/BVPsolver/logs/array_20198490_453.out,none,derivmatch,orego,fast,14,,0.0,1000,0.0,0.0,2026-08-11T12:20:28.171,collocation,92.26675970299999,1,2,10000,16,150,False,,,,,
run_HejNL7If,"[2364665.630944754, 502798092032.77673]","[0.0002841303302280672, 3.659956136940015e-06]",251400228349.20383,0.0001438951431825036,"[0.2738162971163606, 0.06472985765476212]","[0.1253596434271172, 0.19968440091338574]",0.16927307738556135,0.16252202217025147,"[7543985.259414321, 100165229.05670741]","[2.6621758073789484e-07, 1.147867244675885e-06]",53854607.15806086,7.070424127068899e-07,0.0,orcd,0.0,/home/txenakis/projects/BVPsolver/logs/array_20391846_343.err,default,stiff,268,0,/home/txenakis/projects/BVPsolver/logs/array_20391846_343.out,none,none,davis-skodje,fast,13,exact,0.0,1000,527.3695677,0.0,2026-08-14T00:10:53.532,shooting,527.3695677,3,2,10000,12,150,False,,,,,
run_HrpbV7x4,,,,,,,,,,,,,160.287125794,orcd,0.0,/home/txenakis/projects/BVPsolver/logs/array_20198490_341.err,default,stiff,816,0,/home/txenakis/projects/BVPsolver/logs/array_20198490_341.out,none,none,hires,fast,12,,0.0,1000,0.0,0.0,2026-08-11T10:14:34.221,collocation,160.287125794,1,2,10000,16,150,False,qr,,,,
run_Hrzwz187,,,,,,,,,,,,,30.34156835,orcd,0.0,/home/txenakis/projects/BVPsolver/logs/array_20198490_519.err,default,GELU-scaled,188,0,/home/txenakis/projects/BVPsolver/logs/array_20198490_519.out,none,none,orego,fast,15,,0.0,1000,0.0,0.0,2026-08-11T13:22:27.178,collocation,30.34156835,1,2,10000,16,150,False,,,,,
run_HsuOXzj7,"[0.008082409748126759, 4.727197510492614]","[0.7460662150046605, 0.9335809192472474]",2.3676399601203704,0.839823567125954,"[0.1371695616960156, 0.2236949807397592]","[0.18034490491557834, 0.9965735070120577]",0.1804322712178874,0.5884592059638181,"[1.5940724553237298, 7210.429506395838]","[1.5238823462356523, 0.999432169594982]",3606.011789425581,1.2616572579153171,0.0,orcd,22.480123972,/home/txenakis/projects/BVPsolver/logs/array_20391846_163.err,default,mlp,218,0,/home/txenakis/projects/BVPsolver/logs/array_20391846_163.out,none,derivmatch,vanderpol,fast,15,exact,0.0,1000,0.0,0.0,2026-08-13T22:47:59.558,none,22.480123972,1,2,10000,12,150,True,,,,,
run_Hu5aCMWX,"[546684019.1815447, 265150527.33413965]","[0.8737860684567939, 1.003382988220377]",405917273.2578422,0.9385845283385854,"[0.9772615948972381, 0.02058012122488744]","[0.9747770259071811, 0.5946443208966565]",0.49892085806106273,0.7847106734019188,"[7454612727409814.0, 1.749329731239455e+16]","[1.444045057939854, 2.5763277418770176]",1.2473955019902182e+16,2.0101863999084357,116.241891118,orcd,0.0,/home/txenakis/projects/BVPsolver/logs/array_20391846_382.err,default,mlp,218,0,/home/txenakis/projects/BVPsolver/logs/array_20391846_382.out,none,none,davis-skodje,fast,12,exact,0.0,1000,0.0,0.0,2026-08-14T00:17:05.368,collocation,116.241891118,3,2,10000,12,150,False,,,,,
run_Hun9HBYI,,,,,,,,,,,,,0.0,orcd,22.31264563,/home/txenakis/projects/BVPsolver/logs/array_heavy_20252509_45.err,default,mlp,243,0,/home/txenakis/projects/BVPsolver/logs/array_heavy_20252509_45.out,none,derivmatch,rober,fast,11,,2450.280883534,1000,0.0,0.0,2026-08-12T08:06:27.483,shapovalova,2472.5935291640003,1,2,10000,12,150,False,,,,,
run_Huqpz2Ax,,,,,,,,,,,,,0.0,orcd,0.0,/home/txenakis/projects/BVPsolver/logs/array_heavy_20252509_63.err,default,stiff,268,0,/home/txenakis/projects/BVPsolver/logs/array_heavy_20252509_63.out,none,none,vanderpol,fast,14,,6995.323080413,1000,0.0,0.0,2026-08-12T10:28:45.705,shapovalova,6995.323080413,1,2,10000,12,150,True,,,,,
run_Hyg4BsIC,,,,,,,,,,,,,0.0,orcd,0.0,/home/txenakis/projects/BVPsolver/logs/array_heavy_20252509_111.err,default,GELU-scaled,243,0,/home/txenakis/projects/BVPsolver/logs/array_heavy_20252509_111.out,none,none,hires,fast,12,exact,8.466877579,1000,0.0,0.0,2026-08-12T13:26:50.259,shapovalova,8.466877579,1,2,10000,16,150,False,qr,,,,
run_I5e4sIKG,,,,,,,,,,,,,32.836493663,orcd,0.0,/home/txenakis/projects/BVPsolver/logs/array_20140853_273.err,default,mlp,218,0,/home/txenakis/projects/BVPsolver/logs/array_20140853_273.out,none,none,vanderpol,fast,14,,0.0,1000,0.0,0.0,2026-08-11T03:03:55.747,collocation,32.836493663,1,2,10000,12,150,True,,,,,
run_I7KyoGI2,"[433553.7200730295, 5324545.041662322, 4298.356961655565, 57627.32190887608, 307.4796140976022, 1273.6130273885544, 1.8292342570418485, 1.7796586260946365]","[0.022678020140332357, 0.09037120612991395, 0.08883261230686257, 0.2610849382227414, 0.7497352557250353, 0.5691231824071852, 0.34862828581962507, 0.3496348032376596]",727701.1427675316,0.3100110379986694,"[0.7296191544389308, 0.9993102077847595, 0.9999656144076502, 0.9999999999999998, 1.0, 1.0, 1.0, 0.9859059086677899]","[0.9906715190527964, 0.918084807720955, 0.9999929454114177, 0.9999999999999998, 1.0, 0.9999999999999999, 1.0, 0.9999999978045669]",0.9643501106623913,0.988593658748717,"[1248384.682370026, 649484.2459229473, 15874.813734022015, 35417.65279811792, 112501.10575259, 182329.40901935846, 24.839625640960286, 1.318160465693929]","[0.09109308905203993, 0.3404536890685961, 0.21729220641744393, 0.40260312624000316, 0.6148734473469608, 0.28975662930515306, 0.12970694892947562, 0.13590643757211082]",280502.25842289603,0.2777106967414729,0.0,orcd,29.352945968,/home/txenakis/projects/BVPsolver/logs/array_20391846_257.err,default,GELU-scaled,243,0,/home/txenakis/projects/BVPsolver/logs/array_20391846_257.out,none,derivmatch,hires,fast,12,exact,0.0,1000,0.0,0.0,2026-08-13T23:33:40.960,none,29.352945968,1,2,10000,16,150,False,qr,,,,
run_IDVpnloi,,,,,,,,,,,,,8742.29272258,orcd,49.624766038,/home/txenakis/projects/BVPsolver/logs/array_20140853_30.err,default,stiff,4744,0,/home/txenakis/projects/BVPsolver/logs/array_20140853_30.out,none,derivmatch,pollu,fast,11,,0.0,1000,0.0,0.0,2026-08-11T01:13:54.250,collocation,8791.917488617999,1,3,30000,32,150,False,,,,,
run_IGHEWxAL,"[752724715.1203669, 127171835.62230508]","[0.0022720538308801264, 0.00014986990228576762]",439948275.371336,0.001210961866582947,"[0.9868810525009496, 0.9548022177650222]","[0.4308338160665074, 0.7173519899002383]",0.9708416351329858,0.5740929029833728,"[21544491741.016376, 12067647717.32435]","[5.553972525529081e-06, 5.329014829079112e-06]",16806069729.170364,5.441493677304097e-06,0.0,orcd,0.0,/home/txenakis/projects/BVPsolver/logs/array_20391846_391.err,default,GELU-scaled,177,0,/home/txenakis/projects/BVPsolver/logs/array_20391846_391.out,none,none,davis-skodje,fast,11,exact,0.0,1000,313.890742729,0.0,2026-08-14T00:22:11.133,shooting,313.890742729,3,2,10000,12,150,False,,,,,
run_IJaad5HS,"[6543086.600966761, 6222.9899103936705]","[6.886890423473277, 4.020839124007737]",3274654.7954385774,5.4538647737405075,"[0.3502426323064126, 3255.8750302070785]","[0.43845370819059254, 1.3835011952963172]",1628.1126364196925,0.9109774517434549,"[1.0182168149553867, 7.322835800697152]","[0.9462718583915374, 1.0000109455039379]",4.170526307826269,0.9731414019477376,0.0,orcd,0.0,/home/txenakis/projects/BVPsolver/logs/array_20391846_129.err,default,stiff,268,0,/home/txenakis/projects/BVPsolver/logs/array_20391846_129.out,none,none,vanderpol,fast,12,exact,0.0,1000,168.384780177,0.0,2026-08-13T22:42:01.186,shooting,168.384780177,1,2,10000,12,150,True,,,,,
run_IL2eIZ2N,,,,,,,,,,,,,75.3193537,orcd,38.056463308,/home/txenakis/projects/BVPsolver/logs/array_20198490_450.err,default,stiff,486,0,/home/txenakis/projects/BVPsolver/logs/array_20198490_450.out,none,derivmatch,orego,fast,11,,0.0,1000,0.0,0.0,2026-08-11T12:19:42.911,collocation,113.37581700799998,1,2,10000,16,150,False,,,,,
run_IOwW2SI0,,,,,,,,,,,,,0.0,orcd,32.238281807,/home/txenakis/projects/BVPsolver/logs/array_20140853_93.err,default,GELU-scaled,650,0,/home/txenakis/projects/BVPsolver/logs/array_20140853_93.out,none,derivmatch,pollu,fast,14,,0.0,1000,0.0,0.0,2026-08-11T01:29:27.312,none,32.238281807,1,3,30000,32,150,False,,,,,
run_IRg54k1F,,,,,,,,,,,,,0.0,orcd,34.982748192,/home/txenakis/projects/BVPsolver/logs/array_20140853_58.err,default,mlp,3444,0,/home/txenakis/projects/BVPsolver/logs/array_20140853_58.out,none,derivmatch,pollu,fast,14,,0.0,1000,0.0,0.0,2026-08-10T22:48:32.589,none,34.982748192,1,3,30000,32,150,False,,,,,
run_IYGFZkXF,,,,,,,,,,,,,0.0,orcd,24.925117761,/home/txenakis/projects/BVPsolver/logs/array_20198490_359.err,default,mlp,552,0,/home/txenakis/projects/BVPsolver/logs/array_20198490_359.out,none,derivmatch,hires,fast,15,,0.0,1000,1819.325241737,0.0,2026-08-11T10:43:19.759,shooting,1844.2503594979999,1,2,10000,16,150,False,qr,,,,
run_IaQ2cQe0,"[0.08399605307021425, 16.76995958180264]","[3.2046146775157434, 0.39012049029912393]",8.426977817436429,1.7973675839074337,"[0.48364992918964733, 1.0734261399539287]","[0.39696566516863013, 0.7161375702156312]",0.778538034571788,0.5565516176921307,"[2.0506591482854435, 1.020229636981969]","[2.0795827121486012, 0.9999995172376548]",1.5354443926337062,1.539791114693128,0.0,orcd,28.837164035,/home/txenakis/projects/BVPsolver/logs/array_20391846_187.err,default,GELU-scaled,177,0,/home/txenakis/projects/BVPsolver/logs/array_20391846_187.out,none,derivmatch,vanderpol,fast,15,exact,0.0,1000,0.0,0.0,2026-08-13T22:55:11.396,none,28.837164035,1,2,10000,12,150,True,,,,,
run_IaRN02Rz,,,,,,,,,,,,,162.564025896,orcd,31.680284964,/home/txenakis/projects/BVPsolver/logs/array_20198490_345.err,default,stiff,816,0,/home/txenakis/projects/BVPsolver/logs/array_20198490_345.out,none,derivmatch,hires,fast,11,,0.0,1000,0.0,0.0,2026-08-11T10:15:23.650,collocation,194.24431086,1,2,10000,16,150,False,qr,,,,
run_Ibye1q4G,,,,,,,,,,,,,4843.37361871,orcd,40.361185915,/home/txenakis/projects/BVPsolver/logs/array_20140853_69.err,default,mlp,3444,0,/home/txenakis/projects/BVPsolver/logs/array_20140853_69.out,none,derivmatch,pollu,fast,15,,0.0,1000,0.0,0.0,2026-08-11T01:17:17.220,collocation,4883.734804625,1,3,30000,32,150,False,,,,,
run_Ic8jrEzO,,,,,,,,,,,,,37.444259628,orcd,0.0,/home/txenakis/projects/BVPsolver/logs/array_20140853_274.err,default,mlp,218,0,/home/txenakis/projects/BVPsolver/logs/array_20140853_274.out,none,none,vanderpol,fast,15,,0.0,1000,0.0,0.0,2026-08-11T03:04:11.041,collocation,37.444259628,1,2,10000,12,150,True,,,,,
run_IjT7lnPH,"[160172863.96674374, 10034152358137.049]","[0.003562744379264128, 4.076869528368168e-06]",5017156265500.508,0.001783410624396248,"[0.015511934731669503, 0.0007148048959858477]","[0.12700757769557824, 0.00808134126020302]",0.008113369813827676,0.06754445947789063,"[25175133.412891258, 684457555.2234163]","[4.033320055648688e-07, 1.4007330620551298e-06]",354816344.3181538,9.020325338099994e-07,0.0,orcd,0.0,/home/txenakis/projects/BVPsolver/logs/array_20391846_341.err,default,stiff,268,0,/home/txenakis/projects/BVPsolver/logs/array_20391846_341.out,none,none,davis-skodje,fast,11,exact,0.0,1000,557.020774577,0.0,2026-08-14T00:10:44.498,shooting,557.020774577,3,2,10000,12,150,False,,,,,
run_IlPO8JIR,"[63.5713289716702, 92.30607762834957]","[6.958440001210268e-05, 6.235140435084325e-08]",77.93870330000988,3.4823375708226766e-05,"[0.9801172243119545, 0.9661654236903439]","[0.41686502220816796, 0.7924002382321262]",0.9731413240011492,0.6046326302201471,"[8872051.127913956, 17073.96216594511]","[2.1331278731980687e-08, 1.1898730176195735e-10]",4444562.54503995,1.0725133016871322e-08,81.170182165,orcd,27.130129737,/home/txenakis/projects/BVPsolver/logs/array_20391846_415.err,default,GELU-scaled,177,0,/home/txenakis/projects/BVPsolver/logs/array_20391846_415.out,none,derivmatch,davis-skodje,fast,15,exact,0.0,1000,0.0,0.0,2026-08-14T00:22:46.018,collocation,108.300311902,3,2,10000,12,150,False,,,,,
run_In14AZVw,"[914347.1314967863, 2.686832078473275e+18, 934082.6895451905]","[0.0047932436961889415, 0.09375200921729374, 1.1102959384264781]",8.95610692825041e+17,0.40294706377998696,"[0.9825876673123236, 29981.8817884591, 3.458497355910378e+28]","[0.679460775425448, 0.7286248410117072, 1.6838419036826824e+29]",1.152832451970126e+28,5.612806345608941e+28,"[0.9075290084049551, 157464524552.9232, 0.03587726331800925]","[0.05949709697825502, 7522456.549683478, 0.5035096448762929]",52488174851.28887,2507485.704230073,22.548454225,orcd,0.0,/home/txenakis/projects/BVPsolver/logs/array_20391846_95.err,default,mlp,243,0,/home/txenakis/projects/BVPsolver/logs/array_20391846_95.out,none,none,rober,fast,13,exact,0.0,1000,0.0,0.0,2026-08-13T22:31:29.397,collocation,22.548454225,1,2,10000,12,150,False,,,,,
run_InHze0p1,"[920412.1911122364, 93826.38011198115, 206757.91697205917]","[625.0988527547614, 101480.60447271392, 189657.15907585202]",406998.8293987589,97254.2874671069,"[0.9920931900637632, 553.2152723598363, 4.790790528005104]","[0.9882936346368574, 17.70376079298414, 1.014679520183842]",186.33271869263504,6.5689113159349475,"[0.9963192489269607, 0.7042642711280682, 0.9983881297803596]","[0.9997865825978038, 0.9145687054016037, 0.9997799543919718]",0.8996572166117961,0.9713784141304598,0.0,orcd,26.692682035,/home/txenakis/projects/BVPsolver/logs/array_20391846_325.err,default,GELU-scaled,188,0,/home/txenakis/projects/BVPsolver/logs/array_20391846_325.out,none,derivmatch,orego,fast,15,exact,0.0,1000,3675.497409052,0.0,2026-08-14T00:55:38.380,shooting,3702.190091087,1,2,10000,16,150,False,,,,,
run_J4Uorp21,"[0.14783158151134473, 1.0040974725019742, 0.9962777316126528]","[1.0086353932932715, 1.0008008518399063, 0.995012652832467]",0.7160689285419904,1.0014829659885482,"[0.9999907332080512, 0.9992031692593889, 0.9759255475779118]","[0.9999877748969996, 0.9991958195967592, 0.9961602354459258]",0.9917064833484507,0.9984479433132282,"[1.202736349883767, 1.0579375492685918, 0.8951276591358842]","[0.8899534960188494, 1.00654555124756, 0.9937921932682514]",1.0519338527627478,0.9634304135115537,69.003204973,orcd,0.0,/home/txenakis/projects/BVPsolver/logs/array_20391846_287.err,default,stiff,486,0,/home/txenakis/projects/BVPsolver/logs/array_20391846_287.out,none,none,orego,fast,15,exact,0.0,1000,0.0,0.0,2026-08-13T23:42:43.182,collocation,69.003204973,1,2,10000,16,150,False,,,,,
run_J5jOiWuw,"[1.000000518603265, 0.9973487074585998, 1.000100597929679]","[1.0000001316641276, 0.9957956230437508, 1.0000298666545167]",0.9991499413305146,0.9986085404541317,"[0.9999999333142883, 0.9998419192336107, 1.5335172096477971]","[0.9999999961499648, 0.9999975877344807, 1.001125266965149]",1.177786354065232,1.0003742836165315,"[0.9987348509913959, 1.0574656680392527, 0.9888661420970926]","[0.9998250317845252, 1.0112852342794734, 0.9992681543512718]",1.0150222203759138,1.003459473471757,58.556262249,orcd,0.0,/home/txenakis/projects/BVPsolver/logs/array_20391846_310.err,default,mlp,387,0,/home/txenakis/projects/BVPsolver/logs/array_20391846_310.out,none,none,orego,fast,14,exact,0.0,1000,0.0,0.0,2026-08-13T23:47:30.660,collocation,58.556262249,1,2,10000,16,150,False,,,,,
run_J7skyitR,,,,,,,,,,,,,0.0,orcd,0.0,/home/txenakis/projects/BVPsolver/logs/array_20140853_106.err,default,stiff,318,0,/home/txenakis/projects/BVPsolver/logs/array_20140853_106.out,none,none,rober,fast,12,,0.0,1000,558.601382044,0.0,2026-08-11T01:51:46.034,shooting,558.601382044,1,2,10000,12,150,False,,,,,
run_JEQbbAtG,,,,,,,,,,,,,0.0,orcd,24.408788777,/home/txenakis/projects/BVPsolver/logs/array_20198490_374.err,default,mlp,552,0,/home/txenakis/projects/BVPsolver/logs/array_20198490_374.out,none,derivmatch,hires,fast,15,,0.0,1000,0.0,0.0,2026-08-11T10:16:31.675,none,24.408788777,1,2,10000,16,150,False,qr,,,,
run_JEVRkoGq,,,,,,,,,,,,,0.0,orcd,24.911452171,/home/txenakis/projects/BVPsolver/logs/array_20140853_190.err,default,GELU-scaled,188,0,/home/txenakis/projects/BVPsolver/logs/array_20140853_190.out,none,derivmatch,rober,fast,11,,1537.925976392,1000,0.0,0.0,2026-08-11T02:41:57.880,shapovalova,1562.837428563,1,2,10000,12,150,False,,,,,
run_JJsUwKiA,"[0.06832167969278968, 0.03594630400169694, 85935.79787400957, 0.34786510556931693, 12.842286604920833, 1.5486654724723707, 0.014002218951930535, 0.043847452986311694, 0.033047214309678566, 0.028728830206511256, 2.8837844219992785, 0.07356576846454127, 1.4149395543402692, 0.07028472288432311, 0.010990514862855646, 5338719136.170024, 0.041260498706472575, 0.04596240314213005, 0.0009253724963547345, 0.00015129930978481776]","[6.527455823145166e-05, 0.00010467774321531233, 0.9934390016392649, 0.0004845006298783752, 0.0007397189155539021, 0.0008690560437234963, 0.004353626142295872, 0.006143575789743192, 0.0026629739156247122, 0.00010352564248415172, 5.9598752256361757e-05, 0.004444105691182791, 0.00029933547097605044, 0.0033932688741159104, 0.00019940006723666146, 0.9999999332595644, 0.002694749105219421, 0.0027851360701910462, 0.0032002605355106366, 0.0018479497417594698]",266940254.57362366,0.10139448342940141,"[0.9999999990614183, 0.9999998828520323, 0.9999179523746786, 0.9999182119660204, 0.9999165933386484, 0.9998287191614829, 0.9996856854044759, 0.9913271009346779, 0.9939456222331705, 0.9575643350646661, 0.6321664938192229, 0.398025598222121, 0.2557194889620656, 0.01004601373417281, 1.5457966723116892, 7.704960029560147, 2.7368175962860453e+301, 3.215304231419893e+299, 1.2951789210749589e+299, 1.4580180765045254e+298]","[0.9999999984763857, 0.9999628293504128, 0.9695286312236696, 0.988676030908191, 0.991878303385506, 0.9875536876215015, 0.985024836909756, 0.6722576900919149, 0.6002983710768525, 0.6262624212367213, 0.7521499306426358, 1.0299500855419061, 1.8363359247684312, 0.24236739169302, 11.56708181355493, 11275.945003947541, 2.4338820619253515e+303, 9.754861675167704e+301, 2.0046798950060601e+301, 1.7658259806535234e+299]",1.3916902229437493e+300,1.2758270301125773e+302,"[0.00015718360340149533, 8.740524737526633e-05, 0.06375614558420738, 0.0028477579612995905, 0.02099663459342239, 0.001242847098084131, 8.188184962604226e-05, 1.439643944782726e-05, 0.00017749204340965154, 0.0009655273151363239, 0.010016943843453481, 0.0020958489015856356, 0.003608068124387862, 0.0014546822246017236, 0.000554023853518108, 0.07862472710373543, 5.661632416822706e-05, 0.0013148690123916957, 5.829921244402114e-06, 4.7199978115196855e-06]","[2.3239677796754014e-05, 3.5824544778916246e-07, 3.240867612679381e-06, 1.478149873352191e-07, 5.9998568036556124e-05, 4.90644261668902e-05, 9.934238608386533e-11, 2.2971114246603245e-11, 7.755954606480122e-11, 5.6793992018527535e-05, 4.9097794175252966e-05, 5.425598770798628e-08, 1.0732216458872642e-07, 1.355470264098954e-05, 6.275769707743546e-08, 0.00020807579210440754, 1.7951846055264498e-11, 4.5573195124351855e-08, 1.2110643742031509e-05, 1.1863931148575793e-06]",0.00940318005211541,2.3856952235673088e-05,6536.902296762,orcd,46.603304188,/home/txenakis/projects/BVPsolver/logs/array_20391846_13.err,default,stiff,4744,0,/home/txenakis/projects/BVPsolver/logs/array_20391846_13.out,none,derivmatch,pollu,fast,14,exact,0.0,1000,0.0,0.0,2026-08-14T00:00:04.364,collocation,6583.50560095,1,3,30000,32,150,False,,,,,
run_JOTGApdp,,,,,,,,,,,,,0.0,orcd,32.434785312,/home/txenakis/projects/BVPsolver/logs/array_heavy_20252509_128.err,default,stiff,486,0,/home/txenakis/projects/BVPsolver/logs/array_heavy_20252509_128.out,none,derivmatch,orego,fast,14,exact,13.84203081,1000,0.0,0.0,2026-08-12T13:31:06.147,shapovalova,46.276816122,1,2,10000,16,150,False,,,,,
run_JOmkIzp4,"[445181.2621493704, 7866787790153160.0, 7036230.844894746]","[0.12373143630556499, 0.9356660263792917, 0.9207633796574467]",2622262599211524.0,0.6600536141141012,"[0.9999522264195198, 771377.4450061044, 4.4810839428087084e+29]","[0.9998457506222006, 0.48394492767774877, 3.2173526067255523e+27]",1.4936946476029029e+29,1.0724508689085175e+27,"[9.893106638637651e+22, 2.8878570482683635e+32, 5.7766159063153993e+20]","[734.9963294100057, 92407207806.88553, 14937.92568930569]",9.626190164211502e+31,30802407826.602512,0.0,orcd,23.747586212,/home/txenakis/projects/BVPsolver/logs/array_20391846_92.err,default,mlp,243,0,/home/txenakis/projects/BVPsolver/logs/array_20391846_92.out,none,derivmatch,rober,fast,15,exact,0.0,1000,0.0,0.0,2026-08-13T22:30:42.605,none,23.747586212,1,2,10000,12,150,False,,,,,
run_JRq6Vd2d,,,,,,,,,,,,,0.0,orcd,24.237767527,/home/txenakis/projects/BVPsolver/logs/array_20198490_371.err,default,mlp,552,0,/home/txenakis/projects/BVPsolver/logs/array_20198490_371.out,none,derivmatch,hires,fast,12,,0.0,1000,0.0,0.0,2026-08-11T10:15:55.607,none,24.237767527,1,2,10000,16,150,False,qr,,,,
run_JTSoMCdl,,,,,,,,,,,,,0.0,orcd,0.0,/home/txenakis/projects/BVPsolver/logs/array_heavy_20252509_154.err,default,stiff,268,0,/home/txenakis/projects/BVPsolver/logs/array_heavy_20252509_154.out,none,none,davis-skodje,fast,15,exact,11.886126065,1000,0.0,0.0,2026-08-12T13:36:26.773,shapovalova,11.886126065,3,2,10000,12,150,False,,,,,
run_JgGyD6Qb,,,,,,,,,,,,,35.455509927,orcd,0.0,/home/txenakis/projects/BVPsolver/logs/array_20140853_306.err,default,GELU-scaled,177,0,/home/txenakis/projects/BVPsolver/logs/array_20140853_306.out,none,none,vanderpol,fast,12,,0.0,1000,0.0,0.0,2026-08-11T03:24:42.773,collocation,35.455509927,1,2,10000,12,150,True,,,,,
run_Jj6LfeiV,"[nan, nan, nan]","[nan, nan, nan]",nan,nan,"[nan, nan, nan]","[nan, nan, nan]",nan,nan,"[nan, nan, nan]","[nan, nan, nan]",nan,nan,30.461587091,orcd,0.0,/home/txenakis/projects/BVPsolver/logs/array_20391846_334.err,default,GELU-scaled,188,0,/home/txenakis/projects/BVPsolver/logs/array_20391846_334.out,none,none,orego,fast,14,exact,0.0,1000,0.0,0.0,2026-08-13T23:57:46.467,collocation,30.461587091,1,2,10000,16,150,False,,,,,
run_Jki1V27g,,,,,,,,,,,,,0.0,orcd,0.0,/home/txenakis/projects/BVPsolver/logs/array_heavy_20252509_100.err,default,mlp,552,0,/home/txenakis/projects/BVPsolver/logs/array_heavy_20252509_100.out,none,none,hires,fast,11,exact,13.683550868,1000,0.0,0.0,2026-08-12T13:23:57.911,shapovalova,13.683550868,1,2,10000,16,150,False,qr,,,,
run_JkuB3ClU,"[49111.284685191815, 182385025.5816385]","[3.1788668588920916e-05, 2.3855319235073987e-06]",91217068.43316184,1.7087100256214156e-05,"[0.9752631924862284, 0.9957998975721594]","[0.4324904446343497, 0.645182364838046]",0.9855315450291939,0.5388364047361979,"[17039427467.714622, 312275175.8888881]","[4.966365394908685e-07, 2.431946560203382e-07]",8675851321.801756,3.6991559775560335e-07,0.0,orcd,27.037818817,/home/txenakis/projects/BVPsolver/logs/array_20391846_404.err,default,GELU-scaled,177,0,/home/txenakis/projects/BVPsolver/logs/array_20391846_404.out,none,derivmatch,davis-skodje,fast,14,exact,0.0,1000,0.0,0.0,2026-08-14T00:19:45.541,none,27.037818817,3,2,10000,12,150,False,,,,,
run_JlRxgTQJ,"[17753.692184478834, 8684416.062555548]","[0.9837116509458316, 1.008407280603278]",4351084.877370013,0.9960594657745547,"[1.0616741927133289, 0.9894059364503756]","[0.8742331307542757, 1.0049110677348385]",1.0255400645818522,0.9395720992445571,"[1.0125504950921913, 100.63784401538845]","[0.7680675605697476, 1.0036648703500106]",50.82519725524032,0.8858662154598791,0.0,orcd,28.159706948,/home/txenakis/projects/BVPsolver/logs/array_20391846_179.err,default,GELU-scaled,177,0,/home/txenakis/projects/BVPsolver/logs/array_20391846_179.out,none,derivmatch,vanderpol,fast,11,exact,0.0,1000,184.839328117,0.0,2026-08-13T22:55:14.465,shooting,212.99903506500002,1,2,10000,12,150,True,,,,,
run_K6OsaLpd,"[257884.45724363127, 61169.34822562154, 4321.706619264806, 16873.116002606075, 988.9515885888635, 2419.2814489196057, 0.9686885958899176, 0.9685883027347126]","[0.2329870343013878, 0.9877790719962706, 0.8325288685417166, 0.8504974000853828, 33.736817928745026, 15.828321539661196, 1.099499783443953, 1.08540146426204]",42957.34980069134,6.8317291363796215,"[0.9968970202531973, 0.9991588419548727, 0.9999998358893618, 0.9999999917552973, 0.9999999999304372, 1.0, 1.0, 0.9978489950008449]","[0.9943791424353497, 0.9998621342821319, 0.9999997834125178, 0.9999999931475764, 0.9999999999924833, 1.0, 1.0, 0.9999999639562065]",0.9992380855980013,0.9992801271532832,"[9399.3970782127, 1385.889799517925, 4396.811322822264, 2692.6898189890835, 11572.271758128723, 47184.32057621274, 9.7946747860468, 0.48996329053600657]","[0.005369005481894518, 0.9409511301225104, 0.6844522979761366, 0.7588628495075104, 0.1560768356309048, 0.0829366458239632, 0.026084327681446837, 0.028052614337174417]",9580.208123995,0.3353482133201926,0.0,orcd,0.0,/home/txenakis/projects/BVPsolver/logs/array_20391846_250.err,default,GELU-scaled,243,0,/home/txenakis/projects/BVPsolver/logs/array_20391846_250.out,none,none,hires,fast,15,exact,0.0,1000,340.46259978,0.0,2026-08-13T23:37:57.240,shooting,340.46259978,1,2,10000,16,150,False,qr,,,,
run_KCyxYdQ0,,,,,,,,,,,,,0.0,orcd,26.52794898,/home/txenakis/projects/BVPsolver/logs/array_20198490_406.err,default,GELU-scaled,243,0,/home/txenakis/projects/BVPsolver/logs/array_20198490_406.out,none,derivmatch,hires,fast,12,,0.0,1000,0.0,0.0,2026-08-11T10:44:43.631,none,26.52794898,1,2,10000,16,150,False,qr,,,,
run_KDnYWvus,"[0.00023637182773767254, 5.7985643505533915e-06, 1.2126212638654984e-07]","[0.00015965683372646538, 3.7685936864974636e-07, 1.684294162354171e-07]",8.076388473820415e-05,5.340070750378351e-05,"[0.9989909907115643, 0.9779298857750038, 1.0004567366894657]","[0.9956581385869689, 0.7625349175471521, 48.86348121641408]",0.9924592043920112,16.873891424182734,"[4.806330782065703, 0.2890355255740105, 1.4214412412672623]","[0.09920581972243635, 0.251614769076655, 0.0006757070235007804]",2.1722691829689915,0.11716543194086404,63.47081524,orcd,29.18307377,/home/txenakis/projects/BVPsolver/logs/array_20391846_292.err,default,stiff,486,0,/home/txenakis/projects/BVPsolver/logs/array_20391846_292.out,none,derivmatch,orego,fast,15,exact,0.0,1000,0.0,0.0,2026-08-13T23:44:00.034,collocation,92.65388901,1,2,10000,16,150,False,,,,,
run_KGFEYJQ7,,,,,,,,,,,,,0.0,orcd,29.837302962,/home/txenakis/projects/BVPsolver/logs/array_heavy_20252509_127.err,default,stiff,486,0,/home/txenakis/projects/BVPsolver/logs/array_heavy_20252509_127.out,none,derivmatch,orego,fast,13,exact,13.304531808,1000,0.0,0.0,2026-08-12T13:30:21.818,shapovalova,43.14183477,1,2,10000,16,150,False,,,,,
run_KIWqopMK,,,,,,,,,,,,,0.0,orcd,0.0,/home/txenakis/projects/BVPsolver/logs/array_heavy_20252509_131.err,default,mlp,387,0,/home/txenakis/projects/BVPsolver/logs/array_heavy_20252509_131.out,none,none,orego,fast,12,exact,9.632482078,1000,0.0,0.0,2026-08-12T13:30:24.310,shapovalova,9.632482078,1,2,10000,16,150,False,,,,,
run_KTSntTbj,"[115641.36278628126, 136930015.92025864]","[0.00024927059355911034, 0.00010138064577651896]",68522828.64152247,0.00017532561966781467,"[0.9788525591808133, 0.9936273557969642]","[0.4246808254085745, 0.9459139267019352]",0.9862399574888887,0.6852973760552549,"[52963216859.3793, 18130352.315208506]","[8.407205113994402e-06, 2.268468382678767e-06]",26490673605.847256,5.3378367483365845e-06,0.0,orcd,28.933561557,/home/txenakis/projects/BVPsolver/logs/array_20391846_405.err,default,GELU-scaled,177,0,/home/txenakis/projects/BVPsolver/logs/array_20391846_405.out,none,derivmatch,davis-skodje,fast,15,exact,0.0,1000,0.0,0.0,2026-08-14T00:19:49.154,none,28.933561557,3,2,10000,12,150,False,,,,,
run_KW2ZVPu4,"[2.019911392485271, 2.080566635502818, 1.0551305126683341]","[1.0044958387358205, 0.7123960848848198, 1.015193145983329]",1.718536180218808,0.9106950232013231,"[0.9999241600714232, 1.1843302258535544, 0.9989127252294859]","[0.9999502362403397, 1.000005531382869, 0.9999829264166252]",1.0610557037181545,0.9999795646799448,"[1.0036761491335666, 0.7190972707748498, 0.9130905747007068]","[0.9984311111623034, 0.9369737868691179, 0.9921548184595153]",0.8786213315363743,0.9758532388303122,0.0,orcd,27.705642918,/home/txenakis/projects/BVPsolver/logs/array_20391846_322.err,default,GELU-scaled,188,0,/home/txenakis/projects/BVPsolver/logs/array_20391846_322.out,none,derivmatch,orego,fast,11,exact,0.0,1000,1224.767260686,0.0,2026-08-14T00:12:20.815,shooting,1252.472903604,1,2,10000,16,150,False,,,,,
run_KXUyAu9v,,,,,,,,,,,,,0.0,orcd,0.0,/home/txenakis/projects/BVPsolver/logs/array_20140853_282.err,default,GELU-scaled,177,0,/home/txenakis/projects/BVPsolver/logs/array_20140853_282.out,none,none,vanderpol,fast,13,,0.0,1000,307.781542146,0.0,2026-08-11T03:11:08.754,shooting,307.781542146,1,2,10000,12,150,True,,,,,
run_KgVYW5mi,,,,,,,,,,,,,0.0,orcd,25.686172415,/home/txenakis/projects/BVPsolver/logs/array_20140853_304.err,default,GELU-scaled,177,0,/home/txenakis/projects/BVPsolver/logs/array_20140853_304.out,none,derivmatch,vanderpol,fast,15,,0.0,1000,0.0,0.0,2026-08-11T03:23:12.822,none,25.686172415,1,2,10000,12,150,True,,,,,
run_Kk92KIg2,,,,,,,,,,,,,0.0,orcd,0.0,/home/txenakis/projects/BVPsolver/logs/array_heavy_20252509_53.err,default,GELU-scaled,188,0,/home/txenakis/projects/BVPsolver/logs/array_heavy_20252509_53.out,none,none,rober,fast,14,,48.588455563,1000,0.0,0.0,2026-08-12T08:05:31.580,shapovalova,48.588455563,1,2,10000,12,150,False,,,,,
run_KkFm6p9p,,,,,,,,,,,,,5096.4697611,orcd,0.0,/home/txenakis/projects/BVPsolver/logs/array_20140853_60.err,default,mlp,3444,0,/home/txenakis/projects/BVPsolver/logs/array_20140853_60.out,none,none,pollu,fast,11,,0.0,1000,0.0,0.0,2026-08-11T00:13:40.387,collocation,5096.4697611,1,3,30000,32,150,False,,,,,
run_KkOP3PEV,,,,,,,,,,,,,29.918797057,orcd,33.728371767,/home/txenakis/projects/BVPsolver/logs/array_20140853_240.err,default,stiff,268,0,/home/txenakis/projects/BVPsolver/logs/array_20140853_240.out,none,derivmatch,vanderpol,fast,11,,0.0,1000,0.0,0.0,2026-08-11T02:49:23.730,collocation,63.647168824,1,2,10000,12,150,True,,,,,
run_KqroRH82,,,,,,,,,,,,,18.377031515,orcd,32.155571854,/home/txenakis/projects/BVPsolver/logs/array_20140853_138.err,default,stiff,318,0,/home/txenakis/projects/BVPsolver/logs/array_20140853_138.out,none,derivmatch,rober,fast,14,,0.0,1000,0.0,0.0,2026-08-11T01:49:13.353,collocation,50.532603369,1,2,10000,12,150,False,,,,,
run_KrbWfaYC,"[77348.03114689446, 71327.56786251806, 2976.578264417369, 242002.88419392158, 1299.475919596833, 5286.37779588068, 1.0847796294833307, 1.0843877014576806]","[0.02580767831252526, 0.1362288642290425, 0.050535826430168206, 0.18487845602088687, 0.12633410600375927, 0.1642807907993869, 0.22774237933003344, 0.22826371319058772]",50030.38554381999,0.1430089767895488,"[0.9430724753196897, 0.9977679951021229, 0.9998485319864917, 0.9999999941485846, 1.0, 1.0, 1.0, 0.9937596530339047]","[0.9872990531552155, 0.9247877797518989, 0.9947482365446819, 0.9999999943058809, 1.0, 1.0, 1.0, 0.9999999978054824]",0.9918060811988493,0.988354382695395,"[1157271493.4267073, 31357398.937120274, 598757708.7211701, 300410087.41560197, 61627791.62139751, 427669492.7827959, 210.0977505796609, 10.803134226646671]","[67.75635314163281, 32.60769087954753, 1664.5190590923744, 619.113761583789, 176.42581731318467, 404.8359128127179, 0.7360808452437597, 0.7666008191117802]",322136774.2257098,370.8451595609502,0.0,orcd,25.544255067,/home/txenakis/projects/BVPsolver/logs/array_20391846_259.err,default,GELU-scaled,243,0,/home/txenakis/projects/BVPsolver/logs/array_20391846_259.out,none,derivmatch,hires,fast,14,exact,0.0,1000,0.0,0.0,2026-08-13T23:35:14.682,none,25.544255067,1,2,10000,16,150,False,qr,,,,
run_L2mkjTT2,"[87286.33147020546, 123398023.65617539, 1157.6686785683944, 431157.94174129516, 0.9020595383658373, 2.677850303052513, 1.3280029162817892, 9.800302088316842]","[0.9826131173953294, 1.0028148890430097, 1.002709655347021, 1.0106071751768173, 1.0070920946737476, 1.0061046141305447, 1.005589077660733, 0.9899120557561392]",15489705.03828504,1.0009303348979177,"[0.9679485396058282, 0.9595087827109264, 0.9325816501151208, 0.9412089352629897, 0.9857369054707941, 0.9360813278917227, 0.8868415940580202, 6.959881209567696e+27]","[0.9973952232647489, 0.9835598152163629, 0.9921323374919871, 0.9817347248502842, 0.9876070749402823, 0.964470260945291, 0.9164505414851664, 3.729465338422149e+17]",8.69985151195962e+26,4.661831673027686e+16,"[255847.58972589995, 12925.697781247207, 353.1351585540694, 7888.563245150897, 14.457695346029933, 23935.92648248196, 0.09297533061892156, 1.4887845165570064]","[0.6931746214023977, 1.0361106625558858, 1.0053342418782474, 1.0604893648486062, 1.0025493653320405, 0.9549065626171679, 0.9209783192538704, 0.5958275530338903]",37620.86898106591,0.9086713363652633,214.191474118,orcd,0.0,/home/txenakis/projects/BVPsolver/logs/array_20391846_214.err,default,stiff,816,0,/home/txenakis/projects/BVPsolver/logs/array_20391846_214.out,none,none,hires,fast,13,exact,0.0,1000,0.0,0.0,2026-08-13T23:04:15.679,collocation,214.191474118,1,2,10000,16,150,False,qr,,,,
run_LCP9MIH6,"[2371691.815601657, 7433.789000095227]","[3.753383636871788, 2.085244333997803]",1189562.8023008762,2.919313985434796,"[0.3894191473144008, 2156.0471950942474]","[0.5441867067092016, 1.2167354015678427]",1078.218307120781,0.880461054138522,"[1.0014714174642643, 5.361011225671274]","[0.9313391948839498, 1.000009957366513]",3.1812413215677693,0.9656745761252314,45.539039858,orcd,0.0,/home/txenakis/projects/BVPsolver/logs/array_20391846_142.err,default,stiff,268,0,/home/txenakis/projects/BVPsolver/logs/array_20391846_142.out,none,none,vanderpol,fast,11,exact,0.0,1000,0.0,0.0,2026-08-13T22:44:01.635,collocation,45.539039858,1,2,10000,12,150,True,,,,,
run_LCu436R2,,,,,,,,,,,,,29.183950872,orcd,0.0,/home/txenakis/projects/BVPsolver/logs/array_20140853_133.err,default,stiff,318,0,/home/txenakis/projects/BVPsolver/logs/array_20140853_133.out,none,none,rober,fast,14,,0.0,1000,0.0,0.0,2026-08-11T01:46:44.531,collocation,29.183950872,1,2,10000,12,150,False,,,,,
run_LJkfn5hc,"[149736.89921190438, 9497727.564184701]","[0.006591754879068231, 0.002687995574419015]",4823732.231698303,0.004639875226743623,"[0.9421926181247994, 4.439111473977387e-05]","[0.44669313511473024, 0.42492069094946333]",0.47111850461976956,0.4358069130320968,"[3760.3363569603557, 699329.070186646]","[3.7218315234645444e-06, 2.35741262640327e-05]",351544.70327180316,1.3647978893748622e-05,93.329841304,orcd,0.0,/home/txenakis/projects/BVPsolver/logs/array_20391846_409.err,default,GELU-scaled,177,0,/home/txenakis/projects/BVPsolver/logs/array_20391846_409.out,none,none,davis-skodje,fast,14,exact,0.0,1000,0.0,0.0,2026-08-14T00:22:25.196,collocation,93.329841304,3,2,10000,12,150,False,,,,,
run_LpBbw4vm,"[nan, nan, nan]","[6.873445758155186e-05, 0.00024140611906499907, 0.0003301233697771257]",nan,0.00021342131547455887,"[nan, nan, nan]","[1.3568134611701361, 391.2723262644007, 3.983975082092294e+28]",nan,1.3279916940307646e+28,"[nan, nan, nan]","[8.827501850238951e-06, 0.00015509370511337643, 0.00016492641983209712]",nan,0.00010961587559857084,0.0,orcd,29.437983083,/home/txenakis/projects/BVPsolver/logs/array_20391846_66.err,default,stiff,318,0,/home/txenakis/projects/BVPsolver/logs/array_20391846_66.out,none,derivmatch,rober,fast,14,exact,0.0,1000,0.0,0.0,2026-08-13T22:22:08.715,none,29.437983083,1,2,10000,12,150,False,,,,,
run_LuVU0sPX,"[0.029611533915368568, 24.402293492115398]","[0.043966675903328, 0.12827350677660357]",12.215952513015383,0.08612009133996579,"[0.4350661067892406, 0.8574189662585404]","[0.5303135044004778, 0.5386299832429009]",0.6462425365238905,0.5344717438216893,"[149.42145780347695, 193204.83907767344]","[12.539402201570311, 0.9845456287379616]",96677.13026773847,6.761973915154137,24.327805032,orcd,28.541910313,/home/txenakis/projects/BVPsolver/logs/array_20391846_196.err,default,GELU-scaled,177,0,/home/txenakis/projects/BVPsolver/logs/array_20391846_196.out,none,derivmatch,vanderpol,fast,14,exact,0.0,1000,0.0,0.0,2026-08-13T22:57:54.864,collocation,52.869715345,1,2,10000,12,150,True,,,,,
run_MDSYppDm,,,,,,,,,,,,,0.0,orcd,36.747674984,/home/txenakis/projects/BVPsolver/logs/array_20198490_548.err,default,stiff,268,0,/home/txenakis/projects/BVPsolver/logs/array_20198490_548.out,none,derivmatch,davis-skodje,fast,14,,0.0,1000,0.0,0.0,2026-08-11T13:45:36.234,none,36.747674984,3,2,10000,12,150,False,,,,,
run_ME0HN8ay,,,,,,,,,,,,,0.0,orcd,33.788445968,/home/txenakis/projects/BVPsolver/logs/array_heavy_20252509_119.err,default,GELU-scaled,243,0,/home/txenakis/projects/BVPsolver/logs/array_heavy_20252509_119.out,none,derivmatch,hires,fast,15,exact,10.159312863,1000,0.0,0.0,2026-08-12T13:29:03.310,shapovalova,43.947758831,1,2,10000,16,150,False,qr,,,,
run_MLUusiZz,,,,,,,,,,,,,138.808982372,orcd,0.0,/home/txenakis/projects/BVPsolver/logs/array_20198490_376.err,default,mlp,552,0,/home/txenakis/projects/BVPsolver/logs/array_20198490_376.out,none,none,hires,fast,12,,0.0,1000,0.0,0.0,2026-08-11T10:19:00.116,collocation,138.808982372,1,2,10000,16,150,False,qr,,,,
run_MMJYglnV,,,,,,,,,,,,,5297.907718271,orcd,34.608439237,/home/txenakis/projects/BVPsolver/logs/array_20140853_68.err,default,mlp,3444,0,/home/txenakis/projects/BVPsolver/logs/array_20140853_68.out,none,derivmatch,pollu,fast,14,,0.0,1000,0.0,0.0,2026-08-11T01:23:41.975,collocation,5332.516157508,1,3,30000,32,150,False,,,,,
run_MT1Dy48X,,,,,,,,,,,,,0.0,orcd,0.0,/home/txenakis/projects/BVPsolver/logs/array_20198490_500.err,default,GELU-scaled,188,0,/home/txenakis/projects/BVPsolver/logs/array_20198490_500.out,none,none,orego,fast,11,,1719.715077372,1000,0.0,0.0,2026-08-11T13:44:28.009,shapovalova,1719.715077372,1,2,10000,16,150,False,,,,,
run_MUaOJHWp,,,,,,,,,,,,,0.0,orcd,34.353820998,/home/txenakis/projects/BVPsolver/logs/array_20198490_321.err,default,stiff,816,0,/home/txenakis/projects/BVPsolver/logs/array_20198490_321.out,none,derivmatch,hires,fast,12,,0.0,1000,5732.427405928,0.0,2026-08-11T11:47:43.897,shooting,5766.781226925999,1,2,10000,16,150,False,qr,,,,
run_MVbM2Sbs,,,,,,,,,,,,,0.0,orcd,34.527258004,/home/txenakis/projects/BVPsolver/logs/array_20140853_265.err,default,mlp,218,0,/home/txenakis/projects/BVPsolver/logs/array_20140853_265.out,none,derivmatch,vanderpol,fast,11,,0.0,1000,0.0,0.0,2026-08-11T02:59:16.942,none,34.527258004,1,2,10000,12,150,True,,,,,
run_MecIRPDr,"[50196007.0108799, 4182854.7364166556, 3067348328.3353395, 686893.3460017175, 10267.020593358911, 1122239.985239845, 20135.014215230265, 290117.46337545384]","[0.032580986341048244, 1.0089557936661513, 0.2663497172631867, 1.0060817274877865, 0.29880910004105293, 0.8660677337173576, 0.2163740471060781, 0.2942566212920616]",390482105.36400765,0.4986844658643404,"[1.2532348956492716, 0.6301605528909082, 0.20884195084060886, 0.12160485026618965, 0.09069906243130182, 0.004643861226789453, 0.1266572905506908, 3.292317296439385e+31]","[0.9705204935789075, 0.8025949330410839, 0.8457776645351025, 0.7805817819341307, 0.8673911601895361, 0.6344136513039373, 0.7665360646044562, 1.1368129151548557e+19]",4.115396620549231e+30,1.4210161439435697e+18,"[131.49162533547084, 5.160647925060169, 121.19341662942281, 1.0329887938580926, 1746.9796330061824, 5703.490999659673, 8.732664930440693, 0.9491033322656311]","[2.1941552583907592e-05, 0.9742213266224109, 0.009769268417985078, 0.9898299519538781, 0.0024696965075481484, 0.0029764145911277042, 0.003127203739635568, 0.009829138573689953]",964.8788849515468,0.2490306177448574,0.0,orcd,0.0,/home/txenakis/projects/BVPsolver/logs/array_20391846_202.err,default,stiff,816,0,/home/txenakis/projects/BVPsolver/logs/array_20391846_202.out,none,none,hires,fast,15,exact,0.0,1000,5415.228983647,0.0,2026-08-14T00:29:06.843,shooting,5415.228983647,1,2,10000,16,150,False,qr,,,,
run_Mj6B0pml,,,,,,,,,,,,,0.0,orcd,0.0,/home/txenakis/projects/BVPsolver/logs/array_20140853_74.err,default,GELU-scaled,650,0,/home/txenakis/projects/BVPsolver/logs/array_20140853_74.out,none,none,pollu,fast,15,,0.0,1000,3556.52339315,0.0,2026-08-11T01:13:07.219,shooting,3556.52339315,1,3,30000,32,150,False,,,,,
run_MjgAjLnp,"[27872956.719716433, 957125022.1000568, 44893.02317244925, 770378.5180077428, 15.151702870866172, 18.756219045880655, 1.9664606668905213, 1.3153075792227547]","[0.0044860120688942524, 0.002468998256878478, 0.0011824867617583567, 0.0014413373298416536, 0.01886349206569972, 0.004817944388376571, 0.001039364766300024, 0.001385655162722738]",123226660.94383046,0.004460661350058974,"[0.13336335944951408, 0.699420826232941, 0.7691032111838579, 0.9693430422787391, 0.9673871155870206, 0.9774592278209208, 0.9469409813779033, 2.8341797149495954e+27]","[2.1153482406777484, 17.212471606828903, 0.8546757730293792, 0.8313364142234662, 0.9100232590793019, 0.8765656164407766, 0.8743255357555252, 3.536802739309087e+17]",3.542724643686994e+26,4.421003424136358e+16,"[834093.288282465, 192754.16359234447, 11651.631695210652, 2417.444507098706, 528954.2664620884, 405617.1761283795, 0.7996175894924877, 0.1674985236251246]","[4.285823763867842e-05, 9.108353404130973e-05, 0.00015329564022146952, 5.774092463394502e-05, 0.0001257689001841595, 0.00014336575543207053, 0.0005211322890451434, 0.0004626077326317318]",246936.1172229625,0.0001997316267285635,0.0,orcd,28.743125749,/home/txenakis/projects/BVPsolver/logs/array_20391846_205.err,default,stiff,816,0,/home/txenakis/projects/BVPsolver/logs/array_20391846_205.out,none,derivmatch,hires,fast,13,exact,0.0,1000,7976.939167279,0.0,2026-08-14T01:12:21.774,shooting,8005.682293028,1,2,10000,16,150,False,qr,,,,
run_MxesZakN,,,,,,,,,,,,,155.330691182,orcd,0.0,/home/txenakis/projects/BVPsolver/logs/array_20198490_342.err,default,stiff,816,0,/home/txenakis/projects/BVPsolver/logs/array_20198490_342.out,none,none,hires,fast,13,,0.0,1000,0.0,0.0,2026-08-11T10:14:28.464,collocation,155.330691182,1,2,10000,16,150,False,qr,,,,
run_N2vcfiQY,,,,,,,,,,,,,0.0,orcd,28.887117791,/home/txenakis/projects/BVPsolver/logs/array_20140853_217.err,default,stiff,268,0,/home/txenakis/projects/BVPsolver/logs/array_20140853_217.out,none,derivmatch,vanderpol,fast,13,,0.0,1000,141.116185516,0.0,2026-08-11T02:27:26.058,shooting,170.003303307,1,2,10000,12,150,True,,,,,
run_N6NqY2Vq,"[483202.31642985233, 1264462148501132.8, 1467061.3447157836]","[0.05578366237123284, 0.9544973156340654, 0.8014836525628977]",421487383483798.75,0.603921543522732,"[0.9999370305756692, 561114.8267957155, 2.5464804926480516e+29]","[0.99981693477493, 0.767549688833393, 3.605367506271217e+27]",8.48826830882684e+28,1.2017891687570724e+27,"[0.8585915351144852, 1566302479.446954, 3.213821080367779]","[0.10046187358165988, 147472.5503785164, 6.5181572827331635]",522100827.8397889,49159.722999224236,14.342693836,orcd,23.047254042,/home/txenakis/projects/BVPsolver/logs/array_20391846_101.err,default,mlp,243,0,/home/txenakis/projects/BVPsolver/logs/array_20391846_101.out,none,derivmatch,rober,fast,14,exact,0.0,1000,0.0,0.0,2026-08-13T22:33:15.883,collocation,37.389947878,1,2,10000,12,150,False,,,,,
run_N6ki4SLO,,,,,,,,,,,,,0.0,orcd,29.629946989,/home/txenakis/projects/BVPsolver/logs/array_20140853_261.err,default,mlp,218,0,/home/txenakis/projects/BVPsolver/logs/array_20140853_261.out,none,derivmatch,vanderpol,fast,12,,4790.161245481,1000,0.0,0.0,2026-08-11T04:14:48.081,shapovalova,4819.79119247,1,2,10000,12,150,True,,,,,
run_NFWR9TKD,,,,,,,,,,,,,0.0,orcd,0.0,/home/txenakis/projects/BVPsolver/logs/array_20140853_115.err,default,stiff,318,0,/home/txenakis/projects/BVPsolver/logs/array_20140853_115.out,none,none,rober,fast,11,,3434.336332062,1000,0.0,0.0,2026-08-11T02:39:50.852,shapovalova,3434.336332062,1,2,10000,12,150,False,,,,,
run_NSVyTyaI,,,,,,,,,,,,,0.0,orcd,48.208502863,/home/txenakis/projects/BVPsolver/logs/array_20140853_24.err,default,stiff,4744,0,/home/txenakis/projects/BVPsolver/logs/array_20140853_24.out,none,derivmatch,pollu,fast,15,,0.0,1000,0.0,0.0,2026-08-10T22:44:58.589,none,48.208502863,1,3,30000,32,150,False,,,,,
run_NUvlQHNh,,,,,,,,,,,,,0.0,orcd,26.966388497,/home/txenakis/projects/BVPsolver/logs/array_20140853_155.err,default,mlp,243,0,/home/txenakis/projects/BVPsolver/logs/array_20140853_155.out,none,derivmatch,rober,fast,11,,3120.561821012,1000,0.0,0.0,2026-08-11T02:50:08.172,shapovalova,3147.528209509,1,2,10000,12,150,False,,,,,
run_NXSJT728,,,,,,,,,,,,,0.0,orcd,31.576480815,/home/txenakis/projects/BVPsolver/logs/array_heavy_20252509_158.err,default,stiff,268,0,/home/txenakis/projects/BVPsolver/logs/array_heavy_20252509_158.out,none,derivmatch,davis-skodje,fast,14,exact,10.51645537,1000,0.0,0.0,2026-08-12T13:38:19.334,shapovalova,42.092936185,3,2,10000,12,150,False,,,,,
run_NY9QXasV,,,,,,,,,,,,,19.391517815,orcd,26.256753184,/home/txenakis/projects/BVPsolver/logs/array_20140853_310.err,default,GELU-scaled,177,0,/home/txenakis/projects/BVPsolver/logs/array_20140853_310.out,none,derivmatch,vanderpol,fast,11,,0.0,1000,0.0,0.0,2026-08-11T03:26:39.223,collocation,45.648270999000005,1,2,10000,12,150,True,,,,,
run_NbHfewgV,,,,,,,,,,,,,0.0,orcd,26.721793512,/home/txenakis/projects/BVPsolver/logs/array_20140853_296.err,default,GELU-scaled,177,0,/home/txenakis/projects/BVPsolver/logs/array_20140853_296.out,none,derivmatch,vanderpol,fast,12,,792.330489558,1000,0.0,0.0,2026-08-11T03:26:18.671,shapovalova,819.0522830699999,1,2,10000,12,150,True,,,,,
run_NgwvCM7U,,,,,,,,,,,,,72.275183661,orcd,0.0,/home/txenakis/projects/BVPsolver/logs/array_20198490_446.err,default,stiff,486,0,/home/txenakis/projects/BVPsolver/logs/array_20198490_446.out,none,none,orego,fast,12,,0.0,1000,0.0,0.0,2026-08-11T12:16:17.321,collocation,72.275183661,1,2,10000,16,150,False,,,,,
run_NhZ8LIQ4,"[1581797192.5775025, 1526238505.6365008]","[0.0004870235338602634, 6.034223656674361e-05]",1554017849.1070018,0.0002736828852135035,"[0.981250184590644, 0.9935319363546921]","[0.42587336194213066, 0.9694117698916991]",0.987391060472668,0.6976425659169149,"[14653208168.950808, 1459848698.7367957]","[1.5792036507744399e-06, 1.2747794167933568e-06]",8056528433.8438015,1.4269915337838982e-06,0.0,orcd,27.708517988,/home/txenakis/projects/BVPsolver/logs/array_20391846_400.err,default,GELU-scaled,177,0,/home/txenakis/projects/BVPsolver/logs/array_20391846_400.out,none,derivmatch,davis-skodje,fast,15,exact,0.0,1000,194.314884114,0.0,2026-08-14T00:22:12.374,shooting,222.023402102,3,2,10000,12,150,False,,,,,
run_NpBugXnc,"[0.00835864409586254, 5.729353923973734]","[0.7056667541116455, 0.9417375924529658]",2.868856284034798,0.8237021732823057,"[0.1262837827584716, 0.12084472805656005]","[0.22753432034564913, 0.997129141285782]",0.12356425540751582,0.6123317308157156,"[1.1029985666666084, 39957.912838918855]","[1.7522365331819214, 1.0000057578522232]",19979.507918742762,1.3761211455170723,0.0,orcd,22.872685218,/home/txenakis/projects/BVPsolver/logs/array_20391846_159.err,default,mlp,218,0,/home/txenakis/projects/BVPsolver/logs/array_20391846_159.out,none,derivmatch,vanderpol,fast,11,exact,0.0,1000,0.0,0.0,2026-08-13T22:47:17.481,none,22.872685218,1,2,10000,12,150,True,,,,,
run_NyfDucdq,,,,,,,,,,,,,0.0,orcd,26.820613186,/home/txenakis/projects/BVPsolver/logs/array_20140853_260.err,default,mlp,218,0,/home/txenakis/projects/BVPsolver/logs/array_20140853_260.out,none,derivmatch,vanderpol,fast,11,,3120.238025728,1000,0.0,0.0,2026-08-11T03:46:47.139,shapovalova,3147.0586389140003,1,2,10000,12,150,True,,,,,
run_O2SqMLVV,"[0.1958610539712142, 1.0020664256636125, 1.000780510391892]","[1.0083315297316862, 0.999176999479142, 0.9992076870052824]",0.7329026633422396,1.0022387387387035,"[0.9999783741680487, 0.9989240847388211, 0.9156224869174872]","[0.9999786748229302, 0.9993290909545091, 0.9969035713500686]",0.9715083152747855,0.998737112375836,"[1.1169910618468115, 0.9099417349913089, 0.9988023343647453]","[1.0562523086574929, 0.9729055707460822, 0.997768674904325]",1.0085783770676218,1.0089755181026334,68.331168605,orcd,0.0,/home/txenakis/projects/BVPsolver/logs/array_20391846_286.err,default,stiff,486,0,/home/txenakis/projects/BVPsolver/logs/array_20391846_286.out,none,none,orego,fast,14,exact,0.0,1000,0.0,0.0,2026-08-13T23:42:42.161,collocation,68.331168605,1,2,10000,16,150,False,,,,,
run_O3Zo2Zqg,,,,,,,,,,,,,0.0,orcd,0.0,/home/txenakis/projects/BVPsolver/logs/array_heavy_20252509_74.err,default,mlp,218,0,/home/txenakis/projects/BVPsolver/logs/array_heavy_20252509_74.out,none,none,vanderpol,fast,15,,3696.470203945,1000,0.0,0.0,2026-08-12T11:30:28.381,shapovalova,3696.470203945,1,2,10000,12,150,True,,,,,
run_O8t0DdoM,"[0.17595355360931395, 0.1358852226222418, 21431.73120273407, 0.015472051336321445, 13.408055716395573, 40.97458576498908, 0.07185406928179003, 0.10389069422260212, 0.1471219128560343, 68.9968929606396, 126.59681303444124, 0.17590290422784252, 7.2815273067588215, 0.05737184591508022, 0.020393069930655087, 2181034969.620572, 0.15906182843912275, 0.17169508849878615, 0.01813952050904713, 0.00039226870034873233]","[1.2290459497307582e-05, 1.272269406314265e-05, 0.9957505503968592, 1.566719078355437e-05, 3.690754221914017e-05, 0.0001958192750172338, 6.558195391141398e-05, 6.701199158186338e-05, 9.486902399183086e-05, 0.00045187177008338135, 0.0003015888891331338, 0.0001054313938197327, 0.0002868983624528814, 0.00017043811933636292, 4.417536727063245e-05, 0.9999999550068267, 9.55281228276648e-05, 9.465068782648698e-05, 0.0011033990536942224, 0.0007663886551002735]",109052832.99313919,0.09998358729781481,"[0.9999999991197234, 0.9999998426006109, 0.999918605844328, 0.9999023468651173, 0.9999074550911584, 0.9998260018978298, 0.9997850477893894, 0.9944757060982918, 0.9969790517045654, 0.9761027008809329, 0.7754335570585779, 0.5894621532183654, 0.4255763728736534, 0.14664689295978015, 0.46159904445257344, 159.2547186339443, 1.3691411586247373e+303, 8.087029298498743e+302, 2.7035688716543797e+302, 8.240358455496933e+299]","[0.9999999978699915, 0.9999245831722441, 0.9341084726154165, 0.9649584789201903, 0.996519146962806, 0.9898623192534658, 0.9768463745313183, 0.6413788776723991, 0.6427308037229611, 0.831427209073658, 1.2245802653061215, 0.8101985057160046, 0.653331548577908, 1.2334249766255805, 30.865764036448766, 18205.60284727445, 4.2427115741856564e+303, 2.2945571630208344e+302, 1.7455684850813174e+301, 4.2914593300855524e+300]",1.2245125057427996e+302,2.2469572173343198e+302,"[0.0015449676402775096, 0.0008963920091891684, 0.011096446481806263, 0.0004907080890039229, 0.011369185726335891, 0.29744540912192186, 0.0006961501890730734, 5.424725292515785e-05, 0.0013297586801302675, 0.11654972156199286, 0.6407826040898731, 0.008023151635115498, 0.035771976950740636, 0.0028806296729656415, 0.001450907295121085, 0.03090226101126309, 0.0003482533656577233, 0.008404693535480609, 0.0011894570027360654, 2.4028892592215947e-05]","[0.00020233928857224846, 5.5122517699276455e-06, 0.0005500932749028538, 3.9027457128338835e-05, 0.0006234337811193042, 0.0004812419829087384, 5.1730349799598887e-08, 6.209634700512296e-09, 1.4449882458448442e-07, 0.0004963734261758139, 0.000504055874270297, 3.659032014169072e-05, 0.00011225245514628649, 0.00010981673624576462, 3.863529559479936e-06, 0.06153323544132416, 2.8207218550983728e-08, 2.972409124170338e-05, 0.00011742101440585448, 7.18236436016385e-06]",0.05856254751021006,0.0032426196967650133,0.0,orcd,46.615420289,/home/txenakis/projects/BVPsolver/logs/array_20391846_2.err,default,stiff,4744,0,/home/txenakis/projects/BVPsolver/logs/array_20391846_2.out,none,derivmatch,pollu,fast,13,exact,0.0,1000,0.0,0.0,2026-08-13T22:11:04.680,none,46.615420289,1,3,30000,32,150,False,,,,,
run_OB0PwKOt,,,,,,,,,,,,,0.0,orcd,27.218395561,/home/txenakis/projects/BVPsolver/logs/array_20198490_514.err,default,GELU-scaled,188,0,/home/txenakis/projects/BVPsolver/logs/array_20198490_514.out,none,derivmatch,orego,fast,15,,0.0,1000,0.0,0.0,2026-08-11T13:20:58.124,none,27.218395561,1,2,10000,16,150,False,,,,,
run_OChK9teR,,,,,,,,,,,,,21.764382182,orcd,29.160272952,/home/txenakis/projects/BVPsolver/logs/array_20198490_522.err,default,GELU-scaled,188,0,/home/txenakis/projects/BVPsolver/logs/array_20198490_522.out,none,derivmatch,orego,fast,13,,0.0,1000,0.0,0.0,2026-08-11T13:24:22.572,collocation,50.924655134,1,2,10000,16,150,False,,,,,
run_OErb7DQr,,,,,,,,,,,,,20.916304304,orcd,0.0,/home/txenakis/projects/BVPsolver/logs/array_20140853_201.err,default,GELU-scaled,188,0,/home/txenakis/projects/BVPsolver/logs/array_20140853_201.out,none,none,rober,fast,12,,0.0,1000,0.0,0.0,2026-08-11T02:20:08.560,collocation,20.916304304,1,2,10000,12,150,False,,,,,
run_OKtskQhk,"[nan, nan, nan]","[nan, nan, nan]",nan,nan,"[nan, nan, nan]","[nan, nan, nan]",nan,nan,"[nan, nan, nan]","[nan, nan, nan]",nan,nan,0.0,orcd,0.0,/home/txenakis/projects/BVPsolver/logs/array_20391846_319.err,default,GELU-scaled,188,0,/home/txenakis/projects/BVPsolver/logs/array_20391846_319.out,none,none,orego,fast,13,exact,0.0,1000,2350.689878177,0.0,2026-08-14T00:29:43.065,shooting,2350.689878177,1,2,10000,16,150,False,,,,,
run_ONKpLtm3,,,,,,,,,,,,,23.293806675,orcd,26.950321335,/home/txenakis/projects/BVPsolver/logs/array_20198490_520.err,default,GELU-scaled,188,0,/home/txenakis/projects/BVPsolver/logs/array_20198490_520.out,none,derivmatch,orego,fast,11,,0.0,1000,0.0,0.0,2026-08-11T13:23:33.683,collocation,50.24412801,1,2,10000,16,150,False,,,,,
run_OUjyb200,,,,,,,,,,,,,0.0,orcd,29.192033076,/home/txenakis/projects/BVPsolver/logs/array_20198490_440.err,default,stiff,486,0,/home/txenakis/projects/BVPsolver/logs/array_20198490_440.out,none,derivmatch,orego,fast,11,,0.0,1000,0.0,0.0,2026-08-11T12:10:42.685,none,29.192033076,1,2,10000,16,150,False,,,,,
run_OWFyFxW5,"[0.5538425725792816, 0.8937933029573275, 20.27320983696361]","[1.0042421796508623, 0.9121065611771337, 10.07911656446285]",7.240281904166739,3.9984884350969487,"[0.999982036197226, 0.9759820233419384, 0.4584392085466226]","[0.9999684546368247, 0.9860144287769294, 0.6567552473776733]",0.8114677560285957,0.8809127102638091,"[0.9876845554621534, 0.9220307409805945, 0.994899713691245]","[1.0022609324882137, 0.547653965237592, 0.011701199191292675]",0.9682050033779976,0.5205386989723662,0.0,orcd,0.0,/home/txenakis/projects/BVPsolver/logs/array_20391846_272.err,default,stiff,486,0,/home/txenakis/projects/BVPsolver/logs/array_20391846_272.out,none,none,orego,fast,12,exact,0.0,1000,1450.532505935,0.0,2026-08-14T00:02:29.565,shooting,1450.532505935,1,2,10000,16,150,False,,,,,
run_OaO5ZkAl,,,,,,,,,,,,,0.0,orcd,28.394612977,/home/txenakis/projects/BVPsolver/logs/array_20198490_355.err,default,mlp,552,0,/home/txenakis/projects/BVPsolver/logs/array_20198490_355.out,none,derivmatch,hires,fast,11,,0.0,1000,1792.635667982,0.0,2026-08-11T10:43:01.545,shooting,1821.030280959,1,2,10000,16,150,False,qr,,,,
run_Okg0XkTg,"[6.661492123110742, 5652108784.494316, 10.224569659117458]","[0.004420593995293682, 0.00019407280585158863, 0.0055838846303214295]",1884036267.1267927,0.003399517143822233,"[0.9238127641664968, 313.6724178291875, 6.305685099120298e+24]","[10.894889755192944, 1392.0379624595876, 1.2408094533619005e+28]",2.1018950330400995e+24,4.136031511206335e+27,"[0.047675872252889835, 0.05300799650881042, 0.2918807219859824]","[2.7722128466000393e-07, 1.8998378854897548e-06, 8.940325578087259e-06]",0.1308548635825609,3.7057949160790057e-06,0.0,orcd,32.351521048,/home/txenakis/projects/BVPsolver/logs/array_20391846_60.err,default,stiff,318,0,/home/txenakis/projects/BVPsolver/logs/array_20391846_60.out,none,derivmatch,rober,fast,13,exact,0.0,1000,603.524878225,0.0,2026-08-13T22:23:12.403,shooting,635.876399273,1,2,10000,12,150,False,,,,,
run_Ol2ZZ5Nq,,,,,,,,,,,,,159.902830851,orcd,0.0,/home/txenakis/projects/BVPsolver/logs/array_20198490_379.err,default,mlp,552,0,/home/txenakis/projects/BVPsolver/logs/array_20198490_379.out,none,none,hires,fast,15,,0.0,1000,0.0,0.0,2026-08-11T10:19:57.706,collocation,159.902830851,1,2,10000,16,150,False,qr,,,,
run_OszKv30d,,,,,,,,,,,,,0.0,orcd,28.293044577,/home/txenakis/projects/BVPsolver/logs/array_20140853_252.err,default,mlp,218,0,/home/txenakis/projects/BVPsolver/logs/array_20140853_252.out,none,derivmatch,vanderpol,fast,13,,0.0,1000,273.906757433,0.0,2026-08-11T02:56:43.478,shooting,302.19980201,1,2,10000,12,150,True,,,,,
run_OwVbm9EL,,,,,,,,,,,,,0.0,orcd,0.0,/home/txenakis/projects/BVPsolver/logs/array_20198490_352.err,default,mlp,552,0,/home/txenakis/projects/BVPsolver/logs/array_20198490_352.out,none,none,hires,fast,13,,0.0,1000,5895.332504246,0.0,2026-08-11T11:50:12.947,shooting,5895.332504246,1,2,10000,16,150,False,qr,,,,
run_P0itMaKx,,,,,,,,,,,,,0.0,orcd,32.248885415,/home/txenakis/projects/BVPsolver/logs/array_20140853_181.err,default,GELU-scaled,188,0,/home/txenakis/projects/BVPsolver/logs/array_20140853_181.out,none,derivmatch,rober,fast,12,,0.0,1000,24.145847185,0.0,2026-08-11T02:12:26.831,shooting,56.3947326,1,2,10000,12,150,False,,,,,
run_P9ouiAxW,"[28.544310109082563, 3650.679843080421]","[0.6929393731229011, 0.5416672025600244]",1839.612076594752,0.6173032878414628,"[0.48257469627199373, 0.8878765977406835]","[0.40738700034161385, 0.9883365979565154]",0.6852256470063386,0.6978617991490647,"[0.9863930336640689, 9.074549372857655]","[1.2682541656875885, 0.9991324587735223]",5.030471203260862,1.1336933122305555,0.0,orcd,29.093288419,/home/txenakis/projects/BVPsolver/logs/array_20391846_183.err,default,GELU-scaled,177,0,/home/txenakis/projects/BVPsolver/logs/array_20391846_183.out,none,derivmatch,vanderpol,fast,11,exact,0.0,1000,0.0,0.0,2026-08-13T22:52:56.947,none,29.093288419,1,2,10000,12,150,True,,,,,
run_PB7aXS7D,"[271.15055157874036, 92.3507416179611, 901.3200757439876, 2940.2250975701922, 31859.40206376581, 11416.515484572488, 0.046405101306419394, 0.05199904985974705, 1.3577562732177932, 7347.65788903331, 3370.33720672965, 0.5280195450173498, 33.291684946774765, 241.639360427915, 0.27981634183914544, 60421.13604580922, 0.9125977708312253, 1.2179404575316701, 16.180896303074682, 0.8017989144210913]","[0.0034353557871572428, 0.003746854908945014, 0.9999934850081349, 0.0326042043834439, 0.7687915220982978, 0.6146486961117946, 0.04090309342825338, 0.039798841365429806, 0.15678427546601967, 0.5890904921063262, 0.746667852058086, 0.14145788641303186, 0.04908611172769301, 0.40932070289363637, 0.006789560605876584, 0.9999999999815494, 0.2773930873511837, 0.28826445658340305, 0.308003720028601, 0.010715028898506646]",5945.820171577658,0.32437476136026855,"[0.999999999999724, 0.9999999999333833, 0.9999999966948785, 0.9999999977273132, 0.9999999999955866, 0.9999999999999978, 1.0, 1.0, 1.0, 1.0, 1.0, 1.0, 0.9999999999999998, 1.0, 0.9999999999999996, 0.9999999999999984, 2.855891730126838e+270, 8.203858937724478e+269, 1.7719766918125565e+269, 5.556138241371639e+256]","[0.9999999999973059, 0.9999999857981273, 0.9999996283589363, 0.9999998601304383, 0.9999999657175862, 0.999999961288341, 0.9999999891514245, 0.9999999465111277, 0.9999999999999997, 1.0, 1.0, 0.9999999999999997, 0.9999999999999997, 0.9999999999999997, 0.9999999999999983, 0.9999999999999896, 2.5819650436478422e+272, 6.507128136240218e+271, 2.0847348043467238e+271, 1.1746777618363125e+260]",1.9267376465402982e+269,1.7205756688538558e+271,"[0.11352628171337792, 0.011313826527097854, 10.010850177652284, 2.2126339954775496, 583.7065402008244, 50.06845107193256, 0.000212390729169575, 1.0302428207312352e-05, 0.012869914328249087, 54.653180656197705, 19.18473136005656, 0.018447964972686654, 0.07568151374426098, 60.590103086983255, 0.058270789660539286, 82325.97555619458, 0.0031120019747631344, 0.1014862643230137, 0.0090303406194363, 0.1363471615608874]","[0.0020945622661471632, 0.0001370199539688127, 0.24767912538999326, 0.012306407759474216, 1.143875440426497, 1.1785914554724892, 1.9305895183524907e-06, 2.6843418657066793e-07, 1.7879586223180617e-05, 1.1493239654122538, 1.4246931895589474, 0.004109744614357291, 0.02224507346533607, 0.25635198050186114, 0.002559368406732391, 51.12516036397665, 6.122062101442323e-06, 0.0078112411883047754, 0.061536983579040444, 0.005142907332203517]",4155.347117774813,2.8321822514988146,0.0,orcd,28.848926555,/home/txenakis/projects/BVPsolver/logs/array_20391846_39.err,default,GELU-scaled,650,0,/home/txenakis/projects/BVPsolver/logs/array_20391846_39.out,none,derivmatch,pollu,fast,12,exact,0.0,1000,0.0,0.0,2026-08-13T22:10:44.275,none,28.848926555,1,3,30000,32,150,False,,,,,
run_PE5Gfjvk,"[1128278.6553130148, 719464439483.6803]","[0.0012710688498159188, 0.0804981021836956]",359732783881.1678,0.04088458551675576,"[2.5865066018129332, 0.004244828698023372]","[1.0005279430377205, 0.45093809936833623]",1.2953757152554783,0.7257330212030284,"[833975.323123523, 5548011.240764774]","[1.9005771339532926e-06, 0.000978636109014839]",3190993.2819441487,0.0004902683430743961,0.0,orcd,23.965036653,/home/txenakis/projects/BVPsolver/logs/array_20391846_374.err,default,mlp,218,0,/home/txenakis/projects/BVPsolver/logs/array_20391846_374.out,none,derivmatch,davis-skodje,fast,14,exact,0.0,1000,370.616311565,0.0,2026-08-14T00:20:09.891,shooting,394.581348218,3,2,10000,12,150,False,,,,,
run_PIABuDhy,,,,,,,,,,,,,0.0,orcd,34.230858811,/home/txenakis/projects/BVPsolver/logs/array_20198490_532.err,default,stiff,268,0,/home/txenakis/projects/BVPsolver/logs/array_20198490_532.out,none,derivmatch,davis-skodje,fast,13,,0.0,1000,377.449316416,0.0,2026-08-11T13:38:46.037,shooting,411.680175227,3,2,10000,12,150,False,,,,,
run_PMrq8LBD,,,,,,,,,,,,,0.0,orcd,30.67142454,/home/txenakis/projects/BVPsolver/logs/array_20140853_194.err,default,GELU-scaled,188,0,/home/txenakis/projects/BVPsolver/logs/array_20140853_194.out,none,derivmatch,rober,fast,15,,2136.022809145,1000,0.0,0.0,2026-08-11T02:53:30.261,shapovalova,2166.6942336849997,1,2,10000,12,150,False,,,,,
run_PPTWBpdX,"[1.0062170208900771, 0.5683954846247014, 0.9594504597995067]","[0.9995647822345463, 0.6218873532487964, 0.9601545125143781]",0.8446876551047618,0.8605355493325736,"[0.999995865693081, 1.1976731264144107, 2.9196397900019746]","[0.9999998837162347, 0.9999972276604451, 0.9997445847486699]",1.7057695940364888,0.9999138987084498,"[1.0132590168342765, 2.6208319103081603, 1.0579714130463467]","[0.9980965462912547, 0.7835858691613448, 0.999543737791292]",1.564020780062928,0.9270753844146306,0.0,orcd,30.380540269,/home/txenakis/projects/BVPsolver/logs/array_heavy_20252509_212.err,default,mlp,387,0,/home/txenakis/projects/BVPsolver/logs/array_heavy_20252509_212.out,none,derivmatch,orego,fast,15,exact,0.0,1000,12947.042076821,0.0,2026-08-13T01:39:19.499,shooting,12977.42261709,1,2,10000,16,150,False,,,,,
run_PPqMaEZc,"[0.25970074051061837, 0.08794457029956874, 22264.98333234122, 0.13190172979822068, 20.092996616043074, 10.904777102978644, 0.04560673196086524, 0.08917681981530123, 0.07846697038547121, 0.3974461177921601, 3.894073490106926, 0.14690227929174854, 5.71555113873751, 0.09918577782852855, 0.0170714667306211, 2259027748.2821007, 0.07871581584496806, 0.12681453521355984, 0.0007208501759885461, 0.00040123568222808707]","[1.1395419461703592e-05, 1.1593487629619125e-05, 0.9957506520654824, 1.1959383733696889e-05, 3.466261053651099e-05, 0.00020014341468384213, 6.381446865110816e-05, 6.512883879221696e-05, 8.989759676414599e-05, 0.0004712459587434523, 0.00029526168464985624, 0.00010478257866237872, 0.0002842908750878023, 0.00015641056494102587, 4.232389209012303e-05, 0.9999999549774133, 8.979899850097537e-05, 9.589852191876932e-05, 0.0011135654639292919, 0.0007624103591384285]",112952502.77164432,0.09998275955804055,"[0.9999999991139693, 0.9999998385958611, 0.9999224486764909, 0.9999238911232559, 0.999924279346479, 0.999839409220119, 0.9997519000904033, 0.9932949299995443, 0.9950597100761099, 0.9633488123790527, 0.7393900471408491, 0.534959125804003, 0.24962352938633223, 0.008361682177856062, 0.7892180841831494, 2.8087949288572673, 7.0923906255133e+300, 2.575460129993211e+299, 9.833996185714628e+298, 7.553989978018878e+298]","[0.9999999980671597, 0.9999725682098293, 0.962363236196402, 0.9943582336421407, 0.9962018608535476, 0.9907932135939781, 0.9852414873726557, 0.691864595923125, 0.5528744414307178, 0.6220368417438054, 0.8135425196778372, 0.6466786123979273, 0.5846022428622087, 0.20199964271281656, 7.769455697105765, 10650.494821111684, 2.1362465726597784e+303, 6.059573899711143e+301, 6.012470557702347e+300, 2.7401295162675213e+299]",3.761908250074978e+299,1.1015643975831095e+302,"[0.003222958749012319, 0.0007405967696779855, 0.011093261116090016, 0.001322212711400981, 0.010478576055770593, 0.024161043691977437, 0.0004471989146512323, 4.4710086505280705e-05, 0.0007415929842465609, 0.0010631390578974037, 0.017664120600150036, 0.006586132770213401, 0.028681190275161222, 0.005513687076018657, 0.0011781028222960365, 0.030182689420799033, 0.00017747199032613122, 0.005934558627663322, 7.859735448933991e-05, 5.728489624687548e-05]","[0.0008324757474452752, 1.2683386295228732e-05, 0.0026122988872174222, 2.989966968124497e-05, 0.0009512221063562661, 0.0008597417123334697, 7.034917492310279e-08, 7.951370916288479e-09, 2.6018658744433856e-07, 0.0034319224561350447, 0.0022101085192078743, 5.529797648641692e-05, 0.00020316634763794305, 0.00017703339130148213, 3.5321091470204523e-06, 0.20973736194528309, 6.257021829389345e-08, 3.738578351283381e-05, 0.0010723984965170478, 1.9870563003843803e-05]",0.007468456298529694,0.011112340007745653,0.0,orcd,46.367611253,/home/txenakis/projects/BVPsolver/logs/array_20391846_3.err,default,stiff,4744,0,/home/txenakis/projects/BVPsolver/logs/array_20391846_3.out,none,derivmatch,pollu,fast,14,exact,0.0,1000,0.0,0.0,2026-08-13T22:11:05.684,none,46.367611253,1,3,30000,32,150,False,,,,,
run_PTsbWcQM,"[0.01205165273000646, 11.30324805710785]","[0.009880811106276243, 0.019918151826992546]",5.657649854918929,0.014899481466634393,"[0.014659259970983813, 0.40050948259036345]","[0.02445274507887624, 0.24653002616873054]",0.20758437128067364,0.1354913856238034,"[0.81703326218766, 75.03460611477702]","[1.4054388408191567, 0.9994479381083141]",37.92581968848234,1.2024433894637354,0.0,orcd,31.15480297,/home/txenakis/projects/BVPsolver/logs/array_20391846_140.err,default,stiff,268,0,/home/txenakis/projects/BVPsolver/logs/array_20391846_140.out,none,derivmatch,vanderpol,fast,14,exact,0.0,1000,0.0,0.0,2026-08-13T22:43:45.465,none,31.15480297,1,2,10000,12,150,True,,,,,
run_PXydjuxp,,,,,,,,,,,,,0.0,orcd,0.0,/home/txenakis/projects/BVPsolver/logs/array_20140853_257.err,default,mlp,218,0,/home/txenakis/projects/BVPsolver/logs/array_20140853_257.out,none,none,vanderpol,fast,13,,3396.204176275,1000,0.0,0.0,2026-08-11T03:50:08.363,shapovalova,3396.204176275,1,2,10000,12,150,True,,,,,
run_PZ6Haxw2,,,,,,,,,,,,,0.0,orcd,0.0,/home/txenakis/projects/BVPsolver/logs/array_20140853_153.err,default,mlp,243,0,/home/txenakis/projects/BVPsolver/logs/array_20140853_153.out,none,none,rober,fast,14,,3378.369457557,1000,0.0,0.0,2026-08-11T02:52:43.712,shapovalova,3378.369457557,1,2,10000,12,150,False,,,,,
run_PZXOSCfa,,,,,,,,,,,,,0.0,orcd,30.723506092,/home/txenakis/projects/BVPsolver/logs/array_heavy_20252509_85.err,default,GELU-scaled,177,0,/home/txenakis/projects/BVPsolver/logs/array_heavy_20252509_85.out,none,derivmatch,vanderpol,fast,11,,2217.964975715,1000,0.0,0.0,2026-08-12T13:15:30.948,shapovalova,2248.6884818070002,1,2,10000,12,150,True,,,,,
run_PcD9SaLv,,,,,,,,,,,,,0.0,orcd,24.504847276,/home/txenakis/projects/BVPsolver/logs/array_20198490_462.err,default,mlp,387,0,/home/txenakis/projects/BVPsolver/logs/array_20198490_462.out,none,derivmatch,orego,fast,13,,0.0,1000,448.380296049,0.0,2026-08-11T12:30:29.460,shooting,472.885143325,1,2,10000,16,150,False,,,,,
run_Pfjo9byD,,,,,,,,,,,,,0.0,orcd,25.35310935,/home/txenakis/projects/BVPsolver/logs/array_20140853_192.err,default,GELU-scaled,188,0,/home/txenakis/projects/BVPsolver/logs/array_20140853_192.out,none,derivmatch,rober,fast,13,,423.365661593,1000,0.0,0.0,2026-08-11T02:23:25.370,shapovalova,448.71877094300004,1,2,10000,12,150,False,,,,,
run_PgsY7ULm,,,,,,,,,,,,,0.0,orcd,0.0,/home/txenakis/projects/BVPsolver/logs/array_20140853_284.err,default,GELU-scaled,177,0,/home/txenakis/projects/BVPsolver/logs/array_20140853_284.out,none,none,vanderpol,fast,15,,0.0,1000,243.078495361,0.0,2026-08-11T03:11:19.699,shooting,243.078495361,1,2,10000,12,150,True,,,,,
run_PpgF1Ya4,"[0.505220840959934, 212324843760.86145, 15.114455067076994]","[6.951062165970406e-05, 8.039319811919039e-07, 0.002056679374984639]",70774947925.4937,0.0007089979762085115,"[0.9902304737428909, 60.82462355092312, 1.6950715474858287e+23]","[0.8986662313721923, 26317.422740975828, 1.6483212884869425e+28]",5.650238491619429e+22,5.494404294956475e+27,"[1.5488825628066207, 0.14580880651111316, 0.2829283476284512]","[6.40344724045513e-10, 1.7101982498708185e-07, 1.1705776769096373e-08]",0.659206572315395,6.112198216007459e-08,27.668876359,orcd,0.0,/home/txenakis/projects/BVPsolver/logs/array_20391846_68.err,default,stiff,318,0,/home/txenakis/projects/BVPsolver/logs/array_20391846_68.out,none,none,rober,fast,11,exact,0.0,1000,0.0,0.0,2026-08-13T22:22:19.012,collocation,27.668876359,1,2,10000,12,150,False,,,,,
run_PqPsNiqR,"[0.9999584410790392, 1.0070920230794458, 0.9999842060785996]","[1.000000926868617, 1.0049702005555283, 1.000068828256532]",1.0023448900790282,1.0016799852268925,"[0.9999999627501805, 0.9999901528983444, 1.115257248636704]","[0.9999999953911693, 0.9999933426871408, 1.0108806233955239]",1.0384157880950762,1.0036246538246114,"[1.0012764911932226, 0.8857426252041212, 1.002629209505526]","[1.0000860836079244, 0.976564737685787, 1.0001353449764805]",0.96321610863429,0.9922620554233973,60.720170568,orcd,0.0,/home/txenakis/projects/BVPsolver/logs/array_20391846_307.err,default,mlp,387,0,/home/txenakis/projects/BVPsolver/logs/array_20391846_307.out,none,none,orego,fast,11,exact,0.0,1000,0.0,0.0,2026-08-13T23:47:32.403,collocation,60.720170568,1,2,10000,16,150,False,,,,,
run_PuCA3gQi,,,,,,,,,,,,,0.0,orcd,29.914413401,/home/txenakis/projects/BVPsolver/logs/array_heavy_20252509_96.err,default,stiff,816,0,/home/txenakis/projects/BVPsolver/logs/array_heavy_20252509_96.out,none,derivmatch,hires,fast,12,exact,19.977266783,1000,0.0,0.0,2026-08-12T13:20:15.476,shapovalova,49.891680184,1,2,10000,16,150,False,qr,,,,
run_Q28bdSdp,"[187292075713.98685, 1317782490246050.8]","[0.003026100458556778, 0.5994484162827456]",658984891160882.4,0.3012372583706512,"[0.17717504140616727, 0.004115477917343426]","[0.47290332757284864, 0.44495279907127044]",0.09064525966175535,0.45892806332205954,"[31417117.025598615, 62601489077.994606]","[8.853076454826991e-07, 0.059330545038930864]",31316453097.5101,0.029665715173288174,0.0,orcd,0.0,/home/txenakis/projects/BVPsolver/logs/array_20391846_366.err,default,mlp,218,0,/home/txenakis/projects/BVPsolver/logs/array_20391846_366.out,none,none,davis-skodje,fast,11,exact,0.0,1000,179.741616431,0.0,2026-08-14T00:14:52.050,shooting,179.741616431,3,2,10000,12,150,False,,,,,
run_Q4apDsjL,"[140.83037619418238, 88969.25069281744]","[4.7486782997042635e-07, 5.715205002976106e-07]",44555.04053450581,5.231941651340184e-07,"[0.9533985057183616, 0.002246178948870315]","[0.4632912922356969, 0.24057729408902048]",0.477822342333616,0.3519342931623587,"[10906454080.169275, 16943302402654.562]","[7.940511076185304e-07, 0.000357042548994733]",8477104428367.366,0.00017891830005117577,145.204232276,orcd,33.422171917,/home/txenakis/projects/BVPsolver/logs/array_20391846_364.err,default,stiff,268,0,/home/txenakis/projects/BVPsolver/logs/array_20391846_364.out,none,derivmatch,davis-skodje,fast,14,exact,0.0,1000,0.0,0.0,2026-08-14T00:14:57.728,collocation,178.62640419299998,3,2,10000,12,150,False,,,,,
run_QNiDUwVu,"[7195950.248280845, 0.5145466899732855, 1.0592999698825076]","[5233.57547100361, 0.607405419023375, 0.7325570014445557]",2398650.6073758346,1744.9718111413592,"[0.9978829560931691, 2.3956810689124746, 5.000097922121087]","[0.9953659738490203, 0.9504637362404376, 1.0987212676615363]",2.7978873157089104,1.014850325916998,"[0.9981079312922494, 0.9511622767529518, 0.937683566576392]","[0.9876006571009927, 0.3225861660179484, 0.3650709622593087]",0.9623179248738644,0.5584192617927499,0.0,orcd,31.615470576,/home/txenakis/projects/BVPsolver/logs/array_20391846_276.err,default,stiff,486,0,/home/txenakis/projects/BVPsolver/logs/array_20391846_276.out,none,derivmatch,orego,fast,12,exact,0.0,1000,3213.941690739,0.0,2026-08-14T00:33:18.955,shooting,3245.557161315,1,2,10000,16,150,False,,,,,
run_QOodofKF,,,,,,,,,,,,,0.0,orcd,32.357725866,/home/txenakis/projects/BVPsolver/logs/array_20140853_120.err,default,stiff,318,0,/home/txenakis/projects/BVPsolver/logs/array_20140853_120.out,none,derivmatch,rober,fast,11,,5019.386438177,1000,0.0,0.0,2026-08-11T03:06:43.395,shapovalova,5051.744164043,1,2,10000,12,150,False,,,,,
run_QTSsLAYf,"[721136121.0371345, 10384871712840.223, 452584663452.6532, 323658712331.2188, 7011124.481957271, 134160912.7321317, 260492743.27775487, 744305447.7510434]","[1.1661055282569819, 0.9882610220893384, 1440.420441042491, 4.880412025539919, 22.475311353556247, 34.79257535559715, 2870.891702304358, 8619.434890967801]",1395372774371.6719,1624.3812124499614,"[0.5977829538611944, 0.507959314890742, 0.2362429580071766, 0.17865481185304335, 0.1393241966447545, 0.45185055948585834, 9.490276630245395, 6.483527828571127e+31]","[0.9750013170938913, 0.6803440641499783, 0.7022145711584306, 0.32273820900398303, 0.41146557138537543, 0.14721563293879594, 5.163806393230495, 7.96722507605183e+20]",8.104409785713909e+30,9.959031345064788e+19,"[62359446275.04699, 13793430051861.1, 2901299965416.731, 232796349464.21512, 6435930282.556134, 180028792076.03525, 66314792524.42356, 1988593984.3382459]","[1228.9758665303107, 1583834.8922825828, 2361667.5240137577, 209357.2697438372, 4287.255287266078, 56622.70151285239, 88218465.05666414, 58816830.35361283]",2155581740235.5557,18906536.753622975,136.353369033,orcd,0.0,/home/txenakis/projects/BVPsolver/logs/array_20391846_240.err,default,mlp,552,0,/home/txenakis/projects/BVPsolver/logs/array_20391846_240.out,none,none,hires,fast,15,exact,0.0,1000,0.0,0.0,2026-08-13T23:26:46.941,collocation,136.353369033,1,2,10000,16,150,False,qr,,,,
run_QXfX6zTo,,,,,,,,,,,,,0.0,orcd,27.257216133,/home/txenakis/projects/BVPsolver/logs/array_heavy_20252509_58.err,default,GELU-scaled,188,0,/home/txenakis/projects/BVPsolver/logs/array_heavy_20252509_58.out,none,derivmatch,rober,fast,14,,1732.356942643,1000,0.0,0.0,2026-08-12T08:36:58.645,shapovalova,1759.6141587759998,1,2,10000,12,150,False,,,,,
run_Qb6FyBDI,"[5263.836186659893, 132343256.18589357, 3423.4305481309275]","[0.00924702642332918, 0.9882831502649311, 0.6456340695452695]",44117314.484209456,0.5477214154111766,"[0.999999334967449, 0.8739631156468902, 0.9997473005693102]","[0.9994964808135726, 0.999350010687764, 0.9983783420708232]",0.9579032503945498,0.9990749445240533,"[4.616290611183123e+21, 7.840754551444681e+26, 1.7138587892452665e+19]","[0.006138045365828921, 366.5484294749188, 0.012936595846834252]",2.6136002952455573e+26,122.18916803871049,0.0,orcd,28.174212389,/home/txenakis/projects/BVPsolver/logs/array_20391846_117.err,default,GELU-scaled,188,0,/home/txenakis/projects/BVPsolver/logs/array_20391846_117.out,none,derivmatch,rober,fast,15,exact,0.0,1000,0.0,0.0,2026-08-13T22:37:10.593,none,28.174212389,1,2,10000,12,150,False,,,,,
run_QbQ6jr8o,,,,,,,,,,,,,0.0,orcd,30.860886698,/home/txenakis/projects/BVPsolver/logs/array_20198490_400.err,default,GELU-scaled,243,0,/home/txenakis/projects/BVPsolver/logs/array_20198490_400.out,none,derivmatch,hires,fast,11,,5289.745231596,1000,0.0,0.0,2026-08-11T12:10:03.066,shapovalova,5320.606118294,1,2,10000,16,150,False,qr,,,,
run_Qr1gu6Uu,,,,,,,,,,,,,0.0,orcd,25.98068016,/home/txenakis/projects/BVPsolver/logs/array_heavy_20252509_168.err,default,mlp,218,0,/home/txenakis/projects/BVPsolver/logs/array_heavy_20252509_168.out,none,derivmatch,davis-skodje,fast,14,exact,7.947208906,1000,0.0,0.0,2026-08-12T13:40:28.588,shapovalova,33.927889066,3,2,10000,12,150,False,,,,,
run_QwDIZdNS,"[3537468119.468628, 5.756420035246176e+19, 1116089112.0170102]","[461.20648287643485, 813.3262951984412, 343.88562761737205]",1.9188066785705103e+19,539.472801897416,"[0.9994408638545086, 818314.816957848, 1.9116239183361157e+29]","[0.9982090501026929, 14.447776990272196, 2.7822051659493022e+29]",6.372079727787053e+28,9.274017219831007e+28,"[76.20109157463374, 31603519501688.75, 0.06669627393182034]","[0.3809858885531098, 6120106495.124288, 20.18882371725325]",10534506500588.338,2040035505.231366,20.706581728,orcd,0.0,/home/txenakis/projects/BVPsolver/logs/array_20391846_93.err,default,mlp,243,0,/home/txenakis/projects/BVPsolver/logs/array_20391846_93.out,none,none,rober,fast,11,exact,0.0,1000,0.0,0.0,2026-08-13T22:31:20.237,collocation,20.706581728,1,2,10000,12,150,False,,,,,
run_R2x3PiYF,"[16821.1350688582, 1185256.744128524, 20.826791414372643, 20.72775306876861, 281.4519163892574, 1255.2004690496422, 2.226643062930552, 2.226666346605449]","[0.23933054812144972, 0.34139921510475946, 0.1404147342737937, 0.14276983080128217, 0.03757941756637154, 0.019203176235571703, 0.2459799873370239, 0.24597887660999138]",150457.56742958922,0.17658197325628042,"[0.9985239511437141, 0.9989784314956515, 0.9999999876316161, 0.9999999999996284, 1.0, 1.0, 1.0, 0.9970077918210963]","[1.0018090968143065, 0.9445982996242773, 0.9999597925463404, 0.9999999999999504, 1.0, 1.0, 1.0, 0.9999999865842177]",0.9993137702614633,0.9932958969461365,"[6290964.848020995, 7447200.062442591, 36642.65626863989, 193115.61157564877, 202456.58399149188, 703641.3525692757, 144.58473530787742, 7.4396926500039475]","[1.4960293418279202, 2.4314900034572515, 4.163389294589481, 2.3015292992506855, 3.8646287488884634, 4.494154666655051, 1.2210716015547345, 1.2720809098378312]",1859271.642412075,2.6555467332576774,0.0,orcd,28.568239392,/home/txenakis/projects/BVPsolver/logs/array_20391846_260.err,default,GELU-scaled,243,0,/home/txenakis/projects/BVPsolver/logs/array_20391846_260.out,none,derivmatch,hires,fast,15,exact,0.0,1000,0.0,0.0,2026-08-13T23:35:21.174,none,28.568239392,1,2,10000,16,150,False,qr,,,,
run_REmQ0zlb,"[587617.0919886596, 23445526.28473987, 1002.3063827607472, 2850.3076060735875, 459.00249077365964, 641.5597704523794, 1.1924057474636904, 2.1385055815778697]","[1.9543206905142466e-05, 3.876124180134402e-05, 0.0005979758253325088, 0.0003543986429051983, 0.0006713023739639053, 0.000621478239050017, 0.005742365267016156, 0.0046036667937559474]",3004762.4854862406,0.0015811864488412773,"[0.6458264175759904, 0.9733398374293069, 0.9298131214008897, 0.9139148408347505, 0.9315865867236935, 0.708445159837599, 0.9170959959114151, 2.4427012821011987e+28]","[1.2547508786351562, 1.7012354490366732, 0.8216393447863971, 0.6830394211524156, 0.8846095442525981, 0.7832584294222017, 0.7842211853499781, 1.4234399831316915e+18]",3.0533766026264984e+27,1.7792999789146144e+17,"[24654661.682808217, 181539705.4655112, 3075127.135491339, 4023447.223249601, 34175.42519836904, 209952.63877560644, 70.2267632925205, 0.4428527669748186]","[1.1554621892307948, 19.085675965853298, 5.670628900219403, 3.174273229007139, 0.13756604598698507, 0.3412746500635836, 0.07096700903394111, 0.0021942827798578047]",26692142.530081302,3.704755284021875,0.0,orcd,31.278241445,/home/txenakis/projects/BVPsolver/logs/array_20391846_207.err,default,stiff,816,0,/home/txenakis/projects/BVPsolver/logs/array_20391846_207.out,none,derivmatch,hires,fast,11,exact,0.0,1000,0.0,0.0,2026-08-13T22:59:32.544,none,31.278241445,1,2,10000,16,150,False,qr,,,,
run_RGp7Jrb8,,,,,,,,,,,,,0.0,orcd,0.0,/home/txenakis/projects/BVPsolver/logs/array_20140853_245.err,default,mlp,218,0,/home/txenakis/projects/BVPsolver/logs/array_20140853_245.out,none,none,vanderpol,fast,11,,0.0,1000,183.480140879,0.0,2026-08-11T02:52:32.041,shooting,183.480140879,1,2,10000,12,150,True,,,,,
run_RJYroj0p,"[713.6683532360312, 4691.147553719353]","[0.0022385308688686587, 2.5888744863645955e-06]",2702.407953477692,0.0011205598716775116,"[0.9801875172682926, 0.565358608898469]","[0.520995389450687, 0.6154015363972744]",0.7727730630833808,0.5681984629239807,"[108884643922.95627, 278341980907.6058]","[2.7232007506785565e-07, 1.1189370327611943e-06]",193613312415.281,6.956285539145249e-07,103.393696449,orcd,29.253065913,/home/txenakis/projects/BVPsolver/logs/array_20391846_412.err,default,GELU-scaled,177,0,/home/txenakis/projects/BVPsolver/logs/array_20391846_412.out,none,derivmatch,davis-skodje,fast,12,exact,0.0,1000,0.0,0.0,2026-08-14T00:23:13.279,collocation,132.646762362,3,2,10000,12,150,False,,,,,
run_RQXkTJ0B,"[2235202109.5459485, 4758135691.0842705, 7578747805.697646, 91474226.08436905, 227382.0201182288, 58739.21201592545, 1224.8341521852058, 27.764884141051464]","[0.06427924098046783, 0.8036845721612118, 11.672554517144526, 1.448389663778794, 24.758775368558513, 6.82287182358166, 0.7178805010540275, 7.5316520698839655]",1832980900.7804258,6.727510969642895,"[0.7135365206941262, 0.7617290815534848, 0.45919575888381475, 0.3553077160142051, 0.7027739913910555, 0.18578931306451846, 0.1529553301059987, 2.167088996686446e+31]","[0.9876790497832906, 0.8088968533283301, 0.8169106769069501, 0.48580290773912954, 0.565010802943214, 0.14755893821432986, 2.522233560429706, 1.619442332172366e+20]",2.7088612458580576e+30,2.0243029152154575e+19,"[536200537.6016317, 31278780332.81526, 1643038743235.3418, 4363029475.423229, 48463212978.02996, 16413988905.645828, 188984434.1520042, 65201110.20094702]","[11.48170755500099, 2899.291051252466, 1528549.803790346, 3878.9819519386256, 44304.065907151424, 4988.695779236866, 212645.7956935438, 1744956.5537607756]",218043517626.15137,442779.333705225,138.019425707,orcd,0.0,/home/txenakis/projects/BVPsolver/logs/array_20391846_236.err,default,mlp,552,0,/home/txenakis/projects/BVPsolver/logs/array_20391846_236.out,none,none,hires,fast,11,exact,0.0,1000,0.0,0.0,2026-08-13T23:23:05.442,collocation,138.019425707,1,2,10000,16,150,False,qr,,,,
run_RRYJ2S2g,,,,,,,,,,,,,0.0,orcd,32.503765819,/home/txenakis/projects/BVPsolver/logs/array_20198490_429.err,default,stiff,486,0,/home/txenakis/projects/BVPsolver/logs/array_20198490_429.out,none,derivmatch,orego,fast,15,,0.0,1000,3010.503593572,0.0,2026-08-11T12:30:57.190,shooting,3043.007359391,1,2,10000,16,150,False,,,,,
run_RU5x6LDK,,,,,,,,,,,,,0.0,orcd,33.992286304,/home/txenakis/projects/BVPsolver/logs/array_20198490_549.err,default,stiff,268,0,/home/txenakis/projects/BVPsolver/logs/array_20198490_549.out,none,derivmatch,davis-skodje,fast,15,,0.0,1000,0.0,0.0,2026-08-11T13:45:34.045,none,33.992286304,3,2,10000,12,150,False,,,,,
run_RWpo8bRf,"[34050586.77748799, 2536743776098.5005, 1139100.7592490679]","[1.6328910054253902, 0.9924793817201187, 1.04925012271615]",845592988595.3457,1.2248735032872196,"[0.9999983156615156, 0.9983587772842456, 0.9610549217442026]","[0.9994628278904512, 0.8059003534339244, 1.0068368300108619]",0.9864706715633212,0.9374000037784125,"[3.2074229470870414e+22, 4.7959473128608606e+27, 6.520466898291246e+18]","[0.009263689416759542, 0.6070849962592, 1.0413493435991286]",1.598659797870266e+27,0.5525660097583627,0.0,orcd,24.714349346,/home/txenakis/projects/BVPsolver/logs/array_20391846_112.err,default,GELU-scaled,188,0,/home/txenakis/projects/BVPsolver/logs/array_20391846_112.out,none,derivmatch,rober,fast,15,exact,0.0,1000,478.287125751,0.0,2026-08-13T22:42:35.903,shooting,503.001475097,1,2,10000,12,150,False,,,,,
run_RWxKGel3,,,,,,,,,,,,,0.0,orcd,24.823333419,/home/txenakis/projects/BVPsolver/logs/array_20198490_373.err,default,mlp,552,0,/home/txenakis/projects/BVPsolver/logs/array_20198490_373.out,none,derivmatch,hires,fast,14,,0.0,1000,0.0,0.0,2026-08-11T10:16:37.804,none,24.823333419,1,2,10000,16,150,False,qr,,,,
run_Rc9i13yq,,,,,,,,,,,,,0.0,orcd,25.941424831,/home/txenakis/projects/BVPsolver/logs/array_heavy_20252509_138.err,default,mlp,387,0,/home/txenakis/projects/BVPsolver/logs/array_heavy_20252509_138.out,none,derivmatch,orego,fast,14,exact,9.830043699,1000,0.0,0.0,2026-08-12T13:33:05.807,shapovalova,35.77146853,1,2,10000,16,150,False,,,,,
run_Rhgn2Q67,"[50.828869091199245, 15.702572516532879, 36.55145029602232]","[0.9011632260271527, 1.633066841892466, 19.312350960399435]",34.360963967918146,7.282193676106352,"[0.9986910652553729, 186.3021252427115, 13.617657948643798]","[0.9992950057633537, 0.9978472369575042, 0.9998100036269312]",66.97282475220355,0.9989840821159297,"[0.9834171953397264, 0.7318372739526946, 1.0093312159992833]","[0.9999165357263574, 0.8911215515239285, 0.9945898774635302]",0.9081952284305682,0.9618759882379386,0.0,orcd,26.344937054,/home/txenakis/projects/BVPsolver/logs/array_heavy_20252509_213.err,default,GELU-scaled,188,0,/home/txenakis/projects/BVPsolver/logs/array_heavy_20252509_213.out,none,derivmatch,orego,fast,12,exact,0.0,1000,11857.025729554,0.0,2026-08-13T01:20:46.831,shooting,11883.370666608,1,2,10000,16,150,False,,,,,
run_RpW7jTKC,,,,,,,,,,,,,0.0,orcd,0.0,/home/txenakis/projects/BVPsolver/logs/array_heavy_20252509_152.err,default,stiff,268,0,/home/txenakis/projects/BVPsolver/logs/array_heavy_20252509_152.out,none,none,davis-skodje,fast,13,exact,14.247732187,1000,0.0,0.0,2026-08-12T13:36:31.998,shapovalova,14.247732187,3,2,10000,12,150,False,,,,,
run_RraUUDee,"[4425760.526630932, 7385.797270389475]","[5.41302202387087, 6.028899449475986]",2216573.161950661,5.720960736673428,"[0.579227934122053, 10739.709399571533]","[0.7087760702823993, 2.668237827060712]",5370.144313752828,1.6885069486715556,"[0.9996575118795527, 98.81029562290293]","[0.9232293451895576, 1.0000839343523404]",49.90497656739124,0.961656639770949,40.175487642,orcd,0.0,/home/txenakis/projects/BVPsolver/logs/array_20391846_144.err,default,stiff,268,0,/home/txenakis/projects/BVPsolver/logs/array_20391846_144.out,none,none,vanderpol,fast,13,exact,0.0,1000,0.0,0.0,2026-08-13T22:44:32.969,collocation,40.175487642,1,2,10000,12,150,True,,,,,
run_RyoTEPKf,"[148633233.7476906, 1.6092323892749965e+19, 1238295240.1321836]","[93.31707712977827, 11.584378836892041, 24.705920823994635]",5.364107964712297e+18,43.202458930221646,"[0.999655416709508, 109810358.78852776, 4.0890017713011474e+30]","[0.9986622183196919, 78.33689461199845, 4.860509472715483e+28]",1.3630005904337157e+30,1.6201698242384944e+28,"[1.1427837576143312, 13114.020949316113, 0.20884482325619855]","[0.16699161529048534, 199.16565419690838, 0.548995793060349]",4371.790859298994,66.62721386841974,0.0,orcd,23.540201484,/home/txenakis/projects/BVPsolver/logs/array_20391846_83.err,default,mlp,243,0,/home/txenakis/projects/BVPsolver/logs/array_20391846_83.out,none,derivmatch,rober,fast,11,exact,0.0,1000,324.169122583,0.0,2026-08-13T22:31:29.177,shooting,347.709324067,1,2,10000,12,150,False,,,,,
run_S0U1YkDn,,,,,,,,,,,,,0.0,orcd,0.0,/home/txenakis/projects/BVPsolver/logs/array_heavy_20252509_104.err,default,mlp,552,0,/home/txenakis/projects/BVPsolver/logs/array_heavy_20252509_104.out,none,none,hires,fast,15,exact,13.808442262,1000,0.0,0.0,2026-08-12T13:25:33.089,shapovalova,13.808442262,1,2,10000,16,150,False,qr,,,,
run_S3pDx8Dc,,,,,,,,,,,,,0.0,orcd,27.478873158,/home/txenakis/projects/BVPsolver/logs/array_20140853_286.err,default,GELU-scaled,177,0,/home/txenakis/projects/BVPsolver/logs/array_20140853_286.out,none,derivmatch,vanderpol,fast,12,,0.0,1000,355.94884448,0.0,2026-08-11T03:13:51.236,shooting,383.427717638,1,2,10000,12,150,True,,,,,
run_S5MQE2E6,,,,,,,,,,,,,0.0,orcd,0.0,/home/txenakis/projects/BVPsolver/logs/array_heavy_20252509_101.err,default,mlp,552,0,/home/txenakis/projects/BVPsolver/logs/array_heavy_20252509_101.out,none,none,hires,fast,12,exact,13.220013132,1000,0.0,0.0,2026-08-12T13:23:55.679,shapovalova,13.220013132,1,2,10000,16,150,False,qr,,,,
run_S5aAlDVr,,,,,,,,,,,,,0.0,orcd,43.343353673,/home/txenakis/projects/BVPsolver/logs/array_20140853_22.err,default,stiff,4744,0,/home/txenakis/projects/BVPsolver/logs/array_20140853_22.out,none,derivmatch,pollu,fast,13,,0.0,1000,0.0,0.0,2026-08-10T22:44:07.634,none,43.343353673,1,3,30000,32,150,False,,,,,
run_S8Bn0yzy,,,,,,,,,,,,,38.228759969,orcd,0.0,/home/txenakis/projects/BVPsolver/logs/array_20140853_239.err,default,stiff,268,0,/home/txenakis/projects/BVPsolver/logs/array_20140853_239.out,none,none,vanderpol,fast,15,,0.0,1000,0.0,0.0,2026-08-11T02:48:01.828,collocation,38.228759969,1,2,10000,12,150,True,,,,,
run_S9OeqPAc,,,,,,,,,,,,,0.0,orcd,24.068100764,/home/txenakis/projects/BVPsolver/logs/array_20198490_370.err,default,mlp,552,0,/home/txenakis/projects/BVPsolver/logs/array_20198490_370.out,none,derivmatch,hires,fast,11,,0.0,1000,0.0,0.0,2026-08-11T10:16:00.030,none,24.068100764,1,2,10000,16,150,False,qr,,,,
run_SIbDnVOv,"[1.0001307438270033, 1.0101769013413247, 0.9999218053346076]","[0.99999879855735, 1.0080426398099496, 0.9998780309449855]",1.0034098168343117,1.002639823104095,"[0.9999999104311909, 1.0023814102668223, 0.9771734794424952]","[0.9999999932128534, 1.0000053414017196, 0.9996660911604711]",0.9931849333801694,0.9998904752583481,"[1.0193198819989846, 0.4533238432459404, 1.0429069201144197]","[1.0008137266910815, 0.6873324868214111, 1.0008594195823737]",0.8385168817864482,0.8963352110316221,0.0,orcd,0.0,/home/txenakis/projects/BVPsolver/logs/array_20391846_294.err,default,mlp,387,0,/home/txenakis/projects/BVPsolver/logs/array_20391846_294.out,none,none,orego,fast,12,exact,0.0,1000,1397.078734222,0.0,2026-08-14T00:06:36.880,shooting,1397.078734222,1,2,10000,16,150,False,,,,,
run_SJAFFxnN,,,,,,,,,,,,,0.0,orcd,0.0,/home/txenakis/projects/BVPsolver/logs/array_heavy_20252509_54.err,default,GELU-scaled,188,0,/home/txenakis/projects/BVPsolver/logs/array_heavy_20252509_54.out,none,none,rober,fast,15,,77.921291708,1000,0.0,0.0,2026-08-12T08:05:50.919,shapovalova,77.921291708,1,2,10000,12,150,False,,,,,
run_SJSQuE1e,"[796.7776355477642, 143.07393836246607]","[1.0170632458422604, 0.9999411461878096]",469.92578695511514,1.0085021960150349,"[0.9926652516951804, 0.979993441034532]","[0.9953030452090039, 0.9998844277849726]",0.9863293463648561,0.9975937364969882,"[1.3102409533498822, 362.33547194300576]","[0.9746033908403224, 1.007641396516454]",181.82285644817782,0.9911223936783882,0.0,orcd,0.0,/home/txenakis/projects/BVPsolver/logs/array_20391846_152.err,default,mlp,218,0,/home/txenakis/projects/BVPsolver/logs/array_20391846_152.out,none,none,vanderpol,fast,11,exact,0.0,1000,138.141927863,0.0,2026-08-13T22:47:40.699,shooting,138.141927863,1,2,10000,12,150,True,,,,,
run_SKbfckev,,,,,,,,,,,,,0.0,orcd,29.760674651,/home/txenakis/projects/BVPsolver/logs/array_20140853_180.err,default,GELU-scaled,188,0,/home/txenakis/projects/BVPsolver/logs/array_20140853_180.out,none,derivmatch,rober,fast,11,,0.0,1000,428.303914089,0.0,2026-08-11T02:15:49.472,shooting,458.06458874,1,2,10000,12,150,False,,,,,
run_SMsexAI2,,,,,,,,,,,,,0.0,orcd,24.707368705,/home/txenakis/projects/BVPsolver/logs/array_20140853_145.err,default,mlp,243,0,/home/txenakis/projects/BVPsolver/logs/array_20140853_145.out,none,derivmatch,rober,fast,11,,0.0,1000,677.586564681,0.0,2026-08-11T02:02:40.507,shooting,702.293933386,1,2,10000,12,150,False,,,,,
run_SQPWm7MG,,,,,,,,,,,,,5348.953265677,orcd,32.548086832,/home/txenakis/projects/BVPsolver/logs/array_20140853_66.err,default,mlp,3444,0,/home/txenakis/projects/BVPsolver/logs/array_20140853_66.out,none,derivmatch,pollu,fast,12,,0.0,1000,0.0,0.0,2026-08-11T00:19:42.024,collocation,5381.501352509,1,3,30000,32,150,False,,,,,
run_SViZj1aC,,,,,,,,,,,,,0.0,orcd,0.0,/home/txenakis/projects/BVPsolver/logs/array_heavy_20252509_84.err,default,GELU-scaled,177,0,/home/txenakis/projects/BVPsolver/logs/array_heavy_20252509_84.out,none,none,vanderpol,fast,15,,375.38311592,1000,0.0,0.0,2026-08-12T12:43:30.629,shapovalova,375.38311592,1,2,10000,12,150,True,,,,,
run_SXs5ZITk,,,,,,,,,,,,,0.0,orcd,28.650318643,/home/txenakis/projects/BVPsolver/logs/array_heavy_20252509_179.err,default,GELU-scaled,177,0,/home/txenakis/projects/BVPsolver/logs/array_heavy_20252509_179.out,none,derivmatch,davis-skodje,fast,15,exact,7.886178712,1000,0.0,0.0,2026-08-12T13:42:37.786,shapovalova,36.536497355,3,2,10000,12,150,False,,,,,
run_SaoH4FWM,"[3955.14798039514, 508502.4816529021, 6064.628353806482]","[5.921405207818556, 0.9684504381573714, 3.0040135344344674]",172840.75266236792,3.2979563934701317,"[0.9999999362521328, 0.9763120974051097, 0.9999618896720133]","[0.9978236160333999, 0.9996107327740466, 7716086008742726.0]",0.9920913077764185,2572028669580909.5,"[7.725205609516934e+18, 4.019898151333706e+21, 5.073472557215827e+16]","[0.016050452075468936, 0.4353579430918537, 0.3626969370137971]",1.342558030556265e+21,0.27136844406037325,0.0,orcd,26.206175428,/home/txenakis/projects/BVPsolver/logs/array_20391846_110.err,default,GELU-scaled,188,0,/home/txenakis/projects/BVPsolver/logs/array_20391846_110.out,none,derivmatch,rober,fast,13,exact,0.0,1000,311.178133919,0.0,2026-08-13T22:39:05.041,shooting,337.384309347,1,2,10000,12,150,False,,,,,
run_Shou93PM,,,,,,,,,,,,,0.0,orcd,25.088155125,/home/txenakis/projects/BVPsolver/logs/array_heavy_20252509_137.err,default,mlp,387,0,/home/txenakis/projects/BVPsolver/logs/array_heavy_20252509_137.out,none,derivmatch,orego,fast,13,exact,9.393747964,1000,0.0,0.0,2026-08-12T13:32:20.429,shapovalova,34.481903089,1,2,10000,16,150,False,,,,,
run_SjOFuOsN,"[175.61092121266785, 28.80290992643613]","[0.9907639862040067, 1.0000128876872734]",102.206915569552,0.99538843694564,"[0.9982930744669373, 0.9883679913541101]","[0.9990033119306381, 0.9998919031183383]",0.9933305329105238,0.9994476075244882,"[730.8746885153826, 10949202.184527025]","[93.61043198063099, 2.9371434351264925]",5474966.52960777,48.27378770787874,33.895898975,orcd,0.0,/home/txenakis/projects/BVPsolver/logs/array_20391846_167.err,default,mlp,218,0,/home/txenakis/projects/BVPsolver/logs/array_20391846_167.out,none,none,vanderpol,fast,14,exact,0.0,1000,0.0,0.0,2026-08-13T22:49:48.004,collocation,33.895898975,1,2,10000,12,150,True,,,,,
run_SnB0AwZp,"[1.0391359585820052, 0.7684619886892474, 0.9227967965974593]","[0.9993226830305011, 0.595315263425832, 0.9435874004525565]",0.9101315812895706,0.8460751156362964,"[0.9999261103694365, 1.2090662470714204, 12.819894838654955]","[0.9999541096785096, 0.9996763645801575, 0.9998571362263046]",5.009629065365271,0.9998292034949906,"[1.000009636515103, 0.9998198597873789, 0.9998978428845712]","[1.0000096923136628, 0.9997659461392637, 0.9999366059025278]",0.9999091130623511,0.9999040814518181,53.533461785,orcd,24.851905355,/home/txenakis/projects/BVPsolver/logs/array_20391846_315.err,default,mlp,387,0,/home/txenakis/projects/BVPsolver/logs/array_20391846_315.out,none,derivmatch,orego,fast,14,exact,0.0,1000,0.0,0.0,2026-08-13T23:50:20.708,collocation,78.38536714,1,2,10000,16,150,False,,,,,
run_SnTdYuNw,,,,,,,,,,,,,0.0,orcd,27.955571772,/home/txenakis/projects/BVPsolver/logs/array_heavy_20252509_59.err,default,GELU-scaled,188,0,/home/txenakis/projects/BVPsolver/logs/array_heavy_20252509_59.out,none,derivmatch,rober,fast,15,,1865.728407192,1000,0.0,0.0,2026-08-12T08:40:22.307,shapovalova,1893.683978964,1,2,10000,12,150,False,,,,,
run_SocuopPG,,,,,,,,,,,,,0.0,orcd,29.765481545,/home/txenakis/projects/BVPsolver/logs/array_heavy_20252509_69.err,default,stiff,268,0,/home/txenakis/projects/BVPsolver/logs/array_heavy_20252509_69.out,none,derivmatch,vanderpol,fast,15,,4903.735752751,1000,0.0,0.0,2026-08-12T11:10:34.041,shapovalova,4933.501234296,1,2,10000,12,150,True,,,,,
run_T5ghqxi5,,,,,,,,,,,,,0.0,orcd,25.557991434,/home/txenakis/projects/BVPsolver/logs/array_20140853_149.err,default,mlp,243,0,/home/txenakis/projects/BVPsolver/logs/array_20140853_149.out,none,derivmatch,rober,fast,15,,0.0,1000,434.175381816,0.0,2026-08-11T02:01:58.637,shooting,459.73337325,1,2,10000,12,150,False,,,,,
run_T82mNVEQ,,,,,,,,,,,,,0.0,orcd,0.0,/home/txenakis/projects/BVPsolver/logs/array_20198490_455.err,default,mlp,387,0,/home/txenakis/projects/BVPsolver/logs/array_20198490_455.out,none,none,orego,fast,11,,0.0,1000,75.672724093,0.0,2026-08-11T12:21:15.471,shooting,75.672724093,1,2,10000,16,150,False,,,,,
run_T8WMLDlz,,,,,,,,,,,,,0.0,orcd,0.0,/home/txenakis/projects/BVPsolver/logs/array_20198490_354.err,default,mlp,552,0,/home/txenakis/projects/BVPsolver/logs/array_20198490_354.out,none,none,hires,fast,15,,0.0,1000,8566.604163032,0.0,2026-08-11T12:35:21.307,shooting,8566.604163032,1,2,10000,16,150,False,qr,,,,
run_TALGp1u7,,,,,,,,,,,,,0.0,orcd,25.689898187,/home/txenakis/projects/BVPsolver/logs/array_20198490_506.err,default,GELU-scaled,188,0,/home/txenakis/projects/BVPsolver/logs/array_20198490_506.out,none,derivmatch,orego,fast,12,,657.521276009,1000,0.0,0.0,2026-08-11T13:27:12.131,shapovalova,683.211174196,1,2,10000,16,150,False,,,,,
run_TEx5Yw39,,,,,,,,,,,,,47.715777532,orcd,34.454477373,/home/txenakis/projects/BVPsolver/logs/array_20198490_419.err,default,GELU-scaled,243,0,/home/txenakis/projects/BVPsolver/logs/array_20198490_419.out,none,derivmatch,hires,fast,15,,0.0,1000,0.0,0.0,2026-08-11T10:54:05.754,collocation,82.17025490500001,1,2,10000,16,150,False,qr,,,,
run_TLj8Rgh8,,,,,,,,,,,,,23.542521854,orcd,25.191901787,/home/txenakis/projects/BVPsolver/logs/array_20198490_523.err,default,GELU-scaled,188,0,/home/txenakis/projects/BVPsolver/logs/array_20198490_523.out,none,derivmatch,orego,fast,14,,0.0,1000,0.0,0.0,2026-08-11T13:26:36.786,collocation,48.734423641,1,2,10000,16,150,False,,,,,
run_TMTB2g3d,,,,,,,,,,,,,0.0,orcd,32.142227201,/home/txenakis/projects/BVPsolver/logs/array_20140853_55.err,default,mlp,3444,0,/home/txenakis/projects/BVPsolver/logs/array_20140853_55.out,none,derivmatch,pollu,fast,11,,0.0,1000,0.0,0.0,2026-08-10T22:47:02.947,none,32.142227201,1,3,30000,32,150,False,,,,,
run_TN6L96Zz,,,,,,,,,,,,,0.0,orcd,0.0,/home/txenakis/projects/BVPsolver/logs/array_heavy_20252509_121.err,default,stiff,486,0,/home/txenakis/projects/BVPsolver/logs/array_heavy_20252509_121.out,none,none,orego,fast,12,exact,14.310193346,1000,0.0,0.0,2026-08-12T13:28:22.304,shapovalova,14.310193346,1,2,10000,16,150,False,,,,,
run_TQOdV9sA,"[476.2411380801816, 148.6673754927605, 4054046503172.601, 12032.789966335316, 553293.9418656644, 11053266.891260957, 0.006727080558712454, 0.01737233676514175, 0.13939200937343793, 114791560.46782668, 2247734794.901858, 0.3755294080573388, 120.97957434464273, 47353.32077831846, 0.0038863684525342465, 9.492176209165526e+28, 0.08359538393999867, 0.1582111988819244, 26449.572416547762, 33.344562508422726]","[8.390231834873427e-08, 1.0216516099388746e-07, 0.9893445754251234, 4.677979777418765e-07, 0.04051986489413227, 0.17890710576912763, 0.0003358722040870062, 0.0002972938672032507, 0.00207845523496811, 0.16227175853637638, 3.4396532336051937, 0.001087840699311926, 0.042625608766734296, 0.002036640350410081, 0.00035850657434589585, 2.4950257591992737, 0.008680180235556901, 0.008420474618468938, 0.14806458422984528, 0.3709003761736682]",4.746088104582763e+27,0.3945304392124642,"[0.9999999999966113, 0.9999999453858565, 0.9996893425478011, 0.9996086132390037, 0.9995958427245646, 0.9992306312879845, 0.999145593486096, 0.9730371977932443, 0.983845871923749, 0.8712544261418944, 0.1025457999203991, 0.44794514704373756, 0.3871778343416891, 0.21470519554238277, 0.020469276934826565, 55.34233688511321, 1.1132777683515741e+302, 7.099498000319537e+301, 7.083307738557632e+301, 1.5188484403341812e+300]","[0.9999999996417791, 0.9999998042162789, 0.9984310075319528, 0.9981664084063039, 0.9976986057055309, 0.9939866430581219, 0.9898407762529441, 0.570469597366006, 0.16925946526155664, 4.920872730531712, 16.28665242754531, 610.8367758513068, 5489.537463644815, 9385.357272949244, 198376.91002929158, 138862495.3276118, 9.262970327086304e+307, 8.81686326513446e+307, 1.6190289373254906e+307, 4.469918659640052e+305]",1.2733734133213165e+301,inf,"[659541.8990961268, 18511.047735260156, 7.521974924090566e+18, 173690167.30791336, 3.183478275337241e+16, 4.0583277343527384e+16, 4084.966136466188, 6476.430341244482, 160251.79606912378, 7.127877082457961e+16, 3.679005981585463e+17, 751711.7253145253, 847543238.7769607, 419432688819.6396, 1429595.4200311583, 2.5872299330091435e+34, 116263.65922058164, 105638981.86553884, 5915955525542.047, 1682900669.0509436]","[58013.94572484087, 123.77104279003566, 3.443131095255435e+17, 126125.49929936283, 210891884503841.03, 114906601374044.73, 56.091077200911975, 132.1338066400594, 1075.0147332180122, 237551213351502.72, 913954421428373.0, 225494.9177598773, 197132510.2637539, 4531041042.119591, 1080656.918534966, 4.470156147383374e+32, 1758.7346398784814, 49352919.68668101, 1907462957329.8787, 801368068.5005563]",1.2936149665045723e+33,2.2350780736916886e+31,5323.495370825,orcd,0.0,/home/txenakis/projects/BVPsolver/logs/array_20391846_24.err,default,mlp,3444,0,/home/txenakis/projects/BVPsolver/logs/array_20391846_24.out,none,none,pollu,fast,15,exact,0.0,1000,0.0,0.0,2026-08-13T23:38:55.498,collocation,5323.495370825,1,3,30000,32,150,False,,,,,
run_TV3MFaMW,,,,,,,,,,,,,0.0,orcd,23.416771219,/home/txenakis/projects/BVPsolver/logs/array_20140853_262.err,default,mlp,218,0,/home/txenakis/projects/BVPsolver/logs/array_20140853_262.out,none,derivmatch,vanderpol,fast,13,,3883.086703511,1000,0.0,0.0,2026-08-11T03:59:25.220,shapovalova,3906.50347473,1,2,10000,12,150,True,,,,,
run_TWNdva1Y,,,,,,,,,,,,,0.0,orcd,27.774658938,/home/txenakis/projects/BVPsolver/logs/array_20198490_495.err,default,GELU-scaled,188,0,/home/txenakis/projects/BVPsolver/logs/array_20198490_495.out,none,derivmatch,orego,fast,11,,0.0,1000,1311.754361743,0.0,2026-08-11T13:37:20.535,shooting,1339.5290206809998,1,2,10000,16,150,False,,,,,
run_TlG7JD9e,,,,,,,,,,,,,0.0,orcd,0.0,/home/txenakis/projects/BVPsolver/logs/array_heavy_20252509_62.err,default,stiff,268,0,/home/txenakis/projects/BVPsolver/logs/array_heavy_20252509_62.out,none,none,vanderpol,fast,13,,5399.668249703,1000,0.0,0.0,2026-08-12T09:54:50.006,shapovalova,5399.668249703,1,2,10000,12,150,True,,,,,
run_TnuelyNV,"[0.043921918450396426, 46.71723105033872]","[0.009675105710886535, 0.03406068225374768]",23.380576484394556,0.021867893982317105,"[0.19504088066607778, 0.15650455014082673]","[0.22911316579226623, 0.48150216183175126]",0.17577271540345224,0.35530766381200873,"[1.3757272132702818, 1.2095849384772261]","[1.736686584122036, 0.9998649072515701]",1.292656075873754,1.368275745686803,0.0,orcd,34.17742379,/home/txenakis/projects/BVPsolver/logs/array_20391846_135.err,default,stiff,268,0,/home/txenakis/projects/BVPsolver/logs/array_20391846_135.out,none,derivmatch,vanderpol,fast,13,exact,0.0,1000,138.158844219,0.0,2026-08-13T22:43:52.756,shooting,172.336268009,1,2,10000,12,150,True,,,,,
run_Tp2G5bRl,,,,,,,,,,,,,0.0,orcd,25.658212906,/home/txenakis/projects/BVPsolver/logs/array_heavy_20252509_165.err,default,mlp,218,0,/home/txenakis/projects/BVPsolver/logs/array_heavy_20252509_165.out,none,derivmatch,davis-skodje,fast,11,exact,8.013530025,1000,0.0,0.0,2026-08-12T13:39:38.914,shapovalova,33.671742931,3,2,10000,12,150,False,,,,,
run_TpbWcXgs,"[11682.255137682117, 340251.9511386939, 14664.47719697047]","[0.0020824173113231864, 0.9993998615001141, 0.9765844145314744]",122199.56115778217,0.6593555644476372,"[0.9999997859196477, 0.9381198785281367, 9458503.381042045]","[0.9999483683156742, 0.9989550842686556, 201809061207992.28]",3152835.1063872366,67269687069331.43,"[731473697732800.0, 5.7981091481675416e+19, 510985659034.723]","[9.51184972522307e-06, 0.8066660372540019, 0.0001780033496362431]",1.932727448878627e+19,0.2689511841511211,0.0,orcd,0.0,/home/txenakis/projects/BVPsolver/logs/array_20391846_107.err,default,GELU-scaled,188,0,/home/txenakis/projects/BVPsolver/logs/array_20391846_107.out,none,none,rober,fast,15,exact,0.0,1000,231.765094894,0.0,2026-08-13T22:36:36.439,shooting,231.765094894,1,2,10000,12,150,False,,,,,
run_U5Nj9Lob,,,,,,,,,,,,,0.0,orcd,29.131636754,/home/txenakis/projects/BVPsolver/logs/array_20198490_338.err,default,stiff,816,0,/home/txenakis/projects/BVPsolver/logs/array_20198490_338.out,none,derivmatch,hires,fast,14,,0.0,1000,0.0,0.0,2026-08-11T10:11:59.216,none,29.131636754,1,2,10000,16,150,False,qr,,,,
run_U7AdsnAa,,,,,,,,,,,,,0.0,orcd,32.705487951,/home/txenakis/projects/BVPsolver/logs/array_20140853_285.err,default,GELU-scaled,177,0,/home/txenakis/projects/BVPsolver/logs/array_20140853_285.out,none,derivmatch,vanderpol,fast,11,,0.0,1000,207.914858327,0.0,2026-08-11T03:11:41.310,shooting,240.620346278,1,2,10000,12,150,True,,,,,
run_UEFyc0pu,"[2090941.9310250522, 6111271.807637998]","[0.024549812247619686, 0.0003522932081886005]",4101106.869331525,0.012451052727904144,"[0.9571737819227755, 0.4402937243269726]","[0.4054202107394528, 0.20508153100185897]",0.6987337531248741,0.3052508708706559,"[38208552.06181637, 1048003.5856651055]","[6.6405768410655e-07, 2.70772788048757e-06]",19628277.82374074,1.6858927822970599e-06,108.650975443,orcd,0.0,/home/txenakis/projects/BVPsolver/logs/array_20391846_406.err,default,GELU-scaled,177,0,/home/txenakis/projects/BVPsolver/logs/array_20391846_406.out,none,none,davis-skodje,fast,11,exact,0.0,1000,0.0,0.0,2026-08-14T00:21:03.449,collocation,108.650975443,3,2,10000,12,150,False,,,,,
run_UEvEflXN,"[23.797503399504542, 7.3992065644454135]","[0.9941731934210444, 1.0000171730297196]",15.598354981974978,0.997095183225382,"[0.9975153248562767, 0.9467004191291463]","[0.9984994350620328, 0.9996997123025972]",0.9721078719927114,0.999099573682315,"[0.9931942441104481, 85.65269909314264]","[0.8749997603096243, 1.0000337089366527]",43.32294666862654,0.9375167346231386,0.0,orcd,0.0,/home/txenakis/projects/BVPsolver/logs/array_20391846_156.err,default,mlp,218,0,/home/txenakis/projects/BVPsolver/logs/array_20391846_156.out,none,none,vanderpol,fast,15,exact,0.0,1000,134.263145476,0.0,2026-08-13T22:48:15.083,shooting,134.263145476,1,2,10000,12,150,True,,,,,
run_UGHIgHF4,,,,,,,,,,,,,0.0,orcd,0.0,/home/txenakis/projects/BVPsolver/logs/array_20140853_224.err,default,stiff,268,0,/home/txenakis/projects/BVPsolver/logs/array_20140853_224.out,none,none,vanderpol,fast,15,,5476.507965872,1000,0.0,0.0,2026-08-11T04:02:20.554,shapovalova,5476.507965872,1,2,10000,12,150,True,,,,,
run_UJ9iyAGB,,,,,,,,,,,,,0.0,orcd,28.923384954,/home/txenakis/projects/BVPsolver/logs/array_20140853_94.err,default,GELU-scaled,650,0,/home/txenakis/projects/BVPsolver/logs/array_20140853_94.out,none,derivmatch,pollu,fast,15,,0.0,1000,0.0,0.0,2026-08-11T01:29:21.108,none,28.923384954,1,3,30000,32,150,False,,,,,
run_UKE3w3Ll,,,,,,,,,,,,,0.0,orcd,26.544271932,/home/txenakis/projects/BVPsolver/logs/array_heavy_20252509_88.err,default,GELU-scaled,177,0,/home/txenakis/projects/BVPsolver/logs/array_heavy_20252509_88.out,none,derivmatch,vanderpol,fast,14,,2555.746479136,1000,0.0,0.0,2026-08-12T13:26:43.358,shapovalova,2582.2907510679997,1,2,10000,12,150,True,,,,,
run_UYMjZ6DC,"[7982592.942603844, 363213604.64999145, 51961.392615285265, 5439.43348745703, 70.40572894735809, 309.07371410790165, 0.959382619726386, 0.697364028116259]","[0.2592235335615528, 0.35459533602547655, 0.4612000741991651, 0.2518445944639959, 0.19486939530638198, 0.08347472759708059, 0.6970046841926044, 0.6690826828180532]",46406747.444360964,0.37141187852053886,"[0.5133817285268135, 0.7313336228324605, 0.6051143801512567, 0.7425148067030323, 0.9734947848003443, 0.9315487406177961, 0.9542651465086784, 1.1056595144718658e+29]","[0.9673139165962333, 0.7736853613829704, 0.7872251118059724, 0.8747618823317174, 0.9694040262794265, 0.8756467110833616, 0.8088136263313895, 2.391575993065247e+16]",1.3820743930898323e+28,2989469991331560.0,"[2193085906.863985, 238471712.19357675, 43050185.32462017, 46444136.55653272, 445073174.5632145, 131694274.58371377, 9901230.700646777, 622482.4394965351]","[20.480819494060817, 18.280176865594502, 38.70142452656331, 11.750720867394742, 219.6664943822729, 17.837431904499685, 3969.3399120634, 5397.3182361925265]",388542887.9032233,1211.671902037039,0.0,orcd,27.331089604,/home/txenakis/projects/BVPsolver/logs/array_20391846_233.err,default,mlp,552,0,/home/txenakis/projects/BVPsolver/logs/array_20391846_233.out,none,derivmatch,hires,fast,13,exact,0.0,1000,0.0,0.0,2026-08-13T23:17:37.176,none,27.331089604,1,2,10000,16,150,False,qr,,,,
run_UZCKuri7,,,,,,,,,,,,,0.0,orcd,26.79220997,/home/txenakis/projects/BVPsolver/logs/array_heavy_20252509_109.err,default,mlp,552,0,/home/txenakis/projects/BVPsolver/logs/array_heavy_20252509_109.out,none,derivmatch,hires,fast,15,exact,13.531324821,1000,0.0,0.0,2026-08-12T13:26:39.154,shapovalova,40.323534791,1,2,10000,16,150,False,qr,,,,
run_UZUoqrs8,,,,,,,,,,,,,0.0,orcd,0.0,/home/txenakis/projects/BVPsolver/logs/array_20198490_398.err,default,GELU-scaled,243,0,/home/txenakis/projects/BVPsolver/logs/array_20198490_398.out,none,none,hires,fast,14,,4134.380849466,1000,0.0,0.0,2026-08-11T11:48:52.850,shapovalova,4134.380849466,1,2,10000,16,150,False,qr,,,,
run_UeuX69DL,,,,,,,,,,,,,28.766230479,orcd,29.075958033,/home/txenakis/projects/BVPsolver/logs/array_20140853_244.err,default,stiff,268,0,/home/txenakis/projects/BVPsolver/logs/array_20140853_244.out,none,derivmatch,vanderpol,fast,15,,0.0,1000,0.0,0.0,2026-08-11T02:50:26.869,collocation,57.842188512,1,2,10000,12,150,True,,,,,
run_UlEU0Via,,,,,,,,,,,,,0.0,orcd,27.515455177,/home/txenakis/projects/BVPsolver/logs/array_heavy_20252509_136.err,default,mlp,387,0,/home/txenakis/projects/BVPsolver/logs/array_heavy_20252509_136.out,none,derivmatch,orego,fast,12,exact,10.017498505,1000,0.0,0.0,2026-08-12T13:32:27.052,shapovalova,37.532953682,1,2,10000,16,150,False,,,,,
run_Uve46cZI,,,,,,,,,,,,,0.0,,44.288029737,,default,stiff,268,0,,100.0,,vanderpol,fast,123,,0.0,1000,0.0,0.0,2026-08-10T18:55:38.438,,44.288029737,1,2,10000,12,150,True,,False,True,False,False
run_UydurDl2,,,,,,,,,,,,,0.0,orcd,0.0,/home/txenakis/projects/BVPsolver/logs/array_heavy_20252509_173.err,default,GELU-scaled,177,0,/home/txenakis/projects/BVPsolver/logs/array_heavy_20252509_173.out,none,none,davis-skodje,fast,14,exact,8.950330418,1000,0.0,0.0,2026-08-12T13:41:25.869,shapovalova,8.950330418,3,2,10000,12,150,False,,,,,
run_V4foGNTC,"[616.7322057034007, 32332.30436570048]","[5.880567685035479, 24.22645858556966]",16474.51828570194,15.05351313530257,"[5.8208060367707315, 1.7456959173614552]","[159.87029099692933, 0.970553634201887]",3.7832509770660936,80.4204223155656,"[1.2174072561912916, 3.138585522504879]","[0.8288708661784351, 0.9988589596226078]",2.177996389348085,0.9138649129005214,0.0,orcd,27.993895744,/home/txenakis/projects/BVPsolver/logs/array_20391846_180.err,default,GELU-scaled,177,0,/home/txenakis/projects/BVPsolver/logs/array_20391846_180.out,none,derivmatch,vanderpol,fast,12,exact,0.0,1000,336.638774042,0.0,2026-08-13T22:57:46.805,shooting,364.632669786,1,2,10000,12,150,True,,,,,
run_V5O5xUqY,"[5460398.834446833, 11514830.837662503]","[0.2361251351256628, 0.916434652087898]",8487614.836054668,0.5762798936067803,"[0.9888435285767823, 0.9108431213525593]","[0.9081060879995257, 0.8031312295726961]",0.9498433249646707,0.855618658786111,"[2345686177.0338173, 374038.0904978584]","[0.003045855037501175, 0.2581483910667695]",1173030107.5621576,0.13059712305213533,88.409267821,orcd,28.577075925,/home/txenakis/projects/BVPsolver/logs/array_20391846_413.err,default,GELU-scaled,177,0,/home/txenakis/projects/BVPsolver/logs/array_20391846_413.out,none,derivmatch,davis-skodje,fast,13,exact,0.0,1000,0.0,0.0,2026-08-14T00:22:55.640,collocation,116.986343746,3,2,10000,12,150,False,,,,,
run_V7DdvReq,,,,,,,,,,,,,48.119315027,orcd,0.0,/home/txenakis/projects/BVPsolver/logs/array_20198490_413.err,default,GELU-scaled,243,0,/home/txenakis/projects/BVPsolver/logs/array_20198490_413.out,none,none,hires,fast,14,,0.0,1000,0.0,0.0,2026-08-11T10:49:08.261,collocation,48.119315027,1,2,10000,16,150,False,qr,,,,
run_V8vGwpsd,"[0.04502975731259024, 20.528627574146945]","[0.009006070240685927, 0.023644664516909553]",10.286828665729768,0.01632536737879774,"[0.13095822034465762, 0.6485659477509659]","[0.15650771804507324, 0.3135228500739336]",0.38976208404781176,0.23501528405950342,"[2.5412108118329675, 1.1656023274365235]","[1.6382004242993573, 0.999462141910917]",1.8534065696347455,1.3188312831051372,0.0,orcd,29.098373311,/home/txenakis/projects/BVPsolver/logs/array_20391846_138.err,default,stiff,268,0,/home/txenakis/projects/BVPsolver/logs/array_20391846_138.out,none,derivmatch,vanderpol,fast,12,exact,0.0,1000,0.0,0.0,2026-08-13T22:42:07.520,none,29.098373311,1,2,10000,12,150,True,,,,,
run_VIVw5uGs,"[940057048.2286224, 1.3054199856929346e+16, 8595345.02094641]","[254.59985428056183, 0.8357475577899284, 109.03655050797649]",4351400268527246.5,121.49071744877608,"[0.9998260248959956, 3405849.4756814083, 3.0010937782751766e+29]","[0.9995119618159943, 0.4681253888311413, 1.8789990770033722e+28]",1.0003645927583922e+29,6.263330256677907e+27,"[23.819056341840255, 1643.494104779637, 0.3522084639591481]","[0.3859896157821389, 291.8481021943219, 0.31966798260032714]",555.8884565284787,97.51791993090144,0.0,orcd,22.781929381,/home/txenakis/projects/BVPsolver/logs/array_20391846_87.err,default,mlp,243,0,/home/txenakis/projects/BVPsolver/logs/array_20391846_87.out,none,derivmatch,rober,fast,15,exact,0.0,1000,274.42365508,0.0,2026-08-13T22:31:23.279,shooting,297.205584461,1,2,10000,12,150,False,,,,,
run_VNq4ldzR,,,,,,,,,,,,,0.0,orcd,0.0,/home/txenakis/projects/BVPsolver/logs/array_heavy_20252509_60.err,default,stiff,268,0,/home/txenakis/projects/BVPsolver/logs/array_heavy_20252509_60.out,none,none,vanderpol,fast,11,,5133.565665881,1000,0.0,0.0,2026-08-12T09:40:49.583,shapovalova,5133.565665881,1,2,10000,12,150,True,,,,,
run_VOSmnnAk,"[2892.6534928897227, 1191.706608194719, 1.1031899517904259e+20, 277759.15837787953, 4222455132548993.0, 1.3531190711155696e+16, 111071.55059676044, 183117.53739499667, 170820.5720873536, 3.1412975069923494e+17, 3.8494306251721944e+16, 72435775.05818982, 868277491.0516918, 323891498867.15265, 145772.72207871612, 2.1131276955256342e+38, 677989445.675386, 6513722.235407337, 526819914339.6063, 2808201789.4732914]","[0.6175979202409528, 0.5139450615669139, 31579.59336976425, 0.7648787882630775, 1035265.1861435354, 4913625.531290764, 93214.6192884959, 3856.3981019275006, 248049.60843266724, 32441914.44055126, 1183980815.4881303, 10270476.001620565, 211603167.53106868, 139885.11744735035, 45490.23287712542, 123486367.64627132, 88359587.59404339, 1710510.8542329976, 254373060.54087654, 92759785.73583518]",1.0565638477628171e+37,100274832.70080018,"[0.9999999999988426, 0.9999998929242767, 0.9988905971042692, 0.9986028577163554, 0.997870016893066, 0.9941956812802516, 0.9754785215206538, 0.49758361022692965, 0.10464372987168571, 18.357765035748375, 4097.498995121782, 17605.94446087936, 69797.77426683556, 317773.914456924, 414310.45010270976, 39937358.16144562, inf, inf, 1.292463063258933e+307, 1.292463063258933e+307]","[0.9999999999988486, 0.9999998935083098, 0.999093971736898, 0.9988439943467625, 0.9984917707502219, 0.9906984884370522, 0.9563522898734801, 0.6454290235712973, 0.2840725404869026, 6.2074190418073, 31.117308805461267, 2319.117971527658, 16636.780286404115, 66366.11676722947, 262300.4823275137, 328618601.30513924, inf, inf, 6.447549602288854e+306, 6.447549602288854e+306]",inf,inf,"[30875.961495267562, 20403.117781153695, 2.359139741217731e+20, 7697436.522816997, 8.940025055736805e+16, 6.29135073312671e+17, 119526.62453121236, 44335.02173201448, 65142029.92660026, 1.4293132293709443e+19, 4.2320699594464824e+16, 545195916.7591178, 1817158246.7710273, 361904309469.38885, 14538927.28405811, 1.4072295112779706e+39, 236967957.61185017, 8966068638.090223, 4024986380074.609, 708185498021.2001]","[799.0106209148598, 149.48123739652053, 1.352764645364531e+19, 814.1276782620224, 1299940227379167.2, 1934186253179544.2, 656.8662715886618, 936.6698899275664, 861123.9363219561, 5.5637621408610056e+16, 298319694590434.6, 172132986.8409383, 70864020.96824957, 30505166422.905704, 5716110.049919954, 1.5607112205478807e+36, 4109405.7776189246, 4830104457.533535, 6610169538399.608, 588481954116.3029]",7.036147556389853e+37,7.803556102739404e+34,0.0,orcd,32.862709635,/home/txenakis/projects/BVPsolver/logs/array_20391846_17.err,default,mlp,3444,0,/home/txenakis/projects/BVPsolver/logs/array_20391846_17.out,none,derivmatch,pollu,fast,13,exact,0.0,1000,0.0,0.0,2026-08-13T22:10:50.331,none,32.862709635,1,3,30000,32,150,False,,,,,
run_VPX8lk5m,,,,,,,,,,,,,77.339596478,orcd,0.0,/home/txenakis/projects/BVPsolver/logs/array_20198490_445.err,default,stiff,486,0,/home/txenakis/projects/BVPsolver/logs/array_20198490_445.out,none,none,orego,fast,11,,0.0,1000,0.0,0.0,2026-08-11T12:15:52.444,collocation,77.339596478,1,2,10000,16,150,False,,,,,
run_VZhN8kwt,"[5573.6061215831, 1.1476796002768284e+18, 577743.1427277748]","[0.0004029097449492612, 0.011591229495528583, 1.0817823884611864]",3.825598667591373e+17,0.36459217590055476,"[0.8174187858405171, 588615.327001335, 1.0554882428075892e+28]","[0.5569933224005099, 1.852648042651263, 2.3650358608207975e+29]",3.518294142691964e+27,7.883452869402659e+28,"[11.101654118007175, 447809.47902790573, 0.06195650569992755]","[3.8570006599911294e-07, 0.3704114127359038, 7.611040118721955e-06]",149273.54754617647,0.1234731364920295,20.885867044,orcd,0.0,/home/txenakis/projects/BVPsolver/logs/array_20391846_97.err,default,mlp,243,0,/home/txenakis/projects/BVPsolver/logs/array_20391846_97.out,none,none,rober,fast,15,exact,0.0,1000,0.0,0.0,2026-08-13T22:32:09.877,collocation,20.885867044,1,2,10000,12,150,False,,,,,
run_VmWlIVDd,,,,,,,,,,,,,0.0,orcd,30.868107641,/home/txenakis/projects/BVPsolver/logs/array_heavy_20252509_39.err,default,stiff,318,0,/home/txenakis/projects/BVPsolver/logs/array_heavy_20252509_39.out,none,derivmatch,rober,fast,15,,4628.591948089,1000,0.0,0.0,2026-08-12T07:54:04.183,shapovalova,4659.46005573,1,2,10000,12,150,False,,,,,
run_VnpenJWM,"[1.0806048109106454, 0.045412477776035416, 0.2579068689036761]","[0.8836897346953148, 0.020452015120063782, 0.3633326761663096]",0.461308052530119,0.42249147532722936,"[0.999899018278631, 124.15194545575947, 71.70189652686419]","[0.999946197690827, 0.9986233332400777, 0.9999542132262417]",65.61791366696743,0.9995079147190489,"[1.004271611016426, 2.3097512668858333, 0.9215890003145489]","[0.9996241171399365, 0.7714537518776156, 0.9706584757579555]",1.4118706260722693,0.9139121149251692,0.0,orcd,25.749678084,/home/txenakis/projects/BVPsolver/logs/array_20391846_327.err,default,GELU-scaled,188,0,/home/txenakis/projects/BVPsolver/logs/array_20391846_327.out,none,derivmatch,orego,fast,12,exact,0.0,1000,0.0,0.0,2026-08-13T23:55:11.167,none,25.749678084,1,2,10000,16,150,False,,,,,
run_VqLmnLGg,"[2606.7381325878223, 2501704882.319658, 2881.9557831775674]","[0.007505798733137227, 0.9591148108678345, 0.7082184749593367]",833903457.0045246,0.5582796948534362,"[0.999999368982723, 0.9999999999999999, 0.9999132912529204]","[0.9996175872916552, 0.9999694378098052, 1.0020006075899268]",0.9999708867452144,1.000529210897129,"[2.166150460279821e+19, 8.672245591621425e+24, 1.1579370019852066e+17]","[0.011862010152415906, 3364.7731983102362, 0.00982634834785343]",2.8907557896399094e+24,1121.5982955562456,0.0,orcd,26.046325149,/home/txenakis/projects/BVPsolver/logs/array_20391846_116.err,default,GELU-scaled,188,0,/home/txenakis/projects/BVPsolver/logs/array_20391846_116.out,none,derivmatch,rober,fast,14,exact,0.0,1000,0.0,0.0,2026-08-13T22:37:04.694,none,26.046325149,1,2,10000,12,150,False,,,,,
run_Vu5ELabT,,,,,,,,,,,,,21.429509715,orcd,24.793363636,/home/txenakis/projects/BVPsolver/logs/array_20140853_313.err,default,GELU-scaled,177,0,/home/txenakis/projects/BVPsolver/logs/array_20140853_313.out,none,derivmatch,vanderpol,fast,14,,0.0,1000,0.0,0.0,2026-08-11T03:26:37.458,collocation,46.222873351,1,2,10000,12,150,True,,,,,
run_VwOC7Miu,"[85826.15653759902, 41608.974358648666, 1.1815882452372378e+19, 499441.85691982834, 222915193116150.25, 8649311675658032.0, 48253.385031730715, 8811.796590543832, 36757855.77689765, 3.213887548168761e+17, 1.6005921513591887e+18, 56786758.22566599, 2767443372.383605, 214539750450.85226, 5790.173542600361, 5.761530987762762e+37, 1938313.2221820941, 47007240.94051225, 43251082394299.41, 312682345.45780444]","[0.4778776375701579, 0.7208325492229096, 280040.01205821993, 0.7379235119922162, 174538.41760909374, 956252.4366164728, 544.1275405214317, 1480.732043055316, 2932997.5975044616, 509528144.3637022, 898370794.277174, 2547475.9362748596, 152983879.05793926, 163916.61021503818, 60020.92633159488, 4276789.947719184, 180451.23580256785, 5442007.471421257, 763945036.1448892, 8014946.224189188]",2.880765493881381e+36,117492965.87278318,"[0.9999999999990474, 0.999999912821599, 0.9987307366886359, 0.9984389932484353, 0.9972707764633101, 0.9951688513582739, 0.9783312464988675, 0.47587053331669465, 0.09132868146204641, 22.188420811475158, 2760.643497397397, 15287.253209015684, 20095.260564197208, 74538.73342805463, 616305.143020792, 28785882.79958102, inf, inf, 1.0055818528046969e+308, 1.2494577363426961e+304]","[0.9999999999990182, 0.9999999150843463, 0.9989941243808622, 0.998729104607104, 0.9981827504613537, 0.992427229155554, 0.964751871397007, 0.6469586256823654, 0.3126123961443137, 7.282998768130588, 20.343547539155093, 1718.6873839558498, 3936.540382608796, 13987.968962313722, 300701.65182924765, 247783217.81705666, inf, inf, 2.815179974506374e+307, 7.432181879714532e+304]",inf,inf,"[845260.9335357974, 292114.5334724159, 1.3340657201565068e+22, 23631372.25418125, 3369872857716638.5, 2.1042748514383956e+16, 652969.9430530373, 77795.05811058043, 9247602.304627286, 4.300607443235479e+18, 4.059308486288236e+16, 270786011.57056844, 14466119822.012629, 2504667023915.0713, 401334.9260063974, 3.4591040974094255e+39, 32372293.206886187, 702477829.6930218, 360264055134837.06, 324422513253.70886]","[140415.7187395092, 1544.2717081576418, 9.37554557165314e+20, 21126.385565746892, 54063785757829.17, 425328924764887.75, 9474.247606137034, 1259.9248509287145, 135947.2464815396, 2.421239379438418e+16, 1.0499759851327926e+16, 333492979.48125, 3082963471.165377, 49645138456.949295, 820318.9491260896, 3.9847873875452683e+36, 207337.34984017833, 430985607.885186, 182880772128721.47, 211550019441.74802]",1.7295520487047126e+38,1.992393693772635e+35,0.0,orcd,32.963018306,/home/txenakis/projects/BVPsolver/logs/array_20391846_18.err,default,mlp,3444,0,/home/txenakis/projects/BVPsolver/logs/array_20391846_18.out,none,derivmatch,pollu,fast,14,exact,0.0,1000,0.0,0.0,2026-08-13T22:10:50.227,none,32.963018306,1,3,30000,32,150,False,,,,,
run_VycZAf1M,,,,,,,,,,,,,0.0,orcd,25.64463392,/home/txenakis/projects/BVPsolver/logs/array_20198490_407.err,default,GELU-scaled,243,0,/home/txenakis/projects/BVPsolver/logs/array_20198490_407.out,none,derivmatch,hires,fast,13,,0.0,1000,0.0,0.0,2026-08-11T10:45:15.319,none,25.64463392,1,2,10000,16,150,False,qr,,,,
run_W6kxTBJN,,,,,,,,,,,,,0.0,orcd,0.0,/home/txenakis/projects/BVPsolver/logs/array_20140853_258.err,default,mlp,218,0,/home/txenakis/projects/BVPsolver/logs/array_20140853_258.out,none,none,vanderpol,fast,14,,3527.358174244,1000,0.0,0.0,2026-08-11T03:52:57.684,shapovalova,3527.358174244,1,2,10000,12,150,True,,,,,
run_WAXOY4p2,"[13703788897.650627, 483017467626.9936]","[0.9481408934297477, 0.9993027768891566]",248360628262.3221,0.9737218351594521,"[0.7927129845228629, 0.999514868409917]","[0.9652801758048529, 0.996997954409327]",0.89611392646639,0.9811390651070899,"[8995568245467.545, 439852824683435.6]","[0.20458896890073708, 1.1671307476270756]",224424196464451.6,0.6858598582639064,156.034769995,orcd,0.0,/home/txenakis/projects/BVPsolver/logs/array_20391846_408.err,default,GELU-scaled,177,0,/home/txenakis/projects/BVPsolver/logs/array_20391846_408.out,none,none,davis-skodje,fast,13,exact,0.0,1000,0.0,0.0,2026-08-14T00:23:03.550,collocation,156.034769995,3,2,10000,12,150,False,,,,,
run_WJvqOzCW,"[138.22791123541376, 478151.15320031194]","[2.672747134235994e-07, 2.0420924170361035e-09]",239144.69055577368,1.3465840292031775e-07,"[0.7462575987045335, 7.353885283919375e-07]","[0.4435957403564862, 0.3539442579624081]",0.37312916704653093,0.3987699991594471,"[355156163923.1361, 3822350484976.3813]","[1.6193293968929252e-05, 0.0004965052619945165]",2088753324449.7588,0.0002563492779817229,158.405270245,orcd,0.0,/home/txenakis/projects/BVPsolver/logs/array_20391846_358.err,default,stiff,268,0,/home/txenakis/projects/BVPsolver/logs/array_20391846_358.out,none,none,davis-skodje,fast,13,exact,0.0,1000,0.0,0.0,2026-08-14T00:13:42.253,collocation,158.405270245,3,2,10000,12,150,False,,,,,
run_WKDB58jL,"[5.261580331304833, 33.53292130082992]","[1.6142348555502596e-06, 6.701490651527713e-11]",19.397250816067377,8.071509352283874e-07,"[0.9519479724170479, 4.270520147360664e-05]","[0.47779585057668217, 0.2104264009642085]",0.47599533880926076,0.34411112577044534,"[1554719452.9822783, 6922599914415.407]","[6.407441814300894e-08, 4.414620134515587e-06]",3462077316934.195,2.239347276329298e-06,132.952205958,orcd,29.298954751,/home/txenakis/projects/BVPsolver/logs/array_20391846_362.err,default,stiff,268,0,/home/txenakis/projects/BVPsolver/logs/array_20391846_362.out,none,derivmatch,davis-skodje,fast,12,exact,0.0,1000,0.0,0.0,2026-08-14T00:13:48.280,collocation,162.251160709,3,2,10000,12,150,False,,,,,
run_WKxa5WaO,,,,,,,,,,,,,0.0,orcd,25.023170831,/home/txenakis/projects/BVPsolver/logs/array_20198490_356.err,default,mlp,552,0,/home/txenakis/projects/BVPsolver/logs/array_20198490_356.out,none,derivmatch,hires,fast,12,,0.0,1000,1632.383507196,0.0,2026-08-11T10:40:10.211,shooting,1657.406678027,1,2,10000,16,150,False,qr,,,,
run_WQtl1Eex,"[0.9999858155996889, 1.0060667367303704, 0.9998843207797935]","[1.000000138315838, 1.0024821413597684, 0.9999704232743507]",1.0019789577032843,1.0008175676499855,"[0.9999999305797198, 0.9997452348122082, 1.3079013419666519]","[0.99999992952868, 0.9999976725618311, 1.0001823508871803]",1.1025488357861934,1.0000599843258973,"[1.0023616378355877, 0.7815646449772122, 1.0170652079068478]","[1.0001152261841018, 0.9424629582226294, 1.0007077790062306]",0.9336638302398826,0.981095321137654,59.045890468,orcd,0.0,/home/txenakis/projects/BVPsolver/logs/array_20391846_309.err,default,mlp,387,0,/home/txenakis/projects/BVPsolver/logs/array_20391846_309.out,none,none,orego,fast,13,exact,0.0,1000,0.0,0.0,2026-08-13T23:47:31.306,collocation,59.045890468,1,2,10000,16,150,False,,,,,
run_WTAdn2xK,,,,,,,,,,,,,0.0,orcd,25.746612762,/home/txenakis/projects/BVPsolver/logs/array_20198490_372.err,default,mlp,552,0,/home/txenakis/projects/BVPsolver/logs/array_20198490_372.out,none,derivmatch,hires,fast,13,,0.0,1000,0.0,0.0,2026-08-11T10:16:36.375,none,25.746612762,1,2,10000,16,150,False,qr,,,,
run_WTXTyJAa,"[1.1567330098142856, 1.197351602900779]","[1.0623902906597706, 0.9995447047364431]",1.1770423063575324,1.030967497698107,"[0.9997211870328759, 0.9887298535615384]","[0.9991599545221811, 0.9999109662791112]",0.9942255202972072,0.9995354604006461,"[0.8664012946822619, 1370.6361343211936]","[0.755662298356613, 1.0287363029973426]",685.7512678079379,0.8921993006769778,0.0,orcd,0.0,/home/txenakis/projects/BVPsolver/logs/array_20391846_174.err,default,GELU-scaled,177,0,/home/txenakis/projects/BVPsolver/logs/array_20391846_174.out,none,none,vanderpol,fast,11,exact,0.0,1000,291.381454498,0.0,2026-08-13T22:55:39.770,shooting,291.381454498,1,2,10000,12,150,True,,,,,
run_WWVfbY6j,,,,,,,,,,,,,38.534935717,orcd,0.0,/home/txenakis/projects/BVPsolver/logs/array_20140853_307.err,default,GELU-scaled,177,0,/home/txenakis/projects/BVPsolver/logs/array_20140853_307.out,none,none,vanderpol,fast,13,,0.0,1000,0.0,0.0,2026-08-11T03:24:49.059,collocation,38.534935717,1,2,10000,12,150,True,,,,,
run_WYC9RrHe,,,,,,,,,,,,,0.0,orcd,30.599522634,/home/txenakis/projects/BVPsolver/logs/array_20198490_393.err,default,GELU-scaled,243,0,/home/txenakis/projects/BVPsolver/logs/array_20198490_393.out,none,derivmatch,hires,fast,14,,0.0,1000,888.112082352,0.0,2026-08-11T10:43:27.620,shooting,918.711604986,1,2,10000,16,150,False,qr,,,,
run_WdBOkfY1,"[27878799.192891285, 32311620765615.957, 24464771923.427086, 84684.31681716534, 66652.42419742666, 2609583.955439497, 123584.0581697075, 78667.38525859412]","[0.003823870324062278, 0.0765544418396727, 0.4883841309517193, 1.0060014494352183, 0.8042251763521199, 0.7635202356491728, 0.38505002099272506, 0.486325403653064]",4042014547438.84,0.5017355911497193,"[590.6075052651522, 25.529371339400683, 0.2294409384249309, 0.25574001375882105, 0.8255557166316018, 0.34172538729343716, 0.6578550525053366, 4.43394963995904e+30]","[1.3430753827494044, 0.5518259573383975, 0.7353179145203759, 0.6219452490176876, 0.8434026624913656, 0.7250306965990108, 0.6773590952532815, 2.775087973970339e+18]",5.5424370499488e+29,3.4688599674629235e+17,"[299.13109920604825, 1769.4276333640453, 1240.3635455104159, 0.4741512368257575, 4527.535179733514, 8544.621405402975, 7.655386288268605, 0.9955620800921025]","[4.4770663553532684e-05, 0.000406757560710314, 0.000741691291404879, 0.9964684594079039, 0.00012755506747525255, 0.0004039450862288864, 0.001346101838855847, 0.012023899472977759]",2048.7754953527733,0.1264453975486388,0.0,orcd,0.0,/home/txenakis/projects/BVPsolver/logs/array_20391846_200.err,default,stiff,816,0,/home/txenakis/projects/BVPsolver/logs/array_20391846_200.out,none,none,hires,fast,13,exact,0.0,1000,6728.180731994,0.0,2026-08-14T00:49:33.775,shooting,6728.180731994,1,2,10000,16,150,False,qr,,,,
run_Wewq7Fhy,,,,,,,,,,,,,52.976205177,orcd,0.0,/home/txenakis/projects/BVPsolver/logs/array_20198490_411.err,default,GELU-scaled,243,0,/home/txenakis/projects/BVPsolver/logs/array_20198490_411.out,none,none,hires,fast,12,,0.0,1000,0.0,0.0,2026-08-11T10:48:44.788,collocation,52.976205177,1,2,10000,16,150,False,qr,,,,
run_Wi8bMEN3,"[4.259022159183521, 1.7151017901766417, 1.448939421440315, 15.757774918042506, 0.06873609465251802, 7.142016711033815, 2.1924564686287225, 1.3183459567332576, 0.31435684031477035, 4.047483091899456, 9.85070746899437, 0.6739070748410259, 8.657713901756045, 4.028363051341339, 1.430750012245139, 10.072418162778982, 0.41329928162577895, 0.990569271074396, 1.4407994178608874, 1.6660173943964913]","[1.0016815588306813, 1.0008767984644464, 1.0000000008608898, 0.9990536546497275, 1.0000095341354032, 1.0000766487724861, 1.3988817427898952, 1.1218341430784813, 0.8029714180415729, 0.9999717181268115, 0.9999484467494585, 0.9219213361280851, 1.5152264546261507, 0.9981559263236275, 1.3936459195494713, 0.999999999999998, 0.8150142801683176, 0.9931457068323837, 1.0014043506934276, 1.0544112775763477]",3.874438924451,1.0509115458198828,"[1.0, 0.9999999999982996, 0.9999999917599788, 0.9999999896219212, 0.9999999853819304, 0.999999993377665, 0.9999999891146129, 0.9999996817977278, 0.9999999577667645, 0.9999999145828649, 1.0, 1.0, 1.0, 1.0, 1.0, 1.0, 7.065519408222078e+262, 6.2412760917896865e+261, 1.7874857063958003e+261, 7.424913201084006e+250]","[1.0, 0.9999999999982073, 0.9999999932651353, 0.9999999914056003, 0.9999999905407245, 0.9999999890259845, 0.9999999804604529, 0.9999998128087642, 0.9999999714970574, 0.9999999478104644, 1.0, 1.0, 1.0, 1.0, 1.0, 1.0, 3.6078172792577644e+262, 3.885615715194825e+261, 1.114967054882731e+261, 2.1617481133303013e+251]",3.9341977940240262e+261,2.0539377781435686e+261,"[1.5401554412471923, 0.44806547381850553, 1.12572396890446, 14.413653359300264, 1.7043287831182958, 8.432147849182028, 0.3147014339433839, 0.011781350272543286, 0.11774733106361164, 0.2986038274653501, 0.11825459461605645, 0.7970475739904368, 2.12646805481822, 0.1500269969667971, 1.361960562524134, 2.0464026971469287, 0.02675029889117507, 0.982243394092088, 1.2929709530243658, 1.6125439602390566]","[1.1172213583577641, 0.022443733355049563, 1.0278289250215393, 0.4959761431338935, 1.0196068480769138, 1.0661104667050663, 0.0039967443525512165, 0.0003751471010350816, 0.002155690800080341, 0.9851432949171103, 0.9699609351336925, 0.8428317393308596, 1.5991885941068602, 0.94202608460244, 1.3324924430658995, 0.9971285244844292, 0.0006234236816457072, 0.9867142939726288, 1.1520318885430467, 1.4761596649920963]",1.9460788952312449,0.8020007971867301,2501.693050187,orcd,0.0,/home/txenakis/projects/BVPsolver/logs/array_20391846_44.err,default,GELU-scaled,650,0,/home/txenakis/projects/BVPsolver/logs/array_20391846_44.out,none,none,pollu,fast,12,exact,0.0,1000,0.0,0.0,2026-08-13T22:53:23.449,collocation,2501.693050187,1,3,30000,32,150,False,,,,,
run_WkffPnDa,,,,,,,,,,,,,0.0,orcd,40.678119547,/home/txenakis/projects/BVPsolver/logs/array_20140853_230.err,default,stiff,268,0,/home/txenakis/projects/BVPsolver/logs/array_20140853_230.out,none,derivmatch,vanderpol,fast,11,,0.0,1000,0.0,0.0,2026-08-11T02:42:40.677,none,40.678119547,1,2,10000,12,150,True,,,,,
run_WlWrluxT,,,,,,,,,,,,,0.0,orcd,29.294721887,/home/txenakis/projects/BVPsolver/logs/array_20140853_228.err,default,stiff,268,0,/home/txenakis/projects/BVPsolver/logs/array_20140853_228.out,none,derivmatch,vanderpol,fast,14,,4675.659962572,1000,0.0,0.0,2026-08-11T03:56:42.102,shapovalova,4704.954684459,1,2,10000,12,150,True,,,,,
run_WvZyCzIM,"[16061.411932974104, 3824892978052514.0, 12178.736928433553]","[0.8844011452413362, 1.3562161775769652, 1.071617531431179]",1274964326026918.0,1.1040782847498267,"[0.43214244883442293, 20371.558176084636, 3.370201190857403e+26]","[5.358280299454702, 0.4635119555763453, 1.7831461119243852e+27]",1.1234003969524676e+26,5.943820373081284e+26,"[4.077223481856513, 3.496750490755985, 0.9980030888207457]","[7.252004232766743e-08, 9.535998598307324e-06, 1.0054977704462176]",2.857325687144414,0.33516912632161944,0.0,orcd,0.0,/home/txenakis/projects/BVPsolver/logs/array_20391846_54.err,default,stiff,318,0,/home/txenakis/projects/BVPsolver/logs/array_20391846_54.out,none,none,rober,fast,12,exact,0.0,1000,403.527357462,0.0,2026-08-13T22:18:30.497,shooting,403.527357462,1,2,10000,12,150,False,,,,,
run_WvsqsQ8I,,,,,,,,,,,,,0.0,orcd,31.208501356,/home/txenakis/projects/BVPsolver/logs/array_20140853_91.err,default,GELU-scaled,650,0,/home/txenakis/projects/BVPsolver/logs/array_20140853_91.out,none,derivmatch,pollu,fast,12,,0.0,1000,0.0,0.0,2026-08-11T01:27:18.841,none,31.208501356,1,3,30000,32,150,False,,,,,
run_WwdO9NRI,,,,,,,,,,,,,4724.795401288,orcd,0.0,/home/txenakis/projects/BVPsolver/logs/array_20140853_27.err,default,stiff,4744,0,/home/txenakis/projects/BVPsolver/logs/array_20140853_27.out,none,none,pollu,fast,13,,0.0,1000,0.0,0.0,2026-08-11T00:01:01.562,collocation,4724.795401288,1,3,30000,32,150,False,,,,,
run_Wze8h9e9,,,,,,,,,,,,,0.0,orcd,26.877112102,/home/txenakis/projects/BVPsolver/logs/array_heavy_20252509_89.err,default,GELU-scaled,177,0,/home/txenakis/projects/BVPsolver/logs/array_heavy_20252509_89.out,none,derivmatch,vanderpol,fast,15,,711.840631833,1000,0.0,0.0,2026-08-12T12:55:48.768,shapovalova,738.7177439349999,1,2,10000,12,150,True,,,,,
run_X2T4GdRV,,,,,,,,,,,,,0.0,orcd,0.0,/home/txenakis/projects/BVPsolver/logs/array_20198490_494.err,default,GELU-scaled,188,0,/home/txenakis/projects/BVPsolver/logs/array_20198490_494.out,none,none,orego,fast,15,,0.0,1000,735.580063989,0.0,2026-08-11T13:27:09.352,shooting,735.580063989,1,2,10000,16,150,False,,,,,
run_X4Ctmc2H,,,,,,,,,,,,,0.0,orcd,27.643714125,/home/txenakis/projects/BVPsolver/logs/array_20140853_263.err,default,mlp,218,0,/home/txenakis/projects/BVPsolver/logs/array_20140853_263.out,none,derivmatch,vanderpol,fast,14,,4279.033443557,1000,0.0,0.0,2026-08-11T04:06:55.280,shapovalova,4306.677157682,1,2,10000,12,150,True,,,,,
run_X5pcjfMp,"[1.3903613873549387, 0.0029107597996648783, 0.2500027762037964]","[0.8956734981761925, 0.0008219831323341149, 0.36834009669527257]",0.5477583077861333,0.4216118593345997,"[0.9995334258962513, 3.623039868277794, 1.6476129088400089]","[0.9994840228463098, 1.0623443077887789, 1.003655322703693]",2.0900620676713513,1.0218278844462605,"[0.9999000580698173, 1.1064077200216995, 1.0650584192891013]","[1.0000025045564052, 1.0062929545447241, 1.000037535011025]",1.0571220657935394,1.0021109980373848,23.253480425,orcd,25.483388141,/home/txenakis/projects/BVPsolver/logs/array_20391846_339.err,default,GELU-scaled,188,0,/home/txenakis/projects/BVPsolver/logs/array_20391846_339.out,none,derivmatch,orego,fast,14,exact,0.0,1000,0.0,0.0,2026-08-14T00:01:35.455,collocation,48.736868566,1,2,10000,16,150,False,,,,,
run_X85rOIq1,"[3314190.184398779, 9.995909538707444e+17, 2777969.2248854446]","[0.09832760131602063, 1.0430295704989678, 0.8482602032972136]",3.331969846256122e+17,0.6632057917040673,"[0.9998676270545107, 15776674.264977345, 1.497167011474387e+30]","[0.9998095017637579, 1.1723544489558502, 8.887617951691931e+27]",4.9905567049146234e+29,2.9625393172306434e+27,"[9.046079804955774e+22, 3.5302161695564965e+32, 7.599096289752138e+21]","[539.9664944836602, 88378152107.55714, 149658.5265397461]",1.1767387235123653e+32,29459434102.016724,0.0,orcd,23.165744885,/home/txenakis/projects/BVPsolver/logs/array_20391846_89.err,default,mlp,243,0,/home/txenakis/projects/BVPsolver/logs/array_20391846_89.out,none,derivmatch,rober,fast,12,exact,0.0,1000,0.0,0.0,2026-08-13T22:29:10.149,none,23.165744885,1,2,10000,12,150,False,,,,,
run_X8H6w7Nv,"[0.005559503140102689, 10.630848932317774]","[0.6733204005580575, 0.9402321095180544]",5.318204217728938,0.806776255038056,"[0.13160299555970648, 0.9389246496470462]","[0.3772803859482321, 0.9993979355571085]",0.5352638226033763,0.6883391607526703,"[1.603641298128818, 8818.1903718599]","[1.0578088692267382, 0.9998588795073206]",4409.8970065790145,1.0288338743670293,0.0,orcd,23.688324941,/home/txenakis/projects/BVPsolver/logs/array_20391846_160.err,default,mlp,218,0,/home/txenakis/projects/BVPsolver/logs/array_20391846_160.out,none,derivmatch,vanderpol,fast,12,exact,0.0,1000,0.0,0.0,2026-08-13T22:48:05.501,none,23.688324941,1,2,10000,12,150,True,,,,,
run_XKWl8Ch3,"[5837817.764593215, 1160934910.1569257, 271232782.86632097, 2720402.8465911965, 9921.119938377473, 803.4808701634765, 4617.071739533934, 4045.236116265995]","[0.03185522679732047, 0.06368498545976166, 0.6806221459273347, 0.05895053811281102, 0.8460368411910031, 0.16214897806508236, 2.132134589787372, 2.0027844115938587]",180093162.56788692,0.7472772146168181,"[0.3774672942728236, 0.26175208946115774, 0.634544681279104, 0.7712061293479155, 0.7530015092691714, 0.8973917000050045, 0.8794285701272085, 1.502965289382242e+27]","[0.9508910213785265, 0.4190402077787133, 0.83755585666192, 0.7738209243180366, 0.7544756814818775, 0.9145238209611954, 0.9019416441790967, 6.308604089715286e+17]",1.8787066117278025e+26,7.885755112144107e+16,"[312720951.11655325, 538310126.7688935, 6083880205.6911125, 100597421.08554533, 92165884.52086215, 152432438.49710035, 14632056.593208002, 1403767.9622560372]","[3.759294768567568, 51.67772237190412, 1492.7548233690204, 9.233065396426953, 19.271037808077093, 0.15202872102110956, 6520.427846730162, 14735.941000721627]",912017856.5294415,2854.1521024858507,130.397678778,orcd,24.917109756,/home/txenakis/projects/BVPsolver/logs/array_20391846_245.err,default,mlp,552,0,/home/txenakis/projects/BVPsolver/logs/array_20391846_245.out,none,derivmatch,hires,fast,15,exact,0.0,1000,0.0,0.0,2026-08-13T23:32:08.271,collocation,155.314788534,1,2,10000,16,150,False,qr,,,,
run_XPAkfyj4,,,,,,,,,,,,,0.0,orcd,35.543721811,/home/txenakis/projects/BVPsolver/logs/array_20140853_113.err,default,stiff,318,0,/home/txenakis/projects/BVPsolver/logs/array_20140853_113.out,none,derivmatch,rober,fast,14,,0.0,1000,655.19401535,0.0,2026-08-11T01:54:08.902,shooting,690.7377371609999,1,2,10000,12,150,False,,,,,
run_XZpjkvZW,"[0.01873906162672996, 329375979406.44727, 1.8116874995975387]","[0.16656121952850603, 9.009372773720103e-07, 0.03436721310795318]",109791993136.09258,0.06697644452457886,"[0.9911461805406885, 47.69044260939581, 8.306822094336406e+22]","[0.8218134665975083, 92356.38825502602, 3.509455401404534e+28]",2.7689406981121356e+22,1.1698184671348447e+28,"[1.4185527843082606, 0.5472477354483833, 0.1552138228947311]","[0.0053119916944171595, 0.827982220789617, 1.7329324061749571]",0.7070047808837917,0.8554088728863305,24.106809775,orcd,0.0,/home/txenakis/projects/BVPsolver/logs/array_20391846_71.err,default,stiff,318,0,/home/txenakis/projects/BVPsolver/logs/array_20391846_71.out,none,none,rober,fast,14,exact,0.0,1000,0.0,0.0,2026-08-13T22:23:42.414,collocation,24.106809775,1,2,10000,12,150,False,,,,,
run_XaHChA8a,,,,,,,,,,,,,0.0,orcd,34.141590411,/home/txenakis/projects/BVPsolver/logs/array_20140853_225.err,default,stiff,268,0,/home/txenakis/projects/BVPsolver/logs/array_20140853_225.out,none,derivmatch,vanderpol,fast,11,,6251.116400126,1000,0.0,0.0,2026-08-11T04:16:48.736,shapovalova,6285.257990537,1,2,10000,12,150,True,,,,,
run_XdSFLIss,,,,,,,,,,,,,28.203544327,orcd,0.0,/home/txenakis/projects/BVPsolver/logs/array_20140853_131.err,default,stiff,318,0,/home/txenakis/projects/BVPsolver/logs/array_20140853_131.out,none,none,rober,fast,12,,0.0,1000,0.0,0.0,2026-08-11T01:46:06.561,collocation,28.203544327,1,2,10000,12,150,False,,,,,
run_XfzZNxWk,,,,,,,,,,,,,0.0,orcd,0.0,/home/txenakis/projects/BVPsolver/logs/array_20198490_459.err,default,mlp,387,0,/home/txenakis/projects/BVPsolver/logs/array_20198490_459.out,none,none,orego,fast,15,,0.0,1000,156.270909867,0.0,2026-08-11T12:23:52.982,shooting,156.270909867,1,2,10000,16,150,False,,,,,
run_XoqAtUxf,"[3782.0473855590694, 9563081221.245966]","[0.0009861637874059963, 0.29335702649041184]",4781542501.646676,0.14717159513890893,"[0.6015256283675298, 0.001802165872642741]","[0.5115229596024723, 0.4396013613675614]",0.30166389712008623,0.47556216048501687,"[39492.53736137402, 125586.15518690646]","[3.4252883672236096e-05, 0.012246062962754762]",82539.34627414023,0.006140157923213499,0.0,orcd,23.753412783,/home/txenakis/projects/BVPsolver/logs/array_20391846_376.err,default,mlp,218,0,/home/txenakis/projects/BVPsolver/logs/array_20391846_376.out,none,derivmatch,davis-skodje,fast,11,exact,0.0,1000,0.0,0.0,2026-08-14T00:14:46.904,none,23.753412783,3,2,10000,12,150,False,,,,,
run_YB8wjFEy,"[97534665.11014159, 1.4466512490381088e+17, 264144841.7292567]","[59.32866281369622, 1.0271207681186922, 49.10427446857121]",4.822170842183012e+16,36.486686016795375,"[0.999922546312061, 5244489.30812815, 7.009494441104903e+29]","[0.9997105091437889, 0.6208803590377108, 2.7441972818364193e+27]",2.3364981470349677e+29,9.147324272788065e+26,"[5.697754173454438, 8761.279585959455, 2.257670829516778]","[0.24318059250325733, 12.987819862406937, 4.8625455544184835]",2923.0783369874753,6.031182003109559,0.0,orcd,22.998737988,/home/txenakis/projects/BVPsolver/logs/array_20391846_86.err,default,mlp,243,0,/home/txenakis/projects/BVPsolver/logs/array_20391846_86.out,none,derivmatch,rober,fast,14,exact,0.0,1000,266.318528078,0.0,2026-08-13T22:30:37.496,shooting,289.317266066,1,2,10000,12,150,False,,,,,
run_YBYLc0mz,"[4.825515147900123, 7.63775980184092]","[1.217408689132901e-06, 5.013090419756717e-10]",6.231637474870521,6.089549990874383e-07,"[0.9726652135321535, 2.0188107367095477e-06]","[0.46641827885518006, 2.5539948829690093]",0.4863336161714451,1.5102065809120946,"[4.6772875342211275, 6.568850510166228]","[9.575639503428543e-13, 4.852098401846425e-12]",5.623069022193677,2.9048311760946396e-12,140.072724244,orcd,0.0,/home/txenakis/projects/BVPsolver/logs/array_20391846_356.err,default,stiff,268,0,/home/txenakis/projects/BVPsolver/logs/array_20391846_356.out,none,none,davis-skodje,fast,11,exact,0.0,1000,0.0,0.0,2026-08-14T00:12:39.024,collocation,140.072724244,3,2,10000,12,150,False,,,,,
run_YG6KahBd,"[6187938.475877879, 5205.778957953337]","[6.836471362697275, 6.064373317566511]",3096572.1274179164,6.450422340131893,"[0.5509751863309246, 15619.858724837692]","[0.687255804499358, 3.589445802020031]",7810.204850012011,2.1383508032596943,"[0.999480933997965, 79.48485791271592]","[0.8864817421549123, 1.000078498835697]",40.24216942335694,0.9432801204953046,0.0,orcd,0.0,/home/txenakis/projects/BVPsolver/logs/array_20391846_130.err,default,stiff,268,0,/home/txenakis/projects/BVPsolver/logs/array_20391846_130.out,none,none,vanderpol,fast,13,exact,0.0,1000,129.312785946,0.0,2026-08-13T22:41:22.519,shooting,129.312785946,1,2,10000,12,150,True,,,,,
run_YH35fGpK,"[0.00015863580124642992, 0.1254211474101895]","[8.168891875850636e-05, 0.004090450378977941]",0.06278989160571796,0.0020860696488682238,"[0.02195888569441102, 0.13524999112793384]","[0.013360632984547847, 0.12182617178878585]",0.07860443841117243,0.06759340238666685,"[0.022805636215005656, 0.5779620875701643]","[0.17631874706895295, 0.5288870960052345]",0.300383861892585,0.3526029215370937,29.399039448,orcd,30.862101633,/home/txenakis/projects/BVPsolver/logs/array_20391846_150.err,default,stiff,268,0,/home/txenakis/projects/BVPsolver/logs/array_20391846_150.out,none,derivmatch,vanderpol,fast,14,exact,0.0,1000,0.0,0.0,2026-08-13T22:46:20.755,collocation,60.261141081000005,1,2,10000,12,150,True,,,,,
run_YKKjxmSX,"[0.08399605307021425, 16.76995958180264]","[3.2046146775157434, 0.39012049029912393]",8.426977817436429,1.7973675839074337,"[0.48364992918964733, 1.0734261399539287]","[0.39696566516863013, 0.7161375702156312]",0.778538034571788,0.5565516176921307,"[2.0506591482854435, 1.020229636981969]","[2.0795827121486012, 0.9999995172376548]",1.5354443926337062,1.539791114693128,23.410657429,orcd,29.463056669,/home/txenakis/projects/BVPsolver/logs/array_20391846_197.err,default,GELU-scaled,177,0,/home/txenakis/projects/BVPsolver/logs/array_20391846_197.out,none,derivmatch,vanderpol,fast,15,exact,0.0,1000,0.0,0.0,2026-08-13T22:57:56.687,collocation,52.873714098,1,2,10000,12,150,True,,,,,
run_YTgkWjGw,,,,,,,,,,,,,36.092983245,orcd,0.0,/home/txenakis/projects/BVPsolver/logs/array_20140853_305.err,default,GELU-scaled,177,0,/home/txenakis/projects/BVPsolver/logs/array_20140853_305.out,none,none,vanderpol,fast,11,,0.0,1000,0.0,0.0,2026-08-11T03:24:44.861,collocation,36.092983245,1,2,10000,12,150,True,,,,,
run_YVPwPYID,,,,,,,,,,,,,0.0,orcd,0.0,/home/txenakis/projects/BVPsolver/logs/array_heavy_20252509_113.err,default,GELU-scaled,243,0,/home/txenakis/projects/BVPsolver/logs/array_heavy_20252509_113.out,none,none,hires,fast,14,exact,8.947149941,1000,0.0,0.0,2026-08-12T13:26:44.210,shapovalova,8.947149941,1,2,10000,16,150,False,qr,,,,
run_YYJNzahM,"[35426.30137152887, 9.946480709494936e+16, 751397.6969161172]","[0.00010658323866612262, 0.570927597680469, 1.0666350073481434]",3.3154935698578724e+16,0.5458897294224262,"[0.986340365270499, 18424827.338023394, 1.5760673956478761e+29]","[0.8968813760389552, 264.96866273608725, 2.195283178023364e+29]",5.253557985492921e+28,7.317610593411213e+28,"[0.9635486435355838, 63468893.45497658, 0.005233421589184557]","[0.0020374673515467477, 192.6518073319117, 0.03951065656102147]",21156298.141252883,64.23111848527476,14.397624579,orcd,23.892942838,/home/txenakis/projects/BVPsolver/logs/array_20391846_100.err,default,mlp,243,0,/home/txenakis/projects/BVPsolver/logs/array_20391846_100.out,none,derivmatch,rober,fast,13,exact,0.0,1000,0.0,0.0,2026-08-13T22:33:20.360,collocation,38.290567417,1,2,10000,12,150,False,,,,,
run_YbW9DQXs,,,,,,,,,,,,,0.0,orcd,0.0,/home/txenakis/projects/BVPsolver/logs/array_heavy_20252509_71.err,default,mlp,218,0,/home/txenakis/projects/BVPsolver/logs/array_heavy_20252509_71.out,none,none,vanderpol,fast,12,,3503.183531541,1000,0.0,0.0,2026-08-12T10:54:31.733,shapovalova,3503.183531541,1,2,10000,12,150,True,,,,,
run_Yk23lx21,"[29.89163908583933, 15.745255320956431]","[0.998224714262628, 0.9999859077674683]",22.81844720339788,0.9991053110150482,"[0.999032302437426, 0.9932825064300329]","[0.9995864486259397, 0.999929147263686]",0.9961574044337295,0.9997577979448129,"[2.355886824892657, 20833.79774498835]","[0.5531576730049363, 1.0333552186566515]",10418.076815906621,0.7932564458307939,0.0,orcd,0.0,/home/txenakis/projects/BVPsolver/logs/array_20391846_175.err,default,GELU-scaled,177,0,/home/txenakis/projects/BVPsolver/logs/array_20391846_175.out,none,none,vanderpol,fast,12,exact,0.0,1000,267.284639725,0.0,2026-08-13T22:55:08.106,shooting,267.284639725,1,2,10000,12,150,True,,,,,
run_YmiFh5Jc,"[1762.0754877628383, 1380594.5989632364, 2968.6290863979298]","[0.9648372555712693, 0.999992704619144, 0.9495474773999224]",461775.1011791324,0.9714591458634452,"[1.0, 1.0, 1.0]","[1.0, 1.0, 1.0]",1.0,1.0,"[2.442342552261172e+18, 3.847396734307992e+21, 2.2991920140685532e+16]","[0.018750844108282268, 2.1914145521945905, 0.3028935890223906]",1.2832873562601313e+21,0.8376863284417544,0.0,orcd,25.121292584,/home/txenakis/projects/BVPsolver/logs/array_20391846_109.err,default,GELU-scaled,188,0,/home/txenakis/projects/BVPsolver/logs/array_20391846_109.out,none,derivmatch,rober,fast,12,exact,0.0,1000,19.331514088,0.0,2026-08-13T22:34:14.467,shooting,44.452806671999994,1,2,10000,12,150,False,,,,,
run_YrdOAlhw,,,,,,,,,,,,,0.0,orcd,0.0,/home/txenakis/projects/BVPsolver/logs/array_20140853_140.err,default,mlp,243,0,/home/txenakis/projects/BVPsolver/logs/array_20140853_140.out,none,none,rober,fast,11,,0.0,1000,610.974064161,0.0,2026-08-11T02:00:31.011,shooting,610.974064161,1,2,10000,12,150,False,,,,,
run_Yxi38e6w,,,,,,,,,,,,,0.0,orcd,30.238162068,/home/txenakis/projects/BVPsolver/logs/array_20198490_339.err,default,stiff,816,0,/home/txenakis/projects/BVPsolver/logs/array_20198490_339.out,none,derivmatch,hires,fast,15,,0.0,1000,0.0,0.0,2026-08-11T10:12:31.746,none,30.238162068,1,2,10000,16,150,False,qr,,,,
run_YxkRTeUb,"[127.69878228430414, 80772.3584880978]","[0.0026295362982724, 2.2823550019303447e-06]",40450.028635191054,0.001315909326637165,"[0.9512212481040527, 0.0002670896437327561]","[0.406703286729634, 0.476307346920559]",0.47574416887389276,0.4415053168250965,"[3972.579327750501, 2102.2457543644273]","[2.4701642867204885e-08, 9.314725167586027e-09]",3037.4125410574643,1.7008184017395458e-08,100.581861157,orcd,0.0,/home/txenakis/projects/BVPsolver/logs/array_20391846_407.err,default,GELU-scaled,177,0,/home/txenakis/projects/BVPsolver/logs/array_20391846_407.out,none,none,davis-skodje,fast,12,exact,0.0,1000,0.0,0.0,2026-08-14T00:20:53.096,collocation,100.581861157,3,2,10000,12,150,False,,,,,
run_YzkQoc6X,,,,,,,,,,,,,0.0,orcd,25.590425389,/home/txenakis/projects/BVPsolver/logs/array_20140853_300.err,default,GELU-scaled,177,0,/home/txenakis/projects/BVPsolver/logs/array_20140853_300.out,none,derivmatch,vanderpol,fast,11,,0.0,1000,0.0,0.0,2026-08-11T03:19:30.896,none,25.590425389,1,2,10000,12,150,True,,,,,
run_Z7FzTWzL,"[0.9568192801585838, 0.04213139821350498, 0.756844284372085]","[0.9446593429196629, 0.14853076923389769, 0.866440912913255]",0.5852649875813912,0.6532103416889385,"[0.9999876104241286, 0.9730266251228831, 1.0186734499605012]","[0.9999871465463979, 0.9693873172839933, 1.0022175266661895]",0.9972292285025043,0.9905306634988603,"[6.681555387480705, 0.9017954128414316, 0.9230943011547668]","[0.9162699536229261, 0.9866876154806044, 0.9705483152232804]",2.8354817004923007,0.9578352947756036,68.229526249,orcd,0.0,/home/txenakis/projects/BVPsolver/logs/array_20391846_284.err,default,stiff,486,0,/home/txenakis/projects/BVPsolver/logs/array_20391846_284.out,none,none,orego,fast,12,exact,0.0,1000,0.0,0.0,2026-08-13T23:41:53.198,collocation,68.229526249,1,2,10000,16,150,False,,,,,
run_Z7traFC1,"[5206691.396838165, 1544.0758468584152]","[5.607714420349151, 1.3399372345918235]",2604117.7363425116,3.473825827470487,"[0.522683620900405, 4168.398415612917]","[0.6273404569253339, 1.6118191347841617]",2084.460549616909,1.1195797958547478,"[1.0523245109356183, 1.79400457209813]","[0.9962848824902294, 1.0000025197460547]",1.423164541516874,0.998143701118142,0.0,orcd,0.0,/home/txenakis/projects/BVPsolver/logs/array_20391846_131.err,default,stiff,268,0,/home/txenakis/projects/BVPsolver/logs/array_20391846_131.out,none,none,vanderpol,fast,14,exact,0.0,1000,117.035972049,0.0,2026-08-13T22:41:59.177,shooting,117.035972049,1,2,10000,12,150,True,,,,,
run_ZAvzfAvO,,,,,,,,,,,,,53.217940502,orcd,23.19979611,/home/txenakis/projects/BVPsolver/logs/array_20198490_485.err,default,mlp,387,0,/home/txenakis/projects/BVPsolver/logs/array_20198490_485.out,none,derivmatch,orego,fast,11,,0.0,1000,0.0,0.0,2026-08-11T13:14:24.654,collocation,76.417736612,1,2,10000,16,150,False,,,,,
run_ZByVNvGF,"[5.4843501758910005, 28155843027.992077, 190.34288958595053]","[0.025656887889247096, 0.000706152771616, 0.061169287199680275]",9385281074.606438,0.029177442620181123,"[0.9767865949005593, 69.39146398023476, 2.1837562645268188e+25]","[1.106928424274114, 221.78752820669243, 2.594862922383483e+27]",7.279187548422729e+24,8.649543074611611e+26,"[1.9071753680279013, 2.3204326537780515, 0.021685715167788666]","[1.0541911015166698e-07, 2.2199142647794946e-05, 3.823221757344112e-06]",1.4164312456579138,8.709261171763575e-06,0.0,orcd,0.0,/home/txenakis/projects/BVPsolver/logs/array_20391846_55.err,default,stiff,318,0,/home/txenakis/projects/BVPsolver/logs/array_20391846_55.out,none,none,rober,fast,13,exact,0.0,1000,515.292021622,0.0,2026-08-13T22:20:21.329,shooting,515.292021622,1,2,10000,12,150,False,,,,,
run_ZJ8TJEWG,"[5824.020610615902, 117991757.82599257, 22953.184131807895, 552.6291863687694, 613.3204411205543, 1749.1515678957433, 2.5451807838385627, 1.4108854406218074]","[1.2920361904992917e-05, 4.469098177320668e-05, 0.0007167598021483313, 0.0003595110015505423, 0.000521166867456721, 0.00028772050872041187, 0.0059837066879008215, 0.004591184349626566]",14752931.760999573,0.0015647075701351993,"[0.510737821299272, 0.8110529603602847, 0.8869574363869757, 0.8593254569920551, 0.9446512233225359, 0.9510475265768462, 0.9517111073756591, 3.492897247438664e+25]","[1.2904776984790152, 3.788671618694939, 0.8208279165876462, 0.7171051860540771, 0.8533355959388531, 0.7859561576613279, 0.8112108870664653, 1.4847223479980603e+18]",4.36612155929833e+24,1.8559029349975754e+17,"[1174974.641047245, 67981.54201833234, 3187.6779972914946, 27342.66003210297, 174694.7146589895, 601300.5775935065, 4.642003445720178, 0.9466030005082133]","[0.00020459051861118884, 0.004338642249485824, 0.02111244021410184, 0.003421652583724813, 0.013625430697946183, 0.007107300311711317, 0.044207100593697396, 0.018233175072685282]",256185.92524423925,0.01403129153024548,151.537485008,orcd,32.168793605,/home/txenakis/projects/BVPsolver/logs/array_20391846_218.err,default,stiff,816,0,/home/txenakis/projects/BVPsolver/logs/array_20391846_218.out,none,derivmatch,hires,fast,12,exact,0.0,1000,0.0,0.0,2026-08-13T23:07:59.895,collocation,183.706278613,1,2,10000,16,150,False,qr,,,,
run_ZQmimwy0,"[1.0225993095069832, 0.6309478903419512, 0.9446120141164515]","[0.9999392302477905, 0.5535556752869546, 0.9771226641912649]",0.8660530713217952,0.8435391899086699,"[0.9999927072746974, 1.0001354194942103, 0.9896400998089705]","[0.9999998591989956, 0.9999973337664211, 0.9996629620397003]",0.9965894088592927,0.999886718335039,"[0.9923628704768939, 0.7836899882677196, 0.9734369622553978]","[0.9956254196835908, 0.8225247872724505, 1.001379598637146]",0.9164966070000039,0.9398432685310625,0.0,orcd,25.417515516,/home/txenakis/projects/BVPsolver/logs/array_20391846_300.err,default,mlp,387,0,/home/txenakis/projects/BVPsolver/logs/array_20391846_300.out,none,derivmatch,orego,fast,13,exact,0.0,1000,871.804318394,0.0,2026-08-13T23:59:54.182,shooting,897.22183391,1,2,10000,16,150,False,,,,,
run_ZT9Hj6Sn,"[101860.05316097049, 2921185627.3922033, 100870.41350198987]","[0.13807413712434155, 0.9406119223469558, 0.836461008451463]",973796119.2862889,0.6383823559742534,"[1.0, 1.0, 1.0]","[0.9996668235516972, 0.9999999999999776, 1.454547967389882]",1.0,1.1514049303138523,"[1.3964977582818646e+20, 8.14414343770377e+24, 7.749251654621911e+17]","[0.7185480157246599, 3384.6517172834574, 13.434456043712796]",2.7147612874682545e+24,1132.9349071142983,14.196713974,orcd,25.761172603,/home/txenakis/projects/BVPsolver/logs/array_20391846_124.err,default,GELU-scaled,188,0,/home/txenakis/projects/BVPsolver/logs/array_20391846_124.out,none,derivmatch,rober,fast,12,exact,0.0,1000,0.0,0.0,2026-08-13T22:38:52.540,collocation,39.957886577,1,2,10000,12,150,False,,,,,
run_ZW5agrRv,"[52.92676339809207, 720.0891297694375, 237.73184882502557]","[1.0059023858524396, 1.0000001538879912, 1.0142186550171906]",336.9159139975184,1.0067070649192071,"[0.9999999993641613, 0.998940548129549, 123571359537441.33]","[0.9999999993622481, 0.9999932247602776, 267329314592.19586]",41190453179147.77,89109771531.39862,"[6.7307379754013384e+16, 1.6938385003943852e+18, 1695294380087187.5]","[0.06150677707309053, 1.0028418282977334, 1.3936525511363511]",5.876137248428287e+17,0.819333718835725,21.516255663,orcd,0.0,/home/txenakis/projects/BVPsolver/logs/array_20391846_122.err,default,GELU-scaled,188,0,/home/txenakis/projects/BVPsolver/logs/array_20391846_122.out,none,none,rober,fast,15,exact,0.0,1000,0.0,0.0,2026-08-13T22:37:45.654,collocation,21.516255663,1,2,10000,12,150,False,,,,,
run_ZaHfNqVJ,"[885871.0416659967, 2265336.3287203996, 8290.092314681537, 33994.63377810174, 168.03860604004484, 471.65432123724685, 1.1668830693332506, 0.8226352110806958]","[0.03334918901071884, 0.020297591380276234, 5.816351259208116e-06, 3.0877972980535865e-05, 2.5400555140242512e-05, 6.796312525352194e-05, 7.349821640885638e-05, 6.0565609966930535e-05]",399266.72236559226,0.006738862777750545,"[0.8424138199648024, 0.913565074695694, 0.890095589004974, 0.9207621842331802, 0.9469088715078855, 0.9604450659517424, 0.9492507984692313, 2.132091884186847e+28]","[11.33093076896653, 1.2761585363444639, 2.2495945126487893, 0.46162521408102614, 0.6772887213628301, 0.6310057551559691, 0.815115366611636, 8.063455437724823e+18]",2.665114855233559e+27,1.0079319297156028e+18,"[100000.15961902343, 242514.96521578068, 320093.4471725854, 150571.4487857888, 23989.800230161218, 27430.28860415538, 513.3954955987184, 0.48877656106475886]","[3.2493056326742065e-07, 1.201437677071086e-05, 8.550148002194694e-07, 8.792137757819054e-07, 1.0405347221479015e-06, 6.630397622679809e-07, 3.2998169310230425e-05, 9.645888847178053e-05]",108139.24923745684,1.8154271022050813e-05,147.556728691,orcd,29.829208029,/home/txenakis/projects/BVPsolver/logs/array_20391846_221.err,default,stiff,816,0,/home/txenakis/projects/BVPsolver/logs/array_20391846_221.out,none,derivmatch,hires,fast,15,exact,0.0,1000,0.0,0.0,2026-08-13T23:08:37.567,collocation,177.38593672,1,2,10000,16,150,False,qr,,,,
run_Zli0kPWD,,,,,,,,,,,,,133.169423629,orcd,0.0,/home/txenakis/projects/BVPsolver/logs/array_20198490_378.err,default,mlp,552,0,/home/txenakis/projects/BVPsolver/logs/array_20198490_378.out,none,none,hires,fast,14,,0.0,1000,0.0,0.0,2026-08-11T10:18:50.402,collocation,133.169423629,1,2,10000,16,150,False,qr,,,,
run_ZnSVkozs,"[777089.5894697763, 902019.921295084, 3408.898067273156, 273684.78576138435, 46.84793353885941, 22.85118647959125, 0.9599740196221345, 1.1137780768250292]","[1.0009742994195512, 0.999790101322091, 1.000623741021127, 0.9976011062265231, 0.9923626347685985, 1.0031408038422711, 1.0010776751352473, 0.9992055237328935]",244534.37093320407,0.9993469856835377,"[0.9999960164409814, 0.9999985016882963, 0.9999997994979665, 0.9999997980475386, 0.9999999981506993, 1.0, 1.0, 0.9999875128131585]","[0.9999994021490705, 0.9999982830861274, 0.9999998206990042, 0.9999995780085636, 0.9999999996650464, 1.0, 1.0, 0.9999999999876247]",0.99999770332983,0.9999996354494296,"[4080033.6084878785, 347847.6091560927, 8680.80926954816, 159516.2275954264, 13190.235951661285, 10635.705793971429, 14.126470742233096, 0.06758782701355494]","[1.17611397414974, 1.0401564204768294, 1.016011157271977, 1.1179844671286836, 0.9341155859959706, 1.0407143765311246, 1.1166059761984137, 0.9673093172672523]",577489.7987891434,1.0511264093774988,50.256272137,orcd,0.0,/home/txenakis/projects/BVPsolver/logs/array_20391846_265.err,default,GELU-scaled,243,0,/home/txenakis/projects/BVPsolver/logs/array_20391846_265.out,none,none,hires,fast,15,exact,0.0,1000,0.0,0.0,2026-08-13T23:38:14.737,collocation,50.256272137,1,2,10000,16,150,False,qr,,,,
run_ZpMmAyPd,,,,,,,,,,,,,0.0,orcd,26.972445684,/home/txenakis/projects/BVPsolver/logs/array_heavy_20252509_106.err,default,mlp,552,0,/home/txenakis/projects/BVPsolver/logs/array_heavy_20252509_106.out,none,derivmatch,hires,fast,12,exact,13.619767394,1000,0.0,0.0,2026-08-12T13:26:01.027,shapovalova,40.592213078,1,2,10000,16,150,False,qr,,,,
run_ZyO30zQN,,,,,,,,,,,,,0.0,orcd,0.0,/home/txenakis/projects/BVPsolver/logs/array_20198490_525.err,default,stiff,268,0,/home/txenakis/projects/BVPsolver/logs/array_20198490_525.out,none,none,davis-skodje,fast,11,,0.0,1000,591.145520086,0.0,2026-08-11T13:35:37.542,shooting,591.145520086,3,2,10000,12,150,False,,,,,
run_a1reChoq,,,,,,,,,,,,,0.0,orcd,25.738699873,/home/txenakis/projects/BVPsolver/logs/array_heavy_20252509_55.err,default,GELU-scaled,188,0,/home/txenakis/projects/BVPsolver/logs/array_heavy_20252509_55.out,none,derivmatch,rober,fast,11,,1548.839536416,1000,0.0,0.0,2026-08-12T08:31:24.784,shapovalova,1574.5782362890002,1,2,10000,12,150,False,,,,,
run_a5skM9NR,,,,,,,,,,,,,0.0,orcd,0.0,/home/txenakis/projects/BVPsolver/logs/array_heavy_20252509_51.err,default,GELU-scaled,188,0,/home/txenakis/projects/BVPsolver/logs/array_heavy_20252509_51.out,none,none,rober,fast,12,,95.408533733,1000,0.0,0.0,2026-08-12T08:03:20.112,shapovalova,95.408533733,1,2,10000,12,150,False,,,,,
run_aBQY2mbv,,,,,,,,,,,,,0.0,orcd,0.0,/home/txenakis/projects/BVPsolver/logs/array_20198490_491.err,default,GELU-scaled,188,0,/home/txenakis/projects/BVPsolver/logs/array_20198490_491.out,none,none,orego,fast,12,,0.0,1000,183.820777673,0.0,2026-08-11T13:16:08.175,shooting,183.820777673,1,2,10000,16,150,False,,,,,
run_aCasyFNo,"[2518.832150011238, 10989399.678439762, 443.1102909509426, 23019.336640488535, 448.2206706157981, 1050.471896346161, 1.024971748317645, 0.787213058907773]","[1.5139463923209776e-05, 0.00019381247899451456, 0.0015010119468141139, 0.00026417069651823744, 0.0010867928629438148, 0.0003429179056230462, 0.0038699693242403247, 0.005093131082237112]",1377110.1827841226,0.0015458682201617965,"[0.8559698990905501, 0.8194834052511774, 0.8867527715194307, 0.9286979199776062, 0.9720601840279279, 0.8975044303106212, 0.8005916267372285, 7.043762639642475e+29]","[1.2364495318319528, 0.6689416643280199, 0.8273812988796986, 0.5488409576461718, 0.7892968132454865, 0.7036010317268889, 0.8566380392766476, 2.738093820894805e+18]",8.804703299553094e+28,3.422617276118506e+17,"[106442.95932560171, 533.8520020574741, 48984.319576372465, 4311.467100970268, 742.803500670798, 623.5557261783542, 44.62635091318535, 0.5065300456225266]","[0.00010378687899137743, 0.00025151571214467315, 0.017814376552656865, 0.000877896093936433, 0.0021832466741295775, 0.0024048132450534667, 0.0026334152245176953, 0.008463800514227657]",20210.511264101235,0.004341606361957219,208.091371696,orcd,35.550659277,/home/txenakis/projects/BVPsolver/logs/array_20391846_220.err,default,stiff,816,0,/home/txenakis/projects/BVPsolver/logs/array_20391846_220.out,none,derivmatch,hires,fast,14,exact,0.0,1000,0.0,0.0,2026-08-13T23:09:57.994,collocation,243.642030973,1,2,10000,16,150,False,qr,,,,
run_aGvsCE4Y,,,,,,,,,,,,,0.0,orcd,32.675870142,/home/txenakis/projects/BVPsolver/logs/array_heavy_20252509_155.err,default,stiff,268,0,/home/txenakis/projects/BVPsolver/logs/array_heavy_20252509_155.out,none,derivmatch,davis-skodje,fast,11,exact,10.622453923,1000,0.0,0.0,2026-08-12T13:36:53.995,shapovalova,43.298324065,3,2,10000,12,150,False,,,,,
run_aS0HBuXB,"[0.9999973080927798, 0.9969465809880614, 0.9998614979944036]","[1.0000000118165988, 0.9975009696233877, 0.9999523405803095]",0.9989351290250816,0.9991511073400986,"[0.9999999487876515, 0.9998480993596061, 1.0256098086789138]","[0.9999999909487748, 1.0000290423810345, 1.0014669983031483]",1.0084859522753904,1.0004986772109858,"[0.9958987529988051, 1.148956939862509, 1.0195204936916324]","[0.9998816548870374, 1.019270809052371, 1.0003975621098817]",1.0547920621843156,1.0065166753497634,62.304873836,orcd,0.0,/home/txenakis/projects/BVPsolver/logs/array_20391846_311.err,default,mlp,387,0,/home/txenakis/projects/BVPsolver/logs/array_20391846_311.out,none,none,orego,fast,15,exact,0.0,1000,0.0,0.0,2026-08-13T23:48:23.923,collocation,62.304873836,1,2,10000,16,150,False,,,,,
run_aSM1rlub,,,,,,,,,,,,,0.0,orcd,27.348300505,/home/txenakis/projects/BVPsolver/logs/array_20198490_401.err,default,GELU-scaled,243,0,/home/txenakis/projects/BVPsolver/logs/array_20198490_401.out,none,derivmatch,hires,fast,12,,5135.746211111,1000,0.0,0.0,2026-08-11T12:07:56.544,shapovalova,5163.094511616,1,2,10000,16,150,False,qr,,,,
run_ao7hiZoV,,,,,,,,,,,,,0.0,orcd,31.745461338,/home/txenakis/projects/BVPsolver/logs/array_20198490_546.err,default,stiff,268,0,/home/txenakis/projects/BVPsolver/logs/array_20198490_546.out,none,derivmatch,davis-skodje,fast,12,,0.0,1000,0.0,0.0,2026-08-11T13:43:53.405,none,31.745461338,3,2,10000,12,150,False,,,,,
run_aqm5Miey,,,,,,,,,,,,,0.0,orcd,28.706167968,/home/txenakis/projects/BVPsolver/logs/array_20140853_148.err,default,mlp,243,0,/home/txenakis/projects/BVPsolver/logs/array_20140853_148.out,none,derivmatch,rober,fast,14,,0.0,1000,754.791719204,0.0,2026-08-11T02:06:50.272,shooting,783.497887172,1,2,10000,12,150,False,,,,,
run_ar0YzMkD,"[0.5843606248452238, 0.9223726962702439]","[0.49877681922288514, 1.0102869109156891]",0.7533666605577338,0.7545318650692872,"[0.9987462868087661, 0.9985560091882668]","[0.9915965017715505, 0.999994266569547]",0.9986511479985165,0.9957953841705487,"[1.1598580803706504, 14.107411876947321]","[1.1393456355712661, 0.999449327475596]",7.633634978658986,1.069397481523431,29.326110135,orcd,0.0,/home/txenakis/projects/BVPsolver/logs/array_20391846_188.err,default,GELU-scaled,177,0,/home/txenakis/projects/BVPsolver/logs/array_20391846_188.out,none,none,vanderpol,fast,11,exact,0.0,1000,0.0,0.0,2026-08-13T22:54:58.523,collocation,29.326110135,1,2,10000,12,150,True,,,,,
run_arYWIltj,,,,,,,,,,,,,69.239992204,orcd,32.914375131,/home/txenakis/projects/BVPsolver/logs/array_20198490_451.err,default,stiff,486,0,/home/txenakis/projects/BVPsolver/logs/array_20198490_451.out,none,derivmatch,orego,fast,12,,0.0,1000,0.0,0.0,2026-08-11T12:19:57.974,collocation,102.154367335,1,2,10000,16,150,False,,,,,
run_awr519sm,"[81489.93630859836, 167024564.1680885, 1056.2506777383126, 52851.891274242866, 2596.716930282961, 19.8190165430169, 21.764830038168178, 12.35582737241537]","[3.2642322359807313e-06, 1.7213303340663587e-06, 3.210649002483914e-06, 2.016285420792198e-06, 1.5806682938846748e-05, 2.9502532579446452e-05, 4.6043655528027516e-05, 1.932044507723741e-05]",20895326.612869162,1.5110726639610166e-05,"[0.18121390621836891, 0.9581627498618174, 0.8901837886502356, 0.9223751144184694, 0.920749624442442, 0.8542545872619234, 0.7457449533916097, 1.12959690025291e+28]","[1.1055261448512008, 13.111156263433443, 1.5191131212551374, 0.5161719042955661, 0.8152649719518535, 0.5089137925829101, 0.6879856362884793, 3.024791556595272e+18]",1.4119961253161376e+27,3.78098944574409e+17,"[5347856.279841677, 57545130.57920762, 94840.986225568, 316327.23478078825, 12341.244497674126, 15832.304814206185, 66.80827102158861, 0.4140802041384175]","[0.0023718225595772235, 0.010575027733626188, 0.014333849661121756, 2.081569653165436e-05, 0.0222756171013717, 0.00878518754832411, 0.04766209017758777, 0.0012535739434299453]",7916549.481464844,0.013409748052696293,152.944848679,orcd,33.200461751,/home/txenakis/projects/BVPsolver/logs/array_20391846_217.err,default,stiff,816,0,/home/txenakis/projects/BVPsolver/logs/array_20391846_217.out,none,derivmatch,hires,fast,11,exact,0.0,1000,0.0,0.0,2026-08-13T23:05:09.098,collocation,186.14531043,1,2,10000,16,150,False,qr,,,,
run_b1rq3NVP,,,,,,,,,,,,,0.0,orcd,0.0,/home/txenakis/projects/BVPsolver/logs/array_20140853_255.err,default,mlp,218,0,/home/txenakis/projects/BVPsolver/logs/array_20140853_255.out,none,none,vanderpol,fast,11,,3294.173309089,1000,0.0,0.0,2026-08-11T03:47:42.543,shapovalova,3294.173309089,1,2,10000,12,150,True,,,,,
run_b4kgr6pT,,,,,,,,,,,,,0.0,orcd,37.291547039,/home/txenakis/projects/BVPsolver/logs/array_20198490_442.err,default,stiff,486,0,/home/txenakis/projects/BVPsolver/logs/array_20198490_442.out,none,derivmatch,orego,fast,13,,0.0,1000,0.0,0.0,2026-08-11T12:12:50.252,none,37.291547039,1,2,10000,16,150,False,,,,,
run_b62M9weC,,,,,,,,,,,,,0.0,orcd,0.0,/home/txenakis/projects/BVPsolver/logs/array_20198490_316.err,default,stiff,816,0,/home/txenakis/projects/BVPsolver/logs/array_20198490_316.out,none,none,hires,fast,12,,0.0,1000,9260.728018003,0.0,2026-08-11T12:45:37.662,shooting,9260.728018003,1,2,10000,16,150,False,qr,,,,
run_bEe3R4Mw,"[4907071487.2597, 1251647855293.3616, 7203434183.488536, 2571865484.9247313, 420463.55863159103, 306181.5989025711, 2322.538076809516, 3263.7418707843813]","[0.01774185309272366, 0.01931784381156184, 0.41398516933954194, 0.01388708607504661, 0.38023351172877756, 0.04427633560197121, 0.5905001018376763, 0.41703057088748774]",158291369835.05902,0.23712155904684837,"[0.33422531053015797, 0.216869071919754, 0.6960923820404437, 0.627935564660921, 0.6539257458007384, 0.2585280769817317, 0.041934601504728795, 8.768855502509974e+31]","[0.942607084387774, 0.3861853907579752, 0.8638207335893918, 0.6441323423049324, 0.653957370993019, 0.19101831570765565, 1.342718048500132, 1.3947940863352617e+20]",1.0961069378137467e+31,1.7434926079190772e+19,"[0.4739159923255674, 52.20831256309641, 248.3168475673228, 32.48694687905566, 58167.318979589436, 148141.2929523289, 18.820744400899553, 0.9959211382745271]","[0.00012226729089327677, 0.003241017118152054, 0.003729804639583756, 0.0004951663481197196, 0.10537738635105423, 0.08734144289304413, 0.01407675425889985, 0.018980985342879446]",25832.739327557414,0.02917060303032831,0.0,orcd,30.234918868,/home/txenakis/projects/BVPsolver/logs/array_20391846_226.err,default,mlp,552,0,/home/txenakis/projects/BVPsolver/logs/array_20391846_226.out,none,derivmatch,hires,fast,11,exact,0.0,1000,1295.247631082,0.0,2026-08-13T23:31:41.580,shooting,1325.48254995,1,2,10000,16,150,False,qr,,,,
run_bFl5Brt6,"[1606385647.0136304, 54133067224.13648, 197580628.75513858, 1927872182.511845, 272798.4808633481, 936796.2036418308, 14425.645870818831, 4175.051104714853]","[0.011245408697590232, 0.0010289977753650042, 0.35654771312433664, 0.02701029798135507, 0.24638684793126286, 0.03717872550393835, 1.0259126013056625, 0.883838068408563]",7233266734.724824,0.3236435825910092,"[0.11960457696053046, 0.37017930690945244, 0.594681174589678, 0.5087631329605027, 0.519393930393958, 0.011819581189650846, 0.5327380274605342, 7.837713392024022e+29]","[0.9190330606873996, 0.45890313223508117, 0.8092165330751995, 0.5182416654658101, 0.5181090019272951, 0.030337918731777602, 2.2481996462398883, 9.781734151942221e+17]",9.797141740030027e+28,1.2227167689927776e+17,"[22.62211041438279, 50.9096052917446, 368.67516983702666, 1316.5763965001822, 18627.813238745657, 53800.44437702556, 16.307856206522295, 0.9000889440496888]","[4.784917485319861e-05, 0.0008801114327158265, 0.007643917542061804, 0.004384950542448044, 0.02701543040353303, 0.025724411574233906, 0.01965934577989697, 0.01137789934118478]",9275.531105370641,0.012091739473865945,0.0,orcd,23.160454787,/home/txenakis/projects/BVPsolver/logs/array_20391846_227.err,default,mlp,552,0,/home/txenakis/projects/BVPsolver/logs/array_20391846_227.out,none,derivmatch,hires,fast,12,exact,0.0,1000,1217.727850056,0.0,2026-08-13T23:30:08.725,shooting,1240.888304843,1,2,10000,16,150,False,qr,,,,
run_bGVODmNz,,,,,,,,,,,,,22.714042751,orcd,24.810036557,/home/txenakis/projects/BVPsolver/logs/array_20140853_279.err,default,mlp,218,0,/home/txenakis/projects/BVPsolver/logs/array_20140853_279.out,none,derivmatch,vanderpol,fast,15,,0.0,1000,0.0,0.0,2026-08-11T03:06:15.814,collocation,47.524079308,1,2,10000,12,150,True,,,,,
run_bH0SdpPm,,,,,,,,,,,,,0.0,orcd,28.000023725,/home/txenakis/projects/BVPsolver/logs/array_20198490_510.err,default,GELU-scaled,188,0,/home/txenakis/projects/BVPsolver/logs/array_20198490_510.out,none,derivmatch,orego,fast,11,,0.0,1000,0.0,0.0,2026-08-11T13:18:31.537,none,28.000023725,1,2,10000,16,150,False,,,,,
run_bNlWGHYF,,,,,,,,,,,,,28.273631335,orcd,0.0,/home/txenakis/projects/BVPsolver/logs/array_20140853_309.err,default,GELU-scaled,177,0,/home/txenakis/projects/BVPsolver/logs/array_20140853_309.out,none,none,vanderpol,fast,15,,0.0,1000,0.0,0.0,2026-08-11T03:25:12.016,collocation,28.273631335,1,2,10000,12,150,True,,,,,
run_bWQNxSxR,,,,,,,,,,,,,0.0,orcd,25.195402275,/home/txenakis/projects/BVPsolver/logs/array_20140853_198.err,default,GELU-scaled,188,0,/home/txenakis/projects/BVPsolver/logs/array_20140853_198.out,none,derivmatch,rober,fast,14,,0.0,1000,0.0,0.0,2026-08-11T02:19:37.994,none,25.195402275,1,2,10000,12,150,False,,,,,
run_bYPklW7x,"[12735993.53143511, 2965.558379184955]","[12.87107005011327, 1.3632461806479785]",6369479.544907147,7.117158115380624,"[0.6180281419447898, 3771.7431169772613]","[0.7465636844573484, 1.2648612238001709]",1886.180572559603,1.0057124541287596,"[0.9998889699713766, 27.824564050471633]","[0.9611709232490089, 1.0000150025075354]",14.412226510221505,0.9805929628782721,43.040051643,orcd,0.0,/home/txenakis/projects/BVPsolver/logs/array_20391846_146.err,default,stiff,268,0,/home/txenakis/projects/BVPsolver/logs/array_20391846_146.out,none,none,vanderpol,fast,15,exact,0.0,1000,0.0,0.0,2026-08-13T22:44:41.365,collocation,43.040051643,1,2,10000,12,150,True,,,,,
run_bhAYe4jX,"[3.0828360010661684, 0.541259448020837, 66.94488773543787, 124.4929475715284, 52755.30545931521, 26532.046233332123, 0.0760535426767529, 0.028158352058843872, 0.2760985199430106, 16139.668462825111, 8166.830752775496, 0.12402113675295123, 8.792468044382753, 29.713796864938196, 0.06921641189466164, 898202.2604007819, 0.22342248666838233, 0.293542474929304, 5.4284511169539424, 1.7153845680432953]","[0.0009818104337966339, 0.000655883182974399, 0.9999935024408344, 0.041403579790842485, 0.7741230578377835, 0.6010164323010131, 0.012103211481843606, 0.011272522096587927, 0.2818261526466983, 0.5694643973735745, 0.7278488161986816, 0.0887391478073362, 0.016221360283793042, 0.10843015653253534, 0.016671792683267676, 0.9999999999820417, 0.3015815634576044, 0.33053397037381516, 0.12407817210860905, 0.29217491742977386]",50101.89569266526,0.31495602232217046,"[0.9999999999998754, 0.9999999986156193, 0.9999994287647062, 0.9999999241171934, 0.9999998900355688, 0.99999999903158, 0.9999999999759981, 1.0, 1.0, 1.0, 1.0, 1.0, 0.9999999999999994, 0.9999999999999998, 0.9999999999999992, 0.9999999999999981, 6.955400851023493e+270, 2.0693196605242263e+270, 5.738358390394574e+269, 4.8624877405126975e+258]","[0.9999999999981541, 0.9999999925541222, 0.9999960950281866, 0.9999997196652142, 0.9999998885725415, 0.9999998981266396, 0.9999999916945914, 1.0, 1.0, 1.0, 1.0, 0.9999999999999997, 0.9999999999999997, 0.9999999999999997, 0.9999999999999982, 0.9999999999999886, 3.564083048190048e+272, 9.324200892875364e+271, 1.2651585492432251e+271, 1.0589780771789468e+259]",4.799278175296021e+269,2.311509496201006e+271,"[0.0018727462762940397, 0.005235479747842602, 0.30155726851390924, 6.813741581130296, 71.73891956007444, 652.3550967313995, 5.6976871628784074e-05, 4.881490609388801e-07, 0.0017241405983920775, 620.0850763054981, 441.431425494123, 0.0036620183583646114, 0.018930275812713053, 4.928539369400405, 0.006896601604116605, 95089.17189600176, 0.0003461334778264744, 0.008795686224651973, 0.46001783538024477, 0.04725044503299778]","[0.00019195914107004197, 1.3730489222300653e-05, 0.1614979017293584, 0.0013115662495685613, 1.0975481279423174, 1.632691192735478, 4.430290576335632e-07, 9.779977075604999e-08, 8.782689229948776e-06, 1.602772981541996, 1.9281409117243662, 0.0013482861243528023, 0.007022656078493643, 0.010335913657255105, 0.00047649893448668525, 52.607453332627834, 1.7332860549355828e-06, 0.0019813444185903255, 0.03610017952579177, 0.005637828619705769]",4844.369052056972,2.9547267734171996,0.0,orcd,28.753775524,/home/txenakis/projects/BVPsolver/logs/array_20391846_40.err,default,GELU-scaled,650,0,/home/txenakis/projects/BVPsolver/logs/array_20391846_40.out,none,derivmatch,pollu,fast,13,exact,0.0,1000,0.0,0.0,2026-08-13T22:10:43.784,none,28.753775524,1,3,30000,32,150,False,,,,,
run_bjTCinDs,,,,,,,,,,,,,0.0,orcd,0.0,/home/txenakis/projects/BVPsolver/logs/array_heavy_20252509_170.err,default,GELU-scaled,177,0,/home/txenakis/projects/BVPsolver/logs/array_heavy_20252509_170.out,none,none,davis-skodje,fast,11,exact,9.213629867,1000,0.0,0.0,2026-08-12T13:40:00.681,shapovalova,9.213629867,3,2,10000,12,150,False,,,,,
run_bjUd2HXi,"[0.009873810419397125, 5829443116154.934, 44.57527450217024]","[1.3653129438801508e-05, 1.0866615663667649e-06, 3.600128241727687e-06]",1943147705399.8396,6.113306415631987e-06,"[0.6343320178311121, 2694.8070086749267, 1.5728340767506252e+25]","[0.8542497565164442, 26176.92415125731, 5.821887671068194e+28]",5.242780255835417e+24,1.9406292236893981e+28,"[0.8444719888156854, 27.982757359280125, 0.7179360270538901]","[1.0231970800997129e-09, 1.5304577076757082e-07, 1.163041075290555e-08]",9.848388458383234,5.523312620019203e-08,25.418635171,orcd,0.0,/home/txenakis/projects/BVPsolver/logs/array_20391846_72.err,default,stiff,318,0,/home/txenakis/projects/BVPsolver/logs/array_20391846_72.out,none,none,rober,fast,15,exact,0.0,1000,0.0,0.0,2026-08-13T22:23:45.483,collocation,25.418635171,1,2,10000,12,150,False,,,,,
run_bkY5WSUS,,,,,,,,,,,,,0.0,orcd,30.753402206,/home/txenakis/projects/BVPsolver/logs/array_heavy_20252509_157.err,default,stiff,268,0,/home/txenakis/projects/BVPsolver/logs/array_heavy_20252509_157.out,none,derivmatch,davis-skodje,fast,13,exact,11.100883721,1000,0.0,0.0,2026-08-12T13:37:36.143,shapovalova,41.854285927,3,2,10000,12,150,False,,,,,
run_bm0tMVBA,,,,,,,,,,,,,0.0,orcd,29.084592989,/home/txenakis/projects/BVPsolver/logs/array_heavy_20252509_66.err,default,stiff,268,0,/home/txenakis/projects/BVPsolver/logs/array_heavy_20252509_66.out,none,derivmatch,vanderpol,fast,12,,4543.573747806,1000,0.0,0.0,2026-08-12T09:54:28.431,shapovalova,4572.658340795,1,2,10000,12,150,True,,,,,
run_boQSo1mT,,,,,,,,,,,,,0.0,orcd,0.0,/home/txenakis/projects/BVPsolver/logs/array_20198490_318.err,default,stiff,816,0,/home/txenakis/projects/BVPsolver/logs/array_20198490_318.out,none,none,hires,fast,14,,0.0,1000,5502.076839201,0.0,2026-08-11T11:43:10.512,shooting,5502.076839201,1,2,10000,16,150,False,qr,,,,
run_bp2j6mr6,,,,,,,,,,,,,0.0,orcd,38.346730683,/home/txenakis/projects/BVPsolver/logs/array_20198490_320.err,default,stiff,816,0,/home/txenakis/projects/BVPsolver/logs/array_20198490_320.out,none,derivmatch,hires,fast,11,,0.0,1000,9700.610201658,0.0,2026-08-11T12:53:50.511,shooting,9738.956932341001,1,2,10000,16,150,False,qr,,,,
run_bqoK2Mq3,,,,,,,,,,,,,0.0,orcd,30.363551083,/home/txenakis/projects/BVPsolver/logs/array_heavy_20252509_125.err,default,stiff,486,0,/home/txenakis/projects/BVPsolver/logs/array_heavy_20252509_125.out,none,derivmatch,orego,fast,11,exact,13.369909789,1000,0.0,0.0,2026-08-12T13:30:17.939,shapovalova,43.733460872,1,2,10000,16,150,False,,,,,
run_bsY9EEa2,"[271.15055157874036, 92.3507416179611, 901.3200757439876, 2940.2250975701922, 31859.40206376581, 11416.515484572488, 0.046405101306419394, 0.05199904985974705, 1.3577562732177932, 7347.65788903331, 3370.33720672965, 0.5280195450173498, 33.291684946774765, 241.639360427915, 0.27981634183914544, 60421.13604580922, 0.9125977708312253, 1.2179404575316701, 16.180896303074682, 0.8017989144210913]","[0.0034353557871572428, 0.003746854908945014, 0.9999934850081349, 0.0326042043834439, 0.7687915220982978, 0.6146486961117946, 0.04090309342825338, 0.039798841365429806, 0.15678427546601967, 0.5890904921063262, 0.746667852058086, 0.14145788641303186, 0.04908611172769301, 0.40932070289363637, 0.006789560605876584, 0.9999999999815494, 0.2773930873511837, 0.28826445658340305, 0.308003720028601, 0.010715028898506646]",5945.820171577658,0.32437476136026855,"[0.999999999999724, 0.9999999999333833, 0.9999999966948785, 0.9999999977273132, 0.9999999999955866, 0.9999999999999978, 1.0, 1.0, 1.0, 1.0, 1.0, 1.0, 0.9999999999999998, 1.0, 0.9999999999999996, 0.9999999999999984, 2.855891730126838e+270, 8.203858937724478e+269, 1.7719766918125565e+269, 5.556138241371639e+256]","[0.9999999999973059, 0.9999999857981273, 0.9999996283589363, 0.9999998601304383, 0.9999999657175862, 0.999999961288341, 0.9999999891514245, 0.9999999465111277, 0.9999999999999997, 1.0, 1.0, 0.9999999999999997, 0.9999999999999997, 0.9999999999999997, 0.9999999999999983, 0.9999999999999896, 2.5819650436478422e+272, 6.507128136240218e+271, 2.0847348043467238e+271, 1.1746777618363125e+260]",1.9267376465402982e+269,1.7205756688538558e+271,"[0.11352628171337792, 0.011313826527097854, 10.010850177652284, 2.2126339954775496, 583.7065402008244, 50.06845107193256, 0.000212390729169575, 1.0302428207312352e-05, 0.012869914328249087, 54.653180656197705, 19.18473136005656, 0.018447964972686654, 0.07568151374426098, 60.590103086983255, 0.058270789660539286, 82325.97555619458, 0.0031120019747631344, 0.1014862643230137, 0.0090303406194363, 0.1363471615608874]","[0.0020945622661471632, 0.0001370199539688127, 0.24767912538999326, 0.012306407759474216, 1.143875440426497, 1.1785914554724892, 1.9305895183524907e-06, 2.6843418657066793e-07, 1.7879586223180617e-05, 1.1493239654122538, 1.4246931895589474, 0.004109744614357291, 0.02224507346533607, 0.25635198050186114, 0.002559368406732391, 51.12516036397665, 6.122062101442323e-06, 0.0078112411883047754, 0.061536983579040444, 0.005142907332203517]",4155.347117774813,2.8321822514988146,1032.866089816,orcd,28.442091178,/home/txenakis/projects/BVPsolver/logs/array_20391846_49.err,default,GELU-scaled,650,0,/home/txenakis/projects/BVPsolver/logs/array_20391846_49.out,none,derivmatch,pollu,fast,12,exact,0.0,1000,0.0,0.0,2026-08-13T22:29:42.478,collocation,1061.3081809940002,1,3,30000,32,150,False,,,,,
run_c05QR5YL,,,,,,,,,,,,,0.0,orcd,28.64088343,/home/txenakis/projects/BVPsolver/logs/array_20198490_335.err,default,stiff,816,0,/home/txenakis/projects/BVPsolver/logs/array_20198490_335.out,none,derivmatch,hires,fast,11,,0.0,1000,0.0,0.0,2026-08-11T10:11:52.897,none,28.64088343,1,2,10000,16,150,False,qr,,,,
run_c7BmYEFh,,,,,,,,,,,,,65.82035951,orcd,0.0,/home/txenakis/projects/BVPsolver/logs/array_20198490_483.err,default,mlp,387,0,/home/txenakis/projects/BVPsolver/logs/array_20198490_483.out,none,none,orego,fast,14,,0.0,1000,0.0,0.0,2026-08-11T13:13:27.517,collocation,65.82035951,1,2,10000,16,150,False,,,,,
run_c98Pim4H,,,,,,,,,,,,,0.0,orcd,0.0,/home/txenakis/projects/BVPsolver/logs/array_heavy_20252509_162.err,default,mlp,218,0,/home/txenakis/projects/BVPsolver/logs/array_heavy_20252509_162.out,none,none,davis-skodje,fast,13,exact,9.559310577,1000,0.0,0.0,2026-08-12T13:38:33.666,shapovalova,9.559310577,3,2,10000,12,150,False,,,,,
run_c9cehf7n,,,,,,,,,,,,,0.0,orcd,31.067466906,/home/txenakis/projects/BVPsolver/logs/array_20140853_215.err,default,stiff,268,0,/home/txenakis/projects/BVPsolver/logs/array_20140853_215.out,none,derivmatch,vanderpol,fast,11,,0.0,1000,2243.489504763,0.0,2026-08-11T03:02:28.469,shooting,2274.5569716689997,1,2,10000,12,150,True,,,,,
run_cHeruEZV,"[2205.935981594448, 5214.435241160779, 2.2532179999807713]","[2.2568410964372645, 3949.88681548835, 1.8538721167507815]",2474.2081469184027,1317.999176233846,"[0.9998832238630768, 1.000606861749772, 0.9916571741927847]","[0.9998556781856154, 0.9999985488282954, 0.9999655466005818]",0.9973824199352112,0.9999399245381642,"[6.602132579580267, 32.25536725302164, 4.979028997876603]","[1.0461975283728893, 3.104973520136804, 0.9402498138987049]",14.612176276826169,1.697140287469466,0.0,orcd,0.0,/home/txenakis/projects/BVPsolver/logs/array_20391846_317.err,default,GELU-scaled,188,0,/home/txenakis/projects/BVPsolver/logs/array_20391846_317.out,none,none,orego,fast,11,exact,0.0,1000,285.086575039,0.0,2026-08-13T23:53:42.382,shooting,285.086575039,1,2,10000,16,150,False,,,,,
run_cItLTwCY,,,,,,,,,,,,,0.0,orcd,0.0,/home/txenakis/projects/BVPsolver/logs/array_20140853_152.err,default,mlp,243,0,/home/txenakis/projects/BVPsolver/logs/array_20140853_152.out,none,none,rober,fast,13,,3172.170759875,1000,0.0,0.0,2026-08-11T02:47:58.500,shapovalova,3172.170759875,1,2,10000,12,150,False,,,,,
run_cJGJBcOv,,,,,,,,,,,,,0.0,orcd,31.464637975,/home/txenakis/projects/BVPsolver/logs/array_20140853_92.err,default,GELU-scaled,650,0,/home/txenakis/projects/BVPsolver/logs/array_20140853_92.out,none,derivmatch,pollu,fast,13,,0.0,1000,0.0,0.0,2026-08-11T01:28:01.712,none,31.464637975,1,3,30000,32,150,False,,,,,
run_cKdkYfnm,,,,,,,,,,,,,0.0,orcd,36.191546103,/home/txenakis/projects/BVPsolver/logs/array_heavy_20252509_68.err,default,stiff,268,0,/home/txenakis/projects/BVPsolver/logs/array_heavy_20252509_68.out,none,derivmatch,vanderpol,fast,14,,6072.108036165,1000,0.0,0.0,2026-08-12T11:24:31.552,shapovalova,6108.299582268,1,2,10000,12,150,True,,,,,
run_cPGRlpWP,,,,,,,,,,,,,5103.915766883,orcd,0.0,/home/txenakis/projects/BVPsolver/logs/array_20140853_61.err,default,mlp,3444,0,/home/txenakis/projects/BVPsolver/logs/array_20140853_61.out,none,none,pollu,fast,12,,0.0,1000,0.0,0.0,2026-08-11T00:13:47.645,collocation,5103.915766883,1,3,30000,32,150,False,,,,,
run_cS44Da8y,,,,,,,,,,,,,0.0,orcd,30.138211615,/home/txenakis/projects/BVPsolver/logs/array_20140853_122.err,default,stiff,318,0,/home/txenakis/projects/BVPsolver/logs/array_20140853_122.out,none,derivmatch,rober,fast,13,,4536.179194306,1000,0.0,0.0,2026-08-11T02:58:32.992,shapovalova,4566.317405921,1,2,10000,12,150,False,,,,,
run_ccp7RRLx,,,,,,,,,,,,,0.0,orcd,0.0,/home/txenakis/projects/BVPsolver/logs/array_20198490_315.err,default,stiff,816,0,/home/txenakis/projects/BVPsolver/logs/array_20198490_315.out,none,none,hires,fast,11,,0.0,1000,8156.59818239,0.0,2026-08-11T12:27:16.930,shooting,8156.59818239,1,2,10000,16,150,False,qr,,,,
run_cdIWBPC5,,,,,,,,,,,,,5172.75368828,orcd,0.0,/home/txenakis/projects/BVPsolver/logs/array_20140853_26.err,default,stiff,4744,0,/home/txenakis/projects/BVPsolver/logs/array_20140853_26.out,none,none,pollu,fast,12,,0.0,1000,0.0,0.0,2026-08-11T00:08:57.389,collocation,5172.75368828,1,3,30000,32,150,False,,,,,
run_cesik6qQ,"[2.214120244828627, 1904164001453.5127, 17.923726138006185]","[9.198808879971632e-07, 1.7663451958429314e-07, 1.154999925161288e-06]",634721333824.5502,7.50505110914248e-07,"[0.9393809679580922, 30559.01829551208, 8.502545021879912e+21]","[0.9644245198689358, 48046.09883415712, 2.1841174319128256e+27]",2.834181673959971e+21,7.280391439709419e+26,"[0.2965010911263801, 0.20246418501230706, 0.10415314744019698]","[6.356582885008674e-10, 1.1406283711633138e-07, 1.2159634092934005e-08]",0.2010394745262947,4.2286043165922084e-08,16.870087257,orcd,27.963178372,/home/txenakis/projects/BVPsolver/logs/array_20391846_77.err,default,stiff,318,0,/home/txenakis/projects/BVPsolver/logs/array_20391846_77.out,none,derivmatch,rober,fast,15,exact,0.0,1000,0.0,0.0,2026-08-13T22:24:54.947,collocation,44.833265629,1,2,10000,12,150,False,,,,,
run_cfqckQMS,,,,,,,,,,,,,0.0,orcd,0.0,/home/txenakis/projects/BVPsolver/logs/array_heavy_20252509_32.err,default,stiff,318,0,/home/txenakis/projects/BVPsolver/logs/array_heavy_20252509_32.out,none,none,rober,fast,13,,245.391235113,1000,0.0,0.0,2026-08-12T06:07:04.310,shapovalova,245.391235113,1,2,10000,12,150,False,,,,,
run_clPO9pR6,"[710313.1737926749, 5763670.316585404, 1189.1427514136358, 97190.06492641004, 305.95924217197074, 754.2015609264606, 9.360736945003291, 9.413120302710176]","[0.008255599315460029, 0.015423126698679436, 1.1906292660205053, 0.22669248203965298, 0.11447158222559706, 1.9790206160500932, 0.10256289210893868, 0.09246144263569891]",821680.204089531,0.4661896258868282,"[0.5259472940872939, 0.9945783829901832, 0.998487230792167, 0.9999806779333864, 0.9999999958333075, 0.9999999999999993, 0.9999999999999996, 0.7575529422179863]","[0.9930634448861707, 0.8658138423504304, 0.9992333666364194, 0.9999996175540437, 0.9999999999995546, 0.9999999999999997, 1.0, 0.9999998759656109]",0.9095683154817902,0.9822637684240287,"[2854271949.96582, 3898001891.576293, 610462016.691778, 374853287.89488536, 18798573.238175303, 191333311.43504542, 39208.10448973492, 2013.9207222622997]","[0.001013845955312556, 0.019054621989148413, 0.03222117926708919, 0.003600969636817723, 0.002134285222437883, 0.0027176478935916236, 0.338348817066016, 0.3534392412154815]",993470281.603401,0.09406632603073686,40.96373888,orcd,25.433185291,/home/txenakis/projects/BVPsolver/logs/array_20391846_268.err,default,GELU-scaled,243,0,/home/txenakis/projects/BVPsolver/logs/array_20391846_268.out,none,derivmatch,hires,fast,13,exact,0.0,1000,0.0,0.0,2026-08-13T23:39:23.163,collocation,66.396924171,1,2,10000,16,150,False,qr,,,,
run_czBdwuRb,,,,,,,,,,,,,161.19346648,orcd,0.0,/home/txenakis/projects/BVPsolver/logs/array_20198490_340.err,default,stiff,816,0,/home/txenakis/projects/BVPsolver/logs/array_20198490_340.out,none,none,hires,fast,11,,0.0,1000,0.0,0.0,2026-08-11T10:14:34.978,collocation,161.19346648,1,2,10000,16,150,False,qr,,,,
run_d1ORPySF,,,,,,,,,,,,,0.0,orcd,33.947107321,/home/txenakis/projects/BVPsolver/logs/array_20198490_531.err,default,stiff,268,0,/home/txenakis/projects/BVPsolver/logs/array_20198490_531.out,none,derivmatch,davis-skodje,fast,12,,0.0,1000,373.977175231,0.0,2026-08-11T13:38:35.794,shooting,407.92428255199997,3,2,10000,12,150,False,,,,,
run_d4S9XZLj,"[368589558.99037725, 171817929.37656307]","[0.7287290666291109, 0.9874521815318835]",270203744.18347013,0.8580906240804972,"[0.9077518859377902, 0.0014784990628629194]","[0.9615239905974562, 0.41385595168394845]",0.45461519250032656,0.6876899711407023,"[6397949.309028705, 16705414.077289296]","[0.08909722956281124, 0.5655101419965286]",11551681.693159001,0.32730368577966995,118.179980458,orcd,0.0,/home/txenakis/projects/BVPsolver/logs/array_20391846_383.err,default,mlp,218,0,/home/txenakis/projects/BVPsolver/logs/array_20391846_383.out,none,none,davis-skodje,fast,13,exact,0.0,1000,0.0,0.0,2026-08-14T00:17:07.541,collocation,118.179980458,3,2,10000,12,150,False,,,,,
run_d90W8OBQ,"[1257752.2164481545, 712326.8442214542, 19453.377706897118, 196188.50298721428, 615.096932679336, 1930.246613091707, 1.1452717337030611, 0.9617815020728925]","[0.11552529152081949, 0.8636161087549178, 2.0294338001806276, 0.9482183057721092, 0.06282905980533053, 2.039507366438571, 1.8046697881441605, 1.7276873383392712]",273533.54899534094,1.1989358823694758,"[0.9917027605781134, 0.9999221428215846, 1.0, 1.0, 1.0, 1.0, 1.0, 0.9960506904126959]","[0.9943078377788239, 0.988391540379054, 0.9999987207228838, 0.9999999504823822, 1.0, 1.0, 1.0, 0.9999999634827109]",0.9984594492265493,0.9978372516057319,"[1144.0914122819545, 69.13051176394876, 429.95437014161837, 7.821571725540096, 32616.801005399007, 101456.25330826301, 15.289199850633151, 0.844560052701912]","[0.0014226063727816782, 0.5937169910029059, 0.029131158671887168, 0.0031113183783065997, 0.00010754958465405341, 0.0023957409983917577, 0.015068778023237101, 0.016502941440866517]",16967.523242434803,0.08268213555912886,0.0,orcd,0.0,/home/txenakis/projects/BVPsolver/logs/array_20391846_246.err,default,GELU-scaled,243,0,/home/txenakis/projects/BVPsolver/logs/array_20391846_246.out,none,none,hires,fast,11,exact,0.0,1000,380.787447305,0.0,2026-08-13T23:35:50.007,shooting,380.787447305,1,2,10000,16,150,False,qr,,,,
run_dD4ptTfu,"[97783559.55003834, 1.390578532627341e+17, 220304776.08119693]","[337.6415641195133, 6.652343025225729, 26.441881689571677]",4.635261786027414e+16,123.57859627810357,"[0.9998086419846279, 33242935.54298354, 5.540434995269585e+30]","[0.9991422654010759, 30.885273443860065, 3.658092486843039e+29]",1.8468116650898616e+30,1.2193641622810128e+29,"[13.229537203618577, 3911.7442748911753, 0.2801878565419654]","[0.08739444745732677, 178.75480530713048, 0.34105335283313987]",1308.4179999837786,59.72775103580698,0.0,orcd,0.0,/home/txenakis/projects/BVPsolver/logs/array_20391846_79.err,default,mlp,243,0,/home/txenakis/projects/BVPsolver/logs/array_20391846_79.out,none,none,rober,fast,12,exact,0.0,1000,190.588217533,0.0,2026-08-13T22:27:15.229,shooting,190.588217533,1,2,10000,12,150,False,,,,,
run_dEjFQbRE,"[227774.8596148456, 1209935840.9584608]","[0.0006819676649327333, 0.36008957946376946]",605081807.9090378,0.1803857735643511,"[0.00021963230408118242, 0.0005366332558119902]","[0.4057908344197802, 0.5314734759064894]",0.0003781327799465863,0.46863215516313483,"[531585.9536994791, 141531.1995298094]","[2.8784789294744886e-05, 0.018336607890794318]",336558.57661464426,0.009182696340044531,0.0,orcd,23.510702701,/home/txenakis/projects/BVPsolver/logs/array_20391846_377.err,default,mlp,218,0,/home/txenakis/projects/BVPsolver/logs/array_20391846_377.out,none,derivmatch,davis-skodje,fast,12,exact,0.0,1000,0.0,0.0,2026-08-14T00:14:45.907,none,23.510702701,3,2,10000,12,150,False,,,,,
run_dJeE8YOG,,,,,,,,,,,,,0.0,orcd,25.734624785,/home/txenakis/projects/BVPsolver/logs/array_heavy_20252509_167.err,default,mlp,218,0,/home/txenakis/projects/BVPsolver/logs/array_heavy_20252509_167.out,none,derivmatch,davis-skodje,fast,13,exact,7.781740162,1000,0.0,0.0,2026-08-12T13:40:23.079,shapovalova,33.516364947,3,2,10000,12,150,False,,,,,
run_dNlaaKIE,"[11.819551371442506, 8921124.580719981]","[1.0675397188786387e-06, 1.992921830965759e-06]",4460568.200135676,1.5302307749221989e-06,"[0.791619845404624, 0.0008451836338536592]","[0.45804528147556045, 1.0994266558394648]",0.39623251451923885,0.7787359686575126,"[77612960035.49136, 442418828823093.75]","[6.166427498929607e-06, 0.012007487548880695]",221248220891564.62,0.006006826988189812,0.0,orcd,30.699001301,/home/txenakis/projects/BVPsolver/logs/array_20391846_355.err,default,stiff,268,0,/home/txenakis/projects/BVPsolver/logs/array_20391846_355.out,none,derivmatch,davis-skodje,fast,15,exact,0.0,1000,0.0,0.0,2026-08-14T00:10:48.671,none,30.699001301,3,2,10000,12,150,False,,,,,
run_dTBPglRw,"[32648878.057581987, 1.7538243763805727e+18, 394408428.0818381]","[155.60267675375476, 1.1216096672480538, 5.823095569207764]",5.846081256025434e+17,54.18246066340353,"[0.9997472446536277, 57786135.70112652, 1.0207358517194172e+29]","[0.9998267926387658, 0.7741440284014334, 5.51801258410883e+27]",3.402452839064724e+28,1.8393375280362764e+27,"[2.0408981905317933, 3268.983511981211, 1.3869173151274594]","[0.2149550906738766, 8649.75306138462, 1.9529465500065055]",1090.8037758289568,2883.973654341767,0.0,orcd,23.010379034,/home/txenakis/projects/BVPsolver/logs/array_20391846_85.err,default,mlp,243,0,/home/txenakis/projects/BVPsolver/logs/array_20391846_85.out,none,derivmatch,rober,fast,13,exact,0.0,1000,308.131977361,0.0,2026-08-13T22:31:16.591,shooting,331.142356395,1,2,10000,12,150,False,,,,,
run_dZwjurm1,,,,,,,,,,,,,0.0,orcd,0.0,/home/txenakis/projects/BVPsolver/logs/array_20140853_214.err,default,stiff,268,0,/home/txenakis/projects/BVPsolver/logs/array_20140853_214.out,none,none,vanderpol,fast,15,,0.0,1000,2494.197250605,0.0,2026-08-11T03:06:01.306,shooting,2494.197250605,1,2,10000,12,150,True,,,,,
run_dbWZfyOx,"[32847.13439637032, 2587305603.3416243]","[8.764627649440388e-05, 2.9542561198651925e-06]",1293669225.2380104,4.530026630713454e-05,"[13.677140828787152, 4.439842332753124e-06]","[2.5607600248301075, 0.2231964181525701]",6.838572634314742,1.3919782214913388,"[54.68208195845942, 10258.232540617093]","[6.382880334419312e-10, 2.108735208027876e-09]",5156.457311287776,1.3735116207349036e-09,146.330323048,orcd,55.658871865,/home/txenakis/projects/BVPsolver/logs/array_20391846_389.err,default,mlp,218,0,/home/txenakis/projects/BVPsolver/logs/array_20391846_389.out,none,derivmatch,davis-skodje,fast,14,exact,0.0,1000,0.0,0.0,2026-08-14T00:20:22.908,collocation,201.989194913,3,2,10000,12,150,False,,,,,
run_deJV6SrE,,,,,,,,,,,,,0.0,orcd,25.380726886,/home/txenakis/projects/BVPsolver/logs/array_20140853_147.err,default,mlp,243,0,/home/txenakis/projects/BVPsolver/logs/array_20140853_147.out,none,derivmatch,rober,fast,13,,0.0,1000,382.008975072,0.0,2026-08-11T01:59:47.091,shooting,407.389701958,1,2,10000,12,150,False,,,,,
run_dmG8mHuF,"[1.1009906197214596, 1.8457338235695746]","[0.5037150945330613, 1.004245424271172]",1.4733622216455171,0.7539802594021167,"[0.9818780312706737, 0.9932065621084535]","[0.9837605468904762, 0.9999856916021699]",0.9875422966895636,0.991873119246323,"[1.2049275318711625, 8.159172308428124]","[1.2808629746099855, 0.9987260535805292]",4.682049920149643,1.1397945140952574,32.387111284,orcd,0.0,/home/txenakis/projects/BVPsolver/logs/array_20391846_189.err,default,GELU-scaled,177,0,/home/txenakis/projects/BVPsolver/logs/array_20391846_189.out,none,none,vanderpol,fast,12,exact,0.0,1000,0.0,0.0,2026-08-13T22:56:35.323,collocation,32.387111284,1,2,10000,12,150,True,,,,,
run_dmbM1qdS,"[1.0362051999863755, 0.847618452845844, 0.9185533974180791]","[0.9994048251590943, 0.5624195565774014, 0.944092305036993]",0.9341256834167662,0.8353055622578296,"[0.9999863921838738, 5.038358482697553, 23.427251300532166]","[0.9997913830617864, 1.0036615785054506, 1.0152908051506053]",9.82186539180453,1.0062479222392806,"[0.9849065839910942, 0.7030827991567238, 0.9531857271929176]","[0.9988536562965449, 0.9184770823819586, 0.9980920333809212]",0.8803917034469118,0.9718075906864749,0.0,orcd,24.364741184,/home/txenakis/projects/BVPsolver/logs/array_20391846_298.err,default,mlp,387,0,/home/txenakis/projects/BVPsolver/logs/array_20391846_298.out,none,derivmatch,orego,fast,11,exact,0.0,1000,1626.21857798,0.0,2026-08-14T00:11:37.937,shooting,1650.583319164,1,2,10000,16,150,False,,,,,
run_ds9M0pck,,,,,,,,,,,,,0.0,orcd,29.105006471,/home/txenakis/projects/BVPsolver/logs/array_heavy_20252509_99.err,default,stiff,816,0,/home/txenakis/projects/BVPsolver/logs/array_heavy_20252509_99.out,none,derivmatch,hires,fast,15,exact,19.797425361,1000,0.0,0.0,2026-08-12T13:22:21.392,shapovalova,48.902431832,1,2,10000,16,150,False,qr,,,,
run_dtDIOFFq,,,,,,,,,,,,,40.734709426,orcd,0.0,/home/txenakis/projects/BVPsolver/logs/array_20140853_235.err,default,stiff,268,0,/home/txenakis/projects/BVPsolver/logs/array_20140853_235.out,none,none,vanderpol,fast,11,,0.0,1000,0.0,0.0,2026-08-11T02:46:51.719,collocation,40.734709426,1,2,10000,12,150,True,,,,,
run_dv11LuSc,,,,,,,,,,,,,0.0,orcd,31.752752133,/home/txenakis/projects/BVPsolver/logs/array_20140853_59.err,default,mlp,3444,0,/home/txenakis/projects/BVPsolver/logs/array_20140853_59.out,none,derivmatch,pollu,fast,15,,0.0,1000,0.0,0.0,2026-08-10T22:48:30.146,none,31.752752133,1,3,30000,32,150,False,,,,,
run_dxKPmCBd,,,,,,,,,,,,,0.0,orcd,26.780387782,/home/txenakis/projects/BVPsolver/logs/array_20140853_196.err,default,GELU-scaled,188,0,/home/txenakis/projects/BVPsolver/logs/array_20140853_196.out,none,derivmatch,rober,fast,12,,0.0,1000,0.0,0.0,2026-08-11T02:18:22.487,none,26.780387782,1,2,10000,12,150,False,,,,,
run_dyhabTlB,,,,,,,,,,,,,0.0,orcd,24.726185565,/home/txenakis/projects/BVPsolver/logs/array_20198490_358.err,default,mlp,552,0,/home/txenakis/projects/BVPsolver/logs/array_20198490_358.out,none,derivmatch,hires,fast,14,,0.0,1000,1613.71658722,0.0,2026-08-11T10:39:54.986,shooting,1638.442772785,1,2,10000,16,150,False,qr,,,,
run_dzzK3kac,,,,,,,,,,,,,0.0,orcd,0.0,/home/txenakis/projects/BVPsolver/logs/array_20140853_280.err,default,GELU-scaled,177,0,/home/txenakis/projects/BVPsolver/logs/array_20140853_280.out,none,none,vanderpol,fast,11,,0.0,1000,317.770995959,0.0,2026-08-11T03:10:48.966,shooting,317.770995959,1,2,10000,12,150,True,,,,,
run_e3HNxrND,"[2.9159652471760213, 2.5122567839530334, 0.06060691270066799, 1.7811475764595968, 0.5955225488222504, 1.5257529920903656, 0.32119857485002856, 1.4872875475265463, 0.6562460877989854, 22.870567193039523, 15.357100713008327, 0.408836048596753, 0.8500719856998926, 0.24524241770866795, 0.6894016616778498, 0.7264351835754712, 1.1221081068341736, 0.8603009000531003, 1.8835054522807988, 1.2239413066121931]","[1.0011870816615454, 1.0017392657371238, 0.9999999962123722, 1.0007433605869258, 1.0000023138554737, 1.0000471934791995, 0.706575631767212, 1.1906408692048835, 0.9106128330771697, 0.9998927755172602, 1.0001112309008575, 0.8424842172201262, 0.9787369887849635, 1.0026091764153304, 0.7521798465849865, 1.0, 1.0334218901356913, 0.9601776632886744, 1.0025943422173866, 1.0189325829311762]",2.904674762023212,0.9701344629789178,"[1.0, 0.9999999999989313, 0.9999999963483034, 0.9999999969621888, 0.9999999946872411, 0.999999997120942, 0.99999998703309, 0.9999999236288789, 0.9999999915108682, 0.999999942578358, 1.0, 1.0, 1.0, 1.0, 1.0, 1.0, 3.9092773882068463e+263, 1.3027665798177412e+262, 1.3618685543981864e+261, 5.300410367612788e+250]","[1.0, 0.9999999999989064, 0.9999999969939566, 0.9999999975955464, 0.9999999965652155, 0.9999999953153041, 0.9999999775118055, 0.9999999465024217, 0.999999993606701, 0.9999999683452198, 1.0, 1.0, 1.0, 1.0, 1.0, 1.0, 3.4787531666034085e+263, 7.873818613386149e+261, 7.105856879740007e+260, 5.0396857336296935e+248]",2.0265863658665664e+262,1.7822986048085077e+262,"[1.371956876077897, 0.5362108367476528, 0.5438026674251878, 36.68315855243501, 1.1499412145138543, 4.694381974483119, 0.0833043726564391, 0.013033325668694643, 0.1721523963993899, 0.880446009030603, 11.986219623226923, 0.5971725069847093, 0.9560336431955039, 3.979471850993091, 0.73332799715496, 0.7785357620823928, 0.04901627713501528, 0.9077087440808796, 1.5711149684821688, 1.203135570840659]","[1.0817064988168674, 0.023750872717561267, 0.8877104252918955, 0.551654869563883, 1.0045767306534148, 1.0376777728913689, 0.0013771269281705873, 0.00040741227741255534, 0.0028171325780083105, 0.9540638705418966, 1.0992332159227118, 0.683973672800373, 0.9742170648541826, 1.0987871442483785, 0.7520372269841118, 0.9996172404318391, 0.000985806824752878, 0.9278899248233743, 1.29143630249388, 1.1599182095757552]",3.4445062584807076,0.7266919260609918,3403.132790796,orcd,0.0,/home/txenakis/projects/BVPsolver/logs/array_20391846_47.err,default,GELU-scaled,650,0,/home/txenakis/projects/BVPsolver/logs/array_20391846_47.out,none,none,pollu,fast,15,exact,0.0,1000,0.0,0.0,2026-08-13T23:08:39.553,collocation,3403.132790796,1,3,30000,32,150,False,,,,,
run_e3v4xC7f,,,,,,,,,,,,,0.0,orcd,0.0,/home/txenakis/projects/BVPsolver/logs/array_20140853_213.err,default,stiff,268,0,/home/txenakis/projects/BVPsolver/logs/array_20140853_213.out,none,none,vanderpol,fast,14,,0.0,1000,177.472069552,0.0,2026-08-11T02:27:27.627,shooting,177.472069552,1,2,10000,12,150,True,,,,,
run_e5eYtJsc,"[0.01205165273000646, 11.30324805710785]","[0.009880811106276243, 0.019918151826992546]",5.657649854918929,0.014899481466634393,"[0.014659259970983813, 0.40050948259036345]","[0.02445274507887624, 0.24653002616873054]",0.20758437128067364,0.1354913856238034,"[0.81703326218766, 75.03460611477702]","[1.4054388408191567, 0.9994479381083141]",37.92581968848234,1.2024433894637354,0.0,orcd,28.708358109,/home/txenakis/projects/BVPsolver/logs/array_20391846_136.err,default,stiff,268,0,/home/txenakis/projects/BVPsolver/logs/array_20391846_136.out,none,derivmatch,vanderpol,fast,14,exact,0.0,1000,163.165135357,0.0,2026-08-13T22:43:59.213,shooting,191.87349346599999,1,2,10000,12,150,True,,,,,
run_e6v2482C,"[273822162317.15393, 267827826432.5333, 6285376606.764731, 51129480120.79398, 1557337.4352519086, 6713329.112931714, 26318.436677356807, 26179.848556550587]","[0.1330654046790762, 0.11613880274719783, 1.1573792904345006, 1.043720621335524, 3.8276521724920127, 3.081407861789952, 1.453389066416607, 1.4565676783516415]",74884146080.25992,1.533665112280814,"[0.6748253470119738, 0.5989234319844815, 0.9962791814738817, 1.0, 1.0, 0.9999999999999996, 1.0, 0.9199182476372784]","[0.9751220345353754, 0.7066662819911511, 0.9999115665387532, 0.9998842223776597, 0.9999999999996976, 0.9999999999999994, 0.9999999999999999, 0.9999999080779516]",0.8987432760134519,0.9601980016900734,"[6341.240894343698, 91952.63311339408, 15136.682819963762, 23373.97399845819, 107.6357623657472, 7142.24081349656, 17.84827141709073, 0.9344133854386925]","[0.004165629527485647, 0.03967772993494066, 0.21600825453724018, 0.8482955416720097, 0.1638657315757015, 0.13760964010548485, 0.016834698938216604, 0.018449009785443605]",18009.14876085307,0.18061327950956535,0.0,orcd,24.677915353,/home/txenakis/projects/BVPsolver/logs/array_20391846_251.err,default,GELU-scaled,243,0,/home/txenakis/projects/BVPsolver/logs/array_20391846_251.out,none,derivmatch,hires,fast,11,exact,0.0,1000,988.339773789,0.0,2026-08-13T23:49:10.322,shooting,1013.017689142,1,2,10000,16,150,False,qr,,,,
run_eBzdvK95,,,,,,,,,,,,,0.0,orcd,0.0,/home/txenakis/projects/BVPsolver/logs/array_heavy_20252509_151.err,default,stiff,268,0,/home/txenakis/projects/BVPsolver/logs/array_heavy_20252509_151.out,none,none,davis-skodje,fast,12,exact,11.669088967,1000,0.0,0.0,2026-08-12T13:34:49.935,shapovalova,11.669088967,3,2,10000,12,150,False,,,,,
run_eDjmEj11,,,,,,,,,,,,,39.927554683,orcd,28.10978928,/home/txenakis/projects/BVPsolver/logs/array_20198490_415.err,default,GELU-scaled,243,0,/home/txenakis/projects/BVPsolver/logs/array_20198490_415.out,none,derivmatch,hires,fast,11,,0.0,1000,0.0,0.0,2026-08-11T10:50:44.869,collocation,68.037343963,1,2,10000,16,150,False,qr,,,,
run_eOhe1Bu2,,,,,,,,,,,,,0.0,orcd,0.0,/home/txenakis/projects/BVPsolver/logs/array_20140853_144.err,default,mlp,243,0,/home/txenakis/projects/BVPsolver/logs/array_20140853_144.out,none,none,rober,fast,15,,0.0,1000,531.779320522,0.0,2026-08-11T01:59:13.811,shooting,531.779320522,1,2,10000,12,150,False,,,,,
run_eQ0VpVGh,"[56.138737836791115, 39666.28403109169]","[4.962403051126844e-07, 8.513296759014205e-08]",19861.21138446424,2.906866363514132e-07,"[0.9816503008226948, 0.13675643504057522]","[0.4643791490979451, 0.37742212111071016]",0.559203367931635,0.4209006351043276,"[369938696.4959208, 4311680507.276482]","[8.416619410150358e-09, 4.9178402873282274e-08]",2340809601.8862014,2.8797511141716315e-08,0.0,orcd,31.548152762,/home/txenakis/projects/BVPsolver/logs/array_20391846_346.err,default,stiff,268,0,/home/txenakis/projects/BVPsolver/logs/array_20391846_346.out,none,derivmatch,davis-skodje,fast,11,exact,0.0,1000,345.493433749,0.0,2026-08-14T00:10:02.751,shooting,377.041586511,3,2,10000,12,150,False,,,,,
run_eVwgYpfK,,,,,,,,,,,,,0.0,orcd,0.0,/home/txenakis/projects/BVPsolver/logs/array_20198490_527.err,default,stiff,268,0,/home/txenakis/projects/BVPsolver/logs/array_20198490_527.out,none,none,davis-skodje,fast,13,,0.0,1000,541.905210113,0.0,2026-08-11T13:36:57.201,shooting,541.905210113,3,2,10000,12,150,False,,,,,
run_eWfi52Tu,"[1669041940.6027188, 10665185284382.625]","[0.0040330484805199416, 0.836414313602877]",5333427163161.614,0.4202236810416985,"[0.5115376248002487, 0.0034741435641546057]","[0.7062226995659632, 0.48491117847840426]",0.25750588418220166,0.5955669390221837,"[10734350207.309206, 1658878798.0364275]","[4.807699640644326e-06, 0.16548133729530534]",6196614502.672817,0.082743072497473,0.0,orcd,0.0,/home/txenakis/projects/BVPsolver/logs/array_20391846_367.err,default,mlp,218,0,/home/txenakis/projects/BVPsolver/logs/array_20391846_367.out,none,none,davis-skodje,fast,12,exact,0.0,1000,174.296144159,0.0,2026-08-14T00:14:46.607,shooting,174.296144159,3,2,10000,12,150,False,,,,,
run_eXK2npXO,,,,,,,,,,,,,7695.200321852,orcd,51.067660376,/home/txenakis/projects/BVPsolver/logs/array_20140853_65.err,default,mlp,3444,0,/home/txenakis/projects/BVPsolver/logs/array_20140853_65.out,none,derivmatch,pollu,fast,11,,0.0,1000,0.0,0.0,2026-08-11T00:59:27.921,collocation,7746.267982228001,1,3,30000,32,150,False,,,,,
run_efpqOIOn,,,,,,,,,,,,,63.579485593,orcd,32.109261686,/home/txenakis/projects/BVPsolver/logs/array_20198490_452.err,default,stiff,486,0,/home/txenakis/projects/BVPsolver/logs/array_20198490_452.out,none,derivmatch,orego,fast,13,,0.0,1000,0.0,0.0,2026-08-11T12:19:50.041,collocation,95.68874727900001,1,2,10000,16,150,False,,,,,
run_ekKkP2Th,,,,,,,,,,,,,0.0,orcd,36.080176441,/home/txenakis/projects/BVPsolver/logs/array_heavy_20252509_118.err,default,GELU-scaled,243,0,/home/txenakis/projects/BVPsolver/logs/array_heavy_20252509_118.out,none,derivmatch,hires,fast,14,exact,10.740369604,1000,0.0,0.0,2026-08-12T13:29:08.199,shapovalova,46.820546045,1,2,10000,16,150,False,qr,,,,
run_enCMyA6o,"[1082687041.6040773, 316068199149.0531, 12094083505803.209, 2560476526.428316, 498549769.8908189, 5121583.426612278, 65268728.41775601, 84195450.74077775]","[0.6478302038488981, 0.5588488900053362, 2296.6432779781576, 9.979673737012527, 91.27211064182872, 62.97546434857955, 13108.040574858727, 23482.893269141645]",1551806000506.596,4881.626381224975,"[0.5919500880680107, 0.5337728744587098, 0.07838271496385704, 0.16754163442085482, 0.3632485585948456, 0.6522794080614124, 0.13863424934608215, 1.3088943521621448e+31]","[0.9828891364108159, 0.7754636721453123, 0.695361532513153, 0.49652390528550133, 0.5764548777022707, 0.0883100851193174, 1.944750914604688, 3.917475913248798e+20]",1.636117940202681e+30,4.896844891560998e+19,"[149172235.1209551, 2435647632.7495975, 196245721.92606416, 5173.3186779273, 4079510627.7004285, 325604667.4806748, 30297.59459990993, 382.42618778835316]","[6.266550094352823, 295.05469650525754, 18107.18847306084, 1.7366996185882397, 4371.083772628875, 95.96365927883886, 229.28689940270607, 2234.8126109840414]",898277092.2896482,3167.674170196687,0.0,orcd,0.0,/home/txenakis/projects/BVPsolver/logs/array_20391846_223.err,default,mlp,552,0,/home/txenakis/projects/BVPsolver/logs/array_20391846_223.out,none,none,hires,fast,13,exact,0.0,1000,1516.415194247,0.0,2026-08-13T23:31:42.252,shooting,1516.415194247,1,2,10000,16,150,False,qr,,,,
run_eqtk6gTx,,,,,,,,,,,,,0.0,orcd,26.650916207,/home/txenakis/projects/BVPsolver/logs/array_20140853_298.err,default,GELU-scaled,177,0,/home/txenakis/projects/BVPsolver/logs/array_20140853_298.out,none,derivmatch,vanderpol,fast,14,,2066.836876224,1000,0.0,0.0,2026-08-11T03:50:13.510,shapovalova,2093.4877924310003,1,2,10000,12,150,True,,,,,
run_exxNWSft,,,,,,,,,,,,,0.0,orcd,0.0,/home/txenakis/projects/BVPsolver/logs/array_20198490_399.err,default,GELU-scaled,243,0,/home/txenakis/projects/BVPsolver/logs/array_20198490_399.out,none,none,hires,fast,15,,6138.749218414,1000,0.0,0.0,2026-08-11T12:23:43.275,shapovalova,6138.749218414,1,2,10000,16,150,False,qr,,,,
run_ezJuYYl8,"[611350263.7679802, 2.441121317345106e+19, 5883377.923674088]","[672.8388701436642, 464.11829895244176, 5.426027494819474]",8.137071058022764e+18,380.7943988636418,"[0.9998593301118479, 17083145.496640313, 2.5439599201747926e+31]","[0.9996627637953815, 1.7851176736922898, 8.584532944701048e+28]",8.479866400582642e+30,2.861510981567016e+28,"[6.273988179095828e+24, 2.2715027823539184e+33, 6.449798972066276e+20]","[47315.05765566041, 782326791567.159, 16190.441617946339]",7.571675962095172e+32,260775618357.55276,20.424867958,orcd,0.0,/home/txenakis/projects/BVPsolver/logs/array_20391846_94.err,default,mlp,243,0,/home/txenakis/projects/BVPsolver/logs/array_20391846_94.out,none,none,rober,fast,12,exact,0.0,1000,0.0,0.0,2026-08-13T22:31:22.836,collocation,20.424867958,1,2,10000,12,150,False,,,,,
run_f01RPzsB,,,,,,,,,,,,,0.0,orcd,22.900594765,/home/txenakis/projects/BVPsolver/logs/array_20140853_266.err,default,mlp,218,0,/home/txenakis/projects/BVPsolver/logs/array_20140853_266.out,none,derivmatch,vanderpol,fast,12,,0.0,1000,0.0,0.0,2026-08-11T02:59:52.358,none,22.900594765,1,2,10000,12,150,True,,,,,
run_fFRgvrbK,"[1.3903613873549387, 0.0029107597996648783, 0.2500027762037964]","[0.8956734981761925, 0.0008219831323341149, 0.36834009669527257]",0.5477583077861333,0.4216118593345997,"[0.9995334258962513, 3.623039868277794, 1.6476129088400089]","[0.9994840228463098, 1.0623443077887789, 1.003655322703693]",2.0900620676713513,1.0218278844462605,"[0.9999000580698173, 1.1064077200216995, 1.0650584192891013]","[1.0000025045564052, 1.0062929545447241, 1.000037535011025]",1.0571220657935394,1.0021109980373848,0.0,orcd,29.344141669,/home/txenakis/projects/BVPsolver/logs/array_20391846_329.err,default,GELU-scaled,188,0,/home/txenakis/projects/BVPsolver/logs/array_20391846_329.out,none,derivmatch,orego,fast,14,exact,0.0,1000,0.0,0.0,2026-08-13T23:55:25.549,none,29.344141669,1,2,10000,16,150,False,,,,,
run_fIbzuCrn,,,,,,,,,,,,,2527.245118267,orcd,0.0,/home/txenakis/projects/BVPsolver/logs/array_20140853_96.err,default,GELU-scaled,650,0,/home/txenakis/projects/BVPsolver/logs/array_20140853_96.out,none,none,pollu,fast,12,,0.0,1000,0.0,0.0,2026-08-11T02:12:59.555,collocation,2527.245118267,1,3,30000,32,150,False,,,,,
run_fKNeQNM8,,,,,,,,,,,,,62.104690885,orcd,0.0,/home/txenakis/projects/BVPsolver/logs/array_20198490_484.err,default,mlp,387,0,/home/txenakis/projects/BVPsolver/logs/array_20198490_484.out,none,none,orego,fast,15,,0.0,1000,0.0,0.0,2026-08-11T13:14:07.222,collocation,62.104690885,1,2,10000,16,150,False,,,,,
run_fL5IizyF,,,,,,,,,,,,,0.0,orcd,32.511186897,/home/txenakis/projects/BVPsolver/logs/array_heavy_20252509_37.err,default,stiff,318,0,/home/txenakis/projects/BVPsolver/logs/array_heavy_20252509_37.out,none,derivmatch,rober,fast,13,,5134.118156994,1000,0.0,0.0,2026-08-12T07:30:41.658,shapovalova,5166.629343891,1,2,10000,12,150,False,,,,,
run_fV6vGNIU,,,,,,,,,,,,,0.0,orcd,0.0,/home/txenakis/projects/BVPsolver/logs/array_heavy_20252509_150.err,default,stiff,268,0,/home/txenakis/projects/BVPsolver/logs/array_heavy_20252509_150.out,none,none,davis-skodje,fast,11,exact,15.953609783,1000,0.0,0.0,2026-08-12T13:35:08.741,shapovalova,15.953609783,3,2,10000,12,150,False,,,,,
run_fVO5no58,,,,,,,,,,,,,0.0,orcd,0.0,/home/txenakis/projects/BVPsolver/logs/array_heavy_20252509_34.err,default,stiff,318,0,/home/txenakis/projects/BVPsolver/logs/array_heavy_20252509_34.out,none,none,rober,fast,15,,3398.737829061,1000,0.0,0.0,2026-08-12T07:00:35.051,shapovalova,3398.737829061,1,2,10000,12,150,False,,,,,
run_fVbSaGWP,,,,,,,,,,,,,4577.776948357,orcd,50.078244139,/home/txenakis/projects/BVPsolver/logs/array_20140853_34.err,default,stiff,4744,0,/home/txenakis/projects/BVPsolver/logs/array_20140853_34.out,none,derivmatch,pollu,fast,15,,0.0,1000,0.0,0.0,2026-08-11T00:02:26.910,collocation,4627.855192496,1,3,30000,32,150,False,,,,,
run_fXySfXnd,"[0.014050601827564903, 20.371514620942165]","[0.009350342226542347, 0.02866424860062879]",10.192782611384866,0.01900729541358557,"[0.09086955706013021, 0.5878822415001368]","[0.08504275108455928, 0.47194367223243217]",0.3393758992801335,0.2784932116584957,"[2.279531488996522, 3.286022590279088]","[1.2568604655499902, 0.9989784432963354]",2.782777039637805,1.1279194544231628,0.0,orcd,32.807387088,/home/txenakis/projects/BVPsolver/logs/array_20391846_141.err,default,stiff,268,0,/home/txenakis/projects/BVPsolver/logs/array_20391846_141.out,none,derivmatch,vanderpol,fast,15,exact,0.0,1000,0.0,0.0,2026-08-13T22:43:55.354,none,32.807387088,1,2,10000,12,150,True,,,,,
run_fbknkdW6,"[52253.106086337306, 103376401.17738256, 1947.929633482486, 57085.29971546885, 1836.36858703732, 1447.083802936249, 0.7971614087549868, 2.243229905510123]","[1.5734524989724516e-05, 8.570832048128784e-05, 0.0005948024308707896, 0.0005623334585084309, 0.0005638416840654675, 0.0004515535986298122, 0.0043725961908918885, 0.005258538945910024]",12936371.750699895,0.001488138644293428,"[0.04405629953922102, 0.8201636336342727, 0.5679530855700387, 0.936699493010544, 0.947226251829651, 0.781755818390506, 0.9388699495945964, 6.851166469653373e+28]","[1.4754044272378193, 9.092153708930958, 0.8575304392564543, 0.8099362337479088, 0.9070612948897654, 0.8388546616736532, 0.9294848741833337, 3.245138822470926e+17]",8.563958087066716e+27,4.056423528088658e+16,"[1251.2568724850175, 16243.90949726067, 1718.8963065305181, 614.425523408346, 393.83022491177417, 2165.035105896472, 7.059266896433592, 0.8978911676657282]","[0.0001239275500967349, 0.0005232424261944564, 0.0019212590505662524, 0.00041228975817107625, 0.07971568838584066, 0.02726994717143995, 0.005242674049093216, 0.004919237733382507]",2799.4138360696124,0.015016033265598108,0.0,orcd,31.900555272,/home/txenakis/projects/BVPsolver/logs/array_20391846_209.err,default,stiff,816,0,/home/txenakis/projects/BVPsolver/logs/array_20391846_209.out,none,derivmatch,hires,fast,13,exact,0.0,1000,0.0,0.0,2026-08-13T22:59:35.315,none,31.900555272,1,2,10000,16,150,False,qr,,,,
run_fd6qxUuy,,,,,,,,,,,,,0.0,orcd,34.511378019,/home/txenakis/projects/BVPsolver/logs/array_heavy_20252509_166.err,default,mlp,218,0,/home/txenakis/projects/BVPsolver/logs/array_heavy_20252509_166.out,none,derivmatch,davis-skodje,fast,12,exact,10.091938221,1000,0.0,0.0,2026-08-12T13:40:01.529,shapovalova,44.60331624,3,2,10000,12,150,False,,,,,
run_fg7LrIHc,,,,,,,,,,,,,0.0,orcd,24.606820809,/home/txenakis/projects/BVPsolver/logs/array_20140853_182.err,default,GELU-scaled,188,0,/home/txenakis/projects/BVPsolver/logs/array_20140853_182.out,none,derivmatch,rober,fast,13,,0.0,1000,294.697195216,0.0,2026-08-11T02:16:39.446,shooting,319.304016025,1,2,10000,12,150,False,,,,,
run_fhynqPRl,"[5.109594976955579, 6969691276112.384, 84.53303744950729]","[0.3507729211081469, 0.0003567559843857015, 0.046508116910381356]",2323230425400.6753,0.13254593133430467,"[0.9308879411097245, 12986.59432014317, 5.972122492283259e+23]","[0.7974611669356773, 37.54340260334445, 1.2284315373789872e+27]",1.990707497427753e+23,4.0947717912632906e+26,"[52.53854642477698, 5134.189572102007, 5.564610014226452]","[1.221978606331131e-07, 4.943763833806869e-05, 5.279173511608009e-06]",1730.7642428470035,1.8279669903436606e-05,0.0,orcd,0.0,/home/txenakis/projects/BVPsolver/logs/array_20391846_53.err,default,stiff,318,0,/home/txenakis/projects/BVPsolver/logs/array_20391846_53.out,none,none,rober,fast,11,exact,0.0,1000,445.690257913,0.0,2026-08-13T22:19:30.003,shooting,445.690257913,1,2,10000,12,150,False,,,,,
run_flFOArs2,,,,,,,,,,,,,0.0,orcd,26.613163996,/home/txenakis/projects/BVPsolver/logs/array_heavy_20252509_46.err,default,mlp,243,0,/home/txenakis/projects/BVPsolver/logs/array_heavy_20252509_46.out,none,derivmatch,rober,fast,12,,3055.548021267,1000,0.0,0.0,2026-08-12T08:23:19.302,shapovalova,3082.161185263,1,2,10000,12,150,False,,,,,
run_fqfdsQ29,,,,,,,,,,,,,0.0,orcd,32.017470751,/home/txenakis/projects/BVPsolver/logs/array_20140853_193.err,default,GELU-scaled,188,0,/home/txenakis/projects/BVPsolver/logs/array_20140853_193.out,none,derivmatch,rober,fast,14,,2015.497736881,1000,0.0,0.0,2026-08-11T02:51:29.631,shapovalova,2047.515207632,1,2,10000,12,150,False,,,,,
run_fuP77Mti,"[19.87596605832785, 6.194287400234141, 3.762900453894647]","[1.017621368938314, 6.605128008651407, 3.757430544158799]",9.944384637485546,3.793393307249507,"[0.9999685797213859, 1.0109453090974538, 0.9993350557870385]","[0.9999419526566116, 0.9992788211470932, 0.9999878579693156]",1.0034163148686261,0.9997362105910068,"[1.0272383595341068, 1.8233402170815793, 0.946753591433699]","[1.000127503616581, 0.7958641150999155, 0.9962152530301109]",1.2657773893497952,0.9307356239155359,0.0,orcd,0.0,/home/txenakis/projects/BVPsolver/logs/array_20391846_320.err,default,GELU-scaled,188,0,/home/txenakis/projects/BVPsolver/logs/array_20391846_320.out,none,none,orego,fast,14,exact,0.0,1000,994.569021986,0.0,2026-08-14T00:07:08.351,shooting,994.569021986,1,2,10000,16,150,False,,,,,
run_fukNDuVI,,,,,,,,,,,,,0.0,orcd,0.0,/home/txenakis/projects/BVPsolver/logs/array_heavy_20252509_64.err,default,stiff,268,0,/home/txenakis/projects/BVPsolver/logs/array_heavy_20252509_64.out,none,none,vanderpol,fast,15,,5439.246523132,1000,0.0,0.0,2026-08-12T10:03:14.550,shapovalova,5439.246523132,1,2,10000,12,150,True,,,,,
run_fznjyGhx,,,,,,,,,,,,,0.0,orcd,32.491204767,/home/txenakis/projects/BVPsolver/logs/array_20198490_441.err,default,stiff,486,0,/home/txenakis/projects/BVPsolver/logs/array_20198490_441.out,none,derivmatch,orego,fast,12,,0.0,1000,0.0,0.0,2026-08-11T12:12:01.851,none,32.491204767,1,2,10000,16,150,False,,,,,
run_g8FKar76,,,,,,,,,,,,,0.0,orcd,0.0,/home/txenakis/projects/BVPsolver/logs/array_20198490_319.err,default,stiff,816,0,/home/txenakis/projects/BVPsolver/logs/array_20198490_319.out,none,none,hires,fast,15,,0.0,1000,10284.548432594,0.0,2026-08-11T13:02:53.787,shooting,10284.548432594,1,2,10000,16,150,False,qr,,,,
run_g9P9qODh,,,,,,,,,,,,,0.0,orcd,0.0,/home/txenakis/projects/BVPsolver/logs/array_20198490_457.err,default,mlp,387,0,/home/txenakis/projects/BVPsolver/logs/array_20198490_457.out,none,none,orego,fast,13,,0.0,1000,56.22405623,0.0,2026-08-11T12:21:35.898,shooting,56.22405623,1,2,10000,16,150,False,,,,,
run_gDQAZqlm,,,,,,,,,,,,,29.006106583,orcd,0.0,/home/txenakis/projects/BVPsolver/logs/array_20198490_518.err,default,GELU-scaled,188,0,/home/txenakis/projects/BVPsolver/logs/array_20198490_518.out,none,none,orego,fast,14,,0.0,1000,0.0,0.0,2026-08-11T13:22:22.974,collocation,29.006106583,1,2,10000,16,150,False,,,,,
run_gG9mlhN7,,,,,,,,,,,,,0.0,orcd,26.457651243,/home/txenakis/projects/BVPsolver/logs/array_heavy_20252509_146.err,default,GELU-scaled,188,0,/home/txenakis/projects/BVPsolver/logs/array_heavy_20252509_146.out,none,derivmatch,orego,fast,12,exact,7.701150692,1000,0.0,0.0,2026-08-12T13:34:31.650,shapovalova,34.158801935,1,2,10000,16,150,False,,,,,
run_gGxdtIpY,,,,,,,,,,,,,0.0,orcd,33.229056127,/home/txenakis/projects/BVPsolver/logs/array_20198490_497.err,default,GELU-scaled,188,0,/home/txenakis/projects/BVPsolver/logs/array_20198490_497.out,none,derivmatch,orego,fast,13,,0.0,1000,1179.379764855,0.0,2026-08-11T13:35:17.934,shooting,1212.608820982,1,2,10000,16,150,False,,,,,
run_gJgF0UF2,,,,,,,,,,,,,0.0,orcd,32.829816965,/home/txenakis/projects/BVPsolver/logs/array_20198490_479.err,default,mlp,387,0,/home/txenakis/projects/BVPsolver/logs/array_20198490_479.out,none,derivmatch,orego,fast,15,,0.0,1000,0.0,0.0,2026-08-11T13:17:18.491,none,32.829816965,1,2,10000,16,150,False,,,,,
run_gK0xo9tE,"[210.50701367662086, 8.533799561174389]","[0.9989330363036327, 0.9999999527922079]",109.52040661889762,0.9994664945479204,"[0.9990805656649453, 0.9988497846214915]","[0.9992795675260983, 0.9998928656465081]",0.9989651751432185,0.9995862165863032,"[1.0200933377199906, 3967.524221956612]","[0.9058492995808849, 1.0032949103801607]",1984.272157647166,0.9545721049805228,0.0,orcd,0.0,/home/txenakis/projects/BVPsolver/logs/array_20391846_155.err,default,mlp,218,0,/home/txenakis/projects/BVPsolver/logs/array_20391846_155.out,none,none,vanderpol,fast,14,exact,0.0,1000,148.372528714,0.0,2026-08-13T22:48:35.476,shooting,148.372528714,1,2,10000,12,150,True,,,,,
run_gKwo4E3L,,,,,,,,,,,,,37.786229753,orcd,0.0,/home/txenakis/projects/BVPsolver/logs/array_20140853_236.err,default,stiff,268,0,/home/txenakis/projects/BVPsolver/logs/array_20140853_236.out,none,none,vanderpol,fast,12,,0.0,1000,0.0,0.0,2026-08-11T02:46:42.390,collocation,37.786229753,1,2,10000,12,150,True,,,,,
run_gNuWM4cw,,,,,,,,,,,,,0.0,orcd,0.0,/home/txenakis/projects/BVPsolver/logs/array_heavy_20252509_120.err,default,stiff,486,0,/home/txenakis/projects/BVPsolver/logs/array_heavy_20252509_120.out,none,none,orego,fast,11,exact,14.393444792,1000,0.0,0.0,2026-08-12T13:28:23.435,shapovalova,14.393444792,1,2,10000,16,150,False,,,,,
run_gT8wROQF,,,,,,,,,,,,,0.0,orcd,0.0,/home/txenakis/projects/BVPsolver/logs/array_20140853_150.err,default,mlp,243,0,/home/txenakis/projects/BVPsolver/logs/array_20140853_150.out,none,none,rober,fast,11,,3931.534088915,1000,0.0,0.0,2026-08-11T03:00:03.125,shapovalova,3931.534088915,1,2,10000,12,150,False,,,,,
run_gYAvBUdK,"[13.937125727179358, 1855.8530182411223]","[0.498320197027284, 0.4954717594929717]",934.8950719841508,0.4968959782601278,"[0.48416515601861326, 0.5058281478271998]","[0.5826508425503525, 0.9968442812580269]",0.49499665192290654,0.7897475619041897,"[1.0744941699898118, 22.002011171519374]","[0.9845739504134996, 1.0000073205315199]",11.538252670754593,0.9922906354725097,20.294994769,orcd,26.516441167,/home/txenakis/projects/BVPsolver/logs/array_20391846_193.err,default,GELU-scaled,177,0,/home/txenakis/projects/BVPsolver/logs/array_20391846_193.out,none,derivmatch,vanderpol,fast,11,exact,0.0,1000,0.0,0.0,2026-08-13T22:57:41.047,collocation,46.811435935999995,1,2,10000,12,150,True,,,,,
run_gYt145DZ,"[0.9999574415798256, 1.0281312742857485, 1.0000342636044175]","[1.0000003062819813, 1.0200968410623865, 1.0000836428503186]",1.0093743264899973,1.0067269300648956,"[0.9999999491842373, 0.9998710322953682, 1.0628621681585322]","[0.9999999960412548, 0.9999936895273978, 1.0025603851210085]",1.0209110498793794,1.0008513568965538,"[0.9988051237753475, 0.8473801416692055, 1.0041131438099085]","[1.0001337797180352, 0.823129665886897, 1.0003496136191887]",0.9500994697514872,0.9412043530747068,0.0,orcd,0.0,/home/txenakis/projects/BVPsolver/logs/array_20391846_293.err,default,mlp,387,0,/home/txenakis/projects/BVPsolver/logs/array_20391846_293.out,none,none,orego,fast,11,exact,0.0,1000,668.171424039,0.0,2026-08-13T23:53:32.202,shooting,668.171424039,1,2,10000,16,150,False,,,,,
run_gbLEB3K6,"[nan, nan, nan]","[1.0134585796659765, 1.0000002480743109, 0.9924727549007243]",nan,1.0019771942136706,"[nan, nan, nan]","[0.999999998689096, 0.9999967030794208, 4314432477.135297]",nan,1438144159.7117646,"[nan, nan, nan]","[0.07457594472208681, 1.00517444825456, 0.8250725886029041]",nan,0.6349409938598503,22.840839093,orcd,0.0,/home/txenakis/projects/BVPsolver/logs/array_20391846_118.err,default,GELU-scaled,188,0,/home/txenakis/projects/BVPsolver/logs/array_20391846_118.out,none,none,rober,fast,11,exact,0.0,1000,0.0,0.0,2026-08-13T22:37:00.807,collocation,22.840839093,1,2,10000,12,150,False,,,,,
run_gdGhFPAz,,,,,,,,,,,,,0.0,orcd,30.447604322,/home/txenakis/projects/BVPsolver/logs/array_heavy_20252509_56.err,default,GELU-scaled,188,0,/home/txenakis/projects/BVPsolver/logs/array_heavy_20252509_56.out,none,derivmatch,rober,fast,12,,37.409692652,1000,0.0,0.0,2026-08-12T08:07:38.119,shapovalova,67.857296974,1,2,10000,12,150,False,,,,,
run_gf1Lp0gW,,,,,,,,,,,,,13.924502852,orcd,27.060515017,/home/txenakis/projects/BVPsolver/logs/array_20140853_208.err,default,GELU-scaled,188,0,/home/txenakis/projects/BVPsolver/logs/array_20140853_208.out,none,derivmatch,rober,fast,14,,0.0,1000,0.0,0.0,2026-08-11T02:22:31.258,collocation,40.985017869,1,2,10000,12,150,False,,,,,
run_ghw1YAVC,,,,,,,,,,,,,0.0,orcd,27.506186385,/home/txenakis/projects/BVPsolver/logs/array_20198490_512.err,default,GELU-scaled,188,0,/home/txenakis/projects/BVPsolver/logs/array_20198490_512.out,none,derivmatch,orego,fast,13,,0.0,1000,0.0,0.0,2026-08-11T13:20:08.086,none,27.506186385,1,2,10000,16,150,False,,,,,
run_giudE4jf,"[6486.723181596681, 2393319.6851123245, 3659.1987273689892]","[32.04197641260341, 0.9605402055754614, 11.300363060135385]",801155.20234043,14.767626559438085,"[0.9999999814884759, 1.0, 0.9999730966662315]","[0.9966822398052577, 0.99999999999863, 1.2263306548527875]",0.9999910260515691,1.074337631552225,"[9.0939290986467e+18, 7.253518078143131e+21, 2.8772723946972844e+16]","[0.015481928163076725, 0.4521244217634444, 0.2891595594432461]",2.420880259988575e+21,0.2522553031232558,0.0,orcd,24.955102424,/home/txenakis/projects/BVPsolver/logs/array_20391846_111.err,default,GELU-scaled,188,0,/home/txenakis/projects/BVPsolver/logs/array_20391846_111.out,none,derivmatch,rober,fast,14,exact,0.0,1000,351.31521004,0.0,2026-08-13T22:40:29.667,shooting,376.270312464,1,2,10000,12,150,False,,,,,
run_goSh24wZ,"[1.0000275497456654, 1.0157277098762352, 0.9996914392967421]","[0.999999645744992, 0.9700305215822815, 0.9997948062328265]",1.0051488996395475,0.9899416578533667,"[0.9999999694941856, 1.0000907262426109, 0.9821884891802981]","[0.9999999710959318, 1.0000025381382796, 1.0027107669159283]",0.9940930616390314,1.00090442538338,"[0.9942809134379833, 2.1176352172207125, 1.027597439660973]","[0.9995535652788495, 0.6719529966782797, 0.9996290871248444]",1.379837856773223,0.8903785496939912,0.0,orcd,0.0,/home/txenakis/projects/BVPsolver/logs/array_20391846_297.err,default,mlp,387,0,/home/txenakis/projects/BVPsolver/logs/array_20391846_297.out,none,none,orego,fast,15,exact,0.0,1000,2049.281159485,0.0,2026-08-14T00:18:11.934,shooting,2049.281159485,1,2,10000,16,150,False,,,,,
run_grtVLxUk,"[438.6498851108917, 22285519.913446534]","[0.001698745976183704, 2.839891843606705e-07]",11142979.281665822,0.0008495149826840323,"[0.01551822798945893, 0.008911550843093021]","[0.521139953737965, 21.396837778677472]",0.012214889416275975,10.958988866207719,"[4962.6175696221435, 121.53077247402435]","[6.482348904014644e-06, 5.515312135643477e-06]",2542.074171048084,5.998830519829061e-06,144.419178252,orcd,0.0,/home/txenakis/projects/BVPsolver/logs/array_20391846_359.err,default,stiff,268,0,/home/txenakis/projects/BVPsolver/logs/array_20391846_359.out,none,none,davis-skodje,fast,14,exact,0.0,1000,0.0,0.0,2026-08-14T00:13:26.730,collocation,144.419178252,3,2,10000,12,150,False,,,,,
run_gsAiXpkr,,,,,,,,,,,,,0.0,orcd,29.207199306,/home/txenakis/projects/BVPsolver/logs/array_20140853_124.err,default,stiff,318,0,/home/txenakis/projects/BVPsolver/logs/array_20140853_124.out,none,derivmatch,rober,fast,15,,4097.28304228,1000,0.0,0.0,2026-08-11T02:51:09.974,shapovalova,4126.490241586,1,2,10000,12,150,False,,,,,
run_gvxiY2iv,"[1780056075.6131537, 9.166497272519518e+19, 17973549351.3368]","[1264.6364752721395, 287.053527185418, 1922.7116530808578]",3.0554990914982924e+19,1158.1338851794717,"[0.999834218769373, 25954915.6101558, 1.5310885977033011e+31]","[0.998772234352534, 67.08012186715425, 4.585114536585121e+28]",5.103628659011004e+30,1.5283715121950402e+28,"[0.8773290375459261, 39530.08955996458, 0.8349609497586477]","[0.2198008396746277, 91365.50071729101, 0.7030209286694127]",13177.267283317296,30455.474513019788,0.0,orcd,0.0,/home/txenakis/projects/BVPsolver/logs/array_20391846_82.err,default,mlp,243,0,/home/txenakis/projects/BVPsolver/logs/array_20391846_82.out,none,none,rober,fast,15,exact,0.0,1000,193.27186715,0.0,2026-08-13T22:28:13.941,shooting,193.27186715,1,2,10000,12,150,False,,,,,
run_h89oD6JI,,,,,,,,,,,,,2520.312017135,orcd,30.333506683,/home/txenakis/projects/BVPsolver/logs/array_20140853_100.err,default,GELU-scaled,650,0,/home/txenakis/projects/BVPsolver/logs/array_20140853_100.out,none,derivmatch,pollu,fast,11,,0.0,1000,0.0,0.0,2026-08-11T02:25:01.624,collocation,2550.645523818,1,3,30000,32,150,False,,,,,
run_hBvtsP2J,"[434.2360619665192, 167.81665719572743, 2198.277827569086, 15.488842998032561, 714623.889560768, 1221317.45469057, 0.12955967241205543, 0.43125584489626195, 0.5152447392041659, 1043327.1037862292, 672650.2764112501, 0.08330040969375196, 2.484522673842585, 4097.315157395303, 0.016346717657141886, 1444782.2519443412, 0.04737739370981237, 0.09228268798525988, 0.5504820498418076, 8.153722710072119]","[1.1739184663528046, 0.9976259521701315, 0.9999848620323724, 2.713206730209982, 0.5410971102147075, 0.36548073386749474, 11.19078612647814, 0.10743978987116459, 0.22758414571971258, 0.5272444718206778, 0.5366455075800822, 5.358708429154608, 0.19678099518848888, 0.7872406900590231, 14.068206968185473, 0.9999999999596991, 0.2388243301625366, 1.241526888777102, 0.35389990542921046, 1.4206716148427374]",255181.33075175915,2.2023436859038075,"[0.9999999999999148, 0.9999999983267658, 0.9999991505138166, 0.9999993887478067, 0.9999999830733278, 0.9999999999963564, 1.0, 1.0, 1.0, 1.0, 1.0, 0.9999999999999998, 0.9999999999999993, 0.9999999999999996, 0.9999999999999988, 0.9999999999999966, 1.9777182053264714e+271, 7.097644688419644e+270, 2.0835248296421226e+270, 1.2631116070348979e+259]","[0.999999999993098, 0.9999999978020631, 0.9999962056160667, 0.9999997038012663, 0.9999999662909516, 0.9999999201285191, 0.9999999999076923, 1.0, 1.0, 1.0, 1.0, 0.9999999999999999, 0.9999999999999997, 0.9999999999999994, 0.9999999999999989, 0.9999999999999832, 1.058601132651059e+272, 5.0362853370608764e+271, 1.366957717394923e+271, 4.190839323275732e+258]",1.4479175785669555e+270,8.494627190483405e+270,"[0.05160322218569044, 0.0005324881474464382, 0.42487400198071656, 17.490720974989006, 266.4546938229546, 76.90144673904183, 2.029392449229299e-05, 5.4766937689920865e-05, 0.014270310911839465, 21.583150799791955, 6.669741334968429, 0.017726693059238685, 0.25804523353674236, 0.2988970227104614, 0.002340727495295911, 1342.3591020795366, 0.001319598022799815, 0.03943920992628556, 0.08511819827229436, 0.1132504427988077]","[0.010688651049522784, 6.0369742847912487e-05, 0.017817130079761424, 0.009868873165761422, 0.10217620891963647, 0.04623975743744868, 2.5947697711689196e-07, 1.241634088808199e-07, 1.0679841008695184e-05, 0.04144502941884964, 0.13564929011999574, 0.001473710810352098, 0.007063115900904577, 0.014803683385909329, 0.006803087600546894, 0.7498234378021613, 1.2773622253129826e-06, 0.0016980396329188624, 0.005028578058366153, 0.020566605937947773]",86.6383173980596,0.058560895495327545,0.0,orcd,29.246594666,/home/txenakis/projects/BVPsolver/logs/array_20391846_37.err,default,GELU-scaled,650,0,/home/txenakis/projects/BVPsolver/logs/array_20391846_37.out,none,derivmatch,pollu,fast,13,exact,0.0,1000,9017.454221041,0.0,2026-08-14T00:41:02.455,shooting,9046.700815707,1,3,30000,32,150,False,,,,,
run_hFI32hy7,,,,,,,,,,,,,0.0,orcd,0.0,/home/txenakis/projects/BVPsolver/logs/array_20140853_291.err,default,GELU-scaled,177,0,/home/txenakis/projects/BVPsolver/logs/array_20140853_291.out,none,none,vanderpol,fast,12,,628.634334019,1000,0.0,0.0,2026-08-11T03:22:42.893,shapovalova,628.634334019,1,2,10000,12,150,True,,,,,
run_hQ1WZB9P,,,,,,,,,,,,,0.0,orcd,26.447919706,/home/txenakis/projects/BVPsolver/logs/array_heavy_20252509_175.err,default,GELU-scaled,177,0,/home/txenakis/projects/BVPsolver/logs/array_heavy_20252509_175.out,none,derivmatch,davis-skodje,fast,11,exact,7.045510691,1000,0.0,0.0,2026-08-12T13:41:47.345,shapovalova,33.493430397,3,2,10000,12,150,False,,,,,
run_hQDhWZMn,,,,,,,,,,,,,0.0,orcd,28.080599127,/home/txenakis/projects/BVPsolver/logs/array_20140853_126.err,default,stiff,318,0,/home/txenakis/projects/BVPsolver/logs/array_20140853_126.out,none,derivmatch,rober,fast,12,,0.0,1000,0.0,0.0,2026-08-11T01:42:49.753,none,28.080599127,1,2,10000,12,150,False,,,,,
run_hQIs0eDf,,,,,,,,,,,,,0.0,orcd,0.0,/home/txenakis/projects/BVPsolver/logs/array_20198490_350.err,default,mlp,552,0,/home/txenakis/projects/BVPsolver/logs/array_20198490_350.out,none,none,hires,fast,11,,0.0,1000,3062.070688231,0.0,2026-08-11T11:03:01.622,shooting,3062.070688231,1,2,10000,16,150,False,qr,,,,
run_hU5H4DPe,"[215412755.44531628, 160207094643.89954, 1841073893.4219406, 3437351009.95491, 200774.8530504331, 879135.876270122, 6301.533323755574, 3139.5486065406176]","[0.022420058218499184, 0.0054497507206719914, 0.1566953102645114, 0.010160914474840535, 0.14570750471938532, 0.047468873197042315, 0.7629013030030808, 0.603220345899597]",20712752706.81662,0.21925300756220356,"[0.06827985134151014, 0.4359596919628878, 0.5700816941134444, 0.634664589662392, 0.6186200429091705, 0.0008266515740444471, 0.03452790907970515, 1.4294925829341341e+28]","[0.9086771625308339, 0.5535351725269192, 0.7918496807705029, 0.6469680860888491, 0.6279675120767078, 0.10188169397944132, 1.391142273467367, 7.192695816122156e+17]",1.7868657286676677e+27,8.990869770152694e+16,"[585.9153291438411, 1400.5636365682142, 353.49147562692343, 8582.158846404182, 5691.103989370523, 8683.86275700559, 3.955198608147186, 0.6431788277213918]","[0.0002177860311739808, 0.001631314427636966, 0.005076828965060646, 0.010701724005538635, 0.0021668656942331692, 0.002651135665369784, 0.009239349864201232, 0.024653084922856925]",3162.7118014443927,0.007042261197008917,0.0,orcd,26.375495495,/home/txenakis/projects/BVPsolver/logs/array_20391846_228.err,default,mlp,552,0,/home/txenakis/projects/BVPsolver/logs/array_20391846_228.out,none,derivmatch,hires,fast,13,exact,0.0,1000,1319.010159547,0.0,2026-08-13T23:31:59.081,shooting,1345.385655042,1,2,10000,16,150,False,qr,,,,
run_hiHLqE60,"[1.0344987174708822, 0.4983561769772937, 0.9189147764799932]","[0.9994132713612252, 0.5557015162267492, 0.9439256123333587]",0.8172565569760564,0.8330134666404444,"[0.9999782738605891, 5.857394031835883, 151.59529525700918]","[0.9999791620680373, 1.0004375133615302, 1.004714144965233]",52.817555854235216,1.0017102734649335,"[0.9992461967010401, 0.9963469514853074, 0.9995204152985037]","[0.9992311358814395, 0.99527856474787, 0.9997020799202294]",0.9983711878282837,0.998070593516513,0.0,orcd,25.254150419,/home/txenakis/projects/BVPsolver/logs/array_20391846_302.err,default,mlp,387,0,/home/txenakis/projects/BVPsolver/logs/array_20391846_302.out,none,derivmatch,orego,fast,11,exact,0.0,1000,0.0,0.0,2026-08-13T23:45:25.849,none,25.254150419,1,2,10000,16,150,False,,,,,
run_himucp5m,,,,,,,,,,,,,0.0,orcd,23.572987195,/home/txenakis/projects/BVPsolver/logs/array_heavy_20252509_48.err,default,mlp,243,0,/home/txenakis/projects/BVPsolver/logs/array_heavy_20252509_48.out,none,derivmatch,rober,fast,14,,2328.988649335,1000,0.0,0.0,2026-08-12T08:20:50.927,shapovalova,2352.56163653,1,2,10000,12,150,False,,,,,
run_hqsYpKzi,,,,,,,,,,,,,0.0,orcd,26.111151557,/home/txenakis/projects/BVPsolver/logs/array_heavy_20252509_86.err,default,GELU-scaled,177,0,/home/txenakis/projects/BVPsolver/logs/array_heavy_20252509_86.out,none,derivmatch,vanderpol,fast,12,,787.765817317,1000,0.0,0.0,2026-08-12T12:54:20.217,shapovalova,813.876968874,1,2,10000,12,150,True,,,,,
run_hsvyAKoy,"[1.2067009444012817, 7613799.772968345]","[0.0021153987973937696, 1.9945275188057406e-05]",3806900.489834645,0.0010676720362909136,"[0.4981327162460913, 6.310735750963383e-05]","[0.09991960875827842, 0.1370820772834213]",0.24909791180180046,0.11850084302084987,"[3282.268694305148, 5388.424042288061]","[2.8622574682767645e-09, 2.311525971830822e-08]",4335.346368296605,1.2988758593292492e-08,117.650125551,orcd,0.0,/home/txenakis/projects/BVPsolver/logs/array_20391846_384.err,default,mlp,218,0,/home/txenakis/projects/BVPsolver/logs/array_20391846_384.out,none,none,davis-skodje,fast,14,exact,0.0,1000,0.0,0.0,2026-08-14T00:17:52.659,collocation,117.650125551,3,2,10000,12,150,False,,,,,
run_htGaClpK,"[3.641839340698364e-05, 6.265474033849545e-07, 3.377909369289546e-07]","[9.279443483614737e-05, 1.6474269273828634e-06, 5.527044504937354e-07]",1.2460910582432516e-05,3.166485540467466e-05,"[0.9903135085942572, 0.987372007354777, 1.042429968517835]","[0.9868342104872176, 0.8077762066953734, 3.250003542357752]",1.0067051614889564,1.6815379865134477,"[0.9949093906812997, 0.7441114660945514, 0.9564928577704276]","[1.7850356996804562, 0.017713399851835, 0.02586607695770793]",0.8985045715154262,0.609538392163333,61.71322714,orcd,30.517916984,/home/txenakis/projects/BVPsolver/logs/array_20391846_290.err,default,stiff,486,0,/home/txenakis/projects/BVPsolver/logs/array_20391846_290.out,none,derivmatch,orego,fast,13,exact,0.0,1000,0.0,0.0,2026-08-13T23:44:03.280,collocation,92.231144124,1,2,10000,16,150,False,,,,,
run_i2yaSBm3,,,,,,,,,,,,,0.0,orcd,0.0,/home/txenakis/projects/BVPsolver/logs/array_20140853_108.err,default,stiff,318,0,/home/txenakis/projects/BVPsolver/logs/array_20140853_108.out,none,none,rober,fast,14,,0.0,1000,404.928553165,0.0,2026-08-11T01:49:05.056,shooting,404.928553165,1,2,10000,12,150,False,,,,,
run_i3krGdT9,"[3.5664891212412226, 23.036191239790007]","[6.476975355949371e-06, 3.038421421689618e-10]",13.301340180515615,3.2386395990457702e-06,"[0.9541844674902372, 2.2084881306387278e-05]","[0.476384906160942, 0.290540693007414]",0.4771032761857718,0.38346279958417795,"[4.815839194043782, 0.44657233380555306]","[5.986900200369215e-12, 1.3123629759565758e-11]",2.6312057639246675,9.555264979967486e-12,150.355781893,orcd,32.240653873,/home/txenakis/projects/BVPsolver/logs/array_20391846_361.err,default,stiff,268,0,/home/txenakis/projects/BVPsolver/logs/array_20391846_361.out,none,derivmatch,davis-skodje,fast,11,exact,0.0,1000,0.0,0.0,2026-08-14T00:14:11.584,collocation,182.596435766,3,2,10000,12,150,False,,,,,
run_i86bSKOp,,,,,,,,,,,,,0.0,orcd,24.033341533,/home/txenakis/projects/BVPsolver/logs/array_heavy_20252509_76.err,default,mlp,218,0,/home/txenakis/projects/BVPsolver/logs/array_heavy_20252509_76.out,none,derivmatch,vanderpol,fast,12,,3750.839277064,1000,0.0,0.0,2026-08-12T11:59:13.913,shapovalova,3774.872618597,1,2,10000,12,150,True,,,,,
run_i9BMvnet,"[1.0168298025693845, 0.98162344627097, 1.0007027579138599]","[0.9998862617548249, 0.9820464668631058, 1.0018639334682629]",0.9997186689180714,0.9945988873620646,"[0.9999979874150023, 1.0970699591213442, 0.9889935901086321]","[0.9999987058297042, 1.0025689878844302, 1.0043252726729062]",1.0286871788816596,1.0022976554623468,"[18.855865757251202, 1.5069249181790292, 6.102409621068251]","[0.9558444250294094, 0.8051542693726945, 1.0641568895751397]",8.82173343216616,0.9417185279924145,27.717666467,orcd,0.0,/home/txenakis/projects/BVPsolver/logs/array_20391846_335.err,default,GELU-scaled,188,0,/home/txenakis/projects/BVPsolver/logs/array_20391846_335.out,none,none,orego,fast,15,exact,0.0,1000,0.0,0.0,2026-08-13T23:59:15.957,collocation,27.717666467,1,2,10000,16,150,False,,,,,
run_iAnJyWZj,,,,,,,,,,,,,0.0,orcd,0.0,/home/txenakis/projects/BVPsolver/logs/array_20198490_456.err,default,mlp,387,0,/home/txenakis/projects/BVPsolver/logs/array_20198490_456.out,none,none,orego,fast,12,,0.0,1000,68.832332185,0.0,2026-08-11T12:21:55.114,shooting,68.832332185,1,2,10000,16,150,False,,,,,
run_iB6sxAZI,"[1.5464024332996988, 195792582028.34204, 6.911621240485527]","[6.652230774819991e-05, 8.857017862838984e-05, 0.00033473838796716437]",65264194012.26669,0.0001632769581145847,"[0.9420730806088475, 3012.901705042991, 7.113581561557269e+22]","[0.9658026296500436, 630.19690720002, 2.197252919585811e+27]",2.371193853852423e+22,7.32417639861937e+26,"[0.15713259698724227, 5.613468623349307, 0.0067360797671673755]","[8.984646387263951e-07, 3.5198902763687412e-06, 5.000535217868904e-06]",1.9257791000345723,3.1396300443213466e-06,0.0,orcd,28.768793535,/home/txenakis/projects/BVPsolver/logs/array_20391846_62.err,default,stiff,318,0,/home/txenakis/projects/BVPsolver/logs/array_20391846_62.out,none,derivmatch,rober,fast,15,exact,0.0,1000,548.619804748,0.0,2026-08-13T22:22:10.593,shooting,577.388598283,1,2,10000,12,150,False,,,,,
run_iHs3iLSV,"[67191235.4207915, 2.311892843114254e+18, 320449269.9766413]","[0.1458504092920815, 1.3487350890595993, 2.5580793295441655]",7.706309478339647e+17,1.350888275965282,"[0.999789244245487, 40578396.62129556, 2.2656047095700404e+29]","[0.999299291835701, 18.495721780589335, 2.8984429614977717e+28]",7.552015698566802e+28,9.661476538325906e+27,"[11.096234133683037, 1011596.173941644, 0.05770045088130174]","[0.130202137837085, 101877.04514452358, 0.5613415272229023]",337202.4426254095,33959.24556272955,0.0,orcd,23.334231329,/home/txenakis/projects/BVPsolver/logs/array_20391846_88.err,default,mlp,243,0,/home/txenakis/projects/BVPsolver/logs/array_20391846_88.out,none,derivmatch,rober,fast,11,exact,0.0,1000,0.0,0.0,2026-08-13T22:29:15.556,none,23.334231329,1,2,10000,12,150,False,,,,,
run_iImqrCBB,"[4147.169803083771, 1.3486417982860848, 0.8348516428256834]","[11.934444487060748, 0.8771620066434753, 0.6661117284573849]",1383.117765508294,4.492572740720536,"[0.9988940894162436, 1.032912960205579, 1.6396231792344975]","[0.9975224183322742, 0.9431920301834279, 3.1392268987163314]",1.2238100762854403,1.6933137824106776,"[0.9957597838633694, 0.8391784114819099, 1.33486165846615]","[0.8027501533553579, 0.9413346521847801, 0.7974907366228787]",1.0565999512704762,0.8471918473876722,0.0,orcd,28.665143662,/home/txenakis/projects/BVPsolver/logs/array_20391846_277.err,default,stiff,486,0,/home/txenakis/projects/BVPsolver/logs/array_20391846_277.out,none,derivmatch,orego,fast,15,exact,0.0,1000,2002.993227527,0.0,2026-08-14T00:13:03.013,shooting,2031.658371189,1,2,10000,16,150,False,,,,,
run_iSwxcHH8,,,,,,,,,,,,,0.0,orcd,25.715665788,/home/txenakis/projects/BVPsolver/logs/array_20198490_463.err,default,mlp,387,0,/home/txenakis/projects/BVPsolver/logs/array_20198490_463.out,none,derivmatch,orego,fast,14,,0.0,1000,1134.381363757,0.0,2026-08-11T12:42:31.178,shooting,1160.097029545,1,2,10000,16,150,False,,,,,
run_iVKN0IRG,"[0.12964642951599012, 0.10524087643785573, 18206.562839356004, 0.012076000614893766, 13.05904277994977, 39.04280434002333, 0.055380991094423834, 0.0821696563430225, 0.10841373947476998, 79.35296242785415, 131.55216714507773, 0.13999556915540026, 5.063248294320874, 0.009565291807055376, 0.016723348714594796, 1877352738.675735, 0.12828553206613846, 0.14090021658163449, 0.018864648484522163, 0.0002554383672157527]","[1.923677459050495e-05, 4.184475067662265e-05, 0.9954622203010661, 0.0004129048695750442, 5.907551919950803e-05, 0.00011114795289223109, 5.956104634187187e-05, 0.00012057800974540916, 0.00010671611367881247, 0.00014051949975943596, 6.406721917004983e-05, 0.00019892599509621563, 0.00019498214640706758, 0.00012705796655143752, 8.362308468371187e-05, 0.9999999482709984, 9.49362984848516e-05, 0.00010768708036400637, 0.0006926709319956493, 0.00045681008115664394]",93868560.71281585,0.09992772569562167,"[0.9999999991185407, 0.999999842555881, 0.9999187082232623, 0.9999020377318603, 0.9999068627950379, 0.9998185994217902, 0.9997848385974382, 0.9947322419338894, 0.9969101859700209, 0.9763642401947865, 0.7624270407155552, 0.569599616337319, 0.3857018761503462, 0.08428678679964814, 0.47963970414497914, 149.76838495022375, 1.2734260281218998e+303, 7.502232863531202e+302, 2.4918533072954228e+302, 3.961928814494924e+300]","[0.999999998112611, 0.9999261933107896, 0.9373877122758646, 0.9660771514871289, 0.9964855854541668, 0.9898904992766652, 0.9769677046162095, 0.6404347699165129, 0.6352482252615712, 0.9076431218922358, 1.449941339849521, 1.2536119649369493, 0.5930530274827623, 1.248573409300232, 36.18343122989495, 19645.948657146302, 4.3165149643915136e+303, 1.7754376442368254e+302, 1.8889066524823137e+301, 4.8983405570542345e+300]",1.1383982870095286e+302,2.258923067948537e+302,"[0.0006299475587867902, 0.0003962305128377852, 0.009598110451419294, 0.0001121073648196647, 0.011443905852431137, 0.2594054975858408, 0.0004299675999026563, 3.517453227529491e-05, 0.0007679242095525412, 0.12453907812837293, 0.5957067548280736, 0.005145271321538797, 0.018969853966577733, 0.00023477357887494223, 0.0010008475999847691, 0.027437202111840638, 0.00022889818942299742, 0.005660428685467592, 0.0009201699763875715, 1.5334175241776374e-05]","[7.511080750303588e-07, 3.084801651755378e-08, 0.0005400241013877141, 1.3474527032918226e-07, 3.098485011580363e-05, 1.6839974738458906e-05, 1.6718709954725732e-09, 1.994606787415861e-10, 3.5276926826660372e-09, 1.966045497538725e-05, 1.5606461497960424e-05, 8.613821813290201e-07, 1.246490253367931e-06, 2.2870117234040645e-06, 5.43376635162132e-07, 0.043438984162282326, 7.177483373061395e-10, 1.054758139184429e-06, 7.536289449250984e-06, 4.26765303720534e-06]",0.05313387391148246,0.002204040989227556,6584.85056567,orcd,47.204717452,/home/txenakis/projects/BVPsolver/logs/array_20391846_12.err,default,stiff,4744,0,/home/txenakis/projects/BVPsolver/logs/array_20391846_12.out,none,derivmatch,pollu,fast,13,exact,0.0,1000,0.0,0.0,2026-08-14T00:00:51.572,collocation,6632.055283122,1,3,30000,32,150,False,,,,,
run_iWVhlR1t,"[15448385112.385921, 20068622604979.926]","[0.0024397023455254296, 0.7772640263524037]",10042035495046.156,0.38985186434896457,"[0.411335684825218, 0.007638149597135009]","[0.6470848115721409, 0.5074328615426843]",0.2094869172111765,0.5772588365574126,"[136805144.82249856, 14072819456.50812]","[4.345155016565131e-06, 0.12646936393407238]",7104812300.665309,0.06323685454454447,0.0,orcd,0.0,/home/txenakis/projects/BVPsolver/logs/array_20391846_368.err,default,mlp,218,0,/home/txenakis/projects/BVPsolver/logs/array_20391846_368.out,none,none,davis-skodje,fast,13,exact,0.0,1000,192.440115873,0.0,2026-08-14T00:15:04.394,shooting,192.440115873,3,2,10000,12,150,False,,,,,
run_ibveCbLW,,,,,,,,,,,,,0.0,orcd,29.957564456,/home/txenakis/projects/BVPsolver/logs/array_heavy_20252509_126.err,default,stiff,486,0,/home/txenakis/projects/BVPsolver/logs/array_heavy_20252509_126.out,none,derivmatch,orego,fast,12,exact,13.291099588,1000,0.0,0.0,2026-08-12T13:30:17.075,shapovalova,43.248664044,1,2,10000,16,150,False,,,,,
run_icWSP0xn,,,,,,,,,,,,,0.0,orcd,0.0,/home/txenakis/projects/BVPsolver/logs/array_20198490_490.err,default,GELU-scaled,188,0,/home/txenakis/projects/BVPsolver/logs/array_20198490_490.out,none,none,orego,fast,11,,0.0,1000,302.452939985,0.0,2026-08-11T13:18:08.682,shooting,302.452939985,1,2,10000,16,150,False,,,,,
run_id9TKL7R,"[0.07327170751861752, 815929705712.6497, 5.241112257510118]","[1.8838773472385052e-06, 7.450503574195364e-07, 2.87635541748482e-06]",271976568572.65466,1.8350943740476206e-06,"[0.8621693396963226, 17.40335526972038, 4.1429317937352654e+24]","[0.9159752301243931, 54396.835810498334, 1.9783890155017018e+28]",1.380977264578422e+24,6.59463005167234e+27,"[0.578824142095969, 64.11991173479933, 0.880594106309426]","[7.022870531020796e-10, 1.2408335560789744e-07, 1.642381792387589e-08]",21.859776661068242,4.706982019495847e-08,25.542888453,orcd,0.0,/home/txenakis/projects/BVPsolver/logs/array_20391846_70.err,default,stiff,318,0,/home/txenakis/projects/BVPsolver/logs/array_20391846_70.out,none,none,rober,fast,13,exact,0.0,1000,0.0,0.0,2026-08-13T22:22:59.342,collocation,25.542888453,1,2,10000,12,150,False,,,,,
run_ieND6j0J,,,,,,,,,,,,,20.161253587,orcd,0.0,/home/txenakis/projects/BVPsolver/logs/array_20140853_165.err,default,mlp,243,0,/home/txenakis/projects/BVPsolver/logs/array_20140853_165.out,none,none,rober,fast,11,,0.0,1000,0.0,0.0,2026-08-11T02:03:45.183,collocation,20.161253587,1,2,10000,12,150,False,,,,,
run_igNvHHbx,,,,,,,,,,,,,73.960857133,orcd,0.0,/home/txenakis/projects/BVPsolver/logs/array_20198490_447.err,default,stiff,486,0,/home/txenakis/projects/BVPsolver/logs/array_20198490_447.out,none,none,orego,fast,13,,0.0,1000,0.0,0.0,2026-08-11T12:16:56.565,collocation,73.960857133,1,2,10000,16,150,False,,,,,
run_iloHh6yS,"[1.038912618063454, 0.7814889357911491, 0.9230163306589028]","[0.9993775588486417, 0.59503129368077, 0.9441177607123817]",0.9144726281711687,0.8461755377472645,"[0.9999260286513199, 1.1701342785411166, 11.972067847962077]","[0.999954288256268, 0.9995174561961543, 1.0001971033182677]",4.714042718384838,0.9998896159235633,"[1.0000095291332365, 0.9998312565228588, 0.9998990331028715]","[1.0000095843305403, 0.9997806882920949, 0.9999373446904546]",0.9999132729196556,0.9999092057710298,0.0,orcd,23.554579723,/home/txenakis/projects/BVPsolver/logs/array_20391846_305.err,default,mlp,387,0,/home/txenakis/projects/BVPsolver/logs/array_20391846_305.out,none,derivmatch,orego,fast,14,exact,0.0,1000,0.0,0.0,2026-08-13T23:45:21.756,none,23.554579723,1,2,10000,16,150,False,,,,,
run_inZvwv6f,"[11926643.961159488, 726976006.372541, 16397859.592456704, 3921.777920636447, 8.367950930430068, 2108.05077225815, 8.92508768985452, 11.376727356970953]","[0.018900357387830847, 0.14805251513217202, 0.10499902746974946, 0.23820968457728112, 0.802852166281272, 0.046401369793059886, 0.5086251711590533, 0.5436757853322398]",94413321.053077,0.30146450964158233,"[0.42245349362006285, 0.30989249388270534, 0.6143351233071375, 0.6471616219301185, 0.9669610973686379, 0.9286930102431242, 0.8308412237214634, 5.109736499522472e+27]","[0.9543392181959808, 0.4010977809207598, 0.8286038533323988, 0.643518406982565, 0.9655273196065455, 0.9317986166175345, 0.8528284561211368, 2.4568888328317747e+17]",6.38717062440309e+26,3.0711110410397184e+16,"[16047654.792832544, 13382630.146722276, 422827826.5656617, 402672.2148232764, 1627299.9920339216, 13579444.999210814, 3310962.4200427327, 234888.70947964778]","[0.0007757599729629512, 0.07679783789948752, 2.796097485268818, 0.007834962301336462, 0.41047725933666224, 0.436469216489253, 50.8520700919276, 67.45729214423868]",58926672.48010087,15.25472684467935,129.896999975,orcd,24.834506466,/home/txenakis/projects/BVPsolver/logs/array_20391846_241.err,default,mlp,552,0,/home/txenakis/projects/BVPsolver/logs/array_20391846_241.out,none,derivmatch,hires,fast,11,exact,0.0,1000,0.0,0.0,2026-08-13T23:28:13.467,collocation,154.731506441,1,2,10000,16,150,False,qr,,,,
run_j0HKeOF1,"[11098011.801138468, 5070104069.174137, 221800.12076940553, 2377866.1191240093, 0.883021418569593, 3.4415671640396313, 1.263644803663675, 2.7786773909557443]","[0.0008448772772298649, 0.0001108262031065943, 6.460945277121134e-05, 0.0003930949560519468, 1.8997261276074213e-05, 3.463721031017726e-05, 6.301859930761335e-05, 8.17316503391103e-05]",635475219.4477601,0.000201474076299074,"[8.698945812647608, 0.755850221183949, 0.4421516273336111, 0.9631359460522164, 0.979593198284881, 0.9405146857044924, 0.891322573395714, 6.2970671239750936e+29]","[1.2834594395799848, 0.9837381370251665, 0.7818260695504764, 0.6837041026474835, 0.8616039357788573, 0.8138550675671699, 0.8412540068983997, 4.663632989553447e+18]",7.871333904968867e+28,5.829541236941809e+17,"[32.163722811056715, 11446.62798474827, 3448.7257702654165, 6767.780201114129, 14038.225371487915, 61953.5217369947, 37.052115592171326, 0.8271089525331796]","[4.805160009475309e-07, 0.0002517624247096006, 0.000384111156297889, 0.00010798263535641366, 0.009977431386077693, 0.010543698354781892, 0.0053887321713564085, 0.009890980843274746]",12215.615501495775,0.004568147435981948,206.074756126,orcd,0.0,/home/txenakis/projects/BVPsolver/logs/array_20391846_215.err,default,stiff,816,0,/home/txenakis/projects/BVPsolver/logs/array_20391846_215.out,none,none,hires,fast,14,exact,0.0,1000,0.0,0.0,2026-08-13T23:04:09.507,collocation,206.074756126,1,2,10000,16,150,False,qr,,,,
run_j1dyKZgP,"[141959.2181778567, 715090200.532271]","[0.005437665779770545, 1.7612956842890816e-05]",357616079.8752245,0.002727639368306718,"[6.663332886963349, 9.18704768420761e-06]","[1.1638742639720718, 0.26602172500353827]",3.3316710370055165,0.714947994487805,"[54.88278378436083, 6562.038316224438]","[8.189610625482602e-09, 1.588864597206331e-08]",3308.4605500043995,1.2039128298772956e-08,104.312699186,orcd,0.0,/home/txenakis/projects/BVPsolver/logs/array_20391846_385.err,default,mlp,218,0,/home/txenakis/projects/BVPsolver/logs/array_20391846_385.out,none,none,davis-skodje,fast,15,exact,0.0,1000,0.0,0.0,2026-08-14T00:17:36.876,collocation,104.312699186,3,2,10000,12,150,False,,,,,
run_j34BQaYU,,,,,,,,,,,,,0.0,orcd,33.420845968,/home/txenakis/projects/BVPsolver/logs/array_20198490_402.err,default,GELU-scaled,243,0,/home/txenakis/projects/BVPsolver/logs/array_20198490_402.out,none,derivmatch,hires,fast,13,,4803.172365533,1000,0.0,0.0,2026-08-11T12:02:34.694,shapovalova,4836.593211501,1,2,10000,16,150,False,qr,,,,
run_jJsn8nDK,,,,,,,,,,,,,0.0,orcd,0.0,/home/txenakis/projects/BVPsolver/logs/array_20140853_177.err,default,GELU-scaled,188,0,/home/txenakis/projects/BVPsolver/logs/array_20140853_177.out,none,none,rober,fast,13,,0.0,1000,194.580902491,0.0,2026-08-11T02:09:57.917,shooting,194.580902491,1,2,10000,12,150,False,,,,,
run_jK7beZbP,,,,,,,,,,,,,128.596999528,orcd,23.451183656,/home/txenakis/projects/BVPsolver/logs/array_20198490_380.err,default,mlp,552,0,/home/txenakis/projects/BVPsolver/logs/array_20198490_380.out,none,derivmatch,hires,fast,11,,0.0,1000,0.0,0.0,2026-08-11T10:19:47.934,collocation,152.048183184,1,2,10000,16,150,False,qr,,,,
run_jLiNOwSO,,,,,,,,,,,,,0.0,orcd,29.037863554,/home/txenakis/projects/BVPsolver/logs/array_heavy_20252509_97.err,default,stiff,816,0,/home/txenakis/projects/BVPsolver/logs/array_heavy_20252509_97.out,none,derivmatch,hires,fast,13,exact,19.784959838,1000,0.0,0.0,2026-08-12T13:20:13.414,shapovalova,48.822823392000004,1,2,10000,16,150,False,qr,,,,
run_jSFlDRPq,"[2714516.9520752267, 14844.211008349253]","[3.623511070342804, 2.2364748499437894]",1364680.581541788,2.929992960143297,"[0.3509291728940097, 3665.1597976763974]","[0.512000542477487, 1.497714486515301]",1832.7553634246458,1.004857514496394,"[1.001456569134663, 3.6505459564507703]","[0.8914734906991829, 1.0000112502727265]",2.3260012627927167,0.9457423704859547,0.0,orcd,0.0,/home/txenakis/projects/BVPsolver/logs/array_20391846_128.err,default,stiff,268,0,/home/txenakis/projects/BVPsolver/logs/array_20391846_128.out,none,none,vanderpol,fast,11,exact,0.0,1000,211.325026749,0.0,2026-08-13T22:42:51.777,shooting,211.325026749,1,2,10000,12,150,True,,,,,
run_jVMMGhEW,,,,,,,,,,,,,3787.357065495,orcd,0.0,/home/txenakis/projects/BVPsolver/logs/array_20140853_63.err,default,mlp,3444,0,/home/txenakis/projects/BVPsolver/logs/array_20140853_63.out,none,none,pollu,fast,14,,0.0,1000,0.0,0.0,2026-08-10T23:53:06.140,collocation,3787.357065495,1,3,30000,32,150,False,,,,,
run_jZK7iTiK,"[341239.28888212366, 45338742091.6986]","[0.000896975679970464, 0.319361126788147]",22669541665.49374,0.16012905123405874,"[0.040688738543009965, 0.00033165917166632747]","[0.4217866765766018, 0.4956705242005905]",0.020510198857338145,0.45872860038859614,"[234199.33406143676, 1674640.3922555505]","[1.0262662450684e-05, 0.014583307366783673]",954419.8631584937,0.007296785014617178,0.0,orcd,23.339779997,/home/txenakis/projects/BVPsolver/logs/array_20391846_379.err,default,mlp,218,0,/home/txenakis/projects/BVPsolver/logs/array_20391846_379.out,none,derivmatch,davis-skodje,fast,14,exact,0.0,1000,0.0,0.0,2026-08-14T00:14:45.464,none,23.339779997,3,2,10000,12,150,False,,,,,
run_jZeOiczA,"[496744.68862781674, 73158.66924834586, 6018.4233115766165, 35150.75725076719, 220.1385867130834, 871.3576965453381, 1.0185706898632132, 1.0243495611520128]","[0.1677825012317943, 0.9727022638868583, 0.7180769591199087, 0.6694764337049018, 35.65922411908456, 23.87149021306158, 1.1642704630565814, 1.186173636780006]",76520.75970525198,8.051149573740775,"[0.9577205847326945, 0.998534116698484, 0.999986861752301, 0.9999996050938954, 0.9999999990926587, 1.0, 1.0, 0.963357869389673]","[0.9895181457402946, 0.998123173661334, 0.999994828569248, 0.9999998190966127, 0.9999999979108344, 1.0, 1.0, 0.999999975645271]",0.9899498795949633,0.9984544925779494,"[24.108342175963102, 6829.399951717126, 542.3853434253164, 61.46455176785237, 16372.397621243723, 59545.85222411068, 15.022993545829744, 0.7797132255313234]","[0.0043374690262285385, 0.8836558332419464, 0.44080267589076355, 0.5166056775777733, 0.15351654409328883, 0.12933112186734377, 0.02248370183989353, 0.022435045400552498]",10423.926342651504,0.2716460086172238,0.0,orcd,0.0,/home/txenakis/projects/BVPsolver/logs/array_20391846_249.err,default,GELU-scaled,243,0,/home/txenakis/projects/BVPsolver/logs/array_20391846_249.out,none,none,hires,fast,14,exact,0.0,1000,363.669889839,0.0,2026-08-13T23:37:31.217,shooting,363.669889839,1,2,10000,16,150,False,qr,,,,
run_ja027Tf0,,,,,,,,,,,,,22.411110965,orcd,0.0,/home/txenakis/projects/BVPsolver/logs/array_20140853_168.err,default,mlp,243,0,/home/txenakis/projects/BVPsolver/logs/array_20140853_168.out,none,none,rober,fast,14,,0.0,1000,0.0,0.0,2026-08-11T02:05:08.606,collocation,22.411110965,1,2,10000,12,150,False,,,,,
run_jqqzAnSQ,,,,,,,,,,,,,0.0,orcd,0.0,/home/txenakis/projects/BVPsolver/logs/array_heavy_20252509_133.err,default,mlp,387,0,/home/txenakis/projects/BVPsolver/logs/array_heavy_20252509_133.out,none,none,orego,fast,14,exact,10.490057944,1000,0.0,0.0,2026-08-12T13:31:53.573,shapovalova,10.490057944,1,2,10000,16,150,False,,,,,
run_jwAiL3Dj,,,,,,,,,,,,,0.0,orcd,25.597441833,/home/txenakis/projects/BVPsolver/logs/array_20140853_264.err,default,mlp,218,0,/home/txenakis/projects/BVPsolver/logs/array_20140853_264.out,none,derivmatch,vanderpol,fast,15,,4213.809106669,1000,0.0,0.0,2026-08-11T04:08:55.174,shapovalova,4239.406548502,1,2,10000,12,150,True,,,,,
run_k7VeHWNf,,,,,,,,,,,,,0.0,orcd,29.108285852,/home/txenakis/projects/BVPsolver/logs/array_20140853_232.err,default,stiff,268,0,/home/txenakis/projects/BVPsolver/logs/array_20140853_232.out,none,derivmatch,vanderpol,fast,13,,0.0,1000,0.0,0.0,2026-08-11T02:44:41.845,none,29.108285852,1,2,10000,12,150,True,,,,,
run_kCf2k4Jc,,,,,,,,,,,,,0.0,orcd,30.207708544,/home/txenakis/projects/BVPsolver/logs/array_20140853_229.err,default,stiff,268,0,/home/txenakis/projects/BVPsolver/logs/array_20140853_229.out,none,derivmatch,vanderpol,fast,15,,4718.391329348,1000,0.0,0.0,2026-08-11T04:00:46.046,shapovalova,4748.599037892,1,2,10000,12,150,True,,,,,
run_kCt7v2Wj,"[399407.97694729397, 464286671.137509, 15848.333755717069, 198723.54309880742, 166.17898443985902, 515.2884881966543, 1.1541209943250306, 0.6306415483671467]","[7.883030313368772e-05, 5.038056898359428e-05, 0.00044108583287608307, 0.00010976216436284859, 0.0011223782527696091, 0.00018908525185334292, 0.00015381894248496617, 0.0005697666468354778]",58112666.78044325,0.0003393884954124512,"[0.3721305290769851, 0.8412273179611179, 0.9011225476470677, 0.9079479935407969, 0.9853328146392294, 0.934139064062609, 0.8680915777098569, 5.471439142562324e+28]","[1.0166254750511388, 0.6759912220131018, 0.7989791365088756, 0.5603677259097285, 0.7958008732243783, 0.7227739623589098, 0.8688062297122255, 1.5262939690919345e+18]",6.839298928202905e+27,1.907867461364918e+17,"[101649.54440340378, 943.5394345376242, 1976.657071229475, 35.78790836194087, 1.5758563962517997, 13.880135851104365, 4.796642942998367, 0.5804718777368857]","[7.704820094242628e-06, 4.174788749888308e-05, 2.19417417466914e-05, 1.8079697297430667e-05, 3.482249372890409e-05, 1.1808688943298614e-05, 4.509378858413784e-05, 9.655235645156651e-05]",13078.295240575113,3.471893429314435e-05,0.0,orcd,30.31007009,/home/txenakis/projects/BVPsolver/logs/array_heavy_20252509_207.err,default,stiff,816,0,/home/txenakis/projects/BVPsolver/logs/array_heavy_20252509_207.out,none,derivmatch,hires,fast,14,exact,0.0,1000,5927.366272878,0.0,2026-08-12T23:40:46.328,shooting,5957.676342968,1,2,10000,16,150,False,qr,,,,
run_kHOitriq,"[5824.020610615902, 117991757.82599257, 22953.184131807895, 552.6291863687694, 613.3204411205543, 1749.1515678957433, 2.5451807838385627, 1.4108854406218074]","[1.2920361904992917e-05, 4.469098177320668e-05, 0.0007167598021483313, 0.0003595110015505423, 0.000521166867456721, 0.00028772050872041187, 0.0059837066879008215, 0.004591184349626566]",14752931.760999573,0.0015647075701351993,"[0.510737821299272, 0.8110529603602847, 0.8869574363869757, 0.8593254569920551, 0.9446512233225359, 0.9510475265768462, 0.9517111073756591, 3.492897247438664e+25]","[1.2904776984790152, 3.788671618694939, 0.8208279165876462, 0.7171051860540771, 0.8533355959388531, 0.7859561576613279, 0.8112108870664653, 1.4847223479980603e+18]",4.36612155929833e+24,1.8559029349975754e+17,"[1174974.641047245, 67981.54201833234, 3187.6779972914946, 27342.66003210297, 174694.7146589895, 601300.5775935065, 4.642003445720178, 0.9466030005082133]","[0.00020459051861118884, 0.004338642249485824, 0.02111244021410184, 0.003421652583724813, 0.013625430697946183, 0.007107300311711317, 0.044207100593697396, 0.018233175072685282]",256185.92524423925,0.01403129153024548,0.0,orcd,31.6176117,/home/txenakis/projects/BVPsolver/logs/array_20391846_208.err,default,stiff,816,0,/home/txenakis/projects/BVPsolver/logs/array_20391846_208.out,none,derivmatch,hires,fast,12,exact,0.0,1000,0.0,0.0,2026-08-13T22:59:32.464,none,31.6176117,1,2,10000,16,150,False,qr,,,,
run_kHiIu742,,,,,,,,,,,,,0.0,orcd,0.0,/home/txenakis/projects/BVPsolver/logs/array_heavy_20252509_103.err,default,mlp,552,0,/home/txenakis/projects/BVPsolver/logs/array_heavy_20252509_103.out,none,none,hires,fast,14,exact,14.110533442,1000,0.0,0.0,2026-08-12T13:24:43.939,shapovalova,14.110533442,1,2,10000,16,150,False,qr,,,,
run_kIVYgHAx,,,,,,,,,,,,,0.0,orcd,29.662230951,/home/txenakis/projects/BVPsolver/logs/array_20198490_337.err,default,stiff,816,0,/home/txenakis/projects/BVPsolver/logs/array_20198490_337.out,none,derivmatch,hires,fast,13,,0.0,1000,0.0,0.0,2026-08-11T10:12:00.136,none,29.662230951,1,2,10000,16,150,False,qr,,,,
run_kXcCP6Hz,,,,,,,,,,,,,155.392639381,orcd,0.0,/home/txenakis/projects/BVPsolver/logs/array_20198490_343.err,default,stiff,816,0,/home/txenakis/projects/BVPsolver/logs/array_20198490_343.out,none,none,hires,fast,14,,0.0,1000,0.0,0.0,2026-08-11T10:14:29.016,collocation,155.392639381,1,2,10000,16,150,False,qr,,,,
run_kYfysbvE,"[152.4547693707688, 12163773139.757833, 192.5030544991469]","[1.3494399184665762e-05, 5.492880041616093e-07, 2.5847136889242626e-06]",4054591161.5718856,5.542800292583877e-06,"[0.9910769199749797, 26832.0772347756, 2.936111916884399e+25]","[0.9495960669272568, 4293.634478591331, 3.157462346715226e+27]",9.787039722947997e+24,1.0524874489050753e+27,"[0.0062021553431794, 3.6906886791655844, 0.32155004376678814]","[6.240805508634422e-10, 1.7662009390112547e-07, 1.4141125108149171e-08]",1.3394802927585172,6.379509985337937e-08,17.316765236,orcd,32.775320886,/home/txenakis/projects/BVPsolver/logs/array_20391846_75.err,default,stiff,318,0,/home/txenakis/projects/BVPsolver/logs/array_20391846_75.out,none,derivmatch,rober,fast,13,exact,0.0,1000,0.0,0.0,2026-08-13T22:24:15.981,collocation,50.092086122,1,2,10000,12,150,False,,,,,
run_kcnLTfs1,"[14917716.954629514, 2174736252.1867313]","[0.00019777114451957625, 1.1246097239751458e-05]",1094826984.5706804,0.00010450862087966385,"[0.9642755306578189, 0.643954763015359]","[0.4723841308488029, 1.417298992114489]",0.804115146836589,0.9448415614816459,"[45436586.776386574, 28263207.792469677]","[1.7198755461121036e-08, 1.9752278564228714e-07]",36849897.28442813,1.0736077055170409e-07,0.0,orcd,32.041792322,/home/txenakis/projects/BVPsolver/logs/array_20391846_350.err,default,stiff,268,0,/home/txenakis/projects/BVPsolver/logs/array_20391846_350.out,none,derivmatch,davis-skodje,fast,15,exact,0.0,1000,380.920714892,0.0,2026-08-14T00:10:39.229,shooting,412.96250721399997,3,2,10000,12,150,False,,,,,
run_kdIelhJs,,,,,,,,,,,,,0.0,orcd,0.0,/home/txenakis/projects/BVPsolver/logs/array_20140853_118.err,default,stiff,318,0,/home/txenakis/projects/BVPsolver/logs/array_20140853_118.out,none,none,rober,fast,14,,1812.615685076,1000,0.0,0.0,2026-08-11T02:12:45.131,shapovalova,1812.615685076,1,2,10000,12,150,False,,,,,
run_keroIhmx,"[11.819551371442506, 8921124.580719981]","[1.0675397188786387e-06, 1.992921830965759e-06]",4460568.200135676,1.5302307749221989e-06,"[0.791619845404624, 0.0008451836338536592]","[0.45804528147556045, 1.0994266558394648]",0.39623251451923885,0.7787359686575126,"[77612960035.49136, 442418828823093.75]","[6.166427498929607e-06, 0.012007487548880695]",221248220891564.62,0.006006826988189812,134.192844573,orcd,30.070814818,/home/txenakis/projects/BVPsolver/logs/array_20391846_365.err,default,stiff,268,0,/home/txenakis/projects/BVPsolver/logs/array_20391846_365.out,none,derivmatch,davis-skodje,fast,15,exact,0.0,1000,0.0,0.0,2026-08-14T00:14:40.692,collocation,164.263659391,3,2,10000,12,150,False,,,,,
run_kl9CYkbL,,,,,,,,,,,,,72.065861494,orcd,0.0,/home/txenakis/projects/BVPsolver/logs/array_20198490_448.err,default,stiff,486,0,/home/txenakis/projects/BVPsolver/logs/array_20198490_448.out,none,none,orego,fast,14,,0.0,1000,0.0,0.0,2026-08-11T12:18:09.072,collocation,72.065861494,1,2,10000,16,150,False,,,,,
run_kpAH7mr1,"[53.99544799365822, 5.763583098457788]","[0.9832047746917284, 0.9999904203744207]",29.879515546058002,0.9915975975330745,"[0.9974982690846428, 1.1090597532403121]","[0.9982658857654343, 0.9998711266327375]",1.0532790111624775,0.9990685061990858,"[0.9734261072897467, 1.449713300775515]","[0.8037917423721205, 1.0002178935981694]",1.2115697040326308,0.902004817985145,0.0,orcd,0.0,/home/txenakis/projects/BVPsolver/logs/array_20391846_153.err,default,mlp,218,0,/home/txenakis/projects/BVPsolver/logs/array_20391846_153.out,none,none,vanderpol,fast,12,exact,0.0,1000,156.488124763,0.0,2026-08-13T22:47:59.924,shooting,156.488124763,1,2,10000,12,150,True,,,,,
run_kpU63wgM,"[27.770396165271205, 16.78079363211732, 107269298.47731486, 32.33181277803014, 316297.0766182138, 236.00807718375512, 0.99165467400736, 1.6329683934780759, 0.9168831318257867, 6762.8364872876855, 152051.44990907746, 1.0997374355070049, 1.0734947347509767, 15.34707269372023, 1.0221867455356675, 173620595302.8961, 0.8300487502118822, 1.1002500486069577, 10.437280897113443, 1.0607246291968313]","[1.000796313773166, 0.9842713568849061, 0.9999967979183835, 0.9920891378678778, 1.0000740333709186, 1.0027044092638406, 0.9767466551741312, 1.1527147585039685, 0.9715882099015652, 1.0031878403812466, 1.0079006395327694, 1.0024226182736258, 0.9997671472725712, 1.0031645822113309, 1.0030560725712654, 1.0000000000044524, 0.9125712103136344, 1.0013357761445505, 1.0043670358209003, 1.0012569566521161]",8686417003.05699,1.001000577591861,"[0.9999999984408999, 0.9999990094004446, 0.998546438604859, 0.9985954576160901, 0.9987871310804465, 0.9985103637518139, 0.999449590878181, 0.9922402581860589, 0.986160911429303, 0.9011303788902064, 0.14124919294325655, 0.8691662826466624, 0.8112333018958128, 0.6593304141241126, 0.23745863258368127, 4.122985397237479, 8.1780664484255425e+301, 5.099899627550024e+301, 2.245169967106341e+301, 1.706871872913728e+300]","[0.9999999986928575, 0.9999987768892253, 0.9984544698909734, 0.9986098154469273, 0.9987389090421637, 0.9960759320704967, 0.9986896962579525, 0.98172099848559, 0.9562780005239668, 0.9096040722572117, 0.9100480170416821, 0.6097703061173825, 0.7427443859243613, 0.7337077376541791, 1.3740922101875104, 1494.064516338345, 4.0794467079514664e+302, 1.3461118820615015e+302, 4.958530144500138e+301, 2.1281079620078125e+301]",7.84691161518664e+300,3.0671112003318816e+301,"[1.3039280506133462, 0.004771855948993818, 0.917372047885231, 1.572317561397031, 0.9119565495495271, 2.449542378058169, 0.15161866279196326, 0.012034111900623912, 0.19949181838668006, 0.0179619560575479, 0.46868384474852975, 1.0051549061083307, 1.0012448739998774, 0.8765883324357883, 0.9974670657231349, 1.1171847126028849, 0.03859934167396338, 1.0004759706143163, 1.3062640307553404, 1.0087208808680082]","[1.1274474347269319, 0.008790803921305882, 0.705643688141312, 0.35263708197434396, 0.9749611131995269, 1.0693145963051356, 0.002114353460677906, 0.0003767792361022088, 0.003126856505431904, 0.8969425312241525, 1.019519108409876, 1.006082807347408, 1.0005009391066584, 0.9983304329375964, 0.9971889848135049, 1.013129215392842, 0.0007918329001908767, 1.0010270921289666, 1.1936492910329617, 1.0134227834767928]",0.8180689476059644,0.719249886312086,4673.74118392,orcd,0.0,/home/txenakis/projects/BVPsolver/logs/array_20391846_5.err,default,stiff,4744,0,/home/txenakis/projects/BVPsolver/logs/array_20391846_5.out,none,none,pollu,fast,11,exact,0.0,1000,0.0,0.0,2026-08-13T23:28:14.969,collocation,4673.74118392,1,3,30000,32,150,False,,,,,
run_kqFGWBBu,,,,,,,,,,,,,55.734496192,orcd,27.130454478,/home/txenakis/projects/BVPsolver/logs/array_20198490_488.err,default,mlp,387,0,/home/txenakis/projects/BVPsolver/logs/array_20198490_488.out,none,derivmatch,orego,fast,14,,0.0,1000,0.0,0.0,2026-08-11T13:14:34.229,collocation,82.86495067,1,2,10000,16,150,False,,,,,
run_kuCQDPUG,,,,,,,,,,,,,13.785228953,orcd,24.104255047,/home/txenakis/projects/BVPsolver/logs/array_20140853_171.err,default,mlp,243,0,/home/txenakis/projects/BVPsolver/logs/array_20140853_171.out,none,derivmatch,rober,fast,12,,0.0,1000,0.0,0.0,2026-08-11T02:05:28.382,collocation,37.889483999999996,1,2,10000,12,150,False,,,,,
run_kwURAMao,"[8883.187011099133, 1383.6554103298627, 4279.834036889063, 178700.92458928746, 26680.831597586643, 3150.1023878143988, 20.46859271573283, 1.6966302404756815, 2.454652935827572, 6612.713529181477, 25040.085527939747, 50.03218080645511, 25.634678403425465, 14146.892991092465, 4.933000018956996, 2283.3153163173974, 13.406636073892967, 12.0362304483258, 26.307368009260685, 3.4387179752094004]","[0.0018004599718256752, 0.0016933055011936966, 0.9999956348220354, 0.005144297810123555, 0.9734455968034501, 0.9540255172412216, 0.5236933558285712, 0.762597984641367, 1.5480581510478333, 0.9360371416387556, 0.9531158130692639, 0.7794016063650718, 0.28446367834329234, 3.0062737186528627, 42.31877225907812, 0.9999999999997159, 0.6009425364815042, 0.7175250776214057, 0.8942401300674987, 28.840032329088647]",13566.097554258256,4.305062929703689,"[0.9999999999997893, 0.9999999999462854, 0.9999999735903805, 0.9999999713074701, 0.9999999498525666, 0.99999999968006, 0.9999999999131575, 0.9999999999423731, 1.0, 1.0, 1.0, 1.0, 1.0, 1.0, 1.0, 1.0, 3.832890994984827e+266, 1.41614346501477e+265, 4.741859388922108e+263, 1.435754679377523e+250]","[0.9999999999982333, 0.999999999969895, 0.9999998057160698, 0.9999998937268622, 0.9999999720331858, 0.9999999707553991, 0.9999999444717272, 0.9999998806599076, 0.999999961742618, 0.9999999877393574, 1.0, 1.0, 1.0, 1.0, 1.0, 0.9999999999999997, 3.196315070867196e+268, 2.306006908761357e+267, 4.27941669943417e+265, 2.4031914221285792e+253]",1.989623600437613e+265,1.7155975892213838e+267,"[0.16289246401477275, 0.0036684016701179554, 0.020170300133191824, 0.3306431303956267, 0.06886621283424774, 0.8766920203207811, 0.00832788423930301, 0.0003973274372063368, 0.014612228103311796, 0.7872824761755687, 0.6251863678352121, 0.055487018700956625, 0.5451986716508237, 0.2925383389598981, 0.0018295272130551602, 0.0057190110903984235, 0.0021827845922871825, 0.08310387067278005, 0.016888476117365846, 0.0006806257900658979]","[0.028864061567193035, 6.924968482367869e-06, 0.003661215024985247, 0.00014485462520779998, 0.4010879809382296, 0.58165299863406, 1.1189777468511331e-05, 1.4052969197043207e-06, 2.7216727025758892e-05, 0.5316124344034814, 0.5561461647931132, 0.005814806313087228, 0.03194462600628379, 0.008359772594599912, 0.0004528169499897623, 0.9768091920948027, 4.5112969380122795e-06, 0.009422069761353498, 0.02474139006761843, 0.007808360249786952]",0.19511835689734858,0.15842869960453135,0.0,orcd,0.0,/home/txenakis/projects/BVPsolver/logs/array_20391846_34.err,default,GELU-scaled,650,0,/home/txenakis/projects/BVPsolver/logs/array_20391846_34.out,none,none,pollu,fast,15,exact,0.0,1000,4105.774997403,0.0,2026-08-13T23:18:47.261,shooting,4105.774997403,1,3,30000,32,150,False,,,,,
run_kxRrpFmE,,,,,,,,,,,,,0.0,orcd,32.550065176,/home/txenakis/projects/BVPsolver/logs/array_20140853_297.err,default,GELU-scaled,177,0,/home/txenakis/projects/BVPsolver/logs/array_20140853_297.out,none,derivmatch,vanderpol,fast,13,,3234.23653421,1000,0.0,0.0,2026-08-11T04:08:01.962,shapovalova,3266.786599386,1,2,10000,12,150,True,,,,,
run_l0GbTMMm,"[24232.78860136983, 148133.2022095826, 4521.28153962441, 18139.42455480222, 595.0364283234363, 1392.2008243131568, 0.9537094223310477, 0.9527704454714474]","[0.005040504282461977, 0.08523020220602705, 0.17539698623668118, 0.22947725142189182, 0.7213472783701064, 0.5294791138354231, 0.3904019514960162, 0.39048884777354975]",24626.98007973543,0.3158577669527697,"[0.9449646837122267, 0.999923519424504, 0.9999993444970134, 1.0, 1.0, 1.0, 1.0, 0.9968076847524352]","[0.9947290660833807, 0.8770233025819446, 0.9999080084482882, 0.9999982960445712, 1.0, 1.0, 1.0, 0.9999999959414493]",0.9927119040482724,0.9839573336374543,"[13290620839.871275, 20645474470.970997, 8647765057.521986, 9574259264.86581, 750820.2932817859, 111930273.10840838, 182892.709624669, 9340.535583394965]","[288.23750178097214, 2479.1417796861874, 8829.841966692711, 8013.984491571562, 1.0902524470026496, 32.186861452143454, 259.0392929254692, 267.8179520152444]",6533874119.984621,2521.4175123214122,0.0,orcd,25.368176183,/home/txenakis/projects/BVPsolver/logs/array_20391846_256.err,default,GELU-scaled,243,0,/home/txenakis/projects/BVPsolver/logs/array_20391846_256.out,none,derivmatch,hires,fast,11,exact,0.0,1000,0.0,0.0,2026-08-13T23:33:32.137,none,25.368176183,1,2,10000,16,150,False,qr,,,,
run_l1J8q2s2,"[17707178429.66793, 1020939704312.3257, 1253442057863.4954, 14115551237.908325, 110145707.10928495, 27104625.1879834, 70486143.04803441, 38190429.82763625]","[0.2582919579170859, 0.2000897543492412, 573.6993291540701, 2.6927679417071895, 57.3108029167515, 14.858057284041722, 18966.182706448235, 1953.0792041535906]",288306302343.5713,2696.0351562013325,"[0.7061580969175826, 0.6364541045440968, 0.24591930474037516, 0.13564181363190161, 0.48136738507269544, 0.1545487959646012, 1.7252420607367969, 1.7114713039553484e+30]","[0.9840528434457874, 0.7301089964550659, 0.7409027173430706, 0.32698651541739454, 0.4619316609105332, 0.036363145997120594, 7.005929892870073, 7.688892825815492e+20]",2.1393391299441855e+29,9.611116032269364e+19,"[1404671.0373271997, 5260854.791669395, 393.25100210213094, 420552.8574142449, 57922.44014669769, 138684.27093579905, 9.303190900959848, 1.2012142993894064]","[0.5150396932905462, 13.011309471023358, 2.4875247309006445, 5.6767055259273445, 0.19660430326132158, 3.5261883282315076, 6.679342448487608, 5.191065273602658]",910386.1441125799,4.660472471840624,0.0,orcd,0.0,/home/txenakis/projects/BVPsolver/logs/array_20391846_222.err,default,mlp,552,0,/home/txenakis/projects/BVPsolver/logs/array_20391846_222.out,none,none,hires,fast,11,exact,0.0,1000,2098.640458945,0.0,2026-08-13T23:41:21.198,shooting,2098.640458945,1,2,10000,16,150,False,qr,,,,
run_l2Lql5NW,,,,,,,,,,,,,0.0,orcd,26.928045623,/home/txenakis/projects/BVPsolver/logs/array_20140853_195.err,default,GELU-scaled,188,0,/home/txenakis/projects/BVPsolver/logs/array_20140853_195.out,none,derivmatch,rober,fast,11,,0.0,1000,0.0,0.0,2026-08-11T02:18:22.820,none,26.928045623,1,2,10000,12,150,False,,,,,
run_l7YxDFZn,,,,,,,,,,,,,0.0,orcd,28.640121701,/home/txenakis/projects/BVPsolver/logs/array_20140853_75.err,default,GELU-scaled,650,0,/home/txenakis/projects/BVPsolver/logs/array_20140853_75.out,none,derivmatch,pollu,fast,11,,0.0,1000,8835.916653174,0.0,2026-08-11T02:42:58.508,shooting,8864.556774875,1,3,30000,32,150,False,,,,,
run_l9XKFt0b,"[0.005559503140102689, 10.630848932317774]","[0.6733204005580575, 0.9402321095180544]",5.318204217728938,0.806776255038056,"[0.13160299555970648, 0.9389246496470462]","[0.3772803859482321, 0.9993979355571085]",0.5352638226033763,0.6883391607526703,"[1.603641298128818, 8818.1903718599]","[1.0578088692267382, 0.9998588795073206]",4409.8970065790145,1.0288338743670293,22.360531014,orcd,23.011214707,/home/txenakis/projects/BVPsolver/logs/array_20391846_170.err,default,mlp,218,0,/home/txenakis/projects/BVPsolver/logs/array_20391846_170.out,none,derivmatch,vanderpol,fast,12,exact,0.0,1000,0.0,0.0,2026-08-13T22:50:43.839,collocation,45.371745720999996,1,2,10000,12,150,True,,,,,
run_lGhYGrcC,"[5.277463547735391, 309460901727.36017, 18.3464143597051]","[0.08826782129802851, 0.000387005426253987, 0.09958926430940152]",103153633916.99469,0.06274803034456133,"[0.9058739965219852, 158.14143298204786, 9.259495296386624e+23]","[3.1098644427170203, 206.32547607496065, 1.9122023059281346e+27]",3.0864984321288746e+23,6.374007686427115e+26,"[3.463848003321471, 0.20924114750963516, 0.0009417209555924318]","[1.4991878608229581e-07, 8.770313096840745e-06, 4.2765920929059114e-06]",1.224676957262233,4.398941325276318e-06,0.0,orcd,0.0,/home/txenakis/projects/BVPsolver/logs/array_20391846_56.err,default,stiff,318,0,/home/txenakis/projects/BVPsolver/logs/array_20391846_56.out,none,none,rober,fast,14,exact,0.0,1000,440.363929989,0.0,2026-08-13T22:19:51.498,shooting,440.363929989,1,2,10000,12,150,False,,,,,
run_lMa7ECPK,"[20.748869335915884, 7.756337847245428, 544.9191047701864, 320.60403957852907, 1246.6453399690085, 174.9609788345475, 0.20668150706849253, 0.7155700352476977, 2.4772538753881963, 86.54063787234143, 286.5797883715206, 1.7138560409609251, 19.927088742055524, 88.65609351581293, 0.0005183383784620054, 2918275.804456439, 0.8223828480101987, 0.02168266774552004, 3.608626266784231, 0.0164915446776349]","[0.0037387475720708067, 0.0029849922656076653, 0.9999929621263013, 0.0042131519041824095, 0.7362280436066336, 0.5370775917283535, 0.0013975446897511346, 0.0015592924022918991, 0.014749726513868506, 0.5171030327783483, 0.7045966768360934, 0.06912309780774727, 0.04577422712041038, 0.3206985458479399, 0.007720294617309435, 0.9999999999783608, 0.024893670529227547, 0.07548840817172646, 0.2000776531725317, 0.13691760324712463]",146054.13628992002,0.270216763145794,"[0.9999999999998863, 0.9999999998855095, 0.9999983336560054, 0.9999998846423637, 0.9999999997433995, 0.9999999996786662, 0.9999999999998999, 1.0, 1.0, 1.0, 1.0, 1.0, 1.0, 1.0, 0.9999999999999996, 0.9999999999999987, 2.9856508768955978e+270, 7.745419465091403e+269, 2.0750517929495403e+269, 2.553105413031684e+258]","[0.9999999999975263, 0.9999999943788821, 0.9999961290089824, 0.9999997450628373, 0.9999999341127486, 0.9999999267431169, 0.9999999576554627, 0.9999998782286452, 0.999999985959604, 1.0, 1.0, 0.9999999999999997, 0.9999999999999997, 0.9999999999999997, 0.9999999999999988, 0.9999999999999901, 2.1430007446252425e+272, 7.703661360124875e+271, 1.4734168112751916e+271, 1.3100574490928314e+259]",1.9838490013511226e+269,1.53035428088269e+271,"[0.006051364873632189, 0.002147242008050518, 26.365406309276786, 0.1798183060292497, 40.15845570967705, 51.22169578554107, 0.002489735732284482, 0.00027207251817203983, 0.016606292036046796, 35.56322901959631, 22.95603444807965, 0.0959156616298097, 0.1690142902044812, 1.0422716125391136, 0.0005777666586358743, 948751.5477094644, 0.002575559270176652, 0.010820270385974141, 0.0003913014444875194, 0.004081578042219866]","[0.0005534358573157538, 1.5872441498362042e-05, 2.6363486422014244, 0.0045384270873210925, 1.1916376987603694, 1.9648287129209887, 2.600595903249914e-06, 4.80560724625687e-07, 1.4085181192299032e-05, 1.7472917720607308, 1.8878585207955185, 0.006379752665761929, 0.019304077479750974, 0.3720092201483923, 0.0013227335048982267, 874.6233523316423, 3.005022169572606e-06, 0.0012119005334610391, 0.08080161808950513, 0.00635440968486562]",47446.467278189506,44.227191464861704,0.0,orcd,35.080112921,/home/txenakis/projects/BVPsolver/logs/array_20391846_42.err,default,GELU-scaled,650,0,/home/txenakis/projects/BVPsolver/logs/array_20391846_42.out,none,derivmatch,pollu,fast,15,exact,0.0,1000,0.0,0.0,2026-08-13T22:11:38.154,none,35.080112921,1,3,30000,32,150,False,,,,,
run_lRJycOZC,,,,,,,,,,,,,0.0,orcd,0.0,/home/txenakis/projects/BVPsolver/logs/array_heavy_20252509_92.err,default,stiff,816,0,/home/txenakis/projects/BVPsolver/logs/array_heavy_20252509_92.out,none,none,hires,fast,13,,16617.075145634,1000,0.0,0.0,2026-08-12T17:28:32.002,shapovalova,16617.075145634,1,2,10000,16,150,False,qr,,,,
run_lUjBcKeq,,,,,,,,,,,,,0.0,orcd,32.360839412,/home/txenakis/projects/BVPsolver/logs/array_20140853_218.err,default,stiff,268,0,/home/txenakis/projects/BVPsolver/logs/array_20140853_218.out,none,derivmatch,vanderpol,fast,14,,0.0,1000,234.473189838,0.0,2026-08-11T02:29:42.808,shooting,266.83402925,1,2,10000,12,150,True,,,,,
run_lZUjqJRy,"[2189483.809788701, 77565.97233020357, 46260.19003864526, 5877.5321583351115, 21.246419976134757, 319.2516465660645, 1.2186531484133865, 0.9831030683821123]","[0.9983624047620121, 0.9999353834252331, 1.0023207646788177, 1.000353103682417, 1.005437834979443, 1.0119680378640166, 0.9987150025054653, 1.0001875846810278]",289941.27551733056,1.002160014572304,"[0.9999989313453035, 0.9999993346923949, 0.9999999092189923, 0.9999999819934849, 0.9999999999499276, 1.0, 1.0, 0.9999962310236117]","[0.9999999441902725, 0.9999993319690547, 0.9999999565200289, 0.9999999879784044, 0.9999999999818556, 1.0, 1.0, 0.9999999999964894]",0.9999992985279644,0.9999999025795131,"[388210.25897990924, 31386.05074345788, 117068.88425455567, 3574.1781816887706, 6496.684981194557, 138468.18270734826, 5.848926553004484, 0.11079550684640867]","[0.9311540598354395, 1.003032364621669, 1.1458739817307522, 1.0051668657888067, 1.0589886154396444, 1.1825682521497307, 0.8891697089813596, 1.0604195545099118]",85651.27494627678,1.0345466753821642,47.020414069,orcd,0.0,/home/txenakis/projects/BVPsolver/logs/array_20391846_263.err,default,GELU-scaled,243,0,/home/txenakis/projects/BVPsolver/logs/array_20391846_263.out,none,none,hires,fast,13,exact,0.0,1000,0.0,0.0,2026-08-13T23:37:16.596,collocation,47.020414069,1,2,10000,16,150,False,qr,,,,
run_lkMjh0OE,"[115841.32118587686, 2.2412438618847843e+17, 784826.8117837692]","[0.0007405523318341809, 0.6237304186123598, 1.0740655612917662]",7.470812872979304e+16,0.5661788440786534,"[0.9980219144178197, 3643426409.0663433, 1.0797244030407128e+29]","[0.9755785065299227, 2336.732991910935, 2.0824537850214146e+29]",3.5990813434690426e+28,6.941512616738049e+28,"[1.2440593814943604e+23, 2.6870263711802317e+37, 9.331726019294165e+22]","[1.0710725600051737e-06, 5.996739338290204, 2.048464234154112e-05]",8.956754570600845e+36,1.9989202980017018,14.390247934,orcd,23.120314531,/home/txenakis/projects/BVPsolver/logs/array_20391846_99.err,default,mlp,243,0,/home/txenakis/projects/BVPsolver/logs/array_20391846_99.out,none,derivmatch,rober,fast,12,exact,0.0,1000,0.0,0.0,2026-08-13T22:32:29.328,collocation,37.510562465,1,2,10000,12,150,False,,,,,
run_lu0HNREc,,,,,,,,,,,,,0.0,orcd,0.0,/home/txenakis/projects/BVPsolver/logs/array_20198490_529.err,default,stiff,268,0,/home/txenakis/projects/BVPsolver/logs/array_20198490_529.out,none,none,davis-skodje,fast,15,,0.0,1000,569.200617145,0.0,2026-08-11T13:38:12.198,shooting,569.200617145,3,2,10000,12,150,False,,,,,
run_lvCNWYx6,"[7429166.145769832, 8086621147.400391, 4550.6828258370415, 926622.0421892377, 26.306234341795264, 49.04374354269312, 0.9878996125128017, 1.3826489500527737]","[4.6319495259339644e-05, 8.08384801821853e-05, 0.0005518253112904807, 0.0005207135680667874, 0.0008950559144278958, 0.0004982493453748907, 0.0003420712927988017, 0.00028452685739818886]",1011872695.4989629,0.0004024500330998213,"[0.06232717487844624, 0.8428918692422751, 0.6129343276344864, 0.8962411154224559, 0.9620789023515519, 0.9280785840653463, 0.93704950832823, 3.256891151124855e+27]","[1.2766770170053665, 3.4749348741242123, 0.8092172564802765, 0.7113870933477053, 0.8725620942976144, 0.8053809862050135, 0.8469300555867205, 4.500541409998977e+18]",4.071113938906069e+26,5.625676762498721e+17,"[1574237.7502886255, 2474740.644481863, 11142.730229377046, 15540.90469501477, 152419.03449450992, 656301.9068721804, 41.98214377497529, 0.7042793784249469]","[1.700182682281162e-05, 1.6867771702063884e-05, 0.00022920731074129876, 5.8837433490964274e-05, 7.512341885688533e-05, 5.545225572889232e-05, 5.647166766031123e-05, 4.386522263555581e-06]",610553.2071855903,6.416852590834788e-05,0.0,orcd,33.350851098,/home/txenakis/projects/BVPsolver/logs/array_20391846_204.err,default,stiff,816,0,/home/txenakis/projects/BVPsolver/logs/array_20391846_204.out,none,derivmatch,hires,fast,12,exact,0.0,1000,6846.900050653,0.0,2026-08-14T00:53:41.145,shooting,6880.250901751,1,2,10000,16,150,False,qr,,,,
run_lwl0oxwr,,,,,,,,,,,,,0.0,orcd,24.432582132,/home/txenakis/projects/BVPsolver/logs/array_heavy_20252509_77.err,default,mlp,218,0,/home/txenakis/projects/BVPsolver/logs/array_heavy_20252509_77.out,none,derivmatch,vanderpol,fast,13,,4106.97360144,1000,0.0,0.0,2026-08-12T12:14:22.851,shapovalova,4131.4061835719995,1,2,10000,12,150,True,,,,,
run_lyjjNxFA,,,,,,,,,,,,,132.290753232,orcd,26.436357034,/home/txenakis/projects/BVPsolver/logs/array_20198490_382.err,default,mlp,552,0,/home/txenakis/projects/BVPsolver/logs/array_20198490_382.out,none,derivmatch,hires,fast,13,,0.0,1000,0.0,0.0,2026-08-11T10:20:35.725,collocation,158.72711026599998,1,2,10000,16,150,False,qr,,,,
run_m2Do78c4,,,,,,,,,,,,,0.0,orcd,35.882421915,/home/txenakis/projects/BVPsolver/logs/array_20140853_112.err,default,stiff,318,0,/home/txenakis/projects/BVPsolver/logs/array_20140853_112.out,none,derivmatch,rober,fast,13,,0.0,1000,770.682079988,0.0,2026-08-11T01:56:07.315,shooting,806.5645019030001,1,2,10000,12,150,False,,,,,
run_m776x7p6,,,,,,,,,,,,,14.21838962,orcd,27.663134887,/home/txenakis/projects/BVPsolver/logs/array_20140853_209.err,default,GELU-scaled,188,0,/home/txenakis/projects/BVPsolver/logs/array_20140853_209.out,none,derivmatch,rober,fast,15,,0.0,1000,0.0,0.0,2026-08-11T02:22:32.394,collocation,41.881524506999995,1,2,10000,12,150,False,,,,,
run_mLqRLoBm,,,,,,,,,,,,,0.0,orcd,0.0,/home/txenakis/projects/BVPsolver/logs/array_heavy_20252509_163.err,default,mlp,218,0,/home/txenakis/projects/BVPsolver/logs/array_heavy_20252509_163.out,none,none,davis-skodje,fast,14,exact,9.572044145,1000,0.0,0.0,2026-08-12T13:38:33.725,shapovalova,9.572044145,3,2,10000,12,150,False,,,,,
run_mQjM71sQ,,,,,,,,,,,,,0.0,orcd,0.0,/home/txenakis/projects/BVPsolver/logs/array_heavy_20252509_33.err,default,stiff,318,0,/home/txenakis/projects/BVPsolver/logs/array_heavy_20252509_33.out,none,none,rober,fast,14,,1931.551080015,1000,0.0,0.0,2026-08-12T06:35:06.793,shapovalova,1931.551080015,1,2,10000,12,150,False,,,,,
run_mWADHLfW,"[1104181041.9029777, 8883325668430.717]","[0.0035968550615258356, 0.8426596133296784]",4442214924736.31,0.42312823419560214,"[0.5675821492427989, 0.00799626816018372]","[0.7495619530686817, 0.4310961922111689]",0.28778920870149133,0.5903290726399253,"[8460298879.4239, 3285409703.629001]","[4.653805870300667e-06, 0.1706767705417037]",5872854291.52645,0.085340712173787,0.0,orcd,0.0,/home/txenakis/projects/BVPsolver/logs/array_20391846_369.err,default,mlp,218,0,/home/txenakis/projects/BVPsolver/logs/array_20391846_369.out,none,none,davis-skodje,fast,14,exact,0.0,1000,165.78117746,0.0,2026-08-14T00:14:36.785,shooting,165.78117746,3,2,10000,12,150,False,,,,,
run_maKsjJXt,,,,,,,,,,,,,0.0,orcd,0.0,/home/txenakis/projects/BVPsolver/logs/array_heavy_20252509_42.err,default,mlp,243,0,/home/txenakis/projects/BVPsolver/logs/array_heavy_20252509_42.out,none,none,rober,fast,13,,2160.724421744,1000,0.0,0.0,2026-08-12T07:37:56.649,shapovalova,2160.724421744,1,2,10000,12,150,False,,,,,
run_mcotdmya,"[106.24786453759359, 1668614607.5570483]","[0.0036731310465181496, 0.3514228619859074]",834307356.9024564,0.17754799651621278,"[0.10947687910320786, 0.022627908329870272]","[0.4372983269885094, 0.5040217309665679]",0.06605239371653907,0.47066002897753867,"[32943.27838907112, 16107.032884203725]","[0.00018822117888615795, 0.01747664721439586]",24525.155636637424,0.00883243419664101,0.0,orcd,24.415918876,/home/txenakis/projects/BVPsolver/logs/array_20391846_378.err,default,mlp,218,0,/home/txenakis/projects/BVPsolver/logs/array_20391846_378.out,none,derivmatch,davis-skodje,fast,13,exact,0.0,1000,0.0,0.0,2026-08-14T00:14:48.360,none,24.415918876,3,2,10000,12,150,False,,,,,
run_mdWv0WyY,"[306472173.8532564, 1584389758.44444]","[0.0007556873526799657, 0.20201619234795132]",945430966.1488482,0.10138593985031565,"[0.9623036518534908, 0.117750514954566]","[0.7723901229777439, 0.4850062986600442]",0.5400270834040284,0.6286982108188941,"[2598425411.9279213, 109227375.88822724]","[1.9571741549410457e-06, 0.005354312287519603]",1353826393.9080744,0.0026781347308372718,0.0,orcd,33.09982698,/home/txenakis/projects/BVPsolver/logs/array_20391846_397.err,default,GELU-scaled,177,0,/home/txenakis/projects/BVPsolver/logs/array_20391846_397.out,none,derivmatch,davis-skodje,fast,12,exact,0.0,1000,308.351067426,0.0,2026-08-14T00:24:20.688,shooting,341.450894406,3,2,10000,12,150,False,,,,,
run_miMEdfSR,"[1.000061125542496, 1.0066012867530265, 1.0000241959448457]","[0.9999993382723643, 1.004244406634998, 0.9999092180815974]",1.0022288694134562,1.0013843209963198,"[0.999999726016779, 1.0004964542770103, 4.448324138301643]","[0.9999999945668833, 0.9999985162999887, 0.9997371639546496]",2.1496067728651442,0.9999118916071739,"[0.9945911875053696, 0.7578391022269472, 0.9698278018872538]","[1.000154961975771, 0.8393932461367977, 0.9962797775237049]",0.9074193638731902,0.9452759952120912,0.0,orcd,0.0,/home/txenakis/projects/BVPsolver/logs/array_20391846_296.err,default,mlp,387,0,/home/txenakis/projects/BVPsolver/logs/array_20391846_296.out,none,none,orego,fast,14,exact,0.0,1000,477.487504311,0.0,2026-08-13T23:51:59.611,shooting,477.487504311,1,2,10000,16,150,False,,,,,
run_mowcEhSA,,,,,,,,,,,,,0.0,orcd,0.0,/home/txenakis/projects/BVPsolver/logs/array_heavy_20252509_52.err,default,GELU-scaled,188,0,/home/txenakis/projects/BVPsolver/logs/array_heavy_20252509_52.out,none,none,rober,fast,13,,111.565268005,1000,0.0,0.0,2026-08-12T08:04:03.963,shapovalova,111.565268005,1,2,10000,12,150,False,,,,,
run_mp5mAMac,"[nan, nan, nan]","[1.0115642240313556, 0.9999994182554366, 0.9947331848693786]",nan,1.0020989423853903,"[nan, nan, nan]","[0.9999999929962182, 0.9999962328355698, 897682820.5070076]",nan,299227607.5023346,"[nan, nan, nan]","[0.07108605519502645, 0.9997217329909147, 0.8748762428477083]",nan,0.6485613436778831,20.731112913,orcd,0.0,/home/txenakis/projects/BVPsolver/logs/array_20391846_121.err,default,GELU-scaled,188,0,/home/txenakis/projects/BVPsolver/logs/array_20391846_121.out,none,none,rober,fast,14,exact,0.0,1000,0.0,0.0,2026-08-13T22:37:42.605,collocation,20.731112913,1,2,10000,12,150,False,,,,,
run_mqrHyUXf,,,,,,,,,,,,,0.0,orcd,34.760157052,/home/txenakis/projects/BVPsolver/logs/array_20140853_111.err,default,stiff,318,0,/home/txenakis/projects/BVPsolver/logs/array_20140853_111.out,none,derivmatch,rober,fast,12,,0.0,1000,607.308327467,0.0,2026-08-11T01:53:17.664,shooting,642.068484519,1,2,10000,12,150,False,,,,,
run_mtMjmaYh,"[1.5394508662615496, 220269126500.7832, 13.306352405757098]","[19.701276544436624, 9.832470748932509e-05, 2.870403021149885]",73423042171.87634,7.523925963431334,"[0.9160357058393422, 34.69934822462112, 1.5991990508075235e+24]","[1.0075852941359749, 516.405956612883, 5.927605241959063e+28]",5.330663502691745e+23,1.9758684139863543e+28,"[0.6028797188547095, 0.10195857394491518, 0.012463173054482801]","[6.346317178438263e-08, 5.00099579678496e-06, 2.785672081010402e-06]",0.23910048861803582,2.616710349859915e-06,0.0,orcd,0.0,/home/txenakis/projects/BVPsolver/logs/array_20391846_57.err,default,stiff,318,0,/home/txenakis/projects/BVPsolver/logs/array_20391846_57.out,none,none,rober,fast,15,exact,0.0,1000,446.204022124,0.0,2026-08-13T22:19:54.894,shooting,446.204022124,1,2,10000,12,150,False,,,,,
run_mxgYcqHB,,,,,,,,,,,,,0.0,orcd,27.934775545,/home/txenakis/projects/BVPsolver/logs/array_heavy_20252509_176.err,default,GELU-scaled,177,0,/home/txenakis/projects/BVPsolver/logs/array_heavy_20252509_176.out,none,derivmatch,davis-skodje,fast,12,exact,7.359994986,1000,0.0,0.0,2026-08-12T13:41:52.754,shapovalova,35.294770531,3,2,10000,12,150,False,,,,,
run_n2wD7YgX,,,,,,,,,,,,,0.0,orcd,27.13914119,/home/txenakis/projects/BVPsolver/logs/array_20198490_513.err,default,GELU-scaled,188,0,/home/txenakis/projects/BVPsolver/logs/array_20198490_513.out,none,derivmatch,orego,fast,14,,0.0,1000,0.0,0.0,2026-08-11T13:20:58.256,none,27.13914119,1,2,10000,16,150,False,,,,,
run_n7lY8tM0,"[1.03820427406845, 0.4487962794467203, 0.9179222743306193]","[0.9994189064510354, 0.5699934584051402, 0.9419328091045073]",0.8016409426152632,0.8371150579868942,"[0.9999795666385377, 1.0366961431222093, 1.1517358573876721]","[0.9999999454222308, 0.9992359403875675, 0.9998410167162594]",1.0628038557161397,0.9996923008420192,"[58.0115533661483, 3.357848370046122, 196.26510519018888]","[0.9775960739302931, 0.7870877880150093, 0.9942728764463454]",85.87816897546111,0.9196522461305493,0.0,orcd,23.410631524,/home/txenakis/projects/BVPsolver/logs/array_20391846_303.err,default,mlp,387,0,/home/txenakis/projects/BVPsolver/logs/array_20391846_303.out,none,derivmatch,orego,fast,12,exact,0.0,1000,0.0,0.0,2026-08-13T23:45:21.695,none,23.410631524,1,2,10000,16,150,False,,,,,
run_n8YWYHvC,"[410284.89514303766, 1499729870.0293095]","[1.3518193247251325e-06, 4.039766972173597e-06]",750070077.4622263,2.6957931484493648e-06,"[0.903339158698125, 0.029577331404444997]","[0.4430987852422649, 0.01560175428158169]",0.46645824505128497,0.2293502697619233,"[2168330.0780822425, 58746504.64395992]","[1.0322818086574654e-08, 7.687028300412833e-07]",30457417.36102108,3.8951282406392894e-07,0.0,orcd,31.266925972,/home/txenakis/projects/BVPsolver/logs/array_20391846_348.err,default,stiff,268,0,/home/txenakis/projects/BVPsolver/logs/array_20391846_348.out,none,derivmatch,davis-skodje,fast,13,exact,0.0,1000,385.07391678,0.0,2026-08-14T00:10:42.321,shooting,416.340842752,3,2,10000,12,150,False,,,,,
run_n8dFTz2i,"[106698.9213525767, 5.860596282732927e+17, 5668.585494377248]","[0.0007693891626179467, 0.011241313636989594, 0.9168761009370402]",1.9535320942446835e+17,0.3096289345788826,"[0.9872164864071674, 102604686.29436311, 4.980439953854003e+28]","[0.8639996110094949, 551.3653674132653, 2.2876185823015096e+29]",1.6601466512846678e+28,7.6253952743383655e+28,"[10.497467627551966, 39084.79908313536, 0.05881242438961104]","[7.768542151968227e-09, 1.9482168658959405, 1.552424889652598e-07]",13031.785121062434,0.6494056763023238,15.712025903,orcd,26.862332699,/home/txenakis/projects/BVPsolver/logs/array_20391846_102.err,default,mlp,243,0,/home/txenakis/projects/BVPsolver/logs/array_20391846_102.out,none,derivmatch,rober,fast,15,exact,0.0,1000,0.0,0.0,2026-08-13T22:33:31.214,collocation,42.574358602000004,1,2,10000,12,150,False,,,,,
run_nBNz5jzD,"[483202.31642985233, 1264462148501132.8, 1467061.3447157836]","[0.05578366237123284, 0.9544973156340654, 0.8014836525628977]",421487383483798.75,0.603921543522732,"[0.9999370305756692, 561114.8267957155, 2.5464804926480516e+29]","[0.99981693477493, 0.767549688833393, 3.605367506271217e+27]",8.48826830882684e+28,1.2017891687570724e+27,"[0.8585915351144852, 1566302479.446954, 3.213821080367779]","[0.10046187358165988, 147472.5503785164, 6.5181572827331635]",522100827.8397889,49159.722999224236,0.0,orcd,23.035115134,/home/txenakis/projects/BVPsolver/logs/array_20391846_91.err,default,mlp,243,0,/home/txenakis/projects/BVPsolver/logs/array_20391846_91.out,none,derivmatch,rober,fast,14,exact,0.0,1000,0.0,0.0,2026-08-13T22:30:40.318,none,23.035115134,1,2,10000,12,150,False,,,,,
run_nNdHQPNe,,,,,,,,,,,,,70.079195566,orcd,0.0,/home/txenakis/projects/BVPsolver/logs/array_20198490_449.err,default,stiff,486,0,/home/txenakis/projects/BVPsolver/logs/array_20198490_449.out,none,none,orego,fast,15,,0.0,1000,0.0,0.0,2026-08-11T12:18:40.565,collocation,70.079195566,1,2,10000,16,150,False,,,,,
run_nOg5FpnQ,,,,,,,,,,,,,0.0,orcd,28.562067326,/home/txenakis/projects/BVPsolver/logs/array_20198490_426.err,default,stiff,486,0,/home/txenakis/projects/BVPsolver/logs/array_20198490_426.out,none,derivmatch,orego,fast,12,,0.0,1000,6662.152942336,0.0,2026-08-11T13:21:57.779,shooting,6690.715009662,1,2,10000,16,150,False,,,,,
run_nQb8HNpS,"[71669.71770574157, 8895.478184116524, 5187.960505189775]","[54.4009035274371, 11889.813586041388, 5860.510605426978]",28584.38546501596,5934.908364998601,"[0.9993281707961376, 1.1510379204414876, 0.9921362357833663]","[0.9988700648621077, 0.9998188414281455, 0.9998040644570991]",1.0475007756736636,0.9994976569157842,"[4.690701351536129, 1.1895315645362083, 8.91623189258847]","[1.0379675212219486, 1.0283110820025025, 1.086171218419867]",4.932154936220269,1.0508166072147729,0.0,orcd,0.0,/home/txenakis/projects/BVPsolver/logs/array_20391846_318.err,default,GELU-scaled,188,0,/home/txenakis/projects/BVPsolver/logs/array_20391846_318.out,none,none,orego,fast,12,exact,0.0,1000,187.312503198,0.0,2026-08-13T23:52:55.939,shooting,187.312503198,1,2,10000,16,150,False,,,,,
run_nRysN9Qk,,,,,,,,,,,,,14.471371244,orcd,25.282048846,/home/txenakis/projects/BVPsolver/logs/array_20140853_174.err,default,mlp,243,0,/home/txenakis/projects/BVPsolver/logs/array_20140853_174.out,none,derivmatch,rober,fast,15,,0.0,1000,0.0,0.0,2026-08-11T02:06:46.967,collocation,39.75342009,1,2,10000,12,150,False,,,,,
run_nT3z6fDN,"[0.029611533915368568, 24.402293492115398]","[0.043966675903328, 0.12827350677660357]",12.215952513015383,0.08612009133996579,"[0.4350661067892406, 0.8574189662585404]","[0.5303135044004778, 0.5386299832429009]",0.6462425365238905,0.5344717438216893,"[149.42145780347695, 193204.83907767344]","[12.539402201570311, 0.9845456287379616]",96677.13026773847,6.761973915154137,0.0,orcd,26.335003942,/home/txenakis/projects/BVPsolver/logs/array_20391846_182.err,default,GELU-scaled,177,0,/home/txenakis/projects/BVPsolver/logs/array_20391846_182.out,none,derivmatch,vanderpol,fast,14,exact,0.0,1000,138.015466313,0.0,2026-08-13T22:55:02.898,shooting,164.350470255,1,2,10000,12,150,True,,,,,
run_nTpSMPIt,,,,,,,,,,,,,0.0,orcd,0.0,/home/txenakis/projects/BVPsolver/logs/array_20140853_72.err,default,GELU-scaled,650,0,/home/txenakis/projects/BVPsolver/logs/array_20140853_72.out,none,none,pollu,fast,13,,0.0,1000,4371.649356958,0.0,2026-08-11T01:25:18.248,shooting,4371.649356958,1,3,30000,32,150,False,,,,,
run_nWQDSAxq,,,,,,,,,,,,,0.0,orcd,33.043412555,/home/txenakis/projects/BVPsolver/logs/array_20198490_534.err,default,stiff,268,0,/home/txenakis/projects/BVPsolver/logs/array_20198490_534.out,none,derivmatch,davis-skodje,fast,15,,0.0,1000,413.881390397,0.0,2026-08-11T13:43:18.234,shooting,446.92480295200005,3,2,10000,12,150,False,,,,,
run_nd7ggEFD,"[nan, nan, nan]","[0.0405954228319562, 7.260434793504172e-05, 0.003211809314389876]",nan,0.014626612164760371,"[nan, nan, nan]","[1.1098175561902077, 368.0955097709412, 1.7305729538413804e+28]",nan,5.768576512804601e+27,"[nan, nan, nan]","[6.545012920931291e-07, 2.014217228049064e-06, 2.962084982694546e-06]",nan,1.8769345009455795e-06,0.0,orcd,28.821351308,/home/txenakis/projects/BVPsolver/logs/array_20391846_61.err,default,stiff,318,0,/home/txenakis/projects/BVPsolver/logs/array_20391846_61.out,none,derivmatch,rober,fast,14,exact,0.0,1000,560.527173774,0.0,2026-08-13T22:22:55.132,shooting,589.3485250819999,1,2,10000,12,150,False,,,,,
run_nhGtwpwM,"[12972669.057926117, 173309.31619494964]","[0.0011720722146459281, 8.302145294678001e-06]",6572989.187060533,0.000590187179970303,"[0.98531089501311, 0.6263968446853667]","[0.43663609458137415, 0.6955618914828748]",0.8058538698492383,0.5660989930321245,"[125848126.84844159, 11174664.041226838]","[8.672812148739706e-07, 5.121128556910945e-07]",68511395.44483422,6.896970352825326e-07,0.0,orcd,29.807449526,/home/txenakis/projects/BVPsolver/logs/array_20391846_396.err,default,GELU-scaled,177,0,/home/txenakis/projects/BVPsolver/logs/array_20391846_396.out,none,derivmatch,davis-skodje,fast,11,exact,0.0,1000,214.903448482,0.0,2026-08-14T00:22:35.720,shooting,244.710898008,3,2,10000,12,150,False,,,,,
run_nhqWCGfx,,,,,,,,,,,,,0.0,orcd,23.334646927,/home/txenakis/projects/BVPsolver/logs/array_20140853_157.err,default,mlp,243,0,/home/txenakis/projects/BVPsolver/logs/array_20140853_157.out,none,derivmatch,rober,fast,13,,2168.432756122,1000,0.0,0.0,2026-08-11T02:36:45.674,shapovalova,2191.7674030489998,1,2,10000,12,150,False,,,,,
run_njeHHI5g,"[893805.5312934387, 983563.3298866769, 789263.2807498365]","[573.2020345399894, 1007548.9606788137, 694574.4053817415]",888877.3806433174,567565.522698365,"[0.9996564432318571, 2.6120987704689655, 0.9999999999999898]","[0.9997311543156022, 1.2633037229488588, 0.9999999999999918]",1.5372517379002708,1.0876782924214845,"[2.5155368244423304, 1.9998738863797638, 12.573261126764312]","[1.0190266908508854, 1.1221675088972687, 1.1056960876325028]",5.696223945862134,1.0822967624602189,28.446998974,orcd,0.0,/home/txenakis/projects/BVPsolver/logs/array_20391846_333.err,default,GELU-scaled,188,0,/home/txenakis/projects/BVPsolver/logs/array_20391846_333.out,none,none,orego,fast,13,exact,0.0,1000,0.0,0.0,2026-08-13T23:57:42.039,collocation,28.446998974,1,2,10000,16,150,False,,,,,
run_nlZ8shuX,,,,,,,,,,,,,129.700924249,orcd,23.285167645,/home/txenakis/projects/BVPsolver/logs/array_20198490_383.err,default,mlp,552,0,/home/txenakis/projects/BVPsolver/logs/array_20198490_383.out,none,derivmatch,hires,fast,14,,0.0,1000,0.0,0.0,2026-08-11T10:22:40.387,collocation,152.986091894,1,2,10000,16,150,False,qr,,,,
run_nqd9dVSR,,,,,,,,,,,,,0.0,orcd,0.0,/home/txenakis/projects/BVPsolver/logs/array_20198490_528.err,default,stiff,268,0,/home/txenakis/projects/BVPsolver/logs/array_20198490_528.out,none,none,davis-skodje,fast,14,,0.0,1000,597.096990679,0.0,2026-08-11T13:37:56.794,shooting,597.096990679,3,2,10000,12,150,False,,,,,
run_nuys46GQ,"[1038245.7362710624, 265204146.3926008, 9327.873082895367, 7347.635349805373, 1176.6275982483512, 228.72571653492284, 3.313030414087181, 2.4095716489575287]","[0.000171283429844484, 0.0001252640324893264, 1.4392385006394631e-05, 0.00010666524301570532, 0.0009828294040915974, 6.338661242803167e-06, 3.72622908906803e-05, 5.1142363496531593e-05]",33282559.83915268,0.00018689722625969037,"[0.2236748762450705, 0.9055701281250967, 0.8817892991802264, 0.8624570564629246, 0.8528521488772026, 0.8107791565238185, 0.5844798849071433, 6.485706657817663e+29]","[1.1689917576751048, 0.643790099264688, 0.8127789559706479, 0.6227926253614102, 0.781345223882337, 0.7077175266477709, 0.8766781823150752, 6.859776890664036e+17]",8.107133322272078e+28,8.574721113330045e+16,"[1274.4094057538841, 35662.23335343357, 2996.019513941574, 351.3231408652206, 3009.2123642182933, 241.7383225036699, 20.97809342817242, 0.9181996593365414]","[2.5921347489138166e-05, 0.0006714382143937158, 0.00016495151324070952, 2.393276704443289e-05, 0.003504054356158373, 5.366602248723375e-06, 0.031141887124820272, 0.01014338926694185]",5444.604049225465,0.005710117649042152,205.626012127,orcd,0.0,/home/txenakis/projects/BVPsolver/logs/array_20391846_213.err,default,stiff,816,0,/home/txenakis/projects/BVPsolver/logs/array_20391846_213.out,none,none,hires,fast,12,exact,0.0,1000,0.0,0.0,2026-08-13T23:04:08.203,collocation,205.626012127,1,2,10000,16,150,False,qr,,,,
run_o3sEwFFD,,,,,,,,,,,,,0.0,orcd,31.619035502,/home/txenakis/projects/BVPsolver/logs/array_20198490_545.err,default,stiff,268,0,/home/txenakis/projects/BVPsolver/logs/array_20198490_545.out,none,derivmatch,davis-skodje,fast,11,,0.0,1000,0.0,0.0,2026-08-11T13:43:53.105,none,31.619035502,3,2,10000,12,150,False,,,,,
run_o51JAwNG,,,,,,,,,,,,,5865.001509896,orcd,0.0,/home/txenakis/projects/BVPsolver/logs/array_20140853_25.err,default,stiff,4744,0,/home/txenakis/projects/BVPsolver/logs/array_20140853_25.out,none,none,pollu,fast,11,,0.0,1000,0.0,0.0,2026-08-11T00:21:40.173,collocation,5865.001509896,1,3,30000,32,150,False,,,,,
run_oEimpSlS,,,,,,,,,,,,,0.0,orcd,26.097635921,/home/txenakis/projects/BVPsolver/logs/array_heavy_20252509_169.err,default,mlp,218,0,/home/txenakis/projects/BVPsolver/logs/array_heavy_20252509_169.out,none,derivmatch,davis-skodje,fast,15,exact,8.04218414,1000,0.0,0.0,2026-08-12T13:40:25.579,shapovalova,34.139820060999995,3,2,10000,12,150,False,,,,,
run_oLrX48cL,"[nan, nan, nan]","[9.469001293246536e-06, 7.63404183671285e-06, 1.7742012533450125e-06]",nan,6.292414794434799e-06,"[nan, nan, nan]","[0.9657194248944101, 213923.82887940953, 2.0043141643167985e+27]",nan,6.681047214389328e+26,"[nan, nan, nan]","[6.32309683807919e-10, 6.396029137930845e-09, 1.2133602248867917e-08]",nan,6.387313690202227e-09,17.713493999,orcd,31.915178577,/home/txenakis/projects/BVPsolver/logs/array_20391846_74.err,default,stiff,318,0,/home/txenakis/projects/BVPsolver/logs/array_20391846_74.out,none,derivmatch,rober,fast,12,exact,0.0,1000,0.0,0.0,2026-08-13T22:24:48.817,collocation,49.628672576,1,2,10000,12,150,False,,,,,
run_oVLbHSe1,"[0.0866918366220469, 10.838955889729625]","[0.0023528108563422964, 0.008692083781786911]",5.462823863175836,0.0055224473190646035,"[0.1073291227652575, 0.3729043328692463]","[0.13940995369149217, 0.12106403015773516]",0.2401167278172519,0.13023699192461366,"[2.747064315121089, 902.9736963318553]","[1.2251986558474215, 0.9996276616375744]",452.8603803234882,1.112413158742498,28.628571051,orcd,30.861108392,/home/txenakis/projects/BVPsolver/logs/array_20391846_148.err,default,stiff,268,0,/home/txenakis/projects/BVPsolver/logs/array_20391846_148.out,none,derivmatch,vanderpol,fast,12,exact,0.0,1000,0.0,0.0,2026-08-13T22:46:19.248,collocation,59.489679443,1,2,10000,12,150,True,,,,,
run_oWHPVUe5,,,,,,,,,,,,,0.0,orcd,30.217100433,/home/txenakis/projects/BVPsolver/logs/array_20140853_129.err,default,stiff,318,0,/home/txenakis/projects/BVPsolver/logs/array_20140853_129.out,none,derivmatch,rober,fast,15,,0.0,1000,0.0,0.0,2026-08-11T01:44:51.332,none,30.217100433,1,2,10000,12,150,False,,,,,
run_oaSoiaBa,"[nan, nan, nan]","[2.1721642729649153e-05, 0.00016474536411141002, 0.00014930003136719]",nan,0.00011192234606941639,"[nan, nan, nan]","[6.296960201820474, 9972.256243971653, 2.0690630025184966e+27]",nan,6.896876675061655e+26,"[nan, nan, nan]","[8.194063996916214e-06, 0.000151891815168623, 0.0001625845760192145]",nan,0.0001075568183949179,0.0,orcd,33.223586511,/home/txenakis/projects/BVPsolver/logs/array_20391846_63.err,default,stiff,318,0,/home/txenakis/projects/BVPsolver/logs/array_20391846_63.out,none,derivmatch,rober,fast,11,exact,0.0,1000,0.0,0.0,2026-08-13T22:20:48.381,none,33.223586511,1,2,10000,12,150,False,,,,,
run_ofctK7mO,"[704039237.4785345, 6437022413032.206]","[0.0521285115078241, 0.00010249048338694289]",3218863226134.8423,0.02611550099560552,"[0.27890498788152734, 0.031279995985677024]","[0.38446173922027416, 1.3486961981238308]",0.1550924919336022,0.8665789686720524,"[493632995.9514798, 1684264114.473181]","[7.563737298963366e-07, 4.344328858294187e-05]",1088948555.2123303,2.2099831156419104e-05,0.0,orcd,0.0,/home/txenakis/projects/BVPsolver/logs/array_20391846_342.err,default,stiff,268,0,/home/txenakis/projects/BVPsolver/logs/array_20391846_342.out,none,none,davis-skodje,fast,12,exact,0.0,1000,479.981752077,0.0,2026-08-14T00:10:10.547,shooting,479.981752077,3,2,10000,12,150,False,,,,,
run_osHdK9s5,"[1387.1153894485908, 571.6000464347663, 2517.543466662518, 20485.26882375864, 243.9013537283993, 14500.614006399812, 1.21813060490586, 1.0895686882083893, 1.3051785018325974, 7186.878614979465, 6217.464911460641, 0.04439603447649635, 99.32209193738294, 3261.619196477753, 0.07882433229545018, 22208.322319509614, 0.06258679569404563, 1.0640245204452219, 252.71093478297897, 4.543541318846975]","[11.114513453957295, 2.3580298091764202, 0.9999826278185744, 16.10435496239125, 0.26129988185528047, 0.9953611608041263, 1.1225034533512264, 1.1340193791639306, 23.111236678882197, 2.5039948042015663, 0.9862869147521884, 5.521783851886345, 11.749044024860131, 1.967853381763158, 1.0658782908514142, 0.9999999999276827, 9.98960854568915, 5.06552887737999, 7.582191877808498, 69.4901298015512]",3947.088370318864,8.706180088903581,"[0.999999999999364, 0.9999999997354154, 0.9999982009721627, 0.9999999950815353, 0.999999999937012, 1.0, 1.0, 1.0, 1.0, 1.0, 1.0, 1.0, 1.0, 1.0, 1.0, 0.9999999999999994, 6.808792644034379e+269, 8.755665441394993e+268, 1.0940168157785645e+268, 2.4778029232689078e+259]","[0.9999999999786902, 0.9999999978058083, 0.9999907523327822, 0.99999968585616, 0.9999997905401646, 0.999999979725751, 0.9999999827608818, 0.9999999507045988, 0.9999999676944499, 0.9999999999999997, 1.0, 0.9999999999999997, 0.9999999999999993, 0.9999999999999993, 0.9999999999999981, 0.9999999999999879, 4.572073581439078e+272, 1.9825266684079142e+272, 2.9226613549589423e+271, 8.504773297991078e+257]",3.8968804349997575e+268,3.423433192671448e+271,"[0.00616150771767565, 0.03163176958196326, 0.031017327625110152, 0.046374305177445486, 4.92641562215016, 8.31185573574576, 0.011831090324388331, 0.000526644602397262, 0.00015078469432648124, 12.751993299887879, 0.5100504677884876, 0.0002690485546446169, 0.12029219620477434, 0.16118972609733048, 1.5129064622620357e-05, 45.64645886513568, 1.6490801189711942e-05, 0.00036919142779560823, 1.3951952774654184, 0.018925227568887197]","[0.004218231669556174, 3.777995721323518e-05, 0.002710171080264717, 0.005687888694784645, 0.0388133029373142, 0.007632714379680858, 1.6275852161429084e-05, 1.691648322139606e-06, 4.3460654954059027e-07, 0.01297252247326458, 0.06078828925417281, 0.0002798755505858901, 0.006885347476972002, 0.010084550941977494, 0.00012104507499815138, 1.307292467484389, 3.156966716207779e-07, 0.0015449812386480607, 0.0707383425098245, 0.004435891681232893]",3.698536985380797,0.0767131060104292,0.0,orcd,41.688534565,/home/txenakis/projects/BVPsolver/logs/array_heavy_20252509_200.err,default,GELU-scaled,650,0,/home/txenakis/projects/BVPsolver/logs/array_heavy_20252509_200.out,none,derivmatch,pollu,fast,14,exact,0.0,1000,13258.311956602,0.0,2026-08-13T01:25:15.607,shooting,13300.000491167,1,3,30000,32,150,False,,,,,
run_ouElOdMl,,,,,,,,,,,,,162.435930372,orcd,0.0,/home/txenakis/projects/BVPsolver/logs/array_20198490_344.err,default,stiff,816,0,/home/txenakis/projects/BVPsolver/logs/array_20198490_344.out,none,none,hires,fast,15,,0.0,1000,0.0,0.0,2026-08-11T10:14:47.042,collocation,162.435930372,1,2,10000,16,150,False,qr,,,,
run_ow0vRVA0,,,,,,,,,,,,,32.773572956,orcd,0.0,/home/txenakis/projects/BVPsolver/logs/array_20140853_271.err,default,mlp,218,0,/home/txenakis/projects/BVPsolver/logs/array_20140853_271.out,none,none,vanderpol,fast,12,,0.0,1000,0.0,0.0,2026-08-11T03:02:34.016,collocation,32.773572956,1,2,10000,12,150,True,,,,,
run_p4utc0g3,"[1.064472314789507, 18.322981479563083]","[1.0014494912609953, 0.9999342474451137]",9.693726897176296,1.0006918693530544,"[0.9998442800795224, 0.9999841654148034]","[0.9998073440379464, 0.9999984173186532]",0.9999142227471629,0.9999028806782998,"[1.2523647641925155, 36568.053054437696]","[1.6377927538450048, 1.0341926709255203]",18284.652709600945,1.3359927123852624,49.764630328,orcd,0.0,/home/txenakis/projects/BVPsolver/logs/array_20391846_192.err,default,GELU-scaled,177,0,/home/txenakis/projects/BVPsolver/logs/array_20391846_192.out,none,none,vanderpol,fast,15,exact,0.0,1000,0.0,0.0,2026-08-13T22:57:32.767,collocation,49.764630328,1,2,10000,12,150,True,,,,,
run_p9raW33U,,,,,,,,,,,,,0.0,orcd,0.0,/home/txenakis/projects/BVPsolver/logs/array_20140853_249.err,default,mlp,218,0,/home/txenakis/projects/BVPsolver/logs/array_20140853_249.out,none,none,vanderpol,fast,15,,0.0,1000,134.906705302,0.0,2026-08-11T02:52:55.784,shooting,134.906705302,1,2,10000,12,150,True,,,,,
run_p9zfxtZW,,,,,,,,,,,,,0.0,orcd,25.952498125,/home/txenakis/projects/BVPsolver/logs/array_20140853_162.err,default,mlp,243,0,/home/txenakis/projects/BVPsolver/logs/array_20140853_162.out,none,derivmatch,rober,fast,13,,0.0,1000,0.0,0.0,2026-08-11T02:01:55.916,none,25.952498125,1,2,10000,12,150,False,,,,,
run_pHXxu9ER,,,,,,,,,,,,,0.0,orcd,0.0,/home/txenakis/projects/BVPsolver/logs/array_20140853_189.err,default,GELU-scaled,188,0,/home/txenakis/projects/BVPsolver/logs/array_20140853_189.out,none,none,rober,fast,15,,99.391679158,1000,0.0,0.0,2026-08-11T02:17:48.864,shapovalova,99.391679158,1,2,10000,12,150,False,,,,,
run_pTBFs4sP,"[3.9733112350509487, 20.5782318362625]","[1.0038532428579068, 0.9999928711992256]",12.275771535656725,1.0019230570285662,"[0.9973637491695834, 0.9706329270285727]","[0.9983512074210299, 0.9998648358914594]",0.983998338099078,0.9991080216562447,"[0.9821907072317089, 387.6025897548389]","[0.8198116392834736, 1.0003002556000526]",194.2923902310353,0.9100559474417631,0.0,orcd,0.0,/home/txenakis/projects/BVPsolver/logs/array_20391846_154.err,default,mlp,218,0,/home/txenakis/projects/BVPsolver/logs/array_20391846_154.out,none,none,vanderpol,fast,13,exact,0.0,1000,190.213067903,0.0,2026-08-13T22:48:33.657,shooting,190.213067903,1,2,10000,12,150,True,,,,,
run_pXmiPNCt,"[824.2293031295106, 768537547.5517855, 647.2713471653797]","[0.012802509445831995, 0.9477335778536212, 0.7172121684308065]",256179673.0174786,0.5592494185767533,"[0.9999996679779374, 0.6463277016282553, 0.9982651252036067]","[0.9994352800034727, 0.999978617361343, 111262321.50174202]",0.8815308316032664,37087441.16705197,"[7.577082865321349e+16, 1.7711584987108248e+24, 144446365343.5941]","[0.007118002373665055, 1386.5795525441713, 0.035114603865414255]",5.903861914939326e+23,462.2072617168035,0.0,orcd,25.23670811,/home/txenakis/projects/BVPsolver/logs/array_20391846_115.err,default,GELU-scaled,188,0,/home/txenakis/projects/BVPsolver/logs/array_20391846_115.out,none,derivmatch,rober,fast,13,exact,0.0,1000,0.0,0.0,2026-08-13T22:36:13.131,none,25.23670811,1,2,10000,12,150,False,,,,,
run_pbEG2kFF,,,,,,,,,,,,,0.0,orcd,0.0,/home/txenakis/projects/BVPsolver/logs/array_heavy_20252509_40.err,default,mlp,243,0,/home/txenakis/projects/BVPsolver/logs/array_heavy_20252509_40.out,none,none,rober,fast,11,,3183.334401354,1000,0.0,0.0,2026-08-12T07:40:25.752,shapovalova,3183.334401354,1,2,10000,12,150,False,,,,,
run_phYUe4o8,,,,,,,,,,,,,0.0,orcd,0.0,/home/txenakis/projects/BVPsolver/logs/array_20140853_210.err,default,stiff,268,0,/home/txenakis/projects/BVPsolver/logs/array_20140853_210.out,none,none,vanderpol,fast,11,,0.0,1000,2802.202400379,0.0,2026-08-11T03:09:16.263,shooting,2802.202400379,1,2,10000,12,150,True,,,,,
run_plAVbXsz,,,,,,,,,,,,,27.38544681,orcd,29.304563659,/home/txenakis/projects/BVPsolver/logs/array_20140853_241.err,default,stiff,268,0,/home/txenakis/projects/BVPsolver/logs/array_20140853_241.out,none,derivmatch,vanderpol,fast,12,,0.0,1000,0.0,0.0,2026-08-11T02:49:07.918,collocation,56.690010469,1,2,10000,12,150,True,,,,,
run_pmXRUZJ7,,,,,,,,,,,,,33.165979473,orcd,0.0,/home/txenakis/projects/BVPsolver/logs/array_20140853_270.err,default,mlp,218,0,/home/txenakis/projects/BVPsolver/logs/array_20140853_270.out,none,none,vanderpol,fast,11,,0.0,1000,0.0,0.0,2026-08-11T03:01:56.774,collocation,33.165979473,1,2,10000,12,150,True,,,,,
run_pngNaCch,,,,,,,,,,,,,37.561658266,orcd,0.0,/home/txenakis/projects/BVPsolver/logs/array_20140853_238.err,default,stiff,268,0,/home/txenakis/projects/BVPsolver/logs/array_20140853_238.out,none,none,vanderpol,fast,14,,0.0,1000,0.0,0.0,2026-08-11T02:47:21.691,collocation,37.561658266,1,2,10000,12,150,True,,,,,
run_pp4ijbZ5,"[173664370.72372723, 2.708322306300623e+18, 414471193.0631524]","[6.298835317285324, 11.396168039014782, 9.499359483925714]",9.027741022962528e+17,9.064787613408607,"[0.9998677763132989, 16525044.530452736, 9.111328089382729e+30]","[0.9995111453625122, 6.572195698665997, 1.1064266334907017e+29]",3.0371093631275763e+30,3.688088778302339e+28,"[158.76466640077135, 32964.918197771774, 0.9783443159072455]","[0.04035089049301384, 420.9127102862492, 0.9562795183770211]",11041.553736162818,140.63644689837307,0.0,orcd,26.726081354,/home/txenakis/projects/BVPsolver/logs/array_20391846_84.err,default,mlp,243,0,/home/txenakis/projects/BVPsolver/logs/array_20391846_84.out,none,derivmatch,rober,fast,12,exact,0.0,1000,224.810789112,0.0,2026-08-13T22:29:57.090,shooting,251.536870466,1,2,10000,12,150,False,,,,,
run_pqF137N5,"[4582.4175867785325, 816.6843428985312, 1046.3607624636277, 75040.0203157244, 8447.15026065319, 4112.9612849206005, 5.510405087191186, 0.021948190061993108, 1.8891594302528947, 3706.223164589197, 7076.205165343518, 1.7400033726700939, 116.0641027828291, 4500.71562556924, 0.013565048686460857, 144.31081562441224, 0.49917724981673467, 6.747621016771238, 45.89885412906519, 6.562678183426395]","[0.001288611748347764, 0.0008580172231261002, 0.999995345224565, 0.0023200409302779066, 0.970389035634502, 0.9495505617916953, 1.4532910328505946, 0.6420891912539006, 0.9380571930971757, 0.929153145511462, 0.9474384902611152, 0.5081378751072814, 2.4441376022190098, 3.391325169074179, 0.014471176002723267, 0.9999999999997243, 0.7986876479830377, 0.4460443669601542, 0.9223890082993326, 16.81855394454538]",5482.899841952801,1.7089088727858794,"[0.9999999999998419, 0.9999999999624019, 0.9999996652107629, 0.999999966324116, 0.9999999960534148, 0.9999999956700187, 0.9999999999881332, 0.9999999999966919, 1.0, 1.0, 1.0, 1.0, 1.0, 1.0, 1.0, 1.0, 1.6843626103496844e+267, 2.137290390026942e+265, 4.905310660760607e+263, 1.4649894101404327e+252]","[0.9999999999982451, 0.9999999998939225, 0.9999997965879196, 0.9999999124348563, 0.9999999257989577, 0.9999999258556701, 0.9999999273442632, 0.9999999316901151, 0.9999999816163582, 0.9999999973259617, 1.0, 1.0, 1.0, 1.0, 1.0, 0.9999999999999994, 3.3785897786622496e+268, 1.1667800142072148e+267, 4.671390431980487e+265, 7.138203820685293e+252]",8.531130226580157e+265,1.7499695852574764e+267,"[0.07307849827264244, 0.0048120840079086125, 0.00048105554915689225, 0.7958670978876977, 0.061650726268726135, 0.07998302570149785, 0.0007846697469095077, 0.0004233496277448786, 0.009049155993059258, 0.25605891367544537, 0.14438626719817946, 0.004198764163302979, 0.31358631755773037, 0.02583104305025108, 0.0005223747571096416, 0.08698752461197605, 0.0013201710895931985, 0.015072485214600242, 0.004447700447783739, 9.601248022771187e-05]","[0.01406796451381559, 7.923997454389499e-06, 0.003146952593785204, 0.00043682450249194854, 0.388926965912608, 0.5706840834222935, 2.923710372869905e-06, 1.4794297405303124e-06, 1.842915188048553e-05, 0.5189877239943875, 0.5420960691417247, 0.0016032853373950232, 0.019494613520962566, 0.008524166271757611, 0.00017204328116709577, 0.9775978967525394, 4.000212039682088e-06, 0.0025746064320024842, 0.023071355445040673, 0.005905978371629729]",0.09393186186507715,0.15386626429975445,0.0,orcd,0.0,/home/txenakis/projects/BVPsolver/logs/array_20391846_33.err,default,GELU-scaled,650,0,/home/txenakis/projects/BVPsolver/logs/array_20391846_33.out,none,none,pollu,fast,14,exact,0.0,1000,4677.740709552,0.0,2026-08-13T23:28:16.659,shooting,4677.740709552,1,3,30000,32,150,False,,,,,
run_puUxHMQN,,,,,,,,,,,,,29.721198433,orcd,38.715232491,/home/txenakis/projects/BVPsolver/logs/array_20140853_311.err,default,GELU-scaled,177,0,/home/txenakis/projects/BVPsolver/logs/array_20140853_311.out,none,derivmatch,vanderpol,fast,12,,0.0,1000,0.0,0.0,2026-08-11T03:27:33.949,collocation,68.436430924,1,2,10000,12,150,True,,,,,
run_pyuV3abj,,,,,,,,,,,,,0.0,orcd,25.621299581,/home/txenakis/projects/BVPsolver/logs/array_heavy_20252509_117.err,default,GELU-scaled,243,0,/home/txenakis/projects/BVPsolver/logs/array_heavy_20252509_117.out,none,derivmatch,hires,fast,13,exact,7.610218943,1000,0.0,0.0,2026-08-12T13:28:34.973,shapovalova,33.231518523999995,1,2,10000,16,150,False,qr,,,,
run_q29NmYtE,,,,,,,,,,,,,0.0,orcd,0.0,/home/txenakis/projects/BVPsolver/logs/array_20140853_248.err,default,mlp,218,0,/home/txenakis/projects/BVPsolver/logs/array_20140853_248.out,none,none,vanderpol,fast,14,,0.0,1000,461.358292637,0.0,2026-08-11T02:57:44.889,shooting,461.358292637,1,2,10000,12,150,True,,,,,
run_q3Jgd082,,,,,,,,,,,,,0.0,orcd,0.0,/home/txenakis/projects/BVPsolver/logs/array_20140853_105.err,default,stiff,318,0,/home/txenakis/projects/BVPsolver/logs/array_20140853_105.out,none,none,rober,fast,11,,0.0,1000,645.159448367,0.0,2026-08-11T01:53:12.555,shooting,645.159448367,1,2,10000,12,150,False,,,,,
run_q3YhPjyJ,,,,,,,,,,,,,0.0,orcd,31.891970106,/home/txenakis/projects/BVPsolver/logs/array_heavy_20252509_67.err,default,stiff,268,0,/home/txenakis/projects/BVPsolver/logs/array_heavy_20252509_67.out,none,derivmatch,vanderpol,fast,13,,6211.900708147,1000,0.0,0.0,2026-08-12T10:26:53.077,shapovalova,6243.792678253,1,2,10000,12,150,True,,,,,
run_q4szpyI1,,,,,,,,,,,,,0.0,orcd,27.127874995,/home/txenakis/projects/BVPsolver/logs/array_20140853_184.err,default,GELU-scaled,188,0,/home/txenakis/projects/BVPsolver/logs/array_20140853_184.out,none,derivmatch,rober,fast,15,,0.0,1000,519.702439872,0.0,2026-08-11T02:22:27.752,shooting,546.830314867,1,2,10000,12,150,False,,,,,
run_q76cw0Dd,,,,,,,,,,,,,0.0,orcd,23.372101148,/home/txenakis/projects/BVPsolver/logs/array_heavy_20252509_75.err,default,mlp,218,0,/home/txenakis/projects/BVPsolver/logs/array_heavy_20252509_75.out,none,derivmatch,vanderpol,fast,11,,2662.742311035,1000,0.0,0.0,2026-08-12T11:15:17.937,shapovalova,2686.1144121830002,1,2,10000,12,150,True,,,,,
run_q8qoR9Nh,"[0.013988878939403055, 19.13033028442596]","[0.7094155153529905, 0.9520093472566259]",9.572159581682682,0.8307124313048082,"[0.4619201895393348, 0.5953403767252479]","[0.8574217756764665, 0.9958203528114264]",0.5286302831322913,0.9266210642439465,"[1.288592136372398, 11506.498500720983]","[1.4043500929912538, 1.002709542214719]",5753.893546428678,1.2035298176029863,23.959163968,orcd,25.927985792,/home/txenakis/projects/BVPsolver/logs/array_20391846_172.err,default,mlp,218,0,/home/txenakis/projects/BVPsolver/logs/array_20391846_172.out,none,derivmatch,vanderpol,fast,14,exact,0.0,1000,0.0,0.0,2026-08-13T22:50:59.237,collocation,49.88714976,1,2,10000,12,150,True,,,,,
run_qH69ZfGS,"[164.11290186579006, 30.14725221374233]","[0.9990439625340907, 0.9999990453644568]",97.13007703976619,0.9995215039492737,"[0.9991042223072216, 0.9248525870029488]","[0.999420113251839, 0.9997364713275112]",0.9619784046550852,0.9995782922896751,"[1.0128968846195734, 2857.055543924866]","[0.9155869597471372, 1.0027627901377185]",1429.0342204047429,0.9591748749424278,34.155133743,orcd,0.0,/home/txenakis/projects/BVPsolver/logs/array_20391846_166.err,default,mlp,218,0,/home/txenakis/projects/BVPsolver/logs/array_20391846_166.out,none,none,vanderpol,fast,13,exact,0.0,1000,0.0,0.0,2026-08-13T22:49:46.814,collocation,34.155133743,1,2,10000,12,150,True,,,,,
run_qH9OUloS,,,,,,,,,,,,,0.0,orcd,0.0,/home/txenakis/projects/BVPsolver/logs/array_20140853_107.err,default,stiff,318,0,/home/txenakis/projects/BVPsolver/logs/array_20140853_107.out,none,none,rober,fast,13,,0.0,1000,385.095545533,0.0,2026-08-11T01:48:46.566,shooting,385.095545533,1,2,10000,12,150,False,,,,,
run_qJltRJ4w,"[0.7832257408894913, 35.6365674395614]","[1.0291129787722977, 1.0001482105664357]",18.209896590225444,1.0146305946693666,"[0.999231499225494, 0.9741120364424736]","[0.9993685996030072, 0.9994102866883653]",0.9866717678339838,0.9993894431456862,"[1.278462315473864, 12.707802291076405]","[0.7563060588853373, 1.0461056154062731]",6.993132303275134,0.9012058371458052,0.0,orcd,0.0,/home/txenakis/projects/BVPsolver/logs/array_20391846_177.err,default,GELU-scaled,177,0,/home/txenakis/projects/BVPsolver/logs/array_20391846_177.out,none,none,vanderpol,fast,14,exact,0.0,1000,245.467753075,0.0,2026-08-13T22:54:46.997,shooting,245.467753075,1,2,10000,12,150,True,,,,,
run_qKa0zUeN,"[2543416209.05, 370859093.3897956]","[0.9119908764841365, 0.9991801625251577]",1457137651.219898,0.9555855195046471,"[0.9936027775385371, 0.9317818858352092]","[0.9975013047988075, 0.9837371046442527]",0.9626923316868732,0.9906192047215301,"[17881742197203.547, 214869020482347.9]","[0.21086119062102202, 1.150423690595673]",116375381339775.72,0.6806424406083476,100.185489624,orcd,0.0,/home/txenakis/projects/BVPsolver/logs/array_20391846_410.err,default,GELU-scaled,177,0,/home/txenakis/projects/BVPsolver/logs/array_20391846_410.out,none,none,davis-skodje,fast,15,exact,0.0,1000,0.0,0.0,2026-08-14T00:22:33.472,collocation,100.185489624,3,2,10000,12,150,False,,,,,
run_qKuCUrj6,"[3.4635717747195294, 147.7949056986569, 5.885163418578022]","[1.009208920973508, 94.7195389155716, 3.7053819684187737]",52.38121363065148,33.144709934987965,"[0.9999903166800594, 1.0000374181012281, 0.9999999999999997]","[0.9988077496709064, 1.0008682860085976, 0.9999999999999987]",1.0000092449270956,0.9998920118931675,"[2.4716959219131227, 8.263036765135913, 2.158850529972385]","[0.999251006388584, 1.336210774395931, 1.0023869305717052]",4.297861072340473,1.11261623711874,28.724641462,orcd,0.0,/home/txenakis/projects/BVPsolver/logs/array_20391846_331.err,default,GELU-scaled,188,0,/home/txenakis/projects/BVPsolver/logs/array_20391846_331.out,none,none,orego,fast,11,exact,0.0,1000,0.0,0.0,2026-08-13T23:57:45.115,collocation,28.724641462,1,2,10000,16,150,False,,,,,
run_qQy6yq4M,,,,,,,,,,,,,2333.225332196,orcd,0.0,/home/txenakis/projects/BVPsolver/logs/array_20140853_98.err,default,GELU-scaled,650,0,/home/txenakis/projects/BVPsolver/logs/array_20140853_98.out,none,none,pollu,fast,14,,0.0,1000,0.0,0.0,2026-08-11T02:21:06.937,collocation,2333.225332196,1,3,30000,32,150,False,,,,,
run_qROUxJTT,,,,,,,,,,,,,20.442499167,orcd,0.0,/home/txenakis/projects/BVPsolver/logs/array_20140853_169.err,default,mlp,243,0,/home/txenakis/projects/BVPsolver/logs/array_20140853_169.out,none,none,rober,fast,15,,0.0,1000,0.0,0.0,2026-08-11T02:05:06.344,collocation,20.442499167,1,2,10000,12,150,False,,,,,
run_qW79At3q,,,,,,,,,,,,,0.0,orcd,0.0,/home/txenakis/projects/BVPsolver/logs/array_20198490_420.err,default,stiff,486,0,/home/txenakis/projects/BVPsolver/logs/array_20198490_420.out,none,none,orego,fast,11,,0.0,1000,2152.016293194,0.0,2026-08-11T11:30:06.953,shooting,2152.016293194,1,2,10000,16,150,False,,,,,
run_qvfGYM2e,,,,,,,,,,,,,1004.214531024,orcd,29.277692243,/home/txenakis/projects/BVPsolver/logs/array_20140853_103.err,default,GELU-scaled,650,0,/home/txenakis/projects/BVPsolver/logs/array_20140853_103.out,none,derivmatch,pollu,fast,14,,0.0,1000,0.0,0.0,2026-08-11T01:59:44.870,collocation,1033.492223267,1,3,30000,32,150,False,,,,,
run_r3gZ1JPj,,,,,,,,,,,,,135.845192574,orcd,0.0,/home/txenakis/projects/BVPsolver/logs/array_20198490_377.err,default,mlp,552,0,/home/txenakis/projects/BVPsolver/logs/array_20198490_377.out,none,none,hires,fast,13,,0.0,1000,0.0,0.0,2026-08-11T10:18:54.724,collocation,135.845192574,1,2,10000,16,150,False,qr,,,,
run_r6MHDi0b,"[8887562157.55939, 1704349391169.5215]","[0.006339974699923912, 0.8670692731493246]",856618476663.5404,0.4367046239246242,"[0.8289807336618871, 0.016835932199023365]","[0.8483656239383583, 0.484712635620671]",0.4229083329304552,0.6665391297795147,"[19453694.432570703, 19323005092.062428]","[9.942307533725405e-06, 0.1930804169688811]",9671229393.2475,0.09654517963820741,0.0,orcd,0.0,/home/txenakis/projects/BVPsolver/logs/array_20391846_370.err,default,mlp,218,0,/home/txenakis/projects/BVPsolver/logs/array_20391846_370.out,none,none,davis-skodje,fast,15,exact,0.0,1000,169.05109666,0.0,2026-08-14T00:15:29.182,shooting,169.05109666,3,2,10000,12,150,False,,,,,
run_r6jKnmkn,,,,,,,,,,,,,0.0,orcd,0.0,/home/txenakis/projects/BVPsolver/logs/array_heavy_20252509_123.err,default,stiff,486,0,/home/txenakis/projects/BVPsolver/logs/array_heavy_20252509_123.out,none,none,orego,fast,14,exact,14.388568583,1000,0.0,0.0,2026-08-12T13:29:03.065,shapovalova,14.388568583,1,2,10000,16,150,False,,,,,
run_rGma5VMA,"[71831.70305430189, 14941.929884244113, 44055.971528967486, 1243655.5218119593, 161333.89838923453, 126408.05239341094, 0.9575835839109517, 0.009923645668889942, 0.230270830695488, 133934.48100214056, 130414.00037059821, 0.0354452971864776, 1.0445983920141166, 96328.55141401022, 0.008923365125350935, 5213.779575324176, 1.8296837029878612, 0.08194162277341231, 522.2618964352293, 53.17648623769001]","[0.0672457421219755, 0.13485628568965863, 0.9999972725642328, 0.14856343982567982, 0.9829689569619773, 0.9727889803224542, 0.6501337888563256, 0.8765235670062745, 1.3438659573905742, 0.9612984196679084, 0.9692794858459822, 3.0337591933401864, 4.329360005531791, 1.3746419702218653, 0.17900417353676404, 0.9999999999998603, 1.1181392871207598, 1.51874599696709, 0.7189524030592015, 16.27145140624956]",101434.87630886522,1.882578816614006,"[0.999999999998363, 0.9999999999865061, 0.9999998197800201, 0.9999998618066788, 0.9999999501724742, 0.9999999094205894, 0.9999996529696467, 0.9999997937295239, 0.9999999392310132, 0.9999999993745134, 0.999999999999994, 0.9999999999999998, 0.9999999999999997, 1.0, 1.0, 0.9999999999999998, 1.855531238495362e+268, 5.421270498044836e+266, 1.692855619801469e+265, 2.550185353795499e+256]","[0.9999999999986487, 0.9999999999882841, 0.9999999294425289, 0.9999999517331543, 0.9999999397240075, 0.9999999788909193, 0.9999998979672486, 0.9999999010217331, 0.9999999871912919, 0.9999999999625061, 1.0, 1.0, 1.0, 1.0, 1.0, 0.9999999999999996, 6.692308815258633e+267, 8.71311383318436e+265, 2.916845437502964e+264, 8.889929893993241e+251]",9.557183995490812e+266,3.39117839951399e+266,"[0.11081415690632192, 0.002857316300687057, 0.0147822280499857, 0.6779324642541802, 0.038416801801511004, 0.029233729427530376, 0.007519325958670396, 0.0007569673731587837, 0.03840523074913316, 0.9660044964070995, 0.44577988855612505, 0.1492265374925147, 0.438642987068573, 0.1260019856827176, 0.00428154531289633, 0.009523478666749406, 0.0030403677400203787, 0.21413789839746428, 0.05733897236373062, 0.0003755408642124016]","[0.023792114458318726, 6.464599089205007e-05, 0.009795292984732525, 0.0029877609631454535, 0.4442583909017568, 0.6328986151003735, 1.1534538811218763e-05, 3.084161475594303e-06, 6.498727003679682e-05, 0.5842265579299016, 0.5966662912008704, 0.014701020837679045, 0.029426025993294084, 0.0036678580708531475, 0.00043218594807757686, 0.9840279921989707, 7.106561123934719e-06, 0.04193361660030834, 0.04679013261955086, 0.005890669990454586]",0.1667535959686641,0.17108229421603136,0.0,orcd,0.0,/home/txenakis/projects/BVPsolver/logs/array_20391846_31.err,default,GELU-scaled,650,0,/home/txenakis/projects/BVPsolver/logs/array_20391846_31.out,none,none,pollu,fast,12,exact,0.0,1000,4136.067700585,0.0,2026-08-13T23:19:16.476,shooting,4136.067700585,1,3,30000,32,150,False,,,,,
run_rIv3t2aN,,,,,,,,,,,,,0.0,orcd,0.0,/home/txenakis/projects/BVPsolver/logs/array_20198490_385.err,default,GELU-scaled,243,0,/home/txenakis/projects/BVPsolver/logs/array_20198490_385.out,none,none,hires,fast,11,,0.0,1000,398.508648644,0.0,2026-08-11T10:27:08.060,shooting,398.508648644,1,2,10000,16,150,False,qr,,,,
run_rK8mL5Xp,,,,,,,,,,,,,0.0,orcd,25.109723699,/home/txenakis/projects/BVPsolver/logs/array_20140853_163.err,default,mlp,243,0,/home/txenakis/projects/BVPsolver/logs/array_20140853_163.out,none,derivmatch,rober,fast,14,,0.0,1000,0.0,0.0,2026-08-11T02:03:54.320,none,25.109723699,1,2,10000,12,150,False,,,,,
run_rLrWx7T1,,,,,,,,,,,,,0.0,orcd,33.987039161,/home/txenakis/projects/BVPsolver/logs/array_heavy_20252509_177.err,default,GELU-scaled,177,0,/home/txenakis/projects/BVPsolver/logs/array_heavy_20252509_177.out,none,derivmatch,davis-skodje,fast,13,exact,8.929065445,1000,0.0,0.0,2026-08-12T13:42:07.169,shapovalova,42.916104606,3,2,10000,12,150,False,,,,,
run_rOYFdDnk,,,,,,,,,,,,,33.31444295,orcd,36.545734055,/home/txenakis/projects/BVPsolver/logs/array_20140853_242.err,default,stiff,268,0,/home/txenakis/projects/BVPsolver/logs/array_20140853_242.out,none,derivmatch,vanderpol,fast,13,,0.0,1000,0.0,0.0,2026-08-11T02:50:20.598,collocation,69.860177005,1,2,10000,12,150,True,,,,,
run_rTJRW6Am,"[1.03820427406845, 0.4487962794467203, 0.9179222743306193]","[0.9994189064510354, 0.5699934584051402, 0.9419328091045073]",0.8016409426152632,0.8371150579868942,"[0.9999795666385377, 1.0366961431222093, 1.1517358573876721]","[0.9999999454222308, 0.9992359403875675, 0.9998410167162594]",1.0628038557161397,0.9996923008420192,"[58.0115533661483, 3.357848370046122, 196.26510519018888]","[0.9775960739302931, 0.7870877880150093, 0.9942728764463454]",85.87816897546111,0.9196522461305493,53.77488056,orcd,24.600820936,/home/txenakis/projects/BVPsolver/logs/array_20391846_313.err,default,mlp,387,0,/home/txenakis/projects/BVPsolver/logs/array_20391846_313.out,none,derivmatch,orego,fast,12,exact,0.0,1000,0.0,0.0,2026-08-13T23:49:30.295,collocation,78.375701496,1,2,10000,16,150,False,,,,,
run_rTT1QRVM,"[1002706.5179891511, 1276367.6716921234, 2139.127564863575, 184317.66336507397, 321.1131381325141, 496.69061253658464, 4.943582199732493, 4.943841914387396]","[0.001218558423158904, 0.021474310274015404, 0.08115233947571637, 1.5515302401119158, 0.7916546015983221, 4.841432076478089, 0.7121714981909701, 0.7123839169260103]",308294.83397324936,1.0891271926847748,"[0.9787218870192477, 0.993865071993263, 0.9999493763063902, 0.9999999911453046, 1.0, 1.0, 1.0, 0.9747431867231316]","[0.9918473780491088, 0.8484916447681093, 0.9925555628076266, 0.9999999517264201, 0.9999999999999993, 0.9999999999999997, 0.9999999999999997, 0.999999963160631]",0.9934099391484171,0.9791118125639869,"[28448773.62950184, 89328263.51619352, 11047790.596607601, 18934615.6502474, 11052948.3628973, 48303708.33558638, 337.404884509015, 17.367835619429687]","[0.03224852507249504, 0.6600064998413236, 0.7587280862896293, 0.9454232594928293, 0.6878316072883117, 0.9518179352141742, 0.022375190447264104, 0.02332286633602171]",25889556.85796927,0.5102192462477562,39.467988887,orcd,24.783258317,/home/txenakis/projects/BVPsolver/logs/array_20391846_269.err,default,GELU-scaled,243,0,/home/txenakis/projects/BVPsolver/logs/array_20391846_269.out,none,derivmatch,hires,fast,14,exact,0.0,1000,0.0,0.0,2026-08-13T23:39:20.975,collocation,64.251247204,1,2,10000,16,150,False,qr,,,,
run_rUaApdiu,,,,,,,,,,,,,5103.979941145,orcd,0.0,/home/txenakis/projects/BVPsolver/logs/array_20140853_62.err,default,mlp,3444,0,/home/txenakis/projects/BVPsolver/logs/array_20140853_62.out,none,none,pollu,fast,13,,0.0,1000,0.0,0.0,2026-08-11T00:13:47.183,collocation,5103.979941145,1,3,30000,32,150,False,,,,,
run_rVsfCV82,,,,,,,,,,,,,152.318704423,orcd,26.698652627,/home/txenakis/projects/BVPsolver/logs/array_20198490_381.err,default,mlp,552,0,/home/txenakis/projects/BVPsolver/logs/array_20198490_381.out,none,derivmatch,hires,fast,12,,0.0,1000,0.0,0.0,2026-08-11T10:20:57.147,collocation,179.01735705000002,1,2,10000,16,150,False,qr,,,,
run_rWau00x8,,,,,,,,,,,,,0.0,orcd,0.0,/home/txenakis/projects/BVPsolver/logs/array_20198490_458.err,default,mlp,387,0,/home/txenakis/projects/BVPsolver/logs/array_20198490_458.out,none,none,orego,fast,14,,0.0,1000,58.797897153,0.0,2026-08-11T12:22:16.909,shooting,58.797897153,1,2,10000,16,150,False,,,,,
run_rZ8hkTKx,"[2193840.2614542632, 407852350.8467972]","[1.742200003511782e-05, 5.237521312105766e-06]",205023095.55412576,1.1329760673611793e-05,"[0.975739827074841, 0.054195973297070384]","[0.4665157854226989, 0.5726050389396311]",0.5149679001859557,0.519560412181165,"[898565556.646421, 5278810777443.601]","[2.824925828618331e-07, 1.0045859631785879e-06]",2639854671500.1235,6.435392730202105e-07,0.0,orcd,30.793152316,/home/txenakis/projects/BVPsolver/logs/array_20391846_347.err,default,stiff,268,0,/home/txenakis/projects/BVPsolver/logs/array_20391846_347.out,none,derivmatch,davis-skodje,fast,12,exact,0.0,1000,342.459838386,0.0,2026-08-14T00:09:58.379,shooting,373.252990702,3,2,10000,12,150,False,,,,,
run_radZh4KQ,"[0.043921918450396426, 46.71723105033872]","[0.009675105710886535, 0.03406068225374768]",23.380576484394556,0.021867893982317105,"[0.19504088066607778, 0.15650455014082673]","[0.22911316579226623, 0.48150216183175126]",0.17577271540345224,0.35530766381200873,"[1.3757272132702818, 1.2095849384772261]","[1.736686584122036, 0.9998649072515701]",1.292656075873754,1.368275745686803,0.0,orcd,29.944659072,/home/txenakis/projects/BVPsolver/logs/array_20391846_139.err,default,stiff,268,0,/home/txenakis/projects/BVPsolver/logs/array_20391846_139.out,none,derivmatch,vanderpol,fast,13,exact,0.0,1000,0.0,0.0,2026-08-13T22:43:40.506,none,29.944659072,1,2,10000,12,150,True,,,,,
run_rafdEHAI,,,,,,,,,,,,,0.0,orcd,0.0,/home/txenakis/projects/BVPsolver/logs/array_20140853_222.err,default,stiff,268,0,/home/txenakis/projects/BVPsolver/logs/array_20140853_222.out,none,none,vanderpol,fast,13,,5806.589814294,1000,0.0,0.0,2026-08-11T04:06:11.176,shapovalova,5806.589814294,1,2,10000,12,150,True,,,,,
run_rdFwhrgJ,,,,,,,,,,,,,0.0,orcd,33.769034089,/home/txenakis/projects/BVPsolver/logs/array_20140853_295.err,default,GELU-scaled,177,0,/home/txenakis/projects/BVPsolver/logs/array_20140853_295.out,none,derivmatch,vanderpol,fast,11,,3000.428051679,1000,0.0,0.0,2026-08-11T04:03:25.489,shapovalova,3034.197085768,1,2,10000,12,150,True,,,,,
run_rlwqHItu,,,,,,,,,,,,,41.896326492,orcd,26.658020316,/home/txenakis/projects/BVPsolver/logs/array_20198490_416.err,default,GELU-scaled,243,0,/home/txenakis/projects/BVPsolver/logs/array_20198490_416.out,none,derivmatch,hires,fast,12,,0.0,1000,0.0,0.0,2026-08-11T10:51:18.218,collocation,68.554346808,1,2,10000,16,150,False,qr,,,,
run_rqIYQ2il,"[1.6525140365565405, 0.6880880481761155, 0.6914334127633452]","[0.9936523069324075, 0.7230316582768274, 0.7425578186481465]",1.0106784991653337,0.8197472612857938,"[0.9998378296211056, 26.39718607712978, 0.9961225219683102]","[0.9998700155268293, 1.5960134454999533, 1.0829075705446012]",9.4643821429064,1.2262636771904614,"[0.9996422810302075, 0.9880816277237678, 1.003108559017909]","[0.9998227909732101, 0.9952417722099327, 1.0005564544542869]",0.9969441559239615,0.9985403392124766,0.0,orcd,29.40706677,/home/txenakis/projects/BVPsolver/logs/array_20391846_330.err,default,GELU-scaled,188,0,/home/txenakis/projects/BVPsolver/logs/array_20391846_330.out,none,derivmatch,orego,fast,15,exact,0.0,1000,0.0,0.0,2026-08-13T23:56:11.173,none,29.40706677,1,2,10000,16,150,False,,,,,
run_ruGmN1gv,,,,,,,,,,,,,60.148022597,orcd,0.0,/home/txenakis/projects/BVPsolver/logs/array_20198490_482.err,default,mlp,387,0,/home/txenakis/projects/BVPsolver/logs/array_20198490_482.out,none,none,orego,fast,13,,0.0,1000,0.0,0.0,2026-08-11T13:13:11.470,collocation,60.148022597,1,2,10000,16,150,False,,,,,
run_rzWpvuRJ,"[0.16688538034496267, 0.06913109022714832, 0.010153685802779311]","[0.009649703049901669, 0.04621062794494441, 0.006666121020315026]",0.08205671879163011,0.020842150671720367,"[0.99891605200232, 0.9855623076514023, 0.9449979736753895]","[0.9962946011724828, 0.8850568438372534, 1.6595617656272104]",0.976492111109704,1.180304403545649,"[1.0681482335958623, 0.8721970290312367, 1.112522170782027]","[0.6705355407773843, 0.5438341456645943, 0.5027517914095752]",1.017622477803042,0.5723738259505179,0.0,orcd,36.355960818,/home/txenakis/projects/BVPsolver/logs/array_heavy_20252509_210.err,default,stiff,486,0,/home/txenakis/projects/BVPsolver/logs/array_heavy_20252509_210.out,none,derivmatch,orego,fast,13,exact,0.0,1000,1483.779507883,0.0,2026-08-12T22:28:16.395,shooting,1520.135468701,1,2,10000,16,150,False,,,,,
run_s2DmDIKa,,,,,,,,,,,,,0.0,orcd,40.06393114,/home/txenakis/projects/BVPsolver/logs/array_20140853_233.err,default,stiff,268,0,/home/txenakis/projects/BVPsolver/logs/array_20140853_233.out,none,derivmatch,vanderpol,fast,14,,0.0,1000,0.0,0.0,2026-08-11T02:45:17.416,none,40.06393114,1,2,10000,12,150,True,,,,,
run_s3Leur8V,,,,,,,,,,,,,0.0,orcd,0.0,/home/txenakis/projects/BVPsolver/logs/array_20140853_109.err,default,stiff,318,0,/home/txenakis/projects/BVPsolver/logs/array_20140853_109.out,none,none,rober,fast,15,,0.0,1000,460.219639516,0.0,2026-08-11T01:50:07.127,shooting,460.219639516,1,2,10000,12,150,False,,,,,
run_s7adjDHV,"[499532.84037119267, 79005.8204408687, 17662.383230531424, 99622.64033455827, 401.58362000696826, 363.9723891593533, 18.333444866913627, 18.742464960567904]","[0.3584911408179733, 0.43503864995030656, 0.5163856316098661, 0.1406824239540976, 0.22178073900580067, 0.08815646765463986, 0.737926577039263, 0.7295052151383593]",87078.2895370181,0.40349585564628826,"[0.5634617190043977, 0.468111580769025, 0.695730342762321, 0.627504470909243, 0.9708394844148834, 0.9436706108858711, 0.9682346820023956, 3.378712509612162e+27]","[0.9673848916894479, 0.5272061005542997, 0.8614640168393852, 0.6457064771272296, 0.973706817692617, 0.9210468135430974, 0.9636439939259819, 1667368606148399.5]",4.223390637015202e+26,208421075768550.66,"[5609404233.208555, 76258379.63679996, 776104661.0479156, 528263940.2464137, 2864014661.721643, 6281996243.975283, 57420133.07554815, 2964290.666928614]","[168.54637806888564, 0.4548685078032424, 2917.0880824590586, 347.8852074167233, 2252.5101359302043, 1700.4991526786553, 67100.940069227, 69572.00434799996]",2024553317.947386,18007.491030286037,127.774059255,orcd,23.762999615,/home/txenakis/projects/BVPsolver/logs/array_20391846_242.err,default,mlp,552,0,/home/txenakis/projects/BVPsolver/logs/array_20391846_242.out,none,derivmatch,hires,fast,12,exact,0.0,1000,0.0,0.0,2026-08-13T23:28:08.655,collocation,151.53705887,1,2,10000,16,150,False,qr,,,,
run_s8lDZmpg,,,,,,,,,,,,,0.0,orcd,0.0,/home/txenakis/projects/BVPsolver/logs/array_20140853_247.err,default,mlp,218,0,/home/txenakis/projects/BVPsolver/logs/array_20140853_247.out,none,none,vanderpol,fast,13,,0.0,1000,119.548908595,0.0,2026-08-11T02:52:10.031,shooting,119.548908595,1,2,10000,12,150,True,,,,,
run_sGAt2pKu,"[0.019695481555286005, 1.9520995346234504]","[0.7257125692148754, 0.941498566298894]",0.9858975080893683,0.8336055677568847,"[0.09777050228161421, 0.5659322782360853]","[0.2682540019249948, 0.9970182909980622]",0.33185139025884974,0.6326361464615284,"[1.000847812824657, 1.1617053686800165]","[1.1665710187479732, 0.9997025802988657]",1.0812765907523367,1.0831367995234196,22.686804298,orcd,24.022890377,/home/txenakis/projects/BVPsolver/logs/array_20391846_171.err,default,mlp,218,0,/home/txenakis/projects/BVPsolver/logs/array_20391846_171.out,none,derivmatch,vanderpol,fast,13,exact,0.0,1000,0.0,0.0,2026-08-13T22:50:46.490,collocation,46.709694674999994,1,2,10000,12,150,True,,,,,
run_sGqguKPi,"[0.0004315252062342147, 0.37060261685302776]","[0.0004600493147760376, 0.016417882051249992]",0.185517071029631,0.008438965683013016,"[0.007714815915231365, 0.06921888835114452]","[0.005577371453465734, 0.1830966957941655]",0.03846685213318794,0.09433703362381561,"[0.10518227167967087, 2.515934470871907]","[0.5679182770926233, 1.1018755393240711]",1.310558371275789,0.8348969082083473,30.949651389,orcd,31.206205333,/home/txenakis/projects/BVPsolver/logs/array_20391846_147.err,default,stiff,268,0,/home/txenakis/projects/BVPsolver/logs/array_20391846_147.out,none,derivmatch,vanderpol,fast,11,exact,0.0,1000,0.0,0.0,2026-08-13T22:45:07.241,collocation,62.155856721999996,1,2,10000,12,150,True,,,,,
run_sKp85UAn,,,,,,,,,,,,,0.0,orcd,0.0,/home/txenakis/projects/BVPsolver/logs/array_heavy_20252509_160.err,default,mlp,218,0,/home/txenakis/projects/BVPsolver/logs/array_heavy_20252509_160.out,none,none,davis-skodje,fast,11,exact,9.086279994,1000,0.0,0.0,2026-08-12T13:37:43.983,shapovalova,9.086279994,3,2,10000,12,150,False,,,,,
run_sOubsSw2,"[0.24866490331366953, 25.504715768371973]","[0.7213403341359118, 0.9480644973347039]",12.876690335842822,0.8347024157353078,"[0.08843584741432932, 0.7943422552597703]","[0.21453658267838743, 0.9968825872083518]",0.4413890513370498,0.6057095849433696,"[1.421554842517395, 11120.85190486539]","[1.2251329964647089, 1.0050707137317445]",5561.136729853954,1.1151018550982266,25.871263215,orcd,29.052484876,/home/txenakis/projects/BVPsolver/logs/array_20391846_173.err,default,mlp,218,0,/home/txenakis/projects/BVPsolver/logs/array_20391846_173.out,none,derivmatch,vanderpol,fast,15,exact,0.0,1000,0.0,0.0,2026-08-13T22:51:09.102,collocation,54.923748091,1,2,10000,12,150,True,,,,,
run_sPiqg7Vl,,,,,,,,,,,,,0.0,orcd,0.0,/home/txenakis/projects/BVPsolver/logs/array_20140853_188.err,default,GELU-scaled,188,0,/home/txenakis/projects/BVPsolver/logs/array_20140853_188.out,none,none,rober,fast,14,,47.918226911,1000,0.0,0.0,2026-08-11T02:14:50.946,shapovalova,47.918226911,1,2,10000,12,150,False,,,,,
run_sRTka7UP,,,,,,,,,,,,,163.362381375,orcd,31.784235557,/home/txenakis/projects/BVPsolver/logs/array_20198490_346.err,default,stiff,816,0,/home/txenakis/projects/BVPsolver/logs/array_20198490_346.out,none,derivmatch,hires,fast,12,,0.0,1000,0.0,0.0,2026-08-11T10:15:24.670,collocation,195.146616932,1,2,10000,16,150,False,qr,,,,
run_sRbLyxTD,,,,,,,,,,,,,0.0,orcd,0.0,/home/txenakis/projects/BVPsolver/logs/array_20140853_259.err,default,mlp,218,0,/home/txenakis/projects/BVPsolver/logs/array_20140853_259.out,none,none,vanderpol,fast,15,,3819.466291534,1000,0.0,0.0,2026-08-11T03:57:58.178,shapovalova,3819.466291534,1,2,10000,12,150,True,,,,,
run_sS06immx,,,,,,,,,,,,,0.0,orcd,0.0,/home/txenakis/projects/BVPsolver/logs/array_20198490_395.err,default,GELU-scaled,243,0,/home/txenakis/projects/BVPsolver/logs/array_20198490_395.out,none,none,hires,fast,11,,6493.52047496,1000,0.0,0.0,2026-08-11T12:16:27.166,shapovalova,6493.52047496,1,2,10000,16,150,False,qr,,,,
run_sTTyR6K9,"[0.16877202752035228, 0.07126284437592058, 24122.13343189189, 0.0488674303570087, 20.018137053548827, 6.23775139298823, 0.05106076368188898, 0.055553433043315496, 0.09476999272109031, 0.8884517095517658, 7.7752261920002095, 0.1093740264951894, 5.01580157183528, 0.04314547922844858, 0.009864404419705104, 2426761836.5622315, 0.08169813759202975, 0.09002196159884016, 0.006805881740681436, 3.397907313229369e-05]","[1.1218467626640986e-05, 1.2217993256928486e-05, 0.9957504979817208, 1.1998250746233192e-05, 3.4096161763463525e-05, 0.0001918846559845796, 6.326511802173596e-05, 6.785458696683579e-05, 9.395527247029428e-05, 0.0004545607412809727, 0.0002788455061088982, 0.00010807384154158718, 0.0002837933575439378, 0.00015409479551470895, 4.151289696830053e-05, 0.9999999550311522, 9.19949419033333e-05, 9.371638823790173e-05, 0.0011162946050592374, 0.000757034406124954]",121339299.97311309,0.09998084324999967,"[0.9999999991204349, 0.9999998554936651, 0.9999015665020858, 0.9998802060963192, 0.999812442238147, 0.999556842702014, 0.9994662055004754, 0.9908475323191749, 0.9959864311351658, 0.9769164777963826, 0.7413258042528124, 0.5041730648003347, 0.2205236883636949, 0.007699942744986127, 0.9432141738483697, 159.56635035224733, 1.1873683580643682e+303, 5.083396104611212e+302, 3.2871227893016263e+302, 2.776120041655602e+299]","[0.9999999982719368, 0.9999380784134247, 0.9752448340089414, 0.9925626943708304, 0.9969329852787668, 0.9895656624675387, 0.9807253495070799, 0.7049835343699667, 0.7157767330823105, 0.7116488812966433, 0.6873951741305077, 0.7487628884399637, 0.32623063963250154, 0.07603165299036994, 4.671328367937542, 4567.976670303272, 2.407245828927404e+303, 2.840456422282457e+302, 6.944380146564967e+301, 2.454401297253923e+300]",1.012348929729909e+302,1.3815948369592763e+302,"[0.0016363233333291833, 0.00046395776277526843, 0.014012564456487547, 0.00018636864794374403, 0.01924479123388717, 0.004846928230844676, 0.0004681701385026064, 2.6913597388217522e-05, 0.0008251520534308354, 0.003934704771037217, 0.008306951294302204, 0.004587100576447853, 0.02326127985327879, 0.001198937220961418, 0.0006433069605438148, 0.031108509651840036, 0.0001695681431667507, 0.00406937854925937, 0.0006704021728216986, 3.770679504394729e-07]","[0.00024601978343458114, 3.853369472847462e-06, 0.0006262321943752791, 2.041613816137213e-05, 0.0008643598015883941, 0.0005129431650502006, 4.3138239477356666e-08, 5.1867303003597545e-09, 1.0111563294778419e-07, 0.0005101600049223621, 0.0004889083704498069, 2.185139866253688e-05, 7.62971687050765e-05, 7.133813640294353e-05, 4.483755478911428e-06, 0.058957024281251595, 2.1098279195901774e-08, 1.9426180059858544e-05, 0.0009511551925971861, 9.055563989090605e-06]",0.005983084285809942,0.0031691847521741977,0.0,orcd,46.313226283,/home/txenakis/projects/BVPsolver/logs/array_20391846_0.err,default,stiff,4744,0,/home/txenakis/projects/BVPsolver/logs/array_20391846_0.out,none,derivmatch,pollu,fast,11,exact,0.0,1000,0.0,0.0,2026-08-13T22:11:04.292,none,46.313226283,1,3,30000,32,150,False,,,,,
run_sVlkpDoo,,,,,,,,,,,,,14.812237537,orcd,28.732717846,/home/txenakis/projects/BVPsolver/logs/array_20140853_205.err,default,GELU-scaled,188,0,/home/txenakis/projects/BVPsolver/logs/array_20140853_205.out,none,derivmatch,rober,fast,11,,0.0,1000,0.0,0.0,2026-08-11T02:21:56.919,collocation,43.544955383,1,2,10000,12,150,False,,,,,
run_sYSHpRbT,,,,,,,,,,,,,0.0,orcd,24.290288341,/home/txenakis/projects/BVPsolver/logs/array_20140853_267.err,default,mlp,218,0,/home/txenakis/projects/BVPsolver/logs/array_20140853_267.out,none,derivmatch,vanderpol,fast,13,,0.0,1000,0.0,0.0,2026-08-11T03:00:36.284,none,24.290288341,1,2,10000,12,150,True,,,,,
run_scW3yhmw,,,,,,,,,,,,,29.921351815,orcd,0.0,/home/txenakis/projects/BVPsolver/logs/array_20198490_516.err,default,GELU-scaled,188,0,/home/txenakis/projects/BVPsolver/logs/array_20198490_516.out,none,none,orego,fast,12,,0.0,1000,0.0,0.0,2026-08-11T13:21:40.199,collocation,29.921351815,1,2,10000,16,150,False,,,,,
run_stCnEEPG,,,,,,,,,,,,,0.0,orcd,28.250428065,/home/txenakis/projects/BVPsolver/logs/array_20140853_125.err,default,stiff,318,0,/home/txenakis/projects/BVPsolver/logs/array_20140853_125.out,none,derivmatch,rober,fast,11,,0.0,1000,0.0,0.0,2026-08-11T01:42:49.960,none,28.250428065,1,2,10000,12,150,False,,,,,
run_suoUL7tx,,,,,,,,,,,,,21.440330859,orcd,0.0,/home/txenakis/projects/BVPsolver/logs/array_20140853_203.err,default,GELU-scaled,188,0,/home/txenakis/projects/BVPsolver/logs/array_20140853_203.out,none,none,rober,fast,14,,0.0,1000,0.0,0.0,2026-08-11T02:20:47.738,collocation,21.440330859,1,2,10000,12,150,False,,,,,
run_sussrDKq,"[0.9999312707617664, 0.9952520324398038, 0.9999653917701862]","[1.0000008009619383, 0.9961346816950181, 0.9999669404818539]",0.9983828983239187,0.9987008077129368,"[0.9999999077331265, 0.9997079970647831, 1.0801779172381134]","[0.9999999793142588, 0.9999965386400614, 0.9996680842943971]",1.026628607345341,0.9998882007495724,"[1.002773059241709, 0.7780292863962955, 1.0099324096424176]","[1.0001026242414053, 0.8277738318203778, 1.0007674127172712]",0.9302449184268072,0.9428812895930182,0.0,orcd,0.0,/home/txenakis/projects/BVPsolver/logs/array_20391846_295.err,default,mlp,387,0,/home/txenakis/projects/BVPsolver/logs/array_20391846_295.out,none,none,orego,fast,13,exact,0.0,1000,1645.031115959,0.0,2026-08-14T00:10:44.655,shooting,1645.031115959,1,2,10000,16,150,False,,,,,
run_t12dA2ii,"[3912.5584216996945, 1571701318.1462936]","[0.0016192491339196162, 2.2770214625949958e-05]",785852615.3523576,0.000821009674272783,"[31.35657252226245, 5.892859755628394e-06]","[5.181991697974317, 0.3420531455704258]",15.678289207561102,2.7620224217723712,"[8.039289830628825, 3944.3393612921886]","[4.686249117663143e-09, 2.4831590342444964e-08]",1976.1893255614086,1.4758919730054053e-08,106.365113333,orcd,0.0,/home/txenakis/projects/BVPsolver/logs/array_20391846_381.err,default,mlp,218,0,/home/txenakis/projects/BVPsolver/logs/array_20391846_381.out,none,none,davis-skodje,fast,11,exact,0.0,1000,0.0,0.0,2026-08-14T00:16:53.365,collocation,106.365113333,3,2,10000,12,150,False,,,,,
run_t3Fc0XZ6,"[28233116.11470596, 175159790.16040778, 15605497.244409053, 91667097.04854338, 52523.716108814726, 78466.74449540515, 0.9592789882058945, 1.127467812605451]","[0.07585071290816117, 0.8691070505209826, 2.4527116798404958, 1.0869118068892236, 0.045104443202598175, 1.2765606569411816, 1.8030080090232972, 1.802210582110151]",38849561.63942715,1.1764331176795113,"[0.8878186977692043, 0.9999576802028968, 0.9998868078364787, 1.0, 1.0, 1.0, 1.0, 0.9554427597878947]","[0.9939871235307316, 0.9970826884762187, 0.9999963568089426, 1.0, 1.0, 1.0, 1.0, 0.9999999747614571]",0.9803882431995593,0.9988832679471688,"[1518.6677381209392, 2882.9963046442763, 699.1532046856668, 373.1120909981157, 28593.103000387368, 84629.7458845026, 16.002782389722107, 0.9242944522575824]","[0.0013107510169917272, 0.6161085085041199, 0.027347524278814626, 0.004209584223931407, 0.0001211203754321176, 0.0014155493736479465, 0.017231474560676013, 0.018875093244698053]",14839.213162522617,0.08582745069728896,0.0,orcd,0.0,/home/txenakis/projects/BVPsolver/logs/array_20391846_247.err,default,GELU-scaled,243,0,/home/txenakis/projects/BVPsolver/logs/array_20391846_247.out,none,none,hires,fast,12,exact,0.0,1000,387.571907731,0.0,2026-08-13T23:35:59.388,shooting,387.571907731,1,2,10000,16,150,False,qr,,,,
run_t52r7HJY,,,,,,,,,,,,,0.0,orcd,35.180134977,/home/txenakis/projects/BVPsolver/logs/array_20198490_444.err,default,stiff,486,0,/home/txenakis/projects/BVPsolver/logs/array_20198490_444.out,none,derivmatch,orego,fast,15,,0.0,1000,0.0,0.0,2026-08-11T12:14:38.943,none,35.180134977,1,2,10000,16,150,False,,,,,
run_t7lkZFWr,,,,,,,,,,,,,133.177785953,orcd,25.641241226,/home/txenakis/projects/BVPsolver/logs/array_20198490_384.err,default,mlp,552,0,/home/txenakis/projects/BVPsolver/logs/array_20198490_384.out,none,derivmatch,hires,fast,15,,0.0,1000,0.0,0.0,2026-08-11T10:23:01.810,collocation,158.81902717900002,1,2,10000,16,150,False,qr,,,,
run_tBOliw8L,,,,,,,,,,,,,0.0,orcd,0.0,/home/txenakis/projects/BVPsolver/logs/array_20140853_119.err,default,stiff,318,0,/home/txenakis/projects/BVPsolver/logs/array_20140853_119.out,none,none,rober,fast,15,,3885.03587169,1000,0.0,0.0,2026-08-11T02:47:16.345,shapovalova,3885.03587169,1,2,10000,12,150,False,,,,,
run_tDQEryf5,,,,,,,,,,,,,39.742470411,orcd,25.016718995,/home/txenakis/projects/BVPsolver/logs/array_20198490_417.err,default,GELU-scaled,243,0,/home/txenakis/projects/BVPsolver/logs/array_20198490_417.out,none,derivmatch,hires,fast,13,,0.0,1000,0.0,0.0,2026-08-11T10:53:04.472,collocation,64.759189406,1,2,10000,16,150,False,qr,,,,
run_tTaWuFnY,"[0.003145238736160962, 0.0003155775958920602, 0.00017944753977451727]","[0.0028142435719249784, 9.05239905022799e-05, 0.0001541688797342643]",0.0012134212906091799,0.0010196454807205075,"[0.9981752662854383, 0.9834838425772695, 0.9262852177811246]","[0.9944548550005887, 0.91486045564406, 4.784612546573297]",0.9693147755479442,2.2313092857393153,"[10.697642756509634, 3.6728880300533118, 4.416288891604426]","[1.046079408959671, 4.6279195330280976, 0.7450371088647092]",6.26227322605579,2.139678683617493,0.0,orcd,29.901745014,/home/txenakis/projects/BVPsolver/logs/array_20391846_282.err,default,stiff,486,0,/home/txenakis/projects/BVPsolver/logs/array_20391846_282.out,none,derivmatch,orego,fast,15,exact,0.0,1000,0.0,0.0,2026-08-13T23:41:19.495,none,29.901745014,1,2,10000,16,150,False,,,,,
run_tspqPlrZ,,,,,,,,,,,,,0.0,orcd,0.0,/home/txenakis/projects/BVPsolver/logs/array_20140853_142.err,default,mlp,243,0,/home/txenakis/projects/BVPsolver/logs/array_20140853_142.out,none,none,rober,fast,13,,0.0,1000,3744.269918459,0.0,2026-08-11T02:52:40.987,shooting,3744.269918459,1,2,10000,12,150,False,,,,,
run_ttUURpk5,,,,,,,,,,,,,0.0,orcd,0.0,/home/txenakis/projects/BVPsolver/logs/array_20140853_212.err,default,stiff,268,0,/home/txenakis/projects/BVPsolver/logs/array_20140853_212.out,none,none,vanderpol,fast,13,,0.0,1000,2583.951307299,0.0,2026-08-11T03:06:16.191,shooting,2583.951307299,1,2,10000,12,150,True,,,,,
run_twQjtwTb,,,,,,,,,,,,,0.0,orcd,0.0,/home/txenakis/projects/BVPsolver/logs/array_20198490_387.err,default,GELU-scaled,243,0,/home/txenakis/projects/BVPsolver/logs/array_20198490_387.out,none,none,hires,fast,13,,0.0,1000,482.827667545,0.0,2026-08-11T10:28:59.074,shooting,482.827667545,1,2,10000,16,150,False,qr,,,,
run_txKACzOg,,,,,,,,,,,,,17.4812749,orcd,30.385161851,/home/txenakis/projects/BVPsolver/logs/array_20140853_139.err,default,stiff,318,0,/home/txenakis/projects/BVPsolver/logs/array_20140853_139.out,none,derivmatch,rober,fast,15,,0.0,1000,0.0,0.0,2026-08-11T01:49:45.638,collocation,47.866436750999995,1,2,10000,12,150,False,,,,,
run_tyZFWhCJ,,,,,,,,,,,,,0.0,orcd,29.120559033,/home/txenakis/projects/BVPsolver/logs/array_20140853_231.err,default,stiff,268,0,/home/txenakis/projects/BVPsolver/logs/array_20140853_231.out,none,derivmatch,vanderpol,fast,12,,0.0,1000,0.0,0.0,2026-08-11T02:44:03.757,none,29.120559033,1,2,10000,12,150,True,,,,,
run_u8sUFMhT,,,,,,,,,,,,,0.0,orcd,37.178639133,/home/txenakis/projects/BVPsolver/logs/array_20140853_227.err,default,stiff,268,0,/home/txenakis/projects/BVPsolver/logs/array_20140853_227.out,none,derivmatch,vanderpol,fast,13,,6527.960161828,1000,0.0,0.0,2026-08-11T04:26:44.053,shapovalova,6565.138800961,1,2,10000,12,150,True,,,,,
run_uAePhWbF,"[612.4922149094109, 1183797.0598613876]","[9.420057361819726e-06, 3.355865358152628e-11]",592204.7760381486,4.710045460236653e-06,"[0.7694757458513645, 0.00025756400265814335]","[0.43682869367521016, 0.08351928806979579]",0.38486665492701133,0.260173990872503,"[2341264.8161514616, 2923403932672.899]","[7.23485123063897e-10, 0.00025712049525431884]",1461703136968.8574,0.00012856060936972095,127.210669353,orcd,29.455230902,/home/txenakis/projects/BVPsolver/logs/array_20391846_363.err,default,stiff,268,0,/home/txenakis/projects/BVPsolver/logs/array_20391846_363.out,none,derivmatch,davis-skodje,fast,13,exact,0.0,1000,0.0,0.0,2026-08-14T00:13:41.854,collocation,156.665900255,3,2,10000,12,150,False,,,,,
run_uCoCsEZf,"[140.83037619418238, 88969.25069281744]","[4.7486782997042635e-07, 5.715205002976106e-07]",44555.04053450581,5.231941651340184e-07,"[0.9533985057183616, 0.002246178948870315]","[0.4632912922356969, 0.24057729408902048]",0.477822342333616,0.3519342931623587,"[10906454080.169275, 16943302402654.562]","[7.940511076185304e-07, 0.000357042548994733]",8477104428367.366,0.00017891830005117577,0.0,orcd,33.237096218,/home/txenakis/projects/BVPsolver/logs/array_20391846_354.err,default,stiff,268,0,/home/txenakis/projects/BVPsolver/logs/array_20391846_354.out,none,derivmatch,davis-skodje,fast,14,exact,0.0,1000,0.0,0.0,2026-08-14T00:10:03.304,none,33.237096218,3,2,10000,12,150,False,,,,,
run_uJGb4znD,"[247594.92336342882, 47.806848048042774, 46.66496763057611, 1866.713259885163, 648.5124647551436, 1784.9168430787952, 1.2084647422998114, 1.2164910526749124]","[0.04054523704388794, 0.011835310038833311, 0.05812453900696065, 0.09504896703686011, 0.05174598047272456, 0.059234011620050445, 0.24426189385571273, 0.2438555693448732]",31498.99533782769,0.10058143855248786,"[0.9991004777812422, 0.9989252787060541, 0.9999938541138272, 0.999999999894293, 1.0, 1.0, 1.0, 0.9983796726610068]","[0.997709615454666, 0.8384858862438257, 0.9999940962251683, 0.9999999999984321, 1.0, 1.0, 1.0, 0.9999999834131481]",0.999549910394553,0.9795236976669051,"[24743.44705638428, 99536.06906130258, 3410.397024529302, 1389.8781456505333, 9610.033433585972, 87348.6098202181, 20.79892808637219, 1.1109336540426713]","[0.00034916378799981676, 0.0007926923325129394, 0.0036701374353484847, 0.009347386029723468, 0.000464834422707505, 0.0005147475047418683, 0.004141899021577825, 0.004459953239289282]",28257.5430504264,0.0029676017217376486,0.0,orcd,28.562015864,/home/txenakis/projects/BVPsolver/logs/array_20391846_255.err,default,GELU-scaled,243,0,/home/txenakis/projects/BVPsolver/logs/array_20391846_255.out,none,derivmatch,hires,fast,15,exact,0.0,1000,763.567418255,0.0,2026-08-13T23:46:20.851,shooting,792.129434119,1,2,10000,16,150,False,qr,,,,
run_uPthMIaW,,,,,,,,,,,,,0.0,orcd,0.0,/home/txenakis/projects/BVPsolver/logs/array_heavy_20252509_43.err,default,mlp,243,0,/home/txenakis/projects/BVPsolver/logs/array_heavy_20252509_43.out,none,none,rober,fast,14,,2572.427174477,1000,0.0,0.0,2026-08-12T08:03:31.821,shapovalova,2572.427174477,1,2,10000,12,150,False,,,,,
run_uQ4Qyypp,,,,,,,,,,,,,0.0,orcd,0.0,/home/txenakis/projects/BVPsolver/logs/array_20198490_423.err,default,stiff,486,0,/home/txenakis/projects/BVPsolver/logs/array_20198490_423.out,none,none,orego,fast,14,,0.0,1000,2717.392555693,0.0,2026-08-11T11:49:31.543,shooting,2717.392555693,1,2,10000,16,150,False,,,,,
run_uRw5hErr,,,,,,,,,,,,,0.0,orcd,24.952109171,/home/txenakis/projects/BVPsolver/logs/array_20140853_191.err,default,GELU-scaled,188,0,/home/txenakis/projects/BVPsolver/logs/array_20140853_191.out,none,derivmatch,rober,fast,12,,31.253509589,1000,0.0,0.0,2026-08-11T02:16:52.726,shapovalova,56.20561876,1,2,10000,12,150,False,,,,,
run_uTNkpY6L,,,,,,,,,,,,,0.0,orcd,0.0,/home/txenakis/projects/BVPsolver/logs/array_heavy_20252509_141.err,default,GELU-scaled,188,0,/home/txenakis/projects/BVPsolver/logs/array_heavy_20252509_141.out,none,none,orego,fast,12,exact,8.530574316,1000,0.0,0.0,2026-08-12T13:33:18.398,shapovalova,8.530574316,1,2,10000,16,150,False,,,,,
run_uUDED6cB,,,,,,,,,,,,,24.324616002,orcd,0.0,/home/txenakis/projects/BVPsolver/logs/array_20140853_134.err,default,stiff,318,0,/home/txenakis/projects/BVPsolver/logs/array_20140853_134.out,none,none,rober,fast,15,,0.0,1000,0.0,0.0,2026-08-11T01:47:14.777,collocation,24.324616002,1,2,10000,12,150,False,,,,,
run_ubXxgGn1,"[115.74049712161093, 65872.49598610564]","[1.2519998150828867e-06, 1.4248066111325535e-06]",32994.11824161363,1.33840321310772e-06,"[0.8582002137472288, 0.0001479037056284229]","[0.4573823976778812, 0.5556497740565319]",0.4291740587264286,0.5065160858672065,"[5100926665.911815, 31518677071686.0]","[1.404817277624808e-07, 0.0010223541162430719]",15761888999175.955,0.0005112472989854172,0.0,orcd,30.491000113,/home/txenakis/projects/BVPsolver/logs/array_20391846_352.err,default,stiff,268,0,/home/txenakis/projects/BVPsolver/logs/array_20391846_352.out,none,derivmatch,davis-skodje,fast,12,exact,0.0,1000,0.0,0.0,2026-08-14T00:09:07.281,none,30.491000113,3,2,10000,12,150,False,,,,,
run_uhkxxJz5,,,,,,,,,,,,,0.0,orcd,33.862176193,/home/txenakis/projects/BVPsolver/logs/array_20198490_403.err,default,GELU-scaled,243,0,/home/txenakis/projects/BVPsolver/logs/array_20198490_403.out,none,derivmatch,hires,fast,14,,5422.602445978,1000,0.0,0.0,2026-08-11T12:13:31.965,shapovalova,5456.464622171,1,2,10000,16,150,False,qr,,,,
run_ujc5ZRz5,,,,,,,,,,,,,0.0,orcd,28.507227453,/home/txenakis/projects/BVPsolver/logs/array_20198490_390.err,default,GELU-scaled,243,0,/home/txenakis/projects/BVPsolver/logs/array_20198490_390.out,none,derivmatch,hires,fast,11,,0.0,1000,1065.913044502,0.0,2026-08-11T10:40:26.691,shooting,1094.420271955,1,2,10000,16,150,False,qr,,,,
run_ujhNNfdF,,,,,,,,,,,,,4921.945861791,orcd,0.0,/home/txenakis/projects/BVPsolver/logs/array_20140853_64.err,default,mlp,3444,0,/home/txenakis/projects/BVPsolver/logs/array_20140853_64.out,none,none,pollu,fast,15,,0.0,1000,0.0,0.0,2026-08-11T00:11:56.441,collocation,4921.945861791,1,3,30000,32,150,False,,,,,
run_unPEWCCZ,"[1.0000464326307783, 0.9976932944926654, 0.9999358355586517]","[0.999999282707705, 0.9964601360629575, 0.9999558348199254]",0.9992251875606986,0.998805084530196,"[0.9999999704281886, 0.9999792959095726, 0.9886261487196369]","[0.9999999974372641, 1.0000007703730858, 1.0008702516647163]",0.9962018050191327,1.000290339825022,"[1.004599240339945, 0.7159721287127092, 0.9761545637648268]","[1.000313933934911, 0.9176616875765681, 0.9989298354044023]",0.8989086442724936,0.9723018189719603,59.234768779,orcd,0.0,/home/txenakis/projects/BVPsolver/logs/array_20391846_308.err,default,mlp,387,0,/home/txenakis/projects/BVPsolver/logs/array_20391846_308.out,none,none,orego,fast,12,exact,0.0,1000,0.0,0.0,2026-08-13T23:47:31.721,collocation,59.234768779,1,2,10000,16,150,False,,,,,
run_uutLESos,"[12.347942624822629, 3.1669969524230392, 17.31018390752518, 147.04053599145251, 130.693353382415, 343.55340735878946, 1.1237105360992876, 1.1015595912282865, 0.29902455810993606, 639.5758200455604, 477.6791265077883, 0.13635233514916179, 31.061783990848642, 8.334480260103717, 0.0008446505879166195, 17646.37975129919, 0.07321126780435866, 0.06995124790492326, 9.66154726209469, 0.006494471876556098]","[0.008730671663689179, 0.012370983062690636, 0.9999934471059166, 0.008748381732888054, 0.789282452999848, 0.5993925841727824, 0.004429030097219233, 0.0041132949961476505, 0.022854279906066633, 0.5664905113895561, 0.7072819898913905, 0.05584727723540122, 0.031994365192073264, 0.48621361409694946, 0.004522734897497659, 0.9999999999784784, 0.029805758055719927, 0.02567103642071842, 0.5220944606645457, 0.2611537004277843]",973.4808039120887,0.3070495286993681,"[0.999999999999972, 0.9999999998771375, 0.9999999672230281, 0.9999999992356043, 0.9999999998276012, 0.9999999999999429, 1.0, 1.0, 1.0, 1.0, 1.0, 1.0, 1.0, 1.0, 1.0, 1.0, 1.7132958010505104e+268, 3.9549365099086266e+267, 6.358346880473496e+266, 9.950288082683415e+254]","[0.9999999999968431, 0.9999999885001403, 0.999999517218876, 0.9999999052123005, 0.999999979179858, 0.9999999742964388, 0.9999999977940444, 0.9999999880001491, 0.9999999970186964, 0.9999999999999987, 0.9999999999999993, 0.9999999999999989, 0.9999999999999994, 0.9999999999999994, 0.9999999999999982, 0.9999999999999937, 2.619722497620809e+272, 9.300738227742066e+271, 9.402330496961364e+270, 9.726391397534341e+257]",1.0861864604231036e+267,1.82190981268232e+271,"[0.013482482326488165, 0.002006155103490153, 1.4107830812884439, 0.8445181341239634, 32.61114932875246, 94.34944811635562, 0.011036518358560834, 0.0005990556445665861, 0.0021596267908137474, 93.7977455923953, 58.98434069553687, 0.004006153446278689, 0.2633048664499443, 11.150041753323315, 0.0004715294701061782, 20064.037681559897, 9.188009111430217e-05, 0.002778752378566293, 1.1878048499864282, 0.001049560130213286]","[0.0009020276508105103, 8.846628253776157e-05, 0.5947789478302942, 0.03001887181194696, 0.8998154912457189, 1.3516300720864192, 5.83761274950543e-07, 6.978032247547653e-08, 1.5762348963053064e-05, 1.2812066512779876, 1.533769696137281, 0.002201728098926463, 0.011410735695446367, 0.37940664768451676, 0.0005929473382590775, 31.090580116793372, 2.6363915010492688e-06, 0.0023140269569400236, 0.1676269088957103, 0.0024109706536913165]",1017.9337249845925,1.8674386679360961,0.0,orcd,29.429671981,/home/txenakis/projects/BVPsolver/logs/array_20391846_38.err,default,GELU-scaled,650,0,/home/txenakis/projects/BVPsolver/logs/array_20391846_38.out,none,derivmatch,pollu,fast,11,exact,0.0,1000,0.0,0.0,2026-08-13T22:10:45.023,none,29.429671981,1,3,30000,32,150,False,,,,,
run_uvPZGPCF,"[8146.18382665213, 121056297.43156642, 776704.2922176511, 91700.79376539814, 33.4830564324408, 2999.928915743703, 14.803674638985827, 10.246991155542686]","[0.3502868054313101, 0.40937602193527395, 0.5167895706711615, 0.1553640360523886, 0.18371398101064187, 0.10779867661725015, 0.7691301209099128, 0.768389879030807]",15241988.39550176,0.4076061364573432,"[0.5736813081906281, 0.47992948380555006, 0.7606661216461007, 0.7053236538742217, 0.9571333626468325, 0.8881522188879777, 0.9861365215254377, 9.995480434161983e+27]","[0.968011814831334, 0.5372650051657791, 0.8927208634767156, 0.711698665278437, 0.9546739476587667, 0.8863257979286372, 0.9848400511426185, 7925747642241349.0]",1.249435054270248e+27,990718455280169.4,"[9811820752.748016, 4544144.965615743, 139817840968.65857, 5626196.923753971, 1191361986.7210848, 391581996.3606978, 863771.1060354484, 37798.818239771266]","[137.66897949659847, 0.7042672591999504, 96327.06282898708, 2.4002587152418844, 779.9027310875631, 80.4366459587334, 980.0253140458068, 908.032295842986]",18902959702.037754,12402.029165174152,0.0,orcd,27.591016797,/home/txenakis/projects/BVPsolver/logs/array_20391846_231.err,default,mlp,552,0,/home/txenakis/projects/BVPsolver/logs/array_20391846_231.out,none,derivmatch,hires,fast,11,exact,0.0,1000,0.0,0.0,2026-08-13T23:13:24.415,none,27.591016797,1,2,10000,16,150,False,qr,,,,
run_uwhDXx4y,,,,,,,,,,,,,28.895609931,orcd,0.0,/home/txenakis/projects/BVPsolver/logs/array_20140853_308.err,default,GELU-scaled,177,0,/home/txenakis/projects/BVPsolver/logs/array_20140853_308.out,none,none,vanderpol,fast,14,,0.0,1000,0.0,0.0,2026-08-11T03:25:00.667,collocation,28.895609931,1,2,10000,12,150,True,,,,,
run_uz8CAWa3,,,,,,,,,,,,,0.0,orcd,36.802666179,/home/txenakis/projects/BVPsolver/logs/array_heavy_20252509_149.err,default,GELU-scaled,188,0,/home/txenakis/projects/BVPsolver/logs/array_heavy_20252509_149.out,none,derivmatch,orego,fast,15,exact,10.056986007,1000,0.0,0.0,2026-08-12T13:35:42.699,shapovalova,46.859652186,1,2,10000,16,150,False,,,,,
run_uzEL4LU2,,,,,,,,,,,,,0.0,orcd,32.333197618,/home/txenakis/projects/BVPsolver/logs/array_20198490_530.err,default,stiff,268,0,/home/txenakis/projects/BVPsolver/logs/array_20198490_530.out,none,derivmatch,davis-skodje,fast,11,,0.0,1000,365.598167374,0.0,2026-08-11T13:35:22.130,shooting,397.931364992,3,2,10000,12,150,False,,,,,
run_v0OptgSu,,,,,,,,,,,,,0.0,orcd,0.0,/home/txenakis/projects/BVPsolver/logs/array_heavy_20252509_130.err,default,mlp,387,0,/home/txenakis/projects/BVPsolver/logs/array_heavy_20252509_130.out,none,none,orego,fast,11,exact,13.051060399,1000,0.0,0.0,2026-08-12T13:30:38.841,shapovalova,13.051060399,1,2,10000,16,150,False,,,,,
run_vBOzNKfC,,,,,,,,,,,,,0.0,orcd,0.0,/home/txenakis/projects/BVPsolver/logs/array_heavy_20252509_122.err,default,stiff,486,0,/home/txenakis/projects/BVPsolver/logs/array_heavy_20252509_122.out,none,none,orego,fast,13,exact,14.797165047,1000,0.0,0.0,2026-08-12T13:29:06.324,shapovalova,14.797165047,1,2,10000,16,150,False,,,,,
run_vDkTXSDC,"[382665.9473663169, 71383774.33167094]","[0.9385979646387338, 1.8212668352866879]",35883220.139518626,1.3799323999627109,"[1597.5073797473008, 20.370683269730165]","[736.9465360909425, 1.0041798005828748]",808.9390315085154,368.97535794576265,"[0.9900672791548627, 118.4024773653806]","[0.8447085905487979, 0.9986349813994666]",59.69627232226773,0.9216717859741322,0.0,orcd,25.678542968,/home/txenakis/projects/BVPsolver/logs/array_20391846_181.err,default,GELU-scaled,177,0,/home/txenakis/projects/BVPsolver/logs/array_20391846_181.out,none,derivmatch,vanderpol,fast,13,exact,0.0,1000,291.640827557,0.0,2026-08-13T22:57:36.041,shooting,317.319370525,1,2,10000,12,150,True,,,,,
run_vFsmr8dh,,,,,,,,,,,,,0.0,orcd,28.896122129,/home/txenakis/projects/BVPsolver/logs/array_20140853_123.err,default,stiff,318,0,/home/txenakis/projects/BVPsolver/logs/array_20140853_123.out,none,derivmatch,rober,fast,14,,4189.656608373,1000,0.0,0.0,2026-08-11T02:52:41.076,shapovalova,4218.5527305020005,1,2,10000,12,150,False,,,,,
run_vMZomPaw,,,,,,,,,,,,,49.050618648,orcd,0.0,/home/txenakis/projects/BVPsolver/logs/array_20198490_412.err,default,GELU-scaled,243,0,/home/txenakis/projects/BVPsolver/logs/array_20198490_412.out,none,none,hires,fast,13,,0.0,1000,0.0,0.0,2026-08-11T10:48:35.241,collocation,49.050618648,1,2,10000,16,150,False,qr,,,,
run_vURAGpkp,"[2586599385.837023, 298630338.147631, 31992596.5473232, 3190499.400876516, 139003.71161344423, 57431.761387369515, 42.44815032757356, 46.39179293707322]","[0.19018730534752457, 0.9261667071329015, 1.095359919134982, 0.8247834559534402, 52.4671175197375, 8.07460990684922, 0.8395046745578884, 0.8540142052770452]",365076168.0307247,8.158967961748813,"[0.7414813351355926, 1.0, 1.0, 1.0, 1.0, 1.0, 1.0, 0.9927362775095111]","[0.9986221588345379, 0.9992335305849929, 0.9999954918115427, 0.9999987808497165, 1.0, 1.0, 1.0, 0.999999992975384]",0.966777201580638,0.9997312443820219,"[296422.04749883764, 589863.3929629519, 351945.4625643342, 49484.43259447468, 120000.38031862478, 208406.39488599086, 78.65289145873082, 2.822123872476317]","[0.027505562466271734, 1.4990115572205611, 3.509591386876729, 0.8714812924272023, 0.639119322124353, 2.5770086463820383, 0.34509332637114337, 0.28431002953053724]",202025.44823006817,1.2191401404248545,46.540580112,orcd,0.0,/home/txenakis/projects/BVPsolver/logs/array_20391846_261.err,default,GELU-scaled,243,0,/home/txenakis/projects/BVPsolver/logs/array_20391846_261.out,none,none,hires,fast,11,exact,0.0,1000,0.0,0.0,2026-08-13T23:37:15.506,collocation,46.540580112,1,2,10000,16,150,False,qr,,,,
run_vUuKqCvm,"[83.37867457388876, 26.144282177852265, 518744366183971.0, 2181.787176127434, 2692187501.6336527, 276368622.9621188, 0.002570556093360708, 0.002244477548452942, 0.20212625026653072, 57069665399.183174, 33284833662.645348, 1.693847782429538, 2148.612305883312, 29013.244452279483, 0.007275734162672922, 4.9580053057556056e+30, 12.207640850630478, 0.22919592803407796, 229073.85238592053, 547.253362471574]","[6.353264729904961e-08, 6.624655582097338e-08, 0.9976591862935482, 4.5886076520155053e-07, 0.03984834179716029, 0.2018768762183767, 0.0017127175608911763, 0.0015834439736249345, 0.004467027057421134, 0.13048886593241554, 0.21205156925441243, 0.01387844167294976, 0.010146312623764664, 0.0023241023200274904, 0.00035899169370933853, 0.9730295400287678, 0.0015407000052460845, 0.0012420884415309987, 0.02640252333313325, 0.015296463066234282]",2.479002652877803e+29,0.13169538899565914,"[0.9999999999973115, 0.9999997513014359, 0.9991138646496399, 0.9991498940389093, 0.9985127805934326, 0.9972325502163466, 0.9875664487007013, 0.6760003848227991, 0.3510143281907381, 1.1523960466855907, 599.8162999085652, 1656.135016464159, 4800.390240503142, 23905.11353385943, 185864.34580360755, 16576899.745278928, 4.6382241491123e+307, 1.4886738423099744e+307, 1.4886738423099744e+307, 4.352900695165258e+304]","[0.9999999999610802, 0.9999997410266735, 0.9981116712509396, 0.9980308239178579, 0.9981462479514824, 0.992686621746256, 0.9764330168194436, 0.6749444754599266, 0.32174878221318287, 5.49283753648293, 10.02293790588887, 926.2996431085639, 2989.6773353911276, 10618.893287826604, 92575.94611907881, 104852820.0675817, 7.579543554748669e+307, 6.279768476765027e+307, 1.9507677485797222e+307, 4.232279797716576e+306]",3.8099623672137076e+306,8.116653879932538e+306,"[5092854.856831092, 2096357.511534232, 8.34238820715605e+21, 49481090.65473195, 1.5770529952895664e+17, 1.2582533860966238e+16, 495848.85624200123, 235.81540133948954, 46152829.719833136, 4.379729629426339e+18, 2.801276433369431e+19, 132496927.96870036, 6390668303.741382, 26488092337488.164, 12489550.684198648, 1.5441962268669466e+39, 8217088.459937349, 575824413.4942569, 27231525900990.117, 14231231155.844715]","[505183.8446887375, 15341.092475962952, 8.823096645264595e+20, 40956.023336634666, 1063103941116877.2, 43892133114714.64, 4357.374807633938, 8.371390331617043, 315685.3523176659, 1.827466742650733e+16, 8.185354344004693e+16, 64043386.183895424, 2007971341.2943316, 235698746369.55084, 10412317.482229646, 1.0493986451646037e+36, 48155.93492372971, 316656517.04247516, 10384096190718.621, 4280436732.0036864]",7.720981134334733e+37,5.2469932258230225e+34,5429.047478504,orcd,31.877908482,/home/txenakis/projects/BVPsolver/logs/array_20391846_26.err,default,mlp,3444,0,/home/txenakis/projects/BVPsolver/logs/array_20391846_26.out,none,derivmatch,pollu,fast,12,exact,0.0,1000,0.0,0.0,2026-08-13T23:41:19.006,collocation,5460.9253869859995,1,3,30000,32,150,False,,,,,
run_vY4HHtX7,"[22456.554650705406, 492093443.8951236]","[3.5638456112848364e-05, 2.7608887998803826e-06]",246057950.22488716,1.9199672456364373e-05,"[5.2205277671919665, 2.5273792194743552e-06]","[0.9624304025099318, 0.2989491780557271]",2.610265147285593,0.6306897902828295,"[35.27050706053953, 3740.041245996502]","[3.0454887534190906e-10, 2.0497777522943964e-09]",1887.6558765285206,1.1771633138181528e-09,95.329927907,orcd,24.147080746,/home/txenakis/projects/BVPsolver/logs/array_20391846_386.err,default,mlp,218,0,/home/txenakis/projects/BVPsolver/logs/array_20391846_386.out,none,derivmatch,davis-skodje,fast,11,exact,0.0,1000,0.0,0.0,2026-08-14T00:17:57.693,collocation,119.477008653,3,2,10000,12,150,False,,,,,
run_vZTN5KVP,,,,,,,,,,,,,0.0,orcd,0.0,/home/txenakis/projects/BVPsolver/logs/array_20198490_424.err,default,stiff,486,0,/home/txenakis/projects/BVPsolver/logs/array_20198490_424.out,none,none,orego,fast,15,,0.0,1000,2539.878250971,0.0,2026-08-11T11:55:22.493,shooting,2539.878250971,1,2,10000,16,150,False,,,,,
run_vZmPj6TF,,,,,,,,,,,,,0.0,orcd,0.0,/home/txenakis/projects/BVPsolver/logs/array_heavy_20252509_61.err,default,stiff,268,0,/home/txenakis/projects/BVPsolver/logs/array_heavy_20252509_61.out,none,none,vanderpol,fast,12,,5068.803344396,1000,0.0,0.0,2026-08-12T09:46:46.612,shapovalova,5068.803344396,1,2,10000,12,150,True,,,,,
run_vaYnK3Jk,,,,,,,,,,,,,0.0,orcd,31.053242928,/home/txenakis/projects/BVPsolver/logs/array_20198490_324.err,default,stiff,816,0,/home/txenakis/projects/BVPsolver/logs/array_20198490_324.out,none,derivmatch,hires,fast,15,,0.0,1000,7023.685422863,0.0,2026-08-11T12:09:11.362,shooting,7054.738665791,1,2,10000,16,150,False,qr,,,,
run_vdwnPvF5,,,,,,,,,,,,,0.0,orcd,31.911032153,/home/txenakis/projects/BVPsolver/logs/array_20198490_357.err,default,mlp,552,0,/home/txenakis/projects/BVPsolver/logs/array_20198490_357.out,none,derivmatch,hires,fast,13,,0.0,1000,1637.058336531,0.0,2026-08-11T10:40:37.432,shooting,1668.9693686839998,1,2,10000,16,150,False,qr,,,,
run_vfeKOdyA,"[0.019695481555286005, 1.9520995346234504]","[0.7257125692148754, 0.941498566298894]",0.9858975080893683,0.8336055677568847,"[0.09777050228161421, 0.5659322782360853]","[0.2682540019249948, 0.9970182909980622]",0.33185139025884974,0.6326361464615284,"[1.000847812824657, 1.1617053686800165]","[1.1665710187479732, 0.9997025802988657]",1.0812765907523367,1.0831367995234196,0.0,orcd,26.222545526,/home/txenakis/projects/BVPsolver/logs/array_20391846_157.err,default,mlp,218,0,/home/txenakis/projects/BVPsolver/logs/array_20391846_157.out,none,derivmatch,vanderpol,fast,13,exact,0.0,1000,1494.197346567,0.0,2026-08-13T23:11:37.511,shooting,1520.419892093,1,2,10000,12,150,True,,,,,
run_vknhJllM,"[0.0033884039322344558, 0.00029061178185910765, 6.703317628543444e-05]","[0.0029893224911192906, 9.757262944877195e-05, 8.865165914303056e-05]",0.0012486829634596659,0.001058515593237031,"[0.9982676885817314, 0.9875977244967462, 0.6076562218542261]","[0.9951264005370578, 0.9022110881378924, 0.9297019080316481]",0.8645072116442346,0.9423464655688661,"[1.0003239810575244, 0.9936310013859404, 1.0012557157754824]","[1.0699007558519726, 9.508441827915792, 0.7501305304749208]",0.9984035660729824,3.7761577047475616,0.0,orcd,30.848515336,/home/txenakis/projects/BVPsolver/logs/array_20391846_281.err,default,stiff,486,0,/home/txenakis/projects/BVPsolver/logs/array_20391846_281.out,none,derivmatch,orego,fast,14,exact,0.0,1000,0.0,0.0,2026-08-13T23:41:20.923,none,30.848515336,1,2,10000,16,150,False,,,,,
run_vuYNiJhP,,,,,,,,,,,,,0.0,orcd,0.0,/home/txenakis/projects/BVPsolver/logs/array_heavy_20252509_140.err,default,GELU-scaled,188,0,/home/txenakis/projects/BVPsolver/logs/array_heavy_20252509_140.out,none,none,orego,fast,11,exact,9.203147506,1000,0.0,0.0,2026-08-12T13:32:37.053,shapovalova,9.203147506,1,2,10000,16,150,False,,,,,
run_vxki2dVB,"[251.02000050217455, 1082394571.8901517]","[0.0004359429247009715, 7.281349890556738e-05]",541197411.4550761,0.00025437821180326946,"[8.871282999344455, 5.920617609119655e-06]","[1.4326915625086696, 0.34367571776929645]",4.435644459981032,0.888183640138983,"[1421.8116447956127, 2034.326918723746]","[1.1619046092739932e-09, 9.075687660747931e-08]",1728.0692817596794,4.595939060837665e-08,323.37431377,orcd,59.737625821,/home/txenakis/projects/BVPsolver/logs/array_20391846_390.err,default,mlp,218,0,/home/txenakis/projects/BVPsolver/logs/array_20391846_390.out,none,derivmatch,davis-skodje,fast,15,exact,0.0,1000,0.0,0.0,2026-08-14T00:23:24.172,collocation,383.111939591,3,2,10000,12,150,False,,,,,
run_vych8Lq7,,,,,,,,,,,,,0.0,orcd,0.0,/home/txenakis/projects/BVPsolver/logs/array_heavy_20252509_44.err,default,mlp,243,0,/home/txenakis/projects/BVPsolver/logs/array_heavy_20252509_44.out,none,none,rober,fast,15,,2305.223229218,1000,0.0,0.0,2026-08-12T08:00:54.284,shapovalova,2305.223229218,1,2,10000,12,150,False,,,,,
run_w3lp5CCF,,,,,,,,,,,,,0.0,orcd,0.0,/home/txenakis/projects/BVPsolver/logs/array_20140853_292.err,default,GELU-scaled,177,0,/home/txenakis/projects/BVPsolver/logs/array_20140853_292.out,none,none,vanderpol,fast,13,,968.448785733,1000,0.0,0.0,2026-08-11T03:28:11.152,shapovalova,968.448785733,1,2,10000,12,150,True,,,,,
run_w49NmfWR,,,,,,,,,,,,,0.0,orcd,0.0,/home/txenakis/projects/BVPsolver/logs/array_heavy_20252509_161.err,default,mlp,218,0,/home/txenakis/projects/BVPsolver/logs/array_heavy_20252509_161.out,none,none,davis-skodje,fast,12,exact,9.302715223,1000,0.0,0.0,2026-08-12T13:37:45.483,shapovalova,9.302715223,3,2,10000,12,150,False,,,,,
run_wHzKdjay,"[0.004105716432023413, 22.781406273591738]","[0.7457903974782554, 0.9394581257947148]",11.39275599501188,0.8426242616364851,"[0.46796133364671216, 0.4645788923997894]","[0.8262089322943934, 0.996333515015111]",0.4662701130232508,0.9112712236547522,"[1.2816612994144818, 50302.59651102126]","[1.7932076521691112, 1.3150028382774335]",25151.939086160335,1.5541052452232722,0.0,orcd,25.040963832,/home/txenakis/projects/BVPsolver/logs/array_20391846_162.err,default,mlp,218,0,/home/txenakis/projects/BVPsolver/logs/array_20391846_162.out,none,derivmatch,vanderpol,fast,14,exact,0.0,1000,0.0,0.0,2026-08-13T22:48:11.185,none,25.040963832,1,2,10000,12,150,True,,,,,
run_wLemHM0E,,,,,,,,,,,,,0.0,orcd,33.5979727,/home/txenakis/projects/BVPsolver/logs/array_heavy_20252509_36.err,default,stiff,318,0,/home/txenakis/projects/BVPsolver/logs/array_heavy_20252509_36.out,none,derivmatch,rober,fast,12,,4495.317217012,1000,0.0,0.0,2026-08-12T07:19:32.721,shapovalova,4528.915189712,1,2,10000,12,150,False,,,,,
run_wM9MA33N,,,,,,,,,,,,,0.0,orcd,0.0,/home/txenakis/projects/BVPsolver/logs/array_20140853_220.err,default,stiff,268,0,/home/txenakis/projects/BVPsolver/logs/array_20140853_220.out,none,none,vanderpol,fast,11,,4658.402081841,1000,0.0,0.0,2026-08-11T03:44:05.857,shapovalova,4658.402081841,1,2,10000,12,150,True,,,,,
run_wQN5n5aA,,,,,,,,,,,,,0.0,orcd,42.047982549,/home/txenakis/projects/BVPsolver/logs/array_heavy_20252509_129.err,default,stiff,486,0,/home/txenakis/projects/BVPsolver/logs/array_heavy_20252509_129.out,none,derivmatch,orego,fast,15,exact,17.890887795,1000,0.0,0.0,2026-08-12T13:31:32.464,shapovalova,59.938870343999994,1,2,10000,16,150,False,,,,,
run_wRUH8UnO,"[1.770407455516419, 3557462.6909278804, 134.20007566004588, 8151.180661785211, 168.93125487006202, 706.6609148537796, 0.8136576012340189, 0.7870380534249998]","[7.533638701648612e-05, 3.272092206415308e-05, 0.0006047456535514381, 0.00022482190323132453, 0.00042493853204629475, 0.00023531597988404003, 0.004735228641264346, 0.004905409097164041]",445828.37936727,0.0014048146395277653,"[0.8835907362777086, 0.9697274784565939, 0.9257080109821968, 0.9256823592491201, 0.9503172741764842, 0.9919224067380789, 0.9805197438580725, 5.586913082203963e+27]","[1.7073256154206873, 10.542277442335255, 0.7883672906979736, 0.48897864138618263, 0.7432462495443188, 0.7472984636715243, 1.0082995343028294, 1.3105266000072404e+18]",6.983641352754954e+26,1.6381582500090506e+17,"[56730.68490461517, 3797.104172587959, 23090.71105501013, 15201.327526897718, 3223.0330298234826, 632.034672266133, 127.997139180683, 7.368655533396374]","[0.0021171805859707235, 0.00352926048245626, 0.045324717055831854, 0.038078565867356716, 0.003928945712009055, 0.0019225492640079884, 0.003535108231609591, 0.030896736006363563]",12851.282644489334,0.01616663290070072,0.0,orcd,30.072855937,/home/txenakis/projects/BVPsolver/logs/array_20391846_211.err,default,stiff,816,0,/home/txenakis/projects/BVPsolver/logs/array_20391846_211.out,none,derivmatch,hires,fast,15,exact,0.0,1000,0.0,0.0,2026-08-13T23:00:57.343,none,30.072855937,1,2,10000,16,150,False,qr,,,,
run_wRy9pujl,,,,,,,,,,,,,0.0,orcd,0.0,/home/txenakis/projects/BVPsolver/logs/array_20140853_290.err,default,GELU-scaled,177,0,/home/txenakis/projects/BVPsolver/logs/array_20140853_290.out,none,none,vanderpol,fast,11,,3707.271332228,1000,0.0,0.0,2026-08-11T04:13:38.546,shapovalova,3707.271332228,1,2,10000,12,150,True,,,,,
run_wSJNK0DQ,,,,,,,,,,,,,0.0,orcd,0.0,/home/txenakis/projects/BVPsolver/logs/array_20198490_422.err,default,stiff,486,0,/home/txenakis/projects/BVPsolver/logs/array_20198490_422.out,none,none,orego,fast,13,,0.0,1000,2088.077357328,0.0,2026-08-11T11:30:26.165,shooting,2088.077357328,1,2,10000,16,150,False,,,,,
run_wT0U2Qkf,,,,,,,,,,,,,0.0,orcd,24.263367151,/home/txenakis/projects/BVPsolver/logs/array_20140853_158.err,default,mlp,243,0,/home/txenakis/projects/BVPsolver/logs/array_20140853_158.out,none,derivmatch,rober,fast,14,,2316.279609387,1000,0.0,0.0,2026-08-11T02:40:28.157,shapovalova,2340.542976538,1,2,10000,12,150,False,,,,,
run_wZVFYaTy,"[172464554.46646744, 2.8032104380795253e+19, 534564594.2614121]","[248.34060938486837, 14.038504947484665, 745.5290300784093]",9.344034793834095e+18,335.9693814702541,"[0.9996715100914441, 97428123.15562312, 5.1072663202955096e+29]","[0.999629679507336, 2.34785902446496, 6.616275309636954e+28]",1.70242210676517e+29,2.2054251032123177e+28,"[4037.7657353252366, 2239254.6832979843, 101.03189198911556]","[6.013169087972997, 2536432.025281775, 334.4683814543995]",747797.8269750996,845590.8356107724,0.0,orcd,0.0,/home/txenakis/projects/BVPsolver/logs/array_20391846_80.err,default,mlp,243,0,/home/txenakis/projects/BVPsolver/logs/array_20391846_80.out,none,none,rober,fast,13,exact,0.0,1000,1052.928283273,0.0,2026-08-13T22:41:43.706,shooting,1052.928283273,1,2,10000,12,150,False,,,,,
run_watgBnWQ,,,,,,,,,,,,,2645.829839581,orcd,0.0,/home/txenakis/projects/BVPsolver/logs/array_20140853_97.err,default,GELU-scaled,650,0,/home/txenakis/projects/BVPsolver/logs/array_20140853_97.out,none,none,pollu,fast,13,,0.0,1000,0.0,0.0,2026-08-11T02:15:01.511,collocation,2645.829839581,1,3,30000,32,150,False,,,,,
run_wty8KfkH,,,,,,,,,,,,,0.0,orcd,26.522376369,/home/txenakis/projects/BVPsolver/logs/array_20198490_409.err,default,GELU-scaled,243,0,/home/txenakis/projects/BVPsolver/logs/array_20198490_409.out,none,derivmatch,hires,fast,15,,0.0,1000,0.0,0.0,2026-08-11T10:46:30.588,none,26.522376369,1,2,10000,16,150,False,qr,,,,
run_wumzkWuO,,,,,,,,,,,,,0.0,orcd,29.166894431,/home/txenakis/projects/BVPsolver/logs/array_20140853_77.err,default,GELU-scaled,650,0,/home/txenakis/projects/BVPsolver/logs/array_20140853_77.out,none,derivmatch,pollu,fast,13,,0.0,1000,8987.077109746,0.0,2026-08-11T02:45:32.097,shooting,9016.244004177,1,3,30000,32,150,False,,,,,
run_wzF67kNl,,,,,,,,,,,,,13.865085546,orcd,26.978439746,/home/txenakis/projects/BVPsolver/logs/array_20140853_207.err,default,GELU-scaled,188,0,/home/txenakis/projects/BVPsolver/logs/array_20140853_207.out,none,derivmatch,rober,fast,13,,0.0,1000,0.0,0.0,2026-08-11T02:22:30.387,collocation,40.843525291999995,1,2,10000,12,150,False,,,,,
run_wzP0tWAQ,,,,,,,,,,,,,0.0,orcd,24.249958857,/home/txenakis/projects/BVPsolver/logs/array_20140853_159.err,default,mlp,243,0,/home/txenakis/projects/BVPsolver/logs/array_20140853_159.out,none,derivmatch,rober,fast,15,,2578.440482394,1000,0.0,0.0,2026-08-11T02:44:49.750,shapovalova,2602.690441251,1,2,10000,12,150,False,,,,,
run_wzYoChDq,,,,,,,,,,,,,0.0,orcd,29.453610682,/home/txenakis/projects/BVPsolver/logs/array_heavy_20252509_65.err,default,stiff,268,0,/home/txenakis/projects/BVPsolver/logs/array_heavy_20252509_65.out,none,derivmatch,vanderpol,fast,11,,5201.488488161,1000,0.0,0.0,2026-08-12T10:03:25.104,shapovalova,5230.942098842999,1,2,10000,12,150,True,,,,,
run_wzbzZEnT,"[72280320.37207489, 43825637761.10887, 250486838.435806, 13746262.636684062, 7685.319018572169, 86673.79608327271, 8594.270640640343, 2551.7429791917916]","[0.15088798159678643, 0.13424441886424518, 0.1370746627807893, 0.012757787672838587, 0.45340167721025915, 0.017996358386063085, 0.3422705578140119, 0.39082659453751156]",5520282085.960269,0.20493250485781314,"[0.4323568134548589, 0.3206646989709789, 0.6323187909773618, 0.749920828012964, 0.7301844301517476, 0.23299430389240178, 0.02313573541185614, 7.762335382571864e+29]","[0.9546637260383669, 0.38204712930273166, 0.8586373457747724, 0.7382291659385858, 0.7199891542913376, 0.21627087921176227, 0.9366230857118522, 1.2564350128506074e+18]",9.70291922821483e+28,1.5705437660632592e+17,"[40.16538647922273, 6.436411850679884, 70.00729939154341, 142.1582218503563, 15444.745095439648, 47443.45851948228, 21.853666155400525, 1.1935157967853838]","[0.001067916666690221, 0.03148255735297674, 0.009740610148137476, 0.007963992293043913, 0.02325497505938788, 0.021669140055511626, 0.02350191367791259, 0.026163753785460295]",7896.252264555739,0.018105607379890094,0.0,orcd,23.062823682,/home/txenakis/projects/BVPsolver/logs/array_20391846_229.err,default,mlp,552,0,/home/txenakis/projects/BVPsolver/logs/array_20391846_229.out,none,derivmatch,hires,fast,14,exact,0.0,1000,1445.180267057,0.0,2026-08-13T23:33:56.693,shooting,1468.243090739,1,2,10000,16,150,False,qr,,,,
run_x4BRF8Jr,"[0.1859953032622355, 0.059132343877964205, 26885.01186052116, 0.3607263334132674, 29.608601528731768, 15.93078767778147, 0.0371609043199784, 0.06544264785203581, 0.08769792812301375, 12.390402707727427, 0.8974040515123997, 0.09188790327046314, 5.671060431994934, 0.10135757340742646, 0.010731288274478874, 2194456264.9655194, 0.08942441612424515, 0.08777567649605801, 0.004358187910958092, 0.007948670594206036]","[1.1421798607869162e-05, 1.1529358001831075e-05, 0.9957509717212741, 1.266207659694537e-05, 3.4420566081695366e-05, 0.0001932688231280102, 6.398385828323286e-05, 6.626253175751273e-05, 9.517225515430512e-05, 0.0004595468319056708, 0.00028133809936773963, 0.00010823867132644481, 0.0003026989278915918, 0.00015420349357220936, 6.12461107605465e-05, 0.9999999549767024, 9.187289109080229e-05, 9.362925483573369e-05, 0.0011114579098228305, 0.0007746421927018857]",109724160.7832638,0.09998392611744317,"[0.9999999991247153, 0.9999998191516174, 0.9997504507275492, 0.9998238399564457, 0.9997395430749785, 0.9997831603321417, 0.9994339444884914, 0.9830921155993263, 0.9949107005760739, 0.9615266854254741, 0.6432077988046411, 0.41191575123547103, 0.08985183189732002, 0.18509240664881352, 6.478142714921004, 573.1037182725908, 7.01493156004e+303, 5.5471985606619635e+302, 1.1424193686909086e+302, 9.984824676274015e+298]","[0.9999999979729016, 0.9999711312215896, 0.9752798343890915, 0.9932348151431437, 0.9944109335796745, 0.9917573472374658, 0.9857911560311605, 0.8039030897045536, 0.7646255186227818, 0.6207541946102929, 0.7218340905993098, 33.66245361374968, 6.349692595612269, 2.9757317617588397, 28.052061801331146, 27933.821823328304, 1.432506343960044e+304, 6.622960262201864e+303, 4.7832997374910974e+302, 1.7347865542945493e+300]",3.841996600611025e+302,1.0714044231052855e+303,"[0.0019564451746702798, 0.00043896083164094525, 0.008756142015153, 0.0011155896907956756, 0.002527507191735586, 0.007154671232837064, 0.00036469002743441274, 3.202932576147538e-05, 0.0007843132341241084, 0.006421119556630502, 0.0023744972845780947, 0.004007322117544335, 0.024861987004176175, 0.0007874819353902265, 0.000688115049898573, 0.025383621536452926, 0.00018982655825760232, 0.0040858130556171894, 0.0005613565586868765, 0.00048779414758178447]","[0.0003856040913299974, 6.340769554447187e-06, 0.0007913517996213147, 1.749749908666795e-05, 0.0014538456289052222, 0.001183240290308037, 5.100911768315024e-08, 7.43023920961272e-09, 9.770961799280838e-08, 0.0011873039280613131, 0.0010766446623969035, 3.6501761156085265e-05, 6.0283602501336506e-05, 0.00016632924954779042, 1.0101398258079935e-05, 0.058032104960314246, 1.726541174994387e-08, 2.6604052578545926e-05, 0.0010781881695194314, 5.22431566053792e-05]",0.0046489641764483405,0.003278217921706572,0.0,orcd,43.480853057,/home/txenakis/projects/BVPsolver/logs/array_20391846_1.err,default,stiff,4744,0,/home/txenakis/projects/BVPsolver/logs/array_20391846_1.out,none,derivmatch,pollu,fast,12,exact,0.0,1000,0.0,0.0,2026-08-13T22:11:00.015,none,43.480853057,1,3,30000,32,150,False,,,,,
run_xNinGBv3,,,,,,,,,,,,,0.0,orcd,26.071222952,/home/txenakis/projects/BVPsolver/logs/array_20198490_391.err,default,GELU-scaled,243,0,/home/txenakis/projects/BVPsolver/logs/array_20198490_391.out,none,derivmatch,hires,fast,12,,0.0,1000,876.43697428,0.0,2026-08-11T10:38:59.427,shooting,902.5081972319999,1,2,10000,16,150,False,qr,,,,
run_xOnlVzcy,"[0.0033884039322344558, 0.00029061178185910765, 6.703317628543444e-05]","[0.0029893224911192906, 9.757262944877195e-05, 8.865165914303056e-05]",0.0012486829634596659,0.001058515593237031,"[0.9982676885817314, 0.9875977244967462, 0.6076562218542261]","[0.9951264005370578, 0.9022110881378924, 0.9297019080316481]",0.8645072116442346,0.9423464655688661,"[1.0003239810575244, 0.9936310013859404, 1.0012557157754824]","[1.0699007558519726, 9.508441827915792, 0.7501305304749208]",0.9984035660729824,3.7761577047475616,63.361859219,orcd,29.962564491,/home/txenakis/projects/BVPsolver/logs/array_20391846_291.err,default,stiff,486,0,/home/txenakis/projects/BVPsolver/logs/array_20391846_291.out,none,derivmatch,orego,fast,14,exact,0.0,1000,0.0,0.0,2026-08-13T23:44:02.542,collocation,93.32442371,1,2,10000,16,150,False,,,,,
run_xUws1mxv,"[1.179015887212992, 0.5761925580079612, 0.9663021800237279]","[0.9954263764342935, 0.6428889247419075, 0.9654529537963897]",0.9071702084148937,0.8679227516575302,"[0.9999750546968036, 1.0070740437636394, 0.9986522694300493]","[0.9999916046075493, 0.9998500001377766, 0.9999712891430695]",1.0019004559634974,0.9999376312961318,"[1716.1265621584837, 1.3044765816072763, 106.61341364082297]","[3.2515967444337233, 1.0454329038836765, 0.905211441987952]",608.0148174603047,1.7340803634351172,0.0,orcd,27.051339762,/home/txenakis/projects/BVPsolver/logs/array_20391846_326.err,default,GELU-scaled,188,0,/home/txenakis/projects/BVPsolver/logs/array_20391846_326.out,none,derivmatch,orego,fast,11,exact,0.0,1000,0.0,0.0,2026-08-13T23:54:24.929,none,27.051339762,1,2,10000,16,150,False,,,,,
run_xdfrmgUi,"[12582.750010127644, 2774919316.8146706]","[0.0005969105752361919, 2.093273226217941e-05]",1387465949.7823403,0.0003089216537491856,"[13.694015173856512, 1.2036978659123562e-05]","[2.497690770091422, 0.3407196437371003]",6.847013605417585,1.419205206914261,"[4031.4292065207055, 2357.8841454000963]","[6.974615197173112e-09, 2.1332896570750907e-08]",3194.656675960401,1.4153755883962009e-08,139.124356432,orcd,31.419413138,/home/txenakis/projects/BVPsolver/logs/array_20391846_388.err,default,mlp,218,0,/home/txenakis/projects/BVPsolver/logs/array_20391846_388.out,none,derivmatch,davis-skodje,fast,13,exact,0.0,1000,0.0,0.0,2026-08-14T00:19:03.993,collocation,170.54376957000002,3,2,10000,12,150,False,,,,,
run_xeoH6VpK,,,,,,,,,,,,,0.0,orcd,37.842874127,/home/txenakis/projects/BVPsolver/logs/array_20140853_110.err,default,stiff,318,0,/home/txenakis/projects/BVPsolver/logs/array_20140853_110.out,none,derivmatch,rober,fast,11,,0.0,1000,562.148586981,0.0,2026-08-11T01:52:33.134,shooting,599.991461108,1,2,10000,12,150,False,,,,,
run_xhR5FDLw,,,,,,,,,,,,,0.0,orcd,25.189782534,/home/txenakis/projects/BVPsolver/logs/array_heavy_20252509_105.err,default,mlp,552,0,/home/txenakis/projects/BVPsolver/logs/array_heavy_20252509_105.out,none,derivmatch,hires,fast,11,exact,13.166499444,1000,0.0,0.0,2026-08-12T13:25:56.750,shapovalova,38.356281978,1,2,10000,16,150,False,qr,,,,
run_xlEY86cm,,,,,,,,,,,,,0.0,orcd,33.278470497,/home/txenakis/projects/BVPsolver/logs/array_20198490_547.err,default,stiff,268,0,/home/txenakis/projects/BVPsolver/logs/array_20198490_547.out,none,derivmatch,davis-skodje,fast,13,,0.0,1000,0.0,0.0,2026-08-11T13:45:28.547,none,33.278470497,3,2,10000,12,150,False,,,,,
run_xmLCghDv,,,,,,,,,,,,,0.0,orcd,22.977154236,/home/txenakis/projects/BVPsolver/logs/array_20140853_269.err,default,mlp,218,0,/home/txenakis/projects/BVPsolver/logs/array_20140853_269.out,none,derivmatch,vanderpol,fast,15,,0.0,1000,0.0,0.0,2026-08-11T03:01:51.112,none,22.977154236,1,2,10000,12,150,True,,,,,
run_xnb55jRj,"[0.07322598717291438, 12.063258796790903]","[0.009837792863520049, 0.03106946874848642]",6.068242391981909,0.020453630806003237,"[0.014917162903346682, 0.2956767834253133]","[0.023572856068327635, 0.28218590699729984]",0.15529697316432997,0.15287938153281375,"[2.655830439742508, 1.1489352008887164]","[1.8736896632759041, 0.9996393545513054]",1.9023828203156121,1.4366645089136048,0.0,orcd,30.113823497,/home/txenakis/projects/BVPsolver/logs/array_20391846_137.err,default,stiff,268,0,/home/txenakis/projects/BVPsolver/logs/array_20391846_137.out,none,derivmatch,vanderpol,fast,11,exact,0.0,1000,0.0,0.0,2026-08-13T22:42:11.509,none,30.113823497,1,2,10000,12,150,True,,,,,
run_xouvkZR6,"[0.0003815390882967732, 3.7004905745568076e-06, 3.8200170510885273e-07]","[0.00043693009179591693, 7.496410160542914e-07, 5.462353429602698e-06]",0.00012854052685881296,0.0001477140287471913,"[0.9983400140285276, 0.9822762899014688, 0.6494617814680718]","[0.9954364612902171, 0.8039720476803651, 7.157157606164443]",0.8766926951326893,2.985522038378342,"[0.9963664718216502, 1.5473317849731536, 0.9259015556126948]","[0.0151027075267377, 0.15920821591042233, 0.0005097476444798433]",1.1565332708024993,0.05827355702721329,63.251657047,orcd,29.29451655,/home/txenakis/projects/BVPsolver/logs/array_20391846_289.err,default,stiff,486,0,/home/txenakis/projects/BVPsolver/logs/array_20391846_289.out,none,derivmatch,orego,fast,12,exact,0.0,1000,0.0,0.0,2026-08-13T23:44:00.509,collocation,92.546173597,1,2,10000,16,150,False,,,,,
run_xq5bC751,"[9259.691069515062, 2818.5489351312613, 8041.488617144059, 277198.8194136293, 22488492.025035877, 48738677.38849665, 6.999512407932059, 7.284619865993698, 20.921426962459616, 50133486.05195152, 48397441.55304432, 17.41534630443798, 1006.7994359013303, 2256.9678018200448, 0.08188682379946366, 110012.83165225608, 12.378104652689526, 11.271428282947475, 2645.246326541641, 31.90417467979816]","[0.007034242541970564, 0.0070075055444542, 0.9999953704965495, 0.005772834895900717, 0.33051442179198853, 0.6961881673181186, 1.6084662604966082, 0.017555773741833456, 35.64036257108652, 2.168409970320634, 1.7608652827896638, 1.528321413572853, 21.303987801022835, 0.2979533565122296, 172.06709899836602, 1.000000000002366, 19.607367373764863, 14.100869511375304, 1.71975753983174, 0.4469798004797937]",8508572.283414016,13.76572540979761,"[0.9999999999843904, 0.9999999886040992, 0.9998441114615364, 0.9999892560462968, 0.9999922218136063, 0.9999893469512209, 0.9999984753655979, 0.999995584860788, 0.9999981273984059, 0.9999999959132035, 0.9999999999989844, 0.9999999999996353, 0.9999999999996696, 0.9999999999996605, 0.9999999999997417, 0.999999999999057, 1.5995302101974317e+276, 5.234888019680271e+274, 6.100750674838413e+273, 2.9443900642364146e+261]","[0.999999999963168, 0.999999861235084, 0.9998487358856388, 0.9999085114073802, 0.9999638105885188, 0.9999813013581575, 0.9999800586036195, 0.9999926218841638, 0.9999955013366225, 0.9999998251201068, 0.999999999999982, 0.9999999999999223, 0.9999999999998984, 0.9999999999999395, 0.9999999999999162, 0.999999999998991, 1.3530793637866502e+275, 5.292708916872047e+274, 4.0680338084926525e+273, 1.8830528111898993e+258]",8.28989920534538e+274,9.615152967793907e+273,"[77219816709.65828, 66710753538.32145, 164281595622.5988, 170685033956144.1, 176788176756455.22, 851231198041930.0, 3687942957.5394564, 228314810.1783268, 2077923.515779062, 1650711856520845.5, 1185994659940366.0, 29437743507.97404, 241487259904.59683, 11494645331824.22, 4507268.297962772, 15875901826635.977, 36637822.28797821, 19114521714.504375, 51904407612769.055, 5597556.668884457]","[0.006011324924470492, 6.410001023061245e-05, 0.00700943392454146, 0.0008350175709261442, 0.05065023621259002, 0.0867138624116551, 2.0264597166703068e-05, 2.48960178837652e-06, 1.5049751757018743e-05, 0.10261390450254487, 0.06093590704716186, 0.01057083198057626, 0.03917494490349261, 0.011378753313669259, 0.0003391382124583585, 1.8309484747578775, 3.932766152532671e-06, 0.007328759465056129, 0.13373887858499572, 0.07668962634058155]",205764404837815.3,0.12125224654398463,3376.530928437,orcd,0.0,/home/txenakis/projects/BVPsolver/logs/array_20391846_46.err,default,GELU-scaled,650,0,/home/txenakis/projects/BVPsolver/logs/array_20391846_46.out,none,none,pollu,fast,14,exact,0.0,1000,0.0,0.0,2026-08-13T23:08:17.044,collocation,3376.530928437,1,3,30000,32,150,False,,,,,
run_xskaaKrJ,,,,,,,,,,,,,9233.955597098,orcd,49.015576823,/home/txenakis/projects/BVPsolver/logs/array_20140853_32.err,default,stiff,4744,0,/home/txenakis/projects/BVPsolver/logs/array_20140853_32.out,none,derivmatch,pollu,fast,13,,0.0,1000,0.0,0.0,2026-08-11T01:21:53.207,collocation,9282.971173921,1,3,30000,32,150,False,,,,,
run_xtfL5l2T,"[15.715896633015591, 6.814688863368531]","[0.9778432428462277, 1.000005603343657]",11.26529274819206,0.9889244230949423,"[0.996798869125568, 0.9580335628576526]","[0.9980396997226857, 0.9997401883349015]",0.9774162159916103,0.9988899440287936,"[5020.90635174051, 22574122.65553941]","[714.2299081197654, 3.564369771670393]",11289571.780945575,358.89713894571787,30.724822191,orcd,0.0,/home/txenakis/projects/BVPsolver/logs/array_20391846_165.err,default,mlp,218,0,/home/txenakis/projects/BVPsolver/logs/array_20391846_165.out,none,none,vanderpol,fast,12,exact,0.0,1000,0.0,0.0,2026-08-13T22:49:37.725,collocation,30.724822191,1,2,10000,12,150,True,,,,,
run_xwOxsBCb,"[1347.0296212707642, 14518830.097014645]","[3.210402087557705e-07, 1.7246288975075566e-07]",7260088.563317958,2.467515492532631e-07,"[0.7527335702921885, 7.939848144373248e-05]","[0.43029364915815976, 0.04478928400110235]",0.3764064843868161,0.23754146657963104,"[8198753.494254592, 8219821813922.791]","[7.009847753523386e-09, 0.0008384935822079074]",4109915006338.1426,0.0004192502960278304,0.0,orcd,29.277263269,/home/txenakis/projects/BVPsolver/logs/array_20391846_353.err,default,stiff,268,0,/home/txenakis/projects/BVPsolver/logs/array_20391846_353.out,none,derivmatch,davis-skodje,fast,13,exact,0.0,1000,0.0,0.0,2026-08-14T00:09:54.109,none,29.277263269,3,2,10000,12,150,False,,,,,
run_xyBzvk04,"[0.19393021637805188, 0.7231222575515786, 1.1505786230869686, 10.262082228313282, 0.976785648825569, 7.233646425881194, 0.44731543013448855, 2.5766350363786734, 1.1787650284032996, 5.389920922464031, 17.658714767753168, 0.7478292443659312, 5.577066141050235, 1.7458119541327275, 2.145838806529458, 20.945960870319336, 0.571173123615429, 0.9591286516504248, 1.4860883455305582, 1.287518537900795]","[0.9977387818954224, 0.99956872477113, 1.0000000002846732, 1.001292570347967, 1.000000367147062, 0.9999625192072369, 0.7696769577619705, 1.5549270315390233, 1.037875293338716, 1.0000930630978078, 0.99992763582901, 0.9407206701656409, 1.347185896443451, 0.9993176436056095, 2.145725439584201, 0.9999999999999973, 0.8699709820989818, 0.9848493551565823, 1.0015324716706933, 1.023905598939892]",4.16289561301326,1.0837135501442534,"[1.0, 0.9999999999975998, 0.9999999945098833, 0.9999999934911614, 0.9999999886175615, 0.9999999982114594, 0.9999999919440056, 0.999999963458048, 0.9999999864617009, 0.9999999978361878, 1.0, 1.0, 1.0, 1.0, 1.0, 1.0, 2.2190720846955193e+263, 4.067927087627245e+261, 2.658906607034254e+260, 2.1272936685162947e+251]","[1.0, 0.9999999999976557, 0.9999999957180844, 0.9999999949012734, 0.9999999927136306, 0.9999999971563319, 0.9999999863535967, 0.9999999774738035, 0.9999999907345795, 0.999999998745548, 1.0, 1.0, 1.0, 1.0, 1.0, 1.0, 2.0267198092591562e+263, 1.7451030465534633e+261, 1.408237941558621e+260, 7.181599282560064e+248]",1.1312051310904766e+262,1.0227895388331283e+262,"[0.4581235802891895, 0.33120110219532634, 1.0395020609515362, 46.225193662116816, 1.0212155780757421, 0.07908845265188247, 0.10214481589750292, 0.019644253473604253, 0.23943697739682906, 6.7030792675416135, 0.515237907890444, 0.8453680578925529, 1.746598051413826, 0.5615935401752845, 1.973624534023036, 5.140842979151456, 0.032052213843947415, 0.9620368161094977, 1.3219936143359368, 1.258064459793003]","[0.8621107598600286, 0.020599102949368373, 1.0090045773326026, 0.5716932106756986, 1.000700698958696, 0.9770225460405327, 0.0016048853585137611, 0.0005760128726937608, 0.0035947083466920144, 1.0628145984069413, 0.9607497648161339, 0.8815506485121134, 1.4052058886078314, 0.9770910203987669, 1.8873270045794488, 0.9985707729429363, 0.0007123069785323836, 0.9699620483139548, 1.1667102118099968, 1.2029872834692916]",3.5288020962609514,0.7980294025615386,2902.977739762,orcd,0.0,/home/txenakis/projects/BVPsolver/logs/array_20391846_45.err,default,GELU-scaled,650,0,/home/txenakis/projects/BVPsolver/logs/array_20391846_45.out,none,none,pollu,fast,13,exact,0.0,1000,0.0,0.0,2026-08-13T23:00:01.405,collocation,2902.977739762,1,3,30000,32,150,False,,,,,
run_xyLzAKEQ,"[0.7531616644364088, 1.0993246648472959]","[0.503745707866898, 1.0038780100754483]",0.9262431646418523,0.7538118589711731,"[0.9967488805645649, 0.9977761671510312]","[0.9932409060309634, 0.9999908481188605]",0.9972625238577981,0.996615877074912,"[2.158007119921589, 1447.6004011639586]","[1.1056085678890726, 1.0019732044761231]",724.8792041419401,1.0537908861825978,49.783773787,orcd,0.0,/home/txenakis/projects/BVPsolver/logs/array_20391846_190.err,default,GELU-scaled,177,0,/home/txenakis/projects/BVPsolver/logs/array_20391846_190.out,none,none,vanderpol,fast,13,exact,0.0,1000,0.0,0.0,2026-08-13T22:57:31.843,collocation,49.783773787,1,2,10000,12,150,True,,,,,
run_xyof9jrm,"[0.27075106013296246, 1.0024122278913061, 1.0048502157945012]","[1.0104747603343145, 0.999722379966135, 0.9959599667535686]",0.7593378346062566,1.002052369018006,"[0.999997459440748, 0.9986529715873972, 0.9322157401056227]","[0.9999940278607613, 0.9990904733103156, 0.9931414122937945]",0.9769553903779227,0.9974086378216237,"[1.0199065234819533, 0.7571194231745886, 0.9826783433653689]","[0.9150817030496552, 0.923958547132839, 0.9889917741455557]",0.9199014300073035,0.9426773414426832,67.234316301,orcd,0.0,/home/txenakis/projects/BVPsolver/logs/array_20391846_283.err,default,stiff,486,0,/home/txenakis/projects/BVPsolver/logs/array_20391846_283.out,none,none,orego,fast,11,exact,0.0,1000,0.0,0.0,2026-08-13T23:41:50.326,collocation,67.234316301,1,2,10000,16,150,False,,,,,
run_y1xWOPrB,,,,,,,,,,,,,745.250523759,orcd,28.564229173,/home/txenakis/projects/BVPsolver/logs/array_20140853_101.err,default,GELU-scaled,650,0,/home/txenakis/projects/BVPsolver/logs/array_20140853_101.out,none,derivmatch,pollu,fast,12,,0.0,1000,0.0,0.0,2026-08-11T01:55:23.540,collocation,773.8147529319999,1,3,30000,32,150,False,,,,,
run_y32mGDDy,,,,,,,,,,,,,0.0,orcd,28.48603851,/home/txenakis/projects/BVPsolver/logs/array_heavy_20252509_148.err,default,GELU-scaled,188,0,/home/txenakis/projects/BVPsolver/logs/array_heavy_20252509_148.out,none,derivmatch,orego,fast,14,exact,7.877460474,1000,0.0,0.0,2026-08-12T13:35:18.331,shapovalova,36.363498984,1,2,10000,16,150,False,,,,,
run_y4h7MIzC,,,,,,,,,,,,,0.0,orcd,23.938902337,/home/txenakis/projects/BVPsolver/logs/array_heavy_20252509_107.err,default,mlp,552,0,/home/txenakis/projects/BVPsolver/logs/array_heavy_20252509_107.out,none,derivmatch,hires,fast,13,exact,12.449116432,1000,0.0,0.0,2026-08-12T13:25:46.729,shapovalova,36.388018769,1,2,10000,16,150,False,qr,,,,
run_y83GM7Sd,,,,,,,,,,,,,0.0,orcd,34.569433128,/home/txenakis/projects/BVPsolver/logs/array_20198490_405.err,default,GELU-scaled,243,0,/home/txenakis/projects/BVPsolver/logs/array_20198490_405.out,none,derivmatch,hires,fast,11,,0.0,1000,0.0,0.0,2026-08-11T10:45:01.194,none,34.569433128,1,2,10000,16,150,False,qr,,,,
run_yGa9BnMn,"[1180916.8510516952, 264411.3155654093, 10114.77182616502, 42449.51883988362, 6.911272532770245, 219.09534191773005, 0.966847750202823, 1.1398598507637787]","[0.9988406372290431, 1.0001150245822625, 1.0010325464699665, 1.000841255439338, 0.9974542464548463, 1.0098061434576246, 1.0013262272237315, 0.99908596079606]",187265.07132565058,1.0010627552066091,"[0.9999927935373103, 0.999996799873648, 0.9999997385256842, 0.9999999774930604, 0.9999999999874342, 1.0, 1.0, 0.9999913867654181]","[0.9999996486385375, 0.9999977208655795, 0.9999999169447685, 0.9999999734180256, 0.9999999999896577, 1.0, 1.0, 0.9999999999937774]",0.9999975870228195,0.9999996574812933,"[755981.8375026999, 105493.55460152194, 22841.81706540298, 19078.81921957894, 1130.7673141085472, 89163.78125669547, 20.050963766899297, 0.10673300797405982]","[0.9694271454445168, 1.0148579019800512, 1.034849955329758, 1.0211426404635333, 0.9776084446211836, 1.1384272541701899, 1.1503838703400013, 0.9571782704221592]",124213.84183209784,1.0329844353464241,49.11175273,orcd,0.0,/home/txenakis/projects/BVPsolver/logs/array_20391846_262.err,default,GELU-scaled,243,0,/home/txenakis/projects/BVPsolver/logs/array_20391846_262.out,none,none,hires,fast,12,exact,0.0,1000,0.0,0.0,2026-08-13T23:37:23.055,collocation,49.11175273,1,2,10000,16,150,False,qr,,,,
run_yJeoHZkO,,,,,,,,,,,,,5057.77509969,orcd,38.862757056,/home/txenakis/projects/BVPsolver/logs/array_20140853_67.err,default,mlp,3444,0,/home/txenakis/projects/BVPsolver/logs/array_20140853_67.out,none,derivmatch,pollu,fast,13,,0.0,1000,0.0,0.0,2026-08-11T00:17:54.022,collocation,5096.637856746001,1,3,30000,32,150,False,,,,,
run_yLQYoWFf,"[3.004066662537775, 1.1051894031129237, 16.100163936579033, 126.64248346107482, 726.8248450682486, 101.59304873218, 0.3789685234272358, 0.47363478324282177, 2.8614168129768, 95.62957979555918, 22.670614794335712, 1.699078398966643, 100.42925188984445, 49.60737273100943, 0.1640669486367431, 83739.34115417855, 1.2322488784075438, 0.8611331871678668, 4.035514337173186, 0.3046306865066529]","[0.0029274541326632965, 0.002356897301050431, 0.9999934458710575, 0.006118963543927701, 0.764186752389776, 0.548165527670018, 0.007239404025126693, 0.009496702132520261, 0.05844518142427894, 0.5098890747643169, 0.7129345039498997, 0.235220293075677, 0.11730251972959974, 0.21060673781033773, 0.014186049516268654, 0.9999999999815083, 0.5338352511157743, 1.0298697833626722, 0.2049696510173821, 0.2816048218571653]",4249.747923160476,0.3624674507335511,"[0.9999999999995761, 0.9999999996188332, 0.9999998967547624, 1.0, 1.0, 1.0, 1.0, 1.0, 1.0, 1.0, 1.0, 1.0, 1.0, 1.0, 1.0, 0.9999999999999997, 1.5218219293703402e+269, 3.709650105762983e+268, 7.65044924420532e+267, 1.0142006613002031e+255]","[0.9999999999946542, 0.9999999968030177, 0.9999981191945584, 0.9999996491055256, 0.9999998378478252, 0.9999998771574299, 0.999999960763099, 0.9999993420868909, 0.9999999647961221, 0.9999999996205763, 0.9999999999999992, 0.9999999999999996, 0.9999999999999997, 0.9999999999999997, 0.9999999999999989, 0.9999999999999951, 8.609428331695212e+271, 3.1524431306228718e+271, 6.758497611478434e+270, 1.7183152032472812e+258]",9.84645716194351e+267,6.218860611733049e+270,"[0.0047410103889599315, 0.004396110960720679, 0.03786454138396521, 1.238360399764368, 83.8902987036817, 79.7996440937255, 0.006029687905240651, 0.0004770109275951929, 0.08438653745928182, 59.824634909730925, 14.200275059024488, 0.26723409848376317, 1.4954913845479814, 3.8692774513775485, 0.0415252096819452, 23757.343935204346, 0.009263292751040143, 0.15156485575404205, 0.09447025784539696, 0.26749866390524146]","[0.0013915122811923631, 0.000126155175683431, 0.011419031634384194, 0.004508089363786093, 0.9826754800185683, 1.220447651046524, 6.14910666214047e-06, 1.2741270448269846e-06, 0.00018990384975414146, 1.1192344102545706, 1.409661473890171, 0.04222332214323695, 0.11610272871082239, 0.04887036218183937, 0.00910093537448455, 15.141882372985616, 3.034839500361712e-05, 0.02727306260089159, 0.06561371547604564, 0.14759465832820962]",1200.1315684241824,1.0174176318472246,0.0,orcd,29.306047925,/home/txenakis/projects/BVPsolver/logs/array_20391846_41.err,default,GELU-scaled,650,0,/home/txenakis/projects/BVPsolver/logs/array_20391846_41.out,none,derivmatch,pollu,fast,14,exact,0.0,1000,0.0,0.0,2026-08-13T22:11:32.987,none,29.306047925,1,3,30000,32,150,False,,,,,
run_yNOQxArQ,"[6.2842113723155, 1.8939881276383925, 112783606066.2978, 154.65154462864763, 247131179.6531027, 382957983.2704886, 6.870155556770468e-05, 1.3290903154221798e-05, 0.013956011815255872, 40208945.545757785, 45060680.424024515, 0.04550926070416914, 18.556335945474174, 16.221355525812513, 0.0001089025122490057, 2.8302443631298966e+27, 0.1657314186722191, 0.0006084570387408413, 1809.1282015181534, 1.2573869543108034]","[3.743512304787901e-08, 4.542201275508745e-08, 0.9977732380305508, 3.996178875578108e-07, 0.0028474194238091153, 0.01365708522143273, 0.0003857000389047438, 0.00037596817936142807, 2.297578692438879e-05, 0.048550197596891664, 0.06142407363316634, 3.860735189803387e-05, 0.01410909036918882, 0.00012961243053524011, 7.928251802894014e-06, 1.113862625602178, 0.00042130074891677223, 0.00013593005279526337, 0.02683550574937081, 0.004509214680064126]",1.4151221815649483e+26,0.11425434778114074,"[0.9999999999975691, 0.9999999438688796, 0.9994229587437388, 0.9992957693261945, 0.9998389755720641, 0.9997656300180773, 0.9991525317575345, 0.9733912540342389, 0.9871263770490288, 0.9537929523146063, 0.5105533453995791, 0.18715791961143932, 0.025085615592216975, 0.5716231080659451, 16.323394892899277, 495.9309566320002, 7.21050522129109e+303, 5.535089942661905e+303, 4.430227018002921e+302, 7.581370193731148e+300]","[0.9999999994069062, 0.9999995434974511, 0.9978989406438588, 0.9983214368712507, 0.9986143361898357, 0.9954857565612997, 0.9918989274400616, 0.7030425568869239, 0.3179777940692076, 9.975608550830163, 16.575474638735667, 1013.1576747559193, 9015.714610727538, 21336.778462338298, 203853.49277595978, 252477047.24017856, inf, inf, 7.958116096809702e+306, 2.3905780703402142e+306]",6.5980996179735105e+302,inf,"[12392432.85225119, 2685870.2545716483, 8.90280921810159e+19, 1387600094.0166724, 3.7266030034106616e+16, 9.109534020970206e+16, 59986.98209752887, 6160.384057984611, 573717.3739796585, 2.8069106899985852e+16, 1.590877582421967e+17, 39692.99687159332, 161832816.4932649, 1869888575126.6824, 485348.9064886768, 2.7414665088862503e+34, 1398536.408004267, 3552514.913944888, 1927884220858.5176, 29759695.230948523]","[1128930.5937752486, 18577.90054659242, 8.170215877534431e+18, 1013884.6242264778, 275911463523262.3, 276101552506609.1, 483.1999776024853, 114.55237342112686, 4506.028895009727, 98132857186502.55, 497247734440412.25, 26442.892785727454, 47019237.96636481, 15161047509.294092, 361580.15342894045, 1.617843324316721e+31, 15372.126053827693, 1803964.395267757, 633066730228.3857, 17077618.331243806]",1.3707332544431296e+33,8.089216621587691e+29,4860.200751687,orcd,0.0,/home/txenakis/projects/BVPsolver/logs/array_20391846_22.err,default,mlp,3444,0,/home/txenakis/projects/BVPsolver/logs/array_20391846_22.out,none,none,pollu,fast,13,exact,0.0,1000,0.0,0.0,2026-08-13T23:31:15.601,collocation,4860.200751687,1,3,30000,32,150,False,,,,,
run_yU8wxo41,,,,,,,,,,,,,0.0,orcd,0.0,/home/txenakis/projects/BVPsolver/logs/array_20140853_211.err,default,stiff,268,0,/home/txenakis/projects/BVPsolver/logs/array_20140853_211.out,none,none,vanderpol,fast,12,,0.0,1000,249.062661436,0.0,2026-08-11T02:27:40.267,shooting,249.062661436,1,2,10000,12,150,True,,,,,
run_yWEJqeqT,"[976155405836.4088, 23961876362335.59, 3607987115292.6504, 129934399934.33199, 70568327.37808987, 59341511.72903425, 172709153.13852888, 3895299.458649241]","[2.0547054307344674, 0.8455012690183221, 1100.329983376403, 7.04957252323335, 15.798664147994305, 98.26147682099722, 20300.96411388027, 4280.9894229494175]",3584532474711.3354,3225.786680049758,"[0.6065067580873954, 0.5181579344663823, 0.4229309910463277, 0.31569461709679275, 0.5434191351032915, 0.03835087325746222, 3.05342958000791, 1.6420857896689382e+32]","[0.9786329228412065, 0.6305235003964113, 0.6805970516700073, 0.3020320027421165, 0.4088356877210138, 0.21297872547391805, 2.8407772360734675, 1.8478745655593242e+20]",2.0526072370861728e+31,2.3098432069491552e+19,"[663830807.8986673, 6980517224.258087, 224945090.27949774, 761873060.050272, 586644.9205473849, 421892210.7994461, 411424.1545503824, 7.98087527410645]","[27.778842337102247, 1180.7336741047475, 1771.2443899149432, 846.903559473321, 25.58077752253514, 156.34603831325373, 2920.294146406741, 179.55031501619789]",1131757058.792743,888.5539678861052,0.0,orcd,0.0,/home/txenakis/projects/BVPsolver/logs/array_20391846_224.err,default,mlp,552,0,/home/txenakis/projects/BVPsolver/logs/array_20391846_224.out,none,none,hires,fast,14,exact,0.0,1000,1777.833663016,0.0,2026-08-13T23:38:17.520,shooting,1777.833663016,1,2,10000,16,150,False,qr,,,,
run_ycBASmVJ,,,,,,,,,,,,,0.0,orcd,29.01095893,/home/txenakis/projects/BVPsolver/logs/array_heavy_20252509_95.err,default,stiff,816,0,/home/txenakis/projects/BVPsolver/logs/array_heavy_20252509_95.out,none,derivmatch,hires,fast,11,exact,19.870338277,1000,0.0,0.0,2026-08-12T13:18:33.203,shapovalova,48.881297207,1,2,10000,16,150,False,qr,,,,
run_yeiq6tfu,,,,,,,,,,,,,0.0,orcd,0.0,/home/txenakis/projects/BVPsolver/logs/array_20198490_317.err,default,stiff,816,0,/home/txenakis/projects/BVPsolver/logs/array_20198490_317.out,none,none,hires,fast,13,,0.0,1000,5788.062128007,0.0,2026-08-11T11:47:45.356,shooting,5788.062128007,1,2,10000,16,150,False,qr,,,,
run_yfggN0yG,"[0.8354517531703183, 0.35956383483364895, 26.459361081271883, 159.47680188559622, 42.005195392275695, 149.90096788902406, 2.339607760281304, 2.365930151812919, 6.112539312946673, 201.97446846827702, 184.96914267133533, 4.938858655527255, 286.85972791070554, 946.6814767661359, 0.2501621073715893, 15383.06817090064, 3.972173733755338, 4.2902107362522415, 1.0291776175042089, 1.2715842541397955]","[8.88490854291789, 1.9397039858257799, 0.9997535753547369, 4.123886049787971, 0.39815833522376454, 0.04834619522566639, 2801.9364447341127, 2799.120585273345, 3818.929763325955, 0.6602287437259888, 0.23337013982198493, 4121.781627842748, 51295.950692394355, 4.854593696954782, 2067.6590303408866, 0.9999999972027351, 3146.8040363927544, 3303.867064966713, 469.25099088802574, 1586.0691601697295]",870.4580286441429,3771.725617279534,"[0.9999999999999533, 0.9999999974175248, 0.9999626893819401, 0.9999985971984806, 0.9999983244215414, 1.0, 1.0, 1.0, 1.0, 0.9999999999999996, 0.9999999999999972, 0.9999999999999956, 0.9999999999999931, 0.9999999999999895, 0.9999999999999778, 0.9999999999998554, 3.1692842296995855e+274, 1.0112821108125318e+274, 2.7656554421184203e+273, 6.386394110689773e+259]","[0.9999999985033728, 0.9999998479757575, 0.9990953135144871, 0.9993694032860885, 0.9998930856043963, 0.999823155463417, 0.9999968520507931, 0.999999596727283, 0.9999999999978716, 0.9999999999986671, 0.9999999999985817, 0.9999999999936326, 0.9999999999983853, 0.9999999999980222, 0.9999999999988994, 0.9999999999982929, 2.1683023634263598e+281, 3.999571130565172e+280, 4.046806911760601e+279, 1.0041065737679048e+266]",2.228565942361983e+273,1.304363772800242e+280,"[0.009795485495149237, 0.014781972431803661, 2.4768713190466287, 10.592913475733383, 8698.876275705677, 17024.342923045428, 0.00010319377160322084, 0.00010220389738585696, 0.0015968122199881776, 11063.724319519299, 7475.409550016733, 0.018233322743554766, 0.0663686887384437, 7.46290347421604, 2.8886559180671907e-05, 269970.0667856306, 6.196678536081857e-05, 0.0014400214262014492, 0.7022144246500115, 0.22073313399210534]","[0.003146550364774056, 8.174329484954534e-05, 1.0003021968883654, 0.0027553614516481074, 32.82436516131993, 29.860353285582576, 1.49683097812891e-05, 1.0019617863243079e-05, 0.00014515730975270814, 23.14808569644157, 14.338088757813683, 0.007661405609054581, 0.057850213357533674, 0.018974495727186996, 0.0003470885869199597, 71.34966480145127, 1.0290243774556501e-05, 0.0016645869820747063, 0.012118325725626605, 0.06143516117950953]",15712.699400114976,8.634353763362888,2592.743268108,orcd,33.973376478,/home/txenakis/projects/BVPsolver/logs/array_20391846_52.err,default,GELU-scaled,650,0,/home/txenakis/projects/BVPsolver/logs/array_20391846_52.out,none,derivmatch,pollu,fast,15,exact,0.0,1000,0.0,0.0,2026-08-13T22:55:53.641,collocation,2626.716644586,1,3,30000,32,150,False,,,,,
run_yjGnOC3L,,,,,,,,,,,,,0.0,orcd,37.055468587,/home/txenakis/projects/BVPsolver/logs/array_20140853_114.err,default,stiff,318,0,/home/txenakis/projects/BVPsolver/logs/array_20140853_114.out,none,derivmatch,rober,fast,15,,0.0,1000,734.239393325,0.0,2026-08-11T01:55:27.159,shooting,771.294861912,1,2,10000,12,150,False,,,,,
run_ymsRpwaq,"[0.2140858998630332, 68.13705553232458]","[0.3652780558951259, 0.256222213059135]",34.17557071609381,0.31075013447713046,"[1.436163550968426, 0.8272709847289196]","[24.12056299736634, 0.699262862854182]",1.1317172678486729,12.409912930110261,"[1.1145381883448073, 38.35509220644244]","[1.0427385887856073, 1.000017675027972]",19.734815197393626,1.0213781319067896,23.607074457,orcd,28.598758893,/home/txenakis/projects/BVPsolver/logs/array_20391846_194.err,default,GELU-scaled,177,0,/home/txenakis/projects/BVPsolver/logs/array_20391846_194.out,none,derivmatch,vanderpol,fast,12,exact,0.0,1000,0.0,0.0,2026-08-13T22:57:51.692,collocation,52.20583335,1,2,10000,12,150,True,,,,,
run_ypmqDRrd,"[101860.05316097049, 2921185627.3922033, 100870.41350198987]","[0.13807413712434155, 0.9406119223469558, 0.836461008451463]",973796119.2862889,0.6383823559742534,"[1.0, 1.0, 1.0]","[0.9996668235516972, 0.9999999999999776, 1.454547967389882]",1.0,1.1514049303138523,"[1.3964977582818646e+20, 8.14414343770377e+24, 7.749251654621911e+17]","[0.7185480157246599, 3384.6517172834574, 13.434456043712796]",2.7147612874682545e+24,1132.9349071142983,0.0,orcd,28.55502195,/home/txenakis/projects/BVPsolver/logs/array_20391846_114.err,default,GELU-scaled,188,0,/home/txenakis/projects/BVPsolver/logs/array_20391846_114.out,none,derivmatch,rober,fast,12,exact,0.0,1000,0.0,0.0,2026-08-13T22:35:36.409,none,28.55502195,1,2,10000,12,150,False,,,,,
run_yqgj4kou,"[353.40911563617385, 0.14658299010801315, 0.5154306338319605]","[1.0937915911894565, 0.33429721070634627, 0.7261157064647382]",118.02370975337128,0.7180681694535136,"[0.9992390322260025, 0.8525192147729318, 1.5041440524599716]","[0.9991414761647284, 0.9271284565174882, 0.8883414100714082]",1.1186340998196354,0.9382037809178749,"[1.0071509183355207, 1.2917894328348074, 12.087194226937076]","[0.9928836177230888, 0.011154599349679323, 0.006709905213836638]",4.795378192702468,0.33691604076220155,0.0,orcd,0.0,/home/txenakis/projects/BVPsolver/logs/array_20391846_271.err,default,stiff,486,0,/home/txenakis/projects/BVPsolver/logs/array_20391846_271.out,none,none,orego,fast,11,exact,0.0,1000,3888.155189671,0.0,2026-08-14T00:43:06.977,shooting,3888.155189671,1,2,10000,16,150,False,,,,,
run_yrODFEKC,"[0.07430154053105792, 0.03450721039016668, 15825.075640349476, 2.760217555068573, 18.336253124353956, 27.91209949864558, 0.028248424841839915, 0.0820397179523461, 0.0864494224308789, 19.175650314105038, 34.38276511507763, 0.12543618741879436, 5.486875211216444, 0.06747754480112426, 0.013107045360298808, 2567769831.6268754, 0.0878962310286526, 0.1072684933276465, 0.0033162890622958296, 0.010813103612474582]","[1.550155956636577e-05, 1.3693340683658873e-05, 0.9957503535214768, 2.0134749540609478e-05, 3.930877693616545e-05, 0.0001930445053609381, 6.413068789972355e-05, 6.795401887818877e-05, 9.546841012663022e-05, 0.0005204287807357792, 0.00028057474318131143, 0.00010588085486179883, 0.00028697004089287594, 0.00015818534941767422, 4.167611754642372e-05, 0.9999999549666665, 9.506098434708614e-05, 9.550804017680488e-05, 0.0011295286223195228, 0.0007617518493602354]",128389288.27386191,0.09998675549599877,"[0.9999999991309709, 0.9999998690879351, 0.9998837881315255, 0.9998560438813784, 0.9997509583618617, 0.9994178702833612, 0.9991128307956602, 0.9851491424855565, 0.9932360667995731, 0.947742338769278, 0.46745339826772625, 0.14238173741035914, 0.009423780878101834, 1.446240617110523, 27.37779199104119, 1091.9871693822129, 2.919230367942609e+303, 2.2062441017350518e+303, 8.692562796533732e+302, 2.748765253796107e+301]","[0.9999999984346927, 0.9999735581665912, 0.9728094973080669, 0.9888338299346077, 0.9954250789896908, 0.9920636030020904, 0.9863900857216323, 0.8146155856650926, 0.8336280359447941, 0.5838490332976252, 0.7131045637450313, 0.5787018363914961, 0.125956141590692, 0.1216855055746397, 8.33593899620182, 8961.048385854205, 3.153045878737792e+303, 5.850681640997875e+302, 3.860124864589251e+301, 1.6098938859840507e+300]",3.0111092009344975e+302,1.8891625926847283e+302,"[0.0006846302857548962, 0.0002572942050808138, 0.011017132306271153, 0.007704539888814301, 0.004731499620530634, 0.018089473752473408, 0.00028239539072679235, 3.813266926116764e-05, 0.0007467051303055429, 0.013917750612993197, 0.0217993397248685, 0.005067306618546204, 0.0216419472673073, 0.0006071484488993792, 0.0008795243195535, 0.03247329260595833, 0.00017886300475584074, 0.004633579603072631, 5.024831677197218e-05, 0.0005373534952595214]","[0.00019060331833620973, 3.4312678015623664e-06, 0.0018528390727151783, 1.914173726559106e-05, 0.0002341291904583325, 0.0008591060538081455, 4.843217275508341e-08, 2.8286905438189548e-09, 9.15696133161729e-08, 0.000971320879099274, 0.001008661896230924, 1.3155898595490193e-05, 5.0323769599282366e-05, 9.385643233313982e-05, 2.2984882419801066e-06, 0.13353165196924766, 1.4145794197874573e-08, 1.0950920948113512e-05, 0.0009731168386235803, 8.927702429305874e-06]",0.007266907863360253,0.006991183620600229,0.0,orcd,46.786729451,/home/txenakis/projects/BVPsolver/logs/array_20391846_4.err,default,stiff,4744,0,/home/txenakis/projects/BVPsolver/logs/array_20391846_4.out,none,derivmatch,pollu,fast,15,exact,0.0,1000,0.0,0.0,2026-08-13T22:11:10.700,none,46.786729451,1,3,30000,32,150,False,,,,,
run_ytGFS1WA,,,,,,,,,,,,,0.0,orcd,26.80310064,/home/txenakis/projects/BVPsolver/logs/array_20198490_498.err,default,GELU-scaled,188,0,/home/txenakis/projects/BVPsolver/logs/array_20198490_498.out,none,derivmatch,orego,fast,14,,0.0,1000,1542.864277798,0.0,2026-08-11T13:41:14.566,shooting,1569.667378438,1,2,10000,16,150,False,,,,,
run_yuHT5UMW,"[698541.2743287657, 91714.54138729653, 4736.212579795921, 3915.7280785088337, 1185.407915784008, 1570.3234070123751, 1.0028633551730477, 1.0272111483129982]","[0.12541497111010438, 0.3142975474588744, 0.15460308069758014, 0.4199398389236923, 0.16025962056657775, 0.05997154666286907, 0.4927007460629083, 0.389063644441188]",100208.18972145837,0.26453137449047426,"[0.9978663360699481, 0.9992870115291497, 0.9991594460904998, 1.0, 1.0, 1.0, 1.0, 0.9983603649408944]","[0.9926554717173892, 0.9394670232615272, 0.9996399716381537, 0.9999999139277457, 1.0, 0.9999999999999999, 1.0, 0.9999999938966396]",0.9993341448288114,0.991470296805182,"[79897.16897129445, 141404.4021592106, 14876.14658871612, 4311.905404345359, 48619.35471602548, 118394.08222894494, 17.1228507895681, 0.9267335776658944]","[0.08050275704636031, 0.8370028850030804, 0.031070499325411307, 0.055179563258458283, 0.003421088189617315, 0.001355452868821511, 0.02243223871609721, 0.022368885618116237]",50940.13870661303,0.13166667125324533,0.0,orcd,27.89762053,/home/txenakis/projects/BVPsolver/logs/array_20391846_253.err,default,GELU-scaled,243,0,/home/txenakis/projects/BVPsolver/logs/array_20391846_253.out,none,derivmatch,hires,fast,13,exact,0.0,1000,1204.022386979,0.0,2026-08-13T23:52:51.662,shooting,1231.920007509,1,2,10000,16,150,False,qr,,,,
run_z3rvkXOa,"[0.029611533915368568, 24.402293492115398]","[0.043966675903328, 0.12827350677660357]",12.215952513015383,0.08612009133996579,"[0.4350661067892406, 0.8574189662585404]","[0.5303135044004778, 0.5386299832429009]",0.6462425365238905,0.5344717438216893,"[149.42145780347695, 193204.83907767344]","[12.539402201570311, 0.9845456287379616]",96677.13026773847,6.761973915154137,0.0,orcd,46.393432241,/home/txenakis/projects/BVPsolver/logs/array_20391846_186.err,default,GELU-scaled,177,0,/home/txenakis/projects/BVPsolver/logs/array_20391846_186.out,none,derivmatch,vanderpol,fast,14,exact,0.0,1000,0.0,0.0,2026-08-13T22:55:36.907,none,46.393432241,1,2,10000,12,150,True,,,,,
run_z65bHvHN,,,,,,,,,,,,,0.0,orcd,0.0,/home/txenakis/projects/BVPsolver/logs/array_heavy_20252509_82.err,default,GELU-scaled,177,0,/home/txenakis/projects/BVPsolver/logs/array_heavy_20252509_82.out,none,none,vanderpol,fast,13,,1150.877302895,1000,0.0,0.0,2026-08-12T12:35:09.081,shapovalova,1150.877302895,1,2,10000,12,150,True,,,,,
run_z9WJzsTs,,,,,,,,,,,,,0.0,orcd,26.452530516,/home/txenakis/projects/BVPsolver/logs/array_heavy_20252509_147.err,default,GELU-scaled,188,0,/home/txenakis/projects/BVPsolver/logs/array_heavy_20252509_147.out,none,derivmatch,orego,fast,13,exact,7.633802658,1000,0.0,0.0,2026-08-12T13:34:31.621,shapovalova,34.086333173999996,1,2,10000,16,150,False,,,,,
run_zAnvyT2H,,,,,,,,,,,,,0.0,orcd,0.0,/home/txenakis/projects/BVPsolver/logs/array_20198490_386.err,default,GELU-scaled,243,0,/home/txenakis/projects/BVPsolver/logs/array_20198490_386.out,none,none,hires,fast,12,,0.0,1000,415.665557069,0.0,2026-08-11T10:27:12.857,shooting,415.665557069,1,2,10000,16,150,False,qr,,,,
run_zImoq2qe,,,,,,,,,,,,,30.361771189,orcd,0.0,/home/txenakis/projects/BVPsolver/logs/array_20140853_272.err,default,mlp,218,0,/home/txenakis/projects/BVPsolver/logs/array_20140853_272.out,none,none,vanderpol,fast,13,,0.0,1000,0.0,0.0,2026-08-11T03:03:49.079,collocation,30.361771189,1,2,10000,12,150,True,,,,,
run_zOHMI8L3,"[0.24034024899113432, 172.7039210619771]","[2.023952334807248e-06, 3.909056986403966e-08]",86.47213065548412,1.0315214523356439e-06,"[0.9801654678072659, 0.9859687647854353]","[0.4350696094697075, 0.6616980459908497]",0.9830671162963506,0.5483838277302786,"[3339.9888138270703, 338.65451893091887]","[4.5506117306952976e-12, 5.888661828532083e-11]",1839.3216663789947,3.171861500800807e-11,86.155009715,orcd,28.04277042,/home/txenakis/projects/BVPsolver/logs/array_20391846_414.err,default,GELU-scaled,177,0,/home/txenakis/projects/BVPsolver/logs/array_20391846_414.out,none,derivmatch,davis-skodje,fast,14,exact,0.0,1000,0.0,0.0,2026-08-14T00:22:52.872,collocation,114.197780135,3,2,10000,12,150,False,,,,,
run_zUoNrtJ6,"[7816554850.691608, 1.2337229622310994e+20, 5883328414.851134]","[974.190734168657, 217.0557489087674, 148.54729627126787]",4.112409874560328e+19,446.59792644956406,"[0.9998302450184849, 14779356.384841243, 2.231234373322029e+31]","[0.9991728495714841, 30.882037071483314, 8.263800689421412e+29]",7.437447911073429e+30,2.7546002298071373e+29,"[0.8555884528477657, 136155.56101363295, 0.7418155683365754]","[0.19723035157669466, 239.39096796604207, 0.5136116388054989]",45385.71947255138,80.03393665214142,0.0,orcd,0.0,/home/txenakis/projects/BVPsolver/logs/array_20391846_78.err,default,mlp,243,0,/home/txenakis/projects/BVPsolver/logs/array_20391846_78.out,none,none,rober,fast,11,exact,0.0,1000,226.220623767,0.0,2026-08-13T22:27:51.146,shooting,226.220623767,1,2,10000,12,150,False,,,,,
run_zbx0e5yT,,,,,,,,,,,,,0.0,orcd,0.0,/home/txenakis/projects/BVPsolver/logs/array_20198490_421.err,default,stiff,486,0,/home/txenakis/projects/BVPsolver/logs/array_20198490_421.out,none,none,orego,fast,12,,0.0,1000,2079.943379758,0.0,2026-08-11T11:29:06.404,shooting,2079.943379758,1,2,10000,16,150,False,,,,,
run_zf4db1q4,,,,,,,,,,,,,0.0,orcd,26.41661949,/home/txenakis/projects/BVPsolver/logs/array_heavy_20252509_145.err,default,GELU-scaled,188,0,/home/txenakis/projects/BVPsolver/logs/array_heavy_20252509_145.out,none,derivmatch,orego,fast,11,exact,7.650512253,1000,0.0,0.0,2026-08-12T13:34:31.557,shapovalova,34.067131743,1,2,10000,16,150,False,,,,,
run_zjMO4xdN,,,,,,,,,,,,,0.0,orcd,24.787623381,/home/txenakis/projects/BVPsolver/logs/array_20140853_254.err,default,mlp,218,0,/home/txenakis/projects/BVPsolver/logs/array_20140853_254.out,none,derivmatch,vanderpol,fast,15,,0.0,1000,3857.595567515,0.0,2026-08-11T03:56:15.613,shooting,3882.3831908959996,1,2,10000,12,150,True,,,,,
run_zk4zEEZf,,,,,,,,,,,,,0.0,orcd,0.0,/home/txenakis/projects/BVPsolver/logs/array_20140853_70.err,default,GELU-scaled,650,0,/home/txenakis/projects/BVPsolver/logs/array_20140853_70.out,none,none,pollu,fast,11,,0.0,1000,4578.228441778,0.0,2026-08-11T01:18:33.726,shooting,4578.228441778,1,3,30000,32,150,False,,,,,
run_zko0pXYa,,,,,,,,,,,,,0.0,orcd,0.0,/home/txenakis/projects/BVPsolver/logs/array_heavy_20252509_142.err,default,GELU-scaled,188,0,/home/txenakis/projects/BVPsolver/logs/array_heavy_20252509_142.out,none,none,orego,fast,13,exact,8.600693482,1000,0.0,0.0,2026-08-12T13:33:19.600,shapovalova,8.600693482,1,2,10000,16,150,False,,,,,
run_zlN3nTj1,,,,,,,,,,,,,13.81498366,orcd,24.031491231,/home/txenakis/projects/BVPsolver/logs/array_20140853_170.err,default,mlp,243,0,/home/txenakis/projects/BVPsolver/logs/array_20140853_170.out,none,derivmatch,rober,fast,11,,0.0,1000,0.0,0.0,2026-08-11T02:05:27.951,collocation,37.846474891,1,2,10000,12,150,False,,,,,
run_znTCe6jh,,,,,,,,,,,,,0.0,orcd,24.473439756,/home/txenakis/projects/BVPsolver/logs/array_20198490_461.err,default,mlp,387,0,/home/txenakis/projects/BVPsolver/logs/array_20198490_461.out,none,derivmatch,orego,fast,12,,0.0,1000,476.191266822,0.0,2026-08-11T12:30:57.653,shooting,500.664706578,1,2,10000,16,150,False,,,,,
run_zqUT4Zrb,,,,,,,,,,,,,0.0,orcd,29.685788106,/home/txenakis/projects/BVPsolver/logs/array_heavy_20252509_115.err,default,GELU-scaled,243,0,/home/txenakis/projects/BVPsolver/logs/array_heavy_20252509_115.out,none,derivmatch,hires,fast,11,exact,8.887124118,1000,0.0,0.0,2026-08-12T13:28:02.130,shapovalova,38.572912224,1,2,10000,16,150,False,qr,,,,
